Fact721FirstD6DC2h6/Incoming4.lean:34:29: error: don't know how to synthesize implicit argument `P`
  @Fact713Ctheta4Continuation.Incoming.Input.cycle3 S sp ?m.41 D.sphere
context:
S T : AdamsSpectralSequence
sp : CertifiedAdamsPages S
tp : CertifiedAdamsPages T
A : ModuleAction.Action S T
P : CertifiedAdamsProduct S
I : Stage2 S T sp tp
M : ExtraSource.Meaning I A
D : Input I M
⊢ CertifiedAdamsProduct S
Fact721FirstD6DC2h6/Incoming4.lean:34:29: error: don't know how to synthesize implicit argument `P`
  @sphere S T sp tp A ?m.41 I ⋯ D
context:
S T : AdamsSpectralSequence
sp : CertifiedAdamsPages S
tp : CertifiedAdamsPages T
A : ModuleAction.Action S T
P : CertifiedAdamsProduct S
I : Stage2 S T sp tp
M : ExtraSource.Meaning I A
D : Input I M
⊢ CertifiedAdamsProduct S
Fact721FirstD6DC2h6/Incoming4.lean:34:2: error: don't know how to synthesize implicit argument `P`
  @map S T sp tp A ?m.41 I ⋯ D
context:
S T : AdamsSpectralSequence
sp : CertifiedAdamsPages S
tp : CertifiedAdamsPages T
A : ModuleAction.Action S T
P : CertifiedAdamsProduct S
I : Stage2 S T sp tp
M : ExtraSource.Meaning I A
D : Input I M
⊢ CertifiedAdamsProduct S
Fact721FirstD6DC2h6/Incoming4.lean:30:79: error: don't know how to synthesize implicit argument `P`
  @Input S T sp tp A ?m.41 I ⋯
context:
S T : AdamsSpectralSequence
sp : CertifiedAdamsPages S
tp : CertifiedAdamsPages T
A : ModuleAction.Action S T
P : CertifiedAdamsProduct S
I : Stage2 S T sp tp
M : ExtraSource.Meaning I A
⊢ CertifiedAdamsProduct S
Fact721FirstD6DC2h6/Incoming4.lean:36:66: error(lean.invalidField): Invalid field `sphereCycle`: The environment does not contain `Fact721FirstD6DC2h6.Incoming4.Input.sphereCycle`, so it is not possible to project the field `sphereCycle` from an expression
  D
of type `Input I M`
Fact721FirstD6DC2h6/Incoming4.lean:36:0: error: internal exception #3
Fact721FirstD6DC2h6/Incoming4.lean:40:58: error(lean.invalidField): Invalid field `sphereCycle`: The environment does not contain `Fact721FirstD6DC2h6.Incoming4.Input.sphereCycle`, so it is not possible to project the field `sphereCycle` from an expression
  D
of type `Input I M`
Fact721FirstD6DC2h6/Incoming4.lean:39:0: error: internal exception #3
Fact721FirstD6DC2h6/Incoming4.lean:48:67: error(lean.invalidField): Invalid field `sphereCycle`: The environment does not contain `Fact721FirstD6DC2h6.Incoming4.Input.sphereCycle`, so it is not possible to project the field `sphereCycle` from an expression
  D
of type `Input I M`
Fact721FirstD6DC2h6/Incoming4.lean:54:55: error: unknown metavariable `?_uniq.3514`
Fact721FirstD6DC2h6/Incoming4.lean:44:0: error: internal exception #3
Fact721FirstD6DC2h6/Incoming4.lean:65:57: error: unknown metavariable `?_uniq.5650`
Fact721FirstD6DC2h6/Incoming4.lean:60:0: error: internal exception #3
PANIC at Lean.MetavarContext.getDecl Lean.MetavarContext:482:17: unknown metavariable _uniq.5650
backtrace:
/inspire/hdd/global_user/baokangjie-CZXS25250151/.elan/toolchains/leanprover--lean4---v4.32.2/bin/../lib/lean/libleanshared.so(+0x93331f5) [0x7f230b7181f5]
/inspire/hdd/global_user/baokangjie-CZXS25250151/.elan/toolchains/leanprover--lean4---v4.32.2/bin/../lib/lean/libleanshared.so(+0x932a917) [0x7f230b70f917]
/inspire/hdd/global_user/baokangjie-CZXS25250151/.elan/toolchains/leanprover--lean4---v4.32.2/bin/../lib/lean/libleanshared.so(lean_panic_fn_borrowed+0x2b) [0x7f230b70f9fb]
/inspire/hdd/global_user/baokangjie-CZXS25250151/.elan/toolchains/leanprover--lean4---v4.32.2/bin/../lib/lean/libleanshared.so(Lean.MetavarContext.MkBinding.elimMVar [private]+0x47) [0x7f2305eae067]
/inspire/hdd/global_user/baokangjie-CZXS25250151/.elan/toolchains/leanprover--lean4---v4.32.2/bin/../lib/lean/libleanshared.so(Lean.MetavarContext.MkBinding.elimApp [private]+0x618) [0x7f2305eb0458]
/inspire/hdd/global_user/baokangjie-CZXS25250151/.elan/toolchains/leanprover--lean4---v4.32.2/bin/../lib/lean/libleanshared.so(Lean.MetavarContext.MkBinding.visit [private]+0xbb) [0x7f2305eac54b]
/inspire/hdd/global_user/baokangjie-CZXS25250151/.elan/toolchains/leanprover--lean4---v4.32.2/bin/../lib/lean/libleanshared.so(Array.mapMUnsafe.map [private] spec at Lean.MetavarContext.MkBinding.elimApp+0x6d) [0x7f2305eadd8d]
/inspire/hdd/global_user/baokangjie-CZXS25250151/.elan/toolchains/leanprover--lean4---v4.32.2/bin/../lib/lean/libleanshared.so(Lean.MetavarContext.MkBinding.elimApp [private]+0x6c6) [0x7f2305eb0506]
/inspire/hdd/global_user/baokangjie-CZXS25250151/.elan/toolchains/leanprover--lean4---v4.32.2/bin/../lib/lean/libleanshared.so(Lean.MetavarContext.MkBinding.visit [private]+0xbb) [0x7f2305eac54b]
/inspire/hdd/global_user/baokangjie-CZXS25250151/.elan/toolchains/leanprover--lean4---v4.32.2/bin/../lib/lean/libleanshared.so(Lean.MetavarContext.MkBinding.elim [private]+0x789) [0x7f2305ead049]
/inspire/hdd/global_user/baokangjie-CZXS25250151/.elan/toolchains/leanprover--lean4---v4.32.2/bin/../lib/lean/libleanshared.so(Lean.MetavarContext.MkBinding.visit [private]+0xbb) [0x7f2305eac54b]
/inspire/hdd/global_user/baokangjie-CZXS25250151/.elan/toolchains/leanprover--lean4---v4.32.2/bin/../lib/lean/libleanshared.so(Array.mapMUnsafe.map [private] spec at Lean.MetavarContext.MkBinding.elimApp+0x6d) [0x7f2305eadd8d]
/inspire/hdd/global_user/baokangjie-CZXS25250151/.elan/toolchains/leanprover--lean4---v4.32.2/bin/../lib/lean/libleanshared.so(Lean.MetavarContext.MkBinding.elimApp [private]+0x6c6) [0x7f2305eb0506]
/inspire/hdd/global_user/baokangjie-CZXS25250151/.elan/toolchains/leanprover--lean4---v4.32.2/bin/../lib/lean/libleanshared.so(Lean.MetavarContext.MkBinding.visit [private]+0xbb) [0x7f2305eac54b]
/inspire/hdd/global_user/baokangjie-CZXS25250151/.elan/toolchains/leanprover--lean4---v4.32.2/bin/../lib/lean/libleanshared.so(Array.mapMUnsafe.map [private] spec at Lean.MetavarContext.MkBinding.elimApp+0x6d) [0x7f2305eadd8d]
/inspire/hdd/global_user/baokangjie-CZXS25250151/.elan/toolchains/leanprover--lean4---v4.32.2/bin/../lib/lean/libleanshared.so(Lean.MetavarContext.MkBinding.elimApp [private]+0x6c6) [0x7f2305eb0506]
/inspire/hdd/global_user/baokangjie-CZXS25250151/.elan/toolchains/leanprover--lean4---v4.32.2/bin/../lib/lean/libleanshared.so(Lean.MetavarContext.MkBinding.visit [private]+0xbb) [0x7f2305eac54b]
/inspire/hdd/global_user/baokangjie-CZXS25250151/.elan/toolchains/leanprover--lean4---v4.32.2/bin/../lib/lean/libleanshared.so(Array.mapMUnsafe.map [private] spec at Lean.MetavarContext.MkBinding.elimApp+0x6d) [0x7f2305eadd8d]
/inspire/hdd/global_user/baokangjie-CZXS25250151/.elan/toolchains/leanprover--lean4---v4.32.2/bin/../lib/lean/libleanshared.so(Lean.MetavarContext.MkBinding.elimApp [private]+0x6c6) [0x7f2305eb0506]
/inspire/hdd/global_user/baokangjie-CZXS25250151/.elan/toolchains/leanprover--lean4---v4.32.2/bin/../lib/lean/libleanshared.so(Lean.MetavarContext.MkBinding.elimMVarDeps+0x15e) [0x7f2305eb308e]
/inspire/hdd/global_user/baokangjie-CZXS25250151/.elan/toolchains/leanprover--lean4---v4.32.2/bin/../lib/lean/libleanshared.so(Nat.foldRevM.loop [arity↓, private] spec at Lean.MetavarContext.MkBinding.mkBinding+0x99b) [0x7f2305eb467b]
/inspire/hdd/global_user/baokangjie-CZXS25250151/.elan/toolchains/leanprover--lean4---v4.32.2/bin/../lib/lean/libleanshared.so(Lean.MetavarContext.MkBinding.mkBinding+0x232) [0x7f2305eb5472]
/inspire/hdd/global_user/baokangjie-CZXS25250151/.elan/toolchains/leanprover--lean4---v4.32.2/bin/../lib/lean/libleanshared.so(Lean.MetavarContext.mkBinding+0x12f) [0x7f2305eb5c3f]
/inspire/hdd/global_user/baokangjie-CZXS25250151/.elan/toolchains/leanprover--lean4---v4.32.2/bin/../lib/lean/libleanshared.so(Lean.Meta.mkLambdaFVars+0x200) [0x7f230621c870]
/inspire/hdd/global_user/baokangjie-CZXS25250151/.elan/toolchains/leanprover--lean4---v4.32.2/bin/../lib/lean/libleanshared.so(Lean.Meta.mkLetFVars+0x32) [0x7f230621d642]
/inspire/hdd/global_user/baokangjie-CZXS25250151/.elan/toolchains/leanprover--lean4---v4.32.2/bin/../lib/lean/libleanshared.so(Lean.Elab.Term.elabLetDeclAux [λ]+0x6ff) [0x7f230775954f]
/inspire/hdd/global_user/baokangjie-CZXS25250151/.elan/toolchains/leanprover--lean4---v4.32.2/bin/../lib/lean/libleanshared.so(Lean.Elab.Term.elabLetDeclAux [boxed, λ]+0x78) [0x7f2307759c98]
/inspire/hdd/global_user/baokangjie-CZXS25250151/.elan/toolchains/leanprover--lean4---v4.32.2/bin/../lib/lean/libleanshared.so(<apply/8>+0x3bd) [0x7f230b725e0d]
/inspire/hdd/global_user/baokangjie-CZXS25250151/.elan/toolchains/leanprover--lean4---v4.32.2/bin/../lib/lean/libleanshared.so(Lean.Meta.withLocalDecl [λ, arity↓] spec at Lean.Elab.Term.checkLocalInstanceParameters+0x7b) [0x7f2307729e0b]
/inspire/hdd/global_user/baokangjie-CZXS25250151/.elan/toolchains/leanprover--lean4---v4.32.2/bin/../lib/lean/libleanshared.so(Lean.Meta.withLocalDecl [boxed, λ, arity↓] spec at Lean.Elab.Term.checkLocalInstanceParameters+0x29) [0x7f2307729e69]
/inspire/hdd/global_user/baokangjie-CZXS25250151/.elan/toolchains/leanprover--lean4---v4.32.2/bin/../lib/lean/libleanshared.so(<apply/6>+0x6f7) [0x7f230b723927]
/inspire/hdd/global_user/baokangjie-CZXS25250151/.elan/toolchains/leanprover--lean4---v4.32.2/bin/../lib/lean/libleanshared.so(Lean.Meta.withNewFVar [arity↓, private]+0x321) [0x7f2306239ef1]
/inspire/hdd/global_user/baokangjie-CZXS25250151/.elan/toolchains/leanprover--lean4---v4.32.2/bin/../lib/lean/libleanshared.so(Lean.Meta.withLetDeclImp [arity↓, private]+0x319) [0x7f230623f609]
/inspire/hdd/global_user/baokangjie-CZXS25250151/.elan/toolchains/leanprover--lean4---v4.32.2/bin/../lib/lean/libleanshared.so(Lean.Meta.withLetDeclImp [private]+0x34) [0x7f230623fa24]
/inspire/hdd/global_user/baokangjie-CZXS25250151/.elan/toolchains/leanprover--lean4---v4.32.2/bin/../lib/lean/libleanshared.so(Lean.Meta.withLetDecl [arity↓] spec at Lean.Elab.Term.elabLetDeclAux+0xc9) [0x7f2307752ce9]
/inspire/hdd/global_user/baokangjie-CZXS25250151/.elan/toolchains/leanprover--lean4---v4.32.2/bin/../lib/lean/libleanshared.so(Lean.Elab.Term.elabLetDeclAux+0xf6b) [0x7f230775ad1b]
/inspire/hdd/global_user/baokangjie-CZXS25250151/.elan/toolchains/leanprover--lean4---v4.32.2/bin/../lib/lean/libleanshared.so(Lean.Elab.Term.elabLetDeclCore+0xc1d) [0x7f230775e7dd]
/inspire/hdd/global_user/baokangjie-CZXS25250151/.elan/toolchains/leanprover--lean4---v4.32.2/bin/../lib/lean/libleanshared.so(Lean.Elab.Term.elabHaveDecl [boxed]+0x3f) [0x7f230776083f]
/inspire/hdd/global_user/baokangjie-CZXS25250151/.elan/toolchains/leanprover--lean4---v4.32.2/bin/../lib/lean/libleanshared.so(<apply/9>+0x22f) [0x7f230b726d9f]
/inspire/hdd/global_user/baokangjie-CZXS25250151/.elan/toolchains/leanprover--lean4---v4.32.2/bin/../lib/lean/libleanshared.so(Lean.Elab.Term.elabUsingElabFnsAux [λ, private]+0xed) [0x7f230754937d]
/inspire/hdd/global_user/baokangjie-CZXS25250151/.elan/toolchains/leanprover--lean4---v4.32.2/bin/../lib/lean/libleanshared.so(Lean.Elab.Term.elabUsingElabFnsAux [boxed, λ, private]+0x39) [0x7f2307549d89]
/inspire/hdd/global_user/baokangjie-CZXS25250151/.elan/toolchains/leanprover--lean4---v4.32.2/bin/../lib/lean/libleanshared.so(<apply/7>+0x9dd) [0x7f230b7250fd]
/inspire/hdd/global_user/baokangjie-CZXS25250151/.elan/toolchains/leanprover--lean4---v4.32.2/bin/../lib/lean/libleanshared.so(Lean.Elab.withInfoContext' [arity↓] spec at Lean.Elab.Term.addTermInfo+0x176) [0x7f2307547306]
/inspire/hdd/global_user/baokangjie-CZXS25250151/.elan/toolchains/leanprover--lean4---v4.32.2/bin/../lib/lean/libleanshared.so(Lean.Elab.Term.withInfoContext'+0x140) [0x7f23075486c0]
/inspire/hdd/global_user/baokangjie-CZXS25250151/.elan/toolchains/leanprover--lean4---v4.32.2/bin/../lib/lean/libleanshared.so(Lean.Elab.Term.withTermInfoContext'+0x156) [0x7f2307548e06]
/inspire/hdd/global_user/baokangjie-CZXS25250151/.elan/toolchains/leanprover--lean4---v4.32.2/bin/../lib/lean/libleanshared.so(Lean.Elab.Term.elabUsingElabFnsAux [private]+0x238) [0x7f230754a098]
/inspire/hdd/global_user/baokangjie-CZXS25250151/.elan/toolchains/leanprover--lean4---v4.32.2/bin/../lib/lean/libleanshared.so(Lean.Elab.Term.elabUsingElabFns [private]+0x214) [0x7f230754ab74]
/inspire/hdd/global_user/baokangjie-CZXS25250151/.elan/toolchains/leanprover--lean4---v4.32.2/bin/../lib/lean/libleanshared.so(Lean.Elab.Term.elabTermAux [λ, private]+0x4277) [0x7f23075638f7]
/inspire/hdd/global_user/baokangjie-CZXS25250151/.elan/toolchains/leanprover--lean4---v4.32.2/bin/../lib/lean/libleanshared.so(Lean.Elab.Term.elabTermAux [boxed, λ, private]+0xa7) [0x7f2307565e97]
/inspire/hdd/global_user/baokangjie-CZXS25250151/.elan/toolchains/leanprover--lean4---v4.32.2/bin/../lib/lean/libleanshared.so(<apply/3>+0x2ad) [0x7f230b71ec7d]
/inspire/hdd/global_user/baokangjie-CZXS25250151/.elan/toolchains/leanprover--lean4---v4.32.2/bin/../lib/lean/libleanshared.so(Lean.Elab.Term.elabTerm+0x2d1) [0x7f2307567f01]
/inspire/hdd/global_user/baokangjie-CZXS25250151/.elan/toolchains/leanprover--lean4---v4.32.2/bin/../lib/lean/libleanshared.so(Lean.Elab.Term.elabNoImplicitLambda+0xe8) [0x7f23080c9d78]
/inspire/hdd/global_user/baokangjie-CZXS25250151/.elan/toolchains/leanprover--lean4---v4.32.2/bin/../lib/lean/libleanshared.so(Lean.Elab.Term.elabNoImplicitLambda [boxed]+0x2c) [0x7f23080c9ddc]
/inspire/hdd/global_user/baokangjie-CZXS25250151/.elan/toolchains/leanprover--lean4---v4.32.2/bin/../lib/lean/libleanshared.so(<apply/9>+0x22f) [0x7f230b726d9f]
/inspire/hdd/global_user/baokangjie-CZXS25250151/.elan/toolchains/leanprover--lean4---v4.32.2/bin/../lib/lean/libleanshared.so(Lean.Elab.Term.elabUsingElabFnsAux [λ, private]+0xed) [0x7f230754937d]
/inspire/hdd/global_user/baokangjie-CZXS25250151/.elan/toolchains/leanprover--lean4---v4.32.2/bin/../lib/lean/libleanshared.so(Lean.Elab.Term.elabUsingElabFnsAux [boxed, λ, private]+0x39) [0x7f2307549d89]
/inspire/hdd/global_user/baokangjie-CZXS25250151/.elan/toolchains/leanprover--lean4---v4.32.2/bin/../lib/lean/libleanshared.so(<apply/7>+0x9dd) [0x7f230b7250fd]
/inspire/hdd/global_user/baokangjie-CZXS25250151/.elan/toolchains/leanprover--lean4---v4.32.2/bin/../lib/lean/libleanshared.so(Lean.Elab.withInfoContext' [arity↓] spec at Lean.Elab.Term.addTermInfo+0x176) [0x7f2307547306]
/inspire/hdd/global_user/baokangjie-CZXS25250151/.elan/toolchains/leanprover--lean4---v4.32.2/bin/../lib/lean/libleanshared.so(Lean.Elab.Term.withInfoContext'+0x140) [0x7f23075486c0]
/inspire/hdd/global_user/baokangjie-CZXS25250151/.elan/toolchains/leanprover--lean4---v4.32.2/bin/../lib/lean/libleanshared.so(Lean.Elab.Term.withTermInfoContext'+0x156) [0x7f2307548e06]
/inspire/hdd/global_user/baokangjie-CZXS25250151/.elan/toolchains/leanprover--lean4---v4.32.2/bin/../lib/lean/libleanshared.so(Lean.Elab.Term.elabUsingElabFnsAux [private]+0x238) [0x7f230754a098]
/inspire/hdd/global_user/baokangjie-CZXS25250151/.elan/toolchains/leanprover--lean4---v4.32.2/bin/../lib/lean/libleanshared.so(Lean.Elab.Term.elabUsingElabFns [private]+0x214) [0x7f230754ab74]
/inspire/hdd/global_user/baokangjie-CZXS25250151/.elan/toolchains/leanprover--lean4---v4.32.2/bin/../lib/lean/libleanshared.so(Lean.Elab.Term.elabTermAux [λ, private]+0x4277) [0x7f23075638f7]
/inspire/hdd/global_user/baokangjie-CZXS25250151/.elan/toolchains/leanprover--lean4---v4.32.2/bin/../lib/lean/libleanshared.so(Lean.Elab.Term.elabTermAux [boxed, λ, private]+0xa7) [0x7f2307565e97]
/inspire/hdd/global_user/baokangjie-CZXS25250151/.elan/toolchains/leanprover--lean4---v4.32.2/bin/../lib/lean/libleanshared.so(<apply/3>+0x2ad) [0x7f230b71ec7d]
/inspire/hdd/global_user/baokangjie-CZXS25250151/.elan/toolchains/leanprover--lean4---v4.32.2/bin/../lib/lean/libleanshared.so(Lean.Elab.Term.elabTerm+0x2d1) [0x7f2307567f01]
/inspire/hdd/global_user/baokangjie-CZXS25250151/.elan/toolchains/leanprover--lean4---v4.32.2/bin/../lib/lean/libleanshared.so(Lean.Elab.Term.elabTerm [boxed]+0x3b) [0x7f230756830b]
/inspire/hdd/global_user/baokangjie-CZXS25250151/.elan/toolchains/leanprover--lean4---v4.32.2/bin/../lib/lean/libleanshared.so(<apply/7>+0x436) [0x7f230b724b56]
/inspire/hdd/global_user/baokangjie-CZXS25250151/.elan/toolchains/leanprover--lean4---v4.32.2/bin/../lib/lean/libleanshared.so(Lean.Elab.Tactic.runTermElab.go [arity↓, private]+0xb2) [0x7f230831cad2]
/inspire/hdd/global_user/baokangjie-CZXS25250151/.elan/toolchains/leanprover--lean4---v4.32.2/bin/../lib/lean/libleanshared.so(Lean.Elab.Tactic.runTermElab [λ, arity↓]+0x5a) [0x7f230831e4fa]
/inspire/hdd/global_user/baokangjie-CZXS25250151/.elan/toolchains/leanprover--lean4---v4.32.2/bin/../lib/lean/libleanshared.so(Lean.Elab.Tactic.runTermElab [boxed, λ, arity↓]+0x3e) [0x7f230831e61e]
/inspire/hdd/global_user/baokangjie-CZXS25250151/.elan/toolchains/leanprover--lean4---v4.32.2/bin/../lib/lean/libleanshared.so(<apply/9>+0x624) [0x7f230b727194]
/inspire/hdd/global_user/baokangjie-CZXS25250151/.elan/toolchains/leanprover--lean4---v4.32.2/bin/../lib/lean/libleanshared.so(Lean.Elab.Term.withoutTacticIncrementality [arity↓] spec at Lean.Elab.Tactic.runTermElab+0x690) [0x7f230831dd70]
/inspire/hdd/global_user/baokangjie-CZXS25250151/.elan/toolchains/leanprover--lean4---v4.32.2/bin/../lib/lean/libleanshared.so(Lean.Elab.Tactic.elabTerm+0x40f) [0x7f230831f73f]
/inspire/hdd/global_user/baokangjie-CZXS25250151/.elan/toolchains/leanprover--lean4---v4.32.2/bin/../lib/lean/libleanshared.so(Lean.Elab.Tactic.elabTermEnsuringType+0x66) [0x7f230831fe46]
/inspire/hdd/global_user/baokangjie-CZXS25250151/.elan/toolchains/leanprover--lean4---v4.32.2/bin/../lib/lean/libleanshared.so(Lean.Elab.Tactic.elabTermEnsuringType [boxed]+0x3e) [0x7f2308320bfe]
/inspire/hdd/global_user/baokangjie-CZXS25250151/.elan/toolchains/leanprover--lean4---v4.32.2/bin/../lib/lean/libleanshared.so(<apply/9>+0x624) [0x7f230b727194]
/inspire/hdd/global_user/baokangjie-CZXS25250151/.elan/toolchains/leanprover--lean4---v4.32.2/bin/../lib/lean/libleanshared.so(Lean.Elab.Tactic.collectFreshMVars spec at Lean.Elab.Tactic.withCollectingNewGoalsFrom.go+0x150) [0x7f23083283d0]
/inspire/hdd/global_user/baokangjie-CZXS25250151/.elan/toolchains/leanprover--lean4---v4.32.2/bin/../lib/lean/libleanshared.so(Lean.Elab.Tactic.withCollectingNewGoalsFrom.go [private]+0x4f) [0x7f2308328aff]
/inspire/hdd/global_user/baokangjie-CZXS25250151/.elan/toolchains/leanprover--lean4---v4.32.2/bin/../lib/lean/libleanshared.so(Lean.Elab.Tactic.elabTermWithHoles+0x219) [0x7f230832ad99]
/inspire/hdd/global_user/baokangjie-CZXS25250151/.elan/toolchains/leanprover--lean4---v4.32.2/bin/../lib/lean/libleanshared.so(Lean.Elab.Tactic.refineCore [λ]+0x19b) [0x7f230832cbab]
/inspire/hdd/global_user/baokangjie-CZXS25250151/.elan/toolchains/leanprover--lean4---v4.32.2/bin/../lib/lean/libleanshared.so(Lean.Elab.Tactic.refineCore [boxed, λ]+0x3e) [0x7f230832d42e]
/inspire/hdd/global_user/baokangjie-CZXS25250151/.elan/toolchains/leanprover--lean4---v4.32.2/bin/../lib/lean/libleanshared.so(<apply/9>+0x624) [0x7f230b727194]
/inspire/hdd/global_user/baokangjie-CZXS25250151/.elan/toolchains/leanprover--lean4---v4.32.2/bin/../lib/lean/libleanshared.so(Lean.MVarId.withContext [boxed, λ, arity↓] spec at Lean.Elab.Tactic.withMainContext+0x87) [0x7f23076e4f97]
/inspire/hdd/global_user/baokangjie-CZXS25250151/.elan/toolchains/leanprover--lean4---v4.32.2/bin/../lib/lean/libleanshared.so(<apply/5>+0xa98) [0x7f230b722618]
/inspire/hdd/global_user/baokangjie-CZXS25250151/.elan/toolchains/leanprover--lean4---v4.32.2/bin/../lib/lean/libleanshared.so(Lean.Meta.withMVarContextImp [arity↓, private]+0x162) [0x7f2306244fb2]
/inspire/hdd/global_user/baokangjie-CZXS25250151/.elan/toolchains/leanprover--lean4---v4.32.2/bin/../lib/lean/libleanshared.so(Lean.MVarId.withContext [arity↓] spec at Lean.Elab.Tactic.withMainContext+0xd1) [0x7f23076e5161]
/inspire/hdd/global_user/baokangjie-CZXS25250151/.elan/toolchains/leanprover--lean4---v4.32.2/bin/../lib/lean/libleanshared.so(Lean.Elab.Tactic.withMainContext [arity↓]+0x137) [0x7f23076e5737]
/inspire/hdd/global_user/baokangjie-CZXS25250151/.elan/toolchains/leanprover--lean4---v4.32.2/bin/../lib/lean/libleanshared.so(Lean.Elab.Tactic.evalRefine [boxed]+0x35) [0x7f230832dfe5]
/inspire/hdd/global_user/baokangjie-CZXS25250151/.elan/toolchains/leanprover--lean4---v4.32.2/bin/../lib/lean/libleanshared.so(<apply/10>+0x256) [0x7f230b727d46]
/inspire/hdd/global_user/baokangjie-CZXS25250151/.elan/toolchains/leanprover--lean4---v4.32.2/bin/../lib/lean/libleanshared.so(Lean.Elab.Tactic.evalTactic.eval [λ, private]+0xf3) [0x7f23076bc283]
/inspire/hdd/global_user/baokangjie-CZXS25250151/.elan/toolchains/leanprover--lean4---v4.32.2/bin/../lib/lean/libleanshared.so(<apply/9>+0x8a3) [0x7f230b727413]
/inspire/hdd/global_user/baokangjie-CZXS25250151/.elan/toolchains/leanprover--lean4---v4.32.2/bin/../lib/lean/libleanshared.so(Lean.Elab.withInfoTreeContext [arity↓] spec at Lean.Elab.Tactic.evalTactic.eval+0x185) [0x7f23076bdf55]
/inspire/hdd/global_user/baokangjie-CZXS25250151/.elan/toolchains/leanprover--lean4---v4.32.2/bin/../lib/lean/libleanshared.so(Lean.Elab.Tactic.evalTactic.eval [λ, private]+0x206) [0x7f23076bea66]
/inspire/hdd/global_user/baokangjie-CZXS25250151/.elan/toolchains/leanprover--lean4---v4.32.2/bin/../lib/lean/libleanshared.so(Lean.Elab.Tactic.evalTactic.eval [boxed, λ, private]+0x39) [0x7f23076beba9]
/inspire/hdd/global_user/baokangjie-CZXS25250151/.elan/toolchains/leanprover--lean4---v4.32.2/bin/../lib/lean/libleanshared.so(<apply/9>+0x624) [0x7f230b727194]
/inspire/hdd/global_user/baokangjie-CZXS25250151/.elan/toolchains/leanprover--lean4---v4.32.2/bin/../lib/lean/libleanshared.so(Lean.Elab.Term.withoutTacticIncrementality [arity↓] spec at Lean.Elab.Tactic.evalTactic.eval+0x690) [0x7f23076b8d80]
/inspire/hdd/global_user/baokangjie-CZXS25250151/.elan/toolchains/leanprover--lean4---v4.32.2/bin/../lib/lean/libleanshared.so(Lean.Elab.Tactic.evalTactic.eval [private]+0x432) [0x7f23076bf682]
/inspire/hdd/global_user/baokangjie-CZXS25250151/.elan/toolchains/leanprover--lean4---v4.32.2/bin/../lib/lean/libleanshared.so(Lean.Elab.Tactic.evalTactic.expandEval [private]+0x11bd) [0x7f23076cf3cd]
/inspire/hdd/global_user/baokangjie-CZXS25250151/.elan/toolchains/leanprover--lean4---v4.32.2/bin/../lib/lean/libleanshared.so(Lean.Elab.Tactic.evalTactic [λ]+0x172a) [0x7f23076cc16a]
PANIC at Lean.MetavarContext.getDecl Lean.MetavarContext:482:17: unknown metavariable _uniq.5650
backtrace:
/inspire/hdd/global_user/baokangjie-CZXS25250151/.elan/toolchains/leanprover--lean4---v4.32.2/bin/../lib/lean/libleanshared.so(+0x93331f5) [0x7f230b7181f5]
/inspire/hdd/global_user/baokangjie-CZXS25250151/.elan/toolchains/leanprover--lean4---v4.32.2/bin/../lib/lean/libleanshared.so(+0x932a917) [0x7f230b70f917]
/inspire/hdd/global_user/baokangjie-CZXS25250151/.elan/toolchains/leanprover--lean4---v4.32.2/bin/../lib/lean/libleanshared.so(lean_panic_fn_borrowed+0x2b) [0x7f230b70f9fb]
/inspire/hdd/global_user/baokangjie-CZXS25250151/.elan/toolchains/leanprover--lean4---v4.32.2/bin/../lib/lean/libleanshared.so(Array.foldlMUnsafe.fold [private] spec at Lean.Elab.Tactic.filterOldMVars+0x8c) [0x7f230832157c]
/inspire/hdd/global_user/baokangjie-CZXS25250151/.elan/toolchains/leanprover--lean4---v4.32.2/bin/../lib/lean/libleanshared.so(Lean.Elab.Tactic.filterOldMVars [arity↓]+0x62) [0x7f23083217d2]
/inspire/hdd/global_user/baokangjie-CZXS25250151/.elan/toolchains/leanprover--lean4---v4.32.2/bin/../lib/lean/libleanshared.so(Lean.Elab.Tactic.collectFreshMVars spec at Lean.Elab.Tactic.withCollectingNewGoalsFrom.go+0x33a) [0x7f23083285ba]
/inspire/hdd/global_user/baokangjie-CZXS25250151/.elan/toolchains/leanprover--lean4---v4.32.2/bin/../lib/lean/libleanshared.so(Lean.Elab.Tactic.withCollectingNewGoalsFrom.go [private]+0x4f) [0x7f2308328aff]
/inspire/hdd/global_user/baokangjie-CZXS25250151/.elan/toolchains/leanprover--lean4---v4.32.2/bin/../lib/lean/libleanshared.so(Lean.Elab.Tactic.elabTermWithHoles+0x219) [0x7f230832ad99]
/inspire/hdd/global_user/baokangjie-CZXS25250151/.elan/toolchains/leanprover--lean4---v4.32.2/bin/../lib/lean/libleanshared.so(Lean.Elab.Tactic.refineCore [λ]+0x19b) [0x7f230832cbab]
/inspire/hdd/global_user/baokangjie-CZXS25250151/.elan/toolchains/leanprover--lean4---v4.32.2/bin/../lib/lean/libleanshared.so(Lean.Elab.Tactic.refineCore [boxed, λ]+0x3e) [0x7f230832d42e]
/inspire/hdd/global_user/baokangjie-CZXS25250151/.elan/toolchains/leanprover--lean4---v4.32.2/bin/../lib/lean/libleanshared.so(<apply/9>+0x624) [0x7f230b727194]
/inspire/hdd/global_user/baokangjie-CZXS25250151/.elan/toolchains/leanprover--lean4---v4.32.2/bin/../lib/lean/libleanshared.so(Lean.MVarId.withContext [boxed, λ, arity↓] spec at Lean.Elab.Tactic.withMainContext+0x87) [0x7f23076e4f97]
/inspire/hdd/global_user/baokangjie-CZXS25250151/.elan/toolchains/leanprover--lean4---v4.32.2/bin/../lib/lean/libleanshared.so(<apply/5>+0xa98) [0x7f230b722618]
/inspire/hdd/global_user/baokangjie-CZXS25250151/.elan/toolchains/leanprover--lean4---v4.32.2/bin/../lib/lean/libleanshared.so(Lean.Meta.withMVarContextImp [arity↓, private]+0x162) [0x7f2306244fb2]
/inspire/hdd/global_user/baokangjie-CZXS25250151/.elan/toolchains/leanprover--lean4---v4.32.2/bin/../lib/lean/libleanshared.so(Lean.MVarId.withContext [arity↓] spec at Lean.Elab.Tactic.withMainContext+0xd1) [0x7f23076e5161]
/inspire/hdd/global_user/baokangjie-CZXS25250151/.elan/toolchains/leanprover--lean4---v4.32.2/bin/../lib/lean/libleanshared.so(Lean.Elab.Tactic.withMainContext [arity↓]+0x137) [0x7f23076e5737]
/inspire/hdd/global_user/baokangjie-CZXS25250151/.elan/toolchains/leanprover--lean4---v4.32.2/bin/../lib/lean/libleanshared.so(Lean.Elab.Tactic.evalRefine [boxed]+0x35) [0x7f230832dfe5]
/inspire/hdd/global_user/baokangjie-CZXS25250151/.elan/toolchains/leanprover--lean4---v4.32.2/bin/../lib/lean/libleanshared.so(<apply/10>+0x256) [0x7f230b727d46]
/inspire/hdd/global_user/baokangjie-CZXS25250151/.elan/toolchains/leanprover--lean4---v4.32.2/bin/../lib/lean/libleanshared.so(Lean.Elab.Tactic.evalTactic.eval [λ, private]+0xf3) [0x7f23076bc283]
/inspire/hdd/global_user/baokangjie-CZXS25250151/.elan/toolchains/leanprover--lean4---v4.32.2/bin/../lib/lean/libleanshared.so(<apply/9>+0x8a3) [0x7f230b727413]
/inspire/hdd/global_user/baokangjie-CZXS25250151/.elan/toolchains/leanprover--lean4---v4.32.2/bin/../lib/lean/libleanshared.so(Lean.Elab.withInfoTreeContext [arity↓] spec at Lean.Elab.Tactic.evalTactic.eval+0x185) [0x7f23076bdf55]
/inspire/hdd/global_user/baokangjie-CZXS25250151/.elan/toolchains/leanprover--lean4---v4.32.2/bin/../lib/lean/libleanshared.so(Lean.Elab.Tactic.evalTactic.eval [λ, private]+0x206) [0x7f23076bea66]
/inspire/hdd/global_user/baokangjie-CZXS25250151/.elan/toolchains/leanprover--lean4---v4.32.2/bin/../lib/lean/libleanshared.so(Lean.Elab.Tactic.evalTactic.eval [boxed, λ, private]+0x39) [0x7f23076beba9]
/inspire/hdd/global_user/baokangjie-CZXS25250151/.elan/toolchains/leanprover--lean4---v4.32.2/bin/../lib/lean/libleanshared.so(<apply/9>+0x624) [0x7f230b727194]
/inspire/hdd/global_user/baokangjie-CZXS25250151/.elan/toolchains/leanprover--lean4---v4.32.2/bin/../lib/lean/libleanshared.so(Lean.Elab.Term.withoutTacticIncrementality [arity↓] spec at Lean.Elab.Tactic.evalTactic.eval+0x690) [0x7f23076b8d80]
/inspire/hdd/global_user/baokangjie-CZXS25250151/.elan/toolchains/leanprover--lean4---v4.32.2/bin/../lib/lean/libleanshared.so(Lean.Elab.Tactic.evalTactic.eval [private]+0x432) [0x7f23076bf682]
/inspire/hdd/global_user/baokangjie-CZXS25250151/.elan/toolchains/leanprover--lean4---v4.32.2/bin/../lib/lean/libleanshared.so(Lean.Elab.Tactic.evalTactic.expandEval [private]+0x11bd) [0x7f23076cf3cd]
/inspire/hdd/global_user/baokangjie-CZXS25250151/.elan/toolchains/leanprover--lean4---v4.32.2/bin/../lib/lean/libleanshared.so(Lean.Elab.Tactic.evalTactic [λ]+0x172a) [0x7f23076cc16a]
/inspire/hdd/global_user/baokangjie-CZXS25250151/.elan/toolchains/leanprover--lean4---v4.32.2/bin/../lib/lean/libleanshared.so(<apply/3>+0x115c) [0x7f230b71fb2c]
/inspire/hdd/global_user/baokangjie-CZXS25250151/.elan/toolchains/leanprover--lean4---v4.32.2/bin/../lib/lean/libleanshared.so(Lean.Elab.Tactic.evalTactic [λ]+0x641) [0x7f23076d0531]
/inspire/hdd/global_user/baokangjie-CZXS25250151/.elan/toolchains/leanprover--lean4---v4.32.2/bin/../lib/lean/libleanshared.so(Lean.Elab.Tactic.evalTactic [boxed, λ]+0x27) [0x7f23076d08d7]
/inspire/hdd/global_user/baokangjie-CZXS25250151/.elan/toolchains/leanprover--lean4---v4.32.2/bin/../lib/lean/libleanshared.so(<apply/1>+0xf02) [0x7f230b71c192]
/inspire/hdd/global_user/baokangjie-CZXS25250151/.elan/toolchains/leanprover--lean4---v4.32.2/bin/../lib/lean/libleanshared.so(Lean.profileitIOUnsafe [λ, arity↓]+0xb) [0x7f2305e8112b]
/inspire/hdd/global_user/baokangjie-CZXS25250151/.elan/toolchains/leanprover--lean4---v4.32.2/bin/../lib/lean/libleanshared.so(<apply/1>+0xb53) [0x7f230b71bde3]
/inspire/hdd/global_user/baokangjie-CZXS25250151/.elan/toolchains/leanprover--lean4---v4.32.2/bin/../lib/lean/libleanshared.so(<apply/1>+0xb53) [0x7f230b71bde3]
/inspire/hdd/global_user/baokangjie-CZXS25250151/.elan/toolchains/leanprover--lean4---v4.32.2/bin/../lib/lean/libleanshared.so(lean_profileit+0x83) [0x7f230b6ee993]
/inspire/hdd/global_user/baokangjie-CZXS25250151/.elan/toolchains/leanprover--lean4---v4.32.2/bin/../lib/lean/libleanshared.so(Lean.profileitIOUnsafe [arity↓]+0x82) [0x7f2305e812e2]
/inspire/hdd/global_user/baokangjie-CZXS25250151/.elan/toolchains/leanprover--lean4---v4.32.2/bin/../lib/lean/libleanshared.so(Lean.Elab.Tactic.evalTactic+0x179) [0x7f23076ca619]
/inspire/hdd/global_user/baokangjie-CZXS25250151/.elan/toolchains/leanprover--lean4---v4.32.2/bin/../lib/lean/libleanshared.so(Lean.Elab.Term.withNarrowedTacticReuse [λ] spec at Lean.Elab.Term.withNarrowedArgTacticReuse spec at Lean.Elab.Tactic.evalWithAnnotateState spec at Lean.Elab.Tactic.evalSepTactics.goEven+0x5e8) [0x7f2308e98f88]
/inspire/hdd/global_user/baokangjie-CZXS25250151/.elan/toolchains/leanprover--lean4---v4.32.2/bin/../lib/lean/libleanshared.so(Lean.Elab.Term.withNarrowedTacticReuse [boxed, λ] spec at Lean.Elab.Term.withNarrowedArgTacticReuse spec at Lean.Elab.Tactic.evalWithAnnotateState spec at Lean.Elab.Tactic.evalSepTactics.goEven+0x87) [0x7f2308e9b597]
/inspire/hdd/global_user/baokangjie-CZXS25250151/.elan/toolchains/leanprover--lean4---v4.32.2/bin/../lib/lean/libleanshared.so(<apply/9>+0x3f6) [0x7f230b726f66]
/inspire/hdd/global_user/baokangjie-CZXS25250151/.elan/toolchains/leanprover--lean4---v4.32.2/bin/../lib/lean/libleanshared.so(Lean.Elab.Term.withReuseContext [arity↓] spec at Lean.Elab.Term.withNarrowedTacticReuse spec at Lean.Elab.Term.withNarrowedArgTacticReuse spec at Lean.Elab.Tactic.evalWithAnnotateState+0x31b) [0x7f2308e9176b]
/inspire/hdd/global_user/baokangjie-CZXS25250151/.elan/toolchains/leanprover--lean4---v4.32.2/bin/../lib/lean/libleanshared.so(Lean.Elab.Term.withNarrowedTacticReuse [boxed, λ] spec at Lean.Elab.Term.withNarrowedArgTacticReuse spec at Lean.Elab.Tactic.evalWithAnnotateState spec at Lean.Elab.Tactic.evalSepTactics.goEven+0x34) [0x7f2308e97a64]
/inspire/hdd/global_user/baokangjie-CZXS25250151/.elan/toolchains/leanprover--lean4---v4.32.2/bin/../lib/lean/libleanshared.so(<apply/9>+0x624) [0x7f230b727194]
/inspire/hdd/global_user/baokangjie-CZXS25250151/.elan/toolchains/leanprover--lean4---v4.32.2/bin/../lib/lean/libleanshared.so(Lean.Elab.Term.withNarrowedTacticReuse spec at Lean.Elab.Term.withNarrowedArgTacticReuse spec at Lean.Elab.Tactic.evalWithAnnotateState spec at Lean.Elab.Tactic.evalSepTactics.goEven+0x7a6) [0x7f2308e9be16]
/inspire/hdd/global_user/baokangjie-CZXS25250151/.elan/toolchains/leanprover--lean4---v4.32.2/bin/../lib/lean/libleanshared.so(Lean.Elab.Tactic.evalSepTactics.goEven [private]+0xd0) [0x7f2308e9c110]
/inspire/hdd/global_user/baokangjie-CZXS25250151/.elan/toolchains/leanprover--lean4---v4.32.2/bin/../lib/lean/libleanshared.so(Lean.Elab.Tactic.evalSepTactics.goEven [boxed, private]+0x35) [0x7f2308e9c605]
/inspire/hdd/global_user/baokangjie-CZXS25250151/.elan/toolchains/leanprover--lean4---v4.32.2/bin/../lib/lean/libleanshared.so(<apply/9>+0x801) [0x7f230b727371]
/inspire/hdd/global_user/baokangjie-CZXS25250151/.elan/toolchains/leanprover--lean4---v4.32.2/bin/../lib/lean/libleanshared.so(Lean.Elab.Term.withReuseContext [arity↓] spec at Lean.Elab.Term.withNarrowedTacticReuse spec at Lean.Elab.Term.withNarrowedArgTacticReuse spec at Lean.Elab.Tactic.evalWithAnnotateState+0x31b) [0x7f2308e9176b]
/inspire/hdd/global_user/baokangjie-CZXS25250151/.elan/toolchains/leanprover--lean4---v4.32.2/bin/../lib/lean/libleanshared.so(Lean.Elab.Term.withNarrowedTacticReuse [boxed, λ, arity↓] spec at Lean.Elab.Term.withNarrowedArgTacticReuse spec at Lean.Elab.Tactic.evalWithAnnotateState+0x67) [0x7f2308e91b67]
/inspire/hdd/global_user/baokangjie-CZXS25250151/.elan/toolchains/leanprover--lean4---v4.32.2/bin/../lib/lean/libleanshared.so(<apply/9>+0x624) [0x7f230b727194]
/inspire/hdd/global_user/baokangjie-CZXS25250151/.elan/toolchains/leanprover--lean4---v4.32.2/bin/../lib/lean/libleanshared.so(Lean.Elab.Term.withNarrowedTacticReuse [arity↓] spec at Lean.Elab.Term.withNarrowedArgTacticReuse spec at Lean.Elab.Tactic.evalWithAnnotateState+0x6fa) [0x7f2308e9256a]
/inspire/hdd/global_user/baokangjie-CZXS25250151/.elan/toolchains/leanprover--lean4---v4.32.2/bin/../lib/lean/libleanshared.so(Lean.Elab.Tactic.evalTacticSeq1Indented [boxed]+0x8c) [0x7f2308e9d89c]
/inspire/hdd/global_user/baokangjie-CZXS25250151/.elan/toolchains/leanprover--lean4---v4.32.2/bin/../lib/lean/libleanshared.so(<apply/10>+0x256) [0x7f230b727d46]
/inspire/hdd/global_user/baokangjie-CZXS25250151/.elan/toolchains/leanprover--lean4---v4.32.2/bin/../lib/lean/libleanshared.so(Lean.Elab.Tactic.evalTactic.eval [λ, private]+0xf3) [0x7f23076bc283]
/inspire/hdd/global_user/baokangjie-CZXS25250151/.elan/toolchains/leanprover--lean4---v4.32.2/bin/../lib/lean/libleanshared.so(<apply/9>+0x8a3) [0x7f230b727413]
/inspire/hdd/global_user/baokangjie-CZXS25250151/.elan/toolchains/leanprover--lean4---v4.32.2/bin/../lib/lean/libleanshared.so(Lean.Elab.withInfoTreeContext [arity↓] spec at Lean.Elab.Tactic.evalTactic.eval+0x185) [0x7f23076bdf55]
/inspire/hdd/global_user/baokangjie-CZXS25250151/.elan/toolchains/leanprover--lean4---v4.32.2/bin/../lib/lean/libleanshared.so(Lean.Elab.Tactic.evalTactic.eval [λ, private]+0x206) [0x7f23076bea66]
/inspire/hdd/global_user/baokangjie-CZXS25250151/.elan/toolchains/leanprover--lean4---v4.32.2/bin/../lib/lean/libleanshared.so(Lean.Elab.Tactic.evalTactic.eval [boxed, λ, private]+0x39) [0x7f23076beba9]
/inspire/hdd/global_user/baokangjie-CZXS25250151/.elan/toolchains/leanprover--lean4---v4.32.2/bin/../lib/lean/libleanshared.so(<apply/9>+0x624) [0x7f230b727194]
/inspire/hdd/global_user/baokangjie-CZXS25250151/.elan/toolchains/leanprover--lean4---v4.32.2/bin/../lib/lean/libleanshared.so(Lean.Elab.Term.withoutTacticIncrementality [arity↓] spec at Lean.Elab.Tactic.evalTactic.eval+0x690) [0x7f23076b8d80]
/inspire/hdd/global_user/baokangjie-CZXS25250151/.elan/toolchains/leanprover--lean4---v4.32.2/bin/../lib/lean/libleanshared.so(Lean.Elab.Tactic.evalTactic.eval [private]+0x432) [0x7f23076bf682]
/inspire/hdd/global_user/baokangjie-CZXS25250151/.elan/toolchains/leanprover--lean4---v4.32.2/bin/../lib/lean/libleanshared.so(Lean.Elab.Tactic.evalTactic.expandEval [private]+0x11bd) [0x7f23076cf3cd]
/inspire/hdd/global_user/baokangjie-CZXS25250151/.elan/toolchains/leanprover--lean4---v4.32.2/bin/../lib/lean/libleanshared.so(Lean.Elab.Tactic.evalTactic [λ]+0x172a) [0x7f23076cc16a]
/inspire/hdd/global_user/baokangjie-CZXS25250151/.elan/toolchains/leanprover--lean4---v4.32.2/bin/../lib/lean/libleanshared.so(<apply/3>+0x115c) [0x7f230b71fb2c]
/inspire/hdd/global_user/baokangjie-CZXS25250151/.elan/toolchains/leanprover--lean4---v4.32.2/bin/../lib/lean/libleanshared.so(Lean.Elab.Tactic.evalTactic [λ]+0x641) [0x7f23076d0531]
/inspire/hdd/global_user/baokangjie-CZXS25250151/.elan/toolchains/leanprover--lean4---v4.32.2/bin/../lib/lean/libleanshared.so(Lean.Elab.Tactic.evalTactic [boxed, λ]+0x27) [0x7f23076d08d7]
/inspire/hdd/global_user/baokangjie-CZXS25250151/.elan/toolchains/leanprover--lean4---v4.32.2/bin/../lib/lean/libleanshared.so(<apply/1>+0xf02) [0x7f230b71c192]
/inspire/hdd/global_user/baokangjie-CZXS25250151/.elan/toolchains/leanprover--lean4---v4.32.2/bin/../lib/lean/libleanshared.so(Lean.profileitIOUnsafe [λ, arity↓]+0xb) [0x7f2305e8112b]
/inspire/hdd/global_user/baokangjie-CZXS25250151/.elan/toolchains/leanprover--lean4---v4.32.2/bin/../lib/lean/libleanshared.so(<apply/1>+0xb53) [0x7f230b71bde3]
/inspire/hdd/global_user/baokangjie-CZXS25250151/.elan/toolchains/leanprover--lean4---v4.32.2/bin/../lib/lean/libleanshared.so(<apply/1>+0xb53) [0x7f230b71bde3]
/inspire/hdd/global_user/baokangjie-CZXS25250151/.elan/toolchains/leanprover--lean4---v4.32.2/bin/../lib/lean/libleanshared.so(lean_profileit+0x83) [0x7f230b6ee993]
/inspire/hdd/global_user/baokangjie-CZXS25250151/.elan/toolchains/leanprover--lean4---v4.32.2/bin/../lib/lean/libleanshared.so(Lean.profileitIOUnsafe [arity↓]+0x82) [0x7f2305e812e2]
/inspire/hdd/global_user/baokangjie-CZXS25250151/.elan/toolchains/leanprover--lean4---v4.32.2/bin/../lib/lean/libleanshared.so(Lean.Elab.Tactic.evalTactic+0x179) [0x7f23076ca619]
/inspire/hdd/global_user/baokangjie-CZXS25250151/.elan/toolchains/leanprover--lean4---v4.32.2/bin/../lib/lean/libleanshared.so(Lean.Elab.Tactic.evalTactic [boxed]+0x35) [0x7f23076d2a35]
/inspire/hdd/global_user/baokangjie-CZXS25250151/.elan/toolchains/leanprover--lean4---v4.32.2/bin/../lib/lean/libleanshared.so(<apply/9>+0x801) [0x7f230b727371]
/inspire/hdd/global_user/baokangjie-CZXS25250151/.elan/toolchains/leanprover--lean4---v4.32.2/bin/../lib/lean/libleanshared.so(Lean.Elab.Term.withReuseContext [arity↓] spec at Lean.Elab.Term.withNarrowedTacticReuse spec at Lean.Elab.Term.withNarrowedArgTacticReuse spec at Lean.Elab.Tactic.evalWithAnnotateState+0x31b) [0x7f2308e9176b]
/inspire/hdd/global_user/baokangjie-CZXS25250151/.elan/toolchains/leanprover--lean4---v4.32.2/bin/../lib/lean/libleanshared.so(Lean.Elab.Term.withNarrowedTacticReuse [boxed, λ, arity↓] spec at Lean.Elab.Term.withNarrowedArgTacticReuse spec at Lean.Elab.Tactic.evalWithAnnotateState+0x67) [0x7f2308e91b67]
/inspire/hdd/global_user/baokangjie-CZXS25250151/.elan/toolchains/leanprover--lean4---v4.32.2/bin/../lib/lean/libleanshared.so(<apply/9>+0x624) [0x7f230b727194]
/inspire/hdd/global_user/baokangjie-CZXS25250151/.elan/toolchains/leanprover--lean4---v4.32.2/bin/../lib/lean/libleanshared.so(Lean.Elab.Term.withNarrowedTacticReuse [arity↓] spec at Lean.Elab.Term.withNarrowedArgTacticReuse spec at Lean.Elab.Tactic.evalWithAnnotateState+0x6fa) [0x7f2308e9256a]
/inspire/hdd/global_user/baokangjie-CZXS25250151/.elan/toolchains/leanprover--lean4---v4.32.2/bin/../lib/lean/libleanshared.so(Lean.Elab.Tactic.evalTacticSeq [boxed]+0x8c) [0x7f2308ec66cc]
/inspire/hdd/global_user/baokangjie-CZXS25250151/.elan/toolchains/leanprover--lean4---v4.32.2/bin/../lib/lean/libleanshared.so(<apply/10>+0x256) [0x7f230b727d46]
/inspire/hdd/global_user/baokangjie-CZXS25250151/.elan/toolchains/leanprover--lean4---v4.32.2/bin/../lib/lean/libleanshared.so(Lean.Elab.Tactic.evalTactic.eval [λ, private]+0xf3) [0x7f23076bc283]
/inspire/hdd/global_user/baokangjie-CZXS25250151/.elan/toolchains/leanprover--lean4---v4.32.2/bin/../lib/lean/libleanshared.so(<apply/9>+0x8a3) [0x7f230b727413]
/inspire/hdd/global_user/baokangjie-CZXS25250151/.elan/toolchains/leanprover--lean4---v4.32.2/bin/../lib/lean/libleanshared.so(Lean.Elab.withInfoTreeContext [arity↓] spec at Lean.Elab.Tactic.evalTactic.eval+0x185) [0x7f23076bdf55]
/inspire/hdd/global_user/baokangjie-CZXS25250151/.elan/toolchains/leanprover--lean4---v4.32.2/bin/../lib/lean/libleanshared.so(Lean.Elab.Tactic.evalTactic.eval [λ, private]+0x206) [0x7f23076bea66]
/inspire/hdd/global_user/baokangjie-CZXS25250151/.elan/toolchains/leanprover--lean4---v4.32.2/bin/../lib/lean/libleanshared.so(Lean.Elab.Tactic.evalTactic.eval [boxed, λ, private]+0x39) [0x7f23076beba9]
/inspire/hdd/global_user/baokangjie-CZXS25250151/.elan/toolchains/leanprover--lean4---v4.32.2/bin/../lib/lean/libleanshared.so(<apply/9>+0x624) [0x7f230b727194]
/inspire/hdd/global_user/baokangjie-CZXS25250151/.elan/toolchains/leanprover--lean4---v4.32.2/bin/../lib/lean/libleanshared.so(Lean.Elab.Term.withoutTacticIncrementality [arity↓] spec at Lean.Elab.Tactic.evalTactic.eval+0x690) [0x7f23076b8d80]
/inspire/hdd/global_user/baokangjie-CZXS25250151/.elan/toolchains/leanprover--lean4---v4.32.2/bin/../lib/lean/libleanshared.so(Lean.Elab.Tactic.evalTactic.eval [private]+0x432) [0x7f23076bf682]
/inspire/hdd/global_user/baokangjie-CZXS25250151/.elan/toolchains/leanprover--lean4---v4.32.2/bin/../lib/lean/libleanshared.so(Lean.Elab.Tactic.evalTactic.expandEval [private]+0x11bd) [0x7f23076cf3cd]
/inspire/hdd/global_user/baokangjie-CZXS25250151/.elan/toolchains/leanprover--lean4---v4.32.2/bin/../lib/lean/libleanshared.so(Lean.Elab.Tactic.evalTactic [λ]+0x172a) [0x7f23076cc16a]
/inspire/hdd/global_user/baokangjie-CZXS25250151/.elan/toolchains/leanprover--lean4---v4.32.2/bin/../lib/lean/libleanshared.so(<apply/3>+0x115c) [0x7f230b71fb2c]
/inspire/hdd/global_user/baokangjie-CZXS25250151/.elan/toolchains/leanprover--lean4---v4.32.2/bin/../lib/lean/libleanshared.so(Lean.Elab.Tactic.evalTactic [λ]+0x641) [0x7f23076d0531]
/inspire/hdd/global_user/baokangjie-CZXS25250151/.elan/toolchains/leanprover--lean4---v4.32.2/bin/../lib/lean/libleanshared.so(Lean.Elab.Tactic.evalTactic [boxed, λ]+0x27) [0x7f23076d08d7]
/inspire/hdd/global_user/baokangjie-CZXS25250151/.elan/toolchains/leanprover--lean4---v4.32.2/bin/../lib/lean/libleanshared.so(<apply/1>+0xf02) [0x7f230b71c192]
/inspire/hdd/global_user/baokangjie-CZXS25250151/.elan/toolchains/leanprover--lean4---v4.32.2/bin/../lib/lean/libleanshared.so(Lean.profileitIOUnsafe [λ, arity↓]+0xb) [0x7f2305e8112b]
/inspire/hdd/global_user/baokangjie-CZXS25250151/.elan/toolchains/leanprover--lean4---v4.32.2/bin/../lib/lean/libleanshared.so(<apply/1>+0xb53) [0x7f230b71bde3]
/inspire/hdd/global_user/baokangjie-CZXS25250151/.elan/toolchains/leanprover--lean4---v4.32.2/bin/../lib/lean/libleanshared.so(<apply/1>+0xb53) [0x7f230b71bde3]
/inspire/hdd/global_user/baokangjie-CZXS25250151/.elan/toolchains/leanprover--lean4---v4.32.2/bin/../lib/lean/libleanshared.so(lean_profileit+0x83) [0x7f230b6ee993]
Fact721FirstD6DC2h6/Incoming4.lean:73:71: error(lean.invalidField): Invalid field `sphereCycle`: The environment does not contain `Fact721FirstD6DC2h6.Incoming4.Input.sphereCycle`, so it is not possible to project the field `sphereCycle` from an expression
  D
of type `Input I M`
Fact721FirstD6DC2h6/Incoming4.lean:74:12: error: unknown metavariable `?_uniq.5650`
Fact721FirstD6DC2h6/Incoming4.lean:73:98: error: unsolved goals
S T : AdamsSpectralSequence
sp : CertifiedAdamsPages S
tp : CertifiedAdamsPages T
A : ModuleAction.Action S T
P : CertifiedAdamsProduct S
I : Stage2 S T sp tp
M : ExtraSource.Meaning I A
D : Input I M
x : PageCycle T 3 sourceDegree
⊢ ↑x =
    (if I.source3.coordinates.equivalence ↑x ⟨0, ⋯⟩ = true then ↑M.sourceCycle else 0) +
      if I.source3.coordinates.equivalence ↑x ⟨2, ⋯⟩ = true then sorry else 0
Fact721FirstD6DC2h6/Incoming4.lean:71:0: error: internal exception #3
PANIC at Lean.MetavarContext.getDecl Lean.MetavarContext:482:17: unknown metavariable _uniq.5650
backtrace:
/inspire/hdd/global_user/baokangjie-CZXS25250151/.elan/toolchains/leanprover--lean4---v4.32.2/bin/../lib/lean/libleanshared.so(+0x93331f5) [0x7f230b7181f5]
/inspire/hdd/global_user/baokangjie-CZXS25250151/.elan/toolchains/leanprover--lean4---v4.32.2/bin/../lib/lean/libleanshared.so(+0x932a917) [0x7f230b70f917]
/inspire/hdd/global_user/baokangjie-CZXS25250151/.elan/toolchains/leanprover--lean4---v4.32.2/bin/../lib/lean/libleanshared.so(lean_panic_fn_borrowed+0x2b) [0x7f230b70f9fb]
/inspire/hdd/global_user/baokangjie-CZXS25250151/.elan/toolchains/leanprover--lean4---v4.32.2/bin/../lib/lean/libleanshared.so(Lean.MetavarContext.MkBinding.elimMVar [private]+0x47) [0x7f2305eae067]
/inspire/hdd/global_user/baokangjie-CZXS25250151/.elan/toolchains/leanprover--lean4---v4.32.2/bin/../lib/lean/libleanshared.so(Lean.MetavarContext.MkBinding.elimApp [private]+0x618) [0x7f2305eb0458]
/inspire/hdd/global_user/baokangjie-CZXS25250151/.elan/toolchains/leanprover--lean4---v4.32.2/bin/../lib/lean/libleanshared.so(Lean.MetavarContext.MkBinding.visit [private]+0xbb) [0x7f2305eac54b]
/inspire/hdd/global_user/baokangjie-CZXS25250151/.elan/toolchains/leanprover--lean4---v4.32.2/bin/../lib/lean/libleanshared.so(Array.mapMUnsafe.map [private] spec at Lean.MetavarContext.MkBinding.elimApp+0x6d) [0x7f2305eadd8d]
/inspire/hdd/global_user/baokangjie-CZXS25250151/.elan/toolchains/leanprover--lean4---v4.32.2/bin/../lib/lean/libleanshared.so(Lean.MetavarContext.MkBinding.elimApp [private]+0x6c6) [0x7f2305eb0506]
/inspire/hdd/global_user/baokangjie-CZXS25250151/.elan/toolchains/leanprover--lean4---v4.32.2/bin/../lib/lean/libleanshared.so(Lean.MetavarContext.MkBinding.visit [private]+0xbb) [0x7f2305eac54b]
/inspire/hdd/global_user/baokangjie-CZXS25250151/.elan/toolchains/leanprover--lean4---v4.32.2/bin/../lib/lean/libleanshared.so(Lean.MetavarContext.MkBinding.elim [private]+0x789) [0x7f2305ead049]
/inspire/hdd/global_user/baokangjie-CZXS25250151/.elan/toolchains/leanprover--lean4---v4.32.2/bin/../lib/lean/libleanshared.so(Lean.MetavarContext.MkBinding.visit [private]+0xbb) [0x7f2305eac54b]
/inspire/hdd/global_user/baokangjie-CZXS25250151/.elan/toolchains/leanprover--lean4---v4.32.2/bin/../lib/lean/libleanshared.so(Array.mapMUnsafe.map [private] spec at Lean.MetavarContext.MkBinding.elimApp+0x6d) [0x7f2305eadd8d]
/inspire/hdd/global_user/baokangjie-CZXS25250151/.elan/toolchains/leanprover--lean4---v4.32.2/bin/../lib/lean/libleanshared.so(Lean.MetavarContext.MkBinding.elimApp [private]+0x6c6) [0x7f2305eb0506]
/inspire/hdd/global_user/baokangjie-CZXS25250151/.elan/toolchains/leanprover--lean4---v4.32.2/bin/../lib/lean/libleanshared.so(Lean.MetavarContext.MkBinding.visit [private]+0xbb) [0x7f2305eac54b]
/inspire/hdd/global_user/baokangjie-CZXS25250151/.elan/toolchains/leanprover--lean4---v4.32.2/bin/../lib/lean/libleanshared.so(Array.mapMUnsafe.map [private] spec at Lean.MetavarContext.MkBinding.elimApp+0x6d) [0x7f2305eadd8d]
/inspire/hdd/global_user/baokangjie-CZXS25250151/.elan/toolchains/leanprover--lean4---v4.32.2/bin/../lib/lean/libleanshared.so(Lean.MetavarContext.MkBinding.elimApp [private]+0x6c6) [0x7f2305eb0506]
/inspire/hdd/global_user/baokangjie-CZXS25250151/.elan/toolchains/leanprover--lean4---v4.32.2/bin/../lib/lean/libleanshared.so(Lean.MetavarContext.MkBinding.elimMVarDeps+0x15e) [0x7f2305eb308e]
/inspire/hdd/global_user/baokangjie-CZXS25250151/.elan/toolchains/leanprover--lean4---v4.32.2/bin/../lib/lean/libleanshared.so(Nat.foldRevM.loop [arity↓, private] spec at Lean.MetavarContext.MkBinding.mkBinding+0x99b) [0x7f2305eb467b]
/inspire/hdd/global_user/baokangjie-CZXS25250151/.elan/toolchains/leanprover--lean4---v4.32.2/bin/../lib/lean/libleanshared.so(Lean.MetavarContext.MkBinding.mkBinding+0x232) [0x7f2305eb5472]
/inspire/hdd/global_user/baokangjie-CZXS25250151/.elan/toolchains/leanprover--lean4---v4.32.2/bin/../lib/lean/libleanshared.so(Lean.MetavarContext.mkBinding+0x12f) [0x7f2305eb5c3f]
/inspire/hdd/global_user/baokangjie-CZXS25250151/.elan/toolchains/leanprover--lean4---v4.32.2/bin/../lib/lean/libleanshared.so(Lean.Meta.mkLambdaFVars+0x200) [0x7f230621c870]
/inspire/hdd/global_user/baokangjie-CZXS25250151/.elan/toolchains/leanprover--lean4---v4.32.2/bin/../lib/lean/libleanshared.so(Lean.Meta.mkLetFVars+0x32) [0x7f230621d642]
/inspire/hdd/global_user/baokangjie-CZXS25250151/.elan/toolchains/leanprover--lean4---v4.32.2/bin/../lib/lean/libleanshared.so(Lean.Elab.Term.elabLetDeclAux [λ]+0x6ff) [0x7f230775954f]
/inspire/hdd/global_user/baokangjie-CZXS25250151/.elan/toolchains/leanprover--lean4---v4.32.2/bin/../lib/lean/libleanshared.so(Lean.Elab.Term.elabLetDeclAux [boxed, λ]+0x78) [0x7f2307759c98]
/inspire/hdd/global_user/baokangjie-CZXS25250151/.elan/toolchains/leanprover--lean4---v4.32.2/bin/../lib/lean/libleanshared.so(<apply/8>+0x3bd) [0x7f230b725e0d]
/inspire/hdd/global_user/baokangjie-CZXS25250151/.elan/toolchains/leanprover--lean4---v4.32.2/bin/../lib/lean/libleanshared.so(Lean.Meta.withLocalDecl [λ, arity↓] spec at Lean.Elab.Term.checkLocalInstanceParameters+0x7b) [0x7f2307729e0b]
/inspire/hdd/global_user/baokangjie-CZXS25250151/.elan/toolchains/leanprover--lean4---v4.32.2/bin/../lib/lean/libleanshared.so(Lean.Meta.withLocalDecl [boxed, λ, arity↓] spec at Lean.Elab.Term.checkLocalInstanceParameters+0x29) [0x7f2307729e69]
/inspire/hdd/global_user/baokangjie-CZXS25250151/.elan/toolchains/leanprover--lean4---v4.32.2/bin/../lib/lean/libleanshared.so(<apply/6>+0x6f7) [0x7f230b723927]
/inspire/hdd/global_user/baokangjie-CZXS25250151/.elan/toolchains/leanprover--lean4---v4.32.2/bin/../lib/lean/libleanshared.so(Lean.Meta.withNewFVar [arity↓, private]+0x321) [0x7f2306239ef1]
/inspire/hdd/global_user/baokangjie-CZXS25250151/.elan/toolchains/leanprover--lean4---v4.32.2/bin/../lib/lean/libleanshared.so(Lean.Meta.withLetDeclImp [arity↓, private]+0x319) [0x7f230623f609]
/inspire/hdd/global_user/baokangjie-CZXS25250151/.elan/toolchains/leanprover--lean4---v4.32.2/bin/../lib/lean/libleanshared.so(Lean.Meta.withLetDeclImp [private]+0x34) [0x7f230623fa24]
/inspire/hdd/global_user/baokangjie-CZXS25250151/.elan/toolchains/leanprover--lean4---v4.32.2/bin/../lib/lean/libleanshared.so(Lean.Meta.withLetDecl [arity↓] spec at Lean.Elab.Term.elabLetDeclAux+0xc9) [0x7f2307752ce9]
/inspire/hdd/global_user/baokangjie-CZXS25250151/.elan/toolchains/leanprover--lean4---v4.32.2/bin/../lib/lean/libleanshared.so(Lean.Elab.Term.elabLetDeclAux+0xf6b) [0x7f230775ad1b]
/inspire/hdd/global_user/baokangjie-CZXS25250151/.elan/toolchains/leanprover--lean4---v4.32.2/bin/../lib/lean/libleanshared.so(Lean.Elab.Term.elabLetDeclCore+0xc1d) [0x7f230775e7dd]
/inspire/hdd/global_user/baokangjie-CZXS25250151/.elan/toolchains/leanprover--lean4---v4.32.2/bin/../lib/lean/libleanshared.so(Lean.Elab.Term.elabHaveDecl [boxed]+0x3f) [0x7f230776083f]
/inspire/hdd/global_user/baokangjie-CZXS25250151/.elan/toolchains/leanprover--lean4---v4.32.2/bin/../lib/lean/libleanshared.so(<apply/9>+0x22f) [0x7f230b726d9f]
/inspire/hdd/global_user/baokangjie-CZXS25250151/.elan/toolchains/leanprover--lean4---v4.32.2/bin/../lib/lean/libleanshared.so(Lean.Elab.Term.elabUsingElabFnsAux [λ, private]+0xed) [0x7f230754937d]
/inspire/hdd/global_user/baokangjie-CZXS25250151/.elan/toolchains/leanprover--lean4---v4.32.2/bin/../lib/lean/libleanshared.so(Lean.Elab.Term.elabUsingElabFnsAux [boxed, λ, private]+0x39) [0x7f2307549d89]
/inspire/hdd/global_user/baokangjie-CZXS25250151/.elan/toolchains/leanprover--lean4---v4.32.2/bin/../lib/lean/libleanshared.so(<apply/7>+0x9dd) [0x7f230b7250fd]
/inspire/hdd/global_user/baokangjie-CZXS25250151/.elan/toolchains/leanprover--lean4---v4.32.2/bin/../lib/lean/libleanshared.so(Lean.Elab.withInfoContext' [arity↓] spec at Lean.Elab.Term.addTermInfo+0x176) [0x7f2307547306]
/inspire/hdd/global_user/baokangjie-CZXS25250151/.elan/toolchains/leanprover--lean4---v4.32.2/bin/../lib/lean/libleanshared.so(Lean.Elab.Term.withInfoContext'+0x140) [0x7f23075486c0]
/inspire/hdd/global_user/baokangjie-CZXS25250151/.elan/toolchains/leanprover--lean4---v4.32.2/bin/../lib/lean/libleanshared.so(Lean.Elab.Term.withTermInfoContext'+0x156) [0x7f2307548e06]
/inspire/hdd/global_user/baokangjie-CZXS25250151/.elan/toolchains/leanprover--lean4---v4.32.2/bin/../lib/lean/libleanshared.so(Lean.Elab.Term.elabUsingElabFnsAux [private]+0x238) [0x7f230754a098]
/inspire/hdd/global_user/baokangjie-CZXS25250151/.elan/toolchains/leanprover--lean4---v4.32.2/bin/../lib/lean/libleanshared.so(Lean.Elab.Term.elabUsingElabFns [private]+0x214) [0x7f230754ab74]
/inspire/hdd/global_user/baokangjie-CZXS25250151/.elan/toolchains/leanprover--lean4---v4.32.2/bin/../lib/lean/libleanshared.so(Lean.Elab.Term.elabTermAux [λ, private]+0x4277) [0x7f23075638f7]
/inspire/hdd/global_user/baokangjie-CZXS25250151/.elan/toolchains/leanprover--lean4---v4.32.2/bin/../lib/lean/libleanshared.so(Lean.Elab.Term.elabTermAux [boxed, λ, private]+0xa7) [0x7f2307565e97]
/inspire/hdd/global_user/baokangjie-CZXS25250151/.elan/toolchains/leanprover--lean4---v4.32.2/bin/../lib/lean/libleanshared.so(<apply/3>+0x2ad) [0x7f230b71ec7d]
/inspire/hdd/global_user/baokangjie-CZXS25250151/.elan/toolchains/leanprover--lean4---v4.32.2/bin/../lib/lean/libleanshared.so(Lean.Elab.Term.elabTerm+0x2d1) [0x7f2307567f01]
/inspire/hdd/global_user/baokangjie-CZXS25250151/.elan/toolchains/leanprover--lean4---v4.32.2/bin/../lib/lean/libleanshared.so(Lean.Elab.Term.elabNoImplicitLambda+0xe8) [0x7f23080c9d78]
/inspire/hdd/global_user/baokangjie-CZXS25250151/.elan/toolchains/leanprover--lean4---v4.32.2/bin/../lib/lean/libleanshared.so(Lean.Elab.Term.elabNoImplicitLambda [boxed]+0x2c) [0x7f23080c9ddc]
/inspire/hdd/global_user/baokangjie-CZXS25250151/.elan/toolchains/leanprover--lean4---v4.32.2/bin/../lib/lean/libleanshared.so(<apply/9>+0x22f) [0x7f230b726d9f]
/inspire/hdd/global_user/baokangjie-CZXS25250151/.elan/toolchains/leanprover--lean4---v4.32.2/bin/../lib/lean/libleanshared.so(Lean.Elab.Term.elabUsingElabFnsAux [λ, private]+0xed) [0x7f230754937d]
/inspire/hdd/global_user/baokangjie-CZXS25250151/.elan/toolchains/leanprover--lean4---v4.32.2/bin/../lib/lean/libleanshared.so(Lean.Elab.Term.elabUsingElabFnsAux [boxed, λ, private]+0x39) [0x7f2307549d89]
/inspire/hdd/global_user/baokangjie-CZXS25250151/.elan/toolchains/leanprover--lean4---v4.32.2/bin/../lib/lean/libleanshared.so(<apply/7>+0x9dd) [0x7f230b7250fd]
/inspire/hdd/global_user/baokangjie-CZXS25250151/.elan/toolchains/leanprover--lean4---v4.32.2/bin/../lib/lean/libleanshared.so(Lean.Elab.withInfoContext' [arity↓] spec at Lean.Elab.Term.addTermInfo+0x176) [0x7f2307547306]
/inspire/hdd/global_user/baokangjie-CZXS25250151/.elan/toolchains/leanprover--lean4---v4.32.2/bin/../lib/lean/libleanshared.so(Lean.Elab.Term.withInfoContext'+0x140) [0x7f23075486c0]
/inspire/hdd/global_user/baokangjie-CZXS25250151/.elan/toolchains/leanprover--lean4---v4.32.2/bin/../lib/lean/libleanshared.so(Lean.Elab.Term.withTermInfoContext'+0x156) [0x7f2307548e06]
/inspire/hdd/global_user/baokangjie-CZXS25250151/.elan/toolchains/leanprover--lean4---v4.32.2/bin/../lib/lean/libleanshared.so(Lean.Elab.Term.elabUsingElabFnsAux [private]+0x238) [0x7f230754a098]
/inspire/hdd/global_user/baokangjie-CZXS25250151/.elan/toolchains/leanprover--lean4---v4.32.2/bin/../lib/lean/libleanshared.so(Lean.Elab.Term.elabUsingElabFns [private]+0x214) [0x7f230754ab74]
/inspire/hdd/global_user/baokangjie-CZXS25250151/.elan/toolchains/leanprover--lean4---v4.32.2/bin/../lib/lean/libleanshared.so(Lean.Elab.Term.elabTermAux [λ, private]+0x4277) [0x7f23075638f7]
/inspire/hdd/global_user/baokangjie-CZXS25250151/.elan/toolchains/leanprover--lean4---v4.32.2/bin/../lib/lean/libleanshared.so(Lean.Elab.Term.elabTermAux [boxed, λ, private]+0xa7) [0x7f2307565e97]
/inspire/hdd/global_user/baokangjie-CZXS25250151/.elan/toolchains/leanprover--lean4---v4.32.2/bin/../lib/lean/libleanshared.so(<apply/3>+0x2ad) [0x7f230b71ec7d]
/inspire/hdd/global_user/baokangjie-CZXS25250151/.elan/toolchains/leanprover--lean4---v4.32.2/bin/../lib/lean/libleanshared.so(Lean.Elab.Term.elabTerm+0x2d1) [0x7f2307567f01]
/inspire/hdd/global_user/baokangjie-CZXS25250151/.elan/toolchains/leanprover--lean4---v4.32.2/bin/../lib/lean/libleanshared.so(Lean.Elab.Term.elabTerm [boxed]+0x3b) [0x7f230756830b]
/inspire/hdd/global_user/baokangjie-CZXS25250151/.elan/toolchains/leanprover--lean4---v4.32.2/bin/../lib/lean/libleanshared.so(<apply/7>+0x436) [0x7f230b724b56]
/inspire/hdd/global_user/baokangjie-CZXS25250151/.elan/toolchains/leanprover--lean4---v4.32.2/bin/../lib/lean/libleanshared.so(Lean.Elab.Tactic.runTermElab.go [arity↓, private]+0xb2) [0x7f230831cad2]
/inspire/hdd/global_user/baokangjie-CZXS25250151/.elan/toolchains/leanprover--lean4---v4.32.2/bin/../lib/lean/libleanshared.so(Lean.Elab.Tactic.runTermElab [λ, arity↓]+0x5a) [0x7f230831e4fa]
/inspire/hdd/global_user/baokangjie-CZXS25250151/.elan/toolchains/leanprover--lean4---v4.32.2/bin/../lib/lean/libleanshared.so(Lean.Elab.Tactic.runTermElab [boxed, λ, arity↓]+0x3e) [0x7f230831e61e]
/inspire/hdd/global_user/baokangjie-CZXS25250151/.elan/toolchains/leanprover--lean4---v4.32.2/bin/../lib/lean/libleanshared.so(<apply/9>+0x624) [0x7f230b727194]
/inspire/hdd/global_user/baokangjie-CZXS25250151/.elan/toolchains/leanprover--lean4---v4.32.2/bin/../lib/lean/libleanshared.so(Lean.Elab.Term.withoutTacticIncrementality [arity↓] spec at Lean.Elab.Tactic.runTermElab+0x690) [0x7f230831dd70]
/inspire/hdd/global_user/baokangjie-CZXS25250151/.elan/toolchains/leanprover--lean4---v4.32.2/bin/../lib/lean/libleanshared.so(Lean.Elab.Tactic.elabTerm+0x40f) [0x7f230831f73f]
/inspire/hdd/global_user/baokangjie-CZXS25250151/.elan/toolchains/leanprover--lean4---v4.32.2/bin/../lib/lean/libleanshared.so(Lean.Elab.Tactic.elabTermEnsuringType+0x66) [0x7f230831fe46]
/inspire/hdd/global_user/baokangjie-CZXS25250151/.elan/toolchains/leanprover--lean4---v4.32.2/bin/../lib/lean/libleanshared.so(Lean.Elab.Tactic.elabTermEnsuringType [boxed]+0x3e) [0x7f2308320bfe]
/inspire/hdd/global_user/baokangjie-CZXS25250151/.elan/toolchains/leanprover--lean4---v4.32.2/bin/../lib/lean/libleanshared.so(<apply/9>+0x624) [0x7f230b727194]
/inspire/hdd/global_user/baokangjie-CZXS25250151/.elan/toolchains/leanprover--lean4---v4.32.2/bin/../lib/lean/libleanshared.so(Lean.Elab.Tactic.collectFreshMVars spec at Lean.Elab.Tactic.withCollectingNewGoalsFrom.go+0x150) [0x7f23083283d0]
/inspire/hdd/global_user/baokangjie-CZXS25250151/.elan/toolchains/leanprover--lean4---v4.32.2/bin/../lib/lean/libleanshared.so(Lean.Elab.Tactic.withCollectingNewGoalsFrom.go [private]+0x4f) [0x7f2308328aff]
/inspire/hdd/global_user/baokangjie-CZXS25250151/.elan/toolchains/leanprover--lean4---v4.32.2/bin/../lib/lean/libleanshared.so(Lean.Elab.Tactic.elabTermWithHoles+0x219) [0x7f230832ad99]
/inspire/hdd/global_user/baokangjie-CZXS25250151/.elan/toolchains/leanprover--lean4---v4.32.2/bin/../lib/lean/libleanshared.so(Lean.Elab.Tactic.refineCore [λ]+0x19b) [0x7f230832cbab]
/inspire/hdd/global_user/baokangjie-CZXS25250151/.elan/toolchains/leanprover--lean4---v4.32.2/bin/../lib/lean/libleanshared.so(Lean.Elab.Tactic.refineCore [boxed, λ]+0x3e) [0x7f230832d42e]
/inspire/hdd/global_user/baokangjie-CZXS25250151/.elan/toolchains/leanprover--lean4---v4.32.2/bin/../lib/lean/libleanshared.so(<apply/9>+0x624) [0x7f230b727194]
/inspire/hdd/global_user/baokangjie-CZXS25250151/.elan/toolchains/leanprover--lean4---v4.32.2/bin/../lib/lean/libleanshared.so(Lean.MVarId.withContext [boxed, λ, arity↓] spec at Lean.Elab.Tactic.withMainContext+0x87) [0x7f23076e4f97]
/inspire/hdd/global_user/baokangjie-CZXS25250151/.elan/toolchains/leanprover--lean4---v4.32.2/bin/../lib/lean/libleanshared.so(<apply/5>+0xa98) [0x7f230b722618]
/inspire/hdd/global_user/baokangjie-CZXS25250151/.elan/toolchains/leanprover--lean4---v4.32.2/bin/../lib/lean/libleanshared.so(Lean.Meta.withMVarContextImp [arity↓, private]+0x162) [0x7f2306244fb2]
/inspire/hdd/global_user/baokangjie-CZXS25250151/.elan/toolchains/leanprover--lean4---v4.32.2/bin/../lib/lean/libleanshared.so(Lean.MVarId.withContext [arity↓] spec at Lean.Elab.Tactic.withMainContext+0xd1) [0x7f23076e5161]
/inspire/hdd/global_user/baokangjie-CZXS25250151/.elan/toolchains/leanprover--lean4---v4.32.2/bin/../lib/lean/libleanshared.so(Lean.Elab.Tactic.withMainContext [arity↓]+0x137) [0x7f23076e5737]
/inspire/hdd/global_user/baokangjie-CZXS25250151/.elan/toolchains/leanprover--lean4---v4.32.2/bin/../lib/lean/libleanshared.so(Lean.Elab.Tactic.evalRefine [boxed]+0x35) [0x7f230832dfe5]
/inspire/hdd/global_user/baokangjie-CZXS25250151/.elan/toolchains/leanprover--lean4---v4.32.2/bin/../lib/lean/libleanshared.so(<apply/10>+0x256) [0x7f230b727d46]
/inspire/hdd/global_user/baokangjie-CZXS25250151/.elan/toolchains/leanprover--lean4---v4.32.2/bin/../lib/lean/libleanshared.so(Lean.Elab.Tactic.evalTactic.eval [λ, private]+0xf3) [0x7f23076bc283]
/inspire/hdd/global_user/baokangjie-CZXS25250151/.elan/toolchains/leanprover--lean4---v4.32.2/bin/../lib/lean/libleanshared.so(<apply/9>+0x8a3) [0x7f230b727413]
/inspire/hdd/global_user/baokangjie-CZXS25250151/.elan/toolchains/leanprover--lean4---v4.32.2/bin/../lib/lean/libleanshared.so(Lean.Elab.withInfoTreeContext [arity↓] spec at Lean.Elab.Tactic.evalTactic.eval+0x185) [0x7f23076bdf55]
/inspire/hdd/global_user/baokangjie-CZXS25250151/.elan/toolchains/leanprover--lean4---v4.32.2/bin/../lib/lean/libleanshared.so(Lean.Elab.Tactic.evalTactic.eval [λ, private]+0x206) [0x7f23076bea66]
/inspire/hdd/global_user/baokangjie-CZXS25250151/.elan/toolchains/leanprover--lean4---v4.32.2/bin/../lib/lean/libleanshared.so(Lean.Elab.Tactic.evalTactic.eval [boxed, λ, private]+0x39) [0x7f23076beba9]
/inspire/hdd/global_user/baokangjie-CZXS25250151/.elan/toolchains/leanprover--lean4---v4.32.2/bin/../lib/lean/libleanshared.so(<apply/9>+0x624) [0x7f230b727194]
/inspire/hdd/global_user/baokangjie-CZXS25250151/.elan/toolchains/leanprover--lean4---v4.32.2/bin/../lib/lean/libleanshared.so(Lean.Elab.Term.withoutTacticIncrementality [arity↓] spec at Lean.Elab.Tactic.evalTactic.eval+0x690) [0x7f23076b8d80]
/inspire/hdd/global_user/baokangjie-CZXS25250151/.elan/toolchains/leanprover--lean4---v4.32.2/bin/../lib/lean/libleanshared.so(Lean.Elab.Tactic.evalTactic.eval [private]+0x432) [0x7f23076bf682]
/inspire/hdd/global_user/baokangjie-CZXS25250151/.elan/toolchains/leanprover--lean4---v4.32.2/bin/../lib/lean/libleanshared.so(Lean.Elab.Tactic.evalTactic.expandEval [private]+0x11bd) [0x7f23076cf3cd]
/inspire/hdd/global_user/baokangjie-CZXS25250151/.elan/toolchains/leanprover--lean4---v4.32.2/bin/../lib/lean/libleanshared.so(Lean.Elab.Tactic.evalTactic [λ]+0x172a) [0x7f23076cc16a]
/inspire/hdd/global_user/baokangjie-CZXS25250151/.elan/toolchains/leanprover--lean4---v4.32.2/bin/../lib/lean/libleanshared.so(<apply/3>+0x115c) [0x7f230b71fb2c]
/inspire/hdd/global_user/baokangjie-CZXS25250151/.elan/toolchains/leanprover--lean4---v4.32.2/bin/../lib/lean/libleanshared.so(Lean.Elab.Tactic.evalTactic [λ]+0x641) [0x7f23076d0531]
/inspire/hdd/global_user/baokangjie-CZXS25250151/.elan/toolchains/leanprover--lean4---v4.32.2/bin/../lib/lean/libleanshared.so(Lean.Elab.Tactic.evalTactic [boxed, λ]+0x27) [0x7f23076d08d7]
PANIC at Lean.MetavarContext.getDecl Lean.MetavarContext:482:17: unknown metavariable _uniq.5650
backtrace:
/inspire/hdd/global_user/baokangjie-CZXS25250151/.elan/toolchains/leanprover--lean4---v4.32.2/bin/../lib/lean/libleanshared.so(+0x93331f5) [0x7f230b7181f5]
/inspire/hdd/global_user/baokangjie-CZXS25250151/.elan/toolchains/leanprover--lean4---v4.32.2/bin/../lib/lean/libleanshared.so(+0x932a917) [0x7f230b70f917]
/inspire/hdd/global_user/baokangjie-CZXS25250151/.elan/toolchains/leanprover--lean4---v4.32.2/bin/../lib/lean/libleanshared.so(lean_panic_fn_borrowed+0x2b) [0x7f230b70f9fb]
/inspire/hdd/global_user/baokangjie-CZXS25250151/.elan/toolchains/leanprover--lean4---v4.32.2/bin/../lib/lean/libleanshared.so(Array.foldlMUnsafe.fold [private] spec at Lean.Elab.Tactic.filterOldMVars+0x8c) [0x7f230832157c]
/inspire/hdd/global_user/baokangjie-CZXS25250151/.elan/toolchains/leanprover--lean4---v4.32.2/bin/../lib/lean/libleanshared.so(Lean.Elab.Tactic.filterOldMVars [arity↓]+0x62) [0x7f23083217d2]
/inspire/hdd/global_user/baokangjie-CZXS25250151/.elan/toolchains/leanprover--lean4---v4.32.2/bin/../lib/lean/libleanshared.so(Lean.Elab.Tactic.collectFreshMVars spec at Lean.Elab.Tactic.withCollectingNewGoalsFrom.go+0x33a) [0x7f23083285ba]
/inspire/hdd/global_user/baokangjie-CZXS25250151/.elan/toolchains/leanprover--lean4---v4.32.2/bin/../lib/lean/libleanshared.so(Lean.Elab.Tactic.withCollectingNewGoalsFrom.go [private]+0x4f) [0x7f2308328aff]
/inspire/hdd/global_user/baokangjie-CZXS25250151/.elan/toolchains/leanprover--lean4---v4.32.2/bin/../lib/lean/libleanshared.so(Lean.Elab.Tactic.elabTermWithHoles+0x219) [0x7f230832ad99]
/inspire/hdd/global_user/baokangjie-CZXS25250151/.elan/toolchains/leanprover--lean4---v4.32.2/bin/../lib/lean/libleanshared.so(Lean.Elab.Tactic.refineCore [λ]+0x19b) [0x7f230832cbab]
/inspire/hdd/global_user/baokangjie-CZXS25250151/.elan/toolchains/leanprover--lean4---v4.32.2/bin/../lib/lean/libleanshared.so(Lean.Elab.Tactic.refineCore [boxed, λ]+0x3e) [0x7f230832d42e]
/inspire/hdd/global_user/baokangjie-CZXS25250151/.elan/toolchains/leanprover--lean4---v4.32.2/bin/../lib/lean/libleanshared.so(<apply/9>+0x624) [0x7f230b727194]
/inspire/hdd/global_user/baokangjie-CZXS25250151/.elan/toolchains/leanprover--lean4---v4.32.2/bin/../lib/lean/libleanshared.so(Lean.MVarId.withContext [boxed, λ, arity↓] spec at Lean.Elab.Tactic.withMainContext+0x87) [0x7f23076e4f97]
/inspire/hdd/global_user/baokangjie-CZXS25250151/.elan/toolchains/leanprover--lean4---v4.32.2/bin/../lib/lean/libleanshared.so(<apply/5>+0xa98) [0x7f230b722618]
/inspire/hdd/global_user/baokangjie-CZXS25250151/.elan/toolchains/leanprover--lean4---v4.32.2/bin/../lib/lean/libleanshared.so(Lean.Meta.withMVarContextImp [arity↓, private]+0x162) [0x7f2306244fb2]
/inspire/hdd/global_user/baokangjie-CZXS25250151/.elan/toolchains/leanprover--lean4---v4.32.2/bin/../lib/lean/libleanshared.so(Lean.MVarId.withContext [arity↓] spec at Lean.Elab.Tactic.withMainContext+0xd1) [0x7f23076e5161]
/inspire/hdd/global_user/baokangjie-CZXS25250151/.elan/toolchains/leanprover--lean4---v4.32.2/bin/../lib/lean/libleanshared.so(Lean.Elab.Tactic.withMainContext [arity↓]+0x137) [0x7f23076e5737]
/inspire/hdd/global_user/baokangjie-CZXS25250151/.elan/toolchains/leanprover--lean4---v4.32.2/bin/../lib/lean/libleanshared.so(Lean.Elab.Tactic.evalRefine [boxed]+0x35) [0x7f230832dfe5]
/inspire/hdd/global_user/baokangjie-CZXS25250151/.elan/toolchains/leanprover--lean4---v4.32.2/bin/../lib/lean/libleanshared.so(<apply/10>+0x256) [0x7f230b727d46]
/inspire/hdd/global_user/baokangjie-CZXS25250151/.elan/toolchains/leanprover--lean4---v4.32.2/bin/../lib/lean/libleanshared.so(Lean.Elab.Tactic.evalTactic.eval [λ, private]+0xf3) [0x7f23076bc283]
/inspire/hdd/global_user/baokangjie-CZXS25250151/.elan/toolchains/leanprover--lean4---v4.32.2/bin/../lib/lean/libleanshared.so(<apply/9>+0x8a3) [0x7f230b727413]
/inspire/hdd/global_user/baokangjie-CZXS25250151/.elan/toolchains/leanprover--lean4---v4.32.2/bin/../lib/lean/libleanshared.so(Lean.Elab.withInfoTreeContext [arity↓] spec at Lean.Elab.Tactic.evalTactic.eval+0x185) [0x7f23076bdf55]
/inspire/hdd/global_user/baokangjie-CZXS25250151/.elan/toolchains/leanprover--lean4---v4.32.2/bin/../lib/lean/libleanshared.so(Lean.Elab.Tactic.evalTactic.eval [λ, private]+0x206) [0x7f23076bea66]
/inspire/hdd/global_user/baokangjie-CZXS25250151/.elan/toolchains/leanprover--lean4---v4.32.2/bin/../lib/lean/libleanshared.so(Lean.Elab.Tactic.evalTactic.eval [boxed, λ, private]+0x39) [0x7f23076beba9]
/inspire/hdd/global_user/baokangjie-CZXS25250151/.elan/toolchains/leanprover--lean4---v4.32.2/bin/../lib/lean/libleanshared.so(<apply/9>+0x624) [0x7f230b727194]
/inspire/hdd/global_user/baokangjie-CZXS25250151/.elan/toolchains/leanprover--lean4---v4.32.2/bin/../lib/lean/libleanshared.so(Lean.Elab.Term.withoutTacticIncrementality [arity↓] spec at Lean.Elab.Tactic.evalTactic.eval+0x690) [0x7f23076b8d80]
/inspire/hdd/global_user/baokangjie-CZXS25250151/.elan/toolchains/leanprover--lean4---v4.32.2/bin/../lib/lean/libleanshared.so(Lean.Elab.Tactic.evalTactic.eval [private]+0x432) [0x7f23076bf682]
/inspire/hdd/global_user/baokangjie-CZXS25250151/.elan/toolchains/leanprover--lean4---v4.32.2/bin/../lib/lean/libleanshared.so(Lean.Elab.Tactic.evalTactic.expandEval [private]+0x11bd) [0x7f23076cf3cd]
/inspire/hdd/global_user/baokangjie-CZXS25250151/.elan/toolchains/leanprover--lean4---v4.32.2/bin/../lib/lean/libleanshared.so(Lean.Elab.Tactic.evalTactic [λ]+0x172a) [0x7f23076cc16a]
/inspire/hdd/global_user/baokangjie-CZXS25250151/.elan/toolchains/leanprover--lean4---v4.32.2/bin/../lib/lean/libleanshared.so(<apply/3>+0x115c) [0x7f230b71fb2c]
/inspire/hdd/global_user/baokangjie-CZXS25250151/.elan/toolchains/leanprover--lean4---v4.32.2/bin/../lib/lean/libleanshared.so(Lean.Elab.Tactic.evalTactic [λ]+0x641) [0x7f23076d0531]
/inspire/hdd/global_user/baokangjie-CZXS25250151/.elan/toolchains/leanprover--lean4---v4.32.2/bin/../lib/lean/libleanshared.so(Lean.Elab.Tactic.evalTactic [boxed, λ]+0x27) [0x7f23076d08d7]
/inspire/hdd/global_user/baokangjie-CZXS25250151/.elan/toolchains/leanprover--lean4---v4.32.2/bin/../lib/lean/libleanshared.so(<apply/1>+0xf02) [0x7f230b71c192]
/inspire/hdd/global_user/baokangjie-CZXS25250151/.elan/toolchains/leanprover--lean4---v4.32.2/bin/../lib/lean/libleanshared.so(Lean.profileitIOUnsafe [λ, arity↓]+0xb) [0x7f2305e8112b]
/inspire/hdd/global_user/baokangjie-CZXS25250151/.elan/toolchains/leanprover--lean4---v4.32.2/bin/../lib/lean/libleanshared.so(<apply/1>+0xb53) [0x7f230b71bde3]
/inspire/hdd/global_user/baokangjie-CZXS25250151/.elan/toolchains/leanprover--lean4---v4.32.2/bin/../lib/lean/libleanshared.so(<apply/1>+0xb53) [0x7f230b71bde3]
/inspire/hdd/global_user/baokangjie-CZXS25250151/.elan/toolchains/leanprover--lean4---v4.32.2/bin/../lib/lean/libleanshared.so(lean_profileit+0x83) [0x7f230b6ee993]
/inspire/hdd/global_user/baokangjie-CZXS25250151/.elan/toolchains/leanprover--lean4---v4.32.2/bin/../lib/lean/libleanshared.so(Lean.profileitIOUnsafe [arity↓]+0x82) [0x7f2305e812e2]
/inspire/hdd/global_user/baokangjie-CZXS25250151/.elan/toolchains/leanprover--lean4---v4.32.2/bin/../lib/lean/libleanshared.so(Lean.Elab.Tactic.evalTactic+0x179) [0x7f23076ca619]
/inspire/hdd/global_user/baokangjie-CZXS25250151/.elan/toolchains/leanprover--lean4---v4.32.2/bin/../lib/lean/libleanshared.so(Lean.Elab.Term.withNarrowedTacticReuse [λ] spec at Lean.Elab.Term.withNarrowedArgTacticReuse spec at Lean.Elab.Tactic.evalWithAnnotateState spec at Lean.Elab.Tactic.evalSepTactics.goEven+0x5e8) [0x7f2308e98f88]
/inspire/hdd/global_user/baokangjie-CZXS25250151/.elan/toolchains/leanprover--lean4---v4.32.2/bin/../lib/lean/libleanshared.so(Lean.Elab.Term.withNarrowedTacticReuse [boxed, λ] spec at Lean.Elab.Term.withNarrowedArgTacticReuse spec at Lean.Elab.Tactic.evalWithAnnotateState spec at Lean.Elab.Tactic.evalSepTactics.goEven+0x87) [0x7f2308e9b597]
/inspire/hdd/global_user/baokangjie-CZXS25250151/.elan/toolchains/leanprover--lean4---v4.32.2/bin/../lib/lean/libleanshared.so(<apply/9>+0x3f6) [0x7f230b726f66]
/inspire/hdd/global_user/baokangjie-CZXS25250151/.elan/toolchains/leanprover--lean4---v4.32.2/bin/../lib/lean/libleanshared.so(Lean.Elab.Term.withReuseContext [arity↓] spec at Lean.Elab.Term.withNarrowedTacticReuse spec at Lean.Elab.Term.withNarrowedArgTacticReuse spec at Lean.Elab.Tactic.evalWithAnnotateState+0x31b) [0x7f2308e9176b]
/inspire/hdd/global_user/baokangjie-CZXS25250151/.elan/toolchains/leanprover--lean4---v4.32.2/bin/../lib/lean/libleanshared.so(Lean.Elab.Term.withNarrowedTacticReuse [boxed, λ] spec at Lean.Elab.Term.withNarrowedArgTacticReuse spec at Lean.Elab.Tactic.evalWithAnnotateState spec at Lean.Elab.Tactic.evalSepTactics.goEven+0x34) [0x7f2308e97a64]
/inspire/hdd/global_user/baokangjie-CZXS25250151/.elan/toolchains/leanprover--lean4---v4.32.2/bin/../lib/lean/libleanshared.so(<apply/9>+0x624) [0x7f230b727194]
/inspire/hdd/global_user/baokangjie-CZXS25250151/.elan/toolchains/leanprover--lean4---v4.32.2/bin/../lib/lean/libleanshared.so(Lean.Elab.Term.withNarrowedTacticReuse spec at Lean.Elab.Term.withNarrowedArgTacticReuse spec at Lean.Elab.Tactic.evalWithAnnotateState spec at Lean.Elab.Tactic.evalSepTactics.goEven+0x7a6) [0x7f2308e9be16]
/inspire/hdd/global_user/baokangjie-CZXS25250151/.elan/toolchains/leanprover--lean4---v4.32.2/bin/../lib/lean/libleanshared.so(Lean.Elab.Tactic.evalSepTactics.goEven [private]+0xd0) [0x7f2308e9c110]
/inspire/hdd/global_user/baokangjie-CZXS25250151/.elan/toolchains/leanprover--lean4---v4.32.2/bin/../lib/lean/libleanshared.so(Lean.Elab.Tactic.evalSepTactics.goEven [boxed, private]+0x35) [0x7f2308e9c605]
/inspire/hdd/global_user/baokangjie-CZXS25250151/.elan/toolchains/leanprover--lean4---v4.32.2/bin/../lib/lean/libleanshared.so(<apply/9>+0x801) [0x7f230b727371]
/inspire/hdd/global_user/baokangjie-CZXS25250151/.elan/toolchains/leanprover--lean4---v4.32.2/bin/../lib/lean/libleanshared.so(Lean.Elab.Term.withReuseContext [arity↓] spec at Lean.Elab.Term.withNarrowedTacticReuse spec at Lean.Elab.Term.withNarrowedArgTacticReuse spec at Lean.Elab.Tactic.evalWithAnnotateState+0x31b) [0x7f2308e9176b]
/inspire/hdd/global_user/baokangjie-CZXS25250151/.elan/toolchains/leanprover--lean4---v4.32.2/bin/../lib/lean/libleanshared.so(Lean.Elab.Term.withNarrowedTacticReuse [boxed, λ, arity↓] spec at Lean.Elab.Term.withNarrowedArgTacticReuse spec at Lean.Elab.Tactic.evalWithAnnotateState+0x67) [0x7f2308e91b67]
/inspire/hdd/global_user/baokangjie-CZXS25250151/.elan/toolchains/leanprover--lean4---v4.32.2/bin/../lib/lean/libleanshared.so(<apply/9>+0x624) [0x7f230b727194]
/inspire/hdd/global_user/baokangjie-CZXS25250151/.elan/toolchains/leanprover--lean4---v4.32.2/bin/../lib/lean/libleanshared.so(Lean.Elab.Term.withNarrowedTacticReuse [arity↓] spec at Lean.Elab.Term.withNarrowedArgTacticReuse spec at Lean.Elab.Tactic.evalWithAnnotateState+0x6fa) [0x7f2308e9256a]
/inspire/hdd/global_user/baokangjie-CZXS25250151/.elan/toolchains/leanprover--lean4---v4.32.2/bin/../lib/lean/libleanshared.so(Lean.Elab.Tactic.evalTacticSeq1Indented [boxed]+0x8c) [0x7f2308e9d89c]
/inspire/hdd/global_user/baokangjie-CZXS25250151/.elan/toolchains/leanprover--lean4---v4.32.2/bin/../lib/lean/libleanshared.so(<apply/10>+0x256) [0x7f230b727d46]
/inspire/hdd/global_user/baokangjie-CZXS25250151/.elan/toolchains/leanprover--lean4---v4.32.2/bin/../lib/lean/libleanshared.so(Lean.Elab.Tactic.evalTactic.eval [λ, private]+0xf3) [0x7f23076bc283]
/inspire/hdd/global_user/baokangjie-CZXS25250151/.elan/toolchains/leanprover--lean4---v4.32.2/bin/../lib/lean/libleanshared.so(<apply/9>+0x8a3) [0x7f230b727413]
/inspire/hdd/global_user/baokangjie-CZXS25250151/.elan/toolchains/leanprover--lean4---v4.32.2/bin/../lib/lean/libleanshared.so(Lean.Elab.withInfoTreeContext [arity↓] spec at Lean.Elab.Tactic.evalTactic.eval+0x185) [0x7f23076bdf55]
/inspire/hdd/global_user/baokangjie-CZXS25250151/.elan/toolchains/leanprover--lean4---v4.32.2/bin/../lib/lean/libleanshared.so(Lean.Elab.Tactic.evalTactic.eval [λ, private]+0x206) [0x7f23076bea66]
/inspire/hdd/global_user/baokangjie-CZXS25250151/.elan/toolchains/leanprover--lean4---v4.32.2/bin/../lib/lean/libleanshared.so(Lean.Elab.Tactic.evalTactic.eval [boxed, λ, private]+0x39) [0x7f23076beba9]
/inspire/hdd/global_user/baokangjie-CZXS25250151/.elan/toolchains/leanprover--lean4---v4.32.2/bin/../lib/lean/libleanshared.so(<apply/9>+0x624) [0x7f230b727194]
/inspire/hdd/global_user/baokangjie-CZXS25250151/.elan/toolchains/leanprover--lean4---v4.32.2/bin/../lib/lean/libleanshared.so(Lean.Elab.Term.withoutTacticIncrementality [arity↓] spec at Lean.Elab.Tactic.evalTactic.eval+0x690) [0x7f23076b8d80]
/inspire/hdd/global_user/baokangjie-CZXS25250151/.elan/toolchains/leanprover--lean4---v4.32.2/bin/../lib/lean/libleanshared.so(Lean.Elab.Tactic.evalTactic.eval [private]+0x432) [0x7f23076bf682]
/inspire/hdd/global_user/baokangjie-CZXS25250151/.elan/toolchains/leanprover--lean4---v4.32.2/bin/../lib/lean/libleanshared.so(Lean.Elab.Tactic.evalTactic.expandEval [private]+0x11bd) [0x7f23076cf3cd]
/inspire/hdd/global_user/baokangjie-CZXS25250151/.elan/toolchains/leanprover--lean4---v4.32.2/bin/../lib/lean/libleanshared.so(Lean.Elab.Tactic.evalTactic [λ]+0x172a) [0x7f23076cc16a]
/inspire/hdd/global_user/baokangjie-CZXS25250151/.elan/toolchains/leanprover--lean4---v4.32.2/bin/../lib/lean/libleanshared.so(<apply/3>+0x115c) [0x7f230b71fb2c]
/inspire/hdd/global_user/baokangjie-CZXS25250151/.elan/toolchains/leanprover--lean4---v4.32.2/bin/../lib/lean/libleanshared.so(Lean.Elab.Tactic.evalTactic [λ]+0x641) [0x7f23076d0531]
/inspire/hdd/global_user/baokangjie-CZXS25250151/.elan/toolchains/leanprover--lean4---v4.32.2/bin/../lib/lean/libleanshared.so(Lean.Elab.Tactic.evalTactic [boxed, λ]+0x27) [0x7f23076d08d7]
/inspire/hdd/global_user/baokangjie-CZXS25250151/.elan/toolchains/leanprover--lean4---v4.32.2/bin/../lib/lean/libleanshared.so(<apply/1>+0xf02) [0x7f230b71c192]
/inspire/hdd/global_user/baokangjie-CZXS25250151/.elan/toolchains/leanprover--lean4---v4.32.2/bin/../lib/lean/libleanshared.so(Lean.profileitIOUnsafe [λ, arity↓]+0xb) [0x7f2305e8112b]
/inspire/hdd/global_user/baokangjie-CZXS25250151/.elan/toolchains/leanprover--lean4---v4.32.2/bin/../lib/lean/libleanshared.so(<apply/1>+0xb53) [0x7f230b71bde3]
/inspire/hdd/global_user/baokangjie-CZXS25250151/.elan/toolchains/leanprover--lean4---v4.32.2/bin/../lib/lean/libleanshared.so(<apply/1>+0xb53) [0x7f230b71bde3]
/inspire/hdd/global_user/baokangjie-CZXS25250151/.elan/toolchains/leanprover--lean4---v4.32.2/bin/../lib/lean/libleanshared.so(lean_profileit+0x83) [0x7f230b6ee993]
/inspire/hdd/global_user/baokangjie-CZXS25250151/.elan/toolchains/leanprover--lean4---v4.32.2/bin/../lib/lean/libleanshared.so(Lean.profileitIOUnsafe [arity↓]+0x82) [0x7f2305e812e2]
/inspire/hdd/global_user/baokangjie-CZXS25250151/.elan/toolchains/leanprover--lean4---v4.32.2/bin/../lib/lean/libleanshared.so(Lean.Elab.Tactic.evalTactic+0x179) [0x7f23076ca619]
/inspire/hdd/global_user/baokangjie-CZXS25250151/.elan/toolchains/leanprover--lean4---v4.32.2/bin/../lib/lean/libleanshared.so(Lean.Elab.Tactic.evalTactic [boxed]+0x35) [0x7f23076d2a35]
/inspire/hdd/global_user/baokangjie-CZXS25250151/.elan/toolchains/leanprover--lean4---v4.32.2/bin/../lib/lean/libleanshared.so(<apply/9>+0x801) [0x7f230b727371]
/inspire/hdd/global_user/baokangjie-CZXS25250151/.elan/toolchains/leanprover--lean4---v4.32.2/bin/../lib/lean/libleanshared.so(Lean.Elab.Term.withReuseContext [arity↓] spec at Lean.Elab.Term.withNarrowedTacticReuse spec at Lean.Elab.Term.withNarrowedArgTacticReuse spec at Lean.Elab.Tactic.evalWithAnnotateState+0x31b) [0x7f2308e9176b]
/inspire/hdd/global_user/baokangjie-CZXS25250151/.elan/toolchains/leanprover--lean4---v4.32.2/bin/../lib/lean/libleanshared.so(Lean.Elab.Term.withNarrowedTacticReuse [boxed, λ, arity↓] spec at Lean.Elab.Term.withNarrowedArgTacticReuse spec at Lean.Elab.Tactic.evalWithAnnotateState+0x67) [0x7f2308e91b67]
/inspire/hdd/global_user/baokangjie-CZXS25250151/.elan/toolchains/leanprover--lean4---v4.32.2/bin/../lib/lean/libleanshared.so(<apply/9>+0x624) [0x7f230b727194]
/inspire/hdd/global_user/baokangjie-CZXS25250151/.elan/toolchains/leanprover--lean4---v4.32.2/bin/../lib/lean/libleanshared.so(Lean.Elab.Term.withNarrowedTacticReuse [arity↓] spec at Lean.Elab.Term.withNarrowedArgTacticReuse spec at Lean.Elab.Tactic.evalWithAnnotateState+0x6fa) [0x7f2308e9256a]
/inspire/hdd/global_user/baokangjie-CZXS25250151/.elan/toolchains/leanprover--lean4---v4.32.2/bin/../lib/lean/libleanshared.so(Lean.Elab.Tactic.evalTacticSeq [boxed]+0x8c) [0x7f2308ec66cc]
/inspire/hdd/global_user/baokangjie-CZXS25250151/.elan/toolchains/leanprover--lean4---v4.32.2/bin/../lib/lean/libleanshared.so(<apply/10>+0x256) [0x7f230b727d46]
/inspire/hdd/global_user/baokangjie-CZXS25250151/.elan/toolchains/leanprover--lean4---v4.32.2/bin/../lib/lean/libleanshared.so(Lean.Elab.Tactic.evalTactic.eval [λ, private]+0xf3) [0x7f23076bc283]
/inspire/hdd/global_user/baokangjie-CZXS25250151/.elan/toolchains/leanprover--lean4---v4.32.2/bin/../lib/lean/libleanshared.so(<apply/9>+0x8a3) [0x7f230b727413]
/inspire/hdd/global_user/baokangjie-CZXS25250151/.elan/toolchains/leanprover--lean4---v4.32.2/bin/../lib/lean/libleanshared.so(Lean.Elab.withInfoTreeContext [arity↓] spec at Lean.Elab.Tactic.evalTactic.eval+0x185) [0x7f23076bdf55]
/inspire/hdd/global_user/baokangjie-CZXS25250151/.elan/toolchains/leanprover--lean4---v4.32.2/bin/../lib/lean/libleanshared.so(Lean.Elab.Tactic.evalTactic.eval [λ, private]+0x206) [0x7f23076bea66]
/inspire/hdd/global_user/baokangjie-CZXS25250151/.elan/toolchains/leanprover--lean4---v4.32.2/bin/../lib/lean/libleanshared.so(Lean.Elab.Tactic.evalTactic.eval [boxed, λ, private]+0x39) [0x7f23076beba9]
/inspire/hdd/global_user/baokangjie-CZXS25250151/.elan/toolchains/leanprover--lean4---v4.32.2/bin/../lib/lean/libleanshared.so(<apply/9>+0x624) [0x7f230b727194]
/inspire/hdd/global_user/baokangjie-CZXS25250151/.elan/toolchains/leanprover--lean4---v4.32.2/bin/../lib/lean/libleanshared.so(Lean.Elab.Term.withoutTacticIncrementality [arity↓] spec at Lean.Elab.Tactic.evalTactic.eval+0x690) [0x7f23076b8d80]
/inspire/hdd/global_user/baokangjie-CZXS25250151/.elan/toolchains/leanprover--lean4---v4.32.2/bin/../lib/lean/libleanshared.so(Lean.Elab.Tactic.evalTactic.eval [private]+0x432) [0x7f23076bf682]
/inspire/hdd/global_user/baokangjie-CZXS25250151/.elan/toolchains/leanprover--lean4---v4.32.2/bin/../lib/lean/libleanshared.so(Lean.Elab.Tactic.evalTactic.expandEval [private]+0x11bd) [0x7f23076cf3cd]
/inspire/hdd/global_user/baokangjie-CZXS25250151/.elan/toolchains/leanprover--lean4---v4.32.2/bin/../lib/lean/libleanshared.so(Lean.Elab.Tactic.evalTactic [λ]+0x172a) [0x7f23076cc16a]
/inspire/hdd/global_user/baokangjie-CZXS25250151/.elan/toolchains/leanprover--lean4---v4.32.2/bin/../lib/lean/libleanshared.so(<apply/3>+0x115c) [0x7f230b71fb2c]
/inspire/hdd/global_user/baokangjie-CZXS25250151/.elan/toolchains/leanprover--lean4---v4.32.2/bin/../lib/lean/libleanshared.so(Lean.Elab.Tactic.evalTactic [λ]+0x641) [0x7f23076d0531]
/inspire/hdd/global_user/baokangjie-CZXS25250151/.elan/toolchains/leanprover--lean4---v4.32.2/bin/../lib/lean/libleanshared.so(Lean.Elab.Tactic.evalTactic [boxed, λ]+0x27) [0x7f23076d08d7]
/inspire/hdd/global_user/baokangjie-CZXS25250151/.elan/toolchains/leanprover--lean4---v4.32.2/bin/../lib/lean/libleanshared.so(<apply/1>+0xf02) [0x7f230b71c192]
/inspire/hdd/global_user/baokangjie-CZXS25250151/.elan/toolchains/leanprover--lean4---v4.32.2/bin/../lib/lean/libleanshared.so(Lean.profileitIOUnsafe [λ, arity↓]+0xb) [0x7f2305e8112b]
/inspire/hdd/global_user/baokangjie-CZXS25250151/.elan/toolchains/leanprover--lean4---v4.32.2/bin/../lib/lean/libleanshared.so(<apply/1>+0xb53) [0x7f230b71bde3]
/inspire/hdd/global_user/baokangjie-CZXS25250151/.elan/toolchains/leanprover--lean4---v4.32.2/bin/../lib/lean/libleanshared.so(<apply/1>+0xb53) [0x7f230b71bde3]
/inspire/hdd/global_user/baokangjie-CZXS25250151/.elan/toolchains/leanprover--lean4---v4.32.2/bin/../lib/lean/libleanshared.so(lean_profileit+0x83) [0x7f230b6ee993]
Fact721FirstD6DC2h6/Incoming4.lean:87:68: error(lean.invalidField): Invalid field `sphereCycle`: The environment does not contain `Fact721FirstD6DC2h6.Incoming4.Input.sphereCycle`, so it is not possible to project the field `sphereCycle` from an expression
  D
of type `Input I M`
Fact721FirstD6DC2h6/Incoming4.lean:91:80: error: unknown metavariable `?_uniq.6859`
Fact721FirstD6DC2h6/Incoming4.lean:101:12: error: unknown metavariable `?_uniq.3843`
Fact721FirstD6DC2h6/Incoming4.lean:80:0: warning: automatically included section variable(s) unused in theorem `Fact721FirstD6DC2h6.Incoming4.Input.whole_d4_zero`:
  P
  D
consider restructuring your `variable` declarations so that the variables are not in scope or explicitly omit them:
  omit P D in theorem ...

Note: This linter can be disabled with `set_option linter.unusedSectionVars false`
Fact721FirstD6DC2h6/Incoming4.lean:78:0: error: internal exception #3
PANIC at Lean.MetavarContext.getDecl Lean.MetavarContext:482:17: unknown metavariable _uniq.3843
backtrace:
/inspire/hdd/global_user/baokangjie-CZXS25250151/.elan/toolchains/leanprover--lean4---v4.32.2/bin/../lib/lean/libleanshared.so(+0x93331f5) [0x7f230b7181f5]
/inspire/hdd/global_user/baokangjie-CZXS25250151/.elan/toolchains/leanprover--lean4---v4.32.2/bin/../lib/lean/libleanshared.so(+0x932a917) [0x7f230b70f917]
/inspire/hdd/global_user/baokangjie-CZXS25250151/.elan/toolchains/leanprover--lean4---v4.32.2/bin/../lib/lean/libleanshared.so(lean_panic_fn_borrowed+0x2b) [0x7f230b70f9fb]
/inspire/hdd/global_user/baokangjie-CZXS25250151/.elan/toolchains/leanprover--lean4---v4.32.2/bin/../lib/lean/libleanshared.so(Array.foldlMUnsafe.fold [private] spec at Lean.Elab.Tactic.filterOldMVars+0x8c) [0x7f230832157c]
/inspire/hdd/global_user/baokangjie-CZXS25250151/.elan/toolchains/leanprover--lean4---v4.32.2/bin/../lib/lean/libleanshared.so(Lean.Elab.Tactic.filterOldMVars [arity↓]+0x62) [0x7f23083217d2]
/inspire/hdd/global_user/baokangjie-CZXS25250151/.elan/toolchains/leanprover--lean4---v4.32.2/bin/../lib/lean/libleanshared.so(Lean.Elab.Tactic.closeMainGoalUsing [λ]+0x8ff) [0x7f2308322acf]
/inspire/hdd/global_user/baokangjie-CZXS25250151/.elan/toolchains/leanprover--lean4---v4.32.2/bin/../lib/lean/libleanshared.so(Lean.Elab.Tactic.closeMainGoalUsing [boxed, λ]+0x3c) [0x7f230832427c]
/inspire/hdd/global_user/baokangjie-CZXS25250151/.elan/toolchains/leanprover--lean4---v4.32.2/bin/../lib/lean/libleanshared.so(<apply/9>+0x8a3) [0x7f230b727413]
/inspire/hdd/global_user/baokangjie-CZXS25250151/.elan/toolchains/leanprover--lean4---v4.32.2/bin/../lib/lean/libleanshared.so(Lean.MVarId.withContext [boxed, λ, arity↓] spec at Lean.Elab.Tactic.closeMainGoalUsing+0x87) [0x7f2308321b67]
/inspire/hdd/global_user/baokangjie-CZXS25250151/.elan/toolchains/leanprover--lean4---v4.32.2/bin/../lib/lean/libleanshared.so(<apply/5>+0xa98) [0x7f230b722618]
/inspire/hdd/global_user/baokangjie-CZXS25250151/.elan/toolchains/leanprover--lean4---v4.32.2/bin/../lib/lean/libleanshared.so(Lean.Meta.withMVarContextImp [arity↓, private]+0x162) [0x7f2306244fb2]
/inspire/hdd/global_user/baokangjie-CZXS25250151/.elan/toolchains/leanprover--lean4---v4.32.2/bin/../lib/lean/libleanshared.so(Lean.MVarId.withContext [arity↓] spec at Lean.Elab.Tactic.closeMainGoalUsing+0xd1) [0x7f2308321d31]
/inspire/hdd/global_user/baokangjie-CZXS25250151/.elan/toolchains/leanprover--lean4---v4.32.2/bin/../lib/lean/libleanshared.so(Lean.Elab.Tactic.closeMainGoalUsing+0x26d) [0x7f230832451d]
/inspire/hdd/global_user/baokangjie-CZXS25250151/.elan/toolchains/leanprover--lean4---v4.32.2/bin/../lib/lean/libleanshared.so(Lean.Elab.Tactic.evalExact+0x108) [0x7f2308325228]
/inspire/hdd/global_user/baokangjie-CZXS25250151/.elan/toolchains/leanprover--lean4---v4.32.2/bin/../lib/lean/libleanshared.so(Lean.Elab.Tactic.evalExact [boxed]+0x35) [0x7f2308325325]
/inspire/hdd/global_user/baokangjie-CZXS25250151/.elan/toolchains/leanprover--lean4---v4.32.2/bin/../lib/lean/libleanshared.so(<apply/10>+0x256) [0x7f230b727d46]
/inspire/hdd/global_user/baokangjie-CZXS25250151/.elan/toolchains/leanprover--lean4---v4.32.2/bin/../lib/lean/libleanshared.so(Lean.Elab.Tactic.evalTactic.eval [λ, private]+0xf3) [0x7f23076bc283]
/inspire/hdd/global_user/baokangjie-CZXS25250151/.elan/toolchains/leanprover--lean4---v4.32.2/bin/../lib/lean/libleanshared.so(<apply/9>+0x8a3) [0x7f230b727413]
/inspire/hdd/global_user/baokangjie-CZXS25250151/.elan/toolchains/leanprover--lean4---v4.32.2/bin/../lib/lean/libleanshared.so(Lean.Elab.withInfoTreeContext [arity↓] spec at Lean.Elab.Tactic.evalTactic.eval+0x185) [0x7f23076bdf55]
/inspire/hdd/global_user/baokangjie-CZXS25250151/.elan/toolchains/leanprover--lean4---v4.32.2/bin/../lib/lean/libleanshared.so(Lean.Elab.Tactic.evalTactic.eval [λ, private]+0x206) [0x7f23076bea66]
/inspire/hdd/global_user/baokangjie-CZXS25250151/.elan/toolchains/leanprover--lean4---v4.32.2/bin/../lib/lean/libleanshared.so(Lean.Elab.Tactic.evalTactic.eval [boxed, λ, private]+0x39) [0x7f23076beba9]
/inspire/hdd/global_user/baokangjie-CZXS25250151/.elan/toolchains/leanprover--lean4---v4.32.2/bin/../lib/lean/libleanshared.so(<apply/9>+0x624) [0x7f230b727194]
/inspire/hdd/global_user/baokangjie-CZXS25250151/.elan/toolchains/leanprover--lean4---v4.32.2/bin/../lib/lean/libleanshared.so(Lean.Elab.Term.withoutTacticIncrementality [arity↓] spec at Lean.Elab.Tactic.evalTactic.eval+0x690) [0x7f23076b8d80]
/inspire/hdd/global_user/baokangjie-CZXS25250151/.elan/toolchains/leanprover--lean4---v4.32.2/bin/../lib/lean/libleanshared.so(Lean.Elab.Tactic.evalTactic.eval [private]+0x432) [0x7f23076bf682]
/inspire/hdd/global_user/baokangjie-CZXS25250151/.elan/toolchains/leanprover--lean4---v4.32.2/bin/../lib/lean/libleanshared.so(Lean.Elab.Tactic.evalTactic.expandEval [private]+0x11bd) [0x7f23076cf3cd]
/inspire/hdd/global_user/baokangjie-CZXS25250151/.elan/toolchains/leanprover--lean4---v4.32.2/bin/../lib/lean/libleanshared.so(Lean.Elab.Tactic.evalTactic [λ]+0x172a) [0x7f23076cc16a]
/inspire/hdd/global_user/baokangjie-CZXS25250151/.elan/toolchains/leanprover--lean4---v4.32.2/bin/../lib/lean/libleanshared.so(<apply/3>+0x115c) [0x7f230b71fb2c]
/inspire/hdd/global_user/baokangjie-CZXS25250151/.elan/toolchains/leanprover--lean4---v4.32.2/bin/../lib/lean/libleanshared.so(Lean.Elab.Tactic.evalTactic [λ]+0x641) [0x7f23076d0531]
/inspire/hdd/global_user/baokangjie-CZXS25250151/.elan/toolchains/leanprover--lean4---v4.32.2/bin/../lib/lean/libleanshared.so(Lean.Elab.Tactic.evalTactic [boxed, λ]+0x27) [0x7f23076d08d7]
/inspire/hdd/global_user/baokangjie-CZXS25250151/.elan/toolchains/leanprover--lean4---v4.32.2/bin/../lib/lean/libleanshared.so(<apply/1>+0xf02) [0x7f230b71c192]
/inspire/hdd/global_user/baokangjie-CZXS25250151/.elan/toolchains/leanprover--lean4---v4.32.2/bin/../lib/lean/libleanshared.so(Lean.profileitIOUnsafe [λ, arity↓]+0xb) [0x7f2305e8112b]
/inspire/hdd/global_user/baokangjie-CZXS25250151/.elan/toolchains/leanprover--lean4---v4.32.2/bin/../lib/lean/libleanshared.so(<apply/1>+0xb53) [0x7f230b71bde3]
/inspire/hdd/global_user/baokangjie-CZXS25250151/.elan/toolchains/leanprover--lean4---v4.32.2/bin/../lib/lean/libleanshared.so(<apply/1>+0xb53) [0x7f230b71bde3]
/inspire/hdd/global_user/baokangjie-CZXS25250151/.elan/toolchains/leanprover--lean4---v4.32.2/bin/../lib/lean/libleanshared.so(lean_profileit+0x83) [0x7f230b6ee993]
/inspire/hdd/global_user/baokangjie-CZXS25250151/.elan/toolchains/leanprover--lean4---v4.32.2/bin/../lib/lean/libleanshared.so(Lean.profileitIOUnsafe [arity↓]+0x82) [0x7f2305e812e2]
/inspire/hdd/global_user/baokangjie-CZXS25250151/.elan/toolchains/leanprover--lean4---v4.32.2/bin/../lib/lean/libleanshared.so(Lean.Elab.Tactic.evalTactic+0x179) [0x7f23076ca619]
/inspire/hdd/global_user/baokangjie-CZXS25250151/.elan/toolchains/leanprover--lean4---v4.32.2/bin/../lib/lean/libleanshared.so(Lean.Elab.Term.withNarrowedTacticReuse [λ] spec at Lean.Elab.Term.withNarrowedArgTacticReuse spec at Lean.Elab.Tactic.evalWithAnnotateState spec at Lean.Elab.Tactic.evalSepTactics.goEven+0x5e8) [0x7f2308e98f88]
/inspire/hdd/global_user/baokangjie-CZXS25250151/.elan/toolchains/leanprover--lean4---v4.32.2/bin/../lib/lean/libleanshared.so(Lean.Elab.Term.withNarrowedTacticReuse [boxed, λ] spec at Lean.Elab.Term.withNarrowedArgTacticReuse spec at Lean.Elab.Tactic.evalWithAnnotateState spec at Lean.Elab.Tactic.evalSepTactics.goEven+0x87) [0x7f2308e9b597]
/inspire/hdd/global_user/baokangjie-CZXS25250151/.elan/toolchains/leanprover--lean4---v4.32.2/bin/../lib/lean/libleanshared.so(<apply/9>+0x3f6) [0x7f230b726f66]
/inspire/hdd/global_user/baokangjie-CZXS25250151/.elan/toolchains/leanprover--lean4---v4.32.2/bin/../lib/lean/libleanshared.so(Lean.Elab.Term.withReuseContext [arity↓] spec at Lean.Elab.Term.withNarrowedTacticReuse spec at Lean.Elab.Term.withNarrowedArgTacticReuse spec at Lean.Elab.Tactic.evalWithAnnotateState+0x31b) [0x7f2308e9176b]
/inspire/hdd/global_user/baokangjie-CZXS25250151/.elan/toolchains/leanprover--lean4---v4.32.2/bin/../lib/lean/libleanshared.so(Lean.Elab.Term.withNarrowedTacticReuse [boxed, λ] spec at Lean.Elab.Term.withNarrowedArgTacticReuse spec at Lean.Elab.Tactic.evalWithAnnotateState spec at Lean.Elab.Tactic.evalSepTactics.goEven+0x34) [0x7f2308e97a64]
/inspire/hdd/global_user/baokangjie-CZXS25250151/.elan/toolchains/leanprover--lean4---v4.32.2/bin/../lib/lean/libleanshared.so(<apply/9>+0x624) [0x7f230b727194]
/inspire/hdd/global_user/baokangjie-CZXS25250151/.elan/toolchains/leanprover--lean4---v4.32.2/bin/../lib/lean/libleanshared.so(Lean.Elab.Term.withNarrowedTacticReuse spec at Lean.Elab.Term.withNarrowedArgTacticReuse spec at Lean.Elab.Tactic.evalWithAnnotateState spec at Lean.Elab.Tactic.evalSepTactics.goEven+0x7a6) [0x7f2308e9be16]
/inspire/hdd/global_user/baokangjie-CZXS25250151/.elan/toolchains/leanprover--lean4---v4.32.2/bin/../lib/lean/libleanshared.so(Lean.Elab.Tactic.evalSepTactics.goEven [private]+0xd0) [0x7f2308e9c110]
/inspire/hdd/global_user/baokangjie-CZXS25250151/.elan/toolchains/leanprover--lean4---v4.32.2/bin/../lib/lean/libleanshared.so(Lean.Elab.Tactic.evalSepTactics.goEven [boxed, private]+0x35) [0x7f2308e9c605]
/inspire/hdd/global_user/baokangjie-CZXS25250151/.elan/toolchains/leanprover--lean4---v4.32.2/bin/../lib/lean/libleanshared.so(<apply/9>+0x801) [0x7f230b727371]
/inspire/hdd/global_user/baokangjie-CZXS25250151/.elan/toolchains/leanprover--lean4---v4.32.2/bin/../lib/lean/libleanshared.so(Lean.Elab.Term.withReuseContext [arity↓] spec at Lean.Elab.Term.withNarrowedTacticReuse spec at Lean.Elab.Term.withNarrowedArgTacticReuse spec at Lean.Elab.Tactic.evalWithAnnotateState+0x31b) [0x7f2308e9176b]
/inspire/hdd/global_user/baokangjie-CZXS25250151/.elan/toolchains/leanprover--lean4---v4.32.2/bin/../lib/lean/libleanshared.so(Lean.Elab.Term.withNarrowedTacticReuse [boxed, λ, arity↓] spec at Lean.Elab.Term.withNarrowedArgTacticReuse spec at Lean.Elab.Tactic.evalWithAnnotateState+0x67) [0x7f2308e91b67]
/inspire/hdd/global_user/baokangjie-CZXS25250151/.elan/toolchains/leanprover--lean4---v4.32.2/bin/../lib/lean/libleanshared.so(<apply/9>+0x624) [0x7f230b727194]
/inspire/hdd/global_user/baokangjie-CZXS25250151/.elan/toolchains/leanprover--lean4---v4.32.2/bin/../lib/lean/libleanshared.so(Lean.Elab.Term.withNarrowedTacticReuse [arity↓] spec at Lean.Elab.Term.withNarrowedArgTacticReuse spec at Lean.Elab.Tactic.evalWithAnnotateState+0x6fa) [0x7f2308e9256a]
/inspire/hdd/global_user/baokangjie-CZXS25250151/.elan/toolchains/leanprover--lean4---v4.32.2/bin/../lib/lean/libleanshared.so(Lean.Elab.Tactic.evalTacticSeq1Indented [boxed]+0x8c) [0x7f2308e9d89c]
/inspire/hdd/global_user/baokangjie-CZXS25250151/.elan/toolchains/leanprover--lean4---v4.32.2/bin/../lib/lean/libleanshared.so(<apply/10>+0x256) [0x7f230b727d46]
/inspire/hdd/global_user/baokangjie-CZXS25250151/.elan/toolchains/leanprover--lean4---v4.32.2/bin/../lib/lean/libleanshared.so(Lean.Elab.Tactic.evalTactic.eval [λ, private]+0xf3) [0x7f23076bc283]
/inspire/hdd/global_user/baokangjie-CZXS25250151/.elan/toolchains/leanprover--lean4---v4.32.2/bin/../lib/lean/libleanshared.so(<apply/9>+0x8a3) [0x7f230b727413]
/inspire/hdd/global_user/baokangjie-CZXS25250151/.elan/toolchains/leanprover--lean4---v4.32.2/bin/../lib/lean/libleanshared.so(Lean.Elab.withInfoTreeContext [arity↓] spec at Lean.Elab.Tactic.evalTactic.eval+0x185) [0x7f23076bdf55]
/inspire/hdd/global_user/baokangjie-CZXS25250151/.elan/toolchains/leanprover--lean4---v4.32.2/bin/../lib/lean/libleanshared.so(Lean.Elab.Tactic.evalTactic.eval [λ, private]+0x206) [0x7f23076bea66]
/inspire/hdd/global_user/baokangjie-CZXS25250151/.elan/toolchains/leanprover--lean4---v4.32.2/bin/../lib/lean/libleanshared.so(Lean.Elab.Tactic.evalTactic.eval [boxed, λ, private]+0x39) [0x7f23076beba9]
/inspire/hdd/global_user/baokangjie-CZXS25250151/.elan/toolchains/leanprover--lean4---v4.32.2/bin/../lib/lean/libleanshared.so(<apply/9>+0x624) [0x7f230b727194]
/inspire/hdd/global_user/baokangjie-CZXS25250151/.elan/toolchains/leanprover--lean4---v4.32.2/bin/../lib/lean/libleanshared.so(Lean.Elab.Term.withoutTacticIncrementality [arity↓] spec at Lean.Elab.Tactic.evalTactic.eval+0x690) [0x7f23076b8d80]
/inspire/hdd/global_user/baokangjie-CZXS25250151/.elan/toolchains/leanprover--lean4---v4.32.2/bin/../lib/lean/libleanshared.so(Lean.Elab.Tactic.evalTactic.eval [private]+0x432) [0x7f23076bf682]
/inspire/hdd/global_user/baokangjie-CZXS25250151/.elan/toolchains/leanprover--lean4---v4.32.2/bin/../lib/lean/libleanshared.so(Lean.Elab.Tactic.evalTactic.expandEval [private]+0x11bd) [0x7f23076cf3cd]
/inspire/hdd/global_user/baokangjie-CZXS25250151/.elan/toolchains/leanprover--lean4---v4.32.2/bin/../lib/lean/libleanshared.so(Lean.Elab.Tactic.evalTactic [λ]+0x172a) [0x7f23076cc16a]
/inspire/hdd/global_user/baokangjie-CZXS25250151/.elan/toolchains/leanprover--lean4---v4.32.2/bin/../lib/lean/libleanshared.so(<apply/3>+0x115c) [0x7f230b71fb2c]
/inspire/hdd/global_user/baokangjie-CZXS25250151/.elan/toolchains/leanprover--lean4---v4.32.2/bin/../lib/lean/libleanshared.so(Lean.Elab.Tactic.evalTactic [λ]+0x641) [0x7f23076d0531]
/inspire/hdd/global_user/baokangjie-CZXS25250151/.elan/toolchains/leanprover--lean4---v4.32.2/bin/../lib/lean/libleanshared.so(Lean.Elab.Tactic.evalTactic [boxed, λ]+0x27) [0x7f23076d08d7]
/inspire/hdd/global_user/baokangjie-CZXS25250151/.elan/toolchains/leanprover--lean4---v4.32.2/bin/../lib/lean/libleanshared.so(<apply/1>+0xf02) [0x7f230b71c192]
/inspire/hdd/global_user/baokangjie-CZXS25250151/.elan/toolchains/leanprover--lean4---v4.32.2/bin/../lib/lean/libleanshared.so(Lean.profileitIOUnsafe [λ, arity↓]+0xb) [0x7f2305e8112b]
/inspire/hdd/global_user/baokangjie-CZXS25250151/.elan/toolchains/leanprover--lean4---v4.32.2/bin/../lib/lean/libleanshared.so(<apply/1>+0xb53) [0x7f230b71bde3]
/inspire/hdd/global_user/baokangjie-CZXS25250151/.elan/toolchains/leanprover--lean4---v4.32.2/bin/../lib/lean/libleanshared.so(<apply/1>+0xb53) [0x7f230b71bde3]
/inspire/hdd/global_user/baokangjie-CZXS25250151/.elan/toolchains/leanprover--lean4---v4.32.2/bin/../lib/lean/libleanshared.so(lean_profileit+0x83) [0x7f230b6ee993]
/inspire/hdd/global_user/baokangjie-CZXS25250151/.elan/toolchains/leanprover--lean4---v4.32.2/bin/../lib/lean/libleanshared.so(Lean.profileitIOUnsafe [arity↓]+0x82) [0x7f2305e812e2]
/inspire/hdd/global_user/baokangjie-CZXS25250151/.elan/toolchains/leanprover--lean4---v4.32.2/bin/../lib/lean/libleanshared.so(Lean.Elab.Tactic.evalTactic+0x179) [0x7f23076ca619]
/inspire/hdd/global_user/baokangjie-CZXS25250151/.elan/toolchains/leanprover--lean4---v4.32.2/bin/../lib/lean/libleanshared.so(Lean.Elab.Tactic.evalTactic [boxed]+0x35) [0x7f23076d2a35]
/inspire/hdd/global_user/baokangjie-CZXS25250151/.elan/toolchains/leanprover--lean4---v4.32.2/bin/../lib/lean/libleanshared.so(<apply/9>+0x801) [0x7f230b727371]
/inspire/hdd/global_user/baokangjie-CZXS25250151/.elan/toolchains/leanprover--lean4---v4.32.2/bin/../lib/lean/libleanshared.so(Lean.Elab.Term.withReuseContext [arity↓] spec at Lean.Elab.Term.withNarrowedTacticReuse spec at Lean.Elab.Term.withNarrowedArgTacticReuse spec at Lean.Elab.Tactic.evalWithAnnotateState+0x31b) [0x7f2308e9176b]
/inspire/hdd/global_user/baokangjie-CZXS25250151/.elan/toolchains/leanprover--lean4---v4.32.2/bin/../lib/lean/libleanshared.so(Lean.Elab.Term.withNarrowedTacticReuse [boxed, λ, arity↓] spec at Lean.Elab.Term.withNarrowedArgTacticReuse spec at Lean.Elab.Tactic.evalWithAnnotateState+0x67) [0x7f2308e91b67]
/inspire/hdd/global_user/baokangjie-CZXS25250151/.elan/toolchains/leanprover--lean4---v4.32.2/bin/../lib/lean/libleanshared.so(<apply/9>+0x624) [0x7f230b727194]
/inspire/hdd/global_user/baokangjie-CZXS25250151/.elan/toolchains/leanprover--lean4---v4.32.2/bin/../lib/lean/libleanshared.so(Lean.Elab.Term.withNarrowedTacticReuse [arity↓] spec at Lean.Elab.Term.withNarrowedArgTacticReuse spec at Lean.Elab.Tactic.evalWithAnnotateState+0x6fa) [0x7f2308e9256a]
/inspire/hdd/global_user/baokangjie-CZXS25250151/.elan/toolchains/leanprover--lean4---v4.32.2/bin/../lib/lean/libleanshared.so(Lean.Elab.Tactic.evalTacticSeq [boxed]+0x8c) [0x7f2308ec66cc]
/inspire/hdd/global_user/baokangjie-CZXS25250151/.elan/toolchains/leanprover--lean4---v4.32.2/bin/../lib/lean/libleanshared.so(<apply/10>+0x256) [0x7f230b727d46]
/inspire/hdd/global_user/baokangjie-CZXS25250151/.elan/toolchains/leanprover--lean4---v4.32.2/bin/../lib/lean/libleanshared.so(Lean.Elab.Tactic.evalTactic.eval [λ, private]+0xf3) [0x7f23076bc283]
/inspire/hdd/global_user/baokangjie-CZXS25250151/.elan/toolchains/leanprover--lean4---v4.32.2/bin/../lib/lean/libleanshared.so(<apply/9>+0x8a3) [0x7f230b727413]
/inspire/hdd/global_user/baokangjie-CZXS25250151/.elan/toolchains/leanprover--lean4---v4.32.2/bin/../lib/lean/libleanshared.so(Lean.Elab.withInfoTreeContext [arity↓] spec at Lean.Elab.Tactic.evalTactic.eval+0x185) [0x7f23076bdf55]
/inspire/hdd/global_user/baokangjie-CZXS25250151/.elan/toolchains/leanprover--lean4---v4.32.2/bin/../lib/lean/libleanshared.so(Lean.Elab.Tactic.evalTactic.eval [λ, private]+0x206) [0x7f23076bea66]
/inspire/hdd/global_user/baokangjie-CZXS25250151/.elan/toolchains/leanprover--lean4---v4.32.2/bin/../lib/lean/libleanshared.so(Lean.Elab.Tactic.evalTactic.eval [boxed, λ, private]+0x39) [0x7f23076beba9]
/inspire/hdd/global_user/baokangjie-CZXS25250151/.elan/toolchains/leanprover--lean4---v4.32.2/bin/../lib/lean/libleanshared.so(<apply/9>+0x624) [0x7f230b727194]
/inspire/hdd/global_user/baokangjie-CZXS25250151/.elan/toolchains/leanprover--lean4---v4.32.2/bin/../lib/lean/libleanshared.so(Lean.Elab.Term.withoutTacticIncrementality [arity↓] spec at Lean.Elab.Tactic.evalTactic.eval+0x690) [0x7f23076b8d80]
/inspire/hdd/global_user/baokangjie-CZXS25250151/.elan/toolchains/leanprover--lean4---v4.32.2/bin/../lib/lean/libleanshared.so(Lean.Elab.Tactic.evalTactic.eval [private]+0x432) [0x7f23076bf682]
/inspire/hdd/global_user/baokangjie-CZXS25250151/.elan/toolchains/leanprover--lean4---v4.32.2/bin/../lib/lean/libleanshared.so(Lean.Elab.Tactic.evalTactic.expandEval [private]+0x11bd) [0x7f23076cf3cd]
/inspire/hdd/global_user/baokangjie-CZXS25250151/.elan/toolchains/leanprover--lean4---v4.32.2/bin/../lib/lean/libleanshared.so(Lean.Elab.Tactic.evalTactic [λ]+0x172a) [0x7f23076cc16a]
/inspire/hdd/global_user/baokangjie-CZXS25250151/.elan/toolchains/leanprover--lean4---v4.32.2/bin/../lib/lean/libleanshared.so(<apply/3>+0x115c) [0x7f230b71fb2c]
/inspire/hdd/global_user/baokangjie-CZXS25250151/.elan/toolchains/leanprover--lean4---v4.32.2/bin/../lib/lean/libleanshared.so(Lean.Elab.Tactic.evalTactic [λ]+0x641) [0x7f23076d0531]
/inspire/hdd/global_user/baokangjie-CZXS25250151/.elan/toolchains/leanprover--lean4---v4.32.2/bin/../lib/lean/libleanshared.so(Lean.Elab.Tactic.evalTactic [boxed, λ]+0x27) [0x7f23076d08d7]
/inspire/hdd/global_user/baokangjie-CZXS25250151/.elan/toolchains/leanprover--lean4---v4.32.2/bin/../lib/lean/libleanshared.so(<apply/1>+0xf02) [0x7f230b71c192]
/inspire/hdd/global_user/baokangjie-CZXS25250151/.elan/toolchains/leanprover--lean4---v4.32.2/bin/../lib/lean/libleanshared.so(Lean.profileitIOUnsafe [λ, arity↓]+0xb) [0x7f2305e8112b]
/inspire/hdd/global_user/baokangjie-CZXS25250151/.elan/toolchains/leanprover--lean4---v4.32.2/bin/../lib/lean/libleanshared.so(<apply/1>+0xb53) [0x7f230b71bde3]
/inspire/hdd/global_user/baokangjie-CZXS25250151/.elan/toolchains/leanprover--lean4---v4.32.2/bin/../lib/lean/libleanshared.so(<apply/1>+0xb53) [0x7f230b71bde3]
/inspire/hdd/global_user/baokangjie-CZXS25250151/.elan/toolchains/leanprover--lean4---v4.32.2/bin/../lib/lean/libleanshared.so(lean_profileit+0x83) [0x7f230b6ee993]
/inspire/hdd/global_user/baokangjie-CZXS25250151/.elan/toolchains/leanprover--lean4---v4.32.2/bin/../lib/lean/libleanshared.so(Lean.profileitIOUnsafe [arity↓]+0x82) [0x7f2305e812e2]
/inspire/hdd/global_user/baokangjie-CZXS25250151/.elan/toolchains/leanprover--lean4---v4.32.2/bin/../lib/lean/libleanshared.so(Lean.Elab.Tactic.evalTactic+0x179) [0x7f23076ca619]
'Fact721FirstD6DC2h6.Incoming4.Input.sphere_d4_zero' does not depend on any axioms
'Fact721FirstD6DC2h6.Incoming4.Input.source_decomposition' does not depend on any axioms
'Fact721FirstD6DC2h6.Incoming4.Input.middle_false' does not depend on any axioms
'Fact721FirstD6DC2h6.Incoming4.Input.kernel_decomposition' does not depend on any axioms
'Fact721FirstD6DC2h6.Incoming4.Input.whole_d4_zero' does not depend on any axioms
