stem,s,base,diff,level
0,0,0,[NULL],9000
1,1,0,[NULL],9000
2,1,0,[NULL],9000
2,2,0,[NULL],9000
3,1,0,[NULL],9000
3,2,0,[NULL],9000
4,3,0,[NULL],9000
6,2,0,[NULL],9000
7,1,0,[NULL],9000
7,2,0,[NULL],9000
8,2,0,[NULL],9000
8,3,0,[NULL],9000
9,2,0,[NULL],9000
8,4,0,[NULL],9000
9,3,1,[NULL],9000
9,3,0,[NULL],9000
9,4,0,[NULL],9000
10,3,0,[NULL],9000
9,5,0,[NULL],9000
10,4,0,[NULL],9000
10,5,0,[NULL],9000
10,6,0,[NULL],9000
11,5,0,[NULL],9000
14,2,0,[NULL],9000
15,1,0,[NULL],9000
11,6,0,[NULL],9000
14,4,0,[NULL],9000
15,3,0,[NULL],9000
16,2,0,[NULL],9000
12,7,0,[NULL],9000
17,2,0,[NULL],9000
15,5,0,[NULL],9000
17,3,0,[NULL],9000
18,2,0,[NULL],9000
15,6,0,[NULL],9000
16,5,0,[NULL],9000
17,4,0,0,9998
18,3,0,[NULL],9000
16,6,0,0,2
18,4,0,[NULL],9000
19,3,0,[NULL],9000
16,7,0,[NULL],9000
17,6,0,[NULL],9000
19,4,0,[NULL],9000
20,3,0,[NULL],9000
16,8,0,[NULL],9000
17,7,0,[NULL],9000
19,5,0,0,9998
20,4,0,[NULL],9000
21,3,0,[NULL],9000
17,8,0,[NULL],9000
18,7,0,0,2
22,3,0,[NULL],9000
17,9,0,[NULL],9000
18,8,0,[NULL],9000
21,5,0,[NULL],9000
22,4,0,[NULL],9000
18,9,0,[NULL],9000
21,6,0,[NULL],9000
22,5,0,[NULL],9000
23,4,1,[NULL],9000
23,4,0,[NULL],9000
18,10,0,[NULL],9000
19,9,0,[NULL],9000
23,5,0,[NULL],9000
24,4,0,[NULL],9000
19,10,0,[NULL],9000
24,5,0,[NULL],9000
22,8,0,[NULL],9000
23,7,0,[NULL],9000
24,6,0,0,9997
25,5,0,[NULL],9000
20,11,0,[NULL],9000
23,9,0,0,3
26,6,0,[NULL],9000
30,2,0,[NULL],9000
31,1,0,[NULL],9000
23,10,0,[NULL],9000
24,9,0,[NULL],9000
25,8,0,0,9998
26,7,0,0,9997
27,6,0,[NULL],9000
24,10,0,0,2
31,3,0,[NULL],9000
32,2,0,[NULL],9000
24,11,0,[NULL],9000
25,10,0,0,3
32,3,0,[NULL],9000
33,2,0,[NULL],9000
24,12,0,[NULL],9000
25,11,0,[NULL],9000
27,9,0,0,9998
28,8,0,[NULL],9000
29,7,0,[NULL],9000
30,6,0,0,9996
31,5,1,[NULL],9000
31,5,0,0,9996
32,4,0,[NULL],9000
33,3,0,[NULL],9000
34,2,0,[NULL],9000
25,12,0,[NULL],9000
26,11,0,0,2
32,5,0,[NULL],9000
33,4,1,[NULL],9000
33,4,0,[NULL],9000
34,3,0,[NULL],9000
25,13,0,[NULL],9000
26,12,0,[NULL],9000
32,6,0,[NULL],9000
26,13,0,[NULL],9000
29,10,0,0,4
30,9,0,0,4
31,8,0,0,9996
32,7,0,0,9996
33,6,0,[NULL],9000
34,5,0,[NULL],9000
35,4,0,[NULL],9000
26,14,0,[NULL],9000
27,13,0,[NULL],9000
33,7,0,[NULL],9000
34,6,0,[NULL],9000
35,5,0,[NULL],9000
37,3,0,[NULL],9000
38,2,0,[NULL],9000
27,14,0,[NULL],9000
34,7,0,[NULL],9000
35,6,0,[NULL],9000
36,5,0,[NULL],9000
38,3,0,[NULL],9000
30,12,0,0,4
31,11,0,0,4
32,10,0,0,9997
33,9,0,0,9996
34,8,0,[NULL],9000
35,7,0,[NULL],9000
36,6,0,[NULL],9000
37,5,0,[NULL],9000
38,4,0,0,9997
39,3,0,[NULL],9000
28,15,0,[NULL],9000
37,6,0,[NULL],9000
39,4,1,[NULL],9000
39,4,0,1,9998
40,3,0,[NULL],9000
31,13,0,0,3
37,7,0,0,3
38,6,1,0,2
38,6,0,[NULL],9000
39,5,1,[NULL],9000
39,5,0,[NULL],9000
40,4,2,[NULL],9000
40,4,1,[NULL],9000
40,4,0,[NULL],9000
41,3,0,[NULL],9000
31,14,0,[NULL],9000
32,13,0,0,4
33,12,0,0,9998
34,11,0,0,9997
35,10,0,[NULL],9000
36,9,0,[NULL],9000
37,8,0,0,9996
38,7,0,[NULL],9000
39,6,0,[NULL],9000
40,5,1,[NULL],9000
40,5,0,[NULL],9000
41,4,0,[NULL],9000
32,14,0,0,2
38,8,0,0,9997
39,7,0,[NULL],9000
40,6,0,[NULL],9000
41,5,0,[NULL],9000
32,15,0,[NULL],9000
33,14,0,0,3
40,7,0,[NULL],9000
41,6,1,[NULL],9000
41,6,0,[NULL],9000
42,5,0,[NULL],9000
32,16,0,[NULL],9000
33,15,0,[NULL],9000
35,13,0,0,9998
36,12,0,0,4
37,11,0,0,3
38,10,0,0,9996
39,9,1,[NULL],9000
39,9,0,0,9996
40,8,0,[NULL],9000
41,7,0,[NULL],9000
42,6,0,[NULL],9000
44,4,0,[NULL],9000
45,3,0,[NULL],9000
33,16,0,[NULL],9000
34,15,0,0,2
40,9,0,[NULL],9000
41,8,0,0,9998
42,7,0,[NULL],9000
33,17,0,[NULL],9000
34,16,0,[NULL],9000
40,10,0,0,2
45,5,0,[NULL],9000
45,5,1,[NULL],9000
46,4,0,[NULL],9000
34,17,0,[NULL],9000
37,14,0,0,4
38,13,0,0,4
39,12,0,0,9996
40,11,0,0,9996
41,10,1,[NULL],9000
41,10,0,[NULL],9000
42,9,0,[NULL],9000
43,8,0,[NULL],9000
45,6,0,[NULL],9000
46,5,0,[NULL],9000
34,18,0,[NULL],9000
35,17,0,[NULL],9000
43,9,0,0,9998
46,6,0,[NULL],9000
47,5,0,[NULL],9000
48,4,0,[NULL],9000
35,18,0,[NULL],9000
42,11,0,0,2
46,7,1,[NULL],9000
46,7,0,[NULL],9000
47,6,0,[NULL],9000
48,5,0,1,9998
49,4,0,0,9998
38,16,0,0,4
39,15,0,0,4
40,14,0,0,9997
41,13,0,0,9996
42,12,0,[NULL],9000
43,11,0,[NULL],9000
44,10,0,0,9996
45,9,0,[NULL],9000
46,8,0,[NULL],9000
47,7,1,0,2
47,7,0,[NULL],9000
48,6,0,0,2
49,5,0,[NULL],9000
50,4,0,[NULL],9000
36,19,0,[NULL],9000
45,10,0,0,9997
46,9,0,[NULL],9000
47,8,1,[NULL],9000
47,8,0,[NULL],9000
47,8,2,[NULL],9000
48,7,0,[NULL],9000
48,7,1,[NULL],9000
51,4,0,[NULL],9000
39,17,0,0,3
48,8,1,[NULL],9000
48,8,0,[NULL],9000
49,7,0,[NULL],9000
50,6,1,[NULL],9000
50,6,0,1,9997
51,5,0,[NULL],9000
39,18,0,[NULL],9000
40,17,0,0,4
41,16,0,0,9998
42,15,0,0,9997
43,14,0,0,4
44,13,0,0,3
45,12,0,0,9996
46,11,0,[NULL],9000
47,10,0,[NULL],9000
48,9,0,[NULL],9000
51,6,0,[NULL],9000
52,5,0,0,9996
40,18,0,0,2
46,12,0,0,9997
47,11,0,[NULL],9000
48,10,0,"0,1",9997
49,9,1,0,3
49,9,0,[NULL],9000
52,6,0,[NULL],9000
53,5,1,[NULL],9000
53,5,0,0,9998
40,19,0,[NULL],9000
41,18,0,0,3
51,8,0,[NULL],9000
52,7,0,0,2
53,6,0,[NULL],9000
54,5,0,[NULL],9000
40,20,0,[NULL],9000
41,19,0,[NULL],9000
43,17,0,0,9998
44,16,0,0,4
45,15,0,0,3
46,14,0,0,9996
47,13,"0,1",0,3
47,13,1,0,9996
48,12,0,[NULL],9000
49,11,0,[NULL],9000
50,10,0,1,9996
51,9,0,0,4
52,8,1,[NULL],9000
52,8,0,[NULL],9000
53,7,0,[NULL],9000
54,6,0,0,9997
41,20,0,[NULL],9000
42,19,0,0,2
48,13,0,[NULL],9000
49,12,0,0,9998
50,11,0,0,9997
51,10,0,0,9997
52,9,0,[NULL],9000
53,8,0,[NULL],9000
54,7,0,[NULL],9000
55,6,0,0,9998
41,21,0,[NULL],9000
42,20,0,[NULL],9000
48,14,0,0,2
53,9,0,0,3
54,8,0,0,2
55,7,0,0,9995
42,21,0,[NULL],9000
45,18,0,0,4
46,17,0,1,4
47,16,0,0,9996
48,15,0,0,9996
49,14,0,0,3
49,14,1,0,4
50,13,0,0,3
51,12,0,0,9996
52,11,0,[NULL],9000
53,10,0,[NULL],9000
54,9,0,[NULL],9000
56,7,0,0,9997
42,22,0,[NULL],9000
43,21,0,[NULL],9000
51,13,0,0,9998
52,12,0,0,9997
53,11,0,[NULL],9000
54,10,0,[NULL],9000
57,7,0,1,9997
58,6,0,0,9996
62,2,0,[NULL],9000
63,1,0,[NULL],9000
43,22,0,[NULL],9000
50,15,0,0,2
54,11,0,[NULL],9000
55,10,0,0,3
56,9,0,0,9995
57,8,0,0,9995
61,4,0,0,9997
46,20,0,0,4
47,19,0,0,4
48,18,0,0,9997
49,17,0,0,9996
50,16,0,0,4
51,15,0,0,3
52,14,0,0,9996
53,13,0,[NULL],9000
54,12,0,0,5
55,11,1,[NULL],9000
55,11,0,[NULL],9000
56,10,1,0,3
56,10,0,1,9998
57,9,0,0,9997
62,4,0,1,9998
63,3,0,[NULL],9000
64,2,0,[NULL],9000
44,23,0,[NULL],9000
53,14,0,0,9997
54,13,0,[NULL],9000
55,12,1,0,2
55,12,0,0,9997
56,11,0,0,9996
57,10,0,0,4
58,9,0,[NULL],9000
59,8,0,[NULL],9000
60,7,0,0,3
61,6,1,0,2
61,6,0,0,9994
62,5,1,0,9996
62,5,0,[NULL],9996
64,3,0,[NULL],9000
65,2,0,0,9998
47,21,0,0,3
56,12,0,0,3
57,11,0,[NULL],9000
58,10,0,[NULL],9000
62,6,0,[NULL],9000
63,5,1,0,9997
63,5,0,0,9998
64,4,0,0,2
65,3,1,[NULL],9000
65,3,0,[NULL],9000
66,2,0,[NULL],9000
47,22,0,[NULL],9000
48,21,0,0,4
49,20,0,0,9998
50,19,0,0,9997
51,18,0,0,4
52,17,0,0,3
53,16,0,0,9996
54,15,0,0,3
55,14,0,0,5
56,13,0,0,5
57,12,0,0,9996
58,11,0,1,9998
59,10,0,[NULL],9000
60,9,0,[NULL],9000
62,7,0,0,2
63,6,0,[NULL],9000
63,6,1,[NULL],9000
64,5,0,[NULL],9000
65,4,0,[NULL],9000
66,3,0,[NULL],9000
48,22,0,0,2
54,16,0,0,9997
55,15,0,0,4
56,14,0,1,9997
57,13,1,0,2
57,13,0,0,9996
58,12,0,0,9997
61,9,0,1,4
61,9,1,0,9998
62,8,0,1,3
62,8,2,[NULL],9000
62,8,1,1,9997
63,7,0,[NULL],9000
63,7,1,0,9994
64,6,1,[NULL],9000
64,6,0,1,9997
65,5,0,[NULL],9000
48,23,0,[NULL],9000
49,22,0,0,3
60,11,0,1,2
63,8,"0,1",[NULL],9000
63,8,1,0,9997
64,7,1,[NULL],9000
64,7,0,1,9997
65,6,0,[NULL],9000
66,5,0,[NULL],9000
67,4,0,[NULL],9000
48,24,0,[NULL],9000
49,23,0,[NULL],9000
51,21,0,0,9998
52,20,0,0,4
53,19,0,0,3
54,18,0,0,9996
55,17,1,0,3
55,17,0,0,9996
56,16,0,0,4
57,15,0,0,3
58,14,0,1,9996
59,13,0,[NULL],9000
60,12,0,0,6
60,12,1,[NULL],9000
61,11,1,1,3
61,11,0,[NULL],6
62,10,"0,1",[NULL],9000
62,10,2,1,9996
62,10,1,[NULL],9996
63,9,1,0,3
63,9,0,[NULL],9000
64,8,0,[NULL],9000
65,7,1,[NULL],9000
65,7,0,[NULL],9000
66,6,1,[NULL],9000
66,6,0,"0,1",9998
67,5,0,[NULL],9000
67,5,1,[NULL],9000
68,4,0,[NULL],9000
69,3,0,[NULL],9000
70,2,0,[NULL],9000
49,24,0,[NULL],9000
50,23,0,0,2
56,17,0,0,4
57,16,0,0,9998
58,15,0,"0,1",9997
59,14,0,0,9997
60,13,0,[NULL],9000
61,12,0,0,9997
62,11,0,0,3
63,10,1,0,3
63,10,0,1,9997
64,9,1,[NULL],9000
64,9,0,[NULL],9000
65,8,"0,1",0,2
65,8,1,[NULL],9000
66,7,0,[NULL],9000
66,7,1,0,9998
69,4,0,[NULL],9000
70,3,0,[NULL],9000
49,25,0,[NULL],9000
50,24,0,[NULL],9000
56,18,0,0,2
63,11,0,0,9995
64,10,0,[NULL],9000
65,9,0,1,2
67,7,0,[NULL],9000
68,6,"0,1",[NULL],9000
68,6,1,[NULL],9000
69,5,0,1,9998
70,4,0,0,9995
71,3,0,[NULL],9000
50,25,0,[NULL],9000
53,22,0,0,4
54,21,0,0,4
55,20,0,0,9996
56,19,0,0,9996
57,18,"0,1",0,3
57,18,1,0,4
58,17,0,0,3
59,16,0,0,9996
60,15,0,0,3
61,14,1,2,4
61,14,0,[NULL],4
62,13,1,0,3
62,13,0,"0,1",6
63,12,0,0,9997
64,11,1,1,9996
64,11,0,[NULL],9996
65,10,1,[NULL],9000
65,10,2,[NULL],9000
65,10,0,[NULL],9000
66,9,0,[NULL],9000
66,9,1,[NULL],9000
67,8,1,[NULL],9000
67,8,0,[NULL],9000
68,7,1,0,2
68,7,2,[NULL],9000
68,7,0,0,9998
69,6,0,[NULL],9000
69,6,1,[NULL],9989
70,5,0,[NULL],9000
71,4,1,[NULL],9000
71,4,0,0,9997
72,3,0,[NULL],9994
50,26,0,[NULL],9000
51,25,0,[NULL],9000
59,17,0,0,9998
60,16,0,0,9997
61,15,0,[NULL],9000
62,14,0,0,9997
63,13,0,0,9996
65,11,0,[NULL],9000
66,10,1,[NULL],9000
66,10,0,[NULL],9000
67,9,0,0,2
67,9,1,2,9997
68,8,"0,1",[NULL],9000
68,8,1,1,9994
69,7,0,0,9994
70,6,1,[NULL],9000
70,6,0,0,9998
71,5,"1,2",[NULL],9000
71,5,2,[NULL],9000
71,5,0,[NULL],9000
72,4,1,[NULL],9000
72,4,0,1,9998
51,26,0,[NULL],9000
58,19,0,0,2
62,15,0,0,3
65,12,0,[NULL],9000
66,11,0,[NULL],9000
68,9,0,0,9997
69,8,0,0,2
69,8,1,1,9997
69,8,2,0,9998
70,7,0,0,3
70,7,1,[NULL],9000
71,6,1,0,2
71,6,0,1,9998
72,5,1,[NULL],9000
72,5,0,0,9995
73,4,0,[NULL],9000
54,24,0,0,4
55,23,0,0,4
56,22,0,0,9997
57,21,0,0,9996
58,20,0,0,4
59,19,0,0,3
60,18,0,0,9996
61,17,0,0,3
62,16,0,0,5
63,15,1,1,4
63,15,0,[NULL],4
64,14,1,0,9996
64,14,0,1,9998
65,13,1,[NULL],9000
65,13,0,0,9997
66,12,2,1,3
66,12,1,[NULL],9000
66,12,0,[NULL],9000
67,11,1,[NULL],9000
67,11,0,[NULL],9000
68,10,0,2,2
69,9,0,0,5
70,8,1,0,2
70,8,0,1,9998
71,7,"0,1",[NULL],9000
71,7,1,0,9997
72,6,0,[NULL],9000
72,6,1,[NULL],9000
73,5,0,[NULL],9000
52,27,0,[NULL],9000
61,18,0,0,9997
62,17,0,0,4
63,16,1,0,2
63,16,0,0,9997
64,15,0,0,9996
65,14,0,0,9997
66,13,0,[NULL],9000
67,12,0,0,3
67,12,1,[NULL],9000
68,11,1,1,3
68,11,0,[NULL],9000
69,10,1,0,2
69,10,0,[NULL],9000
70,9,"0,2",[NULL],9000
70,9,2,[NULL],9000
70,9,1,[NULL],9000
71,8,0,[NULL],9000
72,7,0,[NULL],9000
73,6,0,[NULL],9993
55,25,0,0,3
64,16,0,0,3
68,12,0,0,9998
69,11,0,[NULL],9000
70,10,0,1,3
71,9,1,[NULL],9000
71,9,0,[NULL],9000
72,8,1,[NULL],9000
72,8,0,[NULL],9000
73,7,1,[NULL],9000
73,7,2,[NULL],9000
73,7,0,[NULL],9000
74,6,0,[NULL],9000
74,6,1,[NULL],9000
75,5,0,[NULL],9000
77,3,0,[NULL],9000
78,2,0,[NULL],9990
55,26,0,[NULL],9000
56,25,0,0,4
57,24,0,0,9998
58,23,0,0,9997
59,22,0,0,4
60,21,0,0,3
61,20,0,0,9996
62,19,0,0,3
63,18,0,1,4
64,17,0,0,3
65,16,0,0,9996
66,15,1,[NULL],9000
66,15,0,1,9998
67,14,0,0,2
67,14,1,1,6
68,13,0,0,6
69,12,0,0,9996
70,11,0,[NULL],9000
70,11,1,0,9996
71,10,0,0,5
73,8,0,[NULL],9000
74,7,1,[NULL],9000
74,7,0,[NULL],9000
75,6,0,0,9998
76,5,0,1,9997
56,26,0,0,2
62,20,0,0,9997
63,19,0,0,4
64,18,0,1,9997
65,17,1,0,2
65,17,0,0,9996
66,16,0,0,9997
67,15,0,[NULL],9000
68,14,0,0,9997
69,13,"0,1",[NULL],9000
69,13,1,1,9997
70,12,0,[NULL],9000
71,11,0,[NULL],9000
72,10,1,[NULL],9000
72,10,0,2,9997
73,9,0,0,9996
74,8,0,0,2
75,7,0,[NULL],9000
76,6,0,[NULL],9000
76,6,1,0,9997
77,5,1,[NULL],9000
77,5,0,0,9997
78,4,0,[NULL],9000
79,3,0,[NULL],9000
56,27,0,[NULL],9000
57,26,0,0,3
70,13,0,1,9998
71,12,0,[NULL],9000
71,12,1,[NULL],9000
74,9,0,[NULL],9000
75,8,1,0,3
75,8,0,[NULL],9000
76,7,0,[NULL],9000
77,6,0,[NULL],9000
80,3,0,[NULL],9993
56,28,0,[NULL],9000
57,27,0,[NULL],9000
59,25,0,0,9998
60,24,0,0,4
61,23,0,0,3
62,22,0,0,9996
63,21,1,0,3
63,21,0,0,9996
64,20,0,0,4
65,19,0,0,3
66,18,0,1,9996
67,17,0,0,3
68,16,1,1,3
68,16,0,0,4
69,15,1,0,2
69,15,0,1,4
70,14,"0,2",[NULL],9000
70,14,2,1,9996
70,14,1,[NULL],9996
71,13,2,0,3
71,13,1,[NULL],9000
71,13,0,0,9996
72,12,1,[NULL],9000
72,12,0,[NULL],9000
75,9,0,1,3
76,8,0,0,3
76,8,1,[NULL],9000
77,7,"1,2,3",[NULL],9000
77,7,3,[NULL],9000
77,7,2,[NULL],9000
77,7,0,0,9998
78,6,2,[NULL],9000
78,6,1,[NULL],9000
78,6,0,0,9997
79,5,0,[NULL],9996
80,4,1,[NULL],9000
80,4,0,[NULL],9997
81,3,0,[NULL],9000
57,28,0,[NULL],9000
58,27,0,0,2
64,21,0,0,4
65,20,0,0,9998
66,19,0,"0,1",9997
67,18,0,0,9997
68,17,0,[NULL],9000
69,16,0,0,9997
70,15,0,0,9996
71,14,"0,1",[NULL],9000
71,14,1,1,9997
72,13,0,0,4
72,13,1,[NULL],9000
73,12,0,[NULL],9000
76,9,0,0,2
76,9,1,[NULL],9000
77,8,0,[NULL],9000
77,8,1,[NULL],9000
78,7,1,[NULL],9000
78,7,0,[NULL],9000
79,6,0,[NULL],9000
80,5,0,1,9998
81,4,0,[NULL],9000
57,29,0,[NULL],9000
58,28,0,[NULL],9000
64,22,0,0,2
73,13,0,[NULL],9000
77,9,0,0,3
78,8,1,[NULL],9000
78,8,0,0,9998
79,7,1,0,2
79,7,0,[NULL],9000
80,6,0,[NULL],9000
81,5,0,[NULL],9000
82,4,0,[NULL],9000
58,29,0,[NULL],9000
61,26,0,0,4
62,25,0,0,4
63,24,0,0,9996
64,23,0,0,9996
65,22,"0,1",0,3
65,22,1,0,4
66,21,0,0,3
67,20,0,0,9996
68,19,0,0,3
69,18,1,2,4
69,18,0,[NULL],4
70,17,1,0,3
70,17,0,0,4
71,16,1,0,9996
71,16,0,0,9997
72,15,2,[NULL],9000
72,15,1,[NULL],9000
72,15,0,0,9996
73,14,0,[NULL],9000
74,13,0,[NULL],9000
75,12,0,0,9996
76,11,0,0,9996
77,10,0,0,2
78,9,0,[NULL],9000
78,9,1,[NULL],9000
79,8,2,[NULL],9000
79,8,0,[NULL],9000
79,8,1,[NULL],9000
80,7,0,[NULL],9000
81,6,0,[NULL],9000
82,5,0,[NULL],9000
83,4,0,[NULL],9000
58,30,0,[NULL],9000
59,29,0,[NULL],9000
67,21,0,0,9998
68,20,0,0,9997
69,19,0,0,4
70,18,0,0,9997
71,17,0,0,9996
72,16,0,1,9997
73,15,0,[NULL],9000
74,14,0,[NULL],9000
77,11,0,0,9997
78,10,1,[NULL],9000
78,10,0,[NULL],9000
79,9,0,[NULL],9000
79,9,1,[NULL],9000
80,8,0,[NULL],9000
81,7,0,[NULL],9000
82,6,2,[NULL],9000
82,6,1,[NULL],9000
82,6,0,0,9998
83,5,0,[NULL],9000
83,5,1,[NULL],9991
84,4,1,[NULL],9000
84,4,0,1,9997
85,3,0,1,9996
59,30,0,[NULL],9000
66,23,0,0,2
70,19,0,0,3
75,14,0,1,9998
77,12,0,[NULL],9000
78,11,0,0,9997
79,10,1,[NULL],9000
79,10,0,0,9997
80,9,2,[NULL],9000
80,9,1,[NULL],9000
80,9,0,[NULL],9000
81,8,0,0,2
81,8,1,[NULL],9000
82,7,0,2,9998
84,5,0,0,9998
85,4,0,[NULL],9000
62,28,0,0,4
63,27,0,0,4
64,26,0,0,9997
65,25,0,0,9996
66,24,0,0,4
67,23,0,0,3
68,22,0,0,9996
69,21,0,0,3
70,20,0,1,4
71,19,1,0,3
71,19,0,0,4
72,18,1,0,9996
72,18,0,1,9998
73,17,1,[NULL],9000
73,17,0,0,9997
74,16,1,0,2
74,16,0,0,4
75,15,0,0,4
75,15,1,[NULL],9000
76,14,0,0,3
76,14,1,0,9996
77,13,0,0,9996
78,12,0,[NULL],9000
79,11,0,[NULL],9000
80,10,1,[NULL],9000
80,10,0,[NULL],9000
81,9,2,0,2
81,9,1,[NULL],9000
81,9,0,[NULL],9000
82,8,1,[NULL],9000
82,8,0,[NULL],9000
83,7,0,0,2
83,7,1,0,3
84,6,0,[NULL],9000
85,5,0,[NULL],9000
85,5,1,[NULL],9000
86,4,0,[NULL],9993
60,31,0,[NULL],9000
69,22,0,0,9997
70,21,0,0,4
71,20,1,0,2
71,20,0,0,9997
72,19,0,0,9996
73,18,0,0,9997
74,17,0,[NULL],9000
75,16,0,1,9997
76,15,0,0,9996
77,14,0,0,3
78,13,0,0,3
80,11,0,[NULL],9000
81,10,0,[NULL],9000
81,10,1,0,9994
82,9,0,0,9994
83,8,1,[NULL],9000
83,8,0,[NULL],9000
84,7,1,0,4
84,7,0,[NULL],9000
85,6,0,[NULL],9000
85,6,1,"0,1",9991
86,5,2,[NULL],9000
86,5,0,[NULL],9000
86,5,1,[NULL],9994
87,4,0,2,9998
63,29,0,0,3
72,20,0,0,3
76,16,0,1,9998
77,15,0,1,9998
78,14,0,1,9998
79,13,1,[NULL],9000
79,13,2,[NULL],9000
79,13,0,0,9997
80,12,0,[NULL],9000
81,11,0,[NULL],9000
82,10,1,[NULL],9000
82,10,0,[NULL],9000
83,9,0,0,9998
86,6,2,0,2
86,6,1,[NULL],9000
86,6,0,0,9998
87,5,0,[NULL],9000
87,5,1,[NULL],9989
63,30,0,[NULL],9000
64,29,0,0,4
65,28,0,0,9998
66,27,0,0,9997
67,26,0,0,4
68,25,0,0,3
69,24,0,0,9996
70,23,0,0,3
71,22,0,1,4
72,21,0,0,3
73,20,0,0,9996
74,19,1,0,3
74,19,0,1,9998
75,18,1,0,2
75,18,0,1,4
76,17,1,0,2
76,17,0,0,4
77,16,1,0,2
77,16,0,0,9996
78,15,0,0,9996
79,14,0,[NULL],9000
80,13,1,[NULL],9000
80,13,0,[NULL],9000
81,12,"0,1",[NULL],9000
81,12,1,[NULL],9000
82,11,0,0,2
82,11,1,[NULL],9000
83,10,0,[NULL],9000
84,9,0,[NULL],9000
85,8,0,0,2
86,7,0,[NULL],9000
87,6,1,[NULL],9000
87,6,0,[NULL],9000
88,5,0,[NULL],9990
64,30,0,0,2
70,24,0,0,9997
71,23,0,0,4
72,22,0,1,9997
73,21,1,0,2
73,21,0,0,9996
74,20,0,0,9997
75,19,0,0,4
76,18,0,0,9997
77,17,"0,1",0,9996
77,17,1,1,9997
78,16,0,0,3
80,14,0,"0,1",9996
82,12,0,1,9997
83,11,0,[NULL],9000
84,10,0,[NULL],9000
84,10,1,[NULL],9000
85,9,1,[NULL],9000
85,9,0,[NULL],9000
86,8,1,[NULL],9000
86,8,0,[NULL],9000
87,7,1,"1,2",9991
87,7,2,[NULL],9992
87,7,0,0,9997
88,6,0,[NULL],9000
64,31,0,[NULL],9000
65,30,0,0,3
78,17,0,1,9998
79,16,0,"1,2",9998
80,15,0,1,9998
81,14,0,0,9997
82,13,0,[NULL],9000
83,12,1,[NULL],9000
83,12,0,0,9997
84,11,0,[NULL],9000
85,10,0,[NULL],9000
88,7,0,0,9998
64,32,0,[NULL],9000
65,31,0,[NULL],9000
67,29,0,0,9998
68,28,0,0,4
69,27,0,0,3
70,26,0,0,9996
71,25,1,0,3
71,25,0,0,9996
72,24,0,0,4
73,23,0,0,3
74,22,0,1,9996
75,21,0,0,3
76,20,1,0,3
76,20,0,0,4
77,19,1,0,2
77,19,0,0,4
78,18,"1,2",0,2
78,18,2,1,9996
78,18,0,[NULL],9996
79,17,1,0,2
79,17,0,0,9996
80,16,0,1,6
80,16,1,[NULL],9000
81,15,1,0,3
81,15,0,0,6
81,15,2,[NULL],9000
82,14,1,[NULL],9000
82,14,0,1,9996
83,13,0,[NULL],9000
85,11,0,[NULL],9000
86,10,0,0,3
87,9,0,0,2
88,8,"0,1",[NULL],9000
88,8,1,[NULL],9000
89,7,0,[NULL],9000
92,4,0,[NULL],9995
93,3,0,[NULL],9000
65,32,0,[NULL],9000
66,31,0,0,2
72,25,0,0,4
73,24,0,0,9998
74,23,0,"0,1",9997
75,22,0,0,9997
76,21,0,"0,1",4
77,20,0,0,9997
78,19,0,0,9996
79,18,"0,1",0,4
79,18,1,1,9997
80,17,0,0,3
81,16,0,2,9997
82,15,0,0,3
82,15,1,0,9996
83,14,1,[NULL],9000
83,14,0,1,9997
84,13,0,[NULL],9000
86,11,1,[NULL],9000
86,11,0,[NULL],9000
86,11,2,[NULL],9000
87,10,0,[NULL],9000
87,10,1,[NULL],9995
88,9,0,[NULL],9000
88,9,1,1,9998
89,8,0,[NULL],9000
89,8,1,0,9997
90,7,0,[NULL],9000
91,6,0,1,9991
65,33,0,[NULL],9000
66,32,0,[NULL],9000
72,26,0,0,2
81,17,0,"1,2",9998
82,16,0,0,9998
83,15,0,0,9998
84,14,0,[NULL],9000
85,13,0,[NULL],9000
86,12,0,1,9997
87,11,1,1,2
87,11,0,[NULL],9996
88,10,0,2,9997
89,9,0,[NULL],9000
92,6,0,0,9994
93,5,0,[NULL],9000
94,4,0,[NULL],9000
66,33,0,[NULL],9000
69,30,0,0,4
70,29,0,0,4
71,28,0,0,9996
72,27,0,0,9996
73,26,"0,1",0,3
73,26,1,0,4
74,25,0,0,3
75,24,0,0,9996
76,23,0,0,3
77,22,1,2,4
77,22,0,[NULL],4
78,21,1,1,3
78,21,0,0,4
79,20,1,0,9996
79,20,0,0,9997
80,19,"1,2",0,2
80,19,2,0,3
80,19,0,0,9996
81,18,0,0,2
81,18,1,0,4
82,17,0,0,2
82,17,1,0,3
83,16,0,0,9996
84,15,"0,1",1,9
84,15,1,0,9996
85,14,1,[NULL],9000
85,14,0,[NULL],9000
87,12,1,[NULL],9000
87,12,0,2,9998
88,11,0,1,3
91,8,0,1,9998
92,7,0,[NULL],9000
94,5,0,[NULL],9994
95,4,0,[NULL],9000
66,34,0,[NULL],9000
67,33,0,[NULL],9000
75,25,0,0,9998
76,24,0,0,9997
77,23,0,0,4
78,22,0,0,9997
79,21,0,0,9996
80,20,0,1,9997
81,19,0,1,4
82,18,0,1,9997
83,17,0,0,9996
85,15,1,0,3
85,15,0,[NULL],9000
86,14,2,0,2
86,14,1,[NULL],9000
86,14,0,1,9998
87,13,2,0,3
87,13,0,[NULL],9000
87,13,1,3,9997
88,12,0,[NULL],9000
88,12,"1,2",[NULL],9000
88,12,2,1,9994
89,11,0,[NULL],9000
90,10,1,0,2
90,10,0,1,9998
91,9,0,[NULL],9000
92,8,0,[NULL],9000
93,7,0,[NULL],9000
93,7,1,0,9996
94,6,1,[NULL],9000
94,6,2,[NULL],9000
94,6,0,0,9996
95,5,0,[NULL],9000
95,5,1,[NULL],9989
67,34,0,[NULL],9000
74,27,0,0,2
78,23,0,0,3
83,18,0,1,9998
84,17,0,1,9998
85,16,1,0,2
85,16,0,0,9998
86,15,0,[NULL],9000
87,14,0,[NULL],9000
88,13,2,[NULL],9000
88,13,1,[NULL],9000
88,13,0,0,9997
89,12,1,0,2
89,12,0,1,9995
92,9,1,[NULL],9000
92,9,0,"0,1",9998
93,8,0,1,9997
95,6,1,[NULL],9000
95,6,0,[NULL],9990
96,5,1,[NULL],9000
96,5,0,[NULL],9989
70,32,0,0,4
71,31,0,0,4
72,30,0,0,9997
73,29,0,0,9996
74,28,0,0,4
75,27,0,0,3
76,26,0,0,9996
77,25,0,0,3
78,24,0,1,4
79,23,1,0,3
79,23,0,0,4
80,22,1,0,9996
80,22,0,1,9998
81,21,1,0,3
81,21,0,0,9997
82,20,1,0,2
82,20,0,0,4
83,19,1,0,2
83,19,0,1,4
84,18,0,0,2
84,18,1,0,9996
85,17,0,[NULL],9000
85,17,1,0,9996
86,16,3,1,3
86,16,"1,2",1,9
86,16,2,[NULL],9000
86,16,0,0,9998
87,15,1,[NULL],9000
87,15,0,[NULL],9000
88,14,0,[NULL],9000
89,13,0,[NULL],9000
90,12,0,[NULL],9000
91,11,"0,1",0,2
91,11,1,[NULL],9997
92,10,0,[NULL],9000
93,9,"0,1",[NULL],9000
93,9,1,0,9992
94,8,1,1,9997
94,8,0,2,9998
95,7,1,[NULL],9000
95,7,0,0,9996
96,6,0,[NULL],9995
68,35,0,[NULL],9000
77,26,0,0,9997
78,25,0,0,4
79,24,1,0,2
79,24,0,0,9997
80,23,0,0,9996
81,22,0,0,9997
82,21,0,0,4
83,20,0,1,9997
84,19,0,0,9996
85,18,0,0,2
86,17,0,[NULL],9000
87,16,0,0,3
88,15,1,[NULL],9000
88,15,0,1,9998
89,14,1,[NULL],9000
89,14,0,[NULL],9000
90,13,0,[NULL],9000
91,12,0,0,6
92,11,1,0,3
92,11,0,1,4
93,10,2,0,2
93,10,0,0,4
93,10,1,[NULL],9000
94,9,1,[NULL],9000
94,9,0,0,9996
95,8,0,0,9996
96,7,0,[NULL],9991
97,6,0,[NULL],9000
71,33,0,0,3
80,24,0,0,3
84,20,0,1,9998
85,19,0,1,9998
86,18,0,1,9998
87,17,1,0,2
87,17,"0,2",0,9997
87,17,2,1,9998
88,16,0,0,9998
89,15,0,[NULL],9000
90,14,0,[NULL],9000
91,13,0,[NULL],9000
92,12,1,[NULL],9000
92,12,0,2,9995
93,11,1,1,3
93,11,0,[NULL],9000
94,10,2,[NULL],9000
94,10,1,[NULL],9000
94,10,0,"0,1",9998
95,9,0,[NULL],9000
95,9,1,[NULL],9993
96,8,2,[NULL],9000
96,8,1,[NULL],9992
96,8,0,"0,1",9998
97,7,1,[NULL],9000
97,7,0,[NULL],9996
98,6,0,[NULL],9000
99,5,0,[NULL],9000
100,4,0,[NULL],9994
71,34,0,[NULL],9000
72,33,0,0,4
73,32,0,0,9998
74,31,0,0,9997
75,30,0,0,4
76,29,0,0,3
77,28,0,0,9996
78,27,0,0,3
79,26,0,1,4
80,25,0,0,3
81,24,0,0,9996
82,23,1,0,3
82,23,0,1,9998
83,22,1,0,2
83,22,0,1,4
84,21,1,0,2
84,21,0,1,4
85,20,1,0,2
85,20,0,0,9996
86,19,1,2,2
86,19,0,0,9996
87,18,0,0,2
87,18,1,1,6
88,17,1,0,5
88,17,0,0,9998
89,16,1,0,9996
89,16,0,"0,1",9998
90,15,1,0,9
90,15,0,[NULL],9000
92,13,0,[NULL],9000
93,12,"0,1",0,2
93,12,1,1,9998
94,11,0,0,4
94,11,1,[NULL],9000
95,10,"0,1",0,2
95,10,"1,2",[NULL],9994
95,10,2,2,9998
96,9,1,1,9996
96,9,0,0,9997
97,8,0,[NULL],9000
98,7,0,[NULL],9000
99,6,0,[NULL],9000
72,34,0,0,2
78,28,0,0,9997
79,27,0,0,4
80,26,0,"0,1",9997
81,25,1,0,2
81,25,0,0,9996
82,24,0,0,9997
83,23,0,0,4
84,22,0,0,9997
85,21,0,0,9996
85,21,1,1,9997
86,20,0,"0,2",3
87,19,0,0,2
88,18,"0,1",0,2
88,18,1,"0,1",9996
90,16,0,0,9997
91,15,0,[NULL],9000
92,14,1,1,2
92,14,0,1,9997
93,13,0,0,4
93,13,2,[NULL],9000
93,13,1,[NULL],9000
94,12,2,1,2
94,12,0,0,4
94,12,1,[NULL],9000
95,11,2,[NULL],9000
95,11,1,[NULL],9995
95,11,0,0,9997
96,10,0,0,9996
97,9,1,[NULL],9000
97,9,0,1,9997
98,8,0,[NULL],9000
98,8,1,[NULL],9000
99,7,2,[NULL],9000
99,7,0,[NULL],9991
99,7,1,0,9996
100,6,1,[NULL],9000
100,6,0,[NULL],9996
101,5,0,2,9997
72,35,0,[NULL],9000
73,34,0,0,3
86,21,0,1,9998
87,20,0,"1,2",9998
88,19,0,1,9998
89,18,"0,1",0,9997
89,18,1,1,9998
90,17,0,1,9998
91,16,0,[NULL],9000
93,14,2,[NULL],9000
93,14,1,1,9997
93,14,0,0,9998
94,13,1,[NULL],9000
94,13,0,0,9994
95,12,0,0,3
96,11,"0,1",[NULL],9000
96,11,1,[NULL],9000
97,10,0,[NULL],9000
97,10,1,1,9997
98,9,0,[NULL],9000
98,9,1,1,9996
99,8,0,[NULL],9997
100,7,1,[NULL],9991
100,7,0,[NULL],9995
101,6,0,[NULL],9000
102,5,0,2,9998
72,36,0,[NULL],9000
73,35,0,[NULL],9000
75,33,0,0,9998
76,32,0,0,4
77,31,0,0,3
78,30,0,0,9996
79,29,"0,1",0,3
79,29,1,0,9996
80,28,0,0,4
81,27,0,0,3
82,26,0,1,9996
83,25,0,0,3
84,24,1,1,3
84,24,0,0,4
85,23,1,0,2
85,23,0,0,4
86,22,"1,2",0,2
86,22,2,1,9996
86,22,0,[NULL],9996
87,21,1,0,2
87,21,0,0,9996
88,20,1,1,2
88,20,0,1,4
89,19,1,0,2
89,19,0,0,3
90,18,0,[NULL],9000
90,18,1,0,9996
91,17,1,0,3
91,17,2,0,5
91,17,0,"0,1",9998
92,16,0,0,2
94,14,0,0,3
95,13,1,1,4
95,13,0,1,9998
96,12,1,0,3
96,12,0,[NULL],9000
99,9,0,2,9997
100,8,2,0,3
100,8,1,[NULL],9000
100,8,0,[NULL],9992
101,7,2,0,2
101,7,0,[NULL],9991
101,7,1,[NULL],9991
102,6,0,[NULL],9000
103,5,0,[NULL],9000
104,4,0,[NULL],9992
73,36,0,[NULL],9000
74,35,0,0,2
80,29,0,0,4
81,28,0,0,9998
82,27,0,0,9997
83,26,0,0,9997
84,25,0,0,4
85,24,0,0,9997
86,23,0,0,9996
87,22,"0,1",1,4
87,22,1,1,9997
88,21,0,"0,1",3
89,20,0,2,9997
90,19,"0,1",0,2
90,19,1,0,9996
91,18,0,[NULL],9000
91,18,1,0,9997
92,17,1,1,3
92,17,0,1,8
93,16,0,1,9997
94,15,1,0,2
94,15,0,[NULL],9000
94,15,2,1,9997
95,14,0,0,4
96,13,1,1,3
96,13,0,1,9998
97,12,2,[NULL],9000
97,12,1,0,9997
97,12,0,0,9998
98,11,0,1,4
98,11,1,[NULL],9000
98,11,2,2,9994
99,10,1,[NULL],9000
99,10,2,[NULL],9000
99,10,0,"1,2",9998
100,9,2,[NULL],9000
100,9,1,"0,1",9996
100,9,0,0,9997
101,8,2,[NULL],9000
101,8,1,[NULL],9991
101,8,0,"1,2",9998
101,8,3,3,9998
102,7,1,[NULL],9000
102,7,0,[NULL],9992
103,6,0,[NULL],9000
73,37,0,[NULL],9000
74,36,0,[NULL],9000
80,30,0,0,2
89,21,0,"1,2",9998
90,20,0,1,9998
91,19,0,1,9998
92,18,0,1,9998
93,17,0,2,9998
94,16,0,[NULL],9000
95,15,1,0,2
95,15,0,1,9998
96,14,0,0,2
97,13,1,1,4
97,13,0,[NULL],9000
98,12,"1,2",0,2
98,12,2,0,3
98,12,0,[NULL],9000
99,11,2,[NULL],9000
99,11,0,[NULL],9000
99,11,1,2,9997
100,10,"1,2",0,2
100,10,3,3,2
100,10,2,[NULL],9000
100,10,0,[NULL],9994
101,9,3,[NULL],9000
101,9,"1,2",[NULL],9993
101,9,0,1,9997
101,9,2,2,9997
102,8,2,[NULL],9000
102,8,1,[NULL],9000
102,8,0,[NULL],9993
103,7,0,[NULL],9989
74,37,0,[NULL],9000
77,34,0,0,4
78,33,0,1,4
79,32,0,0,9996
80,31,0,0,9996
81,30,0,0,3
81,30,1,0,4
82,29,0,0,3
83,28,0,0,9996
84,27,0,0,3
85,26,1,2,4
85,26,0,[NULL],4
86,25,1,1,3
86,25,0,0,4
87,24,1,0,9996
87,24,0,0,9997
88,23,"1,2",0,2
88,23,2,0,3
88,23,0,0,9996
89,22,1,0,2
89,22,0,1,4
90,21,1,0,2
90,21,0,1,3
91,20,1,0,2
91,20,0,0,9996
92,19,2,0,2
92,19,1,0,3
92,19,0,0,9996
93,18,1,2,3
93,18,0,0,9998
94,17,1,0,2
94,17,0,1,9998
95,16,1,[NULL],9000
95,16,"2,3",[NULL],9000
95,16,"0,3",[NULL],9000
95,16,3,2,9996
96,15,0,1,3
96,15,1,[NULL],9000
97,14,0,[NULL],9000
98,13,0,[NULL],9000
99,12,0,0,3
99,12,1,[NULL],9000
100,11,0,[NULL],9000
101,10,0,[NULL],9000
102,9,1,[NULL],9000
102,9,0,0,9997
103,8,1,[NULL],9000
103,8,0,[NULL],9000
104,7,1,[NULL],9000
104,7,0,[NULL],9995
105,6,0,[NULL],9000
74,38,0,[NULL],9000
75,37,0,[NULL],9000
83,29,0,0,9998
84,28,0,0,9997
85,27,0,0,4
86,26,0,0,9997
87,25,0,0,9996
88,24,0,1,9997
89,23,0,1,4
90,22,0,1,9997
91,21,0,0,9996
92,20,0,0,2
93,19,1,0,2
93,19,0,0,6
94,18,0,1,9998
95,17,0,"1,2",9997
96,16,1,[NULL],9000
96,16,"0,2",[NULL],9000
96,16,2,1,9997
97,15,0,[NULL],9000
97,15,1,1,9997
98,14,2,1,3
98,14,1,[NULL],9000
98,14,0,"1,2",9997
99,13,"0,1",1,4
99,13,1,[NULL],9000
100,12,1,0,3
100,12,2,1,3
100,12,0,0,9993
101,11,3,[NULL],9000
101,11,1,[NULL],9995
101,11,2,[NULL],9995
101,11,0,0,9998
102,10,2,[NULL],9000
102,10,3,[NULL],9000
102,10,1,[NULL],9000
102,10,0,0,9996
103,9,1,[NULL],9000
103,9,0,1,9998
104,8,0,[NULL],9996
105,7,0,[NULL],9993
106,6,0,[NULL],9987
107,5,0,[NULL],9000
75,38,0,[NULL],9000
82,31,0,0,2
86,27,0,0,3
91,22,0,1,9998
92,21,0,1,9998
93,20,1,0,2
93,20,0,1,9998
94,19,0,1,9998
95,18,0,3,9998
96,17,0,[NULL],9000
98,15,0,1,9997
99,14,0,[NULL],9000
99,14,1,1,9995
100,13,0,0,2
100,13,1,"0,1",9996
101,12,0,0,3
102,11,1,0,2
102,11,0,1,9998
103,10,0,[NULL],9000
103,10,1,0,9997
104,9,0,0,9998
107,6,0,1,9998
78,36,0,0,4
79,35,0,0,4
80,34,0,0,9997
81,33,0,0,9996
82,32,0,0,4
83,31,0,0,3
84,30,0,0,9996
85,29,0,0,3
86,28,0,1,4
87,27,1,0,3
87,27,0,0,4
88,26,1,0,9996
88,26,0,1,9998
89,25,1,0,3
89,25,0,0,9997
90,24,1,0,2
90,24,0,0,4
91,23,1,0,2
91,23,0,0,4
92,22,1,0,2
92,22,0,0,9996
93,21,1,0,2
93,21,0,0,9996
94,20,3,0,2
94,20,"1,2",0,3
94,20,2,3,4
94,20,0,0,9998
95,19,1,0,3
95,19,2,[NULL],9000
95,19,0,0,9998
96,18,1,1,3
96,18,2,1,9996
96,18,0,0,9998
97,17,"1,2",0,3
97,17,2,2,6
97,17,0,[NULL],9000
98,16,0,[NULL],9000
99,15,0,[NULL],9000
100,14,0,1,9997
101,13,1,0,2
101,13,0,0,9998
103,11,0,0,2
104,10,0,[NULL],9000
105,9,"0,1",[NULL],9995
105,9,1,1,9998
106,8,1,0,2
106,8,0,0,9998
107,7,0,[NULL],9995
108,6,1,[NULL],9000
108,6,0,[NULL],9994
109,5,0,[NULL],9995
76,39,0,[NULL],9000
85,30,0,0,9997
86,29,0,0,4
87,28,1,0,2
87,28,0,0,9997
88,27,0,0,9996
89,26,0,0,9997
90,25,0,0,4
91,24,0,1,9997
92,23,0,0,9996
93,22,0,0,2
94,21,0,0,2
95,20,0,0,2
96,19,0,[NULL],9000
96,19,1,0,9998
97,18,1,0,3
97,18,0,2,9997
98,17,0,[NULL],9000
99,16,0,[NULL],9000
100,15,0,0,2
101,14,0,0,4
101,14,1,[NULL],9000
102,13,0,1,3
102,13,1,[NULL],9000
102,13,2,[NULL],9000
103,12,0,[NULL],9000
103,12,1,1,9994
103,12,2,[NULL],9994
104,11,1,0,2
104,11,0,[NULL],9000
105,10,0,0,2
105,10,1,[NULL],9000
106,9,0,[NULL],9993
108,7,0,[NULL],9000
109,6,0,[NULL],9000
110,5,0,[NULL],9996
79,37,0,0,3
88,28,0,0,3
92,24,0,1,9998
93,23,0,1,9998
94,22,0,1,9998
95,21,0,1,2
95,21,2,0,9997
95,21,1,1,9998
96,20,0,0,9998
97,19,0,1,9998
98,18,0,1,9998
99,17,1,0,3
99,17,0,1,4
100,16,1,[NULL],9000
100,16,0,1,9998
101,15,0,[NULL],9000
102,14,0,[NULL],9000
102,14,1,1,9997
103,13,0,[NULL],9995
104,12,0,0,9994
104,12,1,0,9997
106,10,1,[NULL],9000
106,10,2,2,9997
106,10,0,0,9998
107,9,2,[NULL],9994
107,9,"0,1",[NULL],9997
107,9,1,0,9998
108,8,0,0,9995
109,7,0,[NULL],9996
110,6,0,[NULL],9000
111,5,0,[NULL],9000
79,38,0,[NULL],9000
80,37,0,0,4
81,36,0,0,9998
82,35,0,0,9997
83,34,0,0,4
84,33,0,0,3
85,32,0,0,9996
86,31,0,0,3
87,30,0,1,4
88,29,0,0,3
89,28,0,0,9996
90,27,1,0,3
90,27,0,1,9998
91,26,1,0,2
91,26,0,0,4
92,25,1,0,2
92,25,0,0,4
93,24,1,0,2
93,24,0,0,9996
94,23,1,1,2
94,23,0,0,9996
95,22,0,0,2
95,22,1,2,4
96,21,1,0,2
96,21,2,0,3
96,21,0,0,9998
97,20,1,0,2
97,20,2,0,9996
97,20,0,"0,1",9998
98,19,1,1,5
98,19,0,0,9998
99,18,1,0,2
99,18,0,1,9998
100,17,2,[NULL],9000
100,17,1,[NULL],9000
100,17,0,[NULL],9000
101,16,0,[NULL],9000
101,16,1,1,9998
102,15,0,[NULL],9000
102,15,1,0,9997
103,14,1,[NULL],9000
103,14,0,0,9998
105,12,0,0,2
106,11,0,0,2
106,11,1,1,9998
107,10,0,[NULL],9000
107,10,1,"0,1",9998
108,9,0,0,9998
109,8,0,[NULL],9000
112,5,0,0,9998
80,38,0,0,2
86,32,0,0,9997
87,31,0,0,4
88,30,0,1,9997
89,29,1,0,2
89,29,0,0,9996
90,28,0,0,9997
91,27,0,0,4
92,26,0,0,9997
93,25,"0,1",0,9996
93,25,1,1,9997
94,24,0,2,3
95,23,0,0,2
96,22,"0,1",0,2
96,22,1,"0,1",9996
97,21,0,0,2
98,20,1,0,2
98,20,0,0,9997
99,19,0,0,7
100,18,1,1,2
100,18,0,2,9997
101,17,1,1,3
101,17,0,0,9996
102,16,0,0,2
102,16,1,1,9997
103,15,0,1,3
103,15,1,[NULL],9000
104,14,0,[NULL],9000
105,13,1,1,2
105,13,2,2,3
105,13,0,[NULL],9000
106,12,"0,1",1,2
106,12,1,[NULL],9000
107,11,0,0,2
107,11,1,1,9994
108,10,0,[NULL],9000
109,9,"0,1",[NULL],9000
109,9,1,[NULL],9000
110,8,1,[NULL],9000
110,8,0,[NULL],9000
111,7,0,0,2
80,39,0,[NULL],9000
81,38,0,0,3
94,25,0,1,9998
95,24,0,"1,2",9998
96,23,0,1,9998
97,22,0,0,9997
97,22,1,1,9998
98,21,0,1,9998
99,20,0,0,9998
100,19,0,1,9998
101,18,0,1,3
101,18,1,2,9998
102,17,0,2,9998
103,16,0,1,9997
104,15,0,[NULL],9000
104,15,1,1,9997
105,14,0,"0,1",9994
106,13,0,"0,1,2",9995
107,12,0,[NULL],9000
107,12,1,"0,1",9997
108,11,1,[NULL],9000
108,11,"0,2",[NULL],9000
108,11,2,"0,1",9996
108,11,3,1,9997
109,10,1,[NULL],9000
109,10,0,[NULL],9000
110,9,1,[NULL],9000
110,9,0,[NULL],9000
111,8,1,[NULL],9000
111,8,0,[NULL],9000
112,7,0,[NULL],9995
80,40,0,[NULL],9000
81,39,0,[NULL],9000
83,37,0,0,9998
84,36,0,0,4
85,35,0,0,3
86,34,0,0,9996
87,33,1,0,3
87,33,0,0,9996
88,32,0,0,4
89,31,0,0,3
90,30,0,1,9996
91,29,0,0,3
92,28,1,1,3
92,28,0,0,4
93,27,1,0,2
93,27,0,0,4
94,26,"1,2",0,2
94,26,2,1,9996
94,26,0,[NULL],9996
95,25,1,0,2
95,25,0,0,9996
96,24,1,1,2
96,24,0,2,4
97,23,1,0,2
97,23,0,0,3
98,22,0,0,2
98,22,1,0,9996
99,21,1,0,2
99,21,2,0,3
99,21,0,"0,1",9998
100,20,2,1,2
100,20,1,[NULL],9000
100,20,0,1,9998
101,19,2,0,2
101,19,1,1,3
101,19,0,1,9998
102,18,1,1,6
102,18,0,[NULL],9000
103,17,0,2,9998
104,16,0,[NULL],9000
105,15,1,[NULL],9000
105,15,0,1,9997
106,14,1,"0,1",9996
106,14,0,1,9996
107,13,0,0,5
108,12,0,0,9998
109,11,1,[NULL],9000
109,11,0,0,9997
110,10,3,[NULL],9000
110,10,4,[NULL],9000
110,10,1,[NULL],9000
110,10,"0,2",[NULL],9000
110,10,2,1,9998
111,9,0,[NULL],9000
111,9,3,[NULL],9000
111,9,2,[NULL],9000
111,9,1,1,9995
112,8,1,[NULL],9000
112,8,0,[NULL],9000
113,7,0,[NULL],9000
113,7,1,[NULL],9000
114,6,0,[NULL],9995
81,40,0,[NULL],9000
82,39,0,0,2
88,33,0,0,4
89,32,0,0,9998
90,31,0,"0,1",9997
91,30,0,0,9997
92,29,0,"0,1",4
93,28,0,0,9997
94,27,0,0,9996
95,26,"0,1",1,4
95,26,1,1,9997
96,25,0,0,3
97,24,0,2,9997
98,23,"0,1",0,2
98,23,1,0,9996
99,22,1,0,2
99,22,0,0,9997
100,21,1,0,2
100,21,0,0,4
101,20,1,[NULL],9000
101,20,0,"0,1",9997
102,19,2,0,2
102,19,1,0,3
102,19,0,0,9996
102,19,3,2,9997
103,18,1,1,3
103,18,0,0,6
104,17,0,[NULL],9000
105,16,0,[NULL],9000
106,15,"0,1",1,3
106,15,1,[NULL],9000
107,14,0,0,2
107,14,1,3,3
108,13,1,[NULL],9000
108,13,0,[NULL],9000
109,12,1,0,2
109,12,0,0,9997
111,10,0,1,9998
112,9,0,0,9995
112,9,1,"0,1,2",9998
113,8,1,[NULL],9995
113,8,"0,2",1,9997
113,8,2,0,9998
114,7,1,[NULL],9993
114,7,0,[NULL],9996
115,6,1,[NULL],9996
115,6,0,[NULL],9997
81,41,0,[NULL],9000
82,40,0,[NULL],9000
88,34,0,0,2
97,25,0,"1,2",9998
98,24,0,1,9998
99,23,0,1,9998
100,22,0,1,9998
101,21,0,2,9998
102,20,0,1,9998
103,19,1,1,9998
103,19,0,2,9998
104,18,1,0,3
104,18,0,"1,2",9998
105,17,0,1,9998
107,15,"0,1",2,4
107,15,1,[NULL],9000
108,14,0,0,3
108,14,1,2,9998
109,13,1,[NULL],9000
109,13,0,[NULL],9000
110,12,1,0,2
110,12,0,2,9998
111,11,"0,1,2",1,2
111,11,1,[NULL],9000
111,11,2,2,9997
112,10,0,2,2
112,10,2,[NULL],9000
112,10,1,[NULL],9992
113,9,0,2,9995
116,6,0,[NULL],9997
82,41,0,[NULL],9000
85,38,0,0,4
86,37,0,0,4
87,36,0,0,9996
88,35,0,0,9996
89,34,"0,1",0,3
89,34,1,0,4
90,33,0,0,3
91,32,0,0,9996
92,31,0,0,3
93,30,1,2,4
93,30,0,[NULL],4
94,29,1,1,3
94,29,0,0,4
95,28,1,0,9996
95,28,0,0,9997
96,27,"1,2",0,2
96,27,2,0,3
96,27,0,0,9996
97,26,1,0,2
97,26,0,1,4
98,25,1,0,2
98,25,0,0,3
99,24,1,0,2
99,24,0,0,9996
100,23,2,0,2
100,23,"0,1",0,3
100,23,1,0,9996
101,22,1,0,2
101,22,2,3,3
101,22,0,0,9998
102,21,1,1,2
102,21,2,0,2
102,21,0,1,9998
103,20,"1,2",0,2
103,20,2,2,9996
103,20,0,1,9998
104,19,1,0,2
104,19,0,1,9998
105,18,"0,1",1,4
105,18,1,0,4
105,18,2,0,5
106,17,1,1,6
106,17,0,[NULL],9000
107,16,2,1,2
107,16,0,1,9995
107,16,1,1,9996
108,15,0,0,3
108,15,1,0,9996
109,14,2,0,2
109,14,0,0,9998
109,14,1,1,9998
110,13,2,0,9996
110,13,1,0,9997
110,13,0,0,9998
111,12,0,[NULL],9000
112,11,1,"0,2",3
112,11,0,"1,2",9997
113,10,0,[NULL],9000
113,10,1,[NULL],9994
114,9,2,[NULL],9000
114,9,1,[NULL],9994
114,9,0,1,9998
115,8,0,[NULL],9994
82,42,0,[NULL],9000
83,41,0,[NULL],9000
91,33,0,0,9998
92,32,0,0,9997
93,31,0,0,4
94,30,0,0,9997
95,29,0,0,9996
96,28,0,1,9997
97,27,0,1,4
98,26,0,1,9997
99,25,0,0,9996
100,24,0,0,2
101,23,1,0,2
101,23,0,0,4
102,22,1,0,2
102,22,0,1,9998
103,21,1,0,2
103,21,0,1,9997
104,20,"0,1",0,6
104,20,1,1,9997
105,19,1,[NULL],9000
105,19,0,[NULL],9000
106,18,1,[NULL],9000
106,18,0,3,9997
107,17,0,2,9997
108,16,0,0,2
108,16,1,1,2
109,15,0,0,2
110,14,2,2,3
110,14,1,1,5
110,14,0,[NULL],9000
111,13,1,0,9997
111,13,0,"0,1",9998
112,12,0,[NULL],9000
113,11,1,0,2
113,11,2,[NULL],9000
113,11,0,[NULL],9000
114,10,1,[NULL],9000
114,10,2,[NULL],9992
114,10,0,3,9997
115,9,2,[NULL],9000
115,9,1,[NULL],9000
115,9,0,1,9997
116,8,1,[NULL],9000
116,8,0,2,9998
117,7,0,[NULL],9000
83,42,0,[NULL],9000
90,35,0,0,2
94,31,0,0,3
99,26,0,1,9998
100,25,0,1,9998
101,24,1,0,2
101,24,0,1,9998
102,23,0,1,9998
103,22,0,3,9998
104,21,0,2,9998
105,20,0,1,9998
106,19,0,"1,3",9998
107,18,0,3,9998
108,17,0,1,9997
108,17,1,1,9998
109,16,0,1,3
110,15,"0,1",0,2
110,15,2,[NULL],9000
110,15,1,2,9998
111,14,"1,2",0,3
111,14,0,0,5
111,14,2,[NULL],9000
111,14,3,[NULL],9000
112,13,2,[NULL],9000
112,13,"0,1",2,9997
112,13,1,"2,3",9997
113,12,1,2,9997
113,12,0,"1,4",9997
114,11,1,[NULL],9000
114,11,0,[NULL],9993
115,10,2,0,2
115,10,0,[NULL],9000
115,10,1,[NULL],9993
116,9,0,[NULL],9000
117,8,0,[NULL],9000
118,7,0,[NULL],9990
86,40,0,0,4
87,39,0,0,4
88,38,0,0,9997
89,37,0,0,9996
90,36,0,0,4
91,35,0,0,3
92,34,0,0,9996
93,33,0,0,3
94,32,0,1,4
95,31,1,0,3
95,31,0,0,4
96,30,1,0,9996
96,30,0,1,9998
97,29,1,0,3
97,29,0,0,9997
98,28,1,0,2
98,28,0,0,4
99,27,1,0,2
99,27,0,1,4
100,26,1,0,2
100,26,0,0,9996
101,25,1,0,2
101,25,0,0,9996
102,24,3,0,2
102,24,1,0,3
102,24,2,2,4
102,24,0,0,9998
103,23,2,0,2
103,23,1,1,3
103,23,0,0,9998
104,22,1,0,2
104,22,2,0,9996
104,22,0,0,9998
105,21,"1,3",0,2
105,21,3,0,3
105,21,2,[NULL],9000
105,21,0,1,9998
106,20,3,0,2
106,20,2,0,3
106,20,1,1,4
106,20,0,0,9998
107,19,1,1,2
107,19,0,1,4
108,18,0,1,9997
109,17,2,1,2
109,17,0,2,4
109,17,1,1,9996
109,17,3,1,9998
110,16,0,1,3
110,16,3,[NULL],9000
110,16,2,[NULL],9000
110,16,1,1,9997
111,15,3,[NULL],9000
111,15,2,0,9995
111,15,0,[NULL],9995
111,15,1,2,9996
112,14,2,0,5
112,14,1,[NULL],9995
112,14,0,1,9997
113,13,3,0,3
113,13,1,[NULL],9000
113,13,0,"0,1,2",9997
113,13,2,4,9998
114,12,1,0,3
114,12,0,"0,3",9997
114,12,2,3,9997
115,11,0,[NULL],9000
116,10,0,[NULL],9995
84,43,0,[NULL],9000
93,34,0,0,9997
94,33,0,0,4
95,32,1,0,2
95,32,0,0,9997
96,31,0,0,9996
97,30,0,0,9997
98,29,0,0,4
99,28,0,1,9997
100,27,0,0,9996
101,26,0,0,2
102,25,0,0,2
103,24,0,0,2
104,23,1,0,2
104,23,0,1,9998
105,22,0,0,2
105,22,1,1,9997
106,21,1,0,5
106,21,0,[NULL],9000
107,20,1,0,3
107,20,0,1,9997
108,19,1,3,2
108,19,0,0,9996
111,16,2,"0,1",3
111,16,3,0,3
111,16,"0,1",[NULL],9000
111,16,1,"0,2",9997
112,15,4,2,2
112,15,2,1,3
112,15,1,0,3
112,15,3,[NULL],9000
112,15,0,2,9997
113,14,1,[NULL],9000
113,14,0,[NULL],9000
114,13,0,[NULL],9995
115,12,1,[NULL],9995
115,12,0,0,9997
116,11,1,[NULL],9000
116,11,0,[NULL],9996
117,10,0,[NULL],9000
117,10,1,[NULL],9000
118,9,1,0,9997
118,9,0,[NULL],9997
87,41,0,0,3
96,32,0,0,3
100,28,0,1,9998
101,27,0,1,9998
102,26,0,1,9998
103,25,1,0,2
103,25,"0,2",0,9997
103,25,2,1,9998
104,24,0,1,9998
105,23,0,2,9998
106,22,0,2,9998
107,21,1,0,3
107,21,0,2,9998
108,20,1,1,9998
108,20,0,2,9998
109,19,1,1,3
109,19,0,2,9998
110,18,2,[NULL],9000
110,18,"0,1",[NULL],9000
110,18,1,2,9998
111,17,1,0,3
111,17,0,[NULL],9000
112,16,"0,1,2",0,3
112,16,1,[NULL],9000
112,16,2,[NULL],9000
112,16,3,[NULL],9000
113,15,"0,3",0,3
113,15,3,2,3
113,15,2,[NULL],9000
113,15,1,[NULL],9000
114,14,2,[NULL],9000
114,14,4,0,9995
114,14,1,"0,1",9997
114,14,3,1,9997
114,14,0,"0,1",9998
115,13,1,[NULL],9000
115,13,0,[NULL],9000
116,12,0,[NULL],9000
117,11,0,1,9997
118,10,1,[NULL],9000
118,10,0,[NULL],9993
119,9,1,[NULL],9994
119,9,0,"0,3",9997
120,8,0,5,9997
121,7,1,1,9996
121,7,0,3,9997
126,2,0,[NULL],9993
127,1,0,[NULL],9993
87,42,0,[NULL],9000
88,41,0,0,4
89,40,0,0,9998
90,39,0,0,9997
91,38,0,0,4
92,37,0,0,3
93,36,0,0,9996
94,35,0,0,3
95,34,0,1,4
96,33,0,0,3
97,32,0,0,9996
98,31,1,0,3
98,31,0,1,9998
99,30,1,0,2
99,30,0,0,4
100,29,1,0,2
100,29,0,0,4
101,28,1,0,2
101,28,0,0,9996
102,27,1,2,2
102,27,0,0,9996
103,26,1,0,2
103,26,0,2,4
104,25,2,0,2
104,25,1,1,3
104,25,0,0,9998
105,24,2,0,2
105,24,1,0,9996
105,24,0,"0,1",9998
106,23,2,0,2
106,23,1,0,3
106,23,0,0,9998
107,22,1,1,2
107,22,2,0,2
107,22,0,1,9998
108,21,2,0,2
108,21,1,1,4
108,21,0,1,9998
109,20,2,1,2
109,20,0,0,9998
109,20,1,2,9998
110,19,"0,2",1,3
110,19,2,1,4
110,19,1,1,9997
111,18,2,0,3
111,18,0,[NULL],9000
111,18,1,1,9996
112,17,2,[NULL],9000
112,17,1,[NULL],9000
112,17,0,1,9995
113,16,"0,1",0,2
113,16,1,0,9995
113,16,2,0,9996
114,15,0,0,3
114,15,1,"1,2",9998
115,14,"0,1","1,2",9997
115,14,1,0,9998
116,13,0,[NULL],9000
117,12,0,1,3
117,12,1,[NULL],9000
118,11,1,[NULL],9993
118,11,0,0,9997
119,10,0,[NULL],9993
119,10,1,[NULL],9995
120,9,0,4,9998
121,8,0,"0,1",9997
122,7,0,0,9997
88,42,0,0,2
94,36,0,0,9997
95,35,0,0,4
96,34,0,1,9997
97,33,1,0,2
97,33,0,0,9996
98,32,0,0,9997
99,31,0,0,4
100,30,0,0,9997
101,29,"0,1",0,9996
101,29,1,1,9997
102,28,0,"0,2",3
103,27,0,0,2
104,26,"0,1",0,2
104,26,1,"0,1",9996
105,25,0,0,2
106,24,1,0,2
106,24,0,0,9997
107,23,1,0,2
107,23,0,0,4
108,22,0,0,2
108,22,2,1,2
108,22,1,1,9997
109,21,0,0,9996
110,20,0,2,5
111,19,1,[NULL],9000
111,19,0,[NULL],9000
112,18,0,[NULL],9000
112,18,1,2,9997
113,17,"1,2",1,2
113,17,"0,2",1,3
113,17,2,3,3
114,16,0,0,2
115,15,1,[NULL],9000
115,15,0,[NULL],9000
116,14,1,0,3
116,14,0,[NULL],9000
117,13,1,[NULL],9000
117,13,0,3,9998
117,13,2,4,9998
118,12,"0,3",0,3
118,12,1,[NULL],9000
118,12,3,[NULL],9995
118,12,2,2,9997
119,11,4,0,2
119,11,5,0,3
119,11,0,3,9995
119,11,2,0,9996
119,11,1,2,9997
119,11,3,1,9998
120,10,3,0,3
120,10,1,"0,2",9996
120,10,0,"1,4",9997
120,10,2,1,9997
121,9,0,1,9997
122,8,0,[NULL],9993
124,6,0,2,9995
125,5,0,[NULL],9995
126,4,0,[NULL],9995
127,3,0,[NULL],9000
128,2,0,[NULL],9000
88,43,0,[NULL],9000
89,42,0,0,3
102,29,0,1,9998
103,28,0,"1,2",9998
104,27,0,1,9998
105,26,"0,1",0,9997
105,26,1,1,9998
106,25,0,1,9998
107,24,0,1,9998
108,23,0,2,9998
109,22,1,1,3
109,22,2,2,9998
109,22,0,1,9998
110,21,1,2,9998
110,21,0,1,9998
111,20,0,2,9998
112,19,1,[NULL],9000
112,19,0,3,9998
113,18,2,[NULL],9000
113,18,3,[NULL],9000
113,18,0,[NULL],9000
113,18,1,1,9997
113,18,4,1,9998
114,17,"1,2","0,1",3
114,17,2,[NULL],9000
114,17,3,[NULL],9000
114,17,0,[NULL],9000
115,16,2,[NULL],9000
115,16,0,[NULL],9000
115,16,1,1,9997
116,15,3,0,2
116,15,4,2,2
116,15,2,[NULL],9000
116,15,1,[NULL],9000
116,15,5,[NULL],9000
116,15,0,1,9998
117,14,0,0,3
117,14,2,[NULL],9000
117,14,1,1,9997
118,13,1,3,2
118,13,0,2,9997
119,12,1,[NULL],9992
119,12,0,1,9997
120,11,"0,1",0,3
120,11,1,1,4
120,11,2,3,9998
121,10,0,0,3
122,9,0,[NULL],9995
123,8,"0,1",1,9996
123,8,1,"0,1",9997
124,7,1,0,9994
124,7,0,"0,1",9997
125,6,0,[NULL],9994
127,4,0,0,9997
128,3,0,[NULL],9991
129,2,0,0,9998
88,44,0,[NULL],9000
89,43,0,[NULL],9000
91,41,0,0,9998
92,40,0,0,4
93,39,0,0,3
94,38,0,0,9996
95,37,1,0,3
95,37,0,0,9996
96,36,0,0,4
97,35,0,0,3
98,34,0,1,9996
99,33,0,0,3
100,32,1,1,3
100,32,0,0,4
101,31,1,0,2
101,31,0,0,4
102,30,"1,2",0,2
102,30,2,1,9996
102,30,0,[NULL],9996
103,29,1,0,2
103,29,0,0,9996
104,28,1,1,2
104,28,0,1,4
105,27,1,0,2
105,27,0,0,3
106,26,1,0,2
106,26,0,0,9996
107,25,2,0,2
107,25,1,1,3
107,25,0,"0,1",9998
108,24,2,2,2
108,24,1,0,2
108,24,0,1,9998
109,23,2,1,2
109,23,1,0,2
109,23,0,1,9998
110,22,2,0,2
110,22,1,1,4
110,22,0,1,9998
111,21,3,0,2
111,21,2,1,3
111,21,0,1,9998
111,21,1,2,9998
112,20,1,4,2
112,20,0,2,4
113,19,0,4,5
113,19,1,[NULL],9000
114,18,1,[NULL],9000
114,18,0,0,9995
114,18,2,1,9996
115,17,1,0,2
115,17,0,1,9996
115,17,2,2,9997
116,16,3,[NULL],9000
116,16,"1,2",[NULL],9000
116,16,2,2,9996
116,16,0,0,9997
117,15,2,2,3
117,15,"0,1",[NULL],9000
117,15,1,1,9995
118,14,2,1,3
118,14,0,"0,1",9997
118,14,3,4,9998
118,14,1,"0,4",9998
119,13,3,2,2
119,13,"1,4",0,3
119,13,4,"0,2",3
119,13,2,[NULL],9993
119,13,0,1,9997
120,12,1,0,3
120,12,2,[NULL],9995
120,12,0,2,9998
121,11,0,[NULL],9995
122,10,0,3,9998
123,9,0,[NULL],9987
124,8,0,[NULL],9995
125,7,2,2,9997
125,7,0,1,9997
125,7,1,1,9998
126,6,0,"1,2",9997
126,6,1,[NULL],9997
128,4,0,0,2
129,3,1,[NULL],9000
129,3,0,[NULL],9000
130,2,0,[NULL],9992
89,44,0,[NULL],9000
90,43,0,0,2
96,37,0,0,4
97,36,0,0,9998
98,35,0,"0,1",9997
99,34,0,0,9997
100,33,0,"0,1",4
101,32,0,0,9997
102,31,0,0,9996
103,30,"0,1",1,4
103,30,1,1,9997
104,29,0,"0,1",3
105,28,0,2,9997
106,27,"0,1",0,2
106,27,1,0,9996
107,26,1,0,2
107,26,0,0,9997
108,25,1,0,2
108,25,0,0,4
109,24,1,0,2
109,24,0,1,9997
110,23,1,0,2
110,23,2,1,2
110,23,0,0,9996
110,23,3,2,9997
111,22,1,0,5
111,22,0,[NULL],9000
112,21,1,1,3
112,21,0,1,5
113,20,1,[NULL],9000
113,20,0,"0,2",9996
114,19,1,1,3
114,19,0,[NULL],9000
116,17,1,1,3
116,17,0,0,9997
117,16,4,3,2
117,16,0,"1,3",2
117,16,2,0,3
117,16,1,2,9997
117,16,3,1,9998
118,15,1,0,3
118,15,0,2,4
118,15,2,[NULL],9000
119,14,2,0,2
119,14,0,1,4
119,14,1,2,9998
119,14,3,4,9998
120,13,"0,3",3,9995
120,13,3,[NULL],9995
120,13,1,[NULL],9995
120,13,2,1,9997
121,12,3,0,2
121,12,4,[NULL],9991
121,12,0,1,9995
121,12,1,[NULL],9996
121,12,2,0,9998
122,11,"0,1",1,3
122,11,1,[NULL],9000
123,10,"0,1",0,3
123,10,1,[NULL],9993
124,9,1,1,2
124,9,2,2,9997
124,9,0,1,9998
125,8,0,3,9997
125,8,1,3,9998
126,7,0,0,3
126,7,1,[NULL],9000
127,6,1,[NULL],9995
127,6,0,[NULL],9997
128,5,0,"2,3",9996
129,4,0,[NULL],9986
130,3,0,[NULL],9000
89,45,0,[NULL],9000
90,44,0,[NULL],9000
96,38,0,0,2
105,29,0,"1,2",9998
106,28,0,1,9998
107,27,0,1,9998
108,26,0,1,9998
109,25,0,2,9998
110,24,0,1,9998
111,23,1,1,9998
111,23,0,2,9998
112,22,1,1,9998
112,22,0,"2,3",9998
113,21,1,1,9998
113,21,0,2,9998
114,20,2,2,3
114,20,0,[NULL],9000
114,20,1,2,9998
115,19,0,0,3
115,19,2,[NULL],9000
115,19,1,2,9998
116,18,1,3,2
116,18,0,4,9998
117,17,"0,1",0,3
117,17,2,[NULL],9000
117,17,3,[NULL],9000
117,17,1,[NULL],9000
118,16,2,1,2
118,16,4,3,2
118,16,1,0,3
118,16,3,0,5
118,16,0,2,9998
119,15,1,2,9997
119,15,2,0,9997
119,15,3,1,9997
119,15,0,[NULL],9997
120,14,0,2,2
120,14,1,[NULL],9994
122,12,1,"0,1",4
122,12,0,2,9998
123,11,1,0,2
123,11,2,0,5
123,11,0,3,9993
124,10,3,1,2
124,10,2,2,3
124,10,1,0,3
124,10,0,[NULL],9992
125,9,"1,2",0,3
125,9,3,[NULL],9000
125,9,4,[NULL],9986
125,9,2,[NULL],9996
125,9,0,5,9998
126,8,5,[NULL],9000
126,8,"1,4",[NULL],9994
126,8,"2,3",2,9996
126,8,3,3,9997
126,8,4,2,9997
126,8,0,[NULL],9997
127,7,3,[NULL],9990
127,7,0,[NULL],9993
127,7,2,[NULL],9993
127,7,1,[NULL],9995
128,6,2,[NULL],9994
128,6,0,[NULL],9994
128,6,1,[NULL],9997
129,5,1,[NULL],9993
129,5,0,[NULL],9994
90,45,0,[NULL],9000
93,42,0,0,4
94,41,0,0,4
95,40,0,0,9996
96,39,0,0,9996
97,38,"0,1",0,3
97,38,1,0,4
98,37,0,0,3
99,36,0,0,9996
100,35,0,0,3
101,34,1,2,4
101,34,0,[NULL],4
102,33,1,1,3
102,33,0,0,4
103,32,1,0,9996
103,32,0,0,9997
104,31,"1,2",0,2
104,31,2,0,3
104,31,0,0,9996
105,30,1,0,2
105,30,0,0,4
106,29,1,0,2
106,29,0,0,3
107,28,1,0,2
107,28,0,0,9996
108,27,2,0,2
108,27,1,0,3
108,27,0,0,9996
109,26,1,0,2
109,26,2,3,3
109,26,0,0,9998
110,25,1,1,2
110,25,2,0,2
110,25,0,1,9998
111,24,1,1,2
111,24,"2,3",0,2
111,24,3,2,9996
111,24,0,1,9998
112,23,1,1,2
112,23,2,0,2
112,23,0,1,9998
113,22,2,1,2
113,22,1,2,4
113,22,0,1,9998
114,21,2,1,2
114,21,1,0,4
114,21,0,1,9998
115,20,4,0,2
115,20,0,0,3
115,20,2,2,4
115,20,1,[NULL],9000
115,20,3,1,9996
116,19,2,1,3
116,19,0,[NULL],9000
116,19,1,1,9996
117,18,2,0,2
117,18,1,[NULL],9000
117,18,3,[NULL],9000
117,18,0,2,9998
118,17,"1,4",[NULL],9000
118,17,3,[NULL],9000
118,17,"2,4",[NULL],9000
118,17,4,0,9995
118,17,0,[NULL],9995
119,16,1,2,3
119,16,0,4,9997
120,15,1,[NULL],9000
120,15,0,"0,1,3",9997
120,15,2,"1,3",9997
121,14,2,0,2
121,14,1,[NULL],9993
121,14,0,"0,1",9998
122,13,2,[NULL],9000
122,13,0,[NULL],9993
122,13,1,[NULL],9993
123,12,2,2,3
123,12,"0,1",[NULL],9995
123,12,1,1,9997
124,11,5,0,2
124,11,3,0,3
124,11,0,[NULL],9000
124,11,2,[NULL],9993
124,11,4,1,9996
124,11,1,2,9998
125,10,2,[NULL],9000
125,10,1,0,9995
125,10,"3,4",[NULL],9996
125,10,4,1,9997
125,10,0,2,9998
126,9,3,[NULL],9994
126,9,0,[NULL],9994
126,9,1,[NULL],9994
126,9,4,"3,4",9995
126,9,2,0,9996
127,8,5,[NULL],9000
127,8,4,[NULL],9991
127,8,2,[NULL],9991
127,8,1,1,9997
127,8,0,0,9997
127,8,3,2,9997
128,7,1,[NULL],9988
128,7,0,[NULL],9995
129,6,1,[NULL],9995
129,6,0,[NULL],9996
130,5,2,[NULL],9000
130,5,1,[NULL],9995
130,5,0,[NULL],9997
131,4,0,[NULL],9000
90,46,0,[NULL],9000
91,45,0,[NULL],9000
99,37,0,0,9998
100,36,0,0,9997
101,35,0,0,4
102,34,0,0,9997
103,33,0,0,9996
104,32,0,1,9997
105,31,0,1,4
106,30,0,1,9997
107,29,0,0,9996
108,28,0,0,2
109,27,1,0,2
109,27,0,0,4
110,26,1,0,2
110,26,0,1,9998
111,25,1,0,2
111,25,0,"1,2",9997
112,24,1,0,2
112,24,"0,2",0,4
112,24,2,1,9997
113,23,1,0,2
113,23,0,0,5
114,22,0,3,9997
115,21,0,0,9996
116,20,2,0,2
116,20,1,0,5
116,20,0,"1,2",9997
117,19,1,[NULL],9000
117,19,0,2,9997
118,18,2,1,3
118,18,0,2,3
118,18,1,3,3
119,17,1,[NULL],9000
119,17,0,1,9996
120,16,"0,1",0,2
120,16,1,[NULL],9000
121,15,1,[NULL],9994
121,15,0,[NULL],9994
122,14,0,[NULL],9994
123,13,2,1,2
123,13,0,1,6
123,13,1,[NULL],9991
123,13,3,2,9997
124,12,2,0,2
124,12,1,[NULL],9000
124,12,0,2,9997
125,11,3,3,3
125,11,2,4,3
125,11,"0,1",[NULL],9000
125,11,1,1,9996
126,10,"1,3",2,9996
126,10,3,4,9997
126,10,2,"0,1,2,3",9998
126,10,0,3,9998
127,9,"2,3",0,4
127,9,3,[NULL],9000
127,9,1,1,9996
127,9,0,3,9997
128,8,4,[NULL],9000
128,8,1,[NULL],9993
128,8,2,[NULL],9993
128,8,3,[NULL],9993
128,8,0,1,9998
129,7,2,[NULL],9993
129,7,3,[NULL],9995
129,7,1,[NULL],9995
129,7,0,"0,2,4",9998
130,6,0,[NULL],9992
132,4,0,[NULL],9000
133,3,1,[NULL],9991
133,3,0,[NULL],9991
134,2,0,[NULL],9992
91,46,0,[NULL],9000
98,39,0,0,2
102,35,0,0,3
107,30,0,1,9998
108,29,0,1,9998
109,28,1,0,2
109,28,0,1,9998
110,27,0,1,9998
111,26,0,3,9998
112,25,0,2,9998
113,24,0,1,9998
114,23,1,2,9998
114,23,0,"1,3",9998
115,22,1,3,9998
115,22,0,2,9998
116,21,0,3,9998
117,20,0,3,9998
118,19,4,0,3
118,19,0,[NULL],9000
118,19,2,1,9997
118,19,1,4,9998
118,19,3,2,9998
119,18,"0,1,3",0,3
119,18,"1,3",2,3
119,18,3,"0,3",5
119,18,2,[NULL],9000
120,17,1,0,5
120,17,0,2,9997
121,16,2,3,9996
121,16,1,0,9997
121,16,0,[NULL],9997
122,15,1,1,3
122,15,0,[NULL],9994
122,15,2,0,9997
123,14,1,2,9997
123,14,0,1,9998
124,13,1,4,3
124,13,2,[NULL],9000
124,13,0,0,9997
124,13,3,2,9997
125,12,"0,1,2,3",2,2
125,12,3,0,2
125,12,2,"2,3",4
125,12,1,"1,2,5",9998
125,12,4,5,9998
125,12,5,6,9998
126,11,1,1,3
126,11,0,0,3
126,11,2,3,3
126,11,"3,4",[NULL],9000
126,11,4,2,9996
127,10,1,0,2
127,10,5,[NULL],9000
127,10,4,[NULL],9993
127,10,"0,3",[NULL],9993
127,10,3,3,9997
127,10,2,2,9998
128,9,"0,2,4",0,2
128,9,"1,2,4",2,9996
128,9,3,4,9996
128,9,"2,4",2,9997
128,9,4,3,9997
129,8,0,[NULL],9991
129,8,1,4,9998
130,7,1,[NULL],9994
130,7,0,[NULL],9997
131,6,0,[NULL],9997
133,4,0,[NULL],9992
134,3,0,[NULL],9993
94,44,0,0,4
95,43,0,0,4
96,42,0,0,9997
97,41,0,0,9996
98,40,0,0,4
99,39,0,0,3
100,38,0,0,9996
101,37,0,0,3
102,36,0,1,4
103,35,1,0,3
103,35,0,0,4
104,34,1,0,9996
104,34,0,1,9998
105,33,1,0,3
105,33,0,0,9997
106,32,1,0,2
106,32,0,0,4
107,31,1,0,2
107,31,0,0,4
108,30,1,0,2
108,30,0,0,9996
109,29,1,0,2
109,29,0,0,9996
110,28,3,0,2
110,28,"1,2",0,3
110,28,2,3,4
110,28,0,0,9998
111,27,2,0,2
111,27,1,2,3
111,27,0,0,9998
112,26,1,0,2
112,26,2,0,9996
112,26,0,0,9998
113,25,2,1,2
113,25,"1,3",0,2
113,25,3,0,3
113,25,0,1,9998
114,24,3,1,2
114,24,2,0,2
114,24,1,3,4
114,24,0,1,9998
115,23,3,0,2
115,23,"1,2",0,3
115,23,2,1,4
115,23,0,1,9998
116,22,3,0,2
116,22,2,0,3
116,22,1,1,9997
116,22,0,1,9998
117,21,4,1,2
117,21,2,3,2
117,21,"0,1,3",[NULL],9000
117,21,3,[NULL],9000
117,21,1,1,9996
118,20,1,[NULL],9000
118,20,0,[NULL],9000
119,19,1,[NULL],9000
119,19,2,0,9995
119,19,0,[NULL],9995
120,18,"1,2",0,9995
120,18,2,"2,3",9996
120,18,0,2,9997
121,17,"2,3",[NULL],9000
121,17,1,"0,2",9996
121,17,3,1,9996
121,17,0,"2,3",9997
122,16,1,0,2
122,16,2,3,3
122,16,0,0,9997
123,15,2,0,3
123,15,1,4,4
123,15,0,"0,3",9997
124,14,"1,2,5",1,2
124,14,5,4,2
124,14,6,5,2
124,14,4,[NULL],9000
124,14,2,[NULL],9000
124,14,3,2,9997
124,14,0,0,9997
125,13,4,1,3
125,13,0,2,4
125,13,3,[NULL],9000
125,13,"2,5",[NULL],9994
125,13,5,2,9997
125,13,1,0,9997
126,12,2,2,2
126,12,3,0,3
126,12,0,[NULL],9000
126,12,1,"1,4",9998
127,11,"1,2",3,9997
127,11,2,"2,3",9997
127,11,0,1,9997
128,10,4,1,2
128,10,1,[NULL],9000
128,10,3,[NULL],9995
128,10,0,0,9996
128,10,2,3,9997
129,9,2,[NULL],9990
129,9,3,[NULL],9995
129,9,0,4,9997
129,9,1,0,9997
130,8,1,[NULL],9992
130,8,0,[NULL],9997
131,7,1,[NULL],9991
131,7,2,[NULL],9994
131,7,0,[NULL],9995
132,6,2,[NULL],9992
132,6,1,[NULL],9992
132,6,0,1,9998
133,5,0,[NULL],9994
134,4,0,[NULL],9000
135,3,0,[NULL],9000
92,47,0,[NULL],9000
101,38,0,0,9997
102,37,0,0,4
103,36,1,0,2
103,36,0,0,9997
104,35,0,0,9996
105,34,0,0,9997
106,33,0,0,4
107,32,0,1,9997
108,31,0,0,9996
109,30,0,0,2
110,29,0,0,2
111,28,0,0,2
112,27,1,0,2
112,27,0,1,9998
113,26,1,0,2
113,26,0,1,9997
114,25,1,0,2
114,25,0,0,4
115,24,1,0,2
115,24,0,1,9997
116,23,0,[NULL],9000
116,23,1,0,9996
117,22,1,2,3
117,22,0,4,5
118,21,1,0,4
118,21,0,[NULL],9000
119,20,2,0,3
119,20,0,[NULL],9000
119,20,1,[NULL],9000
120,19,0,1,3
121,18,0,2,3
122,17,2,1,3
122,17,1,[NULL],9000
122,17,0,[NULL],9000
123,16,0,0,3
123,16,2,3,3
123,16,1,[NULL],9994
124,15,1,0,4
124,15,0,1,5
124,15,2,[NULL],9000
125,14,"1,4",1,2
125,14,2,"1,3",4
125,14,"3,4",4,5
125,14,4,[NULL],9000
125,14,0,[NULL],9995
126,13,3,3,3
126,13,1,1,4
126,13,4,1,9995
126,13,0,1,9997
126,13,2,3,9997
127,12,2,"2,4",3
127,12,3,4,3
127,12,0,[NULL],9000
127,12,1,1,9996
128,11,2,[NULL],9000
128,11,1,[NULL],9992
128,11,0,[NULL],9992
129,10,"0,1",[NULL],9000
129,10,1,[NULL],9000
129,10,2,3,9997
130,9,3,[NULL],9000
130,9,1,[NULL],9989
130,9,2,[NULL],9995
130,9,0,[NULL],9995
131,8,1,0,2
131,8,2,[NULL],9000
131,8,0,3,9998
132,7,0,[NULL],9993
133,6,0,[NULL],9995
134,5,1,[NULL],9000
134,5,0,2,9997
135,4,1,[NULL],9000
135,4,0,[NULL],9991
136,3,0,2,9998
95,45,0,0,3
104,36,0,0,3
108,32,0,1,9998
109,31,0,1,9998
110,30,0,1,9998
111,29,1,0,2
111,29,"0,2",0,9997
111,29,2,1,9998
112,28,0,1,9998
113,27,0,2,9998
114,26,0,2,9998
115,25,1,1,3
115,25,0,2,9998
116,24,1,1,9998
116,24,0,2,9998
117,23,0,3,9998
117,23,1,2,9998
118,22,2,[NULL],9000
118,22,1,3,9998
118,22,0,2,9998
119,21,2,0,3
119,21,0,[NULL],9000
119,21,1,2,9998
120,20,"2,3",0,3
120,20,3,2,4
120,20,0,[NULL],9000
120,20,1,3,9998
121,19,0,0,3
122,18,"0,3",0,3
122,18,3,0,7
122,18,2,0,9996
122,18,1,2,9997
123,17,2,3,3
123,17,0,0,3
123,17,1,[NULL],9000
124,16,2,2,3
124,16,0,1,3
124,16,1,[NULL],9000
125,15,2,4,4
125,15,1,[NULL],9000
125,15,3,1,9995
125,15,0,1,9998
126,14,3,"1,2",3
126,14,2,1,3
126,14,1,0,3
126,14,0,[NULL],9989
127,13,3,2,3
127,13,2,"1,2,4",4
127,13,4,3,4
127,13,0,2,9997
127,13,1,2,9998
128,12,4,0,3
128,12,0,1,3
128,12,1,[NULL],9000
128,12,3,[NULL],9993
128,12,2,[NULL],9993
129,11,4,[NULL],9000
129,11,"2,3",[NULL],9000
129,11,5,[NULL],9992
129,11,3,[NULL],9994
129,11,"0,1",[NULL],9994
129,11,1,1,9998
130,10,3,0,2
130,10,2,[NULL],9990
130,10,1,[NULL],9990
130,10,0,[NULL],9994
131,9,"0,1,2,4",[NULL],9991
131,9,"1,2,4",[NULL],9991
131,9,2,[NULL],9991
131,9,3,[NULL],9991
131,9,4,[NULL],9991
132,8,"3,5",[NULL],9990
132,8,5,[NULL],9990
132,8,1,[NULL],9990
132,8,2,[NULL],9994
132,8,4,[NULL],9994
132,8,0,4,9997
133,7,"1,2,3",[NULL],9995
133,7,2,[NULL],9996
133,7,3,[NULL],9996
133,7,0,"3,4",9997
134,6,0,[NULL],9992
134,6,1,[NULL],9995
135,5,2,0,2
135,5,0,[NULL],9986
135,5,1,[NULL],9994
136,4,1,[NULL],9000
136,4,0,2,9998
95,46,0,[NULL],9000
96,45,0,0,4
97,44,0,0,9998
98,43,0,0,9997
99,42,0,0,4
100,41,0,0,3
101,40,0,0,9996
102,39,0,0,3
103,38,0,1,4
104,37,0,0,3
105,36,0,0,9996
106,35,1,0,3
106,35,0,1,9998
107,34,1,0,2
107,34,0,0,4
108,33,1,0,2
108,33,0,0,4
109,32,1,0,2
109,32,0,0,9996
110,31,1,2,2
110,31,0,0,9996
111,30,1,0,2
111,30,0,2,4
112,29,2,0,2
112,29,1,0,3
112,29,0,0,9998
113,28,2,0,2
113,28,1,0,9996
113,28,0,"0,1",9998
114,27,2,0,2
114,27,1,0,3
114,27,0,0,9998
115,26,1,1,2
115,26,2,0,2
115,26,0,1,9998
116,25,3,0,2
116,25,2,1,2
116,25,1,1,4
116,25,0,1,9998
117,24,3,1,2
117,24,2,0,2
117,24,"0,1",1,9998
117,24,1,2,9998
118,23,2,1,2
118,23,1,0,9997
118,23,0,1,9998
119,22,3,1,2
119,22,2,2,4
119,22,1,[NULL],9000
119,22,0,1,9998
120,21,"0,2",1,4
120,21,1,2,4
120,21,3,[NULL],9000
120,21,2,[NULL],9000
121,20,0,[NULL],9000
121,20,1,2,9996
122,19,0,2,9996
123,18,1,[NULL],9000
123,18,2,[NULL],9000
123,18,0,0,9997
124,17,1,0,2
124,17,0,[NULL],9000
124,17,2,0,9998
125,16,1,0,3
125,16,3,2,3
125,16,2,1,9997
125,16,0,"1,2",9997
126,15,2,1,2
126,15,1,2,9996
126,15,0,1,9998
127,14,0,0,4
127,14,1,0,9997
128,13,1,1,2
128,13,3,2,3
128,13,0,0,9997
128,13,2,3,9998
129,12,3,[NULL],9995
129,12,1,[NULL],9995
129,12,"0,2",[NULL],9995
129,12,2,0,9997
130,11,2,[NULL],9000
130,11,5,[NULL],9991
130,11,4,[NULL],9991
130,11,1,[NULL],9991
130,11,3,2,9997
130,11,0,3,9998
131,10,6,[NULL],9991
131,10,3,[NULL],9992
131,10,"0,4",[NULL],9992
131,10,4,[NULL],9992
131,10,1,"1,3,5",9998
131,10,2,4,9998
131,10,5,5,9998
132,9,5,[NULL],9991
132,9,0,[NULL],9995
132,9,1,[NULL],9995
132,9,2,3,9996
132,9,4,2,9997
132,9,3,1,9997
133,8,2,0,3
133,8,4,[NULL],9000
133,8,1,[NULL],9994
133,8,0,[NULL],9997
133,8,3,4,9998
134,7,3,[NULL],9995
134,7,1,0,9997
134,7,0,[NULL],9997
134,7,2,"2,4",9998
135,6,2,0,2
135,6,1,[NULL],9994
135,6,0,[NULL],9995
136,5,1,[NULL],9000
136,5,0,[NULL],9000
137,4,0,[NULL],9000
96,46,0,0,2
102,40,0,0,9997
103,39,0,0,4
104,38,0,1,9997
105,37,1,0,2
105,37,0,0,9996
106,36,0,0,9997
107,35,0,0,4
108,34,0,0,9997
109,33,"0,1",0,9996
109,33,1,1,9997
110,32,0,"0,2",3
111,31,0,0,2
112,30,"0,1",0,2
112,30,1,"0,1",9996
113,29,0,0,2
114,28,1,0,2
114,28,0,0,9997
115,27,1,0,2
115,27,0,1,4
116,26,1,"0,1",2
116,26,2,1,2
116,26,0,1,9997
117,25,1,0,2
117,25,0,0,9996
118,24,1,0,2
118,24,0,2,5
119,23,0,"1,2",5
120,22,0,1,9996
121,21,2,1,3
121,21,1,[NULL],9000
121,21,0,1,9996
122,20,0,1,9997
123,19,0,2,2
125,17,1,0,2
125,17,0,"2,3,4",9998
126,16,2,0,3
126,16,1,1,4
126,16,0,0,9998
127,15,3,2,2
127,15,2,[NULL],9000
127,15,0,2,9995
127,15,1,3,9998
128,14,"1,2",[NULL],9000
128,14,2,1,9995
128,14,"0,3",4,9997
128,14,3,3,9997
129,13,3,0,2
129,13,2,[NULL],9000
129,13,0,[NULL],9996
129,13,1,[NULL],9996
130,12,"1,3,5",1,2
130,12,4,2,2
130,12,5,5,2
130,12,2,[NULL],9000
130,12,"0,3","0,3,4",9996
130,12,3,1,9998
131,11,4,0,3
131,11,"0,1,2,3",3,9996
131,11,"1,2,3","2,3,4",9997
131,11,"2,3","3,4",9997
131,11,3,"2,4",9997
132,10,4,3,2
132,10,3,0,3
132,10,2,[NULL],9992
132,10,1,[NULL],9996
132,10,0,0,9998
133,9,"2,4",2,2
133,9,"3,4",[NULL],9991
133,9,4,[NULL],9995
133,9,1,2,9997
133,9,0,0,9998
134,8,"1,2",[NULL],9989
134,8,3,[NULL],9989
134,8,0,[NULL],9991
134,8,2,[NULL],9991
135,7,0,[NULL],9000
135,7,1,[NULL],9994
135,7,2,[NULL],9995
136,6,0,[NULL],9984
136,6,1,[NULL],9988
136,6,2,[NULL],9993
137,5,0,[NULL],9000
96,47,0,[NULL],9000
97,46,0,0,3
110,33,0,1,9998
111,32,0,"1,2",9998
112,31,0,1,9998
113,30,"0,1",0,9997
113,30,1,1,9998
114,29,0,1,9998
115,28,0,1,9998
116,27,0,2,9998
117,26,0,1,3
117,26,2,2,9998
117,26,1,1,9998
118,25,1,2,9998
118,25,0,1,9998
119,24,1,1,9998
119,24,0,2,9998
120,23,1,[NULL],9000
120,23,0,3,9998
120,23,2,2,9998
121,22,0,2,4
121,22,1,3,9998
122,21,0,0,3
122,21,1,3,9998
123,20,0,1,9997
123,20,2,2,9997
123,20,1,2,9998
124,19,"2,3,4",0,2
124,19,1,2,3
124,19,"3,4","0,2",3
124,19,4,[NULL],6
124,19,0,1,9997
125,18,0,0,2
125,18,1,4,5
126,17,3,1,2
126,17,0,1,3
126,17,2,[NULL],9000
126,17,1,[NULL],9000
127,16,0,0,3
127,16,2,[NULL],9000
127,16,1,[NULL],9000
127,16,3,1,9997
128,15,0,0,3
128,15,1,[NULL],9000
128,15,2,3,9997
129,14,1,0,2
129,14,2,3,3
129,14,3,[NULL],9000
129,14,0,[NULL],9000
130,13,1,[NULL],9000
130,13,0,[NULL],9993
130,13,2,[NULL],9993
131,12,0,0,2
131,12,2,4,3
131,12,1,3,3
132,11,0,0,2
132,11,2,[NULL],9993
132,11,3,[NULL],9993
132,11,1,[NULL],9995
133,10,0,1,3
133,10,1,[NULL],9992
133,10,2,"0,1,2",9996
134,9,0,3,9997
135,8,0,[NULL],9995
135,8,1,[NULL],9996
136,7,1,[NULL],9992
136,7,2,[NULL],9994
136,7,0,[NULL],9995
137,6,0,[NULL],9996
137,6,1,2,9998
96,48,0,[NULL],9000
97,47,0,[NULL],9000
99,45,0,0,9998
100,44,0,0,4
101,43,0,0,3
102,42,0,0,9996
103,41,1,0,3
103,41,0,0,9996
104,40,0,0,4
105,39,0,0,3
106,38,0,1,9996
107,37,0,0,3
108,36,1,1,3
108,36,0,0,4
109,35,1,0,2
109,35,0,0,4
110,34,"1,2",0,2
110,34,2,1,9996
110,34,0,[NULL],9996
111,33,1,0,2
111,33,0,0,9996
112,32,1,1,2
112,32,0,1,4
113,31,1,0,2
113,31,0,0,3
114,30,1,0,2
114,30,0,0,9996
115,29,2,0,2
115,29,1,0,3
115,29,0,"0,1",9998
116,28,2,2,2
116,28,1,1,2
116,28,0,1,9998
117,27,2,1,2
117,27,1,0,2
117,27,0,1,9998
118,26,1,1,2
118,26,2,0,2
118,26,0,1,9998
119,25,3,0,2
119,25,2,2,2
119,25,"0,1",1,9998
119,25,1,2,9998
120,24,3,1,2
120,24,2,1,4
120,24,1,[NULL],9000
120,24,0,0,9998
121,23,3,1,2
121,23,1,0,3
121,23,2,0,4
121,23,0,0,9998
122,22,2,1,2
122,22,0,[NULL],9000
122,22,1,1,9996
123,21,0,[NULL],9000
124,20,1,3,5
124,20,0,0,9997
125,19,2,1,4
125,19,0,[NULL],9000
125,19,1,1,9997
126,18,"2,4",[NULL],9000
126,18,3,"1,2,3",9996
126,18,4,3,9996
126,18,1,"0,1",9997
126,18,0,0,9997
127,17,4,"0,3",3
127,17,3,3,3
127,17,"0,1",[NULL],9992
127,17,1,[NULL],9992
127,17,2,0,9996
128,16,1,"0,1",9997
128,16,0,4,9998
129,15,1,[NULL],9000
129,15,0,0,9997
130,14,"2,3,4",0,3
130,14,"3,4","2,3",3
130,14,4,"0,2",3
130,14,0,[NULL],9000
130,14,1,2,9998
131,13,3,2,4
131,13,0,[NULL],9995
131,13,1,2,9997
131,13,2,2,9998
132,12,2,1,3
132,12,1,[NULL],9000
132,12,4,[NULL],9991
132,12,3,"1,2",9997
132,12,0,3,9998
133,11,6,[NULL],9000
133,11,1,[NULL],9990
133,11,3,0,9996
133,11,5,"1,2",9997
133,11,4,5,9998
133,11,2,"1,2,4,5",9998
133,11,0,2,9998
134,10,4,[NULL],9991
134,10,"0,3",[NULL],9991
134,10,1,2,9996
134,10,3,"2,4",9997
134,10,2,0,9997
135,9,3,[NULL],9000
135,9,2,[NULL],9996
135,9,0,[NULL],9996
135,9,1,3,9998
136,8,2,1,2
136,8,1,[NULL],9995
136,8,0,"0,2",9998
137,7,0,[NULL],9000
137,7,2,[NULL],9000
137,7,1,[NULL],9000
138,6,1,[NULL],9000
138,6,0,[NULL],9996
139,5,"0,1",[NULL],9995
139,5,1,[NULL],9996
140,4,0,[NULL],9997
141,3,0,[NULL],9991
142,2,0,[NULL],9997
97,48,0,[NULL],9000
98,47,0,0,2
104,41,0,0,4
105,40,0,0,9998
106,39,0,"0,1",9997
107,38,0,0,9997
108,37,0,"0,1",4
109,36,0,0,9997
110,35,0,0,9996
111,34,"0,1",1,4
111,34,1,1,9997
112,33,0,"0,1",3
113,32,0,2,9997
114,31,"0,1",0,2
114,31,1,0,9996
115,30,1,0,2
115,30,0,0,9997
116,29,1,0,2
116,29,0,0,4
117,28,1,0,2
117,28,0,"0,1",9997
118,27,1,"0,1",2
118,27,2,1,2
118,27,0,0,9996
118,27,3,1,9997
119,26,0,0,2
119,26,1,0,4
120,25,0,0,2
120,25,1,0,4
121,24,0,[NULL],9000
121,24,1,"0,2",9996
122,23,1,0,3
122,23,2,2,3
122,23,0,0,9996
123,22,1,0,3
123,22,0,"1,2",9997
125,20,0,1,9996
126,19,1,3,3
126,19,0,1,9997
127,18,4,0,2
127,18,3,2,3
127,18,1,1,9997
127,18,2,2,9997
127,18,0,"1,2",9998
128,17,1,[NULL],5
128,17,2,[NULL],9000
128,17,3,[NULL],9000
128,17,0,[NULL],9000
129,16,2,1,2
129,16,"0,3,4","0,3",4
129,16,4,[NULL],9000
129,16,3,[NULL],9000
129,16,1,2,9998
130,15,2,2,2
130,15,3,"0,1,2,3",4
130,15,0,[NULL],9995
130,15,1,3,9998
131,14,3,0,2
131,14,2,[NULL],9000
131,14,1,[NULL],9992
131,14,0,[NULL],9992
132,13,5,4,2
132,13,"1,2,4","2,4",2
132,13,2,0,2
132,13,3,1,9996
132,13,0,"0,1",9998
132,13,4,2,9998
133,12,3,0,3
133,12,5,[NULL],9000
133,12,4,[NULL],9000
133,12,0,0,9996
133,12,"1,2","2,3",9997
133,12,2,3,9997
134,11,3,1,2
134,11,1,[NULL],9992
134,11,0,3,9998
134,11,2,4,9998
135,10,"0,2",0,2
135,10,2,[NULL],9987
135,10,1,4,9998
136,9,1,[NULL],9987
136,9,0,3,9997
136,9,2,2,9998
137,8,1,[NULL],9985
137,8,0,4,9997
138,7,1,[NULL],9988
138,7,0,3,9997
97,49,0,[NULL],9000
98,48,0,[NULL],9000
104,42,0,0,2
113,33,0,"1,2",9998
114,32,0,1,9998
115,31,0,1,9998
116,30,0,1,9998
117,29,0,2,9998
118,28,0,2,9998
119,27,1,2,9998
119,27,0,1,9998
120,26,1,2,9998
120,26,0,"1,3",9998
121,25,1,2,9998
121,25,0,1,9998
122,24,0,3,9998
122,24,1,2,9998
123,23,0,0,3
123,23,1,3,9998
123,23,2,2,9998
124,22,1,1,3
124,22,2,2,9998
124,22,0,3,9998
125,21,"0,1",1,3
125,21,1,"0,1",3
125,21,2,2,9998
126,20,"1,2",0,2
126,20,2,0,5
126,20,0,1,9997
127,19,"0,1",1,3
127,19,1,2,5
127,19,3,[NULL],9000
127,19,2,[NULL],9994
128,18,2,1,2
128,18,0,0,3
128,18,3,[NULL],9000
128,18,1,[NULL],9000
128,18,4,1,9996
129,17,3,1,2
129,17,2,[NULL],9000
129,17,0,[NULL],9000
129,17,1,[NULL],9000
130,16,2,1,3
130,16,1,[NULL],9000
130,16,0,[NULL],9000
131,15,"0,1",0,2
131,15,2,4,2
131,15,1,3,3
132,14,"1,2",5,3
132,14,0,2,4
132,14,2,[NULL],9000
133,13,3,0,2
133,13,4,2,2
133,13,2,3,3
133,13,0,2,3
133,13,1,[NULL],9000
134,12,4,1,2
134,12,3,[NULL],9993
134,12,2,[NULL],9993
134,12,1,[NULL],9993
134,12,0,[NULL],9993
135,11,2,2,2
135,11,1,[NULL],9988
135,11,0,1,9996
136,10,2,[NULL],9987
136,10,1,[NULL],9988
136,10,0,[NULL],9996
137,9,0,[NULL],9995
138,8,0,[NULL],9997
139,7,1,[NULL],9986
139,7,0,[NULL],9997
140,6,0,[NULL],9000
140,6,1,[NULL],9992
140,6,2,[NULL],9992
141,5,1,[NULL],9992
141,5,0,[NULL],9992
141,5,2,[NULL],9994
142,4,1,"2,3",9997
142,4,0,[NULL],9997
143,3,0,[NULL],9989
98,49,0,[NULL],9000
101,46,0,0,4
102,45,0,0,4
103,44,0,0,9996
104,43,0,0,9996
105,42,"0,1",0,3
105,42,1,0,4
106,41,0,0,3
107,40,0,0,9996
108,39,0,0,3
109,38,1,2,4
109,38,0,[NULL],4
110,37,1,1,3
110,37,0,0,4
111,36,1,0,9996
111,36,0,0,9997
112,35,"1,2",0,2
112,35,2,0,3
112,35,0,0,9996
113,34,1,0,2
113,34,0,0,4
114,33,1,0,2
114,33,0,0,3
115,32,1,0,2
115,32,0,0,9996
116,31,2,0,2
116,31,"0,1",0,3
116,31,1,0,9996
117,30,2,0,2
117,30,1,3,3
117,30,0,0,9998
118,29,2,1,2
118,29,1,0,2
118,29,0,1,9998
119,28,2,1,2
119,28,"1,3",0,2
119,28,3,2,9996
119,28,0,1,9998
120,27,2,1,2
120,27,1,0,2
120,27,0,1,9998
121,26,3,0,2
121,26,2,1,2
121,26,1,1,4
121,26,0,1,9998
122,25,3,1,2
122,25,2,2,2
122,25,1,0,3
122,25,0,1,9998
123,24,2,2,2
123,24,3,0,2
123,24,1,1,9996
123,24,0,0,9998
124,23,2,2,2
124,23,1,[NULL],9000
124,23,0,0,9998
125,22,1,0,3
125,22,"2,3",3,4
125,22,3,4,4
125,22,0,2,9998
126,21,1,1,3
126,21,2,2,3
126,21,0,2,4
127,20,1,2,9996
127,20,0,2,9997
128,19,3,[NULL],9000
128,19,2,[NULL],9000
128,19,0,0,9996
128,19,1,"0,1",9997
129,18,0,[NULL],9000
129,18,1,2,9997
129,18,2,2,9998
130,17,"0,1",1,9996
130,17,1,1,9997
131,16,0,[NULL],9000
131,16,1,2,9996
132,15,"2,3","1,2",3
132,15,3,2,3
132,15,0,3,4
132,15,1,2,9998
133,14,2,1,4
133,14,4,[NULL],9000
133,14,3,[NULL],9000
133,14,0,[NULL],9000
133,14,1,1,9997
134,13,2,[NULL],9000
134,13,6,[NULL],9000
134,13,4,[NULL],9990
134,13,1,[NULL],9994
134,13,"3,5",[NULL],9994
134,13,0,[NULL],9994
134,13,5,2,9996
135,12,3,0,3
135,12,"1,4",[NULL],9989
135,12,0,[NULL],9989
135,12,"2,6",[NULL],9993
135,12,6,[NULL],9995
135,12,4,0,9996
135,12,5,4,9998
136,11,4,0,3
136,11,3,[NULL],9989
136,11,1,[NULL],9989
136,11,0,[NULL],9989
136,11,2,[NULL],9997
137,10,3,0,3
137,10,4,[NULL],9994
137,10,"1,2",[NULL],9994
137,10,2,[NULL],9994
137,10,0,[NULL],9997
138,9,0,[NULL],9000
138,9,2,[NULL],9995
138,9,1,"2,3",9997
139,8,0,[NULL],9000
139,8,1,3,9997
140,7,1,[NULL],9996
140,7,0,4,9998
141,6,"0,1",[NULL],9994
141,6,1,[NULL],9996
142,5,0,[NULL],9996
143,4,0,"2,3",9997
144,3,0,[NULL],9997
98,50,0,[NULL],9000
99,49,0,[NULL],9000
107,41,0,0,9998
108,40,0,0,9997
109,39,0,0,4
110,38,0,0,9997
111,37,0,0,9996
112,36,0,1,9997
113,35,0,1,4
114,34,0,1,9997
115,33,0,0,9996
116,32,0,0,2
117,31,1,0,2
117,31,0,0,4
118,30,1,0,2
118,30,0,1,9998
119,29,1,0,2
119,29,0,1,9997
120,28,1,0,2
120,28,"0,2",1,4
120,28,2,1,9997
121,27,1,0,2
121,27,0,0,4
122,26,0,0,2
122,26,1,2,9997
123,25,0,0,2
123,25,1,0,9996
124,24,2,0,2
124,24,1,0,4
124,24,0,1,9997
125,23,1,0,3
125,23,0,[NULL],9000
126,22,1,1,9996
126,22,0,"2,3,4",9997
127,21,"1,2",[NULL],9000
127,21,0,2,9996
127,21,2,1,9997
128,20,2,2,2
128,20,1,[NULL],9000
128,20,0,2,9997
129,19,1,[NULL],9000
129,19,0,[NULL],9000
130,18,0,[NULL],9000
130,18,1,[NULL],9000
131,17,2,1,2
131,17,1,3,4
131,17,0,0,9998
132,16,0,0,4
133,15,1,2,9996
133,15,0,3,9997
134,14,4,5,2
134,14,1,[NULL],9995
134,14,2,1,9996
134,14,3,2,9996
134,14,0,0,9998
135,13,3,[NULL],9000
135,13,1,[NULL],9000
135,13,0,[NULL],9990
135,13,2,0,9998
136,12,"0,1",[NULL],9990
136,12,1,4,9997
137,11,2,[NULL],9984
137,11,1,2,9996
137,11,0,2,9998
138,10,2,[NULL],9987
138,10,3,[NULL],9989
138,10,1,[NULL],9997
138,10,0,2,9998
139,9,4,0,2
139,9,1,0,9995
139,9,3,[NULL],9995
139,9,2,3,9997
139,9,0,2,9998
140,8,4,[NULL],9994
140,8,1,[NULL],9994
140,8,2,0,9996
140,8,3,5,9997
140,8,0,[NULL],9997
141,7,"2,3",1,3
141,7,3,[NULL],9000
141,7,1,[NULL],9991
141,7,0,[NULL],9997
142,6,1,[NULL],9000
142,6,0,[NULL],9993
143,5,0,[NULL],9994
144,4,1,[NULL],9000
144,4,0,[NULL],9995
145,3,0,[NULL],9992
99,50,0,[NULL],9000
106,43,0,0,2
110,39,0,0,3
115,34,0,1,9998
116,33,0,1,9998
117,32,1,0,2
117,32,0,1,9998
118,31,0,1,9998
119,30,0,3,9998
120,29,0,2,9998
121,28,0,2,9998
122,27,1,3,9998
122,27,0,"1,2",9998
123,26,0,2,9998
123,26,1,3,9998
124,25,0,2,9998
124,25,1,3,9998
125,24,0,3,9998
125,24,1,2,9998
126,23,2,0,3
126,23,0,1,9998
126,23,1,5,9998
127,22,"0,1",1,3
127,22,1,4,4
127,22,2,3,9998
128,21,2,1,3
128,21,3,[NULL],9000
128,21,"0,1",[NULL],9000
128,21,1,2,9997
128,21,4,1,9998
129,20,1,1,3
129,20,3,[NULL],9000
129,20,2,[NULL],9000
129,20,0,[NULL],9000
129,20,4,1,9996
130,19,0,0,2
130,19,2,[NULL],9000
130,19,1,[NULL],9000
131,18,1,[NULL],9000
131,18,0,[NULL],9000
132,17,1,1,3
132,17,0,3,9997
133,16,0,0,2
133,16,1,1,9996
133,16,2,3,9997
134,15,0,2,2
134,15,1,0,4
135,14,0,[NULL],9000
135,14,1,[NULL],9991
136,13,2,0,2
136,13,1,[NULL],9991
136,13,0,1,9998
137,12,2,0,2
137,12,3,1,3
137,12,1,1,9997
137,12,0,2,9998
138,11,2,0,2
138,11,3,1,3
138,11,1,[NULL],9990
138,11,0,"0,2",9998
139,10,2,[NULL],9000
139,10,1,[NULL],9989
139,10,"0,3",[NULL],9989
139,10,3,3,9997
140,9,2,[NULL],9995
140,9,1,[NULL],9995
140,9,0,"0,1,2",9998
140,9,3,4,9998
141,8,1,[NULL],9991
141,8,2,[NULL],9995
141,8,0,1,9997
142,7,"2,3",0,3
142,7,3,[NULL],9000
142,7,1,[NULL],9993
142,7,0,[NULL],9994
143,6,2,[NULL],9994
143,6,"0,1",[NULL],9995
143,6,1,5,9998
144,5,0,3,9997
144,5,1,3,9998
145,4,0,[NULL],9988
102,48,0,0,4
103,47,0,0,4
104,46,0,0,9997
105,45,0,0,9996
106,44,0,0,4
107,43,0,0,3
108,42,0,0,9996
109,41,0,0,3
110,40,0,1,4
111,39,1,0,3
111,39,0,0,4
112,38,1,0,9996
112,38,0,1,9998
113,37,1,0,3
113,37,0,0,9997
114,36,1,0,2
114,36,0,0,4
115,35,1,0,2
115,35,0,1,4
116,34,1,0,2
116,34,0,0,9996
117,33,1,0,2
117,33,0,0,9996
118,32,3,0,2
118,32,1,0,3
118,32,2,3,4
118,32,0,0,9998
119,31,2,0,2
119,31,1,2,3
119,31,0,0,9998
120,30,2,0,2
120,30,1,0,9996
120,30,0,0,9998
121,29,3,1,2
121,29,"1,2",0,2
121,29,2,1,3
121,29,0,1,9998
122,28,2,0,2
122,28,3,1,2
122,28,1,1,4
122,28,0,1,9998
123,27,2,0,2
123,27,3,1,2
123,27,1,0,3
123,27,0,1,9998
124,26,3,0,2
124,26,2,1,2
124,26,1,1,9997
124,26,0,1,9998
125,25,1,0,2
125,25,5,1,2
125,25,"2,3,4",0,3
125,25,4,[NULL],9000
125,25,3,1,9996
125,25,0,1,9998
126,24,3,2,2
126,24,1,2,3
126,24,2,1,4
126,24,0,0,9998
127,23,1,4,2
127,23,2,0,3
127,23,0,0,4
128,22,1,"3,4",9996
128,22,0,3,9998
129,21,1,"0,1",4
129,21,2,1,9996
129,21,0,"1,2",9997
130,20,2,1,4
130,20,1,3,9997
130,20,0,0,9997
131,19,0,[NULL],9000
131,19,1,[NULL],9000
131,19,2,2,9996
132,18,3,0,3
132,18,1,[NULL],9000
132,18,2,4,9996
132,18,0,0,9997
133,17,2,3,4
133,17,1,[NULL],9000
133,17,0,0,9997
134,16,0,4,4
134,16,2,[NULL],9000
134,16,4,[NULL],9993
134,16,3,0,9997
134,16,1,[NULL],9997
135,15,1,0,2
135,15,4,1,3
135,15,3,[NULL],9000
135,15,5,[NULL],9992
135,15,0,[NULL],9992
135,15,2,1,9997
136,14,2,0,2
136,14,3,[NULL],9000
136,14,"0,1",[NULL],9992
136,14,4,4,9993
136,14,1,2,9996
137,13,"0,2",0,2
137,13,1,[NULL],9000
137,13,2,[NULL],9000
138,12,3,2,3
138,12,1,[NULL],9948
138,12,"0,2",[NULL],9993
138,12,2,0,9997
139,11,"0,1,2",0,2
139,11,4,3,2
139,11,5,3,3
139,11,1,[NULL],9990
139,11,3,2,9996
139,11,2,1,9996
140,10,"3,4,5,6",[NULL],9000
140,10,5,[NULL],9000
140,10,6,[NULL],9996
140,10,0,[NULL],9996
140,10,1,[NULL],9996
140,10,4,2,9997
140,10,2,1,9997
141,9,"3,4",[NULL],9000
141,9,4,[NULL],9989
141,9,5,[NULL],9993
141,9,6,3,9995
141,9,2,[NULL],9996
141,9,0,[NULL],9996
141,9,1,"3,4",9997
142,8,5,1,2
142,8,4,[NULL],9989
142,8,3,[NULL],9993
142,8,2,[NULL],9995
142,8,0,[NULL],9995
142,8,1,3,9997
143,7,3,1,2
143,7,2,[NULL],9989
143,7,1,[NULL],9996
143,7,0,[NULL],9996
144,6,1,[NULL],9000
144,6,0,[NULL],9993
145,5,1,[NULL],9000
145,5,0,[NULL],9995
146,4,0,[NULL],9990
100,51,0,[NULL],9000
109,42,0,0,9997
110,41,0,0,4
111,40,1,0,2
111,40,0,0,9997
112,39,0,0,9996
113,38,0,0,9997
114,37,0,0,4
115,36,0,1,9997
116,35,0,0,9996
117,34,0,0,2
118,33,0,0,2
119,32,0,0,2
120,31,1,0,2
120,31,0,1,9998
121,30,1,0,2
121,30,0,1,9997
122,29,1,0,2
122,29,0,1,4
123,28,1,0,2
123,28,0,1,9997
124,27,1,0,2
124,27,0,0,9996
125,26,0,0,2
125,26,1,1,4
126,25,2,0,4
126,25,1,[NULL],9000
126,25,0,[NULL],9000
127,24,3,0,2
127,24,2,1,3
127,24,1,0,9996
127,24,0,2,9998
128,23,1,0,9996
128,23,0,1,9997
130,21,0,[NULL],9000
130,21,1,[NULL],9000
131,20,3,0,3
131,20,2,[NULL],9000
131,20,0,1,9997
131,20,1,4,9998
132,19,3,2,3
132,19,2,1,4
132,19,0,1,9996
132,19,1,"3,4",9997
133,18,1,2,4
133,18,2,3,4
133,18,0,2,9997
134,17,1,[NULL],9994
134,17,0,2,9997
135,16,0,[NULL],9993
135,16,1,1,9996
136,15,1,1,3
136,15,2,1,4
136,15,0,1,9998
137,14,2,[NULL],9000
137,14,1,"1,2",9995
137,14,0,"0,1",9998
138,13,3,3,3
138,13,1,[NULL],9992
138,13,"0,2","0,1",9996
138,13,2,1,9996
139,12,0,2,4
139,12,2,[NULL],9991
139,12,1,"0,3,4",9997
139,12,3,4,9997
140,11,1,0,3
140,11,3,[NULL],9000
140,11,2,3,9997
140,11,0,[NULL],9997
141,10,5,[NULL],9994
141,10,"0,2,3,4",[NULL],9994
141,10,3,1,9997
141,10,2,[NULL],9997
141,10,1,"1,4",9998
141,10,4,4,9998
142,9,4,[NULL],9000
142,9,2,"1,3",9996
142,9,5,[NULL],9996
142,9,3,1,9997
142,9,0,0,9997
142,9,1,"2,3",9998
143,8,3,0,3
143,8,5,[NULL],9988
143,8,2,[NULL],9990
143,8,4,[NULL],9996
143,8,1,2,9998
143,8,0,4,9998
144,7,2,[NULL],9000
144,7,0,[NULL],9996
144,7,1,[NULL],9996
145,6,1,[NULL],9994
145,6,0,[NULL],9996
146,5,1,[NULL],9000
146,5,0,[NULL],9000
147,4,0,[NULL],9994
103,49,0,0,3
112,40,0,0,3
116,36,0,1,9998
117,35,0,1,9998
118,34,0,1,9998
119,33,1,0,2
119,33,"0,2",0,9997
119,33,2,1,9998
120,32,0,1,9998
121,31,0,2,9998
122,30,0,2,9998
123,29,1,1,3
123,29,0,2,9998
124,28,1,1,9998
124,28,0,2,9998
125,27,0,3,9998
125,27,1,2,9998
126,26,2,0,2
126,26,0,3,9998
126,26,1,2,9998
127,25,0,3,9998
127,25,1,2,9998
128,24,"1,2",0,3
128,24,2,4,4
128,24,0,4,9998
128,24,3,2,9998
129,23,3,1,3
129,23,0,0,3
129,23,2,[NULL],9000
129,23,1,2,9998
130,22,4,1,2
130,22,3,[NULL],9000
130,22,"0,2",[NULL],9000
130,22,2,"0,2",9996
130,22,1,1,9998
131,21,0,0,3
131,21,1,[NULL],9000
132,20,0,0,3
132,20,1,1,4
133,19,0,3,3
133,19,2,[NULL],9000
133,19,1,[NULL],9000
134,18,1,2,3
134,18,0,3,9996
135,17,1,0,2
135,17,0,[NULL],9994
136,16,"0,1",0,2
136,16,1,[NULL],9000
137,15,0,0,3
137,15,1,[NULL],9000
138,14,0,1,5
139,13,2,4,3
139,13,1,2,3
139,13,0,0,9997
140,12,"1,4",1,2
140,12,4,0,2
140,12,3,1,3
140,12,2,[NULL],9993
140,12,0,"2,5",9998
141,11,"2,3",1,2
141,11,3,1,3
141,11,4,[NULL],9953
141,11,5,[NULL],9953
141,11,1,[NULL],9995
141,11,0,"1,3",9997
142,10,2,1,2
142,10,4,0,2
142,10,3,[NULL],9000
142,10,1,[NULL],9997
142,10,0,"1,3",9998
143,9,0,[NULL],9991
143,9,3,[NULL],9991
143,9,4,[NULL],9992
143,9,2,[NULL],9993
143,9,1,[NULL],9997
144,8,3,[NULL],9989
144,8,2,[NULL],9997
144,8,0,0,9998
144,8,1,3,9998
145,7,0,3,9998
146,6,1,[NULL],9988
146,6,0,1,9998
147,5,0,[NULL],9993
147,5,1,[NULL],9994
148,4,0,[NULL],9991
103,50,0,[NULL],9000
104,49,0,0,4
105,48,0,0,9998
106,47,0,0,9997
107,46,0,0,4
108,45,0,0,3
109,44,0,0,9996
110,43,0,0,3
111,42,0,1,4
112,41,0,0,3
113,40,0,0,9996
114,39,1,0,3
114,39,0,1,9998
115,38,1,0,2
115,38,0,0,4
116,37,1,0,2
116,37,0,0,4
117,36,1,0,2
117,36,0,0,9996
118,35,1,2,2
118,35,0,0,9996
119,34,1,0,2
119,34,0,1,4
120,33,2,0,2
120,33,1,0,3
120,33,0,0,9998
121,32,2,0,2
121,32,1,0,9996
121,32,0,"0,1",9998
122,31,2,0,2
122,31,1,0,3
122,31,0,0,9998
123,30,1,1,2
123,30,2,0,2
123,30,0,1,9998
124,29,3,0,2
124,29,2,1,2
124,29,1,3,4
124,29,0,1,9998
125,28,3,0,2
125,28,2,1,2
125,28,"0,1",1,9998
125,28,1,2,9998
126,27,3,0,2
126,27,2,1,2
126,27,1,1,9997
126,27,0,1,9998
127,26,4,0,2
127,26,2,3,2
127,26,1,0,3
127,26,3,1,4
127,26,0,1,9998
128,25,2,1,2
128,25,1,2,4
128,25,0,1,9998
129,24,1,1,2
129,24,2,1,9996
129,24,0,0,9998
130,23,1,0,3
130,23,2,2,4
130,23,3,[NULL],9000
130,23,0,2,9998
131,22,"3,4",1,3
131,22,4,2,4
131,22,1,[NULL],9000
131,22,2,0,9997
131,22,0,1,9998
132,21,2,0,3
132,21,0,[NULL],9000
132,21,1,[NULL],9000
133,20,2,0,3
133,20,1,2,9996
133,20,0,4,9997
134,19,2,[NULL],9000
134,19,0,[NULL],9000
134,19,1,1,9996
134,19,3,3,9998
135,18,2,0,4
135,18,0,[NULL],9000
135,18,3,[NULL],9995
135,18,1,"0,1",9997
136,17,0,[NULL],9000
136,17,1,[NULL],9995
136,17,2,2,9998
137,16,1,[NULL],9000
137,16,0,0,9997
138,15,"0,3,4",1,3
138,15,4,3,3
138,15,2,3,4
138,15,1,2,4
138,15,3,0,9992
139,14,"2,5",0,2
139,14,3,2,3
139,14,1,[NULL],9000
139,14,0,[NULL],9987
139,14,4,[NULL],9992
139,14,5,[NULL],9992
140,13,1,3,3
140,13,"0,3",[NULL],9989
140,13,3,[NULL],9989
140,13,2,1,9996
141,12,"1,3",0,2
141,12,3,3,3
141,12,0,0,3
141,12,2,1,9996
142,11,2,[NULL],9951
142,11,4,[NULL],9995
142,11,3,[NULL],9995
142,11,0,[NULL],9995
142,11,1,[NULL],9996
143,10,0,0,2
143,10,3,1,2
143,10,2,[NULL],9000
143,10,"1,4",[NULL],9994
143,10,4,2,9995
144,9,3,0,2
144,9,4,[NULL],9000
144,9,"1,2",[NULL],9992
144,9,2,[NULL],9996
144,9,0,"3,4",9998
145,8,1,0,2
145,8,2,[NULL],9992
145,8,0,[NULL],9992
146,7,0,[NULL],9993
148,5,0,3,9997
149,4,0,[NULL],9995
104,50,0,0,2
110,44,0,0,9997
111,43,0,0,4
112,42,0,"0,1",9997
113,41,1,0,2
113,41,0,0,9996
114,40,0,0,9997
115,39,0,0,4
116,38,0,0,9997
117,37,0,0,9996
117,37,1,1,9997
118,36,0,"0,2",3
119,35,0,0,2
120,34,"0,1",0,2
120,34,1,"0,1",9996
121,33,0,0,2
122,32,1,0,2
122,32,0,0,9997
123,31,1,0,2
123,31,0,0,4
124,30,1,"0,1",2
124,30,2,1,2
124,30,0,1,9997
125,29,1,0,2
125,29,0,0,9996
126,28,1,0,2
126,28,0,1,4
127,27,1,0,2
127,27,0,1,4
128,26,0,0,2
128,26,1,0,9996
129,25,2,0,2
129,25,1,0,9996
129,25,0,1,9998
130,24,1,0,2
130,24,0,"1,2",9997
131,23,1,0,4
131,23,0,1,9997
132,22,"0,1",[NULL],9000
132,22,1,1,9997
133,21,3,3,2
133,21,"0,2",[NULL],9000
133,21,2,2,9998
133,21,1,0,9998
134,20,1,1,4
134,20,0,2,9997
134,20,2,[NULL],9997
135,19,2,2,2
135,19,0,"0,2",9998
135,19,1,2,9998
136,18,0,"2,5",9997
136,18,1,2,9997
137,17,"0,1","0,2",4
137,17,1,2,4
138,16,0,0,3
138,16,1,3,9997
139,15,0,3,9995
139,15,1,1,9996
140,14,"1,3",0,3
140,14,3,6,5
140,14,2,[NULL],9995
140,14,0,2,9998
141,13,"1,3",2,4
141,13,4,[NULL],9000
141,13,2,[NULL],9000
141,13,3,2,9997
141,13,0,1,9998
142,12,2,[NULL],9000
142,12,3,[NULL],9993
142,12,1,[NULL],9993
142,12,0,[NULL],9996
143,11,"3,4",0,2
143,11,4,[NULL],9000
143,11,1,[NULL],9992
143,11,0,2,9997
143,11,2,[NULL],9997
144,10,1,[NULL],9000
144,10,0,[NULL],9986
144,10,3,[NULL],9989
144,10,5,3,9995
144,10,4,[NULL],9995
144,10,2,[NULL],9996
145,9,0,[NULL],9988
145,9,3,[NULL],9992
145,9,2,[NULL],9992
145,9,4,[NULL],9992
145,9,1,[NULL],9997
146,8,1,[NULL],9994
146,8,3,[NULL],9994
146,8,2,[NULL],9994
146,8,0,[NULL],9994
147,7,3,[NULL],9000
147,7,2,[NULL],9988
147,7,1,[NULL],9996
147,7,0,[NULL],9996
148,6,1,[NULL],9000
148,6,2,[NULL],9000
148,6,0,[NULL],9997
149,5,0,[NULL],9987
104,51,0,[NULL],9000
105,50,0,0,3
118,37,0,1,9998
119,36,0,"1,2",9998
120,35,0,1,9998
121,34,"0,1",0,9997
121,34,1,1,9998
122,33,0,1,9998
123,32,0,1,9998
124,31,0,2,9998
125,30,1,1,3
125,30,2,2,9998
125,30,0,1,9998
126,29,1,2,9998
126,29,0,1,9998
127,28,1,1,9998
127,28,0,2,9998
128,27,1,0,2
128,27,0,3,9998
128,27,2,2,9998
129,26,"0,2",0,4
129,26,2,3,9998
129,26,1,2,9998
130,25,0,2,3
130,25,1,3,9998
130,25,2,2,9998
131,24,0,2,9997
131,24,1,3,9998
132,23,2,0,2
132,23,0,1,2
132,23,4,0,3
132,23,3,2,9997
132,23,1,3,9998
133,22,3,0,4
133,22,"0,1",[NULL],9000
133,22,1,2,9997
133,22,2,1,9998
134,21,"0,2",0,2
134,21,2,1,2
134,21,1,1,3
135,20,1,[NULL],9000
135,20,2,4,9996
135,20,0,4,9998
136,19,0,0,3
136,19,"1,2",1,5
136,19,2,[NULL],9000
137,18,0,3,9997
138,17,0,4,9997
139,16,2,0,2
139,16,0,0,9997
139,16,1,"2,3",9998
140,15,1,0,2
140,15,0,1,9997
141,14,0,[NULL],9956
142,13,1,[NULL],9994
142,13,0,"0,2",9997
143,12,3,[NULL],9988
143,12,2,[NULL],9993
143,12,1,[NULL],9993
143,12,0,[NULL],9995
144,11,1,[NULL],9000
144,11,3,[NULL],9992
144,11,2,[NULL],9992
144,11,0,[NULL],9997
145,10,"2,3",[NULL],9992
145,10,3,[NULL],9993
145,10,1,[NULL],9994
145,10,0,1,9995
146,9,3,[NULL],9991
146,9,1,[NULL],9995
146,9,2,[NULL],9995
146,9,0,[NULL],9995
147,8,3,0,3
147,8,2,[NULL],9995
147,8,0,5,9998
147,8,1,4,9998
148,7,3,[NULL],9986
148,7,2,[NULL],9990
148,7,1,[NULL],9995
148,7,0,[NULL],9997
149,6,"1,3",[NULL],9000
149,6,3,[NULL],9995
149,6,2,[NULL],9995
149,6,0,"0,1",9998
150,5,1,[NULL],9988
150,5,0,[NULL],9992
104,52,0,[NULL],9000
105,51,0,[NULL],9000
107,49,0,0,9998
108,48,0,0,4
109,47,0,0,3
110,46,0,0,9996
111,45,"0,1",0,3
111,45,1,0,9996
112,44,0,0,4
113,43,0,0,3
114,42,0,1,9996
115,41,0,0,3
116,40,1,1,3
116,40,0,0,4
117,39,1,0,2
117,39,0,0,4
118,38,"1,2",0,2
118,38,2,1,9996
118,38,0,[NULL],9996
119,37,1,0,2
119,37,0,0,9996
120,36,1,1,2
120,36,0,1,4
121,35,1,0,2
121,35,0,0,3
122,34,1,0,2
122,34,0,0,9996
123,33,2,0,2
123,33,1,0,3
123,33,0,"0,1",9998
124,32,2,2,2
124,32,1,0,2
124,32,0,1,9998
125,31,2,1,2
125,31,1,0,2
125,31,0,1,9998
126,30,1,1,2
126,30,2,0,2
126,30,0,1,9998
127,29,3,0,2
127,29,2,2,2
127,29,"0,1",1,9998
127,29,1,2,9998
128,28,3,2,2
128,28,2,1,2
128,28,1,2,4
128,28,0,1,9998
129,27,3,1,2
129,27,2,2,2
129,27,1,0,3
129,27,0,1,9998
130,26,3,1,2
130,26,1,0,3
130,26,2,1,9996
130,26,0,1,9998
131,25,3,1,2
131,25,1,1,3
131,25,2,[NULL],9000
131,25,0,1,9998
132,24,1,2,2
132,24,2,1,4
132,24,0,"0,1",9997
133,23,2,0,3
133,23,1,1,4
133,23,3,[NULL],9000
133,23,0,1,9998
134,22,4,0,2
134,22,"0,2",[NULL],9000
134,22,5,0,9995
134,22,3,"2,3",9996
134,22,2,0,9997
134,22,1,"1,2",9998
135,21,"2,5",0,3
135,21,5,"0,1",3
135,21,4,4,7
135,21,0,[NULL],9000
135,21,1,0,9996
135,21,3,3,9997
136,20,0,[NULL],9000
136,20,4,[NULL],9000
136,20,2,[NULL],9000
136,20,3,2,9996
136,20,1,1,9997
137,19,3,1,3
137,19,0,[NULL],9000
137,19,1,[NULL],9000
137,19,2,[NULL],9000
138,18,"2,3",1,2
138,18,"0,3","0,2",9997
138,18,1,3,9998
138,18,3,5,9998
139,17,1,2,4
139,17,2,[NULL],9000
139,17,0,0,9997
140,16,2,3,3
140,16,1,2,4
140,16,0,[NULL],9000
141,15,2,[NULL],9000
141,15,1,[NULL],9957
141,15,0,1,9996
142,14,2,0,3
142,14,1,[NULL],9995
142,14,0,0,9996
143,13,3,[NULL],9000
143,13,2,[NULL],9000
143,13,0,[NULL],9000
143,13,1,[NULL],9992
144,12,4,[NULL],9000
144,12,3,[NULL],9991
144,12,2,[NULL],9993
144,12,1,[NULL],9993
144,12,5,[NULL],9993
144,12,0,[NULL],9993
145,11,6,[NULL],9000
145,11,2,[NULL],9993
145,11,"4,5",[NULL],9993
145,11,1,[NULL],9993
145,11,5,[NULL],9995
145,11,3,0,9996
145,11,0,[NULL],9996
146,10,5,0,2
146,10,4,1,2
146,10,2,[NULL],9000
146,10,1,[NULL],9996
146,10,3,1,9997
146,10,0,2,9998
147,9,2,[NULL],9980
147,9,1,2,9997
147,9,0,[NULL],9997
148,8,"0,1",0,2
148,8,1,[NULL],9990
149,7,1,[NULL],9995
149,7,0,3,9997
150,6,1,[NULL],9991
150,6,0,2,9997
151,5,0,[NULL],9993
105,52,0,[NULL],9000
106,51,0,0,2
112,45,0,0,4
113,44,0,0,9998
114,43,0,0,9997
115,42,0,0,9997
116,41,0,0,4
117,40,0,0,9997
118,39,0,0,9996
119,38,"0,1",1,4
119,38,1,1,9997
120,37,0,"0,1",3
121,36,0,2,9997
122,35,"0,1",0,2
122,35,1,0,9996
123,34,1,0,2
123,34,0,0,9997
124,33,1,0,2
124,33,0,0,4
125,32,1,0,2
125,32,0,1,9997
126,31,1,"0,1",2
126,31,2,1,2
126,31,0,0,9996
126,31,3,1,9997
127,30,1,0,2
127,30,0,1,4
128,29,1,0,2
128,29,0,1,4
129,28,1,0,2
129,28,0,"0,2",9996
130,27,1,0,2
130,27,2,0,3
130,27,0,0,9996
131,26,2,3,3
131,26,1,[NULL],9000
131,26,0,1,9997
132,25,1,0,2
132,25,2,1,3
132,25,0,[NULL],9000
133,24,"1,2",1,2
133,24,2,1,9996
133,24,0,"1,2",9997
134,23,0,[NULL],9000
135,22,1,[NULL],9000
135,22,0,2,9997
135,22,2,"1,4",9998
136,21,3,0,3
136,21,4,[NULL],9000
136,21,1,[NULL],9000
136,21,2,[NULL],9000
136,21,0,1,9997
137,20,3,1,2
137,20,5,3,2
137,20,4,0,3
137,20,1,1,9996
137,20,0,4,9997
137,20,2,0,9998
138,19,0,0,3
138,19,1,1,4
139,18,1,0,3
139,18,0,1,9998
140,17,"2,3",[NULL],9000
140,17,1,[NULL],9955
140,17,3,2,9996
140,17,0,1,9998
141,16,"0,2",0,3
141,16,2,[NULL],5
141,16,3,[NULL],9958
141,16,1,4,9997
142,15,2,4,5
142,15,0,"1,3",9993
142,15,1,[NULL],9994
143,14,2,[NULL],9000
143,14,0,[NULL],9000
143,14,1,[NULL],9995
144,13,1,[NULL],9000
144,13,0,[NULL],9994
144,13,2,4,9996
144,13,3,2,9997
145,12,2,0,2
145,12,0,[NULL],9996
145,12,1,[NULL],9996
145,12,3,2,9997
146,11,4,[NULL],9000
146,11,1,[NULL],9988
146,11,2,[NULL],9988
146,11,3,3,9997
146,11,0,[NULL],9997
147,10,2,[NULL],9990
147,10,1,[NULL],9993
147,10,3,1,9996
147,10,0,"0,1",9997
148,9,0,[NULL],9988
148,9,1,[NULL],9991
149,8,1,[NULL],9996
149,8,0,[NULL],9996
150,7,1,[NULL],9990
150,7,0,[NULL],9995
151,6,0,[NULL],9000
105,53,0,[NULL],9000
106,52,0,[NULL],9000
112,46,0,0,2
121,37,0,"1,2",9998
122,36,0,1,9998
123,35,0,1,9998
124,34,0,1,9998
125,33,0,2,9998
126,32,0,2,9998
127,31,1,2,9998
127,31,0,1,9998
128,30,1,2,9998
128,30,0,"1,3",9998
129,29,1,2,9998
129,29,0,1,9998
130,28,0,3,9998
130,28,1,2,9998
131,27,"0,1",0,3
131,27,1,3,9998
131,27,2,2,9998
132,26,2,3,9998
132,26,1,2,9998
132,26,0,"3,4",9998
133,25,0,0,3
133,25,2,3,9998
133,25,1,1,9998
134,24,"1,4",2,2
134,24,3,3,3
134,24,4,2,4
134,24,0,1,9997
134,24,2,3,9998
135,23,1,1,3
135,23,2,[NULL],9000
135,23,3,[NULL],9000
135,23,0,3,9998
136,22,0,2,2
136,22,1,[NULL],9000
136,22,2,0,9996
137,21,"0,2","0,3",3
137,21,2,[NULL],9000
137,21,1,[NULL],9000
138,20,1,0,2
138,20,0,0,3
138,20,3,0,5
138,20,2,3,9998
139,19,1,0,2
139,19,2,[NULL],9000
139,19,0,2,9998
140,18,0,[NULL],9000
141,17,0,[NULL],9959
141,17,1,1,9997
142,16,1,[NULL],9956
142,16,2,[NULL],9995
142,16,3,3,9997
142,16,0,3,9998
143,15,3,5,5
143,15,2,[NULL],9996
143,15,"0,1","3,4",9997
143,15,1,2,9998
144,14,1,[NULL],9995
144,14,0,"1,4,5",9997
144,14,2,"1,4",9997
145,13,1,3,3
145,13,0,[NULL],9997
146,12,2,1,3
146,12,1,[NULL],9989
146,12,0,0,9997
147,11,1,[NULL],9000
147,11,2,[NULL],9992
147,11,0,"0,1",9997
148,10,3,0,3
148,10,1,[NULL],9992
148,10,2,[NULL],9997
148,10,0,3,9998
149,9,2,0,3
149,9,3,[NULL],9991
149,9,1,[NULL],9997
149,9,0,1,9998
150,8,"0,1",[NULL],9995
150,8,1,4,9997
151,7,1,[NULL],9992
151,7,0,2,9997
152,6,0,[NULL],9987
106,53,0,[NULL],9000
109,50,0,0,4
110,49,0,1,4
111,48,0,0,9996
112,47,0,0,9996
113,46,0,0,3
113,46,1,0,4
114,45,0,0,3
115,44,0,0,9996
116,43,0,0,3
117,42,1,2,4
117,42,0,[NULL],4
118,41,1,1,3
118,41,0,0,4
119,40,1,0,9996
119,40,0,0,9997
120,39,"1,2",0,2
120,39,2,0,3
120,39,0,0,9996
121,38,1,0,2
121,38,0,0,4
122,37,1,0,2
122,37,0,0,3
123,36,1,0,2
123,36,0,0,9996
124,35,2,0,2
124,35,1,0,3
124,35,0,0,9996
125,34,2,0,2
125,34,1,3,3
125,34,0,0,9998
126,33,2,1,2
126,33,1,0,2
126,33,0,1,9998
127,32,2,1,2
127,32,"1,3",0,2
127,32,3,2,9996
127,32,0,1,9998
128,31,2,1,2
128,31,1,0,2
128,31,0,1,9998
129,30,3,0,2
129,30,2,1,2
129,30,1,2,4
129,30,0,1,9998
130,29,3,1,2
130,29,2,2,2
130,29,1,0,3
130,29,0,1,9998
131,28,3,2,2
131,28,2,1,2
131,28,4,"0,2",2
131,28,1,1,9996
131,28,0,1,9998
132,27,3,2,2
132,27,1,1,2
132,27,2,0,3
132,27,0,1,9998
133,26,3,2,2
133,26,2,3,4
133,26,0,3,9998
133,26,1,2,9998
134,25,3,0,2
134,25,2,0,3
134,25,0,1,4
134,25,1,2,9998
135,24,1,0,3
135,24,2,3,4
135,24,3,2,9996
135,24,0,2,9997
136,23,4,0,3
136,23,1,[NULL],9000
136,23,3,[NULL],9000
136,23,2,0,9996
136,23,0,"1,2",9998
137,22,3,2,2
137,22,2,[NULL],9000
137,22,0,[NULL],9957
137,22,1,0,9997
138,21,2,0,2
138,21,0,[NULL],9000
138,21,1,[NULL],9000
139,20,0,3,9997
139,20,1,2,9998
140,19,4,1,3
140,19,1,"0,2",4
140,19,"0,2",1,9996
140,19,3,1,9997
140,19,2,1,9998
141,18,3,0,2
141,18,0,0,4
141,18,1,[NULL],9000
141,18,2,[NULL],9960
142,17,2,1,2
142,17,1,[NULL],9000
142,17,0,1,9996
143,16,2,3,3
143,16,0,[NULL],9000
143,16,1,2,9996
144,15,2,3,3
144,15,0,3,4
144,15,1,0,5
145,14,3,3,3
145,14,2,[NULL],9000
145,14,0,[NULL],9000
145,14,1,[NULL],9991
146,13,"0,1",0,3
146,13,1,[NULL],9990
146,13,2,[NULL],9992
146,13,3,2,9996
147,12,3,0,2
147,12,1,[NULL],9000
147,12,0,[NULL],9983
147,12,2,[NULL],9990
148,11,1,0,2
148,11,0,[NULL],9990
148,11,2,[NULL],9993
149,10,1,[NULL],9992
149,10,0,[NULL],9997
150,9,1,[NULL],9993
150,9,0,3,9998
151,8,0,3,9997
106,54,0,[NULL],9000
107,53,0,[NULL],9000
115,45,0,0,9998
116,44,0,0,9997
117,43,0,0,4
118,42,0,0,9997
119,41,0,0,9996
120,40,0,1,9997
121,39,0,1,4
122,38,0,1,9997
123,37,0,0,9996
124,36,0,0,2
125,35,1,0,2
125,35,0,0,4
126,34,1,0,2
126,34,0,1,9998
127,33,1,0,2
127,33,0,"1,2",9997
128,32,1,0,2
128,32,"0,2",0,4
128,32,2,1,9997
129,31,1,0,2
129,31,0,0,4
130,30,1,0,2
130,30,0,2,9997
131,29,1,0,2
131,29,0,0,9996
132,28,3,0,2
132,28,2,1,2
132,28,1,2,4
132,28,0,1,9997
133,27,2,1,2
133,27,1,0,3
133,27,0,5,5
134,26,1,1,9996
134,26,0,3,9997
135,25,"1,2",0,2
135,25,2,2,9996
135,25,0,[NULL],9996
136,24,1,1,4
136,24,"0,2","2,3",9997
136,24,2,2,9997
137,23,0,3,8
137,23,2,[NULL],9000
137,23,1,2,9997
138,22,2,1,2
138,22,1,[NULL],9000
138,22,0,"1,3",9997
139,21,1,2,2
139,21,2,3,4
139,21,0,0,9996
139,21,3,2,9997
140,20,1,1,3
140,20,2,[NULL],9958
140,20,0,0,9998
141,19,3,3,3
141,19,2,[NULL],9000
141,19,1,[NULL],9961
141,19,0,1,9998
142,18,"3,4","0,1",3
142,18,"2,4",[NULL],9000
142,18,4,2,9996
142,18,1,"2,3",9998
142,18,0,0,9998
143,17,"1,4,5",0,3
143,17,5,"0,2",3
143,17,4,2,4
143,17,0,[NULL],9958
143,17,2,3,9994
143,17,3,5,9997
144,16,4,[NULL],4
144,16,2,[NULL],9993
144,16,3,[NULL],9995
144,16,1,[NULL],9995
144,16,0,"0,1",9998
145,15,0,0,3
145,15,2,[NULL],9994
145,15,1,[NULL],9994
146,14,"0,1",0,3
146,14,1,3,4
146,14,2,1,9997
147,13,2,[NULL],9000
147,13,1,[NULL],9984
147,13,0,0,9997
148,12,3,[NULL],9000
148,12,1,[NULL],9990
148,12,2,[NULL],9994
148,12,0,[NULL],9994
149,11,3,0,2
149,11,4,1,3
149,11,2,[NULL],9991
149,11,0,[NULL],9994
149,11,1,1,9995
150,10,2,0,3
150,10,0,[NULL],9993
150,10,1,[NULL],9993
151,9,0,[NULL],9994
152,8,0,[NULL],9985
153,7,0,[NULL],9000
154,6,0,[NULL],9994
155,5,0,[NULL],9994
157,3,0,[NULL],9992
158,2,0,[NULL],9993
107,54,0,[NULL],9000
114,47,0,0,2
118,43,0,0,3
123,38,0,1,9998
124,37,0,1,9998
125,36,1,0,2
125,36,0,1,9998
126,35,0,1,9998
127,34,0,3,9998
128,33,0,2,9998
129,32,0,2,9998
130,31,1,3,9998
130,31,0,"1,2",9998
131,30,0,2,9998
131,30,1,3,9998
132,29,0,2,9998
132,29,1,3,9998
133,28,0,3,9998
133,28,1,2,9998
134,27,2,0,3
134,27,"0,1",2,9998
134,27,1,5,9998
134,27,3,4,9998
135,26,0,2,4
135,26,2,3,9998
135,26,1,1,9998
136,25,0,1,3
136,25,1,4,9998
137,24,0,[NULL],9000
137,24,2,1,9996
137,24,1,4,9998
138,23,3,0,3
138,23,1,[NULL],9000
138,23,0,2,9997
138,23,2,2,9998
139,22,0,0,2
139,22,1,3,3
140,21,1,0,2
140,21,0,2,9998
141,20,"2,3",1,2
141,20,0,0,2
141,20,3,1,9996
141,20,1,"2,3",9998
142,19,2,[NULL],9000
142,19,0,[NULL],9000
142,19,1,4,9997
143,18,"0,1",0,2
143,18,"1,2",[NULL],9995
143,18,3,3,9997
143,18,2,6,9998
144,17,1,2,9995
144,17,3,[NULL],9996
144,17,2,2,9997
144,17,0,0,9997
145,16,"0,1",1,9996
145,16,1,2,9998
146,15,0,3,9997
147,14,1,[NULL],9992
147,14,0,0,9997
148,13,0,[NULL],9992
148,13,1,2,9997
149,12,2,[NULL],9989
149,12,1,[NULL],9989
149,12,0,[NULL],9996
150,11,3,0,3
150,11,4,[NULL],9993
150,11,1,[NULL],9994
150,11,2,[NULL],9997
150,11,0,[NULL],9997
151,10,"1,3",[NULL],9993
151,10,3,[NULL],9995
151,10,2,[NULL],9995
151,10,0,[NULL],9995
151,10,4,4,9998
152,9,2,[NULL],9995
152,9,0,[NULL],9995
152,9,1,1,9997
152,9,3,3,9998
153,8,1,[NULL],9994
153,8,0,[NULL],9996
153,8,2,2,9997
154,7,0,[NULL],9992
156,5,0,0,9997
110,52,0,0,4
111,51,0,0,4
112,50,0,0,9997
113,49,0,0,9996
114,48,0,0,4
115,47,0,0,3
116,46,0,0,9996
117,45,0,0,3
118,44,0,1,4
119,43,1,0,3
119,43,0,0,4
120,42,1,0,9996
120,42,0,1,9998
121,41,1,0,3
121,41,0,0,9997
122,40,1,0,2
122,40,0,0,4
123,39,1,0,2
123,39,0,0,4
124,38,1,0,2
124,38,0,0,9996
125,37,1,0,2
125,37,0,0,9996
126,36,3,0,2
126,36,"1,2",0,3
126,36,2,3,4
126,36,0,0,9998
127,35,2,0,2
127,35,1,2,3
127,35,0,0,9998
128,34,2,0,2
128,34,1,0,9996
128,34,0,0,9998
129,33,3,1,2
129,33,"1,2",0,2
129,33,2,0,3
129,33,0,1,9998
130,32,2,0,2
130,32,3,1,2
130,32,1,1,4
130,32,0,1,9998
131,31,2,0,2
131,31,3,1,2
131,31,1,0,3
131,31,0,1,9998
132,30,3,0,2
132,30,2,1,2
132,30,1,1,9997
132,30,0,1,9998
133,29,2,"0,1",2
133,29,5,1,2
133,29,4,3,2
133,29,3,0,3
133,29,1,1,9996
133,29,0,1,9998
134,28,3,2,2
134,28,1,1,2
134,28,2,3,4
134,28,0,0,9998
135,27,4,1,2
135,27,"2,3","0,2",3
135,27,3,0,3
135,27,0,"2,3",4
135,27,1,1,9998
136,26,4,1,2
136,26,2,1,3
136,26,3,"2,4",9996
136,26,0,3,9998
136,26,1,1,9998
137,25,2,2,2
137,25,"1,3",0,3
137,25,3,[NULL],9000
137,25,0,"1,2",9997
138,24,2,3,3
138,24,1,1,9997
138,24,0,1,9998
139,23,2,0,2
139,23,1,"0,2",4
139,23,0,1,9998
140,22,"2,3",1,2
140,22,3,"4,5",9996
140,22,1,0,9997
140,22,0,1,9997
141,21,1,0,4
141,21,4,[NULL],9000
141,21,2,[NULL],9000
141,21,3,"2,3",9996
141,21,0,1,9996
142,20,6,1,2
142,20,5,3,3
142,20,2,"0,1",4
142,20,4,[NULL],9000
142,20,0,[NULL],9960
142,20,"1,3",[NULL],9960
142,20,3,0,9997
143,19,4,[NULL],9000
143,19,3,[NULL],9000
143,19,2,[NULL],9995
143,19,0,0,9997
143,19,1,2,9997
144,18,2,1,2
144,18,3,[NULL],9000
144,18,4,[NULL],9000
144,18,1,1,9996
144,18,0,0,9997
145,17,1,2,3
145,17,2,3,4
145,17,0,2,9997
146,16,0,0,3
146,16,1,[NULL],9987
147,15,0,[NULL],9993
147,15,"1,2",[NULL],9993
147,15,2,1,9996
148,14,"1,2",[NULL],9951
148,14,2,1,9996
148,14,0,[NULL],9996
149,13,3,[NULL],9990
149,13,"0,2",[NULL],9990
149,13,2,[NULL],9990
149,13,1,"2,3",9998
150,12,4,4,2
150,12,1,[NULL],9994
150,12,0,[NULL],9994
150,12,3,[NULL],9994
150,12,2,"2,3",9997
151,11,3,3,2
151,11,1,[NULL],9995
151,11,0,[NULL],9995
151,11,2,[NULL],9996
152,10,0,"4,5",9997
154,8,1,[NULL],9996
154,8,0,1,9998
155,7,1,[NULL],9993
155,7,0,[NULL],9996
156,6,0,[NULL],9000
157,5,0,[NULL],9994
158,4,0,[NULL],9000
159,3,0,[NULL],9990
108,55,0,[NULL],9000
117,46,0,0,9997
118,45,0,0,4
119,44,1,0,2
119,44,0,0,9997
120,43,0,0,9996
121,42,0,0,9997
122,41,0,0,4
123,40,0,1,9997
124,39,0,0,9996
125,38,0,0,2
126,37,0,0,2
127,36,0,0,2
128,35,1,0,2
128,35,0,1,9998
129,34,1,0,2
129,34,0,1,9997
130,33,1,0,2
130,33,0,0,4
131,32,1,0,2
131,32,0,1,9997
132,31,1,0,2
132,31,0,0,9996
133,30,0,0,2
133,30,1,1,4
134,29,1,1,2
134,29,2,2,4
134,29,0,[NULL],9961
135,28,3,0,2
135,28,1,1,2
135,28,2,0,9996
135,28,0,2,9998
136,27,1,[NULL],9000
136,27,2,0,9996
136,27,0,"1,2",9997
137,26,1,0,2
137,26,2,0,3
137,26,0,"1,2",9997
138,25,1,0,2
138,25,0,0,4
138,25,2,[NULL],9000
139,24,1,[NULL],9000
139,24,0,3,9998
140,23,0,3,9997
141,22,4,1,3
141,22,2,4,4
141,22,"1,3",0,7
141,22,3,4,9997
141,22,0,2,9997
142,21,3,3,3
142,21,4,[NULL],9000
142,21,0,[NULL],9000
142,21,2,[NULL],9961
142,21,1,0,9996
143,20,2,2,3
143,20,0,0,3
143,20,1,[NULL],9000
144,19,2,[NULL],9000
144,19,"0,1",[NULL],9963
144,19,1,"2,3",9998
145,18,3,0,3
145,18,1,0,9993
145,18,2,[NULL],9993
145,18,0,[NULL],9993
146,17,0,0,3
146,17,2,[NULL],9988
146,17,1,[NULL],9994
146,17,3,[NULL],9996
147,16,2,1,3
147,16,1,[NULL],9994
147,16,0,[NULL],9994
148,15,"2,3",1,2
148,15,1,[NULL],9000
148,15,0,[NULL],9994
148,15,3,[NULL],9996
149,14,2,[NULL],9000
149,14,4,[NULL],9993
149,14,0,[NULL],9994
149,14,"1,3",[NULL],9996
149,14,3,2,9997
150,13,1,[NULL],9993
150,13,2,[NULL],9995
150,13,4,[NULL],9995
150,13,3,4,9997
150,13,0,3,9998
151,12,1,1,3
151,12,3,[NULL],9987
151,12,2,[NULL],9993
151,12,0,1,9997
152,11,2,2,3
152,11,1,[NULL],9992
152,11,0,[NULL],9996
153,10,1,0,2
153,10,0,0,9997
154,9,1,[NULL],9991
154,9,0,[NULL],9994
155,8,0,0,3
156,7,0,[NULL],9995
157,6,0,[NULL],9994
157,6,1,2,9997
158,5,0,2,9997
159,4,0,[NULL],9993
160,3,0,[NULL],9995
111,53,0,0,3
120,44,0,0,3
124,40,0,1,9998
125,39,0,1,9998
126,38,0,1,9998
127,37,1,0,2
127,37,"0,2",0,9997
127,37,2,1,9998
128,36,0,1,9998
129,35,0,2,9998
130,34,0,2,9998
131,33,1,1,3
131,33,0,2,9998
132,32,1,2,9998
132,32,0,1,9998
133,31,0,2,9998
133,31,1,3,9998
134,30,2,0,2
134,30,0,2,9998
134,30,1,3,9998
135,29,0,2,9998
135,29,1,3,9998
136,28,"1,2",0,3
136,28,2,2,4
136,28,0,4,9998
136,28,3,3,9998
137,27,1,1,3
137,27,0,3,9998
137,27,2,2,9998
138,26,3,0,2
138,26,1,"0,1",9996
138,26,2,3,9998
138,26,0,1,9998
139,25,0,1,3
139,25,1,0,3
139,25,2,3,9998
140,24,1,3,4
140,24,0,5,9998
141,23,0,3,3
142,22,0,0,3
142,22,2,1,3
142,22,1,0,9996
143,21,"2,3",1,2
143,21,0,0,3
143,21,3,[NULL],9000
143,21,4,[NULL],9000
143,21,1,"2,3",9998
144,20,2,0,3
144,20,1,"0,1",4
144,20,0,3,9998
147,17,0,[NULL],9988
147,17,2,[NULL],9995
147,17,3,3,9997
147,17,1,2,9998
148,16,1,1,5
148,16,2,[NULL],9000
148,16,0,[NULL],9995
149,15,3,0,2
149,15,2,2,3
149,15,0,[NULL],9992
149,15,1,"4,5",9997
150,14,"1,4","0,2,3,5",9997
150,14,4,"3,5",9997
150,14,0,[NULL],9997
150,14,2,[NULL],9997
150,14,3,"0,1,3",9998
151,13,"4,5",0,3
151,13,5,[NULL],9000
151,13,3,[NULL],9997
151,13,0,[NULL],9997
151,13,1,[NULL],9997
151,13,2,[NULL],9997
152,12,3,[NULL],9000
152,12,4,[NULL],9989
152,12,1,[NULL],9992
152,12,2,[NULL],9993
152,12,0,0,9998
153,11,0,[NULL],9994
153,11,1,2,9998
154,10,1,[NULL],9986
154,10,0,2,9998
155,9,2,[NULL],9990
155,9,0,[NULL],9993
155,9,4,[NULL],9995
155,9,1,[NULL],9995
155,9,3,[NULL],9995
156,8,4,[NULL],9994
156,8,"0,2",[NULL],9995
156,8,3,[NULL],9995
156,8,2,1,9996
156,8,1,[NULL],9996
157,7,1,[NULL],9000
157,7,3,[NULL],9995
157,7,2,0,9996
157,7,0,[NULL],9996
158,6,3,[NULL],9993
158,6,2,[NULL],9996
158,6,1,1,9997
158,6,0,[NULL],9997
159,5,0,[NULL],9993
160,4,0,[NULL],9000
161,3,0,[NULL],9992
111,54,0,[NULL],9000
112,53,0,0,4
113,52,0,0,9998
114,51,0,0,9997
115,50,0,0,4
116,49,0,0,3
117,48,0,0,9996
118,47,0,0,3
119,46,0,1,4
120,45,0,0,3
121,44,0,0,9996
122,43,1,0,3
122,43,0,1,9998
123,42,1,0,2
123,42,0,0,4
124,41,1,0,2
124,41,0,0,4
125,40,1,0,2
125,40,0,0,9996
126,39,1,2,2
126,39,0,0,9996
127,38,1,0,2
127,38,0,1,4
128,37,2,0,2
128,37,1,0,3
128,37,0,0,9998
129,36,2,0,2
129,36,1,0,9996
129,36,0,"0,1",9998
130,35,2,0,2
130,35,1,0,3
130,35,0,0,9998
131,34,2,1,2
131,34,1,0,2
131,34,0,1,9998
132,33,2,0,2
132,33,3,1,2
132,33,1,1,4
132,33,0,1,9998
133,32,2,0,2
133,32,3,1,2
133,32,"0,1",1,9998
133,32,1,2,9998
134,31,2,0,2
134,31,3,1,2
134,31,1,0,9997
134,31,0,1,9998
135,30,4,0,2
135,30,3,3,2
135,30,"1,2",0,3
135,30,2,3,4
135,30,0,1,9998
136,29,3,0,2
136,29,2,2,2
136,29,1,0,3
136,29,0,1,9998
137,28,3,2,2
137,28,1,0,2
137,28,2,1,9996
137,28,0,0,9998
138,27,3,2,2
138,27,2,[NULL],9000
138,27,0,3,9998
138,27,1,1,9998
139,26,5,0,2
139,26,3,0,3
139,26,4,3,4
139,26,"0,2",0,9997
139,26,1,1,9998
139,26,2,2,9998
140,25,4,3,3
140,25,2,0,3
140,25,3,3,4
140,25,1,0,4
140,25,0,1,9998
141,24,2,3,9996
141,24,1,4,9997
141,24,0,1,9998
142,23,"2,3",1,2
142,23,3,2,6
142,23,0,[NULL],9000
142,23,1,"0,1,5",9996
143,22,3,0,2
143,22,1,1,4
143,22,2,1,5
143,22,0,1,9997
144,21,2,[NULL],9000
144,21,0,[NULL],9000
144,21,1,3,9998
144,21,3,2,9998
145,20,4,[NULL],9000
145,20,1,"1,3,4",9997
145,20,2,4,9997
145,20,3,2,9997
145,20,0,0,9998
146,19,2,1,2
146,19,1,2,4
146,19,4,[NULL],9000
146,19,3,2,9996
146,19,0,1,9998
147,18,1,2,4
147,18,2,[NULL],9000
147,18,0,2,9998
148,17,2,1,3
148,17,4,[NULL],9000
148,17,3,"3,4",9996
148,17,1,0,9997
148,17,0,2,9998
149,16,"0,1,3",3,2
149,16,4,3,3
149,16,"2,5",[NULL],9993
149,16,5,2,9996
149,16,1,0,9998
149,16,3,6,9998
150,15,1,0,3
150,15,3,[NULL],9000
150,15,4,[NULL],9994
150,15,"0,2",[NULL],9995
150,15,2,3,9998
151,14,0,0,2
151,14,1,[NULL],9989
151,14,3,[NULL],9989
151,14,2,3,9998
152,13,2,1,2
152,13,0,0,3
152,13,4,[NULL],9000
152,13,3,[NULL],9990
152,13,1,"2,3",9997
153,12,2,0,2
153,12,3,[NULL],9995
153,12,1,[NULL],9996
153,12,0,2,9998
154,11,"1,2",[NULL],9995
154,11,2,[NULL],9996
154,11,0,[NULL],9996
155,10,2,3,9997
155,10,1,[NULL],9997
155,10,0,[NULL],9997
156,9,2,1,3
156,9,0,[NULL],9995
156,9,1,4,9997
157,8,2,0,3
157,8,1,[NULL],9995
157,8,0,3,9998
158,7,1,[NULL],9992
158,7,2,[NULL],9995
158,7,0,[NULL],9997
159,6,"1,2",[NULL],9992
159,6,2,[NULL],9995
159,6,0,[NULL],9996
160,5,1,[NULL],9000
160,5,0,[NULL],9995
161,4,0,[NULL],9989
112,54,0,0,2
118,48,0,0,9997
119,47,0,0,4
120,46,0,1,9997
121,45,1,0,2
121,45,0,0,9996
122,44,0,0,9997
123,43,0,0,4
124,42,0,0,9997
125,41,"0,1",0,9996
125,41,1,1,9997
126,40,0,"0,2",3
127,39,0,0,2
128,38,"0,1",0,2
128,38,1,"0,1",9996
129,37,0,0,2
130,36,1,0,2
130,36,0,0,9997
131,35,1,0,2
131,35,0,0,4
132,34,1,"0,1",2
132,34,2,1,2
132,34,0,1,9997
133,33,1,0,2
133,33,0,0,9996
134,32,1,0,2
134,32,0,2,4
135,31,1,0,2
135,31,0,2,4
136,30,0,0,2
136,30,1,0,9996
137,29,3,0,2
137,29,1,1,2
137,29,2,0,9996
137,29,0,1,9998
138,28,1,1,2
138,28,2,0,2
138,28,0,1,9997
139,27,1,0,2
139,27,0,[NULL],9000
140,26,1,0,2
140,26,0,"1,2",9997
141,25,0,1,4
141,25,"1,2",0,9996
141,25,3,2,9997
141,25,2,1,9998
142,24,"1,2",[NULL],9000
142,24,2,3,9997
142,24,0,5,9997
143,23,3,1,2
143,23,2,3,2
143,23,1,[NULL],9000
143,23,0,[NULL],9000
144,22,0,0,2
144,22,2,[NULL],9000
144,22,1,2,9997
145,21,1,0,2
145,21,2,[NULL],9960
145,21,0,1,9998
146,20,2,0,2
146,20,3,3,3
146,20,1,[NULL],9991
146,20,0,1,9998
147,19,2,0,2
147,19,3,[NULL],9000
147,19,1,[NULL],9990
147,19,0,1,9998
148,18,0,1,2
148,18,6,3,2
148,18,"4,5","0,1",3
148,18,5,[NULL],9000
148,18,2,[NULL],9961
148,18,1,[NULL],9994
148,18,3,2,9997
149,17,3,0,2
149,17,"0,2,5","1,4",3
149,17,5,4,3
149,17,2,[NULL],9994
149,17,"1,4",[NULL],9994
149,17,4,4,9997
150,16,3,2,2
150,16,2,[NULL],9000
150,16,0,[NULL],9953
150,16,1,[NULL],9995
151,15,"1,3",[NULL],9990
151,15,2,[NULL],9990
151,15,"0,3",3,9997
151,15,3,2,9997
152,14,2,0,2
152,14,4,[NULL],9990
152,14,3,[NULL],9994
152,14,1,[NULL],9994
152,14,0,3,9998
153,13,1,[NULL],9984
153,13,0,1,9997
155,11,0,0,9998
155,11,1,1,9998
156,10,3,0,2
156,10,"0,1","0,1",9997
156,10,2,"0,5",9998
156,10,1,2,9998
157,9,1,1,3
157,9,2,[NULL],9991
157,9,3,[NULL],9994
157,9,0,1,9997
158,8,2,[NULL],9989
158,8,1,[NULL],9994
158,8,0,4,9998
159,7,2,[NULL],9990
159,7,1,[NULL],9993
159,7,0,2,9997
160,6,0,[NULL],9991
112,55,0,[NULL],9000
113,54,0,0,3
126,41,0,1,9998
127,40,0,"1,2",9998
128,39,0,1,9998
129,38,"0,1",0,9997
129,38,1,1,9998
130,37,0,1,9998
131,36,0,1,9998
132,35,0,2,9998
133,34,0,1,3
133,34,2,2,9998
133,34,1,1,9998
134,33,1,2,9998
134,33,0,1,9998
135,32,1,2,9998
135,32,0,1,9998
136,31,1,0,2
136,31,0,2,9998
136,31,2,3,9998
137,30,"0,1",1,4
137,30,1,2,9998
137,30,2,3,9998
138,29,0,"0,2",3
138,29,1,2,9998
138,29,2,3,9998
139,28,1,2,9997
139,28,0,3,9998
139,28,2,2,9998
140,27,1,2,2
140,27,4,1,3
140,27,"0,2",2,9997
140,27,2,3,9998
140,27,3,2,9998
141,26,0,1,4
141,26,1,4,9998
142,25,1,0,3
142,25,0,1,9997
142,25,2,4,9998
143,24,2,[NULL],9000
143,24,"0,1",[NULL],9965
143,24,4,2,9996
143,24,1,2,9997
143,24,3,2,9998
144,23,1,0,2
144,23,"3,4",1,3
144,23,4,2,3
144,23,2,3,3
144,23,0,[NULL],9962
145,22,1,0,2
145,22,0,3,9998
146,21,1,0,2
146,21,0,4,9998
147,20,0,1,3
147,20,2,2,9997
147,20,1,3,9997
148,19,0,[NULL],9959
148,19,2,[NULL],9960
148,19,1,4,9997
149,18,"1,2,4",[NULL],9956
149,18,2,[NULL],9995
149,18,4,[NULL],9995
149,18,3,[NULL],9995
149,18,0,1,9997
150,17,3,[NULL],9000
150,17,"1,2",[NULL],9996
150,17,2,2,9997
150,17,0,[NULL],9997
151,16,3,0,2
151,16,2,1,3
151,16,"0,4",0,9996
151,16,1,[NULL],9996
151,16,4,3,9997
152,15,"0,1",[NULL],9995
152,15,2,[NULL],9995
152,15,1,0,9997
153,14,0,[NULL],9992
153,14,1,[NULL],9997
154,13,0,0,2
154,13,1,1,2
154,13,3,2,3
154,13,2,3,9998
155,12,"0,5",2,2
155,12,2,1,2
155,12,4,1,3
155,12,1,0,4
155,12,5,[NULL],9000
155,12,3,3,9997
156,11,0,2,4
156,11,1,[NULL],9987
156,11,4,[NULL],9991
156,11,2,[NULL],9994
156,11,3,4,9997
157,10,4,0,2
157,10,3,[NULL],9000
157,10,0,[NULL],9995
157,10,1,[NULL],9995
157,10,2,4,9996
158,9,1,[NULL],9994
158,9,3,5,9996
158,9,2,0,9996
158,9,0,[NULL],9996
159,8,1,[NULL],9991
159,8,0,[NULL],9994
159,8,2,"0,7",9996
160,7,"0,2",[NULL],9994
160,7,2,[NULL],9994
160,7,1,[NULL],9997
161,6,1,[NULL],9989
161,6,0,[NULL],9995
162,5,0,[NULL],9000
112,56,0,[NULL],9000
113,55,0,[NULL],9000
115,53,0,0,9998
116,52,0,0,4
117,51,0,0,3
118,50,0,0,9996
119,49,1,0,3
119,49,0,0,9996
120,48,0,0,4
121,47,0,0,3
122,46,0,1,9996
123,45,0,0,3
124,44,1,1,3
124,44,0,0,4
125,43,1,0,2
125,43,0,0,4
126,42,"1,2",0,2
126,42,2,1,9996
126,42,0,[NULL],9996
127,41,1,0,2
127,41,0,0,9996
128,40,1,1,2
128,40,0,1,4
129,39,1,0,2
129,39,0,0,3
130,38,1,0,2
130,38,0,0,9996
131,37,2,0,2
131,37,1,0,3
131,37,0,"0,1",9998
132,36,2,2,2
132,36,1,1,2
132,36,0,1,9998
133,35,2,1,2
133,35,1,0,2
133,35,0,1,9998
134,34,2,1,2
134,34,1,0,2
134,34,0,1,9998
135,33,2,0,2
135,33,3,2,2
135,33,"0,1",1,9998
135,33,1,2,9998
136,32,2,1,2
136,32,3,2,2
136,32,1,2,4
136,32,0,1,9998
137,31,2,1,2
137,31,3,2,2
137,31,1,0,3
137,31,0,1,9998
138,30,3,0,2
138,30,2,2,2
138,30,1,1,9996
138,30,0,1,9998
139,29,3,2,2
139,29,2,3,2
139,29,1,0,3
139,29,0,1,9998
140,28,4,1,2
140,28,2,3,3
140,28,3,2,4
140,28,0,"0,1",9997
140,28,1,1,9998
141,27,4,2,2
141,27,3,2,3
141,27,5,0,3
141,27,"0,1",1,4
141,27,2,1,9998
141,27,1,2,9998
142,26,2,3,2
142,26,4,[NULL],9000
142,26,3,"3,4",9996
142,26,"0,1","0,1",9997
142,26,1,"2,3",9998
143,25,2,1,3
143,25,1,0,9996
143,25,0,1,9998
144,24,3,0,2
144,24,0,[NULL],9957
144,24,2,2,9997
144,24,1,1,9998
145,23,4,0,2
145,23,2,3,4
145,23,1,[NULL],9000
145,23,0,[NULL],9966
145,23,3,0,9997
146,22,"4,5",[NULL],9000
146,22,2,[NULL],9993
146,22,5,"2,3,4",9996
146,22,"0,3",2,9997
146,22,1,1,9998
146,22,3,2,9998
147,21,2,3,3
147,21,"3,4",3,4
147,21,4,[NULL],9000
147,21,"0,1","0,1,2",9996
147,21,1,1,9997
148,20,4,1,3
148,20,2,5,4
148,20,3,[NULL],9000
148,20,1,"0,2",9997
148,20,0,5,9998
149,19,5,[NULL],9000
149,19,4,[NULL],9000
149,19,3,[NULL],9995
149,19,0,[NULL],9996
149,19,2,0,9997
149,19,1,"2,4",9998
150,18,3,"0,3",3
150,18,2,3,3
150,18,1,[NULL],9000
150,18,0,1,9996
151,17,1,[NULL],9992
151,17,0,2,9998
152,16,1,0,3
152,16,3,[NULL],9963
152,16,2,[NULL],9986
152,16,0,2,9998
153,15,3,2,2
153,15,5,[NULL],9000
153,15,1,[NULL],9000
153,15,4,[NULL],9000
153,15,2,[NULL],9986
153,15,0,0,9998
154,14,1,[NULL],9000
154,14,0,[NULL],9987
154,14,2,[NULL],9987
155,13,"0,1","0,1",3
155,13,1,[NULL],9000
156,12,1,0,3
156,12,3,[NULL],9992
156,12,2,[NULL],9992
156,12,0,[NULL],9992
156,12,4,2,9997
157,11,5,[NULL],9996
157,11,2,[NULL],9996
157,11,3,[NULL],9996
157,11,1,5,9997
157,11,4,[NULL],9997
157,11,0,[NULL],9997
158,10,2,0,3
158,10,1,[NULL],9992
158,10,0,[NULL],9996
158,10,3,3,9998
159,9,"1,2",[NULL],9992
159,9,2,[NULL],9992
159,9,0,[NULL],9995
160,8,2,[NULL],9000
160,8,4,[NULL],9000
160,8,3,[NULL],9992
160,8,1,[NULL],9993
160,8,0,[NULL],9993
161,7,3,[NULL],9990
161,7,2,[NULL],9994
161,7,"0,1",[NULL],9996
161,7,1,[NULL],9996
162,6,1,[NULL],9987
162,6,0,[NULL],9997
163,5,0,3,9997
164,4,1,[NULL],9991
164,4,0,3,9997
165,3,0,[NULL],9992
113,56,0,[NULL],9000
114,55,0,0,2
120,49,0,0,4
121,48,0,0,9998
122,47,0,"0,1",9997
123,46,0,0,9997
124,45,0,"0,1",4
125,44,0,0,9997
126,43,0,0,9996
127,42,"0,1",1,4
127,42,1,1,9997
128,41,0,"0,1",3
129,40,0,2,9997
130,39,"0,1",0,2
130,39,1,0,9996
131,38,1,0,2
131,38,0,0,9997
132,37,1,0,2
132,37,0,0,4
133,36,1,0,2
133,36,0,"0,1",9997
134,35,1,"0,1",2
134,35,2,1,2
134,35,0,0,9996
134,35,3,1,9997
135,34,1,0,2
135,34,0,1,4
136,33,1,0,2
136,33,0,2,4
137,32,1,0,2
137,32,0,"0,2",9996
138,31,1,0,2
138,31,2,1,3
138,31,0,0,9996
139,30,1,1,2
139,30,2,"0,2",3
139,30,0,1,9997
140,29,1,2,2
140,29,2,0,2
140,29,0,"1,2",4
141,28,"2,3",1,2
141,28,1,0,3
141,28,3,1,9996
141,28,0,1,9997
142,27,1,0,2
142,27,2,1,3
142,27,0,0,9996
143,26,1,1,2
143,26,3,[NULL],9000
143,26,2,[NULL],9000
143,26,0,"2,3",9997
144,25,0,1,7
144,25,1,[NULL],9000
145,24,1,1,2
145,24,2,3,2
145,24,0,5,9997
146,23,2,2,3
146,23,3,1,3
146,23,1,0,9996
146,23,0,2,9997
147,22,5,0,2
147,22,4,1,3
147,22,"2,3",[NULL],9964
147,22,1,[NULL],9993
147,22,3,1,9996
147,22,0,"1,2",9998
148,21,"2,4",1,2
148,21,1,0,3
148,21,4,[NULL],9000
148,21,3,"2,3",9996
148,21,0,2,9998
149,20,2,1,3
149,20,1,[NULL],9000
149,20,0,2,9998
150,19,2,0,2
150,19,3,4,3
150,19,1,[NULL],9000
150,19,0,[NULL],9990
151,18,2,0,2
151,18,0,0,3
151,18,1,1,9997
152,17,0,0,2
152,17,2,[NULL],9994
152,17,1,[NULL],9994
153,16,1,[NULL],9000
153,16,0,[NULL],9987
154,15,3,3,3
154,15,2,[NULL],9988
154,15,0,[NULL],9996
154,15,4,2,9997
154,15,1,4,9998
155,14,4,3,3
155,14,3,[NULL],9989
155,14,1,[NULL],9994
155,14,5,2,9997
155,14,2,"1,2,3",9998
155,14,0,3,9998
156,13,"2,3",[NULL],9993
156,13,1,[NULL],9993
156,13,3,3,9997
156,13,0,2,9997
157,12,3,3,2
157,12,4,[NULL],9000
157,12,1,[NULL],9994
157,12,0,[NULL],9997
157,12,2,3,9998
158,11,4,[NULL],9993
158,11,5,[NULL],9993
158,11,"0,1",[NULL],9996
158,11,2,1,9997
158,11,1,[NULL],9997
158,11,3,"3,6,7",9998
159,10,3,[NULL],9993
159,10,2,[NULL],9993
159,10,1,6,9998
159,10,0,5,9998
160,9,0,[NULL],9994
160,9,1,5,9998
161,8,1,[NULL],9000
161,8,2,[NULL],9990
161,8,0,[NULL],9995
162,7,2,[NULL],9000
162,7,1,[NULL],9994
162,7,0,[NULL],9996
163,6,0,[NULL],9994
165,4,0,[NULL],9991
113,57,0,[NULL],9000
114,56,0,[NULL],9000
120,50,0,0,2
129,41,0,"1,2",9998
130,40,0,1,9998
131,39,0,1,9998
132,38,0,1,9998
133,37,0,2,9998
134,36,0,2,9998
135,35,1,2,9998
135,35,0,1,9998
136,34,1,2,9998
136,34,0,"1,3",9998
137,33,1,2,9998
137,33,0,1,9998
138,32,0,3,9998
138,32,1,2,9998
139,31,"0,1",0,3
139,31,1,3,9998
139,31,2,2,9998
140,30,1,3,9998
140,30,2,2,9998
140,30,0,"3,4",9998
141,29,"0,1","0,1",3
141,29,1,3,9998
141,29,2,2,9998
142,28,2,4,4
142,28,"0,1",1,9997
142,28,1,4,9998
142,28,3,2,9998
143,27,2,2,3
143,27,0,4,9998
143,27,1,2,9998
144,26,0,3,3
144,26,2,"0,2",9996
144,26,1,2,9998
145,25,2,"0,3",3
145,25,0,[NULL],9000
145,25,1,4,9998
146,24,"1,2",0,2
146,24,2,1,3
146,24,0,4,9998
147,23,2,0,2
147,23,0,1,3
147,23,1,2,9998
148,22,2,0,2
148,22,0,2,3
148,22,1,2,9998
149,21,2,[NULL],9000
149,21,1,1,9997
149,21,0,1,9998
150,20,0,"0,4",4
150,20,1,[NULL],9971
151,19,0,[NULL],9994
151,19,1,"0,1",9995
152,18,1,[NULL],9995
152,18,0,[NULL],9995
152,18,2,2,9997
153,17,4,1,2
153,17,3,0,9996
153,17,0,[NULL],9996
153,17,"1,2",[NULL],9996
153,17,2,0,9998
154,16,"1,2,3",2,2
154,16,3,0,2
154,16,0,[NULL],9989
154,16,2,1,9998
155,15,2,4,3
155,15,"1,3",[NULL],9995
155,15,3,3,9997
155,15,0,0,9997
156,14,3,2,2
156,14,5,1,3
156,14,4,2,4
156,14,"0,1",[NULL],9994
156,14,2,"1,2",9996
156,14,1,4,9997
157,13,"3,6,7",3,2
157,13,5,3,4
157,13,0,2,4
157,13,4,[NULL],9000
157,13,"6,7",[NULL],9989
157,13,7,[NULL],9993
157,13,1,"3,5",9997
157,13,2,3,9997
158,12,6,1,2
158,12,5,0,2
158,12,"0,7",2,4
158,12,7,[NULL],9989
158,12,3,[NULL],9994
158,12,2,[NULL],9994
158,12,1,4,9997
158,12,4,0,9998
159,11,5,1,2
159,11,6,[NULL],9994
159,11,2,[NULL],9994
159,11,0,[NULL],9994
159,11,1,[NULL],9994
159,11,4,2,9996
159,11,3,5,9997
160,10,2,[NULL],9994
160,10,5,[NULL],9994
160,10,"3,4",[NULL],9994
160,10,4,[NULL],9995
160,10,0,[NULL],9995
160,10,1,1,9996
161,9,4,[NULL],9991
161,9,0,[NULL],9994
161,9,1,[NULL],9994
161,9,3,[NULL],9996
161,9,2,[NULL],9996
162,8,3,0,3
162,8,4,[NULL],9994
162,8,1,[NULL],9995
162,8,2,[NULL],9995
162,8,0,2,9998
163,7,3,0,3
163,7,1,[NULL],9993
163,7,"0,2",[NULL],9995
163,7,2,2,9997
164,6,0,[NULL],9992
164,6,1,[NULL],9993
165,5,1,3,9997
165,5,0,1,9997
166,4,0,[NULL],9000
114,57,0,[NULL],9000
117,54,0,0,4
118,53,0,0,4
119,52,0,0,9996
120,51,0,0,9996
121,50,"0,1",0,3
121,50,1,0,4
122,49,0,0,3
123,48,0,0,9996
124,47,0,0,3
125,46,1,2,4
125,46,0,[NULL],4
126,45,1,1,3
126,45,0,0,4
127,44,1,0,9996
127,44,0,0,9997
128,43,"1,2",0,2
128,43,2,0,3
128,43,0,0,9996
129,42,1,0,2
129,42,0,0,4
130,41,1,0,2
130,41,0,0,3
131,40,1,0,2
131,40,0,0,9996
132,39,2,0,2
132,39,"0,1",0,3
132,39,1,0,9996
133,38,2,0,2
133,38,1,3,3
133,38,0,0,9998
134,37,2,1,2
134,37,1,0,2
134,37,0,1,9998
135,36,2,1,2
135,36,"1,3",0,2
135,36,3,2,9996
135,36,0,1,9998
136,35,2,1,2
136,35,1,0,2
136,35,0,1,9998
137,34,3,0,2
137,34,2,1,2
137,34,1,1,4
137,34,0,1,9998
138,33,3,1,2
138,33,2,2,2
138,33,1,0,3
138,33,0,1,9998
139,32,3,1,2
139,32,2,2,2
139,32,4,"0,1",2
139,32,1,1,9996
139,32,0,1,9998
140,31,3,1,2
140,31,2,2,2
140,31,1,0,3
140,31,0,1,9998
141,30,4,1,2
141,30,2,3,2
141,30,3,3,4
141,30,0,3,9998
141,30,1,2,9998
142,29,4,0,2
142,29,2,1,2
142,29,3,0,3
142,29,0,1,4
142,29,1,2,9998
143,28,2,1,2
143,28,3,1,9996
143,28,0,"1,2",9997
143,28,1,1,9998
144,27,4,1,2
144,27,5,0,3
144,27,3,[NULL],9000
144,27,"0,2",0,9996
144,27,1,1,9998
144,27,2,"2,3",9998
145,26,4,0,2
145,26,2,0,3
145,26,3,5,4
145,26,"0,1",0,9997
145,26,1,1,9998
146,25,2,1,2
146,25,"0,1","0,1",4
146,25,1,1,9998
147,24,2,1,2
147,24,1,[NULL],9000
147,24,0,1,9997
148,23,1,0,2
148,23,4,[NULL],9000
148,23,"0,3","0,1,3",9996
148,23,3,2,9997
148,23,2,1,9998
149,22,1,0,4
149,22,2,[NULL],9000
149,22,0,[NULL],9000
149,22,3,3,9998
150,21,1,1,3
150,21,2,[NULL],9000
150,21,3,[NULL],9963
150,21,4,"0,1",9995
150,21,0,[NULL],9995
151,20,0,[NULL],9000
151,20,2,[NULL],9995
151,20,1,2,9996
152,19,0,2,2
153,18,1,2,2
153,18,2,4,3
153,18,3,[NULL],9000
153,18,0,1,9998
154,17,2,5,3
154,17,3,[NULL],9000
154,17,0,[NULL],9963
154,17,1,[NULL],9990
155,16,3,3,3
155,16,2,0,3
155,16,0,[NULL],9000
155,16,1,4,9998
156,15,0,[NULL],9000
156,15,1,[NULL],9995
157,14,0,4,2
157,14,1,2,3
157,14,2,[NULL],9990
158,13,1,[NULL],9995
158,13,0,[NULL],9995
158,13,2,3,9997
159,12,0,[NULL],9995
159,12,1,[NULL],9995
160,11,2,[NULL],9995
160,11,1,[NULL],9995
160,11,0,"2,4",9998
161,10,2,0,2
161,10,0,[NULL],9997
161,10,1,"0,3",9998
162,9,0,[NULL],9995
162,9,2,[NULL],9996
162,9,1,"0,2,4",9998
163,8,1,[NULL],9990
163,8,2,[NULL],9996
163,8,0,[NULL],9996
164,7,0,[NULL],9996
164,7,1,4,9998
165,6,0,2,9997
166,5,2,[NULL],9988
166,5,1,4,9997
166,5,0,2,9998
167,4,0,[NULL],9994
114,58,0,[NULL],9000
115,57,0,[NULL],9000
123,49,0,0,9998
124,48,0,0,9997
125,47,0,0,4
126,46,0,0,9997
127,45,0,0,9996
128,44,0,1,9997
129,43,0,1,4
130,42,0,1,9997
131,41,0,0,9996
132,40,0,0,2
133,39,1,0,2
133,39,0,0,4
134,38,1,0,2
134,38,0,1,9998
135,37,1,0,2
135,37,0,1,9997
136,36,1,0,2
136,36,"0,2",0,4
136,36,2,1,9997
137,35,1,0,2
137,35,0,0,4
138,34,1,0,2
138,34,0,2,9997
139,33,1,0,2
139,33,0,0,9996
140,32,3,0,2
140,32,2,1,2
140,32,1,3,4
140,32,0,1,9997
141,31,2,1,2
141,31,1,"0,1",3
141,31,0,0,4
142,30,1,1,2
142,30,2,0,9996
142,30,0,"2,3",9997
143,29,1,1,2
143,29,"2,3",2,2
143,29,3,1,9996
143,29,0,[NULL],9996
144,28,1,1,2
144,28,2,[NULL],9000
144,28,0,2,9997
145,27,1,0,2
145,27,0,1,4
145,27,2,[NULL],9000
146,26,1,3,4
146,26,2,"2,5",9997
146,26,0,"3,5",9997
147,25,1,2,2
147,25,"2,3",3,4
147,25,0,1,9996
147,25,3,3,9997
147,25,4,5,9997
148,24,3,3,2
148,24,1,1,3
148,24,0,[NULL],6
148,24,2,[NULL],9000
149,23,3,[NULL],9000
149,23,2,[NULL],9000
149,23,1,[NULL],9000
149,23,0,4,9998
150,22,3,[NULL],9000
150,22,2,2,9997
150,22,0,"3,4",9998
150,22,1,1,9998
151,21,2,2,3
151,21,1,[NULL],9996
151,21,0,2,9998
152,20,1,0,2
152,20,0,2,9998
153,19,1,[NULL],9000
153,19,0,2,9997
154,18,4,1,2
154,18,3,1,3
154,18,0,0,3
154,18,2,[NULL],9000
154,18,1,"2,3",9997
155,17,4,0,3
155,17,0,[NULL],9992
155,17,1,4,9997
155,17,"2,3",[NULL],9997
155,17,3,1,9998
156,16,"3,5",1,3
156,16,5,"1,2,7",3
156,16,0,[NULL],9994
156,16,4,1,9997
156,16,"1,2",[NULL],9997
156,16,2,3,9998
157,15,4,1,3
157,15,2,[NULL],9991
157,15,0,[NULL],9997
157,15,1,[NULL],9997
157,15,3,"0,1,2",9998
158,14,5,3,3
158,14,"2,3",[NULL],9991
158,14,"0,3,4",[NULL],9991
158,14,1,"0,1",9996
158,14,3,2,9997
158,14,4,1,9997
159,13,"2,4",0,2
159,13,5,[NULL],9996
159,13,4,[NULL],9996
159,13,"0,1",0,9997
159,13,1,4,9998
159,13,3,0,9998
160,12,"0,3",1,2
160,12,1,[NULL],9996
160,12,3,[NULL],9997
160,12,2,2,9998
161,11,"0,2,4",1,2
161,11,4,[NULL],9996
161,11,"1,3",[NULL],9996
161,11,3,[NULL],9996
161,11,2,0,9997
162,10,2,0,3
162,10,"0,4",[NULL],9996
162,10,1,[NULL],9996
162,10,3,[NULL],9997
162,10,4,2,9998
163,9,4,1,2
163,9,3,[NULL],9989
163,9,2,[NULL],9992
163,9,"0,1",[NULL],9997
163,9,1,2,9998
164,8,3,1,3
164,8,1,0,3
164,8,2,[NULL],9996
164,8,0,[NULL],9996
165,7,2,0,2
165,7,1,[NULL],9993
165,7,0,[NULL],9996
166,6,1,[NULL],9991
166,6,2,[NULL],9993
166,6,0,[NULL],9997
167,5,2,[NULL],9000
167,5,1,[NULL],9992
167,5,0,[NULL],9994
168,4,0,[NULL],9996
115,58,0,[NULL],9000
122,51,0,0,2
126,47,0,0,3
131,42,0,1,9998
132,41,0,1,9998
133,40,1,0,2
133,40,0,1,9998
134,39,0,1,9998
135,38,0,3,9998
136,37,0,2,9998
137,36,0,2,9998
138,35,1,3,9998
138,35,0,"1,2",9998
139,34,0,2,9998
139,34,1,3,9998
140,33,0,2,9998
140,33,1,3,9998
141,32,0,3,9998
141,32,1,2,9998
142,31,"1,2",0,3
142,31,2,1,9998
142,31,0,5,9998
142,31,3,4,9998
143,30,"0,2",2,4
143,30,2,3,9998
143,30,1,2,9998
144,29,0,"0,1",3
144,29,1,4,9998
144,29,2,3,9998
145,28,1,"1,2",9996
145,28,2,4,9998
145,28,0,2,9998
146,27,1,0,3
146,27,0,4,9998
147,26,2,3,3
147,26,0,"0,3",9997
147,26,1,4,9998
148,25,4,0,2
148,25,"0,1",[NULL],9000
148,25,1,2,9997
148,25,3,2,9998
148,25,2,3,9998
149,24,"3,4",0,2
149,24,1,1,2
149,24,0,[NULL],9000
149,24,4,3,9996
149,24,2,"2,3",9998
150,23,2,0,2
150,23,0,[NULL],9971
150,23,1,3,9998
151,22,2,0,2
151,22,0,3,9998
151,22,1,5,9998
152,21,0,3,4
152,21,1,3,9997
153,20,"0,1",0,9995
153,20,2,4,9997
153,20,1,4,9998
154,19,1,2,2
154,19,4,[NULL],9000
154,19,3,[NULL],9971
154,19,0,1,9997
154,19,2,3,9998
155,18,3,2,2
155,18,"1,2",2,4
155,18,2,[NULL],9993
155,18,0,3,9998
156,17,"0,1,2",3,2
156,17,2,2,9997
156,17,1,3,9998
157,16,3,2,3
157,16,0,[NULL],9992
157,16,"1,2",0,9997
157,16,2,2,9997
158,15,4,1,2
158,15,0,3,2
158,15,2,4,4
158,15,1,[NULL],9992
158,15,3,3,9998
159,14,2,2,2
159,14,1,1,4
159,14,3,2,9998
159,14,0,1,9998
160,13,3,[NULL],9000
160,13,1,[NULL],9969
160,13,0,3,9997
160,13,2,1,9998
161,12,2,0,2
161,12,0,[NULL],9969
161,12,1,3,9997
162,11,2,1,2
162,11,0,[NULL],9990
162,11,1,[NULL],9993
163,10,3,[NULL],9990
163,10,1,[NULL],9993
163,10,2,6,9996
163,10,0,"1,2",9998
164,9,2,0,3
164,9,3,[NULL],9993
164,9,1,[NULL],9993
164,9,5,4,9996
164,9,0,[NULL],9996
164,9,4,[NULL],9997
165,8,4,1,3
165,8,2,[NULL],9990
165,8,1,[NULL],9995
165,8,3,2,9997
165,8,0,[NULL],9997
166,7,1,[NULL],9987
166,7,2,[NULL],9987
166,7,0,[NULL],9996
167,6,2,[NULL],9000
167,6,0,[NULL],9993
167,6,1,[NULL],9995
168,5,0,[NULL],9000
118,56,0,0,4
119,55,0,0,4
120,54,0,0,9997
121,53,0,0,9996
122,52,0,0,4
123,51,0,0,3
124,50,0,0,9996
125,49,0,0,3
126,48,0,1,4
127,47,1,0,3
127,47,0,0,4
128,46,1,0,9996
128,46,0,1,9998
129,45,1,0,3
129,45,0,0,9997
130,44,1,0,2
130,44,0,0,4
131,43,1,0,2
131,43,0,1,4
132,42,1,0,2
132,42,0,0,9996
133,41,1,0,2
133,41,0,0,9996
134,40,3,0,2
134,40,1,0,3
134,40,2,3,4
134,40,0,0,9998
135,39,2,0,2
135,39,1,2,3
135,39,0,0,9998
136,38,2,0,2
136,38,1,0,9996
136,38,0,0,9998
137,37,3,1,2
137,37,"1,2",0,2
137,37,2,0,3
137,37,0,1,9998
138,36,2,0,2
138,36,3,1,2
138,36,1,1,4
138,36,0,1,9998
139,35,2,0,2
139,35,3,1,2
139,35,1,0,3
139,35,0,1,9998
140,34,3,0,2
140,34,2,1,2
140,34,1,1,9997
140,34,0,1,9998
141,33,1,2,2
141,33,5,0,2
141,33,4,3,2
141,33,"2,3",0,3
141,33,3,1,9996
141,33,0,1,9998
142,32,3,2,2
142,32,2,1,2
142,32,1,3,4
142,32,0,1,9998
143,31,4,1,2
143,31,3,2,2
143,31,2,0,3
143,31,0,"0,2",4
143,31,1,2,9998
144,30,4,2,2
144,30,2,0,2
144,30,3,"2,4",9996
144,30,0,3,9998
144,30,1,2,9998
145,29,4,0,2
145,29,"2,5",2,3
145,29,"3,5",0,3
145,29,5,[NULL],9000
145,29,0,1,9997
145,29,1,2,9998
146,28,4,1,2
146,28,3,3,3
146,28,5,4,3
146,28,"0,1",1,9997
146,28,2,1,9998
146,28,1,2,9998
147,27,2,3,2
147,27,3,2,2
147,27,"0,1","0,3",4
147,27,1,2,9998
148,26,"2,3",2,2
148,26,3,"5,6",9996
148,26,"0,1",0,9997
148,26,1,1,9998
149,25,3,1,2
149,25,2,2,3
149,25,"0,1","0,1",9996
149,25,1,1,9998
150,24,3,0,2
150,24,5,1,2
150,24,2,1,4
150,24,"0,1",1,5
150,24,4,1,9997
150,24,1,3,9997
151,23,1,[NULL],6
151,23,0,[NULL],9000
151,23,2,[NULL],9000
151,23,4,[NULL],9995
151,23,3,"2,4,5",9996
152,22,4,1,2
152,22,2,0,3
152,22,1,[NULL],9992
152,22,3,2,9996
152,22,0,2,9997
153,21,3,2,2
153,21,2,1,3
153,21,1,1,9996
153,21,0,0,9997
154,20,3,0,2
154,20,4,1,3
154,20,2,[NULL],9000
154,20,1,0,9997
154,20,0,2,9998
155,19,3,1,2
155,19,1,4,3
155,19,2,1,9995
155,19,0,2,9997
156,18,1,[NULL],3
156,18,0,[NULL],9000
157,17,3,3,2
157,17,2,3,3
157,17,1,"0,3",3
157,17,0,"0,1",9997
158,16,2,3,2
158,16,1,0,2
158,16,0,"0,1",3
159,15,1,2,2
159,15,0,[NULL],9989
160,14,0,2,3
161,13,3,[NULL],9992
161,13,1,[NULL],9992
161,13,2,[NULL],9995
161,13,0,[NULL],9995
162,12,"1,2",0,2
162,12,2,[NULL],9992
162,12,"4,6",[NULL],9993
162,12,6,[NULL],9993
162,12,3,[NULL],9993
162,12,0,"0,1,4",9998
162,12,5,2,9998
163,11,1,[NULL],9992
163,11,3,[NULL],9993
163,11,2,[NULL],9993
163,11,4,[NULL],9995
163,11,0,2,9998
164,10,2,[NULL],9992
164,10,0,[NULL],9994
164,10,1,4,9998
165,9,2,[NULL],9988
165,9,1,[NULL],9994
165,9,0,2,9997
166,8,1,[NULL],9988
166,8,0,[NULL],9997
167,7,0,[NULL],9990
168,6,0,[NULL],9988
116,59,0,[NULL],9000
125,50,0,0,9997
126,49,0,0,4
127,48,1,0,2
127,48,0,0,9997
128,47,0,0,9996
129,46,0,0,9997
130,45,0,0,4
131,44,0,1,9997
132,43,0,0,9996
133,42,0,0,2
134,41,0,0,2
135,40,0,0,2
136,39,1,0,2
136,39,0,1,9998
137,38,1,0,2
137,38,0,1,9997
138,37,1,0,2
138,37,0,0,4
139,36,1,0,2
139,36,0,1,9997
140,35,1,0,2
140,35,0,0,9996
141,34,1,0,2
141,34,0,2,4
142,33,2,1,2
142,33,1,3,4
142,33,0,[NULL],9970
143,32,3,0,2
143,32,2,1,2
143,32,1,0,9996
143,32,0,2,9998
144,31,2,1,2
144,31,1,0,9996
144,31,0,1,9997
145,30,1,2,2
145,30,2,0,2
145,30,0,1,9997
146,29,2,1,2
146,29,"0,3",0,3
146,29,1,0,4
146,29,3,[NULL],9000
147,28,1,1,2
147,28,2,1,3
147,28,"0,3","2,3",9997
147,28,3,3,9998
148,27,1,0,2
148,27,2,[NULL],9000
148,27,0,0,9996
149,26,"0,1",4,5
149,26,1,3,9997
150,25,1,[NULL],9000
150,25,0,[NULL],9000
151,24,3,1,3
151,24,2,[NULL],9000
151,24,0,2,9997
151,24,1,5,9997
152,23,4,2,3
152,23,2,0,9996
152,23,1,1,9996
152,23,3,3,9997
152,23,0,"1,2",9998
153,22,2,0,2
153,22,1,0,3
153,22,0,2,9998
154,21,0,3,9998
155,20,2,2,3
155,20,1,[NULL],9000
155,20,0,[NULL],9971
156,19,0,"1,2",3
156,19,2,2,3
156,19,3,2,9997
156,19,1,1,9997
157,18,"0,1",1,4
157,18,2,4,9994
157,18,1,[NULL],9994
158,17,3,[NULL],9000
158,17,1,[NULL],9000
158,17,2,[NULL],9974
158,17,0,3,9995
159,16,3,0,3
159,16,5,[NULL],9945
159,16,2,[NULL],9992
159,16,1,[NULL],9994
159,16,0,0,9995
159,16,6,2,9997
159,16,4,6,9998
160,15,3,1,3
160,15,0,[NULL],9991
160,15,6,[NULL],9994
160,15,"1,2",[NULL],9996
160,15,5,2,9997
160,15,2,0,9997
160,15,7,1,9997
160,15,4,[NULL],9997
161,14,"0,1,4",0,2
161,14,2,5,2
161,14,4,[NULL],9993
161,14,1,[NULL],9993
161,14,3,[NULL],9996
162,13,2,0,2
162,13,4,[NULL],9994
162,13,1,[NULL],9994
162,13,"0,3",[NULL],9995
162,13,3,5,9997
163,12,4,1,2
163,12,3,[NULL],9995
163,12,5,[NULL],9995
163,12,1,[NULL],9995
163,12,2,[NULL],9995
163,12,0,[NULL],9995
164,11,2,3,3
164,11,4,[NULL],9995
164,11,1,[NULL],9995
164,11,0,[NULL],9995
164,11,3,2,9997
165,10,1,[NULL],9995
165,10,2,5,9997
165,10,0,3,9998
166,9,1,[NULL],9994
166,9,0,[NULL],9995
167,8,2,[NULL],9993
167,8,1,[NULL],9993
167,8,0,[NULL],9997
168,7,1,[NULL],9000
168,7,0,[NULL],9997
169,6,0,[NULL],9992
119,57,0,0,3
128,48,0,0,3
132,44,0,1,9998
133,43,0,1,9998
134,42,0,1,9998
135,41,1,0,2
135,41,"0,2",0,9997
135,41,2,1,9998
136,40,0,1,9998
137,39,0,2,9998
138,38,0,2,9998
139,37,1,1,3
139,37,0,2,9998
140,36,1,2,9998
140,36,0,1,9998
141,35,0,2,9998
141,35,1,3,9998
142,34,2,0,2
142,34,0,2,9998
142,34,1,3,9998
143,33,0,2,9998
143,33,1,3,9998
144,32,1,0,3
144,32,2,1,4
144,32,0,4,9998
144,32,3,3,9998
145,31,1,"0,1",3
145,31,0,3,9998
145,31,2,2,9998
146,30,3,3,2
146,30,"0,2","0,1",9996
146,30,2,3,9998
146,30,1,2,9998
147,29,0,"0,1",3
147,29,2,4,9998
147,29,1,2,9998
148,28,3,4,4
148,28,0,3,9998
148,28,2,6,9998
148,28,1,4,9998
149,27,1,4,3
149,27,3,1,3
149,27,0,[NULL],9971
149,27,2,4,9998
150,26,0,[NULL],9974
150,26,2,0,9996
150,26,1,3,9998
151,25,"1,2",0,2
151,25,2,0,3
151,25,0,"3,5",9998
152,24,2,0,2
152,24,0,0,3
152,24,1,4,9998
153,23,3,0,2
153,23,0,1,3
153,23,"1,2","1,2",9997
153,23,2,3,9998
154,22,2,0,3
154,22,0,"0,1",9996
154,22,1,3,9998
155,21,1,[NULL],9000
155,21,2,[NULL],9000
155,21,0,1,9998
156,20,"0,1",0,3
156,20,1,[NULL],9000
157,19,2,[NULL],9995
157,19,3,[NULL],9995
157,19,1,[NULL],9995
157,19,0,1,9997
158,18,6,4,2
158,18,5,[NULL],9975
158,18,3,[NULL],9995
158,18,2,[NULL],9995
158,18,4,[NULL],9995
158,18,0,[NULL],9995
158,18,1,[NULL],9995
159,17,0,[NULL],9991
159,17,1,[NULL],9991
159,17,"3,4",[NULL],9991
159,17,4,[NULL],9995
159,17,2,[NULL],9996
160,16,1,[NULL],9972
160,16,2,[NULL],9994
160,16,0,0,9997
161,15,0,[NULL],9994
161,15,3,[NULL],9994
161,15,1,1,9997
161,15,2,2,9998
162,14,6,2,4
162,14,1,[NULL],9994
162,14,0,[NULL],9994
162,14,3,[NULL],9994
162,14,"4,5",[NULL],9995
162,14,2,3,9998
162,14,5,"4,5",9998
163,13,4,5,4
163,13,3,[NULL],9987
163,13,5,[NULL],9995
163,13,2,[NULL],9995
163,13,1,[NULL],9996
163,13,0,2,9998
164,12,3,0,2
164,12,2,0,3
164,12,1,0,9996
164,12,0,"0,1",9997
165,11,3,[NULL],9991
165,11,4,[NULL],9991
165,11,1,0,9996
165,11,2,3,9996
165,11,0,"0,4",9998
166,10,3,[NULL],9992
166,10,4,[NULL],9995
166,10,1,"3,6",9996
166,10,2,[NULL],9996
166,10,0,0,9997
167,9,1,[NULL],9992
167,9,2,[NULL],9996
167,9,0,[NULL],9996
168,8,1,[NULL],9000
168,8,0,[NULL],9996
169,7,0,[NULL],9000
169,7,1,[NULL],9993
170,6,1,[NULL],9991
170,6,0,[NULL],9993
171,5,0,[NULL],9993
171,5,1,[NULL],9995
172,4,1,[NULL],9991
172,4,0,1,9997
173,3,0,[NULL],9996
119,58,0,[NULL],9000
120,57,0,0,4
121,56,0,0,9998
122,55,0,0,9997
123,54,0,0,4
124,53,0,0,3
125,52,0,0,9996
126,51,0,0,3
127,50,0,1,4
128,49,0,0,3
129,48,0,0,9996
130,47,1,0,3
130,47,0,1,9998
131,46,1,0,2
131,46,0,0,4
132,45,1,0,2
132,45,0,0,4
133,44,1,0,2
133,44,0,0,9996
134,43,1,2,2
134,43,0,0,9996
135,42,1,0,2
135,42,0,1,4
136,41,2,0,2
136,41,1,0,3
136,41,0,0,9998
137,40,2,0,2
137,40,1,0,9996
137,40,0,"0,1",9998
138,39,2,0,2
138,39,1,0,3
138,39,0,0,9998
139,38,2,1,2
139,38,1,0,2
139,38,0,1,9998
140,37,2,0,2
140,37,3,1,2
140,37,1,3,4
140,37,0,1,9998
141,36,2,0,2
141,36,3,1,2
141,36,"0,1",1,9998
141,36,1,2,9998
142,35,2,0,2
142,35,3,1,2
142,35,1,1,9997
142,35,0,1,9998
143,34,4,0,2
143,34,3,3,2
143,34,1,0,3
143,34,2,3,4
143,34,0,1,9998
144,33,3,0,2
144,33,2,2,2
144,33,1,0,3
144,33,0,1,9998
145,32,3,2,2
145,32,2,1,2
145,32,1,1,9996
145,32,0,1,9998
146,31,4,2,2
146,31,2,1,2
146,31,3,"0,3",3
146,31,0,3,9998
146,31,1,2,9998
147,30,3,0,2
147,30,6,2,2
147,30,4,1,2
147,30,5,3,4
147,30,"0,1","0,1",9997
147,30,2,2,9998
147,30,1,1,9998
148,29,4,2,2
148,29,3,1,3
148,29,"0,1","0,1",4
148,29,2,2,9998
148,29,1,1,9998
149,28,3,1,2
149,28,4,3,9996
149,28,"0,1",3,9997
149,28,2,1,9998
149,28,1,2,9998
150,27,"3,5",0,2
150,27,2,0,3
150,27,5,1,3
150,27,4,3,4
150,27,"0,1","0,1,4",9996
150,27,1,1,9998
151,26,4,1,2
151,26,3,3,3
151,26,2,3,4
151,26,0,2,9997
151,26,1,1,9998
152,25,3,2,2
152,25,1,1,4
152,25,0,"0,1",5
152,25,2,4,9995
153,24,3,1,2
153,24,1,[NULL],9995
153,24,0,"2,3",9997
153,24,2,3,9997
154,23,1,0,2
154,23,"0,4","1,3",9996
154,23,4,3,9996
154,23,2,2,9998
154,23,3,1,9998
155,22,2,3,3
155,22,1,1,3
155,22,3,[NULL],9000
155,22,0,[NULL],9000
156,21,2,[NULL],9000
156,21,"1,3",[NULL],9977
156,21,3,1,9995
156,21,0,[NULL],9995
157,20,2,2,9995
157,20,1,"0,2",9997
157,20,0,2,9998
158,19,2,6,3
158,19,0,"1,3",9997
158,19,1,1,9998
159,18,2,5,3
159,18,0,1,3
159,18,1,7,3
160,17,2,2,2
160,17,4,[NULL],9000
160,17,3,[NULL],9000
160,17,0,[NULL],9995
160,17,1,"1,3",9998
161,16,3,2,2
161,16,"4,5",5,2
161,16,5,0,3
161,16,1,[NULL],9995
161,16,2,[NULL],9995
161,16,0,2,9997
162,15,2,0,2
162,15,1,[NULL],9995
162,15,0,4,9998
163,14,2,3,3
163,14,"3,4",[NULL],9990
163,14,4,4,9997
163,14,0,[NULL],9997
163,14,1,0,9998
164,13,"0,4",0,2
164,13,5,2,3
164,13,4,[NULL],9995
164,13,1,[NULL],9995
164,13,3,"3,4",9998
164,13,2,2,9998
165,12,0,[NULL],9992
165,12,"1,2",[NULL],9995
165,12,2,"1,2",9996
165,12,3,4,9997
165,12,4,5,9998
166,11,1,[NULL],9991
166,11,0,[NULL],9996
166,11,3,[NULL],9996
166,11,2,2,9998
167,10,1,[NULL],9988
167,10,0,[NULL],9997
168,9,1,[NULL],9997
168,9,0,2,9998
169,8,0,[NULL],9990
120,58,0,0,2
126,52,0,0,9997
127,51,0,0,4
128,50,0,1,9997
129,49,1,0,2
129,49,0,0,9996
130,48,0,0,9997
131,47,0,0,4
132,46,0,0,9997
133,45,"0,1",0,9996
133,45,1,1,9997
134,44,0,"0,2",3
135,43,0,0,2
136,42,"0,1",0,2
136,42,1,"0,1",9996
137,41,0,0,2
138,40,1,0,2
138,40,0,0,9997
139,39,1,0,2
139,39,0,0,4
140,38,1,"0,1",2
140,38,2,1,2
140,38,0,1,9997
141,37,1,0,2
141,37,0,0,9996
142,36,1,0,2
142,36,0,1,4
143,35,1,0,2
143,35,0,1,4
144,34,1,0,2
144,34,0,0,9996
145,33,3,0,2
145,33,2,1,2
145,33,1,0,9996
145,33,0,1,9998
146,32,2,2,2
146,32,1,0,2
146,32,0,1,9997
147,31,2,2,2
147,31,1,0,2
147,31,0,0,4
148,30,1,2,2
148,30,2,1,2
148,30,0,1,9997
149,29,1,1,2
149,29,"2,3",[NULL],9000
149,29,"0,3",0,9996
149,29,3,"0,2",9998
150,28,1,1,2
150,28,2,[NULL],9000
150,28,0,"3,4",9997
151,27,0,2,4
151,27,1,1,4
151,27,2,"3,6",9997
152,26,"1,2","1,2",3
152,26,2,3,9997
152,26,0,4,9997
153,25,2,2,2
153,25,1,3,2
153,25,0,0,9996
154,24,1,2,5
154,24,0,4,9998
155,23,0,3,9998
155,23,1,1,9998
156,22,2,0,2
156,22,1,0,3
156,22,0,2,9998
157,21,1,1,2
157,21,0,2,9998
158,20,1,2,9997
158,20,0,"0,2,3,4",9998
159,19,"1,3",1,2
159,19,0,0,3
159,19,4,[NULL],9000
159,19,3,[NULL],9000
159,19,2,[NULL],9978
160,18,1,1,3
160,18,2,[NULL],9000
160,18,5,[NULL],9000
160,18,4,[NULL],9961
160,18,0,[NULL],9974
160,18,3,[NULL],9978
161,17,4,0,2
161,17,1,[NULL],9945
161,17,0,[NULL],9996
161,17,3,3,9997
161,17,2,[NULL],9997
162,16,0,1,2
162,16,"1,2",[NULL],9994
162,16,2,3,9997
163,15,"3,4",3,2
163,15,2,2,2
163,15,"0,1",0,3
163,15,1,3,9996
163,15,4,1,9997
164,14,5,4,2
164,14,0,[NULL],9993
164,14,3,[NULL],9993
164,14,"1,2",2,9997
164,14,2,1,9997
164,14,4,[NULL],9997
165,13,2,2,2
165,13,0,0,3
165,13,3,[NULL],9991
165,13,1,[NULL],9997
166,12,1,[NULL],9992
166,12,2,6,9998
166,12,0,"4,5",9998
167,11,2,0,2
167,11,1,[NULL],9992
167,11,0,2,9997
168,10,1,[NULL],9993
168,10,3,[NULL],9994
168,10,2,[NULL],9995
168,10,0,4,9998
169,9,2,[NULL],9992
169,9,1,[NULL],9994
169,9,0,[NULL],9994
170,8,1,[NULL],9993
170,8,0,[NULL],9995
171,7,1,0,3
171,7,0,3,9997
172,6,1,[NULL],9000
172,6,0,[NULL],9990
173,5,0,[NULL],9995
173,5,1,2,9997
174,4,0,[NULL],9994
120,59,0,[NULL],9000
121,58,0,0,3
134,45,0,1,9998
135,44,0,"1,2",9998
136,43,0,1,9998
137,42,"0,1",0,9997
137,42,1,1,9998
138,41,0,1,9998
139,40,0,1,9998
140,39,0,2,9998
141,38,1,1,3
141,38,2,2,9998
141,38,0,1,9998
142,37,1,2,9998
142,37,0,1,9998
143,36,1,2,9998
143,36,0,1,9998
144,35,1,0,2
144,35,0,2,9998
144,35,2,3,9998
145,34,"0,1","0,2",4
145,34,1,2,9998
145,34,2,3,9998
146,33,"0,1","0,1",3
146,33,1,2,9998
146,33,2,3,9998
147,32,"0,1",2,9997
147,32,1,3,9998
147,32,2,2,9998
148,31,"0,2",3,2
148,31,3,"0,1",3
148,31,2,2,9997
148,31,1,3,9998
148,31,4,2,9998
149,30,0,2,4
149,30,2,4,9998
149,30,1,2,9998
150,29,2,0,3
150,29,0,[NULL],9000
150,29,3,5,9998
150,29,1,3,9998
151,28,2,2,9996
151,28,0,6,9998
151,28,1,5,9998
152,27,"2,3",0,3
152,27,3,2,3
152,27,0,"0,3",9997
152,27,1,5,9998
153,26,4,0,2
153,26,"0,1",0,4
153,26,1,2,9997
153,26,3,2,9998
153,26,2,3,9998
154,25,3,0,2
154,25,1,1,2
154,25,0,[NULL],9000
154,25,2,4,9998
155,24,2,0,2
155,24,3,[NULL],9000
155,24,"0,1",[NULL],9978
155,24,1,4,9998
156,23,2,0,2
156,23,0,1,3
156,23,1,3,9998
157,22,"0,2,3,4",0,2
157,22,"1,3",0,3
157,22,3,0,5
157,22,4,3,9997
157,22,2,4,9997
158,21,0,0,5
158,21,1,"0,1",9995
158,21,4,"0,3",9996
158,21,3,3,9997
158,21,2,[NULL],9997
159,20,3,[NULL],9949
159,20,4,2,9995
159,20,1,[NULL],9995
159,20,2,1,9996
159,20,0,2,9997
160,19,2,0,3
160,19,0,[NULL],9975
160,19,1,[NULL],9994
161,18,1,[NULL],9980
161,18,0,[NULL],9997
161,18,2,"3,4",9998
162,17,4,4,3
162,17,2,[NULL],9994
162,17,3,[NULL],9996
162,17,1,0,9997
162,17,0,"1,2",9998
163,16,0,1,4
163,16,1,[NULL],9992
163,16,2,[NULL],9994
164,15,4,3,3
164,15,0,1,4
164,15,3,2,4
164,15,"1,2",[NULL],9994
164,15,2,0,9997
165,14,6,2,2
165,14,"4,5",0,2
165,14,3,1,4
165,14,5,2,9996
165,14,1,[NULL],9996
165,14,0,[NULL],9996
165,14,2,[NULL],9997
166,13,2,[NULL],9993
166,13,4,4,9996
166,13,3,2,9996
166,13,5,[NULL],9996
166,13,1,[NULL],9997
166,13,0,"0,3",9998
167,12,4,0,2
167,12,2,[NULL],9990
167,12,3,[NULL],9992
167,12,5,5,9996
167,12,0,"1,3",9998
167,12,1,3,9998
168,11,"1,4",[NULL],9990
168,11,4,[NULL],9990
168,11,2,[NULL],9994
168,11,3,1,9997
168,11,0,1,9998
169,10,3,[NULL],9993
169,10,2,[NULL],9996
169,10,1,[NULL],9996
169,10,0,0,9998
170,9,1,[NULL],9000
170,9,0,[NULL],9995
171,8,1,[NULL],9992
171,8,0,[NULL],9996
172,7,2,[NULL],9991
172,7,1,[NULL],9994
172,7,0,[NULL],9996
173,6,0,[NULL],9994
174,5,0,2,9997
175,4,0,1,9998
120,60,0,[NULL],9000
121,59,0,[NULL],9000
123,57,0,0,9998
124,56,0,0,4
125,55,0,0,3
126,54,0,0,9996
127,53,1,0,3
127,53,0,0,9996
128,52,0,0,4
129,51,0,0,3
130,50,0,1,9996
131,49,0,0,3
132,48,1,1,3
132,48,0,0,4
133,47,1,0,2
133,47,0,0,4
134,46,"1,2",0,2
134,46,2,1,9996
134,46,0,[NULL],9996
135,45,1,0,2
135,45,0,0,9996
136,44,1,1,2
136,44,0,1,4
137,43,1,0,2
137,43,0,0,3
138,42,1,0,2
138,42,0,0,9996
139,41,2,0,2
139,41,1,0,3
139,41,0,"0,1",9998
140,40,2,2,2
140,40,1,0,2
140,40,0,1,9998
141,39,2,1,2
141,39,1,0,2
141,39,0,1,9998
142,38,2,1,2
142,38,1,0,2
142,38,0,1,9998
143,37,2,0,2
143,37,3,2,2
143,37,"0,1",1,9998
143,37,1,2,9998
144,36,2,1,2
144,36,3,2,2
144,36,1,1,4
144,36,0,1,9998
145,35,2,1,2
145,35,3,2,2
145,35,1,0,3
145,35,0,1,9998
146,34,3,1,2
146,34,2,2,2
146,34,1,1,9996
146,34,0,1,9998
147,33,3,1,2
147,33,2,4,2
147,33,1,0,3
147,33,0,1,9998
148,32,4,2,2
148,32,2,1,2
148,32,3,4,4
148,32,0,"0,1",9997
148,32,1,1,9998
149,31,5,3,2
149,31,3,1,2
149,31,4,0,3
149,31,"0,1","0,1",4
149,31,2,1,9998
149,31,1,2,9998
150,30,6,0,2
150,30,5,1,2
150,30,3,2,3
150,30,4,"2,4",9996
150,30,"0,1","0,1",9997
150,30,2,1,9998
150,30,1,"2,3",9998
151,29,5,1,2
151,29,3,2,3
151,29,4,0,3
151,29,"0,1",0,9996
151,29,2,1,9998
151,29,1,2,9998
152,28,2,3,2
152,28,3,2,2
152,28,"0,1",1,9997
152,28,1,2,9998
153,27,4,2,2
153,27,"1,3","0,4",4
153,27,3,4,4
153,27,0,[NULL],9000
153,27,2,1,9998
154,26,4,1,2
154,26,2,[NULL],9978
154,26,"1,3",2,9997
154,26,0,0,9998
154,26,3,3,9998
155,25,3,1,2
155,25,"0,1","0,1,4",9996
155,25,2,3,9997
155,25,1,1,9997
156,24,4,2,6
156,24,0,[NULL],9000
156,24,2,[NULL],9000
156,24,3,"2,3",9996
156,24,1,[NULL],9996
157,23,2,1,3
157,23,3,[NULL],5
157,23,0,[NULL],9000
157,23,1,[NULL],9992
158,22,3,[NULL],9000
158,22,1,1,9995
158,22,2,1,9996
158,22,0,"1,5",9997
159,21,4,[NULL],9000
159,21,2,0,9997
159,21,3,"2,6",9997
159,21,1,"0,2,3",9998
159,21,0,3,9998
160,20,"3,4",2,2
160,20,4,3,3
160,20,1,[NULL],9980
160,20,2,4,9997
160,20,0,"0,4",9997
161,19,"1,2",0,2
161,19,3,1,3
161,19,2,[NULL],9000
161,19,0,[NULL],9981
162,18,1,4,3
162,18,0,[NULL],9000
162,18,2,[NULL],9993
163,17,2,"1,2",3
163,17,1,2,3
163,17,0,1,9997
164,16,"1,2",1,4
164,16,0,4,9998
164,16,2,"2,4",9998
165,15,"0,3",0,2
165,15,2,[NULL],9000
165,15,3,[NULL],9990
165,15,1,[NULL],9990
166,14,"1,3",0,2
166,14,3,1,2
166,14,2,0,3
166,14,0,"0,1",9998
167,13,1,0,2
167,13,0,3,9997
168,12,0,0,2
168,12,1,[NULL],9994
169,11,"0,2",[NULL],9996
169,11,1,4,9997
169,11,2,[NULL],9997
170,10,3,0,3
170,10,2,[NULL],9995
170,10,0,[NULL],9996
170,10,1,0,9998
171,9,0,[NULL],9989
171,9,1,[NULL],9989
172,8,2,1,3
172,8,1,[NULL],9992
172,8,0,[NULL],9992
173,7,1,[NULL],9000
173,7,0,[NULL],9993
174,6,1,0,2
174,6,0,[NULL],9991
175,5,1,[NULL],9993
175,5,2,[NULL],9994
175,5,0,[NULL],9994
176,4,0,[NULL],9996
121,60,0,[NULL],9000
122,59,0,0,2
128,53,0,0,4
129,52,0,0,9998
130,51,0,"0,1",9997
131,50,0,0,9997
132,49,0,"0,1",4
133,48,0,0,9997
134,47,0,0,9996
135,46,"0,1",1,4
135,46,1,1,9997
136,45,0,"0,1",3
137,44,0,2,9997
138,43,"0,1",0,2
138,43,1,0,9996
139,42,1,0,2
139,42,0,0,9997
140,41,1,0,2
140,41,0,0,4
141,40,1,0,2
141,40,0,1,9997
142,39,1,"0,1",2
142,39,2,1,2
142,39,0,0,9996
142,39,3,1,9997
143,38,1,0,2
143,38,0,0,4
144,37,1,0,2
144,37,0,1,4
145,36,1,0,2
145,36,0,"0,2",9996
146,35,1,0,2
146,35,2,"0,1",3
146,35,0,0,9996
147,34,1,1,2
147,34,2,2,3
147,34,0,1,9997
148,33,1,2,2
148,33,2,0,2
148,33,0,"0,3",4
149,32,1,2,2
149,32,"2,3",1,2
149,32,3,1,9996
149,32,0,1,9997
150,31,1,2,2
150,31,2,1,2
150,31,0,0,9996
151,30,2,1,2
151,30,"0,3",0,3
151,30,4,2,5
151,30,3,[NULL],9000
151,30,1,2,9997
152,29,1,2,2
152,29,2,1,3
152,29,0,0,4
152,29,3,[NULL],21
153,28,0,0,2
153,28,3,3,2
153,28,2,3,9996
153,28,1,"4,5",9997
154,27,0,0,9996
155,26,1,1,5
155,26,0,"1,5",9998
156,25,3,4,3
156,25,4,2,3
156,25,2,2,5
156,25,1,2,9997
156,25,0,2,9998
157,24,3,3,3
157,24,2,0,9996
157,24,1,1,9996
157,24,0,1,9998
158,23,"0,2,3",1,2
158,23,3,0,2
158,23,2,0,3
158,23,1,5,9998
159,22,2,[NULL],9951
159,22,1,[NULL],9977
159,22,0,6,9998
160,21,2,[NULL],9000
160,21,1,[NULL],9000
160,21,0,[NULL],9955
161,20,0,1,3
161,20,1,[NULL],9000
161,20,2,3,9997
162,19,3,1,4
162,19,2,[NULL],9961
162,19,1,[NULL],9991
162,19,4,[NULL],9994
162,19,0,"2,5",9998
163,18,4,0,2
163,18,2,"0,2",2
163,18,0,2,3
163,18,3,[NULL],9000
163,18,1,[NULL],9994
164,17,0,[NULL],9994
164,17,1,3,9995
164,17,2,4,9997
165,16,"0,1",0,2
165,16,2,[NULL],9994
165,16,1,"2,3",9996
165,16,3,1,9997
166,15,2,[NULL],9993
166,15,1,[NULL],9995
166,15,0,[NULL],9995
167,14,1,3,3
167,14,0,[NULL],9992
168,13,0,[NULL],9997
168,13,1,3,9998
169,12,0,1,2
169,12,1,0,9996
170,11,1,"2,4,5",9998
170,11,0,4,9998
171,10,1,[NULL],9990
171,10,0,[NULL],9996
172,9,2,[NULL],9993
172,9,1,[NULL],9996
172,9,0,[NULL],9996
173,8,2,0,3
173,8,3,[NULL],9990
173,8,1,[NULL],9994
173,8,0,[NULL],9996
174,7,0,[NULL],9993
174,7,1,3,9998
175,6,0,[NULL],9995
175,6,1,2,9998
176,5,1,[NULL],9994
176,5,0,0,9998
121,61,0,[NULL],9000
122,60,0,[NULL],9000
128,54,0,0,2
137,45,0,"1,2",9998
138,44,0,1,9998
139,43,0,1,9998
140,42,0,1,9998
141,41,0,2,9998
142,40,0,2,9998
143,39,1,2,9998
143,39,0,1,9998
144,38,0,"1,3",9998
144,38,1,2,9998
145,37,1,2,9998
145,37,0,1,9998
146,36,0,2,9998
146,36,1,3,9998
147,35,"0,1",0,3
147,35,1,2,9998
147,35,2,3,9998
148,34,1,2,9998
148,34,2,3,9998
148,34,0,"2,4",9998
149,33,"0,1","0,1",3
149,33,1,2,9998
149,33,2,3,9998
150,32,2,2,4
150,32,0,1,9997
150,32,1,4,9998
150,32,3,3,9998
151,31,1,"0,1",3
151,31,0,4,9998
151,31,2,3,9998
152,30,1,"0,1",9996
152,30,2,4,9998
152,30,0,2,9998
153,29,2,"1,3",3
153,29,0,3,9998
153,29,3,6,9998
153,29,1,4,9998
154,28,"1,5",0,2
154,28,3,2,3
154,28,5,1,3
154,28,0,"1,3",9997
154,28,4,4,9998
154,28,2,3,9998
155,27,2,0,2
155,27,0,4,9998
155,27,1,3,9998
156,26,1,0,2
156,26,0,4,9998
157,25,5,1,2
157,25,1,0,3
157,25,"0,3",4,4
157,25,3,[NULL],9000
157,25,4,2,9998
157,25,2,5,9998
158,24,6,0,2
158,24,0,2,3
158,24,2,3,3
158,24,1,2,4
158,24,4,[NULL],9981
158,24,"3,5","2,3",9997
158,24,5,2,9998
159,23,4,2,3
159,23,0,"0,2",3
159,23,1,[NULL],9952
159,23,2,4,9997
159,23,3,1,9998
160,22,3,[NULL],9000
160,22,1,[NULL],9982
160,22,2,3,9997
160,22,0,[NULL],9997
161,21,"2,5",0,2
161,21,5,[NULL],9000
161,21,3,[NULL],9000
161,21,4,[NULL],9000
161,21,1,[NULL],9983
161,21,0,2,9998
162,20,1,0,3
162,20,2,[NULL],9995
162,20,3,3,9997
162,20,0,[NULL],9997
163,19,1,3,9995
163,19,0,[NULL],9995
164,18,2,5,4
164,18,1,[NULL],9995
164,18,0,[NULL],9995
165,17,4,4,4
165,17,2,3,4
165,17,1,[NULL],9995
165,17,0,1,9997
165,17,3,2,9998
166,16,3,0,3
166,16,5,5,4
166,16,4,[NULL],9996
166,16,2,[NULL],9996
166,16,0,[NULL],9996
166,16,1,1,9997
167,15,3,1,2
167,15,4,[NULL],9993
167,15,2,[NULL],9993
167,15,1,4,9997
167,15,0,[NULL],9997
168,14,4,1,3
168,14,3,[NULL],9995
168,14,2,2,9996
168,14,1,[NULL],9997
168,14,0,[NULL],9997
169,13,"2,4,5",1,2
169,13,4,0,2
169,13,5,[NULL],9987
169,13,3,[NULL],9990
169,13,0,[NULL],9995
169,13,1,[NULL],9996
170,12,3,[NULL],9991
170,12,5,[NULL],9993
170,12,4,[NULL],9993
170,12,1,2,9997
170,12,2,2,9998
170,12,0,0,9998
171,11,"1,2",[NULL],9991
171,11,2,[NULL],9991
171,11,3,[NULL],9995
171,11,0,[NULL],9995
171,11,4,2,9996
171,11,5,2,9998
172,10,0,[NULL],9992
172,10,1,[NULL],9994
172,10,3,[NULL],9994
172,10,2,[NULL],9994
173,9,3,1,2
173,9,1,[NULL],9991
173,9,2,[NULL],9992
173,9,0,[NULL],9992
174,8,2,1,2
174,8,1,[NULL],9996
174,8,0,[NULL],9996
175,7,0,0,2
175,7,1,[NULL],9995
176,6,0,[NULL],9995
176,6,1,[NULL],9995
177,5,0,[NULL],9990
122,61,0,[NULL],9000
125,58,0,0,4
126,57,0,0,4
127,56,0,0,9996
128,55,0,0,9996
129,54,"0,1",0,3
129,54,1,0,4
130,53,0,0,3
131,52,0,0,9996
132,51,0,0,3
133,50,1,2,4
133,50,0,[NULL],4
134,49,1,1,3
134,49,0,0,4
135,48,1,0,9996
135,48,0,0,9997
136,47,"1,2",0,2
136,47,2,0,3
136,47,0,0,9996
137,46,1,0,2
137,46,0,0,4
138,45,1,0,2
138,45,0,0,3
139,44,1,0,2
139,44,0,0,9996
140,43,2,0,2
140,43,1,0,3
140,43,0,0,9996
141,42,2,0,2
141,42,1,3,3
141,42,0,0,9998
142,41,2,1,2
142,41,1,0,2
142,41,0,1,9998
143,40,"1,3",0,2
143,40,2,1,2
143,40,3,2,9996
143,40,0,1,9998
144,39,2,1,2
144,39,1,0,2
144,39,0,1,9998
145,38,2,0,2
145,38,3,1,2
145,38,1,1,4
145,38,0,1,9998
146,37,2,1,2
146,37,3,2,2
146,37,1,0,3
146,37,0,1,9998
147,36,2,1,2
147,36,3,2,2
147,36,4,"0,1",2
147,36,1,1,9996
147,36,0,1,9998
148,35,2,1,2
148,35,3,2,2
148,35,1,0,3
148,35,0,1,9998
149,34,4,1,2
149,34,3,3,2
149,34,2,4,4
149,34,0,3,9998
149,34,1,2,9998
150,33,4,0,2
150,33,3,2,2
150,33,2,1,3
150,33,0,"0,1",4
150,33,1,2,9998
151,32,4,2,2
151,32,2,0,2
151,32,3,1,9996
151,32,0,2,9997
151,32,1,1,9998
152,31,3,0,2
152,31,6,3,2
152,31,4,1,2
152,31,5,1,3
152,31,"0,1",0,9996
152,31,2,1,9998
152,31,1,"2,3",9998
153,30,4,4,2
153,30,3,2,2
153,30,"0,2",0,9997
153,30,2,2,9998
153,30,1,1,9998
154,29,4,0,2
154,29,3,1,2
154,29,"0,1","0,1",4
154,29,1,2,9998
154,29,2,1,9998
155,28,4,0,2
155,28,2,1,3
155,28,3,3,4
155,28,"0,1",2,9997
155,28,1,1,9998
156,27,2,4,2
156,27,5,2,2
156,27,"1,3,4","0,1,5",9996
156,27,"3,4",2,9997
156,27,4,2,9998
156,27,0,1,9998
157,26,2,5,2
157,26,1,2,4
157,26,0,1,5
158,25,1,3,2
158,25,2,4,5
158,25,0,[NULL],5
159,24,"0,1,2",[NULL],9983
159,24,2,"1,2",9996
159,24,4,"3,4",9996
159,24,1,"0,1",9997
159,24,3,3,9998
160,23,2,0,2
160,23,3,2,3
160,23,5,[NULL],9966
160,23,4,2,9996
160,23,1,1,9996
160,23,0,0,9997
161,22,2,[NULL],9000
161,22,0,[NULL],9984
161,22,3,[NULL],9984
161,22,1,0,9997
162,21,1,[NULL],9995
162,21,0,[NULL],9996
163,20,4,2,3
163,20,2,[NULL],9000
163,20,1,0,9997
163,20,0,2,9997
163,20,3,4,9998
164,19,2,3,2
164,19,1,3,3
164,19,0,[NULL],9996
165,18,0,[NULL],9995
166,17,0,[NULL],9994
166,17,1,[NULL],9997
167,16,1,[NULL],9994
167,16,0,[NULL],9996
168,15,1,[NULL],9990
168,15,0,[NULL],9996
169,14,2,2,2
169,14,0,0,2
169,14,1,[NULL],9994
170,13,2,5,2
170,13,"0,1",[NULL],9994
170,13,1,2,9997
171,12,1,4,9997
171,12,0,3,9998
172,11,0,[NULL],9995
172,11,1,0,9997
173,10,3,[NULL],9989
173,10,4,[NULL],9995
173,10,1,[NULL],9996
173,10,0,[NULL],9996
173,10,2,[NULL],9996
174,9,6,[NULL],9000
174,9,5,[NULL],9000
174,9,4,[NULL],9989
174,9,3,[NULL],9993
174,9,2,[NULL],9997
174,9,1,[NULL],9997
174,9,0,[NULL],9997
175,8,0,[NULL],9000
175,8,1,[NULL],9992
176,7,0,[NULL],9994
177,6,1,[NULL],9994
177,6,0,[NULL],9996
178,5,0,[NULL],9995
122,62,0,[NULL],9000
123,61,0,[NULL],9000
131,53,0,0,9998
132,52,0,0,9997
133,51,0,0,4
134,50,0,0,9997
135,49,0,0,9996
136,48,0,1,9997
137,47,0,1,4
138,46,0,1,9997
139,45,0,0,9996
140,44,0,0,2
141,43,1,0,2
141,43,0,0,4
142,42,1,0,2
142,42,0,1,9998
143,41,1,0,2
143,41,0,"1,2",9997
144,40,1,0,2
144,40,"0,2",0,4
144,40,2,1,9997
145,39,1,0,2
145,39,0,0,4
146,38,1,0,2
146,38,0,2,9997
147,37,1,0,2
147,37,0,0,9996
148,36,3,0,2
148,36,2,1,2
148,36,1,3,4
148,36,0,1,9997
149,35,2,1,2
149,35,1,0,3
149,35,0,0,4
150,34,1,1,2
150,34,2,0,9996
150,34,0,3,9997
151,33,1,2,2
151,33,"2,3",1,2
151,33,3,1,9996
151,33,0,[NULL],9996
152,32,2,2,2
152,32,1,1,2
152,32,3,2,4
152,32,0,2,9997
153,31,2,1,2
153,31,1,2,2
153,31,3,0,3
153,31,0,0,4
154,30,1,1,2
154,30,"0,2","2,3",9997
154,30,2,"3,5",9997
155,29,2,4,2
155,29,1,0,2
155,29,3,[NULL],9000
155,29,"0,4",0,9996
155,29,4,"3,4",9997
156,28,0,2,4
156,28,1,1,4
156,28,2,"3,5",9997
157,27,"2,3","3,5",3
157,27,1,1,5
157,27,3,3,9997
157,27,0,2,9998
158,26,3,3,2
158,26,4,2,3
158,26,1,[NULL],9985
158,26,5,4,9996
158,26,2,[NULL],9996
158,26,0,"3,4",9998
159,25,3,2,3
159,25,4,[NULL],9954
159,25,1,[NULL],9984
159,25,2,0,9996
159,25,0,4,9998
160,24,2,[NULL],9967
160,24,1,1,9998
160,24,0,4,9998
161,23,3,3,3
161,23,1,[NULL],9000
161,23,2,[NULL],9951
161,23,0,4,9998
162,22,4,3,2
162,22,2,[NULL],9000
162,22,3,3,9996
162,22,0,"1,4",9998
162,22,1,4,9998
163,21,"1,2",[NULL],9000
163,21,0,[NULL],9990
163,21,2,2,9997
164,20,1,0,3
164,20,"2,3",1,4
164,20,3,[NULL],9992
164,20,0,"1,3",9998
165,19,1,1,3
165,19,0,4,9995
165,19,2,4,9997
166,18,4,1,3
166,18,3,[NULL],9991
166,18,2,[NULL],9991
166,18,1,[NULL],9993
166,18,0,2,9995
167,17,2,[NULL],9000
167,17,1,[NULL],9995
167,17,0,[NULL],9997
168,16,0,1,4
169,15,2,1,3
169,15,3,[NULL],9994
169,15,1,4,9996
169,15,0,2,9997
170,14,3,0,2
170,14,2,[NULL],9995
170,14,4,[NULL],9995
170,14,0,0,9996
170,14,1,"0,1,2",9998
171,13,"4,5",[NULL],9993
171,13,1,[NULL],9993
171,13,3,0,9996
171,13,5,[NULL],9996
171,13,"0,2",[NULL],9997
171,13,2,3,9998
172,12,5,[NULL],9994
172,12,0,[NULL],9996
172,12,4,[NULL],9996
172,12,1,1,9997
172,12,3,"1,3",9998
172,12,2,1,9998
173,11,3,[NULL],9993
173,11,0,[NULL],9996
173,11,2,4,9997
173,11,1,3,9998
174,10,2,[NULL],9000
174,10,0,[NULL],9996
174,10,1,[NULL],9997
175,9,2,[NULL],9990
175,9,1,[NULL],9993
175,9,0,[NULL],9997
176,8,0,[NULL],9997
176,8,1,0,9998
177,7,1,[NULL],9993
177,7,0,1,9997
178,6,0,[NULL],9991
178,6,1,[NULL],9991
179,5,0,[NULL],9995
123,62,0,[NULL],9000
130,55,0,0,2
134,51,0,0,3
139,46,0,1,9998
140,45,0,1,9998
141,44,1,0,2
141,44,0,1,9998
142,43,0,1,9998
143,42,0,3,9998
144,41,0,2,9998
145,40,0,2,9998
146,39,0,"1,2",9998
146,39,1,3,9998
147,38,0,2,9998
147,38,1,3,9998
148,37,0,2,9998
148,37,1,3,9998
149,36,0,2,9998
149,36,1,3,9998
150,35,2,0,3
150,35,"0,1",2,9998
150,35,1,4,9998
150,35,3,5,9998
151,34,"0,1",1,4
151,34,1,2,9998
151,34,2,3,9998
152,33,0,"0,2",3
152,33,1,3,9998
152,33,2,4,9998
153,32,1,1,9996
153,32,0,4,9998
153,32,2,3,9998
154,31,2,"0,1",3
154,31,0,4,9998
154,31,1,3,9998
155,30,2,"3,4",3
155,30,0,3,9997
155,30,3,5,9998
155,30,1,3,9998
156,29,2,0,2
156,29,0,[NULL],9971
156,29,3,4,9998
156,29,1,5,9998
157,28,"3,4",0,2
157,28,4,2,9996
157,28,0,"0,3",9997
157,28,1,"5,6",9998
157,28,2,4,9998
158,27,4,0,2
158,27,"0,1",1,3
158,27,1,2,9997
158,27,2,3,9998
158,27,3,2,9998
159,26,1,1,2
159,26,4,0,2
159,26,0,0,3
159,26,3,2,9997
159,26,2,4,9998
160,25,4,0,2
160,25,0,1,3
160,25,2,[NULL],9981
160,25,"1,3",[NULL],9981
160,25,3,3,9998
161,24,"1,4",0,2
161,24,4,1,2
161,24,0,[NULL],9952
161,24,3,4,9998
161,24,2,5,9998
162,23,0,1,3
162,23,2,0,3
162,23,3,7,9997
162,23,1,4,9998
163,22,"1,3",0,2
163,22,3,1,5
163,22,2,5,9997
163,22,0,4,9998
164,21,"1,2",[NULL],9985
164,21,2,2,9995
164,21,3,[NULL],9995
164,21,0,2,9997
165,20,"1,2",[NULL],9000
165,20,2,4,9995
165,20,0,[NULL],9995
166,19,1,[NULL],9996
166,19,0,2,9997
166,19,2,4,9998
167,18,2,2,4
167,18,0,[NULL],9996
167,18,1,[NULL],9996
167,18,3,[NULL],9996
168,17,1,[NULL],9992
168,17,0,[NULL],9994
168,17,2,4,9998
169,16,"0,1,2",1,2
169,16,2,1,3
169,16,1,[NULL],9992
169,16,3,2,9997
170,15,3,2,2
170,15,4,1,3
170,15,2,4,4
170,15,1,[NULL],9995
170,15,0,0,9996
171,14,"1,3",3,2
171,14,3,"2,3",2
171,14,0,1,3
171,14,4,2,9996
171,14,2,2,9997
172,13,3,1,2
172,13,2,3,9996
172,13,1,3,9997
172,13,0,0,9998
173,12,2,[NULL],9990
173,12,1,[NULL],9991
173,12,0,[NULL],9994
174,11,1,[NULL],9991
174,11,2,[NULL],9993
174,11,0,[NULL],9996
175,10,0,1,2
175,10,1,[NULL],9000
176,9,0,[NULL],9996
177,8,0,[NULL],9992
178,7,0,[NULL],9997
179,6,0,[NULL],9996
179,6,1,[NULL],9997
180,5,0,[NULL],9995
126,60,0,0,4
127,59,0,0,4
128,58,0,0,9997
129,57,0,0,9996
130,56,0,0,4
131,55,0,0,3
132,54,0,0,9996
133,53,0,0,3
134,52,0,1,4
135,51,1,0,3
135,51,0,0,4
136,50,1,0,9996
136,50,0,1,9998
137,49,1,0,3
137,49,0,0,9997
138,48,1,0,2
138,48,0,0,4
139,47,1,0,2
139,47,0,0,4
140,46,1,0,2
140,46,0,0,9996
141,45,1,0,2
141,45,0,0,9996
142,44,3,0,2
142,44,"1,2",0,3
142,44,2,3,4
142,44,0,0,9998
143,43,2,0,2
143,43,1,2,3
143,43,0,0,9998
144,42,2,0,2
144,42,1,0,9996
144,42,0,0,9998
145,41,"1,2",0,2
145,41,3,1,2
145,41,2,0,3
145,41,0,1,9998
146,40,2,0,2
146,40,3,1,2
146,40,1,1,4
146,40,0,1,9998
147,39,2,0,2
147,39,3,1,2
147,39,1,0,3
147,39,0,1,9998
148,38,2,0,2
148,38,3,1,2
148,38,1,1,9997
148,38,0,1,9998
149,37,2,"0,1",2
149,37,4,1,2
149,37,5,3,2
149,37,3,0,3
149,37,1,1,9996
149,37,0,1,9998
150,36,2,1,2
150,36,3,2,2
150,36,1,3,4
150,36,0,1,9998
151,35,3,1,2
151,35,4,2,2
151,35,2,0,3
151,35,0,"0,1",4
151,35,1,2,9998
152,34,4,0,2
152,34,3,2,2
152,34,2,"2,4",9996
152,34,0,3,9998
152,34,1,2,9998
153,33,4,0,2
153,33,3,1,2
153,33,2,"0,2",3
153,33,5,2,3
153,33,0,"1,2",9997
153,33,1,2,9998
154,32,5,3,2
154,32,3,1,2
154,32,4,4,3
154,32,0,1,9997
154,32,2,1,9998
154,32,1,2,9998
155,31,4,3,2
155,31,5,1,2
155,31,3,2,3
155,31,"0,1","1,3,4",4
155,31,1,2,9998
155,31,2,1,9998
156,30,"5,6",1,2
156,30,4,2,2
156,30,3,3,3
156,30,6,"5,6",9996
156,30,"0,2","0,1",9997
156,30,2,2,9998
156,30,1,1,9998
157,29,3,2,2
157,29,2,3,2
157,29,"0,1","0,1,4",9996
157,29,1,2,9998
158,28,4,2,2
158,28,"1,2","0,1",4
158,28,3,4,4
158,28,2,3,9997
158,28,0,1,9998
159,27,3,3,2
159,27,2,4,4
159,27,1,1,4
159,27,4,3,9995
159,27,0,1,9998
160,26,4,3,2
160,26,5,2,2
160,26,1,[NULL],9969
160,26,3,3,9996
160,26,2,3,9997
160,26,0,5,9997
161,25,4,1,2
161,25,1,[NULL],9000
161,25,"2,3",[NULL],9000
161,25,"0,3","0,3,5",9996
161,25,3,"2,4",9996
162,24,4,0,2
162,24,2,"0,2",3
162,24,3,1,5
162,24,1,[NULL],9000
162,24,0,4,9998
163,23,3,[NULL],9000
163,23,4,2,9995
163,23,1,[NULL],9995
163,23,0,[NULL],9995
163,23,2,0,9997
164,22,4,2,3
164,22,3,[NULL],9000
164,22,2,[NULL],9983
164,22,1,0,9997
164,22,0,5,9997
165,21,4,2,2
165,21,3,[NULL],9996
165,21,0,[NULL],9996
165,21,2,[NULL],9996
165,21,1,"3,4",9998
166,20,"0,2",[NULL],9985
166,20,2,[NULL],9995
166,20,1,1,9997
167,19,4,2,2
167,19,3,[NULL],9000
167,19,2,[NULL],9997
167,19,1,"0,2",9998
167,19,0,2,9998
168,18,2,0,3
168,18,1,[NULL],9997
168,18,0,[NULL],9997
169,17,1,3,9997
169,17,0,0,9998
170,16,1,[NULL],9995
170,16,0,[NULL],9995
171,15,0,0,2
171,15,1,1,3
172,14,4,2,3
172,14,3,[NULL],9991
172,14,2,[NULL],9996
172,14,1,[NULL],9996
172,14,0,"0,1",9997
173,13,4,[NULL],9984
173,13,5,[NULL],9994
173,13,"0,2",[NULL],9995
173,13,1,0,9997
173,13,3,2,9997
173,13,2,2,9998
174,12,4,[NULL],9987
174,12,3,[NULL],9995
174,12,5,[NULL],9995
174,12,2,[NULL],9995
174,12,1,[NULL],9995
174,12,0,[NULL],9995
175,11,5,[NULL],9000
175,11,4,[NULL],9988
175,11,2,[NULL],9995
175,11,3,[NULL],9995
175,11,1,"4,5",9997
175,11,0,2,9998
176,10,1,0,3
176,10,0,[NULL],9989
176,10,2,[NULL],9989
177,9,0,[NULL],9992
178,8,0,[NULL],9991
179,7,1,[NULL],9000
179,7,0,[NULL],9992
180,6,1,[NULL],9986
180,6,0,1,9998
124,63,0,[NULL],9000
133,54,0,0,9997
134,53,0,0,4
135,52,1,0,2
135,52,0,0,9997
136,51,0,0,9996
137,50,0,0,9997
138,49,0,0,4
139,48,0,1,9997
140,47,0,0,9996
141,46,0,0,2
142,45,0,0,2
143,44,0,0,2
144,43,1,0,2
144,43,0,1,9998
145,42,1,0,2
145,42,0,1,9997
146,41,1,0,2
146,41,0,0,4
147,40,1,0,2
147,40,0,1,9997
148,39,1,0,2
148,39,0,0,9996
149,38,1,0,2
149,38,0,2,4
150,37,2,1,2
150,37,1,3,4
150,37,0,[NULL],9984
151,36,3,0,2
151,36,2,1,2
151,36,1,0,9996
151,36,0,2,9998
152,35,2,1,2
152,35,1,0,9996
152,35,0,"1,2",9997
153,34,1,2,2
153,34,2,"0,1",2
153,34,0,1,9997
154,33,2,1,2
154,33,1,2,2
154,33,3,0,3
154,33,0,"0,4",4
155,32,2,2,2
155,32,1,1,2
155,32,"0,3",2,9997
155,32,3,3,9998
156,31,2,1,2
156,31,"0,3",0,3
156,31,3,[NULL],9000
156,31,1,0,9996
157,30,1,0,2
157,30,2,1,3
157,30,4,5,4
157,30,"0,3",[NULL],4
157,30,3,4,9997
158,29,1,0,2
158,29,2,3,3
158,29,0,2,4
159,28,0,5,9997
160,27,2,2,9996
160,27,1,0,9996
160,27,0,"2,5",9998
161,26,4,0,2
161,26,7,3,3
161,26,3,3,4
161,26,5,[NULL],9000
161,26,0,[NULL],9988
161,26,"1,6","3,4",9997
161,26,2,2,9997
161,26,6,2,9998
162,25,5,2,3
162,25,2,[NULL],9000
162,25,"0,4",[NULL],9000
162,25,4,[NULL],9967
162,25,3,0,9996
162,25,1,1,9998
163,24,2,0,3
163,24,3,[NULL],9000
163,24,0,[NULL],9993
163,24,1,4,9998
164,23,"3,4",1,2
164,23,4,[NULL],9000
164,23,2,1,9996
164,23,0,"2,6",9998
164,23,1,6,9998
165,22,2,0,3
165,22,1,[NULL],9989
165,22,3,[NULL],9994
165,22,0,3,9998
166,21,"0,2",1,2
166,21,2,0,2
166,21,1,4,9997
167,20,2,[NULL],9945
167,20,1,[NULL],9974
167,20,3,[NULL],9994
167,20,0,2,9997
168,19,0,0,2
168,19,2,3,3
168,19,4,1,4
168,19,1,[NULL],9000
168,19,3,3,9998
169,18,0,0,4
169,18,1,4,9997
170,17,2,2,3
170,17,0,3,4
170,17,1,3,9997
171,16,3,1,3
171,16,1,[NULL],9000
171,16,0,0,9997
171,16,2,[NULL],9997
172,15,2,0,2
172,15,1,[NULL],9997
172,15,0,2,9998
173,14,0,[NULL],9993
173,14,1,[NULL],9995
174,13,2,0,2
174,13,0,[NULL],9994
174,13,1,[NULL],9996
175,12,4,3,9997
175,12,3,2,9997
175,12,0,[NULL],9997
175,12,2,6,9998
175,12,1,"1,4",9998
176,11,2,[NULL],9992
176,11,1,3,9997
176,11,3,[NULL],9997
176,11,0,"3,4",9998
177,10,2,[NULL],9000
177,10,1,[NULL],9992
177,10,0,[NULL],9994
178,9,2,[NULL],9990
178,9,1,[NULL],9994
178,9,0,[NULL],9995
179,8,1,0,2
179,8,0,[NULL],9993
180,7,1,[NULL],9993
180,7,2,[NULL],9994
180,7,0,[NULL],9994
181,6,0,[NULL],9990
181,6,1,[NULL],9993
127,61,0,0,3
136,52,0,0,3
140,48,0,1,9998
141,47,0,1,9998
142,46,0,1,9998
143,45,1,0,2
143,45,"0,2",0,9997
143,45,2,1,9998
144,44,0,1,9998
145,43,0,2,9998
146,42,0,2,9998
147,41,1,1,3
147,41,0,2,9998
148,40,1,2,9998
148,40,0,1,9998
149,39,0,2,9998
149,39,1,3,9998
150,38,2,0,2
150,38,0,2,9998
150,38,1,3,9998
151,37,0,2,9998
151,37,1,3,9998
152,36,"1,2",0,3
152,36,2,1,4
152,36,0,4,9998
152,36,3,3,9998
153,35,1,0,3
153,35,0,3,9998
153,35,2,2,9998
154,34,3,3,2
154,34,"0,1","0,1",9996
154,34,1,3,9998
154,34,2,2,9998
155,33,"0,1","0,2",3
155,33,1,4,9998
155,33,2,3,9998
156,32,2,4,4
156,32,0,3,9998
156,32,1,6,9998
156,32,3,4,9998
157,31,3,2,3
157,31,0,[NULL],9000
157,31,1,5,9998
157,31,2,3,9998
158,30,3,"0,2",9996
158,30,0,4,9997
158,30,2,4,9998
158,30,1,3,9998
159,29,"2,5",0,2
159,29,3,2,3
159,29,5,0,3
159,29,0,0,9996
159,29,4,4,9998
159,29,1,"3,5",9998
160,28,2,6,2
160,28,0,5,9998
160,28,1,4,9998
161,27,1,1,2
161,27,2,[NULL],9000
161,27,0,5,9998
162,26,4,1,2
162,26,0,2,3
162,26,3,[NULL],9000
162,26,"1,2",[NULL],9978
162,26,2,4,9998
163,25,"2,6",0,2
163,25,6,1,2
163,25,0,1,3
163,25,5,0,3
163,25,4,"3,4",9997
163,25,3,2,9998
163,25,1,4,9998
164,24,3,0,2
164,24,4,0,5
164,24,"0,1",[NULL],9988
164,24,1,6,9996
164,24,2,1,9998
165,23,1,1,3
165,23,2,0,5
165,23,0,[NULL],9995
166,22,4,[NULL],9977
166,22,2,[NULL],9977
166,22,1,0,9995
166,22,3,4,9996
166,22,0,0,9998
167,21,3,3,2
167,21,2,[NULL],9000
167,21,4,[NULL],9995
167,21,5,[NULL],9995
167,21,6,[NULL],9995
167,21,1,[NULL],9996
167,21,0,2,9997
168,20,3,1,3
168,20,0,[NULL],9994
168,20,2,[NULL],9995
168,20,4,[NULL],9995
168,20,1,2,9998
169,19,0,0,4
169,19,1,[NULL],9996
170,18,2,4,4
170,18,0,0,9997
170,18,3,4,9998
170,18,1,2,9998
171,17,2,0,2
171,17,"0,1",0,3
171,17,3,2,4
171,17,1,0,9997
172,16,0,1,3
172,16,2,3,3
172,16,1,[NULL],9997
173,15,2,[NULL],9994
173,15,3,[NULL],9994
173,15,5,3,9996
173,15,1,1,9997
173,15,4,[NULL],9997
173,15,0,2,9998
174,14,6,2,2
174,14,"1,4",1,2
174,14,"4,5",1,3
174,14,5,2,9996
174,14,0,[NULL],9997
174,14,2,[NULL],9997
174,14,3,[NULL],9997
175,13,"3,4",0,2
175,13,4,[NULL],9990
175,13,2,[NULL],9990
175,13,0,[NULL],9994
175,13,1,[NULL],9997
176,12,"2,3",[NULL],9989
176,12,3,[NULL],9992
176,12,1,[NULL],9993
176,12,0,[NULL],9993
176,12,4,[NULL],9994
177,11,3,[NULL],9995
177,11,2,5,9996
177,11,1,[NULL],9996
177,11,0,"2,4,6",9998
178,10,0,[NULL],9991
178,10,2,[NULL],9992
178,10,1,[NULL],9993
179,9,1,[NULL],9992
179,9,0,[NULL],9994
180,8,1,[NULL],9991
180,8,0,[NULL],9995
181,7,1,[NULL],9994
181,7,0,[NULL],9994
181,7,2,1,9997
182,6,0,1,9998
127,62,0,[NULL],9000
128,61,0,0,4
129,60,0,0,9998
130,59,0,0,9997
131,58,0,0,4
132,57,0,0,3
133,56,0,0,9996
134,55,0,0,3
135,54,0,1,4
136,53,0,0,3
137,52,0,0,9996
138,51,1,0,3
138,51,0,1,9998
139,50,1,0,2
139,50,0,0,4
140,49,1,0,2
140,49,0,0,4
141,48,1,0,2
141,48,0,0,9996
142,47,1,2,2
142,47,0,0,9996
143,46,1,0,2
143,46,0,1,4
144,45,2,0,2
144,45,1,0,3
144,45,0,0,9998
145,44,2,0,2
145,44,1,0,9996
145,44,0,"0,1",9998
146,43,2,0,2
146,43,1,0,3
146,43,0,0,9998
147,42,2,1,2
147,42,1,0,2
147,42,0,1,9998
148,41,2,0,2
148,41,3,1,2
148,41,1,1,4
148,41,0,1,9998
149,40,2,0,2
149,40,3,1,2
149,40,"0,1",1,9998
149,40,1,2,9998
150,39,2,0,2
150,39,3,1,2
150,39,1,0,9997
150,39,0,1,9998
151,38,4,0,2
151,38,3,3,2
151,38,"1,2",0,3
151,38,2,2,4
151,38,0,1,9998
152,37,3,0,2
152,37,2,2,2
152,37,1,0,3
152,37,0,1,9998
153,36,3,1,2
153,36,2,2,2
153,36,1,1,9996
153,36,0,1,9998
154,35,4,1,2
154,35,3,2,2
154,35,2,"0,3",3
154,35,0,3,9998
154,35,1,2,9998
155,34,3,0,2
155,34,6,1,2
155,34,4,3,2
155,34,5,6,4
155,34,"0,1",0,9997
155,34,2,2,9998
155,34,1,1,9998
156,33,5,1,2
156,33,3,2,2
156,33,4,3,3
156,33,"0,1","0,1",4
156,33,2,2,9998
156,33,1,1,9998
157,32,4,2,2
157,32,3,1,2
157,32,5,2,9996
157,32,"0,1",3,9997
157,32,2,1,9998
157,32,1,2,9998
158,31,4,4,2
158,31,"3,5",1,2
158,31,5,0,3
158,31,"0,1","0,1,3",9996
158,31,1,2,9998
158,31,2,1,9998
159,30,5,0,2
159,30,4,1,2
159,30,3,3,4
159,30,0,1,9997
159,30,2,2,9998
159,30,1,0,9998
160,29,5,0,2
160,29,"3,4","1,6",3
160,29,2,2,3
160,29,"0,4","0,3",4
160,29,4,3,4
160,29,1,1,9998
161,28,4,2,2
161,28,2,[NULL],9000
161,28,1,"3,4",9997
161,28,3,4,9997
161,28,0,1,9998
162,27,2,3,2
162,27,4,1,2
162,27,"3,5",[NULL],9000
162,27,1,[NULL],9969
162,27,"0,5","0,3",9996
162,27,5,3,9996
163,26,1,2,2
163,26,2,1,5
163,26,0,[NULL],22
164,25,4,2,5
164,25,2,[NULL],9000
164,25,1,[NULL],9985
164,25,0,"0,1,3",9997
164,25,3,4,9998
165,24,0,0,2
165,24,4,1,3
165,24,6,1,9995
165,24,5,"4,5",9996
165,24,2,2,9996
165,24,3,4,9997
165,24,7,2,9998
165,24,1,3,9998
166,23,2,0,3
166,23,"3,4",[NULL],9000
166,23,5,[NULL],9000
166,23,4,2,9996
166,23,0,[NULL],9996
166,23,1,"2,4",9997
167,22,2,1,2
167,22,0,[NULL],9985
167,22,1,3,9997
167,22,3,3,9998
168,21,4,1,3
168,21,5,[NULL],9000
168,21,3,[NULL],9996
168,21,0,[NULL],9996
168,21,1,3,9997
168,21,2,0,9997
169,20,4,3,2
169,20,2,1,2
169,20,3,1,3
169,20,5,3,9996
169,20,"0,1",[NULL],9996
169,20,1,0,9998
170,19,0,0,3
171,18,2,[NULL],9993
171,18,1,[NULL],9996
171,18,0,1,9998
172,17,2,0,2
172,17,0,[NULL],9994
172,17,3,3,9998
172,17,1,"0,1,3",9998
173,16,1,[NULL],9995
173,16,0,5,9997
174,15,3,4,3
174,15,2,3,3
174,15,0,[NULL],9996
174,15,1,1,9998
175,14,3,1,3
175,14,"4,5",[NULL],9995
175,14,2,[NULL],9997
175,14,0,[NULL],9997
175,14,1,[NULL],9997
175,14,5,6,9998
176,13,"2,4,6",0,2
176,13,3,[NULL],9994
176,13,4,[NULL],9994
176,13,6,[NULL],9994
176,13,5,[NULL],9997
176,13,0,"3,5,6",9998
176,13,1,6,9998
177,12,1,[NULL],9994
177,12,3,[NULL],9995
177,12,4,[NULL],9996
177,12,2,[NULL],9996
177,12,0,4,9997
178,11,1,[NULL],9995
178,11,0,[NULL],9997
179,10,1,[NULL],9995
179,10,0,[NULL],9995
180,9,0,[NULL],9994
181,8,1,0,2
181,8,0,[NULL],9994
182,7,1,[NULL],9993
182,7,0,1,9998
128,62,0,0,2
134,56,0,0,9997
135,55,0,0,4
136,54,0,1,9997
137,53,1,0,2
137,53,0,0,9996
138,52,0,0,9997
139,51,0,0,4
140,50,0,0,9997
141,49,"0,1",0,9996
141,49,1,1,9997
142,48,0,"0,2",3
143,47,0,0,2
144,46,"0,1",0,2
144,46,1,"0,1",9996
145,45,0,0,2
146,44,1,0,2
146,44,0,0,9997
147,43,1,0,2
147,43,0,0,4
148,42,1,"0,1",2
148,42,2,1,2
148,42,0,1,9997
149,41,1,0,2
149,41,0,0,9996
150,40,1,0,2
150,40,0,1,4
151,39,1,0,2
151,39,0,1,4
152,38,1,0,2
152,38,0,0,9996
153,37,3,0,2
153,37,2,1,2
153,37,1,0,9996
153,37,0,1,9998
154,36,2,2,2
154,36,1,1,2
154,36,0,1,9997
155,35,2,2,2
155,35,1,1,2
155,35,0,1,4
156,34,1,2,2
156,34,2,1,2
156,34,0,1,9997
157,33,2,1,2
157,33,1,2,2
157,33,4,0,3
157,33,"0,3",0,9996
157,33,3,1,9998
158,32,2,2,2
158,32,0,1,2
158,32,3,4,5
158,32,1,3,9997
159,31,1,1,2
159,31,2,2,4
159,31,0,1,4
160,30,1,0,2
160,30,2,4,9996
160,30,0,"3,4",9997
161,29,0,3,4
161,29,1,0,9996
161,29,2,3,9997
162,28,"3,4",4,3
162,28,2,4,5
162,28,1,[NULL],9989
162,28,4,4,9997
162,28,0,3,9998
163,27,4,3,2
163,27,1,2,4
163,27,3,[NULL],9000
163,27,"0,2",[NULL],9996
163,27,2,3,9998
164,26,2,7,2
164,26,3,1,2
164,26,1,1,9996
164,26,0,5,9998
165,25,2,[NULL],9000
165,25,1,1,9998
165,25,0,3,9998
166,24,3,3,2
166,24,2,0,3
166,24,0,"0,5",9998
166,24,1,5,9998
167,23,"1,2",[NULL],9986
167,23,3,[NULL],9997
167,23,0,[NULL],9997
167,23,2,4,9998
168,22,0,1,2
168,22,1,[NULL],9961
168,22,2,3,9997
169,21,0,0,3
169,21,2,[NULL],9000
169,21,1,[NULL],9945
170,20,1,0,2
170,20,0,1,3
170,20,3,[NULL],9994
170,20,2,3,9998
171,19,3,3,2
171,19,"0,1","1,3",2
171,19,2,[NULL],9000
171,19,4,2,9995
171,19,1,[NULL],9997
172,18,1,1,3
172,18,0,[NULL],9995
172,18,2,[NULL],9995
173,17,1,1,2
173,17,3,[NULL],9000
173,17,2,[NULL],9996
173,17,0,7,9998
174,16,6,5,2
174,16,5,[NULL],9993
174,16,2,2,9997
174,16,"3,7",[NULL],9997
174,16,7,[NULL],9997
174,16,"0,1",[NULL],9997
174,16,4,[NULL],9997
174,16,1,3,9998
175,15,"3,5,6",0,2
175,15,6,1,2
175,15,5,[NULL],9994
175,15,"0,4",[NULL],9995
175,15,2,[NULL],9995
175,15,4,[NULL],9996
175,15,1,[NULL],9996
176,14,3,[NULL],9993
176,14,1,[NULL],9995
176,14,0,"2,4",9997
176,14,2,[NULL],9997
177,13,2,[NULL],9994
177,13,1,[NULL],9994
177,13,0,3,9997
178,12,1,4,9997
178,12,0,[NULL],9997
179,11,0,[NULL],9996
180,10,1,2,3
180,10,0,[NULL],9995
181,9,1,0,2
181,9,0,1,9997
182,8,0,[NULL],9993
182,8,1,[NULL],9995
183,7,0,[NULL],9993
128,63,0,[NULL],9000
129,62,0,0,3
142,49,0,1,9998
143,48,0,"1,2",9998
144,47,0,1,9998
145,46,"0,1",0,9997
145,46,1,1,9998
146,45,0,1,9998
147,44,0,1,9998
148,43,0,2,9998
149,42,0,1,3
149,42,1,1,9998
149,42,2,2,9998
150,41,1,2,9998
150,41,0,1,9998
151,40,0,1,9998
151,40,1,2,9998
152,39,1,0,2
152,39,0,2,9998
152,39,2,3,9998
153,38,"0,1","0,1",4
153,38,1,2,9998
153,38,2,3,9998
154,37,0,"0,1",3
154,37,1,2,9998
154,37,2,3,9998
155,36,1,2,9997
155,36,0,3,9998
155,36,2,2,9998
156,35,1,3,2
156,35,3,"0,1",3
156,35,"0,2",1,9997
156,35,2,3,9998
156,35,4,2,9998
157,34,"0,2",3,4
157,34,2,4,9998
157,34,1,3,9998
158,33,1,0,3
158,33,0,0,4
158,33,2,5,9998
158,33,3,4,9998
159,32,2,2,9996
159,32,0,6,9998
159,32,3,5,9998
159,32,1,3,9998
160,31,"3,4",1,3
160,31,4,3,3
160,31,0,"3,4",9997
160,31,2,5,9998
160,31,1,3,9998
161,30,3,0,2
161,30,0,"1,3",9997
161,30,2,4,9998
161,30,1,5,9998
162,29,3,2,2
162,29,0,0,9997
162,29,1,6,9998
162,29,2,5,9998
163,28,5,0,2
163,28,"0,1,3",0,3
163,28,6,1,4
163,28,2,[NULL],9000
163,28,1,2,9997
163,28,3,3,9998
163,28,4,4,9998
164,27,1,1,2
164,27,3,0,2
164,27,4,3,3
164,27,0,[NULL],9991
164,27,2,3,9998
165,26,"0,5",0,2
165,26,5,1,2
165,26,"2,4",1,3
165,26,4,3,4
165,26,1,[NULL],9000
165,26,3,5,9998
166,25,4,1,2
166,25,3,1,3
166,25,0,[NULL],9000
166,25,5,[NULL],9952
166,25,1,[NULL],9983
166,25,2,3,9998
167,24,3,1,3
167,24,0,2,3
167,24,2,0,9996
167,24,1,6,9997
168,23,2,[NULL],9000
168,23,0,[NULL],9987
168,23,1,4,9997
169,22,3,2,2
169,22,4,[NULL],9000
169,22,2,[NULL],9993
169,22,0,[NULL],9996
169,22,1,1,9997
170,21,3,3,9995
170,21,2,[NULL],9995
170,21,0,[NULL],9995
170,21,1,[NULL],9995
171,20,"0,1",[NULL],9996
171,20,1,1,9997
171,20,2,2,9998
172,19,7,0,2
172,19,5,0,3
172,19,3,5,4
172,19,4,[NULL],9996
172,19,2,[NULL],9996
172,19,6,[NULL],9996
172,19,1,[NULL],9996
172,19,0,1,9998
173,18,3,1,2
173,18,2,5,4
173,18,1,[NULL],9996
173,18,4,[NULL],9997
173,18,5,[NULL],9997
173,18,0,2,9998
174,17,0,[NULL],9000
174,17,4,[NULL],9992
174,17,3,[NULL],9995
174,17,2,4,9996
174,17,1,7,9997
175,16,2,[NULL],9993
175,16,6,[NULL],9995
175,16,5,2,9996
175,16,1,[NULL],9996
175,16,4,3,9997
175,16,3,[NULL],9997
175,16,0,[NULL],9997
176,15,4,0,3
176,15,5,2,4
176,15,3,[NULL],9996
176,15,2,[NULL],9996
176,15,0,[NULL],9996
176,15,6,4,9997
176,15,1,"2,4,5",9998
177,14,3,[NULL],9992
177,14,5,[NULL],9992
177,14,2,3,9997
177,14,4,[NULL],9997
177,14,0,[NULL],9997
177,14,1,"4,5",9998
178,13,2,[NULL],9994
178,13,3,3,9996
178,13,1,[NULL],9996
178,13,0,[NULL],9996
179,12,1,[NULL],9991
179,12,0,[NULL],9997
180,11,0,[NULL],9992
181,10,0,[NULL],9996
182,9,0,[NULL],9994
183,8,0,0,9997
128,64,0,[NULL],9000
129,63,0,[NULL],9000
131,61,0,0,9998
132,60,0,0,4
133,59,0,0,3
134,58,0,0,9996
135,57,1,0,3
135,57,0,0,9996
136,56,0,0,4
137,55,0,0,3
138,54,0,1,9996
139,53,0,0,3
140,52,1,1,3
140,52,0,0,4
141,51,1,0,2
141,51,0,0,4
142,50,"1,2",0,2
142,50,2,1,9996
142,50,0,[NULL],9996
143,49,1,0,2
143,49,0,0,9996
144,48,1,1,2
144,48,0,1,4
145,47,1,0,2
145,47,0,0,3
146,46,1,0,2
146,46,0,0,9996
147,45,2,0,2
147,45,1,0,3
147,45,0,"0,1",9998
148,44,1,1,2
148,44,2,2,2
148,44,0,1,9998
149,43,2,1,2
149,43,1,0,2
149,43,0,1,9998
150,42,1,0,2
150,42,2,1,2
150,42,0,1,9998
151,41,2,0,2
151,41,3,2,2
151,41,"0,1",1,9998
151,41,1,2,9998
152,40,2,1,2
152,40,3,2,2
152,40,1,1,4
152,40,0,1,9998
153,39,2,1,2
153,39,3,2,2
153,39,1,0,3
153,39,0,1,9998
154,38,3,0,2
154,38,2,2,2
154,38,1,1,9996
154,38,0,1,9998
155,37,3,2,2
155,37,2,4,2
155,37,1,0,3
155,37,0,1,9998
156,36,4,2,2
156,36,3,1,2
156,36,2,5,4
156,36,0,"0,1",9997
156,36,1,2,9998
157,35,5,2,2
157,35,4,3,2
157,35,3,1,3
157,35,"0,1","0,1",4
157,35,2,2,9998
157,35,1,1,9998
158,34,6,0,2
158,34,5,3,2
158,34,3,1,2
158,34,4,"2,4",9996
158,34,"0,1","0,1",9997
158,34,1,"1,3",9998
158,34,2,2,9998
159,33,5,2,2
159,33,3,1,2
159,33,4,0,3
159,33,"0,1",0,9996
159,33,2,2,9998
159,33,1,1,9998
160,32,4,2,2
160,32,5,1,2
160,32,3,2,3
160,32,"0,1",1,9997
160,32,1,2,9998
160,32,2,1,9998
161,31,6,1,2
161,31,5,2,2
161,31,4,4,3
161,31,"0,3","0,5",4
161,31,3,5,4
161,31,1,2,9998
161,31,2,1,9998
162,30,3,3,2
162,30,4,4,2
162,30,"0,2",1,9997
162,30,1,2,9998
162,30,2,4,9998
163,29,3,2,2
163,29,"0,2","0,1,4",9996
163,29,2,2,9997
163,29,1,1,9998
164,28,5,3,2
164,28,4,5,4
164,28,2,2,4
164,28,3,[NULL],9000
164,28,0,3,9998
164,28,1,2,9998
165,27,3,2,2
165,27,2,4,4
165,27,0,1,5
165,27,4,[NULL],9000
165,27,1,2,9997
166,26,4,[NULL],9000
166,26,"1,2",[NULL],9000
166,26,2,"2,4",9996
166,26,"0,3","0,3",9996
166,26,3,3,9996
167,25,3,2,3
167,25,5,[NULL],9000
167,25,"1,4","1,3,4",9996
167,25,4,3,9996
167,25,2,[NULL],9996
167,25,0,5,9998
168,24,3,5,4
168,24,2,[NULL],9000
168,24,5,[NULL],9000
168,24,4,[NULL],9992
168,24,1,0,9997
168,24,0,1,9997
169,23,4,[NULL],9000
169,23,3,[NULL],9000
169,23,2,[NULL],9994
169,23,0,[NULL],9994
169,23,1,0,9997
170,22,2,2,2
170,22,1,[NULL],9000
170,22,0,5,9997
171,21,1,0,2
171,21,0,5,9996
171,21,2,1,9997
172,20,2,0,2
172,20,1,[NULL],9997
172,20,0,1,9998
173,19,2,2,3
173,19,3,[NULL],9992
173,19,1,[NULL],9994
173,19,0,[NULL],9997
174,18,4,6,9997
174,18,0,[NULL],9997
174,18,"1,2",[NULL],9997
174,18,3,"1,2,4,5,7",9998
174,18,2,"2,3",9998
175,17,"2,4,5",1,2
175,17,5,0,3
175,17,4,[NULL],9996
175,17,3,3,9997
175,17,0,[NULL],9997
175,17,1,[NULL],9997
176,16,"4,5",1,2
176,16,3,0,3
176,16,5,[NULL],9989
176,16,2,[NULL],9996
176,16,1,[NULL],9997
176,16,0,[NULL],9997
177,15,4,1,3
177,15,2,[NULL],9992
177,15,3,[NULL],9995
177,15,1,"0,1,5",9997
177,15,0,"1,2,5",9998
178,14,3,[NULL],9995
178,14,2,7,9998
178,14,0,6,9998
178,14,1,4,9998
179,13,2,[NULL],9994
179,13,0,2,9997
179,13,1,[NULL],9997
180,12,1,0,3
180,12,0,[NULL],9995
181,11,0,[NULL],9995
183,9,0,[NULL],9986
184,8,1,[NULL],9993
184,8,0,2,9997
185,7,0,0,9996
188,4,0,[NULL],9995
189,3,0,[NULL],9992
129,64,0,[NULL],9000
130,63,0,0,2
136,57,0,0,4
137,56,0,0,9998
138,55,0,"0,1",9997
139,54,0,0,9997
140,53,0,"0,1",4
141,52,0,0,9997
142,51,0,0,9996
143,50,"0,1",1,4
143,50,1,1,9997
144,49,0,"0,1",3
145,48,0,2,9997
146,47,"0,1",0,2
146,47,1,0,9996
147,46,1,0,2
147,46,0,0,9997
148,45,1,0,2
148,45,0,0,4
149,44,1,0,2
149,44,0,"0,1",9997
150,43,1,"0,1",2
150,43,2,1,2
150,43,0,0,9996
150,43,3,1,9997
151,42,1,0,2
151,42,0,0,4
152,41,1,0,2
152,41,0,1,4
153,40,1,0,2
153,40,0,"0,2",9996
154,39,1,0,2
154,39,2,1,3
154,39,0,0,9996
155,38,2,1,2
155,38,1,"0,2",3
155,38,0,1,9997
156,37,2,2,2
156,37,1,1,2
156,37,0,"0,3",4
157,36,"1,3",1,2
157,36,2,2,2
157,36,3,1,9996
157,36,0,1,9997
158,35,2,2,2
158,35,1,1,2
158,35,0,0,9996
159,34,2,1,2
159,34,1,2,2
159,34,"3,4",0,3
159,34,4,2,4
159,34,0,2,9997
160,33,2,1,2
160,33,1,2,2
160,33,3,0,3
160,33,0,1,4
161,32,2,1,2
161,32,4,2,2
161,32,0,0,3
161,32,3,3,9996
161,32,1,"4,5",9997
162,31,1,1,2
162,31,2,1,3
162,31,3,[NULL],9000
162,31,0,0,9996
163,30,3,0,2
163,30,2,1,2
163,30,1,1,4
163,30,0,"2,5",9998
164,29,1,6,5
164,29,0,4,9998
165,28,1,0,9996
165,28,0,4,9998
166,27,5,0,2
166,27,6,1,3
166,27,0,[NULL],9984
166,27,4,2,9996
166,27,3,2,9997
166,27,1,"2,5",9998
166,27,2,5,9998
167,26,4,1,3
167,26,3,[NULL],9000
167,26,"1,2",[NULL],9000
167,26,2,1,9996
167,26,0,2,9998
168,25,1,1,3
168,25,0,4,9998
169,24,0,[NULL],9997
169,24,1,5,9998
170,23,1,1,3
170,23,0,[NULL],9000
170,23,2,[NULL],9961
170,23,3,3,9998
170,23,4,4,9998
171,22,1,0,2
171,22,2,4,9997
171,22,0,0,9998
172,21,3,[NULL],9000
172,21,2,[NULL],9994
172,21,1,[NULL],9994
172,21,0,"1,3,4",9997
172,21,4,4,9997
173,20,"1,2,4,5,7",3,2
173,20,"2,3",2,2
173,20,7,1,3
173,20,4,[NULL],9993
173,20,3,[NULL],9995
173,20,6,"6,7",9998
173,20,0,"1,2,6",9998
173,20,5,6,9998
174,19,3,4,3
174,19,"5,6",[NULL],9994
174,19,2,[NULL],9995
174,19,6,[NULL],9996
174,19,4,4,9997
174,19,0,[NULL],9997
174,19,1,[NULL],9997
175,18,4,6,3
175,18,6,[NULL],9996
175,18,"1,3,5","3,4",9997
175,18,5,4,9997
175,18,3,[NULL],9997
175,18,0,[NULL],9997
175,18,2,4,9998
176,17,"1,2,5",0,2
176,17,3,2,3
176,17,4,[NULL],9996
176,17,0,"1,2",9997
176,17,5,2,9997
176,17,2,[NULL],9997
177,16,7,2,2
177,16,6,0,2
177,16,4,1,2
177,16,3,[NULL],9992
177,16,2,[NULL],9996
177,16,1,[NULL],9997
177,16,0,4,9998
177,16,5,6,9998
178,15,"3,5",[NULL],9991
178,15,5,[NULL],9996
178,15,4,[NULL],9996
178,15,2,[NULL],9996
178,15,0,[NULL],9996
178,15,1,[NULL],9996
179,14,1,[NULL],9994
179,14,0,[NULL],9995
180,13,0,[NULL],9996
180,13,"1,2",[NULL],9996
180,13,2,3,9997
181,12,3,[NULL],9000
181,12,1,[NULL],9992
181,12,0,[NULL],9996
181,12,2,[NULL],9996
182,11,0,0,3
182,11,1,[NULL],9996
182,11,2,[NULL],9996
183,10,1,8,9995
183,10,0,[NULL],9996
184,9,"0,1",[NULL],9996
184,9,1,[NULL],9996
185,8,0,[NULL],9996
187,6,0,1,9997
188,5,0,0,9997
129,65,0,[NULL],9000
130,64,0,[NULL],9000
136,58,0,0,2
145,49,0,"1,2",9998
146,48,0,1,9998
147,47,0,1,9998
148,46,0,1,9998
149,45,0,2,9998
150,44,0,2,9998
151,43,0,1,9998
151,43,1,2,9998
152,42,0,"1,3",9998
152,42,1,2,9998
153,41,0,1,9998
153,41,1,2,9998
154,40,0,2,9998
154,40,1,3,9998
155,39,"0,1",0,3
155,39,1,2,9998
155,39,2,3,9998
156,38,1,2,9998
156,38,2,3,9998
156,38,0,"2,4",9998
157,37,"0,1","0,1",3
157,37,1,2,9998
157,37,2,3,9998
158,36,2,2,4
158,36,"0,1",1,9997
158,36,1,4,9998
158,36,3,3,9998
159,35,1,"0,1",3
159,35,0,4,9998
159,35,2,3,9998
160,34,"0,2","0,1",9996
160,34,2,4,9998
160,34,1,3,9998
161,33,1,"0,2",3
161,33,0,3,9998
161,33,3,6,9998
161,33,2,4,9998
162,32,"2,5",0,2
162,32,5,2,3
162,32,"0,1,4",3,9997
162,32,4,5,9998
162,32,1,4,9998
162,32,3,3,9998
163,31,4,0,2
163,31,0,[NULL],9000
163,31,1,4,9998
163,31,3,5,9998
163,31,2,3,9998
164,30,4,0,2
164,30,2,1,3
164,30,0,"1,4",9997
164,30,1,4,9998
164,30,3,3,9998
165,29,"2,5",1,2
165,29,5,2,2
165,29,"0,3",[NULL],9989
165,29,3,2,9997
165,29,1,6,9998
165,29,4,5,9998
166,28,2,0,2
166,28,0,2,4
166,28,3,[NULL],9000
166,28,1,5,9998
167,27,4,0,2
167,27,0,1,3
167,27,1,0,3
167,27,"2,3",[NULL],9000
167,27,3,4,9998
168,26,5,1,2
168,26,0,1,3
168,26,2,[NULL],9952
168,26,3,5,9997
168,26,"1,4",[NULL],9997
168,26,4,4,9998
169,25,3,3,2
169,25,4,4,2
169,25,5,0,3
169,25,0,[NULL],9996
169,25,1,2,9997
169,25,2,1,9998
170,24,0,0,2
170,24,1,2,3
170,24,2,4,5
171,23,2,[NULL],9000
171,23,3,[NULL],9000
171,23,1,[NULL],9992
171,23,0,"2,5",9998
172,22,"6,7",6,2
172,22,"1,2,7","0,6",2
172,22,7,"5,6",2
172,22,2,[NULL],9994
172,22,4,[NULL],9995
172,22,5,2,9996
172,22,0,1,9997
172,22,3,[NULL],9997
173,21,6,4,3
173,21,4,2,4
173,21,5,[NULL],9992
173,21,1,[NULL],9995
173,21,3,[NULL],9995
173,21,7,4,9997
173,21,0,1,9997
173,21,2,[NULL],9997
174,20,4,2,2
174,20,3,3,3
174,20,2,5,4
174,20,1,[NULL],9989
174,20,0,"2,5",9998
175,19,4,[NULL],9992
175,19,0,0,9997
175,19,1,4,9997
175,19,"2,3",[NULL],9997
175,19,3,[NULL],9997
176,18,4,0,2
176,18,6,5,2
176,18,"0,1,5",1,3
176,18,5,[NULL],9994
176,18,2,1,9996
176,18,1,0,9997
176,18,3,[NULL],9997
177,17,3,3,4
177,17,1,[NULL],9993
177,17,2,0,9997
177,17,0,[NULL],9997
178,16,2,0,3
178,16,1,[NULL],9997
178,16,0,1,9998
179,15,4,[NULL],9994
179,15,3,2,9996
179,15,1,[NULL],9996
179,15,0,[NULL],9996
179,15,2,2,9998
180,14,3,[NULL],9991
180,14,4,[NULL],9997
180,14,0,[NULL],9997
180,14,1,[NULL],9997
180,14,2,[NULL],9997
181,13,2,[NULL],9990
181,13,0,[NULL],9997
181,13,1,3,9998
182,12,2,[NULL],9994
182,12,1,[NULL],9996
182,12,0,[NULL],9997
183,11,2,0,3
183,11,0,[NULL],9996
183,11,1,3,9998
184,10,0,[NULL],9997
188,6,0,[NULL],9993
189,5,1,[NULL],9994
189,5,0,1,9998
190,4,0,[NULL],9000
130,65,0,[NULL],9000
133,62,0,0,4
134,61,0,0,4
135,60,0,0,9996
136,59,0,0,9996
137,58,"0,1",0,3
137,58,1,0,4
138,57,0,0,3
139,56,0,0,9996
140,55,0,0,3
141,54,1,2,4
141,54,0,[NULL],4
142,53,1,1,3
142,53,0,0,4
143,52,1,0,9996
143,52,0,0,9997
144,51,"1,2",0,2
144,51,2,0,3
144,51,0,0,9996
145,50,1,0,2
145,50,0,0,4
146,49,1,0,2
146,49,0,0,3
147,48,1,0,2
147,48,0,0,9996
148,47,2,0,2
148,47,"0,1",0,3
148,47,1,0,9996
149,46,2,0,2
149,46,1,3,3
149,46,0,0,9998
150,45,1,0,2
150,45,2,1,2
150,45,0,1,9998
151,44,"1,3",0,2
151,44,2,1,2
151,44,3,2,9996
151,44,0,1,9998
152,43,1,0,2
152,43,2,1,2
152,43,0,1,9998
153,42,2,0,2
153,42,3,1,2
153,42,1,1,4
153,42,0,1,9998
154,41,2,1,2
154,41,3,2,2
154,41,1,0,3
154,41,0,1,9998
155,40,2,1,2
155,40,3,2,2
155,40,4,"0,1",2
155,40,1,1,9996
155,40,0,1,9998
156,39,2,1,2
156,39,3,2,2
156,39,1,0,3
156,39,0,1,9998
157,38,4,1,2
157,38,3,3,2
157,38,2,4,4
157,38,0,3,9998
157,38,1,2,9998
158,37,4,0,2
158,37,3,2,2
158,37,2,0,3
158,37,0,"0,1",4
158,37,1,2,9998
159,36,4,2,2
159,36,3,1,2
159,36,2,1,9996
159,36,0,2,9997
159,36,1,2,9998
160,35,3,0,2
160,35,6,3,2
160,35,4,2,2
160,35,5,1,3
160,35,"0,1",0,9996
160,35,1,"1,3",9998
160,35,2,2,9998
161,34,5,4,2
161,34,4,1,2
161,34,3,3,2
161,34,"0,1","0,1",9997
161,34,1,1,9998
161,34,2,2,9998
162,33,4,1,2
162,33,5,3,2
162,33,3,2,2
162,33,"0,1","0,2",4
162,33,1,1,9998
162,33,2,2,9998
163,32,4,1,2
163,32,3,3,2
163,32,"0,1",1,9997
163,32,1,2,9998
163,32,2,1,9998
164,31,6,1,2
164,31,5,4,2
164,31,"2,4","0,1,4",9996
164,31,4,1,9997
164,31,3,3,9998
164,31,1,2,9998
164,31,0,1,9998
165,30,5,1,2
165,30,2,3,3
165,30,4,2,4
165,30,"0,3","0,3",4
165,30,3,3,4
165,30,1,1,9998
166,29,4,3,2
166,29,"1,3","1,4",4
166,29,3,4,4
166,29,0,3,9998
166,29,2,1,9998
167,28,4,4,2
167,28,2,[NULL],9000
167,28,0,[NULL],9991
167,28,"1,3","1,3",9996
167,28,3,4,9996
168,27,1,2,2
168,27,2,[NULL],9000
168,27,0,"1,2",9996
169,26,3,3,5
169,26,1,[NULL],9000
169,26,0,2,9997
169,26,2,4,9998
170,25,"2,5",0,2
170,25,4,2,3
170,25,5,0,4
170,25,1,[NULL],9000
170,25,3,[NULL],9992
170,25,0,1,9998
171,24,"1,3,4",0,3
171,24,4,4,3
171,24,2,[NULL],9000
171,24,3,"3,4",9996
171,24,5,[NULL],9996
171,24,0,0,9997
172,23,1,[NULL],9000
172,23,2,[NULL],9992
172,23,0,0,9996
173,22,"2,5",0,2
173,22,4,4,3
173,22,3,[NULL],9000
173,22,5,[NULL],9994
173,22,1,3,9997
173,22,0,[NULL],9997
174,21,"3,4","1,3,5",3
174,21,4,5,3
174,21,5,[NULL],9996
174,21,2,[NULL],9996
174,21,0,[NULL],9996
174,21,1,[NULL],9997
175,20,"1,2",0,3
175,20,2,5,3
175,20,0,[NULL],9994
176,19,2,[NULL],9995
176,19,1,[NULL],9996
176,19,0,[NULL],9996
177,18,1,0,2
177,18,0,[NULL],9996
177,18,2,3,9998
178,17,2,2,2
178,17,3,[NULL],9995
178,17,0,[NULL],9997
178,17,1,3,9998
179,16,3,2,3
179,16,"1,2",[NULL],9997
179,16,2,0,9998
179,16,0,1,9998
180,15,3,1,2
180,15,2,[NULL],9996
180,15,0,3,9997
180,15,1,"1,4",9998
181,14,4,[NULL],9994
181,14,1,[NULL],9994
181,14,0,[NULL],9997
181,14,3,3,9998
181,14,2,5,9998
182,13,3,1,2
182,13,1,[NULL],9995
182,13,0,7,9997
182,13,2,2,9998
183,12,1,[NULL],9997
183,12,0,2,9998
184,11,0,0,4
185,10,0,[NULL],9994
186,9,1,0,3
186,9,0,[NULL],9995
187,8,0,0,3
188,7,1,0,2
188,7,0,[NULL],9994
188,7,2,1,9997
189,6,0,[NULL],9994
189,6,2,0,9996
189,6,1,[NULL],9996
190,5,0,[NULL],9997
191,4,0,[NULL],9994
130,66,0,[NULL],9000
131,65,0,[NULL],9000
139,57,0,0,9998
140,56,0,0,9997
141,55,0,0,4
142,54,0,0,9997
143,53,0,0,9996
144,52,0,1,9997
145,51,0,1,4
146,50,0,1,9997
147,49,0,0,9996
148,48,0,0,2
149,47,1,0,2
149,47,0,0,4
150,46,1,0,2
150,46,0,1,9998
151,45,1,0,2
151,45,0,1,9997
152,44,1,0,2
152,44,"0,2",0,4
152,44,2,1,9997
153,43,1,0,2
153,43,0,0,4
154,42,1,0,2
154,42,0,2,9997
155,41,1,0,2
155,41,0,0,9996
156,40,3,0,2
156,40,2,1,2
156,40,1,3,4
156,40,0,1,9997
157,39,2,1,2
157,39,1,"0,1",3
157,39,0,0,4
158,38,2,1,2
158,38,1,0,9996
158,38,0,"2,3",9997
159,37,"1,3",1,2
159,37,2,2,2
159,37,3,1,9996
159,37,0,[NULL],9996
160,36,1,1,2
160,36,2,2,2
160,36,3,3,4
160,36,0,2,9997
161,35,1,1,2
161,35,2,2,2
161,35,3,"0,1,4",3
161,35,0,0,4
162,34,2,1,2
162,34,1,2,2
162,34,"0,3",2,9997
162,34,3,"3,5",9997
163,33,3,3,2
163,33,2,1,2
163,33,1,0,2
163,33,4,0,3
163,33,0,0,9996
163,33,5,4,9997
164,32,1,1,2
164,32,2,3,3
164,32,0,1,4
165,31,3,0,2
165,31,1,2,2
165,31,2,"0,4",4
165,31,0,3,9998
166,30,1,2,4
166,30,4,4,9996
166,30,2,"1,3",9996
166,30,3,3,9997
166,30,0,"4,5",9998
167,29,5,3,3
167,29,"3,4",[NULL],3
167,29,2,[NULL],9000
167,29,1,1,9996
167,29,4,5,9997
167,29,0,3,9998
168,28,4,2,2
168,28,2,1,3
168,28,0,[NULL],9988
168,28,"1,3",2,9997
168,28,3,4,9998
169,27,1,0,2
169,27,0,5,9998
170,26,2,"1,3",9996
170,26,0,4,9998
170,26,1,0,9998
171,25,1,0,3
171,25,2,[NULL],9988
171,25,0,2,9998
172,24,4,7,3
172,24,1,"0,3",3
172,24,"0,3",4,9997
172,24,"2,3",[NULL],9997
172,24,3,3,9998
173,23,2,[NULL],9000
173,23,4,[NULL],9994
173,23,3,2,9997
173,23,1,[NULL],9997
173,23,0,0,9998
174,22,0,0,3
174,22,4,1,3
174,22,5,[NULL],9000
174,22,3,[NULL],9000
174,22,2,[NULL],9000
174,22,6,[NULL],9973
174,22,1,2,9997
175,21,0,1,3
175,21,4,[NULL],9000
175,21,5,[NULL],9994
175,21,1,[NULL],9997
175,21,3,[NULL],9997
175,21,2,3,9998
176,20,3,2,2
176,20,0,2,3
176,20,5,[NULL],9991
176,20,4,[NULL],9991
176,20,1,[NULL],9996
176,20,2,[NULL],9996
177,19,3,1,2
177,19,4,[NULL],9995
177,19,2,[NULL],9995
177,19,"0,1",[NULL],9997
177,19,1,1,9998
178,18,0,2,2
178,18,1,0,2
179,17,"1,4",1,2
179,17,3,[NULL],9000
179,17,2,[NULL],9993
179,17,4,[NULL],9996
179,17,0,[NULL],9996
180,16,3,3,2
180,16,5,2,2
180,16,"0,1",[NULL],9993
180,16,1,[NULL],9995
180,16,2,[NULL],9995
180,16,4,5,9997
181,15,2,2,2
181,15,3,[NULL],9994
181,15,0,[NULL],9995
181,15,1,[NULL],9995
181,15,4,[NULL],9995
181,15,5,[NULL],9996
182,14,2,0,2
182,14,1,[NULL],9996
182,14,0,[NULL],9996
182,14,3,[NULL],9996
182,14,4,[NULL],9997
183,13,1,[NULL],9000
183,13,2,[NULL],9996
183,13,3,[NULL],9996
183,13,0,[NULL],9997
184,12,3,[NULL],9994
184,12,"0,1",[NULL],9996
184,12,1,[NULL],9996
184,12,2,[NULL],9997
185,11,0,[NULL],9995
185,11,1,[NULL],9997
187,9,0,[NULL],9996
188,8,0,[NULL],9995
189,7,1,[NULL],9993
189,7,0,1,9997
190,6,2,[NULL],9994
190,6,1,0,9997
190,6,0,0,9998
191,5,1,[NULL],9000
191,5,0,[NULL],9994
192,4,0,[NULL],9000
131,66,0,[NULL],9000
138,59,0,0,2
142,55,0,0,3
147,50,0,1,9998
148,49,0,1,9998
149,48,1,0,2
149,48,0,1,9998
150,47,0,1,9998
151,46,0,3,9998
152,45,0,2,9998
153,44,0,2,9998
154,43,0,"1,2",9998
154,43,1,3,9998
155,42,0,2,9998
155,42,1,3,9998
156,41,0,2,9998
156,41,1,3,9998
157,40,0,2,9998
157,40,1,3,9998
158,39,2,0,3
158,39,"0,1",1,9998
158,39,1,4,9998
158,39,3,5,9998
159,38,"0,1","0,2",4
159,38,1,2,9998
159,38,2,3,9998
160,37,"0,1","0,1",3
160,37,1,3,9998
160,37,2,4,9998
161,36,"0,1",1,9996
161,36,1,4,9998
161,36,2,3,9998
162,35,1,"0,1",3
162,35,0,4,9998
162,35,2,3,9998
163,34,1,4,3
163,34,0,3,9997
163,34,3,5,9998
163,34,2,3,9998
164,33,3,0,2
164,33,"0,1,4",[NULL],9000
164,33,4,5,9998
164,33,1,4,9998
164,33,2,3,9998
165,32,"4,5",0,2
165,32,5,2,9996
165,32,"0,1,3",3,9997
165,32,1,"4,6",9998
165,32,3,5,9998
165,32,2,3,9998
166,31,3,0,2
166,31,0,0,9996
166,31,1,4,9998
166,31,2,5,9998
167,30,4,3,2
167,30,0,"0,3",9997
167,30,2,3,9997
167,30,1,7,9998
167,30,3,6,9998
168,29,5,0,2
168,29,2,0,3
168,29,"0,1",[NULL],9000
168,29,6,[NULL],9000
168,29,1,2,9997
168,29,4,3,9998
168,29,3,4,9998
169,28,4,0,2
169,28,0,1,2
169,28,"1,3",[NULL],9000
169,28,3,3,9998
169,28,2,4,9998
170,27,2,0,2
170,27,0,0,3
170,27,1,4,9998
171,26,3,3,2
171,26,2,5,4
171,26,0,1,9997
171,26,1,3,9998
172,25,0,0,2
172,25,3,1,3
172,25,1,[NULL],9995
172,25,2,4,9997
173,24,0,[NULL],9000
173,24,3,1,9996
173,24,2,5,9997
173,24,1,[NULL],9997
174,23,3,2,2
174,23,4,[NULL],9000
174,23,0,[NULL],9995
174,23,2,[NULL],9995
174,23,1,1,9997
175,22,1,2,4
175,22,2,[NULL],9000
175,22,0,[NULL],9993
175,22,3,1,9997
176,21,1,1,2
176,21,0,[NULL],9997
176,21,2,2,9998
176,21,3,4,9998
177,20,2,[NULL],9995
177,20,3,[NULL],9995
177,20,1,[NULL],9995
177,20,4,1,9997
177,20,0,[NULL],9997
178,19,2,3,4
178,19,5,[NULL],9994
178,19,4,[NULL],9995
178,19,1,[NULL],9996
178,19,3,[NULL],9997
178,19,0,4,9998
179,18,3,0,3
179,18,6,[NULL],9994
179,18,5,3,9997
179,18,"0,4",[NULL],9997
179,18,4,5,9998
179,18,1,"1,2,3,4",9998
179,18,2,"4,5",9998
180,17,2,[NULL],9994
180,17,6,4,9996
180,17,"5,7",[NULL],9996
180,17,1,[NULL],9996
180,17,7,4,9997
180,17,"3,4",[NULL],9997
180,17,4,[NULL],9997
180,17,0,[NULL],9997
181,16,7,0,3
181,16,4,[NULL],9993
181,16,2,[NULL],9995
181,16,0,[NULL],9996
181,16,6,1,9997
181,16,"1,5",[NULL],9997
181,16,5,"7,8",9998
181,16,3,7,9998
182,15,8,1,5
182,15,1,[NULL],9996
182,15,7,2,9997
182,15,2,[NULL],9997
182,15,3,[NULL],9997
182,15,4,[NULL],9997
182,15,6,[NULL],9997
182,15,5,"6,8",9998
182,15,0,7,9998
183,14,5,[NULL],9993
183,14,6,[NULL],9994
183,14,0,[NULL],9996
183,14,"1,3",[NULL],9997
183,14,4,6,9998
183,14,3,5,9998
183,14,2,7,9998
184,13,3,7,9996
184,13,0,[NULL],9997
184,13,1,[NULL],9997
184,13,2,6,9998
185,12,"0,1",[NULL],9996
185,12,2,5,9998
185,12,1,3,9998
186,11,2,[NULL],9993
186,11,1,[NULL],9996
186,11,0,[NULL],9997
187,10,1,2,3
187,10,0,[NULL],9997
189,8,0,0,2
189,8,1,[NULL],9993
190,7,2,[NULL],9993
190,7,1,[NULL],9994
190,7,0,[NULL],9996
191,6,1,[NULL],9993
191,6,0,[NULL],9994
192,5,0,[NULL],9000
134,64,0,0,4
135,63,0,0,4
136,62,0,0,9997
137,61,0,[NULL],9996
138,60,0,0,4
139,59,0,0,3
140,58,0,[NULL],9996
141,57,0,0,3
142,56,0,1,4
143,55,1,0,3
143,55,0,0,4
144,54,1,[NULL],9996
144,54,0,1,9998
145,53,1,0,3
145,53,0,0,9997
146,52,1,0,2
146,52,0,0,4
147,51,1,0,2
147,51,0,1,4
148,50,1,0,2
148,50,0,[NULL],9996
149,49,1,0,2
149,49,0,[NULL],9996
150,48,3,0,2
150,48,1,0,3
150,48,2,3,4
150,48,0,0,9998
151,47,2,0,2
151,47,1,2,3
151,47,0,0,9998
152,46,2,0,2
152,46,1,[NULL],9996
152,46,0,0,9998
153,45,"1,2",0,2
153,45,3,1,2
153,45,2,0,3
153,45,0,1,9998
154,44,2,0,2
154,44,3,1,2
154,44,1,1,4
154,44,0,1,9998
155,43,2,0,2
155,43,3,1,2
155,43,1,0,3
155,43,0,1,9998
156,42,2,0,2
156,42,3,1,2
156,42,1,1,9997
156,42,0,1,9998
157,41,1,"0,1",2
157,41,4,1,2
157,41,5,3,2
157,41,"2,3",0,3
157,41,3,[NULL],9996
157,41,0,1,9998
158,40,2,1,2
158,40,3,2,2
158,40,1,2,4
158,40,0,1,9998
159,39,3,1,2
159,39,4,2,2
159,39,2,0,3
159,39,0,"0,1",4
159,39,1,2,9998
160,38,4,1,2
160,38,3,2,2
160,38,2,[NULL],9996
160,38,0,3,9998
160,38,1,2,9998
161,37,4,0,2
161,37,3,2,2
161,37,2,"0,3",3
161,37,5,3,3
161,37,0,"1,2",9997
161,37,1,2,9998
162,36,5,3,2
162,36,3,2,2
162,36,4,5,3
162,36,"0,1",1,9997
162,36,2,1,9998
162,36,1,2,9998
163,35,5,4,2
163,35,4,1,2
163,35,3,2,2
163,35,"0,1","2,4",4
163,35,1,2,9998
163,35,2,1,9998
164,34,"4,6",1,2
164,34,5,3,2
164,34,3,2,2
164,34,6,[NULL],9996
164,34,"0,1","0,1",9997
164,34,1,2,9998
164,34,2,1,9998
165,33,4,1,2
165,33,5,2,2
165,33,3,3,3
165,33,"0,1",[NULL],9996
165,33,1,2,9998
165,33,2,1,9998
166,32,7,1,2
166,32,6,3,2
166,32,5,4,3
166,32,"1,3","1,3",4
166,32,4,3,4
166,32,3,2,9997
166,32,0,2,9998
166,32,2,0,9998
167,31,3,4,2
167,31,4,3,2
167,31,2,"1,3",3
167,31,1,0,4
167,31,0,2,9998
168,30,3,3,2
168,30,4,2,2
168,30,2,[NULL],9996
168,30,1,4,9997
168,30,0,0,9998
169,29,4,1,2
169,29,3,[NULL],9000
169,29,2,[NULL],9000
169,29,1,[NULL],9996
169,29,0,1,9998
170,28,3,1,2
170,28,4,3,4
170,28,1,[NULL],4
170,28,2,1,9997
170,28,0,3,9998
171,27,4,"0,3",3
171,27,1,[NULL],3
171,27,0,0,4
171,27,2,[NULL],9000
171,27,3,[NULL],9996
172,26,2,3,3
172,26,3,[NULL],9996
172,26,1,[NULL],9996
172,26,0,2,9997
173,25,2,1,3
173,25,4,[NULL],9000
173,25,3,[NULL],9996
173,25,0,[NULL],9996
173,25,1,0,9997
174,24,3,[NULL],9000
174,24,4,[NULL],9000
174,24,2,0,9997
174,24,1,1,9997
174,24,0,2,9998
175,23,2,2,2
175,23,4,3,2
175,23,3,[NULL],9994
175,23,0,[NULL],9996
175,23,1,[NULL],9996
176,22,"1,2",[NULL],9994
176,22,2,[NULL],9996
176,22,0,[NULL],9997
177,21,4,0,2
177,21,3,2,9997
177,21,1,[NULL],9997
177,21,2,3,9998
177,21,0,0,9998
178,20,5,4,2
178,20,"1,2,3,4",1,2
178,20,4,"0,2",2
178,20,2,[NULL],9996
178,20,"0,3",[NULL],9997
178,20,3,1,9998
179,19,5,4,3
179,19,1,[NULL],9994
179,19,3,[NULL],9997
179,19,2,[NULL],9997
179,19,0,[NULL],9997
179,19,4,[NULL],9997
180,18,"7,8",5,2
180,18,8,"3,5",2
180,18,2,[NULL],9995
180,18,4,[NULL],9996
180,18,3,[NULL],9997
180,18,1,[NULL],9997
180,18,5,[NULL],9997
180,18,6,[NULL],9997
180,18,0,1,9998
181,17,"6,8",5,2
181,17,7,0,2
181,17,8,[NULL],9996
181,17,4,[NULL],9997
181,17,3,[NULL],9997
181,17,2,[NULL],9997
181,17,0,[NULL],9997
181,17,5,[NULL],9997
181,17,1,5,9998
182,16,6,4,2
182,16,5,3,2
182,16,7,2,2
182,16,3,[NULL],9997
182,16,4,[NULL],9997
182,16,0,[NULL],9997
182,16,1,[NULL],9997
182,16,2,[NULL],9997
183,15,6,2,2
183,15,4,[NULL],9994
183,15,1,1,9997
183,15,2,[NULL],9997
183,15,"3,5",[NULL],9997
183,15,0,[NULL],9997
183,15,5,[NULL],9997
184,14,5,2,2
184,14,3,0,2
184,14,2,[NULL],9995
184,14,4,[NULL],9996
184,14,1,[NULL],9996
184,14,0,0,9998
185,13,0,5,9997
185,13,1,[NULL],9997
185,13,2,[NULL],9997
186,12,0,[NULL],9997
187,11,0,[NULL],9997
187,11,1,[NULL],9997
187,11,2,[NULL],9997
188,10,1,0,3
188,10,0,2,4
188,10,2,[NULL],9996
188,10,3,1,9998
189,9,0,1,3
189,9,3,[NULL],9993
189,9,2,3,9997
189,9,1,[NULL],9997
190,8,2,[NULL],9993
190,8,3,[NULL],9995
190,8,0,[NULL],9996
190,8,1,[NULL],9997
191,7,2,[NULL],9992
191,7,1,[NULL],9996
191,7,0,[NULL],9997
192,6,0,[NULL],9997
132,67,0,[NULL],9000
141,58,0,[NULL],9997
142,57,0,0,4
143,56,1,0,2
143,56,0,[NULL],9997
144,55,0,[NULL],9996
145,54,0,[NULL],9997
146,53,0,0,4
147,52,0,[NULL],9997
148,51,0,[NULL],9996
149,50,0,0,2
150,49,0,0,2
151,48,0,0,2
152,47,1,0,2
152,47,0,1,9998
153,46,1,0,2
153,46,0,[NULL],9997
154,45,1,0,2
154,45,0,0,4
155,44,1,0,2
155,44,0,[NULL],9997
156,43,1,0,2
156,43,0,[NULL],9996
157,42,1,0,2
157,42,0,1,4
158,41,2,1,2
158,41,1,3,4
158,41,0,[NULL],9995
159,40,3,0,2
159,40,2,1,2
159,40,1,[NULL],9996
159,40,0,2,9998
160,39,2,1,2
160,39,1,[NULL],9996
160,39,0,[NULL],9997
161,38,1,2,2
161,38,2,1,2
161,38,0,[NULL],9997
162,37,2,1,2
162,37,1,2,2
162,37,3,0,3
162,37,0,0,4
163,36,2,1,2
163,36,1,2,2
163,36,"0,3",[NULL],9997
163,36,3,3,9998
164,35,2,1,2
164,35,1,2,2
164,35,3,"0,1,3",3
164,35,0,[NULL],9996
165,34,2,0,2
165,34,0,2,2
165,34,4,4,4
165,34,"1,3",2,4
165,34,3,[NULL],9997
166,33,2,0,2
166,33,"0,3",0,3
166,33,3,2,3
166,33,1,1,4
167,32,0,0,2
167,32,2,1,3
167,32,3,[NULL],9996
167,32,1,[NULL],9997
168,31,1,0,2
168,31,4,[NULL],9000
168,31,3,[NULL],9995
168,31,2,[NULL],9996
168,31,0,"2,4",9998
169,30,3,0,2
169,30,1,2,4
169,30,0,[NULL],9997
169,30,2,4,9998
170,29,1,0,3
170,29,"0,2",[NULL],9996
170,29,2,4,9998
171,28,4,2,3
171,28,3,[NULL],9996
171,28,2,[NULL],9997
171,28,"0,1",[NULL],9997
171,28,1,2,9998
172,27,5,2,3
172,27,4,[NULL],9996
172,27,2,[NULL],9996
172,27,3,[NULL],9996
172,27,0,[NULL],9997
172,27,1,3,9998
173,26,2,0,2
173,26,1,1,3
173,26,0,[NULL],9997
173,26,3,3,9998
174,25,1,3,3
174,25,0,[NULL],9986
174,25,3,[NULL],9993
174,25,2,4,9998
175,24,0,[NULL],9000
175,24,1,[NULL],9000
175,24,4,[NULL],9945
175,24,2,[NULL],9994
175,24,3,3,9998
176,23,3,2,2
176,23,0,0,2
176,23,1,4,3
176,23,4,[NULL],9997
176,23,2,[NULL],9997
177,22,1,3,2
177,22,2,[NULL],9994
177,22,3,[NULL],9994
177,22,0,[NULL],9997
178,21,3,5,3
178,21,1,[NULL],9995
178,21,0,[NULL],9996
178,21,2,[NULL],9996
179,20,1,0,2
179,20,4,7,3
179,20,2,[NULL],9994
179,20,3,[NULL],9997
179,20,0,[NULL],9998
180,19,5,1,2
180,19,1,6,3
180,19,4,[NULL],9996
180,19,2,[NULL],9997
180,19,3,[NULL],9997
180,19,0,[NULL],9997
181,18,2,7,3
181,18,4,[NULL],9994
181,18,"1,3",[NULL],9995
181,18,3,[NULL],9996
181,18,0,[NULL],9998
182,17,"0,2",[NULL],9994
182,17,2,[NULL],9995
182,17,1,[NULL],9997
183,16,0,0,2
183,16,2,[NULL],9996
183,16,1,[NULL],9996
184,15,0,[NULL],9998
185,14,1,[NULL],9996
185,14,0,[NULL],9998
186,13,1,0,9998
186,13,0,[NULL],9998
186,13,2,[NULL],9998
187,12,1,3,2
187,12,0,[NULL],9997
188,11,0,[NULL],9997
189,10,0,[NULL],9998
190,9,0,[NULL],9997
190,9,1,[NULL],9997
191,8,2,[NULL],9993
191,8,1,[NULL],9997
191,8,0,[NULL],9998
192,7,0,[NULL],9994
192,7,1,[NULL],9994
192,7,2,[NULL],9996
193,6,0,[NULL],9000
135,65,0,0,3
144,56,0,0,3
148,52,0,[NULL],9998
149,51,0,[NULL],9998
150,50,0,[NULL],9998
151,49,1,0,2
151,49,"0,2",[NULL],9997
151,49,2,[NULL],9998
152,48,0,[NULL],9998
153,47,0,[NULL],9998
154,46,0,[NULL],9998
155,45,1,1,3
155,45,0,[NULL],9998
156,44,0,[NULL],9998
156,44,1,[NULL],9998
157,43,0,[NULL],9998
157,43,1,[NULL],9998
158,42,2,0,2
158,42,0,[NULL],9998
158,42,1,[NULL],9998
159,41,0,[NULL],9998
159,41,1,[NULL],9998
160,40,"1,2",0,3
160,40,2,"0,1",4
160,40,0,[NULL],9998
160,40,3,[NULL],9998
161,39,1,"0,1",3
161,39,0,[NULL],9998
161,39,2,[NULL],9998
162,38,3,3,2
162,38,"0,1",[NULL],9996
162,38,1,[NULL],9998
162,38,2,[NULL],9998
163,37,"0,1","0,1",3
163,37,1,[NULL],9998
163,37,2,[NULL],9998
164,36,2,5,4
164,36,0,[NULL],9998
164,36,1,[NULL],9998
164,36,3,[NULL],9998
165,35,2,3,3
165,35,0,0,4
165,35,1,[NULL],9998
165,35,3,[NULL],9998
166,34,2,[NULL],9996
166,34,0,[NULL],9998
166,34,1,[NULL],9998
166,34,3,[NULL],9998
167,33,"2,4",0,2
167,33,4,1,3
167,33,"0,1,5",[NULL],9996
167,33,"1,5",[NULL],9998
167,33,5,[NULL],9998
167,33,3,[NULL],9998
168,32,4,2,2
168,32,"0,2,3",[NULL],9997
168,32,"2,3",[NULL],9998
168,32,1,[NULL],9998
168,32,3,[NULL],9998
169,31,4,2,2
169,31,1,2,3
169,31,"0,2,3",[NULL],9971
169,31,"2,3",[NULL],9998
169,31,3,[NULL],9998
170,30,2,0,2
170,30,3,[NULL],9000
170,30,0,[NULL],9998
170,30,1,[NULL],9998
171,29,3,1,2
171,29,2,0,3
171,29,0,[NULL],9998
171,29,1,[NULL],9998
172,28,3,3,2
172,28,0,1,3
172,28,1,3,4
172,28,2,[NULL],9998
173,27,4,2,2
173,27,0,2,3
173,27,1,1,3
173,27,"2,3",[NULL],9997
173,27,3,[NULL],9998
174,26,3,3,2
174,26,"2,4",[NULL],9952
174,26,4,[NULL],9996
174,26,0,[NULL],9997
174,26,1,[NULL],9998
175,25,3,[NULL],9000
175,25,2,[NULL],9000
175,25,1,[NULL],9997
175,25,0,[NULL],9998
176,24,2,3,3
176,24,1,[NULL],9995
176,24,0,[NULL],9998
177,23,1,[NULL],9995
177,23,2,[NULL],9995
177,23,0,[NULL],9997
178,22,4,[NULL],9000
178,22,3,[NULL],9994
178,22,5,[NULL],9994
178,22,0,[NULL],9995
178,22,1,[NULL],9995
178,22,6,[NULL],9996
178,22,2,[NULL],9998
179,21,3,[NULL],3
179,21,4,6,4
179,21,0,[NULL],9996
179,21,1,[NULL],9998
179,21,2,[NULL],9998
180,20,3,[NULL],3
180,20,"4,5",[NULL],9994
180,20,2,[NULL],9995
180,20,1,[NULL],9997
180,20,5,[NULL],9997
180,20,0,[NULL],9998
181,19,8,[NULL],9993
181,19,"3,4",[NULL],9994
181,19,5,[NULL],9996
181,19,4,[NULL],9997
181,19,7,[NULL],9997
181,19,0,[NULL],9998
181,19,1,[NULL],9998
181,19,2,[NULL],9998
181,19,6,[NULL],9998
182,18,1,1,3
182,18,6,[NULL],3
182,18,7,[NULL],9000
182,18,4,[NULL],9996
182,18,"3,5",[NULL],9996
182,18,5,[NULL],9997
182,18,2,[NULL],9997
182,18,0,[NULL],9997
182,18,8,[NULL],9997
183,17,7,3,4
183,17,1,[NULL],9996
183,17,2,[NULL],9997
183,17,0,[NULL],9998
183,17,3,[NULL],9998
183,17,4,[NULL],9998
183,17,5,[NULL],9998
183,17,6,[NULL],9998
184,16,5,0,3
184,16,6,[NULL],9997
184,16,3,[NULL],9997
184,16,4,[NULL],9997
184,16,0,[NULL],9998
184,16,1,[NULL],9998
184,16,2,[NULL],9998
185,15,0,1,2
185,15,8,[NULL],9994
185,15,6,[NULL],9996
185,15,"3,4,7",[NULL],9996
185,15,5,[NULL],9997
185,15,1,[NULL],9997
185,15,7,[NULL],9997
185,15,2,[NULL],9998
185,15,4,[NULL],9998
186,14,5,[NULL],9991
186,14,"6,7",[NULL],9994
186,14,7,[NULL],9996
186,14,4,[NULL],9996
186,14,2,[NULL],9997
186,14,0,[NULL],9997
186,14,1,[NULL],9997
186,14,3,[NULL],9997
187,13,0,[NULL],9992
187,13,5,[NULL],9992
187,13,4,[NULL],9996
187,13,6,[NULL],9996
187,13,2,[NULL],9997
187,13,1,[NULL],9997
187,13,3,[NULL],9998
188,12,3,2,3
188,12,1,[NULL],9995
188,12,6,[NULL],9996
188,12,0,[NULL],9996
188,12,"2,4,5",[NULL],9997
188,12,4,[NULL],9997
188,12,5,[NULL],9997
189,11,"3,4",[NULL],9993
189,11,5,[NULL],9996
189,11,4,[NULL],9996
189,11,"0,1",[NULL],9997
189,11,"1,2",[NULL],9997
189,11,2,[NULL],9997
190,10,4,[NULL],9000
190,10,2,[NULL],9997
190,10,1,[NULL],9997
190,10,0,[NULL],9997
190,10,3,[NULL],9997
191,9,2,[NULL],9993
191,9,0,[NULL],9993
191,9,1,[NULL],9997
192,8,1,[NULL],9991
192,8,0,[NULL],9995
193,7,1,[NULL],9993
193,7,0,[NULL],9998
194,6,"0,1",[NULL],9993
194,6,2,[NULL],9994
194,6,1,[NULL],9997
195,5,1,[NULL],9995
195,5,0,[NULL],9996
