stem,s,base,diff,level
0,0,0,[NULL],9000
0,1,0,[NULL],9000
0,2,0,[NULL],9000
1,1,0,[NULL],9000
0,3,0,[NULL],9000
0,4,0,[NULL],9000
2,2,0,[NULL],9000
4,0,0,[NULL],9000
0,5,0,[NULL],9000
4,1,0,[NULL],9000
0,6,0,[NULL],9000
4,2,0,[NULL],9000
5,1,0,[NULL],9000
5,1,1,[NULL],9000
0,7,0,[NULL],9000
4,3,0,[NULL],9000
4,3,1,[NULL],9000
0,8,0,[NULL],9000
4,4,0,[NULL],9000
4,4,1,[NULL],9000
6,2,0,[NULL],9000
6,2,1,[NULL],9000
7,1,0,[NULL],9000
0,9,0,[NULL],9000
4,5,0,[NULL],9000
4,5,1,[NULL],9000
7,2,0,[NULL],9000
7,2,1,[NULL],9000
0,10,0,[NULL],9000
4,6,0,[NULL],9000
4,6,1,[NULL],9000
7,3,0,[NULL],9000
7,3,1,[NULL],9000
0,11,0,[NULL],9000
4,7,0,[NULL],9000
4,7,1,[NULL],9000
8,3,0,[NULL],9000
0,12,0,[NULL],9000
4,8,0,[NULL],9000
4,8,1,[NULL],9000
8,4,0,[NULL],9000
10,2,0,[NULL],9998
11,1,0,[NULL],9000
11,1,1,[NULL],9000
0,13,0,[NULL],9000
4,9,0,[NULL],9000
4,9,1,[NULL],9000
8,5,0,[NULL],9000
9,4,0,[NULL],9000
11,2,1,[NULL],9000
11,2,2,[NULL],9000
11,2,0,[NULL],9000
0,14,0,[NULL],9000
4,10,0,[NULL],9000
4,10,1,[NULL],9000
8,6,0,[NULL],9000
9,5,0,[NULL],9000
11,3,0,[NULL],9000
11,3,2,[NULL],9000
11,3,1,[NULL],9000
12,2,0,[NULL],9000
12,2,1,[NULL],9000
0,15,0,[NULL],9000
4,11,0,[NULL],9000
4,11,1,[NULL],9000
8,7,0,[NULL],9000
11,4,0,[NULL],9000
11,4,1,[NULL],9000
12,3,"0,1",[NULL],9000
12,3,1,[NULL],9000
0,16,0,[NULL],9000
4,12,0,[NULL],9000
4,12,1,[NULL],9000
8,8,0,[NULL],9000
10,6,0,[NULL],9000
11,5,0,[NULL],9000
13,3,0,[NULL],9000
15,1,0,[NULL],9995
0,17,0,[NULL],9000
4,13,0,[NULL],9000
4,13,1,[NULL],9000
8,9,0,[NULL],9000
11,6,0,[NULL],9000
13,4,0,[NULL],9000
13,4,1,[NULL],9000
15,2,0,[NULL],9000
0,18,0,[NULL],9000
4,14,0,[NULL],9000
4,14,1,[NULL],9000
8,10,0,[NULL],9000
11,7,0,[NULL],9000
13,5,0,[NULL],9000
13,5,1,[NULL],9000
14,4,0,[NULL],9000
15,3,1,[NULL],9000
15,3,0,0,9998
16,2,1,[NULL],9000
16,2,0,[NULL],9997
0,19,0,[NULL],9000
4,15,0,[NULL],9000
4,15,1,[NULL],9000
8,11,0,[NULL],9000
14,5,0,0,2
15,4,1,[NULL],9000
15,4,0,[NULL],9000
16,3,0,[NULL],9998
0,20,0,[NULL],9000
4,16,0,[NULL],9000
4,16,1,[NULL],9000
8,12,0,[NULL],9000
14,6,0,[NULL],9000
14,6,1,[NULL],9000
15,5,1,[NULL],9000
15,5,2,[NULL],9000
15,5,0,[NULL],9000
17,3,1,[NULL],9000
17,3,0,[NULL],9996
18,2,0,[NULL],9000
18,2,1,[NULL],9000
19,1,0,1,9998
0,21,0,[NULL],9000
4,17,0,[NULL],9000
4,17,1,[NULL],9000
8,13,0,[NULL],9000
15,6,0,[NULL],9000
15,6,2,[NULL],9000
15,6,1,[NULL],9000
17,4,1,[NULL],9997
17,4,0,[NULL],9997
18,3,1,0,2
18,3,0,[NULL],9000
19,2,0,0,9997
0,22,0,[NULL],9000
4,18,0,[NULL],9000
4,18,1,[NULL],9000
8,14,0,[NULL],9000
15,7,0,[NULL],9000
15,7,2,[NULL],9000
15,7,1,[NULL],9000
18,4,1,[NULL],9000
18,4,0,[NULL],9000
19,3,1,[NULL],9000
19,3,0,[NULL],9000
20,2,0,[NULL],9000
20,2,1,[NULL],9000
0,23,0,[NULL],9000
4,19,0,[NULL],9000
4,19,1,[NULL],9000
8,15,0,[NULL],9000
15,8,0,[NULL],9000
16,7,0,[NULL],9000
18,5,0,0,3
18,5,1,[NULL],9000
19,4,0,[NULL],9000
19,4,1,[NULL],9000
0,24,0,[NULL],9000
4,20,0,[NULL],9000
4,20,1,[NULL],9000
8,16,0,[NULL],9000
18,6,0,[NULL],9998
19,5,1,[NULL],9000
19,5,0,[NULL],9000
19,5,2,[NULL],9000
19,5,3,[NULL],9000
20,4,0,[NULL],9000
21,3,0,[NULL],9000
21,3,1,[NULL],9000
22,2,0,[NULL],9994
0,25,0,[NULL],9000
4,21,0,[NULL],9000
4,21,1,[NULL],9000
8,17,0,[NULL],9000
17,8,0,[NULL],9000
19,6,1,[NULL],9000
19,6,2,[NULL],9000
19,6,0,[NULL],9000
21,4,0,1,9998
22,3,1,[NULL],9000
22,3,0,[NULL],9000
0,26,0,[NULL],9000
4,22,0,[NULL],9000
4,22,1,[NULL],9000
8,18,0,[NULL],9000
17,9,0,[NULL],9000
19,7,1,[NULL],9000
19,7,2,[NULL],9000
19,7,0,[NULL],9000
20,6,1,0,2
20,6,0,[NULL],9000
22,4,0,[NULL],9000
22,4,1,[NULL],9000
23,3,0,[NULL],9000
24,2,0,[NULL],9998
0,27,0,[NULL],9000
4,23,0,[NULL],9000
4,23,1,[NULL],9000
8,19,0,[NULL],9000
19,8,0,[NULL],9000
19,8,1,[NULL],9000
20,7,0,[NULL],9000
20,7,1,[NULL],9000
21,6,0,[NULL],9000
22,5,1,[NULL],9000
22,5,0,0,9998
23,4,1,[NULL],9000
23,4,0,[NULL],9996
0,28,0,[NULL],9000
4,24,0,[NULL],9000
4,24,1,[NULL],9000
8,20,0,[NULL],9000
18,10,0,[NULL],9000
19,9,0,[NULL],9000
21,7,0,0,2
23,5,1,[NULL],9995
23,5,0,[NULL],9997
24,4,0,[NULL],9000
25,3,0,[NULL],9000
25,3,1,[NULL],9998
0,29,0,[NULL],9000
4,25,0,[NULL],9000
4,25,1,[NULL],9000
8,21,0,[NULL],9000
19,10,0,[NULL],9000
21,8,0,[NULL],9000
21,8,1,[NULL],9000
23,6,0,[NULL],9000
24,5,0,[NULL],9000
26,3,0,[NULL],9991
0,30,0,[NULL],9000
4,26,0,[NULL],9000
4,26,1,[NULL],9000
8,22,0,[NULL],9000
19,11,0,[NULL],9000
21,9,0,[NULL],9000
21,9,1,[NULL],9000
22,8,0,[NULL],9000
23,7,0,[NULL],9000
23,7,1,0,9998
24,6,1,1,9997
24,6,0,[NULL],9997
25,5,0,[NULL],9000
26,4,0,[NULL],9000
26,4,1,[NULL],9000
0,31,0,[NULL],9000
4,27,0,[NULL],9000
4,27,1,[NULL],9000
8,23,0,[NULL],9000
22,9,0,1,2
23,8,1,[NULL],9000
23,8,0,[NULL],9000
24,7,0,[NULL],9998
25,6,0,[NULL],9000
26,5,0,0,9998
27,4,"0,1",[NULL],9000
27,4,1,[NULL],9000
0,32,0,[NULL],9000
4,28,0,[NULL],9000
4,28,1,[NULL],9000
8,24,0,[NULL],9000
22,10,0,[NULL],9000
22,10,1,[NULL],9000
23,9,1,1,3
23,9,2,[NULL],9000
23,9,0,[NULL],9000
25,7,0,0,2
29,3,0,[NULL],9992
30,2,0,[NULL],9000
31,1,0,0,9998
0,33,0,[NULL],9000
4,29,0,[NULL],9000
4,29,1,[NULL],9000
8,25,0,[NULL],9000
23,10,0,[NULL],9000
23,10,2,[NULL],9000
23,10,1,[NULL],9000
25,8,1,[NULL],9997
25,8,0,[NULL],9997
26,7,0,[NULL],9000
27,6,0,[NULL],9000
28,5,0,[NULL],9000
28,5,1,[NULL],9000
30,3,0,0,2
31,2,0,1,9998
0,34,0,[NULL],9000
4,30,0,[NULL],9000
4,30,1,[NULL],9000
8,26,0,[NULL],9000
23,11,0,[NULL],9000
23,11,2,[NULL],9000
23,11,1,[NULL],9000
26,8,0,[NULL],9000
27,7,0,0,9998
28,6,0,2,9997
29,5,0,[NULL],9997
30,4,1,0,2
30,4,0,[NULL],9992
31,3,0,[NULL],9000
31,3,1,0,9998
32,2,0,[NULL],9000
0,35,0,[NULL],9000
4,31,0,[NULL],9000
4,31,1,[NULL],9000
8,27,0,[NULL],9000
23,12,0,[NULL],9000
24,11,0,[NULL],9000
26,9,0,0,2
27,8,0,[NULL],9000
30,5,0,1,2
31,4,0,[NULL],9990
31,4,1,1,9997
0,36,0,[NULL],9000
4,32,0,[NULL],9000
4,32,1,[NULL],9000
8,28,0,[NULL],9000
26,10,0,[NULL],9998
27,9,2,0,3
27,9,1,[NULL],9000
27,9,"0,3",[NULL],9000
27,9,3,[NULL],9000
28,8,0,[NULL],9000
29,7,0,0,9997
30,6,"0,1",[NULL],9000
30,6,1,0,9996
31,5,0,[NULL],9000
31,5,1,0,9997
32,4,0,[NULL],9000
33,3,0,[NULL],9000
34,2,1,[NULL],9000
34,2,0,0,9998
35,1,0,1,9998
0,37,0,[NULL],9000
4,33,0,[NULL],9000
4,33,1,[NULL],9000
8,29,0,[NULL],9000
25,12,0,[NULL],9000
27,10,1,[NULL],9000
27,10,2,[NULL],9000
27,10,0,[NULL],9000
29,8,0,1,9998
30,7,1,1,3
30,7,0,[NULL],9997
31,6,0,[NULL],9000
31,6,1,1,9997
32,5,0,[NULL],9990
33,4,0,"0,1",2
34,3,1,0,2
34,3,0,0,9998
35,2,0,1,9998
0,38,0,[NULL],9000
4,34,0,[NULL],9000
4,34,1,[NULL],9000
8,30,0,[NULL],9000
25,13,0,[NULL],9000
27,11,1,[NULL],9000
27,11,2,[NULL],9000
27,11,0,[NULL],9000
28,10,1,0,2
28,10,0,0,3
30,8,0,1,3
31,7,0,[NULL],9993
32,6,0,[NULL],9000
33,5,0,"0,1",2
34,4,1,0,2
34,4,0,[NULL],9000
35,3,0,[NULL],9000
35,3,1,[NULL],9000
35,3,2,1,9998
36,2,0,[NULL],9000
36,2,1,[NULL],9000
0,39,0,[NULL],9000
4,35,0,[NULL],9000
4,35,1,[NULL],9000
8,31,0,[NULL],9000
27,12,0,[NULL],9000
27,12,1,[NULL],9000
28,11,"0,1",[NULL],9000
28,11,1,[NULL],9000
29,10,0,1,4
30,9,1,1,3
30,9,0,0,9998
31,8,1,[NULL],9000
31,8,0,0,9996
32,7,0,[NULL],9000
34,5,1,2,2
34,5,0,[NULL],9000
35,4,0,"0,1",9997
35,4,1,1,9997
0,40,0,[NULL],9000
4,36,0,[NULL],9000
4,36,1,[NULL],9000
8,32,0,[NULL],9000
26,14,0,[NULL],9000
27,13,0,[NULL],9000
29,11,0,0,2
31,9,1,[NULL],9000
31,9,0,[NULL],9997
32,8,0,[NULL],9000
33,7,0,[NULL],9997
34,6,0,[NULL],9990
34,6,1,0,9996
35,5,1,[NULL],9000
35,5,0,0,9997
35,5,2,1,9997
36,4,0,[NULL],9000
37,3,0,[NULL],9000
37,3,1,[NULL],9000
38,2,1,0,9996
38,2,0,1,9998
0,41,0,[NULL],9000
4,37,0,[NULL],9000
4,37,1,[NULL],9000
8,33,0,[NULL],9000
27,14,0,[NULL],9000
29,12,0,[NULL],9000
29,12,1,[NULL],9000
31,10,0,[NULL],9000
34,7,"0,1",0,3
34,7,1,1,3
35,6,0,1,9997
35,6,1,2,9997
37,4,1,0,2
37,4,0,[NULL],9000
38,3,2,[NULL],9000
38,3,1,[NULL],9000
38,3,0,1,9998
0,42,0,[NULL],9000
4,38,0,[NULL],9000
4,38,1,[NULL],9000
8,34,0,[NULL],9000
27,15,0,[NULL],9000
29,13,0,[NULL],9000
29,13,1,[NULL],9000
30,12,0,0,4
31,11,1,[NULL],9000
31,11,0,0,9998
32,10,1,1,9997
32,10,0,[NULL],9997
33,9,0,[NULL],9000
34,8,0,0,3
34,8,1,2,3
34,8,2,[NULL],9000
35,7,2,"0,2",9996
35,7,0,0,9997
35,7,1,1,9997
36,6,2,[NULL],9000
36,6,1,[NULL],9000
36,6,0,0,9996
37,5,1,0,2
37,5,2,[NULL],9000
37,5,0,[NULL],9000
38,4,1,[NULL],9000
38,4,3,[NULL],9000
38,4,2,[NULL],9000
38,4,0,1,9997
39,3,0,[NULL],9997
0,43,0,[NULL],9000
4,39,0,[NULL],9000
4,39,1,[NULL],9000
8,35,0,[NULL],9000
30,13,0,0,2
31,12,1,[NULL],9000
31,12,0,[NULL],9000
32,11,0,[NULL],9998
33,10,0,1,4
34,9,1,0,3
34,9,2,1,3
34,9,0,0,9998
35,8,"1,2",0,9996
35,8,2,1,9997
35,8,0,0,9997
36,7,0,[NULL],9997
37,6,0,1,4
38,5,0,[NULL],9989
39,4,0,[NULL],9000
0,44,0,[NULL],9000
4,40,0,[NULL],9000
4,40,1,[NULL],9000
8,36,0,[NULL],9000
30,14,0,[NULL],9000
30,14,1,[NULL],9000
31,13,1,1,3
31,13,2,[NULL],9000
31,13,0,[NULL],9000
33,11,0,0,2
34,10,0,0,3
34,10,1,1,3
35,9,1,0,9996
35,9,0,1,9997
37,7,1,0,3
37,7,0,[NULL],9000
38,6,0,[NULL],9000
39,5,1,[NULL],9000
39,5,0,0,9998
40,4,0,[NULL],9000
41,3,1,[NULL],9995
41,3,0,[NULL],9998
42,2,0,"0,1",9996
42,2,1,1,9996
0,45,0,[NULL],9000
4,41,0,[NULL],9000
4,41,1,[NULL],9000
8,37,0,[NULL],9000
31,14,0,[NULL],9000
31,14,2,[NULL],9000
31,14,1,[NULL],9000
33,12,1,[NULL],9997
33,12,0,[NULL],9997
34,11,1,1,3
34,11,0,0,3
34,11,2,2,4
35,10,0,0,4
35,10,2,[NULL],9000
35,10,1,1,9997
36,9,0,1,9996
37,8,0,0,9996
38,7,0,0,2
39,6,0,0,9997
40,5,0,[NULL],9000
41,4,0,[NULL],9000
42,3,1,"1,2",9996
42,3,2,3,9996
42,3,0,[NULL],9996
0,46,0,[NULL],9000
4,42,0,[NULL],9000
4,42,1,[NULL],9000
8,38,0,[NULL],9000
31,15,0,[NULL],9000
31,15,2,[NULL],9000
31,15,1,[NULL],9000
34,12,1,0,3
34,12,0,"1,2",4
35,11,0,[NULL],9000
35,11,1,[NULL],9000
36,10,0,2,9997
37,9,0,[NULL],9997
38,8,1,[NULL],9000
38,8,0,[NULL],9992
39,7,0,"0,1",9997
39,7,1,[NULL],9997
40,6,2,[NULL],9000
40,6,1,[NULL],9000
40,6,0,[NULL],9997
41,5,"0,1",[NULL],9000
41,5,1,[NULL],9000
42,4,3,[NULL],9000
42,4,0,[NULL],9000
42,4,1,[NULL],9994
42,4,2,[NULL],9994
43,3,0,[NULL],9000
43,3,1,[NULL],9000
0,47,0,[NULL],9000
4,43,0,[NULL],9000
4,43,1,[NULL],9000
8,39,0,[NULL],9000
31,16,0,[NULL],9000
32,15,0,[NULL],9000
34,13,1,1,3
34,13,0,1,4
35,12,0,[NULL],9000
35,12,1,[NULL],9000
38,9,0,0,3
39,8,0,0,9997
41,6,"0,1",0,4
41,6,1,1,4
42,5,0,[NULL],9000
42,5,1,[NULL],9000
43,4,"0,1",[NULL],9000
43,4,1,[NULL],9000
0,48,0,[NULL],9000
4,44,0,[NULL],9000
4,44,1,[NULL],9000
8,40,0,[NULL],9000
34,14,0,[NULL],9998
35,13,2,0,3
35,13,1,0,4
35,13,0,[NULL],9000
35,13,3,[NULL],9000
36,12,0,0,4
37,11,0,0,9997
38,10,"0,1",0,3
38,10,1,0,9996
39,9,1,[NULL],9000
39,9,2,[NULL],9000
39,9,0,0,9997
40,8,0,[NULL],9000
41,7,"1,2",1,4
41,7,3,2,4
41,7,4,[NULL],9000
41,7,2,[NULL],9000
41,7,0,[NULL],9996
42,6,1,[NULL],9000
42,6,3,[NULL],9000
42,6,2,3,9998
42,6,0,1,9998
43,5,0,[NULL],9000
43,5,1,[NULL],9000
44,4,1,[NULL],9000
44,4,3,[NULL],9000
44,4,2,[NULL],9000
44,4,0,[NULL],9000
45,3,1,3,9998
45,3,0,0,9998
0,49,0,[NULL],9000
4,45,0,[NULL],9000
4,45,1,[NULL],9000
8,41,0,[NULL],9000
33,16,0,[NULL],9000
35,14,1,[NULL],9000
35,14,2,[NULL],9000
35,14,0,[NULL],9000
37,12,0,1,9998
38,11,0,0,3
38,11,1,[NULL],9997
39,10,0,[NULL],9000
39,10,1,1,9997
40,9,0,[NULL],9997
41,8,3,2,2
41,8,1,0,2
41,8,2,0,9996
41,8,0,0,9998
42,7,2,[NULL],9000
42,7,1,[NULL],9997
42,7,0,0,9998
44,5,3,1,2
44,5,0,0,2
44,5,1,[NULL],9000
44,5,4,[NULL],9000
44,5,2,[NULL],9000
45,4,1,3,9998
45,4,0,1,9998
0,50,0,[NULL],9000
4,46,0,[NULL],9000
4,46,1,[NULL],9000
8,42,0,[NULL],9000
33,17,0,[NULL],9000
35,15,1,[NULL],9000
35,15,2,[NULL],9000
35,15,0,[NULL],9000
36,14,1,0,2
36,14,0,0,3
38,12,0,0,3
39,11,0,[NULL],9993
40,10,0,"0,2",2
41,9,0,0,2
42,8,1,[NULL],9000
42,8,0,0,9998
43,7,0,[NULL],9000
44,6,3,1,2
44,6,1,0,2
44,6,2,[NULL],9000
44,6,0,[NULL],9000
45,5,2,[NULL],9000
45,5,1,[NULL],9000
45,5,0,[NULL],9000
46,4,0,1,9998
47,3,0,[NULL],9997
0,51,0,[NULL],9000
4,47,0,[NULL],9000
4,47,1,[NULL],9000
8,43,0,[NULL],9000
35,16,0,[NULL],9000
35,16,1,[NULL],9000
36,15,0,[NULL],9000
36,15,1,[NULL],9000
37,14,0,1,4
38,13,1,1,3
38,13,0,0,9998
39,12,0,[NULL],9000
39,12,1,0,9996
40,11,0,[NULL],9000
41,10,0,0,2
41,10,1,[NULL],9000
42,9,0,0,9996
42,9,1,1,9998
45,6,1,0,2
45,6,0,[NULL],9996
46,5,0,[NULL],9993
47,4,0,[NULL],9998
0,52,0,[NULL],9000
4,48,0,[NULL],9000
4,48,1,[NULL],9000
8,44,0,[NULL],9000
34,18,0,[NULL],9000
35,17,0,[NULL],9000
37,15,0,0,2
39,13,1,[NULL],9000
39,13,0,[NULL],9997
40,12,0,2,4
41,11,1,1,2
41,11,0,[NULL],9997
42,10,0,0,9996
43,9,2,[NULL],9000
43,9,"0,1",0,9997
43,9,1,[NULL],9997
44,8,1,[NULL],9000
44,8,0,[NULL],9985
45,7,2,[NULL],9000
45,7,3,[NULL],9000
45,7,1,[NULL],9988
45,7,0,[NULL],9997
46,6,3,[NULL],9000
46,6,2,[NULL],9000
46,6,0,[NULL],9994
46,6,1,1,9998
47,5,0,[NULL],9997
48,4,2,[NULL],9000
48,4,1,[NULL],9996
48,4,0,[NULL],9996
49,3,1,[NULL],9000
49,3,0,0,9996
0,53,0,[NULL],9000
4,49,0,[NULL],9000
4,49,1,[NULL],9000
8,45,0,[NULL],9000
35,18,0,[NULL],9000
37,16,0,[NULL],9000
37,16,1,[NULL],9000
39,14,0,[NULL],9000
45,8,1,1,2
45,8,0,[NULL],9998
46,7,2,[NULL],9000
46,7,3,[NULL],9000
46,7,1,[NULL],9000
46,7,0,0,9998
48,5,2,[NULL],9000
48,5,0,[NULL],9995
48,5,3,[NULL],9997
48,5,1,[NULL],9997
49,4,2,[NULL],9000
49,4,1,1,9996
49,4,0,1,9998
0,54,0,[NULL],9000
4,50,0,[NULL],9000
4,50,1,[NULL],9000
8,46,0,[NULL],9000
35,19,0,[NULL],9000
37,17,0,[NULL],9000
37,17,1,[NULL],9000
38,16,0,1,4
39,15,0,[NULL],9000
39,15,1,0,9998
40,14,1,1,9997
40,14,0,[NULL],9997
41,13,0,0,4
42,12,0,"0,1",3
43,11,0,0,9996
44,10,0,[NULL],9000
44,10,1,[NULL],9000
44,10,2,0,9996
45,9,0,0,2
45,9,1,[NULL],9000
46,8,1,[NULL],9000
46,8,3,[NULL],9000
46,8,2,[NULL],9000
46,8,0,1,9998
47,7,0,[NULL],9996
48,6,1,0,2
48,6,0,[NULL],9000
48,6,2,[NULL],9000
49,5,1,[NULL],9000
49,5,3,[NULL],9000
49,5,4,[NULL],9000
49,5,2,[NULL],9000
49,5,0,[NULL],9996
50,4,0,[NULL],9000
0,55,0,[NULL],9000
4,51,0,[NULL],9000
4,51,1,[NULL],9000
8,47,0,[NULL],9000
38,17,0,1,2
39,16,1,[NULL],9000
39,16,0,[NULL],9000
40,15,0,[NULL],9998
41,14,0,0,4
42,13,0,0,9998
43,12,0,0,9996
44,11,0,[NULL],9997
45,10,1,0,2
45,10,2,[NULL],9000
45,10,0,[NULL],9000
46,9,1,[NULL],9997
46,9,2,1,9998
46,9,0,"0,1",9998
47,8,0,[NULL],9000
47,8,1,[NULL],9000
48,7,0,0,4
49,6,1,[NULL],9000
49,6,0,[NULL],9000
0,56,0,[NULL],9000
4,52,0,[NULL],9000
4,52,1,[NULL],9000
8,48,0,[NULL],9000
38,18,0,[NULL],9000
38,18,1,[NULL],9000
39,17,1,1,3
39,17,2,[NULL],9000
39,17,0,[NULL],9000
41,15,0,0,2
45,11,1,2,2
45,11,0,"0,2",2
47,9,0,[NULL],9998
48,8,1,1,4
48,8,0,[NULL],9998
49,7,1,1,9998
49,7,0,[NULL],9998
50,6,0,[NULL],9000
50,6,2,[NULL],9000
50,6,1,[NULL],9000
51,5,1,[NULL],9000
51,5,0,[NULL],9000
52,4,1,[NULL],9997
52,4,0,0,9998
53,3,0,1,9996
0,57,0,[NULL],9000
4,53,0,[NULL],9000
4,53,1,[NULL],9000
8,49,0,[NULL],9000
39,18,0,[NULL],9000
39,18,2,[NULL],9000
39,18,1,[NULL],9000
41,16,1,[NULL],9997
41,16,0,[NULL],9997
42,15,0,0,4
43,14,0,2,4
44,13,0,1,9996
45,12,0,0,9996
46,11,0,[NULL],9000
47,10,0,[NULL],9000
48,9,1,1,2
48,9,0,[NULL],9000
50,7,2,[NULL],9000
50,7,0,[NULL],9000
50,7,1,[NULL],9996
51,6,0,0,2
52,5,1,0,9996
52,5,0,1,9998
53,4,0,1,9996
0,58,0,[NULL],9000
4,54,0,[NULL],9000
4,54,1,[NULL],9000
8,50,0,[NULL],9000
39,19,0,[NULL],9000
39,19,2,[NULL],9000
39,19,1,[NULL],9000
42,16,0,0,4
43,15,0,0,9998
44,14,0,2,9997
45,13,0,[NULL],9997
46,12,1,[NULL],9000
46,12,0,[NULL],9000
47,11,1,[NULL],9997
47,11,0,0,9998
48,10,2,0,9996
48,10,0,"0,1,2",9997
48,10,1,[NULL],9997
49,9,1,[NULL],9000
49,9,0,0,9997
50,8,2,[NULL],9000
50,8,"0,1",[NULL],9000
50,8,1,[NULL],9988
51,7,1,0,2
51,7,0,[NULL],9000
52,6,0,[NULL],9994
53,5,1,[NULL],9994
53,5,0,0,9998
54,4,0,[NULL],9000
0,59,0,[NULL],9000
4,55,0,[NULL],9000
4,55,1,[NULL],9000
8,51,0,[NULL],9000
39,20,0,[NULL],9000
40,19,0,[NULL],9000
42,17,0,0,2
43,16,0,[NULL],9000
46,13,0,"0,1",2
47,12,0,"0,1",9998
49,10,0,[NULL],9998
50,9,0,[NULL],9998
51,8,2,[NULL],9000
51,8,1,[NULL],9000
51,8,3,[NULL],9000
51,8,0,[NULL],9000
52,7,0,0,2
52,7,1,0,4
53,6,1,[NULL],9992
53,6,0,2,9998
0,60,0,[NULL],9000
4,56,0,[NULL],9000
4,56,1,[NULL],9000
8,52,0,[NULL],9000
42,18,0,[NULL],9998
43,17,2,0,3
43,17,1,0,4
43,17,0,[NULL],9000
43,17,3,[NULL],9000
44,16,0,0,4
45,15,0,0,9997
46,14,"0,1",0,2
46,14,1,0,9996
47,13,"0,1,2",0,3
47,13,"1,2",[NULL],9000
47,13,2,1,9998
48,12,0,0,3
49,11,1,0,9996
49,11,0,[NULL],9996
50,10,0,[NULL],9000
51,9,0,1,4
52,8,2,0,2
52,8,1,0,4
52,8,0,[NULL],9000
53,7,0,3,9998
54,6,1,[NULL],9000
54,6,2,1,9997
54,6,0,[NULL],9997
55,5,1,[NULL],9000
55,5,2,[NULL],9000
55,5,0,[NULL],9993
56,4,0,"0,1",9998
0,61,0,[NULL],9000
4,57,0,[NULL],9000
4,57,1,[NULL],9000
8,53,0,[NULL],9000
41,20,0,[NULL],9000
43,18,1,[NULL],9000
43,18,2,[NULL],9000
43,18,0,[NULL],9000
45,16,0,1,9998
46,15,1,2,2
46,15,0,[NULL],9997
47,14,0,2,4
47,14,1,0,9998
48,13,0,[NULL],9997
49,12,1,0,9996
49,12,0,0,9998
50,11,1,[NULL],9000
50,11,0,0,9997
51,10,1,[NULL],9000
51,10,0,[NULL],9000
52,9,3,0,2
52,9,0,[NULL],9000
52,9,2,[NULL],9000
52,9,1,[NULL],9000
54,7,0,[NULL],9998
55,6,"0,1",0,2
55,6,1,[NULL],9000
56,5,1,1,9996
56,5,0,"1,2",9998
0,62,0,[NULL],9000
4,58,0,[NULL],9000
4,58,1,[NULL],9000
8,54,0,[NULL],9000
41,21,0,[NULL],9000
43,19,1,[NULL],9000
43,19,2,[NULL],9000
43,19,0,[NULL],9000
44,18,1,0,2
44,18,0,0,3
46,16,0,1,2
47,15,0,1,9998
48,14,0,"0,1",2
50,12,0,[NULL],9998
51,11,0,[NULL],9998
52,10,0,[NULL],9998
53,9,1,2,3
53,9,0,[NULL],9998
54,8,1,2,9997
54,8,0,[NULL],9997
55,7,"1,2","0,1",2
55,7,2,3,9997
55,7,0,[NULL],9997
56,6,0,[NULL],9000
57,5,0,[NULL],9000
0,63,0,[NULL],9000
4,59,0,[NULL],9000
4,59,1,[NULL],9000
8,55,0,[NULL],9000
43,20,0,[NULL],9000
43,20,1,[NULL],9000
44,19,"0,1",[NULL],9000
44,19,1,[NULL],9000
45,18,0,1,4
46,17,1,0,2
46,17,0,0,9998
47,16,0,0,9996
47,16,1,[NULL],9996
48,15,0,1,4
49,14,0,0,3
50,13,1,0,9996
50,13,0,[NULL],9996
51,12,1,[NULL],9000
51,12,0,"0,1",9998
52,11,0,[NULL],9000
53,10,0,[NULL],9000
54,9,0,[NULL],9000
55,8,0,1,9997
55,8,1,[NULL],9998
55,8,2,[NULL],9998
56,7,0,[NULL],9000
57,6,0,2,9998
0,64,0,[NULL],9000
4,60,0,[NULL],9000
4,60,1,[NULL],9000
8,56,0,[NULL],9000
42,22,0,[NULL],9000
43,21,0,[NULL],9000
45,19,0,0,2
47,17,1,[NULL],9995
47,17,0,[NULL],9997
48,16,0,1,4
49,15,0,[NULL],9997
50,14,"0,1",0,2
50,14,1,0,9996
51,13,"3,4",[NULL],9000
51,13,"0,1,2",2,9997
51,13,2,[NULL],9997
51,13,4,1,9998
51,13,1,"0,1",9998
52,12,1,[NULL],9000
52,12,0,[NULL],9000
53,11,2,1,3
53,11,"0,1","0,2",9997
53,11,1,1,9997
54,10,3,2,3
54,10,1,"1,2",9996
54,10,0,0,9996
54,10,2,1,9998
55,9,1,1,4
55,9,0,[NULL],9000
56,8,2,0,2
56,8,1,[NULL],9000
56,8,0,[NULL],9988
57,7,"0,1",[NULL],9000
57,7,1,1,9997
58,6,1,1,9997
58,6,0,0,9998
58,6,2,1,9998
59,5,0,[NULL],9997
62,2,0,[NULL],9000
63,1,0,0,9998
0,65,0,[NULL],9000
4,61,0,[NULL],9000
4,61,1,[NULL],9000
8,57,0,[NULL],9000
43,22,0,[NULL],9000
45,20,0,[NULL],9000
45,20,1,[NULL],9000
47,18,0,[NULL],9000
50,15,1,4,2
50,15,0,"1,2,3",2
51,14,1,1,9998
51,14,0,"0,1",9998
53,12,1,2,2
53,12,0,[NULL],9998
54,11,1,0,3
54,11,2,1,9998
54,11,0,[NULL],9998
55,10,0,[NULL],9998
56,9,2,[NULL],9000
56,9,1,[NULL],9988
56,9,0,[NULL],9989
57,8,0,"0,1",2
57,8,1,2,2
58,7,0,2,9998
59,6,0,[NULL],9995
60,5,0,"0,2",9998
61,4,0,0,9997
62,3,0,0,2
63,2,0,0,9998
0,66,0,[NULL],9000
4,62,0,[NULL],9000
4,62,1,[NULL],9000
8,58,0,[NULL],9000
43,23,0,[NULL],9000
45,21,0,[NULL],9000
45,21,1,[NULL],9000
46,20,0,0,4
47,19,1,[NULL],9000
47,19,0,0,9998
48,18,1,1,9997
48,18,0,[NULL],9997
49,17,0,1,4
50,16,1,1,2
50,16,0,"0,1",2
50,16,2,"0,1,2",3
51,15,2,"0,2",9996
51,15,1,2,9998
51,15,0,"1,2",9998
52,14,"0,2","0,1",3
52,14,1,1,3
52,14,2,0,9996
53,13,1,2,2
53,13,0,[NULL],9000
54,12,0,[NULL],9000
54,12,1,2,9998
55,11,0,0,9996
56,10,1,1,3
56,10,0,2,9998
57,9,2,0,2
57,9,1,1,3
57,9,0,[NULL],9000
58,8,1,[NULL],9000
58,8,0,1,9997
59,7,"0,2",0,2
59,7,2,3,9997
59,7,1,1,9997
60,6,0,[NULL],9996
61,5,0,[NULL],9993
62,4,0,0,2
63,3,0,[NULL],9000
63,3,1,2,9998
64,2,0,[NULL],9000
0,67,0,[NULL],9000
4,63,0,[NULL],9000
4,63,1,[NULL],9000
8,59,0,[NULL],9000
46,21,0,0,2
47,20,1,[NULL],9000
47,20,0,[NULL],9000
48,19,0,[NULL],9998
49,18,0,0,4
50,17,2,1,2
50,17,1,"0,1",2
50,17,0,0,9998
51,16,1,0,9996
51,16,2,1,9998
51,16,0,0,9998
52,15,0,[NULL],9997
53,14,2,1,2
53,14,1,1,4
53,14,0,0,4
54,13,"1,2",[NULL],9997
54,13,2,1,9998
54,13,0,"0,1",9998
55,12,2,0,2
55,12,1,1,9996
55,12,0,[NULL],9996
56,11,1,[NULL],9000
56,11,0,0,9997
57,10,0,[NULL],9000
58,9,0,[NULL],9000
59,8,0,2,9997
60,7,0,0,3
61,6,"0,1",0,9994
61,6,1,"0,2",9996
62,5,2,1,2
62,5,1,0,9996
62,5,0,2,9998
63,4,0,3,9998
0,68,0,[NULL],9000
4,64,0,[NULL],9000
4,64,1,[NULL],9000
8,60,0,[NULL],9000
46,22,0,[NULL],9000
46,22,1,[NULL],9000
47,21,1,1,3
47,21,2,[NULL],9000
47,21,0,[NULL],9000
49,19,0,0,2
50,18,1,2,2
50,18,0,0,2
51,17,1,1,9998
51,17,0,0,9998
53,15,1,2,2
53,15,0,"0,1",2
55,13,0,[NULL],9998
56,12,0,[NULL],9998
57,11,1,0,3
57,11,0,[NULL],9998
58,10,3,2,3
58,10,1,1,3
58,10,2,0,9998
58,10,0,[NULL],9998
59,9,0,[NULL],9994
60,8,0,[NULL],9994
61,7,2,0,2
61,7,"0,1",[NULL],9995
61,7,1,2,9997
62,6,3,0,2
62,6,2,[NULL],9000
62,6,0,1,9998
62,6,1,2,9998
63,5,0,1,9998
64,4,0,[NULL],9000
65,3,0,[NULL],9000
66,2,0,[NULL],9000
67,1,0,0,9998
0,69,0,[NULL],9000
4,65,0,[NULL],9000
4,65,1,[NULL],9000
8,61,0,[NULL],9000
47,22,0,[NULL],9000
47,22,2,[NULL],9000
47,22,1,[NULL],9000
49,20,1,[NULL],9997
49,20,0,[NULL],9997
50,19,1,1,2
50,19,0,0,2
50,19,2,2,4
51,18,0,2,4
51,18,2,0,9997
51,18,1,1,9998
52,17,0,1,9996
53,16,0,0,9996
54,15,0,0,4
55,14,0,0,3
56,13,0,1,9996
57,12,0,2,2
57,12,1,[NULL],9000
58,11,2,0,3
58,11,1,[NULL],9000
58,11,3,3,9998
58,11,0,1,9998
59,10,0,[NULL],9000
60,9,1,1,9995
60,9,0,0,9996
60,9,2,1,9997
61,8,1,0,2
61,8,2,1,2
61,8,0,3,9998
62,7,1,0,2
62,7,0,3,9998
63,6,0,[NULL],9000
63,6,1,4,9998
65,4,0,0,9997
66,3,0,0,2
67,2,0,0,9998
0,70,0,[NULL],9000
4,66,0,[NULL],9000
4,66,1,[NULL],9000
8,62,0,[NULL],9000
47,23,0,[NULL],9000
47,23,2,[NULL],9000
47,23,1,[NULL],9000
50,20,1,1,2
50,20,0,1,4
51,19,1,[NULL],9000
51,19,0,1,9998
52,18,0,2,9997
53,17,0,[NULL],9997
54,16,1,1,4
54,16,0,[NULL],9992
55,15,1,[NULL],9997
55,15,0,0,9998
56,14,2,0,9996
56,14,0,"1,2",9997
56,14,1,[NULL],9997
57,13,3,3,2
57,13,1,"0,2",2
57,13,2,[NULL],9000
57,13,0,0,9997
58,12,2,[NULL],9000
58,12,1,[NULL],9000
58,12,3,2,9998
58,12,0,1,9998
59,11,1,"2,3",9996
59,11,0,2,9997
60,10,3,"0,1,2",2
60,10,2,1,3
60,10,0,1,4
60,10,1,2,9998
61,9,3,0,2
61,9,0,1,4
61,9,2,2,9998
61,9,4,"1,2",9998
61,9,1,[NULL],9998
62,8,4,1,2
62,8,1,[NULL],9000
62,8,3,[NULL],9000
62,8,"0,2",[NULL],9000
62,8,2,1,9997
63,7,1,[NULL],9000
63,7,2,[NULL],9000
63,7,0,[NULL],9997
63,7,3,0,9998
64,6,0,[NULL],9000
66,4,0,0,2
67,3,0,[NULL],9000
67,3,1,[NULL],9000
67,3,2,4,9998
68,2,0,[NULL],9000
68,2,1,[NULL],9000
0,71,0,[NULL],9000
4,67,0,[NULL],9000
4,67,1,[NULL],9000
8,63,0,[NULL],9000
47,24,0,[NULL],9000
48,23,0,[NULL],9000
50,21,1,0,2
50,21,0,2,3
51,20,0,[NULL],9000
51,20,1,[NULL],9000
54,17,0,0,2
55,16,0,"0,1",9998
57,14,2,3,2
57,14,1,0,2
57,14,0,[NULL],9998
58,13,2,2,9998
58,13,1,1,9998
58,13,0,[NULL],9998
59,12,2,1,2
59,12,1,2,3
59,12,0,[NULL],9998
60,11,2,"2,3",2
60,11,1,"2,3,4",2
60,11,0,[NULL],9998
61,10,0,0,9995
61,10,1,2,9998
62,9,0,3,2
63,8,0,1,9997
64,7,0,0,3
65,6,"0,1",[NULL],9994
65,6,1,0,9998
66,5,4,2,2
66,5,0,[NULL],9000
66,5,3,1,9997
66,5,1,0,9997
66,5,2,"0,1",9998
67,4,1,2,9998
67,4,0,0,9998
0,72,0,[NULL],9000
4,68,0,[NULL],9000
4,68,1,[NULL],9000
8,64,0,[NULL],9000
50,22,0,[NULL],9998
51,21,2,0,3
51,21,1,0,4
51,21,0,[NULL],9000
51,21,3,[NULL],9000
52,20,0,0,4
53,19,0,0,9997
54,18,"0,1",0,2
54,18,1,0,9996
55,17,"1,2",0,3
55,17,2,0,4
55,17,0,0,9998
56,16,0,0,3
57,15,2,2,2
57,15,1,1,2
57,15,3,0,9996
57,15,0,[NULL],9996
58,14,2,0,3
58,14,1,3,9998
58,14,0,1,9998
59,13,0,0,4
60,12,2,1,2
60,12,0,"0,1",6
60,12,1,[NULL],9000
61,11,1,2,3
61,11,2,3,9998
61,11,0,1,9998
62,10,"1,2",[NULL],9000
62,10,3,1,9996
62,10,2,[NULL],9996
62,10,0,[NULL],9996
63,9,0,[NULL],9000
63,9,1,1,9997
64,8,0,1,2
65,7,"0,1",2,2
65,7,1,[NULL],9997
66,6,2,1,2
66,6,0,0,2
66,6,1,[NULL],9000
66,6,3,[NULL],9000
67,5,"2,3",[NULL],9992
67,5,1,1,9998
67,5,3,3,9998
67,5,0,0,9998
68,4,0,[NULL],9000
68,4,1,[NULL],9000
68,4,2,"0,2",9996
69,3,1,[NULL],9000
69,3,2,[NULL],9000
69,3,0,1,9997
70,2,0,1,9997
0,73,0,[NULL],9000
4,69,0,[NULL],9000
4,69,1,[NULL],9000
8,65,0,[NULL],9000
49,24,0,[NULL],9000
51,22,1,[NULL],9000
51,22,2,[NULL],9000
51,22,0,[NULL],9000
53,20,0,1,9998
54,19,0,0,2
54,19,1,[NULL],9997
55,18,0,2,4
55,18,1,0,9998
56,17,0,[NULL],9997
57,16,3,1,2
57,16,1,0,2
57,16,2,0,9996
57,16,0,0,9998
58,15,"2,3",1,4
58,15,0,"0,1",9997
58,15,3,[NULL],9997
58,15,1,0,9998
59,14,1,1,5
59,14,0,[NULL],9000
60,13,3,2,2
60,13,1,0,2
60,13,2,2,9996
60,13,0,0,9997
61,12,1,1,9996
61,12,0,0,9996
62,11,1,0,3
62,11,0,[NULL],9997
63,10,0,[NULL],9000
63,10,1,2,9997
64,9,1,[NULL],9000
64,9,2,1,9998
64,9,0,[NULL],9998
65,8,1,3,3
65,8,0,1,3
66,7,1,1,2
66,7,3,3,2
66,7,0,0,2
66,7,2,"0,2",9994
67,6,4,[NULL],9000
67,6,2,[NULL],9000
67,6,1,1,9994
67,6,3,4,9998
67,6,0,1,9998
68,5,0,[NULL],9000
69,4,0,[NULL],9000
69,4,1,[NULL],9000
70,3,1,1,9997
70,3,0,0,9998
0,74,0,[NULL],9000
4,70,0,[NULL],9000
4,70,1,[NULL],9000
8,66,0,[NULL],9000
49,25,0,[NULL],9000
51,23,1,[NULL],9000
51,23,2,[NULL],9000
51,23,0,[NULL],9000
52,22,1,0,2
52,22,0,0,3
54,20,0,1,2
55,19,0,1,9998
56,18,0,"0,2",2
57,17,0,1,2
58,16,0,0,9998
60,14,0,[NULL],9998
61,13,0,[NULL],9998
62,12,1,1,3
62,12,0,[NULL],9998
63,11,1,2,2
63,11,2,3,9997
63,11,0,[NULL],9998
64,10,2,[NULL],9000
64,10,1,[NULL],9995
64,10,0,[NULL],9995
65,9,0,3,9998
65,9,2,"2,3",9998
65,9,1,"0,2,3",9998
66,8,4,3,2
66,8,1,0,2
66,8,3,[NULL],9000
66,8,2,3,9997
66,8,0,[NULL],9997
67,7,2,[NULL],9000
67,7,3,[NULL],9995
67,7,"0,4",5,9997
67,7,4,1,9998
67,7,1,0,9998
68,6,1,0,3
68,6,0,5,9997
69,5,0,0,2
69,5,1,0,3
70,4,0,[NULL],9000
70,4,2,[NULL],9000
70,4,1,[NULL],9994
71,3,0,[NULL],9998
0,75,0,[NULL],9000
4,71,0,[NULL],9000
4,71,1,[NULL],9000
8,67,0,[NULL],9000
51,24,0,[NULL],9000
51,24,1,[NULL],9000
52,23,0,[NULL],9000
52,23,1,[NULL],9000
53,22,0,1,4
54,21,1,0,2
54,21,0,0,9998
55,20,1,0,9996
55,20,0,[NULL],9996
56,19,0,3,4
57,18,0,0,2
57,18,1,0,3
58,17,0,0,9996
58,17,1,1,9998
59,16,0,0,3
60,15,0,0,5
61,14,1,3,4
61,14,0,[NULL],9000
62,13,2,1,3
62,13,1,1,9996
62,13,0,1,9998
63,12,2,3,9997
63,12,1,2,9997
63,12,0,[NULL],9997
64,11,3,0,2
64,11,2,"0,2",2
64,11,0,"1,2",2
64,11,1,[NULL],9000
65,10,3,[NULL],9000
65,10,1,[NULL],9996
65,10,2,4,9998
65,10,0,"2,4",9998
66,9,1,4,2
66,9,0,"0,1,4",2
67,8,"0,2",2,4
67,8,2,1,9997
67,8,1,6,9998
68,7,1,[NULL],9000
68,7,0,0,9998
69,6,1,1,3
69,6,0,5,9998
70,5,2,[NULL],9000
70,5,0,[NULL],9998
70,5,1,[NULL],9998
71,4,0,[NULL],9000
0,76,0,[NULL],9000
4,72,0,[NULL],9000
4,72,1,[NULL],9000
8,68,0,[NULL],9000
50,26,0,[NULL],9000
51,25,0,[NULL],9000
53,23,0,0,2
55,21,1,[NULL],9995
55,21,0,[NULL],9997
56,20,0,2,4
57,19,1,1,2
57,19,0,[NULL],9997
58,18,0,0,9996
59,17,2,2,4
59,17,"0,1",0,9997
59,17,1,[NULL],9997
60,16,1,1,4
60,16,0,0,4
61,15,1,0,2
61,15,"0,2",0,9997
61,15,2,1,9997
62,14,3,2,3
62,14,2,"1,2",9996
62,14,0,0,9996
62,14,1,1,9998
63,13,1,[NULL],9000
63,13,2,2,9997
63,13,0,1,9997
64,12,4,2,2
64,12,2,"0,2",2
64,12,3,[NULL],9000
64,12,0,[NULL],9000
64,12,1,[NULL],9000
65,11,3,2,3
65,11,5,[NULL],9000
65,11,1,[NULL],9000
65,11,0,1,9998
65,11,4,3,9998
65,11,2,2,9998
66,10,6,"0,1,2",2
66,10,5,"0,4",3
66,10,"0,1,4",[NULL],9000
66,10,"2,3",[NULL],9000
66,10,4,1,9996
66,10,3,1,9997
66,10,1,3,9998
67,9,0,0,2
67,9,5,0,3
67,9,2,[NULL],9000
67,9,3,[NULL],9000
67,9,6,3,9997
67,9,4,2,9997
67,9,1,2,9998
68,8,5,0,2
68,8,3,[NULL],9000
68,8,"0,2",[NULL],9000
68,8,1,[NULL],9000
68,8,2,3,9994
68,8,4,2,9998
69,7,3,[NULL],2
69,7,0,[NULL],9000
69,7,2,2,9998
69,7,1,1,9998
70,6,1,[NULL],9000
70,6,2,[NULL],9000
70,6,0,[NULL],9000
71,5,"2,3",[NULL],9992
71,5,1,1,9998
71,5,3,3,9998
71,5,0,"0,3",9998
72,4,1,2,9997
72,4,0,[NULL],9998
73,3,0,1,9997
73,3,1,[NULL],9998
74,2,0,"0,1,2",9997
74,2,1,2,9997
0,77,0,[NULL],9000
4,73,0,[NULL],9000
4,73,1,[NULL],9000
8,69,0,[NULL],9000
51,26,0,[NULL],9000
53,24,0,[NULL],9000
53,24,1,[NULL],9000
55,22,0,[NULL],9000
61,16,1,1,2
61,16,0,[NULL],9998
62,15,3,2,3
62,15,2,1,3
62,15,1,0,9998
62,15,0,[NULL],9998
63,14,1,3,9997
63,14,0,[NULL],9998
64,13,1,0,2
64,13,3,4,2
64,13,2,2,2
64,13,0,[NULL],9998
65,12,3,1,2
65,12,2,1,9998
65,12,1,0,9998
65,12,0,[NULL],9998
66,11,2,1,2
66,11,1,2,3
66,11,0,[NULL],9000
67,10,2,4,2
67,10,1,3,9997
67,10,0,4,9998
68,9,2,2,2
68,9,1,1,2
68,9,0,[NULL],9995
68,9,3,6,9998
69,8,3,[NULL],9000
69,8,"0,1",[NULL],9995
69,8,1,1,9998
69,8,2,3,9998
70,7,1,1,2
70,7,3,3,2
70,7,0,"0,3",2
70,7,2,1,9998
71,6,4,[NULL],9000
71,6,2,[NULL],9000
71,6,"0,3",[NULL],9000
71,6,3,[NULL],9997
71,6,1,0,9998
72,5,2,[NULL],9000
72,5,0,"0,2,4",9996
72,5,1,4,9996
73,4,1,[NULL],9000
73,4,2,[NULL],9000
73,4,0,[NULL],9000
74,3,1,"0,3",9997
74,3,2,3,9997
74,3,0,1,9998
0,78,0,[NULL],9000
4,74,0,[NULL],9000
4,74,1,[NULL],9000
8,70,0,[NULL],9000
51,27,0,[NULL],9000
53,25,0,[NULL],9000
53,25,1,[NULL],9000
54,24,0,1,4
55,23,0,[NULL],9000
55,23,1,0,9998
56,22,1,1,9997
56,22,0,[NULL],9997
57,21,0,0,4
58,20,0,"0,1",3
59,19,0,0,9996
60,18,0,"0,2",3
60,18,1,2,3
60,18,2,0,9996
61,17,0,1,2
61,17,1,1,4
62,16,2,2,3
62,16,1,0,3
62,16,0,1,9998
63,15,0,0,9996
63,15,1,0,9997
64,14,1,2,2
64,14,0,1,2
64,14,3,[NULL],9000
64,14,2,2,9998
65,13,1,3,3
65,13,"0,2",2,6
65,13,3,[NULL],9000
65,13,2,2,9998
66,12,4,0,2
66,12,3,6,3
66,12,2,4,3
66,12,1,1,6
66,12,0,[NULL],9000
67,11,6,3,2
67,11,5,[NULL],9000
67,11,3,2,9995
67,11,2,4,9996
67,11,1,[NULL],9996
67,11,4,2,9997
67,11,0,1,9997
68,10,1,0,2
68,10,3,2,2
68,10,2,[NULL],9000
68,10,0,[NULL],9000
69,9,1,2,2
69,9,0,[NULL],9000
70,8,0,1,2
71,7,2,1,3
71,7,0,[NULL],9000
71,7,1,0,9998
72,6,1,0,3
72,6,2,[NULL],9000
72,6,0,[NULL],9000
73,5,1,0,2
73,5,"0,2",0,3
73,5,2,1,3
74,4,"3,4",3,9995
74,4,1,"1,3",9997
74,4,4,2,9997
74,4,0,1,9997
74,4,2,[NULL],9997
75,3,0,[NULL],9000
75,3,1,[NULL],9000
0,79,0,[NULL],9000
4,75,0,[NULL],9000
4,75,1,[NULL],9000
8,71,0,[NULL],9000
54,25,0,1,2
55,24,1,[NULL],9000
55,24,0,[NULL],9000
56,23,0,[NULL],9998
57,22,0,0,4
58,21,0,0,9998
59,20,0,0,9996
60,19,0,[NULL],9997
61,18,1,0,2
61,18,2,2,4
61,18,0,0,4
62,17,3,1,3
62,17,"1,2",[NULL],9997
62,17,2,1,9998
62,17,0,"0,1",9998
63,16,2,2,2
63,16,1,1,9996
63,16,"0,3",0,9996
63,16,3,1,9997
64,15,2,2,2
64,15,1,[NULL],9000
64,15,0,0,9997
65,14,1,4,4
65,14,0,[NULL],9000
65,14,2,1,9998
66,13,3,1,3
66,13,1,[NULL],9000
66,13,2,1,9996
66,13,0,0,9997
67,12,0,2,9997
67,12,2,3,9997
67,12,1,1,9997
68,11,0,[NULL],9997
69,10,0,[NULL],9000
69,10,1,[NULL],9000
70,9,0,1,2
70,9,1,[NULL],9000
71,8,2,"1,4",9996
71,8,"0,1",[NULL],9996
71,8,1,3,9998
72,7,3,[NULL],9000
72,7,"1,2",[NULL],9000
72,7,2,[NULL],9996
72,7,0,2,9998
73,6,"0,3",1,3
73,6,3,2,3
73,6,2,5,9998
73,6,1,3,9998
74,5,1,[NULL],9000
74,5,2,[NULL],9000
74,5,3,[NULL],9000
74,5,0,3,9997
75,4,"0,1",[NULL],9000
75,4,1,[NULL],9000
0,80,0,[NULL],9000
4,76,0,[NULL],9000
4,76,1,[NULL],9000
8,72,0,[NULL],9000
54,26,0,[NULL],9000
54,26,1,[NULL],9000
55,25,1,1,3
55,25,2,[NULL],9000
55,25,0,[NULL],9000
57,23,0,0,2
61,19,1,2,2
61,19,0,"0,2",2
62,18,0,1,3
63,17,1,0,9996
63,17,0,[NULL],9998
64,16,1,2,2
64,16,0,[NULL],9998
65,15,1,1,9998
65,15,0,[NULL],9998
66,14,2,4,3
66,14,1,0,3
66,14,0,[NULL],9998
67,13,2,3,9997
67,13,1,1,9997
67,13,0,[NULL],9998
68,12,0,2,9998
68,12,1,[NULL],9998
69,11,2,[NULL],9000
69,11,1,[NULL],9000
69,11,0,[NULL],9994
70,10,3,0,2
70,10,2,[NULL],9995
70,10,1,[NULL],9995
70,10,0,2,9998
71,9,2,0,2
71,9,"0,4",0,4
71,9,4,1,4
71,9,5,4,9997
71,9,1,[NULL],9997
71,9,3,3,9998
72,8,5,2,2
72,8,3,1,2
72,8,6,[NULL],9000
72,8,"1,2",[NULL],9994
72,8,2,[NULL],9997
72,8,0,"0,2",9998
72,8,4,2,9998
73,7,"1,3",1,3
73,7,2,4,3
73,7,3,"0,1",3
73,7,4,[NULL],9000
73,7,0,[NULL],9997
74,6,1,4,9997
74,6,0,[NULL],9997
75,5,1,[NULL],9993
75,5,0,0,9995
76,4,0,[NULL],9000
78,2,0,[NULL],9996
0,81,0,[NULL],9000
4,77,0,[NULL],9000
4,77,1,[NULL],9000
8,73,0,[NULL],9000
55,26,0,[NULL],9000
55,26,2,[NULL],9000
55,26,1,[NULL],9000
57,24,1,[NULL],9997
57,24,0,[NULL],9997
58,23,0,0,4
59,22,0,2,4
60,21,0,1,9996
61,20,0,0,9996
62,19,1,3,3
62,19,0,0,4
63,18,0,0,3
63,18,1,"0,1",9996
64,17,1,1,2
64,17,0,0,9996
65,16,0,0,3
66,15,2,0,3
66,15,3,2,3
66,15,1,1,3
66,15,4,2,4
66,15,0,[NULL],8
67,14,2,0,2
67,14,3,"1,2",6
67,14,1,2,9997
67,14,0,1,9997
68,13,1,2,9997
68,13,0,[NULL],9997
69,12,2,0,2
69,12,1,0,9996
69,12,0,1,9998
70,11,3,3,2
70,11,2,[NULL],9000
70,11,0,[NULL],9000
70,11,1,[NULL],9992
71,10,"0,2",0,2
71,10,2,4,2
71,10,1,5,9998
72,9,0,"1,5",9998
72,9,1,5,9998
73,8,3,0,3
73,8,2,[NULL],9996
73,8,0,5,9998
73,8,1,[NULL],9998
74,7,3,[NULL],9000
74,7,2,[NULL],9000
74,7,4,[NULL],9000
74,7,1,[NULL],9000
74,7,0,[NULL],9996
75,6,2,[NULL],9000
75,6,4,[NULL],9000
75,6,1,[NULL],9997
75,6,3,1,9998
75,6,0,"0,1",9998
76,5,0,[NULL],9000
76,5,1,[NULL],9000
76,5,2,1,9997
77,4,0,[NULL],9997
78,3,0,"0,1,3,5,7",9996
0,82,0,[NULL],9000
4,78,0,[NULL],9000
4,78,1,[NULL],9000
8,74,0,[NULL],9000
55,27,0,[NULL],9000
55,27,2,[NULL],9000
55,27,1,[NULL],9000
58,24,0,0,4
59,23,0,0,9998
60,22,0,2,9997
61,21,0,[NULL],9997
62,20,1,1,4
62,20,0,"0,3",4
63,19,1,1,9996
63,19,0,[NULL],9997
64,18,2,0,9996
64,18,0,"0,1",9997
64,18,1,[NULL],9997
65,17,1,2,4
65,17,0,0,9997
66,16,3,2,3
66,16,1,1,3
66,16,2,3,5
66,16,0,[NULL],9000
67,15,2,"2,3",9996
67,15,3,1,9997
67,15,1,0,9997
67,15,0,2,9997
68,14,1,0,2
68,14,3,2,9996
68,14,0,0,9996
68,14,2,3,9998
69,13,3,[NULL],9000
69,13,"0,4",[NULL],9000
69,13,4,2,9997
69,13,"1,2",[NULL],9997
69,13,2,1,9998
70,12,5,1,2
70,12,4,5,3
70,12,1,2,4
70,12,3,[NULL],9000
70,12,2,[NULL],9000
70,12,0,[NULL],9988
71,11,"1,5",0,2
71,11,5,1,2
71,11,4,[NULL],9000
71,11,6,[NULL],9000
71,11,3,[NULL],9997
71,11,0,[NULL],9997
71,11,2,[NULL],9997
72,10,5,"0,2",2
72,10,2,[NULL],9996
72,10,3,3,9997
72,10,"1,4","1,2",9998
72,10,4,2,9998
72,10,0,[NULL],9998
73,9,4,1,3
73,9,3,"3,4",5
73,9,"1,2",[NULL],9000
73,9,2,0,9994
73,9,0,[NULL],9996
74,8,1,3,2
74,8,0,"0,3,4",2
74,8,3,[NULL],9000
74,8,2,[NULL],9000
75,7,2,[NULL],9000
75,7,"1,3",[NULL],9000
75,7,3,[NULL],9995
75,7,0,2,9998
76,6,2,[NULL],9000
76,6,1,[NULL],9000
76,6,3,[NULL],9997
76,6,0,[NULL],9998
77,5,1,[NULL],9000
77,5,0,[NULL],9996
78,4,2,"1,4",9996
78,4,1,2,9998
78,4,0,[NULL],9998
79,3,1,[NULL],9000
79,3,0,[NULL],9997
0,83,0,[NULL],9000
4,79,0,[NULL],9000
4,79,1,[NULL],9000
8,75,0,[NULL],9000
55,28,0,[NULL],9000
56,27,0,[NULL],9000
58,25,0,0,2
59,24,0,[NULL],9000
62,21,0,1,4
63,20,0,0,9996
65,18,0,[NULL],9998
66,17,2,1,3
66,17,1,0,3
66,17,0,[NULL],9998
67,16,3,2,2
67,16,2,1,3
67,16,4,3,9997
67,16,1,1,9997
67,16,0,[NULL],9998
68,15,1,2,2
68,15,0,[NULL],9998
69,14,1,1,9998
69,14,0,[NULL],9998
70,13,0,[NULL],9981
70,13,1,[NULL],9998
71,12,"1,2","1,4",2
71,12,2,4,2
71,12,3,[NULL],9000
71,12,0,2,9997
72,11,1,2,9997
72,11,0,2,9998
73,10,0,[NULL],9997
74,9,2,0,2
74,9,1,[NULL],9000
74,9,0,0,9995
75,8,1,2,3
75,8,0,[NULL],9998
76,7,1,[NULL],9000
76,7,0,1,9998
77,6,2,1,2
77,6,1,[NULL],9000
77,6,0,[NULL],9995
78,5,2,"2,3",9996
78,5,0,[NULL],9996
78,5,1,1,9997
79,4,0,[NULL],9998
0,84,0,[NULL],9000
4,80,0,[NULL],9000
4,80,1,[NULL],9000
8,76,0,[NULL],9000
58,26,0,[NULL],9998
59,25,2,0,3
59,25,1,0,4
59,25,"0,3",[NULL],9000
59,25,3,[NULL],9000
60,24,0,0,4
61,23,0,0,9997
62,22,"0,1",1,4
62,22,1,0,9996
63,21,"0,1",0,3
63,21,1,0,4
63,21,2,1,9996
64,20,0,0,3
65,19,1,0,9996
65,19,0,[NULL],9996
66,18,1,3,3
66,18,0,1,3
66,18,2,0,3
67,17,2,[NULL],4
67,17,1,[NULL],9996
67,17,0,1,9997
68,16,1,1,2
68,16,2,0,3
68,16,0,1,4
69,15,2,0,9996
69,15,1,3,9998
69,15,0,1,9998
70,14,"0,2,3",[NULL],9000
70,14,1,[NULL],9000
70,14,3,[NULL],9000
70,14,2,0,9996
71,13,2,0,2
71,13,3,3,3
71,13,1,[NULL],9000
71,13,0,1,9997
72,12,0,[NULL],9000
72,12,2,2,9995
72,12,1,4,9998
73,11,1,[NULL],9000
73,11,0,[NULL],9998
74,10,0,0,5
75,9,1,0,2
75,9,0,[NULL],9000
76,8,4,[NULL],9000
76,8,"2,3",[NULL],9000
76,8,0,[NULL],9000
76,8,3,1,9998
76,8,1,"0,1",9998
77,7,"0,1,3,5,7",0,4
77,7,2,[NULL],9000
77,7,4,[NULL],9000
77,7,"1,3,5,7",[NULL],9000
77,7,"5,6,7",[NULL],9000
77,7,7,[NULL],9000
77,7,6,[NULL],9000
77,7,3,[NULL],9994
78,6,4,[NULL],9000
78,6,2,[NULL],9000
78,6,"0,3",[NULL],9000
78,6,5,0,9996
78,6,1,2,9997
78,6,3,"3,4",9998
79,5,2,2,9996
79,5,1,[NULL],9996
79,5,3,[NULL],9997
79,5,0,[NULL],9997
80,4,2,[NULL],9000
80,4,1,[NULL],9996
80,4,0,[NULL],9996
81,3,1,[NULL],9000
81,3,0,1,9997
82,2,0,1,9998
0,85,0,[NULL],9000
4,81,0,[NULL],9000
4,81,1,[NULL],9000
8,77,0,[NULL],9000
57,28,0,[NULL],9000
59,26,1,[NULL],9000
59,26,2,[NULL],9000
59,26,0,[NULL],9000
61,24,0,1,9998
62,23,1,1,4
62,23,0,[NULL],9997
63,22,0,2,4
63,22,1,[NULL],9992
64,21,0,[NULL],9997
65,20,1,0,9996
65,20,0,0,9998
66,19,3,4,3
66,19,1,1,3
66,19,2,2,4
66,19,0,0,9997
67,18,2,3,4
67,18,0,"0,1",4
67,18,3,"0,1",9996
67,18,1,"1,2",9997
68,17,3,1,2
68,17,1,0,2
68,17,2,3,9996
68,17,0,2,9997
69,16,1,1,9996
69,16,0,0,9996
70,15,2,0,3
70,15,3,[NULL],9000
70,15,1,1,9997
70,15,0,[NULL],9997
71,14,4,1,2
71,14,2,1,3
71,14,3,[NULL],6
71,14,0,[NULL],9000
71,14,1,0,9997
72,13,2,[NULL],9000
72,13,"0,1",[NULL],9997
72,13,1,2,9998
73,12,0,[NULL],9996
74,11,0,[NULL],9996
74,11,1,[NULL],9997
75,10,1,3,2
75,10,0,"1,3",2
76,9,1,[NULL],9000
76,9,0,"0,3",9996
77,8,"3,4",3,2
77,8,1,1,3
77,8,4,2,4
77,8,2,[NULL],9996
77,8,0,2,9998
78,7,3,[NULL],9000
78,7,0,[NULL],9000
78,7,2,[NULL],9991
78,7,4,2,9996
78,7,1,[NULL],9996
79,6,2,[NULL],9000
79,6,0,[NULL],9991
79,6,1,[NULL],9993
80,5,3,[NULL],9000
80,5,1,2,9997
80,5,2,[NULL],9997
80,5,0,[NULL],9997
81,4,1,0,2
81,4,0,[NULL],9000
82,3,0,2,9997
0,86,0,[NULL],9000
4,82,0,[NULL],9000
4,82,1,[NULL],9000
8,78,0,[NULL],9000
57,29,0,[NULL],9000
59,27,1,[NULL],9000
59,27,2,[NULL],9000
59,27,0,[NULL],9000
60,26,1,0,2
60,26,0,0,3
62,24,0,0,4
63,23,0,[NULL],9000
64,22,0,"0,1",2
66,20,1,0,3
66,20,0,[NULL],9998
67,19,1,1,9996
67,19,0,"0,1",9996
68,18,0,[NULL],9998
69,17,0,[NULL],9998
70,16,1,0,3
70,16,0,[NULL],9998
71,15,2,1,2
71,15,1,1,9997
71,15,0,[NULL],9998
72,14,0,[NULL],9998
73,13,2,2,9997
73,13,0,1,9998
73,13,1,[NULL],9998
74,12,0,[NULL],9000
74,12,1,[NULL],9991
74,12,2,[NULL],9991
75,11,1,[NULL],9000
75,11,0,[NULL],9994
76,10,2,0,2
76,10,1,3,9997
76,10,0,"1,2",9998
77,9,2,1,3
77,9,3,2,4
77,9,1,[NULL],9000
77,9,0,[NULL],9997
78,8,1,[NULL],9000
78,8,3,[NULL],9000
78,8,4,[NULL],9000
78,8,5,[NULL],9000
78,8,2,[NULL],9000
78,8,0,[NULL],9997
79,7,0,0,9997
79,7,1,2,9997
80,6,1,0,3
80,6,0,3,9998
81,5,0,[NULL],9000
81,5,1,[NULL],9000
82,4,1,[NULL],9000
82,4,0,[NULL],9996
83,3,1,[NULL],9000
83,3,0,[NULL],9990
0,87,0,[NULL],9000
4,83,0,[NULL],9000
4,83,1,[NULL],9000
8,79,0,[NULL],9000
59,28,0,[NULL],9000
59,28,1,[NULL],9000
60,27,"0,1",[NULL],9000
60,27,1,[NULL],9000
61,26,0,1,4
62,25,1,2,4
62,25,0,0,9998
63,24,1,[NULL],9000
63,24,0,0,9996
64,23,0,1,4
65,22,0,0,3
66,21,"1,2",1,3
66,21,2,0,9996
66,21,0,[NULL],9996
67,20,2,0,3
67,20,1,1,9996
67,20,0,0,9996
68,19,0,2,4
69,18,1,1,3
69,18,0,2,4
70,17,0,1,3
70,17,2,0,9996
70,17,1,2,9998
71,16,3,[NULL],9000
71,16,1,1,9997
71,16,2,2,9997
71,16,0,[NULL],9997
72,15,1,0,2
72,15,0,2,6
73,14,0,0,5
74,13,0,0,9996
75,12,"1,2",0,2
75,12,0,[NULL],9000
75,12,3,[NULL],9000
75,12,2,0,9996
76,11,0,[NULL],9000
76,11,1,2,9998
77,10,0,5,4
78,9,2,2,4
78,9,4,[NULL],9000
78,9,3,[NULL],9000
78,9,0,[NULL],9000
78,9,1,[NULL],9997
79,8,3,0,2
79,8,2,1,3
79,8,4,[NULL],9000
79,8,1,[NULL],9000
79,8,0,[NULL],9000
80,7,"1,2",[NULL],9000
80,7,2,4,9998
80,7,0,2,9998
81,6,2,0,3
81,6,3,[NULL],9000
81,6,1,[NULL],9000
81,6,0,[NULL],9990
82,5,0,"0,3,4",9996
82,5,1,3,9996
0,88,0,[NULL],9000
4,84,0,[NULL],9000
4,84,1,[NULL],9000
8,80,0,[NULL],9000
58,30,0,[NULL],9000
59,29,0,[NULL],9000
61,27,0,0,2
63,25,1,[NULL],9000
63,25,0,[NULL],9997
64,24,0,1,4
65,23,0,[NULL],9997
66,22,"0,1",3,4
66,22,1,0,9996
67,21,3,2,4
67,21,4,2,9996
67,21,2,1,9996
67,21,"0,1",2,9997
67,21,1,[NULL],9997
68,20,1,1,4
68,20,0,0,4
69,19,2,1,2
69,19,"0,1",0,9997
69,19,1,1,9997
70,18,1,1,3
70,18,2,"1,2",9996
70,18,0,0,9996
70,18,3,1,9998
71,17,2,2,5
71,17,1,0,9997
71,17,0,1,9997
72,16,2,2,3
72,16,0,[NULL],9000
72,16,1,[NULL],9000
73,15,2,1,9996
73,15,1,1,9997
73,15,0,1,9998
74,14,"2,4",[NULL],9000
74,14,4,2,9996
74,14,0,0,9996
74,14,3,[NULL],9996
74,14,1,1,9997
75,13,2,1,2
75,13,3,1,3
75,13,0,0,4
75,13,1,[NULL],9997
76,12,2,[NULL],9000
76,12,0,[NULL],9000
76,12,1,2,9998
77,11,2,4,4
77,11,0,[NULL],9994
77,11,1,0,9997
78,10,0,0,3
78,10,2,1,3
78,10,4,[NULL],9000
78,10,1,[NULL],9994
78,10,3,1,9998
79,9,4,2,2
79,9,2,0,2
79,9,0,[NULL],9996
79,9,"1,3","0,1",9998
79,9,3,1,9998
80,8,3,[NULL],9000
80,8,2,[NULL],9000
80,8,0,[NULL],9997
80,8,1,"0,1,2",9998
81,7,"5,6,7",[NULL],9000
81,7,7,[NULL],9000
81,7,"0,1,3,4",[NULL],9000
81,7,4,0,9997
81,7,6,[NULL],9997
81,7,2,[NULL],9997
81,7,1,1,9998
81,7,3,[NULL],9998
82,6,2,[NULL],9000
82,6,4,[NULL],9000
82,6,6,[NULL],9994
82,6,1,0,9996
82,6,5,1,9996
82,6,3,"3,4",9998
82,6,0,[NULL],9998
83,5,2,[NULL],9000
83,5,1,[NULL],9997
83,5,0,[NULL],9998
84,4,0,[NULL],9000
84,4,2,[NULL],9000
84,4,3,[NULL],9995
84,4,1,[NULL],9997
85,3,0,[NULL],9997
85,3,1,3,9998
0,89,0,[NULL],9000
4,85,0,[NULL],9000
4,85,1,[NULL],9000
8,81,0,[NULL],9000
59,30,0,[NULL],9000
61,28,0,[NULL],9000
61,28,1,[NULL],9000
63,26,0,[NULL],9000
66,23,1,1,4
66,23,0,"0,1",4
67,22,1,1,9996
67,22,0,0,9996
69,20,1,3,2
69,20,0,[NULL],9998
70,19,1,1,3
70,19,2,2,3
70,19,3,1,9998
70,19,0,[NULL],9998
71,18,1,1,9997
71,18,0,[NULL],9998
72,17,1,0,2
72,17,0,[NULL],9998
73,16,0,[NULL],9998
74,15,0,[NULL],9998
75,14,2,1,2
75,14,0,1,9998
75,14,1,[NULL],9998
76,13,1,[NULL],9000
76,13,2,[NULL],9000
76,13,0,2,9998
77,12,1,3,2
77,12,0,[NULL],9000
78,11,"0,1","1,3",2
78,11,1,3,2
78,11,2,2,9998
79,10,"0,1,2",1,2
79,10,2,[NULL],9995
79,10,1,1,9998
80,9,1,"1,2,5",2
80,9,3,[NULL],9000
80,9,2,[NULL],9000
80,9,0,[NULL],9996
81,8,"3,4",3,2
81,8,5,[NULL],9000
81,8,4,[NULL],9000
81,8,1,[NULL],9000
81,8,0,[NULL],9000
81,8,2,1,9998
82,7,5,[NULL],9000
82,7,2,1,9996
82,7,4,3,9996
82,7,0,[NULL],9996
82,7,3,4,9998
82,7,1,2,9998
83,6,0,[NULL],9996
84,5,3,1,2
84,5,2,[NULL],9995
84,5,1,1,9998
84,5,0,2,9998
85,4,1,[NULL],9990
85,4,0,[NULL],9995
85,4,2,2,9998
0,90,0,[NULL],9000
4,86,0,[NULL],9000
4,86,1,[NULL],9000
8,82,0,[NULL],9000
59,31,0,[NULL],9000
61,29,0,[NULL],9000
61,29,1,[NULL],9000
62,28,0,0,4
63,27,1,[NULL],9000
63,27,0,0,9998
64,26,1,1,9997
64,26,0,[NULL],9997
65,25,0,2,4
66,24,2,"0,1",3
66,24,1,1,4
66,24,0,0,4
67,23,1,0,9995
67,23,2,"0,2",9996
67,23,0,0,9996
68,22,0,"0,1",3
68,22,1,1,3
68,22,2,0,9996
69,21,1,3,2
69,21,0,2,4
70,20,0,1,3
70,20,1,0,3
70,20,2,2,9998
71,19,1,0,9996
71,19,0,0,9997
72,18,1,1,3
72,18,0,3,9998
73,17,1,1,3
73,17,0,0,4
74,16,1,0,2
74,16,0,2,4
75,15,2,0,2
75,15,"1,3",[NULL],9000
75,15,3,4,9996
75,15,0,[NULL],9996
76,14,0,1,3
76,14,1,0,9996
77,13,2,2,2
77,13,1,[NULL],9000
77,13,0,2,9998
78,12,1,1,2
78,12,2,1,9998
78,12,0,[NULL],9998
79,11,1,[NULL],9000
79,11,0,1,9998
80,10,1,2,2
80,10,0,4,3
80,10,2,[NULL],9000
81,9,4,3,2
81,9,2,1,2
81,9,"0,3",0,4
81,9,3,1,4
81,9,1,[NULL],9995
82,8,5,[NULL],9000
82,8,2,[NULL],9000
82,8,4,[NULL],9000
82,8,6,[NULL],9000
82,8,3,[NULL],9000
82,8,1,1,9996
82,8,0,[NULL],9996
83,7,1,1,2
83,7,2,0,2
83,7,0,[NULL],9000
84,6,2,2,2
84,6,1,[NULL],9000
84,6,0,[NULL],9995
85,5,0,[NULL],9000
85,5,2,[NULL],9000
85,5,1,[NULL],9991
85,5,3,2,9998
86,4,0,[NULL],9000
86,4,1,[NULL],9990
87,3,0,[NULL],9998
0,91,0,[NULL],9000
4,87,0,[NULL],9000
4,87,1,[NULL],9000
8,83,0,[NULL],9000
62,29,0,0,2
63,28,1,[NULL],9000
63,28,0,[NULL],9000
64,27,0,[NULL],9998
65,26,0,0,4
66,25,2,4,4
66,25,1,2,4
66,25,0,0,9998
67,24,2,0,9995
67,24,0,1,9996
67,24,1,1,9997
68,23,0,[NULL],9997
69,22,2,2,2
69,22,1,2,4
69,22,0,0,4
70,21,1,1,3
70,21,"2,3",[NULL],9997
70,21,3,1,9998
70,21,0,"0,1",9998
71,20,3,0,2
71,20,2,1,9996
71,20,"0,1",[NULL],9996
71,20,1,1,9997
72,19,1,2,4
72,19,0,1,9997
73,18,2,4,4
73,18,0,0,4
73,18,1,[NULL],4
74,17,2,2,9996
74,17,0,1,9997
74,17,1,1,9998
75,16,2,2,9996
75,16,0,0,9996
75,16,1,2,9997
76,15,2,0,2
76,15,0,[NULL],9000
76,15,1,[NULL],9997
77,14,1,2,2
77,14,0,[NULL],9000
78,13,1,0,2
78,13,2,[NULL],9000
78,13,0,[NULL],9997
79,12,1,[NULL],9996
79,12,0,[NULL],9997
80,11,0,[NULL],9997
81,10,0,1,4
81,10,1,5,4
81,10,2,[NULL],9000
82,9,3,[NULL],9000
82,9,2,[NULL],9000
82,9,4,[NULL],9000
82,9,1,0,9996
82,9,0,[NULL],9997
83,8,4,[NULL],9000
83,8,3,[NULL],9000
83,8,0,[NULL],9000
83,8,1,[NULL],9994
83,8,2,[NULL],9997
84,7,2,3,2
84,7,1,[NULL],9000
84,7,0,"1,2",9998
85,6,2,[NULL],9990
85,6,"3,4","2,3",9991
85,6,4,[NULL],9997
85,6,0,[NULL],9997
85,6,1,1,9998
86,5,1,[NULL],9000
86,5,0,[NULL],9996
0,92,0,[NULL],9000
4,88,0,[NULL],9000
4,88,1,[NULL],9000
8,84,0,[NULL],9000
62,30,0,[NULL],9000
62,30,1,[NULL],9000
63,29,1,1,3
63,29,2,[NULL],9000
63,29,0,[NULL],9000
65,27,0,0,2
66,26,1,1,4
66,26,0,0,4
67,25,1,[NULL],9000
67,25,0,1,9996
69,23,1,3,2
69,23,0,"0,2",2
70,22,0,0,3
71,21,1,0,9996
71,21,0,[NULL],9998
72,20,0,[NULL],9998
73,19,1,1,2
73,19,0,[NULL],9998
74,18,1,0,9998
74,18,0,[NULL],9998
75,17,0,[NULL],9998
76,16,1,1,9998
76,16,0,[NULL],9998
77,15,0,"1,2",9998
77,15,1,[NULL],9998
78,14,1,[NULL],9997
78,14,0,2,9998
78,14,2,[NULL],9998
79,13,1,[NULL],9000
79,13,0,[NULL],9994
80,12,1,[NULL],9000
80,12,0,[NULL],9992
81,11,1,2,4
81,11,3,4,4
81,11,4,[NULL],9000
81,11,2,1,9997
81,11,0,0,9997
82,10,3,[NULL],9000
82,10,4,[NULL],9000
82,10,1,[NULL],9997
82,10,2,3,9998
82,10,0,"1,4",9998
83,9,"1,2",0,2
83,9,2,[NULL],9000
83,9,0,[NULL],9998
84,8,1,1,2
84,8,0,[NULL],9998
85,7,2,[NULL],9000
85,7,1,[NULL],9997
85,7,0,0,9998
86,6,1,2,9996
86,6,2,[NULL],9996
86,6,3,3,9997
86,6,0,[NULL],9997
87,5,0,[NULL],9988
88,4,0,[NULL],9000
88,4,2,[NULL],9995
88,4,1,[NULL],9998
89,3,1,2,9998
89,3,0,1,9998
0,93,0,[NULL],9000
4,89,0,[NULL],9000
4,89,1,[NULL],9000
8,85,0,[NULL],9000
63,30,0,[NULL],9000
63,30,2,[NULL],9000
63,30,1,[NULL],9000
65,28,1,[NULL],9997
65,28,0,[NULL],9997
66,27,1,1,3
66,27,"0,2",2,4
66,27,2,"0,2",4
67,26,0,2,4
67,26,1,[NULL],9000
67,26,2,[NULL],9000
68,25,0,1,9996
69,24,0,0,9996
70,23,1,1,3
70,23,0,1,4
71,22,1,0,3
71,22,0,"0,1",9996
72,21,0,1,9996
73,20,0,1,2
73,20,1,0,3
74,19,2,1,3
74,19,4,3,4
74,19,1,[NULL],4
74,19,3,3,9998
74,19,0,1,9998
75,18,1,1,2
75,18,0,1,4
76,17,"1,2",0,2
76,17,2,0,9996
76,17,0,1,9997
77,16,2,0,2
77,16,0,0,9996
77,16,1,3,9998
78,15,0,[NULL],9000
79,14,1,[NULL],9000
79,14,0,2,9998
80,13,1,0,9996
80,13,0,[NULL],9996
81,12,3,2,2
81,12,"1,4",0,2
81,12,4,1,4
81,12,2,[NULL],9000
81,12,0,1,9996
82,11,3,[NULL],9000
82,11,1,[NULL],9995
82,11,2,2,9998
82,11,0,"0,3",9998
83,10,1,[NULL],9000
83,10,0,[NULL],9998
84,9,0,0,2
84,9,1,[NULL],9000
84,9,2,[NULL],9000
85,8,2,[NULL],9000
85,8,0,[NULL],9994
85,8,1,[NULL],9994
86,7,"2,4",[NULL],9000
86,7,4,[NULL],9000
86,7,3,[NULL],9994
86,7,1,2,9996
86,7,0,2,9998
87,6,0,[NULL],9000
88,5,2,1,2
88,5,1,0,2
88,5,0,3,9998
89,4,1,[NULL],9996
89,4,2,3,9998
89,4,0,1,9998
0,94,0,[NULL],9000
4,90,0,[NULL],9000
4,90,1,[NULL],9000
8,86,0,[NULL],9000
63,31,0,[NULL],9000
63,31,2,[NULL],9000
63,31,1,[NULL],9000
66,28,1,0,4
66,28,0,1,5
67,27,0,[NULL],9000
67,27,1,[NULL],9000
68,26,0,2,9997
69,25,0,[NULL],9997
70,24,1,2,4
70,24,0,[NULL],9992
71,23,0,0,9996
71,23,1,[NULL],9997
72,22,2,0,9996
72,22,0,"1,2",9997
72,22,1,[NULL],9997
73,21,3,3,2
73,21,1,0,2
73,21,2,2,4
73,21,0,0,9997
74,20,2,2,4
74,20,0,0,4
74,20,3,2,9998
74,20,1,1,9998
75,19,1,"2,3",9996
75,19,0,2,9997
76,18,3,1,2
76,18,2,1,9996
76,18,0,0,9996
76,18,1,2,9998
77,17,2,[NULL],9000
77,17,0,[NULL],9000
77,17,3,1,9997
77,17,"1,4",[NULL],9997
77,17,4,1,9998
78,16,2,0,2
78,16,1,[NULL],6
78,16,0,[NULL],9000
79,15,3,2,9996
79,15,0,1,9997
79,15,1,[NULL],9997
79,15,2,[NULL],9997
80,14,1,2,3
80,14,0,0,3
80,14,3,"0,2",9996
80,14,2,1,9996
81,13,2,2,2
81,13,"0,3",0,2
81,13,3,1,4
81,13,1,[NULL],9997
82,12,4,[NULL],9000
82,12,1,[NULL],9000
82,12,3,2,9997
82,12,2,1,9998
82,12,0,0,9998
83,11,3,[NULL],9000
83,11,2,[NULL],9000
83,11,1,[NULL],9000
83,11,0,2,9998
84,10,2,[NULL],9000
84,10,3,[NULL],9000
84,10,0,[NULL],9000
84,10,1,[NULL],9993
85,9,2,0,2
85,9,3,3,3
85,9,1,[NULL],9000
85,9,4,[NULL],9000
85,9,0,[NULL],9993
86,8,5,[NULL],9000
86,8,"0,2",[NULL],9000
86,8,"1,2",[NULL],9995
86,8,4,2,9996
86,8,2,5,9997
86,8,3,[NULL],9997
86,8,6,4,9998
87,7,3,0,2
87,7,4,[NULL],9000
87,7,2,[NULL],9000
87,7,1,2,9997
87,7,0,[NULL],9997
88,6,3,2,2
88,6,1,0,2
88,6,2,[NULL],9000
88,6,0,[NULL],9997
89,5,1,[NULL],9000
89,5,4,[NULL],9000
89,5,3,1,9993
89,5,2,[NULL],9995
89,5,5,2,9998
89,5,0,"1,2",9998
90,4,1,[NULL],9993
90,4,0,0,9996
0,95,0,[NULL],9000
4,91,0,[NULL],9000
4,91,1,[NULL],9000
8,87,0,[NULL],9000
63,32,0,[NULL],9000
64,31,0,[NULL],9000
66,29,1,0,4
66,29,0,2,5
67,28,0,[NULL],9000
67,28,1,[NULL],9000
70,25,0,1,4
71,24,0,0,9996
73,22,2,3,2
73,22,1,1,2
73,22,0,[NULL],9998
74,21,2,2,9998
74,21,1,1,9998
74,21,0,[NULL],9998
75,20,2,1,2
75,20,1,0,3
75,20,0,[NULL],9998
76,19,1,1,2
76,19,0,[NULL],9998
77,18,1,2,9998
77,18,0,[NULL],9998
78,17,0,[NULL],9998
79,16,1,"1,2",9998
79,16,0,[NULL],9998
80,15,0,1,9998
80,15,1,[NULL],9998
81,14,1,2,2
81,14,0,0,2
82,13,2,0,2
82,13,1,[NULL],9000
82,13,3,[NULL],9994
82,13,0,3,9998
85,10,4,6,2
85,10,2,1,4
85,10,1,[NULL],9992
85,10,3,[NULL],9994
85,10,0,[NULL],9996
86,9,3,2,9995
86,9,1,0,9996
86,9,2,[NULL],9996
86,9,0,"1,2",9998
87,8,1,[NULL],9996
87,8,0,[NULL],9998
88,7,2,5,2
88,7,1,"0,5",2
88,7,0,[NULL],9000
89,6,"3,4","3,4",9991
89,6,4,2,9998
89,6,1,0,9998
89,6,2,"1,3",9998
89,6,0,"1,2",9998
90,5,1,[NULL],9000
90,5,0,[NULL],9000
0,96,0,[NULL],9000
4,92,0,[NULL],9000
4,92,1,[NULL],9000
8,88,0,[NULL],9000
66,30,0,[NULL],9998
67,29,2,0,3
67,29,1,0,4
67,29,0,[NULL],9000
67,29,3,[NULL],9000
68,28,0,0,4
69,27,0,0,9997
70,26,"0,1",0,4
70,26,1,0,9996
71,25,"1,2",0,3
71,25,2,0,4
71,25,0,1,9996
72,24,0,0,3
73,23,2,2,2
73,23,1,1,2
73,23,3,0,9996
73,23,0,[NULL],9996
74,22,2,0,3
74,22,1,3,9998
74,22,0,1,9998
75,21,0,2,4
76,20,2,1,2
76,20,1,3,3
76,20,0,0,4
77,19,1,0,9996
77,19,2,3,9998
77,19,0,1,9998
78,18,"1,2",1,2
78,18,2,0,3
78,18,0,0,9996
79,17,1,0,2
79,17,0,1,4
80,16,1,0,4
80,16,2,[NULL],9000
80,16,0,2,9998
81,15,3,0,2
81,15,2,3,3
81,15,1,1,9996
81,15,0,"2,3",9998
82,14,1,3,9996
82,14,0,3,9998
83,13,0,[NULL],9000
84,12,0,[NULL],9000
85,11,"1,2","0,1",2
85,11,5,2,3
85,11,2,1,4
85,11,3,[NULL],9000
85,11,4,[NULL],9000
85,11,0,[NULL],9997
86,10,2,1,3
86,10,1,[NULL],9000
86,10,3,5,9995
86,10,0,"2,3",9998
87,9,1,[NULL],9000
87,9,0,[NULL],9000
88,8,2,4,2
88,8,0,1,2
88,8,"1,3",2,2
88,8,3,"0,2,3",2
88,8,4,[NULL],9000
89,7,"0,1",[NULL],9993
89,7,1,3,9998
90,6,1,[NULL],9000
90,6,0,1,9996
91,5,0,[NULL],9991
92,4,1,[NULL],9995
92,4,0,[NULL],9995
93,3,1,1,9996
93,3,0,"0,1",9998
0,97,0,[NULL],9000
4,93,0,[NULL],9000
4,93,1,[NULL],9000
8,89,0,[NULL],9000
65,32,0,[NULL],9000
67,30,1,[NULL],9000
67,30,2,[NULL],9000
67,30,0,[NULL],9000
69,28,0,1,9998
70,27,0,0,4
70,27,1,[NULL],9997
71,26,0,2,4
71,26,1,[NULL],9992
72,25,0,[NULL],9997
73,24,3,1,2
73,24,1,0,2
73,24,2,0,9996
73,24,0,0,9998
74,23,"2,3",1,4
74,23,0,"0,1",9997
74,23,3,[NULL],9997
74,23,1,0,9998
75,22,1,2,4
75,22,0,0,4
76,21,3,2,2
76,21,1,0,2
76,21,2,2,9996
76,21,0,0,9997
77,20,1,1,9996
77,20,0,0,9996
78,19,2,3,4
78,19,1,1,9997
78,19,0,[NULL],9997
79,18,2,0,2
79,18,0,3,4
79,18,1,2,4
80,17,"2,3",0,2
80,17,3,1,9996
80,17,0,2,9997
80,17,1,[NULL],9997
81,16,3,0,2
81,16,1,1,9996
81,16,0,"0,3",9996
81,16,2,1,9998
82,15,0,[NULL],9997
83,14,1,[NULL],9000
83,14,0,[NULL],9000
84,13,1,[NULL],9997
84,13,0,0,9998
85,12,"2,3",0,2
85,12,3,4,4
85,12,1,[NULL],9000
85,12,0,[NULL],9997
86,11,2,[NULL],9000
86,11,4,[NULL],9000
86,11,1,[NULL],9000
86,11,3,2,9994
86,11,0,"0,2",9998
87,10,1,[NULL],9000
87,10,2,[NULL],9000
87,10,0,[NULL],9997
88,9,3,1,2
88,9,1,[NULL],9000
88,9,2,[NULL],9997
88,9,0,[NULL],9997
89,8,0,0,4
89,8,1,[NULL],9000
90,7,1,[NULL],9000
90,7,3,[NULL],9000
90,7,2,[NULL],9000
90,7,0,3,9996
91,6,0,[NULL],9000
91,6,1,[NULL],9000
91,6,2,2,9991
92,5,"0,1",0,2
92,5,1,[NULL],9000
93,4,1,6,9996
93,4,0,"0,2",9998
0,98,0,[NULL],9000
4,94,0,[NULL],9000
4,94,1,[NULL],9000
8,90,0,[NULL],9000
65,33,0,[NULL],9000
67,31,1,[NULL],9000
67,31,2,[NULL],9000
67,31,0,[NULL],9000
68,30,1,0,2
68,30,0,0,3
70,28,0,0,4
71,27,0,[NULL],9000
72,26,0,"0,2",2
73,25,0,1,2
74,24,0,0,9998
76,22,0,[NULL],9998
77,21,0,[NULL],9998
78,20,0,[NULL],9998
79,19,0,[NULL],9998
80,18,1,2,2
80,18,0,[NULL],9998
81,17,3,3,9997
81,17,4,2,9998
81,17,0,"0,3",9998
81,17,2,3,9998
81,17,1,[NULL],9998
82,16,1,2,9998
82,16,0,[NULL],9998
83,15,0,0,2
83,15,2,0,9998
83,15,1,[NULL],9998
84,14,4,[NULL],9000
84,14,2,[NULL],9995
84,14,3,[NULL],9996
84,14,0,"0,2",9997
84,14,1,2,9998
85,13,"0,2",0,2
85,13,2,1,4
85,13,3,[NULL],9000
85,13,1,[NULL],9000
86,12,2,[NULL],9000
86,12,4,[NULL],9000
86,12,6,[NULL],9000
86,12,5,[NULL],9000
86,12,"1,3","0,3",9997
86,12,3,3,9997
86,12,0,0,9998
87,11,2,[NULL],9000
87,11,0,1,9995
87,11,1,[NULL],9995
88,10,1,[NULL],9000
88,10,0,[NULL],9000
89,9,1,[NULL],9000
89,9,0,[NULL],9997
90,8,1,[NULL],9997
90,8,0,[NULL],9997
90,8,2,2,9998
91,7,3,[NULL],9992
91,7,"0,1",[NULL],9993
91,7,1,[NULL],9996
91,7,2,2,9997
92,6,"0,2",0,2
92,6,2,[NULL],9000
92,6,1,[NULL],9997
93,5,3,[NULL],9000
93,5,4,5,9996
93,5,2,[NULL],9997
93,5,1,[NULL],9997
93,5,0,"0,1",9998
94,4,1,[NULL],9000
94,4,0,[NULL],9997
0,99,0,[NULL],9000
4,95,0,[NULL],9000
4,95,1,[NULL],9000
8,91,0,[NULL],9000
67,32,0,[NULL],9000
67,32,1,[NULL],9000
68,31,0,[NULL],9000
68,31,1,[NULL],9000
69,30,0,1,4
70,29,1,0,4
70,29,0,0,9998
71,28,0,[NULL],9000
71,28,1,0,9996
72,27,0,3,4
73,26,0,0,2
73,26,1,0,3
74,25,0,0,9996
74,25,1,1,9998
75,24,0,0,3
76,23,0,1,4
77,22,1,1,3
77,22,0,0,4
78,21,1,1,9996
78,21,0,1,9998
79,20,2,0,3
79,20,1,2,9997
79,20,0,[NULL],9997
80,19,2,4,2
80,19,"0,3",0,2
80,19,3,2,2
80,19,1,1,4
81,18,2,1,2
81,18,3,1,4
81,18,1,4,9998
81,18,0,2,9998
82,17,0,"0,2",2
82,17,1,"0,2",9996
83,16,2,1,2
83,16,1,0,9996
83,16,0,"3,4",9998
84,15,"2,3","3,4",9
84,15,1,[NULL],9000
84,15,0,2,9998
84,15,3,3,9998
85,14,0,0,2
85,14,2,3,5
85,14,1,[NULL],9000
86,13,2,[NULL],9000
86,13,1,[NULL],9996
86,13,0,"4,5",9998
87,12,0,[NULL],9000
89,10,2,2,2
89,10,1,0,4
89,10,0,[NULL],9998
90,9,1,[NULL],9997
90,9,0,0,9998
91,8,0,4,9998
92,7,"0,1",0,2
92,7,1,1,4
93,6,1,[NULL],9000
93,6,0,1,9998
94,5,0,[NULL],9996
0,100,0,[NULL],9000
4,96,0,[NULL],9000
4,96,1,[NULL],9000
8,92,0,[NULL],9000
66,34,0,[NULL],9000
67,33,0,[NULL],9000
69,31,0,0,2
71,29,1,[NULL],9000
71,29,0,[NULL],9997
72,28,0,2,4
73,27,1,1,2
73,27,0,[NULL],9997
74,26,0,0,9996
75,25,2,2,4
75,25,"0,1",0,9997
75,25,1,[NULL],9997
76,24,1,1,4
76,24,0,0,4
77,23,1,0,2
77,23,"0,2",0,9997
77,23,2,1,9997
78,22,2,"1,2",9996
78,22,0,0,9996
78,22,1,1,9998
79,21,1,3,4
79,21,0,1,9997
80,20,4,1,2
80,20,2,0,2
80,20,3,3,3
80,20,1,1,4
80,20,0,0,4
81,19,3,1,9996
81,19,0,3,9997
81,19,4,3,9998
81,19,1,"1,2",9998
81,19,2,2,9998
82,18,"3,4",0,2
82,18,4,1,9996
82,18,0,0,9996
82,18,1,3,9997
82,18,2,1,9997
83,17,2,0,2
83,17,3,3,2
83,17,0,0,3
83,17,1,[NULL],9997
84,16,2,[NULL],9000
84,16,0,[NULL],9000
84,16,"1,3",[NULL],9000
84,16,3,2,9998
85,15,"4,5",0,2
85,15,"0,3","1,3",3
85,15,3,3,3
85,15,5,3,5
85,15,2,"0,2",9996
85,15,1,[NULL],9997
86,14,1,2,9996
86,14,2,3,9998
86,14,0,2,9998
87,13,1,[NULL],9000
87,13,0,2,9997
88,12,1,3,7
88,12,0,[NULL],9000
89,11,0,0,2
89,11,3,0,4
89,11,2,[NULL],9000
89,11,4,[NULL],9996
89,11,1,[NULL],9998
90,10,4,0,2
90,10,2,2,3
90,10,1,[NULL],9000
90,10,"0,3",0,9995
90,10,3,4,9995
91,9,2,[NULL],9000
91,9,1,[NULL],9000
91,9,"0,3",[NULL],9000
91,9,3,5,9998
92,8,1,0,2
92,8,6,1,4
92,8,"3,4",[NULL],9000
92,8,4,[NULL],9000
92,8,2,[NULL],9000
92,8,0,[NULL],9000
92,8,5,1,9997
93,7,"0,2",2,9996
93,7,2,"0,2",9996
93,7,1,3,9998
94,6,1,[NULL],9000
94,6,2,[NULL],9000
94,6,0,[NULL],9996
95,5,1,[NULL],9000
95,5,0,[NULL],9996
96,4,0,[NULL],9995
97,3,1,3,9996
97,3,0,1,9998
0,101,0,[NULL],9000
4,97,0,[NULL],9000
4,97,1,[NULL],9000
8,93,0,[NULL],9000
67,34,0,[NULL],9000
69,32,0,[NULL],9000
69,32,1,[NULL],9000
71,30,0,[NULL],9000
77,24,1,1,2
77,24,0,[NULL],9998
78,23,2,1,3
78,23,1,0,9998
78,23,0,[NULL],9998
79,22,0,[NULL],9998
80,21,3,4,2
80,21,"1,2",1,2
80,21,2,2,2
80,21,0,[NULL],9998
81,20,2,1,9998
81,20,1,0,9998
81,20,0,[NULL],9998
82,19,0,[NULL],9998
83,18,2,3,2
83,18,1,1,9998
83,18,0,[NULL],9998
84,17,2,3,9998
84,17,1,"1,2",9998
84,17,0,[NULL],9998
85,16,3,2,2
85,16,2,0,2
85,16,1,0,9998
85,16,0,[NULL],9998
86,15,0,"0,1",9997
87,14,0,[NULL],9998
88,13,1,[NULL],9000
88,13,0,[NULL],9998
89,12,0,[NULL],9995
90,11,5,3,2
90,11,4,[NULL],9000
90,11,2,[NULL],9000
90,11,"0,3","2,6",9995
90,11,3,4,9995
90,11,1,[NULL],9996
91,10,1,[NULL],9994
91,10,2,[NULL],9995
91,10,0,[NULL],9996
92,9,3,1,2
92,9,5,4,4
92,9,0,[NULL],9000
92,9,4,[NULL],9000
92,9,1,[NULL],9996
92,9,2,2,9998
93,8,0,[NULL],9990
93,8,3,4,9995
93,8,2,1,9997
93,8,1,[NULL],9997
94,7,1,[NULL],9988
94,7,0,[NULL],9997
95,6,1,[NULL],9990
95,6,2,4,9991
95,6,0,3,9996
96,5,1,"0,1",2
96,5,0,[NULL],9000
97,4,1,4,9996
97,4,0,2,9998
0,102,0,[NULL],9000
4,98,0,[NULL],9000
4,98,1,[NULL],9000
8,94,0,[NULL],9000
67,35,0,[NULL],9000
69,33,0,[NULL],9000
69,33,1,[NULL],9000
70,32,0,1,4
71,31,0,[NULL],9000
71,31,1,0,9998
72,30,1,1,9997
72,30,0,[NULL],9997
73,29,0,0,4
74,28,0,"0,1",3
75,27,0,0,9996
76,26,0,"0,2",3
76,26,1,2,3
76,26,2,0,9996
77,25,0,1,2
77,25,1,1,4
78,24,1,0,3
78,24,0,1,9998
79,23,0,0,9996
80,22,1,2,2
80,22,0,1,2
80,22,3,0,3
80,22,2,2,9998
81,21,3,"0,1",3
81,21,1,2,3
81,21,"0,2",1,4
81,21,2,2,9998
82,20,1,1,2
82,20,0,1,4
83,19,3,2,2
83,19,"1,2",1,2
83,19,2,2,9996
83,19,0,[NULL],9996
84,18,0,1,2
84,18,1,0,9996
85,17,2,3,6
85,17,1,[NULL],9000
85,17,0,2,9998
86,16,2,0,3
86,16,1,0,5
86,16,0,1,9998
87,15,2,0,9996
87,15,0,[NULL],9996
87,15,1,1,9998
88,14,3,[NULL],9000
88,14,2,[NULL],9000
88,14,0,[NULL],9997
88,14,1,1,9998
89,13,0,[NULL],9000
89,13,1,[NULL],9000
90,12,5,[NULL],9000
90,12,4,[NULL],9000
90,12,2,[NULL],9000
90,12,1,[NULL],9995
90,12,3,[NULL],9996
90,12,0,[NULL],9997
91,11,2,2,2
91,11,1,5,3
91,11,0,[NULL],9997
91,11,3,2,9998
92,10,1,[NULL],9000
92,10,0,[NULL],9997
93,9,0,[NULL],9991
94,8,0,3,9997
95,7,2,[NULL],9000
95,7,0,[NULL],9997
95,7,1,1,9998
96,6,2,"0,1",2
96,6,1,[NULL],9000
96,6,0,[NULL],9995
97,5,2,[NULL],9000
97,5,1,[NULL],9995
97,5,"0,3",1,9996
97,5,3,4,9996
98,4,0,[NULL],9000
98,4,1,[NULL],9000
0,103,0,[NULL],9000
4,99,0,[NULL],9000
4,99,1,[NULL],9000
8,95,0,[NULL],9000
70,33,0,1,2
71,32,1,[NULL],9000
71,32,0,[NULL],9000
72,31,0,[NULL],9998
73,30,0,0,4
74,29,0,0,9998
75,28,0,0,9996
76,27,0,[NULL],9997
77,26,1,0,2
77,26,2,2,4
77,26,0,0,4
78,25,"1,2",[NULL],9997
78,25,2,1,9998
78,25,0,"0,1",9998
79,24,2,2,2
79,24,1,1,9996
79,24,0,0,9996
80,23,2,2,2
80,23,1,3,4
80,23,0,0,9997
81,22,1,4,4
81,22,0,0,4
81,22,2,1,9998
82,21,1,1,9996
82,21,0,0,9997
83,20,2,1,9996
83,20,0,0,9996
83,20,1,1,9997
84,19,2,0,2
84,19,0,2,4
84,19,1,[NULL],9997
85,18,1,0,2
85,18,0,0,3
85,18,2,1,4
86,17,1,1,2
86,17,0,"0,1,3,4",9996
86,17,2,[NULL],9997
87,16,1,1,2
87,16,0,1,9996
88,15,"3,4","3,4",9
88,15,"0,1,2",4,9997
88,15,2,[NULL],9997
88,15,4,3,9998
88,15,1,1,9998
89,14,1,[NULL],9000
89,14,3,[NULL],9000
89,14,2,[NULL],9000
89,14,0,[NULL],9000
90,13,2,3,2
90,13,0,[NULL],9000
90,13,1,[NULL],9000
91,12,1,[NULL],9000
91,12,2,[NULL],9000
91,12,0,[NULL],9000
91,12,3,5,9998
92,11,1,2,3
92,11,2,"0,2",4
92,11,0,0,4
93,10,2,[NULL],9000
93,10,3,[NULL],9988
93,10,1,6,9998
93,10,0,2,9998
94,9,1,1,2
94,9,0,[NULL],9996
95,8,1,[NULL],9000
95,8,0,2,9998
95,8,2,4,9998
96,7,3,1,4
96,7,2,[NULL],9000
96,7,0,[NULL],9000
96,7,1,[NULL],9988
97,6,0,"1,4",9995
97,6,1,4,9995
0,104,0,[NULL],9000
4,100,0,[NULL],9000
4,100,1,[NULL],9000
8,96,0,[NULL],9000
70,34,0,[NULL],9000
70,34,1,[NULL],9000
71,33,1,1,3
71,33,2,[NULL],9000
71,33,0,[NULL],9000
73,31,0,0,2
77,27,1,2,2
77,27,0,"0,2",2
79,25,0,[NULL],9998
80,24,1,2,2
80,24,0,[NULL],9998
81,23,1,1,9998
81,23,0,[NULL],9998
82,22,0,[NULL],9998
83,21,0,[NULL],9998
84,20,1,1,9998
84,20,0,[NULL],9998
85,19,0,"0,2",9998
85,19,1,[NULL],9998
86,18,"1,2",[NULL],9997
86,18,2,2,9998
86,18,0,[NULL],9998
87,17,3,4,2
87,17,1,"1,2,3,4",2
87,17,"2,4","0,2",9997
87,17,4,1,9998
87,17,0,[NULL],9998
88,16,2,2,9998
88,16,3,3,9998
88,16,0,"1,2",9998
88,16,1,[NULL],9998
89,15,0,"0,3",5
89,15,4,3,5
89,15,5,[NULL],9000
89,15,3,[NULL],9000
89,15,2,[NULL],9994
89,15,1,[NULL],9997
90,14,5,3,2
90,14,2,[NULL],9000
90,14,4,[NULL],9000
90,14,3,5,9998
90,14,1,1,9998
90,14,0,[NULL],9998
91,13,1,[NULL],9000
91,13,3,[NULL],9000
91,13,4,[NULL],9000
91,13,"0,2","2,4",9997
91,13,2,4,9997
91,13,5,4,9998
92,12,6,1,2
92,12,2,0,2
92,12,5,[NULL],9000
92,12,"3,4",[NULL],9000
92,12,4,3,9994
92,12,1,[NULL],9994
92,12,0,4,9995
93,11,3,0,3
93,11,1,[NULL],9993
93,11,2,3,9998
93,11,0,0,9998
94,10,2,0,2
94,10,4,2,2
94,10,3,0,4
94,10,0,[NULL],9000
94,10,1,[NULL],9997
95,9,2,[NULL],9000
95,9,4,[NULL],9993
95,9,"1,3",[NULL],9995
95,9,3,2,9998
95,9,0,"1,2",9998
96,8,4,1,4
96,8,2,[NULL],9000
96,8,5,[NULL],9997
96,8,3,[NULL],9997
96,8,0,[NULL],9997
96,8,1,[NULL],9997
97,7,1,[NULL],9996
97,7,0,[NULL],9997
97,7,2,5,9998
98,6,1,[NULL],9000
98,6,2,[NULL],9000
98,6,0,[NULL],9000
99,5,1,[NULL],9000
99,5,2,[NULL],9000
99,5,0,[NULL],9991
100,4,0,2,9998
101,3,0,1,9998
0,105,0,[NULL],9000
4,101,0,[NULL],9000
4,101,1,[NULL],9000
8,97,0,[NULL],9000
71,34,0,[NULL],9000
71,34,2,[NULL],9000
71,34,1,[NULL],9000
73,32,1,[NULL],9997
73,32,0,[NULL],9997
74,31,0,0,4
75,30,0,2,4
76,29,0,1,9996
77,28,0,0,9996
78,27,0,0,4
79,26,0,0,3
80,25,1,1,2
80,25,0,0,9996
81,24,0,0,3
82,23,1,1,3
82,23,2,2,4
82,23,0,[NULL],4
83,22,1,1,2
83,22,0,1,4
84,21,"0,2",0,2
84,21,2,0,9996
84,21,1,1,9997
85,20,2,2,2
85,20,1,0,9996
85,20,0,1,9998
86,19,1,4,2
86,19,0,2,4
87,18,2,2,2
87,18,3,3,2
87,18,1,"0,2",2
87,18,4,"0,1,2",3
87,18,0,2,9998
88,17,3,0,9996
88,17,0,"2,4",9998
88,17,2,5,9998
88,17,1,3,9998
89,16,5,3,2
89,16,1,1,2
89,16,"2,6","0,3",5
89,16,4,3,5
89,16,6,"0,1",9996
89,16,3,2,9998
89,16,0,"0,2,5",9998
90,15,4,5,2
90,15,2,2,9
90,15,3,[NULL],9000
90,15,1,[NULL],9997
90,15,0,1,9998
91,14,0,6,9998
92,13,3,2,2
92,13,0,0,2
92,13,4,3,5
92,13,1,[NULL],9000
92,13,2,[NULL],9000
93,12,1,3,9998
93,12,0,1,9998
93,12,2,5,9998
94,11,2,1,2
94,11,1,"0,3",2
94,11,0,[NULL],9998
95,10,0,2,9998
96,9,5,2,2
96,9,1,"0,3",4
96,9,4,3,4
96,9,3,"5,6",9992
96,9,2,[NULL],9993
96,9,0,[NULL],9993
97,8,0,0,9995
97,8,2,2,9995
97,8,1,3,9997
97,8,3,2,9998
99,6,2,0,2
99,6,1,[NULL],9990
99,6,0,[NULL],9997
100,5,1,0,2
100,5,2,[NULL],9994
100,5,0,[NULL],9994
101,4,0,2,9998
0,106,0,[NULL],9000
4,102,0,[NULL],9000
4,102,1,[NULL],9000
8,98,0,[NULL],9000
71,35,0,[NULL],9000
71,35,2,[NULL],9000
71,35,1,[NULL],9000
74,32,0,0,4
75,31,0,0,9998
76,30,0,2,9997
77,29,0,[NULL],9997
78,28,1,1,4
78,28,0,0,4
79,27,1,[NULL],9997
79,27,0,0,9998
80,26,2,0,9996
80,26,0,"0,1,2",9997
80,26,1,[NULL],9997
81,25,1,1,4
81,25,0,0,9997
82,24,1,2,4
82,24,0,0,4
83,23,1,1,9996
83,23,0,0,9997
84,22,1,0,2
84,22,3,1,9996
84,22,0,0,9996
84,22,2,2,9998
85,21,3,[NULL],3
85,21,"0,1,4",0,4
85,21,4,2,9997
85,21,"1,2",[NULL],9997
85,21,2,1,9998
86,20,2,0,2
86,20,0,"2,4",3
86,20,1,0,4
87,19,"2,4",0,2
87,19,5,2,2
87,19,3,1,2
87,19,4,2,9996
87,19,0,1,9997
87,19,1,[NULL],9997
88,18,2,3,2
88,18,"0,5","0,3",2
88,18,3,1,9996
88,18,5,"0,2,3",9996
88,18,4,2,9998
88,18,1,1,9998
89,17,1,0,2
89,17,2,[NULL],9000
89,17,0,[NULL],9000
89,17,3,[NULL],9997
90,16,6,0,2
90,16,"2,4","0,2",3
90,16,4,2,3
90,16,5,[NULL],9000
90,16,3,[NULL],9000
90,16,0,[NULL],9000
90,16,1,1,9998
91,15,1,[NULL],9000
91,15,"2,3",[NULL],9997
91,15,3,4,9998
91,15,0,2,9998
92,14,3,1,2
92,14,1,0,2
92,14,5,2,2
92,14,2,[NULL],9000
92,14,0,[NULL],9000
92,14,4,3,9997
93,13,3,[NULL],9000
93,13,1,[NULL],9000
93,13,"0,2",[NULL],9000
93,13,2,2,9994
94,12,2,0,2
94,12,1,[NULL],9000
94,12,0,2,9998
95,11,3,[NULL],9000
95,11,1,4,9997
95,11,0,[NULL],9997
95,11,2,1,9998
96,10,2,3,2
96,10,0,[NULL],9000
96,10,1,[NULL],9000
97,9,2,[NULL],9000
97,9,"0,1","1,2,6",9995
97,9,1,6,9995
98,8,1,"1,4",9996
98,8,0,2,9997
99,7,5,[NULL],9000
99,7,2,[NULL],9000
99,7,3,[NULL],9000
99,7,"0,4",[NULL],9993
99,7,4,1,9996
99,7,1,3,9998
100,6,2,0,2
100,6,1,[NULL],9000
100,6,3,[NULL],9000
100,6,0,[NULL],9996
101,5,1,[NULL],9988
101,5,0,[NULL],9997
102,4,0,[NULL],9997
0,107,0,[NULL],9000
4,103,0,[NULL],9000
4,103,1,[NULL],9000
8,99,0,[NULL],9000
71,36,0,[NULL],9000
72,35,0,[NULL],9000
74,33,0,0,2
75,32,0,[NULL],9000
78,29,0,"0,1",2
79,28,0,"0,1",9998
81,26,0,[NULL],9998
82,25,0,[NULL],9998
83,24,2,2,2
83,24,1,1,3
83,24,0,[NULL],9998
84,23,1,2,2
84,23,0,[NULL],9998
85,22,1,1,9998
85,22,0,[NULL],9998
86,21,0,[NULL],9998
87,20,2,4,2
87,20,1,1,2
87,20,3,"1,2",9998
87,20,0,[NULL],9998
88,19,3,2,9997
88,19,2,2,9998
88,19,1,1,9998
88,19,0,[NULL],9998
89,18,1,1,2
89,18,2,2,9998
89,18,0,[NULL],9998
90,17,4,3,2
90,17,2,0,2
90,17,"1,3",2,9998
90,17,3,"1,2",9998
90,17,0,[NULL],9998
92,15,0,[NULL],9998
93,14,2,0,2
93,14,1,2,9998
93,14,0,[NULL],9998
94,13,1,2,2
94,13,0,[NULL],9994
95,12,2,[NULL],9000
95,12,0,[NULL],9996
95,12,3,3,9998
95,12,1,[NULL],9998
96,11,3,1,3
96,11,"1,4",0,5
96,11,4,1,5
96,11,2,[NULL],9000
96,11,0,[NULL],9995
97,10,5,[NULL],9000
97,10,3,[NULL],9000
97,10,6,2,9994
97,10,2,0,9995
97,10,7,4,9997
97,10,4,5,9998
97,10,1,2,9998
97,10,0,"2,3,5,6",9998
98,9,3,1,2
98,9,4,[NULL],9000
98,9,0,[NULL],9000
98,9,1,5,9997
98,9,2,3,9997
99,8,3,[NULL],9000
99,8,1,[NULL],9997
99,8,2,4,9998
99,8,0,"2,4",9998
100,7,2,[NULL],9000
100,7,0,[NULL],9995
100,7,1,[NULL],9996
101,6,0,[NULL],9997
0,108,0,[NULL],9000
4,104,0,[NULL],9000
4,104,1,[NULL],9000
8,100,0,[NULL],9000
74,34,0,[NULL],9998
75,33,2,0,3
75,33,1,0,4
75,33,0,[NULL],9000
75,33,3,[NULL],9000
76,32,0,0,4
77,31,0,0,9997
78,30,"0,1",0,2
78,30,1,0,9996
79,29,"0,1,2",0,3
79,29,"1,2",0,4
79,29,2,1,9998
80,28,0,0,3
81,27,1,0,9996
81,27,0,[NULL],9996
82,26,0,0,3
83,25,0,2,4
84,24,1,1,2
84,24,2,4,3
84,24,0,1,4
85,23,2,0,9996
85,23,1,3,9998
85,23,0,1,9998
86,22,"1,2",3,2
86,22,2,0,3
86,22,0,0,9996
87,21,2,2,2
87,21,1,"1,3",2
87,21,0,3,4
88,20,2,2,2
88,20,"0,1",6,4
88,20,1,3,9998
89,19,2,"1,3",2
89,19,1,1,2
89,19,0,0,9996
90,18,1,[NULL],9000
90,18,2,0,9996
90,18,0,2,9998
91,17,3,4,3
91,17,4,0,5
91,17,"1,2",[NULL],9997
91,17,2,2,9998
91,17,0,"0,2",9998
92,16,2,1,2
92,16,1,2,9998
92,16,0,"0,2",9998
93,15,2,[NULL],9000
93,15,3,[NULL],9000
93,15,1,[NULL],9997
93,15,0,[NULL],9997
94,14,3,3,2
94,14,4,1,3
94,14,2,[NULL],9000
94,14,0,[NULL],9995
94,14,1,2,9998
95,13,4,[NULL],9000
95,13,3,[NULL],9000
95,13,1,[NULL],9997
95,13,"2,5",[NULL],9997
95,13,5,6,9998
95,13,0,3,9998
96,12,5,4,2
96,12,2,1,2
96,12,"3,6","0,1,4",2
96,12,4,[NULL],9000
96,12,6,[NULL],9000
96,12,0,[NULL],9996
96,12,1,[NULL],9996
97,11,2,0,3
97,11,3,[NULL],9000
97,11,1,[NULL],9000
97,11,4,[NULL],9000
97,11,0,3,9995
98,10,4,2,2
98,10,2,"0,2",2
98,10,3,[NULL],9000
98,10,0,[NULL],9000
98,10,1,6,9998
99,9,1,[NULL],9993
99,9,2,[NULL],9995
99,9,0,0,9997
100,8,4,[NULL],9000
100,8,1,[NULL],9000
100,8,3,[NULL],9000
100,8,0,[NULL],9992
100,8,2,[NULL],9997
101,7,1,[NULL],9990
101,7,2,[NULL],9995
101,7,0,2,9998
102,6,1,[NULL],9000
102,6,0,[NULL],9997
103,5,3,[NULL],9000
103,5,2,[NULL],9000
103,5,1,[NULL],9994
103,5,0,[NULL],9997
104,4,2,[NULL],9997
104,4,1,2,9998
104,4,0,"1,2",9998
0,109,0,[NULL],9000
4,105,0,[NULL],9000
4,105,1,[NULL],9000
8,101,0,[NULL],9000
73,36,0,[NULL],9000
75,34,1,[NULL],9000
75,34,2,[NULL],9000
75,34,0,[NULL],9000
77,32,0,1,9998
78,31,1,2,2
78,31,0,[NULL],9997
79,30,0,2,4
79,30,1,0,9998
80,29,0,[NULL],9997
81,28,1,0,9996
81,28,0,0,9998
82,27,1,1,4
82,27,0,0,9997
83,26,1,3,4
83,26,0,0,4
84,25,3,1,2
84,25,1,0,2
84,25,2,"3,4",9996
84,25,0,1,9997
85,24,1,1,9996
85,24,0,0,9996
86,23,2,4,4
86,23,1,1,9997
86,23,0,[NULL],9997
87,22,3,1,2
87,22,2,3,3
87,22,1,3,4
87,22,0,5,4
88,21,2,1,9996
88,21,"0,3",2,9997
88,21,"1,3",[NULL],9997
88,21,3,1,9998
89,20,2,0,2
89,20,1,1,9996
89,20,0,0,9996
90,19,2,1,2
90,19,0,"0,2",2
90,19,1,[NULL],9997
91,18,2,1,2
91,18,0,"0,1",2
91,18,3,3,6
91,18,1,[NULL],9987
92,17,1,[NULL],9997
92,17,0,"1,2",9998
93,16,2,1,2
93,16,4,"1,2",9996
93,16,0,"2,3",9997
93,16,3,[NULL],9997
93,16,1,[NULL],9998
94,15,6,2,2
94,15,3,0,2
94,15,4,2,9
94,15,5,[NULL],9000
94,15,2,[NULL],9000
94,15,"0,7",[NULL],9000
94,15,7,3,9997
94,15,1,1,9998
95,14,1,6,9998
95,14,0,3,9998
96,13,4,7,3
96,13,0,0,5
96,13,2,2,5
96,13,3,[NULL],9997
96,13,1,[NULL],9997
97,12,6,1,2
97,12,5,1,3
97,12,3,2,3
97,12,"1,4",1,4
97,12,4,[NULL],9000
97,12,0,2,9998
97,12,2,5,9998
98,11,1,4,4
98,11,3,[NULL],9000
98,11,2,[NULL],9000
98,11,4,"1,2",9993
98,11,0,7,9998
99,10,0,0,9996
99,10,1,1,9998
100,9,2,0,2
100,9,4,[NULL],9000
100,9,1,[NULL],9000
100,9,3,[NULL],9993
100,9,0,[NULL],9997
101,8,3,[NULL],9991
101,8,1,2,9998
101,8,0,"1,2",9998
101,8,2,4,9998
103,6,2,1,2
103,6,1,"0,1",2
103,6,0,[NULL],9995
104,5,2,[NULL],9994
104,5,1,[NULL],9996
104,5,0,[NULL],9996
0,110,0,[NULL],9000
4,106,0,[NULL],9000
4,106,1,[NULL],9000
8,102,0,[NULL],9000
73,37,0,[NULL],9000
75,35,1,[NULL],9000
75,35,2,[NULL],9000
75,35,0,[NULL],9000
76,34,1,0,2
76,34,0,0,3
78,32,0,1,2
79,31,0,1,9998
80,30,0,"0,1",2
82,28,0,[NULL],9998
83,27,0,[NULL],9998
84,26,0,[NULL],9998
85,25,0,[NULL],9998
86,24,0,[NULL],9998
87,23,1,3,2
87,23,0,[NULL],9998
88,22,0,[NULL],9998
89,21,2,2,9997
89,21,1,1,9998
89,21,0,[NULL],9998
90,20,1,1,9998
90,20,0,[NULL],9998
91,19,"1,2",0,2
91,19,2,1,9998
91,19,0,[NULL],9998
92,18,3,[NULL],9996
92,18,"2,4","0,2",9997
92,18,1,0,9998
92,18,4,3,9998
92,18,0,[NULL],9998
93,17,1,1,2
93,17,2,4,9998
93,17,0,[NULL],9998
94,16,6,1,2
94,16,3,0,2
94,16,4,[NULL],9000
94,16,7,[NULL],9000
94,16,5,[NULL],9000
94,16,2,[NULL],9991
94,16,1,1,9998
94,16,0,[NULL],9998
95,15,1,[NULL],9996
95,15,3,5,9998
95,15,2,3,9998
95,15,0,[NULL],9998
96,14,2,0,2
96,14,5,2,2
96,14,"1,6","0,1",5
96,14,6,1,5
96,14,3,[NULL],9000
96,14,4,4,9997
96,14,0,2,9997
97,13,7,0,2
97,13,5,[NULL],9000
97,13,6,[NULL],9000
97,13,2,[NULL],9000
97,13,3,[NULL],9000
97,13,4,3,9994
97,13,0,4,9995
97,13,1,[NULL],9996
98,12,1,1,2
98,12,0,0,3
98,12,2,3,9998
99,11,3,[NULL],9000
99,11,2,[NULL],9000
99,11,0,[NULL],9000
99,11,1,1,9997
100,10,2,1,2
100,10,1,"0,1",2
100,10,4,2,2
100,10,3,[NULL],9000
100,10,0,[NULL],9997
101,9,2,[NULL],9000
101,9,3,[NULL],9000
101,9,4,[NULL],9000
101,9,1,[NULL],9992
101,9,0,[NULL],9996
102,8,1,[NULL],9000
102,8,0,[NULL],9997
103,7,4,[NULL],9000
103,7,"2,5",[NULL],9000
103,7,5,[NULL],9993
103,7,3,[NULL],9996
103,7,0,2,9997
103,7,1,[NULL],9997
104,6,3,[NULL],9000
104,6,1,[NULL],9000
104,6,2,[NULL],9992
104,6,0,[NULL],9993
105,5,0,[NULL],9996
0,111,0,[NULL],9000
4,107,0,[NULL],9000
4,107,1,[NULL],9000
8,103,0,[NULL],9000
75,36,0,[NULL],9000
75,36,1,[NULL],9000
76,35,"0,1",[NULL],9000
76,35,1,[NULL],9000
77,34,0,1,4
78,33,1,0,2
78,33,0,0,9998
79,32,0,0,9996
79,32,1,[NULL],9996
80,31,0,1,4
81,30,0,0,3
82,29,1,0,9996
82,29,0,[NULL],9996
83,28,1,0,3
83,28,0,"0,1",9998
84,27,0,2,4
85,26,1,1,3
85,26,0,0,4
86,25,1,0,9996
86,25,0,2,9998
87,24,2,"0,3",3
87,24,1,1,9997
87,24,0,[NULL],9997
88,23,1,1,2
88,23,0,0,4
89,22,1,1,2
89,22,0,2,4
90,21,1,2,2
90,21,0,0,9996
91,20,0,1,2
91,20,3,4,2
91,20,2,0,9996
91,20,1,"3,4",9998
92,19,4,2,2
92,19,"2,3",0,3
92,19,3,0,6
92,19,0,2,9998
92,19,1,3,9998
93,18,1,1,2
93,18,3,0,3
93,18,2,3,9998
93,18,0,"0,3",9998
94,17,5,3,2
94,17,3,2,2
94,17,6,1,9996
94,17,2,[NULL],9996
94,17,"1,4",4,9998
94,17,4,"3,4",9998
94,17,0,"0,2,3,4",9998
95,16,3,[NULL],8
95,16,2,[NULL],9000
95,16,4,[NULL],9000
95,16,1,5,9998
95,16,0,2,9998
96,15,0,2,5
97,14,3,2,2
97,14,2,[NULL],9000
97,14,0,[NULL],9000
97,14,1,[NULL],9000
98,13,1,4,9998
98,13,0,2,9998
99,12,1,[NULL],9000
99,12,0,[NULL],9998
100,11,0,[NULL],9998
101,10,1,[NULL],9993
101,10,0,1,9995
101,10,2,2,9997
102,9,2,4,9997
102,9,1,"1,3",9998
102,9,0,[NULL],9998
103,8,1,[NULL],9000
103,8,0,[NULL],9995
104,7,1,[NULL],9000
104,7,0,[NULL],9000
0,112,0,[NULL],9000
4,108,0,[NULL],9000
4,108,1,[NULL],9000
8,104,0,[NULL],9000
74,38,0,[NULL],9000
75,37,0,[NULL],9000
77,35,0,0,2
79,33,1,[NULL],9995
79,33,0,[NULL],9997
80,32,0,1,4
81,31,0,[NULL],9997
82,30,"0,1",0,2
82,30,1,0,9996
83,29,"3,4",2,4
83,29,"0,1,2",2,9997
83,29,2,[NULL],9997
83,29,4,1,9998
83,29,1,"0,1",9998
84,28,1,1,4
84,28,0,0,4
85,27,2,0,2
85,27,"0,1","0,2",9997
85,27,1,1,9997
86,26,1,"1,2",9996
86,26,0,0,9996
86,26,2,1,9998
87,25,1,2,4
87,25,0,0,9997
88,24,2,2,3
88,24,1,1,4
88,24,0,0,4
89,23,2,1,9996
89,23,0,1,9997
89,23,1,1,9998
90,22,"3,4",1,2
90,22,4,2,9996
90,22,0,0,9996
90,22,2,[NULL],9996
90,22,1,1,9997
91,21,2,0,2
91,21,3,1,2
91,21,0,"2,4",3
91,21,1,[NULL],9997
92,20,3,2,2
92,20,0,"0,2",2
92,20,"1,2",4,4
92,20,2,2,9998
93,19,4,"1,4",2
93,19,3,1,2
93,19,"0,2","0,4",2
93,19,2,"0,2",9996
93,19,1,[NULL],9997
94,18,5,1,2
94,18,2,0,2
94,18,3,[NULL],9000
94,18,0,[NULL],9000
94,18,4,1,9996
94,18,1,2,9998
95,17,4,4,3
95,17,2,0,3
95,17,"5,6",3,8
95,17,0,2,9997
95,17,6,[NULL],9997
95,17,3,"1,2",9998
95,17,1,[NULL],9998
96,16,3,0,5
96,16,2,6,6
96,16,0,[NULL],9000
96,16,1,[NULL],9998
97,15,4,1,2
97,15,2,0,2
97,15,3,3,9997
97,15,1,1,9998
97,15,0,[NULL],9998
98,14,1,1,3
98,14,0,0,4
98,14,2,[NULL],9000
98,14,3,[NULL],9000
99,13,2,[NULL],3
99,13,1,[NULL],9000
99,13,0,[NULL],9997
100,12,"1,2",[NULL],9000
100,12,3,1,9997
100,12,2,[NULL],9997
100,12,0,0,9998
101,11,"1,3",1,2
101,11,4,[NULL],9000
101,11,3,[NULL],9994
101,11,2,[NULL],9994
101,11,0,2,9995
102,10,2,0,3
102,10,5,[NULL],9000
102,10,3,5,9997
102,10,"1,4",2,9997
102,10,4,5,9998
102,10,0,[NULL],9998
103,9,3,[NULL],9000
103,9,1,[NULL],9000
103,9,2,[NULL],9996
103,9,0,[NULL],9998
104,8,4,[NULL],9000
104,8,6,[NULL],9000
104,8,2,[NULL],9000
104,8,5,[NULL],9987
104,8,3,[NULL],9991
104,8,1,[NULL],9996
104,8,7,3,9998
104,8,0,2,9998
105,7,2,[NULL],9000
105,7,3,[NULL],9990
105,7,0,[NULL],9994
105,7,5,4,9996
105,7,4,5,9998
105,7,1,2,9998
106,6,0,[NULL],9000
106,6,1,[NULL],9000
106,6,2,[NULL],9988
107,5,2,[NULL],9000
107,5,"1,3",[NULL],9993
107,5,3,[NULL],9995
107,5,0,[NULL],9997
108,4,0,"0,2",9998
108,4,2,2,9998
108,4,1,1,9998
0,113,0,[NULL],9000
4,109,0,[NULL],9000
4,109,1,[NULL],9000
8,105,0,[NULL],9000
75,38,0,[NULL],9000
77,36,0,[NULL],9000
77,36,1,[NULL],9000
79,34,0,[NULL],9000
82,31,1,4,2
82,31,0,"1,2,3",2
83,30,1,1,9998
83,30,0,"0,1",9998
85,28,1,2,2
85,28,0,[NULL],9998
86,27,1,1,3
86,27,2,1,9998
86,27,0,[NULL],9998
87,26,0,[NULL],9998
88,25,1,1,2
88,25,0,[NULL],9998
89,24,0,[NULL],9998
90,23,0,[NULL],9998
91,22,2,2,2
91,22,1,1,9998
91,22,0,[NULL],9998
92,21,2,2,9998
92,21,1,"1,3",9998
92,21,0,[NULL],9998
93,20,2,1,2
93,20,1,1,9998
93,20,0,[NULL],9998
94,19,"1,2",3,2
94,19,2,2,9998
94,19,0,[NULL],9998
95,18,1,"0,1,3",9997
95,18,2,3,9998
95,18,0,[NULL],9998
96,17,1,1,2
96,17,0,[NULL],9000
97,16,0,[NULL],9998
98,15,2,[NULL],9996
98,15,3,2,9997
98,15,1,2,9998
98,15,0,[NULL],9998
99,14,0,0,2
100,13,2,2,3
100,13,3,"3,4",9996
100,13,0,[NULL],9996
100,13,1,2,9998
101,12,5,4,2
101,12,4,2,3
101,12,3,[NULL],9000
101,12,1,[NULL],9994
101,12,0,[NULL],9995
101,12,2,[NULL],9995
102,11,5,[NULL],9000
102,11,2,[NULL],9000
102,11,"0,1,4","1,2,4",9994
102,11,4,2,9994
102,11,1,[NULL],9994
102,11,3,5,9997
103,10,3,7,2
103,10,2,"0,1,5",2
103,10,1,[NULL],9997
103,10,0,[NULL],9997
104,9,5,4,2
104,9,2,1,2
104,9,4,[NULL],9988
104,9,1,[NULL],9992
104,9,3,3,9996
104,9,"0,6",5,9997
104,9,6,2,9998
105,8,4,[NULL],9995
105,8,3,[NULL],9996
105,8,2,5,9998
105,8,1,2,9998
105,8,0,[NULL],9998
107,6,"0,2",0,2
107,6,2,2,2
107,6,1,1,2
107,6,3,[NULL],9993
108,5,0,"3,4",9998
108,5,2,3,9998
108,5,1,1,9998
0,114,0,[NULL],9000
4,110,0,[NULL],9000
4,110,1,[NULL],9000
8,106,0,[NULL],9000
75,39,0,[NULL],9000
77,37,0,[NULL],9000
77,37,1,[NULL],9000
78,36,0,0,4
79,35,1,[NULL],9000
79,35,0,0,9998
80,34,1,1,9997
80,34,0,[NULL],9997
81,33,0,1,4
82,32,1,1,2
82,32,0,"0,1",2
82,32,2,"0,1,2",3
83,31,2,"0,2",9996
83,31,1,2,9998
83,31,0,"1,2",9998
84,30,"0,2","0,1",3
84,30,1,1,3
84,30,2,0,9996
85,29,1,2,2
85,29,0,1,4
86,28,0,0,3
86,28,1,2,9998
87,27,0,0,9996
88,26,1,0,3
88,26,0,2,9998
89,25,1,1,3
89,25,0,0,4
90,24,1,1,2
90,24,0,2,4
91,23,2,2,2
91,23,"1,3",1,2
91,23,3,4,9996
91,23,0,[NULL],9996
92,22,1,1,2
92,22,0,0,9996
93,21,2,2,2
93,21,1,6,4
93,21,0,2,9998
94,20,3,2,2
94,20,2,0,3
94,20,1,2,9998
94,20,0,"0,2",9998
95,19,3,[NULL],9000
95,19,1,0,9996
95,19,2,"2,3",9997
95,19,0,3,9998
96,18,3,3,3
96,18,4,0,5
96,18,1,[NULL],9997
96,18,2,2,9998
96,18,0,"0,2",9998
97,17,2,1,2
97,17,1,4,9998
97,17,0,"1,4",9998
98,16,3,[NULL],9000
98,16,2,[NULL],9000
98,16,0,[NULL],9000
98,16,1,[NULL],9995
99,15,2,1,2
99,15,1,3,3
99,15,0,2,9998
100,14,3,4,9997
100,14,2,[NULL],9997
100,14,0,[NULL],9997
100,14,1,[NULL],9997
101,13,5,3,3
101,13,2,"1,4",3
101,13,3,[NULL],9000
101,13,4,[NULL],9993
101,13,0,[NULL],9996
101,13,1,0,9998
102,12,1,[NULL],9995
102,12,2,4,9998
102,12,0,1,9998
103,11,2,"0,3",2
103,11,1,[NULL],9000
103,11,0,[NULL],9000
104,10,5,2,2
104,10,2,1,2
104,10,6,[NULL],9000
104,10,3,[NULL],9993
104,10,1,[NULL],9995
104,10,4,3,9998
104,10,0,"0,3",9998
105,9,4,[NULL],9000
105,9,6,[NULL],9000
105,9,"0,2,7",6,9997
105,9,5,4,9997
105,9,3,2,9997
105,9,"2,7","2,4,5",9998
105,9,7,"4,5",9998
105,9,1,[NULL],9998
106,8,2,[NULL],9000
106,8,1,[NULL],9990
106,8,3,2,9998
106,8,0,0,9998
107,7,"3,4",0,2
107,7,4,"0,2",2
107,7,1,1,2
107,7,2,[NULL],9995
107,7,0,[NULL],9995
108,6,3,[NULL],9000
108,6,1,[NULL],9000
108,6,0,[NULL],9995
108,6,2,0,9998
109,5,0,[NULL],9993
0,115,0,[NULL],9000
4,111,0,[NULL],9000
4,111,1,[NULL],9000
8,107,0,[NULL],9000
78,37,0,0,2
79,36,1,[NULL],9000
79,36,0,[NULL],9000
80,35,0,[NULL],9998
81,34,0,0,4
82,33,2,1,2
82,33,1,"0,1",2
82,33,0,0,9998
83,32,1,0,9996
83,32,2,1,9998
83,32,0,0,9998
84,31,0,[NULL],9997
85,30,2,1,2
85,30,1,1,4
85,30,0,0,4
86,29,"1,2",[NULL],9997
86,29,2,1,9998
86,29,0,"0,1",9998
87,28,2,0,2
87,28,1,1,9996
87,28,0,[NULL],9996
88,27,1,2,4
88,27,0,0,9997
89,26,2,4,4
89,26,0,0,4
89,26,1,[NULL],4
90,25,2,2,9996
90,25,0,1,9997
90,25,1,1,9998
91,24,2,2,9996
91,24,0,0,9996
91,24,1,2,9997
92,23,2,0,2
92,23,0,2,4
92,23,1,[NULL],9997
93,22,2,1,2
93,22,0,"0,1",2
93,22,1,4,4
94,21,3,0,2
94,21,"0,1",1,3
94,21,1,0,9996
94,21,2,[NULL],9997
95,20,2,2,2
95,20,0,"0,2",2
95,20,1,1,9996
96,19,4,1,2
96,19,1,"0,1",2
96,19,3,4,6
96,19,"0,2",2,9997
96,19,2,[NULL],9997
97,18,2,3,3
97,18,1,4,7
97,18,0,[NULL],9998
98,17,2,0,2
98,17,3,3,9997
98,17,1,"1,3",9997
98,17,0,[NULL],9998
99,16,4,[NULL],9000
99,16,"5,6",[NULL],9000
99,16,1,[NULL],9000
99,16,6,3,9996
99,16,0,"1,3",9996
99,16,3,3,9997
99,16,2,2,9998
100,15,0,1,2
100,15,1,0,5
101,14,4,2,2
101,14,1,0,2
101,14,5,3,3
101,14,0,[NULL],9000
101,14,3,[NULL],9992
101,14,2,3,9998
102,13,3,[NULL],9000
102,13,4,[NULL],9000
102,13,0,"2,3",9998
102,13,2,5,9998
102,13,1,3,9998
103,12,3,4,2
103,12,0,"0,4",2
103,12,5,"0,6",3
103,12,4,[NULL],9000
103,12,1,"1,2,4",9993
103,12,2,2,9993
104,11,"2,4,5",0,2
104,11,"4,5","0,2",2
104,11,5,5,4
104,11,"0,1,3",1,9997
104,11,3,4,9998
104,11,1,2,9998
105,10,2,3,2
105,10,0,0,2
105,10,3,[NULL],9000
105,10,1,1,9996
105,10,4,[NULL],9997
106,9,1,5,9998
106,9,0,2,9998
106,9,2,6,9998
107,8,0,2,2
108,7,1,[NULL],9994
108,7,0,[NULL],9996
0,116,0,[NULL],9000
4,112,0,[NULL],9000
4,112,1,[NULL],9000
8,108,0,[NULL],9000
78,38,0,[NULL],9000
78,38,1,[NULL],9000
79,37,1,1,3
79,37,2,[NULL],9000
79,37,0,[NULL],9000
81,35,0,0,2
82,34,1,2,2
82,34,0,0,2
83,33,1,1,9998
83,33,0,0,9998
85,31,1,2,2
85,31,0,"0,1",2
87,29,0,[NULL],9998
88,28,0,[NULL],9998
89,27,1,1,2
89,27,0,[NULL],9998
90,26,1,0,9998
90,26,0,[NULL],9998
91,25,0,[NULL],9998
92,24,1,1,9998
92,24,0,[NULL],9998
93,23,0,"1,2",9998
93,23,1,[NULL],9998
94,22,"2,3",2,3
94,22,"1,3",[NULL],9997
94,22,3,2,9998
94,22,0,[NULL],9998
95,21,"1,2,3","0,2",9997
95,21,"2,3",1,9998
95,21,3,2,9998
95,21,0,[NULL],9998
96,20,1,1,9998
96,20,0,[NULL],9998
97,19,"1,2",[NULL],9997
97,19,2,1,9998
97,19,0,[NULL],9998
98,18,2,2,2
98,18,3,4,9998
98,18,0,[NULL],9998
98,18,1,[NULL],9998
99,17,4,3,3
99,17,3,3,4
99,17,1,[NULL],9993
99,17,2,1,9998
99,17,0,[NULL],9998
100,16,3,2,2
100,16,2,0,5
100,16,1,3,9998
100,16,0,[NULL],9998
101,15,"2,3",0,2
101,15,5,2,2
101,15,3,1,2
101,15,1,1,9997
101,15,4,3,9997
101,15,0,3,9998
102,14,4,[NULL],9000
102,14,3,[NULL],9000
102,14,1,[NULL],9000
102,14,6,3,9997
102,14,0,[NULL],9997
102,14,5,1,9998
102,14,2,0,9998
103,13,4,3,2
103,13,2,"0,3",2
103,13,3,3,4
103,13,1,[NULL],9000
103,13,0,[NULL],9994
104,12,6,"0,2,7",3
104,12,4,5,3
104,12,2,3,3
104,12,5,"0,1,2",9995
104,12,1,"1,3",9997
104,12,3,[NULL],9997
104,12,0,"0,1",9998
105,11,5,1,2
105,11,2,0,2
105,11,6,2,2
105,11,4,[NULL],9000
105,11,1,[NULL],9996
105,11,0,[NULL],9996
105,11,3,5,9998
106,10,5,[NULL],9000
106,10,6,[NULL],9000
106,10,3,[NULL],9992
106,10,"1,2,7",[NULL],9992
106,10,7,2,9997
106,10,2,[NULL],9997
106,10,4,2,9998
106,10,0,1,9998
107,9,3,[NULL],9993
107,9,1,[NULL],9997
107,9,2,[NULL],9997
107,9,0,[NULL],9997
108,8,3,[NULL],9995
108,8,2,[NULL],9997
108,8,0,[NULL],9997
108,8,1,"1,2,3",9998
108,8,5,3,9998
108,8,4,2,9998
109,7,2,[NULL],9995
109,7,"0,1","3,7",9996
109,7,4,5,9996
109,7,3,2,9998
109,7,1,[NULL],9998
110,6,2,[NULL],9988
110,6,"0,1",[NULL],9997
110,6,1,[NULL],9997
111,5,1,3,9996
111,5,0,[NULL],9997
0,117,0,[NULL],9000
4,113,0,[NULL],9000
4,113,1,[NULL],9000
8,109,0,[NULL],9000
79,38,0,[NULL],9000
79,38,2,[NULL],9000
79,38,1,[NULL],9000
81,36,1,[NULL],9997
81,36,0,[NULL],9997
82,35,1,1,2
82,35,0,0,2
82,35,2,2,4
83,34,0,2,4
83,34,2,0,9997
83,34,1,1,9998
84,33,0,1,9996
85,32,0,0,9996
86,31,0,0,4
87,30,0,0,3
88,29,0,1,9996
89,28,0,1,2
89,28,1,0,3
90,27,2,1,3
90,27,4,3,4
90,27,1,[NULL],4
90,27,3,3,9998
90,27,0,"1,3",9998
91,26,1,1,2
91,26,0,0,4
92,25,"1,2",0,2
92,25,2,0,9996
92,25,0,1,9997
93,24,2,3,2
93,24,0,0,9996
93,24,1,3,9998
94,23,1,"2,3",2
94,23,2,3,2
94,23,0,1,4
95,22,1,1,2
95,22,2,"0,2",3
95,22,0,2,9998
95,22,3,3,9998
96,21,1,2,2
96,21,2,0,9996
96,21,0,"2,3",9998
97,20,4,3,2
97,20,3,3,3
97,20,1,"1,3",3
97,20,5,1,9996
97,20,2,2,9998
97,20,0,"0,2,3",9998
98,19,1,2,2
98,19,3,3,3
98,19,2,2,9998
98,19,0,"0,2",9998
99,18,3,1,2
99,18,1,[NULL],9997
99,18,2,4,9998
99,18,0,"2,4",9998
100,17,3,0,2
100,17,0,[NULL],9000
100,17,2,[NULL],9000
100,17,"1,4",[NULL],9000
100,17,4,6,9996
101,16,1,5,2
101,16,0,2,2
101,16,2,5,9998
102,15,"1,3",[NULL],9000
102,15,2,[NULL],9000
102,15,3,4,9998
102,15,0,[NULL],9998
103,14,"0,1",0,2
103,14,1,"0,1,3",3
103,14,2,[NULL],9000
104,13,5,3,2
104,13,4,[NULL],9000
104,13,2,[NULL],9000
104,13,3,"2,3",9996
104,13,"0,1","1,2,3",9998
104,13,1,[NULL],9998
105,12,2,4,2
105,12,1,0,2
105,12,0,[NULL],9998
106,11,3,[NULL],9997
106,11,2,1,9998
106,11,0,[NULL],9998
106,11,1,[NULL],9998
107,10,"1,2,3",1,2
107,10,3,5,2
107,10,2,4,2
107,10,0,[NULL],9998
108,9,2,3,2
108,9,5,[NULL],9993
108,9,3,[NULL],9996
108,9,4,1,9998
108,9,0,[NULL],9998
108,9,1,[NULL],9998
109,8,3,[NULL],9000
109,8,0,"3,4",9996
109,8,2,6,9996
109,8,1,1,9998
111,6,1,[NULL],9994
111,6,0,[NULL],9997
112,5,0,2,9998
0,118,0,[NULL],9000
4,114,0,[NULL],9000
4,114,1,[NULL],9000
8,110,0,[NULL],9000
79,39,0,[NULL],9000
79,39,2,[NULL],9000
79,39,1,[NULL],9000
82,36,1,1,2
82,36,0,1,4
83,35,1,[NULL],9000
83,35,0,1,9998
84,34,0,2,9997
85,33,0,[NULL],9997
86,32,1,1,4
86,32,0,[NULL],9992
87,31,1,[NULL],9997
87,31,0,0,9998
88,30,2,0,9996
88,30,0,"1,2",9997
88,30,1,[NULL],9997
89,29,3,3,2
89,29,1,"0,3",2
89,29,2,2,4
89,29,0,0,9997
90,28,2,2,4
90,28,0,0,4
90,28,3,2,9998
90,28,1,1,9998
91,27,1,"2,3",9996
91,27,0,2,9997
92,26,3,1,2
92,26,2,1,9996
92,26,0,0,9996
92,26,1,2,9998
93,25,2,[NULL],3
93,25,0,1,4
93,25,3,1,9997
93,25,"1,4",[NULL],9997
93,25,4,1,9998
94,24,2,0,2
94,24,3,3,2
94,24,0,"1,2,3",3
94,24,1,1,4
95,23,"2,3",0,2
95,23,3,2,9996
95,23,0,1,9997
95,23,1,[NULL],9997
95,23,4,1,9998
96,22,2,2,2
96,22,"0,3","0,2",2
96,22,3,0,9996
96,22,1,1,9996
97,21,2,2,2
97,21,0,"0,1,2",2
97,21,1,[NULL],9997
98,20,4,2,2
98,20,2,"0,2",2
98,20,3,6,4
98,20,1,"0,6",4
98,20,0,[NULL],9998
99,19,4,[NULL],9000
99,19,0,[NULL],9000
99,19,2,"0,1",9997
99,19,3,[NULL],9997
99,19,1,2,9998
100,18,5,2,2
100,18,1,1,3
100,18,3,4,3
100,18,4,4,9996
100,18,2,1,9996
100,18,0,[NULL],9998
101,17,4,3,2
101,17,3,6,3
101,17,"1,2","0,1,4",6
101,17,2,4,6
101,17,0,[NULL],9998
102,16,2,2,9997
102,16,"1,3","3,4",9997
102,16,3,2,9998
102,16,0,[NULL],9998
103,15,"1,2,3","0,1",2
103,15,2,"1,5",3
103,15,3,3,9997
103,15,0,[NULL],9997
104,14,1,1,4
104,14,0,3,9997
105,13,1,2,2
105,13,2,"1,2",3
105,13,0,[NULL],9997
106,12,1,[NULL],9000
106,12,0,[NULL],9000
106,12,2,[NULL],9994
107,11,1,4,2
107,11,0,[NULL],9000
107,11,2,[NULL],9000
108,10,1,1,2
108,10,2,[NULL],9000
108,10,0,1,9998
109,9,4,[NULL],9000
109,9,2,[NULL],9996
109,9,0,"1,4,5,6",9998
109,9,1,4,9998
109,9,3,"5,6",9998
110,8,3,[NULL],9000
110,8,2,[NULL],9000
110,8,1,[NULL],9995
110,8,0,[NULL],9995
111,7,2,0,2
111,7,4,[NULL],9000
111,7,1,[NULL],9990
111,7,3,[NULL],9995
111,7,0,[NULL],9995
112,6,2,[NULL],9000
112,6,4,[NULL],9000
112,6,1,[NULL],9995
112,6,3,1,9998
112,6,0,0,9998
113,5,1,[NULL],9995
113,5,0,[NULL],9997
0,119,0,[NULL],9000
4,115,0,[NULL],9000
4,115,1,[NULL],9000
8,111,0,[NULL],9000
79,40,0,[NULL],9000
80,39,0,[NULL],9000
82,37,1,0,2
82,37,0,2,3
83,36,0,[NULL],9000
83,36,1,[NULL],9000
86,33,0,0,2
87,32,0,"0,1",9998
89,30,2,3,2
89,30,1,1,2
89,30,0,[NULL],9998
90,29,2,2,9998
90,29,1,1,9998
90,29,0,[NULL],9998
91,28,2,1,2
91,28,1,0,3
91,28,0,[NULL],9998
92,27,1,1,2
92,27,0,[NULL],9998
93,26,1,2,9998
93,26,0,[NULL],9998
94,25,1,4,2
94,25,0,[NULL],9998
95,24,"1,2","1,2",9998
95,24,2,3,9998
95,24,0,[NULL],9998
96,23,1,1,9998
96,23,0,[NULL],9998
97,22,1,2,9998
97,22,0,[NULL],9998
98,21,2,"1,2,3",2
98,21,0,[NULL],9997
98,21,3,2,9998
98,21,1,[NULL],9998
99,20,1,2,9998
99,20,0,[NULL],9998
100,19,2,5,9998
100,19,0,[NULL],9998
100,19,1,[NULL],9998
101,18,2,3,2
101,18,1,3,9998
101,18,0,[NULL],9998
102,17,1,[NULL],9000
102,17,2,6,9997
102,17,0,[NULL],9998
103,16,1,2,9998
103,16,0,[NULL],9998
103,16,2,[NULL],9998
103,16,3,[NULL],9998
104,15,0,[NULL],9000
105,14,3,[NULL],9000
105,14,0,[NULL],9000
105,14,2,[NULL],9996
105,14,1,2,9998
106,13,2,[NULL],9000
106,13,3,[NULL],9000
106,13,1,[NULL],9995
106,13,0,2,9998
107,12,1,0,2
107,12,3,3,9994
107,12,4,[NULL],9996
107,12,"0,2,5",3,9997
107,12,5,"2,3",9997
107,12,2,[NULL],9997
108,11,"1,4,5,6",0,2
108,11,4,1,2
108,11,"5,6",3,2
108,11,"3,7","0,1",4
108,11,6,4,4
108,11,"0,2",0,9997
108,11,7,3,9997
108,11,2,"1,2",9998
109,10,7,[NULL],9000
109,10,"4,5",[NULL],9000
109,10,"0,2,5",[NULL],9995
109,10,5,[NULL],9995
109,10,2,2,9997
109,10,6,[NULL],9997
109,10,1,[NULL],9997
109,10,3,4,9998
110,9,3,1,4
110,9,4,[NULL],9000
110,9,1,[NULL],9000
110,9,0,"1,2",9998
110,9,2,4,9998
111,8,1,3,2
111,8,0,"0,1,4",2
111,8,2,[NULL],9000
112,7,1,[NULL],9996
112,7,0,"1,3",9998
112,7,2,3,9998
0,120,0,[NULL],9000
4,116,0,[NULL],9000
4,116,1,[NULL],9000
8,112,0,[NULL],9000
82,38,0,[NULL],9998
83,37,2,0,3
83,37,1,0,4
83,37,0,[NULL],9000
83,37,3,[NULL],9000
84,36,0,0,4
85,35,0,0,9997
86,34,"0,1",0,2
86,34,1,0,9996
87,33,"1,2",0,3
87,33,2,0,4
87,33,0,0,9998
88,32,0,0,3
89,31,2,2,2
89,31,1,1,2
89,31,3,0,9996
89,31,0,[NULL],9996
90,30,2,0,3
90,30,1,3,9998
90,30,0,1,9998
91,29,0,2,4
92,28,2,1,2
92,28,1,3,3
92,28,0,0,4
93,27,1,0,9996
93,27,2,3,9998
93,27,0,1,9998
94,26,"1,2","1,2",2
94,26,3,2,2
94,26,2,0,3
94,26,0,0,9996
95,25,1,1,2
95,25,0,2,4
95,25,2,3,9998
96,24,2,1,2
96,24,1,5,4
96,24,0,2,9998
97,23,2,3,2
97,23,1,1,9996
97,23,0,"2,3",9998
98,22,2,1,2
98,22,"0,1",2,3
98,22,3,2,9996
98,22,1,3,9998
99,21,5,2,2
99,21,6,4,4
99,21,"2,3,4",[NULL],9997
99,21,"3,4",3,9998
99,21,4,4,9998
99,21,0,"0,1,3,4",9998
99,21,1,"0,4",9998
100,20,3,1,2
100,20,2,[NULL],9000
100,20,1,3,9998
100,20,0,"2,3",9998
101,19,2,2,3
101,19,"3,4","1,3",3
101,19,4,1,9996
101,19,1,2,9998
101,19,0,"1,2",9998
102,18,2,1,2
102,18,3,3,3
102,18,1,4,9998
102,18,0,"3,4",9998
103,17,3,0,3
103,17,2,3,4
103,17,"0,1",5,5
103,17,1,[NULL],9000
104,16,2,1,2
104,16,3,[NULL],9000
104,16,1,[NULL],9000
104,16,0,2,9998
105,15,2,0,2
105,15,"0,1,3","1,4",9995
105,15,3,5,9997
105,15,4,2,9997
105,15,1,[NULL],9997
106,14,3,0,9996
106,14,1,[NULL],9996
106,14,4,2,9997
106,14,2,0,9998
106,14,"0,5","2,3",9998
106,14,5,3,9998
107,13,"1,2",0,2
107,13,2,[NULL],9000
107,13,0,[NULL],9997
108,12,4,3,2
108,12,3,0,4
108,12,6,2,4
108,12,1,[NULL],9996
108,12,"2,5","1,4",9997
108,12,5,"1,3,4",9997
108,12,0,2,9998
109,11,"1,2",0,2
109,11,4,2,2
109,11,3,[NULL],9000
109,11,2,1,9997
109,11,0,5,9998
110,10,4,[NULL],9000
110,10,2,[NULL],9000
110,10,1,[NULL],9993
110,10,"3,6","0,2,5",9997
110,10,5,"3,4",9997
110,10,6,2,9998
110,10,0,[NULL],9998
111,9,"1,3",0,2
111,9,3,2,2
111,9,2,[NULL],9000
111,9,0,[NULL],9994
112,8,0,[NULL],9000
112,8,1,1,9998
113,7,0,[NULL],9000
114,6,0,[NULL],9000
114,6,1,[NULL],9993
115,5,1,[NULL],9997
115,5,0,0,9998
0,121,0,[NULL],9000
4,117,0,[NULL],9000
4,117,1,[NULL],9000
8,113,0,[NULL],9000
81,40,0,[NULL],9000
83,38,1,[NULL],9000
83,38,2,[NULL],9000
83,38,0,[NULL],9000
85,36,0,1,9998
86,35,0,0,2
86,35,1,[NULL],9997
87,34,0,2,4
87,34,1,0,9998
88,33,0,[NULL],9997
89,32,3,1,2
89,32,1,0,2
89,32,2,0,9996
89,32,0,0,9998
90,31,"2,3",1,4
90,31,0,"0,1",9997
90,31,3,[NULL],9997
90,31,1,0,9998
91,30,1,2,4
91,30,0,0,4
92,29,3,2,2
92,29,1,0,2
92,29,2,2,9996
92,29,0,0,9997
93,28,1,1,9996
93,28,0,0,9996
94,27,3,2,2
94,27,2,3,4
94,27,1,1,9997
94,27,0,[NULL],9997
95,26,2,0,2
95,26,0,3,4
95,26,1,1,4
95,26,3,1,9998
96,25,"2,3",0,2
96,25,3,1,9996
96,25,0,2,9997
96,25,1,[NULL],9997
97,24,3,1,2
97,24,1,1,9996
97,24,0,0,9996
97,24,2,1,9998
98,23,3,"3,4",2
98,23,4,"2,3",2
98,23,"0,1","0,3",2
98,23,1,"0,1,3,4",2
98,23,2,[NULL],9997
99,22,3,1,2
99,22,2,"0,1",2
99,22,4,4,4
99,22,1,2,4
99,22,5,2,9998
99,22,0,"0,2",9998
100,21,2,1,2
100,21,1,"0,1",2
100,21,3,[NULL],9997
100,21,0,"2,4",9998
101,20,4,1,2
101,20,3,"0,1",2
101,20,6,2,3
101,20,5,"1,3",9996
101,20,2,"1,2,3",9997
101,20,1,[NULL],9997
101,20,0,[NULL],9998
102,19,"1,2,4",1,7
102,19,2,2,7
102,19,4,3,9997
102,19,3,2,9998
102,19,0,[NULL],9998
103,18,2,0,2
103,18,1,[NULL],9000
103,18,0,[NULL],9998
104,17,4,[NULL],9000
104,17,3,4,9996
104,17,0,3,9997
104,17,1,[NULL],9997
104,17,2,[NULL],9997
105,16,0,2,2
105,16,"2,3","0,1,3,5",2
105,16,3,"3,5",2
105,16,1,3,9998
106,15,3,"0,2,5",3
106,15,2,"0,2",3
106,15,"0,1",[NULL],9997
106,15,1,3,9998
106,15,4,4,9998
107,14,2,"0,2",2
107,14,0,"0,2",3
107,14,3,7,3
107,14,1,[NULL],9000
108,13,5,0,2
108,13,2,2,3
108,13,6,[NULL],9000
108,13,4,[NULL],9000
108,13,3,[NULL],9000
108,13,1,[NULL],9993
108,13,0,[NULL],9998
109,12,2,6,2
109,12,1,0,9997
109,12,0,2,9998
110,11,0,1,9998
111,10,1,1,2
111,10,0,[NULL],9000
112,9,2,4,9998
112,9,1,2,9998
112,9,0,[NULL],9998
113,8,2,[NULL],9000
113,8,1,[NULL],9000
113,8,0,[NULL],9998
114,7,0,0,2
115,6,0,[NULL],9994
0,122,0,[NULL],9000
4,118,0,[NULL],9000
4,118,1,[NULL],9000
8,114,0,[NULL],9000
81,41,0,[NULL],9000
83,39,1,[NULL],9000
83,39,2,[NULL],9000
83,39,0,[NULL],9000
84,38,1,0,2
84,38,0,0,3
86,36,0,1,2
87,35,0,1,9998
88,34,0,"0,2",2
89,33,0,1,2
90,32,0,0,9998
92,30,0,[NULL],9998
93,29,0,[NULL],9998
94,28,1,3,2
94,28,0,[NULL],9998
95,27,1,2,9998
95,27,0,[NULL],9998
96,26,1,2,2
96,26,0,[NULL],9998
97,25,3,3,9997
97,25,4,2,9998
97,25,0,"0,2,3",9998
97,25,2,3,9998
97,25,1,[NULL],9998
98,24,2,5,2
98,24,0,"0,5",2
98,24,3,3,9998
98,24,1,[NULL],9998
99,23,"2,4","0,3",2
99,23,4,3,9998
99,23,3,1,9998
99,23,0,0,9998
99,23,1,[NULL],9998
100,22,3,[NULL],9996
100,22,2,"0,3",9997
100,22,4,4,9998
100,22,0,5,9998
100,22,1,[NULL],9998
101,21,2,3,2
101,21,1,4,9998
101,21,0,[NULL],9998
102,20,2,2,9998
102,20,3,4,9998
102,20,0,[NULL],9998
102,20,1,[NULL],9998
103,19,2,3,9998
103,19,0,[NULL],9998
103,19,1,[NULL],9998
104,18,3,1,2
104,18,5,3,3
104,18,2,"0,1,3,4",3
104,18,0,[NULL],9993
104,18,4,"2,3",9998
104,18,1,[NULL],9998
105,17,3,1,2
105,17,4,4,2
105,17,2,4,3
105,17,0,2,9998
105,17,1,[NULL],9998
106,16,4,[NULL],9000
106,16,"0,2","2,3",9997
106,16,2,3,9997
106,16,"1,3","4,5",9997
106,16,3,2,9998
107,15,"1,4","2,5",3
107,15,3,2,3
107,15,0,[NULL],9000
107,15,4,4,9997
107,15,2,2,9997
108,14,2,0,2
108,14,1,2,3
108,14,0,[NULL],9994
108,14,3,2,9998
109,13,1,0,2
109,13,"0,2,5","3,6",3
109,13,"3,4",5,3
109,13,5,[NULL],9000
109,13,4,[NULL],9993
109,13,2,"1,2",9994
110,12,2,[NULL],9000
110,12,4,[NULL],9000
110,12,1,[NULL],9995
110,12,3,[NULL],9995
110,12,0,1,9998
111,11,4,2,2
111,11,2,1,2
111,11,7,[NULL],9000
111,11,"1,6",[NULL],9989
111,11,5,[NULL],9995
111,11,3,"0,1,2,5",9996
111,11,6,5,9997
111,11,0,[NULL],9997
112,10,4,[NULL],9000
112,10,2,[NULL],9000
112,10,0,[NULL],9000
112,10,"1,3",4,9994
112,10,3,[NULL],9994
113,9,"2,3",[NULL],9000
113,9,4,[NULL],9992
113,9,0,[NULL],9992
113,9,3,[NULL],9997
113,9,1,1,9998
114,8,2,[NULL],9000
114,8,1,[NULL],9989
114,8,0,[NULL],9998
115,7,1,[NULL],9997
115,7,0,[NULL],9998
116,6,1,[NULL],9995
116,6,0,0,9998
117,5,0,[NULL],9997
0,123,0,[NULL],9000
4,119,0,[NULL],9000
4,119,1,[NULL],9000
8,115,0,[NULL],9000
83,40,0,[NULL],9000
83,40,1,[NULL],9000
84,39,0,[NULL],9000
84,39,1,[NULL],9000
85,38,0,1,4
86,37,1,0,2
86,37,0,0,9998
87,36,1,0,9996
87,36,0,[NULL],9996
88,35,0,3,4
89,34,0,0,2
89,34,1,0,3
90,33,0,0,9996
90,33,1,1,9998
91,32,0,0,3
92,31,0,1,4
93,30,1,1,3
93,30,0,0,4
94,29,2,1,2
94,29,1,1,9996
94,29,0,1,9998
95,28,2,0,3
95,28,1,2,9997
95,28,0,[NULL],9997
95,28,3,3,9998
96,27,2,4,2
96,27,"0,3","0,4",2
96,27,3,2,2
96,27,1,1,4
97,26,3,3,2
97,26,2,3,4
97,26,1,4,9998
97,26,0,2,9998
98,25,3,4,2
98,25,1,3,2
98,25,0,0,2
98,25,2,"0,2",9996
99,24,4,4,2
99,24,5,0,2
99,24,3,0,9996
99,24,2,6,9998
99,24,1,"4,5,6",9998
99,24,0,1,9998
100,23,4,1,2
100,23,"1,2,3",2,3
100,23,"2,3",4,4
100,23,0,3,9998
100,23,3,5,9998
101,22,2,2,2
101,22,4,3,2
101,22,3,4,3
101,22,1,2,9998
101,22,0,"0,2",9998
102,21,3,2,2
102,21,4,1,9996
102,21,1,[NULL],9996
102,21,"2,5",3,9998
102,21,5,4,9998
102,21,0,"0,2,3,4",9998
103,20,"2,3",4,2
103,20,3,0,3
103,20,1,2,9998
103,20,0,"1,2",9998
104,19,2,"0,2,3",2
104,19,1,3,9998
104,19,0,"2,3",9998
105,18,2,3,2
105,18,0,3,4
105,18,3,[NULL],9000
105,18,1,4,9998
106,17,1,[NULL],9000
106,17,2,2,9997
106,17,0,6,9998
107,16,2,3,2
107,16,1,4,9996
107,16,0,[NULL],9998
108,15,0,1,3
108,15,1,[NULL],9000
109,14,1,"0,3,4",2
109,14,3,"0,4",9996
109,14,2,2,9998
109,14,0,[NULL],9998
110,13,3,"0,4",9996
110,13,1,[NULL],9996
110,13,0,3,9998
110,13,2,"3,4",9998
111,12,2,"2,3",9997
111,12,1,2,9998
111,12,0,[NULL],9998
112,11,1,1,2
112,11,3,[NULL],9995
112,11,2,2,9997
112,11,0,[NULL],9997
113,10,3,[NULL],9000
113,10,4,2,9994
113,10,2,3,9996
113,10,1,2,9998
113,10,0,[NULL],9998
114,9,1,[NULL],9000
114,9,2,[NULL],9000
114,9,3,5,9996
114,9,0,[NULL],9996
115,8,0,0,2
115,8,1,[NULL],9000
116,7,0,"2,5",9998
116,7,1,5,9998
0,124,0,[NULL],9000
4,120,0,[NULL],9000
4,120,1,[NULL],9000
8,116,0,[NULL],9000
82,42,0,[NULL],9000
83,41,0,[NULL],9000
85,39,0,0,2
87,37,1,[NULL],9995
87,37,0,[NULL],9997
88,36,0,2,4
89,35,1,1,2
89,35,0,[NULL],9997
90,34,0,0,9996
91,33,2,2,4
91,33,"0,1",0,9997
91,33,1,[NULL],9997
92,32,1,1,4
92,32,0,0,4
93,31,1,0,2
93,31,"0,2",0,9997
93,31,2,1,9997
94,30,3,3,2
94,30,2,"1,2",9996
94,30,0,0,9996
94,30,1,1,9998
95,29,1,3,4
95,29,0,1,9997
95,29,2,3,9998
96,28,4,1,2
96,28,2,0,2
96,28,3,3,3
96,28,1,1,4
96,28,0,0,4
97,27,3,1,9996
97,27,0,3,9997
97,27,4,3,9998
97,27,"1,2",1,9998
97,27,2,2,9998
98,26,6,2,2
98,26,"4,5","1,2",2
98,26,1,0,2
98,26,5,1,9996
98,26,0,0,9996
98,26,2,3,9997
98,26,3,1,9997
99,25,3,0,2
99,25,5,3,2
99,25,0,2,3
99,25,2,[NULL],9997
99,25,4,2,9998
99,25,1,1,9998
100,24,2,1,2
100,24,0,"0,1",2
100,24,"1,3",5,4
100,24,3,4,9998
101,23,3,"2,5",2
101,23,4,5,2
101,23,"0,2","0,2",2
101,23,2,"0,2",9996
101,23,1,[NULL],9997
102,22,2,1,2
102,22,1,"0,1",2
102,22,3,1,9996
102,22,0,2,9998
103,21,3,1,2
103,21,2,"0,1",2
103,21,4,3,4
103,21,1,2,9997
103,21,0,[NULL],9998
104,20,4,1,2
104,20,1,"0,1,3",5
104,20,3,[NULL],9000
104,20,2,[NULL],9000
104,20,0,[NULL],9998
105,19,6,0,2
105,19,"2,3","0,2",3
105,19,3,2,3
105,19,"4,5","1,3",3
105,19,5,"4,5",9996
105,19,1,5,9997
105,19,0,[NULL],9998
106,18,4,4,3
106,18,2,2,3
106,18,3,3,6
106,18,1,"2,5",9996
106,18,0,[NULL],9998
107,17,2,5,9997
107,17,0,[NULL],9997
107,17,1,[NULL],9997
108,16,2,2,2
108,16,1,[NULL],9000
108,16,0,[NULL],9996
109,15,3,0,2
109,15,4,"0,2",2
109,15,1,4,9997
109,15,2,[NULL],9997
109,15,0,[NULL],9997
110,14,2,"1,2",2
110,14,5,1,3
110,14,4,5,9997
110,14,"0,1,3",[NULL],9997
110,14,1,"1,2",9998
110,14,3,2,9998
111,13,0,[NULL],9000
112,12,2,1,2
112,12,1,[NULL],9996
112,12,0,[NULL],9998
113,11,1,[NULL],9997
113,11,0,[NULL],9997
114,10,4,[NULL],9000
114,10,2,[NULL],9000
114,10,3,2,9998
114,10,1,"0,2",9998
114,10,0,[NULL],9998
115,9,"2,5",0,2
115,9,5,1,2
115,9,"3,4",[NULL],9000
115,9,0,[NULL],9000
115,9,4,2,9998
115,9,1,"0,1",9998
116,8,2,[NULL],9992
116,8,1,2,9996
116,8,3,3,9996
116,8,4,3,9998
116,8,0,"1,3",9998
117,7,1,[NULL],9000
117,7,2,[NULL],9000
117,7,0,[NULL],9986
118,6,1,[NULL],9995
118,6,0,[NULL],9996
119,5,0,0,9998
0,125,0,[NULL],9000
4,121,0,[NULL],9000
4,121,1,[NULL],9000
8,117,0,[NULL],9000
83,42,0,[NULL],9000
85,40,0,[NULL],9000
85,40,1,[NULL],9000
87,38,0,[NULL],9000
93,32,1,1,2
93,32,0,[NULL],9998
94,31,3,2,2
94,31,2,1,3
94,31,1,0,9998
94,31,0,[NULL],9998
95,30,1,2,9998
95,30,0,[NULL],9998
96,29,3,4,2
96,29,1,"1,2",2
96,29,2,2,2
96,29,0,[NULL],9998
97,28,2,1,9998
97,28,1,0,9998
97,28,0,[NULL],9998
98,27,2,4,2
98,27,1,1,2
98,27,0,[NULL],9998
99,26,4,3,2
99,26,3,2,9998
99,26,2,1,9998
99,26,1,3,9998
99,26,0,[NULL],9998
100,25,2,5,9998
100,25,1,"2,4",9998
100,25,0,[NULL],9998
101,24,2,0,2
101,24,1,1,9998
101,24,0,[NULL],9998
102,23,1,2,9998
102,23,0,[NULL],9998
103,22,2,3,9998
103,22,0,[NULL],9998
103,22,1,[NULL],9998
104,21,2,4,9998
104,21,0,[NULL],9998
104,21,1,[NULL],9998
105,20,2,2,3
105,20,3,4,9998
105,20,0,[NULL],9998
105,20,1,[NULL],9998
106,19,4,5,9997
106,19,3,3,9998
106,19,0,"1,3",9998
106,19,2,5,9998
106,19,1,[NULL],9998
107,18,1,6,9998
107,18,0,[NULL],9998
108,17,2,[NULL],9000
108,17,0,[NULL],9000
108,17,3,3,9998
108,17,1,[NULL],9998
109,16,"1,2",1,2
109,16,2,"0,1",2
109,16,0,5,9998
110,15,"2,3",2,3
110,15,"0,1,3,5",3,4
110,15,5,[NULL],9000
110,15,3,[NULL],9000
110,15,1,[NULL],9000
110,15,6,4,9997
110,15,4,4,9998
111,14,2,2,3
111,14,0,[NULL],9000
111,14,4,[NULL],9000
111,14,3,[NULL],9000
111,14,1,[NULL],9997
112,13,3,[NULL],9000
112,13,4,"3,4",9997
112,13,2,"0,3",9997
112,13,1,[NULL],9997
112,13,0,[NULL],9997
113,12,2,3,2
113,12,0,"1,3",2
113,12,3,2,9997
113,12,1,0,9997
114,11,2,4,2
114,11,"0,1",1,2
114,11,1,[NULL],9000
115,10,3,4,2
115,10,1,"0,4",2
115,10,2,[NULL],9000
115,10,0,[NULL],9991
117,8,0,[NULL],9997
118,7,0,0,2
119,6,1,[NULL],9996
119,6,0,[NULL],9996
0,126,0,[NULL],9000
4,122,0,[NULL],9000
4,122,1,[NULL],9000
8,118,0,[NULL],9000
83,43,0,[NULL],9000
85,41,0,[NULL],9000
85,41,1,[NULL],9000
86,40,0,1,4
87,39,0,[NULL],9000
87,39,1,0,9998
88,38,1,1,9997
88,38,0,[NULL],9997
89,37,0,0,4
90,36,0,"0,1",3
91,35,0,0,9996
92,34,0,"0,2",3
92,34,1,2,3
92,34,2,0,9996
93,33,0,1,2
93,33,1,1,4
94,32,2,1,2
94,32,1,0,3
94,32,0,1,9998
95,31,0,0,9996
95,31,1,3,9998
96,30,1,2,2
96,30,0,1,2
96,30,3,0,3
96,30,2,2,9998
97,29,3,2,3
97,29,1,3,3
97,29,"0,2",2,4
97,29,2,2,9998
98,28,2,3,2
98,28,1,2,2
98,28,3,1,2
98,28,0,3,4
99,27,5,2,2
99,27,"2,4",1,2
99,27,4,4,9996
99,27,1,[NULL],9996
99,27,3,3,9998
99,27,0,1,9998
100,26,1,1,2
100,26,0,2,9996
101,25,2,1,2
101,25,1,4,4
101,25,0,2,9998
102,24,3,2,2
102,24,2,1,3
102,24,0,"0,2",9998
102,24,1,2,9998
103,23,4,2,2
103,23,3,1,9996
103,23,"1,2",[NULL],9996
103,23,0,"0,1,3",9998
103,23,2,3,9998
104,22,4,3,2
104,22,5,1,3
104,22,1,[NULL],9997
104,22,"2,3","3,4",9998
104,22,3,3,9998
104,22,0,"1,3",9998
105,21,3,3,2
105,21,1,"0,3",2
105,21,5,2,2
105,21,4,[NULL],9000
105,21,2,6,9998
105,21,0,"2,6",9998
106,20,6,1,2
106,20,5,2,3
106,20,4,1,4
106,20,2,4,9998
106,20,3,6,9998
106,20,0,"3,6",9998
106,20,1,"1,4",9998
107,19,3,3,2
107,19,1,4,9998
107,19,0,"2,4",9998
107,19,2,7,9998
108,18,5,0,2
108,18,4,1,3
108,18,0,3,4
108,18,2,3,9997
108,18,1,[NULL],9997
108,18,3,"3,4",9998
109,17,4,4,2
109,17,5,4,3
109,17,0,3,4
109,17,3,[NULL],9000
109,17,2,4,9998
109,17,6,"3,4",9998
109,17,1,[NULL],9998
110,16,5,[NULL],9000
110,16,"4,6",[NULL],9000
110,16,2,[NULL],9994
110,16,"1,3,6","2,4,5",9995
110,16,"3,6",4,9997
110,16,6,5,9997
110,16,0,[NULL],9997
111,15,3,"1,5",9995
111,15,2,2,9996
111,15,4,1,9996
111,15,1,[NULL],9996
111,15,0,[NULL],9997
112,14,3,2,4
112,14,0,[NULL],9000
112,14,2,[NULL],9000
112,14,1,2,9998
113,13,5,3,4
113,13,3,[NULL],9000
113,13,"0,2","0,1,2",9997
113,13,"1,4",[NULL],9997
113,13,4,3,9998
113,13,2,[NULL],9998
114,12,3,[NULL],9000
114,12,2,[NULL],9993
114,12,1,[NULL],9993
114,12,0,[NULL],9998
115,11,6,[NULL],9000
115,11,2,[NULL],9000
115,11,7,[NULL],9000
115,11,0,[NULL],9994
115,11,4,"2,6",9997
115,11,5,4,9997
115,11,1,[NULL],9997
115,11,3,[NULL],9997
116,10,3,[NULL],9000
116,10,5,[NULL],9000
116,10,4,[NULL],9994
116,10,2,[NULL],9996
116,10,1,[NULL],9996
116,10,0,"2,3",9997
117,9,3,2,9995
117,9,0,[NULL],9996
117,9,1,[NULL],9997
117,9,2,2,9998
118,8,0,[NULL],9997
0,127,0,[NULL],9000
4,123,0,[NULL],9000
4,123,1,[NULL],9000
8,119,0,[NULL],9000
86,41,0,1,2
87,40,1,[NULL],9000
87,40,0,[NULL],9000
88,39,0,[NULL],9998
89,38,0,0,4
90,37,0,0,9998
91,36,0,0,9996
92,35,0,[NULL],9997
93,34,1,0,2
93,34,2,2,4
93,34,0,0,4
94,33,3,1,2
94,33,"1,2",[NULL],9997
94,33,2,1,9998
94,33,0,"0,1",9998
95,32,2,2,2
95,32,1,1,9996
95,32,0,0,9996
95,32,3,0,9998
96,31,2,2,2
96,31,1,3,4
96,31,0,0,9997
97,30,1,5,4
97,30,0,0,4
97,30,2,1,9998
98,29,3,3,2
98,29,1,0,2
98,29,2,1,9996
98,29,0,0,9997
99,28,3,2,9996
99,28,0,0,9996
99,28,1,2,9997
99,28,4,2,9998
99,28,2,1,9998
100,27,2,0,2
100,27,0,2,4
100,27,1,[NULL],9997
101,26,"0,2",0,2
101,26,2,1,2
101,26,1,3,4
102,25,"0,1,3",0,2
102,25,3,2,2
102,25,1,"0,3",9996
102,25,2,[NULL],9997
103,24,"3,4","2,3",2
103,24,4,2,2
103,24,1,"0,3",2
103,24,2,1,9996
103,24,0,"2,3",9998
104,23,6,2,2
104,23,2,"0,2",2
104,23,"4,5",5,4
104,23,"0,1,3",4,9997
104,23,3,[NULL],9997
104,23,5,4,9998
104,23,1,"1,4",9998
105,22,4,2,2
105,22,6,3,2
105,22,3,"0,3",2
105,22,1,"1,2",2
105,22,5,4,3
105,22,2,1,4
105,22,0,[NULL],9998
106,21,4,1,2
106,21,2,"0,1",2
106,21,7,2,2
106,21,5,4,9997
106,21,3,"2,4,6",9997
106,21,6,3,9998
106,21,1,"2,3",9998
106,21,0,[NULL],9998
107,20,"3,4",3,2
107,20,4,3,9996
107,20,1,0,9996
107,20,2,4,9997
107,20,5,5,9998
107,20,0,[NULL],9998
108,19,4,2,2
108,19,3,"2,6",2
108,19,2,[NULL],2
108,19,1,2,6
108,19,0,[NULL],9998
109,18,4,6,3
109,18,3,[NULL],9000
109,18,2,[NULL],9000
109,18,0,[NULL],9000
109,18,1,[NULL],9000
109,18,5,4,9998
110,17,1,[NULL],9000
110,17,0,"3,5,6",9998
111,16,2,1,2
111,16,"3,4",4,3
111,16,"0,4","2,4",3
111,16,4,"1,3",6
111,16,1,3,9996
112,15,3,1,2
112,15,2,3,3
112,15,0,1,3
112,15,1,[NULL],9997
113,14,3,[NULL],9000
113,14,0,[NULL],9996
113,14,1,"1,3",9998
113,14,2,3,9998
114,13,3,2,9997
114,13,1,0,9997
114,13,0,"1,3",9998
114,13,2,"1,2",9998
115,12,2,1,4
115,12,3,3,4
115,12,"0,1",5,9998
115,12,1,[NULL],9998
116,11,2,2,2
116,11,4,[NULL],9000
116,11,1,5,9997
116,11,3,1,9998
116,11,0,0,9998
117,10,4,[NULL],9000
117,10,2,[NULL],9994
117,10,0,[NULL],9997
117,10,1,[NULL],9997
117,10,3,3,9998
118,9,"0,1,3,5","2,3,4",9996
118,9,3,4,9996
118,9,1,4,9997
118,9,5,3,9997
118,9,2,[NULL],9997
118,9,4,5,9998
119,8,0,2,9997
0,128,0,[NULL],9000
4,124,0,[NULL],9000
4,124,1,[NULL],9000
8,120,0,[NULL],9000
86,42,0,[NULL],9000
86,42,1,[NULL],9000
87,41,1,1,3
87,41,2,[NULL],9000
87,41,0,[NULL],9000
89,39,0,0,2
93,35,1,2,2
93,35,0,"0,2",2
94,34,0,3,2
95,33,1,1,9998
95,33,0,[NULL],9998
96,32,1,2,2
96,32,0,[NULL],9998
97,31,1,1,9998
97,31,0,[NULL],9998
98,30,2,4,2
98,30,1,2,2
98,30,0,[NULL],9998
99,29,2,3,9998
99,29,1,1,9998
99,29,0,[NULL],9998
100,28,1,3,9998
100,28,0,[NULL],9998
101,27,0,"0,2",9998
101,27,1,[NULL],9998
102,26,"2,3",0,2
102,26,"1,3",[NULL],9997
102,26,3,2,9998
102,26,0,[NULL],9998
103,25,4,5,2
103,25,1,"1,3,5",2
103,25,"3,5","0,3",9997
103,25,2,0,9998
103,25,5,2,9998
103,25,0,[NULL],9998
104,24,2,3,9998
104,24,3,5,9998
104,24,1,"2,3",9998
104,24,0,[NULL],9998
105,23,3,6,2
105,23,2,"1,6",2
105,23,1,[NULL],9997
105,23,4,4,9998
105,23,0,[NULL],9998
106,22,5,5,2
106,22,4,7,9998
106,22,3,5,9998
106,22,2,1,9998
106,22,0,[NULL],9998
106,22,1,[NULL],9998
107,21,3,2,3
107,21,2,5,9998
107,21,4,6,9998
107,21,0,[NULL],9998
107,21,1,[NULL],9998
108,20,4,5,2
108,20,3,2,9998
108,20,2,3,9998
108,20,0,[NULL],9998
108,20,1,[NULL],9998
109,19,"3,5,6",0,2
109,19,4,"3,6",3
109,19,5,"1,3",3
109,19,0,[NULL],9993
109,19,6,4,9998
109,19,2,"1,3",9998
109,19,1,[NULL],9998
110,18,4,[NULL],9000
110,18,1,[NULL],9996
110,18,3,3,9998
110,18,2,"3,4",9998
110,18,0,[NULL],9998
111,17,2,[NULL],9000
111,17,"0,1","2,4",9997
111,17,1,4,9997
112,16,"1,3",1,2
112,16,3,2,2
112,16,"0,2","0,2",3
112,16,2,4,6
113,15,"1,3",0,2
113,15,"2,3","0,2",2
113,15,3,[NULL],9997
113,15,0,4,9998
114,14,5,"0,1,3",2
114,14,"2,6",4,3
114,14,4,5,3
114,14,6,[NULL],9000
114,14,7,[NULL],9000
114,14,1,[NULL],9995
114,14,"0,3","0,4",9997
114,14,3,4,9997
115,13,1,3,2
115,13,0,0,2
115,13,"2,3","0,1,2",3
115,13,3,7,9998
116,12,3,"0,3",2
116,12,2,0,9996
116,12,1,[NULL],9996
116,12,0,1,9997
117,11,5,4,2
117,11,2,[NULL],9000
117,11,1,[NULL],9000
117,11,0,[NULL],9992
117,11,3,3,9997
117,11,4,5,9998
118,10,5,[NULL],9000
118,10,4,[NULL],9993
118,10,2,[NULL],9993
118,10,3,[NULL],9993
118,10,1,[NULL],9994
118,10,6,6,9998
118,10,0,[NULL],9998
119,9,1,[NULL],9989
119,9,3,[NULL],9997
119,9,0,[NULL],9997
119,9,2,0,9998
120,8,3,[NULL],9996
120,8,2,[NULL],9996
120,8,0,[NULL],9998
120,8,1,[NULL],9998
121,7,1,[NULL],9991
121,7,3,3,9997
121,7,2,2,9997
121,7,0,[NULL],9997
126,2,0,[NULL],9993
127,1,0,0,9998
0,129,0,[NULL],9000
4,125,0,[NULL],9000
4,125,1,[NULL],9000
8,121,0,[NULL],9000
87,42,0,[NULL],9000
87,42,2,[NULL],9000
87,42,1,[NULL],9000
89,40,1,[NULL],9997
89,40,0,[NULL],9997
90,39,0,0,4
91,38,0,2,4
92,37,0,1,9996
93,36,0,0,9996
94,35,1,1,2
94,35,0,0,4
95,34,0,0,3
95,34,1,0,9997
96,33,1,1,2
96,33,0,0,9996
97,32,0,0,3
98,31,3,2,2
98,31,1,1,2
98,31,2,1,3
98,31,4,4,4
98,31,0,[NULL],4
99,30,3,1,2
99,30,2,0,4
99,30,1,3,9998
99,30,0,1,9998
100,29,"0,2",0,2
100,29,2,2,9996
100,29,1,2,9997
101,28,2,2,2
101,28,1,0,9996
101,28,0,1,9998
102,27,0,2,2
102,27,2,5,2
102,27,1,3,4
103,26,3,2,2
103,26,5,3,2
103,26,2,"1,2",2
103,26,4,"0,1,3",3
103,26,1,2,9998
103,26,0,3,9998
104,25,4,4,2
104,25,3,1,9996
104,25,0,"2,5",9998
104,25,2,6,9998
104,25,1,4,9998
105,24,7,4,2
105,24,5,3,2
105,24,1,2,2
105,24,4,5,3
105,24,"2,6","3,5",3
105,24,6,"0,1",9996
105,24,3,3,9998
105,24,0,"0,3,5",9998
106,23,5,2,2
106,23,6,4,2
106,23,4,2,3
106,23,3,[NULL],9997
106,23,2,3,9998
106,23,1,1,9998
106,23,0,"0,3",9998
107,22,2,3,2
107,22,3,2,2
107,22,1,4,9998
107,22,4,5,9998
107,22,0,"1,4",9998
108,21,4,3,2
108,21,"1,3",2,2
108,21,3,3,9996
108,21,2,3,9998
108,21,0,"1,3",9998
109,20,3,3,2
109,20,4,"2,3",2
109,20,1,3,9998
109,20,2,5,9998
109,20,0,"1,3",9998
110,19,2,2,4
110,19,1,4,4
110,19,0,4,9998
110,19,3,5,9998
111,18,0,[NULL],5
111,18,1,5,9998
112,17,4,0,2
112,17,1,"2,5",9995
112,17,2,2,9996
112,17,3,"3,4",9998
112,17,0,[NULL],9998
113,16,2,3,3
113,16,0,1,3
113,16,1,5,9996
114,15,7,3,2
114,15,4,[NULL],9000
114,15,"0,1",6,9997
114,15,"2,5","0,4",9997
114,15,5,4,9997
114,15,1,[NULL],9997
114,15,6,6,9998
114,15,3,[NULL],9998
115,14,5,1,3
115,14,4,[NULL],9000
115,14,3,[NULL],9000
115,14,"0,2",[NULL],9994
115,14,2,"1,3",9995
115,14,1,[NULL],9996
116,13,5,4,2
116,13,4,[NULL],9000
116,13,3,[NULL],9000
116,13,2,"4,5",9997
116,13,"0,1",5,9998
116,13,1,[NULL],9998
117,12,6,6,2
117,12,4,1,3
117,12,3,"0,1",3
117,12,"0,1,2","1,3,6,7",9997
117,12,2,3,9997
117,12,5,"6,7",9997
117,12,1,[NULL],9997
118,11,0,2,2
118,11,2,0,3
118,11,1,[NULL],9993
118,11,3,6,9998
119,10,2,[NULL],9000
119,10,"1,4",[NULL],9994
119,10,4,[NULL],9994
119,10,3,[NULL],9994
119,10,0,[NULL],9996
120,9,0,6,9998
121,8,0,[NULL],9992
123,6,0,[NULL],9996
126,3,0,0,2
127,2,0,1,9998
0,130,0,[NULL],9000
4,126,0,[NULL],9000
4,126,1,[NULL],9000
8,122,0,[NULL],9000
87,43,0,[NULL],9000
87,43,2,[NULL],9000
87,43,1,[NULL],9000
90,40,0,0,4
91,39,0,0,9998
92,38,0,2,9997
93,37,0,[NULL],9997
94,36,1,1,4
94,36,0,0,4
95,35,1,"0,1",9997
95,35,0,[NULL],9997
96,34,2,0,9996
96,34,0,"0,1",9997
96,34,1,[NULL],9997
97,33,1,2,4
97,33,0,0,9997
98,32,3,1,2
98,32,1,0,2
98,32,2,3,4
98,32,0,0,4
99,31,2,"2,3",9996
99,31,0,2,9997
99,31,3,2,9998
99,31,1,1,9998
100,30,1,0,2
100,30,3,2,9996
100,30,0,0,9996
100,30,2,3,9998
101,29,3,[NULL],3
101,29,0,1,4
101,29,4,2,9997
101,29,"1,2",[NULL],9997
101,29,2,1,9998
102,28,2,1,2
102,28,3,0,2
102,28,0,"3,5",3
102,28,1,2,4
103,27,"2,5",0,2
103,27,6,2,2
103,27,4,1,2
103,27,5,3,9996
103,27,0,2,9997
103,27,1,[NULL],9997
103,27,3,1,9998
104,26,3,3,2
104,26,"0,5","0,3",2
104,26,2,2,9996
104,26,5,"0,3,4",9996
104,26,4,3,9998
104,26,1,2,9998
105,25,3,2,2
105,25,1,1,2
105,25,0,"0,2,3",2
105,25,2,[NULL],9997
106,24,4,1,2
106,24,5,4,2
106,24,1,"0,1",2
106,24,3,4,4
106,24,0,1,4
106,24,2,1,9998
107,23,3,2,2
107,23,1,"0,2",2
107,23,"2,4",[NULL],9997
107,23,4,4,9998
107,23,0,2,9998
108,22,3,1,2
108,22,5,2,2
108,22,1,"0,1",2
108,22,2,0,9996
108,22,4,2,9996
108,22,0,[NULL],9998
109,21,4,0,2
109,21,5,3,2
109,21,2,"1,3,6",5
109,21,3,[NULL],9000
109,21,1,[NULL],9000
109,21,0,[NULL],9998
110,20,5,1,2
110,20,"2,4","0,1",3
110,20,4,1,3
110,20,3,1,4
110,20,1,3,5
110,20,6,4,9998
110,20,0,[NULL],9998
111,19,"3,4",3,2
111,19,4,[NULL],9000
111,19,1,"1,5,8",9996
111,19,2,3,9998
111,19,0,[NULL],9998
112,18,3,[NULL],9000
112,18,4,6,9997
112,18,1,4,9997
112,18,2,[NULL],9997
112,18,0,[NULL],9997
113,17,6,6,2
113,17,"0,4","0,1,3",3
113,17,4,3,3
113,17,3,[NULL],9997
113,17,1,4,9998
113,17,5,"3,4",9998
113,17,2,1,9998
114,16,4,[NULL],9000
114,16,"3,5",[NULL],9000
114,16,0,1,9997
114,16,"1,5","2,5",9997
114,16,2,"4,5",9997
114,16,5,5,9997
115,15,5,"0,1,2",2
115,15,1,0,3
115,15,3,[NULL],9995
115,15,2,3,9996
115,15,0,"6,7",9997
115,15,4,[NULL],9997
116,14,3,3,3
116,14,2,3,5
116,14,"0,1",5,9997
116,14,1,[NULL],9997
117,13,6,3,2
117,13,"2,3,4","0,1,3,5",4
117,13,4,3,4
117,13,5,"9,10",9997
117,13,3,4,9998
117,13,0,"2,5",9998
117,13,1,[NULL],9998
118,12,2,[NULL],9994
118,12,5,[NULL],9995
118,12,0,[NULL],9995
118,12,3,[NULL],9996
118,12,4,4,9997
118,12,"1,6",2,9997
118,12,6,5,9998
119,11,6,0,2
119,11,3,[NULL],9000
119,11,0,7,9997
119,11,4,3,9998
119,11,5,2,9998
119,11,1,[NULL],9998
119,11,2,[NULL],9998
120,10,3,3,3
120,10,2,2,3
120,10,1,[NULL],9000
120,10,0,[NULL],9998
121,9,2,[NULL],9000
121,9,1,"3,5",9997
121,9,0,[NULL],9997
122,8,0,[NULL],9993
124,6,0,9,9995
125,5,0,2,9998
126,4,1,0,2
126,4,0,5,9997
127,3,0,[NULL],9986
127,3,1,0,9998
128,2,0,[NULL],9000
0,131,0,[NULL],9000
4,127,0,[NULL],9000
4,127,1,[NULL],9000
8,123,0,[NULL],9000
87,44,0,[NULL],9000
88,43,0,[NULL],9000
90,41,0,0,2
91,40,0,[NULL],9000
94,37,0,1,3
95,36,0,1,9997
97,34,0,[NULL],9998
98,33,2,3,2
98,33,1,1,2
98,33,0,[NULL],9998
99,32,3,2,2
99,32,2,1,3
99,32,4,1,9998
99,32,1,0,9998
99,32,0,[NULL],9998
100,31,1,2,2
100,31,0,[NULL],9998
101,30,1,1,9998
101,30,0,[NULL],9998
102,29,1,3,2
102,29,0,[NULL],9998
103,28,3,4,2
103,28,2,1,2
103,28,1,0,9998
103,28,4,"2,3",9998
103,28,0,[NULL],9998
104,27,3,3,9997
104,27,2,3,9998
104,27,1,2,9998
104,27,0,[NULL],9998
105,26,1,2,2
105,26,2,2,9998
105,26,0,[NULL],9998
106,25,4,4,2
106,25,2,"0,2,4",2
106,25,"1,3",2,9998
106,25,3,"1,2",9998
106,25,0,[NULL],9998
107,24,1,2,9998
107,24,0,[NULL],9998
108,23,2,4,9998
108,23,0,[NULL],9998
108,23,1,[NULL],9998
109,22,4,6,2
109,22,3,3,9998
109,22,2,2,9998
109,22,0,[NULL],9998
109,22,1,[NULL],9998
110,21,3,2,2
110,21,0,"1,3,5",9998
110,21,4,4,9998
110,21,5,5,9998
110,21,1,[NULL],9998
110,21,2,[NULL],9998
111,20,"1,2",[NULL],9997
111,20,3,3,9998
111,20,2,5,9998
111,20,0,[NULL],9998
112,19,4,1,2
112,19,3,"1,5",2
112,19,1,"2,4",2
112,19,2,7,9998
112,19,0,[NULL],9998
113,18,6,"0,1",3
113,18,"0,4","2,5",3
113,18,4,5,3
113,18,3,[NULL],9996
113,18,5,4,9998
113,18,7,6,9998
113,18,1,2,9998
113,18,2,[NULL],9998
114,17,2,[NULL],9000
114,17,1,[NULL],9000
114,17,0,9,9998
115,16,"4,5",2,3
115,16,0,2,4
115,16,5,[NULL],9000
115,16,3,[NULL],9000
115,16,1,[NULL],9000
115,16,6,5,9997
115,16,2,[NULL],9997
116,15,4,3,2
116,15,"2,5","0,2,3,4",2
116,15,"1,3,6,7","0,1,2",3
116,15,3,2,3
116,15,"6,7",5,3
116,15,5,[NULL],9000
116,15,7,[NULL],9000
116,15,0,1,9998
117,14,5,"0,6",2
117,14,"1,4",[NULL],9995
117,14,4,8,9997
117,14,2,6,9997
117,14,0,"3,6",9997
117,14,3,10,9998
118,13,3,4,2
118,13,2,5,2
118,13,1,5,9997
118,13,4,5,9998
118,13,0,[NULL],9998
119,12,"2,3",[NULL],9000
119,12,1,[NULL],9996
119,12,3,9,9998
119,12,0,[NULL],9998
120,11,2,[NULL],9000
120,11,3,5,9998
120,11,0,[NULL],9998
120,11,1,[NULL],9998
121,10,2,[NULL],9992
121,10,1,2,9998
121,10,0,[NULL],9998
122,9,"0,1,2,4","1,9",9997
122,9,4,5,9997
122,9,2,[NULL],9997
122,9,1,[NULL],9997
122,9,3,5,9998
123,8,1,"6,7",9997
123,8,0,[NULL],9997
124,7,2,0,2
124,7,1,2,9994
124,7,0,"5,6",9997
125,6,0,4,9996
125,6,1,"4,5,7",9996
126,5,0,1,2
127,4,0,1,9998
0,132,0,[NULL],9000
4,128,0,[NULL],9000
4,128,1,[NULL],9000
8,124,0,[NULL],9000
90,42,0,[NULL],9998
91,41,2,0,3
91,41,1,0,4
91,41,"0,3",[NULL],9000
91,41,3,[NULL],9000
92,40,0,0,4
93,39,0,0,9997
94,38,"0,1",1,3
94,38,1,0,9996
95,37,"0,1",0,3
95,37,1,0,4
95,37,2,0,9997
96,36,0,0,3
97,35,1,0,9996
97,35,0,[NULL],9996
98,34,1,4,2
98,34,0,1,2
98,34,2,0,3
99,33,2,2,4
99,33,1,3,9998
99,33,0,1,9998
100,32,1,1,2
100,32,2,4,3
100,32,0,1,4
101,31,2,0,9996
101,31,1,3,9998
101,31,0,1,9998
102,30,0,1,2
102,30,"2,3",4,2
102,30,3,0,3
102,30,1,0,9996
103,29,3,2,2
103,29,2,"1,3",2
103,29,1,3,4
103,29,0,2,9998
104,28,2,2,2
104,28,"0,1",6,4
104,28,1,4,9998
105,27,2,"1,3",2
105,27,1,1,2
105,27,0,0,9996
106,26,2,1,2
106,26,1,0,9996
106,26,0,2,9998
107,25,4,2,2
107,25,3,3,4
107,25,"1,2",[NULL],9997
107,25,2,2,9998
107,25,0,"0,2",9998
108,24,3,3,2
108,24,2,2,2
108,24,1,3,9998
108,24,0,"1,3",9998
109,23,"1,3,5",0,2
109,23,4,4,2
109,23,5,5,2
109,23,3,2,9996
109,23,2,3,9998
109,23,0,"1,3",9998
110,22,3,3,2
110,22,5,2,2
110,22,4,[NULL],9000
110,22,0,"4,7",9998
110,22,2,6,9998
110,22,1,"3,6",9998
110,22,6,7,9998
111,21,7,2,2
111,21,6,4,3
111,21,4,1,3
111,21,2,2,4
111,21,5,7,9998
111,21,3,6,9998
111,21,0,"2,6",9998
111,21,1,4,9998
112,20,4,5,2
112,20,6,7,2
112,20,2,"1,4",2
112,20,5,1,4
112,20,3,4,9998
112,20,1,5,9998
112,20,0,"1,4",9998
113,19,9,"0,2",2
113,19,1,0,3
113,19,"2,5","1,5",3
113,19,"4,5",2,3
113,19,5,5,3
113,19,8,[NULL],9000
113,19,7,3,9997
113,19,0,"2,4",9998
113,19,6,5,9998
113,19,3,3,9998
114,18,"6,7",0,3
114,18,1,[NULL],9000
114,18,5,[NULL],9000
114,18,"7,8","1,2,5",9996
114,18,3,"5,6",9998
114,18,4,5,9998
114,18,"0,2","2,6,9",9998
114,18,8,9,9998
114,18,2,8,9998
115,17,1,0,2
115,17,5,"0,1",3
115,17,3,[NULL],9000
115,17,4,[NULL],9000
115,17,2,[NULL],9000
115,17,6,5,9997
115,17,0,[NULL],9997
116,16,10,3,2
116,16,9,5,3
116,16,6,[NULL],9000
116,16,8,[NULL],9000
116,16,"2,3,4",[NULL],9000
116,16,5,[NULL],9994
116,16,4,"3,5",9995
116,16,0,[NULL],9995
116,16,3,1,9996
116,16,1,[NULL],9996
116,16,7,1,9998
117,15,5,4,2
117,15,4,4,3
117,15,2,"1,6",3
117,15,0,"4,8",9998
117,15,3,5,9998
117,15,1,2,9998
118,14,9,3,2
118,14,7,0,3
118,14,4,[NULL],9000
118,14,"1,2,5,8",[NULL],9000
118,14,6,[NULL],9996
118,14,"0,5,8","0,1,3,4",9997
118,14,5,3,9997
118,14,3,[NULL],9997
118,14,8,[NULL],9997
118,14,2,[NULL],9997
119,13,5,3,2
119,13,1,[NULL],9000
119,13,"2,3",[NULL],9000
119,13,4,[NULL],9993
119,13,6,[NULL],9993
119,13,3,2,9998
119,13,0,"0,2",9998
120,12,2,1,2
120,12,"3,5",1,3
120,12,5,[NULL],9000
120,12,4,[NULL],9993
120,12,1,6,9997
120,12,0,[NULL],9997
121,11,5,3,2
121,11,2,[NULL],9996
121,11,1,[NULL],9996
121,11,"0,3",1,9997
121,11,3,2,9997
121,11,4,5,9998
121,11,6,6,9998
122,10,4,[NULL],9000
122,10,6,[NULL],9000
122,10,5,[NULL],9993
122,10,1,[NULL],9995
122,10,3,[NULL],9995
122,10,2,[NULL],9995
122,10,7,8,9998
122,10,0,"0,8",9998
123,9,"3,4",[NULL],9000
123,9,4,[NULL],9996
123,9,1,[NULL],9997
123,9,2,4,9998
123,9,0,"2,4,6,7",9998
124,8,"0,1,2","2,9",9997
124,8,2,6,9997
124,8,3,"1,9",9997
124,8,1,[NULL],9997
125,7,5,0,3
125,7,"0,3,4",0,9997
125,7,4,3,9997
125,7,3,2,9997
125,7,2,[NULL],9997
125,7,1,3,9998
126,6,1,0,2
126,6,0,[NULL],9997
127,5,0,1,9998
128,4,0,[NULL],9000
129,3,0,[NULL],9000
130,2,0,[NULL],9993
131,1,0,0,9998
0,133,0,[NULL],9000
4,129,0,[NULL],9000
4,129,1,[NULL],9000
8,125,0,[NULL],9000
89,44,0,[NULL],9000
91,42,1,[NULL],9000
91,42,2,[NULL],9000
91,42,0,[NULL],9000
93,40,0,1,9998
94,39,1,0,3
94,39,0,[NULL],9997
95,38,0,2,4
95,38,1,1,9997
96,37,0,[NULL],9997
97,36,1,0,9996
97,36,0,0,9998
98,35,3,1,2
98,35,1,0,2
98,35,2,2,4
98,35,0,0,9997
99,34,2,3,4
99,34,0,0,4
99,34,3,[NULL],9997
99,34,1,1,9998
100,33,3,1,2
100,33,1,0,2
100,33,2,3,9996
100,33,0,2,9997
101,32,1,1,9996
101,32,0,0,9996
102,31,2,0,2
102,31,3,5,4
102,31,1,1,9997
102,31,0,[NULL],9997
103,30,4,1,2
103,30,3,3,3
103,30,2,2,4
103,30,0,5,4
103,30,1,1,9998
104,29,2,2,9996
104,29,"0,3",3,9997
104,29,"1,3",[NULL],9997
104,29,3,2,9998
105,28,2,0,2
105,28,1,1,9996
105,28,0,0,9996
106,27,2,2,2
106,27,0,"0,2",2
106,27,1,[NULL],9997
107,26,3,1,2
107,26,1,"0,1",2
107,26,0,2,4
107,26,2,4,4
108,25,3,2,2
108,25,1,"0,2",2
108,25,2,[NULL],9997
108,25,0,"1,2",9998
109,24,"4,7",0,2
109,24,6,2,2
109,24,3,"1,2",2
109,24,7,6,2
109,24,5,"1,2",9996
109,24,1,"2,3",9997
109,24,2,[NULL],9997
109,24,0,[NULL],9998
110,23,7,5,2
110,23,6,3,2
110,23,2,"0,3",2
110,23,4,"1,4",2
110,23,5,[NULL],3
110,23,"1,8",1,4
110,23,8,4,9997
110,23,"3,9","1,3",9998
110,23,9,3,9998
110,23,0,[NULL],9998
111,22,4,3,2
111,22,5,1,2
111,22,1,"0,3",2
111,22,2,1,5
111,22,6,4,9998
111,22,3,3,9998
111,22,0,[NULL],9998
112,21,"2,4",0,2
112,21,5,6,2
112,21,3,"3,5",2
112,21,4,"4,6",9996
112,21,1,5,9997
112,21,0,[NULL],9998
113,20,"5,6",3,2
113,20,6,"3,4",2
113,20,"2,9","0,2,3,4",2
113,20,9,8,2
113,20,8,2,2
113,20,1,"1,3",9996
113,20,7,5,9998
113,20,4,4,9998
113,20,3,2,9998
113,20,0,[NULL],9998
114,19,5,6,3
114,19,3,2,4
114,19,1,0,5
114,19,"6,7",[NULL],9000
114,19,"2,7",[NULL],9997
114,19,4,5,9998
114,19,7,8,9998
114,19,0,"3,5,8",9998
115,18,1,7,2
115,18,0,[NULL],9000
116,17,"4,8",0,2
116,17,5,3,2
116,17,2,1,2
116,17,8,4,3
116,17,6,2,3
116,17,3,"0,2",3
116,17,0,[NULL],9996
116,17,1,[NULL],9997
116,17,7,5,9998
117,16,5,1,3
117,16,4,2,9996
117,16,2,3,9996
117,16,"0,1",[NULL],9996
117,16,3,5,9998
117,16,1,2,9998
118,15,2,3,2
118,15,0,"0,1,3",2
118,15,1,"3,5",9998
119,14,2,[NULL],9000
119,14,"1,3",[NULL],9994
119,14,3,[NULL],9997
119,14,0,[NULL],9998
120,13,5,4,2
120,13,6,6,2
120,13,3,[NULL],9000
120,13,"0,2",[NULL],9994
120,13,4,[NULL],9994
120,13,2,"0,2,4",9996
120,13,1,[NULL],9998
121,12,8,7,2
121,12,0,"0,7",2
121,12,"1,9","0,1,2,4",3
121,12,5,4,3
121,12,4,[NULL],9000
121,12,6,[NULL],9000
121,12,9,[NULL],9991
121,12,10,[NULL],9996
121,12,3,"1,4,5,7,8",9997
121,12,7,"8,9",9997
121,12,2,[NULL],9997
122,11,4,2,2
122,11,"2,6,7","0,1,2",2
122,11,"6,7",1,3
122,11,7,[NULL],9000
122,11,3,[NULL],9994
122,11,0,9,9997
122,11,5,4,9998
122,11,1,2,9998
123,10,"5,6",0,3
123,10,4,"7,9",9996
123,10,3,[NULL],9996
123,10,2,9,9997
123,10,6,[NULL],9997
123,10,0,[NULL],9997
123,10,1,[NULL],9997
124,9,3,"1,3,4",2
124,9,2,4,9997
124,9,1,5,9997
124,9,0,5,9998
125,8,1,"4,6",9996
125,8,2,3,9997
125,8,0,7,9998
125,8,3,"6,7",9998
126,7,1,0,2
126,7,0,[NULL],9000
127,6,0,[NULL],9995
127,6,1,7,9998
128,5,0,2,9998
130,3,0,0,2
131,2,0,1,9998
0,134,0,[NULL],9000
4,130,0,[NULL],9000
4,130,1,[NULL],9000
8,126,0,[NULL],9000
89,45,0,[NULL],9000
91,43,1,[NULL],9000
91,43,2,[NULL],9000
91,43,0,[NULL],9000
92,42,1,0,2
92,42,0,0,3
94,40,0,2,3
95,39,0,[NULL],9993
96,38,0,"0,1",2
98,36,1,1,2
98,36,0,[NULL],9998
99,35,1,"0,1",9997
99,35,0,"1,2",9998
100,34,0,[NULL],9998
101,33,0,[NULL],9998
102,32,1,1,2
102,32,0,[NULL],9998
103,31,2,3,2
103,31,1,0,9998
103,31,0,[NULL],9998
104,30,0,[NULL],9998
105,29,2,2,9997
105,29,1,1,9998
105,29,0,[NULL],9998
106,28,1,1,9998
106,28,0,[NULL],9998
107,27,"1,2",0,2
107,27,2,1,9998
107,27,0,[NULL],9998
108,26,3,[NULL],9996
108,26,"2,4","0,2",9997
108,26,"1,4","0,3",9998
108,26,4,3,9998
108,26,0,[NULL],9998
109,25,"1,3","3,9",2
109,25,3,9,2
109,25,2,4,9998
109,25,0,[NULL],9998
110,24,4,6,2
110,24,3,3,2
110,24,"2,6","1,5",9998
110,24,6,5,9998
110,24,5,3,9998
110,24,0,[NULL],9998
110,24,1,[NULL],9998
111,23,3,5,9998
111,23,4,6,9998
111,23,2,3,9998
111,23,0,[NULL],9998
111,23,1,[NULL],9998
112,22,5,7,2
112,22,4,4,2
112,22,2,3,2
112,22,3,7,3
112,22,7,4,9998
112,22,6,"5,6",9998
112,22,0,[NULL],9998
112,22,1,[NULL],9998
113,21,5,4,2
113,21,8,2,2
113,21,3,"0,2,4",2
113,21,6,3,9997
113,21,7,2,9998
113,21,4,4,9998
113,21,2,3,9998
113,21,0,[NULL],9998
113,21,1,[NULL],9998
114,20,5,6,3
114,20,"6,7",[NULL],9000
114,20,2,[NULL],9990
114,20,4,"4,7",9998
114,20,7,7,9998
114,20,0,"1,4",9998
114,20,3,6,9998
114,20,1,[NULL],9998
115,19,5,7,2
115,19,4,[NULL],9000
115,19,2,[NULL],9000
115,19,3,[NULL],9000
115,19,1,5,9998
115,19,0,[NULL],9998
116,18,5,3,2
116,18,2,0,2
116,18,3,[NULL],9000
116,18,0,[NULL],9000
116,18,"1,4","2,4",9997
116,18,4,4,9997
116,18,6,3,9998
117,17,"3,5",1,2
117,17,"0,1,4,5","0,1,2",3
117,17,5,5,3
117,17,4,[NULL],9000
117,17,1,[NULL],9000
117,17,2,[NULL],9000
118,16,1,[NULL],9000
118,16,0,1,9997
119,15,6,1,3
119,15,3,[NULL],9000
119,15,2,8,9995
119,15,4,9,9996
119,15,5,"6,7",9997
119,15,"0,1",[NULL],9997
119,15,1,[NULL],9997
120,14,1,"0,1,3",3
120,14,2,3,3
120,14,3,[NULL],9994
120,14,0,4,9997
121,13,4,5,2
121,13,2,1,2
121,13,1,"3,6,9",9997
121,13,3,"9,10",9997
121,13,0,"4,7",9998
122,12,7,[NULL],9000
122,12,5,[NULL],9995
122,12,4,4,9997
122,12,3,3,9997
122,12,6,8,9998
122,12,2,4,9998
122,12,0,[NULL],9998
122,12,1,[NULL],9998
123,11,5,0,2
123,11,"2,9","0,1,2",3
123,11,6,2,3
123,11,"1,9",3,3
123,11,9,0,5
123,11,"7,8",6,9993
123,11,8,[NULL],9996
123,11,4,5,9998
123,11,3,6,9998
123,11,0,[NULL],9998
124,10,7,"0,1",2
124,10,6,"0,1,3",2
124,10,0,"0,3,4",3
124,10,3,4,3
124,10,2,3,3
124,10,4,0,4
124,10,5,"0,1",4
124,10,1,[NULL],9997
125,9,2,[NULL],9000
125,9,5,[NULL],9000
125,9,6,[NULL],9989
125,9,0,[NULL],9996
125,9,4,7,9997
125,9,"1,3,7",[NULL],9997
125,9,"3,7",6,9998
125,9,7,7,9998
126,8,7,1,2
126,8,6,[NULL],9000
126,8,1,[NULL],9994
126,8,"2,5",[NULL],9994
126,8,5,[NULL],9996
126,8,4,2,9997
126,8,0,"2,3",9997
126,8,3,4,9998
127,7,2,0,2
127,7,"0,1",[NULL],9991
127,7,1,4,9998
127,7,3,5,9998
128,6,3,[NULL],9994
128,6,0,7,9995
128,6,1,[NULL],9995
128,6,2,"2,3",9998
129,5,1,[NULL],9994
129,5,0,2,9998
130,4,1,0,2
130,4,0,2,9997
131,3,1,[NULL],9986
131,3,0,[NULL],9992
131,3,2,1,9998
132,2,1,[NULL],9991
132,2,0,[NULL],9993
0,135,0,[NULL],9000
4,131,0,[NULL],9000
4,131,1,[NULL],9000
8,127,0,[NULL],9000
91,44,0,[NULL],9000
91,44,1,[NULL],9000
92,43,"0,1",[NULL],9000
92,43,1,[NULL],9000
93,42,0,1,4
94,41,1,1,3
94,41,0,0,9998
95,40,1,[NULL],9000
95,40,0,0,9996
96,39,0,1,4
97,38,0,0,3
98,37,"1,2",0,2
98,37,2,0,9996
98,37,0,[NULL],9996
99,36,2,0,3
99,36,1,1,9997
99,36,0,0,9997
100,35,0,2,4
101,34,1,1,3
101,34,0,1,4
102,33,0,1,2
102,33,2,0,9996
102,33,1,2,9998
103,32,3,"0,3",3
103,32,2,2,9997
103,32,0,[NULL],9997
103,32,1,1,9998
104,31,1,1,2
104,31,0,0,4
105,30,1,1,2
105,30,0,1,4
106,29,1,2,2
106,29,0,0,9996
107,28,"0,3","1,4",2
107,28,3,4,2
107,28,2,0,9996
107,28,1,"3,4",9998
108,27,4,2,2
108,27,"2,3",1,3
108,27,3,3,4
108,27,0,2,9998
108,27,1,3,9998
109,26,"1,5","2,6",2
109,26,5,6,2
109,26,3,5,2
109,26,4,8,3
109,26,2,3,9998
109,26,0,"0,3",9998
110,25,5,3,2
110,25,6,4,2
110,25,3,2,2
110,25,7,1,9996
110,25,1,[NULL],9996
110,25,"2,8",4,9998
110,25,8,5,9998
110,25,4,"3,4",9998
110,25,0,"0,2,3,4",9998
111,24,4,7,2
111,24,"5,6",6,2
111,24,6,1,3
111,24,2,4,9998
111,24,3,5,9998
111,24,1,2,9998
111,24,0,"1,4",9998
112,23,2,7,2
112,23,4,4,2
112,23,3,"2,5,6",2
112,23,1,5,9998
112,23,0,"2,5",9998
113,22,"4,7",4,2
113,22,7,7,2
113,22,1,"0,4,7",2
113,22,6,3,2
113,22,"2,5","7,8",4
113,22,5,5,9998
113,22,3,4,9998
113,22,0,"2,4",9998
114,21,5,1,2
114,21,6,9,9998
114,21,3,6,9998
114,21,4,"7,9",9998
114,21,1,"3,4,8",9998
114,21,0,"2,6",9998
114,21,2,4,9998
115,20,3,6,2
115,20,1,3,4
115,20,2,1,9996
115,20,0,5,9998
116,19,1,[NULL],9000
116,19,0,5,9998
117,18,4,[NULL],9000
117,18,1,[NULL],9000
117,18,3,"1,4",9995
117,18,0,[NULL],9997
117,18,2,4,9998
118,17,3,"1,6",9995
118,17,2,5,9996
118,17,1,[NULL],9996
118,17,0,5,9998
119,16,"1,5","4,9",9997
119,16,5,6,9997
119,16,4,6,9998
119,16,0,[NULL],9998
119,16,2,[NULL],9998
119,16,3,[NULL],9998
120,15,"4,7",0,2
120,15,"1,5,8",3,3
120,15,"8,9",7,3
120,15,7,[NULL],9000
120,15,9,[NULL],9000
120,15,"5,6",[NULL],9000
120,15,3,[NULL],9994
120,15,6,[NULL],9996
120,15,0,2,9997
120,15,2,2,9998
121,14,8,6,2
121,14,4,2,2
121,14,9,0,3
121,14,"0,3,5","2,4,5,9",9997
121,14,5,5,9997
121,14,3,"1,7",9997
121,14,7,7,9997
121,14,1,[NULL],9997
121,14,6,10,9998
121,14,2,6,9998
122,13,5,4,2
122,13,6,3,2
122,13,9,2,3
122,13,3,[NULL],9000
122,13,"1,2,7",[NULL],9000
122,13,8,[NULL],9993
122,13,4,6,9997
122,13,0,2,9997
122,13,7,6,9998
122,13,2,"3,7",9998
123,12,4,2,3
123,12,5,1,3
123,12,"2,3",[NULL],9993
123,12,0,"1,4",9997
123,12,3,9,9998
123,12,1,5,9998
124,11,6,1,2
124,11,7,7,2
124,11,3,2,3
124,11,0,[NULL],9993
124,11,4,[NULL],9994
124,11,5,8,9996
124,11,2,6,9998
124,11,1,"0,2,4,6",9998
125,10,4,3,2
125,10,1,3,9997
125,10,3,[NULL],9997
125,10,5,9,9998
125,10,2,8,9998
125,10,0,3,9998
126,9,4,1,2
126,9,5,3,2
126,9,2,[NULL],9984
126,9,3,5,9996
126,9,1,[NULL],9996
126,9,0,[NULL],9998
127,8,"2,3",2,2
127,8,0,"2,3",9997
127,8,1,4,9997
127,8,3,[NULL],9997
127,8,4,2,9998
128,7,2,0,2
128,7,1,[NULL],9994
128,7,0,"2,3",9997
128,7,3,3,9998
129,6,0,5,9996
129,6,1,"5,6,8",9996
130,5,1,2,2
130,5,0,[NULL],9000
131,4,1,2,9998
131,4,0,0,9998
0,136,0,[NULL],9000
4,132,0,[NULL],9000
4,132,1,[NULL],9000
8,128,0,[NULL],9000
90,46,0,[NULL],9000
91,45,0,[NULL],9000
93,43,0,0,2
95,41,1,[NULL],9000
95,41,0,[NULL],9997
96,40,0,1,4
97,39,0,[NULL],9997
98,38,"0,1",1,3
98,38,1,0,9996
99,37,3,2,4
99,37,4,1,9997
99,37,2,0,9997
99,37,"0,1",2,9997
99,37,1,[NULL],9997
100,36,1,1,4
100,36,0,0,4
101,35,2,1,2
101,35,"0,1",0,9997
101,35,1,1,9997
102,34,1,1,2
102,34,2,"1,2",9996
102,34,0,0,9996
102,34,3,1,9998
103,33,2,2,4
103,33,0,1,9997
103,33,1,1,9998
104,32,2,2,3
104,32,1,1,4
104,32,0,0,4
105,31,2,1,9996
105,31,0,1,9997
105,31,1,1,9998
106,30,"3,4",1,2
106,30,4,2,9996
106,30,0,0,9996
106,30,2,[NULL],9996
106,30,1,1,9997
107,29,2,0,2
107,29,3,1,2
107,29,0,"2,4",3
107,29,1,[NULL],9997
108,28,3,2,2
108,28,0,"0,2",2
108,28,"1,2",5,4
108,28,2,2,9998
109,27,4,"2,8",2
109,27,5,8,2
109,27,3,"2,4,8",2
109,27,"0,2","0,4,5",2
109,27,2,"0,2",9996
109,27,1,[NULL],9997
110,26,4,2,2
110,26,5,3,2
110,26,2,1,2
110,26,1,"0,2",2
110,26,3,1,9996
110,26,6,3,9998
110,26,0,2,9998
111,25,5,1,2
111,25,2,"0,1",2
111,25,"4,6",4,4
111,25,"1,3",1,9997
111,25,6,[NULL],9997
111,25,3,"1,2",9998
111,25,0,[NULL],9998
112,24,5,5,2
112,24,4,3,2
112,24,2,"0,3",2
112,24,3,6,3
112,24,1,1,4
112,24,0,[NULL],9998
113,23,9,6,2
113,23,6,3,2
113,23,7,"4,6",2
113,23,"3,4,8",1,2
113,23,2,"0,3",2
113,23,4,2,2
113,23,5,3,9996
113,23,1,4,9997
113,23,8,2,9998
113,23,0,[NULL],9998
114,22,5,0,2
114,22,4,[NULL],9000
114,22,1,[NULL],9000
114,22,2,"1,5",9996
114,22,6,3,9998
114,22,3,2,9998
114,22,0,[NULL],9998
115,21,5,0,2
115,21,"2,4","1,4",3
115,21,4,4,3
115,21,3,"2,3",5
115,21,1,[NULL],9997
115,21,0,[NULL],9998
116,20,4,2,2
116,20,2,4,4
116,20,3,2,4
116,20,"0,1",3,9997
116,20,1,[NULL],9998
117,19,5,0,2
117,19,1,0,3
117,19,4,[NULL],9000
117,19,2,[NULL],9000
117,19,6,6,9997
117,19,3,[NULL],9997
117,19,0,[NULL],9997
118,18,6,4,2
118,18,7,5,3
118,18,2,[NULL],9995
118,18,"4,5","2,3,4,5",9996
118,18,"3,5",[NULL],9997
118,18,1,"1,4",9998
118,18,0,"4,5",9998
118,18,5,5,9998
119,17,2,2,2
119,17,4,0,3
119,17,0,2,4
119,17,5,5,9997
119,17,3,[NULL],9997
119,17,1,[NULL],9997
120,16,10,6,2
120,16,6,2,2
120,16,"3,9",1,3
120,16,9,3,3
120,16,11,[NULL],9000
120,16,8,[NULL],9000
120,16,"0,1,4,5",[NULL],9997
120,16,5,[NULL],9997
120,16,4,[NULL],9997
120,16,2,"0,1",9998
120,16,7,1,9998
120,16,1,[NULL],9998
121,15,6,7,2
121,15,"3,7","1,6,7",2
121,15,4,4,3
121,15,7,3,3
121,15,"0,5,8",[NULL],9000
121,15,8,[NULL],9994
121,15,1,[NULL],9995
121,15,2,"4,11",9997
121,15,5,8,9997
122,14,9,3,2
122,14,5,1,2
122,14,7,4,4
122,14,0,[NULL],9000
122,14,4,8,9998
122,14,8,7,9998
122,14,6,11,9998
122,14,1,"4,11",9998
122,14,2,[NULL],9998
122,14,3,[NULL],9998
123,13,6,2,2
123,13,"0,2,4","1,2",2
123,13,2,1,6
123,13,5,[NULL],9994
123,13,7,[NULL],9994
123,13,4,[NULL],9995
123,13,"3,9",[NULL],9995
123,13,"1,9",[NULL],9995
123,13,9,5,9997
123,13,8,"4,6",9997
124,12,9,5,2
124,12,8,2,2
124,12,3,0,2
124,12,7,4,3
124,12,"4,6",1,4
124,12,6,2,9994
124,12,0,1,9995
124,12,5,[NULL],9995
124,12,1,9,9997
124,12,2,2,9998
125,11,2,4,3
125,11,3,"0,4",3
125,11,1,2,9996
125,11,0,2,9998
126,10,2,4,2
126,10,1,3,9997
126,10,0,[NULL],9997
127,9,3,3,2
127,9,"0,1",[NULL],9987
127,9,2,[NULL],9993
127,9,1,5,9997
127,9,4,6,9998
128,8,0,5,9998
129,7,2,0,3
129,7,1,14,9995
129,7,0,[NULL],9998
130,6,2,1,2
130,6,0,0,2
130,6,3,[NULL],9995
130,6,1,[NULL],9997
131,5,1,3,9998
131,5,0,0,9998
132,4,0,[NULL],9000
132,4,1,[NULL],9000
133,3,0,[NULL],9000
133,3,1,[NULL],9000
133,3,2,[NULL],9000
134,2,0,1,9998
0,137,0,[NULL],9000
4,133,0,[NULL],9000
4,133,1,[NULL],9000
8,129,0,[NULL],9000
91,46,0,[NULL],9000
93,44,0,[NULL],9000
93,44,1,[NULL],9000
95,42,0,[NULL],9000
98,39,1,1,3
98,39,0,0,3
99,38,1,2,9997
99,38,0,1,9997
101,36,1,3,2
101,36,0,[NULL],9998
102,35,1,1,2
102,35,2,2,3
102,35,3,1,9998
102,35,0,[NULL],9998
103,34,1,0,9998
103,34,0,[NULL],9998
104,33,1,1,2
104,33,0,[NULL],9998
105,32,0,[NULL],9998
106,31,0,[NULL],9998
107,30,2,2,2
107,30,1,1,9998
107,30,0,[NULL],9998
108,29,2,2,9998
108,29,1,"1,3",9998
108,29,0,[NULL],9998
109,28,3,6,2
109,28,2,0,2
109,28,1,1,9998
109,28,0,[NULL],9998
110,27,"1,2",3,2
110,27,3,"0,2",9997
110,27,2,2,9998
110,27,0,[NULL],9998
111,26,1,3,9998
111,26,2,2,9998
111,26,0,[NULL],9998
112,25,2,8,2
112,25,1,3,9998
112,25,0,[NULL],9998
113,24,3,6,2
113,24,2,3,2
113,24,4,3,9998
113,24,0,[NULL],9998
113,24,1,[NULL],9998
114,23,4,5,9997
114,23,6,4,9998
114,23,5,3,9998
114,23,3,1,9998
114,23,2,5,9998
114,23,0,[NULL],9998
114,23,1,[NULL],9998
115,22,3,6,9998
115,22,2,5,9998
115,22,0,[NULL],9998
115,22,1,[NULL],9998
116,21,"1,2",[NULL],9996
116,21,2,4,9998
116,21,0,[NULL],9998
117,20,"1,4",1,2
117,20,"4,5",0,2
117,20,5,5,2
117,20,0,2,9998
117,20,3,7,9998
117,20,2,[NULL],9998
118,19,"4,9","1,5",3
118,19,6,5,3
118,19,9,4,4
118,19,"7,8",[NULL],9000
118,19,0,[NULL],9000
118,19,1,"2,4",9998
118,19,8,7,9998
118,19,2,"4,7",9998
118,19,5,9,9998
118,19,3,[NULL],9998
119,18,"0,1",2,2
119,18,1,7,2
119,18,2,"0,4",3
120,17,"2,4,5,9","0,3,5",3
120,17,5,5,3
120,17,"1,7",3,3
120,17,7,7,3
120,17,"4,9",[NULL],9000
120,17,"8,9",8,9997
120,17,9,2,9997
120,17,3,[NULL],9997
120,17,0,"1,4",9998
120,17,6,4,9998
121,16,8,4,2
121,16,7,8,2
121,16,11,6,2
121,16,4,"0,1,6,9",2
121,16,6,4,3
121,16,2,0,3
121,16,10,[NULL],9000
121,16,5,[NULL],9996
121,16,3,"1,4",9997
121,16,0,"9,10",9998
121,16,9,11,9998
121,16,1,[NULL],9998
122,15,"1,4",0,3
122,15,3,[NULL],9000
122,15,2,[NULL],9000
122,15,5,2,9997
122,15,4,12,9998
122,15,0,[NULL],9998
123,14,2,2,2
123,14,4,3,9997
123,14,5,4,9997
123,14,1,[NULL],9997
123,14,3,3,9998
123,14,0,"1,5",9998
124,13,2,0,2
124,13,3,1,3
124,13,4,[NULL],9000
124,13,5,[NULL],9995
124,13,0,[NULL],9998
124,13,1,[NULL],9998
125,12,5,[NULL],9991
125,12,"4,7",4,9997
125,12,3,[NULL],9997
125,12,6,4,9998
125,12,"2,7","2,4",9998
125,12,8,9,9998
125,12,7,8,9998
125,12,0,[NULL],9998
125,12,1,[NULL],9998
126,11,6,4,2
126,11,"2,3",0,3
126,11,4,1,3
126,11,3,[NULL],9000
126,11,5,[NULL],9986
126,11,1,[NULL],9997
126,11,0,[NULL],9998
127,10,5,0,2
127,10,"2,3",0,3
127,10,6,[NULL],9000
127,10,0,[NULL],9994
127,10,3,[NULL],9997
127,10,1,[NULL],9997
127,10,4,4,9998
127,10,7,6,9998
128,9,4,[NULL],9994
128,9,"0,1,3",2,9997
128,9,"2,3",4,9997
128,9,"1,3",5,9997
128,9,3,9,9998
129,8,4,"11,12,13",9994
129,8,3,[NULL],9994
129,8,1,5,9997
129,8,2,"7,8",9998
129,8,0,3,9998
130,7,3,1,2
130,7,0,0,2
130,7,2,[NULL],9981
130,7,1,[NULL],9994
130,7,4,[NULL],9994
131,6,2,[NULL],9995
131,6,"0,1",[NULL],9996
131,6,3,10,9998
131,6,1,4,9998
132,5,1,6,9998
132,5,0,"1,2",9998
133,4,1,0,2
133,4,0,[NULL],9987
134,3,1,4,9998
134,3,0,1,9998
0,138,0,[NULL],9000
4,134,0,[NULL],9000
4,134,1,[NULL],9000
8,130,0,[NULL],9000
91,47,0,[NULL],9000
93,45,0,[NULL],9000
93,45,1,[NULL],9000
94,44,0,0,4
95,43,1,[NULL],9000
95,43,0,0,9998
96,42,1,1,9997
96,42,0,[NULL],9997
97,41,0,2,4
98,40,1,4,3
98,40,0,2,3
98,40,2,"0,1",3
99,39,2,"0,2",9996
99,39,1,1,9997
99,39,0,0,9997
100,38,0,"0,1",3
100,38,1,1,3
100,38,2,0,9996
101,37,1,3,2
101,37,0,2,4
102,36,0,1,2
102,36,1,0,3
102,36,2,2,9998
103,35,1,0,9996
103,35,0,1,9998
104,34,1,0,3
104,34,0,3,9998
105,33,1,1,3
105,33,0,0,4
106,32,1,1,2
106,32,0,2,4
107,31,2,2,2
107,31,"1,3",1,2
107,31,3,4,9996
107,31,0,[NULL],9996
108,30,1,1,2
108,30,0,0,9996
109,29,2,2,2
109,29,1,7,4
109,29,0,2,9998
110,28,3,1,2
110,28,2,2,2
110,28,1,"1,3",3
110,28,0,2,9998
111,27,3,1,2
111,27,1,0,9996
111,27,0,"2,3",9998
111,27,2,3,9998
112,26,3,4,2
112,26,4,1,3
112,26,1,[NULL],9997
112,26,2,2,9998
112,26,0,"0,2",9998
113,25,4,6,2
113,25,3,5,2
113,25,1,3,2
113,25,5,2,2
113,25,2,4,9998
113,25,0,"1,4",9998
114,24,6,3,2
114,24,5,2,2
114,24,1,2,4
114,24,3,4,9998
114,24,0,2,9998
114,24,4,6,9998
114,24,2,3,9998
115,23,4,2,2
115,23,3,"0,1",3
115,23,2,5,9998
115,23,1,3,9998
115,23,0,"2,5",9998
116,22,2,0,2
116,22,7,3,2
116,22,6,6,3
116,22,5,4,9997
116,22,1,[NULL],9997
116,22,4,5,9998
116,22,3,"6,7",9998
116,22,0,"2,5",9998
117,21,"2,4",1,2
117,21,7,8,2
117,21,4,"2,6,8",2
117,21,9,5,2
117,21,5,2,4
117,21,8,[NULL],9000
117,21,1,4,9998
117,21,3,5,9998
117,21,6,3,9998
117,21,0,"2,3",9998
118,20,5,5,3
118,20,8,2,5
118,20,4,[NULL],9000
118,20,"6,7",[NULL],9000
118,20,1,[NULL],9000
118,20,0,"2,4",9998
118,20,7,7,9998
118,20,2,6,9998
118,20,3,4,9998
119,19,"1,4",0,2
119,19,4,6,2
119,19,3,[NULL],9000
119,19,6,[NULL],9000
119,19,5,3,9996
119,19,2,[NULL],9997
119,19,0,5,9998
120,18,"9,10","0,7,8",2
120,18,11,9,2
120,18,4,2,3
120,18,8,5,3
120,18,10,"3,5",9996
120,18,3,[NULL],9996
120,18,5,4,9997
120,18,1,[NULL],9997
120,18,"2,7","1,6",9998
120,18,7,6,9998
120,18,6,"5,6",9998
120,18,0,[NULL],9998
121,17,12,4,2
121,17,8,[NULL],9000
121,17,7,[NULL],9000
121,17,"4,5",[NULL],9000
121,17,"6,9,10,11",[NULL],9000
121,17,"9,10,11",[NULL],9000
121,17,5,"4,7",9996
121,17,1,[NULL],9996
121,17,"3,10,11",[NULL],9996
121,17,"10,11",3,9997
121,17,"0,2","5,6",9997
121,17,2,[NULL],9997
121,17,11,4,9998
122,16,3,3,2
122,16,"1,5","0,1",2
122,16,5,1,3
122,16,"4,6",8,3
122,16,6,[NULL],9000
122,16,2,[NULL],9000
122,16,0,[NULL],9000
123,15,9,"0,1",3
123,15,8,5,4
123,15,7,[NULL],9000
123,15,"2,10",[NULL],9000
123,15,10,[NULL],9996
123,15,"1,4,5","0,3,5",9997
123,15,"5,6","3,4",9997
123,15,4,"1,5,6",9997
123,15,6,4,9997
123,15,3,[NULL],9997
123,15,0,[NULL],9998
124,14,4,6,2
124,14,2,"2,5,6,7",2
124,14,9,8,2
124,14,8,7,2
124,14,7,[NULL],9000
124,14,3,[NULL],9994
124,14,5,[NULL],9997
124,14,6,[NULL],9997
124,14,1,2,9998
124,14,0,[NULL],9998
125,13,3,1,3
125,13,5,3,4
125,13,4,[NULL],9992
125,13,2,[NULL],9993
125,13,0,[NULL],9998
125,13,1,[NULL],9998
126,12,4,4,2
126,12,6,7,2
126,12,5,0,3
126,12,3,[NULL],9000
126,12,"1,2",6,9997
126,12,0,[NULL],9998
126,12,2,[NULL],9998
127,11,9,3,2
127,11,7,0,5
127,11,8,[NULL],9000
127,11,"5,6",7,9993
127,11,"0,2,3,6",[NULL],9995
127,11,3,[NULL],9995
127,11,4,5,9997
127,11,"1,2","2,6",9997
127,11,6,4,9997
127,11,10,9,9998
127,11,2,[NULL],9998
128,10,"7,8",2,2
128,10,3,0,2
128,10,5,0,4
128,10,"6,8","0,1",4
128,10,8,[NULL],9000
128,10,4,[NULL],9000
128,10,"0,1,9,10","0,2,3,4,7,8,9,10",9995
128,10,10,[NULL],9995
128,10,9,10,9997
128,10,2,[NULL],9997
128,10,1,[NULL],9997
129,9,6,[NULL],9000
129,9,9,[NULL],9990
129,9,7,[NULL],9992
129,9,10,[NULL],9995
129,9,5,8,9997
129,9,3,[NULL],9997
129,9,8,9,9998
129,9,4,"8,9",9998
129,9,1,"3,4,8",9998
129,9,"0,2","3,8,11",9998
129,9,2,"4,9",9998
130,8,10,3,2
130,8,4,1,2
130,8,9,[NULL],9982
130,8,"5,8",[NULL],9994
130,8,0,2,9997
130,8,8,5,9997
130,8,"1,3,11","2,3",9997
130,8,7,6,9997
130,8,11,[NULL],9997
130,8,2,[NULL],9997
130,8,3,[NULL],9997
130,8,6,8,9998
131,7,6,1,2
131,7,"1,2",0,2
131,7,8,[NULL],9990
131,7,"4,5",[NULL],9996
131,7,3,7,9997
131,7,7,8,9998
131,7,5,7,9998
131,7,0,0,9998
131,7,2,1,9998
132,6,"5,7",[NULL],9995
132,6,3,[NULL],9995
132,6,0,[NULL],9997
132,6,"1,2,6,7",[NULL],9997
132,6,7,10,9998
132,6,4,"6,7,10",9998
132,6,"2,6",3,9998
132,6,6,9,9998
133,5,4,1,2
133,5,1,0,2
133,5,3,[NULL],9993
133,5,2,[NULL],9994
133,5,0,[NULL],9997
134,4,0,[NULL],9000
134,4,1,[NULL],9000
0,139,0,[NULL],9000
4,135,0,[NULL],9000
4,135,1,[NULL],9000
8,131,0,[NULL],9000
94,45,0,0,2
95,44,1,[NULL],9000
95,44,0,[NULL],9000
96,43,0,[NULL],9998
97,42,0,0,4
98,41,2,1,3
98,41,1,0,3
98,41,0,0,9998
99,40,"1,2",0,9996
99,40,2,1,9997
99,40,0,0,9997
100,39,0,[NULL],9997
101,38,2,2,2
101,38,1,2,4
101,38,0,0,4
102,37,1,0,2
102,37,"2,3",[NULL],9997
102,37,3,1,9998
102,37,0,"0,1",9998
103,36,3,0,2
103,36,2,1,9996
103,36,0,[NULL],9996
103,36,1,0,9998
104,35,1,2,4
104,35,0,1,9997
105,34,2,4,4
105,34,0,0,4
105,34,1,[NULL],4
106,33,2,2,9996
106,33,0,1,9997
106,33,1,1,9998
107,32,2,2,9996
107,32,0,0,9996
107,32,1,2,9997
108,31,2,0,2
108,31,0,2,4
108,31,1,[NULL],9997
109,30,2,0,2
109,30,0,3,3
109,30,1,3,4
110,29,"2,3",0,2
110,29,3,2,2
110,29,0,"0,2",9996
110,29,1,[NULL],9997
111,28,2,2,2
111,28,0,"0,2",2
111,28,1,1,9996
112,27,4,2,2
112,27,1,"0,2",2
112,27,3,5,4
112,27,"0,2",1,9997
112,27,2,[NULL],9997
113,26,4,3,2
113,26,2,0,2
113,26,6,4,2
113,26,3,2,2
113,26,5,4,3
113,26,1,2,4
113,26,0,[NULL],9998
114,25,5,2,2
114,25,3,1,2
114,25,2,"0,2",2
114,25,6,4,9997
114,25,1,"2,4",9997
114,25,7,3,9998
114,25,4,2,9998
114,25,0,[NULL],9998
115,24,5,4,2
115,24,"6,7",3,2
115,24,2,"0,4",2
115,24,7,3,9996
115,24,"1,3",0,9996
115,24,4,5,9997
115,24,3,2,9998
115,24,0,[NULL],9998
116,23,4,1,2
116,23,5,3,2
116,23,3,6,2
116,23,2,"0,6",2
116,23,1,3,5
116,23,0,[NULL],9998
117,22,"2,4",0,2
117,22,7,7,2
117,22,6,2,2
117,22,4,3,2
117,22,"3,5","2,4,5",4
117,22,1,3,5
117,22,5,3,9998
117,22,0,[NULL],9998
118,21,5,0,2
118,21,2,"1,5,6",9996
118,21,0,"2,4",9998
118,21,6,7,9998
118,21,"3,4","2,3,6",9998
118,21,4,4,9998
118,21,1,[NULL],9998
119,20,"1,6","2,7",2
119,20,6,7,2
119,20,5,"6,7",2
119,20,8,"8,9",3
119,20,2,9,3
119,20,3,[NULL],4
119,20,7,[NULL],9000
119,20,0,"1,5,6",9996
119,20,4,5,9997
120,19,4,11,2
120,19,1,3,3
120,19,"2,3",3,9996
120,19,3,[NULL],9997
120,19,0,2,9998
121,18,2,5,3
121,18,"3,4",[NULL],9000
121,18,"1,4",[NULL],9000
121,18,"0,4",[NULL],9997
121,18,4,6,9998
122,17,3,4,3
122,17,4,5,3
122,17,2,[NULL],9995
122,17,1,"2,5",9996
122,17,0,[NULL],9997
123,16,2,1,2
123,16,0,[NULL],9998
123,16,1,[NULL],9998
124,15,4,"4,7",3
124,15,2,1,4
124,15,3,[NULL],9000
124,15,0,[NULL],9998
124,15,1,[NULL],9998
125,14,6,[NULL],9000
125,14,3,[NULL],9992
125,14,4,[NULL],9993
125,14,0,4,9995
125,14,2,"6,7",9998
125,14,5,6,9998
125,14,1,[NULL],9998
126,13,9,10,2
126,13,7,[NULL],9000
126,13,5,[NULL],9988
126,13,8,6,9995
126,13,6,[NULL],9995
126,13,4,9,9997
126,13,2,[NULL],9997
126,13,3,1,9998
126,13,1,"1,5",9998
126,13,0,[NULL],9998
127,12,2,"0,1,3",3
127,12,4,"2,3",3
127,12,5,"1,3",3
127,12,3,[NULL],9000
127,12,1,[NULL],9996
127,12,0,"3,4",9997
127,12,6,7,9998
128,11,9,8,2
128,11,8,"4,8",2
128,11,"3,4","1,4,6,8",2
128,11,"4,11","0,1,2",2
128,11,11,"0,1,8",2
128,11,5,1,3
128,11,10,[NULL],9992
128,11,"6,7",5,9996
128,11,1,[NULL],9996
128,11,7,11,9998
128,11,2,"5,11",9998
128,11,0,[NULL],9998
129,10,8,6,2
129,10,"2,3,4,7",[NULL],9993
129,10,10,8,9997
129,10,5,3,9997
129,10,9,11,9998
129,10,7,"10,11",9998
129,10,6,"9,15",9998
129,10,"3,4","7,11,12",9998
129,10,4,"5,7,12",9998
129,10,0,12,9998
129,10,1,[NULL],9998
130,9,8,7,2
130,9,7,5,2
130,9,0,"0,6",2
130,9,1,2,2
130,9,9,[NULL],9995
130,9,5,6,9996
130,9,6,8,9996
130,9,4,"8,10",9997
130,9,2,9,9997
130,9,3,11,9998
131,8,10,7,2
131,8,"6,7","4,7",2
131,8,3,"1,7",2
131,8,9,"1,2,7",2
131,8,"1,5,7",[NULL],9997
131,8,8,5,9998
131,8,7,4,9998
131,8,5,8,9998
131,8,"0,2","2,4,7,9",9998
131,8,2,"2,7,8",9998
131,8,4,0,9998
132,7,4,[NULL],9991
132,7,2,[NULL],9991
132,7,0,[NULL],9994
132,7,1,6,9998
132,7,3,12,9998
134,5,0,[NULL],9984
135,4,0,[NULL],9000
0,140,0,[NULL],9000
4,136,0,[NULL],9000
4,136,1,[NULL],9000
8,132,0,[NULL],9000
94,46,0,[NULL],9000
94,46,1,[NULL],9000
95,45,1,1,3
95,45,2,[NULL],9000
95,45,0,[NULL],9000
97,43,0,0,2
98,42,1,1,3
98,42,0,0,3
99,41,1,0,9996
99,41,0,1,9997
101,39,1,3,2
101,39,0,"0,2",2
102,38,0,1,2
103,37,1,1,9998
103,37,0,[NULL],9998
104,36,0,[NULL],9998
105,35,1,1,2
105,35,0,[NULL],9998
106,34,1,0,9998
106,34,0,[NULL],9998
107,33,0,[NULL],9998
108,32,1,1,9998
108,32,0,[NULL],9998
109,31,0,"1,2",9998
109,31,1,[NULL],9998
110,30,"1,2",[NULL],9997
110,30,2,2,9998
110,30,0,[NULL],9998
111,29,"1,2","0,2",9997
111,29,2,1,9998
111,29,0,[NULL],9998
112,28,1,2,9998
112,28,0,[NULL],9998
113,27,3,7,2
113,27,2,4,2
113,27,"1,4",[NULL],9997
113,27,4,2,9998
113,27,0,[NULL],9998
114,26,2,3,2
114,26,5,7,9998
114,26,4,5,9998
114,26,3,1,9998
114,26,0,[NULL],9998
114,26,1,[NULL],9998
115,25,4,5,3
115,25,2,1,9998
115,25,3,6,9998
115,25,0,[NULL],9998
115,25,1,[NULL],9998
116,24,3,5,2
116,24,4,3,9998
116,24,2,4,9998
116,24,0,[NULL],9998
116,24,1,[NULL],9998
117,23,"2,4",0,2
117,23,7,6,2
117,23,"3,4,6","0,3,4",2
117,23,4,4,2
117,23,6,3,9998
117,23,8,4,9998
117,23,5,"1,5",9998
117,23,0,[NULL],9998
117,23,1,[NULL],9998
118,22,7,[NULL],9000
118,22,"2,3,6","1,2,4",9998
118,22,4,4,9998
118,22,6,7,9998
118,22,5,6,9998
118,22,3,2,9998
118,22,0,[NULL],9998
118,22,1,[NULL],9998
119,21,2,0,2
119,21,4,5,3
119,21,0,[NULL],9990
119,21,3,7,9998
119,21,1,[NULL],9998
120,20,6,4,2
120,20,3,"10,11",3
120,20,5,"0,2,9,10,11",3
120,20,4,[NULL],9000
120,20,2,5,9998
120,20,1,4,9998
120,20,0,[NULL],9998
121,19,"1,4","1,4",9997
121,19,4,4,9997
121,19,2,"3,6,7",9998
121,19,5,7,9998
121,19,3,3,9998
121,19,0,[NULL],9998
122,18,"0,3,5","1,4,5",3
122,18,"3,4","5,6",3
122,18,"1,5,6",4,3
122,18,4,6,3
122,18,6,"7,8",7
122,18,2,[NULL],9000
122,18,5,[NULL],9000
123,17,1,0,5
123,17,2,[NULL],9000
123,17,0,[NULL],9000
124,16,"6,7",2,2
124,16,7,"2,5",2
124,16,"3,4",[NULL],9992
124,16,5,"0,2,4",9995
124,16,0,[NULL],9996
124,16,4,4,9998
124,16,2,"1,4",9998
124,16,1,[NULL],9998
125,15,1,3,2
125,15,5,"1,2,3",2
125,15,6,"1,2",3
125,15,7,[NULL],9000
125,15,2,[NULL],9994
125,15,4,[NULL],9994
125,15,3,[NULL],9994
125,15,0,2,9997
125,15,8,8,9998
126,14,7,6,2
126,14,5,"0,2,3,4,6",3
126,14,"2,6","0,1,3,6",3
126,14,4,5,3
126,14,3,"7,10",9998
126,14,6,10,9998
126,14,0,[NULL],9998
126,14,1,[NULL],9998
127,13,11,7,2
127,13,5,"2,7,8",2
127,13,10,9,3
127,13,4,[NULL],9000
127,13,9,[NULL],9996
127,13,6,"7,8",9997
127,13,8,5,9997
127,13,7,"4,6",9997
127,13,"0,12",[NULL],9997
127,13,1,[NULL],9997
127,13,"2,12",[NULL],9997
127,13,3,[NULL],9997
127,13,12,6,9998
128,12,11,9,2
128,12,10,"7,9",2
128,12,"9,15",6,2
128,12,"7,12","2,7,9",2
128,12,5,"2,4,7,9",2
128,12,12,"0,5",2
128,12,8,5,3
128,12,14,1,5
128,12,4,[NULL],9992
128,12,6,4,9993
128,12,13,[NULL],9993
128,12,3,2,9998
128,12,15,6,9998
128,12,2,3,9998
128,12,0,[NULL],9998
128,12,1,[NULL],9998
129,11,11,3,2
129,11,2,0,3
129,11,5,8,3
129,11,3,"0,1,3,11",3
129,11,6,7,3
129,11,10,[NULL],9000
129,11,9,[NULL],9000
129,11,12,[NULL],9992
129,11,7,[NULL],9994
129,11,4,2,9996
129,11,0,"2,9",9998
129,11,8,6,9998
129,11,1,2,9998
130,10,5,8,2
130,10,4,7,2
130,10,8,5,2
130,10,"2,7,9","0,2,6",2
130,10,9,"0,5,6",2
130,10,0,4,2
130,10,7,3,3
130,10,1,[NULL],9996
130,10,3,[NULL],9997
130,10,6,10,9998
131,9,6,1,2
131,9,12,3,2
131,9,9,[NULL],9000
131,9,4,[NULL],9000
131,9,"1,3,11",[NULL],9993
131,9,10,[NULL],9993
131,9,11,[NULL],9993
131,9,3,[NULL],9993
131,9,5,[NULL],9994
131,9,2,8,9996
131,9,8,[NULL],9996
131,9,7,8,9998
131,9,0,2,9998
132,8,2,[NULL],9990
132,8,3,[NULL],9995
132,8,1,6,9997
132,8,0,2,9997
132,8,4,11,9998
133,7,1,[NULL],9996
133,7,2,[NULL],9996
133,7,0,[NULL],9996
134,6,1,[NULL],9992
134,6,3,[NULL],9994
134,6,2,[NULL],9995
134,6,0,[NULL],9996
135,5,0,1,9998
136,4,0,[NULL],9998
137,3,2,[NULL],9991
137,3,0,[NULL],9992
137,3,1,[NULL],9998
138,2,1,2,9998
138,2,0,1,9998
0,141,0,[NULL],9000
4,137,0,[NULL],9000
4,137,1,[NULL],9000
8,133,0,[NULL],9000
95,46,0,[NULL],9000
95,46,2,[NULL],9000
95,46,1,[NULL],9000
97,44,1,[NULL],9997
97,44,0,[NULL],9997
98,43,1,2,3
98,43,0,0,3
98,43,2,2,4
99,42,0,2,4
99,42,2,[NULL],9000
99,42,1,1,9997
100,41,0,1,9996
101,40,0,0,9996
102,39,1,1,2
102,39,0,1,4
103,38,1,0,3
103,38,0,0,9997
104,37,0,1,9996
105,36,0,1,2
105,36,1,0,3
106,35,2,1,3
106,35,4,3,4
106,35,1,[NULL],4
106,35,3,3,9998
106,35,0,1,9998
107,34,1,1,2
107,34,0,0,4
108,33,"1,2",0,2
108,33,2,0,9996
108,33,0,1,9997
109,32,2,2,2
109,32,0,0,9996
109,32,1,3,9998
110,31,1,2,2
110,31,0,1,4
111,30,2,1,2
111,30,1,"0,2",3
111,30,0,2,9998
112,29,2,4,2
112,29,1,0,9996
112,29,0,"2,3",9998
113,28,7,5,2
113,28,5,4,2
113,28,1,3,2
113,28,4,6,3
113,28,2,"1,6",3
113,28,6,1,9996
113,28,3,2,9998
113,28,0,"0,2,3",9998
114,27,1,2,2
114,27,6,3,2
114,27,5,4,3
114,27,4,[NULL],9997
114,27,3,3,9998
114,27,2,1,9998
114,27,0,"0,3",9998
115,26,3,4,2
115,26,4,2,2
115,26,2,4,9998
115,26,1,5,9998
115,26,0,"1,4",9998
116,25,3,6,2
116,25,4,8,2
116,25,"1,5",5,2
116,25,5,3,9996
116,25,2,4,9998
116,25,0,"1,4",9998
117,24,"1,2,4","2,3,6",2
117,24,4,4,2
117,24,7,6,2
117,24,6,5,2
117,24,2,3,2
117,24,3,3,9998
117,24,5,5,9998
117,24,0,"2,5",9998
118,23,7,3,2
118,23,5,4,3
118,23,3,5,4
118,23,"2,6","3,6",9998
118,23,4,4,9998
118,23,6,6,9998
118,23,1,"2,4",9998
118,23,0,[NULL],9998
119,22,5,2,2
119,22,4,1,2
119,22,3,10,4
119,22,1,4,9998
119,22,2,5,9998
119,22,0,"2,4",9998
120,21,"3,6,7",2,2
120,21,7,5,2
120,21,6,"2,3,5",2
120,21,4,5,4
120,21,5,[NULL],9000
120,21,2,1,9996
120,21,1,5,9998
120,21,0,[NULL],9998
121,20,1,4,9996
121,20,0,5,9998
122,19,5,[NULL],9000
122,19,4,[NULL],9000
122,19,"0,1",1,9997
122,19,1,[NULL],9997
122,19,2,[NULL],9997
122,19,3,5,9998
123,18,4,4,2
123,18,1,"2,4",2
123,18,2,6,6
123,18,3,[NULL],9000
123,18,0,[NULL],9994
124,17,8,8,2
124,17,"4,7","0,4",9996
124,17,"0,1,3",5,9997
124,17,"5,6",7,9997
124,17,6,[NULL],9997
124,17,3,[NULL],9997
124,17,7,4,9998
124,17,1,[NULL],9998
124,17,2,[NULL],9998
125,16,"7,10",3,2
125,16,10,6,2
125,16,9,4,3
125,16,2,[NULL],9994
125,16,6,6,9996
125,16,1,[NULL],9996
125,16,4,"2,3,4,6,7",9997
125,16,8,[NULL],9997
125,16,3,[NULL],9997
125,16,0,"3,4",9998
125,16,5,5,9998
125,16,11,6,9998
126,15,6,2,2
126,15,"3,4",0,3
126,15,"1,5","0,3,6",9997
126,15,5,3,9997
126,15,2,[NULL],9997
126,15,4,10,9998
126,15,0,6,9998
127,14,2,3,2
127,14,6,15,2
127,14,3,2,2
127,14,"0,1,4,5,7","0,2,3,7,8",9997
127,14,4,3,9997
127,14,5,4,9997
127,14,1,[NULL],9997
127,14,7,8,9998
128,13,"2,9",0,2
128,13,6,8,2
128,13,9,"0,1",2
128,13,8,10,3
128,13,3,5,3
128,13,4,[NULL],9000
128,13,1,[NULL],9994
128,13,5,3,9997
128,13,0,2,9997
128,13,7,[NULL],9997
129,12,10,6,2
129,12,8,4,3
129,12,9,2,3
129,12,0,[NULL],9000
129,12,"4,5",12,9998
129,12,6,8,9998
129,12,7,9,9998
129,12,5,"12,13",9998
129,12,"1,2",3,9998
129,12,2,[NULL],9998
129,12,3,[NULL],9998
130,11,8,7,2
130,11,2,0,2
130,11,"6,7",[NULL],9000
130,11,9,[NULL],9000
130,11,1,[NULL],9000
130,11,"3,4",[NULL],9995
130,11,7,5,9996
130,11,4,[NULL],9996
130,11,5,[NULL],9997
130,11,0,5,9998
131,10,11,4,2
131,10,8,[NULL],9000
131,10,5,6,9995
131,10,4,"0,4",9996
131,10,10,[NULL],9997
131,10,7,[NULL],9997
131,10,9,8,9998
131,10,6,6,9998
131,10,1,"1,4,5,6,8",9998
131,10,2,5,9998
131,10,3,3,9998
131,10,0,[NULL],9998
132,9,3,[NULL],9990
132,9,0,[NULL],9991
132,9,5,8,9996
132,9,2,5,9997
132,9,4,7,9997
132,9,1,4,9997
133,8,0,[NULL],9995
133,8,2,[NULL],9997
133,8,1,[NULL],9997
134,7,1,0,2
134,7,2,[NULL],9994
134,7,0,[NULL],9995
135,6,1,[NULL],9000
135,6,0,2,9998
136,5,0,[NULL],9000
137,4,2,1,2
137,4,1,0,2
137,4,0,[NULL],9992
138,3,0,"2,3",9998
138,3,2,5,9998
138,3,1,2,9998
0,142,0,[NULL],9000
4,138,0,[NULL],9000
4,138,1,[NULL],9000
8,134,0,[NULL],9000
95,47,0,[NULL],9000
95,47,2,[NULL],9000
95,47,1,[NULL],9000
98,44,1,0,3
98,44,0,"1,2",4
99,43,0,[NULL],9000
99,43,1,[NULL],9000
100,42,0,2,9997
101,41,0,[NULL],9997
102,40,1,2,4
102,40,0,[NULL],9992
103,39,0,"0,1",9997
103,39,1,[NULL],9997
104,38,2,0,9996
104,38,0,"1,2",9997
104,38,1,[NULL],9997
105,37,3,3,2
105,37,1,0,2
105,37,2,2,4
105,37,0,0,9997
106,36,2,2,4
106,36,0,0,4
106,36,3,2,9998
106,36,1,1,9998
107,35,1,"2,3",9996
107,35,0,2,9997
108,34,3,1,2
108,34,2,1,9996
108,34,0,0,9996
108,34,1,2,9998
109,33,2,[NULL],3
109,33,0,0,4
109,33,3,1,9997
109,33,"1,4",[NULL],9997
109,33,4,1,9998
110,32,2,0,2
110,32,0,"1,2",3
110,32,1,1,4
111,31,"2,3",0,2
111,31,3,2,9996
111,31,0,1,9997
111,31,1,[NULL],9997
112,30,2,3,2
112,30,"0,3","0,3,4",2
112,30,3,0,9996
112,30,1,1,9996
113,29,3,3,2
113,29,1,2,2
113,29,0,"0,1,3,4",2
113,29,2,[NULL],9997
114,28,4,2,2
114,28,5,1,2
114,28,1,"0,2",2
114,28,3,7,4
114,28,0,"1,3",4
114,28,2,1,9998
115,27,4,2,2
115,27,1,"0,2",2
115,27,"2,3",[NULL],9997
115,27,3,3,9998
115,27,0,2,9998
116,26,3,3,2
116,26,5,5,2
116,26,2,"0,5",2
116,26,4,2,9996
116,26,1,0,9996
116,26,0,[NULL],9998
117,25,"3,6","2,6",2
117,25,4,4,2
117,25,6,6,2
117,25,2,"1,4",2
117,25,5,[NULL],3
117,25,1,2,4
117,25,0,[NULL],9998
118,24,4,1,2
118,24,5,2,2
118,24,2,"0,1",2
118,24,"1,6",0,4
118,24,6,"3,5",9997
118,24,3,2,9998
118,24,0,[NULL],9998
119,23,5,1,2
119,23,4,[NULL],2
119,23,3,"2,3",4
119,23,1,[NULL],9000
119,23,2,"1,4,7",9996
119,23,0,[NULL],9998
120,22,5,0,2
120,22,"1,4","1,4",3
120,22,4,4,3
120,22,2,"2,4",9996
120,22,3,3,9997
120,22,0,[NULL],9998
121,21,5,3,2
121,21,2,1,4
121,21,4,[NULL],9000
121,21,"0,1","3,4",9997
121,21,3,[NULL],9997
121,21,1,[NULL],9998
122,20,3,[NULL],9000
122,20,0,[NULL],9000
122,20,2,[NULL],9996
122,20,4,4,9997
122,20,1,[NULL],9997
123,19,4,7,2
123,19,1,[NULL],2
123,19,3,[NULL],9995
123,19,2,[NULL],9997
123,19,0,[NULL],9997
124,18,"3,4",0,2
124,18,5,5,2
124,18,6,11,2
124,18,2,0,3
124,18,4,"3,5",9996
124,18,1,4,9997
124,18,0,"2,4",9998
125,17,10,3,2
125,17,6,0,2
125,17,"7,8,9",[NULL],9000
125,17,"1,3,4,8,9",8,9997
125,17,5,"3,4,9",9997
125,17,"8,9",[NULL],9997
125,17,4,[NULL],9997
125,17,9,5,9998
125,17,"0,2","2,7",9998
125,17,2,"2,4,6,7",9998
125,17,11,7,9998
125,17,3,[NULL],9998
126,16,8,7,2
126,16,7,6,3
126,16,5,8,3
126,16,"4,6",7,3
126,16,6,[NULL],9000
126,16,3,[NULL],9991
126,16,"0,1,2",[NULL],9991
126,16,"1,2",[NULL],9998
126,16,2,[NULL],9998
127,15,5,"6,7",4
127,15,6,[NULL],4
127,15,"0,2,3,4,7,8,9,10","0,1,9,10",5
127,15,"2,3,4,7,8,9,10",[NULL],9000
127,15,8,[NULL],9000
127,15,"3,7,10",3,9997
127,15,7,8,9997
127,15,10,8,9998
127,15,9,7,9998
127,15,1,[NULL],9998
127,15,4,[NULL],9998
128,14,12,"4,5",2
128,14,8,6,2
128,14,9,7,2
128,14,13,4,2
128,14,3,"1,2",2
128,14,11,4,6
128,14,7,[NULL],9000
128,14,"1,4",[NULL],9995
128,14,"2,4",[NULL],9996
128,14,4,9,9997
128,14,5,4,9998
128,14,6,"4,5",9998
128,14,"0,10","0,1,4",9998
128,14,10,8,9998
129,13,5,"0,5",2
129,13,6,5,4
129,13,8,6,4
129,13,"4,9,10",[NULL],9000
129,13,10,[NULL],9000
129,13,7,6,9997
129,13,3,4,9997
129,13,0,9,9997
129,13,"1,2",[NULL],9997
129,13,9,9,9998
129,13,2,[NULL],9998
130,12,8,9,2
130,12,6,6,2
130,12,"1,4,5","1,6,8,9",2
130,12,5,2,2
130,12,3,3,2
130,12,4,3,9996
130,12,7,5,9998
130,12,9,6,9998
130,12,2,1,9998
130,12,0,[NULL],9998
131,11,6,1,3
131,11,2,0,3
131,11,5,[NULL],9000
131,11,"8,9","8,9",9997
131,11,4,7,9997
131,11,9,[NULL],9997
131,11,"0,7",[NULL],9997
131,11,1,[NULL],9997
131,11,7,7,9998
131,11,3,2,9998
132,10,5,[NULL],9000
132,10,4,[NULL],9992
132,10,6,"7,11",9997
132,10,7,9,9998
132,10,"0,1,2","2,4,9",9998
132,10,1,8,9998
132,10,2,[NULL],9998
132,10,3,[NULL],9998
133,9,"2,4",[NULL],9990
133,9,4,[NULL],9990
133,9,1,[NULL],9991
133,9,3,[NULL],9996
133,9,0,6,9998
134,8,2,0,2
134,8,4,[NULL],9988
134,8,5,[NULL],9988
134,8,0,13,9997
134,8,3,[NULL],9997
134,8,1,[NULL],9998
135,7,5,[NULL],9985
135,7,4,[NULL],9992
135,7,2,13,9994
135,7,"0,1,6","4,12",9997
135,7,6,10,9997
135,7,1,[NULL],9997
135,7,3,2,9998
136,6,6,[NULL],9989
136,6,7,[NULL],9993
136,6,1,[NULL],9994
136,6,5,8,9998
136,6,4,7,9998
136,6,0,"0,2,3,5,7",9998
136,6,3,3,9998
136,6,2,[NULL],9998
137,5,"2,3",0,2
137,5,5,2,2
137,5,3,"0,1",2
137,5,4,8,9997
137,5,1,4,9997
137,5,0,[NULL],9997
138,4,3,[NULL],9984
138,4,2,[NULL],9984
138,4,1,[NULL],9996
138,4,0,0,9998
138,4,4,1,9998
139,3,1,[NULL],9000
139,3,0,[NULL],9991
0,143,0,[NULL],9000
4,139,0,[NULL],9000
4,139,1,[NULL],9000
8,135,0,[NULL],9000
95,48,0,[NULL],9000
96,47,0,[NULL],9000
98,45,1,1,3
98,45,0,1,4
99,44,0,[NULL],9000
99,44,1,[NULL],9000
102,41,0,0,3
103,40,0,0,9997
105,38,2,3,2
105,38,1,1,2
105,38,0,[NULL],9998
106,37,2,2,9998
106,37,1,1,9998
106,37,0,[NULL],9998
107,36,2,1,2
107,36,1,0,3
107,36,0,[NULL],9998
108,35,1,1,2
108,35,0,[NULL],9998
109,34,1,2,9998
109,34,0,[NULL],9998
110,33,0,[NULL],9998
111,32,1,"1,2",9998
111,32,0,[NULL],9998
112,31,1,1,9998
112,31,0,[NULL],9998
113,30,1,2,2
113,30,2,2,9998
113,30,0,[NULL],9998
114,29,3,3,2
114,29,2,"0,2,3",2
114,29,"1,4",3,9998
114,29,4,"2,3",9998
114,29,0,[NULL],9998
115,28,1,2,9998
115,28,0,[NULL],9998
116,27,2,4,9998
116,27,0,[NULL],9998
116,27,1,[NULL],9998
117,26,2,3,2
117,26,4,3,9998
117,26,3,2,9998
117,26,0,[NULL],9998
117,26,1,[NULL],9998
118,25,4,7,9997
118,25,2,1,9998
118,25,3,4,9998
118,25,0,[NULL],9998
118,25,1,[NULL],9998
119,24,"2,3",[NULL],9997
119,24,4,3,9998
119,24,3,4,9998
119,24,0,[NULL],9998
119,24,1,[NULL],9998
120,23,3,4,9998
120,23,2,5,9998
120,23,0,[NULL],9998
120,23,1,[NULL],9998
121,22,1,"0,1",3
121,22,2,5,9998
121,22,0,[NULL],9998
122,21,0,2,9998
122,21,2,6,9998
122,21,1,[NULL],9998
123,20,"2,4",0,2
123,20,5,"0,1,3",3
123,20,7,"5,6",3
123,20,6,[NULL],9000
123,20,"0,3",[NULL],9000
123,20,8,5,9997
123,20,3,[NULL],9997
123,20,4,7,9998
123,20,1,[NULL],9998
124,19,5,9,2
124,19,"2,7","0,2,5",2
124,19,"4,6","0,5,7",2
124,19,7,11,2
124,19,3,4,3
124,19,6,0,5
124,19,0,"2,4",9997
124,19,1,1,9998
125,18,"0,3,6","1,5",3
125,18,3,5,3
125,18,6,8,5
125,18,"4,5",[NULL],9994
125,18,2,6,9997
125,18,5,7,9998
125,18,1,"4,7",9998
125,18,7,9,9998
126,17,8,10,2
126,17,7,9,2
126,17,"0,2,3","0,1,4,5,7",3
126,17,3,4,3
126,17,4,5,3
126,17,2,[NULL],9000
126,17,5,[NULL],9000
126,17,6,5,9996
126,17,1,[NULL],9997
127,16,4,5,2
127,16,5,"5,6",2
127,16,"0,1","0,5,8,10",2
127,16,8,10,2
127,16,3,5,3
127,16,2,0,3
127,16,1,[NULL],9000
127,16,6,[NULL],9000
127,16,7,4,9997
127,16,9,5,9997
128,15,9,9,2
128,15,2,4,4
128,15,"3,5",[NULL],9000
128,15,6,[NULL],9000
128,15,7,7,9997
128,15,5,"7,8",9998
128,15,4,7,9998
128,15,"0,8","3,4,7",9998
128,15,1,4,9998
128,15,8,10,9998
129,14,5,7,2
129,14,6,9,2
129,14,1,2,2
129,14,7,[NULL],9000
129,14,4,[NULL],9000
129,14,"2,8",[NULL],9995
129,14,8,3,9997
129,14,3,7,9998
129,14,0,[NULL],9998
130,13,7,7,2
130,13,2,3,2
130,13,8,2,4
130,13,5,4,9995
130,13,"9,10",[NULL],9996
130,13,3,[NULL],9997
130,13,0,[NULL],9997
130,13,1,[NULL],9997
130,13,6,8,9998
130,13,4,3,9998
130,13,10,10,9998
131,12,9,7,2
131,12,"2,4","0,1,2,7",2
131,12,8,"1,6",2
131,12,5,2,3
131,12,7,4,3
131,12,4,1,3
131,12,1,[NULL],9997
131,12,6,6,9998
131,12,3,2,9998
131,12,0,[NULL],9998
132,11,6,0,2
132,11,5,[NULL],9992
132,11,4,[NULL],9992
132,11,"2,3",[NULL],9993
132,11,7,11,9998
132,11,3,5,9998
132,11,0,[NULL],9998
132,11,1,[NULL],9998
133,10,0,[NULL],9995
133,10,3,3,9996
133,10,1,[NULL],9997
133,10,2,13,9998
134,9,2,3,2
134,9,4,[NULL],9995
134,9,3,[NULL],9996
134,9,1,[NULL],9996
134,9,0,[NULL],9998
135,8,8,5,2
135,8,7,4,2
135,8,"0,2,3,5","0,4",2
135,8,3,3,2
135,8,4,[NULL],9993
135,8,9,[NULL],9993
135,8,6,[NULL],9994
135,8,2,[NULL],9994
135,8,5,6,9998
135,8,1,[NULL],9998
136,7,"4,6",[NULL],9994
136,7,"2,3",[NULL],9995
136,7,6,7,9996
136,7,3,2,9996
136,7,1,[NULL],9997
136,7,5,13,9998
136,7,0,"3,7,13",9998
137,6,0,"0,1",2
137,6,1,4,2
138,5,2,[NULL],9985
138,5,0,[NULL],9992
138,5,3,[NULL],9994
138,5,1,6,9998
139,4,1,[NULL],9990
139,4,0,[NULL],9992
0,144,0,[NULL],9000
4,140,0,[NULL],9000
4,140,1,[NULL],9000
8,136,0,[NULL],9000
98,46,0,[NULL],9998
99,45,2,0,3
99,45,1,0,4
99,45,0,[NULL],9000
99,45,3,[NULL],9000
100,44,0,0,4
101,43,0,0,9997
102,42,"0,1",0,3
102,42,1,0,9996
103,41,"1,2",0,3
103,41,2,0,4
103,41,0,0,9997
104,40,0,0,3
105,39,2,2,2
105,39,1,1,2
105,39,3,0,9996
105,39,0,[NULL],9996
106,38,2,0,3
106,38,1,3,9998
106,38,0,1,9998
107,37,0,2,4
108,36,2,1,2
108,36,1,3,3
108,36,0,0,4
109,35,1,0,9996
109,35,2,3,9998
109,35,0,1,9998
110,34,"1,2",1,2
110,34,2,0,3
110,34,0,0,9996
111,33,1,1,2
111,33,0,1,4
112,32,2,2,2
112,32,1,6,4
112,32,0,2,9998
113,31,3,"1,4",2
113,31,2,1,2
113,31,1,1,9996
113,31,0,"2,3",9998
114,30,2,1,2
114,30,1,2,9996
114,30,0,3,9998
115,29,4,2,2
115,29,3,5,4
115,29,"1,2",[NULL],9997
115,29,2,2,9998
115,29,0,"0,2",9998
116,28,3,4,2
116,28,2,3,2
116,28,0,"1,3",9998
116,28,1,3,9998
117,27,1,2,2
117,27,4,3,2
117,27,"3,5",6,3
117,27,5,"2,3",9996
117,27,0,"1,3",9998
117,27,2,3,9998
118,26,3,4,2
118,26,4,3,2
118,26,1,4,9998
118,26,2,6,9998
118,26,0,"3,6",9998
119,25,4,3,2
119,25,5,2,2
119,25,3,3,3
119,25,1,2,4
119,25,2,5,9998
119,25,0,2,9998
120,24,5,2,2
120,24,"3,4","0,1",3
120,24,4,1,4
120,24,2,3,9998
120,24,0,1,9998
120,24,1,4,9998
121,23,2,0,2
121,23,6,2,2
121,23,4,4,3
121,23,5,2,9997
121,23,0,"3,5",9998
121,23,3,4,9998
121,23,1,1,9998
122,22,7,4,2
122,22,2,[NULL],9000
122,22,5,[NULL],9000
122,22,6,3,9996
122,22,1,3,9998
122,22,3,5,9998
122,22,4,6,9998
122,22,0,"1,5",9998
123,21,1,1,2
123,21,4,1,3
123,21,0,"4,7",4
123,21,2,5,5
123,21,3,4,9998
124,20,7,5,2
124,20,4,"1,5",2
124,20,9,"4,5,7",2
124,20,8,"1,3,4,8,9",3
124,20,3,5,3
124,20,6,6,4
124,20,5,[NULL],9000
124,20,0,[NULL],9000
124,20,2,5,9998
124,20,1,4,9998
125,19,6,"3,4",9996
125,19,5,5,9997
125,19,2,[NULL],9997
125,19,"0,1,3,4,7",9,9998
125,19,1,"3,4",9998
125,19,4,10,9998
125,19,3,4,9998
125,19,7,11,9998
126,18,3,"2,4,9",3
126,18,8,7,3
126,18,7,"5,6",7
126,18,"5,11,12",[NULL],9000
126,18,"10,12",[NULL],9000
126,18,12,3,9996
126,18,11,"0,2,3,4",9996
126,18,1,[NULL],9996
126,18,4,[NULL],9996
126,18,9,"2,3,5,7",9997
126,18,"0,6","2,7",9997
126,18,6,4,9997
126,18,2,[NULL],9997
127,17,"7,8",5,2
127,17,8,"4,5",2
127,17,"3,4","0,4,8",2
127,17,4,1,2
127,17,10,8,2
127,17,9,4,3
127,17,5,[NULL],9000
127,17,1,[NULL],9996
127,17,11,6,9997
127,17,0,5,9997
127,17,"2,6","1,3",9998
127,17,6,3,9998
128,16,7,3,2
128,16,6,7,3
128,16,4,3,3
128,16,9,0,3
128,16,5,[NULL],9996
128,16,2,"0,4,5",9997
128,16,"8,10",[NULL],9997
128,16,"0,1,10",[NULL],9997
128,16,"1,10","4,8",9998
128,16,10,8,9998
128,16,3,"2,3,6",9998
129,15,8,6,2
129,15,3,4,2
129,15,10,10,2
129,15,5,7,4
129,15,9,[NULL],9000
129,15,"1,4",[NULL],9000
129,15,6,4,9995
129,15,2,1,9997
129,15,4,[NULL],9997
129,15,7,"5,7",9998
129,15,0,[NULL],9998
130,14,6,6,2
130,14,2,3,2
130,14,"8,9","8,9",3
130,14,7,4,3
130,14,4,[NULL],3
130,14,9,[NULL],3
130,14,0,4,4
130,14,3,[NULL],9000
130,14,5,6,9998
130,14,1,"2,6",9998
131,13,11,7,2
131,13,5,3,2
131,13,7,6,3
131,13,8,5,4
131,13,10,[NULL],9000
131,13,3,[NULL],9000
131,13,"0,1,2,9",2,9997
131,13,6,5,9997
131,13,2,[NULL],9997
131,13,9,5,9998
131,13,1,7,9998
131,13,4,3,9998
132,12,13,2,2
132,12,12,[NULL],9000
132,12,9,[NULL],9993
132,12,8,[NULL],9993
132,12,11,[NULL],9994
132,12,4,3,9997
132,12,"1,2,6",[NULL],9997
132,12,7,[NULL],9997
132,12,6,[NULL],9997
132,12,3,"1,2,5",9998
132,12,10,5,9998
132,12,5,2,9998
132,12,0,[NULL],9998
132,12,2,[NULL],9998
133,11,13,0,3
133,11,10,[NULL],9991
133,11,"8,9",[NULL],9991
133,11,11,[NULL],9992
133,11,"7,12,14",[NULL],9993
133,11,9,[NULL],9993
133,11,6,"0,9",9996
133,11,"12,14",8,9997
133,11,"0,1,2",[NULL],9997
133,11,"4,5,14",[NULL],9997
133,11,"5,14",[NULL],9997
133,11,14,10,9998
133,11,"1,2",[NULL],9998
133,11,2,[NULL],9998
133,11,3,[NULL],9998
134,10,6,5,2
134,10,"4,12","0,1,6",3
134,10,10,6,3
134,10,11,[NULL],9000
134,10,"5,12",[NULL],9000
134,10,9,[NULL],9990
134,10,12,[NULL],9990
134,10,7,[NULL],9991
134,10,3,"1,5,7,8",9997
134,10,"0,2",[NULL],9997
134,10,2,[NULL],9997
134,10,8,7,9998
134,10,1,"3,7",9998
135,9,13,5,2
135,9,"3,7","0,5",2
135,9,10,[NULL],9994
135,9,11,[NULL],9994
135,9,12,[NULL],9994
135,9,9,7,9997
135,9,6,[NULL],9997
135,9,8,[NULL],9997
135,9,14,[NULL],9997
135,9,0,[NULL],9997
135,9,"1,2,4,5",[NULL],9997
135,9,5,[NULL],9997
135,9,"2,4",[NULL],9997
135,9,4,[NULL],9997
135,9,7,4,9998
136,8,8,4,3
136,8,4,1,3
136,8,10,[NULL],9000
136,8,5,[NULL],9990
136,8,9,[NULL],9995
136,8,6,[NULL],9995
136,8,3,9,9997
136,8,0,[NULL],9997
136,8,1,9,9998
136,8,7,8,9998
136,8,2,"2,9",9998
137,7,6,1,2
137,7,7,[NULL],9000
137,7,5,[NULL],9996
137,7,4,[NULL],9996
137,7,3,[NULL],9996
137,7,1,5,9997
137,7,"0,2",[NULL],9997
137,7,2,9,9998
138,6,1,[NULL],9995
138,6,0,[NULL],9995
138,6,2,[NULL],9996
138,6,3,4,9998
139,5,0,[NULL],9000
139,5,"1,2",[NULL],9995
139,5,2,3,9998
140,4,0,[NULL],9000
140,4,1,[NULL],9997
141,3,0,[NULL],9997
142,2,0,[NULL],9997
0,145,0,[NULL],9000
4,141,0,[NULL],9000
4,141,1,[NULL],9000
8,137,0,[NULL],9000
97,48,0,[NULL],9000
99,46,1,[NULL],9000
99,46,2,[NULL],9000
99,46,0,[NULL],9000
101,44,0,1,9998
102,43,0,0,3
102,43,1,[NULL],9997
103,42,0,2,4
103,42,1,1,9997
104,41,0,[NULL],9997
105,40,3,1,2
105,40,1,0,2
105,40,2,0,9996
105,40,0,0,9998
106,39,"2,3",1,4
106,39,0,"0,1",9997
106,39,3,[NULL],9997
106,39,1,0,9998
107,38,1,2,4
107,38,0,0,4
108,37,3,2,2
108,37,1,0,2
108,37,2,2,9996
108,37,0,0,9997
109,36,1,1,9996
109,36,0,0,9996
110,35,2,3,4
110,35,1,1,9997
110,35,0,[NULL],9997
111,34,2,0,2
111,34,0,3,4
111,34,1,1,4
112,33,"2,3",0,2
112,33,3,1,9996
112,33,0,2,9997
112,33,1,[NULL],9997
113,32,3,0,2
113,32,1,1,9996
113,32,0,0,9996
113,32,2,1,9998
114,31,2,2,2
114,31,0,"0,2",2
114,31,1,[NULL],9997
115,30,"1,3",0,2
115,30,3,1,2
115,30,2,4,4
115,30,0,1,4
116,29,"1,3",0,2
116,29,3,2,2
116,29,2,[NULL],9997
116,29,0,"1,2",9998
117,28,4,1,2
117,28,6,2,2
117,28,3,"0,2",2
117,28,7,4,3
117,28,5,"1,3",9996
117,28,2,"1,2,3",9997
117,28,1,[NULL],9997
117,28,0,[NULL],9998
118,27,5,2,2
118,27,2,0,2
118,27,4,[NULL],3
118,27,"1,7",2,4
118,27,7,3,9997
118,27,3,1,9998
118,27,6,3,9998
118,27,0,[NULL],9998
119,26,3,2,2
119,26,1,0,2
119,26,4,1,2
119,26,2,2,4
119,26,0,[NULL],9998
120,25,"3,5",0,2
120,25,4,3,2
120,25,1,1,2
120,25,5,3,9996
120,25,2,2,9997
120,25,0,[NULL],9998
121,24,3,1,2
121,24,5,3,2
121,24,6,4,2
121,24,1,"0,3",2
121,24,2,"1,3",9996
121,24,4,3,9998
121,24,0,[NULL],9998
122,23,4,3,2
122,23,5,8,3
122,23,"1,2",[NULL],4
122,23,"2,3",[NULL],9997
122,23,3,3,9998
122,23,0,[NULL],9998
123,22,5,2,2
123,22,4,1,2
123,22,2,0,3
123,22,3,3,4
123,22,"0,1",[NULL],9000
123,22,1,[NULL],9998
124,21,9,"0,1,3,4,7",2
124,21,"3,4",1,2
124,21,10,4,2
124,21,4,3,2
124,21,11,7,2
124,21,6,2,3
124,21,8,[NULL],9000
124,21,5,[NULL],9000
124,21,7,[NULL],9995
124,21,0,"3,5",9996
124,21,1,[NULL],9997
124,21,2,4,9998
125,20,1,5,9996
125,20,3,"3,6",9996
125,20,"0,2,4","2,3,7",9998
125,20,2,3,9998
125,20,4,7,9998
126,19,"1,3","2,6",2
126,19,3,6,2
126,19,4,7,3
126,19,5,9,3
126,19,2,[NULL],9997
126,19,0,[NULL],9998
127,18,"4,8",0,2
127,18,8,10,2
127,18,"2,3,6",3,2
127,18,7,7,3
127,18,"5,6",[NULL],9000
127,18,"0,1",[NULL],9000
127,18,6,[NULL],9996
127,18,9,4,9997
127,18,3,3,9998
127,18,1,[NULL],9998
128,17,"5,7",7,2
128,17,3,8,3
128,17,6,[NULL],9000
128,17,1,[NULL],9997
128,17,"2,7","3,4,6",9998
128,17,7,9,9998
128,17,4,"5,9",9998
128,17,0,[NULL],9998
129,16,6,5,2
129,16,2,"1,5",2
129,16,5,[NULL],3
129,16,3,4,4
129,16,8,[NULL],9000
129,16,9,[NULL],9000
129,16,7,3,9998
129,16,4,"2,3",9998
129,16,0,"0,3",9998
129,16,1,[NULL],9998
130,15,5,9,2
130,15,7,"1,7",2
130,15,3,4,2
130,15,6,5,5
130,15,4,[NULL],9997
130,15,2,4,9998
130,15,0,[NULL],9998
130,15,1,[NULL],9998
131,14,"1,2,5",3,2
131,14,5,10,2
131,14,2,5,2
131,14,4,5,9995
131,14,7,4,9997
131,14,6,6,9998
131,14,3,1,9998
131,14,0,[NULL],9998
132,13,10,"0,1,2,8,14",2
132,13,7,[NULL],9000
132,13,6,[NULL],9000
132,13,2,[NULL],9995
132,13,"3,9","2,4,9",9996
132,13,9,9,9996
132,13,8,6,9996
132,13,4,[NULL],9996
132,13,5,6,9998
132,13,0,"6,8",9998
132,13,1,[NULL],9998
133,12,7,8,2
133,12,3,"1,2,8",2
133,12,5,[NULL],9000
133,12,"8,9",[NULL],9000
133,12,6,7,9996
133,12,1,[NULL],9997
133,12,2,6,9998
133,12,4,"6,7",9998
133,12,9,9,9998
133,12,0,[NULL],9998
134,11,4,7,2
134,11,3,[NULL],9987
134,11,6,[NULL],9991
134,11,5,10,9997
134,11,0,[NULL],9998
134,11,1,[NULL],9998
134,11,2,[NULL],9998
135,10,9,1,2
135,10,8,7,2
135,10,2,"1,2",2
135,10,7,"6,8",9996
135,10,11,11,9996
135,10,1,4,9997
135,10,3,11,9997
135,10,0,[NULL],9997
135,10,4,[NULL],9997
135,10,5,4,9998
135,10,6,8,9998
135,10,10,10,9998
136,9,9,"0,3",2
136,9,7,9,9997
136,9,3,7,9997
136,9,6,8,9997
136,9,"0,1,10",[NULL],9997
136,9,"2,10",[NULL],9997
136,9,"4,5,10",10,9998
136,9,10,"10,11",9998
136,9,8,8,9998
136,9,5,4,9998
136,9,1,[NULL],9998
137,8,4,3,2
137,8,3,[NULL],9000
137,8,1,[NULL],9943
137,8,2,7,9998
137,8,0,2,9998
138,7,3,2,2
138,7,2,[NULL],9995
138,7,1,[NULL],9995
138,7,4,8,9998
138,7,0,[NULL],9998
139,6,1,[NULL],9000
139,6,3,[NULL],9000
139,6,"4,5",[NULL],9994
139,6,5,[NULL],9997
139,6,2,8,9998
139,6,0,3,9998
140,5,0,[NULL],9000
140,5,1,[NULL],9000
140,5,2,[NULL],9996
141,4,0,[NULL],9997
142,3,0,"1,2",9997
0,146,0,[NULL],9000
4,142,0,[NULL],9000
4,142,1,[NULL],9000
8,138,0,[NULL],9000
97,49,0,[NULL],9000
99,47,1,[NULL],9000
99,47,2,[NULL],9000
99,47,0,[NULL],9000
100,46,1,0,2
100,46,0,0,3
102,44,0,0,3
103,43,0,[NULL],9993
104,42,0,"0,2",2
105,41,0,1,2
106,40,0,0,9998
108,38,0,[NULL],9998
109,37,0,[NULL],9998
110,36,0,[NULL],9998
111,35,0,[NULL],9998
112,34,1,2,2
112,34,0,[NULL],9998
113,33,3,3,9997
113,33,4,2,9998
113,33,0,"0,3",9998
113,33,2,3,9998
113,33,1,[NULL],9998
114,32,1,3,9998
114,32,0,[NULL],9998
115,31,"1,2","0,2",2
115,31,2,1,9998
115,31,0,[NULL],9998
116,30,3,[NULL],9996
116,30,"2,4","0,2",9997
116,30,4,2,9998
116,30,0,3,9998
116,30,1,[NULL],9998
117,29,1,3,2
117,29,3,6,2
117,29,2,4,9998
117,29,0,[NULL],9998
118,28,2,1,9998
118,28,3,4,9998
118,28,4,5,9998
118,28,0,[NULL],9998
118,28,1,[NULL],9998
119,27,2,5,9998
119,27,0,[NULL],9998
119,27,1,[NULL],9998
120,26,3,4,2
120,26,2,5,3
120,26,5,3,9998
120,26,4,"2,4",9998
120,26,0,[NULL],9998
120,26,1,[NULL],9998
121,25,3,3,2
121,25,4,3,9998
121,25,2,2,9998
121,25,0,[NULL],9998
121,25,1,[NULL],9998
122,24,3,"3,5",9997
122,24,4,4,9998
122,24,2,5,9998
122,24,0,[NULL],9998
122,24,1,[NULL],9998
123,23,4,2,2
123,23,3,[NULL],9000
123,23,5,4,9998
123,23,2,5,9998
123,23,0,[NULL],9998
123,23,1,[NULL],9998
124,22,"2,3,7","0,2,4",2
124,22,3,2,2
124,22,7,4,2
124,22,5,5,3
124,22,0,[NULL],9993
124,22,6,4,9998
124,22,4,5,9998
124,22,1,[NULL],9998
125,21,"2,3,5,7",9,3
125,21,"3,5","0,6,9",3
125,21,4,6,3
125,21,5,6,4
125,21,6,4,9998
125,21,7,5,9998
125,21,0,[NULL],9998
125,21,1,[NULL],9998
126,20,3,3,2
126,20,6,11,3
126,20,5,0,3
126,20,"2,4","1,3",9997
126,20,4,3,9997
126,20,1,0,9998
126,20,0,[NULL],9998
127,19,"3,4,6","2,7",2
127,19,9,7,2
127,19,5,"4,7",2
127,19,"0,4",2,3
127,19,4,6,7
127,19,8,[NULL],9000
127,19,6,4,9996
127,19,10,7,9997
127,19,7,"6,7",9997
127,19,2,[NULL],9997
127,19,1,3,9998
128,18,3,7,2
128,18,2,"4,7",2
128,18,0,"0,7",2
128,18,1,2,3
128,18,5,[NULL],9000
128,18,4,[NULL],9000
129,17,4,2,2
129,17,6,[NULL],9000
129,17,2,[NULL],9996
129,17,0,"2,4",9998
129,17,5,5,9998
129,17,3,3,9998
129,17,1,[NULL],9998
130,16,6,6,2
130,16,1,3,2
130,16,2,"0,1,2,9",3
130,16,5,6,3
130,16,4,[NULL],5
130,16,3,8,9995
130,16,0,[NULL],9997
131,15,6,5,2
131,15,8,"0,4,5,7",2
131,15,3,4,3
131,15,4,5,9995
131,15,0,[NULL],9996
131,15,"1,5",4,9997
131,15,5,7,9998
131,15,7,8,9998
131,15,2,3,9998
132,14,6,2,2
132,14,7,"2,4",2
132,14,9,9,2
132,14,8,"12,14",3
132,14,3,3,4
132,14,5,[NULL],9997
132,14,2,[NULL],9997
132,14,0,[NULL],9997
132,14,4,9,9998
132,14,1,[NULL],9998
133,13,"1,5,7,8",3,3
133,13,"6,7",[NULL],9000
133,13,"2,4,5",[NULL],9000
133,13,7,[NULL],9000
133,13,5,[NULL],9000
133,13,3,[NULL],9991
133,13,4,9,9998
133,13,8,10,9998
133,13,0,[NULL],9998
134,12,4,5,2
134,12,8,6,2
134,12,10,10,2
134,12,7,9,3
134,12,9,[NULL],9991
134,12,"2,5",[NULL],9992
134,12,5,[NULL],9992
134,12,3,[NULL],9996
134,12,1,[NULL],9997
134,12,6,5,9998
134,12,0,[NULL],9998
135,11,10,"4,5,10",2
135,11,11,"2,4,5,10",2
135,11,8,8,2
135,11,4,5,2
135,11,9,3,3
135,11,7,6,4
135,11,2,2,4
135,11,"5,6","7,8,9",9997
135,11,1,6,9997
135,11,3,5,9998
135,11,6,9,9998
135,11,0,[NULL],9998
136,10,7,2,2
136,10,2,"0,3",2
136,10,5,1,3
136,10,"10,11",[NULL],9989
136,10,11,[NULL],9990
136,10,9,[NULL],9992
136,10,3,[NULL],9996
136,10,8,[NULL],9997
136,10,"0,6",[NULL],9997
136,10,6,12,9998
136,10,4,6,9998
136,10,1,"4,6",9998
137,9,8,4,2
137,9,"4,5,6",[NULL],9991
137,9,"1,3",[NULL],9992
137,9,5,[NULL],9995
137,9,7,[NULL],9995
137,9,3,4,9997
137,9,6,13,9998
137,9,2,5,9998
137,9,0,[NULL],9998
138,8,8,2,2
138,8,3,0,2
138,8,10,[NULL],9000
138,8,"5,6",[NULL],9988
138,8,7,[NULL],9988
138,8,4,[NULL],9995
138,8,"1,2",[NULL],9995
138,8,6,7,9998
138,8,"2,9","0,10",9998
138,8,9,10,9998
138,8,0,[NULL],9998
139,7,10,[NULL],9986
139,7,5,[NULL],9992
139,7,1,[NULL],9992
139,7,8,[NULL],9992
139,7,4,[NULL],9992
139,7,2,[NULL],9995
139,7,6,[NULL],9995
139,7,9,[NULL],9996
139,7,7,"3,4",9998
139,7,3,"1,2,6",9998
139,7,0,[NULL],9998
140,6,5,[NULL],9000
140,6,6,[NULL],9992
140,6,4,[NULL],9993
140,6,2,[NULL],9993
140,6,3,[NULL],9993
140,6,1,[NULL],9993
140,6,7,[NULL],9996
140,6,0,[NULL],9998
141,5,3,[NULL],9994
141,5,"1,2",[NULL],9995
141,5,"0,2",[NULL],9996
141,5,2,1,9998
142,4,2,8,9997
142,4,3,9,9997
142,4,0,[NULL],9997
142,4,1,"0,2",9998
143,3,1,[NULL],9994
143,3,0,[NULL],9997
0,147,0,[NULL],9000
4,143,0,[NULL],9000
4,143,1,[NULL],9000
8,139,0,[NULL],9000
99,48,0,[NULL],9000
99,48,1,[NULL],9000
100,47,0,[NULL],9000
100,47,1,[NULL],9000
101,46,0,1,4
102,45,1,1,3
102,45,0,0,9998
103,44,0,[NULL],9000
103,44,1,0,9996
104,43,0,3,4
105,42,0,0,2
105,42,1,0,3
106,41,0,0,9996
106,41,1,1,9998
107,40,0,0,3
108,39,0,1,4
109,38,1,1,3
109,38,0,0,4
110,37,1,1,9996
110,37,0,1,9998
111,36,2,0,3
111,36,1,2,9997
111,36,0,[NULL],9997
112,35,2,4,2
112,35,"0,3",0,2
112,35,3,2,2
112,35,1,1,4
113,34,3,1,2
113,34,2,1,4
113,34,1,4,9998
113,34,0,2,9998
114,33,1,2,2
114,33,0,"0,2",9996
115,32,2,4,2
115,32,3,0,2
115,32,1,0,9996
115,32,0,"3,4",9998
116,31,4,2,2
116,31,"1,2,3",2,3
116,31,"2,3",5,4
116,31,0,2,9998
116,31,3,3,9998
117,30,1,2,2
117,30,4,3,2
117,30,5,4,2
117,30,3,7,3
117,30,2,2,9998
117,30,0,"0,2",9998
118,29,5,2,2
118,29,4,1,9996
118,29,1,[NULL],9996
118,29,2,"4,5",9998
118,29,"3,6","3,4,5",9998
118,29,6,5,9998
118,29,0,"0,2,3,4",9998
119,28,3,5,2
119,28,"2,4",4,2
119,28,4,2,3
119,28,0,"1,3",9998
119,28,1,3,9998
120,27,3,4,2
120,27,2,2,2
120,27,0,"2,4",9998
120,27,1,4,9998
121,26,4,4,2
121,26,5,2,2
121,26,3,6,4
121,26,2,4,9998
121,26,1,3,9998
121,26,0,2,9998
122,25,4,5,2
122,25,5,2,2
122,25,3,2,9997
122,25,2,4,9998
122,25,"0,1",2,9998
122,25,1,6,9998
123,24,4,6,2
123,24,5,4,2
123,24,3,4,9996
123,24,2,3,9998
123,24,0,1,9998
123,24,1,4,9998
124,23,4,6,2
124,23,5,7,2
124,23,3,6,4
124,23,1,5,9998
124,23,2,4,9998
124,23,0,2,9998
125,22,0,1,2
125,22,3,10,4
125,22,"2,4","11,12",4
125,22,4,"2,3",9997
125,22,1,6,9998
126,21,3,1,2
126,21,4,9,3
126,21,"0,2",[NULL],9000
126,21,2,2,9996
126,21,1,5,9998
127,20,5,4,9996
127,20,6,5,9997
127,20,"0,2,4","1,4",9997
127,20,4,3,9997
127,20,2,[NULL],9998
127,20,1,[NULL],9998
127,20,3,[NULL],9998
128,19,"2,4",0,2
128,19,5,5,2
128,19,3,3,2
128,19,4,[NULL],9000
128,19,6,[NULL],9000
128,19,1,2,9997
128,19,0,[NULL],9997
129,18,4,5,5
129,18,0,[NULL],9000
129,18,1,[NULL],9997
129,18,6,7,9998
129,18,5,5,9998
129,18,3,3,9998
129,18,2,[NULL],9998
130,17,7,1,2
130,17,8,7,2
130,17,3,2,2
130,17,4,7,3
130,17,5,[NULL],9991
130,17,2,[NULL],9994
130,17,9,"0,4",9995
130,17,6,4,9996
130,17,1,7,9997
130,17,0,[NULL],9997
131,16,9,4,2
131,16,7,[NULL],9000
131,16,"0,4,5",[NULL],9990
131,16,"3,5",[NULL],9993
131,16,5,8,9996
131,16,1,2,9997
131,16,8,3,9997
131,16,10,4,9997
131,16,2,1,9997
131,16,4,[NULL],9997
131,16,6,10,9998
132,15,9,4,2
132,15,10,1,2
132,15,0,6,4
132,15,7,8,9997
132,15,4,2,9997
132,15,6,[NULL],9997
132,15,5,"4,8",9998
132,15,8,10,9998
132,15,2,"3,10",9998
132,15,1,8,9998
132,15,3,[NULL],9998
133,14,5,6,2
133,14,10,5,3
133,14,6,[NULL],9000
133,14,7,[NULL],9000
133,14,"9,11",[NULL],9992
133,14,"1,11",[NULL],9992
133,14,3,[NULL],9992
133,14,11,[NULL],9996
133,14,0,[NULL],9996
133,14,"2,8",[NULL],9996
133,14,8,1,9997
133,14,4,6,9998
134,13,5,3,2
134,13,9,6,2
134,13,4,"1,9",3
134,13,11,"3,9",3
134,13,13,2,6
134,13,6,5,9992
134,13,"0,12",[NULL],9993
134,13,"10,12",[NULL],9993
134,13,12,6,9996
134,13,"7,8",[NULL],9997
134,13,8,6,9998
134,13,3,"2,3",9998
134,13,2,2,9998
134,13,1,[NULL],9998
135,12,12,0,2
135,12,6,4,2
135,12,4,"1,4",2
135,12,9,7,3
135,12,7,3,3
135,12,8,6,3
135,12,13,[NULL],9000
135,12,"14,15",[NULL],9994
135,12,11,7,9996
135,12,3,3,9996
135,12,10,"4,5",9997
135,12,15,6,9997
135,12,"0,1,5",[NULL],9997
135,12,2,[NULL],9997
135,12,1,[NULL],9997
135,12,5,5,9998
136,11,13,6,2
136,11,5,2,2
136,11,15,[NULL],9000
136,11,"9,12,14",[NULL],9990
136,11,6,[NULL],9991
136,11,14,[NULL],9993
136,11,12,[NULL],9996
136,11,11,4,9997
136,11,2,2,9997
136,11,8,[NULL],9997
136,11,0,[NULL],9997
136,11,1,"2,4,7",9998
136,11,7,10,9998
136,11,4,5,9998
136,11,10,7,9998
136,11,3,4,9998
137,10,7,6,2
137,10,"0,10","2,9",2
137,10,10,9,2
137,10,9,[NULL],9990
137,10,8,8,9996
137,10,4,3,9996
137,10,2,5,9996
137,10,6,8,9997
137,10,3,5,9997
137,10,1,[NULL],9997
137,10,5,7,9998
138,9,"3,4",7,2
138,9,"1,2,6",3,2
138,9,4,[NULL],9989
138,9,"2,6",[NULL],9989
138,9,6,[NULL],9996
138,9,7,[NULL],9996
138,9,5,8,9997
138,9,0,[NULL],9997
139,8,5,[NULL],9996
139,8,4,5,9997
139,8,"2,3",[NULL],9997
139,8,1,[NULL],9997
139,8,3,6,9998
139,8,0,[NULL],9998
140,7,1,0,2
140,7,2,14,9996
140,7,0,[NULL],9998
141,6,"0,2",1,2
141,6,"1,2",0,3
141,6,2,[NULL],9000
142,5,2,3,9997
142,5,1,"4,8",9998
142,5,0,[NULL],9998
143,4,0,[NULL],9998
0,148,0,[NULL],9000
4,144,0,[NULL],9000
4,144,1,[NULL],9000
8,140,0,[NULL],9000
98,50,0,[NULL],9000
99,49,0,[NULL],9000
101,47,0,0,2
103,45,1,[NULL],9000
103,45,0,[NULL],9997
104,44,0,2,4
105,43,1,1,2
105,43,0,[NULL],9997
106,42,0,0,9996
107,41,2,2,4
107,41,"0,1",0,9997
107,41,1,[NULL],9997
108,40,1,1,4
108,40,0,0,4
109,39,1,0,2
109,39,"0,2",0,9997
109,39,2,1,9997
110,38,2,"1,2",9996
110,38,0,0,9996
110,38,1,1,9998
111,37,1,3,4
111,37,0,1,9997
112,36,4,1,2
112,36,2,0,2
112,36,3,3,3
112,36,1,1,4
112,36,0,0,4
113,35,3,1,9996
113,35,0,3,9997
113,35,4,3,9998
113,35,"1,2",1,9998
113,35,2,2,9998
114,34,"3,4",0,2
114,34,4,1,9996
114,34,0,0,9996
114,34,1,3,9997
114,34,2,1,9997
115,33,2,0,2
115,33,3,3,2
115,33,0,"2,4",3
115,33,1,[NULL],9997
116,32,2,2,2
116,32,0,"0,2",2
116,32,"1,3",5,4
116,32,3,2,9998
117,31,"4,5",2,2
117,31,3,"2,3,6",2
117,31,5,6,2
117,31,"0,2","0,3",2
117,31,2,"0,2",9996
117,31,1,[NULL],9997
118,30,"1,3",0,2
118,30,3,1,2
118,30,2,1,9996
118,30,4,3,9998
118,30,0,2,9998
119,29,"2,4",0,2
119,29,4,1,2
119,29,3,5,4
119,29,1,1,9997
119,29,0,[NULL],9998
120,28,4,2,2
120,28,3,1,2
120,28,2,0,2
120,28,1,2,4
120,28,0,[NULL],9998
121,27,4,2,2
121,27,2,"0,1",2
121,27,6,1,2
121,27,"3,5",3,3
121,27,5,"4,5",9996
121,27,1,4,9997
121,27,0,[NULL],9998
122,26,3,2,2
122,26,1,0,2
122,26,4,1,2
122,26,2,1,9996
122,26,0,[NULL],9998
123,25,5,1,2
123,25,4,2,2
123,25,2,0,2
123,25,3,0,4
123,25,0,[NULL],9997
123,25,1,[NULL],9998
124,24,6,1,2
124,24,5,1,4
124,24,3,3,4
124,24,4,[NULL],9000
124,24,2,[NULL],9000
124,24,"0,1",[NULL],9000
124,24,1,[NULL],9998
125,23,5,1,2
125,23,"1,3","2,4",3
125,23,3,4,3
125,23,"2,6","1,3",9996
125,23,6,7,9997
125,23,4,[NULL],9997
125,23,0,[NULL],9998
126,22,5,[NULL],2
126,22,7,10,3
126,22,6,"7,10",3
126,22,4,"3,6",9996
126,22,3,"2,5",9996
126,22,"0,2","2,4,5,6",9997
126,22,1,[NULL],9997
126,22,2,[NULL],9998
127,21,"2,3",[NULL],9000
127,21,1,[NULL],9995
127,21,3,3,9997
127,21,4,6,9997
127,21,0,[NULL],9997
128,20,7,6,2
128,20,5,5,2
128,20,3,3,2
128,20,4,6,5
128,20,6,[NULL],9000
128,20,1,[NULL],9989
128,20,2,[NULL],9996
128,20,0,[NULL],9998
129,19,6,[NULL],9000
129,19,3,5,9997
129,19,"0,4,5",1,9997
129,19,4,[NULL],9997
129,19,1,"3,5",9998
129,19,5,6,9998
129,19,2,4,9998
130,18,10,6,2
130,18,4,"1,5",3
130,18,"7,9",[NULL],9992
130,18,9,4,9996
130,18,8,"1,3,4",9996
130,18,"0,3,6","7,8",9997
130,18,6,[NULL],9997
130,18,5,[NULL],9997
130,18,"1,2,3","3,6,7",9998
130,18,2,6,9998
130,18,3,[NULL],9998
131,17,"4,8",5,2
131,17,10,8,2
131,17,3,"2,6,8,9",2
131,17,8,"1,6,9",2
131,17,"2,9","3,9",4
131,17,9,9,4
131,17,6,"2,8",4
131,17,5,"4,9",9997
131,17,11,6,9997
131,17,7,6,9998
131,17,0,[NULL],9998
131,17,1,[NULL],9998
132,16,6,4,2
132,16,7,6,4
132,16,4,2,9995
132,16,3,[NULL],9995
132,16,5,7,9998
132,16,8,9,9998
132,16,2,"4,9",9998
132,16,0,[NULL],9998
132,16,1,[NULL],9998
133,15,6,8,2
133,15,"2,3",3,2
133,15,3,"2,3,5,7,8",2
133,15,5,[NULL],9000
133,15,"1,4",[NULL],9993
133,15,7,6,9996
133,15,4,9,9997
133,15,0,[NULL],9997
134,14,5,5,2
134,14,"7,8,9","5,6",3
134,14,6,1,3
134,14,8,7,4
134,14,11,11,4
134,14,10,[NULL],9000
134,14,"1,2",[NULL],9994
134,14,4,[NULL],9994
134,14,2,[NULL],9995
134,14,9,5,9997
134,14,3,2,9997
134,14,0,[NULL],9997
135,13,"2,4,7",1,2
135,13,10,7,2
135,13,5,4,2
135,13,7,10,2
135,13,4,3,2
135,13,9,[NULL],9000
135,13,6,[NULL],9000
135,13,3,1,9998
135,13,8,"6,8",9998
135,13,0,[NULL],9998
135,13,1,[NULL],9998
136,12,7,5,2
136,12,4,3,3
136,12,6,[NULL],9991
136,12,"3,9",[NULL],9994
136,12,"1,8,9",4,9996
136,12,5,[NULL],9996
136,12,"2,9","4,5",9997
136,12,9,8,9997
136,12,8,7,9998
136,12,0,[NULL],9998
137,11,7,[NULL],9000
137,11,9,[NULL],9991
137,11,4,[NULL],9991
137,11,5,0,9996
137,11,"0,1","1,2,3,11",9997
137,11,"6,8","6,7,8",9997
137,11,8,9,9998
137,11,3,"3,9",9998
137,11,1,[NULL],9998
137,11,2,[NULL],9998
138,10,6,2,2
138,10,5,[NULL],9990
138,10,3,[NULL],9990
138,10,2,[NULL],9997
138,10,1,7,9998
138,10,4,9,9998
138,10,0,[NULL],9998
139,9,4,[NULL],9994
139,9,7,5,9997
139,9,6,"5,11,12",9997
139,9,5,6,9998
139,9,0,[NULL],9998
139,9,1,[NULL],9998
139,9,2,[NULL],9998
139,9,3,[NULL],9998
140,8,3,[NULL],9000
140,8,5,[NULL],9000
140,8,6,1,9996
140,8,2,[NULL],9996
140,8,7,"5,12,14",9997
140,8,4,8,9997
140,8,1,"5,6,8,12,14",9997
140,8,0,[NULL],9998
141,7,"4,8",1,2
141,7,8,2,3
141,7,9,3,3
141,7,6,[NULL],9988
141,7,3,[NULL],9988
141,7,7,[NULL],9991
141,7,5,[NULL],9995
141,7,2,[NULL],9995
141,7,"0,1",[NULL],9997
141,7,1,3,9998
142,6,3,[NULL],9000
142,6,1,[NULL],9996
142,6,4,9,9997
142,6,0,[NULL],9997
142,6,2,2,9998
143,5,"2,3",[NULL],9995
143,5,1,[NULL],9996
143,5,4,[NULL],9996
143,5,3,3,9998
143,5,0,"1,3",9998
144,4,4,[NULL],9000
144,4,3,[NULL],9991
144,4,1,[NULL],9996
144,4,2,[NULL],9997
144,4,0,6,9998
145,3,1,[NULL],9993
145,3,0,4,9998
146,2,0,1,9998
0,149,0,[NULL],9000
4,145,0,[NULL],9000
4,145,1,[NULL],9000
8,141,0,[NULL],9000
99,50,0,[NULL],9000
101,48,0,[NULL],9000
101,48,1,[NULL],9000
103,46,0,[NULL],9000
109,40,1,1,2
109,40,0,[NULL],9998
110,39,2,1,3
110,39,1,0,9998
110,39,0,[NULL],9998
111,38,0,[NULL],9998
112,37,3,4,2
112,37,1,"1,2",2
112,37,2,2,2
112,37,0,[NULL],9998
113,36,2,1,9998
113,36,1,0,9998
113,36,0,[NULL],9998
114,35,0,[NULL],9998
115,34,2,3,2
115,34,1,1,9998
115,34,0,[NULL],9998
116,33,2,3,9998
116,33,1,"1,2",9998
116,33,0,[NULL],9998
117,32,3,4,2
117,32,2,0,2
117,32,1,1,9998
117,32,0,[NULL],9998
118,31,2,"0,2",9997
118,31,1,2,9998
118,31,0,[NULL],9998
119,30,2,2,9998
119,30,0,[NULL],9998
119,30,1,[NULL],9998
120,29,2,3,9998
120,29,0,[NULL],9998
120,29,1,[NULL],9998
121,28,2,3,3
121,28,3,5,9998
121,28,0,[NULL],9998
121,28,1,[NULL],9998
122,27,5,4,9997
122,27,6,5,9998
122,27,4,3,9998
122,27,0,"1,4",9998
122,27,3,4,9998
122,27,1,[NULL],9998
122,27,2,[NULL],9998
123,26,2,5,9998
123,26,3,6,9998
123,26,0,[NULL],9998
123,26,1,[NULL],9998
124,25,"2,3",4,3
124,25,3,3,9998
124,25,4,4,9998
124,25,0,[NULL],9998
124,25,1,[NULL],9998
125,24,3,5,9998
125,24,2,6,9998
125,24,0,[NULL],9998
125,24,1,[NULL],9998
126,23,5,6,3
126,23,"1,4","0,2,4",3
126,23,3,4,3
126,23,4,6,4
126,23,2,7,9998
126,23,0,[NULL],9998
127,22,2,"1,2",3
127,22,4,6,9997
127,22,3,5,9998
127,22,0,[NULL],9998
127,22,1,[NULL],9998
128,21,"3,5",1,2
128,21,6,5,2
128,21,4,2,2
128,21,"5,7",[NULL],9000
128,21,7,7,9997
128,21,1,[NULL],9997
128,21,2,[NULL],9997
128,21,8,4,9998
128,21,0,[NULL],9998
129,20,"3,6,7","0,1,2,4,5,7,9",2
129,20,6,"2,4,5,7,9",2
129,20,7,1,3
129,20,4,[NULL],9996
129,20,0,"2,5,6",9997
129,20,1,2,9998
129,20,5,7,9998
129,20,2,3,9998
130,19,6,"2,4,7,9",2
130,19,2,1,3
130,19,3,8,3
130,19,4,10,3
130,19,1,2,3
130,19,5,4,5
130,19,0,9,9998
131,18,7,5,2
131,18,9,8,2
131,18,4,"2,7,8",2
131,18,8,7,3
131,18,2,4,3
131,18,11,[NULL],9000
131,18,6,[NULL],9000
131,18,3,[NULL],9995
131,18,10,5,9997
131,18,5,9,9998
131,18,0,[NULL],9998
131,18,1,[NULL],9998
132,17,1,2,3
132,17,4,[NULL],9000
132,17,3,[NULL],9000
132,17,6,7,9997
132,17,"0,2,5",4,9998
132,17,"2,5","5,12",9998
132,17,5,12,9998
133,16,4,[NULL],9000
133,16,5,[NULL],9000
133,16,3,[NULL],9000
133,16,6,[NULL],9994
133,16,1,[NULL],9996
133,16,7,7,9997
133,16,2,[NULL],9997
133,16,0,"3,7",9998
134,15,1,3,2
134,15,"6,8",8,2
134,15,"4,5",10,3
134,15,8,15,3
134,15,3,[NULL],8
134,15,7,[NULL],9000
134,15,5,[NULL],9996
134,15,2,"3,6",9997
134,15,0,3,9998
135,14,7,8,2
135,14,4,11,3
135,14,2,2,3
135,14,5,[NULL],9000
135,14,3,[NULL],9997
135,14,0,[NULL],9997
135,14,1,5,9998
135,14,6,9,9998
136,13,9,8,2
136,13,3,"3,8",2
136,13,8,6,3
136,13,5,3,3
136,13,6,1,9996
136,13,7,7,9998
136,13,4,5,9998
136,13,0,[NULL],9998
136,13,1,[NULL],9998
136,13,2,[NULL],9998
137,12,7,"1,3",2
137,12,9,4,2
137,12,8,"5,6",3
137,12,4,[NULL],9000
137,12,"5,6",[NULL],9000
137,12,0,6,9997
137,12,3,[NULL],9997
137,12,6,9,9998
137,12,2,4,9998
137,12,1,[NULL],9998
138,11,6,5,2
138,11,5,4,3
138,11,3,[NULL],9991
138,11,2,[NULL],9991
138,11,4,8,9998
138,11,"1,7","5,12",9998
138,11,7,12,9998
138,11,0,[NULL],9998
139,10,8,[NULL],9000
139,10,0,[NULL],9995
139,10,7,6,9996
139,10,6,"7,10",9998
139,10,5,10,9998
139,10,"1,4","2,7",9998
139,10,4,[NULL],9998
139,10,2,[NULL],9998
139,10,3,[NULL],9998
140,9,3,1,2
140,9,5,[NULL],9995
140,9,6,10,9997
140,9,4,"8,9,10",9998
140,9,0,[NULL],9998
140,9,1,[NULL],9998
140,9,2,[NULL],9998
141,8,2,2,2
141,8,3,2,3
141,8,0,[NULL],9991
141,8,1,[NULL],9996
142,7,3,3,2
142,7,1,"0,2",2
142,7,5,11,9997
142,7,4,4,9998
142,7,2,2,9998
142,7,0,[NULL],9998
143,6,6,"0,2",2
143,6,"3,4",[NULL],9994
143,6,5,[NULL],9997
143,6,2,[NULL],9997
143,6,4,6,9998
143,6,1,"2,6,10",9998
143,6,0,[NULL],9998
144,5,4,0,2
144,5,2,"4,5",9997
144,5,3,[NULL],9997
144,5,1,[NULL],9997
144,5,0,10,9998
145,4,1,0,2
145,4,0,8,9998
146,3,0,"0,1",9997
0,150,0,[NULL],9000
4,146,0,[NULL],9000
4,146,1,[NULL],9000
8,142,0,[NULL],9000
99,51,0,[NULL],9000
101,49,0,[NULL],9000
101,49,1,[NULL],9000
102,48,0,1,4
103,47,0,[NULL],9000
103,47,1,0,9998
104,46,1,1,9997
104,46,0,[NULL],9997
105,45,0,0,4
106,44,0,"0,1",3
107,43,0,0,9996
108,42,0,"0,2",3
108,42,1,2,3
108,42,2,0,9996
109,41,0,1,2
109,41,1,1,4
110,40,1,0,3
110,40,0,1,9998
111,39,0,0,9996
112,38,1,2,2
112,38,0,1,2
112,38,3,0,3
112,38,2,2,9998
113,37,3,1,3
113,37,1,2,3
113,37,"0,2",0,4
113,37,2,2,9998
114,36,1,1,2
114,36,0,1,4
115,35,3,2,2
115,35,"1,2",1,2
115,35,2,2,9996
115,35,0,[NULL],9996
116,34,1,1,2
116,34,0,0,9996
117,33,2,1,2
117,33,1,4,4
117,33,0,2,9998
118,32,2,2,2
118,32,1,1,3
118,32,0,2,9998
119,31,3,2,2
119,31,2,0,9996
119,31,"0,1",[NULL],9996
119,31,1,2,9998
120,30,5,3,2
120,30,4,1,3
120,30,1,[NULL],9997
120,30,"2,3","2,3",9998
120,30,3,2,9998
120,30,0,"0,2",9998
121,29,5,6,2
121,29,3,4,2
121,29,"1,4",0,2
121,29,4,3,2
121,29,2,6,9998
121,29,0,"2,6",9998
122,28,5,2,2
122,28,6,3,2
122,28,4,3,4
122,28,"1,2","2,5",9998
122,28,2,5,9998
122,28,3,6,9998
122,28,0,3,9998
123,27,3,3,2
123,27,4,4,2
123,27,"0,1,2","3,5",9998
123,27,1,5,9998
123,27,2,7,9998
124,26,5,3,2
124,26,6,2,2
124,26,7,6,3
124,26,4,3,9997
124,26,1,[NULL],9997
124,26,3,5,9998
124,26,2,"4,6",9998
124,26,0,2,9998
125,25,7,2,2
125,25,"2,4,5,6","0,2",3
125,25,"4,5,6",2,4
125,25,6,[NULL],9000
125,25,1,3,9998
125,25,3,4,9998
125,25,0,2,9998
125,25,5,5,9998
126,24,5,3,2
126,24,3,3,3
126,24,6,4,3
126,24,4,5,4
126,24,1,5,9998
126,24,2,4,9998
126,24,0,1,9998
127,23,4,8,2
127,23,5,3,9996
127,23,2,[NULL],9996
127,23,6,5,9997
127,23,1,5,9998
127,23,3,4,9998
127,23,0,1,9998
128,22,2,1,2
128,22,7,5,2
128,22,3,2,2
128,22,5,3,3
128,22,1,"0,4,5",3
128,22,8,[NULL],9000
128,22,6,5,9998
128,22,4,6,9998
128,22,0,"3,6,7",9998
129,21,9,"0,2,4",2
129,21,"7,8","0,3,6",3
129,21,4,6,4
129,21,8,3,5
129,21,0,"4,5",9997
129,21,"2,6",[NULL],9997
129,21,1,[NULL],9997
129,21,6,6,9998
129,21,5,5,9998
129,21,3,3,9998
130,20,9,5,2
130,20,4,5,3
130,20,6,11,3
130,20,8,5,4
130,20,5,4,5
130,20,2,[NULL],9000
130,20,1,[NULL],9000
130,20,7,6,9997
130,20,3,[NULL],9997
130,20,0,"1,5",9998
131,19,4,"0,2,5",2
131,19,"5,12","2,5",2
131,19,12,5,2
131,19,11,[NULL],9000
131,19,"8,15",[NULL],9000
131,19,15,6,9996
131,19,14,7,9996
131,19,9,4,9996
131,19,3,[NULL],9996
131,19,1,[NULL],9996
131,19,13,5,9997
131,19,6,2,9997
131,19,10,"4,5",9997
131,19,7,"3,7",9997
131,19,0,7,9997
131,19,2,4,9998
132,18,"3,7",0,2
132,18,9,1,3
132,18,5,[NULL],9000
132,18,8,[NULL],9992
132,18,0,[NULL],9992
132,18,2,[NULL],9992
132,18,"1,6","1,3",9996
132,18,6,3,9996
132,18,7,5,9998
132,18,4,2,9998
133,17,3,0,2
133,17,5,9,3
133,17,2,3,3
133,17,6,12,4
133,17,4,[NULL],9000
133,17,1,"0,4,5",9997
133,17,0,"2,5",9998
134,16,5,1,2
134,16,9,6,2
134,16,7,11,4
134,16,3,3,4
134,16,8,[NULL],9000
134,16,"1,6",[NULL],9000
134,16,6,[NULL],9996
134,16,2,[NULL],9996
134,16,4,[NULL],9997
134,16,0,6,9998
135,15,7,7,2
135,15,5,4,2
135,15,6,[NULL],2
135,15,4,"2,9",3
135,15,8,9,3
135,15,9,[NULL],9000
135,15,3,5,9997
135,15,0,[NULL],9997
135,15,10,9,9998
135,15,2,3,9998
135,15,1,"5,8,9",9998
136,14,9,6,2
136,14,4,2,2
136,14,"1,2,3,11","0,1",3
136,14,"6,7,8","6,8",3
136,14,8,8,4
136,14,3,4,4
136,14,5,2,4
136,14,10,[NULL],9000
136,14,11,"2,4",9992
136,14,7,[NULL],9993
136,14,2,4,9997
136,14,0,[NULL],9997
137,13,8,4,2
137,13,"5,12","1,7",2
137,13,12,7,2
137,13,7,[NULL],9000
137,13,"6,11",[NULL],9000
137,13,10,[NULL],9000
137,13,4,[NULL],9993
137,13,1,[NULL],9993
137,13,11,[NULL],9996
137,13,9,5,9998
137,13,3,4,9998
137,13,2,3,9998
137,13,0,[NULL],9998
138,12,"7,10",6,2
138,12,10,5,2
138,12,2,"1,4,5,6,7",2
138,12,5,7,3
138,12,"11,12","6,7",3
138,12,8,[NULL],9000
138,12,1,[NULL],9000
138,12,12,[NULL],9989
138,12,6,[NULL],9992
138,12,9,0,9996
138,12,4,5,9997
138,12,3,[NULL],9997
138,12,0,[NULL],9998
139,11,"8,9,10",4,2
139,11,"5,12,14",7,3
139,11,"9,10",4,3
139,11,6,"1,4,7",3
139,11,14,2,4
139,11,7,[NULL],9988
139,11,10,[NULL],9988
139,11,11,[NULL],9988
139,11,"2,3,12",[NULL],9989
139,11,12,4,9996
139,11,"4,13",[NULL],9996
139,11,13,[NULL],9996
139,11,0,[NULL],9996
139,11,3,[NULL],9996
139,11,1,[NULL],9998
140,10,"11,12,13",[NULL],9000
140,10,9,[NULL],9987
140,10,"4,6,10",[NULL],9987
140,10,"8,10",[NULL],9989
140,10,10,[NULL],9994
140,10,13,[NULL],9996
140,10,12,[NULL],9996
140,10,6,[NULL],9996
140,10,14,10,9997
140,10,"0,5,7",[NULL],9997
140,10,7,[NULL],9997
140,10,3,[NULL],9997
140,10,5,5,9998
140,10,1,[NULL],9998
140,10,2,[NULL],9998
141,9,4,4,2
141,9,2,2,2
141,9,9,4,3
141,9,7,[NULL],9993
141,9,8,9,9995
141,9,6,[NULL],9995
141,9,5,[NULL],9995
141,9,3,[NULL],9997
141,9,0,[NULL],9998
141,9,1,[NULL],9998
142,8,6,4,2
142,8,"2,10","1,3",2
142,8,4,[NULL],9000
142,8,7,[NULL],9000
142,8,10,[NULL],9990
142,8,11,[NULL],9995
142,8,8,[NULL],9997
142,8,9,[NULL],9997
142,8,1,[NULL],9997
142,8,3,[NULL],9997
142,8,5,8,9998
142,8,0,[NULL],9998
143,7,10,"0,2",2
143,7,"7,8",[NULL],9987
143,7,6,[NULL],9993
143,7,4,[NULL],9996
143,7,"2,3,9",[NULL],9996
143,7,5,[NULL],9997
143,7,8,7,9998
143,7,"3,9",3,9998
143,7,9,10,9998
143,7,0,[NULL],9998
143,7,1,[NULL],9998
144,6,8,0,2
144,6,3,[NULL],9000
144,6,4,[NULL],9992
144,6,5,[NULL],9993
144,6,7,[NULL],9994
144,6,"1,2",[NULL],9995
144,6,2,[NULL],9996
144,6,"0,6",1,9997
144,6,6,6,9997
145,5,3,[NULL],9994
145,5,4,[NULL],9994
145,5,"1,2",[NULL],9995
145,5,0,[NULL],9996
145,5,2,1,9998
146,4,2,[NULL],9000
146,4,0,"6,7",9997
146,4,1,8,9997
147,3,1,[NULL],9994
147,3,0,[NULL],9995
0,151,0,[NULL],9000
4,147,0,[NULL],9000
4,147,1,[NULL],9000
8,143,0,[NULL],9000
102,49,0,1,2
103,48,1,[NULL],9000
103,48,0,[NULL],9000
104,47,0,[NULL],9998
105,46,0,0,4
106,45,0,0,9998
107,44,0,0,9996
108,43,0,[NULL],9997
109,42,1,0,2
109,42,2,2,4
109,42,0,0,4
110,41,"1,2",[NULL],9997
110,41,2,1,9998
110,41,0,"0,1",9998
111,40,2,2,2
111,40,1,1,9996
111,40,0,0,9996
112,39,2,2,2
112,39,1,3,4
112,39,0,0,9997
113,38,1,4,4
113,38,0,0,4
113,38,2,1,9998
114,37,1,1,9996
114,37,0,0,9997
115,36,2,1,9996
115,36,0,0,9996
115,36,1,1,9997
116,35,2,0,2
116,35,0,2,4
116,35,1,[NULL],9997
117,34,2,0,2
117,34,0,2,3
117,34,1,2,4
118,33,2,1,2
118,33,0,"0,1,3,4",9996
118,33,1,[NULL],9997
119,32,"2,3","2,3",2
119,32,3,2,2
119,32,0,"0,3",2
119,32,1,1,9996
120,31,6,2,2
120,31,2,"0,2",2
120,31,"4,5",5,4
120,31,"0,1,3",3,9997
120,31,3,[NULL],9997
120,31,5,3,9998
120,31,1,"1,3",9998
121,30,"2,5","1,2",2
121,30,5,2,2
121,30,6,3,2
121,30,3,0,2
121,30,4,5,3
121,30,1,2,4
121,30,0,[NULL],9998
122,29,"3,5","0,1,2",2
122,29,5,1,2
122,29,7,2,2
122,29,4,4,9997
122,29,2,"2,4,6",9997
122,29,6,3,9998
122,29,1,2,9998
122,29,0,[NULL],9998
123,28,5,3,2
123,28,"4,6",2,2
123,28,2,0,2
123,28,6,3,9996
123,28,1,0,9996
123,28,3,4,9997
123,28,7,5,9998
123,28,0,[NULL],9998
124,27,3,1,2
124,27,4,3,2
124,27,2,0,2
124,27,5,5,2
124,27,1,"2,6",4
124,27,0,[NULL],9998
125,26,5,1,2
125,26,4,2,2
125,26,1,0,2
125,26,"3,6",4,4
125,26,2,3,4
125,26,6,4,9998
125,26,0,[NULL],9998
126,25,5,1,2
126,25,4,3,2
126,25,1,0,2
126,25,6,4,3
126,25,2,"1,3",9996
126,25,3,"3,5",9998
126,25,0,[NULL],9998
127,24,5,6,2
127,24,6,4,2
127,24,"3,7","0,2,4",2
127,24,7,7,3
127,24,2,"1,4",9996
127,24,4,3,9996
127,24,8,6,9997
127,24,"0,1",4,9998
127,24,1,[NULL],9998
128,23,6,6,2
128,23,5,5,2
128,23,3,3,2
128,23,2,0,3
128,23,4,[NULL],9000
128,23,"0,1","3,4",9997
128,23,1,[NULL],9998
129,22,"1,5",0,2
129,22,4,7,4
129,22,"3,5","8,9",4
129,22,0,9,5
129,22,5,[NULL],9997
129,22,2,4,9998
130,21,4,2,2
130,21,5,10,3
130,21,1,[NULL],9000
130,21,3,"6,7,8",9996
130,21,2,"4,9",9996
130,21,0,[NULL],9997
131,20,5,7,2
131,20,2,4,2
131,20,7,6,3
131,20,4,6,9996
131,20,6,5,9997
131,20,3,3,9997
131,20,1,8,9998
131,20,0,[NULL],9998
132,19,"2,5",0,2
132,19,7,7,3
132,19,6,7,4
132,19,"4,5",[NULL],9000
132,19,"1,5",6,9997
132,19,5,[NULL],9997
132,19,3,"2,6",9998
132,19,0,[NULL],9998
133,18,6,"0,5",2
133,18,3,2,3
133,18,"2,5",1,9998
133,18,5,6,9998
133,18,4,4,9998
133,18,0,0,9998
133,18,1,[NULL],9998
134,17,9,10,2
134,17,3,2,2
134,17,"5,8","1,10",2
134,17,8,[NULL],9000
134,17,4,7,9997
134,17,6,[NULL],9997
134,17,2,[NULL],9997
134,17,"0,1,7",1,9998
134,17,7,7,9998
134,17,1,[NULL],9998
135,16,4,"1,3,8",4
135,16,2,[NULL],9997
135,16,3,"3,5,6",9998
135,16,0,[NULL],9998
135,16,1,[NULL],9998
136,15,5,9,2
136,15,4,3,2
136,15,3,2,2
136,15,6,0,3
136,15,0,5,4
136,15,1,[NULL],9998
136,15,2,[NULL],9998
137,14,8,[NULL],9000
137,14,3,6,9995
137,14,"7,9",[NULL],9995
137,14,6,"2,5",9996
137,14,10,6,9996
137,14,4,"5,6",9998
137,14,9,4,9998
137,14,5,"3,5",9998
137,14,1,"3,4",9998
137,14,0,[NULL],9998
137,14,2,[NULL],9998
138,13,9,[NULL],9000
138,13,5,[NULL],9000
138,13,7,[NULL],9989
138,13,10,3,9996
138,13,8,2,9996
138,13,4,4,9997
138,13,1,[NULL],9997
138,13,6,[NULL],9997
138,13,0,[NULL],9998
138,13,2,[NULL],9998
138,13,3,[NULL],9998
139,12,5,5,2
139,12,10,6,3
139,12,1,6,4
139,12,4,[NULL],9993
139,12,9,10,9997
139,12,8,6,9997
139,12,6,[NULL],9997
139,12,3,"2,3,5",9998
139,12,7,5,9998
139,12,2,3,9998
139,12,0,[NULL],9998
140,11,9,[NULL],9000
140,11,10,[NULL],9000
140,11,7,[NULL],9000
140,11,4,[NULL],9995
140,11,8,8,9997
140,11,5,7,9998
140,11,3,"1,4",9998
140,11,6,4,9998
140,11,0,[NULL],9998
140,11,1,[NULL],9998
140,11,2,[NULL],9998
141,10,8,5,2
141,10,11,5,3
141,10,6,[NULL],9991
141,10,7,[NULL],9994
141,10,4,[NULL],9994
141,10,10,[NULL],9994
141,10,2,5,9997
141,10,9,[NULL],9997
141,10,3,[NULL],9997
141,10,5,9,9998
141,10,0,[NULL],9998
141,10,1,[NULL],9998
142,9,7,8,2
142,9,3,"3,9",2
142,9,10,9,2
142,9,8,[NULL],9000
142,9,11,[NULL],9993
142,9,9,[NULL],9996
142,9,"4,5","5,6",9997
142,9,6,8,9998
142,9,5,7,9998
142,9,"0,1,2","3,7",9998
142,9,"1,2",[NULL],9998
142,9,2,[NULL],9998
143,8,"4,5",2,3
143,8,7,[NULL],9988
143,8,6,[NULL],9990
143,8,"1,2",[NULL],9990
143,8,5,[NULL],9994
143,8,"2,8",6,9996
143,8,3,5,9997
143,8,8,8,9998
143,8,0,[NULL],9998
144,7,1,2,2
144,7,2,10,9996
144,7,0,3,9997
145,6,"0,1",0,3
145,6,2,[NULL],9991
145,6,1,[NULL],9997
146,5,0,1,9997
146,5,1,2,9997
0,152,0,[NULL],9000
4,148,0,[NULL],9000
4,148,1,[NULL],9000
8,144,0,[NULL],9000
102,50,0,[NULL],9000
102,50,1,[NULL],9000
103,49,1,1,3
103,49,2,[NULL],9000
103,49,0,[NULL],9000
105,47,0,0,2
109,43,1,2,2
109,43,0,"0,2",2
111,41,0,[NULL],9998
112,40,1,2,2
112,40,0,[NULL],9998
113,39,1,1,9998
113,39,0,[NULL],9998
114,38,0,[NULL],9998
115,37,0,[NULL],9998
116,36,1,1,9998
116,36,0,[NULL],9998
117,35,0,"0,2",9998
117,35,1,[NULL],9998
118,34,"1,2",[NULL],9997
118,34,2,2,9998
118,34,0,[NULL],9998
119,33,3,5,2
119,33,1,"1,3,5",2
119,33,"2,4","0,2",9997
119,33,4,1,9998
119,33,0,[NULL],9998
120,32,2,2,9998
120,32,3,4,9998
120,32,1,"1,2",9998
120,32,0,[NULL],9998
121,31,3,6,2
121,31,2,1,2
121,31,"1,4",[NULL],9997
121,31,4,4,9998
121,31,0,[NULL],9998
122,30,5,7,2
122,30,4,7,9998
122,30,3,5,9998
122,30,2,1,9998
122,30,0,[NULL],9998
122,30,1,[NULL],9998
123,29,3,4,3
123,29,2,5,9998
123,29,4,6,9998
123,29,0,[NULL],9998
123,29,1,[NULL],9998
124,28,4,3,2
124,28,3,2,9998
124,28,2,3,9998
124,28,0,[NULL],9998
124,28,1,[NULL],9998
125,27,"3,5",3,2
125,27,4,3,9998
125,27,5,5,9998
125,27,2,"1,4",9998
125,27,0,[NULL],9998
125,27,1,[NULL],9998
126,26,4,"0,1,4,5",2
126,26,5,6,3
126,26,2,4,9998
126,26,3,3,9998
126,26,0,[NULL],9998
126,26,1,[NULL],9998
127,25,4,6,9997
127,25,2,5,9998
127,25,3,4,9998
127,25,0,[NULL],9998
127,25,1,[NULL],9998
128,24,4,2,2
128,24,5,0,3
128,24,6,3,9998
128,24,3,5,9998
128,24,0,[NULL],9998
128,24,1,[NULL],9998
128,24,2,[NULL],9998
129,23,6,7,3
129,23,0,[NULL],9993
129,23,4,6,9997
129,23,"2,5","2,7",9998
129,23,3,6,9998
129,23,5,7,9998
129,23,1,[NULL],9998
130,22,8,1,2
130,22,5,13,3
130,22,2,6,3
130,22,4,"10,13",3
130,22,"3,7",7,3
130,22,7,0,3
130,22,6,3,9998
130,22,0,[NULL],9998
130,22,1,[NULL],9998
131,21,"2,6",3,2
131,21,6,4,5
131,21,"3,4",[NULL],9000
131,21,"0,4","2,5",9997
131,21,4,5,9997
131,21,5,8,9997
131,21,1,4,9997
132,20,1,"2,5",2
132,20,6,5,2
132,20,4,4,2
132,20,0,0,2
132,20,5,1,3
132,20,3,[NULL],9000
132,20,2,[NULL],9994
133,19,1,"0,1,6,7",2
133,19,7,7,2
133,19,4,[NULL],9000
133,19,3,[NULL],9000
133,19,6,[NULL],9000
133,19,5,8,9996
133,19,0,[NULL],9997
133,19,2,3,9998
134,18,"3,5,6",3,2
134,18,5,3,3
134,18,4,[NULL],9000
134,18,6,10,9997
134,18,0,[NULL],9998
134,18,1,[NULL],9998
134,18,2,[NULL],9998
135,17,4,2,3
135,17,1,6,4
135,17,2,[NULL],9000
135,17,0,[NULL],9997
135,17,3,"5,7",9998
136,16,"5,6",4,2
136,16,4,9,2
136,16,"3,6","4,5",2
136,16,6,"1,4,5,7",2
136,16,2,[NULL],3
136,16,1,4,9998
136,16,0,[NULL],9998
137,15,5,4,3
137,15,"2,3",[NULL],9993
137,15,4,3,9996
137,15,3,6,9998
137,15,0,[NULL],9998
137,15,1,[NULL],9998
138,14,"2,3,5",3,2
138,14,5,7,2
138,14,3,"2,8",2
138,14,6,7,4
138,14,4,[NULL],9997
138,14,1,[NULL],9997
138,14,0,[NULL],9998
139,13,7,5,2
139,13,"1,4",3,2
139,13,4,6,2
139,13,10,14,3
139,13,"6,9",[NULL],9990
139,13,9,[NULL],9990
139,13,3,[NULL],9991
139,13,0,[NULL],9991
139,13,2,3,9998
139,13,8,8,9998
139,13,5,"6,8,9",9998
140,12,9,5,2
140,12,7,[NULL],9000
140,12,3,[NULL],9950
140,12,"2,4,5",[NULL],9993
140,12,6,7,9997
140,12,"4,5",[NULL],9997
140,12,5,7,9998
140,12,8,10,9998
140,12,0,[NULL],9998
140,12,1,[NULL],9998
141,11,8,6,2
141,11,7,5,2
141,11,3,"0,1,2,4",2
141,11,4,[NULL],2
141,11,9,[NULL],9000
141,11,10,[NULL],9995
141,11,5,3,9996
141,11,6,3,9998
141,11,2,"2,5",9998
141,11,0,[NULL],9998
141,11,1,[NULL],9998
142,10,8,8,2
142,10,"6,7",[NULL],9989
142,10,5,[NULL],9989
142,10,2,[NULL],9992
142,10,7,6,9996
142,10,1,4,9997
142,10,4,[NULL],9997
142,10,3,7,9998
142,10,0,[NULL],9998
143,9,1,"0,6",3
143,9,6,6,3
143,9,5,[NULL],9000
143,9,2,[NULL],9986
143,9,7,[NULL],9989
143,9,0,4,9997
143,9,4,[NULL],9997
143,9,3,9,9998
144,8,5,[NULL],9995
144,8,2,[NULL],9995
144,8,3,[NULL],9996
144,8,6,[NULL],9997
144,8,4,[NULL],9997
144,8,0,[NULL],9998
144,8,1,[NULL],9998
145,7,"6,7",0,3
145,7,8,1,3
145,7,3,[NULL],9000
145,7,7,[NULL],9000
145,7,4,[NULL],9992
145,7,5,[NULL],9992
145,7,0,[NULL],9996
145,7,1,[NULL],9997
145,7,2,[NULL],9998
146,6,6,[NULL],9988
146,6,4,[NULL],9988
146,6,3,[NULL],9991
146,6,2,3,9997
146,6,5,11,9997
146,6,0,[NULL],9997
146,6,1,[NULL],9998
147,5,2,[NULL],9996
147,5,1,"6,13",9997
147,5,3,[NULL],9997
147,5,0,[NULL],9998
148,4,3,[NULL],9000
148,4,1,[NULL],9989
148,4,2,[NULL],9994
148,4,0,3,9998
149,3,0,3,9998
0,153,0,[NULL],9000
4,149,0,[NULL],9000
4,149,1,[NULL],9000
8,145,0,[NULL],9000
103,50,0,[NULL],9000
103,50,2,[NULL],9000
103,50,1,[NULL],9000
105,48,1,[NULL],9997
105,48,0,[NULL],9997
106,47,0,0,4
107,46,0,2,4
108,45,0,1,9996
109,44,0,0,9996
110,43,0,0,4
111,42,0,0,3
112,41,1,1,2
112,41,0,0,9996
113,40,0,0,3
114,39,1,1,3
114,39,2,2,4
114,39,0,[NULL],4
115,38,1,1,2
115,38,0,0,4
116,37,"0,2",0,2
116,37,2,0,9996
116,37,1,1,9997
117,36,2,2,2
117,36,1,0,9996
117,36,0,1,9998
118,35,1,4,2
118,35,0,2,4
119,34,2,2,2
119,34,4,3,2
119,34,1,"1,2",2
119,34,3,"0,1,3",3
119,34,0,2,9998
120,33,4,4,2
120,33,3,0,9996
120,33,0,"2,4",9998
120,33,2,5,9998
120,33,1,3,9998
121,32,7,4,2
121,32,5,3,2
121,32,1,2,2
121,32,4,4,3
121,32,"2,6","2,4",3
121,32,6,"0,1",9996
121,32,3,3,9998
121,32,0,"0,3,5",9998
122,31,5,2,2
122,31,6,4,2
122,31,4,3,3
122,31,3,[NULL],9997
122,31,2,3,9998
122,31,1,1,9998
122,31,0,"0,3",9998
123,30,2,3,2
123,30,3,2,2
123,30,1,4,9998
123,30,4,5,9998
123,30,0,"1,4",9998
124,29,3,4,2
124,29,5,3,2
124,29,"1,4",2,2
124,29,4,3,9996
124,29,2,3,9998
124,29,0,"1,3",9998
125,28,4,2,2
125,28,3,3,2
125,28,1,4,9998
125,28,2,5,9998
125,28,0,"2,5",9998
126,27,5,2,2
126,27,4,3,2
126,27,6,8,3
126,27,3,5,4
126,27,0,3,9998
126,27,2,4,9998
126,27,1,2,9998
127,26,3,6,2
127,26,5,3,2
127,26,4,"0,1",3
127,26,6,5,9997
127,26,2,5,9998
127,26,0,2,9998
127,26,1,4,9998
128,25,"2,7","2,5",2
128,25,6,3,2
128,25,7,5,2
128,25,5,2,9996
128,25,"1,3",[NULL],9997
128,25,3,4,9998
128,25,4,5,9998
128,25,0,2,9998
129,24,3,6,2
129,24,4,[NULL],9000
129,24,1,5,9998
129,24,2,4,9998
129,24,0,1,9998
130,23,5,6,3
130,23,3,3,3
130,23,6,15,4
130,23,7,14,4
130,23,4,9,4
130,23,"0,1,2","4,6",9997
130,23,"1,2",[NULL],9997
130,23,2,9,9998
131,22,6,"1,5",3
131,22,"1,3","1,6",4
131,22,3,6,4
131,22,5,3,9997
131,22,2,2,9997
131,22,4,7,9998
131,22,0,3,9998
132,21,3,2,2
132,21,6,6,9996
132,21,"0,2",5,9997
132,21,4,6,9997
132,21,2,[NULL],9997
132,21,5,5,9998
132,21,1,"1,3,4",9998
133,20,7,4,3
133,20,8,[NULL],14
133,20,4,[NULL],9000
133,20,6,[NULL],9000
133,20,"1,5","0,3,4,8",9996
133,20,5,4,9996
133,20,2,[NULL],9997
133,20,0,[NULL],9997
133,20,3,3,9998
134,19,"5,7",3,2
134,19,4,[NULL],9000
134,19,7,[NULL],9000
134,19,0,[NULL],9000
134,19,2,4,9997
134,19,6,9,9998
134,19,1,[NULL],9998
134,19,3,[NULL],9998
135,18,4,1,2
135,18,6,[NULL],9000
135,18,7,[NULL],9000
135,18,"2,3",[NULL],9000
135,18,8,[NULL],9000
135,18,1,[NULL],9993
135,18,3,[NULL],9996
135,18,0,[NULL],9997
135,18,5,"7,9",9998
136,17,6,3,2
136,17,3,[NULL],9952
136,17,4,4,9997
136,17,0,"1,6",9997
136,17,5,[NULL],9997
136,17,2,[NULL],9997
136,17,1,5,9998
137,16,4,4,3
137,16,0,9,4
137,16,5,3,9996
137,16,"2,6","1,4",9997
137,16,"1,3,6","1,4,5",9997
137,16,6,4,9997
137,16,3,[NULL],9997
138,15,3,2,2
138,15,8,8,2
138,15,"6,9","5,8",2
138,15,10,9,3
138,15,9,8,3
138,15,4,"5,14",4
138,15,7,[NULL],9000
138,15,5,[NULL],9000
138,15,2,[NULL],9000
138,15,1,[NULL],9000
138,15,0,1,9997
139,14,7,5,2
139,14,10,8,2
139,14,8,8,3
139,14,4,[NULL],9000
139,14,5,[NULL],9991
139,14,9,[NULL],9992
139,14,"2,3",[NULL],9992
139,14,3,3,9996
139,14,1,[NULL],9997
139,14,6,8,9998
139,14,0,"5,8",9998
140,13,3,6,2
140,13,"2,5",2,2
140,13,5,2,3
140,13,4,4,9996
140,13,1,[NULL],9996
140,13,"0,6",[NULL],9996
140,13,6,11,9998
141,12,7,3,2
141,12,"5,6","4,5",3
141,12,9,[NULL],9000
141,12,6,[NULL],9000
141,12,8,[NULL],9987
141,12,4,[NULL],9987
141,12,3,[NULL],9995
141,12,"1,2",[NULL],9996
141,12,2,4,9998
141,12,0,[NULL],9998
142,11,9,3,2
142,11,5,3,3
142,11,4,[NULL],9993
142,11,"3,7",[NULL],9993
142,11,8,[NULL],9993
142,11,7,[NULL],9993
142,11,1,[NULL],9997
142,11,2,[NULL],9997
142,11,6,10,9998
142,11,0,[NULL],9998
143,10,3,0,3
143,10,7,[NULL],9000
143,10,5,[NULL],9000
143,10,8,7,9995
143,10,6,[NULL],9996
143,10,4,5,9997
143,10,1,[NULL],9997
143,10,0,[NULL],9998
143,10,2,[NULL],9998
144,9,5,[NULL],9000
144,9,6,[NULL],9995
144,9,2,[NULL],9995
144,9,0,0,9997
144,9,4,7,9997
144,9,3,12,9998
144,9,1,5,9998
145,8,1,0,3
145,8,2,1,3
145,8,3,[NULL],9992
145,8,0,[NULL],9992
146,7,2,[NULL],9994
146,7,5,[NULL],9994
146,7,3,4,9997
146,7,4,7,9997
146,7,1,2,9998
146,7,0,[NULL],9998
147,6,3,0,2
147,6,2,11,9998
147,6,1,"13,15",9998
147,6,0,[NULL],9998
148,5,3,0,2
148,5,0,[NULL],9996
148,5,1,9,9998
148,5,2,8,9998
149,4,1,[NULL],9993
149,4,0,5,9998
0,154,0,[NULL],9000
4,150,0,[NULL],9000
4,150,1,[NULL],9000
8,146,0,[NULL],9000
103,51,0,[NULL],9000
103,51,2,[NULL],9000
103,51,1,[NULL],9000
106,48,0,0,4
107,47,0,0,9998
108,46,0,2,9997
109,45,0,[NULL],9997
110,44,1,1,4
110,44,0,0,4
111,43,1,[NULL],9997
111,43,0,0,9998
112,42,2,0,9996
112,42,0,"0,1,2",9997
112,42,1,[NULL],9997
113,41,1,1,4
113,41,0,0,9997
114,40,1,2,4
114,40,0,0,4
115,39,1,1,9996
115,39,0,0,9997
116,38,1,0,2
116,38,3,1,9996
116,38,0,0,9996
116,38,2,2,9998
117,37,3,[NULL],3
117,37,"0,1,4",0,4
117,37,4,2,9997
117,37,"1,2",[NULL],9997
117,37,2,1,9998
118,36,2,0,2
118,36,0,"2,4",3
118,36,1,1,4
119,35,"2,4",0,2
119,35,5,2,2
119,35,3,1,2
119,35,4,2,9996
119,35,0,1,9997
119,35,1,[NULL],9997
120,34,3,3,2
120,34,"0,5","0,3,4",2
120,34,2,1,9996
120,34,5,"0,3",9996
120,34,4,2,9998
120,34,1,1,9998
121,33,3,2,2
121,33,1,1,2
121,33,0,"0,2,3",2
121,33,2,[NULL],9997
122,32,4,1,2
122,32,5,4,2
122,32,1,"0,1",2
122,32,3,6,4
122,32,0,1,4
122,32,2,1,9998
123,31,3,2,2
123,31,1,"0,2",2
123,31,"2,4",[NULL],9997
123,31,4,4,9998
123,31,0,2,9998
124,30,4,1,2
124,30,5,2,2
124,30,2,"0,2",2
124,30,1,0,9996
124,30,3,2,9996
124,30,0,[NULL],9998
125,29,3,0,2
125,29,4,2,2
125,29,2,1,2
125,29,1,2,4
125,29,0,[NULL],9998
126,28,5,2,2
126,28,2,0,2
126,28,4,1,2
126,28,6,4,3
126,28,1,2,4
126,28,3,4,4
126,28,0,[NULL],9998
127,27,4,1,2
127,27,5,4,2
127,27,2,0,2
127,27,1,"1,5,8",9996
127,27,6,6,9997
127,27,3,3,9998
127,27,0,[NULL],9998
128,26,5,1,2
128,26,4,2,2
128,26,1,0,2
128,26,6,4,3
128,26,2,1,9996
128,26,3,4,9997
128,26,0,[NULL],9998
129,25,9,2,2
129,25,"6,7,8",3,4
129,25,4,2,4
129,25,8,[NULL],9000
129,25,3,[NULL],9000
129,25,"0,1,2,5",5,9997
129,25,5,[NULL],9997
129,25,7,4,9998
129,25,1,"2,4",9998
129,25,2,[NULL],9998
130,24,7,4,2
130,24,3,0,2
130,24,"2,5","0,4",3
130,24,5,4,3
130,24,8,5,3
130,24,4,1,3
130,24,6,4,4
130,24,"0,1",[NULL],9000
130,24,1,[NULL],9998
131,23,5,5,2
131,23,"1,3,4","1,2,3",2
131,23,3,"1,6,8",9996
131,23,7,6,9997
131,23,4,1,9997
131,23,"0,2,6","2,7,8",9997
131,23,6,5,9997
131,23,2,[NULL],9998
132,22,3,3,2
132,22,"5,6",[NULL],9000
132,22,4,6,9996
132,22,6,5,9997
132,22,2,[NULL],9997
132,22,1,"3,9",9998
132,22,0,[NULL],9998
133,21,9,6,2
133,21,"7,10",[NULL],2
133,21,10,6,3
133,21,5,6,8
133,21,4,[NULL],9000
133,21,"2,6",7,9997
133,21,6,[NULL],9997
133,21,3,2,9998
133,21,0,"3,6,8",9998
133,21,8,6,9998
133,21,1,[NULL],9998
134,20,"7,9",5,2
134,20,6,[NULL],9000
134,20,4,[NULL],9000
134,20,9,[NULL],9000
134,20,3,[NULL],9000
134,20,8,[NULL],9000
134,20,1,1,9997
134,20,5,5,9997
134,20,0,[NULL],9998
134,20,2,[NULL],9998
135,19,5,1,2
135,19,"0,8","1,3",9996
135,19,8,3,9996
135,19,"4,7",4,9997
135,19,7,7,9997
135,19,9,3,9998
135,19,6,4,9998
135,19,1,[NULL],9998
135,19,2,[NULL],9998
135,19,3,[NULL],9998
136,18,5,[NULL],3
136,18,2,6,4
136,18,6,"3,10",4
136,18,4,4,9996
136,18,"0,3",6,9997
136,18,3,2,9998
136,18,1,[NULL],9998
137,17,3,10,4
137,17,2,8,4
137,17,1,[NULL],9997
137,17,0,[NULL],9998
138,16,8,6,2
138,16,5,"0,6,7",2
138,16,7,[NULL],9992
138,16,3,[NULL],9993
138,16,6,3,9996
138,16,4,[NULL],9996
138,16,9,8,9997
138,16,2,[NULL],9997
138,16,1,[NULL],9997
138,16,0,3,9998
139,15,11,0,2
139,15,7,6,3
139,15,8,[NULL],9992
139,15,"2,4",[NULL],9993
139,15,10,6,9996
139,15,1,[NULL],9996
139,15,4,[NULL],9996
139,15,5,[NULL],9997
139,15,3,[NULL],9997
139,15,"0,6,9",2,9998
139,15,6,3,9998
139,15,9,7,9998
140,14,4,2,2
140,14,9,8,5
140,14,7,[NULL],9000
140,14,"1,8","2,6,10",9993
140,14,8,6,9993
140,14,3,[NULL],9995
140,14,5,2,9997
140,14,10,5,9998
140,14,6,4,9998
140,14,0,[NULL],9998
140,14,2,[NULL],9998
141,13,10,"2,6",2
141,13,4,1,3
141,13,13,[NULL],9000
141,13,11,[NULL],9000
141,13,8,[NULL],9000
141,13,"7,12",[NULL],9988
141,13,9,"4,5",9997
141,13,12,7,9997
141,13,3,[NULL],9997
141,13,6,[NULL],9997
141,13,0,[NULL],9997
141,13,5,[NULL],9997
141,13,1,2,9998
141,13,2,1,9998
142,12,4,0,3
142,12,6,"2,8",4
142,12,10,[NULL],9991
142,12,12,[NULL],9994
142,12,7,4,9996
142,12,"1,2,3,5",[NULL],9996
142,12,"2,5,11","2,3,8",9997
142,12,9,"6,9",9997
142,12,5,"2,3,4,8,9",9997
142,12,11,9,9997
142,12,8,[NULL],9997
142,12,0,[NULL],9997
142,12,3,[NULL],9997
143,11,12,3,2
143,11,5,1,2
143,11,10,2,4
143,11,7,[NULL],9987
143,11,6,[NULL],9996
143,11,11,[NULL],9996
143,11,8,[NULL],9996
143,11,4,[NULL],9996
143,11,3,[NULL],9997
143,11,2,"4,7",9998
143,11,9,7,9998
143,11,0,[NULL],9998
143,11,1,[NULL],9998
144,10,"8,9,10,14",[NULL],9000
144,10,14,[NULL],9000
144,10,5,[NULL],9988
144,10,13,[NULL],9991
144,10,10,[NULL],9996
144,10,7,6,9997
144,10,4,"0,3,6,7",9997
144,10,12,7,9997
144,10,9,[NULL],9997
144,10,"0,2,11",[NULL],9997
144,10,11,9,9998
144,10,6,5,9998
144,10,2,[NULL],9998
144,10,1,[NULL],9998
144,10,3,[NULL],9998
145,9,2,1,2
145,9,3,2,3
145,9,11,5,3
145,9,"8,12",[NULL],9000
145,9,"0,1",[NULL],9984
145,9,13,[NULL],9991
145,9,9,[NULL],9994
145,9,10,3,9995
145,9,4,2,9996
145,9,12,[NULL],9996
145,9,5,[NULL],9996
145,9,7,"5,6",9997
145,9,6,"5,6,8",9997
145,9,1,2,9998
146,8,11,2,2
146,8,"13,15",1,2
146,8,"6,15",1,3
146,8,15,[NULL],9000
146,8,14,[NULL],9990
146,8,2,[NULL],9994
146,8,1,[NULL],9994
146,8,12,[NULL],9996
146,8,9,[NULL],9996
146,8,5,"9,10",9997
146,8,"0,7",[NULL],9997
146,8,7,[NULL],9997
146,8,8,[NULL],9997
146,8,10,[NULL],9997
146,8,4,[NULL],9997
146,8,3,3,9998
147,7,9,1,2
147,7,8,2,2
147,7,5,[NULL],9000
147,7,7,[NULL],9990
147,7,4,[NULL],9991
147,7,10,[NULL],9997
147,7,"2,11",[NULL],9997
147,7,3,2,9998
147,7,6,7,9998
147,7,11,9,9998
147,7,0,[NULL],9998
147,7,1,[NULL],9998
148,6,5,0,2
148,6,3,[NULL],9994
148,6,6,[NULL],9995
148,6,4,[NULL],9995
148,6,2,[NULL],9996
148,6,1,[NULL],9997
148,6,0,4,9998
149,5,1,[NULL],9000
149,5,2,[NULL],9997
149,5,0,[NULL],9997
150,4,0,[NULL],9991
151,3,0,[NULL],9998
0,155,0,[NULL],9000
4,151,0,[NULL],9000
4,151,1,[NULL],9000
8,147,0,[NULL],9000
103,52,0,[NULL],9000
104,51,0,[NULL],9000
106,49,0,0,2
107,48,0,[NULL],9000
110,45,0,"0,1",2
111,44,0,"0,1",9998
113,42,0,[NULL],9998
114,41,0,[NULL],9998
115,40,2,2,2
115,40,1,1,3
115,40,0,[NULL],9998
116,39,1,2,2
116,39,0,[NULL],9998
117,38,1,1,9998
117,38,0,[NULL],9998
118,37,0,[NULL],9998
119,36,2,4,2
119,36,1,1,2
119,36,3,"1,2",9998
119,36,0,[NULL],9998
120,35,3,2,9997
120,35,2,2,9998
120,35,1,1,9998
120,35,0,[NULL],9998
121,34,1,2,2
121,34,2,2,9998
121,34,0,[NULL],9998
122,33,4,4,2
122,33,2,"0,2,4",2
122,33,"1,3",2,9998
122,33,3,"1,2",9998
122,33,0,[NULL],9998
123,32,1,2,9998
123,32,0,[NULL],9998
124,31,2,4,9998
124,31,0,[NULL],9998
124,31,1,[NULL],9998
125,30,3,3,9998
125,30,2,2,9998
125,30,0,[NULL],9998
125,30,1,[NULL],9998
126,29,3,3,2
126,29,5,6,3
126,29,0,"1,3",9998
126,29,4,4,9998
126,29,1,[NULL],9998
126,29,2,[NULL],9998
127,28,6,9,9997
127,28,"2,3",[NULL],9997
127,28,5,4,9998
127,28,4,3,9998
127,28,3,5,9998
127,28,0,[NULL],9998
127,28,1,[NULL],9998
128,27,4,7,2
128,27,2,"1,5,6",2
128,27,5,6,9998
128,27,3,7,9998
128,27,0,[NULL],9998
128,27,1,[NULL],9998
129,26,"4,6","0,1,2",3
129,26,6,7,9998
129,26,5,6,9998
129,26,3,4,9998
129,26,0,"2,4",9998
129,26,1,[NULL],9998
129,26,2,[NULL],9998
130,25,3,5,3
130,25,2,2,3
130,25,5,7,9998
130,25,6,6,9998
130,25,4,8,9998
130,25,0,[NULL],9998
130,25,1,[NULL],9998
131,24,"3,9","1,3",2
131,24,5,"0,2",3
131,24,6,4,3
131,24,8,8,9997
131,24,7,7,9997
131,24,4,3,9997
131,24,2,[NULL],9997
131,24,9,9,9998
131,24,0,[NULL],9998
131,24,1,[NULL],9998
132,23,2,3,2
132,23,"3,6,8","0,6,7",2
132,23,6,8,2
132,23,8,5,4
132,23,"4,5,7",3,9997
132,23,"5,7",7,9998
132,23,7,8,9998
132,23,0,[NULL],9998
132,23,1,[NULL],9998
133,22,6,[NULL],2
133,22,4,2,3
133,22,2,[NULL],9000
133,22,1,3,9998
133,22,3,6,9998
133,22,5,8,9998
133,22,0,[NULL],9998
134,21,3,9,2
134,21,4,6,2
134,21,2,3,9996
134,21,1,[NULL],9997
134,21,0,[NULL],9997
135,20,2,3,2
135,20,4,4,3
135,20,"1,6",0,3
135,20,6,[NULL],9000
135,20,5,[NULL],9000
135,20,3,2,9997
135,20,0,[NULL],9998
136,19,"1,4","2,6",3
136,19,5,"1,2,3",3
136,19,4,6,3
136,19,3,4,4
136,19,6,3,5
136,19,2,2,9998
136,19,0,[NULL],9998
137,18,3,0,2
137,18,1,0,3
137,18,4,4,9997
137,18,2,4,9998
137,18,0,[NULL],9998
138,17,2,"0,6,9",2
138,17,3,"4,6",2
138,17,7,9,2
138,17,6,[NULL],9993
138,17,4,8,9996
138,17,8,7,9997
138,17,1,[NULL],9997
138,17,5,6,9998
138,17,0,[NULL],9998
139,16,5,10,2
139,16,4,6,2
139,16,0,[NULL],9997
139,16,2,7,9998
139,16,1,2,9998
139,16,3,"8,9",9998
140,15,2,1,2
140,15,1,2,2
140,15,3,5,4
140,15,"0,4",[NULL],9988
140,15,4,7,9998
141,14,6,7,4
141,14,3,"1,4",9997
141,14,5,[NULL],9997
141,14,2,[NULL],9997
141,14,4,2,9998
141,14,0,"1,6,8",9998
141,14,1,[NULL],9998
142,13,"4,7",2,2
142,13,7,9,2
142,13,5,4,3
142,13,6,"0,1",9996
142,13,2,"4,6",9997
142,13,3,3,9997
142,13,0,[NULL],9998
142,13,1,[NULL],9998
143,12,9,11,2
143,12,5,6,2
143,12,0,0,3
143,12,7,4,3
143,12,6,5,9997
143,12,8,5,9998
143,12,4,4,9998
143,12,"1,2","5,7",9998
143,12,2,[NULL],9998
143,12,3,[NULL],9998
144,11,2,1,2
144,11,7,[NULL],9000
144,11,5,[NULL],9000
144,11,6,[NULL],9000
144,11,"0,3",[NULL],9989
144,11,8,[NULL],9992
144,11,3,"6,10",9997
144,11,4,7,9997
144,11,1,[NULL],9998
145,10,3,3,2
145,10,4,3,3
145,10,7,4,3
145,10,8,[NULL],9992
145,10,6,[NULL],9995
145,10,2,[NULL],9996
145,10,5,5,9998
145,10,"0,1","3,5",9998
145,10,1,[NULL],9998
146,9,2,3,2
146,9,7,6,2
146,9,9,2,2
146,9,5,[NULL],9000
146,9,1,[NULL],9991
146,9,8,[NULL],9994
146,9,0,[NULL],9995
146,9,3,[NULL],9996
146,9,4,"7,8",9997
146,9,6,[NULL],9997
147,8,4,0,2
147,8,6,[NULL],9990
147,8,2,[NULL],9992
147,8,5,[NULL],9995
147,8,3,2,9996
147,8,8,[NULL],9996
147,8,7,6,9998
147,8,0,"3,9",9998
147,8,1,[NULL],9998
148,7,"1,2",[NULL],9995
148,7,0,[NULL],9997
148,7,2,4,9998
149,6,2,[NULL],9993
149,6,1,[NULL],9997
149,6,0,1,9998
150,5,1,[NULL],9988
150,5,0,[NULL],9997
0,156,0,[NULL],9000
4,152,0,[NULL],9000
4,152,1,[NULL],9000
8,148,0,[NULL],9000
106,50,0,[NULL],9998
107,49,2,0,3
107,49,1,0,4
107,49,"0,3",[NULL],9000
107,49,3,[NULL],9000
108,48,0,0,4
109,47,0,0,9997
110,46,"0,1",0,2
110,46,1,0,9996
111,45,"0,1,2",0,3
111,45,"1,2",0,4
111,45,2,1,9998
112,44,0,0,3
113,43,1,0,9996
113,43,0,[NULL],9996
114,42,0,0,3
115,41,0,2,4
116,40,1,1,2
116,40,2,4,3
116,40,0,1,4
117,39,2,0,9996
117,39,1,3,9998
117,39,0,1,9998
118,38,"1,2",3,2
118,38,2,0,3
118,38,0,0,9996
119,37,2,2,2
119,37,1,"1,3",2
119,37,0,3,4
120,36,2,2,2
120,36,"0,1",6,4
120,36,1,3,9998
121,35,2,"1,3",2
121,35,1,1,2
121,35,0,0,9996
122,34,2,1,2
122,34,1,0,9996
122,34,0,2,9998
123,33,4,2,2
123,33,3,4,4
123,33,"1,2",[NULL],9997
123,33,2,2,9998
123,33,0,"0,2",9998
124,32,3,3,2
124,32,2,2,2
124,32,1,3,9998
124,32,0,"1,3",9998
125,31,"1,3",0,2
125,31,4,4,2
125,31,3,3,9996
125,31,2,3,9998
125,31,0,"1,3",9998
126,30,4,5,2
126,30,3,4,2
126,30,5,3,2
126,30,6,6,3
126,30,"0,1",4,9998
126,30,1,"3,6",9998
126,30,2,6,9998
127,29,6,5,2
127,29,7,3,2
127,29,4,3,3
127,29,2,5,4
127,29,8,6,9997
127,29,"3,5","6,7",9998
127,29,5,7,9998
127,29,"0,1",2,9998
127,29,1,"4,7",9998
128,28,7,6,2
128,28,6,5,2
128,28,4,3,2
128,28,2,"0,3",2
128,28,5,"0,1,2,5",3
128,28,3,4,9998
128,28,0,2,9998
128,28,1,5,9998
129,27,7,5,2
129,27,6,6,2
129,27,8,4,2
129,27,5,3,9997
129,27,0,"3,6",9998
129,27,3,5,9998
129,27,4,7,9998
129,27,1,4,9998
129,27,2,2,9998
130,26,9,9,2
130,26,6,7,3
130,26,1,4,3
130,26,"2,7,8","0,2,6",3
130,26,5,6,3
130,26,7,[NULL],9000
130,26,8,"1,3,6",9996
130,26,4,5,9998
130,26,0,2,9998
130,26,3,6,9998
130,26,10,8,9998
131,25,7,"5,7",2
131,25,8,7,2
131,25,5,6,3
131,25,6,6,4
131,25,4,4,9997
131,25,1,3,9997
131,25,2,6,9998
131,25,3,5,9998
131,25,0,2,9998
132,24,3,1,2
132,24,6,3,2
132,24,8,5,2
132,24,7,"2,6",3
132,24,"0,4","1,5",4
132,24,4,5,4
132,24,2,7,9998
132,24,5,5,9998
132,24,9,9,9998
132,24,1,2,9998
133,23,1,1,3
133,23,5,5,3
133,23,6,"4,5",9996
133,23,3,3,9998
133,23,2,6,9998
133,23,"4,7","7,8",9998
133,23,7,8,9998
133,23,0,"3,4,7,8",9998
134,22,4,"4,7",3
134,22,7,7,3
134,22,3,[NULL],9991
134,22,8,4,9996
134,22,6,"1,3",9996
134,22,9,[NULL],9996
134,22,1,6,9997
134,22,2,[NULL],9997
134,22,5,3,9998
134,22,0,"2,5",9998
135,21,2,2,2
135,21,6,"0,3",3
135,21,7,[NULL],9000
135,21,4,[NULL],9000
135,21,5,5,9997
135,21,3,3,9997
135,21,0,6,9997
135,21,1,[NULL],9997
136,20,4,2,2
136,20,3,5,4
136,20,0,[NULL],9000
136,20,7,[NULL],9000
136,20,5,[NULL],9000
136,20,6,6,9996
136,20,1,[NULL],9996
136,20,2,[NULL],9997
137,19,6,5,2
137,19,8,9,3
137,19,4,9,9996
137,19,3,10,9996
137,19,2,5,9997
137,19,"5,7",[NULL],9997
137,19,7,6,9998
137,19,0,[NULL],9998
137,19,1,[NULL],9998
138,18,7,2,2
138,18,2,1,2
138,18,"8,9",3,2
138,18,5,[NULL],3
138,18,3,2,4
138,18,"1,4,9","2,6",9996
138,18,4,6,9996
138,18,0,4,9997
138,18,6,7,9997
138,18,9,8,9998
139,17,7,4,2
139,17,2,5,3
139,17,4,4,4
139,17,5,[NULL],9000
139,17,"0,6",[NULL],9000
139,17,3,[NULL],9994
139,17,1,7,9997
139,17,6,7,9998
140,16,2,4,2
140,16,"1,6,8","0,2",2
140,16,"4,5",9,3
140,16,7,12,3
140,16,5,[NULL],9000
140,16,3,[NULL],9957
140,16,0,[NULL],9989
140,16,"6,8",3,9997
140,16,8,5,9998
141,15,"2,3,8","1,3,11",3
141,15,"6,9",9,3
141,15,"4,9","1,3,5,11",3
141,15,9,"1,2,3,5,11",3
141,15,8,[NULL],9000
141,15,7,3,9992
141,15,5,9,9993
141,15,3,3,9996
141,15,1,4,9998
141,15,0,"7,8",9998
142,14,5,8,2
142,14,4,4,2
142,14,7,"1,2,8",2
142,14,6,[NULL],9000
142,14,3,[NULL],9000
142,14,1,[NULL],9994
142,14,0,[NULL],9994
142,14,2,[NULL],9996
143,13,6,7,3
143,13,"0,3,7","4,7",3
143,13,7,12,3
143,13,10,[NULL],9000
143,13,8,[NULL],9000
143,13,5,[NULL],9989
143,13,4,[NULL],9989
143,13,9,[NULL],9993
143,13,3,[NULL],9996
143,13,2,3,9998
143,13,1,[NULL],9998
144,12,5,5,2
144,12,3,"0,1,5,7",2
144,12,6,7,3
144,12,8,"6,7",3
144,12,9,[NULL],9993
144,12,7,6,9996
144,12,0,[NULL],9996
144,12,1,[NULL],9996
144,12,2,"3,5",9997
144,12,4,10,9998
145,11,"9,10",5,3
145,11,11,[NULL],9000
145,11,6,[NULL],9000
145,11,"2,3",[NULL],9993
145,11,7,[NULL],9996
145,11,5,[NULL],9996
145,11,8,[NULL],9996
145,11,4,[NULL],9996
145,11,0,[NULL],9996
145,11,3,[NULL],9996
145,11,10,[NULL],9997
145,11,1,"1,2,4,6",9998
146,10,6,7,2
146,10,"3,9",0,2
146,10,9,[NULL],9989
146,10,4,10,9995
146,10,5,4,9996
146,10,8,[NULL],9996
146,10,7,7,9997
146,10,2,[NULL],9997
146,10,1,2,9998
146,10,0,[NULL],9998
147,9,4,2,2
147,9,5,[NULL],9993
147,9,1,[NULL],9994
147,9,2,[NULL],9995
147,9,3,7,9997
147,9,0,[NULL],9998
148,8,1,0,2
148,8,"3,4",[NULL],9994
148,8,4,[NULL],9995
148,8,0,[NULL],9996
148,8,2,[NULL],9997
149,7,4,[NULL],9993
149,7,3,12,9997
149,7,1,[NULL],9997
149,7,2,[NULL],9997
149,7,0,[NULL],9997
150,6,4,[NULL],9989
150,6,2,[NULL],9995
150,6,3,"7,12",9997
150,6,1,[NULL],9997
150,6,0,[NULL],9997
151,5,1,[NULL],9997
151,5,2,[NULL],9997
151,5,0,[NULL],9998
152,4,0,[NULL],9993
152,4,1,[NULL],9998
0,157,0,[NULL],9000
4,153,0,[NULL],9000
4,153,1,[NULL],9000
8,149,0,[NULL],9000
105,52,0,[NULL],9000
107,50,1,[NULL],9000
107,50,2,[NULL],9000
107,50,0,[NULL],9000
109,48,0,1,9998
110,47,1,2,2
110,47,0,[NULL],9997
111,46,0,2,4
111,46,1,0,9998
112,45,0,[NULL],9997
113,44,1,0,9996
113,44,0,0,9998
114,43,1,1,4
114,43,0,0,9997
115,42,1,3,4
115,42,0,0,4
116,41,3,1,2
116,41,1,0,2
116,41,2,"3,4",9996
116,41,0,1,9997
117,40,1,1,9996
117,40,0,0,9996
118,39,2,4,4
118,39,1,1,9997
118,39,0,[NULL],9997
119,38,3,1,2
119,38,2,3,3
119,38,1,2,4
119,38,0,5,4
120,37,2,1,9996
120,37,"0,3",2,9997
120,37,"1,3",[NULL],9997
120,37,3,1,9998
121,36,2,0,2
121,36,1,1,9996
121,36,0,0,9996
122,35,2,2,2
122,35,0,"0,2",2
122,35,1,[NULL],9997
123,34,3,1,2
123,34,1,"0,1",2
123,34,0,1,4
123,34,2,3,4
124,33,3,2,2
124,33,1,"0,2",2
124,33,2,[NULL],9997
124,33,0,"1,2",9998
125,32,4,"0,1",2
125,32,"3,6",1,2
125,32,6,2,2
125,32,5,"1,2",9996
125,32,1,"2,3",9997
125,32,2,[NULL],9997
125,32,0,[NULL],9998
126,31,"6,7","3,5",2
126,31,7,5,2
126,31,2,"0,1",2
126,31,4,"1,5",2
126,31,9,6,3
126,31,5,[NULL],3
126,31,"1,8",1,4
126,31,8,3,9997
126,31,3,1,9998
126,31,0,[NULL],9998
127,30,4,3,2
127,30,2,0,2
127,30,5,1,2
127,30,1,2,4
127,30,7,8,9997
127,30,6,4,9998
127,30,3,3,9998
127,30,0,[NULL],9998
128,29,"3,6",0,2
128,29,5,3,2
128,29,7,4,2
128,29,4,1,2
128,29,2,2,2
128,29,6,"4,6",9996
128,29,1,4,9997
128,29,0,[NULL],9998
129,28,5,4,2
129,28,2,0,2
129,28,6,3,2
129,28,8,10,2
129,28,1,"1,3",9996
129,28,7,5,9998
129,28,4,4,9998
129,28,3,2,9998
129,28,0,[NULL],9998
130,27,6,2,2
130,27,5,3,2
130,27,2,0,2
130,27,8,8,3
130,27,7,7,3
130,27,3,4,3
130,27,1,3,4
130,27,"4,9",[NULL],9997
130,27,9,6,9998
130,27,0,[NULL],9998
131,26,7,2,2
131,26,5,5,2
131,26,9,9,2
131,26,2,1,2
131,26,3,"4,5,7",3
131,26,6,4,4
131,26,"0,1",[NULL],9000
131,26,8,4,9997
131,26,4,1,9997
131,26,1,[NULL],9998
132,25,3,3,2
132,25,6,2,2
132,25,"7,8","4,7",2
132,25,8,7,2
132,25,4,"0,3,4,7",2
132,25,2,2,9996
132,25,"5,9",[NULL],9997
132,25,9,7,9998
132,25,"0,1","4,7",9998
132,25,1,[NULL],9998
133,24,3,5,2
133,24,"2,5","0,6",2
133,24,4,4,9996
133,24,5,"2,6",9996
133,24,"0,1",[NULL],9996
133,24,6,5,9998
133,24,1,[NULL],9998
134,23,2,3,3
134,23,"1,3","0,8",4
134,23,3,8,4
134,23,4,[NULL],9000
134,23,0,[NULL],9998
135,22,4,4,4
135,22,2,11,8
135,22,3,1,9997
135,22,0,[NULL],9998
135,22,1,[NULL],9998
136,21,6,5,2
136,21,4,4,3
136,21,5,[NULL],9000
136,21,3,[NULL],9997
136,21,2,4,9998
136,21,0,[NULL],9998
136,21,1,[NULL],9998
137,20,8,9,2
137,20,7,8,3
137,20,5,[NULL],3
137,20,3,6,4
137,20,6,[NULL],9000
137,20,1,[NULL],9955
137,20,9,[NULL],9992
137,20,4,7,9996
137,20,2,3,9996
137,20,0,[NULL],9998
138,19,7,6,2
138,19,6,10,4
138,19,2,4,9997
138,19,5,8,9997
138,19,4,6,9998
138,19,1,3,9998
138,19,0,[NULL],9998
138,19,3,[NULL],9998
139,18,5,8,2
139,18,3,[NULL],9995
139,18,"0,1,2",[NULL],9996
139,18,4,"6,7",9997
139,18,2,[NULL],9997
139,18,1,[NULL],9998
140,17,4,1,2
140,17,"7,8",0,2
140,17,1,3,3
140,17,"5,6",[NULL],9000
140,17,6,3,9996
140,17,2,[NULL],9997
140,17,8,7,9998
140,17,3,5,9998
140,17,0,[NULL],9998
141,16,"4,6",2,3
141,16,3,3,3
141,16,6,7,4
141,16,7,8,9997
141,16,5,"7,8",9997
141,16,2,[NULL],9997
141,16,0,[NULL],9997
141,16,1,[NULL],9997
142,15,3,2,2
142,15,5,6,3
142,15,7,8,5
142,15,4,[NULL],9000
142,15,6,[NULL],9994
142,15,2,[NULL],9995
142,15,0,[NULL],9997
142,15,1,[NULL],9997
143,14,10,4,2
143,14,6,3,3
143,14,7,4,3
143,14,8,[NULL],9994
143,14,9,[NULL],9994
143,14,"3,11,12",[NULL],9994
143,14,"11,12","7,8",9996
143,14,12,8,9996
143,14,4,[NULL],9996
143,14,1,[NULL],9996
143,14,2,[NULL],9997
143,14,5,[NULL],9997
143,14,0,[NULL],9997
144,13,"1,2,4,6",1,2
144,13,2,4,4
144,13,6,[NULL],9991
144,13,3,5,9996
144,13,"0,4","0,4",9997
144,13,7,7,9997
144,13,4,4,9997
144,13,5,5,9998
145,12,2,1,2
145,12,"7,8",4,3
145,12,3,[NULL],9000
145,12,5,[NULL],9000
145,12,8,[NULL],9000
145,12,1,[NULL],9996
145,12,6,6,9997
145,12,4,[NULL],9997
145,12,0,[NULL],9997
146,11,10,[NULL],9993
146,11,5,[NULL],9993
146,11,7,[NULL],9995
146,11,6,[NULL],9995
146,11,8,8,9996
146,11,"1,2",[NULL],9996
146,11,2,[NULL],9996
146,11,9,5,9997
146,11,4,[NULL],9997
146,11,0,[NULL],9997
146,11,3,[NULL],9997
147,10,3,[NULL],9000
147,10,5,[NULL],9000
147,10,2,[NULL],9993
147,10,"4,7",2,9995
147,10,6,5,9995
147,10,7,7,9996
147,10,1,2,9997
147,10,0,[NULL],9998
148,9,3,[NULL],9000
148,9,2,[NULL],9988
148,9,5,[NULL],9996
148,9,4,5,9997
148,9,0,[NULL],9998
148,9,1,[NULL],9998
149,8,2,[NULL],9992
149,8,1,[NULL],9995
149,8,0,[NULL],9997
150,7,4,[NULL],9990
150,7,1,[NULL],9994
150,7,0,[NULL],9995
150,7,3,[NULL],9995
150,7,2,"4,8",9997
151,6,1,[NULL],9000
151,6,0,[NULL],9998
152,5,0,[NULL],9998
153,4,0,[NULL],9996
0,158,0,[NULL],9000
4,154,0,[NULL],9000
4,154,1,[NULL],9000
8,150,0,[NULL],9000
105,53,0,[NULL],9000
107,51,1,[NULL],9000
107,51,2,[NULL],9000
107,51,0,[NULL],9000
108,50,1,0,2
108,50,0,0,3
110,48,0,1,2
111,47,0,1,9998
112,46,0,"0,1",2
114,44,0,[NULL],9998
115,43,0,[NULL],9998
116,42,0,[NULL],9998
117,41,0,[NULL],9998
118,40,0,[NULL],9998
119,39,1,3,2
119,39,0,[NULL],9998
120,38,0,[NULL],9998
121,37,2,2,9997
121,37,1,1,9998
121,37,0,[NULL],9998
122,36,1,1,9998
122,36,0,[NULL],9998
123,35,"1,2",0,2
123,35,2,1,9998
123,35,0,[NULL],9998
124,34,3,[NULL],9996
124,34,"2,4","0,2",9997
124,34,"1,4","0,3",9998
124,34,4,3,9998
124,34,0,[NULL],9998
125,33,1,3,2
125,33,2,4,9998
125,33,0,[NULL],9998
126,32,4,6,2
126,32,3,3,2
126,32,6,8,3
126,32,2,1,9998
126,32,5,4,9998
126,32,0,[NULL],9998
126,32,1,[NULL],9998
127,31,5,6,9997
127,31,3,5,9998
127,31,4,7,9998
127,31,2,3,9998
127,31,0,[NULL],9998
127,31,1,[NULL],9998
128,30,5,7,2
128,30,4,4,2
128,30,2,3,2
128,30,3,5,3
128,30,7,5,9998
128,30,6,"4,6",9998
128,30,0,[NULL],9998
128,30,1,[NULL],9998
129,29,6,4,2
129,29,4,3,9997
129,29,5,3,9998
129,29,3,4,9998
129,29,2,2,9998
129,29,0,[NULL],9998
129,29,1,[NULL],9998
130,28,4,4,3
130,28,3,1,3
130,28,5,4,9998
130,28,6,6,9998
130,28,2,5,9998
130,28,0,[NULL],9998
130,28,1,[NULL],9998
131,27,7,5,2
131,27,4,"0,1,5,6",2
131,27,5,6,9997
131,27,2,3,9997
131,27,6,5,9998
131,27,3,6,9998
131,27,0,[NULL],9998
131,27,1,[NULL],9998
132,26,5,6,2
132,26,4,7,9998
132,26,2,"7,8",9998
132,26,3,6,9998
132,26,0,[NULL],9998
132,26,1,[NULL],9998
133,25,6,"1,9",3
133,25,3,2,4
133,25,5,5,9998
133,25,4,3,9998
133,25,0,[NULL],9998
133,25,1,[NULL],9998
133,25,2,[NULL],9998
134,24,5,5,3
134,24,3,3,3
134,24,6,0,3
134,24,1,[NULL],9990
134,24,4,5,9998
134,24,0,[NULL],9998
134,24,2,[NULL],9998
135,23,4,"2,3",2
135,23,7,[NULL],9000
135,23,6,8,9996
135,23,3,5,9997
135,23,1,[NULL],9997
135,23,5,6,9998
135,23,0,[NULL],9998
135,23,2,[NULL],9998
136,22,5,2,3
136,22,4,[NULL],9000
136,22,"2,3",[NULL],9000
136,22,"1,3","2,6",9997
136,22,3,6,9997
136,22,0,"2,5",9998
137,21,6,4,2
137,21,3,1,2
137,21,4,0,3
137,21,7,6,3
137,21,8,4,4
137,21,0,"4,9",9998
137,21,5,7,9998
137,21,"1,2","1,4,9",9998
137,21,2,[NULL],9998
138,20,7,1,3
138,20,5,[NULL],9000
138,20,3,[NULL],9956
138,20,4,[NULL],9997
138,20,0,[NULL],9997
138,20,2,[NULL],9997
138,20,6,9,9998
138,20,1,[NULL],9998
139,19,7,8,2
139,19,5,3,2
139,19,3,"6,8",3
139,19,6,2,9996
139,19,0,[NULL],9997
139,19,1,"2,6,7",9998
139,19,4,4,9998
139,19,2,[NULL],9998
140,18,3,[NULL],9000
140,18,1,[NULL],9995
140,18,4,8,9997
140,18,2,[NULL],9997
140,18,0,[NULL],9997
141,17,"0,1",6,4
141,17,1,10,9997
142,16,2,[NULL],9996
142,16,5,7,9997
142,16,4,5,9997
142,16,0,"3,5",9997
142,16,3,[NULL],9997
142,16,1,[NULL],9997
143,15,5,5,2
143,15,3,2,3
143,15,4,2,9996
143,15,0,5,9998
143,15,6,6,9998
143,15,1,[NULL],9998
143,15,2,[NULL],9998
144,14,3,10,5
144,14,2,11,9997
144,14,4,5,9998
144,14,"0,1",2,9998
144,14,1,[NULL],9998
145,13,7,7,3
145,13,6,[NULL],9000
145,13,4,[NULL],9000
145,13,3,[NULL],9988
145,13,2,[NULL],9992
145,13,0,[NULL],9995
145,13,5,6,9997
145,13,1,[NULL],9998
146,12,7,3,3
146,12,2,"3,5",4
146,12,8,[NULL],9000
146,12,4,[NULL],9953
146,12,3,[NULL],9957
146,12,6,[NULL],9993
146,12,5,[NULL],9994
146,12,0,[NULL],9998
146,12,1,[NULL],9998
147,11,5,[NULL],9000
147,11,7,[NULL],9987
147,11,4,[NULL],9989
147,11,8,[NULL],9991
147,11,2,[NULL],9996
147,11,"0,6",[NULL],9997
147,11,6,[NULL],9997
147,11,3,[NULL],9997
147,11,1,[NULL],9997
148,10,12,3,3
148,10,9,[NULL],9991
148,10,5,[NULL],9994
148,10,7,[NULL],9994
148,10,10,[NULL],9995
148,10,8,[NULL],9996
148,10,11,[NULL],9997
148,10,"3,4",[NULL],9997
148,10,6,"3,4",9998
148,10,4,7,9998
148,10,0,[NULL],9998
148,10,1,[NULL],9998
148,10,2,[NULL],9998
149,9,"7,12",3,3
149,9,10,[NULL],9992
149,9,"12,13",[NULL],9993
149,9,8,[NULL],9996
149,9,11,[NULL],9996
149,9,2,[NULL],9996
149,9,"4,5",[NULL],9996
149,9,9,[NULL],9997
149,9,5,"3,4",9998
149,9,13,10,9998
149,9,"0,1","8,9",9998
149,9,6,4,9998
149,9,1,[NULL],9998
149,9,3,[NULL],9998
150,8,"8,13",[NULL],9979
150,8,11,[NULL],9991
150,8,9,[NULL],9993
150,8,3,[NULL],9995
150,8,13,[NULL],9996
150,8,10,[NULL],9996
150,8,6,[NULL],9996
150,8,7,"8,9,11,13",9997
150,8,5,[NULL],9997
150,8,2,[NULL],9997
150,8,"0,1",[NULL],9997
150,8,4,"1,3,6",9998
150,8,12,"8,9",9998
150,8,1,[NULL],9998
151,7,7,[NULL],9986
151,7,4,[NULL],9994
151,7,3,[NULL],9995
151,7,6,10,9997
151,7,"0,5",[NULL],9997
151,7,8,[NULL],9997
151,7,5,[NULL],9997
151,7,"1,9",[NULL],9997
151,7,9,6,9998
151,7,2,"1,5,6",9998
152,6,1,[NULL],9991
152,6,3,[NULL],9992
152,6,"0,2,4",[NULL],9997
152,6,4,[NULL],9997
152,6,2,[NULL],9997
153,5,0,[NULL],9993
153,5,1,[NULL],9995
0,159,0,[NULL],9000
4,155,0,[NULL],9000
4,155,1,[NULL],9000
8,151,0,[NULL],9000
107,52,0,[NULL],9000
107,52,1,[NULL],9000
108,51,"0,1",[NULL],9000
108,51,1,[NULL],9000
109,50,0,1,4
110,49,1,0,2
110,49,0,0,9998
111,48,0,0,9996
111,48,1,[NULL],9996
112,47,0,1,4
113,46,0,0,3
114,45,1,0,9996
114,45,0,[NULL],9996
115,44,1,0,3
115,44,0,"0,1",9998
116,43,0,2,4
117,42,1,1,3
117,42,0,0,4
118,41,1,0,9996
118,41,0,2,9998
119,40,2,"0,3",3
119,40,1,1,9997
119,40,0,[NULL],9997
120,39,1,1,2
120,39,0,0,4
121,38,1,1,2
121,38,0,1,4
122,37,1,2,2
122,37,0,0,9996
123,36,"0,3","1,4",2
123,36,3,4,2
123,36,2,0,9996
123,36,1,"3,4",9998
124,35,4,2,2
124,35,"2,3",1,3
124,35,3,3,4
124,35,0,2,9998
124,35,1,3,9998
125,34,1,2,2
125,34,4,5,2
125,34,3,8,3
125,34,2,3,9998
125,34,0,"0,3",9998
126,33,5,3,2
126,33,7,4,2
126,33,3,2,2
126,33,8,7,3
126,33,6,1,9996
126,33,1,[NULL],9996
126,33,2,4,9998
126,33,4,"3,4",9998
126,33,0,"0,2,3,4",9998
127,32,5,7,2
127,32,"4,6",6,2
127,32,6,1,3
127,32,7,3,9997
127,32,2,4,9998
127,32,0,"1,4",9998
127,32,3,5,9998
127,32,1,2,9998
128,31,3,5,2
128,31,4,3,2
128,31,2,"2,4",2
128,31,1,5,9998
128,31,0,"2,5",9998
129,30,4,5,2
129,30,6,6,2
129,30,5,2,2
129,30,"1,3",8,4
129,30,3,5,9998
129,30,"0,2","2,4",9998
129,30,2,4,9998
130,29,5,6,2
130,29,6,3,2
130,29,4,8,3
130,29,1,4,3
130,29,3,5,9998
130,29,7,7,9998
130,29,"0,2",2,9998
130,29,2,3,9998
131,28,7,4,2
131,28,8,"2,4",2
131,28,6,3,2
131,28,5,1,9996
131,28,4,5,9997
131,28,2,3,9997
131,28,3,4,9998
131,28,0,2,9998
131,28,1,5,9998
132,27,5,5,2
132,27,3,4,2
132,27,4,6,4
132,27,1,6,9998
132,27,2,5,9998
132,27,0,3,9998
133,26,5,4,2
133,26,4,8,4
133,26,"1,3",6,4
133,26,3,6,9998
133,26,2,5,9998
133,26,0,3,9998
134,25,6,5,2
134,25,1,3,3
134,25,5,"3,4",9996
134,25,3,6,9998
134,25,4,5,9998
134,25,2,7,9998
134,25,0,3,9998
135,24,"2,5",0,2
135,24,6,6,4
135,24,7,[NULL],9000
135,24,3,3,9997
135,24,"0,1,4","4,5,8",9997
135,24,4,6,9997
135,24,1,[NULL],9997
135,24,5,8,9998
136,23,"4,9",0,2
136,23,7,5,2
136,23,1,"0,1,2,7",2
136,23,9,4,4
136,23,10,3,4
136,23,3,6,9997
136,23,"5,6,8",[NULL],9997
136,23,8,9,9998
136,23,6,"8,9",9998
136,23,0,"3,4,9",9998
136,23,2,"4,9",9998
137,22,9,6,2
137,22,4,2,3
137,22,8,5,3
137,22,"2,6","1,4,9",4
137,22,6,4,4
137,22,3,[NULL],9997
137,22,5,6,9998
137,22,7,8,9998
137,22,0,5,9998
137,22,1,1,9998
138,21,"2,6,7",1,2
138,21,4,4,2
138,21,"6,7",4,3
138,21,5,[NULL],9000
138,21,1,[NULL],9956
138,21,3,3,9996
138,21,7,7,9996
138,21,0,4,9997
139,20,4,[NULL],9000
139,20,0,[NULL],9000
139,20,5,5,9996
139,20,2,1,9996
139,20,1,10,9998
139,20,6,9,9998
139,20,3,[NULL],9998
140,19,8,7,3
140,19,7,"5,7",3
140,19,3,2,4
140,19,"4,5",[NULL],9000
140,19,0,[NULL],9000
140,19,9,[NULL],9000
140,19,5,[NULL],9000
140,19,"2,6",[NULL],9992
140,19,1,[NULL],9994
140,19,6,2,9997
141,18,5,[NULL],9000
141,18,3,[NULL],9000
141,18,6,[NULL],9996
141,18,"0,2","1,4",9997
141,18,2,4,9997
141,18,4,"10,11",9998
141,18,1,5,9998
142,17,5,0,2
142,17,6,6,2
142,17,4,4,9996
142,17,2,[NULL],9996
142,17,1,3,9997
142,17,3,5,9997
142,17,0,[NULL],9997
143,16,5,4,2
143,16,2,"0,1,3",2
143,16,"0,4","0,4",3
143,16,7,7,3
143,16,4,4,3
143,16,6,7,4
143,16,1,4,9998
143,16,3,"5,6",9998
143,16,8,9,9998
144,15,6,6,3
144,15,4,[NULL],9000
144,15,1,[NULL],9000
144,15,3,[NULL],9991
144,15,5,8,9998
144,15,2,4,9998
144,15,0,[NULL],9998
145,14,5,9,3
145,14,4,5,4
145,14,2,[NULL],9989
145,14,3,1,9996
145,14,1,[NULL],9997
145,14,0,[NULL],9998
146,13,2,1,3
146,13,1,[NULL],9995
146,13,3,3,9996
146,13,0,[NULL],9998
147,12,"3,4",6,2
147,12,7,3,2
147,12,5,4,3
147,12,4,[NULL],9000
147,12,6,[NULL],9990
147,12,2,"1,7,8",9998
147,12,0,[NULL],9998
147,12,1,[NULL],9998
148,11,"3,4",5,2
148,11,10,13,2
148,11,"8,9","0,1",2
148,11,4,6,2
148,11,5,[NULL],9990
148,11,7,[NULL],9992
148,11,6,[NULL],9992
148,11,2,[NULL],9995
148,11,9,11,9998
148,11,0,[NULL],9998
148,11,1,[NULL],9998
149,10,"1,3,6",4,2
149,10,"8,9",12,2
149,10,"4,9",2,3
149,10,9,[NULL],9000
149,10,"5,6",[NULL],9992
149,10,6,[NULL],9995
149,10,2,3,9996
149,10,"0,7",[NULL],9997
149,10,3,7,9998
149,10,7,"12,13",9998
150,9,6,1,2
150,9,"1,5","2,9",2
150,9,5,"7,8,10",9997
150,9,2,9,9997
150,9,4,[NULL],9997
150,9,7,14,9998
150,9,0,[NULL],9998
150,9,3,[NULL],9998
151,8,3,[NULL],9000
151,8,4,[NULL],9996
151,8,1,8,9998
151,8,0,[NULL],9998
151,8,2,[NULL],9998
152,7,"0,1",[NULL],9995
152,7,1,3,9998
153,6,2,[NULL],9994
153,6,0,4,9997
153,6,1,0,9998
154,5,1,[NULL],9991
154,5,0,[NULL],9992
0,160,0,[NULL],9000
4,156,0,[NULL],9000
4,156,1,[NULL],9000
8,152,0,[NULL],9000
106,54,0,[NULL],9000
107,53,0,[NULL],9000
109,51,0,0,2
111,49,1,[NULL],9995
111,49,0,[NULL],9997
112,48,0,1,4
113,47,0,[NULL],9997
114,46,"0,1",0,2
114,46,1,0,9996
115,45,"3,4",2,4
115,45,"0,1,2",2,9997
115,45,2,[NULL],9997
115,45,4,1,9998
115,45,1,0,9998
116,44,1,1,4
116,44,0,0,4
117,43,2,0,2
117,43,"0,1","0,2",9997
117,43,1,1,9997
118,42,1,"1,2",9996
118,42,0,0,9996
118,42,2,1,9998
119,41,1,2,4
119,41,0,0,9997
120,40,2,2,3
120,40,1,1,4
120,40,0,0,4
121,39,2,1,9996
121,39,0,1,9997
121,39,1,1,9998
122,38,"3,4",1,2
122,38,4,2,9996
122,38,0,0,9996
122,38,2,[NULL],9996
122,38,1,1,9997
123,37,2,0,2
123,37,3,1,2
123,37,0,"2,4",3
123,37,1,[NULL],9997
124,36,3,2,2
124,36,0,"0,2",2
124,36,"1,2",5,4
124,36,2,2,9998
125,35,4,2,2
125,35,3,"2,4",2
125,35,"0,2","0,4,5",2
125,35,2,"0,2",9996
125,35,1,[NULL],9997
126,34,4,2,2
126,34,1,"0,2",2
126,34,5,3,2
126,34,2,1,2
126,34,6,5,3
126,34,3,1,9996
126,34,0,2,9998
127,33,5,1,2
127,33,2,"0,1",2
127,33,"4,6",6,4
127,33,7,"0,1,3",9996
127,33,"1,3",2,9997
127,33,6,[NULL],9997
127,33,3,"1,2",9998
127,33,0,[NULL],9998
128,32,5,3,2
128,32,"2,4","0,2",2
128,32,4,2,2
128,32,3,4,3
128,32,1,1,4
128,32,0,[NULL],9998
129,31,5,3,2
129,31,7,7,2
129,31,2,"0,2",2
129,31,3,2,2
129,31,4,3,9996
129,31,1,3,9997
129,31,6,2,9998
129,31,0,[NULL],9998
130,30,4,3,2
130,30,2,0,2
130,30,5,1,2
130,30,6,5,3
130,30,3,2,3
130,30,1,1,9996
130,30,0,[NULL],9998
131,29,6,1,2
131,29,5,2,2
131,29,3,0,2
131,29,2,2,4
131,29,7,4,9997
131,29,4,2,9997
131,29,0,[NULL],9997
131,29,1,[NULL],9998
132,28,6,3,2
132,28,5,2,2
132,28,3,0,2
132,28,4,4,4
132,28,2,5,4
132,28,0,[NULL],9998
132,28,1,[NULL],9998
133,27,6,3,2
133,27,5,4,2
133,27,7,2,2
133,27,3,0,2
133,27,2,1,9996
133,27,4,[NULL],9997
133,27,0,[NULL],9998
133,27,1,[NULL],9998
134,26,8,5,2
134,26,5,3,3
134,26,6,[NULL],9000
134,26,3,[NULL],9000
134,26,7,"3,4,5,8",9996
134,26,4,2,9996
134,26,"0,2","4,7",9997
134,26,"1,2",[NULL],9997
134,26,9,4,9998
134,26,2,[NULL],9998
135,25,9,8,2
135,25,8,"6,8",2
135,25,"3,4","0,4,5,6",2
135,25,4,"2,4,5,6,9",2
135,25,"2,6","1,3",3
135,25,6,3,3
135,25,7,[NULL],9000
135,25,5,2,9997
135,25,"0,1","6,7",9997
135,25,1,[NULL],9998
136,24,6,5,2
136,24,8,7,2
136,24,5,"0,6",2
136,24,1,"1,8",2
136,24,7,4,4
136,24,3,2,4
136,24,10,7,9997
136,24,9,5,9998
136,24,2,3,9998
136,24,0,[NULL],9998
136,24,4,[NULL],9998
137,23,8,[NULL],9000
137,23,"4,7",[NULL],9000
137,23,5,"7,9",9996
137,23,7,9,9997
137,23,2,[NULL],9997
137,23,6,5,9998
137,23,1,"1,2,5,6",9998
137,23,3,9,9998
137,23,0,[NULL],9998
138,22,10,1,2
138,22,9,6,2
138,22,8,[NULL],9000
138,22,4,[NULL],9000
138,22,6,4,9996
138,22,3,9,9997
138,22,7,[NULL],9997
138,22,2,[NULL],9997
138,22,5,"4,9",9998
138,22,0,[NULL],9998
138,22,1,[NULL],9998
139,21,8,4,3
139,21,3,6,4
139,21,"2,6,10","1,8",7
139,21,6,8,7
139,21,7,[NULL],9000
139,21,4,[NULL],9000
139,21,10,6,9997
139,21,5,4,9997
139,21,0,2,9997
139,21,9,4,9998
139,21,1,[NULL],9998
140,20,"10,11",4,2
140,20,5,1,2
140,20,11,1,3
140,20,8,[NULL],9000
140,20,6,[NULL],9000
140,20,3,[NULL],9961
140,20,"0,4,9",[NULL],9993
140,20,"1,7","1,3",9996
140,20,7,3,9996
140,20,4,1,9998
140,20,9,3,9998
140,20,2,[NULL],9998
141,19,7,5,3
141,19,5,4,3
141,19,3,"0,4",3
141,19,6,[NULL],9000
141,19,1,[NULL],9997
141,19,4,6,9998
141,19,0,2,9998
141,19,2,[NULL],9998
142,18,4,1,2
142,18,"5,6",3,2
142,18,9,8,2
142,18,"7,8","11,12",4
142,18,8,"3,11",4
142,18,2,[NULL],9000
142,18,6,6,9998
142,18,1,"4,6,10",9998
142,18,0,[NULL],9998
142,18,3,[NULL],9998
143,17,8,5,2
143,17,4,2,2
143,17,11,2,3
143,17,5,3,4
143,17,6,[NULL],9000
143,17,9,[NULL],9993
143,17,12,[NULL],9993
143,17,1,[NULL],9993
143,17,10,5,9997
143,17,3,[NULL],9997
143,17,"2,7",[NULL],9997
143,17,7,3,9998
143,17,0,"1,3",9998
144,16,6,5,3
144,16,"8,10",[NULL],9994
144,16,0,[NULL],9994
144,16,10,[NULL],9994
144,16,9,[NULL],9997
144,16,"5,7",[NULL],9997
144,16,1,[NULL],9997
144,16,3,[NULL],9997
144,16,2,[NULL],9997
144,16,7,2,9998
144,16,4,0,9998
145,15,8,8,4
145,15,10,4,5
145,15,7,[NULL],9000
145,15,5,[NULL],9000
145,15,4,5,9996
145,15,3,[NULL],9996
145,15,2,[NULL],9996
145,15,"0,6",[NULL],9997
145,15,6,[NULL],9997
145,15,1,"5,6",9998
145,15,9,7,9998
146,14,"1,7,8",2,2
146,14,7,7,4
146,14,6,[NULL],9000
146,14,4,[NULL],9000
146,14,8,[NULL],9995
146,14,2,[NULL],9997
146,14,5,7,9998
146,14,3,3,9998
146,14,0,[NULL],9998
147,13,11,9,2
147,13,9,[NULL],9000
147,13,10,[NULL],9000
147,13,7,[NULL],9000
147,13,6,[NULL],9991
147,13,"1,5",[NULL],9991
147,13,8,[NULL],9993
147,13,3,[NULL],9993
147,13,"0,2,5",[NULL],9994
147,13,4,[NULL],9996
147,13,5,[NULL],9996
147,13,2,[NULL],9998
148,12,7,3,2
148,12,"12,13",7,2
148,12,9,[NULL],9991
148,12,2,[NULL],9993
148,12,11,[NULL],9993
148,12,10,[NULL],9993
148,12,3,8,9996
148,12,6,[NULL],9996
148,12,8,[NULL],9997
148,12,5,[NULL],9997
148,12,4,[NULL],9997
148,12,1,[NULL],9997
148,12,0,"3,4,9,10",9998
148,12,13,10,9998
149,11,14,7,2
149,11,"8,9,11,13",7,3
149,11,6,[NULL],9988
149,11,10,[NULL],9988
149,11,5,[NULL],9988
149,11,11,[NULL],9991
149,11,12,[NULL],9993
149,11,4,[NULL],9996
149,11,13,[NULL],9996
149,11,7,[NULL],9996
149,11,0,"2,3,6,7",9997
149,11,9,8,9998
149,11,3,4,9998
149,11,1,[NULL],9998
149,11,2,[NULL],9998
150,10,8,1,2
150,10,10,6,3
150,10,3,[NULL],9000
150,10,7,[NULL],9990
150,10,4,[NULL],9991
150,10,9,[NULL],9993
150,10,"0,1,5","1,2",9997
150,10,"5,11","4,5,8",9997
150,10,11,8,9997
150,10,6,"5,7",9997
150,10,1,[NULL],9997
150,10,2,[NULL],9997
151,9,3,1,2
151,9,5,[NULL],9990
151,9,4,[NULL],9993
151,9,1,9,9998
151,9,0,[NULL],9998
151,9,2,[NULL],9998
152,8,0,1,2
152,8,"3,4",[NULL],9995
152,8,4,[NULL],9995
152,8,2,[NULL],9995
152,8,1,[NULL],9995
153,7,2,[NULL],9995
153,7,0,[NULL],9995
153,7,1,5,9997
154,6,1,[NULL],9993
154,6,0,[NULL],9997
155,5,1,5,9996
155,5,0,[NULL],9997
156,4,0,[NULL],9995
157,3,0,[NULL],9992
158,2,0,0,9998
0,161,0,[NULL],9000
4,157,0,[NULL],9000
4,157,1,[NULL],9000
8,153,0,[NULL],9000
107,54,0,[NULL],9000
109,52,0,[NULL],9000
109,52,1,[NULL],9000
111,50,0,[NULL],9000
114,47,1,4,2
114,47,0,"1,2,3,4",2
115,46,1,1,9998
115,46,0,"0,1",9998
117,44,1,2,2
117,44,0,[NULL],9998
118,43,1,1,3
118,43,2,1,9998
118,43,0,[NULL],9998
119,42,0,[NULL],9998
120,41,1,1,2
120,41,0,[NULL],9998
121,40,0,[NULL],9998
122,39,0,[NULL],9998
123,38,2,2,2
123,38,1,1,9998
123,38,0,[NULL],9998
124,37,2,2,9998
124,37,1,"1,3",9998
124,37,0,[NULL],9998
125,36,2,0,2
125,36,1,1,9998
125,36,0,[NULL],9998
126,35,"1,2",3,2
126,35,3,7,3
126,35,2,2,9998
126,35,0,[NULL],9998
127,34,3,"2,3",9996
127,34,"1,2","3,4",9998
127,34,2,3,9998
127,34,0,[NULL],9998
128,33,2,6,2
128,33,1,3,9998
128,33,0,[NULL],9998
129,32,2,4,9998
129,32,0,[NULL],9998
129,32,1,[NULL],9998
130,31,5,4,3
130,31,3,2,3
130,31,4,3,9997
130,31,6,3,9998
130,31,2,2,9998
130,31,0,[NULL],9998
130,31,1,[NULL],9998
131,30,3,7,9997
131,30,2,4,9997
131,30,4,5,9998
131,30,5,6,9998
131,30,0,[NULL],9998
131,30,1,[NULL],9998
132,29,"2,3",[NULL],9997
132,29,3,5,9998
132,29,4,6,9998
132,29,0,[NULL],9998
132,29,1,[NULL],9998
133,28,4,9,2
133,28,0,"2,7",9998
133,28,5,6,9998
133,28,3,7,9998
133,28,1,[NULL],9998
133,28,2,[NULL],9998
134,27,3,3,3
134,27,"4,5,8","0,1,4",3
134,27,6,4,3
134,27,8,6,4
134,27,7,6,9998
134,27,9,8,9998
134,27,"0,5","3,9",9998
134,27,5,9,9998
134,27,1,[NULL],9998
134,27,2,[NULL],9998
135,26,5,9,2
135,26,3,"2,8",2
135,26,6,"3,4",3
135,26,4,4,9997
135,26,8,8,9998
135,26,7,6,9998
135,26,0,[NULL],9998
135,26,1,[NULL],9998
135,26,2,[NULL],9998
136,25,5,6,2
136,25,"1,2,6","1,6",2
136,25,9,"3,5",2
136,25,7,12,9997
136,25,4,[NULL],9997
136,25,6,6,9998
136,25,8,9,9998
136,25,2,"4,6",9998
136,25,0,[NULL],9998
136,25,3,[NULL],9998
137,24,"4,9",5,2
137,24,9,0,3
137,24,5,[NULL],9996
137,24,3,"3,8",9997
137,24,8,11,9998
137,24,6,7,9998
137,24,"2,7","2,12",9998
137,24,7,12,9998
137,24,0,[NULL],9998
137,24,1,[NULL],9998
138,23,4,9,2
138,23,2,6,4
138,23,3,[NULL],9000
138,23,1,8,9998
138,23,0,[NULL],9998
139,22,1,4,2
139,22,3,"0,4,6",2
139,22,2,6,3
139,22,4,8,9998
139,22,0,[NULL],9998
140,21,6,4,2
140,21,2,0,2
140,21,"1,4","0,2",3
140,21,4,2,3
140,21,5,[NULL],9000
140,21,3,[NULL],9000
140,21,7,4,9996
140,21,8,9,9998
140,21,0,[NULL],9998
141,20,6,6,2
141,20,"4,10","1,5",2
141,20,3,1,3
141,20,5,3,3
141,20,"9,10",[NULL],4
141,20,10,[NULL],9000
141,20,1,[NULL],9997
141,20,7,6,9998
141,20,0,3,9998
141,20,8,"8,9",9998
141,20,2,[NULL],9998
142,19,3,7,2
142,19,1,"0,2",2
142,19,2,4,4
142,19,4,5,9997
142,19,0,[NULL],9998
143,18,2,"3,7",2
143,18,0,4,2
143,18,4,6,9997
143,18,1,"4,5",9997
143,18,3,6,9998
144,17,"5,6",1,2
144,17,7,9,2
144,17,"3,4",[NULL],9000
144,17,4,5,9996
144,17,2,4,9997
144,17,0,[NULL],9997
144,17,6,6,9998
144,17,1,"4,7",9998
145,16,7,5,2
145,16,3,3,2
145,16,5,[NULL],5
145,16,"1,2",[NULL],9991
145,16,2,[NULL],9995
145,16,0,"2,10",9997
145,16,6,9,9997
145,16,4,"8,9",9997
145,16,8,6,9998
146,15,2,"4,7",5
146,15,5,6,5
146,15,6,"8,9",9995
146,15,4,[NULL],9995
146,15,3,10,9997
146,15,0,2,9998
146,15,1,[NULL],9998
147,14,"3,4,9,10","0,5",2
147,14,10,13,2
147,14,7,[NULL],9000
147,14,"8,9","4,5",9996
147,14,"1,2,5",7,9997
147,14,9,5,9997
147,14,4,3,9997
147,14,5,[NULL],9997
147,14,6,[NULL],9997
147,14,0,[NULL],9998
147,14,2,[NULL],9998
148,13,8,9,2
148,13,4,3,2
148,13,10,[NULL],9000
148,13,11,[NULL],9000
148,13,5,[NULL],9995
148,13,6,"8,13",9996
148,13,9,"8,9,10",9997
148,13,7,5,9997
148,13,"1,2",[NULL],9997
148,13,0,6,9998
148,13,3,"2,8",9998
148,13,2,[NULL],9998
149,12,"7,8,10",5,3
149,12,9,2,3
149,12,10,[NULL],9989
149,12,4,[NULL],9990
149,12,6,4,9997
149,12,0,[NULL],9997
149,12,"1,2,3,5,8",[NULL],9997
149,12,"3,5",[NULL],9997
149,12,2,[NULL],9997
149,12,8,5,9998
149,12,5,4,9998
150,11,9,1,2
150,11,5,[NULL],9000
150,11,7,[NULL],9994
150,11,8,[NULL],9994
150,11,3,[NULL],9994
150,11,10,7,9997
150,11,6,2,9997
150,11,4,[NULL],9997
150,11,0,[NULL],9998
150,11,1,[NULL],9998
150,11,2,[NULL],9998
151,10,6,[NULL],9994
151,10,"3,5",[NULL],9994
151,10,4,4,9996
151,10,2,[NULL],9996
151,10,"5,7",[NULL],9997
151,10,"0,7",[NULL],9997
151,10,1,[NULL],9997
151,10,7,10,9998
152,9,4,0,3
152,9,5,[NULL],9997
152,9,0,[NULL],9997
152,9,2,[NULL],9997
152,9,1,[NULL],9997
152,9,3,"6,7",9998
153,8,3,[NULL],9990
153,8,2,[NULL],9994
153,8,0,[NULL],9996
153,8,1,[NULL],9998
154,7,3,[NULL],9990
154,7,4,[NULL],9992
154,7,2,[NULL],9992
154,7,1,[NULL],9994
154,7,0,[NULL],9997
155,6,1,[NULL],9000
155,6,0,[NULL],9988
155,6,2,12,9996
156,5,0,6,9998
157,4,0,0,2
158,3,0,2,9998
0,162,0,[NULL],9000
4,158,0,[NULL],9000
4,158,1,[NULL],9000
8,154,0,[NULL],9000
107,55,0,[NULL],9000
109,53,0,[NULL],9000
109,53,1,[NULL],9000
110,52,0,0,4
111,51,1,[NULL],9000
111,51,0,0,9998
112,50,1,1,9997
112,50,0,[NULL],9997
113,49,0,1,4
114,48,1,1,2
114,48,0,"0,1",2
114,48,2,"0,1,2",3
115,47,2,"0,2",9996
115,47,1,2,9998
115,47,0,"1,2",9998
116,46,"0,2","0,1",3
116,46,1,1,3
116,46,2,0,9996
117,45,1,2,2
117,45,0,1,4
118,44,0,0,3
118,44,1,2,9998
119,43,0,0,9996
120,42,1,0,3
120,42,0,2,9998
121,41,1,1,3
121,41,0,0,4
122,40,1,1,2
122,40,0,2,4
123,39,2,2,2
123,39,"1,3",1,2
123,39,3,4,9996
123,39,0,[NULL],9996
124,38,1,1,2
124,38,0,0,9996
125,37,2,2,2
125,37,1,6,4
125,37,0,[NULL],9998
126,36,"3,4","1,2",2
126,36,4,1,2
126,36,2,"1,3",3
126,36,1,2,9998
126,36,0,"0,2",9998
127,35,3,1,2
127,35,1,0,9996
127,35,4,2,9996
127,35,0,"3,4",9998
127,35,2,4,9998
128,34,4,2,2
128,34,3,1,3
128,34,1,[NULL],9997
128,34,2,2,9998
128,34,0,"0,2",9998
129,33,3,6,2
129,33,2,2,2
129,33,1,4,9998
129,33,0,"1,4",9998
130,32,5,4,2
130,32,6,5,2
130,32,4,7,3
130,32,2,4,3
130,32,1,5,4
130,32,3,4,9998
130,32,0,2,9998
131,31,5,3,2
131,31,6,4,2
131,31,4,4,9997
131,31,2,3,9997
131,31,3,6,9998
131,31,"0,1",2,9998
131,31,1,3,9998
132,30,"2,7",0,2
132,30,6,5,2
132,30,7,3,2
132,30,5,6,9997
132,30,1,[NULL],9997
132,30,"0,4","2,7",9998
132,30,4,7,9998
132,30,3,"6,8",9998
133,29,6,7,2
133,29,8,9,2
133,29,"3,9","0,5,6",2
133,29,9,5,2
133,29,"4,7","0,2",3
133,29,7,5,4
133,29,2,5,9998
133,29,"0,5","2,4,5",9998
133,29,5,4,9998
133,29,1,[NULL],9998
134,28,8,8,2
134,28,6,7,2
134,28,2,5,3
134,28,7,"0,1",3
134,28,5,8,9998
134,28,1,7,9998
134,28,4,6,9998
134,28,0,1,9998
134,28,3,4,9998
135,27,6,6,2
135,27,9,8,2
135,27,4,"2,5,6",2
135,27,7,10,3
135,27,8,3,9996
135,27,2,[NULL],9996
135,27,3,2,9997
135,27,1,7,9998
135,27,5,6,9998
135,27,0,1,9998
136,26,11,8,2
136,26,7,6,2
136,26,"2,12","2,7",2
136,26,12,7,2
136,26,9,7,3
136,26,10,[NULL],9000
136,26,8,11,9998
136,26,6,9,9998
136,26,5,8,9998
136,26,1,2,9998
136,26,4,"9,10",9998
136,26,0,"6,10,12",9998
136,26,3,5,9998
137,25,8,1,2
137,25,9,3,3
137,25,3,3,4
137,25,7,7,4
137,25,"0,6,10","3,5,7",9997
137,25,"6,10",[NULL],9997
137,25,5,8,9998
137,25,10,10,9998
137,25,4,6,9998
137,25,2,4,9998
137,25,1,2,9998
138,24,8,4,2
138,24,6,10,3
138,24,4,5,3
138,24,2,0,3
138,24,5,5,4
138,24,1,2,4
138,24,7,[NULL],9000
138,24,3,5,9998
138,24,0,2,9998
139,23,9,8,2
139,23,7,[NULL],9000
139,23,"0,3,8",[NULL],9000
139,23,4,"0,1,3,5",9995
139,23,8,"6,7",9996
139,23,6,4,9996
139,23,3,[NULL],9996
139,23,2,4,9997
139,23,10,6,9998
139,23,5,"5,6",9998
139,23,1,"2,3",9998
140,22,6,7,2
140,22,3,0,2
140,22,"8,9",8,2
140,22,9,5,7
140,22,4,[NULL],9000
140,22,0,[NULL],9000
140,22,5,3,9996
140,22,1,0,9996
140,22,7,3,9997
140,22,2,[NULL],9997
141,21,4,4,4
141,21,7,[NULL],9000
141,21,3,[NULL],9000
141,21,5,[NULL],9000
141,21,2,[NULL],9000
141,21,6,6,9996
141,21,1,[NULL],9996
141,21,0,5,9997
142,20,6,3,2
142,20,5,10,3
142,20,4,[NULL],9000
142,20,3,[NULL],9000
142,20,1,[NULL],9000
142,20,0,6,9998
142,20,2,4,9998
143,19,6,6,2
143,19,"4,7",1,2
143,19,8,[NULL],9000
143,19,5,5,9996
143,19,"1,7","3,5,7",9997
143,19,3,8,9997
143,19,2,[NULL],9997
143,19,7,8,9998
143,19,0,[NULL],9998
144,18,6,8,2
144,18,1,3,4
144,18,4,[NULL],9000
144,18,2,[NULL],9000
144,18,5,[NULL],9960
144,18,0,"0,7",9997
144,18,3,7,9997
145,17,2,"0,4,5,6",2
145,17,3,3,4
145,17,0,"2,9",9997
145,17,1,8,9997
146,16,3,[NULL],9000
146,16,1,[NULL],9000
146,16,4,"4,10",9996
146,16,2,5,9997
146,16,0,[NULL],9998
147,15,6,"0,1,2,8",2
147,15,"2,8","3,5",2
147,15,5,[NULL],4
147,15,3,[NULL],9000
147,15,"7,8",[NULL],9993
147,15,8,3,9996
147,15,1,[NULL],9996
147,15,4,6,9998
147,15,0,[NULL],9998
148,14,5,8,2
148,14,4,5,2
148,14,"2,3,6,7",0,3
148,14,3,2,4
148,14,"6,7",[NULL],9000
148,14,7,10,9998
148,14,0,[NULL],9998
148,14,1,[NULL],9998
149,13,"1,2","0,1,5",3
149,13,"4,5,8","5,11",3
149,13,8,11,3
149,13,"5,7",6,3
149,13,7,[NULL],9000
149,13,6,[NULL],9989
149,13,2,[NULL],9990
149,13,3,[NULL],9992
149,13,0,[NULL],9998
150,12,10,7,2
150,12,4,[NULL],9000
150,12,7,[NULL],9000
150,12,6,[NULL],9000
150,12,5,[NULL],9995
150,12,11,[NULL],9995
150,12,9,6,9996
150,12,1,[NULL],9996
150,12,2,[NULL],9996
150,12,8,"5,6",9997
150,12,3,[NULL],9997
150,12,0,4,9998
151,11,"6,7",3,2
151,11,7,[NULL],9990
151,11,"2,4",[NULL],9992
151,11,3,[NULL],9992
151,11,4,[NULL],9992
151,11,"1,5",[NULL],9995
151,11,5,6,9998
151,11,0,[NULL],9998
152,10,5,1,3
152,10,7,[NULL],9995
152,10,6,[NULL],9996
152,10,"0,2",[NULL],9997
152,10,4,[NULL],9997
152,10,3,5,9998
152,10,2,[NULL],9998
152,10,1,[NULL],9998
153,9,5,[NULL],9986
153,9,"7,8",[NULL],9993
153,9,"0,3,4,8",[NULL],9997
153,9,6,[NULL],9997
153,9,"3,4",[NULL],9997
153,9,4,[NULL],9997
153,9,2,"0,6",9998
153,9,1,"5,6,8",9998
153,9,8,8,9998
154,8,7,[NULL],9996
154,8,"3,6",[NULL],9996
154,8,6,10,9997
154,8,4,7,9997
154,8,5,"4,5",9998
154,8,0,[NULL],9998
154,8,1,[NULL],9998
154,8,2,[NULL],9998
155,7,6,0,2
155,7,5,[NULL],9993
155,7,3,[NULL],9996
155,7,4,[NULL],9997
155,7,0,[NULL],9998
155,7,1,[NULL],9998
155,7,2,[NULL],9998
156,6,1,[NULL],9992
156,6,3,[NULL],9993
156,6,2,[NULL],9997
156,6,4,2,9998
156,6,0,[NULL],9998
157,5,2,0,2
157,5,1,7,9997
157,5,0,[NULL],9997
158,4,0,[NULL],9000
158,4,1,2,9998
159,3,0,[NULL],9991
0,163,0,[NULL],9000
4,159,0,[NULL],9000
4,159,1,[NULL],9000
8,155,0,[NULL],9000
110,53,0,0,2
111,52,1,[NULL],9000
111,52,0,[NULL],9000
112,51,0,[NULL],9998
113,50,0,0,4
114,49,2,1,2
114,49,1,"0,1",2
114,49,0,0,9998
115,48,1,0,9996
115,48,2,1,9998
115,48,0,0,9998
116,47,0,[NULL],9997
117,46,2,1,2
117,46,1,1,4
117,46,0,0,4
118,45,"1,2",[NULL],9997
118,45,2,1,9998
118,45,0,"0,1",9998
119,44,2,0,2
119,44,1,1,9996
119,44,0,[NULL],9996
120,43,1,2,4
120,43,0,0,9997
121,42,2,4,4
121,42,0,0,4
121,42,1,[NULL],9000
122,41,2,2,9996
122,41,0,1,9997
122,41,1,1,9998
123,40,2,2,9996
123,40,0,0,9996
123,40,1,2,9997
124,39,2,[NULL],3
124,39,0,2,4
124,39,1,[NULL],9997
125,38,2,1,2
125,38,0,"0,1",2
125,38,1,3,4
126,37,"3,4",0,2
126,37,4,2,2
126,37,"0,1",7,4
126,37,1,"0,2",9996
126,37,2,[NULL],9997
127,36,2,2,2
127,36,0,"0,2",2
127,36,1,1,9996
127,36,3,3,9996
128,35,4,1,2
128,35,1,"0,1",2
128,35,3,4,4
128,35,"0,2",1,9997
128,35,2,[NULL],9997
129,34,4,3,2
129,34,2,0,2
129,34,3,4,3
129,34,1,1,4
129,34,0,[NULL],9998
130,33,6,3,2
130,33,2,"0,1",2
130,33,3,1,2
130,33,7,3,3
130,33,4,2,3
130,33,5,3,9997
130,33,1,"1,3",9997
130,33,0,[NULL],9998
131,32,"2,7","0,4",2
131,32,7,4,2
131,32,"6,8",3,2
131,32,8,4,9996
131,32,"1,3",1,9996
131,32,9,4,9997
131,32,4,2,9997
131,32,5,5,9997
131,32,3,2,9998
131,32,0,[NULL],9998
132,31,5,2,2
132,31,"2,4","0,2,5",2
132,31,4,5,2
132,31,3,[NULL],2
132,31,1,2,4
132,31,0,[NULL],9998
133,30,8,5,2
133,30,7,1,2
133,30,6,4,2
133,30,1,0,2
133,30,4,3,2
133,30,"3,5",7,4
133,30,2,4,4
133,30,5,3,9998
133,30,0,[NULL],9998
134,29,7,1,2
134,29,6,5,2
134,29,1,0,2
134,29,4,4,3
134,29,2,"1,3,5",9996
134,29,8,6,9998
134,29,"3,5","2,5,6",9998
134,29,5,3,9998
134,29,0,[NULL],9998
135,28,11,8,2
135,28,9,6,2
135,28,8,5,2
135,28,2,1,2
135,28,10,"4,6",2
135,28,"6,12","0,4,6",2
135,28,5,3,2
135,28,12,7,3
135,28,3,"1,6",9996
135,28,4,2,9997
135,28,7,5,9997
135,28,"0,1",7,9998
135,28,1,[NULL],9998
136,27,8,5,2
136,27,10,10,2
136,27,6,4,2
136,27,4,"2,6,10",2
136,27,2,1,2
136,27,3,3,3
136,27,"7,9",5,4
136,27,"0,1,9",4,9997
136,27,9,[NULL],9997
136,27,5,3,9998
136,27,1,[NULL],9998
137,26,5,3,2
137,26,2,"0,5",2
137,26,4,6,4
137,26,"0,1",[NULL],9000
137,26,6,7,9998
137,26,3,3,9998
137,26,1,[NULL],9998
138,25,6,10,2
138,25,5,"5,10",2
138,25,"2,3","1,3,6",2
138,25,4,5,9996
138,25,3,"3,7",9996
138,25,"0,1","3,4",9997
138,25,1,[NULL],9998
139,24,"1,3","1,7",4
139,24,3,7,4
139,24,4,5,9996
139,24,2,6,9998
139,24,0,[NULL],9998
140,23,3,7,8
140,23,2,6,9997
140,23,0,[NULL],9998
140,23,1,[NULL],9998
141,22,6,0,2
141,22,4,2,2
141,22,5,4,3
141,22,2,[NULL],9000
141,22,3,[NULL],9997
141,22,0,[NULL],9998
141,22,1,[NULL],9998
142,21,8,7,2
142,21,6,4,3
142,21,"4,5",1,3
142,21,7,[NULL],9000
142,21,5,"7,9",9996
142,21,2,[NULL],9996
142,21,1,8,9997
142,21,3,[NULL],9997
142,21,0,[NULL],9998
143,20,4,2,3
143,20,5,5,9998
143,20,1,3,9998
143,20,0,[NULL],9998
143,20,2,[NULL],9998
143,20,3,[NULL],9998
144,19,"2,10",0,3
144,19,9,6,3
144,19,8,"4,6",3
144,19,5,4,4
144,19,10,[NULL],9000
144,19,"1,3,4,6",[NULL],9996
144,19,6,"1,5",9997
144,19,7,4,9997
144,19,0,10,9998
144,19,"3,4",[NULL],9998
144,19,4,[NULL],9998
145,18,10,3,3
145,18,8,[NULL],9000
145,18,5,[NULL],9000
145,18,6,[NULL],9000
145,18,4,4,9997
145,18,9,7,9997
145,18,7,"8,9",9998
145,18,1,11,9998
145,18,2,"2,6,8",9998
145,18,0,[NULL],9998
145,18,3,[NULL],9998
146,17,6,4,2
146,17,7,"1,2,5",3
146,17,5,8,3
146,17,3,4,3
146,17,8,[NULL],9000
146,17,0,[NULL],9962
146,17,2,13,9997
146,17,4,10,9997
146,17,1,[NULL],9997
147,16,10,7,2
147,16,3,[NULL],2
147,16,"8,9",9,3
147,16,5,7,3
147,16,9,3,4
147,16,7,[NULL],9994
147,16,1,[NULL],9994
147,16,2,[NULL],9996
147,16,4,[NULL],9997
147,16,6,6,9998
147,16,0,3,9998
148,15,4,6,3
148,15,3,[NULL],9000
148,15,5,[NULL],9000
148,15,7,[NULL],9994
148,15,1,[NULL],9994
148,15,6,[NULL],9996
148,15,2,[NULL],9996
148,15,8,13,9998
148,15,0,[NULL],9998
149,14,4,"0,5,7",2
149,14,7,10,3
149,14,2,6,3
149,14,"1,6",[NULL],9994
149,14,6,"9,10",9996
149,14,5,2,9997
149,14,0,[NULL],9997
149,14,3,8,9998
150,13,6,1,2
150,13,7,[NULL],9994
150,13,2,3,9996
150,13,3,[NULL],9996
150,13,5,[NULL],9996
150,13,"1,4",[NULL],9996
150,13,4,5,9997
150,13,0,6,9998
151,12,5,3,2
151,12,6,[NULL],9984
151,12,4,[NULL],9990
151,12,"1,7",[NULL],9993
151,12,3,2,9996
151,12,"0,2",4,9997
151,12,7,[NULL],9997
151,12,2,[NULL],9997
152,11,"0,6",2,2
152,11,"5,6,8",1,2
152,11,8,8,2
152,11,3,[NULL],9994
152,11,7,6,9995
152,11,4,"3,9",9995
152,11,1,[NULL],9997
152,11,6,6,9998
152,11,2,"3,4,6",9998
153,10,"4,5",5,2
153,10,6,[NULL],9987
153,10,5,[NULL],9992
153,10,"2,3",[NULL],9997
153,10,1,"4,7,8",9998
153,10,3,"7,8",9998
153,10,0,[NULL],9998
154,9,5,1,4
154,9,4,[NULL],9991
154,9,3,[NULL],9994
154,9,1,[NULL],9997
154,9,2,12,9998
154,9,0,[NULL],9998
155,8,2,4,2
155,8,1,10,9997
155,8,0,[NULL],9998
156,7,0,[NULL],9995
157,6,2,1,2
157,6,1,5,9997
157,6,0,[NULL],9998
158,5,0,[NULL],9996
158,5,1,5,9997
0,164,0,[NULL],9000
4,160,0,[NULL],9000
4,160,1,[NULL],9000
8,156,0,[NULL],9000
110,54,0,[NULL],9000
110,54,1,[NULL],9000
111,53,1,1,3
111,53,2,[NULL],9000
111,53,0,[NULL],9000
113,51,0,0,2
114,50,1,2,2
114,50,0,0,2
115,49,1,1,9998
115,49,0,0,9998
117,47,1,2,2
117,47,0,"0,1",2
119,45,0,[NULL],9998
120,44,0,[NULL],9998
121,43,1,1,2
121,43,0,[NULL],9998
122,42,1,0,9998
122,42,0,[NULL],9998
123,41,0,[NULL],9998
124,40,1,1,9998
124,40,0,[NULL],9998
125,39,0,"1,2",9998
125,39,1,[NULL],9998
126,38,"2,3",3,4
126,38,"1,3",[NULL],9997
126,38,3,2,9998
126,38,0,[NULL],9998
127,37,3,1,9996
127,37,"1,2","0,2",9997
127,37,2,1,9998
127,37,0,[NULL],9998
128,36,1,2,9998
128,36,0,[NULL],9998
129,35,"1,2",[NULL],9997
129,35,2,2,9998
129,35,0,[NULL],9998
130,34,2,3,2
130,34,4,4,3
130,34,3,2,3
130,34,5,5,9998
130,34,0,[NULL],9998
130,34,1,[NULL],9998
131,33,6,5,3
131,33,4,[NULL],9996
131,33,3,3,9997
131,33,"2,5","1,6",9998
131,33,5,6,9998
131,33,0,[NULL],9998
131,33,1,[NULL],9998
132,32,3,5,2
132,32,4,6,9998
132,32,2,5,9998
132,32,0,[NULL],9998
132,32,1,[NULL],9998
133,31,6,8,2
133,31,"2,5","3,5,8",2
133,31,3,5,2
133,31,5,3,9998
133,31,7,5,9998
133,31,4,"1,4",9998
133,31,0,[NULL],9998
133,31,1,[NULL],9998
134,30,7,"0,1,4,7,9,10",2
134,30,2,3,3
134,30,4,3,9998
134,30,5,5,9998
134,30,6,6,9998
134,30,3,1,9998
134,30,0,[NULL],9998
134,30,1,[NULL],9998
135,29,3,5,2
135,29,2,3,9997
135,29,4,7,9998
135,29,5,8,9998
135,29,0,[NULL],9998
135,29,1,[NULL],9998
136,28,7,6,2
136,28,3,3,2
136,28,5,"0,6,10",3
136,28,"2,4","6,7",9998
136,28,6,5,9998
136,28,4,7,9998
136,28,0,[NULL],9998
136,28,1,[NULL],9998
137,27,"2,3,4,6","3,8,9",9998
137,27,6,9,9998
137,27,5,6,9998
137,27,4,8,9998
137,27,3,7,9998
137,27,0,[NULL],9998
137,27,1,[NULL],9998
138,26,6,2,2
138,26,4,"0,2",3
138,26,5,5,9998
138,26,3,3,9998
138,26,0,[NULL],9998
138,26,1,[NULL],9998
138,26,2,[NULL],9998
139,25,3,7,3
139,25,4,7,4
139,25,1,[NULL],9990
139,25,5,7,9998
139,25,0,[NULL],9998
139,25,2,[NULL],9998
140,24,5,0,3
140,24,3,5,9997
140,24,4,7,9998
140,24,0,[NULL],9998
140,24,1,[NULL],9998
140,24,2,[NULL],9998
141,23,5,[NULL],9000
141,23,3,[NULL],9000
141,23,6,10,9996
141,23,"2,4","5,7",9997
141,23,4,7,9997
141,23,0,[NULL],9998
141,23,1,[NULL],9998
142,22,5,5,2
142,22,3,1,2
142,22,6,[NULL],2
142,22,7,"1,7",3
142,22,8,3,3
142,22,4,[NULL],9000
142,22,0,[NULL],9998
142,22,1,[NULL],9998
142,22,2,[NULL],9998
143,21,10,"0,7",2
143,21,"0,7",0,3
143,21,7,3,3
143,21,5,4,4
143,21,9,6,9997
143,21,8,7,9998
143,21,1,"3,7,8",9998
143,21,6,8,9998
143,21,2,[NULL],9998
143,21,3,[NULL],9998
143,21,4,[NULL],9998
144,20,"8,9",7,2
144,20,11,"1,6",2
144,20,"2,6,9","2,6,7,8",2
144,20,5,[NULL],2
144,20,6,0,3
144,20,9,1,3
144,20,4,3,9998
144,20,7,5,9998
144,20,10,8,9998
144,20,0,[NULL],9998
144,20,1,[NULL],9998
144,20,3,[NULL],9998
145,19,5,2,3
145,19,"4,6",[NULL],9000
145,19,3,[NULL],9000
145,19,2,"5,12",9997
145,19,6,11,9997
145,19,0,"5,11",9997
145,19,1,[NULL],9997
146,18,6,6,2
146,18,3,"0,2,3,4",2
146,18,"4,5","8,9",4
146,18,0,[NULL],9959
146,18,5,[NULL],9996
146,18,1,[NULL],9998
146,18,2,[NULL],9998
147,17,13,8,2
147,17,4,[NULL],2
147,17,8,6,4
147,17,1,[NULL],9956
147,17,6,4,9994
147,17,9,[NULL],9994
147,17,11,[NULL],9995
147,17,2,[NULL],9995
147,17,12,[NULL],9995
147,17,0,"2,6",9997
147,17,5,4,9997
147,17,7,6,9997
147,17,3,[NULL],9997
147,17,10,7,9998
148,16,8,3,2
148,16,7,[NULL],9000
148,16,"4,6",[NULL],9995
148,16,2,[NULL],9996
148,16,1,7,9997
148,16,9,[NULL],9997
148,16,5,[NULL],9997
148,16,6,[NULL],9997
148,16,3,1,9998
148,16,0,3,9998
149,15,6,0,2
149,15,5,8,3
149,15,4,4,9995
149,15,1,[NULL],9995
149,15,2,[NULL],9997
149,15,3,1,9998
149,15,0,[NULL],9998
150,14,4,4,4
150,14,0,[NULL],9995
150,14,5,2,9997
150,14,1,[NULL],9997
150,14,3,[NULL],9997
150,14,2,[NULL],9998
151,13,6,6,2
151,13,"3,4","2,6",2
151,13,5,[NULL],9000
151,13,4,[NULL],9988
151,13,0,[NULL],9998
151,13,1,[NULL],9998
151,13,2,[NULL],9998
152,12,"4,7,8",1,2
152,12,"7,8",3,2
152,12,9,[NULL],9989
152,12,5,[NULL],9991
152,12,6,[NULL],9993
152,12,3,[NULL],9997
152,12,8,4,9998
152,12,2,"3,4",9998
152,12,0,[NULL],9998
152,12,1,[NULL],9998
153,11,12,2,2
153,11,10,3,3
153,11,7,4,3
153,11,5,[NULL],9988
153,11,8,[NULL],9991
153,11,9,[NULL],9993
153,11,6,[NULL],9993
153,11,4,[NULL],9994
153,11,2,[NULL],9994
153,11,1,4,9997
153,11,11,8,9997
153,11,0,[NULL],9998
153,11,3,[NULL],9998
154,10,12,2,4
154,10,8,[NULL],9988
154,10,5,[NULL],9991
154,10,11,[NULL],9992
154,10,7,[NULL],9993
154,10,2,[NULL],9993
154,10,10,[NULL],9994
154,10,4,[NULL],9995
154,10,6,[NULL],9996
154,10,9,[NULL],9997
154,10,3,[NULL],9997
154,10,1,5,9998
154,10,0,[NULL],9998
155,9,3,[NULL],9994
155,9,"5,8",[NULL],9995
155,9,7,[NULL],9995
155,9,"6,8",[NULL],9995
155,9,8,[NULL],9995
155,9,2,[NULL],9995
155,9,1,[NULL],9996
155,9,4,6,9997
155,9,0,6,9998
156,8,7,1,3
156,8,5,[NULL],9995
156,8,"3,4",[NULL],9996
156,8,"1,4",[NULL],9996
156,8,6,5,9997
156,8,2,[NULL],9997
156,8,0,[NULL],9997
156,8,4,9,9998
157,7,3,[NULL],9987
157,7,5,[NULL],9995
157,7,2,[NULL],9996
157,7,"1,4",[NULL],9996
157,7,4,[NULL],9996
157,7,0,[NULL],9996
158,6,1,[NULL],9994
158,6,3,[NULL],9995
158,6,2,[NULL],9995
158,6,4,3,9997
158,6,0,4,9998
159,5,2,[NULL],9993
159,5,1,3,9996
159,5,0,5,9998
160,4,0,[NULL],9000
161,3,1,[NULL],9993
161,3,0,1,9998
162,2,0,1,9998
0,165,0,[NULL],9000
4,161,0,[NULL],9000
4,161,1,[NULL],9000
8,157,0,[NULL],9000
111,54,0,[NULL],9000
111,54,2,[NULL],9000
111,54,1,[NULL],9000
113,52,1,[NULL],9997
113,52,0,[NULL],9997
114,51,1,1,2
114,51,0,0,2
114,51,2,2,4
115,50,0,2,4
115,50,2,0,9997
115,50,1,1,9998
116,49,0,1,9996
117,48,0,0,9996
118,47,0,0,4
119,46,0,0,3
120,45,0,1,9996
121,44,0,1,2
121,44,1,0,3
122,43,2,1,3
122,43,4,3,4
122,43,1,[NULL],4
122,43,3,3,9998
122,43,0,"1,3",9998
123,42,1,1,2
123,42,0,0,4
124,41,"1,2",0,2
124,41,2,0,9996
124,41,0,1,9997
125,40,2,3,2
125,40,0,0,9996
125,40,1,3,9998
126,39,1,2,2
126,39,0,1,4
126,39,2,4,4
127,38,2,1,2
127,38,1,"0,2",3
127,38,3,3,9996
127,38,0,2,9998
128,37,2,2,2
128,37,1,0,9996
128,37,0,"2,3",9998
129,36,5,5,2
129,36,3,5,3
129,36,1,"1,5",3
129,36,4,1,9996
129,36,2,2,9998
129,36,0,"0,2,3",9998
130,35,"1,6","2,5",2
130,35,6,5,2
130,35,4,9,3
130,35,2,4,3
130,35,5,5,3
130,35,3,2,9998
130,35,0,"0,2",9998
131,34,6,4,2
131,34,5,2,2
131,34,4,"0,1",9996
131,34,2,"2,3,5",9997
131,34,3,5,9998
131,34,1,6,9998
131,34,0,"2,5",9998
132,33,3,5,2
132,33,5,7,2
132,33,"1,4",4,2
132,33,4,5,9996
132,33,2,5,9998
132,33,0,"1,5",9998
133,32,3,4,2
133,32,5,5,2
133,32,6,6,2
133,32,1,3,2
133,32,2,4,9998
133,32,"0,4",2,9998
133,32,4,5,9998
134,31,7,4,2
134,31,8,5,2
134,31,2,4,3
134,31,5,7,3
134,31,3,8,4
134,31,4,4,9998
134,31,"1,6",2,9998
134,31,6,5,9998
134,31,0,[NULL],9998
135,30,"6,7","2,4",2
135,30,5,6,2
135,30,7,4,2
135,30,4,"0,1,9",3
135,30,1,2,9997
135,30,"0,3","2,5",9998
135,30,3,5,9998
135,30,2,4,9998
136,29,"3,8,9","2,3,4,6",2
136,29,9,6,2
136,29,6,5,2
136,29,8,4,2
136,29,7,3,2
136,29,2,1,9996
136,29,5,6,9998
136,29,4,5,9998
136,29,0,"2,6",9998
136,29,1,[NULL],9998
137,28,5,5,2
137,28,3,3,2
137,28,4,"0,1",3
137,28,1,5,9998
137,28,2,4,9998
137,28,0,1,9998
138,27,7,5,2
138,27,6,8,4
138,27,4,6,4
138,27,"0,1,3",[NULL],9997
138,27,"1,3",[NULL],9997
138,27,3,7,9998
138,27,5,6,9998
138,27,2,2,9998
139,26,7,4,2
139,26,6,2,3
139,26,3,5,4
139,26,0,1,4
139,26,5,6,9998
139,26,4,4,9998
139,26,2,3,9998
139,26,1,2,9998
140,25,6,6,4
140,25,5,[NULL],9000
140,25,7,4,9996
140,25,"1,2,3",6,9997
140,25,3,7,9997
140,25,2,[NULL],9997
140,25,0,"3,4",9998
140,25,4,7,9998
141,24,8,1,3
141,24,7,"3,5,6,8",9996
141,24,2,"0,5",9996
141,24,4,[NULL],9997
141,24,3,[NULL],9997
141,24,5,10,9998
141,24,6,9,9998
141,24,1,6,9998
141,24,0,[NULL],9998
142,23,7,8,2
142,23,"3,8","1,5,8",2
142,23,8,6,2
142,23,5,5,4
142,23,6,[NULL],9000
142,23,0,[NULL],9957
142,23,2,5,9997
142,23,4,8,9998
142,23,1,4,9998
143,22,3,4,2
143,22,5,7,2
143,22,8,10,2
143,22,1,"1,3,4",3
143,22,4,7,3
143,22,7,[NULL],9000
143,22,2,[NULL],9000
143,22,6,8,9998
143,22,0,"4,8",9998
144,21,4,4,3
144,21,7,9,3
144,21,5,6,9996
144,21,"1,9",8,9997
144,21,8,[NULL],9997
144,21,3,[NULL],9997
144,21,10,11,9998
144,21,6,8,9998
144,21,9,12,9998
144,21,0,[NULL],9998
144,21,2,[NULL],9998
145,20,13,2,3
145,20,10,4,3
145,20,4,"1,4",4
145,20,"8,9",6,5
145,20,"5,12",[NULL],9963
145,20,1,[NULL],9993
145,20,9,4,9996
145,20,"3,11",1,9996
145,20,12,5,9997
145,20,11,4,9997
145,20,6,3,9997
145,20,2,[NULL],9997
145,20,7,"8,9,11",9998
145,20,0,[NULL],9998
146,19,7,10,2
146,19,3,8,4
146,19,6,[NULL],9000
146,19,8,[NULL],9000
146,19,4,[NULL],9960
146,19,2,"1,5",9997
146,19,5,3,9997
146,19,0,10,9998
146,19,1,[NULL],9998
147,18,1,3,2
147,18,3,"0,1,4,6",2
147,18,2,2,9996
147,18,"0,5","1,4,9",9997
147,18,5,4,9997
147,18,4,7,9998
147,18,6,9,9998
148,17,1,3,2
148,17,2,5,3
148,17,4,[NULL],9000
148,17,3,6,9996
148,17,0,4,9998
149,16,5,4,3
149,16,6,9,4
149,16,2,[NULL],9995
149,16,3,7,9998
149,16,1,"4,7",9998
149,16,4,11,9998
149,16,0,[NULL],9998
150,15,4,"0,2",3
150,15,"2,3",[NULL],9997
150,15,3,5,9998
150,15,0,[NULL],9998
150,15,1,[NULL],9998
151,14,4,8,2
151,14,3,"2,8",2
151,14,7,[NULL],9986
151,14,"5,6",[NULL],9995
151,14,6,[NULL],9995
151,14,2,[NULL],9997
151,14,0,[NULL],9998
151,14,1,[NULL],9998
152,13,11,[NULL],9000
152,13,9,[NULL],9000
152,13,8,[NULL],9989
152,13,10,[NULL],9990
152,13,6,[NULL],9995
152,13,"1,2,4","1,3,7,8,9",9997
152,13,7,"6,7,8",9997
152,13,5,[NULL],9997
152,13,"0,4",9,9998
152,13,4,[NULL],9998
152,13,2,[NULL],9998
152,13,3,[NULL],9998
153,12,5,"1,9",2
153,12,6,[NULL],9992
153,12,8,[NULL],9995
153,12,4,[NULL],9995
153,12,3,4,9997
153,12,7,9,9997
153,12,0,[NULL],9998
153,12,1,[NULL],9998
153,12,2,[NULL],9998
154,11,6,0,2
154,11,10,1,3
154,11,3,[NULL],9994
154,11,5,[NULL],9994
154,11,"8,9",[NULL],9995
154,11,"2,9",[NULL],9995
154,11,0,[NULL],9995
154,11,4,3,9997
154,11,7,9,9997
154,11,1,[NULL],9997
154,11,9,9,9998
155,10,9,4,2
155,10,5,[NULL],9995
155,10,8,14,9997
155,10,3,[NULL],9997
155,10,4,11,9998
155,10,6,"10,11",9998
155,10,0,14,9998
155,10,1,7,9998
155,10,7,"13,14",9998
155,10,2,[NULL],9998
156,9,5,1,3
156,9,2,[NULL],9996
156,9,4,11,9997
156,9,3,8,9998
156,9,1,"9,10",9998
156,9,6,12,9998
156,9,0,[NULL],9998
157,8,4,"0,1",2
157,8,5,1,3
157,8,2,[NULL],9994
157,8,"0,1",[NULL],9997
157,8,3,[NULL],9997
157,8,1,[NULL],9997
158,7,5,"0,1",2
158,7,3,[NULL],9992
158,7,4,[NULL],9994
158,7,6,5,9997
158,7,2,[NULL],9997
158,7,1,[NULL],9997
158,7,0,2,9998
159,6,1,[NULL],9990
159,6,2,6,9996
159,6,"0,3",6,9997
159,6,3,4,9998
160,5,1,"0,1",2
160,5,0,2,9998
161,4,1,0,2
161,4,0,3,9998
162,3,0,2,9998
0,166,0,[NULL],9000
4,162,0,[NULL],9000
4,162,1,[NULL],9000
8,158,0,[NULL],9000
111,55,0,[NULL],9000
111,55,2,[NULL],9000
111,55,1,[NULL],9000
114,52,1,1,2
114,52,0,1,4
115,51,1,[NULL],9000
115,51,0,1,9998
116,50,0,2,9997
117,49,0,[NULL],9997
118,48,1,1,4
118,48,0,[NULL],9992
119,47,1,[NULL],9997
119,47,0,0,9998
120,46,2,0,9996
120,46,0,"1,2",9997
120,46,1,[NULL],9997
121,45,3,3,2
121,45,1,"0,3",2
121,45,2,2,4
121,45,0,0,9997
122,44,2,2,4
122,44,0,0,4
122,44,3,2,9998
122,44,1,1,9998
123,43,1,"2,3",9996
123,43,0,2,9997
124,42,3,1,2
124,42,2,1,9996
124,42,0,0,9996
124,42,1,2,9998
125,41,2,[NULL],3
125,41,0,1,4
125,41,3,1,9997
125,41,"1,4",[NULL],9997
125,41,4,1,9998
126,40,2,0,2
126,40,0,"1,2",3
126,40,1,1,4
126,40,3,3,4
127,39,"2,3",0,2
127,39,3,2,9996
127,39,4,3,9996
127,39,0,1,9997
127,39,1,[NULL],9997
128,38,2,2,2
128,38,"0,3","0,2",2
128,38,3,0,9996
128,38,1,1,9996
129,37,2,3,2
129,37,0,"0,1,3,4",2
129,37,1,[NULL],9997
130,36,5,3,2
130,36,6,1,2
130,36,2,"0,3",2
130,36,3,3,3
130,36,4,8,4
130,36,1,"1,3",4
130,36,0,[NULL],9998
131,35,5,2,2
131,35,1,"0,2",2
131,35,6,4,9996
131,35,3,"0,4",9996
131,35,"2,4",[NULL],9997
131,35,4,4,9998
131,35,0,3,9998
132,34,4,2,2
132,34,2,"0,4",2
132,34,5,4,2
132,34,3,3,9996
132,34,1,0,9996
132,34,0,[NULL],9998
133,33,4,4,2
133,33,2,"1,6",2
133,33,5,6,2
133,33,3,[NULL],3
133,33,1,2,4
133,33,0,[NULL],9998
134,32,"2,5","0,3",2
134,32,5,3,2
134,32,4,2,2
134,32,3,2,3
134,32,"1,6",3,4
134,32,6,"2,4",9997
134,32,0,[NULL],9998
135,31,6,5,2
135,31,5,4,2
135,31,2,"0,5",2
135,31,4,[NULL],2
135,31,1,"1,4,7",9996
135,31,3,1,9997
135,31,0,[NULL],9998
136,30,5,1,2
136,30,4,2,2
136,30,1,0,2
136,30,2,1,9996
136,30,3,4,9997
136,30,0,[NULL],9998
137,29,7,3,2
137,29,6,5,2
137,29,2,2,2
137,29,5,4,4
137,29,3,3,4
137,29,"0,1,4",3,9997
137,29,4,[NULL],9997
137,29,1,[NULL],9998
138,28,6,5,2
138,28,4,4,2
138,28,3,2,2
138,28,2,1,2
138,28,5,4,4
138,28,"0,1",4,5
138,28,1,[NULL],9998
139,27,"3,4",0,2
139,27,7,4,2
139,27,5,3,3
139,27,2,[NULL],22
139,27,4,"1,3",9996
139,27,"0,1,6",2,9997
139,27,6,5,9997
139,27,1,[NULL],9998
140,26,10,5,2
140,26,9,6,2
140,26,6,"1,7",2
140,26,"5,7","2,4",3
140,26,7,4,3
140,26,8,4,9996
140,26,"2,4","0,1,6",9996
140,26,3,[NULL],9996
140,26,1,"4,5",9998
140,26,0,[NULL],9998
140,26,4,[NULL],9998
141,25,8,4,2
141,25,4,"1,5,7",2
141,25,"7,9",5,4
141,25,9,[NULL],9000
141,25,"6,11",[NULL],9000
141,25,"1,2,11","9,10",9997
141,25,11,9,9997
141,25,"2,5,10","3,5",9998
141,25,10,7,9998
141,25,5,3,9998
141,25,0,[NULL],9998
141,25,3,[NULL],9998
142,24,8,6,2
142,24,4,"0,3,6",2
142,24,6,9,3
142,24,3,[NULL],7
142,24,7,[NULL],9000
142,24,5,[NULL],9000
142,24,"9,10",[NULL],9000
142,24,10,8,9997
142,24,2,[NULL],9997
142,24,0,[NULL],9998
142,24,1,[NULL],9998
143,23,11,10,2
143,23,8,6,2
143,23,12,9,2
143,23,3,[NULL],2
143,23,10,[NULL],9000
143,23,7,8,9997
143,23,5,"4,8,11",9997
143,23,6,[NULL],9997
143,23,9,4,9998
143,23,4,3,9998
143,23,0,[NULL],9998
143,23,1,[NULL],9998
143,23,2,[NULL],9998
144,22,"8,9,11",7,2
144,22,"5,12",2,3
144,22,11,6,3
144,22,12,"0,2,4",3
144,22,9,6,9996
144,22,2,1,9996
144,22,4,[NULL],9996
144,22,7,5,9997
144,22,1,2,9997
144,22,6,9,9997
144,22,10,4,9998
144,22,"3,13","2,9",9998
144,22,13,9,9998
144,22,0,[NULL],9998
145,21,10,"0,6",2
145,21,9,[NULL],2
145,21,8,[NULL],9000
145,21,5,[NULL],9000
145,21,11,[NULL],9000
145,21,6,[NULL],9000
145,21,4,[NULL],9958
145,21,2,[NULL],9964
145,21,7,4,9996
145,21,1,[NULL],9996
145,21,3,[NULL],9996
145,21,0,[NULL],9998
146,20,7,4,2
146,20,9,6,2
146,20,"2,6",0,3
146,20,4,5,3
146,20,6,7,3
146,20,5,[NULL],9000
146,20,3,[NULL],9000
146,20,8,6,9998
146,20,0,5,9998
146,20,1,[NULL],9998
147,19,4,0,2
147,19,7,1,3
147,19,8,[NULL],9000
147,19,6,[NULL],9000
147,19,2,[NULL],9000
147,19,3,4,9997
147,19,"5,9","6,9",9998
147,19,9,9,9998
147,19,0,"3,6,7,9",9998
147,19,1,[NULL],9998
148,18,7,3,2
148,18,4,"1,3",2
148,18,11,4,2
148,18,"9,10",6,4
148,18,5,[NULL],9000
148,18,10,[NULL],9000
148,18,6,[NULL],9991
148,18,3,"3,7,11",9993
148,18,1,[NULL],9993
148,18,8,5,9997
148,18,0,[NULL],9997
148,18,2,4,9998
149,17,5,3,2
149,17,2,5,3
149,17,3,2,4
149,17,7,[NULL],9000
149,17,4,[NULL],9993
149,17,0,[NULL],9993
149,17,6,[NULL],9994
149,17,1,[NULL],9994
150,16,2,3,4
150,16,3,[NULL],9987
150,16,4,[NULL],9994
150,16,1,[NULL],9997
150,16,0,[NULL],9997
151,15,9,"0,4,5,7,8",2
151,15,3,[NULL],9993
151,15,"4,5",[NULL],9993
151,15,"6,8",[NULL],9994
151,15,7,[NULL],9994
151,15,2,5,9996
151,15,8,[NULL],9996
151,15,5,[NULL],9996
151,15,1,[NULL],9996
151,15,0,2,9997
152,14,4,1,3
152,14,8,11,3
152,14,11,[NULL],9990
152,14,9,[NULL],9991
152,14,"6,7",[NULL],9992
152,14,10,[NULL],9995
152,14,5,[NULL],9995
152,14,"0,1,3",[NULL],9996
152,14,3,[NULL],9996
152,14,2,[NULL],9996
152,14,7,8,9998
152,14,1,"4,8",9998
153,13,9,9,2
153,13,7,[NULL],9990
153,13,5,[NULL],9990
153,13,6,[NULL],9990
153,13,0,[NULL],9990
153,13,8,[NULL],9993
153,13,4,[NULL],9995
153,13,1,[NULL],9996
153,13,2,[NULL],9996
153,13,3,[NULL],9997
154,12,11,4,2
154,12,10,"4,6",2
154,12,14,"0,5",2
154,12,7,"1,3",2
154,12,13,"0,5,7",2
154,12,6,4,3
154,12,12,[NULL],9995
154,12,"2,4","0,4",9997
154,12,8,"3,4",9997
154,12,1,"2,8",9997
154,12,5,5,9997
154,12,9,4,9997
154,12,4,[NULL],9997
154,12,3,[NULL],9997
154,12,0,[NULL],9998
155,11,8,3,2
155,11,"9,10",1,2
155,11,12,6,2
155,11,5,6,3
155,11,10,[NULL],9991
155,11,4,[NULL],9993
155,11,6,[NULL],9995
155,11,1,[NULL],9997
155,11,7,10,9998
155,11,2,"4,11,14,15",9998
155,11,3,15,9998
155,11,11,12,9998
155,11,0,[NULL],9998
156,10,"4,5",[NULL],9996
156,10,"3,5","5,6",9997
156,10,"0,2","0,3,5,7,8,9",9997
156,10,5,14,9998
156,10,2,6,9998
156,10,1,[NULL],9998
157,9,2,"0,3",2
157,9,3,4,3
157,9,0,[NULL],9994
157,9,1,[NULL],9995
158,8,4,"0,2",2
158,8,1,[NULL],9996
158,8,3,[NULL],9996
158,8,5,[NULL],9996
158,8,2,4,9998
158,8,0,[NULL],9998
159,7,2,0,2
159,7,4,[NULL],9991
159,7,1,[NULL],9993
159,7,5,[NULL],9993
159,7,3,[NULL],9993
159,7,0,2,9996
160,6,3,"0,1",2
160,6,1,[NULL],9993
160,6,0,[NULL],9994
160,6,2,2,9998
161,5,2,0,2
161,5,0,[NULL],9994
161,5,1,7,9997
162,4,1,[NULL],9000
162,4,0,[NULL],9992
162,4,2,3,9998
163,3,1,[NULL],9992
163,3,0,[NULL],9992
0,167,0,[NULL],9000
4,163,0,[NULL],9000
4,163,1,[NULL],9000
8,159,0,[NULL],9000
111,56,0,[NULL],9000
112,55,0,[NULL],9000
114,53,1,0,2
114,53,0,2,3
115,52,0,[NULL],9000
115,52,1,[NULL],9000
118,49,0,0,2
119,48,0,"0,1",9998
121,46,2,3,2
121,46,1,1,2
121,46,0,[NULL],9998
122,45,2,2,9998
122,45,1,1,9998
122,45,0,[NULL],9998
123,44,2,1,2
123,44,1,0,3
123,44,0,[NULL],9998
124,43,1,1,2
124,43,0,[NULL],9998
125,42,1,2,9998
125,42,0,[NULL],9998
126,41,1,3,4
126,41,0,[NULL],9998
127,40,2,1,9996
127,40,1,"1,2",9998
127,40,0,[NULL],9998
128,39,1,1,9998
128,39,0,[NULL],9998
129,38,1,2,9998
129,38,0,[NULL],9998
130,37,4,4,2
130,37,3,"0,2,4",2
130,37,"2,5",2,3
130,37,0,[NULL],9997
130,37,5,2,9998
130,37,1,[NULL],9998
131,36,2,2,9996
131,36,1,"0,2",9996
131,36,3,3,9998
131,36,0,[NULL],9998
132,35,2,6,9998
132,35,0,[NULL],9998
132,35,1,[NULL],9998
133,34,3,3,9998
133,34,2,2,9998
133,34,0,[NULL],9998
133,34,1,[NULL],9998
134,33,2,1,3
134,33,4,6,9997
134,33,3,3,9998
134,33,0,[NULL],9998
134,33,1,[NULL],9998
135,32,3,3,9997
135,32,"2,4",[NULL],9997
135,32,5,4,9998
135,32,4,3,9998
135,32,0,[NULL],9998
135,32,1,[NULL],9998
136,31,3,6,9998
136,31,2,5,9998
136,31,0,[NULL],9998
136,31,1,[NULL],9998
137,30,"2,3",[NULL],3
137,30,3,4,9998
137,30,4,5,9998
137,30,0,[NULL],9998
137,30,1,[NULL],9998
138,29,3,5,9998
138,29,2,2,9998
138,29,4,6,9998
138,29,0,[NULL],9998
138,29,1,[NULL],9998
139,28,"4,5",1,2
139,28,6,"1,2,3",3
139,28,7,3,3
139,28,8,7,9997
139,28,"3,5",[NULL],9997
139,28,5,8,9998
139,28,9,7,9998
139,28,0,[NULL],9998
139,28,1,[NULL],9998
139,28,2,[NULL],9998
140,27,"3,5","2,5,10",2
140,27,7,10,2
140,27,5,"2,10",2
140,27,10,6,4
140,27,"6,8","3,6",9997
140,27,4,1,9998
140,27,8,6,9998
140,27,9,5,9998
140,27,0,[NULL],9998
140,27,1,[NULL],9998
140,27,2,[NULL],9998
141,26,5,2,3
141,26,"2,3","3,5",9998
141,26,4,8,9998
141,26,6,11,9998
141,26,3,3,9998
141,26,0,[NULL],9998
141,26,1,[NULL],9998
142,25,4,9,2
142,25,3,4,2
142,25,5,"5,6",9996
142,25,2,[NULL],9997
142,25,6,9,9998
142,25,0,[NULL],9998
142,25,1,[NULL],9998
143,24,4,10,2
143,24,"2,9","3,13",2
143,24,9,13,2
143,24,8,"1,9",3
143,24,6,[NULL],9000
143,24,5,9,9998
143,24,3,3,9998
143,24,7,10,9998
143,24,0,[NULL],9998
143,24,1,[NULL],9998
144,23,5,12,3
144,23,4,11,3
144,23,3,6,3
144,23,"2,6",[NULL],9997
144,23,6,10,9998
144,23,1,3,9998
144,23,0,[NULL],9998
145,22,6,8,2
145,22,5,"0,5",2
145,22,1,2,3
145,22,3,5,3
145,22,4,[NULL],9000
145,22,7,[NULL],9000
145,22,2,6,9998
145,22,0,[NULL],9998
146,21,"6,9","5,9",2
146,21,9,9,2
146,21,"3,7","0,4,5,9",2
146,21,"1,4","0,5",3
146,21,4,5,3
146,21,7,6,9996
146,21,"5,8",[NULL],9997
146,21,8,7,9998
146,21,2,"3,6",9998
146,21,0,[NULL],9998
147,20,4,2,2
147,20,2,6,9997
147,20,3,5,9997
147,20,1,[NULL],9997
147,20,0,[NULL],9998
148,19,3,6,9997
148,19,2,7,9998
148,19,0,[NULL],9998
148,19,1,[NULL],9998
149,18,4,4,9995
149,18,3,[NULL],9995
149,18,2,[NULL],9997
149,18,0,[NULL],9998
149,18,1,[NULL],9998
150,17,4,[NULL],9988
150,17,1,[NULL],9995
150,17,5,[NULL],9997
150,17,2,[NULL],9997
150,17,3,"2,6",9998
150,17,0,[NULL],9998
151,16,8,7,2
151,16,4,"1,7",2
151,16,"1,3,7,9","1,2,4",3
151,16,"6,7",7,3
151,16,7,7,5
151,16,"3,9",4,5
151,16,5,[NULL],9994
151,16,9,8,9996
151,16,0,5,9998
151,16,2,[NULL],9998
152,15,4,3,3
152,15,9,7,3
152,15,5,[NULL],9000
152,15,6,[NULL],9996
152,15,0,[NULL],9997
152,15,3,[NULL],9997
152,15,8,11,9998
152,15,7,12,9998
152,15,1,"6,11",9998
152,15,2,"7,11",9998
153,14,3,4,3
153,14,9,7,3
153,14,6,[NULL],9991
153,14,8,"10,11",9996
153,14,4,9,9997
153,14,7,4,9997
153,14,0,[NULL],9997
153,14,"1,2",[NULL],9997
153,14,2,[NULL],9997
153,14,5,6,9998
154,13,10,7,2
154,13,"4,11,14,15","2,8,9",2
154,13,15,3,2
154,13,12,11,2
154,13,14,8,3
154,13,11,[NULL],9994
154,13,7,[NULL],9996
154,13,9,[NULL],9996
154,13,1,[NULL],9996
154,13,"5,8",[NULL],9996
154,13,6,6,9997
154,13,8,3,9997
154,13,2,[NULL],9997
154,13,3,[NULL],9997
154,13,13,7,9998
154,13,0,[NULL],9998
155,12,14,5,2
155,12,6,0,2
155,12,11,4,3
155,12,12,[NULL],9989
155,12,7,[NULL],9990
155,12,4,[NULL],9994
155,12,2,[NULL],9995
155,12,5,[NULL],9996
155,12,"9,10,13",6,9997
155,12,"3,8",[NULL],9997
155,12,8,3,9998
155,12,1,"2,4,9",9998
155,12,"10,13",9,9998
155,12,13,7,9998
155,12,0,[NULL],9998
156,11,"2,3",[NULL],9990
156,11,3,[NULL],9995
156,11,7,[NULL],9995
156,11,8,[NULL],9995
156,11,5,[NULL],9995
156,11,1,[NULL],9996
156,11,6,7,9997
156,11,0,1,9998
156,11,4,4,9998
157,10,4,2,2
157,10,5,6,3
157,10,2,[NULL],9993
157,10,3,9,9996
157,10,0,9,9998
157,10,1,4,9998
158,9,6,"0,3",3
158,9,3,1,4
158,9,2,[NULL],9993
158,9,0,[NULL],9993
158,9,"5,7","7,9",9996
158,9,4,[NULL],9996
158,9,7,[NULL],9996
158,9,1,[NULL],9997
159,8,2,2,2
159,8,3,[NULL],9991
159,8,0,6,9996
159,8,1,5,9997
160,7,0,[NULL],9995
161,6,3,2,2
161,6,0,[NULL],9000
161,6,1,1,9997
161,6,2,3,9997
162,5,0,"1,3,5",9997
162,5,1,3,9997
0,168,0,[NULL],9000
4,164,0,[NULL],9000
4,164,1,[NULL],9000
8,160,0,[NULL],9000
114,54,0,[NULL],9998
115,53,2,0,3
115,53,1,0,4
115,53,0,[NULL],9000
115,53,3,[NULL],9000
116,52,0,0,4
117,51,0,0,9997
118,50,"0,1",0,2
118,50,1,0,9996
119,49,"1,2",0,3
119,49,2,0,4
119,49,0,0,9998
120,48,0,0,3
121,47,2,2,2
121,47,1,1,2
121,47,3,0,9996
121,47,0,[NULL],9996
122,46,2,0,3
122,46,1,3,9998
122,46,0,1,9998
123,45,0,2,4
124,44,2,1,2
124,44,1,3,3
124,44,0,0,4
125,43,1,0,9996
125,43,2,3,9998
125,43,0,1,9998
126,42,"1,2",1,2
126,42,2,0,3
126,42,3,3,4
126,42,0,0,9996
127,41,1,1,2
127,41,0,1,4
127,41,2,2,9996
128,40,2,1,2
128,40,1,4,4
128,40,0,2,9998
129,39,2,5,2
129,39,1,1,9996
129,39,0,"2,3",9998
130,38,3,3,2
130,38,"0,1",4,4
130,38,2,2,9996
130,38,1,3,9998
131,37,6,2,2
131,37,5,4,4
131,37,4,1,9996
131,37,2,0,9996
131,37,"1,3",[NULL],9997
131,37,3,3,9998
131,37,0,"1,3",9998
132,36,3,3,2
132,36,2,2,2
132,36,1,4,9998
132,36,0,"1,4",9998
133,35,3,3,2
133,35,"2,4",6,3
133,35,4,"2,3",9996
133,35,1,3,9998
133,35,0,"1,3",9998
134,34,4,5,2
134,34,3,4,2
134,34,1,3,3
134,34,2,5,9998
134,34,0,"3,5",9998
135,33,6,3,2
135,33,5,2,2
135,33,4,3,3
135,33,1,2,4
135,33,2,2,9997
135,33,3,5,9998
135,33,0,2,9998
136,32,4,3,2
136,32,5,4,2
136,32,3,"0,1,4",3
136,32,2,5,9998
136,32,0,2,9998
136,32,1,4,9998
137,31,5,3,2
137,31,2,2,2
137,31,6,4,2
137,31,4,2,9997
137,31,"1,3","2,5",9998
137,31,3,5,9998
137,31,0,[NULL],9998
138,30,8,5,2
138,30,7,9,2
138,30,2,"0,1,4,6",3
138,30,5,6,3
138,30,6,3,9996
138,30,"0,4","2,6",9998
138,30,4,6,9998
138,30,1,3,9998
138,30,3,5,9998
139,29,1,4,2
139,29,6,8,2
139,29,5,9,2
139,29,4,7,4
139,29,2,5,9998
139,29,3,6,9998
139,29,0,2,9998
140,28,"3,5","2,3",2
140,28,8,4,2
140,28,11,6,2
140,28,5,2,2
140,28,"9,10","1,2,11",3
140,28,10,"1,2",3
140,28,6,7,4
140,28,0,2,4
140,28,4,7,9998
140,28,2,6,9998
140,28,7,5,9998
140,28,1,2,9998
141,27,9,6,2
141,27,8,10,3
141,27,10,"3,5",9996
141,27,2,10,9998
141,27,"3,4","4,6",9998
141,27,7,12,9998
141,27,"4,5","6,11",9998
141,27,6,9,9998
141,27,5,11,9998
141,27,1,2,9998
141,27,0,"4,7,11,12",9998
142,26,9,5,2
142,26,3,3,2
142,26,10,7,2
142,26,8,7,3
142,26,"4,11","5,7",3
142,26,11,[NULL],9000
142,26,12,[NULL],9000
142,26,"0,2,7","3,5,6",9997
142,26,6,4,9997
142,26,7,7,9998
142,26,5,5,9998
142,26,2,"3,9",9998
142,26,1,2,9998
143,25,10,6,2
143,25,3,1,2
143,25,5,7,3
143,25,2,1,3
143,25,9,6,3
143,25,6,5,4
143,25,1,5,9997
143,25,8,[NULL],9997
143,25,4,4,9998
143,25,7,6,9998
143,25,0,3,9998
144,24,6,2,2
144,24,4,9,4
144,24,1,"3,11",4
144,24,"5,7",[NULL],9996
144,24,7,9,9998
144,24,3,7,9998
144,24,2,4,9998
144,24,0,3,9998
145,23,7,8,2
145,23,"3,6",2,2
145,23,6,"7,8",9996
145,23,4,6,9996
145,23,5,3,9997
145,23,1,5,9997
145,23,2,[NULL],9997
145,23,0,[NULL],9998
146,22,4,3,3
146,22,2,2,4
146,22,5,[NULL],9000
146,22,"7,8",[NULL],9000
146,22,8,4,9996
146,22,"1,3,6","0,1,3",9996
146,22,3,2,9996
146,22,0,[NULL],9996
146,22,6,4,9998
147,21,7,2,2
147,21,5,8,3
147,21,6,3,4
147,21,3,[NULL],9000
147,21,4,[NULL],9000
147,21,2,[NULL],9000
147,21,1,[NULL],9960
147,21,0,[NULL],9998
148,20,4,4,5
148,20,7,[NULL],9000
148,20,0,[NULL],9995
148,20,6,4,9997
148,20,5,[NULL],9997
148,20,2,[NULL],9997
148,20,3,5,9998
148,20,1,3,9998
149,19,"2,6",3,2
149,19,6,[NULL],9000
149,19,5,[NULL],9000
149,19,4,[NULL],9000
149,19,3,3,9996
149,19,1,4,9997
149,19,0,[NULL],9998
150,18,5,"0,5,6",2
150,18,2,0,3
150,18,"1,4",3,9997
150,18,3,5,9997
150,18,4,9,9998
150,18,0,[NULL],9998
151,17,11,8,2
151,17,12,7,2
151,17,6,"1,8,9",2
151,17,7,"0,2,8",2
151,17,9,[NULL],9995
151,17,10,[NULL],9996
151,17,8,6,9998
151,17,"1,2,5",8,9998
151,17,"0,4,5","0,8,9",9998
151,17,"4,5",[NULL],9998
151,17,"2,5",[NULL],9998
151,17,5,[NULL],9998
151,17,3,[NULL],9998
152,16,6,5,2
152,16,5,[NULL],9000
152,16,10,[NULL],9963
152,16,"4,8",[NULL],9993
152,16,8,[NULL],9993
152,16,7,8,9998
152,16,9,10,9998
152,16,"2,3","6,8",9998
152,16,3,"5,8",9998
152,16,0,[NULL],9998
152,16,1,[NULL],9998
153,15,7,13,2
153,15,"0,4","2,4",3
153,15,"3,4",8,3
153,15,"2,8",1,3
153,15,5,5,3
153,15,4,9,3
153,15,9,[NULL],9000
153,15,8,[NULL],9000
153,15,6,6,9996
153,15,1,[NULL],9998
154,14,3,3,2
154,14,"2,4,9",1,2
154,14,9,"10,13",2
154,14,7,13,2
154,14,4,[NULL],9000
154,14,6,[NULL],9986
154,14,5,13,9997
154,14,8,7,9998
154,14,0,[NULL],9998
154,14,1,[NULL],9998
155,13,1,0,2
155,13,4,4,2
155,13,"5,6","3,5",3
155,13,"0,3,6,7,8,9","0,2,3,4",3
155,13,6,[NULL],9000
155,13,3,[NULL],9000
155,13,"7,8,9",[NULL],9993
155,13,9,[NULL],9996
155,13,2,[NULL],9997
155,13,8,9,9998
156,12,9,"0,2",2
156,12,4,1,2
156,12,6,[NULL],9989
156,12,7,[NULL],9991
156,12,3,[NULL],9996
156,12,8,[NULL],9996
156,12,2,1,9997
156,12,5,7,9997
156,12,0,[NULL],9997
156,12,1,2,9998
157,11,8,[NULL],9996
157,11,5,[NULL],9996
157,11,6,[NULL],9996
157,11,3,[NULL],9996
157,11,2,[NULL],9996
157,11,7,[NULL],9997
157,11,4,[NULL],9997
157,11,0,[NULL],9998
157,11,1,[NULL],9998
158,10,6,2,4
158,10,5,[NULL],9992
158,10,3,[NULL],9993
158,10,4,[NULL],9994
158,10,8,"5,6",9996
158,10,7,[NULL],9997
158,10,0,[NULL],9997
158,10,2,[NULL],9997
158,10,1,[NULL],9997
159,9,6,[NULL],9995
159,9,"4,7",[NULL],9995
159,9,"5,7",[NULL],9995
159,9,2,[NULL],9995
159,9,7,8,9997
159,9,0,[NULL],9997
159,9,1,[NULL],9997
159,9,3,7,9998
160,8,7,1,3
160,8,2,[NULL],9993
160,8,5,[NULL],9995
160,8,"3,4",[NULL],9996
160,8,"0,1",[NULL],9996
160,8,6,[NULL],9997
160,8,4,5,9998
160,8,1,[NULL],9998
161,7,2,[NULL],9987
161,7,5,[NULL],9994
161,7,4,[NULL],9995
161,7,6,[NULL],9996
161,7,1,[NULL],9996
161,7,3,[NULL],9996
161,7,0,[NULL],9997
162,6,3,[NULL],9995
162,6,2,[NULL],9995
162,6,1,"1,11",9997
162,6,4,6,9997
162,6,5,"4,5",9998
162,6,0,[NULL],9998
163,5,1,[NULL],9994
163,5,2,11,9997
163,5,0,5,9998
164,4,1,[NULL],9000
164,4,0,[NULL],9989
164,4,2,3,9998
165,3,1,"0,1",9996
165,3,0,1,9998
0,169,0,[NULL],9000
4,165,0,[NULL],9000
4,165,1,[NULL],9000
8,161,0,[NULL],9000
113,56,0,[NULL],9000
115,54,1,[NULL],9000
115,54,2,[NULL],9000
115,54,0,[NULL],9000
117,52,0,1,9998
118,51,0,0,2
118,51,1,[NULL],9997
119,50,0,2,4
119,50,1,0,9998
120,49,0,[NULL],9997
121,48,3,1,2
121,48,1,0,2
121,48,2,0,9996
121,48,0,0,9998
122,47,"2,3",1,4
122,47,0,"0,1",9997
122,47,3,[NULL],9997
122,47,1,0,9998
123,46,1,2,4
123,46,0,0,4
124,45,3,2,2
124,45,1,0,2
124,45,2,2,9996
124,45,0,0,9997
125,44,1,1,9996
125,44,0,0,9996
126,43,2,3,4
126,43,3,4,4
126,43,1,1,9997
126,43,0,[NULL],9997
127,42,2,0,2
127,42,0,3,4
127,42,1,1,4
127,42,3,3,9996
128,41,"2,3",0,2
128,41,3,1,9996
128,41,0,2,9997
128,41,1,[NULL],9997
129,40,3,1,2
129,40,1,1,9996
129,40,0,0,9996
129,40,2,1,9998
130,39,3,3,2
130,39,1,"0,3",2
130,39,4,6,4
130,39,0,"3,6",4
130,39,2,[NULL],9997
131,38,4,1,2
131,38,1,"0,1",2
131,38,3,3,4
131,38,0,1,4
131,38,5,6,9996
131,38,2,1,9996
132,37,3,1,2
132,37,1,"0,1",2
132,37,2,[NULL],9997
132,37,0,"2,4",9998
133,36,5,2,2
133,36,3,"0,2",2
133,36,6,4,3
133,36,4,"1,3",9996
133,36,2,"1,2,3",9997
133,36,1,[NULL],9997
133,36,0,[NULL],9998
134,35,5,3,2
134,35,2,0,2
134,35,3,3,3
134,35,4,[NULL],3
134,35,"1,7",1,4
134,35,7,2,9997
134,35,6,2,9998
134,35,0,[NULL],9998
135,34,5,2,2
135,34,2,0,2
135,34,4,1,2
135,34,1,2,4
135,34,3,2,9997
135,34,0,[NULL],9998
136,33,"2,5","1,3",2
136,33,5,3,2
136,33,"3,4",[NULL],2
136,33,4,4,9996
136,33,1,3,9997
136,33,0,[NULL],9998
137,32,"2,6","0,4",2
137,32,6,4,2
137,32,3,1,2
137,32,5,3,2
137,32,1,"1,3",9996
137,32,4,3,9998
137,32,0,[NULL],9998
138,31,5,2,2
138,31,6,3,2
138,31,2,0,2
138,31,7,8,3
138,31,"1,3",4,4
138,31,"3,4",[NULL],9997
138,31,4,3,9998
138,31,0,[NULL],9998
139,30,7,4,2
139,30,6,2,2
139,30,5,7,2
139,30,2,1,2
139,30,3,"6,8",3
139,30,4,8,4
139,30,"0,1","2,4",4
139,30,1,[NULL],9998
140,29,10,2,2
140,29,"4,6","3,4",2
140,29,12,7,2
140,29,"6,11","4,5",2
140,29,9,6,2
140,29,11,5,2
140,29,2,1,2
140,29,7,"0,3,5,7",2
140,29,3,2,9996
140,29,"5,8",[NULL],9997
140,29,8,4,9998
140,29,"0,1",3,9998
140,29,1,[NULL],9998
141,28,7,7,2
141,28,5,5,2
141,28,"3,9",2,2
141,28,2,1,2
141,28,6,4,9996
141,28,9,2,9996
141,28,"0,1",[NULL],9996
141,28,"4,8","2,3",9998
141,28,8,3,9998
141,28,1,[NULL],9998
142,27,4,4,2
142,27,6,7,2
142,27,3,"0,6",2
142,27,5,[NULL],9000
142,27,"1,2","3,4",9997
142,27,0,[NULL],9998
142,27,2,[NULL],9998
143,26,9,7,2
143,26,7,3,2
143,26,4,2,2
143,26,3,"0,4",2
143,26,6,9,4
143,26,1,2,4
143,26,8,[NULL],9000
143,26,5,3,9998
143,26,0,[NULL],9998
143,26,2,[NULL],9998
144,25,4,7,4
144,25,6,[NULL],9000
144,25,1,[NULL],9970
144,25,5,"4,5",9996
144,25,3,"4,8,9",9998
144,25,7,9,9998
144,25,2,4,9998
144,25,0,[NULL],9998
145,24,4,6,2
145,24,3,7,9996
145,24,2,3,9996
145,24,0,[NULL],9998
145,24,1,[NULL],9998
146,23,6,2,3
146,23,5,3,3
146,23,4,6,6
146,23,3,[NULL],6
146,23,0,[NULL],9998
146,23,1,[NULL],9998
146,23,2,[NULL],9998
147,22,5,3,2
147,22,3,1,2
147,22,6,3,3
147,22,4,[NULL],9000
147,22,7,[NULL],9000
147,22,2,[NULL],9000
147,22,0,[NULL],9998
147,22,1,[NULL],9998
148,21,7,[NULL],9000
148,21,6,"9,10",9996
148,21,2,[NULL],9997
148,21,5,6,9998
148,21,4,8,9998
148,21,3,7,9998
148,21,0,3,9998
148,21,1,[NULL],9998
149,20,9,4,2
149,20,8,[NULL],9000
149,20,3,[NULL],9996
149,20,5,7,9997
149,20,6,6,9997
149,20,7,[NULL],9997
149,20,4,[NULL],9997
149,20,0,8,9998
149,20,1,[NULL],9998
149,20,2,[NULL],9998
150,19,6,8,2
150,19,8,"1,2,5",2
150,19,"0,9","0,1,2,4,9",2
150,19,5,2,4
150,19,9,[NULL],9000
150,19,7,5,9997
150,19,4,[NULL],9997
150,19,2,8,9998
150,19,1,[NULL],9998
150,19,3,[NULL],9998
151,18,8,7,2
151,18,10,9,2
151,18,6,"2,3,7",2
151,18,5,"3,7",2
151,18,9,[NULL],9988
151,18,4,[NULL],9993
151,18,3,[NULL],9997
151,18,2,[NULL],9997
151,18,1,[NULL],9997
151,18,7,7,9998
151,18,0,"2,4",9998
152,17,9,4,3
152,17,4,7,3
152,17,"6,7",[NULL],9000
152,17,8,[NULL],9994
152,17,"2,3",[NULL],9994
152,17,1,[NULL],9994
152,17,5,"9,11",9996
152,17,3,2,9997
152,17,7,6,9997
152,17,0,"2,9",9997
153,16,7,8,2
153,16,6,6,3
153,16,3,8,3
153,16,5,[NULL],9000
153,16,1,[NULL],9993
153,16,4,[NULL],9994
153,16,2,12,9998
153,16,0,[NULL],9998
154,15,9,8,2
154,15,6,"9,10,13",3
154,15,8,[NULL],9000
154,15,4,[NULL],9000
154,15,5,[NULL],9994
154,15,0,[NULL],9994
154,15,"2,7",[NULL],9995
154,15,7,6,9997
154,15,3,9,9998
154,15,1,4,9998
155,14,2,1,2
155,14,7,6,3
155,14,6,[NULL],9992
155,14,3,[NULL],9994
155,14,8,4,9997
155,14,"5,9",[NULL],9997
155,14,"4,9",[NULL],9997
155,14,9,10,9998
155,14,1,3,9998
155,14,0,"4,10",9998
156,13,5,[NULL],9000
156,13,3,[NULL],9984
156,13,4,[NULL],9990
156,13,"6,7",[NULL],9992
156,13,7,[NULL],9996
156,13,1,[NULL],9996
156,13,2,8,9998
156,13,0,[NULL],9998
157,12,3,[NULL],9995
157,12,2,[NULL],9996
157,12,4,6,9997
157,12,0,[NULL],9997
157,12,1,[NULL],9997
158,11,7,3,2
158,11,5,1,3
158,11,2,0,4
158,11,"3,4",[NULL],9995
158,11,8,13,9996
158,11,"1,4,6",[NULL],9997
158,11,"4,6","4,5,8",9998
158,11,6,"5,8",9998
158,11,0,"3,5,8",9998
159,10,5,4,2
159,10,8,[NULL],9993
159,10,2,5,9997
159,10,4,8,9997
159,10,7,[NULL],9997
159,10,3,"7,8",9998
159,10,6,11,9998
159,10,0,[NULL],9998
159,10,1,[NULL],9998
160,9,1,1,3
160,9,3,2,3
160,9,2,9,9997
160,9,4,8,9998
160,9,0,2,9998
161,8,"4,5",5,2
161,8,"1,3,5",0,3
161,8,3,1,3
161,8,5,[NULL],9993
161,8,2,[NULL],9995
161,8,0,[NULL],9998
162,7,5,0,2
162,7,4,[NULL],9995
162,7,2,"3,10",9997
162,7,6,8,9997
162,7,3,5,9997
162,7,1,[NULL],9997
162,7,"0,7","5,11",9998
162,7,7,11,9998
163,6,3,2,2
163,6,"0,2",[NULL],9997
163,6,2,7,9998
163,6,1,"3,12",9998
164,5,1,0,2
164,5,"0,2",[NULL],9995
164,5,2,11,9998
165,4,2,[NULL],9992
165,4,1,[NULL],9994
165,4,0,3,9998
0,170,0,[NULL],9000
4,166,0,[NULL],9000
4,166,1,[NULL],9000
8,162,0,[NULL],9000
113,57,0,[NULL],9000
115,55,1,[NULL],9000
115,55,2,[NULL],9000
115,55,0,[NULL],9000
116,54,1,0,2
116,54,0,0,3
118,52,0,1,2
119,51,0,1,9998
120,50,0,"0,2",2
121,49,0,1,2
122,48,0,0,9998
124,46,0,[NULL],9998
125,45,0,[NULL],9998
126,44,1,2,4
126,44,0,[NULL],9998
127,43,1,3,9996
127,43,0,[NULL],9998
128,42,1,2,2
128,42,0,[NULL],9998
129,41,3,3,9997
129,41,4,2,9998
129,41,0,"0,2,3",9998
129,41,2,3,9998
129,41,1,[NULL],9998
130,40,2,2,4
130,40,0,"1,2",4
130,40,3,3,9998
130,40,1,[NULL],9998
131,39,"2,4","0,2",2
131,39,3,2,9996
131,39,1,1,9996
131,39,4,3,9998
131,39,0,[NULL],9998
132,38,3,[NULL],9996
132,38,"2,4","0,3",9997
132,38,4,4,9998
132,38,0,5,9998
132,38,1,[NULL],9998
133,37,2,6,2
133,37,1,4,9998
133,37,0,[NULL],9998
134,36,2,2,3
134,36,3,3,9998
134,36,4,4,9998
134,36,0,[NULL],9998
134,36,1,[NULL],9998
135,35,2,4,9997
135,35,3,5,9998
135,35,0,[NULL],9998
135,35,1,[NULL],9998
136,34,3,4,2
136,34,2,4,3
136,34,5,4,9998
136,34,4,"3,5",9998
136,34,0,[NULL],9998
136,34,1,[NULL],9998
137,33,3,4,2
137,33,4,3,9998
137,33,2,2,9998
137,33,0,[NULL],9998
137,33,1,[NULL],9998
138,32,3,"3,5",9997
138,32,4,4,9998
138,32,2,5,9998
138,32,0,[NULL],9998
138,32,1,[NULL],9998
139,31,4,8,2
139,31,3,"0,1,4,5,8,10,11",2
139,31,5,4,9998
139,31,2,5,9998
139,31,0,[NULL],9998
139,31,1,[NULL],9998
140,30,"2,3","4,8",2
140,30,3,8,2
140,30,5,5,9998
140,30,6,4,9998
140,30,4,"5,6",9998
140,30,0,[NULL],9998
140,30,1,[NULL],9998
141,29,"3,5,6","0,2,7",3
141,29,4,6,3
141,29,"5,6",5,4
141,29,6,5,9998
141,29,7,4,9998
141,29,0,[NULL],9998
141,29,1,[NULL],9998
141,29,2,[NULL],9998
142,28,3,5,2
142,28,5,1,3
142,28,4,5,9998
142,28,6,3,9998
142,28,0,[NULL],9998
142,28,1,[NULL],9998
142,28,2,[NULL],9998
143,27,"4,8,9",3,2
143,27,9,7,2
143,27,8,"2,3,5,7",2
143,27,7,"5,6",9996
143,27,"3,5",6,9998
143,27,5,"5,6",9998
143,27,6,3,9998
143,27,0,[NULL],9998
143,27,1,[NULL],9998
143,27,2,[NULL],9998
144,26,3,5,3
144,26,5,1,3
144,26,1,[NULL],9990
144,26,4,6,9998
144,26,0,[NULL],9998
144,26,2,[NULL],9998
145,25,6,7,4
145,25,4,6,9997
145,25,"0,1,2,3,5",[NULL],9997
145,25,5,7,9998
145,25,"1,2,3",[NULL],9998
145,25,"2,3",[NULL],9998
145,25,3,[NULL],9998
146,24,7,[NULL],2
146,24,"5,6",[NULL],9000
146,24,"0,1,2,3,6",[NULL],9969
146,24,"2,6","3,6",9997
146,24,6,6,9997
146,24,3,[NULL],9997
146,24,4,5,9998
146,24,1,[NULL],9998
147,23,6,5,2
147,23,8,4,2
147,23,7,3,2
147,23,3,0,2
147,23,4,6,3
147,23,5,[NULL],9000
147,23,9,4,9996
147,23,0,[NULL],9998
147,23,1,[NULL],9998
147,23,2,[NULL],9998
148,22,8,"0,6",2
148,22,4,1,3
148,22,6,[NULL],9995
148,22,"3,5",[NULL],9997
148,22,5,9,9998
148,22,7,8,9998
148,22,0,[NULL],9998
148,22,1,[NULL],9998
148,22,2,[NULL],9998
149,21,8,"2,7",2
149,21,3,"1,4",3
149,21,5,3,3
149,21,6,[NULL],3
149,21,7,[NULL],9996
149,21,4,10,9998
149,21,0,[NULL],9998
149,21,1,[NULL],9998
149,21,2,[NULL],9998
150,20,7,7,2
150,20,"2,4","0,4,8",2
150,20,8,9,4
150,20,3,[NULL],9995
150,20,4,"3,4,6",9997
150,20,5,[NULL],9997
150,20,6,6,9998
150,20,1,3,9998
150,20,0,[NULL],9998
151,19,4,[NULL],9000
151,19,5,[NULL],9000
151,19,3,[NULL],9000
151,19,2,"2,5",9995
151,19,6,8,9998
151,19,1,2,9998
151,19,7,12,9998
151,19,0,[NULL],9998
152,18,12,2,2
152,18,"10,11",8,4
152,18,11,[NULL],9000
152,18,"6,7,14",[NULL],9971
152,18,7,[NULL],9995
152,18,8,[NULL],9995
152,18,13,[NULL],9995
152,18,"0,5",[NULL],9995
152,18,5,"3,5",9996
152,18,9,8,9997
152,18,14,12,9997
152,18,1,[NULL],9997
152,18,3,[NULL],9997
152,18,4,[NULL],9997
152,18,2,[NULL],9997
153,17,9,3,2
153,17,4,"1,4",2
153,17,13,5,3
153,17,7,[NULL],9000
153,17,8,[NULL],9994
153,17,3,[NULL],9994
153,17,11,[NULL],9994
153,17,"0,1,6",[NULL],9994
153,17,5,[NULL],9995
153,17,"6,12","3,8",9997
153,17,10,6,9997
153,17,12,8,9997
153,17,"1,2",2,9998
153,17,2,[NULL],9998
154,16,10,9,2
154,16,3,"1,5,6,9",2
154,16,4,"0,6,9",2
154,16,9,[NULL],9000
154,16,7,[NULL],9995
154,16,5,[NULL],9995
154,16,0,[NULL],9996
154,16,1,11,9997
154,16,6,4,9998
154,16,"2,8","1,5,7",9998
154,16,8,"5,7",9998
155,15,8,2,2
155,15,1,2,3
155,15,7,5,3
155,15,5,[NULL],9995
155,15,"4,6",[NULL],9995
155,15,2,"1,5",9997
155,15,6,5,9997
155,15,9,[NULL],9997
155,15,3,[NULL],9997
155,15,0,[NULL],9997
156,14,9,3,4
156,14,10,[NULL],9000
156,14,5,[NULL],9991
156,14,7,[NULL],9991
156,14,"2,8",[NULL],9993
156,14,4,[NULL],9993
156,14,8,7,9998
156,14,6,"7,8",9998
156,14,"1,3","2,8",9998
156,14,0,[NULL],9998
156,14,3,[NULL],9998
157,13,"4,5,8",1,2
157,13,"5,8","1,4",2
157,13,3,"0,3,4,5,6",2
157,13,"7,9","5,7",4
157,13,8,[NULL],9989
157,13,9,[NULL],9992
157,13,6,[NULL],9997
157,13,0,[NULL],9998
157,13,1,[NULL],9998
157,13,2,[NULL],9998
158,12,"7,8",3,2
158,12,11,6,2
158,12,8,5,3
158,12,6,0,4
158,12,10,[NULL],9969
158,12,"1,12",[NULL],9995
158,12,12,7,9996
158,12,3,[NULL],9996
158,12,5,11,9997
158,12,4,5,9998
158,12,9,3,9998
158,12,0,[NULL],9998
158,12,2,[NULL],9998
159,11,8,4,2
159,11,2,"0,3",2
159,11,6,[NULL],9969
159,11,9,[NULL],9994
159,11,5,13,9997
159,11,11,[NULL],9997
159,11,4,[NULL],9997
159,11,3,[NULL],9997
159,11,10,11,9998
159,11,7,6,9998
159,11,0,[NULL],9998
159,11,1,[NULL],9998
160,10,2,[NULL],9990
160,10,4,[NULL],9994
160,10,6,[NULL],9994
160,10,9,[NULL],9994
160,10,"7,8",[NULL],9994
160,10,3,[NULL],9995
160,10,5,12,9998
160,10,8,13,9998
160,10,1,"5,12",9998
160,10,0,[NULL],9998
161,9,"5,11","0,7",2
161,9,11,7,2
161,9,1,1,3
161,9,6,4,3
161,9,10,[NULL],9994
161,9,7,[NULL],9994
161,9,3,[NULL],9994
161,9,0,[NULL],9994
161,9,4,[NULL],9995
161,9,"2,9",[NULL],9995
161,9,9,8,9996
161,9,8,11,9998
162,8,7,0,2
162,8,"3,12",1,2
162,8,11,2,3
162,8,12,[NULL],9994
162,8,9,[NULL],9995
162,8,4,[NULL],9995
162,8,10,"2,8",9996
162,8,2,5,9997
162,8,8,10,9997
162,8,"6,13",[NULL],9997
162,8,13,10,9998
162,8,5,7,9998
162,8,0,"5,7,9",9998
162,8,1,"2,9,10",9998
163,7,11,"0,1",2
163,7,6,[NULL],9991
163,7,8,[NULL],9992
163,7,7,[NULL],9994
163,7,5,[NULL],9994
163,7,10,[NULL],9995
163,7,2,[NULL],9995
163,7,4,[NULL],9996
163,7,0,[NULL],9996
163,7,9,6,9997
163,7,3,2,9997
163,7,1,[NULL],9997
164,6,3,0,2
164,6,5,[NULL],9991
164,6,2,[NULL],9991
164,6,"4,6",[NULL],9994
164,6,0,[NULL],9996
164,6,1,[NULL],9997
164,6,6,4,9998
165,5,1,[NULL],9000
165,5,4,[NULL],9000
165,5,2,[NULL],9994
165,5,3,[NULL],9995
165,5,0,[NULL],9997
166,4,0,[NULL],9997
0,171,0,[NULL],9000
4,167,0,[NULL],9000
4,167,1,[NULL],9000
8,163,0,[NULL],9000
115,56,0,[NULL],9000
115,56,1,[NULL],9000
116,55,0,[NULL],9000
116,55,1,[NULL],9000
117,54,0,1,4
118,53,1,0,2
118,53,0,0,9998
119,52,1,0,9996
119,52,0,[NULL],9996
120,51,0,3,4
121,50,0,0,2
121,50,1,0,3
122,49,0,0,9996
122,49,1,1,9998
123,48,0,0,3
124,47,0,1,4
125,46,1,1,3
125,46,0,0,4
126,45,2,2,4
126,45,1,1,9996
126,45,0,1,9998
127,44,2,0,3
127,44,3,2,9996
127,44,1,2,9997
127,44,0,[NULL],9997
128,43,2,4,2
128,43,"0,3","0,4",2
128,43,3,2,2
128,43,1,1,4
129,42,3,3,2
129,42,2,2,4
129,42,1,4,9998
129,42,0,2,9998
130,41,3,4,2
130,41,1,4,4
130,41,0,2,4
130,41,2,"0,2",9996
131,40,4,4,2
131,40,5,0,2
131,40,2,2,9996
131,40,3,0,9996
131,40,0,1,9996
131,40,1,"4,5",9998
132,39,4,1,2
132,39,"1,2,3",2,3
132,39,"2,3",4,4
132,39,0,3,9998
132,39,3,5,9998
133,38,3,3,2
133,38,4,4,2
133,38,2,7,3
133,38,1,2,9998
133,38,0,"0,2",9998
134,37,5,3,2
134,37,2,3,3
134,37,4,1,9996
134,37,1,[NULL],9996
134,37,"3,6",3,9998
134,37,6,4,9998
134,37,0,"0,2,3,4",9998
135,36,4,5,2
135,36,"3,5",4,2
135,36,5,1,3
135,36,1,2,9997
135,36,2,3,9998
135,36,0,"1,3",9998
136,35,3,4,2
136,35,2,2,2
136,35,1,5,9998
136,35,0,"2,5",9998
137,34,4,4,2
137,34,5,2,2
137,34,3,6,4
137,34,2,4,9998
137,34,0,2,9998
137,34,1,3,9998
138,33,4,5,2
138,33,5,2,2
138,33,3,2,9997
138,33,2,4,9998
138,33,"0,1",2,9998
138,33,1,6,9998
139,32,5,5,2
139,32,4,6,2
139,32,6,"4,5",2
139,32,3,4,9996
139,32,2,4,9998
139,32,0,2,9998
139,32,1,3,9998
140,31,5,6,2
140,31,4,7,2
140,31,3,10,4
140,31,1,4,9998
140,31,"0,2","3,5",9998
140,31,2,5,9998
141,30,5,4,2
141,30,3,6,2
141,30,4,"1,2",3
141,30,2,6,9998
141,30,0,3,9998
141,30,1,5,9998
142,29,6,"3,5",2
142,29,5,3,2
142,29,3,6,2
142,29,4,2,9996
142,29,1,5,9998
142,29,2,6,9998
142,29,0,3,9998
143,28,6,4,2
143,28,7,[NULL],9000
143,28,"0,4","2,3,5,6",9997
143,28,4,4,9997
143,28,3,7,9998
143,28,5,6,9998
143,28,2,3,9998
143,28,1,[NULL],9998
144,27,7,5,2
144,27,8,6,4
144,27,6,4,4
144,27,"0,1,3","3,5",9997
144,27,"3,4",[NULL],9997
144,27,4,6,9998
144,27,5,5,9998
144,27,2,2,9998
144,27,1,3,9998
145,26,5,4,2
145,26,4,8,4
145,26,"0,1,3","1,3,6",4
145,26,2,3,4
145,26,3,8,9998
145,26,1,4,9998
146,25,"2,5",[NULL],2
146,25,3,"3,4",9996
146,25,5,7,9996
146,25,0,7,9997
146,25,4,7,9998
146,25,1,5,9998
147,24,9,3,2
147,24,8,7,2
147,24,5,[NULL],9000
147,24,0,[NULL],9000
147,24,7,5,9996
147,24,2,"0,1,3,4,5",9996
147,24,"3,4",[NULL],9997
147,24,4,6,9998
147,24,6,8,9998
147,24,1,4,9998
148,23,10,4,2
148,23,7,5,3
148,23,6,6,3
148,23,3,3,4
148,23,4,4,5
148,23,5,[NULL],9000
148,23,2,[NULL],9972
148,23,9,9,9997
148,23,"0,1",4,9998
148,23,8,8,9998
148,23,1,"6,8",9998
149,22,6,6,2
149,22,3,"1,4,5",2
149,22,5,7,3
149,22,8,[NULL],9000
149,22,1,[NULL],9000
149,22,7,[NULL],9995
149,22,9,9,9998
149,22,2,6,9998
149,22,4,5,9998
149,22,0,[NULL],9998
150,21,8,6,2
150,21,2,1,2
150,21,12,7,2
150,21,10,[NULL],9000
150,21,3,[NULL],9990
150,21,11,[NULL],9992
150,21,6,4,9996
150,21,4,"2,6",9997
150,21,9,"6,7",9997
150,21,5,[NULL],9997
150,21,7,7,9998
150,21,1,4,9998
150,21,0,[NULL],9998
151,20,2,3,3
151,20,6,7,3
151,20,9,"0,3",3
151,20,"8,10","4,6,10",9996
151,20,"1,5","1,5,9",9997
151,20,5,5,9997
151,20,4,"6,7",9997
151,20,10,15,9998
151,20,7,12,9998
151,20,3,6,9998
151,20,0,14,9998
152,19,2,"1,2,5,8,9",2
152,19,6,6,4
152,19,3,[NULL],9994
152,19,"0,4","1,6",9997
152,19,4,6,9997
152,19,5,10,9998
152,19,1,6,9998
153,18,4,6,2
153,18,"1,5,7","0,2,8",2
153,18,"5,7",8,2
153,18,6,7,3
153,18,7,[NULL],9000
153,18,3,3,9996
153,18,2,2,9996
153,18,0,7,9998
154,17,4,8,3
154,17,5,[NULL],9000
154,17,2,9,9998
154,17,1,5,9998
154,17,"3,6",13,9998
154,17,6,"12,13",9998
154,17,0,[NULL],9998
155,16,7,8,2
155,16,8,"6,8",2
155,16,2,"1,2,3,5,6,7",2
155,16,6,[NULL],9000
155,16,"3,5","2,5",9997
155,16,4,3,9997
155,16,5,[NULL],9997
155,16,1,[NULL],9997
155,16,0,[NULL],9998
156,15,6,4,3
156,15,3,[NULL],9000
156,15,5,[NULL],9994
156,15,2,[NULL],9995
156,15,4,5,9998
156,15,1,3,9998
156,15,0,[NULL],9998
157,14,5,4,2
157,14,3,9,2
157,14,6,8,4
157,14,4,[NULL],9990
157,14,2,[NULL],9997
157,14,0,[NULL],9998
157,14,1,[NULL],9998
158,13,11,10,2
158,13,6,7,2
158,13,9,[NULL],2
158,13,5,2,3
158,13,8,"4,8",3
158,13,3,[NULL],9995
158,13,"1,10,12",[NULL],9995
158,13,12,9,9996
158,13,4,[NULL],9997
158,13,7,8,9998
158,13,10,12,9998
158,13,0,[NULL],9998
158,13,2,[NULL],9998
159,12,12,5,2
159,12,13,8,2
159,12,5,"1,5",2
159,12,4,[NULL],2
159,12,9,2,3
159,12,10,[NULL],9990
159,12,14,[NULL],9995
159,12,6,[NULL],9995
159,12,2,[NULL],9995
159,12,"7,8,11",6,9997
159,12,11,9,9998
159,12,8,"9,11",9998
159,12,0,"5,11",9998
159,12,1,[NULL],9998
159,12,3,[NULL],9998
160,11,11,"0,5,8",2
160,11,"3,4",[NULL],9992
160,11,10,[NULL],9993
160,11,8,[NULL],9995
160,11,9,[NULL],9995
160,11,6,[NULL],9995
160,11,"2,4",[NULL],9996
160,11,"0,5,7",[NULL],9996
160,11,5,12,9997
160,11,7,"6,9",9997
160,11,4,[NULL],9997
160,11,1,[NULL],9998
161,10,10,13,2
161,10,7,5,2
161,10,"5,9","0,5,6,13",2
161,10,"2,9","1,13",2
161,10,3,2,3
161,10,8,6,3
161,10,9,3,3
161,10,6,3,9996
161,10,4,11,9997
161,10,0,"9,10",9998
161,10,1,4,9998
162,9,9,[NULL],9993
162,9,6,[NULL],9995
162,9,"2,8",[NULL],9995
162,9,"5,7","7,10",9996
162,9,8,[NULL],9996
162,9,0,[NULL],9996
162,9,3,2,9997
162,9,7,7,9997
162,9,4,[NULL],9997
162,9,1,[NULL],9997
163,8,4,6,2
163,8,1,[NULL],9993
163,8,0,[NULL],9996
163,8,3,11,9997
163,8,2,[NULL],9997
164,7,"0,1",1,4
164,7,1,[NULL],9994
165,6,1,[NULL],9996
165,6,0,[NULL],9998
166,5,0,[NULL],9989
0,172,0,[NULL],9000
4,168,0,[NULL],9000
4,168,1,[NULL],9000
8,164,0,[NULL],9000
114,58,0,[NULL],9000
115,57,0,[NULL],9000
117,55,0,0,2
119,53,1,[NULL],9995
119,53,0,[NULL],9997
120,52,0,2,4
121,51,1,1,2
121,51,0,[NULL],9997
122,50,0,0,9996
123,49,2,2,4
123,49,"0,1",0,9997
123,49,1,[NULL],9997
124,48,1,1,4
124,48,0,0,4
125,47,1,0,2
125,47,"0,2",0,9997
125,47,2,1,9997
126,46,3,3,4
126,46,2,"1,2",9996
126,46,0,0,9996
126,46,1,1,9998
127,45,1,3,4
127,45,2,3,9996
127,45,0,1,9997
128,44,4,1,2
128,44,2,0,2
128,44,3,3,3
128,44,1,1,4
128,44,0,0,4
129,43,3,1,9996
129,43,0,3,9997
129,43,4,3,9998
129,43,"1,2",1,9998
129,43,2,2,9998
130,42,"4,5",1,2
130,42,6,5,4
130,42,1,2,4
130,42,5,1,9996
130,42,0,0,9996
130,42,2,3,9997
130,42,3,1,9997
131,41,3,0,2
131,41,5,3,2
131,41,0,"2,4",3
131,41,4,3,9996
131,41,1,1,9996
131,41,2,[NULL],9997
132,40,2,1,2
132,40,0,"0,1",2
132,40,"1,3",4,4
132,40,3,4,9998
133,39,3,"3,6",2
133,39,4,6,2
133,39,"0,2","0,2,3",2
133,39,2,"0,2",9996
133,39,1,[NULL],9997
134,38,3,2,2
134,38,1,"0,2",2
134,38,4,2,3
134,38,2,1,9996
134,38,0,2,9998
135,37,5,1,2
135,37,2,"0,1",2
135,37,4,4,4
135,37,3,[NULL],9996
135,37,1,2,9997
135,37,0,[NULL],9998
136,36,4,2,2
136,36,2,0,2
136,36,3,1,2
136,36,1,1,4
136,36,0,[NULL],9998
137,35,4,2,2
137,35,2,"0,1",2
137,35,6,1,2
137,35,"3,5",3,3
137,35,5,"4,5",9996
137,35,1,4,9997
137,35,0,[NULL],9998
138,34,4,2,2
138,34,2,0,2
138,34,3,1,2
138,34,1,1,9996
138,34,0,[NULL],9998
139,33,4,1,2
139,33,"3,5","0,2",2
139,33,5,2,2
139,33,2,3,4
139,33,0,[NULL],9997
139,33,1,[NULL],9998
140,32,6,2,2
140,32,3,0,2
140,32,5,1,2
140,32,4,6,4
140,32,2,9,4
140,32,"0,1",[NULL],9970
140,32,1,[NULL],9998
141,31,5,1,2
141,31,6,2,2
141,31,3,0,2
141,31,2,"1,3",9996
141,31,4,[NULL],9997
141,31,"0,1","2,3",9998
141,31,1,[NULL],9998
142,30,7,3,2
142,30,6,5,2
142,30,3,2,2
142,30,4,1,9996
142,30,5,"3,6,7",9996
142,30,"0,2","2,5,6",9997
142,30,1,[NULL],9997
142,30,2,[NULL],9998
143,29,6,4,2
143,29,5,5,2
143,29,2,2,2
143,29,3,"0,4",2
143,29,4,5,4
143,29,"0,1",3,9997
143,29,1,[NULL],9998
144,28,8,3,2
144,28,4,1,2
144,28,6,4,3
144,28,"2,5",[NULL],3
144,28,7,3,4
144,28,3,2,4
144,28,5,[NULL],9000
144,28,0,[NULL],9998
144,28,1,[NULL],9998
145,27,7,4,2
145,27,5,1,2
145,27,"3,6","2,6",3
145,27,6,6,3
145,27,8,4,9996
145,27,"1,2","6,7",9997
145,27,4,4,9998
145,27,0,[NULL],9998
145,27,2,[NULL],9998
146,26,6,3,2
146,26,8,6,2
146,26,4,"1,7",2
146,26,10,[NULL],9000
146,26,9,5,9996
146,26,"2,7,11","0,1,3",9996
146,26,7,6,9997
146,26,11,"6,9",9997
146,26,5,[NULL],9997
146,26,0,[NULL],9998
146,26,1,[NULL],9998
146,26,3,[NULL],9998
147,25,4,"0,1",2
147,25,8,8,2
147,25,6,"1,8",2
147,25,7,[NULL],3
147,25,"9,10",6,4
147,25,"3,11",3,7
147,25,10,7,9997
147,25,11,9,9997
147,25,2,[NULL],9997
147,25,5,2,9998
147,25,0,[NULL],9998
147,25,1,[NULL],9998
148,24,9,9,2
148,24,6,2,2
148,24,5,4,2
148,24,8,[NULL],9000
148,24,2,[NULL],9000
148,24,3,3,9998
148,24,4,5,9998
148,24,7,7,9998
148,24,0,[NULL],9998
148,24,1,[NULL],9998
149,23,7,7,2
149,23,4,1,2
149,23,"3,6",4,3
149,23,8,[NULL],9000
149,23,6,"7,8",9996
149,23,1,1,9997
149,23,5,4,9997
149,23,2,8,9997
149,23,0,[NULL],9998
150,22,15,10,2
150,22,12,7,2
150,22,6,3,2
150,22,14,0,2
150,22,"9,10",[NULL],9000
150,22,7,[NULL],9993
150,22,"4,10","3,4",9996
150,22,10,4,9996
150,22,3,"1,3",9996
150,22,13,"5,7",9997
150,22,"5,11","1,4",9998
150,22,11,4,9998
150,22,8,3,9998
150,22,0,"2,3,6,7",9998
150,22,1,[NULL],9998
150,22,2,[NULL],9998
151,21,10,5,2
151,21,6,1,2
151,21,8,9,3
151,21,12,14,3
151,21,3,[NULL],3
151,21,"9,11",5,4
151,21,"4,5",[NULL],9000
151,21,"7,11",5,9997
151,21,"11,13",[NULL],9997
151,21,2,[NULL],9997
151,21,13,9,9998
151,21,5,4,9998
151,21,0,8,9998
151,21,1,[NULL],9998
152,20,7,"0,3",2
152,20,"3,8","0,1,12",3
152,20,6,10,3
152,20,8,"0,1,6,12",3
152,20,5,[NULL],9000
152,20,4,[NULL],9997
152,20,2,"2,3",9998
152,20,0,8,9998
152,20,1,[NULL],9998
153,19,9,2,2
153,19,5,1,2
153,19,13,"3,6",2
153,19,12,3,2
153,19,11,1,3
153,19,8,[NULL],9000
153,19,7,[NULL],9000
153,19,6,[NULL],9000
153,19,4,[NULL],9000
153,19,1,[NULL],9971
153,19,3,4,9996
153,19,2,[NULL],9996
153,19,10,4,9997
153,19,0,6,9998
154,18,"1,5",2,3
154,18,5,6,3
154,18,8,[NULL],3
154,18,7,[NULL],9000
154,18,3,[NULL],9990
154,18,6,5,9997
154,18,2,[NULL],9997
154,18,4,4,9998
154,18,0,2,9998
155,17,5,4,2
155,17,3,1,2
155,17,2,[NULL],9997
155,17,4,[NULL],9997
155,17,1,[NULL],9997
155,17,0,[NULL],9998
156,16,9,[NULL],9000
156,16,7,[NULL],9963
156,16,4,[NULL],9987
156,16,5,[NULL],9993
156,16,8,[NULL],9995
156,16,2,"3,4,5,6",9998
156,16,6,6,9998
156,16,3,4,9998
156,16,0,[NULL],9998
156,16,1,[NULL],9998
157,15,8,7,2
157,15,12,10,2
157,15,11,5,3
157,15,13,8,4
157,15,10,[NULL],9000
157,15,6,[NULL],9000
157,15,9,[NULL],9000
157,15,5,[NULL],9989
157,15,7,5,9996
157,15,0,[NULL],9996
157,15,1,[NULL],9996
157,15,"3,4",[NULL],9996
157,15,2,[NULL],9998
157,15,4,[NULL],9998
158,14,9,11,2
158,14,11,"8,11",2
158,14,5,"0,7",2
158,14,13,5,3
158,14,1,[NULL],9971
158,14,6,[NULL],9988
158,14,8,[NULL],9988
158,14,"0,7",[NULL],9995
158,14,14,12,9996
158,14,4,[NULL],9996
158,14,"3,12",[NULL],9996
158,14,12,8,9997
158,14,7,7,9997
158,14,10,6,9998
158,14,2,"3,6",9998
159,13,7,[NULL],9000
159,13,6,[NULL],9992
159,13,5,[NULL],9993
159,13,"8,9,10",[NULL],9993
159,13,4,[NULL],9995
159,13,11,[NULL],9996
159,13,"0,1,2,9",3,9997
159,13,10,8,9997
159,13,1,[NULL],9997
159,13,3,[NULL],9997
159,13,9,9,9998
159,13,2,5,9998
160,12,"9,10",0,2
160,12,4,1,2
160,12,7,[NULL],9993
160,12,10,[NULL],9993
160,12,"2,5",[NULL],9994
160,12,5,[NULL],9996
160,12,8,4,9997
160,12,6,[NULL],9997
160,12,11,[NULL],9997
160,12,1,[NULL],9997
160,12,3,"10,12",9998
160,12,0,[NULL],9998
161,11,5,2,3
161,11,10,8,3
161,11,9,[NULL],9996
161,11,6,[NULL],9996
161,11,7,[NULL],9996
161,11,"0,2",[NULL],9996
161,11,"1,11,12",[NULL],9996
161,11,"11,12",5,9997
161,11,12,[NULL],9997
161,11,4,[NULL],9997
161,11,8,7,9998
161,11,3,"3,7,9",9998
161,11,2,9,9998
162,10,6,9,3
162,10,2,3,3
162,10,5,"9,11",9996
162,10,3,13,9997
162,10,7,[NULL],9997
162,10,"4,8",[NULL],9997
162,10,"1,8",[NULL],9997
162,10,8,9,9998
162,10,0,[NULL],9998
163,9,"4,5",[NULL],9992
163,9,5,17,9997
163,9,"0,2",[NULL],9997
163,9,3,7,9998
163,9,2,[NULL],9998
163,9,1,[NULL],9998
164,8,5,[NULL],3
164,8,2,[NULL],9992
164,8,4,[NULL],9995
164,8,3,[NULL],9995
164,8,0,[NULL],9998
164,8,1,[NULL],9998
165,7,3,[NULL],9992
165,7,4,[NULL],9993
165,7,"1,2",[NULL],9996
165,7,2,[NULL],9997
165,7,0,1,9998
166,6,3,[NULL],9987
166,6,1,4,9998
166,6,2,"2,3",9998
166,6,0,1,9998
167,5,1,[NULL],9996
167,5,0,10,9997
168,4,3,[NULL],9995
168,4,2,1,9998
168,4,0,"0,1",9998
168,4,1,[NULL],9998
169,3,0,"0,1,2",9996
169,3,1,"2,3",9996
0,173,0,[NULL],9000
4,169,0,[NULL],9000
4,169,1,[NULL],9000
8,165,0,[NULL],9000
115,58,0,[NULL],9000
117,56,0,[NULL],9000
117,56,1,[NULL],9000
119,54,0,[NULL],9000
125,48,1,1,2
125,48,0,[NULL],9998
126,47,2,1,3
126,47,3,1,4
126,47,1,0,9998
126,47,0,[NULL],9998
127,46,1,0,9996
127,46,0,[NULL],9998
128,45,3,4,2
128,45,1,"1,2",2
128,45,2,2,2
128,45,0,[NULL],9998
129,44,2,1,9998
129,44,1,0,9998
129,44,0,[NULL],9998
130,43,2,3,4
130,43,1,1,4
130,43,0,[NULL],9998
131,42,4,3,2
131,42,3,2,9996
131,42,2,1,9996
131,42,1,3,9998
131,42,0,[NULL],9998
132,41,2,5,9998
132,41,1,"2,4",9998
132,41,0,[NULL],9998
133,40,2,0,2
133,40,1,1,9998
133,40,0,[NULL],9998
134,39,2,1,3
134,39,1,2,9998
134,39,0,[NULL],9998
135,38,2,"2,3",9996
135,38,3,3,9998
135,38,0,[NULL],9998
135,38,1,[NULL],9998
136,37,2,4,9998
136,37,0,[NULL],9998
136,37,1,[NULL],9998
137,36,2,3,3
137,36,3,5,9998
137,36,0,[NULL],9998
137,36,1,[NULL],9998
138,35,5,4,9997
138,35,6,5,9998
138,35,4,3,9998
138,35,0,"1,3,4",9998
138,35,3,4,9998
138,35,1,[NULL],9998
138,35,2,[NULL],9998
139,34,2,5,9998
139,34,3,6,9998
139,34,0,[NULL],9998
139,34,1,[NULL],9998
140,33,"2,3","0,1,4,5",2
140,33,3,3,9998
140,33,4,4,9998
140,33,0,[NULL],9998
140,33,1,[NULL],9998
141,32,4,5,9998
141,32,0,7,9998
141,32,3,6,9998
141,32,1,[NULL],9998
141,32,2,[NULL],9998
142,31,"2,3,5,6","0,4",3
142,31,4,4,3
142,31,"5,6",7,4
142,31,7,7,9998
142,31,3,8,9998
142,31,6,4,9998
142,31,0,[NULL],9998
142,31,1,[NULL],9998
143,30,"3,5","0,1,3",3
143,30,5,5,9998
143,30,4,4,9998
143,30,0,[NULL],9998
143,30,1,[NULL],9998
143,30,2,[NULL],9998
144,29,4,4,2
144,29,5,9,9997
144,29,3,[NULL],9997
144,29,6,6,9998
144,29,7,5,9998
144,29,0,[NULL],9998
144,29,1,[NULL],9998
144,29,2,[NULL],9998
145,28,7,0,3
145,28,5,[NULL],9996
145,28,"4,8","2,6",9997
145,28,3,2,9998
145,28,8,8,9998
145,28,6,6,9998
145,28,0,[NULL],9998
145,28,1,[NULL],9998
145,28,2,[NULL],9998
146,27,2,5,2
146,27,4,9,4
146,27,3,8,9998
146,27,0,[NULL],9998
146,27,1,[NULL],9998
147,26,3,3,2
147,26,5,4,2
147,26,7,7,2
147,26,9,9,3
147,26,6,[NULL],9000
147,26,"0,2",[NULL],9971
147,26,4,3,9998
147,26,8,8,9998
147,26,2,[NULL],9998
147,26,1,[NULL],9998
148,25,4,[NULL],9000
148,25,5,[NULL],9000
148,25,8,3,9996
148,25,2,3,9998
148,25,3,5,9998
148,25,6,11,9998
148,25,7,12,9998
148,25,0,[NULL],9998
148,25,1,[NULL],9998
149,24,"1,4","5,11",2
149,24,4,11,2
149,24,3,8,2
149,24,"2,6,7","0,8,12",2
149,24,7,4,3
149,24,6,"4,9",3
149,24,5,"8,9",9998
149,24,0,[NULL],9998
150,23,9,13,2
150,23,4,"5,11,13",2
150,23,8,"0,7,10,13",2
150,23,"1,5","1,5",3
150,23,5,5,3
150,23,"6,7",4,3
150,23,7,5,9997
150,23,3,7,9998
150,23,2,6,9998
150,23,0,[NULL],9998
151,22,"2,3",2,2
151,22,8,"0,5",2
151,22,"1,6","0,4",3
151,22,6,4,3
151,22,"3,5",0,4
151,22,7,[NULL],9997
151,22,9,10,9998
151,22,5,4,9998
151,22,4,9,9998
151,22,0,[NULL],9998
152,21,6,"0,2,6",2
152,21,4,[NULL],9000
152,21,3,[NULL],9996
152,21,5,6,9997
152,21,2,4,9997
152,21,1,"3,9",9998
152,21,0,[NULL],9998
153,20,4,4,2
153,20,2,0,2
153,20,3,[NULL],9000
153,20,6,7,9997
153,20,5,6,9998
153,20,0,[NULL],9998
153,20,1,[NULL],9998
154,19,"2,5","3,5",3
154,19,3,4,3
154,19,5,[NULL],9991
154,19,4,[NULL],9996
154,19,1,2,9998
154,19,0,[NULL],9998
155,18,"3,4,5,6",2,2
155,18,6,6,2
155,18,4,3,2
155,18,2,[NULL],9992
155,18,5,7,9995
155,18,1,[NULL],9995
155,18,0,[NULL],9998
156,17,8,7,9995
156,17,9,[NULL],9995
156,17,7,[NULL],9995
156,17,"6,10",[NULL],9995
156,17,10,[NULL],9996
156,17,5,[NULL],9996
156,17,4,4,9997
156,17,0,3,9998
156,17,1,[NULL],9998
156,17,2,[NULL],9998
156,17,3,[NULL],9998
157,16,6,10,2
157,16,3,"2,9,10,11",2
157,16,7,12,4
157,16,5,[NULL],9000
157,16,4,[NULL],9000
157,16,1,[NULL],9992
157,16,0,[NULL],9997
157,16,2,[NULL],9997
158,15,9,9,2
158,15,5,2,2
158,15,6,"7,8,11",3
158,15,8,[NULL],9000
158,15,4,[NULL],9972
158,15,11,15,9996
158,15,10,[NULL],9996
158,15,2,"3,7",9997
158,15,7,7,9997
158,15,0,[NULL],9998
158,15,1,[NULL],9998
158,15,3,[NULL],9998
159,14,"10,12",3,2
159,14,12,5,3
159,14,"6,9",7,3
159,14,9,9,9996
159,14,5,4,9997
159,14,7,7,9997
159,14,11,[NULL],9997
159,14,1,[NULL],9997
159,14,"2,4",[NULL],9997
159,14,4,[NULL],9997
159,14,8,10,9998
159,14,3,"5,10",9998
159,14,0,[NULL],9998
160,13,7,8,2
160,13,"3,9","3,6,7,8,10",2
160,13,9,"2,6",2
160,13,11,4,3
160,13,8,9,4
160,13,"5,6",[NULL],9994
160,13,6,10,9997
160,13,4,7,9997
160,13,10,[NULL],9997
160,13,"1,2",[NULL],9997
160,13,2,[NULL],9997
160,13,0,[NULL],9998
161,12,9,1,2
161,12,2,3,3
161,12,7,7,3
161,12,8,10,4
161,12,1,[NULL],9987
161,12,5,[NULL],9988
161,12,4,[NULL],9990
161,12,10,14,9997
161,12,6,8,9997
161,12,3,12,9997
161,12,0,6,9998
162,11,7,"0,2,3",2
162,11,11,3,3
162,11,9,[NULL],9993
162,11,12,[NULL],9993
162,11,4,[NULL],9994
162,11,3,[NULL],9995
162,11,10,8,9996
162,11,6,5,9996
162,11,5,15,9997
162,11,"0,2","12,15",9997
162,11,8,"5,8,9",9998
162,11,"1,2","0,3,4,5,8",9998
162,11,2,[NULL],9998
163,10,9,[NULL],9991
163,10,7,[NULL],9993
163,10,4,4,9996
163,10,8,11,9996
163,10,2,4,9997
163,10,5,"8,10",9998
163,10,6,15,9998
163,10,"0,1,3","0,4,5,6,8,9,12,14,15,17",9998
163,10,1,"0,1,3,6,9,11,12,15,16,17",9998
163,10,3,"14,16",9998
164,9,1,"0,1,2",2
164,9,3,"5,6",9996
164,9,2,[NULL],9997
164,9,0,[NULL],9998
165,8,4,1,2
165,8,"2,3",2,2
165,8,1,0,2
165,8,3,[NULL],9993
165,8,0,[NULL],9994
166,7,"1,3",[NULL],9996
166,7,4,[NULL],9997
166,7,2,[NULL],9997
166,7,5,11,9998
166,7,0,"6,11,12",9998
166,7,3,[NULL],9998
167,6,1,2,2
167,6,0,"0,2",2
167,6,2,[NULL],9000
168,5,2,[NULL],9992
168,5,1,9,9998
168,5,0,"4,9",9998
169,4,1,"2,3,4",9996
169,4,2,9,9996
169,4,0,[NULL],9997
0,174,0,[NULL],9000
4,170,0,[NULL],9000
4,170,1,[NULL],9000
8,166,0,[NULL],9000
115,59,0,[NULL],9000
117,57,0,[NULL],9000
117,57,1,[NULL],9000
118,56,0,1,4
119,55,0,[NULL],9000
119,55,1,0,9998
120,54,1,1,9997
120,54,0,[NULL],9997
121,53,0,0,4
122,52,0,"0,1",3
123,51,0,0,9996
124,50,0,"0,2",3
124,50,1,2,3
124,50,2,0,9996
125,49,0,1,2
125,49,1,1,4
126,48,1,0,3
126,48,2,3,4
126,48,0,1,9998
127,47,1,"0,1",9995
127,47,0,0,9996
128,46,1,2,2
128,46,0,1,2
128,46,3,0,3
128,46,2,2,9998
129,45,3,2,3
129,45,1,3,3
129,45,"0,2",2,4
129,45,2,2,9998
130,44,3,1,2
130,44,2,2,4
130,44,0,3,4
130,44,1,0,4
131,43,5,2,2
131,43,"2,4",1,2
131,43,3,3,9996
131,43,4,4,9996
131,43,0,1,9996
131,43,1,[NULL],9996
132,42,1,1,2
132,42,0,2,9996
133,41,2,1,2
133,41,1,4,4
133,41,0,[NULL],9998
134,40,3,3,2
134,40,2,1,3
134,40,"0,1",0,9998
134,40,1,2,9998
135,39,4,2,2
135,39,1,0,9996
135,39,3,1,9996
135,39,"0,2",[NULL],9996
135,39,2,3,9998
136,38,5,3,2
136,38,4,1,3
136,38,1,[NULL],9997
136,38,"2,3","3,4",9998
136,38,3,3,9998
136,38,0,"0,3",9998
137,37,5,6,2
137,37,3,4,2
137,37,"1,4","0,4",2
137,37,4,3,2
137,37,2,6,9998
137,37,0,"2,6",9998
138,36,5,2,2
138,36,6,3,2
138,36,4,3,4
138,36,2,5,9998
138,36,1,2,9998
138,36,3,6,9998
138,36,0,3,9998
139,35,3,3,2
139,35,4,4,2
139,35,1,5,9998
139,35,"0,2",3,9998
139,35,2,7,9998
140,34,5,4,2
140,34,7,0,2
140,34,6,3,2
140,34,4,3,9997
140,34,1,[NULL],9997
140,34,3,5,9998
140,34,0,2,9998
140,34,2,"4,6",9998
141,33,7,7,2
141,33,8,3,2
141,33,4,6,2
141,33,"2,5,6","0,2",3
141,33,"5,6",4,4
141,33,3,4,9998
141,33,0,2,9998
141,33,6,5,9998
141,33,1,[NULL],9998
142,32,5,5,2
142,32,4,4,2
142,32,3,"0,1",3
142,32,"0,2","2,4",9998
142,32,2,4,9998
142,32,1,5,9998
142,32,6,6,9998
143,31,6,6,2
143,31,5,7,2
143,31,4,3,9996
143,31,2,[NULL],9996
143,31,1,5,9998
143,31,"0,3","2,4",9998
143,31,3,4,9998
144,30,2,3,2
144,30,8,8,2
144,30,6,6,2
144,30,7,"1,2",3
144,30,4,7,9998
144,30,5,6,9998
144,30,1,3,9998
144,30,3,"7,8",9998
144,30,0,"4,8,9",9998
145,29,8,3,2
145,29,6,7,3
145,29,9,"7,11",3
145,29,"3,4",3,4
145,29,7,5,4
145,29,"0,2",4,9997
145,29,2,[NULL],9997
145,29,4,6,9998
145,29,5,5,9998
145,29,1,3,9998
146,28,3,4,2
146,28,8,8,2
146,28,7,10,3
146,28,9,11,3
146,28,5,7,4
146,28,"0,1,4","2,7",4
146,28,4,6,9998
146,28,6,4,9998
146,28,2,2,9998
146,28,1,3,9998
147,27,3,2,2
147,27,5,3,2
147,27,11,6,2
147,27,12,7,2
147,27,10,[NULL],9000
147,27,6,[NULL],9000
147,27,13,"9,10",9996
147,27,9,"5,6",9996
147,27,"0,2,4,7","3,5",9997
147,27,4,8,9998
147,27,7,"7,8",9998
147,27,8,5,9998
147,27,1,2,9998
147,27,2,"3,4",9998
148,26,"8,9",5,2
148,26,1,1,3
148,26,4,5,3
148,26,9,2,3
148,26,6,"3,5",9996
148,26,"0,2,5","0,1,5",9996
148,26,7,7,9998
148,26,5,5,9998
148,26,3,4,9998
148,26,2,3,9998
149,25,7,3,2
149,25,6,"2,6",2
149,25,5,13,3
149,25,4,6,4
149,25,"1,2,3",5,9997
149,25,3,6,9998
149,25,2,4,9998
149,25,0,[NULL],9998
150,24,10,9,2
150,24,4,2,2
150,24,9,4,2
150,24,5,"7,11",3
150,24,6,"8,10",4
150,24,2,2,5
150,24,8,3,9997
150,24,1,[NULL],9997
150,24,3,7,9998
150,24,7,"6,7",9998
150,24,0,[NULL],9998
151,23,"3,9","1,4",2
151,23,7,[NULL],9000
151,23,8,4,9996
151,23,5,3,9996
151,23,0,[NULL],9996
151,23,"1,6",6,9997
151,23,9,7,9997
151,23,2,[NULL],9997
151,23,"4,6","3,6",9998
151,23,10,8,9998
151,23,6,6,9998
152,22,6,5,2
152,22,4,10,3
152,22,3,3,4
152,22,2,2,4
152,22,5,3,9996
152,22,0,"1,5",9996
152,22,1,5,9998
153,21,2,1,2
153,21,5,6,3
153,21,3,[NULL],9000
153,21,4,[NULL],9000
153,21,1,[NULL],9973
153,21,0,[NULL],9998
154,20,4,[NULL],9000
154,20,1,[NULL],9000
154,20,3,[NULL],9000
154,20,2,[NULL],9983
154,20,5,"2,4",9995
154,20,0,[NULL],9997
155,19,3,"0,7,8",2
155,19,4,[NULL],9995
155,19,2,7,9998
155,19,0,[NULL],9998
155,19,1,[NULL],9998
156,18,5,[NULL],9996
156,18,6,7,9997
156,18,"1,2",8,9998
156,18,0,[NULL],9998
156,18,2,[NULL],9998
156,18,3,[NULL],9998
156,18,4,[NULL],9998
157,17,8,3,3
157,17,7,7,3
157,17,9,"1,10",4
157,17,5,[NULL],9963
157,17,4,[NULL],9996
157,17,"0,3","1,5",9997
157,17,6,5,9997
157,17,3,[NULL],9997
157,17,1,[NULL],9998
157,17,2,[NULL],9998
158,16,10,8,2
158,16,5,"2,3,4,6,8,9",2
158,16,3,"0,1,2,9",3
158,16,8,10,3
158,16,6,[NULL],9000
158,16,9,[NULL],9000
158,16,11,[NULL],9000
158,16,12,[NULL],9973
158,16,2,[NULL],9996
158,16,4,[NULL],9997
158,16,1,[NULL],9997
158,16,7,"6,9",9998
158,16,0,[NULL],9998
159,15,4,8,3
159,15,7,[NULL],9973
159,15,1,[NULL],9995
159,15,6,11,9998
159,15,5,10,9998
159,15,3,5,9998
159,15,0,[NULL],9998
159,15,2,[NULL],9998
160,14,6,"0,6,7",2
160,14,5,1,3
160,14,3,6,4
160,14,4,[NULL],9000
160,14,1,[NULL],9000
160,14,2,11,9998
160,14,0,"4,6",9998
161,13,"5,8,9",8,2
161,13,"0,3,4,9","1,2,8,9",2
161,13,13,3,3
161,13,"7,10","5,7",4
161,13,"8,9",[NULL],9989
161,13,12,[NULL],9991
161,13,"3,4",[NULL],9991
161,13,9,[NULL],9993
161,13,11,[NULL],9995
161,13,10,[NULL],9996
161,13,4,7,9997
161,13,6,9,9998
161,13,1,15,9998
161,13,2,4,9998
162,12,"8,10",5,2
162,12,15,6,2
162,12,"0,4,5,6,9,10,12,14,17","0,1,2,3,5,6",2
162,12,"1,3,4,5,10,11,14,16","0,3,5",2
162,12,"14,16",3,2
162,12,17,5,3
162,12,9,[NULL],9990
162,12,16,[NULL],9991
162,12,13,[NULL],9991
162,12,4,[NULL],9995
162,12,6,[NULL],9995
162,12,11,5,9996
162,12,5,3,9996
162,12,2,6,9997
162,12,10,10,9998
162,12,7,6,9998
162,12,3,2,9998
162,12,12,14,9998
163,11,10,[NULL],9989
163,11,11,[NULL],9992
163,11,7,[NULL],9994
163,11,6,[NULL],9995
163,11,12,[NULL],9996
163,11,3,2,9997
163,11,0,[NULL],9997
163,11,4,[NULL],9997
163,11,5,[NULL],9997
163,11,8,"8,9",9998
163,11,9,13,9998
163,11,"1,2","5,13",9998
163,11,2,"2,3,5,8,9,13",9998
164,10,9,[NULL],9992
164,10,4,[NULL],9995
164,10,7,[NULL],9995
164,10,"5,6",[NULL],9995
164,10,"1,2,3,6",[NULL],9995
164,10,8,[NULL],9997
164,10,3,[NULL],9997
164,10,2,[NULL],9997
164,10,6,5,9998
164,10,0,"1,5",9998
165,9,11,5,2
165,9,"6,12","0,5",2
165,9,12,[NULL],9992
165,9,10,[NULL],9994
165,9,7,[NULL],9994
165,9,"0,4,9",[NULL],9995
165,9,9,[NULL],9997
165,9,4,[NULL],9997
165,9,5,[NULL],9997
165,9,3,[NULL],9997
165,9,2,[NULL],9997
165,9,8,5,9998
165,9,1,"2,5,6,7",9998
166,8,10,0,3
166,8,6,[NULL],9992
166,8,11,[NULL],9994
166,8,8,[NULL],9995
166,8,7,[NULL],9995
166,8,13,[NULL],9996
166,8,"0,1,5,9",[NULL],9996
166,8,9,[NULL],9997
166,8,5,[NULL],9997
166,8,3,[NULL],9997
166,8,"1,12",[NULL],9997
166,8,12,7,9998
166,8,2,"2,5,6",9998
166,8,4,"5,7",9998
167,7,9,1,2
167,7,4,"0,1",2
167,7,10,[NULL],9992
167,7,8,[NULL],9995
167,7,6,[NULL],9995
167,7,5,[NULL],9996
167,7,0,"0,2,3,8",9997
167,7,7,5,9997
167,7,3,[NULL],9997
167,7,2,[NULL],9997
167,7,1,[NULL],9997
168,6,5,[NULL],9993
168,6,3,[NULL],9994
168,6,"0,2,4,6",[NULL],9997
168,6,"4,6",[NULL],9997
168,6,1,[NULL],9997
168,6,6,4,9998
168,6,2,"2,4",9998
169,5,5,[NULL],9993
169,5,0,"2,6",9996
169,5,4,[NULL],9996
169,5,2,6,9997
169,5,3,[NULL],9997
169,5,1,[NULL],9997
170,4,1,[NULL],9991
170,4,0,[NULL],9992
0,175,0,[NULL],9000
4,171,0,[NULL],9000
4,171,1,[NULL],9000
8,167,0,[NULL],9000
118,57,0,1,2
119,56,1,[NULL],9000
119,56,0,[NULL],9000
120,55,0,[NULL],9998
121,54,0,0,4
122,53,0,0,9998
123,52,0,0,9996
124,51,0,[NULL],9997
125,50,1,0,2
125,50,2,2,4
125,50,0,0,4
126,49,3,2,4
126,49,"1,2",[NULL],9997
126,49,2,1,9998
126,49,0,"0,1",9998
127,48,2,2,2
127,48,3,0,9995
127,48,1,1,9996
127,48,0,1,9997
128,47,2,2,2
128,47,1,3,4
128,47,0,0,9997
129,46,1,5,4
129,46,0,0,4
129,46,2,1,9998
130,45,3,4,4
130,45,1,1,4
130,45,2,1,9996
130,45,0,0,9997
131,44,4,3,9996
131,44,3,2,9996
131,44,0,0,9996
131,44,2,1,9996
131,44,1,2,9997
132,43,2,[NULL],3
132,43,0,2,4
132,43,1,[NULL],9997
133,42,0,"0,1",2
133,42,2,1,2
133,42,1,2,4
134,41,3,2,2
134,41,1,"0,3",9996
134,41,2,[NULL],9997
134,41,0,[NULL],9997
135,40,"3,4","2,3",2
135,40,4,2,2
135,40,0,"0,3",2
135,40,2,1,9996
135,40,1,2,9996
136,39,6,2,2
136,39,2,"0,2",2
136,39,"4,5",5,4
136,39,"0,1,3",4,9997
136,39,3,[NULL],9997
136,39,5,4,9998
136,39,1,"1,4",9998
137,38,5,2,2
137,38,2,1,2
137,38,6,3,2
137,38,3,0,2
137,38,4,5,3
137,38,1,1,4
137,38,0,[NULL],9998
138,37,5,1,2
138,37,3,"0,2",2
138,37,7,2,2
138,37,4,4,9997
138,37,2,"2,4,6",9997
138,37,6,3,9998
138,37,1,2,9998
138,37,0,[NULL],9998
139,36,5,3,2
139,36,2,0,2
139,36,"4,6",2,2
139,36,6,3,9996
139,36,1,0,9996
139,36,3,4,9997
139,36,7,5,9998
139,36,0,[NULL],9998
140,35,4,3,2
140,35,2,0,2
140,35,5,6,2
140,35,3,[NULL],2
140,35,1,2,4
140,35,0,[NULL],9998
141,34,"2,4","0,2",2
141,34,4,2,2
141,34,5,1,2
141,34,6,6,2
141,34,1,4,4
141,34,"3,7",5,4
141,34,7,4,9998
141,34,0,[NULL],9998
142,33,5,1,2
142,33,"2,4","0,3",2
142,33,4,3,2
142,33,1,"1,3",9996
142,33,3,"3,5,6",9998
142,33,6,5,9998
142,33,0,[NULL],9998
143,32,7,4,2
143,32,6,5,2
143,32,3,1,2
143,32,8,"3,4",2
143,32,"4,9","0,2,3,4",2
143,32,9,5,3
143,32,2,1,9996
143,32,5,3,9996
143,32,"0,1",4,9998
143,32,1,[NULL],9998
144,31,6,4,2
144,31,5,5,2
144,31,3,1,2
144,31,2,"4,8",3
144,31,4,8,4
144,31,"0,1",3,9997
144,31,1,[NULL],9998
145,30,6,4,2
145,30,4,6,2
145,30,2,2,2
145,30,3,"0,4",2
145,30,5,9,4
145,30,"0,1","2,7,11",4
145,30,1,[NULL],9998
146,29,8,4,2
146,29,7,"4,7",2
146,29,5,8,2
146,29,2,1,2
146,29,"3,4","2,10",2
146,29,6,"8,9",9996
146,29,4,4,9996
146,29,"0,1",4,9997
146,29,1,[NULL],9998
147,28,7,7,2
147,28,5,5,2
147,28,4,3,2
147,28,3,2,2
147,28,6,5,9996
147,28,"2,8","1,2,3",9996
147,28,8,6,9998
147,28,0,[NULL],9998
147,28,1,[NULL],9998
148,27,6,3,2
148,27,4,2,2
148,27,"7,8",6,4
148,27,8,[NULL],9000
148,27,5,[NULL],9000
148,27,9,[NULL],9000
148,27,3,"6,7",9997
148,27,0,[NULL],9998
148,27,1,[NULL],9998
148,27,2,[NULL],9998
149,26,7,3,2
149,26,6,"3,7",2
149,26,5,7,3
149,26,"3,4","4,10",4
149,26,4,10,4
149,26,1,"3,4,9,10",4
149,26,0,[NULL],9998
149,26,2,[NULL],9998
150,25,"3,6","4,6",2
150,25,8,10,2
150,25,6,6,2
150,25,7,[NULL],9967
150,25,4,"6,7",9996
150,25,2,8,9997
150,25,5,6,9998
150,25,0,[NULL],9998
150,25,1,[NULL],9998
151,24,5,1,2
151,24,6,5,3
151,24,4,2,3
151,24,3,4,9996
151,24,0,[NULL],9998
151,24,1,[NULL],9998
151,24,2,[NULL],9998
152,23,7,6,3
152,23,4,3,4
152,23,6,[NULL],9000
152,23,3,[NULL],9000
152,23,5,5,9997
152,23,1,[NULL],9997
152,23,0,7,9998
152,23,2,[NULL],9998
153,22,4,[NULL],9000
153,22,5,5,9998
153,22,3,2,9998
153,22,0,7,9998
153,22,1,[NULL],9998
153,22,2,[NULL],9998
154,21,7,2,2
154,21,5,[NULL],9963
154,21,3,[NULL],9974
154,21,6,[NULL],9995
154,21,4,"5,6",9997
154,21,1,[NULL],9997
154,21,0,7,9998
154,21,2,[NULL],9998
155,20,8,"1,2,6",2
155,20,4,4,3
155,20,"5,7",8,9996
155,20,6,[NULL],9997
155,20,7,10,9998
155,20,1,11,9998
155,20,0,[NULL],9998
155,20,2,[NULL],9998
155,20,3,[NULL],9998
156,19,3,[NULL],3
156,19,5,7,4
156,19,0,[NULL],9990
156,19,4,[NULL],9996
156,19,1,1,9997
156,19,6,9,9997
156,19,2,"4,10",9998
157,18,"6,9",7,2
157,18,"3,7","2,10",3
157,18,7,7,3
157,18,12,14,4
157,18,"8,9",[NULL],9000
157,18,11,[NULL],9992
157,18,10,[NULL],9994
157,18,"1,5",[NULL],9994
157,18,"2,5,9",[NULL],9994
157,18,9,[NULL],9994
157,18,5,3,9997
157,18,4,[NULL],9997
157,18,0,[NULL],9998
158,17,11,6,2
158,17,10,5,2
158,17,5,3,2
158,17,4,5,3
158,17,7,7,3
158,17,8,[NULL],9000
158,17,12,[NULL],9000
158,17,14,[NULL],9973
158,17,13,[NULL],9974
158,17,2,[NULL],9974
158,17,3,[NULL],9974
158,17,6,11,9998
158,17,1,"4,5",9998
158,17,9,"11,12",9998
158,17,0,"1,4,10,11",9998
159,16,11,2,2
159,16,"4,6",0,2
159,16,10,5,3
159,16,7,4,3
159,16,"9,13",[NULL],9000
159,16,15,[NULL],9945
159,16,13,[NULL],9994
159,16,0,[NULL],9996
159,16,5,[NULL],9996
159,16,12,[NULL],9996
159,16,14,[NULL],9996
159,16,16,7,9997
159,16,"3,8",[NULL],9997
159,16,2,[NULL],9997
159,16,8,10,9998
159,16,6,14,9998
159,16,1,"6,14",9998
160,15,9,6,2
160,15,15,"1,10",2
160,15,4,2,2
160,15,14,10,3
160,15,8,6,3
160,15,12,3,3
160,15,5,[NULL],9000
160,15,0,[NULL],9988
160,15,7,[NULL],9996
160,15,11,4,9997
160,15,13,3,9997
160,15,10,[NULL],9997
160,15,1,"0,2,3,4",9998
160,15,6,3,9998
160,15,2,4,9998
160,15,3,"2,4",9998
161,14,10,10,2
161,14,6,7,2
161,14,2,3,2
161,14,14,12,2
161,14,15,5,3
161,14,12,"0,2,5",3
161,14,"9,11",5,4
161,14,13,[NULL],9990
161,14,11,[NULL],9990
161,14,"4,5",[NULL],9992
161,14,3,[NULL],9992
161,14,"0,1,5",7,9996
161,14,7,"3,4",9996
161,14,5,2,9996
161,14,8,4,9996
161,14,1,7,9997
162,13,"8,9","3,8",2
162,13,13,9,2
162,13,5,"1,2,3,9",2
162,13,"2,3","1,8",2
162,13,4,2,3
162,13,9,[NULL],9991
162,13,10,7,9996
162,13,6,3,9996
162,13,3,[NULL],9996
162,13,11,6,9997
162,13,12,[NULL],9997
162,13,1,[NULL],9997
162,13,7,7,9998
162,13,0,"3,7",9998
163,12,5,6,2
163,12,1,"0,1,2,3",2
163,12,8,"9,10",9996
163,12,7,[NULL],9996
163,12,3,[NULL],9996
163,12,6,7,9997
163,12,2,[NULL],9997
163,12,0,[NULL],9997
163,12,4,8,9998
164,11,5,"5,8",2
164,11,"2,6,7","1,3,7,8,9",2
164,11,"6,7",[NULL],9993
164,11,4,[NULL],9996
164,11,3,[NULL],9996
164,11,7,[NULL],9996
164,11,0,[NULL],9998
164,11,1,[NULL],9998
165,10,7,12,2
165,10,"2,5,6",2,2
165,10,5,"4,10,12",2
165,10,6,[NULL],9000
165,10,3,[NULL],9993
165,10,9,11,9997
165,10,8,[NULL],9997
165,10,1,[NULL],9997
165,10,4,[NULL],9997
165,10,0,[NULL],9997
166,9,6,[NULL],9995
166,9,5,[NULL],9996
166,9,3,7,9997
166,9,"1,4",[NULL],9997
166,9,2,11,9998
166,9,4,10,9998
166,9,0,[NULL],9998
167,8,4,6,2
167,8,2,"0,6",2
167,8,0,1,9997
167,8,3,8,9997
167,8,1,[NULL],9997
168,7,"0,1,2",0,4
168,7,"2,3",1,4
168,7,3,[NULL],9997
168,7,1,5,9998
169,6,1,[NULL],9992
169,6,0,"3,8",9996
170,5,1,[NULL],9990
170,5,0,[NULL],9990
0,176,0,[NULL],9000
4,172,0,[NULL],9000
4,172,1,[NULL],9000
8,168,0,[NULL],9000
118,58,0,[NULL],9000
118,58,1,[NULL],9000
119,57,1,1,3
119,57,2,[NULL],9000
119,57,0,[NULL],9000
121,55,0,0,2
125,51,1,2,2
125,51,0,"0,2",2
126,50,0,1,4
127,49,1,"0,1",9995
127,49,0,[NULL],9998
128,48,1,2,2
128,48,0,[NULL],9998
129,47,1,1,9998
129,47,0,[NULL],9998
130,46,2,3,4
130,46,1,2,4
130,46,0,[NULL],9998
131,45,2,2,9996
131,45,1,1,9996
131,45,0,[NULL],9998
132,44,1,3,9998
132,44,0,[NULL],9998
133,43,0,[NULL],9998
133,43,1,[NULL],9998
134,42,"2,3",2,4
134,42,"1,3",[NULL],9997
134,42,3,2,9998
134,42,0,[NULL],9998
135,41,4,5,2
135,41,1,"1,3,5",2
135,41,2,1,9996
135,41,"3,5","0,3",9997
135,41,5,2,9998
135,41,0,[NULL],9998
136,40,2,3,9998
136,40,3,5,9998
136,40,1,"2,3",9998
136,40,0,[NULL],9998
137,39,3,6,2
137,39,2,1,2
137,39,"1,4",[NULL],9997
137,39,4,4,9998
137,39,0,[NULL],9998
138,38,5,7,2
138,38,4,7,9998
138,38,3,5,9998
138,38,2,1,9998
138,38,0,[NULL],9998
138,38,1,[NULL],9998
139,37,3,4,3
139,37,2,5,9998
139,37,4,6,9998
139,37,0,[NULL],9998
139,37,1,[NULL],9998
140,36,4,3,2
140,36,3,3,9998
140,36,2,2,9998
140,36,0,[NULL],9998
140,36,1,[NULL],9998
141,35,"3,5,6",3,2
141,35,5,6,2
141,35,4,4,9998
141,35,6,5,9998
141,35,2,"1,3",9998
141,35,0,[NULL],9998
141,35,1,[NULL],9998
142,34,4,"0,1,5,7",2
142,34,2,3,9998
142,34,3,4,9998
142,34,5,5,9998
142,34,0,[NULL],9998
142,34,1,[NULL],9998
143,33,2,4,9998
143,33,3,5,9998
143,33,0,[NULL],9998
143,33,1,[NULL],9998
144,32,4,"0,2",3
144,32,3,5,9998
144,32,5,4,9998
144,32,0,[NULL],9998
144,32,1,[NULL],9998
144,32,2,[NULL],9998
145,31,5,5,9998
145,31,4,7,9998
145,31,3,6,9998
145,31,0,[NULL],9998
145,31,1,[NULL],9998
145,31,2,[NULL],9998
146,30,6,8,2
146,30,"3,5","0,2,4,7",3
146,30,5,6,9998
146,30,4,5,9998
146,30,0,[NULL],9998
146,30,1,[NULL],9998
146,30,2,[NULL],9998
147,29,3,8,4
147,29,5,10,9998
147,29,4,8,9998
147,29,0,[NULL],9998
147,29,1,[NULL],9998
147,29,2,[NULL],9998
148,28,5,"1,2,3",3
148,28,4,8,9998
148,28,3,6,9998
148,28,0,[NULL],9998
148,28,1,[NULL],9998
148,28,2,[NULL],9998
149,27,6,5,2
149,27,3,8,3
149,27,1,[NULL],9993
149,27,5,7,9996
149,27,4,7,9998
149,27,0,[NULL],9998
149,27,2,[NULL],9998
150,26,6,"1,6",3
150,26,7,9,3
150,26,"0,3,4","2,5,6,10,11",9997
150,26,4,"6,9",9997
150,26,5,7,9998
150,26,3,[NULL],9998
150,26,1,[NULL],9998
150,26,2,[NULL],9998
151,25,7,"0,5",2
151,25,"4,5",[NULL],5
151,25,"0,1,2,5",[NULL],9995
151,25,"2,5","3,6",9997
151,25,5,6,9997
151,25,6,8,9997
151,25,3,5,9998
151,25,1,[NULL],9998
152,24,5,5,2
152,24,2,3,2
152,24,7,"0,4",2
152,24,3,[NULL],2
152,24,4,[NULL],9000
152,24,"0,6",[NULL],9977
152,24,6,6,9998
152,24,1,[NULL],9998
153,23,7,"0,4",2
153,23,5,[NULL],9000
153,23,"0,2","8,9",9997
153,23,"4,6",[NULL],9997
153,23,"3,6",[NULL],9997
153,23,1,[NULL],9997
153,23,6,7,9998
153,23,2,[NULL],9998
154,22,10,7,2
154,22,11,"1,5,7",2
154,22,9,[NULL],9995
154,22,4,[NULL],9995
154,22,8,"3,5",9997
154,22,6,[NULL],9997
154,22,7,9,9998
154,22,"0,3","7,10",9998
154,22,2,7,9998
154,22,3,[NULL],9998
154,22,1,[NULL],9998
154,22,5,[NULL],9998
155,21,"4,10",2,2
155,21,7,6,3
155,21,10,[NULL],9000
155,21,9,[NULL],9000
155,21,6,[NULL],9971
155,21,3,[NULL],9994
155,21,8,8,9998
155,21,5,5,9998
155,21,2,6,9998
155,21,0,[NULL],9998
155,21,1,[NULL],9998
156,20,"1,5","0,3",3
156,20,5,6,3
156,20,6,[NULL],9000
156,20,4,[NULL],9994
156,20,3,"3,4,5",9995
156,20,2,[NULL],9996
156,20,0,[NULL],9998
157,19,11,6,2
157,19,"4,5",1,2
157,19,12,"6,9",2
157,19,"1,5,10","0,1,6,11",2
157,19,15,11,4
157,19,10,[NULL],9000
157,19,"8,13,14",[NULL],9995
157,19,14,[NULL],9995
157,19,7,[NULL],9995
157,19,9,6,9997
157,19,13,10,9997
157,19,5,4,9997
157,19,2,[NULL],9997
157,19,3,[NULL],9997
157,19,6,[NULL],9997
157,19,0,5,9998
158,18,10,3,2
158,18,14,6,2
158,18,6,"1,2,3,6,8,9,10,11",2
158,18,9,9,4
158,18,8,[NULL],9000
158,18,"2,3",[NULL],9975
158,18,5,[NULL],9975
158,18,1,[NULL],9996
158,18,3,3,9997
158,18,7,"6,7",9997
158,18,11,7,9998
158,18,"4,12","4,10",9998
158,18,12,10,9998
158,18,0,9,9998
158,18,13,11,9998
159,17,"0,2,3,4",1,2
159,17,3,6,2
159,17,4,2,2
159,17,2,"2,3",2
159,17,5,[NULL],9992
159,17,1,10,9998
160,16,7,4,3
160,16,4,[NULL],9000
160,16,5,[NULL],9994
160,16,2,[NULL],9995
160,16,"1,3","0,3",9997
160,16,3,3,9997
160,16,6,8,9997
160,16,0,[NULL],9998
161,15,7,7,2
161,15,3,"0,1,7,9,10",2
161,15,6,2,3
161,15,8,10,4
161,15,5,6,4
161,15,4,[NULL],9991
161,15,9,[NULL],9993
161,15,0,[NULL],9998
161,15,1,[NULL],9998
161,15,2,[NULL],9998
162,14,8,4,2
162,14,2,3,3
162,14,6,[NULL],3
162,14,4,4,4
162,14,11,8,4
162,14,7,7,9996
162,14,3,3,9996
162,14,5,5,9997
162,14,0,[NULL],9997
162,14,10,"6,7",9998
162,14,9,"6,7,8",9998
162,14,1,[NULL],9998
163,13,"5,6",3,4
163,13,6,[NULL],9989
163,13,4,7,9997
163,13,3,[NULL],9997
163,13,0,[NULL],9997
163,13,1,[NULL],9998
163,13,2,[NULL],9998
164,12,3,7,9996
164,12,5,5,9997
164,12,4,[NULL],9997
164,12,2,[NULL],9997
164,12,0,[NULL],9997
164,12,1,[NULL],9997
165,11,11,2,2
165,11,10,4,2
165,11,7,[NULL],9993
165,11,6,6,9996
165,11,5,[NULL],9996
165,11,"8,9","3,4",9997
165,11,9,7,9998
165,11,"1,3,4",8,9998
165,11,2,"1,7",9998
165,11,0,[NULL],9998
165,11,"3,4",[NULL],9998
165,11,4,[NULL],9998
166,10,"0,2,3,8",0,3
166,10,5,7,3
166,10,4,[NULL],9990
166,10,9,[NULL],9992
166,10,10,[NULL],9995
166,10,2,[NULL],9996
166,10,8,[NULL],9996
166,10,3,9,9997
166,10,6,[NULL],9997
166,10,7,"10,11",9998
166,10,1,8,9998
167,9,5,1,2
167,9,"7,8",[NULL],9993
167,9,6,[NULL],9994
167,9,10,[NULL],9995
167,9,"2,3",[NULL],9995
167,9,4,[NULL],9995
167,9,11,[NULL],9996
167,9,9,[NULL],9996
167,9,3,3,9997
167,9,8,13,9997
167,9,0,[NULL],9998
167,9,1,[NULL],9998
168,8,6,2,3
168,8,"2,3,4",1,4
168,8,9,2,4
168,8,11,[NULL],9000
168,8,4,[NULL],9991
168,8,"3,10",[NULL],9994
168,8,10,[NULL],9995
168,8,8,[NULL],9996
168,8,1,[NULL],9996
168,8,5,4,9997
168,8,0,[NULL],9997
168,8,7,[NULL],9997
169,7,3,[NULL],9989
169,7,6,[NULL],9993
169,7,5,[NULL],9993
169,7,2,[NULL],9995
169,7,4,5,9998
169,7,1,2,9998
169,7,0,[NULL],9998
170,6,4,[NULL],9991
170,6,2,[NULL],9993
170,6,0,[NULL],9994
170,6,1,[NULL],9996
170,6,3,[NULL],9997
171,5,1,[NULL],9000
171,5,3,[NULL],9995
171,5,"0,2",[NULL],9997
171,5,2,[NULL],9997
172,4,2,6,9997
172,4,1,3,9998
172,4,0,0,9998
173,3,0,2,9998
0,177,0,[NULL],9000
4,173,0,[NULL],9000
4,173,1,[NULL],9000
8,169,0,[NULL],9000
119,58,0,[NULL],9000
119,58,2,[NULL],9000
119,58,1,[NULL],9000
121,56,1,[NULL],9997
121,56,0,[NULL],9997
122,55,0,0,4
123,54,0,2,4
124,53,0,1,9996
125,52,0,0,9996
126,51,1,0,3
126,51,0,0,4
127,50,0,0,3
127,50,1,[NULL],9995
128,49,1,1,2
128,49,0,0,9996
129,48,0,0,3
130,47,2,1,3
130,47,3,3,4
130,47,4,4,4
130,47,1,0,4
130,47,0,[NULL],4
131,46,3,1,2
131,46,2,0,4
131,46,1,1,9996
131,46,0,0,9996
132,45,"0,2",[NULL],2
132,45,2,2,9996
132,45,1,2,9997
133,44,2,2,2
133,44,1,0,9996
133,44,0,1,9998
134,43,2,5,2
134,43,0,1,4
134,43,1,3,4
135,42,3,2,2
135,42,5,3,2
135,42,2,"1,2",2
135,42,4,"0,1,3",3
135,42,1,0,9996
135,42,0,3,9998
136,41,4,4,2
136,41,3,1,9996
136,41,0,"2,5",9998
136,41,2,6,9998
136,41,1,4,9998
137,40,7,4,2
137,40,5,3,2
137,40,1,2,2
137,40,4,4,3
137,40,"2,6","2,4",3
137,40,6,"0,1",9996
137,40,0,"0,3,5",9998
137,40,3,3,9998
138,39,5,2,2
138,39,6,4,2
138,39,4,3,3
138,39,3,[NULL],9997
138,39,2,3,9998
138,39,1,1,9998
138,39,0,"0,3",9998
139,38,3,3,2
139,38,2,2,2
139,38,1,4,9998
139,38,4,5,9998
139,38,0,"1,4",9998
140,37,4,4,2
140,37,5,3,2
140,37,"1,3",2,2
140,37,3,3,9996
140,37,2,3,9998
140,37,0,"1,3",9998
141,36,3,2,2
141,36,4,3,2
141,36,5,5,2
141,36,1,4,9998
141,36,"0,2",2,9998
141,36,2,5,9998
142,35,4,2,2
142,35,5,3,2
142,35,3,4,4
142,35,2,4,9998
142,35,"1,6",2,9998
142,35,6,5,9998
142,35,0,[NULL],9998
143,34,5,3,2
143,34,4,5,2
143,34,3,"0,1",3
143,34,2,5,9998
143,34,0,2,9998
143,34,1,4,9998
144,33,5,5,2
144,33,7,4,2
144,33,6,3,2
144,33,4,2,9996
144,33,"1,2",[NULL],9997
144,33,2,4,9998
144,33,3,5,9998
144,33,0,2,9998
145,32,6,5,2
145,32,5,4,2
145,32,4,"0,1",3
145,32,0,6,9998
145,32,"1,3","2,4",9998
145,32,3,4,9998
145,32,2,5,9998
146,31,10,5,2
146,31,8,4,2
146,31,9,13,4
146,31,"5,6",9,4
146,31,"0,1,2,4","6,7",9997
146,31,"2,4",[NULL],9997
146,31,4,11,9998
146,31,7,10,9998
146,31,"1,6","0,7",9998
146,31,3,5,9998
146,31,6,7,9998
147,30,8,4,2
147,30,6,3,2
147,30,7,3,3
147,30,"3,5",6,4
147,30,"0,1,5","0,2,5",4
147,30,5,7,9998
147,30,4,6,9998
147,30,2,4,9998
147,30,1,3,9998
148,29,7,4,2
148,29,6,3,9996
148,29,"0,3","5,7,8",9997
148,29,3,6,9997
148,29,4,7,9998
148,29,5,6,9998
148,29,2,4,9998
148,29,1,"1,3",9998
149,28,7,5,2
149,28,8,2,3
149,28,5,"3,8,9",9996
149,28,"0,2,6","0,3,8,9",9996
149,28,1,[NULL],9997
149,28,6,8,9998
149,28,4,6,9998
149,28,3,4,9998
149,28,2,5,9998
150,27,5,3,2
150,27,4,8,4
150,27,3,5,4
150,27,"0,1,2",3,9997
150,27,2,8,9998
150,27,1,4,9998
151,26,6,6,2
151,26,5,5,3
151,26,3,5,4
151,26,1,0,4
151,26,4,7,9998
151,26,2,5,9998
151,26,0,[NULL],9998
152,25,7,6,2
152,25,6,[NULL],9978
152,25,5,3,9996
152,25,"0,3","3,6",9997
152,25,2,[NULL],9997
152,25,4,7,9998
152,25,3,6,9998
152,25,1,3,9998
153,24,9,"7,9",2
153,24,"7,10","0,3,9",2
153,24,10,"0,2,3,9",2
153,24,"5,6",4,3
153,24,6,5,9996
153,24,"0,8","0,1,4,5",9996
153,24,8,7,9997
153,24,3,6,9997
153,24,2,[NULL],9997
153,24,1,[NULL],9997
153,24,4,"6,7",9998
154,23,8,8,2
154,23,5,5,2
154,23,6,"2,7",2
154,23,7,5,5
154,23,11,[NULL],9000
154,23,3,[NULL],9000
154,23,"1,2",7,9998
154,23,2,5,9998
154,23,10,6,9998
154,23,9,"7,8",9998
154,23,0,[NULL],9998
154,23,4,[NULL],9998
155,22,1,1,3
155,22,9,6,3
155,22,7,8,5
155,22,10,[NULL],9000
155,22,2,[NULL],9000
155,22,6,[NULL],9992
155,22,8,12,9998
155,22,3,11,9998
155,22,4,5,9998
155,22,5,6,9998
155,22,0,[NULL],9998
156,21,5,0,2
156,21,3,5,3
156,21,7,[NULL],9995
156,21,6,4,9996
156,21,4,4,9997
156,21,2,"1,7",9997
156,21,1,[NULL],9997
156,21,0,[NULL],9998
157,20,7,11,2
157,20,"4,10","4,12",2
157,20,10,12,2
157,20,9,0,2
157,20,11,13,2
157,20,3,[NULL],9995
157,20,"2,6","2,4",9997
157,20,6,4,9997
157,20,8,"6,8",9997
157,20,1,9,9998
157,20,"0,5","5,10",9998
157,20,5,8,9998
158,19,10,1,2
158,19,7,16,3
158,19,4,[NULL],9993
158,19,"1,2,6",7,9997
158,19,"5,6,8",[NULL],9997
158,19,8,9,9998
158,19,6,8,9998
158,19,3,4,9998
158,19,9,10,9998
158,19,0,[NULL],9998
158,19,2,[NULL],9998
159,18,4,11,3
159,18,3,13,3
159,18,5,[NULL],3
159,18,1,[NULL],9000
159,18,2,[NULL],9000
159,18,0,[NULL],9998
160,17,7,0,3
160,17,8,[NULL],9000
160,17,9,[NULL],9996
160,17,4,"1,3",9997
160,17,6,2,9997
160,17,3,[NULL],9997
160,17,5,5,9998
160,17,2,2,9998
160,17,0,[NULL],9998
160,17,1,[NULL],9998
161,16,"6,7",10,2
161,16,8,"9,10",2
161,16,7,11,3
161,16,5,11,4
161,16,3,5,4
161,16,4,[NULL],9993
161,16,0,[NULL],9998
161,16,1,[NULL],9998
161,16,2,[NULL],9998
162,15,4,[NULL],2
162,15,7,6,3
162,15,3,[NULL],9994
162,15,8,9,9996
162,15,5,6,9996
162,15,2,[NULL],9997
162,15,"0,6",4,9998
162,15,6,6,9998
162,15,9,11,9998
162,15,1,[NULL],9998
163,14,7,[NULL],9992
163,14,"2,3,4,5",3,9998
163,14,6,9,9998
163,14,5,12,9998
163,14,0,[NULL],9998
163,14,1,[NULL],9998
163,14,"3,4",[NULL],9998
163,14,4,[NULL],9998
164,13,7,9,2
164,13,8,"1,3,4,5",2
164,13,1,"2,5,8",2
164,13,11,9,3
164,13,6,[NULL],9000
164,13,4,[NULL],9992
164,13,10,[NULL],9995
164,13,0,[NULL],9995
164,13,3,[NULL],9997
164,13,2,[NULL],9997
164,13,9,"11,12",9998
164,13,5,7,9998
165,12,"10,11",7,2
165,12,8,"1,6",2
165,12,7,3,3
165,12,"5,6",[NULL],9994
165,12,4,[NULL],9994
165,12,3,[NULL],9996
165,12,14,14,9997
165,12,"11,12","12,13",9997
165,12,"1,2",[NULL],9997
165,12,9,[NULL],9997
165,12,12,5,9998
165,12,6,"2,7",9998
165,12,13,9,9998
165,12,0,[NULL],9998
165,12,2,[NULL],9998
166,11,1,0,3
166,11,8,3,3
166,11,"3,6",[NULL],9995
166,11,6,[NULL],9995
166,11,5,[NULL],9996
166,11,7,13,9997
166,11,2,[NULL],9997
166,11,9,10,9998
166,11,4,"6,12",9998
166,11,0,[NULL],9998
167,10,4,[NULL],9992
167,10,6,[NULL],9995
167,10,3,9,9996
167,10,2,[NULL],9996
167,10,1,7,9997
167,10,5,11,9997
167,10,0,[NULL],9997
168,9,5,4,2
168,9,2,1,2
168,9,6,0,4
168,9,1,[NULL],9995
168,9,4,"3,4",9996
168,9,3,8,9998
168,9,0,9,9998
169,8,4,[NULL],9991
169,8,1,[NULL],9996
169,8,3,[NULL],9997
169,8,2,3,9998
169,8,0,[NULL],9998
170,7,2,[NULL],9996
170,7,3,7,9997
170,7,1,[NULL],9997
170,7,0,[NULL],9998
171,6,3,1,2
171,6,0,0,2
171,6,2,[NULL],9000
171,6,1,[NULL],9986
171,6,4,[NULL],9993
172,5,2,0,2
172,5,1,5,9998
172,5,0,3,9998
173,4,0,4,9998
0,178,0,[NULL],9000
4,174,0,[NULL],9000
4,174,1,[NULL],9000
8,170,0,[NULL],9000
119,59,0,[NULL],9000
119,59,2,[NULL],9000
119,59,1,[NULL],9000
122,56,0,0,4
123,55,0,0,9998
124,54,0,2,9997
125,53,0,[NULL],9997
126,52,1,1,4
126,52,0,1,5
127,51,1,[NULL],9995
127,51,0,[NULL],9997
128,50,2,[NULL],9996
128,50,0,"0,1",9997
128,50,1,[NULL],9997
129,49,1,2,4
129,49,0,0,9997
130,48,3,4,4
130,48,2,3,4
130,48,0,0,4
130,48,1,2,4
131,47,1,[NULL],9996
131,47,3,[NULL],9996
131,47,2,[NULL],9996
131,47,0,2,9997
132,46,1,0,2
132,46,3,[NULL],9996
132,46,0,[NULL],9996
132,46,2,3,9998
133,45,3,[NULL],3
133,45,0,1,4
133,45,4,2,9997
133,45,"1,2",[NULL],9997
133,45,2,1,9998
134,44,3,0,2
134,44,0,"3,5",3
134,44,1,2,4
134,44,2,1,4
135,43,"2,5",0,2
135,43,6,2,2
135,43,4,1,2
135,43,5,[NULL],9996
135,43,3,[NULL],9996
135,43,0,2,9997
135,43,1,[NULL],9997
136,42,"0,3,5",0,2
136,42,3,3,2
136,42,2,[NULL],9996
136,42,5,[NULL],9996
136,42,4,3,9998
136,42,1,2,9998
137,41,3,2,2
137,41,1,1,2
137,41,0,"0,2,3",2
137,41,2,[NULL],9997
138,40,4,1,2
138,40,5,4,2
138,40,1,"0,1",2
138,40,3,6,4
138,40,0,1,4
138,40,2,1,9998
139,39,3,2,2
139,39,1,"0,2",2
139,39,"2,4",[NULL],9997
139,39,4,4,9998
139,39,0,2,9998
140,38,4,1,2
140,38,2,"0,2",2
140,38,5,2,2
140,38,3,[NULL],9996
140,38,1,[NULL],9996
140,38,0,[NULL],9998
141,37,4,2,2
141,37,2,"1,6",2
141,37,5,6,2
141,37,3,[NULL],3
141,37,1,1,4
141,37,0,[NULL],9998
142,36,5,2,2
142,36,2,0,2
142,36,4,1,2
142,36,1,2,4
142,36,3,5,4
142,36,6,4,9998
142,36,0,[NULL],9998
143,35,4,1,2
143,35,5,3,2
143,35,2,0,2
143,35,1,[NULL],9996
143,35,3,3,9998
143,35,0,[NULL],9998
144,34,6,0,2
144,34,"2,4","1,3",2
144,34,4,3,2
144,34,5,2,2
144,34,1,[NULL],9996
144,34,3,4,9997
144,34,0,[NULL],9998
145,33,11,4,2
145,33,10,7,2
145,33,"0,7","1,2,4,6",2
145,33,5,3,2
145,33,7,6,2
145,33,"8,9",6,4
145,33,4,4,4
145,33,"1,2,3,6",5,9997
145,33,6,[NULL],9997
145,33,9,4,9998
145,33,2,"2,4",9998
145,33,3,[NULL],9998
146,32,7,5,2
146,32,6,4,2
146,32,4,2,2
146,32,3,1,2
146,32,5,6,4
146,32,"1,2","2,8",4
146,32,"0,8","0,1,4",9998
146,32,8,4,9998
146,32,2,[NULL],9998
147,31,7,4,2
147,31,6,5,2
147,31,4,2,2
147,31,"1,3",1,2
147,31,3,[NULL],9996
147,31,"0,2,5","2,7",9997
147,31,5,5,9997
147,31,2,[NULL],9998
148,30,8,6,2
148,30,6,4,2
148,30,4,3,2
148,30,5,2,2
148,30,7,[NULL],9996
148,30,"1,3",[NULL],9996
148,30,2,"4,8",9998
148,30,0,[NULL],9998
148,30,3,[NULL],9998
149,29,8,2,2
149,29,4,1,2
149,29,"2,5,6,10,11","0,3,4",3
149,29,"6,9",4,3
149,29,"7,9",4,4
149,29,9,[NULL],9000
149,29,"10,11",[NULL],9000
149,29,5,[NULL],9000
149,29,3,6,9997
149,29,11,"4,6",9998
149,29,0,[NULL],9998
149,29,1,[NULL],9998
150,28,7,4,2
150,28,5,2,2
150,28,"3,6","2,5",3
150,28,6,5,3
150,28,8,6,3
150,28,4,3,4
150,28,9,[NULL],9000
150,28,0,[NULL],9998
150,28,1,[NULL],9998
150,28,2,[NULL],9998
151,27,7,4,2
151,27,6,3,2
151,27,3,1,2
151,27,8,[NULL],9996
151,27,9,"8,11",9997
151,27,4,"3,9",9997
151,27,5,[NULL],9997
151,27,0,[NULL],9998
151,27,1,[NULL],9998
151,27,2,[NULL],9998
152,26,"6,7",4,2
152,26,"8,9","0,2",3
152,26,7,[NULL],9996
152,26,"3,4",[NULL],9996
152,26,9,6,9997
152,26,5,7,9997
152,26,1,[NULL],9997
152,26,4,3,9998
152,26,0,[NULL],9998
152,26,2,[NULL],9998
153,25,7,"1,2",2
153,25,5,2,2
153,25,6,10,2
153,25,8,"1,2,9",2
153,25,4,[NULL],2
153,25,3,8,3
153,25,2,5,5
153,25,0,[NULL],9998
153,25,1,[NULL],9998
154,24,12,8,2
154,24,11,3,2
154,24,5,4,2
154,24,6,5,2
154,24,8,"5,7",4
154,24,7,[NULL],9000
154,24,13,[NULL],9000
154,24,3,[NULL],9000
154,24,10,4,9997
154,24,2,2,9997
154,24,4,4,9998
154,24,9,"3,4",9998
154,24,0,6,9998
154,24,1,[NULL],9998
155,23,"4,11",[NULL],9995
155,23,9,[NULL],9996
155,23,10,[NULL],9996
155,23,3,[NULL],9996
155,23,2,[NULL],9996
155,23,11,"7,8",9997
155,23,7,4,9997
155,23,"5,6","1,2",9998
155,23,12,8,9998
155,23,"6,8","2,6",9998
155,23,8,6,9998
155,23,0,"1,4,6,8,9",9998
155,23,1,[NULL],9998
156,22,9,1,2
156,22,"5,10","0,5",2
156,22,8,5,2
156,22,6,9,3
156,22,10,13,3
156,22,4,5,3
156,22,2,[NULL],3
156,22,3,[NULL],9996
156,22,7,6,9997
156,22,0,7,9998
156,22,1,[NULL],9998
157,21,9,8,2
157,21,8,6,2
157,21,4,3,2
157,21,10,9,2
157,21,3,3,3
157,21,"6,7",7,3
157,21,5,4,9997
157,21,7,5,9998
157,21,2,3,9998
157,21,0,8,9998
157,21,1,[NULL],9998
158,20,6,[NULL],9000
158,20,8,[NULL],9000
158,20,2,[NULL],9000
158,20,4,[NULL],9000
158,20,1,[NULL],9977
158,20,0,[NULL],9996
158,20,7,7,9997
158,20,5,[NULL],9997
158,20,9,9,9998
158,20,3,4,9998
158,20,10,10,9998
159,19,5,5,2
159,19,2,2,2
159,19,"0,3","1,3",3
159,19,3,3,3
159,19,8,6,3
159,19,7,[NULL],9000
159,19,6,[NULL],9000
159,19,4,[NULL],9995
159,19,1,4,9997
160,18,7,"0,1,5",4
160,18,"3,4",7,4
160,18,2,5,4
160,18,4,8,4
160,18,6,[NULL],9961
160,18,"1,5",[NULL],9991
160,18,5,[NULL],9993
160,18,0,[NULL],9998
161,17,4,"0,6",2
161,17,6,6,2
161,17,11,9,2
161,17,5,5,3
161,17,7,10,4
161,17,3,6,4
161,17,0,[NULL],9992
161,17,9,3,9997
161,17,10,[NULL],9997
161,17,8,[NULL],9997
161,17,2,[NULL],9997
161,17,1,0,9998
162,16,3,"2,3,4,5",2
162,16,9,6,2
162,16,12,5,2
162,16,5,[NULL],2
162,16,7,4,3
162,16,10,8,4
162,16,13,[NULL],9000
162,16,2,[NULL],9991
162,16,11,[NULL],9994
162,16,8,[NULL],9994
162,16,1,[NULL],9995
162,16,6,[NULL],9996
162,16,4,[NULL],9997
162,16,0,[NULL],9998
163,15,"11,12",9,2
163,15,7,5,2
163,15,5,5,3
163,15,"8,9",[NULL],9944
163,15,9,[NULL],9944
163,15,2,[NULL],9990
163,15,6,[NULL],9991
163,15,"3,10",[NULL],9993
163,15,"4,12",[NULL],9996
163,15,12,10,9997
163,15,10,[NULL],9997
163,15,1,5,9998
163,15,0,[NULL],9998
164,14,5,12,2
164,14,"2,7",6,2
164,14,9,13,2
164,14,"3,4","8,9",3
164,14,6,[NULL],9995
164,14,8,[NULL],9996
164,14,7,[NULL],9996
164,14,4,[NULL],9997
164,14,0,[NULL],9998
164,14,1,[NULL],9998
165,13,10,9,2
165,13,"6,12",4,2
165,13,9,3,3
165,13,8,[NULL],9992
165,13,12,[NULL],9993
165,13,1,[NULL],9993
165,13,11,[NULL],9995
165,13,7,[NULL],9995
165,13,4,[NULL],9995
165,13,5,[NULL],9997
165,13,0,[NULL],9998
165,13,2,[NULL],9998
165,13,3,[NULL],9998
166,12,3,3,3
166,12,13,8,3
166,12,"10,12",[NULL],9993
166,12,12,[NULL],9993
166,12,9,[NULL],9993
166,12,7,[NULL],9996
166,12,6,[NULL],9996
166,12,4,[NULL],9997
166,12,14,16,9998
166,12,11,10,9998
166,12,8,12,9998
166,12,5,5,9998
166,12,0,[NULL],9998
166,12,1,[NULL],9998
166,12,2,[NULL],9998
167,11,8,3,2
167,11,9,"0,4",2
167,11,4,5,3
167,11,6,[NULL],9993
167,11,2,[NULL],9996
167,11,7,"10,11",9997
167,11,3,11,9997
167,11,5,[NULL],9997
167,11,0,[NULL],9998
167,11,1,[NULL],9998
168,10,3,2,2
168,10,8,0,4
168,10,6,[NULL],9993
168,10,5,[NULL],9993
168,10,7,[NULL],9994
168,10,2,[NULL],9994
168,10,"0,4","2,4",9998
168,10,4,6,9998
168,10,1,[NULL],9998
169,9,9,[NULL],9000
169,9,6,[NULL],9994
169,9,8,[NULL],9994
169,9,5,[NULL],9995
169,9,4,[NULL],9995
169,9,1,[NULL],9996
169,9,7,[NULL],9997
169,9,3,[NULL],9997
169,9,2,4,9998
169,9,0,[NULL],9998
170,8,7,[NULL],9993
170,8,5,[NULL],9993
170,8,4,[NULL],9993
170,8,8,[NULL],9993
170,8,6,[NULL],9997
170,8,0,[NULL],9997
170,8,1,[NULL],9997
170,8,3,1,9998
170,8,2,[NULL],9998
171,7,5,1,2
171,7,3,0,2
171,7,6,2,3
171,7,4,[NULL],9995
171,7,2,[NULL],9997
171,7,0,[NULL],9997
171,7,1,[NULL],9997
172,6,4,0,2
172,6,3,[NULL],9000
172,6,1,[NULL],9990
172,6,2,[NULL],9993
172,6,0,[NULL],9998
173,5,2,[NULL],9996
173,5,1,2,9998
173,5,3,3,9998
173,5,0,[NULL],9998
174,4,1,[NULL],9995
174,4,0,[NULL],9997
0,179,0,[NULL],9000
4,175,0,[NULL],9000
4,175,1,[NULL],9000
8,171,0,[NULL],9000
119,60,0,[NULL],9000
120,59,0,[NULL],9000
122,57,0,0,2
123,56,0,[NULL],9997
126,53,0,3,5
127,52,0,[NULL],9995
129,50,0,[NULL],9998
130,49,2,2,4
130,49,1,1,4
130,49,0,[NULL],9998
131,48,3,2,2
131,48,2,1,3
131,48,1,[NULL],9996
131,48,4,[NULL],9996
131,48,0,[NULL],9998
132,47,1,2,2
132,47,0,[NULL],9998
133,46,1,1,9998
133,46,0,[NULL],9998
134,45,1,2,4
134,45,0,[NULL],9998
135,44,3,4,2
135,44,2,1,2
135,44,1,[NULL],9996
135,44,4,"2,3",9998
135,44,0,[NULL],9998
136,43,3,[NULL],9997
136,43,2,3,9998
136,43,1,2,9998
136,43,0,[NULL],9998
137,42,1,2,2
137,42,2,2,9998
137,42,0,[NULL],9998
138,41,4,4,2
138,41,2,"0,2,4",2
138,41,"1,3",2,9998
138,41,3,"1,2",9998
138,41,0,[NULL],9998
139,40,1,2,9998
139,40,0,[NULL],9998
140,39,2,4,9998
140,39,0,[NULL],9998
140,39,1,[NULL],9998
141,38,4,6,2
141,38,3,3,9998
141,38,2,2,9998
141,38,0,[NULL],9998
141,38,1,[NULL],9998
142,37,3,3,2
142,37,4,4,9998
142,37,5,5,9998
142,37,0,[NULL],9998
142,37,1,[NULL],9998
142,37,2,[NULL],9998
143,36,"2,3",[NULL],9997
143,36,5,5,9998
143,36,4,3,9998
143,36,3,4,9998
143,36,0,[NULL],9998
143,36,1,[NULL],9998
144,35,4,9,2
144,35,2,"2,9",2
144,35,5,7,9998
144,35,3,6,9998
144,35,0,[NULL],9998
144,35,1,[NULL],9998
145,34,"0,1,4","0,8",2
145,34,4,8,2
145,34,"6,7","0,1,2,4",3
145,34,5,4,9998
145,34,7,6,9998
145,34,8,7,9998
145,34,1,"2,4",9998
145,34,2,[NULL],9998
145,34,3,[NULL],9998
146,33,5,8,9998
146,33,6,9,9998
146,33,3,5,9998
146,33,0,"1,2,5,6",9998
146,33,4,"8,10",9998
146,33,1,[NULL],9998
146,33,2,[NULL],9998
147,32,"4,8",2,2
147,32,"5,7,8","0,3",3
147,32,6,3,3
147,32,"7,8",[NULL],9997
147,32,"3,8",[NULL],9997
147,32,8,9,9998
147,32,9,8,9998
147,32,0,[NULL],9998
147,32,1,[NULL],9998
147,32,2,[NULL],9998
148,31,"4,6",11,2
148,31,7,5,4
148,31,"3,5,6",[NULL],9997
148,31,"5,6",5,9998
148,31,8,4,9998
148,31,6,6,9998
148,31,0,[NULL],9998
148,31,1,[NULL],9998
148,31,2,[NULL],9998
149,30,3,"0,1,2",3
149,30,5,7,9998
149,30,4,5,9998
149,30,6,"8,9",9998
149,30,0,[NULL],9998
149,30,1,[NULL],9998
149,30,2,[NULL],9998
150,29,5,[NULL],9996
150,29,"3,6",[NULL],9997
150,29,6,7,9998
150,29,4,5,9998
150,29,0,[NULL],9998
150,29,1,[NULL],9998
150,29,2,[NULL],9998
151,28,3,4,2
151,28,6,"0,3",3
151,28,5,10,9998
151,28,"0,1,2,4","3,11",9998
151,28,4,7,9998
151,28,"1,2",[NULL],9998
151,28,2,[NULL],9998
152,27,7,8,3
152,27,6,3,3
152,27,4,[NULL],9000
152,27,"0,2,3",[NULL],9997
152,27,3,[NULL],9997
152,27,5,8,9998
152,27,2,[NULL],9998
152,27,1,[NULL],9998
153,26,4,4,2
153,26,3,"4,9",2
153,26,6,"0,8",2
153,26,5,6,9998
153,26,2,7,9998
153,26,0,[NULL],9998
153,26,1,[NULL],9998
154,25,"1,2","5,6",2
154,25,8,12,2
154,25,"2,6","6,8",2
154,25,6,8,2
154,25,"4,9","0,5,8,12",2
154,25,7,[NULL],9967
154,25,9,[NULL],9996
154,25,5,7,9998
154,25,3,"3,8",9998
154,25,0,[NULL],9998
155,24,7,"0,7",2
155,24,4,4,3
155,24,1,2,3
155,24,8,[NULL],9000
155,24,2,[NULL],9995
155,24,5,8,9998
155,24,3,3,9998
155,24,6,10,9998
155,24,0,[NULL],9998
156,23,5,7,2
156,23,3,2,2
156,23,8,"0,5",2
156,23,"2,4","2,6",3
156,23,4,6,3
156,23,6,8,3
156,23,7,9,9998
156,23,0,[NULL],9998
156,23,1,[NULL],9998
157,22,9,9,2
157,22,4,3,2
157,22,10,10,2
157,22,7,"1,2,6",3
157,22,5,[NULL],9996
157,22,8,[NULL],9997
157,22,6,[NULL],9997
157,22,"1,3",[NULL],9997
157,22,3,8,9998
157,22,0,[NULL],9998
157,22,2,[NULL],9998
158,21,5,[NULL],9997
158,21,6,[NULL],9997
158,21,1,[NULL],9997
158,21,7,11,9998
158,21,"2,3","3,10",9998
158,21,"4,8","9,10,12",9998
158,21,3,10,9998
158,21,8,12,9998
158,21,0,[NULL],9998
159,20,"1,3",4,3
159,20,2,6,3
159,20,3,[NULL],9000
159,20,4,[NULL],9000
159,20,0,[NULL],9998
160,19,0,1,2
160,19,2,[NULL],9996
160,19,1,[NULL],9997
161,18,7,7,4
161,18,3,3,4
161,18,6,[NULL],9994
161,18,5,[NULL],9994
161,18,4,[NULL],9996
161,18,2,"4,5",9998
161,18,8,"3,4",9998
161,18,0,[NULL],9998
161,18,1,[NULL],9998
162,17,5,1,2
162,17,9,[NULL],9976
162,17,8,[NULL],9976
162,17,7,[NULL],9976
162,17,3,[NULL],9992
162,17,6,[NULL],9996
162,17,10,[NULL],9996
162,17,4,[NULL],9997
162,17,0,[NULL],9998
162,17,1,[NULL],9998
162,17,2,[NULL],9998
163,16,7,3,4
163,16,9,[NULL],9945
163,16,5,[NULL],9992
163,16,2,[NULL],9997
163,16,10,[NULL],9997
163,16,"4,6",[NULL],9997
163,16,3,4,9998
163,16,6,7,9998
163,16,8,8,9998
163,16,0,[NULL],9998
163,16,1,[NULL],9998
164,15,14,14,3
164,15,"12,13","11,12",3
164,15,6,6,4
164,15,10,[NULL],9994
164,15,13,[NULL],9995
164,15,11,[NULL],9997
164,15,8,[NULL],9997
164,15,9,[NULL],9997
164,15,5,[NULL],9997
164,15,3,[NULL],9997
164,15,"0,1,2,4,7",[NULL],9997
164,15,4,"3,4",9998
164,15,7,3,9998
164,15,"1,2",[NULL],9998
164,15,2,[NULL],9998
165,14,16,14,2
165,14,10,11,2
165,14,12,8,2
165,14,5,5,2
165,14,13,7,3
165,14,9,[NULL],9993
165,14,15,[NULL],9994
165,14,14,[NULL],9994
165,14,4,[NULL],9996
165,14,7,[NULL],9997
165,14,"3,11",[NULL],9997
165,14,2,[NULL],9997
165,14,0,[NULL],9997
165,14,11,9,9998
165,14,8,5,9998
165,14,6,4,9998
165,14,1,[NULL],9998
166,13,7,1,3
166,13,11,5,3
166,13,12,[NULL],9969
166,13,13,[NULL],9996
166,13,6,[NULL],9996
166,13,14,[NULL],9997
166,13,"3,4",[NULL],9997
166,13,"8,10",[NULL],9997
166,13,"2,4,10",[NULL],9997
166,13,5,[NULL],9997
166,13,1,"1,4",9998
166,13,"4,10","1,6",9998
166,13,10,6,9998
166,13,9,8,9998
166,13,0,[NULL],9998
167,12,"2,4","0,4",2
167,12,6,4,2
167,12,10,[NULL],9990
167,12,"4,8",[NULL],9993
167,12,9,[NULL],9994
167,12,8,[NULL],9994
167,12,7,[NULL],9996
167,12,3,[NULL],9997
167,12,5,[NULL],9997
167,12,0,[NULL],9998
167,12,1,[NULL],9998
168,11,4,2,2
168,11,9,[NULL],9993
168,11,5,[NULL],9996
168,11,"6,7",[NULL],9996
168,11,"1,3",[NULL],9996
168,11,3,0,9998
168,11,7,5,9998
168,11,8,8,9998
168,11,0,[NULL],9998
168,11,2,[NULL],9998
169,10,1,3,2
169,10,7,3,3
169,10,3,[NULL],9996
169,10,2,[NULL],9997
169,10,5,[NULL],9997
169,10,4,[NULL],9997
169,10,6,6,9998
169,10,0,[NULL],9998
170,9,0,5,9998
171,8,1,[NULL],9996
171,8,0,[NULL],9996
172,7,2,1,2
172,7,3,3,2
172,7,"0,1",[NULL],9997
172,7,1,4,9998
173,6,0,[NULL],9997
173,6,1,10,9998
174,5,0,[NULL],9998
0,180,0,[NULL],9000
4,176,0,[NULL],9000
4,176,1,[NULL],9000
8,172,0,[NULL],9000
122,58,0,[NULL],9998
123,57,2,0,3
123,57,1,0,4
123,57,0,[NULL],9000
123,57,3,[NULL],9000
124,56,0,0,4
125,55,0,[NULL],9997
126,54,"0,1",1,5
126,54,1,[NULL],9996
127,53,"0,1",0,3
127,53,1,0,4
127,53,2,[NULL],9995
128,52,0,0,3
129,51,1,[NULL],9996
129,51,0,[NULL],9997
130,50,2,0,3
130,50,1,1,4
130,50,0,0,4
131,49,2,2,4
131,49,0,[NULL],9996
131,49,1,[NULL],9996
132,48,1,1,2
132,48,2,4,3
132,48,0,1,4
133,47,2,[NULL],9996
133,47,0,[NULL],9998
133,47,1,[NULL],9998
134,46,"2,3",4,2
134,46,3,0,3
134,46,0,1,4
134,46,1,[NULL],9996
135,45,3,2,2
135,45,2,"1,3",2
135,45,1,3,4
135,45,0,[NULL],9996
136,44,2,2,2
136,44,"0,1",6,4
136,44,1,[NULL],9998
137,43,2,"1,3",2
137,43,1,1,2
137,43,0,[NULL],9996
138,42,2,1,2
138,42,1,[NULL],9996
138,42,0,[NULL],9998
139,41,4,2,2
139,41,3,3,4
139,41,0,[NULL],9998
139,41,1,[NULL],9998
139,41,2,[NULL],9998
140,40,3,3,2
140,40,2,2,2
140,40,0,[NULL],9998
140,40,1,[NULL],9998
141,39,4,4,2
141,39,5,5,2
141,39,"1,3",[NULL],2
141,39,3,[NULL],9996
141,39,0,[NULL],9998
141,39,2,[NULL],9998
142,38,5,5,2
142,38,3,4,2
142,38,4,3,2
142,38,0,[NULL],9998
142,38,1,[NULL],9998
142,38,2,[NULL],9998
142,38,6,[NULL],9998
143,37,7,5,2
143,37,6,3,2
143,37,4,3,3
143,37,2,4,4
143,37,0,[NULL],9998
143,37,1,[NULL],9998
143,37,3,[NULL],9998
143,37,5,[NULL],9998
144,36,4,5,2
144,36,6,7,2
144,36,7,8,2
144,36,2,"1,5",2
144,36,5,"1,2,3,6",3
144,36,0,[NULL],9998
144,36,1,[NULL],9998
144,36,3,[NULL],9998
145,35,8,5,2
145,35,9,6,2
145,35,5,3,2
145,35,"1,2,6","0,3",2
145,35,10,"4,5",2
145,35,7,[NULL],9997
145,35,0,[NULL],9998
145,35,"2,6",[NULL],9998
145,35,6,[NULL],9998
145,35,3,[NULL],9998
145,35,4,[NULL],9998
146,34,9,8,2
146,34,8,9,2
146,34,"2,7","0,2,5",3
146,34,5,5,3
146,34,7,[NULL],9996
146,34,0,[NULL],9998
146,34,1,[NULL],9998
146,34,3,[NULL],9998
146,34,4,[NULL],9998
146,34,6,[NULL],9998
146,34,10,[NULL],9998
147,33,5,"5,6",2
147,33,4,8,2
147,33,6,6,2
147,33,3,6,4
147,33,0,[NULL],9998
147,33,1,[NULL],9998
147,33,2,[NULL],9998
148,32,7,5,2
148,32,5,4,2
148,32,"8,9",6,2
148,32,6,3,3
148,32,3,5,4
148,32,0,"0,2,5,6",4
148,32,1,[NULL],9998
148,32,2,[NULL],9998
148,32,4,[NULL],9998
148,32,9,[NULL],9998
149,31,7,6,2
149,31,5,4,2
149,31,6,[NULL],9996
149,31,0,[NULL],9998
149,31,1,[NULL],9998
149,31,2,[NULL],9998
149,31,3,[NULL],9998
149,31,4,[NULL],9998
149,31,8,[NULL],9998
150,30,10,5,2
150,30,"3,11","0,1,2,4",2
150,30,7,4,2
150,30,"8,11",9,3
150,30,"9,11",4,3
150,30,11,[NULL],9000
150,30,"4,6",[NULL],9996
150,30,"0,1,6",[NULL],9997
150,30,"1,6",[NULL],9998
150,30,6,[NULL],9998
150,30,2,[NULL],9998
150,30,5,[NULL],9998
151,29,8,5,2
151,29,6,9,3
151,29,7,5,3
151,29,3,5,4
151,29,"0,1,5",[NULL],9997
151,29,"1,5",[NULL],9998
151,29,5,[NULL],9998
151,29,2,[NULL],9998
151,29,4,[NULL],9998
152,28,6,5,2
152,28,7,2,2
152,28,5,6,4
152,28,"0,1,4","0,6,8",4
152,28,"1,4",[NULL],9998
152,28,4,[NULL],9998
152,28,2,[NULL],9998
152,28,3,[NULL],9998
153,27,7,5,2
153,27,"3,8",3,2
153,27,4,10,3
153,27,2,2,3
153,27,8,[NULL],9996
153,27,6,[NULL],9996
153,27,"0,1,5",[NULL],9997
153,27,"1,5",[NULL],9998
153,27,5,[NULL],9998
154,26,8,5,2
154,26,3,3,2
154,26,10,6,2
154,26,7,11,3
154,26,4,7,3
154,26,6,[NULL],9996
154,26,"2,9",[NULL],9996
154,26,0,[NULL],9998
154,26,1,[NULL],9998
154,26,9,[NULL],9998
154,26,5,[NULL],9998
155,25,9,7,2
155,25,6,7,3
155,25,4,6,4
155,25,5,[NULL],4
155,25,3,3,5
155,25,7,[NULL],9997
155,25,8,[NULL],9997
155,25,2,[NULL],9997
155,25,0,[NULL],9998
155,25,1,[NULL],9998
156,24,8,1,2
156,24,4,5,3
156,24,7,[NULL],5
156,24,2,[NULL],5
156,24,5,[NULL],9000
156,24,6,[NULL],9996
156,24,1,[NULL],9996
156,24,0,[NULL],9998
156,24,3,[NULL],9998
157,23,11,7,2
157,23,"3,10","2,3",2
157,23,"9,10,12","4,8",2
157,23,10,3,2
157,23,12,8,2
157,23,7,7,3
157,23,8,[NULL],9996
157,23,5,[NULL],9996
157,23,1,[NULL],9996
157,23,6,[NULL],9997
157,23,0,[NULL],9998
157,23,2,[NULL],9998
157,23,4,[NULL],9998
158,22,4,1,3
158,22,5,[NULL],9000
158,22,6,[NULL],9996
158,22,3,[NULL],9996
158,22,0,[NULL],9998
158,22,1,[NULL],9998
158,22,2,[NULL],9998
158,22,7,[NULL],9998
159,21,4,[NULL],9000
159,21,3,[NULL],9000
159,21,2,[NULL],9000
159,21,1,[NULL],9997
159,21,0,[NULL],9998
160,20,"4,5",2,2
160,20,"3,5","2,8",2
160,20,5,9,3
160,20,2,[NULL],9000
160,20,1,[NULL],9995
160,20,0,[NULL],9998
161,19,9,8,4
161,19,6,5,4
161,19,10,[NULL],9000
161,19,8,[NULL],9996
161,19,7,[NULL],9997
161,19,5,[NULL],9997
161,19,0,[NULL],9998
161,19,1,[NULL],9998
161,19,2,[NULL],9998
161,19,3,[NULL],9998
161,19,4,[NULL],9998
162,18,4,3,2
162,18,7,4,2
162,18,8,8,2
162,18,10,12,3
162,18,9,[NULL],9993
162,18,0,[NULL],9998
162,18,1,[NULL],9998
162,18,2,[NULL],9998
162,18,3,[NULL],9998
162,18,5,[NULL],9998
162,18,6,[NULL],9998
163,17,"3,4",4,2
163,17,4,"3,4,7",2
163,17,5,[NULL],9992
163,17,"0,1",[NULL],9995
163,17,1,[NULL],9998
163,17,2,[NULL],9998
163,17,6,[NULL],9998
164,16,9,3,2
164,16,5,8,2
164,16,4,6,2
164,16,8,[NULL],9991
164,16,6,[NULL],9994
164,16,7,[NULL],9997
164,16,2,[NULL],9997
164,16,0,[NULL],9998
164,16,1,[NULL],9998
164,16,3,[NULL],9998
165,15,"1,4",1,2
165,15,"4,6","1,2",2
165,15,6,10,2
165,15,8,9,2
165,15,9,[NULL],9000
165,15,7,[NULL],9997
165,15,5,[NULL],9997
165,15,3,[NULL],9997
165,15,0,[NULL],9997
165,15,2,[NULL],9998
166,14,"10,11",7,3
166,14,11,3,3
166,14,9,3,4
166,14,5,[NULL],9991
166,14,6,[NULL],9995
166,14,4,[NULL],9996
166,14,3,[NULL],9997
166,14,2,[NULL],9997
166,14,0,[NULL],9998
166,14,1,[NULL],9998
166,14,7,[NULL],9998
166,14,8,[NULL],9998
167,13,0,1,2
167,13,5,7,2
167,13,8,8,2
167,13,6,[NULL],2
167,13,"3,4",4,4
167,13,4,[NULL],9991
167,13,7,[NULL],9992
167,13,1,[NULL],9997
167,13,2,[NULL],9997
168,12,6,6,2
168,12,4,[NULL],9991
168,12,1,[NULL],9992
168,12,5,[NULL],9995
168,12,2,[NULL],9995
168,12,0,[NULL],9996
168,12,3,[NULL],9998
169,11,5,0,2
169,11,6,[NULL],9991
169,11,7,[NULL],9991
169,11,4,[NULL],9991
169,11,3,[NULL],9996
169,11,2,[NULL],9996
169,11,0,[NULL],9996
169,11,1,[NULL],9997
170,10,5,[NULL],9995
170,10,6,[NULL],9995
170,10,7,[NULL],9995
170,10,"2,3",[NULL],9997
170,10,3,[NULL],9997
170,10,0,[NULL],9998
170,10,1,[NULL],9998
170,10,4,[NULL],9998
171,9,4,0,2
171,9,9,[NULL],9989
171,9,5,[NULL],9997
171,9,"2,7",[NULL],9997
171,9,7,[NULL],9997
171,9,8,[NULL],9997
171,9,6,[NULL],9997
171,9,3,[NULL],9997
171,9,0,[NULL],9998
171,9,1,[NULL],9998
172,8,10,1,2
172,8,7,[NULL],9987
172,8,5,[NULL],9990
172,8,9,[NULL],9994
172,8,8,[NULL],9994
172,8,6,[NULL],9997
172,8,0,[NULL],9997
172,8,1,[NULL],9997
172,8,3,[NULL],9997
172,8,"2,4",[NULL],9997
172,8,4,[NULL],9997
173,7,5,[NULL],9000
173,7,4,[NULL],9994
173,7,3,[NULL],9994
173,7,0,[NULL],9997
173,7,1,[NULL],9998
173,7,2,[NULL],9998
173,7,6,[NULL],9998
174,6,4,[NULL],9991
174,6,5,[NULL],9994
174,6,1,[NULL],9996
174,6,0,[NULL],9997
174,6,2,[NULL],9998
174,6,3,[NULL],9998
175,5,5,[NULL],9994
175,5,"3,4",[NULL],9995
175,5,2,[NULL],9997
175,5,0,[NULL],9998
175,5,1,[NULL],9998
175,5,4,[NULL],9998
176,4,2,[NULL],9995
176,4,0,[NULL],9996
176,4,1,[NULL],9997
177,3,0,[NULL],9998
