stem,s,base,diff,level
0,0,0,[NULL],9000
1,1,0,[NULL],9000
3,1,0,[NULL],9000
3,2,0,[NULL],9000
3,3,0,[NULL],9000
3,4,0,[NULL],9000
3,5,0,[NULL],9000
6,2,0,[NULL],9000
7,1,0,[NULL],9000
3,6,0,[NULL],9000
3,7,0,[NULL],9000
7,3,0,[NULL],9000
8,2,0,[NULL],9000
3,8,0,[NULL],9000
7,4,0,[NULL],9000
3,9,0,[NULL],9000
7,5,0,[NULL],9000
8,4,0,[NULL],9000
3,10,0,[NULL],9000
7,6,0,[NULL],9000
10,3,0,[NULL],9000
3,11,0,[NULL],9000
7,7,0,[NULL],9000
9,5,0,[NULL],9000
10,4,0,[NULL],9000
3,12,0,[NULL],9000
7,8,0,[NULL],9000
10,5,0,[NULL],9000
3,13,0,[NULL],9000
7,9,0,[NULL],9000
10,6,0,[NULL],9000
14,2,0,[NULL],9000
15,1,0,[NULL],9000
3,14,0,[NULL],9000
7,10,0,[NULL],9000
3,15,0,[NULL],9000
7,11,0,[NULL],9000
15,3,0,[NULL],9000
16,2,0,[NULL],9000
3,16,0,[NULL],9000
7,12,0,[NULL],9000
3,17,0,[NULL],9000
7,13,0,[NULL],9000
18,2,0,[NULL],9000
3,18,0,[NULL],9000
7,14,0,[NULL],9000
18,3,0,[NULL],9000
3,19,0,[NULL],9000
7,15,0,[NULL],9000
15,7,0,[NULL],9000
18,4,1,[NULL],9000
18,4,0,[NULL],9000
19,3,0,[NULL],9000
3,20,0,[NULL],9000
7,16,0,[NULL],9000
15,8,0,[NULL],9000
18,5,0,[NULL],9000
3,21,0,[NULL],9000
7,17,0,[NULL],9000
15,9,0,[NULL],9000
16,8,0,[NULL],9000
18,6,0,[NULL],9000
20,4,0,[NULL],9000
21,3,0,[NULL],9000
3,22,0,[NULL],9000
7,18,0,[NULL],9000
15,10,0,[NULL],9000
18,7,0,[NULL],9000
3,23,0,[NULL],9000
7,19,0,[NULL],9000
15,11,0,[NULL],9000
17,9,0,[NULL],9000
18,8,0,[NULL],9000
21,5,0,[NULL],9000
22,4,0,[NULL],9000
3,24,0,[NULL],9000
7,20,0,[NULL],9000
15,12,0,[NULL],9000
18,9,0,[NULL],9000
22,5,0,[NULL],9000
3,25,0,[NULL],9000
7,21,0,[NULL],9000
15,13,0,[NULL],9000
18,10,0,[NULL],9000
22,6,0,[NULL],9000
23,5,0,[NULL],9000
24,4,0,[NULL],9000
3,26,0,[NULL],9000
7,22,0,[NULL],9000
15,14,0,[NULL],9000
22,7,0,[NULL],9000
3,27,0,[NULL],9000
7,23,0,[NULL],9000
15,15,0,[NULL],9000
22,8,0,[NULL],9000
3,28,0,[NULL],9000
7,24,0,[NULL],9000
15,16,0,[NULL],9000
22,9,0,[NULL],9000
26,5,0,[NULL],9000
30,1,0,0,9998
3,29,0,[NULL],9000
7,25,0,[NULL],9000
15,17,0,[NULL],9000
22,10,0,[NULL],9000
26,6,0,[NULL],9000
29,3,0,0,2
30,2,1,[NULL],9000
30,2,0,1,9998
31,1,0,[NULL],9000
3,30,0,[NULL],9000
7,26,0,[NULL],9000
15,18,0,[NULL],9000
22,11,0,[NULL],9000
26,7,0,[NULL],9000
29,4,1,0,2
29,4,0,[NULL],9000
30,3,0,0,9997
31,2,0,0,9998
3,31,0,[NULL],9000
7,27,0,[NULL],9000
15,19,0,[NULL],9000
26,8,0,[NULL],9000
29,5,0,[NULL],9000
30,4,0,0,2
30,4,1,[NULL],9000
31,3,0,[NULL],9000
32,2,0,[NULL],9000
3,32,0,[NULL],9000
7,28,0,[NULL],9000
15,20,0,[NULL],9000
26,9,0,[NULL],9000
29,6,0,0,3
30,5,0,[NULL],9000
30,5,1,[NULL],9000
32,3,0,1,9998
33,2,0,0,9998
3,33,0,[NULL],9000
7,29,0,[NULL],9000
15,21,0,[NULL],9000
24,12,0,[NULL],9000
26,10,0,[NULL],9000
30,6,1,[NULL],9000
30,6,0,[NULL],9000
31,5,1,0,2
31,5,0,[NULL],9000
32,4,0,0,2
33,3,0,[NULL],9000
33,3,1,[NULL],9000
34,2,0,[NULL],9000
3,34,0,[NULL],9000
7,30,0,[NULL],9000
15,22,0,[NULL],9000
26,11,0,[NULL],9000
30,7,0,[NULL],9000
31,6,0,[NULL],9000
32,5,0,[NULL],9000
33,4,1,[NULL],9000
33,4,0,[NULL],9000
34,3,0,1,9998
3,35,0,[NULL],9000
7,31,0,[NULL],9000
15,23,0,[NULL],9000
25,13,0,[NULL],9000
26,12,0,[NULL],9000
30,8,0,[NULL],9000
31,7,0,[NULL],9992
32,6,0,[NULL],9000
32,6,1,[NULL],9000
33,5,1,0,2
33,5,0,0,9998
34,4,0,1,9998
3,36,0,[NULL],9000
7,32,0,[NULL],9000
15,24,0,[NULL],9000
26,13,0,[NULL],9000
30,9,0,[NULL],9000
32,7,0,0,2
33,6,1,0,2
33,6,0,[NULL],9000
34,5,0,1,9998
36,3,0,0,9998
37,2,0,0,9998
3,37,0,[NULL],9000
7,33,0,[NULL],9000
15,25,0,[NULL],9000
26,14,0,[NULL],9000
30,10,0,[NULL],9000
32,8,0,[NULL],9000
33,7,1,0,2
33,7,0,[NULL],9000
34,6,0,0,9997
35,5,0,0,2
36,4,0,0,2
37,3,1,[NULL],9000
37,3,0,0,9998
38,2,0,[NULL],9000
3,38,0,[NULL],9000
7,34,0,[NULL],9000
15,26,0,[NULL],9000
30,11,0,[NULL],9000
33,8,0,[NULL],9000
34,7,0,[NULL],9000
35,6,0,[NULL],9000
36,5,0,0,2
37,4,0,[NULL],9000
38,3,0,1,9998
3,39,0,[NULL],9000
7,35,0,[NULL],9000
15,27,0,[NULL],9000
30,12,0,[NULL],9000
33,9,0,0,3
34,8,0,[NULL],9000
35,7,0,[NULL],9000
36,6,0,[NULL],9000
37,5,1,0,2
37,5,0,[NULL],9000
38,4,2,[NULL],9000
38,4,0,[NULL],9000
38,4,1,0,9997
39,3,0,[NULL],9000
3,40,0,[NULL],9000
7,36,0,[NULL],9000
15,28,0,[NULL],9000
30,13,0,[NULL],9000
34,9,0,[NULL],9000
38,5,0,0,9996
39,4,0,2,9998
3,41,0,[NULL],9000
7,37,0,[NULL],9000
15,29,0,[NULL],9000
30,14,0,[NULL],9000
34,10,0,[NULL],9000
37,7,0,1,3
38,6,2,0,2
38,6,1,[NULL],9000
38,6,0,0,9996
39,5,1,[NULL],9000
39,5,0,[NULL],9000
40,4,0,[NULL],9000
41,3,0,[NULL],9000
3,42,0,[NULL],9000
7,38,0,[NULL],9000
15,30,0,[NULL],9000
30,15,0,[NULL],9000
34,11,0,[NULL],9000
37,8,0,[NULL],9000
38,7,0,[NULL],9000
39,6,0,0,9998
40,5,0,[NULL],9000
41,4,0,[NULL],9000
3,43,0,[NULL],9000
7,39,0,[NULL],9000
15,31,0,[NULL],9000
34,12,0,[NULL],9000
37,9,0,0,4
38,8,0,0,2
38,8,1,[NULL],9000
39,7,0,[NULL],9000
40,6,1,[NULL],9000
40,6,0,[NULL],9000
41,5,0,[NULL],9000
3,44,0,[NULL],9000
7,40,0,[NULL],9000
15,32,0,[NULL],9000
34,13,0,[NULL],9000
37,10,0,0,4
38,9,0,[NULL],9000
38,9,1,[NULL],9000
40,7,1,[NULL],9000
40,7,0,0,9997
41,6,1,[NULL],9000
41,6,0,0,9997
44,3,0,0,9998
45,2,0,0,9997
3,45,0,[NULL],9000
7,41,0,[NULL],9000
15,33,0,[NULL],9000
32,16,0,[NULL],9000
34,14,0,[NULL],9000
38,10,0,[NULL],9000
40,8,0,[NULL],9000
41,7,1,[NULL],9000
41,7,0,0,9997
43,5,0,0,2
44,4,1,[NULL],9000
44,4,0,0,9998
45,3,1,[NULL],9000
45,3,0,0,9997
3,46,0,[NULL],9000
7,42,0,[NULL],9000
15,34,0,[NULL],9000
34,15,0,[NULL],9000
38,11,0,[NULL],9000
39,10,0,0,3
40,9,0,0,3
41,8,0,0,9997
43,6,0,0,2
44,5,0,0,3
45,4,0,1,9997
46,3,0,0,9997
3,47,0,[NULL],9000
7,43,0,[NULL],9000
15,35,0,[NULL],9000
33,17,0,[NULL],9000
34,16,0,[NULL],9000
38,12,0,[NULL],9000
39,11,0,[NULL],9992
40,10,0,0,3
44,6,0,0,3
45,5,1,[NULL],9000
45,5,0,[NULL],9000
46,4,0,[NULL],9000
3,48,0,[NULL],9000
7,44,0,[NULL],9000
15,36,0,[NULL],9000
34,17,0,[NULL],9000
38,13,0,[NULL],9000
40,11,0,0,3
43,8,0,[NULL],9000
44,7,1,0,3
44,7,0,0,9998
45,6,0,0,3
45,6,1,[NULL],9000
47,4,0,0,9997
48,3,0,0,9997
3,49,0,[NULL],9000
7,45,0,[NULL],9000
15,37,0,[NULL],9000
34,18,0,[NULL],9000
38,14,0,[NULL],9000
40,12,0,[NULL],9000
43,9,0,0,2
44,8,0,0,9998
45,7,0,[NULL],9000
47,5,1,[NULL],9000
47,5,0,0,9996
48,4,1,[NULL],9000
48,4,0,0,9997
3,50,0,[NULL],9000
7,46,0,[NULL],9000
15,38,0,[NULL],9000
38,15,0,[NULL],9000
43,10,0,0,2
44,9,0,[NULL],9000
45,8,0,[NULL],9000
46,7,0,0,3
47,6,0,0,3
48,5,"0,1",[NULL],9000
48,5,1,1,9997
49,4,0,0,9998
3,51,0,[NULL],9000
7,47,0,[NULL],9000
15,39,0,[NULL],9000
38,16,0,[NULL],9000
45,9,1,[NULL],9000
45,9,0,[NULL],9000
46,8,"0,1",0,9996
46,8,1,0,9997
47,7,0,0,3
48,6,0,0,2
49,5,0,[NULL],9000
50,4,0,[NULL],9000
3,52,0,[NULL],9000
7,48,0,[NULL],9000
15,40,0,[NULL],9000
38,17,0,[NULL],9000
42,13,0,[NULL],9000
46,9,0,0,4
46,9,1,0,9996
47,8,1,0,3
47,8,0,0,9998
50,5,0,0,9998
51,4,0,[NULL],9000
3,53,0,[NULL],9000
7,49,0,[NULL],9000
15,41,0,[NULL],9000
38,18,0,[NULL],9000
42,14,0,[NULL],9000
45,11,0,0,3
46,10,0,0,2
46,10,1,0,9996
47,9,0,0,9996
49,7,0,0,2
50,6,0,[NULL],9000
51,5,0,[NULL],9000
3,54,0,[NULL],9000
7,50,0,[NULL],9000
15,42,0,[NULL],9000
38,19,0,[NULL],9000
42,15,0,[NULL],9000
45,12,0,"0,1",4
46,11,0,[NULL],9000
47,10,0,1,9998
49,8,0,[NULL],9000
51,6,0,[NULL],9000
52,5,0,0,9993
3,55,0,[NULL],9000
7,51,0,[NULL],9000
15,43,0,[NULL],9000
42,16,0,[NULL],9000
45,13,0,1,4
46,12,1,0,2
46,12,0,[NULL],9000
49,9,0,[NULL],9000
50,8,0,0,9998
52,6,0,[NULL],9000
53,5,0,[NULL],9996
3,56,0,[NULL],9000
7,52,0,[NULL],9000
15,44,0,[NULL],9000
42,17,0,[NULL],9000
45,14,0,1,4
46,13,0,0,4
46,13,1,[NULL],9000
48,11,0,0,9997
49,10,0,0,2
50,9,0,[NULL],9000
53,6,0,[NULL],9997
3,57,0,[NULL],9000
7,53,0,[NULL],9000
15,45,0,[NULL],9000
40,20,0,[NULL],9000
42,18,0,[NULL],9000
46,14,0,[NULL],9000
49,11,0,0,9998
50,10,0,[NULL],9000
51,9,0,[NULL],9000
53,7,0,[NULL],9000
54,6,0,[NULL],9000
55,5,0,[NULL],9000
3,58,0,[NULL],9000
7,54,0,[NULL],9000
15,46,0,[NULL],9000
42,19,0,[NULL],9000
46,15,0,[NULL],9000
47,14,0,0,3
48,13,0,0,2
49,12,0,0,9998
52,9,0,[NULL],4
53,8,0,0,9998
3,59,0,[NULL],9000
7,55,0,[NULL],9000
15,47,0,[NULL],9000
41,21,0,[NULL],9000
42,20,0,[NULL],9000
46,16,0,[NULL],9000
47,15,0,[NULL],9992
48,14,0,0,2
49,13,0,0,9998
50,12,0,0,9998
52,10,0,0,2
53,9,0,0,9996
54,8,0,[NULL],9000
3,60,0,[NULL],9000
7,56,0,[NULL],9000
15,48,0,[NULL],9000
42,21,0,[NULL],9000
46,17,0,[NULL],9000
48,15,0,0,2
49,14,0,0,2
50,13,0,0,9998
51,12,0,0,7
52,11,0,0,9998
57,6,0,[NULL],9000
60,3,0,[NULL],9000
3,61,0,[NULL],9000
7,57,0,[NULL],9000
15,49,0,[NULL],9000
42,22,0,[NULL],9000
46,18,0,[NULL],9000
48,16,0,[NULL],9000
49,15,0,0,2
50,14,0,0,9998
51,13,0,0,2
52,12,0,0,9998
54,10,0,[NULL],9000
55,9,"0,1",[NULL],9000
55,9,1,[NULL],9000
57,7,0,[NULL],9000
57,7,1,0,9996
60,4,0,[NULL],9000
62,2,0,[NULL],9000
63,1,0,[NULL],9000
3,62,0,[NULL],9000
7,58,0,[NULL],9000
15,50,0,[NULL],9000
46,19,0,[NULL],9000
49,16,0,0,2
50,15,0,0,9998
51,14,0,0,2
52,13,0,0,4
57,8,0,[NULL],9000
60,5,1,[NULL],9000
60,5,0,[NULL],9000
61,4,0,[NULL],9000
3,63,0,[NULL],9000
7,59,0,[NULL],9000
15,51,0,[NULL],9000
46,20,0,[NULL],9000
49,17,0,0,2
50,16,0,[NULL],9000
54,12,0,0,9996
55,11,1,[NULL],9000
55,11,0,1,9998
56,10,1,[NULL],9000
56,10,0,[NULL],9000
57,9,0,[NULL],9000
60,6,0,[NULL],9000
62,4,0,[NULL],9000
63,3,0,[NULL],9000
64,2,0,[NULL],9000
3,64,0,[NULL],9000
7,60,0,[NULL],9000
15,52,0,[NULL],9000
46,21,0,[NULL],9000
50,17,0,[NULL],9000
54,13,1,0,2
54,13,0,0,9998
55,12,0,1,9998
56,11,0,1,4
57,10,1,[NULL],9000
57,10,0,0,9998
60,7,1,[NULL],9000
60,7,0,[NULL],9000
61,6,1,[NULL],9000
61,6,2,[NULL],9000
61,6,0,0,9998
62,5,0,[NULL],9000
3,65,0,[NULL],9000
7,61,0,[NULL],9000
15,53,0,[NULL],9000
46,22,0,[NULL],9000
50,18,0,[NULL],9000
53,15,0,0,2
54,14,1,0,2
54,14,0,0,9997
55,13,0,0,9996
56,12,0,0,2
57,11,1,[NULL],9000
57,11,0,0,9998
60,8,0,"0,1",2
61,7,0,0,9998
62,6,0,[NULL],9000
63,5,0,1,9998
65,3,0,[NULL],9000
66,2,0,[NULL],9000
3,66,0,[NULL],9000
7,62,0,[NULL],9000
15,54,0,[NULL],9000
46,23,0,[NULL],9000
50,19,0,[NULL],9000
53,16,0,0,4
54,15,0,0,9997
55,14,0,"0,1",9998
56,13,0,0,2
57,12,0,[NULL],9000
57,12,1,0,9998
58,11,0,0,9998
59,10,0,0,9997
60,9,0,0,2
61,8,0,[NULL],9000
62,7,1,0,2
62,7,0,[NULL],9000
62,7,2,0,9998
63,6,0,[NULL],9000
63,6,1,[NULL],9000
65,4,0,[NULL],9000
66,3,0,1,9998
3,67,0,[NULL],9000
7,63,0,[NULL],9000
15,55,0,[NULL],9000
50,20,0,[NULL],9000
53,17,0,0,3
54,16,"0,1",0,2
54,16,1,[NULL],9000
56,14,0,1,2
57,13,0,0,2
57,13,1,1,9998
58,12,0,0,9998
61,9,0,2,2
62,8,2,[NULL],9000
62,8,1,[NULL],9000
62,8,0,[NULL],9000
63,7,1,[NULL],9000
63,7,0,[NULL],9000
64,6,0,2,9998
65,5,1,0,2
65,5,0,[NULL],9000
66,4,0,0,9998
3,68,0,[NULL],9000
7,64,0,[NULL],9000
15,56,0,[NULL],9000
50,21,0,[NULL],9000
53,18,0,0,3
54,17,0,0,4
54,17,1,[NULL],9000
56,15,1,1,2
56,15,0,0,9997
57,14,0,0,2
57,14,1,0,9997
58,13,0,0,3
63,8,2,0,2
63,8,1,[NULL],9000
63,8,0,[NULL],9000
64,7,1,[NULL],9000
64,7,0,0,9997
65,6,0,0,2
65,6,1,[NULL],9000
66,5,0,0,9998
3,69,0,[NULL],9000
7,65,0,[NULL],9000
15,57,0,[NULL],9000
48,24,0,[NULL],9000
50,22,0,[NULL],9000
54,18,0,[NULL],9000
57,15,0,0,9997
60,12,1,[NULL],9000
60,12,0,0,9996
61,11,"0,1",[NULL],9000
61,11,1,0,9998
62,10,0,[NULL],9000
63,9,"0,2",[NULL],9000
63,9,1,[NULL],9000
63,9,2,[NULL],9000
64,8,0,[NULL],9000
65,7,0,0,2
66,6,1,[NULL],9000
66,6,0,1,9998
67,5,0,[NULL],9000
67,5,1,[NULL],9000
68,4,0,[NULL],9000
69,3,0,[NULL],9000
70,2,0,[NULL],9000
3,70,0,[NULL],9000
7,66,0,[NULL],9000
15,58,0,[NULL],9000
50,23,0,[NULL],9000
54,19,0,[NULL],9000
55,18,0,0,3
56,17,0,1,3
57,16,0,0,9997
60,13,0,1,2
61,12,0,0,9998
63,10,0,0,3
64,9,0,1,9998
65,8,1,0,2
65,8,0,0,9995
66,7,0,[NULL],9000
66,7,2,1,9998
66,7,1,0,9998
67,6,0,[NULL],9000
68,5,0,0,9998
3,71,0,[NULL],9000
7,67,0,[NULL],9000
15,59,0,[NULL],9000
49,25,0,[NULL],9000
50,24,0,[NULL],9000
54,20,0,[NULL],9000
55,19,0,[NULL],9992
56,18,0,0,3
60,14,0,0,2
61,13,0,0,9996
62,12,0,[NULL],9000
63,11,1,0,2
63,11,0,[NULL],9000
64,10,1,[NULL],9000
64,10,0,1,9998
65,9,1,2,2
65,9,0,1,2
66,8,0,[NULL],9000
66,8,1,1,9998
67,7,0,0,2
68,6,0,[NULL],9000
69,5,1,[NULL],9000
69,5,0,[NULL],9000
70,4,1,[NULL],9991
70,4,0,0,9998
71,3,0,[NULL],9000
3,72,0,[NULL],9000
7,68,0,[NULL],9000
15,60,0,[NULL],9000
50,25,0,[NULL],9000
54,21,0,[NULL],9000
56,19,0,0,3
59,16,0,0,4
60,15,0,0,9998
63,12,1,0,2
63,12,0,[NULL],9000
64,11,0,0,9998
64,11,1,1,9998
65,10,1,1,2
65,10,0,[NULL],9000
66,9,0,1,9998
67,8,0,[NULL],9000
68,7,1,[NULL],9000
68,7,0,0,9998
69,6,0,0,2
69,6,1,[NULL],9000
70,5,0,0,9998
70,5,1,1,9998
71,4,0,1,9997
3,73,0,[NULL],9000
7,69,0,[NULL],9000
15,61,0,[NULL],9000
50,26,0,[NULL],9000
54,22,0,[NULL],9000
56,20,0,[NULL],9000
59,17,0,0,2
60,16,0,0,9998
63,13,0,0,2
63,13,1,1,2
64,12,0,0,9998
65,11,1,0,2
65,11,0,[NULL],9000
66,10,1,[NULL],9000
66,10,0,0,9997
67,9,0,0,2
67,9,1,[NULL],9000
68,8,1,[NULL],9000
68,8,0,0,9998
69,7,0,0,2
69,7,1,1,2
70,6,3,[NULL],9000
70,6,"0,1",2,9997
70,6,1,[NULL],9997
70,6,2,1,9998
71,5,1,[NULL],9000
71,5,0,1,9996
3,74,0,[NULL],9000
7,70,0,[NULL],9000
15,62,0,[NULL],9000
54,23,0,[NULL],9000
59,18,0,0,2
60,17,0,0,4
63,14,0,0,2
64,13,0,0,5
65,12,0,[NULL],9000
66,11,0,0,9997
67,10,0,0,2
68,9,2,[NULL],9000
68,9,"0,1",[NULL],9000
68,9,1,[NULL],9000
69,8,1,2,2
69,8,0,0,9998
69,8,2,1,9998
70,7,1,0,3
70,7,0,1,9998
71,6,0,0,9996
72,5,0,[NULL],9996
73,4,0,0,9997
3,75,0,[NULL],9000
7,71,0,[NULL],9000
15,63,0,[NULL],9000
54,24,0,[NULL],9000
62,16,0,0,9996
63,15,0,1,9998
65,13,0,0,3
65,13,1,[NULL],9000
66,12,0,[NULL],9000
66,12,1,0,9996
66,12,2,0,9997
67,11,0,[NULL],9000
68,10,0,0,2
68,10,1,2,2
69,9,1,0,2
69,9,2,"0,1",3
69,9,0,0,9998
70,8,0,[NULL],9000
70,8,1,3,9998
71,7,0,[NULL],9000
72,6,1,[NULL],9000
72,6,0,[NULL],9000
73,5,0,1,9997
3,76,0,[NULL],9000
7,72,0,[NULL],9000
15,64,0,[NULL],9000
54,25,0,[NULL],9000
58,21,0,[NULL],9000
62,17,1,0,2
62,17,0,0,9998
63,16,0,1,9998
65,14,0,0,3
66,13,0,1,9997
68,11,0,0,2
69,10,3,1,2
69,10,1,[NULL],4
69,10,0,[NULL],9000
69,10,2,[NULL],9000
70,9,1,0,4
70,9,0,2,9998
70,9,2,1,9998
71,8,0,2,9997
72,7,0,0,3
73,6,0,[NULL],9000
74,5,0,0,9998
77,2,0,0,9998
3,77,0,[NULL],9000
7,73,0,[NULL],9000
15,65,0,[NULL],9000
54,26,0,[NULL],9000
58,22,0,[NULL],9000
61,19,0,0,2
62,18,1,0,2
62,18,0,0,9997
63,17,0,0,9996
65,15,0,2,3
66,14,0,1,9997
68,12,0,[NULL],9000
69,11,2,0,2
69,11,1,2,2
69,11,0,[NULL],9000
70,10,0,0,4
70,10,1,2,9998
71,9,1,[NULL],9000
71,9,0,0,9998
72,8,1,0,3
72,8,0,0,9998
73,7,0,0,2
73,7,1,[NULL],9000
74,6,1,[NULL],9000
74,6,0,0,9998
75,5,0,[NULL],9000
76,4,0,0,2
77,3,1,[NULL],9000
77,3,0,0,9998
78,2,0,[NULL],9000
3,78,0,[NULL],9000
7,74,0,[NULL],9000
15,66,0,[NULL],9000
54,27,0,[NULL],9000
58,23,0,[NULL],9000
61,20,0,0,4
62,19,0,0,9997
63,18,0,1,9998
65,16,1,0,3
65,16,0,1,4
66,15,1,1,9997
66,15,0,0,9998
67,14,0,0,9997
68,13,0,[NULL],9000
69,12,2,1,2
69,12,0,[NULL],9000
69,12,1,[NULL],9000
70,11,0,0,2
70,11,2,0,3
70,11,1,0,9997
71,10,0,0,2
72,9,0,0,9998
73,8,0,0,2
74,7,0,[NULL],9000
75,6,0,0,9997
76,5,0,0,2
77,4,0,0,9998
78,3,0,0,9998
3,79,0,[NULL],9000
7,75,0,[NULL],9000
15,67,0,[NULL],9000
58,24,0,[NULL],9000
61,21,0,0,3
62,20,1,0,2
62,20,0,[NULL],9000
65,17,0,0,2
65,17,1,0,3
66,16,1,1,9997
66,16,0,0,9998
69,13,1,[NULL],9000
69,13,0,[NULL],9000
70,12,1,[NULL],9000
70,12,0,2,9997
71,11,0,0,2
72,10,1,0,9994
72,10,0,0,9998
75,7,0,[NULL],9000
76,6,0,0,2
76,6,1,[NULL],9000
77,5,0,0,2
77,5,2,[NULL],9000
77,5,1,0,9998
78,4,0,[NULL],9000
79,3,0,[NULL],9000
3,80,0,[NULL],9000
7,76,0,[NULL],9000
15,68,0,[NULL],9000
58,25,0,[NULL],9000
61,22,0,0,3
62,21,0,0,4
62,21,1,[NULL],9000
64,19,0,0,9997
65,18,0,0,2
65,18,1,1,3
66,17,0,0,3
66,17,1,1,9997
69,14,0,1,3
70,13,0,1,9997
71,12,0,0,2
74,9,0,0,3
75,8,0,0,9997
76,7,0,1,2
77,6,0,1,9998
77,6,1,2,9998
78,5,0,"0,1",9996
79,4,0,0,9998
80,3,0,0,9998
3,81,0,[NULL],9000
7,77,0,[NULL],9000
15,69,0,[NULL],9000
56,28,0,[NULL],9000
58,26,0,[NULL],9000
62,22,0,[NULL],9000
65,19,1,1,3
65,19,0,0,9998
66,18,0,0,9996
68,16,0,0,9996
69,15,2,0,3
69,15,"0,1",[NULL],9000
69,15,1,0,9998
70,14,2,[NULL],9000
70,14,0,[NULL],9000
70,14,1,1,9997
71,13,1,[NULL],9000
71,13,0,0,9997
74,10,0,[NULL],9000
75,9,0,0,9997
76,8,1,0,2
76,8,2,1,2
76,8,0,1,9998
77,7,3,[NULL],9000
77,7,2,[NULL],9000
77,7,1,[NULL],9000
77,7,0,0,9998
78,6,0,0,2
78,6,1,[NULL],9000
79,5,0,0,2
80,4,1,[NULL],9993
80,4,0,[NULL],9993
81,3,0,[NULL],9000
3,82,0,[NULL],9000
7,78,0,[NULL],9000
15,70,0,[NULL],9000
58,27,0,[NULL],9000
62,23,0,[NULL],9000
63,22,0,0,3
64,21,0,0,2
65,20,1,1,3
65,20,0,0,9998
66,19,0,0,9996
68,17,0,0,2
69,16,1,0,3
69,16,0,0,9998
70,15,0,0,9997
74,11,0,0,3
75,10,1,0,2
75,10,0,[NULL],9000
76,9,0,0,2
76,9,1,[NULL],9000
77,8,0,[NULL],9000
80,5,0,[NULL],9000
81,4,0,0,9996
3,83,0,[NULL],9000
7,79,0,[NULL],9000
15,71,0,[NULL],9000
57,29,0,[NULL],9000
58,28,0,[NULL],9000
62,24,0,[NULL],9000
63,23,0,[NULL],9992
64,22,0,0,2
65,21,0,0,9998
66,20,0,0,9996
68,18,0,0,2
69,17,1,1,3
69,17,0,0,9996
70,16,0,0,3
70,16,1,0,9997
74,12,0,0,3
75,11,0,[NULL],9000
77,9,"0,1",0,4
77,9,2,[NULL],9000
77,9,1,0,9995
78,8,1,"0,2",9997
78,8,0,1,9998
80,6,0,[NULL],9000
81,5,1,[NULL],9000
81,5,0,0,9996
82,4,0,[NULL],9000
3,84,0,[NULL],9000
7,80,0,[NULL],9000
15,72,0,[NULL],9000
58,29,0,[NULL],9000
62,25,0,[NULL],9000
64,23,0,0,2
65,22,0,0,4
66,21,0,0,9996
67,20,0,0,4
68,19,0,0,9998
69,18,0,0,3
70,17,0,0,9997
71,16,0,1,6
72,15,0,0,9998
73,14,0,0,9996
74,13,0,[NULL],9000
77,10,1,0,2
77,10,0,0,9997
78,9,0,2,9997
78,9,1,1,9997
79,8,0,[NULL],9000
80,7,0,[NULL],9996
80,7,1,[NULL],9996
81,6,0,1,9996
83,4,0,2,9998
3,85,0,[NULL],9000
7,81,0,[NULL],9000
15,73,0,[NULL],9000
58,30,0,[NULL],9000
62,26,0,[NULL],9000
64,24,0,[NULL],9000
65,23,0,0,4
66,22,0,[NULL],9000
67,21,0,0,2
68,20,0,0,9998
69,19,0,1,3
70,18,0,0,9997
71,17,0,0,2
77,11,"0,2",1,3
77,11,2,[NULL],9000
77,11,1,[NULL],9000
78,10,2,[NULL],9000
78,10,0,0,9994
78,10,1,0,9997
79,9,1,[NULL],9000
79,9,0,[NULL],9000
80,8,0,0,4
81,7,1,[NULL],9000
81,7,0,3,9996
82,6,2,0,2
82,6,1,[NULL],9000
82,6,0,0,9997
83,5,0,[NULL],9000
83,5,1,[NULL],9988
84,4,1,[NULL],9000
84,4,0,0,9997
85,3,0,[NULL],9000
3,86,0,[NULL],9000
7,82,0,[NULL],9000
15,74,0,[NULL],9000
62,27,0,[NULL],9000
65,24,0,0,4
66,23,0,[NULL],9000
67,22,0,0,2
68,21,0,0,4
69,20,0,0,3
70,19,0,0,9995
76,13,0,0,3
77,12,2,0,3
77,12,1,1,3
77,12,0,0,9995
78,11,0,1,9997
78,11,1,"0,1",9997
79,10,0,0,9998
80,9,0,0,4
81,8,0,2,9996
3,87,0,[NULL],9000
7,83,0,[NULL],9000
15,75,0,[NULL],9000
62,28,0,[NULL],9000
65,25,0,0,4
66,24,0,[NULL],9000
69,21,0,0,3
70,20,1,0,9995
70,20,0,0,9997
71,19,0,0,9998
72,18,0,0,4
73,17,0,0,9998
74,16,0,0,9996
75,15,1,[NULL],9000
75,15,0,[NULL],9000
76,14,0,1,5
77,13,0,1,3
78,12,0,0,2
78,12,1,0,9997
79,11,0,[NULL],9000
80,10,1,0,4
80,10,2,[NULL],9000
80,10,0,[NULL],9997
81,9,0,0,3
81,9,1,[NULL],9000
82,8,0,[NULL],9000
83,7,0,0,3
84,6,1,[NULL],9000
84,6,0,[NULL],9990
85,5,2,[NULL],9000
85,5,0,[NULL],9991
85,5,1,0,9996
86,4,0,[NULL],9000
3,88,0,[NULL],9000
7,84,0,[NULL],9000
15,76,0,[NULL],9000
62,29,0,[NULL],9000
66,25,0,[NULL],9000
70,21,0,0,2
70,21,1,0,9995
71,20,0,0,9998
72,19,0,0,2
73,18,0,0,9998
77,14,1,0,3
77,14,0,"0,1",3
78,13,0,1,9997
80,11,3,0,4
80,11,2,[NULL],9000
80,11,1,[NULL],9000
80,11,0,1,9998
81,10,2,[NULL],9000
81,10,3,[NULL],9000
81,10,1,"2,3",9998
81,10,0,1,9998
82,9,0,[NULL],9000
83,8,0,[NULL],9991
84,7,0,[NULL],9000
84,7,1,0,9996
85,6,1,1,9996
85,6,0,"0,1",9998
3,89,0,[NULL],9000
7,85,0,[NULL],9000
15,77,0,[NULL],9000
62,30,0,[NULL],9000
66,26,0,[NULL],9000
69,23,0,0,3
70,22,0,0,2
70,22,1,[NULL],9000
71,21,0,0,9996
72,20,0,0,2
73,19,0,0,9998
77,15,0,1,3
78,14,0,[NULL],9000
78,14,1,0,9997
79,13,1,0,2
79,13,2,[NULL],9000
79,13,0,[NULL],9000
80,12,"2,3",1,2
80,12,1,0,2
80,12,3,0,4
80,12,0,[NULL],9000
81,11,3,[NULL],9000
81,11,2,[NULL],9000
81,11,0,[NULL],9000
81,11,1,2,9998
82,10,0,[NULL],9000
84,8,"0,1",0,2
84,8,1,[NULL],9000
85,7,1,[NULL],9000
85,7,2,2,9996
85,7,0,1,9998
86,6,1,[NULL],9000
86,6,0,[NULL],9000
87,5,0,[NULL],9997
3,90,0,[NULL],9000
7,86,0,[NULL],9000
15,78,0,[NULL],9000
62,31,0,[NULL],9000
66,27,0,[NULL],9000
69,24,0,0,5
70,23,0,[NULL],9000
71,22,0,0,9998
72,21,0,0,2
73,20,0,0,4
73,20,1,0,9998
74,19,0,0,9998
75,18,0,0,9997
76,17,0,0,5
77,16,1,0,3
77,16,0,0,6
78,15,0,"0,1",9996
78,15,1,0,9997
79,14,0,0,9996
80,13,2,1,2
80,13,1,[NULL],9000
80,13,0,0,9998
81,12,"0,1",[NULL],9000
81,12,1,1,9998
84,9,1,0,2
84,9,0,1,4
85,8,0,[NULL],9000
85,8,1,2,9996
87,6,0,[NULL],9000
88,5,0,0,9998
3,91,0,[NULL],9000
7,87,0,[NULL],9000
15,79,0,[NULL],9000
66,28,0,[NULL],9000
69,25,0,1,5
70,24,0,0,2
70,24,1,[NULL],9000
72,22,0,1,2
73,21,0,0,2
73,21,1,1,9998
74,20,0,0,9998
77,17,0,1,3
78,16,0,2,9997
79,15,0,0,2
80,14,1,1,2
80,14,2,[NULL],9000
80,14,0,0,9998
81,13,0,[NULL],9000
82,12,0,[NULL],9000
83,11,0,1,4
83,11,1,0,9998
84,10,1,1,4
84,10,0,1,9998
85,9,0,1,9996
86,8,0,[NULL],9000
87,7,0,0,2
87,7,1,[NULL],9000
88,6,0,1,9998
3,92,0,[NULL],9000
7,88,0,[NULL],9000
15,80,0,[NULL],9000
66,29,0,[NULL],9000
69,26,0,1,5
70,25,0,0,4
70,25,1,[NULL],9000
72,23,1,1,2
72,23,0,0,9997
73,22,0,0,2
73,22,1,0,9997
74,21,0,0,3
77,18,0,1,3
78,17,0,0,9997
79,16,0,0,2
80,15,0,1,9998
81,14,0,[NULL],9000
82,13,0,1,2
83,12,1,0,2
83,12,0,0,9997
84,11,2,2,4
84,11,1,0,9996
84,11,0,1,9998
85,10,1,[NULL],9000
85,10,0,0,9998
87,8,1,0,2
87,8,0,0,9998
88,7,1,[NULL],9000
88,7,"0,2",[NULL],9997
88,7,2,1,9998
89,6,0,1,9998
92,3,0,0,9998
93,2,0,1,9998
3,93,0,[NULL],9000
7,89,0,[NULL],9000
15,81,0,[NULL],9000
64,32,0,[NULL],9000
66,30,0,[NULL],9000
70,26,0,[NULL],9000
73,23,0,0,9997
76,20,0,0,9996
77,19,2,0,3
77,19,"0,1",0,4
77,19,1,0,9998
78,18,0,0,4
78,18,1,0,9997
79,17,1,0,2
79,17,0,0,9997
80,16,2,[NULL],9000
80,16,0,0,9996
80,16,1,0,9998
81,15,1,[NULL],9000
81,15,0,[NULL],9000
82,14,0,[NULL],9000
83,13,1,0,2
83,13,0,[NULL],9000
84,12,0,0,2
84,12,2,1,4
84,12,1,1,9998
85,11,1,[NULL],9000
85,11,0,0,9998
86,10,0,0,2
87,9,1,2,2
87,9,0,1,9998
88,8,1,0,2
88,8,0,[NULL],9993
89,7,0,0,9996
91,5,0,0,2
91,5,1,0,9997
92,4,1,0,2
92,4,2,[NULL],9993
92,4,0,0,9998
93,3,1,[NULL],9000
93,3,0,2,9998
3,94,0,[NULL],9000
7,90,0,[NULL],9000
15,82,0,[NULL],9000
66,31,0,[NULL],9000
70,27,0,[NULL],9000
71,26,0,0,3
72,25,0,1,3
73,24,0,0,9997
76,21,0,1,2
77,20,0,0,3
77,20,1,0,9998
78,19,0,0,9997
79,18,0,1,2
80,17,0,0,9998
82,15,0,0,3
83,14,1,1,2
83,14,0,0,9998
84,13,0,0,2
84,13,1,0,4
85,12,2,[NULL],9000
85,12,1,[NULL],9000
85,12,0,0,9998
86,11,1,0,2
86,11,3,[NULL],9000
86,11,0,[NULL],9994
86,11,2,2,9998
87,10,1,[NULL],9000
87,10,0,1,9998
88,9,0,[NULL],9000
89,8,0,0,9996
91,6,0,0,2
92,5,2,0,2
92,5,1,[NULL],9994
92,5,0,2,9998
93,4,1,1,9997
93,4,0,0,9998
94,3,0,0,9998
3,95,0,[NULL],9000
7,91,0,[NULL],9000
15,83,0,[NULL],9000
65,33,0,[NULL],9000
66,32,0,[NULL],9000
70,28,0,[NULL],9000
71,27,0,[NULL],9992
72,26,0,0,3
76,22,0,1,2
77,21,0,1,3
77,21,1,0,9996
78,20,0,0,3
78,20,1,0,9997
79,19,0,0,2
80,18,0,1,9998
82,16,0,0,2
83,15,0,1,4
83,15,1,[NULL],9000
84,14,0,0,2
84,14,1,[NULL],9000
85,13,2,2,2
85,13,0,0,9995
85,13,1,1,9998
86,12,1,0,2
86,12,2,[NULL],9995
86,12,0,[NULL],9995
87,11,0,[NULL],9000
89,9,0,0,9995
90,8,0,1,3
91,7,2,0,2
91,7,0,[NULL],9989
91,7,1,1,9998
92,6,0,0,2
92,6,1,[NULL],9000
92,6,"2,3",[NULL],9995
92,6,3,[NULL],9995
92,6,4,1,9998
93,5,0,0,2
93,5,2,[NULL],9000
93,5,1,0,9996
94,4,0,[NULL],9000
3,96,0,[NULL],9000
7,92,0,[NULL],9000
15,84,0,[NULL],9000
66,33,0,[NULL],9000
70,29,0,[NULL],9000
72,27,0,0,3
75,24,0,0,4
76,23,0,0,9998
77,22,0,0,3
78,21,0,0,9997
79,20,1,0,2
79,20,0,0,4
80,19,1,1,9998
80,19,0,0,9998
81,18,0,0,9997
82,17,0,[NULL],9000
83,16,0,[NULL],9000
84,15,1,1,2
84,15,0,0,9996
85,14,0,0,9997
86,13,0,0,9998
87,12,1,[NULL],9000
87,12,0,2,9998
88,11,0,0,4
89,10,0,2,9995
90,9,1,1,2
90,9,0,0,9998
91,8,1,4,2
91,8,"0,2",[NULL],9000
91,8,2,1,9998
92,7,1,1,3
92,7,0,0,9998
93,6,0,[NULL],9000
93,6,1,0,9996
94,5,0,0,9998
95,4,0,2,9998
96,3,0,1,9998
3,97,0,[NULL],9000
7,93,0,[NULL],9000
15,85,0,[NULL],9000
66,34,0,[NULL],9000
70,30,0,[NULL],9000
72,28,0,[NULL],9000
75,25,0,0,2
76,24,0,0,9998
77,23,0,1,3
78,22,0,0,9997
79,21,1,1,2
79,21,0,0,2
80,20,0,0,9998
85,15,0,0,2
86,14,2,0,2
86,14,1,[NULL],9000
86,14,0,0,9998
87,13,1,[NULL],9000
87,13,2,[NULL],9000
87,13,0,[NULL],9000
88,12,0,0,4
89,11,0,0,2
89,11,1,[NULL],9000
90,10,1,0,2
90,10,0,0,9998
91,9,0,0,2
92,8,0,[NULL],9000
93,7,0,0,2
93,7,2,[NULL],9000
93,7,1,"0,1",9996
94,6,2,0,2
94,6,0,[NULL],9993
94,6,1,[NULL],9993
95,5,1,0,2
95,5,2,[NULL],9000
95,5,0,[NULL],9996
96,4,0,3,9996
96,4,1,[NULL],9996
3,98,0,[NULL],9000
7,94,0,[NULL],9000
15,86,0,[NULL],9000
70,31,0,[NULL],9000
75,26,0,0,2
76,25,0,1,4
77,24,0,0,3
78,23,0,0,9995
79,22,0,0,2
80,21,0,0,3
84,17,0,0,3
85,16,0,0,2
86,15,"0,1",[NULL],9000
86,15,1,0,9997
87,14,1,2,9998
87,14,0,0,9998
88,13,0,[NULL],9000
89,12,0,0,2
89,12,1,[NULL],9000
90,11,0,1,9996
91,10,"0,1",[NULL],9992
91,10,1,0,9998
92,9,0,1,4
92,9,1,0,9997
92,9,2,0,9998
93,8,2,[NULL],9994
93,8,0,[NULL],9994
93,8,1,"0,1",9995
94,7,1,[NULL],9000
94,7,2,1,9997
94,7,0,1,9998
95,6,2,[NULL],9000
95,6,1,[NULL],9961
95,6,0,[NULL],9995
96,5,1,2,9996
96,5,0,[NULL],9996
3,99,0,[NULL],9000
7,95,0,[NULL],9000
15,87,0,[NULL],9000
70,32,0,[NULL],9000
77,25,0,0,3
78,24,1,0,9995
78,24,0,0,9997
79,23,0,0,9998
82,20,0,0,9996
83,19,0,0,4
84,18,0,0,5
85,17,1,[NULL],9000
85,17,0,0,9996
86,16,2,1,2
86,16,0,0,2
86,16,1,0,9996
87,15,1,[NULL],9000
87,15,0,0,9998
88,14,0,0,5
88,14,2,[NULL],9000
88,14,1,[NULL],9000
89,13,1,[NULL],9000
89,13,0,1,9998
90,12,0,0,2
91,11,0,2,2
91,11,1,[NULL],9000
92,10,0,1,4
92,10,1,[NULL],9000
93,9,1,0,2
93,9,2,"0,1",9995
93,9,0,[NULL],9995
94,8,1,[NULL],9000
94,8,"2,3",[NULL],9995
94,8,3,3,9997
94,8,0,[NULL],9997
95,7,4,[NULL],9000
95,7,2,[NULL],9000
95,7,0,[NULL],9000
95,7,3,1,9995
95,7,1,[NULL],9995
96,6,0,[NULL],9995
96,6,2,[NULL],9995
96,6,1,2,9998
3,100,0,[NULL],9000
7,96,0,[NULL],9000
15,88,0,[NULL],9000
70,33,0,[NULL],9000
74,29,0,[NULL],9000
78,25,0,0,2
78,25,1,0,9995
79,24,0,0,9998
85,18,0,1,3
86,17,0,0,2
87,16,0,0,9998
88,15,1,0,2
88,15,2,0,5
88,15,0,1,9998
89,14,2,[NULL],9000
89,14,0,1,9998
89,14,1,0,9998
90,13,0,0,9994
91,12,0,1,3
92,11,"0,1",1,4
92,11,2,[NULL],9000
92,11,1,0,9998
93,10,1,2,3
93,10,3,[NULL],9000
93,10,2,1,9995
93,10,0,"0,1",9998
94,9,2,[NULL],9000
94,9,1,[NULL],9000
94,9,0,"1,3",9998
95,8,2,1,2
95,8,3,0,4
95,8,1,[NULL],9997
95,8,0,[NULL],9997
96,7,2,[NULL],9988
96,7,1,1,9997
96,7,0,"1,2,3",9998
97,6,"0,1",[NULL],9994
97,6,"1,2",[NULL],9997
97,6,2,[NULL],9997
98,5,0,0,9998
99,4,0,"0,1",9998
99,4,1,1,9998
100,3,0,"0,1",9998
100,3,1,0,9998
3,101,0,[NULL],9000
7,97,0,[NULL],9000
15,89,0,[NULL],9000
70,34,0,[NULL],9000
74,30,0,[NULL],9000
77,27,0,0,3
78,26,0,0,2
78,26,1,[NULL],9000
79,25,0,0,9996
86,18,0,0,2
87,17,1,0,2
87,17,0,1,9998
88,16,1,0,2
88,16,0,1,2
88,16,2,[NULL],9000
89,15,1,0,4
89,15,2,[NULL],9000
89,15,0,1,9998
91,13,0,1,2
92,12,"0,1",0,2
92,12,2,[NULL],9000
92,12,1,1,9998
93,11,"1,3",0,2
93,11,3,3,3
93,11,2,[NULL],9000
93,11,0,2,9998
94,10,0,[NULL],9000
94,10,1,2,9998
95,9,"1,2,3",0,2
95,9,2,1,4
95,9,3,[NULL],9000
95,9,0,[NULL],9000
96,8,4,[NULL],9000
96,8,3,[NULL],9989
96,8,2,1,9996
96,8,0,[NULL],9997
96,8,1,"0,1",9998
97,7,0,0,2
97,7,2,[NULL],9000
97,7,1,[NULL],9997
98,6,"0,1",0,2
98,6,1,1,2
99,5,"0,1",0,2
99,5,1,"0,1",2
99,5,2,[NULL],9000
100,4,2,[NULL],9993
100,4,0,"1,2",9998
100,4,1,1,9998
3,102,0,[NULL],9000
7,98,0,[NULL],9000
15,90,0,[NULL],9000
70,35,0,[NULL],9000
74,31,0,[NULL],9000
77,28,0,0,5
78,27,0,[NULL],9000
79,26,0,1,9998
81,24,0,0,4
82,23,0,0,9998
83,22,0,0,9997
84,21,0,0,4
85,20,0,1,4
86,19,1,0,2
86,19,0,"0,1",9996
87,18,0,0,9996
88,17,1,0,2
88,17,0,[NULL],9000
89,16,0,[NULL],9000
89,16,1,0,9998
91,14,1,1,2
91,14,0,[NULL],9996
92,13,2,0,2
92,13,"0,1",1,5
92,13,1,1,9998
93,12,2,1,2
93,12,1,[NULL],9000
93,12,0,2,9998
94,11,1,[NULL],9000
94,11,0,1,9997
95,10,"0,1",1,2
95,10,1,1,3
95,10,2,[NULL],9000
96,9,0,[NULL],9990
96,9,2,[NULL],9990
96,9,1,[NULL],9994
97,8,1,2,9997
97,8,0,[NULL],9997
98,7,1,[NULL],9000
98,7,2,"0,2",9997
98,7,0,0,9998
99,6,"1,2",0,2
99,6,2,"0,1",2
99,6,0,[NULL],9995
100,5,2,[NULL],9994
100,5,3,3,9996
100,5,1,0,9998
100,5,0,3,9998
101,4,"0,1",[NULL],9997
101,4,1,3,9998
3,103,0,[NULL],9000
7,99,0,[NULL],9000
15,91,0,[NULL],9000
74,32,0,[NULL],9000
77,29,0,1,5
78,28,1,0,2
78,28,0,[NULL],9000
81,25,0,0,2
82,24,0,0,9998
88,18,0,1,2
91,15,1,1,2
91,15,0,1,9997
92,14,2,0,2
92,14,"0,1",2,5
92,14,3,[NULL],9000
92,14,1,0,9998
93,13,3,[NULL],9000
93,13,2,[NULL],9000
93,13,1,[NULL],9000
93,13,0,2,9998
94,12,1,3,5
94,12,0,3,9998
95,11,0,[NULL],9000
96,10,1,[NULL],9000
96,10,0,[NULL],9000
97,9,0,0,2
97,9,1,[NULL],9000
98,8,1,[NULL],9000
98,8,2,[NULL],9000
98,8,0,1,9998
99,7,0,1,2
99,7,3,"0,2",2
99,7,4,[NULL],9000
99,7,2,[NULL],9989
99,7,1,[NULL],9993
100,6,3,0,2
100,6,2,2,9996
100,6,0,[NULL],9996
100,6,1,1,9998
101,5,1,[NULL],9996
101,5,0,[NULL],9997
3,104,0,[NULL],9000
7,100,0,[NULL],9000
15,92,0,[NULL],9000
74,33,0,[NULL],9000
77,30,0,1,5
78,29,0,0,4
78,29,1,[NULL],9000
80,27,0,0,9997
81,26,0,0,2
82,25,0,0,3
91,16,0,1,2
92,15,2,0,2
92,15,1,2,5
92,15,0,0,9996
93,14,3,0,2
93,14,1,0,3
93,14,2,[NULL],9000
93,14,0,1,9998
94,13,0,2,9998
95,12,1,2,4
95,12,0,2,9997
96,11,2,1,3
96,11,1,2,9997
96,11,0,2,9998
97,10,1,0,2
97,10,"0,2",2,3
97,10,2,2,9997
98,9,1,0,9996
98,9,0,0,9998
99,8,1,1,2
99,8,2,[NULL],9000
99,8,0,[NULL],9997
100,7,1,[NULL],9994
100,7,2,[NULL],9997
100,7,0,"0,3",9998
101,6,1,[NULL],9993
101,6,0,4,9998
102,5,"1,2",[NULL],9994
102,5,2,3,9998
102,5,0,"1,3",9998
103,4,0,0,9998
3,105,0,[NULL],9000
7,101,0,[NULL],9000
15,93,0,[NULL],9000
72,36,0,[NULL],9000
74,34,0,[NULL],9000
78,30,0,[NULL],9000
81,27,0,0,9998
84,24,0,0,9996
85,23,"0,1",0,4
85,23,1,0,9998
86,22,0,0,4
87,21,0,0,9997
88,20,0,0,9996
89,19,0,0,6
90,18,1,0,3
90,18,2,[NULL],9000
90,18,0,[NULL],9000
91,17,1,0,9996
91,17,0,0,9998
92,16,1,0,2
92,16,0,0,9996
93,15,2,0,2
93,15,1,[NULL],9000
93,15,0,0,9998
94,14,0,[NULL],9000
94,14,1,2,9998
95,13,2,0,2
95,13,1,1,9997
95,13,0,"0,1",9998
96,12,1,[NULL],9000
96,12,0,1,9997
97,11,0,0,2
98,10,0,[NULL],9997
98,10,1,0,9998
99,9,"0,3",0,2
99,9,3,3,4
99,9,4,1,9997
99,9,"1,2",[NULL],9997
99,9,2,[NULL],9997
100,8,4,0,2
100,8,1,[NULL],9000
100,8,3,[NULL],9000
100,8,2,[NULL],9000
100,8,0,1,9998
101,7,3,2,2
101,7,1,"0,2",2
101,7,2,[NULL],9000
101,7,0,1,9997
102,6,0,0,2
102,6,2,[NULL],9000
102,6,1,[NULL],9995
103,5,1,[NULL],9000
103,5,0,3,9998
104,4,0,[NULL],9987
3,106,0,[NULL],9000
7,102,0,[NULL],9000
15,94,0,[NULL],9000
74,35,0,[NULL],9000
78,31,0,[NULL],9000
79,30,0,0,3
80,29,0,0,2
81,28,0,0,9998
84,25,0,0,2
85,24,0,0,9998
90,19,0,0,2
91,18,0,0,9998
92,17,0,0,2
93,16,2,1,2
93,16,1,[NULL],9000
93,16,0,0,9998
94,15,"0,1",0,2
94,15,2,0,3
94,15,1,1,9998
95,14,2,1,3
95,14,1,[NULL],9000
95,14,0,"0,1",9998
96,13,2,2,3
96,13,"0,1",[NULL],9994
96,13,1,0,9997
97,12,0,1,2
97,12,1,0,9998
98,11,1,[NULL],9000
98,11,0,[NULL],9000
99,10,1,0,2
99,10,2,2,4
99,10,0,"0,1",9998
100,9,2,[NULL],9000
100,9,1,[NULL],9996
100,9,0,1,9997
101,8,0,0,9996
101,8,1,2,9998
102,7,3,0,2
102,7,1,[NULL],9993
102,7,"0,2",1,9997
102,7,2,0,9998
103,6,0,[NULL],9992
103,6,1,1,9998
3,107,0,[NULL],9000
7,103,0,[NULL],9000
15,95,0,[NULL],9000
73,37,0,[NULL],9000
74,36,0,[NULL],9000
78,32,0,[NULL],9000
79,31,0,[NULL],9992
80,30,0,0,2
81,29,0,0,9998
82,28,0,0,9998
84,26,0,0,2
85,25,0,0,9996
86,24,0,0,3
90,20,0,0,2
91,19,0,0,4
92,18,0,0,2
93,17,1,1,2
93,17,2,[NULL],9000
93,17,0,1,9998
94,16,"0,1",0,2
94,16,1,1,3
95,15,1,0,3
95,15,0,[NULL],9000
96,14,0,1,2
97,13,0,1,4
98,12,"0,1",0,2
98,12,1,4,3
99,11,1,[NULL],9000
99,11,0,[NULL],9000
100,10,2,1,2
100,10,1,0,3
100,10,0,[NULL],9996
101,9,0,0,2
101,9,1,[NULL],9989
102,8,1,1,2
102,8,2,[NULL],9000
102,8,0,[NULL],9000
103,7,1,[NULL],9989
103,7,0,[NULL],9991
3,108,0,[NULL],9000
7,104,0,[NULL],9000
15,96,0,[NULL],9000
74,37,0,[NULL],9000
78,33,0,[NULL],9000
80,31,0,0,2
81,30,0,0,2
82,29,0,0,9998
83,28,0,0,4
84,27,0,0,9998
87,24,0,0,4
88,23,0,0,9998
89,22,0,0,9996
90,21,0,1,4
91,20,0,0,4
92,19,1,0,2
92,19,0,0,9996
93,18,1,0,9996
93,18,0,0,9997
94,17,1,[NULL],9000
94,17,0,0,9998
95,16,0,0,3
97,14,0,1,9996
98,13,1,"0,2",9998
98,13,0,1,9998
99,12,1,0,3
99,12,0,[NULL],9000
100,11,2,[NULL],9000
100,11,1,[NULL],9000
100,11,0,[NULL],9000
101,10,1,"0,2",3
101,10,2,[NULL],9000
101,10,0,0,9997
101,10,3,1,9998
102,9,2,[NULL],9000
102,9,1,0,9997
102,9,0,1,9998
103,8,3,[NULL],9000
103,8,2,1,9997
103,8,0,"0,1",9997
103,8,1,0,9998
104,7,0,[NULL],9990
104,7,1,2,9997
107,4,"0,1",[NULL],9996
107,4,1,0,9998
108,3,0,2,9997
3,109,0,[NULL],9000
7,105,0,[NULL],9000
15,97,0,[NULL],9000
74,38,0,[NULL],9000
78,34,0,[NULL],9000
80,32,0,[NULL],9000
81,31,0,0,2
82,30,0,0,9998
83,29,0,0,2
84,28,0,0,9998
87,25,0,0,2
93,19,0,0,2
94,18,0,0,9998
97,15,"0,2",1,2
97,15,1,0,2
97,15,2,[NULL],9000
98,14,1,[NULL],9000
98,14,0,1,9998
99,13,0,[NULL],9000
100,12,1,3,2
100,12,0,0,4
101,11,1,"0,1",2
101,11,2,[NULL],9000
101,11,0,1,9997
102,10,0,1,2
103,9,1,[NULL],9000
103,9,0,[NULL],9995
104,8,2,[NULL],9000
104,8,1,1,9997
104,8,0,1,9998
105,7,0,[NULL],9989
106,6,0,1,2
106,6,2,[NULL],9987
106,6,1,[NULL],9996
107,5,2,[NULL],9000
107,5,"0,1",[NULL],9996
107,5,1,2,9998
108,4,0,2,9997
3,110,0,[NULL],9000
7,106,0,[NULL],9000
15,98,0,[NULL],9000
78,35,0,[NULL],9000
81,32,0,0,2
82,31,0,0,9998
83,30,0,0,2
84,29,0,0,4
92,21,0,0,3
93,20,0,0,2
94,19,0,0,9997
95,18,0,1,9998
97,16,1,0,2
97,16,0,0,9998
98,15,0,0,9996
99,14,0,[NULL],9000
99,14,1,[NULL],9000
100,13,0,"0,1",3
100,13,1,0,9995
101,12,0,1,3
102,11,1,2,3
102,11,0,"0,2",3
102,11,2,[NULL],9000
103,10,1,0,2
103,10,2,1,3
103,10,0,1,9998
104,9,1,[NULL],9000
104,9,2,0,9997
104,9,0,"0,1",9997
105,8,0,1,9998
106,7,2,1,2
106,7,0,[NULL],9990
106,7,1,0,9998
107,6,2,0,3
107,6,0,[NULL],9997
107,6,1,2,9998
108,5,0,5,9997
109,4,0,2,9997
3,111,0,[NULL],9000
7,107,0,[NULL],9000
15,99,0,[NULL],9000
78,36,0,[NULL],9000
81,33,0,0,2
82,32,0,[NULL],9000
86,28,0,0,9996
87,27,0,1,9998
88,26,0,0,4
89,25,0,0,9998
90,24,0,0,9996
91,23,0,0,4
92,22,0,1,4
93,21,0,0,9996
94,20,1,0,2
94,20,0,0,9996
95,19,1,[NULL],9000
95,19,0,[NULL],9000
96,18,0,0,2
96,18,1,0,4
97,17,"0,1",1,9996
97,17,1,1,9998
98,16,0,1,9998
100,14,1,0,3
100,14,0,[NULL],9996
101,13,1,[NULL],9000
101,13,0,2,9998
102,12,1,"0,1",2
102,12,0,[NULL],9997
103,11,1,1,3
103,11,0,0,9998
104,10,1,0,2
104,10,0,[NULL],9000
105,9,0,1,2
105,9,2,[NULL],9991
105,9,1,0,9998
106,8,2,1,2
106,8,0,[NULL],9000
106,8,1,[NULL],9991
107,7,2,0,3
107,7,3,[NULL],9993
107,7,1,[NULL],9996
107,7,0,[NULL],9996
108,6,2,[NULL],9000
108,6,1,[NULL],9000
108,6,0,2,9996
109,5,0,[NULL],9995
3,112,0,[NULL],9000
7,108,0,[NULL],9000
15,100,0,[NULL],9000
78,37,0,[NULL],9000
82,33,0,[NULL],9000
86,29,1,0,2
86,29,0,0,9998
87,28,0,1,9998
88,27,0,0,2
89,26,0,0,9998
93,22,0,0,3
96,19,1,1,2
96,19,0,0,9998
97,18,1,0,2
97,18,0,0,9998
98,17,0,0,9997
100,15,2,0,2
100,15,1,[NULL],9000
100,15,0,[NULL],9000
101,14,2,[NULL],9000
101,14,0,1,9997
101,14,1,0,9998
102,13,0,0,2
103,12,0,2,3
103,12,1,"0,2",3
104,11,0,1,2
105,10,1,[NULL],9000
105,10,0,[NULL],9992
106,9,0,[NULL],9000
106,9,2,[NULL],9000
106,9,1,[NULL],9991
107,8,5,0,3
107,8,"0,3,4",[NULL],9994
107,8,2,[NULL],9997
107,8,4,3,9998
107,8,1,2,9998
107,8,3,"0,3",9998
108,7,2,0,3
108,7,0,[NULL],9991
108,7,3,0,9996
108,7,1,1,9996
109,6,0,[NULL],9996
109,6,1,[NULL],9997
110,5,0,[NULL],9996
110,5,2,2,9997
110,5,1,0,9998
111,4,0,2,9997
3,113,0,[NULL],9000
7,109,0,[NULL],9000
15,101,0,[NULL],9000
78,38,0,[NULL],9000
82,34,0,[NULL],9000
85,31,0,0,2
86,30,1,0,2
86,30,0,0,9997
87,29,0,0,9996
88,28,0,0,2
89,27,0,0,9998
95,21,0,0,2
96,20,0,0,2
97,19,0,0,4
98,18,0,[NULL],9000
99,17,0,[NULL],9000
100,16,0,1,2
101,15,1,[NULL],9000
101,15,0,[NULL],9000
102,14,0,[NULL],9000
103,13,0,[NULL],9000
105,11,0,[NULL],9000
106,10,3,4,2
106,10,2,1,2
106,10,0,"3,4",2
106,10,1,0,9998
107,9,4,[NULL],9000
107,9,2,[NULL],9000
107,9,1,[NULL],9995
107,9,0,0,9998
107,9,3,2,9998
108,8,0,2,9995
108,8,2,0,9996
108,8,1,1,9996
109,7,0,1,2
110,6,2,[NULL],9000
110,6,0,[NULL],9997
110,6,1,[NULL],9997
111,5,1,[NULL],9000
111,5,0,1,9997
3,114,0,[NULL],9000
7,110,0,[NULL],9000
15,102,0,[NULL],9000
78,39,0,[NULL],9000
82,35,0,[NULL],9000
85,32,0,0,4
86,31,0,0,9997
87,30,0,"0,1",9998
88,29,0,0,2
89,28,0,0,4
89,28,1,0,9998
90,27,0,0,9998
91,26,0,0,9997
92,25,0,0,4
93,24,0,0,4
94,23,0,"0,1",9996
95,22,0,0,9996
96,21,1,"0,1",4
96,21,0,0,9998
97,20,0,0,3
98,19,0,1,9996
99,18,0,1,5
99,18,1,1,9996
100,17,1,0,3
100,17,0,1,9998
101,16,0,0,9998
105,12,0,1,2
106,11,0,0,2
106,11,2,3,2
106,11,1,[NULL],9000
107,10,2,0,4
107,10,3,[NULL],9000
107,10,0,[NULL],9000
107,10,1,[NULL],9996
108,9,1,[NULL],9993
108,9,2,1,9996
108,9,0,[NULL],9996
109,8,2,2,3
109,8,0,[NULL],9988
109,8,1,[NULL],9995
110,7,2,0,3
110,7,1,1,9997
110,7,0,[NULL],9997
111,6,1,[NULL],9996
111,6,2,[NULL],9996
111,6,0,"0,1",9998
112,5,"0,1",[NULL],9997
112,5,1,1,9998
3,115,0,[NULL],9000
7,111,0,[NULL],9000
15,103,0,[NULL],9000
82,36,0,[NULL],9000
85,33,0,0,3
86,32,"0,1",0,2
86,32,1,[NULL],9000
88,30,0,1,2
89,29,0,0,2
89,29,1,1,9998
90,28,0,0,9998
95,23,0,0,2
96,22,0,0,9998
98,20,0,0,9998
99,19,1,0,2
99,19,0,2,9997
100,18,0,0,2
100,18,1,0,9998
101,17,0,"0,1",9997
102,16,1,[NULL],9000
102,16,0,0,9997
107,11,0,3,4
107,11,1,1,4
108,10,2,[NULL],9000
108,10,1,[NULL],9992
108,10,0,[NULL],9997
109,9,3,[NULL],9000
109,9,2,[NULL],9000
109,9,0,[NULL],9996
109,9,1,0,9997
110,8,"0,1","0,2",2
110,8,1,0,3
110,8,2,[NULL],9000
111,7,1,1,2
111,7,0,1,9998
3,116,0,[NULL],9000
7,112,0,[NULL],9000
15,104,0,[NULL],9000
82,37,0,[NULL],9000
85,34,0,0,3
86,33,0,0,4
86,33,1,[NULL],9000
88,31,1,1,2
88,31,0,0,9997
89,30,0,0,2
89,30,1,0,9997
90,29,0,0,3
95,24,0,0,2
96,23,0,1,9998
97,22,0,0,2
98,21,0,0,9998
99,20,0,1,2
100,19,0,0,9996
105,14,0,[NULL],9000
107,12,0,2,4
107,12,1,1,4
107,12,2,0,9997
108,11,1,[NULL],9993
108,11,0,0,9998
109,10,1,1,3
109,10,0,[NULL],9000
110,9,1,0,2
110,9,0,1,9998
111,8,0,[NULL],9000
112,7,1,[NULL],9993
112,7,0,0,9997
113,6,1,[NULL],9996
113,6,0,"1,2",9998
114,5,1,[NULL],9995
114,5,0,[NULL],9997
115,4,0,0,9998
3,117,0,[NULL],9000
7,113,0,[NULL],9000
15,105,0,[NULL],9000
80,40,0,[NULL],9000
82,38,0,[NULL],9000
86,34,0,[NULL],9000
89,31,0,0,9997
92,28,0,0,9996
93,27,"0,1",0,4
93,27,1,0,9998
94,26,0,0,4
95,25,1,0,2
95,25,0,0,9997
96,24,0,0,9996
96,24,1,0,9998
97,23,0,0,2
97,23,1,0,4
98,22,2,0,3
98,22,1,1,4
98,22,0,0,9998
99,21,1,0,9996
99,21,0,0,9998
100,20,"0,1",0,3
100,20,2,[NULL],9000
100,20,1,0,9996
101,19,0,0,3
102,18,0,[NULL],9000
102,18,1,[NULL],9000
103,17,"0,1",[NULL],9000
103,17,1,3,9996
103,17,2,0,9998
104,16,0,0,9997
105,15,1,[NULL],9000
105,15,2,"0,1",9996
105,15,0,[NULL],9996
106,14,0,[NULL],9995
107,13,0,0,2
107,13,1,2,4
107,13,2,0,5
108,12,0,1,3
108,12,1,[NULL],9994
109,11,1,0,2
109,11,2,[NULL],9000
109,11,0,[NULL],9000
110,10,2,[NULL],9000
110,10,3,[NULL],9000
110,10,1,[NULL],9000
110,10,0,2,9996
111,9,2,[NULL],9000
111,9,1,[NULL],9000
111,9,0,[NULL],9993
112,8,"1,2",0,2
112,8,2,[NULL],9000
112,8,0,1,9996
113,7,0,[NULL],9000
113,7,1,[NULL],9000
114,6,0,0,2
114,6,1,[NULL],9992
115,5,0,2,9998
3,118,0,[NULL],9000
7,114,0,[NULL],9000
15,106,0,[NULL],9000
82,39,0,[NULL],9000
86,35,0,[NULL],9000
87,34,0,0,3
88,33,0,1,3
89,32,0,0,9997
92,29,0,1,2
93,28,0,0,9998
95,26,0,1,2
96,25,0,0,9998
97,24,0,0,2
98,23,0,0,2
98,23,1,0,9998
99,22,0,0,9998
102,19,0,2,2
103,18,0,"2,3",9997
105,16,1,[NULL],9000
105,16,0,[NULL],9000
106,15,0,2,3
108,13,1,[NULL],9000
108,13,0,[NULL],9995
109,12,0,0,9994
110,11,0,0,9997
111,10,0,0,3
112,9,"0,2",[NULL],9000
112,9,2,[NULL],9993
112,9,1,1,9998
113,8,"0,1",[NULL],9000
113,8,1,[NULL],9993
114,7,2,0,2
114,7,1,[NULL],9993
114,7,0,[NULL],9993
115,6,3,[NULL],9996
115,6,0,[NULL],9996
115,6,1,[NULL],9996
115,6,2,0,9998
116,5,0,[NULL],9995
3,119,0,[NULL],9000
7,115,0,[NULL],9000
15,107,0,[NULL],9000
81,41,0,[NULL],9000
82,40,0,[NULL],9000
86,36,0,[NULL],9000
87,35,0,[NULL],9992
88,34,0,0,3
92,30,0,0,2
93,29,0,0,9996
94,28,0,0,3
95,27,0,0,2
96,26,0,1,9998
97,25,0,1,2
98,24,0,0,2
98,24,1,1,9998
99,23,0,0,4
103,19,0,0,3
103,19,1,[NULL],9000
104,18,1,[NULL],9000
104,18,0,1,9998
105,17,0,[NULL],9000
108,14,0,[NULL],9000
110,12,0,[NULL],9992
111,11,1,1,2
111,11,0,[NULL],9000
112,10,0,[NULL],9000
112,10,2,[NULL],9000
112,10,1,[NULL],9000
113,9,1,1,9995
113,9,0,1,9998
114,8,0,2,2
115,7,0,[NULL],9997
115,7,1,1,9998
116,6,0,[NULL],9996
3,120,0,[NULL],9000
7,116,0,[NULL],9000
15,108,0,[NULL],9000
82,41,0,[NULL],9000
86,37,0,[NULL],9000
88,35,0,0,3
91,32,0,0,4
92,31,0,0,9998
95,28,1,0,2
95,28,0,0,4
96,27,1,1,9998
96,27,0,0,9998
97,26,1,1,2
97,26,0,0,9997
98,25,0,1,4
98,25,1,0,9998
99,24,0,1,4
100,23,0,0,9996
101,22,1,0,9996
101,22,0,0,9997
102,21,"2,3",0,3
102,21,3,1,4
102,21,1,1,9998
102,21,0,0,9998
103,20,1,0,2
103,20,0,2,9998
104,19,"0,1",2,4
104,19,1,0,9996
105,18,2,[NULL],9000
105,18,1,0,9996
105,18,0,0,9998
106,17,"0,1",[NULL],9996
106,17,1,1,9998
107,16,0,[NULL],9000
108,15,1,[NULL],9000
108,15,0,0,9998
109,14,0,0,3
109,14,2,0,4
109,14,3,[NULL],9000
109,14,1,0,9998
110,13,0,[NULL],9993
111,12,1,0,4
111,12,0,3,9997
112,11,1,0,2
112,11,0,[NULL],9995
113,10,0,[NULL],9000
113,10,1,[NULL],9994
114,9,1,1,2
114,9,0,0,9998
115,8,1,[NULL],9992
115,8,0,0,9995
116,7,1,[NULL],9991
116,7,0,[NULL],9997
117,6,0,[NULL],9994
3,121,0,[NULL],9000
7,117,0,[NULL],9000
15,109,0,[NULL],9000
82,42,0,[NULL],9000
86,38,0,[NULL],9000
88,36,0,[NULL],9000
91,33,0,0,2
92,32,0,0,9998
95,29,1,1,2
95,29,0,0,2
96,28,0,0,9998
97,27,0,1,2
98,26,0,0,9998
101,23,1,1,2
101,23,0,0,2
102,22,2,0,2
102,22,1,1,9998
102,22,0,0,9998
103,21,0,2,9998
104,20,0,0,2
105,19,1,1,2
105,19,2,[NULL],9000
105,19,0,0,9998
106,18,0,"1,2",9997
107,17,0,"0,1",2
108,16,0,"1,2",2
109,15,0,0,9998
110,14,0,[NULL],9994
111,13,0,"0,3",9998
111,13,1,1,9998
112,12,0,2,9997
112,12,1,1,9998
113,11,0,0,2
114,10,0,[NULL],9000
115,9,0,1,9995
116,8,1,[NULL],9000
116,8,0,[NULL],9994
117,7,0,[NULL],9000
3,122,0,[NULL],9000
7,118,0,[NULL],9000
15,110,0,[NULL],9000
86,39,0,[NULL],9000
91,34,0,0,2
92,33,0,0,4
95,30,0,0,2
96,29,0,0,3
97,28,0,0,2
98,27,0,0,9998
100,25,0,0,3
101,24,1,1,2
101,24,0,0,2
102,23,2,0,2
102,23,1,0,9997
102,23,0,1,9998
103,22,1,1,9998
103,22,0,"2,3",9998
104,21,0,0,2
105,20,0,2,9998
105,20,1,1,9998
106,19,0,0,9996
107,18,1,[NULL],9000
107,18,0,1,9998
108,17,0,0,2
109,16,0,[NULL],9000
110,15,"0,3",0,2
110,15,1,1,2
110,15,3,0,3
110,15,2,1,9998
111,14,1,1,2
111,14,2,[NULL],9000
111,14,0,[NULL],9000
112,13,1,3,9997
112,13,0,1,9998
113,12,0,[NULL],9000
114,11,1,[NULL],9000
114,11,0,1,9992
115,10,0,[NULL],5
116,9,0,0,9998
117,8,0,[NULL],9996
3,123,0,[NULL],9000
7,119,0,[NULL],9000
15,111,0,[NULL],9000
86,40,0,[NULL],9000
94,32,0,0,9996
95,31,0,1,9998
97,29,0,0,2
98,28,0,0,9996
98,28,1,0,9998
99,27,0,0,4
100,26,0,1,4
101,25,1,0,2
101,25,0,0,9996
102,24,1,1,2
102,24,"2,3",0,2
102,24,0,0,9996
102,24,3,1,9998
103,23,0,0,4
103,23,1,1,9998
104,22,2,0,2
104,22,1,1,2
104,22,0,1,4
105,21,"1,2",0,3
105,21,4,[NULL],9000
105,21,2,0,9996
105,21,3,2,9998
105,21,0,1,9998
106,20,1,0,2
106,20,0,1,9998
108,18,0,0,6
109,17,1,2,2
109,17,0,0,9998
110,16,3,[NULL],9000
110,16,1,[NULL],9000
110,16,2,1,9996
110,16,0,[NULL],9996
111,15,1,0,2
111,15,2,0,3
111,15,0,[NULL],9000
112,14,1,1,5
112,14,0,2,9998
113,13,0,[NULL],9000
113,13,1,"0,1",9997
114,12,0,[NULL],9000
115,11,0,0,2
116,10,0,[NULL],9997
117,9,0,[NULL],9994
3,124,0,[NULL],9000
7,120,0,[NULL],9000
15,112,0,[NULL],9000
86,41,0,[NULL],9000
90,37,0,[NULL],9000
94,33,1,0,2
94,33,0,0,9998
95,32,0,1,9998
97,30,0,1,2
98,29,0,0,9998
101,26,1,3,2
101,26,0,1,3
102,25,1,1,2
102,25,0,0,9998
103,24,0,1,9998
104,23,2,3,2
104,23,1,0,2
104,23,0,1,9998
105,22,1,0,2
105,22,2,1,9998
105,22,0,0,9998
106,21,0,0,9997
108,19,0,0,2
110,17,0,[NULL],9000
111,16,2,0,2
111,16,3,1,3
111,16,1,[NULL],9000
111,16,0,[NULL],9000
112,15,1,[NULL],9000
112,15,0,1,9997
113,14,1,[NULL],9000
113,14,0,1,9997
114,13,0,0,5
114,13,1,[NULL],9000
115,12,0,0,9998
117,10,1,[NULL],9000
117,10,0,"0,1",9998
118,9,0,[NULL],9995
122,5,0,0,9998
3,125,0,[NULL],9000
7,121,0,[NULL],9000
15,113,0,[NULL],9000
86,42,0,[NULL],9000
90,38,0,[NULL],9000
93,35,0,0,2
94,34,1,0,2
94,34,0,0,9997
95,33,0,0,9996
97,31,0,0,2
98,30,0,1,9998
101,27,0,0,2
102,26,1,0,2
102,26,0,1,9998
103,25,1,0,2
103,25,0,2,9998
104,24,1,2,2
104,24,0,0,2
105,23,0,0,4
105,23,1,1,9998
108,20,1,[NULL],9000
108,20,0,1,9998
109,19,1,1,9998
109,19,0,2,9998
110,18,0,[NULL],9000
111,17,0,[NULL],9000
111,17,1,[NULL],9000
111,17,2,[NULL],9000
112,16,"0,1",1,3
112,16,1,[NULL],9000
113,15,0,[NULL],9000
113,15,1,1,9997
114,14,0,0,2
114,14,1,0,5
115,13,1,[NULL],9000
115,13,0,0,9998
116,12,"0,1",0,2
116,12,1,[NULL],9996
117,11,1,[NULL],9996
117,11,0,0,9998
118,10,0,[NULL],9000
118,10,2,[NULL],9000
118,10,1,[NULL],9993
119,9,0,[NULL],9993
120,8,0,2,9996
121,7,0,0,2
122,6,0,1,9996
126,2,0,[NULL],9993
127,1,0,[NULL],9000
3,126,0,[NULL],9000
7,122,0,[NULL],9000
15,114,0,[NULL],9000
86,43,0,[NULL],9000
90,39,0,[NULL],9000
93,36,0,0,4
94,35,0,0,9997
95,34,0,1,9998
97,32,1,0,2
97,32,0,0,4
98,31,1,1,9998
98,31,0,0,9998
99,30,0,0,9997
100,29,0,0,4
101,28,1,0,2
101,28,0,0,4
102,27,2,0,2
102,27,0,"0,1",9996
102,27,1,0,9998
103,26,0,0,9996
104,25,1,1,2
104,25,0,2,4
105,24,0,0,3
105,24,1,0,9998
106,23,0,0,9996
107,22,1,0,2
107,22,0,0,9996
108,21,1,1,2
108,21,2,0,2
108,21,0,1,9998
109,20,1,2,4
109,20,"0,2",[NULL],9000
109,20,2,1,9998
110,19,0,0,9998
111,18,1,0,3
111,18,0,1,9996
112,17,1,0,3
112,17,2,[NULL],9000
112,17,0,1,9998
113,16,1,1,9997
113,16,0,3,9998
114,15,0,0,2
114,15,1,1,9998
115,14,1,[NULL],6
115,14,0,[NULL],9993
116,13,0,0,2
116,13,1,0,9998
117,12,1,2,9996
117,12,0,[NULL],9997
118,11,1,[NULL],9992
118,11,0,0,9998
119,10,0,[NULL],9994
122,7,0,[NULL],9992
123,6,0,[NULL],9997
124,5,0,[NULL],9997
3,127,0,[NULL],9000
7,123,0,[NULL],9000
15,115,0,[NULL],9000
90,40,0,[NULL],9000
93,37,0,0,3
94,36,1,0,2
94,36,0,[NULL],9000
97,33,1,1,2
97,33,0,0,2
98,32,1,1,9998
98,32,0,0,9998
101,29,0,1,2
102,28,0,0,9998
104,26,0,1,2
107,23,1,0,2
107,23,0,1,9997
108,22,1,2,2
108,22,0,0,9998
109,21,0,0,2
109,21,1,"0,1",9997
110,20,0,0,9997
110,20,1,0,9998
111,19,1,0,2
111,19,0,3,9997
112,18,3,0,2
112,18,1,1,3
112,18,2,[NULL],9000
112,18,0,1,9998
113,17,1,1,2
113,17,0,[NULL],9000
114,16,1,[NULL],9000
114,16,0,[NULL],9000
115,15,0,1,2
117,13,0,0,2
117,13,1,[NULL],9996
118,12,1,[NULL],9995
118,12,0,1,9998
119,11,0,[NULL],9995
121,9,1,0,9996
121,9,0,"0,2",9998
122,8,0,[NULL],9993
124,6,0,2,9995
125,5,0,[NULL],9993
126,4,0,[NULL],9995
127,3,0,[NULL],9000
128,2,0,[NULL],9000
3,128,0,[NULL],9000
7,124,0,[NULL],9000
15,116,0,[NULL],9000
90,41,0,[NULL],9000
93,38,0,0,3
94,37,0,0,4
94,37,1,[NULL],9000
96,35,0,0,9997
97,34,1,1,2
97,34,0,0,2
98,33,0,0,3
98,33,1,1,9998
101,30,0,0,2
102,29,0,2,9998
107,24,0,0,2
108,23,0,0,9996
109,22,0,1,2
110,21,0,1,9998
111,20,1,0,2
111,20,0,0,9998
112,19,1,1,3
112,19,2,3,9998
112,19,0,"0,2",9998
113,18,1,[NULL],9000
113,18,0,1,9998
115,16,0,[NULL],9000
116,15,1,[NULL],9000
116,15,0,1,9998
117,14,1,0,2
117,14,3,[NULL],9000
117,14,2,5,9997
117,14,0,[NULL],9997
118,13,1,2,9998
118,13,0,"2,3",9998
119,12,2,0,4
119,12,1,[NULL],9992
119,12,0,[NULL],9992
120,11,"0,2",0,2
120,11,1,1,9998
120,11,3,"1,2,4",9998
120,11,2,2,9998
121,10,1,0,4
121,10,0,2,9998
122,9,0,[NULL],9000
123,8,1,[NULL],9995
123,8,0,[NULL],9995
124,7,3,[NULL],9992
124,7,2,[NULL],9996
124,7,1,[NULL],9996
124,7,0,0,9998
125,6,1,[NULL],9992
125,6,0,[NULL],9995
126,5,0,3,9998
127,4,0,[NULL],9995
3,129,0,[NULL],9000
7,125,0,[NULL],9000
15,117,0,[NULL],9000
88,44,0,[NULL],9000
90,42,0,[NULL],9000
94,38,0,[NULL],9000
97,35,1,1,2
97,35,0,0,9998
98,34,0,1,9998
100,32,0,0,9996
101,31,2,0,2
101,31,"0,1",0,4
101,31,1,0,9998
102,30,0,0,4
102,30,1,1,9998
103,29,0,0,9997
104,28,0,0,9996
105,27,0,0,4
106,26,1,0,3
106,26,0,0,4
107,25,1,0,9996
107,25,0,0,9998
108,24,"0,1",1,3
108,24,1,0,9996
109,23,1,0,2
109,23,0,0,3
110,22,0,0,2
110,22,3,0,3
110,22,1,0,4
110,22,2,0,9998
111,21,3,2,2
111,21,"0,2",0,2
111,21,2,2,9996
111,21,1,0,9998
112,20,1,0,2
112,20,0,0,9997
112,20,2,1,9998
113,19,1,0,8
113,19,2,[NULL],9000
113,19,0,0,9998
114,18,0,[NULL],9000
114,18,1,[NULL],9000
115,17,1,0,2
115,17,2,1,9996
115,17,0,[NULL],9996
116,16,2,1,4
116,16,1,[NULL],9000
116,16,0,1,9998
117,15,2,1,2
117,15,3,"0,1",2
117,15,1,0,9997
117,15,0,3,9998
118,14,2,2,9996
118,14,1,[NULL],9997
118,14,0,[NULL],9997
119,13,1,1,2
119,13,"2,4","1,3",2
119,13,4,"1,2,3",2
119,13,3,[NULL],9993
119,13,0,1,9998
120,12,2,"0,1",2
120,12,3,[NULL],9995
120,12,"0,1",2,9998
120,12,1,1,9998
121,11,0,3,9998
122,10,0,[NULL],9995
123,9,0,0,2
124,8,2,[NULL],9993
124,8,1,[NULL],9996
124,8,0,[NULL],9997
125,7,3,0,2
125,7,"0,2",[NULL],9996
125,7,2,1,9997
125,7,1,2,9997
126,6,0,2,9997
126,6,1,[NULL],9997
129,3,0,[NULL],9000
130,2,0,[NULL],9000
3,130,0,[NULL],9000
7,126,0,[NULL],9000
15,118,0,[NULL],9000
90,43,0,[NULL],9000
94,39,0,[NULL],9000
95,38,0,0,3
96,37,0,0,2
97,36,1,0,2
97,36,0,0,9998
98,35,0,0,9997
100,33,0,0,2
101,32,1,1,2
101,32,0,0,9998
102,31,0,1,9998
106,27,0,0,2
107,26,0,0,9998
109,24,0,2,2
110,23,0,1,2
110,23,1,0,9998
111,22,1,2,2
111,22,0,0,9998
112,21,0,0,2
112,21,1,0,9997
113,20,0,0,9998
115,18,1,0,2
115,18,0,[NULL],9000
116,17,3,0,2
116,17,5,2,3
116,17,4,[NULL],9000
116,17,0,[NULL],9000
116,17,2,[NULL],9000
116,17,1,0,9997
117,16,1,0,9997
117,16,0,"0,1",9998
117,16,2,2,9998
117,16,3,3,9998
118,15,1,0,2
118,15,0,5,9997
119,14,2,"0,1",2
119,14,1,1,2
119,14,0,1,9997
120,13,3,0,2
120,13,0,1,4
120,13,1,[NULL],9996
120,13,2,"0,1",9997
121,12,"0,1",[NULL],9995
121,12,1,0,9998
121,12,2,2,9998
122,11,0,0,9997
122,11,1,"0,1",9998
123,10,0,[NULL],9000
123,10,1,1,9998
124,9,2,[NULL],9994
124,9,3,2,9997
124,9,1,0,9998
124,9,0,1,9998
125,8,1,1,9997
125,8,"0,2",[NULL],9997
125,8,2,3,9998
126,7,0,[NULL],9000
127,6,0,[NULL],9997
129,4,0,[NULL],9000
130,3,0,0,9998
3,131,0,[NULL],9000
7,127,0,[NULL],9000
15,119,0,[NULL],9000
89,45,0,[NULL],9000
90,44,0,[NULL],9000
94,40,0,[NULL],9000
95,39,0,[NULL],9992
96,38,0,0,2
97,37,0,0,9998
98,36,0,0,9997
100,34,0,0,2
101,33,1,0,2
101,33,0,0,9996
102,32,0,0,3
102,32,1,0,9998
106,28,0,0,2
107,27,0,0,4
109,25,0,1,2
110,24,0,0,2
111,23,0,0,3
112,22,0,0,2
113,21,1,[NULL],9000
113,21,0,1,9998
114,20,0,[NULL],9000
114,20,1,0,9998
115,19,0,[NULL],9000
116,18,"0,1",0,2
116,18,2,2,2
116,18,3,3,2
116,18,1,1,3
117,17,3,[NULL],9000
117,17,2,[NULL],9000
117,17,0,"0,2",9998
117,17,1,3,9998
118,16,0,[NULL],9000
119,15,1,[NULL],9995
119,15,0,0,9997
120,14,0,1,2
120,14,2,2,2
120,14,3,[NULL],9993
120,14,1,"2,3",9997
121,13,"0,1",1,2
121,13,1,1,9998
121,13,2,3,9998
122,12,1,1,2
122,12,0,2,9998
123,11,0,1,2
123,11,1,0,2
123,11,2,0,5
124,10,3,0,2
124,10,1,2,3
124,10,2,1,3
124,10,0,1,9998
125,9,2,0,3
125,9,3,[NULL],9000
125,9,4,[NULL],9000
125,9,1,[NULL],9995
125,9,0,[NULL],9996
126,8,"1,3",[NULL],9992
126,8,3,[NULL],9995
126,8,2,[NULL],9995
126,8,0,[NULL],9995
127,7,3,[NULL],9989
127,7,2,[NULL],9989
127,7,1,[NULL],9989
127,7,0,[NULL],9996
128,6,3,[NULL],9989
128,6,1,[NULL],9992
128,6,2,[NULL],9996
128,6,0,1,9998
129,5,0,0,2
129,5,2,[NULL],9993
129,5,1,[NULL],9993
130,4,0,2,9998
3,132,0,[NULL],9000
7,128,0,[NULL],9000
15,120,0,[NULL],9000
90,45,0,[NULL],9000
94,41,0,[NULL],9000
96,39,0,0,2
97,38,0,0,3
98,37,0,0,9997
99,36,0,0,4
100,35,0,0,9998
101,34,0,1,2
102,33,0,0,9998
103,32,0,0,4
104,31,0,0,9998
105,30,0,0,9996
106,29,0,1,4
107,28,0,1,4
108,27,0,0,9996
109,26,1,0,9996
109,26,0,0,9997
110,25,2,2,4
110,25,0,0,9998
110,25,1,1,9998
111,24,0,1,3
112,23,1,0,2
112,23,0,0,9996
113,22,0,1,2
113,22,1,0,9996
113,22,2,0,9998
114,21,1,2,4
114,21,"0,2",[NULL],9000
114,21,2,0,9998
115,20,0,"1,2",3
116,19,"0,2",0,2
116,19,3,1,2
116,19,2,1,3
116,19,1,1,9997
117,18,5,0,3
117,18,2,2,4
117,18,6,[NULL],9000
117,18,"1,3",[NULL],9000
117,18,3,1,9996
117,18,0,"1,2",9998
117,18,4,2,9998
118,17,1,0,3
118,17,0,"3,4",9998
119,16,"0,1",2,3
119,16,2,[NULL],9000
119,16,1,1,9997
119,16,3,2,9997
120,15,1,1,2
120,15,3,2,2
120,15,2,2,9997
120,15,0,1,9998
121,14,2,0,2
121,14,0,0,3
121,14,1,0,9993
121,14,3,3,9998
122,13,2,[NULL],9000
122,13,0,[NULL],9000
122,13,1,0,9998
123,12,1,0,2
123,12,2,3,3
123,12,0,[NULL],9000
124,11,1,1,3
124,11,2,1,9996
124,11,0,0,9998
125,10,"1,2",[NULL],9993
125,10,2,3,9997
125,10,0,"0,2",9998
126,9,3,[NULL],9993
126,9,1,[NULL],9993
126,9,0,[NULL],9996
126,9,2,1,9998
127,8,1,0,2
127,8,3,[NULL],9000
127,8,2,[NULL],9990
127,8,0,3,9998
128,7,0,[NULL],9997
128,7,1,2,9998
129,6,2,0,2
129,6,1,[NULL],9994
129,6,0,[NULL],9994
130,5,1,[NULL],9992
130,5,0,[NULL],9996
130,5,2,1,9998
3,133,0,[NULL],9000
7,129,0,[NULL],9000
15,121,0,[NULL],9000
90,46,0,[NULL],9000
94,42,0,[NULL],9000
96,40,0,[NULL],9000
97,39,0,0,3
98,38,0,0,9997
99,37,0,0,2
100,36,0,0,9998
101,35,0,0,2
102,34,0,0,9998
103,33,0,0,2
109,27,0,0,2
109,27,1,1,2
110,26,0,0,9998
110,26,1,1,9998
112,24,0,2,2
113,23,0,2,2
113,23,1,0,9998
114,22,0,"1,2",9997
116,20,"1,2",0,2
116,20,2,4,2
116,20,0,1,9997
117,19,"3,4",0,2
117,19,4,[NULL],9000
117,19,2,[NULL],9000
117,19,0,"1,2",9998
117,19,1,2,9998
118,18,0,0,3
119,17,1,0,2
119,17,"2,3",1,3
119,17,3,[NULL],9000
119,17,0,"0,2",9998
120,16,3,"0,1,3",2
120,16,2,2,9997
120,16,0,"0,1",9998
120,16,1,0,9998
121,15,0,1,2
121,15,1,[NULL],9991
122,14,0,0,9997
122,14,1,0,9998
123,13,0,0,2
123,13,1,[NULL],9000
123,13,2,1,9996
124,12,"0,2",0,2
124,12,2,[NULL],9997
124,12,3,[NULL],9997
124,12,1,1,9998
125,11,1,2,2
125,11,2,[NULL],9997
125,11,0,1,9998
126,10,3,0,2
126,10,1,[NULL],9991
126,10,0,[NULL],9994
126,10,2,0,9998
127,9,2,1,2
127,9,"0,1",[NULL],9991
127,9,1,1,9998
128,8,1,[NULL],9991
128,8,"2,3",[NULL],9991
128,8,3,[NULL],9991
128,8,0,[NULL],9993
129,7,1,2,2
129,7,2,[NULL],9995
129,7,0,3,9997
130,6,1,[NULL],9991
130,6,0,2,9998
131,5,0,2,9998
132,4,0,[NULL],9000
133,3,1,[NULL],9000
133,3,0,[NULL],9990
134,2,0,[NULL],9000
3,134,0,[NULL],9000
7,130,0,[NULL],9000
15,122,0,[NULL],9000
94,43,0,[NULL],9000
97,40,0,0,3
98,39,0,[NULL],9000
99,38,0,0,2
100,37,0,0,4
101,36,0,0,2
102,35,0,0,9998
108,29,0,0,3
109,28,0,0,2
109,28,1,1,2
110,27,1,0,9997
110,27,0,1,9998
111,26,0,2,9998
112,25,0,1,2
113,24,1,2,9998
113,24,0,1,9998
114,23,0,0,9996
115,22,1,1,3
115,22,0,1,9998
116,21,"1,2",0,2
116,21,2,1,2
116,21,0,0,9998
117,20,"2,3",[NULL],9000
117,20,0,"2,3",9998
117,20,3,3,9998
117,20,1,0,9998
118,19,"0,2",0,2
118,19,1,1,3
118,19,2,3,3
119,18,"0,1",0,2
119,18,1,"0,1",2
119,18,2,2,3
120,17,1,[NULL],9000
120,17,2,1,9997
120,17,0,1,9998
121,16,0,1,2
122,15,0,[NULL],9000
122,15,1,0,9997
123,14,1,1,2
123,14,0,"0,1",9997
124,13,1,0,2
124,13,3,2,3
124,13,2,[NULL],9990
124,13,0,2,9997
125,12,0,2,2
125,12,1,1,9998
125,12,2,3,9998
126,11,1,1,2
126,11,2,[NULL],9000
126,11,0,1,9998
127,10,2,[NULL],9000
127,10,0,[NULL],9949
127,10,1,3,9997
128,9,2,2,9996
128,9,1,[NULL],9996
128,9,0,3,9998
129,8,2,0,2
129,8,"0,3",[NULL],9996
129,8,1,"1,4",9998
129,8,3,4,9998
130,7,2,0,2
130,7,1,[NULL],9994
130,7,0,0,9998
130,7,3,3,9998
131,6,2,[NULL],9997
131,6,0,[NULL],9997
131,6,1,[NULL],9997
132,5,0,"1,2",9998
3,135,0,[NULL],9000
7,131,0,[NULL],9000
15,123,0,[NULL],9000
94,44,0,[NULL],9000
97,41,0,0,3
98,40,0,[NULL],9000
101,37,0,0,2
102,36,"0,1",0,9996
102,36,1,0,9997
103,35,0,0,9998
104,34,0,0,4
105,33,0,0,9998
106,32,0,0,9996
107,31,0,0,4
108,30,0,1,4
109,29,1,0,2
109,29,0,0,9996
110,28,2,0,2
110,28,0,0,9996
110,28,1,1,9998
111,27,0,0,4
112,26,2,1,2
112,26,1,0,2
112,26,0,1,4
113,25,"1,2",0,3
113,25,2,1,9996
113,25,3,2,9998
113,25,0,1,9998
114,24,1,0,2
114,24,0,1,9998
115,23,0,0,2
115,23,1,0,3
116,22,"2,3",0,2
116,22,3,3,2
116,22,0,1,2
116,22,1,3,4
117,21,3,[NULL],9000
117,21,"1,2","1,2",9998
117,21,2,2,9998
117,21,0,0,9998
118,20,1,[NULL],9000
118,20,0,2,9997
119,19,1,0,2
119,19,2,2,3
119,19,0,[NULL],7
120,18,2,0,9996
120,18,0,[NULL],9996
120,18,1,0,9998
121,17,0,0,3
122,16,0,0,9997
123,15,1,2,4
123,15,0,[NULL],9000
124,14,1,1,2
124,14,3,2,2
124,14,2,[NULL],9000
124,14,0,[NULL],9000
125,13,1,0,2
125,13,0,[NULL],9000
125,13,3,[NULL],9000
125,13,2,1,9998
126,12,0,3,9997
126,12,1,1,9998
127,11,3,0,2
127,11,0,[NULL],9993
127,11,1,[NULL],9993
127,11,2,1,9998
128,10,"1,4",1,2
128,10,4,3,2
128,10,3,0,3
128,10,2,4,9998
128,10,0,3,9998
129,9,0,0,2
129,9,3,3,2
129,9,4,[NULL],9988
129,9,5,[NULL],9992
129,9,1,[NULL],9994
129,9,2,2,9998
130,8,4,[NULL],9988
130,8,0,[NULL],9995
130,8,3,1,9997
130,8,1,1,9998
130,8,2,2,9998
131,7,"1,2",0,2
131,7,2,[NULL],9990
131,7,3,[NULL],9994
131,7,0,"2,4",9998
132,6,2,[NULL],9990
132,6,1,[NULL],9990
132,6,0,[NULL],9997
133,5,0,[NULL],9992
133,5,1,[NULL],9994
134,4,1,[NULL],9000
134,4,0,2,9998
135,3,0,[NULL],9000
3,136,0,[NULL],9000
7,132,0,[NULL],9000
15,124,0,[NULL],9000
94,45,0,[NULL],9000
98,41,0,[NULL],9000
102,37,0,0,2
102,37,1,0,9996
103,36,0,0,9998
104,35,0,0,2
105,34,0,0,9998
109,30,1,1,2
109,30,0,1,3
110,29,0,0,9998
112,27,2,3,2
112,27,1,0,2
112,27,0,0,9998
113,26,1,0,2
113,26,2,1,9998
113,26,0,0,9998
114,25,0,0,9997
116,23,"1,2","1,2",2
116,23,2,2,2
116,23,0,0,2
117,22,1,"1,2,3",9997
117,22,0,1,9998
119,20,0,1,2
119,20,1,2,3
120,19,0,[NULL],9000
121,18,0,1,3
122,17,"0,1",0,3
122,17,1,2,4
123,16,2,0,3
123,16,"0,1","0,1",9997
123,16,1,1,9998
124,15,1,2,2
124,15,0,2,9998
125,14,1,1,2
125,14,0,[NULL],9000
125,14,3,2,9998
125,14,2,3,9998
126,13,1,2,2
126,13,3,1,3
126,13,0,"1,3",9998
126,13,2,2,9998
127,12,4,2,2
127,12,3,0,2
127,12,0,1,9997
127,12,2,3,9998
127,12,1,2,9998
128,11,2,2,2
128,11,"0,1,3",[NULL],9996
128,11,"1,3","0,1",9998
128,11,3,0,9998
129,10,1,1,2
129,10,2,2,2
129,10,3,2,9997
129,10,0,3,9998
130,9,"2,4",0,2
130,9,5,[NULL],9000
130,9,4,[NULL],9994
130,9,0,[NULL],9994
130,9,1,[NULL],9996
130,9,3,0,9998
131,8,"0,1","0,1",9997
131,8,1,3,9998
132,7,0,[NULL],9991
133,6,2,0,2
133,6,0,[NULL],9995
133,6,1,[NULL],9997
134,5,0,[NULL],9992
134,5,1,1,9998
3,137,0,[NULL],9000
7,133,0,[NULL],9000
15,125,0,[NULL],9000
94,46,0,[NULL],9000
98,42,0,[NULL],9000
101,39,0,0,3
102,38,0,0,2
102,38,1,0,9996
103,37,0,0,9996
104,36,0,0,2
105,35,0,0,9998
109,31,0,0,2
110,30,0,1,9998
111,29,0,0,2
112,28,1,2,2
112,28,0,0,2
113,27,0,0,4
113,27,1,2,9998
116,24,1,0,2
116,24,0,1,9998
117,23,2,0,3
117,23,0,1,9998
117,23,1,3,9998
118,22,1,[NULL],9000
118,22,0,1,9998
119,21,1,[NULL],9000
119,21,0,0,9998
121,19,0,0,3
122,18,1,1,2
122,18,0,0,9998
123,17,2,0,2
123,17,"0,1",1,9997
123,17,1,"0,1",9997
124,16,2,3,2
124,16,3,2,2
124,16,0,2,9998
124,16,1,1,9998
125,15,"1,3",0,2
125,15,2,2,2
125,15,3,0,3
125,15,0,1,9998
126,14,3,2,2
126,14,2,1,2
126,14,1,1,9997
126,14,0,"0,1,2",9997
127,13,"0,1",0,2
127,13,1,"0,3",2
127,13,2,2,4
128,12,3,0,2
128,12,2,[NULL],9993
128,12,"0,1",[NULL],9997
128,12,1,2,9998
129,11,0,3,2
129,11,1,3,3
130,10,3,1,2
130,10,2,[NULL],9987
130,10,1,[NULL],9990
130,10,0,1,9998
131,9,3,[NULL],9991
131,9,2,[NULL],9991
131,9,1,[NULL],9996
131,9,0,4,9998
132,8,"1,3",[NULL],9987
132,8,3,[NULL],9987
132,8,2,[NULL],9992
132,8,0,3,9997
133,7,1,1,2
133,7,"2,3",[NULL],9993
133,7,0,[NULL],9994
133,7,3,[NULL],9996
134,6,0,[NULL],9985
134,6,1,0,9998
135,5,0,[NULL],9989
3,138,0,[NULL],9000
7,134,0,[NULL],9000
15,126,0,[NULL],9000
94,47,0,[NULL],9000
98,43,0,[NULL],9000
101,40,0,"0,1",4
102,39,0,[NULL],9000
103,38,0,0,9998
104,37,0,0,2
105,36,0,0,4
105,36,1,0,9998
106,35,0,0,9998
107,34,0,0,9997
108,33,0,0,4
109,32,1,0,2
109,32,0,0,4
110,31,0,"0,1",9996
110,31,1,0,9998
111,30,0,0,9996
112,29,2,1,2
112,29,1,2,4
112,29,0,0,9998
113,28,0,0,3
113,28,1,1,9998
114,27,0,0,9996
115,26,1,0,2
115,26,0,0,9996
116,25,1,0,2
116,25,3,1,2
116,25,2,1,3
116,25,0,1,9998
117,24,1,0,2
117,24,2,2,9998
117,24,0,"1,2",9998
118,23,0,0,2
119,22,0,2,4
119,22,1,0,9996
120,21,0,1,7
121,20,0,0,2
122,19,"0,1","0,1",3
122,19,1,0,9996
123,18,2,0,2
123,18,1,1,2
123,18,0,2,9998
124,17,1,0,2
124,17,2,[NULL],9000
124,17,0,1,9998
125,16,1,[NULL],9000
125,16,0,[NULL],9000
126,15,1,0,3
126,15,0,[NULL],9000
127,14,2,1,2
127,14,1,[NULL],9000
127,14,0,2,9998
128,13,2,3,3
128,13,0,[NULL],9994
128,13,1,1,9997
129,12,1,0,2
129,12,0,1,9998
130,11,4,0,2
130,11,"0,1","0,1",3
130,11,3,[NULL],9988
130,11,1,1,9997
130,11,2,3,9998
131,10,5,[NULL],9000
131,10,4,[NULL],9990
131,10,3,[NULL],9997
131,10,1,[NULL],9997
131,10,2,2,9998
131,10,0,3,9998
132,9,3,[NULL],9988
132,9,2,[NULL],9993
132,9,1,[NULL],9993
132,9,0,[NULL],9997
133,8,0,1,2
133,8,2,[NULL],9000
133,8,1,3,9998
134,7,0,[NULL],9994
134,7,1,2,9998
135,6,0,1,9998
136,5,0,[NULL],9000
137,4,0,0,9998
3,139,0,[NULL],9000
7,135,0,[NULL],9000
15,127,0,[NULL],9000
98,44,0,[NULL],9000
101,41,0,1,4
102,40,0,0,2
102,40,1,[NULL],9000
104,38,0,1,2
105,37,0,0,2
105,37,1,1,9998
106,36,0,0,9998
109,33,0,1,2
110,32,0,0,9998
111,31,0,0,2
112,30,1,1,2
112,30,0,0,9998
115,27,1,0,2
115,27,0,1,9997
116,26,2,2,2
116,26,1,"0,2",2
116,26,0,0,9998
117,25,0,"0,1",9997
117,25,1,1,9998
118,24,0,0,9997
122,20,2,0,2
122,20,1,"0,1",3
122,20,0,0,3
123,19,1,0,2
123,19,0,0,9997
124,18,0,0,9998
125,17,1,1,3
125,17,"0,2","0,1",3
125,17,2,[NULL],9000
126,16,2,0,2
126,16,1,2,9998
126,16,0,"1,2",9998
127,15,2,[NULL],9000
127,15,0,2,9997
127,15,1,[NULL],9997
128,14,1,0,2
128,14,0,[NULL],9995
129,13,3,2,2
129,13,0,[NULL],9992
129,13,2,1,9996
129,13,1,2,9998
130,12,2,2,2
130,12,3,0,2
130,12,0,[NULL],9992
130,12,1,0,9998
131,11,3,0,3
131,11,0,[NULL],9994
131,11,"1,2",[NULL],9994
131,11,2,1,9996
132,10,3,1,2
132,10,2,[NULL],9994
132,10,1,1,9997
132,10,0,4,9998
133,9,2,1,2
133,9,"3,4",[NULL],9987
133,9,4,[NULL],9995
133,9,1,4,9997
133,9,0,1,9998
134,8,1,0,2
134,8,"4,5",[NULL],9988
134,8,5,[NULL],9988
134,8,2,[NULL],9994
134,8,0,0,9998
134,8,3,3,9998
135,7,2,[NULL],9000
135,7,3,[NULL],9991
135,7,4,[NULL],9993
135,7,0,1,9998
135,7,1,5,9998
136,6,0,0,2
136,6,1,[NULL],9000
136,6,2,[NULL],9992
137,5,0,2,9998
3,140,0,[NULL],9000
7,136,0,[NULL],9000
15,128,0,[NULL],9000
98,45,0,[NULL],9000
101,42,0,1,4
102,41,0,0,4
102,41,1,[NULL],9000
104,39,1,1,2
104,39,0,0,9997
105,38,0,0,2
105,38,1,0,9997
106,37,0,0,3
109,34,0,0,2
110,33,0,2,9998
111,32,0,0,2
112,31,0,1,9998
115,28,0,0,2
116,27,1,1,2
116,27,0,0,9996
117,26,0,2,9998
119,24,0,1,9998
120,23,0,"1,2",9998
121,22,0,1,9998
122,21,0,1,9998
123,20,0,0,2
124,19,0,1,9998
125,18,2,1,2
125,18,1,"0,1",2
125,18,0,0,9998
126,17,"0,1",[NULL],9000
126,17,1,2,9997
127,16,1,1,3
127,16,0,0,9995
127,16,2,1,9997
128,15,2,1,2
128,15,1,[NULL],9996
128,15,0,2,9998
129,14,0,1,2
129,14,1,1,3
130,13,2,[NULL],9000
130,13,0,[NULL],9994
130,13,1,0,9998
131,12,4,0,2
131,12,0,[NULL],9992
131,12,1,[NULL],9995
131,12,"2,3",[NULL],9995
131,12,3,0,9998
132,11,1,0,2
132,11,4,[NULL],9000
132,11,3,[NULL],9000
132,11,0,[NULL],9995
132,11,2,2,9997
133,10,0,0,2
133,10,3,3,2
133,10,1,[NULL],9996
133,10,2,"2,4",9998
134,9,1,0,2
134,9,5,1,2
134,9,2,5,9998
134,9,3,4,9998
134,9,0,1,9998
134,9,4,3,9998
135,8,2,[NULL],9994
135,8,0,[NULL],9994
135,8,1,5,9998
136,7,2,0,2
136,7,0,[NULL],9993
136,7,1,0,9998
137,6,0,[NULL],9996
137,6,1,[NULL],9996
137,6,2,1,9998
3,141,0,[NULL],9000
7,137,0,[NULL],9000
15,129,0,[NULL],9000
96,48,0,[NULL],9000
98,46,0,[NULL],9000
102,42,0,[NULL],9000
105,39,0,0,9997
108,36,0,0,9996
109,35,2,0,2
109,35,"0,1",0,4
109,35,1,0,9998
110,34,0,0,4
110,34,1,0,9998
111,33,1,0,2
111,33,0,0,9997
112,32,0,0,9996
112,32,1,0,9998
113,31,0,0,4
114,30,1,0,3
114,30,0,0,4
115,29,1,0,9996
115,29,0,0,9998
116,28,2,0,2
116,28,"0,1",0,3
116,28,1,0,9996
117,27,0,0,3
117,27,1,0,9998
118,26,1,0,2
118,26,0,1,4
119,25,"1,2",0,2
119,25,2,1,9996
119,25,0,0,9998
120,24,1,0,2
120,24,2,[NULL],9000
120,24,0,0,9997
121,23,1,0,2
121,23,0,1,4
122,22,0,0,3
123,21,1,0,2
123,21,0,"0,2",9996
124,20,0,0,2
125,19,2,[NULL],9000
125,19,3,1,9996
125,19,1,[NULL],9996
125,19,0,1,9998
126,18,2,0,3
126,18,1,[NULL],9000
126,18,0,[NULL],9000
127,17,2,0,2
127,17,1,[NULL],9000
127,17,0,[NULL],9000
128,16,0,0,9998
129,15,0,1,2
129,15,1,[NULL],9000
130,14,0,3,2
130,14,2,[NULL],9994
130,14,1,0,9997
130,14,3,1,9998
131,13,1,1,3
131,13,0,[NULL],9996
131,13,2,2,9998
132,12,"2,4",2,2
132,12,4,1,3
132,12,1,[NULL],9000
132,12,3,1,9997
132,12,0,3,9998
133,11,5,2,2
133,11,4,3,2
133,11,1,0,2
133,11,3,4,2
133,11,0,[NULL],9997
133,11,2,1,9998
134,10,5,1,2
134,10,6,[NULL],9989
134,10,"1,3",[NULL],9989
134,10,3,4,9997
134,10,0,[NULL],9997
134,10,2,0,9998
134,10,4,1,9998
135,9,0,1,2
135,9,2,[NULL],9995
135,9,1,0,9997
136,8,1,2,2
136,8,0,[NULL],9994
137,7,2,[NULL],9000
137,7,1,[NULL],9000
137,7,0,[NULL],9993
138,6,1,[NULL],9995
138,6,0,2,9998
139,5,"0,1",[NULL],9994
139,5,1,[NULL],9994
140,4,0,[NULL],9997
141,3,0,[NULL],9000
142,2,0,[NULL],9997
3,142,0,[NULL],9000
7,138,0,[NULL],9000
15,130,0,[NULL],9000
98,47,0,[NULL],9000
102,43,0,[NULL],9000
103,42,0,0,3
104,41,0,1,3
105,40,0,0,9997
108,37,0,1,2
109,36,0,1,2
109,36,1,0,9998
110,35,0,0,9998
111,34,0,1,2
112,33,0,0,9998
114,31,0,0,2
115,30,0,0,9998
116,29,0,1,2
117,28,0,0,9998
118,27,0,0,2
119,26,0,"1,2",9997
124,21,1,0,2
124,21,0,0,9997
125,20,2,1,3
125,20,3,[NULL],9000
125,20,"0,1",[NULL],9000
125,20,1,0,9998
126,19,1,2,3
126,19,0,"0,2",9997
127,18,0,0,2
128,17,1,2,4
128,17,0,[NULL],9996
128,17,2,0,9998
129,16,1,3,2
129,16,0,1,9998
130,15,2,2,2
130,15,1,2,4
130,15,0,[NULL],9995
130,15,3,2,9998
131,14,3,0,2
131,14,2,2,3
131,14,1,3,9998
131,14,0,1,9998
132,13,1,2,2
132,13,0,[NULL],9000
133,12,0,2,2
133,12,1,4,2
134,11,0,[NULL],9997
134,11,1,3,9998
135,10,1,"0,1,3",9997
135,10,0,1,9998
136,9,0,[NULL],9995
136,9,1,1,9998
137,8,2,0,2
137,8,1,1,9998
137,8,0,"3,4",9998
138,7,3,[NULL],9994
138,7,0,[NULL],9996
138,7,1,[NULL],9996
138,7,2,"0,1",9998
139,6,2,[NULL],9995
139,6,1,[NULL],9995
139,6,0,"0,1",9998
3,143,0,[NULL],9000
7,139,0,[NULL],9000
15,131,0,[NULL],9000
97,49,0,[NULL],9000
98,48,0,[NULL],9000
102,44,0,[NULL],9000
103,43,0,[NULL],9992
104,42,0,0,3
108,38,0,1,2
109,37,0,0,2
109,37,1,0,9996
110,36,0,0,3
110,36,1,0,9998
111,35,0,0,2
112,34,0,1,9998
114,32,0,0,2
115,31,0,0,4
116,30,0,0,2
117,29,0,1,9998
119,27,0,0,3
120,26,0,1,9998
121,25,0,"0,1",9998
122,24,0,1,9998
123,23,1,[NULL],9000
123,23,0,1,9998
124,22,0,1,2
124,22,1,1,9998
125,21,0,2,9998
126,20,0,3,9998
127,19,0,2,2
127,19,1,[NULL],9000
128,18,1,0,2
128,18,3,[NULL],9000
128,18,0,0,9998
128,18,2,2,9998
129,17,2,3,2
129,17,0,1,3
129,17,1,1,9996
130,16,3,1,2
130,16,1,0,2
130,16,0,2,9998
130,16,2,3,9998
131,15,1,3,3
131,15,0,[NULL],9997
131,15,2,0,9998
132,14,1,[NULL],9000
132,14,0,0,9998
133,13,3,1,2
133,13,4,3,3
133,13,0,[NULL],9000
133,13,"1,2",[NULL],9991
133,13,2,3,9997
134,12,1,0,2
134,12,0,1,3
134,12,2,1,9998
135,11,1,1,2
135,11,3,[NULL],9000
135,11,2,"1,2",9997
135,11,0,3,9998
136,10,1,1,2
136,10,"3,4",0,2
136,10,4,[NULL],9000
136,10,2,1,9998
136,10,0,0,9998
137,9,"0,1",2,2
137,9,2,[NULL],9995
137,9,1,3,9998
138,8,"0,1",0,2
138,8,2,[NULL],9997
138,8,1,1,9998
139,7,2,[NULL],9000
139,7,1,[NULL],9996
139,7,0,0,9998
140,6,1,[NULL],9988
140,6,0,[NULL],9988
141,5,0,[NULL],9987
141,5,1,[NULL],9993
142,4,1,[NULL],9995
142,4,0,[NULL],9995
143,3,0,[NULL],9000
3,144,0,[NULL],9000
7,140,0,[NULL],9000
15,132,0,[NULL],9000
98,49,0,[NULL],9000
102,45,0,[NULL],9000
104,43,0,0,3
107,40,0,0,4
108,39,0,0,9998
109,38,0,1,2
110,37,0,0,9998
111,36,1,0,2
111,36,0,0,4
112,35,1,1,9998
112,35,0,0,9998
113,34,0,0,9997
114,33,0,1,4
115,32,0,1,4
116,31,1,0,2
116,31,0,0,9996
117,30,1,0,9996
117,30,0,0,9997
118,29,"1,2",0,3
118,29,2,2,4
118,29,0,0,9998
119,28,1,0,2
119,28,0,1,9998
120,27,"0,1",0,2
120,27,1,0,9996
121,26,1,0,2
121,26,0,0,9996
121,26,2,0,9998
122,25,1,0,2
122,25,"0,2",0,4
122,25,2,1,9998
123,24,1,1,2
123,24,0,0,3
124,23,2,0,2
124,23,1,3,4
124,23,0,1,9997
125,22,3,0,2
125,22,"0,2",0,3
125,22,2,1,9996
125,22,1,0,9998
126,21,0,0,5
127,20,0,0,2
127,20,2,2,2
127,20,1,[NULL],9000
128,19,0,1,9996
128,19,2,5,9998
128,19,1,2,9998
128,19,3,3,9998
129,18,2,0,2
129,18,3,2,2
129,18,4,[NULL],9000
129,18,1,4,9998
129,18,0,1,9998
130,17,0,2,2
130,17,2,[NULL],9000
130,17,1,3,9998
131,16,0,0,2
131,16,1,[NULL],9000
131,16,2,0,9998
132,15,1,[NULL],9000
132,15,2,0,9996
132,15,0,1,9998
133,14,1,2,2
133,14,3,[NULL],9000
133,14,2,[NULL],9000
133,14,0,"0,1,3,4",9998
134,13,3,0,2
134,13,"0,1",1,3
134,13,1,4,9998
134,13,2,3,9998
135,12,1,2,2
135,12,0,0,2
135,12,2,4,9998
136,11,3,1,2
136,11,1,[NULL],9996
136,11,2,[NULL],9997
136,11,0,0,9998
137,10,1,1,2
137,10,0,1,9998
138,9,0,0,2
138,9,1,2,9997
139,8,0,[NULL],9997
139,8,"1,2",5,9998
139,8,2,2,9998
140,7,2,[NULL],9992
140,7,1,"0,2",9998
140,7,0,5,9998
141,6,0,"1,2",9998
3,145,0,[NULL],9000
7,141,0,[NULL],9000
15,133,0,[NULL],9000
98,50,0,[NULL],9000
102,46,0,[NULL],9000
104,44,0,[NULL],9000
107,41,0,0,2
108,40,0,0,9998
109,39,0,0,2
110,38,0,0,9998
111,37,1,1,2
111,37,0,0,2
112,36,0,0,9998
117,31,0,0,2
118,30,1,0,2
118,30,0,0,9998
119,29,0,1,9998
120,28,0,2,2
121,27,1,2,2
121,27,0,0,9998
122,26,0,"1,2,3",9997
124,24,0,1,2
125,23,0,1,9998
126,22,0,3,9997
127,21,5,2,2
127,21,2,1,2
127,21,3,3,2
127,21,4,[NULL],9000
127,21,"0,1",[NULL],9000
127,21,1,1,9998
128,20,4,1,2
128,20,1,0,2
128,20,0,[NULL],9000
128,20,2,"0,1",9997
128,20,3,1,9998
129,19,3,1,2
129,19,"0,1,2",[NULL],9000
129,19,1,[NULL],9000
129,19,2,2,9997
130,18,0,2,2
130,18,2,[NULL],9000
130,18,1,2,9997
131,17,1,0,2
131,17,"0,2",[NULL],9000
131,17,2,0,9998
132,16,"0,1,3,4",0,2
132,16,3,2,3
132,16,2,4,9997
132,16,1,0,9998
132,16,4,1,9998
133,15,4,0,2
133,15,3,2,2
133,15,1,[NULL],9000
133,15,2,[NULL],9000
133,15,0,2,9998
134,14,4,2,2
134,14,"1,2",2,3
134,14,0,[NULL],9989
134,14,2,0,9997
134,14,3,2,9998
135,13,0,0,2
135,13,1,[NULL],9994
136,12,1,0,2
136,12,0,1,9998
137,11,3,[NULL],9000
137,11,2,[NULL],9991
137,11,1,[NULL],9997
137,11,0,[NULL],9997
138,10,5,"1,2",2
138,10,2,2,2
138,10,4,[NULL],9988
138,10,3,1,9996
138,10,1,"1,2",9998
138,10,0,0,9998
139,9,"0,2",1,2
139,9,5,"0,2",2
139,9,2,[NULL],9993
139,9,4,[NULL],9993
139,9,1,[NULL],9993
139,9,3,2,9998
140,8,"1,2",0,2
140,8,4,[NULL],9990
140,8,2,[NULL],9990
140,8,3,3,9997
140,8,0,[NULL],9997
141,7,2,[NULL],9989
141,7,1,[NULL],9995
141,7,0,[NULL],9997
142,6,1,[NULL],9993
142,6,0,1,9998
143,5,0,[NULL],9997
144,4,0,[NULL],9995
145,3,0,[NULL],9000
3,146,0,[NULL],9000
7,142,0,[NULL],9000
15,134,0,[NULL],9000
102,47,0,[NULL],9000
107,42,0,0,2
108,41,0,1,4
109,40,0,0,2
110,39,0,0,9998
111,38,0,0,2
112,37,0,0,3
116,33,0,0,3
117,32,0,0,2
118,31,1,0,2
118,31,0,0,9997
119,30,1,1,9998
119,30,0,2,9998
120,29,0,0,2
121,28,1,2,9998
121,28,0,1,9998
122,27,0,0,9996
123,26,1,0,3
123,26,0,1,9998
124,25,1,0,2
124,25,0,0,9998
125,24,1,2,9998
125,24,0,0,9998
126,23,1,1,2
126,23,0,0,9998
127,22,1,3,2
127,22,0,0,9998
128,21,1,1,4
128,21,0,[NULL],9000
128,21,2,2,9998
129,20,1,[NULL],9000
129,20,0,[NULL],9000
130,19,0,2,2
130,19,1,1,9997
131,18,0,1,2
131,18,1,4,2
132,17,2,0,2
132,17,1,[NULL],9000
132,17,0,[NULL],9000
132,17,4,4,9997
132,17,3,3,9998
133,16,2,3,2
133,16,1,1,9995
133,16,0,2,9998
134,15,0,1,9998
135,14,1,0,2
135,14,0,[NULL],9000
136,13,0,[NULL],9993
136,13,1,1,9998
137,12,"1,2",1,2
137,12,0,0,2
137,12,2,1,3
138,11,2,3,2
138,11,1,[NULL],9988
138,11,3,0,9996
138,11,0,2,9998
139,10,2,[NULL],9000
139,10,3,[NULL],9984
139,10,0,[NULL],9984
139,10,1,[NULL],9994
140,9,0,2,9998
141,8,1,0,2
141,8,0,0,9998
142,7,"1,2",[NULL],9994
142,7,0,[NULL],9994
142,7,2,4,9998
143,6,0,4,9997
144,5,0,[NULL],9996
145,4,0,3,9997
3,147,0,[NULL],9000
7,143,0,[NULL],9000
15,135,0,[NULL],9000
102,48,0,[NULL],9000
109,41,0,0,2
110,40,"0,1",0,9996
110,40,1,0,9997
111,39,0,0,9998
114,36,0,0,9996
115,35,0,0,4
116,34,0,1,4
117,33,0,0,9996
118,32,1,1,2
118,32,2,0,2
118,32,0,0,9996
119,31,0,1,4
119,31,1,0,9998
120,30,2,1,2
120,30,1,0,2
120,30,0,0,4
121,29,"1,2,3",0,3
121,29,"2,3",0,9996
121,29,3,2,9998
121,29,0,1,9998
122,28,1,0,2
122,28,0,"1,2",9998
123,27,0,0,2
124,26,2,1,2
124,26,0,0,2
124,26,1,0,4
125,25,0,0,2
125,25,3,0,3
125,25,2,0,9998
125,25,1,1,9998
126,24,0,0,2
126,24,1,"0,2",9996
127,23,2,2,2
127,23,"0,1",2,3
127,23,1,0,4
128,22,2,2,3
128,22,"1,3",[NULL],9000
128,22,3,1,9998
128,22,0,[NULL],9998
129,21,2,1,3
129,21,0,[NULL],9000
129,21,1,1,9996
130,20,3,0,9996
130,20,0,[NULL],9996
130,20,2,2,9997
130,20,1,0,9997
131,19,3,3,2
131,19,4,2,3
131,19,0,2,4
131,19,1,2,9998
131,19,2,0,9998
132,18,2,0,2
132,18,0,1,9998
132,18,1,3,9998
133,17,1,0,2
133,17,0,2,3
134,16,2,[NULL],9000
134,16,0,[NULL],9000
134,16,1,2,9998
135,15,1,1,2
135,15,2,[NULL],9000
135,15,0,0,9998
136,14,1,[NULL],9000
136,14,0,2,9998
137,13,2,0,2
137,13,1,[NULL],9993
137,13,0,[NULL],9993
138,12,"0,1",[NULL],9000
138,12,"1,2",[NULL],9989
138,12,2,2,9996
139,11,2,0,2
139,11,3,3,3
139,11,1,[NULL],9000
139,11,0,[NULL],9995
140,10,0,0,2
140,10,"1,2,3",[NULL],9000
140,10,3,[NULL],9000
140,10,2,[NULL],9992
141,9,4,2,2
141,9,"2,3",[NULL],9000
141,9,3,[NULL],9987
141,9,0,[NULL],9991
141,9,5,[NULL],9991
141,9,1,5,9997
142,8,6,[NULL],9987
142,8,2,[NULL],9987
142,8,5,[NULL],9990
142,8,4,[NULL],9995
142,8,3,[NULL],9995
142,8,0,0,9998
142,8,1,3,9998
143,7,3,[NULL],9988
143,7,2,[NULL],9995
143,7,0,[NULL],9995
143,7,1,0,9996
144,6,2,[NULL],9000
144,6,1,[NULL],9993
144,6,0,[NULL],9995
145,5,2,[NULL],9000
145,5,1,[NULL],9994
145,5,0,0,9997
146,4,0,[NULL],9000
3,148,0,[NULL],9000
7,144,0,[NULL],9000
15,136,0,[NULL],9000
102,49,0,[NULL],9000
106,45,0,[NULL],9000
110,41,0,0,2
110,41,1,0,9996
111,40,0,0,9998
117,34,0,0,3
118,33,0,1,2
119,32,0,0,9998
120,31,2,3,2
120,31,1,0,2
120,31,0,1,9998
121,30,"1,2",0,2
121,30,2,1,9998
121,30,0,0,9998
122,29,0,0,9997
124,27,0,2,2
124,27,1,1,2
125,26,0,1,9998
127,24,1,3,2
127,24,0,[NULL],2
128,23,0,1,9998
129,22,1,1,3
129,22,0,[NULL],9000
130,21,2,1,2
130,21,0,2,2
130,21,1,[NULL],9000
130,21,3,2,9997
131,20,1,0,2
131,20,3,1,2
131,20,4,4,3
131,20,0,"0,1",9997
131,20,2,2,9998
132,19,1,1,9997
132,19,0,3,9998
132,19,2,2,9998
133,18,2,1,2
133,18,1,[NULL],9000
133,18,0,"0,2",9998
134,17,0,0,2
134,17,1,1,9998
135,16,2,0,2
135,16,1,4,9997
135,16,0,1,9998
136,15,"1,2",[NULL],9997
136,15,2,1,9998
136,15,0,[NULL],9998
137,14,1,3,4
137,14,0,0,9997
139,12,0,2,9997
140,11,2,0,9997
140,11,1,[NULL],9997
140,11,0,0,9998
140,11,3,2,9998
141,10,0,0,2
141,10,3,1,2
141,10,2,[NULL],9992
141,10,1,"3,5",9998
142,9,4,0,3
142,9,1,[NULL],9993
142,9,"0,2",[NULL],9996
142,9,2,[NULL],9996
142,9,3,3,9998
143,8,0,[NULL],9989
143,8,2,0,9996
143,8,3,[NULL],9996
143,8,1,[NULL],9996
144,7,3,0,3
144,7,0,[NULL],9995
144,7,2,[NULL],9996
144,7,1,"0,3",9998
145,6,0,[NULL],9996
145,6,1,1,9997
146,5,0,0,9998
147,4,0,[NULL],9998
3,149,0,[NULL],9000
7,145,0,[NULL],9000
15,137,0,[NULL],9000
102,50,0,[NULL],9000
106,46,0,[NULL],9000
109,43,0,0,3
110,42,0,0,2
110,42,1,0,9996
111,41,0,0,9996
118,34,0,0,2
119,33,1,0,2
119,33,0,1,9998
120,32,1,2,2
120,32,0,0,2
121,31,0,0,4
121,31,1,1,9998
124,28,1,0,2
124,28,0,1,9998
125,27,0,3,9998
125,27,2,2,9998
125,27,1,"1,2,3",9998
126,26,0,1,9998
127,25,1,0,2
127,25,0,1,9998
128,24,2,[NULL],9000
128,24,1,2,9998
128,24,0,0,9998
129,23,2,2,3
129,23,0,1,3
129,23,3,[NULL],9000
129,23,1,0,9998
130,22,2,2,2
130,22,1,0,9997
130,22,0,1,9998
131,21,3,0,2
131,21,2,2,2
131,21,0,[NULL],9000
131,21,1,0,9997
132,20,"0,2",0,2
132,20,2,3,9998
132,20,1,2,9998
133,19,1,1,2
133,19,0,"0,2",9998
134,18,1,0,2
134,18,0,[NULL],9000
134,18,2,3,9998
135,17,1,2,2
135,17,0,2,9998
136,16,2,[NULL],9994
136,16,1,"0,1",9997
136,16,0,[NULL],9997
137,15,0,3,4
139,13,0,0,2
139,13,2,3,2
139,13,1,0,9997
140,12,"3,5",1,2
140,12,5,1,3
140,12,2,[NULL],9000
140,12,4,[NULL],9950
140,12,0,[NULL],9996
140,12,1,1,9998
141,11,3,3,2
141,11,4,[NULL],9000
141,11,0,[NULL],9993
141,11,1,0,9998
141,11,2,2,9998
142,10,3,[NULL],9000
142,10,1,[NULL],9997
142,10,0,[NULL],9997
142,10,2,3,9998
143,9,"0,3",1,2
143,9,1,[NULL],9990
143,9,2,[NULL],9990
143,9,3,[NULL],9992
144,8,0,0,3
144,8,2,[NULL],9989
144,8,1,[NULL],9996
145,7,0,0,2
145,7,1,1,9997
146,6,2,[NULL],9985
146,6,0,[NULL],9997
146,6,1,0,9998
147,5,1,[NULL],9000
147,5,2,[NULL],9992
147,5,0,0,9998
148,4,0,[NULL],9000
3,150,0,[NULL],9000
7,146,0,[NULL],9000
15,138,0,[NULL],9000
102,51,0,[NULL],9000
106,47,0,[NULL],9000
109,44,0,"0,1",4
110,43,0,[NULL],9000
111,42,0,1,9998
113,40,0,0,4
114,39,0,0,9998
115,38,0,0,9997
116,37,0,0,4
117,36,0,0,4
118,35,1,0,2
118,35,0,"0,1",9996
119,34,0,0,9996
120,33,1,1,2
120,33,0,"2,3",4
121,32,0,0,3
121,32,1,0,9998
122,31,0,0,9996
123,30,1,0,2
123,30,0,0,9996
124,29,3,0,2
124,29,2,2,2
124,29,1,"0,1,2",2
124,29,0,1,9998
125,28,1,0,2
125,28,"0,2",1,4
125,28,"2,3",2,9998
125,28,3,1,9998
126,27,1,0,2
126,27,0,"0,1",9998
127,26,2,1,2
127,26,0,0,2
127,26,1,0,9996
128,25,0,1,2
128,25,1,1,4
128,25,2,0,9998
129,24,1,0,2
129,24,2,3,3
129,24,0,3,4
130,23,"0,1",0,3
130,23,1,0,9996
130,23,2,1,9997
131,22,3,2,2
131,22,2,1,2
131,22,1,1,3
131,22,0,"0,1",9998
132,21,"0,2",0,2
132,21,1,1,5
132,21,2,2,9998
133,20,3,2,2
133,20,1,[NULL],9000
133,20,0,[NULL],9000
133,20,2,2,9998
134,19,2,0,2
134,19,4,1,3
134,19,6,[NULL],9000
134,19,0,2,9996
134,19,5,2,9997
134,19,3,3,9998
134,19,1,0,9998
135,18,2,[NULL],9000
135,18,0,1,9997
135,18,1,1,9998
136,17,0,0,3
137,16,2,2,4
137,16,1,3,9996
137,16,0,0,9997
138,15,2,0,3
138,15,"0,1",[NULL],9992
138,15,1,3,9998
139,14,1,1,2
139,14,0,2,3
140,13,0,1,2
140,13,2,2,2
140,13,1,3,9998
141,12,3,2,2
141,12,4,[NULL],9994
141,12,2,[NULL],9994
141,12,0,[NULL],9994
141,12,1,1,9996
142,11,0,1,4
142,11,1,[NULL],9993
142,11,2,2,9998
142,11,3,1,9998
143,10,0,[NULL],9996
143,10,1,3,9997
144,9,1,1,3
144,9,0,[NULL],9997
145,8,0,1,2
145,8,1,[NULL],9992
145,8,2,2,9997
146,7,0,0,2
146,7,1,[NULL],9997
147,6,"0,1",[NULL],9997
147,6,1,1,9998
148,5,0,[NULL],9998
3,151,0,[NULL],9000
7,147,0,[NULL],9000
15,139,0,[NULL],9000
106,48,0,[NULL],9000
109,45,0,1,4
110,44,1,0,2
110,44,0,[NULL],9000
113,41,0,0,2
114,40,0,0,9998
120,34,0,1,2
123,31,1,0,2
123,31,0,1,9997
124,30,2,"2,3",2
124,30,1,3,2
124,30,0,0,9998
125,29,"0,1",0,2
125,29,1,"0,1",9997
125,29,2,1,9998
126,28,0,0,9997
126,28,1,1,9998
127,27,0,2,2
128,26,0,1,9998
129,25,0,1,3
130,24,"0,1",0,2
130,24,1,1,3
130,24,2,2,9997
131,23,2,2,2
131,23,0,3,9997
131,23,1,1,9997
132,22,2,2,2
132,22,1,[NULL],9000
132,22,0,1,9998
133,21,3,3,2
133,21,0,1,2
133,21,1,[NULL],9000
133,21,2,[NULL],9000
134,20,1,1,2
134,20,4,[NULL],9000
134,20,"0,2",[NULL],9000
134,20,3,3,9997
134,20,2,1,9998
135,19,"0,1",1,3
135,19,1,1,9997
136,18,0,0,9997
137,17,3,0,2
137,17,2,[NULL],9000
137,17,0,"1,2",9997
137,17,1,[NULL],9997
138,16,0,1,3
138,16,1,[NULL],9993
139,15,3,1,2
139,15,1,[NULL],9996
139,15,0,[NULL],9996
139,15,2,2,9998
140,14,2,1,9997
140,14,1,[NULL],9997
140,14,3,2,9998
140,14,0,[NULL],9998
141,13,2,2,2
141,13,1,3,2
141,13,3,[NULL],9000
141,13,0,[NULL],9995
142,12,0,2,4
142,12,4,[NULL],9991
142,12,1,[NULL],9991
142,12,2,[NULL],9994
142,12,3,0,9998
143,11,3,[NULL],9994
143,11,2,3,9997
143,11,1,[NULL],9997
143,11,0,[NULL],9997
144,10,1,1,3
144,10,2,[NULL],9000
144,10,3,[NULL],9992
144,10,0,[NULL],9997
145,9,3,[NULL],9988
145,9,1,3,9997
145,9,2,[NULL],9997
145,9,0,4,9998
146,8,1,0,2
146,8,2,[NULL],9991
146,8,4,[NULL],9991
146,8,3,[NULL],9991
146,8,0,[NULL],9991
147,7,4,[NULL],9000
147,7,3,[NULL],9988
147,7,2,[NULL],9991
147,7,1,[NULL],9991
147,7,0,0,9996
148,6,2,[NULL],9000
148,6,1,[NULL],9997
148,6,0,[NULL],9997
149,5,0,0,9997
3,152,0,[NULL],9000
7,148,0,[NULL],9000
15,140,0,[NULL],9000
106,49,0,[NULL],9000
109,46,0,1,4
110,45,0,0,4
110,45,1,[NULL],9000
112,43,0,0,9997
113,42,0,0,2
114,41,0,0,3
123,32,0,0,2
124,31,1,2,2
124,31,0,0,9996
125,30,1,1,2
125,30,0,2,9998
126,29,0,2,9998
127,28,1,0,2
127,28,0,1,9998
128,27,1,3,9998
128,27,0,"1,2",9998
129,26,1,2,3
129,26,0,1,9998
130,25,1,0,9997
130,25,0,1,9998
131,24,1,0,2
131,24,0,0,9998
132,23,1,2,9998
132,23,0,0,9998
133,22,1,0,2
133,22,2,5,3
133,22,0,0,9998
134,21,1,0,3
134,21,2,2,9997
134,21,0,"1,2",9998
135,20,2,1,9995
135,20,1,4,9998
135,20,0,[NULL],9998
136,19,0,0,3
136,19,1,1,9997
137,18,1,1,9997
137,18,0,3,9997
137,18,2,4,9997
138,17,2,2,2
138,17,1,[NULL],9000
138,17,0,1,9998
139,16,2,3,2
139,16,"1,3",[NULL],9990
139,16,0,[NULL],9990
139,16,3,1,9998
140,15,1,0,9998
140,15,0,"1,2",9998
141,14,0,3,2
142,13,3,1,3
142,13,1,1,9998
142,13,0,0,9998
142,13,2,2,9998
143,12,1,[NULL],9988
143,12,0,[NULL],9995
143,12,2,4,9997
144,11,4,0,2
144,11,2,2,3
144,11,3,[NULL],9984
144,11,1,"0,3,5",9997
144,11,0,[NULL],9998
145,10,2,[NULL],9990
145,10,1,[NULL],9994
145,10,0,[NULL],9998
146,9,0,[NULL],9988
147,8,0,"2,3",9996
148,7,1,[NULL],9992
148,7,0,[NULL],9993
149,6,1,2,9997
149,6,0,1,9998
3,153,0,[NULL],9000
7,149,0,[NULL],9000
15,141,0,[NULL],9000
104,52,0,[NULL],9000
106,50,0,[NULL],9000
110,46,0,[NULL],9000
113,43,0,0,9998
116,40,0,0,9996
117,39,"0,1",0,4
117,39,1,0,9998
118,38,0,0,4
119,37,0,0,9997
120,36,0,0,9996
121,35,0,0,4
122,34,1,0,3
122,34,0,0,4
123,33,1,0,9996
123,33,0,0,9998
124,32,2,0,2
124,32,"0,1",1,3
124,32,1,0,9996
125,31,2,0,2
125,31,0,0,3
125,31,1,0,9998
126,30,1,0,2
126,30,0,1,4
126,30,2,1,9998
127,29,3,1,2
127,29,"1,2",0,2
127,29,2,1,9996
127,29,0,0,9998
128,28,1,0,2
128,28,"0,2",0,9997
128,28,2,1,9998
129,27,1,0,2
129,27,2,2,3
129,27,0,1,4
130,26,0,0,2
130,26,3,0,3
130,26,1,1,3
130,26,2,0,9997
131,25,2,1,2
131,25,0,0,2
131,25,1,"0,1",9996
132,24,0,0,2
133,23,"1,2",0,2
133,23,3,3,3
133,23,2,0,4
133,23,0,1,9998
134,22,4,1,2
134,22,1,1,3
134,22,0,[NULL],9000
134,22,3,2,9997
134,22,2,1,9998
135,21,0,0,3
135,21,3,[NULL],9000
135,21,1,[NULL],9000
135,21,4,0,9996
135,21,2,[NULL],9996
136,20,"1,2",0,3
136,20,3,1,4
136,20,2,[NULL],9000
136,20,0,0,9996
137,19,1,0,2
137,19,2,3,9997
137,19,0,2,9998
138,18,1,3,2
138,18,0,0,9998
139,17,0,1,2
139,17,"1,2",0,2
139,17,2,2,3
140,16,1,1,4
140,16,0,"1,3",9998
140,16,2,3,9998
141,15,1,1,2
141,15,0,0,2
141,15,2,2,2
142,14,3,2,3
142,14,4,[NULL],9000
142,14,0,1,9994
142,14,1,[NULL],9996
142,14,2,2,9998
143,13,1,[NULL],9000
143,13,0,[NULL],9996
144,12,3,1,3
144,12,2,[NULL],9000
144,12,1,[NULL],9000
144,12,0,[NULL],9993
145,11,4,[NULL],9000
145,11,3,[NULL],9954
145,11,2,[NULL],9993
145,11,1,[NULL],9994
145,11,0,4,9996
146,10,1,[NULL],9993
146,10,0,[NULL],9997
147,9,1,[NULL],9954
147,9,0,[NULL],9993
148,8,1,0,2
148,8,0,0,3
149,7,1,[NULL],9994
149,7,0,4,9997
150,6,1,[NULL],9000
150,6,0,[NULL],9992
151,5,0,[NULL],9995
3,154,0,[NULL],9000
7,150,0,[NULL],9000
15,142,0,[NULL],9000
106,51,0,[NULL],9000
110,47,0,[NULL],9000
111,46,0,0,3
112,45,0,0,2
113,44,0,0,9998
116,41,0,1,2
117,40,0,0,9998
122,35,0,0,2
123,34,0,0,9998
124,33,0,1,2
125,32,1,2,2
125,32,0,0,9998
126,31,0,0,2
126,31,1,1,9998
127,30,1,2,2
127,30,0,0,9998
128,29,0,0,9997
129,28,0,1,3
130,27,0,2,9997
132,25,1,0,2
132,25,0,0,9997
133,24,1,2,2
133,24,2,2,3
133,24,0,1,9998
134,23,"0,1",[NULL],9000
134,23,2,5,9997
134,23,1,"1,2",9997
135,22,1,"0,1",3
135,22,0,[NULL],9000
135,22,2,2,9998
136,21,2,0,2
136,21,1,1,3
136,21,3,0,3
136,21,4,2,3
136,21,0,0,9998
137,20,0,0,2
137,20,2,[NULL],9955
137,20,1,"2,3",9998
138,19,0,[NULL],9000
138,19,1,0,9997
139,18,"1,3",0,2
139,18,3,2,2
139,18,"0,2",[NULL],9992
139,18,2,1,9998
140,17,1,2,9997
140,17,0,2,9998
140,17,2,"2,3",9998
141,16,2,2,2
141,16,1,[NULL],9994
141,16,3,[NULL],9996
141,16,0,[NULL],9996
142,15,4,2,3
142,15,5,[NULL],9955
142,15,2,1,9997
142,15,1,"1,2,4,5",9998
142,15,0,"2,4",9998
142,15,3,5,9998
143,14,"0,3,5",1,3
143,14,5,[NULL],9995
143,14,3,[NULL],9995
143,14,2,"2,6",9997
143,14,1,3,9998
143,14,4,5,9998
144,13,"1,3",[NULL],9996
144,13,3,[NULL],9996
144,13,4,6,9997
144,13,2,[NULL],9997
144,13,0,1,9998
145,12,0,[NULL],9997
146,11,0,0,4
147,10,"1,2",[NULL],9994
147,10,2,1,9997
147,10,0,3,9998
148,9,2,1,3
148,9,1,"1,4",9998
148,9,0,5,9998
149,8,2,[NULL],9995
149,8,0,[NULL],9996
149,8,3,4,9997
149,8,1,1,9998
150,7,0,1,9998
3,155,0,[NULL],9000
7,151,0,[NULL],9000
15,143,0,[NULL],9000
105,53,0,[NULL],9000
106,52,0,[NULL],9000
110,48,0,[NULL],9000
111,47,0,[NULL],9992
112,46,0,0,2
113,45,0,0,9998
114,44,0,0,9998
116,42,0,0,2
117,41,0,0,9996
118,40,0,0,3
122,36,0,0,2
123,35,0,0,4
124,34,0,0,2
125,33,1,1,2
125,33,0,1,9998
126,32,0,0,2
127,31,0,"0,2",3
129,29,0,2,3
130,28,1,1,9997
130,28,0,1,9998
131,27,0,2,9998
132,26,1,0,2
132,26,0,1,9998
133,25,2,3,3
133,25,3,[NULL],9000
133,25,0,1,9998
133,25,1,2,9998
134,24,2,2,2
134,24,3,0,9997
134,24,0,4,9998
134,24,1,0,9998
135,23,0,0,2
135,23,2,[NULL],9000
135,23,1,2,9998
136,22,"2,3",1,2
136,22,3,2,3
136,22,4,[NULL],9000
136,22,0,2,9998
136,22,1,1,9998
137,21,2,[NULL],9955
137,21,1,1,9996
137,21,0,"1,2",9998
138,20,1,0,2
138,20,0,2,9998
139,19,2,0,2
139,19,3,"0,2",2
139,19,1,[NULL],9000
139,19,0,[NULL],9993
140,18,1,[NULL],9000
140,18,2,[NULL],9000
140,18,0,1,9998
141,17,"1,2,4,5",1,2
141,17,"2,4",0,2
141,17,5,3,2
141,17,3,1,9997
141,17,4,[NULL],9997
141,17,0,[NULL],9997
142,16,3,1,2
142,16,5,4,2
142,16,1,[NULL],9995
142,16,"2,6",[NULL],9995
142,16,6,1,9997
142,16,0,[NULL],9997
142,16,4,2,9998
143,15,1,0,2
143,15,3,[NULL],9996
143,15,0,3,9998
143,15,2,5,9998
144,14,1,[NULL],9987
144,14,0,[NULL],9995
144,14,2,4,9998
145,13,0,[NULL],9998
145,13,1,[NULL],9998
146,12,3,0,2
146,12,2,0,4
146,12,1,[NULL],9995
146,12,0,2,9998
147,11,"1,4",1,2
147,11,5,0,2
147,11,4,4,9997
147,11,0,"1,3",9997
147,11,2,3,9997
147,11,3,2,9998
148,10,1,1,2
148,10,4,0,3
148,10,5,[NULL],9991
148,10,0,4,9996
148,10,3,2,9997
148,10,2,"0,2",9998
149,9,1,0,2
149,9,2,[NULL],9996
149,9,0,3,9997
150,8,0,3,9998
3,156,0,[NULL],9000
7,152,0,[NULL],9000
15,144,0,[NULL],9000
106,53,0,[NULL],9000
110,49,0,[NULL],9000
112,47,0,0,2
113,46,0,0,2
114,45,0,0,9998
115,44,0,0,4
116,43,0,0,9998
119,40,0,0,4
120,39,0,0,9998
121,38,0,0,9996
122,37,0,1,4
123,36,0,1,4
124,35,1,0,2
124,35,0,0,9996
125,34,1,0,9996
125,34,0,0,9997
126,33,1,2,4
126,33,0,0,9998
127,32,0,0,3
128,31,0,0,9996
129,30,1,0,2
129,30,2,0,3
129,30,0,0,9996
130,29,2,0,2
130,29,"0,1",1,4
130,29,3,1,9997
130,29,1,0,9998
131,28,1,0,2
131,28,0,0,3
132,27,1,0,2
132,27,2,1,2
132,27,0,1,9997
133,26,4,0,2
133,26,0,1,2
133,26,5,2,3
133,26,"1,2",0,3
133,26,2,0,9996
133,26,3,0,9998
134,25,2,1,2
134,25,0,4,4
134,25,1,2,5
134,25,3,1,9997
135,24,2,0,2
135,24,1,1,2
135,24,0,0,4
135,24,3,1,9998
136,23,"1,2",0,2
136,23,2,0,9996
136,23,3,2,9998
136,23,0,1,9998
137,22,2,0,2
137,22,0,1,3
137,22,3,[NULL],9000
137,22,1,1,9998
138,21,0,1,9998
139,20,1,0,2
139,20,2,1,3
139,20,0,[NULL],9000
140,19,3,2,9996
140,19,"0,2",2,9998
140,19,2,"0,2",9998
140,19,1,1,9998
141,18,2,4,2
141,18,1,2,3
141,18,3,[NULL],9957
141,18,0,"1,2",9998
142,17,3,0,2
142,17,5,2,2
142,17,"2,6",2,3
142,17,6,[NULL],9000
142,17,0,[NULL],9000
142,17,1,"1,3",9998
142,17,4,2,9998
143,16,4,2,2
143,16,6,4,3
143,16,1,[NULL],9992
143,16,2,[NULL],9997
143,16,0,[NULL],9997
143,16,"3,5","2,5",9998
143,16,5,5,9998
144,15,4,0,4
144,15,3,[NULL],9000
144,15,0,1,9998
144,15,2,2,9998
144,15,1,"1,2,5",9998
145,14,2,0,2
145,14,0,[NULL],9994
145,14,1,[NULL],9997
146,13,2,3,2
146,13,1,1,3
146,13,3,2,9998
146,13,0,[NULL],9998
147,12,"0,2",2,2
147,12,3,[NULL],9996
147,12,2,[NULL],9996
147,12,4,4,9997
147,12,1,2,9998
148,11,4,3,3
148,11,"0,2",[NULL],9996
148,11,2,1,9998
148,11,3,3,9998
148,11,1,"1,4",9998
149,10,3,0,2
149,10,2,5,9997
149,10,1,[NULL],9997
149,10,0,5,9998
150,9,"0,1",[NULL],9997
150,9,1,4,9998
150,9,2,5,9998
151,8,0,0,9997
152,7,0,[NULL],9992
153,6,0,0,9998
154,5,0,0,9998
157,2,0,0,9998
3,157,0,[NULL],9000
7,153,0,[NULL],9000
15,145,0,[NULL],9000
106,54,0,[NULL],9000
110,50,0,[NULL],9000
112,48,0,[NULL],9000
113,47,0,0,2
114,46,0,0,9998
115,45,0,0,2
116,44,0,0,9998
119,41,0,0,2
125,35,0,0,2
126,34,0,0,9998
129,31,0,1,2
129,31,1,1,3
130,30,1,3,9997
130,30,0,"1,2",9997
132,28,0,3,2
133,27,0,3,3
133,27,1,1,9998
134,26,1,3,2
134,26,0,2,9997
135,25,2,3,2
135,25,1,0,2
135,25,3,2,9998
135,25,0,3,9998
136,24,1,1,2
136,24,3,3,9997
136,24,2,1,9998
136,24,0,"1,2",9998
137,23,1,0,2
137,23,2,[NULL],9000
137,23,0,1,9997
139,21,2,"0,2",2
139,21,0,0,2
139,21,1,1,2
140,20,"1,2",0,2
140,20,2,3,3
140,20,4,[NULL],9958
140,20,"0,3",1,9998
140,20,3,"1,2",9998
141,19,"1,3",1,2
141,19,2,4,2
141,19,3,6,3
141,19,0,4,9998
142,18,"2,5","3,5",2
142,18,5,5,2
142,18,1,4,9997
142,18,0,[NULL],9997
142,18,4,3,9998
142,18,3,"2,3",9998
143,17,1,0,2
143,17,2,2,2
143,17,5,"0,1,2",2
143,17,4,[NULL],9000
143,17,0,[NULL],9993
143,17,3,3,9997
144,16,3,[NULL],9989
144,16,0,[NULL],9997
144,16,"1,2",1,9998
144,16,2,"2,3",9998
145,15,2,3,2
145,15,0,[NULL],9000
145,15,1,"0,1",9997
146,14,2,1,2
146,14,4,4,3
146,14,"1,3",0,3
146,14,3,2,3
146,14,0,2,9998
147,13,1,2,2
147,13,3,3,2
147,13,4,"1,2",2
147,13,2,3,3
147,13,0,3,9998
148,12,5,0,2
148,12,3,0,3
148,12,4,[NULL],9993
148,12,0,[NULL],9997
148,12,1,5,9998
148,12,2,3,9998
149,11,4,1,2
149,11,5,2,2
149,11,0,[NULL],9992
149,11,3,[NULL],9994
149,11,2,[NULL],9996
149,11,1,0,9997
150,10,2,[NULL],9991
150,10,1,"0,2",9998
150,10,0,[NULL],9998
151,9,0,3,9998
152,8,0,0,2
153,7,0,0,2
153,7,1,1,9998
154,6,1,[NULL],9992
154,6,0,0,9998
155,5,1,[NULL],9994
155,5,0,[NULL],9997
156,4,0,0,2
157,3,1,[NULL],9000
157,3,0,1,9998
158,2,0,[NULL],9993
3,158,0,[NULL],9000
7,154,0,[NULL],9000
15,146,0,[NULL],9000
110,51,0,[NULL],9000
113,48,0,0,2
114,47,0,0,9998
115,46,0,0,2
116,45,0,0,4
124,37,0,0,3
125,36,0,0,2
126,35,0,0,9997
127,34,0,1,9998
129,32,1,3,3
129,32,0,1,9998
130,31,0,0,9996
130,31,1,2,9997
131,30,1,0,3
131,30,0,1,9998
132,29,1,1,2
132,29,0,0,9998
133,28,1,3,3
133,28,2,2,9998
133,28,0,1,9998
134,27,2,3,2
134,27,3,0,2
134,27,1,0,9997
134,27,0,1,9998
135,26,1,2,2
135,26,2,"0,2",2
135,26,0,1,9998
136,25,1,1,4
136,25,2,2,9998
136,25,0,1,9998
137,24,0,0,9998
139,22,1,"0,3",2
139,22,2,0,2
139,22,0,1,9998
140,21,4,0,2
140,21,0,[NULL],9959
140,21,2,"2,4",9998
140,21,1,"2,3,4,5",9998
140,21,3,5,9998
141,20,3,4,2
141,20,2,"3,4",2
141,20,1,0,6
141,20,0,"2,3",9997
142,19,5,[NULL],9000
142,19,4,5,9997
142,19,2,2,9998
142,19,3,3,9998
142,19,0,[NULL],9998
142,19,1,[NULL],9998
143,18,1,"1,2",2
143,18,"2,3",2,2
143,18,4,[NULL],9994
143,18,0,0,9996
143,18,3,2,9997
144,17,0,[NULL],9000
144,17,2,[NULL],9990
144,17,1,2,9997
145,16,2,0,2
145,16,1,2,9997
145,16,0,2,9998
146,15,3,0,2
146,15,4,4,3
146,15,1,"0,2",9997
146,15,"0,2",0,9998
146,15,2,2,9998
147,14,5,1,2
147,14,3,2,2
147,14,4,0,4
147,14,"0,2",3,9998
147,14,2,[NULL],9998
147,14,1,[NULL],9998
148,13,5,2,3
148,13,1,[NULL],9995
148,13,3,[NULL],9995
148,13,0,4,9998
148,13,4,1,9998
148,13,2,0,9998
149,12,"0,2",1,2
149,12,5,[NULL],9984
149,12,4,[NULL],9993
149,12,3,[NULL],9995
149,12,2,[NULL],9997
149,12,1,[NULL],9997
150,11,3,0,2
150,11,0,0,3
150,11,1,2,9997
150,11,2,"1,2",9998
151,10,2,[NULL],9996
151,10,"0,1",1,9998
151,10,1,3,9998
152,9,1,1,2
152,9,0,[NULL],9996
153,8,0,0,2
153,8,1,1,9998
154,7,1,[NULL],9993
154,7,"0,2","0,1",9998
154,7,2,1,9998
155,6,2,[NULL],9992
155,6,1,[NULL],9995
155,6,3,1,9997
155,6,0,"2,5",9998
156,5,1,0,2
156,5,0,1,9998
156,5,2,3,9998
157,4,0,"0,4",9997
158,3,0,0,9998
3,159,0,[NULL],9000
7,155,0,[NULL],9000
15,147,0,[NULL],9000
110,52,0,[NULL],9000
113,49,0,0,2
114,48,0,[NULL],9000
118,44,0,0,9996
119,43,0,1,9998
120,42,0,0,4
121,41,0,0,9998
122,40,0,0,9996
123,39,0,0,4
124,38,0,1,4
125,37,0,0,9996
126,36,1,0,2
126,36,0,0,9996
127,35,0,0,4
128,34,1,0,2
128,34,0,0,4
129,33,3,1,3
129,33,"1,2",0,3
129,33,2,1,9996
129,33,0,1,9998
130,32,1,0,2
130,32,2,1,9997
130,32,0,1,9998
131,31,0,0,2
132,30,2,2,2
132,30,1,0,2
132,30,0,1,4
133,29,1,0,2
133,29,2,0,3
133,29,0,0,9998
133,29,3,1,9998
134,28,1,0,2
134,28,2,1,9997
134,28,0,2,9997
135,27,2,2,2
135,27,1,0,2
135,27,3,3,3
135,27,0,2,4
136,26,0,0,2
136,26,1,0,3
136,26,2,0,9998
137,25,0,0,9996
138,24,1,0,2
138,24,0,0,9997
139,23,"2,4",2,2
139,23,"3,5","1,2",2
139,23,5,3,2
139,23,4,3,4
139,23,"0,1",[NULL],9960
139,23,1,0,9998
140,22,"0,2,3,4",[NULL],9960
140,22,5,1,9996
140,22,1,[NULL],9996
140,22,3,2,9998
140,22,"2,4","1,3",9998
140,22,4,3,9998
141,21,2,2,2
141,21,3,3,2
141,21,4,1,3
141,21,5,[NULL],9000
141,21,0,[NULL],9960
141,21,1,0,9996
142,20,3,3,3
142,20,1,[NULL],9000
142,20,2,1,9996
142,20,"0,4",4,9998
142,20,4,3,9998
143,19,2,[NULL],9000
143,19,1,3,9997
143,19,0,1,9998
144,18,2,0,2
144,18,"0,1",1,3
144,18,1,[NULL],9991
145,17,0,"0,2",2
145,17,2,2,2
145,17,1,[NULL],9000
146,16,3,"0,2",2
146,16,1,[NULL],2
146,16,2,[NULL],9000
146,16,4,[NULL],9960
146,16,0,2,9998
147,15,4,0,2
147,15,1,4,2
147,15,0,2,2
147,15,3,[NULL],9960
147,15,2,2,9998
148,14,0,1,3
148,14,2,1,9998
148,14,1,2,9998
149,13,"1,2",2,2
149,13,3,[NULL],9000
149,13,2,"2,3",9997
149,13,0,[NULL],9997
150,12,1,"0,1",2
150,12,3,1,2
150,12,5,[NULL],9993
150,12,4,[NULL],9995
150,12,0,4,9998
150,12,2,5,9998
151,11,3,[NULL],9994
151,11,0,[NULL],9996
151,11,"1,2","4,6",9998
151,11,2,4,9998
152,10,1,1,2
152,10,0,0,9998
153,9,"0,1","0,2",2
153,9,1,2,2
153,9,3,2,9998
153,9,2,1,9998
154,8,"2,5",0,2
154,8,5,[NULL],9994
154,8,"0,1,4",[NULL],9994
154,8,"3,4",0,9997
154,8,"1,4","0,3",9998
154,8,4,0,9998
155,7,1,0,2
155,7,3,2,2
155,7,0,[NULL],9996
155,7,2,3,9997
156,6,3,[NULL],9000
156,6,1,1,9997
156,6,"0,2",[NULL],9997
156,6,2,2,9998
157,5,0,0,2
157,5,2,[NULL],9993
157,5,1,0,9997
158,4,0,[NULL],9000
159,3,0,[NULL],9000
3,160,0,[NULL],9000
7,156,0,[NULL],9000
15,148,0,[NULL],9000
110,53,0,[NULL],9000
114,49,0,[NULL],9000
118,45,1,0,2
118,45,0,0,9998
119,44,0,1,9998
120,43,0,0,2
121,42,0,0,9998
125,38,0,0,3
128,35,1,0,2
128,35,0,0,9998
129,34,1,0,2
129,34,2,1,3
129,34,0,0,9998
130,33,1,1,9997
130,33,0,0,9997
132,31,0,0,2
132,31,1,3,2
133,30,0,1,3
133,30,1,"1,2",9997
134,29,0,2,9997
135,28,0,2,2
138,25,0,0,2
139,24,2,3,2
139,24,"1,3","2,4",2
139,24,3,4,2
139,24,0,"0,2",9997
140,23,"2,3",0,3
140,23,0,[NULL],9000
140,23,"1,3",2,9997
140,23,"3,4","2,3",9998
140,23,4,3,9998
141,22,4,"0,4",2
141,22,3,4,2
141,22,5,4,3
141,22,2,[NULL],9000
141,22,1,[NULL],9000
141,22,0,[NULL],9960
142,21,1,0,2
142,21,2,3,3
142,21,0,2,9998
142,21,3,1,9998
143,20,2,1,3
143,20,3,[NULL],9996
143,20,0,"2,4",9997
143,20,1,4,9997
144,19,2,1,3
144,19,1,2,9998
144,19,0,"2,3",9998
145,18,2,0,2
145,18,0,1,3
145,18,1,2,9997
146,17,2,2,2
146,17,3,[NULL],9996
146,17,1,[NULL],9996
146,17,0,1,9998
147,16,1,2,2
147,16,2,1,2
147,16,4,[NULL],9961
147,16,0,[NULL],9961
147,16,3,3,9998
148,15,5,[NULL],9000
148,15,"2,6",[NULL],9994
148,15,6,[NULL],9996
148,15,4,[NULL],9996
148,15,3,[NULL],9996
148,15,1,2,9997
148,15,0,"0,2,4",9998
149,14,4,0,2
149,14,5,2,2
149,14,2,1,3
149,14,"6,7",[NULL],9995
149,14,7,2,9997
149,14,1,[NULL],9997
149,14,3,4,9998
149,14,0,3,9998
150,13,"4,6","1,2",2
150,13,6,1,2
150,13,7,[NULL],9994
150,13,3,[NULL],9997
150,13,"1,5",[NULL],9997
150,13,5,4,9998
150,13,0,5,9998
150,13,2,1,9998
151,12,0,0,2
151,12,1,7,9998
151,12,2,"2,3",9998
152,11,2,3,2
152,11,1,2,2
152,11,0,6,9998
153,10,"0,3",0,2
153,10,3,"1,3,4",2
153,10,1,[NULL],9997
153,10,4,3,9998
153,10,2,0,9998
154,9,1,3,3
154,9,0,2,9998
154,9,2,1,9998
155,8,2,0,2
155,8,1,[NULL],9995
155,8,0,"0,2,3",9998
156,7,"0,4",0,3
156,7,2,[NULL],9986
156,7,3,[NULL],9997
156,7,4,[NULL],9997
156,7,1,5,9998
157,6,1,[NULL],9990
157,6,2,0,9997
157,6,0,4,9998
159,4,0,4,9998
160,3,0,1,9998
3,161,0,[NULL],9000
7,157,0,[NULL],9000
15,149,0,[NULL],9000
110,54,0,[NULL],9000
114,50,0,[NULL],9000
117,47,0,0,2
118,46,1,0,2
118,46,0,0,9997
119,45,0,0,9996
120,44,0,0,2
121,43,0,0,9998
127,37,0,0,2
128,36,0,0,2
129,35,1,2,3
129,35,0,0,4
130,34,0,0,9996
132,32,0,1,9998
133,31,1,2,3
133,31,2,0,3
133,31,0,1,9998
134,30,1,1,9997
134,30,0,1,9998
135,29,0,0,9998
136,28,0,1,9998
137,27,0,0,3
137,27,1,1,9998
138,26,2,[NULL],9000
138,26,1,1,9998
138,26,0,0,9998
139,25,"2,3","3,4",2
139,25,3,4,2
139,25,1,1,9997
139,25,0,1,9998
140,24,0,[NULL],9960
140,24,"1,2","3,4",9998
140,24,2,3,9998
141,23,2,0,2
141,23,1,3,2
141,23,0,[NULL],9960
142,22,3,1,3
142,22,0,0,4
142,22,2,4,9998
142,22,1,2,9998
142,22,4,"3,4",9998
143,21,2,1,2
143,21,3,"0,1",2
143,21,0,"0,3,4,7",9998
143,21,1,6,9998
144,20,1,[NULL],9000
144,20,3,[NULL],9993
144,20,2,"1,2",9997
144,20,0,1,9997
145,19,1,0,2
145,19,0,[NULL],9000
146,18,3,3,2
146,18,1,0,9997
146,18,0,[NULL],9997
146,18,2,1,9998
147,17,"0,2,4",0,2
147,17,4,1,9997
147,17,1,[NULL],9997
147,17,2,[NULL],9997
147,17,3,1,9998
148,16,4,3,2
148,16,3,0,2
148,16,2,2,3
148,16,0,[NULL],9997
148,16,1,3,9998
149,15,4,5,2
149,15,5,0,2
149,15,1,2,2
149,15,2,[NULL],9997
149,15,0,[NULL],9997
149,15,3,0,9998
150,14,7,1,2
150,14,"2,3",2,2
150,14,6,[NULL],9995
150,14,0,[NULL],9995
150,14,"4,5",[NULL],9995
150,14,5,1,9996
150,14,3,"0,1,2",9998
150,14,1,[NULL],9998
151,13,6,0,2
151,13,4,[NULL],9989
151,13,"0,2,3,5",[NULL],9996
151,13,1,[NULL],9996
151,13,5,3,9998
151,13,3,2,9998
151,13,2,"1,2,3",9998
152,12,3,4,2
152,12,0,2,2
152,12,2,[NULL],9995
152,12,1,1,9997
153,11,2,0,2
153,11,1,2,2
153,11,0,"3,4",3
153,11,3,4,9997
154,10,"0,2,3",0,2
154,10,3,2,3
154,10,"1,2",2,9997
154,10,4,4,9998
154,10,2,"3,4",9998
155,9,5,1,2
155,9,1,1,3
155,9,4,[NULL],9994
155,9,3,0,9997
155,9,2,5,9998
155,9,0,[NULL],9998
156,8,4,0,2
156,8,0,1,3
156,8,2,[NULL],9993
156,8,3,[NULL],9993
156,8,1,[NULL],9993
157,7,6,[NULL],9994
157,7,5,[NULL],9995
157,7,4,[NULL],9995
157,7,1,[NULL],9995
157,7,2,7,9997
157,7,3,1,9997
157,7,0,[NULL],9997
158,6,4,0,2
158,6,3,[NULL],9995
158,6,1,[NULL],9995
158,6,0,4,9996
158,6,2,2,9998
159,5,1,0,2
159,5,0,[NULL],9998
160,4,0,[NULL],9995
160,4,1,[NULL],9997
161,3,0,[NULL],9991
3,162,0,[NULL],9000
7,158,0,[NULL],9000
15,150,0,[NULL],9000
110,55,0,[NULL],9000
114,51,0,[NULL],9000
117,48,0,0,4
118,47,0,0,9997
119,46,0,"0,1",9998
120,45,0,0,2
121,44,0,0,4
121,44,1,0,9998
122,43,0,0,9998
123,42,0,0,9997
124,41,0,0,4
125,40,0,0,4
126,39,0,"0,1",9996
127,38,0,0,9996
128,37,1,2,4
128,37,0,0,9998
129,36,1,1,3
129,36,0,0,3
130,35,0,1,9996
130,35,1,0,9996
131,34,1,0,2
131,34,0,0,9996
132,33,1,0,2
132,33,2,1,3
132,33,0,1,9998
133,32,1,0,2
133,32,2,0,3
133,32,0,1,9998
134,31,0,0,2
134,31,1,0,9997
135,30,1,0,2
135,30,0,0,9996
136,29,1,1,2
136,29,0,0,4
137,28,1,1,2
137,28,0,0,2
138,27,1,0,2
138,27,"0,2",0,3
138,27,2,0,9996
139,26,"3,4","1,2",2
139,26,4,1,2
139,26,2,"1,3",3
139,26,1,5,4
139,26,0,"0,1",9998
140,25,0,1,4
140,25,"1,2","1,2",9998
140,25,2,1,9998
141,24,4,2,2
141,24,2,1,2
141,24,3,"2,4",2
141,24,1,2,4
141,24,0,[NULL],9000
142,23,"0,3,4,7",0,2
142,23,6,1,2
142,23,"2,4",0,3
142,23,4,1,3
142,23,"3,7",2,9996
142,23,5,2,9997
142,23,7,2,9998
142,23,1,"0,2",9998
143,22,"1,3",2,9997
143,22,"0,3",0,9998
143,22,3,2,9998
143,22,2,5,9998
144,21,2,1,3
144,21,0,[NULL],9994
144,21,1,0,9997
145,20,1,2,2
145,20,0,[NULL],9000
145,20,2,0,9998
146,19,1,3,2
146,19,2,[NULL],9000
146,19,0,[NULL],9963
147,18,3,1,2
147,18,2,1,3
147,18,0,[NULL],9000
147,18,1,0,9998
148,17,0,3,2
148,17,2,6,3
148,17,3,[NULL],9000
148,17,1,[NULL],9996
149,16,"0,1,2",3,2
149,16,2,1,9994
149,16,1,[NULL],9996
149,16,3,3,9998
150,15,3,5,2
150,15,2,3,2
150,15,1,0,2
150,15,4,[NULL],9993
150,15,0,1,9998
151,14,"0,2",[NULL],9997
151,14,2,2,9998
151,14,1,1,9998
152,13,"0,1",[NULL],9963
152,13,2,[NULL],9989
152,13,1,[NULL],9996
153,12,4,4,2
153,12,3,"2,4",2
153,12,5,4,9997
153,12,0,2,9998
153,12,2,1,9998
153,12,1,3,9998
154,11,5,2,2
154,11,4,[NULL],9994
154,11,3,[NULL],9996
154,11,0,"1,3",9997
154,11,2,1,9997
154,11,1,1,9998
155,10,4,[NULL],9995
155,10,0,[NULL],9995
155,10,3,0,9997
155,10,1,"1,4",9998
155,10,2,2,9998
156,9,0,2,3
156,9,3,[NULL],9996
156,9,1,[NULL],9997
156,9,2,[NULL],9997
156,9,4,0,9998
157,8,2,2,2
157,8,1,[NULL],9000
157,8,6,[NULL],9992
157,8,5,1,9997
157,8,4,[NULL],9997
157,8,3,"2,6",9998
157,8,0,[NULL],9998
158,7,1,[NULL],9000
158,7,0,[NULL],9000
158,7,"4,6",[NULL],9994
158,7,6,6,9996
158,7,5,8,9998
158,7,3,"5,8",9998
158,7,2,"7,8",9998
159,6,"2,3",[NULL],9996
159,6,1,1,9998
159,6,3,6,9998
159,6,0,[NULL],9998
160,5,1,[NULL],9000
160,5,0,2,9997
161,4,0,1,9998
3,163,0,[NULL],9000
7,159,0,[NULL],9000
15,151,0,[NULL],9000
114,52,0,[NULL],9000
117,49,0,0,3
118,48,"0,1",0,2
118,48,1,[NULL],9000
120,46,0,1,2
121,45,0,0,2
121,45,1,1,9998
122,44,0,0,9998
127,39,0,0,2
128,38,0,0,9998
130,36,0,0,9996
131,35,1,0,2
131,35,0,1,9997
132,34,1,0,2
132,34,0,0,9998
133,33,1,1,3
133,33,0,"0,1",9997
134,32,1,1,9997
134,32,0,0,9997
138,28,"0,1",0,2
138,28,1,1,3
139,27,"1,2","1,2",2
139,27,2,1,2
139,27,0,1,9997
140,26,"0,1","1,2",9998
140,26,1,2,9998
141,25,2,7,2
141,25,0,"1,7",2
141,25,1,[NULL],9000
141,25,3,2,9997
142,24,0,"0,3",2
142,24,2,3,2
142,24,5,2,2
142,24,4,[NULL],9000
142,24,1,3,9997
142,24,3,"1,2",9997
143,23,"1,2",2,3
143,23,2,"0,2",3
143,23,0,1,9997
144,22,0,2,2
145,21,0,1,3
145,21,1,[NULL],9000
146,20,0,1,2
146,20,1,4,3
147,19,3,[NULL],9000
147,19,2,[NULL],9964
147,19,1,4,9997
147,19,0,"2,3",9998
148,18,3,3,2
148,18,2,1,9994
148,18,1,[NULL],9996
148,18,0,3,9998
149,17,1,0,2
149,17,2,[NULL],9989
149,17,0,[NULL],9998
150,16,2,2,2
150,16,1,1,2
150,16,0,"0,3",9998
151,15,1,1,3
151,15,0,[NULL],9000
151,15,3,[NULL],9989
151,15,2,5,9998
152,14,2,0,2
152,14,1,2,2
152,14,3,1,2
152,14,4,3,3
152,14,5,[NULL],9000
152,14,0,3,9998
153,13,1,1,2
153,13,2,"1,2",3
153,13,5,3,9997
153,13,"0,4",2,9997
153,13,4,3,9998
153,13,3,1,9998
154,12,"1,4",1,2
154,12,2,2,2
154,12,0,3,3
154,12,3,0,9998
154,12,4,4,9998
155,11,0,4,2
155,11,"1,3",[NULL],9996
155,11,4,0,9997
155,11,2,"3,4",9998
155,11,3,"2,3,4,5",9998
155,11,5,4,9998
156,10,"2,6","3,4",2
156,10,7,2,3
156,10,1,3,3
156,10,"0,4",5,9997
156,10,4,[NULL],9997
156,10,5,[NULL],9997
156,10,"3,6",[NULL],9997
156,10,6,0,9998
157,9,8,5,2
157,9,5,"3,5",2
157,9,7,"2,5",2
157,9,1,[NULL],9992
157,9,3,[NULL],9996
157,9,0,[NULL],9996
157,9,6,5,9997
157,9,2,"2,4",9998
157,9,4,4,9998
158,8,1,1,2
158,8,6,2,2
158,8,5,[NULL],9994
158,8,3,5,9996
158,8,4,[NULL],9997
158,8,0,[NULL],9997
158,8,2,2,9998
159,7,3,[NULL],9000
159,7,4,[NULL],9989
159,7,2,[NULL],9995
159,7,"0,1",[NULL],9995
159,7,1,2,9998
160,6,1,0,2
160,6,2,[NULL],9989
160,6,0,"2,3",9998
161,5,0,2,9998
3,164,0,[NULL],9000
7,160,0,[NULL],9000
15,152,0,[NULL],9000
114,53,0,[NULL],9000
117,50,0,0,3
118,49,0,0,4
118,49,1,[NULL],9000
120,47,1,1,2
120,47,0,0,9997
121,46,0,0,2
121,46,1,0,9997
122,45,0,0,3
127,40,0,0,2
128,39,0,1,9998
129,38,0,0,4
130,37,0,0,9996
131,36,0,0,2
132,35,0,0,9996
133,34,0,1,3
134,33,0,0,9997
135,32,0,1,9998
136,31,0,"1,2",9998
137,30,0,1,9998
138,29,0,1,9998
139,28,"1,2","0,1",2
139,28,2,1,2
139,28,0,0,9998
140,27,2,3,9998
140,27,1,2,9998
140,27,0,0,9998
141,26,2,5,3
141,26,1,0,9998
141,26,0,1,9998
142,25,2,"1,3",3
142,25,1,1,9997
142,25,0,0,9998
143,24,0,1,3
145,22,1,0,9997
145,22,0,0,9998
146,21,"2,3",0,2
146,21,3,[NULL],9000
146,21,1,"0,2",9998
146,21,0,3,9998
147,20,3,0,2
147,20,1,[NULL],9000
147,20,2,[NULL],9965
147,20,4,3,9997
147,20,0,2,9998
148,19,3,[NULL],9957
148,19,2,0,9996
148,19,1,[NULL],9997
148,19,0,[NULL],9998
149,18,"0,3",0,2
149,18,1,5,4
149,18,3,0,9997
149,18,2,3,9998
150,17,5,2,2
150,17,4,[NULL],9965
150,17,3,0,9997
150,17,2,"0,2,3",9998
150,17,0,[NULL],9998
150,17,1,[NULL],9998
151,16,3,0,2
151,16,"0,1",[NULL],9997
151,16,"2,4",[NULL],9997
151,16,1,"1,2",9998
151,16,4,1,9998
152,15,3,4,2
152,15,1,3,2
152,15,4,5,3
152,15,0,"0,1",9992
152,15,2,1,9998
153,14,0,3,2
153,14,4,4,2
153,14,"1,3",0,3
153,14,3,"0,2",3
153,14,5,[NULL],9988
153,14,2,[NULL],9997
154,13,"3,4",2,2
154,13,"2,5","2,3,4",2
154,13,4,"1,3,5",2
154,13,0,3,3
154,13,1,1,9997
154,13,5,[NULL],9997
155,12,0,3,2
155,12,2,[NULL],9996
155,12,"1,3",[NULL],9996
155,12,4,"0,1,3",9997
155,12,5,7,9997
155,12,3,[NULL],9997
156,11,"2,4",2,2
156,11,4,4,2
156,11,1,5,3
156,11,3,[NULL],9996
156,11,5,8,9997
156,11,0,[NULL],9998
157,10,2,2,2
157,10,4,0,4
157,10,0,[NULL],9996
157,10,3,2,9997
157,10,1,4,9998
158,9,2,1,2
158,9,1,[NULL],9997
158,9,0,[NULL],9998
159,8,"2,3",0,2
159,8,3,0,3
159,8,1,[NULL],9996
159,8,0,"0,3,4",9998
160,7,2,0,2
160,7,0,[NULL],9994
160,7,1,4,9998
161,6,0,0,9998
161,6,1,4,9998
162,5,0,"0,1",9998
163,4,0,3,9998
164,3,0,0,9998
3,165,0,[NULL],9000
7,161,0,[NULL],9000
15,153,0,[NULL],9000
112,56,0,[NULL],9000
114,54,0,[NULL],9000
118,50,0,[NULL],9000
121,47,0,0,9997
124,44,0,0,9996
125,43,"0,1",0,4
125,43,1,0,9998
126,42,0,0,4
127,41,1,0,2
127,41,0,0,9997
128,40,0,0,9996
128,40,1,0,9998
129,39,1,0,4
129,39,0,1,4
130,38,1,0,3
130,38,0,0,4
130,38,2,1,9996
131,37,1,0,9996
131,37,0,0,9998
132,36,"0,1",0,3
132,36,1,0,9996
133,35,1,1,3
133,35,0,0,3
134,34,1,0,2
134,34,0,0,4
134,34,2,0,9997
135,33,"1,2",0,2
135,33,2,1,9996
135,33,0,0,9998
136,32,1,0,2
136,32,0,0,9997
137,31,1,0,2
137,31,0,2,4
138,30,0,0,2
138,30,1,0,3
139,29,3,2,2
139,29,2,1,2
139,29,0,0,2
139,29,1,"0,2",9996
140,28,0,1,2
140,28,1,0,2
140,28,2,3,3
141,27,0,0,2
141,27,3,1,3
141,27,"1,2",3,3
141,27,2,"3,7",4
142,26,1,0,3
142,26,2,1,9997
142,26,0,0,9998
143,25,0,1,9996
144,24,0,0,2
144,24,1,0,9996
145,23,"0,2",1,2
145,23,3,0,2
145,23,"2,4",[NULL],9966
145,23,4,1,9996
145,23,1,[NULL],9996
146,22,2,0,2
146,22,4,1,3
146,22,1,[NULL],9000
146,22,3,[NULL],9966
146,22,0,2,9998
147,21,2,[NULL],9000
147,21,1,2,9998
147,21,0,"0,2",9998
148,20,3,2,2
148,20,1,[NULL],9000
148,20,0,[NULL],9993
148,20,2,3,9998
149,19,"0,2,3",2,2
149,19,4,[NULL],9000
149,19,3,[NULL],9000
149,19,1,[NULL],9991
149,19,2,2,9997
150,18,"1,2",1,2
150,18,2,"1,4",2
150,18,0,1,9998
151,17,1,2,2
151,17,2,[NULL],9966
151,17,0,[NULL],9995
152,16,3,5,3
152,16,2,"0,4",3
152,16,0,[NULL],9992
152,16,1,4,9998
153,15,0,[NULL],9000
154,14,0,4,3
154,14,1,[NULL],9996
155,13,5,"0,4",3
155,13,4,[NULL],9991
155,13,0,0,9996
155,13,3,"1,4",9997
155,13,1,[NULL],9997
155,13,2,6,9998
156,12,4,1,2
156,12,5,6,3
156,12,6,[NULL],9991
156,12,3,[NULL],9996
156,12,7,5,9997
156,12,2,[NULL],9997
156,12,0,[NULL],9997
156,12,1,7,9998
157,11,6,6,4
157,11,7,[NULL],9995
157,11,8,[NULL],9996
157,11,"3,4",[NULL],9996
157,11,"0,1,2,4",[NULL],9996
157,11,4,[NULL],9996
157,11,5,3,9997
157,11,2,"0,4",9998
157,11,1,0,9998
158,10,"0,3,4",0,2
158,10,4,[NULL],9991
158,10,5,[NULL],9996
158,10,3,[NULL],9996
158,10,6,6,9998
158,10,1,[NULL],9998
158,10,2,[NULL],9998
159,9,4,1,2
159,9,1,[NULL],9991
159,9,3,[NULL],9991
159,9,0,3,9998
159,9,2,5,9998
160,8,0,0,2
160,8,4,1,2
160,8,3,[NULL],9991
160,8,2,[NULL],9996
160,8,1,[NULL],9997
161,7,"0,1",0,2
161,7,5,[NULL],9992
161,7,"3,4",[NULL],9995
161,7,4,[NULL],9995
161,7,2,2,9997
161,7,1,2,9998
162,6,3,0,2
162,6,"0,1",2,9997
162,6,2,[NULL],9997
162,6,1,5,9998
163,5,0,0,2
163,5,1,[NULL],9995
164,4,2,[NULL],9000
164,4,1,2,9997
164,4,0,0,9998
165,3,0,[NULL],9991
3,166,0,[NULL],9000
7,162,0,[NULL],9000
15,154,0,[NULL],9000
114,55,0,[NULL],9000
118,51,0,[NULL],9000
119,50,0,0,3
120,49,0,1,3
121,48,0,0,9997
124,45,0,0,2
125,44,0,0,9998
127,42,0,1,2
128,41,0,0,9998
129,40,0,0,4
130,39,0,0,2
130,39,1,0,9996
131,38,0,0,9998
133,36,0,0,3
134,35,0,0,2
134,35,1,0,9996
135,34,0,"1,2",9997
140,29,0,0,9997
141,28,0,0,2
141,28,1,1,3
142,27,1,3,9997
142,27,0,"1,2",9997
144,25,0,1,3
145,24,2,0,2
145,24,1,[NULL],9000
145,24,0,[NULL],9000
146,23,2,1,2
146,23,0,"0,1",2
146,23,3,4,3
146,23,1,1,9997
147,22,3,2,2
147,22,0,[NULL],9967
147,22,1,1,9997
147,22,2,1,9998
148,21,0,3,3
148,21,1,[NULL],9994
149,20,1,0,2
149,20,0,3,3
150,19,1,[NULL],3
150,19,2,[NULL],9967
150,19,0,"1,4,5",9998
150,19,3,5,9998
151,18,4,1,2
151,18,3,[NULL],9996
151,18,2,[NULL],9996
151,18,1,3,9998
151,18,0,2,9998
152,17,2,[NULL],9000
152,17,"0,1",[NULL],9967
152,17,1,1,9997
153,16,1,1,3
153,16,0,1,9998
154,15,6,2,2
154,15,"0,1,3",4,3
154,15,7,5,3
154,15,"1,3",[NULL],9989
154,15,2,1,9996
154,15,5,[NULL],9996
154,15,8,1,9997
154,15,3,[NULL],9997
154,15,4,1,9998
155,14,7,1,2
155,14,8,5,3
155,14,"2,3,5,6",4,9997
155,14,6,[NULL],9997
155,14,"3,5",5,9998
155,14,4,3,9998
155,14,5,4,9998
155,14,0,[NULL],9998
155,14,1,[NULL],9998
156,13,"0,4",2,2
156,13,4,"1,2",2
156,13,2,3,3
156,13,3,[NULL],9992
156,13,1,3,9998
157,12,6,6,2
157,12,1,[NULL],2
157,12,5,3,4
157,12,0,[NULL],9995
157,12,4,3,9997
157,12,"2,3",[NULL],9997
157,12,3,4,9998
158,11,3,0,2
158,11,5,2,2
158,11,1,[NULL],9997
158,11,4,"5,6",9998
158,11,2,4,9998
158,11,0,1,9998
159,10,1,[NULL],9996
159,10,"0,3",[NULL],9996
159,10,2,5,9998
159,10,3,7,9998
160,9,2,1,2
160,9,3,[NULL],9992
160,9,1,[NULL],9996
160,9,0,2,9998
161,8,5,1,2
161,8,2,[NULL],9000
161,8,3,[NULL],9996
161,8,6,[NULL],9996
161,8,4,[NULL],9997
161,8,0,[NULL],9998
161,8,1,[NULL],9998
162,7,2,[NULL],9991
162,7,0,[NULL],9994
162,7,4,[NULL],9996
162,7,5,[NULL],9996
162,7,1,3,9998
162,7,3,"0,3",9998
163,6,0,0,2
163,6,1,5,9998
164,5,0,[NULL],9995
165,4,0,2,9998
3,167,0,[NULL],9000
7,163,0,[NULL],9000
15,155,0,[NULL],9000
113,57,0,[NULL],9000
114,56,0,[NULL],9000
118,52,0,[NULL],9000
119,51,0,[NULL],9992
120,50,0,0,3
124,46,0,0,2
125,45,0,0,9996
126,44,0,0,3
127,43,0,0,2
128,42,0,1,9998
129,41,0,0,4
130,40,0,0,2
130,40,1,0,9996
131,39,0,0,4
133,37,0,2,3
134,36,0,0,9996
135,35,0,0,3
136,34,0,1,9998
137,33,0,"0,1",9998
138,32,0,2,9998
139,31,0,1,9998
140,30,0,1,9998
141,29,1,2,3
141,29,0,1,9998
142,28,2,0,9997
142,28,0,4,9998
142,28,1,0,9998
143,27,1,[NULL],9000
143,27,0,0,9998
144,26,1,2,9998
144,26,0,1,9998
145,25,0,"2,3",9998
146,24,1,2,2
146,24,0,2,9998
147,23,0,2,4
147,23,1,2,9998
148,22,2,2,3
148,22,1,2,6
148,22,0,0,9998
149,21,"1,4,5",0,2
149,21,5,3,2
149,21,"3,4",[NULL],9968
149,21,2,0,9996
149,21,4,0,9997
149,21,0,3,9998
150,20,3,1,2
150,20,2,0,2
150,20,1,0,9996
150,20,0,[NULL],9997
150,20,4,3,9998
151,19,1,[NULL],9995
151,19,0,3,9998
151,19,2,1,9998
152,18,1,0,2
152,18,0,[NULL],9968
153,17,1,4,2
153,17,0,[NULL],9991
153,17,2,1,9998
154,16,5,2,2
154,16,3,4,2
154,16,4,5,2
154,16,1,3,3
154,16,2,[NULL],9990
154,16,0,[NULL],9997
155,15,3,1,2
155,15,5,7,3
155,15,6,[NULL],9993
155,15,1,[NULL],9993
155,15,4,[NULL],9993
155,15,2,4,9997
155,15,0,2,9998
156,14,4,2,2
156,14,3,"0,1,2,4,5",3
156,14,2,4,9996
156,14,1,[NULL],9996
156,14,0,[NULL],9997
157,13,"5,6",4,2
157,13,4,2,2
157,13,1,0,2
157,13,6,[NULL],9968
157,13,3,3,9997
157,13,2,4,9997
157,13,0,[NULL],9997
158,12,5,2,2
158,12,7,0,2
158,12,3,[NULL],9992
158,12,6,[NULL],9996
158,12,4,5,9998
158,12,0,[NULL],9998
158,12,1,[NULL],9998
158,12,2,[NULL],9998
159,11,2,0,2
159,11,5,[NULL],9993
159,11,0,[NULL],9993
159,11,3,[NULL],9993
159,11,4,6,9998
159,11,1,7,9998
160,10,2,2,3
160,10,3,[NULL],9993
160,10,"4,5",[NULL],9993
160,10,5,[NULL],9993
160,10,1,4,9998
160,10,0,"1,5",9998
161,9,3,1,2
161,9,0,"1,3",2
161,9,2,"0,1",3
161,9,5,[NULL],9994
161,9,7,[NULL],9994
161,9,6,[NULL],9994
161,9,4,5,9996
161,9,1,[NULL],9996
162,8,5,1,2
162,8,"3,6",[NULL],9993
162,8,6,[NULL],9994
162,8,4,[NULL],9994
162,8,2,5,9996
162,8,0,[NULL],9997
162,8,1,4,9998
163,7,2,1,3
163,7,0,[NULL],9000
163,7,1,[NULL],9995
164,6,2,0,2
164,6,3,[NULL],9992
164,6,1,[NULL],9992
164,6,0,[NULL],9996
165,5,3,7,9996
165,5,2,[NULL],9996
165,5,0,[NULL],9996
165,5,1,1,9997
166,4,0,[NULL],9000
3,168,0,[NULL],9000
7,164,0,[NULL],9000
15,156,0,[NULL],9000
114,57,0,[NULL],9000
118,53,0,[NULL],9000
120,51,0,0,3
123,48,0,0,4
124,47,0,0,9998
127,44,1,0,2
127,44,0,0,4
128,43,1,1,9998
128,43,0,0,9998
129,42,1,2,4
129,42,0,0,9997
130,41,0,1,4
130,41,1,0,9996
131,40,0,1,4
132,39,0,0,9996
133,38,1,0,9996
133,38,0,0,9997
134,37,"1,2",0,3
134,37,2,2,4
134,37,3,1,9996
134,37,0,1,9998
135,36,1,0,2
135,36,0,1,9998
136,35,"0,1",0,2
136,35,1,0,9996
137,34,2,0,2
137,34,1,0,9996
137,34,0,0,9998
138,33,1,0,2
138,33,"0,2",1,4
138,33,2,1,9998
139,32,1,0,2
139,32,0,0,3
140,31,1,0,2
140,31,0,1,9997
141,30,4,0,2
141,30,0,1,2
141,30,3,1,3
141,30,"1,2",0,3
141,30,2,0,9996
142,29,0,0,2
142,29,1,0,4
142,29,2,1,9997
143,28,2,1,2
143,28,1,0,2
143,28,0,1,4
144,27,"2,3",0,2
144,27,1,4,4
144,27,3,0,9996
144,27,0,1,9998
145,26,2,0,2
145,26,1,1,3
145,26,"0,3",1,9997
145,26,3,1,9998
146,25,2,1,2
146,25,1,1,3
146,25,0,[NULL],9000
147,24,0,0,2
147,24,1,2,6
147,24,2,0,9998
148,23,3,0,2
148,23,2,1,9996
148,23,0,2,9998
148,23,1,3,9998
149,22,3,4,2
149,22,4,[NULL],9000
149,22,"1,2",0,9996
149,22,0,2,9998
149,22,2,1,9998
150,21,3,0,2
150,21,1,2,2
150,21,0,[NULL],9000
150,21,2,1,9998
151,20,1,1,3
151,20,0,"0,2",9998
152,19,1,2,2
152,19,0,[NULL],9000
153,18,1,"0,8",3
153,18,2,[NULL],9000
153,18,0,0,9996
154,17,2,0,2
154,17,4,"2,3,5,6",3
154,17,3,[NULL],3
154,17,0,0,4
154,17,1,"0,2",9998
155,16,"0,1,4",[NULL],9994
155,16,4,1,9996
155,16,3,5,9998
155,16,2,6,9998
155,16,1,2,9998
156,15,3,4,3
156,15,4,[NULL],9994
156,15,0,[NULL],9994
156,15,2,[NULL],9994
156,15,1,[NULL],9994
157,14,5,4,2
157,14,6,[NULL],9969
157,14,"1,3",[NULL],9993
157,14,"0,4",[NULL],9993
157,14,4,2,9997
157,14,2,[NULL],9997
157,14,3,"2,4",9998
158,13,6,4,2
158,13,7,1,2
158,13,1,[NULL],9995
158,13,3,[NULL],9997
158,13,"2,5",[NULL],9997
158,13,"0,5","1,4",9998
158,13,5,4,9998
158,13,4,6,9998
159,12,4,1,2
159,12,"1,5",0,2
159,12,5,[NULL],9994
159,12,3,[NULL],9997
159,12,2,[NULL],9997
159,12,0,4,9998
160,11,4,[NULL],9995
160,11,2,[NULL],9996
160,11,"1,3",[NULL],9996
160,11,0,[NULL],9996
160,11,3,3,9998
161,10,4,1,2
161,10,1,[NULL],9995
161,10,5,4,9996
161,10,2,"0,5",9997
161,10,3,[NULL],9997
161,10,0,[NULL],9997
162,9,"0,3",[NULL],9994
162,9,3,[NULL],9996
162,9,"1,2",[NULL],9996
162,9,"2,4","2,3",9998
162,9,4,3,9998
163,8,1,[NULL],9996
163,8,2,[NULL],9997
163,8,0,[NULL],9997
164,7,0,4,9998
165,6,0,[NULL],9996
166,5,0,4,9998
3,169,0,[NULL],9000
7,165,0,[NULL],9000
15,157,0,[NULL],9000
114,58,0,[NULL],9000
118,54,0,[NULL],9000
120,52,0,[NULL],9000
123,49,0,0,2
124,48,0,0,9998
127,45,1,1,2
127,45,0,0,2
128,44,0,0,9998
129,43,0,1,4
130,42,0,0,9996
133,39,1,0,2
133,39,0,1,4
134,38,1,0,2
134,38,2,1,9996
134,38,0,1,9998
135,37,0,1,9998
136,36,0,0,2
137,35,1,2,2
137,35,0,0,9998
138,34,0,"1,2",9997
141,31,0,2,3
142,30,0,2,9997
143,29,1,0,2
143,29,0,2,9998
144,28,1,3,2
144,28,0,"0,2",9997
145,27,0,2,9997
146,26,0,2,2
146,26,1,2,9997
147,25,2,0,2
147,25,3,1,2
147,25,"0,1",[NULL],9970
147,25,1,1,9998
148,24,2,0,2
148,24,1,2,2
148,24,0,4,3
149,23,1,2,2
149,23,2,[NULL],9000
149,23,0,1,9997
150,22,"0,2",0,2
150,22,2,[NULL],9000
150,22,1,[NULL],9970
151,21,0,[NULL],9970
152,20,0,2,9997
153,19,"0,2",1,2
153,19,1,2,4
153,19,2,[NULL],9000
153,19,3,[NULL],9000
154,18,5,3,2
154,18,6,2,2
154,18,2,1,2
154,18,4,2,3
154,18,"0,3","1,3",9998
154,18,1,2,9998
154,18,3,3,9998
155,17,0,[NULL],9000
155,17,2,[NULL],9995
155,17,4,3,9998
155,17,3,5,9998
155,17,1,2,9998
156,16,"2,4",3,2
156,16,3,3,3
156,16,4,2,3
156,16,1,[NULL],9995
156,16,0,0,9997
157,15,"1,4","0,5",2
157,15,4,5,2
157,15,6,4,2
157,15,2,[NULL],9970
157,15,3,[NULL],9994
157,15,5,3,9998
157,15,0,[NULL],9998
158,14,4,0,2
158,14,"5,6,7",[NULL],9990
158,14,7,[NULL],9996
158,14,3,[NULL],9996
158,14,2,[NULL],9996
158,14,6,6,9998
158,14,0,"4,6",9998
158,14,1,"2,4,6",9998
159,13,3,"0,3",2
159,13,4,[NULL],9995
159,13,1,[NULL],9995
159,13,0,"1,2,4",9998
159,13,2,3,9998
160,12,2,[NULL],9995
160,12,3,[NULL],9995
160,12,"0,1",[NULL],9995
160,12,1,[NULL],9996
161,11,"2,3","2,4",2
161,11,3,4,2
161,11,4,[NULL],9995
161,11,5,4,9996
161,11,7,[NULL],9996
161,11,6,[NULL],9996
161,11,0,[NULL],9996
161,11,1,1,9997
162,10,4,[NULL],9995
162,10,"0,6,7",[NULL],9995
162,10,2,[NULL],9996
162,10,5,7,9997
162,10,6,[NULL],9997
162,10,7,[NULL],9997
162,10,3,[NULL],9997
162,10,1,[NULL],9997
163,9,4,0,2
163,9,"0,1",[NULL],9997
163,9,"2,3",[NULL],9997
163,9,3,[NULL],9997
163,9,1,"1,4",9998
164,8,1,1,3
164,8,2,[NULL],9995
164,8,0,[NULL],9997
165,7,4,0,2
165,7,3,[NULL],9995
165,7,2,"1,5",9996
165,7,0,[NULL],9996
165,7,1,[NULL],9996
166,6,1,[NULL],9990
166,6,2,[NULL],9991
166,6,0,[NULL],9997
167,5,0,[NULL],9000
168,4,0,[NULL],9995
3,170,0,[NULL],9000
7,166,0,[NULL],9000
15,158,0,[NULL],9000
118,55,0,[NULL],9000
123,50,0,0,2
124,49,0,0,4
127,46,0,0,2
128,45,0,0,3
129,44,0,1,4
130,43,0,0,9996
132,41,0,0,3
133,40,1,0,2
133,40,0,0,4
134,39,1,0,2
134,39,2,0,9996
134,39,0,0,9997
135,38,1,1,9998
135,38,0,2,9998
136,37,0,0,2
137,36,0,2,9998
137,36,1,1,9998
138,35,0,0,9996
139,34,1,0,3
139,34,0,1,9998
140,33,0,0,9998
141,32,1,2,3
141,32,0,1,9998
142,31,2,0,2
142,31,1,0,9997
142,31,0,1,9998
143,30,0,1,9998
144,29,1,"0,3",3
144,29,0,1,9998
145,28,0,1,9998
146,27,1,1,2
146,27,0,0,9998
147,26,1,2,9998
147,26,0,1,9998
148,25,0,2,4
148,25,1,"1,3",9998
149,24,0,1,4
150,23,0,0,9997
151,22,0,1,9996
152,21,0,[NULL],9000
152,21,1,1,9997
153,20,"1,3","0,3",2
153,20,2,1,2
153,20,3,3,2
153,20,0,2,9996
154,19,3,4,2
154,19,5,3,2
154,19,2,1,2
154,19,4,1,9995
154,19,1,1,9998
154,19,0,0,9998
155,18,4,2,4
155,18,2,[NULL],9996
155,18,"0,3",[NULL],9996
155,18,1,3,9998
155,18,3,2,9998
156,17,3,5,2
156,17,2,4,3
156,17,0,[NULL],9996
156,17,1,0,9997
157,16,6,6,2
157,16,4,"0,6",2
157,16,2,"0,1",2
157,16,5,[NULL],9971
157,16,1,[NULL],9971
157,16,3,[NULL],9995
157,16,0,[NULL],9995
158,15,"1,2,4",0,2
158,15,3,2,2
158,15,2,[NULL],9995
158,15,4,"1,3",9997
158,15,0,3,9998
159,14,3,[NULL],9988
159,14,2,2,9997
159,14,"0,1",[NULL],9997
159,14,1,"2,3",9998
160,13,"0,5",2,3
160,13,5,4,4
160,13,4,[NULL],9991
160,13,1,[NULL],9996
160,13,2,[NULL],9997
160,13,3,2,9998
161,12,5,2,4
161,12,6,1,9996
161,12,2,[NULL],9997
161,12,"0,1",[NULL],9997
161,12,1,5,9998
161,12,3,2,9998
161,12,4,0,9998
162,11,"1,4",1,2
162,11,4,[NULL],9995
162,11,3,[NULL],9997
162,11,0,[NULL],9997
162,11,2,"3,8",9998
163,10,1,[NULL],9992
163,10,5,[NULL],9996
163,10,2,[NULL],9997
163,10,4,4,9998
163,10,3,"4,9",9998
163,10,0,[NULL],9998
164,9,7,3,4
164,9,5,[NULL],9996
164,9,1,[NULL],9996
164,9,6,[NULL],9996
164,9,2,6,9998
164,9,3,0,9998
164,9,4,"3,4",9998
164,9,0,[NULL],9998
165,8,4,0,9996
165,8,"0,1",[NULL],9996
165,8,1,[NULL],9996
165,8,3,[NULL],9996
165,8,2,4,9998
165,8,5,5,9998
166,7,3,[NULL],9992
166,7,2,[NULL],9996
166,7,0,"2,4",9997
166,7,1,2,9998
167,6,"0,1",[NULL],9996
167,6,1,1,9998
168,5,0,3,9996
3,171,0,[NULL],9000
7,167,0,[NULL],9000
15,159,0,[NULL],9000
118,56,0,[NULL],9000
126,48,0,0,9996
127,47,0,1,9998
129,45,0,1,4
130,44,0,0,9996
130,44,1,1,9996
131,43,0,0,4
132,42,0,1,4
133,41,1,3,4
133,41,0,0,9996
134,40,1,1,2
134,40,2,0,2
134,40,0,0,9996
134,40,3,1,9996
135,39,0,1,4
135,39,1,1,9998
136,38,2,0,2
136,38,1,1,2
136,38,0,1,4
137,37,"1,2",0,3
137,37,2,0,9996
137,37,3,2,9998
137,37,0,1,9998
138,36,1,0,2
138,36,0,1,9998
139,35,0,0,2
140,34,1,0,2
140,34,0,1,4
141,33,1,0,2
141,33,2,0,3
141,33,0,0,9998
142,32,1,0,2
142,32,0,"0,2",9996
142,32,2,2,9997
143,31,1,0,2
143,31,"0,2",0,3
143,31,2,3,4
144,30,1,0,2
144,30,2,0,3
144,30,0,0,9998
145,29,0,0,2
145,29,2,1,3
145,29,1,1,9996
146,28,2,1,2
146,28,1,0,2
146,28,0,1,9997
147,27,"1,3",1,2
147,27,3,2,4
147,27,"0,2",[NULL],9972
147,27,2,0,9998
148,26,1,0,3
148,26,0,"1,2",4
148,26,2,1,9998
149,25,1,1,9996
149,25,0,1,9997
150,24,2,0,9996
150,24,1,1,9996
150,24,0,[NULL],9996
151,23,2,0,3
151,23,"0,1",0,8
151,23,1,1,9998
152,22,0,0,4
153,21,1,1,2
153,21,0,0,2
154,20,3,1,2
154,20,2,0,2
154,20,1,"0,1",4
154,20,0,1,9998
155,19,0,0,3
155,19,1,0,9998
156,18,2,2,9997
156,18,1,[NULL],9997
156,18,0,[NULL],9997
157,17,3,0,2
157,17,2,[NULL],9996
157,17,1,0,9997
157,17,0,4,9998
158,16,"2,3",1,2
158,16,3,[NULL],9000
158,16,"0,1",[NULL],9997
158,16,1,3,9998
159,15,2,"0,3",2
159,15,3,[NULL],9997
159,15,1,"1,2",9998
159,15,0,[NULL],9998
160,14,5,1,2
160,14,2,3,2
160,14,0,4,2
160,14,1,1,3
160,14,4,5,4
160,14,3,1,9998
161,13,"3,8",2,2
161,13,7,5,3
161,13,10,[NULL],9995
161,13,0,[NULL],9995
161,13,9,4,9996
161,13,2,1,9996
161,13,5,[NULL],9997
161,13,4,[NULL],9997
161,13,1,[NULL],9997
161,13,8,3,9998
161,13,6,2,9998
162,12,4,4,2
162,12,9,"3,4",2
162,12,7,[NULL],9993
162,12,6,[NULL],9996
162,12,"2,3,5,8",[NULL],9996
162,12,3,[NULL],9996
162,12,1,[NULL],9996
162,12,5,"6,8",9998
162,12,0,4,9998
162,12,8,6,9998
163,11,6,2,2
163,11,0,3,2
163,11,"3,4",4,2
163,11,5,[NULL],9992
163,11,7,[NULL],9995
163,11,"2,4",[NULL],9996
163,11,4,[NULL],9996
163,11,1,4,9998
164,10,4,2,2
164,10,5,5,2
164,10,7,[NULL],9990
164,10,2,3,9997
164,10,6,[NULL],9997
164,10,0,[NULL],9997
164,10,"1,3",[NULL],9997
164,10,3,5,9998
165,9,2,1,2
165,9,5,[NULL],9992
165,9,3,0,9996
165,9,1,[NULL],9997
165,9,"0,4",[NULL],9997
165,9,4,6,9998
166,8,1,0,2
166,8,3,[NULL],9000
166,8,0,"3,6",9997
166,8,2,[NULL],9997
167,7,2,[NULL],9000
167,7,"0,1",[NULL],9995
167,7,1,[NULL],9997
168,6,0,[NULL],9995
3,172,0,[NULL],9000
7,168,0,[NULL],9000
15,160,0,[NULL],9000
118,57,0,[NULL],9000
122,53,0,[NULL],9000
126,49,1,0,2
126,49,0,0,9998
127,48,0,1,9998
129,46,0,0,4
130,45,0,1,9996
133,42,0,0,3
133,42,1,2,4
134,41,1,1,2
134,41,0,0,9996
135,40,0,1,9998
136,39,2,3,2
136,39,1,0,2
136,39,0,1,9998
137,38,1,0,2
137,38,2,1,9998
137,38,0,0,9998
138,37,0,0,9997
140,35,0,0,2
141,34,0,1,3
142,33,0,3,9997
143,32,0,0,2
144,31,0,1,9998
145,30,0,"0,2",9998
146,29,0,2,2
147,28,1,2,2
147,28,0,"0,2",9997
148,27,0,2,9997
149,26,0,0,3
150,25,1,1,2
150,25,0,[NULL],9000
151,24,1,1,3
151,24,0,[NULL],9973
153,22,1,0,2
153,22,0,[NULL],9973
154,21,0,1,2
154,21,1,3,9998
155,20,0,1,3
155,20,1,3,9997
155,20,2,2,9998
156,19,4,0,2
156,19,"3,5",[NULL],9000
156,19,1,[NULL],9994
156,19,5,[NULL],9994
156,19,"0,2",[NULL],9994
156,19,2,1,9997
157,18,3,1,2
157,18,1,4,3
157,18,4,[NULL],9000
157,18,2,4,9998
157,18,0,3,9998
158,17,"1,2",1,2
158,17,2,2,3
158,17,0,2,9998
159,16,1,3,2
159,16,0,[NULL],9996
159,16,3,0,9997
159,16,2,4,9998
160,15,3,8,2
160,15,2,6,2
160,15,4,5,4
160,15,7,[NULL],9993
160,15,"0,1",[NULL],9996
160,15,5,[NULL],9996
160,15,6,[NULL],9996
160,15,1,0,9997
161,14,"6,8",5,2
161,14,4,0,2
161,14,8,"3,5,8",2
161,14,5,3,9996
161,14,7,[NULL],9996
161,14,3,[NULL],9996
161,14,2,[NULL],9996
161,14,1,"0,2",9998
161,14,0,[NULL],9998
162,13,4,1,2
162,13,6,[NULL],9992
162,13,"3,5",[NULL],9994
162,13,2,[NULL],9996
162,13,5,5,9997
162,13,1,2,9998
162,13,0,1,9998
163,12,5,1,2
163,12,3,2,9997
163,12,4,0,9998
163,12,2,"0,4",9998
163,12,0,[NULL],9998
163,12,1,[NULL],9998
164,11,6,0,2
164,11,"1,5",2,4
164,11,3,[NULL],9984
164,11,4,[NULL],9996
164,11,5,[NULL],9997
164,11,0,[NULL],9998
164,11,2,[NULL],9998
165,10,"2,4",0,3
165,10,1,[NULL],9990
165,10,3,4,9996
165,10,4,5,9998
165,10,0,[NULL],9998
166,9,1,[NULL],9996
166,9,2,5,9997
166,9,0,[NULL],9997
167,8,2,[NULL],9992
167,8,3,[NULL],9992
167,8,1,[NULL],9997
167,8,0,[NULL],9998
168,7,2,[NULL],9991
168,7,0,[NULL],9996
168,7,1,"1,2",9997
169,6,"0,1",0,9998
169,6,1,"0,1",9998
170,5,0,0,9998
171,4,1,0,9998
171,4,0,[NULL],9998
172,3,0,"0,1",9997
3,173,0,[NULL],9000
7,169,0,[NULL],9000
15,161,0,[NULL],9000
118,58,0,[NULL],9000
122,54,0,[NULL],9000
125,51,0,0,2
126,50,1,0,2
126,50,0,0,9997
127,49,0,0,9996
129,47,0,0,4
130,46,0,1,9996
133,43,0,2,4
134,42,1,0,2
134,42,0,0,9996
135,41,1,0,2
135,41,0,2,9998
136,40,1,2,2
136,40,0,0,2
137,39,0,0,4
137,39,1,1,9998
140,36,0,1,9998
141,35,2,2,3
141,35,0,2,9998
141,35,1,"1,2",9998
142,34,1,2,9997
142,34,0,1,9998
143,33,1,0,2
143,33,0,1,9998
144,32,"0,2",0,2
144,32,2,2,9998
144,32,1,1,9998
145,31,1,0,3
145,31,0,"0,3",9998
145,31,2,2,9998
146,30,1,2,9998
146,30,0,1,9998
147,29,1,0,9997
147,29,0,1,9998
148,28,1,0,3
148,28,2,[NULL],9000
148,28,0,1,9998
149,27,0,0,9998
150,26,1,0,4
150,26,0,[NULL],9970
150,26,2,2,9998
151,25,1,[NULL],9974
151,25,0,3,9998
151,25,2,"1,2",9998
152,24,2,0,4
152,24,1,0,9996
152,24,0,1,9998
153,23,3,1,2
153,23,2,[NULL],9000
153,23,1,[NULL],9973
153,23,4,"1,2",9997
153,23,0,1,9998
154,22,2,2,2
154,22,1,[NULL],4
154,22,0,[NULL],9995
154,22,3,3,9998
155,21,2,2,3
155,21,3,[NULL],9000
155,21,0,1,9996
155,21,1,1,9998
156,20,4,2,2
156,20,3,0,2
156,20,0,1,3
156,20,2,[NULL],9989
156,20,1,1,9996
157,19,2,0,2
157,19,0,[NULL],9974
157,19,3,[NULL],9974
157,19,4,[NULL],9974
157,19,1,2,9998
158,18,4,2,2
158,18,3,[NULL],9000
158,18,2,[NULL],9974
158,18,0,[NULL],9974
158,18,1,1,9996
159,17,1,[NULL],9990
159,17,"2,3",[NULL],9991
159,17,0,0,9992
159,17,3,[NULL],9993
160,16,"0,2",1,2
160,16,1,6,4
160,16,2,[NULL],9994
161,15,2,1,2
161,15,1,0,2
161,15,4,[NULL],9993
161,15,3,4,9996
161,15,0,3,9998
162,14,0,4,2
162,14,4,"2,4",2
162,14,3,[NULL],2
162,14,5,[NULL],9995
162,14,1,1,9996
162,14,2,3,9998
163,13,3,2,3
163,13,5,[NULL],9995
163,13,2,[NULL],9995
163,13,1,[NULL],9995
163,13,0,[NULL],9995
163,13,4,1,9998
164,12,5,4,2
164,12,0,4,4
164,12,"1,2,3",[NULL],9992
164,12,4,[NULL],9995
164,12,2,4,9998
164,12,3,"4,6",9998
165,11,"3,6",0,3
165,11,6,[NULL],9988
165,11,5,4,9996
165,11,4,3,9997
165,11,"0,1",[NULL],9997
165,11,1,"5,7",9998
165,11,2,4,9998
166,10,5,[NULL],9994
166,10,4,[NULL],9994
166,10,3,6,9997
166,10,0,1,9998
166,10,"1,2",3,9998
166,10,2,"2,3,7",9998
167,9,3,0,4
167,9,2,[NULL],9000
167,9,1,[NULL],9993
167,9,0,4,9998
168,8,0,"0,1",2
168,8,1,0,2
168,8,3,[NULL],9000
168,8,2,"4,5",9997
169,7,0,0,2
169,7,3,[NULL],9993
169,7,1,[NULL],9996
169,7,2,1,9998
170,6,0,1,2
170,6,3,[NULL],9991
170,6,2,[NULL],9993
170,6,1,0,9998
171,5,2,[NULL],9000
171,5,3,[NULL],9995
171,5,0,[NULL],9997
171,5,1,3,9998
172,4,2,[NULL],9000
172,4,1,2,9997
172,4,0,"0,1",9997
173,3,0,[NULL],9995
3,174,0,[NULL],9000
7,170,0,[NULL],9000
15,162,0,[NULL],9000
118,59,0,[NULL],9000
122,55,0,[NULL],9000
125,52,0,0,4
126,51,0,0,9997
127,50,0,1,9998
129,48,0,0,4
129,48,1,1,4
130,47,1,1,9996
130,47,0,0,9998
131,46,0,0,9997
132,45,0,0,4
133,44,0,0,4
133,44,1,3,4
134,43,2,0,2
134,43,0,"0,1",9996
134,43,1,2,9996
135,42,0,0,9996
136,41,1,1,2
136,41,0,2,4
137,40,0,0,3
137,40,1,0,9998
138,39,0,0,9996
139,38,1,0,2
139,38,0,0,9996
140,37,2,0,2
140,37,1,"0,1",2
140,37,0,1,9998
141,36,1,0,2
141,36,3,0,3
141,36,"0,2",0,4
141,36,2,1,9998
142,35,1,0,2
142,35,2,0,9997
142,35,0,"0,1",9998
143,34,2,2,2
143,34,1,"0,1,2",2
143,34,0,0,9996
144,33,"0,3",0,2
144,33,2,2,2
144,33,1,1,4
144,33,3,0,9998
145,32,2,1,2
145,32,1,0,2
145,32,0,"0,1",9998
146,31,1,0,2
146,31,"0,2",0,3
146,31,2,0,9996
147,30,1,0,2
147,30,2,0,3
147,30,0,"0,1",9998
148,29,0,0,2
148,29,1,1,4
149,28,2,2,2
149,28,0,2,4
149,28,1,1,4
150,27,3,0,2
150,27,"1,2",2,2
150,27,2,4,9996
150,27,0,0,9998
151,26,1,0,2
151,26,0,"0,3",9996
151,26,2,0,9998
152,25,1,0,2
152,25,0,[NULL],9975
153,24,3,3,2
153,24,1,4,5
153,24,0,[NULL],9973
153,24,2,2,9998
154,23,1,1,2
154,23,3,1,3
154,23,2,2,9998
154,23,0,1,9998
155,22,1,2,3
155,22,0,0,9996
156,21,2,1,2
156,21,1,[NULL],9975
156,21,0,[NULL],9990
157,20,0,[NULL],9975
157,20,"1,2",[NULL],9975
157,20,2,1,9996
158,19,0,3,3
159,18,0,1,3
160,17,3,0,2
160,17,4,9,4
160,17,1,2,4
160,17,0,1,9997
160,17,2,2,9998
161,16,3,2,2
161,16,5,3,3
161,16,2,[NULL],9994
161,16,1,[NULL],9994
161,16,4,4,9996
161,16,0,2,9998
162,15,1,4,2
162,15,2,3,3
162,15,3,[NULL],9990
162,15,0,[NULL],9996
163,14,4,2,2
163,14,6,"2,3",2
163,14,5,[NULL],9988
163,14,2,[NULL],9995
163,14,1,[NULL],9996
163,14,3,1,9998
163,14,0,[NULL],9998
164,13,"5,7",0,2
164,13,4,2,2
164,13,0,3,4
164,13,"6,7",[NULL],9996
164,13,2,[NULL],9997
164,13,3,[NULL],9997
164,13,1,[NULL],9997
164,13,7,5,9998
165,12,1,0,2
165,12,3,"1,2",2
165,12,"2,7",1,2
165,12,5,2,3
165,12,4,3,9996
165,12,6,[NULL],9996
165,12,7,7,9998
165,12,0,[NULL],9998
166,11,4,0,2
166,11,0,[NULL],9000
166,11,5,[NULL],9993
166,11,1,[NULL],9997
166,11,3,4,9998
166,11,2,"2,4",9998
167,10,"1,2",1,3
167,10,2,7,9998
167,10,0,4,9998
168,9,1,2,2
168,9,0,[NULL],9995
168,9,3,3,9997
168,9,2,"0,3",9998
169,8,0,1,2
169,8,2,[NULL],9995
169,8,3,[NULL],9996
169,8,1,4,9998
170,7,3,1,2
170,7,2,[NULL],9996
170,7,"0,1",[NULL],9996
170,7,1,1,9997
171,6,"0,1",0,3
171,6,2,[NULL],9996
171,6,1,5,9997
172,5,0,"1,3",9997
172,5,1,"4,5",9997
173,4,0,1,9997
3,175,0,[NULL],9000
7,171,0,[NULL],9000
15,163,0,[NULL],9000
122,56,0,[NULL],9000
125,53,0,0,3
126,52,1,0,2
126,52,0,[NULL],9000
129,49,0,0,2
129,49,1,0,4
130,48,1,1,9996
130,48,0,0,9998
133,45,0,0,4
134,44,0,1,9996
136,42,0,1,2
139,39,1,0,2
139,39,0,1,9997
140,38,1,2,2
140,38,0,0,9998
141,37,"0,1",0,2
141,37,2,1,3
141,37,1,"0,1",9997
142,36,2,1,9997
142,36,0,0,9997
142,36,1,1,9998
143,35,0,3,2
144,34,"0,1",0,2
144,34,1,1,9998
145,33,0,1,9998
146,32,"0,1",0,2
146,32,1,1,3
147,31,0,0,9997
149,29,0,0,2
150,28,0,2,2
151,27,0,2,9997
151,27,1,4,9997
152,26,2,2,2
152,26,1,4,3
152,26,0,[NULL],9974
153,25,2,2,2
153,25,1,0,2
153,25,0,[NULL],9973
156,22,0,[NULL],9976
157,21,0,4,9997
158,20,1,[NULL],9000
158,20,0,[NULL],9976
159,19,2,2,2
159,19,0,[NULL],8
159,19,3,[NULL],9000
159,19,1,[NULL],9000
160,18,2,0,2
160,18,3,5,4
160,18,5,[NULL],9000
160,18,6,[NULL],9000
160,18,4,[NULL],9976
160,18,1,[NULL],9996
160,18,0,0,9998
161,17,3,[NULL],9995
161,17,4,[NULL],9995
161,17,"1,2",2,9997
161,17,2,3,9998
161,17,0,2,9998
162,16,1,3,2
162,16,0,[NULL],9000
162,16,2,[NULL],9991
163,15,5,7,2
163,15,1,[NULL],9996
163,15,3,[NULL],9997
163,15,2,[NULL],9997
163,15,0,[NULL],9997
163,15,4,1,9998
164,14,7,7,2
164,14,3,4,3
164,14,4,3,4
164,14,2,[NULL],9993
164,14,5,[NULL],9993
164,14,6,[NULL],9993
164,14,1,[NULL],9993
164,14,0,1,9998
165,13,4,3,2
165,13,2,"2,3",2
165,13,6,3,3
165,13,8,[NULL],9990
165,13,7,[NULL],9993
165,13,5,3,9996
165,13,"1,3",5,9998
165,13,3,3,9998
165,13,0,[NULL],9998
166,12,7,2,2
166,12,4,0,2
166,12,2,[NULL],9991
166,12,"0,1,3",[NULL],9996
166,12,3,[NULL],9996
166,12,6,2,9998
166,12,5,"1,2,5",9998
166,12,1,[NULL],9998
167,11,"0,3",2,2
167,11,"4,5",2,3
167,11,6,[NULL],9987
167,11,2,[NULL],9995
167,11,5,5,9998
167,11,1,3,9998
167,11,3,0,9998
168,10,4,1,2
168,10,3,[NULL],9987
168,10,1,[NULL],9996
168,10,2,"2,5",9998
168,10,0,2,9998
169,9,3,[NULL],9992
169,9,2,[NULL],9992
169,9,1,[NULL],9994
169,9,0,[NULL],9996
170,8,3,[NULL],9993
170,8,0,[NULL],9994
170,8,"1,2",[NULL],9995
170,8,2,"0,1",9996
171,7,2,1,3
171,7,"0,1",0,3
171,7,1,[NULL],9996
172,6,1,[NULL],9000
172,6,0,1,9997
173,5,0,[NULL],9995
173,5,1,[NULL],9995
174,4,0,[NULL],9994
3,176,0,[NULL],9000
7,172,0,[NULL],9000
15,164,0,[NULL],9000
122,57,0,[NULL],9000
125,54,0,0,3
126,53,0,0,4
126,53,1,[NULL],9000
128,51,0,0,9997
129,50,0,0,2
129,50,1,0,4
130,49,0,0,3
130,49,1,0,9995
133,46,0,0,4
134,45,0,1,9996
139,40,0,0,2
140,39,0,0,9996
141,38,1,1,2
141,38,0,2,3
142,37,0,0,9997
142,37,1,2,9998
143,36,1,1,2
143,36,0,1,9998
144,35,1,0,2
144,35,2,3,9998
144,35,0,"1,2",9998
145,34,1,2,9998
145,34,0,1,9998
146,33,0,1,9998
147,32,0,1,9998
148,31,0,1,9998
149,30,1,1,9998
149,30,0,0,9998
150,29,1,3,9998
150,29,0,"2,4",9998
151,28,0,1,4
151,28,1,1,9998
152,27,0,0,9998
152,27,1,2,9998
153,26,2,[NULL],9973
153,26,0,1,9997
153,26,1,2,9998
154,25,1,0,4
154,25,0,2,9998
154,25,2,"1,2",9998
155,24,1,1,4
155,24,0,1,9998
156,23,2,[NULL],9973
156,23,1,0,9996
156,23,0,1,9997
157,22,1,1,4
157,22,3,[NULL],9977
157,22,2,0,9996
157,22,4,1,9997
157,22,0,[NULL],9998
158,21,1,[NULL],9000
158,21,0,[NULL],9000
158,21,2,[NULL],9977
159,20,0,0,2
159,20,1,0,3
160,19,3,2,2
160,19,2,0,2
160,19,4,3,4
160,19,1,3,9997
160,19,0,2,9998
161,18,1,1,4
161,18,2,[NULL],9000
161,18,3,3,9997
161,18,0,3,9998
162,17,1,4,2
162,17,0,[NULL],9995
163,16,1,0,2
163,16,2,[NULL],9994
163,16,0,[NULL],9998
164,15,5,"1,3",2
164,15,3,3,2
164,15,4,5,4
164,15,"1,2",[NULL],9997
164,15,0,[NULL],9997
164,15,2,3,9998
165,14,2,6,2
165,14,"1,5","5,6",2
165,14,6,[NULL],2
165,14,5,[NULL],9994
165,14,3,2,9996
165,14,4,5,9998
165,14,0,"1,4",9998
166,13,5,5,2
166,13,3,1,2
166,13,0,3,2
166,13,"1,2",[NULL],9997
166,13,4,[NULL],9997
166,13,2,4,9998
167,12,"2,5",2,2
167,12,5,"0,1,2",2
167,12,3,3,3
167,12,"1,4",[NULL],9996
167,12,4,[NULL],9996
167,12,0,1,9998
168,11,2,[NULL],9995
168,11,"1,3",[NULL],9995
168,11,3,"0,2",9997
168,11,4,[NULL],9997
168,11,0,1,9998
169,10,1,1,3
169,10,4,[NULL],9995
169,10,3,1,9998
169,10,2,"1,2",9998
169,10,0,[NULL],9998
170,9,5,1,3
170,9,"0,1",[NULL],9995
170,9,4,[NULL],9995
170,9,2,[NULL],9997
170,9,3,[NULL],9997
170,9,1,3,9998
171,8,"1,3",0,3
171,8,"4,5",1,3
171,8,5,[NULL],9996
171,8,2,[NULL],9996
171,8,3,5,9997
171,8,0,"1,4",9998
172,7,1,0,3
172,7,2,8,9997
172,7,0,2,9998
173,6,0,1,9997
174,5,0,3,9997
174,5,1,4,9997
175,4,0,"1,2",9997
3,177,0,[NULL],9000
7,173,0,[NULL],9000
15,165,0,[NULL],9000
120,60,0,[NULL],9000
122,58,0,[NULL],9000
126,54,0,[NULL],9000
129,51,1,1,4
129,51,0,0,9998
130,50,0,0,9995
132,48,0,0,9996
133,47,"0,1",0,4
133,47,2,1,4
133,47,1,0,9998
134,46,0,0,4
134,46,1,0,9996
135,45,0,0,9997
136,44,0,0,9996
137,43,0,0,4
138,42,1,0,3
138,42,0,0,4
139,41,1,0,9996
139,41,0,0,9998
140,40,"0,1",1,3
140,40,1,0,9996
141,39,2,1,2
141,39,1,2,3
141,39,0,0,3
142,38,1,0,2
142,38,0,0,4
142,38,2,0,9997
142,38,3,1,9998
143,37,3,2,2
143,37,"1,2",0,2
143,37,2,1,9996
143,37,0,0,9998
144,36,2,1,2
144,36,1,0,2
144,36,"0,3",0,9997
144,36,3,1,9998
145,35,1,0,2
145,35,0,2,4
145,35,2,0,9998
146,34,1,0,2
146,34,0,0,3
147,33,1,0,2
147,33,0,"0,1",9996
148,32,1,1,2
148,32,0,0,2
149,31,3,1,2
149,31,"2,4",0,2
149,31,4,2,4
149,31,0,"0,2",9998
149,31,1,2,9998
150,30,1,1,2
150,30,2,0,3
150,30,4,1,3
150,30,"0,3",0,4
150,30,3,2,9998
151,29,0,0,2
151,29,2,1,2
151,29,3,0,9996
151,29,1,0,9998
152,28,2,1,2
152,28,1,1,9996
152,28,0,"0,1",9998
153,27,2,0,2
153,27,1,"0,2",2
153,27,0,[NULL],9000
153,27,3,[NULL],9000
154,26,1,0,2
154,26,0,0,4
154,26,2,0,9998
155,25,1,"0,1",9996
155,25,2,1,9996
155,25,0,[NULL],9996
156,24,4,0,3
156,24,"0,1",[NULL],3
156,24,1,2,4
156,24,2,0,9996
156,24,3,2,9998
157,23,1,[NULL],9000
157,23,0,0,9998
158,22,0,[NULL],9978
159,21,2,0,2
159,21,1,3,9998
159,21,0,[NULL],9998
160,20,3,0,2
160,20,2,"1,2",3
160,20,4,4,4
160,20,"0,1",[NULL],9997
160,20,1,2,9998
161,19,2,[NULL],9000
161,19,"0,1",[NULL],9997
161,19,1,2,9998
162,18,0,[NULL],9992
163,17,3,2,2
163,17,0,3,9996
163,17,2,[NULL],9996
163,17,1,[NULL],9997
164,16,5,4,2
164,16,"1,4",0,2
164,16,3,4,4
164,16,4,[NULL],9995
164,16,2,[NULL],9995
164,16,0,2,9998
165,15,4,2,2
165,15,1,[NULL],9995
165,15,3,0,9996
165,15,2,4,9998
165,15,0,[NULL],9998
166,14,1,0,2
166,14,0,[NULL],9998
167,13,1,0,2
167,13,0,[NULL],9991
167,13,2,0,9998
168,12,1,3,2
168,12,2,"2,3",2
168,12,3,[NULL],9992
168,12,0,2,9998
169,11,3,1,2
169,11,"1,5",[NULL],9992
169,11,5,[NULL],9994
169,11,4,[NULL],9995
169,11,0,[NULL],9995
169,11,2,4,9998
170,10,"1,4",0,2
170,10,5,[NULL],9995
170,10,0,[NULL],9996
170,10,2,3,9997
170,10,3,[NULL],9997
170,10,4,6,9998
171,9,2,0,2
171,9,1,0,3
171,9,3,[NULL],9989
171,9,0,"5,6",9998
172,8,3,[NULL],9992
172,8,1,[NULL],9994
172,8,2,[NULL],9995
172,8,0,[NULL],9998
173,7,1,[NULL],9992
173,7,0,[NULL],9997
174,6,2,[NULL],9000
174,6,"0,1",[NULL],9996
174,6,1,4,9997
175,5,2,[NULL],9993
175,5,1,[NULL],9994
175,5,0,1,9997
176,4,0,[NULL],9993
3,178,0,[NULL],9000
7,174,0,[NULL],9000
15,166,0,[NULL],9000
122,59,0,[NULL],9000
126,55,0,[NULL],9000
127,54,0,0,3
128,53,0,0,2
129,52,1,1,4
129,52,0,0,9998
130,51,0,0,9995
132,49,0,1,2
133,48,1,0,4
133,48,0,0,9998
134,47,0,0,9996
138,43,0,0,2
139,42,0,0,9998
141,40,1,3,2
141,40,0,0,3
142,39,0,0,2
142,39,1,0,9996
142,39,2,1,9998
143,38,1,3,2
143,38,0,1,9998
144,37,0,2,2
144,37,1,0,9997
145,36,0,0,9998
148,33,"0,2",0,2
148,33,2,1,2
148,33,1,0,9997
149,32,2,3,2
149,32,0,"0,2",9998
149,32,1,2,9998
150,31,0,1,2
150,31,1,"0,2",9997
151,30,"0,1",0,2
151,30,1,2,9998
152,29,1,0,3
152,29,0,"0,2",9998
153,28,0,2,2
154,27,0,2,9997
155,26,2,3,2
155,26,1,"0,2",3
155,26,0,2,9997
156,25,0,0,2
156,25,1,4,3
157,24,0,[NULL],9979
158,23,3,1,2
158,23,2,[NULL],2
158,23,0,"3,4",9998
158,23,1,4,9998
159,22,2,1,2
159,22,3,1,3
159,22,1,[NULL],9000
159,22,4,[NULL],9951
159,22,0,[NULL],9996
160,21,2,0,2
160,21,3,3,3
160,21,1,4,9997
160,21,0,2,9998
161,20,0,[NULL],9994
161,20,3,[NULL],9994
161,20,1,2,9998
161,20,2,3,9998
162,19,3,[NULL],9955
162,19,2,[NULL],9992
162,19,"0,1",[NULL],9993
162,19,1,1,9996
163,18,2,0,2
163,18,3,[NULL],9996
163,18,"0,1",[NULL],9997
163,18,1,0,9998
164,17,4,2,2
164,17,3,5,4
164,17,"0,2",[NULL],9990
164,17,1,[NULL],9996
164,17,5,2,9997
164,17,2,1,9998
165,16,5,[NULL],9993
165,16,4,[NULL],9993
165,16,2,[NULL],9993
165,16,3,2,9996
165,16,1,[NULL],9996
165,16,0,[NULL],9996
166,15,0,2,2
166,15,"1,2",2,9996
166,15,2,1,9998
167,14,2,0,2
167,14,0,3,3
167,14,3,[NULL],9992
167,14,1,[NULL],9996
168,13,4,2,2
168,13,"2,3",3,9997
168,13,0,[NULL],9997
168,13,3,[NULL],9997
168,13,1,1,9998
169,12,6,4,2
169,12,"0,1",1,4
169,12,5,[NULL],9993
169,12,7,3,9996
169,12,4,3,9997
169,12,3,[NULL],9997
169,12,2,[NULL],9997
169,12,1,[NULL],9997
170,11,"5,6",0,2
170,11,6,3,3
170,11,"3,7",[NULL],9996
170,11,7,[NULL],9996
170,11,4,2,9997
170,11,2,[NULL],9997
170,11,"1,8",[NULL],9997
170,11,0,[NULL],9997
170,11,8,4,9998
171,10,8,2,3
171,10,7,[NULL],9988
171,10,"0,1,5",[NULL],9993
171,10,3,[NULL],9994
171,10,6,[NULL],9996
171,10,5,[NULL],9996
171,10,2,[NULL],9997
171,10,1,[NULL],9997
171,10,4,2,9998
172,9,1,0,3
172,9,7,[NULL],9994
172,9,0,[NULL],9996
172,9,6,[NULL],9996
172,9,5,[NULL],9996
172,9,4,[NULL],9996
172,9,2,[NULL],9996
172,9,3,[NULL],9996
173,8,3,0,3
173,8,4,1,3
173,8,1,[NULL],9995
173,8,2,[NULL],9996
173,8,0,"4,9",9998
174,7,"1,2",0,3
174,7,0,[NULL],9996
174,7,2,7,9997
175,6,1,4,9997
175,6,2,[NULL],9997
175,6,0,[NULL],9997
176,5,0,0,9998
176,5,1,1,9998
3,179,0,[NULL],9000
7,175,0,[NULL],9000
15,167,0,[NULL],9000
121,61,0,[NULL],9000
122,60,0,[NULL],9000
126,56,0,[NULL],9000
127,55,0,[NULL],9992
128,54,0,0,2
129,53,0,0,9998
130,52,0,0,9995
132,50,0,0,2
133,49,1,0,4
133,49,0,0,9996
134,48,0,0,3
134,48,1,0,9996
138,44,0,0,2
139,43,0,0,4
141,41,1,2,2
141,41,0,2,3
142,40,1,0,2
142,40,0,0,9996
143,39,0,"0,3",3
144,38,0,0,2
145,37,0,1,9998
146,36,0,1,9998
147,35,0,2,9998
148,34,"0,2",0,2
148,34,2,1,2
148,34,1,1,9998
149,33,0,"0,3",9998
149,33,1,2,9998
149,33,2,3,9998
150,32,2,1,2
150,32,0,"4,5",9998
150,32,1,1,9998
151,31,"0,2",0,2
151,31,2,2,9998
151,31,1,1,9998
152,30,0,"0,4",9998
152,30,2,3,9998
152,30,1,2,9998
153,29,2,[NULL],9000
153,29,1,2,9998
153,29,0,"1,3",9998
154,28,0,4,9998
154,28,1,1,9998
155,27,0,1,4
156,26,0,2,4
156,26,1,1,9998
157,25,"3,4",0,2
157,25,4,1,2
157,25,2,[NULL],9980
157,25,0,"0,1,2",9996
157,25,1,"0,2",9998
158,24,4,[NULL],9980
158,24,3,[NULL],9980
158,24,0,[NULL],9980
158,24,2,1,9996
158,24,1,0,9998
159,23,2,0,2
159,23,0,[NULL],9000
159,23,3,[NULL],9000
159,23,1,[NULL],9993
160,22,2,1,2
160,22,3,2,2
160,22,4,[NULL],9000
160,22,0,[NULL],9000
160,22,1,3,9998
161,21,0,[NULL],9000
161,21,1,2,9996
161,21,2,2,9998
161,21,3,3,9998
162,20,0,1,2
162,20,1,[NULL],9993
163,19,1,2,2
163,19,0,2,9997
164,18,2,3,4
164,18,0,[NULL],9991
164,18,1,3,9996
165,17,1,2,2
165,17,0,2,9996
166,16,0,[NULL],9995
167,15,1,1,2
167,15,0,[NULL],9998
168,14,0,[NULL],9996
168,14,1,2,9998
169,13,4,1,2
169,13,3,2,3
169,13,2,[NULL],3
169,13,0,[NULL],9993
169,13,1,[NULL],9997
170,12,2,4,2
170,12,5,[NULL],9990
170,12,1,[NULL],9995
170,12,3,2,9997
170,12,4,4,9998
170,12,0,[NULL],9998
171,11,4,[NULL],9988
171,11,3,[NULL],9988
171,11,5,[NULL],9994
171,11,2,[NULL],9995
171,11,"1,6",[NULL],9995
171,11,6,1,9997
171,11,0,[NULL],9997
172,10,"4,9",0,2
172,10,6,[NULL],9000
172,10,7,[NULL],9991
172,10,5,[NULL],9992
172,10,9,[NULL],9994
172,10,8,[NULL],9994
172,10,2,[NULL],9995
172,10,1,[NULL],9997
172,10,0,2,9998
172,10,3,1,9998
173,9,4,1,3
173,9,5,[NULL],9990
173,9,3,[NULL],9997
173,9,"0,1",[NULL],9997
173,9,1,6,9998
173,9,2,5,9998
174,8,1,0,3
174,8,0,[NULL],9995
175,7,0,0,2
175,7,1,1,2
175,7,2,[NULL],9996
176,6,1,[NULL],9995
176,6,2,[NULL],9995
176,6,0,1,9998
177,5,0,[NULL],9000
3,180,0,[NULL],9000
7,176,0,[NULL],9000
15,168,0,[NULL],9000
122,61,0,[NULL],9000
126,57,0,[NULL],9000
128,55,0,0,2
129,54,0,1,5
130,53,0,[NULL],9000
131,52,0,0,4
132,51,0,0,9998
133,50,0,1,4
134,49,0,0,9996
135,48,0,0,4
136,47,0,0,9998
137,46,0,0,9996
138,45,0,1,4
139,44,0,1,4
140,43,0,0,9996
141,42,1,0,9996
141,42,0,0,9997
142,41,1,2,4
142,41,2,1,9996
142,41,0,1,9998
143,40,0,1,3
144,39,1,0,2
144,39,0,0,9996
145,38,1,0,2
145,38,0,0,9996
145,38,2,0,9998
146,37,2,0,2
146,37,"0,1",0,4
146,37,1,0,9998
147,36,1,1,2
147,36,0,1,3
148,35,"0,3",0,2
148,35,2,1,2
148,35,3,2,2
148,35,1,1,9997
149,34,"4,5",0,2
149,34,1,1,2
149,34,"0,2",1,3
149,34,2,0,9996
149,34,"3,5","0,1",9998
149,34,5,0,9998
150,33,2,2,2
150,33,1,1,2
150,33,0,3,4
151,32,"0,4",0,2
151,32,3,2,2
151,32,2,1,2
151,32,1,1,4
151,32,4,0,9998
152,31,2,1,2
152,31,"1,3",0,2
152,31,3,0,9996
152,31,4,"2,3",9998
152,31,0,1,9998
153,30,4,0,2
153,30,1,1,2
153,30,2,0,3
153,30,0,1,9997
153,30,3,1,9998
154,29,2,0,3
154,29,"0,1",1,4
154,29,1,2,4
155,28,1,1,2
155,28,0,2,4
156,27,"0,2",1,2
156,27,2,3,9996
156,27,1,[NULL],9996
157,26,0,1,2
157,26,1,"1,4",9996
158,25,0,0,8
158,25,1,0,9998
159,24,3,1,2
159,24,4,1,3
159,24,0,[NULL],9000
159,24,2,[NULL],9981
159,24,1,[NULL],9994
160,23,2,2,2
160,23,3,3,2
160,23,4,[NULL],9966
160,23,1,"3,4",9996
160,23,0,"0,3",9997
161,22,1,[NULL],9977
161,22,0,0,9998
162,21,3,0,4
162,21,2,[NULL],9000
162,21,1,[NULL],9994
162,21,0,1,9997
163,20,2,5,3
163,20,1,1,9996
163,20,0,[NULL],9998
164,19,0,3,4
165,18,0,[NULL],9994
165,18,1,[NULL],9995
166,17,0,[NULL],9000
166,17,1,[NULL],9996
167,16,2,1,2
167,16,3,"2,3",3
167,16,0,[NULL],9997
167,16,1,2,9998
168,15,3,4,3
168,15,2,2,9997
168,15,1,[NULL],9997
168,15,0,[NULL],9997
169,14,4,4,2
169,14,2,4,3
169,14,3,[NULL],9992
169,14,1,[NULL],9995
169,14,0,[NULL],9997
170,13,1,[NULL],9992
170,13,2,0,9995
170,13,0,"1,2",9998
171,12,2,0,2
171,12,1,3,2
171,12,0,2,9998
172,11,6,0,2
172,11,5,2,2
172,11,3,[NULL],9995
172,11,2,[NULL],9995
172,11,1,[NULL],9995
172,11,4,3,9998
172,11,0,[NULL],9998
173,10,7,2,3
173,10,"1,4",[NULL],9993
173,10,"2,5",[NULL],9994
173,10,4,[NULL],9995
173,10,6,[NULL],9996
173,10,5,6,9998
173,10,3,2,9998
173,10,0,[NULL],9998
174,9,4,1,3
174,9,0,[NULL],9996
174,9,3,[NULL],9996
174,9,1,"2,3",9998
174,9,2,1,9998
175,8,1,0,2
175,8,0,[NULL],9998
176,7,1,2,9998
176,7,0,[NULL],9998
177,6,1,[NULL],9996
177,6,0,0,9998
178,5,0,[NULL],9995
3,181,0,[NULL],9000
7,177,0,[NULL],9000
15,169,0,[NULL],9000
122,62,0,[NULL],9000
126,58,0,[NULL],9000
128,56,0,[NULL],9000
129,55,0,0,5
130,54,0,[NULL],9000
131,53,0,0,2
132,52,0,0,9998
133,51,0,0,4
134,50,0,0,9994
135,49,0,0,2
141,43,1,0,2
141,43,0,1,4
142,42,1,1,9996
142,42,0,1,9998
144,40,0,2,2
145,39,0,1,2
145,39,1,0,9998
146,38,0,"1,2",9997
148,36,"0,1","3,5",2
148,36,1,3,2
149,35,"0,1","1,2",9998
149,35,1,2,9998
150,34,0,4,2
151,33,"2,3",4,2
151,33,1,0,2
151,33,3,1,9998
151,33,0,2,9998
152,32,1,3,2
152,32,2,"1,2",9998
152,32,0,1,9998
153,31,0,1,9997
156,28,0,6,9997
157,27,0,1,2
158,26,0,[NULL],9974
159,25,1,[NULL],9980
159,25,0,[NULL],9995
160,24,0,0,2
160,24,1,[NULL],9967
161,23,1,1,4
161,23,0,2,9997
161,23,2,3,9998
162,22,2,0,3
162,22,3,[NULL],9000
162,22,0,2,9997
162,22,1,2,9998
163,21,2,[NULL],9000
163,21,1,[NULL],9982
163,21,0,2,9998
164,20,2,3,4
164,20,1,[NULL],9996
164,20,0,[NULL],9996
165,19,2,"1,2",4
165,19,3,[NULL],9991
165,19,4,[NULL],9996
165,19,1,[NULL],9996
165,19,0,0,9998
166,18,2,1,2
166,18,3,[NULL],9000
166,18,1,[NULL],9997
166,18,0,[NULL],9997
167,17,0,[NULL],9000
167,17,"1,2",[NULL],9996
167,17,2,0,9998
168,16,3,7,4
168,16,2,[NULL],9996
168,16,1,[NULL],9996
168,16,0,[NULL],9996
169,15,"1,2",0,2
169,15,2,3,3
169,15,3,[NULL],9000
169,15,0,[NULL],9996
170,14,2,0,2
170,14,1,6,3
170,14,3,[NULL],9993
170,14,0,1,9998
171,13,3,4,2
171,13,"2,4",[NULL],9990
171,13,"5,6",[NULL],9993
171,13,6,[NULL],9993
171,13,1,[NULL],9995
171,13,4,[NULL],9996
171,13,0,[NULL],9996
172,12,6,5,2
172,12,2,3,2
172,12,5,[NULL],3
172,12,1,[NULL],9990
172,12,4,[NULL],9994
172,12,7,[NULL],9996
172,12,3,[NULL],9996
172,12,0,0,9997
173,11,"2,3",1,2
173,11,1,2,2
173,11,3,[NULL],9994
173,11,4,[NULL],9996
173,11,5,[NULL],9996
173,11,6,5,9997
173,11,0,[NULL],9997
174,10,3,[NULL],9000
174,10,1,0,9996
174,10,2,3,9997
174,10,0,[NULL],9997
175,9,2,1,2
175,9,1,[NULL],9996
175,9,0,[NULL],9996
176,8,0,0,2
176,8,1,[NULL],9997
176,8,2,4,9998
177,7,1,[NULL],9000
177,7,0,[NULL],9997
178,6,0,[NULL],9000
178,6,1,[NULL],9991
179,5,0,[NULL],9992
3,182,0,[NULL],9000
7,178,0,[NULL],9000
15,170,0,[NULL],9000
126,59,0,[NULL],9000
129,56,0,0,5
130,55,0,[NULL],9000
131,54,0,0,2
132,53,0,0,4
133,52,0,1,4
134,51,0,0,9994
140,45,0,0,3
141,44,1,0,2
141,44,0,0,4
142,43,1,0,9996
142,43,0,0,9997
143,42,0,2,9998
144,41,0,1,2
145,40,1,2,9998
145,40,0,1,9998
146,39,0,0,9996
147,38,1,1,3
147,38,0,1,9998
148,37,"1,2","0,1",2
148,37,2,1,2
148,37,0,0,9998
149,36,"1,2","2,3",9998
149,36,2,3,9998
149,36,0,1,9998
150,35,1,3,2
150,35,2,0,2
150,35,0,1,9998
151,34,"1,2",2,2
151,34,2,"0,2",2
151,34,0,1,9998
152,33,1,0,3
152,33,2,2,9998
152,33,0,1,9998
153,32,0,0,9998
154,31,0,0,9998
155,30,0,2,9998
155,30,1,1,9998
156,29,"0,1,2",0,4
156,29,2,"3,5",9998
156,29,3,2,9998
156,29,1,"3,4",9998
157,28,1,2,4
157,28,0,2,9998
157,28,2,0,9998
158,27,"1,2",[NULL],9983
158,27,2,0,9997
158,27,0,"1,2",9998
159,26,"0,3",0,3
159,26,2,"0,2",9996
159,26,1,0,9998
159,26,3,2,9998
160,25,3,2,2
160,25,2,1,4
160,25,1,2,9998
160,25,0,"1,5",9998
161,24,2,1,2
161,24,1,0,3
161,24,0,0,9997
161,24,3,3,9998
162,23,2,0,2
162,23,1,[NULL],9983
162,23,0,1,9996
162,23,4,1,9997
162,23,3,3,9998
163,22,3,1,4
163,22,1,1,9996
163,22,2,[NULL],9996
163,22,0,[NULL],9996
164,21,0,0,2
164,21,2,0,4
164,21,1,0,9998
165,20,2,[NULL],9976
165,20,0,1,9998
165,20,1,2,9998
166,19,0,2,2
166,19,1,[NULL],9994
167,18,2,2,3
167,18,1,[NULL],3
167,18,3,[NULL],9996
167,18,0,2,9998
168,17,1,[NULL],9996
168,17,2,[NULL],9997
168,17,0,1,9998
169,16,1,0,2
169,16,0,[NULL],9996
170,15,0,[NULL],9997
170,15,1,4,9998
171,14,3,3,9997
171,14,2,[NULL],9997
171,14,1,[NULL],9997
171,14,0,[NULL],9997
172,13,2,1,9997
172,13,3,[NULL],9997
172,13,4,2,9998
172,13,0,[NULL],9998
172,13,1,[NULL],9998
173,12,1,[NULL],9996
173,12,2,[NULL],9996
173,12,0,4,9998
174,11,1,[NULL],9996
174,11,2,[NULL],9996
174,11,0,2,9998
175,10,4,2,2
175,10,2,[NULL],9995
175,10,3,"4,5",9998
175,10,1,"1,4,5",9998
175,10,0,[NULL],9998
176,9,3,4,9997
176,9,2,[NULL],9997
176,9,1,[NULL],9997
176,9,4,[NULL],9997
176,9,0,[NULL],9997
176,9,5,3,9998
177,8,2,[NULL],9995
177,8,0,[NULL],9997
177,8,1,2,9998
178,7,1,[NULL],9996
178,7,0,2,9998
179,6,0,[NULL],9995
3,183,0,[NULL],9000
7,179,0,[NULL],9000
15,171,0,[NULL],9000
126,60,0,[NULL],9000
129,57,0,0,5
130,56,0,[NULL],9000
133,53,0,0,4
134,52,1,0,9994
134,52,0,0,9997
135,51,0,0,9998
136,50,0,0,4
137,49,0,0,9998
138,48,0,0,9996
139,47,0,0,4
140,46,0,1,4
141,45,1,2,4
141,45,0,0,9996
142,44,2,0,2
142,44,1,1,9996
142,44,0,0,9996
143,43,0,0,4
144,42,2,1,2
144,42,1,0,2
144,42,0,0,4
145,41,"1,2",0,3
145,41,2,1,9996
145,41,3,2,9998
145,41,0,1,9998
146,40,1,0,2
146,40,0,1,9998
147,39,0,0,2
148,38,"2,3","1,2",2
148,38,3,2,2
148,38,1,0,2
148,38,0,0,4
149,37,1,0,2
149,37,"2,3","1,2",9998
149,37,0,0,9998
149,37,3,2,9998
150,36,1,0,2
150,36,0,2,9997
151,35,2,2,2
151,35,1,0,2
151,35,0,3,4
152,34,0,0,2
152,34,1,0,3
152,34,2,0,9998
153,33,0,0,2
153,33,1,0,9996
154,32,2,0,2
154,32,1,1,2
154,32,0,0,9997
155,31,"3,5",2,2
155,31,2,3,2
155,31,"4,5","1,2",2
155,31,6,0,3
155,31,5,2,4
155,31,"0,1",[NULL],9984
155,31,1,0,9998
156,30,2,0,2
156,30,0,2,2
156,30,"1,4",1,4
156,30,4,2,9998
156,30,3,"1,2",9998
157,29,"1,2",0,2
157,29,2,1,9996
157,29,0,1,9997
158,28,0,1,2
158,28,2,3,2
158,28,1,0,9996
158,28,3,1,9998
159,27,2,1,2
159,27,"1,5",0,2
159,27,"3,4",1,4
159,27,4,[NULL],9000
159,27,0,[NULL],9997
159,27,5,0,9998
160,26,3,3,2
160,26,2,0,3
160,26,4,[NULL],9969
160,26,5,0,9996
160,26,1,[NULL],9996
160,26,0,"0,1",9998
161,25,3,3,2
161,25,2,0,3
161,25,1,[NULL],9984
161,25,0,2,9997
162,24,1,1,4
162,24,"0,2",[NULL],9984
162,24,2,1,9996
163,23,0,"0,1",2
164,22,1,0,2
164,22,2,1,2
164,22,0,[NULL],9000
165,21,0,[NULL],9984
165,21,2,[NULL],9997
165,21,3,3,9998
165,21,1,2,9998
166,20,2,0,2
166,20,3,[NULL],9996
166,20,1,[NULL],9996
166,20,0,2,9998
167,19,1,0,2
167,19,0,[NULL],9998
168,18,0,3,9998
169,17,4,1,2
169,17,2,2,9996
169,17,1,0,9996
169,17,3,[NULL],9997
169,17,0,[NULL],9997
170,16,1,[NULL],9993
170,16,"2,3",[NULL],9995
170,16,3,3,9998
170,16,0,[NULL],9998
171,15,2,4,2
171,15,0,0,3
171,15,1,[NULL],9995
172,14,4,0,2
172,14,5,6,3
172,14,1,[NULL],9995
172,14,3,[NULL],9995
172,14,2,[NULL],9995
172,14,0,[NULL],9996
173,13,2,0,2
173,13,3,2,3
173,13,4,[NULL],9000
173,13,0,[NULL],9000
173,13,5,[NULL],9994
173,13,1,[NULL],9996
174,12,"4,5",3,2
174,12,1,"1,3",2
174,12,5,[NULL],9000
174,12,3,[NULL],9995
174,12,2,[NULL],9995
174,12,0,[NULL],9995
175,11,3,5,2
175,11,5,[NULL],9000
175,11,0,[NULL],9994
175,11,4,[NULL],9995
175,11,"1,2",[NULL],9997
175,11,2,3,9998
176,10,2,1,2
176,10,4,[NULL],9989
176,10,0,[NULL],9994
176,10,1,[NULL],9996
176,10,3,5,9998
177,9,2,0,2
177,9,1,[NULL],9997
177,9,0,3,9998
178,8,0,[NULL],9990
179,7,2,[NULL],9000
179,7,1,[NULL],9991
179,7,0,[NULL],9994
180,6,0,[NULL],9996
180,6,1,3,9998
3,184,0,[NULL],9000
7,180,0,[NULL],9000
15,172,0,[NULL],9000
126,61,0,[NULL],9000
130,57,0,[NULL],9000
134,53,0,0,2
134,53,1,[NULL],9985
135,52,0,0,9998
136,51,0,0,2
137,50,0,0,9998
141,46,0,0,3
141,46,1,1,4
142,45,0,0,9996
144,43,2,3,2
144,43,1,0,2
144,43,0,0,9998
145,42,1,0,2
145,42,2,1,9998
145,42,0,0,9998
146,41,0,0,9997
148,39,"1,2","2,3",2
148,39,0,0,2
148,39,2,3,2
149,38,1,"1,2,3",9997
149,38,0,1,9998
151,36,0,2,2
154,33,0,1,2
155,32,2,4,2
155,32,1,"3,4",2
155,32,0,"0,2",9997
156,31,1,2,9997
156,31,0,2,9998
157,30,1,3,2
157,30,0,1,3
158,29,0,5,2
158,29,1,1,9998
159,28,"0,1",0,2
159,28,1,3,9998
160,27,0,0,3
160,27,1,3,9998
161,26,1,4,3
161,26,0,[NULL],9984
163,24,0,[NULL],9000
164,23,3,3,2
164,23,2,1,2
164,23,4,[NULL],9000
164,23,1,[NULL],9996
164,23,0,1,9998
165,22,2,0,2
165,22,4,[NULL],9977
165,22,1,5,9997
165,22,0,[NULL],9997
165,22,3,2,9998
166,21,1,[NULL],9994
166,21,3,[NULL],9994
166,21,2,2,9998
166,21,0,"2,4",9998
167,20,3,0,2
167,20,4,[NULL],9000
167,20,"1,2",2,9995
167,20,2,1,9997
167,20,0,[NULL],9998
168,19,"2,4",[NULL],9995
168,19,4,3,9998
168,19,3,"0,1,5",9998
168,19,0,[NULL],9998
168,19,1,[NULL],9998
169,18,3,3,2
169,18,0,2,5
169,18,4,2,9996
169,18,1,[NULL],9996
169,18,5,4,9997
169,18,2,[NULL],9997
170,17,3,3,3
170,17,"1,2",[NULL],9000
170,17,0,[NULL],9996
170,17,2,1,9998
171,16,1,2,3
171,16,0,[NULL],9996
171,16,2,[NULL],9996
172,15,4,[NULL],9993
172,15,0,[NULL],9993
172,15,5,[NULL],9996
172,15,3,[NULL],9996
172,15,1,[NULL],9996
172,15,2,0,9998
173,14,0,1,4
173,14,3,[NULL],9000
173,14,2,[NULL],9996
173,14,1,[NULL],9996
174,13,3,2,2
174,13,1,[NULL],9992
174,13,2,1,9997
174,13,0,3,9998
175,12,5,3,2
175,12,4,3,3
175,12,3,[NULL],9990
175,12,6,5,9997
175,12,1,[NULL],9997
175,12,2,[NULL],9997
175,12,0,[NULL],9997
176,11,3,0,2
176,11,1,[NULL],9995
176,11,2,[NULL],9995
176,11,0,[NULL],9996
176,11,5,[NULL],9996
176,11,4,5,9998
177,10,0,[NULL],9989
177,10,1,[NULL],9993
177,10,2,[NULL],9996
178,9,"0,1",[NULL],9996
178,9,1,[NULL],9996
179,8,3,1,2
179,8,2,[NULL],9995
179,8,1,[NULL],9997
179,8,0,[NULL],9997
180,7,0,[NULL],9997
180,7,1,1,9998
3,185,0,[NULL],9000
7,181,0,[NULL],9000
15,173,0,[NULL],9000
126,62,0,[NULL],9000
130,58,0,[NULL],9000
133,55,0,0,3
134,54,0,0,2
134,54,1,[NULL],9985
135,53,0,0,9996
136,52,0,0,2
137,51,0,0,9998
141,47,0,1,4
142,46,0,0,9996
143,45,0,0,2
144,44,1,2,2
144,44,0,0,2
145,43,0,0,4
145,43,1,2,9998
148,40,1,0,2
148,40,0,1,9998
149,39,2,0,3
149,39,0,1,9998
149,39,1,3,9998
150,38,0,1,9998
151,37,0,0,9998
152,36,0,1,9998
153,35,0,0,3
153,35,1,1,9998
154,34,1,1,9998
154,34,0,0,9998
155,33,2,0,2
155,33,1,1,9997
155,33,0,1,9998
156,32,1,0,3
156,32,2,3,9998
156,32,0,1,9998
157,31,1,1,2
157,31,0,0,9998
158,30,3,1,2
158,30,"0,2",2,4
158,30,5,[NULL],9000
158,30,4,3,9998
158,30,2,2,9998
158,30,1,1,9998
159,29,3,1,2
159,29,4,"5,6",9998
159,29,1,"2,3",9998
159,29,2,1,9998
159,29,0,"4,5,6",9998
160,28,2,0,3
160,28,0,"1,2",9997
160,28,1,2,9998
160,28,3,4,9998
161,27,1,0,4
161,27,2,[NULL],9000
161,27,0,1,9998
162,26,1,1,4
162,26,2,[NULL],9000
162,26,0,0,9998
163,25,1,0,2
163,25,3,[NULL],9986
163,25,2,1,9996
163,25,0,0,9998
164,24,2,3,2
164,24,4,[NULL],9000
164,24,3,[NULL],9986
164,24,1,3,9996
164,24,0,2,9998
165,23,2,2,2
165,23,4,"0,2",2
165,23,0,[NULL],9000
165,23,3,"0,2",9997
165,23,1,2,9997
166,22,4,[NULL],9000
166,22,1,[NULL],9995
166,22,3,2,9996
166,22,2,[NULL],9997
166,22,0,[NULL],9997
167,21,3,4,2
167,21,"0,1,5",3,2
167,21,2,[NULL],9961
167,21,4,[NULL],9993
167,21,5,[NULL],9993
167,21,1,"0,4",9996
168,20,2,[NULL],9995
168,20,1,"2,3",9998
168,20,0,[NULL],9998
169,19,1,2,2
169,19,2,3,9996
169,19,0,[NULL],9998
170,18,1,1,9996
170,18,0,[NULL],9996
171,17,0,2,2
172,16,0,[NULL],9992
172,16,2,[NULL],9997
172,16,1,[NULL],9997
172,16,3,[NULL],9997
173,15,3,0,2
173,15,2,3,9996
173,15,0,[NULL],9996
173,15,"1,4",[NULL],9996
173,15,4,3,9997
174,14,2,1,9997
174,14,3,[NULL],9997
174,14,4,[NULL],9997
174,14,5,[NULL],9997
174,14,1,[NULL],9997
174,14,0,[NULL],9997
175,13,5,4,2
175,13,3,[NULL],9996
175,13,4,[NULL],9997
175,13,2,[NULL],9997
175,13,1,[NULL],9997
175,13,0,[NULL],9998
176,12,2,[NULL],9986
176,12,3,[NULL],9994
176,12,1,[NULL],9997
176,12,0,"2,3",9998
177,11,3,[NULL],9994
177,11,1,[NULL],9995
177,11,0,[NULL],9996
177,11,2,[NULL],9997
178,10,0,[NULL],9997
178,10,1,[NULL],9997
179,9,1,1,2
179,9,0,[NULL],9996
180,8,2,[NULL],9000
180,8,1,[NULL],9993
180,8,0,4,9998
181,7,1,[NULL],9992
181,7,0,[NULL],9994
182,6,0,[NULL],9995
3,186,0,[NULL],9000
7,182,0,[NULL],9000
15,174,0,[NULL],9000
126,63,0,[NULL],9000
130,59,0,[NULL],9000
133,56,0,0,6
134,55,0,[NULL],9985
135,54,0,0,9998
136,53,0,0,2
137,52,0,0,4
137,52,1,0,9998
138,51,0,0,9998
139,50,0,0,9997
140,49,0,0,4
141,48,1,1,4
141,48,0,0,4
142,47,0,"0,1",9996
142,47,1,2,9996
143,46,0,0,9996
144,45,2,1,2
144,45,1,2,4
144,45,0,0,9998
145,44,0,0,3
145,44,1,1,9998
146,43,0,0,9996
147,42,1,0,2
147,42,0,0,9996
148,41,1,0,2
148,41,3,1,2
148,41,2,1,3
148,41,0,1,9998
149,40,1,0,2
149,40,2,2,9998
149,40,0,"1,2",9998
150,39,0,0,2
151,38,1,0,2
151,38,0,0,9996
152,37,1,1,2
152,37,0,1,4
153,36,1,1,2
153,36,0,0,2
154,35,1,0,2
154,35,"0,2",0,3
154,35,2,0,9996
155,34,3,2,2
155,34,1,0,2
155,34,2,1,3
155,34,0,"0,1",9998
156,33,0,0,2
156,33,1,2,4
156,33,2,1,9998
157,32,3,4,2
157,32,2,2,2
157,32,1,1,2
157,32,0,1,4
158,31,"5,6",4,2
158,31,"2,3",1,2
158,31,1,2,2
158,31,4,"0,4",2
158,31,3,3,9996
158,31,6,1,9998
158,31,0,"0,1",9998
159,30,2,1,2
159,30,4,3,2
159,30,0,5,4
159,30,"1,3",1,9997
159,30,5,"1,2",9998
159,30,3,0,9998
160,29,1,0,2
160,29,0,[NULL],9000
160,29,2,1,9998
161,28,0,0,2
161,28,1,2,4
162,27,0,0,2
162,27,1,"0,1,3",9996
163,26,2,0,2
163,26,0,0,9996
163,26,1,1,9998
164,25,5,1,3
164,25,2,[NULL],6
164,25,3,[NULL],9000
164,25,4,[NULL],9979
164,25,0,[NULL],9990
164,25,1,0,9998
165,24,1,[NULL],9000
165,24,2,[NULL],9000
165,24,3,"3,4",9997
165,24,4,3,9998
165,24,0,[NULL],9998
166,23,1,1,3
166,23,0,[NULL],9998
167,22,"2,3",1,2
167,22,0,[NULL],9000
167,22,3,"0,2",9996
167,22,1,1,9997
168,21,4,5,3
168,21,2,2,4
168,21,0,1,4
168,21,1,[NULL],9997
168,21,3,2,9998
169,20,2,3,9996
169,20,1,1,9998
169,20,0,[NULL],9998
170,19,0,0,9998
171,18,0,[NULL],9998
171,18,1,[NULL],9998
171,18,2,[NULL],9998
172,17,3,[NULL],9000
172,17,2,[NULL],9987
172,17,5,[NULL],9997
172,17,0,"1,3",9998
172,17,4,0,9998
172,17,1,[NULL],9998
173,16,1,2,3
173,16,3,4,9996
173,16,4,4,9997
173,16,2,[NULL],9997
173,16,0,[NULL],9997
174,15,5,6,3
174,15,4,[NULL],3
174,15,2,[NULL],9996
174,15,3,[NULL],9996
174,15,0,[NULL],9998
174,15,1,[NULL],9998
175,14,"2,3",0,2
175,14,4,[NULL],9996
175,14,3,[NULL],9996
175,14,1,[NULL],9997
175,14,0,2,9998
176,13,0,[NULL],9996
176,13,1,1,9998
177,12,0,[NULL],9996
178,11,1,3,9997
178,11,2,[NULL],9997
178,11,0,[NULL],9997
179,10,4,0,2
179,10,3,[NULL],9994
179,10,2,[NULL],9994
179,10,0,1,9998
179,10,1,3,9998
180,9,1,[NULL],9994
180,9,0,1,9998
180,9,2,2,9998
3,187,0,[NULL],9000
7,183,0,[NULL],9000
15,175,0,[NULL],9000
130,60,0,[NULL],9000
133,57,0,0,6
134,56,0,0,2
134,56,1,[NULL],9985
136,54,0,1,2
137,53,0,0,2
137,53,1,1,9998
138,52,0,0,9998
141,49,0,0,4
142,48,0,0,9996
143,47,0,0,2
144,46,1,1,2
144,46,0,0,9998
147,43,1,0,2
147,43,0,1,9997
148,42,2,2,2
148,42,1,"0,2",2
148,42,0,0,9998
149,41,0,"0,1",9997
149,41,1,1,9998
150,40,0,0,9997
154,36,"0,1",0,2
154,36,1,1,3
155,35,1,2,2
155,35,0,0,9997
156,34,0,1,9998
157,33,1,6,2
157,33,0,"0,6",2
158,32,"1,2",5,2
158,32,0,3,2
158,32,2,"1,3",9997
159,31,1,2,2
159,31,2,0,3
159,31,0,2,9997
160,30,0,1,9998
161,29,0,4,9997
162,28,1,1,2
162,28,0,[NULL],9988
163,27,0,1,2
163,27,2,[NULL],9000
163,27,1,4,9998
164,26,3,4,2
164,26,"0,2",3,3
164,26,2,1,3
164,26,1,"0,1,2,3",9998
165,25,3,[NULL],9000
165,25,2,[NULL],9988
165,25,0,[NULL],9988
165,25,1,4,9998
166,24,0,[NULL],9996
166,24,1,4,9998
167,23,2,3,2
167,23,0,[NULL],9995
167,23,1,3,9997
168,22,1,1,2
168,22,2,4,4
168,22,3,[NULL],9000
168,22,4,[NULL],9000
168,22,0,"1,2",9997
169,21,0,0,2
169,21,1,[NULL],9000
169,21,3,[NULL],9989
169,21,2,2,9998
170,20,0,[NULL],5
170,20,3,[NULL],9000
170,20,1,[NULL],9997
170,20,2,2,9998
171,19,"1,3",0,2
171,19,0,4,2
171,19,3,[NULL],9000
171,19,2,[NULL],9991
172,18,3,1,3
172,18,2,[NULL],9987
172,18,0,"2,4",9996
172,18,1,2,9998
173,17,1,2,3
173,17,4,[NULL],9000
173,17,2,3,9996
173,17,3,[NULL],9996
173,17,0,[NULL],9997
174,16,2,0,2
174,16,0,[NULL],9000
174,16,3,[NULL],9995
174,16,1,[NULL],9997
174,16,4,[NULL],9997
175,15,1,1,2
175,15,3,[NULL],9991
175,15,2,[NULL],9992
175,15,0,3,9998
176,14,2,[NULL],9991
176,14,1,[NULL],9996
176,14,0,2,9998
177,13,1,[NULL],9992
177,13,3,[NULL],9993
177,13,2,[NULL],9994
177,13,0,2,9998
178,12,1,0,2
178,12,3,1,2
178,12,2,4,9998
178,12,0,[NULL],9998
179,11,1,0,2
179,11,2,2,2
179,11,0,1,9996
180,10,1,1,9996
180,10,0,2,9998
180,10,2,3,9998
181,9,0,[NULL],9996
3,188,0,[NULL],9000
7,184,0,[NULL],9000
15,176,0,[NULL],9000
130,61,0,[NULL],9000
133,58,0,1,6
134,57,0,0,4
134,57,1,[NULL],9985
136,55,1,1,2
136,55,0,0,9997
137,54,0,0,2
137,54,1,0,9997
138,53,0,0,3
141,50,0,0,4
142,49,0,0,9996
143,48,0,0,2
144,47,0,1,9998
147,44,0,0,2
148,43,1,1,2
148,43,0,0,9996
149,42,0,2,9998
151,40,0,1,9998
152,39,0,"1,2",9998
153,38,0,1,9998
154,37,0,1,9998
155,36,1,0,2
155,36,0,1,9998
156,35,1,2,9998
156,35,0,1,9998
157,34,1,1,9998
157,34,0,0,9998
158,33,1,"1,3",3
158,33,0,2,9998
159,32,1,0,2
159,32,0,1,9998
160,31,1,2,9998
160,31,0,0,9998
161,30,"0,2",0,9997
161,30,2,2,9998
161,30,1,1,9998
162,29,4,1,2
162,29,1,2,4
162,29,3,"2,3",9998
162,29,0,3,9998
162,29,2,0,9998
163,28,"0,1,2,3",1,2
163,28,3,1,4
163,28,2,1,9998
163,28,1,"1,2",9998
164,27,4,1,2
164,27,3,3,3
164,27,2,0,9996
164,27,0,"0,3",9998
164,27,1,2,9998
165,26,4,1,2
165,26,2,3,4
165,26,6,[NULL],9988
165,26,3,0,9996
165,26,0,"1,4",9998
165,26,1,2,9998
165,26,5,6,9998
166,25,1,1,3
166,25,"0,4",1,4
166,25,2,"1,2",5
166,25,4,2,9998
166,25,3,6,9998
167,24,2,[NULL],9000
167,24,0,2,9997
167,24,3,4,9997
167,24,1,1,9998
168,23,2,2,2
168,23,3,2,4
168,23,0,1,9996
168,23,1,1,9997
169,22,2,2,2
169,22,1,1,4
169,22,3,[NULL],9000
169,22,0,2,9998
170,21,2,[NULL],9996
170,21,0,2,9998
170,21,1,1,9998
171,20,2,1,2
171,20,3,[NULL],9992
171,20,1,[NULL],9992
171,20,0,[NULL],9992
172,19,4,4,3
172,19,3,2,4
172,19,5,[NULL],9996
172,19,2,[NULL],9997
172,19,0,3,9998
172,19,1,0,9998
173,18,3,3,9996
173,18,2,6,9997
173,18,4,[NULL],9997
173,18,5,[NULL],9997
173,18,1,[NULL],9997
173,18,0,[NULL],9998
174,17,3,0,2
174,17,2,[NULL],9000
174,17,4,[NULL],9996
174,17,"0,1",[NULL],9996
174,17,1,1,9998
175,16,2,0,2
175,16,3,[NULL],9995
175,16,1,"3,5",9997
175,16,0,"5,6",9998
176,15,2,0,2
176,15,3,1,9997
176,15,1,5,9998
176,15,0,[NULL],9998
177,14,4,2,2
177,14,3,1,3
177,14,5,[NULL],9995
177,14,1,[NULL],9995
177,14,2,3,9998
177,14,0,[NULL],9998
178,13,4,[NULL],9992
178,13,"1,2",[NULL],9992
178,13,5,[NULL],9995
178,13,2,3,9998
178,13,3,1,9998
178,13,0,[NULL],9998
179,12,2,0,2
179,12,3,2,2
179,12,1,[NULL],9996
179,12,0,"3,4",9998
180,11,0,[NULL],9996
180,11,1,[NULL],9996
180,11,2,3,9998
181,10,1,[NULL],9996
181,10,0,[NULL],9997
183,8,0,[NULL],9998
184,7,0,[NULL],9996
184,7,1,[NULL],9996
185,6,0,[NULL],9996
187,4,0,[NULL],9995
188,3,0,"0,1",9998
3,189,0,[NULL],9000
7,185,0,[NULL],9000
15,177,0,[NULL],9000
128,64,0,[NULL],9000
130,62,0,[NULL],9000
134,58,0,[NULL],9985
137,55,0,0,9997
140,52,0,0,9996
141,51,"0,1",0,4
141,51,2,1,4
141,51,1,0,9998
142,50,0,0,4
142,50,1,0,9996
143,49,1,0,2
143,49,0,0,9997
144,48,0,0,9996
144,48,1,0,9998
145,47,0,0,4
146,46,1,0,3
146,46,0,0,4
147,45,1,0,9996
147,45,0,0,9998
148,44,2,0,2
148,44,"0,1",0,3
148,44,1,0,9996
149,43,0,0,3
149,43,1,0,9998
150,42,1,0,2
150,42,0,0,4
151,41,"1,2",0,2
151,41,2,1,9996
151,41,0,0,9998
152,40,1,0,2
152,40,0,0,9997
153,39,1,0,2
153,39,0,2,4
154,38,1,0,2
154,38,0,0,3
155,37,2,1,2
155,37,1,0,2
155,37,0,"0,2",9996
156,36,1,1,2
156,36,0,0,2
157,35,2,0,2
157,35,"1,3",2,3
157,35,3,3,4
157,35,0,0,9998
158,34,1,0,2
158,34,2,0,3
158,34,0,1,9998
159,33,2,1,2
159,33,0,0,2
159,33,1,0,9996
160,32,2,2,2
160,32,1,1,2
160,32,4,0,3
160,32,0,0,9996
160,32,3,0,9998
161,31,"2,3",3,2
161,31,3,0,2
161,31,0,2,2
161,31,1,1,4
162,30,1,2,2
162,30,2,"1,2",2
162,30,0,0,4
162,30,3,0,9998
163,29,"0,3",0,2
163,29,2,1,2
163,29,1,0,9996
163,29,3,0,9998
164,28,"1,4",0,2
164,28,2,1,2
164,28,6,5,2
164,28,3,1,9996
164,28,0,4,9997
164,28,4,[NULL],9997
164,28,5,2,9998
165,27,2,4,2
165,27,6,3,2
165,27,1,[NULL],7
165,27,5,[NULL],9966
165,27,4,[NULL],9988
165,27,0,[NULL],9990
165,27,3,1,9998
166,26,1,1,2
166,26,3,1,3
166,26,"0,2",3,4
166,26,2,2,9998
167,25,"1,2",0,3
167,25,3,[NULL],9000
167,25,2,"0,2,3",9996
167,25,0,[NULL],9998
168,24,2,0,2
168,24,3,2,4
168,24,1,"0,1",9998
168,24,0,2,9998
169,23,2,0,2
169,23,1,1,2
169,23,3,[NULL],9000
169,23,0,2,9997
170,22,1,[NULL],9000
170,22,0,[NULL],9997
170,22,2,0,9998
171,21,3,0,2
171,21,0,1,2
171,21,4,"3,4",9996
171,21,2,"2,3,4",9996
171,21,1,1,9997
172,20,4,3,4
172,20,2,[NULL],9990
172,20,1,3,9998
172,20,3,2,9998
172,20,0,[NULL],9998
173,19,1,0,2
173,19,4,[NULL],9994
173,19,3,3,9996
173,19,2,[NULL],9997
173,19,0,[NULL],9998
174,18,"5,6",0,2
174,18,6,[NULL],13
174,18,3,[NULL],9996
174,18,2,[NULL],9997
174,18,4,"2,4",9998
174,18,0,[NULL],9998
174,18,1,[NULL],9998
175,17,5,1,2
175,17,2,[NULL],9991
175,17,3,[NULL],9995
175,17,4,5,9998
175,17,0,[NULL],9998
175,17,1,[NULL],9998
176,16,3,2,2
176,16,2,[NULL],9990
176,16,0,[NULL],9993
176,16,4,[NULL],9995
176,16,1,[NULL],9995
177,15,3,2,2
177,15,1,3,2
177,15,2,[NULL],9992
177,15,4,[NULL],9995
177,15,0,0,9998
178,14,"3,4",0,2
178,14,4,[NULL],9993
178,14,0,[NULL],9996
178,14,5,[NULL],9996
178,14,2,3,9998
178,14,1,0,9998
179,13,3,2,2
179,13,4,[NULL],9997
179,13,1,2,9998
179,13,2,"2,3",9998
179,13,0,[NULL],9998
180,12,0,[NULL],9994
180,12,1,2,9998
181,11,2,[NULL],9994
181,11,0,[NULL],9995
181,11,1,1,9998
182,10,1,[NULL],9990
182,10,0,[NULL],9995
182,10,2,[NULL],9997
183,9,1,[NULL],9996
183,9,0,[NULL],9997
184,8,2,1,9996
184,8,0,[NULL],9996
184,8,1,[NULL],9996
185,7,0,[NULL],9996
186,6,0,[NULL],9996
187,5,"0,1",0,2
187,5,1,[NULL],9993
188,4,1,[NULL],9993
188,4,0,"0,2",9998
189,3,0,[NULL],9000
3,190,0,[NULL],9000
7,186,0,[NULL],9000
15,178,0,[NULL],9000
130,63,0,[NULL],9000
134,59,0,[NULL],9985
135,58,0,0,3
136,57,0,1,3
137,56,0,0,9997
140,53,0,1,2
141,52,0,0,4
141,52,1,0,9998
142,51,0,0,9996
143,50,0,1,2
144,49,0,0,9998
146,47,0,0,2
147,46,0,0,9998
148,45,0,1,2
149,44,0,0,9998
150,43,0,0,2
151,42,0,"1,2",9997
156,37,0,0,2
156,37,1,0,9997
157,36,1,0,2
157,36,0,0,9998
158,35,0,"0,2",9997
159,34,0,3,2
160,33,0,"0,2",3
160,33,1,1,9998
161,32,0,3,2
162,31,0,3,2
162,31,1,2,9997
163,30,2,5,2
163,30,0,2,9997
163,30,1,2,9998
164,29,1,3,2
164,29,0,2,9998
165,28,2,2,2
165,28,1,[NULL],9000
165,28,4,[NULL],9000
165,28,0,0,9997
165,28,3,4,9998
166,27,2,0,3
166,27,4,3,3
166,27,1,[NULL],3
166,27,3,4,9998
166,27,0,3,9998
167,26,"0,1",1,2
167,26,2,0,2
167,26,1,1,3
167,26,3,2,9998
168,25,1,1,9997
168,25,0,2,9998
169,24,0,2,2
170,23,0,[NULL],9000
170,23,1,[NULL],9991
170,23,2,1,9997
171,22,3,1,2
171,22,2,3,2
171,22,4,0,4
171,22,0,[NULL],9000
171,22,1,"2,4",9997
172,21,6,2,3
172,21,1,[NULL],3
172,21,3,2,4
172,21,5,[NULL],9000
172,21,4,[NULL],9991
172,21,0,[NULL],9991
172,21,2,1,9998
173,20,"2,4",4,2
173,20,4,[NULL],2
173,20,1,[NULL],9995
173,20,3,4,9996
173,20,5,5,9998
173,20,0,[NULL],9998
174,19,5,4,2
174,19,3,1,3
174,19,6,[NULL],9992
174,19,2,2,9995
174,19,1,[NULL],9996
174,19,4,6,9997
174,19,0,1,9998
175,18,1,3,3
175,18,2,[NULL],9995
175,18,0,[NULL],9997
176,17,0,0,2
176,17,1,[NULL],9996
177,16,3,2,2
177,16,0,1,2
177,16,1,[NULL],9996
177,16,2,1,9998
177,16,4,2,9998
178,15,2,1,2
178,15,3,"1,2",2
178,15,1,0,4
178,15,0,0,9998
179,14,2,1,2
179,14,1,1,4
179,14,0,[NULL],9998
180,13,1,1,2
180,13,2,[NULL],9995
180,13,0,2,9998
181,12,2,[NULL],9995
181,12,1,[NULL],9996
181,12,0,"2,5",9998
182,11,0,[NULL],9996
183,10,0,[NULL],9996
184,9,1,[NULL],9996
184,9,0,[NULL],9997
186,7,1,[NULL],9994
186,7,0,[NULL],9994
187,6,"0,2",0,2
187,6,2,[NULL],9992
187,6,1,[NULL],9996
188,5,1,[NULL],9991
188,5,0,"0,1",9998
189,4,0,0,9998
3,191,0,[NULL],9000
7,187,0,[NULL],9000
15,179,0,[NULL],9000
129,65,0,[NULL],9000
130,64,0,[NULL],9000
134,60,0,[NULL],9000
135,59,0,[NULL],9992
136,58,0,0,3
140,54,0,1,2
141,53,0,0,4
141,53,1,0,9996
142,52,0,0,3
142,52,1,0,9996
143,51,0,0,2
144,50,0,1,9998
146,48,0,0,2
147,47,0,0,4
148,46,0,0,2
149,45,0,1,9998
151,43,0,0,3
152,42,0,1,9998
153,41,0,"0,1",9998
154,40,0,2,9998
155,39,0,1,9998
156,38,0,0,2
156,38,1,1,9998
157,37,0,2,9998
157,37,1,1,9998
158,36,0,4,9998
158,36,1,1,9998
159,35,1,1,2
159,35,0,1,9998
160,34,2,3,9998
160,34,1,2,9998
160,34,0,1,9998
161,33,1,2,9998
161,33,0,"1,3",9998
162,32,2,1,2
162,32,0,3,9998
162,32,1,1,9998
163,31,2,0,2
163,31,4,0,3
163,31,0,2,4
163,31,3,3,9998
163,31,1,1,9998
164,30,4,3,2
164,30,0,3,4
164,30,3,3,9998
164,30,2,2,9998
164,30,1,0,9998
165,29,4,3,2
165,29,3,0,2
165,29,2,[NULL],9000
165,29,6,[NULL],9988
165,29,0,0,9996
165,29,5,5,9998
165,29,1,"2,3",9998
166,28,2,3,2
166,28,4,[NULL],9000
166,28,1,0,9996
166,28,3,2,9998
166,28,0,1,9998
167,27,2,0,2
167,27,1,0,4
167,27,3,2,9998
167,27,0,1,9998
168,26,2,0,3
168,26,3,[NULL],9995
168,26,0,2,9998
168,26,1,0,9998
169,25,1,[NULL],9993
169,25,0,0,9996
170,24,1,1,3
170,24,0,0,9998
171,23,1,2,2
171,23,2,[NULL],9000
171,23,0,[NULL],9995
172,22,5,5,2
172,22,3,3,4
172,22,4,[NULL],9968
172,22,1,[NULL],9991
172,22,2,0,9995
172,22,0,[NULL],9995
173,21,1,0,2
173,21,4,[NULL],9992
173,21,3,3,9996
173,21,2,"3,4",9998
173,21,0,[NULL],9998
174,20,2,"1,7",9997
174,20,0,[NULL],9998
174,20,1,[NULL],9998
175,19,0,[NULL],9996
175,19,1,[NULL],9997
175,19,2,1,9998
176,18,1,2,2
176,18,2,4,2
176,18,0,3,9998
177,17,0,0,2
177,17,3,[NULL],9997
177,17,1,[NULL],9997
177,17,2,"3,4",9998
178,16,4,[NULL],9995
178,16,"0,1,2,3",[NULL],9995
178,16,3,[NULL],9995
178,16,1,"4,5",9998
178,16,2,0,9998
179,15,2,0,2
179,15,7,[NULL],9995
179,15,5,[NULL],9995
179,15,4,0,9997
179,15,6,6,9998
179,15,3,3,9998
179,15,1,"4,6",9998
179,15,0,[NULL],9998
180,14,"2,5",0,2
180,14,3,[NULL],9995
180,14,7,[NULL],9996
180,14,6,[NULL],9996
180,14,4,[NULL],9996
180,14,1,[NULL],9996
180,14,0,[NULL],9996
180,14,5,2,9998
181,13,3,[NULL],9996
181,13,0,[NULL],9996
181,13,2,[NULL],9997
181,13,1,1,9998
181,13,4,2,9998
182,12,3,[NULL],9994
182,12,1,[NULL],9997
182,12,0,4,9998
182,12,2,"3,4",9998
183,11,3,[NULL],9991
183,11,2,[NULL],9994
183,11,0,[NULL],9996
183,11,1,[NULL],9997
184,10,0,[NULL],9994
184,10,2,[NULL],9994
184,10,1,[NULL],9997
185,9,0,[NULL],9997
186,8,0,[NULL],9997
187,7,"0,1",0,2
187,7,1,[NULL],9995
187,7,2,[NULL],9995
188,6,0,0,2
188,6,2,[NULL],9992
188,6,1,1,9998
189,5,1,[NULL],9992
189,5,0,[NULL],9997
190,4,0,[NULL],9000
3,192,0,[NULL],9000
7,188,0,[NULL],9000
15,180,0,[NULL],9000
130,65,0,[NULL],9000
134,61,0,[NULL],9000
136,59,0,0,3
139,56,0,0,4
140,55,0,0,9998
141,54,0,1,4
142,53,0,0,9996
143,52,1,0,2
143,52,0,0,4
144,51,1,1,9998
144,51,0,0,9998
145,50,0,0,9997
146,49,0,1,4
147,48,0,1,4
148,47,1,0,2
148,47,0,0,9996
149,46,1,0,9996
149,46,0,0,9997
150,45,"1,2",0,3
150,45,2,2,4
150,45,0,0,9998
151,44,1,0,2
151,44,0,1,9998
152,43,"0,1",0,2
152,43,1,0,9996
153,42,2,0,2
153,42,1,0,9996
153,42,0,0,9998
154,41,1,0,2
154,41,"0,2",0,4
154,41,2,1,9998
155,40,1,1,2
155,40,0,1,3
156,39,2,0,2
156,39,1,1,2
156,39,0,1,9997
157,38,4,0,2
157,38,1,1,2
157,38,"0,2",0,3
157,38,2,0,9996
157,38,3,0,9998
158,37,1,0,2
158,37,0,1,4
159,36,3,2,2
159,36,2,1,2
159,36,1,0,2
159,36,0,0,4
160,35,2,1,2
160,35,"1,3",0,2
160,35,3,0,9996
160,35,4,2,9998
160,35,0,1,9998
161,34,3,0,2
161,34,1,1,2
161,34,2,1,3
161,34,"0,4",1,9997
161,34,4,1,9998
162,33,3,3,2
162,33,1,1,2
162,33,2,0,3
162,33,0,1,4
163,32,3,3,2
163,32,2,2,2
163,32,0,1,2
163,32,1,3,4
163,32,4,0,9998
164,31,5,5,2
164,31,"2,3",1,2
164,31,0,0,3
164,31,3,1,9996
164,31,1,[NULL],9996
164,31,4,0,9998
165,30,2,3,2
165,30,1,0,2
165,30,0,"0,3",9996
165,30,3,1,9998
166,29,2,3,2
166,29,1,0,2
166,29,"0,3",2,4
166,29,3,[NULL],9000
167,28,2,0,2
167,28,0,1,2
167,28,1,1,3
167,28,3,1,9998
168,27,0,"0,1",9996
168,27,1,1,9998
169,26,0,0,2
169,26,1,2,3
170,25,"2,4",1,3
170,25,"3,4",4,4
170,25,4,"2,4",4
170,25,"0,1",1,9997
170,25,1,1,9998
171,24,2,[NULL],9000
171,24,0,0,9998
171,24,1,2,9998
172,23,"3,4",2,2
172,23,4,3,4
172,23,1,[NULL],9000
172,23,0,[NULL],9993
172,23,2,"0,1",9997
173,22,6,4,3
173,22,5,[NULL],9993
173,22,2,0,9996
173,22,1,[NULL],9997
173,22,0,"4,5",9998
173,22,3,6,9998
173,22,4,3,9998
174,21,1,2,2
174,21,3,[NULL],9994
174,21,2,"5,7",9998
174,21,0,[NULL],9998
175,20,3,0,2
175,20,1,[NULL],9997
175,20,2,3,9998
175,20,0,"1,3",9998
176,19,"3,4","0,2",2
176,19,2,[NULL],9993
176,19,4,2,9998
176,19,0,[NULL],9998
176,19,1,[NULL],9998
177,18,"4,5",1,2
177,18,0,2,2
177,18,"1,2",[NULL],9993
177,18,5,[NULL],9997
177,18,6,[NULL],9997
177,18,2,2,9998
177,18,3,4,9998
178,17,6,6,2
178,17,3,3,2
178,17,4,"1,6",2
178,17,1,[NULL],9990
178,17,2,[NULL],9996
178,17,5,[NULL],9996
178,17,0,[NULL],9996
179,16,2,5,2
179,16,1,[NULL],9996
179,16,3,[NULL],9997
179,16,0,[NULL],9997
180,15,1,1,2
180,15,2,4,2
180,15,0,[NULL],9997
181,14,4,0,2
181,14,3,"0,2",2
181,14,2,2,9998
181,14,1,0,9998
181,14,0,[NULL],9998
182,13,0,[NULL],9996
182,13,1,5,9998
182,13,2,"4,5",9998
183,12,1,2,4
183,12,0,[NULL],9989
183,12,2,[NULL],9995
184,11,2,[NULL],9994
184,11,1,[NULL],9995
184,11,0,2,9998
185,10,2,[NULL],9995
185,10,"0,1",[NULL],9995
185,10,1,2,9997
186,9,2,[NULL],9996
186,9,1,[NULL],9996
186,9,0,[NULL],9996
187,8,1,1,2
187,8,4,[NULL],9994
187,8,3,[NULL],9996
187,8,2,[NULL],9996
187,8,0,[NULL],9996
188,7,2,[NULL],9991
188,7,4,[NULL],9994
188,7,3,2,9997
188,7,0,1,9998
188,7,1,2,9998
189,6,0,[NULL],9996
190,5,0,0,9998
191,4,0,0,9998
3,193,0,[NULL],9000
7,189,0,[NULL],9000
15,181,0,[NULL],9000
130,66,0,[NULL],9000
134,62,0,[NULL],9000
136,60,0,[NULL],9992
139,57,0,0,2
140,56,0,0,9998
141,55,0,0,4
142,54,0,[NULL],9994
143,53,1,1,2
143,53,0,0,2
144,52,0,0,9998
149,47,0,0,2
150,46,1,0,2
150,46,0,0,9998
151,45,0,1,9998
152,44,0,0,2
153,43,1,2,2
153,43,0,0,9998
154,42,0,"1,2",9997
156,40,0,3,2
157,39,0,1,9998
159,37,2,4,2
159,37,1,0,2
159,37,0,1,9998
160,36,1,4,2
160,36,0,"0,2",9997
160,36,2,1,9998
161,35,0,1,9997
162,34,0,4,2
163,33,0,4,2
163,33,1,1,9998
164,32,1,3,2
164,32,0,2,9998
165,31,0,2,9997
166,30,1,3,2
166,30,0,3,9997
167,29,1,1,2
167,29,0,[NULL],9000
169,27,1,0,2
169,27,0,0,9997
170,26,0,0,2
170,26,2,1,2
170,26,1,2,9998
171,25,1,"1,2",9997
171,25,0,[NULL],9997
171,25,2,2,9998
172,24,"4,5",0,2
172,24,6,3,2
172,24,3,4,2
172,24,5,3,4
172,24,1,2,9997
172,24,0,"3,4",9998
172,24,2,3,9998
173,23,"5,7",2,2
173,23,"1,7",2,3
173,23,6,[NULL],9000
173,23,4,[NULL],9000
173,23,7,[NULL],9000
173,23,3,[NULL],9975
173,23,0,"3,4",9998
173,23,2,2,9998
174,22,3,2,2
174,22,1,"0,2",2
174,22,2,[NULL],9995
174,22,0,"0,5",9997
175,21,2,4,2
175,21,0,[NULL],9988
175,21,3,[NULL],9994
175,21,1,0,9998
176,20,2,1,2
176,20,4,3,2
176,20,3,[NULL],9995
176,20,0,[NULL],9996
176,20,1,3,9998
177,19,0,[NULL],9996
178,18,0,4,3
179,17,0,5,9998
180,16,2,2,2
180,16,0,1,2
180,16,3,5,9997
180,16,1,[NULL],9997
181,15,5,1,2
181,15,4,"1,2",2
181,15,6,[NULL],9991
181,15,7,[NULL],9995
181,15,3,[NULL],9996
181,15,1,[NULL],9997
181,15,2,"2,4",9998
181,15,0,[NULL],9998
182,14,2,[NULL],9988
182,14,1,2,9996
182,14,3,[NULL],9996
182,14,0,[NULL],9998
183,13,2,0,2
183,13,3,[NULL],9995
183,13,1,0,9998
183,13,0,[NULL],9998
184,12,4,[NULL],9000
184,12,2,[NULL],9994
184,12,3,[NULL],9996
184,12,1,"2,4",9998
184,12,0,3,9998
185,11,0,3,9996
185,11,1,[NULL],9996
186,10,0,[NULL],9997
187,9,1,0,2
187,9,2,"1,2",2
187,9,3,[NULL],9995
187,9,0,[NULL],9997
188,8,1,[NULL],9995
188,8,3,[NULL],9995
188,8,0,1,9998
188,8,2,3,9998
189,7,0,0,2
189,7,1,[NULL],9997
190,6,0,0,2
190,6,1,2,9998
191,5,1,[NULL],9993
191,5,0,1,9998
192,4,0,[NULL],9000
3,194,0,[NULL],9000
7,190,0,[NULL],9000
15,182,0,[NULL],9000
134,63,0,[NULL],9000
139,58,0,0,2
140,57,0,1,4
141,56,0,1,4
142,55,0,[NULL],9994
143,54,0,0,2
144,53,0,0,3
148,49,0,0,3
149,48,0,0,2
150,47,1,0,2
150,47,0,0,9997
151,46,1,1,9998
151,46,0,2,9998
152,45,0,0,2
153,44,0,2,9998
153,44,1,1,9998
154,43,0,0,9996
155,42,1,0,3
155,42,0,1,9998
156,41,1,0,2
156,41,0,0,9998
157,40,1,2,9998
157,40,0,1,9998
158,39,1,0,2
158,39,0,1,9998
159,38,1,2,2
159,38,0,1,9998
160,37,1,"0,4",3
160,37,2,3,9998
160,37,0,1,9998
161,36,0,2,9998
162,35,1,1,2
162,35,0,1,9998
163,34,2,0,2
163,34,1,2,9998
163,34,0,1,9998
164,33,0,0,4
164,33,3,5,9998
164,33,1,"1,4",9998
164,33,2,2,9998
165,32,0,1,4
165,32,1,1,9998
166,31,0,0,9997
166,31,1,1,9998
167,30,1,"0,1",9996
167,30,2,2,9998
167,30,0,0,9998
168,29,0,0,4
168,29,1,2,9998
169,28,2,1,2
169,28,1,"0,1",3
169,28,0,1,9998
170,27,2,2,2
170,27,1,2,9996
170,27,0,0,9998
170,27,3,2,9998
171,26,"3,4",0,2
171,26,4,"0,2",2
171,26,"0,1",2,3
171,26,1,0,9996
171,26,2,1,9997
172,25,"3,4",0,2
172,25,2,2,2
172,25,4,3,4
172,25,0,[NULL],9000
172,25,5,[NULL],9995
172,25,6,1,9997
172,25,1,1,9998
173,24,2,2,5
173,24,4,[NULL],9955
173,24,0,4,9998
173,24,3,3,9998
173,24,1,1,9998
174,23,0,1,2
174,23,1,[NULL],9996
175,22,3,1,2
175,22,2,5,9998
175,22,0,[NULL],9998
175,22,1,[NULL],9998
176,21,3,[NULL],9994
176,21,1,[NULL],9995
176,21,0,[NULL],9996
176,21,2,[NULL],9997
177,20,2,[NULL],9995
177,20,0,[NULL],9997
177,20,1,2,9998
178,19,5,0,2
178,19,4,[NULL],9995
178,19,2,2,9997
178,19,3,[NULL],9997
178,19,1,[NULL],9997
178,19,0,[NULL],9997
179,18,6,[NULL],9993
179,18,5,[NULL],9995
179,18,4,[NULL],9997
179,18,2,"1,2,3",9998
179,18,3,"1,2",9998
179,18,0,[NULL],9998
179,18,1,[NULL],9998
180,17,"2,4",2,2
180,17,4,[NULL],9993
180,17,3,[NULL],9996
180,17,1,[NULL],9997
180,17,0,[NULL],9998
181,16,3,[NULL],9996
181,16,5,4,9997
181,16,1,[NULL],9997
181,16,2,[NULL],9997
181,16,"0,4",[NULL],9997
181,16,4,6,9998
182,15,0,1,2
182,15,4,[NULL],9997
182,15,3,7,9998
182,15,2,5,9998
182,15,1,"3,4",9998
183,14,"2,4",1,2
183,14,3,0,2
183,14,1,[NULL],9988
183,14,4,2,9998
183,14,0,[NULL],9998
184,13,2,0,3
184,13,1,[NULL],9995
184,13,4,2,9998
184,13,0,0,9998
184,13,3,1,9998
185,12,0,4,9998
185,12,1,"3,4",9998
185,12,2,"0,1,4",9998
186,11,2,4,9997
186,11,0,[NULL],9998
186,11,1,[NULL],9998
187,10,1,0,2
187,10,3,2,2
187,10,2,3,3
187,10,0,[NULL],9998
188,9,4,[NULL],9996
188,9,2,[NULL],9996
188,9,3,2,9998
188,9,0,[NULL],9998
188,9,1,[NULL],9998
189,8,2,1,2
189,8,1,[NULL],9000
189,8,3,3,9998
189,8,0,[NULL],9998
190,7,1,0,2
190,7,3,[NULL],9000
190,7,2,[NULL],9996
190,7,0,[NULL],9998
191,6,2,[NULL],9996
191,6,1,3,9998
191,6,0,[NULL],9998
192,5,0,[NULL],9996
3,195,0,[NULL],9000
7,191,0,[NULL],9000
15,183,0,[NULL],9000
134,64,0,[NULL],9000
141,57,0,0,4
142,56,1,[NULL],9994
142,56,0,0,9997
143,55,0,0,9998
146,52,0,[NULL],9996
147,51,0,0,4
148,50,0,1,4
149,49,0,[NULL],9996
150,48,1,1,2
150,48,2,0,2
150,48,0,[NULL],9996
151,47,0,0,4
151,47,1,0,9998
152,46,2,0,2
152,46,1,1,2
152,46,0,1,4
153,45,"1,2",0,3
153,45,2,[NULL],9996
153,45,3,2,9998
153,45,0,1,9998
154,44,1,0,2
154,44,0,1,9998
155,43,0,0,2
156,42,2,1,2
156,42,1,0,2
156,42,0,0,4
157,41,1,0,2
157,41,2,0,9998
157,41,0,1,9998
158,40,1,0,2
158,40,0,[NULL],9996
159,39,3,2,2
159,39,1,0,2
159,39,"0,2",0,3
159,39,2,3,4
160,38,2,0,2
160,38,1,0,3
160,38,3,1,9998
160,38,0,[NULL],9998
161,37,1,0,2
161,37,0,[NULL],9996
162,36,2,1,2
162,36,1,0,2
162,36,0,0,9997
163,35,5,3,2
163,35,"1,4",1,2
163,35,2,2,2
163,35,4,3,4
163,35,"0,3",[NULL],9996
163,35,3,0,9998
164,34,1,1,2
164,34,2,0,3
164,34,"0,3",0,4
164,34,4,2,9998
164,34,3,1,9998
165,33,1,1,2
165,33,3,0,3
165,33,2,[NULL],9996
165,33,0,1,9997
166,32,2,2,2
166,32,0,0,2
166,32,1,[NULL],9996
167,31,2,1,2
167,31,"0,1",0,4
167,31,1,[NULL],9000
168,30,1,0,2
168,30,0,0,3
169,29,0,0,2
169,29,2,3,2
169,29,1,[NULL],9996
170,28,"1,2",1,3
170,28,2,[NULL],9996
170,28,4,[NULL],9996
170,28,0,[NULL],9996
170,28,3,1,9998
171,27,1,1,2
171,27,2,1,3
171,27,0,2,5
172,26,4,0,2
172,26,3,3,2
172,26,1,1,2
172,26,0,2,4
172,26,2,0,9998
173,25,"0,5",0,3
173,25,3,[NULL],9996
173,25,1,[NULL],9996
173,25,4,1,9998
173,25,5,3,9998
173,25,2,"0,3",9998
174,24,5,2,2
174,24,3,[NULL],2
174,24,4,[NULL],9996
174,24,1,3,9997
174,24,0,2,9998
174,24,2,"1,2",9998
175,23,2,0,9997
175,23,0,[NULL],9997
175,23,1,2,9998
176,22,2,1,2
176,22,0,[NULL],9996
176,22,1,[NULL],9996
177,21,3,[NULL],9995
177,21,1,[NULL],9996
177,21,4,[NULL],9996
177,21,2,3,9998
177,21,0,[NULL],9998
178,20,"1,2,3",2,2
178,20,3,"2,3",2
178,20,2,[NULL],9996
178,20,0,[NULL],9996
179,19,5,3,3
179,19,"2,3",[NULL],9978
179,19,3,[NULL],9996
179,19,1,[NULL],9996
179,19,0,[NULL],9996
179,19,4,[NULL],9996
180,18,6,4,2
180,18,2,[NULL],9996
180,18,3,[NULL],9997
180,18,0,[NULL],9998
180,18,1,[NULL],9998
180,18,4,[NULL],9998
180,18,5,[NULL],9998
181,17,7,3,2
181,17,5,2,2
181,17,"3,4",1,2
181,17,1,[NULL],9991
181,17,2,[NULL],9997
181,17,4,[NULL],9997
181,17,0,[NULL],9998
181,17,6,[NULL],9998
182,16,2,4,2
182,16,1,[NULL],9997
182,16,0,[NULL],9998
183,15,2,4,2
183,15,0,0,2
183,15,1,3,2
184,14,4,0,2
184,14,3,"0,1",2
184,14,"0,1","0,2",2
184,14,2,4,9998
184,14,1,"1,4",9998
184,14,5,5,9998
185,13,4,[NULL],9995
185,13,"0,3",[NULL],9997
185,13,3,4,9998
185,13,2,"2,5,6",9998
185,13,1,"1,3",9998
186,12,4,[NULL],9997
186,12,"2,3",[NULL],9997
186,12,"0,3",[NULL],9997
186,12,1,"1,4",9998
186,12,3,3,9998
187,11,2,3,2
187,11,3,[NULL],9996
187,11,4,[NULL],9997
187,11,1,[NULL],9997
187,11,0,"0,3",9998
188,10,3,3,2
188,10,2,[NULL],9996
188,10,0,[NULL],9997
188,10,1,2,9998
189,9,5,[NULL],9000
189,9,1,[NULL],9993
189,9,4,[NULL],9996
189,9,2,[NULL],9997
189,9,3,[NULL],9997
189,9,0,[NULL],9997
190,8,3,1,2
190,8,2,[NULL],9992
190,8,1,[NULL],9997
190,8,4,[NULL],9997
190,8,0,1,9998
191,7,2,[NULL],9000
191,7,1,[NULL],9996
191,7,0,3,9998
192,6,1,[NULL],9996
192,6,0,[NULL],9996
3,196,0,[NULL],9000
7,192,0,[NULL],9000
15,184,0,[NULL],9000
134,65,0,[NULL],9000
138,61,0,[NULL],9997
142,57,0,0,2
142,57,1,[NULL],9994
143,56,0,0,9998
149,50,0,0,3
150,49,0,1,2
151,48,0,0,9998
152,47,2,3,2
152,47,1,0,2
152,47,0,1,9998
153,46,1,0,2
153,46,2,1,9998
153,46,0,0,9998
154,45,0,[NULL],9997
156,43,0,2,2
156,43,1,0,2
157,42,0,1,9998
159,40,1,3,2
159,40,0,[NULL],2
160,39,0,1,9998
162,37,0,3,2
163,36,2,4,2
163,36,1,3,2
163,36,0,[NULL],9997
164,35,0,[NULL],9997
164,35,1,2,9998
165,34,0,0,3
169,30,1,3,2
169,30,0,3,9998
170,29,1,2,3
170,29,0,[NULL],9997
170,29,2,3,9998
171,28,0,2,2
171,28,1,6,3
172,27,1,4,2
172,27,3,5,2
172,27,0,"2,5",2
172,27,2,2,9998
173,26,2,0,2
173,26,1,"0,2",2
173,26,0,[NULL],9995
173,26,3,2,9998
174,25,2,1,2
174,25,0,[NULL],9997
174,25,1,2,9998
175,24,2,[NULL],9997
175,24,1,2,9998
175,24,0,[NULL],9998
176,23,3,2,2
176,23,4,[NULL],9000
176,23,2,[NULL],9000
176,23,1,[NULL],9997
176,23,0,[NULL],9997
177,22,2,2,3
177,22,"0,3",[NULL],3
177,22,3,[NULL],9000
177,22,1,[NULL],9995
178,21,1,[NULL],9992
178,21,0,[NULL],9998
179,20,6,[NULL],2
179,20,4,[NULL],9000
179,20,3,[NULL],9995
179,20,5,[NULL],9997
179,20,"1,2",[NULL],9997
179,20,0,[NULL],9997
179,20,2,2,9998
180,19,4,5,3
180,19,1,[NULL],9994
180,19,6,[NULL],9996
180,19,3,[NULL],9996
180,19,5,[NULL],9997
180,19,2,[NULL],9997
180,19,0,[NULL],9997
181,18,2,1,4
181,18,5,[NULL],9994
181,18,"1,3",[NULL],9996
181,18,4,[NULL],9997
181,18,3,"2,4",9998
181,18,0,[NULL],9998
182,17,4,[NULL],9997
182,17,3,4,9998
182,17,2,5,9998
182,17,0,[NULL],9998
182,17,1,[NULL],9998
183,16,4,2,2
183,16,1,"1,2",2
183,16,5,5,2
183,16,3,[NULL],9997
183,16,2,[NULL],9997
183,16,0,[NULL],9998
184,15,4,0,2
184,15,"2,5,6",2,2
184,15,"1,3",1,2
184,15,3,0,4
184,15,6,[NULL],9997
184,15,5,1,9998
184,15,0,[NULL],9998
185,14,"1,4",1,2
185,14,3,0,2
185,14,4,2,3
185,14,2,[NULL],9997
185,14,0,[NULL],9998
186,13,"0,3",0,2
186,13,"2,3",[NULL],9997
186,13,1,[NULL],9997
186,13,3,2,9998
187,12,2,1,2
187,12,1,[NULL],9997
187,12,0,2,9998
188,11,0,[NULL],9997
189,10,1,0,2
189,10,0,[NULL],9996
190,9,3,0,2
190,9,1,[NULL],9996
190,9,2,[NULL],9996
190,9,0,[NULL],9997
191,8,4,[NULL],9000
191,8,3,[NULL],9994
191,8,2,[NULL],9996
191,8,0,[NULL],9997
191,8,1,7,9998
192,7,0,[NULL],9996
192,7,1,[NULL],9996
194,5,0,[NULL],9997
3,197,0,[NULL],9000
7,193,0,[NULL],9000
15,185,0,[NULL],9000
134,66,0,[NULL],9000
138,62,0,[NULL],9997
141,59,0,0,3
142,58,0,0,2
142,58,1,[NULL],9994
143,57,0,[NULL],9996
150,50,0,0,2
151,49,1,0,2
151,49,0,[NULL],9998
152,48,1,2,2
152,48,0,0,2
153,47,0,0,4
153,47,1,[NULL],9998
156,44,1,0,2
156,44,0,[NULL],9998
157,43,0,[NULL],9998
157,43,1,[NULL],9998
157,43,2,[NULL],9998
158,42,0,[NULL],9998
159,41,1,0,2
159,41,0,[NULL],9998
160,40,0,[NULL],9998
160,40,1,[NULL],9998
161,39,0,0,3
161,39,1,[NULL],9998
162,38,0,[NULL],9998
162,38,1,[NULL],9998
163,37,2,1,2
163,37,1,[NULL],9997
163,37,0,[NULL],9998
164,36,1,0,3
164,36,0,[NULL],9998
164,36,2,[NULL],9998
165,35,0,[NULL],9998
166,34,"0,1",1,4
166,34,1,[NULL],9998
166,34,2,[NULL],9998
167,33,0,[NULL],9998
167,33,1,[NULL],9998
167,33,2,[NULL],9998
168,32,3,0,2
168,32,4,[NULL],9000
168,32,1,[NULL],9996
168,32,0,[NULL],9998
168,32,2,[NULL],9998
169,31,3,2,2
169,31,2,1,4
169,31,0,[NULL],9998
169,31,1,[NULL],9998
170,30,0,1,4
170,30,1,[NULL],9998
170,30,2,[NULL],9998
171,29,2,2,2
171,29,0,[NULL],9996
171,29,1,[NULL],9998
172,28,2,3,2
172,28,1,[NULL],9996
172,28,0,[NULL],9998
173,27,2,1,2
173,27,3,1,3
173,27,1,[NULL],9000
173,27,4,[NULL],9997
173,27,0,[NULL],9998
174,26,2,1,2
174,26,0,2,3
174,26,4,[NULL],9000
174,26,1,[NULL],9996
174,26,3,[NULL],9997
175,25,2,[NULL],9961
175,25,1,[NULL],9996
175,25,0,[NULL],9998
175,25,3,[NULL],9998
176,24,1,[NULL],9996
176,24,0,[NULL],9997
177,23,3,[NULL],9974
177,23,2,[NULL],9995
177,23,0,[NULL],9998
177,23,1,[NULL],9998
178,22,2,2,2
178,22,1,[NULL],9996
178,22,0,[NULL],9998
178,22,3,[NULL],9998
179,21,0,[NULL],9998
179,21,1,[NULL],9998
179,21,2,[NULL],9998
179,21,3,[NULL],9998
180,20,"2,4",3,2
180,20,4,[NULL],9993
180,20,3,[NULL],9997
180,20,0,[NULL],9998
180,20,1,[NULL],9998
181,19,4,3,2
181,19,5,2,2
181,19,2,[NULL],9997
181,19,1,[NULL],9997
181,19,0,[NULL],9998
181,19,3,[NULL],9998
182,18,3,[NULL],9995
182,18,"4,5",[NULL],9997
182,18,5,[NULL],9997
182,18,0,[NULL],9998
182,18,1,[NULL],9998
182,18,2,[NULL],9998
183,17,1,5,2
183,17,3,[NULL],9989
183,17,0,[NULL],9998
183,17,2,[NULL],9998
184,16,3,[NULL],9995
184,16,2,[NULL],9997
184,16,1,[NULL],9997
184,16,0,[NULL],9998
185,15,2,3,2
185,15,1,[NULL],9996
185,15,3,[NULL],9996
185,15,0,[NULL],9998
186,14,2,0,2
186,14,3,[NULL],3
186,14,0,[NULL],9996
186,14,1,[NULL],9997
187,13,4,[NULL],9000
187,13,5,[NULL],9994
187,13,2,[NULL],9996
187,13,0,[NULL],9998
187,13,1,[NULL],9998
187,13,3,[NULL],9998
188,12,"4,5",[NULL],9994
188,12,5,[NULL],9996
188,12,0,[NULL],9998
188,12,1,[NULL],9998
188,12,2,[NULL],9998
188,12,3,[NULL],9998
189,11,6,[NULL],9000
189,11,"3,4",[NULL],9997
189,11,"4,5",[NULL],9997
189,11,5,[NULL],9997
189,11,0,[NULL],9997
189,11,1,[NULL],9998
189,11,2,[NULL],9998
190,10,7,1,2
190,10,5,[NULL],9991
190,10,6,[NULL],9995
190,10,4,[NULL],9997
190,10,2,[NULL],9997
190,10,3,[NULL],9997
190,10,0,[NULL],9998
190,10,1,[NULL],9998
191,9,3,[NULL],9000
191,9,1,[NULL],9993
191,9,2,[NULL],9994
191,9,0,[NULL],9998
192,8,1,[NULL],9996
192,8,0,[NULL],9998
193,7,0,[NULL],9000
194,6,"0,1",[NULL],9993
194,6,2,[NULL],9993
194,6,1,[NULL],9997
195,5,1,[NULL],9993
195,5,0,[NULL],9996
