index,mon,stem,s,d2
0,0,0,0,""
0,"1,1,0",1,1,""
0,"2,1,0",3,1,""
0,1,3,2,""
0,"0,1,1",3,3,""
0,"0,2,1",3,4,""
0,"0,3,1",3,5,""
0,"2,2,0",6,2,""
0,"3,1,0",7,1,""
0,"0,4,1",3,6,""
0,"0,5,1",3,7,""
0,2,7,3,""
0,"1,1,3,1,0",8,2,""
0,"0,6,1",3,8,""
0,"0,1,2",7,4,""
0,"0,7,1",3,9,""
0,"0,2,2",7,5,""
0,"1,1,2",8,4,""
0,"0,8,1",3,10,""
0,"0,3,2",7,6,""
0,"3,1,1",10,3,""
0,"0,9,1",3,11,""
0,"0,4,2",7,7,""
0,"5,1,0",9,5,""
0,"0,1,3,1,1",10,4,""
0,"0,10,1",3,12,""
0,"0,5,2",7,8,""
0,"0,2,3,1,1",10,5,""
0,3,14,1,""
0,"0,11,1",3,13,""
0,"0,6,2",7,9,""
0,"1,1,5,1,0",10,6,""
0,"0,1,3",14,2,""
1,"3,2,0",14,2,""
0,"7,1,0",15,1,""
0,"0,12,1",3,14,""
0,"0,7,2",7,10,""
0,"0,2,3",14,3,""
0,"1,1,3",15,2,""
0,"0,13,1",3,15,""
0,"0,8,2",7,11,""
0,"3,1,2",14,4,""
0,4,15,3,""
0,"1,1,7,1,0",16,2,""
0,"0,14,1",3,16,""
0,"0,9,2",7,12,""
0,"0,1,3,1,2",14,5,""
0,"1,2,3",16,3,""
0,"2,1,3",17,2,""
0,"0,15,1",3,17,""
0,"0,10,2",7,13,""
0,"0,2,3,1,2",14,6,""
0,"0,1,2,1,3",17,3,""
0,"2,1,7,1,0",18,2,""
0,"0,16,1",3,18,""
0,"0,11,2",7,14,""
0,"6,1,1",14,7,""
0,"9,1,0",17,4,""
0,"7,1,1",18,3,""
0,"0,17,1",3,19,""
0,"0,12,2",7,15,""
0,"0,1,7,1,1",18,4,""
1,"10,1,0",18,4,""
0,"11,1,0",19,3,""
0,"0,18,1",3,20,""
0,"0,13,2",7,16,""
0,"0,2,7,1,1",18,5,""
0,"2,2,3",20,3,""
0,"3,1,3",21,2,""
0,"0,19,1",3,21,""
0,"0,14,2",7,17,""
0,"5,1,2",16,8,""
0,"0,3,7,1,1",18,6,""
0,"13,1,0",20,4,""
0,"0,1,3,1,3",21,3,""
1,"2,2,7,1,0",21,3,""
0,"0,20,1",3,22,""
0,"0,15,2",7,18,""
0,"0,4,7,1,1",18,7,""
0,"0,2,3,1,3",21,4,""
0,"1,1,3,1,3",22,3,""
0,"0,21,1",3,23,""
0,"0,16,2",7,19,""
0,"14,1,0",17,9,""
0,"0,5,7,1,1",18,8,""
0,"3,2,2",21,5,""
1,"1,1,13,1,0",21,5,""
0,"7,1,2",22,4,""
1,"2,1,11,1,0",22,4,""
0,"0,22,1",3,24,""
0,"0,17,2",7,20,""
0,"0,6,7,1,1",18,9,""
0,"0,1,7,1,2",22,5,""
0,"1,2,3,1,3",23,4,""
0,"0,23,1",3,25,""
0,"0,18,2",7,21,""
0,"1,1,14,1,0",18,10,""
0,"0,2,7,1,2",22,6,""
0,"2,1,13,1,0",23,5,""
0,"0,24,1",3,26,""
0,"0,19,2",7,22,""
0,"0,3,7,1,2",22,7,""
0,"5,1,3",23,6,""
0,"0,25,1",3,27,""
0,"0,20,2",7,23,""
0,"0,4,7,1,2",22,8,""
0,"0,26,1",3,28,""
0,"0,21,2",7,24,""
0,"0,5,7,1,2",22,9,""
0,"9,1,2",24,7,""
0,"3,2,3",28,3,""
0,"0,27,1",3,29,""
0,"0,22,2",7,25,""
0,"0,6,7,1,2",22,10,""
0,"7,2,0",30,2,""
0,"18,1,0",31,1,""
0,"0,28,1",3,30,""
0,"0,23,2",7,26,""
0,"15,1,1",22,11,""
0,5,29,4,""
0,"0,29,1",3,31,""
0,"0,24,2",7,27,""
0,6,26,8,""
0,7,30,4,""
0,"1,1,7,2,0",31,3,""
0,"1,1,18,1,0",32,2,""
0,"0,30,1",3,32,""
0,"0,25,2",7,28,""
0,"17,1,1",26,9,""
0,"0,31,1",3,33,""
0,"0,26,2",7,29,""
0,"14,1,2",24,12,""
0,"0,1,17,1,1",26,10,""
0,"23,1,0",30,6,""
0,8,31,5,""
1,"9,1,3",31,5,""
2,"24,1,0",31,5,""
0,"25,1,0",32,4,""
0,9,33,3,""
0,"2,1,18,1,0",34,2,""
0,"0,32,1",3,34,""
0,"0,27,2",7,30,""
0,"0,2,17,1,1",26,11,""
0,"10,1,3",32,5,""
0,"11,1,3",33,4,""
1,"7,2,1",33,4,""
0,"18,1,1",34,3,0
0,"0,33,1",3,35,""
0,"0,28,2",7,31,""
0,"27,1,0",25,13,""
0,"0,3,17,1,1",26,12,""
0,"28,1,0",32,6,""
0,"0,1,7,2,1",33,5,""
0,"0,1,18,1,1",34,4,1
0,"0,34,1",3,36,""
0,"0,29,2",7,32,""
0,"0,4,17,1,1",26,13,""
0,10,30,9,""
0,11,33,6,""
1,"0,2,7,2,1",33,6,""
0,"13,1,3",34,5,""
1,"0,2,18,1,1",34,5,1
0,12,37,2,0
0,"0,35,1",3,37,""
0,"0,30,2",7,33,""
0,"1,1,27,1,0",26,14,""
0,"17,1,2",30,10,""
0,"0,1,11",33,7,""
1,"1,1,28,1,0",33,7,""
0,"0,3,18,1,1",34,6,""
1,"2,1,24,1,0",34,6,""
0,"2,1,25,1,0",35,5,""
0,13,36,4,""
0,"0,1,12",37,3,"0,1"
1,"2,2,18,1,0",37,3,""
0,"3,1,18,1,0",38,2,""
0,"0,36,1",3,38,""
0,"0,31,2",7,34,""
0,"0,1,17,1,2",30,11,""
0,"14,1,3",31,10,""
0,"23,1,1",33,8,""
0,"0,4,18,1,1",34,7,""
0,"1,1,13,1,3",35,6,""
0,"3,1,5",36,5,""
1,"2,1,11,1,3",36,5,""
0,"0,2,12",37,4,""
0,"1,1,12",38,3,1
0,"0,37,1",3,39,""
0,"0,32,2",7,35,""
0,"0,2,17,1,2",30,12,""
0,"0,1,23,1,1",33,9,""
0,"0,5,18,1,1",34,8,""
0,"32,1,0",35,7,""
0,"33,1,0",36,6,""
0,"7,2,2",37,5,""
1,"34,1,0",37,5,""
0,"18,1,2",38,4,0
1,"35,1,0",38,4,""
0,"1,1,3,1,18,1,0",39,3,""
0,"0,38,1",3,40,""
0,"0,33,2",7,36,""
0,"0,3,17,1,2",30,13,""
0,"19,1,2",32,11,""
0,"0,2,23,1,1",33,10,""
0,"0,6,18,1,1",34,9,""
0,"0,1,7,2,2",37,6,""
0,"0,1,18,1,2",38,5,1
0,"1,2,12",39,4,2
0,"0,39,1",3,41,""
0,"0,34,2",7,37,""
0,"0,4,17,1,2",30,14,""
0,"0,3,23,1,1",33,11,""
0,"0,7,18,1,1",34,10,""
0,14,37,7,""
1,"1,1,33,1,0",37,7,""
0,"0,2,18,1,2",38,6,""
1,"36,1,0",38,6,""
2,"1,1,34,1,0",38,6,""
0,"1,1,18,1,2",39,5,""
0,"37,1,0",40,4,""
0,"38,1,0",41,3,""
0,"0,40,1",3,42,""
0,"0,35,2",7,38,""
0,"30,1,1",30,15,""
0,"39,1,0",33,12,""
0,"0,8,18,1,1",34,11,""
0,"17,1,3",37,8,""
0,"0,3,18,1,2",38,7,""
0,15,39,6,0
0,16,40,5,""
0,"3,1,18,1,1",41,4,""
0,"0,41,1",3,43,""
0,"0,36,2",7,39,""
0,"0,9,18,1,1",34,12,""
0,"23,1,2",37,9,""
0,"1,1,14",38,8,""
1,"0,4,18,1,2",38,8,""
0,"1,1,36,1,0",39,7,""
0,"0,1,16",40,6,""
1,"5,1,18,1,0",40,6,""
0,"0,1,3,1,18,1,1",41,5,""
0,"0,42,1",3,44,""
0,"0,37,2",7,40,""
0,"0,10,18,1,1",34,13,""
0,"0,1,23,1,2",37,10,""
0,"0,5,18,1,2",38,9,""
0,"1,1,15",40,7,0
1,"34,1,1",40,7,""
0,"0,2,3,1,18,1,1",41,6,""
0,"3,1,12",44,3,0
0,"18,1,3",45,2,""
0,"0,43,1",3,45,""
0,"0,38,2",7,41,""
0,"27,1,2",32,16,""
0,"0,11,18,1,1",34,14,""
0,"0,2,23,1,2",37,11,""
0,"0,6,18,1,2",38,10,""
0,"42,1,0",39,9,""
0,"0,1,34,1,1",40,8,""
1,"13,2,0",40,8,""
0,17,41,7,0
1,"1,1,5,1,18,1,0",41,7,""
0,"3,1,13",43,5,""
0,"0,1,3,1,12",44,4,0
1,"43,1,0",44,4,""
0,"0,1,18,1,3",45,3,""
1,"3,2,18,1,0",45,3,""
0,"0,44,1",3,46,""
0,"0,39,2",7,42,""
0,"0,12,18,1,1",34,15,""
0,"0,3,23,1,2",37,12,""
0,"0,7,18,1,2",38,11,""
0,"0,2,34,1,1",40,9,""
0,"36,1,1",41,8,0
0,"37,1,1",43,6,""
0,18,44,5,""
0,"0,2,18,1,3",45,4,""
0,"1,1,18,1,3",46,3,""
0,"0,45,1",3,47,""
0,"0,40,2",7,43,""
0,"44,1,0",33,17,""
0,"0,13,18,1,1",34,16,""
0,"40,1,1",37,13,""
0,"0,8,18,1,2",38,12,""
0,"1,1,42,1,0",40,10,""
0,"0,1,18",44,6,""
0,"3,1,18,1,2",45,5,""
1,"1,1,43,1,0",45,5,""
0,"18,1,4",46,4,""
0,"0,46,1",3,48,""
0,"0,41,2",7,44,""
0,"0,14,18,1,1",34,17,""
0,"0,9,18,1,2",38,13,""
0,"0,2,18",44,7,""
1,"23,1,3",44,7,""
0,19,45,6,0
1,"1,1,18",45,6,""
2,"24,1,3",45,6,""
3,"0,1,3,1,18,1,2",45,6,""
0,"25,1,3",46,5,""
0,20,47,4,""
1,"1,2,18,1,3",47,4,""
0,21,48,3,1
1,"2,1,18,1,3",48,3,""
0,"0,47,1",3,49,""
0,"0,42,2",7,45,""
0,"1,1,44,1,0",34,18,""
0,"0,10,18,1,2",38,14,""
0,"34,1,2",44,8,""
0,"0,1,19",45,7,0
1,"0,2,3,1,18,1,2",45,7,""
0,22,47,5,""
1,"26,1,3",47,5,""
2,"2,1,43,1,0",47,5,""
0,"0,1,21",48,4,0
1,"0,1,2,1,18,1,3",48,4,""
2,"3,1,38,1,0",48,4,""
0,"0,48,1",3,50,""
0,"0,43,2",7,46,""
0,"0,11,18,1,2",38,15,""
0,"27,1,3",39,14,""
0,"0,1,34,1,2",44,9,""
0,"0,2,19",45,8,0
1,"6,1,18,1,1",45,8,""
0,"28,1,3",46,7,""
1,"48,1,0",46,7,""
0,"0,1,26,1,3",47,6,""
1,"43,1,1",47,6,""
0,23,48,5,""
1,"1,1,20",48,5,""
2,"9,1,18,1,0",48,5,""
0,24,49,4,0
0,"0,49,1",3,51,""
0,"0,44,2",7,47,""
0,"0,12,18,1,2",38,16,""
0,"0,2,34,1,2",44,10,""
0,"36,1,2",45,9,0
1,"51,1,0",45,9,""
0,"52,1,0",46,8,""
0,"0,1,43,1,1",47,7,""
0,"1,1,22",48,6,""
0,"10,1,18,1,0",49,5,""
0,"11,1,18,1,0",50,4,""
0,"0,50,1",3,52,""
0,"0,45,2",7,48,""
0,"0,13,18,1,2",38,17,""
0,"39,1,2",40,15,""
0,"0,3,34,1,2",44,11,""
0,"1,1,28,1,3",47,8,""
1,"1,1,48,1,0",47,8,""
0,"53,1,0",48,7,""
0,"3,2,12",51,4,""
1,"2,2,18,1,3",51,4,""
0,"3,1,18,1,3",52,3,""
0,"0,51,1",3,53,""
0,"0,46,2",7,49,""
0,"0,14,18,1,2",38,18,""
0,25,49,7,""
0,"54,1,0",50,6,""
0,"3,1,43,1,0",51,5,""
0,"0,1,3,1,18,1,3",52,4,""
0,"0,52,1",3,54,""
0,"0,47,2",7,50,""
0,"47,1,1",38,19,""
0,26,47,10,0
0,"32,1,3",49,8,""
0,"33,1,3",50,7,""
0,"2,1,23",51,6,""
1,"34,1,3",51,6,""
0,"35,1,3",52,5,""
1,"0,2,3,1,18,1,3",52,5,""
2,"57,1,0",52,5,""
0,"1,1,3,1,18,1,3",53,4,""
0,"0,53,1",3,55,""
0,"0,48,2",7,51,""
0,27,42,16,""
0,"42,1,2",46,12,""
0,"43,1,2",51,7,""
0,"3,2,18,1,2",52,6,""
1,"1,1,3,1,43,1,0",52,6,""
0,28,53,5,""
1,"2,1,11,1,18,1,0",53,5,""
0,"0,54,1",3,56,""
0,"0,49,2",7,52,""
0,"50,1,1",42,17,""
0,"5,1,15",48,11,0
0,"0,1,43,1,2",51,8,""
1,"2,1,53,1,0",51,8,""
0,"36,1,3",52,7,1
0,"1,1,35,1,3",53,6,""
0,"37,1,3",54,5,""
1,"1,2,3,1,18,1,3",54,5,""
0,"38,1,3",55,4,0
0,"0,55,1",3,57,""
0,"0,50,2",7,53,""
0,"44,1,2",40,20,""
0,"0,1,50,1,1",42,18,""
0,"59,1,0",47,13,""
0,"13,1,23,1,0",50,10,""
0,29,51,9,""
1,"53,1,1",51,9,""
2,"13,1,24,1,0",51,9,""
0,"13,1,25,1,0",52,8,""
0,"2,1,54,1,0",53,7,""
0,"0,1,37,1,3",54,6,""
1,"61,1,0",54,6,""
0,"0,1,38,1,3",55,5,1
0,"0,56,1",3,58,""
0,"0,51,2",7,54,""
0,"0,2,50,1,1",42,19,""
0,"1,1,36,1,3",53,8,""
0,"5,1,18,1,3",54,7,""
1,"0,2,37,1,3",54,7,""
0,"0,2,38,1,3",55,6,""
0,"0,57,1",3,59,""
0,"0,52,2",7,55,""
0,"62,1,0",41,21,""
0,"0,3,50,1,1",42,20,""
0,30,50,12,0
0,31,54,8,0
0,"0,58,1",3,60,""
0,"0,53,2",7,56,""
0,"0,4,50,1,1",42,21,""
0,32,46,17,""
0,33,49,14,""
0,"0,1,30",50,13,0
0,"64,1,0",53,10,""
0,"13,2,3",54,9,""
0,"9,1,18,1,2",55,8,""
0,"43,1,3",58,5,""
0,"0,59,1",3,61,""
0,"0,54,2",7,57,""
0,"1,1,62,1,0",42,22,""
0,"50,1,2",46,18,""
0,"17,1,6",49,15,""
0,"0,2,30",50,14,0
0,"66,1,0",54,10,""
0,34,55,9,""
1,"1,1,31",55,9,0
0,"67,1,0",57,7,""
0,"0,1,43,1,3",58,6,""
0,"18,2,0",62,2,""
0,"69,1,0",63,1,""
0,"0,60,1",3,62,""
0,"0,55,2",7,58,""
0,"0,1,50,1,2",46,19,""
0,"44,1,3",47,18,""
0,"17,2,1",49,16,""
0,"59,1,1",50,15,0
0,"1,1,64,1,0",54,11,""
0,"0,2,43,1,3",58,7,""
0,"1,1,43,1,3",59,6,""
0,"18,1,5",60,5,""
0,"70,1,0",61,4,""
0,"0,61,1",3,63,""
0,"0,56,2",7,59,""
0,"0,2,50,1,2",46,20,""
0,"0,1,17,2,1",49,17,""
0,"0,1,59,1,1",50,16,0
0,"13,1,32,1,0",55,11,""
0,"72,1,0",56,10,""
1,"13,1,33,1,0",56,10,""
0,"18,1,6",57,9,""
0,35,62,4,2
0,"1,1,18,2,0",63,3,""
0,"1,1,69,1,0",64,2,""
0,"0,62,1",3,64,""
0,"0,57,2",7,60,""
0,"0,3,50,1,2",46,21,""
0,"55,1,2",48,19,""
0,"0,2,17,2,1",49,18,""
0,"0,2,59,1,1",50,17,0
0,36,54,13,0
0,37,57,10,0
1,"17,1,18,1,1",57,10,""
0,38,60,7,""
0,39,61,6,"0,1"
1,"75,1,0",61,6,""
2,"74,1,0",61,6,""
0,"76,1,0",62,5,""
1,"1,1,70,1,0",62,5,""
0,"0,63,1",3,65,""
0,"0,58,2",7,61,""
0,"0,4,50,1,2",46,22,""
0,"0,3,17,2,1",49,19,""
0,"0,3,59,1,1",50,18,0
0,40,53,15,""
0,"0,1,36",54,14,0
0,"64,1,1",56,12,""
0,"0,1,37",57,11,0
1,"1,1,72,1,0",57,11,""
0,41,60,8,""
1,"48,1,3",60,8,""
0,"0,1,39",61,7,0
0,"18,1,24,1,0",62,6,""
0,42,63,5,0
0,"2,1,18,2,0",65,3,""
0,"2,1,69,1,0",66,2,""
0,"0,64,1",3,66,""
0,"0,59,2",7,62,""
0,"65,1,1",46,23,""
0,"77,1,0",49,20,""
0,"0,4,59,1,1",50,19,""
0,"50,1,3",53,16,""
0,"0,2,36",54,15,0
0,"1,1,36",55,14,"0,1"
0,"0,1,64,1,1",56,13,""
0,"66,1,1",57,12,0
0,"51,1,3",59,10,""
0,"67,1,1",60,9,""
1,"80,1,0",60,9,""
0,"68,1,1",61,8,""
0,43,62,7,""
1,"1,1,39",62,7,1
0,"10,1,18,1,3",63,6,""
1,"1,1,76,1,0",63,6,""
0,"2,1,70,1,0",64,5,""
0,"18,2,1",65,4,""
0,"69,1,1",66,3,1
0,"0,65,1",3,67,""
0,"0,60,2",7,63,""
0,"0,5,59,1,1",50,20,""
0,"17,2,2",53,17,""
0,"60,1,2",54,16,0
1,"59,1,2",54,16,0
0,"0,2,64,1,1",56,14,""
0,"0,1,66,1,1",57,13,1
0,"0,1,68,1,1",61,9,""
1,"81,1,0",61,9,""
0,"83,1,0",62,8,""
1,"82,1,0",62,8,""
0,"2,1,35",65,5,""
1,"0,1,18,2,1",65,5,""
0,"0,1,69,1,1",66,4,1
0,"0,66,1",3,68,""
0,"0,61,2",7,64,""
0,"0,6,59,1,1",50,21,""
0,"0,1,17,2,2",53,18,""
0,"0,1,59,1,2",54,17,0
0,"14,1,15",56,15,0
1,"0,3,64,1,1",56,15,""
0,"0,2,66,1,1",57,14,0
0,"1,2,39",63,8,""
1,"2,1,38",63,8,""
0,44,64,7,""
1,"54,1,3",64,7,""
2,"2,1,75,1,0",64,7,""
0,"3,1,43,1,3",65,6,""
1,"0,2,18,2,1",65,6,""
2,"2,1,76,1,0",65,6,""
0,"0,2,69,1,1",66,5,0
0,"0,67,1",3,69,""
0,"0,62,2",7,65,""
0,"62,1,2",48,24,""
0,"0,7,59,1,1",50,22,""
0,"0,2,17,2,2",53,19,""
0,"0,2,59,1,2",54,18,0
0,"88,1,0",55,17,""
0,"0,4,64,1,1",56,16,""
0,"0,3,66,1,1",57,15,0
0,"13,3,0",60,12,""
0,45,61,11,0
1,"23,1,24,1,0",61,11,""
0,"90,1,0",62,10,""
0,46,63,9,""
0,"3,1,67,1,0",64,8,""
0,"0,3,18,2,1",65,7,""
1,"2,1,18,1,24,1,0",65,7,""
0,"57,1,3",66,6,""
1,"0,3,69,1,1",66,6,1
2,"91,1,0",66,6,""
0,"93,1,0",67,5,""
1,"92,1,0",67,5,""
0,"94,1,0",68,4,""
0,"2,2,69,1,0",69,3,""
0,"3,1,69,1,0",70,2,""
0,"0,68,1",3,70,""
0,"0,63,2",7,66,""
0,"0,8,59,1,1",50,23,""
0,"0,3,17,2,2",53,20,""
0,"0,3,59,1,2",54,19,0
0,"0,5,64,1,1",56,17,""
0,"0,4,66,1,1",57,16,0
0,"64,1,2",60,13,""
0,"0,1,45",61,12,0
0,47,63,10,""
0,48,64,9,1
0,49,65,8,""
1,"0,4,18,2,1",65,8,""
0,"1,1,3,1,43,1,3",66,7,""
1,"0,4,69,1,1",66,7,0
2,"95,1,0",66,7,1
0,50,67,6,""
0,"0,69,1",3,71,""
0,"0,64,2",7,67,""
0,"97,1,0",49,25,""
0,"0,9,59,1,1",50,24,""
0,"78,1,1",53,21,""
0,"0,4,59,1,2",54,20,""
0,"1,1,88,1,0",56,18,""
0,"0,1,64,1,2",60,14,""
0,"66,1,2",61,13,0
0,"1,1,45",62,12,0
0,51,63,11,""
1,"80,1,1",63,11,""
0,"0,1,48",64,10,0
1,"98,1,0",64,10,""
0,"0,5,18,2,1",65,9,""
1,"2,1,82,1,0",65,9,""
0,"0,5,69,1,1",66,8,1
0,"0,1,50",67,7,""
0,"1,1,92,1,0",68,6,""
0,"3,1,35",69,5,""
1,"18,2,2",69,5,""
0,"69,1,2",70,4,0
1,"99,1,0",70,4,""
0,"1,1,3,1,69,1,0",71,3,""
0,"0,70,1",3,72,""
0,"0,65,2",7,68,""
0,"0,10,59,1,1",50,25,""
0,"0,5,59,1,2",54,21,""
0,"0,2,64,1,2",60,15,""
0,"1,1,64,1,2",61,14,""
1,"0,1,66,1,2",61,14,0
0,"0,1,80,1,1",63,12,""
0,"13,1,23,1,3",64,11,""
1,"81,1,1",64,11,1
0,52,65,10,""
1,"0,6,18,2,1",65,10,""
2,"101,1,0",65,10,""
0,"13,1,25,1,3",66,9,""
1,"0,6,69,1,1",66,9,1
0,"2,1,54,1,3",67,8,""
1,"1,1,95,1,0",67,8,""
0,"3,1,39",68,7,0
1,"70,1,2",68,7,""
2,"2,2,76,1,0",68,7,""
0,"0,1,18,2,2",69,6,""
1,"3,1,76,1,0",69,6,""
0,53,70,5,0
1,"0,1,69,1,2",70,5,1
0,54,71,4,""
0,"0,71,1",3,73,""
0,"0,66,2",7,69,""
0,"1,1,97,1,0",50,26,""
0,"0,6,59,1,2",54,22,""
0,"0,3,64,1,2",60,16,""
0,"0,2,66,1,2",61,15,0
0,"72,1,2",63,13,0
1,"0,2,80,1,1",63,13,""
0,"0,1,81,1,1",64,12,0
0,"0,1,52",65,11,""
1,"1,1,98,1,0",65,11,""
0,"0,7,69,1,1",66,10,""
1,"103,1,0",66,10,""
0,"3,1,41",67,9,""
1,"105,1,0",67,9,""
0,"0,1,3,1,39",68,8,0
1,"107,1,0",68,8,""
0,55,69,7,""
1,"0,2,18,2,2",69,7,""
0,56,70,6,""
1,"26,1,12",70,6,1
2,"0,2,69,1,2",70,6,0
3,"2,1,92,1,0",70,6,""
0,"0,1,54",71,5,""
1,"1,1,69,1,2",71,5,""
0,"0,72,1",3,74,""
0,"0,67,2",7,70,""
0,"0,7,59,1,2",54,23,""
0,"62,1,3",55,22,""
0,"0,4,64,1,2",60,17,""
0,"0,3,66,1,2",61,16,0
0,"5,1,64,1,0",62,15,""
0,"0,3,80,1,1",63,14,""
0,"0,2,81,1,1",64,13,0
0,"90,1,1",65,12,""
0,"0,8,69,1,1",66,11,""
0,"3,1,67,1,1",67,10,""
0,57,68,9,0
1,"3,1,68,1,1",68,9,""
0,"0,3,18,2,2",69,8,""
1,"108,1,0",69,8,""
2,"2,1,95,1,0",69,8,1
0,"0,3,69,1,2",70,7,0
1,"1,1,3,1,76,1,0",70,7,""
0,"109,1,0",71,6,""
0,58,72,5,""
0,"3,1,69,1,1",73,4,""
0,"0,73,1",3,75,""
0,"0,68,2",7,71,""
0,"0,8,59,1,2",54,24,""
0,"0,5,64,1,2",60,18,""
0,"0,4,66,1,2",61,17,0
0,"0,4,80,1,1",63,15,""
0,"112,1,0",64,14,0
0,"0,1,90,1,1",65,13,""
1,"13,1,51,1,0",65,13,""
0,"2,1,51",66,12,""
1,"0,9,69,1,1",66,12,""
2,"13,1,52,1,0",66,12,""
0,"64,1,3",67,11,""
1,"114,1,0",67,11,""
0,"0,1,57",68,10,0
1,"1,1,105,1,0",68,10,""
0,"0,4,18,2,2",69,9,""
1,"1,1,107,1,0",69,9,""
0,59,70,8,""
1,"0,4,69,1,2",70,8,2
0,"1,1,56",71,7,""
0,"96,1,1",72,6,""
1,"5,1,69,1,0",72,6,""
0,"0,1,3,1,69,1,1",73,5,""
0,"0,74,1",3,76,""
0,"0,69,2",7,72,""
0,"0,9,59,1,2",54,25,""
0,"77,1,2",56,23,""
0,"0,6,64,1,2",60,19,""
0,"1,1,5,1,64,1,0",63,16,""
0,"0,2,90,1,1",65,14,""
0,"0,10,69,1,1",66,13,""
0,"80,1,2",67,12,""
0,"2,1,52",68,11,""
1,"66,1,3",68,11,0
0,60,69,10,""
1,"1,1,57",69,10,"1,2"
2,"0,5,18,2,2",69,10,""
0,61,70,9,2
1,"0,1,59",70,9,""
2,"0,5,69,1,2",70,9,1
0,"3,1,44",71,8,""
1,"67,1,3",71,8,""
0,"68,1,3",72,7,0
1,"0,1,96,1,1",72,7,""
0,"0,2,3,1,69,1,1",73,6,""
0,62,74,5,"0,1"
0,"69,1,3",77,2,""
0,"0,75,1",3,77,""
0,"0,70,2",7,73,""
0,"0,10,59,1,2",54,26,""
0,"0,3,90,1,1",65,15,""
0,"0,11,69,1,1",66,14,""
0,"0,1,80,1,2",67,13,""
0,63,68,12,""
1,"0,1,66,1,3",68,12,0
2,"81,1,2",68,12,0
0,"0,1,60",69,11,""
1,"0,6,18,2,2",69,11,""
2,"2,1,103,1,0",69,11,""
0,"0,2,59",70,10,""
1,"0,6,69,1,2",70,10,2
0,"0,1,67,1,3",71,9,""
1,"2,1,107,1,0",71,9,""
0,"0,1,68,1,3",72,8,0
1,"7,1,67,1,0",72,8,""
0,64,73,7,""
1,"1,1,5,1,69,1,0",73,7,""
0,"0,1,62",74,6,0
1,"3,1,93,1,0",74,6,""
0,"70,1,3",75,5,""
1,"3,1,94,1,0",75,5,""
0,65,76,4,""
0,"0,1,69,1,3",77,3,""
1,"3,2,69,1,0",77,3,""
0,"7,1,69,1,0",78,2,""
0,"0,76,1",3,78,""
0,"0,71,2",7,74,""
0,"102,1,1",54,27,""
0,"5,1,36",63,18,0
0,"0,4,90,1,1",65,16,""
0,"0,12,69,1,1",66,15,""
0,"0,2,80,1,2",67,14,""
0,"0,1,81,1,2",68,13,0
0,"0,2,60",69,12,""
1,"13,1,32,1,3",69,12,""
2,"103,1,1",69,12,""
0,"5,1,39",70,11,1
1,"72,1,3",70,11,1
2,"13,1,33,1,3",70,11,""
3,"0,7,69,1,2",70,11,""
4,"106,1,1",70,11,""
0,"0,2,67,1,3",71,10,""
1,"107,1,1",71,10,1
0,"0,2,68,1,3",72,9,""
0,"43,1,5",73,8,""
0,"34,1,12",74,7,""
0,"35,1,12",75,6,0
0,"0,1,65",76,5,""
0,"0,2,69,1,3",77,4,""
0,"1,1,69,1,3",78,3,""
0,"0,77,1",3,79,""
0,"0,72,2",7,75,""
0,66,58,24,""
0,"88,1,2",62,20,""
0,"0,5,90,1,1",65,17,""
0,"0,13,69,1,1",66,16,""
0,"0,3,80,1,2",67,15,""
0,"0,2,81,1,2",68,14,0
0,"90,1,2",69,13,""
1,"1,1,81,1,2",69,13,""
2,"119,1,0",69,13,""
0,"0,8,69,1,2",70,12,""
1,"0,1,106,1,1",70,12,""
2,"2,1,114,1,0",70,12,""
0,"0,1,107,1,1",71,11,1
0,"67,1,4",72,10,""
0,"120,1,0",74,8,""
0,"75,1,3",75,7,""
1,"74,1,3",75,7,""
2,"121,1,0",75,7,""
0,"0,2,65",76,6,""
1,"76,1,3",76,6,"0,1"
2,"1,1,70,1,3",76,6,""
3,"122,1,0",76,6,""
0,"1,1,65",77,5,""
1,"7,1,35",77,5,""
2,"3,1,69,1,2",77,5,""
0,"69,1,4",78,4,""
0,"1,1,7,1,69,1,0",79,3,""
0,"0,78,1",3,80,""
0,"0,73,2",7,76,""
0,"111,1,1",58,25,""
0,"27,1,15",64,19,0
0,"0,6,90,1,1",65,18,""
0,"0,14,69,1,1",66,17,""
0,"112,1,1",67,16,""
0,"113,1,1",68,15,0
0,"0,1,90,1,2",69,14,""
0,"0,9,69,1,2",70,13,""
1,"0,2,106,1,1",70,13,""
0,"1,1,72,1,3",71,12,2
1,"0,2,107,1,1",71,12,2
0,67,74,9,""
0,"0,1,75,1,3",75,8,""
1,"0,1,74,1,3",75,8,""
0,"96,1,2",76,7,""
1,"3,2,76,1,0",76,7,""
0,"37,1,12",77,6,1
1,"0,1,3,1,69,1,2",77,6,""
0,"38,1,12",78,5,""
0,"1,2,69,1,3",79,4,""
0,"2,1,69,1,3",80,3,""
0,"0,79,1",3,81,""
0,"0,74,2",7,77,""
0,"97,1,2",56,28,""
0,"0,1,111,1,1",58,26,""
0,"125,1,0",63,21,""
0,"0,7,90,1,1",65,19,""
0,"0,15,69,1,1",66,18,""
0,"0,1,112,1,1",67,17,""
0,"0,2,90,1,2",69,15,""
0,"0,10,69,1,2",70,14,""
1,"13,2,23,1,0",70,14,""
2,"1,1,119,1,0",70,14,""
0,"126,1,0",71,13,""
1,"13,2,24,1,0",71,13,""
0,"80,1,3",74,10,""
0,"0,1,96,1,2",76,8,""
1,"1,1,121,1,0",76,8,""
0,"0,1,37,1,12",77,7,""
1,"1,1,76,1,3",77,7,""
2,"0,2,3,1,69,1,2",77,7,""
3,"129,1,0",77,7,""
4,"128,1,0",77,7,""
0,"1,2,65",78,6,""
1,"2,1,70,1,3",78,6,""
2,"130,1,0",78,6,""
0,"131,1,0",79,5,""
0,"0,1,2,1,69,1,3",80,4,""
1,"132,1,0",80,4,""
0,"2,1,7,1,69,1,0",81,3,""
0,"0,80,1",3,82,""
0,"0,75,2",7,78,""
0,"0,2,111,1,1",58,27,""
0,"0,8,90,1,1",65,20,""
0,"0,16,69,1,1",66,19,""
0,"0,3,90,1,2",69,16,""
0,"0,11,69,1,2",70,15,""
0,"0,1,80,1,3",74,11,""
0,68,75,10,0
1,"3,1,57",75,10,0
2,"81,1,3",75,10,0
0,"83,1,3",76,9,""
1,"82,1,3",76,9,""
2,"7,1,68,1,1",76,9,""
3,"133,1,0",76,9,""
0,"84,1,3",77,8,""
1,"6,1,69,1,1",77,8,""
2,"134,1,0",77,8,""
0,"86,1,3",78,7,""
0,"9,1,69,1,0",80,5,""
0,"7,1,69,1,1",81,4,""
0,"0,81,1",3,83,""
0,"0,76,2",7,79,""
0,"135,1,0",57,29,""
0,"0,3,111,1,1",58,28,""
0,"0,17,69,1,1",66,20,""
0,"0,4,90,1,2",69,17,""
0,"5,1,45",70,16,1
1,"0,12,69,1,2",70,16,""
0,"106,1,2",74,12,""
0,"107,1,2",75,11,1
0,69,77,9,1
1,"3,1,59",77,9,""
0,"2,1,75,1,3",78,8,""
1,"0,1,86,1,3",78,8,""
0,"2,1,76,1,3",79,7,1
0,"2,1,7,1,35",80,6,""
0,"0,1,7,1,69,1,1",81,5,""
1,"10,1,69,1,0",81,5,""
0,"11,1,69,1,0",82,4,""
0,"0,82,1",3,84,""
0,"0,77,2",7,80,""
0,"0,4,111,1,1",58,29,""
0,70,62,25,""
0,71,65,22,""
0,"0,18,69,1,1",66,21,""
0,"0,5,90,1,2",69,18,""
1,"137,1,0",69,18,""
0,"0,13,69,1,2",70,17,""
0,"13,3,3",74,13,""
1,"0,1,106,1,2",74,13,""
0,"23,1,24,1,3",75,12,""
1,"0,1,107,1,2",75,12,0
0,"90,1,3",76,11,""
1,"108,1,2",76,11,""
0,"1,1,82,1,3",77,10,""
1,"120,1,1",77,10,""
0,"3,1,67,1,3",78,9,""
1,"121,1,1",78,9,""
0,"3,1,68,1,3",79,8,1
0,72,80,7,""
1,"91,1,3",80,7,""
0,"93,1,3",81,6,2
1,"92,1,3",81,6,2
2,"0,2,7,1,69,1,1",81,6,""
0,"94,1,3",82,5,""
0,73,83,4,2
1,"2,2,69,1,3",83,4,""
0,"3,1,69,1,3",84,3,""
0,"0,83,1",3,85,""
0,"0,78,2",7,81,""
0,"1,1,135,1,0",58,30,""
0,"111,1,2",62,26,""
0,"50,1,6",65,23,""
0,"0,19,69,1,1",66,22,""
0,"0,6,90,1,2",69,19,""
0,"0,14,69,1,2",70,18,""
0,"112,1,2",71,17,1
0,"0,2,106,1,2",74,14,""
0,"0,2,107,1,2",75,13,0
0,"0,1,120,1,1",77,11,""
1,"13,1,67,1,0",77,11,""
0,"9,1,39",78,10,1
1,"0,1,3,1,67,1,3",78,10,""
2,"141,1,0",78,10,""
0,74,79,9,0
1,"0,1,3,1,68,1,3",79,9,0
2,"5,1,69,1,2",79,9,""
0,"0,1,72",80,8,""
1,"95,1,3",80,8,0
2,"0,1,91,1,3",80,8,""
0,"0,1,92,1,3",81,7,""
1,"0,3,7,1,69,1,1",81,7,""
2,"2,1,130,1,0",81,7,""
0,"0,1,94,1,3",82,6,""
1,"7,1,92,1,0",82,6,""
2,"2,1,131,1,0",82,6,""
0,"96,1,3",83,5,""
1,"13,1,69,1,0",83,5,""
2,"2,1,132,1,0",83,5,""
0,"0,1,3,1,69,1,3",84,4,""
1,"142,1,0",84,4,""
2,"2,2,7,1,69,1,0",84,4,""
0,"143,1,0",85,3,""
0,"0,84,1",3,86,""
0,"0,79,2",7,82,""
0,"0,1,111,1,2",62,27,""
0,"97,1,3",63,26,""
0,"17,1,50,1,1",65,24,""
0,"0,20,69,1,1",66,23,""
0,"0,7,90,1,2",69,20,""
0,"0,15,69,1,2",70,19,""
1,"1,1,137,1,0",70,19,""
0,"126,1,1",74,15,""
0,75,77,12,0
1,"144,1,0",77,12,""
0,"0,2,3,1,67,1,3",78,11,""
0,"2,1,82,1,3",79,10,""
1,"0,2,3,1,68,1,3",79,10,""
0,"128,1,1",80,9,""
1,"2,1,134,1,0",80,9,""
0,"130,1,1",81,8,""
1,"0,4,7,1,69,1,1",81,8,""
0,"1,1,92,1,3",82,7,""
0,"132,1,1",83,6,""
0,"99,1,3",84,5,""
1,"0,2,3,1,69,1,3",84,5,""
0,"1,1,3,1,69,1,3",85,4,""
0,"0,85,1",3,87,""
0,"0,80,2",7,83,""
0,"0,2,111,1,2",62,28,""
0,"0,1,17,1,50,1,1",65,25,""
0,"0,21,69,1,1",66,24,""
0,"0,8,90,1,2",69,21,""
0,"0,16,69,1,2",70,20,""
0,"13,2,32,1,0",75,15,""
0,"13,2,33,1,0",76,14,""
0,76,78,12,""
0,"1,1,141,1,0",79,11,""
0,"0,1,128,1,1",80,10,""
1,"14,1,69,1,0",80,10,""
0,77,81,9,""
1,"1,1,95,1,3",81,9,""
2,"0,5,7,1,69,1,1",81,9,""
0,"3,1,74,1,3",82,8,""
1,"2,2,76,1,3",82,8,""
2,"3,1,121,1,0",82,8,""
0,"3,1,76,1,3",83,7,1
1,"1,1,7,1,92,1,0",83,7,""
0,"3,2,69,1,2",84,6,""
1,"1,1,13,1,69,1,0",84,6,""
0,"7,1,69,1,2",85,5,""
1,"2,1,11,1,69,1,0",85,5,""
2,"1,1,142,1,0",85,5,""
0,"1,1,143,1,0",86,4,""
0,"0,86,1",3,88,""
0,"0,81,2",7,84,""
0,"0,3,111,1,2",62,29,""
0,"116,1,2",64,27,""
0,"0,2,17,1,50,1,1",65,26,""
0,"0,22,69,1,1",66,25,""
0,"0,17,69,1,2",70,21,""
0,78,73,18,0
0,"5,1,57",77,14,0
0,"13,1,38",80,11,""
1,"0,2,128,1,1",80,11,""
0,"106,1,3",81,10,""
1,"105,1,3",81,10,""
2,"0,6,7,1,69,1,1",81,10,""
3,"13,1,75,1,0",81,10,""
0,"107,1,3",82,9,1
1,"0,1,3,1,74,1,3",82,9,""
2,"13,1,76,1,0",82,9,""
0,79,83,8,""
0,80,84,7,1
0,"0,1,7,1,69,1,2",85,6,""
1,"148,1,0",85,6,""
0,"1,2,3,1,69,1,3",86,5,""
0,"0,87,1",3,89,""
0,"0,82,2",7,85,""
0,"0,4,111,1,2",62,30,""
0,"0,3,17,1,50,1,1",65,27,""
0,"0,23,69,1,1",66,26,""
0,81,69,23,""
0,"0,18,69,1,2",70,22,""
0,"137,1,1",72,20,""
0,"138,1,1",73,19,0
0,"149,1,0",76,16,""
0,82,78,14,""
0,83,79,13,""
1,"1,1,76",79,13,""
2,"150,1,0",79,13,""
0,"0,3,128,1,1",80,12,""
1,"151,1,0",80,12,""
0,84,81,11,1
1,"120,1,2",81,11,""
2,"1,1,14,1,69,1,0",81,11,""
0,"18,1,29",82,10,""
1,"0,1,107,1,3",82,10,1
0,"2,1,95,1,3",83,9,0
1,"122,1,2",83,9,""
0,85,84,8,""
1,"0,1,80",84,8,""
2,"1,1,3,1,76,1,3",84,8,""
0,"7,1,56",85,7,""
1,"109,1,3",85,7,2
2,"0,2,7,1,69,1,2",85,7,""
0,"2,1,13,1,69,1,0",86,6,""
0,"0,88,1",3,90,""
0,"0,83,2",7,86,""
0,"140,1,1",62,31,""
0,"152,1,0",65,28,""
0,"0,24,69,1,1",66,27,""
0,"111,1,3",69,24,""
0,"0,19,69,1,2",70,23,""
0,"14,1,36",71,22,0
0,"0,1,137,1,1",72,21,""
0,"0,1,138,1,1",73,20,0
0,"112,1,3",78,15,0
0,"13,1,51,1,3",79,14,""
0,"2,1,75",80,13,""
1,"0,4,128,1,1",80,13,""
2,"13,1,80,1,0",80,13,""
0,"114,1,3",81,12,""
1,"0,1,120,1,2",81,12,""
2,"141,1,1",81,12,0
0,"1,1,105,1,3",82,11,""
1,"0,2,107,1,3",82,11,0
0,"1,1,107,1,3",83,10,""
1,"1,1,13,1,76,1,0",83,10,""
0,"0,2,80",84,9,""
1,"43,1,16",84,9,""
2,"3,1,84,1,3",84,9,""
0,"1,1,80",85,8,1
1,"0,1,109,1,3",85,8,""
2,"0,3,7,1,69,1,2",85,8,""
0,"5,1,69,1,3",86,7,""
0,"142,1,1",87,6,""
0,"143,1,1",88,5,0
0,"0,89,1",3,91,""
0,"0,84,2",7,87,""
0,"0,25,69,1,1",66,28,""
0,"17,1,50,1,2",69,25,""
0,"125,1,2",70,24,""
1,"0,20,69,1,2",70,24,""
0,"0,2,137,1,1",72,22,""
0,"0,2,138,1,1",73,21,1
0,"1,1,149,1,0",77,17,""
0,"0,5,128,1,1",80,14,""
1,"156,1,0",80,14,""
0,"0,2,120,1,2",81,13,""
1,"0,1,141,1,1",81,13,""
0,"13,1,83,1,0",82,12,""
0,"128,1,2",84,10,""
1,"157,1,0",84,10,""
0,"0,4,7,1,69,1,2",85,9,""
0,"131,1,2",86,8,""
0,"0,1,142,1,1",87,7,""
1,"158,1,0",87,7,""
0,"0,1,143,1,1",88,6,1
0,"0,90,1",3,92,""
0,"0,85,2",7,88,""
0,"0,26,69,1,1",66,29,""
0,"0,1,17,1,50,1,2",69,26,""
0,"0,21,69,1,2",70,25,""
0,"44,1,15",72,23,0
1,"0,3,137,1,1",72,23,""
0,"0,3,138,1,1",73,22,0
0,"0,2,141,1,1",81,14,""
0,86,82,13,0
0,"1,2,107,1,3",84,11,""
1,"0,1,128,1,2",84,11,""
0,87,85,10,"0,1,2"
1,"2,1,107,1,3",85,10,""
2,"0,5,7,1,69,1,2",85,10,""
0,"3,2,68,1,3",86,9,""
0,"9,1,69,1,2",87,8,""
1,"0,2,142,1,1",87,8,""
0,"3,1,93,1,3",88,7,""
1,"0,2,143,1,1",88,7,0
0,"3,1,94,1,3",89,6,""
0,"3,2,69,1,3",91,4,""
0,88,92,3,0
0,"0,91,1",3,93,""
0,"0,86,2",7,89,""
0,"135,1,2",64,32,""
0,"0,27,69,1,1",66,30,""
0,"0,2,17,1,50,1,2",69,27,""
0,"0,22,69,1,2",70,26,""
0,"161,1,0",71,25,""
0,"0,4,137,1,1",72,24,""
0,"0,4,138,1,1",73,23,0
0,89,77,19,0
0,90,80,16,0
1,"13,4,0",80,16,""
0,"13,1,23,1,24,1,0",81,15,""
1,"1,1,156,1,0",81,15,""
0,"2,1,150,1,0",82,14,""
0,"2,1,151,1,0",83,13,""
0,92,84,12,"0,1"
1,91,84,12,"0,1"
2,"0,2,128,1,2",84,12,""
0,"0,1,87",85,11,"0,1,2"
1,"0,6,7,1,69,1,2",85,11,""
0,"7,2,67,1,0",87,9,""
0,"1,1,158,1,0",88,8,""
0,"0,1,3,1,94,1,3",89,7,""
0,"7,1,65",91,5,""
0,"0,1,88",92,4,0
1,"163,1,0",92,4,""
0,"7,2,69,1,0",93,3,""
0,"0,92,1",3,94,""
0,"0,87,2",7,90,""
0,"0,28,69,1,1",66,31,""
0,"0,3,17,1,50,1,2",69,28,""
0,"0,23,69,1,2",70,27,""
0,"0,5,137,1,1",72,25,""
0,"0,5,138,1,1",73,24,0
0,"137,1,2",76,21,""
0,"138,1,2",77,20,0
0,"149,1,1",79,18,""
0,"17,1,37",80,17,0
0,"66,1,5",83,14,""
1,"119,1,3",83,14,""
0,"3,1,75",84,13,""
1,"2,1,114,1,3",84,13,""
2,"0,3,128,1,2",84,13,""
0,"0,2,87",85,12,0
1,"13,1,49",85,12,""
2,"15,1,69,1,1",85,12,""
0,"1,1,87",86,11,2
1,"67,1,5",86,11,""
2,"13,1,95,1,0",86,11,""
0,"164,1,0",87,10,""
0,"120,1,3",88,9,""
0,"121,1,3",89,8,""
0,"122,1,3",90,7,1
0,"0,1,7,1,65",91,6,""
0,"0,2,88",92,5,0
1,"69,1,5",92,5,""
0,"1,1,88",93,4,1
0,"0,93,1",3,95,""
0,"0,88,2",7,91,""
0,"165,1,0",65,33,""
0,"0,29,69,1,1",66,32,""
0,"153,1,1",69,29,""
0,"0,24,69,1,2",70,28,""
0,"1,1,161,1,0",72,26,""
0,"0,1,137,1,2",76,22,""
0,"0,1,138,1,2",77,21,0
0,"14,1,45",78,20,0
0,"0,1,149,1,1",79,19,""
0,"154,1,1",80,18,0
0,"167,1,0",83,15,""
0,"0,4,128,1,2",84,14,""
1,"168,1,0",84,14,""
0,"48,1,15",85,13,2
1,"141,1,2",85,13,1
2,"169,1,0",85,13,""
0,"170,1,0",86,12,""
0,"0,1,120,1,3",88,10,""
0,"69,1,6",89,9,""
1,"0,1,121,1,3",89,9,""
0,"142,1,2",91,7,""
0,93,92,6,1
1,"7,2,35",92,6,""
2,"143,1,2",92,6,2
0,"69,1,7",93,5,""
1,"1,1,163,1,0",93,5,""
0,"1,1,7,2,69,1,0",94,4,""
0,"0,94,1",3,96,""
0,"0,89,2",7,92,""
0,"0,30,69,1,1",66,33,""
0,"0,25,69,1,2",70,29,""
0,"0,2,137,1,2",76,23,""
0,"1,1,137,1,2",77,22,""
1,"0,2,138,1,2",77,22,0
0,"0,2,149,1,1",79,20,""
0,"0,1,154,1,1",80,19,1
0,"13,2,23,1,3",84,15,""
1,"0,5,128,1,2",84,15,""
2,"172,1,0",84,15,""
0,"0,1,141,1,2",85,14,""
1,"13,1,101,1,0",85,14,""
0,"1,2,87",87,12,1
0,94,88,11,""
1,"0,2,120,1,3",88,11,""
0,"17,1,69,1,1",89,10,""
0,"1,1,121,1,3",90,9,""
0,"128,1,3",91,8,""
1,"1,1,122,1,3",91,8,""
2,"0,1,142,1,2",91,8,""
3,"174,1,0",91,8,1
0,"0,1,143,1,2",92,7,1
0,"132,1,3",94,5,""
0,"0,95,1",3,97,""
0,"0,90,2",7,93,""
0,"1,1,165,1,0",66,34,""
0,"0,26,69,1,2",70,30,""
0,"0,3,137,1,2",76,24,""
0,"0,3,138,1,2",77,23,0
0,"146,1,2",79,21,0
1,"0,3,149,1,1",79,21,""
0,"0,2,154,1,1",80,20,0
0,"1,1,168,1,0",85,15,""
0,"176,1,0",86,14,""
1,"1,1,169,1,0",86,14,""
0,"14,1,69,1,2",87,13,""
1,"13,1,105,1,0",87,13,""
0,"177,1,0",88,12,""
0,"0,1,17,1,69,1,1",89,11,""
0,"133,1,3",90,10,""
1,"179,1,0",90,10,""
0,"134,1,3",91,9,""
1,"0,2,142,1,2",91,9,""
0,"0,2,143,1,2",92,8,""
0,"1,1,93",93,7,1
1,"23,1,69,1,0",93,7,""
0,"69,1,8",94,6,""
1,"9,1,69,1,3",94,6,""
2,"24,1,69,1,0",94,6,""
0,"25,1,69,1,0",95,5,""
1,"2,1,163,1,0",95,5,""
0,"69,1,9",96,4,""
0,"0,96,1",3,98,""
0,"0,91,2",7,94,""
0,"0,27,69,1,2",70,31,""
0,"135,1,3",71,30,""
0,"0,4,137,1,2",76,25,""
0,"0,4,138,1,2",77,24,0
0,"5,1,137,1,0",78,23,""
0,"0,4,149,1,1",79,22,""
0,"0,3,154,1,1",80,21,0
0,95,84,17,0
0,97,87,14,1
1,96,87,14,"0,2"
0,98,88,13,""
0,"0,2,17,1,69,1,1",89,12,""
0,99,91,10,0
0,100,92,9,0
1,"1,1,174,1,0",92,9,""
0,"181,1,0",93,8,""
0,101,94,7,0
0,"10,1,69,1,3",95,6,""
1,"163,1,1",95,6,""
0,"11,1,69,1,3",96,5,""
1,"7,2,69,1,1",96,5,""
0,"0,97,1",3,99,""
0,"0,92,2",7,95,""
0,"0,28,69,1,2",70,32,""
0,"0,5,137,1,2",76,26,""
0,"0,5,138,1,2",77,25,0
0,"0,5,149,1,1",79,23,""
0,"184,1,0",80,22,0
0,"149,1,2",83,19,""
0,"138,1,3",84,18,0
0,"13,2,51,1,0",85,17,""
0,102,86,16,""
1,"64,1,11",86,16,""
2,"13,2,52,1,0",86,16,""
0,"0,1,97",87,15,0
1,"1,1,176,1,0",87,15,""
0,"0,1,98",88,14,""
1,"27,1,69,1,0",88,14,""
0,"0,3,17,1,69,1,1",89,13,""
0,"187,1,0",90,12,""
0,"0,1,99",91,11,""
1,"188,1,0",91,11,""
0,"189,1,0",92,10,""
0,103,93,9,""
0,104,94,8,""
1,"190,1,0",94,8,""
0,"2,1,93",95,7,""
1,"0,1,163,1,1",95,7,""
2,"191,1,0",95,7,""
3,"28,1,69,1,0",95,7,""
0,105,96,6,""
1,"0,1,7,2,69,1,1",96,6,""
0,"0,98,1",3,100,""
0,"0,93,2",7,96,""
0,"0,29,69,1,2",70,33,""
0,"152,1,2",72,31,""
0,"0,6,137,1,2",76,27,""
0,"1,1,5,1,137,1,0",79,24,""
0,"0,1,149,1,2",83,20,""
0,"154,1,2",84,19,0
0,"14,1,57",85,18,0
0,"167,1,1",86,17,""
0,"66,1,11",87,16,0
0,"1,1,96",88,15,1
1,"169,1,1",88,15,""
0,"0,4,17,1,69,1,1",89,14,""
0,"23,1,38",90,13,""
0,"13,1,67,1,3",91,12,""
1,"23,1,75,1,0",91,12,""
0,"1,1,99",92,11,1
1,"3,1,87",92,11,0
2,"23,1,76,1,0",92,11,""
0,106,93,10,""
1,"69,1,10",93,10,""
2,"192,1,0",93,10,""
0,"67,1,12",94,9,0
1,"1,1,181,1,0",94,9,""
0,"1,1,101",95,8,1
1,"68,1,12",95,8,""
2,"0,2,163,1,1",95,8,""
0,"69,1,11",96,7,""
1,"0,2,7,2,69,1,1",96,7,""
0,107,97,6,""
1,"13,1,69,1,3",97,6,""
0,"69,1,12",100,3,0
0,"0,99,1",3,101,""
0,"0,94,2",7,97,""
0,"0,30,69,1,2",70,34,""
0,"0,2,149,1,2",83,21,""
0,"1,1,149,1,2",84,20,""
1,"0,1,154,1,2",84,20,0
0,"0,1,167,1,1",86,18,""
0,"172,1,1",87,17,1
1,"193,1,0",87,17,""
0,"0,1,169,1,1",88,16,""
1,"194,1,0",88,16,""
0,108,89,15,0
1,"1,1,27,1,69,1,0",89,15,""
0,"3,1,91",91,13,""
1,"1,1,187,1,0",91,13,""
0,"0,1,3,1,87",92,12,0
1,"195,1,0",92,12,""
0,"67,1,13",93,11,""
1,"17,1,69,1,2",93,11,""
2,"1,1,189,1,0",93,11,""
0,"174,1,1",94,10,1
1,"196,1,0",94,10,""
0,"0,1,68,1,12",95,9,""
1,"0,3,163,1,1",95,9,""
2,"1,1,190,1,0",95,9,""
0,109,96,8,0
1,"0,1,69,1,11",96,8,""
2,"197,1,0",96,8,""
3,"1,1,28,1,69,1,0",96,8,""
0,"198,1,0",97,7,""
1,"2,1,24,1,69,1,0",97,7,""
0,"70,1,12",98,6,""
1,"2,1,25,1,69,1,0",98,6,""
0,"69,1,13",99,5,""
1,"3,1,163,1,0",99,5,""
0,"0,1,69,1,12",100,4,"1,2"
1,"7,1,143,1,0",100,4,""
0,"0,100,1",3,102,""
0,"0,95,2",7,98,""
0,"175,1,1",70,35,""
0,"27,1,36",79,26,0
0,"0,3,149,1,2",83,22,""
0,"0,2,154,1,2",84,21,0
0,"160,1,2",86,19,0
1,"0,2,167,1,1",86,19,""
0,"0,1,172,1,1",87,18,0
0,"0,2,169,1,1",88,17,""
0,"13,2,32,1,3",89,16,""
1,"176,1,1",89,16,0
0,"23,1,80,1,0",90,15,""
0,"177,1,1",91,14,""
0,110,92,13,""
0,"0,1,17,1,69,1,2",93,12,""
1,"201,1,0",93,12,""
0,"14,1,69,1,3",94,11,""
1,"1,1,192,1,0",94,11,""
0,"91,1,5",95,10,""
1,"0,4,163,1,1",95,10,""
2,"202,1,0",95,10,""
0,"23,1,69,1,1",96,9,""
1,"2,1,181,1,0",96,9,""
0,111,98,7,0
1,"1,1,13,1,69,1,3",98,7,""
0,112,99,6,""
1,"3,1,69,1,5",99,6,""
2,"2,1,11,1,69,1,3",99,6,""
0,113,100,5,3
1,"0,2,69,1,12",100,5,""
0,"1,1,69,1,12",101,4,2
0,"0,101,1",3,103,""
0,"0,96,2",7,99,""
0,114,74,32,""
0,"161,1,2",78,28,""
0,"0,4,149,1,2",83,23,""
0,"0,3,154,1,2",84,22,0
0,"5,1,149,1,0",85,21,""
0,"0,3,167,1,1",86,20,""
0,"0,2,172,1,1",87,19,0
0,"1,1,193,1,0",88,18,""
0,115,91,15,0
0,"0,1,110",92,14,""
1,"23,1,83,1,0",92,14,""
0,"0,2,17,1,69,1,2",93,13,""
1,"1,1,195,1,0",93,13,""
0,116,94,12,4
1,"2,1,188,1,0",94,12,""
0,"13,1,75,1,3",95,11,""
1,"2,1,189,1,0",95,11,""
0,"13,1,76,1,3",96,10,""
1,"0,1,23,1,69,1,1",96,10,""
0,117,97,9,""
1,"2,1,104",97,9,""
0,"74,1,12",98,8,1
1,"32,1,69,1,0",98,8,""
2,"2,1,191,1,0",98,8,""
0,"148,1,3",99,7,""
1,"163,1,2",99,7,""
2,"204,1,0",99,7,""
3,"203,1,0",99,7,""
4,"33,1,69,1,0",99,7,""
0,118,100,6,""
1,"7,2,69,1,2",100,6,""
2,"34,1,69,1,0",100,6,""
0,"35,1,69,1,0",101,5,""
0,"0,102,1",3,104,""
0,"0,97,2",7,100,""
0,"183,1,1",74,33,""
0,"62,1,15",80,27,0
0,"184,1,1",83,24,""
0,"185,1,1",84,23,0
0,"0,4,167,1,1",86,21,""
0,"206,1,0",87,20,0
0,"149,1,3",90,17,""
0,"17,1,57",91,16,0
0,119,92,15,1
1,"0,2,110",92,15,""
0,120,93,14,1
1,"1,1,110",93,14,""
2,"150,1,3",93,14,""
3,"0,3,17,1,69,1,2",93,14,""
4,"187,1,1",93,14,""
0,"151,1,3",94,13,""
1,"188,1,1",94,13,2
0,121,95,12,""
1,"19,1,69,1,2",95,12,""
2,"189,1,1",95,12,""
0,122,96,11,1
1,"18,1,52",96,11,""
2,"0,2,23,1,69,1,1",96,11,""
0,123,97,10,""
1,"190,1,1",97,10,""
2,"209,1,0",97,10,""
0,124,98,9,0
1,"3,1,174,1,0",98,9,""
0,"1,1,111",99,8,""
1,"0,1,163,1,2",99,8,""
0,125,100,7,"1,2"
1,"2,1,107",100,7,""
2,"0,1,7,2,69,1,2",100,7,""
0,"1,1,113",101,6,3
0,126,102,5,0
1,"1,2,69,1,12",102,5,2
0,127,103,4,0
0,"0,103,1",3,105,""
0,"0,98,2",7,101,""
0,"165,1,2",72,36,""
0,"0,1,183,1,1",74,34,""
0,"210,1,0",79,29,""
0,"0,1,184,1,1",83,25,""
0,"1,1,5,1,149,1,0",86,22,""
0,"167,1,2",90,18,""
1,"13,3,23,1,0",90,18,""
0,"154,1,3",91,17,0
1,"13,3,24,1,0",91,17,""
0,"64,1,15",92,16,"0,1"
1,"169,1,2",92,16,""
0,"0,1,120",93,15,0
1,"0,4,17,1,69,1,2",93,15,""
2,"0,1,187,1,1",93,15,""
0,"0,1,188,1,1",94,14,2
0,128,95,13,""
1,"155,1,3",95,13,""
2,"2,1,195,1,0",95,13,""
0,"0,1,122",96,12,1
1,"0,3,23,1,69,1,1",96,12,""
2,"212,1,0",96,12,""
0,129,97,11,""
0,"0,1,124",98,10,"1,2"
0,131,99,9,"1,2"
1,130,99,9,""
2,"0,2,163,1,2",99,9,""
3,"213,1,0",99,9,""
0,"0,1,125",100,8,1
1,"69,1,14",100,8,""
2,"2,1,198,1,0",100,8,""
3,"1,1,203,1,0",100,8,""
4,"1,1,33,1,69,1,0",100,8,""
0,"214,1,0",101,7,""
1,"36,1,69,1,0",101,7,""
2,"1,1,34,1,69,1,0",101,7,""
0,132,102,6,""
1,"0,1,126",102,6,""
0,"0,1,127",103,5,2
1,"37,1,69,1,0",103,5,""
0,"38,1,69,1,0",104,4,""
0,"0,104,1",3,106,""
0,"0,99,2",7,102,""
0,"0,2,183,1,1",74,35,""
0,"0,1,167,1,2",90,19,""
0,"173,1,2",91,18,0
1,"172,1,2",91,18,0
0,"0,1,169,1,2",92,17,""
0,"0,2,120",93,16,0
1,"30,1,69,1,1",93,16,""
2,"0,2,187,1,1",93,16,""
0,"156,1,3",94,15,""
1,"0,2,188,1,1",94,15,2
2,"215,1,0",94,15,""
0,"32,1,38",95,14,""
1,"0,1,155,1,3",95,14,""
2,"195,1,1",95,14,""
0,133,96,13,""
1,"67,1,15",96,13,""
2,"13,1,83,1,3",96,13,""
3,"39,1,69,1,0",96,13,""
4,"13,1,133,1,0",96,13,""
0,134,97,12,0
1,"107,1,5",97,12,""
2,"13,1,134,1,0",97,12,""
0,"81,1,12",98,11,""
1,"2,1,202,1,0",98,11,""
2,"1,1,209,1,0",98,11,""
0,"82,1,12",99,10,"0,1"
1,"197,1,1",99,10,""
2,"2,2,181,1,0",99,10,""
0,"17,1,69,1,3",100,9,""
1,"198,1,1",100,9,""
2,"3,1,181,1,0",100,9,""
0,"86,1,12",101,8,""
1,"216,1,0",101,8,2
0,"1,2,113",102,7,""
1,"69,1,15",102,7,0
2,"3,1,163,1,1",102,7,""
0,"69,1,16",103,6,""
1,"7,1,143,1,1",103,6,1
0,"0,105,1",3,107,""
0,"0,100,2",7,103,""
0,"217,1,0",73,37,""
0,"0,3,183,1,1",74,36,""
0,135,82,28,0
0,"27,1,45",86,24,0
0,"0,2,167,1,2",90,20,""
0,"0,1,172,1,2",91,19,0
0,"0,2,169,1,2",92,18,""
0,"160,1,3",93,17,1
1,"176,1,2",93,17,0
2,"0,3,187,1,1",93,17,""
3,"219,1,0",93,17,""
0,"0,3,188,1,1",94,16,0
1,"220,1,0",94,16,""
0,"0,1,195,1,1",95,15,""
0,"1,1,128",96,14,""
0,"1,1,212,1,0",97,13,""
0,"3,1,188,1,0",98,12,""
1,"2,2,189,1,0",98,12,""
0,136,99,11,""
1,"3,1,189,1,0",99,11,""
0,"70,1,15",100,10,""
1,"23,1,69,1,2",100,10,""
2,"1,1,213,1,0",100,10,""
0,"1,1,69,1,14",101,9,""
1,"3,1,190,1,0",101,9,""
0,"3,1,191,1,0",102,8,""
1,"1,1,214,1,0",102,8,""
2,"1,1,36,1,69,1,0",102,8,""
0,"0,1,69,1,16",103,7,""
1,"222,1,0",103,7,""
0,"0,106,1",3,108,""
0,"0,101,2",7,104,""
0,"0,4,183,1,1",74,37,""
0,137,78,33,""
0,138,81,30,""
0,"0,1,135",82,29,0
0,"224,1,0",85,26,""
0,"0,3,167,1,2",90,21,""
0,"0,2,172,1,2",91,20,0
0,"0,3,169,1,2",92,19,""
1,"42,1,64,1,0",92,19,""
0,"0,4,187,1,1",93,18,""
0,"13,4,3",94,17,""
1,"0,4,188,1,1",94,17,0
0,"1,1,156,1,3",95,16,""
1,"23,1,101,1,0",95,16,""
2,"1,1,215,1,0",95,16,""
0,"226,1,0",96,15,""
0,139,98,13,1
0,"0,1,136",99,12,""
1,"90,1,12",99,12,""
0,"0,1,23,1,69,1,2",100,11,""
1,"2,1,209,1,0",100,11,""
0,141,101,10,""
1,140,101,10,""
2,"3,1,67,1,12",101,10,3
0,142,102,9,2
1,"203,1,1",102,9,""
0,"1,1,69,1,15",103,8,0
1,"34,1,69,1,1",103,8,""
0,"93,1,12",104,7,""
0,"163,1,3",106,5,""
0,"7,1,88",107,4,"0,1"
1,"3,1,69,1,12",107,4,0
0,"0,107,1",3,109,""
0,"0,102,2",7,105,""
0,"1,1,217,1,0",74,38,""
0,"183,1,2",78,34,""
0,"111,1,6",81,31,""
0,"0,2,135",82,30,0
0,"184,1,2",87,25,0
0,"206,1,1",90,22,""
0,"0,3,172,1,2",91,21,0
0,"0,5,187,1,1",93,19,""
0,"0,5,188,1,1",94,18,0
0,143,97,15,""
1,"187,1,2",97,15,""
2,"13,2,67,1,0",97,15,""
0,"188,1,2",98,14,1
1,"228,1,0",98,14,""
0,"2,1,212,1,0",99,13,""
0,"13,1,95,1,3",100,12,""
1,"0,2,23,1,69,1,2",100,12,""
2,"209,1,1",100,12,""
3,"1,1,3,1,189,1,0",100,12,""
0,"164,1,3",101,11,""
1,"3,1,174,1,1",101,11,""
2,"229,1,0",101,11,""
3,"43,1,67,1,0",101,11,""
0,"42,1,69,1,0",102,10,""
1,"1,1,3,1,190,1,0",102,10,""
0,"0,1,34,1,69,1,1",103,9,""
1,"3,1,197,1,0",103,9,""
0,144,104,8,"1,2"
1,"69,1,17",104,8,2
2,"3,1,198,1,0",104,8,""
0,"230,1,0",105,7,""
0,"3,1,69,1,13",106,6,""
1,"0,1,163,1,3",106,6,""
2,"231,1,0",106,6,""
0,"18,1,65",107,5,2
1,"0,1,3,1,69,1,12",107,5,2
2,"7,1,163,1,0",107,5,""
0,"0,108,1",3,110,""
0,"0,103,2",7,106,""
0,"0,1,183,1,2",78,35,""
0,"165,1,3",79,34,""
0,"17,1,111,1,1",81,32,""
0,"210,1,1",82,31,0
0,"1,1,224,1,0",86,27,""
0,"0,1,206,1,1",90,23,""
0,"1,1,42,1,64,1,0",93,20,""
0,145,95,18,0
0,"167,1,3",97,16,0
1,"0,1,187,1,2",97,16,""
0,"168,1,3",98,15,""
1,"0,1,188,1,2",98,15,0
0,"1,1,139",99,14,0
1,"2,1,133",99,14,""
2,"169,1,3",99,14,""
0,"170,1,3",100,13,""
1,"0,3,23,1,69,1,2",100,13,""
2,"0,1,209,1,1",100,13,""
3,"234,1,0",100,13,""
0,"67,1,18",101,12,""
0,"1,1,140",102,11,""
1,"68,1,18",102,11,""
0,146,103,10,0
1,"1,1,142",103,10,""
2,"0,2,34,1,69,1,1",103,10,""
0,147,104,9,1
1,"0,1,144",104,9,1
2,"235,1,0",104,9,1
0,"3,1,111",105,8,1
0,148,106,7,0
1,"3,1,112",106,7,""
2,"37,1,69,1,1",106,7,""
0,"3,1,113",107,6,2
1,"69,1,18",107,6,""
2,"1,1,163,1,3",107,6,""
0,"0,109,1",3,111,""
0,"0,104,2",7,107,""
0,"0,2,183,1,2",78,36,""
0,"0,1,17,1,111,1,1",81,33,""
0,"0,1,210,1,1",82,32,0
0,"193,1,2",94,20,""
0,"13,3,32,1,0",95,19,""
0,"13,3,33,1,0",96,18,""
0,"0,2,187,1,2",97,17,""
0,"1,1,187,1,2",98,16,""
1,"0,2,188,1,2",98,16,0
0,"195,1,2",99,15,""
0,"40,1,69,1,1",100,14,""
1,"0,2,209,1,1",100,14,""
0,149,101,13,""
1,"3,1,116",101,13,3
0,"0,1,68,1,18",102,12,""
0,"0,1,146",103,11,1
1,"1,1,42,1,69,1,0",103,11,""
0,150,104,10,""
1,"216,1,1",104,10,""
0,"70,1,18",105,9,""
1,"3,1,74,1,12",105,9,1
2,"174,1,3",105,9,0
3,"239,1,0",105,9,""
0,"0,1,148",106,8,""
1,"43,1,35",106,8,""
2,"3,1,203,1,0",106,8,""
0,"0,1,69,1,18",107,7,""
1,"240,1,0",107,7,""
0,"241,1,0",108,6,""
1,"1,1,7,1,163,1,0",108,6,""
0,"242,1,0",109,5,""
0,"0,110,1",3,112,""
0,"0,105,2",7,108,""
0,"0,3,183,1,2",78,37,""
0,"199,1,2",80,35,""
0,"0,2,17,1,111,1,1",81,34,""
0,"0,2,210,1,1",82,33,0
0,151,86,29,0
0,152,89,26,0
0,"42,1,36",93,22,0
0,"5,1,96",96,19,0
0,"0,3,187,1,2",97,18,""
0,"0,3,188,1,2",98,17,0
0,"0,1,195,1,2",99,16,""
1,"2,1,226,1,0",99,16,""
0,"13,2,38",100,15,""
1,"176,1,3",100,15,1
2,"201,1,2",100,15,3
3,"0,3,209,1,1",100,15,""
0,"13,1,105,1,3",101,14,""
1,"1,1,170,1,3",101,14,""
2,"3,1,188,1,1",101,14,0
3,"13,2,75,1,0",101,14,""
0,"177,1,3",102,13,""
1,"3,1,189,1,1",102,13,""
2,"13,2,76,1,0",102,13,""
0,"178,1,3",103,12,0
1,"243,1,0",103,12,""
0,"179,1,3",104,11,""
1,"0,1,216,1,1",104,11,""
0,"107,1,12",105,10,0
1,"0,1,174,1,3",105,10,0
2,"3,2,174,1,0",105,10,""
0,"68,1,21",106,9,""
1,"43,1,76,1,0",106,9,""
0,153,107,8,"2,3"
1,"1,1,148",107,8,3
2,"3,1,125",107,8,1
3,"0,2,69,1,18",107,8,""
4,"23,1,69,1,3",107,8,""
0,155,108,7,""
1,154,108,7,""
2,"69,1,19",108,7,3
3,"1,1,69,1,18",108,7,""
4,"24,1,69,1,3",108,7,""
0,"3,1,126",109,6,""
1,"25,1,69,1,3",109,6,""
0,"3,1,127",110,5,""
1,"69,1,20",110,5,""
0,"69,1,21",111,4,1
0,"0,111,1",3,113,""
0,"0,106,2",7,109,""
0,"0,4,183,1,2",78,38,""
0,"0,3,17,1,111,1,1",81,35,""
0,"0,3,210,1,1",82,34,0
0,156,85,31,""
0,"0,1,151",86,30,0
0,"224,1,1",88,28,""
0,"225,1,1",89,27,0
0,"244,1,0",92,24,""
0,"246,1,0",95,21,""
0,"0,4,187,1,2",97,19,""
0,"0,4,188,1,2",98,18,0
1,"248,1,0",98,18,""
0,157,99,17,""
1,"226,1,1",99,17,""
2,"13,1,150,1,0",99,17,""
3,"5,1,187,1,0",99,17,""
0,"0,4,209,1,1",100,16,""
1,"13,1,151,1,0",100,16,""
0,"0,1,3,1,188,1,1",101,15,0
1,"2,1,228,1,0",101,15,""
0,"0,1,177,1,3",102,14,""
1,"249,1,0",102,14,""
0,"0,1,178,1,3",103,13,1
0,"0,1,179,1,3",104,12,""
0,"0,1,107,1,12",105,11,""
0,158,106,10,1
1,"3,1,130",106,10,""
2,"203,1,2",106,10,""
3,"3,1,213,1,0",106,10,""
0,159,107,9,""
1,"43,1,42",107,9,2
2,"181,1,3",107,9,""
3,"34,1,69,1,2",107,9,""
4,"251,1,0",107,9,""
0,160,108,8,""
1,"0,1,69,1,19",108,8,3
2,"109,1,12",108,8,""
0,"0,1,3,1,126",109,7,""
0,"69,1,22",110,6,""
1,"26,1,69,1,3",110,6,""
2,"2,1,7,1,163,1,0",110,6,""
0,"0,1,69,1,21",111,5,2
1,"3,1,38,1,69,1,0",111,5,""
0,"0,112,1",3,114,""
0,"0,107,2",7,110,""
0,"227,1,1",78,39,""
0,"252,1,0",81,36,""
0,"0,4,210,1,1",82,35,""
0,"183,1,3",85,32,""
0,"0,2,151",86,31,0
0,"44,1,36",87,30,"0,1"
0,"0,1,224,1,1",88,29,""
0,"0,1,225,1,1",89,28,0
0,"206,1,2",94,23,0
0,"0,5,187,1,2",97,20,""
0,"0,5,188,1,2",98,19,""
0,"13,2,51,1,3",99,18,""
0,"0,5,209,1,1",100,17,""
1,"13,2,80,1,0",100,17,""
0,"1,1,176,1,3",101,16,""
1,"254,1,0",101,16,0
0,"27,1,69,1,3",102,15,""
1,"0,2,177,1,3",102,15,""
0,"0,2,178,1,3",103,14,""
0,"209,1,2",104,13,""
0,"188,1,3",105,12,0
1,"43,1,68,1,1",105,12,""
0,"174,1,4",106,11,""
1,"189,1,3",106,11,""
2,"3,1,197,1,1",106,11,""
0,163,107,10,""
1,162,107,10,0
2,161,107,10,1
3,"0,1,34,1,69,1,2",107,10,""
0,"1,2,148",108,9,""
1,"0,2,69,1,19",108,9,2
2,"190,1,3",108,9,""
3,"3,1,216,1,0",108,9,""
0,"2,1,148",109,8,""
1,"7,1,101",109,8,""
2,"191,1,3",109,8,1
3,"28,1,69,1,3",109,8,""
4,"48,1,69,1,0",109,8,""
0,165,110,7,""
1,164,110,7,""
2,"0,1,26,1,69,1,3",110,7,""
3,"7,1,163,1,1",110,7,""
0,166,111,6,"0,1"
1,"69,1,23",111,6,""
2,"1,1,69,1,20",111,6,""
0,167,112,5,1
1,"69,1,24",112,5,1
0,"0,113,1",3,115,""
0,"0,108,2",7,111,""
0,"0,5,210,1,1",82,36,""
0,"17,1,111,1,2",85,33,""
0,"211,1,2",86,32,0
1,"210,1,2",86,32,0
0,"0,2,224,1,1",88,30,""
0,"0,2,225,1,1",89,29,1
0,"1,1,244,1,0",93,25,""
0,"1,1,5,1,187,1,0",100,18,""
0,168,102,16,0
1,"13,2,83,1,0",102,16,""
0,"0,1,209,1,2",104,14,""
0,"23,1,75,1,3",105,13,""
1,"0,1,188,1,3",105,13,0
0,"0,1,189,1,3",106,12,""
1,"3,2,189,1,0",106,12,""
0,"0,1,162",107,11,1
1,"192,1,3",107,11,1
2,"0,2,34,1,69,1,2",107,11,""
3,"235,1,1",107,11,""
0,"1,1,181,1,3",108,10,""
1,"0,1,190,1,3",108,10,""
2,"36,1,69,1,2",108,10,""
3,"1,1,251,1,0",108,10,""
0,169,109,9,"0,1"
1,"74,1,21",109,9,0
2,"0,1,191,1,3",109,9,0
3,"7,1,190,1,0",109,9,""
4,"3,2,191,1,0",109,9,""
0,"0,1,164",110,8,""
1,"0,1,7,1,163,1,1",110,8,""
2,"3,1,222,1,0",110,8,""
0,"0,1,166",111,7,2
1,"1,1,69,1,22",111,7,""
0,"0,114,1",3,116,""
0,"0,109,2",7,112,""
0,"0,6,210,1,1",82,37,""
0,"0,1,17,1,111,1,2",85,34,""
0,"0,1,210,1,2",86,33,0
0,"97,1,15",88,31,0
1,"0,3,224,1,1",88,31,""
0,"0,3,225,1,1",89,30,0
0,170,97,22,""
0,171,98,21,0
0,"260,1,0",101,18,""
0,"194,1,3",102,17,0
0,"39,1,69,1,2",103,16,""
0,"0,2,209,1,2",104,15,""
0,"0,2,188,1,3",105,14,0
1,"1,1,209,1,2",105,14,""
0,"195,1,3",106,13,""
1,"0,2,189,1,3",106,13,""
0,"0,2,162",107,12,""
1,"1,1,189,1,3",107,12,""
2,"0,1,235,1,1",107,12,""
3,"261,1,0",107,12,""
0,"0,2,190,1,3",108,11,""
1,"216,1,2",108,11,""
2,"262,1,0",108,11,""
0,"1,1,190,1,3",109,10,""
1,"263,1,0",109,10,""
0,"197,1,3",110,9,""
1,"1,1,28,1,69,1,3",110,9,""
2,"1,1,48,1,69,1,0",110,9,""
0,"3,1,93,1,12",111,8,""
1,"198,1,3",111,8,1
2,"53,1,69,1,0",111,8,""
0,172,112,7,""
1,"264,1,0",112,7,""
0,173,113,6,""
0,"3,2,69,1,12",114,5,""
0,"0,115,1",3,117,""
0,"0,110,2",7,113,""
0,"217,1,2",80,40,""
0,"0,7,210,1,1",82,38,""
0,"0,2,17,1,111,1,2",85,35,""
0,"0,2,210,1,2",86,34,0
0,"265,1,0",87,33,""
0,"0,4,224,1,1",88,32,""
0,"0,4,225,1,1",89,31,0
0,174,93,27,0
0,175,96,24,0
0,"0,1,170",97,23,""
0,"0,1,171",98,22,0
0,"64,1,26",100,20,0
1,"13,5,0",100,20,""
0,"13,2,23,1,24,1,0",101,19,""
0,"2,1,157",102,18,""
0,176,103,17,""
1,"1,1,168",103,17,0
0,"0,3,209,1,2",104,16,""
0,"3,1,188,1,2",105,15,0
1,"266,1,0",105,15,""
0,"0,1,195,1,3",106,14,""
1,"267,1,0",106,14,""
0,"201,1,3",107,13,3
1,"221,1,2",107,13,""
2,"0,2,235,1,1",107,13,""
3,"268,1,0",107,13,""
0,177,108,12,1
1,"1,1,192,1,3",108,12,""
0,"75,1,23",109,11,""
1,"190,1,4",109,11,""
2,"202,1,3",109,11,2
0,"2,1,181,1,3",110,10,""
1,"0,1,197,1,3",110,10,""
2,"269,1,0",110,10,""
3,"3,2,197,1,0",110,10,""
4,"2,1,251,1,0",110,10,""
0,"0,1,198,1,3",111,9,1
1,"271,1,0",111,9,""
2,"270,1,0",111,9,""
3,"3,2,198,1,0",111,9,""
0,"0,1,172",112,8,""
1,"272,1,0",112,8,""
2,"3,1,230,1,0",112,8,""
0,"54,1,69,1,0",113,7,""
1,"3,1,231,1,0",113,7,""
0,"273,1,0",114,6,""
0,"0,116,1",3,118,""
0,"0,111,2",7,114,""
0,"0,8,210,1,1",82,39,""
0,"0,3,17,1,111,1,2",85,36,""
0,"0,3,210,1,2",86,35,0
0,"0,5,224,1,1",88,33,""
0,"0,5,225,1,1",89,32,0
0,"224,1,2",92,29,""
0,"225,1,2",93,28,0
0,"244,1,1",95,26,""
0,"138,1,6",96,25,0
0,"245,1,1",97,24,""
0,"246,1,1",98,23,0
0,"42,1,64,1,2",99,22,""
0,"1,1,260,1,0",102,19,""
0,"0,4,209,1,2",104,17,""
0,"51,1,38",105,16,""
1,"0,1,3,1,188,1,2",105,16,0
0,"23,1,83,1,3",106,15,""
1,"0,2,195,1,3",106,15,""
2,"13,2,95,1,0",106,15,""
3,"5,1,209,1,0",106,15,""
0,"1,1,195,1,3",107,14,""
1,"0,3,235,1,1",107,14,""
2,"13,1,164,1,0",107,14,""
0,"107,1,16",108,13,0
1,"2,1,188,1,3",108,13,0
2,"1,2,189,1,3",108,13,""
0,"2,1,189,1,3",109,12,""
1,"0,1,202,1,3",109,12,""
2,"275,1,0",109,12,""
0,"69,1,26",110,11,""
1,"0,2,197,1,3",110,11,""
0,"120,1,12",111,10,""
1,"0,2,198,1,3",111,10,""
0,"94,1,18",112,9,""
1,"121,1,12",112,9,2
2,"32,1,69,1,3",112,9,""
3,"2,1,191,1,3",112,9,""
0,"3,2,112",113,8,""
1,"122,1,12",113,8,""
2,"204,1,3",113,8,""
3,"203,1,3",113,8,""
4,"33,1,69,1,3",113,8,""
0,178,114,7,""
1,"3,2,113",114,7,""
2,"2,1,69,1,23",114,7,""
3,"34,1,69,1,3",114,7,""
0,179,115,6,0
1,"7,1,113",115,6,""
2,"35,1,69,1,3",115,6,""
3,"57,1,69,1,0",115,6,""
0,180,116,5,""
0,"0,117,1",3,119,""
0,"0,112,2",7,115,""
0,"276,1,0",81,41,""
0,"0,9,210,1,1",82,40,""
0,"253,1,1",85,37,""
0,"0,4,210,1,2",86,36,""
0,"1,1,265,1,0",88,34,""
0,"0,1,224,1,2",92,30,""
0,"0,1,225,1,2",93,29,0
0,"44,1,45",94,28,0
0,"0,1,244,1,1",95,27,""
0,"17,1,138,1,1",96,26,0
0,"0,1,245,1,1",97,25,""
0,"0,1,246,1,1",98,24,0
0,"206,1,3",101,21,0
0,"13,1,167,1,0",103,19,""
0,"254,1,1",104,18,""
1,"278,1,0",104,18,""
2,"13,1,168,1,0",104,18,""
0,"69,1,27",105,17,""
1,"255,1,1",105,17,""
0,"0,4,235,1,1",107,15,""
0,"279,1,0",108,14,0
0,181,110,12,3
0,182,111,11,""
1,"209,1,3",111,11,""
2,"1,1,269,1,0",111,11,""
0,"3,1,174,1,3",112,10,""
1,"281,1,0",112,10,""
2,"1,1,270,1,0",112,10,""
0,"0,1,203,1,3",113,9,""
1,"282,1,0",113,9,""
0,"0,1,178",114,8,""
1,"7,1,163,1,2",114,8,""
0,183,115,7,"3,4"
1,"0,1,179",115,7,"2,3,4"
0,"69,1,28",116,6,""
0,"0,118,1",3,120,""
0,"0,113,2",7,116,""
0,"0,10,210,1,1",82,41,""
0,"0,5,210,1,2",86,37,""
0,"0,2,224,1,2",92,31,""
0,"1,1,224,1,2",93,30,""
1,"0,2,225,1,2",93,30,0
0,"0,2,244,1,1",95,28,""
0,"0,1,17,1,138,1,1",96,27,1
0,"0,2,245,1,1",97,26,""
0,"0,2,246,1,1",98,25,0
0,"59,1,64,1,0",100,23,""
0,184,102,21,0
0,"13,3,23,1,3",104,19,""
0,"50,1,69,1,1",105,18,""
1,"13,2,101,1,0",105,18,""
0,"1,1,5,1,209,1,0",107,16,""
0,185,108,15,0
0,187,109,14,""
1,186,109,14,"0,1"
2,"286,1,0",109,14,""
3,"285,1,0",109,14,""
0,"212,1,3",110,13,""
1,"287,1,0",110,13,""
2,"1,1,275,1,0",110,13,""
0,"0,1,209,1,3",111,12,""
1,"235,1,2",111,12,""
2,"2,1,262,1,0",111,12,""
0,188,112,11,""
1,"0,1,3,1,174,1,3",112,11,""
0,"213,1,3",113,10,""
1,"0,2,203,1,3",113,10,""
2,"288,1,0",113,10,""
0,189,114,9,2
1,"2,1,198,1,3",114,9,1
2,"1,1,203,1,3",114,9,""
3,"0,1,7,1,163,1,2",114,9,""
4,"289,1,0",114,9,""
5,"2,1,53,1,69,1,0",114,9,""
0,"130,1,12",115,8,""
1,"214,1,3",115,8,""
2,"36,1,69,1,3",115,8,1
3,"2,1,264,1,0",115,8,""
0,"94,1,21",116,7,""
1,"1,1,35,1,69,1,3",116,7,""
0,"132,1,12",117,6,""
1,"37,1,69,1,3",117,6,""
0,"38,1,69,1,3",118,5,0
0,"0,119,1",3,121,""
0,"0,114,2",7,117,""
0,"1,1,276,1,0",82,42,""
0,"0,6,210,1,2",86,38,""
0,"0,3,224,1,2",92,32,""
0,"0,3,225,1,2",93,31,0
0,"237,1,2",95,29,0
1,"0,3,244,1,1",95,29,""
0,"0,2,17,1,138,1,1",96,28,0
0,"0,3,245,1,1",97,27,""
0,"0,3,246,1,1",98,26,0
0,190,101,23,""
0,"0,1,184",102,22,0
0,"260,1,1",104,20,""
0,191,105,19,0
1,"1,1,278,1,0",105,19,""
0,"13,2,105,1,0",107,17,""
0,192,108,16,""
1,"215,1,3",108,16,""
0,"0,1,186",109,15,0
0,"13,1,133,1,3",110,14,""
1,"2,1,268,1,0",110,14,""
0,193,111,13,0
1,"0,1,235,1,2",111,13,""
0,"1,1,209,1,3",112,12,""
1,"239,1,2",112,12,""
0,"2,2,181,1,3",113,11,""
1,"3,1,203,1,2",113,11,""
2,"1,1,281,1,0",113,11,""
0,"3,1,181,1,3",114,10,""
1,"53,1,69,1,1",114,10,""
2,"2,1,270,1,0",114,10,""
3,"1,1,282,1,0",114,10,""
0,"216,1,3",115,9,2
1,"264,1,1",115,9,""
2,"2,1,272,1,0",115,9,""
0,"1,1,183",116,8,2
1,"2,1,54,1,69,1,0",116,8,""
0,"0,1,37,1,69,1,3",117,7,""
1,"2,1,273,1,0",117,7,""
0,"0,1,38,1,69,1,3",118,6,1
0,"0,120,1",3,122,""
0,"0,115,2",7,118,""
0,"0,7,210,1,2",86,39,""
0,"217,1,3",87,38,""
0,"0,4,224,1,2",92,33,""
0,"0,4,225,1,2",93,32,0
0,"5,1,224,1,0",94,31,""
0,"0,4,244,1,1",95,30,""
0,"0,3,17,1,138,1,1",96,29,0
0,"0,4,245,1,1",97,28,""
0,"0,4,246,1,1",98,27,0
0,194,100,25,0
0,"0,1,190",101,24,""
0,"0,2,184",102,23,0
0,"1,1,184",103,22,"1,2"
1,"64,1,30",103,22,0
0,"0,1,260,1,1",104,21,""
0,"0,1,191",105,20,0
0,"64,1,31",107,18,0
1,"219,1,3",107,18,1
0,"266,1,1",108,17,""
1,"292,1,0",108,17,""
0,"267,1,1",109,16,""
0,195,110,15,""
1,"1,1,186",110,15,1
2,"293,1,0",110,15,""
0,"1,1,212,1,3",111,14,""
1,"0,2,235,1,2",111,14,""
2,"1,1,287,1,0",111,14,""
0,"3,1,188,1,3",112,13,0
1,"294,1,0",112,13,""
2,"2,1,275,1,0",112,13,""
0,"3,1,189,1,3",113,12,""
1,"13,1,181,1,0",113,12,""
0,196,114,11,"2,3"
1,"221,1,3",114,11,3
2,"1,1,213,1,3",114,11,""
3,"270,1,1",114,11,""
0,"3,1,190,1,3",115,10,""
1,"0,1,216,1,3",115,10,""
2,"1,1,289,1,0",115,10,""
0,"3,1,191,1,3",116,9,0
1,"1,1,36,1,69,1,3",116,9,""
0,"222,1,3",117,8,""
1,"0,2,37,1,69,1,3",117,8,""
0,"0,2,38,1,69,1,3",118,7,""
0,"0,121,1",3,123,""
0,"0,116,2",7,119,""
0,"0,8,210,1,2",86,40,""
0,"0,5,224,1,2",92,34,""
0,"0,5,225,1,2",93,33,0
0,"0,5,244,1,1",95,31,""
0,"297,1,0",96,30,0
0,"0,5,245,1,1",97,29,""
0,"0,5,246,1,1",98,28,0
0,"244,1,2",99,27,""
0,"225,1,3",100,26,0
0,"245,1,2",101,25,""
0,"149,1,6",102,24,""
1,"247,1,2",102,24,1
2,"246,1,2",102,24,1
0,"138,1,11",103,23,1
0,"0,2,260,1,1",104,22,""
0,"274,1,1",105,21,1
1,"13,3,51,1,0",105,21,""
0,"64,2,0",106,20,""
1,"13,3,52,1,0",106,20,""
0,"0,1,267,1,1",109,17,""
1,"300,1,0",109,17,""
0,"303,1,0",110,16,""
1,"302,1,0",110,16,""
0,"0,3,235,1,2",111,15,""
1,"13,1,188,1,0",111,15,""
0,"0,1,3,1,188,1,3",112,14,4
1,"13,1,189,1,0",112,14,""
0,"2,1,181",113,13,""
1,"69,1,30",113,13,2
2,"308,1,0",113,13,""
3,"307,1,0",113,13,""
0,"2,1,209,1,3",114,12,""
1,"0,1,270,1,1",114,12,""
2,"13,1,190,1,0",114,12,""
0,"0,2,216,1,3",115,11,""
0,"0,1,3,1,191,1,3",116,10,2
0,"69,1,31",117,9,1
0,"0,122,1",3,124,""
0,"0,117,2",7,120,""
0,"0,9,210,1,2",86,41,""
0,"252,1,2",88,39,""
0,"0,6,224,1,2",92,35,""
0,"1,1,5,1,224,1,0",95,32,""
0,"0,6,245,1,1",97,30,""
0,"0,6,246,1,1",98,29,0
0,"0,1,244,1,2",99,28,""
0,"17,1,138,1,2",100,27,0
0,"59,1,36",101,26,0
1,"0,1,245,1,2",101,26,""
0,"0,1,246,1,2",102,25,0
1,"17,1,149,1,1",102,25,""
0,"154,1,6",103,24,1
0,"14,1,96",104,23,1
1,"0,3,260,1,1",104,23,""
0,"0,1,274,1,1",105,22,0
0,"254,1,2",108,19,0
0,"13,1,23,1,38",110,17,""
0,"1,2,186",111,16,""
1,"2,1,185",111,16,""
2,"13,2,67,1,3",111,16,""
3,"13,1,23,1,75,1,0",111,16,""
4,"1,1,293,1,0",111,16,""
0,197,112,15,""
1,"228,1,3",112,15,""
2,"0,2,3,1,188,1,3",112,15,""
3,"13,1,23,1,76,1,0",112,15,""
4,"2,1,286,1,0",112,15,""
0,"0,1,69,1,30",113,14,""
1,"2,1,212,1,3",113,14,""
2,"2,1,287,1,0",113,14,""
0,"1,1,3,1,189,1,3",114,13,""
1,"0,2,270,1,1",114,13,""
0,"229,1,3",115,12,2
1,"43,1,67,1,3",115,12,""
2,"3,1,216,1,2",115,12,""
0,"1,1,3,1,190,1,3",116,11,""
1,"64,1,69,1,0",116,11,""
0,"3,1,197,1,3",117,10,""
1,"311,1,0",117,10,""
0,"3,1,198,1,3",118,9,0
1,"313,1,0",118,9,""
0,"230,1,3",119,8,""
0,"231,1,3",120,7,""
0,"0,123,1",3,125,""
0,"0,118,2",7,121,""
0,"0,10,210,1,2",86,42,""
0,"0,7,245,1,1",97,31,""
0,"0,7,246,1,1",98,30,0
0,"0,2,244,1,2",99,29,""
0,"1,1,244,1,2",100,28,""
1,"0,1,17,1,138,1,2",100,28,0
0,"0,2,245,1,2",101,27,""
0,"0,2,246,1,2",102,26,0
1,"0,1,17,1,149,1,1",102,26,""
0,"17,1,154,1,1",103,25,2
1,"315,1,0",103,25,""
0,"0,4,260,1,1",104,24,""
0,"0,2,274,1,1",105,23,0
0,"1,1,64,2,0",107,21,""
0,"13,1,194,1,0",108,20,""
0,198,109,19,0
1,"23,1,150,1,0",109,19,""
0,"317,1,0",110,18,""
0,199,111,17,""
0,"3,1,266,1,0",112,16,""
0,"0,2,69,1,30",113,15,""
1,"1,1,13,1,189,1,0",113,15,""
0,"234,1,3",114,14,""
1,"67,2,0",114,14,""
2,"1,1,308,1,0",114,14,""
0,"319,1,0",115,13,""
0,200,116,12,""
0,"0,1,3,1,197,1,3",117,11,""
1,"320,1,0",117,11,""
0,"1,1,69,1,31",118,10,""
1,"235,1,3",118,10,""
2,"0,1,3,1,198,1,3",118,10,""
3,"321,1,0",118,10,""
4,"3,1,270,1,0",118,10,""
0,"0,1,230,1,3",119,9,""
1,"322,1,0",119,9,""
0,"67,1,69,1,0",120,8,""
0,"323,1,0",121,7,""
0,"69,2,0",126,2,""
0,"324,1,0",127,1,""
0,"0,124,1",3,126,""
0,"0,119,2",7,122,""
0,"290,1,1",86,43,""
0,"62,1,36",95,34,0
0,"0,8,245,1,1",97,32,""
0,"0,8,246,1,1",98,31,0
0,"0,3,244,1,2",99,30,""
0,"0,2,17,1,138,1,2",100,29,0
0,"0,3,245,1,2",101,28,""
0,"257,1,2",102,27,"0,1"
1,"0,3,246,1,2",102,27,0
2,"0,2,17,1,149,1,1",102,27,""
0,"0,1,17,1,154,1,1",103,26,1
0,"0,5,260,1,1",104,25,""
0,"0,3,274,1,1",105,24,0
0,"260,1,2",108,21,""
0,"0,1,198",109,20,0
1,"13,3,32,1,3",109,20,""
0,"13,1,23,1,80,1,0",110,19,""
0,201,111,18,""
0,203,112,17,""
1,202,112,17,1
0,204,113,16,3
1,"59,1,69,1,1",113,16,""
0,"328,1,0",114,15,1
0,205,115,14,""
0,206,116,13,0
0,207,117,12,""
0,"0,1,235,1,3",118,11,""
1,"331,1,0",118,11,""
0,"239,1,3",119,10,""
1,"332,1,0",119,10,""
0,"333,1,0",120,9,""
0,"240,1,3",121,8,""
0,"241,1,3",122,7,""
0,"0,125,1",3,127,""
0,"0,120,2",7,123,""
0,208,90,40,""
0,"265,1,2",94,36,""
0,"0,9,245,1,1",97,33,""
0,"0,9,246,1,1",98,32,0
0,"0,4,244,1,2",99,31,""
0,"0,3,17,1,138,1,2",100,30,0
0,"0,4,245,1,2",101,29,""
1,"5,1,244,1,0",101,29,""
0,"0,4,246,1,2",102,28,0
1,"0,3,17,1,149,1,1",102,28,""
0,"0,2,17,1,154,1,1",103,27,1
0,"1,1,315,1,0",104,26,""
0,"64,1,36",107,23,0
0,"0,1,260,1,2",108,22,""
0,"0,2,198",109,21,0
0,"1,1,198",110,20,1
1,"64,1,37",110,20,2
0,209,111,19,""
1,"292,1,1",111,19,""
0,"0,1,203",112,18,""
1,"0,1,202",112,18,0
2,"334,1,0",112,18,""
3,"13,1,23,1,83,1,0",112,18,""
0,"0,1,59,1,69,1,1",113,17,""
1,"2,1,302,1,0",113,17,""
0,"64,1,39",114,16,2
0,"0,1,205",115,15,""
1,"13,2,75,1,3",115,15,""
0,"1,1,319,1,0",116,14,""
0,210,117,13,""
1,"269,1,2",117,13,""
0,"270,1,2",118,12,""
1,"335,1,0",118,12,""
0,"43,1,74,1,3",119,11,""
1,"336,1,0",119,11,""
2,"1,1,3,1,270,1,0",119,11,""
0,"43,1,76,1,3",120,10,""
0,211,121,9,"0,1,3"
0,"1,1,323,1,0",122,8,""
0,"339,1,0",124,6,""
0,"340,1,0",125,5,""
0,"341,1,0",126,4,""
0,"1,1,69,2,0",127,3,""
0,"1,1,324,1,0",128,2,""
0,"0,126,1",3,128,""
0,"0,121,2",7,124,""
0,"296,1,1",90,41,""
0,"135,1,15",96,35,0
0,"0,10,245,1,1",97,34,""
0,"0,10,246,1,1",98,33,0
0,"297,1,1",99,32,""
0,"298,1,1",100,31,0
0,"0,5,245,1,2",101,30,""
0,"0,5,246,1,2",102,29,0
1,"0,4,17,1,149,1,1",102,29,""
0,"343,1,0",103,28,1
0,"244,1,3",106,25,""
0,"138,1,14",107,24,0
0,"0,2,260,1,2",108,23,""
0,"274,1,2",109,22,1
1,"1,1,260,1,2",109,22,""
2,"64,2,1",109,22,""
0,"299,1,1",110,21,1
0,"0,1,292,1,1",111,20,""
0,"248,1,3",112,19,2
1,"301,1,1",112,19,""
2,"300,1,1",112,19,1
0,212,113,18,0
1,"0,2,59,1,69,1,1",113,18,""
2,"347,1,0",113,18,""
3,"346,1,0",113,18,""
0,"13,1,151,1,3",114,17,""
0,"2,1,228,1,3",115,16,""
1,"1,1,328,1,0",115,16,""
0,"3,1,186",116,15,0
1,"275,1,2",116,15,""
2,"2,2,287,1,0",116,15,""
0,"69,1,36",117,14,""
1,"13,1,209,1,0",117,14,""
2,"3,1,287,1,0",117,14,""
0,"67,1,39",118,13,0
1,"0,1,270,1,2",118,13,""
2,"67,1,75,1,0",118,13,""
0,213,119,12,2
1,"68,1,39",119,12,""
0,214,120,11,1
1,"69,1,37",120,11,1
2,"1,1,239,1,3",120,11,""
3,"351,1,0",120,11,""
0,215,121,10,2
1,"0,1,211",121,10,2
2,"251,1,3",121,10,""
0,216,122,9,""
0,"69,1,38",123,8,""
1,"352,1,0",123,8,""
0,217,124,7,""
1,"69,1,39",124,7,0
2,"353,1,0",124,7,""
3,"69,1,75,1,0",124,7,""
0,"69,1,76,1,0",125,6,""
0,218,127,4,""
0,"0,127,1",3,129,""
0,"0,122,2",7,125,""
0,"276,1,2",88,44,""
0,"0,1,296,1,1",90,42,""
0,"354,1,0",95,37,""
0,"0,11,245,1,1",97,35,""
0,"0,11,246,1,1",98,34,0
0,"0,1,297,1,1",99,33,""
0,"0,6,245,1,2",101,31,""
0,"0,6,246,1,2",102,30,0
1,"1,1,5,1,244,1,0",102,30,""
0,"17,1,149,1,2",106,26,""
0,"17,1,138,1,3",107,25,0
0,"137,1,15",108,24,"0,1"
1,"0,3,260,1,2",108,24,""
0,"0,1,274,1,2",109,23,0
1,"0,1,64,2,1",109,23,""
0,"0,1,299,1,1",110,22,1
1,"13,4,23,1,0",110,22,""
0,"278,1,2",111,21,1
1,"0,2,292,1,1",111,21,""
2,"13,4,24,1,0",111,21,""
0,"0,1,301,1,1",112,20,""
1,"0,1,300,1,1",112,20,0
0,"0,1,212",113,19,0
1,"1,1,334,1,0",113,19,""
0,"355,1,0",114,18,""
0,"3,1,192",115,17,""
1,"279,1,2",115,17,0
2,"357,1,0",115,17,""
0,"0,1,3,1,186",116,16,1
1,"359,1,0",116,16,""
2,"13,1,212,1,0",116,16,""
0,"67,1,41",117,15,""
1,"0,1,69,1,36",117,15,""
2,"360,1,0",117,15,""
0,219,118,14,""
1,"155,1,12",118,14,1
2,"361,1,0",118,14,""
0,"0,1,68,1,39",119,13,""
1,"64,1,69,1,1",119,13,""
2,"13,1,213,1,0",119,13,""
3,"1,1,335,1,0",119,13,""
0,"174,1,5",120,12,"0,1"
1,"312,1,1",120,12,0
2,"311,1,1",120,12,""
3,"363,1,0",120,12,""
0,"0,1,251,1,3",121,11,""
1,"314,1,1",121,11,1
0,"70,1,39",122,10,2
1,"3,1,216,1,3",122,10,"0,2"
0,"366,1,0",123,9,""
0,"0,1,69,1,39",124,8,""
1,"367,1,0",124,8,""
0,222,125,7,""
1,221,125,7,""
2,220,125,7,""
0,"69,1,42",126,6,""
1,"368,1,0",126,6,""
0,"2,1,69,2,0",129,3,""
0,"2,1,324,1,0",130,2,""
0,"0,128,1",3,130,""
0,"0,123,2",7,126,""
0,"0,2,296,1,1",90,43,""
0,"0,12,245,1,1",97,36,""
0,"0,12,246,1,1",98,35,""
0,"0,7,245,1,2",101,32,""
0,"0,7,246,1,2",102,31,0
0,"0,1,17,1,149,1,2",106,27,""
0,"59,1,64,1,2",107,26,0
1,"17,1,154,1,2",107,26,0
0,"0,4,260,1,2",108,25,""
0,"0,2,274,1,2",109,24,0
1,"0,2,64,2,1",109,24,""
0,"0,2,299,1,1",110,23,2
1,"5,1,260,1,0",110,23,""
0,"0,3,292,1,1",111,22,""
0,"0,2,301,1,1",112,21,""
1,"0,2,300,1,1",112,21,0
0,"317,1,1",113,20,"0,1"
0,"1,1,347,1,0",114,19,""
0,"13,1,32,1,38",115,18,""
1,"3,1,266,1,1",115,18,""
0,224,116,17,""
1,223,116,17,0
2,"13,2,83,1,3",116,17,""
3,"3,1,267,1,1",116,17,""
4,"13,2,133,1,0",116,17,""
0,"0,2,69,1,36",117,16,""
1,"369,1,0",117,16,""
2,"13,2,134,1,0",117,16,""
3,"2,1,328,1,0",117,16,2
0,"1,1,69,1,36",118,15,""
1,"1,1,3,1,287,1,0",118,15,""
0,"0,1,64,1,69,1,1",119,14,""
1,"370,1,0",119,14,""
0,"0,1,312,1,1",120,13,""
1,"0,1,311,1,1",120,13,""
0,"3,1,270,1,1",121,12,""
1,"0,1,314,1,1",121,12,1
2,"1,1,351,1,0",121,12,""
0,225,122,11,"0,2"
1,"1,1,251,1,3",122,11,""
0,226,123,10,""
1,"69,1,80,1,0",123,10,""
0,227,124,9,1
1,"68,1,69,1,1",124,9,""
2,"373,1,0",124,9,""
0,"376,1,0",125,8,""
1,"375,1,0",125,8,2
0,"1,1,69,1,76,1,0",126,7,""
0,228,127,6,""
0,"69,2,1",129,4,""
0,"324,1,1",130,3,0
0,"0,129,1",3,131,""
0,"0,124,2",7,127,""
0,"379,1,0",89,45,""
0,"0,3,296,1,1",90,44,""
0,"0,13,246,1,1",98,36,""
0,"0,8,245,1,2",101,33,""
0,"62,1,45",102,32,1
1,"0,8,246,1,2",102,32,0
0,"0,2,17,1,149,1,2",106,28,""
0,"0,1,17,1,154,1,2",107,27,0
0,"0,5,260,1,2",108,26,""
0,"257,1,3",109,25,"0,1"
1,"0,3,274,1,2",109,25,0
2,"0,3,64,2,1",109,25,""
0,"0,3,299,1,1",110,24,0
0,"0,4,292,1,1",111,23,""
0,"0,3,300,1,1",112,22,0
1,"380,1,0",112,22,0
0,"0,1,317,1,1",113,21,0
1,"13,1,219,1,0",113,21,""
0,"2,1,209",114,20,""
1,"13,1,220,1,0",114,20,""
0,"260,1,3",115,19,""
1,"381,1,0",115,19,""
0,"0,1,224",116,18,""
1,"0,1,223",116,18,0
2,"1,1,357,1,0",116,18,""
0,"59,1,69,1,2",117,17,""
1,"1,1,359,1,0",117,17,""
0,229,118,16,""
0,230,119,15,""
1,"1,1,219",119,15,""
0,"0,2,312,1,1",120,14,""
1,"0,2,311,1,1",120,14,""
2,"385,1,0",120,14,""
0,231,121,13,3
1,"261,1,3",121,13,""
2,"0,2,314,1,1",121,13,3
0,"74,1,39",122,12,2
1,"262,1,3",122,12,""
2,"18,1,188,1,0",122,12,""
0,"387,1,0",123,11,""
1,"386,1,0",123,11,""
2,"18,1,189,1,0",123,11,""
0,"389,1,0",124,10,""
1,"388,1,0",124,10,""
2,"1,1,366,1,0",124,10,""
0,232,125,9,4
1,"390,1,0",125,9,""
2,"69,1,82,1,0",125,9,""
3,"18,1,190,1,0",125,9,""
0,"264,1,3",126,8,""
1,"394,1,0",126,8,""
2,"393,1,0",126,8,""
3,"392,1,0",126,8,""
0,233,127,7,""
1,"397,1,0",127,7,""
2,"396,1,0",127,7,""
3,"1,1,368,1,0",127,7,""
0,234,128,6,1
1,"399,1,0",128,6,""
2,"398,1,0",128,6,""
3,"2,1,340,1,0",128,6,""
0,"0,1,69,2,1",129,5,""
1,"400,1,0",129,5,""
2,"2,1,341,1,0",129,5,""
0,"0,1,324,1,1",130,4,2
0,"0,130,1",3,132,""
0,"0,125,2",7,128,""
0,"0,4,296,1,1",90,45,""
0,235,94,41,""
0,236,97,38,""
0,"0,14,246,1,1",98,37,""
0,"0,9,245,1,2",101,34,""
1,"402,1,0",101,34,""
0,"0,9,246,1,2",102,33,0
0,"0,3,17,1,149,1,2",106,29,""
0,"0,2,17,1,154,1,2",107,28,0
0,"0,6,260,1,2",108,27,""
1,"42,1,137,1,0",108,27,""
0,"0,4,64,2,1",109,26,""
0,"0,4,299,1,1",110,25,0
0,"1,1,5,1,260,1,0",111,24,""
0,"0,4,300,1,1",112,23,""
0,"0,2,317,1,1",113,22,0
0,"64,1,45",114,21,0
1,"13,5,3",114,21,""
0,"292,1,2",115,20,""
1,"13,1,23,1,101,1,0",115,20,""
0,"0,2,224",116,19,""
1,"0,2,223",116,19,0
2,"2,1,212",116,19,""
0,238,117,18,4
1,237,117,18,2
2,"1,1,223",117,18,1
3,"293,1,2",117,18,""
4,"0,1,59,1,69,1,2",117,18,""
0,239,118,17,"3,4"
1,"0,1,229",118,17,""
0,"0,1,230",119,16,""
1,"3,1,197",119,16,""
2,"266,1,3",119,16,""
3,"294,1,2",119,16,""
0,"188,1,5",120,15,""
1,"267,1,3",120,15,0
2,"0,3,312,1,1",120,15,""
3,"0,3,311,1,1",120,15,""
0,240,121,14,"2,3,4"
1,"268,1,3",121,14,""
2,"335,1,1",121,14,""
3,"0,3,314,1,1",121,14,4
0,241,122,13,"0,1"
1,"13,1,142",122,13,""
2,"407,1,0",122,13,""
0,"1,1,225",123,12,""
1,"190,1,5",123,12,""
2,"408,1,0",123,12,""
0,242,124,11,0
1,"269,1,3",124,11,""
2,"411,1,0",124,11,""
3,"410,1,0",124,11,""
4,"409,1,0",124,11,""
0,"271,1,3",125,10,""
1,"270,1,3",125,10,""
2,"413,1,0",125,10,""
3,"412,1,0",125,10,""
0,243,126,9,""
1,"272,1,3",126,9,""
2,"1,1,376,1,0",126,9,""
3,"1,1,375,1,0",126,9,""
0,"54,1,69,1,3",127,8,""
1,"339,1,1",127,8,""
2,"2,1,353,1,0",127,8,""
3,"2,1,69,1,75,1,0",127,8,""
0,"340,1,1",128,7,2
1,"2,1,69,1,76,1,0",128,7,""
0,244,129,6,""
1,"163,1,12",129,6,""
2,"0,2,69,2,1",129,6,""
0,245,130,5,""
1,"2,1,218",130,5,""
2,"0,2,324,1,1",130,5,2
0,"0,131,1",3,133,""
0,"0,126,2",7,129,""
0,"1,1,379,1,0",90,46,""
0,"296,1,2",94,42,""
0,"183,1,6",97,39,""
0,"0,15,246,1,1",98,38,""
0,"0,10,245,1,2",101,35,""
0,"0,10,246,1,2",102,34,0
0,"297,1,2",103,33,1
0,"343,1,1",106,30,""
0,"0,3,17,1,154,1,2",107,29,0
0,"0,5,64,2,1",109,27,""
0,"0,5,299,1,1",110,26,0
0,"0,5,300,1,1",112,24,""
0,"64,2,2",113,23,""
1,"0,3,317,1,1",113,23,0
0,"299,1,2",114,22,0
0,"0,1,292,1,2",115,21,""
0,246,116,20,""
1,"1,1,260,1,3",116,20,""
2,"301,1,2",116,20,""
3,"300,1,2",116,20,1
4,"347,1,1",116,20,""
0,"0,1,237",117,19,0
1,"188,1,6",117,19,2
2,"0,2,59,1,69,1,2",117,19,""
3,"13,3,67,1,0",117,19,""
4,"2,1,355,1,0",117,19,""
0,"0,2,229",118,18,""
0,"0,1,266,1,3",119,17,""
1,"349,1,1",119,17,""
2,"2,1,359,1,0",119,17,""
0,"13,2,95,1,3",120,16,""
1,"0,1,267,1,3",120,16,0
2,"308,1,2",120,16,""
3,"0,4,312,1,1",120,16,""
4,"7,1,266,1,0",120,16,""
0,247,121,15,""
1,"1,1,385,1,0",121,15,""
0,"0,1,241",122,14,0
0,248,123,13,""
1,"275,1,3",123,13,""
2,"417,1,0",123,13,""
0,249,124,12,""
1,"0,1,242",124,12,1
2,"69,1,45",124,12,""
0,250,125,11,1
1,"0,1,270,1,3",125,11,""
0,252,126,10,""
1,251,126,10,0
2,"352,1,1",126,10,""
0,254,127,9,3
1,253,127,9,""
2,"1,1,392,1,0",127,9,""
0,255,128,8,""
1,"2,1,222",128,8,""
2,"2,1,220",128,8,""
3,"0,1,340,1,1",128,8,""
0,256,129,7,""
1,"57,1,69,1,3",129,7,""
2,"0,3,69,2,1",129,7,""
3,"2,1,368,1,0",129,7,""
0,"0,3,324,1,1",130,6,2
1,"69,1,93,1,0",130,6,""
0,257,131,5,2
0,"2,2,69,2,0",132,4,""
0,"3,1,69,2,0",133,3,""
1,"2,2,324,1,0",133,3,""
0,"3,1,324,1,0",134,2,""
0,"0,132,1",3,134,""
0,"0,127,2",7,130,""
0,"0,1,296,1,2",94,43,""
0,"276,1,3",95,42,""
0,"17,1,183,1,1",97,40,""
0,"0,16,246,1,1",98,39,""
0,"0,11,245,1,2",101,36,""
0,"0,11,246,1,2",102,35,0
1,"1,1,402,1,0",102,35,""
0,"0,1,343,1,1",106,31,""
0,"1,1,42,1,137,1,0",109,28,""
0,"5,1,184",111,26,0
0,"0,6,300,1,1",112,25,""
0,"0,1,64,2,2",113,24,""
1,"0,4,317,1,1",113,24,0
0,"0,1,299,1,2",114,23,0
0,"149,1,15",115,22,0
1,"0,2,292,1,2",115,22,""
0,"0,1,301,1,2",116,21,""
1,"0,1,300,1,2",116,21,0
2,"0,1,347,1,1",116,21,""
0,"0,2,237",117,20,0
1,"13,1,167,1,3",117,20,3
2,"355,1,1",117,20,2
3,"17,1,188,1,1",117,20,2
0,"5,1,186",118,19,1
1,"278,1,3",118,19,1
2,"13,1,168,1,3",118,19,""
3,"358,1,1",118,19,""
4,"420,1,0",118,19,""
0,"0,2,266,1,3",119,18,""
1,"359,1,1",119,18,0
2,"0,1,349,1,1",119,18,""
0,"0,2,267,1,3",120,17,""
1,"421,1,0",120,17,""
0,"195,1,5",121,16,""
0,"169,1,12",122,15,""
1,"279,1,3",122,15,0
2,"423,1,0",122,15,""
0,"170,1,12",123,14,0
1,"363,1,1",123,14,""
2,"23,1,181,1,0",123,14,""
0,"312,1,2",124,13,""
1,"311,1,2",124,13,""
2,"365,1,1",124,13,""
3,"76,1,82,1,0",124,13,""
0,"197,1,5",125,12,""
1,"0,2,270,1,3",125,12,""
2,"314,1,2",125,12,2
3,"426,1,0",125,12,""
4,"425,1,0",125,12,5
0,258,126,11,2
1,"281,1,3",126,11,""
2,"1,1,270,1,3",126,11,""
3,"1,1,413,1,0",126,11,""
4,"1,1,412,1,0",126,11,""
0,"282,1,3",127,10,""
1,"367,1,1",127,10,""
2,"428,1,0",127,10,""
3,"2,1,373,1,0",127,10,""
0,259,128,9,2
1,"69,1,49",128,9,""
2,"2,1,376,1,0",128,9,""
0,261,129,8,5
1,260,129,8,1
2,"0,4,69,2,1",129,8,""
3,"69,1,95,1,0",129,8,5
0,262,130,7,0
1,"2,1,228",130,7,""
2,"69,1,50",130,7,""
3,"0,4,324,1,1",130,7,3
0,263,131,6,""
1,"0,1,257",131,6,""
2,"18,1,113",131,6,""
0,264,132,5,"1,2"
0,"0,133,1",3,135,""
0,"0,128,2",7,131,""
0,"0,2,296,1,2",94,44,""
0,"0,1,17,1,183,1,1",97,41,""
0,"0,17,246,1,1",98,40,""
0,"0,12,245,1,2",101,37,""
0,"0,12,246,1,2",102,36,""
0,"315,1,2",110,28,""
0,"0,7,300,1,1",112,26,""
0,"0,2,64,2,2",113,25,""
1,"0,5,317,1,1",113,25,1
0,"1,1,64,2,2",114,24,""
1,"0,2,299,1,2",114,24,0
0,"0,3,292,1,2",115,23,""
1,"13,4,32,1,0",115,23,""
0,"0,2,301,1,2",116,22,""
1,"0,2,300,1,2",116,22,0
2,"0,2,347,1,1",116,22,""
3,"13,4,33,1,0",116,22,""
0,"317,1,2",117,21,1
1,"1,1,300,1,2",117,21,""
2,"0,1,17,1,188,1,1",117,21,3
3,"435,1,0",117,21,""
0,"0,1,358,1,1",118,20,""
1,"2,1,381,1,0",118,20,""
0,"0,1,359,1,1",119,19,0
1,"0,2,349,1,1",119,19,""
0,"266,1,4",120,18,""
0,"436,1,0",121,17,""
1,"23,1,188,1,0",121,17,""
0,"437,1,0",122,16,""
1,"23,1,189,1,0",122,16,""
0,265,123,15,""
1,"286,1,3",123,15,1
2,"285,1,3",123,15,""
3,"438,1,0",123,15,""
0,"287,1,3",124,14,"1,2"
1,"0,1,312,1,2",124,14,""
2,"0,1,311,1,2",124,14,""
3,"439,1,0",124,14,""
4,"23,1,190,1,0",124,14,""
5,"1,1,417,1,0",124,14,""
0,"1,1,69,1,45",125,13,""
1,"2,1,262,1,3",125,13,""
2,"321,1,2",125,13,""
3,"0,1,314,1,2",125,13,1
4,"3,1,335,1,0",125,13,""
0,266,126,12,""
0,267,127,11,""
1,"288,1,3",127,11,""
2,"0,1,367,1,1",127,11,""
0,"3,1,211",128,10,3
1,"174,1,12",128,10,""
2,"375,1,1",128,10,4
3,"442,1,0",128,10,""
4,"441,1,0",128,10,""
5,"2,1,69,1,82,1,0",128,10,""
0,268,129,9,""
1,"0,1,260",129,9,1
2,"2,1,264,1,3",129,9,""
3,"0,5,69,2,1",129,9,""
4,"444,1,0",129,9,""
5,"443,1,0",129,9,""
0,269,130,8,1
1,"0,1,262",130,8,1
2,"0,5,324,1,1",130,8,2
3,"445,1,0",130,8,""
4,"2,1,396,1,0",130,8,""
0,270,131,7,"3,5"
1,"378,1,1",131,7,""
2,"3,1,339,1,0",131,7,""
3,"2,1,398,1,0",131,7,""
0,"446,1,0",132,6,""
1,"3,1,340,1,0",132,6,""
2,"2,1,400,1,0",132,6,""
0,"69,2,2",133,5,""
1,"3,1,341,1,0",133,5,""
0,"324,1,2",134,4,2
1,"1,1,3,1,69,2,0",134,4,""
0,"1,1,3,1,324,1,0",135,3,""
0,"0,134,1",3,136,""
0,"0,129,2",7,132,""
0,"0,3,296,1,2",94,45,""
0,"325,1,2",96,43,""
0,"0,2,17,1,183,1,1",97,42,""
0,"0,18,246,1,1",98,41,""
0,"0,13,246,1,2",102,37,""
0,271,105,34,0
0,"88,1,36",109,30,0
0,"27,1,96",112,27,0
1,"0,8,300,1,1",112,27,""
0,"0,3,64,2,2",113,26,""
1,"0,6,317,1,1",113,26,0
0,"0,3,299,1,2",114,25,0
0,"380,1,1",115,24,""
0,"64,1,72,1,2",116,23,1
1,"0,3,301,1,2",116,23,""
2,"0,3,300,1,2",116,23,0
3,"0,3,347,1,1",116,23,""
0,"0,1,317,1,2",117,22,"0,1"
1,"0,2,17,1,188,1,1",117,22,1
0,"0,2,358,1,1",118,21,""
0,"1,1,278,1,3",119,20,1
1,"0,2,359,1,1",119,20,1
2,"1,1,420,1,0",119,20,""
0,"13,3,38",120,19,""
0,"13,2,105,1,3",121,18,""
1,"13,3,75,1,0",121,18,""
0,272,122,17,""
1,"13,3,76,1,0",122,17,""
0,"0,1,265",123,16,""
1,"0,1,286,1,3",123,16,""
2,"0,1,285,1,3",123,16,""
0,"0,2,312,1,2",124,15,""
1,"0,2,311,1,2",124,15,""
2,"3,2,287,1,0",124,15,""
0,273,125,14,""
1,"177,1,12",125,14,4
2,"0,2,314,1,2",125,14,3
0,275,126,13,"2,4"
1,274,126,13,3
2,"386,1,1",126,13,""
0,276,127,12,"3,4"
1,"1,2,270,1,3",127,12,""
2,"333,1,2",127,12,3
3,"389,1,1",127,12,""
4,"0,2,367,1,1",127,12,""
0,"391,1,1",128,11,2
1,"390,1,1",128,11,""
2,"0,1,375,1,1",128,11,1
3,"18,1,209,1,0",128,11,""
0,"2,1,272,1,3",129,10,""
1,"392,1,1",129,10,""
2,"0,6,69,2,1",129,10,""
3,"450,1,0",129,10,""
0,277,130,9,""
1,"1,1,260",130,9,2
2,"2,1,54,1,69,1,3",130,9,""
3,"396,1,1",130,9,""
4,"0,6,324,1,1",130,9,0
5,"3,1,352,1,0",130,9,""
6,"1,1,69,1,95,1,0",130,9,""
0,"3,1,69,1,39",131,8,3
1,"398,1,1",131,8,3
2,"2,2,69,1,76,1,0",131,8,""
0,"3,1,69,1,76,1,0",132,7,""
0,"2,1,245",133,6,""
1,"69,1,53",133,6,""
2,"0,1,69,2,2",133,6,""
0,"69,1,54",134,5,""
1,"0,1,324,1,2",134,5,1
0,"0,135,1",3,137,""
0,"0,130,2",7,133,""
0,"0,4,296,1,2",94,46,""
0,"0,3,17,1,183,1,1",97,43,""
0,"0,19,246,1,1",98,42,""
0,278,101,39,""
0,"0,14,246,1,2",102,38,""
0,"402,1,1",104,36,""
0,"403,1,1",105,35,0
0,"452,1,0",108,32,""
0,"453,1,0",111,29,""
0,"0,9,300,1,1",112,28,""
0,"0,4,64,2,2",113,27,""
1,"0,7,317,1,1",113,27,0
0,"0,4,299,1,2",114,26,0
0,"0,1,380,1,1",115,25,""
1,"5,1,64,2,0",115,25,""
0,"0,4,300,1,2",116,24,""
1,"0,4,347,1,1",116,24,""
0,"0,2,317,1,2",117,23,"0,1"
1,"0,3,17,1,188,1,1",117,23,1
0,"13,1,248,1,0",118,22,""
1,"1,1,435,1,0",118,22,""
0,"334,1,2",119,21,""
1,"13,2,150,1,0",119,21,""
0,"64,1,57",121,19,0
0,"292,1,3",122,18,""
0,"0,2,265",123,17,""
0,279,124,16,2
1,"293,1,3",124,16,""
2,"0,3,312,1,2",124,16,""
3,"0,3,311,1,2",124,16,""
4,"1,1,438,1,0",124,16,""
0,"1,1,287,1,3",125,15,""
1,"0,3,314,1,2",125,15,4
2,"407,1,1",125,15,""
3,"456,1,0",125,15,""
4,"67,1,107,1,0",125,15,""
0,"0,1,275",126,14,""
1,"294,1,3",126,14,""
2,"69,1,72,1,2",126,14,""
3,"457,1,0",126,14,""
4,"1,1,3,1,335,1,0",126,14,""
0,"13,1,181,1,3",127,13,""
1,"0,3,367,1,1",127,13,""
2,"458,1,0",127,13,""
3,"3,1,363,1,0",127,13,""
0,280,128,12,"2,3,4"
1,"0,2,375,1,1",128,12,4
2,"459,1,0",128,12,""
3,"76,1,95,1,0",128,12,""
0,"0,7,69,2,1",129,11,""
1,"461,1,0",129,11,""
2,"1,1,442,1,0",129,11,""
0,"0,7,324,1,1",130,10,1
1,"463,1,0",130,10,""
2,"18,1,213,1,0",130,10,""
3,"3,1,366,1,0",130,10,""
0,281,131,9,4
1,"0,1,3,1,69,1,39",131,9,""
2,"3,1,367,1,0",131,9,""
3,"1,1,445,1,0",131,9,""
0,"3,1,220",132,8,""
1,"466,1,0",132,8,""
2,"465,1,0",132,8,""
3,"2,2,368,1,0",132,8,""
0,"26,1,69,1,12",133,7,""
1,"0,2,69,2,2",133,7,""
2,"3,1,368,1,0",133,7,""
3,"1,1,446,1,0",133,7,""
0,"1,1,69,2,2",134,6,""
1,"0,2,324,1,2",134,6,0
0,"1,1,324,1,2",135,5,""
0,"0,136,1",3,138,""
0,"0,131,2",7,134,""
0,"416,1,1",94,47,""
0,"469,1,0",97,44,""
0,"0,20,246,1,1",98,43,""
0,"296,1,3",101,40,""
0,"0,15,246,1,2",102,39,""
0,"97,1,36",103,38,0
0,"0,1,402,1,1",104,37,""
0,"0,1,403,1,1",105,36,0
0,"343,1,2",110,31,0
0,"0,10,300,1,1",112,29,""
0,"0,5,64,2,2",113,28,""
1,"0,8,317,1,1",113,28,0
0,"0,5,299,1,2",114,27,0
0,"0,5,300,1,2",116,25,""
1,"0,5,347,1,1",116,25,""
0,"0,3,317,1,2",117,24,"0,1"
1,"64,1,112,1,0",117,24,1
0,"13,3,51,1,3",119,22,""
0,"347,1,2",120,21,""
1,"13,3,80,1,0",120,21,""
0,"299,1,3",121,20,0
0,"0,1,292,1,3",122,19,""
0,282,123,18,"1,2"
1,"3,1,223",123,18,1
2,"209,1,6",123,18,""
3,"300,1,3",123,18,1
4,"349,1,2",123,18,""
0,"188,1,11",124,17,2
1,"303,1,3",124,17,""
2,"302,1,3",124,17,""
3,"0,4,312,1,2",124,17,""
4,"7,1,267,1,1",124,17,""
5,"472,1,0",124,17,""
0,"304,1,3",125,16,""
1,"13,1,188,1,3",125,16,""
2,"0,4,314,1,2",125,16,""
3,"473,1,0",125,16,""
0,"306,1,3",126,15,""
1,"13,1,189,1,3",126,15,""
2,"418,1,1",126,15,""
0,283,127,14,"1,2"
1,"13,1,161",127,14,""
2,"307,1,3",127,14,""
3,"351,1,2",127,14,""
4,"0,4,367,1,1",127,14,""
0,"188,1,12",128,13,""
1,"309,1,3",128,13,""
2,"13,1,190,1,3",128,13,""
3,"475,1,0",128,13,2
4,"474,1,0",128,13,""
0,"189,1,12",129,12,1
1,"0,8,69,2,1",129,12,""
2,"476,1,0",129,12,""
0,284,130,11,""
1,"3,1,226",130,11,""
2,"0,8,324,1,1",130,11,3
3,"477,1,0",130,11,""
4,"1,1,450,1,0",130,11,""
0,"0,1,281",131,10,""
1,"3,1,227",131,10,3
2,"69,1,57",131,10,""
3,"190,1,12",131,10,2
4,"3,1,68,1,69,1,1",131,10,""
5,"2,2,376,1,0",131,10,""
0,285,132,9,2
1,"191,1,12",132,9,""
2,"3,1,376,1,0",132,9,""
3,"2,1,69,1,95,1,0",132,9,""
0,"0,3,69,2,2",133,8,""
1,"480,1,0",133,8,5
2,"1,1,3,1,69,1,76,1,0",133,8,""
0,286,134,7,""
1,"0,3,324,1,2",134,7,2
0,287,135,6,1
0,"3,1,69,2,1",136,5,""
0,"3,1,324,1,1",137,4,0
0,"0,137,1",3,139,""
0,"0,132,2",7,135,""
0,"0,21,246,1,1",98,44,""
0,"17,1,183,1,2",101,41,""
0,"354,1,2",102,40,""
1,"0,16,246,1,2",102,40,""
0,"0,2,402,1,1",104,38,""
0,"0,2,403,1,1",105,37,1
0,"1,1,452,1,0",109,33,""
0,"1,1,453,1,0",112,30,""
0,"0,9,317,1,1",113,29,""
0,"0,6,300,1,2",116,26,""
1,"1,1,5,1,64,2,0",116,26,""
0,"0,4,317,1,2",117,25,0
0,"5,1,198",118,24,1
0,"0,1,347,1,2",120,22,""
0,"17,1,188,1,2",121,21,0
0,"81,1,45",122,20,0
1,"358,1,2",122,20,""
2,"13,3,83,1,0",122,20,""
0,"359,1,2",123,19,1
1,"0,1,349,1,2",123,19,""
2,"17,1,209,1,1",123,19,""
0,"0,5,312,1,2",124,18,""
1,"422,1,1",124,18,3
0,288,125,17,1
1,"3,1,229",125,17,""
2,"13,1,23,1,75,1,3",125,17,""
3,"361,1,2",125,17,""
0,"2,1,286,1,3",126,16,""
1,"0,1,306,1,3",126,16,""
2,"0,1,418,1,1",126,16,""
0,"0,1,283",127,15,1
1,"2,1,287,1,3",127,15,"1,2"
2,"1,1,457,1,0",127,15,""
0,289,128,14,""
1,"425,1,1",128,14,""
0,290,129,13,3
1,"70,1,57",129,13,3
2,"0,1,189,1,12",129,13,2
3,"0,9,69,2,1",129,13,""
0,291,130,12,""
1,"0,9,324,1,1",130,12,2
2,"484,1,0",130,12,""
3,"3,1,386,1,0",130,12,""
0,"0,1,190,1,12",131,11,""
1,"311,1,3",131,11,""
2,"367,1,2",131,11,""
3,"485,1,0",131,11,""
4,"3,1,389,1,0",131,11,""
0,292,132,10,"4,6"
1,"0,1,285",132,10,5
2,"3,1,232",132,10,""
3,"314,1,3",132,10,4
4,"313,1,3",132,10,""
5,"3,1,390,1,0",132,10,""
0,294,133,9,1
1,293,133,9,""
2,"0,4,69,2,2",133,9,""
3,"3,1,392,1,0",133,9,""
4,"2,1,445,1,0",133,9,""
0,295,134,8,0
1,"0,1,286",134,8,""
2,"3,1,233",134,8,""
3,"0,4,324,1,2",134,8,4
4,"3,1,397,1,0",134,8,""
5,"3,1,396,1,0",134,8,""
0,"0,1,287",135,7,2
1,"3,1,234",135,7,6
2,"5,1,69,2,0",135,7,""
3,"3,1,399,1,0",135,7,""
4,"3,1,398,1,0",135,7,""
0,"0,1,3,1,69,2,1",136,6,""
1,"5,1,324,1,0",136,6,""
2,"3,1,400,1,0",136,6,""
0,"0,1,3,1,324,1,1",137,5,2
0,"0,138,1",3,140,""
0,"0,133,2",7,136,""
0,"0,22,246,1,1",98,45,""
0,"0,1,17,1,183,1,2",101,42,""
0,"0,17,246,1,2",102,41,""
0,"165,1,15",104,39,0
1,"0,3,402,1,1",104,39,""
0,"0,3,403,1,1",105,38,0
0,"0,7,300,1,2",116,27,""
0,"0,5,317,1,2",117,26,1
1,"491,1,0",117,26,""
0,"0,2,347,1,2",120,23,""
0,"1,1,347,1,2",121,22,""
1,"0,1,17,1,188,1,2",121,22,0
0,"13,1,194,1,3",122,21,1
1,"0,1,358,1,2",122,21,""
0,"23,1,150,1,3",123,20,""
1,"0,1,359,1,2",123,20,0
2,"0,2,349,1,2",123,20,""
3,"0,1,17,1,209,1,1",123,20,""
0,"317,1,3",124,19,2
1,"369,1,2",124,19,""
2,"0,1,422,1,1",124,19,3
0,"1,1,302,1,3",125,18,""
1,"437,1,1",125,18,""
0,"3,1,266,1,3",126,17,""
1,"438,1,1",126,17,""
2,"0,2,418,1,1",126,17,""
0,"3,1,267,1,3",127,16,1
1,"440,1,1",127,16,2
2,"13,1,261,1,0",127,16,""
0,296,128,15,3
1,"67,2,3",128,15,""
2,"0,1,425,1,1",128,15,""
3,"495,1,0",128,15,""
4,"13,1,262,1,0",128,15,""
0,"319,1,3",129,14,1
1,"67,1,68,1,3",129,14,1
2,"0,10,69,2,1",129,14,""
3,"3,1,407,1,0",129,14,""
0,297,130,13,0
1,"68,2,3",130,13,""
2,"0,10,324,1,1",130,13,1
3,"76,1,107,1,0",130,13,""
0,298,131,12,""
1,"3,1,242",131,12,"1,2,4"
2,"67,1,62",131,12,1
3,"320,1,3",131,12,""
4,"0,1,311,1,3",131,12,""
5,"0,1,367,1,2",131,12,""
6,"1,1,477,1,0",131,12,""
0,"68,1,62",132,11,""
1,"1,1,69,1,57",132,11,""
2,"321,1,3",132,11,""
3,"3,1,270,1,3",132,11,""
4,"0,1,314,1,3",132,11,2
5,"375,1,2",132,11,3
6,"3,1,412,1,0",132,11,""
7,"2,1,450,1,0",132,11,""
0,"0,1,293",133,10,""
1,"3,1,243",133,10,""
2,"197,1,12",133,10,"0,4"
3,"322,1,3",133,10,""
4,"0,5,69,2,2",133,10,""
0,299,134,9,5
1,"0,1,295",134,9,"0,1"
2,"0,2,286",134,9,""
3,"198,1,12",134,9,4
4,"67,1,69,1,3",134,9,""
5,"0,5,324,1,2",134,9,3
6,"3,1,339,1,1",134,9,""
0,300,135,8,""
1,"323,1,3",135,8,""
2,"68,1,69,1,3",135,8,""
3,"446,1,1",135,8,5
4,"3,1,340,1,1",135,8,""
0,301,136,7,0
1,"3,1,244",136,7,""
2,"0,2,3,1,69,2,1",136,7,""
0,"3,1,245",137,6,""
1,"69,1,62",137,6,""
2,"0,2,3,1,324,1,1",137,6,1
0,"69,2,3",140,3,""
0,"324,1,3",141,2,0
0,"0,139,1",3,141,""
0,"0,134,2",7,137,""
0,"379,1,2",96,48,""
0,"0,23,246,1,1",98,46,""
0,"0,2,17,1,183,1,2",101,43,""
0,"0,18,246,1,2",102,42,""
0,"498,1,0",103,41,""
0,"0,4,402,1,1",104,40,""
0,"0,4,403,1,1",105,39,0
0,302,109,35,0
0,303,112,32,0
0,"137,1,26",116,28,0
1,"0,8,300,1,2",116,28,""
0,"0,6,317,1,2",117,27,0
0,"380,1,2",119,25,0
0,"0,3,347,1,2",120,24,""
1,"13,6,0",120,24,""
0,"0,2,17,1,188,1,2",121,23,0
1,"13,3,23,1,24,1,0",121,23,""
0,"0,2,358,1,2",122,22,""
0,"382,1,2",123,21,"0,1"
1,"0,2,359,1,2",123,21,0
2,"0,3,349,1,2",123,21,""
3,"0,2,17,1,209,1,1",123,21,""
0,"0,2,422,1,1",124,20,0
0,"0,1,437,1,1",125,19,""
1,"13,1,266,1,0",125,19,""
0,"9,1,186",126,18,2
1,"0,1,3,1,266,1,3",126,18,""
2,"501,1,0",126,18,""
3,"500,1,0",126,18,""
4,"13,1,267,1,0",126,18,""
0,304,127,17,2
1,"0,1,3,1,267,1,3",127,17,2
2,"385,1,2",127,17,""
3,"0,1,440,1,1",127,17,""
4,"13,1,268,1,0",127,17,""
0,"328,1,3",128,16,"0,3"
1,"0,1,67,2,3",128,16,""
2,"449,1,1",128,16,2
0,"0,1,319,1,3",129,15,""
1,"0,11,69,2,1",129,15,""
2,"23,1,213,1,0",129,15,""
0,"0,1,297",130,14,0
1,"67,1,64",130,14,""
2,"386,1,2",130,14,""
3,"0,11,324,1,1",130,14,1
4,"3,1,417,1,0",130,14,""
0,305,131,13,""
1,"174,1,16",131,13,2
2,"389,1,2",131,13,""
3,"0,2,367,1,2",131,13,""
0,"202,1,12",132,12,""
1,"331,1,3",132,12,""
2,"391,1,2",132,12,5
3,"0,1,375,1,2",132,12,4
4,"1,1,485,1,0",132,12,""
0,"3,1,251",133,11,4
1,"0,1,197,1,12",133,11,4
2,"332,1,3",133,11,""
3,"0,6,69,2,2",133,11,""
4,"3,1,352,1,1",133,11,""
5,"7,1,321,1,0",133,11,""
0,"1,1,294",134,10,4
1,"3,1,253",134,10,""
2,"0,1,198,1,12",134,10,""
3,"333,1,3",134,10,2
4,"0,6,324,1,2",134,10,3
5,"451,1,1",134,10,""
6,"7,1,322,1,0",134,10,""
0,"70,1,62",135,9,""
1,"0,1,68,1,69,1,3",135,9,""
2,"0,1,446,1,1",135,9,3
3,"504,1,0",135,9,""
0,"3,1,256",136,8,""
1,"1,1,5,1,69,2,0",136,8,""
0,"0,1,69,1,62",137,7,""
1,"3,1,69,1,93,1,0",137,7,""
2,"1,1,5,1,324,1,0",137,7,""
0,"3,1,257",138,6,2
1,"505,1,0",138,6,""
0,"507,1,0",139,5,""
1,"506,1,0",139,5,""
0,"0,1,69,2,3",140,4,""
1,"508,1,0",140,4,""
0,"0,1,324,1,3",141,3,1
1,"3,2,324,1,0",141,3,""
0,"7,1,324,1,0",142,2,""
0,"0,140,1",3,142,""
0,"0,135,2",7,138,""
0,"0,24,246,1,1",98,47,""
0,"0,3,17,1,183,1,2",101,44,""
0,"0,19,246,1,2",102,43,""
0,"0,5,402,1,1",104,41,""
0,"0,5,403,1,1",105,40,0
0,"402,1,2",108,37,""
0,"403,1,2",109,36,0
0,"452,1,1",111,34,""
0,"225,1,6",112,33,0
0,"42,1,137,1,2",115,30,""
0,"0,9,300,1,2",116,29,""
0,"0,7,317,1,2",117,28,0
0,"1,1,491,1,0",118,27,""
0,"0,4,347,1,2",120,25,""
0,"0,3,17,1,188,1,2",121,24,0
0,"454,1,1",122,23,""
1,"5,1,347,1,0",122,23,""
0,"0,3,17,1,209,1,1",123,22,""
0,"0,3,422,1,1",124,21,0
0,306,125,20,""
1,"13,1,51,1,38",125,20,""
2,"510,1,0",125,20,""
0,"334,1,3",126,19,""
1,"13,1,23,1,83,1,3",126,19,""
2,"0,2,3,1,266,1,3",126,19,""
3,"13,3,95,1,0",126,19,""
0,"2,1,302,1,3",127,18,""
1,"0,2,3,1,267,1,3",127,18,""
2,"0,2,440,1,1",127,18,""
3,"13,2,164,1,0",127,18,""
0,307,128,17,0
1,"0,1,449,1,1",128,17,1
2,"2,1,473,1,0",128,17,""
0,"68,1,107,1,1",129,16,""
1,"0,12,69,2,1",129,16,""
0,"0,2,297",130,15,""
1,"1,1,319,1,3",130,15,""
2,"3,1,363,1,1",130,15,""
3,"0,12,324,1,1",130,15,2
0,310,131,14,0
1,309,131,14,"1,3"
2,308,131,14,5
3,"1,1,297",131,14,""
4,"0,3,367,1,2",131,14,""
5,"460,1,1",131,14,""
0,"335,1,3",132,13,""
1,"412,1,2",132,13,""
2,"0,1,391,1,2",132,13,""
3,"0,2,375,1,2",132,13,4
4,"3,1,425,1,0",132,13,""
0,311,133,12,""
1,"336,1,3",133,12,1
2,"1,1,321,1,3",133,12,""
3,"0,7,69,2,2",133,12,""
4,"511,1,0",133,12,""
5,"1,1,3,1,412,1,0",133,12,""
0,312,134,11,"2,3"
1,"0,1,333,1,3",134,11,""
2,"0,7,324,1,2",134,11,4
3,"0,1,451,1,1",134,11,""
0,"338,1,3",135,10,2
1,"0,2,68,1,69,1,3",135,10,""
2,"0,2,446,1,1",135,10,4
0,313,136,9,""
1,"203,1,12",136,9,1
2,"513,1,0",136,9,""
0,314,137,8,"0,3,4"
1,"3,1,262",137,8,0
2,"34,1,69,1,12",137,8,""
0,315,138,7,"0,1"
1,"3,1,263",138,7,""
2,"0,1,3,1,257",138,7,""
3,"35,1,69,1,12",138,7,""
4,"339,1,3",138,7,""
0,317,139,6,"0,1"
1,316,139,6,""
2,"3,1,264",139,6,""
3,"340,1,3",139,6,4
0,"341,1,3",140,5,""
1,"0,2,69,2,3",140,5,""
0,"1,1,69,2,3",141,4,""
1,"0,2,324,1,3",141,4,0
0,"1,1,324,1,3",142,3,""
0,"0,141,1",3,143,""
0,"0,136,2",7,139,""
0,"515,1,0",97,49,""
0,"0,25,246,1,1",98,48,""
0,"470,1,1",101,45,""
0,"0,20,246,1,2",102,44,""
0,"1,1,498,1,0",104,42,""
0,"0,1,402,1,2",108,38,""
0,"0,1,403,1,2",109,37,0
0,"97,1,45",110,36,0
0,"0,1,452,1,1",111,35,""
0,"17,1,225,1,1",112,34,0
0,"0,10,300,1,2",116,30,""
0,"343,1,3",117,29,1
1,"0,8,317,1,2",117,29,0
0,"516,1,0",120,26,""
0,"64,1,113,1,1",121,25,""
0,"0,4,17,1,209,1,1",123,23,""
1,"13,2,167,1,0",123,23,""
0,"517,1,0",124,22,0
1,"13,2,168,1,0",124,22,""
0,318,126,20,1
0,"347,1,3",127,19,""
1,"0,3,440,1,1",127,19,""
2,"1,1,500,1,0",127,19,""
0,"188,1,14",128,18,1
1,"0,2,449,1,1",128,18,2
2,"519,1,0",128,18,""
0,319,129,17,""
1,"1,1,328,1,3",129,17,""
2,"0,13,69,2,1",129,17,""
0,"209,1,11",130,16,""
1,"3,1,285,1,3",130,16,""
2,"2,2,287,1,3",130,16,""
3,"418,1,2",130,16,""
4,"0,13,324,1,1",130,16,3
5,"3,1,438,1,0",130,16,""
0,"0,1,310",131,15,4
1,"0,1,309",131,15,"2,3"
2,"13,1,209,1,3",131,15,""
3,"3,1,287,1,3",131,15,2
4,"475,1,1",131,15,""
0,"67,1,75,1,3",132,14,""
1,"0,1,335,1,3",132,14,""
2,"0,3,375,1,2",132,14,""
3,"3,2,335,1,0",132,14,""
0,321,133,13,"1,2,3"
1,320,133,13,"1,2"
2,"67,1,76,1,3",133,13,1
3,"0,1,336,1,3",133,13,1
4,"0,8,69,2,2",133,13,""
5,"7,1,335,1,0",133,13,""
0,"209,1,12",134,12,""
1,"351,1,3",134,12,4
2,"0,2,333,1,3",134,12,""
3,"0,8,324,1,2",134,12,2
4,"0,2,451,1,1",134,12,""
0,"74,1,62",135,11,"1,3,4"
1,"3,1,174,1,12",135,11,""
2,"0,1,338,1,3",135,11,"4,6"
3,"0,3,446,1,1",135,11,6
4,"520,1,0",135,11,""
0,"3,1,268",136,10,""
1,"7,1,211",136,10,0
2,"480,1,1",136,10,2
3,"521,1,0",136,10,""
4,"1,1,504,1,0",136,10,""
0,"3,1,269",137,9,3
1,"0,1,3,1,262",137,9,3
2,"352,1,3",137,9,""
3,"523,1,0",137,9,""
0,322,138,8,3
1,"3,1,270",138,8,3
2,"353,1,3",138,8,""
3,"69,1,75,1,3",138,8,""
4,"0,1,339,1,3",138,8,""
5,"524,1,0",138,8,""
0,"0,1,317",139,7,0
1,"69,1,76,1,3",139,7,""
2,"0,1,340,1,3",139,7,""
3,"525,1,0",139,7,""
4,"1,1,505,1,0",139,7,""
0,"3,1,69,2,2",140,6,""
1,"1,1,507,1,0",140,6,""
2,"1,1,506,1,0",140,6,""
0,"3,1,324,1,2",141,5,4
1,"526,1,0",141,5,""
2,"1,1,508,1,0",141,5,""
0,"324,1,4",142,4,""
1,"527,1,0",142,4,""
0,"1,1,7,1,324,1,0",143,3,""
0,"0,142,1",3,144,""
0,"0,137,2",7,140,""
0,"0,26,246,1,1",98,49,""
0,"0,21,246,1,2",102,45,""
0,"0,2,402,1,2",108,39,""
0,"1,1,402,1,2",109,38,""
1,"0,2,403,1,2",109,38,0
0,"0,2,452,1,1",111,36,""
0,"0,1,17,1,225,1,1",112,35,1
0,"0,11,300,1,2",116,31,""
1,"59,1,137,1,0",116,31,""
0,"1,1,5,1,347,1,0",123,24,""
0,"13,4,23,1,3",124,23,""
0,"5,1,223",125,22,0
1,"420,1,2",125,22,""
2,"13,3,101,1,0",125,22,""
0,"421,1,2",127,20,""
1,"17,1,209,1,2",127,20,""
2,"0,4,440,1,1",127,20,""
0,"13,1,185",128,19,5
1,"422,1,2",128,19,2
2,"0,3,449,1,1",128,19,3
0,"187,1,15",129,18,0
1,"358,1,3",129,18,""
2,"357,1,3",129,18,""
3,"0,14,69,2,1",129,18,""
4,"13,1,286,1,0",129,18,""
0,"359,1,3",130,17,"1,2"
1,"13,1,212,1,3",130,17,""
2,"0,1,3,1,285,1,3",130,17,""
3,"0,1,418,1,2",130,17,""
4,"481,1,1",130,17,""
5,"0,14,324,1,1",130,17,2
6,"13,1,287,1,0",130,17,""
0,323,131,16,""
1,"0,2,309",131,16,2
2,"360,1,3",131,16,""
3,"482,1,1",131,16,3
0,"23,1,142",132,15,""
1,"0,2,335,1,3",132,15,""
2,"426,1,2",132,15,""
3,"425,1,2",132,15,""
0,"13,1,213,1,3",133,14,""
1,"1,1,335,1,3",133,14,""
2,"0,9,69,2,2",133,14,""
3,"484,1,1",133,14,""
4,"531,1,0",133,14,""
5,"13,1,288,1,0",133,14,""
0,"363,1,3",134,13,""
1,"428,1,2",134,13,""
2,"0,9,324,1,2",134,13,3
3,"485,1,1",134,13,""
4,"533,1,0",134,13,""
5,"532,1,0",134,13,""
6,"1,1,511,1,0",134,13,""
0,"7,1,214",135,12,""
1,"365,1,3",135,12,2
2,"3,1,390,1,1",135,12,""
3,"43,1,174,1,0",135,12,4
0,324,136,11,1
1,"0,1,7,1,211",136,11,2
2,"213,1,12",136,11,""
3,"3,1,392,1,1",136,11,""
0,325,137,10,"0,2"
1,"366,1,3",137,10,""
2,"0,1,352,1,3",137,10,""
3,"3,2,352,1,0",137,10,""
0,"0,1,322",138,9,""
1,"367,1,3",138,9,1
2,"535,1,0",138,9,""
0,327,139,8,""
1,326,139,8,6
2,"0,2,317",139,8,0
3,"0,2,340,1,3",139,8,""
0,328,140,7,7
1,"1,1,317",140,7,"1,5"
2,"37,1,69,1,12",140,7,""
3,"368,1,3",140,7,""
4,"0,1,3,1,69,2,2",140,7,""
0,329,141,6,"1,4"
1,"0,1,3,1,324,1,2",141,6,3
0,"1,2,69,2,3",142,5,""
0,"2,1,69,2,3",143,4,""
1,"1,2,324,1,3",143,4,""
0,"2,1,324,1,3",144,3,1
0,"0,143,1",3,145,""
0,"0,138,2",7,141,""
0,"1,1,515,1,0",98,50,""
0,"0,22,246,1,2",102,46,""
0,"0,3,402,1,2",108,40,""
0,"0,3,403,1,2",109,39,0
0,"432,1,2",111,37,0
1,"0,3,452,1,1",111,37,""
0,"0,2,17,1,225,1,1",112,36,0
0,"491,1,1",120,28,""
0,330,121,27,0
0,"435,1,2",124,24,""
0,331,126,22,""
0,332,127,21,""
1,"1,1,318",127,21,1
2,"0,1,17,1,209,1,2",127,21,""
3,"0,5,440,1,1",127,21,""
4,"537,1,0",127,21,""
5,"13,3,105,1,0",127,21,""
0,"436,1,2",128,20,""
1,"0,1,422,1,2",128,20,1
2,"0,4,449,1,1",128,20,2
3,"538,1,0",128,20,""
0,333,129,19,""
1,"437,1,2",129,19,""
2,"1,1,519,1,0",129,19,""
0,"13,2,133,1,3",130,18,""
1,"0,1,359,1,3",130,18,1
2,"0,2,418,1,2",130,18,""
3,"0,1,481,1,1",130,18,""
4,"0,15,324,1,1",130,18,""
5,"539,1,0",130,18,""
0,"2,1,328,1,3",131,17,1
1,"440,1,2",131,17,3
2,"439,1,2",131,17,""
3,"0,1,482,1,1",131,17,4
0,335,132,16,"1,2"
1,334,132,16,"1,2"
2,"1,1,3,1,287,1,3",132,16,""
0,"7,1,219",133,15,""
1,"335,1,4",133,15,""
2,"370,1,3",133,15,1
3,"0,10,69,2,2",133,15,""
4,"0,1,484,1,1",133,15,""
0,336,134,14,""
1,"1,1,320",134,14,3
2,"0,1,363,1,3",134,14,""
3,"0,10,324,1,2",134,14,2
4,"3,2,363,1,0",134,14,""
0,"0,1,365,1,3",135,13,1
1,"442,1,2",135,13,""
2,"7,1,311,1,1",135,13,""
3,"540,1,0",135,13,""
0,"371,1,3",136,12,""
1,"7,1,314,1,1",136,12,2
2,"541,1,0",136,12,""
0,"0,1,325",137,11,2
1,"0,1,366,1,3",137,11,""
2,"543,1,0",137,11,""
3,"3,1,463,1,0",137,11,""
0,"0,2,322",138,10,""
1,"216,1,12",138,10,""
2,"374,1,3",138,10,4
3,"373,1,3",138,10,4
4,"0,1,367,1,3",138,10,4
5,"544,1,0",138,10,""
6,"1,1,523,1,0",138,10,""
0,"0,1,326",139,9,""
1,"0,3,317",139,9,6
2,"339,1,4",139,9,""
3,"376,1,3",139,9,""
4,"375,1,3",139,9,"3,5"
5,"446,1,2",139,9,6
6,"7,1,367,1,0",139,9,""
7,"1,1,524,1,0",139,9,""
0,"7,1,220",140,8,""
1,"340,1,4",140,8,""
2,"1,1,69,1,76,1,3",140,8,""
3,"0,2,3,1,69,2,2",140,8,""
4,"547,1,0",140,8,""
5,"546,1,0",140,8,""
6,"1,1,525,1,0",140,8,""
0,338,141,7,""
1,337,141,7,""
2,"377,1,3",141,7,""
3,"0,2,3,1,324,1,2",141,7,4
4,"7,1,368,1,0",141,7,""
0,339,142,6,5
1,"378,1,3",142,6,4
2,"2,1,506,1,0",142,6,""
0,340,143,5,""
1,"1,1,527,1,0",143,5,""
0,"0,1,2,1,324,1,3",144,4,""
1,"548,1,0",144,4,""
0,"2,1,7,1,324,1,0",145,3,""
0,"0,144,1",3,146,""
0,"0,139,2",7,142,""
0,"0,23,246,1,2",102,47,""
0,"379,1,3",103,46,""
0,"0,4,402,1,2",108,41,""
0,"0,4,403,1,2",109,40,0
0,"5,1,402,1,0",110,39,""
0,"0,4,452,1,1",111,38,""
0,"0,3,17,1,225,1,1",112,37,0
0,341,116,33,0
0,"14,1,184",119,30,1
1,"137,1,30",119,30,0
0,"0,1,491,1,1",120,29,""
0,"17,1,171",121,28,0
0,"149,1,26",123,26,0
0,"380,1,3",126,23,0
1,"549,1,0",126,23,""
0,"13,1,219,1,3",127,22,0
1,"0,2,17,1,209,1,2",127,22,""
2,"0,6,440,1,1",127,22,""
0,"2,1,306",128,21,""
1,"0,2,422,1,2",128,21,0
2,"0,5,449,1,1",128,21,1
3,"13,1,292,1,0",128,21,""
0,"381,1,3",129,20,""
1,"0,1,437,1,2",129,20,""
2,"500,1,1",129,20,""
0,"382,1,3",130,19,"1,3"
1,"1,1,357,1,3",130,19,""
2,"0,2,359,1,3",130,19,1
3,"0,3,418,1,2",130,19,""
4,"0,2,481,1,1",130,19,""
5,"0,16,324,1,1",130,19,""
0,"1,1,359,1,3",131,18,""
1,"0,1,440,1,2",131,18,0
2,"0,2,482,1,1",131,18,0
3,"1,1,13,1,287,1,0",131,18,""
0,"195,1,16",132,17,""
1,"1,1,360,1,3",132,17,""
2,"449,1,2",132,17,"0,1"
3,"13,1,294,1,0",132,17,""
0,342,133,16,1
1,"0,1,370,1,3",133,16,""
2,"0,11,69,2,2",133,16,""
3,"552,1,0",133,16,""
4,"13,2,181,1,0",133,16,""
0,"385,1,3",134,15,""
1,"0,2,363,1,3",134,15,""
2,"0,11,324,1,2",134,15,1
0,"3,1,188,1,12",135,14,""
1,"0,2,365,1,3",135,14,""
2,"0,1,7,1,311,1,1",135,14,""
0,"3,1,189,1,12",136,13,1
1,"18,1,188,1,3",136,13,""
2,"0,1,371,1,3",136,13,""
3,"0,1,7,1,314,1,1",136,13,2
0,"221,1,12",137,12,""
1,"387,1,3",137,12,""
2,"386,1,3",137,12,""
3,"18,1,189,1,3",137,12,""
4,"0,2,366,1,3",137,12,""
5,"3,1,477,1,0",137,12,""
0,"3,1,190,1,12",138,11,""
1,"389,1,3",138,11,""
2,"388,1,3",138,11,""
3,"1,1,366,1,3",138,11,""
4,"0,1,373,1,3",138,11,""
5,"0,2,367,1,3",138,11,""
6,"451,1,2",138,11,""
7,"504,1,1",138,11,""
0,"3,1,191,1,12",139,10,""
1,"391,1,3",139,10,"3,4"
2,"390,1,3",139,10,""
3,"69,1,82,1,3",139,10,""
4,"18,1,190,1,3",139,10,""
5,"0,1,375,1,3",139,10,4
6,"0,1,446,1,2",139,10,4
7,"69,1,133,1,0",139,10,""
8,"1,1,535,1,0",139,10,""
0,"395,1,3",140,9,""
1,"394,1,3",140,9,4
2,"393,1,3",140,9,""
3,"392,1,3",140,9,""
4,"6,1,69,2,1",140,9,""
5,"69,1,134,1,0",140,9,""
6,"3,1,480,1,0",140,9,7
0,"1,2,317",141,8,5
1,"397,1,3",141,8,4
2,"396,1,3",141,8,4
3,"1,1,368,1,3",141,8,""
4,"0,1,377,1,3",141,8,""
5,"505,1,1",141,8,""
6,"6,1,324,1,1",141,8,""
0,"7,1,228",142,7,""
1,"399,1,3",142,7,""
2,"398,1,3",142,7,"2,3,4,8"
3,"2,1,340,1,3",142,7,"4,8"
4,"0,1,378,1,3",142,7,"4,8"
5,"507,1,1",142,7,4
6,"506,1,1",142,7,4
0,"400,1,3",143,6,""
1,"2,1,341,1,3",143,6,""
2,"508,1,1",143,6,""
0,"9,1,324,1,0",144,5,""
0,"7,1,324,1,1",145,4,""
0,"0,145,1",3,147,[NULL]
0,"0,140,2",7,143,[NULL]
0,"0,24,246,1,2",102,48,[NULL]
0,"0,5,402,1,2",108,42,[NULL]
0,"0,5,403,1,2",109,41,[NULL]
0,"0,5,452,1,1",111,39,[NULL]
0,"555,1,0",112,38,[NULL]
0,"452,1,2",115,35,[NULL]
0,"403,1,3",116,34,[NULL]
0,"244,1,6",118,32,[NULL]
1,"453,1,2",118,32,[NULL]
0,"225,1,11",119,31,[NULL]
0,"0,2,491,1,1",120,30,[NULL]
0,"509,1,1",121,29,[NULL]
0,"64,1,137,1,0",122,28,[NULL]
0,"558,1,0",125,25,[NULL]
1,"13,4,51,1,0",125,25,[NULL]
0,"13,4,52,1,0",126,24,[NULL]
0,"0,3,17,1,209,1,2",127,23,[NULL]
1,"0,7,440,1,1",127,23,[NULL]
0,"1,1,332",128,22,[NULL]
1,"0,3,422,1,2",128,22,[NULL]
2,"0,6,449,1,1",128,22,[NULL]
0,343,129,21,[NULL]
1,"0,2,437,1,2",129,21,[NULL]
2,"0,1,500,1,1",129,21,[NULL]
3,"42,1,187,1,0",129,21,[NULL]
0,"0,3,481,1,1",130,20,[NULL]
1,"0,17,324,1,1",130,20,[NULL]
2,"13,1,303,1,0",130,20,[NULL]
0,"0,2,440,1,2",131,19,[NULL]
1,"0,3,482,1,1",131,19,[NULL]
2,"13,2,188,1,0",131,19,[NULL]
0,"0,1,449,1,2",132,18,[NULL]
1,"560,1,0",132,18,[NULL]
2,"13,2,189,1,0",132,18,[NULL]
0,"5,1,69,1,45",133,17,[NULL]
1,"0,12,69,2,2",133,17,[NULL]
0,"458,1,2",134,16,[NULL]
1,"0,12,324,1,2",134,16,[NULL]
2,"13,2,190,1,0",134,16,[NULL]
0,344,135,15,[NULL]
1,"3,1,425,1,1",135,15,[NULL]
2,"0,2,7,1,311,1,1",135,15,[NULL]
3,"7,1,385,1,0",135,15,[NULL]
0,"407,1,3",136,14,[NULL]
1,"0,2,7,1,314,1,1",136,14,[NULL]
2,"1,1,540,1,0",136,14,[NULL]
0,345,137,13,[NULL]
1,"408,1,3",137,13,[NULL]
2,"0,1,386,1,3",137,13,[NULL]
0,"411,1,3",138,12,[NULL]
1,"410,1,3",138,12,[NULL]
2,"409,1,3",138,12,[NULL]
3,"0,1,389,1,3",138,12,[NULL]
4,"0,1,451,1,2",138,12,[NULL]
5,"0,1,504,1,1",138,12,[NULL]
6,"3,1,485,1,0",138,12,[NULL]
0,"3,1,292",139,11,[NULL]
1,"413,1,3",139,11,[NULL]
2,"412,1,3",139,11,[NULL]
3,"0,1,391,1,3",139,11,[NULL]
4,"0,1,390,1,3",139,11,[NULL]
5,"0,2,446,1,2",139,11,[NULL]
6,"43,1,191,1,0",139,11,[NULL]
7,"2,1,521,1,0",139,11,[NULL]
8,"1,1,544,1,0",139,11,[NULL]
0,"414,1,3",140,10,[NULL]
1,"1,1,376,1,3",140,10,[NULL]
2,"1,1,375,1,3",140,10,[NULL]
3,"0,1,394,1,3",140,10,[NULL]
4,"0,1,392,1,3",140,10,[NULL]
5,"1,1,446,1,2",140,10,[NULL]
6,"564,1,0",140,10,[NULL]
7,"563,1,0",140,10,[NULL]
8,"2,1,523,1,0",140,10,[NULL]
0,"415,1,3",141,9,[NULL]
1,"2,1,69,1,75,1,3",141,9,[NULL]
2,"0,1,397,1,3",141,9,[NULL]
3,"0,1,396,1,3",141,9,[NULL]
4,"0,1,505,1,1",141,9,[NULL]
5,"565,1,0",141,9,[NULL]
6,"3,2,396,1,0",141,9,[NULL]
7,"2,1,524,1,0",141,9,[NULL]
8,"1,1,547,1,0",141,9,[NULL]
9,"1,1,546,1,0",141,9,[NULL]
0,"0,1,398,1,3",142,8,[NULL]
1,"0,1,507,1,1",142,8,[NULL]
2,"0,1,506,1,1",142,8,[NULL]
3,"567,1,0",142,8,[NULL]
4,"566,1,0",142,8,[NULL]
5,"7,1,396,1,0",142,8,[NULL]
6,"3,2,398,1,0",142,8,[NULL]
7,"2,1,525,1,0",142,8,[NULL]
0,346,143,7,[NULL]
1,"0,1,508,1,1",143,7,[NULL]
2,"7,1,398,1,0",143,7,[NULL]
3,"3,2,400,1,0",143,7,[NULL]
0,347,144,6,[NULL]
1,"7,1,400,1,0",144,6,[NULL]
2,"2,1,526,1,0",144,6,[NULL]
0,"0,1,7,1,324,1,1",145,5,[NULL]
1,"10,1,324,1,0",145,5,[NULL]
2,"2,1,527,1,0",145,5,[NULL]
0,"11,1,324,1,0",146,4,[NULL]
0,"0,146,1",3,148,[NULL]
0,"0,141,2",7,144,[NULL]
0,"0,25,246,1,2",102,49,[NULL]
0,"469,1,2",104,47,[NULL]
0,"0,6,402,1,2",108,43,[NULL]
0,"1,1,5,1,402,1,0",111,40,[NULL]
0,"0,1,452,1,2",115,36,[NULL]
0,"17,1,225,1,2",116,35,[NULL]
0,"125,1,36",117,34,[NULL]
0,"17,1,244,1,1",118,33,[NULL]
0,"17,1,138,1,6",119,32,[NULL]
0,"44,1,96",120,31,[NULL]
1,"0,3,491,1,1",120,31,[NULL]
0,"0,1,509,1,1",121,30,[NULL]
0,"64,1,112,1,2",124,27,[NULL]
0,"0,8,440,1,1",127,24,[NULL]
1,"1,1,549,1,0",127,24,[NULL]
0,"0,7,449,1,1",128,23,[NULL]
0,"18,1,171",129,22,[NULL]
1,"0,2,500,1,1",129,22,[NULL]
0,348,130,21,[NULL]
1,"13,2,23,1,38",130,21,[NULL]
2,"0,4,481,1,1",130,21,[NULL]
3,"0,18,324,1,1",130,21,[NULL]
0,"13,3,67,1,3",131,20,[NULL]
1,"0,3,440,1,2",131,20,[NULL]
2,"0,4,482,1,1",131,20,[NULL]
3,"13,2,23,1,75,1,0",131,20,[NULL]
0,"1,2,359,1,3",132,19,[NULL]
1,"0,2,449,1,2",132,19,[NULL]
2,"13,2,23,1,76,1,0",132,19,[NULL]
0,349,133,18,[NULL]
1,"2,1,359,1,3",133,18,[NULL]
2,"0,13,69,2,2",133,18,[NULL]
0,"209,1,14",134,17,[NULL]
1,"3,2,267,1,3",134,17,[NULL]
2,"0,13,324,1,2",134,17,[NULL]
0,"188,1,18",135,16,[NULL]
1,"475,1,2",135,16,[NULL]
2,"0,3,7,1,311,1,1",135,16,[NULL]
0,350,136,15,[NULL]
1,"0,1,407,1,3",136,15,[NULL]
2,"0,3,7,1,314,1,1",136,15,[NULL]
0,351,137,14,[NULL]
1,"3,1,297",137,14,[NULL]
2,"418,1,3",137,14,[NULL]
3,"417,1,3",137,14,[NULL]
4,"0,2,386,1,3",137,14,[NULL]
0,"0,1,410,1,3",138,13,[NULL]
1,"0,1,409,1,3",138,13,[NULL]
2,"0,2,389,1,3",138,13,[NULL]
3,"478,1,2",138,13,[NULL]
4,"0,2,451,1,2",138,13,[NULL]
0,"0,2,391,1,3",139,12,[NULL]
1,"0,3,446,1,2",139,12,[NULL]
2,"521,1,1",139,12,[NULL]
3,"569,1,0",139,12,[NULL]
0,352,140,11,[NULL]
1,"3,1,197,1,12",140,11,[NULL]
2,"480,1,2",140,11,[NULL]
3,"523,1,1",140,11,[NULL]
4,"570,1,0",140,11,[NULL]
5,"7,1,412,1,0",140,11,[NULL]
0,354,141,10,[NULL]
1,353,141,10,[NULL]
2,"3,1,198,1,12",141,10,[NULL]
3,"1,1,392,1,3",141,10,[NULL]
4,"0,2,396,1,3",141,10,[NULL]
5,"524,1,1",141,10,[NULL]
6,"571,1,0",141,10,[NULL]
0,355,142,9,[NULL]
1,"2,1,326",142,9,[NULL]
2,"230,1,12",142,9,[NULL]
3,"3,1,68,1,69,1,3",142,9,[NULL]
4,"0,2,506,1,1",142,9,[NULL]
0,"38,1,126",143,8,[NULL]
1,"231,1,12",143,8,[NULL]
2,"2,1,368,1,3",143,8,[NULL]
3,"0,2,508,1,1",143,8,[NULL]
4,"18,1,264,1,0",143,8,[NULL]
0,356,144,7,[NULL]
1,"2,1,329",144,7,[NULL]
2,"38,1,127",144,7,[NULL]
3,"69,1,93,1,3",144,7,[NULL]
4,"526,1,1",144,7,[NULL]
0,"7,1,245",145,6,[NULL]
1,"0,2,7,1,324,1,1",145,6,[NULL]
0,357,146,5,[NULL]
1,"2,2,69,2,3",146,5,[NULL]
0,358,147,4,[NULL]
1,"3,1,69,2,3",147,4,[NULL]
2,"2,2,324,1,3",147,4,[NULL]
0,"3,1,324,1,3",148,3,[NULL]
0,"0,147,1",3,149,[NULL]
0,"0,142,2",7,145,[NULL]
0,"0,26,246,1,2",102,50,[NULL]
0,"0,2,452,1,2",115,37,[NULL]
0,"1,1,452,1,2",116,36,[NULL]
1,"0,1,17,1,225,1,2",116,36,[NULL]
0,"0,1,17,1,244,1,1",118,34,[NULL]
0,"17,2,138,1,1",119,33,[NULL]
1,"572,1,0",119,33,[NULL]
0,"0,4,491,1,1",120,32,[NULL]
0,"0,2,509,1,1",121,31,[NULL]
0,"1,1,64,1,137,1,0",123,29,[NULL]
0,359,125,27,[NULL]
0,"13,2,194,1,0",128,24,[NULL]
0,"0,3,500,1,1",129,23,[NULL]
1,"574,1,0",129,23,[NULL]
2,"13,1,23,1,150,1,0",129,23,[NULL]
0,"0,19,324,1,1",130,22,[NULL]
1,"2,1,537,1,0",130,22,[NULL]
2,"1,1,42,1,187,1,0",130,22,[NULL]
0,"0,4,440,1,2",131,21,[NULL]
1,"2,1,538,1,0",131,21,[NULL]
0,361,132,20,[NULL]
1,360,132,20,[NULL]
2,"420,1,3",132,20,[NULL]
3,"0,3,449,1,2",132,20,[NULL]
0,"0,1,349",133,19,[NULL]
1,"0,14,69,2,2",133,19,[NULL]
0,"481,1,2",134,18,[NULL]
1,"69,1,112,1,2",134,18,[NULL]
2,"0,14,324,1,2",134,18,[NULL]
0,"482,1,2",135,17,[NULL]
1,"7,2,266,1,0",135,17,[NULL]
0,"209,1,15",136,16,[NULL]
1,"423,1,3",136,16,[NULL]
2,"1,1,7,1,385,1,0",136,16,[NULL]
0,"23,1,181,1,3",137,15,[NULL]
1,"484,1,2",137,15,[NULL]
2,"3,1,386,1,2",137,15,[NULL]
3,"533,1,1",137,15,[NULL]
0,"76,1,82,1,3",138,14,[NULL]
1,"534,1,1",138,14,[NULL]
2,"2,1,540,1,0",138,14,[NULL]
0,"7,1,249",139,13,[NULL]
1,"426,1,3",139,13,[NULL]
2,"425,1,3",139,13,[NULL]
3,"0,1,521,1,1",139,13,[NULL]
4,"1,1,3,1,485,1,0",139,13,[NULL]
0,362,140,12,[NULL]
1,"7,1,250",140,12,[NULL]
2,"427,1,3",140,12,[NULL]
3,"1,1,413,1,3",140,12,[NULL]
4,"1,1,412,1,3",140,12,[NULL]
5,"0,1,523,1,1",140,12,[NULL]
6,"575,1,0",140,12,[NULL]
7,"2,1,543,1,0",140,12,[NULL]
0,363,141,11,[NULL]
1,"235,1,12",141,11,[NULL]
2,"428,1,3",141,11,[NULL]
3,"3,1,333,1,3",141,11,[NULL]
4,"2,1,373,1,3",141,11,[NULL]
5,"0,1,524,1,1",141,11,[NULL]
6,"2,1,544,1,0",141,11,[NULL]
0,364,142,10,[NULL]
1,"2,1,376,1,3",142,10,[NULL]
2,"1,1,415,1,3",142,10,[NULL]
3,"0,1,3,1,68,1,69,1,3",142,10,[NULL]
4,"3,1,504,1,0",142,10,[NULL]
0,"398,1,4",143,9,[NULL]
1,"429,1,3",143,9,[NULL]
2,"69,1,95,1,3",143,9,[NULL]
3,"5,1,324,1,2",143,9,[NULL]
4,"576,1,0",143,9,[NULL]
5,"1,1,566,1,0",143,9,[NULL]
0,"430,1,3",144,8,[NULL]
1,"0,1,526,1,1",144,8,[NULL]
2,"577,1,0",144,8,[NULL]
3,"2,1,7,1,368,1,0",144,8,[NULL]
0,365,145,7,[NULL]
1,"0,3,7,1,324,1,1",145,7,[NULL]
0,"0,1,357",146,6,[NULL]
1,"7,1,257",146,6,[NULL]
2,"3,1,506,1,0",146,6,[NULL]
0,"0,1,358",147,5,[NULL]
1,"0,1,3,1,69,2,3",147,5,[NULL]
2,"13,1,324,1,0",147,5,[NULL]
3,"2,1,548,1,0",147,5,[NULL]
0,"0,1,3,1,324,1,3",148,4,[NULL]
1,"2,2,7,1,324,1,0",148,4,[NULL]
0,"0,148,1",3,150,[NULL]
0,"0,143,2",7,146,[NULL]
0,"536,1,1",102,51,[NULL]
0,"135,1,36",111,42,[NULL]
0,"0,3,452,1,2",115,38,[NULL]
0,"0,2,17,1,225,1,2",116,37,[NULL]
0,"488,1,2",118,35,[NULL]
1,"0,2,17,1,244,1,1",118,35,[NULL]
0,"0,1,17,2,138,1,1",119,34,[NULL]
0,"0,5,491,1,1",120,33,[NULL]
0,"0,3,509,1,1",121,32,[NULL]
0,"491,1,2",124,29,[NULL]
0,"17,1,184",125,28,[NULL]
0,"260,1,6",127,26,[NULL]
0,366,128,25,[NULL]
0,"13,4,32,1,3",129,24,[NULL]
1,"0,4,500,1,1",129,24,[NULL]
0,"0,20,324,1,1",130,23,[NULL]
1,"13,2,23,1,80,1,0",130,23,[NULL]
0,"260,1,7",131,22,[NULL]
1,"435,1,3",131,22,[NULL]
2,"0,5,440,1,2",131,22,[NULL]
0,"3,1,306",132,21,[NULL]
1,"2,1,381,1,3",132,21,[NULL]
2,"0,4,449,1,2",132,21,[NULL]
0,"0,2,349",133,20,[NULL]
1,"13,1,204",133,20,[NULL]
2,"539,1,1",133,20,[NULL]
0,"1,1,349",134,19,[NULL]
1,"266,1,5",134,19,[NULL]
2,"0,1,481,1,2",134,19,[NULL]
3,"0,15,324,1,2",134,19,[NULL]
4,"13,1,328,1,0",134,19,[NULL]
0,"23,1,188,1,3",135,18,[NULL]
1,"495,1,2",135,18,[NULL]
2,"0,1,482,1,2",135,18,[NULL]
3,"581,1,0",135,18,[NULL]
0,"437,1,3",136,17,[NULL]
1,"23,1,189,1,3",136,17,[NULL]
0,"32,1,142",137,16,[NULL]
1,"438,1,3",137,16,[NULL]
2,"0,1,484,1,2",137,16,[NULL]
3,"0,1,533,1,1",137,16,[NULL]
0,"440,1,3",138,15,[NULL]
1,"439,1,3",138,15,[NULL]
2,"23,1,190,1,3",138,15,[NULL]
3,"1,1,417,1,3",138,15,[NULL]
4,"540,1,1",138,15,[NULL]
5,"13,1,331,1,0",138,15,[NULL]
0,"3,1,335,1,3",139,14,[NULL]
1,"0,1,425,1,3",139,14,[NULL]
2,"7,1,311,1,2",139,14,[NULL]
3,"13,1,332,1,0",139,14,[NULL]
4,"3,2,425,1,0",139,14,[NULL]
0,"25,1,190,1,3",140,13,[NULL]
1,"3,1,336,1,3",140,13,[NULL]
2,"7,1,314,1,2",140,13,[NULL]
3,"543,1,1",140,13,[NULL]
0,"7,1,258",141,12,[NULL]
1,"0,1,428,1,3",141,12,[NULL]
2,"0,1,3,1,333,1,3",141,12,[NULL]
3,"544,1,1",141,12,[NULL]
0,367,142,11,[NULL]
1,"239,1,12",142,11,[NULL]
2,"442,1,3",142,11,[NULL]
3,"441,1,3",142,11,[NULL]
4,"1,1,571,1,0",142,11,[NULL]
0,"444,1,3",143,10,[NULL]
1,"443,1,3",143,10,[NULL]
2,"0,1,429,1,3",143,10,[NULL]
3,"546,1,1",143,10,[NULL]
4,"2,1,69,1,134,1,0",143,10,[NULL]
0,"43,1,113",144,9,[NULL]
1,"445,1,3",144,9,[NULL]
2,"2,1,396,1,3",144,9,[NULL]
3,"0,2,526,1,1",144,9,[NULL]
0,"2,1,7,1,228",145,8,[NULL]
1,"96,1,65",145,8,[NULL]
2,"3,1,339,1,3",145,8,[NULL]
3,"2,1,398,1,3",145,8,[NULL]
4,"0,4,7,1,324,1,1",145,8,[NULL]
0,"0,2,357",146,7,[NULL]
1,"0,1,7,1,257",146,7,[NULL]
2,"446,1,3",146,7,[NULL]
3,"3,1,340,1,3",146,7,[NULL]
4,"2,1,400,1,3",146,7,[NULL]
0,"0,2,358",147,6,[NULL]
1,"7,1,264",147,6,[NULL]
2,"3,1,341,1,3",147,6,[NULL]
3,"548,1,1",147,6,[NULL]
0,"1,1,358",148,5,[NULL]
1,"1,1,3,1,69,2,3",148,5,[NULL]
2,"0,2,3,1,324,1,3",148,5,[NULL]
0,"1,1,3,1,324,1,3",149,4,[NULL]
0,"0,149,1",3,151,[NULL]
0,"0,144,2",7,147,[NULL]
0,368,106,48,[NULL]
0,"498,1,2",110,44,[NULL]
0,"0,4,452,1,2",115,39,[NULL]
0,"0,3,17,1,225,1,2",116,38,[NULL]
0,"5,1,452,1,0",117,37,[NULL]
0,"0,3,17,1,244,1,1",118,36,[NULL]
0,"0,2,17,2,138,1,1",119,35,[NULL]
0,"1,1,572,1,0",120,34,[NULL]
0,"137,1,36",123,31,[NULL]
0,"0,1,491,1,2",124,30,[NULL]
0,"0,1,17,1,184",125,29,[NULL]
0,"14,1,198",126,28,[NULL]
1,"149,1,30",126,28,[NULL]
0,"17,1,260,1,1",127,27,[NULL]
0,"17,1,191",128,26,[NULL]
0,"0,5,500,1,1",129,25,[NULL]
0,"149,1,31",130,24,[NULL]
1,"0,21,324,1,1",130,24,[NULL]
0,"13,1,209",131,23,[NULL]
1,"0,6,440,1,2",131,23,[NULL]
0,"0,5,449,1,2",132,22,[NULL]
1,"585,1,0",132,22,[NULL]
2,"13,2,23,1,83,1,0",132,22,[NULL]
0,"215,1,15",133,21,[NULL]
1,"501,1,2",133,21,[NULL]
2,"500,1,2",133,21,[NULL]
3,"586,1,0",133,21,[NULL]
0,"0,2,481,1,2",134,20,[NULL]
1,"0,16,324,1,2",134,20,[NULL]
2,"587,1,0",134,20,[NULL]
0,"13,3,75,1,3",135,19,[NULL]
1,"0,2,482,1,2",135,19,[NULL]
0,"0,1,437,1,3",136,18,[NULL]
0,369,137,17,[NULL]
1,"1,1,209,1,15",137,17,[NULL]
2,"0,1,438,1,3",137,17,[NULL]
3,"0,2,484,1,2",137,17,[NULL]
4,"0,2,533,1,1",137,17,[NULL]
0,"0,1,540,1,1",138,16,[NULL]
1,"13,1,335,1,0",138,16,[NULL]
0,"0,2,425,1,3",139,15,[NULL]
1,"0,1,7,1,311,1,2",139,15,[NULL]
0,370,140,14,[NULL]
1,"0,1,3,1,336,1,3",140,14,[NULL]
2,"503,1,2",140,14,[NULL]
3,"0,1,7,1,314,1,2",140,14,[NULL]
0,371,141,13,[NULL]
1,"0,2,428,1,3",141,13,[NULL]
2,"589,1,0",141,13,[NULL]
3,"1,1,575,1,0",141,13,[NULL]
0,"0,1,367",142,12,[NULL]
1,"7,1,267",142,12,[NULL]
2,"0,1,441,1,3",142,12,[NULL]
3,"590,1,0",142,12,[NULL]
0,"450,1,3",143,11,[NULL]
1,"0,1,546,1,1",143,11,[NULL]
2,"591,1,0",143,11,[NULL]
3,"1,1,3,1,504,1,0",143,11,[NULL]
0,"3,1,352,1,3",144,10,[NULL]
1,"1,1,69,1,95,1,3",144,10,[NULL]
2,"0,3,526,1,1",144,10,[NULL]
3,"14,1,324,1,0",144,10,[NULL]
4,"3,1,523,1,0",144,10,[NULL]
5,"2,1,565,1,0",144,10,[NULL]
0,372,145,9,[NULL]
1,"0,1,3,1,339,1,3",145,9,[NULL]
2,"505,1,2",145,9,[NULL]
3,"0,5,7,1,324,1,1",145,9,[NULL]
4,"3,1,524,1,0",145,9,[NULL]
5,"2,1,566,1,0",145,9,[NULL]
6,"2,1,7,1,396,1,0",145,9,[NULL]
7,"1,1,577,1,0",145,9,[NULL]
0,"3,1,69,1,76,1,3",146,8,[NULL]
1,"0,1,3,1,340,1,3",146,8,[NULL]
2,"507,1,2",146,8,[NULL]
3,"506,1,2",146,8,[NULL]
4,"7,1,378,1,1",146,8,[NULL]
5,"13,1,341,1,0",146,8,[NULL]
6,"3,1,525,1,0",146,8,[NULL]
7,"2,1,7,1,398,1,0",146,8,[NULL]
0,"508,1,2",147,7,[NULL]
1,"592,1,0",147,7,[NULL]
2,"7,1,446,1,0",147,7,[NULL]
3,"2,1,7,1,400,1,0",147,7,[NULL]
4,"1,1,3,1,506,1,0",147,7,[NULL]
0,"3,2,324,1,2",148,6,[NULL]
1,"593,1,0",148,6,[NULL]
2,"2,2,527,1,0",148,6,[NULL]
3,"1,1,13,1,324,1,0",148,6,[NULL]
0,"7,1,324,1,2",149,5,[NULL]
1,"2,1,11,1,324,1,0",149,5,[NULL]
0,"0,150,1",3,152,[NULL]
0,"0,145,2",7,148,[NULL]
0,"554,1,1",106,49,[NULL]
0,"217,1,15",112,43,[NULL]
0,"555,1,1",115,40,[NULL]
0,"556,1,1",116,39,[NULL]
0,"0,4,17,1,244,1,1",118,37,[NULL]
0,"595,1,0",119,36,[NULL]
0,"452,1,3",122,33,[NULL]
0,"225,1,14",123,32,[NULL]
0,"0,2,491,1,2",124,31,[NULL]
0,"509,1,2",125,30,[NULL]
1,"1,1,491,1,2",125,30,[NULL]
2,"64,1,137,1,1",125,30,[NULL]
0,"64,1,138,1,1",126,29,[NULL]
0,"0,1,17,1,260,1,1",127,28,[NULL]
0,"558,1,1",128,27,[NULL]
0,"0,6,500,1,1",129,26,[NULL]
1,"64,1,149,1,0",129,26,[NULL]
0,"0,22,324,1,1",130,25,[NULL]
0,"0,7,440,1,2",131,24,[NULL]
0,"13,1,248,1,3",132,23,[NULL]
1,"0,6,449,1,2",132,23,[NULL]
2,"600,1,0",132,23,[NULL]
0,"18,1,184",133,22,[NULL]
1,"0,1,500,1,2",133,22,[NULL]
2,"13,1,346,1,0",133,22,[NULL]
0,"0,3,481,1,2",134,21,[NULL]
1,"0,17,324,1,2",134,21,[NULL]
0,"1,2,349",135,20,[NULL]
1,"0,3,482,1,2",135,20,[NULL]
0,373,136,19,[NULL]
1,"69,1,78",136,19,[NULL]
2,"561,1,1",136,19,[NULL]
3,"42,1,209,1,0",136,19,[NULL]
0,"0,1,369",137,18,[NULL]
1,"0,3,533,1,1",137,18,[NULL]
2,"13,2,209,1,0",137,18,[NULL]
0,"1,1,438,1,3",138,17,[NULL]
1,"0,2,540,1,1",138,17,[NULL]
2,"13,1,67,1,75,1,0",138,17,[NULL]
0,"67,1,107,1,3",139,16,[NULL]
1,"1,1,439,1,3",139,16,[NULL]
2,"3,1,425,1,2",139,16,[NULL]
3,"0,2,7,1,311,1,2",139,16,[NULL]
4,"604,1,0",139,16,[NULL]
0,"1,1,3,1,335,1,3",140,15,[NULL]
1,"511,1,2",140,15,[NULL]
2,"0,2,7,1,314,1,2",140,15,[NULL]
0,"3,1,363,1,3",141,14,[NULL]
1,"3,1,485,1,1",141,14,[NULL]
0,"459,1,3",142,13,[NULL]
1,"76,1,95,1,3",142,13,[NULL]
2,"3,1,365,1,3",142,13,[NULL]
3,"7,1,333,1,2",142,13,[NULL]
4,"562,1,1",142,13,[NULL]
0,"1,1,239,1,12",143,12,[NULL]
1,"462,1,3",143,12,[NULL]
2,"461,1,3",143,12,[NULL]
3,"513,1,2",143,12,[NULL]
4,"0,2,546,1,1",143,12,[NULL]
5,"2,1,570,1,0",143,12,[NULL]
0,"463,1,3",144,11,[NULL]
1,"18,1,213,1,3",144,11,[NULL]
2,"3,1,366,1,3",144,11,[NULL]
3,"0,1,3,1,352,1,3",144,11,[NULL]
4,"0,4,526,1,1",144,11,[NULL]
5,"13,1,69,1,75,1,0",144,11,[NULL]
6,"7,1,450,1,0",144,11,[NULL]
0,"464,1,3",145,10,[NULL]
1,"3,1,367,1,3",145,10,[NULL]
2,"1,1,445,1,3",145,10,[NULL]
3,"7,1,396,1,1",145,10,[NULL]
4,"0,6,7,1,324,1,1",145,10,[NULL]
5,"13,1,69,1,76,1,0",145,10,[NULL]
6,"3,1,535,1,0",145,10,[NULL]
0,"466,1,3",146,9,[NULL]
1,"465,1,3",146,9,[NULL]
2,"2,2,368,1,3",146,9,[NULL]
3,"0,1,506,1,2",146,9,[NULL]
4,"7,1,398,1,1",146,9,[NULL]
5,"2,1,18,1,264,1,0",146,9,[NULL]
0,"467,1,3",147,8,[NULL]
1,"3,1,368,1,3",147,8,[NULL]
2,"1,1,446,1,3",147,8,[NULL]
3,"0,1,508,1,2",147,8,[NULL]
0,374,148,7,[NULL]
1,"2,1,7,1,245",148,7,[NULL]
2,"468,1,3",148,7,[NULL]
0,"2,1,357",149,6,[NULL]
1,"0,1,7,1,324,1,2",149,6,[NULL]
2,"605,1,0",149,6,[NULL]
0,"1,2,3,1,324,1,3",150,5,[NULL]
0,"0,151,1",3,153,[NULL]
0,"0,146,2",7,149,[NULL]
0,"515,1,2",104,52,[NULL]
0,"0,1,554,1,1",106,50,[NULL]
0,"606,1,0",111,45,[NULL]
0,"0,1,555,1,1",115,41,[NULL]
0,"1,1,5,1,452,1,0",118,38,[NULL]
0,"17,1,244,1,2",122,34,[NULL]
0,"17,1,225,1,3",123,33,[NULL]
0,"224,1,15",124,32,[NULL]
1,"0,3,491,1,2",124,32,[NULL]
0,"0,1,509,1,2",125,31,[NULL]
1,"0,1,64,1,137,1,1",125,31,[NULL]
0,"0,1,64,1,138,1,1",126,30,[NULL]
0,"516,1,2",127,29,[NULL]
1,"0,2,17,1,260,1,1",127,29,[NULL]
0,"0,1,558,1,1",128,28,[NULL]
0,"0,7,500,1,1",129,27,[NULL]
0,"0,23,324,1,1",130,26,[NULL]
1,"13,5,23,1,0",130,26,[NULL]
0,"517,1,2",131,25,[NULL]
1,"0,8,440,1,2",131,25,[NULL]
2,"13,5,24,1,0",131,25,[NULL]
0,"0,2,500,1,2",133,23,[NULL]
1,"1,1,585,1,0",133,23,[NULL]
0,"3,1,332",134,22,[NULL]
1,"0,18,324,1,2",134,22,[NULL]
2,"2,2,538,1,0",134,22,[NULL]
3,"1,1,586,1,0",134,22,[NULL]
0,"519,1,2",135,21,[NULL]
1,"13,1,357,1,0",135,21,[NULL]
2,"1,1,587,1,0",135,21,[NULL]
0,"69,1,138,1,1",136,20,[NULL]
1,"608,1,0",136,20,[NULL]
2,"13,2,212,1,0",136,20,[NULL]
0,"568,1,1",137,19,[NULL]
1,"0,4,533,1,1",137,19,[NULL]
2,"13,1,360,1,0",137,19,[NULL]
0,"472,1,3",138,18,[NULL]
1,"611,1,0",138,18,[NULL]
2,"610,1,0",138,18,[NULL]
0,"473,1,3",139,17,[NULL]
1,"0,3,7,1,311,1,2",139,17,[NULL]
2,"13,2,213,1,0",139,17,[NULL]
0,375,140,16,[NULL]
1,"0,3,7,1,314,1,2",140,16,[NULL]
0,"1,1,370",141,15,[NULL]
1,"209,1,18",141,15,[NULL]
2,"0,1,3,1,363,1,3",141,15,[NULL]
0,376,142,14,[NULL]
1,"475,1,3",142,14,[NULL]
2,"474,1,3",142,14,[NULL]
3,"0,1,3,1,365,1,3",142,14,[NULL]
4,"0,1,562,1,1",142,14,[NULL]
5,"3,1,540,1,0",142,14,[NULL]
0,"476,1,3",143,13,[NULL]
1,"521,1,2",143,13,[NULL]
2,"7,1,459,1,0",143,13,[NULL]
0,"477,1,3",144,12,[NULL]
1,"1,1,450,1,3",144,12,[NULL]
2,"3,1,543,1,0",144,12,[NULL]
3,"2,2,544,1,0",144,12,[NULL]
4,"1,1,591,1,0",144,12,[NULL]
0,"3,1,216,1,12",145,11,[NULL]
1,"478,1,3",145,11,[NULL]
2,"2,2,376,1,3",145,11,[NULL]
3,"524,1,2",145,11,[NULL]
4,"616,1,0",145,11,[NULL]
5,"615,1,0",145,11,[NULL]
6,"3,1,544,1,0",145,11,[NULL]
7,"1,1,14,1,324,1,0",145,11,[NULL]
0,377,146,10,[NULL]
1,"3,1,376,1,3",146,10,[NULL]
2,"2,1,69,1,95,1,3",146,10,[NULL]
3,"0,1,465,1,3",146,10,[NULL]
4,"0,2,506,1,2",146,10,[NULL]
5,"13,1,368,1,0",146,10,[NULL]
0,378,147,9,[NULL]
1,"480,1,3",147,9,[NULL]
2,"1,1,3,1,69,1,76,1,3",147,9,[NULL]
3,"1,1,3,1,525,1,0",147,9,[NULL]
0,"3,1,377,1,3",148,8,[NULL]
1,"526,1,2",148,8,[NULL]
2,"1,1,7,1,446,1,0",148,8,[NULL]
0,"3,1,378,1,3",149,7,[NULL]
1,"0,2,7,1,324,1,2",149,7,[NULL]
2,"617,1,0",149,7,[NULL]
0,"2,1,13,1,324,1,0",150,6,[NULL]
0,"0,152,1",3,154,[NULL]
0,"0,147,2",7,150,[NULL]
0,"0,2,554,1,1",106,51,[NULL]
0,"0,1,17,1,244,1,2",122,35,[NULL]
0,"59,1,137,1,2",123,34,[NULL]
1,"17,2,138,1,2",123,34,[NULL]
0,"0,4,491,1,2",124,33,[NULL]
0,"0,2,509,1,2",125,32,[NULL]
1,"0,2,64,1,137,1,1",125,32,[NULL]
0,"0,2,64,1,138,1,1",126,31,[NULL]
1,"5,1,491,1,0",126,31,[NULL]
0,"0,3,17,1,260,1,1",127,30,[NULL]
0,"0,2,558,1,1",128,29,[NULL]
0,"0,8,500,1,1",129,28,[NULL]
0,"0,24,324,1,1",130,27,[NULL]
1,"1,1,64,1,149,1,0",130,27,[NULL]
0,379,132,25,[NULL]
0,"0,3,500,1,2",133,24,[NULL]
0,"0,19,324,1,2",134,23,[NULL]
0,380,135,22,[NULL]
1,"13,2,32,1,38",135,22,[NULL]
0,381,136,21,[NULL]
1,"13,3,83,1,3",136,21,[NULL]
2,"0,1,69,1,138,1,1",136,21,[NULL]
3,"13,3,133,1,0",136,21,[NULL]
0,"0,1,568,1,1",137,20,[NULL]
1,"13,3,134,1,0",137,20,[NULL]
2,"1,1,42,1,209,1,0",137,20,[NULL]
0,382,139,18,[NULL]
1,"5,1,297",139,18,[NULL]
0,383,140,17,[NULL]
1,"1,1,604,1,0",140,17,[NULL]
0,384,141,16,[NULL]
1,"533,1,2",141,16,[NULL]
2,"618,1,0",141,16,[NULL]
0,"482,1,3",142,15,[NULL]
1,"0,2,562,1,1",142,15,[NULL]
2,"619,1,0",142,15,[NULL]
0,385,143,14,[NULL]
1,"575,1,1",143,14,[NULL]
2,"620,1,0",143,14,[NULL]
0,387,144,13,[NULL]
1,386,144,13,[NULL]
2,"484,1,3",144,13,[NULL]
3,"3,1,386,1,3",144,13,[NULL]
4,"13,1,373,1,0",144,13,[NULL]
0,"485,1,3",145,12,[NULL]
1,"3,1,389,1,3",145,12,[NULL]
2,"13,1,376,1,0",145,12,[NULL]
0,"3,1,391,1,3",146,11,[NULL]
1,"3,1,390,1,3",146,11,[NULL]
2,"1,1,13,1,69,1,76,1,0",146,11,[NULL]
0,"7,1,285",147,10,[NULL]
1,"3,1,392,1,3",147,10,[NULL]
2,"2,1,445,1,3",147,10,[NULL]
3,"0,1,480,1,3",147,10,[NULL]
0,388,148,9,[NULL]
1,"3,1,397,1,3",148,9,[NULL]
2,"3,1,396,1,3",148,9,[NULL]
3,"0,1,526,1,2",148,9,[NULL]
4,"7,1,480,1,0",148,9,[NULL]
0,389,149,8,[NULL]
1,"7,1,286",149,8,[NULL]
2,"5,1,69,2,3",149,8,[NULL]
3,"3,1,399,1,3",149,8,[NULL]
4,"3,1,398,1,3",149,8,[NULL]
5,"0,1,3,1,378,1,3",149,8,[NULL]
6,"0,3,7,1,324,1,2",149,8,[NULL]
0,"7,1,287",150,7,[NULL]
1,"5,1,324,1,3",150,7,[NULL]
2,"3,1,400,1,3",150,7,[NULL]
0,"0,153,1",3,155,[NULL]
0,"0,148,2",7,151,[NULL]
0,"622,1,0",105,53,[NULL]
0,"0,3,554,1,1",106,52,[NULL]
0,390,114,44,[NULL]
0,"135,1,45",118,40,[NULL]
0,"0,2,17,1,244,1,2",122,36,[NULL]
0,"0,1,17,2,138,1,2",123,35,[NULL]
0,"0,5,491,1,2",124,34,[NULL]
0,"488,1,3",125,33,[NULL]
1,"0,3,509,1,2",125,33,[NULL]
2,"0,3,64,1,137,1,1",125,33,[NULL]
0,"0,3,64,1,138,1,1",126,32,[NULL]
0,"0,4,17,1,260,1,1",127,31,[NULL]
0,"623,1,0",128,30,[NULL]
0,"0,9,500,1,1",129,29,[NULL]
0,"0,25,324,1,1",130,28,[NULL]
0,"491,1,3",131,27,[NULL]
0,"17,1,198",132,26,[NULL]
0,"0,4,500,1,2",133,25,[NULL]
1,"13,2,219,1,0",133,25,[NULL]
0,391,134,24,[NULL]
1,"260,1,11",134,24,[NULL]
2,"0,20,324,1,2",134,24,[NULL]
3,"13,2,220,1,0",134,24,[NULL]
0,392,135,23,[NULL]
1,"0,1,380",135,23,[NULL]
2,"2,1,585,1,0",135,23,[NULL]
0,"0,1,381",136,22,[NULL]
1,"0,2,69,1,138,1,1",136,22,[NULL]
2,"626,1,0",136,22,[NULL]
0,"0,2,568,1,1",137,21,[NULL]
0,"627,1,0",138,20,[NULL]
0,393,139,19,[NULL]
1,"0,1,382",139,19,[NULL]
0,"628,1,0",140,18,[NULL]
0,394,141,17,[NULL]
1,"1,1,375",141,17,[NULL]
2,"13,1,261,1,3",141,17,[NULL]
3,"0,1,533,1,2",141,17,[NULL]
0,395,142,16,[NULL]
1,"13,1,262,1,3",142,16,[NULL]
2,"0,1,482,1,3",142,16,[NULL]
3,"540,1,2",142,16,[NULL]
4,"0,3,562,1,1",142,16,[NULL]
5,"629,1,0",142,16,[NULL]
0,"74,1,107,1,3",143,15,[NULL]
1,"3,1,407,1,3",143,15,[NULL]
2,"0,1,575,1,1",143,15,[NULL]
3,"630,1,0",143,15,[NULL]
4,"1,1,3,1,540,1,0",143,15,[NULL]
0,396,144,14,[NULL]
1,"235,1,16",144,14,[NULL]
2,"76,1,107,1,3",144,14,[NULL]
3,"0,1,484,1,3",144,14,[NULL]
0,"1,1,477,1,3",145,13,[NULL]
1,"0,1,485,1,3",145,13,[NULL]
2,"2,1,590,1,0",145,13,[NULL]
0,397,146,12,[NULL]
1,"3,1,412,1,3",146,12,[NULL]
2,"2,1,450,1,3",146,12,[NULL]
3,"0,1,3,1,390,1,3",146,12,[NULL]
4,"545,1,2",146,12,[NULL]
0,"0,1,3,1,392,1,3",147,11,[NULL]
1,"0,2,480,1,3",147,11,[NULL]
2,"546,1,2",147,11,[NULL]
3,"631,1,0",147,11,[NULL]
0,"7,1,294",148,10,[NULL]
1,"0,1,3,1,397,1,3",148,10,[NULL]
2,"0,1,3,1,396,1,3",148,10,[NULL]
3,"0,2,526,1,2",148,10,[NULL]
4,"632,1,0",148,10,[NULL]
0,"0,1,3,1,398,1,3",149,9,[NULL]
1,"0,4,7,1,324,1,2",149,9,[NULL]
2,"584,1,1",149,9,[NULL]
3,"633,1,0",149,9,[NULL]
0,"0,1,7,1,287",150,8,[NULL]
0,"0,154,1",3,156,[NULL]
0,"0,149,2",7,152,[NULL]
0,"0,4,554,1,1",106,53,[NULL]
0,398,110,49,[NULL]
0,399,113,46,[NULL]
0,"0,1,390",114,45,[NULL]
0,"635,1,0",117,42,[NULL]
0,"0,3,17,1,244,1,2",122,37,[NULL]
0,"0,2,17,2,138,1,2",123,36,[NULL]
0,"0,6,491,1,2",124,35,[NULL]
1,"42,1,224,1,0",124,35,[NULL]
0,"0,4,64,1,137,1,1",125,34,[NULL]
0,"0,4,64,1,138,1,1",126,33,[NULL]
0,"1,1,5,1,491,1,0",127,32,[NULL]
0,"0,10,500,1,1",129,30,[NULL]
0,"149,1,36",130,29,[NULL]
1,"0,26,324,1,1",130,29,[NULL]
0,"17,1,260,1,2",131,28,[NULL]
0,"23,1,184",132,27,[NULL]
0,"14,1,223",133,26,[NULL]
1,"149,1,37",133,26,[NULL]
2,"549,1,2",133,26,[NULL]
3,"0,5,500,1,2",133,26,[NULL]
0,"292,1,6",134,25,[NULL]
1,"13,6,3",134,25,[NULL]
2,"0,21,324,1,2",134,25,[NULL]
0,"17,1,203",135,24,[NULL]
1,"17,1,202",135,24,[NULL]
2,"13,2,23,1,101,1,0",135,24,[NULL]
0,"586,1,1",136,23,[NULL]
1,"0,3,69,1,138,1,1",136,23,[NULL]
0,"187,1,26",137,22,[NULL]
1,"0,3,568,1,1",137,22,[NULL]
0,"23,1,185",138,21,[NULL]
0,"13,1,266,1,3",139,20,[NULL]
1,"23,1,286,1,0",139,20,[NULL]
0,"1,1,382",140,19,[NULL]
1,"3,1,349",140,19,[NULL]
2,"13,1,267,1,3",140,19,[NULL]
3,"638,1,0",140,19,[NULL]
4,"23,1,287,1,0",140,19,[NULL]
0,401,141,18,[NULL]
1,400,141,18,[NULL]
2,"0,2,533,1,2",141,18,[NULL]
3,"640,1,0",141,18,[NULL]
4,"639,1,0",141,18,[NULL]
0,"13,2,142",142,17,[NULL]
1,"266,1,12",142,17,[NULL]
2,"0,1,540,1,2",142,17,[NULL]
3,"0,4,562,1,1",142,17,[NULL]
4,"1,1,618,1,0",142,17,[NULL]
0,402,143,16,[NULL]
1,"267,1,12",143,16,[NULL]
2,"23,1,213,1,3",143,16,[NULL]
3,"0,2,575,1,1",143,16,[NULL]
4,"13,1,408,1,0",143,16,[NULL]
0,403,144,15,[NULL]
1,"239,1,15",144,15,[NULL]
2,"3,1,417,1,3",144,15,[NULL]
3,"0,2,484,1,3",144,15,[NULL]
4,"589,1,1",144,15,[NULL]
5,"13,1,411,1,0",144,15,[NULL]
0,405,145,14,[NULL]
1,404,145,14,[NULL]
2,"0,2,485,1,3",145,14,[NULL]
0,"0,1,397",146,13,[NULL]
1,"1,1,485,1,3",146,13,[NULL]
0,"503,1,3",147,12,[NULL]
1,"0,1,546,1,2",147,12,[NULL]
0,"5,1,317",148,11,[NULL]
1,"270,1,12",148,11,[NULL]
2,"0,3,526,1,2",148,11,[NULL]
0,"67,1,88",149,10,[NULL]
1,"504,1,3",149,10,[NULL]
2,"0,5,7,1,324,1,2",149,10,[NULL]
3,"0,1,584,1,1",149,10,[NULL]
0,"1,1,389",150,9,[NULL]
1,"9,1,69,2,2",150,9,[NULL]
2,"7,1,446,1,1",150,9,[NULL]
0,"3,1,69,1,93,1,3",151,8,[NULL]
1,"9,1,324,1,2",151,8,[NULL]
0,"505,1,3",152,7,[NULL]
0,"506,1,3",153,6,[NULL]
0,"508,1,3",154,5,[NULL]
0,"3,2,324,1,3",155,4,[NULL]
0,"0,155,1",3,157,[NULL]
0,"0,150,2",7,153,[NULL]
0,"1,1,622,1,0",106,54,[NULL]
0,"554,1,2",110,50,[NULL]
0,"296,1,6",113,47,[NULL]
0,"0,2,390",114,46,[NULL]
0,"555,1,2",119,41,[NULL]
0,"595,1,1",122,38,[NULL]
0,"0,3,17,2,138,1,2",123,37,[NULL]
0,"0,5,64,1,137,1,1",125,35,[NULL]
0,"0,5,64,1,138,1,1",126,34,[NULL]
0,"64,1,137,1,2",129,31,[NULL]
1,"0,11,500,1,1",129,31,[NULL]
0,"64,1,138,1,2",130,30,[NULL]
1,"0,27,324,1,1",130,30,[NULL]
0,"0,1,17,1,260,1,2",131,29,[NULL]
0,"559,1,2",132,28,[NULL]
1,"558,1,2",132,28,[NULL]
2,"64,1,149,1,1",132,28,[NULL]
0,"0,6,500,1,2",133,27,[NULL]
1,"598,1,1",133,27,[NULL]
0,"0,22,324,1,2",134,26,[NULL]
1,"17,1,292,1,1",134,26,[NULL]
0,"5,1,318",135,25,[NULL]
1,"601,1,1",135,25,[NULL]
2,"600,1,1",135,25,[NULL]
0,"42,1,187,1,2",136,24,[NULL]
1,"0,1,586,1,1",136,24,[NULL]
2,"642,1,0",136,24,[NULL]
0,"13,4,67,1,0",137,23,[NULL]
1,"1,1,626,1,0",137,23,[NULL]
0,"3,1,360",139,21,[NULL]
1,"1,1,627,1,0",139,21,[NULL]
0,"0,1,3,1,349",140,20,[NULL]
1,"69,1,89",140,20,[NULL]
2,"13,3,95,1,3",140,20,[NULL]
3,"646,1,0",140,20,[NULL]
0,"0,1,401",141,19,[NULL]
1,"266,1,13",141,19,[NULL]
2,"0,3,533,1,2",141,19,[NULL]
3,"1,1,628,1,0",141,19,[NULL]
0,"0,2,540,1,2",142,18,[NULL]
1,"604,1,1",142,18,[NULL]
2,"0,5,562,1,1",142,18,[NULL]
3,"647,1,0",142,18,[NULL]
0,"69,1,90",143,17,[NULL]
1,"0,1,267,1,12",143,17,[NULL]
2,"0,3,575,1,1",143,17,[NULL]
3,"48,1,209,1,0",143,17,[NULL]
4,"13,1,417,1,0",143,17,[NULL]
5,"1,1,629,1,0",143,17,[NULL]
0,406,144,16,[NULL]
1,"17,1,211",144,16,[NULL]
2,"0,1,589,1,1",144,16,[NULL]
3,"648,1,0",144,16,[NULL]
0,"2,1,376",145,15,[NULL]
0,"275,1,12",146,14,[NULL]
1,"3,1,425,1,3",146,14,[NULL]
2,"562,1,2",146,14,[NULL]
0,"270,1,13",147,13,[NULL]
1,"563,1,2",147,13,[NULL]
2,"0,2,546,1,2",147,13,[NULL]
0,"0,1,270,1,12",148,12,[NULL]
1,"3,1,428,1,3",148,12,[NULL]
2,"3,2,333,1,3",148,12,[NULL]
3,"0,4,526,1,2",148,12,[NULL]
4,"652,1,0",148,12,[NULL]
5,"1,1,631,1,0",148,12,[NULL]
0,407,149,11,[NULL]
1,"2,1,377",149,11,[NULL]
2,"512,1,3",149,11,[NULL]
3,"0,1,504,1,3",149,11,[NULL]
4,"0,6,7,1,324,1,2",149,11,[NULL]
5,"18,1,321,1,0",149,11,[NULL]
6,"1,1,632,1,0",149,11,[NULL]
0,"513,1,3",150,10,[NULL]
1,"1,1,633,1,0",150,10,[NULL]
0,"0,1,506,1,3",153,7,[NULL]
0,"7,1,507,1,0",154,6,[NULL]
0,"7,1,508,1,0",155,5,[NULL]
0,"7,2,324,1,0",157,3,[NULL]
0,"18,1,324,1,0",158,2,[NULL]
0,"0,156,1",3,158,[NULL]
0,"0,151,2",7,154,[NULL]
0,"0,1,554,1,2",110,51,[NULL]
0,"515,1,3",111,50,[NULL]
0,"17,1,296,1,1",113,48,[NULL]
0,"606,1,1",114,47,[NULL]
0,"1,1,635,1,0",118,43,[NULL]
0,"0,1,595,1,1",122,39,[NULL]
0,"1,1,42,1,224,1,0",125,36,[NULL]
0,"27,1,184",127,34,[NULL]
0,"0,1,64,1,137,1,2",129,32,[NULL]
1,"0,12,500,1,1",129,32,[NULL]
0,"0,1,64,1,138,1,2",130,31,[NULL]
1,"0,28,324,1,1",130,31,[NULL]
0,"244,1,15",131,30,[NULL]
1,"0,2,17,1,260,1,2",131,30,[NULL]
0,"0,1,558,1,2",132,29,[NULL]
1,"0,1,64,1,149,1,1",132,29,[NULL]
0,"0,7,500,1,2",133,28,[NULL]
1,"0,1,598,1,1",133,28,[NULL]
0,"516,1,3",134,27,[NULL]
1,"0,23,324,1,2",134,27,[NULL]
2,"0,1,17,1,292,1,1",134,27,[NULL]
3,"653,1,0",134,27,[NULL]
0,"0,1,601,1,1",135,26,[NULL]
1,"0,1,600,1,1",135,26,[NULL]
0,"0,2,586,1,1",136,25,[NULL]
0,"13,2,167,1,3",137,24,[NULL]
0,"517,1,3",138,23,[NULL]
1,"23,1,292,1,0",138,23,[NULL]
0,"608,1,1",139,22,[NULL]
0,408,140,21,[NULL]
1,"69,1,138,1,2",140,21,[NULL]
0,"568,1,2",141,20,[NULL]
1,"655,1,0",141,20,[NULL]
2,"1,1,638,1,0",141,20,[NULL]
0,"519,1,3",142,19,[NULL]
1,"0,6,562,1,1",142,19,[NULL]
2,"13,1,423,1,0",142,19,[NULL]
3,"1,1,639,1,0",142,19,[NULL]
0,"67,2,5",143,18,[NULL]
1,"613,1,1",143,18,[NULL]
2,"0,4,575,1,1",143,18,[NULL]
3,"656,1,0",143,18,[NULL]
4,"13,1,23,1,181,1,0",143,18,[NULL]
0,"314,1,6",144,17,[NULL]
1,"0,2,589,1,1",144,17,[NULL]
2,"2,1,618,1,0",144,17,[NULL]
0,"1,1,3,1,417,1,3",145,16,[NULL]
1,"3,1,540,1,1",145,16,[NULL]
0,409,146,15,[NULL]
1,"3,2,335,1,3",146,15,[NULL]
2,"0,1,562,1,2",146,15,[NULL]
0,410,147,14,[NULL]
1,"2,1,484,1,3",147,14,[NULL]
2,"1,2,485,1,3",147,14,[NULL]
3,"3,1,543,1,1",147,14,[NULL]
0,412,148,13,[NULL]
1,411,148,13,[NULL]
2,"615,1,1",148,13,[NULL]
3,"3,1,544,1,1",148,13,[NULL]
4,"657,1,0",148,13,[NULL]
0,"1,1,5,1,317",149,12,[NULL]
1,"520,1,3",149,12,[NULL]
2,"0,2,504,1,3",149,12,[NULL]
3,"15,1,324,1,1",149,12,[NULL]
4,"13,1,69,1,95,1,0",149,12,[NULL]
0,"521,1,3",150,11,[NULL]
1,"1,1,504,1,3",150,11,[NULL]
2,"18,1,332,1,0",150,11,[NULL]
0,413,151,10,[NULL]
1,"523,1,3",151,10,[NULL]
0,414,152,9,[NULL]
1,"524,1,3",152,9,[NULL]
0,"525,1,3",153,8,[NULL]
1,"0,2,506,1,3",153,8,[NULL]
2,"70,1,163,1,0",153,8,[NULL]
0,"7,1,317",154,7,[NULL]
1,"7,1,316",154,7,[NULL]
2,"1,1,506,1,3",154,7,[NULL]
0,415,155,6,[NULL]
1,"526,1,3",155,6,[NULL]
0,"324,1,5",156,5,[NULL]
1,"660,1,0",156,5,[NULL]
0,"0,157,1",3,159,[NULL]
0,"0,152,2",7,155,[NULL]
0,"0,2,554,1,2",110,52,[NULL]
0,"0,1,17,1,296,1,1",113,49,[NULL]
0,"0,1,606,1,1",114,48,[NULL]
0,"572,1,2",126,36,[NULL]
0,"0,2,64,1,137,1,2",129,33,[NULL]
1,"0,13,500,1,1",129,33,[NULL]
0,"1,1,64,1,137,1,2",130,32,[NULL]
1,"0,2,64,1,138,1,2",130,32,[NULL]
2,"0,29,324,1,1",130,32,[NULL]
0,"0,3,17,1,260,1,2",131,31,[NULL]
0,"0,2,558,1,2",132,30,[NULL]
1,"0,2,64,1,149,1,1",132,30,[NULL]
0,"0,8,500,1,2",133,29,[NULL]
1,"0,2,598,1,1",133,29,[NULL]
2,"665,1,0",133,29,[NULL]
0,"0,24,324,1,2",134,28,[NULL]
1,"0,2,17,1,292,1,1",134,28,[NULL]
0,"0,2,601,1,1",135,27,[NULL]
1,"0,2,600,1,1",135,27,[NULL]
2,"13,5,32,1,0",135,27,[NULL]
0,"0,3,586,1,1",136,26,[NULL]
1,"13,5,33,1,0",136,26,[NULL]
0,"1,1,642,1,0",137,25,[NULL]
0,417,139,23,[NULL]
1,416,139,23,[NULL]
0,"0,1,408",140,22,[NULL]
1,"0,1,69,1,138,1,2",140,22,[NULL]
2,"23,1,303,1,0",140,22,[NULL]
0,"14,1,69,1,45",141,21,[NULL]
1,"0,1,568,1,2",141,21,[NULL]
2,"13,1,23,1,188,1,0",141,21,[NULL]
3,"1,1,646,1,0",141,21,[NULL]
0,418,142,20,[NULL]
1,"188,1,29",142,20,[NULL]
2,"13,1,23,1,189,1,0",142,20,[NULL]
0,"13,1,286,1,3",143,19,[NULL]
1,"0,5,575,1,1",143,19,[NULL]
2,"2,1,628,1,0",143,19,[NULL]
0,"13,1,287,1,3",144,18,[NULL]
1,"17,1,314,1,1",144,18,[NULL]
2,"13,1,23,1,190,1,0",144,18,[NULL]
3,"1,1,48,1,209,1,0",144,18,[NULL]
0,419,145,17,[NULL]
1,"2,1,395",145,17,[NULL]
0,420,146,16,[NULL]
1,"285,1,12",146,16,[NULL]
2,"0,2,562,1,2",146,16,[NULL]
3,"2,1,630,1,0",146,16,[NULL]
0,"531,1,3",147,15,[NULL]
1,"13,1,288,1,3",147,15,[NULL]
2,"575,1,2",147,15,[NULL]
3,"670,1,0",147,15,[NULL]
4,"669,1,0",147,15,[NULL]
0,421,148,14,[NULL]
1,"533,1,3",148,14,[NULL]
2,"532,1,3",148,14,[NULL]
3,"671,1,0",148,14,[NULL]
0,"333,1,5",149,13,[NULL]
1,"43,1,174,1,3",149,13,[NULL]
2,"1,1,652,1,0",149,13,[NULL]
0,422,150,12,[NULL]
1,"0,1,521,1,3",150,12,[NULL]
2,"673,1,0",150,12,[NULL]
3,"13,1,445,1,0",150,12,[NULL]
0,423,151,11,[NULL]
1,"7,2,211",151,11,[NULL]
2,"0,1,523,1,3",151,11,[NULL]
3,"577,1,2",151,11,[NULL]
4,"675,1,0",151,11,[NULL]
5,"674,1,0",151,11,[NULL]
0,"18,1,211",152,10,[NULL]
1,"69,2,6",152,10,[NULL]
2,"535,1,3",152,10,[NULL]
3,"0,1,524,1,3",152,10,[NULL]
0,"7,1,322",153,9,[NULL]
1,"324,1,6",153,9,[NULL]
0,"0,1,7,1,317",154,8,[NULL]
1,"163,1,35",154,8,[NULL]
2,"676,1,0",154,8,[NULL]
0,424,155,7,[NULL]
1,"18,1,339,1,0",155,7,[NULL]
0,425,156,6,[NULL]
1,"1,1,7,1,508,1,0",156,6,[NULL]
0,"324,1,7",157,5,[NULL]
1,"18,1,341,1,0",157,5,[NULL]
0,"1,1,7,2,324,1,0",158,4,[NULL]
0,"1,1,18,1,324,1,0",159,3,[NULL]
0,"0,158,1",3,160,[NULL]
0,"0,153,2",7,156,[NULL]
0,"0,3,554,1,2",110,53,[NULL]
0,"578,1,2",112,51,[NULL]
0,"0,2,17,1,296,1,1",113,50,[NULL]
0,"0,2,606,1,1",114,49,[NULL]
0,426,118,45,[NULL]
0,427,121,42,[NULL]
0,"161,1,36",125,38,[NULL]
0,"62,1,96",128,35,[NULL]
0,"0,3,64,1,137,1,2",129,34,[NULL]
1,"0,14,500,1,1",129,34,[NULL]
0,"0,3,64,1,138,1,2",130,33,[NULL]
1,"0,30,324,1,1",130,33,[NULL]
0,"623,1,1",131,32,[NULL]
0,"64,1,146,1,2",132,31,[NULL]
1,"0,3,558,1,2",132,31,[NULL]
2,"0,3,64,1,149,1,1",132,31,[NULL]
0,"0,9,500,1,2",133,30,[NULL]
1,"0,3,598,1,1",133,30,[NULL]
0,"0,25,324,1,2",134,29,[NULL]
1,"0,3,17,1,292,1,1",134,29,[NULL]
0,"0,3,600,1,1",135,28,[NULL]
1,"1,1,653,1,0",135,28,[NULL]
0,"260,1,14",138,25,[NULL]
0,"17,1,224",139,24,[NULL]
1,"17,1,223",139,24,[NULL]
0,428,140,23,[NULL]
1,"0,2,408",140,23,[NULL]
2,"13,4,38",140,23,[NULL]
0,"1,1,408",141,22,[NULL]
1,"537,1,3",141,22,[NULL]
2,"13,3,105,1,3",141,22,[NULL]
3,"0,2,568,1,2",141,22,[NULL]
4,"627,1,1",141,22,[NULL]
5,"13,4,75,1,0",141,22,[NULL]
0,429,142,21,[NULL]
1,"0,1,418",142,21,[NULL]
2,"538,1,3",142,21,[NULL]
3,"13,4,76,1,0",142,21,[NULL]
0,430,143,20,[NULL]
1,"582,1,2",143,20,[NULL]
2,"628,1,1",143,20,[NULL]
3,"0,6,575,1,1",143,20,[NULL]
0,431,144,19,[NULL]
1,"539,1,3",144,19,[NULL]
2,"0,1,17,1,314,1,1",144,19,[NULL]
0,433,145,18,[NULL]
1,432,145,18,[NULL]
2,"629,1,1",145,18,[NULL]
0,434,146,17,[NULL]
1,"13,1,274",146,17,[NULL]
2,"0,3,562,1,2",146,17,[NULL]
3,"3,1,604,1,0",146,17,[NULL]
0,"1,1,409",147,16,[NULL]
1,"335,1,5",147,16,[NULL]
2,"0,1,575,1,2",147,16,[NULL]
3,"677,1,0",147,16,[NULL]
0,436,148,15,[NULL]
1,435,148,15,[NULL]
2,"2,1,404",148,15,[NULL]
3,"0,1,533,1,3",148,15,[NULL]
4,"679,1,0",148,15,[NULL]
5,"678,1,0",148,15,[NULL]
6,"67,1,174,1,0",148,15,[NULL]
0,437,149,14,[NULL]
1,"1,1,411",149,14,[NULL]
2,"239,1,18",149,14,[NULL]
3,"540,1,3",149,14,[NULL]
4,"680,1,0",149,14,[NULL]
5,"13,1,450,1,0",149,14,[NULL]
0,438,150,13,[NULL]
1,"541,1,3",150,13,[NULL]
2,"631,1,1",150,13,[NULL]
3,"682,1,0",150,13,[NULL]
4,"681,1,0",150,13,[NULL]
0,"69,1,94",151,12,[NULL]
1,"314,1,9",151,12,[NULL]
2,"543,1,3",151,12,[NULL]
3,"3,1,463,1,3",151,12,[NULL]
4,"0,2,523,1,3",151,12,[NULL]
0,"0,1,18,1,211",152,11,[NULL]
1,"544,1,3",152,11,[NULL]
2,"1,1,523,1,3",152,11,[NULL]
3,"0,2,524,1,3",152,11,[NULL]
4,"17,1,69,2,1",152,11,[NULL]
0,"339,1,5",153,10,[NULL]
1,"545,1,3",153,10,[NULL]
2,"1,1,524,1,3",153,10,[NULL]
3,"584,1,2",153,10,[NULL]
4,"17,1,324,1,1",153,10,[NULL]
0,"0,2,7,1,317",154,9,[NULL]
1,"1,1,525,1,3",154,9,[NULL]
2,"18,1,352,1,0",154,9,[NULL]
0,"1,1,7,1,317",155,8,[NULL]
1,"684,1,0",155,8,[NULL]
0,"7,1,329",156,7,[NULL]
1,"2,1,506,1,3",156,7,[NULL]
0,439,157,6,[NULL]
1,"1,1,660,1,0",157,6,[NULL]
0,"548,1,3",158,5,[NULL]
0,"0,159,1",3,161,[NULL]
0,"0,154,2",7,157,[NULL]
0,"0,4,554,1,2",110,54,[NULL]
0,"0,3,17,1,296,1,1",113,51,[NULL]
0,"0,3,606,1,1",114,50,[NULL]
0,440,117,47,[NULL]
0,"0,1,426",118,46,[NULL]
0,"635,1,1",120,44,[NULL]
0,"636,1,1",121,43,[NULL]
0,"685,1,0",124,40,[NULL]
0,"687,1,0",127,37,[NULL]
0,"0,4,64,1,137,1,2",129,35,[NULL]
1,"0,15,500,1,1",129,35,[NULL]
0,"0,4,64,1,138,1,2",130,34,[NULL]
1,"0,31,324,1,1",130,34,[NULL]
0,"0,1,623,1,1",131,33,[NULL]
1,"5,1,64,1,137,1,0",131,33,[NULL]
0,"0,4,64,1,149,1,1",132,32,[NULL]
0,"0,10,500,1,2",133,31,[NULL]
1,"0,4,598,1,1",133,31,[NULL]
0,"0,26,324,1,2",134,30,[NULL]
1,"1,1,665,1,0",134,30,[NULL]
0,"149,1,45",137,27,[NULL]
0,"17,1,260,1,3",138,26,[NULL]
1,"13,2,248,1,0",138,26,[NULL]
0,"0,1,17,1,224",139,25,[NULL]
1,"23,1,198",139,25,[NULL]
2,"13,3,150,1,0",139,25,[NULL]
0,"187,1,30",140,24,[NULL]
1,"260,1,15",140,24,[NULL]
2,"549,1,3",140,24,[NULL]
3,"586,1,2",140,24,[NULL]
0,"0,3,568,1,2",141,23,[NULL]
1,"0,1,627,1,1",141,23,[NULL]
0,"0,2,418",142,22,[NULL]
1,"17,1,230",142,22,[NULL]
2,"18,1,278,1,2",142,22,[NULL]
0,441,143,21,[NULL]
1,"551,1,3",143,21,[NULL]
2,"0,7,575,1,1",143,21,[NULL]
3,"2,1,646,1,0",143,21,[NULL]
0,"0,1,431",144,20,[NULL]
1,"209,1,26",144,20,[NULL]
2,"0,2,17,1,314,1,1",144,20,[NULL]
3,"690,1,0",144,20,[NULL]
0,442,145,19,[NULL]
0,"0,1,434",146,18,[NULL]
1,"13,1,294,1,3",146,18,[NULL]
2,"0,4,562,1,2",146,18,[NULL]
0,444,147,17,[NULL]
1,443,147,17,[NULL]
2,"0,2,575,1,2",147,17,[NULL]
3,"693,1,0",147,17,[NULL]
4,"692,1,0",147,17,[NULL]
5,"691,1,0",147,17,[NULL]
0,445,148,16,[NULL]
1,"0,1,435",148,16,[NULL]
2,"589,1,2",148,16,[NULL]
3,"1,1,669,1,0",148,16,[NULL]
0,"0,1,540,1,3",149,15,[NULL]
1,"694,1,0",149,15,[NULL]
0,447,150,14,[NULL]
1,446,150,14,[NULL]
2,"0,1,438",150,14,[NULL]
3,"591,1,2",150,14,[NULL]
4,"0,1,631,1,1",150,14,[NULL]
0,450,151,13,[NULL]
1,449,151,13,[NULL]
2,448,151,13,[NULL]
3,"3,1,477,1,3",151,13,[NULL]
4,"0,1,543,1,3",151,13,[NULL]
5,"14,1,324,1,2",151,13,[NULL]
6,"7,2,314,1,1",151,13,[NULL]
7,"1,1,673,1,0",151,13,[NULL]
0,"352,1,5",152,12,[NULL]
1,"0,1,544,1,3",152,12,[NULL]
2,"18,1,314,1,1",152,12,[NULL]
3,"0,1,17,1,69,2,1",152,12,[NULL]
4,"1,1,674,1,0",152,12,[NULL]
0,"69,1,133,1,3",153,11,[NULL]
1,"0,1,584,1,2",153,11,[NULL]
2,"0,1,17,1,324,1,1",153,11,[NULL]
0,451,154,10,[NULL]
1,"3,1,480,1,3",154,10,[NULL]
2,"7,1,446,1,2",154,10,[NULL]
0,453,155,9,[NULL]
1,452,155,9,[NULL]
2,"7,1,546,1,0",155,9,[NULL]
3,"1,1,676,1,0",155,9,[NULL]
0,"18,1,220",156,8,[NULL]
1,"697,1,0",156,8,[NULL]
2,"696,1,0",156,8,[NULL]
3,"695,1,0",156,8,[NULL]
0,"1,1,425",157,7,[NULL]
1,"7,1,339",157,7,[NULL]
2,"698,1,0",157,7,[NULL]
3,"24,1,69,2,0",157,7,[NULL]
4,"23,1,324,1,0",157,7,[NULL]
5,"18,1,368,1,0",157,7,[NULL]
0,"7,1,340",158,6,[NULL]
1,"324,1,8",158,6,[NULL]
2,"9,1,324,1,3",158,6,[NULL]
3,"699,1,0",158,6,[NULL]
4,"24,1,324,1,0",158,6,[NULL]
0,"25,1,324,1,0",159,5,[NULL]
0,"324,1,9",160,4,[NULL]
0,"2,1,18,1,324,1,0",161,3,[NULL]
0,"0,160,1",3,162,[NULL]
0,"0,155,2",7,158,[NULL]
0,"641,1,1",110,55,[NULL]
0,"700,1,0",113,52,[NULL]
0,"0,4,606,1,1",114,51,[NULL]
0,"554,1,3",117,48,[NULL]
0,"0,2,426",118,47,[NULL]
0,"165,1,36",119,46,[NULL]
0,"0,1,635,1,1",120,45,[NULL]
0,"0,1,636,1,1",121,44,[NULL]
0,"595,1,2",126,39,[NULL]
0,"0,5,64,1,137,1,2",129,36,[NULL]
1,"0,16,500,1,1",129,36,[NULL]
0,"0,5,64,1,138,1,2",130,35,[NULL]
1,"0,32,324,1,1",130,35,[NULL]
0,"0,5,64,1,149,1,1",132,33,[NULL]
0,"0,11,500,1,2",133,32,[NULL]
1,"64,1,184,1,0",133,32,[NULL]
0,"0,27,324,1,2",134,31,[NULL]
0,"64,1,149,1,2",136,29,[NULL]
0,"598,1,2",137,28,[NULL]
0,"17,1,292,1,2",138,27,[NULL]
0,"13,4,51,1,3",139,26,[NULL]
1,"602,1,2",139,26,[NULL]
2,"601,1,2",139,26,[NULL]
3,"600,1,2",139,26,[NULL]
4,"642,1,1",139,26,[NULL]
0,"299,1,11",140,25,[NULL]
1,"0,1,586,1,2",140,25,[NULL]
2,"13,4,80,1,0",140,25,[NULL]
0,"643,1,1",141,24,[NULL]
1,"0,2,627,1,1",141,24,[NULL]
0,454,142,23,[NULL]
1,"5,1,349",142,23,[NULL]
2,"645,1,1",142,23,[NULL]
3,"644,1,1",142,23,[NULL]
0,"167,1,38",143,22,[NULL]
1,"0,1,551,1,3",143,22,[NULL]
2,"646,1,1",143,22,[NULL]
3,"0,8,575,1,1",143,22,[NULL]
4,"64,1,187,1,0",143,22,[NULL]
0,455,144,21,[NULL]
1,"266,1,15",144,21,[NULL]
2,"13,1,303,1,3",144,21,[NULL]
3,"702,1,0",144,21,[NULL]
4,"13,1,472,1,0",144,21,[NULL]
0,456,145,20,[NULL]
1,"359,1,5",145,20,[NULL]
2,"13,2,188,1,3",145,20,[NULL]
3,"13,1,473,1,0",145,20,[NULL]
0,"300,1,12",146,19,[NULL]
1,"604,1,2",146,19,[NULL]
2,"0,5,562,1,2",146,19,[NULL]
3,"705,1,0",146,19,[NULL]
4,"2,1,656,1,0",146,19,[NULL]
0,"51,1,142",147,18,[NULL]
1,"302,1,12",147,18,[NULL]
2,"0,3,575,1,2",147,18,[NULL]
3,"648,1,1",147,18,[NULL]
4,"2,2,618,1,0",147,18,[NULL]
0,"0,1,445",148,17,[NULL]
1,"13,2,190,1,3",148,17,[NULL]
2,"0,1,589,1,2",148,17,[NULL]
3,"650,1,1",148,17,[NULL]
4,"13,1,474,1,0",148,17,[NULL]
5,"3,1,618,1,0",148,17,[NULL]
0,"306,1,12",149,16,[NULL]
1,"363,1,5",149,16,[NULL]
2,"0,2,540,1,3",149,16,[NULL]
3,"707,1,0",149,16,[NULL]
4,"13,1,476,1,0",149,16,[NULL]
0,"69,1,97",150,15,[NULL]
1,"307,1,12",150,15,[NULL]
2,"1,1,540,1,3",150,15,[NULL]
3,"0,2,631,1,1",150,15,[NULL]
4,"708,1,0",150,15,[NULL]
5,"1,1,680,1,0",150,15,[NULL]
0,"0,1,449",151,14,[NULL]
1,"309,1,12",151,14,[NULL]
2,"0,2,543,1,3",151,14,[NULL]
3,"652,1,1",151,14,[NULL]
4,"709,1,0",151,14,[NULL]
0,"3,1,485,1,3",152,13,[NULL]
1,"0,2,544,1,3",152,13,[NULL]
2,"0,1,18,1,314,1,1",152,13,[NULL]
0,457,153,12,[NULL]
1,"43,1,191,1,3",153,12,[NULL]
2,"68,1,163,1,1",153,12,[NULL]
3,"0,2,17,1,324,1,1",153,12,[NULL]
4,"711,1,0",153,12,[NULL]
0,458,154,11,[NULL]
1,"564,1,3",154,11,[NULL]
2,"563,1,3",154,11,[NULL]
3,"0,1,7,1,446,1,2",154,11,[NULL]
4,"713,1,0",154,11,[NULL]
5,"712,1,0",154,11,[NULL]
0,459,155,10,[NULL]
1,"565,1,3",155,10,[NULL]
2,"714,1,0",155,10,[NULL]
3,"18,1,373,1,0",155,10,[NULL]
0,"567,1,3",156,9,[NULL]
1,"18,1,376,1,0",156,9,[NULL]
0,460,157,8,[NULL]
1,"7,1,507,1,1",157,8,[NULL]
0,"18,1,228",158,7,[NULL]
1,"2,1,526,1,3",158,7,[NULL]
2,"7,1,508,1,1",158,7,[NULL]
0,461,159,6,[NULL]
1,"10,1,324,1,3",159,6,[NULL]
2,"2,1,660,1,0",159,6,[NULL]
0,"11,1,324,1,3",160,5,[NULL]
1,"7,2,324,1,1",160,5,[NULL]
0,"18,1,324,1,1",161,4,[NULL]
0,"0,161,1",3,163,[NULL]
0,"0,156,2",7,159,[NULL]
0,"0,5,606,1,1",114,52,[NULL]
0,"17,1,296,1,2",117,49,[NULL]
0,"607,1,2",118,48,[NULL]
1,"606,1,2",118,48,[NULL]
0,"0,2,635,1,1",120,46,[NULL]
0,"0,2,636,1,1",121,45,[NULL]
0,"1,1,685,1,0",125,41,[NULL]
0,"0,17,500,1,1",129,37,[NULL]
0,"0,33,324,1,1",130,36,[NULL]
0,"1,1,5,1,64,1,137,1,0",132,34,[NULL]
0,"0,12,500,1,2",133,33,[NULL]
0,"27,1,198",134,32,[NULL]
1,"0,28,324,1,2",134,32,[NULL]
0,"0,1,64,1,149,1,2",136,30,[NULL]
0,"0,1,598,1,2",137,29,[NULL]
0,"172,1,36",138,28,[NULL]
1,"0,1,17,1,292,1,2",138,28,[NULL]
0,"0,1,601,1,2",139,27,[NULL]
1,"0,1,600,1,2",139,27,[NULL]
2,"0,1,642,1,1",139,27,[NULL]
0,"0,2,586,1,2",140,26,[NULL]
1,"654,1,1",140,26,[NULL]
0,"278,1,14",141,25,[NULL]
1,"1,1,586,1,2",141,25,[NULL]
2,"0,3,627,1,1",141,25,[NULL]
3,"715,1,0",141,25,[NULL]
0,"0,1,645,1,1",142,24,[NULL]
1,"0,1,644,1,1",142,24,[NULL]
2,"716,1,0",142,24,[NULL]
3,"13,4,83,1,0",142,24,[NULL]
0,"0,1,646,1,1",143,23,[NULL]
1,"18,1,380,1,0",143,23,[NULL]
0,"1,1,441",144,22,[NULL]
0,"13,2,23,1,75,1,3",145,21,[NULL]
1,"610,1,2",145,21,[NULL]
2,"1,1,690,1,0",145,21,[NULL]
0,"717,1,0",146,20,[NULL]
1,"2,2,628,1,0",146,20,[NULL]
0,462,147,19,[NULL]
1,"0,4,575,1,2",147,19,[NULL]
2,"3,1,628,1,0",147,19,[NULL]
0,"275,1,15",148,18,[NULL]
1,"568,1,3",148,18,[NULL]
2,"23,1,335,1,0",148,18,[NULL]
3,"1,1,692,1,0",148,18,[NULL]
4,"1,1,691,1,0",148,18,[NULL]
0,"1,1,445",149,17,[NULL]
1,"3,1,629,1,0",149,17,[NULL]
0,"367,1,6",150,16,[NULL]
1,"1,1,694,1,0",150,16,[NULL]
0,463,151,15,[NULL]
1,"314,1,11",151,15,[NULL]
2,"0,1,652,1,1",151,15,[NULL]
3,"18,1,385,1,0",151,15,[NULL]
0,"70,1,99",152,14,[NULL]
1,"174,1,39",152,14,[NULL]
2,"0,2,18,1,314,1,1",152,14,[NULL]
3,"718,1,0",152,14,[NULL]
4,"27,1,324,1,0",152,14,[NULL]
0,464,153,13,[NULL]
1,"0,1,457",153,13,[NULL]
2,"569,1,3",153,13,[NULL]
3,"0,3,17,1,324,1,1",153,13,[NULL]
0,465,154,12,[NULL]
1,"311,1,12",154,12,[NULL]
2,"570,1,3",154,12,[NULL]
0,466,155,11,[NULL]
1,"314,1,12",155,11,[NULL]
2,"571,1,3",155,11,[NULL]
3,"719,1,0",155,11,[NULL]
0,468,156,10,[NULL]
1,467,156,10,[NULL]
2,"1,1,452",156,10,[NULL]
3,"617,1,2",156,10,[NULL]
0,470,157,9,[NULL]
1,469,157,9,[NULL]
2,"18,1,264,1,3",157,9,[NULL]
3,"2,1,676,1,0",157,9,[NULL]
4,"1,1,697,1,0",157,9,[NULL]
0,"0,1,7,1,508,1,1",158,8,[NULL]
1,"720,1,0",158,8,[NULL]
2,"7,2,398,1,0",158,8,[NULL]
3,"1,1,18,1,368,1,0",158,8,[NULL]
0,"660,1,1",159,7,[NULL]
1,"28,1,324,1,0",159,7,[NULL]
2,"7,2,400,1,0",159,7,[NULL]
0,"0,1,7,2,324,1,1",160,6,[NULL]
1,"2,1,18,1,341,1,0",160,6,[NULL]
0,"0,1,18,1,324,1,1",161,5,[NULL]
0,"0,162,1",3,164,[NULL]
0,"0,157,2",7,160,[NULL]
0,"0,6,606,1,1",114,53,[NULL]
0,"0,1,17,1,296,1,2",117,50,[NULL]
0,"0,1,606,1,2",118,49,[NULL]
0,"276,1,15",120,47,[NULL]
1,"0,3,635,1,1",120,47,[NULL]
0,"0,3,636,1,1",121,46,[NULL]
0,471,129,38,[NULL]
0,"0,34,324,1,1",130,37,[NULL]
0,"0,13,500,1,2",133,34,[NULL]
1,"725,1,0",133,34,[NULL]
0,"0,29,324,1,2",134,33,[NULL]
0,"0,2,64,1,149,1,2",136,31,[NULL]
0,"1,1,64,1,149,1,2",137,30,[NULL]
1,"0,2,598,1,2",137,30,[NULL]
0,"0,2,17,1,292,1,2",138,29,[NULL]
0,"0,2,601,1,2",139,28,[NULL]
1,"0,2,600,1,2",139,28,[NULL]
2,"0,2,642,1,1",139,28,[NULL]
0,"0,3,586,1,2",140,27,[NULL]
1,"0,1,654,1,1",140,27,[NULL]
2,"42,1,260,1,0",140,27,[NULL]
0,"0,4,627,1,1",141,26,[NULL]
0,"13,2,194,1,3",142,25,[NULL]
1,"0,2,645,1,1",142,25,[NULL]
2,"0,2,644,1,1",142,25,[NULL]
0,"574,1,3",143,24,[NULL]
1,"0,2,646,1,1",143,24,[NULL]
2,"23,1,346,1,0",143,24,[NULL]
0,"2,1,537,1,3",144,23,[NULL]
1,"1,1,64,1,187,1,0",144,23,[NULL]
0,473,146,21,[NULL]
1,472,146,21,[NULL]
0,"0,1,462",147,20,[NULL]
1,"317,1,12",147,20,[NULL]
2,"0,5,575,1,2",147,20,[NULL]
3,"13,2,261,1,0",147,20,[NULL]
0,"17,1,314,1,2",148,19,[NULL]
1,"13,2,262,1,0",148,19,[NULL]
2,"3,1,639,1,0",148,19,[NULL]
0,474,149,18,[NULL]
1,"3,1,266,1,12",149,18,[NULL]
0,476,150,17,[NULL]
1,475,150,17,[NULL]
2,"669,1,1",150,17,[NULL]
3,"17,1,367,1,1",150,17,[NULL]
0,477,151,16,[NULL]
1,"1,2,540,1,3",151,16,[NULL]
2,"671,1,1",151,16,[NULL]
3,"1,1,708,1,0",151,16,[NULL]
0,"386,1,5",152,15,[NULL]
1,"0,3,18,1,314,1,1",152,15,[NULL]
0,478,153,14,[NULL]
1,"1,1,3,1,485,1,3",153,14,[NULL]
2,"673,1,1",153,14,[NULL]
3,"0,4,17,1,324,1,1",153,14,[NULL]
0,"0,1,311,1,12",154,13,[NULL]
1,"390,1,5",154,13,[NULL]
2,"575,1,3",154,13,[NULL]
3,"2,1,543,1,3",154,13,[NULL]
4,"731,1,0",154,13,[NULL]
5,"730,1,0",154,13,[NULL]
0,"321,1,12",155,12,[NULL]
1,"0,1,314,1,12",155,12,[NULL]
2,"392,1,5",155,12,[NULL]
3,"2,1,544,1,3",155,12,[NULL]
4,"732,1,0",155,12,[NULL]
5,"18,1,411,1,0",155,12,[NULL]
0,479,156,11,[NULL]
1,"3,1,504,1,3",156,11,[NULL]
2,"735,1,0",156,11,[NULL]
3,"734,1,0",156,11,[NULL]
0,"324,1,10",157,10,[NULL]
1,"576,1,3",157,10,[NULL]
2,"676,1,1",157,10,[NULL]
3,"1,1,18,1,376,1,0",157,10,[NULL]
0,480,158,9,[NULL]
1,"577,1,3",158,9,[NULL]
0,481,159,8,[NULL]
1,"0,1,660,1,1",159,8,[NULL]
0,"94,1,88",160,7,[NULL]
1,"324,1,11",160,7,[NULL]
2,"3,1,506,1,3",160,7,[NULL]
3,"0,2,7,2,324,1,1",160,7,[NULL]
0,"7,1,357",161,6,[NULL]
1,"13,1,324,1,3",161,6,[NULL]
2,"2,1,548,1,3",161,6,[NULL]
3,"0,2,18,1,324,1,1",161,6,[NULL]
0,"7,1,358",162,5,[NULL]
0,"324,1,12",164,3,[NULL]
0,"0,163,1",3,165,[NULL]
0,"0,158,2",7,161,[NULL]
0,"622,1,2",112,56,[NULL]
0,"0,7,606,1,1",114,54,[NULL]
0,"0,2,17,1,296,1,2",117,51,[NULL]
0,"0,2,606,1,2",118,50,[NULL]
0,"736,1,0",119,49,[NULL]
0,"0,4,635,1,1",120,48,[NULL]
0,"0,4,636,1,1",121,47,[NULL]
0,482,125,43,[NULL]
0,483,128,40,[NULL]
0,"0,1,471",129,39,[NULL]
0,"0,35,324,1,1",130,38,[NULL]
0,"224,1,26",132,36,[NULL]
0,"0,14,500,1,2",133,35,[NULL]
0,"0,30,324,1,2",134,34,[NULL]
0,"623,1,2",135,33,[NULL]
0,"0,3,64,1,149,1,2",136,32,[NULL]
0,"0,3,598,1,2",137,31,[NULL]
0,"0,3,17,1,292,1,2",138,30,[NULL]
0,"64,1,160,1,2",139,29,[NULL]
1,"0,3,601,1,2",139,29,[NULL]
2,"0,3,600,1,2",139,29,[NULL]
3,"0,3,642,1,1",139,29,[NULL]
0,"0,2,654,1,1",140,28,[NULL]
1,"13,7,0",140,28,[NULL]
0,"0,5,627,1,1",141,27,[NULL]
1,"13,4,23,1,24,1,0",141,27,[NULL]
0,"0,3,644,1,1",142,26,[NULL]
1,"1,1,715,1,0",142,26,[NULL]
0,484,145,23,[NULL]
1,"627,1,2",145,23,[NULL]
2,"13,2,266,1,0",145,23,[NULL]
0,"0,1,472",146,22,[NULL]
1,"17,1,265",146,22,[NULL]
2,"737,1,0",146,22,[NULL]
3,"13,2,267,1,0",146,22,[NULL]
0,"0,6,575,1,2",147,21,[NULL]
1,"13,2,268,1,0",147,21,[NULL]
2,"2,1,690,1,0",147,21,[NULL]
0,486,148,20,[NULL]
1,485,148,20,[NULL]
2,"13,1,328,1,3",148,20,[NULL]
3,"0,1,17,1,314,1,2",148,20,[NULL]
4,"1,1,3,1,628,1,0",148,20,[NULL]
0,487,149,19,[NULL]
1,"581,1,3",149,19,[NULL]
2,"629,1,2",149,19,[NULL]
3,"3,1,604,1,1",149,19,[NULL]
4,"43,1,266,1,0",149,19,[NULL]
5,"13,1,23,1,213,1,0",149,19,[NULL]
0,"0,1,476",150,18,[NULL]
1,"582,1,3",150,18,[NULL]
2,"0,1,17,1,367,1,1",150,18,[NULL]
3,"1,1,3,1,629,1,0",150,18,[NULL]
0,"0,1,671,1,1",151,17,[NULL]
1,"3,1,648,1,0",151,17,[NULL]
0,489,152,16,[NULL]
1,488,152,16,[NULL]
2,"13,1,331,1,3",152,16,[NULL]
3,"1,1,18,1,385,1,0",152,16,[NULL]
0,"3,2,425,1,3",153,15,[NULL]
1,"67,1,197,1,0",153,15,[NULL]
2,"1,1,27,1,324,1,0",153,15,[NULL]
0,"631,1,2",154,14,[NULL]
0,490,155,13,[NULL]
1,"0,2,314,1,12",155,13,[NULL]
2,"3,1,652,1,0",155,13,[NULL]
0,491,156,12,[NULL]
1,"18,1,250",156,12,[NULL]
2,"633,1,2",156,12,[NULL]
3,"17,1,69,2,2",156,12,[NULL]
4,"23,1,368,1,0",156,12,[NULL]
5,"1,1,719,1,0",156,12,[NULL]
0,493,157,11,[NULL]
1,492,157,11,[NULL]
2,"333,1,12",157,11,[NULL]
3,"17,1,324,1,2",157,11,[NULL]
4,"0,1,676,1,1",157,11,[NULL]
5,"744,1,0",157,11,[NULL]
6,"743,1,0",157,11,[NULL]
0,495,158,10,[NULL]
1,494,158,10,[NULL]
2,"18,1,253",158,10,[NULL]
3,"746,1,0",158,10,[NULL]
0,"0,1,481",159,9,[NULL]
1,"2,1,697,1,0",159,9,[NULL]
2,"1,1,720,1,0",159,9,[NULL]
0,"142,1,65",160,8,[NULL]
1,"0,1,324,1,11",160,8,[NULL]
2,"2,1,698,1,0",160,8,[NULL]
3,"2,1,24,1,69,2,0",160,8,[NULL]
4,"2,1,18,1,368,1,0",160,8,[NULL]
5,"1,1,28,1,324,1,0",160,8,[NULL]
0,"96,1,88",161,7,[NULL]
1,"143,1,65",161,7,[NULL]
2,"0,3,18,1,324,1,1",161,7,[NULL]
3,"748,1,0",161,7,[NULL]
4,"747,1,0",161,7,[NULL]
5,"2,1,699,1,0",161,7,[NULL]
6,"2,1,24,1,324,1,0",161,7,[NULL]
0,"0,1,7,1,358",162,6,[NULL]
1,"18,1,257",162,6,[NULL]
2,"749,1,0",162,6,[NULL]
3,"2,1,25,1,324,1,0",162,6,[NULL]
0,"324,1,13",163,5,[NULL]
1,"750,1,0",163,5,[NULL]
0,"0,1,324,1,12",164,4,[NULL]
1,"751,1,0",164,4,[NULL]
2,"2,2,18,1,324,1,0",164,4,[NULL]
0,"3,1,18,1,324,1,0",165,3,[NULL]
0,"0,164,1",3,166,[NULL]
0,"0,159,2",7,162,[NULL]
0,"0,8,606,1,1",114,55,[NULL]
0,"0,3,17,1,296,1,2",117,52,[NULL]
0,"0,3,606,1,2",118,51,[NULL]
0,"0,5,635,1,1",120,49,[NULL]
0,"0,5,636,1,1",121,48,[NULL]
0,"635,1,2",124,45,[NULL]
0,"636,1,2",125,44,[NULL]
0,"685,1,1",127,42,[NULL]
0,"403,1,6",128,41,[NULL]
0,"686,1,1",129,40,[NULL]
0,"0,36,324,1,1",130,39,[NULL]
0,"42,1,224,1,2",131,38,[NULL]
0,"0,15,500,1,2",133,36,[NULL]
0,"0,31,324,1,2",134,35,[NULL]
1,"1,1,725,1,0",134,35,[NULL]
0,"0,4,64,1,149,1,2",136,33,[NULL]
0,"0,4,598,1,2",137,32,[NULL]
0,"17,1,380,1,1",138,31,[NULL]
1,"5,1,64,1,149,1,0",138,31,[NULL]
0,"0,4,642,1,1",139,30,[NULL]
0,"0,3,654,1,1",140,29,[NULL]
0,"1,1,42,1,260,1,0",141,28,[NULL]
0,"187,1,36",144,25,[NULL]
0,"13,1,306",145,24,[NULL]
1,"13,2,51,1,38",145,24,[NULL]
2,"0,1,627,1,2",145,24,[NULL]
0,"23,1,223",146,23,[NULL]
1,"66,1,110",146,23,[NULL]
2,"585,1,3",146,23,[NULL]
3,"13,2,23,1,83,1,3",146,23,[NULL]
4,"13,4,95,1,0",146,23,[NULL]
0,"1,1,472",147,22,[NULL]
1,"2,1,455",147,22,[NULL]
2,"209,1,30",147,22,[NULL]
3,"586,1,3",147,22,[NULL]
4,"638,1,2",147,22,[NULL]
5,"0,7,575,1,2",147,22,[NULL]
6,"13,3,164,1,0",147,22,[NULL]
0,"188,1,37",148,21,[NULL]
1,"587,1,3",148,21,[NULL]
2,"0,2,17,1,314,1,2",148,21,[NULL]
3,"754,1,0",148,21,[NULL]
0,"17,1,275",149,20,[NULL]
1,"266,1,18",149,20,[NULL]
0,"267,1,18",150,19,[NULL]
1,"693,1,1",150,19,[NULL]
0,"1,1,475",151,18,[NULL]
1,"188,1,38",151,18,[NULL]
2,"209,1,31",151,18,[NULL]
3,"0,2,671,1,1",151,18,[NULL]
0,"0,1,489",152,17,[NULL]
1,"188,1,39",152,17,[NULL]
2,"13,1,335,1,3",152,17,[NULL]
3,"75,1,188,1,0",152,17,[NULL]
0,"189,1,39",153,16,[NULL]
1,"75,1,189,1,0",153,16,[NULL]
0,497,154,15,[NULL]
1,496,154,15,[NULL]
2,"3,1,410",154,15,[NULL]
3,"190,1,38",154,15,[NULL]
4,"269,1,18",154,15,[NULL]
5,"76,1,189,1,0",154,15,[NULL]
6,"23,1,373,1,0",154,15,[NULL]
0,499,155,14,[NULL]
1,498,155,14,[NULL]
2,"3,1,411",155,14,[NULL]
3,"67,1,111",155,14,[NULL]
4,"335,1,12",155,14,[NULL]
5,"589,1,3",155,14,[NULL]
6,"7,2,314,1,2",155,14,[NULL]
7,"75,1,190,1,0",155,14,[NULL]
8,"23,1,376,1,0",155,14,[NULL]
0,"336,1,12",156,13,[NULL]
1,"590,1,3",156,13,[NULL]
2,"18,1,314,1,2",156,13,[NULL]
3,"76,1,190,1,0",156,13,[NULL]
4,"1,1,732,1,0",156,13,[NULL]
0,"0,1,492",157,12,[NULL]
1,"0,1,333,1,12",157,12,[NULL]
2,"591,1,3",157,12,[NULL]
3,"0,1,17,1,324,1,2",157,12,[NULL]
4,"0,2,676,1,1",157,12,[NULL]
5,"1,1,734,1,0",157,12,[NULL]
0,500,158,11,[NULL]
1,"14,1,324,1,3",158,11,[NULL]
2,"2,1,565,1,3",158,11,[NULL]
3,"7,1,546,1,1",158,11,[NULL]
4,"755,1,0",158,11,[NULL]
5,"2,1,18,1,373,1,0",158,11,[NULL]
0,"696,1,1",159,10,[NULL]
1,"757,1,0",159,10,[NULL]
2,"756,1,0",159,10,[NULL]
3,"2,1,18,1,376,1,0",159,10,[NULL]
0,"3,1,525,1,3",160,9,[NULL]
1,"698,1,1",160,9,[NULL]
2,"23,1,324,1,1",160,9,[NULL]
0,"339,1,12",161,8,[NULL]
1,"592,1,3",161,8,[NULL]
2,"1,1,3,1,506,1,3",161,8,[NULL]
3,"699,1,1",161,8,[NULL]
4,"0,4,18,1,324,1,1",161,8,[NULL]
0,"0,1,18,1,257",162,7,[NULL]
1,"99,1,88",162,7,[NULL]
2,"340,1,12",162,7,[NULL]
3,"593,1,3",162,7,[NULL]
4,"1,1,13,1,324,1,3",162,7,[NULL]
5,"2,2,660,1,0",162,7,[NULL]
0,"341,1,12",163,6,[NULL]
1,"3,1,324,1,5",163,6,[NULL]
2,"2,1,11,1,324,1,3",163,6,[NULL]
0,"0,2,324,1,12",164,5,[NULL]
0,"1,1,324,1,12",165,4,[NULL]
0,"0,165,1",3,167,[NULL]
0,"0,160,2",7,163,[NULL]
0,"758,1,0",113,57,[NULL]
0,"0,9,606,1,1",114,56,[NULL]
0,"701,1,1",117,53,[NULL]
0,"0,4,606,1,2",118,52,[NULL]
0,"1,1,736,1,0",120,50,[NULL]
0,"0,1,635,1,2",124,46,[NULL]
0,"0,1,636,1,2",125,45,[NULL]
0,"165,1,45",126,44,[NULL]
0,"0,1,685,1,1",127,43,[NULL]
0,"17,1,403,1,1",128,42,[NULL]
0,"0,1,686,1,1",129,41,[NULL]
0,"0,37,324,1,1",130,40,[NULL]
0,"595,1,3",133,37,[NULL]
1,"0,16,500,1,2",133,37,[NULL]
0,"0,32,324,1,2",134,36,[NULL]
0,"759,1,0",136,34,[NULL]
0,"64,1,185,1,1",137,33,[NULL]
0,"0,5,642,1,1",139,31,[NULL]
0,"64,1,206,1,0",140,30,[NULL]
0,501,142,28,[NULL]
0,"642,1,2",143,27,[NULL]
1,"13,3,167,1,0",143,27,[NULL]
0,"598,1,3",144,26,[NULL]
1,"13,3,168,1,0",144,26,[NULL]
0,"0,2,627,1,2",145,25,[NULL]
0,"645,1,2",146,24,[NULL]
1,"644,1,2",146,24,[NULL]
2,"1,1,627,1,2",146,24,[NULL]
3,"64,1,187,1,1",146,24,[NULL]
0,"646,1,2",147,23,[NULL]
1,"0,8,575,1,2",147,23,[NULL]
2,"64,1,188,1,1",147,23,[NULL]
0,"0,3,17,1,314,1,2",148,22,[NULL]
1,"703,1,1",148,22,[NULL]
0,502,149,21,[NULL]
1,"3,1,418",149,21,[NULL]
2,"293,1,15",149,21,[NULL]
3,"706,1,1",149,21,[NULL]
0,"0,1,267,1,18",150,20,[NULL]
1,"0,1,693,1,1",150,20,[NULL]
2,"64,1,209,1,0",150,20,[NULL]
0,"13,2,209,1,3",151,19,[NULL]
1,"760,1,0",151,19,[NULL]
0,503,152,18,[NULL]
1,"707,1,1",152,18,[NULL]
2,"761,1,0",152,18,[NULL]
0,"1,1,488",153,17,[NULL]
1,"275,1,18",153,17,[NULL]
2,"3,1,285,1,12",153,17,[NULL]
3,"604,1,3",153,17,[NULL]
0,"0,1,496",154,16,[NULL]
1,"69,1,115",154,16,[NULL]
2,"763,1,0",154,16,[NULL]
3,"3,1,669,1,0",154,16,[NULL]
0,"0,1,499",155,15,[NULL]
1,"0,1,335,1,12",155,15,[NULL]
2,"652,1,2",155,15,[NULL]
3,"765,1,0",155,15,[NULL]
4,"764,1,0",155,15,[NULL]
0,504,156,14,[NULL]
1,"1,1,490",156,14,[NULL]
2,"0,1,18,1,314,1,2",156,14,[NULL]
3,"67,1,203,1,0",156,14,[NULL]
0,505,157,13,[NULL]
1,"190,1,42",157,13,[NULL]
2,"351,1,12",157,13,[NULL]
3,"0,2,17,1,324,1,2",157,13,[NULL]
4,"0,3,676,1,1",157,13,[NULL]
5,"768,1,0",157,13,[NULL]
6,"3,1,673,1,0",157,13,[NULL]
0,507,158,12,[NULL]
1,506,158,12,[NULL]
2,"0,1,500",158,12,[NULL]
3,"13,1,69,1,75,1,3",158,12,[NULL]
4,"0,1,7,1,546,1,1",158,12,[NULL]
5,"769,1,0",158,12,[NULL]
6,"2,1,719,1,0",158,12,[NULL]
0,"198,1,35",159,11,[NULL]
1,"13,1,69,1,76,1,3",159,11,[NULL]
2,"3,1,535,1,3",159,11,[NULL]
3,"0,1,696,1,1",159,11,[NULL]
4,"770,1,0",159,11,[NULL]
0,"352,1,12",160,10,[NULL]
1,"2,1,18,1,264,1,3",160,10,[NULL]
2,"0,1,23,1,324,1,1",160,10,[NULL]
3,"773,1,0",160,10,[NULL]
4,"772,1,0",160,10,[NULL]
5,"771,1,0",160,10,[NULL]
0,"353,1,12",161,9,[NULL]
1,"7,1,507,1,2",161,9,[NULL]
2,"0,1,699,1,1",161,9,[NULL]
3,"0,5,18,1,324,1,1",161,9,[NULL]
4,"775,1,0",161,9,[NULL]
5,"774,1,0",161,9,[NULL]
6,"18,1,445,1,0",161,9,[NULL]
0,508,162,8,[NULL]
1,"7,1,508,1,2",162,8,[NULL]
2,"776,1,0",162,8,[NULL]
3,"32,1,324,1,0",162,8,[NULL]
4,"1,1,748,1,0",162,8,[NULL]
5,"1,1,747,1,0",162,8,[NULL]
0,"33,1,324,1,0",163,7,[NULL]
1,"18,1,446,1,0",163,7,[NULL]
2,"1,1,749,1,0",163,7,[NULL]
0,"7,2,324,1,2",164,6,[NULL]
1,"34,1,324,1,0",164,6,[NULL]
2,"1,1,750,1,0",164,6,[NULL]
0,"18,1,324,1,2",165,5,[NULL]
1,"35,1,324,1,0",165,5,[NULL]
2,"1,1,751,1,0",165,5,[NULL]
0,"1,1,3,1,18,1,324,1,0",166,4,[NULL]
0,"0,166,1",3,168,[NULL]
0,"0,161,2",7,164,[NULL]
0,"0,10,606,1,1",114,57,[NULL]
0,"0,5,606,1,2",118,53,[NULL]
0,"0,2,635,1,2",124,47,[NULL]
0,"1,1,635,1,2",125,46,[NULL]
1,"0,2,636,1,2",125,46,[NULL]
0,"0,2,685,1,1",127,44,[NULL]
0,"0,1,17,1,403,1,1",128,43,[NULL]
0,"0,2,686,1,1",129,42,[NULL]
0,"0,38,324,1,1",130,41,[NULL]
0,"59,1,224,1,0",132,39,[NULL]
0,"0,33,324,1,2",134,37,[NULL]
0,"1,1,5,1,64,1,149,1,0",139,32,[NULL]
0,"193,1,36",141,30,[NULL]
1,"653,1,2",141,30,[NULL]
0,"0,1,642,1,2",143,28,[NULL]
0,"13,5,23,1,3",144,27,[NULL]
1,"654,1,2",144,27,[NULL]
0,"64,2,15",145,26,[NULL]
1,"0,3,627,1,2",145,26,[NULL]
2,"13,4,101,1,0",145,26,[NULL]
0,"0,1,645,1,2",146,25,[NULL]
1,"0,1,644,1,2",146,25,[NULL]
2,"0,1,64,1,187,1,1",146,25,[NULL]
0,"1,1,585,1,3",147,24,[NULL]
1,"0,1,646,1,2",147,24,[NULL]
2,"0,1,64,1,188,1,1",147,24,[NULL]
0,"194,1,38",148,23,[NULL]
1,"655,1,2",148,23,[NULL]
2,"0,1,703,1,1",148,23,[NULL]
3,"779,1,0",148,23,[NULL]
0,"13,1,357,1,3",149,22,[NULL]
1,"1,1,587,1,3",149,22,[NULL]
2,"717,1,1",149,22,[NULL]
3,"0,1,706,1,1",149,22,[NULL]
4,"13,2,286,1,0",149,22,[NULL]
0,"608,1,3",150,21,[NULL]
1,"13,2,212,1,3",150,21,[NULL]
2,"3,1,628,1,1",150,21,[NULL]
3,"0,2,693,1,1",150,21,[NULL]
4,"13,2,287,1,0",150,21,[NULL]
0,"609,1,3",151,20,[NULL]
1,"80,1,188,1,0",151,20,[NULL]
0,"13,1,23,1,142",152,19,[NULL]
1,"611,1,3",152,19,[NULL]
2,"610,1,3",152,19,[NULL]
3,"0,1,707,1,1",152,19,[NULL]
0,"359,1,12",153,18,[NULL]
1,"13,2,213,1,3",153,18,[NULL]
2,"0,1,604,1,3",153,18,[NULL]
3,"13,2,288,1,0",153,18,[NULL]
4,"3,2,604,1,0",153,18,[NULL]
0,509,154,17,[NULL]
1,"267,1,21",154,17,[NULL]
2,"613,1,3",154,17,[NULL]
3,"43,1,287,1,0",154,17,[NULL]
4,"13,1,532,1,0",154,17,[NULL]
0,"1,1,496",155,16,[NULL]
1,"3,1,435",155,16,[NULL]
2,"67,1,124",155,16,[NULL]
3,"314,1,14",155,16,[NULL]
4,"781,1,0",155,16,[NULL]
5,"1,1,76,1,189,1,0",155,16,[NULL]
0,510,156,15,[NULL]
1,"14,1,317",156,15,[NULL]
2,"68,1,124",156,15,[NULL]
3,"3,1,540,1,3",156,15,[NULL]
4,"0,2,18,1,314,1,2",156,15,[NULL]
5,"3,1,680,1,0",156,15,[NULL]
0,"0,1,505",157,14,[NULL]
1,"67,1,125",157,14,[NULL]
2,"363,1,12",157,14,[NULL]
3,"1,1,590,1,3",157,14,[NULL]
4,"0,3,17,1,324,1,2",157,14,[NULL]
5,"0,4,676,1,1",157,14,[NULL]
6,"1,1,76,1,190,1,0",157,14,[NULL]
0,"0,1,506",158,13,[NULL]
1,"17,1,287",158,13,[NULL]
2,"3,1,543,1,3",158,13,[NULL]
3,"18,1,333,1,2",158,13,[NULL]
4,"719,1,1",158,13,[NULL]
5,"0,2,7,1,546,1,1",158,13,[NULL]
6,"2,1,732,1,0",158,13,[NULL]
0,511,159,12,[NULL]
1,"352,1,13",159,12,[NULL]
2,"616,1,3",159,12,[NULL]
3,"3,1,544,1,3",159,12,[NULL]
4,"19,1,324,1,2",159,12,[NULL]
5,"0,2,696,1,1",159,12,[NULL]
6,"2,1,734,1,0",159,12,[NULL]
0,513,160,11,[NULL]
1,512,160,11,[NULL]
2,"366,1,12",160,11,[NULL]
3,"0,1,352,1,12",160,11,[NULL]
4,"13,1,368,1,3",160,11,[NULL]
5,"0,2,23,1,324,1,1",160,11,[NULL]
0,"13,1,329",161,10,[NULL]
1,"69,1,124",161,10,[NULL]
2,"367,1,12",161,10,[NULL]
3,"0,6,18,1,324,1,1",161,10,[NULL]
0,515,162,9,[NULL]
1,514,162,9,[NULL]
2,"2,1,481",162,9,[NULL]
0,"368,1,12",163,8,[NULL]
1,"660,1,2",163,8,[NULL]
0,"0,1,7,2,324,1,2",164,7,[NULL]
0,"0,1,18,1,324,1,2",165,6,[NULL]
0,"1,2,324,1,12",166,5,[NULL]
0,"0,167,1",3,169,[NULL]
0,"0,162,2",7,165,[NULL]
0,"1,1,758,1,0",114,58,[NULL]
0,"0,6,606,1,2",118,54,[NULL]
0,"0,3,635,1,2",124,48,[NULL]
0,"0,3,636,1,2",125,47,[NULL]
0,"662,1,2",127,45,[NULL]
1,"0,3,685,1,1",127,45,[NULL]
0,"0,2,17,1,403,1,1",128,44,[NULL]
0,"0,3,686,1,1",129,43,[NULL]
0,"0,39,324,1,1",130,42,[NULL]
0,516,133,39,[NULL]
0,"0,34,324,1,2",134,38,[NULL]
0,"725,1,1",136,36,[NULL]
0,517,137,35,[NULL]
0,"665,1,2",140,32,[NULL]
0,"14,1,318",143,29,[NULL]
1,"0,2,642,1,2",143,29,[NULL]
0,"1,1,642,1,2",144,28,[NULL]
1,"0,1,654,1,2",144,28,[NULL]
0,"0,4,627,1,2",145,27,[NULL]
0,"0,2,645,1,2",146,26,[NULL]
1,"0,2,644,1,2",146,26,[NULL]
2,"0,2,64,1,187,1,1",146,26,[NULL]
3,"784,1,0",146,26,[NULL]
0,518,147,25,[NULL]
1,"0,2,646,1,2",147,25,[NULL]
2,"0,2,64,1,188,1,1",147,25,[NULL]
3,"13,1,537,1,0",147,25,[NULL]
4,"13,4,105,1,0",147,25,[NULL]
5,"5,1,627,1,0",147,25,[NULL]
0,"0,2,703,1,1",148,24,[NULL]
1,"13,1,538,1,0",148,24,[NULL]
0,"0,1,717,1,1",149,23,[NULL]
1,"0,2,706,1,1",149,23,[NULL]
2,"2,1,737,1,0",149,23,[NULL]
0,"13,3,133,1,3",150,22,[NULL]
1,"0,1,608,1,3",150,22,[NULL]
2,"0,3,693,1,1",150,22,[NULL]
3,"785,1,0",150,22,[NULL]
0,"0,1,609,1,3",151,21,[NULL]
1,"1,1,64,1,209,1,0",151,21,[NULL]
0,"0,1,610,1,3",152,20,[NULL]
0,519,153,19,[NULL]
1,"0,1,359,1,12",153,19,[NULL]
2,"23,1,417,1,0",153,19,[NULL]
0,520,154,18,[NULL]
1,"0,1,509",154,18,[NULL]
2,"67,1,129",154,18,[NULL]
3,"669,1,2",154,18,[NULL]
4,"17,1,367,1,2",154,18,[NULL]
5,"3,1,691,1,0",154,18,[NULL]
0,521,155,17,[NULL]
1,"2,1,488",155,17,[NULL]
2,"195,1,42",155,17,[NULL]
3,"618,1,3",155,17,[NULL]
4,"672,1,2",155,17,[NULL]
5,"671,1,2",155,17,[NULL]
0,522,156,16,[NULL]
1,"370,1,12",156,16,[NULL]
2,"619,1,3",156,16,[NULL]
3,"0,3,18,1,314,1,2",156,16,[NULL]
4,"1,1,764,1,0",156,16,[NULL]
0,"311,1,16",157,15,[NULL]
1,"620,1,3",157,15,[NULL]
2,"0,4,17,1,324,1,2",157,15,[NULL]
3,"731,1,1",157,15,[NULL]
4,"730,1,1",157,15,[NULL]
5,"0,5,676,1,1",157,15,[NULL]
0,524,158,14,[NULL]
1,523,158,14,[NULL]
2,"13,1,373,1,3",158,14,[NULL]
3,"733,1,1",158,14,[NULL]
4,"732,1,1",158,14,[NULL]
5,"0,1,719,1,1",158,14,[NULL]
6,"70,1,209,1,0",158,14,[NULL]
0,525,159,13,[NULL]
1,"13,1,376,1,3",159,13,[NULL]
2,"0,1,3,1,544,1,3",159,13,[NULL]
3,"734,1,1",159,13,[NULL]
4,"0,3,696,1,1",159,13,[NULL]
5,"787,1,0",159,13,[NULL]
0,526,160,12,[NULL]
1,"0,1,512",160,12,[NULL]
2,"264,1,23",160,12,[NULL]
3,"0,3,23,1,324,1,1",160,12,[NULL]
4,"788,1,0",160,12,[NULL]
0,"374,1,12",161,11,[NULL]
1,"0,1,367,1,12",161,11,[NULL]
2,"676,1,2",161,11,[NULL]
3,"0,7,18,1,324,1,1",161,11,[NULL]
4,"789,1,0",161,11,[NULL]
5,"2,1,746,1,0",161,11,[NULL]
0,528,162,10,[NULL]
1,527,162,10,[NULL]
2,"163,1,56",162,10,[NULL]
3,"375,1,12",162,10,[NULL]
4,"792,1,0",162,10,[NULL]
5,"791,1,0",162,10,[NULL]
0,531,163,9,[NULL]
1,530,163,9,[NULL]
2,529,163,9,[NULL]
3,"3,1,696,1,0",163,9,[NULL]
4,"2,2,18,1,368,1,0",163,9,[NULL]
0,532,164,8,[NULL]
1,"324,1,14",164,8,[NULL]
2,"794,1,0",164,8,[NULL]
3,"1,1,33,1,324,1,0",164,8,[NULL]
0,"378,1,12",165,7,[NULL]
1,"0,2,18,1,324,1,2",165,7,[NULL]
2,"36,1,324,1,0",165,7,[NULL]
3,"1,1,34,1,324,1,0",165,7,[NULL]
0,533,166,6,[NULL]
1,"1,1,18,1,324,1,2",166,6,[NULL]
0,"37,1,324,1,0",167,5,[NULL]
0,"38,1,324,1,0",168,4,[NULL]
0,"0,168,1",3,170,[NULL]
0,"0,163,2",7,166,[NULL]
0,"0,7,606,1,2",118,55,[NULL]
0,"622,1,3",119,54,[NULL]
0,"0,4,635,1,2",124,49,[NULL]
0,"0,4,636,1,2",125,48,[NULL]
0,"5,1,635,1,0",126,47,[NULL]
0,"0,4,685,1,1",127,46,[NULL]
0,"0,3,17,1,403,1,1",128,45,[NULL]
0,"0,4,686,1,1",129,44,[NULL]
0,"0,40,324,1,1",130,43,[NULL]
0,534,132,41,[NULL]
0,"0,1,516",133,40,[NULL]
0,"0,35,324,1,2",134,39,[NULL]
0,"44,1,184",135,38,[NULL]
1,"224,1,30",135,38,[NULL]
0,"0,1,725,1,1",136,37,[NULL]
0,"50,1,171",137,36,[NULL]
0,"244,1,26",139,34,[NULL]
0,"623,1,3",142,31,[NULL]
1,"795,1,0",142,31,[NULL]
0,"0,3,642,1,2",143,30,[NULL]
0,"0,2,654,1,2",144,29,[NULL]
0,"0,5,627,1,2",145,28,[NULL]
0,"64,1,160,1,3",146,27,[NULL]
1,"0,3,645,1,2",146,27,[NULL]
2,"0,3,644,1,2",146,27,[NULL]
3,"0,3,64,1,187,1,1",146,27,[NULL]
0,"13,2,219,1,3",147,26,[NULL]
1,"0,3,64,1,188,1,1",147,26,[NULL]
0,"0,3,703,1,1",148,25,[NULL]
1,"13,2,292,1,0",148,25,[NULL]
0,"2,1,585,1,3",149,24,[NULL]
1,"797,1,0",149,24,[NULL]
2,"1,1,779,1,0",149,24,[NULL]
0,"626,1,3",150,23,[NULL]
1,"0,2,608,1,3",150,23,[NULL]
0,"0,2,609,1,3",151,22,[NULL]
0,"627,1,3",152,21,[NULL]
1,"13,2,294,1,0",152,21,[NULL]
0,535,153,20,[NULL]
1,"17,1,297",153,20,[NULL]
2,"43,1,267,1,1",153,20,[NULL]
3,"13,3,181,1,0",153,20,[NULL]
0,"0,2,509",154,19,[NULL]
1,"604,1,4",154,19,[NULL]
2,"628,1,3",154,19,[NULL]
3,"3,1,648,1,1",154,19,[NULL]
0,537,155,18,[NULL]
1,536,155,18,[NULL]
2,"1,1,509",155,18,[NULL]
3,"0,1,671,1,2",155,18,[NULL]
0,538,156,17,[NULL]
1,"320,1,15",156,17,[NULL]
2,"629,1,3",156,17,[NULL]
3,"741,1,1",156,17,[NULL]
4,"3,1,707,1,0",156,17,[NULL]
0,539,157,16,[NULL]
1,"2,1,496",157,16,[NULL]
2,"333,1,14",157,16,[NULL]
3,"385,1,12",157,16,[NULL]
4,"630,1,3",157,16,[NULL]
5,"30,1,324,1,1",157,16,[NULL]
6,"0,6,676,1,1",157,16,[NULL]
7,"1,1,3,1,680,1,0",157,16,[NULL]
0,541,158,15,[NULL]
1,540,158,15,[NULL]
2,"0,1,523",158,15,[NULL]
3,"0,1,732,1,1",158,15,[NULL]
0,542,159,14,[NULL]
1,"2,1,590,1,3",159,14,[NULL]
2,"18,1,475,1,0",159,14,[NULL]
0,544,160,13,[NULL]
1,543,160,13,[NULL]
2,"387,1,12",160,13,[NULL]
3,"386,1,12",160,13,[NULL]
4,"743,1,1",160,13,[NULL]
5,"39,1,324,1,0",160,13,[NULL]
0,546,161,12,[NULL]
1,545,161,12,[NULL]
2,"389,1,12",161,12,[NULL]
3,"0,1,676,1,2",161,12,[NULL]
4,"0,8,18,1,324,1,1",161,12,[NULL]
0,"7,2,285",162,11,[NULL]
1,"391,1,12",162,11,[NULL]
2,"390,1,12",162,11,[NULL]
3,"0,1,375,1,12",162,11,[NULL]
0,"18,1,285",163,10,[NULL]
1,"395,1,12",163,10,[NULL]
2,"394,1,12",163,10,[NULL]
3,"392,1,12",163,10,[NULL]
4,"633,1,3",163,10,[NULL]
0,547,164,9,[NULL]
1,"7,1,389",164,9,[NULL]
2,"397,1,12",164,9,[NULL]
3,"396,1,12",164,9,[NULL]
4,"17,1,324,1,3",164,9,[NULL]
5,"747,1,1",164,9,[NULL]
6,"802,1,0",164,9,[NULL]
0,548,165,8,[NULL]
1,"399,1,12",165,8,[NULL]
2,"398,1,12",165,8,[NULL]
3,"0,1,378,1,12",165,8,[NULL]
4,"0,3,18,1,324,1,2",165,8,[NULL]
5,"749,1,1",165,8,[NULL]
0,"18,1,287",166,7,[NULL]
1,"324,1,15",166,7,[NULL]
2,"400,1,12",166,7,[NULL]
3,"750,1,1",166,7,[NULL]
0,"324,1,16",167,6,[NULL]
1,"751,1,1",167,6,[NULL]
0,"3,1,18,1,324,1,1",168,5,[NULL]
0,"0,169,1",3,171,[NULL]
0,"0,164,2",7,167,[NULL]
0,"0,8,606,1,2",118,56,[NULL]
0,"0,5,635,1,2",124,50,[NULL]
0,"0,5,636,1,2",125,49,[NULL]
0,"0,5,685,1,1",127,47,[NULL]
0,"805,1,0",128,46,[NULL]
0,"0,5,686,1,1",129,45,[NULL]
0,"0,41,324,1,1",130,44,[NULL]
0,"685,1,2",131,43,[NULL]
0,"636,1,3",132,42,[NULL]
0,"686,1,2",133,41,[NULL]
0,"452,1,6",134,40,[NULL]
1,"687,1,2",134,40,[NULL]
2,"0,36,324,1,2",134,40,[NULL]
0,"403,1,11",135,39,[NULL]
0,"0,2,725,1,1",136,38,[NULL]
0,"752,1,1",137,37,[NULL]
0,"64,1,224,1,0",138,36,[NULL]
0,"807,1,0",141,33,[NULL]
0,"0,4,642,1,2",143,31,[NULL]
0,"0,3,654,1,2",144,30,[NULL]
0,"0,6,627,1,2",145,29,[NULL]
1,"13,5,51,1,0",145,29,[NULL]
2,"5,1,642,1,0",145,29,[NULL]
0,"0,4,64,1,187,1,1",146,28,[NULL]
1,"13,5,52,1,0",146,28,[NULL]
0,"0,4,64,1,188,1,1",147,27,[NULL]
0,"1,1,5,1,627,1,0",148,26,[NULL]
0,"13,2,303,1,0",150,24,[NULL]
0,"209,1,36",151,23,[NULL]
1,"13,3,188,1,0",151,23,[NULL]
0,"0,1,627,1,3",152,22,[NULL]
1,"13,3,189,1,0",152,22,[NULL]
0,"0,1,535",153,21,[NULL]
1,"23,1,265",153,21,[NULL]
2,"23,1,286,1,3",153,21,[NULL]
0,"209,1,37",154,20,[NULL]
1,"0,1,628,1,3",154,20,[NULL]
2,"693,1,2",154,20,[NULL]
3,"692,1,2",154,20,[NULL]
4,"13,3,190,1,0",154,20,[NULL]
5,"3,2,628,1,0",154,20,[NULL]
0,"0,1,537",155,19,[NULL]
1,"639,1,3",155,19,[NULL]
2,"0,2,671,1,2",155,19,[NULL]
0,"0,1,538",156,18,[NULL]
1,"1,1,618,1,3",156,18,[NULL]
2,"0,1,629,1,3",156,18,[NULL]
0,549,157,17,[NULL]
1,"285,1,21",157,17,[NULL]
2,"13,1,408,1,3",157,17,[NULL]
3,"0,1,630,1,3",157,17,[NULL]
4,"0,7,676,1,1",157,17,[NULL]
0,"0,1,541",158,16,[NULL]
1,"0,2,523",158,16,[NULL]
2,"209,1,39",158,16,[NULL]
3,"0,2,732,1,1",158,16,[NULL]
0,"74,1,124",159,15,[NULL]
1,"333,1,15",159,15,[NULL]
2,"407,1,12",159,15,[NULL]
0,550,160,14,[NULL]
1,"389,1,13",160,14,[NULL]
2,"0,1,386,1,12",160,14,[NULL]
3,"0,1,743,1,1",160,14,[NULL]
4,"814,1,0",160,14,[NULL]
0,552,161,13,[NULL]
1,551,161,13,[NULL]
2,"2,1,507",161,13,[NULL]
3,"391,1,13",161,13,[NULL]
4,"409,1,12",161,13,[NULL]
5,"0,2,676,1,2",161,13,[NULL]
6,"755,1,1",161,13,[NULL]
7,"0,9,18,1,324,1,1",161,13,[NULL]
8,"815,1,0",161,13,[NULL]
9,"13,1,565,1,0",161,13,[NULL]
0,553,162,12,[NULL]
1,"412,1,12",162,12,[NULL]
2,"18,1,311,1,3",162,12,[NULL]
3,"7,1,546,1,2",162,12,[NULL]
4,"757,1,1",162,12,[NULL]
5,"756,1,1",162,12,[NULL]
6,"816,1,0",162,12,[NULL]
7,"3,1,719,1,0",162,12,[NULL]
8,"1,1,789,1,0",162,12,[NULL]
0,"0,1,392,1,12",163,11,[NULL]
1,"18,1,314,1,3",163,11,[NULL]
2,"696,1,2",163,11,[NULL]
3,"7,1,632,1,0",163,11,[NULL]
4,"2,1,773,1,0",163,11,[NULL]
5,"1,1,792,1,0",163,11,[NULL]
0,554,164,10,[NULL]
1,"18,1,294",164,10,[NULL]
2,"0,1,396,1,12",164,10,[NULL]
3,"23,1,324,1,2",164,10,[NULL]
4,"0,1,747,1,1",164,10,[NULL]
5,"818,1,0",164,10,[NULL]
6,"7,1,633,1,0",164,10,[NULL]
0,555,165,9,[NULL]
1,"1,1,324,1,14",165,9,[NULL]
2,"0,1,398,1,12",165,9,[NULL]
3,"0,4,18,1,324,1,2",165,9,[NULL]
4,"0,1,749,1,1",165,9,[NULL]
5,"3,1,720,1,0",165,9,[NULL]
0,"0,1,18,1,287",166,8,[NULL]
1,"0,1,750,1,1",166,8,[NULL]
2,"819,1,0",166,8,[NULL]
3,"1,1,36,1,324,1,0",166,8,[NULL]
0,"0,1,324,1,16",167,7,[NULL]
1,"0,1,751,1,1",167,7,[NULL]
2,"5,1,18,1,324,1,0",167,7,[NULL]
0,"0,1,3,1,18,1,324,1,1",168,6,[NULL]
0,"0,170,1",3,172,[NULL]
0,"0,165,2",7,168,[NULL]
0,"0,9,606,1,2",118,57,[NULL]
0,"700,1,2",120,55,[NULL]
0,"0,6,635,1,2",124,51,[NULL]
0,"1,1,5,1,635,1,0",127,48,[NULL]
0,"0,6,686,1,1",129,46,[NULL]
0,"0,42,324,1,1",130,45,[NULL]
0,"0,1,685,1,2",131,44,[NULL]
0,"17,1,403,1,2",132,43,[NULL]
0,"210,1,36",133,42,[NULL]
1,"0,1,686,1,2",133,42,[NULL]
0,"0,37,324,1,2",134,41,[NULL]
1,"17,1,452,1,1",134,41,[NULL]
0,"17,1,225,1,6",135,40,[NULL]
0,"97,1,96",136,39,[NULL]
1,"0,3,725,1,1",136,39,[NULL]
0,"0,1,752,1,1",137,38,[NULL]
0,"64,1,184,1,2",140,35,[NULL]
0,"1,1,795,1,0",143,32,[NULL]
0,"0,5,64,1,187,1,1",146,29,[NULL]
0,"820,1,0",147,28,[NULL]
0,"5,1,408",149,26,[NULL]
0,"13,3,23,1,38",150,25,[NULL]
1,"642,1,3",150,25,[NULL]
2,"64,1,187,1,2",150,25,[NULL]
0,"13,4,67,1,3",151,24,[NULL]
1,"702,1,2",151,24,[NULL]
2,"64,1,188,1,2",151,24,[NULL]
3,"13,3,23,1,75,1,0",151,24,[NULL]
0,"703,1,2",152,23,[NULL]
1,"13,3,23,1,76,1,0",152,23,[NULL]
0,"644,1,3",153,22,[NULL]
1,"1,1,627,1,3",153,22,[NULL]
2,"706,1,2",153,22,[NULL]
3,"64,1,209,1,1",153,22,[NULL]
0,"646,1,3",154,21,[NULL]
1,"0,2,628,1,3",154,21,[NULL]
2,"0,1,693,1,2",154,21,[NULL]
3,"760,1,1",154,21,[NULL]
0,556,155,20,[NULL]
1,"188,1,48",155,20,[NULL]
2,"1,1,628,1,3",155,20,[NULL]
0,"1,2,509",156,19,[NULL]
1,"212,1,38",156,19,[NULL]
2,"0,2,629,1,3",156,19,[NULL]
3,"707,1,2",156,19,[NULL]
4,"762,1,1",156,19,[NULL]
5,"822,1,0",156,19,[NULL]
0,"13,1,417,1,3",157,18,[NULL]
1,"1,1,629,1,3",157,18,[NULL]
2,"708,1,2",157,18,[NULL]
3,"763,1,1",157,18,[NULL]
4,"0,8,676,1,1",157,18,[NULL]
5,"823,1,0",157,18,[NULL]
6,"75,1,212,1,0",157,18,[NULL]
0,"649,1,3",158,17,[NULL]
1,"648,1,3",158,17,[NULL]
2,"764,1,1",158,17,[NULL]
3,"0,3,732,1,1",158,17,[NULL]
4,"76,1,212,1,0",158,17,[NULL]
0,"213,1,38",159,16,[NULL]
1,"650,1,3",159,16,[NULL]
2,"67,1,203,1,1",159,16,[NULL]
3,"107,1,174,1,0",159,16,[NULL]
4,"13,1,569,1,0",159,16,[NULL]
0,557,160,15,[NULL]
1,"485,1,5",160,15,[NULL]
2,"3,1,673,1,1",160,15,[NULL]
3,"0,2,743,1,1",160,15,[NULL]
4,"825,1,0",160,15,[NULL]
5,"824,1,0",160,15,[NULL]
6,"75,1,213,1,0",160,15,[NULL]
7,"13,1,570,1,0",160,15,[NULL]
0,559,161,14,[NULL]
1,558,161,14,[NULL]
2,"0,1,551",161,14,[NULL]
3,"0,3,676,1,2",161,14,[NULL]
4,"0,10,18,1,324,1,1",161,14,[NULL]
5,"3,1,731,1,0",161,14,[NULL]
6,"3,1,730,1,0",161,14,[NULL]
7,"2,2,732,1,0",161,14,[NULL]
0,561,162,13,[NULL]
1,560,162,13,[NULL]
2,"17,1,317",162,13,[NULL]
3,"652,1,3",162,13,[NULL]
4,"3,1,732,1,0",162,13,[NULL]
5,"2,2,734,1,0",162,13,[NULL]
0,563,163,12,[NULL]
1,562,163,12,[NULL]
2,"2,1,512",163,12,[NULL]
3,"0,1,696,1,2",163,12,[NULL]
0,564,164,11,[NULL]
1,"1,1,633,1,3",164,11,[NULL]
2,"0,1,23,1,324,1,2",164,11,[NULL]
3,"0,2,747,1,1",164,11,[NULL]
0,"0,1,555",165,10,[NULL]
1,"0,5,18,1,324,1,2",165,10,[NULL]
2,"0,2,749,1,1",165,10,[NULL]
0,"3,1,481",166,9,[NULL]
1,"18,1,446,1,1",166,9,[NULL]
2,"0,2,750,1,1",166,9,[NULL]
0,565,167,8,[NULL]
1,"1,1,324,1,15",167,8,[NULL]
2,"34,1,324,1,1",167,8,[NULL]
3,"0,2,751,1,1",167,8,[NULL]
0,566,168,7,[NULL]
1,"0,2,3,1,18,1,324,1,1",168,7,[NULL]
0,567,169,6,[NULL]
0,568,171,4,[NULL]
1,"3,1,324,1,12",171,4,[NULL]
0,"18,1,324,1,3",172,3,[NULL]
0,"0,171,1",3,173,[NULL]
0,"0,166,2",7,169,[NULL]
0,"0,10,606,1,2",118,58,[NULL]
0,"0,7,686,1,1",129,47,[NULL]
0,"0,43,324,1,1",130,46,[NULL]
0,"0,2,685,1,2",131,45,[NULL]
0,"1,1,685,1,2",132,44,[NULL]
1,"0,1,17,1,403,1,2",132,44,[NULL]
0,"0,2,686,1,2",133,43,[NULL]
0,"0,38,324,1,2",134,42,[NULL]
1,"0,1,17,1,452,1,1",134,42,[NULL]
0,"17,2,225,1,1",135,41,[NULL]
1,"829,1,0",135,41,[NULL]
0,"0,4,725,1,1",136,40,[NULL]
0,"0,2,752,1,1",137,39,[NULL]
0,"1,1,64,1,224,1,0",139,37,[NULL]
0,569,141,35,[NULL]
0,570,144,32,[NULL]
0,571,145,31,[NULL]
0,"1,1,5,1,642,1,0",146,30,[NULL]
0,"260,1,26",148,28,[NULL]
1,"715,1,2",148,28,[NULL]
2,"13,3,194,1,0",148,28,[NULL]
0,"13,2,23,1,150,1,0",149,27,[NULL]
0,"2,1,518",150,26,[NULL]
1,"0,1,64,1,187,1,2",150,26,[NULL]
0,572,151,25,[NULL]
1,"0,1,64,1,188,1,2",151,25,[NULL]
0,"347,1,15",152,24,[NULL]
1,"0,1,703,1,2",152,24,[NULL]
0,"717,1,2",153,23,[NULL]
1,"0,1,706,1,2",153,23,[NULL]
2,"0,1,64,1,209,1,1",153,23,[NULL]
3,"832,1,0",153,23,[NULL]
0,"188,1,51",154,22,[NULL]
1,"0,1,646,1,3",154,22,[NULL]
2,"0,2,693,1,2",154,22,[NULL]
3,"0,1,760,1,1",154,22,[NULL]
0,"655,1,3",155,21,[NULL]
1,"780,1,1",155,21,[NULL]
2,"834,1,0",155,21,[NULL]
3,"833,1,0",155,21,[NULL]
0,573,156,20,[NULL]
1,"13,1,423,1,3",156,20,[NULL]
2,"1,1,639,1,3",156,20,[NULL]
3,"0,1,762,1,1",156,20,[NULL]
0,"286,1,23",157,19,[NULL]
1,"629,1,4",157,19,[NULL]
2,"656,1,3",157,19,[NULL]
3,"0,1,763,1,1",157,19,[NULL]
4,"80,1,209,1,0",157,19,[NULL]
0,"2,1,618,1,3",158,18,[NULL]
1,"0,1,648,1,3",158,18,[NULL]
2,"836,1,0",158,18,[NULL]
3,"835,1,0",158,18,[NULL]
4,"3,2,648,1,0",158,18,[NULL]
0,"351,1,15",159,17,[NULL]
1,"0,1,650,1,3",159,17,[NULL]
2,"27,1,324,1,2",159,17,[NULL]
3,"839,1,0",159,17,[NULL]
4,"838,1,0",159,17,[NULL]
0,"0,1,557",160,16,[NULL]
1,"0,3,743,1,1",160,16,[NULL]
2,"840,1,0",160,16,[NULL]
0,"0,1,558",161,15,[NULL]
1,"311,1,18",161,15,[NULL]
2,"0,4,676,1,2",161,15,[NULL]
3,"0,11,18,1,324,1,1",161,15,[NULL]
4,"841,1,0",161,15,[NULL]
0,"0,1,17,1,317",162,14,[NULL]
1,"314,1,18",162,14,[NULL]
2,"0,1,652,1,3",162,14,[NULL]
3,"719,1,2",162,14,[NULL]
4,"844,1,0",162,14,[NULL]
5,"843,1,0",162,14,[NULL]
6,"842,1,0",162,14,[NULL]
0,574,163,13,[NULL]
1,"1,1,553",163,13,[NULL]
2,"3,1,491",163,13,[NULL]
3,"352,1,16",163,13,[NULL]
4,"13,1,69,1,95,1,3",163,13,[NULL]
5,"0,2,696,1,2",163,13,[NULL]
6,"1,1,3,1,719,1,0",163,13,[NULL]
0,"0,1,564",164,12,[NULL]
1,"3,1,492",164,12,[NULL]
2,"428,1,12",164,12,[NULL]
3,"3,1,333,1,12",164,12,[NULL]
4,"18,1,332,1,3",164,12,[NULL]
5,"0,2,23,1,324,1,2",164,12,[NULL]
6,"1,1,7,1,632,1,0",164,12,[NULL]
0,575,165,11,[NULL]
1,"0,2,555",165,11,[NULL]
2,"3,1,494",165,11,[NULL]
3,"18,1,333,1,3",165,11,[NULL]
4,"720,1,2",165,11,[NULL]
5,"0,6,18,1,324,1,2",165,11,[NULL]
6,"1,1,7,1,633,1,0",165,11,[NULL]
0,576,166,10,[NULL]
1,"659,1,3",166,10,[NULL]
2,"0,1,18,1,446,1,1",166,10,[NULL]
3,"846,1,0",166,10,[NULL]
4,"42,1,324,1,0",166,10,[NULL]
5,"18,1,504,1,0",166,10,[NULL]
0,"70,1,163,1,3",167,9,[NULL]
1,"0,1,34,1,324,1,1",167,9,[NULL]
2,"847,1,0",167,9,[NULL]
3,"13,2,324,1,0",167,9,[NULL]
4,"1,1,819,1,0",167,9,[NULL]
0,"0,1,566",168,8,[NULL]
1,"163,1,65",168,8,[NULL]
2,"324,1,17",168,8,[NULL]
3,"1,1,5,1,18,1,324,1,0",168,8,[NULL]
0,"0,1,567",169,7,[NULL]
1,"3,1,18,1,257",169,7,[NULL]
2,"3,1,749,1,0",169,7,[NULL]
0,"3,1,324,1,13",170,6,[NULL]
1,"660,1,3",170,6,[NULL]
2,"18,1,506,1,0",170,6,[NULL]
3,"3,1,750,1,0",170,6,[NULL]
0,"0,1,568",171,5,[NULL]
1,"0,1,3,1,324,1,12",171,5,[NULL]
2,"43,1,324,1,0",171,5,[NULL]
3,"3,1,751,1,0",171,5,[NULL]
0,"0,1,18,1,324,1,3",172,4,[NULL]
1,"849,1,0",172,4,[NULL]
2,"3,2,18,1,324,1,0",172,4,[NULL]
0,"850,1,0",173,3,[NULL]
0,"0,172,1",3,174,[NULL]
0,"0,167,2",7,170,[NULL]
0,"783,1,1",118,59,[NULL]
0,"217,1,36",127,50,[NULL]
0,"0,8,686,1,1",129,48,[NULL]
0,"0,44,324,1,1",130,47,[NULL]
0,"0,3,685,1,2",131,46,[NULL]
0,"0,2,17,1,403,1,2",132,45,[NULL]
0,"0,3,686,1,2",133,44,[NULL]
0,"722,1,2",134,43,[NULL]
1,"0,39,324,1,2",134,43,[NULL]
2,"0,2,17,1,452,1,1",134,43,[NULL]
0,"0,1,17,2,225,1,1",135,42,[NULL]
0,"0,5,725,1,1",136,41,[NULL]
0,"0,3,752,1,1",137,40,[NULL]
0,"725,1,2",140,37,[NULL]
0,"50,1,184",141,36,[NULL]
0,"491,1,6",143,34,[NULL]
0,577,144,33,[NULL]
1,"0,1,570",144,33,[NULL]
0,"0,1,571",145,32,[NULL]
0,"42,1,260,1,2",147,30,[NULL]
0,"13,5,32,1,3",149,28,[NULL]
0,"14,1,349",150,27,[NULL]
1,"0,2,64,1,187,1,2",150,27,[NULL]
2,"13,3,23,1,80,1,0",150,27,[NULL]
0,"1,1,64,1,187,1,2",151,26,[NULL]
1,"0,2,64,1,188,1,2",151,26,[NULL]
0,"0,2,703,1,2",152,25,[NULL]
0,"219,1,38",153,24,[NULL]
1,"0,1,717,1,2",153,24,[NULL]
2,"0,2,706,1,2",153,24,[NULL]
3,"0,2,64,1,209,1,1",153,24,[NULL]
0,"23,1,303,1,3",154,23,[NULL]
1,"0,2,646,1,3",154,23,[NULL]
2,"0,3,693,1,2",154,23,[NULL]
3,"0,2,760,1,1",154,23,[NULL]
4,"856,1,0",154,23,[NULL]
5,"13,2,328,1,0",154,23,[NULL]
0,"13,1,23,1,188,1,3",155,22,[NULL]
1,"1,1,646,1,3",155,22,[NULL]
2,"0,1,780,1,1",155,22,[NULL]
3,"13,1,581,1,0",155,22,[NULL]
0,"188,1,52",156,21,[NULL]
1,"359,1,16",156,21,[NULL]
2,"1,2,628,1,3",156,21,[NULL]
3,"0,2,762,1,1",156,21,[NULL]
4,"80,1,212,1,0",156,21,[NULL]
0,"13,1,32,1,142",157,20,[NULL]
1,"2,1,628,1,3",157,20,[NULL]
2,"0,1,656,1,3",157,20,[NULL]
3,"0,2,763,1,1",157,20,[NULL]
4,"857,1,0",157,20,[NULL]
0,"13,1,23,1,190,1,3",158,19,[NULL]
1,"0,2,648,1,3",158,19,[NULL]
2,"64,1,239,1,0",158,19,[NULL]
3,"13,2,331,1,0",158,19,[NULL]
0,"437,1,12",159,18,[NULL]
1,"0,2,650,1,3",159,18,[NULL]
2,"13,2,332,1,0",159,18,[NULL]
0,578,160,17,[NULL]
1,"363,1,16",160,17,[NULL]
2,"438,1,12",160,17,[NULL]
3,"2,1,630,1,3",160,17,[NULL]
4,"0,4,743,1,1",160,17,[NULL]
0,"365,1,16",161,16,[NULL]
1,"440,1,12",161,16,[NULL]
2,"439,1,12",161,16,[NULL]
3,"670,1,3",161,16,[NULL]
4,"669,1,3",161,16,[NULL]
5,"0,5,676,1,2",161,16,[NULL]
6,"0,12,18,1,324,1,1",161,16,[NULL]
7,"1,1,825,1,0",161,16,[NULL]
0,579,162,15,[NULL]
1,"366,1,15",162,15,[NULL]
2,"3,1,335,1,12",162,15,[NULL]
3,"733,1,2",162,15,[NULL]
4,"732,1,2",162,15,[NULL]
5,"787,1,1",162,15,[NULL]
0,580,163,14,[NULL]
1,"7,1,411",163,14,[NULL]
2,"67,1,148",163,14,[NULL]
3,"1,1,652,1,3",163,14,[NULL]
4,"0,3,696,1,2",163,14,[NULL]
5,"788,1,1",163,14,[NULL]
6,"3,1,76,1,190,1,0",163,14,[NULL]
7,"1,1,3,1,732,1,0",163,14,[NULL]
0,581,164,13,[NULL]
1,"0,2,564",164,13,[NULL]
2,"1,1,562",164,13,[NULL]
3,"68,1,148",164,13,[NULL]
4,"367,1,16",164,13,[NULL]
5,"673,1,3",164,13,[NULL]
6,"13,1,445,1,3",164,13,[NULL]
7,"0,3,23,1,324,1,2",164,13,[NULL]
8,"859,1,0",164,13,[NULL]
9,"858,1,0",164,13,[NULL]
0,"0,1,575",165,12,[NULL]
1,"1,1,564",165,12,[NULL]
2,"675,1,3",165,12,[NULL]
3,"674,1,3",165,12,[NULL]
4,"0,1,18,1,333,1,3",165,12,[NULL]
5,"0,7,18,1,324,1,2",165,12,[NULL]
6,"793,1,1",165,12,[NULL]
7,"860,1,0",165,12,[NULL]
8,"3,1,755,1,0",165,12,[NULL]
0,582,166,11,[NULL]
1,"0,1,576",166,11,[NULL]
2,"0,1,659,1,3",166,11,[NULL]
3,"0,2,18,1,446,1,1",166,11,[NULL]
4,"3,1,756,1,0",166,11,[NULL]
0,583,167,10,[NULL]
1,"0,2,34,1,324,1,1",167,10,[NULL]
0,585,168,9,[NULL]
1,584,168,9,[NULL]
2,"506,1,5",168,9,[NULL]
3,"676,1,3",168,9,[NULL]
4,"36,1,324,1,1",168,9,[NULL]
0,586,169,8,[NULL]
1,"1,1,566",169,8,[NULL]
2,"446,1,12",169,8,[NULL]
3,"508,1,5",169,8,[NULL]
4,"18,1,339,1,3",169,8,[NULL]
0,"7,1,415",170,7,[NULL]
1,"18,1,317",170,7,[NULL]
2,"0,1,660,1,3",170,7,[NULL]
3,"37,1,324,1,1",170,7,[NULL]
0,"0,2,568",171,6,[NULL]
1,"324,1,18",171,6,[NULL]
2,"18,1,341,1,3",171,6,[NULL]
0,"1,1,568",172,5,[NULL]
1,"0,2,18,1,324,1,3",172,5,[NULL]
0,"1,1,18,1,324,1,3",173,4,[NULL]
0,"0,173,1",3,175,[NULL]
0,"0,168,2",7,171,[NULL]
0,587,122,56,[NULL]
0,"736,1,2",126,52,[NULL]
0,"0,9,686,1,1",129,49,[NULL]
0,"0,45,324,1,1",130,48,[NULL]
0,"0,4,685,1,2",131,47,[NULL]
0,"0,3,17,1,403,1,2",132,46,[NULL]
0,"0,4,686,1,2",133,45,[NULL]
1,"5,1,685,1,0",133,45,[NULL]
0,"0,40,324,1,2",134,44,[NULL]
1,"0,3,17,1,452,1,1",134,44,[NULL]
0,"0,2,17,2,225,1,1",135,43,[NULL]
0,"1,1,829,1,0",136,42,[NULL]
0,"224,1,36",139,39,[NULL]
0,"0,1,725,1,2",140,38,[NULL]
0,"0,1,50,1,184",141,37,[NULL]
0,"44,1,198",142,36,[NULL]
1,"244,1,30",142,36,[NULL]
0,"17,1,491,1,1",143,35,[NULL]
0,"50,1,191",144,34,[NULL]
1,"245,1,30",144,34,[NULL]
0,"795,1,1",145,33,[NULL]
0,"244,1,31",146,32,[NULL]
0,"380,1,14",149,29,[NULL]
1,"862,1,0",149,29,[NULL]
0,"0,3,64,1,187,1,2",150,28,[NULL]
0,"0,3,64,1,188,1,2",151,27,[NULL]
1,"864,1,0",151,27,[NULL]
0,"1,1,572",152,26,[NULL]
1,"797,1,1",152,26,[NULL]
2,"13,1,585,1,0",152,26,[NULL]
3,"13,3,23,1,83,1,0",152,26,[NULL]
0,588,153,25,[NULL]
1,"64,1,201,1,2",153,25,[NULL]
2,"0,2,717,1,2",153,25,[NULL]
3,"0,3,706,1,2",153,25,[NULL]
4,"0,3,64,1,209,1,1",153,25,[NULL]
0,"0,3,760,1,1",154,24,[NULL]
0,"13,4,75,1,3",155,23,[NULL]
1,"0,2,780,1,1",155,23,[NULL]
0,"1,1,655,1,3",156,22,[NULL]
1,"1,1,834,1,0",156,22,[NULL]
0,589,158,20,[NULL]
1,"13,2,335,1,0",158,20,[NULL]
0,591,159,19,[NULL]
1,590,159,19,[NULL]
2,"3,1,707,1,1",159,19,[NULL]
3,"1,1,836,1,0",159,19,[NULL]
0,"0,1,578",160,18,[NULL]
1,"3,1,604,1,3",160,18,[NULL]
2,"0,5,743,1,1",160,18,[NULL]
3,"865,1,0",160,18,[NULL]
4,"44,1,324,1,0",160,18,[NULL]
5,"1,1,838,1,0",160,18,[NULL]
0,592,161,17,[NULL]
1,"677,1,3",161,17,[NULL]
2,"0,1,669,1,3",161,17,[NULL]
3,"0,6,676,1,2",161,17,[NULL]
4,"0,13,18,1,324,1,1",161,17,[NULL]
5,"866,1,0",161,17,[NULL]
0,"311,1,19",162,16,[NULL]
1,"679,1,3",162,16,[NULL]
2,"678,1,3",162,16,[NULL]
3,"67,1,174,1,3",162,16,[NULL]
4,"0,1,732,1,2",162,16,[NULL]
5,"3,1,764,1,0",162,16,[NULL]
0,593,163,15,[NULL]
1,"3,1,504",163,15,[NULL]
2,"75,1,142",163,15,[NULL]
3,"314,1,19",163,15,[NULL]
4,"680,1,3",163,15,[NULL]
5,"68,1,174,1,3",163,15,[NULL]
6,"13,1,450,1,3",163,15,[NULL]
7,"801,1,1",163,15,[NULL]
8,"1,1,842,1,0",163,15,[NULL]
0,"0,1,68,1,148",164,14,[NULL]
1,"333,1,18",164,14,[NULL]
2,"682,1,3",164,14,[NULL]
3,"681,1,3",164,14,[NULL]
4,"0,1,673,1,3",164,14,[NULL]
5,"744,1,2",164,14,[NULL]
6,"743,1,2",164,14,[NULL]
7,"40,1,324,1,1",164,14,[NULL]
8,"868,1,0",164,14,[NULL]
9,"867,1,0",164,14,[NULL]
10,"2,1,815,1,0",164,14,[NULL]
0,594,165,13,[NULL]
1,"43,1,211",165,13,[NULL]
2,"174,1,62",165,13,[NULL]
3,"311,1,21",165,13,[NULL]
4,"0,1,674,1,3",165,13,[NULL]
5,"0,8,18,1,324,1,2",165,13,[NULL]
6,"0,1,793,1,1",165,13,[NULL]
7,"3,1,769,1,0",165,13,[NULL]
8,"2,1,816,1,0",165,13,[NULL]
0,596,166,12,[NULL]
1,595,166,12,[NULL]
2,"0,1,582",166,12,[NULL]
3,"3,1,198,1,35",166,12,[NULL]
4,"314,1,21",166,12,[NULL]
5,"869,1,0",166,12,[NULL]
0,597,167,11,[NULL]
1,"0,1,583",167,11,[NULL]
2,"70,1,148",167,11,[NULL]
3,"3,1,352,1,12",167,11,[NULL]
4,"3,1,771,1,0",167,11,[NULL]
5,"1,1,42,1,324,1,0",167,11,[NULL]
0,598,168,10,[NULL]
1,"0,1,584",168,10,[NULL]
2,"18,1,352,1,3",168,10,[NULL]
3,"747,1,2",168,10,[NULL]
4,"3,1,774,1,0",168,10,[NULL]
5,"1,1,847,1,0",168,10,[NULL]
0,"749,1,2",169,9,[NULL]
1,"18,1,524,1,0",169,9,[NULL]
2,"7,1,676,1,0",169,9,[NULL]
3,"3,1,776,1,0",169,9,[NULL]
0,"7,1,424",170,8,[NULL]
1,"0,1,18,1,317",170,8,[NULL]
2,"750,1,2",170,8,[NULL]
3,"18,1,525,1,0",170,8,[NULL]
0,"0,1,324,1,18",171,7,[NULL]
1,"1,1,660,1,3",171,7,[NULL]
2,"751,1,2",171,7,[NULL]
3,"1,1,18,1,506,1,0",171,7,[NULL]
0,"3,1,18,1,324,1,2",172,6,[NULL]
1,"1,1,43,1,324,1,0",172,6,[NULL]
0,"18,1,324,1,4",173,5,[NULL]
1,"1,1,849,1,0",173,5,[NULL]
0,"1,1,850,1,0",174,4,[NULL]
0,"0,174,1",3,176,[NULL]
0,"0,169,2",7,172,[NULL]
0,"804,1,1",122,57,[NULL]
0,"379,1,15",128,51,[NULL]
0,"0,10,686,1,1",129,50,[NULL]
0,"0,46,324,1,1",130,49,[NULL]
0,"805,1,1",131,48,[NULL]
0,"806,1,1",132,47,[NULL]
0,"0,5,686,1,2",133,46,[NULL]
0,"0,41,324,1,2",134,45,[NULL]
1,"0,4,17,1,452,1,1",134,45,[NULL]
0,"871,1,0",135,44,[NULL]
0,"685,1,3",138,41,[NULL]
0,"403,1,14",139,40,[NULL]
0,"0,2,725,1,2",140,39,[NULL]
0,"752,1,2",141,38,[NULL]
1,"1,1,725,1,2",141,38,[NULL]
2,"64,1,224,1,1",141,38,[NULL]
0,"64,1,225,1,1",142,37,[NULL]
0,"0,1,17,1,491,1,1",143,36,[NULL]
0,"809,1,1",144,35,[NULL]
1,"807,1,1",144,35,[NULL]
0,"0,1,795,1,1",145,34,[NULL]
1,"64,1,244,1,0",145,34,[NULL]
0,"59,1,260,1,0",148,31,[NULL]
0,"0,4,64,1,187,1,2",150,29,[NULL]
0,"0,4,64,1,188,1,2",151,28,[NULL]
0,"13,2,248,1,3",152,27,[NULL]
1,"0,1,797,1,1",152,27,[NULL]
2,"5,1,64,1,187,1,0",152,27,[NULL]
0,"811,1,1",153,26,[NULL]
1,"0,4,64,1,209,1,1",153,26,[NULL]
2,"13,2,346,1,0",153,26,[NULL]
0,"0,4,760,1,1",154,25,[NULL]
0,"1,1,856,1,0",155,24,[NULL]
0,599,156,23,[NULL]
0,600,157,22,[NULL]
1,"2,1,646,1,3",157,22,[NULL]
2,"876,1,0",157,22,[NULL]
3,"13,3,209,1,0",157,22,[NULL]
0,"209,1,45",158,21,[NULL]
1,"690,1,3",158,21,[NULL]
2,"877,1,0",158,21,[NULL]
3,"13,2,67,1,75,1,0",158,21,[NULL]
4,"1,1,857,1,0",158,21,[NULL]
0,"188,1,57",159,20,[NULL]
1,"2,1,822,1,0",159,20,[NULL]
0,601,160,19,[NULL]
1,"23,1,297",160,19,[NULL]
2,"0,1,3,1,604,1,3",160,19,[NULL]
3,"0,6,743,1,1",160,19,[NULL]
0,"3,1,509",161,18,[NULL]
1,"693,1,3",161,18,[NULL]
2,"692,1,3",161,18,[NULL]
3,"691,1,3",161,18,[NULL]
4,"0,2,669,1,3",161,18,[NULL]
5,"0,7,676,1,2",161,18,[NULL]
6,"0,14,18,1,324,1,1",161,18,[NULL]
7,"880,1,0",161,18,[NULL]
0,602,162,17,[NULL]
1,"1,1,669,1,3",162,17,[NULL]
2,"0,1,678,1,3",162,17,[NULL]
3,"0,1,67,1,174,1,3",162,17,[NULL]
4,"0,2,732,1,2",162,17,[NULL]
5,"881,1,0",162,17,[NULL]
0,603,163,16,[NULL]
1,"694,1,3",163,16,[NULL]
2,"814,1,1",163,16,[NULL]
3,"2,1,824,1,0",163,16,[NULL]
0,604,164,15,[NULL]
1,"390,1,15",164,15,[NULL]
2,"3,1,363,1,12",164,15,[NULL]
3,"0,1,743,1,2",164,15,[NULL]
4,"815,1,1",164,15,[NULL]
5,"92,1,209,1,0",164,15,[NULL]
0,605,165,14,[NULL]
1,"521,1,5",165,14,[NULL]
2,"755,1,2",165,14,[NULL]
3,"0,9,18,1,324,1,2",165,14,[NULL]
4,"817,1,1",165,14,[NULL]
5,"3,1,719,1,1",165,14,[NULL]
6,"0,2,793,1,1",165,14,[NULL]
7,"882,1,0",165,14,[NULL]
0,606,166,13,[NULL]
1,"2,2,512",166,13,[NULL]
2,"462,1,12",166,13,[NULL]
3,"523,1,5",166,13,[NULL]
4,"1,1,860,1,0",166,13,[NULL]
0,"463,1,12",167,12,[NULL]
1,"3,1,366,1,12",167,12,[NULL]
2,"818,1,1",167,12,[NULL]
3,"43,1,352,1,0",167,12,[NULL]
0,608,168,11,[NULL]
1,607,168,11,[NULL]
2,"3,1,367,1,12",168,11,[NULL]
3,"0,1,747,1,2",168,11,[NULL]
4,"884,1,0",168,11,[NULL]
0,610,169,10,[NULL]
1,609,169,10,[NULL]
2,"466,1,12",169,10,[NULL]
3,"0,1,749,1,2",169,10,[NULL]
0,"0,2,18,1,317",170,9,[NULL]
1,"3,1,368,1,12",170,9,[NULL]
2,"697,1,3",170,9,[NULL]
3,"696,1,3",170,9,[NULL]
4,"695,1,3",170,9,[NULL]
5,"0,1,750,1,2",170,9,[NULL]
0,611,171,8,[NULL]
1,"1,1,18,1,317",171,8,[NULL]
2,"0,2,324,1,18",171,8,[NULL]
3,"468,1,12",171,8,[NULL]
4,"698,1,3",171,8,[NULL]
5,"23,1,324,1,3",171,8,[NULL]
6,"18,1,368,1,3",171,8,[NULL]
7,"0,1,751,1,2",171,8,[NULL]
8,"885,1,0",171,8,[NULL]
0,"132,1,88",172,7,[NULL]
1,"324,1,19",172,7,[NULL]
2,"1,1,324,1,18",172,7,[NULL]
3,"699,1,3",172,7,[NULL]
4,"24,1,324,1,3",172,7,[NULL]
5,"0,1,3,1,18,1,324,1,2",172,7,[NULL]
0,"1,2,568",173,6,[NULL]
1,"25,1,324,1,3",173,6,[NULL]
0,"2,1,568",174,5,[NULL]
1,"324,1,20",174,5,[NULL]
2,"1,2,18,1,324,1,3",174,5,[NULL]
0,"324,1,21",175,4,[NULL]
1,"2,1,18,1,324,1,3",175,4,[NULL]
0,"0,175,1",3,177,[NULL]
0,"0,170,2",7,173,[NULL]
0,"758,1,2",120,60,[NULL]
0,"0,1,804,1,1",122,58,[NULL]
0,"886,1,0",127,53,[NULL]
0,"0,11,686,1,1",129,51,[NULL]
0,"0,47,324,1,1",130,50,[NULL]
0,"0,1,805,1,1",131,49,[NULL]
0,"0,6,686,1,2",133,47,[NULL]
0,"0,42,324,1,2",134,46,[NULL]
1,"1,1,5,1,685,1,0",134,46,[NULL]
0,"17,1,452,1,2",138,42,[NULL]
0,"17,1,403,1,3",139,41,[NULL]
0,"402,1,15",140,40,[NULL]
1,"0,3,725,1,2",140,40,[NULL]
0,"0,1,752,1,2",141,39,[NULL]
1,"0,1,64,1,224,1,1",141,39,[NULL]
0,"0,1,64,1,225,1,1",142,38,[NULL]
0,"759,1,2",143,37,[NULL]
1,"0,2,17,1,491,1,1",143,37,[NULL]
0,"0,1,809,1,1",144,36,[NULL]
1,"0,1,807,1,1",144,36,[NULL]
0,"0,2,795,1,1",145,35,[NULL]
0,"64,1,206,1,2",147,33,[NULL]
0,612,149,31,[NULL]
0,"13,6,23,1,0",150,30,[NULL]
1,"1,1,862,1,0",150,30,[NULL]
0,"13,6,24,1,0",151,29,[NULL]
0,"0,1,811,1,1",153,27,[NULL]
1,"0,5,64,1,209,1,1",153,27,[NULL]
0,"64,1,254,1,0",154,26,[NULL]
0,"13,2,357,1,0",155,25,[NULL]
0,615,156,24,[NULL]
1,614,156,24,[NULL]
2,613,156,24,[NULL]
3,"13,3,212,1,0",156,24,[NULL]
0,"0,1,600",157,23,[NULL]
1,"64,1,209,1,2",157,23,[NULL]
2,"13,2,360,1,0",157,23,[NULL]
0,"13,1,472,1,3",158,22,[NULL]
1,"760,1,2",158,22,[NULL]
2,"2,1,833,1,0",158,22,[NULL]
0,616,159,21,[NULL]
1,"703,1,3",159,21,[NULL]
2,"13,3,213,1,0",159,21,[NULL]
0,"1,1,591",160,20,[NULL]
1,"209,1,47",160,20,[NULL]
2,"2,1,656,1,3",160,20,[NULL]
3,"762,1,2",160,20,[NULL]
4,"0,7,743,1,1",160,20,[NULL]
0,"235,1,37",161,19,[NULL]
1,"2,2,618,1,3",161,19,[NULL]
2,"763,1,2",161,19,[NULL]
3,"3,1,669,1,2",161,19,[NULL]
4,"0,8,676,1,2",161,19,[NULL]
5,"1,1,44,1,324,1,0",161,19,[NULL]
0,"13,1,474,1,3",162,18,[NULL]
1,"3,1,618,1,3",162,18,[NULL]
2,"0,3,732,1,2",162,18,[NULL]
3,"1,1,866,1,0",162,18,[NULL]
0,617,163,17,[NULL]
1,"707,1,3",163,17,[NULL]
2,"825,1,1",163,17,[NULL]
3,"0,1,814,1,1",163,17,[NULL]
4,"1,1,3,1,764,1,0",163,17,[NULL]
0,618,164,16,[NULL]
1,"412,1,15",164,16,[NULL]
2,"708,1,3",164,16,[NULL]
3,"1,1,680,1,3",164,16,[NULL]
4,"0,2,743,1,2",164,16,[NULL]
5,"3,1,730,1,1",164,16,[NULL]
6,"0,1,815,1,1",164,16,[NULL]
0,619,165,15,[NULL]
1,"235,1,39",165,15,[NULL]
2,"709,1,3",165,15,[NULL]
3,"0,10,18,1,324,1,2",165,15,[NULL]
4,"0,1,817,1,1",165,15,[NULL]
5,"1,1,868,1,0",165,15,[NULL]
0,620,166,14,[NULL]
1,"3,1,787,1,0",166,14,[NULL]
0,621,167,13,[NULL]
1,"352,1,18",167,13,[NULL]
2,"711,1,3",167,13,[NULL]
0,"0,1,607",168,12,[NULL]
1,"333,1,21",168,12,[NULL]
2,"478,1,12",168,12,[NULL]
3,"713,1,3",168,12,[NULL]
4,"712,1,3",168,12,[NULL]
5,"0,2,747,1,2",168,12,[NULL]
6,"3,1,789,1,0",168,12,[NULL]
0,"0,1,609",169,11,[NULL]
1,"2,1,576",169,11,[NULL]
2,"240,1,35",169,11,[NULL]
3,"714,1,3",169,11,[NULL]
4,"18,1,373,1,3",169,11,[NULL]
5,"0,2,749,1,2",169,11,[NULL]
6,"3,1,792,1,0",169,11,[NULL]
7,"3,1,791,1,0",169,11,[NULL]
0,"241,1,35",170,10,[NULL]
1,"480,1,12",170,10,[NULL]
2,"18,1,376,1,3",170,10,[NULL]
3,"18,1,446,1,2",170,10,[NULL]
4,"43,1,368,1,0",170,10,[NULL]
5,"1,1,7,1,676,1,0",170,10,[NULL]
0,"34,1,324,1,2",171,9,[NULL]
1,"0,2,751,1,2",171,9,[NULL]
2,"7,1,695,1,0",171,9,[NULL]
3,"3,1,794,1,0",171,9,[NULL]
0,"0,1,324,1,19",172,8,[NULL]
1,"507,1,9",172,8,[NULL]
2,"0,2,3,1,18,1,324,1,2",172,8,[NULL]
3,"888,1,0",172,8,[NULL]
4,"7,1,698,1,0",172,8,[NULL]
0,"18,1,378,1,3",173,7,[NULL]
1,"2,1,660,1,3",173,7,[NULL]
2,"2,1,18,1,506,1,0",173,7,[NULL]
0,"18,1,340",174,6,[NULL]
1,"324,1,22",174,6,[NULL]
2,"26,1,324,1,3",174,6,[NULL]
3,"2,1,43,1,324,1,0",174,6,[NULL]
0,"0,1,324,1,21",175,5,[NULL]
1,"0,1,2,1,18,1,324,1,3",175,5,[NULL]
2,"3,1,38,1,324,1,0",175,5,[NULL]
3,"2,1,849,1,0",175,5,[NULL]
0,"2,1,850,1,0",176,4,[NULL]
0,"0,176,1",3,178,[NULL]
0,"0,171,2",7,174,[NULL]
0,"0,2,804,1,1",122,59,[NULL]
0,"0,12,686,1,1",129,52,[NULL]
0,"0,48,324,1,1",130,51,[NULL]
0,"0,7,686,1,2",133,48,[NULL]
0,"0,43,324,1,2",134,47,[NULL]
0,"0,1,17,1,452,1,2",138,43,[NULL]
0,"59,1,224,1,2",139,42,[NULL]
1,"17,2,225,1,2",139,42,[NULL]
0,"0,4,725,1,2",140,41,[NULL]
0,"0,2,752,1,2",141,40,[NULL]
1,"0,2,64,1,224,1,1",141,40,[NULL]
0,"0,2,64,1,225,1,1",142,39,[NULL]
1,"5,1,725,1,0",142,39,[NULL]
0,"0,3,17,1,491,1,1",143,38,[NULL]
0,"0,2,809,1,1",144,37,[NULL]
1,"0,2,807,1,1",144,37,[NULL]
0,"0,3,795,1,1",145,36,[NULL]
0,"1,1,64,1,244,1,0",146,35,[NULL]
0,623,148,33,[NULL]
1,622,148,33,[NULL]
0,"0,1,612",149,32,[NULL]
0,"260,1,30",151,30,[NULL]
0,624,152,29,[NULL]
0,"1,1,5,1,64,1,187,1,0",153,28,[NULL]
0,"13,3,32,1,38",155,26,[NULL]
1,"260,1,31",155,26,[NULL]
2,"715,1,3",155,26,[NULL]
3,"779,1,2",155,26,[NULL]
0,"716,1,3",156,25,[NULL]
1,"13,4,83,1,3",156,25,[NULL]
2,"832,1,1",156,25,[NULL]
3,"13,4,133,1,0",156,25,[NULL]
0,"0,2,600",157,24,[NULL]
1,"0,1,64,1,209,1,2",157,24,[NULL]
2,"13,4,134,1,0",157,24,[NULL]
0,625,158,23,[NULL]
1,"1,1,600",158,23,[NULL]
2,"0,1,760,1,2",158,23,[NULL]
0,"239,1,36",159,22,[NULL]
1,"1,1,690,1,3",159,22,[NULL]
2,"780,1,2",159,22,[NULL]
3,"1,1,877,1,0",159,22,[NULL]
0,"209,1,51",160,21,[NULL]
1,"717,1,3",160,21,[NULL]
2,"0,1,762,1,2",160,21,[NULL]
3,"64,1,235,1,1",160,21,[NULL]
4,"0,8,743,1,1",160,21,[NULL]
5,"2,1,857,1,0",160,21,[NULL]
0,"212,1,49",161,20,[NULL]
1,"3,1,628,1,3",161,20,[NULL]
2,"0,1,763,1,2",161,20,[NULL]
3,"837,1,1",161,20,[NULL]
4,"836,1,1",161,20,[NULL]
5,"13,1,618,1,0",161,20,[NULL]
0,626,162,19,[NULL]
1,"23,1,335,1,3",162,19,[NULL]
2,"1,1,691,1,3",162,19,[NULL]
3,"781,1,2",162,19,[NULL]
4,"838,1,1",162,19,[NULL]
5,"13,1,619,1,0",162,19,[NULL]
0,"3,1,629,1,3",163,18,[NULL]
1,"0,1,707,1,3",163,18,[NULL]
2,"0,1,825,1,1",163,18,[NULL]
3,"13,1,620,1,0",163,18,[NULL]
4,"1,1,881,1,0",163,18,[NULL]
0,"213,1,49",164,17,[NULL]
1,"25,1,335,1,3",164,17,[NULL]
2,"3,1,630,1,3",164,17,[NULL]
3,"0,3,743,1,2",164,17,[NULL]
4,"841,1,1",164,17,[NULL]
5,"13,2,373,1,0",164,17,[NULL]
0,"67,1,190,1,3",165,16,[NULL]
1,"18,1,385,1,3",165,16,[NULL]
2,"0,1,709,1,3",165,16,[NULL]
3,"0,11,18,1,324,1,2",165,16,[NULL]
4,"843,1,1",165,16,[NULL]
5,"95,1,213,1,0",165,16,[NULL]
6,"13,2,376,1,0",165,16,[NULL]
0,"189,1,62",166,15,[NULL]
1,"239,1,39",166,15,[NULL]
2,"543,1,5",166,15,[NULL]
3,"718,1,3",166,15,[NULL]
4,"67,1,191,1,3",166,15,[NULL]
5,"27,1,324,1,3",166,15,[NULL]
0,"366,1,18",167,14,[NULL]
1,"484,1,12",167,14,[NULL]
2,"3,1,386,1,12",167,14,[NULL]
3,"0,1,711,1,3",167,14,[NULL]
4,"76,1,239,1,0",167,14,[NULL]
0,"107,1,113",168,13,[NULL]
1,"190,1,62",168,13,[NULL]
2,"367,1,18",168,13,[NULL]
3,"485,1,12",168,13,[NULL]
4,"3,1,389,1,12",168,13,[NULL]
5,"0,1,712,1,3",168,13,[NULL]
0,"1,1,607",169,12,[NULL]
1,"23,1,317",169,12,[NULL]
2,"191,1,62",169,12,[NULL]
3,"3,1,391,1,12",169,12,[NULL]
4,"3,1,390,1,12",169,12,[NULL]
5,"719,1,3",169,12,[NULL]
6,"1,1,884,1,0",169,12,[NULL]
0,627,170,11,[NULL]
1,"1,1,610",170,11,[NULL]
2,"1,1,609",170,11,[NULL]
3,"3,1,392,1,12",170,11,[NULL]
4,"0,1,18,1,446,1,2",170,11,[NULL]
5,"847,1,1",170,11,[NULL]
6,"893,1,0",170,11,[NULL]
0,630,171,10,[NULL]
1,629,171,10,[NULL]
2,628,171,10,[NULL]
3,"43,1,228",171,10,[NULL]
4,"3,1,397,1,12",171,10,[NULL]
5,"3,1,396,1,12",171,10,[NULL]
6,"0,1,34,1,324,1,2",171,10,[NULL]
7,"848,1,1",171,10,[NULL]
0,"1,2,18,1,317",172,9,[NULL]
1,"38,1,263",172,9,[NULL]
2,"0,2,324,1,19",172,9,[NULL]
3,"3,1,399,1,12",172,9,[NULL]
4,"3,1,398,1,12",172,9,[NULL]
5,"720,1,3",172,9,[NULL]
6,"6,1,18,1,324,1,1",172,9,[NULL]
7,"3,1,749,1,1",172,9,[NULL]
0,"3,1,400,1,12",173,8,[NULL]
1,"28,1,324,1,3",173,8,[NULL]
2,"0,1,18,1,378,1,3",173,8,[NULL]
3,"18,1,506,1,1",173,8,[NULL]
4,"3,1,750,1,1",173,8,[NULL]
5,"48,1,324,1,0",173,8,[NULL]
0,"0,1,26,1,324,1,3",174,7,[NULL]
1,"43,1,324,1,1",174,7,[NULL]
2,"3,1,751,1,1",174,7,[NULL]
3,"894,1,0",174,7,[NULL]
0,"324,1,23",175,6,[NULL]
1,"1,1,324,1,20",175,6,[NULL]
2,"849,1,1",175,6,[NULL]
3,"9,1,18,1,324,1,0",175,6,[NULL]
0,"324,1,24",176,5,[NULL]
1,"850,1,1",176,5,[NULL]
0,"0,177,1",3,179,[NULL]
0,"0,172,2",7,175,[NULL]
0,"895,1,0",121,61,[NULL]
0,"0,3,804,1,1",122,60,[NULL]
0,"0,49,324,1,1",130,52,[NULL]
0,"0,8,686,1,2",133,49,[NULL]
0,"217,1,45",134,48,[NULL]
1,"0,44,324,1,2",134,48,[NULL]
0,"0,2,17,1,452,1,2",138,44,[NULL]
0,"0,1,17,2,225,1,2",139,43,[NULL]
0,"0,5,725,1,2",140,42,[NULL]
0,"722,1,3",141,41,[NULL]
1,"0,3,752,1,2",141,41,[NULL]
2,"0,3,64,1,224,1,1",141,41,[NULL]
0,"0,3,64,1,225,1,1",142,40,[NULL]
0,"0,4,17,1,491,1,1",143,39,[NULL]
0,"0,3,807,1,1",144,38,[NULL]
1,"896,1,0",144,38,[NULL]
0,"0,4,795,1,1",145,37,[NULL]
0,"725,1,3",147,35,[NULL]
0,"0,1,622",148,34,[NULL]
1,"50,1,198",148,34,[NULL]
0,"0,2,612",149,33,[NULL]
0,"1,1,612",150,32,[NULL]
1,"491,1,11",150,32,[NULL]
0,"64,1,171",151,31,[NULL]
1,"0,1,260,1,30",151,31,[NULL]
0,"0,1,624",152,30,[NULL]
0,"13,3,219,1,0",153,29,[NULL]
0,"64,1,260,1,0",154,28,[NULL]
1,"13,3,220,1,0",154,28,[NULL]
0,"420,1,15",157,25,[NULL]
1,"0,2,64,1,209,1,2",157,25,[NULL]
2,"856,1,1",157,25,[NULL]
3,"898,1,0",157,25,[NULL]
0,"1,1,64,1,209,1,2",158,24,[NULL]
1,"0,2,760,1,2",158,24,[NULL]
2,"900,1,0",158,24,[NULL]
3,"899,1,0",158,24,[NULL]
0,"0,1,780,1,2",159,23,[NULL]
1,"901,1,0",159,23,[NULL]
0,"0,1,717,1,3",160,22,[NULL]
1,"0,2,762,1,2",160,22,[NULL]
2,"0,1,64,1,235,1,1",160,22,[NULL]
3,"0,9,743,1,1",160,22,[NULL]
4,"13,1,628,1,0",160,22,[NULL]
0,"2,1,589",161,21,[NULL]
1,"13,2,261,1,3",161,21,[NULL]
2,"786,1,2",161,21,[NULL]
3,"0,2,763,1,2",161,21,[NULL]
4,"0,1,837,1,1",161,21,[NULL]
5,"0,1,836,1,1",161,21,[NULL]
6,"904,1,0",161,21,[NULL]
0,"3,1,639,1,3",162,20,[NULL]
1,"0,1,838,1,1",162,20,[NULL]
2,"101,1,209,1,0",162,20,[NULL]
3,"13,1,629,1,0",162,20,[NULL]
0,"0,2,707,1,3",163,19,[NULL]
1,"0,2,825,1,1",163,19,[NULL]
0,"426,1,15",164,18,[NULL]
1,"0,1,3,1,630,1,3",164,18,[NULL]
2,"0,4,743,1,2",164,18,[NULL]
0,"0,1,67,1,190,1,3",165,17,[NULL]
1,"0,12,18,1,324,1,2",165,17,[NULL]
2,"908,1,0",165,17,[NULL]
3,"906,1,0",165,17,[NULL]
0,"0,1,67,1,191,1,3",166,16,[NULL]
1,"909,1,0",166,16,[NULL]
0,631,167,15,[NULL]
1,"858,1,1",167,15,[NULL]
0,632,168,14,[NULL]
1,"0,1,485,1,12",168,14,[NULL]
2,"731,1,3",168,14,[NULL]
3,"730,1,3",168,14,[NULL]
4,"789,1,2",168,14,[NULL]
0,633,169,13,[NULL]
1,"251,1,35",169,13,[NULL]
2,"732,1,3",169,13,[NULL]
3,"0,1,719,1,3",169,13,[NULL]
4,"793,1,2",169,13,[NULL]
5,"3,1,756,1,1",169,13,[NULL]
6,"3,2,719,1,0",169,13,[NULL]
0,"0,1,3,1,392,1,12",170,12,[NULL]
1,"735,1,3",170,12,[NULL]
2,"734,1,3",170,12,[NULL]
3,"0,2,18,1,446,1,2",170,12,[NULL]
4,"912,1,0",170,12,[NULL]
5,"43,1,392,1,0",170,12,[NULL]
0,634,171,11,[NULL]
1,"352,1,21",171,11,[NULL]
2,"1,1,18,1,376,1,3",171,11,[NULL]
3,"0,2,34,1,324,1,2",171,11,[NULL]
4,"43,1,397,1,0",171,11,[NULL]
5,"43,1,396,1,0",171,11,[NULL]
6,"18,1,563,1,0",171,11,[NULL]
7,"3,1,818,1,0",171,11,[NULL]
0,635,172,10,[NULL]
1,"7,1,470",172,10,[NULL]
2,"18,1,415,1,3",172,10,[NULL]
3,"36,1,324,1,2",172,10,[NULL]
4,"51,1,324,1,0",172,10,[NULL]
5,"43,1,399,1,0",172,10,[NULL]
6,"43,1,398,1,0",172,10,[NULL]
7,"18,1,565,1,0",172,10,[NULL]
0,"0,1,18,1,506,1,1",173,9,[NULL]
1,"52,1,324,1,0",173,9,[NULL]
2,"43,1,400,1,0",173,9,[NULL]
3,"1,1,888,1,0",173,9,[NULL]
0,"18,1,346",174,8,[NULL]
1,"0,1,43,1,324,1,1",174,8,[NULL]
0,"1,1,324,1,22",175,7,[NULL]
1,"0,1,849,1,1",175,7,[NULL]
2,"913,1,0",175,7,[NULL]
0,"0,1,850,1,1",176,6,[NULL]
1,"914,1,0",176,6,[NULL]
2,"10,1,18,1,324,1,0",176,6,[NULL]
0,"11,1,18,1,324,1,0",177,5,[NULL]
0,"0,178,1",3,180,[NULL]
0,"0,173,2",7,176,[NULL]
0,"0,4,804,1,1",122,61,[NULL]
0,636,126,57,[NULL]
0,637,129,54,[NULL]
0,"0,50,324,1,1",130,53,[NULL]
0,"0,9,686,1,2",133,50,[NULL]
1,"916,1,0",133,50,[NULL]
0,"0,45,324,1,2",134,49,[NULL]
0,"0,3,17,1,452,1,2",138,45,[NULL]
0,"0,2,17,2,225,1,2",139,44,[NULL]
0,"0,6,725,1,2",140,43,[NULL]
1,"42,1,402,1,0",140,43,[NULL]
0,"0,4,64,1,224,1,1",141,42,[NULL]
0,"0,4,64,1,225,1,1",142,41,[NULL]
0,"1,1,5,1,725,1,0",143,40,[NULL]
0,"0,4,807,1,1",144,39,[NULL]
0,"0,5,795,1,1",145,38,[NULL]
0,"244,1,36",146,37,[NULL]
0,"17,1,491,1,2",147,36,[NULL]
0,"17,2,184",148,35,[NULL]
1,"245,1,36",148,35,[NULL]
0,"244,1,37",149,34,[NULL]
1,"246,1,36",149,34,[NULL]
2,"796,1,2",149,34,[NULL]
3,"795,1,2",149,34,[NULL]
0,"17,1,260,1,6",150,33,[NULL]
0,"0,1,64,1,171",151,32,[NULL]
1,"0,2,260,1,30",151,32,[NULL]
0,"862,1,1",152,31,[NULL]
0,"64,2,26",153,30,[NULL]
0,"13,7,3",154,29,[NULL]
0,"13,3,23,1,101,1,0",155,28,[NULL]
0,"797,1,2",156,27,[NULL]
1,"919,1,0",156,27,[NULL]
0,"0,3,64,1,209,1,2",157,26,[NULL]
0,"248,1,38",158,25,[NULL]
1,"0,3,760,1,2",158,25,[NULL]
0,"1,2,600",159,24,[NULL]
1,"2,1,599",159,24,[NULL]
2,"13,2,266,1,3",159,24,[NULL]
3,"0,2,780,1,2",159,24,[NULL]
4,"13,1,23,1,286,1,0",159,24,[NULL]
0,638,160,23,[NULL]
1,"737,1,3",160,23,[NULL]
2,"13,2,267,1,3",160,23,[NULL]
3,"0,2,717,1,3",160,23,[NULL]
4,"72,1,209,1,2",160,23,[NULL]
5,"0,3,762,1,2",160,23,[NULL]
6,"0,2,64,1,235,1,1",160,23,[NULL]
7,"0,10,743,1,1",160,23,[NULL]
8,"13,1,23,1,287,1,0",160,23,[NULL]
9,"2,1,876,1,0",160,23,[NULL]
0,"2,1,690,1,3",161,22,[NULL]
1,"0,2,837,1,1",161,22,[NULL]
2,"0,2,836,1,1",161,22,[NULL]
3,"13,1,640,1,0",161,22,[NULL]
4,"2,1,877,1,0",161,22,[NULL]
0,"13,3,142",162,21,[NULL]
1,"1,1,3,1,628,1,3",162,21,[NULL]
2,"0,2,838,1,1",162,21,[NULL]
0,"439,1,15",163,20,[NULL]
1,"43,1,266,1,3",163,20,[NULL]
2,"13,1,23,1,213,1,3",163,20,[NULL]
3,"3,1,707,1,2",163,20,[NULL]
4,"64,1,269,1,0",163,20,[NULL]
5,"13,2,408,1,0",163,20,[NULL]
0,"43,1,267,1,3",164,19,[NULL]
1,"1,1,3,1,629,1,3",164,19,[NULL]
2,"0,5,743,1,2",164,19,[NULL]
3,"13,2,411,1,0",164,19,[NULL]
0,"13,1,404",165,18,[NULL]
1,"3,1,648,1,3",165,18,[NULL]
2,"0,13,18,1,324,1,2",165,18,[NULL]
3,"3,1,764,1,1",165,18,[NULL]
0,639,166,17,[NULL]
1,"3,1,650,1,3",166,17,[NULL]
2,"18,1,475,1,2",166,17,[NULL]
3,"923,1,0",166,17,[NULL]
0,"0,1,631",167,16,[NULL]
1,"740,1,3",167,16,[NULL]
2,"67,1,197,1,3",167,16,[NULL]
3,"39,1,324,1,2",167,16,[NULL]
4,"0,1,858,1,1",167,16,[NULL]
5,"3,1,825,1,0",167,16,[NULL]
0,640,168,15,[NULL]
1,"742,1,3",168,15,[NULL]
2,"0,1,731,1,3",168,15,[NULL]
3,"0,1,730,1,3",168,15,[NULL]
4,"3,2,730,1,0",168,15,[NULL]
0,"0,1,732,1,3",169,14,[NULL]
1,"0,2,719,1,3",169,14,[NULL]
2,"0,1,793,1,2",169,14,[NULL]
3,"43,1,412,1,0",169,14,[NULL]
4,"3,2,732,1,0",169,14,[NULL]
0,"394,1,18",170,13,[NULL]
1,"23,1,368,1,3",170,13,[NULL]
2,"1,1,719,1,3",170,13,[NULL]
3,"0,1,734,1,3",170,13,[NULL]
4,"0,3,18,1,446,1,2",170,13,[NULL]
5,"924,1,0",170,13,[NULL]
0,"198,1,62",171,12,[NULL]
1,"0,1,352,1,21",171,12,[NULL]
2,"396,1,18",171,12,[NULL]
3,"744,1,3",171,12,[NULL]
4,"802,1,2",171,12,[NULL]
5,"0,3,34,1,324,1,2",171,12,[NULL]
6,"2,1,884,1,0",171,12,[NULL]
0,641,172,11,[NULL]
1,"1,1,629",172,11,[NULL]
2,"367,1,21",172,11,[NULL]
3,"398,1,18",172,11,[NULL]
4,"746,1,3",172,11,[NULL]
5,"7,1,676,1,1",172,11,[NULL]
0,643,173,10,[NULL]
1,642,173,10,[NULL]
2,"43,1,244",173,10,[NULL]
3,"1,1,720,1,3",173,10,[NULL]
4,"0,2,18,1,506,1,1",173,10,[NULL]
0,"43,1,245",174,9,[NULL]
1,"368,1,21",174,9,[NULL]
2,"2,1,18,1,368,1,3",174,9,[NULL]
3,"1,1,28,1,324,1,3",174,9,[NULL]
4,"2,1,885,1,0",174,9,[NULL]
5,"1,1,48,1,324,1,0",174,9,[NULL]
0,"748,1,3",175,8,[NULL]
1,"2,1,699,1,3",175,8,[NULL]
2,"0,2,849,1,1",175,8,[NULL]
3,"53,1,324,1,0",175,8,[NULL]
0,"749,1,3",176,7,[NULL]
1,"0,2,850,1,1",176,7,[NULL]
0,"508,1,12",177,6,[NULL]
1,"750,1,3",177,6,[NULL]
0,"3,2,324,1,12",178,5,[NULL]
1,"751,1,3",178,5,[NULL]
2,"2,2,18,1,324,1,3",178,5,[NULL]
0,"3,1,18,1,324,1,3",179,4,[NULL]
0,"0,179,1",3,181,[NULL]
0,"0,174,2",7,177,[NULL]
0,"1,1,895,1,0",122,62,[NULL]
0,"804,1,2",126,58,[NULL]
0,"554,1,6",129,55,[NULL]
0,"0,51,324,1,1",130,54,[NULL]
0,"0,10,686,1,2",133,51,[NULL]
0,"0,46,324,1,2",134,50,[NULL]
0,"805,1,2",135,49,[NULL]
0,"871,1,1",138,46,[NULL]
0,"0,3,17,2,225,1,2",139,45,[NULL]
0,"0,5,64,1,224,1,1",141,43,[NULL]
0,"0,5,64,1,225,1,1",142,42,[NULL]
0,"0,5,807,1,1",144,40,[NULL]
0,"64,1,224,1,2",145,39,[NULL]
1,"0,6,795,1,1",145,39,[NULL]
0,"64,1,225,1,2",146,38,[NULL]
0,"0,1,17,1,491,1,2",147,37,[NULL]
0,"809,1,2",148,36,[NULL]
1,"808,1,2",148,36,[NULL]
2,"807,1,2",148,36,[NULL]
3,"64,1,244,1,1",148,36,[NULL]
0,"0,1,795,1,2",149,35,[NULL]
1,"138,1,149,1,1",149,35,[NULL]
0,"17,2,260,1,1",150,34,[NULL]
0,"27,1,318",151,33,[NULL]
1,"64,1,246,1,1",151,33,[NULL]
2,"59,1,260,1,1",151,33,[NULL]
0,"0,1,862,1,1",152,32,[NULL]
1,"149,2,0",152,32,[NULL]
0,"1,1,64,1,260,1,0",155,29,[NULL]
0,"13,1,642,1,0",156,28,[NULL]
0,"0,4,64,1,209,1,2",157,27,[NULL]
1,"23,1,537,1,0",157,27,[NULL]
2,"13,5,67,1,0",157,27,[NULL]
0,"3,1,572",158,26,[NULL]
1,"0,4,760,1,2",158,26,[NULL]
0,644,159,25,[NULL]
1,"5,1,64,1,209,1,0",159,25,[NULL]
2,"1,1,899,1,0",159,25,[NULL]
0,"13,4,95,1,3",160,24,[NULL]
1,"0,3,64,1,235,1,1",160,24,[NULL]
2,"0,11,743,1,1",160,24,[NULL]
3,"3,1,832,1,0",160,24,[NULL]
0,"0,3,837,1,1",161,23,[NULL]
1,"0,3,836,1,1",161,23,[NULL]
2,"1,1,13,1,628,1,0",161,23,[NULL]
0,"754,1,3",162,22,[NULL]
1,"67,1,266,1,0",162,22,[NULL]
2,"64,1,275,1,0",162,22,[NULL]
0,"930,1,0",163,21,[NULL]
1,"13,2,417,1,0",163,21,[NULL]
0,"0,6,743,1,2",164,20,[NULL]
0,"209,1,57",165,19,[NULL]
1,"0,1,3,1,648,1,3",165,19,[NULL]
2,"0,14,18,1,324,1,2",165,19,[NULL]
3,"931,1,0",165,19,[NULL]
0,645,166,18,[NULL]
1,"0,1,639",166,18,[NULL]
2,"75,1,188,1,3",166,18,[NULL]
3,"0,1,3,1,650,1,3",166,18,[NULL]
4,"3,1,838,1,0",166,18,[NULL]
0,"0,2,631",167,17,[NULL]
1,"814,1,2",167,17,[NULL]
2,"932,1,0",167,17,[NULL]
0,"1,1,631",168,16,[NULL]
1,"95,1,142",168,16,[NULL]
2,"76,1,189,1,3",168,16,[NULL]
3,"23,1,373,1,3",168,16,[NULL]
4,"3,1,841,1,0",168,16,[NULL]
0,"412,1,18",169,15,[NULL]
1,"75,1,190,1,3",169,15,[NULL]
2,"3,1,719,1,2",169,15,[NULL]
3,"933,1,0",169,15,[NULL]
4,"3,1,842,1,0",169,15,[NULL]
0,"719,1,4",170,14,[NULL]
1,"76,1,190,1,3",170,14,[NULL]
2,"1,1,732,1,3",170,14,[NULL]
3,"43,1,352,1,1",170,14,[NULL]
4,"934,1,0",170,14,[NULL]
0,646,171,13,[NULL]
1,"3,1,428,1,12",171,13,[NULL]
2,"3,2,333,1,12",171,13,[NULL]
3,"1,1,734,1,3",171,13,[NULL]
4,"884,1,1",171,13,[NULL]
5,"936,1,0",171,13,[NULL]
6,"935,1,0",171,13,[NULL]
0,"43,1,255",172,12,[NULL]
1,"512,1,12",172,12,[NULL]
2,"755,1,3",172,12,[NULL]
3,"3,1,18,1,333,1,3",172,12,[NULL]
4,"2,1,18,1,373,1,3",172,12,[NULL]
5,"0,1,746,1,3",172,12,[NULL]
6,"0,1,7,1,676,1,1",172,12,[NULL]
7,"937,1,0",172,12,[NULL]
0,"513,1,12",173,11,[NULL]
1,"757,1,3",173,11,[NULL]
2,"756,1,3",173,11,[NULL]
3,"3,1,659,1,3",173,11,[NULL]
4,"819,1,2",173,11,[NULL]
5,"938,1,0",173,11,[NULL]
6,"7,1,746,1,0",173,11,[NULL]
0,648,174,10,[NULL]
1,647,174,10,[NULL]
2,"3,1,847,1,0",174,10,[NULL]
0,649,175,9,[NULL]
1,"0,1,748,1,3",175,9,[NULL]
2,"0,3,849,1,1",175,9,[NULL]
0,"324,1,25",176,8,[NULL]
1,"0,1,749,1,3",176,8,[NULL]
2,"0,3,850,1,1",176,8,[NULL]
0,"0,1,750,1,3",177,7,[NULL]
1,"54,1,324,1,0",177,7,[NULL]
0,"0,1,751,1,3",178,6,[NULL]
1,"3,1,43,1,324,1,0",178,6,[NULL]
2,"2,2,849,1,0",178,6,[NULL]
0,"0,1,3,1,18,1,324,1,3",179,5,[NULL]
1,"2,2,850,1,0",179,5,[NULL]
0,"0,180,1",3,182,[NULL]
0,"0,175,2",7,178,[NULL]
0,"0,1,804,1,2",126,59,[NULL]
0,"758,1,3",127,58,[NULL]
0,"17,1,554,1,1",129,56,[NULL]
0,"0,52,324,1,1",130,55,[NULL]
0,"0,11,686,1,2",133,52,[NULL]
0,"0,47,324,1,2",134,51,[NULL]
1,"1,1,916,1,0",134,51,[NULL]
0,"0,1,871,1,1",138,47,[NULL]
0,"1,1,42,1,402,1,0",141,44,[NULL]
0,"62,1,184",143,42,[NULL]
0,"0,6,807,1,1",144,41,[NULL]
0,"0,1,64,1,224,1,2",145,40,[NULL]
1,"0,7,795,1,1",145,40,[NULL]
0,"0,1,64,1,225,1,2",146,39,[NULL]
0,"452,1,15",147,38,[NULL]
1,"0,2,17,1,491,1,2",147,38,[NULL]
0,"0,1,809,1,2",148,37,[NULL]
1,"0,1,807,1,2",148,37,[NULL]
2,"0,1,64,1,244,1,1",148,37,[NULL]
0,"0,2,795,1,2",149,36,[NULL]
1,"0,1,138,1,149,1,1",149,36,[NULL]
0,"759,1,3",150,35,[NULL]
1,"0,1,17,2,260,1,1",150,35,[NULL]
2,"939,1,0",150,35,[NULL]
0,"0,1,64,1,246,1,1",151,34,[NULL]
1,"0,1,59,1,260,1,1",151,34,[NULL]
0,"0,2,862,1,1",152,33,[NULL]
0,"820,1,2",154,31,[NULL]
0,650,156,29,[NULL]
0,"13,3,167,1,3",157,28,[NULL]
1,"1,1,919,1,0",157,28,[NULL]
0,"13,1,23,1,292,1,0",158,27,[NULL]
0,651,159,26,[NULL]
0,652,160,25,[NULL]
1,"0,4,64,1,235,1,1",160,25,[NULL]
2,"0,12,743,1,1",160,25,[NULL]
0,653,161,24,[NULL]
1,"0,4,836,1,1",161,24,[NULL]
2,"64,1,279,1,0",161,24,[NULL]
0,"941,1,0",162,23,[NULL]
1,"13,2,423,1,0",162,23,[NULL]
0,654,163,22,[NULL]
1,"5,1,509",163,22,[NULL]
2,"13,2,23,1,181,1,0",163,22,[NULL]
0,655,164,21,[NULL]
1,"64,1,209,1,3",164,21,[NULL]
2,"0,7,743,1,2",164,21,[NULL]
0,656,165,20,[NULL]
1,"760,1,3",165,20,[NULL]
2,"47,1,324,1,1",165,20,[NULL]
0,"0,2,639",166,19,[NULL]
1,"945,1,0",166,19,[NULL]
0,"1,1,639",167,18,[NULL]
1,"209,1,59",167,18,[NULL]
2,"825,1,2",167,18,[NULL]
3,"946,1,0",167,18,[NULL]
0,658,168,17,[NULL]
1,657,168,17,[NULL]
2,"763,1,3",168,17,[NULL]
3,"3,1,669,1,3",168,17,[NULL]
0,"765,1,3",169,16,[NULL]
1,"764,1,3",169,16,[NULL]
0,659,170,15,[NULL]
1,"767,1,3",170,15,[NULL]
2,"67,1,203,1,3",170,15,[NULL]
0,661,171,14,[NULL]
1,660,171,14,[NULL]
2,"68,1,203,1,3",171,14,[NULL]
3,"3,1,673,1,3",171,14,[NULL]
4,"949,1,0",171,14,[NULL]
5,"1,1,924,1,0",171,14,[NULL]
0,663,172,13,[NULL]
1,662,172,13,[NULL]
2,"769,1,3",172,13,[NULL]
3,"3,1,674,1,3",172,13,[NULL]
4,"2,1,719,1,3",172,13,[NULL]
5,"0,1,755,1,3",172,13,[NULL]
0,"521,1,12",173,12,[NULL]
1,"770,1,3",173,12,[NULL]
2,"0,1,757,1,3",173,12,[NULL]
3,"0,1,756,1,3",173,12,[NULL]
4,"0,1,3,1,659,1,3",173,12,[NULL]
0,"324,1,26",174,11,[NULL]
1,"394,1,21",174,11,[NULL]
2,"523,1,12",174,11,[NULL]
3,"773,1,3",174,11,[NULL]
4,"772,1,3",174,11,[NULL]
5,"771,1,3",174,11,[NULL]
0,664,175,10,[NULL]
1,"396,1,21",175,10,[NULL]
2,"524,1,12",175,10,[NULL]
3,"775,1,3",175,10,[NULL]
4,"774,1,3",175,10,[NULL]
5,"18,1,445,1,3",175,10,[NULL]
6,"0,4,849,1,1",175,10,[NULL]
0,665,176,9,[NULL]
1,"398,1,21",176,9,[NULL]
2,"525,1,12",176,9,[NULL]
3,"776,1,3",176,9,[NULL]
4,"32,1,324,1,3",176,9,[NULL]
5,"0,4,850,1,1",176,9,[NULL]
6,"13,1,660,1,0",176,9,[NULL]
0,"400,1,21",177,8,[NULL]
1,"33,1,324,1,3",177,8,[NULL]
2,"18,1,446,1,3",177,8,[NULL]
3,"0,2,750,1,3",177,8,[NULL]
0,"2,1,324,1,23",178,7,[NULL]
1,"34,1,324,1,3",178,7,[NULL]
2,"1,1,750,1,3",178,7,[NULL]
3,"0,2,751,1,3",178,7,[NULL]
0,"35,1,324,1,3",179,6,[NULL]
1,"1,1,751,1,3",179,6,[NULL]
2,"0,2,3,1,18,1,324,1,3",179,6,[NULL]
3,"57,1,324,1,0",179,6,[NULL]
0,"1,1,3,1,18,1,324,1,3",180,5,[NULL]
0,"0,181,1",3,183,[NULL]
0,"0,176,2",7,179,[NULL]
0,"0,2,804,1,2",126,60,[NULL]
0,"0,1,17,1,554,1,1",129,57,[NULL]
0,"0,53,324,1,1",130,56,[NULL]
0,"0,12,686,1,2",133,53,[NULL]
0,"0,48,324,1,2",134,52,[NULL]
0,"829,1,2",142,44,[NULL]
0,"0,7,807,1,1",144,42,[NULL]
0,"0,2,64,1,224,1,2",145,41,[NULL]
1,"0,8,795,1,1",145,41,[NULL]
0,"1,1,64,1,224,1,2",146,40,[NULL]
1,"0,2,64,1,225,1,2",146,40,[NULL]
0,"0,3,17,1,491,1,2",147,39,[NULL]
0,"0,2,809,1,2",148,38,[NULL]
1,"0,2,807,1,2",148,38,[NULL]
2,"0,2,64,1,244,1,1",148,38,[NULL]
0,"0,3,795,1,2",149,37,[NULL]
1,"0,2,138,1,149,1,1",149,37,[NULL]
2,"955,1,0",149,37,[NULL]
0,"0,2,17,2,260,1,1",150,36,[NULL]
0,"0,2,64,1,246,1,1",151,35,[NULL]
1,"0,2,59,1,260,1,1",151,35,[NULL]
0,"0,3,862,1,1",152,34,[NULL]
0,"1,1,149,2,0",153,33,[NULL]
0,"64,1,184",155,31,[NULL]
1,"260,1,36",155,31,[NULL]
2,"13,6,32,1,0",155,31,[NULL]
0,"0,1,650",156,30,[NULL]
1,"13,6,33,1,0",156,30,[NULL]
0,"260,1,37",158,28,[NULL]
0,667,159,27,[NULL]
1,666,159,27,[NULL]
2,"0,1,651",159,27,[NULL]
0,"0,1,652",160,26,[NULL]
1,"0,13,743,1,1",160,26,[NULL]
2,"958,1,0",160,26,[NULL]
3,"13,1,23,1,303,1,0",160,26,[NULL]
4,"1,1,5,1,64,1,209,1,0",160,26,[NULL]
0,"0,5,836,1,1",161,25,[NULL]
1,"13,2,23,1,188,1,0",161,25,[NULL]
2,"2,1,899,1,0",161,25,[NULL]
0,"260,1,39",162,24,[NULL]
1,"834,1,2",162,24,[NULL]
2,"13,2,23,1,189,1,0",162,24,[NULL]
0,"0,1,654",163,23,[NULL]
1,"13,2,286,1,3",163,23,[NULL]
0,"64,1,235,1,2",164,22,[NULL]
1,"0,8,743,1,2",164,22,[NULL]
2,"13,2,23,1,190,1,0",164,22,[NULL]
3,"1,1,930,1,0",164,22,[NULL]
0,668,165,21,[NULL]
1,"837,1,2",165,21,[NULL]
2,"836,1,2",165,21,[NULL]
0,"239,1,45",166,20,[NULL]
1,"838,1,2",166,20,[NULL]
2,"959,1,0",166,20,[NULL]
0,669,167,19,[NULL]
1,"43,1,285,1,3",167,19,[NULL]
2,"13,2,288,1,3",167,19,[NULL]
3,"0,1,825,1,2",167,19,[NULL]
4,"891,1,1",167,19,[NULL]
5,"960,1,0",167,19,[NULL]
0,"235,1,48",168,18,[NULL]
1,"43,1,287,1,3",168,18,[NULL]
2,"0,1,763,1,3",168,18,[NULL]
0,"324,1,27",169,17,[NULL]
1,"1,1,76,1,189,1,3",169,17,[NULL]
2,"0,1,764,1,3",169,17,[NULL]
3,"842,1,2",169,17,[NULL]
0,"2,1,631",170,16,[NULL]
1,"3,1,680,1,3",170,16,[NULL]
2,"0,1,67,1,203,1,3",170,16,[NULL]
3,"70,1,275,1,0",170,16,[NULL]
0,"533,1,12",171,15,[NULL]
1,"74,1,197,1,3",171,15,[NULL]
2,"1,1,76,1,190,1,3",171,15,[NULL]
3,"0,1,68,1,203,1,3",171,15,[NULL]
4,"0,1,3,1,673,1,3",171,15,[NULL]
0,670,172,14,[NULL]
1,"18,1,371",172,14,[NULL]
2,"2,1,732,1,3",172,14,[NULL]
3,"0,1,769,1,3",172,14,[NULL]
4,"0,1,3,1,674,1,3",172,14,[NULL]
5,"0,1,2,1,719,1,3",172,14,[NULL]
6,"0,2,755,1,3",172,14,[NULL]
7,"1,1,935,1,0",172,14,[NULL]
0,"270,1,35",173,13,[NULL]
1,"2,1,734,1,3",173,13,[NULL]
2,"0,1,770,1,3",173,13,[NULL]
3,"0,2,757,1,3",173,13,[NULL]
4,"42,1,324,1,2",173,13,[NULL]
5,"893,1,1",173,13,[NULL]
6,"7,1,769,1,0",173,13,[NULL]
7,"2,1,912,1,0",173,13,[NULL]
0,671,174,12,[NULL]
1,"0,1,523,1,12",174,12,[NULL]
2,"0,1,772,1,3",174,12,[NULL]
3,"847,1,2",174,12,[NULL]
4,"76,1,264,1,0",174,12,[NULL]
5,"18,1,591,1,0",174,12,[NULL]
6,"2,1,43,1,396,1,0",174,12,[NULL]
7,"1,1,938,1,0",174,12,[NULL]
0,"535,1,12",175,11,[NULL]
1,"0,1,524,1,12",175,11,[NULL]
2,"3,1,18,1,352,1,3",175,11,[NULL]
3,"0,5,849,1,1",175,11,[NULL]
4,"961,1,0",175,11,[NULL]
5,"2,1,43,1,398,1,0",175,11,[NULL]
6,"1,1,3,1,847,1,0",175,11,[NULL]
0,672,176,10,[NULL]
1,"782,1,3",176,10,[NULL]
2,"0,5,850,1,1",176,10,[NULL]
3,"2,1,43,1,400,1,0",176,10,[NULL]
0,"18,1,506,1,2",177,9,[NULL]
1,"894,1,1",177,9,[NULL]
2,"3,1,18,1,525,1,0",177,9,[NULL]
0,"43,1,324,1,2",178,8,[NULL]
1,"3,1,751,1,2",178,8,[NULL]
2,"2,1,913,1,0",178,8,[NULL]
0,"849,1,2",179,7,[NULL]
1,"3,2,18,1,324,1,2",179,7,[NULL]
2,"2,1,914,1,0",179,7,[NULL]
3,"1,1,3,1,43,1,324,1,0",179,7,[NULL]
0,"324,1,28",180,6,[NULL]
1,"850,1,2",180,6,[NULL]
2,"2,1,11,1,18,1,324,1,0",180,6,[NULL]
0,"0,182,1",3,184,[NULL]
0,"0,177,2",7,180,[NULL]
0,"0,3,804,1,2",126,61,[NULL]
0,"851,1,2",128,59,[NULL]
0,"0,2,17,1,554,1,1",129,58,[NULL]
0,"0,54,324,1,1",130,57,[NULL]
0,"0,49,324,1,2",134,53,[NULL]
0,673,137,50,[NULL]
0,"265,1,36",141,46,[NULL]
0,"135,1,96",144,43,[NULL]
1,"0,8,807,1,1",144,43,[NULL]
0,"0,3,64,1,224,1,2",145,42,[NULL]
1,"0,9,795,1,1",145,42,[NULL]
0,"0,3,64,1,225,1,2",146,41,[NULL]
0,"896,1,1",147,40,[NULL]
0,"64,1,237,1,2",148,39,[NULL]
1,"0,3,809,1,2",148,39,[NULL]
2,"0,3,807,1,2",148,39,[NULL]
3,"0,3,64,1,244,1,1",148,39,[NULL]
0,"0,4,795,1,2",149,38,[NULL]
1,"0,3,138,1,149,1,1",149,38,[NULL]
0,"0,3,17,2,260,1,1",150,37,[NULL]
0,"0,3,59,1,260,1,1",151,36,[NULL]
1,"1,1,939,1,0",151,36,[NULL]
0,"491,1,14",154,33,[NULL]
0,"0,1,64,1,184",155,32,[NULL]
1,"0,1,260,1,36",155,32,[NULL]
0,"66,1,184",156,31,[NULL]
0,"14,1,408",157,30,[NULL]
1,"64,1,260,1,1",157,30,[NULL]
0,"64,1,191",158,29,[NULL]
1,"897,1,1",158,29,[NULL]
0,"0,2,651",159,28,[NULL]
1,"17,1,381",159,28,[NULL]
0,"13,5,38",160,27,[NULL]
1,"784,1,3",160,27,[NULL]
2,"898,1,1",160,27,[NULL]
0,"13,4,105,1,3",161,26,[NULL]
1,"856,1,2",161,26,[NULL]
2,"0,6,836,1,1",161,26,[NULL]
3,"963,1,0",161,26,[NULL]
4,"13,5,75,1,0",161,26,[NULL]
0,"13,1,538,1,3",162,25,[NULL]
1,"13,5,76,1,0",162,25,[NULL]
0,"2,1,737,1,3",163,24,[NULL]
1,"1,1,941,1,0",163,24,[NULL]
0,"3,1,600",164,23,[NULL]
1,"293,1,31",164,23,[NULL]
2,"857,1,2",164,23,[NULL]
3,"0,1,64,1,235,1,2",164,23,[NULL]
4,"0,9,743,1,2",164,23,[NULL]
5,"2,2,877,1,0",164,23,[NULL]
0,"266,1,38",165,22,[NULL]
1,"64,1,239,1,2",165,22,[NULL]
2,"0,1,837,1,2",165,22,[NULL]
3,"0,1,836,1,2",165,22,[NULL]
4,"3,1,877,1,0",165,22,[NULL]
0,"266,1,39",166,21,[NULL]
1,"267,1,38",166,21,[NULL]
2,"0,1,838,1,2",166,21,[NULL]
3,"67,1,286,1,0",166,21,[NULL]
0,674,167,20,[NULL]
1,"267,1,39",167,20,[NULL]
2,"23,1,417,1,3",167,20,[NULL]
3,"0,2,825,1,2",167,20,[NULL]
4,"0,1,891,1,1",167,20,[NULL]
5,"13,1,677,1,0",167,20,[NULL]
0,675,168,19,[NULL]
1,"3,1,691,1,3",168,19,[NULL]
2,"0,2,763,1,3",168,19,[NULL]
3,"908,1,1",168,19,[NULL]
4,"964,1,0",168,19,[NULL]
5,"13,1,679,1,0",168,19,[NULL]
0,676,169,18,[NULL]
1,"2,1,639",169,18,[NULL]
2,"213,1,61",169,18,[NULL]
3,"0,2,764,1,3",169,18,[NULL]
4,"50,1,324,1,1",169,18,[NULL]
5,"13,2,450,1,0",169,18,[NULL]
0,677,170,17,[NULL]
1,"484,1,16",170,17,[NULL]
2,"1,1,764,1,3",170,17,[NULL]
3,"13,1,682,1,0",170,17,[NULL]
4,"13,1,681,1,0",170,17,[NULL]
0,"269,1,39",171,16,[NULL]
1,"858,1,2",171,16,[NULL]
2,"965,1,0",171,16,[NULL]
0,"1,1,660",172,15,[NULL]
1,"540,1,12",172,15,[NULL]
2,"860,1,2",172,15,[NULL]
3,"967,1,0",172,15,[NULL]
0,678,173,14,[NULL]
1,"787,1,3",173,14,[NULL]
2,"69,1,287,1,0",173,14,[NULL]
0,679,174,13,[NULL]
1,"543,1,12",174,13,[NULL]
2,"3,1,463,1,12",174,13,[NULL]
3,"788,1,3",174,13,[NULL]
4,"43,1,396,1,1",174,13,[NULL]
0,680,175,12,[NULL]
1,"5,1,324,1,15",175,12,[NULL]
2,"544,1,12",175,12,[NULL]
3,"790,1,3",175,12,[NULL]
4,"789,1,3",175,12,[NULL]
5,"2,1,746,1,3",175,12,[NULL]
6,"43,1,398,1,1",175,12,[NULL]
7,"0,6,849,1,1",175,12,[NULL]
8,"3,1,884,1,0",175,12,[NULL]
0,"545,1,12",176,11,[NULL]
1,"1,1,524,1,12",176,11,[NULL]
2,"793,1,3",176,11,[NULL]
3,"792,1,3",176,11,[NULL]
4,"791,1,3",176,11,[NULL]
5,"0,6,850,1,1",176,11,[NULL]
6,"968,1,0",176,11,[NULL]
0,681,177,10,[NULL]
1,"1,1,525,1,12",177,10,[NULL]
2,"3,1,696,1,3",177,10,[NULL]
3,"2,2,18,1,368,1,3",177,10,[NULL]
4,"0,1,18,1,506,1,2",177,10,[NULL]
0,"794,1,3",178,9,[NULL]
1,"0,1,43,1,324,1,2",178,9,[NULL]
2,"2,1,53,1,324,1,0",178,9,[NULL]
0,"36,1,324,1,3",179,8,[NULL]
1,"3,1,699,1,3",179,8,[NULL]
2,"0,1,849,1,2",179,8,[NULL]
0,"1,1,35,1,324,1,3",180,7,[NULL]
1,"1,2,751,1,3",180,7,[NULL]
2,"0,1,850,1,2",180,7,[NULL]
0,"37,1,324,1,3",181,6,[NULL]
1,"1,2,3,1,18,1,324,1,3",181,6,[NULL]
0,"38,1,324,1,3",182,5,[NULL]
0,"0,183,1",3,185,[NULL]
0,"0,178,2",7,181,[NULL]
0,"0,4,804,1,2",126,62,[NULL]
0,"0,3,17,1,554,1,1",129,59,[NULL]
0,"0,55,324,1,1",130,58,[NULL]
0,682,133,55,[NULL]
0,"0,50,324,1,2",134,54,[NULL]
0,"916,1,1",136,52,[NULL]
0,"917,1,1",137,51,[NULL]
0,"969,1,0",140,48,[NULL]
0,"970,1,0",143,45,[NULL]
0,"0,9,807,1,1",144,44,[NULL]
0,"0,4,64,1,224,1,2",145,43,[NULL]
1,"0,10,795,1,1",145,43,[NULL]
0,"0,4,64,1,225,1,2",146,42,[NULL]
0,"0,1,896,1,1",147,41,[NULL]
1,"5,1,64,1,224,1,0",147,41,[NULL]
0,"0,4,807,1,2",148,40,[NULL]
1,"0,4,64,1,244,1,1",148,40,[NULL]
0,"0,5,795,1,2",149,39,[NULL]
1,"0,4,138,1,149,1,1",149,39,[NULL]
0,"1,1,955,1,0",150,38,[NULL]
0,"244,1,45",153,35,[NULL]
0,"17,1,491,1,3",154,34,[NULL]
0,"0,2,64,1,184",155,33,[NULL]
1,"0,2,260,1,36",155,33,[NULL]
0,"64,2,30",156,32,[NULL]
1,"491,1,15",156,32,[NULL]
2,"863,1,2",156,32,[NULL]
3,"862,1,2",156,32,[NULL]
0,"0,1,64,1,260,1,1",157,31,[NULL]
0,"80,1,171",158,30,[NULL]
1,"0,1,897,1,1",158,30,[NULL]
2,"13,3,248,1,0",158,30,[NULL]
0,"921,1,1",159,29,[NULL]
1,"919,1,1",159,29,[NULL]
2,"13,4,150,1,0",159,29,[NULL]
0,"347,1,26",160,28,[NULL]
1,"0,1,898,1,1",160,28,[NULL]
0,"1,1,958,1,0",161,27,[NULL]
0,"973,1,0",162,26,[NULL]
0,"3,1,613",163,25,[NULL]
1,"797,1,3",163,25,[NULL]
2,"975,1,0",163,25,[NULL]
3,"64,1,293,1,0",163,25,[NULL]
0,"0,1,3,1,600",164,24,[NULL]
1,"0,2,64,1,235,1,2",164,24,[NULL]
2,"0,10,743,1,2",164,24,[NULL]
3,"978,1,0",164,24,[NULL]
4,"13,1,690,1,0",164,24,[NULL]
0,"266,1,41",165,23,[NULL]
1,"0,2,837,1,2",165,23,[NULL]
2,"0,2,836,1,2",165,23,[NULL]
3,"979,1,0",165,23,[NULL]
0,683,166,22,[NULL]
1,"551,1,12",166,22,[NULL]
2,"13,2,294,1,3",166,22,[NULL]
3,"0,2,838,1,2",166,22,[NULL]
4,"2,1,930,1,0",166,22,[NULL]
0,"0,1,674",167,21,[NULL]
1,"0,1,267,1,39",167,21,[NULL]
2,"72,1,209,1,3",167,21,[NULL]
3,"44,1,324,1,2",167,21,[NULL]
4,"0,3,825,1,2",167,21,[NULL]
5,"0,2,891,1,1",167,21,[NULL]
6,"13,1,692,1,0",167,21,[NULL]
7,"13,1,691,1,0",167,21,[NULL]
8,"1,1,959,1,0",167,21,[NULL]
0,"0,1,675",168,20,[NULL]
1,"604,1,5",168,20,[NULL]
2,"0,1,908,1,1",168,20,[NULL]
3,"982,1,0",168,20,[NULL]
0,"235,1,52",169,19,[NULL]
1,"0,1,50,1,324,1,1",169,19,[NULL]
0,"275,1,39",170,18,[NULL]
1,"3,1,707,1,3",170,18,[NULL]
2,"985,1,0",170,18,[NULL]
0,"540,1,13",171,17,[NULL]
0,"0,1,540,1,12",172,16,[NULL]
1,"799,1,3",172,16,[NULL]
2,"3,1,709,1,3",172,16,[NULL]
3,"987,1,0",172,16,[NULL]
0,685,173,15,[NULL]
1,684,173,15,[NULL]
2,"800,1,3",173,15,[NULL]
3,"0,1,787,1,3",173,15,[NULL]
4,"869,1,2",173,15,[NULL]
5,"989,1,0",173,15,[NULL]
6,"988,1,0",173,15,[NULL]
0,688,174,14,[NULL]
1,687,174,14,[NULL]
2,686,174,14,[NULL]
3,"0,1,543,1,12",174,14,[NULL]
4,"0,1,788,1,3",174,14,[NULL]
5,"991,1,0",174,14,[NULL]
6,"990,1,0",174,14,[NULL]
7,"59,1,324,1,0",174,14,[NULL]
0,"0,1,544,1,12",175,13,[NULL]
1,"3,1,712,1,3",175,13,[NULL]
2,"0,1,790,1,3",175,13,[NULL]
3,"0,1,789,1,3",175,13,[NULL]
4,"992,1,0",175,13,[NULL]
5,"1,1,18,1,591,1,0",175,13,[NULL]
0,"0,1,791,1,3",176,12,[NULL]
1,"7,1,676,1,2",176,12,[NULL]
2,"2,1,938,1,0",176,12,[NULL]
3,"2,1,7,1,746,1,0",176,12,[NULL]
4,"1,1,961,1,0",176,12,[NULL]
0,689,177,11,[NULL]
1,"3,1,480,1,12",177,11,[NULL]
2,"0,2,18,1,506,1,2",177,11,[NULL]
3,"993,1,0",177,11,[NULL]
4,"13,1,23,1,324,1,0",177,11,[NULL]
5,"3,1,43,1,368,1,0",177,11,[NULL]
0,"324,1,29",178,10,[NULL]
1,"53,1,324,1,1",178,10,[NULL]
2,"13,1,699,1,0",178,10,[NULL]
3,"13,1,24,1,324,1,0",178,10,[NULL]
0,690,179,9,[NULL]
1,"0,2,849,1,2",179,9,[NULL]
2,"13,1,25,1,324,1,0",179,9,[NULL]
0,"3,1,18,1,378,1,3",180,8,[NULL]
1,"0,2,850,1,2",180,8,[NULL]
2,"18,1,617,1,0",180,8,[NULL]
3,"2,1,54,1,324,1,0",180,8,[NULL]
0,"0,1,37,1,324,1,3",181,7,[NULL]
1,"994,1,0",181,7,[NULL]
2,"61,1,324,1,0",181,7,[NULL]
0,"0,1,38,1,324,1,3",182,6,[NULL]
0,"0,184,1",3,186,[NULL]
0,"0,179,2",7,182,[NULL]
0,"926,1,1",126,63,[NULL]
0,"995,1,0",129,60,[NULL]
0,"0,56,324,1,1",130,59,[NULL]
0,"804,1,3",133,56,[NULL]
0,"0,51,324,1,2",134,55,[NULL]
0,"276,1,36",135,54,[NULL]
0,"0,1,916,1,1",136,53,[NULL]
0,"0,1,917,1,1",137,52,[NULL]
0,"871,1,2",142,47,[NULL]
0,"0,10,807,1,1",144,45,[NULL]
0,"0,5,64,1,224,1,2",145,44,[NULL]
1,"0,11,795,1,1",145,44,[NULL]
0,"0,5,64,1,225,1,2",146,43,[NULL]
0,"0,5,807,1,2",148,41,[NULL]
1,"0,5,64,1,244,1,1",148,41,[NULL]
0,"0,6,795,1,2",149,40,[NULL]
1,"64,1,297,1,0",149,40,[NULL]
0,"64,1,244,1,2",152,37,[NULL]
0,"138,1,149,1,2",153,36,[NULL]
0,"17,2,260,1,2",154,35,[NULL]
0,"64,1,246,1,2",155,34,[NULL]
1,"60,1,260,1,2",155,34,[NULL]
2,"59,1,260,1,2",155,34,[NULL]
3,"149,2,1",155,34,[NULL]
0,"0,1,862,1,2",156,33,[NULL]
1,"927,1,1",156,33,[NULL]
0,"0,2,64,1,260,1,1",157,32,[NULL]
0,"278,1,36",158,31,[NULL]
1,"64,1,274,1,1",158,31,[NULL]
2,"0,2,897,1,1",158,31,[NULL]
0,"13,5,51,1,3",159,30,[NULL]
1,"0,1,921,1,1",159,30,[NULL]
2,"0,1,919,1,1",159,30,[NULL]
3,"64,3,0",159,30,[NULL]
0,"0,2,898,1,1",160,29,[NULL]
1,"13,5,80,1,0",160,29,[NULL]
0,"1,1,963,1,0",162,27,[NULL]
0,"13,1,167,1,38",163,26,[NULL]
1,"3,1,832,1,1",163,26,[NULL]
0,691,164,25,[NULL]
1,"13,2,303,1,3",164,25,[NULL]
2,"0,3,64,1,235,1,2",164,25,[NULL]
3,"0,11,743,1,2",164,25,[NULL]
4,"929,1,1",164,25,[NULL]
5,"13,2,472,1,0",164,25,[NULL]
0,"13,3,188,1,3",165,24,[NULL]
1,"0,3,837,1,2",165,24,[NULL]
2,"0,3,836,1,2",165,24,[NULL]
3,"998,1,0",165,24,[NULL]
4,"13,2,473,1,0",165,24,[NULL]
5,"2,1,941,1,0",165,24,[NULL]
0,"930,1,1",166,23,[NULL]
1,"64,1,308,1,0",166,23,[NULL]
2,"13,1,705,1,0",166,23,[NULL]
3,"1,1,3,1,877,1,0",166,23,[NULL]
0,"13,1,51,1,142",167,22,[NULL]
1,"610,1,5",167,22,[NULL]
2,"0,3,891,1,1",167,22,[NULL]
3,"999,1,0",167,22,[NULL]
0,"0,2,675",168,21,[NULL]
1,"13,3,190,1,3",168,21,[NULL]
2,"0,2,908,1,1",168,21,[NULL]
3,"13,2,474,1,0",168,21,[NULL]
0,"3,1,838,1,1",169,20,[NULL]
1,"0,2,50,1,324,1,1",169,20,[NULL]
2,"13,2,476,1,0",169,20,[NULL]
3,"1,1,964,1,0",169,20,[NULL]
0,692,170,19,[NULL]
0,693,171,18,[NULL]
1,"1,2,764,1,3",171,18,[NULL]
0,695,172,17,[NULL]
1,694,172,17,[NULL]
2,"0,1,799,1,3",172,17,[NULL]
3,"1002,1,0",172,17,[NULL]
0,"1004,1,0",173,16,[NULL]
0,"814,1,3",174,15,[NULL]
1,"0,2,788,1,3",174,15,[NULL]
2,"1,1,69,1,287,1,0",174,15,[NULL]
0,696,175,14,[NULL]
1,"2,1,663",175,14,[NULL]
2,"815,1,3",175,14,[NULL]
3,"0,2,789,1,3",175,14,[NULL]
4,"884,1,2",175,14,[NULL]
5,"1007,1,0",175,14,[NULL]
6,"1006,1,0",175,14,[NULL]
0,697,176,13,[NULL]
1,"817,1,3",176,13,[NULL]
2,"3,1,719,1,3",176,13,[NULL]
3,"1,1,789,1,3",176,13,[NULL]
4,"0,1,7,1,676,1,2",176,13,[NULL]
5,"1008,1,0",176,13,[NULL]
6,"1,1,3,1,884,1,0",176,13,[NULL]
0,698,177,12,[NULL]
1,"1,1,792,1,3",177,12,[NULL]
2,"1,1,968,1,0",177,12,[NULL]
0,"818,1,3",178,11,[NULL]
0,"567,1,12",179,10,[NULL]
1,"3,1,720,1,3",179,10,[NULL]
2,"0,3,849,1,2",179,10,[NULL]
0,"819,1,3",180,9,[NULL]
1,"1,1,36,1,324,1,3",180,9,[NULL]
2,"0,1,3,1,18,1,378,1,3",180,9,[NULL]
3,"0,3,850,1,2",180,9,[NULL]
0,"5,1,18,1,324,1,3",181,8,[NULL]
1,"0,2,37,1,324,1,3",181,8,[NULL]
0,"0,2,38,1,324,1,3",182,7,[NULL]
0,"0,185,1",3,187,[NULL]
0,"0,180,2",7,183,[NULL]
0,"0,57,324,1,1",130,60,[NULL]
0,"17,1,554,1,2",133,57,[NULL]
0,"886,1,2",134,56,[NULL]
1,"0,52,324,1,2",134,56,[NULL]
0,"0,2,916,1,1",136,54,[NULL]
0,"0,2,917,1,1",137,53,[NULL]
0,"1,1,969,1,0",141,49,[NULL]
0,"1,1,970,1,0",144,46,[NULL]
0,"0,12,795,1,1",145,45,[NULL]
0,"0,6,807,1,2",148,42,[NULL]
1,"1,1,5,1,64,1,224,1,0",148,42,[NULL]
0,"0,7,795,1,2",149,41,[NULL]
0,"62,1,198",150,40,[NULL]
0,"0,1,64,1,244,1,2",152,38,[NULL]
0,"0,1,138,1,149,1,2",153,37,[NULL]
0,"59,1,64,1,36",154,36,[NULL]
1,"0,1,17,2,260,1,2",154,36,[NULL]
0,"0,1,64,1,246,1,2",155,35,[NULL]
1,"0,1,59,1,260,1,2",155,35,[NULL]
2,"0,1,149,2,1",155,35,[NULL]
0,"0,2,862,1,2",156,34,[NULL]
1,"0,1,927,1,1",156,34,[NULL]
0,"516,1,14",157,33,[NULL]
1,"0,3,64,1,260,1,1",157,33,[NULL]
2,"1009,1,0",157,33,[NULL]
0,"0,1,64,1,274,1,1",158,32,[NULL]
1,"0,3,897,1,1",158,32,[NULL]
0,"0,2,921,1,1",159,31,[NULL]
1,"0,2,919,1,1",159,31,[NULL]
0,"0,3,898,1,1",160,30,[NULL]
0,"64,1,254,1,2",161,29,[NULL]
1,"13,1,715,1,0",161,29,[NULL]
0,"2,1,666",162,28,[NULL]
1,"13,1,716,1,0",162,28,[NULL]
2,"13,5,83,1,0",162,28,[NULL]
0,700,163,27,[NULL]
1,699,163,27,[NULL]
2,"1010,1,0",163,27,[NULL]
0,"0,1,691",164,26,[NULL]
1,"0,12,743,1,2",164,26,[NULL]
2,"1,1,975,1,0",164,26,[NULL]
3,"1,1,64,1,293,1,0",164,26,[NULL]
0,"13,3,23,1,75,1,3",165,25,[NULL]
1,"0,4,836,1,2",165,25,[NULL]
2,"1,1,978,1,0",165,25,[NULL]
0,701,166,24,[NULL]
0,"1,1,683",167,23,[NULL]
1,"0,4,891,1,1",167,23,[NULL]
0,"943,1,1",168,22,[NULL]
1,"0,3,908,1,1",168,22,[NULL]
2,"62,1,324,1,0",168,22,[NULL]
3,"13,1,23,1,335,1,0",168,22,[NULL]
0,702,169,21,[NULL]
1,"286,1,38",169,21,[NULL]
2,"0,3,50,1,324,1,1",169,21,[NULL]
0,703,170,20,[NULL]
1,"285,1,39",170,20,[NULL]
2,"822,1,3",170,20,[NULL]
3,"75,1,286,1,0",170,20,[NULL]
0,"209,1,67",171,19,[NULL]
1,"75,1,212,1,3",171,19,[NULL]
2,"1012,1,0",171,19,[NULL]
3,"1011,1,0",171,19,[NULL]
4,"18,1,628,1,0",171,19,[NULL]
0,"235,1,57",172,18,[NULL]
1,"1014,1,0",172,18,[NULL]
2,"1013,1,0",172,18,[NULL]
0,"288,1,38",173,17,[NULL]
1,"107,1,174,1,3",173,17,[NULL]
2,"13,1,569,1,3",173,17,[NULL]
3,"1015,1,0",173,17,[NULL]
4,"1,1,987,1,0",173,17,[NULL]
0,"3,1,631",174,16,[NULL]
1,"825,1,3",174,16,[NULL]
2,"824,1,3",174,16,[NULL]
3,"75,1,213,1,3",174,16,[NULL]
4,"1019,1,0",174,16,[NULL]
5,"1017,1,0",174,16,[NULL]
6,"75,1,288,1,0",174,16,[NULL]
7,"1,1,988,1,0",174,16,[NULL]
0,"3,1,730,1,3",175,15,[NULL]
1,"0,1,815,1,3",175,15,[NULL]
2,"1022,1,0",175,15,[NULL]
3,"1021,1,0",175,15,[NULL]
4,"1020,1,0",175,15,[NULL]
5,"43,1,485,1,0",175,15,[NULL]
6,"1,1,990,1,0",175,15,[NULL]
0,"3,1,732,1,3",176,14,[NULL]
1,"0,1,817,1,3",176,14,[NULL]
2,"0,1,3,1,719,1,3",176,14,[NULL]
3,"0,2,7,1,676,1,2",176,14,[NULL]
4,"1024,1,0",176,14,[NULL]
5,"1023,1,0",176,14,[NULL]
6,"1,1,992,1,0",176,14,[NULL]
0,"43,1,293",177,13,[NULL]
1,"324,1,30",177,13,[NULL]
2,"3,1,735,1,3",177,13,[NULL]
3,"3,1,734,1,3",177,13,[NULL]
4,"1025,1,0",177,13,[NULL]
5,"2,1,76,1,264,1,0",177,13,[NULL]
0,"43,1,295",178,12,[NULL]
1,"827,1,3",178,12,[NULL]
2,"0,1,818,1,3",178,12,[NULL]
3,"1026,1,0",178,12,[NULL]
0,"828,1,3",179,11,[NULL]
1,"0,4,849,1,2",179,11,[NULL]
0,"0,4,850,1,2",180,10,[NULL]
0,"324,1,31",181,9,[NULL]
0,"0,186,1",3,188,[NULL]
0,"0,181,2",7,184,[NULL]
0,"0,58,324,1,1",130,61,[NULL]
0,"0,1,17,1,554,1,2",133,58,[NULL]
0,"0,53,324,1,2",134,57,[NULL]
0,"515,1,15",136,55,[NULL]
1,"0,3,916,1,1",136,55,[NULL]
0,"0,3,917,1,1",137,54,[NULL]
0,"0,7,807,1,2",148,43,[NULL]
0,"0,8,795,1,2",149,42,[NULL]
1,"1033,1,0",149,42,[NULL]
0,"0,2,64,1,244,1,2",152,39,[NULL]
0,"1,1,64,1,244,1,2",153,38,[NULL]
1,"0,2,138,1,149,1,2",153,38,[NULL]
0,"0,2,17,2,260,1,2",154,37,[NULL]
0,"0,2,64,1,246,1,2",155,36,[NULL]
1,"0,2,59,1,260,1,2",155,36,[NULL]
2,"0,2,149,2,1",155,36,[NULL]
0,"0,3,862,1,2",156,35,[NULL]
1,"0,2,927,1,1",156,35,[NULL]
2,"42,1,491,1,0",156,35,[NULL]
0,"0,4,64,1,260,1,1",157,34,[NULL]
0,"0,2,64,1,274,1,1",158,33,[NULL]
1,"0,4,897,1,1",158,33,[NULL]
0,"0,3,921,1,1",159,32,[NULL]
1,"0,3,919,1,1",159,32,[NULL]
0,"0,4,898,1,1",160,31,[NULL]
1,"1,1,64,3,0",160,31,[NULL]
0,"64,1,198",162,29,[NULL]
1,"260,1,45",162,29,[NULL]
2,"13,3,194,1,3",162,29,[NULL]
0,"0,1,699",163,28,[NULL]
1,"17,1,408",163,28,[NULL]
2,"13,1,23,1,346,1,0",163,28,[NULL]
0,704,164,27,[NULL]
1,"0,2,691",164,27,[NULL]
0,705,165,26,[NULL]
1,"1,1,691",165,26,[NULL]
2,"0,5,836,1,2",165,26,[NULL]
0,707,166,25,[NULL]
1,706,166,25,[NULL]
2,"0,1,701",166,25,[NULL]
0,"3,1,638",167,24,[NULL]
1,"832,1,3",167,24,[NULL]
2,"13,3,261,1,0",167,24,[NULL]
3,"1,1,64,1,308,1,0",167,24,[NULL]
0,708,168,23,[NULL]
1,"188,1,75",168,23,[NULL]
2,"0,1,943,1,1",168,23,[NULL]
3,"13,3,262,1,0",168,23,[NULL]
0,709,169,22,[NULL]
1,"834,1,3",169,22,[NULL]
2,"833,1,3",169,22,[NULL]
3,"959,1,1",169,22,[NULL]
4,"0,4,50,1,324,1,1",169,22,[NULL]
0,710,170,21,[NULL]
1,"13,1,475",170,21,[NULL]
2,"1037,1,0",170,21,[NULL]
0,"1,1,692",171,20,[NULL]
1,"629,1,5",171,20,[NULL]
2,"891,1,2",171,20,[NULL]
3,"1038,1,0",171,20,[NULL]
0,712,172,19,[NULL]
1,711,172,19,[NULL]
2,"837,1,3",172,19,[NULL]
3,"835,1,3",172,19,[NULL]
4,"1041,1,0",172,19,[NULL]
5,"1040,1,0",172,19,[NULL]
6,"1039,1,0",172,19,[NULL]
0,713,173,18,[NULL]
1,"239,1,57",173,18,[NULL]
2,"324,1,32",173,18,[NULL]
3,"839,1,3",173,18,[NULL]
4,"838,1,3",173,18,[NULL]
5,"1043,1,0",173,18,[NULL]
6,"1042,1,0",173,18,[NULL]
0,714,174,17,[NULL]
1,"235,1,59",174,17,[NULL]
2,"840,1,3",174,17,[NULL]
3,"0,1,825,1,3",174,17,[NULL]
4,"1045,1,0",174,17,[NULL]
5,"1,1,1004,1,0",174,17,[NULL]
0,"270,1,44",175,16,[NULL]
1,"841,1,3",175,16,[NULL]
2,"0,1,3,1,730,1,3",175,16,[NULL]
3,"1046,1,0",175,16,[NULL]
4,"2,1,967,1,0",175,16,[NULL]
0,715,176,15,[NULL]
1,"324,1,33",176,15,[NULL]
2,"843,1,3",176,15,[NULL]
3,"842,1,3",176,15,[NULL]
4,"0,2,817,1,3",176,15,[NULL]
5,"0,2,3,1,719,1,3",176,15,[NULL]
6,"13,1,734,1,0",176,15,[NULL]
0,716,177,14,[NULL]
1,"0,1,324,1,30",177,14,[NULL]
2,"575,1,12",177,14,[NULL]
3,"1,1,3,1,719,1,3",177,14,[NULL]
4,"893,1,2",177,14,[NULL]
5,"1047,1,0",177,14,[NULL]
0,717,178,13,[NULL]
1,"13,1,480",178,13,[NULL]
2,"524,1,16",178,13,[NULL]
3,"0,2,818,1,3",178,13,[NULL]
0,"5,1,18,1,317",179,12,[NULL]
1,"0,1,828,1,3",179,12,[NULL]
2,"0,5,849,1,2",179,12,[NULL]
0,"846,1,3",180,11,[NULL]
1,"0,5,850,1,2",180,11,[NULL]
2,"64,1,324,1,0",180,11,[NULL]
0,"577,1,12",181,10,[NULL]
1,"847,1,3",181,10,[NULL]
2,"13,2,324,1,3",181,10,[NULL]
3,"894,1,2",181,10,[NULL]
0,"9,1,18,1,324,1,2",182,9,[NULL]
0,"18,1,506,1,3",184,7,[NULL]
0,"43,1,324,1,3",185,6,[NULL]
1,"3,1,751,1,3",185,6,[NULL]
0,"849,1,3",186,5,[NULL]
0,"0,187,1",3,189,[NULL]
0,"0,182,2",7,185,[NULL]
0,"895,1,2",128,64,[NULL]
0,"0,59,324,1,1",130,62,[NULL]
0,"0,2,17,1,554,1,2",133,59,[NULL]
0,"0,54,324,1,2",134,58,[NULL]
0,"1048,1,0",135,57,[NULL]
0,"0,4,916,1,1",136,56,[NULL]
0,"0,4,917,1,1",137,55,[NULL]
0,718,141,51,[NULL]
0,719,144,48,[NULL]
0,"402,1,26",148,44,[NULL]
1,"0,8,807,1,2",148,44,[NULL]
0,"0,9,795,1,2",149,43,[NULL]
0,"896,1,2",151,41,[NULL]
0,"0,3,64,1,244,1,2",152,40,[NULL]
0,"0,3,138,1,149,1,2",153,39,[NULL]
0,"0,3,17,2,260,1,2",154,38,[NULL]
0,"64,1,257,1,2",155,37,[NULL]
1,"0,3,64,1,246,1,2",155,37,[NULL]
2,"0,3,59,1,260,1,2",155,37,[NULL]
3,"0,3,149,2,1",155,37,[NULL]
0,"0,3,927,1,1",156,36,[NULL]
0,"0,5,64,1,260,1,1",157,35,[NULL]
0,"0,5,897,1,1",158,34,[NULL]
1,"1,1,1009,1,0",158,34,[NULL]
0,"0,4,919,1,1",159,33,[NULL]
0,"0,5,898,1,1",160,32,[NULL]
1,"13,8,0",160,32,[NULL]
0,"64,1,260,1,2",161,31,[NULL]
1,"13,5,23,1,24,1,0",161,31,[NULL]
0,"80,1,184",162,30,[NULL]
1,"897,1,2",162,30,[NULL]
0,"0,2,699",163,29,[NULL]
1,"66,1,198",163,29,[NULL]
0,720,164,28,[NULL]
1,"0,3,691",164,28,[NULL]
2,"293,1,36",164,28,[NULL]
3,"898,1,2",164,28,[NULL]
4,"963,1,1",164,28,[NULL]
0,"64,1,203",165,27,[NULL]
1,"292,1,37",165,27,[NULL]
2,"0,6,836,1,2",165,27,[NULL]
3,"13,3,266,1,0",165,27,[NULL]
4,"2,1,973,1,0",165,27,[NULL]
0,"0,1,707",166,26,[NULL]
1,"0,2,701",166,26,[NULL]
2,"13,3,267,1,0",166,26,[NULL]
0,"0,1,832,1,3",167,25,[NULL]
1,"13,3,268,1,0",167,25,[NULL]
2,"2,1,978,1,0",167,25,[NULL]
0,"627,1,7",168,24,[NULL]
1,"856,1,3",168,24,[NULL]
2,"13,2,328,1,3",168,24,[NULL]
3,"7,1,832,1,0",168,24,[NULL]
0,721,169,23,[NULL]
1,"13,2,23,1,213,1,0",169,23,[NULL]
2,"1,1,62,1,324,1,0",169,23,[NULL]
0,"0,1,710",170,22,[NULL]
0,722,171,21,[NULL]
1,"293,1,39",171,21,[NULL]
2,"857,1,3",171,21,[NULL]
3,"0,1,891,1,2",171,21,[NULL]
4,"1050,1,0",171,21,[NULL]
0,723,172,20,[NULL]
1,"0,1,711",172,20,[NULL]
2,"13,1,488",172,20,[NULL]
3,"13,2,331,1,3",172,20,[NULL]
4,"908,1,2",172,20,[NULL]
5,"906,1,2",172,20,[NULL]
0,"0,1,838,1,3",173,19,[NULL]
1,"50,1,324,1,2",173,19,[NULL]
2,"1052,1,0",173,19,[NULL]
0,725,174,18,[NULL]
1,724,174,18,[NULL]
2,"0,2,825,1,3",174,18,[NULL]
3,"966,1,1",174,18,[NULL]
4,"965,1,1",174,18,[NULL]
0,728,175,17,[NULL]
1,727,175,17,[NULL]
2,726,175,17,[NULL]
3,"1,1,825,1,3",175,17,[NULL]
4,"0,1,841,1,3",175,17,[NULL]
5,"1,1,1019,1,0",175,17,[NULL]
0,729,176,16,[NULL]
1,"13,1,491",176,16,[NULL]
2,"17,1,324,1,6",176,16,[NULL]
3,"0,1,843,1,3",176,16,[NULL]
4,"1054,1,0",176,16,[NULL]
5,"1,1,43,1,485,1,0",176,16,[NULL]
0,730,177,15,[NULL]
1,"0,2,324,1,30",177,15,[NULL]
2,"3,1,76,1,190,1,3",177,15,[NULL]
3,"1,1,3,1,732,1,3",177,15,[NULL]
4,"2,1,991,1,0",177,15,[NULL]
5,"2,1,990,1,0",177,15,[NULL]
0,731,178,14,[NULL]
1,"235,1,62",178,14,[NULL]
2,"858,1,3",178,14,[NULL]
3,"43,1,333,1,3",178,14,[NULL]
4,"1056,1,0",178,14,[NULL]
5,"1055,1,0",178,14,[NULL]
0,732,179,13,[NULL]
1,"861,1,3",179,13,[NULL]
2,"860,1,3",179,13,[NULL]
3,"3,1,755,1,3",179,13,[NULL]
4,"0,6,849,1,2",179,13,[NULL]
5,"1057,1,0",179,13,[NULL]
0,"3,1,757,1,3",180,12,[NULL]
1,"3,1,756,1,3",180,12,[NULL]
2,"0,6,850,1,2",180,12,[NULL]
0,"0,1,847,1,3",181,11,[NULL]
1,"66,1,324,1,0",181,11,[NULL]
0,"324,1,34",182,10,[NULL]
1,"1,1,324,1,31",182,10,[NULL]
0,733,183,9,[NULL]
0,"0,1,18,1,506,1,3",184,8,[NULL]
1,"67,1,324,1,0",184,8,[NULL]
0,"0,1,43,1,324,1,3",185,7,[NULL]
0,"1058,1,0",188,4,[NULL]
0,"18,2,324,1,0",189,3,[NULL]
0,"0,188,1",3,190,[NULL]
0,"0,183,2",7,186,[NULL]
0,"0,60,324,1,1",130,63,[NULL]
0,"0,3,17,1,554,1,2",133,60,[NULL]
0,"0,55,324,1,2",134,59,[NULL]
0,"0,5,916,1,1",136,57,[NULL]
0,"0,5,917,1,1",137,56,[NULL]
0,"916,1,2",140,53,[NULL]
0,"917,1,2",141,52,[NULL]
0,"969,1,1",143,50,[NULL]
0,"636,1,6",144,49,[NULL]
0,"42,1,402,1,2",147,46,[NULL]
0,"0,9,807,1,2",148,45,[NULL]
0,"0,10,795,1,2",149,44,[NULL]
0,"1,1,1033,1,0",150,43,[NULL]
0,"0,4,64,1,244,1,2",152,41,[NULL]
0,"0,4,138,1,149,1,2",153,40,[NULL]
0,"17,1,623,1,1",154,39,[NULL]
1,"5,1,64,1,244,1,0",154,39,[NULL]
0,"0,4,149,2,1",155,38,[NULL]
0,"0,4,927,1,1",156,37,[NULL]
0,"1,1,42,1,491,1,0",157,36,[NULL]
0,"0,5,919,1,1",159,34,[NULL]
0,"64,2,36",160,33,[NULL]
1,"0,6,898,1,1",160,33,[NULL]
0,"0,1,64,1,260,1,2",161,32,[NULL]
0,"0,1,80,1,184",162,31,[NULL]
1,"0,1,897,1,2",162,31,[NULL]
0,"300,1,36",163,30,[NULL]
1,"347,1,30",163,30,[NULL]
2,"921,1,2",163,30,[NULL]
3,"920,1,2",163,30,[NULL]
4,"919,1,2",163,30,[NULL]
0,"0,1,898,1,2",164,29,[NULL]
1,"0,1,963,1,1",164,29,[NULL]
0,"80,1,191",165,28,[NULL]
1,"13,3,51,1,38",165,28,[NULL]
2,"864,1,3",165,28,[NULL]
3,"974,1,1",165,28,[NULL]
4,"973,1,1",165,28,[NULL]
0,734,166,27,[NULL]
1,"5,1,600",166,27,[NULL]
2,"13,1,585,1,3",166,27,[NULL]
3,"13,3,23,1,83,1,3",166,27,[NULL]
4,"977,1,1",166,27,[NULL]
5,"976,1,1",166,27,[NULL]
6,"13,5,95,1,0",166,27,[NULL]
0,"347,1,31",167,26,[NULL]
1,"0,2,832,1,3",167,26,[NULL]
2,"978,1,1",167,26,[NULL]
3,"13,4,164,1,0",167,26,[NULL]
0,"0,1,856,1,3",168,25,[NULL]
0,"646,1,5",169,24,[NULL]
0,"300,1,39",170,23,[NULL]
1,"586,1,12",170,23,[NULL]
2,"1063,1,0",170,23,[NULL]
3,"1062,1,0",170,23,[NULL]
0,"13,1,188,1,38",171,22,[NULL]
1,"587,1,12",171,22,[NULL]
2,"0,2,891,1,2",171,22,[NULL]
3,"982,1,1",171,22,[NULL]
4,"23,1,618,1,0",171,22,[NULL]
0,"0,1,723",172,21,[NULL]
1,"13,2,335,1,3",172,21,[NULL]
2,"0,1,908,1,2",172,21,[NULL]
3,"984,1,1",172,21,[NULL]
4,"76,1,302,1,0",172,21,[NULL]
5,"13,1,75,1,188,1,0",172,21,[NULL]
0,"648,1,5",173,20,[NULL]
1,"0,2,838,1,3",173,20,[NULL]
2,"0,1,50,1,324,1,2",173,20,[NULL]
3,"1065,1,0",173,20,[NULL]
4,"1064,1,0",173,20,[NULL]
5,"13,1,75,1,189,1,0",173,20,[NULL]
0,"13,1,190,1,38",174,19,[NULL]
1,"540,1,15",174,19,[NULL]
2,"865,1,3",174,19,[NULL]
3,"44,1,324,1,3",174,19,[NULL]
4,"1,1,838,1,3",174,19,[NULL]
5,"3,1,825,1,2",174,19,[NULL]
6,"0,1,965,1,1",174,19,[NULL]
7,"13,1,23,1,373,1,0",174,19,[NULL]
8,"1,1,1043,1,0",174,19,[NULL]
9,"1,1,1042,1,0",174,19,[NULL]
0,"866,1,3",175,18,[NULL]
1,"0,2,841,1,3",175,18,[NULL]
2,"987,1,1",175,18,[NULL]
3,"1068,1,0",175,18,[NULL]
4,"13,1,75,1,190,1,0",175,18,[NULL]
5,"13,1,23,1,376,1,0",175,18,[NULL]
6,"2,1,1002,1,0",175,18,[NULL]
0,"3,1,764,1,3",176,17,[NULL]
1,"0,2,843,1,3",176,17,[NULL]
2,"17,2,324,1,1",176,17,[NULL]
3,"2,1,1004,1,0",176,17,[NULL]
0,736,177,16,[NULL]
1,735,177,16,[NULL]
2,"652,1,5",177,16,[NULL]
3,"43,1,336,1,3",177,16,[NULL]
4,"1,1,842,1,3",177,16,[NULL]
5,"59,1,324,1,1",177,16,[NULL]
6,"1070,1,0",177,16,[NULL]
7,"67,1,333,1,0",177,16,[NULL]
0,737,178,15,[NULL]
1,"589,1,12",178,15,[NULL]
2,"868,1,3",178,15,[NULL]
3,"867,1,3",178,15,[NULL]
4,"0,1,858,1,3",178,15,[NULL]
5,"0,1,43,1,333,1,3",178,15,[NULL]
6,"1071,1,0",178,15,[NULL]
0,"3,1,769,1,3",179,14,[NULL]
1,"0,1,861,1,3",179,14,[NULL]
2,"18,1,615,1,1",179,14,[NULL]
3,"1073,1,0",179,14,[NULL]
4,"2,1,1008,1,0",179,14,[NULL]
0,"43,1,313",180,13,[NULL]
1,"869,1,3",180,13,[NULL]
2,"0,1,3,1,756,1,3",180,13,[NULL]
3,"993,1,1",180,13,[NULL]
0,"3,1,771,1,3",181,12,[NULL]
1,"1074,1,0",181,12,[NULL]
2,"1,1,64,1,324,1,0",181,12,[NULL]
0,"3,1,774,1,3",182,11,[NULL]
1,"1,1,847,1,3",182,11,[NULL]
2,"70,1,323,1,0",182,11,[NULL]
0,"18,1,524,1,3",183,10,[NULL]
1,"3,1,776,1,3",183,10,[NULL]
0,"18,1,525,1,3",184,9,[NULL]
1,"994,1,1",184,9,[NULL]
0,"1,1,18,1,506,1,3",185,8,[NULL]
1,"0,2,43,1,324,1,3",185,8,[NULL]
0,"18,1,415",186,7,[NULL]
1,"1,1,43,1,324,1,3",186,7,[NULL]
0,"18,1,324,1,5",187,6,[NULL]
1,"18,1,660,1,0",187,6,[NULL]
0,"70,1,324,1,0",188,5,[NULL]
0,"0,189,1",3,191,[NULL]
0,"0,184,2",7,187,[NULL]
0,"1075,1,0",129,65,[NULL]
0,"0,61,324,1,1",130,64,[NULL]
0,"996,1,1",133,61,[NULL]
0,"0,56,324,1,2",134,60,[NULL]
0,"1,1,1048,1,0",136,58,[NULL]
0,"0,1,916,1,2",140,54,[NULL]
0,"0,1,917,1,2",141,53,[NULL]
0,"276,1,45",142,52,[NULL]
0,"0,1,969,1,1",143,51,[NULL]
0,"17,1,636,1,1",144,50,[NULL]
0,"0,10,807,1,2",148,46,[NULL]
0,"871,1,3",149,45,[NULL]
1,"0,11,795,1,2",149,45,[NULL]
0,"1076,1,0",152,42,[NULL]
0,"64,1,298,1,1",153,41,[NULL]
0,"0,5,149,2,1",155,39,[NULL]
0,"64,1,343,1,0",156,38,[NULL]
0,"5,1,612",158,36,[NULL]
0,"149,2,2",159,35,[NULL]
1,"0,6,919,1,1",159,35,[NULL]
0,"927,1,2",160,34,[NULL]
1,"0,7,898,1,1",160,34,[NULL]
0,"0,2,64,1,260,1,2",161,33,[NULL]
0,"64,1,274,1,2",162,32,[NULL]
1,"1,1,64,1,260,1,2",162,32,[NULL]
2,"0,2,897,1,2",162,32,[NULL]
3,"64,3,1",162,32,[NULL]
0,"0,1,921,1,2",163,31,[NULL]
1,"0,1,919,1,2",163,31,[NULL]
2,"64,1,299,1,1",163,31,[NULL]
3,"13,4,167,1,0",163,31,[NULL]
0,"0,2,898,1,2",164,30,[NULL]
1,"0,2,963,1,1",164,30,[NULL]
2,"13,4,168,1,0",164,30,[NULL]
0,"549,1,15",165,29,[NULL]
1,"1,1,898,1,2",165,29,[NULL]
2,"64,1,301,1,1",165,29,[NULL]
3,"0,1,974,1,1",165,29,[NULL]
4,"1077,1,0",165,29,[NULL]
0,"0,1,977,1,1",166,28,[NULL]
1,"0,1,976,1,1",166,28,[NULL]
2,"64,1,347,1,0",166,28,[NULL]
3,"2,1,1010,1,0",166,28,[NULL]
0,"0,1,978,1,1",167,27,[NULL]
0,"832,1,4",168,26,[NULL]
0,"1080,1,0",169,25,[NULL]
1,"1079,1,0",169,25,[NULL]
0,"1081,1,0",170,24,[NULL]
1,"23,1,628,1,0",170,24,[NULL]
0,738,171,23,[NULL]
1,"876,1,3",171,23,[NULL]
2,"13,3,209,1,3",171,23,[NULL]
3,"0,3,891,1,2",171,23,[NULL]
4,"1082,1,0",171,23,[NULL]
0,"0,2,723",172,22,[NULL]
1,"877,1,3",172,22,[NULL]
2,"0,2,908,1,2",172,22,[NULL]
3,"1083,1,0",172,22,[NULL]
4,"23,1,629,1,0",172,22,[NULL]
5,"13,1,761,1,0",172,22,[NULL]
6,"1,1,1050,1,0",172,22,[NULL]
0,"1,1,723",173,21,[NULL]
1,"2,1,822,1,3",173,21,[NULL]
2,"0,2,50,1,324,1,2",173,21,[NULL]
3,"64,1,351,1,0",173,21,[NULL]
4,"3,1,959,1,0",173,21,[NULL]
0,739,174,20,[NULL]
1,"0,2,965,1,1",174,20,[NULL]
0,740,175,19,[NULL]
1,"880,1,3",175,19,[NULL]
2,"0,1,987,1,1",175,19,[NULL]
0,741,176,18,[NULL]
1,"604,1,12",176,18,[NULL]
2,"0,1,17,2,324,1,1",176,18,[NULL]
3,"1086,1,0",176,18,[NULL]
4,"1085,1,0",176,18,[NULL]
0,742,177,17,[NULL]
1,"0,1,735",177,17,[NULL]
2,"2,1,824,1,3",177,17,[NULL]
3,"0,1,59,1,324,1,1",177,17,[NULL]
0,"67,1,211",178,16,[NULL]
1,"311,1,39",178,16,[NULL]
2,"0,2,858,1,3",178,16,[NULL]
3,"1087,1,0",178,16,[NULL]
0,743,179,15,[NULL]
1,"314,1,39",179,15,[NULL]
2,"313,1,39",179,15,[NULL]
3,"882,1,3",179,15,[NULL]
4,"0,1,3,1,769,1,3",179,15,[NULL]
5,"1088,1,0",179,15,[NULL]
6,"1,1,1055,1,0",179,15,[NULL]
0,745,180,14,[NULL]
1,744,180,14,[NULL]
2,"1,1,732",180,14,[NULL]
3,"1090,1,0",180,14,[NULL]
4,"1089,1,0",180,14,[NULL]
5,"1,1,1057,1,0",180,14,[NULL]
0,"322,1,35",181,13,[NULL]
1,"43,1,352,1,3",181,13,[NULL]
2,"1091,1,0",181,13,[NULL]
0,746,182,12,[NULL]
1,"884,1,3",182,12,[NULL]
2,"13,1,32,1,324,1,0",182,12,[NULL]
0,"18,2,211",183,11,[NULL]
1,"0,1,18,1,524,1,3",183,11,[NULL]
2,"72,1,324,1,0",183,11,[NULL]
3,"13,1,33,1,324,1,0",183,11,[NULL]
0,"163,1,93",184,10,[NULL]
1,"18,1,324,1,6",184,10,[NULL]
0,"18,1,425",187,7,[NULL]
0,747,188,6,[NULL]
1,"18,2,341,1,0",188,6,[NULL]
0,"324,1,35",189,5,[NULL]
1,"1,1,1058,1,0",189,5,[NULL]
0,"1,1,18,2,324,1,0",190,4,[NULL]
0,"0,190,1",3,192,[NULL]
0,"0,185,2",7,188,[NULL]
0,"0,62,324,1,1",130,65,[NULL]
0,"0,57,324,1,2",134,61,[NULL]
0,"0,2,916,1,2",140,55,[NULL]
0,"1,1,916,1,2",141,54,[NULL]
1,"0,2,917,1,2",141,54,[NULL]
0,"0,2,969,1,1",143,52,[NULL]
0,"0,1,17,1,636,1,1",144,51,[NULL]
0,"0,11,807,1,2",148,47,[NULL]
1,"59,1,402,1,0",148,47,[NULL]
0,"1,1,5,1,64,1,244,1,0",155,40,[NULL]
0,"315,1,36",157,38,[NULL]
1,"939,1,2",157,38,[NULL]
0,"0,1,149,2,2",159,36,[NULL]
1,"0,7,919,1,1",159,36,[NULL]
0,"0,1,927,1,2",160,35,[NULL]
1,"0,8,898,1,1",160,35,[NULL]
0,"64,1,137,1,15",161,34,[NULL]
1,"0,3,64,1,260,1,2",161,34,[NULL]
0,"0,1,64,1,274,1,2",162,33,[NULL]
1,"0,3,897,1,2",162,33,[NULL]
2,"0,1,64,3,1",162,33,[NULL]
0,"0,2,921,1,2",163,32,[NULL]
1,"0,2,919,1,2",163,32,[NULL]
2,"0,1,64,1,299,1,1",163,32,[NULL]
0,"13,6,23,1,3",164,31,[NULL]
1,"64,1,278,1,2",164,31,[NULL]
2,"0,3,898,1,2",164,31,[NULL]
3,"0,3,963,1,1",164,31,[NULL]
4,"1094,1,0",164,31,[NULL]
0,"0,1,64,1,301,1,1",165,30,[NULL]
1,"0,2,974,1,1",165,30,[NULL]
2,"13,5,101,1,0",165,30,[NULL]
0,"0,2,977,1,1",166,29,[NULL]
1,"0,2,976,1,1",166,29,[NULL]
0,"156,1,96",167,28,[NULL]
1,"0,2,978,1,1",167,28,[NULL]
0,"13,1,194,1,38",168,27,[NULL]
1,"64,1,279,1,2",168,27,[NULL]
0,"13,2,357,1,3",169,26,[NULL]
1,"13,3,286,1,0",169,26,[NULL]
0,749,170,25,[NULL]
1,748,170,25,[NULL]
2,"13,3,212,1,3",170,25,[NULL]
3,"13,3,287,1,0",170,25,[NULL]
0,"887,1,3",171,24,[NULL]
1,"0,1,876,1,3",171,24,[NULL]
2,"13,1,80,1,188,1,0",171,24,[NULL]
3,"1,1,1062,1,0",171,24,[NULL]
0,"13,2,23,1,142",172,23,[NULL]
1,"943,1,2",172,23,[NULL]
2,"3,2,877,1,0",172,23,[NULL]
0,750,173,22,[NULL]
1,"608,1,12",173,22,[NULL]
2,"13,3,213,1,3",173,22,[NULL]
3,"0,3,50,1,324,1,2",173,22,[NULL]
4,"13,3,288,1,0",173,22,[NULL]
0,752,174,21,[NULL]
1,751,174,21,[NULL]
2,"1011,1,1",174,21,[NULL]
3,"0,3,965,1,1",174,21,[NULL]
4,"13,2,532,1,0",174,21,[NULL]
0,753,175,20,[NULL]
1,"55,1,324,1,2",175,20,[NULL]
2,"1014,1,1",175,20,[NULL]
3,"0,2,987,1,1",175,20,[NULL]
0,"1016,1,1",176,19,[NULL]
1,"1015,1,1",176,19,[NULL]
2,"0,2,17,2,324,1,1",176,19,[NULL]
0,754,177,18,[NULL]
1,"1017,1,1",177,18,[NULL]
2,"0,2,59,1,324,1,1",177,18,[NULL]
3,"1096,1,0",177,18,[NULL]
0,755,178,17,[NULL]
1,"67,1,215",178,17,[NULL]
2,"320,1,39",178,17,[NULL]
3,"1021,1,1",178,17,[NULL]
4,"1097,1,0",178,17,[NULL]
5,"3,1,965,1,0",178,17,[NULL]
6,"1,1,1070,1,0",178,17,[NULL]
0,756,179,16,[NULL]
1,"673,1,5",179,16,[NULL]
2,"2,1,843,1,3",179,16,[NULL]
3,"0,1,882,1,3",179,16,[NULL]
4,"1024,1,1",179,16,[NULL]
0,"67,1,352,1,0",180,15,[NULL]
0,"324,1,36",181,14,[NULL]
1,"3,1,788,1,3",181,14,[NULL]
2,"1098,1,0",181,14,[NULL]
0,"323,1,39",182,13,[NULL]
1,"3,1,789,1,3",182,13,[NULL]
2,"0,1,884,1,3",182,13,[NULL]
3,"1099,1,0",182,13,[NULL]
0,"43,1,326",183,12,[NULL]
1,"3,1,792,1,3",183,12,[NULL]
2,"3,1,791,1,3",183,12,[NULL]
3,"1028,1,1",183,12,[NULL]
0,"324,1,37",184,11,[NULL]
1,"43,1,368,1,3",184,11,[NULL]
2,"17,1,18,1,324,1,1",184,11,[NULL]
0,757,185,10,[NULL]
0,"18,1,684,1,0",186,9,[NULL]
0,"324,1,38",187,8,[NULL]
0,"324,1,39",188,7,[NULL]
1,"75,1,324,1,0",188,7,[NULL]
2,"74,1,324,1,0",188,7,[NULL]
3,"1,1,18,1,660,1,0",188,7,[NULL]
0,"2,1,849,1,3",189,6,[NULL]
1,"76,1,324,1,0",189,6,[NULL]
2,"1,1,70,1,324,1,0",189,6,[NULL]
0,"0,191,1",3,193,[NULL]
0,"0,186,2",7,189,[NULL]
0,"1,1,1075,1,0",130,66,[NULL]
0,"0,58,324,1,2",134,62,[NULL]
0,"0,3,916,1,2",140,56,[NULL]
0,"0,3,917,1,2",141,55,[NULL]
0,"952,1,2",143,53,[NULL]
1,"0,3,969,1,1",143,53,[NULL]
0,"0,2,17,1,636,1,1",144,52,[NULL]
0,"1033,1,1",152,44,[NULL]
0,758,153,43,[NULL]
0,"955,1,2",156,40,[NULL]
0,"44,1,318",159,37,[NULL]
1,"0,2,149,2,2",159,37,[NULL]
2,"0,8,919,1,1",159,37,[NULL]
0,"1,1,149,2,2",160,36,[NULL]
1,"0,2,927,1,2",160,36,[NULL]
2,"0,9,898,1,1",160,36,[NULL]
0,"0,4,64,1,260,1,2",161,35,[NULL]
0,"0,2,64,1,274,1,2",162,34,[NULL]
1,"0,4,897,1,2",162,34,[NULL]
2,"0,2,64,3,1",162,34,[NULL]
0,"0,3,921,1,2",163,33,[NULL]
1,"0,3,919,1,2",163,33,[NULL]
2,"0,2,64,1,299,1,1",163,33,[NULL]
3,"5,1,64,1,260,1,0",163,33,[NULL]
0,"0,4,898,1,2",164,32,[NULL]
1,"0,4,963,1,1",164,32,[NULL]
0,"0,2,64,1,301,1,1",165,31,[NULL]
1,"0,3,974,1,1",165,31,[NULL]
0,"0,3,976,1,1",166,30,[NULL]
1,"13,1,784,1,0",166,30,[NULL]
2,"1,1,1077,1,0",166,30,[NULL]
0,"1103,1,0",167,29,[NULL]
1,"13,2,537,1,0",167,29,[NULL]
2,"13,5,105,1,0",167,29,[NULL]
3,"1,1,64,1,347,1,0",167,29,[NULL]
0,"64,1,223",169,27,[NULL]
1,"260,1,57",169,27,[NULL]
0,"0,1,749",170,26,[NULL]
1,"0,1,748",170,26,[NULL]
2,"13,4,133,1,3",170,26,[NULL]
0,759,172,24,[NULL]
1,"0,1,943,1,2",172,24,[NULL]
2,"1,1,1082,1,0",172,24,[NULL]
0,760,173,23,[NULL]
1,"1,1,877,1,3",173,23,[NULL]
2,"0,4,50,1,324,1,2",173,23,[NULL]
3,"1037,1,1",173,23,[NULL]
4,"1105,1,0",173,23,[NULL]
5,"67,1,359,1,0",173,23,[NULL]
6,"13,1,23,1,417,1,0",173,23,[NULL]
0,"0,1,752",174,22,[NULL]
1,"1,2,723",174,22,[NULL]
2,"328,1,38",174,22,[NULL]
3,"1,1,64,1,351,1,0",174,22,[NULL]
4,"1,1,3,1,959,1,0",174,22,[NULL]
0,"13,1,618,1,3",175,21,[NULL]
1,"1106,1,0",175,21,[NULL]
2,"3,1,982,1,0",175,21,[NULL]
0,761,176,20,[NULL]
1,"48,1,297",176,20,[NULL]
2,"13,1,619,1,3",176,20,[NULL]
3,"0,3,17,2,324,1,1",176,20,[NULL]
4,"1107,1,0",176,20,[NULL]
5,"2,1,1052,1,0",176,20,[NULL]
0,"0,3,59,1,324,1,1",177,19,[NULL]
1,"67,1,363,1,0",177,19,[NULL]
2,"1,1,1086,1,0",177,19,[NULL]
0,"331,1,38",178,18,[NULL]
1,"891,1,3",178,18,[NULL]
2,"13,2,373,1,3",178,18,[NULL]
0,762,179,17,[NULL]
1,"95,1,213,1,3",179,17,[NULL]
2,"13,1,787,1,0",179,17,[NULL]
0,"324,1,40",180,16,[NULL]
1,"1,1,1088,1,0",180,16,[NULL]
0,"333,1,39",181,15,[NULL]
1,"0,1,324,1,36",181,15,[NULL]
2,"76,1,239,1,3",181,15,[NULL]
3,"43,1,543,1,0",181,15,[NULL]
4,"3,1,990,1,0",181,15,[NULL]
5,"2,1,1055,1,0",181,15,[NULL]
0,763,182,14,[NULL]
1,"1114,1,0",182,14,[NULL]
2,"43,1,544,1,0",182,14,[NULL]
3,"2,1,1057,1,0",182,14,[NULL]
0,"1,1,884,1,3",183,13,[NULL]
1,"64,1,324,1,1",183,13,[NULL]
2,"1116,1,0",183,13,[NULL]
0,"0,1,324,1,37",184,12,[NULL]
1,"893,1,3",184,12,[NULL]
2,"1118,1,0",184,12,[NULL]
3,"1,1,72,1,324,1,0",184,12,[NULL]
0,"1120,1,0",185,11,[NULL]
0,764,186,10,[NULL]
0,765,187,9,[NULL]
1,"324,1,41",187,9,[NULL]
2,"48,1,324,1,3",187,9,[NULL]
0,"69,1,220",188,8,[NULL]
1,"0,1,324,1,39",188,8,[NULL]
2,"894,1,3",188,8,[NULL]
0,"1,1,747",189,7,[NULL]
1,"18,1,24,1,324,1,0",189,7,[NULL]
0,"324,1,42",190,6,[NULL]
0,"2,1,1058,1,0",191,5,[NULL]
0,"2,1,18,2,324,1,0",192,4,[NULL]
0,"0,192,1",3,194,[NULL]
0,"0,187,2",7,190,[NULL]
0,"0,59,324,1,2",134,63,[NULL]
0,"895,1,3",135,62,[NULL]
0,"0,4,916,1,2",140,57,[NULL]
0,"0,4,917,1,2",141,56,[NULL]
0,"5,1,916,1,0",142,55,[NULL]
0,"0,4,969,1,1",143,54,[NULL]
0,"0,3,17,1,636,1,1",144,53,[NULL]
0,766,148,49,[NULL]
0,"97,1,184",151,46,[NULL]
1,"402,1,30",151,46,[NULL]
0,"0,1,1033,1,1",152,45,[NULL]
0,"111,1,171",153,44,[NULL]
0,"452,1,26",155,42,[NULL]
0,"896,1,3",158,39,[NULL]
1,"1121,1,0",158,39,[NULL]
0,"0,3,149,2,2",159,38,[NULL]
1,"0,9,919,1,1",159,38,[NULL]
0,"0,3,927,1,2",160,37,[NULL]
1,"0,10,898,1,1",160,37,[NULL]
0,"0,5,64,1,260,1,2",161,36,[NULL]
0,"149,1,160,1,2",162,35,[NULL]
1,"0,3,64,1,274,1,2",162,35,[NULL]
2,"0,5,897,1,2",162,35,[NULL]
3,"0,3,64,3,1",162,35,[NULL]
0,"0,4,919,1,2",163,34,[NULL]
1,"0,3,64,1,299,1,1",163,34,[NULL]
0,"0,5,898,1,2",164,33,[NULL]
1,"0,5,963,1,1",164,33,[NULL]
0,"64,1,380,1,0",165,32,[NULL]
1,"1,1,1094,1,0",165,32,[NULL]
0,"13,3,219,1,3",167,30,[NULL]
0,"963,1,2",168,29,[NULL]
1,"13,3,292,1,0",168,29,[NULL]
0,"80,1,198",169,28,[NULL]
1,"897,1,3",169,28,[NULL]
0,"66,1,224",170,27,[NULL]
1,"66,1,223",170,27,[NULL]
0,767,171,26,[NULL]
1,"3,1,691",171,26,[NULL]
2,"293,1,45",171,26,[NULL]
3,"627,1,11",171,26,[NULL]
4,"898,1,3",171,26,[NULL]
0,"0,1,759",172,25,[NULL]
1,"64,1,230",172,25,[NULL]
2,"900,1,3",172,25,[NULL]
3,"899,1,3",172,25,[NULL]
4,"1049,1,1",172,25,[NULL]
5,"1122,1,0",172,25,[NULL]
6,"13,3,294,1,0",172,25,[NULL]
0,"17,1,476",173,24,[NULL]
1,"902,1,3",173,24,[NULL]
2,"901,1,3",173,24,[NULL]
3,"65,1,324,1,1",173,24,[NULL]
4,"1123,1,0",173,24,[NULL]
5,"13,4,181,1,0",173,24,[NULL]
0,"267,1,57",174,23,[NULL]
1,"13,1,628,1,3",174,23,[NULL]
2,"1051,1,1",174,23,[NULL]
0,768,175,22,[NULL]
1,"13,1,536",175,22,[NULL]
2,"904,1,3",175,22,[NULL]
3,"964,1,2",175,22,[NULL]
0,"0,1,761",176,21,[NULL]
1,"188,1,87",176,21,[NULL]
2,"13,1,629,1,3",176,21,[NULL]
3,"1124,1,0",176,21,[NULL]
4,"77,1,324,1,0",176,21,[NULL]
0,"628,1,12",177,20,[NULL]
1,"0,4,59,1,324,1,1",177,20,[NULL]
2,"1125,1,0",177,20,[NULL]
0,769,178,19,[NULL]
1,"3,1,693",178,19,[NULL]
2,"269,1,57",178,19,[NULL]
3,"335,1,38",178,19,[NULL]
4,"965,1,2",178,19,[NULL]
5,"1126,1,0",178,19,[NULL]
6,"1,1,1096,1,0",178,19,[NULL]
0,770,179,18,[NULL]
1,"3,1,694",179,18,[NULL]
2,"67,1,225",179,18,[NULL]
3,"629,1,12",179,18,[NULL]
4,"908,1,3",179,18,[NULL]
5,"906,1,3",179,18,[NULL]
6,"75,1,335,1,0",179,18,[NULL]
7,"2,2,1004,1,0",179,18,[NULL]
0,"630,1,12",180,17,[NULL]
1,"909,1,3",180,17,[NULL]
2,"50,1,324,1,3",180,17,[NULL]
3,"76,1,335,1,0",180,17,[NULL]
4,"3,1,1004,1,0",180,17,[NULL]
0,772,181,16,[NULL]
1,771,181,16,[NULL]
2,"0,2,324,1,36",181,16,[NULL]
3,"910,1,3",181,16,[NULL]
4,"1055,1,1",181,16,[NULL]
5,"1129,1,0",181,16,[NULL]
6,"67,1,373,1,0",181,16,[NULL]
0,773,182,15,[NULL]
1,"1,1,324,1,36",182,15,[NULL]
2,"911,1,3",182,15,[NULL]
3,"1057,1,1",182,15,[NULL]
4,"1131,1,0",182,15,[NULL]
5,"1130,1,0",182,15,[NULL]
0,774,183,14,[NULL]
1,"3,2,719,1,3",183,14,[NULL]
2,"0,1,64,1,324,1,1",183,14,[NULL]
3,"1134,1,0",183,14,[NULL]
4,"1132,1,0",183,14,[NULL]
0,"912,1,3",184,13,[NULL]
1,"43,1,392,1,3",184,13,[NULL]
2,"66,1,324,1,1",184,13,[NULL]
3,"1135,1,0",184,13,[NULL]
0,"43,1,397,1,3",185,12,[NULL]
1,"1136,1,0",185,12,[NULL]
0,"51,1,324,1,3",186,11,[NULL]
1,"1138,1,0",186,11,[NULL]
2,"1137,1,0",186,11,[NULL]
0,"67,1,324,1,1",187,10,[NULL]
1,"80,1,324,1,0",187,10,[NULL]
0,"68,1,324,1,1",188,9,[NULL]
0,"324,1,43",189,8,[NULL]
1,"1,1,324,1,39",189,8,[NULL]
0,"10,1,18,1,324,1,3",190,7,[NULL]
1,"1,1,76,1,324,1,0",190,7,[NULL]
0,"1058,1,1",191,6,[NULL]
1,"2,1,70,1,324,1,0",191,6,[NULL]
0,"18,2,324,1,1",192,5,[NULL]
0,"0,193,1",3,195,[NULL]
0,"0,188,2",7,191,[NULL]
0,"0,60,324,1,2",134,64,[NULL]
0,"0,5,916,1,2",140,58,[NULL]
0,"0,5,917,1,2",141,57,[NULL]
0,"0,5,969,1,1",143,55,[NULL]
0,"1141,1,0",144,54,[NULL]
0,"969,1,2",147,51,[NULL]
0,"917,1,3",148,50,[NULL]
0,"685,1,6",150,48,[NULL]
1,"970,1,2",150,48,[NULL]
0,"636,1,11",151,47,[NULL]
0,"0,2,1033,1,1",152,46,[NULL]
0,"1059,1,1",153,45,[NULL]
0,"64,1,402,1,0",154,44,[NULL]
0,"1143,1,0",157,41,[NULL]
0,"0,4,149,2,2",159,39,[NULL]
1,"0,10,919,1,1",159,39,[NULL]
0,"0,4,927,1,2",160,38,[NULL]
1,"0,11,898,1,1",160,38,[NULL]
0,"0,6,64,1,260,1,2",161,37,[NULL]
1,"5,1,149,2,0",161,37,[NULL]
0,"0,4,64,3,1",162,36,[NULL]
0,"0,5,919,1,2",163,35,[NULL]
1,"0,4,64,1,299,1,1",163,35,[NULL]
0,"0,6,898,1,2",164,34,[NULL]
1,"1,1,5,1,64,1,260,1,0",164,34,[NULL]
0,"13,6,51,1,0",165,33,[NULL]
0,"13,6,52,1,0",166,32,[NULL]
0,"347,1,36",167,31,[NULL]
0,"0,1,963,1,2",168,30,[NULL]
0,"0,1,80,1,198",169,29,[NULL]
1,"974,1,2",169,29,[NULL]
0,"300,1,45",170,28,[NULL]
1,"347,1,37",170,28,[NULL]
2,"977,1,2",170,28,[NULL]
3,"976,1,2",170,28,[NULL]
4,"64,1,293,1,2",170,28,[NULL]
5,"13,3,303,1,0",170,28,[NULL]
0,"0,1,627,1,11",171,27,[NULL]
1,"978,1,2",171,27,[NULL]
2,"13,4,188,1,0",171,27,[NULL]
0,"80,1,203",172,26,[NULL]
1,"292,1,48",172,26,[NULL]
2,"13,4,189,1,0",172,26,[NULL]
0,775,173,25,[NULL]
1,"3,1,701",173,25,[NULL]
2,"13,1,23,1,286,1,3",173,25,[NULL]
3,"1063,1,1",173,25,[NULL]
0,"351,1,36",174,24,[NULL]
1,"922,1,3",174,24,[NULL]
2,"2,1,876,1,3",174,24,[NULL]
3,"0,1,1051,1,1",174,24,[NULL]
4,"13,4,190,1,0",174,24,[NULL]
0,"0,1,768",175,23,[NULL]
1,"2,1,877,1,3",175,23,[NULL]
0,776,176,22,[NULL]
1,"1064,1,1",176,22,[NULL]
0,777,177,21,[NULL]
1,"275,1,57",177,21,[NULL]
2,"0,1,628,1,12",177,21,[NULL]
3,"13,2,408,1,3",177,21,[NULL]
4,"0,5,59,1,324,1,1",177,21,[NULL]
5,"1149,1,0",177,21,[NULL]
6,"1148,1,0",177,21,[NULL]
0,778,178,20,[NULL]
1,"0,1,965,1,2",178,20,[NULL]
2,"1151,1,0",178,20,[NULL]
3,"1150,1,0",178,20,[NULL]
4,"3,1,1011,1,0",178,20,[NULL]
0,779,179,19,[NULL]
1,"0,1,629,1,12",179,19,[NULL]
2,"987,1,2",179,19,[NULL]
3,"1152,1,0",179,19,[NULL]
4,"3,1,1014,1,0",179,19,[NULL]
0,781,180,18,[NULL]
1,780,180,18,[NULL]
2,"988,1,2",180,18,[NULL]
3,"17,2,324,1,2",180,18,[NULL]
4,"1155,1,0",180,18,[NULL]
5,"1154,1,0",180,18,[NULL]
6,"3,1,1015,1,0",180,18,[NULL]
0,782,181,17,[NULL]
1,"335,1,42",181,17,[NULL]
2,"351,1,39",181,17,[NULL]
3,"3,1,825,1,3",181,17,[NULL]
4,"60,1,324,1,2",181,17,[NULL]
5,"59,1,324,1,2",181,17,[NULL]
6,"0,1,1055,1,1",181,17,[NULL]
7,"1156,1,0",181,17,[NULL]
8,"3,1,1017,1,0",181,17,[NULL]
0,783,182,16,[NULL]
1,"0,1,911,1,3",182,16,[NULL]
2,"0,1,1057,1,1",182,16,[NULL]
3,"1157,1,0",182,16,[NULL]
4,"2,1,1088,1,0",182,16,[NULL]
0,"43,1,412,1,3",183,15,[NULL]
1,"0,2,64,1,324,1,1",183,15,[NULL]
2,"1158,1,0",183,15,[NULL]
3,"67,1,392,1,0",183,15,[NULL]
0,"352,1,39",184,14,[NULL]
1,"924,1,3",184,14,[NULL]
2,"0,1,66,1,324,1,1",184,14,[NULL]
3,"67,1,397,1,0",184,14,[NULL]
0,"1,1,1118,1,0",185,13,[NULL]
0,"1161,1,0",186,12,[NULL]
0,784,187,11,[NULL]
1,"1163,1,0",187,11,[NULL]
2,"1162,1,0",187,11,[NULL]
0,"0,1,68,1,324,1,1",188,10,[NULL]
1,"1164,1,0",188,10,[NULL]
2,"81,1,324,1,0",188,10,[NULL]
0,"1165,1,0",189,9,[NULL]
1,"83,1,324,1,0",189,9,[NULL]
2,"82,1,324,1,0",189,9,[NULL]
0,"18,1,660,1,1",190,8,[NULL]
1,"1166,1,0",190,8,[NULL]
0,"0,1,1058,1,1",191,7,[NULL]
1,"2,1,18,2,341,1,0",191,7,[NULL]
0,"2,1,324,1,35",192,6,[NULL]
1,"0,1,18,2,324,1,1",192,6,[NULL]
0,"0,194,1",3,196,[NULL]
0,"0,189,2",7,192,[NULL]
0,"0,61,324,1,2",134,65,[NULL]
0,"995,1,2",136,63,[NULL]
0,"0,6,916,1,2",140,59,[NULL]
0,"1,1,5,1,916,1,0",143,56,[NULL]
0,"0,1,969,1,2",147,52,[NULL]
0,"17,1,636,1,2",148,51,[NULL]
0,"354,1,36",149,50,[NULL]
0,"17,1,685,1,1",150,49,[NULL]
0,"17,1,403,1,6",151,48,[NULL]
0,"165,1,96",152,47,[NULL]
1,"0,3,1033,1,1",152,47,[NULL]
0,"0,1,1059,1,1",153,46,[NULL]
0,"64,1,297,1,2",156,43,[NULL]
0,"0,11,919,1,1",159,40,[NULL]
1,"1,1,1121,1,0",159,40,[NULL]
0,"0,12,898,1,1",160,39,[NULL]
0,"0,5,64,3,1",162,37,[NULL]
0,"0,6,919,1,2",163,36,[NULL]
1,"149,1,206,1,0",163,36,[NULL]
0,"0,7,898,1,2",164,35,[NULL]
0,"27,1,408",165,34,[NULL]
0,"64,3,2",166,33,[NULL]
0,"64,1,299,1,2",167,32,[NULL]
0,"0,2,963,1,2",168,31,[NULL]
0,"64,1,301,1,2",169,30,[NULL]
1,"1,1,963,1,2",169,30,[NULL]
2,"0,1,974,1,2",169,30,[NULL]
3,"64,1,347,1,1",169,30,[NULL]
0,"13,4,23,1,38",170,29,[NULL]
1,"13,1,642,1,3",170,29,[NULL]
2,"0,1,977,1,2",170,29,[NULL]
3,"0,1,976,1,2",170,29,[NULL]
4,"138,1,209,1,1",170,29,[NULL]
0,"23,1,537,1,3",171,28,[NULL]
1,"13,5,67,1,3",171,28,[NULL]
2,"0,1,978,1,2",171,28,[NULL]
3,"23,1,627,1,1",171,28,[NULL]
4,"13,4,23,1,75,1,0",171,28,[NULL]
0,785,172,27,[NULL]
1,"586,1,15",172,27,[NULL]
2,"998,1,2",172,27,[NULL]
3,"1079,1,1",172,27,[NULL]
4,"64,1,349,1,1",172,27,[NULL]
5,"13,4,23,1,76,1,0",172,27,[NULL]
0,"1,1,899,1,3",173,26,[NULL]
1,"1081,1,1",173,26,[NULL]
2,"0,1,1063,1,1",173,26,[NULL]
3,"149,1,209,1,0",173,26,[NULL]
0,"3,1,832,1,3",174,25,[NULL]
1,"1082,1,1",174,25,[NULL]
2,"0,2,1051,1,1",174,25,[NULL]
0,"929,1,3",175,24,[NULL]
1,"1084,1,1",175,24,[NULL]
2,"1170,1,0",175,24,[NULL]
0,786,176,23,[NULL]
1,"13,1,212,1,38",176,23,[NULL]
2,"67,1,266,1,3",176,23,[NULL]
3,"0,1,1064,1,1",176,23,[NULL]
4,"1171,1,0",176,23,[NULL]
5,"13,1,822,1,0",176,23,[NULL]
0,"930,1,3",177,22,[NULL]
1,"67,1,267,1,3",177,22,[NULL]
2,"13,2,417,1,3",177,22,[NULL]
3,"0,6,59,1,324,1,1",177,22,[NULL]
4,"13,1,75,1,212,1,0",177,22,[NULL]
5,"3,1,1037,1,0",177,22,[NULL]
0,787,178,21,[NULL]
1,"68,1,267,1,3",178,21,[NULL]
2,"0,2,965,1,2",178,21,[NULL]
3,"76,1,359,1,0",178,21,[NULL]
4,"13,1,76,1,212,1,0",178,21,[NULL]
0,788,179,20,[NULL]
1,"0,1,779",179,20,[NULL]
2,"3,1,711",179,20,[NULL]
3,"266,1,62",179,20,[NULL]
4,"13,1,213,1,38",179,20,[NULL]
5,"931,1,3",179,20,[NULL]
6,"0,1,987,1,2",179,20,[NULL]
7,"13,2,569,1,0",179,20,[NULL]
8,"1,1,1126,1,0",179,20,[NULL]
0,789,180,19,[NULL]
1,"0,1,781",180,19,[NULL]
2,"267,1,62",180,19,[NULL]
3,"3,1,838,1,3",180,19,[NULL]
4,"0,1,17,2,324,1,2",180,19,[NULL]
5,"1174,1,0",180,19,[NULL]
6,"13,1,75,1,213,1,0",180,19,[NULL]
7,"13,2,570,1,0",180,19,[NULL]
8,"3,1,1042,1,0",180,19,[NULL]
9,"2,1,1096,1,0",180,19,[NULL]
0,"0,1,782",181,18,[NULL]
1,"67,1,242",181,18,[NULL]
2,"648,1,12",181,18,[NULL]
3,"1,1,909,1,3",181,18,[NULL]
4,"0,1,59,1,324,1,2",181,18,[NULL]
5,"0,2,1055,1,1",181,18,[NULL]
6,"1,1,76,1,335,1,0",181,18,[NULL]
0,790,182,17,[NULL]
1,"0,1,783",182,17,[NULL]
2,"3,1,841,1,3",182,17,[NULL]
3,"1088,1,1",182,17,[NULL]
4,"0,2,1057,1,1",182,17,[NULL]
0,791,183,16,[NULL]
1,"352,1,41",183,16,[NULL]
2,"14,1,324,1,15",183,16,[NULL]
3,"3,1,843,1,3",183,16,[NULL]
4,"3,1,842,1,3",183,16,[NULL]
5,"0,3,64,1,324,1,1",183,16,[NULL]
0,"366,1,39",184,15,[NULL]
1,"719,1,5",184,15,[NULL]
2,"934,1,3",184,15,[NULL]
3,"1091,1,1",184,15,[NULL]
4,"0,2,66,1,324,1,1",184,15,[NULL]
0,793,185,14,[NULL]
1,792,185,14,[NULL]
2,"367,1,39",185,14,[NULL]
3,"936,1,3",185,14,[NULL]
4,"935,1,3",185,14,[NULL]
0,796,186,13,[NULL]
1,795,186,13,[NULL]
2,794,186,13,[NULL]
3,"352,1,42",186,13,[NULL]
4,"937,1,3",186,13,[NULL]
0,797,187,12,[NULL]
1,"18,1,479",187,12,[NULL]
2,"938,1,3",187,12,[NULL]
0,"1178,1,0",188,11,[NULL]
0,798,189,10,[NULL]
0,"18,1,481",190,9,[NULL]
1,"1,2,324,1,39",190,9,[NULL]
2,"2,1,324,1,38",190,9,[NULL]
0,799,191,8,[NULL]
1,"13,1,568",191,8,[NULL]
2,"324,1,44",191,8,[NULL]
3,"54,1,324,1,3",191,8,[NULL]
4,"0,2,1058,1,1",191,8,[NULL]
5,"2,1,75,1,324,1,0",191,8,[NULL]
0,"3,1,43,1,324,1,3",192,7,[NULL]
1,"2,2,849,1,3",192,7,[NULL]
2,"0,2,18,2,324,1,1",192,7,[NULL]
3,"2,1,76,1,324,1,0",192,7,[NULL]
0,"0,195,1",3,197,[NULL]
0,"0,190,2",7,193,[NULL]
0,"0,62,324,1,2",134,66,[NULL]
0,"0,2,969,1,2",147,53,[NULL]
0,"1,1,969,1,2",148,52,[NULL]
1,"0,1,17,1,636,1,2",148,52,[NULL]
0,"0,1,17,1,685,1,1",150,50,[NULL]
0,"17,2,403,1,1",151,49,[NULL]
1,"1179,1,0",151,49,[NULL]
0,"0,4,1033,1,1",152,48,[NULL]
0,"0,2,1059,1,1",153,47,[NULL]
0,"1,1,64,1,402,1,0",155,45,[NULL]
0,800,157,43,[NULL]
0,"1,1,5,1,149,2,0",162,38,[NULL]
0,"0,7,919,1,2",163,37,[NULL]
0,"491,1,26",164,36,[NULL]
1,"1009,1,2",164,36,[NULL]
2,"0,8,898,1,2",164,36,[NULL]
0,"0,1,64,3,2",166,34,[NULL]
0,"0,1,64,1,299,1,2",167,33,[NULL]
0,"64,1,149,1,15",168,32,[NULL]
1,"0,3,963,1,2",168,32,[NULL]
2,"13,4,194,1,0",168,32,[NULL]
0,"0,1,64,1,301,1,2",169,31,[NULL]
1,"0,2,974,1,2",169,31,[NULL]
2,"0,1,64,1,347,1,1",169,31,[NULL]
3,"13,3,23,1,150,1,0",169,31,[NULL]
0,"0,2,977,1,2",170,30,[NULL]
1,"0,2,976,1,2",170,30,[NULL]
2,"0,1,138,1,209,1,1",170,30,[NULL]
0,"64,1,278,1,3",171,29,[NULL]
1,"0,2,978,1,2",171,29,[NULL]
2,"0,1,23,1,627,1,1",171,29,[NULL]
3,"64,1,420,1,0",171,29,[NULL]
0,"0,1,1079,1,1",172,28,[NULL]
1,"0,1,64,1,349,1,1",172,28,[NULL]
0,"0,1,1081,1,1",173,27,[NULL]
1,"0,2,1063,1,1",173,27,[NULL]
2,"13,1,832,1,0",173,27,[NULL]
0,"9,1,600",174,26,[NULL]
1,"0,1,3,1,832,1,3",174,26,[NULL]
2,"0,3,1051,1,1",174,26,[NULL]
3,"1182,1,0",174,26,[NULL]
4,"23,1,690,1,0",174,26,[NULL]
0,801,175,25,[NULL]
1,"64,1,279,1,3",175,25,[NULL]
2,"0,1,929,1,3",175,25,[NULL]
3,"62,1,324,1,2",175,25,[NULL]
4,"0,1,1084,1,1",175,25,[NULL]
5,"13,1,833,1,0",175,25,[NULL]
0,"0,1,786",176,24,[NULL]
1,"941,1,3",176,24,[NULL]
2,"13,2,423,1,3",176,24,[NULL]
3,"0,1,67,1,266,1,3",176,24,[NULL]
0,802,177,23,[NULL]
1,"0,1,930,1,3",177,23,[NULL]
2,"0,7,59,1,324,1,1",177,23,[NULL]
3,"23,1,691,1,0",177,23,[NULL]
4,"13,1,80,1,209,1,0",177,23,[NULL]
0,"0,1,787",178,22,[NULL]
1,"266,1,64",178,22,[NULL]
2,"1011,1,2",178,22,[NULL]
3,"3,1,1050,1,0",178,22,[NULL]
4,"1,1,1148,1,0",178,22,[NULL]
0,803,179,21,[NULL]
1,"604,1,16",179,21,[NULL]
2,"1014,1,2",179,21,[NULL]
0,"656,1,12",180,20,[NULL]
1,"945,1,3",180,20,[NULL]
2,"1015,1,2",180,20,[NULL]
3,"0,2,17,2,324,1,2",180,20,[NULL]
4,"1,1,1152,1,0",180,20,[NULL]
0,"311,1,48",181,19,[NULL]
1,"946,1,3",181,19,[NULL]
2,"0,2,59,1,324,1,2",181,19,[NULL]
3,"1097,1,1",181,19,[NULL]
4,"3,1,965,1,1",181,19,[NULL]
5,"0,3,1055,1,1",181,19,[NULL]
6,"1,1,1154,1,0",181,19,[NULL]
0,805,182,18,[NULL]
1,804,182,18,[NULL]
2,"314,1,48",182,18,[NULL]
3,"0,1,1088,1,1",182,18,[NULL]
4,"0,3,1057,1,1",182,18,[NULL]
5,"88,1,324,1,0",182,18,[NULL]
6,"1,1,1156,1,0",182,18,[NULL]
0,"0,1,3,1,843,1,3",183,17,[NULL]
1,"67,1,352,1,1",183,17,[NULL]
2,"0,4,64,1,324,1,1",183,17,[NULL]
3,"1185,1,0",183,17,[NULL]
4,"1184,1,0",183,17,[NULL]
0,"373,1,38",184,16,[NULL]
1,"0,1,934,1,3",184,16,[NULL]
2,"0,3,66,1,324,1,1",184,16,[NULL]
3,"1186,1,0",184,16,[NULL]
0,806,185,15,[NULL]
1,"949,1,3",185,15,[NULL]
2,"1099,1,1",185,15,[NULL]
3,"1188,1,0",185,15,[NULL]
4,"1187,1,0",185,15,[NULL]
5,"75,1,373,1,0",185,15,[NULL]
0,"1192,1,0",186,14,[NULL]
1,"1190,1,0",186,14,[NULL]
2,"75,1,376,1,0",186,14,[NULL]
3,"3,1,1057,1,0",186,14,[NULL]
0,"1194,1,0",187,13,[NULL]
1,"1193,1,0",187,13,[NULL]
2,"13,3,324,1,0",187,13,[NULL]
3,"2,1,1118,1,0",187,13,[NULL]
0,807,188,12,[NULL]
1,"324,1,45",188,12,[NULL]
2,"1196,1,0",188,12,[NULL]
3,"23,1,24,1,324,1,0",188,12,[NULL]
4,"2,1,1120,1,0",188,12,[NULL]
0,808,189,11,[NULL]
1,"1199,1,0",189,11,[NULL]
2,"1198,1,0",189,11,[NULL]
3,"1197,1,0",189,11,[NULL]
4,"90,1,324,1,0",189,11,[NULL]
0,810,190,10,[NULL]
1,809,190,10,[NULL]
2,"324,1,46",190,10,[NULL]
3,"398,1,35",190,10,[NULL]
4,"1200,1,0",190,10,[NULL]
5,"1,1,1165,1,0",190,10,[NULL]
0,"0,3,1058,1,1",191,9,[NULL]
1,"1201,1,0",191,9,[NULL]
2,"3,1,67,1,324,1,0",191,9,[NULL]
0,"0,3,18,2,324,1,1",192,8,[NULL]
1,"2,1,18,1,24,1,324,1,0",192,8,[NULL]
0,"57,1,324,1,3",193,7,[NULL]
1,"91,1,324,1,0",193,7,[NULL]
0,"93,1,324,1,0",194,6,[NULL]
1,"92,1,324,1,0",194,6,[NULL]
2,"2,2,1058,1,0",194,6,[NULL]
0,"94,1,324,1,0",195,5,[NULL]
1,"3,1,1058,1,0",195,5,[NULL]
