index,mon,stem,s,d2
0,0,0,0,""
0,"0,1,0",0,1,""
0,"0,2,0",0,2,""
0,"0,3,0",0,3,""
0,"0,4,0",0,4,""
0,"2,1,0",3,1,""
0,"0,5,0",0,5,""
0,"0,6,0",0,6,""
0,1,5,1,""
0,"0,7,0",0,7,""
0,2,5,2,""
0,"0,8,0",0,8,""
0,"2,2,0",6,2,""
0,"3,1,0",7,1,""
0,"0,9,0",0,9,""
0,"1,1,2",6,3,""
0,"0,1,3,1,0",7,2,""
0,"0,10,0",0,10,""
0,"0,2,3,1,0",7,3,""
0,"2,1,1",8,2,""
0,"0,11,0",0,11,""
0,"0,3,3,1,0",7,4,""
0,"0,12,0",0,12,""
0,"0,13,0",0,13,""
0,3,11,2,""
0,"0,14,0",0,14,""
0,4,11,3,""
1,"2,2,1",11,3,""
0,"0,15,0",0,15,""
0,"0,1,4",11,4,""
0,"3,1,2",12,3,""
0,"0,16,0",0,16,""
0,"6,1,0",11,5,""
0,"1,1,4",12,4,""
0,"3,2,0",14,2,""
0,"7,1,0",15,1,0
0,"0,17,0",0,17,""
0,"0,1,3,2,0",14,3,""
0,"0,1,7,1,0",15,2,""
0,"0,18,0",0,18,""
0,"4,1,2",13,5,""
0,"8,1,0",14,4,""
0,"0,2,7,1,0",15,3,""
0,5,16,2,""
0,"0,19,0",0,19,""
0,6,13,6,""
0,"0,1,8,1,0",14,5,""
0,"0,3,7,1,0",15,4,""
0,"0,20,0",0,20,""
0,"0,2,8,1,0",14,6,""
0,"0,4,7,1,0",15,5,""
0,7,17,3,""
0,"2,1,7,1,0",18,2,""
0,"0,21,0",0,21,""
0,"5,1,2",14,7,""
0,"0,5,7,1,0",15,6,""
0,"9,1,0",17,4,""
0,"0,22,0",0,22,""
0,"0,6,7,1,0",15,7,""
0,"0,1,9,1,0",17,5,""
0,"10,1,0",18,4,""
0,"11,1,0",19,3,""
0,"7,1,1",20,2,""
0,"0,23,0",0,23,""
0,"0,7,7,1,0",15,8,""
0,"7,1,2",20,3,""
0,"0,24,0",0,24,""
0,"2,1,7",20,4,""
1,"13,1,0",20,4,""
0,8,21,3,""
1,"2,2,7,1,0",21,3,""
0,"0,25,0",0,25,""
0,"8,1,2",19,6,""
0,"0,1,13,1,0",20,5,""
0,"1,1,7,1,2",21,4,""
0,9,22,3,""
0,"0,26,0",0,26,""
0,10,19,7,""
0,"2,1,11,1,0",22,4,""
0,"2,1,7,1,1",23,3,""
0,"0,27,0",0,27,""
0,"0,1,10",19,8,""
0,"1,1,8,1,2",20,7,""
0,"0,28,0",0,28,""
0,"15,1,0",19,9,""
0,"5,1,4",20,8,""
0,"10,1,1",23,5,""
1,"2,1,13,1,0",23,5,""
0,"11,1,1",24,4,""
0,"0,29,0",0,29,""
0,11,23,6,0
0,"2,1,9",25,4,""
0,"0,30,0",0,30,""
0,"12,1,2",21,9,""
0,"16,1,0",22,8,""
0,"17,1,0",23,7,0
0,"13,1,1",25,5,""
0,"7,1,4",26,4,""
0,"0,31,0",0,31,""
0,12,21,10,""
0,"0,1,16,1,0",22,9,""
0,"0,1,17,1,0",23,8,0
0,"0,1,7,1,4",26,5,""
0,"0,32,0",0,32,""
0,"0,2,16,1,0",22,10,""
0,"0,2,17,1,0",23,9,""
0,"8,1,4",25,7,""
0,13,26,6,0
1,"2,2,13,1,0",26,6,""
0,"1,1,7,1,4",27,5,""
0,"7,2,0",30,2,""
0,"18,1,0",31,1,0
0,"0,33,0",0,33,""
0,"14,1,2",22,11,""
0,"0,3,17,1,0",23,10,""
0,"19,1,0",25,8,""
0,"20,1,0",26,7,0
0,"0,1,7,2,0",30,3,""
0,"0,1,18,1,0",31,2,0
0,"0,34,0",0,34,""
0,"0,4,17,1,0",23,11,""
0,"0,1,19,1,0",25,9,""
0,"0,1,20,1,0",26,8,""
0,"2,1,13,1,1",28,6,""
0,"0,2,7,2,0",30,4,""
0,"0,2,18,1,0",31,3,0
0,"0,35,0",0,35,""
0,"0,5,17,1,0",23,12,""
0,"9,1,4",28,7,""
0,14,29,6,0
0,"0,3,7,2,0",30,5,""
0,"0,3,18,1,0",31,4,""
0,"0,36,0",0,36,""
0,"8,2,0",28,8,""
0,"22,1,0",29,7,0
0,"23,1,0",30,6,""
0,"24,1,0",31,5,""
1,"0,4,18,1,0",31,5,""
0,"25,1,0",32,4,""
0,15,33,3,""
0,"2,1,18,1,0",34,2,""
0,"0,37,0",0,37,""
0,"16,1,2",27,10,""
0,"0,1,8,2,0",28,9,""
0,"0,1,22,1,0",29,8,""
0,"0,1,23,1,0",30,7,""
0,"0,5,18,1,0",31,6,""
0,"26,1,0",33,4,""
0,16,34,3,""
0,"0,38,0",0,38,""
0,17,27,11,""
0,"0,2,23,1,0",30,8,""
0,"13,1,4",31,7,""
1,"0,6,18,1,0",31,7,""
0,18,32,6,0
0,19,33,5,""
0,"18,1,1",36,2,""
0,"0,39,0",0,39,""
0,"0,1,17",27,12,""
0,"1,1,16,1,2",28,11,""
0,"0,3,23,1,0",30,9,""
0,"8,1,9,1,0",31,8,""
1,"0,7,18,1,0",31,8,""
0,"29,1,0",32,7,0
0,20,34,5,""
0,21,35,4,""
1,"7,2,2",35,4,""
0,"18,1,2",36,3,""
0,"0,40,0",0,40,""
0,"30,1,0",27,13,""
0,"14,1,4",28,12,""
0,"0,4,23,1,0",30,10,""
0,"0,1,8,1,9,1,0",31,9,""
1,"0,8,18,1,0",31,9,""
0,"0,1,29,1,0",32,8,""
0,"2,1,24,1,0",34,6,""
0,"2,1,25,1,0",35,5,""
0,"2,2,18,1,0",37,3,""
0,"3,1,18,1,0",38,2,""
0,"0,41,0",0,41,""
0,"0,9,18,1,0",31,10,""
0,"9,1,7",34,7,""
0,22,35,6,0
0,"1,1,21",36,5,""
0,"1,1,18,1,2",37,4,""
0,"0,1,3,1,18,1,0",38,3,""
0,"0,42,0",0,42,""
0,"21,1,2",29,13,""
0,"31,1,0",30,12,""
0,"0,10,18,1,0",31,11,""
0,"8,1,13,1,0",34,8,""
0,"23,1,1",35,7,""
1,"32,1,0",35,7,0
0,"24,1,1",36,6,""
1,"33,1,0",36,6,""
0,"25,1,1",37,5,""
1,"34,1,0",37,5,""
0,"35,1,0",38,4,""
1,"0,2,3,1,18,1,0",38,4,""
0,"2,1,18,1,1",39,3,""
0,"0,43,0",0,43,""
0,23,29,14,""
0,"0,1,31,1,0",30,13,""
0,"0,11,18,1,0",31,12,""
0,"0,1,8,1,13,1,0",34,9,""
0,"0,1,32,1,0",35,8,""
0,"1,1,22",36,7,""
0,"2,1,20",37,6,""
1,"0,1,34,1,0",37,6,""
0,"2,1,21",38,5,""
1,"0,3,3,1,18,1,0",38,5,""
0,"0,44,0",0,44,""
0,"0,2,31,1,0",30,14,""
0,"0,12,18,1,0",31,13,""
0,"16,1,4",33,11,""
0,"17,1,4",34,10,0
0,"13,1,7",37,7,""
1,"0,2,34,1,0",37,7,""
0,"36,1,0",38,6,1
0,"37,1,0",40,4,""
0,"38,1,0",41,3,""
0,"0,45,0",0,45,""
0,"27,1,2",30,15,""
0,"0,13,18,1,0",31,14,""
0,"39,1,0",33,12,""
0,"40,1,0",34,11,0
0,"9,1,13,1,0",37,8,""
1,"0,3,34,1,0",37,8,""
0,"0,1,36,1,0",38,7,0
0,24,39,6,""
0,"0,1,38,1,0",41,4,""
0,"18,1,3",42,3,""
0,"0,46,0",0,46,""
0,"0,14,18,1,0",31,15,""
0,"0,1,39,1,0",33,13,""
0,"0,1,40,1,0",34,12,""
0,"0,4,34,1,0",37,9,""
0,"0,2,36,1,0",38,8,""
0,"2,1,24,1,1",39,7,""
0,"2,1,25,1,1",40,6,""
0,"18,1,4",42,4,""
1,"2,2,18,1,1",42,4,""
0,25,43,3,""
0,"0,47,0",0,47,""
0,"0,15,18,1,0",31,16,""
0,"19,1,4",36,11,""
0,"20,1,4",37,10,0
0,"10,1,9",40,7,""
0,"11,1,9",41,6,""
0,"3,1,21",42,5,""
1,"0,1,18,1,4",42,5,""
0,"3,1,18,1,2",43,4,""
0,"0,48,0",0,48,""
0,"8,1,16,1,0",36,12,""
0,"8,1,17,1,0",37,11,0
0,"13,2,0",40,8,""
0,"33,1,1",41,7,""
0,"6,1,18,1,0",42,6,""
0,"1,1,18,1,4",43,5,""
0,"43,1,0",44,4,""
0,"3,2,18,1,0",45,3,""
0,"0,49,0",0,49,""
0,"31,1,2",35,14,""
0,"0,1,8,1,16,1,0",36,13,""
0,"0,1,8,1,17,1,0",37,12,""
0,"13,1,9",42,7,""
0,"35,1,2",43,6,""
0,26,44,5,""
1,"0,1,43,1,0",44,5,""
0,"0,1,3,2,18,1,0",45,4,""
0,"0,50,0",0,50,""
0,27,35,15,""
0,"8,2,4",39,11,""
0,"22,1,4",40,10,0
0,"23,1,4",41,9,""
0,28,42,8,""
0,"4,1,18,1,2",44,6,""
1,"0,2,43,1,0",44,6,""
0,"8,1,18,1,0",45,5,""
0,"18,1,5",47,3,""
0,"0,51,0",0,51,""
0,"0,1,27",35,16,""
0,"1,1,31,1,2",36,15,""
0,"8,1,19,1,0",39,12,""
0,"8,1,20,1,0",40,11,0
0,"18,1,6",44,7,""
0,"0,1,8,1,18,1,0",45,6,""
0,"0,52,0",0,52,""
0,"47,1,0",35,17,""
0,"27,1,4",36,16,""
0,"0,1,8,1,19,1,0",39,13,""
0,"0,1,8,1,20,1,0",40,12,""
0,"0,2,8,1,18,1,0",45,7,""
0,29,47,5,""
1,"2,1,43,1,0",47,5,""
0,"18,1,7",48,4,""
1,"3,1,38,1,0",48,4,""
0,"0,53,0",0,53,""
0,30,39,14,0
0,"8,1,9,1,4",42,11,""
0,31,43,10,0
1,"29,1,4",43,10,0
0,32,44,9,""
0,"5,1,18,1,2",45,8,""
0,"9,1,18,1,0",48,5,""
0,"0,54,0",0,54,""
0,"41,1,2",37,17,""
0,"49,1,0",38,16,""
0,"50,1,0",39,15,0
0,"8,3,0",42,12,""
0,"8,1,22,1,0",43,11,0
0,"51,1,0",45,9,""
0,"52,1,0",46,8,""
0,"0,1,9,1,18,1,0",48,6,""
0,"43,1,1",49,5,""
1,"10,1,18,1,0",49,5,""
0,"3,1,25",50,4,""
1,"11,1,18,1,0",50,4,""
0,"0,55,0",0,55,""
0,33,37,18,""
0,"0,1,49,1,0",38,17,""
0,"0,1,50,1,0",39,16,0
0,"0,1,8,3,0",42,13,""
0,"0,1,8,1,22,1,0",43,12,""
0,"42,1,2",44,11,""
0,"53,1,0",48,7,""
0,34,51,4,0
0,"0,56,0",0,56,""
0,"0,2,49,1,0",38,18,""
0,"0,2,50,1,0",39,17,""
0,"31,1,4",41,15,""
0,"17,1,10",42,14,0
0,"8,1,13,1,4",45,11,""
0,"32,1,4",46,10,0
0,"23,1,7",47,9,""
0,"24,1,7",48,8,""
0,"25,1,7",49,7,""
0,35,50,6,""
1,"54,1,0",50,6,""
0,"2,1,18,1,7",51,5,""
1,"3,1,43,1,0",51,5,""
0,"18,1,8",52,4,""
0,"0,57,0",0,57,""
0,"44,1,2",38,19,""
0,"0,3,50,1,0",39,18,""
0,"55,1,0",41,16,""
0,"56,1,0",42,15,0
0,"8,2,9,1,0",45,12,""
0,36,49,8,""
0,37,50,7,""
1,"8,1,18,1,2",50,7,""
0,"0,1,3,1,43,1,0",51,6,""
0,"57,1,0",52,5,""
0,"18,1,9",53,4,""
0,"0,58,0",0,58,""
0,"0,4,50,1,0",39,19,""
0,"0,1,55,1,0",41,17,""
0,"0,1,56,1,0",42,16,""
0,38,50,8,""
1,"18,1,10",50,8,""
0,39,51,7,""
0,40,52,6,""
0,"2,1,11,1,18,1,0",53,5,""
0,"0,59,0",0,59,""
0,"0,5,50,1,0",39,20,""
0,"39,1,4",44,15,""
0,"40,1,4",45,14,0
0,"17,1,11",46,13,""
0,41,47,12,0
0,"9,1,13,1,4",48,11,""
0,"29,1,7",49,10,""
0,"0,1,18,1,10",50,9,""
0,"2,1,53,1,0",51,8,""
0,42,53,6,""
0,"2,1,34",54,5,0
0,"0,60,0",0,60,""
0,"8,1,31,1,0",44,16,""
0,"16,1,17,1,0",45,15,0
0,"17,2,0",46,14,""
0,"59,1,0",47,13,0
0,"13,1,23,1,0",50,10,""
0,"5,1,18,1,4",51,9,""
1,"48,1,2",51,9,""
2,"13,1,24,1,0",51,9,""
0,"13,1,25,1,0",52,8,""
0,"2,1,54,1,0",53,7,""
0,"10,1,18,1,1",54,6,""
0,"11,1,18,1,1",55,5,""
0,"0,61,0",0,61,""
0,"49,1,2",43,18,""
0,"0,1,8,1,31,1,0",44,17,""
0,"0,1,16,1,17,1,0",45,16,""
0,"0,1,17,2,0",46,15,""
0,"0,1,59,1,0",47,14,0
0,"53,1,1",53,8,""
0,"18,1,11",54,7,""
0,"43,1,3",55,6,""
0,"2,1,18,1,9",56,5,""
0,"0,62,0",0,62,""
0,43,43,19,""
0,"0,2,17,2,0",46,16,""
0,"8,1,16,1,4",47,15,""
1,"0,2,59,1,0",47,15,0
0,"8,1,17,1,4",48,14,0
0,"23,1,10",49,13,""
0,"42,1,4",50,12,""
0,"13,2,4",51,11,""
0,"32,1,7",52,10,""
0,"33,1,7",53,9,""
0,"2,1,39",54,8,""
1,"17,1,18,1,0",54,8,""
0,"54,1,1",55,7,""
0,"0,63,0",0,63,""
0,"0,1,43",43,20,""
0,"1,1,49,1,2",44,19,""
0,"0,3,17,2,0",46,17,""
0,"8,1,39,1,0",47,16,""
1,"0,3,59,1,0",47,16,0
0,"8,1,40,1,0",48,15,0
0,"64,1,0",53,10,""
0,"13,1,20",54,9,""
1,"0,1,17,1,18,1,0",54,9,""
0,"13,1,21",55,8,""
0,"2,1,42",56,7,""
0,44,57,6,0
0,"0,64,0",0,64,""
0,"65,1,0",43,21,""
0,"44,1,4",44,20,""
0,"0,4,17,2,0",46,18,""
0,"0,1,8,1,39,1,0",47,17,""
1,"0,4,59,1,0",47,17,""
0,"0,1,8,1,40,1,0",48,16,""
0,"0,1,64,1,0",53,11,""
0,"66,1,0",54,10,1
0,"8,1,18,1,4",56,8,""
0,"18,1,13",57,7,1
1,"67,1,0",57,7,""
0,"68,1,0",58,6,1
0,"18,2,0",62,2,""
0,"69,1,0",63,1,0
0,"0,65,0",0,65,""
0,"0,5,59,1,0",47,18,""
0,"8,1,19,1,4",50,15,""
0,45,51,14,0
1,"8,1,20,1,4",51,14,0
0,"45,1,4",52,13,""
0,"46,1,4",53,12,""
1,"0,2,64,1,0",53,12,""
0,"9,1,13,1,7",54,11,""
1,"0,1,66,1,0",54,11,0
0,46,56,9,""
1,"18,1,19,1,0",56,9,""
0,"18,1,20,1,0",57,8,""
1,"0,1,67,1,0",57,8,""
0,"1,1,44",58,7,0
1,"0,1,68,1,0",58,7,1
0,"70,1,0",61,4,""
0,"0,1,18,2,0",62,3,""
0,"0,1,69,1,0",63,2,0
0,"0,66,0",0,66,""
0,"58,1,2",45,21,""
0,"71,1,0",46,20,""
0,"0,6,59,1,0",47,19,""
0,"8,2,16,1,0",50,16,""
0,"8,2,17,1,0",51,15,0
0,"0,3,64,1,0",53,13,""
0,"0,2,66,1,0",54,12,0
0,"13,1,32,1,0",55,11,""
0,47,56,10,""
1,"72,1,0",56,10,""
2,"13,1,33,1,0",56,10,""
0,"0,1,18,1,20,1,0",57,9,""
1,"0,2,67,1,0",57,9,""
0,48,60,6,""
0,"0,2,18,2,0",62,4,""
0,"0,2,69,1,0",63,3,1
0,"0,67,0",0,67,""
0,49,45,22,""
0,"0,1,71,1,0",46,21,""
0,"0,7,59,1,0",47,20,""
0,"0,1,8,2,16,1,0",50,17,""
0,"0,1,8,2,17,1,0",51,16,""
0,"59,1,2",52,15,""
0,"0,4,64,1,0",53,14,""
0,"0,3,66,1,0",54,13,1
0,"0,1,72,1,0",56,11,""
0,"48,1,4",57,10,""
0,"61,1,2",59,8,""
0,"73,1,0",60,7,""
0,"75,1,0",61,6,0
1,"74,1,0",61,6,0
0,"76,1,0",62,5,"0,1"
1,"0,3,18,2,0",62,5,""
0,"0,3,69,1,0",63,4,1
0,"0,68,0",0,68,""
0,"0,2,71,1,0",46,22,""
0,"0,8,59,1,0",47,21,""
0,"49,1,4",49,19,""
0,"50,1,4",50,18,0
0,"8,3,4",53,15,""
1,"0,5,64,1,0",53,15,""
0,"8,1,22,1,4",54,14,0
1,"0,4,66,1,0",54,14,1
0,"8,1,23,1,4",55,13,""
0,"51,1,4",56,12,""
0,"13,2,7",57,11,""
0,50,58,10,""
0,51,59,9,""
0,"0,1,73,1,0",60,8,""
0,"0,1,75,1,0",61,7,""
1,"0,1,74,1,0",61,7,""
0,"18,1,24,1,0",62,6,""
1,"0,4,18,2,0",62,6,""
0,"0,4,69,1,0",63,5,0
0,52,64,4,1
0,"2,1,18,2,0",65,3,""
0,"2,1,69,1,0",66,2,""
0,"0,69,0",0,69,""
0,"62,1,2",46,23,""
0,"0,9,59,1,0",47,22,""
0,"77,1,0",49,20,""
0,"78,1,0",50,19,0
0,"8,2,19,1,0",53,16,""
1,"0,6,64,1,0",53,16,""
0,"0,5,66,1,0",54,15,0
0,"13,1,24",59,10,""
1,"79,1,0",59,10,""
0,53,60,9,""
1,"80,1,0",60,9,1
0,"0,5,18,2,0",62,7,""
0,55,63,6,"1,2"
1,54,63,6,""
2,"0,5,69,1,0",63,6,2
0,"0,1,52",64,5,1
1,"2,1,70,1,0",64,5,""
0,"0,70,0",0,70,""
0,"0,10,59,1,0",47,23,""
0,"0,1,77,1,0",49,21,""
0,"0,1,78,1,0",50,20,""
0,"0,7,64,1,0",53,17,""
0,"0,6,66,1,0",54,16,""
0,"64,1,2",58,12,""
0,"66,1,1",59,11,""
1,"0,1,79,1,0",59,11,""
0,"1,1,51",60,10,""
1,"0,1,80,1,0",60,10,""
0,"81,1,0",61,9,0
0,"83,1,0",62,8,""
1,"82,1,0",62,8,""
2,"0,6,18,2,0",62,8,""
0,"85,1,0",63,7,""
1,"84,1,0",63,7,""
2,"0,6,69,1,0",63,7,1
0,"18,1,19",64,6,""
1,"86,1,0",64,6,0
0,56,65,5,"0,2"
1,"1,1,52",65,5,2
0,"18,2,1",67,3,""
0,"69,1,1",68,2,""
0,"0,71,0",0,71,""
0,"0,11,59,1,0",47,24,""
0,"55,1,4",52,19,""
0,"56,1,4",53,18,0
0,"8,2,9,1,4",56,15,""
0,"8,1,29,1,4",57,14,""
0,"9,1,23,1,4",58,13,""
0,"46,1,7",59,12,""
0,"0,2,80,1,0",60,11,""
0,"0,1,81,1,0",61,10,1
0,57,62,9,""
1,"0,7,18,2,0",62,9,""
0,"0,1,84,1,0",63,8,""
1,"0,7,69,1,0",63,8,""
0,58,64,7,""
1,"2,1,75,1,0",64,7,""
2,"0,1,86,1,0",64,7,""
0,"0,1,56",65,6,1
1,"18,1,20",65,6,""
2,"2,1,76,1,0",65,6,""
0,"70,1,1",66,5,""
0,"18,2,2",67,4,""
0,"69,1,2",68,3,""
0,"0,72,0",0,72,""
0,"8,1,49,1,0",52,20,""
0,"8,1,50,1,0",53,19,0
0,"1,1,64,1,2",59,13,""
0,"13,3,0",60,12,""
1,"0,3,80,1,0",60,12,""
0,"23,1,24,1,0",61,11,""
1,"0,2,81,1,0",61,11,0
0,"90,1,0",62,10,""
1,"89,1,0",62,10,""
0,59,63,9,2
1,"0,8,69,1,0",63,9,""
0,60,64,8,""
1,"3,1,67,1,0",64,8,""
0,"3,1,68,1,0",65,7,""
1,"2,1,18,1,24,1,0",65,7,""
0,"1,1,56",66,6,1
1,"70,1,2",66,6,""
2,"91,1,0",66,6,""
0,"2,1,52",67,5,""
1,"93,1,0",67,5,3
2,"92,1,0",67,5,3
0,"94,1,0",68,4,""
0,"2,2,69,1,0",69,3,""
0,"3,1,69,1,0",70,2,""
0,"0,73,0",0,73,""
0,"71,1,2",51,22,""
0,"0,1,8,1,49,1,0",52,21,""
0,"0,1,8,1,50,1,0",53,20,""
0,"0,4,80,1,0",60,13,""
0,"0,3,81,1,0",61,12,1
0,61,62,11,""
1,"0,1,90,1,0",62,11,""
2,"0,1,89,1,0",62,11,""
0,"2,1,80,1,0",63,10,""
1,"0,9,69,1,0",63,10,""
0,62,65,8,""
1,"0,1,3,1,68,1,0",65,8,""
0,63,66,7,""
1,"75,1,1",66,7,""
2,"95,1,0",66,7,0
3,"0,1,91,1,0",66,7,""
0,"76,1,1",67,6,""
1,"0,1,93,1,0",67,6,""
2,"0,1,92,1,0",67,6,""
0,"1,1,18,2,2",68,5,""
1,"0,1,94,1,0",68,5,""
0,"1,1,69,1,2",69,4,""
1,"96,1,0",69,4,""
0,"0,1,3,1,69,1,0",70,3,""
0,"0,74,0",0,74,""
0,64,51,23,""
0,"8,1,31,1,4",55,19,""
0,"16,1,17,1,4",56,18,0
0,"17,2,4",57,17,""
0,"60,1,4",58,16,""
0,"8,2,13,1,4",59,15,""
0,"8,1,32,1,4",60,14,""
1,"0,5,80,1,0",60,14,""
0,"13,1,23,1,4",61,13,""
0,"51,1,7",62,12,""
1,"0,2,90,1,0",62,12,""
0,"52,1,7",63,11,""
1,"0,10,69,1,0",63,11,""
0,65,64,10,""
0,"2,1,82,1,0",65,9,""
0,"0,1,95,1,0",66,8,""
0,"76,1,2",67,7,""
1,"18,1,24,1,1",67,7,""
2,"0,2,92,1,0",67,7,""
0,66,68,6,""
1,"2,1,56",68,6,1
0,67,69,5,""
1,"0,1,96,1,0",69,5,""
0,68,70,4,""
1,"99,1,0",70,4,""
2,"0,2,3,1,69,1,0",70,4,""
0,"2,1,69,1,1",71,3,""
0,"0,75,0",0,75,""
0,"0,1,64",51,24,""
0,"1,1,71,1,2",52,23,""
0,"8,1,55,1,0",55,20,""
0,"8,1,56,1,0",56,19,0
0,"0,3,90,1,0",62,13,""
0,"0,11,69,1,0",63,12,""
0,"23,1,20",64,11,""
0,69,65,10,""
1,"80,1,1",65,10,""
2,"101,1,0",65,10,""
0,71,66,9,1
1,70,66,9,""
0,72,67,8,""
1,"25,1,21",67,8,""
0,"2,1,18,1,20",68,7,""
1,"3,1,74,1,0",68,7,""
2,"2,2,76,1,0",68,7,""
0,"3,1,76,1,0",69,6,""
1,"0,2,96,1,0",69,6,""
0,"0,3,3,1,69,1,0",70,5,""
0,"0,76,0",0,76,""
0,"102,1,0",51,25,""
0,"62,1,4",52,24,""
0,"0,1,8,1,55,1,0",55,21,""
0,"0,1,8,1,56,1,0",56,20,""
0,"0,4,90,1,0",62,14,""
0,"0,12,69,1,0",63,13,""
0,"17,1,18,1,4",65,11,""
1,"0,1,101,1,0",65,11,""
0,"104,1,0",66,10,""
1,"103,1,0",66,10,""
0,"82,1,1",67,9,""
1,"106,1,0",67,9,""
2,"105,1,0",67,9,""
0,"107,1,0",68,8,1
0,"2,2,52",70,6,""
1,"2,1,92,1,0",70,6,""
0,"3,1,52",71,5,0
0,"0,77,0",0,77,""
0,73,55,22,0
0,"8,1,39,1,4",58,19,""
0,74,59,18,0
1,"8,1,40,1,4",59,18,0
0,"17,1,20,1,4",60,17,""
0,"63,1,4",61,16,""
0,"8,1,9,1,13,1,4",62,15,""
1,"0,5,90,1,0",62,15,""
0,"9,1,32,1,4",63,14,""
1,"0,13,69,1,0",63,14,""
0,"9,1,23,1,7",64,13,""
1,"64,1,4",64,13,""
0,75,65,12,0
1,"18,1,40,1,0",65,12,""
0,"81,1,2",66,11,""
0,"82,1,2",67,10,""
1,"0,1,106,1,0",67,10,""
0,"2,1,62",68,9,""
1,"67,1,3",68,9,""
2,"0,1,107,1,0",68,9,1
0,"2,1,63",69,8,""
1,"2,1,75,1,1",69,8,""
2,"2,1,95,1,0",69,8,""
0,"18,1,24",70,7,""
1,"2,1,76,1,1",70,7,""
0,"109,1,0",71,6,0
0,76,73,4,""
0,"69,1,3",74,3,""
0,"0,78,0",0,78,""
0,"87,1,2",53,25,""
0,"110,1,0",54,24,""
0,"111,1,0",55,23,0
0,"8,2,31,1,0",58,20,""
0,"8,1,16,1,17,1,0",59,19,0
0,"0,6,90,1,0",62,16,""
0,"0,14,69,1,0",63,15,""
0,"112,1,0",64,14,""
0,"113,1,0",65,13,0
1,"13,1,51,1,0",65,13,""
0,"13,1,52,1,0",66,12,""
0,"114,1,0",67,11,""
1,"0,2,106,1,0",67,11,""
0,77,68,10,""
1,"67,1,4",68,10,""
2,"0,2,107,1,0",68,10,1
0,"68,1,4",69,9,1
0,"3,1,84,1,0",70,8,""
0,"2,2,56",71,7,""
1,"0,1,109,1,0",71,7,""
0,"3,1,56",72,6,0
1,"92,1,1",72,6,""
0,"18,2,4",73,5,""
1,"94,1,1",73,5,""
0,"69,1,4",74,4,1
1,"2,2,69,1,1",74,4,""
0,"0,79,0",0,79,""
0,78,53,26,""
0,"0,1,110,1,0",54,25,""
0,"0,1,111,1,0",55,24,0
0,"0,1,8,2,31,1,0",58,21,""
0,"0,1,8,1,16,1,17,1,0",59,20,""
0,"88,1,2",60,19,""
0,"0,7,90,1,0",62,17,""
0,"0,15,69,1,0",63,16,""
0,"0,1,112,1,0",64,15,""
0,"0,1,113,1,0",65,14,""
0,"1,1,81,1,2",67,12,""
1,"0,3,106,1,0",67,12,""
0,79,68,11,""
1,"2,1,101,1,0",68,11,""
2,"0,3,107,1,0",68,11,""
0,"115,1,0",69,10,""
0,80,70,9,""
0,"3,1,58",71,8,""
1,"95,1,1",71,8,0
0,"0,1,3,1,56",72,7,0
1,"92,1,2",72,7,""
0,81,73,6,1
1,"0,1,18,2,4",73,6,""
0,"1,1,76",74,5,""
1,"0,1,69,1,4",74,5,2
0,"3,1,69,1,2",75,4,""
0,"0,80,0",0,80,""
0,"0,2,110,1,0",54,26,""
0,"0,2,111,1,0",55,25,""
0,"71,1,4",57,23,""
0,"50,1,10",58,22,0
0,"8,2,16,1,4",61,19,""
0,"8,2,17,1,4",62,18,0
1,"0,8,90,1,0",62,18,""
0,"16,1,23,1,4",63,17,""
1,"0,16,69,1,0",63,17,""
0,"8,1,42,1,4",64,16,""
0,"8,1,13,2,4",65,15,""
0,"13,1,32,1,4",66,14,""
0,"13,1,23,1,7",67,13,""
1,"72,1,4",67,13,""
0,83,68,12,0
1,82,68,12,""
2,"13,1,24,1,7",68,12,""
3,"0,4,107,1,0",68,12,""
0,84,69,11,""
1,"2,1,103,1,0",69,11,""
2,"0,1,115,1,0",69,11,""
0,"2,1,82,1,1",70,10,""
0,"2,1,107,1,0",71,9,""
0,85,72,8,1
1,"74,1,3",72,8,""
2,"3,2,68,1,0",72,8,""
0,"76,1,3",73,7,2
1,"7,1,68,1,0",73,7,""
2,"2,2,92,1,0",73,7,""
0,"96,1,2",74,6,""
1,"6,1,69,1,0",74,6,""
2,"3,1,93,1,0",74,6,""
0,"1,1,69,1,4",75,5,""
1,"3,1,94,1,0",75,5,""
0,"3,2,69,1,0",77,3,""
0,"7,1,69,1,0",78,2,0
0,"0,81,0",0,81,""
0,"97,1,2",54,27,""
0,"0,3,111,1,0",55,26,""
0,"116,1,0",57,24,""
0,"117,1,0",58,23,0
0,"8,2,39,1,0",61,20,""
0,"0,9,90,1,0",62,19,""
0,"0,17,69,1,0",63,18,""
0,"8,1,64,1,0",67,14,""
0,"118,1,0",68,13,0
1,"0,5,107,1,0",68,13,""
0,"32,1,20",69,12,""
1,"98,1,2",69,12,""
0,86,70,11,""
1,"101,1,1",70,11,""
0,"33,1,21",71,10,""
1,"73,1,4",71,10,""
0,"75,1,4",72,9,1
1,"74,1,4",72,9,1
2,"0,1,3,2,68,1,0",72,9,""
0,"35,1,21",73,8,""
1,"0,1,7,1,68,1,0",73,8,""
0,87,74,7,""
0,"0,1,3,1,94,1,0",75,6,""
0,"7,1,70,1,0",76,5,""
0,"0,1,3,2,69,1,0",77,4,""
0,"0,1,7,1,69,1,0",78,3,""
0,"0,82,0",0,82,""
0,"0,4,111,1,0",55,27,""
0,"0,1,116,1,0",57,25,""
0,"0,1,117,1,0",58,24,""
0,"0,10,90,1,0",62,20,""
0,"0,18,69,1,0",63,19,""
0,"64,1,6",66,16,""
0,"0,1,8,1,64,1,0",67,15,""
0,"0,1,118,1,0",68,14,""
0,"2,1,114,1,0",70,12,""
0,"103,1,1",71,11,""
1,"7,1,72,1,0",71,11,""
0,"105,1,1",72,10,""
1,"8,1,68,1,0",72,10,""
0,"5,1,52",73,9,0
1,"107,1,1",73,9,""
0,"3,1,76,1,2",74,8,""
1,"120,1,0",74,8,""
0,"7,1,48",75,7,""
1,"2,1,92,1,1",75,7,""
2,"121,1,0",75,7,""
0,"3,1,67",76,6,""
1,"4,1,69,1,2",76,6,""
2,"122,1,0",76,6,1
0,"3,1,68",77,5,""
1,"8,1,69,1,0",77,5,""
0,"0,2,7,1,69,1,0",78,4,""
0,"69,1,5",79,3,""
0,"0,83,0",0,83,""
0,"0,5,111,1,0",55,28,""
0,"77,1,4",60,23,""
0,"78,1,4",61,22,0
0,"50,1,11",62,21,""
0,"0,19,69,1,0",63,20,""
0,"8,2,19,1,4",64,19,""
0,"8,2,20,1,4",65,18,""
0,"8,1,45,1,4",66,17,""
0,"8,1,46,1,4",67,16,""
0,"9,1,13,2,4",68,15,""
0,"9,1,32,1,7",69,14,""
0,"79,1,4",70,13,""
0,"80,1,4",71,12,1
0,"0,1,8,1,68,1,0",72,11,""
0,"107,1,2",73,10,""
0,"0,1,120,1,0",74,9,""
0,88,75,8,2
1,"0,1,121,1,0",75,8,""
0,"69,1,6",76,7,""
1,"0,1,122,1,0",76,7,""
0,"0,1,8,1,69,1,0",77,6,""
0,"0,3,7,1,69,1,0",78,5,""
0,"0,84,0",0,84,""
0,"8,1,71,1,0",60,24,""
0,"16,1,50,1,0",61,23,0
0,"17,1,50,1,0",62,22,""
0,"0,20,69,1,0",63,21,""
0,"5,1,64,1,2",67,17,""
0,"13,2,23,1,0",70,14,""
1,"8,1,72,1,0",70,14,""
0,"66,1,7",71,13,0
1,"127,1,0",71,13,0
2,"126,1,0",71,13,""
3,"13,2,24,1,0",71,13,""
0,"114,1,1",72,12,""
0,"67,1,7",74,10,""
1,"108,1,2",74,10,""
2,"0,2,120,1,0",74,10,""
0,"68,1,7",75,9,0
1,"3,1,107,1,0",75,9,0
0,"0,2,122,1,0",76,8,""
0,"129,1,0",77,7,""
1,"128,1,0",77,7,""
2,"0,2,8,1,69,1,0",77,7,""
0,"3,2,52",78,6,""
1,"130,1,0",78,6,"2,3"
2,"0,4,7,1,69,1,0",78,6,""
0,"7,1,52",79,5,""
1,"131,1,0",79,5,""
0,"69,1,7",80,4,1
1,"132,1,0",80,4,1
0,"2,1,7,1,69,1,0",81,3,""
0,"0,85,0",0,85,""
0,"110,1,2",59,26,""
0,"0,1,8,1,71,1,0",60,25,""
0,"0,1,16,1,50,1,0",61,24,""
0,"0,1,17,1,50,1,0",62,23,""
0,"0,21,69,1,0",63,22,""
0,"0,1,8,1,72,1,0",70,15,""
0,"0,1,127,1,0",71,14,""
0,"2,1,86",73,12,""
0,"0,3,120,1,0",74,11,""
0,"0,1,3,1,107,1,0",75,10,2
0,"1,1,88",76,9,""
1,"133,1,0",76,9,""
0,"5,1,69,1,2",77,8,""
1,"134,1,0",77,8,""
2,"0,1,129,1,0",77,8,""
3,"0,1,128,1,0",77,8,""
0,"76,1,5",78,7,""
1,"0,1,130,1,0",78,7,""
2,"0,5,7,1,69,1,0",78,7,""
0,"0,1,7,1,52",79,6,""
1,"0,1,131,1,0",79,6,""
0,"9,1,69,1,0",80,5,""
1,"0,1,132,1,0",80,5,""
0,"0,86,0",0,86,""
0,89,59,27,""
0,"0,2,17,1,50,1,0",62,24,""
0,"8,1,49,1,4",63,23,""
1,"0,22,69,1,0",63,23,""
0,"8,1,50,1,4",64,22,0
0,"17,2,10",65,21,""
0,"88,1,4",66,20,""
0,"8,4,4",67,19,""
0,"8,2,22,1,4",68,18,""
0,"8,2,23,1,4",69,17,""
0,90,70,16,0
1,"8,1,51,1,4",70,16,""
0,"13,3,4",71,15,""
0,"13,1,32,1,7",72,14,""
0,91,73,13,""
1,"13,1,33,1,7",73,13,""
2,"89,1,4",73,13,""
0,93,74,12,1
1,92,74,12,1
2,"0,4,120,1,0",74,12,""
0,"0,2,3,1,107,1,0",75,11,""
0,"0,2,128,1,0",77,9,""
0,"92,1,4",78,8,""
1,"0,6,7,1,69,1,0",78,8,""
0,94,79,7,""
1,"3,2,56",79,7,"1,2"
2,"2,1,122,1,0",79,7,""
0,95,80,6,""
1,"1,1,7,1,52",80,6,""
2,"0,1,9,1,69,1,0",80,6,""
0,"10,1,69,1,0",81,5,""
0,96,82,4,""
1,"11,1,69,1,0",82,4,""
0,"7,1,69,1,1",83,3,""
0,"0,87,0",0,87,""
0,"0,1,89",59,28,""
0,"1,1,110,1,2",60,27,""
0,"0,3,17,1,50,1,0",62,25,""
0,"8,1,77,1,0",63,24,""
1,"0,23,69,1,0",63,24,""
0,"8,1,78,1,0",64,23,0
0,"137,1,0",69,18,""
0,"138,1,0",70,17,0
0,97,73,14,""
1,"8,1,79,1,0",73,14,""
0,"0,1,93",74,13,0
1,"13,2,20",74,13,""
2,"8,1,80,1,0",74,13,0
0,"13,2,21",75,12,""
0,"0,3,128,1,0",77,10,""
0,"75,1,7",78,9,""
1,"74,1,7",78,9,""
2,"139,1,0",78,9,""
3,"0,7,7,1,69,1,0",78,9,""
0,"43,1,21",79,8,""
1,"76,1,7",79,8,1
0,"7,1,69,1,2",83,4,""
0,"0,88,0",0,88,""
0,"140,1,0",59,29,""
0,"97,1,4",60,28,""
0,"0,4,17,1,50,1,0",62,26,""
0,"0,1,8,1,77,1,0",63,25,""
1,"0,24,69,1,0",63,25,""
0,"0,1,8,1,78,1,0",64,24,""
0,"0,1,137,1,0",69,19,""
0,"0,1,138,1,0",70,18,1
0,"0,1,8,1,79,1,0",73,15,""
0,"2,1,126,1,0",74,14,""
1,"0,1,8,1,80,1,0",74,14,""
0,"98,1,4",75,13,""
0,"13,1,67,1,0",77,11,""
1,"0,4,128,1,0",77,11,""
0,"141,1,0",78,10,1
1,"9,1,75,1,0",78,10,""
0,"1,1,92,1,4",79,9,""
0,98,80,8,0
0,"122,1,1",81,7,""
1,"2,1,130,1,0",81,7,""
0,"2,1,7,1,52",82,6,""
1,"7,1,92,1,0",82,6,""
2,"2,1,131,1,0",82,6,""
0,"2,1,69,1,7",83,5,""
1,"13,1,69,1,0",83,5,""
2,"2,1,132,1,0",83,5,""
0,"69,1,8",84,4,""
1,"142,1,0",84,4,""
2,"2,2,7,1,69,1,0",84,4,""
0,"143,1,0",85,3,1
0,"0,89,0",0,89,""
0,"0,25,69,1,0",63,26,""
0,"8,1,55,1,4",66,23,""
0,99,67,22,0
1,"8,1,56,1,4",67,22,0
0,"17,1,40,1,4",68,21,""
0,"100,1,4",69,20,""
1,"0,2,137,1,0",69,20,""
0,"8,3,9,1,4",70,19,""
1,"0,2,138,1,0",70,19,0
0,"8,2,29,1,4",71,18,""
0,"64,1,10",72,17,""
1,"8,1,9,1,23,1,4",72,17,""
0,100,73,16,0
1,"9,1,51,1,4",73,16,""
0,"9,1,13,2,7",74,15,""
1,"119,1,2",74,15,""
0,"101,1,4",76,13,""
0,"80,1,7",77,12,2
1,"0,5,128,1,0",77,12,""
0,"0,1,141,1,0",78,11,1
0,"107,1,3",79,10,""
0,"121,1,2",80,9,""
1,"2,1,134,1,0",80,9,""
0,"9,1,52",81,8,""
1,"122,1,2",81,8,""
2,"7,1,95,1,0",81,8,""
0,"8,1,69,1,2",82,7,""
1,"0,1,7,1,92,1,0",82,7,""
0,"0,1,13,1,69,1,0",83,6,""
0,"1,1,7,1,69,1,2",84,5,""
1,"0,1,142,1,0",84,5,""
0,"69,1,9",85,4,""
1,"0,1,143,1,0",85,4,1
0,"0,90,0",0,90,""
0,"123,1,2",61,29,""
0,"145,1,0",62,28,""
0,"0,26,69,1,0",63,27,""
0,"8,2,49,1,0",66,24,""
0,"8,2,50,1,0",67,23,0
0,"0,3,137,1,0",69,21,""
0,"0,3,138,1,0",70,20,0
0,"146,1,0",72,18,""
0,"147,1,0",73,17,0
0,"13,2,32,1,0",75,15,""
0,"126,1,1",76,14,""
1,"13,2,33,1,0",76,14,""
2,"8,1,89,1,0",76,14,""
0,"9,1,80,1,0",77,13,""
1,"0,6,128,1,0",77,13,""
0,"0,2,141,1,0",78,12,1
0,"83,1,7",79,11,""
0,"85,1,7",80,10,""
0,101,81,9,""
1,"3,1,120,1,0",81,9,""
0,"69,1,10",82,8,3
1,"3,1,121,1,0",82,8,""
2,"0,2,7,1,92,1,0",82,8,""
0,"130,1,1",83,7,""
0,"131,1,1",84,6,""
1,"0,2,142,1,0",84,6,""
0,"132,1,1",85,5,""
1,"2,1,11,1,69,1,0",85,5,""
2,"0,2,143,1,0",85,5,1
0,"2,1,7,1,69,1,1",86,4,""
0,"0,91,0",0,91,""
0,102,61,30,""
0,"0,1,145,1,0",62,29,""
0,"0,27,69,1,0",63,28,""
0,"0,1,8,2,49,1,0",66,25,""
0,"0,1,8,2,50,1,0",67,24,""
0,"125,1,2",68,23,""
0,"0,4,137,1,0",69,22,""
0,"0,4,138,1,0",70,21,1
0,"0,1,146,1,0",72,19,""
0,"0,1,147,1,0",73,18,""
0,"0,1,9,1,80,1,0",77,14,""
1,"0,7,128,1,0",77,14,""
0,"0,3,141,1,0",78,13,""
0,103,80,11,""
0,104,81,10,""
1,"133,1,1",81,10,""
2,"13,1,75,1,0",81,10,""
3,"0,1,3,1,120,1,0",81,10,""
0,"0,1,69,1,10",82,9,""
1,"1,1,122,1,2",82,9,""
2,"134,1,1",82,9,""
3,"13,1,76,1,0",82,9,1
0,"76,1,8",83,8,""
1,"1,1,8,1,69,1,2",83,8,""
0,105,84,7,1
1,"0,3,142,1,0",84,7,""
0,"0,3,143,1,0",85,6,""
0,"0,92,0",0,92,""
0,"0,2,145,1,0",62,30,""
0,"0,28,69,1,0",63,29,""
0,"110,1,4",65,27,""
0,"111,1,4",66,26,0
0,"8,2,31,1,4",69,23,""
1,"0,5,137,1,0",69,23,""
0,"8,1,16,1,17,1,4",70,22,0
1,"0,5,138,1,0",70,22,1
0,"8,1,17,2,4",71,21,""
0,"8,1,60,1,4",72,20,""
0,"8,3,13,1,4",73,19,""
0,"8,2,32,1,4",74,18,""
0,"112,1,4",75,17,""
1,"8,1,13,1,23,1,4",75,17,""
0,"113,1,4",76,16,0
1,"13,1,51,1,4",76,16,""
2,"149,1,0",76,16,""
0,106,77,15,1
1,"13,3,7",77,15,""
0,"23,1,24,1,7",78,14,""
0,"89,1,7",79,13,""
1,"150,1,0",79,13,""
0,107,80,12,1
1,"151,1,0",80,12,""
0,108,81,11,""
1,"0,1,13,1,75,1,0",81,11,""
0,"1,1,101",82,10,""
1,"15,1,69,1,0",82,10,""
0,"75,1,9",83,9,""
1,"91,1,7",83,9,""
2,"5,1,69,1,4",83,9,""
0,"76,1,9",84,8,""
1,"92,1,7",84,8,""
0,"94,1,7",85,7,""
1,"0,4,143,1,0",85,7,""
0,"10,1,69,1,1",86,6,""
1,"2,1,13,1,69,1,0",86,6,""
0,"11,1,69,1,1",87,5,""
0,"0,93,0",0,93,""
0,"135,1,2",62,31,""
0,"0,29,69,1,0",63,30,""
0,"152,1,0",65,28,""
0,"153,1,0",66,27,0
0,"8,2,55,1,0",69,24,""
1,"0,6,137,1,0",69,24,""
0,"0,6,138,1,0",70,23,0
0,"16,1,64,1,0",75,18,""
0,"17,1,64,1,0",76,17,0
1,"0,1,149,1,0",76,17,""
0,"154,1,0",77,16,1
0,"51,1,20",79,14,""
1,"8,1,101,1,0",79,14,""
0,"115,1,4",80,13,""
1,"13,1,80,1,0",80,13,""
0,"155,1,0",81,12,""
0,109,82,11,""
0,"95,1,7",83,10,""
0,110,85,8,""
0,"69,1,11",86,7,1
0,"7,1,76",88,5,""
1,"2,1,69,1,9",88,5,""
0,111,89,4,2
0,"0,94,0",0,94,""
0,"0,30,69,1,0",63,31,""
0,"0,1,152,1,0",65,29,""
0,"0,1,153,1,0",66,28,""
0,"0,7,137,1,0",69,25,""
0,"0,7,138,1,0",70,24,""
0,"137,1,2",74,20,""
0,"0,1,16,1,64,1,0",75,19,""
0,"0,1,17,1,64,1,0",76,18,""
1,"0,2,149,1,0",76,18,""
0,"0,1,154,1,0",77,17,1
0,112,79,15,0
0,"0,1,13,1,80,1,0",80,14,""
0,113,81,13,""
1,"48,1,22",81,13,""
0,"13,1,83,1,0",82,12,""
0,"9,1,95,1,0",83,11,""
0,"2,1,101",84,10,""
1,"12,1,69,1,2",84,10,""
2,"157,1,0",84,10,""
0,"13,1,56",85,9,1
1,"16,1,69,1,0",85,9,""
0,"17,1,69,1,0",86,8,1
0,"158,1,0",87,7,""
0,114,88,6,0
1,"13,1,69,1,1",88,6,""
2,"2,1,132,1,1",88,6,""
0,"7,1,69,1,4",89,5,""
1,"142,1,1",89,5,""
0,"0,95,0",0,95,""
0,"0,31,69,1,0",63,32,""
0,"116,1,4",68,27,""
0,"117,1,4",69,26,0
0,"8,2,39,1,4",72,23,""
0,"8,2,40,1,4",73,22,""
0,"8,1,17,1,20,1,4",74,21,""
0,"8,1,63,1,4",75,20,""
0,"8,2,9,1,13,1,4",76,19,""
1,"0,3,149,1,0",76,19,""
0,"8,1,9,1,32,1,4",77,18,""
1,"0,2,154,1,0",77,18,0
0,"9,1,13,1,23,1,4",78,17,""
1,"8,1,64,1,4",78,17,""
0,"9,1,51,1,7",79,16,""
1,"118,1,4",79,16,0
2,"160,1,0",79,16,""
0,115,80,15,1
0,116,82,13,0
1,"101,1,7",82,13,""
0,117,83,12,""
1,"141,1,2",83,12,""
0,"69,1,12",84,11,""
1,"82,1,9",84,11,""
0,"2,1,134,1,1",85,10,""
1,"0,1,16,1,69,1,0",85,10,""
0,"7,1,95,1,1",86,9,""
1,"0,1,17,1,69,1,0",86,9,1
0,"7,1,92,1,2",87,8,""
0,"7,1,81",88,7,""
0,"0,1,7,1,69,1,4",89,6,""
1,"142,1,2",89,6,""
0,"143,1,2",90,5,""
0,"0,96,0",0,96,""
0,"8,1,110,1,0",68,28,""
0,"8,1,111,1,0",69,27,0
0,"1,1,137,1,2",75,21,""
0,"0,4,149,1,0",76,20,""
0,"0,3,154,1,0",77,19,0
0,"8,1,112,1,0",78,18,""
0,"8,1,113,1,0",79,17,0
1,"0,1,160,1,0",79,17,""
0,"162,1,0",80,16,""
1,"13,4,0",80,16,""
0,"13,1,23,1,24,1,0",81,15,""
0,"9,1,101,1,0",82,14,""
1,"2,1,150,1,0",82,14,""
0,"2,1,151,1,0",83,13,""
0,"105,1,7",84,12,""
0,"107,1,7",85,11,""
1,"0,2,16,1,69,1,0",85,11,""
0,"2,1,75,1,9",86,10,""
1,"0,2,17,1,69,1,0",86,10,""
0,"122,1,4",87,9,""
0,"8,1,69,1,4",88,8,""
1,"7,2,68,1,0",88,8,""
0,"1,1,114",89,7,1
1,"69,1,13",89,7,0
2,"2,2,13,1,69,1,0",89,7,""
0,"1,1,7,1,69,1,4",90,6,""
0,"163,1,0",92,4,""
0,"7,2,69,1,0",93,3,""
0,"0,97,0",0,97,""
0,"145,1,2",67,30,""
0,"0,1,8,1,110,1,0",68,29,""
0,"0,1,8,1,111,1,0",69,28,""
0,"0,5,149,1,0",76,21,""
0,"0,4,154,1,0",77,20,1
0,"0,1,8,1,112,1,0",78,19,""
0,"0,1,8,1,113,1,0",79,18,""
0,118,82,15,0
0,119,83,14,2
0,"1,1,117",84,13,""
0,"13,1,62",85,12,""
1,"14,1,69,1,2",85,12,""
0,"13,1,63",86,11,""
1,"13,1,95,1,0",86,11,""
2,"0,3,17,1,69,1,0",86,11,""
0,120,87,10,""
1,"164,1,0",87,10,""
0,"19,1,69,1,0",88,9,""
1,"0,1,7,2,68,1,0",88,9,""
0,"20,1,69,1,0",89,8,0
0,121,90,7,0
0,"7,2,70,1,0",91,6,""
0,"0,1,163,1,0",92,5,""
0,"0,1,7,2,69,1,0",93,4,""
0,"0,98,0",0,98,""
0,122,67,31,""
0,"8,1,71,1,4",71,27,""
0,"16,1,50,1,4",72,26,0
0,"17,1,50,1,4",73,25,""
0,"125,1,4",74,24,""
0,"8,3,16,1,4",75,23,""
0,"8,3,17,1,4",76,22,""
1,"0,6,149,1,0",76,22,""
0,"8,1,16,1,23,1,4",77,21,""
0,"8,2,42,1,4",78,20,""
0,"8,2,13,2,4",79,19,""
0,"8,1,13,1,32,1,4",80,18,""
0,"13,2,23,1,4",81,17,""
1,"8,1,72,1,4",81,17,""
0,"13,1,51,1,7",82,16,""
1,"127,1,4",82,16,1
2,"166,1,0",82,16,""
0,"0,1,119",83,15,1
1,"80,1,11",83,15,""
2,"13,1,52,1,7",83,15,""
3,"167,1,0",83,15,1
0,123,84,14,0
1,"150,1,1",84,14,""
2,"168,1,0",84,14,""
0,"151,1,1",85,13,""
1,"169,1,0",85,13,""
0,"170,1,0",86,12,""
1,"0,4,17,1,69,1,0",86,12,""
0,"18,1,47",87,11,""
0,"0,1,19,1,69,1,0",88,10,""
0,124,89,9,""
1,"0,1,20,1,69,1,0",89,9,""
0,"0,1,121",90,8,""
1,"148,1,2",90,8,""
0,"2,1,13,1,69,1,1",91,7,""
0,"0,2,163,1,0",92,6,""
0,"0,2,7,2,69,1,0",93,5,""
0,"0,99,0",0,99,""
0,"0,1,122",67,32,""
0,"1,1,145,1,2",68,31,""
0,"8,1,116,1,0",71,28,""
0,"8,1,117,1,0",72,27,0
0,"149,1,2",81,18,""
1,"8,2,64,1,0",81,18,""
0,"8,1,118,1,0",82,17,0
1,"0,1,166,1,0",82,17,""
0,"17,1,80,1,0",83,16,""
1,"0,1,167,1,0",83,16,""
0,"1,1,119",84,15,""
1,"13,1,23,1,20",84,15,""
2,"172,1,0",84,15,0
0,"2,1,116",85,14,""
1,"13,1,101,1,0",85,14,""
2,"0,1,169,1,0",85,14,""
0,"2,1,117",86,13,""
1,"0,5,17,1,69,1,0",86,13,""
0,125,88,11,""
1,"1,1,120",88,11,""
0,126,89,10,0
0,"7,1,88",90,9,""
0,"1,1,121",91,8,""
1,"9,1,69,1,4",91,8,""
2,"174,1,0",91,8,1
0,"69,1,14",92,7,1
1,"0,3,163,1,0",92,7,""
0,"0,3,7,2,69,1,0",93,6,""
0,"0,100,0",0,100,""
0,"175,1,0",67,33,""
0,"135,1,4",68,32,""
0,"0,1,8,1,116,1,0",71,29,""
0,"0,1,8,1,117,1,0",72,28,""
0,"0,1,8,2,64,1,0",81,19,""
0,"0,1,8,1,118,1,0",82,18,""
0,"0,2,167,1,0",83,17,""
0,"0,1,172,1,0",84,16,1
0,127,85,15,0
1,"0,2,169,1,0",85,15,""
0,"176,1,0",86,14,2
0,"13,1,105,1,0",87,13,""
0,"177,1,0",88,12,""
0,"178,1,0",89,11,""
0,128,90,10,0
1,"179,1,0",90,10,""
0,129,91,9,""
1,"8,2,69,1,0",91,9,""
2,"0,1,174,1,0",91,9,1
0,"22,1,69,1,0",92,8,0
1,"0,4,163,1,0",92,8,""
0,"23,1,69,1,0",93,7,""
0,"7,2,52",94,6,""
1,"24,1,69,1,0",94,6,""
0,"25,1,69,1,0",95,5,""
1,"2,1,163,1,0",95,5,""
0,"69,1,15",96,4,""
0,"0,101,0",0,101,""
0,130,71,30,0
0,"8,1,77,1,4",74,27,""
0,131,75,26,0
1,"8,1,78,1,4",75,26,0
0,"17,1,56,1,4",76,25,""
0,"136,1,4",77,24,""
0,"8,3,19,1,4",78,23,""
0,"8,3,20,1,4",79,22,""
0,"137,1,4",80,21,""
1,"8,2,45,1,4",80,21,""
0,"138,1,4",81,20,0
1,"8,2,46,1,4",81,20,""
0,"8,1,9,1,13,2,4",82,19,""
1,"1,1,149,1,2",82,19,""
0,"9,1,13,1,32,1,4",83,18,""
1,"0,3,167,1,0",83,18,""
0,"9,1,13,1,23,1,7",84,17,""
1,"8,1,79,1,4",84,17,""
2,"0,2,172,1,0",84,17,0
0,"8,1,80,1,4",85,16,0
1,"180,1,0",85,16,""
2,"0,3,169,1,0",85,16,""
0,"80,1,13",86,15,""
1,"0,1,176,1,0",86,15,2
0,133,87,14,""
1,132,87,14,0
0,"0,1,178,1,0",89,12,""
0,"16,1,69,1,2",90,11,""
1,"0,1,179,1,0",90,11,""
0,"0,1,8,2,69,1,0",91,10,""
0,"0,1,22,1,69,1,0",92,9,""
1,"0,5,163,1,0",92,9,""
0,"181,1,0",93,8,""
1,"0,1,23,1,69,1,0",93,8,""
0,"70,1,15",94,7,""
0,"26,1,69,1,0",96,5,""
0,"69,1,16",97,4,""
0,"0,102,0",0,102,""
0,"159,1,2",69,33,""
0,"182,1,0",70,32,""
0,"183,1,0",71,31,0
0,"8,2,71,1,0",74,28,""
0,"8,1,16,1,50,1,0",75,27,0
0,"184,1,0",80,22,""
0,"185,1,0",81,21,0
0,"0,4,167,1,0",83,19,""
0,"8,2,72,1,0",84,18,""
1,"0,3,172,1,0",84,18,0
0,"13,2,51,1,0",85,17,""
1,"8,1,127,1,0",85,17,0
2,"0,4,169,1,0",85,17,""
0,"13,2,52,1,0",86,16,""
1,"0,2,176,1,0",86,16,""
0,"2,1,150,1,1",87,15,""
0,"2,1,151,1,1",88,14,""
0,"67,1,18",89,13,""
0,"69,1,17",90,12,""
1,"75,1,14",90,12,""
2,"187,1,0",90,12,""
0,"1,1,128",91,11,""
1,"188,1,0",91,11,3
0,134,92,10,""
1,"189,1,0",92,10,""
0,"0,2,23,1,69,1,0",93,9,""
0,"13,1,69,1,4",94,8,""
1,"190,1,0",94,8,""
0,"69,1,18",95,7,0
1,"142,1,4",95,7,""
2,"191,1,0",95,7,1
0,135,96,6,""
1,"69,1,19",96,6,""
0,"163,1,1",97,5,""
0,"0,103,0",0,103,""
0,136,69,34,""
0,"0,1,182,1,0",70,33,""
0,"0,1,183,1,0",71,32,0
0,"0,1,8,2,71,1,0",74,29,""
0,"0,1,8,1,16,1,50,1,0",75,28,""
0,"161,1,2",76,27,""
0,"0,1,184,1,0",80,23,""
0,"0,1,185,1,0",81,22,""
0,"0,5,167,1,0",83,20,""
0,"0,4,172,1,0",84,19,""
0,"0,1,8,1,127,1,0",85,18,""
0,"66,1,20",88,15,""
0,"114,1,9",89,14,""
0,"3,1,117",90,13,""
1,"13,1,80",90,13,""
2,"0,1,69,1,17",90,13,""
3,"0,1,187,1,0",90,13,""
0,"67,1,20",91,12,""
1,"1,1,16,1,69,1,2",91,12,""
2,"23,1,75,1,0",91,12,""
3,"0,1,188,1,0",91,12,1
0,"23,1,76,1,0",92,11,""
1,"0,1,189,1,0",92,11,""
0,"0,3,23,1,69,1,0",93,10,""
0,"8,1,9,1,69,1,0",94,9,""
1,"0,1,190,1,0",94,9,""
0,"29,1,69,1,0",95,8,0
1,"0,1,191,1,0",95,8,1
0,"69,1,20",97,6,""
1,"163,1,2",97,6,""
0,"69,1,21",98,5,""
1,"7,2,69,1,2",98,5,""
0,"0,104,0",0,104,""
0,"0,2,182,1,0",70,34,""
0,"0,2,183,1,0",71,33,""
0,"145,1,4",73,31,""
0,"111,1,10",74,30,0
0,"8,2,49,1,4",77,27,""
0,"8,2,50,1,4",78,26,0
0,"16,1,17,2,4",79,25,""
0,"8,1,88,1,4",80,24,""
0,"8,5,4",81,23,""
0,"8,3,22,1,4",82,22,""
0,"146,1,4",83,21,""
1,"8,3,23,1,4",83,21,""
0,"147,1,4",84,20,0
1,"8,2,51,1,4",84,20,""
0,"8,1,13,3,4",85,19,""
0,"13,2,32,1,4",86,18,""
0,"13,2,23,1,7",87,17,""
1,"8,1,89,1,4",87,17,""
0,"64,1,22",88,16,0
1,"13,2,24,1,7",88,16,""
2,"9,1,80,1,4",88,16,0
3,"194,1,0",88,16,""
0,"80,1,14",89,15,""
1,"168,1,1",89,15,""
0,"30,1,69,1,0",90,14,""
1,"0,2,187,1,0",90,14,""
0,"14,1,69,1,4",91,13,""
1,"0,2,188,1,0",91,13,2
0,"195,1,0",92,12,""
0,137,93,11,""
1,"0,4,23,1,69,1,0",93,11,""
0,"0,1,8,1,9,1,69,1,0",94,10,""
1,"0,2,190,1,0",94,10,""
0,138,95,9,""
1,"0,1,29,1,69,1,0",95,9,""
0,139,96,8,"0,1"
1,"197,1,0",96,8,""
0,140,97,7,2
1,"198,1,0",97,7,2
2,"2,1,24,1,69,1,0",97,7,""
0,141,98,6,""
1,"2,1,25,1,69,1,0",98,6,""
0,"3,1,163,1,0",99,5,""
0,"7,1,143,1,0",100,4,1
0,"0,105,0",0,105,""
0,"165,1,2",70,35,""
0,"0,3,183,1,0",71,34,""
0,"199,1,0",73,32,""
0,"200,1,0",74,31,0
0,"8,2,77,1,0",77,28,""
0,"8,1,137,1,0",83,22,""
0,"8,1,138,1,0",84,21,0
0,"8,2,79,1,0",87,18,""
0,"8,2,80,1,0",88,17,""
0,"13,1,32,1,20",89,16,""
0,"13,1,86",90,15,""
1,"23,1,80,1,0",90,15,""
2,"0,3,187,1,0",90,15,""
0,"170,1,2",91,14,""
1,"0,3,188,1,0",91,14,1
0,"67,1,22",92,13,""
1,"0,1,195,1,0",92,13,""
0,"133,1,7",93,12,""
1,"201,1,0",93,12,""
0,"134,1,7",94,11,""
0,"76,1,19",95,10,""
1,"202,1,0",95,10,""
0,"174,1,1",96,9,2
1,"2,1,181,1,0",96,9,""
2,"0,1,197,1,0",96,9,""
0,"9,1,69,1,7",97,8,""
1,"0,1,198,1,0",97,8,""
0,"69,1,22",98,7,1
0,"1,1,69,1,21",99,6,""
1,"0,1,3,1,163,1,0",99,6,""
0,"0,1,7,1,143,1,0",100,5,""
0,"0,106,0",0,106,""
0,"0,4,183,1,0",71,35,""
0,"0,1,199,1,0",73,33,""
0,"0,1,200,1,0",74,32,""
0,"137,1,6",82,24,""
0,"0,1,8,1,137,1,0",83,23,""
0,"0,1,8,1,138,1,0",84,22,""
0,"149,1,4",87,19,1
0,"0,1,8,2,80,1,0",88,18,""
0,142,89,17,1
1,"172,1,2",89,17,""
0,143,90,16,0
1,"0,4,187,1,0",90,16,""
0,"0,4,188,1,0",91,15,1
0,"21,1,69,1,2",92,14,""
1,"23,1,83,1,0",92,14,""
2,"0,2,195,1,0",92,14,""
0,"31,1,69,1,0",93,13,""
1,"0,1,201,1,0",93,13,""
0,"2,1,188,1,0",94,12,""
0,"75,1,20",95,11,""
1,"2,1,189,1,0",95,11,""
2,"0,1,202,1,0",95,11,""
0,144,96,10,0
1,"76,1,20",96,10,""
2,"174,1,2",96,10,""
0,"76,1,21",97,9,""
1,"8,1,13,1,69,1,0",97,9,""
0,145,98,8,1
1,"23,1,69,1,1",98,8,""
2,"32,1,69,1,0",98,8,4
3,"2,1,191,1,0",98,8,""
0,146,99,7,""
1,"24,1,69,1,1",99,7,""
2,"204,1,0",99,7,""
3,"203,1,0",99,7,""
4,"33,1,69,1,0",99,7,""
0,"25,1,69,1,1",100,6,""
1,"34,1,69,1,0",100,6,""
0,"35,1,69,1,0",101,5,""
0,147,102,4,""
0,"0,107,0",0,107,""
0,"0,5,183,1,0",71,36,""
0,"152,1,4",76,31,""
0,"153,1,4",77,30,0
0,"111,1,11",78,29,""
0,148,79,28,0
0,"8,2,55,1,4",80,27,""
0,"8,2,56,1,4",81,26,""
0,"8,1,17,1,40,1,4",82,25,""
0,"8,1,100,1,4",83,24,""
0,"8,4,9,1,4",84,23,""
0,"8,3,29,1,4",85,22,""
0,"16,1,64,1,4",86,21,""
1,"8,2,9,1,23,1,4",86,21,""
0,"17,1,64,1,4",87,20,0
1,"8,1,9,1,51,1,4",87,20,""
2,"206,1,0",87,20,""
0,"154,1,4",88,19,1
1,"9,1,13,3,4",88,19,""
0,"9,1,13,1,32,1,7",89,18,""
0,"8,1,101,1,4",90,17,""
1,"0,5,187,1,0",90,17,""
0,"13,1,80,1,4",91,16,1
1,"0,5,188,1,0",91,16,2
0,"69,1,23",92,15,""
1,"80,1,18",92,15,""
0,"0,1,31,1,69,1,0",93,14,""
0,149,95,12,""
0,150,96,11,2
1,"3,1,126",96,11,2
0,153,97,10,0
1,152,97,10,""
2,151,97,10,""
3,"209,1,0",97,10,""
4,"0,1,8,1,13,1,69,1,0",97,10,""
0,154,98,9,""
1,"181,1,1",98,9,""
2,"3,1,174,1,0",98,9,""
3,"0,1,32,1,69,1,0",98,9,""
0,"1,1,69,1,22",99,8,""
1,"0,1,203,1,0",99,8,""
0,"2,1,69,1,20",100,7,""
1,"0,1,34,1,69,1,0",100,7,""
0,"2,1,69,1,21",101,6,""
0,"0,108,0",0,108,""
0,"8,1,145,1,0",76,32,""
0,"16,1,111,1,0",77,31,0
0,"17,1,111,1,0",78,30,""
0,"210,1,0",79,29,0
0,"5,1,137,1,2",83,25,""
0,"8,1,146,1,0",86,22,""
0,"8,1,147,1,0",87,21,0
1,"0,1,206,1,0",87,21,""
0,"17,1,113,1,0",88,20,""
0,"13,3,23,1,0",90,18,""
1,"8,2,89,1,0",90,18,""
2,"0,6,187,1,0",90,18,""
0,"13,3,24,1,0",91,17,""
1,"0,6,188,1,0",91,17,""
0,"0,2,31,1,69,1,0",93,15,""
0,"13,1,67,1,7",94,14,""
0,155,95,13,""
1,"9,1,75,1,7",95,13,""
2,"2,1,195,1,0",95,13,""
0,"74,1,22",96,12,""
1,"16,1,69,1,4",96,12,""
2,"188,1,1",96,12,""
3,"212,1,0",96,12,""
4,"3,1,178,1,0",96,12,""
0,"76,1,22",97,11,""
1,"17,1,69,1,4",97,11,1
2,"189,1,1",97,11,""
3,"0,1,209,1,0",97,11,""
0,"0,1,3,1,174,1,0",98,10,""
0,"2,1,139",99,9,""
1,"213,1,0",99,9,""
2,"0,2,203,1,0",99,9,""
0,"13,1,69,1,7",100,8,""
1,"191,1,1",100,8,""
2,"2,1,198,1,0",100,8,""
3,"0,2,34,1,69,1,0",100,8,""
0,"2,1,141",101,7,""
1,"36,1,69,1,0",101,7,2
0,"37,1,69,1,0",103,5,""
0,"38,1,69,1,0",104,4,""
0,"0,109,0",0,109,""
0,"182,1,2",75,34,""
0,"0,1,8,1,145,1,0",76,33,""
0,"0,1,16,1,111,1,0",77,32,""
0,"0,1,17,1,111,1,0",78,31,""
0,"0,1,210,1,0",79,30,0
0,"0,1,8,1,146,1,0",86,23,""
0,"0,1,8,1,147,1,0",87,22,""
0,"160,1,4",90,19,1
0,156,91,18,1
1,"0,7,188,1,0",91,18,""
0,157,92,17,1
0,"27,1,69,1,2",93,16,""
0,"23,1,62",95,14,""
1,"187,1,2",95,14,""
0,"83,1,20",96,13,""
1,"39,1,69,1,0",96,13,""
2,"13,1,133,1,0",96,13,""
3,"0,1,212,1,0",96,13,""
0,"189,1,2",97,12,""
1,"40,1,69,1,0",97,12,0
2,"13,1,134,1,0",97,12,""
3,"0,2,209,1,0",97,12,""
0,159,98,11,2
1,158,98,11,2
2,"2,1,202,1,0",98,11,""
0,"190,1,2",99,10,""
1,"2,2,181,1,0",99,10,""
0,160,100,9,0
1,"9,1,13,1,69,1,0",100,9,""
2,"0,3,34,1,69,1,0",100,9,""
0,"216,1,0",101,8,""
1,"0,1,36,1,69,1,0",101,8,1
0,161,102,7,""
1,"69,1,24",102,7,""
0,"163,1,3",103,6,""
0,"0,1,38,1,69,1,0",104,5,""
0,"0,110,0",0,110,""
0,162,75,35,""
0,"0,2,17,1,111,1,0",78,32,""
0,"8,1,110,1,4",79,31,""
1,"0,2,210,1,0",79,31,0
0,"8,1,111,1,4",80,30,0
0,"17,1,50,1,10",81,29,""
0,"161,1,4",82,28,""
0,"8,3,31,1,4",83,27,""
0,"8,2,16,1,17,1,4",84,26,""
0,"8,2,17,2,4",85,25,""
0,163,86,24,0
1,"8,2,60,1,4",86,24,""
0,"8,4,13,1,4",87,23,""
0,"8,3,32,1,4",88,22,""
0,"8,1,112,1,4",89,21,""
1,"8,2,13,1,23,1,4",89,21,""
0,"8,1,113,1,4",90,20,1
1,"8,1,13,1,51,1,4",90,20,""
2,"8,1,149,1,0",90,20,""
0,"162,1,4",91,19,1
1,"13,4,4",91,19,""
0,"13,2,32,1,7",92,18,""
0,"13,2,33,1,7",93,17,""
1,"9,1,101,1,4",93,17,""
2,"219,1,0",93,17,""
0,"9,1,80,1,7",94,16,""
1,"220,1,0",94,16,""
0,"0,1,39,1,69,1,0",96,14,""
0,"195,1,1",97,13,""
1,"0,1,40,1,69,1,0",97,13,""
2,"0,3,209,1,0",97,13,""
0,"192,1,2",98,12,""
1,"3,1,188,1,0",98,12,0
2,"2,2,189,1,0",98,12,""
0,"3,1,189,1,0",99,11,""
0,"221,1,0",100,10,3
1,"0,4,34,1,69,1,0",100,10,""
0,"3,1,190,1,0",101,9,""
1,"0,1,216,1,0",101,9,""
2,"0,2,36,1,69,1,0",101,9,""
0,"198,1,1",102,8,""
1,"2,1,24,1,69,1,1",102,8,""
2,"3,1,191,1,0",102,8,""
0,"2,1,25,1,69,1,1",103,7,""
1,"222,1,0",103,7,""
0,"69,1,25",106,4,""
0,"0,111,0",0,111,""
0,"0,1,162",75,36,""
0,"1,1,182,1,2",76,35,""
0,"0,3,17,1,111,1,0",78,33,""
0,"8,1,152,1,0",79,32,""
1,"0,3,210,1,0",79,32,0
0,"8,1,153,1,0",80,31,0
0,"224,1,0",85,26,""
0,"225,1,0",86,25,0
0,"149,1,6",89,22,""
1,"8,1,16,1,64,1,0",89,22,""
0,"8,1,17,1,64,1,0",90,21,0
1,"0,1,8,1,149,1,0",90,21,""
0,"8,1,154,1,0",91,20,""
0,"193,1,2",92,19,""
0,"13,3,20",94,17,""
0,"23,1,101,1,0",95,16,""
0,"1,1,187,1,2",96,15,""
1,"226,1,0",96,15,""
0,"0,4,209,1,0",97,14,""
0,"13,1,75,1,7",98,13,""
1,"0,1,3,1,188,1,0",98,13,2
0,164,99,12,"0,2"
1,"13,1,76,1,7",99,12,""
2,"19,1,69,1,4",99,12,""
3,"0,1,3,1,189,1,0",99,12,""
0,"20,1,69,1,4",100,11,"1,2"
1,"202,1,1",100,11,""
2,"0,1,221,1,0",100,11,""
0,"2,1,181,1,1",101,10,""
0,165,102,9,2
0,167,103,8,""
1,166,103,8,"0,2"
2,"10,1,69,1,9",103,8,""
0,168,104,7,""
1,"11,1,69,1,9",104,7,""
0,"3,1,69,1,21",105,6,""
0,"0,112,0",0,112,""
0,"227,1,0",75,37,""
0,"165,1,4",76,36,""
0,"0,4,17,1,111,1,0",78,34,""
0,"0,1,8,1,152,1,0",79,33,""
1,"0,4,210,1,0",79,33,""
0,"0,1,8,1,153,1,0",80,32,""
0,"0,1,224,1,0",85,27,""
0,"0,1,225,1,0",86,26,1
0,"0,1,8,1,16,1,64,1,0",89,23,""
0,"0,1,8,1,17,1,64,1,0",90,22,""
0,"166,1,4",93,19,0
0,"167,1,4",94,18,"0,2"
0,169,95,17,0
0,"150,1,7",96,16,""
0,"151,1,7",97,15,""
1,"13,2,67,1,0",97,15,""
2,"0,5,209,1,0",97,15,""
0,170,98,14,2
1,"228,1,0",98,14,""
2,"0,2,3,1,188,1,0",98,14,2
0,"2,1,188,1,1",99,13,""
1,"3,1,195,1,0",99,13,""
2,"2,1,212,1,0",99,13,""
0,"95,1,20",100,12,""
1,"2,1,189,1,1",100,12,""
2,"8,1,17,1,69,1,0",100,12,0
0,"95,1,21",101,11,""
1,"229,1,0",101,11,""
2,"43,1,67,1,0",101,11,""
0,171,102,10,1
1,"2,2,139",102,10,""
2,"174,1,3",102,10,1
3,"43,1,68,1,0",102,10,1
0,"35,1,56",103,9,1
1,"2,1,191,1,1",103,9,""
2,"3,1,197,1,0",103,9,""
0,"37,1,52",104,8,""
1,"203,1,1",104,8,""
2,"33,1,69,1,1",104,8,""
3,"3,1,198,1,0",104,8,""
0,"38,1,52",105,7,""
1,"230,1,0",105,7,""
0,"231,1,0",106,6,""
0,"7,1,163,1,0",107,5,""
0,"0,113,0",0,113,""
0,"0,5,210,1,0",79,34,""
0,"8,1,116,1,4",82,31,""
0,172,83,30,0
1,"8,1,117,1,4",83,30,0
0,"17,1,78,1,4",84,29,""
0,"171,1,4",85,28,""
1,"0,2,224,1,0",85,28,""
0,"8,3,39,1,4",86,27,""
1,"0,2,225,1,0",86,27,0
0,"8,3,40,1,4",87,26,""
0,"137,1,10",88,25,""
1,"8,2,17,1,20,1,4",88,25,""
0,"138,1,10",89,24,0
1,"8,2,63,1,4",89,24,""
0,"8,3,9,1,13,1,4",90,23,""
1,"5,1,149,1,2",90,23,""
0,"8,2,9,1,32,1,4",91,22,""
0,"8,1,9,1,13,1,23,1,4",92,21,""
1,"8,2,64,1,4",92,21,""
0,"9,1,13,1,51,1,4",93,20,""
1,"8,1,118,1,4",93,20,0
2,"8,1,160,1,0",93,20,""
0,"9,1,13,3,7",94,19,""
1,"17,1,80,1,4",94,19,""
0,"173,1,4",95,18,""
0,"13,1,101,1,4",96,17,""
0,173,97,16,0
1,"13,1,80,1,7",97,16,""
2,"0,6,209,1,0",97,16,""
0,174,98,15,""
1,"31,1,69,1,2",98,15,""
0,"0,1,3,1,195,1,0",99,14,""
0,"234,1,0",100,13,""
1,"0,1,8,1,17,1,69,1,0",100,13,""
0,"18,1,86",101,12,""
1,"0,1,43,1,67,1,0",101,12,""
0,"209,1,1",102,11,""
1,"0,1,43,1,68,1,0",102,11,""
0,175,103,10,""
0,"203,1,2",104,9,""
1,"235,1,0",104,9,""
2,"0,1,3,1,198,1,0",104,9,""
0,"7,1,121",105,8,""
1,"13,1,69,1,9",105,8,""
2,"0,1,230,1,0",105,8,""
0,176,106,7,""
1,"35,1,69,1,2",106,7,""
0,"69,1,26",107,6,""
1,"0,1,7,1,163,1,0",107,6,""
0,"0,114,0",0,114,""
0,"205,1,2",77,37,""
0,"236,1,0",78,36,""
0,"0,6,210,1,0",79,35,""
0,"8,2,110,1,0",82,32,""
0,"8,2,111,1,0",83,31,0
0,"0,3,224,1,0",85,29,""
0,"0,3,225,1,0",86,28,0
0,"237,1,0",88,26,""
0,"238,1,0",89,25,0
0,"8,2,112,1,0",92,22,""
0,"8,2,113,1,0",93,21,""
0,"13,3,32,1,0",95,19,""
0,"13,3,33,1,0",96,18,""
0,177,98,16,""
1,"69,1,27",98,16,""
0,178,99,15,""
1,"13,1,83,1,7",99,15,""
0,179,100,14,""
1,"9,1,95,1,7",100,14,""
0,"212,1,1",101,13,""
0,"8,2,69,1,4",102,12,""
1,"209,1,2",102,12,""
0,180,103,11,3
1,"36,1,56",103,11,"1,3"
2,"22,1,69,1,4",103,11,3
0,"23,1,69,1,4",104,10,""
1,"181,1,3",104,10,""
2,"213,1,1",104,10,""
3,"0,1,235,1,0",104,10,""
0,181,105,9,""
1,"37,1,56",105,9,0
2,"239,1,0",105,9,""
0,"3,1,146",106,8,""
1,"3,1,203,1,0",106,8,""
0,182,107,7,""
1,"240,1,0",107,7,""
2,"0,2,7,1,163,1,0",107,7,""
0,183,108,6,""
1,"241,1,0",108,6,0
0,"242,1,0",109,5,""
0,"0,115,0",0,115,""
0,184,77,38,""
0,"0,1,236,1,0",78,37,""
0,"0,7,210,1,0",79,36,""
0,"0,1,8,2,110,1,0",82,33,""
0,"0,1,8,2,111,1,0",83,32,""
0,"210,1,2",84,31,""
0,"0,4,224,1,0",85,30,""
0,"0,4,225,1,0",86,29,1
0,"0,1,237,1,0",88,27,""
0,"0,1,238,1,0",89,26,""
0,"0,1,8,2,113,1,0",93,22,""
0,185,94,21,1
0,186,95,20,"0,1"
0,"180,1,4",96,19,0
0,187,97,18,1
0,"0,1,69,1,27",98,17,""
0,"2,1,226,1,0",99,16,""
0,"32,1,62",100,15,""
0,188,101,14,""
1,"105,1,20",101,14,""
2,"13,2,75,1,0",101,14,""
0,"2,1,164",102,13,1
1,"188,1,3",102,13,""
2,"13,2,76,1,0",102,13,""
3,"8,1,19,1,69,1,0",102,13,""
0,"189,1,3",103,12,""
1,"8,1,20,1,69,1,0",103,12,1
0,"213,1,2",104,11,""
1,"0,2,235,1,0",104,11,""
0,"190,1,3",105,10,""
1,"43,1,74,1,0",105,10,""
2,"3,2,174,1,0",105,10,""
0,"43,1,76,1,0",106,9,""
1,"0,1,3,1,203,1,0",106,9,""
0,"0,1,240,1,0",107,8,""
0,"0,116,0",0,116,""
0,"0,2,236,1,0",78,38,""
0,"0,8,210,1,0",79,37,""
0,"182,1,4",81,35,""
0,"183,1,4",82,34,0
0,"8,2,71,1,4",85,31,""
1,"0,5,224,1,0",85,31,""
0,"8,1,16,1,50,1,4",86,30,0
1,"0,5,225,1,0",86,30,1
0,"8,1,17,1,50,1,4",87,29,""
0,"8,1,125,1,4",88,28,""
0,"8,4,16,1,4",89,27,""
0,"8,4,17,1,4",90,26,""
0,"184,1,4",91,25,""
1,"8,2,16,1,23,1,4",91,25,""
0,"185,1,4",92,24,0
1,"8,3,42,1,4",92,24,""
2,"244,1,0",92,24,""
0,"138,1,11",93,23,1
1,"8,3,13,2,4",93,23,""
0,"8,2,13,1,32,1,4",94,22,""
1,"245,1,0",94,22,""
0,"8,1,13,2,23,1,4",95,21,""
1,"8,2,72,1,4",95,21,""
2,"246,1,0",95,21,0
0,"64,1,31",96,20,0
1,"13,2,51,1,4",96,20,""
2,"8,1,127,1,4",96,20,0
0,"13,4,7",97,19,""
1,"20,1,80,1,4",97,19,""
0,"13,1,23,1,24,1,7",98,18,""
1,"186,1,4",98,18,""
2,"248,1,0",98,18,""
0,"9,1,101,1,7",99,17,""
1,"27,1,69,1,4",99,17,""
2,"215,1,2",99,17,""
3,"13,1,150,1,0",99,17,""
0,"13,1,151,1,0",100,16,""
0,"187,1,4",101,15,""
1,"2,1,228,1,0",101,15,""
0,"188,1,4",102,14,1
1,"0,1,8,1,19,1,69,1,0",102,14,""
0,"1,1,209,1,2",103,13,""
1,"0,1,8,1,20,1,69,1,0",103,13,""
0,"250,1,0",104,12,""
1,"0,3,235,1,0",104,12,""
0,"0,1,3,2,174,1,0",105,11,""
0,"251,1,0",107,9,""
0,189,108,8,""
1,"43,1,52",108,8,1
0,190,109,7,""
0,191,110,6,""
1,"69,1,29",110,6,""
2,"2,1,7,1,163,1,0",110,6,""
0,192,111,5,""
1,"3,1,38,1,69,1,0",111,5,""
0,"0,117,0",0,117,""
0,"217,1,2",78,39,""
0,"0,9,210,1,0",79,38,""
0,"252,1,0",81,36,""
0,"253,1,0",82,35,0
0,"8,2,116,1,0",85,32,""
1,"0,6,224,1,0",85,32,""
0,"0,6,225,1,0",86,31,0
0,"16,1,137,1,0",91,26,""
0,"16,1,138,1,0",92,25,0
1,"0,1,244,1,0",92,25,""
0,"17,1,138,1,0",93,24,1
0,"0,1,245,1,0",94,23,""
0,"8,3,64,1,0",95,22,""
1,"0,1,246,1,0",95,22,0
0,"8,2,118,1,0",96,21,""
0,"13,1,51,1,20",99,18,""
0,"13,2,80,1,0",100,17,""
0,"226,1,1",101,16,""
1,"254,1,0",101,16,""
0,"69,1,30",102,15,1
1,"255,1,0",102,15,1
0,"13,1,95,1,7",103,14,""
1,"195,1,3",103,14,""
0,"164,1,7",104,13,""
1,"3,1,189,1,2",104,13,""
2,"0,4,235,1,0",104,13,""
0,"3,1,158",105,12,0
1,"8,1,9,1,69,1,4",105,12,""
0,"69,1,31",106,11,1
1,"29,1,69,1,4",106,11,1
0,"174,1,5",107,10,2
1,"197,1,3",107,10,""
2,"0,1,251,1,0",107,10,""
0,193,108,9,""
1,"3,1,216,1,0",108,9,""
0,194,112,5,""
0,"0,118,0",0,118,""
0,"0,10,210,1,0",79,39,""
0,"0,1,252,1,0",81,37,""
0,"0,1,253,1,0",82,36,""
0,"0,7,224,1,0",85,33,""
0,"0,7,225,1,0",86,32,""
0,"224,1,2",90,28,""
0,"0,1,16,1,137,1,0",91,27,""
0,"0,1,16,1,138,1,0",92,26,""
1,"0,2,244,1,0",92,26,""
0,"0,1,17,1,138,1,0",93,25,1
0,"0,2,245,1,0",94,24,""
0,"149,1,10",95,23,1
1,"0,2,246,1,0",95,23,2
0,"0,1,8,2,118,1,0",96,22,""
0,195,97,21,1
1,"42,1,64,1,2",97,21,""
0,"193,1,4",98,20,0
0,"194,1,4",99,19,0
0,"167,1,7",100,18,0
0,"168,1,7",101,17,""
1,"0,1,254,1,0",101,17,""
0,"2,1,178",102,16,""
1,"50,1,69,1,0",102,16,""
2,"13,2,83,1,0",102,16,""
3,"0,1,255,1,0",102,16,""
0,"228,1,1",103,15,""
0,"0,5,235,1,0",104,14,""
0,"95,1,24",105,13,""
1,"3,2,188,1,0",105,13,""
0,196,106,12,""
1,"7,1,188,1,0",106,12,2
2,"3,2,189,1,0",106,12,""
0,"0,1,3,1,216,1,0",108,10,""
0,197,109,9,""
1,"43,1,56",109,9,0
2,"7,1,190,1,0",109,9,""
3,"3,2,191,1,0",109,9,""
0,198,110,8,""
1,"3,1,222,1,0",110,8,""
0,199,111,7,""
0,"7,1,163,1,1",112,6,""
0,"3,1,69,1,25",113,5,""
0,"0,119,0",0,119,""
0,"0,11,210,1,0",79,40,""
0,"199,1,4",84,35,""
0,"200,1,4",85,34,0
0,"8,2,77,1,4",88,31,""
0,"8,2,78,1,4",89,30,""
0,"8,1,17,1,56,1,4",90,29,""
0,"8,1,136,1,4",91,28,""
0,"8,4,19,1,4",92,27,""
1,"0,3,244,1,0",92,27,""
0,"8,4,20,1,4",93,26,""
1,"0,2,17,1,138,1,0",93,26,0
0,"8,1,137,1,4",94,25,""
1,"8,3,45,1,4",94,25,""
2,"0,3,245,1,0",94,25,""
0,"8,1,138,1,4",95,24,0
1,"8,3,46,1,4",95,24,""
2,"257,1,0",95,24,1
3,"0,3,246,1,0",95,24,1
0,"154,1,10",96,23,"1,2"
1,"8,2,9,1,13,2,4",96,23,""
0,"8,1,9,1,13,1,32,1,4",97,22,""
0,"9,1,13,2,23,1,4",98,21,""
1,"8,2,79,1,4",98,21,""
0,"9,1,13,1,51,1,7",99,20,""
1,"8,2,80,1,4",99,20,0
0,"22,1,80,1,4",100,19,""
0,"23,1,80,1,4",101,18,""
1,"260,1,0",101,18,""
0,"13,1,116",102,17,0
1,"13,1,101,1,7",102,17,""
2,"0,1,50,1,69,1,0",102,17,""
0,"13,1,117",103,16,""
0,"2,1,188",104,15,""
1,"201,1,4",104,15,""
0,201,105,14,"1,2"
1,200,105,14,2
2,"0,1,3,2,188,1,0",105,14,""
0,"0,1,7,1,188,1,0",106,13,""
0,"42,1,69,1,2",107,12,""
1,"261,1,0",107,12,""
0,"43,1,58",108,11,""
1,"174,1,7",108,11,"1,2"
2,"262,1,0",108,11,""
0,202,109,10,1
1,"263,1,0",109,10,""
0,"53,1,69,1,0",111,8,""
0,"264,1,0",112,7,""
0,"69,1,34",114,5,0
0,"0,120,0",0,120,""
0,"8,1,182,1,0",84,36,""
0,"8,1,183,1,0",85,35,0
0,"1,1,224,1,2",91,29,""
0,"0,4,244,1,0",92,28,""
0,"0,3,17,1,138,1,0",93,27,0
0,"8,1,184,1,0",94,26,""
1,"0,4,245,1,0",94,26,""
0,"8,1,185,1,0",95,25,0
1,"0,1,257,1,0",95,25,1
2,"0,4,246,1,0",95,25,1
0,"17,1,147,1,0",96,24,""
0,"8,3,72,1,0",98,22,""
0,"13,5,0",100,20,""
0,"13,2,23,1,24,1,0",101,19,""
1,"0,1,260,1,0",101,19,""
0,203,102,18,1
0,"13,1,105,1,7",104,16,""
1,"31,1,69,1,4",104,16,""
2,"8,1,187,1,0",104,16,""
0,"17,1,69,1,10",105,15,1
1,"13,1,107,1,7",105,15,""
2,"266,1,0",105,15,""
3,"8,1,188,1,0",105,15,2
0,204,106,14,2
1,"267,1,0",106,14,2
0,"1,1,196",107,13,""
1,"188,1,5",107,13,""
2,"268,1,0",107,13,""
0,"189,1,5",108,12,""
1,"209,1,3",108,12,""
0,205,109,11,""
1,"235,1,2",109,11,""
0,"239,1,1",110,10,""
1,"269,1,0",110,10,""
2,"3,2,197,1,0",110,10,""
3,"2,1,251,1,0",110,10,""
0,"24,1,69,1,7",111,9,""
1,"191,1,5",111,9,""
2,"271,1,0",111,9,""
3,"270,1,0",111,9,""
4,"3,2,198,1,0",111,9,""
0,"3,1,38,1,52",112,8,""
1,"272,1,0",112,8,""
2,"3,1,230,1,0",112,8,""
3,"0,1,264,1,0",112,8,""
0,"69,1,35",113,7,""
1,"54,1,69,1,0",113,7,""
2,"3,1,231,1,0",113,7,""
0,"273,1,0",114,6,""
0,"0,121,0",0,121,""
0,"236,1,2",83,38,""
0,"0,1,8,1,182,1,0",84,37,""
0,"0,1,8,1,183,1,0",85,36,""
0,"0,5,244,1,0",92,29,""
0,"0,4,17,1,138,1,0",93,28,1
0,"0,1,8,1,184,1,0",94,27,""
1,"0,5,245,1,0",94,27,""
0,"0,1,8,1,185,1,0",95,26,""
1,"0,5,246,1,0",95,26,1
0,"206,1,4",98,23,1
0,206,99,22,2
1,"149,1,11",99,22,"1,2"
0,"207,1,4",100,21,1
0,"208,1,4",101,20,1
1,"0,2,260,1,0",101,20,""
0,"180,1,7",102,19,0
1,"274,1,0",102,19,2
0,"187,1,6",103,18,""
0,207,104,17,1
1,"55,1,69,1,0",104,17,""
2,"0,1,8,1,187,1,0",104,17,""
0,"13,2,62",105,16,""
1,"56,1,69,1,0",105,16,""
2,"0,1,266,1,0",105,16,""
3,"0,1,8,1,188,1,0",105,16,""
0,"1,1,201",106,15,0
1,"105,1,24",106,15,""
2,"13,2,95,1,0",106,15,""
3,"0,1,267,1,0",106,15,1
0,"13,1,164,1,0",107,14,""
0,"209,1,4",108,13,""
0,208,109,12,""
1,"275,1,0",109,12,""
0,"181,1,7",110,11,""
1,"213,1,3",110,11,""
2,"239,1,2",110,11,""
0,"0,1,270,1,0",111,10,""
0,"69,1,36",112,9,""
0,"3,1,176",113,8,""
1,"69,1,37",113,8,""
0,209,114,7,""
0,"57,1,69,1,0",115,6,""
0,"0,122,0",0,122,""
0,210,83,39,""
0,"8,1,145,1,4",87,35,""
0,"16,1,111,1,4",88,34,0
0,"17,1,111,1,4",89,33,""
0,"211,1,4",90,32,""
0,"8,3,49,1,4",91,31,""
0,"8,3,50,1,4",92,30,""
1,"0,6,244,1,0",92,30,""
0,"8,1,16,1,17,2,4",93,29,""
0,"8,2,88,1,4",94,28,""
1,"0,6,245,1,0",94,28,""
0,"8,6,4",95,27,""
1,"0,6,246,1,0",95,27,0
0,"8,4,22,1,4",96,26,""
0,"8,1,146,1,4",97,25,""
1,"8,4,23,1,4",97,25,""
0,"8,1,147,1,4",98,24,1
1,"8,3,51,1,4",98,24,""
2,"16,1,149,1,0",98,24,""
0,"17,1,113,1,4",99,23,1
1,"8,2,13,3,4",99,23,""
2,"17,1,149,1,0",99,23,1
0,"154,1,11",100,22,"0,1"
1,"8,1,13,2,32,1,4",100,22,""
0,"13,3,23,1,4",101,21,""
1,"8,2,89,1,4",101,21,""
2,"0,3,260,1,0",101,21,""
0,"13,2,51,1,7",102,20,""
1,"8,1,9,1,80,1,4",102,20,""
2,"0,1,274,1,0",102,20,0
0,"13,2,52,1,7",103,19,""
1,"23,1,89,1,4",103,19,""
2,"13,1,167,1,0",103,19,""
0,211,104,18,""
1,"186,1,7",104,18,""
2,"278,1,0",104,18,""
3,"13,1,168,1,0",104,18,""
0,"0,1,56,1,69,1,0",105,17,""
1,"0,2,266,1,0",105,17,""
0,"212,1,4",107,15,""
0,212,108,14,""
1,"188,1,7",108,14,1
2,"279,1,0",108,14,""
0,"189,1,7",109,13,""
0,213,111,11,""
1,"190,1,7",111,11,""
2,"0,2,270,1,0",111,11,""
0,214,112,10,2
1,"197,1,5",112,10,""
2,"216,1,3",112,10,""
3,"251,1,1",112,10,""
4,"281,1,0",112,10,""
0,"69,1,38",113,9,""
1,"76,1,34",113,9,""
2,"198,1,5",113,9,""
3,"282,1,0",113,9,""
0,"43,1,68",114,8,""
1,"69,1,39",114,8,""
0,"3,1,183",115,7,""
1,"69,1,40",115,7,""
0,215,116,6,""
0,"0,123,0",0,123,""
0,"0,1,210",83,40,""
0,"1,1,236,1,2",84,39,""
0,"8,1,199,1,0",87,36,""
0,"8,1,200,1,0",88,35,0
0,"0,7,245,1,0",94,29,""
0,"0,7,246,1,0",95,28,0
0,"244,1,2",97,26,""
1,"8,2,137,1,0",97,26,""
0,"8,2,138,1,0",98,25,0
1,"0,1,16,1,149,1,0",98,25,""
0,"16,1,154,1,0",99,24,""
1,"0,1,17,1,149,1,0",99,24,""
0,"246,1,2",100,23,""
1,"17,1,154,1,0",100,23,0
0,"0,4,260,1,0",101,22,""
0,"0,2,274,1,0",102,21,1
0,"13,2,23,1,20",104,19,""
1,"5,1,187,1,2",104,19,""
2,"0,1,278,1,0",104,19,""
0,"215,1,4",105,18,""
1,"13,2,101,1,0",105,18,""
0,"249,1,2",107,16,""
1,"8,1,201,1,0",107,16,""
0,"23,1,75,1,7",108,15,""
1,"284,1,0",108,15,""
2,"9,1,188,1,0",108,15,2
0,"23,1,76,1,7",109,14,""
1,"250,1,2",109,14,""
2,"286,1,0",109,14,0
3,"285,1,0",109,14,0
0,216,110,13,""
1,"69,1,41",110,13,""
2,"287,1,0",110,13,"1,2"
0,"1,1,239,1,2",111,12,""
1,"2,1,262,1,0",111,12,""
2,"0,3,270,1,0",111,12,""
0,"0,1,281,1,0",112,11,""
0,"288,1,0",113,10,""
0,218,114,9,""
1,217,114,9,1
0,219,115,8,""
1,"2,1,264,1,0",115,8,""
0,220,116,7,0
1,"69,1,42",116,7,""
0,221,117,6,0
1,"2,1,69,1,34",117,6,0
0,"0,124,0",0,124,""
0,"290,1,0",83,41,""
0,"217,1,4",84,40,""
0,"0,1,8,1,199,1,0",87,37,""
0,"0,1,8,1,200,1,0",88,36,""
0,"0,8,245,1,0",94,30,""
0,"0,8,246,1,0",95,29,1
0,"0,1,8,2,137,1,0",97,27,""
0,"0,1,8,2,138,1,0",98,26,""
0,"0,2,17,1,149,1,0",99,25,""
0,"0,1,17,1,154,1,0",100,24,1
0,"8,1,149,1,4",101,23,1
1,"0,5,260,1,0",101,23,""
0,"167,1,10",102,22,"1,2"
1,"0,3,274,1,0",102,22,3
0,"218,1,4",103,21,1
0,"219,1,4",104,20,1
0,"194,1,7",105,19,0
0,222,106,18,""
0,223,107,17,0
1,"13,2,105,1,0",107,17,""
2,"0,1,8,1,201,1,0",107,17,""
0,"0,1,284,1,0",108,16,""
1,"0,1,9,1,188,1,0",108,16,""
0,224,109,15,""
1,"0,1,286,1,0",109,15,""
2,"0,1,285,1,0",109,15,""
0,"133,1,20",110,14,""
1,"59,1,69,1,0",110,14,""
2,"2,1,268,1,0",110,14,""
0,225,111,13,""
0,226,112,12,0
0,"174,1,9",113,11,""
1,"197,1,7",113,11,""
0,"48,1,69,1,2",114,10,""
1,"2,1,270,1,0",114,10,""
0,"2,1,272,1,0",115,9,""
0,"2,1,54,1,69,1,0",116,8,""
0,"0,125,0",0,125,""
0,227,87,38,0
0,"8,1,152,1,4",90,35,""
0,228,91,34,0
1,"8,1,153,1,4",91,34,0
0,"17,1,117,1,4",92,33,""
0,"223,1,4",93,32,""
0,"8,3,55,1,4",94,31,""
1,"0,9,245,1,0",94,31,""
0,"8,3,56,1,4",95,30,""
1,"0,9,246,1,0",95,30,0
0,"224,1,4",96,29,""
1,"8,2,17,1,40,1,4",96,29,""
0,"225,1,4",97,28,0
1,"8,2,100,1,4",97,28,""
0,"8,5,9,1,4",98,27,""
1,"1,1,244,1,2",98,27,""
0,"8,4,29,1,4",99,26,""
1,"0,3,17,1,149,1,0",99,26,""
0,"8,1,16,1,64,1,4",100,25,""
1,"8,3,9,1,23,1,4",100,25,""
2,"0,2,17,1,154,1,0",100,25,0
0,"8,1,17,1,64,1,4",101,24,0
1,"8,2,9,1,51,1,4",101,24,""
2,"8,1,206,1,0",101,24,""
3,"0,6,260,1,0",101,24,""
0,"8,1,154,1,4",102,23,1
1,"8,1,9,1,13,3,4",102,23,""
2,"0,4,274,1,0",102,23,1
0,"42,1,64,1,4",103,22,""
1,"9,1,13,2,32,1,4",103,22,""
0,"9,1,13,2,23,1,7",104,21,""
1,"8,2,101,1,4",104,21,""
0,"8,1,13,1,80,1,4",105,20,""
0,"23,1,101,1,4",106,19,""
0,229,107,18,1
1,"13,1,132",107,18,2
2,"23,1,80,1,7",107,18,""
3,"291,1,0",107,18,""
0,230,108,17,""
1,"292,1,0",108,17,2
0,"0,1,224",109,16,""
0,"201,1,7",110,15,""
1,"0,1,59,1,69,1,0",110,15,""
0,232,111,14,""
1,231,111,14,"0,3,5"
0,"0,1,226",112,13,2
1,"294,1,0",112,13,""
2,"2,1,275,1,0",112,13,""
0,"262,1,1",113,12,""
1,"13,1,181,1,0",113,12,""
0,234,114,11,2
1,233,114,11,"2,3"
0,236,115,10,1
1,235,115,10,""
0,237,116,9,2
1,"53,1,69,1,1",116,9,""
0,"264,1,1",117,8,""
0,"0,126,0",0,126,""
0,"256,1,2",85,41,""
0,"295,1,0",86,40,""
0,"296,1,0",87,39,0
0,"8,2,145,1,0",90,36,""
0,"8,1,16,1,111,1,0",91,35,0
0,"0,10,245,1,0",94,32,""
0,"0,10,246,1,0",95,31,0
0,"297,1,0",96,30,""
0,"298,1,0",97,29,0
0,"0,4,17,1,149,1,0",99,27,""
0,"8,2,146,1,0",100,26,""
1,"0,3,17,1,154,1,0",100,26,0
0,"8,2,147,1,0",101,25,0
1,"0,7,260,1,0",101,25,""
0,"0,5,274,1,0",102,24,""
0,"13,3,51,1,0",105,21,""
0,"260,1,2",106,20,""
1,"64,2,0",106,20,""
2,"13,3,52,1,0",106,20,""
0,"2,1,211",107,19,""
1,"299,1,0",107,19,1
2,"0,1,291,1,0",107,19,""
0,"1,1,223",108,18,""
1,"0,1,292,1,0",108,18,""
0,"23,1,83,1,7",109,17,""
1,"301,1,0",109,17,""
2,"300,1,0",109,17,0
0,"9,1,133,1,7",110,16,""
1,"209,1,6",110,16,""
2,"303,1,0",110,16,""
3,"302,1,0",110,16,""
4,"8,1,212,1,0",110,16,""
5,"0,2,59,1,69,1,0",110,16,""
0,"267,1,1",111,15,""
1,"305,1,0",111,15,""
2,"304,1,0",111,15,""
3,"13,1,188,1,0",111,15,2
0,"261,1,2",112,14,""
1,"268,1,1",112,14,""
2,"306,1,0",112,14,2
3,"13,1,189,1,0",112,14,""
0,238,113,13,"1,3,4"
1,"1,1,226",113,13,4
2,"308,1,0",113,13,""
3,"307,1,0",113,13,""
0,"75,1,42",114,12,""
1,"309,1,0",114,12,""
2,"13,1,190,1,0",114,12,""
0,"181,1,9",115,11,""
1,"235,1,3",115,11,""
2,"2,1,251,1,1",115,11,""
0,"271,1,1",116,10,""
1,"270,1,1",116,10,""
0,240,117,9,2
1,239,117,9,2
2,"272,1,1",117,9,""
0,241,118,8,"2,4"
1,"54,1,69,1,1",118,8,""
0,"273,1,1",119,7,""
0,"0,127,0",0,127,""
0,242,85,42,""
0,"0,1,295,1,0",86,41,""
0,"0,1,296,1,0",87,40,0
0,"0,1,8,2,145,1,0",90,37,""
0,"0,1,8,1,16,1,111,1,0",91,36,""
0,"265,1,2",92,35,""
0,"0,11,245,1,0",94,33,""
0,"0,11,246,1,0",95,32,1
0,"0,1,297,1,0",96,31,""
0,"0,1,298,1,0",97,30,""
0,"0,5,17,1,149,1,0",99,28,""
0,"0,4,17,1,154,1,0",100,27,""
0,"0,1,8,2,147,1,0",101,26,""
0,"8,1,160,1,4",104,23,1
0,"232,1,4",105,22,2
0,"233,1,4",106,21,1
1,"0,1,64,2,0",106,21,""
0,"208,1,7",107,20,1
1,"0,1,299,1,0",107,20,2
0,"0,2,292,1,0",108,19,""
0,"0,1,301,1,0",109,18,""
1,"0,1,300,1,0",109,18,3
0,243,110,17,1
1,"51,1,62",110,17,""
2,"0,1,8,1,212,1,0",110,17,""
3,"0,3,59,1,69,1,0",110,17,""
0,"13,1,67,1,20",111,16,""
1,"13,1,23,1,75,1,0",111,16,""
2,"0,1,304,1,0",111,16,""
3,"0,1,13,1,188,1,0",111,16,""
0,245,112,15,1
1,244,112,15,""
2,"13,1,23,1,76,1,0",112,15,""
3,"2,1,286,1,0",112,15,""
4,"0,1,306,1,0",112,15,""
0,246,113,14,""
1,"0,1,238",113,14,1
2,"188,1,9",113,14,""
3,"2,1,287,1,0",113,14,""
0,"209,1,7",114,13,""
1,"275,1,1",114,13,""
0,247,115,12,2
1,"269,1,2",115,12,""
0,248,116,11,""
1,"270,1,2",116,11,""
2,"64,1,69,1,0",116,11,""
0,"13,1,69,1,20",117,10,""
1,"191,1,9",117,10,""
2,"216,1,5",117,10,""
3,"312,1,0",117,10,4
4,"311,1,0",117,10,""
0,"13,1,69,1,21",118,9,""
1,"314,1,0",118,9,3
2,"313,1,0",118,9,""
0,"2,1,69,1,42",119,8,""
0,"69,1,44",120,7,""
0,"0,128,0",0,128,""
0,"0,2,295,1,0",86,42,""
0,"0,2,296,1,0",87,41,""
0,"236,1,4",89,39,""
0,"183,1,10",90,38,0
0,"8,2,110,1,4",93,35,""
0,"8,2,111,1,4",94,34,0
1,"0,12,245,1,0",94,34,""
0,"16,1,17,1,50,1,4",95,33,""
1,"0,12,246,1,0",95,33,0
0,"8,1,161,1,4",96,32,""
0,"8,4,31,1,4",97,31,""
0,"8,3,16,1,17,1,4",98,30,""
0,"237,1,4",99,29,""
1,"8,3,17,2,4",99,29,""
0,"238,1,4",100,28,0
1,"8,3,60,1,4",100,28,""
0,"8,5,13,1,4",101,27,""
0,"8,4,32,1,4",102,26,""
0,"8,2,112,1,4",103,25,""
1,"8,3,13,1,23,1,4",103,25,""
0,"137,1,22",104,24,0
1,"8,2,113,1,4",104,24,0
2,"8,2,13,1,51,1,4",104,24,""
0,"8,1,162,1,4",105,23,""
1,"8,1,13,4,4",105,23,""
0,"23,1,113,1,4",106,22,""
1,"13,3,32,1,4",106,22,""
2,"0,2,64,2,0",106,22,""
0,"13,3,23,1,7",107,21,""
1,"8,1,9,1,101,1,4",107,21,""
2,"1,1,260,1,2",107,21,""
3,"0,2,299,1,0",107,21,0
0,"13,3,24,1,7",108,20,""
1,"9,1,13,1,80,1,4",108,20,""
2,"13,1,194,1,0",108,20,""
3,"0,3,292,1,0",108,20,""
0,"187,1,10",109,19,""
1,"23,1,89,1,7",109,19,""
2,"23,1,150,1,0",109,19,""
3,"0,2,301,1,0",109,19,""
4,"0,2,300,1,0",109,19,0
0,"188,1,10",110,18,1
1,"317,1,0",110,18,2
2,"316,1,0",110,18,""
0,249,111,17,4
1,"5,1,209,1,2",111,17,""
0,250,112,16,""
1,"3,1,266,1,0",112,16,""
0,"212,1,7",113,15,""
1,"3,1,267,1,0",113,15,""
0,"1,1,238",114,14,3
1,"275,1,2",114,14,""
2,"67,2,0",114,14,""
0,251,115,13,""
1,"2,1,226",115,13,""
2,"319,1,0",115,13,6
3,"67,1,68,1,0",115,13,6
0,"13,1,139",116,12,""
1,"213,1,7",116,12,""
2,"239,1,4",116,12,""
3,"68,2,0",116,12,""
4,"0,1,64,1,69,1,0",116,12,""
0,252,117,11,""
1,"320,1,0",117,11,""
2,"0,1,312,1,0",117,11,1
3,"0,1,311,1,0",117,11,""
0,"70,1,44",118,10,""
1,"321,1,0",118,10,""
2,"3,1,270,1,0",118,10,""
3,"0,1,314,1,0",118,10,2
0,"322,1,0",119,9,1
0,"67,1,69,1,0",120,8,""
0,"323,1,0",121,7,""
1,"68,1,69,1,0",121,7,""
0,"69,2,0",126,2,""
0,"324,1,0",127,1,0
0,"0,129,0",0,129,""
0,"276,1,2",86,43,""
0,"0,3,296,1,0",87,42,""
0,"325,1,0",89,40,""
0,"326,1,0",90,39,0
0,"8,2,152,1,0",93,36,""
0,"0,13,245,1,0",94,35,""
0,"0,13,246,1,0",95,34,0
0,"8,1,224,1,0",99,30,""
0,"8,1,225,1,0",100,29,0
0,"8,2,16,1,64,1,0",103,26,""
0,"8,2,17,1,64,1,0",104,25,""
0,"0,3,64,2,0",106,23,""
0,"0,3,299,1,0",107,22,1
0,"0,4,292,1,0",108,21,""
0,"13,2,32,1,20",109,20,""
1,"64,1,72,1,0",109,20,""
2,"0,3,301,1,0",109,20,""
3,"0,3,300,1,0",109,20,1
0,253,110,19,2
1,"327,1,0",110,19,"1,2"
2,"13,1,23,1,80,1,0",110,19,""
3,"0,1,317,1,0",110,19,1
4,"0,1,316,1,0",110,19,""
0,"2,1,292,1,0",111,18,""
0,254,113,16,1
1,"13,1,133,1,7",113,16,""
2,"9,1,212,1,0",113,16,""
3,"0,1,3,1,267,1,0",113,16,""
0,255,114,15,0
1,"13,1,134,1,7",114,15,""
2,"8,1,20,1,69,1,4",114,15,""
3,"280,1,2",114,15,""
4,"286,1,1",114,15,""
5,"328,1,0",114,15,0
6,"0,1,67,2,0",114,15,""
0,256,115,14,""
1,"287,1,1",115,14,""
2,"0,1,319,1,0",115,14,""
0,"0,1,68,2,0",116,13,""
1,"0,2,64,1,69,1,0",116,13,""
0,257,117,12,""
1,"0,2,312,1,0",117,12,""
2,"0,2,311,1,0",117,12,""
0,"331,1,0",118,11,""
1,"0,1,3,1,270,1,0",118,11,""
2,"0,2,314,1,0",118,11,2
0,"2,1,237",119,10,""
1,"69,1,46",119,10,""
2,"332,1,0",119,10,""
0,258,120,9,1
1,"333,1,0",120,9,""
0,"0,1,68,1,69,1,0",121,8,""
0,"0,1,69,2,0",126,3,""
0,"0,1,324,1,0",127,2,1
0,"0,130,0",0,130,""
0,"0,4,296,1,0",87,43,""
0,"0,1,325,1,0",89,41,""
0,"0,1,326,1,0",90,40,""
0,"0,14,245,1,0",94,36,""
0,"0,14,246,1,0",95,35,""
0,"224,1,6",98,32,""
0,"0,1,8,1,224,1,0",99,31,""
0,"0,1,8,1,225,1,0",100,30,""
0,"244,1,4",103,27,1
0,"0,1,8,2,17,1,64,1,0",104,26,""
0,"245,1,4",105,25,1
1,"59,1,64,1,2",105,25,""
0,"247,1,4",106,24,0
1,"0,4,64,2,0",106,24,""
0,"8,1,166,1,4",107,23,0
1,"0,4,299,1,0",107,23,2
0,"8,1,167,1,4",108,22,0
1,"0,5,292,1,0",108,22,""
0,"248,1,4",109,21,0
1,"0,4,301,1,0",109,21,""
2,"0,4,300,1,0",109,21,""
0,"219,1,7",110,20,0
1,"0,1,327,1,0",110,20,""
2,"0,2,317,1,0",110,20,2
0,"220,1,7",111,19,""
0,259,112,18,""
1,"13,1,23,1,83,1,0",112,18,""
0,"2,1,302,1,0",113,17,""
0,260,114,16,""
1,"2,1,13,1,188,1,0",114,16,""
2,"0,1,328,1,0",114,16,""
0,"13,1,75,1,20",115,15,""
1,"250,1,4",115,15,""
2,"287,1,2",115,15,""
3,"2,1,268,1,1",115,15,""
4,"0,2,319,1,0",115,15,""
0,263,116,14,2
1,262,116,14,""
2,261,116,14,""
3,"2,1,238",116,14,1
0,"202,1,9",117,13,""
1,"0,3,312,1,0",117,13,""
2,"0,3,311,1,0",117,13,""
0,"251,1,4",118,12,""
1,"335,1,0",118,12,""
2,"0,3,314,1,0",118,12,4
0,"336,1,0",119,11,2
1,"69,1,72,1,0",119,11,""
0,"337,1,0",120,10,2
1,"0,1,333,1,0",120,10,""
0,264,121,9,1
1,"338,1,0",121,9,""
0,"69,1,48",123,7,""
0,"339,1,0",124,6,""
0,"340,1,0",125,5,3
0,"341,1,0",126,4,""
1,"0,2,69,2,0",126,4,""
0,"0,2,324,1,0",127,3,0
0,"0,131,0",0,131,""
0,"0,5,296,1,0",87,44,""
0,"252,1,4",92,39,""
0,"253,1,4",93,38,0
0,"183,1,11",94,37,""
0,"0,15,246,1,0",95,36,""
0,"8,2,116,1,4",96,35,""
0,"8,2,117,1,4",97,34,""
0,"8,1,17,1,78,1,4",98,33,""
0,"8,1,171,1,4",99,32,""
0,"8,4,39,1,4",100,31,""
0,"8,4,40,1,4",101,30,""
0,"16,1,137,1,4",102,29,""
1,"8,3,17,1,20,1,4",102,29,""
0,"16,1,138,1,4",103,28,0
1,"8,3,63,1,4",103,28,""
2,"343,1,0",103,28,""
0,"17,1,138,1,4",104,27,1
1,"8,4,9,1,13,1,4",104,27,""
0,"8,3,9,1,32,1,4",105,26,""
0,"8,2,9,1,13,1,23,1,4",106,25,""
1,"8,3,64,1,4",106,25,""
2,"0,5,64,2,0",106,25,""
0,"8,1,9,1,13,1,51,1,4",107,24,""
1,"8,2,118,1,4",107,24,0
2,"0,5,299,1,0",107,24,1
0,"9,1,13,4,4",108,23,""
1,"8,1,17,1,80,1,4",108,23,""
0,"9,1,13,2,32,1,7",109,22,""
1,"8,1,173,1,4",109,22,""
2,"0,5,300,1,0",109,22,""
0,"8,1,13,1,101,1,4",110,21,""
1,"0,3,317,1,0",110,21,0
0,"13,2,80,1,4",111,20,""
0,"23,1,116",112,19,0
1,"23,1,101,1,7",112,19,""
2,"254,1,4",112,19,""
0,265,113,18,0
1,"255,1,4",113,18,0
2,"292,1,1",113,18,""
3,"347,1,0",113,18,""
4,"346,1,0",113,18,""
0,267,114,17,"2,3"
1,266,114,17,""
2,"188,1,11",114,17,2
0,268,115,16,""
1,"151,1,21",115,16,""
2,"348,1,0",115,16,""
0,"2,1,188,1,9",116,15,""
1,"349,1,0",116,15,""
2,"3,1,285,1,0",116,15,""
3,"2,2,287,1,0",116,15,""
0,"64,1,52",117,14,"0,2"
1,"13,1,209,1,0",117,14,""
2,"3,1,287,1,0",117,14,""
3,"0,4,312,1,0",117,14,""
4,"0,4,311,1,0",117,14,""
0,269,118,13,""
1,"67,1,75,1,0",118,13,""
2,"0,1,335,1,0",118,13,""
3,"0,4,314,1,0",118,13,""
0,270,119,12,""
1,"0,1,336,1,0",119,12,1
2,"0,1,69,1,72,1,0",119,12,""
0,271,120,11,""
1,"351,1,0",120,11,""
2,"0,1,337,1,0",120,11,""
0,272,121,10,0
0,273,123,8,""
1,"352,1,0",123,8,""
0,274,124,7,1
1,"353,1,0",124,7,""
2,"69,1,75,1,0",124,7,""
3,"0,1,339,1,0",124,7,""
0,"69,1,76,1,0",125,6,""
1,"0,1,340,1,0",125,6,""
0,"0,3,69,2,0",126,5,""
0,"0,3,324,1,0",127,4,1
0,"0,132,0",0,132,""
0,"8,1,236,1,0",92,40,""
0,"16,1,183,1,0",93,39,0
0,"17,1,183,1,0",94,38,""
0,"0,16,246,1,0",95,37,""
0,"5,1,224,1,2",99,33,""
0,"8,1,237,1,0",102,30,""
0,"8,1,238,1,0",103,29,0
1,"0,1,343,1,0",103,29,""
0,"17,1,185,1,0",104,28,""
0,"8,3,112,1,0",106,26,""
1,"0,6,64,2,0",106,26,""
0,"0,6,299,1,0",107,25,""
0,"0,6,300,1,0",109,23,""
0,"13,4,23,1,0",110,22,""
1,"0,4,317,1,0",110,22,1
0,"13,4,24,1,0",111,21,""
0,"16,1,187,1,0",112,20,""
0,"50,1,69,1,4",113,19,""
1,"16,1,188,1,0",113,19,""
2,"0,1,347,1,0",113,19,""
3,"0,1,346,1,0",113,19,""
0,"13,2,67,1,7",114,18,""
1,"356,1,0",114,18,2
2,"355,1,0",114,18,2
3,"17,1,188,1,0",114,18,2
0,"9,1,13,1,75,1,7",115,17,""
1,"293,1,2",115,17,""
2,"302,1,1",115,17,""
3,"358,1,0",115,17,""
4,"357,1,0",115,17,""
0,"13,1,188,1,1",116,16,""
1,"359,1,0",116,16,2
2,"13,1,212,1,0",116,16,""
3,"0,1,349,1,0",116,16,""
0,"294,1,2",117,15,""
1,"360,1,0",117,15,""
2,"0,5,312,1,0",117,15,""
0,"66,1,52",118,14,""
1,"0,2,335,1,0",118,14,""
2,"0,5,314,1,0",118,14,""
0,"3,1,226",119,13,0
1,"13,1,213,1,0",119,13,""
0,"363,1,0",120,12,""
0,"67,1,52",121,11,1
1,"239,1,5",121,11,""
2,"365,1,0",121,11,1
0,275,122,10,2
1,"1,1,264",122,10,""
2,"68,1,52",122,10,""
3,"69,1,51",122,10,""
0,276,123,9,3
1,"366,1,0",123,9,""
2,"0,1,352,1,0",123,9,""
0,"0,1,274",124,8,3
1,"367,1,0",124,8,3
0,"368,1,0",126,6,""
1,"0,4,69,2,0",126,6,""
0,"69,1,52",127,5,""
1,"0,4,324,1,0",127,5,2
0,277,128,4,0
0,"2,1,69,2,0",129,3,""
0,"2,1,324,1,0",130,2,""
0,"0,133,0",0,133,""
0,"295,1,2",91,42,""
0,"0,1,8,1,236,1,0",92,41,""
0,"0,1,16,1,183,1,0",93,40,""
0,"0,1,17,1,183,1,0",94,39,""
0,"0,17,246,1,0",95,38,""
0,"0,1,8,1,237,1,0",102,31,""
0,"0,1,8,1,238,1,0",103,30,""
0,"257,1,4",106,27,1
0,278,107,26,1
1,"0,7,299,1,0",107,26,""
0,"258,1,4",108,25,1
0,"259,1,4",109,24,0
1,"0,7,300,1,0",109,24,""
0,"8,1,180,1,4",110,23,0
1,"0,5,317,1,0",110,23,2
0,"9,1,167,1,4",111,22,0
1,"64,2,2",111,22,""
0,"233,1,7",112,21,0
1,"260,1,4",112,21,1
0,"69,1,78,1,0",113,20,""
1,"0,1,16,1,188,1,0",113,20,""
2,"0,2,347,1,0",113,20,""
0,"300,1,2",114,19,""
1,"0,1,17,1,188,1,0",114,19,4
0,"13,1,23,1,62",115,18,""
1,"302,1,2",115,18,""
2,"0,1,358,1,0",115,18,""
0,"2,1,254",116,17,""
1,"13,1,83,1,20",116,17,""
2,"209,1,10",116,17,""
3,"266,1,3",116,17,""
4,"13,2,133,1,0",116,17,""
5,"0,1,359,1,0",116,17,2
6,"0,2,349,1,0",116,17,""
0,"2,1,255",117,16,""
1,"2,1,286,1,1",117,16,""
2,"13,2,134,1,0",117,16,""
3,"2,1,328,1,0",117,16,""
4,"0,6,312,1,0",117,16,""
0,"212,1,9",118,15,""
1,"261,1,4",118,15,""
2,"308,1,2",118,15,""
3,"2,1,287,1,1",118,15,""
0,279,119,14,""
1,"370,1,0",119,14,""
0,"67,1,55",120,13,1
1,"0,1,363,1,0",120,13,""
0,280,121,12,""
1,"235,1,7",121,12,""
2,"0,1,365,1,0",121,12,""
0,281,122,11,""
1,"270,1,3",122,11,""
2,"371,1,0",122,11,""
3,"69,1,79,1,0",122,11,""
0,282,123,10,"3,4"
1,"372,1,0",123,10,4
2,"69,1,80,1,0",123,10,4
3,"0,1,366,1,0",123,10,""
0,"1,1,273",124,9,""
1,"374,1,0",124,9,""
2,"373,1,0",124,9,""
3,"0,1,367,1,0",124,9,""
0,283,125,8,"0,2"
1,"70,1,52",125,8,""
2,"376,1,0",125,8,""
3,"375,1,0",125,8,3
0,284,126,7,"1,2"
1,"69,1,55",126,7,2
2,"0,5,69,2,0",126,7,""
0,"377,1,0",127,6,""
1,"0,5,324,1,0",127,6,4
0,"378,1,0",128,5,3
0,285,129,4,4
0,"0,134,0",0,134,""
0,286,91,43,""
0,"0,2,17,1,183,1,0",94,40,""
0,"8,1,182,1,4",95,39,""
1,"0,18,246,1,0",95,39,""
0,"8,1,183,1,4",96,38,0
0,"17,1,111,1,10",97,37,""
0,"265,1,4",98,36,""
0,"8,3,71,1,4",99,35,""
0,"8,2,16,1,50,1,4",100,34,""
0,"8,2,17,1,50,1,4",101,33,""
0,287,102,32,0
1,"8,2,125,1,4",102,32,""
0,"8,5,16,1,4",103,31,""
0,"8,5,17,1,4",104,30,""
0,"8,1,184,1,4",105,29,""
1,"8,3,16,1,23,1,4",105,29,""
0,"8,1,185,1,4",106,28,1
1,"8,4,42,1,4",106,28,""
2,"8,1,244,1,0",106,28,""
0,"17,1,147,1,4",107,27,1
1,"8,4,13,2,4",107,27,""
0,"8,3,13,1,32,1,4",108,26,""
0,"8,2,13,2,23,1,4",109,25,""
1,"8,3,72,1,4",109,25,""
2,"0,8,300,1,0",109,25,""
0,"8,1,13,2,51,1,4",110,24,""
1,"8,2,127,1,4",110,24,""
2,"0,6,317,1,0",110,24,0
0,"13,5,4",111,23,""
1,"8,1,20,1,80,1,4",111,23,""
0,"13,3,32,1,7",112,22,""
1,"8,1,186,1,4",112,22,""
2,"380,1,0",112,22,""
0,288,113,21,"0,1"
1,"13,3,33,1,7",113,21,""
2,"9,1,13,1,101,1,4",113,21,""
3,"13,1,219,1,0",113,21,""
4,"0,3,347,1,0",113,21,""
0,"9,1,13,1,80,1,7",114,20,""
1,"13,1,220,1,0",114,20,""
2,"0,2,17,1,188,1,0",114,20,1
0,"8,1,187,1,4",115,19,""
1,"381,1,0",115,19,""
2,"0,2,358,1,0",115,19,""
0,289,116,18,""
1,"266,1,4",116,18,""
2,"8,1,188,1,4",116,18,2
3,"382,1,0",116,18,3
4,"0,2,359,1,0",116,18,3
5,"0,3,349,1,0",116,18,""
0,"188,1,13",117,17,4
1,"267,1,4",117,17,2
0,"66,1,56",119,15,""
1,"0,1,370,1,0",119,15,""
0,"3,1,238",120,14,0
1,"72,1,52",120,14,""
2,"385,1,0",120,14,""
0,291,121,13,""
1,290,121,13,""
2,"269,1,4",121,13,""
3,"64,1,69,1,2",121,13,""
0,292,122,12,""
1,"67,1,56",122,12,3
2,"18,1,188,1,0",122,12,""
3,"0,1,371,1,0",122,12,""
4,"0,1,69,1,79,1,0",122,12,""
0,"1,1,275",123,11,""
1,"387,1,0",123,11,""
2,"386,1,0",123,11,""
3,"18,1,189,1,0",123,11,""
4,"0,1,69,1,80,1,0",123,11,""
0,"389,1,0",124,10,""
1,"388,1,0",124,10,""
2,"0,1,373,1,0",124,10,""
3,"0,2,367,1,0",124,10,""
0,"391,1,0",125,9,"4,5"
1,"390,1,0",125,9,""
2,"69,1,82,1,0",125,9,""
3,"18,1,190,1,0",125,9,""
4,"0,1,375,1,0",125,9,5
0,293,126,8,4
1,"394,1,0",126,8,4
2,"392,1,0",126,8,""
3,"69,1,85,1,0",126,8,""
4,"0,6,69,2,0",126,8,""
0,294,127,7,"1,2,3,4"
1,"397,1,0",127,7,4
2,"396,1,0",127,7,4
3,"0,1,377,1,0",127,7,""
4,"0,6,324,1,0",127,7,5
0,"69,1,56",128,6,4
1,"399,1,0",128,6,""
2,"398,1,0",128,6,"3,4"
3,"2,1,340,1,0",128,6,""
4,"0,1,378,1,0",128,6,""
0,"400,1,0",129,5,""
1,"2,1,341,1,0",129,5,""
0,"69,2,1",131,3,""
0,"324,1,1",132,2,""
0,"0,135,0",0,135,""
0,"0,1,286",91,44,""
0,"1,1,295,1,2",92,43,""
0,"0,3,17,1,183,1,0",94,41,""
0,"8,1,252,1,0",95,40,""
1,"0,19,246,1,0",95,40,""
0,"8,1,253,1,0",96,39,0
0,"402,1,0",101,34,""
0,"403,1,0",102,33,0
0,"244,1,6",105,30,""
1,"8,1,16,1,137,1,0",105,30,""
0,"8,1,16,1,138,1,0",106,29,0
1,"0,1,8,1,244,1,0",106,29,""
0,"8,1,17,1,138,1,0",107,28,""
0,"315,1,2",108,27,""
0,"0,9,300,1,0",109,26,""
0,"0,7,317,1,0",110,25,1
0,"1,1,64,2,2",112,23,""
1,"0,1,380,1,0",112,23,""
0,"404,1,0",113,22,""
1,"0,4,347,1,0",113,22,""
0,"13,4,20",114,21,""
1,"0,3,17,1,188,1,0",114,21,1
0,"1,1,300,1,2",115,20,""
1,"13,1,23,1,101,1,0",115,20,""
2,"8,1,254,1,0",115,20,""
3,"0,3,358,1,0",115,20,""
0,295,116,19,""
1,"8,1,255,1,0",116,19,""
2,"2,1,346,1,0",116,19,""
3,"0,3,359,1,0",116,19,""
4,"0,4,349,1,0",116,19,""
0,"405,1,0",117,18,""
1,"20,1,188,1,0",117,18,""
0,296,118,17,1
1,"13,2,75,1,7",118,17,""
0,"3,1,244",119,16,""
1,"13,2,76,1,7",119,16,""
2,"1,1,308,1,2",119,16,""
3,"328,1,1",119,16,0
0,297,120,15,""
1,"0,1,3,1,238",120,15,1
2,"319,1,2",120,15,""
0,300,121,14,"2,3"
1,299,121,14,4
2,298,121,14,""
3,"67,1,58",121,14,""
0,302,122,13,""
1,301,122,13,""
2,"320,1,2",122,13,""
3,"407,1,0",122,13,""
0,304,123,12,1
1,303,123,12,""
2,"321,1,2",123,12,""
3,"408,1,0",123,12,""
4,"0,1,386,1,0",123,12,""
0,"322,1,2",124,11,""
1,"411,1,0",124,11,""
2,"410,1,0",124,11,2
3,"409,1,0",124,11,2
4,"0,1,389,1,0",124,11,""
5,"0,3,367,1,0",124,11,""
0,"69,1,57",125,10,""
1,"74,1,52",125,10,"2,3"
2,"412,1,0",125,10,"2,3"
3,"0,1,391,1,0",125,10,""
4,"0,1,390,1,0",125,10,""
5,"0,2,375,1,0",125,10,4
0,305,126,9,1
1,"323,1,2",126,9,""
2,"414,1,0",126,9,""
3,"0,1,394,1,0",126,9,""
4,"0,1,392,1,0",126,9,""
5,"0,7,69,2,0",126,9,""
0,"415,1,0",127,8,3
1,"2,1,353,1,0",127,8,""
2,"2,1,69,1,75,1,0",127,8,""
3,"0,1,397,1,0",127,8,""
4,"0,1,396,1,0",127,8,""
5,"0,7,324,1,0",127,8,4
0,"0,1,69,1,56",128,7,""
1,"2,1,69,1,76,1,0",128,7,""
2,"0,1,398,1,0",128,7,""
0,306,129,6,""
0,"1,1,285",130,5,""
0,"69,2,2",131,4,""
0,"324,1,2",132,3,""
0,"0,136,0",0,136,""
0,"416,1,0",91,45,""
0,"276,1,4",92,44,""
0,"0,4,17,1,183,1,0",94,42,""
0,"0,1,8,1,252,1,0",95,41,""
1,"0,20,246,1,0",95,41,""
0,"0,1,8,1,253,1,0",96,40,""
0,"0,1,402,1,0",101,35,""
0,"0,1,403,1,0",102,34,1
0,"0,1,8,1,16,1,137,1,0",105,31,""
0,"0,1,8,1,16,1,138,1,0",106,30,""
0,"16,1,149,1,4",109,27,1
1,"0,10,300,1,0",109,27,""
0,"17,1,149,1,4",110,26,"1,2"
1,"0,8,317,1,0",110,26,3
0,"277,1,4",111,25,1
0,"8,1,193,1,4",112,24,1
0,"8,1,194,1,4",113,23,0
1,"0,5,347,1,0",113,23,""
0,"13,1,167,1,4",114,22,0
1,"0,4,17,1,188,1,0",114,22,2
0,"248,1,7",115,21,0
1,"278,1,4",115,21,1
0,307,116,20,""
1,"13,1,150,1,7",116,20,""
2,"0,1,8,1,255,1,0",116,20,""
3,"0,4,359,1,0",116,20,""
0,308,117,19,""
1,"13,3,67,1,0",117,19,""
2,"2,1,355,1,0",117,19,""
3,"0,1,405,1,0",117,19,""
0,"2,1,302,1,1",118,18,""
0,"279,1,4",119,17,""
1,"2,1,359,1,0",119,17,""
0,309,120,16,1
1,"13,1,95,1,20",120,16,""
2,"209,1,11",120,16,""
3,"280,1,4",120,16,""
4,"285,1,3",120,16,""
5,"3,2,267,1,0",120,16,""
0,"0,1,300",121,15,3
1,"250,1,7",121,15,""
2,"287,1,3",121,15,4
3,"7,1,267,1,0",121,15,""
0,"1,1,64,1,69,1,2",122,14,""
1,"0,1,407,1,0",122,14,""
0,"418,1,0",123,13,""
1,"417,1,0",123,13,""
2,"0,2,386,1,0",123,13,""
0,310,124,12,0
1,"251,1,7",124,12,""
2,"0,1,410,1,0",124,12,""
3,"0,1,409,1,0",124,12,""
4,"0,4,367,1,0",124,12,""
0,"76,1,55",125,11,""
1,"69,1,89,1,0",125,11,""
2,"0,2,391,1,0",125,11,""
3,"0,3,375,1,0",125,11,3
0,311,126,10,2
1,"69,1,59",126,10,3
2,"419,1,0",126,10,3
3,"0,1,414,1,0",126,10,""
4,"0,8,69,2,0",126,10,""
0,313,127,9,""
1,312,127,9,"1,2,4"
2,"69,1,60",127,9,""
3,"0,1,415,1,0",127,9,""
4,"0,8,324,1,0",127,9,5
0,315,128,8,""
1,314,128,8,2
2,"1,1,294",128,8,""
3,"3,1,68,1,69,1,0",128,8,""
0,317,129,7,""
1,316,129,7,""
2,"1,1,69,1,56",129,7,""
3,"339,1,1",129,7,""
4,"2,1,368,1,0",129,7,""
0,319,130,6,""
1,318,130,6,""
2,"340,1,1",130,6,""
3,"69,1,93,1,0",130,6,""
0,320,131,5,""
1,"341,1,1",131,5,""
0,"2,2,69,2,0",132,4,""
0,"3,1,69,2,0",133,3,""
1,"2,2,324,1,0",133,3,""
0,"3,1,324,1,0",134,2,1
0,"0,137,0",0,137,""
0,"0,21,246,1,0",95,42,""
0,"8,1,199,1,4",98,39,""
0,321,99,38,0
1,"8,1,200,1,4",99,38,0
0,"17,1,153,1,4",100,37,""
0,"283,1,4",101,36,""
1,"0,2,402,1,0",101,36,""
0,"8,3,77,1,4",102,35,""
1,"0,2,403,1,0",102,35,0
0,"8,3,78,1,4",103,34,""
0,"224,1,10",104,33,""
1,"8,2,17,1,56,1,4",104,33,""
0,"225,1,10",105,32,0
1,"8,2,136,1,4",105,32,""
0,"8,5,19,1,4",106,31,""
1,"5,1,244,1,2",106,31,""
0,"8,5,20,1,4",107,30,""
0,"8,2,137,1,4",108,29,""
1,"8,4,45,1,4",108,29,""
0,"8,2,138,1,4",109,28,0
1,"8,4,46,1,4",109,28,""
2,"8,1,257,1,0",109,28,""
3,"0,11,300,1,0",109,28,""
0,"16,1,154,1,4",110,27,1
1,"8,3,9,1,13,2,4",110,27,""
2,"0,9,317,1,0",110,27,1
0,"17,1,154,1,4",111,26,""
1,"8,2,9,1,13,1,32,1,4",111,26,""
0,"8,1,9,1,13,2,23,1,4",112,25,""
1,"8,3,79,1,4",112,25,""
0,"9,1,13,2,51,1,4",113,24,""
1,"8,3,80,1,4",113,24,""
2,"0,6,347,1,0",113,24,""
0,"9,1,13,4,7",114,23,""
1,"8,1,22,1,80,1,4",114,23,""
0,"8,1,23,1,80,1,4",115,22,""
1,"8,1,260,1,0",115,22,""
0,322,116,21,1
1,"13,2,101,1,4",116,21,""
2,"0,5,359,1,0",116,21,""
0,"167,1,20",117,20,1
1,"13,2,80,1,7",117,20,""
2,"334,1,2",117,20,""
0,323,118,19,""
1,"8,1,201,1,4",118,19,""
2,"346,1,1",118,19,""
0,"168,1,21",119,18,""
1,"284,1,4",119,18,""
2,"9,1,188,1,4",119,18,1
0,"188,1,14",120,17,""
1,"286,1,4",120,17,3
2,"285,1,4",120,17,3
3,"17,1,209,1,0",120,17,""
4,"0,1,3,2,267,1,0",120,17,""
0,"170,1,21",121,16,""
1,"422,1,0",121,16,4
2,"0,1,7,1,267,1,0",121,16,""
0,324,122,15,""
1,"1,1,300",122,15,2
2,"423,1,0",122,15,""
0,"7,1,209,1,4",123,14,""
1,"335,1,2",123,14,""
2,"23,1,181,1,0",123,14,""
3,"0,1,418,1,0",123,14,""
0,325,124,13,1
1,"288,1,4",124,13,""
2,"7,1,275,1,0",124,13,""
3,"0,5,367,1,0",124,13,""
0,326,125,12,""
1,"425,1,0",125,12,""
2,"0,3,391,1,0",125,12,""
3,"0,4,375,1,0",125,12,""
0,328,126,11,"2,3"
1,327,126,11,""
2,"75,1,56",126,11,""
3,"74,1,56",126,11,2
4,"0,1,419,1,0",126,11,""
5,"0,9,69,2,0",126,11,""
0,"76,1,56",127,10,""
1,"428,1,0",127,10,0
2,"3,1,333,1,0",127,10,""
3,"2,1,373,1,0",127,10,""
4,"0,9,324,1,0",127,10,2
0,329,128,9,""
1,"69,1,62",128,9,""
2,"352,1,1",128,9,""
3,"2,1,376,1,0",128,9,""
0,330,129,8,""
1,"69,1,63",129,8,""
2,"353,1,1",129,8,""
3,"69,1,75,1,1",129,8,""
4,"429,1,0",129,8,""
5,"69,1,95,1,0",129,8,4
0,"1,1,306",130,7,""
1,"69,1,76,1,1",130,7,""
0,331,131,6,""
0,332,132,5,4
1,"2,1,285",132,5,""
2,"1,1,69,2,2",132,5,""
0,"1,1,324,1,2",133,4,""
1,"0,1,3,1,69,2,0",133,4,""
0,"0,1,3,1,324,1,0",134,3,1
0,"0,138,0",0,138,""
0,"342,1,2",93,45,""
0,"431,1,0",94,44,""
0,"0,22,246,1,0",95,43,""
0,"8,2,182,1,0",98,40,""
0,"8,2,183,1,0",99,39,0
0,"0,3,402,1,0",101,37,""
0,"0,3,403,1,0",102,36,0
0,"432,1,0",104,34,""
0,"433,1,0",105,33,0
0,"8,2,184,1,0",108,30,""
0,"8,2,185,1,0",109,29,""
1,"0,12,300,1,0",109,29,""
0,"0,10,317,1,0",110,28,""
0,"260,1,6",114,24,""
0,"13,4,32,1,0",115,23,""
1,"0,1,8,1,260,1,0",115,23,""
0,"434,1,0",116,22,""
1,"13,4,33,1,0",116,22,""
0,"347,1,2",118,20,""
1,"8,2,187,1,0",118,20,""
2,"2,1,381,1,0",118,20,""
0,"13,2,83,1,7",119,19,""
1,"355,1,1",119,19,""
2,"8,2,188,1,0",119,19,1
3,"7,1,278,1,0",119,19,""
0,"9,1,13,1,95,1,7",120,18,""
1,"357,1,1",120,18,""
2,"22,1,188,1,0",120,18,""
3,"8,1,267,1,0",120,18,""
4,"0,1,17,1,209,1,0",120,18,""
0,"5,1,226",121,17,2
1,"359,1,1",121,17,""
2,"436,1,0",121,17,""
3,"23,1,188,1,0",121,17,3
4,"0,1,422,1,0",121,17,3
0,"3,1,287,1,2",122,16,""
1,"437,1,0",122,16,""
2,"23,1,189,1,0",122,16,""
0,"7,1,212",123,15,""
1,"438,1,0",123,15,""
2,"0,2,418,1,0",123,15,""
0,"440,1,0",124,14,3
1,"439,1,0",124,14,"3,4"
2,"23,1,190,1,0",124,14,""
0,333,125,13,2
1,"351,1,2",125,13,""
2,"3,1,335,1,0",125,13,""
3,"0,1,425,1,0",125,13,""
0,"25,1,190,1,0",126,12,""
1,"3,1,336,1,0",126,12,""
2,"0,10,69,2,0",126,12,""
0,334,127,11,""
1,"92,1,48",127,11,""
2,"0,1,428,1,0",127,11,""
3,"0,10,324,1,0",127,11,2
0,336,128,10,1
1,335,128,10,"1,3,5"
2,"442,1,0",128,10,""
3,"441,1,0",128,10,4
4,"2,1,69,1,82,1,0",128,10,""
0,337,129,9,"4,5"
1,"1,1,314",129,9,""
2,"367,1,1",129,9,""
3,"444,1,0",129,9,""
4,"443,1,0",129,9,""
5,"0,1,429,1,0",129,9,""
6,"0,1,69,1,95,1,0",129,9,""
0,340,130,8,6
1,339,130,8,""
2,338,130,8,"3,6"
3,"2,1,294",130,8,6
4,"69,1,76,1,2",130,8,""
5,"445,1,0",130,8,6
0,341,131,7,""
1,"2,1,69,1,56",131,7,""
2,"368,1,1",131,7,""
3,"3,1,339,1,0",131,7,""
4,"2,1,398,1,0",131,7,""
0,"69,1,67",132,6,""
1,"446,1,0",132,6,1
2,"3,1,340,1,0",132,6,3
3,"2,1,400,1,0",132,6,""
0,"3,1,341,1,0",133,5,""
1,"0,2,3,1,69,2,0",133,5,""
0,"2,1,69,2,1",134,4,""
1,"0,2,3,1,324,1,0",134,4,0
0,"2,1,324,1,1",135,3,""
0,"0,139,0",0,139,""
0,342,93,46,""
0,"0,1,431,1,0",94,45,""
0,"0,23,246,1,0",95,44,""
0,"0,1,8,2,182,1,0",98,41,""
0,"0,1,8,2,183,1,0",99,40,""
0,"354,1,2",100,39,""
0,"0,4,402,1,0",101,38,""
0,"0,4,403,1,0",102,37,1
0,"0,1,432,1,0",104,35,""
0,"0,1,433,1,0",105,34,""
0,"0,1,8,2,185,1,0",109,30,""
0,"8,1,206,1,4",112,27,1
0,"17,1,160,1,4",113,26,2
0,"8,1,207,1,4",114,25,1
0,"8,1,208,1,4",115,24,1
0,"9,1,194,1,4",116,23,0
0,"9,1,167,1,7",117,22,0
0,"291,1,4",118,21,2
1,"0,1,8,2,187,1,0",118,21,""
0,"292,1,4",119,20,"2,4"
1,"0,1,8,2,188,1,0",119,20,""
0,343,120,19,3
1,"13,1,32,1,62",120,19,""
2,"0,1,8,1,267,1,0",120,19,""
3,"0,2,17,1,209,1,0",120,19,""
0,"13,1,105,1,20",121,18,""
1,"293,1,4",121,18,""
2,"359,1,2",121,18,""
3,"13,3,75,1,0",121,18,""
4,"0,2,422,1,0",121,18,1
0,"8,1,209,1,4",122,17,""
1,"13,3,76,1,0",122,17,""
2,"0,1,437,1,0",122,17,""
0,344,123,16,3
1,"294,1,4",123,16,""
2,"361,1,2",123,16,""
3,"0,1,438,1,0",123,16,""
4,"0,3,418,1,0",123,16,""
0,345,124,15,""
1,"261,1,7",124,15,""
2,"448,1,0",124,15,""
3,"0,1,440,1,0",124,15,3
4,"0,1,439,1,0",124,15,""
0,"262,1,7",125,14,""
1,"449,1,0",125,14,1
0,346,126,13,2
1,"263,1,7",126,13,""
2,"0,11,69,2,0",126,13,""
0,350,127,12,""
1,349,127,12,""
2,348,127,12,"0,2,4"
3,347,127,12,6
4,"0,2,428,1,0",127,12,""
5,"0,11,324,1,0",127,12,6
0,352,128,11,""
1,351,128,11,5
2,"0,1,336",128,11,4
3,"3,1,272",128,11,5
4,"18,1,209,1,0",128,11,""
5,"0,1,441,1,0",128,11,""
0,354,129,10,3
1,353,129,10,3
2,"69,1,71",129,10,""
3,"69,1,70",129,10,""
4,"373,1,1",129,10,""
5,"450,1,0",129,10,""
6,"0,1,443,1,0",129,10,""
0,355,130,9,""
1,"1,1,330",130,9,""
2,"3,1,273",130,9,""
3,"376,1,1",130,9,""
4,"3,1,352,1,0",130,9,""
5,"0,1,445,1,0",130,9,""
0,"3,1,274",131,8,5
1,"451,1,0",131,8,""
2,"2,2,69,1,76,1,0",131,8,""
3,"0,1,3,1,339,1,0",131,8,""
0,"2,1,306",132,7,""
1,"0,1,446,1,0",132,7,6
2,"0,1,3,1,340,1,0",132,7,""
0,"0,3,3,1,69,2,0",133,6,""
0,"0,3,3,1,324,1,0",134,5,""
0,"0,140,0",0,140,""
0,"0,2,431,1,0",94,46,""
0,"0,24,246,1,0",95,45,""
0,"295,1,4",97,43,""
0,"296,1,4",98,42,0
0,"8,2,145,1,4",101,39,""
1,"0,5,402,1,0",101,39,""
0,"8,1,16,1,111,1,4",102,38,0
1,"0,5,403,1,0",102,38,1
0,"8,1,17,1,111,1,4",103,37,""
0,"8,1,211,1,4",104,36,""
0,"8,4,49,1,4",105,35,""
0,"8,4,50,1,4",106,34,""
0,"297,1,4",107,33,""
1,"8,2,16,1,17,2,4",107,33,""
0,"298,1,4",108,32,0
1,"8,3,88,1,4",108,32,""
2,"452,1,0",108,32,""
0,"225,1,11",109,31,1
1,"8,7,4",109,31,""
0,"8,5,22,1,4",110,30,""
0,"8,2,146,1,4",111,29,""
1,"8,5,23,1,4",111,29,""
0,"137,1,31",112,28,0
1,"8,2,147,1,4",112,28,0
2,"8,4,51,1,4",112,28,""
0,"8,1,17,1,113,1,4",113,27,""
1,"8,3,13,3,4",113,27,""
0,"17,1,162,1,4",114,26,""
1,"8,2,13,2,32,1,4",114,26,""
0,"8,1,13,3,23,1,4",115,25,""
1,"8,3,89,1,4",115,25,""
2,"5,1,260,1,2",115,25,""
0,"13,3,51,1,4",116,24,""
1,"8,2,9,1,80,1,4",116,24,""
0,"13,5,7",117,23,""
1,"64,2,4",117,23,""
2,"8,1,23,1,89,1,4",117,23,""
0,"13,2,23,1,24,1,7",118,22,""
1,"299,1,4",118,22,0
2,"9,1,23,1,80,1,4",118,22,""
3,"13,1,248,1,0",118,22,""
4,"8,1,278,1,0",118,22,""
0,356,119,21,""
1,"2,1,307",119,21,""
2,"9,1,13,1,101,1,7",119,21,""
3,"1,1,347,1,2",119,21,""
4,"454,1,0",119,21,1
5,"13,2,150,1,0",119,21,""
0,"381,1,1",120,20,""
1,"0,3,17,1,209,1,0",120,20,""
0,"8,1,212,1,4",121,19,""
1,"0,3,422,1,0",121,19,1
0,"266,1,7",122,18,""
1,"13,1,188,1,4",122,18,1
2,"369,1,2",122,18,""
3,"0,2,437,1,0",122,18,""
0,"188,1,18",123,17,""
1,"267,1,7",123,17,2
2,"3,1,359,1,0",123,17,2
3,"0,4,418,1,0",123,17,""
0,"268,1,7",124,16,""
1,"0,1,448,1,0",124,16,""
2,"0,2,440,1,0",124,16,2
3,"0,2,439,1,0",124,16,""
0,"309,1,4",125,15,""
1,"456,1,0",125,15,""
2,"67,1,107,1,0",125,15,""
3,"0,1,449,1,0",125,15,3
0,357,126,14,3
1,"75,1,62",126,14,""
2,"174,1,22",126,14,3
3,"190,1,18",126,14,""
4,"1,1,351,1,2",126,14,""
5,"68,1,107,1,0",126,14,3
6,"0,12,69,2,0",126,14,""
0,"7,1,226",127,13,""
1,"82,1,56",127,13,2
2,"181,1,20",127,13,""
3,"269,1,7",127,13,""
4,"458,1,0",127,13,""
5,"3,1,363,1,0",127,13,""
6,"0,12,324,1,0",127,13,3
0,358,128,12,""
1,"181,1,21",128,12,""
2,"460,1,0",128,12,""
3,"459,1,0",128,12,""
4,"76,1,95,1,0",128,12,""
5,"3,1,365,1,0",128,12,""
0,"1,1,336",129,11,5
1,"3,1,275",129,11,6
2,"462,1,0",129,11,""
3,"461,1,0",129,11,""
4,"69,1,104,1,0",129,11,""
5,"0,1,450,1,0",129,11,""
0,"91,1,52",130,10,5
1,"375,1,2",130,10,""
2,"69,1,82,1,1",130,10,""
3,"463,1,0",130,10,5
4,"18,1,213,1,0",130,10,""
5,"3,1,366,1,0",130,10,""
6,"0,1,3,1,352,1,0",130,10,""
0,"2,1,314",131,9,""
1,"93,1,52",131,9,""
2,"92,1,52",131,9,""
3,"464,1,0",131,9,""
4,"69,1,107,1,0",131,9,""
5,"3,1,367,1,0",131,9,""
6,"0,1,451,1,0",131,9,""
0,"396,1,1",132,8,""
1,"466,1,0",132,8,""
2,"465,1,0",132,8,""
3,"2,2,368,1,0",132,8,""
4,"0,2,446,1,0",132,8,5
0,359,133,7,""
1,"398,1,1",133,7,""
2,"467,1,0",133,7,""
3,"3,1,368,1,0",133,7,""
0,"3,1,69,1,52",134,6,""
1,"400,1,1",134,6,""
2,"468,1,0",134,6,""
0,"3,1,277",135,5,0
0,"0,141,0",0,141,""
0,"379,1,2",94,47,""
0,"0,25,246,1,0",95,46,""
0,"469,1,0",97,44,""
0,"470,1,0",98,43,0
0,"8,2,199,1,0",101,40,""
1,"0,6,402,1,0",101,40,""
0,"0,6,403,1,0",102,39,0
0,"16,1,224,1,0",107,34,""
0,"16,1,225,1,0",108,33,0
1,"0,1,452,1,0",108,33,""
0,"17,1,225,1,0",109,32,1
0,"8,3,137,1,0",111,30,""
0,"8,3,138,1,0",112,29,""
0,"64,1,112,1,0",117,24,""
0,"64,1,113,1,0",118,23,""
1,"0,1,8,1,278,1,0",118,23,""
0,"13,2,51,1,20",119,22,""
1,"0,1,454,1,0",119,22,""
0,"13,3,80,1,0",120,21,""
1,"0,4,17,1,209,1,0",120,21,""
0,"2,1,323",121,20,""
1,"8,2,201,1,0",121,20,""
2,"0,4,422,1,0",121,20,1
0,"383,1,2",122,19,""
1,"8,1,9,1,188,1,0",122,19,""
2,"0,3,437,1,0",122,19,""
0,"13,2,95,1,7",123,18,""
1,"0,1,3,1,359,1,0",123,18,4
2,"0,5,418,1,0",123,18,""
0,"1,1,344",124,17,""
1,"13,1,164,1,7",124,17,""
2,"472,1,0",124,17,""
3,"0,2,448,1,0",124,17,""
4,"0,3,440,1,0",124,17,""
0,"188,1,20",125,16,""
1,"385,1,2",125,16,""
2,"473,1,0",125,16,""
3,"0,1,67,1,107,1,0",125,16,""
4,"0,2,449,1,0",125,16,1
0,"189,1,20",126,15,""
1,"287,1,5",126,15,""
2,"0,1,68,1,107,1,0",126,15,""
3,"0,13,69,2,0",126,15,""
0,361,127,14,2
1,360,127,14,""
2,"0,1,7,1,226",127,14,""
3,"189,1,21",127,14,""
4,"64,1,69,1,4",127,14,""
5,"0,13,324,1,0",127,14,2
0,"190,1,20",128,13,""
1,"312,1,4",128,13,3
2,"387,1,2",128,13,""
3,"475,1,0",128,13,""
4,"474,1,0",128,13,""
5,"0,1,460,1,0",128,13,""
6,"0,1,3,1,365,1,0",128,13,""
0,"190,1,21",129,12,""
1,"314,1,4",129,12,5
2,"389,1,2",129,12,""
3,"388,1,2",129,12,""
4,"476,1,0",129,12,""
5,"0,1,462,1,0",129,12,""
0,362,130,11,""
1,"191,1,21",130,11,""
2,"477,1,0",130,11,""
0,"2,1,69,1,62",131,10,""
1,"392,1,2",131,10,""
2,"478,1,0",131,10,""
3,"2,2,376,1,0",131,10,""
4,"0,1,464,1,0",131,10,""
5,"0,2,451,1,0",131,10,""
0,363,132,9,8
1,"3,1,283",132,9,7
2,"2,1,69,1,63",132,9,""
3,"2,1,69,1,75,1,1",132,9,""
4,"479,1,0",132,9,""
5,"3,1,376,1,0",132,9,""
6,"2,1,69,1,95,1,0",132,9,""
7,"0,3,446,1,0",132,9,8
0,364,133,8,6
1,"2,1,69,1,76,1,1",133,8,""
2,"480,1,0",133,8,5
0,"3,1,377,1,0",134,7,""
0,"2,1,332",135,6,""
1,"3,1,378,1,0",135,6,""
0,"3,1,285",136,5,""
0,"69,2,3",137,4,""
0,"324,1,3",138,3,1
0,"0,142,0",0,142,""
0,"0,26,246,1,0",95,47,""
0,"0,1,469,1,0",97,45,""
0,"0,1,470,1,0",98,44,""
0,"0,7,402,1,0",101,41,""
0,"0,7,403,1,0",102,40,""
0,"402,1,2",106,36,""
0,"0,1,16,1,224,1,0",107,35,""
0,"0,1,16,1,225,1,0",108,34,""
1,"0,2,452,1,0",108,34,""
0,"0,1,17,1,225,1,0",109,33,1
0,"244,1,10",111,31,1
0,"0,1,8,3,138,1,0",112,30,""
0,"245,1,10",113,29,1
1,"42,1,137,1,2",113,29,""
0,"315,1,4",114,28,0
0,"8,2,149,1,4",115,27,1
0,"16,1,167,1,4",116,26,1
0,"8,1,218,1,4",117,25,1
0,"8,1,219,1,4",118,24,1
1,"0,1,64,1,113,1,0",118,24,""
0,"13,1,194,1,4",119,23,1
0,"13,1,167,1,7",120,22,0
1,"0,5,17,1,209,1,0",120,22,""
0,365,121,21,""
1,"13,1,168,1,7",121,21,""
2,"316,1,4",121,21,1
0,367,122,20,""
1,366,122,20,"2,3"
2,"13,3,83,1,0",122,20,""
3,"0,1,8,1,9,1,188,1,0",122,20,""
4,"0,4,437,1,0",122,20,""
0,"318,1,4",123,19,""
1,"0,2,3,1,359,1,0",123,19,""
0,368,124,18,""
1,"0,4,440,1,0",124,18,""
0,"23,1,75,1,20",125,17,""
1,"9,1,209,1,4",125,17,""
2,"0,3,449,1,0",125,17,1
0,"280,1,7",126,16,""
1,"319,1,4",126,16,""
2,"0,14,69,2,0",126,16,""
0,369,127,15,""
1,"90,1,56",127,15,"1,2,3"
2,"481,1,0",127,15,""
3,"69,1,112,1,0",127,15,""
4,"2,1,439,1,0",127,15,""
5,"0,14,324,1,0",127,15,3
0,"192,1,21",128,14,""
1,"320,1,4",128,14,""
2,"417,1,1",128,14,""
3,"482,1,0",128,14,3
4,"69,1,113,1,0",128,14,4
5,"0,1,475,1,0",128,14,""
0,371,129,13,1
1,370,129,13,1
2,"3,1,67,1,56",129,13,0
3,"281,1,7",129,13,""
4,"483,1,0",129,13,""
0,"282,1,7",130,12,""
1,"322,1,4",130,12,""
2,"413,1,2",130,12,""
3,"412,1,2",130,12,""
4,"484,1,0",130,12,1
5,"3,1,386,1,0",130,12,""
0,373,131,11,0
1,372,131,11,""
2,"91,1,56",131,11,0
3,"333,1,3",131,11,""
4,"1,1,375,1,2",131,11,""
5,"486,1,0",131,11,4
6,"485,1,0",131,11,4
7,"3,1,389,1,0",131,11,""
8,"0,3,451,1,0",131,11,""
0,376,132,10,5
1,375,132,10,""
2,374,132,10,5
3,"415,1,2",132,10,""
4,"3,1,391,1,0",132,10,5
5,"3,1,390,1,0",132,10,""
6,"0,1,479,1,0",132,10,""
7,"0,4,446,1,0",132,10,""
0,"2,1,338",133,9,""
1,"2,2,294",133,9,""
2,"3,1,293",133,9,""
3,"7,1,241",133,9,"3,4,5"
4,"3,1,392,1,0",133,9,""
5,"2,1,445,1,0",133,9,""
6,"0,1,480,1,0",133,9,""
0,377,134,8,""
1,"3,1,294",134,8,""
2,"2,2,69,1,56",134,8,""
3,"99,1,52",134,8,""
4,"2,1,368,1,1",134,8,""
5,"3,1,397,1,0",134,8,""
6,"3,1,396,1,0",134,8,""
0,378,135,7,""
1,"3,1,69,1,56",135,7,""
2,"3,1,399,1,0",135,7,""
3,"3,1,398,1,0",135,7,""
0,"3,1,400,1,0",136,6,""
0,"69,2,4",137,5,""
1,"2,2,69,2,1",137,5,""
0,"324,1,4",138,4,1
1,"2,2,324,1,1",138,4,""
0,"0,143,0",0,143,""
0,"0,27,246,1,0",95,48,""
0,"325,1,4",100,43,""
0,"326,1,4",101,42,0
0,"8,2,152,1,4",104,39,""
0,"8,2,153,1,4",105,38,""
0,"8,1,17,1,117,1,4",106,37,""
0,"8,1,223,1,4",107,36,""
0,"8,4,55,1,4",108,35,""
1,"0,3,452,1,0",108,35,""
0,"8,4,56,1,4",109,34,""
1,"0,2,17,1,225,1,0",109,34,0
0,"8,1,224,1,4",110,33,""
1,"8,3,17,1,40,1,4",110,33,""
0,"8,1,225,1,4",111,32,0
1,"8,3,100,1,4",111,32,""
2,"488,1,0",111,32,""
0,"17,1,138,1,10",112,31,1
1,"8,6,9,1,4",112,31,""
0,"8,5,29,1,4",113,30,""
0,"8,2,16,1,64,1,4",114,29,""
1,"8,4,9,1,23,1,4",114,29,""
0,"8,2,17,1,64,1,4",115,28,0
1,"8,3,9,1,51,1,4",115,28,""
0,"8,2,154,1,4",116,27,""
1,"8,2,9,1,13,3,4",116,27,""
0,"8,1,42,1,64,1,4",117,26,""
1,"8,1,9,1,13,2,32,1,4",117,26,""
2,"491,1,0",117,26,""
0,379,118,25,0
1,"9,1,13,3,23,1,4",118,25,""
2,"8,3,101,1,4",118,25,""
0,"9,1,13,2,51,1,7",119,24,""
1,"8,2,13,1,80,1,4",119,24,""
0,"64,1,72,1,4",120,23,""
1,"8,1,23,1,101,1,4",120,23,""
0,380,121,22,1
1,"327,1,4",121,22,1
2,"13,1,23,1,80,1,4",121,22,""
3,"8,1,291,1,0",121,22,""
0,381,122,21,""
1,"194,1,20",122,21,0
2,"13,2,101,1,7",122,21,""
3,"8,1,292,1,0",122,21,2
0,"194,1,21",123,20,""
1,"492,1,0",123,20,""
0,"9,1,212,1,4",124,19,""
1,"0,5,440,1,0",124,19,""
0,"187,1,22",125,18,1
1,"9,1,188,1,7",125,18,1
2,"0,4,449,1,0",125,18,2
0,"286,1,7",126,17,0
1,"285,1,7",126,17,""
2,"493,1,0",126,17,""
3,"0,15,69,2,0",126,17,""
0,"195,1,21",127,16,""
1,"287,1,7",127,16,2
2,"13,1,261,1,0",127,16,""
3,"0,1,481,1,0",127,16,""
4,"0,1,69,1,112,1,0",127,16,""
5,"0,15,324,1,0",127,16,""
0,"417,1,2",128,15,""
1,"495,1,0",128,15,""
2,"13,1,262,1,0",128,15,""
3,"0,1,482,1,0",128,15,2
4,"0,1,69,1,113,1,0",128,15,""
0,"335,1,3",129,14,""
1,"74,1,107,1,0",129,14,""
2,"3,1,407,1,0",129,14,""
0,"197,1,20",130,13,""
1,"288,1,7",130,13,""
2,"76,1,107,1,0",130,13,""
3,"0,1,484,1,0",130,13,2
4,"0,1,3,1,386,1,0",130,13,""
0,382,131,12,""
1,"95,1,56",131,12,""
2,"333,1,4",131,12,""
3,"0,1,486,1,0",131,12,""
4,"0,1,485,1,0",131,12,""
5,"0,1,3,1,389,1,0",131,12,""
0,384,132,11,3
1,383,132,11,""
2,"2,1,373,1,1",132,11,""
3,"7,1,311,1,0",132,11,""
4,"0,1,3,1,391,1,0",132,11,""
5,"0,5,446,1,0",132,11,""
0,"69,1,80",133,10,""
1,"2,1,376,1,1",133,10,""
2,"7,1,314,1,0",133,10,4
0,385,134,9,1
1,"69,1,95,1,1",134,9,1
0,"2,2,306",135,8,""
1,"0,1,3,1,69,1,56",135,8,""
2,"339,1,3",135,8,""
3,"0,1,3,1,398,1,0",135,8,""
0,387,136,7,"3,6"
1,386,136,7,3
2,"3,1,306",136,7,""
3,"340,1,3",136,7,""
0,388,137,6,""
1,"0,1,69,2,4",137,6,""
2,"341,1,3",137,6,""
0,"0,1,324,1,4",138,5,2
1,"3,1,69,2,2",138,5,""
0,"3,1,324,1,2",139,4,""
0,"0,144,0",0,144,""
0,"8,1,295,1,0",100,44,""
0,"8,1,296,1,0",101,43,0
0,"1,1,402,1,2",107,37,""
0,"0,4,452,1,0",108,36,""
0,"0,3,17,1,225,1,0",109,35,0
0,"8,1,297,1,0",110,34,""
0,"8,1,298,1,0",111,33,0
1,"0,1,488,1,0",111,33,""
0,"17,1,238,1,0",112,32,""
0,"8,3,146,1,0",114,30,""
0,"0,1,491,1,0",117,27,""
0,"0,1,379",118,26,1
0,"13,6,0",120,24,""
1,"8,1,64,2,0",120,24,""
0,"13,3,23,1,24,1,0",121,23,""
1,"8,1,299,1,0",121,23,""
2,"0,1,8,1,291,1,0",121,23,""
0,"499,1,0",122,22,""
1,"0,1,8,1,292,1,0",122,22,""
0,"334,1,4",123,21,""
1,"420,1,2",123,21,""
0,"13,2,105,1,7",124,20,""
1,"8,2,212,1,0",124,20,""
2,"0,6,440,1,0",124,20,""
0,"9,1,23,1,75,1,7",125,19,""
1,"13,1,266,1,0",125,19,""
2,"8,1,13,1,188,1,0",125,19,""
3,"0,5,449,1,0",125,19,2
0,"500,1,0",126,18,""
1,"13,1,267,1,0",126,18,""
2,"9,1,286,1,0",126,18,""
0,"424,1,2",127,17,""
1,"13,1,268,1,0",127,17,""
2,"0,2,481,1,0",127,17,""
3,"0,16,324,1,0",127,17,""
0,389,128,16,"1,2,3"
1,"0,2,482,1,0",128,16,3
0,"439,1,1",129,15,""
1,"23,1,213,1,0",129,15,""
2,"0,1,3,1,407,1,0",129,15,""
0,"262,1,9",130,14,""
1,"69,1,72,1,4",130,14,""
2,"426,1,2",130,14,""
3,"7,1,319,1,0",130,14,""
4,"0,2,484,1,0",130,14,""
0,"337,1,4",131,13,2
1,"427,1,2",131,13,""
2,"502,1,0",131,13,""
3,"0,2,486,1,0",131,13,""
0,390,132,12,3
1,"107,1,52",132,12,3
2,"338,1,4",132,12,5
3,"428,1,2",132,12,""
4,"0,1,7,1,311,1,0",132,12,""
0,391,133,11,3
1,"7,1,321,1,0",133,11,""
2,"0,1,7,1,314,1,0",133,11,4
0,"3,1,313",134,10,""
1,"3,1,312",134,10,""
2,"264,1,9",134,10,""
3,"352,1,3",134,10,""
4,"7,1,322,1,0",134,10,""
0,393,135,9,"1,4"
1,392,135,9,4
2,"3,1,314",135,9,4
3,"339,1,4",135,9,""
4,"445,1,1",135,9,""
5,"504,1,0",135,9,""
6,"2,1,465,1,0",135,9,""
0,"3,1,317",136,8,""
1,"3,1,316",136,8,""
2,"340,1,4",136,8,4
3,"69,1,76,1,3",136,8,""
4,"7,1,323,1,0",136,8,""
0,"3,1,319",137,7,""
1,"3,1,318",137,7,""
2,"6,1,69,2,0",137,7,""
3,"3,1,69,1,93,1,0",137,7,""
0,"3,1,320",138,6,""
1,"1,1,69,2,4",138,6,""
2,"505,1,0",138,6,""
3,"6,1,324,1,0",138,6,""
0,"1,1,324,1,4",139,5,""
1,"507,1,0",139,5,2
2,"506,1,0",139,5,2
0,"508,1,0",140,4,""
0,"3,2,324,1,0",141,3,""
0,"7,1,324,1,0",142,2,0
0,"0,145,0",0,145,[NULL]
0,"431,1,2",99,46,[NULL]
0,"0,1,8,1,295,1,0",100,45,[NULL]
0,"0,1,8,1,296,1,0",101,44,[NULL]
0,"0,5,452,1,0",108,37,[NULL]
0,"0,4,17,1,225,1,0",109,36,[NULL]
0,"0,1,8,1,297,1,0",110,35,[NULL]
0,"0,1,8,1,298,1,0",111,34,[NULL]
0,"343,1,4",114,31,[NULL]
0,394,115,30,[NULL]
1,"244,1,11",115,30,[NULL]
0,"344,1,4",116,29,[NULL]
0,"345,1,4",117,28,[NULL]
1,"0,2,491,1,0",117,28,[NULL]
0,"8,2,160,1,4",118,27,[NULL]
1,"509,1,0",118,27,[NULL]
0,"64,2,6",119,26,[NULL]
1,"8,1,232,1,4",119,26,[NULL]
0,"260,1,10",120,25,[NULL]
1,"8,1,233,1,4",120,25,[NULL]
0,"9,1,219,1,4",121,24,[NULL]
1,"0,1,8,1,299,1,0",121,24,[NULL]
0,"9,1,194,1,7",122,23,[NULL]
1,"435,1,2",122,23,[NULL]
0,"347,1,4",124,21,[NULL]
1,"346,1,4",124,21,[NULL]
2,"0,7,440,1,0",124,21,[NULL]
0,"13,3,62",125,20,[NULL]
1,"292,1,7",125,20,[NULL]
2,"0,6,449,1,0",125,20,[NULL]
0,"23,1,83,1,20",126,19,[NULL]
1,"348,1,4",126,19,[NULL]
2,"436,1,2",126,19,[NULL]
3,"13,3,95,1,0",126,19,[NULL]
4,"0,1,500,1,0",126,19,[NULL]
0,"350,1,4",127,18,[NULL]
1,"359,1,3",127,18,[NULL]
2,"13,2,164,1,0",127,18,[NULL]
3,"0,3,481,1,0",127,18,[NULL]
4,"0,17,324,1,0",127,18,[NULL]
0,"13,1,209,1,4",128,17,[NULL]
1,"438,1,2",128,17,[NULL]
2,"2,1,473,1,0",128,17,[NULL]
3,"0,3,482,1,0",128,17,[NULL]
0,"9,1,226",129,16,[NULL]
1,"294,1,7",129,16,[NULL]
2,"439,1,2",129,16,[NULL]
3,"7,1,328,1,0",129,16,[NULL]
0,395,130,15,[NULL]
1,"13,1,181,1,7",130,15,[NULL]
2,"8,1,64,1,69,1,0",130,15,[NULL]
3,"0,1,7,1,319,1,0",130,15,[NULL]
4,"0,3,484,1,0",130,15,[NULL]
0,396,131,14,[NULL]
1,"107,1,55",131,14,[NULL]
2,"351,1,4",131,14,[NULL]
3,"363,1,3",131,14,[NULL]
4,"8,1,312,1,0",131,14,[NULL]
5,"0,1,502,1,0",131,14,[NULL]
0,398,132,13,[NULL]
1,397,132,13,[NULL]
2,"8,1,314,1,0",132,13,[NULL]
3,"3,1,425,1,0",132,13,[NULL]
4,"0,2,7,1,311,1,0",132,13,[NULL]
0,"3,1,74,1,56",133,12,[NULL]
1,"442,1,2",133,12,[NULL]
2,"511,1,0",133,12,[NULL]
3,"0,2,7,1,314,1,0",133,12,[NULL]
0,"352,1,4",134,11,[NULL]
1,"366,1,3",134,11,[NULL]
2,"450,1,1",134,11,[NULL]
3,"3,1,428,1,0",134,11,[NULL]
4,"3,2,333,1,0",134,11,[NULL]
0,"69,1,75,1,4",135,10,[NULL]
1,"445,1,2",135,10,[NULL]
2,"512,1,0",135,10,[NULL]
3,"7,1,333,1,0",135,10,[NULL]
4,"2,1,479,1,0",135,10,[NULL]
5,"0,1,504,1,0",135,10,[NULL]
0,"3,1,330",136,9,[NULL]
1,"514,1,0",136,9,[NULL]
2,"513,1,0",136,9,[NULL]
0,"368,1,3",137,8,[NULL]
1,"446,1,2",137,8,[NULL]
0,"1,1,388",138,7,[NULL]
1,"3,1,331",138,7,[NULL]
2,"0,1,505,1,0",138,7,[NULL]
0,"3,1,332",139,6,[NULL]
1,"0,1,507,1,0",139,6,[NULL]
2,"0,1,506,1,0",139,6,[NULL]
0,"0,1,508,1,0",140,5,[NULL]
0,"0,1,3,2,324,1,0",141,4,[NULL]
0,"0,1,7,1,324,1,0",142,3,[NULL]
0,"0,146,0",0,146,[NULL]
0,399,99,47,[NULL]
0,"8,1,236,1,4",103,43,[NULL]
0,"16,1,183,1,4",104,42,[NULL]
0,"17,1,183,1,4",105,41,[NULL]
0,"354,1,4",106,40,[NULL]
0,"8,3,110,1,4",107,39,[NULL]
0,"8,3,111,1,4",108,38,[NULL]
1,"0,6,452,1,0",108,38,[NULL]
0,"8,1,16,1,17,1,50,1,4",109,37,[NULL]
0,"8,2,161,1,4",110,36,[NULL]
0,"8,5,31,1,4",111,35,[NULL]
0,"8,4,16,1,17,1,4",112,34,[NULL]
0,"8,1,237,1,4",113,33,[NULL]
1,"8,4,17,2,4",113,33,[NULL]
0,"8,1,238,1,4",114,32,[NULL]
1,"8,4,60,1,4",114,32,[NULL]
2,"16,1,244,1,0",114,32,[NULL]
0,"17,1,185,1,4",115,31,[NULL]
1,"8,6,13,1,4",115,31,[NULL]
2,"17,1,244,1,0",115,31,[NULL]
0,"17,1,138,1,11",116,30,[NULL]
1,"8,5,32,1,4",116,30,[NULL]
0,"8,3,112,1,4",117,29,[NULL]
1,"8,4,13,1,23,1,4",117,29,[NULL]
2,"0,3,491,1,0",117,29,[NULL]
0,"8,3,113,1,4",118,28,[NULL]
1,"8,3,13,1,51,1,4",118,28,[NULL]
2,"0,1,509,1,0",118,28,[NULL]
0,"8,2,162,1,4",119,27,[NULL]
1,"8,2,13,4,4",119,27,[NULL]
0,"8,1,23,1,113,1,4",120,26,[NULL]
1,"8,1,13,3,32,1,4",120,26,[NULL]
2,"516,1,0",120,26,[NULL]
0,400,121,25,[NULL]
1,"13,4,23,1,4",121,25,[NULL]
2,"8,2,9,1,101,1,4",121,25,[NULL]
0,"13,3,51,1,7",122,24,[NULL]
1,"8,1,9,1,13,1,80,1,4",122,24,[NULL]
0,"13,3,52,1,7",123,23,[NULL]
1,"16,1,187,1,4",123,23,[NULL]
2,"9,1,23,1,101,1,4",123,23,[NULL]
3,"13,2,167,1,0",123,23,[NULL]
0,"9,1,23,1,80,1,7",124,22,[NULL]
1,"16,1,188,1,4",124,22,[NULL]
2,"447,1,2",124,22,[NULL]
3,"517,1,0",124,22,[NULL]
4,"13,2,168,1,0",124,22,[NULL]
5,"8,1,316,1,0",124,22,[NULL]
6,"0,8,440,1,0",124,22,[NULL]
0,"17,1,188,1,4",125,21,[NULL]
1,"9,1,292,1,0",125,21,[NULL]
2,"0,7,449,1,0",125,21,[NULL]
0,401,126,20,[NULL]
1,"0,2,500,1,0",126,20,[NULL]
0,"303,1,7",127,19,[NULL]
1,"13,1,212,1,4",127,19,[NULL]
2,"0,4,481,1,0",127,19,[NULL]
3,"0,18,324,1,0",127,19,[NULL]
0,"305,1,7",128,18,[NULL]
1,"13,1,188,1,7",128,18,[NULL]
2,"0,4,482,1,0",128,18,[NULL]
0,402,129,17,[NULL]
1,"13,1,189,1,7",129,17,[NULL]
2,"448,1,2",129,17,[NULL]
0,"3,1,438,1,0",130,16,[NULL]
1,"0,1,8,1,64,1,69,1,0",130,16,[NULL]
2,"0,2,7,1,319,1,0",130,16,[NULL]
3,"0,4,484,1,0",130,16,[NULL]
0,"209,1,20",131,15,[NULL]
1,"13,1,190,1,7",131,15,[NULL]
2,"2,1,482,1,0",131,15,[NULL]
3,"0,1,8,1,312,1,0",131,15,[NULL]
0,"209,1,21",132,14,[NULL]
1,"310,1,7",132,14,[NULL]
2,"0,1,3,1,425,1,0",132,14,[NULL]
3,"0,3,7,1,311,1,0",132,14,[NULL]
0,"107,1,56",133,13,[NULL]
1,"7,1,335,1,0",133,13,[NULL]
2,"2,1,484,1,0",133,13,[NULL]
3,"0,3,7,1,314,1,0",133,13,[NULL]
0,403,134,12,[NULL]
1,"35,1,139",134,12,[NULL]
2,"366,1,4",134,12,[NULL]
3,"2,1,486,1,0",134,12,[NULL]
4,"0,1,3,1,428,1,0",134,12,[NULL]
0,404,135,11,[NULL]
1,"3,1,336",135,11,[NULL]
2,"3,1,335",135,11,[NULL]
3,"367,1,4",135,11,[NULL]
4,"520,1,0",135,11,[NULL]
5,"0,1,7,1,333,1,0",135,11,[NULL]
6,"0,2,504,1,0",135,11,[NULL]
0,"7,1,264",136,10,[NULL]
1,"376,1,3",136,10,[NULL]
2,"522,1,0",136,10,[NULL]
3,"521,1,0",136,10,[NULL]
4,"0,1,514,1,0",136,10,[NULL]
5,"0,1,513,1,0",136,10,[NULL]
0,405,137,9,[NULL]
1,"3,1,338",137,9,[NULL]
2,"465,1,1",137,9,[NULL]
3,"523,1,0",137,9,[NULL]
0,407,138,8,[NULL]
1,406,138,8,[NULL]
2,"524,1,0",138,8,[NULL]
3,"0,2,505,1,0",138,8,[NULL]
0,"3,1,69,1,67",139,7,[NULL]
1,"4,1,69,2,2",139,7,[NULL]
2,"525,1,0",139,7,[NULL]
3,"0,2,507,1,0",139,7,[NULL]
4,"0,2,506,1,0",139,7,[NULL]
0,"4,1,324,1,2",140,6,[NULL]
1,"8,1,69,2,0",140,6,[NULL]
2,"0,2,508,1,0",140,6,[NULL]
0,"526,1,0",141,5,[NULL]
1,"8,1,324,1,0",141,5,[NULL]
0,"527,1,0",142,4,[NULL]
1,"0,2,7,1,324,1,0",142,4,[NULL]
0,"324,1,5",143,3,[NULL]
0,"0,147,0",0,147,[NULL]
0,"0,1,399",99,48,[NULL]
0,"1,1,431,1,2",100,47,[NULL]
0,"8,1,325,1,0",103,44,[NULL]
0,"8,1,326,1,0",104,43,[NULL]
0,"452,1,2",113,34,[NULL]
1,"8,2,224,1,0",113,34,[NULL]
0,"8,2,225,1,0",114,33,[NULL]
1,"0,1,16,1,244,1,0",114,33,[NULL]
0,"16,1,17,1,138,1,0",115,32,[NULL]
1,"0,1,17,1,244,1,0",115,32,[NULL]
0,"453,1,2",116,31,[NULL]
1,"17,2,138,1,0",116,31,[NULL]
0,"0,4,491,1,0",117,30,[NULL]
0,"0,2,509,1,0",118,29,[NULL]
0,"5,1,64,2,2",120,27,[NULL]
1,"0,1,516,1,0",120,27,[NULL]
0,"529,1,0",121,26,[NULL]
0,"8,1,64,1,72,1,0",123,24,[NULL]
0,"13,3,23,1,20",124,23,[NULL]
1,"0,1,8,1,316,1,0",124,23,[NULL]
2,"0,9,440,1,0",124,23,[NULL]
0,"17,1,255,1,0",125,22,[NULL]
1,"13,3,101,1,0",125,22,[NULL]
2,"0,1,9,1,292,1,0",125,22,[NULL]
3,"0,8,449,1,0",125,22,[NULL]
0,"530,1,0",126,21,[NULL]
1,"0,3,500,1,0",126,21,[NULL]
0,"8,1,9,1,212,1,0",127,20,[NULL]
1,"0,5,481,1,0",127,20,[NULL]
2,"0,19,324,1,0",127,20,[NULL]
0,408,128,19,[NULL]
1,"13,1,23,1,75,1,7",128,19,[NULL]
0,409,129,18,[NULL]
1,"13,1,23,1,76,1,7",129,18,[NULL]
2,"472,1,1",129,18,[NULL]
3,"13,1,286,1,0",129,18,[NULL]
0,"212,1,20",130,17,[NULL]
1,"1,1,439,1,2",130,17,[NULL]
2,"473,1,1",130,17,[NULL]
3,"13,1,287,1,0",130,17,[NULL]
0,"212,1,21",131,16,[NULL]
1,"287,1,8",131,16,[NULL]
2,"457,1,2",131,16,[NULL]
0,411,132,15,[NULL]
1,410,132,15,[NULL]
2,"107,1,58",132,15,[NULL]
3,"0,4,7,1,311,1,0",132,15,[NULL]
0,"213,1,20",133,14,[NULL]
1,"69,1,79,1,4",133,14,[NULL]
2,"459,1,2",133,14,[NULL]
3,"13,1,288,1,0",133,14,[NULL]
4,"0,4,7,1,314,1,0",133,14,[NULL]
0,"3,1,347",134,13,[NULL]
1,"69,1,80,1,4",134,13,[NULL]
2,"386,1,3",134,13,[NULL]
3,"1,1,442,1,2",134,13,[NULL]
4,"533,1,0",134,13,[NULL]
5,"532,1,0",134,13,[NULL]
6,"8,1,333,1,0",134,13,[NULL]
0,412,135,12,[NULL]
1,"373,1,4",135,12,[NULL]
2,"389,1,3",135,12,[NULL]
3,"477,1,1",135,12,[NULL]
4,"534,1,0",135,12,[NULL]
5,"43,1,174,1,0",135,12,[NULL]
0,413,136,11,[NULL]
1,"390,1,3",136,11,[NULL]
2,"0,1,521,1,0",136,11,[NULL]
0,"392,1,3",137,10,[NULL]
1,"479,1,1",137,10,[NULL]
2,"3,2,352,1,0",137,10,[NULL]
3,"0,1,523,1,0",137,10,[NULL]
0,"7,1,273",138,9,[NULL]
1,"1,1,446,1,2",138,9,[NULL]
2,"535,1,0",138,9,[NULL]
3,"7,1,352,1,0",138,9,[NULL]
4,"0,1,524,1,0",138,9,[NULL]
5,"0,3,505,1,0",138,9,[NULL]
0,"7,1,274",139,8,[NULL]
1,"69,2,6",139,8,[NULL]
2,"7,1,353,1,0",139,8,[NULL]
3,"0,3,506,1,0",139,8,[NULL]
0,"324,1,6",140,7,[NULL]
1,"0,1,8,1,69,2,0",140,7,[NULL]
2,"0,3,508,1,0",140,7,[NULL]
0,"0,1,526,1,0",141,6,[NULL]
1,"0,1,8,1,324,1,0",141,6,[NULL]
0,"0,3,7,1,324,1,0",142,5,[NULL]
0,"0,148,0",0,148,[NULL]
0,"536,1,0",99,49,[NULL]
0,"379,1,4",100,48,[NULL]
0,"0,1,8,1,325,1,0",103,45,[NULL]
0,"0,1,8,1,326,1,0",104,44,[NULL]
0,"0,1,8,2,224,1,0",113,35,[NULL]
0,"0,1,8,2,225,1,0",114,34,[NULL]
0,"0,2,17,1,244,1,0",115,33,[NULL]
0,"0,1,17,2,138,1,0",116,32,[NULL]
0,"8,1,244,1,4",117,31,[NULL]
1,"0,5,491,1,0",117,31,[NULL]
0,"17,1,149,1,10",118,30,[NULL]
1,"0,3,509,1,0",118,30,[NULL]
0,"8,1,245,1,4",119,29,[NULL]
0,"8,1,247,1,4",120,28,[NULL]
0,"8,2,166,1,4",121,27,[NULL]
0,"8,2,167,1,4",122,26,[NULL]
0,"380,1,4",123,25,[NULL]
1,"8,1,248,1,4",123,25,[NULL]
0,"260,1,11",124,24,[NULL]
1,"13,1,219,1,4",124,24,[NULL]
0,"13,1,194,1,7",125,23,[NULL]
0,"23,1,150,1,7",126,22,[NULL]
1,"0,4,500,1,0",126,22,[NULL]
0,"316,1,7",127,21,[NULL]
1,"382,1,4",127,21,[NULL]
2,"537,1,0",127,21,[NULL]
3,"13,3,105,1,0",127,21,[NULL]
4,"0,20,324,1,0",127,21,[NULL]
0,414,128,20,[NULL]
1,"383,1,4",128,20,[NULL]
2,"538,1,0",128,20,[NULL]
0,415,129,19,[NULL]
1,"8,1,250,1,4",129,19,[NULL]
2,"0,1,13,1,286,1,0",129,19,[NULL]
0,"1,1,402",130,18,[NULL]
1,"13,1,133,1,20",130,18,[NULL]
2,"384,1,4",130,18,[NULL]
3,"1,1,448,1,2",130,18,[NULL]
4,"539,1,0",130,18,[NULL]
0,"286,1,9",131,17,[NULL]
1,"67,2,7",131,17,[NULL]
2,"9,1,209,1,7",131,17,[NULL]
3,"385,1,4",131,17,[NULL]
0,"209,1,22",132,16,[NULL]
1,"287,1,9",132,16,[NULL]
2,"319,1,7",132,16,[NULL]
0,416,133,15,[NULL]
1,"482,1,1",133,15,[NULL]
2,"8,1,69,1,72,1,0",133,15,[NULL]
3,"0,5,7,1,314,1,0",133,15,[NULL]
0,"320,1,7",134,14,[NULL]
1,"335,1,5",134,14,[NULL]
2,"387,1,4",134,14,[NULL]
3,"8,1,337,1,0",134,14,[NULL]
4,"3,2,363,1,0",134,14,[NULL]
5,"0,1,533,1,0",134,14,[NULL]
6,"0,1,8,1,333,1,0",134,14,[NULL]
0,"321,1,7",135,13,[NULL]
1,"388,1,4",135,13,[NULL]
2,"477,1,2",135,13,[NULL]
3,"484,1,1",135,13,[NULL]
4,"540,1,0",135,13,[NULL]
5,"0,1,534,1,0",135,13,[NULL]
6,"0,1,43,1,174,1,0",135,13,[NULL]
0,"412,1,3",136,12,[NULL]
1,"486,1,1",136,12,[NULL]
2,"542,1,0",136,12,[NULL]
3,"541,1,0",136,12,[NULL]
4,"0,2,521,1,0",136,12,[NULL]
0,"67,1,69,1,7",137,11,[NULL]
1,"394,1,4",137,11,[NULL]
2,"479,1,2",137,11,[NULL]
3,"543,1,0",137,11,[NULL]
4,"3,1,463,1,0",137,11,[NULL]
5,"0,2,523,1,0",137,11,[NULL]
0,"191,1,25",138,10,[NULL]
1,"68,1,69,1,7",138,10,[NULL]
2,"544,1,0",138,10,[NULL]
3,"7,1,366,1,0",138,10,[NULL]
4,"0,1,7,1,352,1,0",138,10,[NULL]
5,"0,2,524,1,0",138,10,[NULL]
0,"545,1,0",139,9,[NULL]
1,"7,1,367,1,0",139,9,[NULL]
2,"0,4,506,1,0",139,9,[NULL]
0,"547,1,0",140,8,[NULL]
1,"546,1,0",140,8,[NULL]
2,"0,2,8,1,69,2,0",140,8,[NULL]
0,"340,1,5",141,7,[NULL]
1,"7,1,368,1,0",141,7,[NULL]
2,"0,2,526,1,0",141,7,[NULL]
3,"0,2,8,1,324,1,0",141,7,[NULL]
0,"341,1,5",142,6,[NULL]
1,"2,1,506,1,0",142,6,[NULL]
2,"0,4,7,1,324,1,0",142,6,[NULL]
0,"7,1,277",143,5,[NULL]
1,"69,2,7",143,5,[NULL]
0,"324,1,7",144,4,[NULL]
1,"548,1,0",144,4,[NULL]
0,"2,1,7,1,324,1,0",145,3,[NULL]
0,"0,149,0",0,149,[NULL]
0,417,103,46,[NULL]
0,"8,1,252,1,4",106,43,[NULL]
0,418,107,42,[NULL]
1,"8,1,253,1,4",107,42,[NULL]
0,"17,1,200,1,4",108,41,[NULL]
0,"401,1,4",109,40,[NULL]
0,"8,3,116,1,4",110,39,[NULL]
0,"8,3,117,1,4",111,38,[NULL]
0,"402,1,4",112,37,[NULL]
1,"8,2,17,1,78,1,4",112,37,[NULL]
0,"403,1,4",113,36,[NULL]
1,"8,2,171,1,4",113,36,[NULL]
0,"8,5,39,1,4",114,35,[NULL]
1,"1,1,452,1,2",114,35,[NULL]
0,"8,5,40,1,4",115,34,[NULL]
1,"0,3,17,1,244,1,0",115,34,[NULL]
0,"8,1,16,1,137,1,4",116,33,[NULL]
1,"8,4,17,1,20,1,4",116,33,[NULL]
2,"0,2,17,2,138,1,0",116,33,[NULL]
0,"8,1,16,1,138,1,4",117,32,[NULL]
1,"8,4,63,1,4",117,32,[NULL]
2,"8,1,343,1,0",117,32,[NULL]
3,"0,6,491,1,0",117,32,[NULL]
0,"8,1,17,1,138,1,4",118,31,[NULL]
1,"8,5,9,1,13,1,4",118,31,[NULL]
2,"0,4,509,1,0",118,31,[NULL]
0,"42,1,137,1,4",119,30,[NULL]
1,"8,4,9,1,32,1,4",119,30,[NULL]
0,"8,3,9,1,13,1,23,1,4",120,29,[NULL]
1,"8,4,64,1,4",120,29,[NULL]
0,"8,2,9,1,13,1,51,1,4",121,28,[NULL]
1,"8,3,118,1,4",121,28,[NULL]
0,"8,1,9,1,13,4,4",122,27,[NULL]
1,"8,2,17,1,80,1,4",122,27,[NULL]
0,"64,1,90",123,26,[NULL]
1,"9,1,13,3,32,1,4",123,26,[NULL]
2,"8,2,173,1,4",123,26,[NULL]
3,"16,1,260,1,0",123,26,[NULL]
0,"9,1,13,3,23,1,7",124,25,[NULL]
1,"404,1,4",124,25,[NULL]
2,"8,2,13,1,101,1,4",124,25,[NULL]
3,"17,1,260,1,0",124,25,[NULL]
0,419,125,24,[NULL]
1,"8,1,13,2,80,1,4",125,24,[NULL]
0,"13,1,23,1,101,1,4",126,23,[NULL]
1,"8,1,254,1,4",126,23,[NULL]
2,"0,5,500,1,0",126,23,[NULL]
0,"219,1,20",127,22,[NULL]
1,"13,1,23,1,80,1,7",127,22,[NULL]
2,"8,1,255,1,4",127,22,[NULL]
3,"8,1,346,1,0",127,22,[NULL]
4,"0,21,324,1,0",127,22,[NULL]
0,"405,1,4",128,21,[NULL]
1,"20,1,188,1,4",128,21,[NULL]
2,"13,1,292,1,0",128,21,[NULL]
0,"267,1,11",129,20,[NULL]
1,"551,1,0",129,20,[NULL]
0,420,130,19,[NULL]
1,"5,1,300",130,19,[NULL]
2,"9,1,212,1,7",130,19,[NULL]
0,"328,1,7",131,18,[NULL]
0,"13,1,294,1,0",132,17,[NULL]
0,421,133,16,[NULL]
1,"13,2,181,1,0",133,16,[NULL]
0,"417,1,3",134,15,[NULL]
1,"0,1,8,1,337,1,0",134,15,[NULL]
2,"0,2,533,1,0",134,15,[NULL]
0,"331,1,7",135,14,[NULL]
1,"0,1,540,1,0",135,14,[NULL]
0,"13,1,237",136,13,[NULL]
1,"332,1,7",136,13,[NULL]
2,"486,1,2",136,13,[NULL]
3,"485,1,2",136,13,[NULL]
0,424,137,12,[NULL]
1,423,137,12,[NULL]
2,422,137,12,[NULL]
3,"7,1,281",137,12,[NULL]
4,"333,1,7",137,12,[NULL]
5,"414,1,4",137,12,[NULL]
6,"7,1,371,1,0",137,12,[NULL]
7,"0,1,543,1,0",137,12,[NULL]
0,426,138,11,[NULL]
1,425,138,11,[NULL]
2,"7,1,282",138,11,[NULL]
3,"415,1,4",138,11,[NULL]
4,"0,1,544,1,0",138,11,[NULL]
5,"0,1,7,1,366,1,0",138,11,[NULL]
0,427,139,10,[NULL]
1,"3,1,363",139,10,[NULL]
2,"352,1,5",139,10,[NULL]
3,"69,1,133,1,0",139,10,[NULL]
4,"0,1,7,1,367,1,0",139,10,[NULL]
5,"0,5,506,1,0",139,10,[NULL]
0,"7,1,70,1,52",140,9,[NULL]
1,"5,1,69,2,2",140,9,[NULL]
2,"69,1,134,1,0",140,9,[NULL]
3,"3,1,480,1,0",140,9,[NULL]
4,"0,1,546,1,0",140,9,[NULL]
0,"7,1,284",141,8,[NULL]
1,"5,1,324,1,2",141,8,[NULL]
2,"0,3,526,1,0",141,8,[NULL]
0,429,142,7,[NULL]
1,428,142,7,[NULL]
2,"0,5,7,1,324,1,0",142,7,[NULL]
0,"18,1,194",143,6,[NULL]
1,"9,1,69,2,0",143,6,[NULL]
2,"7,1,378,1,0",143,6,[NULL]
0,"7,1,285",144,5,[NULL]
1,"9,1,324,1,0",144,5,[NULL]
0,"0,150,0",0,150,[NULL]
0,"487,1,2",101,49,[NULL]
0,"553,1,0",102,48,[NULL]
0,"554,1,0",103,47,[NULL]
0,"8,2,236,1,0",106,44,[NULL]
0,"8,1,16,1,183,1,0",107,43,[NULL]
0,"555,1,0",112,38,[NULL]
0,"556,1,0",113,37,[NULL]
0,"0,4,17,1,244,1,0",115,35,[NULL]
0,"8,2,237,1,0",116,34,[NULL]
1,"0,3,17,2,138,1,0",116,34,[NULL]
0,"8,2,238,1,0",117,33,[NULL]
1,"0,7,491,1,0",117,33,[NULL]
0,"0,5,509,1,0",118,32,[NULL]
0,"491,1,2",122,28,[NULL]
1,"64,1,137,1,0",122,28,[NULL]
0,"64,1,138,1,0",123,27,[NULL]
1,"0,1,16,1,260,1,0",123,27,[NULL]
0,"557,1,0",124,26,[NULL]
1,"0,1,17,1,260,1,0",124,26,[NULL]
0,"558,1,0",125,25,[NULL]
1,"13,4,51,1,0",125,25,[NULL]
0,"347,1,6",126,24,[NULL]
1,"13,4,52,1,0",126,24,[NULL]
2,"0,6,500,1,0",126,24,[NULL]
0,"0,1,8,1,346,1,0",127,23,[NULL]
1,"0,22,324,1,0",127,23,[NULL]
0,"8,1,17,1,188,1,0",128,22,[NULL]
1,"0,1,13,1,292,1,0",128,22,[NULL]
0,430,129,21,[NULL]
1,"215,1,22",129,21,[NULL]
2,"13,1,23,1,83,1,7",129,21,[NULL]
3,"17,1,267,1,0",129,21,[NULL]
0,"9,1,13,1,133,1,7",130,20,[NULL]
1,"13,1,303,1,0",130,20,[NULL]
0,"13,2,188,1,0",131,19,[NULL]
1,"9,1,328,1,0",131,19,[NULL]
0,"2,1,402",132,18,[NULL]
1,"494,1,2",132,18,[NULL]
2,"560,1,0",132,18,[NULL]
3,"13,2,189,1,0",132,18,[NULL]
0,"13,1,238",133,17,[NULL]
1,"69,1,90",133,17,[NULL]
2,"495,1,2",133,17,[NULL]
3,"561,1,0",133,17,[NULL]
0,431,134,16,[NULL]
1,"13,2,190,1,0",134,16,[NULL]
2,"0,3,533,1,0",134,16,[NULL]
0,"335,1,7",135,15,[NULL]
1,"7,1,385,1,0",135,15,[NULL]
2,"0,2,540,1,0",135,15,[NULL]
0,432,136,14,[NULL]
1,"363,1,5",136,14,[NULL]
2,"69,1,89,1,4",136,14,[NULL]
3,"425,1,3",136,14,[NULL]
4,"43,1,189,1,0",136,14,[NULL]
0,433,137,13,[NULL]
1,"18,1,196",137,13,[NULL]
2,"419,1,4",137,13,[NULL]
3,"8,1,366,1,0",137,13,[NULL]
4,"3,1,484,1,0",137,13,[NULL]
5,"0,2,543,1,0",137,13,[NULL]
0,"338,1,7",138,12,[NULL]
1,"8,1,367,1,0",138,12,[NULL]
2,"3,1,485,1,0",138,12,[NULL]
3,"0,2,544,1,0",138,12,[NULL]
0,"197,1,25",139,11,[NULL]
1,"562,1,0",139,11,[NULL]
2,"43,1,191,1,0",139,11,[NULL]
3,"2,1,521,1,0",139,11,[NULL]
0,"122,1,52",140,10,[NULL]
1,"504,1,1",140,10,[NULL]
2,"564,1,0",140,10,[NULL]
3,"563,1,0",140,10,[NULL]
4,"2,1,523,1,0",140,10,[NULL]
5,"0,2,546,1,0",140,10,[NULL]
0,"3,2,294",141,9,[NULL]
1,"7,1,293",141,9,[NULL]
2,"339,1,7",141,9,[NULL]
3,"565,1,0",141,9,[NULL]
4,"7,1,394,1,0",141,9,[NULL]
5,"3,2,396,1,0",141,9,[NULL]
6,"2,1,524,1,0",141,9,[NULL]
7,"0,4,526,1,0",141,9,[NULL]
0,"7,1,294",142,8,[NULL]
1,"340,1,7",142,8,[NULL]
2,"368,1,5",142,8,[NULL]
3,"566,1,0",142,8,[NULL]
4,"7,1,396,1,0",142,8,[NULL]
5,"3,2,398,1,0",142,8,[NULL]
6,"2,1,525,1,0",142,8,[NULL]
7,"0,6,7,1,324,1,0",142,8,[NULL]
0,434,143,7,[NULL]
1,"341,1,7",143,7,[NULL]
2,"7,1,398,1,0",143,7,[NULL]
3,"3,2,400,1,0",143,7,[NULL]
4,"0,1,9,1,69,2,0",143,7,[NULL]
5,"0,1,7,1,378,1,0",143,7,[NULL]
0,"506,1,1",144,6,[NULL]
1,"7,1,400,1,0",144,6,[NULL]
2,"2,1,526,1,0",144,6,[NULL]
3,"0,1,9,1,324,1,0",144,6,[NULL]
0,"10,1,324,1,0",145,5,[NULL]
1,"2,1,527,1,0",145,5,[NULL]
0,435,146,4,[NULL]
1,"11,1,324,1,0",146,4,[NULL]
0,"7,1,324,1,1",147,3,[NULL]
0,"0,151,0",0,151,[NULL]
0,436,101,50,[NULL]
0,"0,1,553,1,0",102,49,[NULL]
0,"0,1,554,1,0",103,48,[NULL]
0,"0,1,8,2,236,1,0",106,45,[NULL]
0,"0,1,8,1,16,1,183,1,0",107,44,[NULL]
0,"498,1,2",108,43,[NULL]
0,"0,1,555,1,0",112,39,[NULL]
0,"0,1,556,1,0",113,38,[NULL]
0,"0,5,17,1,244,1,0",115,36,[NULL]
0,"0,4,17,2,138,1,0",116,35,[NULL]
0,"0,1,8,2,238,1,0",117,34,[NULL]
0,"8,1,257,1,4",120,31,[NULL]
0,"17,1,206,1,4",121,30,[NULL]
0,"8,1,258,1,4",122,29,[NULL]
1,"0,1,64,1,137,1,0",122,29,[NULL]
0,"8,1,259,1,4",123,28,[NULL]
1,"0,1,64,1,138,1,0",123,28,[NULL]
0,"8,2,180,1,4",124,27,[NULL]
1,"0,2,17,1,260,1,0",124,27,[NULL]
0,"8,1,9,1,167,1,4",125,26,[NULL]
1,"0,1,558,1,0",125,26,[NULL]
0,"9,1,248,1,4",126,25,[NULL]
1,"8,1,260,1,4",126,25,[NULL]
2,"0,7,500,1,0",126,25,[NULL]
0,"292,1,10",127,24,[NULL]
1,"9,1,219,1,7",127,24,[NULL]
2,"0,23,324,1,0",127,24,[NULL]
0,437,128,23,[NULL]
0,"420,1,4",129,22,[NULL]
0,438,130,21,[NULL]
1,"13,1,51,1,62",130,21,[NULL]
2,"346,1,7",130,21,[NULL]
3,"16,1,209,1,4",130,21,[NULL]
0,439,131,20,[NULL]
1,"13,2,67,1,20",131,20,[NULL]
2,"17,1,209,1,4",131,20,[NULL]
3,"501,1,2",131,20,[NULL]
4,"500,1,2",131,20,[NULL]
5,"13,2,23,1,75,1,0",131,20,[NULL]
0,440,132,19,[NULL]
1,"302,1,9",132,19,[NULL]
2,"8,1,261,1,4",132,19,[NULL]
3,"18,1,260,1,0",132,19,[NULL]
4,"13,2,23,1,76,1,0",132,19,[NULL]
0,"423,1,4",133,18,[NULL]
1,"2,1,473,1,1",133,18,[NULL]
2,"69,1,138,1,0",133,18,[NULL]
3,"0,1,561,1,0",133,18,[NULL]
0,"13,1,209,1,7",134,17,[NULL]
1,"7,1,328,1,1",134,17,[NULL]
2,"568,1,0",134,17,[NULL]
3,"0,4,533,1,0",134,17,[NULL]
0,"67,1,75,1,7",135,16,[NULL]
1,"7,1,319,1,2",135,16,[NULL]
2,"0,3,540,1,0",135,16,[NULL]
0,"7,1,298",136,15,[NULL]
1,"425,1,4",136,15,[NULL]
2,"8,1,69,1,79,1,0",136,15,[NULL]
0,441,137,14,[NULL]
1,"1,1,486,1,2",137,14,[NULL]
2,"8,1,69,1,80,1,0",137,14,[NULL]
3,"0,1,8,1,366,1,0",137,14,[NULL]
4,"0,1,3,1,484,1,0",137,14,[NULL]
0,442,138,13,[NULL]
1,"503,1,2",138,13,[NULL]
2,"7,1,321,1,2",138,13,[NULL]
3,"0,1,8,1,367,1,0",138,13,[NULL]
4,"0,1,3,1,485,1,0",138,13,[NULL]
0,443,139,12,[NULL]
1,"7,1,322,1,2",139,12,[NULL]
2,"569,1,0",139,12,[NULL]
3,"0,1,562,1,0",139,12,[NULL]
0,"352,1,7",140,11,[NULL]
1,"429,1,4",140,11,[NULL]
2,"570,1,0",140,11,[NULL]
3,"0,3,546,1,0",140,11,[NULL]
0,"69,1,75,1,7",141,10,[NULL]
1,"376,1,5",141,10,[NULL]
2,"7,1,414,1,0",141,10,[NULL]
3,"0,1,7,1,394,1,0",141,10,[NULL]
4,"0,5,526,1,0",141,10,[NULL]
0,444,142,9,[NULL]
1,"69,1,76,1,7",142,9,[NULL]
2,"7,1,415,1,0",142,9,[NULL]
3,"0,1,3,2,398,1,0",142,9,[NULL]
4,"0,7,7,1,324,1,0",142,9,[NULL]
0,"3,2,306",143,8,[NULL]
1,"18,1,264,1,0",143,8,[NULL]
2,"0,1,7,1,398,1,0",143,8,[NULL]
0,"7,1,306",144,7,[NULL]
1,"506,1,2",144,7,[NULL]
0,"508,1,2",145,6,[NULL]
0,445,146,5,[NULL]
0,"7,1,324,1,2",147,4,[NULL]
0,"0,152,0",0,152,[NULL]
0,"0,2,553,1,0",102,50,[NULL]
0,"0,2,554,1,0",103,49,[NULL]
0,"431,1,4",105,47,[NULL]
0,"296,1,10",106,46,[NULL]
0,"8,2,182,1,4",109,43,[NULL]
0,"8,2,183,1,4",110,42,[NULL]
0,"16,1,17,1,111,1,4",111,41,[NULL]
0,"8,1,265,1,4",112,40,[NULL]
0,"8,4,71,1,4",113,39,[NULL]
0,"8,3,16,1,50,1,4",114,38,[NULL]
0,"432,1,4",115,37,[NULL]
1,"8,3,17,1,50,1,4",115,37,[NULL]
0,"433,1,4",116,36,[NULL]
1,"8,3,125,1,4",116,36,[NULL]
0,"8,6,16,1,4",117,35,[NULL]
0,"8,6,17,1,4",118,34,[NULL]
0,"8,2,184,1,4",119,33,[NULL]
1,"8,4,16,1,23,1,4",119,33,[NULL]
0,"224,1,22",120,32,[NULL]
1,"8,2,185,1,4",120,32,[NULL]
2,"8,5,42,1,4",120,32,[NULL]
0,"8,1,17,1,147,1,4",121,31,[NULL]
1,"8,5,13,2,4",121,31,[NULL]
0,"17,2,113,1,4",122,30,[NULL]
1,"8,4,13,1,32,1,4",122,30,[NULL]
2,"0,2,64,1,137,1,0",122,30,[NULL]
0,"8,3,13,2,23,1,4",123,29,[NULL]
1,"8,4,72,1,4",123,29,[NULL]
2,"1,1,491,1,2",123,29,[NULL]
3,"0,2,64,1,138,1,0",123,29,[NULL]
0,"8,2,13,2,51,1,4",124,28,[NULL]
1,"8,3,127,1,4",124,28,[NULL]
2,"0,3,17,1,260,1,0",124,28,[NULL]
0,"64,2,10",125,27,[NULL]
1,"8,1,13,5,4",125,27,[NULL]
2,"8,2,20,1,80,1,4",125,27,[NULL]
3,"0,2,558,1,0",125,27,[NULL]
0,"299,1,10",126,26,[NULL]
1,"13,4,32,1,4",126,26,[NULL]
2,"8,2,186,1,4",126,26,[NULL]
3,"8,1,380,1,0",126,26,[NULL]
4,"0,8,500,1,0",126,26,[NULL]
0,"13,4,23,1,7",127,25,[NULL]
1,"434,1,4",127,25,[NULL]
2,"8,1,9,1,13,1,101,1,4",127,25,[NULL]
3,"5,1,347,1,2",127,25,[NULL]
4,"17,1,278,1,0",127,25,[NULL]
5,"0,24,324,1,0",127,25,[NULL]
0,"13,4,24,1,7",128,24,[NULL]
1,"435,1,4",128,24,[NULL]
2,"9,1,13,2,80,1,4",128,24,[NULL]
3,"13,2,194,1,0",128,24,[NULL]
0,"9,1,23,1,101,1,7",129,23,[NULL]
1,"8,2,187,1,4",129,23,[NULL]
2,"13,1,23,1,150,1,0",129,23,[NULL]
0,"8,2,188,1,4",130,22,[NULL]
1,"9,1,346,1,0",130,22,[NULL]
2,"2,1,537,1,0",130,22,[NULL]
0,"8,1,267,1,4",131,21,[NULL]
1,"2,1,538,1,0",131,21,[NULL]
0,"357,1,7",132,20,[NULL]
1,"23,1,188,1,4",132,20,[NULL]
2,"0,1,18,1,260,1,0",132,20,[NULL]
0,"359,1,7",133,19,[NULL]
1,"13,1,212,1,7",133,19,[NULL]
2,"0,1,69,1,138,1,0",133,19,[NULL]
3,"0,2,561,1,0",133,19,[NULL]
0,"2,1,286,1,9",134,18,[NULL]
1,"360,1,7",134,18,[NULL]
2,"0,1,568,1,0",134,18,[NULL]
3,"0,5,533,1,0",134,18,[NULL]
0,"439,1,4",135,17,[NULL]
0,446,136,16,[NULL]
1,"209,1,24",136,16,[NULL]
2,"13,1,213,1,7",136,16,[NULL]
3,"7,2,267,1,0",136,16,[NULL]
0,"5,1,336",137,15,[NULL]
1,"67,1,98",137,15,[NULL]
2,"364,1,7",137,15,[NULL]
3,"363,1,7",137,15,[NULL]
4,"0,1,8,1,69,1,80,1,0",137,15,[NULL]
0,"511,1,2",138,14,[NULL]
1,"2,1,540,1,0",138,14,[NULL]
0,"442,1,4",139,13,[NULL]
1,"0,2,562,1,0",139,13,[NULL]
0,"121,1,56",140,12,[NULL]
1,"443,1,4",140,12,[NULL]
2,"575,1,0",140,12,[NULL]
3,"2,1,543,1,0",140,12,[NULL]
4,"0,4,546,1,0",140,12,[NULL]
0,"128,1,52",141,11,[NULL]
1,"367,1,7",141,11,[NULL]
2,"445,1,4",141,11,[NULL]
3,"513,1,2",141,11,[NULL]
4,"521,1,1",141,11,[NULL]
5,"2,1,544,1,0",141,11,[NULL]
6,"0,1,7,1,414,1,0",141,11,[NULL]
0,447,142,10,[NULL]
1,"3,2,314",142,10,[NULL]
2,"130,1,52",142,10,[NULL]
3,"523,1,1",142,10,[NULL]
4,"3,1,504,1,0",142,10,[NULL]
5,"0,1,7,1,415,1,0",142,10,[NULL]
0,"69,1,98",143,9,[NULL]
1,"131,1,52",143,9,[NULL]
2,"368,1,7",143,9,[NULL]
3,"396,1,5",143,9,[NULL]
4,"524,1,1",143,9,[NULL]
5,"576,1,0",143,9,[NULL]
0,"132,1,52",144,8,[NULL]
1,"398,1,5",144,8,[NULL]
2,"525,1,1",144,8,[NULL]
3,"577,1,0",144,8,[NULL]
4,"2,1,7,1,368,1,0",144,8,[NULL]
0,448,145,7,[NULL]
1,"7,1,318",145,7,[NULL]
2,"400,1,5",145,7,[NULL]
0,"7,1,320",146,6,[NULL]
1,"526,1,1",146,6,[NULL]
2,"3,1,506,1,0",146,6,[NULL]
0,"2,1,324,1,7",147,5,[NULL]
1,"527,1,1",147,5,[NULL]
2,"13,1,324,1,0",147,5,[NULL]
3,"2,1,548,1,0",147,5,[NULL]
0,"324,1,8",148,4,[NULL]
1,"2,2,7,1,324,1,0",148,4,[NULL]
0,"0,153,0",0,153,[NULL]
0,"515,1,2",102,51,[NULL]
0,"0,3,554,1,0",103,50,[NULL]
0,"578,1,0",105,48,[NULL]
0,"579,1,0",106,47,[NULL]
0,"8,2,252,1,0",109,44,[NULL]
0,"8,1,402,1,0",115,38,[NULL]
0,"8,1,403,1,0",116,37,[NULL]
0,"8,2,16,1,137,1,0",119,34,[NULL]
0,"8,2,16,1,138,1,0",120,33,[NULL]
0,"0,3,64,1,137,1,0",122,31,[NULL]
0,"0,3,64,1,138,1,0",123,30,[NULL]
0,"0,4,17,1,260,1,0",124,29,[NULL]
0,"64,1,146,1,0",125,28,[NULL]
1,"0,3,558,1,0",125,28,[NULL]
0,"64,1,147,1,0",126,27,[NULL]
1,"0,1,8,1,380,1,0",126,27,[NULL]
2,"0,9,500,1,0",126,27,[NULL]
0,"0,1,17,1,278,1,0",127,26,[NULL]
1,"0,25,324,1,0",127,26,[NULL]
0,"13,3,32,1,20",129,24,[NULL]
0,"13,2,23,1,80,1,0",130,23,[NULL]
1,"8,2,255,1,0",130,23,[NULL]
0,"1,1,439",132,21,[NULL]
1,"0,2,18,1,260,1,0",132,21,[NULL]
0,"13,1,254",133,20,[NULL]
1,"13,2,133,1,7",133,20,[NULL]
2,"519,1,2",133,20,[NULL]
3,"0,2,69,1,138,1,0",133,20,[NULL]
0,"13,1,255",134,19,[NULL]
1,"13,2,134,1,7",134,19,[NULL]
2,"13,1,328,1,0",134,19,[NULL]
3,"0,2,568,1,0",134,19,[NULL]
0,449,135,18,[NULL]
1,"212,1,24",135,18,[NULL]
2,"448,1,4",135,18,[NULL]
3,"581,1,0",135,18,[NULL]
0,450,136,17,[NULL]
1,"449,1,4",136,17,[NULL]
2,"582,1,0",136,17,[NULL]
3,"0,1,7,2,267,1,0",136,17,[NULL]
0,"13,1,257",137,16,[NULL]
1,"314,1,10",137,16,[NULL]
0,451,138,15,[NULL]
1,"213,1,24",138,15,[NULL]
2,"13,1,331,1,0",138,15,[NULL]
0,453,139,14,[NULL]
1,452,139,14,[NULL]
2,"18,1,209,1,4",139,14,[NULL]
3,"13,1,332,1,0",139,14,[NULL]
4,"3,2,425,1,0",139,14,[NULL]
5,"0,3,562,1,0",139,14,[NULL]
0,"239,1,21",140,13,[NULL]
1,"450,1,4",140,13,[NULL]
2,"43,1,174,1,1",140,13,[NULL]
3,"8,1,414,1,0",140,13,[NULL]
4,"0,1,575,1,0",140,13,[NULL]
0,454,141,12,[NULL]
1,"373,1,7",141,12,[NULL]
2,"8,1,415,1,0",141,12,[NULL]
0,"376,1,7",142,11,[NULL]
1,"0,1,3,1,504,1,0",142,11,[NULL]
0,457,143,10,[NULL]
1,456,143,10,[NULL]
2,455,143,10,[NULL]
3,"2,1,69,1,134,1,0",143,10,[NULL]
0,460,144,9,[NULL]
1,459,144,9,[NULL]
2,458,144,9,[NULL]
3,"7,1,330",144,9,[NULL]
4,"0,1,577,1,0",144,9,[NULL]
0,462,145,8,[NULL]
1,461,145,8,[NULL]
2,"3,2,331",145,8,[NULL]
3,"18,1,209",145,8,[NULL]
4,"8,1,69,2,2",145,8,[NULL]
0,"7,1,331",146,7,[NULL]
1,"8,1,324,1,2",146,7,[NULL]
2,"584,1,0",146,7,[NULL]
3,"0,1,3,1,506,1,0",146,7,[NULL]
0,"7,1,332",147,6,[NULL]
1,"527,1,2",147,6,[NULL]
2,"0,1,13,1,324,1,0",147,6,[NULL]
0,"69,2,9",148,5,[NULL]
1,"1,1,7,1,324,1,2",148,5,[NULL]
0,"324,1,9",149,4,[NULL]
0,"0,154,0",0,154,[NULL]
0,"0,4,554,1,0",103,51,[NULL]
0,"0,1,578,1,0",105,49,[NULL]
0,"0,1,579,1,0",106,48,[NULL]
0,"402,1,6",114,40,[NULL]
0,"0,1,8,1,402,1,0",115,39,[NULL]
0,"0,1,8,1,403,1,0",116,38,[NULL]
0,"452,1,4",119,35,[NULL]
0,"0,1,8,2,16,1,138,1,0",120,34,[NULL]
0,"245,1,17",121,33,[NULL]
1,"59,1,137,1,2",121,33,[NULL]
0,"453,1,4",122,32,[NULL]
1,"0,4,64,1,137,1,0",122,32,[NULL]
0,"8,1,16,1,149,1,4",123,31,[NULL]
1,"0,4,64,1,138,1,0",123,31,[NULL]
0,"8,1,17,1,149,1,4",124,30,[NULL]
1,"0,5,17,1,260,1,0",124,30,[NULL]
0,"8,1,277,1,4",125,29,[NULL]
1,"0,4,558,1,0",125,29,[NULL]
0,"8,2,193,1,4",126,28,[NULL]
1,"0,1,64,1,147,1,0",126,28,[NULL]
2,"0,10,500,1,0",126,28,[NULL]
0,"8,2,194,1,4",127,27,[NULL]
1,"0,26,324,1,0",127,27,[NULL]
0,"8,1,13,1,167,1,4",128,26,[NULL]
0,"13,1,248,1,4",129,25,[NULL]
1,"8,1,278,1,4",129,25,[NULL]
0,464,130,24,[NULL]
1,463,130,24,[NULL]
2,"13,1,219,1,7",130,24,[NULL]
3,"454,1,4",130,24,[NULL]
0,465,131,23,[NULL]
1,"292,1,11",131,23,[NULL]
2,"13,1,220,1,7",131,23,[NULL]
3,"455,1,4",131,23,[NULL]
0,467,132,22,[NULL]
1,466,132,22,[NULL]
2,"17,1,224",132,22,[NULL]
3,"537,1,1",132,22,[NULL]
4,"585,1,0",132,22,[NULL]
5,"13,2,23,1,83,1,0",132,22,[NULL]
0,"8,1,279,1,4",133,21,[NULL]
1,"538,1,1",133,21,[NULL]
2,"586,1,0",133,21,[NULL]
3,"0,3,69,1,138,1,0",133,21,[NULL]
0,"8,1,280,1,4",134,20,[NULL]
1,"587,1,0",134,20,[NULL]
2,"0,3,568,1,0",134,20,[NULL]
0,"13,2,75,1,20",135,19,[NULL]
1,"9,1,261,1,4",135,19,[NULL]
2,"539,1,1",135,19,[NULL]
3,"18,1,278,1,0",135,19,[NULL]
0,"384,1,7",136,18,[NULL]
1,"69,1,147,1,0",136,18,[NULL]
2,"0,1,582,1,0",136,18,[NULL]
0,468,137,17,[NULL]
1,"385,1,7",137,17,[NULL]
2,"588,1,0",137,17,[NULL]
0,"67,1,101",138,16,[NULL]
1,"531,1,2",138,16,[NULL]
2,"13,1,335,1,0",138,16,[NULL]
0,"417,1,5",139,15,[NULL]
1,"533,1,2",139,15,[NULL]
2,"8,1,69,1,89,1,0",139,15,[NULL]
3,"0,4,562,1,0",139,15,[NULL]
0,"540,1,1",140,14,[NULL]
1,"0,1,8,1,414,1,0",140,14,[NULL]
2,"0,2,575,1,0",140,14,[NULL]
0,"477,1,3",141,13,[NULL]
1,"541,1,1",141,13,[NULL]
2,"589,1,0",141,13,[NULL]
3,"9,1,373,1,0",141,13,[NULL]
4,"0,1,8,1,415,1,0",141,13,[NULL]
0,"128,1,56",142,12,[NULL]
1,"390,1,7",142,12,[NULL]
2,"1,1,513,1,2",142,12,[NULL]
3,"543,1,1",142,12,[NULL]
4,"590,1,0",142,12,[NULL]
5,"0,2,3,1,504,1,0",142,12,[NULL]
0,469,143,11,[NULL]
1,"7,1,336",143,11,[NULL]
2,"392,1,7",143,11,[NULL]
3,"69,1,85,1,7",143,11,[NULL]
4,"544,1,1",143,11,[NULL]
0,"397,1,7",144,10,[NULL]
1,"7,1,367,1,1",144,10,[NULL]
2,"3,1,523,1,0",144,10,[NULL]
3,"2,1,565,1,0",144,10,[NULL]
4,"0,2,577,1,0",144,10,[NULL]
0,"3,1,406",145,9,[NULL]
1,"69,2,10",145,9,[NULL]
2,"398,1,7",145,9,[NULL]
3,"546,1,1",145,9,[NULL]
4,"3,1,524,1,0",145,9,[NULL]
5,"2,1,566,1,0",145,9,[NULL]
0,"324,1,10",146,8,[NULL]
1,"7,1,368,1,1",146,8,[NULL]
2,"13,1,341,1,0",146,8,[NULL]
3,"3,1,525,1,0",146,8,[NULL]
4,"2,1,7,1,398,1,0",146,8,[NULL]
5,"0,1,584,1,0",146,8,[NULL]
0,"592,1,0",147,7,[NULL]
1,"7,1,446,1,0",147,7,[NULL]
2,"2,1,7,1,400,1,0",147,7,[NULL]
0,"593,1,0",148,6,[NULL]
1,"2,2,527,1,0",148,6,[NULL]
0,"548,1,1",149,5,[NULL]
1,"2,1,11,1,324,1,0",149,5,[NULL]
0,"2,1,7,1,324,1,1",150,4,[NULL]
0,"0,155,0",0,155,[NULL]
0,"0,5,554,1,0",103,52,[NULL]
0,"469,1,4",108,47,[NULL]
0,"470,1,4",109,46,[NULL]
0,"296,1,11",110,45,[NULL]
0,470,111,44,[NULL]
0,"8,2,199,1,4",112,43,[NULL]
0,"8,2,200,1,4",113,42,[NULL]
0,"8,1,17,1,153,1,4",114,41,[NULL]
0,"8,1,283,1,4",115,40,[NULL]
0,"8,4,77,1,4",116,39,[NULL]
0,"8,4,78,1,4",117,38,[NULL]
0,"16,1,224,1,4",118,37,[NULL]
1,"8,3,17,1,56,1,4",118,37,[NULL]
0,"16,1,225,1,4",119,36,[NULL]
1,"8,3,136,1,4",119,36,[NULL]
2,"595,1,0",119,36,[NULL]
0,"17,1,225,1,4",120,35,[NULL]
1,"8,6,19,1,4",120,35,[NULL]
0,"8,6,20,1,4",121,34,[NULL]
0,"8,3,137,1,4",122,33,[NULL]
1,"8,5,45,1,4",122,33,[NULL]
2,"0,5,64,1,137,1,0",122,33,[NULL]
0,"8,3,138,1,4",123,32,[NULL]
1,"8,5,46,1,4",123,32,[NULL]
2,"0,5,64,1,138,1,0",123,32,[NULL]
0,"8,1,16,1,154,1,4",124,31,[NULL]
1,"8,4,9,1,13,2,4",124,31,[NULL]
0,"8,1,17,1,154,1,4",125,30,[NULL]
1,"8,3,9,1,13,1,32,1,4",125,30,[NULL]
0,"8,2,9,1,13,2,23,1,4",126,29,[NULL]
1,"8,4,79,1,4",126,29,[NULL]
2,"0,11,500,1,0",126,29,[NULL]
0,"8,1,9,1,13,2,51,1,4",127,28,[NULL]
1,"8,4,80,1,4",127,28,[NULL]
2,"0,27,324,1,0",127,28,[NULL]
0,"64,1,112,1,4",128,27,[NULL]
1,"9,1,13,5,4",128,27,[NULL]
2,"8,2,22,1,80,1,4",128,27,[NULL]
0,471,129,26,[NULL]
1,"9,1,13,3,32,1,7",129,26,[NULL]
2,"64,1,113,1,4",129,26,[NULL]
3,"8,2,23,1,80,1,4",129,26,[NULL]
4,"64,1,149,1,0",129,26,[NULL]
5,"8,2,260,1,0",129,26,[NULL]
0,"471,1,4",130,25,[NULL]
1,"8,1,13,2,101,1,4",130,25,[NULL]
2,"598,1,0",130,25,[NULL]
3,"16,1,292,1,0",130,25,[NULL]
0,472,131,24,[NULL]
1,"13,3,80,1,4",131,24,[NULL]
2,"17,1,292,1,0",131,24,[NULL]
0,"248,1,20",132,23,[NULL]
1,"13,1,23,1,101,1,7",132,23,[NULL]
2,"8,2,201,1,4",132,23,[NULL]
3,"601,1,0",132,23,[NULL]
4,"600,1,0",132,23,[NULL]
0,"2,1,438",133,22,[NULL]
1,"187,1,31",133,22,[NULL]
2,"8,1,9,1,188,1,4",133,22,[NULL]
3,"13,1,346,1,0",133,22,[NULL]
4,"0,1,586,1,0",133,22,[NULL]
5,"0,4,69,1,138,1,0",133,22,[NULL]
0,"2,1,439",134,21,[NULL]
1,"9,1,267,1,4",134,21,[NULL]
2,"0,4,568,1,0",134,21,[NULL]
0,"267,1,14",135,20,[NULL]
1,"0,1,18,1,278,1,0",135,20,[NULL]
0,473,136,19,[NULL]
1,"1,1,449",136,19,[NULL]
2,"0,1,69,1,147,1,0",136,19,[NULL]
0,474,137,18,[NULL]
1,"13,2,209,1,0",137,18,[NULL]
0,475,138,17,[NULL]
1,"7,1,344",138,17,[NULL]
2,"13,1,67,1,75,1,0",138,17,[NULL]
0,"7,1,345",139,16,[NULL]
1,"475,1,4",139,16,[NULL]
2,"604,1,0",139,16,[NULL]
3,"0,5,562,1,0",139,16,[NULL]
0,476,140,15,[NULL]
1,"335,1,9",140,15,[NULL]
2,"408,1,7",140,15,[NULL]
3,"540,1,2",140,15,[NULL]
4,"0,3,575,1,0",140,15,[NULL]
0,"251,1,20",141,14,[NULL]
1,"411,1,7",141,14,[NULL]
2,"425,1,5",141,14,[NULL]
3,"484,1,3",141,14,[NULL]
4,"0,1,589,1,0",141,14,[NULL]
0,"412,1,7",142,13,[NULL]
1,"485,1,3",142,13,[NULL]
2,"543,1,2",142,13,[NULL]
0,"0,1,7,1,336",143,12,[NULL]
1,"69,1,103",143,12,[NULL]
2,"479,1,4",143,12,[NULL]
3,"544,1,2",143,12,[NULL]
4,"2,1,570,1,0",143,12,[NULL]
0,477,144,11,[NULL]
1,"69,1,104",144,11,[NULL]
2,"415,1,7",144,11,[NULL]
3,"545,1,2",144,11,[NULL]
4,"13,1,69,1,75,1,0",144,11,[NULL]
5,"7,1,450,1,0",144,11,[NULL]
6,"0,1,3,1,523,1,0",144,11,[NULL]
0,"0,1,69,2,10",145,10,[NULL]
1,"547,1,2",145,10,[NULL]
2,"546,1,2",145,10,[NULL]
3,"69,1,134,1,1",145,10,[NULL]
4,"13,1,69,1,76,1,0",145,10,[NULL]
5,"0,1,3,1,524,1,0",145,10,[NULL]
0,"1,1,462",146,9,[NULL]
1,"0,1,324,1,10",146,9,[NULL]
2,"339,1,9",146,9,[NULL]
3,"1,1,8,1,69,2,2",146,9,[NULL]
4,"2,1,18,1,264,1,0",146,9,[NULL]
5,"0,2,584,1,0",146,9,[NULL]
0,"2,1,7,1,306",147,8,[NULL]
1,"340,1,9",147,8,[NULL]
2,"1,1,8,1,324,1,2",147,8,[NULL]
3,"0,1,7,1,446,1,0",147,8,[NULL]
0,"341,1,9",148,7,[NULL]
0,"0,156,0",0,156,[NULL]
0,"8,1,431,1,0",108,48,[NULL]
0,"16,1,296,1,0",109,47,[NULL]
0,"17,1,296,1,0",110,46,[NULL]
0,"606,1,0",111,45,[NULL]
0,"5,1,402,1,2",115,41,[NULL]
0,"8,1,432,1,0",118,38,[NULL]
0,"8,1,433,1,0",119,37,[NULL]
1,"0,1,595,1,0",119,37,[NULL]
0,"17,1,298,1,0",120,36,[NULL]
0,"8,3,184,1,0",122,34,[NULL]
1,"0,6,64,1,137,1,0",122,34,[NULL]
0,"0,6,64,1,138,1,0",123,33,[NULL]
0,"0,12,500,1,0",126,30,[NULL]
0,"0,28,324,1,0",127,29,[NULL]
0,"16,1,64,2,0",128,28,[NULL]
0,"16,1,299,1,0",129,27,[NULL]
1,"0,1,64,1,149,1,0",129,27,[NULL]
2,"0,1,8,2,260,1,0",129,27,[NULL]
0,"13,5,23,1,0",130,26,[NULL]
1,"0,1,598,1,0",130,26,[NULL]
2,"0,1,16,1,292,1,0",130,26,[NULL]
0,"549,1,2",131,25,[NULL]
1,"13,5,24,1,0",131,25,[NULL]
2,"0,1,17,1,292,1,0",131,25,[NULL]
0,"0,1,601,1,0",132,24,[NULL]
1,"0,1,600,1,0",132,24,[NULL]
0,"8,3,188,1,0",133,23,[NULL]
1,"0,2,586,1,0",133,23,[NULL]
0,"13,3,67,1,7",134,22,[NULL]
0,"9,1,13,2,75,1,7",135,21,[NULL]
1,"13,1,357,1,0",135,21,[NULL]
0,"608,1,0",136,20,[NULL]
1,"13,2,212,1,0",136,20,[NULL]
0,"609,1,0",137,19,[NULL]
1,"13,1,360,1,0",137,19,[NULL]
0,478,138,18,[NULL]
1,"69,1,112,1,4",138,18,[NULL]
2,"611,1,0",138,18,[NULL]
3,"610,1,0",138,18,[NULL]
0,479,139,17,[NULL]
1,"69,1,113,1,4",139,17,[NULL]
2,"612,1,0",139,17,[NULL]
3,"13,2,213,1,0",139,17,[NULL]
4,"0,1,604,1,0",139,17,[NULL]
5,"0,6,562,1,0",139,17,[NULL]
0,"417,1,7",140,16,[NULL]
1,"483,1,4",140,16,[NULL]
2,"613,1,0",140,16,[NULL]
3,"0,4,575,1,0",140,16,[NULL]
0,"314,1,11",141,15,[NULL]
1,"0,2,589,1,0",141,15,[NULL]
0,"13,1,275",142,14,[NULL]
1,"69,1,89,1,7",142,14,[NULL]
2,"486,1,4",142,14,[NULL]
3,"3,1,540,1,0",142,14,[NULL]
0,481,143,13,[NULL]
1,480,143,13,[NULL]
2,"7,1,358",143,13,[NULL]
3,"419,1,7",143,13,[NULL]
4,"8,1,443,1,0",143,13,[NULL]
5,"2,1,575,1,0",143,13,[NULL]
0,482,144,12,[NULL]
1,"1,1,7,1,336",144,12,[NULL]
2,"8,1,445,1,0",144,12,[NULL]
3,"3,1,543,1,0",144,12,[NULL]
4,"2,2,544,1,0",144,12,[NULL]
0,483,145,11,[NULL]
1,"352,1,9",145,11,[NULL]
2,"563,1,1",145,11,[NULL]
3,"616,1,0",145,11,[NULL]
4,"615,1,0",145,11,[NULL]
5,"3,1,544,1,0",145,11,[NULL]
0,"7,1,92,1,52",146,10,[NULL]
1,"69,1,75,1,9",146,10,[NULL]
2,"5,1,69,2,4",146,10,[NULL]
3,"565,1,1",146,10,[NULL]
4,"15,1,324,1,0",146,10,[NULL]
5,"13,1,368,1,0",146,10,[NULL]
0,"5,1,324,1,4",147,9,[NULL]
1,"566,1,1",147,9,[NULL]
2,"7,1,396,1,1",147,9,[NULL]
3,"0,2,7,1,446,1,0",147,9,[NULL]
0,"13,1,277",148,8,[NULL]
1,"142,1,52",148,8,[NULL]
2,"7,1,398,1,1",148,8,[NULL]
0,"7,1,400,1,1",149,7,[NULL]
1,"2,1,526,1,1",149,7,[NULL]
2,"617,1,0",149,7,[NULL]
0,"10,1,324,1,1",150,6,[NULL]
1,"2,1,527,1,1",150,6,[NULL]
2,"2,1,13,1,324,1,0",150,6,[NULL]
0,"11,1,324,1,1",151,5,[NULL]
0,"0,157,0",0,157,[NULL]
0,"553,1,2",107,50,[NULL]
0,"0,1,8,1,431,1,0",108,49,[NULL]
0,"0,1,16,1,296,1,0",109,48,[NULL]
0,"0,1,17,1,296,1,0",110,47,[NULL]
0,"0,1,606,1,0",111,46,[NULL]
0,"0,1,8,1,432,1,0",118,39,[NULL]
0,"0,1,8,1,433,1,0",119,38,[NULL]
0,"488,1,4",122,35,[NULL]
0,484,123,34,[NULL]
1,"0,7,64,1,138,1,0",123,34,[NULL]
0,"489,1,4",124,33,[NULL]
0,"490,1,4",125,32,[NULL]
0,"8,2,206,1,4",126,31,[NULL]
1,"0,13,500,1,0",126,31,[NULL]
0,"8,1,17,1,160,1,4",127,30,[NULL]
1,"64,1,137,1,2",127,30,[NULL]
2,"0,29,324,1,0",127,30,[NULL]
0,"491,1,4",128,29,[NULL]
1,"8,2,207,1,4",128,29,[NULL]
0,"8,2,208,1,4",129,28,[NULL]
1,"0,1,16,1,299,1,0",129,28,[NULL]
2,"0,2,64,1,149,1,0",129,28,[NULL]
0,"8,1,9,1,194,1,4",130,27,[NULL]
1,"558,1,2",130,27,[NULL]
2,"0,2,598,1,0",130,27,[NULL]
0,"9,1,13,1,167,1,4",131,26,[NULL]
1,"0,2,17,1,292,1,0",131,26,[NULL]
0,"347,1,10",132,25,[NULL]
1,"9,1,248,1,7",132,25,[NULL]
2,"8,1,291,1,4",132,25,[NULL]
3,"0,2,601,1,0",132,25,[NULL]
4,"0,2,600,1,0",132,25,[NULL]
0,485,133,24,[NULL]
1,"8,1,292,1,4",133,24,[NULL]
2,"0,3,586,1,0",133,24,[NULL]
0,"292,1,13",134,23,[NULL]
1,"492,1,4",134,23,[NULL]
2,"42,1,187,1,2",134,23,[NULL]
0,487,135,22,[NULL]
1,486,135,22,[NULL]
2,"13,2,23,1,62",135,22,[NULL]
3,"8,1,293,1,4",135,22,[NULL]
0,"13,2,83,1,20",136,21,[NULL]
1,"8,2,209,1,4",136,21,[NULL]
2,"13,3,133,1,0",136,21,[NULL]
0,"8,1,294,1,4",137,20,[NULL]
1,"13,3,134,1,0",137,20,[NULL]
2,"0,1,609,1,0",137,20,[NULL]
0,"13,1,261,1,4",138,19,[NULL]
1,"561,1,2",138,19,[NULL]
2,"8,1,448,1,0",138,19,[NULL]
3,"0,1,610,1,0",138,19,[NULL]
0,"423,1,7",139,18,[NULL]
1,"8,1,449,1,0",139,18,[NULL]
2,"0,1,612,1,0",139,18,[NULL]
3,"0,7,562,1,0",139,18,[NULL]
0,"23,1,181,1,7",140,17,[NULL]
1,"16,1,314,1,0",140,17,[NULL]
2,"0,1,613,1,0",140,17,[NULL]
3,"0,5,575,1,0",140,17,[NULL]
0,488,141,16,[NULL]
1,"1,1,540,1,2",141,16,[NULL]
2,"618,1,0",141,16,[NULL]
3,"17,1,314,1,0",141,16,[NULL]
4,"0,3,589,1,0",141,16,[NULL]
0,"0,1,486,1,4",142,15,[NULL]
1,"619,1,0",142,15,[NULL]
2,"0,1,3,1,540,1,0",142,15,[NULL]
0,"620,1,0",143,14,[NULL]
1,"0,1,8,1,443,1,0",143,14,[NULL]
0,"621,1,0",144,13,[NULL]
1,"13,1,373,1,0",144,13,[NULL]
2,"0,1,8,1,445,1,0",144,13,[NULL]
0,"190,1,34",145,12,[NULL]
1,"563,1,2",145,12,[NULL]
2,"570,1,1",145,12,[NULL]
3,"13,1,376,1,0",145,12,[NULL]
4,"0,1,3,1,544,1,0",145,12,[NULL]
0,"376,1,8",146,11,[NULL]
1,"69,1,95,1,7",146,11,[NULL]
2,"504,1,3",146,11,[NULL]
3,"7,1,478,1,0",146,11,[NULL]
0,"2,1,458",147,10,[NULL]
1,"18,1,237",147,10,[NULL]
2,"7,1,479,1,0",147,10,[NULL]
0,489,148,9,[NULL]
1,"368,1,9",148,9,[NULL]
2,"18,1,264,1,1",148,9,[NULL]
0,"3,1,429",149,8,[NULL]
1,"13,1,285",149,8,[NULL]
2,"69,2,11",149,8,[NULL]
0,"2,1,7,1,332",150,7,[NULL]
1,"324,1,11",150,7,[NULL]
2,"506,1,3",150,7,[NULL]
0,490,151,6,[NULL]
1,"2,1,69,2,9",151,6,[NULL]
0,"2,1,324,1,9",152,5,[NULL]
0,"0,158,0",0,158,[NULL]
0,491,107,51,[NULL]
0,"0,2,17,1,296,1,0",110,48,[NULL]
0,"8,1,295,1,4",111,47,[NULL]
1,"0,2,606,1,0",111,47,[NULL]
0,"8,1,296,1,4",112,46,[NULL]
0,"17,1,183,1,10",113,45,[NULL]
0,"498,1,4",114,44,[NULL]
0,"8,3,145,1,4",115,43,[NULL]
0,"8,2,16,1,111,1,4",116,42,[NULL]
0,"8,2,17,1,111,1,4",117,41,[NULL]
0,492,118,40,[NULL]
1,"8,2,211,1,4",118,40,[NULL]
0,"8,5,49,1,4",119,39,[NULL]
0,"8,5,50,1,4",120,38,[NULL]
0,"8,1,297,1,4",121,37,[NULL]
1,"8,3,16,1,17,2,4",121,37,[NULL]
0,"8,1,298,1,4",122,36,[NULL]
1,"8,4,88,1,4",122,36,[NULL]
2,"8,1,452,1,0",122,36,[NULL]
0,"17,1,238,1,4",123,35,[NULL]
1,"8,8,4",123,35,[NULL]
0,"8,6,22,1,4",124,34,[NULL]
0,"8,3,146,1,4",125,33,[NULL]
1,"8,6,23,1,4",125,33,[NULL]
0,"8,3,147,1,4",126,32,[NULL]
1,"8,5,51,1,4",126,32,[NULL]
2,"0,14,500,1,0",126,32,[NULL]
0,"8,2,17,1,113,1,4",127,31,[NULL]
1,"8,4,13,3,4",127,31,[NULL]
2,"0,30,324,1,0",127,31,[NULL]
0,"8,1,17,1,162,1,4",128,30,[NULL]
1,"8,3,13,2,32,1,4",128,30,[NULL]
2,"623,1,0",128,30,[NULL]
0,493,129,29,[NULL]
1,"8,2,13,3,23,1,4",129,29,[NULL]
2,"8,4,89,1,4",129,29,[NULL]
3,"0,3,64,1,149,1,0",129,29,[NULL]
0,"8,1,13,3,51,1,4",130,28,[NULL]
1,"8,3,9,1,80,1,4",130,28,[NULL]
2,"0,3,598,1,0",130,28,[NULL]
0,"13,6,4",131,27,[NULL]
1,"8,1,64,2,4",131,27,[NULL]
2,"8,2,23,1,89,1,4",131,27,[NULL]
3,"0,3,17,1,292,1,0",131,27,[NULL]
0,"13,4,32,1,7",132,26,[NULL]
1,"8,1,299,1,4",132,26,[NULL]
2,"8,1,9,1,23,1,80,1,4",132,26,[NULL]
3,"64,1,160,1,0",132,26,[NULL]
4,"8,2,278,1,0",132,26,[NULL]
5,"0,3,601,1,0",132,26,[NULL]
6,"0,3,600,1,0",132,26,[NULL]
0,"13,4,33,1,7",133,25,[NULL]
1,"499,1,4",133,25,[NULL]
2,"9,1,13,2,101,1,4",133,25,[NULL]
3,"13,2,219,1,0",133,25,[NULL]
4,"8,1,454,1,0",133,25,[NULL]
5,"0,4,586,1,0",133,25,[NULL]
0,"435,1,7",134,24,[NULL]
1,"9,1,13,2,80,1,7",134,24,[NULL]
2,"13,2,220,1,0",134,24,[NULL]
0,"8,2,212,1,4",135,23,[NULL]
1,"2,1,537,1,1",135,23,[NULL]
0,"8,1,13,1,188,1,4",136,22,[NULL]
1,"2,1,538,1,1",136,22,[NULL]
0,"266,1,18",137,21,[NULL]
1,"13,1,267,1,4",137,21,[NULL]
2,"18,1,260,1,2",137,21,[NULL]
0,494,138,20,[NULL]
1,"286,1,14",138,20,[NULL]
2,"23,1,188,1,7",138,20,[NULL]
3,"627,1,0",138,20,[NULL]
0,495,139,19,[NULL]
1,"1,1,478",139,19,[NULL]
2,"23,1,189,1,7",139,19,[NULL]
3,"0,1,8,1,449,1,0",139,19,[NULL]
0,496,140,18,[NULL]
1,"628,1,0",140,18,[NULL]
2,"0,6,575,1,0",140,18,[NULL]
0,"261,1,20",141,17,[NULL]
1,"23,1,190,1,7",141,17,[NULL]
2,"0,1,17,1,314,1,0",141,17,[NULL]
0,"262,1,20",142,16,[NULL]
1,"24,1,190,1,7",142,16,[NULL]
2,"502,1,4",142,16,[NULL]
3,"629,1,0",142,16,[NULL]
0,"367,1,10",143,15,[NULL]
1,"1,1,486,1,4",143,15,[NULL]
2,"630,1,0",143,15,[NULL]
0,497,144,14,[NULL]
0,"575,1,1",145,13,[NULL]
1,"2,1,590,1,0",145,13,[NULL]
0,"373,1,9",146,12,[NULL]
1,"504,1,4",146,12,[NULL]
2,"571,1,2",146,12,[NULL]
3,"2,1,544,1,1",146,12,[NULL]
4,"7,1,486,1,0",146,12,[NULL]
0,499,147,11,[NULL]
1,498,147,11,[NULL]
2,"376,1,9",147,11,[NULL]
3,"445,1,7",147,11,[NULL]
4,"7,1,415,1,2",147,11,[NULL]
5,"631,1,0",147,11,[NULL]
0,501,148,10,[NULL]
1,500,148,10,[NULL]
2,"7,2,241",148,10,[NULL]
3,"13,1,69,1,56",148,10,[NULL]
4,"12,1,324,1,2",148,10,[NULL]
5,"576,1,1",148,10,[NULL]
6,"16,1,69,2,0",148,10,[NULL]
0,"18,1,241",149,9,[NULL]
1,"2,1,7,1,368,1,1",149,9,[NULL]
2,"633,1,0",149,9,[NULL]
3,"17,1,69,2,0",149,9,[NULL]
4,"16,1,324,1,0",149,9,[NULL]
0,"132,1,68",150,8,[NULL]
1,"17,1,324,1,0",150,8,[NULL]
0,"0,1,490",151,7,[NULL]
0,502,152,6,[NULL]
1,"13,1,324,1,1",152,6,[NULL]
0,"7,1,324,1,4",153,5,[NULL]
0,"0,159,0",0,159,[NULL]
0,"0,1,491",107,52,[NULL]
0,"1,1,553,1,2",108,51,[NULL]
0,"0,3,17,1,296,1,0",110,49,[NULL]
0,"8,1,469,1,0",111,48,[NULL]
1,"0,3,606,1,0",111,48,[NULL]
0,"8,1,470,1,0",112,47,[NULL]
0,"635,1,0",117,42,[NULL]
0,"636,1,0",118,41,[NULL]
0,"452,1,6",121,38,[NULL]
1,"8,1,16,1,224,1,0",121,38,[NULL]
0,"8,1,16,1,225,1,0",122,37,[NULL]
1,"0,1,8,1,452,1,0",122,37,[NULL]
0,"8,1,17,1,225,1,0",123,36,[NULL]
0,"572,1,2",124,35,[NULL]
0,"0,15,500,1,0",126,33,[NULL]
0,"0,31,324,1,0",127,32,[NULL]
0,"1,1,64,1,137,1,2",128,31,[NULL]
1,"0,1,623,1,0",128,31,[NULL]
0,"637,1,0",129,30,[NULL]
1,"0,4,64,1,149,1,0",129,30,[NULL]
0,"0,4,598,1,0",130,29,[NULL]
0,"8,1,64,1,112,1,0",131,28,[NULL]
1,"0,4,17,1,292,1,0",131,28,[NULL]
0,"0,1,8,2,278,1,0",132,27,[NULL]
1,"0,4,601,1,0",132,27,[NULL]
2,"0,4,600,1,0",132,27,[NULL]
0,"0,1,8,1,454,1,0",133,26,[NULL]
1,"0,5,586,1,0",133,26,[NULL]
0,"13,5,20",134,25,[NULL]
0,"13,2,23,1,101,1,0",135,24,[NULL]
1,"8,3,201,1,0",135,24,[NULL]
0,"66,1,116",136,23,[NULL]
0,503,137,22,[NULL]
1,"381,1,9",137,22,[NULL]
0,"0,1,494",138,21,[NULL]
1,"3,1,439",138,21,[NULL]
2,"13,1,296",138,21,[NULL]
3,"13,3,75,1,7",138,21,[NULL]
4,"0,1,627,1,0",138,21,[NULL]
0,504,139,20,[NULL]
1,"0,1,495",139,20,[NULL]
2,"266,1,20",139,20,[NULL]
3,"13,3,76,1,7",139,20,[NULL]
4,"1,1,561,1,2",139,20,[NULL]
5,"23,1,286,1,0",139,20,[NULL]
0,"267,1,20",140,19,[NULL]
1,"23,1,287,1,0",140,19,[NULL]
2,"0,1,628,1,0",140,19,[NULL]
3,"0,7,575,1,0",140,19,[NULL]
0,"8,1,64,1,69,1,4",141,18,[NULL]
1,"640,1,0",141,18,[NULL]
2,"0,2,17,1,314,1,0",141,18,[NULL]
0,"13,1,302",142,17,[NULL]
1,"8,1,312,1,4",142,17,[NULL]
2,"8,1,475,1,0",142,17,[NULL]
3,"0,1,629,1,0",142,17,[NULL]
0,"190,1,36",143,16,[NULL]
1,"8,1,314,1,4",143,16,[NULL]
2,"17,1,333,1,0",143,16,[NULL]
3,"13,1,408,1,0",143,16,[NULL]
4,"0,1,630,1,0",143,16,[NULL]
0,506,144,15,[NULL]
1,505,144,15,[NULL]
2,"511,1,4",144,15,[NULL]
3,"13,1,411,1,0",144,15,[NULL]
0,507,145,14,[NULL]
1,"18,1,209,1,7",145,14,[NULL]
2,"575,1,2",145,14,[NULL]
0,508,146,13,[NULL]
1,"270,1,21",146,13,[NULL]
2,"450,1,7",146,13,[NULL]
3,"8,1,479,1,0",146,13,[NULL]
0,509,147,12,[NULL]
1,"197,1,34",147,12,[NULL]
2,"521,1,3",147,12,[NULL]
3,"0,1,631,1,0",147,12,[NULL]
0,"324,1,12",148,11,[NULL]
1,"523,1,3",148,11,[NULL]
2,"2,1,69,1,134,1,1",148,11,[NULL]
3,"18,1,311,1,0",148,11,[NULL]
4,"7,2,314,1,0",148,11,[NULL]
5,"0,1,16,1,69,2,0",148,11,[NULL]
0,"13,1,306",149,10,[NULL]
1,"524,1,3",149,10,[NULL]
2,"577,1,2",149,10,[NULL]
3,"18,1,314,1,0",149,10,[NULL]
4,"0,1,17,1,69,2,0",149,10,[NULL]
5,"0,1,16,1,324,1,0",149,10,[NULL]
0,510,150,9,[NULL]
1,"525,1,3",150,9,[NULL]
2,"0,1,17,1,324,1,0",150,9,[NULL]
0,"7,1,387",151,8,[NULL]
1,"7,1,386",151,8,[NULL]
0,"0,1,502",152,7,[NULL]
1,"7,1,388",152,7,[NULL]
0,"0,1,7,1,324,1,4",153,6,[NULL]
0,"0,160,0",0,160,[NULL]
0,"641,1,0",107,53,[NULL]
0,"515,1,4",108,52,[NULL]
0,"0,4,17,1,296,1,0",110,50,[NULL]
0,"0,1,8,1,469,1,0",111,49,[NULL]
1,"0,4,606,1,0",111,49,[NULL]
0,"0,1,8,1,470,1,0",112,48,[NULL]
0,"0,1,635,1,0",117,43,[NULL]
0,"0,1,636,1,0",118,42,[NULL]
0,"0,1,8,1,16,1,224,1,0",121,39,[NULL]
0,"0,1,8,1,16,1,225,1,0",122,38,[NULL]
0,"16,1,244,1,4",125,35,[NULL]
0,"17,1,244,1,4",126,34,[NULL]
1,"0,16,500,1,0",126,34,[NULL]
0,"16,1,245,1,4",127,33,[NULL]
1,"0,32,324,1,0",127,33,[NULL]
0,"8,1,315,1,4",128,32,[NULL]
0,"8,3,149,1,4",129,31,[NULL]
1,"0,5,64,1,149,1,0",129,31,[NULL]
0,"8,1,16,1,167,1,4",130,30,[NULL]
1,"0,5,598,1,0",130,30,[NULL]
0,"516,1,4",131,29,[NULL]
1,"8,2,218,1,4",131,29,[NULL]
0,"8,2,219,1,4",132,28,[NULL]
1,"0,5,600,1,0",132,28,[NULL]
0,"8,1,13,1,194,1,4",133,27,[NULL]
0,"13,2,167,1,4",134,26,[NULL]
0,"13,1,248,1,7",135,25,[NULL]
1,"517,1,4",135,25,[NULL]
2,"8,1,316,1,4",135,25,[NULL]
0,"260,1,22",136,24,[NULL]
1,"347,1,11",136,24,[NULL]
2,"13,2,150,1,7",136,24,[NULL]
3,"518,1,4",136,24,[NULL]
4,"9,1,292,1,4",136,24,[NULL]
5,"642,1,0",136,24,[NULL]
0,"0,1,503",137,23,[NULL]
1,"292,1,14",137,23,[NULL]
2,"8,1,318,1,4",137,23,[NULL]
3,"585,1,1",137,23,[NULL]
4,"13,4,67,1,0",137,23,[NULL]
0,"9,1,293,1,4",138,22,[NULL]
1,"1,1,18,1,260,1,2",138,22,[NULL]
2,"643,1,0",138,22,[NULL]
3,"0,2,627,1,0",138,22,[NULL]
0,"519,1,4",139,21,[NULL]
1,"8,1,9,1,209,1,4",139,21,[NULL]
2,"645,1,0",139,21,[NULL]
3,"644,1,0",139,21,[NULL]
0,"209,1,31",140,20,[NULL]
1,"13,2,95,1,20",140,20,[NULL]
2,"9,1,294,1,4",140,20,[NULL]
3,"646,1,0",140,20,[NULL]
4,"0,8,575,1,0",140,20,[NULL]
0,511,141,19,[NULL]
1,"9,1,261,1,7",141,19,[NULL]
2,"8,1,69,1,112,1,0",141,19,[NULL]
3,"0,3,17,1,314,1,0",141,19,[NULL]
0,"8,1,69,1,113,1,0",142,18,[NULL]
1,"0,1,8,1,475,1,0",142,18,[NULL]
2,"0,2,629,1,0",142,18,[NULL]
0,512,143,17,[NULL]
1,"13,1,417,1,0",143,17,[NULL]
2,"0,1,17,1,333,1,0",143,17,[NULL]
0,513,144,16,[NULL]
1,"648,1,0",144,16,[NULL]
0,514,145,15,[NULL]
1,"76,1,95,1,7",145,15,[NULL]
2,"650,1,0",145,15,[NULL]
0,516,146,14,[NULL]
1,515,146,14,[NULL]
2,"651,1,0",146,14,[NULL]
0,"590,1,1",147,13,[NULL]
1,"0,2,631,1,0",147,13,[NULL]
0,"13,1,314",148,12,[NULL]
1,"69,1,107,1,7",148,12,[NULL]
2,"652,1,0",148,12,[NULL]
3,"0,1,18,1,311,1,0",148,12,[NULL]
4,"0,1,7,2,314,1,0",148,12,[NULL]
0,517,149,11,[NULL]
1,"2,1,69,1,75,1,9",149,11,[NULL]
2,"0,1,18,1,314,1,0",149,11,[NULL]
3,"0,2,17,1,69,2,0",149,11,[NULL]
4,"0,2,16,1,324,1,0",149,11,[NULL]
0,"7,1,393",150,10,[NULL]
1,"68,1,163,1,0",150,10,[NULL]
2,"0,2,17,1,324,1,0",150,10,[NULL]
0,518,151,9,[NULL]
1,"8,1,69,2,4",151,9,[NULL]
2,"3,1,577,1,0",151,9,[NULL]
0,"526,1,4",152,8,[NULL]
1,"8,1,324,1,4",152,8,[NULL]
2,"2,1,617,1,0",152,8,[NULL]
0,"324,1,13",153,7,[NULL]
1,"527,1,4",153,7,[NULL]
2,"2,2,13,1,324,1,0",153,7,[NULL]
0,"1,1,7,1,324,1,4",154,6,[NULL]
1,"7,1,507,1,0",154,6,[NULL]
0,"7,1,508,1,0",155,5,[NULL]
0,"7,2,324,1,0",157,3,[NULL]
0,"18,1,324,1,0",158,2,[NULL]
0,"0,161,0",0,161,[NULL]
0,"0,5,606,1,0",111,50,[NULL]
0,"8,1,325,1,4",114,47,[NULL]
0,519,115,46,[NULL]
1,"8,1,326,1,4",115,46,[NULL]
0,"17,1,253,1,4",116,45,[NULL]
0,"528,1,4",117,44,[NULL]
1,"0,2,635,1,0",117,44,[NULL]
0,"8,3,152,1,4",118,43,[NULL]
1,"0,2,636,1,0",118,43,[NULL]
0,"8,3,153,1,4",119,42,[NULL]
0,"402,1,10",120,41,[NULL]
1,"8,2,17,1,117,1,4",120,41,[NULL]
0,"403,1,10",121,40,[NULL]
1,"8,2,223,1,4",121,40,[NULL]
0,"8,5,55,1,4",122,39,[NULL]
1,"5,1,452,1,2",122,39,[NULL]
0,"8,5,56,1,4",123,38,[NULL]
0,"8,2,224,1,4",124,37,[NULL]
1,"8,4,17,1,40,1,4",124,37,[NULL]
0,"8,2,225,1,4",125,36,[NULL]
1,"8,4,100,1,4",125,36,[NULL]
2,"8,1,488,1,0",125,36,[NULL]
0,"16,1,17,1,138,1,4",126,35,[NULL]
1,"8,7,9,1,4",126,35,[NULL]
2,"0,17,500,1,0",126,35,[NULL]
0,"17,2,138,1,4",127,34,[NULL]
1,"8,6,29,1,4",127,34,[NULL]
2,"0,33,324,1,0",127,34,[NULL]
0,"8,3,16,1,64,1,4",128,33,[NULL]
1,"8,5,9,1,23,1,4",128,33,[NULL]
0,"8,3,17,1,64,1,4",129,32,[NULL]
1,"8,4,9,1,51,1,4",129,32,[NULL]
2,"0,6,64,1,149,1,0",129,32,[NULL]
0,"8,3,154,1,4",130,31,[NULL]
1,"8,3,9,1,13,3,4",130,31,[NULL]
0,"8,2,42,1,64,1,4",131,30,[NULL]
1,"8,2,9,1,13,2,32,1,4",131,30,[NULL]
2,"8,1,491,1,0",131,30,[NULL]
0,"529,1,4",132,29,[NULL]
1,"8,1,9,1,13,3,23,1,4",132,29,[NULL]
2,"8,4,101,1,4",132,29,[NULL]
0,"9,1,13,3,51,1,4",133,28,[NULL]
1,"8,3,13,1,80,1,4",133,28,[NULL]
0,"9,1,13,5,7",134,27,[NULL]
1,"8,1,64,1,72,1,4",134,27,[NULL]
2,"8,2,23,1,101,1,4",134,27,[NULL]
0,"8,1,327,1,4",135,26,[NULL]
1,"8,1,13,1,23,1,80,1,4",135,26,[NULL]
2,"8,2,291,1,0",135,26,[NULL]
0,"17,1,255,1,4",136,25,[NULL]
1,"13,3,101,1,4",136,25,[NULL]
2,"8,2,292,1,0",136,25,[NULL]
3,"0,1,642,1,0",136,25,[NULL]
0,"13,1,167,1,20",137,24,[NULL]
1,"13,3,80,1,7",137,24,[NULL]
2,"530,1,4",137,24,[NULL]
3,"654,1,0",137,24,[NULL]
0,"13,1,323",138,23,[NULL]
1,"8,1,9,1,212,1,4",138,23,[NULL]
2,"586,1,2",138,23,[NULL]
3,"23,1,292,1,0",138,23,[NULL]
4,"0,3,627,1,0",138,23,[NULL]
0,"9,1,13,1,188,1,4",139,22,[NULL]
1,"587,1,2",139,22,[NULL]
2,"0,1,645,1,0",139,22,[NULL]
3,"0,1,644,1,0",139,22,[NULL]
0,"266,1,22",140,21,[NULL]
1,"9,1,267,1,7",140,21,[NULL]
2,"0,1,646,1,0",140,21,[NULL]
3,"0,9,575,1,0",140,21,[NULL]
0,"472,1,7",141,20,[NULL]
1,"655,1,0",141,20,[NULL]
2,"0,4,17,1,314,1,0",141,20,[NULL]
0,520,142,19,[NULL]
1,"473,1,7",142,19,[NULL]
2,"13,1,423,1,0",142,19,[NULL]
3,"0,1,8,1,69,1,113,1,0",142,19,[NULL]
0,521,143,18,[NULL]
1,"287,1,19",143,18,[NULL]
2,"656,1,0",143,18,[NULL]
3,"13,1,23,1,181,1,0",143,18,[NULL]
0,"604,1,1",144,17,[NULL]
1,"2,1,618,1,0",144,17,[NULL]
2,"0,1,648,1,0",144,17,[NULL]
0,"474,1,7",145,16,[NULL]
1,"533,1,4",145,16,[NULL]
2,"8,1,333,1,4",145,16,[NULL]
3,"0,1,650,1,0",145,16,[NULL]
0,"476,1,7",146,15,[NULL]
1,"534,1,4",146,15,[NULL]
2,"540,1,3",146,15,[NULL]
0,"282,1,20",147,14,[NULL]
1,"367,1,11",147,14,[NULL]
2,"477,1,7",147,14,[NULL]
3,"590,1,2",147,14,[NULL]
4,"0,3,631,1,0",147,14,[NULL]
0,522,148,13,[NULL]
1,"13,1,69,1,62",148,13,[NULL]
2,"543,1,3",148,13,[NULL]
3,"591,1,2",148,13,[NULL]
4,"657,1,0",148,13,[NULL]
5,"0,1,652,1,0",148,13,[NULL]
6,"0,2,7,2,314,1,0",148,13,[NULL]
0,"13,1,69,1,63",149,12,[NULL]
1,"479,1,7",149,12,[NULL]
2,"14,1,324,1,2",149,12,[NULL]
3,"7,1,450,1,1",149,12,[NULL]
4,"13,1,69,1,95,1,0",149,12,[NULL]
5,"0,2,18,1,314,1,0",149,12,[NULL]
0,"69,1,120",150,11,[NULL]
1,"1,1,577,1,2",150,11,[NULL]
2,"18,1,332,1,0",150,11,[NULL]
3,"0,3,17,1,324,1,0",150,11,[NULL]
0,"2,1,368,1,9",151,10,[NULL]
1,"19,1,69,2,0",151,10,[NULL]
2,"18,1,333,1,0",151,10,[NULL]
0,"7,1,446,1,2",152,9,[NULL]
1,"659,1,0",152,9,[NULL]
2,"20,1,69,2,0",152,9,[NULL]
3,"19,1,324,1,0",152,9,[NULL]
0,523,153,8,[NULL]
1,"70,1,163,1,0",153,8,[NULL]
2,"20,1,324,1,0",153,8,[NULL]
0,"0,1,7,1,507,1,0",154,7,[NULL]
0,"0,1,7,1,508,1,0",155,6,[NULL]
0,"660,1,0",156,5,[NULL]
0,"0,1,7,2,324,1,0",157,4,[NULL]
0,"0,1,18,1,324,1,0",158,3,[NULL]
0,"0,162,0",0,162,[NULL]
0,"594,1,2",109,53,[NULL]
0,"661,1,0",110,52,[NULL]
0,"0,6,606,1,0",111,51,[NULL]
0,"8,2,295,1,0",114,48,[NULL]
0,"8,2,296,1,0",115,47,[NULL]
0,"0,3,635,1,0",117,45,[NULL]
0,"0,3,636,1,0",118,44,[NULL]
0,"662,1,0",120,42,[NULL]
0,"663,1,0",121,41,[NULL]
0,"8,2,297,1,0",124,38,[NULL]
0,"8,2,298,1,0",125,37,[NULL]
0,"0,18,500,1,0",126,36,[NULL]
0,"0,34,324,1,0",127,35,[NULL]
0,"491,1,6",130,32,[NULL]
0,"0,1,8,1,491,1,0",131,31,[NULL]
0,"664,1,0",132,30,[NULL]
0,"64,1,149,1,2",134,28,[NULL]
0,"13,5,32,1,0",135,27,[NULL]
1,"0,1,8,2,291,1,0",135,27,[NULL]
0,"13,5,33,1,0",136,26,[NULL]
1,"0,1,8,2,292,1,0",136,26,[NULL]
2,"0,2,642,1,0",136,26,[NULL]
0,"600,1,2",137,25,[NULL]
1,"0,1,654,1,0",137,25,[NULL]
0,"0,4,627,1,0",138,24,[NULL]
0,"13,3,83,1,7",139,23,[NULL]
1,"0,2,645,1,0",139,23,[NULL]
2,"0,2,644,1,0",139,23,[NULL]
0,"9,1,13,2,95,1,7",140,22,[NULL]
1,"603,1,2",140,22,[NULL]
2,"23,1,303,1,0",140,22,[NULL]
3,"0,2,646,1,0",140,22,[NULL]
0,"42,1,209,1,2",141,21,[NULL]
1,"666,1,0",141,21,[NULL]
2,"13,1,23,1,188,1,0",141,21,[NULL]
3,"0,1,655,1,0",141,21,[NULL]
0,"1,1,511",142,20,[NULL]
1,"13,1,23,1,189,1,0",142,20,[NULL]
0,"286,1,20",143,19,[NULL]
1,"2,1,628,1,0",143,19,[NULL]
2,"0,1,656,1,0",143,19,[NULL]
0,524,144,18,[NULL]
1,"287,1,20",144,18,[NULL]
2,"8,1,69,1,72,1,4",144,18,[NULL]
3,"604,1,2",144,18,[NULL]
4,"13,1,23,1,190,1,0",144,18,[NULL]
0,525,145,17,[NULL]
1,"18,1,260",145,17,[NULL]
2,"287,1,21",145,17,[NULL]
3,"8,1,337,1,4",145,17,[NULL]
4,"8,1,502,1,0",145,17,[NULL]
0,527,146,16,[NULL]
1,526,146,16,[NULL]
2,"8,1,338,1,4",146,16,[NULL]
3,"16,1,367,1,0",146,16,[NULL]
4,"2,1,630,1,0",146,16,[NULL]
0,"1,1,516",147,15,[NULL]
1,"288,1,20",147,15,[NULL]
2,"542,1,4",147,15,[NULL]
3,"670,1,0",147,15,[NULL]
4,"669,1,0",147,15,[NULL]
5,"17,1,367,1,0",147,15,[NULL]
0,"486,1,7",148,14,[NULL]
1,"485,1,7",148,14,[NULL]
2,"543,1,4",148,14,[NULL]
3,"671,1,0",148,14,[NULL]
4,"0,2,652,1,0",148,14,[NULL]
0,528,149,13,[NULL]
1,"2,1,373,1,9",149,13,[NULL]
2,"0,3,18,1,314,1,0",149,13,[NULL]
0,"545,1,4",150,12,[NULL]
1,"615,1,1",150,12,[NULL]
2,"673,1,0",150,12,[NULL]
3,"13,1,445,1,0",150,12,[NULL]
4,"0,4,17,1,324,1,0",150,12,[NULL]
0,529,151,11,[NULL]
1,"504,1,5",151,11,[NULL]
2,"546,1,4",151,11,[NULL]
3,"675,1,0",151,11,[NULL]
4,"674,1,0",151,11,[NULL]
5,"0,1,19,1,69,2,0",151,11,[NULL]
6,"0,1,18,1,333,1,0",151,11,[NULL]
0,"163,1,48",152,10,[NULL]
1,"18,1,338,1,0",152,10,[NULL]
2,"0,1,659,1,0",152,10,[NULL]
3,"0,1,20,1,69,2,0",152,10,[NULL]
4,"0,1,19,1,324,1,0",152,10,[NULL]
0,"7,1,407",153,9,[NULL]
1,"0,1,20,1,324,1,0",153,9,[NULL]
0,"617,1,1",154,8,[NULL]
1,"676,1,0",154,8,[NULL]
0,"2,1,13,1,324,1,1",155,7,[NULL]
1,"18,1,339,1,0",155,7,[NULL]
2,"0,2,7,1,508,1,0",155,7,[NULL]
0,530,156,6,[NULL]
1,"0,1,660,1,0",156,6,[NULL]
0,"18,1,341,1,0",157,5,[NULL]
1,"0,2,7,2,324,1,0",157,5,[NULL]
0,"0,2,18,1,324,1,0",158,4,[NULL]
0,"0,163,0",0,163,[NULL]
0,531,109,54,[NULL]
0,"0,1,661,1,0",110,53,[NULL]
0,"0,7,606,1,0",111,52,[NULL]
0,"0,1,8,2,295,1,0",114,49,[NULL]
0,"0,1,8,2,296,1,0",115,48,[NULL]
0,"606,1,2",116,47,[NULL]
0,"0,4,635,1,0",117,46,[NULL]
0,"0,4,636,1,0",118,45,[NULL]
0,"0,1,662,1,0",120,43,[NULL]
0,"0,1,663,1,0",121,42,[NULL]
0,"0,1,8,2,298,1,0",125,38,[NULL]
0,532,126,37,[NULL]
0,"0,35,324,1,0",127,36,[NULL]
0,"8,1,343,1,4",128,35,[NULL]
0,"17,1,257,1,4",129,34,[NULL]
0,"8,1,344,1,4",130,33,[NULL]
0,"8,1,345,1,4",131,32,[NULL]
0,"8,3,160,1,4",132,31,[NULL]
0,"8,2,232,1,4",133,30,[NULL]
0,"16,1,260,1,4",134,29,[NULL]
1,"8,2,233,1,4",134,29,[NULL]
0,"17,1,260,1,4",135,28,[NULL]
1,"8,1,9,1,219,1,4",135,28,[NULL]
0,533,136,27,[NULL]
1,"9,1,13,1,194,1,4",136,27,[NULL]
2,"0,3,642,1,0",136,27,[NULL]
0,"9,1,13,1,167,1,7",137,26,[NULL]
1,"549,1,4",137,26,[NULL]
2,"0,2,654,1,0",137,26,[NULL]
0,"8,1,347,1,4",138,25,[NULL]
1,"8,1,346,1,4",138,25,[NULL]
2,"0,5,627,1,0",138,25,[NULL]
0,"550,1,4",139,24,[NULL]
1,"13,1,292,1,4",139,24,[NULL]
2,"1,1,586,1,2",139,24,[NULL]
3,"0,3,645,1,0",139,24,[NULL]
4,"0,3,644,1,0",139,24,[NULL]
0,534,140,23,[NULL]
1,"13,2,32,1,62",140,23,[NULL]
2,"292,1,18",140,23,[NULL]
3,"8,1,348,1,4",140,23,[NULL]
4,"0,3,646,1,0",140,23,[NULL]
0,"13,2,105,1,20",141,22,[NULL]
1,"8,1,350,1,4",141,22,[NULL]
2,"13,4,75,1,0",141,22,[NULL]
3,"0,1,666,1,0",141,22,[NULL]
0,"8,1,13,1,209,1,4",142,21,[NULL]
1,"13,4,76,1,0",142,21,[NULL]
0,535,143,20,[NULL]
1,"13,1,294,1,4",143,20,[NULL]
0,536,144,19,[NULL]
1,"3,1,474",144,19,[NULL]
2,"13,1,261,1,7",144,19,[NULL]
0,539,145,18,[NULL]
1,538,145,18,[NULL]
2,537,145,18,[NULL]
3,"13,1,262,1,7",145,18,[NULL]
4,"8,2,312,1,0",145,18,[NULL]
5,"0,1,8,1,502,1,0",145,18,[NULL]
0,542,146,17,[NULL]
1,541,146,17,[NULL]
2,540,146,17,[NULL]
3,"618,1,1",146,17,[NULL]
4,"3,1,604,1,0",146,17,[NULL]
5,"0,1,16,1,367,1,0",146,17,[NULL]
0,543,147,16,[NULL]
1,"677,1,0",147,16,[NULL]
2,"0,1,669,1,0",147,16,[NULL]
3,"0,1,17,1,367,1,0",147,16,[NULL]
0,"679,1,0",148,15,[NULL]
1,"678,1,0",148,15,[NULL]
2,"67,1,174,1,0",148,15,[NULL]
3,"0,1,671,1,0",148,15,[NULL]
0,544,149,14,[NULL]
1,"680,1,0",149,14,[NULL]
2,"68,1,174,1,0",149,14,[NULL]
3,"13,1,450,1,0",149,14,[NULL]
4,"0,4,18,1,314,1,0",149,14,[NULL]
0,545,150,13,[NULL]
1,"682,1,0",150,13,[NULL]
2,"681,1,0",150,13,[NULL]
3,"0,1,673,1,0",150,13,[NULL]
4,"0,5,17,1,324,1,0",150,13,[NULL]
0,546,151,12,[NULL]
1,"69,1,125",151,12,[NULL]
2,"0,1,674,1,0",151,12,[NULL]
0,547,152,11,[NULL]
1,"69,1,126",152,11,[NULL]
0,548,153,10,[NULL]
1,"7,2,273",153,10,[NULL]
2,"7,2,352,1,0",153,10,[NULL]
0,"7,2,274",154,9,[NULL]
1,"18,1,273",154,9,[NULL]
2,"617,1,2",154,9,[NULL]
3,"18,1,352,1,0",154,9,[NULL]
4,"0,1,676,1,0",154,9,[NULL]
0,"18,1,274",155,8,[NULL]
1,"9,1,324,1,4",155,8,[NULL]
2,"684,1,0",155,8,[NULL]
3,"0,3,7,1,508,1,0",155,8,[NULL]
0,"324,1,14",156,7,[NULL]
1,"0,2,660,1,0",156,7,[NULL]
0,"0,3,7,2,324,1,0",157,6,[NULL]
0,"0,3,18,1,324,1,0",158,5,[NULL]
0,"0,164,0",0,164,[NULL]
0,"0,2,661,1,0",110,54,[NULL]
0,"0,8,606,1,0",111,53,[NULL]
0,"553,1,4",113,51,[NULL]
0,"554,1,4",114,50,[NULL]
0,"8,2,236,1,4",117,47,[NULL]
1,"0,5,635,1,0",117,47,[NULL]
0,"8,1,16,1,183,1,4",118,46,[NULL]
1,"0,5,636,1,0",118,46,[NULL]
0,"8,1,17,1,183,1,4",119,45,[NULL]
0,"8,1,354,1,4",120,44,[NULL]
0,"8,4,110,1,4",121,43,[NULL]
0,"8,4,111,1,4",122,42,[NULL]
0,"555,1,4",123,41,[NULL]
1,"8,2,16,1,17,1,50,1,4",123,41,[NULL]
0,"556,1,4",124,40,[NULL]
1,"8,3,161,1,4",124,40,[NULL]
2,"685,1,0",124,40,[NULL]
0,"403,1,11",125,39,[NULL]
1,"8,6,31,1,4",125,39,[NULL]
0,"8,5,16,1,17,1,4",126,38,[NULL]
1,"686,1,0",126,38,[NULL]
0,"8,2,237,1,4",127,37,[NULL]
1,"8,5,17,2,4",127,37,[NULL]
2,"0,36,324,1,0",127,37,[NULL]
0,"224,1,31",128,36,[NULL]
1,"8,2,238,1,4",128,36,[NULL]
2,"8,5,60,1,4",128,36,[NULL]
0,"8,1,17,1,185,1,4",129,35,[NULL]
1,"8,7,13,1,4",129,35,[NULL]
0,"17,2,147,1,4",130,34,[NULL]
1,"8,6,32,1,4",130,34,[NULL]
0,"8,4,112,1,4",131,33,[NULL]
1,"8,5,13,1,23,1,4",131,33,[NULL]
2,"5,1,491,1,2",131,33,[NULL]
0,"8,4,113,1,4",132,32,[NULL]
1,"8,4,13,1,51,1,4",132,32,[NULL]
0,"64,1,137,1,4",133,31,[NULL]
1,"8,3,162,1,4",133,31,[NULL]
2,"8,3,13,4,4",133,31,[NULL]
0,"64,1,138,1,4",134,30,[NULL]
1,"8,2,23,1,113,1,4",134,30,[NULL]
2,"8,2,13,3,32,1,4",134,30,[NULL]
3,"8,1,516,1,0",134,30,[NULL]
0,"557,1,4",135,29,[NULL]
1,"8,1,13,4,23,1,4",135,29,[NULL]
2,"8,3,9,1,101,1,4",135,29,[NULL]
3,"1,1,64,1,149,1,2",135,29,[NULL]
4,"17,1,380,1,0",135,29,[NULL]
0,"559,1,4",136,28,[NULL]
1,"13,4,51,1,4",136,28,[NULL]
2,"8,2,9,1,13,1,80,1,4",136,28,[NULL]
3,"0,4,642,1,0",136,28,[NULL]
0,"13,6,7",137,27,[NULL]
1,"8,1,16,1,187,1,4",137,27,[NULL]
2,"8,1,9,1,23,1,101,1,4",137,27,[NULL]
3,"0,3,654,1,0",137,27,[NULL]
0,"13,3,23,1,24,1,7",138,26,[NULL]
1,"9,1,13,1,23,1,80,1,4",138,26,[NULL]
2,"8,1,16,1,188,1,4",138,26,[NULL]
3,"13,2,248,1,0",138,26,[NULL]
4,"8,2,316,1,0",138,26,[NULL]
5,"0,6,627,1,0",138,26,[NULL]
0,"9,1,13,2,101,1,7",139,25,[NULL]
1,"8,1,17,1,188,1,4",139,25,[NULL]
2,"13,3,150,1,0",139,25,[NULL]
3,"0,4,645,1,0",139,25,[NULL]
4,"0,4,644,1,0",139,25,[NULL]
0,"17,1,267,1,4",140,24,[NULL]
1,"0,4,646,1,0",140,24,[NULL]
0,"8,1,13,1,212,1,4",141,23,[NULL]
1,"0,2,666,1,0",141,23,[NULL]
0,"13,1,266,1,7",142,22,[NULL]
1,"13,2,188,1,4",142,22,[NULL]
0,549,143,21,[NULL]
1,"13,1,267,1,7",143,21,[NULL]
2,"9,1,286,1,7",143,21,[NULL]
3,"2,1,646,1,0",143,21,[NULL]
0,551,144,20,[NULL]
1,550,144,20,[NULL]
2,"2,1,511",144,20,[NULL]
3,"285,1,22",144,20,[NULL]
4,"13,1,268,1,7",144,20,[NULL]
5,"561,1,4",144,20,[NULL]
6,"690,1,0",144,20,[NULL]
7,"3,1,609,1,0",144,20,[NULL]
0,553,145,19,[NULL]
1,552,145,19,[NULL]
2,"287,1,22",145,19,[NULL]
3,"628,1,1",145,19,[NULL]
4,"0,1,8,2,312,1,0",145,19,[NULL]
0,"0,1,542",146,18,[NULL]
1,"294,1,20",146,18,[NULL]
2,"23,1,213,1,7",146,18,[NULL]
3,"18,1,293,1,2",146,18,[NULL]
4,"0,1,3,1,604,1,0",146,18,[NULL]
0,"2,1,513",147,17,[NULL]
1,"9,1,288,1,7",147,17,[NULL]
2,"693,1,0",147,17,[NULL]
3,"692,1,0",147,17,[NULL]
4,"691,1,0",147,17,[NULL]
5,"0,2,669,1,0",147,17,[NULL]
6,"0,2,17,1,367,1,0",147,17,[NULL]
0,"8,1,366,1,4",148,16,[NULL]
1,"630,1,1",148,16,[NULL]
2,"0,1,678,1,0",148,16,[NULL]
3,"0,1,67,1,174,1,0",148,16,[NULL]
4,"0,2,671,1,0",148,16,[NULL]
0,"2,1,515",149,15,[NULL]
1,"8,1,367,1,4",149,15,[NULL]
0,"562,1,4",150,14,[NULL]
0,555,151,13,[NULL]
1,554,151,13,[NULL]
2,"563,1,4",151,13,[NULL]
0,"504,1,7",152,12,[NULL]
1,"7,1,479,1,2",152,12,[NULL]
2,"3,2,544,1,0",152,12,[NULL]
0,556,153,11,[NULL]
1,"69,1,128",153,11,[NULL]
2,"0,1,7,2,352,1,0",153,11,[NULL]
0,"18,1,276",154,10,[NULL]
1,"18,1,366,1,0",154,10,[NULL]
2,"0,1,18,1,352,1,0",154,10,[NULL]
3,"0,2,676,1,0",154,10,[NULL]
0,"18,1,367,1,0",155,9,[NULL]
1,"8,2,324,1,0",155,9,[NULL]
2,"7,1,546,1,0",155,9,[NULL]
3,"0,1,684,1,0",155,9,[NULL]
0,"163,1,52",156,8,[NULL]
1,"697,1,0",156,8,[NULL]
2,"696,1,0",156,8,[NULL]
3,"22,1,324,1,0",156,8,[NULL]
0,"698,1,0",157,7,[NULL]
1,"24,1,69,2,0",157,7,[NULL]
2,"23,1,324,1,0",157,7,[NULL]
3,"18,1,368,1,0",157,7,[NULL]
0,"7,2,277",158,6,[NULL]
1,"699,1,0",158,6,[NULL]
2,"24,1,324,1,0",158,6,[NULL]
3,"0,4,18,1,324,1,0",158,6,[NULL]
0,"18,1,277",159,5,[NULL]
1,"25,1,324,1,0",159,5,[NULL]
0,"324,1,15",160,4,[NULL]
0,"2,1,18,1,324,1,0",161,3,[NULL]
0,"0,165,0",0,165,[NULL]
0,"622,1,2",110,55,[NULL]
0,"0,9,606,1,0",111,54,[NULL]
0,"700,1,0",113,52,[NULL]
0,"701,1,0",114,51,[NULL]
0,"8,2,325,1,0",117,48,[NULL]
1,"0,6,635,1,0",117,48,[NULL]
0,"0,6,636,1,0",118,47,[NULL]
0,"16,1,402,1,0",123,42,[NULL]
0,"16,1,403,1,0",124,41,[NULL]
1,"0,1,685,1,0",124,41,[NULL]
0,"17,1,403,1,0",125,40,[NULL]
0,"0,1,686,1,0",126,39,[NULL]
0,"8,3,224,1,0",127,38,[NULL]
1,"0,37,324,1,0",127,38,[NULL]
0,"8,3,225,1,0",128,37,[NULL]
0,"64,1,184,1,0",133,32,[NULL]
0,"64,1,185,1,0",134,31,[NULL]
1,"0,1,8,1,516,1,0",134,31,[NULL]
0,"0,1,17,1,380,1,0",135,30,[NULL]
0,"0,5,642,1,0",136,29,[NULL]
0,"0,4,654,1,0",137,28,[NULL]
0,"0,7,627,1,0",138,27,[NULL]
0,"13,3,51,1,20",139,26,[NULL]
1,"0,5,644,1,0",139,26,[NULL]
0,"13,4,80,1,0",140,25,[NULL]
1,"0,5,646,1,0",140,25,[NULL]
0,"626,1,2",141,24,[NULL]
0,"23,1,254",143,22,[NULL]
1,"13,3,95,1,7",143,22,[NULL]
2,"18,1,260,1,4",143,22,[NULL]
3,"627,1,2",143,22,[NULL]
4,"64,1,187,1,0",143,22,[NULL]
0,"303,1,20",144,21,[NULL]
1,"13,2,164,1,7",144,21,[NULL]
2,"69,1,138,1,4",144,21,[NULL]
3,"702,1,0",144,21,[NULL]
4,"64,1,188,1,0",144,21,[NULL]
5,"13,1,472,1,0",144,21,[NULL]
6,"0,1,690,1,0",144,21,[NULL]
0,"13,1,188,1,20",145,20,[NULL]
1,"568,1,4",145,20,[NULL]
2,"628,1,2",145,20,[NULL]
3,"703,1,0",145,20,[NULL]
4,"13,1,473,1,0",145,20,[NULL]
0,558,146,19,[NULL]
1,557,146,19,[NULL]
2,"706,1,0",146,19,[NULL]
3,"705,1,0",146,19,[NULL]
4,"2,1,656,1,0",146,19,[NULL]
0,"23,1,257",147,18,[NULL]
1,"209,1,38",147,18,[NULL]
2,"8,1,69,1,79,1,4",147,18,[NULL]
3,"629,1,2",147,18,[NULL]
4,"2,2,618,1,0",147,18,[NULL]
5,"0,1,693,1,0",147,18,[NULL]
0,"13,1,190,1,20",148,17,[NULL]
1,"8,1,69,1,80,1,4",148,17,[NULL]
2,"13,1,474,1,0",148,17,[NULL]
3,"8,2,333,1,0",148,17,[NULL]
4,"0,3,671,1,0",148,17,[NULL]
0,559,149,16,[NULL]
1,"8,1,373,1,4",149,16,[NULL]
2,"707,1,0",149,16,[NULL]
3,"13,1,476,1,0",149,16,[NULL]
4,"8,1,534,1,0",149,16,[NULL]
0,563,150,15,[NULL]
1,562,150,15,[NULL]
2,561,150,15,[NULL]
3,560,150,15,[NULL]
4,"708,1,0",150,15,[NULL]
0,564,151,14,[NULL]
1,"0,1,554",151,14,[NULL]
2,"7,1,486,1,2",151,14,[NULL]
3,"709,1,0",151,14,[NULL]
0,567,152,13,[NULL]
1,566,152,13,[NULL]
2,565,152,13,[NULL]
0,"18,1,281",153,12,[NULL]
1,"632,1,2",153,12,[NULL]
2,"711,1,0",153,12,[NULL]
0,568,154,11,[NULL]
1,"633,1,2",154,11,[NULL]
2,"16,1,324,1,2",154,11,[NULL]
3,"713,1,0",154,11,[NULL]
4,"712,1,0",154,11,[NULL]
5,"0,1,18,1,366,1,0",154,11,[NULL]
6,"0,3,676,1,0",154,11,[NULL]
0,569,155,10,[NULL]
1,"577,1,3",155,10,[NULL]
2,"714,1,0",155,10,[NULL]
3,"18,1,373,1,0",155,10,[NULL]
4,"0,1,18,1,367,1,0",155,10,[NULL]
5,"0,1,8,2,324,1,0",155,10,[NULL]
6,"0,1,7,1,546,1,0",155,10,[NULL]
7,"0,2,684,1,0",155,10,[NULL]
0,"18,1,283",156,9,[NULL]
1,"0,1,163,1,52",156,9,[NULL]
2,"18,1,376,1,0",156,9,[NULL]
3,"0,1,696,1,0",156,9,[NULL]
4,"0,1,22,1,324,1,0",156,9,[NULL]
0,"0,1,698,1,0",157,8,[NULL]
1,"0,1,23,1,324,1,0",157,8,[NULL]
0,570,158,7,[NULL]
1,"0,1,699,1,0",158,7,[NULL]
2,"0,5,18,1,324,1,0",158,7,[NULL]
0,"7,2,285",159,6,[NULL]
1,"18,1,378,1,0",159,6,[NULL]
2,"2,1,660,1,0",159,6,[NULL]
0,"18,1,285",160,5,[NULL]
1,"26,1,324,1,0",160,5,[NULL]
0,"324,1,16",161,4,[NULL]
0,"0,166,0",0,166,[NULL]
0,"0,10,606,1,0",111,55,[NULL]
0,"0,1,700,1,0",113,53,[NULL]
0,"0,1,701,1,0",114,52,[NULL]
0,"0,7,635,1,0",117,49,[NULL]
0,"0,7,636,1,0",118,48,[NULL]
0,"635,1,2",122,44,[NULL]
0,"0,1,16,1,402,1,0",123,43,[NULL]
0,"0,1,16,1,403,1,0",124,42,[NULL]
1,"0,2,685,1,0",124,42,[NULL]
0,"0,1,17,1,403,1,0",125,41,[NULL]
0,"0,2,686,1,0",126,40,[NULL]
0,"452,1,10",127,39,[NULL]
1,"0,38,324,1,0",127,39,[NULL]
0,"0,1,8,3,225,1,0",128,38,[NULL]
0,"245,1,27",129,37,[NULL]
1,"42,1,224,1,2",129,37,[NULL]
0,"572,1,4",130,36,[NULL]
0,"8,2,244,1,4",131,35,[NULL]
0,"16,1,17,1,149,1,4",132,34,[NULL]
0,"8,2,245,1,4",133,33,[NULL]
0,"8,2,247,1,4",134,32,[NULL]
1,"0,1,64,1,185,1,0",134,32,[NULL]
0,"8,3,166,1,4",135,31,[NULL]
0,"8,3,167,1,4",136,30,[NULL]
1,"0,6,642,1,0",136,30,[NULL]
0,"8,1,380,1,4",137,29,[NULL]
1,"8,2,248,1,4",137,29,[NULL]
0,571,138,28,[NULL]
1,"17,1,278,1,4",138,28,[NULL]
2,"8,1,13,1,219,1,4",138,28,[NULL]
0,"573,1,4",139,27,[NULL]
1,"13,2,194,1,4",139,27,[NULL]
0,"13,2,167,1,7",140,26,[NULL]
1,"574,1,4",140,26,[NULL]
0,"13,2,168,1,7",141,25,[NULL]
1,"9,1,346,1,4",141,25,[NULL]
2,"8,1,382,1,4",141,25,[NULL]
3,"715,1,0",141,25,[NULL]
0,"9,1,292,1,7",142,24,[NULL]
1,"8,1,383,1,4",142,24,[NULL]
2,"716,1,0",142,24,[NULL]
3,"13,4,83,1,0",142,24,[NULL]
0,"8,2,250,1,4",143,23,[NULL]
1,"18,1,380,1,0",143,23,[NULL]
2,"0,1,64,1,187,1,0",143,23,[NULL]
0,"8,1,384,1,4",144,22,[NULL]
1,"69,1,185,1,0",144,22,[NULL]
2,"0,1,702,1,0",144,22,[NULL]
3,"0,1,64,1,188,1,0",144,22,[NULL]
0,"13,1,23,1,75,1,20",145,21,[NULL]
1,"9,1,13,1,209,1,4",145,21,[NULL]
2,"638,1,2",145,21,[NULL]
3,"646,1,1",145,21,[NULL]
4,"3,1,627,1,0",145,21,[NULL]
5,"0,1,703,1,0",145,21,[NULL]
0,"9,1,294,1,7",146,20,[NULL]
1,"639,1,2",146,20,[NULL]
2,"717,1,0",146,20,[NULL]
3,"2,2,628,1,0",146,20,[NULL]
4,"0,1,706,1,0",146,20,[NULL]
0,"8,2,69,1,72,1,0",147,19,[NULL]
1,"3,1,628,1,0",147,19,[NULL]
2,"0,2,693,1,0",147,19,[NULL]
0,"23,1,335,1,0",148,18,[NULL]
1,"0,1,8,2,333,1,0",148,18,[NULL]
2,"0,4,671,1,0",148,18,[NULL]
0,572,149,17,[NULL]
1,"3,1,629,1,0",149,17,[NULL]
2,"0,1,707,1,0",149,17,[NULL]
3,"0,1,8,1,534,1,0",149,17,[NULL]
0,"25,1,335,1,0",150,16,[NULL]
1,"3,1,630,1,0",150,16,[NULL]
0,573,151,15,[NULL]
1,"67,1,190,1,0",151,15,[NULL]
0,574,152,14,[NULL]
1,"1,1,554",152,14,[NULL]
2,"718,1,0",152,14,[NULL]
3,"67,1,191,1,0",152,14,[NULL]
0,577,153,13,[NULL]
1,576,153,13,[NULL]
2,575,153,13,[NULL]
3,"543,1,5",153,13,[NULL]
4,"652,1,1",153,13,[NULL]
5,"0,1,711,1,0",153,13,[NULL]
0,579,154,12,[NULL]
1,578,154,12,[NULL]
2,"2,1,529",154,12,[NULL]
3,"324,1,17",154,12,[NULL]
4,"544,1,5",154,12,[NULL]
5,"0,1,712,1,0",154,12,[NULL]
6,"0,4,676,1,0",154,12,[NULL]
0,580,155,11,[NULL]
1,"719,1,0",155,11,[NULL]
2,"0,2,7,1,546,1,0",155,11,[NULL]
0,"0,2,696,1,0",156,10,[NULL]
0,581,157,9,[NULL]
1,"18,1,293",157,9,[NULL]
2,"1,1,163,1,52",157,9,[NULL]
3,"2,1,676,1,0",157,9,[NULL]
4,"0,2,23,1,324,1,0",157,9,[NULL]
0,582,158,8,[NULL]
1,"18,1,294",158,8,[NULL]
2,"13,1,324,1,4",158,8,[NULL]
3,"720,1,0",158,8,[NULL]
4,"7,2,398,1,0",158,8,[NULL]
5,"0,6,18,1,324,1,0",158,8,[NULL]
0,"324,1,18",159,7,[NULL]
1,"527,1,7",159,7,[NULL]
2,"7,2,400,1,0",159,7,[NULL]
0,"324,1,19",160,6,[NULL]
1,"2,1,18,1,341,1,0",160,6,[NULL]
0,"18,1,324,1,1",163,3,[NULL]
0,"0,167,0",0,167,[NULL]
0,"0,11,606,1,0",111,56,[NULL]
0,"578,1,4",116,51,[NULL]
0,"579,1,4",117,50,[NULL]
0,"8,2,252,1,4",120,47,[NULL]
0,"8,2,253,1,4",121,46,[NULL]
0,"8,1,17,1,200,1,4",122,45,[NULL]
0,"8,1,401,1,4",123,44,[NULL]
0,"8,4,116,1,4",124,43,[NULL]
1,"0,3,685,1,0",124,43,[NULL]
0,"8,4,117,1,4",125,42,[NULL]
1,"0,2,17,1,403,1,0",125,42,[NULL]
0,"8,1,402,1,4",126,41,[NULL]
1,"8,3,17,1,78,1,4",126,41,[NULL]
2,"0,3,686,1,0",126,41,[NULL]
0,"8,1,403,1,4",127,40,[NULL]
1,"8,3,171,1,4",127,40,[NULL]
2,"722,1,0",127,40,[NULL]
3,"0,39,324,1,0",127,40,[NULL]
0,"17,1,225,1,10",128,39,[NULL]
1,"8,6,39,1,4",128,39,[NULL]
0,"8,6,40,1,4",129,38,[NULL]
0,"8,2,16,1,137,1,4",130,37,[NULL]
1,"8,5,17,1,20,1,4",130,37,[NULL]
0,"8,2,16,1,138,1,4",131,36,[NULL]
1,"8,5,63,1,4",131,36,[NULL]
0,"8,2,17,1,138,1,4",132,35,[NULL]
1,"8,6,9,1,13,1,4",132,35,[NULL]
0,"8,1,42,1,137,1,4",133,34,[NULL]
1,"8,5,9,1,32,1,4",133,34,[NULL]
2,"725,1,0",133,34,[NULL]
0,583,134,33,[NULL]
1,"8,4,9,1,13,1,23,1,4",134,33,[NULL]
2,"8,5,64,1,4",134,33,[NULL]
0,"8,3,9,1,13,1,51,1,4",135,32,[NULL]
1,"8,4,118,1,4",135,32,[NULL]
0,"64,1,146,1,4",136,31,[NULL]
1,"8,2,9,1,13,4,4",136,31,[NULL]
2,"8,3,17,1,80,1,4",136,31,[NULL]
0,584,137,30,[NULL]
1,"64,1,147,1,4",137,30,[NULL]
2,"8,1,9,1,13,3,32,1,4",137,30,[NULL]
3,"8,3,173,1,4",137,30,[NULL]
4,"8,1,16,1,260,1,0",137,30,[NULL]
0,"9,1,13,4,23,1,4",138,29,[NULL]
1,"8,1,404,1,4",138,29,[NULL]
2,"8,3,13,1,101,1,4",138,29,[NULL]
3,"8,1,17,1,260,1,0",138,29,[NULL]
0,"9,1,13,3,51,1,7",139,28,[NULL]
1,"580,1,4",139,28,[NULL]
2,"8,2,13,2,80,1,4",139,28,[NULL]
0,"8,1,13,1,23,1,101,1,4",140,27,[NULL]
1,"8,2,254,1,4",140,27,[NULL]
0,"13,2,23,1,80,1,4",141,26,[NULL]
1,"8,2,255,1,4",141,26,[NULL]
2,"642,1,2",141,26,[NULL]
0,"13,1,194,1,20",142,25,[NULL]
1,"13,3,101,1,7",142,25,[NULL]
2,"8,1,20,1,188,1,4",142,25,[NULL]
0,"20,1,267,1,4",143,24,[NULL]
1,"23,1,346,1,0",143,24,[NULL]
2,"0,2,64,1,187,1,0",143,24,[NULL]
0,"9,1,13,1,212,1,4",144,23,[NULL]
1,"1,1,627,1,2",144,23,[NULL]
2,"0,1,69,1,185,1,0",144,23,[NULL]
3,"0,2,64,1,188,1,0",144,23,[NULL]
0,"9,1,13,1,188,1,7",145,22,[NULL]
1,"0,2,703,1,0",145,22,[NULL]
0,"187,1,46",146,21,[NULL]
1,"13,1,286,1,7",146,21,[NULL]
2,"0,1,717,1,0",146,21,[NULL]
3,"0,2,706,1,0",146,21,[NULL]
0,585,147,20,[NULL]
1,"188,1,46",147,20,[NULL]
2,"13,1,287,1,7",147,20,[NULL]
3,"582,1,4",147,20,[NULL]
4,"13,2,261,1,0",147,20,[NULL]
5,"0,1,3,1,628,1,0",147,20,[NULL]
6,"0,3,693,1,0",147,20,[NULL]
0,587,148,19,[NULL]
1,586,148,19,[NULL]
2,"48,1,209,1,2",148,19,[NULL]
3,"656,1,1",148,19,[NULL]
4,"13,2,262,1,0",148,19,[NULL]
5,"0,5,671,1,0",148,19,[NULL]
0,"2,1,618,1,1",149,18,[NULL]
0,588,150,17,[NULL]
1,"13,1,288,1,7",150,17,[NULL]
0,591,151,16,[NULL]
1,590,151,16,[NULL]
2,589,151,16,[NULL]
3,"532,1,7",151,16,[NULL]
4,"8,1,414,1,4",151,16,[NULL]
5,"0,1,67,1,190,1,0",151,16,[NULL]
0,592,152,15,[NULL]
1,"3,1,507",152,15,[NULL]
2,"18,1,300",152,15,[NULL]
3,"8,1,415,1,4",152,15,[NULL]
4,"0,1,67,1,191,1,0",152,15,[NULL]
0,593,153,14,[NULL]
1,"0,1,575",153,14,[NULL]
2,"583,1,4",153,14,[NULL]
3,"652,1,2",153,14,[NULL]
0,594,154,13,[NULL]
1,"23,1,274",154,13,[NULL]
2,"67,1,69,1,20",154,13,[NULL]
3,"0,1,324,1,17",154,13,[NULL]
4,"18,1,321,1,2",154,13,[NULL]
5,"731,1,0",154,13,[NULL]
6,"730,1,0",154,13,[NULL]
7,"0,5,676,1,0",154,13,[NULL]
0,595,155,12,[NULL]
1,"174,1,52",155,12,[NULL]
2,"1,1,16,1,324,1,2",155,12,[NULL]
3,"733,1,0",155,12,[NULL]
4,"732,1,0",155,12,[NULL]
5,"18,1,411,1,0",155,12,[NULL]
6,"0,1,719,1,0",155,12,[NULL]
7,"0,3,7,1,546,1,0",155,12,[NULL]
0,597,156,11,[NULL]
1,596,156,11,[NULL]
2,"735,1,0",156,11,[NULL]
3,"734,1,0",156,11,[NULL]
4,"0,3,696,1,0",156,11,[NULL]
0,598,157,10,[NULL]
1,"18,1,305",157,10,[NULL]
2,"18,1,414,1,0",157,10,[NULL]
3,"0,3,23,1,324,1,0",157,10,[NULL]
0,"18,1,415,1,0",158,9,[NULL]
1,"8,1,9,1,324,1,0",158,9,[NULL]
2,"0,1,720,1,0",158,9,[NULL]
3,"0,7,18,1,324,1,0",158,9,[NULL]
0,599,159,8,[NULL]
1,"1,1,570",159,8,[NULL]
2,"29,1,324,1,0",159,8,[NULL]
0,"18,1,306",160,7,[NULL]
1,"69,2,20",160,7,[NULL]
0,"69,2,21",161,6,[NULL]
1,"324,1,20",161,6,[NULL]
2,"660,1,1",161,6,[NULL]
0,"324,1,21",162,5,[NULL]
1,"7,2,324,1,2",162,5,[NULL]
0,"18,1,324,1,2",163,4,[NULL]
0,"0,168,0",0,168,[NULL]
0,"8,1,553,1,0",116,52,[NULL]
0,"8,1,554,1,0",117,51,[NULL]
0,"1,1,635,1,2",123,45,[NULL]
0,"0,4,685,1,0",124,44,[NULL]
0,"0,3,17,1,403,1,0",125,43,[NULL]
0,"8,1,555,1,0",126,42,[NULL]
1,"0,4,686,1,0",126,42,[NULL]
0,"8,1,556,1,0",127,41,[NULL]
1,"0,1,722,1,0",127,41,[NULL]
2,"0,40,324,1,0",127,41,[NULL]
0,"17,1,433,1,0",128,40,[NULL]
0,"8,3,237,1,0",130,38,[NULL]
0,"0,1,725,1,0",133,35,[NULL]
0,"0,1,583",134,34,[NULL]
0,"8,1,64,1,137,1,0",136,32,[NULL]
0,"8,1,64,1,138,1,0",137,31,[NULL]
1,"0,1,8,1,16,1,260,1,0",137,31,[NULL]
0,"0,1,8,1,17,1,260,1,0",138,30,[NULL]
0,"653,1,2",139,29,[NULL]
0,"13,7,0",140,28,[NULL]
0,"13,4,23,1,24,1,0",141,27,[NULL]
0,600,143,25,[NULL]
1,"0,3,64,1,187,1,0",143,25,[NULL]
0,"537,1,7",144,24,[NULL]
1,"13,3,105,1,7",144,24,[NULL]
2,"0,3,64,1,188,1,0",144,24,[NULL]
0,"538,1,7",145,23,[NULL]
1,"9,1,13,1,23,1,75,1,7",145,23,[NULL]
2,"13,2,266,1,0",145,23,[NULL]
3,"0,3,703,1,0",145,23,[NULL]
0,601,146,22,[NULL]
1,"655,1,2",146,22,[NULL]
2,"737,1,0",146,22,[NULL]
3,"64,1,201,1,0",146,22,[NULL]
4,"13,2,267,1,0",146,22,[NULL]
5,"0,2,717,1,0",146,22,[NULL]
6,"0,3,706,1,0",146,22,[NULL]
0,"539,1,7",147,21,[NULL]
1,"69,1,147,1,4",147,21,[NULL]
2,"13,2,268,1,0",147,21,[NULL]
3,"3,1,646,1,0",147,21,[NULL]
4,"2,1,690,1,0",147,21,[NULL]
5,"0,4,693,1,0",147,21,[NULL]
0,"328,1,20",148,20,[NULL]
1,"2,1,628,1,1",148,20,[NULL]
2,"739,1,0",148,20,[NULL]
0,602,149,19,[NULL]
1,"328,1,21",149,19,[NULL]
2,"43,1,266,1,0",149,19,[NULL]
3,"13,1,23,1,213,1,0",149,19,[NULL]
0,"66,1,139",150,18,[NULL]
1,"67,1,137",150,18,[NULL]
2,"335,1,18",150,18,[NULL]
3,"8,1,69,1,89,1,4",150,18,[NULL]
4,"604,1,3",150,18,[NULL]
5,"43,1,267,1,0",150,18,[NULL]
0,"170,1,56",151,17,[NULL]
1,"335,1,19",151,17,[NULL]
2,"8,1,419,1,4",151,17,[NULL]
3,"2,1,630,1,1",151,17,[NULL]
4,"3,1,648,1,0",151,17,[NULL]
0,"189,1,48",152,16,[NULL]
1,"331,1,20",152,16,[NULL]
2,"669,1,1",152,16,[NULL]
3,"8,2,367,1,0",152,16,[NULL]
4,"3,1,650,1,0",152,16,[NULL]
0,"3,1,516",153,15,[NULL]
1,"541,1,7",153,15,[NULL]
2,"657,1,2",153,15,[NULL]
3,"741,1,0",153,15,[NULL]
4,"740,1,0",153,15,[NULL]
5,"67,1,197,1,0",153,15,[NULL]
0,"332,1,21",154,14,[NULL]
1,"543,1,7",154,14,[NULL]
2,"591,1,4",154,14,[NULL]
3,"742,1,0",154,14,[NULL]
4,"30,1,324,1,0",154,14,[NULL]
5,"0,1,731,1,0",154,14,[NULL]
6,"0,1,730,1,0",154,14,[NULL]
7,"0,6,676,1,0",154,14,[NULL]
0,"14,1,324,1,4",155,13,[NULL]
1,"3,1,652,1,0",155,13,[NULL]
2,"0,1,733,1,0",155,13,[NULL]
3,"0,1,732,1,0",155,13,[NULL]
4,"0,2,719,1,0",155,13,[NULL]
0,"23,1,368,1,0",156,12,[NULL]
1,"0,1,734,1,0",156,12,[NULL]
2,"0,4,696,1,0",156,12,[NULL]
0,603,157,11,[NULL]
1,"743,1,0",157,11,[NULL]
2,"18,1,419,1,0",157,11,[NULL]
3,"0,1,18,1,414,1,0",157,11,[NULL]
4,"0,4,23,1,324,1,0",157,11,[NULL]
0,604,158,10,[NULL]
1,"69,1,138",158,10,[NULL]
2,"746,1,0",158,10,[NULL]
3,"0,1,18,1,415,1,0",158,10,[NULL]
4,"0,1,8,1,9,1,324,1,0",158,10,[NULL]
5,"0,8,18,1,324,1,0",158,10,[NULL]
0,"0,1,599",159,9,[NULL]
1,"69,1,139",159,9,[NULL]
2,"676,1,1",159,9,[NULL]
3,"2,1,697,1,0",159,9,[NULL]
4,"0,1,29,1,324,1,0",159,9,[NULL]
0,"69,1,140",160,8,[NULL]
1,"18,1,339,1,1",160,8,[NULL]
2,"2,1,698,1,0",160,8,[NULL]
3,"2,1,24,1,69,2,0",160,8,[NULL]
4,"2,1,18,1,368,1,0",160,8,[NULL]
0,"69,1,141",161,7,[NULL]
1,"660,1,2",161,7,[NULL]
2,"748,1,0",161,7,[NULL]
3,"747,1,0",161,7,[NULL]
4,"2,1,699,1,0",161,7,[NULL]
5,"2,1,24,1,324,1,0",161,7,[NULL]
0,"18,1,341,1,1",162,6,[NULL]
1,"749,1,0",162,6,[NULL]
2,"2,1,25,1,324,1,0",162,6,[NULL]
0,"750,1,0",163,5,[NULL]
0,"751,1,0",164,4,[NULL]
1,"2,2,18,1,324,1,0",164,4,[NULL]
0,"3,1,18,1,324,1,0",165,3,[NULL]
0,"0,169,0",0,169,[NULL]
0,"661,1,2",115,54,[NULL]
0,"0,1,8,1,553,1,0",116,53,[NULL]
0,"0,1,8,1,554,1,0",117,52,[NULL]
0,"0,5,685,1,0",124,45,[NULL]
0,"0,4,17,1,403,1,0",125,44,[NULL]
0,"0,1,8,1,555,1,0",126,43,[NULL]
1,"0,5,686,1,0",126,43,[NULL]
0,"0,1,8,1,556,1,0",127,42,[NULL]
1,"0,41,324,1,0",127,42,[NULL]
0,"595,1,4",130,39,[NULL]
0,605,131,38,[NULL]
1,"452,1,11",131,38,[NULL]
0,"596,1,4",132,37,[NULL]
0,"597,1,4",133,36,[NULL]
1,"0,2,725,1,0",133,36,[NULL]
0,"8,2,257,1,4",134,35,[NULL]
1,"752,1,0",134,35,[NULL]
0,"64,1,137,1,6",135,34,[NULL]
1,"8,1,17,1,206,1,4",135,34,[NULL]
0,"491,1,10",136,33,[NULL]
1,"8,2,258,1,4",136,33,[NULL]
0,"8,2,259,1,4",137,32,[NULL]
1,"0,1,8,1,64,1,138,1,0",137,32,[NULL]
0,"8,3,180,1,4",138,31,[NULL]
1,"665,1,2",138,31,[NULL]
0,"8,2,9,1,167,1,4",139,30,[NULL]
0,"64,1,149,1,4",140,29,[NULL]
1,"8,1,9,1,248,1,4",140,29,[NULL]
2,"8,2,260,1,4",140,29,[NULL]
0,"598,1,4",141,28,[NULL]
1,"16,1,292,1,4",141,28,[NULL]
2,"9,1,13,1,219,1,4",141,28,[NULL]
0,"9,1,13,1,194,1,7",142,27,[NULL]
1,"599,1,4",142,27,[NULL]
2,"17,1,292,1,4",142,27,[NULL]
3,"1,1,642,1,2",142,27,[NULL]
0,"602,1,4",143,26,[NULL]
1,"8,1,420,1,4",143,26,[NULL]
2,"0,4,64,1,187,1,0",143,26,[NULL]
0,"13,1,346,1,4",144,25,[NULL]
1,"8,1,16,1,209,1,4",144,25,[NULL]
2,"0,4,64,1,188,1,0",144,25,[NULL]
0,606,145,24,[NULL]
1,"13,4,62",145,24,[NULL]
2,"13,1,292,1,7",145,24,[NULL]
3,"8,1,17,1,209,1,4",145,24,[NULL]
4,"0,4,703,1,0",145,24,[NULL]
0,607,146,23,[NULL]
1,"13,1,23,1,83,1,20",146,23,[NULL]
2,"8,2,261,1,4",146,23,[NULL]
3,"666,1,2",146,23,[NULL]
4,"13,4,95,1,0",146,23,[NULL]
5,"0,3,717,1,0",146,23,[NULL]
6,"0,4,706,1,0",146,23,[NULL]
0,"8,1,423,1,4",147,22,[NULL]
1,"13,3,164,1,0",147,22,[NULL]
2,"8,1,69,1,138,1,0",147,22,[NULL]
3,"0,1,3,1,646,1,0",147,22,[NULL]
4,"0,5,693,1,0",147,22,[NULL]
0,"13,2,209,1,4",148,21,[NULL]
1,"754,1,0",148,21,[NULL]
2,"0,1,739,1,0",148,21,[NULL]
0,"18,1,323",149,20,[NULL]
1,"13,1,294,1,7",149,20,[NULL]
2,"0,1,43,1,266,1,0",149,20,[NULL]
0,608,150,19,[NULL]
1,"13,2,181,1,7",150,19,[NULL]
2,"0,1,43,1,267,1,0",150,19,[NULL]
0,612,151,18,[NULL]
1,611,151,18,[NULL]
2,610,151,18,[NULL]
3,609,151,18,[NULL]
0,"335,1,20",152,17,[NULL]
1,"669,1,2",152,17,[NULL]
2,"75,1,188,1,0",152,17,[NULL]
3,"0,1,8,2,367,1,0",152,17,[NULL]
4,"0,1,3,1,650,1,0",152,17,[NULL]
0,613,153,16,[NULL]
1,"321,1,22",153,16,[NULL]
2,"335,1,21",153,16,[NULL]
3,"671,1,2",153,16,[NULL]
4,"75,1,189,1,0",153,16,[NULL]
5,"0,1,67,1,197,1,0",153,16,[NULL]
0,615,154,15,[NULL]
1,614,154,15,[NULL]
2,"76,1,189,1,0",154,15,[NULL]
3,"23,1,373,1,0",154,15,[NULL]
4,"0,7,676,1,0",154,15,[NULL]
0,616,155,14,[NULL]
1,"75,1,190,1,0",155,14,[NULL]
2,"23,1,376,1,0",155,14,[NULL]
3,"0,2,732,1,0",155,14,[NULL]
0,617,156,13,[NULL]
1,"174,1,56",156,13,[NULL]
2,"674,1,2",156,13,[NULL]
3,"76,1,190,1,0",156,13,[NULL]
0,619,157,12,[NULL]
1,618,157,12,[NULL]
2,"0,1,603",157,12,[NULL]
3,"69,1,134,1,7",157,12,[NULL]
4,"0,1,743,1,0",157,12,[NULL]
0,620,158,11,[NULL]
1,"755,1,0",158,11,[NULL]
2,"3,1,18,1,333,1,0",158,11,[NULL]
3,"2,1,18,1,373,1,0",158,11,[NULL]
4,"0,1,746,1,0",158,11,[NULL]
5,"0,9,18,1,324,1,0",158,11,[NULL]
0,"7,2,330",159,10,[NULL]
1,"18,1,352,1,1",159,10,[NULL]
2,"757,1,0",159,10,[NULL]
3,"756,1,0",159,10,[NULL]
4,"3,1,659,1,0",159,10,[NULL]
5,"2,1,18,1,376,1,0",159,10,[NULL]
0,"7,1,462",160,9,[NULL]
1,"7,1,461",160,9,[NULL]
2,"18,1,330",160,9,[NULL]
0,"506,1,9",161,8,[NULL]
1,"9,1,324,1,7",161,8,[NULL]
2,"0,1,748,1,0",161,8,[NULL]
3,"0,1,747,1,0",161,8,[NULL]
0,"7,2,332",162,7,[NULL]
1,"18,1,331",162,7,[NULL]
2,"324,1,22",162,7,[NULL]
3,"2,2,660,1,0",162,7,[NULL]
4,"0,1,749,1,0",162,7,[NULL]
0,"2,1,18,1,285",163,6,[NULL]
1,"1,1,324,1,21",163,6,[NULL]
2,"0,1,750,1,0",163,6,[NULL]
0,"1,1,18,1,324,1,2",164,5,[NULL]
1,"0,1,751,1,0",164,5,[NULL]
0,"0,1,3,1,18,1,324,1,0",165,4,[NULL]
0,"0,170,0",0,170,[NULL]
0,621,115,55,[NULL]
0,"8,1,431,1,4",119,51,[NULL]
0,"16,1,296,1,4",120,50,[NULL]
0,"17,1,296,1,4",121,49,[NULL]
0,"607,1,4",122,48,[NULL]
0,"8,3,182,1,4",123,47,[NULL]
0,"8,3,183,1,4",124,46,[NULL]
1,"0,6,685,1,0",124,46,[NULL]
0,"8,1,16,1,17,1,111,1,4",125,45,[NULL]
0,"8,2,265,1,4",126,44,[NULL]
1,"0,6,686,1,0",126,44,[NULL]
0,"8,5,71,1,4",127,43,[NULL]
1,"0,42,324,1,0",127,43,[NULL]
0,"8,4,16,1,50,1,4",128,42,[NULL]
0,"8,1,432,1,4",129,41,[NULL]
1,"8,4,17,1,50,1,4",129,41,[NULL]
0,"8,1,433,1,4",130,40,[NULL]
1,"8,4,125,1,4",130,40,[NULL]
2,"16,1,452,1,0",130,40,[NULL]
0,"17,1,298,1,4",131,39,[NULL]
1,"8,7,16,1,4",131,39,[NULL]
2,"17,1,452,1,0",131,39,[NULL]
0,"17,1,225,1,11",132,38,[NULL]
1,"8,7,17,1,4",132,38,[NULL]
0,"8,3,184,1,4",133,37,[NULL]
1,"8,5,16,1,23,1,4",133,37,[NULL]
2,"0,3,725,1,0",133,37,[NULL]
0,"8,3,185,1,4",134,36,[NULL]
1,"8,6,42,1,4",134,36,[NULL]
2,"0,1,752,1,0",134,36,[NULL]
0,"8,2,17,1,147,1,4",135,35,[NULL]
1,"8,6,13,2,4",135,35,[NULL]
0,"8,1,17,2,113,1,4",136,34,[NULL]
1,"8,5,13,1,32,1,4",136,34,[NULL]
2,"759,1,0",136,34,[NULL]
0,622,137,33,[NULL]
1,"8,4,13,2,23,1,4",137,33,[NULL]
2,"8,5,72,1,4",137,33,[NULL]
0,"8,3,13,2,51,1,4",138,32,[NULL]
1,"8,4,127,1,4",138,32,[NULL]
0,"16,1,64,2,4",139,31,[NULL]
1,"8,2,13,5,4",139,31,[NULL]
2,"8,3,20,1,80,1,4",139,31,[NULL]
0,"16,1,299,1,4",140,30,[NULL]
1,"8,1,13,4,32,1,4",140,30,[NULL]
2,"8,3,186,1,4",140,30,[NULL]
3,"64,1,206,1,0",140,30,[NULL]
4,"8,2,380,1,0",140,30,[NULL]
0,"13,5,23,1,4",141,29,[NULL]
1,"8,1,434,1,4",141,29,[NULL]
2,"8,2,9,1,13,1,101,1,4",141,29,[NULL]
3,"8,1,17,1,278,1,0",141,29,[NULL]
0,"13,4,51,1,7",142,28,[NULL]
1,"8,1,435,1,4",142,28,[NULL]
2,"8,1,9,1,13,2,80,1,4",142,28,[NULL]
0,"13,4,52,1,7",143,27,[NULL]
1,"9,1,13,1,23,1,101,1,4",143,27,[NULL]
2,"8,3,187,1,4",143,27,[NULL]
3,"13,3,167,1,0",143,27,[NULL]
4,"0,5,64,1,187,1,0",143,27,[NULL]
0,"9,1,13,1,23,1,80,1,7",144,26,[NULL]
1,"8,3,188,1,4",144,26,[NULL]
2,"13,3,168,1,0",144,26,[NULL]
3,"0,5,64,1,188,1,0",144,26,[NULL]
0,"8,2,267,1,4",145,25,[NULL]
0,623,146,24,[NULL]
1,"8,1,23,1,188,1,4",146,24,[NULL]
2,"0,4,717,1,0",146,24,[NULL]
0,624,147,23,[NULL]
1,"13,1,303,1,7",147,23,[NULL]
2,"13,2,212,1,4",147,23,[NULL]
3,"0,1,8,1,69,1,138,1,0",147,23,[NULL]
0,625,148,22,[NULL]
1,"13,2,188,1,7",148,22,[NULL]
2,"9,1,328,1,7",148,22,[NULL]
0,"13,2,189,1,7",149,21,[NULL]
1,"610,1,4",149,21,[NULL]
2,"690,1,1",149,21,[NULL]
0,626,150,20,[NULL]
1,"188,1,51",150,20,[NULL]
2,"612,1,4",150,20,[NULL]
3,"64,1,209,1,0",150,20,[NULL]
0,627,151,19,[NULL]
1,"176,1,56",151,19,[NULL]
2,"13,1,209,1,20",151,19,[NULL]
3,"13,2,190,1,7",151,19,[NULL]
4,"613,1,4",151,19,[NULL]
5,"760,1,0",151,19,[NULL]
0,628,152,18,[NULL]
1,"9,1,331,1,7",152,18,[NULL]
2,"618,1,3",152,18,[NULL]
3,"691,1,1",152,18,[NULL]
4,"761,1,0",152,18,[NULL]
0,629,153,17,[NULL]
1,"177,1,56",153,17,[NULL]
2,"762,1,0",153,17,[NULL]
0,"209,1,44",154,16,[NULL]
1,"8,1,443,1,4",154,16,[NULL]
2,"680,1,2",154,16,[NULL]
3,"763,1,0",154,16,[NULL]
4,"3,1,669,1,0",154,16,[NULL]
5,"0,8,676,1,0",154,16,[NULL]
0,"179,1,56",155,15,[NULL]
1,"188,1,52",155,15,[NULL]
2,"333,1,22",155,15,[NULL]
3,"8,1,445,1,4",155,15,[NULL]
4,"683,1,2",155,15,[NULL]
5,"765,1,0",155,15,[NULL]
6,"764,1,0",155,15,[NULL]
7,"0,3,732,1,0",155,15,[NULL]
0,630,156,14,[NULL]
1,"616,1,4",156,14,[NULL]
2,"21,1,324,1,2",156,14,[NULL]
3,"767,1,0",156,14,[NULL]
4,"766,1,0",156,14,[NULL]
5,"67,1,203,1,0",156,14,[NULL]
0,631,157,13,[NULL]
1,"563,1,7",157,13,[NULL]
2,"68,1,203,1,0",157,13,[NULL]
3,"31,1,324,1,0",157,13,[NULL]
4,"3,1,673,1,0",157,13,[NULL]
5,"0,2,743,1,0",157,13,[NULL]
0,"190,1,52",158,12,[NULL]
1,"69,1,75,1,20",158,12,[NULL]
2,"565,1,7",158,12,[NULL]
3,"769,1,0",158,12,[NULL]
4,"3,1,674,1,0",158,12,[NULL]
5,"2,1,719,1,0",158,12,[NULL]
6,"0,1,755,1,0",158,12,[NULL]
7,"0,10,18,1,324,1,0",158,12,[NULL]
0,633,159,11,[NULL]
1,632,159,11,[NULL]
2,"69,1,144",159,11,[NULL]
3,"191,1,52",159,11,[NULL]
4,"566,1,7",159,11,[NULL]
5,"770,1,0",159,11,[NULL]
6,"0,1,757,1,0",159,11,[NULL]
7,"0,1,756,1,0",159,11,[NULL]
0,634,160,10,[NULL]
1,"69,1,76,1,21",160,10,[NULL]
2,"684,1,2",160,10,[NULL]
3,"773,1,0",160,10,[NULL]
4,"772,1,0",160,10,[NULL]
5,"771,1,0",160,10,[NULL]
6,"18,1,443,1,0",160,10,[NULL]
0,"69,1,145",161,9,[NULL]
1,"697,1,1",161,9,[NULL]
2,"696,1,1",161,9,[NULL]
3,"775,1,0",161,9,[NULL]
4,"774,1,0",161,9,[NULL]
5,"18,1,445,1,0",161,9,[NULL]
6,"8,1,13,1,324,1,0",161,9,[NULL]
7,"0,2,747,1,0",161,9,[NULL]
0,"1,1,660,1,2",162,8,[NULL]
1,"698,1,1",162,8,[NULL]
2,"24,1,69,2,1",162,8,[NULL]
3,"23,1,324,1,1",162,8,[NULL]
4,"18,1,368,1,1",162,8,[NULL]
5,"776,1,0",162,8,[NULL]
6,"32,1,324,1,0",162,8,[NULL]
7,"0,2,749,1,0",162,8,[NULL]
0,"699,1,1",163,7,[NULL]
1,"24,1,324,1,1",163,7,[NULL]
2,"33,1,324,1,0",163,7,[NULL]
3,"18,1,446,1,0",163,7,[NULL]
4,"0,2,750,1,0",163,7,[NULL]
0,"25,1,324,1,1",164,6,[NULL]
1,"34,1,324,1,0",164,6,[NULL]
2,"0,2,751,1,0",164,6,[NULL]
0,"35,1,324,1,0",165,5,[NULL]
1,"0,2,3,1,18,1,324,1,0",165,5,[NULL]
0,"2,1,18,1,324,1,1",166,4,[NULL]
0,"0,171,0",0,171,[NULL]
0,"0,1,621",115,56,[NULL]
0,"1,1,661,1,2",116,55,[NULL]
0,"8,1,578,1,0",119,52,[NULL]
0,"8,1,579,1,0",120,51,[NULL]
0,"0,7,686,1,0",126,45,[NULL]
0,"0,43,324,1,0",127,44,[NULL]
0,"685,1,2",129,42,[NULL]
1,"8,2,402,1,0",129,42,[NULL]
0,"8,2,403,1,0",130,41,[NULL]
1,"0,1,16,1,452,1,0",130,41,[NULL]
0,"16,1,17,1,225,1,0",131,40,[NULL]
1,"0,1,17,1,452,1,0",131,40,[NULL]
0,"687,1,2",132,39,[NULL]
1,"17,2,225,1,0",132,39,[NULL]
0,"0,4,725,1,0",133,38,[NULL]
0,"0,2,752,1,0",134,37,[NULL]
0,"5,1,64,1,137,1,2",136,35,[NULL]
1,"0,1,759,1,0",136,35,[NULL]
0,"778,1,0",137,34,[NULL]
0,"8,1,64,1,146,1,0",139,32,[NULL]
0,"0,1,8,2,380,1,0",140,31,[NULL]
0,"0,1,8,1,17,1,278,1,0",141,30,[NULL]
0,"0,6,64,1,187,1,0",143,28,[NULL]
0,"13,4,23,1,20",144,27,[NULL]
0,635,145,26,[NULL]
1,"13,4,101,1,0",145,26,[NULL]
0,"0,1,623",146,25,[NULL]
0,"1,1,666,1,2",147,24,[NULL]
0,"167,1,62",148,23,[NULL]
1,"13,2,23,1,75,1,7",148,23,[NULL]
0,636,149,22,[NULL]
1,"357,1,20",149,22,[NULL]
2,"13,2,23,1,76,1,7",149,22,[NULL]
3,"690,1,2",149,22,[NULL]
4,"13,2,286,1,0",149,22,[NULL]
0,"2,1,585",150,21,[NULL]
1,"359,1,20",150,21,[NULL]
2,"13,1,212,1,20",150,21,[NULL]
3,"8,1,449,1,4",150,21,[NULL]
4,"13,2,287,1,0",150,21,[NULL]
5,"8,1,582,1,0",150,21,[NULL]
6,"0,1,64,1,209,1,0",150,21,[NULL]
0,"628,1,3",151,20,[NULL]
1,"2,1,656,1,1",151,20,[NULL]
2,"80,1,188,1,0",151,20,[NULL]
3,"17,1,475,1,0",151,20,[NULL]
4,"0,1,760,1,0",151,20,[NULL]
0,"32,1,257",152,19,[NULL]
1,"693,1,2",152,19,[NULL]
2,"692,1,2",152,19,[NULL]
3,"691,1,2",152,19,[NULL]
4,"780,1,0",152,19,[NULL]
0,"13,1,213,1,20",153,18,[NULL]
1,"8,1,18,1,209,1,4",153,18,[NULL]
2,"629,1,3",153,18,[NULL]
3,"43,1,285,1,0",153,18,[NULL]
4,"13,2,288,1,0",153,18,[NULL]
5,"3,2,604,1,0",153,18,[NULL]
6,"0,1,762,1,0",153,18,[NULL]
0,"188,1,55",154,17,[NULL]
1,"363,1,20",154,17,[NULL]
2,"8,1,450,1,4",154,17,[NULL]
3,"43,1,287,1,0",154,17,[NULL]
4,"13,1,532,1,0",154,17,[NULL]
5,"8,2,414,1,0",154,17,[NULL]
6,"0,1,763,1,0",154,17,[NULL]
7,"0,1,3,1,669,1,0",154,17,[NULL]
8,"0,9,676,1,0",154,17,[NULL]
0,"18,1,345",155,16,[NULL]
1,"189,1,55",155,16,[NULL]
2,"0,1,765,1,0",155,16,[NULL]
3,"0,1,764,1,0",155,16,[NULL]
4,"0,4,732,1,0",155,16,[NULL]
0,"324,1,23",156,15,[NULL]
1,"569,1,7",156,15,[NULL]
2,"0,1,766,1,0",156,15,[NULL]
0,"190,1,55",157,14,[NULL]
1,"570,1,7",157,14,[NULL]
2,"74,1,197,1,0",157,14,[NULL]
3,"0,1,31,1,324,1,0",157,14,[NULL]
4,"0,3,743,1,0",157,14,[NULL]
0,"2,1,732,1,0",158,13,[NULL]
1,"0,1,769,1,0",158,13,[NULL]
2,"0,2,755,1,0",158,13,[NULL]
3,"0,11,18,1,324,1,0",158,13,[NULL]
0,"23,1,306",159,12,[NULL]
1,"3,1,69,1,126",159,12,[NULL]
2,"713,1,1",159,12,[NULL]
3,"2,1,734,1,0",159,12,[NULL]
4,"0,1,770,1,0",159,12,[NULL]
0,638,160,11,[NULL]
1,637,160,11,[NULL]
2,"368,1,20",160,11,[NULL]
3,"7,1,546,1,2",160,11,[NULL]
4,"18,1,373,1,1",160,11,[NULL]
5,"0,1,772,1,0",160,11,[NULL]
6,"0,1,18,1,443,1,0",160,11,[NULL]
0,639,161,10,[NULL]
1,"697,1,2",161,10,[NULL]
2,"18,1,376,1,1",161,10,[NULL]
3,"3,1,18,1,352,1,0",161,10,[NULL]
4,"0,1,18,1,445,1,0",161,10,[NULL]
5,"0,1,8,1,13,1,324,1,0",161,10,[NULL]
6,"0,3,747,1,0",161,10,[NULL]
0,640,162,9,[NULL]
1,"2,1,599",162,9,[NULL]
2,"782,1,0",162,9,[NULL]
3,"0,1,32,1,324,1,0",162,9,[NULL]
4,"0,3,749,1,0",162,9,[NULL]
0,"2,1,18,1,306",163,8,[NULL]
1,"1,1,324,1,22",163,8,[NULL]
2,"526,1,9",163,8,[NULL]
3,"0,1,18,1,446,1,0",163,8,[NULL]
4,"0,3,750,1,0",163,8,[NULL]
0,641,164,7,[NULL]
1,"2,1,324,1,20",164,7,[NULL]
2,"2,1,660,1,1",164,7,[NULL]
3,"0,1,34,1,324,1,0",164,7,[NULL]
4,"0,3,751,1,0",164,7,[NULL]
0,"2,1,324,1,21",165,6,[NULL]
1,"0,3,3,1,18,1,324,1,0",165,6,[NULL]
0,"0,172,0",0,172,[NULL]
0,"783,1,0",115,57,[NULL]
0,"622,1,4",116,56,[NULL]
0,"0,1,8,1,578,1,0",119,53,[NULL]
0,"0,1,8,1,579,1,0",120,52,[NULL]
0,"0,8,686,1,0",126,46,[NULL]
0,"0,44,324,1,0",127,45,[NULL]
0,"0,1,8,2,402,1,0",129,43,[NULL]
0,"0,1,8,2,403,1,0",130,42,[NULL]
0,"0,2,17,1,452,1,0",131,41,[NULL]
0,"0,1,17,2,225,1,0",132,40,[NULL]
0,"8,1,452,1,4",133,39,[NULL]
1,"0,5,725,1,0",133,39,[NULL]
0,"17,1,244,1,10",134,38,[NULL]
1,"0,3,752,1,0",134,38,[NULL]
0,"31,1,245,1,4",135,37,[NULL]
0,"8,1,453,1,4",136,36,[NULL]
0,"8,2,16,1,149,1,4",137,35,[NULL]
0,"8,2,17,1,149,1,4",138,34,[NULL]
0,"623,1,4",139,33,[NULL]
1,"8,2,277,1,4",139,33,[NULL]
0,"491,1,11",140,32,[NULL]
1,"8,3,193,1,4",140,32,[NULL]
0,642,141,31,[NULL]
1,"8,3,194,1,4",141,31,[NULL]
0,643,142,30,[NULL]
1,"8,2,13,1,167,1,4",142,30,[NULL]
0,"64,1,160,1,4",143,29,[NULL]
1,"8,1,13,1,248,1,4",143,29,[NULL]
2,"8,2,278,1,4",143,29,[NULL]
0,"260,1,31",144,28,[NULL]
1,"624,1,4",144,28,[NULL]
2,"13,2,219,1,4",144,28,[NULL]
3,"8,1,454,1,4",144,28,[NULL]
0,"13,2,194,1,7",145,27,[NULL]
1,"20,1,292,1,4",145,27,[NULL]
2,"8,1,455,1,4",145,27,[NULL]
0,"13,1,23,1,150,1,7",146,26,[NULL]
1,"625,1,4",146,26,[NULL]
2,"9,1,420,1,4",146,26,[NULL]
3,"784,1,0",146,26,[NULL]
0,"9,1,346,1,7",147,25,[NULL]
1,"626,1,4",147,25,[NULL]
2,"8,2,279,1,4",147,25,[NULL]
3,"13,1,537,1,0",147,25,[NULL]
4,"13,4,105,1,0",147,25,[NULL]
0,"8,2,280,1,4",148,24,[NULL]
1,"64,1,187,1,2",148,24,[NULL]
2,"13,1,538,1,0",148,24,[NULL]
0,"627,1,4",149,23,[NULL]
1,"8,1,9,1,261,1,4",149,23,[NULL]
2,"2,1,737,1,0",149,23,[NULL]
0,"13,2,133,1,20",150,22,[NULL]
1,"9,1,423,1,4",150,22,[NULL]
2,"8,1,69,1,147,1,0",150,22,[NULL]
3,"0,1,8,1,582,1,0",150,22,[NULL]
4,"0,2,64,1,209,1,0",150,22,[NULL]
0,"215,1,44",151,21,[NULL]
1,"9,1,13,1,209,1,7",151,21,[NULL]
2,"0,1,17,1,475,1,0",151,21,[NULL]
3,"0,2,760,1,0",151,21,[NULL]
0,"639,1,3",152,20,[NULL]
1,"0,1,780,1,0",152,20,[NULL]
0,"209,1,46",153,19,[NULL]
1,"23,1,417,1,0",153,19,[NULL]
2,"0,1,3,2,604,1,0",153,19,[NULL]
3,"0,2,762,1,0",153,19,[NULL]
0,644,154,18,[NULL]
1,"0,2,763,1,0",154,18,[NULL]
0,"708,1,2",155,17,[NULL]
1,"0,5,732,1,0",155,17,[NULL]
0,645,156,16,[NULL]
1,"188,1,56",156,16,[NULL]
2,"195,1,52",156,16,[NULL]
3,"0,2,766,1,0",156,16,[NULL]
0,646,157,15,[NULL]
1,"189,1,56",157,15,[NULL]
2,"0,1,74,1,197,1,0",157,15,[NULL]
3,"0,2,31,1,324,1,0",157,15,[NULL]
4,"0,4,743,1,0",157,15,[NULL]
0,647,158,14,[NULL]
1,"3,1,555",158,14,[NULL]
2,"3,1,554",158,14,[NULL]
3,"352,1,22",158,14,[NULL]
4,"373,1,20",158,14,[NULL]
5,"70,1,209,1,0",158,14,[NULL]
6,"0,12,18,1,324,1,0",158,14,[NULL]
0,650,159,13,[NULL]
1,649,159,13,[NULL]
2,648,159,13,[NULL]
3,"18,1,358",159,13,[NULL]
4,"190,1,56",159,13,[NULL]
5,"376,1,20",159,13,[NULL]
6,"712,1,2",159,13,[NULL]
7,"787,1,0",159,13,[NULL]
0,651,160,12,[NULL]
1,"191,1,56",160,12,[NULL]
2,"197,1,52",160,12,[NULL]
3,"376,1,21",160,12,[NULL]
4,"633,1,4",160,12,[NULL]
5,"17,1,69,2,4",160,12,[NULL]
6,"16,1,324,1,4",160,12,[NULL]
7,"719,1,1",160,12,[NULL]
8,"788,1,0",160,12,[NULL]
0,653,161,11,[NULL]
1,652,161,11,[NULL]
2,"2,1,604",161,11,[NULL]
3,"198,1,52",161,11,[NULL]
4,"17,1,324,1,4",161,11,[NULL]
5,"1,1,684,1,2",161,11,[NULL]
6,"790,1,0",161,11,[NULL]
7,"789,1,0",161,11,[NULL]
8,"2,1,746,1,0",161,11,[NULL]
0,656,162,10,[NULL]
1,655,162,10,[NULL]
2,654,162,10,[NULL]
3,"2,1,69,1,139",162,10,[NULL]
4,"793,1,0",162,10,[NULL]
5,"792,1,0",162,10,[NULL]
6,"791,1,0",162,10,[NULL]
0,659,163,9,[NULL]
1,658,163,9,[NULL]
2,657,163,9,[NULL]
3,"3,1,163,1,52",163,9,[NULL]
4,"2,2,18,1,368,1,0",163,9,[NULL]
5,"0,2,18,1,446,1,0",163,9,[NULL]
0,660,164,8,[NULL]
1,"13,1,324,1,7",164,8,[NULL]
2,"794,1,0",164,8,[NULL]
3,"0,2,34,1,324,1,0",164,8,[NULL]
0,"36,1,324,1,0",165,7,[NULL]
1,"3,1,699,1,0",165,7,[NULL]
0,"3,1,18,1,277",166,6,[NULL]
0,"37,1,324,1,0",167,5,[NULL]
0,"38,1,324,1,0",168,4,[NULL]
0,"0,173,0",0,173,[NULL]
0,661,119,54,[NULL]
0,"8,1,469,1,4",122,51,[NULL]
0,662,123,50,[NULL]
1,"8,1,470,1,4",123,50,[NULL]
0,"17,1,326,1,4",124,49,[NULL]
0,"634,1,4",125,48,[NULL]
0,"8,3,199,1,4",126,47,[NULL]
1,"0,9,686,1,0",126,47,[NULL]
0,"8,3,200,1,4",127,46,[NULL]
1,"0,45,324,1,0",127,46,[NULL]
0,"635,1,4",128,45,[NULL]
1,"8,2,17,1,153,1,4",128,45,[NULL]
0,"636,1,4",129,44,[NULL]
1,"8,2,283,1,4",129,44,[NULL]
0,"8,5,77,1,4",130,43,[NULL]
1,"1,1,685,1,2",130,43,[NULL]
0,"8,5,78,1,4",131,42,[NULL]
1,"0,3,17,1,452,1,0",131,42,[NULL]
0,"8,1,16,1,224,1,4",132,41,[NULL]
1,"8,4,17,1,56,1,4",132,41,[NULL]
2,"0,2,17,2,225,1,0",132,41,[NULL]
0,"8,1,16,1,225,1,4",133,40,[NULL]
1,"8,4,136,1,4",133,40,[NULL]
2,"8,1,595,1,0",133,40,[NULL]
3,"0,6,725,1,0",133,40,[NULL]
0,"8,1,17,1,225,1,4",134,39,[NULL]
1,"8,7,19,1,4",134,39,[NULL]
2,"0,4,752,1,0",134,39,[NULL]
0,"42,1,224,1,4",135,38,[NULL]
1,"8,7,20,1,4",135,38,[NULL]
0,"8,4,137,1,4",136,37,[NULL]
1,"8,6,45,1,4",136,37,[NULL]
0,"8,4,138,1,4",137,36,[NULL]
1,"8,6,46,1,4",137,36,[NULL]
0,"8,2,16,1,154,1,4",138,35,[NULL]
1,"8,5,9,1,13,2,4",138,35,[NULL]
0,"137,1,90",139,34,[NULL]
1,"8,2,17,1,154,1,4",139,34,[NULL]
2,"8,4,9,1,13,1,32,1,4",139,34,[NULL]
3,"16,1,491,1,0",139,34,[NULL]
0,"637,1,4",140,33,[NULL]
1,"8,3,9,1,13,2,23,1,4",140,33,[NULL]
2,"8,5,79,1,4",140,33,[NULL]
3,"17,1,491,1,0",140,33,[NULL]
0,"0,1,642",141,32,[NULL]
1,"17,1,379",141,32,[NULL]
2,"8,2,9,1,13,2,51,1,4",141,32,[NULL]
3,"8,5,80,1,4",141,32,[NULL]
0,"8,1,64,1,112,1,4",142,31,[NULL]
1,"8,1,9,1,13,5,4",142,31,[NULL]
2,"8,3,22,1,80,1,4",142,31,[NULL]
3,"795,1,0",142,31,[NULL]
0,"9,1,13,4,32,1,4",143,30,[NULL]
1,"8,1,64,1,113,1,4",143,30,[NULL]
2,"8,3,23,1,80,1,4",143,30,[NULL]
3,"8,3,260,1,0",143,30,[NULL]
0,"9,1,13,4,23,1,7",144,29,[NULL]
1,"8,1,471,1,4",144,29,[NULL]
2,"8,2,13,2,101,1,4",144,29,[NULL]
3,"8,1,16,1,292,1,0",144,29,[NULL]
0,"9,1,435,1,4",145,28,[NULL]
1,"8,1,13,3,80,1,4",145,28,[NULL]
0,"13,2,23,1,101,1,4",146,27,[NULL]
1,"8,3,201,1,4",146,27,[NULL]
2,"715,1,2",146,27,[NULL]
0,"13,1,219,1,20",147,26,[NULL]
1,"13,2,23,1,80,1,7",147,26,[NULL]
2,"8,2,9,1,188,1,4",147,26,[NULL]
0,"8,1,9,1,267,1,4",148,25,[NULL]
1,"13,2,292,1,0",148,25,[NULL]
0,"537,1,9",149,24,[NULL]
1,"9,1,23,1,188,1,4",149,24,[NULL]
2,"797,1,0",149,24,[NULL]
0,664,150,23,[NULL]
1,663,150,23,[NULL]
2,"9,1,13,1,212,1,7",150,23,[NULL]
3,"0,1,8,1,69,1,147,1,0",150,23,[NULL]
4,"0,3,64,1,209,1,0",150,23,[NULL]
0,"13,1,328,1,7",151,22,[NULL]
1,"638,1,4",151,22,[NULL]
2,"646,1,3",151,22,[NULL]
3,"0,3,760,1,0",151,22,[NULL]
0,"581,1,7",152,21,[NULL]
1,"640,1,4",152,21,[NULL]
2,"3,1,628,1,2",152,21,[NULL]
3,"13,2,294,1,0",152,21,[NULL]
4,"0,2,780,1,0",152,21,[NULL]
0,"3,1,557",153,20,[NULL]
1,"188,1,57",153,20,[NULL]
2,"8,1,475,1,4",153,20,[NULL]
3,"72,1,209,1,0",153,20,[NULL]
4,"13,3,181,1,0",153,20,[NULL]
5,"0,3,762,1,0",153,20,[NULL]
0,"17,1,333,1,4",154,19,[NULL]
1,"0,3,763,1,0",154,19,[NULL]
0,"13,1,331,1,7",155,18,[NULL]
1,"604,1,5",155,18,[NULL]
2,"648,1,3",155,18,[NULL]
0,665,156,17,[NULL]
1,"13,1,332,1,7",156,17,[NULL]
2,"18,1,385,1,2",156,17,[NULL]
3,"3,1,707,1,0",156,17,[NULL]
0,"0,1,189,1,56",157,16,[NULL]
1,"8,1,479,1,4",157,16,[NULL]
2,"27,1,324,1,2",157,16,[NULL]
3,"0,5,743,1,0",157,16,[NULL]
0,"9,1,445,1,4",158,15,[NULL]
1,"799,1,0",158,15,[NULL]
2,"3,1,709,1,0",158,15,[NULL]
3,"0,13,18,1,324,1,0",158,15,[NULL]
0,"543,1,9",159,14,[NULL]
1,"652,1,3",159,14,[NULL]
2,"730,1,1",159,14,[NULL]
3,"800,1,0",159,14,[NULL]
4,"18,1,475,1,0",159,14,[NULL]
5,"0,1,787,1,0",159,14,[NULL]
0,666,160,13,[NULL]
1,"719,1,2",160,13,[NULL]
2,"732,1,1",160,13,[NULL]
3,"801,1,0",160,13,[NULL]
4,"40,1,69,2,0",160,13,[NULL]
5,"39,1,324,1,0",160,13,[NULL]
6,"13,1,69,1,134,1,0",160,13,[NULL]
7,"0,1,788,1,0",160,13,[NULL]
0,"1,1,638",161,12,[NULL]
1,"734,1,1",161,12,[NULL]
2,"40,1,324,1,0",161,12,[NULL]
3,"3,1,712,1,0",161,12,[NULL]
4,"0,1,789,1,0",161,12,[NULL]
0,"3,1,569",162,11,[NULL]
1,"0,1,793,1,0",162,11,[NULL]
2,"0,1,791,1,0",162,11,[NULL]
0,667,163,10,[NULL]
1,"69,1,160",163,10,[NULL]
2,"18,1,479,1,0",163,10,[NULL]
3,"0,3,18,1,446,1,0",163,10,[NULL]
0,669,164,9,[NULL]
1,668,164,9,[NULL]
2,"802,1,0",164,9,[NULL]
3,"9,1,13,1,324,1,0",164,9,[NULL]
4,"0,3,34,1,324,1,0",164,9,[NULL]
0,670,165,8,[NULL]
1,"163,1,76",165,8,[NULL]
2,"69,2,24",165,8,[NULL]
3,"0,1,36,1,324,1,0",165,8,[NULL]
0,"7,1,490",166,7,[NULL]
1,"324,1,24",166,7,[NULL]
2,"3,1,18,1,378,1,0",166,7,[NULL]
0,"3,1,18,1,285",167,6,[NULL]
0,671,168,5,[NULL]
1,"0,1,38,1,324,1,0",168,5,[NULL]
0,"18,1,324,1,3",169,4,[NULL]
0,"0,174,0",0,174,[NULL]
0,"721,1,2",117,57,[NULL]
0,"803,1,0",118,56,[NULL]
0,"804,1,0",119,55,[NULL]
0,"8,2,431,1,0",122,52,[NULL]
0,"8,1,16,1,296,1,0",123,51,[NULL]
0,"0,10,686,1,0",126,48,[NULL]
0,"0,46,324,1,0",127,47,[NULL]
0,"805,1,0",128,46,[NULL]
0,"806,1,0",129,45,[NULL]
0,"0,4,17,1,452,1,0",131,43,[NULL]
0,"8,2,432,1,0",132,42,[NULL]
1,"0,3,17,2,225,1,0",132,42,[NULL]
0,"8,2,433,1,0",133,41,[NULL]
1,"0,7,725,1,0",133,41,[NULL]
0,"0,5,752,1,0",134,40,[NULL]
0,"725,1,2",138,36,[NULL]
1,"64,1,224,1,0",138,36,[NULL]
0,"64,1,225,1,0",139,35,[NULL]
1,"0,1,16,1,491,1,0",139,35,[NULL]
0,"138,2,0",140,34,[NULL]
1,"0,1,17,1,491,1,0",140,34,[NULL]
0,"809,1,0",141,33,[NULL]
1,"807,1,0",141,33,[NULL]
0,"64,1,149,1,6",142,32,[NULL]
1,"0,1,795,1,0",142,32,[NULL]
0,"0,1,8,3,260,1,0",143,31,[NULL]
0,"0,1,8,1,16,1,292,1,0",144,30,[NULL]
0,"42,1,260,1,2",145,29,[NULL]
1,"13,5,51,1,0",145,29,[NULL]
0,"13,5,52,1,0",146,28,[NULL]
0,"642,1,4",147,27,[NULL]
0,672,148,26,[NULL]
0,"585,1,7",149,25,[NULL]
1,"13,2,23,1,83,1,7",149,25,[NULL]
2,"1,1,64,1,187,1,2",149,25,[NULL]
3,"810,1,0",149,25,[NULL]
4,"0,1,797,1,0",149,25,[NULL]
0,"2,1,624",150,24,[NULL]
1,"9,1,13,2,133,1,7",150,24,[NULL]
2,"1,1,627,1,4",150,24,[NULL]
3,"811,1,0",150,24,[NULL]
4,"13,2,303,1,0",150,24,[NULL]
5,"0,4,64,1,209,1,0",150,24,[NULL]
0,"737,1,1",151,23,[NULL]
1,"13,3,188,1,0",151,23,[NULL]
2,"0,4,760,1,0",151,23,[NULL]
0,"728,1,2",152,22,[NULL]
1,"13,3,189,1,0",152,22,[NULL]
2,"0,3,780,1,0",152,22,[NULL]
0,"328,1,24",153,21,[NULL]
1,"7,1,627,1,0",153,21,[NULL]
2,"3,1,717,1,0",153,21,[NULL]
3,"0,4,762,1,0",153,21,[NULL]
0,"729,1,2",154,20,[NULL]
1,"13,3,190,1,0",154,20,[NULL]
2,"8,1,613,1,0",154,20,[NULL]
3,"3,2,628,1,0",154,20,[NULL]
4,"0,4,763,1,0",154,20,[NULL]
0,"13,1,335,1,7",155,19,[NULL]
1,"17,1,338,1,4",155,19,[NULL]
0,"417,1,19",156,18,[NULL]
1,"1,1,708,1,2",156,18,[NULL]
2,"0,1,3,1,707,1,0",156,18,[NULL]
0,674,157,17,[NULL]
1,673,157,17,[NULL]
2,"195,1,56",157,17,[NULL]
3,"408,1,20",157,17,[NULL]
4,"2,1,763,1,0",157,17,[NULL]
5,"0,6,743,1,0",157,17,[NULL]
0,676,158,16,[NULL]
1,675,158,16,[NULL]
2,"1,1,189,1,56",158,16,[NULL]
3,"9,1,373,1,7",158,16,[NULL]
4,"0,1,799,1,0",158,16,[NULL]
5,"0,14,18,1,324,1,0",158,16,[NULL]
0,677,159,15,[NULL]
1,"3,1,574",159,15,[NULL]
2,"0,1,18,1,475,1,0",159,15,[NULL]
0,"412,1,21",160,14,[NULL]
1,"732,1,2",160,14,[NULL]
2,"814,1,0",160,14,[NULL]
3,"0,1,801,1,0",160,14,[NULL]
4,"0,1,39,1,324,1,0",160,14,[NULL]
0,680,161,13,[NULL]
1,679,161,13,[NULL]
2,678,161,13,[NULL]
3,"3,1,578",161,13,[NULL]
4,"197,1,56",161,13,[NULL]
5,"815,1,0",161,13,[NULL]
6,"13,1,565,1,0",161,13,[NULL]
7,"0,1,40,1,324,1,0",161,13,[NULL]
8,"0,2,789,1,0",161,13,[NULL]
0,682,162,12,[NULL]
1,681,162,12,[NULL]
2,"2,1,633",162,12,[NULL]
3,"817,1,0",162,12,[NULL]
4,"816,1,0",162,12,[NULL]
5,"13,1,566,1,0",162,12,[NULL]
6,"3,1,719,1,0",162,12,[NULL]
7,"0,2,793,1,0",162,12,[NULL]
0,684,163,11,[NULL]
1,683,163,11,[NULL]
2,"203,1,52",163,11,[NULL]
3,"746,1,1",163,11,[NULL]
4,"2,1,773,1,0",163,11,[NULL]
5,"0,4,18,1,446,1,0",163,11,[NULL]
0,686,164,10,[NULL]
1,685,164,10,[NULL]
2,"818,1,0",164,10,[NULL]
3,"0,1,802,1,0",164,10,[NULL]
4,"0,4,34,1,324,1,0",164,10,[NULL]
0,687,165,9,[NULL]
1,"3,1,582",165,9,[NULL]
2,"2,1,698,1,1",165,9,[NULL]
3,"2,1,18,1,368,1,1",165,9,[NULL]
4,"3,1,720,1,0",165,9,[NULL]
5,"0,2,36,1,324,1,0",165,9,[NULL]
0,688,166,8,[NULL]
1,"748,1,1",166,8,[NULL]
2,"2,1,24,1,324,1,1",166,8,[NULL]
3,"819,1,0",166,8,[NULL]
0,"2,1,25,1,324,1,1",167,7,[NULL]
0,"750,1,1",168,6,[NULL]
0,"18,1,324,1,4",169,5,[NULL]
1,"2,2,18,1,324,1,1",169,5,[NULL]
0,"324,1,25",170,4,[NULL]
0,"0,175,0",0,175,[NULL]
0,689,117,58,[NULL]
0,"0,1,803,1,0",118,57,[NULL]
0,"0,1,804,1,0",119,56,[NULL]
0,"0,1,8,2,431,1,0",122,53,[NULL]
0,"0,1,8,1,16,1,296,1,0",123,52,[NULL]
0,"736,1,2",124,51,[NULL]
0,"0,11,686,1,0",126,49,[NULL]
0,"0,47,324,1,0",127,48,[NULL]
0,"0,1,805,1,0",128,47,[NULL]
0,"0,1,806,1,0",129,46,[NULL]
0,"0,5,17,1,452,1,0",131,44,[NULL]
0,"0,4,17,2,225,1,0",132,43,[NULL]
0,"0,1,8,2,433,1,0",133,42,[NULL]
0,"8,1,488,1,4",136,39,[NULL]
0,"17,1,343,1,4",137,38,[NULL]
0,"8,1,489,1,4",138,37,[NULL]
1,"0,1,64,1,224,1,0",138,37,[NULL]
0,"8,1,490,1,4",139,36,[NULL]
1,"0,1,64,1,225,1,0",139,36,[NULL]
0,"8,3,206,1,4",140,35,[NULL]
1,"0,2,17,1,491,1,0",140,35,[NULL]
0,"8,2,17,1,160,1,4",141,34,[NULL]
1,"0,1,809,1,0",141,34,[NULL]
2,"0,1,807,1,0",141,34,[NULL]
0,"8,1,491,1,4",142,33,[NULL]
1,"8,3,207,1,4",142,33,[NULL]
2,"0,2,795,1,0",142,33,[NULL]
0,"17,1,260,1,10",143,32,[NULL]
1,"8,3,208,1,4",143,32,[NULL]
0,690,144,31,[NULL]
1,"8,2,9,1,194,1,4",144,31,[NULL]
0,"653,1,4",145,30,[NULL]
1,"8,1,9,1,13,1,167,1,4",145,30,[NULL]
0,"16,1,347,1,4",146,29,[NULL]
1,"9,1,13,1,248,1,4",146,29,[NULL]
2,"8,2,291,1,4",146,29,[NULL]
0,"9,1,13,1,219,1,7",147,28,[NULL]
1,"17,1,347,1,4",147,28,[NULL]
2,"8,2,292,1,4",147,28,[NULL]
3,"820,1,0",147,28,[NULL]
0,"22,1,292,1,4",148,27,[NULL]
1,"8,1,492,1,4",148,27,[NULL]
0,"23,1,292,1,4",149,26,[NULL]
1,"8,2,293,1,4",149,26,[NULL]
2,"0,1,810,1,0",149,26,[NULL]
0,"13,1,438",150,25,[NULL]
1,"13,2,51,1,62",150,25,[NULL]
2,"13,1,346,1,7",150,25,[NULL]
3,"8,3,209,1,4",150,25,[NULL]
4,"0,1,811,1,0",150,25,[NULL]
5,"0,5,64,1,209,1,0",150,25,[NULL]
0,"13,1,439",151,24,[NULL]
1,"13,3,67,1,20",151,24,[NULL]
2,"8,2,294,1,4",151,24,[NULL]
3,"13,3,23,1,75,1,0",151,24,[NULL]
4,"0,5,760,1,0",151,24,[NULL]
0,"2,1,636",152,23,[NULL]
1,"655,1,4",152,23,[NULL]
2,"8,1,13,1,261,1,4",152,23,[NULL]
3,"13,3,23,1,76,1,0",152,23,[NULL]
0,691,153,22,[NULL]
1,"13,1,423,1,4",153,22,[NULL]
2,"0,1,7,1,627,1,0",153,22,[NULL]
3,"0,1,3,1,717,1,0",153,22,[NULL]
0,"13,2,209,1,7",154,21,[NULL]
1,"0,1,8,1,613,1,0",154,21,[NULL]
0,692,155,20,[NULL]
1,"13,1,67,1,75,1,7",155,20,[NULL]
0,"188,1,62",156,19,[NULL]
1,"195,1,58",156,19,[NULL]
2,"209,1,51",156,19,[NULL]
3,"604,1,7",156,19,[NULL]
4,"822,1,0",156,19,[NULL]
0,694,157,18,[NULL]
1,693,157,18,[NULL]
2,"417,1,20",157,18,[NULL]
3,"823,1,0",157,18,[NULL]
4,"75,1,212,1,0",157,18,[NULL]
5,"0,7,743,1,0",157,18,[NULL]
0,"0,1,676",158,17,[NULL]
1,"3,1,589",158,17,[NULL]
2,"76,1,212,1,0",158,17,[NULL]
3,"0,15,18,1,324,1,0",158,17,[NULL]
0,695,159,16,[NULL]
1,"190,1,62",159,16,[NULL]
2,"76,1,189,1,1",159,16,[NULL]
3,"107,1,174,1,0",159,16,[NULL]
4,"13,1,569,1,0",159,16,[NULL]
0,"67,1,166",160,15,[NULL]
1,"197,1,58",160,15,[NULL]
2,"390,1,22",160,15,[NULL]
3,"825,1,0",160,15,[NULL]
4,"824,1,0",160,15,[NULL]
5,"75,1,213,1,0",160,15,[NULL]
6,"13,1,570,1,0",160,15,[NULL]
7,"0,1,814,1,0",160,15,[NULL]
0,"209,1,52",161,14,[NULL]
1,"673,1,3",161,14,[NULL]
2,"76,1,213,1,0",161,14,[NULL]
3,"3,1,731,1,0",161,14,[NULL]
4,"3,1,730,1,0",161,14,[NULL]
5,"2,2,732,1,0",161,14,[NULL]
6,"0,1,815,1,0",161,14,[NULL]
0,"13,1,69,1,76,1,7",162,13,[NULL]
1,"18,1,333,1,4",162,13,[NULL]
2,"744,1,2",162,13,[NULL]
3,"3,1,732,1,0",162,13,[NULL]
4,"2,2,734,1,0",162,13,[NULL]
5,"0,1,817,1,0",162,13,[NULL]
6,"0,1,3,1,719,1,0",162,13,[NULL]
7,"0,3,793,1,0",162,13,[NULL]
0,"565,1,9",163,12,[NULL]
1,"659,1,4",163,12,[NULL]
2,"19,1,324,1,4",163,12,[NULL]
3,"826,1,0",163,12,[NULL]
4,"3,1,735,1,0",163,12,[NULL]
5,"3,1,734,1,0",163,12,[NULL]
0,"20,1,324,1,4",164,11,[NULL]
1,"2,1,18,1,376,1,1",164,11,[NULL]
2,"827,1,0",164,11,[NULL]
0,"163,1,81",165,10,[NULL]
1,"828,1,0",165,10,[NULL]
0,"3,1,599",166,9,[NULL]
1,"2,2,18,1,306",166,9,[NULL]
2,"748,1,2",166,9,[NULL]
3,"747,1,2",166,9,[NULL]
0,696,167,8,[NULL]
1,"3,1,18,1,306",167,8,[NULL]
2,"10,1,324,1,9",167,8,[NULL]
3,"660,1,4",167,8,[NULL]
4,"749,1,2",167,8,[NULL]
0,"18,1,388",168,7,[NULL]
1,"11,1,324,1,9",168,7,[NULL]
2,"750,1,2",168,7,[NULL]
0,"3,1,324,1,21",169,6,[NULL]
1,"0,1,18,1,324,1,4",169,6,[NULL]
2,"751,1,2",169,6,[NULL]
0,"3,1,18,1,324,1,2",170,5,[NULL]
0,"0,176,0",0,176,[NULL]
0,"0,2,803,1,0",118,58,[NULL]
0,"0,2,804,1,0",119,57,[NULL]
0,"661,1,4",121,55,[NULL]
0,"554,1,10",122,54,[NULL]
0,"8,2,295,1,4",125,51,[NULL]
0,"8,2,296,1,4",126,50,[NULL]
1,"0,12,686,1,0",126,50,[NULL]
0,"16,1,17,1,183,1,4",127,49,[NULL]
1,"0,48,324,1,0",127,49,[NULL]
0,"8,1,498,1,4",128,48,[NULL]
0,"8,4,145,1,4",129,47,[NULL]
0,"8,3,16,1,111,1,4",130,46,[NULL]
0,"662,1,4",131,45,[NULL]
1,"8,3,17,1,111,1,4",131,45,[NULL]
0,"663,1,4",132,44,[NULL]
1,"8,3,211,1,4",132,44,[NULL]
0,"8,6,49,1,4",133,43,[NULL]
0,"8,6,50,1,4",134,42,[NULL]
0,"8,2,297,1,4",135,41,[NULL]
1,"8,4,16,1,17,2,4",135,41,[NULL]
0,"402,1,22",136,40,[NULL]
1,"8,2,298,1,4",136,40,[NULL]
2,"8,5,88,1,4",136,40,[NULL]
0,"8,1,17,1,238,1,4",137,39,[NULL]
1,"8,9,4",137,39,[NULL]
0,"17,2,185,1,4",138,38,[NULL]
1,"8,7,22,1,4",138,38,[NULL]
2,"0,2,64,1,224,1,0",138,38,[NULL]
0,"8,4,146,1,4",139,37,[NULL]
1,"8,7,23,1,4",139,37,[NULL]
2,"1,1,725,1,2",139,37,[NULL]
3,"0,2,64,1,225,1,0",139,37,[NULL]
0,"8,4,147,1,4",140,36,[NULL]
1,"8,6,51,1,4",140,36,[NULL]
2,"0,3,17,1,491,1,0",140,36,[NULL]
0,"64,1,137,1,10",141,35,[NULL]
1,"8,3,17,1,113,1,4",141,35,[NULL]
2,"8,5,13,3,4",141,35,[NULL]
3,"0,2,809,1,0",141,35,[NULL]
4,"0,2,807,1,0",141,35,[NULL]
0,"64,1,138,1,10",142,34,[NULL]
1,"8,2,17,1,162,1,4",142,34,[NULL]
2,"8,4,13,2,32,1,4",142,34,[NULL]
3,"8,1,623,1,0",142,34,[NULL]
4,"0,3,795,1,0",142,34,[NULL]
0,"664,1,4",143,33,[NULL]
1,"8,3,13,3,23,1,4",143,33,[NULL]
2,"8,5,89,1,4",143,33,[NULL]
3,"5,1,64,1,149,1,2",143,33,[NULL]
4,"17,1,516,1,0",143,33,[NULL]
0,"665,1,4",144,32,[NULL]
1,"8,2,13,3,51,1,4",144,32,[NULL]
2,"8,4,9,1,80,1,4",144,32,[NULL]
0,"8,1,13,6,4",145,31,[NULL]
1,"8,2,64,2,4",145,31,[NULL]
2,"8,3,23,1,89,1,4",145,31,[NULL]
0,"13,5,32,1,4",146,30,[NULL]
1,"8,2,299,1,4",146,30,[NULL]
2,"8,2,9,1,23,1,80,1,4",146,30,[NULL]
3,"8,3,278,1,0",146,30,[NULL]
0,"13,5,23,1,7",147,29,[NULL]
1,"8,1,499,1,4",147,29,[NULL]
2,"8,1,9,1,13,2,101,1,4",147,29,[NULL]
0,"13,5,24,1,7",148,28,[NULL]
1,"13,1,435,1,4",148,28,[NULL]
2,"9,1,13,3,80,1,4",148,28,[NULL]
3,"13,3,194,1,0",148,28,[NULL]
0,"9,1,13,1,23,1,101,1,7",149,27,[NULL]
1,"8,3,212,1,4",149,27,[NULL]
2,"13,2,23,1,150,1,0",149,27,[NULL]
0,"8,2,13,1,188,1,4",150,26,[NULL]
1,"0,6,64,1,209,1,0",150,26,[NULL]
0,"8,1,13,1,267,1,4",151,25,[NULL]
0,697,152,24,[NULL]
1,"13,1,357,1,7",152,24,[NULL]
2,"666,1,4",152,24,[NULL]
3,"13,1,23,1,188,1,4",152,24,[NULL]
4,"8,1,627,1,0",152,24,[NULL]
0,"0,1,691",153,23,[NULL]
1,"13,1,359,1,7",153,23,[NULL]
2,"13,2,212,1,7",153,23,[NULL]
3,"667,1,4",153,23,[NULL]
4,"832,1,0",153,23,[NULL]
0,698,154,22,[NULL]
1,"13,1,360,1,7",154,22,[NULL]
2,"668,1,4",154,22,[NULL]
0,"611,1,7",155,21,[NULL]
1,"610,1,7",155,21,[NULL]
2,"833,1,0",155,21,[NULL]
0,"423,1,20",156,20,[NULL]
1,"13,2,213,1,7",156,20,[NULL]
2,"628,1,5",156,20,[NULL]
3,"8,1,502,1,4",156,20,[NULL]
0,699,157,19,[NULL]
1,"9,1,408,1,7",157,19,[NULL]
2,"16,1,367,1,4",157,19,[NULL]
3,"80,1,209,1,0",157,19,[NULL]
4,"64,1,235,1,0",157,19,[NULL]
5,"0,8,743,1,0",157,19,[NULL]
0,"629,1,5",158,18,[NULL]
1,"17,1,367,1,4",158,18,[NULL]
2,"837,1,0",158,18,[NULL]
3,"836,1,0",158,18,[NULL]
4,"835,1,0",158,18,[NULL]
5,"3,2,648,1,0",158,18,[NULL]
0,"1,1,676",159,17,[NULL]
1,"672,1,4",159,17,[NULL]
2,"76,1,189,1,2",159,17,[NULL]
3,"763,1,1",159,17,[NULL]
4,"839,1,0",159,17,[NULL]
5,"838,1,0",159,17,[NULL]
6,"0,1,107,1,174,1,0",159,17,[NULL]
0,"8,1,504,1,4",160,16,[NULL]
1,"680,1,3",160,16,[NULL]
2,"840,1,0",160,16,[NULL]
3,"0,1,825,1,0",160,16,[NULL]
4,"0,1,824,1,0",160,16,[NULL]
5,"0,2,814,1,0",160,16,[NULL]
0,"13,1,445,1,4",161,15,[NULL]
1,"841,1,0",161,15,[NULL]
2,"0,1,3,1,730,1,0",161,15,[NULL]
3,"0,2,815,1,0",161,15,[NULL]
0,"844,1,0",162,14,[NULL]
1,"843,1,0",162,14,[NULL]
2,"842,1,0",162,14,[NULL]
3,"18,1,502,1,0",162,14,[NULL]
4,"0,2,3,1,719,1,0",162,14,[NULL]
0,700,163,13,[NULL]
1,"69,1,95,1,20",163,13,[NULL]
2,"13,1,368,1,7",163,13,[NULL]
3,"845,1,0",163,13,[NULL]
4,"8,1,16,1,324,1,0",163,13,[NULL]
5,"0,1,826,1,0",163,13,[NULL]
0,701,164,12,[NULL]
1,"203,1,56",164,12,[NULL]
2,"2,1,198,1,52",164,12,[NULL]
3,"69,1,95,1,21",164,12,[NULL]
4,"756,1,2",164,12,[NULL]
5,"8,1,17,1,324,1,0",164,12,[NULL]
0,"3,1,604",165,11,[NULL]
1,"18,1,264,1,9",165,11,[NULL]
2,"773,1,1",165,11,[NULL]
3,"7,1,68,1,163,1,0",165,11,[NULL]
4,"0,1,828,1,0",165,11,[NULL]
0,702,166,10,[NULL]
1,"35,1,69,1,56",166,10,[NULL]
2,"846,1,0",166,10,[NULL]
3,"18,1,504,1,0",166,10,[NULL]
0,703,167,9,[NULL]
1,"0,1,660,1,4",167,9,[NULL]
2,"847,1,0",167,9,[NULL]
3,"13,2,324,1,0",167,9,[NULL]
0,"33,1,324,1,1",168,8,[NULL]
1,"848,1,0",168,8,[NULL]
0,"6,1,18,1,324,1,0",169,7,[NULL]
1,"3,1,749,1,0",169,7,[NULL]
0,"1,1,18,1,324,1,4",170,6,[NULL]
1,"18,1,506,1,0",170,6,[NULL]
2,"3,1,750,1,0",170,6,[NULL]
0,"43,1,324,1,0",171,5,[NULL]
1,"3,1,751,1,0",171,5,[NULL]
0,"849,1,0",172,4,[NULL]
1,"3,2,18,1,324,1,0",172,4,[NULL]
0,"850,1,0",173,3,[NULL]
0,"0,177,0",0,177,[NULL]
0,"758,1,2",118,59,[NULL]
0,"0,3,804,1,0",119,58,[NULL]
0,"851,1,0",121,56,[NULL]
0,"852,1,0",122,55,[NULL]
0,"8,2,469,1,0",125,52,[NULL]
0,"0,13,686,1,0",126,51,[NULL]
0,"0,49,324,1,0",127,50,[NULL]
0,"8,1,635,1,0",131,46,[NULL]
0,"8,1,636,1,0",132,45,[NULL]
0,"8,2,16,1,224,1,0",135,42,[NULL]
0,"8,2,16,1,225,1,0",136,41,[NULL]
0,"0,3,64,1,224,1,0",138,39,[NULL]
0,"0,3,64,1,225,1,0",139,38,[NULL]
0,"0,4,17,1,491,1,0",140,37,[NULL]
0,"64,1,237,1,0",141,36,[NULL]
1,"0,3,809,1,0",141,36,[NULL]
2,"0,3,807,1,0",141,36,[NULL]
0,"64,1,238,1,0",142,35,[NULL]
1,"0,1,8,1,623,1,0",142,35,[NULL]
2,"0,4,795,1,0",142,35,[NULL]
0,"0,1,17,1,516,1,0",143,34,[NULL]
0,704,148,29,[NULL]
0,705,149,28,[NULL]
1,"13,4,32,1,20",149,28,[NULL]
0,706,150,27,[NULL]
1,"13,3,23,1,80,1,0",150,27,[NULL]
0,"627,1,6",151,26,[NULL]
0,"2,1,537,1,9",152,25,[NULL]
1,"853,1,0",152,25,[NULL]
2,"0,1,8,1,627,1,0",152,25,[NULL]
0,"194,1,62",153,24,[NULL]
1,"13,3,133,1,7",153,24,[NULL]
2,"1,1,655,1,4",153,24,[NULL]
3,"855,1,0",153,24,[NULL]
4,"0,1,832,1,0",153,24,[NULL]
0,"1,1,691",154,23,[NULL]
1,"357,1,24",154,23,[NULL]
2,"13,3,134,1,7",154,23,[NULL]
3,"856,1,0",154,23,[NULL]
4,"13,2,328,1,0",154,23,[NULL]
0,"23,1,188,1,20",155,22,[NULL]
1,"64,1,209,1,2",155,22,[NULL]
2,"13,1,581,1,0",155,22,[NULL]
0,"80,1,212,1,0",156,21,[NULL]
1,"7,1,655,1,0",156,21,[NULL]
0,707,157,20,[NULL]
1,"13,2,257",157,20,[NULL]
2,"761,1,2",157,20,[NULL]
3,"857,1,0",157,20,[NULL]
4,"8,1,17,1,333,1,0",157,20,[NULL]
5,"0,1,64,1,235,1,0",157,20,[NULL]
6,"0,9,743,1,0",157,20,[NULL]
0,"215,1,52",158,19,[NULL]
1,"23,1,190,1,20",158,19,[NULL]
2,"618,1,7",158,19,[NULL]
3,"691,1,3",158,19,[NULL]
4,"64,1,239,1,0",158,19,[NULL]
5,"13,2,331,1,0",158,19,[NULL]
6,"0,1,837,1,0",158,19,[NULL]
7,"0,1,836,1,0",158,19,[NULL]
0,"619,1,7",159,18,[NULL]
1,"13,2,332,1,0",159,18,[NULL]
2,"0,1,838,1,0",159,18,[NULL]
0,"620,1,7",160,17,[NULL]
1,"764,1,2",160,17,[NULL]
2,"0,2,825,1,0",160,17,[NULL]
0,709,161,16,[NULL]
1,708,161,16,[NULL]
2,"3,1,615",161,16,[NULL]
3,"13,1,373,1,7",161,16,[NULL]
4,"766,1,2",161,16,[NULL]
5,"0,1,841,1,0",161,16,[NULL]
0,710,162,15,[NULL]
1,"3,1,616",162,15,[NULL]
2,"213,1,55",162,15,[NULL]
3,"239,1,44",162,15,[NULL]
4,"13,1,376,1,7",162,15,[NULL]
5,"31,1,324,1,2",162,15,[NULL]
6,"0,1,843,1,0",162,15,[NULL]
7,"0,1,18,1,502,1,0",162,15,[NULL]
0,711,163,14,[NULL]
1,"36,1,283",163,14,[NULL]
2,"3,1,174,1,56",163,14,[NULL]
3,"2,1,732,1,1",163,14,[NULL]
4,"0,1,845,1,0",163,14,[NULL]
5,"0,1,8,1,16,1,324,1,0",163,14,[NULL]
6,"0,2,826,1,0",163,14,[NULL]
0,"3,1,618",164,13,[NULL]
1,"445,1,20",164,13,[NULL]
2,"2,1,734,1,1",164,13,[NULL]
3,"859,1,0",164,13,[NULL]
4,"858,1,0",164,13,[NULL]
5,"43,1,333,1,0",164,13,[NULL]
6,"0,1,8,1,17,1,324,1,0",164,13,[NULL]
0,714,165,12,[NULL]
1,713,165,12,[NULL]
2,712,165,12,[NULL]
3,"37,1,283",165,12,[NULL]
4,"445,1,21",165,12,[NULL]
5,"861,1,0",165,12,[NULL]
6,"860,1,0",165,12,[NULL]
7,"3,1,755,1,0",165,12,[NULL]
0,716,166,11,[NULL]
1,715,166,11,[NULL]
2,"2,1,667",166,11,[NULL]
3,"684,1,4",166,11,[NULL]
4,"3,1,757,1,0",166,11,[NULL]
5,"3,1,756,1,0",166,11,[NULL]
0,"35,1,306",167,10,[NULL]
1,"2,1,802,1,0",167,10,[NULL]
2,"0,1,847,1,0",167,10,[NULL]
0,717,168,9,[NULL]
1,"18,1,446,1,2",168,9,[NULL]
0,"13,1,324,1,9",169,8,[NULL]
1,"699,1,3",169,8,[NULL]
2,"0,1,3,1,749,1,0",169,8,[NULL]
0,"35,1,324,1,2",170,7,[NULL]
1,"0,1,18,1,506,1,0",170,7,[NULL]
2,"0,1,3,1,750,1,0",170,7,[NULL]
0,"324,1,26",171,6,[NULL]
1,"0,1,43,1,324,1,0",171,6,[NULL]
2,"0,1,3,1,751,1,0",171,6,[NULL]
0,"0,1,849,1,0",172,5,[NULL]
1,"0,1,3,2,18,1,324,1,0",172,5,[NULL]
0,"0,1,850,1,0",173,4,[NULL]
0,"0,178,0",0,178,[NULL]
0,"0,4,804,1,0",119,59,[NULL]
0,"0,1,851,1,0",121,57,[NULL]
0,"0,1,852,1,0",122,56,[NULL]
0,"0,14,686,1,0",126,52,[NULL]
0,"0,50,324,1,0",127,51,[NULL]
0,"635,1,6",130,48,[NULL]
0,"0,1,8,1,635,1,0",131,47,[NULL]
0,"0,1,8,1,636,1,0",132,46,[NULL]
0,"685,1,4",135,43,[NULL]
0,"0,1,8,2,16,1,225,1,0",136,42,[NULL]
0,"686,1,4",137,41,[NULL]
1,"59,1,224,1,2",137,41,[NULL]
0,"687,1,4",138,40,[NULL]
1,"0,4,64,1,224,1,0",138,40,[NULL]
0,"8,1,16,1,244,1,4",139,39,[NULL]
1,"0,4,64,1,225,1,0",139,39,[NULL]
0,"8,1,17,1,244,1,4",140,38,[NULL]
1,"0,5,17,1,491,1,0",140,38,[NULL]
0,"8,1,16,1,245,1,4",141,37,[NULL]
1,"0,4,809,1,0",141,37,[NULL]
2,"0,4,807,1,0",141,37,[NULL]
0,"8,2,315,1,4",142,36,[NULL]
1,"0,1,64,1,238,1,0",142,36,[NULL]
2,"0,5,795,1,0",142,36,[NULL]
0,"8,4,149,1,4",143,35,[NULL]
0,"8,2,16,1,167,1,4",144,34,[NULL]
0,"8,1,516,1,4",145,33,[NULL]
1,"8,3,218,1,4",145,33,[NULL]
0,718,146,32,[NULL]
1,"149,1,90",146,32,[NULL]
2,"17,1,380,1,4",146,32,[NULL]
3,"8,3,219,1,4",146,32,[NULL]
0,"17,1,260,1,11",147,31,[NULL]
1,"688,1,4",147,31,[NULL]
2,"8,2,13,1,194,1,4",147,31,[NULL]
0,"64,1,186",148,30,[NULL]
1,"260,1,41",148,30,[NULL]
2,"689,1,4",148,30,[NULL]
3,"8,1,13,2,167,1,4",148,30,[NULL]
0,"13,2,248,1,4",149,29,[NULL]
1,"8,1,517,1,4",149,29,[NULL]
2,"8,2,316,1,4",149,29,[NULL]
3,"862,1,0",149,29,[NULL]
0,"13,2,219,1,7",150,28,[NULL]
1,"8,1,518,1,4",150,28,[NULL]
2,"8,1,9,1,292,1,4",150,28,[NULL]
0,"13,2,220,1,7",151,27,[NULL]
1,"23,1,316,1,4",151,27,[NULL]
2,"8,2,318,1,4",151,27,[NULL]
3,"864,1,0",151,27,[NULL]
0,719,152,26,[NULL]
1,"625,1,7",152,26,[NULL]
2,"8,1,9,1,293,1,4",152,26,[NULL]
3,"13,1,585,1,0",152,26,[NULL]
4,"13,3,23,1,83,1,0",152,26,[NULL]
5,"0,1,853,1,0",152,26,[NULL]
0,"8,2,9,1,209,1,4",153,25,[NULL]
1,"779,1,2",153,25,[NULL]
2,"0,1,855,1,0",153,25,[NULL]
3,"0,2,832,1,0",153,25,[NULL]
0,"8,1,9,1,294,1,4",154,24,[NULL]
0,"13,3,75,1,20",155,23,[NULL]
1,"690,1,4",155,23,[NULL]
2,"9,1,13,1,261,1,4",155,23,[NULL]
0,721,156,22,[NULL]
1,720,156,22,[NULL]
2,"9,1,423,1,7",156,22,[NULL]
3,"0,1,7,1,655,1,0",156,22,[NULL]
0,722,157,21,[NULL]
1,"628,1,7",157,21,[NULL]
2,"0,1,8,1,17,1,333,1,0",157,21,[NULL]
3,"0,2,64,1,235,1,0",157,21,[NULL]
4,"0,10,743,1,0",157,21,[NULL]
0,"692,1,4",158,20,[NULL]
1,"13,2,335,1,0",158,20,[NULL]
2,"0,2,837,1,0",158,20,[NULL]
3,"0,2,836,1,0",158,20,[NULL]
0,723,159,19,[NULL]
1,"209,1,57",159,19,[NULL]
2,"629,1,7",159,19,[NULL]
3,"0,2,838,1,0",159,19,[NULL]
0,724,160,18,[NULL]
1,"630,1,7",160,18,[NULL]
2,"648,1,5",160,18,[NULL]
3,"707,1,3",160,18,[NULL]
4,"781,1,2",160,18,[NULL]
5,"865,1,0",160,18,[NULL]
6,"0,3,825,1,0",160,18,[NULL]
0,725,161,17,[NULL]
1,"212,1,56",161,17,[NULL]
2,"287,1,34",161,17,[NULL]
3,"866,1,0",161,17,[NULL]
4,"3,1,763,1,0",161,17,[NULL]
0,"324,1,27",162,16,[NULL]
1,"3,1,764,1,0",162,16,[NULL]
0,726,163,15,[NULL]
1,"450,1,20",163,15,[NULL]
2,"43,1,336,1,0",163,15,[NULL]
3,"2,1,814,1,0",163,15,[NULL]
0,"2,1,678",164,14,[NULL]
1,"213,1,56",164,14,[NULL]
2,"450,1,21",164,14,[NULL]
3,"867,1,0",164,14,[NULL]
4,"2,1,815,1,0",164,14,[NULL]
5,"0,1,858,1,0",164,14,[NULL]
6,"0,1,43,1,333,1,0",164,14,[NULL]
0,"264,1,42",165,13,[NULL]
1,"18,1,366,1,4",165,13,[NULL]
2,"788,1,1",165,13,[NULL]
3,"3,1,769,1,0",165,13,[NULL]
4,"2,1,817,1,0",165,13,[NULL]
5,"2,1,816,1,0",165,13,[NULL]
6,"0,1,861,1,0",165,13,[NULL]
7,"0,1,3,1,755,1,0",165,13,[NULL]
0,"35,1,314",166,12,[NULL]
1,"3,1,191,1,52",166,12,[NULL]
2,"18,1,367,1,4",166,12,[NULL]
3,"8,2,324,1,4",166,12,[NULL]
4,"869,1,0",166,12,[NULL]
5,"0,1,3,1,757,1,0",166,12,[NULL]
0,"696,1,4",167,11,[NULL]
1,"22,1,324,1,4",167,11,[NULL]
2,"782,1,2",167,11,[NULL]
3,"3,1,771,1,0",167,11,[NULL]
0,728,168,10,[NULL]
1,727,168,10,[NULL]
2,"23,1,324,1,4",168,10,[NULL]
3,"18,1,523,1,0",168,10,[NULL]
4,"3,1,774,1,0",168,10,[NULL]
0,"324,1,28",169,9,[NULL]
1,"18,1,524,1,0",169,9,[NULL]
2,"7,1,676,1,0",169,9,[NULL]
3,"3,1,776,1,0",169,9,[NULL]
0,729,170,8,[NULL]
1,"18,1,525,1,0",170,8,[NULL]
2,"0,2,18,1,506,1,0",170,8,[NULL]
0,"7,1,530",171,7,[NULL]
1,"4,1,18,1,324,1,2",171,7,[NULL]
2,"0,2,43,1,324,1,0",171,7,[NULL]
0,"8,1,18,1,324,1,0",172,6,[NULL]
1,"0,2,849,1,0",172,6,[NULL]
0,730,173,5,[NULL]
1,"0,2,850,1,0",173,5,[NULL]
0,"18,1,324,1,5",174,4,[NULL]
0,"0,179,0",0,179,[NULL]
0,"0,5,804,1,0",119,60,[NULL]
0,"700,1,4",124,55,[NULL]
0,"701,1,4",125,54,[NULL]
0,"554,1,11",126,53,[NULL]
0,"0,51,324,1,0",127,52,[NULL]
0,"8,2,325,1,4",128,51,[NULL]
0,"8,2,326,1,4",129,50,[NULL]
0,"8,1,17,1,253,1,4",130,49,[NULL]
0,"8,1,528,1,4",131,48,[NULL]
0,"8,4,152,1,4",132,47,[NULL]
0,"8,4,153,1,4",133,46,[NULL]
0,"16,1,402,1,4",134,45,[NULL]
1,"8,3,17,1,117,1,4",134,45,[NULL]
0,"16,1,403,1,4",135,44,[NULL]
1,"8,3,223,1,4",135,44,[NULL]
2,"871,1,0",135,44,[NULL]
0,"17,1,403,1,4",136,43,[NULL]
1,"8,6,55,1,4",136,43,[NULL]
0,"8,6,56,1,4",137,42,[NULL]
0,"8,3,224,1,4",138,41,[NULL]
1,"8,5,17,1,40,1,4",138,41,[NULL]
2,"0,5,64,1,224,1,0",138,41,[NULL]
0,"8,3,225,1,4",139,40,[NULL]
1,"8,5,100,1,4",139,40,[NULL]
2,"0,5,64,1,225,1,0",139,40,[NULL]
0,"8,1,16,1,17,1,138,1,4",140,39,[NULL]
1,"8,8,9,1,4",140,39,[NULL]
0,"8,1,17,2,138,1,4",141,38,[NULL]
1,"8,7,29,1,4",141,38,[NULL]
2,"0,5,807,1,0",141,38,[NULL]
0,"8,4,16,1,64,1,4",142,37,[NULL]
1,"8,6,9,1,23,1,4",142,37,[NULL]
2,"0,6,795,1,0",142,37,[NULL]
0,"8,4,17,1,64,1,4",143,36,[NULL]
1,"8,5,9,1,51,1,4",143,36,[NULL]
0,"64,1,184,1,4",144,35,[NULL]
1,"8,4,154,1,4",144,35,[NULL]
2,"8,4,9,1,13,3,4",144,35,[NULL]
0,731,145,34,[NULL]
1,"64,1,185,1,4",145,34,[NULL]
2,"8,3,42,1,64,1,4",145,34,[NULL]
3,"8,3,9,1,13,2,32,1,4",145,34,[NULL]
4,"64,1,244,1,0",145,34,[NULL]
5,"8,2,491,1,0",145,34,[NULL]
0,"8,1,529,1,4",146,33,[NULL]
1,"8,2,9,1,13,3,23,1,4",146,33,[NULL]
2,"8,5,101,1,4",146,33,[NULL]
3,"138,1,149,1,0",146,33,[NULL]
4,"16,1,17,1,260,1,0",146,33,[NULL]
0,"17,1,404,1,4",147,32,[NULL]
1,"8,1,9,1,13,3,51,1,4",147,32,[NULL]
2,"8,4,13,1,80,1,4",147,32,[NULL]
3,"17,2,260,1,0",147,32,[NULL]
0,"9,1,13,6,4",148,31,[NULL]
1,"8,2,64,1,72,1,4",148,31,[NULL]
2,"8,3,23,1,101,1,4",148,31,[NULL]
3,"64,1,246,1,0",148,31,[NULL]
4,"59,1,260,1,0",148,31,[NULL]
0,"9,1,13,4,32,1,7",149,30,[NULL]
1,"642,1,6",149,30,[NULL]
2,"8,2,327,1,4",149,30,[NULL]
3,"8,2,13,1,23,1,80,1,4",149,30,[NULL]
4,"0,1,862,1,0",149,30,[NULL]
0,"8,1,17,1,255,1,4",150,29,[NULL]
1,"8,1,13,3,101,1,4",150,29,[NULL]
0,"13,4,80,1,4",151,28,[NULL]
1,"8,1,530,1,4",151,28,[NULL]
0,"13,1,248,1,20",152,27,[NULL]
1,"13,2,23,1,101,1,7",152,27,[NULL]
2,"8,2,9,1,212,1,4",152,27,[NULL]
3,"5,1,627,1,2",152,27,[NULL]
0,"8,1,9,1,13,1,188,1,4",153,26,[NULL]
1,"13,2,346,1,0",153,26,[NULL]
0,"64,1,187,1,4",154,25,[NULL]
1,"9,1,13,1,267,1,4",154,25,[NULL]
0,"9,1,23,1,188,1,7",155,24,[NULL]
1,"64,1,188,1,4",155,24,[NULL]
2,"785,1,2",155,24,[NULL]
3,"8,1,655,1,0",155,24,[NULL]
0,"23,1,286,1,7",156,23,[NULL]
1,"704,1,4",156,23,[NULL]
2,"1,1,64,1,209,1,2",156,23,[NULL]
3,"875,1,0",156,23,[NULL]
4,"874,1,0",156,23,[NULL]
0,732,157,22,[NULL]
1,"23,1,287,1,7",157,22,[NULL]
2,"705,1,4",157,22,[NULL]
3,"876,1,0",157,22,[NULL]
4,"13,3,209,1,0",157,22,[NULL]
5,"0,3,64,1,235,1,0",157,22,[NULL]
6,"0,11,743,1,0",157,22,[NULL]
0,733,158,21,[NULL]
1,"640,1,7",158,21,[NULL]
2,"877,1,0",158,21,[NULL]
3,"13,2,67,1,75,1,0",158,21,[NULL]
4,"0,3,837,1,0",158,21,[NULL]
5,"0,3,836,1,0",158,21,[NULL]
0,"786,1,2",159,20,[NULL]
1,"2,1,822,1,0",159,20,[NULL]
2,"0,3,838,1,0",159,20,[NULL]
0,"13,1,408,1,7",160,19,[NULL]
1,"879,1,0",160,19,[NULL]
2,"0,1,865,1,0",160,19,[NULL]
3,"0,4,825,1,0",160,19,[NULL]
0,"0,1,725",161,18,[NULL]
1,"13,1,411,1,7",161,18,[NULL]
2,"17,1,415,1,4",161,18,[NULL]
3,"880,1,0",161,18,[NULL]
4,"0,1,3,1,763,1,0",161,18,[NULL]
0,735,162,17,[NULL]
1,734,162,17,[NULL]
2,"0,1,324,1,27",162,17,[NULL]
3,"709,1,4",162,17,[NULL]
4,"1,1,766,1,2",162,17,[NULL]
5,"0,1,3,1,764,1,0",162,17,[NULL]
0,737,163,16,[NULL]
1,736,163,16,[NULL]
2,"70,1,209,1,2",163,16,[NULL]
3,"1,1,31,1,324,1,2",163,16,[NULL]
4,"2,1,824,1,0",163,16,[NULL]
0,738,164,15,[NULL]
1,"0,2,858,1,0",164,15,[NULL]
0,739,165,14,[NULL]
1,"43,1,272",165,14,[NULL]
2,"882,1,0",165,14,[NULL]
3,"8,1,18,1,333,1,0",165,14,[NULL]
0,740,166,13,[NULL]
1,"216,1,56",166,13,[NULL]
2,"719,1,3",166,13,[NULL]
3,"8,1,659,1,0",166,13,[NULL]
4,"8,1,19,1,324,1,0",166,13,[NULL]
5,"0,1,869,1,0",166,13,[NULL]
0,741,167,12,[NULL]
1,"43,1,273",167,12,[NULL]
2,"190,1,76",167,12,[NULL]
3,"792,1,2",167,12,[NULL]
4,"883,1,0",167,12,[NULL]
5,"43,1,352,1,0",167,12,[NULL]
6,"8,1,20,1,324,1,0",167,12,[NULL]
0,742,168,11,[NULL]
1,"3,1,639",168,11,[NULL]
2,"7,1,548",168,11,[NULL]
3,"43,1,274",168,11,[NULL]
4,"884,1,0",168,11,[NULL]
5,"0,1,18,1,523,1,0",168,11,[NULL]
0,"802,1,1",169,10,[NULL]
1,"0,1,18,1,524,1,0",169,10,[NULL]
2,"0,1,7,1,676,1,0",169,10,[NULL]
0,743,170,9,[NULL]
1,"0,3,18,1,506,1,0",170,9,[NULL]
0,"18,1,324,1,6",171,8,[NULL]
1,"885,1,0",171,8,[NULL]
0,"0,1,8,1,18,1,324,1,0",172,7,[NULL]
1,"0,3,849,1,0",172,7,[NULL]
0,"0,3,850,1,0",173,6,[NULL]
0,"0,180,0",0,180,[NULL]
0,"8,1,661,1,0",124,56,[NULL]
0,"16,1,554,1,0",125,55,[NULL]
0,"17,1,554,1,0",126,54,[NULL]
0,"0,52,324,1,0",127,53,[NULL]
0,"5,1,635,1,2",131,49,[NULL]
0,"8,1,662,1,0",134,46,[NULL]
0,"8,1,663,1,0",135,45,[NULL]
1,"0,1,871,1,0",135,45,[NULL]
0,"17,1,556,1,0",136,44,[NULL]
0,"8,3,297,1,0",138,42,[NULL]
1,"0,6,64,1,224,1,0",138,42,[NULL]
0,"0,6,64,1,225,1,0",139,41,[NULL]
0,"0,6,807,1,0",141,39,[NULL]
0,"0,7,795,1,0",142,38,[NULL]
0,"16,1,64,1,137,1,0",144,36,[NULL]
0,"16,1,64,1,138,1,0",145,35,[NULL]
1,"0,1,64,1,244,1,0",145,35,[NULL]
2,"0,1,8,2,491,1,0",145,35,[NULL]
0,"0,1,138,1,149,1,0",146,34,[NULL]
1,"0,1,16,1,17,1,260,1,0",146,34,[NULL]
0,"795,1,2",147,33,[NULL]
1,"0,1,17,2,260,1,0",147,33,[NULL]
0,"0,1,64,1,246,1,0",148,32,[NULL]
1,"0,1,59,1,260,1,0",148,32,[NULL]
0,"0,2,862,1,0",149,31,[NULL]
0,"13,6,23,1,0",150,30,[NULL]
0,744,151,29,[NULL]
1,"13,6,24,1,0",151,29,[NULL]
0,"715,1,4",152,28,[NULL]
0,"642,1,7",153,27,[NULL]
0,745,154,26,[NULL]
1,"13,4,67,1,7",154,26,[NULL]
2,"64,1,254,1,0",154,26,[NULL]
0,"9,1,13,3,75,1,7",155,25,[NULL]
1,"69,1,185,1,4",155,25,[NULL]
2,"13,2,357,1,0",155,25,[NULL]
3,"0,1,8,1,655,1,0",155,25,[NULL]
0,"13,3,212,1,0",156,24,[NULL]
1,"0,1,875,1,0",156,24,[NULL]
2,"0,1,874,1,0",156,24,[NULL]
0,"887,1,0",157,23,[NULL]
1,"13,2,360,1,0",157,23,[NULL]
2,"0,1,876,1,0",157,23,[NULL]
3,"0,4,64,1,235,1,0",157,23,[NULL]
4,"0,12,743,1,0",157,23,[NULL]
0,"472,1,20",158,22,[NULL]
1,"2,1,833,1,0",158,22,[NULL]
2,"0,4,837,1,0",158,22,[NULL]
3,"0,4,836,1,0",158,22,[NULL]
0,"798,1,2",159,21,[NULL]
1,"13,3,213,1,0",159,21,[NULL]
0,"13,1,417,1,7",160,20,[NULL]
1,"0,1,879,1,0",160,20,[NULL]
2,"0,5,825,1,0",160,20,[NULL]
0,"604,1,9",161,19,[NULL]
1,"649,1,7",161,19,[NULL]
2,"648,1,7",161,19,[NULL]
3,"0,1,880,1,0",161,19,[NULL]
4,"0,2,3,1,763,1,0",161,19,[NULL]
0,746,162,18,[NULL]
1,"474,1,20",162,18,[NULL]
2,"18,1,385,1,4",162,18,[NULL]
3,"47,1,324,1,0",162,18,[NULL]
0,"9,1,450,1,7",163,17,[NULL]
1,"27,1,324,1,4",163,17,[NULL]
0,747,164,16,[NULL]
1,"3,1,189,1,56",164,16,[NULL]
0,"477,1,21",165,15,[NULL]
1,"730,1,3",165,15,[NULL]
2,"814,1,1",165,15,[NULL]
3,"2,1,843,1,0",165,15,[NULL]
4,"0,1,882,1,0",165,15,[NULL]
5,"0,1,8,1,18,1,333,1,0",165,15,[NULL]
0,748,166,14,[NULL]
1,"2,1,700",166,14,[NULL]
2,"3,1,190,1,56",166,14,[NULL]
3,"732,1,3",166,14,[NULL]
4,"815,1,1",166,14,[NULL]
5,"3,1,787,1,0",166,14,[NULL]
6,"0,1,8,1,659,1,0",166,14,[NULL]
7,"0,1,8,1,19,1,324,1,0",166,14,[NULL]
0,"3,1,197,1,52",167,13,[NULL]
1,"817,1,1",167,13,[NULL]
2,"816,1,1",167,13,[NULL]
3,"3,1,788,1,0",167,13,[NULL]
4,"0,1,43,1,352,1,0",167,13,[NULL]
5,"0,1,8,1,20,1,324,1,0",167,13,[NULL]
0,749,168,12,[NULL]
1,"3,1,198,1,52",168,12,[NULL]
2,"3,1,790,1,0",168,12,[NULL]
3,"3,1,789,1,0",168,12,[NULL]
4,"0,1,884,1,0",168,12,[NULL]
0,"392,1,25",169,11,[NULL]
1,"802,1,2",169,11,[NULL]
2,"3,1,791,1,0",169,11,[NULL]
3,"0,2,7,1,676,1,0",169,11,[NULL]
0,750,170,10,[NULL]
1,"397,1,25",170,10,[NULL]
2,"396,1,25",170,10,[NULL]
3,"43,1,368,1,0",170,10,[NULL]
4,"0,4,18,1,506,1,0",170,10,[NULL]
0,"399,1,25",171,9,[NULL]
1,"398,1,25",171,9,[NULL]
2,"3,1,794,1,0",171,9,[NULL]
3,"0,1,885,1,0",171,9,[NULL]
0,"400,1,25",172,8,[NULL]
1,"7,1,698,1,0",172,8,[NULL]
2,"0,2,8,1,18,1,324,1,0",172,8,[NULL]
3,"0,4,849,1,0",172,8,[NULL]
0,"2,1,18,1,506,1,0",173,7,[NULL]
1,"0,4,850,1,0",173,7,[NULL]
0,"324,1,29",174,6,[NULL]
1,"2,1,43,1,324,1,0",174,6,[NULL]
0,"18,1,324,1,7",175,5,[NULL]
1,"3,1,38,1,324,1,0",175,5,[NULL]
2,"2,1,849,1,0",175,5,[NULL]
0,"2,1,850,1,0",176,4,[NULL]
0,"0,181,0",0,181,[NULL]
0,"803,1,2",123,58,[NULL]
0,"0,1,8,1,661,1,0",124,57,[NULL]
0,"0,1,16,1,554,1,0",125,56,[NULL]
0,"0,1,17,1,554,1,0",126,55,[NULL]
0,"0,53,324,1,0",127,54,[NULL]
0,"0,1,8,1,662,1,0",134,47,[NULL]
0,"0,1,8,1,663,1,0",135,46,[NULL]
0,"722,1,4",138,43,[NULL]
0,751,139,42,[NULL]
1,"0,7,64,1,225,1,0",139,42,[NULL]
0,"723,1,4",140,41,[NULL]
0,"724,1,4",141,40,[NULL]
1,"0,7,807,1,0",141,40,[NULL]
0,"8,2,343,1,4",142,39,[NULL]
1,"0,8,795,1,0",142,39,[NULL]
0,"8,1,17,1,257,1,4",143,38,[NULL]
1,"64,1,224,1,2",143,38,[NULL]
0,"725,1,4",144,37,[NULL]
1,"8,2,344,1,4",144,37,[NULL]
0,"8,2,345,1,4",145,36,[NULL]
1,"0,1,16,1,64,1,138,1,0",145,36,[NULL]
2,"0,2,64,1,244,1,0",145,36,[NULL]
0,"8,4,160,1,4",146,35,[NULL]
1,"807,1,2",146,35,[NULL]
2,"0,2,138,1,149,1,0",146,35,[NULL]
0,"8,3,232,1,4",147,34,[NULL]
1,"0,2,17,2,260,1,0",147,34,[NULL]
0,"64,1,149,1,10",148,33,[NULL]
1,"8,1,16,1,260,1,4",148,33,[NULL]
2,"8,3,233,1,4",148,33,[NULL]
3,"0,2,64,1,246,1,0",148,33,[NULL]
4,"0,2,59,1,260,1,0",148,33,[NULL]
0,"598,1,10",149,32,[NULL]
1,"8,1,17,1,260,1,4",149,32,[NULL]
2,"8,2,9,1,219,1,4",149,32,[NULL]
3,"0,3,862,1,0",149,32,[NULL]
0,"17,1,292,1,10",150,31,[NULL]
1,"726,1,4",150,31,[NULL]
2,"8,1,9,1,13,1,194,1,4",150,31,[NULL]
3,"5,1,642,1,2",150,31,[NULL]
0,"42,1,260,1,4",151,30,[NULL]
1,"9,1,13,2,167,1,4",151,30,[NULL]
2,"8,1,549,1,4",151,30,[NULL]
0,"9,1,13,1,248,1,7",152,29,[NULL]
1,"8,2,347,1,4",152,29,[NULL]
2,"8,2,346,1,4",152,29,[NULL]
0,"8,1,550,1,4",153,28,[NULL]
1,"8,1,13,1,292,1,4",153,28,[NULL]
0,"23,1,346,1,4",154,27,[NULL]
1,"8,2,348,1,4",154,27,[NULL]
0,752,155,26,[NULL]
1,"13,1,486",155,26,[NULL]
2,"13,3,23,1,62",155,26,[NULL]
3,"23,1,292,1,7",155,26,[NULL]
4,"8,2,350,1,4",155,26,[NULL]
0,753,156,25,[NULL]
1,"13,3,83,1,20",156,25,[NULL]
2,"8,2,13,1,209,1,4",156,25,[NULL]
3,"13,4,133,1,0",156,25,[NULL]
0,"8,1,13,1,294,1,4",157,24,[NULL]
1,"13,4,134,1,0",157,24,[NULL]
2,"0,5,64,1,235,1,0",157,24,[NULL]
3,"0,13,743,1,0",157,24,[NULL]
0,"655,1,7",158,23,[NULL]
1,"13,2,261,1,4",158,23,[NULL]
2,"0,5,836,1,0",158,23,[NULL]
0,755,159,22,[NULL]
1,754,159,22,[NULL]
2,"64,1,196",159,22,[NULL]
3,"13,1,423,1,7",159,22,[NULL]
0,756,160,21,[NULL]
1,"13,1,23,1,181,1,7",160,21,[NULL]
2,"729,1,4",160,21,[NULL]
3,"2,1,857,1,0",160,21,[NULL]
4,"0,2,879,1,0",160,21,[NULL]
0,757,161,20,[NULL]
1,"212,1,62",161,20,[NULL]
2,"822,1,1",161,20,[NULL]
3,"13,1,618,1,0",161,20,[NULL]
0,758,162,19,[NULL]
1,"417,1,24",162,19,[NULL]
2,"13,1,619,1,0",162,19,[NULL]
0,760,163,18,[NULL]
1,759,163,18,[NULL]
2,"13,1,620,1,0",163,18,[NULL]
0,761,164,17,[NULL]
1,"1,1,736",164,17,[NULL]
2,"213,1,62",164,17,[NULL]
3,"107,1,174,1,1",164,17,[NULL]
4,"891,1,0",164,17,[NULL]
5,"13,2,373,1,0",164,17,[NULL]
0,763,165,16,[NULL]
1,762,165,16,[NULL]
2,"824,1,1",165,16,[NULL]
3,"95,1,213,1,0",165,16,[NULL]
4,"13,2,376,1,0",165,16,[NULL]
0,764,166,15,[NULL]
1,"324,1,30",166,15,[NULL]
2,"485,1,21",166,15,[NULL]
0,767,167,14,[NULL]
1,766,167,14,[NULL]
2,765,167,14,[NULL]
3,"76,1,239,1,0",167,14,[NULL]
4,"0,1,3,1,788,1,0",167,14,[NULL]
0,769,168,13,[NULL]
1,768,168,13,[NULL]
2,"2,1,713",168,13,[NULL]
3,"235,1,52",168,13,[NULL]
4,"18,1,414,1,4",168,13,[NULL]
5,"0,1,3,1,789,1,0",168,13,[NULL]
6,"0,2,884,1,0",168,13,[NULL]
0,770,169,12,[NULL]
1,"43,1,283",169,12,[NULL]
2,"18,1,415,1,4",169,12,[NULL]
3,"8,1,9,1,324,1,4",169,12,[NULL]
4,"7,1,633,1,2",169,12,[NULL]
5,"0,3,7,1,676,1,0",169,12,[NULL]
0,"18,1,427",170,11,[NULL]
1,"324,1,31",170,11,[NULL]
2,"29,1,324,1,4",170,11,[NULL]
3,"893,1,0",170,11,[NULL]
4,"0,5,18,1,506,1,0",170,11,[NULL]
0,771,171,10,[NULL]
1,"3,1,668",171,10,[NULL]
2,"324,1,32",171,10,[NULL]
3,"819,1,2",171,10,[NULL]
0,"38,1,331",172,9,[NULL]
1,"5,1,18,1,324,1,2",172,9,[NULL]
2,"0,1,7,1,698,1,0",172,9,[NULL]
3,"0,5,849,1,0",172,9,[NULL]
0,"43,1,285",173,8,[NULL]
1,"660,1,7",173,8,[NULL]
2,"0,5,850,1,0",173,8,[NULL]
0,"750,1,3",174,7,[NULL]
1,"894,1,0",174,7,[NULL]
0,"9,1,18,1,324,1,0",175,6,[NULL]
0,"0,182,0",0,182,[NULL]
0,772,123,59,[NULL]
0,"0,2,17,1,554,1,0",126,56,[NULL]
0,"8,1,553,1,4",127,55,[NULL]
1,"0,54,324,1,0",127,55,[NULL]
0,"8,1,554,1,4",128,54,[NULL]
0,"17,1,296,1,10",129,53,[NULL]
0,"736,1,4",130,52,[NULL]
0,"8,3,236,1,4",131,51,[NULL]
0,"8,2,16,1,183,1,4",132,50,[NULL]
0,"8,2,17,1,183,1,4",133,49,[NULL]
0,773,134,48,[NULL]
1,"8,2,354,1,4",134,48,[NULL]
0,"8,5,110,1,4",135,47,[NULL]
0,"8,5,111,1,4",136,46,[NULL]
0,"8,1,555,1,4",137,45,[NULL]
1,"8,3,16,1,17,1,50,1,4",137,45,[NULL]
0,"8,1,556,1,4",138,44,[NULL]
1,"8,4,161,1,4",138,44,[NULL]
2,"8,1,685,1,0",138,44,[NULL]
0,"17,1,433,1,4",139,43,[NULL]
1,"8,7,31,1,4",139,43,[NULL]
0,"8,6,16,1,17,1,4",140,42,[NULL]
0,"8,3,237,1,4",141,41,[NULL]
1,"8,6,17,2,4",141,41,[NULL]
2,"0,8,807,1,0",141,41,[NULL]
0,"8,3,238,1,4",142,40,[NULL]
1,"8,6,60,1,4",142,40,[NULL]
2,"0,9,795,1,0",142,40,[NULL]
0,"8,2,17,1,185,1,4",143,39,[NULL]
1,"8,8,13,1,4",143,39,[NULL]
0,"8,1,17,2,147,1,4",144,38,[NULL]
1,"8,7,32,1,4",144,38,[NULL]
2,"896,1,0",144,38,[NULL]
0,774,145,37,[NULL]
1,"8,5,112,1,4",145,37,[NULL]
2,"8,6,13,1,23,1,4",145,37,[NULL]
3,"0,3,64,1,244,1,0",145,37,[NULL]
0,"8,5,113,1,4",146,36,[NULL]
1,"8,5,13,1,51,1,4",146,36,[NULL]
2,"0,3,138,1,149,1,0",146,36,[NULL]
0,"8,1,64,1,137,1,4",147,35,[NULL]
1,"8,4,162,1,4",147,35,[NULL]
2,"8,4,13,4,4",147,35,[NULL]
3,"0,3,17,2,260,1,0",147,35,[NULL]
0,"8,1,64,1,138,1,4",148,34,[NULL]
1,"8,3,23,1,113,1,4",148,34,[NULL]
2,"8,3,13,3,32,1,4",148,34,[NULL]
3,"64,1,257,1,0",148,34,[NULL]
4,"8,2,516,1,0",148,34,[NULL]
5,"0,3,64,1,246,1,0",148,34,[NULL]
6,"0,3,59,1,260,1,0",148,34,[NULL]
0,"8,1,557,1,4",149,33,[NULL]
1,"8,2,13,4,23,1,4",149,33,[NULL]
2,"8,4,9,1,101,1,4",149,33,[NULL]
3,"8,1,17,1,380,1,0",149,33,[NULL]
4,"0,4,862,1,0",149,33,[NULL]
0,"8,1,559,1,4",150,32,[NULL]
1,"8,1,13,4,51,1,4",150,32,[NULL]
2,"8,3,9,1,13,1,80,1,4",150,32,[NULL]
0,"13,7,4",151,31,[NULL]
1,"8,2,16,1,187,1,4",151,31,[NULL]
2,"8,2,9,1,23,1,101,1,4",151,31,[NULL]
0,"13,5,32,1,7",152,30,[NULL]
1,"8,1,9,1,13,1,23,1,80,1,4",152,30,[NULL]
2,"8,2,16,1,188,1,4",152,30,[NULL]
0,"13,5,33,1,7",153,29,[NULL]
1,"9,1,13,3,101,1,4",153,29,[NULL]
2,"8,2,17,1,188,1,4",153,29,[NULL]
3,"13,3,219,1,0",153,29,[NULL]
0,"9,1,13,3,80,1,7",154,28,[NULL]
1,"8,1,17,1,267,1,4",154,28,[NULL]
2,"64,1,260,1,0",154,28,[NULL]
3,"13,3,220,1,0",154,28,[NULL]
0,775,155,27,[NULL]
1,"2,1,719",155,27,[NULL]
2,"8,2,13,1,212,1,4",155,27,[NULL]
3,"897,1,0",155,27,[NULL]
0,777,156,26,[NULL]
1,776,156,26,[NULL]
2,"8,1,13,2,188,1,4",156,26,[NULL]
0,"23,1,303,1,7",157,25,[NULL]
1,"64,1,201,1,4",157,25,[NULL]
2,"13,2,267,1,4",157,25,[NULL]
3,"898,1,0",157,25,[NULL]
4,"0,14,743,1,0",157,25,[NULL]
0,"260,1,44",158,24,[NULL]
1,"13,1,23,1,188,1,7",158,24,[NULL]
2,"9,1,472,1,7",158,24,[NULL]
3,"72,1,188,1,4",158,24,[NULL]
4,"900,1,0",158,24,[NULL]
5,"899,1,0",158,24,[NULL]
6,"8,1,690,1,0",158,24,[NULL]
7,"0,6,836,1,0",158,24,[NULL]
0,"13,1,23,1,189,1,7",159,23,[NULL]
1,"739,1,4",159,23,[NULL]
2,"738,1,4",159,23,[NULL]
3,"903,1,0",159,23,[NULL]
4,"902,1,0",159,23,[NULL]
5,"901,1,0",159,23,[NULL]
0,778,160,22,[NULL]
1,"668,1,7",160,22,[NULL]
2,"833,1,1",160,22,[NULL]
3,"13,1,628,1,0",160,22,[NULL]
0,780,161,21,[NULL]
1,779,161,21,[NULL]
2,"13,1,261,1,20",161,21,[NULL]
3,"13,1,23,1,190,1,7",161,21,[NULL]
4,"904,1,0",161,21,[NULL]
0,"0,1,758",162,20,[NULL]
1,"209,1,69",162,20,[NULL]
2,"286,1,42",162,20,[NULL]
3,"9,1,474,1,7",162,20,[NULL]
4,"101,1,209,1,0",162,20,[NULL]
5,"13,1,629,1,0",162,20,[NULL]
0,"618,1,9",163,19,[NULL]
1,"8,2,367,1,4",163,19,[NULL]
2,"835,1,1",163,19,[NULL]
3,"905,1,0",163,19,[NULL]
0,"8,1,562,1,4",164,18,[NULL]
1,"41,1,324,1,2",164,18,[NULL]
2,"838,1,1",164,18,[NULL]
3,"2,1,866,1,0",164,18,[NULL]
4,"0,1,891,1,0",164,18,[NULL]
0,781,165,17,[NULL]
1,"825,1,2",165,17,[NULL]
2,"840,1,1",165,17,[NULL]
3,"908,1,0",165,17,[NULL]
4,"906,1,0",165,17,[NULL]
5,"49,1,324,1,0",165,17,[NULL]
0,"67,1,197",166,16,[NULL]
1,"43,1,67,1,56",166,16,[NULL]
2,"909,1,0",166,16,[NULL]
3,"50,1,324,1,0",166,16,[NULL]
0,"673,1,7",167,15,[NULL]
1,"3,1,732,1,2",167,15,[NULL]
2,"844,1,1",167,15,[NULL]
3,"843,1,1",167,15,[NULL]
4,"910,1,0",167,15,[NULL]
0,"3,1,197,1,56",168,14,[NULL]
1,"675,1,7",168,14,[NULL]
2,"674,1,7",168,14,[NULL]
3,"826,1,2",168,14,[NULL]
4,"911,1,0",168,14,[NULL]
5,"3,1,815,1,0",168,14,[NULL]
0,"239,1,52",169,13,[NULL]
1,"8,1,18,1,367,1,0",169,13,[NULL]
2,"8,3,324,1,0",169,13,[NULL]
3,"3,1,817,1,0",169,13,[NULL]
4,"3,2,719,1,0",169,13,[NULL]
5,"0,4,7,1,676,1,0",169,13,[NULL]
0,"43,1,293",170,12,[NULL]
1,"756,1,3",170,12,[NULL]
2,"912,1,0",170,12,[NULL]
3,"43,1,392,1,0",170,12,[NULL]
4,"8,1,696,1,0",170,12,[NULL]
5,"8,1,22,1,324,1,0",170,12,[NULL]
6,"0,1,893,1,0",170,12,[NULL]
0,782,171,11,[NULL]
1,"43,1,294",171,11,[NULL]
2,"240,1,52",171,11,[NULL]
3,"43,1,397,1,0",171,11,[NULL]
4,"43,1,396,1,0",171,11,[NULL]
5,"18,1,563,1,0",171,11,[NULL]
6,"3,1,818,1,0",171,11,[NULL]
0,783,172,10,[NULL]
1,"241,1,52",172,10,[NULL]
2,"847,1,1",172,10,[NULL]
3,"51,1,324,1,0",172,10,[NULL]
4,"43,1,399,1,0",172,10,[NULL]
5,"43,1,398,1,0",172,10,[NULL]
6,"18,1,565,1,0",172,10,[NULL]
7,"0,6,849,1,0",172,10,[NULL]
0,"242,1,52",173,9,[NULL]
1,"52,1,324,1,0",173,9,[NULL]
2,"43,1,400,1,0",173,9,[NULL]
3,"9,1,660,1,0",173,9,[NULL]
4,"0,6,850,1,0",173,9,[NULL]
0,"163,1,96",174,8,[NULL]
1,"699,1,5",174,8,[NULL]
2,"0,1,894,1,0",174,8,[NULL]
0,"18,1,506,1,1",175,7,[NULL]
1,"913,1,0",175,7,[NULL]
2,"0,1,9,1,18,1,324,1,0",175,7,[NULL]
0,"43,1,324,1,1",176,6,[NULL]
1,"914,1,0",176,6,[NULL]
2,"10,1,18,1,324,1,0",176,6,[NULL]
0,"3,1,324,1,25",177,5,[NULL]
1,"849,1,1",177,5,[NULL]
2,"11,1,18,1,324,1,0",177,5,[NULL]
0,"850,1,1",178,4,[NULL]
0,"0,183,0",0,183,[NULL]
0,"0,1,772",123,60,[NULL]
0,"1,1,803,1,2",124,59,[NULL]
0,"0,3,17,1,554,1,0",126,57,[NULL]
0,"8,1,700,1,0",127,56,[NULL]
1,"0,55,324,1,0",127,56,[NULL]
0,"8,1,701,1,0",128,55,[NULL]
0,"916,1,0",133,50,[NULL]
0,"917,1,0",134,49,[NULL]
0,"685,1,6",137,46,[NULL]
1,"8,1,16,1,402,1,0",137,46,[NULL]
0,"8,1,16,1,403,1,0",138,45,[NULL]
1,"0,1,8,1,685,1,0",138,45,[NULL]
0,"8,1,17,1,403,1,0",139,44,[NULL]
0,"829,1,2",140,43,[NULL]
0,"0,9,807,1,0",141,42,[NULL]
0,"0,10,795,1,0",142,41,[NULL]
0,"1,1,64,1,224,1,2",144,39,[NULL]
1,"0,1,896,1,0",144,39,[NULL]
0,"918,1,0",145,38,[NULL]
1,"0,4,64,1,244,1,0",145,38,[NULL]
0,"0,4,138,1,149,1,0",146,37,[NULL]
0,"8,1,64,1,184,1,0",147,36,[NULL]
1,"0,4,17,2,260,1,0",147,36,[NULL]
0,"0,1,8,2,516,1,0",148,35,[NULL]
1,"0,4,64,1,246,1,0",148,35,[NULL]
2,"0,4,59,1,260,1,0",148,35,[NULL]
0,"0,1,8,1,17,1,380,1,0",149,34,[NULL]
1,"0,5,862,1,0",149,34,[NULL]
0,785,153,30,[NULL]
1,784,153,30,[NULL]
0,"13,6,20",154,29,[NULL]
1,"753,1,4",154,29,[NULL]
2,"0,1,64,1,260,1,0",154,29,[NULL]
0,786,155,28,[NULL]
1,"64,1,203",155,28,[NULL]
2,"13,3,23,1,101,1,0",155,28,[NULL]
3,"0,1,897,1,0",155,28,[NULL]
0,"921,1,0",156,27,[NULL]
1,"919,1,0",156,27,[NULL]
0,"0,1,898,1,0",157,26,[NULL]
1,"0,15,743,1,0",157,26,[NULL]
0,"219,1,62",158,25,[NULL]
1,"13,4,75,1,7",158,25,[NULL]
2,"832,1,2",158,25,[NULL]
3,"0,1,8,1,690,1,0",158,25,[NULL]
4,"0,7,836,1,0",158,25,[NULL]
0,"13,1,266,1,20",159,24,[NULL]
1,"13,4,76,1,7",159,24,[NULL]
2,"13,1,23,1,286,1,0",159,24,[NULL]
3,"0,1,903,1,0",159,24,[NULL]
4,"0,1,901,1,0",159,24,[NULL]
0,787,160,23,[NULL]
1,"13,1,267,1,20",160,23,[NULL]
2,"834,1,2",160,23,[NULL]
3,"922,1,0",160,23,[NULL]
4,"13,1,23,1,287,1,0",160,23,[NULL]
5,"2,1,876,1,0",160,23,[NULL]
0,"0,1,779",161,22,[NULL]
1,"188,1,86",161,22,[NULL]
2,"13,1,640,1,0",161,22,[NULL]
3,"2,1,877,1,0",161,22,[NULL]
0,"51,1,257",162,21,[NULL]
1,"64,1,235,1,2",162,21,[NULL]
2,"857,1,1",162,21,[NULL]
0,788,163,20,[NULL]
1,"23,1,213,1,20",163,20,[NULL]
2,"836,1,2",163,20,[NULL]
3,"13,2,408,1,0",163,20,[NULL]
0,789,164,19,[NULL]
1,"324,1,33",164,19,[NULL]
2,"677,1,7",164,19,[NULL]
3,"838,1,2",164,19,[NULL]
4,"13,2,411,1,0",164,19,[NULL]
5,"0,2,891,1,0",164,19,[NULL]
0,"630,1,9",165,18,[NULL]
1,"679,1,7",165,18,[NULL]
2,"707,1,5",165,18,[NULL]
3,"763,1,3",165,18,[NULL]
4,"0,1,908,1,0",165,18,[NULL]
5,"0,1,49,1,324,1,0",165,18,[NULL]
0,"13,1,450,1,7",166,17,[NULL]
1,"764,1,3",166,17,[NULL]
2,"923,1,0",166,17,[NULL]
3,"0,1,50,1,324,1,0",166,17,[NULL]
0,"682,1,7",167,16,[NULL]
1,"681,1,7",167,16,[NULL]
2,"843,1,2",167,16,[NULL]
3,"842,1,2",167,16,[NULL]
4,"3,1,825,1,0",167,16,[NULL]
0,791,168,15,[NULL]
1,790,168,15,[NULL]
2,"2,1,739",168,15,[NULL]
3,"3,2,730,1,0",168,15,[NULL]
4,"0,1,911,1,0",168,15,[NULL]
5,"0,1,3,1,815,1,0",168,15,[NULL]
0,"235,1,56",169,14,[NULL]
1,"504,1,20",169,14,[NULL]
2,"43,1,412,1,0",169,14,[NULL]
3,"0,1,8,3,324,1,0",169,14,[NULL]
4,"0,1,3,1,817,1,0",169,14,[NULL]
5,"0,1,3,2,719,1,0",169,14,[NULL]
0,"924,1,0",170,13,[NULL]
1,"0,1,912,1,0",170,13,[NULL]
2,"0,1,43,1,392,1,0",170,13,[NULL]
3,"0,1,8,1,22,1,324,1,0",170,13,[NULL]
4,"0,2,893,1,0",170,13,[NULL]
0,"42,1,324,1,2",171,12,[NULL]
1,"2,1,884,1,0",171,12,[NULL]
2,"0,1,43,1,397,1,0",171,12,[NULL]
0,"0,1,43,1,398,1,0",172,11,[NULL]
1,"0,7,849,1,0",172,11,[NULL]
0,"43,1,306",173,10,[NULL]
1,"506,1,20",173,10,[NULL]
2,"0,7,850,1,0",173,10,[NULL]
0,"3,1,696",174,9,[NULL]
1,"506,1,21",174,9,[NULL]
2,"2,1,885,1,0",174,9,[NULL]
0,"18,1,506,1,2",175,8,[NULL]
1,"53,1,324,1,0",175,8,[NULL]
0,"849,1,2",177,6,[NULL]
0,"324,1,34",178,5,[NULL]
1,"850,1,2",178,5,[NULL]
0,"0,184,0",0,184,[NULL]
0,"926,1,0",123,61,[NULL]
0,"758,1,4",124,60,[NULL]
0,"0,4,17,1,554,1,0",126,58,[NULL]
0,"0,1,8,1,700,1,0",127,57,[NULL]
1,"0,56,324,1,0",127,57,[NULL]
0,"0,1,8,1,701,1,0",128,56,[NULL]
0,"0,1,916,1,0",133,51,[NULL]
0,"0,1,917,1,0",134,50,[NULL]
0,"0,1,8,1,16,1,402,1,0",137,47,[NULL]
0,"0,1,8,1,16,1,403,1,0",138,46,[NULL]
0,"16,1,452,1,4",141,43,[NULL]
1,"0,10,807,1,0",141,43,[NULL]
0,"17,1,452,1,4",142,42,[NULL]
1,"0,11,795,1,0",142,42,[NULL]
0,"49,1,245,1,4",143,41,[NULL]
0,"8,1,572,1,4",144,40,[NULL]
0,"8,3,244,1,4",145,39,[NULL]
1,"0,5,64,1,244,1,0",145,39,[NULL]
0,"8,1,16,1,17,1,149,1,4",146,38,[NULL]
1,"0,5,138,1,149,1,0",146,38,[NULL]
0,"759,1,4",147,37,[NULL]
1,"8,3,245,1,4",147,37,[NULL]
0,"8,3,247,1,4",148,36,[NULL]
1,"0,5,59,1,260,1,0",148,36,[NULL]
0,"8,4,166,1,4",149,35,[NULL]
0,"8,4,167,1,4",150,34,[NULL]
0,"64,1,206,1,4",151,33,[NULL]
1,"8,2,380,1,4",151,33,[NULL]
2,"8,3,248,1,4",151,33,[NULL]
0,"491,1,22",152,32,[NULL]
1,"113,1,149,1,4",152,32,[NULL]
2,"8,1,17,1,278,1,4",152,32,[NULL]
3,"8,2,13,1,219,1,4",152,32,[NULL]
4,"149,2,0",152,32,[NULL]
0,"17,1,454,1,4",153,31,[NULL]
1,"8,1,573,1,4",153,31,[NULL]
2,"8,1,13,2,194,1,4",153,31,[NULL]
3,"927,1,0",153,31,[NULL]
0,"42,1,278,1,4",154,30,[NULL]
1,"13,3,167,1,4",154,30,[NULL]
2,"8,1,574,1,4",154,30,[NULL]
3,"0,2,64,1,260,1,0",154,30,[NULL]
0,"13,2,248,1,7",155,29,[NULL]
1,"8,1,9,1,346,1,4",155,29,[NULL]
2,"8,2,382,1,4",155,29,[NULL]
3,"64,1,274,1,0",155,29,[NULL]
4,"0,2,897,1,0",155,29,[NULL]
0,"13,3,150,1,7",156,28,[NULL]
1,"64,1,187,1,6",156,28,[NULL]
2,"9,1,13,1,292,1,4",156,28,[NULL]
3,"8,2,383,1,4",156,28,[NULL]
4,"13,1,642,1,0",156,28,[NULL]
5,"0,1,921,1,0",156,28,[NULL]
6,"0,1,919,1,0",156,28,[NULL]
0,"627,1,10",157,27,[NULL]
1,"23,1,316,1,7",157,27,[NULL]
2,"8,3,250,1,4",157,27,[NULL]
3,"23,1,537,1,0",157,27,[NULL]
4,"13,5,67,1,0",157,27,[NULL]
5,"0,2,898,1,0",157,27,[NULL]
0,792,158,26,[NULL]
1,"8,2,384,1,4",158,26,[NULL]
0,"8,1,9,1,13,1,209,1,4",159,25,[NULL]
1,"856,1,2",159,25,[NULL]
0,793,160,24,[NULL]
1,"13,3,95,1,20",160,24,[NULL]
2,"9,1,13,1,294,1,4",160,24,[NULL]
3,"3,1,832,1,0",160,24,[NULL]
0,"690,1,7",161,23,[NULL]
1,"9,1,13,1,261,1,7",161,23,[NULL]
2,"64,1,209,1,4",161,23,[NULL]
3,"929,1,0",161,23,[NULL]
0,"1,1,779",162,22,[NULL]
1,"760,1,4",162,22,[NULL]
2,"857,1,2",162,22,[NULL]
3,"67,1,266,1,0",162,22,[NULL]
0,795,163,21,[NULL]
1,794,163,21,[NULL]
2,"761,1,4",163,21,[NULL]
3,"64,1,239,1,2",163,21,[NULL]
4,"930,1,0",163,21,[NULL]
5,"67,1,267,1,0",163,21,[NULL]
6,"13,2,417,1,0",163,21,[NULL]
0,796,164,20,[NULL]
1,"13,1,513",164,20,[NULL]
2,"692,1,7",164,20,[NULL]
3,"691,1,7",164,20,[NULL]
4,"68,1,267,1,0",164,20,[NULL]
5,"0,3,891,1,0",164,20,[NULL]
0,797,165,19,[NULL]
1,"931,1,0",165,19,[NULL]
2,"0,2,908,1,0",165,19,[NULL]
3,"0,2,49,1,324,1,0",165,19,[NULL]
0,"13,1,516",166,18,[NULL]
1,"275,1,44",166,18,[NULL]
2,"866,1,1",166,18,[NULL]
3,"3,1,838,1,0",166,18,[NULL]
4,"0,2,50,1,324,1,0",166,18,[NULL]
0,798,167,17,[NULL]
1,"766,1,4",167,17,[NULL]
2,"932,1,0",167,17,[NULL]
3,"0,1,3,1,825,1,0",167,17,[NULL]
0,800,168,16,[NULL]
1,799,168,16,[NULL]
2,"250,1,52",168,16,[NULL]
3,"450,1,24",168,16,[NULL]
4,"31,1,324,1,4",168,16,[NULL]
5,"3,1,841,1,0",168,16,[NULL]
0,801,169,15,[NULL]
1,"17,1,324,1,10",169,15,[NULL]
2,"1,1,826,1,2",169,15,[NULL]
3,"933,1,0",169,15,[NULL]
4,"3,1,843,1,0",169,15,[NULL]
0,"239,1,56",170,14,[NULL]
1,"860,1,2",170,14,[NULL]
2,"934,1,0",170,14,[NULL]
0,"251,1,52",171,13,[NULL]
1,"333,1,34",171,13,[NULL]
2,"719,1,5",171,13,[NULL]
3,"18,1,443,1,4",171,13,[NULL]
4,"936,1,0",171,13,[NULL]
5,"935,1,0",171,13,[NULL]
0,803,172,12,[NULL]
1,802,172,12,[NULL]
2,"43,1,314",172,12,[NULL]
3,"240,1,56",172,12,[NULL]
4,"18,1,445,1,4",172,12,[NULL]
5,"8,1,13,1,324,1,4",172,12,[NULL]
6,"937,1,0",172,12,[NULL]
0,"43,1,317",173,11,[NULL]
1,"43,1,316",173,11,[NULL]
2,"241,1,56",173,11,[NULL]
3,"696,1,7",173,11,[NULL]
4,"32,1,324,1,4",173,11,[NULL]
5,"938,1,0",173,11,[NULL]
6,"7,1,746,1,0",173,11,[NULL]
0,"43,1,319",174,10,[NULL]
1,"43,1,318",174,10,[NULL]
2,"23,1,324,1,7",174,10,[NULL]
3,"18,1,368,1,7",174,10,[NULL]
4,"3,1,847,1,0",174,10,[NULL]
0,"43,1,320",175,9,[NULL]
1,"699,1,7",175,9,[NULL]
2,"24,1,324,1,7",175,9,[NULL]
0,"18,1,448",176,8,[NULL]
1,"25,1,324,1,7",176,8,[NULL]
0,804,177,7,[NULL]
1,"324,1,35",177,7,[NULL]
2,"54,1,324,1,0",177,7,[NULL]
0,805,178,6,[NULL]
1,"2,1,18,1,324,1,7",178,6,[NULL]
2,"3,1,43,1,324,1,0",178,6,[NULL]
3,"2,2,849,1,0",178,6,[NULL]
0,"18,1,324,1,8",179,5,[NULL]
1,"2,2,850,1,0",179,5,[NULL]
0,"0,185,0",0,185,[NULL]
0,"0,57,324,1,0",127,58,[NULL]
0,"8,1,578,1,4",130,55,[NULL]
0,806,131,54,[NULL]
1,"8,1,579,1,4",131,54,[NULL]
0,"17,1,470,1,4",132,53,[NULL]
0,"777,1,4",133,52,[NULL]
1,"0,2,916,1,0",133,52,[NULL]
0,"8,3,252,1,4",134,51,[NULL]
1,"0,2,917,1,0",134,51,[NULL]
0,"8,3,253,1,4",135,50,[NULL]
0,"635,1,10",136,49,[NULL]
1,"8,2,17,1,200,1,4",136,49,[NULL]
0,"636,1,10",137,48,[NULL]
1,"8,2,401,1,4",137,48,[NULL]
0,"8,5,116,1,4",138,47,[NULL]
1,"5,1,685,1,2",138,47,[NULL]
0,"8,5,117,1,4",139,46,[NULL]
0,"8,2,402,1,4",140,45,[NULL]
1,"8,4,17,1,78,1,4",140,45,[NULL]
0,"8,2,403,1,4",141,44,[NULL]
1,"8,4,171,1,4",141,44,[NULL]
2,"8,1,722,1,0",141,44,[NULL]
3,"0,11,807,1,0",141,44,[NULL]
0,"16,1,17,1,225,1,4",142,43,[NULL]
1,"8,7,39,1,4",142,43,[NULL]
2,"0,12,795,1,0",142,43,[NULL]
0,"17,2,225,1,4",143,42,[NULL]
1,"8,7,40,1,4",143,42,[NULL]
0,"8,3,16,1,137,1,4",144,41,[NULL]
1,"8,6,17,1,20,1,4",144,41,[NULL]
0,"8,3,16,1,138,1,4",145,40,[NULL]
1,"8,6,63,1,4",145,40,[NULL]
2,"0,6,64,1,244,1,0",145,40,[NULL]
0,"8,3,17,1,138,1,4",146,39,[NULL]
1,"8,7,9,1,13,1,4",146,39,[NULL]
0,"8,2,42,1,137,1,4",147,38,[NULL]
1,"8,6,9,1,32,1,4",147,38,[NULL]
2,"8,1,725,1,0",147,38,[NULL]
0,"778,1,4",148,37,[NULL]
1,"8,5,9,1,13,1,23,1,4",148,37,[NULL]
2,"8,6,64,1,4",148,37,[NULL]
0,"8,4,9,1,13,1,51,1,4",149,36,[NULL]
1,"8,5,118,1,4",149,36,[NULL]
0,"8,1,64,1,146,1,4",150,35,[NULL]
1,"8,3,9,1,13,4,4",150,35,[NULL]
2,"8,4,17,1,80,1,4",150,35,[NULL]
0,"8,1,64,1,147,1,4",151,34,[NULL]
1,"8,2,9,1,13,3,32,1,4",151,34,[NULL]
2,"8,4,173,1,4",151,34,[NULL]
3,"8,2,16,1,260,1,0",151,34,[NULL]
0,"8,1,9,1,13,4,23,1,4",152,33,[NULL]
1,"8,2,404,1,4",152,33,[NULL]
2,"8,4,13,1,101,1,4",152,33,[NULL]
3,"8,2,17,1,260,1,0",152,33,[NULL]
4,"0,1,149,2,0",152,33,[NULL]
0,"9,1,13,4,51,1,4",153,32,[NULL]
1,"8,1,580,1,4",153,32,[NULL]
2,"8,3,13,2,80,1,4",153,32,[NULL]
3,"0,1,927,1,0",153,32,[NULL]
0,"9,1,13,6,7",154,31,[NULL]
1,"8,2,13,1,23,1,101,1,4",154,31,[NULL]
2,"8,3,254,1,4",154,31,[NULL]
3,"862,1,2",154,31,[NULL]
4,"0,3,64,1,260,1,0",154,31,[NULL]
0,"8,1,13,2,23,1,80,1,4",155,30,[NULL]
1,"8,3,255,1,4",155,30,[NULL]
2,"0,1,64,1,274,1,0",155,30,[NULL]
3,"0,3,897,1,0",155,30,[NULL]
0,"13,4,101,1,4",156,29,[NULL]
1,"8,2,20,1,188,1,4",156,29,[NULL]
2,"0,2,921,1,0",156,29,[NULL]
3,"0,2,919,1,0",156,29,[NULL]
0,"13,2,167,1,20",157,28,[NULL]
1,"13,4,80,1,7",157,28,[NULL]
2,"8,1,20,1,267,1,4",157,28,[NULL]
3,"64,1,278,1,0",157,28,[NULL]
4,"0,3,898,1,0",157,28,[NULL]
0,808,158,27,[NULL]
1,807,158,27,[NULL]
2,"8,1,9,1,13,1,212,1,4",158,27,[NULL]
3,"940,1,0",158,27,[NULL]
4,"13,1,23,1,292,1,0",158,27,[NULL]
0,"779,1,4",159,26,[NULL]
1,"9,1,13,2,188,1,4",159,26,[NULL]
0,"9,1,13,1,267,1,7",160,25,[NULL]
1,"64,1,212,1,4",160,25,[NULL]
0,809,161,24,[NULL]
1,"13,1,472,1,7",161,24,[NULL]
2,"79,1,188,1,4",161,24,[NULL]
3,"64,1,279,1,0",161,24,[NULL]
4,"9,1,690,1,0",161,24,[NULL]
5,"0,1,929,1,0",161,24,[NULL]
0,810,162,23,[NULL]
1,"13,1,473,1,7",162,23,[NULL]
2,"80,1,188,1,4",162,23,[NULL]
3,"17,1,475,1,4",162,23,[NULL]
4,"876,1,1",162,23,[NULL]
5,"941,1,0",162,23,[NULL]
6,"13,2,423,1,0",162,23,[NULL]
7,"0,1,67,1,266,1,0",162,23,[NULL]
0,811,163,22,[NULL]
1,"705,1,7",163,22,[NULL]
2,"877,1,1",163,22,[NULL]
3,"13,2,23,1,181,1,0",163,22,[NULL]
4,"0,1,930,1,0",163,22,[NULL]
0,"942,1,0",164,21,[NULL]
1,"0,1,68,1,267,1,0",164,21,[NULL]
2,"0,4,891,1,0",164,21,[NULL]
0,812,165,20,[NULL]
1,"13,1,474,1,7",165,20,[NULL]
2,"44,1,324,1,2",165,20,[NULL]
3,"943,1,0",165,20,[NULL]
4,"0,3,908,1,0",165,20,[NULL]
0,"13,1,476,1,7",166,19,[NULL]
1,"8,2,415,1,4",166,19,[NULL]
2,"945,1,0",166,19,[NULL]
3,"0,1,3,1,838,1,0",166,19,[NULL]
4,"0,3,50,1,324,1,0",166,19,[NULL]
0,"2,1,761",167,18,[NULL]
1,"946,1,0",167,18,[NULL]
2,"0,2,3,1,825,1,0",167,18,[NULL]
0,813,168,17,[NULL]
1,"947,1,0",168,17,[NULL]
2,"55,1,324,1,0",168,17,[NULL]
0,"335,1,34",169,16,[NULL]
1,"56,1,324,1,0",169,16,[NULL]
2,"0,1,3,1,843,1,0",169,16,[NULL]
0,"730,1,5",170,15,[NULL]
1,"0,1,934,1,0",170,15,[NULL]
0,"732,1,5",171,14,[NULL]
1,"788,1,3",171,14,[NULL]
2,"949,1,0",171,14,[NULL]
3,"3,1,43,1,333,1,0",171,14,[NULL]
4,"0,1,935,1,0",171,14,[NULL]
0,814,172,13,[NULL]
1,"43,1,352,1,1",172,13,[NULL]
2,"950,1,0",172,13,[NULL]
3,"8,2,9,1,324,1,0",172,13,[NULL]
4,"0,1,937,1,0",172,13,[NULL]
0,"884,1,1",173,12,[NULL]
1,"0,1,938,1,0",173,12,[NULL]
0,"0,1,3,1,847,1,0",174,11,[NULL]
0,"18,1,459",175,10,[NULL]
1,"43,1,331",175,10,[NULL]
2,"526,1,20",175,10,[NULL]
0,"18,1,462",176,9,[NULL]
1,"18,1,461",176,9,[NULL]
2,"43,1,332",176,9,[NULL]
3,"324,1,36",176,9,[NULL]
4,"885,1,1",176,9,[NULL]
5,"13,1,660,1,0",176,9,[NULL]
0,"324,1,37",177,8,[NULL]
1,"8,1,18,1,324,1,2",177,8,[NULL]
2,"2,1,894,1,0",177,8,[NULL]
0,"1,1,849,1,2",178,7,[NULL]
1,"0,1,3,1,43,1,324,1,0",178,7,[NULL]
0,815,179,6,[NULL]
1,"1,1,850,1,2",179,6,[NULL]
2,"57,1,324,1,0",179,6,[NULL]
0,"18,1,324,1,9",180,5,[NULL]
0,"0,186,0",0,186,[NULL]
0,"870,1,2",125,61,[NULL]
0,"951,1,0",126,60,[NULL]
0,"0,58,324,1,0",127,59,[NULL]
0,"8,2,553,1,0",130,56,[NULL]
0,"8,2,554,1,0",131,55,[NULL]
0,"0,3,916,1,0",133,53,[NULL]
0,"0,3,917,1,0",134,52,[NULL]
0,"952,1,0",136,50,[NULL]
0,"953,1,0",137,49,[NULL]
0,"8,2,555,1,0",140,46,[NULL]
0,"8,2,556,1,0",141,45,[NULL]
1,"0,12,807,1,0",141,45,[NULL]
0,"0,13,795,1,0",142,44,[NULL]
0,"725,1,6",146,40,[NULL]
0,"0,1,8,1,725,1,0",147,39,[NULL]
0,"954,1,0",148,38,[NULL]
0,"64,1,244,1,2",150,36,[NULL]
0,"0,1,8,2,16,1,260,1,0",151,35,[NULL]
0,"0,1,8,2,17,1,260,1,0",152,34,[NULL]
1,"0,2,149,2,0",152,34,[NULL]
0,"59,1,260,1,2",153,33,[NULL]
1,"0,2,927,1,0",153,33,[NULL]
0,"0,4,64,1,260,1,0",154,32,[NULL]
0,"642,1,10",155,31,[NULL]
1,"13,6,32,1,0",155,31,[NULL]
2,"0,2,64,1,274,1,0",155,31,[NULL]
3,"0,4,897,1,0",155,31,[NULL]
0,816,156,30,[NULL]
1,"13,6,33,1,0",156,30,[NULL]
2,"0,3,921,1,0",156,30,[NULL]
3,"0,3,919,1,0",156,30,[NULL]
0,"784,1,4",157,29,[NULL]
1,"5,1,64,1,187,1,2",157,29,[NULL]
2,"0,1,64,1,278,1,0",157,29,[NULL]
3,"0,4,898,1,0",157,29,[NULL]
0,"715,1,7",158,28,[NULL]
1,"0,1,940,1,0",158,28,[NULL]
0,"716,1,7",159,27,[NULL]
1,"13,4,83,1,7",159,27,[NULL]
0,817,160,26,[NULL]
1,"9,1,13,3,95,1,7",160,26,[NULL]
2,"1,1,856,1,2",160,26,[NULL]
3,"13,1,23,1,303,1,0",160,26,[NULL]
0,"13,2,23,1,188,1,0",161,25,[NULL]
1,"2,1,899,1,0",161,25,[NULL]
2,"0,1,9,1,690,1,0",161,25,[NULL]
0,"13,2,23,1,189,1,0",162,24,[NULL]
1,"2,1,901,1,0",162,24,[NULL]
2,"0,1,941,1,0",162,24,[NULL]
0,"13,1,286,1,20",163,23,[NULL]
1,"877,1,2",163,23,[NULL]
2,"2,1,833,1,1",163,23,[NULL]
3,"0,2,930,1,0",163,23,[NULL]
0,818,164,22,[NULL]
1,"2,1,779",164,22,[NULL]
2,"1,1,64,1,239,1,2",164,22,[NULL]
3,"13,2,23,1,190,1,0",164,22,[NULL]
4,"0,5,891,1,0",164,22,[NULL]
0,"656,1,9",165,21,[NULL]
1,"23,1,335,1,7",165,21,[NULL]
2,"0,1,943,1,0",165,21,[NULL]
0,"2,1,618,1,9",166,20,[NULL]
1,"24,1,335,1,7",166,20,[NULL]
2,"959,1,0",166,20,[NULL]
3,"0,4,50,1,324,1,0",166,20,[NULL]
0,819,167,19,[NULL]
1,"13,1,288,1,20",167,19,[NULL]
2,"960,1,0",167,19,[NULL]
0,820,168,18,[NULL]
1,"13,1,485,1,7",168,18,[NULL]
2,"0,1,55,1,324,1,0",168,18,[NULL]
0,822,169,17,[NULL]
1,821,169,17,[NULL]
2,"0,1,56,1,324,1,0",169,17,[NULL]
0,824,171,15,[NULL]
1,823,171,15,[NULL]
2,"270,1,48",171,15,[NULL]
3,"0,2,935,1,0",171,15,[NULL]
0,826,172,14,[NULL]
1,825,172,14,[NULL]
2,"43,1,336",172,14,[NULL]
3,"251,1,56",172,14,[NULL]
4,"719,1,7",172,14,[NULL]
0,829,173,13,[NULL]
1,828,173,13,[NULL]
2,827,173,13,[NULL]
3,"884,1,2",173,13,[NULL]
4,"7,1,769,1,0",173,13,[NULL]
5,"2,1,912,1,0",173,13,[NULL]
0,831,174,12,[NULL]
1,830,174,12,[NULL]
2,"43,1,338",174,12,[NULL]
3,"69,1,213",174,12,[NULL]
4,"352,1,34",174,12,[NULL]
5,"76,1,264,1,0",174,12,[NULL]
0,"353,1,34",175,11,[NULL]
1,"2,1,43,1,398,1,0",175,11,[NULL]
0,832,176,10,[NULL]
1,"2,1,43,1,400,1,0",176,10,[NULL]
2,"0,1,13,1,660,1,0",176,10,[NULL]
0,833,177,9,[NULL]
1,"324,1,38",177,9,[NULL]
2,"18,1,324,1,10",177,9,[NULL]
3,"3,1,18,1,525,1,0",177,9,[NULL]
0,"324,1,39",178,8,[NULL]
1,"2,1,913,1,0",178,8,[NULL]
0,"324,1,40",179,7,[NULL]
1,"2,1,914,1,0",179,7,[NULL]
0,"2,1,849,1,1",180,6,[NULL]
1,"2,1,11,1,18,1,324,1,0",180,6,[NULL]
0,"2,1,850,1,1",181,5,[NULL]
0,"0,187,0",0,187,[NULL]
0,834,125,62,[NULL]
0,"0,1,951,1,0",126,61,[NULL]
0,"0,59,324,1,0",127,60,[NULL]
0,"0,1,8,2,553,1,0",130,57,[NULL]
0,"0,1,8,2,554,1,0",131,56,[NULL]
0,"886,1,2",132,55,[NULL]
0,"0,4,916,1,0",133,54,[NULL]
0,"0,4,917,1,0",134,53,[NULL]
0,"0,1,952,1,0",136,51,[NULL]
0,"0,1,953,1,0",137,50,[NULL]
0,"0,1,8,2,556,1,0",141,46,[NULL]
0,"8,1,595,1,4",144,43,[NULL]
0,"17,1,488,1,4",145,42,[NULL]
0,"8,1,596,1,4",146,41,[NULL]
0,"8,1,597,1,4",147,40,[NULL]
0,"8,3,257,1,4",148,39,[NULL]
0,"8,2,17,1,206,1,4",149,38,[NULL]
0,"16,1,491,1,4",150,37,[NULL]
1,"8,3,258,1,4",150,37,[NULL]
0,"17,1,491,1,4",151,36,[NULL]
1,"8,3,259,1,4",151,36,[NULL]
0,835,152,35,[NULL]
1,"8,4,180,1,4",152,35,[NULL]
2,"0,3,149,2,0",152,35,[NULL]
0,"796,1,4",153,34,[NULL]
1,"8,3,9,1,167,1,4",153,34,[NULL]
2,"0,3,927,1,0",153,34,[NULL]
0,"8,1,64,1,149,1,4",154,33,[NULL]
1,"8,2,9,1,248,1,4",154,33,[NULL]
2,"8,3,260,1,4",154,33,[NULL]
3,"0,5,64,1,260,1,0",154,33,[NULL]
0,"8,1,598,1,4",155,32,[NULL]
1,"8,1,16,1,292,1,4",155,32,[NULL]
2,"8,1,9,1,13,1,219,1,4",155,32,[NULL]
3,"149,1,160,1,0",155,32,[NULL]
4,"0,3,64,1,274,1,0",155,32,[NULL]
5,"0,5,897,1,0",155,32,[NULL]
0,"9,1,13,2,194,1,4",156,31,[NULL]
1,"8,1,599,1,4",156,31,[NULL]
2,"8,1,17,1,292,1,4",156,31,[NULL]
3,"0,4,921,1,0",156,31,[NULL]
4,"0,4,919,1,0",156,31,[NULL]
0,"9,1,13,2,167,1,7",157,30,[NULL]
1,"8,1,602,1,4",157,30,[NULL]
2,"8,2,420,1,4",157,30,[NULL]
3,"0,5,898,1,0",157,30,[NULL]
0,"8,1,13,1,346,1,4",158,29,[NULL]
1,"8,2,16,1,209,1,4",158,29,[NULL]
0,"13,2,292,1,4",159,28,[NULL]
1,"8,2,17,1,209,1,4",159,28,[NULL]
0,"23,1,438",160,27,[NULL]
1,"13,3,32,1,62",160,27,[NULL]
2,"23,1,346,1,7",160,27,[NULL]
3,"797,1,4",160,27,[NULL]
4,"8,3,261,1,4",160,27,[NULL]
0,836,161,26,[NULL]
1,"537,1,20",161,26,[NULL]
2,"13,3,105,1,20",161,26,[NULL]
3,"627,1,11",161,26,[NULL]
4,"8,2,423,1,4",161,26,[NULL]
5,"963,1,0",161,26,[NULL]
6,"13,5,75,1,0",161,26,[NULL]
0,838,162,25,[NULL]
1,837,162,25,[NULL]
2,"64,1,224",162,25,[NULL]
3,"8,1,13,2,209,1,4",162,25,[NULL]
4,"13,5,76,1,0",162,25,[NULL]
0,840,163,24,[NULL]
1,839,163,24,[NULL]
2,"538,1,21",163,24,[NULL]
3,"13,2,294,1,4",163,24,[NULL]
0,"539,1,20",164,23,[NULL]
1,"13,2,261,1,7",164,23,[NULL]
2,"72,1,209,1,4",164,23,[NULL]
3,"3,1,876,1,0",164,23,[NULL]
4,"2,2,877,1,0",164,23,[NULL]
0,"209,1,82",165,22,[NULL]
1,"260,1,52",165,22,[NULL]
2,"13,2,262,1,7",165,22,[NULL]
3,"798,1,4",165,22,[NULL]
4,"3,1,877,1,0",165,22,[NULL]
5,"0,2,943,1,0",165,22,[NULL]
0,841,166,21,[NULL]
1,"212,1,80",166,21,[NULL]
2,"729,1,7",166,21,[NULL]
3,"67,1,286,1,0",166,21,[NULL]
4,"0,1,959,1,0",166,21,[NULL]
5,"0,5,50,1,324,1,0",166,21,[NULL]
0,842,167,20,[NULL]
1,"335,1,36",167,20,[NULL]
2,"13,1,677,1,0",167,20,[NULL]
3,"0,1,960,1,0",167,20,[NULL]
0,843,168,19,[NULL]
1,"964,1,0",168,19,[NULL]
2,"13,1,679,1,0",168,19,[NULL]
0,844,169,18,[NULL]
1,"209,1,85",169,18,[NULL]
2,"213,1,80",169,18,[NULL]
3,"13,2,450,1,0",169,18,[NULL]
0,845,170,17,[NULL]
1,"540,1,21",170,17,[NULL]
2,"13,1,682,1,0",170,17,[NULL]
3,"13,1,681,1,0",170,17,[NULL]
0,"261,1,52",171,16,[NULL]
1,"543,1,20",171,16,[NULL]
2,"730,1,7",171,16,[NULL]
3,"39,1,324,1,4",171,16,[NULL]
4,"966,1,0",171,16,[NULL]
5,"965,1,0",171,16,[NULL]
0,846,172,15,[NULL]
1,"40,1,324,1,4",172,15,[NULL]
2,"815,1,3",172,15,[NULL]
3,"76,1,239,1,1",172,15,[NULL]
4,"967,1,0",172,15,[NULL]
5,"3,1,882,1,0",172,15,[NULL]
0,"263,1,52",173,14,[NULL]
1,"17,1,324,1,11",173,14,[NULL]
2,"734,1,7",173,14,[NULL]
3,"817,1,3",173,14,[NULL]
0,"324,1,41",174,13,[NULL]
1,"18,1,479,1,4",174,13,[NULL]
2,"2,2,884,1,0",174,13,[NULL]
0,"802,1,4",175,12,[NULL]
1,"9,1,13,1,324,1,4",175,12,[NULL]
2,"893,1,1",175,12,[NULL]
3,"3,1,884,1,0",175,12,[NULL]
0,"0,1,832",176,11,[NULL]
1,"264,1,52",176,11,[NULL]
2,"29,1,324,1,7",176,11,[NULL]
3,"968,1,0",176,11,[NULL]
0,"0,1,18,1,324,1,10",177,10,[NULL]
1,"888,1,2",177,10,[NULL]
0,"2,1,53,1,324,1,0",178,9,[NULL]
0,"894,1,1",179,8,[NULL]
0,"324,1,42",180,7,[NULL]
0,"2,1,324,1,34",181,6,[NULL]
0,"0,188,0",0,188,[NULL]
0,"0,2,951,1,0",126,62,[NULL]
0,"0,60,324,1,0",127,61,[NULL]
0,"803,1,4",129,59,[NULL]
0,"804,1,4",130,58,[NULL]
0,"8,2,431,1,4",133,55,[NULL]
1,"0,5,916,1,0",133,55,[NULL]
0,"8,1,16,1,296,1,4",134,54,[NULL]
1,"0,5,917,1,0",134,54,[NULL]
0,"8,1,17,1,296,1,4",135,53,[NULL]
0,"8,1,607,1,4",136,52,[NULL]
0,"8,4,182,1,4",137,51,[NULL]
0,"8,4,183,1,4",138,50,[NULL]
0,"805,1,4",139,49,[NULL]
1,"8,2,16,1,17,1,111,1,4",139,49,[NULL]
0,"806,1,4",140,48,[NULL]
1,"8,3,265,1,4",140,48,[NULL]
2,"969,1,0",140,48,[NULL]
0,"636,1,11",141,47,[NULL]
1,"8,6,71,1,4",141,47,[NULL]
0,"8,5,16,1,50,1,4",142,46,[NULL]
0,"8,2,432,1,4",143,45,[NULL]
1,"8,5,17,1,50,1,4",143,45,[NULL]
0,"402,1,31",144,44,[NULL]
1,"8,2,433,1,4",144,44,[NULL]
2,"8,5,125,1,4",144,44,[NULL]
0,"8,1,17,1,298,1,4",145,43,[NULL]
1,"8,8,16,1,4",145,43,[NULL]
0,"17,2,238,1,4",146,42,[NULL]
1,"8,8,17,1,4",146,42,[NULL]
0,"8,4,184,1,4",147,41,[NULL]
1,"8,6,16,1,23,1,4",147,41,[NULL]
2,"5,1,725,1,2",147,41,[NULL]
0,"8,4,185,1,4",148,40,[NULL]
1,"8,7,42,1,4",148,40,[NULL]
0,"64,1,224,1,4",149,39,[NULL]
1,"8,3,17,1,147,1,4",149,39,[NULL]
2,"8,7,13,2,4",149,39,[NULL]
0,"64,1,225,1,4",150,38,[NULL]
1,"8,2,17,2,113,1,4",150,38,[NULL]
2,"8,6,13,1,32,1,4",150,38,[NULL]
3,"8,1,759,1,0",150,38,[NULL]
0,"138,2,4",151,37,[NULL]
1,"8,5,13,2,23,1,4",151,37,[NULL]
2,"8,6,72,1,4",151,37,[NULL]
3,"1,1,64,1,244,1,2",151,37,[NULL]
4,"17,1,623,1,0",151,37,[NULL]
0,"808,1,4",152,36,[NULL]
1,"8,4,13,2,51,1,4",152,36,[NULL]
2,"8,5,127,1,4",152,36,[NULL]
3,"0,4,149,2,0",152,36,[NULL]
0,"8,1,16,1,64,2,4",153,35,[NULL]
1,"8,3,13,5,4",153,35,[NULL]
2,"8,4,20,1,80,1,4",153,35,[NULL]
3,"0,4,927,1,0",153,35,[NULL]
0,"8,1,16,1,299,1,4",154,34,[NULL]
1,"8,2,13,4,32,1,4",154,34,[NULL]
2,"8,4,186,1,4",154,34,[NULL]
3,"8,3,380,1,0",154,34,[NULL]
4,"0,6,64,1,260,1,0",154,34,[NULL]
0,"8,1,13,5,23,1,4",155,33,[NULL]
1,"8,2,434,1,4",155,33,[NULL]
2,"8,3,9,1,13,1,101,1,4",155,33,[NULL]
3,"0,4,64,1,274,1,0",155,33,[NULL]
4,"0,6,897,1,0",155,33,[NULL]
0,"13,5,51,1,4",156,32,[NULL]
1,"8,2,435,1,4",156,32,[NULL]
2,"8,2,9,1,13,2,80,1,4",156,32,[NULL]
3,"0,5,921,1,0",156,32,[NULL]
4,"0,5,919,1,0",156,32,[NULL]
0,"13,7,7",157,31,[NULL]
1,"8,1,9,1,13,1,23,1,101,1,4",157,31,[NULL]
2,"8,4,187,1,4",157,31,[NULL]
3,"0,6,898,1,0",157,31,[NULL]
0,"13,4,23,1,24,1,7",158,30,[NULL]
1,"9,1,13,2,23,1,80,1,4",158,30,[NULL]
2,"8,4,188,1,4",158,30,[NULL]
3,"13,3,248,1,0",158,30,[NULL]
0,"9,1,13,3,101,1,7",159,29,[NULL]
1,"8,3,267,1,4",159,29,[NULL]
2,"13,4,150,1,0",159,29,[NULL]
0,847,160,28,[NULL]
1,"187,1,90",160,28,[NULL]
2,"8,2,23,1,188,1,4",160,28,[NULL]
3,"16,1,627,1,0",160,28,[NULL]
0,"812,1,4",161,27,[NULL]
1,"811,1,4",161,27,[NULL]
2,"8,1,13,2,212,1,4",161,27,[NULL]
3,"17,1,627,1,0",161,27,[NULL]
4,"0,1,963,1,0",161,27,[NULL]
0,"0,1,64,1,224",162,26,[NULL]
1,"13,2,266,1,7",162,26,[NULL]
2,"813,1,4",162,26,[NULL]
3,"13,3,188,1,4",162,26,[NULL]
4,"974,1,0",162,26,[NULL]
5,"973,1,0",162,26,[NULL]
0,"13,2,267,1,7",163,25,[NULL]
1,"9,1,13,1,286,1,7",163,25,[NULL]
2,"8,1,610,1,4",163,25,[NULL]
3,"899,1,1",163,25,[NULL]
4,"977,1,0",163,25,[NULL]
5,"976,1,0",163,25,[NULL]
6,"975,1,0",163,25,[NULL]
0,"13,2,268,1,7",164,24,[NULL]
1,"80,1,201,1,4",164,24,[NULL]
2,"901,1,1",164,24,[NULL]
3,"978,1,0",164,24,[NULL]
4,"13,1,690,1,0",164,24,[NULL]
0,"738,1,7",165,23,[NULL]
1,"8,1,613,1,4",165,23,[NULL]
2,"979,1,0",165,23,[NULL]
0,"66,1,226",166,22,[NULL]
1,"13,1,294,1,20",166,22,[NULL]
2,"13,1,23,1,213,1,7",166,22,[NULL]
3,"2,1,930,1,0",166,22,[NULL]
4,"0,2,959,1,0",166,22,[NULL]
0,848,167,21,[NULL]
1,"293,1,44",167,21,[NULL]
2,"9,1,13,1,288,1,7",167,21,[NULL]
3,"13,1,692,1,0",167,21,[NULL]
4,"13,1,691,1,0",167,21,[NULL]
0,"982,1,0",168,20,[NULL]
0,"266,1,52",169,19,[NULL]
1,"891,1,2",169,19,[NULL]
2,"984,1,0",169,19,[NULL]
0,849,170,18,[NULL]
1,"1,1,821",170,18,[NULL]
2,"267,1,52",170,18,[NULL]
3,"985,1,0",170,18,[NULL]
0,850,171,17,[NULL]
1,"8,1,31,1,324,1,0",171,17,[NULL]
2,"0,1,966,1,0",171,17,[NULL]
3,"0,1,965,1,0",171,17,[NULL]
0,851,172,16,[NULL]
1,"987,1,0",172,16,[NULL]
2,"16,1,17,1,324,1,0",172,16,[NULL]
0,852,173,15,[NULL]
1,"69,1,133,1,20",173,15,[NULL]
2,"989,1,0",173,15,[NULL]
3,"988,1,0",173,15,[NULL]
4,"17,2,324,1,0",173,15,[NULL]
0,855,174,14,[NULL]
1,854,174,14,[NULL]
2,853,174,14,[NULL]
3,"269,1,52",174,14,[NULL]
4,"769,1,5",174,14,[NULL]
5,"991,1,0",174,14,[NULL]
6,"990,1,0",174,14,[NULL]
7,"59,1,324,1,0",174,14,[NULL]
0,856,175,13,[NULL]
1,"270,1,52",175,13,[NULL]
2,"3,2,198,1,52",175,13,[NULL]
3,"912,1,1",175,13,[NULL]
4,"992,1,0",175,13,[NULL]
0,"376,1,34",176,12,[NULL]
1,"43,1,396,1,1",176,12,[NULL]
2,"18,1,615,1,0",176,12,[NULL]
3,"2,1,938,1,0",176,12,[NULL]
0,"819,1,4",177,11,[NULL]
1,"43,1,398,1,1",177,11,[NULL]
2,"18,1,565,1,1",177,11,[NULL]
3,"993,1,0",177,11,[NULL]
4,"13,1,23,1,324,1,0",177,11,[NULL]
5,"3,1,43,1,368,1,0",177,11,[NULL]
0,"5,1,18,1,324,1,4",178,10,[NULL]
1,"48,1,324,1,2",178,10,[NULL]
2,"43,1,400,1,1",178,10,[NULL]
3,"13,1,699,1,0",178,10,[NULL]
4,"13,1,24,1,324,1,0",178,10,[NULL]
0,"699,1,8",179,9,[NULL]
1,"13,1,25,1,324,1,0",179,9,[NULL]
0,"913,1,1",180,8,[NULL]
1,"18,1,617,1,0",180,8,[NULL]
2,"2,1,54,1,324,1,0",180,8,[NULL]
0,"914,1,1",181,7,[NULL]
1,"10,1,18,1,324,1,1",181,7,[NULL]
2,"994,1,0",181,7,[NULL]
0,"11,1,18,1,324,1,1",182,6,[NULL]
0,"0,189,0",0,189,[NULL]
0,"895,1,2",126,63,[NULL]
0,"0,61,324,1,0",127,62,[NULL]
0,"995,1,0",129,60,[NULL]
0,"996,1,0",130,59,[NULL]
0,"8,2,578,1,0",133,56,[NULL]
1,"0,6,916,1,0",133,56,[NULL]
0,"0,6,917,1,0",134,55,[NULL]
0,"16,1,635,1,0",139,50,[NULL]
0,"16,1,636,1,0",140,49,[NULL]
1,"0,1,969,1,0",140,49,[NULL]
0,"17,1,636,1,0",141,48,[NULL]
0,"8,3,402,1,0",143,46,[NULL]
0,"8,3,403,1,0",144,45,[NULL]
0,"64,1,297,1,0",149,40,[NULL]
0,"64,1,298,1,0",150,39,[NULL]
1,"0,1,8,1,759,1,0",150,39,[NULL]
0,"0,1,17,1,623,1,0",151,38,[NULL]
0,"0,5,149,2,0",152,37,[NULL]
0,"0,5,927,1,0",153,36,[NULL]
0,"0,7,64,1,260,1,0",154,35,[NULL]
0,"0,7,897,1,0",155,34,[NULL]
0,"0,6,919,1,0",156,33,[NULL]
0,"0,7,898,1,0",157,32,[NULL]
0,"820,1,4",158,31,[NULL]
0,"13,4,51,1,20",159,30,[NULL]
1,"821,1,4",159,30,[NULL]
2,"64,1,260,1,2",159,30,[NULL]
3,"64,3,0",159,30,[NULL]
0,"753,1,7",160,29,[NULL]
1,"64,1,299,1,0",160,29,[NULL]
2,"13,5,80,1,0",160,29,[NULL]
3,"0,1,16,1,627,1,0",160,29,[NULL]
0,"997,1,0",161,28,[NULL]
1,"0,1,17,1,627,1,0",161,28,[NULL]
2,"0,2,963,1,0",161,28,[NULL]
0,"898,1,2",162,27,[NULL]
1,"64,1,301,1,0",162,27,[NULL]
2,"0,1,974,1,0",162,27,[NULL]
0,"248,1,62",163,26,[NULL]
1,"13,4,95,1,7",163,26,[NULL]
2,"64,1,209,1,6",163,26,[NULL]
3,"899,1,2",163,26,[NULL]
4,"0,1,977,1,0",163,26,[NULL]
5,"0,1,976,1,0",163,26,[NULL]
0,"2,1,809",164,25,[NULL]
1,"13,1,303,1,20",164,25,[NULL]
2,"13,3,164,1,7",164,25,[NULL]
3,"832,1,3",164,25,[NULL]
4,"13,2,472,1,0",164,25,[NULL]
5,"0,1,978,1,0",164,25,[NULL]
6,"0,1,13,1,690,1,0",164,25,[NULL]
0,"2,1,810",165,24,[NULL]
1,"13,2,188,1,20",165,24,[NULL]
2,"2,1,876,1,1",165,24,[NULL]
3,"13,2,473,1,0",165,24,[NULL]
4,"8,1,17,1,475,1,0",165,24,[NULL]
5,"2,1,941,1,0",165,24,[NULL]
0,"300,1,44",166,23,[NULL]
1,"690,1,9",166,23,[NULL]
2,"2,1,877,1,1",166,23,[NULL]
3,"13,1,705,1,0",166,23,[NULL]
0,"13,1,23,1,257",167,22,[NULL]
1,"999,1,0",167,22,[NULL]
0,"266,1,55",168,21,[NULL]
1,"13,2,190,1,20",168,21,[NULL]
2,"13,2,474,1,0",168,21,[NULL]
3,"0,1,982,1,0",168,21,[NULL]
0,857,169,20,[NULL]
1,"286,1,48",169,20,[NULL]
2,"75,1,188,1,7",169,20,[NULL]
3,"13,2,476,1,0",169,20,[NULL]
4,"0,1,984,1,0",169,20,[NULL]
0,"75,1,189,1,7",170,19,[NULL]
1,"906,1,2",170,19,[NULL]
2,"49,1,324,1,2",170,19,[NULL]
3,"1000,1,0",170,19,[NULL]
0,858,171,18,[NULL]
1,"23,1,373,1,7",171,18,[NULL]
2,"1001,1,0",171,18,[NULL]
3,"0,1,8,1,31,1,324,1,0",171,18,[NULL]
4,"0,2,965,1,0",171,18,[NULL]
0,"75,1,190,1,7",172,17,[NULL]
1,"23,1,376,1,7",172,17,[NULL]
2,"841,1,3",172,17,[NULL]
3,"1003,1,0",172,17,[NULL]
4,"1002,1,0",172,17,[NULL]
5,"0,1,987,1,0",172,17,[NULL]
6,"0,1,16,1,17,1,324,1,0",172,17,[NULL]
0,859,173,16,[NULL]
1,"275,1,52",173,16,[NULL]
2,"76,1,190,1,7",173,16,[NULL]
3,"842,1,3",173,16,[NULL]
4,"1004,1,0",173,16,[NULL]
5,"0,1,17,2,324,1,0",173,16,[NULL]
0,860,174,15,[NULL]
1,"826,1,4",174,15,[NULL]
2,"1005,1,0",174,15,[NULL]
3,"0,1,59,1,324,1,0",174,15,[NULL]
0,861,175,14,[NULL]
1,"1007,1,0",175,14,[NULL]
2,"1006,1,0",175,14,[NULL]
0,"43,1,363",176,13,[NULL]
1,"756,1,7",176,13,[NULL]
2,"2,1,884,1,1",176,13,[NULL]
3,"1008,1,0",176,13,[NULL]
0,862,177,12,[NULL]
1,"264,1,56",177,12,[NULL]
2,"392,1,34",177,12,[NULL]
0,"397,1,34",178,11,[NULL]
1,"847,1,3",178,11,[NULL]
0,"399,1,34",179,10,[NULL]
1,"18,1,368,1,9",179,10,[NULL]
2,"2,1,885,1,1",179,10,[NULL]
0,863,180,9,[NULL]
1,"699,1,9",180,9,[NULL]
2,"53,1,324,1,1",180,9,[NULL]
0,"18,1,324,1,11",181,8,[NULL]
1,"0,1,994,1,0",181,8,[NULL]
0,"18,1,490",182,7,[NULL]
1,"43,1,324,1,3",182,7,[NULL]
0,"2,1,18,1,324,1,9",183,6,[NULL]
0,"0,190,0",0,190,[NULL]
0,"0,62,324,1,0",127,63,[NULL]
0,"0,1,995,1,0",129,61,[NULL]
0,"0,1,996,1,0",130,60,[NULL]
0,"0,7,916,1,0",133,57,[NULL]
0,"0,7,917,1,0",134,56,[NULL]
0,"916,1,2",138,52,[NULL]
0,"0,1,16,1,635,1,0",139,51,[NULL]
0,"0,1,16,1,636,1,0",140,50,[NULL]
1,"0,2,969,1,0",140,50,[NULL]
0,"0,1,17,1,636,1,0",141,49,[NULL]
0,"685,1,10",143,47,[NULL]
0,"0,1,8,3,403,1,0",144,46,[NULL]
0,"686,1,10",145,45,[NULL]
1,"42,1,402,1,2",145,45,[NULL]
0,"829,1,4",146,44,[NULL]
0,"8,2,452,1,4",147,43,[NULL]
0,"16,1,17,1,244,1,4",148,42,[NULL]
0,"8,1,31,1,245,1,4",149,41,[NULL]
0,"8,2,453,1,4",150,40,[NULL]
1,"0,1,64,1,298,1,0",150,40,[NULL]
0,"8,3,16,1,149,1,4",151,39,[NULL]
0,"8,3,17,1,149,1,4",152,38,[NULL]
1,"0,6,149,2,0",152,38,[NULL]
0,"8,1,623,1,4",153,37,[NULL]
1,"8,3,277,1,4",153,37,[NULL]
0,864,154,36,[NULL]
1,"17,1,516,1,4",154,36,[NULL]
2,"8,4,193,1,4",154,36,[NULL]
0,"830,1,4",155,35,[NULL]
1,"8,4,194,1,4",155,35,[NULL]
0,"831,1,4",156,34,[NULL]
1,"8,3,13,1,167,1,4",156,34,[NULL]
2,"0,7,919,1,0",156,34,[NULL]
0,"8,1,64,1,160,1,4",157,33,[NULL]
1,"8,2,13,1,248,1,4",157,33,[NULL]
2,"8,3,278,1,4",157,33,[NULL]
3,"0,8,898,1,0",157,33,[NULL]
0,"8,1,624,1,4",158,32,[NULL]
1,"8,1,13,2,219,1,4",158,32,[NULL]
2,"8,2,454,1,4",158,32,[NULL]
0,"13,3,194,1,4",159,31,[NULL]
1,"8,1,20,1,292,1,4",159,31,[NULL]
2,"8,2,455,1,4",159,31,[NULL]
3,"0,1,64,3,0",159,31,[NULL]
0,"13,3,167,1,7",160,30,[NULL]
1,"8,1,625,1,4",160,30,[NULL]
2,"8,1,9,1,420,1,4",160,30,[NULL]
3,"0,1,64,1,299,1,0",160,30,[NULL]
0,"13,3,168,1,7",161,29,[NULL]
1,"9,1,13,1,346,1,4",161,29,[NULL]
2,"8,3,279,1,4",161,29,[NULL]
3,"919,1,2",161,29,[NULL]
4,"13,1,715,1,0",161,29,[NULL]
5,"0,3,963,1,0",161,29,[NULL]
0,"9,1,13,1,292,1,7",162,28,[NULL]
1,"8,3,280,1,4",162,28,[NULL]
2,"13,1,716,1,0",162,28,[NULL]
3,"13,5,83,1,0",162,28,[NULL]
4,"0,1,64,1,301,1,0",162,28,[NULL]
5,"0,2,974,1,0",162,28,[NULL]
0,"8,1,627,1,4",163,27,[NULL]
1,"8,2,9,1,261,1,4",163,27,[NULL]
2,"1010,1,0",163,27,[NULL]
3,"0,2,977,1,0",163,27,[NULL]
4,"0,2,976,1,0",163,27,[NULL]
0,865,164,26,[NULL]
1,"655,1,11",164,26,[NULL]
2,"832,1,4",164,26,[NULL]
3,"8,1,9,1,423,1,4",164,26,[NULL]
4,"0,2,978,1,0",164,26,[NULL]
0,866,165,25,[NULL]
1,"72,1,224",165,25,[NULL]
2,"13,2,23,1,75,1,20",165,25,[NULL]
3,"9,1,13,2,209,1,4",165,25,[NULL]
0,"9,1,13,1,294,1,7",166,24,[NULL]
1,"834,1,4",166,24,[NULL]
0,"66,1,238",167,23,[NULL]
1,"79,1,209,1,4",167,23,[NULL]
2,"0,1,999,1,0",167,23,[NULL]
0,"3,1,779",168,22,[NULL]
1,"278,1,52",168,22,[NULL]
2,"80,1,209,1,4",168,22,[NULL]
3,"64,1,269,1,2",168,22,[NULL]
4,"930,1,1",168,22,[NULL]
5,"13,1,23,1,335,1,0",168,22,[NULL]
0,869,169,21,[NULL]
1,868,169,21,[NULL]
2,867,169,21,[NULL]
3,"761,1,7",169,21,[NULL]
4,"836,1,4",169,21,[NULL]
0,870,170,20,[NULL]
1,"266,1,56",170,20,[NULL]
2,"324,1,43",170,20,[NULL]
3,"75,1,286,1,0",170,20,[NULL]
4,"0,1,1000,1,0",170,20,[NULL]
0,"1,1,849",171,19,[NULL]
1,"267,1,56",171,19,[NULL]
2,"1012,1,0",171,19,[NULL]
3,"1011,1,0",171,19,[NULL]
4,"18,1,628,1,0",171,19,[NULL]
5,"0,3,965,1,0",171,19,[NULL]
0,"841,1,4",172,18,[NULL]
1,"1014,1,0",172,18,[NULL]
2,"1013,1,0",172,18,[NULL]
3,"0,1,1002,1,0",172,18,[NULL]
4,"0,2,987,1,0",172,18,[NULL]
0,"13,1,575",173,17,[NULL]
1,"569,1,20",173,17,[NULL]
2,"842,1,4",173,17,[NULL]
3,"1016,1,0",173,17,[NULL]
4,"1015,1,0",173,17,[NULL]
5,"0,2,17,2,324,1,0",173,17,[NULL]
0,"190,1,98",174,16,[NULL]
1,"8,1,16,1,324,1,4",174,16,[NULL]
2,"1018,1,0",174,16,[NULL]
3,"1017,1,0",174,16,[NULL]
4,"75,1,288,1,0",174,16,[NULL]
5,"0,1,1005,1,0",174,16,[NULL]
6,"0,2,59,1,324,1,0",174,16,[NULL]
0,871,175,15,[NULL]
1,"8,1,17,1,324,1,4",175,15,[NULL]
2,"924,1,2",175,15,[NULL]
3,"1022,1,0",175,15,[NULL]
4,"1021,1,0",175,15,[NULL]
5,"1020,1,0",175,15,[NULL]
6,"43,1,485,1,0",175,15,[NULL]
7,"0,1,1006,1,0",175,15,[NULL]
0,872,176,14,[NULL]
1,"270,1,56",176,14,[NULL]
2,"23,1,324,1,10",176,14,[NULL]
3,"713,1,9",176,14,[NULL]
4,"935,1,1",176,14,[NULL]
5,"1024,1,0",176,14,[NULL]
6,"1023,1,0",176,14,[NULL]
7,"0,1,1008,1,0",176,14,[NULL]
0,"18,1,373,1,9",177,13,[NULL]
1,"42,1,324,1,4",177,13,[NULL]
2,"937,1,1",177,13,[NULL]
3,"1025,1,0",177,13,[NULL]
4,"2,1,76,1,264,1,0",177,13,[NULL]
0,"13,2,324,1,4",178,12,[NULL]
1,"925,1,2",178,12,[NULL]
2,"938,1,1",178,12,[NULL]
3,"7,1,746,1,1",178,12,[NULL]
0,873,179,11,[NULL]
1,"198,1,96",179,11,[NULL]
2,"32,1,324,1,7",179,11,[NULL]
3,"1027,1,0",179,11,[NULL]
0,"2,1,833",180,10,[NULL]
1,"163,1,114",180,10,[NULL]
2,"33,1,324,1,7",180,10,[NULL]
3,"1028,1,0",180,10,[NULL]
0,"2,1,324,1,39",181,9,[NULL]
1,"17,1,18,1,324,1,0",181,9,[NULL]
0,"54,1,324,1,1",182,8,[NULL]
0,874,183,7,[NULL]
1,"849,1,4",183,7,[NULL]
0,"850,1,4",184,6,[NULL]
0,"0,191,0",0,191,[NULL]
0,"0,63,324,1,0",127,64,[NULL]
0,"851,1,4",132,59,[NULL]
0,"852,1,4",133,58,[NULL]
0,"8,2,469,1,4",136,55,[NULL]
0,"8,2,470,1,4",137,54,[NULL]
0,"8,1,17,1,326,1,4",138,53,[NULL]
0,"8,1,634,1,4",139,52,[NULL]
0,"8,4,199,1,4",140,51,[NULL]
1,"0,3,969,1,0",140,51,[NULL]
0,"8,4,200,1,4",141,50,[NULL]
1,"0,2,17,1,636,1,0",141,50,[NULL]
0,"8,1,635,1,4",142,49,[NULL]
1,"8,3,17,1,153,1,4",142,49,[NULL]
0,"8,1,636,1,4",143,48,[NULL]
1,"8,3,283,1,4",143,48,[NULL]
2,"1030,1,0",143,48,[NULL]
0,"17,1,403,1,10",144,47,[NULL]
1,"8,6,77,1,4",144,47,[NULL]
0,"8,6,78,1,4",145,46,[NULL]
0,"8,2,16,1,224,1,4",146,45,[NULL]
1,"8,5,17,1,56,1,4",146,45,[NULL]
0,"8,2,16,1,225,1,4",147,44,[NULL]
1,"8,5,136,1,4",147,44,[NULL]
0,"8,2,17,1,225,1,4",148,43,[NULL]
1,"8,8,19,1,4",148,43,[NULL]
0,"8,1,42,1,224,1,4",149,42,[NULL]
1,"8,8,20,1,4",149,42,[NULL]
2,"1033,1,0",149,42,[NULL]
0,875,150,41,[NULL]
1,"8,5,137,1,4",150,41,[NULL]
2,"8,7,45,1,4",150,41,[NULL]
0,"8,5,138,1,4",151,40,[NULL]
1,"8,7,46,1,4",151,40,[NULL]
0,"64,1,237,1,4",152,39,[NULL]
1,"8,3,16,1,154,1,4",152,39,[NULL]
2,"8,6,9,1,13,2,4",152,39,[NULL]
0,876,153,38,[NULL]
1,"64,1,238,1,4",153,38,[NULL]
2,"8,3,17,1,154,1,4",153,38,[NULL]
3,"8,5,9,1,13,1,32,1,4",153,38,[NULL]
4,"8,1,16,1,491,1,0",153,38,[NULL]
0,"8,1,637,1,4",154,37,[NULL]
1,"8,4,9,1,13,2,23,1,4",154,37,[NULL]
2,"8,6,79,1,4",154,37,[NULL]
3,"8,1,17,1,491,1,0",154,37,[NULL]
0,"17,1,529,1,4",155,36,[NULL]
1,"8,3,9,1,13,2,51,1,4",155,36,[NULL]
2,"8,6,80,1,4",155,36,[NULL]
0,"8,2,64,1,112,1,4",156,35,[NULL]
1,"8,2,9,1,13,5,4",156,35,[NULL]
2,"8,4,22,1,80,1,4",156,35,[NULL]
3,"0,8,919,1,0",156,35,[NULL]
0,"8,1,9,1,13,4,32,1,4",157,34,[NULL]
1,"8,2,64,1,113,1,4",157,34,[NULL]
2,"8,4,23,1,80,1,4",157,34,[NULL]
3,"149,2,2",157,34,[NULL]
4,"0,9,898,1,0",157,34,[NULL]
0,"9,1,13,5,23,1,4",158,33,[NULL]
1,"8,2,471,1,4",158,33,[NULL]
2,"8,3,13,2,101,1,4",158,33,[NULL]
0,"9,1,13,4,51,1,7",159,32,[NULL]
1,"8,1,9,1,435,1,4",159,32,[NULL]
2,"8,2,13,3,80,1,4",159,32,[NULL]
3,"0,2,64,3,0",159,32,[NULL]
0,"8,1,13,2,23,1,101,1,4",160,31,[NULL]
1,"8,4,201,1,4",160,31,[NULL]
2,"1,1,64,1,260,1,2",160,31,[NULL]
3,"0,2,64,1,299,1,0",160,31,[NULL]
0,"13,3,23,1,80,1,4",161,30,[NULL]
1,"8,3,9,1,188,1,4",161,30,[NULL]
2,"0,4,963,1,0",161,30,[NULL]
0,"13,2,194,1,20",162,29,[NULL]
1,"64,1,187,1,10",162,29,[NULL]
2,"13,4,101,1,7",162,29,[NULL]
3,"8,2,9,1,267,1,4",162,29,[NULL]
4,"0,2,64,1,301,1,0",162,29,[NULL]
5,"0,3,974,1,0",162,29,[NULL]
0,"64,1,188,1,10",163,28,[NULL]
1,"8,1,9,1,23,1,188,1,4",163,28,[NULL]
2,"1,1,898,1,2",163,28,[NULL]
3,"13,1,23,1,346,1,0",163,28,[NULL]
4,"8,1,797,1,0",163,28,[NULL]
5,"0,3,977,1,0",163,28,[NULL]
6,"0,3,976,1,0",163,28,[NULL]
0,877,164,27,[NULL]
1,"854,1,4",164,27,[NULL]
2,"9,1,13,2,212,1,4",164,27,[NULL]
3,"5,1,64,1,209,1,2",164,27,[NULL]
4,"17,1,655,1,0",164,27,[NULL]
5,"2,1,963,1,0",164,27,[NULL]
6,"0,3,978,1,0",164,27,[NULL]
0,"9,1,13,2,188,1,7",165,26,[NULL]
1,"8,1,638,1,4",165,26,[NULL]
2,"1035,1,0",165,26,[NULL]
0,878,166,25,[NULL]
1,"13,2,286,1,7",166,25,[NULL]
2,"8,1,640,1,4",166,25,[NULL]
0,"3,1,787",167,24,[NULL]
1,"13,2,287,1,7",167,24,[NULL]
2,"80,1,212,1,4",167,24,[NULL]
3,"64,1,275,1,2",167,24,[NULL]
4,"941,1,1",167,24,[NULL]
5,"13,3,261,1,0",167,24,[NULL]
0,879,168,23,[NULL]
1,"0,1,3,1,779",168,23,[NULL]
2,"80,1,188,1,7",168,23,[NULL]
3,"930,1,2",168,23,[NULL]
4,"13,3,262,1,0",168,23,[NULL]
0,881,169,22,[NULL]
1,880,169,22,[NULL]
2,"266,1,58",169,22,[NULL]
3,"1036,1,0",169,22,[NULL]
0,883,170,21,[NULL]
1,882,170,21,[NULL]
2,"0,1,324,1,43",170,21,[NULL]
3,"13,2,288,1,7",170,21,[NULL]
4,"931,1,2",170,21,[NULL]
5,"1037,1,0",170,21,[NULL]
0,885,171,20,[NULL]
1,884,171,20,[NULL]
2,"13,1,532,1,7",171,20,[NULL]
3,"1,1,906,1,2",171,20,[NULL]
4,"1,1,49,1,324,1,2",171,20,[NULL]
5,"1038,1,0",171,20,[NULL]
6,"0,1,1011,1,0",171,20,[NULL]
7,"0,4,965,1,0",171,20,[NULL]
0,"932,1,2",172,19,[NULL]
1,"1041,1,0",172,19,[NULL]
2,"1040,1,0",172,19,[NULL]
3,"1039,1,0",172,19,[NULL]
4,"0,1,1014,1,0",172,19,[NULL]
0,886,173,18,[NULL]
1,"285,1,52",173,18,[NULL]
2,"1042,1,0",173,18,[NULL]
3,"0,1,1016,1,0",173,18,[NULL]
4,"0,1,1015,1,0",173,18,[NULL]
5,"0,3,17,2,324,1,0",173,18,[NULL]
0,887,174,17,[NULL]
1,"320,1,44",174,17,[NULL]
2,"1045,1,0",174,17,[NULL]
3,"8,1,39,1,324,1,0",174,17,[NULL]
4,"0,1,1018,1,0",174,17,[NULL]
5,"0,1,1017,1,0",174,17,[NULL]
6,"0,2,1005,1,0",174,17,[NULL]
7,"0,3,59,1,324,1,0",174,17,[NULL]
0,"8,1,40,1,324,1,0",175,16,[NULL]
1,"2,1,967,1,0",175,16,[NULL]
2,"0,1,1021,1,0",175,16,[NULL]
3,"0,1,1020,1,0",175,16,[NULL]
0,888,176,15,[NULL]
1,"0,1,270,1,56",176,15,[NULL]
2,"935,1,2",176,15,[NULL]
3,"13,1,734,1,0",176,15,[NULL]
4,"0,1,1024,1,0",176,15,[NULL]
0,891,177,14,[NULL]
1,890,177,14,[NULL]
2,889,177,14,[NULL]
3,"288,1,52",177,14,[NULL]
4,"719,1,9",177,14,[NULL]
0,893,178,13,[NULL]
1,892,178,13,[NULL]
2,"18,1,509",178,13,[NULL]
3,"69,1,247",178,13,[NULL]
4,"938,1,2",178,13,[NULL]
0,895,179,12,[NULL]
1,894,179,12,[NULL]
2,"70,1,241",179,12,[NULL]
3,"368,1,42",179,12,[NULL]
4,"0,1,1027,1,0",179,12,[NULL]
0,"3,1,43,1,306",180,11,[NULL]
1,"64,1,324,1,0",180,11,[NULL]
2,"0,1,1028,1,0",180,11,[NULL]
0,896,181,10,[NULL]
1,"13,1,324,1,20",181,10,[NULL]
2,"0,1,17,1,18,1,324,1,0",181,10,[NULL]
0,"13,1,324,1,21",182,9,[NULL]
0,"2,1,324,1,42",183,8,[NULL]
1,"0,1,849,1,4",183,8,[NULL]
0,"324,1,44",184,7,[NULL]
1,"0,1,850,1,4",184,7,[NULL]
0,"0,192,0",0,192,[NULL]
0,"8,1,803,1,0",132,60,[NULL]
0,"8,1,804,1,0",133,59,[NULL]
0,"1,1,916,1,2",139,53,[NULL]
0,"0,4,969,1,0",140,52,[NULL]
0,"0,3,17,1,636,1,0",141,51,[NULL]
0,"8,1,805,1,0",142,50,[NULL]
0,"8,1,806,1,0",143,49,[NULL]
1,"0,1,1030,1,0",143,49,[NULL]
0,"17,1,663,1,0",144,48,[NULL]
0,"8,3,432,1,0",146,46,[NULL]
0,"0,1,1033,1,0",149,43,[NULL]
0,"0,1,875",150,42,[NULL]
0,"8,1,64,1,224,1,0",152,40,[NULL]
0,"8,1,64,1,225,1,0",153,39,[NULL]
1,"0,1,8,1,16,1,491,1,0",153,39,[NULL]
0,"0,1,8,1,17,1,491,1,0",154,38,[NULL]
0,"939,1,2",155,37,[NULL]
0,"0,9,919,1,0",156,36,[NULL]
0,"0,10,898,1,0",157,35,[NULL]
0,897,159,33,[NULL]
1,"0,3,64,3,0",159,33,[NULL]
0,"863,1,4",160,32,[NULL]
1,"13,8,0",160,32,[NULL]
2,"0,3,64,1,299,1,0",160,32,[NULL]
0,"8,1,642,1,4",161,31,[NULL]
1,"13,5,23,1,24,1,0",161,31,[NULL]
2,"0,5,963,1,0",161,31,[NULL]
0,"864,1,4",162,30,[NULL]
1,"64,2,72,1,0",162,30,[NULL]
2,"0,3,64,1,301,1,0",162,30,[NULL]
3,"0,4,974,1,0",162,30,[NULL]
0,"784,1,7",163,29,[NULL]
1,"0,1,8,1,797,1,0",163,29,[NULL]
2,"0,4,976,1,0",163,29,[NULL]
0,898,164,28,[NULL]
1,"13,1,537,1,7",164,28,[NULL]
2,"13,4,105,1,7",164,28,[NULL]
3,"0,1,17,1,655,1,0",164,28,[NULL]
4,"0,4,978,1,0",164,28,[NULL]
0,899,165,27,[NULL]
1,"9,1,13,2,23,1,75,1,7",165,27,[NULL]
2,"13,3,266,1,0",165,27,[NULL]
3,"2,1,973,1,0",165,27,[NULL]
4,"0,1,1035,1,0",165,27,[NULL]
0,"2,1,899,1,1",166,26,[NULL]
1,"13,3,267,1,0",166,26,[NULL]
0,"13,3,268,1,0",167,25,[NULL]
1,"2,1,978,1,0",167,25,[NULL]
0,900,168,24,[NULL]
1,"13,1,328,1,20",168,24,[NULL]
2,"876,1,3",168,24,[NULL]
3,"3,1,929,1,0",168,24,[NULL]
0,901,169,23,[NULL]
1,"877,1,3",169,23,[NULL]
2,"1049,1,0",169,23,[NULL]
3,"13,2,23,1,213,1,0",169,23,[NULL]
4,"0,1,1036,1,0",169,23,[NULL]
0,"23,1,417,1,7",170,22,[NULL]
1,"943,1,2",170,22,[NULL]
2,"65,1,324,1,0",170,22,[NULL]
3,"0,1,1037,1,0",170,22,[NULL]
0,"24,1,417,1,7",171,21,[NULL]
1,"44,1,324,1,4",171,21,[NULL]
2,"1051,1,0",171,21,[NULL]
3,"1050,1,0",171,21,[NULL]
4,"0,2,1011,1,0",171,21,[NULL]
0,902,172,20,[NULL]
1,"188,1,101",172,20,[NULL]
2,"286,1,55",172,20,[NULL]
3,"13,1,331,1,20",172,20,[NULL]
4,"0,1,1040,1,0",172,20,[NULL]
5,"0,1,1039,1,0",172,20,[NULL]
0,"287,1,55",173,19,[NULL]
1,"9,1,569,1,7",173,19,[NULL]
2,"1052,1,0",173,19,[NULL]
3,"0,2,1015,1,0",173,19,[NULL]
4,"0,4,17,2,324,1,0",173,19,[NULL]
0,903,174,18,[NULL]
1,"1053,1,0",174,18,[NULL]
2,"0,1,8,1,39,1,324,1,0",174,18,[NULL]
3,"0,4,59,1,324,1,0",174,18,[NULL]
0,905,175,17,[NULL]
1,904,175,17,[NULL]
2,"190,1,101",175,17,[NULL]
3,"0,1,8,1,40,1,324,1,0",175,17,[NULL]
0,907,176,16,[NULL]
1,906,176,16,[NULL]
2,"1,1,871",176,16,[NULL]
3,"787,1,7",176,16,[NULL]
4,"882,1,3",176,16,[NULL]
5,"1054,1,0",176,16,[NULL]
6,"3,2,843,1,0",176,16,[NULL]
0,908,177,15,[NULL]
1,"1,1,270,1,56",177,15,[NULL]
2,"732,1,9",177,15,[NULL]
3,"788,1,7",177,15,[NULL]
4,"2,1,991,1,0",177,15,[NULL]
5,"2,1,990,1,0",177,15,[NULL]
0,909,178,14,[NULL]
1,"734,1,9",178,14,[NULL]
2,"2,1,912,1,1",178,14,[NULL]
3,"1056,1,0",178,14,[NULL]
4,"1055,1,0",178,14,[NULL]
0,910,179,13,[NULL]
1,"884,1,3",179,13,[NULL]
2,"76,1,264,1,1",179,13,[NULL]
3,"1057,1,0",179,13,[NULL]
4,"0,2,1027,1,0",179,13,[NULL]
0,911,180,12,[NULL]
1,"0,1,64,1,324,1,0",180,12,[NULL]
2,"0,2,1028,1,0",180,12,[NULL]
0,"66,1,324,1,0",181,11,[NULL]
0,912,182,10,[NULL]
0,913,183,9,[NULL]
1,"8,1,18,1,324,1,4",183,9,[NULL]
2,"2,1,18,1,617,1,0",183,9,[NULL]
0,"18,1,324,1,13",184,8,[NULL]
1,"1,1,849,1,4",184,8,[NULL]
2,"67,1,324,1,0",184,8,[NULL]
3,"2,1,994,1,0",184,8,[NULL]
0,"1,1,850,1,4",185,7,[NULL]
1,"68,1,324,1,0",185,7,[NULL]
0,"1058,1,0",188,4,[NULL]
0,"18,2,324,1,0",189,3,[NULL]
0,"0,193,0",0,193,[NULL]
0,"951,1,2",131,62,[NULL]
0,"0,1,8,1,803,1,0",132,61,[NULL]
0,"0,1,8,1,804,1,0",133,60,[NULL]
0,"0,5,969,1,0",140,53,[NULL]
0,"0,4,17,1,636,1,0",141,52,[NULL]
0,"0,1,8,1,805,1,0",142,51,[NULL]
0,"0,1,8,1,806,1,0",143,50,[NULL]
0,"871,1,4",146,47,[NULL]
0,914,147,46,[NULL]
1,"685,1,11",147,46,[NULL]
0,"872,1,4",148,45,[NULL]
0,"873,1,4",149,44,[NULL]
1,"0,2,1033,1,0",149,44,[NULL]
0,"8,2,488,1,4",150,43,[NULL]
1,"1059,1,0",150,43,[NULL]
0,"64,1,224,1,6",151,42,[NULL]
1,"8,1,17,1,343,1,4",151,42,[NULL]
0,"725,1,10",152,41,[NULL]
1,"8,2,489,1,4",152,41,[NULL]
0,"8,2,490,1,4",153,40,[NULL]
1,"0,1,8,1,64,1,225,1,0",153,40,[NULL]
0,"8,4,206,1,4",154,39,[NULL]
1,"955,1,2",154,39,[NULL]
0,"8,3,17,1,160,1,4",155,38,[NULL]
0,"64,1,244,1,4",156,37,[NULL]
1,"8,2,491,1,4",156,37,[NULL]
2,"8,4,207,1,4",156,37,[NULL]
3,"0,10,919,1,0",156,37,[NULL]
0,"138,1,149,1,4",157,36,[NULL]
1,"16,1,17,1,260,1,4",157,36,[NULL]
2,"8,4,208,1,4",157,36,[NULL]
3,"0,11,898,1,0",157,36,[NULL]
0,"64,1,245,1,4",158,35,[NULL]
1,"17,2,260,1,4",158,35,[NULL]
2,"8,3,9,1,194,1,4",158,35,[NULL]
3,"1,1,149,2,2",158,35,[NULL]
0,"60,1,260,1,4",159,34,[NULL]
1,"8,1,653,1,4",159,34,[NULL]
2,"8,2,9,1,13,1,167,1,4",159,34,[NULL]
3,"0,4,64,3,0",159,34,[NULL]
0,"8,1,16,1,347,1,4",160,33,[NULL]
1,"8,1,9,1,13,1,248,1,4",160,33,[NULL]
2,"8,3,291,1,4",160,33,[NULL]
3,"0,4,64,1,299,1,0",160,33,[NULL]
0,"9,1,13,2,219,1,4",161,32,[NULL]
1,"8,1,17,1,347,1,4",161,32,[NULL]
2,"8,3,292,1,4",161,32,[NULL]
3,"0,6,963,1,0",161,32,[NULL]
0,"9,1,13,2,194,1,7",162,31,[NULL]
1,"8,1,22,1,292,1,4",162,31,[NULL]
2,"8,2,492,1,4",162,31,[NULL]
3,"0,4,64,1,301,1,0",162,31,[NULL]
0,"8,1,23,1,292,1,4",163,30,[NULL]
1,"8,3,293,1,4",163,30,[NULL]
2,"0,5,976,1,0",163,30,[NULL]
0,"13,2,346,1,4",164,29,[NULL]
1,"8,4,209,1,4",164,29,[NULL]
2,"0,5,978,1,0",164,29,[NULL]
0,"167,1,116",165,28,[NULL]
1,"13,5,62",165,28,[NULL]
2,"13,2,292,1,7",165,28,[NULL]
3,"8,3,294,1,4",165,28,[NULL]
4,"958,1,2",165,28,[NULL]
0,915,166,27,[NULL]
1,"13,2,23,1,83,1,20",166,27,[NULL]
2,"8,1,655,1,4",166,27,[NULL]
3,"8,2,13,1,261,1,4",166,27,[NULL]
4,"963,1,1",166,27,[NULL]
5,"13,5,95,1,0",166,27,[NULL]
0,"64,1,260",167,26,[NULL]
1,"209,1,90",167,26,[NULL]
2,"585,1,21",167,26,[NULL]
3,"875,1,4",167,26,[NULL]
4,"874,1,4",167,26,[NULL]
5,"8,1,13,1,423,1,4",167,26,[NULL]
6,"13,4,164,1,0",167,26,[NULL]
0,916,168,25,[NULL]
1,"0,1,900",168,25,[NULL]
2,"876,1,4",168,25,[NULL]
3,"64,1,250,1,4",168,25,[NULL]
4,"13,3,209,1,4",168,25,[NULL]
5,"0,1,3,1,929,1,0",168,25,[NULL]
0,"80,1,224",169,24,[NULL]
1,"587,1,21",169,24,[NULL]
2,"13,2,294,1,7",169,24,[NULL]
3,"878,1,4",169,24,[NULL]
4,"0,1,1049,1,0",169,24,[NULL]
0,917,170,23,[NULL]
1,"13,3,181,1,7",170,23,[NULL]
2,"89,1,209,1,4",170,23,[NULL]
3,"1063,1,0",170,23,[NULL]
4,"1062,1,0",170,23,[NULL]
0,"267,1,62",171,22,[NULL]
1,"798,1,7",171,22,[NULL]
2,"879,1,4",171,22,[NULL]
3,"959,1,2",171,22,[NULL]
4,"23,1,618,1,0",171,22,[NULL]
5,"0,1,1051,1,0",171,22,[NULL]
0,918,172,21,[NULL]
1,"13,1,335,1,20",172,21,[NULL]
2,"880,1,4",172,21,[NULL]
3,"13,1,75,1,188,1,0",172,21,[NULL]
4,"7,1,857,1,0",172,21,[NULL]
0,919,173,20,[NULL]
1,"1064,1,0",173,20,[NULL]
2,"13,1,75,1,189,1,0",173,20,[NULL]
3,"0,3,1015,1,0",173,20,[NULL]
0,921,174,19,[NULL]
1,920,174,19,[NULL]
2,"190,1,103",174,19,[NULL]
3,"286,1,56",174,19,[NULL]
4,"285,1,56",174,19,[NULL]
5,"293,1,52",174,19,[NULL]
6,"13,1,23,1,373,1,0",174,19,[NULL]
7,"0,5,59,1,324,1,0",174,19,[NULL]
0,"287,1,56",175,18,[NULL]
1,"92,1,209,1,4",175,18,[NULL]
2,"1068,1,0",175,18,[NULL]
3,"1067,1,0",175,18,[NULL]
4,"13,1,75,1,190,1,0",175,18,[NULL]
5,"13,1,23,1,376,1,0",175,18,[NULL]
6,"2,1,1002,1,0",175,18,[NULL]
0,923,176,17,[NULL]
1,922,176,17,[NULL]
2,"882,1,4",176,17,[NULL]
3,"965,1,1",176,17,[NULL]
4,"2,1,1004,1,0",176,17,[NULL]
0,925,177,16,[NULL]
1,924,177,16,[NULL]
2,"590,1,21",177,16,[NULL]
3,"8,1,19,1,324,1,4",177,16,[NULL]
4,"967,1,1",177,16,[NULL]
5,"1069,1,0",177,16,[NULL]
6,"67,1,333,1,0",177,16,[NULL]
0,928,178,15,[NULL]
1,927,178,15,[NULL]
2,926,178,15,[NULL]
3,"288,1,56",178,15,[NULL]
4,"324,1,45",178,15,[NULL]
5,"8,1,20,1,324,1,4",178,15,[NULL]
6,"1071,1,0",178,15,[NULL]
7,"0,1,1056,1,0",178,15,[NULL]
8,"0,1,1055,1,0",178,15,[NULL]
0,929,179,14,[NULL]
1,"75,1,241",179,14,[NULL]
2,"45,1,324,1,4",179,14,[NULL]
3,"18,1,591,1,2",179,14,[NULL]
4,"1073,1,0",179,14,[NULL]
5,"2,1,1008,1,0",179,14,[NULL]
6,"0,1,1057,1,0",179,14,[NULL]
0,930,180,13,[NULL]
1,"746,1,9",180,13,[NULL]
2,"46,1,324,1,4",180,13,[NULL]
3,"961,1,2",180,13,[NULL]
4,"0,2,64,1,324,1,0",180,13,[NULL]
0,"9,1,13,1,324,1,7",181,12,[NULL]
1,"1074,1,0",181,12,[NULL]
2,"0,1,66,1,324,1,0",181,12,[NULL]
0,"70,1,323,1,0",182,11,[NULL]
1,"18,2,333,1,0",182,11,[NULL]
0,"324,1,46",183,10,[NULL]
1,"18,1,659,1,0",183,10,[NULL]
2,"18,1,19,1,324,1,0",183,10,[NULL]
0,"18,1,523",184,9,[NULL]
1,"18,1,20,1,324,1,0",184,9,[NULL]
2,"0,1,67,1,324,1,0",184,9,[NULL]
0,"1,1,324,1,44",185,8,[NULL]
1,"0,1,68,1,324,1,0",185,8,[NULL]
0,"18,1,660,1,0",187,6,[NULL]
0,"70,1,324,1,0",188,5,[NULL]
1,"0,1,1058,1,0",188,5,[NULL]
0,"0,1,18,2,324,1,0",189,4,[NULL]
0,"0,194,0",0,194,[NULL]
0,931,131,63,[NULL]
0,"8,1,661,1,4",135,59,[NULL]
0,"16,1,554,1,4",136,58,[NULL]
0,"17,1,554,1,4",137,57,[NULL]
0,"886,1,4",138,56,[NULL]
0,"8,3,295,1,4",139,55,[NULL]
0,"8,3,296,1,4",140,54,[NULL]
1,"0,6,969,1,0",140,54,[NULL]
0,"8,1,16,1,17,1,183,1,4",141,53,[NULL]
0,"8,2,498,1,4",142,52,[NULL]
0,"8,5,145,1,4",143,51,[NULL]
0,"8,4,16,1,111,1,4",144,50,[NULL]
0,"8,1,662,1,4",145,49,[NULL]
1,"8,4,17,1,111,1,4",145,49,[NULL]
0,"8,1,663,1,4",146,48,[NULL]
1,"8,4,211,1,4",146,48,[NULL]
2,"16,1,685,1,0",146,48,[NULL]
0,"17,1,556,1,4",147,47,[NULL]
1,"8,7,49,1,4",147,47,[NULL]
2,"17,1,685,1,0",147,47,[NULL]
0,"17,1,403,1,11",148,46,[NULL]
1,"8,7,50,1,4",148,46,[NULL]
0,"8,3,297,1,4",149,45,[NULL]
1,"8,5,16,1,17,2,4",149,45,[NULL]
2,"0,3,1033,1,0",149,45,[NULL]
0,"8,3,298,1,4",150,44,[NULL]
1,"8,6,88,1,4",150,44,[NULL]
2,"0,1,1059,1,0",150,44,[NULL]
0,"8,2,17,1,238,1,4",151,43,[NULL]
1,"8,10,4",151,43,[NULL]
0,"8,1,17,2,185,1,4",152,42,[NULL]
1,"8,8,22,1,4",152,42,[NULL]
2,"1076,1,0",152,42,[NULL]
0,932,153,41,[NULL]
1,"8,5,146,1,4",153,41,[NULL]
2,"8,8,23,1,4",153,41,[NULL]
0,"8,5,147,1,4",154,40,[NULL]
1,"8,7,51,1,4",154,40,[NULL]
0,"16,1,64,1,137,1,4",155,39,[NULL]
1,"8,4,17,1,113,1,4",155,39,[NULL]
2,"8,6,13,3,4",155,39,[NULL]
0,"16,1,64,1,138,1,4",156,38,[NULL]
1,"8,3,17,1,162,1,4",156,38,[NULL]
2,"8,5,13,2,32,1,4",156,38,[NULL]
3,"64,1,343,1,0",156,38,[NULL]
4,"8,2,623,1,0",156,38,[NULL]
5,"0,11,919,1,0",156,38,[NULL]
0,"8,1,664,1,4",157,37,[NULL]
1,"8,4,13,3,23,1,4",157,37,[NULL]
2,"8,6,89,1,4",157,37,[NULL]
3,"8,1,17,1,516,1,0",157,37,[NULL]
4,"0,12,898,1,0",157,37,[NULL]
0,"8,1,665,1,4",158,36,[NULL]
1,"8,3,13,3,51,1,4",158,36,[NULL]
2,"8,5,9,1,80,1,4",158,36,[NULL]
0,"8,2,13,6,4",159,35,[NULL]
1,"8,3,64,2,4",159,35,[NULL]
2,"8,4,23,1,89,1,4",159,35,[NULL]
3,"0,5,64,3,0",159,35,[NULL]
0,"8,1,13,5,32,1,4",160,34,[NULL]
1,"8,3,299,1,4",160,34,[NULL]
2,"8,3,9,1,23,1,80,1,4",160,34,[NULL]
3,"0,5,64,1,299,1,0",160,34,[NULL]
0,"13,6,23,1,4",161,33,[NULL]
1,"8,2,499,1,4",161,33,[NULL]
2,"8,2,9,1,13,2,101,1,4",161,33,[NULL]
0,"13,5,51,1,7",162,32,[NULL]
1,"8,1,13,1,435,1,4",162,32,[NULL]
2,"8,1,9,1,13,3,80,1,4",162,32,[NULL]
0,"13,5,52,1,7",163,31,[NULL]
1,"9,1,13,2,23,1,101,1,4",163,31,[NULL]
2,"8,4,212,1,4",163,31,[NULL]
3,"13,4,167,1,0",163,31,[NULL]
0,"9,1,13,2,23,1,80,1,7",164,30,[NULL]
1,"8,3,13,1,188,1,4",164,30,[NULL]
2,"13,4,168,1,0",164,30,[NULL]
0,"64,1,254,1,4",165,29,[NULL]
1,"8,2,13,1,267,1,4",165,29,[NULL]
0,"64,1,255,1,4",166,28,[NULL]
1,"8,1,13,1,23,1,188,1,4",166,28,[NULL]
2,"963,1,2",166,28,[NULL]
3,"64,1,347,1,0",166,28,[NULL]
4,"8,2,627,1,0",166,28,[NULL]
5,"2,1,1010,1,0",166,28,[NULL]
0,"13,2,303,1,7",167,27,[NULL]
1,"13,3,212,1,4",167,27,[NULL]
2,"8,1,667,1,4",167,27,[NULL]
3,"973,1,1",167,27,[NULL]
4,"138,1,209,1,0",167,27,[NULL]
5,"17,1,690,1,0",167,27,[NULL]
6,"8,1,832,1,0",167,27,[NULL]
0,"13,3,188,1,7",168,26,[NULL]
1,"9,1,13,1,328,1,7",168,26,[NULL]
2,"8,1,668,1,4",168,26,[NULL]
3,"975,1,1",168,26,[NULL]
4,"1078,1,0",168,26,[NULL]
5,"23,1,627,1,0",168,26,[NULL]
0,"1,1,900",169,25,[NULL]
1,"13,3,189,1,7",169,25,[NULL]
2,"9,1,640,1,4",169,25,[NULL]
3,"978,1,1",169,25,[NULL]
4,"1080,1,0",169,25,[NULL]
5,"1079,1,0",169,25,[NULL]
6,"64,1,349,1,0",169,25,[NULL]
0,"347,1,44",170,24,[NULL]
1,"80,1,201,1,7",170,24,[NULL]
2,"3,1,877,1,2",170,24,[NULL]
3,"1081,1,0",170,24,[NULL]
4,"23,1,628,1,0",170,24,[NULL]
5,"0,1,1063,1,0",170,24,[NULL]
0,"7,1,721",171,23,[NULL]
1,"13,2,209,1,20",171,23,[NULL]
2,"13,3,190,1,7",171,23,[NULL]
3,"1082,1,0",171,23,[NULL]
4,"24,1,628,1,0",171,23,[NULL]
5,"0,2,1051,1,0",171,23,[NULL]
0,"9,1,13,1,331,1,7",172,22,[NULL]
1,"58,1,324,1,2",172,22,[NULL]
2,"1084,1,0",172,22,[NULL]
3,"1083,1,0",172,22,[NULL]
4,"23,1,629,1,0",172,22,[NULL]
5,"13,1,761,1,0",172,22,[NULL]
0,"964,1,2",173,21,[NULL]
1,"71,1,324,1,0",173,21,[NULL]
2,"3,1,959,1,0",173,21,[NULL]
3,"0,1,1064,1,0",173,21,[NULL]
0,"3,1,960,1,0",174,20,[NULL]
1,"0,6,59,1,324,1,0",174,20,[NULL]
0,933,175,19,[NULL]
1,"319,1,48",175,19,[NULL]
2,"0,1,1068,1,0",175,19,[NULL]
0,935,176,18,[NULL]
1,934,176,18,[NULL]
2,"1086,1,0",176,18,[NULL]
3,"67,1,336,1,0",176,18,[NULL]
0,936,177,17,[NULL]
1,"1,1,906",177,17,[NULL]
2,"351,1,44",177,17,[NULL]
3,"987,1,1",177,17,[NULL]
4,"8,2,16,1,324,1,0",177,17,[NULL]
5,"0,1,1069,1,0",177,17,[NULL]
6,"0,1,67,1,333,1,0",177,17,[NULL]
0,938,178,16,[NULL]
1,937,178,16,[NULL]
2,"2,1,871",178,16,[NULL]
3,"309,1,52",178,16,[NULL]
4,"69,1,287,1,2",178,16,[NULL]
5,"988,1,1",178,16,[NULL]
6,"1087,1,0",178,16,[NULL]
7,"8,2,17,1,324,1,0",178,16,[NULL]
8,"0,1,1071,1,0",178,16,[NULL]
9,"0,2,1055,1,0",178,16,[NULL]
0,"13,1,633",179,15,[NULL]
1,"322,1,48",179,15,[NULL]
2,"991,1,1",179,15,[NULL]
3,"990,1,1",179,15,[NULL]
4,"1088,1,0",179,15,[NULL]
5,"0,2,1057,1,0",179,15,[NULL]
0,939,180,14,[NULL]
1,"1090,1,0",180,14,[NULL]
2,"1089,1,0",180,14,[NULL]
3,"0,3,64,1,324,1,0",180,14,[NULL]
0,940,181,13,[NULL]
1,"1091,1,0",181,13,[NULL]
2,"0,2,66,1,324,1,0",181,13,[NULL]
0,"993,1,1",182,12,[NULL]
1,"13,1,32,1,324,1,0",182,12,[NULL]
2,"0,1,18,2,333,1,0",182,12,[NULL]
0,"324,1,47",183,11,[NULL]
1,"72,1,324,1,0",183,11,[NULL]
2,"13,1,33,1,324,1,0",183,11,[NULL]
3,"0,1,18,1,659,1,0",183,11,[NULL]
0,"0,1,18,1,20,1,324,1,0",184,10,[NULL]
1,"0,2,67,1,324,1,0",184,10,[NULL]
0,"18,1,617,1,1",185,9,[NULL]
0,"994,1,1",186,8,[NULL]
0,"324,1,48",187,7,[NULL]
1,"0,1,18,1,660,1,0",187,7,[NULL]
0,"18,2,341,1,0",188,6,[NULL]
1,"0,2,1058,1,0",188,6,[NULL]
0,"0,2,18,2,324,1,0",189,5,[NULL]
0,"0,195,0",0,195,[NULL]
0,"0,1,931",131,64,[NULL]
0,"1,1,951,1,2",132,63,[NULL]
0,"8,1,851,1,0",135,60,[NULL]
0,"8,1,852,1,0",136,59,[NULL]
0,"969,1,2",145,50,[NULL]
1,"8,2,635,1,0",145,50,[NULL]
0,"8,2,636,1,0",146,49,[NULL]
1,"0,1,16,1,685,1,0",146,49,[NULL]
0,"16,1,17,1,403,1,0",147,48,[NULL]
1,"0,1,17,1,685,1,0",147,48,[NULL]
0,"970,1,2",148,47,[NULL]
1,"17,2,403,1,0",148,47,[NULL]
0,"0,4,1033,1,0",149,46,[NULL]
0,"0,2,1059,1,0",150,45,[NULL]
0,"5,1,64,1,224,1,2",152,43,[NULL]
1,"0,1,1076,1,0",152,43,[NULL]
0,"1093,1,0",153,42,[NULL]
0,"8,1,64,1,237,1,0",155,40,[NULL]
0,"0,1,8,2,623,1,0",156,39,[NULL]
1,"0,12,919,1,0",156,39,[NULL]
0,"0,1,8,1,17,1,516,1,0",157,38,[NULL]
1,"0,13,898,1,0",157,38,[NULL]
0,"0,6,64,3,0",159,36,[NULL]
0,941,161,34,[NULL]
0,"889,1,4",162,33,[NULL]
0,"890,1,4",163,32,[NULL]
0,"13,5,23,1,20",164,31,[NULL]
1,"9,1,642,1,4",164,31,[NULL]
0,"821,1,7",165,30,[NULL]
1,"13,5,101,1,0",165,30,[NULL]
0,"0,1,64,1,347,1,0",166,29,[NULL]
1,"0,1,8,2,627,1,0",166,29,[NULL]
0,"0,1,138,1,209,1,0",167,28,[NULL]
1,"0,1,8,1,832,1,0",167,28,[NULL]
0,"13,1,167,1,62",168,27,[NULL]
1,"13,3,23,1,75,1,7",168,27,[NULL]
2,"64,1,293,1,2",168,27,[NULL]
3,"0,1,1078,1,0",168,27,[NULL]
4,"0,1,23,1,627,1,0",168,27,[NULL]
0,"13,1,357,1,20",169,26,[NULL]
1,"13,3,23,1,76,1,7",169,26,[NULL]
2,"978,1,2",169,26,[NULL]
3,"13,3,286,1,0",169,26,[NULL]
4,"0,1,1079,1,0",169,26,[NULL]
5,"0,1,64,1,349,1,0",169,26,[NULL]
0,"13,2,212,1,20",170,25,[NULL]
1,"13,3,287,1,0",170,25,[NULL]
2,"0,1,1081,1,0",170,25,[NULL]
3,"0,2,1063,1,0",170,25,[NULL]
0,942,171,24,[NULL]
1,"13,1,80,1,188,1,0",171,24,[NULL]
2,"0,1,1082,1,0",171,24,[NULL]
3,"0,3,1051,1,0",171,24,[NULL]
0,943,172,23,[NULL]
1,"13,1,32,1,257",172,23,[NULL]
2,"324,1,49",172,23,[NULL]
3,"0,1,1084,1,0",172,23,[NULL]
4,"0,1,1083,1,0",172,23,[NULL]
0,"13,2,213,1,20",173,22,[NULL]
1,"822,1,7",173,22,[NULL]
2,"13,3,288,1,0",173,22,[NULL]
3,"0,1,71,1,324,1,0",173,22,[NULL]
0,944,174,21,[NULL]
1,"823,1,7",174,21,[NULL]
2,"75,1,212,1,7",174,21,[NULL]
3,"13,2,532,1,0",174,21,[NULL]
4,"0,7,59,1,324,1,0",174,21,[NULL]
0,948,175,20,[NULL]
1,947,175,20,[NULL]
2,946,175,20,[NULL]
3,945,175,20,[NULL]
4,"76,1,212,1,7",175,20,[NULL]
5,"985,1,2",175,20,[NULL]
0,950,176,19,[NULL]
1,949,176,19,[NULL]
2,"0,1,934",176,19,[NULL]
3,"3,1,844",176,19,[NULL]
4,"13,1,569,1,7",176,19,[NULL]
0,952,177,18,[NULL]
1,951,177,18,[NULL]
2,"75,1,213,1,7",177,18,[NULL]
3,"13,1,570,1,7",177,18,[NULL]
4,"1002,1,1",177,18,[NULL]
5,"1096,1,0",177,18,[NULL]
6,"0,1,8,2,16,1,324,1,0",177,18,[NULL]
0,953,178,17,[NULL]
1,"1,1,925",178,17,[NULL]
2,"76,1,213,1,7",178,17,[NULL]
3,"988,1,2",178,17,[NULL]
4,"1004,1,1",178,17,[NULL]
5,"1097,1,0",178,17,[NULL]
6,"3,1,965,1,0",178,17,[NULL]
7,"0,1,8,2,17,1,324,1,0",178,17,[NULL]
8,"0,3,1055,1,0",178,17,[NULL]
0,958,179,16,[NULL]
1,957,179,16,[NULL]
2,956,179,16,[NULL]
3,955,179,16,[NULL]
4,954,179,16,[NULL]
5,"616,1,20",179,16,[NULL]
6,"59,1,324,1,2",179,16,[NULL]
7,"0,1,1088,1,0",179,16,[NULL]
8,"0,3,1057,1,0",179,16,[NULL]
0,959,180,15,[NULL]
1,"0,1,939",180,15,[NULL]
2,"2,1,891",180,15,[NULL]
3,"2,1,889",180,15,[NULL]
4,"67,1,273",180,15,[NULL]
5,"67,1,352,1,0",180,15,[NULL]
6,"0,1,1090,1,0",180,15,[NULL]
7,"0,4,64,1,324,1,0",180,15,[NULL]
0,"67,1,274",181,14,[NULL]
1,"1008,1,1",181,14,[NULL]
2,"1098,1,0",181,14,[NULL]
3,"0,1,1091,1,0",181,14,[NULL]
4,"0,3,66,1,324,1,0",181,14,[NULL]
0,"314,1,52",182,13,[NULL]
1,"313,1,52",182,13,[NULL]
2,"1099,1,0",182,13,[NULL]
0,961,183,12,[NULL]
1,960,183,12,[NULL]
2,"0,1,72,1,324,1,0",183,12,[NULL]
0,962,184,11,[NULL]
1,"48,1,324,1,4",184,11,[NULL]
0,"894,1,4",185,10,[NULL]
0,"69,1,273",186,9,[NULL]
1,"61,1,324,1,2",186,9,[NULL]
0,"73,1,324,1,0",187,8,[NULL]
1,"0,2,18,1,660,1,0",187,8,[NULL]
0,"75,1,324,1,0",188,7,[NULL]
1,"74,1,324,1,0",188,7,[NULL]
2,"0,3,1058,1,0",188,7,[NULL]
0,"76,1,324,1,0",189,6,[NULL]
1,"0,3,18,2,324,1,0",189,6,[NULL]
0,"0,196,0",0,196,[NULL]
0,"1101,1,0",131,65,[NULL]
0,"895,1,4",132,64,[NULL]
0,"0,1,8,1,851,1,0",135,61,[NULL]
0,"0,1,8,1,852,1,0",136,60,[NULL]
0,"0,1,8,2,635,1,0",145,51,[NULL]
0,"0,1,8,2,636,1,0",146,50,[NULL]
0,"0,2,17,1,685,1,0",147,49,[NULL]
0,"0,1,17,2,403,1,0",148,48,[NULL]
0,"8,1,685,1,4",149,47,[NULL]
1,"0,5,1033,1,0",149,47,[NULL]
0,"17,1,452,1,10",150,46,[NULL]
1,"0,3,1059,1,0",150,46,[NULL]
0,"8,1,686,1,4",151,45,[NULL]
0,"8,1,687,1,4",152,44,[NULL]
0,"8,2,16,1,244,1,4",153,43,[NULL]
0,"8,2,17,1,244,1,4",154,42,[NULL]
0,"896,1,4",155,41,[NULL]
1,"8,2,16,1,245,1,4",155,41,[NULL]
0,"725,1,11",156,40,[NULL]
1,"8,3,315,1,4",156,40,[NULL]
0,"8,5,149,1,4",157,39,[NULL]
0,"8,3,16,1,167,1,4",158,38,[NULL]
0,"64,1,257,1,4",159,37,[NULL]
1,"8,2,516,1,4",159,37,[NULL]
2,"8,4,218,1,4",159,37,[NULL]
0,"491,1,31",160,36,[NULL]
1,"138,1,160,1,4",160,36,[NULL]
2,"8,1,17,1,380,1,4",160,36,[NULL]
3,"8,4,219,1,4",160,36,[NULL]
0,"17,2,278,1,4",161,35,[NULL]
1,"8,1,688,1,4",161,35,[NULL]
2,"8,3,13,1,194,1,4",161,35,[NULL]
0,"42,1,380,1,4",162,34,[NULL]
1,"8,1,689,1,4",162,34,[NULL]
2,"8,2,13,2,167,1,4",162,34,[NULL]
0,"8,1,13,2,248,1,4",163,33,[NULL]
1,"8,2,517,1,4",163,33,[NULL]
2,"8,3,316,1,4",163,33,[NULL]
0,"13,3,219,1,4",164,32,[NULL]
1,"8,2,518,1,4",164,32,[NULL]
2,"8,2,9,1,292,1,4",164,32,[NULL]
3,"64,3,2",164,32,[NULL]
0,"13,3,194,1,7",165,31,[NULL]
1,"64,1,260,1,4",165,31,[NULL]
2,"8,1,23,1,316,1,4",165,31,[NULL]
3,"8,3,318,1,4",165,31,[NULL]
0,"13,2,23,1,150,1,7",166,30,[NULL]
1,"897,1,4",166,30,[NULL]
2,"9,1,23,1,292,1,4",166,30,[NULL]
3,"8,2,9,1,293,1,4",166,30,[NULL]
4,"13,1,784,1,0",166,30,[NULL]
5,"0,2,64,1,347,1,0",166,30,[NULL]
0,"2,1,898",167,29,[NULL]
1,"9,1,13,1,346,1,7",167,29,[NULL]
2,"8,3,9,1,209,1,4",167,29,[NULL]
3,"1,1,963,1,2",167,29,[NULL]
4,"1103,1,0",167,29,[NULL]
5,"13,2,537,1,0",167,29,[NULL]
6,"13,5,105,1,0",167,29,[NULL]
7,"0,2,138,1,209,1,0",167,29,[NULL]
0,"8,2,9,1,294,1,4",168,28,[NULL]
1,"1010,1,1",168,28,[NULL]
2,"0,2,23,1,627,1,0",168,28,[NULL]
0,"64,1,209,1,10",169,27,[NULL]
1,"8,1,690,1,4",169,27,[NULL]
2,"8,1,9,1,13,1,261,1,4",169,27,[NULL]
3,"0,2,1079,1,0",169,27,[NULL]
4,"0,2,64,1,349,1,0",169,27,[NULL]
0,"13,3,133,1,20",170,26,[NULL]
1,"760,1,10",170,26,[NULL]
2,"832,1,7",170,26,[NULL]
3,"901,1,4",170,26,[NULL]
4,"9,1,13,1,423,1,4",170,26,[NULL]
5,"998,1,2",170,26,[NULL]
6,"0,2,1081,1,0",170,26,[NULL]
7,"0,3,1063,1,0",170,26,[NULL]
0,963,171,25,[NULL]
1,"23,1,511",171,25,[NULL]
2,"9,1,13,2,209,1,7",171,25,[NULL]
3,"64,1,261,1,4",171,25,[NULL]
4,"64,1,308,1,2",171,25,[NULL]
5,"3,1,978,1,0",171,25,[NULL]
6,"0,4,1051,1,0",171,25,[NULL]
0,"833,1,7",172,24,[NULL]
1,"8,1,692,1,4",172,24,[NULL]
2,"0,2,1084,1,0",172,24,[NULL]
3,"0,2,1083,1,0",172,24,[NULL]
0,"628,1,19",173,23,[NULL]
1,"101,1,209,1,4",173,23,[NULL]
2,"1105,1,0",173,23,[NULL]
3,"67,1,359,1,0",173,23,[NULL]
4,"13,1,23,1,417,1,0",173,23,[NULL]
5,"0,2,71,1,324,1,0",173,23,[NULL]
0,964,174,22,[NULL]
1,"286,1,62",174,22,[NULL]
2,"604,1,22",174,22,[NULL]
3,"629,1,18",174,22,[NULL]
4,"80,1,209,1,7",174,22,[NULL]
5,"1,1,964,1,2",174,22,[NULL]
6,"68,1,359,1,0",174,22,[NULL]
7,"0,8,59,1,324,1,0",174,22,[NULL]
0,965,175,21,[NULL]
1,"302,1,56",175,21,[NULL]
2,"618,1,20",175,21,[NULL]
3,"629,1,19",175,21,[NULL]
4,"1106,1,0",175,21,[NULL]
5,"3,1,982,1,0",175,21,[NULL]
0,"618,1,21",176,20,[NULL]
1,"619,1,20",176,20,[NULL]
2,"49,1,324,1,4",176,20,[NULL]
3,"1108,1,0",176,20,[NULL]
4,"1107,1,0",176,20,[NULL]
5,"3,1,984,1,0",176,20,[NULL]
6,"2,1,1052,1,0",176,20,[NULL]
0,"1,1,934",177,19,[NULL]
1,"3,1,849",177,19,[NULL]
2,"840,1,7",177,19,[NULL]
3,"50,1,324,1,4",177,19,[NULL]
4,"1109,1,0",177,19,[NULL]
5,"67,1,363,1,0",177,19,[NULL]
6,"0,1,1096,1,0",177,19,[NULL]
0,"288,1,62",178,18,[NULL]
1,"620,1,21",178,18,[NULL]
2,"13,1,373,1,20",178,18,[NULL]
3,"841,1,7",178,18,[NULL]
4,"122,1,209,1,2",178,18,[NULL]
5,"1110,1,0",178,18,[NULL]
6,"0,1,1097,1,0",178,18,[NULL]
7,"0,1,3,1,965,1,0",178,18,[NULL]
8,"0,4,1055,1,0",178,18,[NULL]
0,"2,1,906",179,17,[NULL]
1,"13,1,190,1,56",179,17,[NULL]
2,"319,1,52",179,17,[NULL]
3,"1111,1,0",179,17,[NULL]
4,"13,1,787,1,0",179,17,[NULL]
5,"0,2,1088,1,0",179,17,[NULL]
6,"0,4,1057,1,0",179,17,[NULL]
0,"8,3,324,1,4",180,16,[NULL]
1,"1113,1,0",180,16,[NULL]
2,"2,2,990,1,0",180,16,[NULL]
3,"0,1,67,1,352,1,0",180,16,[NULL]
4,"0,5,64,1,324,1,0",180,16,[NULL]
0,"320,1,52",181,15,[NULL]
1,"8,1,22,1,324,1,4",181,15,[NULL]
2,"43,1,543,1,0",181,15,[NULL]
3,"2,1,1055,1,0",181,15,[NULL]
4,"0,1,1098,1,0",181,15,[NULL]
5,"0,4,66,1,324,1,0",181,15,[NULL]
0,"8,1,23,1,324,1,4",182,14,[NULL]
1,"1115,1,0",182,14,[NULL]
2,"1114,1,0",182,14,[NULL]
3,"43,1,544,1,0",182,14,[NULL]
4,"2,1,1057,1,0",182,14,[NULL]
5,"0,1,1099,1,0",182,14,[NULL]
0,966,183,13,[NULL]
1,"322,1,52",183,13,[NULL]
2,"51,1,324,1,4",183,13,[NULL]
3,"1116,1,0",183,13,[NULL]
0,"13,2,324,1,7",184,12,[NULL]
1,"1119,1,0",184,12,[NULL]
2,"1118,1,0",184,12,[NULL]
0,"323,1,52",185,11,[NULL]
1,"324,1,50",185,11,[NULL]
2,"1120,1,0",185,11,[NULL]
0,"324,1,51",186,10,[NULL]
0,"0,1,73,1,324,1,0",187,9,[NULL]
0,"0,1,75,1,324,1,0",188,8,[NULL]
1,"0,1,74,1,324,1,0",188,8,[NULL]
2,"0,4,1058,1,0",188,8,[NULL]
0,"18,1,24,1,324,1,0",189,7,[NULL]
1,"0,4,18,2,324,1,0",189,7,[NULL]
0,"850,1,7",190,6,[NULL]
0,"324,1,52",191,5,[NULL]
1,"2,1,1058,1,0",191,5,[NULL]
0,"2,1,18,2,324,1,0",192,4,[NULL]
0,"0,197,0",0,197,[NULL]
0,967,135,62,[NULL]
0,"8,1,700,1,4",138,59,[NULL]
0,968,139,58,[NULL]
1,"8,1,701,1,4",139,58,[NULL]
0,"17,1,579,1,4",140,57,[NULL]
0,"915,1,4",141,56,[NULL]
0,"8,3,325,1,4",142,55,[NULL]
0,"8,3,326,1,4",143,54,[NULL]
0,"916,1,4",144,53,[NULL]
1,"8,2,17,1,253,1,4",144,53,[NULL]
0,"917,1,4",145,52,[NULL]
1,"8,2,528,1,4",145,52,[NULL]
0,"8,5,152,1,4",146,51,[NULL]
1,"1,1,969,1,2",146,51,[NULL]
0,"8,5,153,1,4",147,50,[NULL]
1,"0,3,17,1,685,1,0",147,50,[NULL]
0,"8,1,16,1,402,1,4",148,49,[NULL]
1,"8,4,17,1,117,1,4",148,49,[NULL]
2,"0,2,17,2,403,1,0",148,49,[NULL]
0,"8,1,16,1,403,1,4",149,48,[NULL]
1,"8,4,223,1,4",149,48,[NULL]
2,"8,1,871,1,0",149,48,[NULL]
3,"0,6,1033,1,0",149,48,[NULL]
0,"8,1,17,1,403,1,4",150,47,[NULL]
1,"8,7,55,1,4",150,47,[NULL]
2,"0,4,1059,1,0",150,47,[NULL]
0,"42,1,402,1,4",151,46,[NULL]
1,"8,7,56,1,4",151,46,[NULL]
0,"8,4,224,1,4",152,45,[NULL]
1,"8,6,17,1,40,1,4",152,45,[NULL]
0,"8,4,225,1,4",153,44,[NULL]
1,"8,6,100,1,4",153,44,[NULL]
0,"8,2,16,1,17,1,138,1,4",154,43,[NULL]
1,"8,9,9,1,4",154,43,[NULL]
0,"224,1,90",155,42,[NULL]
1,"8,2,17,2,138,1,4",155,42,[NULL]
2,"8,8,29,1,4",155,42,[NULL]
3,"16,1,725,1,0",155,42,[NULL]
0,"918,1,4",156,41,[NULL]
1,"8,5,16,1,64,1,4",156,41,[NULL]
2,"8,7,9,1,23,1,4",156,41,[NULL]
3,"17,1,725,1,0",156,41,[NULL]
0,"50,1,379",157,40,[NULL]
1,"8,5,17,1,64,1,4",157,40,[NULL]
2,"8,6,9,1,51,1,4",157,40,[NULL]
0,"8,1,64,1,184,1,4",158,39,[NULL]
1,"8,5,154,1,4",158,39,[NULL]
2,"8,5,9,1,13,3,4",158,39,[NULL]
0,"8,1,64,1,185,1,4",159,38,[NULL]
1,"8,4,42,1,64,1,4",159,38,[NULL]
2,"8,4,9,1,13,2,32,1,4",159,38,[NULL]
3,"8,3,491,1,0",159,38,[NULL]
0,"8,2,529,1,4",160,37,[NULL]
1,"8,3,9,1,13,3,23,1,4",160,37,[NULL]
2,"8,6,101,1,4",160,37,[NULL]
3,"8,1,16,1,17,1,260,1,0",160,37,[NULL]
0,"8,1,17,1,404,1,4",161,36,[NULL]
1,"8,2,9,1,13,3,51,1,4",161,36,[NULL]
2,"8,5,13,1,80,1,4",161,36,[NULL]
0,"8,1,9,1,13,6,4",162,35,[NULL]
1,"8,3,64,1,72,1,4",162,35,[NULL]
2,"8,4,23,1,101,1,4",162,35,[NULL]
3,"1009,1,2",162,35,[NULL]
0,"9,1,13,5,32,1,4",163,34,[NULL]
1,"8,3,327,1,4",163,34,[NULL]
2,"8,3,13,1,23,1,80,1,4",163,34,[NULL]
0,"9,1,13,5,23,1,7",164,33,[NULL]
1,"8,2,17,1,255,1,4",164,33,[NULL]
2,"8,2,13,3,101,1,4",164,33,[NULL]
0,"8,1,13,4,80,1,4",165,32,[NULL]
1,"8,2,530,1,4",165,32,[NULL]
2,"64,1,380,1,0",165,32,[NULL]
0,"64,1,288",166,31,[NULL]
1,"13,3,23,1,101,1,4",166,31,[NULL]
2,"8,3,9,1,212,1,4",166,31,[NULL]
3,"113,1,260,1,0",166,31,[NULL]
4,"0,3,64,1,347,1,0",166,31,[NULL]
0,"13,2,219,1,20",167,30,[NULL]
1,"13,3,23,1,80,1,7",167,30,[NULL]
2,"920,1,4",167,30,[NULL]
3,"8,2,9,1,13,1,188,1,4",167,30,[NULL]
4,"0,3,138,1,209,1,0",167,30,[NULL]
0,"8,1,64,1,187,1,4",168,29,[NULL]
1,"8,1,9,1,13,1,267,1,4",168,29,[NULL]
2,"13,3,292,1,0",168,29,[NULL]
3,"0,3,23,1,627,1,0",168,29,[NULL]
0,"2,1,915",169,28,[NULL]
1,"9,1,13,1,23,1,188,1,4",169,28,[NULL]
2,"8,1,64,1,188,1,4",169,28,[NULL]
3,"64,1,382,1,0",169,28,[NULL]
4,"8,2,655,1,0",169,28,[NULL]
5,"0,3,1079,1,0",169,28,[NULL]
6,"0,3,64,1,349,1,0",169,28,[NULL]
0,"9,1,13,2,212,1,7",170,27,[NULL]
1,"8,1,704,1,4",170,27,[NULL]
2,"8,1,874,1,0",170,27,[NULL]
3,"0,3,1081,1,0",170,27,[NULL]
4,"0,4,1063,1,0",170,27,[NULL]
0,"13,2,328,1,7",171,26,[NULL]
1,"8,1,705,1,4",171,26,[NULL]
2,"0,1,3,1,978,1,0",171,26,[NULL]
3,"0,5,1051,1,0",171,26,[NULL]
0,"1,1,942",172,25,[NULL]
1,"13,1,581,1,7",172,25,[NULL]
2,"13,1,640,1,4",172,25,[NULL]
3,"1122,1,0",172,25,[NULL]
4,"13,3,294,1,0",172,25,[NULL]
5,"0,3,1084,1,0",172,25,[NULL]
0,"188,1,116",173,24,[NULL]
1,"80,1,212,1,7",173,24,[NULL]
2,"62,1,324,1,2",173,24,[NULL]
3,"1123,1,0",173,24,[NULL]
4,"13,4,181,1,0",173,24,[NULL]
5,"0,1,1105,1,0",173,24,[NULL]
6,"0,1,67,1,359,1,0",173,24,[NULL]
0,"628,1,20",174,23,[NULL]
1,"877,1,5",174,23,[NULL]
2,"0,1,68,1,359,1,0",174,23,[NULL]
3,"0,9,59,1,324,1,0",174,23,[NULL]
0,970,175,22,[NULL]
1,969,175,22,[NULL]
2,"0,1,965",175,22,[NULL]
3,"628,1,21",175,22,[NULL]
4,"13,2,331,1,7",175,22,[NULL]
0,971,176,21,[NULL]
1,"629,1,20",176,21,[NULL]
2,"13,2,332,1,7",176,21,[NULL]
3,"1011,1,2",176,21,[NULL]
4,"1124,1,0",176,21,[NULL]
5,"77,1,324,1,0",176,21,[NULL]
6,"0,1,1108,1,0",176,21,[NULL]
7,"0,1,3,1,984,1,0",176,21,[NULL]
0,"629,1,21",177,20,[NULL]
1,"1014,1,2",177,20,[NULL]
2,"1013,1,2",177,20,[NULL]
3,"1125,1,0",177,20,[NULL]
4,"78,1,324,1,0",177,20,[NULL]
5,"0,1,67,1,363,1,0",177,20,[NULL]
0,972,178,19,[NULL]
1,"209,1,101",178,19,[NULL]
2,"630,1,21",178,19,[NULL]
3,"1126,1,0",178,19,[NULL]
0,973,179,18,[NULL]
1,"1127,1,0",179,18,[NULL]
2,"75,1,335,1,0",179,18,[NULL]
3,"2,2,1004,1,0",179,18,[NULL]
0,974,180,17,[NULL]
1,"3,1,859",180,17,[NULL]
2,"76,1,335,1,0",180,17,[NULL]
3,"8,2,19,1,324,1,0",180,17,[NULL]
4,"3,1,1004,1,0",180,17,[NULL]
5,"0,6,64,1,324,1,0",180,17,[NULL]
0,975,181,16,[NULL]
1,"1023,1,2",181,16,[NULL]
2,"1129,1,0",181,16,[NULL]
3,"67,1,373,1,0",181,16,[NULL]
4,"0,1,43,1,543,1,0",181,16,[NULL]
5,"0,5,66,1,324,1,0",181,16,[NULL]
0,976,182,15,[NULL]
1,"67,1,283",182,15,[NULL]
2,"1131,1,0",182,15,[NULL]
3,"1130,1,0",182,15,[NULL]
0,"1134,1,0",183,14,[NULL]
1,"1133,1,0",183,14,[NULL]
2,"1132,1,0",183,14,[NULL]
0,"333,1,52",184,13,[NULL]
1,"1135,1,0",184,13,[NULL]
2,"0,1,1118,1,0",184,13,[NULL]
0,977,185,12,[NULL]
1,"1136,1,0",185,12,[NULL]
2,"0,1,1120,1,0",185,12,[NULL]
0,"13,1,324,1,24",186,11,[NULL]
1,"1138,1,0",186,11,[NULL]
2,"1137,1,0",186,11,[NULL]
3,"79,1,324,1,0",186,11,[NULL]
0,"324,1,53",187,10,[NULL]
1,"80,1,324,1,0",187,10,[NULL]
0,"0,5,1058,1,0",188,9,[NULL]
0,"0,5,18,2,324,1,0",189,8,[NULL]
0,"324,1,55",190,7,[NULL]
1,"324,1,54",190,7,[NULL]
2,"2,1,18,1,660,1,0",190,7,[NULL]
0,"18,2,285",191,6,[NULL]
1,"0,1,324,1,52",191,6,[NULL]
2,"2,1,70,1,324,1,0",191,6,[NULL]
0,"0,198,0",0,198,[NULL]
0,"1029,1,2",133,65,[NULL]
0,"1139,1,0",134,64,[NULL]
0,"1140,1,0",135,63,[NULL]
0,"8,2,661,1,0",138,60,[NULL]
0,"8,1,16,1,554,1,0",139,59,[NULL]
0,"1141,1,0",144,54,[NULL]
0,"1142,1,0",145,53,[NULL]
0,"0,4,17,1,685,1,0",147,51,[NULL]
0,"8,2,662,1,0",148,50,[NULL]
1,"0,3,17,2,403,1,0",148,50,[NULL]
0,"8,2,663,1,0",149,49,[NULL]
1,"0,7,1033,1,0",149,49,[NULL]
0,"0,5,1059,1,0",150,48,[NULL]
0,"1033,1,2",154,44,[NULL]
1,"64,1,402,1,0",154,44,[NULL]
0,"64,1,403,1,0",155,43,[NULL]
1,"0,1,16,1,725,1,0",155,43,[NULL]
0,"138,1,225,1,0",156,42,[NULL]
1,"0,1,17,1,725,1,0",156,42,[NULL]
0,"1143,1,0",157,41,[NULL]
0,"64,1,244,1,6",158,40,[NULL]
0,"0,1,8,3,491,1,0",159,39,[NULL]
0,"0,1,8,1,16,1,17,1,260,1,0",160,38,[NULL]
0,"42,1,491,1,2",161,37,[NULL]
0,"149,2,4",163,35,[NULL]
0,"927,1,4",164,34,[NULL]
0,"928,1,4",165,33,[NULL]
1,"1,1,64,3,2",165,33,[NULL]
2,"13,6,51,1,0",165,33,[NULL]
3,"0,1,64,1,380,1,0",165,33,[NULL]
0,"8,1,715,1,4",166,32,[NULL]
1,"13,6,52,1,0",166,32,[NULL]
2,"0,1,113,1,260,1,0",166,32,[NULL]
3,"0,4,64,1,347,1,0",166,32,[NULL]
0,"13,1,642,1,4",167,31,[NULL]
1,"0,4,138,1,209,1,0",167,31,[NULL]
0,"864,1,7",168,30,[NULL]
1,"0,4,23,1,627,1,0",168,30,[NULL]
0,978,169,29,[NULL]
1,"13,1,585,1,7",169,29,[NULL]
2,"13,3,23,1,83,1,7",169,29,[NULL]
3,"0,4,1079,1,0",169,29,[NULL]
4,"0,4,64,1,349,1,0",169,29,[NULL]
0,979,170,28,[NULL]
1,"9,1,13,3,133,1,7",170,28,[NULL]
2,"13,3,303,1,0",170,28,[NULL]
3,"0,1,8,1,874,1,0",170,28,[NULL]
4,"0,4,1081,1,0",170,28,[NULL]
5,"0,5,1063,1,0",170,28,[NULL]
0,"13,4,188,1,0",171,27,[NULL]
1,"0,2,3,1,978,1,0",171,27,[NULL]
2,"0,6,1051,1,0",171,27,[NULL]
0,"13,4,189,1,0",172,26,[NULL]
1,"0,4,1084,1,0",172,26,[NULL]
0,"23,1,286,1,20",173,25,[NULL]
1,"0,2,1105,1,0",173,25,[NULL]
0,980,174,24,[NULL]
1,"64,1,300",174,24,[NULL]
2,"930,1,4",174,24,[NULL]
3,"13,4,190,1,0",174,24,[NULL]
4,"0,10,59,1,324,1,0",174,24,[NULL]
0,981,175,23,[NULL]
1,"317,1,56",175,23,[NULL]
2,"13,2,335,1,7",175,23,[NULL]
3,"1146,1,0",175,23,[NULL]
4,"2,1,1083,1,0",175,23,[NULL]
0,"64,1,304",176,22,[NULL]
1,"639,1,21",176,22,[NULL]
2,"9,1,619,1,7",176,22,[NULL]
3,"931,1,4",176,22,[NULL]
4,"1050,1,1",176,22,[NULL]
5,"1147,1,0",176,22,[NULL]
6,"0,1,77,1,324,1,0",176,22,[NULL]
0,983,177,21,[NULL]
1,982,177,21,[NULL]
2,"3,1,266,1,56",177,21,[NULL]
3,"13,1,408,1,20",177,21,[NULL]
4,"865,1,7",177,21,[NULL]
5,"1149,1,0",177,21,[NULL]
6,"1148,1,0",177,21,[NULL]
7,"0,1,78,1,324,1,0",177,21,[NULL]
0,"9,1,13,1,373,1,7",178,20,[NULL]
1,"932,1,4",178,20,[NULL]
2,"1043,1,2",178,20,[NULL]
3,"1042,1,2",178,20,[NULL]
4,"1052,1,1",178,20,[NULL]
5,"1151,1,0",178,20,[NULL]
6,"1150,1,0",178,20,[NULL]
7,"3,1,1011,1,0",178,20,[NULL]
0,986,179,19,[NULL]
1,985,179,19,[NULL]
2,984,179,19,[NULL]
3,"67,2,56",179,19,[NULL]
4,"1153,1,0",179,19,[NULL]
5,"1152,1,0",179,19,[NULL]
6,"3,1,1014,1,0",179,19,[NULL]
0,987,180,18,[NULL]
1,"1046,1,2",180,18,[NULL]
2,"1155,1,0",180,18,[NULL]
3,"1154,1,0",180,18,[NULL]
4,"3,1,1016,1,0",180,18,[NULL]
5,"3,1,1015,1,0",180,18,[NULL]
6,"0,7,64,1,324,1,0",180,18,[NULL]
0,989,181,17,[NULL]
1,988,181,17,[NULL]
2,"66,1,294",181,17,[NULL]
3,"867,1,7",181,17,[NULL]
4,"1054,1,1",181,17,[NULL]
5,"1156,1,0",181,17,[NULL]
6,"3,1,1017,1,0",181,17,[NULL]
7,"0,1,1129,1,0",181,17,[NULL]
8,"0,6,66,1,324,1,0",181,17,[NULL]
0,"935,1,4",182,16,[NULL]
1,"1047,1,2",182,16,[NULL]
2,"2,1,991,1,1",182,16,[NULL]
3,"2,1,990,1,1",182,16,[NULL]
4,"1157,1,0",182,16,[NULL]
5,"3,1,1020,1,0",182,16,[NULL]
6,"2,1,1088,1,0",182,16,[NULL]
7,"0,1,1131,1,0",182,16,[NULL]
0,991,183,15,[NULL]
1,990,183,15,[NULL]
2,"336,1,52",183,15,[NULL]
3,"1055,1,1",183,15,[NULL]
4,"1158,1,0",183,15,[NULL]
5,"67,1,392,1,0",183,15,[NULL]
6,"0,1,1133,1,0",183,15,[NULL]
7,"0,1,1132,1,0",183,15,[NULL]
0,992,184,14,[NULL]
1,"18,1,575",184,14,[NULL]
2,"74,1,273",184,14,[NULL]
3,"938,1,4",184,14,[NULL]
4,"1057,1,1",184,14,[NULL]
5,"1159,1,0",184,14,[NULL]
6,"67,1,397,1,0",184,14,[NULL]
7,"0,1,1135,1,0",184,14,[NULL]
8,"0,2,1118,1,0",184,14,[NULL]
0,994,185,13,[NULL]
1,993,185,13,[NULL]
2,"338,1,52",185,13,[NULL]
3,"64,1,324,1,2",185,13,[NULL]
4,"1160,1,0",185,13,[NULL]
5,"0,1,1136,1,0",185,13,[NULL]
6,"0,2,1120,1,0",185,13,[NULL]
0,995,186,12,[NULL]
1,"1,1,323,1,52",186,12,[NULL]
2,"66,1,324,1,1",186,12,[NULL]
3,"1161,1,0",186,12,[NULL]
4,"0,1,79,1,324,1,0",186,12,[NULL]
0,"1,1,324,1,51",187,11,[NULL]
1,"1163,1,0",187,11,[NULL]
2,"1162,1,0",187,11,[NULL]
3,"0,1,80,1,324,1,0",187,11,[NULL]
0,"1164,1,0",188,10,[NULL]
1,"81,1,324,1,0",188,10,[NULL]
2,"0,6,1058,1,0",188,10,[NULL]
0,996,189,9,[NULL]
1,"1165,1,0",189,9,[NULL]
2,"83,1,324,1,0",189,9,[NULL]
3,"82,1,324,1,0",189,9,[NULL]
4,"0,6,18,2,324,1,0",189,9,[NULL]
0,997,190,8,[NULL]
1,"1166,1,0",190,8,[NULL]
2,"85,1,324,1,0",190,8,[NULL]
3,"84,1,324,1,0",190,8,[NULL]
0,"18,1,324,1,19",191,7,[NULL]
1,"86,1,324,1,0",191,7,[NULL]
2,"2,1,18,2,341,1,0",191,7,[NULL]
0,"324,1,56",192,6,[NULL]
1,"1,1,324,1,52",192,6,[NULL]
0,"1058,1,1",193,5,[NULL]
0,"18,2,324,1,1",194,4,[NULL]
0,"0,199,0",0,199,[NULL]
0,998,133,66,[NULL]
0,"0,1,1139,1,0",134,65,[NULL]
0,"0,1,1140,1,0",135,64,[NULL]
0,"0,1,8,2,661,1,0",138,61,[NULL]
0,"0,1,8,1,16,1,554,1,0",139,60,[NULL]
0,"1048,1,2",140,59,[NULL]
0,"0,1,1141,1,0",144,55,[NULL]
0,"0,1,1142,1,0",145,54,[NULL]
0,"0,5,17,1,685,1,0",147,52,[NULL]
0,"0,4,17,2,403,1,0",148,51,[NULL]
0,"0,1,8,2,663,1,0",149,50,[NULL]
0,"8,1,722,1,4",152,47,[NULL]
0,"17,1,595,1,4",153,46,[NULL]
0,"8,1,723,1,4",154,45,[NULL]
1,"0,1,64,1,402,1,0",154,45,[NULL]
0,"8,1,724,1,4",155,44,[NULL]
1,"0,1,64,1,403,1,0",155,44,[NULL]
0,"8,3,343,1,4",156,43,[NULL]
1,"0,2,17,1,725,1,0",156,43,[NULL]
0,"8,2,17,1,257,1,4",157,42,[NULL]
1,"0,1,1143,1,0",157,42,[NULL]
0,"8,1,725,1,4",158,41,[NULL]
1,"8,3,344,1,4",158,41,[NULL]
0,"17,1,491,1,10",159,40,[NULL]
1,"8,3,345,1,4",159,40,[NULL]
0,999,160,39,[NULL]
1,"8,5,160,1,4",160,39,[NULL]
0,"939,1,4",161,38,[NULL]
1,"8,4,232,1,4",161,38,[NULL]
0,"16,1,64,1,149,1,4",162,37,[NULL]
1,"8,2,16,1,260,1,4",162,37,[NULL]
2,"8,4,233,1,4",162,37,[NULL]
0,"16,1,598,1,4",163,36,[NULL]
1,"8,2,17,1,260,1,4",163,36,[NULL]
2,"8,3,9,1,219,1,4",163,36,[NULL]
3,"149,1,206,1,0",163,36,[NULL]
0,"16,1,17,1,292,1,4",164,35,[NULL]
1,"8,1,726,1,4",164,35,[NULL]
2,"8,2,9,1,13,1,194,1,4",164,35,[NULL]
0,"8,1,42,1,260,1,4",165,34,[NULL]
1,"8,1,9,1,13,2,167,1,4",165,34,[NULL]
2,"8,2,549,1,4",165,34,[NULL]
0,"9,1,13,2,248,1,4",166,33,[NULL]
1,"8,3,347,1,4",166,33,[NULL]
2,"8,3,346,1,4",166,33,[NULL]
3,"0,5,64,1,347,1,0",166,33,[NULL]
0,"9,1,13,2,219,1,7",167,32,[NULL]
1,"8,2,550,1,4",167,32,[NULL]
2,"8,2,13,1,292,1,4",167,32,[NULL]
3,"0,5,138,1,209,1,0",167,32,[NULL]
0,"64,1,278,1,4",168,31,[NULL]
1,"8,1,23,1,346,1,4",168,31,[NULL]
2,"8,3,348,1,4",168,31,[NULL]
0,1000,169,30,[NULL]
1,"940,1,4",169,30,[NULL]
2,"13,1,23,1,292,1,4",169,30,[NULL]
3,"8,3,350,1,4",169,30,[NULL]
0,"0,1,979",170,29,[NULL]
1,"13,3,51,1,62",170,29,[NULL]
2,"642,1,20",170,29,[NULL]
3,"13,2,346,1,7",170,29,[NULL]
4,"8,3,13,1,209,1,4",170,29,[NULL]
0,"642,1,21",171,28,[NULL]
1,"13,4,67,1,20",171,28,[NULL]
2,"8,2,13,1,294,1,4",171,28,[NULL]
3,"13,4,23,1,75,1,0",171,28,[NULL]
4,"0,7,1051,1,0",171,28,[NULL]
0,"64,1,279,1,4",172,27,[NULL]
1,"9,1,690,1,4",172,27,[NULL]
2,"8,1,13,2,261,1,4",172,27,[NULL]
3,"13,4,23,1,76,1,0",172,27,[NULL]
4,"0,5,1084,1,0",172,27,[NULL]
0,"627,1,22",173,26,[NULL]
1,"874,1,7",173,26,[NULL]
2,"64,1,280,1,4",173,26,[NULL]
3,"13,2,423,1,4",173,26,[NULL]
4,"149,1,209,1,0",173,26,[NULL]
5,"0,3,1105,1,0",173,26,[NULL]
0,"646,1,20",174,25,[NULL]
1,"876,1,7",174,25,[NULL]
2,"13,3,209,1,7",174,25,[NULL]
3,"8,1,729,1,4",174,25,[NULL]
4,"1169,1,0",174,25,[NULL]
5,"1168,1,0",174,25,[NULL]
6,"0,11,59,1,324,1,0",174,25,[NULL]
0,"646,1,21",175,24,[NULL]
1,"877,1,7",175,24,[NULL]
2,"13,2,67,1,75,1,7",175,24,[NULL]
3,"9,1,692,1,4",175,24,[NULL]
4,"1170,1,0",175,24,[NULL]
5,"0,1,1146,1,0",175,24,[NULL]
0,"13,1,188,1,62",176,23,[NULL]
1,"89,1,209,1,7",176,23,[NULL]
2,"1050,1,2",176,23,[NULL]
3,"1171,1,0",176,23,[NULL]
4,"64,1,418,1,0",176,23,[NULL]
5,"13,1,822,1,0",176,23,[NULL]
6,"0,1,1147,1,0",176,23,[NULL]
0,"347,1,52",177,22,[NULL]
1,"13,1,417,1,20",177,22,[NULL]
2,"959,1,3",177,22,[NULL]
3,"74,1,359,1,0",177,22,[NULL]
4,"13,1,75,1,212,1,0",177,22,[NULL]
5,"3,1,1037,1,0",177,22,[NULL]
6,"0,1,1149,1,0",177,22,[NULL]
0,"880,1,7",178,21,[NULL]
1,"1052,1,2",178,21,[NULL]
2,"76,1,359,1,0",178,21,[NULL]
3,"13,1,76,1,212,1,0",178,21,[NULL]
4,"0,1,1150,1,0",178,21,[NULL]
5,"0,1,3,1,1011,1,0",178,21,[NULL]
0,1001,179,20,[NULL]
1,"13,1,190,1,62",179,20,[NULL]
2,"328,1,56",179,20,[NULL]
3,"55,1,324,1,4",179,20,[NULL]
4,"13,2,569,1,0",179,20,[NULL]
5,"0,1,1153,1,0",179,20,[NULL]
6,"0,1,1152,1,0",179,20,[NULL]
7,"0,1,3,1,1014,1,0",179,20,[NULL]
0,1003,180,19,[NULL]
1,1002,180,19,[NULL]
2,"56,1,324,1,4",180,19,[NULL]
3,"2,1,1002,1,1",180,19,[NULL]
4,"1174,1,0",180,19,[NULL]
5,"13,1,75,1,213,1,0",180,19,[NULL]
6,"13,2,570,1,0",180,19,[NULL]
7,"0,1,1154,1,0",180,19,[NULL]
8,"0,1,3,1,1015,1,0",180,19,[NULL]
0,"335,1,55",181,18,[NULL]
1,"2,1,1004,1,1",181,18,[NULL]
2,"1175,1,0",181,18,[NULL]
3,"0,1,1156,1,0",181,18,[NULL]
0,1004,182,17,[NULL]
1,"2,1,955",182,17,[NULL]
2,"0,1,1157,1,0",182,17,[NULL]
0,"67,1,305",183,16,[NULL]
1,"331,1,56",183,16,[NULL]
2,"8,2,9,1,324,1,4",183,16,[NULL]
3,"1055,1,2",183,16,[NULL]
4,"0,1,67,1,392,1,0",183,16,[NULL]
0,1005,184,15,[NULL]
1,"332,1,56",184,15,[NULL]
2,"351,1,52",184,15,[NULL]
3,"373,1,48",184,15,[NULL]
4,"8,1,29,1,324,1,4",184,15,[NULL]
5,"1057,1,2",184,15,[NULL]
6,"0,1,1159,1,0",184,15,[NULL]
7,"0,1,67,1,397,1,0",184,15,[NULL]
0,1008,185,14,[NULL]
1,1007,185,14,[NULL]
2,1006,185,14,[NULL]
3,"0,1,994",185,14,[NULL]
4,"333,1,56",185,14,[NULL]
5,"9,1,23,1,324,1,4",185,14,[NULL]
6,"0,1,1160,1,0",185,14,[NULL]
0,1010,186,13,[NULL]
1,1009,186,13,[NULL]
2,"46,1,324,1,7",186,13,[NULL]
3,"0,1,1161,1,0",186,13,[NULL]
0,1011,187,12,[NULL]
1,"352,1,52",187,12,[NULL]
2,"0,1,1162,1,0",187,12,[NULL]
3,"0,2,80,1,324,1,0",187,12,[NULL]
0,"353,1,52",188,11,[NULL]
1,"1178,1,0",188,11,[NULL]
2,"0,1,81,1,324,1,0",188,11,[NULL]
3,"0,7,1058,1,0",188,11,[NULL]
0,"0,1,996",189,10,[NULL]
1,"324,1,57",189,10,[NULL]
2,"0,1,1165,1,0",189,10,[NULL]
3,"0,7,18,2,324,1,0",189,10,[NULL]
0,"0,1,84,1,324,1,0",190,9,[NULL]
0,"324,1,58",191,8,[NULL]
1,"2,1,75,1,324,1,0",191,8,[NULL]
2,"0,1,86,1,324,1,0",191,8,[NULL]
0,"0,1,324,1,56",192,7,[NULL]
1,"18,1,324,1,20",192,7,[NULL]
2,"18,1,660,1,1",192,7,[NULL]
3,"2,1,76,1,324,1,0",192,7,[NULL]
0,"1058,1,2",193,6,[NULL]
1,"70,1,324,1,1",193,6,[NULL]
0,"18,2,324,1,2",194,5,[NULL]
0,"0,200,0",0,200,[NULL]
0,"0,2,1139,1,0",134,66,[NULL]
0,"0,2,1140,1,0",135,65,[NULL]
0,"951,1,4",137,63,[NULL]
0,"804,1,10",138,62,[NULL]
0,"8,2,553,1,4",141,59,[NULL]
0,"8,2,554,1,4",142,58,[NULL]
0,"16,1,17,1,296,1,4",143,57,[NULL]
0,"8,1,736,1,4",144,56,[NULL]
0,"8,4,236,1,4",145,55,[NULL]
0,"8,3,16,1,183,1,4",146,54,[NULL]
0,"952,1,4",147,53,[NULL]
1,"8,3,17,1,183,1,4",147,53,[NULL]
0,"953,1,4",148,52,[NULL]
1,"8,3,354,1,4",148,52,[NULL]
0,"8,6,110,1,4",149,51,[NULL]
0,"8,6,111,1,4",150,50,[NULL]
0,"8,2,555,1,4",151,49,[NULL]
1,"8,4,16,1,17,1,50,1,4",151,49,[NULL]
0,"635,1,22",152,48,[NULL]
1,"8,2,556,1,4",152,48,[NULL]
2,"8,5,161,1,4",152,48,[NULL]
0,"8,1,17,1,433,1,4",153,47,[NULL]
1,"8,8,31,1,4",153,47,[NULL]
0,"17,2,298,1,4",154,46,[NULL]
1,"8,7,16,1,17,1,4",154,46,[NULL]
2,"0,2,64,1,402,1,0",154,46,[NULL]
0,"8,4,237,1,4",155,45,[NULL]
1,"8,7,17,2,4",155,45,[NULL]
2,"1,1,1033,1,2",155,45,[NULL]
3,"0,2,64,1,403,1,0",155,45,[NULL]
0,"8,4,238,1,4",156,44,[NULL]
1,"8,7,60,1,4",156,44,[NULL]
2,"0,3,17,1,725,1,0",156,44,[NULL]
0,"64,1,224,1,10",157,43,[NULL]
1,"8,3,17,1,185,1,4",157,43,[NULL]
2,"8,9,13,1,4",157,43,[NULL]
3,"0,2,1143,1,0",157,43,[NULL]
0,"64,1,225,1,10",158,42,[NULL]
1,"8,2,17,2,147,1,4",158,42,[NULL]
2,"8,8,32,1,4",158,42,[NULL]
3,"8,1,896,1,0",158,42,[NULL]
0,"954,1,4",159,41,[NULL]
1,"8,6,112,1,4",159,41,[NULL]
2,"8,7,13,1,23,1,4",159,41,[NULL]
3,"5,1,64,1,244,1,2",159,41,[NULL]
4,"17,1,759,1,0",159,41,[NULL]
0,"955,1,4",160,40,[NULL]
1,"8,6,113,1,4",160,40,[NULL]
2,"8,6,13,1,51,1,4",160,40,[NULL]
0,"8,2,64,1,137,1,4",161,39,[NULL]
1,"8,5,162,1,4",161,39,[NULL]
2,"8,5,13,4,4",161,39,[NULL]
0,"8,2,64,1,138,1,4",162,38,[NULL]
1,"8,4,23,1,113,1,4",162,38,[NULL]
2,"8,4,13,3,32,1,4",162,38,[NULL]
3,"8,3,516,1,0",162,38,[NULL]
0,"8,2,557,1,4",163,37,[NULL]
1,"8,3,13,4,23,1,4",163,37,[NULL]
2,"8,5,9,1,101,1,4",163,37,[NULL]
0,"8,2,559,1,4",164,36,[NULL]
1,"8,2,13,4,51,1,4",164,36,[NULL]
2,"8,4,9,1,13,1,80,1,4",164,36,[NULL]
0,"8,1,13,7,4",165,35,[NULL]
1,"8,3,16,1,187,1,4",165,35,[NULL]
2,"8,3,9,1,23,1,101,1,4",165,35,[NULL]
0,"13,6,32,1,4",166,34,[NULL]
1,"8,2,9,1,13,1,23,1,80,1,4",166,34,[NULL]
2,"8,3,16,1,188,1,4",166,34,[NULL]
3,"0,6,64,1,347,1,0",166,34,[NULL]
0,"13,6,23,1,7",167,33,[NULL]
1,"8,1,9,1,13,3,101,1,4",167,33,[NULL]
2,"8,3,17,1,188,1,4",167,33,[NULL]
0,1012,168,32,[NULL]
1,"13,6,24,1,7",168,32,[NULL]
2,"9,1,13,4,80,1,4",168,32,[NULL]
3,"8,2,17,1,267,1,4",168,32,[NULL]
4,"13,4,194,1,0",168,32,[NULL]
5,"8,1,64,1,260,1,0",168,32,[NULL]
0,"9,1,13,2,23,1,101,1,7",169,31,[NULL]
1,"956,1,4",169,31,[NULL]
2,"8,3,13,1,212,1,4",169,31,[NULL]
3,"13,3,23,1,150,1,0",169,31,[NULL]
4,"8,1,897,1,0",169,31,[NULL]
0,"957,1,4",170,30,[NULL]
1,"8,2,13,2,188,1,4",170,30,[NULL]
2,"2,1,1103,1,0",170,30,[NULL]
0,"958,1,4",171,29,[NULL]
1,"8,1,64,1,201,1,4",171,29,[NULL]
2,"8,1,13,2,267,1,4",171,29,[NULL]
3,"0,8,1051,1,0",171,29,[NULL]
0,"13,2,357,1,7",172,28,[NULL]
1,"13,2,23,1,188,1,4",172,28,[NULL]
2,"8,1,72,1,188,1,4",172,28,[NULL]
3,"8,2,690,1,0",172,28,[NULL]
4,"0,6,1084,1,0",172,28,[NULL]
0,"13,3,212,1,7",173,27,[NULL]
1,"9,1,23,1,286,1,7",173,27,[NULL]
2,"8,1,738,1,4",173,27,[NULL]
3,"13,1,832,1,0",173,27,[NULL]
4,"8,1,901,1,0",173,27,[NULL]
5,"0,1,149,1,209,1,0",173,27,[NULL]
6,"0,4,1105,1,0",173,27,[NULL]
0,"13,2,360,1,7",174,26,[NULL]
1,"9,1,705,1,4",174,26,[NULL]
2,"1182,1,0",174,26,[NULL]
3,"23,1,690,1,0",174,26,[NULL]
4,"9,1,876,1,0",174,26,[NULL]
5,"0,1,1169,1,0",174,26,[NULL]
0,"9,1,640,1,7",175,25,[NULL]
1,"1,1,930,1,4",175,25,[NULL]
2,"1062,1,2",175,25,[NULL]
3,"13,1,833,1,0",175,25,[NULL]
4,"0,2,1146,1,0",175,25,[NULL]
0,1013,176,24,[NULL]
1,"13,1,423,1,20",176,24,[NULL]
2,"13,3,213,1,7",176,24,[NULL]
3,"0,1,64,1,418,1,0",176,24,[NULL]
4,"0,2,1147,1,0",176,24,[NULL]
0,"9,1,13,1,408,1,7",177,23,[NULL]
1,"1083,1,1",177,23,[NULL]
2,"23,1,691,1,0",177,23,[NULL]
3,"13,1,80,1,209,1,0",177,23,[NULL]
4,"0,1,3,1,1037,1,0",177,23,[NULL]
5,"0,2,1149,1,0",177,23,[NULL]
0,"822,1,9",178,22,[NULL]
1,"1064,1,2",178,22,[NULL]
2,"7,1,930,1,0",178,22,[NULL]
3,"0,2,1150,1,0",178,22,[NULL]
0,1014,179,21,[NULL]
1,"1066,1,2",179,21,[NULL]
2,"8,1,49,1,324,1,0",179,21,[NULL]
3,"0,2,1152,1,0",179,21,[NULL]
0,1016,180,20,[NULL]
1,1015,180,20,[NULL]
2,"359,1,52",180,20,[NULL]
3,"1068,1,2",180,20,[NULL]
4,"8,1,50,1,324,1,0",180,20,[NULL]
5,"0,2,1154,1,0",180,20,[NULL]
0,1018,181,19,[NULL]
1,1017,181,19,[NULL]
2,"0,1,1175,1,0",181,19,[NULL]
0,1019,182,18,[NULL]
1,"3,1,905",182,18,[NULL]
2,"3,1,904",182,18,[NULL]
3,"824,1,9",182,18,[NULL]
4,"965,1,3",182,18,[NULL]
5,"1070,1,2",182,18,[NULL]
0,1021,183,17,[NULL]
1,1020,183,17,[NULL]
2,"3,1,906",183,17,[NULL]
3,"335,1,56",183,17,[NULL]
4,"1072,1,2",183,17,[NULL]
5,"1087,1,1",183,17,[NULL]
6,"1185,1,0",183,17,[NULL]
7,"1184,1,0",183,17,[NULL]
0,1024,184,16,[NULL]
1,1023,184,16,[NULL]
2,1022,184,16,[NULL]
3,"333,1,58",184,16,[NULL]
4,"363,1,52",184,16,[NULL]
5,"428,1,44",184,16,[NULL]
6,"1088,1,1",184,16,[NULL]
7,"1186,1,0",184,16,[NULL]
0,1026,185,15,[NULL]
1,1025,185,15,[NULL]
2,"67,1,314",185,15,[NULL]
3,"18,1,591,1,4",185,15,[NULL]
4,"1188,1,0",185,15,[NULL]
5,"1187,1,0",185,15,[NULL]
6,"75,1,373,1,0",185,15,[NULL]
7,"3,1,1056,1,0",185,15,[NULL]
8,"2,2,1057,1,0",185,15,[NULL]
0,"352,1,54",186,14,[NULL]
1,"961,1,4",186,14,[NULL]
2,"1,1,64,1,324,1,2",186,14,[NULL]
3,"1192,1,0",186,14,[NULL]
4,"1191,1,0",186,14,[NULL]
5,"1190,1,0",186,14,[NULL]
6,"75,1,376,1,0",186,14,[NULL]
7,"3,1,1057,1,0",186,14,[NULL]
8,"0,2,1161,1,0",186,14,[NULL]
0,"366,1,52",187,13,[NULL]
1,"1195,1,0",187,13,[NULL]
2,"1194,1,0",187,13,[NULL]
3,"1193,1,0",187,13,[NULL]
4,"76,1,376,1,0",187,13,[NULL]
5,"13,3,324,1,0",187,13,[NULL]
6,"2,1,1118,1,0",187,13,[NULL]
7,"0,2,1162,1,0",187,13,[NULL]
8,"0,3,80,1,324,1,0",187,13,[NULL]
0,"367,1,52",188,12,[NULL]
1,"1196,1,0",188,12,[NULL]
2,"23,1,24,1,324,1,0",188,12,[NULL]
3,"2,1,1120,1,0",188,12,[NULL]
4,"0,1,1178,1,0",188,12,[NULL]
5,"0,2,81,1,324,1,0",188,12,[NULL]
6,"0,8,1058,1,0",188,12,[NULL]
0,1027,189,11,[NULL]
1,"1199,1,0",189,11,[NULL]
2,"1198,1,0",189,11,[NULL]
3,"1197,1,0",189,11,[NULL]
4,"90,1,324,1,0",189,11,[NULL]
5,"89,1,324,1,0",189,11,[NULL]
0,"1,1,996",190,10,[NULL]
1,"324,1,59",190,10,[NULL]
2,"368,1,52",190,10,[NULL]
3,"1200,1,0",190,10,[NULL]
0,"324,1,60",191,9,[NULL]
1,"1201,1,0",191,9,[NULL]
2,"3,1,67,1,324,1,0",191,9,[NULL]
0,1028,192,8,[NULL]
1,"18,1,660,1,2",192,8,[NULL]
2,"3,1,68,1,324,1,0",192,8,[NULL]
3,"2,1,18,1,24,1,324,1,0",192,8,[NULL]
0,"1,1,324,1,56",193,7,[NULL]
1,"70,1,324,1,2",193,7,[NULL]
2,"18,2,341,1,1",193,7,[NULL]
3,"91,1,324,1,0",193,7,[NULL]
0,"2,1,324,1,52",194,6,[NULL]
1,"93,1,324,1,0",194,6,[NULL]
2,"92,1,324,1,0",194,6,[NULL]
3,"2,2,1058,1,0",194,6,[NULL]
0,"94,1,324,1,0",195,5,[NULL]
1,"3,1,1058,1,0",195,5,[NULL]
