stem,s,base,diff,level
0,0,0,[NULL],9000
0,1,0,[NULL],9000
0,2,0,[NULL],9000
0,3,0,[NULL],9000
2,1,0,[NULL],9000
0,4,0,[NULL],9000
2,2,0,[NULL],9000
3,1,0,[NULL],9000
0,5,0,[NULL],9000
2,3,0,[NULL],9000
3,2,0,[NULL],9000
0,6,0,[NULL],9000
2,4,0,[NULL],9000
0,7,0,[NULL],9000
2,5,0,[NULL],9000
0,8,0,[NULL],9000
2,6,0,[NULL],9000
7,1,0,[NULL],9000
0,9,0,[NULL],9000
2,7,0,[NULL],9000
6,3,0,[NULL],9000
7,2,0,[NULL],9000
0,10,0,[NULL],9000
2,8,0,[NULL],9000
6,4,0,[NULL],9000
7,3,0,[NULL],9000
8,2,0,[NULL],9000
0,11,0,[NULL],9000
2,9,0,[NULL],9000
6,5,0,[NULL],9000
7,4,0,[NULL],9000
9,2,0,[NULL],9000
0,12,0,[NULL],9000
2,10,0,[NULL],9000
6,6,0,[NULL],9000
9,3,0,[NULL],9000
9,3,1,[NULL],9000
0,13,0,[NULL],9000
2,11,0,[NULL],9000
6,7,0,[NULL],9000
9,4,0,[NULL],9000
0,14,0,[NULL],9000
2,12,0,[NULL],9000
6,8,0,[NULL],9000
9,5,0,[NULL],9000
13,1,0,[NULL],9000
0,15,0,[NULL],9000
2,13,0,[NULL],9000
6,9,0,[NULL],9000
11,4,0,[NULL],9000
13,2,0,[NULL],9000
0,16,0,[NULL],9000
2,14,0,[NULL],9000
6,10,0,[NULL],9000
11,5,0,[NULL],9000
13,3,0,[NULL],9000
14,2,1,[NULL],9000
14,2,0,[NULL],9000
15,1,0,1,9998
0,17,0,[NULL],9000
2,15,0,[NULL],9000
6,11,0,[NULL],9000
11,6,0,[NULL],9000
13,4,0,[NULL],9000
14,3,1,0,2
14,3,0,[NULL],9000
15,2,0,0,9997
0,18,0,[NULL],9000
2,16,0,[NULL],9000
6,12,0,[NULL],9000
13,5,0,[NULL],9000
14,4,0,[NULL],9000
15,3,0,[NULL],9000
15,3,1,[NULL],9000
16,2,0,[NULL],9000
0,19,0,[NULL],9000
2,17,0,[NULL],9000
6,13,0,[NULL],9000
13,6,0,[NULL],9000
14,5,0,0,3
15,4,0,[NULL],9000
15,4,1,[NULL],9000
16,3,0,[NULL],9000
17,2,0,0,9997
0,20,0,[NULL],9000
2,18,0,[NULL],9000
6,14,0,[NULL],9000
13,7,0,[NULL],9000
15,5,0,[NULL],9000
17,3,0,[NULL],9000
18,2,0,[NULL],9000
0,21,0,[NULL],9000
2,19,0,[NULL],9000
6,15,0,[NULL],9000
15,6,0,[NULL],9000
16,5,0,0,3
17,4,1,[NULL],9000
17,4,0,[NULL],9000
18,3,0,[NULL],9000
0,22,0,[NULL],9000
2,20,0,[NULL],9000
6,16,0,[NULL],9000
15,7,0,[NULL],9000
16,6,0,[NULL],9000
17,5,1,[NULL],9000
17,5,0,[NULL],9000
18,4,0,1,9998
19,3,0,[NULL],9000
20,2,0,[NULL],9000
0,23,0,[NULL],9000
2,21,0,[NULL],9000
6,17,0,[NULL],9000
15,8,0,[NULL],9000
17,6,1,0,2
17,6,0,[NULL],9000
20,3,0,[NULL],9000
0,24,0,[NULL],9000
2,22,0,[NULL],9000
6,18,0,[NULL],9000
17,7,0,[NULL],9000
17,7,1,[NULL],9000
20,4,0,[NULL],9000
20,4,1,[NULL],9000
21,3,0,[NULL],9000
0,25,0,[NULL],9000
2,23,0,[NULL],9000
6,19,0,[NULL],9000
17,8,0,[NULL],9000
20,5,0,[NULL],9000
20,5,1,[NULL],9000
21,4,0,[NULL],9000
0,26,0,[NULL],9000
2,24,0,[NULL],9000
6,20,0,[NULL],9000
17,9,0,[NULL],9000
21,5,0,[NULL],9000
22,4,0,[NULL],9000
23,3,0,[NULL],9000
0,27,0,[NULL],9000
2,25,0,[NULL],9000
6,21,0,[NULL],9000
19,8,0,[NULL],9000
21,6,0,[NULL],9000
0,28,0,[NULL],9000
2,26,0,[NULL],9000
6,22,0,[NULL],9000
19,9,0,[NULL],9000
21,7,0,[NULL],9000
22,6,0,[NULL],9000
23,5,0,[NULL],9000
24,4,0,[NULL],9000
0,29,0,[NULL],9000
2,27,0,[NULL],9000
6,23,0,[NULL],9000
19,10,0,[NULL],9000
21,8,0,[NULL],9000
22,7,0,[NULL],9000
23,6,0,0,9998
0,30,0,[NULL],9000
2,28,0,[NULL],9000
6,24,0,[NULL],9000
21,9,0,[NULL],9000
22,8,0,0,2
23,7,0,[NULL],9000
23,7,1,0,9998
27,3,0,[NULL],9000
0,31,0,[NULL],9000
2,29,0,[NULL],9000
6,25,0,[NULL],9000
21,10,0,[NULL],9000
22,9,0,1,2
23,8,0,[NULL],9000
23,8,1,[NULL],9000
26,5,0,[NULL],9000
0,32,0,[NULL],9000
2,30,0,[NULL],9000
6,26,0,[NULL],9000
21,11,0,[NULL],9000
23,9,0,[NULL],9000
25,7,0,0,9998
26,6,0,1,9998
28,4,0,[NULL],9000
30,2,0,[NULL],9000
31,1,0,0,9998
0,33,0,[NULL],9000
2,31,0,[NULL],9000
6,27,0,[NULL],9000
23,10,0,[NULL],9000
24,9,0,0,2
25,8,1,0,2
25,8,0,[NULL],9000
26,7,0,1,9998
29,4,0,[NULL],9000
30,3,0,0,2
31,2,0,0,9998
0,34,0,[NULL],9000
2,32,0,[NULL],9000
6,28,0,[NULL],9000
23,11,0,[NULL],9000
24,10,0,[NULL],9000
25,9,1,0,2
25,9,0,[NULL],9000
26,8,0,1,9998
30,4,0,0,2
31,3,0,1,9998
0,35,0,[NULL],9000
2,33,0,[NULL],9000
6,29,0,[NULL],9000
23,12,0,[NULL],9000
25,10,1,0,2
25,10,0,[NULL],9000
28,7,0,[NULL],9000
29,6,0,0,9998
30,5,1,0,2
30,5,0,[NULL],9000
31,4,0,0,9997
32,3,0,[NULL],9000
33,2,0,0,9998
0,36,0,[NULL],9000
2,34,0,[NULL],9000
6,30,0,[NULL],9000
25,11,0,[NULL],9000
25,11,1,[NULL],9000
28,8,0,0,2
29,7,0,0,9998
30,6,0,[NULL],9000
31,5,0,[NULL],9000
31,5,1,0,9997
32,4,0,0,2
32,4,1,[NULL],9000
33,3,0,[NULL],9000
33,3,1,0,9998
34,2,0,[NULL],9000
0,37,0,[NULL],9000
2,35,0,[NULL],9000
6,31,0,[NULL],9000
25,12,0,[NULL],9000
28,9,0,0,2
29,8,0,[NULL],9000
30,7,0,0,3
31,6,0,0,9997
32,5,0,1,2
33,4,1,[NULL],9000
33,4,0,2,9998
34,3,0,[NULL],9000
0,38,0,[NULL],9000
2,36,0,[NULL],9000
6,32,0,[NULL],9000
25,13,0,[NULL],9000
29,9,0,[NULL],9000
30,8,0,1,3
31,7,0,0,9997
31,7,1,1,9997
32,6,2,0,2
32,6,0,[NULL],9000
32,6,1,0,9998
33,5,0,[NULL],9000
33,5,1,0,9997
36,2,0,0,9998
0,39,0,[NULL],9000
2,37,0,[NULL],9000
6,33,0,[NULL],9000
27,12,0,[NULL],9000
29,10,0,[NULL],9000
30,9,0,0,3
31,8,0,1,2
31,8,1,0,9996
32,7,0,[NULL],9000
32,7,1,0,9998
33,6,0,0,9997
35,4,0,0,2
36,3,0,0,9998
0,40,0,[NULL],9000
2,38,0,[NULL],9000
6,34,0,[NULL],9000
27,13,0,[NULL],9000
29,11,0,[NULL],9000
30,10,0,0,3
30,10,1,1,3
31,9,0,1,2
31,9,1,0,9996
32,8,0,1,3
32,8,1,0,9997
33,7,0,0,9997
34,6,0,[NULL],9000
35,5,0,0,2
35,5,1,[NULL],9000
36,4,0,[NULL],9000
37,3,0,[NULL],9000
38,2,0,1,9996
0,41,0,[NULL],9000
2,39,0,[NULL],9000
6,35,0,[NULL],9000
27,14,0,[NULL],9000
29,12,0,[NULL],9000
30,11,0,[NULL],9000
31,10,0,[NULL],9000
32,9,0,0,3
33,8,0,0,9997
34,7,0,[NULL],9000
36,5,0,[NULL],9000
37,4,0,0,9998
38,3,0,2,9996
0,42,0,[NULL],9000
2,40,0,[NULL],9000
6,36,0,[NULL],9000
29,13,0,[NULL],9000
30,12,0,1,4
31,11,0,1,3
31,11,1,[NULL],9000
32,10,0,0,3
33,9,0,0,9996
34,8,0,[NULL],9000
35,7,0,0,9998
36,6,0,0,2
37,5,1,[NULL],9000
37,5,0,0,9997
38,4,0,[NULL],9000
38,4,1,[NULL],9000
39,3,0,[NULL],9000
0,43,0,[NULL],9000
2,41,0,[NULL],9000
6,37,0,[NULL],9000
29,14,0,[NULL],9000
30,13,0,1,4
31,12,0,[NULL],9000
31,12,1,[NULL],9000
32,11,0,0,3
33,10,0,[NULL],9000
34,9,0,0,2
35,8,0,[NULL],9000
36,7,0,[NULL],9000
37,6,1,0,4
37,6,0,0,9997
38,5,0,[NULL],9000
39,4,0,[NULL],9000
40,3,0,1,9996
0,44,0,[NULL],9000
2,42,0,[NULL],9000
6,38,0,[NULL],9000
29,15,0,[NULL],9000
31,13,0,[NULL],9000
33,11,0,[NULL],9000
34,10,0,1,9998
36,8,0,0,3
37,7,2,0,4
37,7,0,0,9996
37,7,1,0,9997
38,6,0,"1,2",9998
38,6,1,2,9998
39,5,0,[NULL],9000
40,4,0,[NULL],9000
40,4,2,[NULL],9000
40,4,1,0,9996
41,3,0,1,9998
0,45,0,[NULL],9000
2,43,0,[NULL],9000
6,39,0,[NULL],9000
31,14,0,[NULL],9000
32,13,0,0,4
33,12,1,0,2
33,12,0,[NULL],9000
34,11,0,1,9998
36,9,0,0,3
37,8,"1,2",0,2
37,8,2,1,2
37,8,0,1,9997
38,7,0,1,9998
39,6,0,[NULL],9000
40,5,1,0,2
40,5,0,[NULL],9000
41,4,0,[NULL],9000
0,46,0,[NULL],9000
2,44,0,[NULL],9000
6,40,0,[NULL],9000
31,15,0,[NULL],9000
32,14,0,[NULL],9000
33,13,1,0,2
33,13,0,[NULL],9000
34,12,0,1,9998
36,10,0,1,3
37,9,1,0,2
37,9,0,0,9997
38,8,0,1,9996
39,7,1,0,4
39,7,0,[NULL],9000
40,6,0,[NULL],9000
43,3,0,1,9998
44,2,0,0,9996
0,47,0,[NULL],9000
2,45,0,[NULL],9000
6,41,0,[NULL],9000
31,16,0,[NULL],9000
33,14,1,0,2
33,14,0,[NULL],9000
36,11,1,0,3
36,11,0,0,4
37,10,1,0,9997
37,10,0,1,9998
39,8,0,1,4
40,7,0,0,9998
42,5,1,0,2
42,5,0,[NULL],9000
43,4,0,0,9998
44,3,0,0,9996
0,48,0,[NULL],9000
2,46,0,[NULL],9000
6,42,0,[NULL],9000
33,15,0,[NULL],9000
33,15,1,[NULL],9000
36,12,1,0,2
36,12,0,0,3
37,11,0,[NULL],9000
37,11,1,1,9998
39,9,0,0,2
40,8,0,[NULL],9000
42,6,0,0,2
42,6,1,[NULL],9000
43,5,0,[NULL],9000
44,4,1,[NULL],9000
44,4,0,[NULL],9000
45,3,0,[NULL],9000
45,3,1,[NULL],9000
0,49,0,[NULL],9000
2,47,0,[NULL],9000
6,43,0,[NULL],9000
33,16,0,[NULL],9000
36,13,1,1,2
36,13,0,1,3
37,12,1,0,4
37,12,0,[NULL],9000
42,7,0,[NULL],9000
43,6,0,0,4
44,5,1,[NULL],9000
44,5,0,[NULL],9000
45,4,1,[NULL],9000
45,4,0,[NULL],9000
0,50,0,[NULL],9000
2,48,0,[NULL],9000
6,44,0,[NULL],9000
33,17,0,[NULL],9000
37,13,0,[NULL],9000
39,11,0,0,9997
40,10,0,0,9998
41,9,0,[NULL],9000
42,8,0,0,9998
43,7,0,0,4
43,7,1,[NULL],9000
44,6,3,[NULL],9000
44,6,1,[NULL],9000
44,6,2,[NULL],9000
44,6,0,0,9998
45,5,0,[NULL],9000
45,5,1,[NULL],9000
46,4,1,[NULL],9000
46,4,0,[NULL],9981
47,3,1,0,9996
47,3,0,1,9998
0,51,0,[NULL],9000
2,49,0,[NULL],9000
6,45,0,[NULL],9000
35,16,0,[NULL],9000
37,14,0,[NULL],9000
39,12,0,0,2
40,11,0,0,9998
41,10,0,0,2
43,8,0,0,2
44,7,1,[NULL],9000
44,7,0,0,9998
45,6,0,[NULL],9000
46,5,1,0,2
46,5,0,[NULL],9000
46,5,2,[NULL],9000
47,4,1,[NULL],9000
47,4,0,0,9998
0,52,0,[NULL],9000
2,50,0,[NULL],9000
6,46,0,[NULL],9000
35,17,0,[NULL],9000
37,15,0,[NULL],9000
38,14,0,0,3
39,13,0,0,2
40,12,0,0,9997
43,9,0,0,2
44,8,1,[NULL],9000
44,8,0,1,9998
45,7,0,[NULL],9000
46,6,0,0,2
46,6,1,[NULL],9000
47,5,2,[NULL],9000
47,5,1,[NULL],9000
47,5,0,0,9997
48,4,0,1,9998
0,53,0,[NULL],9000
2,51,0,[NULL],9000
6,47,0,[NULL],9000
35,18,0,[NULL],9000
37,16,0,[NULL],9000
38,15,0,[NULL],9000
39,14,0,0,9998
42,11,0,[NULL],9000
43,10,1,0,2
43,10,0,0,9998
44,9,0,0,9997
44,9,1,0,9998
46,7,0,1,4
47,6,1,0,2
47,6,0,[NULL],9000
48,5,0,[NULL],9000
0,54,0,[NULL],9000
2,52,0,[NULL],9000
6,48,0,[NULL],9000
37,17,0,[NULL],9000
38,16,0,0,2
39,15,0,0,3
39,15,1,0,9998
42,12,0,0,2
43,11,0,1,2
43,11,1,0,9998
46,8,0,0,3
47,7,0,[NULL],9000
48,6,0,[NULL],9000
49,5,0,1,9998
50,4,1,[NULL],9000
50,4,0,[NULL],9000
51,3,0,0,9996
0,55,0,[NULL],9000
2,53,0,[NULL],9000
6,49,0,[NULL],9000
37,18,0,[NULL],9000
38,17,0,1,2
39,16,0,[NULL],9000
39,16,1,[NULL],9000
42,13,0,1,2
43,12,0,0,3
48,7,1,0,2
48,7,0,[NULL],9000
51,4,0,0,9996
0,56,0,[NULL],9000
2,54,0,[NULL],9000
6,50,0,[NULL],9000
37,19,0,[NULL],9000
39,17,0,[NULL],9000
41,15,0,0,9998
42,14,0,1,9998
45,11,0,0,9996
46,10,"0,1",[NULL],9000
46,10,1,0,9998
47,9,0,[NULL],9000
48,8,1,[NULL],9000
48,8,0,[NULL],9000
48,8,2,[NULL],9000
49,7,0,[NULL],9000
50,6,0,[NULL],9000
50,6,1,[NULL],9000
51,5,2,[NULL],9000
51,5,1,[NULL],9000
51,5,0,[NULL],9000
52,4,0,[NULL],9000
0,57,0,[NULL],9000
2,55,0,[NULL],9000
6,51,0,[NULL],9000
39,18,0,[NULL],9000
40,17,0,0,2
41,16,1,0,2
41,16,0,[NULL],9000
42,15,0,1,9998
45,12,0,1,2
50,7,0,0,4
51,6,0,[NULL],9000
51,6,1,[NULL],9000
52,5,0,[NULL],9000
0,58,0,[NULL],9000
2,56,0,[NULL],9000
6,52,0,[NULL],9000
39,19,0,[NULL],9000
40,18,0,[NULL],9000
41,17,1,0,2
41,17,0,[NULL],9000
42,16,0,1,9998
47,11,0,[NULL],9000
50,8,0,0,4
51,7,0,1,9998
52,6,0,[NULL],9000
53,5,1,[NULL],9000
53,5,0,[NULL],9000
54,4,0,0,9998
0,59,0,[NULL],9000
2,57,0,[NULL],9000
6,53,0,[NULL],9000
39,20,0,[NULL],9000
41,18,1,0,2
41,18,0,[NULL],9000
44,15,0,0,4
45,14,0,0,9998
46,13,0,0,9997
47,12,0,0,9998
48,11,0,[NULL],9000
49,10,0,0,9997
50,9,1,0,2
50,9,0,[NULL],9000
53,6,0,0,2
54,5,0,1,9998
0,60,0,[NULL],9000
2,58,0,[NULL],9000
6,54,0,[NULL],9000
41,19,0,[NULL],9000
41,19,1,[NULL],9000
44,16,0,0,2
45,15,0,0,9998
46,14,0,0,2
47,13,0,0,9998
52,8,0,[NULL],9000
53,7,1,0,2
53,7,0,[NULL],9000
54,6,0,[NULL],9000
0,61,0,[NULL],9000
2,59,0,[NULL],9000
6,55,0,[NULL],9000
41,20,0,[NULL],9000
44,17,0,0,2
45,16,0,0,3
46,15,0,0,2
47,14,0,0,9998
48,13,0,0,3
49,12,0,"0,1",9998
53,8,"0,1",[NULL],9000
53,8,1,[NULL],9000
54,7,0,0,9997
55,6,0,0,9998
0,62,0,[NULL],9000
2,60,0,[NULL],9000
6,56,0,[NULL],9000
41,21,0,[NULL],9000
45,17,0,[NULL],9000
46,16,0,0,2
47,15,0,0,9997
47,15,1,0,9998
48,14,"0,1",0,2
48,14,1,0,9998
49,13,1,[NULL],9000
49,13,0,0,9998
50,12,0,1,9998
51,11,0,0,9996
52,10,0,[NULL],9000
53,9,0,[NULL],9000
54,8,0,0,2
54,8,1,0,9997
57,5,0,[NULL],9000
0,63,0,[NULL],9000
2,61,0,[NULL],9000
6,57,0,[NULL],9000
43,20,0,[NULL],9000
45,18,0,[NULL],9000
46,17,0,1,2
47,16,0,1,2
47,16,1,1,9998
48,15,0,0,2
48,15,1,0,9998
49,14,1,0,2
49,14,0,0,9998
53,10,0,0,3
54,9,2,[NULL],9000
54,9,1,[NULL],9000
54,9,0,[NULL],9000
57,6,0,[NULL],9000
58,5,0,"1,2",9998
0,64,0,[NULL],9000
2,62,0,[NULL],9000
6,58,0,[NULL],9000
43,21,0,[NULL],9000
45,19,0,[NULL],9000
46,18,1,1,2
46,18,0,0,3
47,17,0,1,2
47,17,1,0,9997
48,16,0,0,2
48,16,1,0,9997
49,15,0,0,9998
53,11,0,1,3
54,10,0,1,9998
56,8,0,0,9997
57,7,"1,2",0,2
57,7,2,[NULL],9000
57,7,0,"1,2",9997
58,6,0,[NULL],9000
58,6,1,1,9998
59,5,0,[NULL],9000
62,2,0,[NULL],9000
63,1,0,0,9998
0,65,0,[NULL],9000
2,63,0,[NULL],9000
6,59,0,[NULL],9000
43,22,0,[NULL],9000
45,20,0,[NULL],9000
46,19,0,[NULL],9000
47,18,0,0,9997
48,17,0,0,2
49,16,0,0,9998
50,15,0,0,4
51,14,0,0,9998
52,13,0,0,9997
53,12,1,0,2
53,12,0,[NULL],9000
54,11,0,[NULL],9000
54,11,1,1,9998
56,9,0,[NULL],9000
57,8,1,1,2
57,8,0,1,9997
58,7,0,[NULL],9000
61,4,0,1,9997
62,3,0,0,2
63,2,0,0,9998
0,66,0,[NULL],9000
2,64,0,[NULL],9000
6,60,0,[NULL],9000
45,21,0,[NULL],9000
46,20,0,1,3
47,19,0,1,3
47,19,1,[NULL],9000
48,18,0,0,2
49,17,0,0,9998
50,16,0,0,2
51,15,0,0,9998
53,13,1,1,2
53,13,0,0,9998
54,12,0,1,9998
55,11,0,0,3
56,10,"1,2",0,3
56,10,2,[NULL],9000
56,10,0,0,9998
57,9,0,2,9997
59,7,0,0,9997
60,6,0,0,9998
60,6,1,1,9998
62,4,0,0,2
63,3,0,1,9998
0,67,0,[NULL],9000
2,65,0,[NULL],9000
6,61,0,[NULL],9000
45,22,0,[NULL],9000
46,21,0,0,3
47,20,0,[NULL],9000
47,20,1,[NULL],9000
48,19,0,0,2
49,18,0,0,9997
50,17,0,0,2
51,16,0,0,3
52,15,0,0,2
53,14,1,0,2
53,14,0,0,9998
54,13,0,2,9998
55,12,0,0,2
56,11,1,0,3
56,11,0,1,9998
59,8,0,0,2
59,8,1,1,2
60,7,1,0,3
60,7,0,1,9998
61,6,"0,1",[NULL],9000
61,6,1,1,9998
62,5,1,0,2
62,5,0,"1,2",9998
63,4,0,1,9998
64,3,0,[NULL],9000
65,2,0,0,9998
0,68,0,[NULL],9000
2,66,0,[NULL],9000
6,62,0,[NULL],9000
45,23,0,[NULL],9000
47,21,0,[NULL],9000
49,19,0,[NULL],9000
50,18,0,1,9998
52,16,0,0,2
53,15,2,0,2
53,15,1,0,9996
53,15,0,0,9998
54,14,"0,1,2",[NULL],9000
54,14,"1,2","1,2",9998
54,14,2,2,9998
55,13,1,0,2
55,13,0,[NULL],9000
56,12,2,0,3
56,12,0,0,9997
56,12,1,0,9998
57,11,0,0,9996
58,10,0,0,3
59,9,1,0,2
59,9,0,[NULL],9000
60,8,1,1,2
60,8,0,[NULL],9000
61,7,"1,2",0,2
61,7,"0,2","0,1",9997
61,7,2,1,9998
62,6,1,0,2
62,6,0,[NULL],9000
63,5,0,0,9998
64,4,0,0,2
65,3,1,[NULL],9000
65,3,0,1,9998
66,2,0,1,9998
0,69,0,[NULL],9000
2,67,0,[NULL],9000
6,63,0,[NULL],9000
47,22,0,[NULL],9000
48,21,0,0,3
49,20,1,0,2
49,20,0,[NULL],9000
50,19,0,1,9998
52,17,0,0,2
53,16,"1,2","1,2",2
53,16,2,2,2
53,16,0,0,9998
54,15,0,1,9998
55,14,0,1,2
56,13,0,1,9998
59,10,0,[NULL],9000
60,9,1,2,2
60,9,0,0,9998
62,7,0,0,2
63,6,1,"0,1",9998
63,6,0,"0,2",9998
63,6,2,2,9998
64,5,1,0,2
64,5,2,[NULL],9000
64,5,0,2,9998
65,4,1,0,2
65,4,0,1,9998
66,3,0,[NULL],9000
0,70,0,[NULL],9000
2,68,0,[NULL],9000
6,64,0,[NULL],9000
47,23,0,[NULL],9000
48,22,0,[NULL],9000
49,21,1,0,2
49,21,0,[NULL],9000
50,20,0,1,9998
52,18,0,0,2
53,17,1,0,2
53,17,0,1,9998
54,16,0,1,9996
55,15,1,0,2
55,15,0,0,3
56,14,0,0,9998
59,11,0,0,2
60,10,"0,1","0,2",3
60,10,1,[NULL],9000
61,9,0,1,9998
62,8,"0,1",1,2
62,8,"1,2","0,1",2
62,8,2,2,2
63,7,2,0,2
63,7,1,[NULL],9000
63,7,0,[NULL],9000
63,7,3,2,9998
64,6,1,0,2
64,6,0,[NULL],9000
64,6,2,1,9998
65,5,0,0,9998
0,71,0,[NULL],9000
2,69,0,[NULL],9000
6,65,0,[NULL],9000
47,24,0,[NULL],9000
49,22,1,0,2
49,22,0,[NULL],9000
52,19,1,0,2
52,19,0,1,4
53,18,1,0,9998
53,18,0,1,9998
55,16,0,0,2
56,15,0,0,4
56,15,1,0,9998
57,14,0,0,9998
58,13,0,0,9996
59,12,0,[NULL],9000
60,11,1,0,2
60,11,0,0,9998
61,10,0,1,9998
62,9,2,3,2
62,9,0,0,9996
62,9,1,0,9997
63,8,1,2,2
63,8,2,"2,3",9997
63,8,0,0,9998
64,7,0,0,2
64,7,"1,2",[NULL],9000
64,7,2,[NULL],9000
65,6,2,[NULL],9000
65,6,0,2,9998
65,6,1,1,9998
0,72,0,[NULL],9000
2,70,0,[NULL],9000
6,66,0,[NULL],9000
49,23,0,[NULL],9000
49,23,1,[NULL],9000
52,20,0,1,2
52,20,1,0,2
53,19,1,1,9998
53,19,0,0,9998
55,17,0,1,2
56,16,0,0,2
59,13,0,0,2
60,12,1,0,2
60,12,0,0,9998
61,11,0,1,9998
62,10,0,0,2
62,10,"1,2",[NULL],9000
62,10,2,[NULL],9000
63,9,2,2,9997
63,9,0,3,9998
63,9,1,1,9998
64,8,2,0,2
64,8,1,1,2
64,8,0,0,9997
65,7,2,[NULL],9000
65,7,1,1,9998
65,7,0,0,9998
66,6,1,[NULL],9000
66,6,0,[NULL],9000
67,5,"0,1",[NULL],9000
67,5,1,1,9998
68,4,0,1,9997
69,3,0,[NULL],9996
70,2,0,2,9997
0,73,0,[NULL],9000
2,71,0,[NULL],9000
6,67,0,[NULL],9000
49,24,0,[NULL],9000
52,21,1,1,2
52,21,0,0,2
53,20,1,0,4
53,20,0,[NULL],9000
59,14,0,0,2
60,13,1,0,2
60,13,0,1,9998
61,12,0,1,3
61,12,1,2,9998
62,11,3,0,2
62,11,1,1,2
62,11,2,2,3
62,11,0,[NULL],9000
63,10,0,0,9995
63,10,2,"0,1",9997
63,10,3,2,9997
63,10,1,1,9998
64,9,1,1,2
64,9,0,0,2
65,8,1,[NULL],9000
65,8,0,1,9998
66,7,1,1,2
66,7,0,1,9998
67,6,0,[NULL],9000
68,5,0,[NULL],9000
68,5,1,[NULL],9000
69,4,1,[NULL],9000
69,4,0,1,9998
70,3,0,3,9997
0,74,0,[NULL],9000
2,72,0,[NULL],9000
6,68,0,[NULL],9000
49,25,0,[NULL],9000
53,21,0,[NULL],9000
55,19,0,0,9997
56,18,0,0,9998
57,17,0,0,4
58,16,0,0,9998
59,15,1,0,2
59,15,0,0,9996
60,14,2,1,2
60,14,0,[NULL],9000
60,14,1,0,9998
61,13,0,0,4
62,12,1,1,2
62,12,2,2,3
62,12,0,0,9996
63,11,0,0,3
63,11,2,1,9997
63,11,1,1,9998
64,10,1,0,2
64,10,0,[NULL],9000
65,9,1,0,2
65,9,0,0,9997
66,8,0,[NULL],9000
67,7,1,0,3
67,7,0,1,9998
68,6,1,0,2
68,6,0,1,9997
69,5,2,0,3
69,5,1,0,9998
69,5,0,1,9998
70,4,1,[NULL],9000
70,4,2,[NULL],9000
70,4,0,0,9996
71,3,0,[NULL],9000
0,75,0,[NULL],9000
2,73,0,[NULL],9000
6,69,0,[NULL],9000
51,24,0,[NULL],9000
53,22,0,[NULL],9000
55,20,0,0,2
56,19,0,0,9998
57,18,0,0,2
59,16,0,1,2
60,15,0,0,9998
62,13,1,1,2
62,13,0,2,3
62,13,2,3,3
63,12,1,2,9997
63,12,0,0,9998
64,11,0,[NULL],9000
65,10,1,[NULL],9000
65,10,0,1,9997
66,9,1,0,2
66,9,0,2,9998
67,8,0,[NULL],9000
67,8,1,0,9998
68,7,0,1,2
68,7,1,0,2
68,7,2,[NULL],9000
69,6,3,0,3
69,6,"1,2",[NULL],9000
69,6,2,0,9996
69,6,0,0,9998
70,5,1,[NULL],9000
70,5,0,2,9996
71,4,0,[NULL],9997
72,3,0,0,9997
0,76,0,[NULL],9000
2,74,0,[NULL],9000
6,70,0,[NULL],9000
51,25,0,[NULL],9000
53,23,0,[NULL],9000
54,22,0,0,3
55,21,0,0,2
56,20,0,0,9997
59,17,0,0,2
60,16,0,1,9998
62,14,0,0,2
62,14,1,2,3
63,13,1,0,9997
63,13,0,1,9998
64,12,0,0,3
65,11,2,0,2
65,11,0,[NULL],9000
65,11,1,0,9997
66,10,0,1,2
66,10,2,[NULL],9000
66,10,1,[NULL],9000
67,9,1,0,3
67,9,2,[NULL],9000
67,9,0,0,9998
68,8,0,0,2
68,8,1,1,9998
69,7,0,0,9998
70,6,0,[NULL],9000
71,5,0,[NULL],9000
71,5,1,[NULL],9000
72,4,0,[NULL],9000
72,4,1,1,9997
0,77,0,[NULL],9000
2,75,0,[NULL],9000
6,71,0,[NULL],9000
51,26,0,[NULL],9000
53,24,0,[NULL],9000
54,23,0,[NULL],9000
55,22,0,0,9998
58,19,0,0,4
59,18,1,0,2
59,18,0,0,9998
60,17,0,0,9997
60,17,1,0,9998
61,16,0,0,4
62,15,1,0,2
62,15,2,1,3
62,15,0,0,5
63,14,0,"0,1",9996
63,14,1,0,9997
64,13,1,0,3
64,13,0,0,9996
65,12,2,[NULL],9000
65,12,1,0,9997
65,12,0,1,9998
66,11,0,0,2
66,11,1,[NULL],9000
67,10,1,1,2
67,10,0,0,9998
68,9,0,0,2
68,9,1,2,9998
69,8,0,0,4
69,8,2,[NULL],9993
69,8,1,3,9998
70,7,1,[NULL],9000
70,7,0,1,9997
71,6,0,0,3
71,6,1,[NULL],9994
72,5,0,[NULL],9000
0,78,0,[NULL],9000
2,76,0,[NULL],9000
6,72,0,[NULL],9000
53,25,0,[NULL],9000
54,24,0,0,2
55,23,0,0,3
55,23,1,0,9998
58,20,0,0,2
59,19,0,1,2
59,19,1,0,9998
62,16,0,1,3
63,15,0,2,9997
64,14,1,0,2
64,14,0,1,3
65,13,0,1,9997
65,13,1,1,9998
66,12,0,0,2
67,11,2,1,2
67,11,1,[NULL],9000
67,11,0,0,9998
68,10,3,1,2
68,10,0,2,4
68,10,"1,4",[NULL],9000
68,10,4,2,9998
68,10,2,"0,2",9998
69,9,2,0,4
69,9,1,2,9997
69,9,3,1,9998
69,9,0,2,9998
70,8,2,[NULL],9000
70,8,"0,1",[NULL],9000
70,8,1,4,9997
71,7,1,1,3
71,7,0,0,9998
72,6,0,[NULL],9000
73,5,0,"0,1",9998
76,2,0,0,9997
0,79,0,[NULL],9000
2,77,0,[NULL],9000
6,73,0,[NULL],9000
53,26,0,[NULL],9000
54,25,0,1,2
55,24,0,[NULL],9000
55,24,1,[NULL],9000
58,21,0,1,2
59,20,0,0,3
62,17,0,1,3
63,16,0,0,9997
64,15,1,1,2
64,15,0,1,3
65,14,0,0,9997
65,14,1,2,9998
66,13,0,0,2
67,12,2,1,2
67,12,0,"1,2",2
67,12,1,1,9998
68,11,1,3,2
68,11,2,0,2
68,11,"0,3",[NULL],9000
68,11,3,0,9995
69,10,1,0,3
69,10,2,1,9996
69,10,0,3,9998
70,9,0,0,2
70,9,1,3,9998
71,8,0,0,9998
72,7,"0,1",0,2
72,7,1,1,9998
73,6,2,[NULL],9000
73,6,1,[NULL],9995
73,6,0,0,9998
74,5,1,0,9996
74,5,0,0,9997
75,4,0,[NULL],9000
76,3,0,0,9997
0,80,0,[NULL],9000
2,78,0,[NULL],9000
6,74,0,[NULL],9000
53,27,0,[NULL],9000
55,25,0,[NULL],9000
57,23,0,0,9998
58,22,0,1,9998
61,19,0,0,9996
62,18,2,0,3
62,18,"0,1",0,4
62,18,1,0,9998
63,17,0,0,4
63,17,1,0,9997
64,16,2,1,2
64,16,1,0,3
64,16,0,0,9997
65,15,0,0,9996
65,15,1,0,9997
66,14,1,1,2
66,14,0,[NULL],9000
67,13,0,[NULL],9000
67,13,1,[NULL],9000
67,13,2,0,9998
68,12,3,0,2
68,12,2,1,3
68,12,"1,4",[NULL],9000
68,12,4,[NULL],9000
68,12,0,1,9998
69,11,3,1,2
69,11,4,0,3
69,11,"0,1",[NULL],9000
69,11,2,0,9997
69,11,1,2,9998
70,10,0,0,2
70,10,1,1,9998
71,9,1,1,2
71,9,0,[NULL],9000
72,8,0,0,2
72,8,1,1,9998
73,7,0,[NULL],9000
73,7,1,[NULL],9000
74,6,1,[NULL],9000
74,6,0,[NULL],9000
75,5,0,0,3
75,5,1,0,9996
76,4,0,0,9997
76,4,1,1,9997
77,3,0,[NULL],9000
77,3,1,[NULL],9000
78,2,0,1,9998
0,81,0,[NULL],9000
2,79,0,[NULL],9000
6,75,0,[NULL],9000
55,26,0,[NULL],9000
56,25,0,0,2
57,24,1,0,2
57,24,0,[NULL],9000
58,23,0,1,9998
61,20,0,1,2
62,19,0,0,3
63,18,0,0,9996
64,17,0,0,3
65,16,0,1,9997
66,15,0,2,2
67,14,1,0,2
67,14,0,0,9998
68,13,2,1,2
68,13,0,[NULL],9000
68,13,1,1,9998
69,12,1,1,2
69,12,0,1,9997
70,11,0,1,9998
71,10,1,1,2
71,10,0,[NULL],9000
72,9,0,1,9998
73,8,0,0,3
74,7,2,[NULL],9000
74,7,"0,1",[NULL],9000
74,7,1,0,9997
75,6,0,0,3
75,6,2,[NULL],9000
75,6,1,"0,1",9998
76,5,0,[NULL],9000
76,5,2,[NULL],9000
76,5,1,1,9997
77,4,1,0,2
77,4,0,[NULL],9995
78,3,0,3,9997
0,82,0,[NULL],9000
2,80,0,[NULL],9000
6,76,0,[NULL],9000
55,27,0,[NULL],9000
56,26,0,[NULL],9000
57,25,1,0,2
57,25,0,[NULL],9000
58,24,0,1,9998
62,20,0,1,3
63,19,0,0,3
63,19,1,0,9996
64,18,0,1,3
65,17,0,0,9996
66,16,0,0,2
67,15,1,1,2
67,15,0,1,9998
68,14,0,2,3
68,14,1,2,4
69,13,1,0,2
69,13,0,0,9997
70,12,1,[NULL],9000
70,12,0,0,9995
71,11,1,0,2
71,11,0,[NULL],9000
72,10,0,[NULL],9000
73,9,0,1,4
74,8,"0,1",1,2
74,8,2,[NULL],9000
74,8,1,0,9997
75,7,0,0,3
75,7,1,1,3
75,7,2,3,9997
76,6,0,[NULL],9000
76,6,1,2,9997
76,6,2,2,9998
77,5,2,[NULL],9000
77,5,1,1,9996
77,5,0,2,9997
78,4,0,[NULL],9000
78,4,1,3,9996
79,3,0,[NULL],9000
0,83,0,[NULL],9000
2,81,0,[NULL],9000
6,77,0,[NULL],9000
55,28,0,[NULL],9000
57,26,1,0,2
57,26,0,[NULL],9000
60,23,0,0,4
61,22,0,0,9998
62,21,0,0,9997
63,20,0,0,9996
64,19,1,0,3
64,19,0,0,4
65,18,1,"0,1",9996
65,18,0,0,9998
66,17,1,0,2
66,17,0,0,9996
67,16,0,3,5
68,15,1,0,3
68,15,0,[NULL],9000
69,14,0,0,9996
69,14,1,0,9997
70,13,0,0,9997
71,12,0,0,9998
72,11,0,[NULL],9000
73,10,0,1,3
74,9,0,1,4
75,8,2,2,2
75,8,1,1,3
75,8,0,1,9998
76,7,0,[NULL],9000
76,7,"2,3",[NULL],9000
76,7,3,[NULL],9000
76,7,1,[NULL],9000
77,6,3,0,3
77,6,1,[NULL],9000
77,6,2,[NULL],9000
77,6,0,0,9998
78,5,0,[NULL],9000
78,5,1,2,9996
79,4,0,[NULL],9000
80,3,0,1,9997
0,84,0,[NULL],9000
2,82,0,[NULL],9000
6,78,0,[NULL],9000
57,27,0,[NULL],9000
57,27,1,[NULL],9000
60,24,0,0,2
61,23,0,0,9998
62,22,0,0,4
63,21,0,0,9996
64,20,0,0,2
65,19,0,0,9996
68,16,0,0,3
69,15,0,1,9997
70,14,0,0,2
71,13,1,[NULL],9000
71,13,0,0,9998
72,12,0,[NULL],9000
73,11,0,1,3
74,10,1,0,2
74,10,3,2,3
74,10,"0,2",1,9997
74,10,2,0,9998
75,9,2,1,3
75,9,1,[NULL],9000
75,9,0,0,9995
75,9,3,1,9998
76,8,0,0,2
76,8,2,0,3
76,8,1,[NULL],9000
77,7,"1,2",[NULL],9000
77,7,2,[NULL],9000
77,7,0,1,9997
78,6,1,2,9996
78,6,0,"2,3",9998
79,5,0,[NULL],9000
80,4,0,"2,3",9996
80,4,1,2,9998
81,3,0,[NULL],9000
0,85,0,[NULL],9000
2,83,0,[NULL],9000
6,79,0,[NULL],9000
57,28,0,[NULL],9000
60,25,0,0,2
61,24,0,0,3
62,23,0,1,4
63,22,0,1,9996
64,21,0,0,4
65,20,0,0,9996
68,17,0,1,3
69,16,0,0,3
69,16,1,0,9997
70,15,0,0,2
71,14,1,[NULL],9000
71,14,0,0,9997
73,12,0,0,2
74,11,1,3,2
74,11,0,2,9998
75,10,0,2,9998
76,9,1,1,4
76,9,2,[NULL],9000
76,9,0,1,9998
77,8,"2,3",0,2
77,8,3,1,4
77,8,"0,1",[NULL],9000
77,8,1,0,9997
78,7,2,[NULL],9000
78,7,"0,1",[NULL],9000
78,7,3,1,9996
78,7,1,1,9998
79,6,2,1,2
79,6,1,0,3
79,6,0,2,9997
80,5,"1,2",[NULL],9000
80,5,2,[NULL],9000
80,5,0,1,9996
81,4,0,[NULL],9000
0,86,0,[NULL],9000
2,84,0,[NULL],9000
6,80,0,[NULL],9000
57,29,0,[NULL],9000
61,25,0,[NULL],9000
62,24,0,0,4
63,23,1,0,9995
63,23,0,0,9997
64,22,"0,1",1,4
64,22,1,0,9998
65,21,0,0,4
65,21,1,0,9996
66,20,0,1,9998
67,19,0,0,9996
68,18,1,0,3
68,18,0,0,4
69,17,0,0,5
69,17,1,0,9997
70,16,1,0,9996
70,16,0,1,9998
71,15,0,0,9996
72,14,0,[NULL],9000
73,13,2,0,2
73,13,1,"0,2",3
73,13,0,[NULL],9000
74,12,2,0,2
74,12,1,0,9998
74,12,0,1,9998
75,11,1,0,2
75,11,0,[NULL],9000
76,10,1,0,3
76,10,0,[NULL],9000
77,9,1,1,2
77,9,2,1,4
77,9,0,[NULL],9000
78,8,2,[NULL],9000
78,8,0,[NULL],9997
78,8,1,0,9998
79,7,2,[NULL],9000
79,7,3,[NULL],9000
79,7,1,[NULL],9000
79,7,0,[NULL],9997
80,6,3,[NULL],9000
80,6,"0,1",[NULL],9000
80,6,2,0,9996
80,6,1,"1,2,3",9998
81,5,0,1,9997
81,5,1,2,9998
82,4,1,[NULL],9000
82,4,0,[NULL],9997
83,3,0,0,9997
0,87,0,[NULL],9000
2,85,0,[NULL],9000
6,81,0,[NULL],9000
59,28,0,[NULL],9000
61,26,0,[NULL],9000
62,25,0,0,4
63,24,0,1,2
63,24,1,0,9995
64,23,0,0,4
64,23,1,0,9998
65,22,1,0,2
65,22,0,0,9996
68,19,0,1,3
69,18,1,0,2
69,18,0,1,9997
70,17,0,0,3
70,17,1,1,9998
73,14,0,1,2
73,14,1,0,2
74,13,0,[NULL],9000
74,13,1,0,9998
74,13,2,1,9998
76,11,0,1,3
77,10,0,1,2
77,10,2,1,4
77,10,1,[NULL],9000
78,9,2,0,3
78,9,3,[NULL],9000
78,9,"0,1",[NULL],9000
78,9,1,0,9998
79,8,"1,2,3",1,2
79,8,"2,3",0,4
79,8,3,[NULL],9000
79,8,0,"0,2",9998
80,7,2,1,2
80,7,0,[NULL],9000
80,7,1,1,9996
81,6,0,0,9996
82,5,0,[NULL],9000
83,4,0,[NULL],9990
0,88,0,[NULL],9000
2,86,0,[NULL],9000
6,82,0,[NULL],9000
59,29,0,[NULL],9000
61,27,0,[NULL],9000
62,26,0,0,3
62,26,1,0,4
63,25,0,1,2
63,25,1,[NULL],9000
64,24,0,0,4
64,24,1,0,9997
65,23,0,0,9996
68,20,0,1,3
69,19,1,1,2
69,19,0,0,9996
70,18,0,2,9998
73,15,0,1,2
73,15,1,2,2
74,14,0,0,5
76,12,0,[NULL],9000
77,11,0,1,2
77,11,1,3,4
78,10,"0,2",0,2
78,10,2,[NULL],9000
78,10,1,2,9998
79,9,1,0,4
79,9,0,[NULL],9000
80,8,1,0,3
80,8,0,[NULL],9000
80,8,2,0,9996
81,7,1,[NULL],9000
81,7,0,[NULL],9997
82,6,0,0,3
82,6,2,[NULL],9000
82,6,1,2,9997
83,5,0,[NULL],9989
83,5,"1,2",[NULL],9991
83,5,2,0,9995
84,4,0,[NULL],9000
84,4,1,"1,2",9995
85,3,0,1,9998
0,89,0,[NULL],9000
2,87,0,[NULL],9000
6,83,0,[NULL],9000
59,30,0,[NULL],9000
61,28,0,[NULL],9000
62,27,0,[NULL],9000
63,26,0,[NULL],9000
64,25,0,1,4
65,24,0,0,9995
66,23,0,0,4
67,22,0,0,9998
68,21,1,0,3
68,21,0,0,9997
69,20,2,0,2
69,20,0,1,4
69,20,1,0,9996
70,19,0,0,4
70,19,1,1,9998
71,18,0,"0,1,2",9996
72,17,1,0,9996
72,17,0,0,9998
73,16,1,[NULL],9000
73,16,0,1,9998
74,15,0,[NULL],9000
76,13,0,0,9996
77,12,2,1,2
77,12,0,[NULL],9000
77,12,1,1,9998
78,11,0,1,9998
79,10,0,2,4
80,9,2,[NULL],9000
80,9,1,[NULL],9000
80,9,0,[NULL],9000
81,8,"1,2",[NULL],9000
81,8,2,[NULL],9000
81,8,0,[NULL],9000
82,7,1,2,9997
82,7,0,1,9998
83,6,0,[NULL],9000
83,6,1,[NULL],9000
84,5,1,0,2
84,5,0,[NULL],9996
85,4,0,1,9998
0,90,0,[NULL],9000
2,88,0,[NULL],9000
6,84,0,[NULL],9000
61,29,0,[NULL],9000
62,28,0,1,5
63,27,0,1,3
63,27,1,[NULL],9000
64,26,0,0,4
65,25,0,[NULL],9000
66,24,0,0,2
67,23,0,0,9998
69,21,1,1,2
69,21,0,0,9996
70,20,0,1,9998
71,19,0,0,2
72,18,1,0,2
72,18,0,0,9998
73,17,0,1,9998
76,14,1,1,2
76,14,0,1,9997
77,13,1,0,2
77,13,0,"1,2",9997
78,12,0,[NULL],9000
78,12,1,1,9998
79,11,1,1,4
79,11,0,0,9997
80,10,0,0,4
80,10,2,[NULL],9000
80,10,1,1,9996
81,9,1,0,2
81,9,2,1,3
81,9,0,0,9998
82,8,0,[NULL],9000
83,7,0,1,9998
84,6,1,0,2
84,6,0,1,9996
85,5,0,[NULL],9000
85,5,1,3,9998
86,4,0,[NULL],9989
0,91,0,[NULL],9000
2,89,0,[NULL],9000
6,85,0,[NULL],9000
61,30,0,[NULL],9000
62,29,0,1,5
63,28,0,[NULL],9000
63,28,1,[NULL],9000
64,27,0,0,4
65,26,0,[NULL],9000
66,25,0,0,2
67,24,0,0,3
68,23,0,0,4
69,22,1,0,2
69,22,0,0,9996
70,21,0,2,9998
71,20,0,0,2
72,19,1,0,2
72,19,0,1,9998
73,18,0,2,9998
77,14,1,1,2
77,14,0,"0,1",9996
78,13,0,[NULL],9000
78,13,1,[NULL],9000
79,12,0,2,4
80,11,0,0,2
80,11,1,1,9998
81,10,2,1,3
81,10,1,[NULL],9000
81,10,0,0,9998
82,9,1,0,2
82,9,0,[NULL],9000
82,9,2,2,9998
83,8,2,[NULL],9000
83,8,1,[NULL],9000
83,8,0,[NULL],9994
84,7,3,1,2
84,7,2,[NULL],9000
84,7,1,0,9996
84,7,0,2,9998
85,6,0,[NULL],9000
86,5,0,[NULL],9990
87,4,0,1,9998
0,92,0,[NULL],9000
2,90,0,[NULL],9000
6,86,0,[NULL],9000
61,31,0,[NULL],9000
63,29,0,[NULL],9000
65,27,0,[NULL],9000
66,26,0,1,9998
68,24,0,1,4
69,23,2,0,2
69,23,1,1,9996
69,23,0,0,9996
70,22,"0,1,2",0,4
70,22,2,2,9998
70,22,1,1,9998
71,21,1,0,2
71,21,0,1,4
72,20,2,0,2
72,20,0,0,9997
72,20,1,0,9998
73,19,0,0,9996
74,18,0,[NULL],9000
75,17,1,0,3
75,17,0,0,4
76,16,"1,2",0,3
76,16,2,0,9996
76,16,0,0,9998
77,15,"1,2",[NULL],9000
77,15,2,1,9996
77,15,0,1,9998
78,14,0,0,3
79,13,1,1,2
79,13,2,[NULL],9000
79,13,0,[NULL],9000
80,12,0,0,2
80,12,2,[NULL],9000
80,12,1,0,9998
81,11,2,2,2
81,11,"0,1",[NULL],9000
81,11,1,0,9998
82,10,0,2,5
82,10,1,[NULL],9000
83,9,2,0,2
83,9,1,1,5
83,9,0,[NULL],5
84,8,1,[NULL],9000
84,8,0,[NULL],9000
84,8,3,2,9996
84,8,2,1,9997
85,7,0,[NULL],9000
85,7,1,[NULL],9000
86,6,1,0,2
86,6,2,[NULL],9000
86,6,0,1,9998
87,5,0,[NULL],9000
87,5,1,1,9998
0,93,0,[NULL],9000
2,91,0,[NULL],9000
6,87,0,[NULL],9000
63,30,0,[NULL],9000
64,29,0,0,5
65,28,1,0,2
65,28,0,[NULL],9000
66,27,0,1,9998
68,25,0,0,4
69,24,2,2,2
69,24,1,1,2
69,24,0,0,9996
70,23,0,1,9998
71,22,0,1,2
72,21,0,1,9998
75,18,0,0,2
76,17,1,0,2
76,17,0,0,9998
77,16,0,1,9998
79,14,0,1,2
79,14,1,1,4
80,13,0,1,2
80,13,1,[NULL],9000
80,13,2,"2,3",9997
81,12,0,[NULL],9000
82,11,0,[NULL],9000
83,10,1,0,4
83,10,0,[NULL],9996
84,9,0,0,9996
85,8,1,0,2
85,8,0,[NULL],9000
86,7,1,1,2
86,7,0,1,9998
87,6,0,1,9998
0,94,0,[NULL],9000
2,92,0,[NULL],9000
6,88,0,[NULL],9000
63,31,0,[NULL],9000
64,30,0,[NULL],9000
65,29,1,0,2
65,29,0,[NULL],9000
66,28,0,1,9998
68,26,0,0,4
69,25,1,0,2
69,25,0,0,9996
70,24,0,1,9996
71,23,1,0,2
71,23,0,0,3
72,22,0,0,9998
75,19,0,0,2
76,18,1,0,2
76,18,0,0,4
77,17,0,2,9998
79,15,0,"1,2",9998
80,14,1,[NULL],9000
80,14,0,[NULL],9000
81,13,0,[NULL],9000
83,11,1,2,3
83,11,0,1,4
84,10,2,[NULL],9000
84,10,1,[NULL],9000
84,10,0,"1,2",9998
85,9,1,0,2
85,9,0,[NULL],9000
86,8,1,0,2
86,8,0,[NULL],9000
86,8,2,1,9998
87,7,1,[NULL],9000
87,7,0,[NULL],9000
88,6,0,0,9996
90,4,0,[NULL],9000
91,3,0,0,9998
0,95,0,[NULL],9000
2,93,0,[NULL],9000
6,89,0,[NULL],9000
63,32,0,[NULL],9000
65,30,1,0,2
65,30,0,[NULL],9000
68,27,1,1,4
68,27,0,0,4
69,26,1,[NULL],9000
69,26,0,1,9998
71,24,0,0,2
72,23,0,0,4
72,23,1,0,9998
73,22,0,0,9998
74,21,0,0,9996
75,20,0,2,4
76,19,2,0,2
76,19,1,2,4
76,19,0,0,9998
77,18,0,0,9996
77,18,1,1,9998
78,17,"1,2",0,2
78,17,2,0,9996
78,17,0,0,9997
79,16,"2,3",2,3
79,16,3,[NULL],9000
79,16,0,0,9998
79,16,1,1,9998
80,15,0,2,9998
82,13,0,1,9996
83,12,"1,2",0,2
83,12,2,3,4
83,12,0,0,9998
84,11,1,[NULL],9000
84,11,0,"0,1",9998
85,10,1,2,2
85,10,0,[NULL],9000
86,9,0,[NULL],9000
86,9,1,0,9995
88,7,1,[NULL],9000
88,7,0,[NULL],9000
89,6,0,[NULL],9000
90,5,0,0,2
91,4,0,0,9998
0,96,0,[NULL],9000
2,94,0,[NULL],9000
6,90,0,[NULL],9000
65,31,0,[NULL],9000
65,31,1,[NULL],9000
68,28,1,0,2
68,28,0,0,4
69,27,0,[NULL],9000
69,27,1,1,9998
71,25,0,1,2
72,24,0,0,2
75,21,0,0,2
76,20,1,1,2
76,20,0,0,9998
77,19,0,1,9998
78,18,0,0,2
78,18,1,1,2
79,17,2,0,2
79,17,0,0,9998
79,17,1,1,9998
80,16,0,2,9998
82,14,0,0,2
82,14,1,[NULL],9000
83,13,"0,1",0,2
83,13,1,0,4
83,13,2,[NULL],9000
84,12,2,[NULL],9000
84,12,1,1,9997
84,12,0,0,9998
85,11,1,[NULL],9000
85,11,0,[NULL],9000
86,10,0,2,9995
87,9,0,[NULL],9000
88,8,2,[NULL],9000
88,8,1,2,9997
88,8,0,1,9998
89,7,0,1,9998
89,7,1,2,9998
90,6,0,0,2
91,5,2,[NULL],9000
91,5,1,"0,1",9993
91,5,0,0,9998
92,4,1,[NULL],9988
92,4,0,2,9998
93,3,0,2,9996
0,97,0,[NULL],9000
2,95,0,[NULL],9000
6,91,0,[NULL],9000
65,32,0,[NULL],9000
68,29,1,1,2
68,29,0,0,4
69,28,1,0,4
69,28,0,[NULL],9000
75,22,0,0,2
76,21,1,0,2
76,21,0,1,9998
77,20,0,0,3
77,20,1,2,9998
78,19,0,0,2
78,19,1,1,2
79,18,2,0,2
79,18,1,"0,1",9997
79,18,0,1,9998
82,15,0,0,9998
83,14,0,0,2
84,13,0,[NULL],9000
84,13,1,2,9998
86,11,0,[NULL],9000
87,10,1,0,2
87,10,0,0,4
88,9,1,0,2
88,9,2,1,2
88,9,0,1,9995
89,8,0,1,9998
90,7,0,0,2
91,6,2,0,2
91,6,0,1,9998
91,6,1,2,9998
92,5,1,[NULL],9000
92,5,0,[NULL],9000
93,4,0,1,9996
0,98,0,[NULL],9000
2,96,0,[NULL],9000
6,92,0,[NULL],9000
65,33,0,[NULL],9000
69,29,0,[NULL],9000
71,27,0,0,9997
72,26,0,0,9998
73,25,0,0,4
74,24,0,0,9998
75,23,1,0,2
75,23,0,0,9996
76,22,2,1,2
76,22,0,0,4
76,22,1,0,9998
77,21,0,2,4
78,20,1,0,2
78,20,0,0,9996
79,19,0,0,9996
79,19,1,1,9998
80,18,0,[NULL],9000
81,17,0,0,2
81,17,1,0,4
82,16,"0,2",[NULL],9000
82,16,2,1,9996
82,16,1,0,9998
83,15,2,1,2
83,15,1,1,3
83,15,0,0,9997
83,15,3,1,9998
84,14,1,[NULL],9000
84,14,0,0,9998
85,13,0,[NULL],9000
86,12,1,[NULL],9000
86,12,0,[NULL],9000
87,11,2,1,3
87,11,1,[NULL],9000
87,11,0,[NULL],9000
88,10,1,0,2
88,10,0,1,9995
89,9,0,[NULL],9000
89,9,1,2,9998
90,8,1,0,2
90,8,2,1,2
90,8,0,[NULL],9000
91,7,0,1,9998
92,6,1,[NULL],9000
92,6,0,[NULL],9990
93,5,0,[NULL],9991
93,5,1,0,9995
0,99,0,[NULL],9000
2,97,0,[NULL],9000
6,93,0,[NULL],9000
67,32,0,[NULL],9000
69,30,0,[NULL],9000
71,28,0,0,2
72,27,0,0,9998
73,26,0,0,2
75,24,0,1,2
76,23,0,0,9998
78,21,1,1,2
78,21,0,1,3
79,20,0,0,9998
81,18,0,1,2
82,17,1,"2,3",2
82,17,0,0,9998
83,16,0,0,2
83,16,1,0,9997
84,15,0,1,9998
85,14,0,1,5
86,13,0,[NULL],9000
87,12,0,[NULL],9000
88,11,2,1,2
88,11,1,0,9995
88,11,0,[NULL],9995
89,10,1,[NULL],9000
89,10,0,2,9998
90,9,1,0,2
90,9,0,[NULL],9000
91,8,0,[NULL],9000
91,8,1,[NULL],9000
91,8,2,1,9998
92,7,2,0,4
92,7,0,[NULL],9991
92,7,1,0,9998
93,6,0,[NULL],9000
93,6,1,[NULL],9000
94,5,0,[NULL],9000
95,4,0,3,9996
0,100,0,[NULL],9000
2,98,0,[NULL],9000
6,94,0,[NULL],9000
67,33,0,[NULL],9000
69,31,0,[NULL],9000
70,30,0,0,3
71,29,0,0,2
72,28,0,0,9997
75,25,0,0,2
76,24,0,1,9998
78,22,0,0,2
79,21,0,1,9998
81,19,0,0,2
82,18,0,0,3
83,17,1,0,2
83,17,0,1,9998
84,16,0,2,9998
85,15,2,0,5
85,15,0,[NULL],9000
85,15,1,0,9998
86,14,1,"2,3",9998
86,14,0,1,9998
86,14,2,3,9998
87,13,0,[NULL],9000
88,12,2,0,2
88,12,0,[NULL],9000
88,12,1,[NULL],9000
89,11,0,1,9998
90,10,1,2,2
90,10,0,[NULL],9000
91,9,0,1,2
91,9,1,0,9998
92,8,1,0,4
92,8,0,0,9998
93,7,1,2,9996
93,7,0,1,9998
94,6,1,[NULL],9000
94,6,0,[NULL],9000
95,5,1,[NULL],9000
95,5,2,[NULL],9000
95,5,0,1,9996
96,4,0,[NULL],9993
0,101,0,[NULL],9000
2,99,0,[NULL],9000
6,95,0,[NULL],9000
67,34,0,[NULL],9000
69,32,0,[NULL],9000
70,31,0,[NULL],9000
71,30,0,0,9998
74,27,0,0,4
75,26,1,0,2
75,26,0,0,9998
76,25,0,0,9997
76,25,1,0,9998
77,24,0,0,4
78,23,1,0,2
78,23,0,0,4
79,22,0,"0,1",9996
80,21,0,0,9996
81,20,1,2,4
81,20,0,0,9998
82,19,1,0,2
82,19,0,1,3
83,18,2,0,2
83,18,0,0,9996
83,18,1,0,9998
84,17,0,"0,1",2
84,17,1,0,9996
84,17,2,1,9998
85,16,"2,3",1,2
85,16,1,0,2
85,16,3,2,2
85,16,0,1,9998
86,15,1,[NULL],9000
86,15,0,0,9998
86,15,2,2,9998
87,14,1,0,5
87,14,0,1,9998
88,13,1,0,2
88,13,0,[NULL],9000
89,12,0,[NULL],9000
90,11,0,1,2
91,10,0,0,2
92,9,1,0,2
92,9,0,[NULL],9000
93,8,0,[NULL],9994
93,8,1,2,9995
94,7,1,[NULL],9000
94,7,0,[NULL],9994
95,6,1,[NULL],9000
95,6,0,[NULL],9993
96,5,0,[NULL],9000
0,102,0,[NULL],9000
2,100,0,[NULL],9000
6,96,0,[NULL],9000
69,33,0,[NULL],9000
70,32,0,0,2
71,31,0,0,3
71,31,1,0,9998
74,28,0,0,2
75,27,0,1,2
75,27,1,0,9998
80,22,0,0,2
81,21,0,0,9998
82,20,0,1,2
83,19,1,2,2
83,19,0,0,9998
84,18,1,0,2
84,18,0,1,9997
84,18,2,1,9998
85,17,0,0,2
85,17,2,2,2
85,17,1,0,9998
86,16,1,0,2
86,16,2,"0,1",9997
86,16,0,0,9998
87,15,1,0,5
87,15,0,0,9997
88,14,0,[NULL],9000
89,13,0,1,9997
90,12,"0,1",1,7
90,12,1,[NULL],9000
91,11,0,[NULL],9000
91,11,1,1,9998
91,11,2,2,9998
92,10,0,1,5
92,10,2,[NULL],9000
92,10,1,1,9995
93,9,2,4,9995
93,9,"0,1",[NULL],9995
93,9,1,1,9998
94,8,3,0,4
94,8,0,[NULL],9000
94,8,4,[NULL],9995
94,8,1,[NULL],9995
94,8,2,0,9997
95,7,3,[NULL],9000
95,7,0,0,9997
95,7,1,2,9998
95,7,2,3,9998
96,6,1,[NULL],9000
96,6,0,[NULL],9995
99,3,0,0,9998
0,103,0,[NULL],9000
2,101,0,[NULL],9000
6,97,0,[NULL],9000
69,34,0,[NULL],9000
70,33,0,1,2
71,32,0,[NULL],9000
71,32,1,[NULL],9000
74,29,0,1,2
75,28,0,0,3
80,23,0,0,2
81,22,0,1,9998
82,21,0,0,2
83,20,1,2,2
83,20,0,1,9998
84,19,0,1,2
85,18,0,0,2
85,18,1,0,9996
86,17,0,2,9998
87,16,0,1,5
88,15,0,2,9998
90,13,1,1,2
90,13,2,2,2
90,13,0,[NULL],9000
91,12,0,0,9998
91,12,1,2,9998
92,11,1,0,2
92,11,2,1,4
92,11,0,[NULL],9000
93,10,1,[NULL],9000
93,10,0,1,9997
94,9,2,1,2
94,9,3,2,2
94,9,1,0,4
94,9,0,[NULL],9000
95,8,0,2,9996
95,8,1,1,9998
95,8,2,2,9998
97,6,0,0,9996
98,5,0,0,2
99,4,0,1,9998
0,104,0,[NULL],9000
2,102,0,[NULL],9000
6,98,0,[NULL],9000
69,35,0,[NULL],9000
71,33,0,[NULL],9000
73,31,0,0,9998
74,30,0,1,9998
77,27,0,0,9996
78,26,"0,1",0,4
78,26,1,0,9998
79,25,0,0,4
80,24,1,0,2
80,24,0,0,9997
81,23,0,0,9996
82,22,1,0,2
82,22,0,0,4
83,21,1,0,3
83,21,0,1,4
83,21,2,0,9998
84,20,1,0,9996
84,20,0,1,9998
85,19,2,0,2
85,19,"0,1",2,3
85,19,1,0,9996
86,18,0,0,3
86,18,1,0,9998
87,17,2,0,2
87,17,1,[NULL],6
87,17,0,[NULL],9000
88,16,1,0,3
88,16,2,1,9996
88,16,0,0,9998
89,15,0,0,9997
90,14,0,0,2
90,14,2,1,2
90,14,1,[NULL],9000
91,13,0,[NULL],9000
91,13,1,2,9998
92,12,1,[NULL],9000
92,12,0,[NULL],9000
93,11,0,2,3
93,11,1,[NULL],9000
94,10,1,1,2
94,10,2,2,2
94,10,0,0,3
95,9,0,2,9995
95,9,1,1,9997
96,8,0,[NULL],9000
97,7,2,[NULL],9000
97,7,0,"0,2",9998
97,7,1,2,9998
98,6,1,0,2
98,6,2,[NULL],9000
98,6,0,[NULL],9995
99,5,2,[NULL],9000
99,5,1,1,9996
99,5,0,[NULL],9997
100,4,0,[NULL],9997
100,4,1,1,9998
0,105,0,[NULL],9000
2,103,0,[NULL],9000
6,99,0,[NULL],9000
71,34,0,[NULL],9000
72,33,0,0,2
73,32,1,0,2
73,32,0,[NULL],9000
74,31,0,1,9998
77,28,0,1,2
82,23,0,2,2
83,22,1,0,2
83,22,0,0,9998
84,21,0,1,9998
85,20,0,1,2
86,19,0,0,9998
87,18,0,0,2
88,17,0,"1,2",9997
90,15,2,1,2
90,15,1,[NULL],9000
90,15,0,1,9998
91,14,0,[NULL],9000
91,14,1,2,9998
92,13,1,0,3
92,13,2,1,5
92,13,0,[NULL],9000
93,12,3,[NULL],9000
93,12,1,1,9995
93,12,0,[NULL],9995
93,12,2,3,9998
94,11,1,[NULL],9000
94,11,0,[NULL],9000
95,10,"0,2",[NULL],9000
95,10,2,[NULL],9000
95,10,1,0,9995
96,9,"0,2",0,2
96,9,2,1,2
96,9,1,[NULL],9000
97,8,0,[NULL],9000
97,8,2,[NULL],9992
97,8,1,1,9998
98,7,0,[NULL],9988
98,7,1,[NULL],9992
99,6,1,1,2
99,6,0,0,9995
100,5,0,[NULL],9996
0,106,0,[NULL],9000
2,104,0,[NULL],9000
6,100,0,[NULL],9000
71,35,0,[NULL],9000
72,34,0,[NULL],9000
73,33,1,0,2
73,33,0,[NULL],9000
74,32,0,1,9998
79,27,0,0,3
82,24,0,0,2
83,23,1,0,2
83,23,0,1,9998
84,22,0,1,4
85,21,0,0,2
88,18,0,0,3
89,17,1,0,2
89,17,0,1,9998
90,16,2,1,2
90,16,1,1,9998
90,16,0,"0,1,2",9998
91,15,1,1,5
91,15,0,[NULL],9000
91,15,2,2,9998
92,14,3,2,2
92,14,4,2,5
92,14,1,[NULL],9000
92,14,2,[NULL],9000
92,14,0,2,9998
93,13,3,[NULL],6
93,13,0,[NULL],9000
93,13,2,[NULL],9000
93,13,1,3,9998
94,12,1,1,3
94,12,2,0,4
94,12,0,0,9995
94,12,3,2,9998
95,11,1,[NULL],9000
95,11,2,[NULL],9000
95,11,0,1,9998
96,10,1,1,2
96,10,0,0,4
97,9,1,[NULL],9000
97,9,0,1,9998
98,8,0,[NULL],9000
98,8,2,[NULL],9000
98,8,1,2,9998
99,7,3,[NULL],9000
99,7,1,[NULL],9993
99,7,2,[NULL],9993
99,7,0,2,9998
100,6,1,[NULL],9993
100,6,0,[NULL],9994
101,5,1,[NULL],9000
101,5,0,[NULL],9997
102,4,0,1,9998
0,107,0,[NULL],9000
2,105,0,[NULL],9000
6,101,0,[NULL],9000
71,36,0,[NULL],9000
73,34,1,0,2
73,34,0,[NULL],9000
76,31,0,0,4
77,30,0,0,9998
78,29,0,0,9997
79,28,0,0,9998
80,27,0,0,4
81,26,0,0,9997
82,25,1,0,2
82,25,0,1,9996
83,24,0,1,4
84,23,0,1,4
85,22,0,0,9996
86,21,1,0,9996
86,21,0,0,9997
87,20,"1,2",0,3
87,20,2,2,4
87,20,0,0,9998
88,19,1,0,2
88,19,0,1,9998
89,18,1,1,2
89,18,"0,2","0,1",2
89,18,2,0,9996
90,17,2,2,2
90,17,0,0,9996
90,17,1,0,9998
91,16,2,0,2
91,16,"0,1,3",[NULL],9000
91,16,"1,3","1,2",9998
91,16,3,2,9998
92,15,3,1,2
92,15,2,[NULL],9000
92,15,1,[NULL],9000
92,15,0,0,9998
93,14,2,3,2
93,14,1,[NULL],9000
93,14,0,2,9998
94,13,1,0,2
94,13,2,[NULL],9000
94,13,0,[NULL],9000
95,12,1,[NULL],9000
95,12,0,1,9998
96,11,1,0,2
96,11,0,3,9998
97,10,2,1,2
97,10,1,1,9997
97,10,0,0,9998
98,9,2,0,2
98,9,1,1,4
98,9,4,[NULL],9000
98,9,0,[NULL],9994
98,9,3,1,9997
99,8,2,[NULL],9000
99,8,0,0,9996
99,8,1,0,9998
100,7,0,[NULL],9000
101,6,1,0,2
101,6,0,[NULL],9994
102,5,0,[NULL],9996
102,5,1,2,9998
0,108,0,[NULL],9000
2,106,0,[NULL],9000
6,102,0,[NULL],9000
73,35,0,[NULL],9000
73,35,1,[NULL],9000
76,32,0,0,2
77,31,0,0,9998
78,30,0,0,2
79,29,0,0,9998
86,22,0,0,2
87,21,1,0,2
87,21,0,0,9998
88,20,0,1,9998
89,19,0,1,2
90,18,"1,2","1,3",2
90,18,2,3,2
90,18,0,0,9998
91,17,0,0,2
91,17,1,"1,3",9997
92,16,2,0,2
92,16,1,[NULL],9000
92,16,0,0,9998
93,15,0,[NULL],9000
93,15,1,3,9998
94,14,1,0,2
94,14,2,0,5
94,14,0,1,9997
95,13,3,0,2
95,13,1,[NULL],9000
95,13,2,0,9994
95,13,0,1,9997
96,12,0,0,2
96,12,"1,2",[NULL],9000
96,12,2,1,9998
97,11,1,[NULL],9000
97,11,2,[NULL],9995
97,11,0,0,9998
98,10,0,1,2
98,10,1,2,9997
99,9,2,[NULL],9000
99,9,1,[NULL],9995
99,9,0,[NULL],9995
100,8,2,[NULL],9000
100,8,1,3,9996
100,8,0,[NULL],9996
101,7,2,1,2
101,7,1,[NULL],9000
101,7,0,"1,2",9998
101,7,3,2,9998
102,6,1,[NULL],9989
102,6,0,[NULL],9995
103,5,0,[NULL],9000
104,4,0,0,9998
0,109,0,[NULL],9000
2,107,0,[NULL],9000
6,103,0,[NULL],9000
73,36,0,[NULL],9000
76,33,0,0,2
77,32,0,0,3
78,31,0,0,2
79,30,0,0,9998
80,29,0,0,3
81,28,0,"0,1",9998
85,24,0,0,3
86,23,0,0,2
87,22,1,0,2
87,22,0,0,9997
89,20,0,0,2
90,19,1,2,9998
90,19,0,1,9998
91,18,0,0,2
91,18,1,0,9996
92,17,3,1,2
92,17,1,1,5
92,17,2,2,9998
92,17,0,"1,2",9998
93,16,0,1,9998
94,15,0,1,5
95,14,1,2,2
95,14,0,[NULL],9000
96,13,0,0,2
96,13,1,1,3
97,12,1,3,3
97,12,0,0,9998
98,11,0,0,5
99,10,0,[NULL],9000
99,10,1,0,9995
100,9,"1,2",0,2
100,9,2,3,2
100,9,0,2,9998
101,8,0,[NULL],9992
101,8,1,[NULL],9996
101,8,2,4,9998
102,7,0,[NULL],9990
103,6,0,0,2
104,5,0,[NULL],9991
0,110,0,[NULL],9000
2,108,0,[NULL],9000
6,104,0,[NULL],9000
73,37,0,[NULL],9000
77,33,0,[NULL],9000
78,32,0,0,2
79,31,0,0,9997
79,31,1,0,9998
80,30,"0,1",0,2
80,30,1,0,9998
81,29,1,0,4
81,29,0,0,9998
82,28,0,1,9998
83,27,0,0,9996
84,26,0,0,4
85,25,0,1,4
86,24,1,0,9996
86,24,0,0,9998
87,23,0,0,9996
88,22,0,2,4
89,21,2,1,2
89,21,1,0,2
89,21,0,0,4
90,20,"1,3",1,3
90,20,3,1,9996
90,20,2,0,9998
90,20,0,1,9998
91,19,2,2,2
91,19,1,"0,2",2
91,19,0,2,9998
92,18,1,0,2
92,18,0,[NULL],9000
93,17,1,0,3
93,17,0,0,5
93,17,2,0,9998
94,16,1,0,3
94,16,0,0,9998
95,15,0,[NULL],9000
96,14,0,0,2
97,13,2,1,3
97,13,0,"0,2",9998
97,13,1,2,9998
98,12,0,0,4
98,12,1,[NULL],9000
98,12,2,1,9998
99,11,2,0,2
99,11,1,0,9993
99,11,0,0,9995
100,10,4,2,2
100,10,"1,2",[NULL],9000
100,10,"0,3",[NULL],9000
100,10,2,2,9997
100,10,3,4,9998
101,9,"1,2",[NULL],9000
101,9,2,[NULL],9000
101,9,3,2,9996
101,9,0,[NULL],9997
102,8,1,[NULL],9000
102,8,0,[NULL],9991
102,8,2,0,9998
103,7,0,[NULL],9993
105,5,0,[NULL],9994
106,4,0,"0,1",9998
106,4,1,1,9998
0,111,0,[NULL],9000
2,109,0,[NULL],9000
6,105,0,[NULL],9000
75,36,0,[NULL],9000
77,34,0,[NULL],9000
78,33,0,1,2
79,32,0,1,2
79,32,1,1,9998
80,31,0,0,2
80,31,1,0,9998
81,30,1,0,2
81,30,0,0,9998
85,26,0,0,2
86,25,0,0,3
86,25,1,0,9998
89,22,0,2,2
89,22,1,0,2
90,21,2,0,2
90,21,0,0,9998
90,21,1,1,9998
91,20,0,0,9997
92,19,0,2,2
93,18,0,0,2
96,15,"0,2",0,2
96,15,2,1,2
96,15,1,[NULL],9000
97,14,1,2,2
97,14,0,2,9998
98,13,0,[NULL],9000
98,13,1,2,9998
99,12,4,0,2
99,12,3,1,4
99,12,2,[NULL],9000
99,12,0,[NULL],9000
99,12,1,[NULL],9000
100,11,1,[NULL],9000
100,11,2,"2,3",9996
100,11,3,1,9997
100,11,0,"3,4",9998
101,10,0,2,2
102,9,1,[NULL],9000
102,9,0,2,9998
103,8,0,1,9998
103,8,1,3,9998
105,6,"0,1",0,2
105,6,1,1,2
106,5,"0,1",[NULL],9996
106,5,1,2,9998
0,112,0,[NULL],9000
2,110,0,[NULL],9000
6,106,0,[NULL],9000
75,37,0,[NULL],9000
77,35,0,[NULL],9000
78,34,1,1,2
78,34,0,0,3
79,33,0,1,2
79,33,1,0,9997
80,32,0,0,2
80,32,1,0,9997
81,31,0,0,9998
85,27,0,1,2
86,26,0,1,9998
89,23,0,0,2
89,23,1,1,2
90,22,0,1,4
93,19,0,1,9998
94,18,0,"1,2",9998
94,18,1,2,9998
95,17,0,1,9998
96,16,2,0,2
96,16,1,[NULL],9000
96,16,3,[NULL],9000
96,16,0,[NULL],9000
97,15,2,1,2
97,15,0,[NULL],9000
97,15,1,1,9998
98,14,0,[NULL],9000
98,14,1,[NULL],9000
98,14,2,[NULL],9000
98,14,3,2,9998
99,13,"3,4",0,2
99,13,2,2,3
99,13,4,[NULL],9000
99,13,1,[NULL],9000
99,13,0,[NULL],9000
100,12,0,[NULL],9000
100,12,2,[NULL],9000
100,12,1,2,9998
101,11,2,0,2
101,11,1,[NULL],9000
101,11,0,[NULL],9995
102,10,1,0,2
102,10,3,1,2
102,10,2,1,9998
102,10,0,0,9998
103,9,2,[NULL],9000
103,9,1,[NULL],9995
103,9,0,[NULL],9995
104,8,0,0,9998
104,8,1,1,9998
105,7,2,1,2
105,7,1,[NULL],9994
105,7,3,2,9996
105,7,0,3,9998
106,6,2,[NULL],9000
106,6,1,[NULL],9000
106,6,0,[NULL],9993
107,5,0,4,9996
0,113,0,[NULL],9000
2,111,0,[NULL],9000
6,107,0,[NULL],9000
75,38,0,[NULL],9000
77,36,0,[NULL],9000
78,35,0,[NULL],9000
79,34,0,0,9997
80,33,0,0,2
81,32,0,0,9998
82,31,0,0,4
83,30,0,0,9998
84,29,0,0,9997
85,28,1,0,2
85,28,0,1,4
86,27,0,0,4
86,27,1,1,9998
87,26,0,"0,1,2",9996
88,25,1,0,9996
88,25,0,0,9998
89,24,1,3,4
89,24,0,1,9998
90,23,0,0,3
91,22,0,0,9996
92,21,1,0,2
92,21,0,0,9996
93,20,"1,2",0,2
93,20,2,1,2
93,20,0,1,9998
94,19,1,0,2
94,19,0,"1,2",6
95,18,0,0,9998
96,17,1,1,2
96,17,0,1,9996
97,16,2,3,2
97,16,0,[NULL],9000
97,16,1,0,9998
98,15,0,1,5
99,14,2,1,2
99,14,1,3,3
99,14,0,[NULL],9000
100,13,2,3,4
100,13,1,[NULL],9000
100,13,0,3,9998
101,12,1,2,2
101,12,0,0,2
102,11,1,[NULL],9000
102,11,0,1,9998
103,10,0,0,2
103,10,1,1,2
104,9,3,0,2
104,9,2,[NULL],9000
104,9,1,2,9998
104,9,0,1,9998
105,8,1,[NULL],9995
105,8,0,[NULL],9995
106,7,0,[NULL],9000
107,6,0,[NULL],9992
0,114,0,[NULL],9000
2,112,0,[NULL],9000
6,108,0,[NULL],9000
77,37,0,[NULL],9000
78,36,0,1,3
79,35,0,1,3
79,35,1,[NULL],9000
80,34,0,0,2
81,33,0,0,9998
82,32,0,0,2
83,31,0,0,9998
85,29,1,1,2
85,29,0,0,9998
86,28,0,1,9998
87,27,0,0,2
88,26,1,0,2
88,26,0,0,9998
89,25,0,1,9998
92,22,1,0,2
92,22,0,1,9997
93,21,0,"1,2",9997
94,20,0,0,2
95,19,0,0,9997
96,18,0,1,2
97,17,0,1,9998
98,16,0,0,5
99,15,3,0,2
99,15,2,2,4
99,15,0,1,9997
99,15,1,1,9998
100,14,1,[NULL],9000
100,14,0,"0,2",9994
100,14,2,0,9998
101,13,1,0,2
101,13,0,[NULL],9000
102,12,0,0,9997
102,12,1,0,9998
103,11,2,1,2
103,11,1,0,2
103,11,0,1,9998
104,10,3,[NULL],9000
104,10,0,[NULL],9000
104,10,"1,2",0,9997
104,10,2,0,9998
105,9,1,[NULL],9991
105,9,0,3,9997
105,9,2,"2,3",9998
106,8,3,[NULL],9000
106,8,5,[NULL],9000
106,8,4,[NULL],9993
106,8,1,[NULL],9993
106,8,0,"1,2",9998
106,8,2,2,9998
107,7,"3,5",[NULL],9000
107,7,5,[NULL],9000
107,7,4,[NULL],9993
107,7,0,[NULL],9994
107,7,1,4,9996
107,7,2,2,9998
108,6,1,[NULL],9000
108,6,0,[NULL],9994
108,6,2,2,9998
109,5,1,[NULL],9995
109,5,0,[NULL],9995
110,4,0,0,9998
0,115,0,[NULL],9000
2,113,0,[NULL],9000
6,109,0,[NULL],9000
77,38,0,[NULL],9000
78,37,0,0,3
79,36,0,[NULL],9000
79,36,1,[NULL],9000
80,35,0,0,2
81,34,0,0,9997
82,33,0,0,2
83,32,0,0,3
84,31,0,0,2
85,30,1,0,2
85,30,0,0,9998
86,29,0,2,9998
87,28,0,0,2
88,27,1,0,2
88,27,0,1,9998
89,26,0,2,9998
93,22,0,0,9996
94,21,0,"1,2",9998
95,20,0,"0,1",9998
96,19,1,0,2
96,19,0,0,9998
97,18,1,2,9998
97,18,0,"0,2",9998
98,17,1,1,2
98,17,0,[NULL],9000
99,16,0,2,2
100,15,0,1,9998
101,14,0,1,2
102,13,1,0,2
102,13,0,1,9998
103,12,0,2,2
103,12,1,[NULL],9995
104,11,"2,3","0,1,2",2
104,11,3,3,4
104,11,1,[NULL],9000
104,11,0,1,9998
105,10,"1,2",0,2
105,10,2,2,2
105,10,"3,4",[NULL],9000
105,10,4,2,9997
105,10,0,1,9998
106,9,2,2,2
106,9,4,0,4
106,9,1,[NULL],9994
106,9,0,0,9997
106,9,3,"1,2",9998
107,8,2,2,2
107,8,1,2,9996
107,8,0,2,9998
108,7,0,[NULL],9000
109,6,0,0,2
109,6,1,[NULL],9994
110,5,0,2,9998
0,116,0,[NULL],9000
2,114,0,[NULL],9000
6,110,0,[NULL],9000
77,39,0,[NULL],9000
79,37,0,[NULL],9000
81,35,0,[NULL],9000
82,34,0,1,9998
84,32,0,0,2
85,31,2,0,2
85,31,1,0,9996
85,31,0,0,9998
86,30,"0,1,2",0,4
86,30,"1,2","1,2",9998
86,30,2,2,9998
87,29,1,0,2
87,29,0,1,4
88,28,2,0,2
88,28,0,0,9997
88,28,1,0,9998
89,27,0,0,9996
90,26,0,0,4
91,25,1,0,3
91,25,0,0,4
92,24,"1,2",0,3
92,24,2,0,9996
92,24,0,0,9998
93,23,"1,2",0,2
93,23,2,1,9996
93,23,0,1,9998
94,22,"0,1",0,2
94,22,1,0,3
95,21,0,0,2
95,21,1,0,4
95,21,2,0,9998
96,20,2,1,2
96,20,0,"0,1",2
96,20,1,0,9998
97,19,0,[NULL],9000
97,19,2,0,9997
97,19,1,1,9997
98,18,1,0,3
98,18,0,1,7
99,17,1,0,2
99,17,0,[NULL],9000
100,16,0,[NULL],9000
101,15,1,0,2
101,15,0,0,3
102,14,1,[NULL],9000
102,14,0,2,9998
103,13,1,0,2
103,13,0,"1,2",3
104,12,1,0,2
104,12,3,0,3
104,12,2,[NULL],9000
104,12,0,2,9998
105,11,"1,2",3,2
105,11,0,[NULL],9000
105,11,2,1,9997
106,10,2,0,2
106,10,3,[NULL],9000
106,10,1,[NULL],9995
106,10,0,1,9998
107,9,3,[NULL],9000
107,9,2,[NULL],9000
107,9,1,1,9997
107,9,0,3,9998
108,8,3,[NULL],9000
108,8,1,[NULL],9990
108,8,0,[NULL],9996
108,8,2,2,9998
109,7,2,0,2
109,7,3,[NULL],9000
109,7,0,[NULL],9995
109,7,1,[NULL],9995
110,6,3,[NULL],9000
110,6,2,[NULL],9000
110,6,1,[NULL],9997
110,6,0,"0,1",9998
111,5,"0,1",[NULL],9997
111,5,1,1,9998
0,117,0,[NULL],9000
2,115,0,[NULL],9000
6,111,0,[NULL],9000
79,38,0,[NULL],9000
80,37,0,0,3
81,36,1,0,2
81,36,0,[NULL],9000
82,35,0,1,9998
84,33,0,0,2
85,32,"1,2","1,2",2
85,32,2,2,2
85,32,0,0,9998
86,31,0,1,9998
87,30,0,1,2
88,29,0,1,9998
91,26,0,0,2
92,25,1,0,2
92,25,0,0,9998
93,24,0,1,9998
94,23,0,2,2
95,22,0,1,2
95,22,1,0,9998
96,21,0,2,9997
96,21,1,"2,3,4",9997
101,16,2,0,2
101,16,1,[NULL],9000
101,16,0,0,9997
102,15,"0,1","0,1",9997
102,15,1,1,9998
103,14,2,0,2
103,14,1,[NULL],9000
103,14,0,0,9998
104,13,2,4,3
104,13,0,[NULL],9000
104,13,1,0,9998
105,12,1,0,2
105,12,0,0,3
105,12,2,0,9994
106,11,3,0,2
106,11,4,1,4
106,11,"0,2",1,9997
106,11,2,1,9998
106,11,1,2,9998
107,10,2,2,2
107,10,1,[NULL],9000
107,10,5,[NULL],9000
107,10,"3,4",3,9997
107,10,0,2,9997
107,10,4,[NULL],9997
108,9,2,[NULL],9000
108,9,3,[NULL],9000
108,9,1,"0,1",9998
108,9,0,1,9998
109,8,"0,1",0,2
109,8,1,[NULL],9000
110,7,1,1,2
110,7,0,[NULL],9994
0,118,0,[NULL],9000
2,116,0,[NULL],9000
6,112,0,[NULL],9000
79,39,0,[NULL],9000
80,38,0,[NULL],9000
81,37,1,0,2
81,37,0,[NULL],9000
82,36,0,1,9998
84,34,0,0,2
85,33,1,0,2
85,33,0,1,9998
86,32,0,1,9996
87,31,1,0,2
87,31,0,0,3
88,30,0,0,9998
91,27,0,0,2
92,26,1,0,2
92,26,0,0,4
93,25,0,2,9998
94,24,0,1,2
95,23,0,"1,2,3",9998
95,23,1,3,9998
96,22,0,2,3
96,22,1,1,3
97,21,0,1,9998
97,21,1,"1,2",9998
98,20,0,"0,2",9998
99,19,0,0,9998
100,18,0,1,9998
101,17,1,1,2
101,17,0,[NULL],9000
102,16,0,0,2
102,16,"1,2",0,9997
102,16,2,2,9998
103,15,0,1,2
104,14,1,2,3
104,14,0,0,9998
105,13,1,0,2
105,13,2,1,2
105,13,0,[NULL],9000
106,12,1,1,3
106,12,2,1,4
106,12,0,2,9997
106,12,3,[NULL],9997
107,11,"0,1",1,2
107,11,1,0,2
108,10,1,[NULL],9000
108,10,0,[NULL],9992
109,9,"1,2",[NULL],9000
109,9,0,[NULL],9997
109,9,2,2,9998
110,8,1,[NULL],9000
110,8,0,0,9998
111,7,0,[NULL],9997
112,6,0,[NULL],9997
113,5,0,[NULL],9995
0,119,0,[NULL],9000
2,117,0,[NULL],9000
6,113,0,[NULL],9000
79,40,0,[NULL],9000
81,38,1,0,2
81,38,0,[NULL],9000
84,35,1,0,2
84,35,0,1,4
85,34,1,0,9998
85,34,0,1,9998
87,32,0,0,2
88,31,0,0,4
88,31,1,0,9998
89,30,0,0,9998
90,29,0,0,9996
91,28,0,2,4
92,27,2,0,2
92,27,1,2,4
92,27,0,0,9998
93,26,0,0,9996
93,26,1,1,9998
94,25,"1,2,3",0,2
94,25,3,1,2
94,25,2,0,9996
94,25,0,0,9997
95,24,2,0,3
95,24,"3,4","0,1",3
95,24,"0,1,4","0,2",9998
95,24,1,1,9998
95,24,4,2,9998
96,23,1,0,2
96,23,2,"0,1",2
96,23,0,"2,3",9998
97,22,"0,2",0,2
97,22,2,0,9996
97,22,1,0,9998
98,21,0,0,2
98,21,1,0,9996
99,20,1,0,2
99,20,"0,2",0,6
99,20,2,0,9998
100,19,0,"0,1",3
101,18,2,2,2
101,18,"0,1","0,1",3
101,18,1,1,9997
102,17,3,[NULL],9000
102,17,1,[NULL],9000
102,17,"0,2",[NULL],9000
102,17,2,2,9996
103,16,0,0,2
104,15,0,[NULL],9000
104,15,1,0,9998
105,14,1,"0,2",3
105,14,0,3,9998
106,13,3,"3,4",3
106,13,2,0,3
106,13,0,[NULL],9000
106,13,1,[NULL],9000
107,12,1,[NULL],9000
107,12,0,1,9998
108,11,2,2,2
108,11,1,[NULL],9993
108,11,0,1,9998
109,10,0,0,2
109,10,1,[NULL],9000
110,9,0,2,9998
111,8,1,[NULL],9000
111,8,0,1,9996
112,7,0,5,9998
0,120,0,[NULL],9000
2,118,0,[NULL],9000
6,114,0,[NULL],9000
81,39,0,[NULL],9000
81,39,1,[NULL],9000
84,36,0,1,2
84,36,1,0,2
85,35,1,1,9998
85,35,0,0,9998
87,33,0,1,2
88,32,0,0,2
91,29,0,0,2
92,28,1,1,2
92,28,0,0,9998
93,27,0,1,9998
94,26,"0,2","0,1,4",2
94,26,1,1,2
94,26,2,4,2
95,25,"2,3",0,2
95,25,"0,3","0,2",9998
95,25,1,1,9998
95,25,3,2,9998
96,24,0,1,2
96,24,1,"2,3",9998
97,23,0,0,9998
98,22,0,2,2
101,19,0,"1,2",3
102,18,0,1,9998
103,17,0,1,2
104,16,3,0,2
104,16,1,1,9997
104,16,"0,2","0,2",9997
104,16,2,0,9998
105,15,2,0,3
105,15,1,[NULL],9000
105,15,3,[NULL],9000
105,15,"0,4","0,1,2",9997
105,15,4,2,9998
106,14,1,0,2
106,14,0,[NULL],9000
106,14,2,1,9998
107,13,1,0,2
107,13,2,[NULL],9000
107,13,0,0,9998
108,12,1,[NULL],9000
108,12,2,[NULL],9000
108,12,0,[NULL],9994
109,11,2,0,2
109,11,"0,1",[NULL],9000
109,11,1,3,9997
110,10,2,[NULL],9000
110,10,3,[NULL],9000
110,10,"0,1",[NULL],9000
110,10,1,[NULL],9000
111,9,5,0,2
111,9,0,[NULL],9000
111,9,1,[NULL],9000
111,9,"3,4",[NULL],9000
111,9,2,[NULL],9993
111,9,4,0,9997
112,8,"2,3,4",[NULL],9000
112,8,"3,4",[NULL],9000
112,8,0,[NULL],9000
112,8,4,2,9996
112,8,1,[NULL],9996
113,7,2,[NULL],9000
113,7,3,[NULL],9000
113,7,1,[NULL],9992
113,7,0,[NULL],9997
114,6,2,[NULL],9990
114,6,1,[NULL],9996
114,6,0,"0,1",9998
115,5,0,[NULL],9997
0,121,0,[NULL],9000
2,119,0,[NULL],9000
6,115,0,[NULL],9000
81,40,0,[NULL],9000
84,37,1,1,2
84,37,0,0,2
85,36,1,0,4
85,36,0,[NULL],9000
91,30,0,0,2
92,29,1,0,2
92,29,0,1,9998
93,28,0,0,3
93,28,1,2,9998
94,27,"0,2","0,3",2
94,27,1,1,2
94,27,2,3,2
95,26,"2,3",1,2
95,26,1,"0,1",9997
95,26,"0,3","1,2",9998
95,26,3,2,9998
96,25,0,0,2
97,24,0,1,9998
98,23,0,1,9998
99,22,0,"1,2",9998
100,21,1,1,3
100,21,0,1,9998
101,20,1,0,2
101,20,0,1,9998
102,19,0,1,9998
102,19,1,3,9998
103,18,0,2,2
104,17,2,4,2
104,17,0,[NULL],9000
104,17,1,0,9997
105,16,1,2,2
105,16,2,[NULL],9000
105,16,0,1,9997
106,15,0,0,2
106,15,1,0,9995
109,12,1,2,9997
109,12,0,[NULL],9997
110,11,0,[NULL],9000
110,11,1,1,9997
111,10,1,[NULL],9000
111,10,0,2,9997
112,9,0,[NULL],9000
113,8,"0,1",0,2
113,8,1,[NULL],9000
114,7,1,"1,2",9998
114,7,0,2,9998
115,6,0,[NULL],9991
0,122,0,[NULL],9000
2,120,0,[NULL],9000
6,116,0,[NULL],9000
81,41,0,[NULL],9000
85,37,0,[NULL],9000
87,35,0,0,9997
88,34,0,0,9998
89,33,0,0,4
90,32,0,0,9998
91,31,1,0,2
91,31,0,0,9996
92,30,2,1,2
92,30,0,0,4
92,30,1,0,9998
93,29,0,2,4
94,28,"1,2","0,3",2
94,28,2,3,2
94,28,0,0,9996
95,27,0,0,9996
95,27,"1,2","1,2",9998
95,27,2,2,9998
96,26,1,0,2
96,26,0,2,4
97,25,1,0,2
97,25,0,1,4
97,25,2,0,9998
98,24,"1,2",0,2
98,24,2,1,9996
98,24,0,1,9998
99,23,1,0,2
99,23,"0,2",0,9997
99,23,2,1,9998
100,22,1,0,2
100,22,0,"0,1",9998
101,21,1,0,2
101,21,3,1,2
101,21,2,2,4
101,21,0,0,9998
102,20,0,[NULL],9000
102,20,1,"1,2",9997
102,20,2,1,9998
103,19,1,1,3
103,19,"0,2","0,2",3
103,19,2,"1,3",9996
104,18,"0,1,2","0,4",3
104,18,"1,2",2,6
104,18,2,[NULL],9000
105,17,0,2,9997
107,15,0,1,9997
107,15,1,0,9997
108,14,3,0,3
108,14,1,1,9998
108,14,0,0,9998
108,14,2,2,9998
109,13,0,[NULL],9000
110,12,0,4,3
110,12,1,0,4
111,11,2,[NULL],9000
111,11,"0,1",2,9997
111,11,1,0,9997
112,10,2,[NULL],9000
112,10,3,[NULL],9000
112,10,1,[NULL],9996
112,10,0,"0,2",9998
113,9,"1,2",1,2
113,9,2,0,2
113,9,3,3,9995
113,9,0,0,9998
114,8,0,[NULL],9988
114,8,"1,2",0,9996
114,8,2,1,9998
115,7,1,[NULL],9000
115,7,0,[NULL],9000
116,6,1,[NULL],9000
116,6,0,[NULL],9997
117,5,0,0,9998
0,123,0,[NULL],9000
2,121,0,[NULL],9000
6,117,0,[NULL],9000
83,40,0,[NULL],9000
85,38,0,[NULL],9000
87,36,0,0,2
88,35,0,0,9998
89,34,0,0,2
91,32,0,1,2
92,31,0,0,9998
94,29,"1,2","1,2",2
94,29,2,2,2
94,29,0,1,3
95,28,0,0,9998
95,28,1,1,9998
96,27,0,2,2
97,26,1,0,2
97,26,0,0,9998
98,25,1,2,2
98,25,0,1,9998
99,24,"0,1",0,2
99,24,1,0,9997
100,23,0,0,2
100,23,1,1,9998
101,22,1,2,2
101,22,0,0,9998
102,21,0,3,9998
103,20,0,1,3
104,19,1,0,3
104,19,0,1,9998
107,16,1,1,2
107,16,0,0,2
107,16,2,2,2
108,15,2,1,3
108,15,0,[NULL],9000
108,15,1,1,9998
108,15,3,2,9998
109,14,1,1,3
109,14,"2,3",[NULL],9000
109,14,0,[NULL],9000
109,14,3,1,9998
110,13,2,0,3
110,13,0,[NULL],9000
110,13,1,0,9997
110,13,3,"1,2",9998
111,12,"0,2",0,2
111,12,2,4,4
111,12,1,[NULL],9000
112,11,0,0,2
112,11,2,[NULL],9000
112,11,1,[NULL],9997
113,10,1,2,2
113,10,0,[NULL],9000
113,10,2,[NULL],9000
114,9,1,[NULL],9995
114,9,0,1,9998
115,8,0,[NULL],9993
116,7,0,0,2
117,6,0,1,9998
0,124,0,[NULL],9000
2,122,0,[NULL],9000
6,118,0,[NULL],9000
83,41,0,[NULL],9000
85,39,0,[NULL],9000
86,38,0,0,3
87,37,0,0,2
88,36,0,0,9997
91,33,0,0,2
92,32,0,1,9998
94,30,0,0,2
94,30,1,1,2
95,29,0,1,9998
95,29,1,2,9998
96,28,0,0,2
97,27,1,0,2
97,27,0,1,9998
98,26,0,"0,2",3
99,25,1,1,2
99,25,0,1,9998
100,24,0,0,2
100,24,1,2,9998
101,23,3,0,2
101,23,"1,2",1,3
101,23,0,2,9998
101,23,2,1,9998
102,22,0,"4,5",9998
102,22,"1,2","1,3,4",9998
102,22,2,"1,4",9998
102,22,3,5,9998
103,21,1,0,2
103,21,0,2,9998
104,20,2,0,3
104,20,0,1,9998
104,20,1,2,9998
105,19,0,0,9998
106,18,1,0,3
106,18,0,1,3
107,17,1,1,2
107,17,2,3,2
107,17,0,0,9998
108,16,1,3,2
108,16,0,[NULL],9000
108,16,2,0,9997
109,15,"1,2",3,2
109,15,"0,2","0,1",9997
109,15,2,1,9998
110,14,2,"0,1",3
110,14,0,1,3
110,14,1,1,9997
111,13,0,"0,3",9997
111,13,1,1,9998
112,12,0,[NULL],9000
113,11,1,0,2
113,11,3,[NULL],9000
113,11,2,1,9997
113,11,0,[NULL],9997
114,10,1,[NULL],9000
114,10,0,2,9997
115,9,1,[NULL],9000
115,9,0,1,9998
116,8,1,0,2
116,8,0,[NULL],9992
117,7,0,[NULL],9000
0,125,0,[NULL],9000
2,123,0,[NULL],9000
6,119,0,[NULL],9000
83,42,0,[NULL],9000
85,40,0,[NULL],9000
86,39,0,[NULL],9000
87,38,0,0,9998
90,35,0,0,4
91,34,1,0,2
91,34,0,0,9998
92,33,0,0,9997
92,33,1,0,9998
93,32,0,0,4
94,31,1,0,2
94,31,2,1,2
94,31,0,0,4
95,30,0,"0,1",9996
95,30,1,0,9998
96,29,1,0,2
96,29,0,0,9996
97,28,1,2,4
97,28,0,1,9998
97,28,2,0,9998
98,27,1,0,2
98,27,0,1,3
99,26,2,1,2
99,26,0,0,9996
99,26,1,0,9998
100,25,2,0,2
100,25,1,2,2
100,25,0,0,9996
100,25,3,1,9998
101,24,"4,5",0,2
101,24,"1,3,5","0,1,2",2
101,24,3,1,2
101,24,5,3,2
101,24,2,1,9998
101,24,0,2,9998
102,23,2,0,2
102,23,"1,3",2,4
102,23,3,3,9998
102,23,0,"1,3",9998
103,22,1,0,2
103,22,2,1,2
103,22,0,"1,2",9998
104,21,0,0,2
104,21,1,0,9996
104,21,2,1,9998
105,20,0,1,5
106,19,0,0,2
107,18,"1,2",[NULL],9000
107,18,2,0,9996
107,18,0,0,9998
108,17,1,2,2
108,17,0,2,9998
109,16,0,1,3
110,15,1,1,2
110,15,0,[NULL],9000
110,15,2,0,9997
111,14,3,[NULL],9000
111,14,2,[NULL],9000
111,14,0,"1,2",9998
111,14,1,"0,1,4",9998
112,13,2,[NULL],9000
112,13,1,0,9998
112,13,0,"0,3",9998
113,12,0,"1,2",4
113,12,1,[NULL],9000
114,11,1,0,2
114,11,0,"0,2",9998
115,10,1,2,9998
115,10,0,1,9998
116,9,0,[NULL],9000
0,126,0,[NULL],9000
2,124,0,[NULL],9000
6,120,0,[NULL],9000
85,41,0,[NULL],9000
86,40,0,0,2
87,39,0,0,3
87,39,1,0,9998
90,36,0,0,2
91,35,0,1,2
91,35,1,0,9998
94,32,0,1,2
95,31,0,0,9998
96,30,1,0,2
96,30,0,2,2
97,29,1,1,9998
97,29,0,0,9998
98,28,0,1,2
99,27,1,3,2
99,27,0,0,9998
100,26,1,2,2
100,26,2,0,2
100,26,0,1,9997
100,26,3,1,9998
101,25,3,3,2
101,25,1,"0,3",2
101,25,0,0,9998
101,25,2,1,9998
102,24,"1,2",0,2
102,24,2,"0,1,2",9997
102,24,0,1,9998
103,23,1,2,2
103,23,0,0,9997
104,22,0,0,9998
106,20,0,0,2
107,19,2,0,2
107,19,0,2,3
107,19,1,1,9998
108,18,"0,1","0,2",3
108,18,1,1,9997
109,17,1,1,3
109,17,0,2,9997
109,17,2,1,9998
110,16,"1,2",0,2
110,16,"0,2,4","0,1",2
110,16,"2,3,4",0,3
110,16,3,[NULL],9000
110,16,4,2,9997
111,15,0,1,2
111,15,3,"0,1",2
111,15,2,[NULL],9000
111,15,1,[NULL],9000
111,15,4,2,9998
112,14,1,2,3
112,14,3,3,5
112,14,0,0,9997
112,14,2,1,9998
113,13,"0,2",0,2
113,13,2,0,3
113,13,1,2,9997
114,12,2,1,2
114,12,1,0,2
114,12,0,2,9996
115,11,0,[NULL],9000
116,10,0,[NULL],9994
117,9,0,2,9998
117,9,1,1,9998
118,8,1,0,9996
118,8,0,"1,2,4",9998
119,7,0,[NULL],9987
0,127,0,[NULL],9000
2,125,0,[NULL],9000
6,121,0,[NULL],9000
85,42,0,[NULL],9000
86,41,0,1,2
87,40,0,[NULL],9000
87,40,1,[NULL],9000
90,37,0,1,2
91,36,0,0,3
94,33,0,0,2
95,32,0,2,9998
96,31,1,1,2
96,31,0,0,2
97,30,1,2,9998
97,30,0,1,9998
98,29,0,0,2
99,28,1,3,2
99,28,0,1,9998
100,27,0,0,2
100,27,1,2,2
101,26,1,0,2
101,26,2,1,9996
101,26,0,2,9998
102,25,0,3,9998
103,24,0,0,2
104,23,1,2,9998
104,23,0,1,9998
105,22,0,"1,2",9998
106,21,1,1,2
106,21,0,1,9998
107,20,1,2,9998
107,20,0,1,9998
108,19,1,2,2
108,19,0,2,9998
109,18,0,2,3
109,18,1,3,9998
110,17,2,4,2
110,17,3,[NULL],9000
110,17,0,[NULL],9000
110,17,1,1,9998
111,16,1,2,2
111,16,2,[NULL],9000
111,16,0,1,9998
112,15,"2,3",[NULL],9000
112,15,3,0,9995
112,15,0,[NULL],9995
112,15,1,1,9997
113,14,1,0,9995
113,14,0,3,9998
114,13,0,"0,1,2",9997
115,12,0,[NULL],9000
115,12,1,1,9998
116,11,2,0,2
116,11,1,1,2
116,11,0,1,9997
117,10,"1,2,4",0,2
117,10,2,[NULL],9000
117,10,4,[NULL],9000
117,10,0,[NULL],9995
117,10,3,3,9998
118,9,1,1,9996
118,9,0,4,9998
121,6,0,0,9998
0,128,0,[NULL],9000
2,126,0,[NULL],9000
6,122,0,[NULL],9000
85,43,0,[NULL],9000
87,41,0,[NULL],9000
89,39,0,0,9998
90,38,0,1,9998
93,35,0,0,9996
94,34,2,0,2
94,34,"0,1",0,4
94,34,1,0,9998
95,33,0,0,4
95,33,1,0,9998
96,32,2,1,2
96,32,1,0,2
96,32,0,0,9997
97,31,0,0,9996
97,31,1,0,9998
98,30,1,0,2
98,30,0,0,4
99,29,1,0,3
99,29,0,0,4
99,29,2,0,9998
100,28,2,0,2
100,28,1,0,9996
100,28,0,1,9998
101,27,3,0,2
101,27,"0,1,2",2,3
101,27,"1,2",0,9996
101,27,2,0,9998
102,26,0,0,3
102,26,1,1,9998
103,25,2,1,2
103,25,1,0,2
103,25,0,1,4
104,24,"1,2",0,2
104,24,2,1,9996
104,24,0,0,9998
105,23,1,0,2
105,23,0,0,9997
106,22,2,1,2
106,22,1,0,2
106,22,0,2,4
107,21,2,0,2
107,21,1,0,3
107,21,0,[NULL],9000
107,21,3,1,9998
108,20,3,1,2
108,20,2,0,3
108,20,1,"0,1,4",9996
108,20,0,0,9998
109,19,1,1,2
109,19,2,4,3
109,19,0,1,9998
109,19,3,2,9998
110,18,1,0,2
110,18,3,[NULL],9000
110,18,0,2,9998
110,18,2,3,9998
111,17,0,0,3
111,17,1,4,9998
111,17,2,1,9998
112,16,3,0,2
112,16,2,1,3
112,16,"0,1","0,1",9997
112,16,1,1,9997
113,15,0,[NULL],9997
113,15,1,1,9998
114,14,1,1,2
114,14,0,[NULL],9994
115,13,"1,2",[NULL],9000
115,13,"0,2",[NULL],9000
115,13,2,3,9998
116,12,3,3,2
116,12,0,[NULL],9995
116,12,2,2,9997
116,12,1,[NULL],9997
117,11,4,0,2
117,11,2,[NULL],9000
117,11,"0,1,3","2,3",9997
117,11,3,1,9998
117,11,1,0,9998
118,10,1,[NULL],9000
118,10,0,[NULL],9997
118,10,2,2,9998
119,9,0,1,9998
120,8,0,0,2
121,7,0,1,9996
121,7,1,[NULL],9996
126,2,0,[NULL],9000
127,1,0,0,9998
0,129,0,[NULL],9000
2,127,0,[NULL],9000
6,123,0,[NULL],9000
87,42,0,[NULL],9000
88,41,0,0,2
89,40,1,0,2
89,40,0,[NULL],9000
90,39,0,1,9998
93,36,0,1,2
94,35,0,1,2
95,34,0,0,9998
96,33,0,1,2
97,32,0,0,9998
98,31,0,2,2
99,30,1,0,2
99,30,0,0,9998
100,29,0,2,2
100,29,1,1,9998
101,28,1,1,2
101,28,0,0,9998
102,27,0,1,9998
103,26,0,0,2
104,25,0,"1,2",9997
106,23,1,3,2
106,23,0,1,9998
107,22,0,0,2
107,22,1,2,9998
108,21,1,0,2
108,21,2,3,2
108,21,0,1,9998
109,20,2,0,2
109,20,3,2,2
109,20,0,0,9997
109,20,4,3,9998
109,20,1,2,9998
110,19,4,1,2
110,19,1,2,2
110,19,"0,2,3",[NULL],9000
110,19,2,"2,3",9998
110,19,3,2,9998
111,18,1,1,3
111,18,0,[NULL],9000
111,18,3,"0,1",9997
111,18,2,1,9998
112,17,1,"0,1",2
112,17,0,[NULL],9000
113,16,"0,1,2",0,3
113,16,2,0,4
113,16,3,[NULL],9000
113,16,1,[NULL],9000
114,15,3,2,2
114,15,1,[NULL],9000
114,15,0,1,9997
114,15,2,0,9998
115,14,1,0,3
115,14,0,[NULL],9000
116,13,1,3,2
116,13,0,"0,3",2
117,12,2,2,2
117,12,0,1,4
117,12,1,"1,2,3",9997
118,11,1,0,2
118,11,"0,2",[NULL],9997
118,11,2,3,9998
119,10,2,[NULL],9994
119,10,1,[NULL],9995
119,10,0,2,9998
120,9,3,[NULL],9992
120,9,"0,2","0,3,4",9997
120,9,2,5,9998
120,9,1,"3,5",9998
121,8,1,[NULL],9994
121,8,0,4,9998
126,3,0,0,2
127,2,0,1,9998
0,130,0,[NULL],9000
2,128,0,[NULL],9000
6,124,0,[NULL],9000
87,43,0,[NULL],9000
88,42,0,[NULL],9000
89,41,1,0,2
89,41,0,[NULL],9000
90,40,0,1,9998
94,36,0,0,2
95,35,0,0,3
95,35,1,0,9997
96,34,0,0,2
97,33,0,1,9998
98,32,0,0,2
99,31,1,1,2
99,31,0,1,9998
100,30,0,0,2
100,30,1,2,4
101,29,1,0,2
101,29,0,1,9998
104,26,0,0,3
105,25,1,0,2
105,25,0,1,9998
106,24,2,1,2
106,24,1,1,9998
106,24,0,"0,2",9998
107,23,1,0,2
107,23,2,3,9998
107,23,0,1,9998
108,22,3,4,2
108,22,2,1,2
108,22,1,3,9998
108,22,0,2,9998
109,21,"2,3",2,2
109,21,3,0,2
109,21,0,1,9998
109,21,1,3,9998
110,20,1,2,2
110,20,2,"3,4",9998
110,20,3,3,9998
110,20,0,1,9998
111,19,"0,1","0,1",3
111,19,1,1,3
111,19,2,2,9998
112,18,1,[NULL],9000
112,18,0,1,9998
113,17,0,2,2
114,16,1,[NULL],9000
114,16,0,1,9996
115,15,2,2,3
115,15,0,2,9998
115,15,1,3,9998
116,14,"2,3","0,1,3",3
116,14,"0,3",3,9997
116,14,1,2,9997
116,14,3,[NULL],9997
117,13,3,0,2
117,13,1,1,4
117,13,2,3,9997
117,13,0,1,9998
118,12,2,0,2
118,12,3,[NULL],9993
118,12,0,"0,1,3",9996
118,12,1,1,9997
118,12,4,3,9998
119,11,5,2,2
119,11,3,"0,1",2
119,11,1,[NULL],9000
119,11,0,1,9997
119,11,4,3,9998
119,11,2,2,9998
120,10,4,0,2
120,10,1,[NULL],9993
120,10,0,[NULL],9995
120,10,3,5,9998
120,10,2,2,9998
121,9,"0,1",[NULL],9991
121,9,1,5,9998
122,8,0,[NULL],9997
123,7,0,[NULL],9995
123,7,1,2,9997
124,6,0,0,9994
125,5,0,2,9998
126,4,1,0,2
126,4,0,[NULL],9993
127,3,0,0,9998
0,131,0,[NULL],9000
2,129,0,[NULL],9000
6,125,0,[NULL],9000
87,44,0,[NULL],9000
89,42,1,0,2
89,42,0,[NULL],9000
92,39,0,0,4
93,38,0,0,9998
94,37,0,0,9997
95,36,0,0,9997
96,35,1,0,2
96,35,0,0,4
97,34,"0,1",0,9997
97,34,1,0,9998
98,33,1,0,2
98,33,0,0,9996
99,32,0,1,4
100,31,1,0,2
100,31,0,"1,2",4
101,30,0,0,9996
101,30,1,0,9998
102,29,1,0,9996
102,29,0,0,9997
103,28,"1,2",0,3
103,28,2,2,4
103,28,0,0,9998
104,27,1,0,2
104,27,0,1,9998
105,26,1,1,2
105,26,"0,2",0,2
105,26,2,0,9996
106,25,3,2,2
106,25,1,0,2
106,25,0,0,9996
106,25,2,0,9998
107,24,3,1,2
107,24,2,0,2
107,24,"0,1,4",1,4
107,24,4,2,9998
107,24,1,1,9998
108,23,1,0,2
108,23,3,1,2
108,23,0,0,3
108,23,2,0,9998
109,22,"3,4",2,2
109,22,4,"2,3",2
109,22,1,0,2
109,22,0,1,9997
109,22,2,1,9998
110,21,2,2,2
110,21,"0,1",3,3
110,21,1,1,9996
110,21,3,1,9998
111,20,1,0,2
111,20,0,3,5
111,20,2,0,9998
112,19,0,1,5
112,19,1,[NULL],9000
112,19,2,0,9998
113,18,1,0,3
113,18,2,3,9996
113,18,0,1,9998
114,17,2,0,2
114,17,3,1,2
114,17,0,"2,3",9998
114,17,1,2,9998
115,16,0,[NULL],9000
115,16,1,1,9998
116,15,1,0,2
116,15,"2,3",1,3
116,15,3,[NULL],9000
116,15,0,0,9997
117,14,3,4,2
117,14,"0,1",[NULL],9000
117,14,1,[NULL],9996
117,14,2,3,9997
118,13,3,4,2
118,13,2,2,2
118,13,4,[NULL],9990
118,13,"0,1",[NULL],9990
118,13,1,2,9996
119,12,5,3,2
119,12,2,2,2
119,12,"0,3,4","0,2",3
119,12,"3,4",3,9997
119,12,"1,4",[NULL],9997
119,12,4,0,9998
120,11,5,0,2
120,11,1,0,4
120,11,"0,3",[NULL],9994
120,11,3,[NULL],9996
120,11,4,2,9998
120,11,2,1,9998
121,10,"1,2",1,9996
121,10,2,2,9998
121,10,0,1,9998
123,8,0,[NULL],9996
123,8,1,"0,1",9997
124,7,2,0,2
124,7,1,[NULL],9989
124,7,0,[NULL],9996
125,6,1,[NULL],9995
125,6,0,[NULL],9995
126,5,0,0,2
127,4,0,1,9998
128,3,0,[NULL],9990
129,2,0,1,9998
0,132,0,[NULL],9000
2,130,0,[NULL],9000
6,126,0,[NULL],9000
89,43,0,[NULL],9000
89,43,1,[NULL],9000
92,40,0,0,2
93,39,0,0,9998
94,38,0,1,3
95,37,0,0,9997
96,36,0,1,2
97,35,0,"0,1",9997
100,32,0,1,2
101,31,0,0,9998
102,30,0,0,2
103,29,1,0,2
103,29,0,0,9998
104,28,0,1,9998
105,27,0,2,2
106,26,2,4,2
106,26,1,1,2
106,26,0,0,9998
107,25,0,2,2
107,25,1,"1,3",9997
108,24,1,2,2
108,24,0,0,9998
109,23,1,3,2
109,23,0,3,9998
110,22,0,2,2
110,22,1,2,9998
111,21,0,2,2
111,21,1,1,9998
112,20,1,0,2
112,20,0,1,9998
113,19,"2,3",0,2
113,19,3,"0,1",2
113,19,0,[NULL],9000
113,19,1,"1,3",9997
114,18,1,1,2
114,18,"3,4",[NULL],9000
114,18,0,3,9997
114,18,"2,4",2,9997
114,18,4,2,9998
115,17,3,"0,3",3
115,17,2,1,3
115,17,4,[NULL],9000
115,17,0,[NULL],9000
115,17,1,0,9998
116,16,3,2,3
116,16,2,[NULL],9000
116,16,0,0,9997
116,16,1,2,9998
117,15,1,1,3
117,15,2,8,9997
117,15,0,"6,7",9997
118,14,0,4,2
118,14,1,0,3
119,13,2,4,2
119,13,1,2,2
119,13,0,"2,3",9997
120,12,2,2,2
120,12,1,0,2
120,12,0,3,9998
121,11,1,[NULL],9000
121,11,0,1,9998
121,11,2,3,9998
122,10,2,1,3
122,10,"0,1",[NULL],9995
122,10,1,[NULL],9995
123,9,"2,3",[NULL],9985
123,9,1,[NULL],9985
123,9,3,"2,3",9997
123,9,0,1,9998
124,8,"0,1","1,2,3",9997
124,8,1,1,9998
126,6,1,0,2
126,6,0,[NULL],9995
127,5,0,2,9998
127,5,1,3,9998
128,4,1,0,2
128,4,0,1,9998
129,3,1,[NULL],9000
129,3,0,0,9998
130,2,0,1,9998
0,133,0,[NULL],9000
2,131,0,[NULL],9000
6,127,0,[NULL],9000
89,44,0,[NULL],9000
92,41,0,0,2
93,40,0,0,3
94,39,0,0,3
95,38,0,0,9997
96,37,0,"0,1",3
97,36,0,0,9997
100,33,0,0,2
101,32,0,0,3
101,32,1,1,9998
102,31,0,0,2
103,30,1,0,2
103,30,0,0,9997
105,28,0,0,2
106,27,1,2,9998
106,27,0,1,9998
107,26,0,0,2
107,26,1,0,9996
108,25,3,0,2
108,25,1,0,3
108,25,2,2,9998
108,25,0,1,9998
109,24,2,1,2
109,24,1,1,9998
109,24,0,0,9998
110,23,1,1,2
110,23,0,0,9998
110,23,2,3,9998
111,22,1,0,2
111,22,0,0,9998
112,21,0,0,9998
112,21,1,2,9998
113,20,2,4,2
113,20,1,0,4
113,20,0,[NULL],9000
114,19,0,1,2
114,19,"1,2",[NULL],9000
114,19,2,4,9998
115,18,2,1,2
115,18,0,0,3
115,18,1,1,9998
116,17,3,2,3
116,17,1,[NULL],9000
116,17,0,3,9998
116,17,2,5,9998
117,16,"0,1,3",0,4
117,16,3,[NULL],9000
117,16,2,[NULL],9000
117,16,1,[NULL],9000
118,15,3,0,3
118,15,2,[NULL],9992
118,15,"0,1",[NULL],9992
118,15,1,0,9997
119,14,3,0,2
119,14,4,[NULL],9994
119,14,1,"0,2",9997
119,14,2,4,9997
119,14,0,4,9998
120,13,1,0,2
120,13,3,2,2
120,13,0,0,9997
120,13,2,3,9998
121,12,0,[NULL],9000
121,12,2,[NULL],9994
121,12,1,2,9998
122,11,1,0,2
122,11,0,1,3
123,10,1,0,2
123,10,0,3,9998
124,9,"1,2",[NULL],9996
124,9,"0,2",4,9997
124,9,2,[NULL],9997
125,8,1,[NULL],9995
125,8,0,"1,2",9998
125,8,2,3,9998
126,7,2,0,2
126,7,3,1,2
126,7,0,"2,3",9998
126,7,1,3,9998
127,6,1,0,2
127,6,0,"1,4",9998
127,6,2,5,9998
128,5,0,0,2
128,5,1,4,9998
129,4,1,0,2
129,4,0,0,9998
130,3,0,[NULL],9989
0,134,0,[NULL],9000
2,132,0,[NULL],9000
6,128,0,[NULL],9000
89,45,0,[NULL],9000
93,41,0,[NULL],9000
94,40,0,0,3
95,39,0,0,9997
95,39,1,1,9997
96,38,"0,1",0,3
96,38,1,0,9998
97,37,0,0,4
97,37,1,0,9997
98,36,0,1,9998
99,35,0,0,9996
100,34,1,1,2
100,34,0,0,4
101,33,0,1,4
101,33,1,0,9998
102,32,1,0,9996
102,32,0,1,9998
103,31,0,0,9996
104,30,0,2,4
105,29,2,1,2
105,29,1,0,2
105,29,0,0,4
106,28,"1,3",1,3
106,28,3,1,9996
106,28,2,0,9998
106,28,0,1,9998
107,27,2,2,2
107,27,1,0,2
107,27,0,2,9998
108,26,1,1,2
108,26,0,0,2
109,25,0,0,2
109,25,3,2,2
109,25,1,0,4
109,25,2,0,9998
110,24,0,0,2
110,24,2,1,9998
110,24,1,0,9998
111,23,0,0,2
111,23,2,1,2
111,23,1,"0,2",9996
112,22,"1,3",1,3
112,22,3,2,4
112,22,0,[NULL],9000
112,22,2,0,9998
113,21,4,2,2
113,21,3,0,3
113,21,2,"2,4",3
113,21,0,"0,2",9998
113,21,1,0,9998
114,20,1,1,2
114,20,0,1,9996
114,20,2,2,9998
115,19,3,0,2
115,19,5,2,2
115,19,0,0,3
115,19,4,[NULL],9000
115,19,2,1,9997
115,19,1,0,9998
116,18,8,2,3
116,18,"6,7",0,3
116,18,5,[NULL],9000
116,18,"0,3,4",[NULL],9000
116,18,1,"1,4",9998
116,18,"3,4",3,9998
116,18,2,"0,5",9998
116,18,4,4,9998
116,18,7,5,9998
117,17,2,1,4
117,17,1,1,9997
117,17,3,6,9998
117,17,0,"4,6",9998
118,16,4,"0,1",2
118,16,"2,3",0,3
118,16,3,[NULL],9000
118,16,"0,1",0,9996
118,16,1,3,9997
119,15,3,2,2
119,15,0,[NULL],9995
119,15,2,2,9997
119,15,1,1,9998
120,14,2,1,2
120,14,1,"1,2",4
120,14,3,[NULL],9992
120,14,0,"2,3",9998
121,13,0,[NULL],9995
121,13,2,[NULL],9995
121,13,1,0,9998
122,12,3,0,2
122,12,2,3,3
122,12,0,[NULL],9000
122,12,1,[NULL],9000
123,11,"1,2,3","0,1",3
123,11,3,[NULL],9000
123,11,2,[NULL],9987
123,11,0,1,9998
124,10,"1,2",0,2
124,10,3,2,2
124,10,0,[NULL],9000
124,10,2,[NULL],9000
125,9,"2,3",0,2
125,9,3,1,2
125,9,0,3,9997
125,9,"1,4",5,9998
125,9,4,6,9998
126,8,"1,4",0,2
126,8,5,2,2
126,8,4,[NULL],9000
126,8,3,[NULL],9992
126,8,"0,2","0,1,4",9997
126,8,2,6,9998
127,7,4,1,2
127,7,1,"3,4,5",9996
127,7,"2,3",[NULL],9996
127,7,0,3,9998
127,7,3,5,9998
127,7,5,6,9998
128,6,0,0,2
128,6,"3,4",[NULL],9993
128,6,1,[NULL],9993
128,6,4,6,9998
128,6,2,"4,5,6",9998
129,5,2,[NULL],9992
129,5,1,[NULL],9994
129,5,0,1,9998
0,135,0,[NULL],9000
2,133,0,[NULL],9000
6,129,0,[NULL],9000
91,44,0,[NULL],9000
93,42,0,[NULL],9000
94,41,0,0,3
95,40,0,1,2
95,40,1,0,9996
96,39,0,0,3
96,39,1,0,9998
97,38,1,0,2
97,38,0,0,9997
100,35,0,1,2
101,34,1,0,2
101,34,0,0,9998
102,33,0,0,3
102,33,1,1,9998
105,30,0,2,2
105,30,1,0,2
106,29,2,0,2
106,29,0,0,9998
106,29,1,1,9998
107,28,0,0,9997
108,27,0,2,2
109,26,1,2,2
109,26,0,1,2
110,25,0,1,9998
111,24,0,2,2
112,23,"0,2",0,2
112,23,2,"0,1",2
112,23,1,1,9998
113,22,2,2,2
113,22,"0,1","1,3",9998
113,22,1,3,9998
114,21,0,1,2
114,21,1,2,9998
115,20,"1,4",1,2
115,20,3,"3,4",2
115,20,"0,5",2,2
115,20,4,4,2
115,20,5,6,2
115,20,2,2,9998
116,19,6,3,2
116,19,4,"0,3",2
116,19,"1,2",[NULL],9000
116,19,"3,5",[NULL],9000
116,19,5,"0,4",9997
116,19,0,2,9998
116,19,2,4,9998
117,18,0,0,3
117,18,"1,2",1,9997
117,18,2,6,9998
118,17,1,1,2
118,17,"0,2",1,3
118,17,4,2,3
118,17,2,[NULL],9000
118,17,3,2,9998
119,16,"2,3",0,2
119,16,0,0,3
119,16,3,2,9997
119,16,1,0,9998
120,15,0,1,2
120,15,1,2,9998
121,14,0,[NULL],9996
121,14,1,0,9998
122,13,1,0,2
122,13,2,[NULL],9000
122,13,0,0,9996
123,12,4,"0,2",3
123,12,0,0,6
123,12,2,"0,2",9997
123,12,1,2,9998
123,12,3,1,9998
124,11,5,"1,4",2
124,11,6,4,2
124,11,2,[NULL],9000
124,11,"3,4",[NULL],9993
124,11,"0,1",[NULL],9993
124,11,1,1,9998
124,11,4,4,9998
125,10,6,0,2
125,10,"3,5",1,9996
125,10,0,"1,2",9997
125,10,5,4,9997
125,10,1,[NULL],9997
125,10,2,[NULL],9997
125,10,7,5,9998
125,10,4,"3,4",9998
126,9,3,0,2
126,9,5,3,2
126,9,6,5,2
126,9,2,[NULL],9992
126,9,4,[NULL],9993
126,9,0,1,9997
126,9,1,3,9998
127,8,6,4,2
127,8,"4,5","2,4",2
127,8,3,[NULL],9000
127,8,2,[NULL],9990
127,8,5,[NULL],9990
127,8,0,"2,4",9998
127,8,1,4,9998
127,8,7,5,9998
128,7,1,0,2
128,7,2,[NULL],9990
128,7,3,3,9996
128,7,0,4,9997
129,6,0,3,9998
130,5,0,2,9998
0,136,0,[NULL],9000
2,134,0,[NULL],9000
6,130,0,[NULL],9000
91,45,0,[NULL],9000
93,43,0,[NULL],9000
94,42,0,0,3
94,42,1,1,3
95,41,0,1,2
95,41,1,0,9996
96,40,0,1,3
96,40,1,0,9997
97,39,0,0,9997
100,36,0,0,2
101,35,1,1,2
101,35,0,1,9998
102,34,0,2,9998
105,31,0,0,2
105,31,1,1,2
106,30,0,1,4
109,27,1,0,2
109,27,0,1,9998
110,26,0,"2,3",9998
110,26,2,3,9998
110,26,1,"1,2",9998
111,25,1,1,2
111,25,0,1,9998
112,24,"1,3","0,1",2
112,24,3,1,2
112,24,0,1,9998
112,24,2,2,9998
113,23,2,1,2
113,23,1,2,9998
113,23,0,0,9998
114,22,2,2,2
114,22,1,2,3
114,22,3,3,9998
114,22,0,0,9998
115,21,2,0,2
115,21,4,2,2
115,21,3,2,9998
115,21,1,1,9998
115,21,0,0,9998
116,20,6,2,2
116,20,1,1,3
116,20,"2,3",[NULL],9000
116,20,"4,5",[NULL],9000
116,20,5,"0,1,2",9997
116,20,0,1,9998
116,20,3,3,9998
117,19,2,3,2
117,19,3,1,3
117,19,"0,1",[NULL],9000
117,19,1,4,9998
118,18,0,1,2
118,18,2,2,3
118,18,1,1,9998
119,17,2,1,2
119,17,1,[NULL],9000
119,17,0,[NULL],9000
120,16,0,1,2
120,16,2,3,9998
120,16,1,2,9998
121,15,3,[NULL],9000
121,15,4,[NULL],9000
121,15,"1,2","0,1",9997
121,15,2,[NULL],9997
121,15,0,2,9998
122,14,2,1,2
122,14,1,3,2
122,14,0,1,9998
123,13,1,1,2
123,13,4,4,2
123,13,3,[NULL],9989
123,13,2,3,9997
123,13,0,"0,2",9997
124,12,5,7,2
124,12,"3,4",4,2
124,12,4,0,3
124,12,1,[NULL],9994
124,12,0,0,9997
124,12,2,3,9998
125,11,3,1,2
125,11,"0,1,4","0,2",3
125,11,2,[NULL],9000
125,11,1,[NULL],9993
125,11,4,[NULL],9994
125,11,5,5,9998
126,10,"2,4",0,2
126,10,4,1,2
126,10,5,7,2
126,10,1,[NULL],9994
126,10,3,4,9998
126,10,0,"3,4",9998
127,9,2,[NULL],9991
127,9,"1,3,4",[NULL],9996
127,9,4,"1,4",9997
127,9,3,4,9998
127,9,0,"3,4",9998
127,9,5,7,9998
128,8,3,0,2
128,8,"0,4",[NULL],9995
128,8,4,[NULL],9995
128,8,2,0,9997
128,8,1,1,9998
129,7,2,0,2
129,7,4,[NULL],9994
129,7,"0,1",[NULL],9996
129,7,1,"1,4",9998
129,7,3,2,9998
130,6,3,[NULL],9995
130,6,2,[NULL],9995
130,6,0,[NULL],9995
130,6,1,"0,1",9998
131,5,0,1,9998
133,3,0,[NULL],9000
134,2,0,1,9998
0,137,0,[NULL],9000
2,135,0,[NULL],9000
6,131,0,[NULL],9000
91,46,0,[NULL],9000
93,44,0,[NULL],9000
94,43,0,[NULL],9000
95,42,0,[NULL],9000
96,41,0,0,3
97,40,0,0,9997
98,39,0,0,4
99,38,0,0,9998
100,37,1,0,2
100,37,0,0,9997
101,36,2,0,2
101,36,0,1,4
101,36,1,0,9997
102,35,0,0,4
102,35,1,1,9998
103,34,0,"0,1,2",9996
104,33,1,0,9996
104,33,0,0,9998
105,32,1,3,4
105,32,0,1,9998
106,31,0,0,3
107,30,0,0,9996
108,29,1,0,2
108,29,0,0,9996
109,28,"2,3",0,2
109,28,3,2,2
109,28,1,"0,1,2",2
109,28,0,1,9998
110,27,1,0,2
110,27,"0,2",1,4
110,27,2,1,9998
111,26,1,0,2
111,26,2,2,2
111,26,0,"0,1",9998
112,25,2,1,2
112,25,0,0,2
112,25,1,0,9996
112,25,3,1,9998
113,24,3,3,2
113,24,0,0,2
113,24,1,0,4
113,24,2,0,9998
114,23,2,3,2
114,23,1,1,2
114,23,0,0,2
115,22,1,0,2
115,22,3,3,2
115,22,"0,4",5,3
115,22,4,0,9996
115,22,2,0,9998
116,21,4,1,2
116,21,1,"1,2",3
116,21,0,"0,1,2,4",9998
116,21,2,0,9998
116,21,3,3,9998
117,20,1,1,2
117,20,0,"0,1",4
118,19,2,3,3
118,19,0,[NULL],9000
118,19,1,0,9998
119,18,3,2,2
119,18,2,1,2
119,18,0,3,9996
119,18,1,1,9998
120,17,2,0,2
120,17,0,1,9997
120,17,1,3,9998
121,16,1,0,2
121,16,0,3,9998
122,15,"0,2",2,3
122,15,3,[NULL],9000
122,15,"1,2",[NULL],9000
122,15,2,0,9997
123,14,3,2,2
123,14,0,[NULL],9990
123,14,4,3,9997
123,14,2,0,9997
123,14,1,"1,2",9998
124,13,5,5,2
124,13,"1,2",0,3
124,13,4,3,3
124,13,2,[NULL],9000
124,13,0,"2,3",9998
124,13,3,2,9998
125,12,4,3,2
125,12,3,"0,3",2
125,12,1,0,3
125,12,2,[NULL],9996
125,12,0,[NULL],9996
126,11,4,3,2
126,11,3,"0,1",2
126,11,7,5,2
126,11,5,1,4
126,11,2,[NULL],9994
126,11,6,2,9997
126,11,1,"4,5",9998
126,11,0,5,9998
127,10,1,1,2
127,10,4,0,3
127,10,5,[NULL],9992
127,10,2,4,9998
127,10,0,"3,4",9998
127,10,3,5,9998
127,10,6,7,9998
128,9,"1,4",1,2
128,9,2,3,2
128,9,4,[NULL],9000
128,9,3,[NULL],9992
128,9,0,4,9998
129,8,"0,1",1,2
129,8,3,[NULL],9995
129,8,1,0,9998
129,8,4,4,9998
129,8,2,1,9998
130,7,1,0,2
130,7,0,1,9998
132,5,0,[NULL],9992
133,4,1,0,2
133,4,0,1,9998
134,3,0,2,9998
0,138,0,[NULL],9000
2,136,0,[NULL],9000
6,132,0,[NULL],9000
93,45,0,[NULL],9000
94,44,0,1,4
95,43,0,1,3
95,43,1,[NULL],9000
96,42,0,0,3
97,41,0,0,9996
98,40,0,0,2
99,39,0,0,9998
101,37,1,1,2
101,37,0,0,9997
102,36,0,1,9998
103,35,0,0,2
104,34,1,0,2
104,34,0,0,9998
105,33,0,1,9998
108,30,1,0,2
108,30,0,1,9997
109,29,1,2,2
109,29,0,"1,2",9997
110,28,"0,1",0,2
110,28,1,"1,2",9997
111,27,1,3,2
111,27,0,0,9997
112,26,0,2,2
112,26,1,0,9998
113,25,0,1,9998
114,24,0,2,2
115,23,"0,1,2,4",0,2
115,23,"1,2,4","0,2",2
115,23,3,3,2
115,23,4,5,3
115,23,2,1,9998
116,22,2,1,9997
116,22,1,2,9998
116,22,0,"1,2",9998
117,21,0,1,2
118,20,1,1,2
118,20,2,[NULL],9000
118,20,0,[NULL],9000
119,19,3,1,2
119,19,0,[NULL],9000
119,19,1,2,9997
119,19,2,1,9998
120,18,3,0,2
120,18,"0,1","1,2",3
120,18,1,[NULL],10
120,18,2,1,9997
121,17,0,0,4
121,17,"1,2",2,9997
121,17,2,3,9998
122,16,"1,2",1,2
122,16,3,2,3
122,16,"0,2",0,3
122,16,2,1,9997
123,15,"2,3",0,2
123,15,3,"0,3",2
123,15,0,0,3
123,15,4,6,9997
123,15,1,"4,5",9997
124,14,1,"3,5",4
124,14,3,[NULL],9000
124,14,0,"3,5,6",9998
124,14,"2,4","5,6",9998
124,14,4,6,9998
124,14,5,"6,7",9998
125,13,"4,5",1,2
125,13,5,0,2
125,13,3,5,9997
125,13,2,[NULL],9997
125,13,1,"3,4",9998
125,13,0,3,9998
126,12,4,2,2
126,12,3,"0,2",2
126,12,5,3,2
126,12,7,6,2
126,12,1,4,3
126,12,2,[NULL],9000
126,12,"0,6",2,9997
126,12,6,5,9998
127,11,4,0,2
127,11,0,2,3
127,11,3,3,4
127,11,1,3,9996
127,11,2,2,9998
127,11,5,3,9998
128,10,0,1,2
128,10,4,4,2
128,10,1,2,2
128,10,2,[NULL],9993
128,10,3,3,9998
129,9,1,0,2
129,9,6,[NULL],9000
129,9,"3,5",[NULL],9000
129,9,5,[NULL],9989
129,9,4,[NULL],9996
129,9,0,[NULL],9996
129,9,2,2,9998
130,8,2,[NULL],9990
130,8,0,1,9997
130,8,1,4,9998
131,7,1,[NULL],9992
131,7,2,[NULL],9994
131,7,0,[NULL],9997
132,6,1,0,2
132,6,4,[NULL],9991
132,6,0,[NULL],9996
132,6,2,2,9998
132,6,3,3,9998
133,5,2,0,2
133,5,1,[NULL],9991
133,5,0,0,9998
134,4,0,[NULL],9991
134,4,1,2,9998
135,3,0,[NULL],9993
0,139,0,[NULL],9000
2,137,0,[NULL],9000
6,133,0,[NULL],9000
93,46,0,[NULL],9000
94,45,0,1,4
95,44,0,[NULL],9000
95,44,1,[NULL],9000
96,43,0,0,3
97,42,0,[NULL],9000
98,41,0,0,2
99,40,0,0,3
100,39,0,1,3
101,38,1,0,2
101,38,0,0,9997
102,37,0,2,9998
103,36,0,0,2
104,35,1,0,2
104,35,0,1,9998
105,34,0,2,9998
109,30,0,0,9996
111,28,0,1,2
112,27,1,0,2
112,27,2,2,9998
112,27,0,1,9998
113,26,1,"2,3",9998
113,26,0,"1,3",9998
114,25,1,2,2
114,25,0,1,9998
115,24,2,1,2
115,24,1,"0,1",2
115,24,0,1,9998
116,23,2,3,9998
116,23,1,"2,3",9998
116,23,0,0,9998
117,22,0,0,9998
118,21,1,2,2
118,21,0,1,9998
119,20,1,0,3
119,20,0,"1,3",9998
120,19,3,2,2
120,19,2,1,9995
120,19,"0,1",[NULL],9995
120,19,1,2,9998
121,18,0,1,3
121,18,1,3,9998
122,17,3,4,3
122,17,0,2,3
122,17,"1,2",[NULL],9000
122,17,2,0,9997
123,16,"3,5,6",0,2
123,16,"5,6","2,4",2
123,16,6,4,2
123,16,7,"4,5",2
123,16,2,[NULL],9000
123,16,4,"1,2",9997
123,16,1,1,9998
123,16,0,5,9998
124,15,"3,4",1,2
124,15,4,"0,1",2
124,15,6,[NULL],9000
124,15,1,[NULL],9000
124,15,0,"0,3,4,5",9997
124,15,"2,5","5,7",9998
124,15,5,7,9998
125,14,5,0,2
125,14,2,6,3
125,14,1,1,9997
125,14,3,2,9997
125,14,0,0,9998
125,14,4,3,9998
126,13,2,2,2
126,13,3,5,2
126,13,1,[NULL],9000
126,13,0,4,9998
127,12,3,3,2
127,12,1,2,9998
127,12,2,4,9998
127,12,0,3,9998
127,12,4,6,9998
128,11,2,2,2
128,11,3,[NULL],9000
128,11,0,3,9998
128,11,1,4,9998
129,10,4,1,2
129,10,"1,3",2,9995
129,10,3,[NULL],9997
129,10,0,[NULL],9997
129,10,2,1,9998
130,9,2,[NULL],9995
130,9,1,[NULL],9995
130,9,3,[NULL],9995
130,9,0,1,9997
131,8,2,2,2
131,8,3,3,2
131,8,1,"0,3",9998
131,8,0,4,9998
132,7,0,0,2
132,7,"1,3",[NULL],9992
132,7,3,[NULL],9994
132,7,2,4,9998
133,6,2,1,2
133,6,0,[NULL],9997
133,6,1,1,9998
134,5,1,[NULL],9988
134,5,0,0,9998
135,4,0,[NULL],9000
136,3,0,2,9998
0,140,0,[NULL],9000
2,138,0,[NULL],9000
6,134,0,[NULL],9000
93,47,0,[NULL],9000
95,45,0,[NULL],9000
97,43,0,[NULL],9000
98,42,0,1,9998
100,40,0,0,3
101,39,2,0,2
101,39,0,0,9996
101,39,1,0,9997
102,38,"0,1,2",0,4
102,38,2,2,9998
102,38,1,1,9998
103,37,1,0,2
103,37,0,1,4
104,36,2,0,2
104,36,0,0,9997
104,36,1,0,9998
105,35,0,0,9996
106,34,0,0,4
107,33,1,0,3
107,33,0,0,4
108,32,"1,2",0,3
108,32,2,0,9996
108,32,0,0,9998
109,31,"1,2",1,3
109,31,2,1,9996
109,31,0,1,9998
110,30,0,0,3
111,29,2,2,2
111,29,1,0,2
111,29,0,1,4
112,28,"2,3",1,2
112,28,"1,3",0,2
112,28,3,2,9996
112,28,0,0,9998
113,27,1,0,2
113,27,0,0,9997
113,27,2,0,9998
114,26,1,0,2
114,26,0,4,4
115,25,3,2,2
115,25,2,"1,2",2
115,25,0,0,2
115,25,1,2,3
116,24,0,0,2
116,24,1,"0,1",9996
116,24,2,0,9998
117,23,1,0,2
117,23,0,[NULL],9000
118,22,"1,3",0,2
118,22,2,1,3
118,22,3,0,4
118,22,0,1,9998
119,21,2,0,2
119,21,1,2,3
119,21,0,[NULL],9000
119,21,3,1,9998
120,20,3,1,2
120,20,2,"1,2",3
120,20,1,[NULL],9000
120,20,0,0,9998
121,19,1,2,3
121,19,0,0,9996
121,19,2,1,9998
122,18,1,1,2
122,18,5,0,2
122,18,6,4,3
122,18,4,1,3
122,18,"0,3",1,9997
122,18,3,1,9998
122,18,2,2,9998
123,17,"5,7","2,5",2
123,17,7,5,2
123,17,"2,3",[NULL],9000
123,17,"0,3,4",[NULL],9993
123,17,"1,3",1,9996
123,17,3,2,9997
123,17,6,4,9998
123,17,4,2,9998
124,16,0,0,2
124,16,3,4,2
124,16,5,3,3
124,16,2,[NULL],9000
124,16,1,[NULL],9000
124,16,4,5,9998
125,15,4,0,2
125,15,2,"0,6",3
125,15,"1,3",[NULL],9000
125,15,3,2,9997
125,15,0,"4,5",9998
125,15,5,4,9998
126,14,2,1,2
126,14,4,2,2
126,14,3,0,2
126,14,6,4,2
126,14,1,[NULL],9993
126,14,5,3,9998
126,14,0,0,9998
127,13,3,0,2
127,13,4,1,2
127,13,2,[NULL],9000
127,13,1,[NULL],9000
127,13,0,[NULL],9995
127,13,5,4,9998
128,12,1,2,2
128,12,2,"4,6",9997
128,12,0,3,9998
128,12,3,4,9998
129,11,1,0,3
129,11,"3,4",[NULL],9000
129,11,4,[NULL],9992
129,11,0,[NULL],9994
129,11,2,4,9998
130,10,"0,3",1,2
130,10,4,0,2
130,10,3,[NULL],9000
130,10,2,"1,2,3,4",9997
130,10,1,"1,2,4",9997
131,9,4,2,2
131,9,2,[NULL],9993
131,9,3,8,9997
131,9,0,"0,1,2,3",9998
131,9,1,1,9998
132,8,1,1,2
132,8,2,[NULL],9993
132,8,0,"0,2,4,7",9997
132,8,3,6,9998
133,7,0,0,2
133,7,1,3,9998
134,6,0,2,9998
134,6,1,4,9998
135,5,2,0,2
135,5,1,[NULL],9000
135,5,0,3,9998
136,4,0,[NULL],9000
136,4,1,0,9998
0,141,0,[NULL],9000
2,139,0,[NULL],9000
6,135,0,[NULL],9000
95,46,0,[NULL],9000
96,45,0,0,4
97,44,1,0,2
97,44,0,[NULL],9000
98,43,0,1,9998
100,41,0,0,3
101,40,2,2,2
101,40,1,1,2
101,40,0,1,9997
102,39,0,1,9998
103,38,0,1,2
104,37,0,1,9998
107,34,0,0,2
108,33,1,0,2
108,33,0,0,9998
109,32,0,1,9998
111,30,0,0,2
112,29,0,2,2
112,29,1,"2,3",9997
115,26,0,2,2
116,25,0,1,9998
117,24,1,0,2
117,24,0,0,9997
118,23,1,3,2
118,23,0,"0,2",9997
119,22,0,0,2
119,22,1,[NULL],9000
119,22,2,"1,2",9997
120,21,1,2,2
120,21,0,1,9998
121,20,1,0,2
121,20,2,2,2
121,20,0,1,3
121,20,3,2,9998
122,19,4,6,2
122,19,2,4,2
122,19,1,4,3
122,19,0,2,9998
122,19,3,3,9998
123,18,5,4,2
123,18,"0,3,4",0,3
123,18,"1,2",[NULL],9000
123,18,"3,4",[NULL],9000
123,18,4,5,9998
123,18,2,3,9998
124,17,"4,5",0,2
124,17,5,"0,5",2
124,17,1,1,3
124,17,2,3,3
124,17,3,[NULL],9000
124,17,0,3,9998
125,16,3,5,2
125,16,0,0,2
125,16,"1,2",[NULL],9000
125,16,2,1,9997
125,16,4,3,9998
126,15,4,5,2
126,15,3,1,4
126,15,"0,2",[NULL],9994
126,15,2,"2,3",9998
126,15,1,2,9998
127,14,3,0,2
127,14,4,3,2
127,14,2,3,9997
127,14,1,[NULL],9997
127,14,0,3,9998
127,14,5,5,9998
128,13,4,2,2
128,13,6,[NULL],9000
128,13,7,[NULL],9000
128,13,5,[NULL],9000
128,13,2,5,9997
128,13,0,"1,3,4,5,6",9998
128,13,1,5,9998
128,13,3,3,9998
129,12,1,0,3
129,12,2,[NULL],9995
129,12,0,5,9998
129,12,3,2,9998
130,11,"0,1,2,3",0,2
130,11,1,1,2
130,11,"2,3",[NULL],9000
130,11,3,[NULL],9991
131,10,6,3,2
131,10,5,[NULL],9994
131,10,4,3,9996
131,10,"1,3",[NULL],9996
131,10,3,5,9998
131,10,0,"0,6,8",9998
131,10,2,6,9998
132,9,3,1,2
132,9,5,[NULL],9989
132,9,4,[NULL],9995
132,9,0,[NULL],9995
132,9,1,"5,10",9998
132,9,2,9,9998
132,9,6,10,9998
133,8,2,0,2
133,8,4,1,2
133,8,1,1,9998
133,8,3,5,9998
133,8,0,9,9998
133,8,5,8,9998
134,7,3,0,2
134,7,0,[NULL],9994
134,7,1,7,9998
134,7,2,"8,11",9998
135,6,0,1,2
135,6,1,[NULL],9996
136,5,0,1,9998
0,142,0,[NULL],9000
2,140,0,[NULL],9000
6,136,0,[NULL],9000
95,47,0,[NULL],9000
96,46,0,[NULL],9000
97,45,1,0,2
97,45,0,[NULL],9000
98,44,0,1,9998
100,42,0,1,3
101,41,1,0,2
101,41,0,0,9997
102,40,0,1,9996
103,39,1,0,2
103,39,0,0,3
104,38,0,0,9998
107,35,0,0,2
108,34,1,0,2
108,34,0,0,4
109,33,0,2,9998
111,31,0,"1,2",9998
112,30,0,0,3
113,29,0,1,9998
114,28,0,"0,1",9998
115,27,1,0,2
115,27,0,1,9998
116,26,1,3,9998
116,26,0,2,9998
117,25,0,1,9998
118,24,1,0,9997
118,24,0,1,9998
119,23,1,0,2
119,23,0,0,9998
120,22,2,3,2
120,22,1,2,9998
120,22,0,0,9998
121,21,2,0,2
121,21,3,3,2
121,21,1,"0,3",3
121,21,0,1,9998
122,20,5,4,2
122,20,3,2,2
122,20,2,"0,4",3
122,20,4,[NULL],9000
122,20,1,2,9998
122,20,0,"1,3",9998
123,19,3,0,2
123,19,0,"3,4,5",9998
123,19,1,3,9998
123,19,2,5,9998
124,18,3,4,2
124,18,2,3,3
124,18,1,[NULL],9000
124,18,0,[NULL],9000
125,17,"2,3",2,2
125,17,3,"1,2",2
125,17,0,[NULL],9000
125,17,1,[NULL],9000
125,17,4,2,9998
126,16,3,0,2
126,16,5,5,2
126,16,"1,4",0,9996
126,16,4,"0,1",9997
126,16,0,[NULL],9997
126,16,2,1,9998
127,15,"1,3,4,5,6",0,2
127,15,5,1,2
127,15,3,3,2
127,15,"4,6",2,3
127,15,6,[NULL],9000
127,15,0,[NULL],9997
127,15,2,2,9998
127,15,7,4,9998
128,14,5,0,2
128,14,2,3,2
128,14,"0,1",[NULL],9000
128,14,"1,3,4","1,3,4,5",9998
128,14,4,4,9998
128,14,3,"3,5",9998
129,13,"1,2,3,4",2,3
129,13,3,"1,2",3
129,13,2,[NULL],9994
129,13,0,"0,1,5",9998
129,13,5,5,9998
129,13,4,1,9998
130,12,5,1,2
130,12,"0,6,8",0,2
130,12,6,"1,2,3",2
130,12,8,3,3
130,12,4,[NULL],9994
130,12,1,[NULL],9994
130,12,3,"1,2",9998
130,12,2,2,9998
130,12,7,4,9998
131,11,"5,10",1,2
131,11,9,2,2
131,11,10,6,2
131,11,"0,2,4,7",0,3
131,11,3,[NULL],9000
131,11,2,[NULL],9993
131,11,1,[NULL],9995
131,11,"7,8","7,8",9997
131,11,4,"2,3",9998
131,11,8,6,9998
131,11,6,2,9998
132,10,1,1,2
132,10,5,3,2
132,10,9,"0,2",2
132,10,8,5,2
132,10,6,[NULL],9990
132,10,4,[NULL],9990
132,10,"0,7",[NULL],9994
132,10,2,2,9997
132,10,10,5,9997
132,10,7,7,9998
132,10,3,4,9998
133,9,7,1,2
133,9,"8,11",2,2
133,9,9,[NULL],9991
133,9,5,[NULL],9995
133,9,0,[NULL],9995
133,9,"2,11",7,9996
133,9,10,6,9996
133,9,1,"3,4",9997
133,9,"4,11","5,6,7,8",9998
133,9,3,"3,6,8",9998
133,9,11,7,9998
133,9,6,2,9998
134,8,"5,6",[NULL],9000
134,8,4,[NULL],9991
134,8,"0,1",[NULL],9994
134,8,1,"1,6,7,8",9996
134,8,2,1,9997
134,8,3,5,9998
134,8,6,7,9998
135,7,1,0,2
135,7,2,[NULL],9987
135,7,0,[NULL],9997
135,7,3,2,9998
136,6,2,[NULL],9992
136,6,1,[NULL],9992
136,6,0,[NULL],9996
139,3,0,[NULL],9993
140,2,0,0,9998
0,143,0,[NULL],9000
2,141,0,[NULL],9000
6,137,0,[NULL],9000
95,48,0,[NULL],9000
97,46,1,0,2
97,46,0,[NULL],9000
100,43,1,0,3
100,43,0,0,4
101,42,1,0,9997
101,42,0,1,9998
103,40,0,0,2
104,39,0,0,4
104,39,1,0,9998
105,38,0,0,9998
106,37,0,0,9996
107,36,0,2,4
108,35,2,0,2
108,35,1,2,4
108,35,0,0,9998
109,34,0,0,9996
109,34,1,1,9998
110,33,"1,2",0,2
110,33,2,0,9996
110,33,0,0,9997
111,32,"2,3",1,3
111,32,3,3,4
111,32,"0,1",0,9998
111,32,1,1,9998
112,31,1,0,2
112,31,0,2,9998
113,30,"0,1",0,2
113,30,1,0,9996
114,29,1,0,2
114,29,0,0,9996
115,28,3,1,2
115,28,2,0,2
115,28,"0,1",1,4
115,28,1,0,9998
116,27,1,0,2
116,27,0,0,3
116,27,2,0,9998
117,26,1,0,2
117,26,"0,2",0,3
117,26,2,1,9997
118,25,0,0,2
118,25,"1,2",2,3
118,25,2,0,9996
119,24,2,1,2
119,24,0,0,2
119,24,1,2,5
120,23,1,0,2
120,23,0,0,4
120,23,2,0,9998
121,22,2,1,2
121,22,"1,3",0,2
121,22,3,0,9996
121,22,0,1,9998
122,21,"3,4,5",0,2
122,21,"4,5","0,1",2
122,21,5,2,2
122,21,1,"1,3",4
122,21,0,1,9997
122,21,2,0,9998
122,21,6,2,9998
123,20,0,0,9998
124,19,2,4,2
124,19,1,2,3
124,19,0,[NULL],9000
125,18,1,2,2
125,18,2,2,9996
125,18,3,3,9998
125,18,0,2,9998
126,17,2,2,2
126,17,4,7,2
126,17,3,2,3
126,17,1,2,9998
126,17,0,0,9998
127,16,"1,3,4,5","1,3,4",2
127,16,4,4,2
127,16,"3,5",3,2
127,16,5,2,3
127,16,6,3,9997
127,16,2,1,9998
127,16,0,"0,1,3",9998
128,15,"0,1,5",0,2
128,15,5,5,2
128,15,1,4,2
128,15,2,"1,3",5
128,15,"3,4","3,4",9998
128,15,4,4,9998
129,14,"1,2",3,2
129,14,2,2,2
129,14,4,7,2
129,14,5,[NULL],9000
129,14,0,"1,2",9998
129,14,3,2,9998
130,13,"2,3",4,2
130,13,6,8,2
130,13,3,"4,6",2
130,13,0,[NULL],9995
130,13,1,[NULL],9997
130,13,"4,5",5,9998
130,13,5,4,9998
131,12,7,7,2
131,12,4,3,2
131,12,6,[NULL],9990
131,12,1,[NULL],9994
131,12,"0,3",[NULL],9996
131,12,5,"6,7",9997
131,12,3,"5,6",9998
131,12,2,6,9998
132,11,"5,6,7,8","4,11",2
132,11,"3,6,8",3,2
132,11,7,11,2
132,11,2,6,2
132,11,6,[NULL],9991
132,11,1,[NULL],9995
132,11,8,4,9996
132,11,4,"1,4",9997
132,11,0,6,9998
133,10,5,3,2
133,10,7,6,2
133,10,2,[NULL],9996
133,10,4,[NULL],9996
133,10,0,"0,1,3,4,5,6",9998
133,10,6,6,9998
133,10,3,5,9998
133,10,1,3,9998
134,9,2,3,2
134,9,0,[NULL],9995
134,9,1,3,9998
135,8,1,[NULL],9994
135,8,0,[NULL],9994
136,7,1,[NULL],9994
136,7,0,"4,5",9997
137,6,1,[NULL],9991
137,6,0,3,9998
138,5,0,4,9998
139,4,0,0,2
140,3,0,1,9998
0,144,0,[NULL],9000
2,142,0,[NULL],9000
6,138,0,[NULL],9000
97,47,0,[NULL],9000
97,47,1,[NULL],9000
100,44,1,0,2
100,44,0,0,3
101,43,0,[NULL],9000
101,43,1,1,9998
103,41,0,1,2
104,40,0,0,2
107,37,0,0,2
108,36,1,1,2
108,36,0,0,9998
109,35,0,1,9998
110,34,0,"0,1",2
110,34,1,1,2
111,33,2,0,2
111,33,0,0,9998
111,33,1,1,9998
112,32,0,2,9998
114,30,0,1,2
115,29,0,2,2
116,28,0,1,9998
117,27,0,1,3
118,26,0,1,9998
119,25,0,2,2
120,24,1,0,2
120,24,0,"0,2",9997
121,23,0,2,2
121,23,2,6,2
121,23,1,"0,2",9997
122,22,0,0,2
122,22,1,2,9997
123,21,0,1,9998
124,20,3,3,2
124,20,2,0,2
124,20,"0,1",[NULL],9000
124,20,1,2,9997
125,19,2,1,2
125,19,0,0,2
125,19,1,1,3
125,19,3,[NULL],9000
125,19,4,1,9998
126,18,1,2,2
126,18,"0,3","0,2",2
126,18,3,[NULL],9000
126,18,2,[NULL],9000
127,17,"3,4","3,4",2
127,17,4,4,2
127,17,1,[NULL],9000
127,17,5,5,9997
127,17,0,1,9998
127,17,2,2,9998
128,16,"1,2",0,2
128,16,2,3,2
128,16,0,[NULL],9991
128,16,3,4,9998
129,15,5,"4,5",2
129,15,4,5,2
129,15,"0,3",[NULL],9996
129,15,"1,2",[NULL],9996
129,15,"2,3",2,9997
129,15,3,2,9998
130,14,"5,6",0,2
130,14,6,"0,2,3",2
130,14,"7,8","7,8",3
130,14,3,4,4
130,14,4,[NULL],9000
130,14,8,6,9997
130,14,2,1,9997
130,14,1,"2,3",9998
130,14,0,4,9998
131,13,6,0,2
131,13,2,2,3
131,13,5,10,3
131,13,3,[NULL],9991
131,13,1,1,9997
131,13,4,4,9998
131,13,0,5,9998
132,12,"0,1,3,4,5,6",0,2
132,12,6,6,2
132,12,5,3,2
132,12,3,1,2
132,12,4,1,3
132,12,1,7,9998
132,12,2,4,9998
133,11,3,1,2
133,11,1,2,3
133,11,0,5,9998
133,11,4,8,9998
133,11,2,3,9998
134,10,3,[NULL],9000
134,10,5,[NULL],9000
134,10,"1,2,4",[NULL],9996
134,10,0,"1,2,5,6,7,8",9998
134,10,"2,4","6,7,8",9998
134,10,4,"7,8",9998
135,9,"2,4",[NULL],9995
135,9,3,[NULL],9995
135,9,5,3,9997
135,9,4,5,9998
135,9,0,"1,4,5,6,8",9998
135,9,1,8,9998
136,8,3,0,2
136,8,"1,2",[NULL],9995
136,8,0,6,9998
136,8,2,2,9998
137,7,4,0,2
137,7,2,"3,4",9995
137,7,5,[NULL],9995
137,7,3,[NULL],9995
137,7,0,[NULL],9995
137,7,1,"2,3",9998
138,6,4,[NULL],9995
138,6,2,[NULL],9995
138,6,1,[NULL],9995
138,6,0,0,9998
138,6,5,5,9998
138,6,3,3,9998
139,5,1,0,2
139,5,"2,3",[NULL],9995
139,5,0,4,9997
139,5,3,3,9998
140,4,0,[NULL],9984
140,4,2,"6,7",9997
140,4,1,0,9998
141,3,0,[NULL],9991
141,3,1,[NULL],9993
142,2,0,1,9998
0,145,0,[NULL],9000
2,143,0,[NULL],9000
6,139,0,[NULL],9000
97,48,0,[NULL],9000
100,45,1,1,2
100,45,0,1,3
101,44,1,0,4
101,44,0,[NULL],9000
107,38,0,0,2
108,37,1,0,2
108,37,0,1,9998
109,36,0,0,3
109,36,1,2,9998
110,35,0,0,2
110,35,1,1,2
111,34,2,0,2
111,34,1,"0,1",9997
111,34,0,1,9998
114,31,0,1,9998
115,30,1,0,2
115,30,0,"1,2",9998
116,29,1,2,3
116,29,2,2,9998
116,29,0,1,9998
117,28,1,0,2
117,28,0,1,9998
118,27,0,1,9998
118,27,1,2,9998
119,26,0,1,9998
120,25,1,0,9997
120,25,0,1,9998
121,24,1,0,3
121,24,0,1,9998
122,23,1,0,2
122,23,0,1,9998
124,21,1,4,2
124,21,0,1,9998
125,20,0,"1,4",4
125,20,2,"2,4",9998
125,20,1,3,9998
125,20,3,5,9998
126,19,1,0,2
126,19,2,2,2
126,19,3,6,3
126,19,0,[NULL],5
127,18,4,3,2
127,18,5,5,9997
127,18,"0,2,3",1,9997
127,18,1,2,9998
127,18,2,4,9998
127,18,3,3,9998
128,17,2,1,2
128,17,3,[NULL],9000
128,17,"0,4",[NULL],9000
128,17,1,0,9996
128,17,4,4,9998
129,16,"2,3",1,2
129,16,4,"0,3",2
129,16,6,[NULL],9000
129,16,3,[NULL],9000
129,16,1,[NULL],9000
129,16,0,0,9997
129,16,5,4,9998
130,15,4,4,2
130,15,5,0,2
130,15,"6,7",5,3
130,15,7,[NULL],9995
130,15,1,0,9997
130,15,0,"2,3",9998
130,15,2,2,9998
130,15,3,4,9998
131,14,7,1,2
131,14,4,2,2
131,14,1,4,3
131,14,3,[NULL],9992
131,14,"2,5",[NULL],9996
131,14,5,1,9997
131,14,"0,6","4,5",9998
131,14,6,4,9998
132,13,5,0,2
132,13,8,4,2
132,13,3,2,2
132,13,7,"2,11",4
132,13,6,10,4
132,13,"0,1,4",1,9997
132,13,4,2,9998
132,13,1,"2,3",9998
132,13,2,"1,2",9998
133,12,"1,2,5,6,7,8",0,2
133,12,"6,7,8","2,4",2
133,12,"7,8",4,2
133,12,"2,5",1,4
133,12,4,1,9996
133,12,5,"2,3,4",9997
133,12,8,5,9998
133,12,0,4,9998
133,12,3,2,9998
134,11,5,2,2
134,11,"1,4,6,8","0,2",2
134,11,8,1,2
134,11,7,[NULL],9000
134,11,6,[NULL],9994
134,11,"2,4",[NULL],9994
134,11,4,0,9997
134,11,3,"1,3",9998
134,11,0,1,9998
135,10,6,0,2
135,10,2,2,2
135,10,"4,5",0,3
135,10,"3,5",3,9996
135,10,7,[NULL],9996
135,10,1,[NULL],9996
135,10,5,4,9998
135,10,0,2,9998
136,9,"2,3",1,2
136,9,1,[NULL],9996
136,9,4,[NULL],9996
136,9,0,[NULL],9997
136,9,3,4,9998
136,9,5,"4,5",9998
137,8,0,0,2
137,8,5,5,2
137,8,3,3,2
137,8,2,[NULL],9993
137,8,"1,4",[NULL],9994
137,8,4,[NULL],9996
138,7,3,3,2
138,7,4,[NULL],9989
138,7,1,"1,9",9996
138,7,2,"1,2,3,4,9",9996
138,7,0,1,9998
139,6,0,1,2
139,6,"1,2",[NULL],9989
139,6,2,6,9998
140,5,0,[NULL],9992
140,5,2,"4,5",9997
140,5,1,4,9998
141,4,1,0,2
141,4,0,2,9998
142,3,0,"4,5",9997
0,146,0,[NULL],9000
2,144,0,[NULL],9000
6,140,0,[NULL],9000
97,49,0,[NULL],9000
101,45,0,[NULL],9000
103,43,0,0,9997
104,42,0,0,9998
105,41,0,0,4
106,40,0,0,9998
107,39,1,0,2
107,39,0,0,9996
108,38,2,1,2
108,38,0,0,4
108,38,1,0,9998
109,37,0,2,4
110,36,1,0,2
110,36,0,0,9996
111,35,0,0,9996
111,35,1,1,9998
112,34,0,1,4
113,33,1,0,2
113,33,0,0,4
114,32,"1,2",0,2
114,32,2,1,9996
114,32,0,0,9998
115,31,2,2,2
115,31,1,0,2
115,31,"0,3",0,9997
115,31,3,1,9998
116,30,1,0,2
116,30,0,"0,1",9998
117,29,1,0,2
117,29,2,1,2
117,29,0,1,4
118,28,1,0,2
118,28,0,"0,1",9997
118,28,2,0,9998
119,27,1,0,2
119,27,"0,2",0,3
119,27,2,"1,3",9996
120,26,1,0,2
120,26,"0,2",1,3
120,26,2,3,4
121,25,1,0,2
121,25,2,1,3
121,25,0,1,9998
122,24,0,[NULL],9000
122,24,1,0,9996
123,23,1,0,2
123,23,2,1,3
123,23,0,0,9997
124,22,"2,4",2,2
124,22,3,1,2
124,22,5,3,2
124,22,4,2,4
124,22,"0,1",[NULL],9000
124,22,1,0,9998
125,21,"0,2",[NULL],17
125,21,1,0,9998
125,21,2,1,9998
126,20,2,1,2
126,20,4,2,2
126,20,3,3,2
126,20,5,5,3
126,20,0,1,9996
126,20,1,"0,2",9998
127,19,4,0,2
127,19,1,0,9996
127,19,5,3,9997
127,19,0,0,9997
127,19,2,2,9998
127,19,3,3,9998
128,18,4,5,2
128,18,2,"1,3",3
128,18,"0,1,5",[NULL],9000
128,18,3,"0,5",9996
128,18,5,3,9998
128,18,1,2,9998
129,17,"2,3",0,2
129,17,3,"0,2",2
129,17,4,3,2
129,17,6,8,3
129,17,1,2,3
129,17,5,2,9997
129,17,0,1,9998
130,16,"4,5","0,6",2
130,16,5,0,2
130,16,1,1,3
130,16,2,[NULL],9000
130,16,0,2,9998
130,16,3,3,9998
131,15,2,"0,1",2
131,15,3,0,2
131,15,1,"2,4",2
131,15,4,8,4
131,15,0,[NULL],9993
132,14,5,8,2
132,14,4,0,2
132,14,2,3,2
132,14,0,[NULL],9993
132,14,1,[NULL],9993
132,14,3,0,9997
133,13,"1,3",3,2
133,13,3,"0,3",2
133,13,0,[NULL],9995
133,13,4,4,9998
133,13,5,5,9998
133,13,2,1,9998
134,12,4,5,2
134,12,2,0,2
134,12,3,5,3
134,12,0,0,9997
134,12,1,2,9998
135,11,4,3,2
135,11,5,"3,5",2
135,11,6,[NULL],9000
135,11,2,"2,3,6",9998
135,11,0,5,9998
135,11,3,3,9998
135,11,1,6,9998
136,10,"3,4",[NULL],9944
136,10,"1,2",[NULL],9946
136,10,2,[NULL],9995
136,10,0,"1,6",9998
136,10,4,6,9998
137,9,1,0,2
137,9,3,[NULL],9997
137,9,"0,2",[NULL],9997
137,9,2,2,9998
138,8,6,2,2
138,8,4,0,3
138,8,0,[NULL],9997
138,8,2,[NULL],9997
138,8,3,0,9998
138,8,1,"0,5",9998
138,8,5,6,9998
139,7,4,1,2
139,7,"6,7",2,3
139,7,2,[NULL],9995
139,7,5,[NULL],9995
139,7,3,[NULL],9997
139,7,"0,1,7",[NULL],9997
139,7,"1,7","1,8",9998
139,7,7,8,9998
140,6,2,0,2
140,6,3,6,9997
140,6,0,4,9998
140,6,1,2,9998
141,5,0,[NULL],9000
141,5,"1,2",[NULL],9995
141,5,2,3,9998
142,4,0,[NULL],9000
142,4,1,[NULL],9000
142,4,2,7,9997
143,3,0,[NULL],9995
0,147,0,[NULL],9000
2,145,0,[NULL],9000
6,141,0,[NULL],9000
99,48,0,[NULL],9000
101,46,0,[NULL],9000
103,44,0,0,2
104,43,0,0,9998
105,42,0,0,2
107,40,0,1,2
108,39,0,0,9998
110,37,1,1,2
110,37,0,1,3
111,36,0,0,9998
113,34,0,0,2
114,33,1,3,2
114,33,0,0,9998
115,32,"0,1",0,2
115,32,1,0,9997
116,31,0,1,9998
117,30,0,2,2
118,29,0,2,9998
119,28,0,1,3
120,27,1,0,2
120,27,0,1,9998
121,26,0,2,9998
123,24,0,1,2
124,23,0,1,2
124,23,1,2,2
125,22,"0,2",1,2
125,22,1,2,9997
125,22,2,2,9998
126,21,2,2,2
126,21,3,3,2
126,21,5,5,3
126,21,1,"0,2,3",3
126,21,0,[NULL],9000
126,21,4,[NULL],9000
127,20,3,5,2
127,20,2,1,2
127,20,4,4,9997
127,20,0,1,9998
127,20,1,2,9998
128,19,1,0,2
128,19,0,0,3
128,19,2,[NULL],9000
128,19,3,4,9997
129,18,2,0,2
129,18,3,3,2
129,18,0,1,3
129,18,5,[NULL],9000
129,18,4,3,9997
129,18,1,1,9998
130,17,1,5,3
130,17,0,4,9998
130,17,3,7,9998
130,17,2,5,9998
131,16,1,"0,1,4",3
131,16,2,[NULL],9000
131,16,0,"2,3",9998
132,15,4,4,2
132,15,5,5,2
132,15,1,2,2
132,15,"2,3",5,3
132,15,3,[NULL],9994
132,15,0,2,9998
133,14,2,1,2
133,14,0,2,3
133,14,5,[NULL],9000
133,14,3,[NULL],9996
133,14,1,0,9997
133,14,4,3,9998
134,13,"2,3,6",2,2
134,13,5,0,2
134,13,3,3,2
134,13,6,1,2
134,13,1,1,9998
134,13,0,3,9998
134,13,4,4,9998
135,12,"1,6",0,2
135,12,6,4,2
135,12,5,[NULL],9992
135,12,"0,3",[NULL],9992
135,12,2,4,9998
135,12,3,8,9998
135,12,4,6,9998
136,11,2,0,2
136,11,3,[NULL],9000
136,11,0,"5,6",9998
136,11,1,2,9998
137,10,0,3,2
137,10,5,"1,3",2
137,10,6,5,2
137,10,4,4,9996
137,10,"1,3",3,9997
137,10,"2,3",2,9997
137,10,3,"4,5",9998
138,9,"1,8",0,2
138,9,8,"0,1",2
138,9,"5,7",[NULL],9991
138,9,"6,7","7,8",9997
138,9,2,2,9997
138,9,0,"3,4,9",9998
138,9,4,3,9998
138,9,3,"3,5",9998
138,9,7,9,9998
139,8,4,0,2
139,8,2,1,2
139,8,5,2,3
139,8,1,[NULL],9945
139,8,3,[NULL],9991
139,8,0,"2,8,10",9998
140,7,3,2,2
140,7,1,[NULL],9995
140,7,4,[NULL],9995
140,7,0,[NULL],9995
140,7,2,3,9998
141,6,"4,5",0,3
141,6,0,[NULL],9985
141,6,"2,3",[NULL],9994
141,6,5,[NULL],9996
141,6,"1,3","2,4",9998
141,6,3,4,9998
142,5,0,[NULL],9990
142,5,2,4,9997
142,5,1,"2,3",9997
143,4,0,[NULL],9993
144,3,0,"0,1,2",9997
0,148,0,[NULL],9000
2,146,0,[NULL],9000
6,142,0,[NULL],9000
99,49,0,[NULL],9000
101,47,0,[NULL],9000
102,46,0,0,3
103,45,0,0,2
104,44,0,0,9997
107,41,0,0,2
108,40,0,1,9998
110,38,0,0,2
111,37,0,1,9998
113,35,0,0,2
114,34,0,"0,3",3
115,33,1,0,2
115,33,0,1,9998
116,32,0,2,9998
117,31,2,0,2
117,31,"0,1",0,3
117,31,1,1,9998
118,30,0,"3,4",9998
118,30,"1,2","1,2,3,4",9998
118,30,3,4,9998
118,30,2,"1,3,4",9998
119,29,1,0,2
119,29,0,2,9998
120,28,2,0,2
120,28,0,1,9998
120,28,1,2,9998
121,27,0,1,9998
122,26,0,0,3
122,26,1,1,9998
123,25,1,1,9998
123,25,0,0,9998
124,24,2,2,2
124,24,1,2,9998
124,24,0,"1,3",9998
125,23,1,[NULL],9000
125,23,0,1,9998
126,22,1,0,2
126,22,2,1,2
126,22,3,5,3
126,22,0,0,3
127,21,0,1,4
127,21,4,[NULL],9000
127,21,5,1,9997
127,21,2,"2,3",9998
127,21,1,1,9998
127,21,3,2,9998
128,20,1,1,2
128,20,2,5,3
128,20,3,[NULL],9000
128,20,0,"2,3",9998
129,19,4,0,2
129,19,7,3,2
129,19,5,2,2
129,19,3,[NULL],9000
129,19,"0,1,6",[NULL],9000
129,19,1,0,9996
129,19,6,1,9997
129,19,2,2,9998
130,18,"2,3",0,2
130,18,1,[NULL],9000
130,18,4,[NULL],9000
130,18,0,[NULL],9000
130,18,3,1,9998
131,17,2,0,2
131,17,0,3,3
131,17,1,"0,2",9997
131,17,3,"1,2",9998
132,16,3,4,2
132,16,1,4,4
132,16,0,[NULL],9000
132,16,2,1,9997
133,15,1,1,2
133,15,3,0,2
133,15,4,4,2
133,15,0,0,3
133,15,2,1,9998
134,14,4,2,2
134,14,8,3,2
134,14,6,4,2
134,14,3,"3,5",4
134,14,2,[NULL],9000
134,14,"1,7",[NULL],9000
134,14,"0,7",[NULL],9000
134,14,5,4,9997
134,14,7,2,9998
135,13,"5,6",0,2
135,13,2,1,2
135,13,1,[NULL],9000
135,13,6,"3,4",9997
135,13,0,[NULL],9997
135,13,3,1,9998
135,13,7,3,9998
135,13,4,4,9998
136,12,"4,5",3,2
136,12,"3,5",2,5
136,12,5,[NULL],9000
136,12,2,[NULL],9946
136,12,"0,1",[NULL],9992
136,12,1,[NULL],9992
137,11,"3,4,9",0,2
137,11,"4,9","0,4",2
137,11,5,"3,4",2
137,11,9,7,2
137,11,1,1,4
137,11,2,"1,2",4
137,11,8,[NULL],9946
137,11,7,[NULL],9990
137,11,0,[NULL],9990
137,11,6,4,9996
138,10,"2,8,10",0,2
138,10,9,[NULL],9000
138,10,3,[NULL],9983
138,10,0,[NULL],9983
138,10,10,[NULL],9992
138,10,8,[NULL],9992
138,10,6,[NULL],9992
138,10,"4,5",[NULL],9992
138,10,5,6,9998
138,10,1,"5,6",9998
138,10,7,9,9998
139,9,3,2,2
139,9,6,3,3
139,9,"0,2",[NULL],9992
139,9,"4,5",[NULL],9996
139,9,2,"2,4",9997
139,9,"1,5","5,9",9998
139,9,5,9,9998
140,8,"2,4","1,3",2
140,8,4,3,2
140,8,6,[NULL],9988
140,8,5,[NULL],9988
140,8,"0,1",[NULL],9996
140,8,"3,7",4,9997
140,8,7,7,9998
140,8,1,3,9998
141,7,7,2,3
141,7,6,[NULL],9989
141,7,"4,5",[NULL],9989
141,7,"2,3",[NULL],9993
141,7,0,[NULL],9995
141,7,"3,5",[NULL],9995
141,7,5,4,9998
141,7,1,"1,2,4",9998
142,6,1,[NULL],9992
142,6,3,[NULL],9993
142,6,0,[NULL],9993
142,6,4,8,9997
142,6,2,3,9997
143,5,0,0,9998
143,5,1,2,9998
144,4,1,[NULL],9994
144,4,0,"4,7",9997
145,3,0,[NULL],9994
0,149,0,[NULL],9000
2,147,0,[NULL],9000
6,143,0,[NULL],9000
99,50,0,[NULL],9000
101,48,0,[NULL],9000
102,47,0,[NULL],9000
103,46,0,0,9998
106,43,0,0,4
107,42,1,0,2
107,42,0,0,9998
108,41,0,0,9997
108,41,1,0,9998
109,40,0,0,4
110,39,1,0,2
110,39,0,0,4
111,38,0,"0,1",9996
112,37,0,0,9996
113,36,1,2,4
113,36,0,0,9998
114,35,1,0,2
114,35,0,1,3
115,34,2,0,2
115,34,0,0,9996
115,34,1,0,9998
116,33,1,1,2
116,33,0,0,9996
116,33,2,1,9998
117,32,"3,4",0,2
117,32,"1,2","0,1,2",2
117,32,4,3,2
117,32,2,1,2
117,32,0,1,9998
118,31,2,0,2
118,31,"1,3",2,4
118,31,"0,3",0,9998
118,31,3,2,9998
119,30,1,0,2
119,30,2,1,2
119,30,0,"1,2",9998
120,29,1,0,2
120,29,0,0,9996
120,29,2,1,9998
121,28,1,1,2
121,28,0,1,4
122,27,1,1,2
122,27,0,0,2
123,26,2,1,2
123,26,"1,3",0,2
123,26,3,0,9996
123,26,0,0,9998
124,25,1,0,2
124,25,2,1,3
124,25,0,0,9998
124,25,3,2,9998
125,24,1,0,4
125,24,0,0,9998
126,23,"2,3",2,2
126,23,1,1,2
126,23,3,"2,3",2
126,23,4,4,3
126,23,0,1,4
127,22,"2,3",0,2
127,22,4,3,3
127,22,"0,5",3,4
127,22,5,4,9996
127,22,6,3,9997
127,22,"1,3","0,1",9997
127,22,3,0,9998
128,21,2,2,2
128,21,3,4,3
128,21,0,[NULL],9000
128,21,1,"2,4",9996
128,21,4,1,9998
129,20,1,3,2
129,20,3,[NULL],9000
129,20,2,1,9997
129,20,0,2,9998
130,19,"1,2",3,2
130,19,3,[NULL],9000
130,19,0,[NULL],9000
130,19,2,3,9998
131,18,1,"1,2",9998
131,18,0,0,9998
132,17,1,2,2
132,17,0,1,3
133,16,2,7,2
133,16,0,[NULL],9994
133,16,1,2,9998
134,15,1,3,2
134,15,3,7,2
134,15,4,4,2
134,15,2,3,9997
134,15,0,1,9998
135,14,0,[NULL],9000
135,14,1,[NULL],9994
135,14,2,4,9998
135,14,3,5,9998
136,13,3,"1,3",3
136,13,2,"2,3",3
136,13,0,[NULL],9993
136,13,1,1,9998
137,12,6,5,2
137,12,5,"1,5",2
137,12,9,7,2
137,12,"7,8","6,7",3
137,12,2,2,3
137,12,8,[NULL],9000
137,12,1,[NULL],9947
137,12,"3,4",2,9996
137,12,0,5,9998
137,12,4,3,9998
138,11,"5,9","1,5",2
138,11,9,5,2
138,11,7,[NULL],9984
138,11,8,6,9997
138,11,2,1,9997
138,11,0,"5,6",9998
138,11,6,3,9998
138,11,4,"2,3",9998
138,11,1,6,9998
138,11,3,"1,4,5",9998
139,10,7,7,2
139,10,3,1,2
139,10,5,[NULL],9000
139,10,4,[NULL],9991
139,10,6,[NULL],9991
139,10,"1,2",[NULL],9991
139,10,2,1,9996
139,10,0,"1,4",9997
140,9,4,5,2
140,9,"1,2","1,4",2
140,9,5,[NULL],9000
140,9,7,5,9997
140,9,2,[NULL],9997
140,9,0,2,9998
140,9,3,3,9998
140,9,6,6,9998
141,8,4,2,3
141,8,"2,3",1,3
141,8,3,[NULL],9990
141,8,0,0,9997
141,8,1,1,9998
142,7,0,0,2
142,7,2,1,2
142,7,1,1,9996
142,7,3,7,9997
143,6,"0,1,2",0,3
143,6,1,[NULL],9000
143,6,2,[NULL],9000
143,6,3,[NULL],9995
144,5,2,[NULL],9000
144,5,0,"0,3",9997
144,5,1,7,9998
145,4,0,[NULL],9992
0,150,0,[NULL],9000
2,148,0,[NULL],9000
6,144,0,[NULL],9000
101,49,0,[NULL],9000
102,48,0,0,2
103,47,0,0,3
103,47,1,0,9998
106,44,0,0,2
107,43,0,1,2
107,43,1,0,9998
112,38,0,0,2
113,37,0,0,9998
114,36,0,1,2
115,35,1,2,2
115,35,0,0,9998
116,34,1,0,2
116,34,0,1,9997
116,34,2,1,9998
117,33,0,"0,3",2
117,33,2,3,2
117,33,1,0,9998
118,32,"1,2",0,2
118,32,2,"0,1",9997
118,32,0,0,9998
119,31,1,2,2
119,31,0,0,9997
120,30,0,0,9998
122,28,0,0,2
123,27,0,0,2
123,27,2,3,2
123,27,1,1,9998
124,26,0,0,2
124,26,1,1,9997
125,25,0,2,9998
126,24,0,3,2
126,24,1,5,3
127,23,1,4,2
127,23,2,5,9997
127,23,0,3,9997
128,22,2,0,2
128,22,1,6,3
128,22,0,[NULL],9000
128,22,3,3,9997
129,21,3,2,2
129,21,"0,1,4",[NULL],9000
129,21,1,2,9997
129,21,2,3,9997
129,21,4,4,9997
130,20,"1,2",1,2
130,20,0,0,2
130,20,2,1,3
131,19,1,2,3
131,19,0,2,9998
132,18,2,1,2
132,18,3,[NULL],9000
132,18,1,"1,2,4",9998
132,18,0,3,9998
133,17,1,0,2
133,17,4,"1,5,7",3
133,17,2,[NULL],9000
133,17,0,3,9998
133,17,3,2,9998
134,16,4,2,2
134,16,5,3,2
134,16,3,6,3
134,16,0,0,9995
134,16,1,"3,6",9998
134,16,2,2,9998
135,15,1,1,2
135,15,2,[NULL],9000
135,15,0,"0,1",9997
135,15,3,4,9998
136,14,5,0,2
136,14,3,4,2
136,14,4,4,4
136,14,0,[NULL],9000
136,14,2,1,9997
136,14,1,0,9997
137,13,"5,6",0,2
137,13,3,6,2
137,13,2,"4,6",2
137,13,6,1,2
137,13,"1,4","0,1,3",2
137,13,7,5,9997
137,13,0,5,9998
137,13,4,3,9998
138,12,"2,4",2,3
138,12,4,[NULL],9000
138,12,6,[NULL],9985
138,12,"1,5","2,5",9997
138,12,"0,3",2,9997
138,12,3,3,9998
138,12,5,5,9998
139,11,2,0,2
139,11,3,3,2
139,11,6,6,2
139,11,4,"3,7",3
139,11,0,0,9998
139,11,1,3,9998
139,11,5,5,9998
140,10,1,1,2
140,10,"3,4,5",[NULL],9000
140,10,5,[NULL],9000
140,10,4,[NULL],9000
140,10,"2,6",[NULL],9994
140,10,7,5,9997
140,10,6,7,9998
140,10,0,[NULL],9998
141,9,8,4,3
141,9,3,2,3
141,9,"6,7",[NULL],9000
141,9,1,[NULL],9991
141,9,4,[NULL],9995
141,9,5,7,9997
141,9,2,4,9997
141,9,"0,7",[NULL],9997
141,9,7,6,9998
142,8,7,[NULL],9986
142,8,1,[NULL],9991
142,8,3,[NULL],9995
142,8,2,[NULL],9995
142,8,8,[NULL],9995
142,8,5,[NULL],9995
142,8,4,[NULL],9995
142,8,0,"4,6",9998
142,8,6,6,9998
143,7,7,1,2
143,7,4,0,3
143,7,6,[NULL],9988
143,7,2,[NULL],9993
143,7,3,[NULL],9995
143,7,1,[NULL],9995
143,7,0,5,9998
143,7,5,4,9998
144,6,"2,3",[NULL],9994
144,6,1,[NULL],9994
144,6,0,4,9997
144,6,3,3,9998
145,5,2,[NULL],9000
145,5,0,0,9998
145,5,1,2,9998
146,4,2,[NULL],9988
146,4,1,[NULL],9991
146,4,0,1,9998
147,3,0,1,9998
0,151,0,[NULL],9000
2,149,0,[NULL],9000
6,145,0,[NULL],9000
101,50,0,[NULL],9000
102,49,0,1,2
103,48,0,[NULL],9000
103,48,1,[NULL],9000
106,45,0,1,2
107,44,0,0,3
112,39,0,0,2
113,38,0,1,9998
114,37,0,0,2
115,36,1,2,2
115,36,0,1,9998
116,35,0,1,2
117,34,0,0,2
117,34,1,0,9996
118,33,0,2,9998
119,32,0,0,2
120,31,1,2,9998
120,31,0,1,9998
121,30,0,"1,2",9998
122,29,1,1,2
122,29,0,1,9998
123,28,0,1,9998
123,28,1,2,9998
124,27,2,0,2
124,27,0,2,9998
124,27,1,0,9998
125,26,0,1,9998
125,26,1,3,9998
126,25,3,6,3
126,25,"0,1","1,3",3
126,25,2,1,9998
126,25,1,2,9998
127,24,2,3,9997
127,24,1,1,9998
127,24,0,"2,4",9998
128,23,1,2,3
128,23,0,1,4
129,22,0,0,9997
130,21,2,0,2
130,21,1,0,9997
130,21,0,0,9998
131,20,"1,2,4",1,2
131,20,3,0,2
131,20,2,[NULL],9000
131,20,0,2,9998
131,20,4,1,9998
132,19,3,0,2
132,19,2,3,2
132,19,1,[NULL],9000
132,19,0,2,9998
133,18,"3,6",1,2
133,18,2,2,2
133,18,6,2,3
133,18,1,[NULL],9996
133,18,0,[NULL],9996
133,18,5,4,9998
133,18,4,3,9998
134,17,4,3,2
134,17,1,[NULL],9000
134,17,3,3,9997
134,17,0,0,9997
134,17,2,4,9998
135,16,"0,1,2",[NULL],9996
135,16,1,0,9997
135,16,2,3,9998
136,15,5,0,2
136,15,3,4,2
136,15,4,"6,8",4
136,15,1,[NULL],9000
136,15,0,[NULL],9949
136,15,2,"1,2",9997
137,14,3,0,2
137,14,5,5,2
137,14,6,8,3
137,14,1,2,3
137,14,0,[NULL],9992
137,14,4,5,9997
137,14,2,4,9998
138,13,0,0,2
138,13,3,1,2
138,13,5,5,2
138,13,"1,4",0,3
138,13,4,[NULL],9000
138,13,2,3,9998
139,12,7,6,2
139,12,5,7,3
139,12,"1,2,4",[NULL],9000
139,12,3,[NULL],9990
139,12,"2,4,6",[NULL],9993
139,12,6,"0,1,3",9996
139,12,4,[NULL],9996
139,12,0,2,9998
140,11,6,0,2
140,11,0,0,3
140,11,7,[NULL],9000
140,11,5,[NULL],9991
140,11,3,4,9997
140,11,2,[NULL],9997
140,11,"1,4","2,4",9998
140,11,4,4,9998
141,10,"4,6",0,2
141,10,6,6,2
141,10,7,3,3
141,10,3,[NULL],9988
141,10,5,[NULL],9992
141,10,1,[NULL],9992
141,10,2,0,9996
141,10,0,[NULL],9996
142,9,5,0,2
142,9,4,5,2
142,9,6,[NULL],9991
142,9,0,[NULL],9993
142,9,1,"5,6",9996
142,9,2,"1,4",9997
142,9,3,7,9998
143,8,3,3,2
143,8,0,0,3
143,8,2,[NULL],9993
143,8,1,[NULL],9996
144,7,0,0,2
144,7,2,1,2
144,7,1,2,9997
145,6,1,0,2
145,6,0,0,9998
146,5,1,0,2
146,5,0,5,9998
147,4,0,4,9998
0,152,0,[NULL],9000
2,150,0,[NULL],9000
6,146,0,[NULL],9000
101,51,0,[NULL],9000
103,49,0,[NULL],9000
105,47,0,0,9998
106,46,0,1,9998
109,43,0,0,9996
110,42,"0,1",0,4
110,42,1,0,9998
111,41,0,0,4
112,40,1,0,2
112,40,0,0,9997
113,39,0,0,9996
114,38,1,0,2
114,38,0,0,4
115,37,1,0,3
115,37,0,0,4
115,37,2,0,9998
116,36,1,0,9996
116,36,0,1,9998
117,35,2,0,2
117,35,"0,1",2,3
117,35,1,0,9996
118,34,0,0,3
118,34,1,0,9998
119,33,2,1,2
119,33,1,0,2
119,33,0,0,4
120,32,"1,2",0,2
120,32,2,1,9996
120,32,0,0,9998
121,31,1,0,2
121,31,0,0,9997
122,30,1,0,2
122,30,2,1,2
122,30,0,3,4
123,29,2,0,2
123,29,0,1,2
123,29,1,1,3
123,29,3,1,9998
124,28,1,0,2
124,28,3,1,2
124,28,2,"0,1,4",9996
124,28,0,0,9998
125,27,1,2,2
125,27,2,1,2
125,27,3,2,9998
125,27,0,1,9998
126,26,1,1,2
126,26,"2,4",0,2
126,26,5,2,3
126,26,3,0,3
126,26,4,5,4
126,26,0,2,9998
127,25,3,3,3
127,25,"2,4",1,4
127,25,1,[NULL],9000
127,25,5,3,9997
127,25,4,2,9998
127,25,0,0,9998
128,24,2,1,3
128,24,3,2,3
128,24,4,4,3
128,24,1,1,9996
128,24,0,"1,2",9998
129,23,0,0,2
129,23,1,0,9996
129,23,2,1,9997
130,22,2,0,2
130,22,1,4,2
130,22,3,[NULL],9000
130,22,0,[NULL],9000
131,21,2,0,2
131,21,3,[NULL],9000
131,21,0,[NULL],9000
131,21,1,0,9998
132,20,4,5,2
132,20,3,4,2
132,20,0,[NULL],9000
132,20,1,2,9997
132,20,2,1,9998
133,19,4,2,2
133,19,"0,1,6",[NULL],9000
133,19,3,0,9996
133,19,2,1,9996
133,19,5,3,9997
133,19,"1,6","0,2",9997
133,19,6,2,9998
134,18,3,2,2
134,18,"0,1",0,3
134,18,2,4,9997
134,18,1,1,9998
135,17,1,2,3
135,17,0,1,3
136,16,4,2,2
136,16,5,7,3
136,16,2,"3,4",4
136,16,1,[NULL],9950
136,16,3,[NULL],9996
136,16,0,2,9998
137,15,3,2,2
137,15,"2,5","1,5",3
137,15,5,"0,1,3,5",3
137,15,0,"3,6",9998
137,15,1,6,9998
137,15,4,4,9998
138,14,2,0,2
138,14,1,2,4
138,14,0,0,9997
139,13,"2,4","1,4",2
139,13,4,4,2
139,13,5,7,3
139,13,1,[NULL],9994
139,13,3,1,9998
139,13,0,0,9998
140,12,7,5,3
140,12,4,2,3
140,12,3,[NULL],9000
140,12,1,[NULL],9989
140,12,5,[NULL],9996
140,12,2,[NULL],9996
140,12,0,0,9997
140,12,6,5,9998
141,11,7,3,2
141,11,1,1,4
141,11,6,[NULL],9993
141,11,2,[NULL],9993
141,11,0,[NULL],9993
141,11,4,[NULL],9996
141,11,3,3,9998
141,11,5,2,9998
142,10,3,[NULL],9950
142,10,1,[NULL],9987
142,10,2,[NULL],9992
142,10,5,6,9996
142,10,6,2,9997
142,10,4,3,9997
142,10,0,4,9998
143,9,4,0,3
143,9,3,[NULL],9000
143,9,5,[NULL],9990
143,9,2,[NULL],9994
143,9,0,"1,4",9997
143,9,1,[NULL],9997
144,8,0,0,2
144,8,3,[NULL],9988
144,8,6,[NULL],9989
144,8,1,[NULL],9990
144,8,5,5,9997
144,8,2,2,9997
144,8,4,4,9997
145,7,5,0,2
145,7,4,[NULL],9990
145,7,"1,2,3",[NULL],9997
145,7,"0,2",[NULL],9997
145,7,2,1,9998
145,7,3,"1,2",9998
146,6,4,0,2
146,6,5,[NULL],9000
146,6,3,5,9997
146,6,"1,2",[NULL],9997
146,6,"0,2",[NULL],9997
146,6,2,4,9998
147,5,3,[NULL],9983
147,5,1,[NULL],9997
147,5,0,[NULL],9997
147,5,2,2,9998
148,4,0,[NULL],9000
0,153,0,[NULL],9000
2,151,0,[NULL],9000
6,147,0,[NULL],9000
103,50,0,[NULL],9000
104,49,0,0,2
105,48,1,0,2
105,48,0,[NULL],9000
106,47,0,1,9998
109,44,0,1,2
114,39,0,2,2
115,38,1,0,2
115,38,0,0,9998
116,37,0,1,9998
117,36,0,1,2
118,35,0,0,9998
119,34,0,0,2
120,33,0,"1,2",9997
122,31,1,3,2
122,31,0,1,9998
123,30,0,0,2
123,30,1,2,9998
124,29,2,3,2
124,29,1,0,2
124,29,0,1,9998
125,28,2,0,2
125,28,0,0,9997
125,28,3,3,9998
125,28,1,2,9998
126,27,2,4,2
126,27,0,0,2
126,27,3,2,3
126,27,1,2,9998
127,26,"1,2",0,2
127,26,3,4,9997
127,26,2,"1,2",9997
127,26,0,1,9998
128,25,0,0,3
129,24,0,1,3
129,24,1,3,9997
130,23,0,1,2
130,23,1,[NULL],9000
131,22,1,2,2
131,22,0,3,9998
132,21,2,6,2
132,21,1,[NULL],9000
132,21,0,1,9997
133,20,1,1,2
133,20,3,3,3
133,20,0,0,3
133,20,2,2,9997
134,19,0,1,3
134,19,2,3,9997
134,19,1,1,9998
135,18,2,0,2
135,18,1,2,3
135,18,0,2,9998
136,17,"3,6",0,2
136,17,6,1,2
136,17,4,4,2
136,17,5,4,3
136,17,2,[NULL],9000
136,17,0,4,9998
136,17,1,5,9998
137,16,0,4,9998
137,16,1,2,9998
138,15,1,3,2
138,15,0,0,2
139,14,5,6,2
139,14,4,3,3
139,14,1,1,9996
139,14,3,2,9998
139,14,2,3,9998
139,14,0,[NULL],9998
140,13,3,3,2
140,13,2,5,2
140,13,0,[NULL],9990
140,13,1,3,9998
140,13,4,4,9998
141,12,4,0,2
141,12,1,2,3
141,12,"0,3",2,9997
141,12,3,3,9998
141,12,2,2,9998
142,11,2,[NULL],9993
142,11,3,4,9996
142,11,1,5,9997
142,11,0,2,9997
143,10,2,1,3
143,10,3,[NULL],9000
143,10,1,[NULL],9995
143,10,0,[NULL],9998
144,9,1,2,2
144,9,2,"2,3",2
144,9,3,[NULL],9995
144,9,4,[NULL],9996
144,9,0,3,9998
145,8,4,0,2
145,8,"0,1,3",[NULL],9991
145,8,"1,2",[NULL],9991
145,8,"2,3",2,9996
145,8,3,2,9998
146,7,2,2,2
146,7,1,[NULL],9991
146,7,0,[NULL],9997
147,6,1,[NULL],9991
147,6,0,[NULL],9993
148,5,0,1,9997
0,154,0,[NULL],9000
2,152,0,[NULL],9000
6,148,0,[NULL],9000
103,51,0,[NULL],9000
104,50,0,[NULL],9000
105,49,1,0,2
105,49,0,[NULL],9000
106,48,0,1,9998
111,43,0,0,3
114,40,0,0,2
115,39,1,0,2
115,39,0,1,9998
116,38,0,1,4
117,37,0,0,2
120,34,0,0,3
121,33,1,0,2
121,33,0,1,9998
122,32,2,1,2
122,32,1,1,9998
122,32,0,"0,2",9998
123,31,1,0,2
123,31,0,1,9998
123,31,2,3,9998
124,30,3,3,2
124,30,2,1,2
124,30,1,3,9998
124,30,0,2,9998
125,29,2,1,2
125,29,0,1,9998
125,29,1,3,9998
126,28,1,0,2
126,28,3,5,3
126,28,2,3,9998
126,28,0,1,9998
127,27,2,1,9997
127,27,0,0,9998
127,27,1,3,9998
128,26,1,2,3
128,26,0,0,9998
129,25,2,0,9997
129,25,1,2,9998
129,25,0,1,9998
130,24,3,0,2
130,24,2,"2,5",9998
130,24,0,"4,5",9998
130,24,1,1,9998
131,23,2,1,3
131,23,3,2,9998
131,23,1,1,9998
131,23,0,"2,3",9998
132,22,3,5,3
132,22,"0,2",0,3
132,22,4,[NULL],9000
132,22,2,[NULL],9000
132,22,1,"1,2",9998
133,21,1,1,2
133,21,4,2,3
133,21,0,0,5
133,21,2,0,9997
133,21,3,3,9998
134,20,2,0,2
134,20,4,[NULL],9000
134,20,3,[NULL],9000
134,20,0,"0,1",9996
134,20,1,2,9997
135,19,4,0,2
135,19,5,1,2
135,19,0,[NULL],9000
135,19,3,[NULL],9000
135,19,1,[NULL],9000
135,19,2,3,9996
136,18,4,0,2
136,18,2,1,2
136,18,0,[NULL],9952
136,18,1,2,9997
136,18,3,2,9998
137,17,0,0,3
137,17,2,4,9998
137,17,1,2,9998
138,16,2,3,2
138,16,3,2,2
138,16,1,[NULL],2
138,16,0,6,4
139,15,3,1,2
139,15,4,4,2
139,15,0,"0,2",3
139,15,1,[NULL],4
139,15,2,1,9998
140,14,3,3,2
140,14,2,2,2
140,14,0,2,4
140,14,1,[NULL],9991
140,14,4,4,9998
141,13,2,6,3
141,13,3,4,3
141,13,"5,6",1,4
141,13,"4,6",[NULL],9000
141,13,1,[NULL],9991
141,13,6,3,9996
141,13,0,4,9998
142,12,"1,4",0,3
142,12,4,[NULL],9000
142,12,2,[NULL],9000
142,12,"0,3",[NULL],9952
142,12,3,[NULL],9991
143,11,3,0,2
143,11,5,5,3
143,11,2,2,3
143,11,4,4,3
143,11,1,[NULL],9953
143,11,0,1,9998
144,10,2,3,2
144,10,3,[NULL],9991
144,10,5,[NULL],9992
144,10,1,[NULL],9992
144,10,6,[NULL],9994
144,10,4,[NULL],9996
144,10,0,4,9997
145,9,5,3,3
145,9,"0,4",[NULL],9987
145,9,4,[NULL],9987
145,9,2,[NULL],9987
145,9,1,[NULL],9992
145,9,3,5,9998
146,8,4,[NULL],9989
146,8,1,[NULL],9989
146,8,2,[NULL],9992
146,8,3,[NULL],9992
146,8,0,[NULL],9996
147,7,3,[NULL],9987
147,7,1,[NULL],9994
147,7,2,5,9998
147,7,0,[NULL],9998
148,6,1,[NULL],9995
148,6,0,4,9997
149,5,0,[NULL],9000
150,4,0,[NULL],9995
0,155,0,[NULL],9000
2,153,0,[NULL],9000
6,149,0,[NULL],9000
103,52,0,[NULL],9000
105,50,1,0,2
105,50,0,[NULL],9000
108,47,0,0,4
109,46,0,0,9998
110,45,0,0,9997
111,44,0,0,9998
112,43,0,0,4
113,42,0,0,9997
114,41,1,0,2
114,41,0,1,9996
115,40,0,1,4
116,39,0,1,4
117,38,0,0,9996
118,37,1,0,9996
118,37,0,0,9997
119,36,"1,2",0,3
119,36,2,2,4
119,36,0,0,9998
120,35,1,0,2
120,35,0,1,9998
121,34,1,1,2
121,34,"0,2",0,2
121,34,2,0,9996
122,33,1,0,2
122,33,3,2,2
122,33,0,0,9996
122,33,2,0,9998
123,32,3,1,2
123,32,2,0,2
123,32,"0,1,4",2,4
123,32,1,1,9998
123,32,4,2,9998
124,31,1,0,2
124,31,3,1,2
124,31,0,0,3
124,31,2,0,9998
125,30,3,2,2
125,30,1,0,2
125,30,0,1,9997
125,30,2,1,9998
126,29,0,0,2
126,29,3,1,2
126,29,4,3,3
126,29,"1,2",2,3
126,29,2,0,9996
127,28,0,0,2
127,28,1,1,4
127,28,3,2,9997
127,28,2,0,9998
128,27,2,1,2
128,27,1,0,2
128,27,3,1,3
128,27,0,1,4
129,26,"2,5",2,2
129,26,"4,5",0,2
129,26,1,1,2
129,26,5,0,9996
129,26,3,1,9997
129,26,0,1,9998
130,25,2,3,2
130,25,1,1,2
130,25,3,"0,3",2
130,25,"0,5",2,9997
130,25,5,3,9998
130,25,4,"2,3",9998
131,24,"1,2","1,3",2
131,24,2,0,3
131,24,0,[NULL],9000
132,23,3,3,2
132,23,2,2,3
132,23,0,3,4
132,23,1,2,4
132,23,4,1,9998
133,22,3,2,3
133,22,0,"0,1,2,9",9996
133,22,1,3,9997
133,22,2,1,9998
134,21,1,[NULL],9000
134,21,0,0,9996
135,20,2,3,2
135,20,1,[NULL],14
135,20,0,[NULL],9000
136,19,4,2,2
136,19,2,1,2
136,19,1,4,9997
136,19,3,3,9998
136,19,0,1,9998
137,18,1,[NULL],9953
137,18,0,2,9998
138,17,1,2,2
138,17,0,[NULL],9990
139,16,4,4,2
139,16,2,[NULL],9994
139,16,0,[NULL],9994
139,16,1,2,9998
139,16,3,"2,3",9998
140,15,4,0,2
140,15,2,"0,3",3
140,15,1,[NULL],9992
140,15,3,[NULL],9992
140,15,0,"1,3",9998
140,15,5,3,9998
141,14,5,1,3
141,14,2,0,3
141,14,6,5,4
141,14,4,[NULL],9000
141,14,3,[NULL],9995
141,14,0,[NULL],9996
141,14,1,2,9998
142,13,1,0,2
142,13,0,[NULL],9994
142,13,2,3,9998
143,12,4,[NULL],9954
143,12,3,[NULL],9988
143,12,1,[NULL],9992
143,12,2,[NULL],9993
143,12,0,[NULL],9997
144,11,5,3,2
144,11,4,[NULL],9989
144,11,2,2,9996
144,11,3,5,9996
144,11,1,[NULL],9996
144,11,0,5,9998
145,10,2,[NULL],9986
145,10,"4,5",[NULL],9987
145,10,3,[NULL],9988
145,10,0,[NULL],9988
145,10,5,[NULL],9988
145,10,1,0,9997
146,9,5,2,2
146,9,4,[NULL],9000
146,9,3,3,9997
146,9,1,"5,6",9997
146,9,0,[NULL],9997
146,9,2,1,9998
147,8,1,0,3
147,8,0,[NULL],9993
147,8,2,[NULL],9993
148,7,0,[NULL],9996
148,7,1,[NULL],9996
148,7,2,2,9997
149,6,0,"4,6",9998
0,156,0,[NULL],9000
2,154,0,[NULL],9000
6,150,0,[NULL],9000
105,51,0,[NULL],9000
105,51,1,[NULL],9000
108,48,0,0,2
109,47,0,0,9998
110,46,0,0,2
111,45,0,0,9998
118,38,0,0,2
119,37,1,0,2
119,37,0,0,9998
120,36,0,1,9998
121,35,0,2,2
122,34,1,1,2
122,34,2,4,2
122,34,0,0,9998
123,33,0,2,2
123,33,1,"1,3",9997
124,32,1,2,2
124,32,0,0,9998
125,31,0,3,9998
126,30,0,2,2
126,30,1,2,3
127,29,1,2,9997
127,29,0,1,9998
128,28,1,0,2
128,28,0,2,3
129,27,3,5,2
129,27,2,"4,5",2
129,27,0,2,9997
129,27,1,"0,3",9997
130,26,1,3,9997
130,26,0,3,9998
131,25,1,4,2
131,25,0,1,9998
132,24,1,2,2
132,24,0,2,3
132,24,2,2,9998
133,23,2,1,3
133,23,1,4,9997
133,23,0,"4,7",9997
133,23,3,4,9998
134,22,1,2,9997
134,22,0,"2,3",9998
135,21,3,3,2
135,21,1,0,2
135,21,2,1,3
135,21,0,"0,3",9998
136,20,2,0,2
136,20,0,[NULL],9000
136,20,1,2,9997
137,19,0,2,9998
138,18,2,1,2
138,18,3,"1,3",2
138,18,1,1,4
138,18,0,1,9997
139,17,"1,3",0,2
139,17,3,5,2
139,17,0,1,9998
139,17,2,2,9998
140,16,2,1,2
140,16,"1,3,4",3,9997
140,16,0,2,9997
140,16,"3,4","2,3",9998
140,16,4,3,9998
141,15,3,2,2
141,15,4,3,4
141,15,2,2,9998
141,15,1,"3,4,5",9998
141,15,0,[NULL],9998
142,14,1,[NULL],9954
142,14,0,"0,1",9998
142,14,2,2,9998
142,14,3,5,9998
143,13,5,0,2
143,13,4,0,3
143,13,6,[NULL],9954
143,13,1,[NULL],9994
143,13,0,4,9997
143,13,2,[NULL],9997
143,13,3,2,9998
144,12,2,"2,3",4
144,12,4,[NULL],9000
144,12,1,"2,3",9997
144,12,3,3,9998
144,12,0,[NULL],9998
145,11,1,2,2
145,11,"2,3",[NULL],9989
145,11,0,[NULL],9994
145,11,3,4,9998
146,10,"2,5",[NULL],9991
146,10,4,[NULL],9994
146,10,5,1,9995
146,10,0,"0,2",9997
146,10,1,0,9997
146,10,3,2,9998
147,9,4,0,3
147,9,"2,3",[NULL],9987
147,9,5,[NULL],9989
147,9,1,1,9997
147,9,0,[NULL],9997
147,9,3,2,9998
148,8,"4,6",0,2
148,8,3,[NULL],9000
148,8,6,[NULL],9991
148,8,1,[NULL],9994
148,8,5,4,9997
148,8,0,3,9998
148,8,2,"0,1",9998
149,7,2,[NULL],9991
149,7,1,[NULL],9991
149,7,3,[NULL],9995
149,7,0,3,9998
150,6,1,[NULL],9994
150,6,0,[NULL],9994
151,5,0,[NULL],9986
0,157,0,[NULL],9000
2,155,0,[NULL],9000
6,151,0,[NULL],9000
105,52,0,[NULL],9000
108,49,0,0,2
109,48,0,0,3
110,47,0,0,2
111,46,0,0,9998
112,45,0,0,3
113,44,0,"0,1",9998
117,40,0,0,3
118,39,0,0,2
119,38,1,0,2
119,38,0,0,9997
121,36,0,0,2
122,35,1,2,9998
122,35,0,1,9998
123,34,0,0,2
123,34,1,0,9996
124,33,3,0,2
124,33,1,0,3
124,33,2,2,9998
124,33,0,1,9998
125,32,1,1,9998
125,32,0,0,9998
126,31,1,0,2
126,31,2,3,3
126,31,0,1,9998
127,30,1,0,9997
127,30,0,1,9998
128,29,1,3,3
128,29,0,1,9998
129,28,3,0,2
129,28,2,"0,5",3
129,28,1,1,9997
129,28,0,1,9998
130,27,1,0,2
130,27,2,5,9998
130,27,0,2,9998
131,26,2,2,2
131,26,0,2,9998
131,26,1,0,9998
132,25,4,3,2
132,25,3,1,3
132,25,2,3,9998
132,25,1,2,9998
132,25,0,"3,4",9998
132,25,5,5,9998
133,24,"2,3",0,2
133,24,"0,1",0,4
133,24,4,0,9997
133,24,3,"3,7",9998
133,24,5,8,9998
133,24,1,"6,7,8",9998
134,23,"0,3",0,2
134,23,3,2,4
134,23,1,4,9998
134,23,2,1,9998
135,22,4,1,3
135,22,"1,3",[NULL],9000
135,22,2,0,9997
135,22,3,2,9998
135,22,0,"1,4",9998
136,21,2,0,2
136,21,1,[NULL],9000
136,21,0,1,9996
137,20,0,[NULL],9000
137,20,1,[NULL],9955
138,19,1,0,2
138,19,2,2,2
138,19,0,[NULL],9000
139,18,"2,3","3,4",2
139,18,3,4,2
139,18,0,1,9997
139,18,1,3,9997
140,17,2,2,2
140,17,"3,4,5",1,2
140,17,"4,5",6,4
140,17,0,1,9996
140,17,1,3,9997
140,17,5,0,9997
141,16,"0,1",0,2
141,16,2,2,2
141,16,5,3,2
141,16,"3,4",[NULL],9994
141,16,4,3,9997
141,16,1,2,9998
142,15,2,3,2
142,15,"0,3",[NULL],9000
142,15,3,[NULL],9955
142,15,1,4,9998
143,14,3,3,2
143,14,4,[NULL],9000
143,14,1,[NULL],9000
143,14,2,2,9995
143,14,0,0,9997
144,13,4,2,2
144,13,0,1,3
144,13,3,[NULL],9987
144,13,2,[NULL],9994
144,13,1,[NULL],9994
145,12,2,3,2
145,12,3,3,3
145,12,"5,6",1,3
145,12,4,[NULL],9990
145,12,6,[NULL],9990
145,12,0,[NULL],9995
145,12,1,2,9998
146,11,2,3,2
146,11,5,[NULL],9983
146,11,3,[NULL],9992
146,11,1,[NULL],9993
146,11,0,[NULL],9996
146,11,4,4,9997
147,10,3,0,2
147,10,"0,1",2,2
147,10,2,2,3
147,10,1,[NULL],9988
148,9,3,0,2
148,9,0,[NULL],9992
148,9,1,2,9997
148,9,2,"3,4",9997
149,8,3,[NULL],9988
149,8,"0,1",[NULL],9996
149,8,2,6,9998
149,8,1,7,9998
150,7,0,2,9998
150,7,1,"2,4,5",9998
0,158,0,[NULL],9000
2,156,0,[NULL],9000
6,152,0,[NULL],9000
105,53,0,[NULL],9000
109,49,0,[NULL],9000
110,48,0,0,2
111,47,0,0,9997
111,47,1,0,9998
112,46,"0,1",0,2
112,46,1,0,9998
113,45,1,0,4
113,45,0,0,9998
114,44,0,1,9998
115,43,0,0,9996
116,42,0,0,4
117,41,0,1,4
118,40,1,0,9996
118,40,0,0,9998
119,39,0,0,9996
120,38,0,2,4
121,37,2,1,2
121,37,1,0,2
121,37,0,0,4
122,36,"1,3",1,3
122,36,3,1,9996
122,36,2,0,9998
122,36,0,1,9998
123,35,2,2,2
123,35,1,0,2
123,35,0,2,9998
124,34,1,1,2
124,34,0,0,2
125,33,1,0,2
125,33,0,1,4
125,33,2,0,9998
126,32,1,0,2
126,32,2,1,3
126,32,0,0,9998
127,31,1,0,2
127,31,0,"0,2",9996
127,31,2,2,9997
128,30,1,0,2
128,30,2,0,3
128,30,"0,3",1,3
128,30,3,5,4
129,29,5,2,2
129,29,2,0,2
129,29,3,1,3
129,29,4,2,9997
129,29,0,"0,2",9998
129,29,1,0,9998
130,28,2,0,2
130,28,0,1,2
130,28,1,0,9996
130,28,3,3,9998
131,27,3,2,2
131,27,2,1,2
131,27,4,"0,2",2
131,27,5,5,2
131,27,1,1,9997
131,27,0,0,9998
132,26,"3,7",3,2
132,26,8,5,2
132,26,"6,7","1,5",2
132,26,4,1,3
132,26,7,"0,1",3
132,26,"0,1,2,9",0,4
132,26,1,[NULL],9000
132,26,"2,9","2,3",9998
132,26,9,3,9998
132,26,5,1,9998
133,25,4,1,2
133,25,1,2,2
133,25,2,1,3
133,25,0,0,4
133,25,3,1,9997
133,25,5,2,9998
133,25,6,3,9998
134,24,2,3,2
134,24,"1,4",0,2
134,24,4,1,9996
134,24,0,1,9997
134,24,3,1,9998
135,23,2,1,3
135,23,0,1,9996
135,23,1,1,9998
136,22,2,[NULL],9000
136,22,"0,1",[NULL],9000
136,22,1,1,9998
137,21,1,0,3
137,21,0,2,9997
138,20,"0,1,2",[NULL],9993
138,20,1,0,9996
138,20,2,3,9997
139,19,3,"1,3,4",3
139,19,2,0,3
139,19,0,2,9996
139,19,1,2,9998
140,18,2,1,2
140,18,3,[NULL],9000
140,18,"1,4",[NULL],9956
140,18,4,3,9997
140,18,0,2,9997
141,17,4,1,2
141,17,0,[NULL],9987
141,17,"1,3",[NULL],9995
141,17,5,3,9997
141,17,2,2,9998
141,17,3,"1,2",9998
142,16,4,"0,1",3
142,16,6,[NULL],9995
142,16,0,[NULL],9995
142,16,"1,5",[NULL],9995
142,16,2,[NULL],9995
142,16,3,1,9997
142,16,5,1,9998
143,15,"2,3",1,3
143,15,3,2,4
143,15,5,3,4
143,15,4,1,9993
143,15,0,"2,3",9998
143,15,1,4,9998
143,15,6,5,9998
144,14,2,1,2
144,14,1,[NULL],9995
144,14,0,2,9998
145,13,"0,2",0,3
145,13,2,"0,1",3
145,13,1,[NULL],9990
146,12,1,1,3
146,12,3,[NULL],9989
146,12,0,2,9996
146,12,2,2,9997
147,11,4,5,3
147,11,5,[NULL],9991
147,11,3,3,9997
147,11,"0,1",[NULL],9997
147,11,1,4,9998
147,11,2,3,9998
148,10,6,2,2
148,10,7,1,2
148,10,3,[NULL],9995
148,10,4,[NULL],9995
148,10,5,"2,3",9997
148,10,"0,1",3,9997
148,10,2,[NULL],9997
148,10,1,5,9998
149,9,2,0,2
149,9,"4,5","0,1",2
149,9,3,[NULL],9996
149,9,0,[NULL],9996
149,9,1,"4,5",9998
149,9,5,6,9998
150,8,1,[NULL],9000
150,8,0,[NULL],9994
150,8,2,"3,4",9998
151,7,0,[NULL],9993
152,6,0,[NULL],9995
153,5,0,[NULL],9997
154,4,0,[NULL],9993
0,159,0,[NULL],9000
2,157,0,[NULL],9000
6,153,0,[NULL],9000
107,52,0,[NULL],9000
109,50,0,[NULL],9000
110,49,0,1,2
111,48,0,1,2
111,48,1,1,9998
112,47,0,0,2
112,47,1,0,9998
113,46,1,0,2
113,46,0,0,9998
117,42,0,0,2
118,41,0,0,3
118,41,1,0,9998
121,38,0,2,2
121,38,1,0,2
122,37,2,0,2
122,37,0,0,9998
122,37,1,1,9998
123,36,0,0,9997
124,35,0,2,2
125,34,0,0,2
126,33,0,1,3
127,32,0,2,9997
128,31,"0,2",0,2
128,31,2,"0,1",2
128,31,1,1,3
129,30,3,3,2
129,30,1,3,9997
129,30,"0,2","1,3",9998
129,30,2,3,9998
130,29,0,0,2
130,29,1,3,9998
131,28,"2,3","2,9",2
131,28,3,9,2
131,28,1,5,2
131,28,0,2,9998
132,27,2,5,2
132,27,3,6,2
132,27,0,4,3
132,27,4,"0,4",9997
132,27,1,3,9998
133,26,1,3,2
133,26,0,3,9997
133,26,2,2,9997
133,26,3,3,9998
134,25,1,1,2
134,25,0,2,3
134,25,2,3,9998
135,24,1,1,2
135,24,0,1,9998
138,21,2,1,2
138,21,1,0,3
138,21,3,1,3
138,21,0,[NULL],9957
139,20,3,1,3
139,20,0,5,3
139,20,2,[NULL],9957
139,20,1,"1,3",9998
139,20,4,1,9998
140,19,2,2,2
140,19,1,"2,3",2
140,19,3,4,3
140,19,4,[NULL],9000
140,19,0,2,9997
141,18,1,5,2
141,18,2,[NULL],9000
141,18,4,5,9997
141,18,3,"0,1,3",9997
141,18,0,1,9997
142,17,"2,3",0,2
142,17,4,1,2
142,17,5,6,2
142,17,0,0,3
142,17,1,3,9998
142,17,3,2,9998
143,16,2,0,2
143,16,"1,3",[NULL],9958
143,16,"0,3","1,2,3",9998
143,16,3,3,9998
143,16,4,4,9998
144,15,0,[NULL],9996
144,15,2,1,9998
144,15,1,"2,3",9998
145,14,4,4,3
145,14,2,"0,1",9996
145,14,1,0,9996
145,14,3,1,9998
145,14,0,"1,2",9998
146,13,4,1,2
146,13,3,2,2
146,13,2,[NULL],9000
146,13,0,0,9997
146,13,1,1,9997
147,12,5,1,2
147,12,2,1,3
147,12,"3,4",2,3
147,12,0,[NULL],9987
147,12,"1,4","2,3",9998
147,12,4,1,9998
148,11,"4,5",1,2
148,11,6,5,2
148,11,3,[NULL],9994
148,11,1,[NULL],9996
148,11,2,[NULL],9996
148,11,0,[NULL],9997
148,11,5,4,9998
149,10,"3,4",2,2
149,10,0,[NULL],9000
149,10,4,[NULL],9992
149,10,1,1,9996
149,10,2,[NULL],9997
150,9,1,[NULL],9990
150,9,0,[NULL],9996
150,9,2,3,9998
151,8,0,[NULL],9996
152,7,0,[NULL],9990
152,7,1,[NULL],9994
153,6,0,[NULL],9993
0,160,0,[NULL],9000
2,158,0,[NULL],9000
6,154,0,[NULL],9000
107,53,0,[NULL],9000
109,51,0,[NULL],9000
110,50,1,1,2
110,50,0,0,3
111,49,0,1,2
111,49,1,0,9997
112,48,0,0,2
112,48,1,0,9997
113,47,0,0,9998
117,43,0,1,2
118,42,0,1,9998
121,39,0,0,2
121,39,1,1,2
122,38,0,1,4
125,35,0,1,9998
126,34,2,2,3
126,34,0,2,9998
126,34,1,"1,2",9998
127,33,1,1,9997
127,33,0,1,9998
128,32,"1,3","0,2",2
128,32,3,2,2
128,32,2,4,3
128,32,0,1,9998
129,31,3,1,2
129,31,2,1,9997
129,31,1,2,9998
129,31,0,1,9998
130,30,2,0,2
130,30,1,1,3
130,30,3,4,9998
130,30,0,1,9998
131,29,3,1,2
131,29,2,2,9998
131,29,1,1,9998
131,29,0,0,9998
132,28,3,3,2
132,28,1,3,3
132,28,4,"0,1,2",9997
132,28,2,3,9998
132,28,0,1,9998
133,27,3,2,2
133,27,1,0,3
133,27,2,0,9997
133,27,0,1,9998
134,26,1,0,2
134,26,2,3,9998
134,26,0,0,9998
135,25,1,0,4
135,25,3,4,9998
135,25,2,2,9998
135,25,0,0,9998
136,24,2,0,3
136,24,3,[NULL],9958
136,24,1,"1,3",9998
136,24,0,2,9998
137,23,3,2,3
137,23,2,"0,1",9996
137,23,1,1,9998
137,23,0,3,9998
138,22,"1,3",1,2
138,22,3,"1,4",2
138,22,2,[NULL],9000
138,22,0,[NULL],9000
139,21,3,"3,4",3
139,21,2,0,3
139,21,1,0,4
139,21,0,"0,3",9998
139,21,4,4,9998
140,20,3,5,3
140,20,1,[NULL],9958
140,20,0,2,9996
140,20,2,3,9998
141,19,3,1,2
141,19,2,3,2
141,19,1,3,3
141,19,4,[NULL],9000
141,19,0,1,9996
142,18,"1,2,3","0,3",2
142,18,3,3,2
142,18,4,4,2
142,18,0,0,9997
142,18,2,4,9998
143,17,1,2,2
143,17,"2,3",1,2
143,17,0,3,9997
143,17,3,2,9997
144,16,1,3,2
144,16,2,"0,2,3,4",2
144,16,0,[NULL],9990
145,15,2,2,3
145,15,1,5,5
145,15,"0,3","0,2",9998
145,15,3,2,9998
146,14,"2,3","1,4",2
146,14,1,4,2
146,14,3,3,3
146,14,0,3,9998
147,13,4,5,2
147,13,"2,3",5,3
147,13,3,"0,1",3
147,13,0,[NULL],9995
147,13,1,[NULL],9997
148,12,0,[NULL],9958
148,12,1,[NULL],9958
148,12,3,[NULL],9991
148,12,4,[NULL],9992
148,12,2,[NULL],9995
148,12,5,3,9998
149,11,3,2,2
149,11,1,[NULL],9987
149,11,0,[NULL],9989
149,11,2,5,9997
150,10,2,[NULL],9996
150,10,1,[NULL],9996
150,10,3,5,9997
150,10,0,2,9998
151,9,"0,3",[NULL],9997
151,9,2,5,9998
151,9,1,"0,1,5",9998
151,9,3,4,9998
151,9,4,2,9998
152,8,4,[NULL],9979
152,8,3,[NULL],9997
152,8,0,"5,6,7",9998
152,8,1,6,9998
152,8,2,"3,4,6",9998
153,7,3,[NULL],9991
153,7,1,[NULL],9997
153,7,0,0,9998
153,7,2,"4,5",9998
154,6,1,[NULL],9991
154,6,2,[NULL],9994
154,6,0,1,9998
155,5,0,[NULL],9994
155,5,1,4,9996
157,3,0,[NULL],9992
158,2,0,0,9998
0,161,0,[NULL],9000
2,159,0,[NULL],9000
6,155,0,[NULL],9000
107,54,0,[NULL],9000
109,52,0,[NULL],9000
110,51,0,[NULL],9000
111,50,0,0,9997
112,49,0,0,2
113,48,0,0,9998
114,47,0,0,4
115,46,0,0,9998
116,45,0,0,9997
117,44,1,0,2
117,44,0,1,4
118,43,0,0,4
118,43,1,1,9998
119,42,0,"0,1,2",9996
120,41,1,0,9996
120,41,0,0,9998
121,40,1,3,4
121,40,0,1,9998
122,39,0,0,3
123,38,0,0,9996
124,37,1,0,2
124,37,0,0,9996
125,36,2,0,2
125,36,1,"0,1",2
125,36,0,1,9998
126,35,1,0,2
126,35,2,0,3
126,35,0,0,4
127,34,1,0,2
127,34,2,1,9996
127,34,0,"0,1",9998
128,33,2,1,2
128,33,1,0,2
128,33,3,1,3
128,33,0,0,9996
129,32,4,3,2
129,32,1,0,2
129,32,0,1,4
129,32,3,2,9997
129,32,2,0,9998
130,31,2,2,2
130,31,1,1,2
130,31,0,0,2
131,30,3,2,2
131,30,1,0,2
131,30,"0,4",4,3
131,30,4,0,9996
131,30,2,0,9998
132,29,1,0,2
132,29,3,0,3
132,29,2,2,3
132,29,0,"0,1,3",9998
132,29,4,2,9998
133,28,3,2,2
133,28,0,0,2
133,28,1,4,4
133,28,2,1,9997
134,27,4,3,2
134,27,2,2,2
134,27,0,0,2
134,27,1,0,4
134,27,3,1,9998
135,26,"1,3",1,2
135,26,2,0,2
135,26,3,3,9996
135,26,0,0,9998
136,25,1,1,2
136,25,3,0,2
136,25,0,"0,4",9996
136,25,2,0,9998
137,24,0,"0,2",4
137,24,"1,2",[NULL],9959
137,24,2,1,9998
138,23,"0,3",0,2
138,23,4,4,2
138,23,2,0,4
138,23,3,[NULL],9000
138,23,1,0,9998
139,22,3,2,2
139,22,2,0,3
139,22,1,4,9997
139,22,0,"0,2",9998
139,22,4,2,9998
140,21,5,4,3
140,21,"0,1,3",3,3
140,21,1,0,3
140,21,2,[NULL],9958
140,21,3,0,9996
140,21,4,3,9998
141,20,4,2,2
141,20,3,[NULL],9990
141,20,0,[NULL],9990
141,20,1,4,9998
141,20,2,2,9998
142,19,2,2,5
142,19,1,[NULL],9000
142,19,4,[NULL],9959
142,19,3,2,9997
142,19,0,[NULL],9997
143,18,3,[NULL],9960
143,18,1,[NULL],9960
143,18,2,4,9997
143,18,0,5,9998
144,17,"0,2","0,3",2
144,17,2,3,2
144,17,1,[NULL],9991
145,16,3,0,2
145,16,0,0,3
145,16,1,1,3
145,16,2,0,4
145,16,5,[NULL],9994
145,16,4,2,9998
146,15,2,[NULL],9000
146,15,1,[NULL],9992
146,15,3,3,9998
146,15,0,4,9998
147,14,3,5,2
147,14,2,[NULL],9989
147,14,1,[NULL],9994
147,14,0,4,9997
148,13,3,[NULL],9000
148,13,2,[NULL],9000
148,13,1,"3,4",9997
148,13,0,6,9998
149,12,2,0,2
149,12,1,[NULL],9000
149,12,0,[NULL],9995
149,12,3,[NULL],9996
150,11,5,2,2
150,11,"0,1","1,2",2
150,11,4,0,2
150,11,2,4,2
150,11,3,[NULL],9990
150,11,6,5,9997
150,11,1,4,9998
151,10,"5,6,7",0,2
151,10,6,1,2
151,10,"3,4","1,2",2
151,10,4,[NULL],9000
151,10,7,[NULL],9994
151,10,1,"5,7",9997
151,10,0,"4,5",9998
151,10,2,3,9998
152,9,0,0,2
152,9,"4,5",2,2
152,9,"1,3",[NULL],9997
152,9,"3,5","7,8",9998
152,9,5,7,9998
152,9,2,5,9998
153,8,1,0,2
153,8,0,2,9998
153,8,2,"6,7",9998
154,7,0,[NULL],9992
155,6,1,3,9996
155,6,0,2,9997
156,5,0,[NULL],9992
156,5,1,2,9998
157,4,0,0,2
158,3,0,1,9998
0,162,0,[NULL],9000
2,160,0,[NULL],9000
6,156,0,[NULL],9000
109,53,0,[NULL],9000
110,52,0,1,3
111,51,0,1,3
111,51,1,[NULL],9000
112,50,0,0,2
113,49,0,0,9998
114,48,0,0,2
115,47,0,0,9998
117,45,1,1,2
117,45,0,0,9998
118,44,0,1,9998
119,43,0,0,2
120,42,1,0,2
120,42,0,0,9998
121,41,0,1,9998
124,38,1,0,2
124,38,0,1,9997
125,37,0,"1,2",9997
126,36,"0,1",0,2
126,36,1,1,3
127,35,1,0,9996
127,35,0,0,9997
128,34,0,2,2
128,34,1,2,3
129,33,1,2,9997
129,33,0,1,9998
130,32,0,2,2
131,31,"0,1,3",0,2
131,31,2,4,2
131,31,3,4,3
131,31,1,1,9998
132,30,0,2,3
132,30,2,0,9997
132,30,1,1,9998
133,29,1,3,2
133,29,0,2,9997
134,28,0,0,2
135,27,0,2,2
136,26,1,2,2
136,26,0,2,9997
137,25,0,1,2
137,25,1,3,9998
138,24,"0,2",0,2
138,24,2,4,2
138,24,1,2,9998
139,23,3,4,2
139,23,"0,2",[NULL],9960
139,23,2,2,9997
139,23,1,"0,5",9998
139,23,4,5,9998
140,22,4,1,2
140,22,2,2,2
140,22,1,[NULL],9000
140,22,3,[NULL],9958
140,22,0,4,9998
140,22,5,6,9998
141,21,0,0,3
141,21,3,[NULL],9000
141,21,2,[NULL],9000
141,21,4,[NULL],9000
141,21,1,3,9998
142,20,5,0,2
142,20,3,0,3
142,20,2,3,3
142,20,4,[NULL],9000
142,20,1,5,9998
142,20,0,"1,5",9998
143,19,2,[NULL],9000
143,19,1,4,9997
143,19,0,"2,4",9998
144,18,2,4,2
144,18,"0,1",2,4
144,18,1,"1,2",4
145,17,3,3,2
145,17,4,0,2
145,17,2,5,9996
145,17,1,2,9997
145,17,0,1,9998
146,16,4,[NULL],9960
146,16,0,2,9995
146,16,"1,3",[NULL],9995
146,16,2,2,9998
146,16,3,4,9998
147,15,6,0,2
147,15,3,[NULL],9000
147,15,2,[NULL],9000
147,15,4,[NULL],9993
147,15,5,[NULL],9993
147,15,0,[NULL],9997
147,15,1,2,9998
148,14,5,2,3
148,14,1,1,4
148,14,3,[NULL],9960
148,14,"0,4",1,9997
148,14,4,4,9998
148,14,2,1,9998
149,13,4,1,2
149,13,5,3,3
149,13,2,[NULL],9993
149,13,3,[NULL],9996
149,13,0,[NULL],9996
149,13,1,[NULL],9996
150,12,"4,5",0,2
150,12,3,2,2
150,12,6,[NULL],9993
150,12,1,[NULL],9993
150,12,7,[NULL],9994
150,12,2,"1,5",9996
150,12,0,[NULL],9996
150,12,5,2,9998
151,11,"7,8","3,5",2
151,11,8,1,2
151,11,5,2,2
151,11,2,[NULL],9989
151,11,3,[NULL],9992
151,11,0,[NULL],9992
151,11,4,4,9997
151,11,6,6,9998
151,11,1,2,9998
152,10,2,0,2
152,10,"6,7",2,2
152,10,0,[NULL],9000
152,10,"4,5",[NULL],9993
152,10,1,[NULL],9993
152,10,"3,7",4,9997
152,10,5,5,9998
152,10,7,4,9998
153,9,2,[NULL],9993
153,9,"0,1",[NULL],9995
153,9,1,2,9998
153,9,3,4,9998
154,8,2,[NULL],9996
154,8,1,[NULL],9996
154,8,0,[NULL],9996
155,7,2,1,2
155,7,1,[NULL],9992
155,7,0,[NULL],9996
156,6,0,[NULL],9993
156,6,1,3,9998
157,5,1,0,2
157,5,0,[NULL],9994
158,4,0,2,9998
0,163,0,[NULL],9000
2,161,0,[NULL],9000
6,157,0,[NULL],9000
109,54,0,[NULL],9000
110,53,0,0,3
111,52,0,[NULL],9000
111,52,1,[NULL],9000
112,51,0,0,2
113,50,0,0,9997
114,49,0,0,2
115,48,0,0,3
116,47,0,0,2
117,46,1,0,2
117,46,0,0,9998
118,45,0,2,9998
119,44,0,0,2
120,43,1,0,2
120,43,0,1,9998
121,42,0,2,9998
125,38,0,0,9996
126,37,0,"1,2",9998
127,36,0,0,9996
128,35,1,0,2
128,35,2,3,3
128,35,0,1,9998
129,34,2,0,9996
129,34,1,"2,3",9998
129,34,0,"1,3",9998
130,33,1,1,2
130,33,0,1,9998
131,32,1,1,2
131,32,0,1,9998
132,31,1,2,3
132,31,2,2,9998
132,31,0,1,9998
133,30,1,0,9997
133,30,0,1,9998
134,29,1,1,9998
134,29,0,0,9998
135,28,1,2,9998
135,28,0,"1,3",9998
136,27,3,1,2
136,27,"0,1",2,4
136,27,2,1,9998
136,27,1,3,9998
137,26,2,1,2
137,26,3,5,9998
137,26,1,1,9998
137,26,0,4,9998
138,25,"0,5",1,2
138,25,5,4,2
138,25,4,1,3
138,25,2,0,9997
138,25,1,3,9998
138,25,3,2,9998
139,24,4,0,2
139,24,6,5,2
139,24,2,0,4
139,24,1,"6,7",9998
139,24,"0,5,7","3,5,7",9998
139,24,7,7,9998
139,24,3,"1,6",9998
139,24,5,3,9998
140,23,3,1,2
140,23,1,0,4
140,23,2,[NULL],9000
140,23,0,1,9998
140,23,4,4,9998
141,22,5,1,2
141,22,1,"0,1",2
141,22,2,3,3
141,22,4,[NULL],9000
141,22,0,1,9996
141,22,3,2,9998
142,21,"2,4",0,2
142,21,4,2,3
142,21,0,[NULL],9000
142,21,1,0,9996
142,21,3,3,9998
143,20,1,[NULL],9000
143,20,3,[NULL],9000
143,20,2,[NULL],9000
143,20,0,"2,4",9998
144,19,1,0,2
144,19,2,0,9997
144,19,0,4,9998
145,18,2,2,2
145,18,4,3,2
145,18,3,[NULL],9995
145,18,1,1,9997
145,18,0,1,9998
146,17,2,1,2
146,17,4,0,3
146,17,"0,1,3",0,9997
146,17,"1,3","2,4",9998
146,17,3,4,9998
147,16,4,4,2
147,16,1,2,2
147,16,3,1,3
147,16,0,0,9997
147,16,2,3,9998
148,15,1,[NULL],9994
148,15,0,"3,6",9998
148,15,3,6,9998
148,15,2,"5,6",9998
149,14,2,5,2
149,14,5,6,3
149,14,1,[NULL],9000
149,14,4,[NULL],9990
149,14,0,[NULL],9996
149,14,3,2,9998
150,13,6,6,2
150,13,2,1,2
150,13,"5,7",1,3
150,13,3,[NULL],9000
150,13,7,[NULL],9989
150,13,1,"0,1,3",9998
150,13,0,"0,1,4",9998
150,13,4,4,9998
151,12,5,5,2
151,12,4,7,2
151,12,0,[NULL],9993
151,12,3,[NULL],9993
151,12,2,4,9997
151,12,1,3,9998
152,11,2,1,2
152,11,4,3,2
152,11,1,[NULL],9000
152,11,0,5,9997
152,11,3,4,9997
153,10,3,[NULL],9992
153,10,1,[NULL],9996
153,10,2,3,9998
153,10,0,[NULL],9998
154,9,2,0,3
154,9,4,1,4
154,9,3,[NULL],9997
154,9,1,[NULL],9997
154,9,0,"2,3",9998
155,8,3,1,2
155,8,"1,2",[NULL],9995
155,8,2,5,9997
155,8,0,2,9998
156,7,2,[NULL],9992
156,7,3,[NULL],9992
156,7,1,[NULL],9992
156,7,0,"2,4",9998
157,6,2,0,2
157,6,0,[NULL],9990
157,6,1,3,9996
158,5,0,2,9997
159,4,0,[NULL],9992
160,3,0,1,9998
0,164,0,[NULL],9000
2,162,0,[NULL],9000
6,158,0,[NULL],9000
109,55,0,[NULL],9000
111,53,0,[NULL],9000
113,51,0,[NULL],9000
114,50,0,1,9998
116,48,0,0,2
117,47,2,0,2
117,47,1,0,9996
117,47,0,0,9998
118,46,"0,1,2",0,4
118,46,"1,2","1,2",9998
118,46,2,2,9998
119,45,1,0,2
119,45,0,1,4
120,44,2,0,2
120,44,0,0,9997
120,44,1,0,9998
121,43,0,0,9996
122,42,0,0,4
123,41,1,0,3
123,41,0,0,4
124,40,"1,2",0,3
124,40,2,0,9996
124,40,0,0,9998
125,39,"1,2",0,2
125,39,2,1,9996
125,39,0,1,9998
126,38,0,0,3
126,38,1,2,4
127,37,1,0,2
127,37,0,0,4
127,37,2,3,9996
128,36,"2,3",1,2
128,36,"1,3",0,2
128,36,3,1,3
128,36,0,0,9998
129,35,1,0,2
129,35,3,2,9996
129,35,0,1,9997
129,35,2,1,9998
130,34,1,0,2
130,34,0,4,4
131,33,2,2,2
131,33,1,0,2
131,33,0,2,3
132,32,1,0,2
132,32,2,0,3
132,32,0,"0,1",9996
133,31,1,1,2
133,31,0,0,2
133,31,2,1,9997
134,30,2,1,2
134,30,"1,3",0,2
134,30,3,3,4
134,30,0,2,9998
135,29,1,2,2
135,29,3,1,2
135,29,2,0,3
135,29,"0,4",0,4
135,29,4,1,9998
136,28,5,3,2
136,28,1,1,2
136,28,4,0,2
136,28,2,0,9996
136,28,"0,3","0,1,2",9998
136,28,3,0,9998
137,27,3,1,2
137,27,2,3,2
137,27,0,[NULL],9000
137,27,1,0,9996
137,27,4,1,9998
138,26,"6,7",1,2
138,26,"3,5,7","0,5,7",2
138,26,7,7,2
138,26,1,"1,3,7",2
138,26,5,0,2
138,26,2,2,3
138,26,0,[NULL],9000
138,26,4,1,9998
139,25,1,0,2
139,25,4,4,2
139,25,0,3,4
139,25,"2,3,5","0,2,3",9998
139,25,5,3,9998
139,25,3,2,9998
140,24,2,3,2
140,24,1,[NULL],9000
140,24,0,0,9996
140,24,3,2,9998
141,23,3,3,2
141,23,0,[NULL],9962
141,23,1,0,9996
141,23,4,1,9998
141,23,2,2,9998
142,22,"2,4",0,2
142,22,4,1,3
142,22,1,4,7
142,22,0,2,9997
142,22,3,0,9998
143,21,4,0,2
143,21,2,[NULL],9000
143,21,"1,3",[NULL],9963
143,21,3,0,9996
143,21,0,3,9997
144,20,1,0,2
144,20,2,1,3
144,20,"3,4",0,9996
144,20,4,3,9998
144,20,0,2,9998
145,19,"2,4",0,2
145,19,4,"0,1",2
145,19,3,[NULL],9962
145,19,0,3,9998
145,19,1,2,9998
146,18,3,2,2
146,18,"0,2,4",[NULL],9962
146,18,1,[NULL],9962
146,18,4,3,9997
146,18,2,"0,3,4",9997
147,17,"3,6",0,2
147,17,6,3,2
147,17,5,"2,3",2
147,17,1,"0,1,4",3
147,17,4,[NULL],9995
147,17,0,0,9997
147,17,2,2,9998
148,16,2,3,2
148,16,0,3,9996
148,16,3,[NULL],9996
148,16,1,[NULL],9996
148,16,4,2,9997
149,15,"0,1,3",1,2
149,15,"3,4","0,1",2
149,15,4,4,2
149,15,2,[NULL],9000
149,15,1,2,9998
150,14,3,1,2
150,14,4,4,3
150,14,1,[NULL],9990
150,14,2,[NULL],9993
150,14,0,3,9998
151,13,4,"3,7",3
151,13,2,[NULL],9991
151,13,3,[NULL],9994
151,13,1,[NULL],9994
151,13,0,6,9998
152,12,3,2,2
152,12,2,[NULL],9983
152,12,5,[NULL],9995
152,12,1,1,9996
152,12,4,1,9997
152,12,0,2,9998
153,11,"2,3",0,2
153,11,3,[NULL],9993
153,11,1,2,9997
153,11,0,3,9998
154,10,2,0,2
154,10,3,1,4
154,10,1,[NULL],9995
154,10,0,2,9997
155,9,"2,4",0,2
155,9,"3,4",[NULL],9991
155,9,0,[NULL],9991
155,9,4,5,9997
155,9,1,4,9998
156,8,3,[NULL],9991
156,8,"1,2",[NULL],9993
156,8,0,6,9998
156,8,4,"4,6",9998
156,8,2,"5,6",9998
157,7,2,[NULL],9000
157,7,4,[NULL],9995
157,7,3,[NULL],9995
157,7,0,3,9996
157,7,1,[NULL],9996
158,6,3,[NULL],9993
158,6,0,[NULL],9995
158,6,2,[NULL],9995
158,6,4,5,9997
158,6,1,0,9998
159,5,1,0,2
159,5,2,[NULL],9990
159,5,0,1,9998
160,4,0,[NULL],9995
160,4,1,0,9998
161,3,0,[NULL],9993
0,165,0,[NULL],9000
2,163,0,[NULL],9000
6,159,0,[NULL],9000
111,54,0,[NULL],9000
112,53,0,0,3
113,52,1,0,2
113,52,0,[NULL],9000
114,51,0,1,9998
116,49,0,0,2
117,48,"1,2","1,2",2
117,48,2,2,2
117,48,0,0,9998
118,47,0,1,9998
119,46,0,1,2
120,45,0,1,9998
123,42,0,0,2
124,41,1,0,2
124,41,0,0,9998
125,40,0,1,9998
126,39,0,1,4
127,38,0,0,2
127,38,1,2,9996
128,37,1,2,2
128,37,0,"3,4",9997
128,37,2,"2,3,4",9997
129,36,0,0,9996
132,33,0,1,3
133,32,2,0,2
133,32,1,2,9997
133,32,0,0,9997
134,31,1,4,2
134,31,0,"0,3",9997
135,30,"0,1,2","0,3",2
135,30,"1,2",0,2
135,30,2,"0,2",9997
136,29,1,4,2
136,29,0,1,9998
137,28,1,4,2
137,28,0,2,3
137,28,2,2,9998
138,27,"0,2,3","2,3,5",2
138,27,3,5,2
138,27,2,3,2
138,27,1,2,9998
139,26,2,3,2
139,26,3,2,9997
139,26,"0,1","2,4",9998
139,26,1,4,9998
140,25,1,4,2
140,25,2,2,2
140,25,0,2,9997
141,24,0,3,2
141,24,1,2,9998
142,23,0,4,9998
143,22,3,4,2
143,22,2,0,2
143,22,0,2,3
143,22,1,[NULL],9000
144,21,3,0,2
144,21,2,"1,2",2
144,21,1,1,3
144,21,5,2,4
144,21,0,2,9998
144,21,4,3,9998
145,20,0,"0,1,3",3
145,20,1,2,9998
146,19,2,2,2
146,19,0,0,3
146,19,1,1,9997
147,18,0,0,9996
147,18,2,[NULL],9996
147,18,1,"2,4",9997
147,18,3,5,9998
148,17,2,1,2
148,17,"0,1,3",[NULL],9963
148,17,"1,3",[NULL],9963
148,17,3,6,9997
149,16,3,0,2
149,16,"1,5",2,4
149,16,2,[NULL],9963
149,16,"4,5",[NULL],9996
149,16,"0,5",[NULL],9996
149,16,5,2,9998
150,15,6,0,2
150,15,4,2,3
150,15,0,0,9996
150,15,5,0,9997
150,15,3,3,9998
150,15,2,"5,6",9998
150,15,1,"3,4,5,6",9998
151,14,2,0,2
151,14,5,0,3
151,14,4,3,3
151,14,3,2,9996
151,14,1,1,9997
151,14,0,2,9998
152,13,3,0,2
152,13,4,[NULL],9994
152,13,2,2,9997
152,13,0,2,9998
152,13,1,0,9998
153,12,3,[NULL],9000
153,12,"0,2",[NULL],9994
153,12,1,2,9997
153,12,2,1,9998
154,11,4,1,2
154,11,5,2,3
154,11,"2,3",[NULL],9992
154,11,1,1,9995
154,11,0,0,9998
154,11,3,3,9998
155,10,6,0,2
155,10,4,"0,4",2
155,10,5,"0,2",2
155,10,"2,3",[NULL],9992
155,10,3,[NULL],9992
155,10,0,[NULL],9992
155,10,1,"4,5",9998
156,9,5,[NULL],9988
156,9,2,[NULL],9994
156,9,3,[NULL],9994
156,9,1,[NULL],9994
156,9,"0,4",[NULL],9994
156,9,4,5,9998
157,8,0,1,2
157,8,2,0,3
157,8,1,[NULL],9995
158,7,1,0,2
158,7,0,[NULL],9996
158,7,2,6,9997
159,6,0,1,2
159,6,"1,2",[NULL],9995
159,6,2,3,9997
160,5,1,[NULL],9992
160,5,0,3,9998
161,4,0,[NULL],9989
0,166,0,[NULL],9000
2,164,0,[NULL],9000
6,160,0,[NULL],9000
111,55,0,[NULL],9000
112,54,0,[NULL],9000
113,53,1,0,2
113,53,0,[NULL],9000
114,52,0,1,9998
116,50,0,0,2
117,49,1,0,2
117,49,0,1,9998
118,48,0,1,9996
119,47,1,0,2
119,47,0,0,3
120,46,0,0,9998
123,43,0,0,2
124,42,1,0,2
124,42,0,0,4
125,41,0,2,9998
126,40,0,0,4
127,39,1,2,9996
127,39,0,"1,2",9998
128,38,1,0,3
128,38,0,2,4
129,37,1,0,9996
129,37,0,1,9998
130,36,0,"0,2",9998
131,35,0,1,9998
132,34,1,2,3
132,34,0,2,9998
133,33,1,0,9997
133,33,0,1,9998
134,32,1,1,9997
134,32,0,1,9998
135,31,1,0,2
135,31,0,1,9998
136,30,2,2,2
136,30,1,2,9998
136,30,0,1,9998
137,29,2,1,2
137,29,0,1,9998
137,29,1,2,9998
138,28,"2,4","0,1",2
138,28,4,1,2
138,28,3,3,9998
138,28,1,2,9998
138,28,0,"1,4",9998
139,27,"2,3","3,6",9998
139,27,3,6,9998
139,27,1,1,9998
139,27,0,5,9998
140,26,2,1,2
140,26,1,0,4
140,26,0,1,9998
141,25,4,0,2
141,25,2,0,3
141,25,0,1,4
141,25,3,2,9998
141,25,1,1,9998
142,24,3,0,3
142,24,2,[NULL],9964
142,24,0,"0,1,2",9996
142,24,1,"0,2",9998
143,23,2,0,2
143,23,3,4,2
143,23,0,[NULL],9000
143,23,1,1,9996
144,22,2,1,2
144,22,0,[NULL],9000
144,22,1,[NULL],9964
144,22,3,1,9998
145,21,3,4,3
145,21,"0,4","2,4",3
145,21,2,0,5
145,21,"1,4",1,9998
145,21,4,3,9998
146,20,5,3,2
146,20,0,0,3
146,20,1,[NULL],9000
146,20,2,1,9996
146,20,3,"0,1,5",9997
146,20,4,3,9998
147,19,2,4,3
147,19,1,"3,8",9997
147,19,"0,3",[NULL],9997
147,19,3,4,9998
148,18,2,5,2
148,18,"0,1",[NULL],9964
148,18,3,[NULL],9995
148,18,1,"2,3",9997
149,17,3,3,2
149,17,"5,6",2,2
149,17,4,"1,2,3",2
149,17,6,5,9996
149,17,0,"0,4,5",9998
149,17,1,[NULL],9998
149,17,2,[NULL],9998
150,16,2,"0,3",2
150,16,0,[NULL],9991
150,16,1,2,9998
150,16,3,4,9998
151,15,2,0,2
151,15,0,1,2
151,15,1,4,3
152,14,1,2,2
152,14,2,1,3
152,14,4,[NULL],9985
152,14,0,[NULL],9995
152,14,3,3,9998
153,13,0,0,2
153,13,3,3,2
153,13,2,0,3
153,13,1,[NULL],9994
154,12,"4,5",1,2
154,12,5,3,3
154,12,"0,2",[NULL],9993
154,12,1,[NULL],9993
154,12,3,[NULL],9993
154,12,2,3,9998
155,11,5,0,2
155,11,3,[NULL],9989
155,11,1,[NULL],9993
155,11,2,3,9997
155,11,0,7,9998
155,11,4,5,9998
156,10,3,1,4
156,10,2,[NULL],9992
156,10,"0,4",[NULL],9995
156,10,4,6,9998
156,10,1,2,9998
157,9,5,4,3
157,9,4,[NULL],9993
157,9,3,[NULL],9996
157,9,2,[NULL],9996
157,9,1,[NULL],9997
157,9,0,[NULL],9997
158,8,"3,4",[NULL],9000
158,8,4,[NULL],9991
158,8,6,7,9997
158,8,2,[NULL],9997
158,8,1,4,9998
158,8,"0,5","3,4",9998
158,8,5,5,9998
159,7,3,0,2
159,7,2,[NULL],9989
159,7,4,[NULL],9991
159,7,"0,5",[NULL],9996
159,7,5,5,9997
159,7,1,"2,3",9998
160,6,3,[NULL],9992
160,6,2,2,9997
160,6,1,[NULL],9997
160,6,0,0,9998
161,5,0,1,9998
163,3,0,0,9998
0,167,0,[NULL],9000
2,165,0,[NULL],9000
6,161,0,[NULL],9000
111,56,0,[NULL],9000
113,54,1,0,2
113,54,0,[NULL],9000
116,51,1,0,2
116,51,0,1,4
117,50,1,0,9998
117,50,0,1,9998
119,48,0,0,2
120,47,0,0,4
120,47,1,0,9998
121,46,0,0,9998
122,45,0,0,9996
123,44,0,2,4
124,43,2,0,2
124,43,1,2,4
124,43,0,0,9998
125,42,0,0,9996
125,42,1,1,9998
126,41,"1,2",0,2
126,41,3,2,4
126,41,2,0,9996
126,41,0,0,9997
127,40,"3,4",0,3
127,40,2,"0,2",3
127,40,4,2,9996
127,40,"0,1",0,9998
127,40,1,1,9998
128,39,1,0,2
128,39,2,3,4
128,39,0,"2,3",9998
129,38,"0,2",0,2
129,38,1,1,9996
129,38,2,0,9996
130,37,1,0,2
130,37,0,0,9996
131,36,2,0,2
131,36,"0,1",0,4
131,36,1,0,9998
132,35,1,0,2
132,35,2,1,3
132,35,0,0,3
133,34,1,0,2
133,34,"0,3",0,3
133,34,2,2,9997
133,34,3,1,9997
134,33,1,0,2
134,33,"0,2",2,3
134,33,2,0,9996
135,32,2,1,2
135,32,1,0,2
135,32,0,2,4
136,31,1,0,2
136,31,2,1,2
136,31,0,1,4
136,31,3,0,9998
137,30,3,3,2
137,30,2,1,2
137,30,"1,4",0,2
137,30,4,0,9996
137,30,0,1,9998
138,29,"3,6","2,3",2
138,29,6,3,2
138,29,1,1,2
138,29,5,0,2
138,29,2,3,3
138,29,0,1,9997
138,29,4,0,9998
138,29,7,2,9998
139,28,1,0,2
139,28,2,0,3
139,28,0,0,4
139,28,3,0,9998
140,27,2,3,2
140,27,1,1,2
140,27,0,1,4
141,26,"0,2",1,2
141,26,2,3,9996
141,26,1,[NULL],9996
142,25,0,3,4
142,25,1,"1,3",9996
143,24,1,3,2
143,24,0,"3,4",4
144,23,1,"1,4",2
144,23,3,0,2
144,23,0,[NULL],9000
144,23,2,[NULL],9000
144,23,4,2,9998
145,22,3,4,2
145,22,1,1,3
145,22,2,"1,2",9996
145,22,0,3,9998
146,21,4,0,2
146,21,2,1,3
146,21,3,5,9998
146,21,1,3,9998
146,21,0,4,9998
147,20,6,3,3
147,20,3,0,4
147,20,4,[NULL],9965
147,20,"2,5,7",[NULL],9965
147,20,5,"2,5",9997
147,20,"0,1",0,9997
147,20,7,8,9998
147,20,1,"6,8",9998
148,19,"0,4,5",0,2
148,19,5,[NULL],2
148,19,3,[NULL],9965
148,19,4,1,9997
148,19,2,[NULL],9997
148,19,1,"4,5,6",9998
149,18,2,1,2
149,18,4,3,2
149,18,0,5,3
149,18,3,[NULL],9965
149,18,1,2,9998
150,17,1,1,3
150,17,2,"1,3",9997
150,17,0,3,9998
151,16,3,3,2
151,16,2,2,3
151,16,1,1,4
151,16,0,"3,4",9998
152,15,2,"0,1,2",3
152,15,1,[NULL],9994
152,15,0,4,9998
153,14,3,2,2
153,14,2,2,9997
153,14,0,[NULL],9997
153,14,1,[NULL],9997
154,13,7,0,2
154,13,5,4,2
154,13,4,[NULL],9996
154,13,3,[NULL],9996
154,13,2,3,9997
154,13,0,"5,6",9998
154,13,6,6,9998
154,13,1,[NULL],9998
155,12,6,4,2
155,12,2,1,2
155,12,1,1,9997
155,12,"3,4,5",2,9997
155,12,"4,5",8,9998
155,12,5,6,9998
155,12,0,"4,6",9998
156,11,3,0,4
156,11,6,[NULL],9995
156,11,4,[NULL],9995
156,11,5,[NULL],9996
156,11,"0,1,2",[NULL],9996
156,11,2,2,9997
156,11,1,2,9998
157,10,4,1,2
157,10,3,"0,1,5",2
157,10,5,5,2
157,10,6,2,3
157,10,2,"3,5",9997
157,10,0,4,9998
157,10,1,"3,4",9998
158,9,"2,3",1,2
158,9,3,1,3
158,9,4,"9,11",9996
158,9,1,6,9998
158,9,0,3,9998
159,8,0,0,2
159,8,1,[NULL],9994
159,8,2,"4,5",9998
160,7,1,0,2
160,7,2,1,9997
160,7,0,1,9998
161,6,"0,1",2,9997
161,6,1,1,9998
162,5,0,0,2
163,4,0,1,9998
0,168,0,[NULL],9000
2,166,0,[NULL],9000
6,162,0,[NULL],9000
113,55,0,[NULL],9000
113,55,1,[NULL],9000
116,52,0,1,2
116,52,1,0,2
117,51,1,1,9998
117,51,0,0,9998
119,49,0,1,2
120,48,0,0,2
123,45,0,0,2
124,44,1,1,2
124,44,0,0,9998
125,43,0,1,9998
126,42,0,"0,1",2
126,42,1,1,2
126,42,2,1,4
127,41,"2,3",0,2
127,41,3,2,9996
127,41,0,0,9998
127,41,1,1,9998
128,40,0,0,4
128,40,1,"2,3",9998
129,39,0,0,9996
130,38,0,1,2
132,36,0,1,3
133,35,1,1,3
133,35,0,"0,1",9996
134,34,0,2,9998
135,33,0,3,2
136,32,1,0,2
136,32,0,"0,2",9997
137,31,0,4,2
137,31,2,7,2
137,31,1,"0,2",9997
138,30,0,3,2
138,30,1,2,9997
139,29,0,1,9998
143,25,2,4,2
143,25,"0,1",0,9997
143,25,1,3,9998
144,24,3,0,2
144,24,2,[NULL],9000
144,24,"0,1",[NULL],9000
144,24,1,2,9997
144,24,4,4,9998
145,23,5,3,2
145,23,3,1,2
145,23,4,0,2
145,23,"0,1",3,3
145,23,2,[NULL],9000
145,23,1,2,9998
146,22,8,7,2
146,22,6,"1,2,3",2
146,22,3,1,3
146,22,0,0,4
146,22,5,[NULL],9966
146,22,2,0,9997
146,22,7,5,9998
146,22,"1,4","2,4",9998
146,22,4,4,9998
147,21,"4,5,6",1,2
147,21,"2,3",1,3
147,21,5,[NULL],9000
147,21,3,[NULL],9000
147,21,1,[NULL],9966
147,21,6,5,9998
147,21,0,"4,5",9998
148,20,2,1,2
148,20,1,[NULL],9000
148,20,"0,3",4,9997
148,20,3,"4,5",9998
149,19,3,0,2
149,19,0,0,4
149,19,1,[NULL],9995
149,19,2,3,9998
150,18,"3,4",0,2
150,18,2,3,4
150,18,0,2,9994
150,18,4,3,9997
150,18,1,2,9997
150,18,5,3,9998
151,17,4,0,2
151,17,3,[NULL],9995
151,17,2,[NULL],9995
151,17,"0,1",[NULL],9995
151,17,1,3,9997
152,16,2,[NULL],9987
152,16,1,[NULL],9995
152,16,0,0,9998
152,16,3,1,9998
153,15,"5,6",0,2
153,15,6,6,2
153,15,3,[NULL],2
153,15,4,[NULL],9000
153,15,0,[NULL],9994
153,15,2,2,9997
153,15,1,"2,3",9998
154,14,8,"4,5",2
154,14,6,5,2
154,14,4,"0,5",2
154,14,3,2,3
154,14,5,[NULL],9991
154,14,1,"6,7",9996
154,14,7,0,9997
154,14,2,[NULL],9997
154,14,0,2,9998
155,13,2,1,2
155,13,0,[NULL],9991
155,13,1,[NULL],9995
155,13,4,6,9997
155,13,3,4,9998
156,12,4,0,2
156,12,3,"0,1",2
156,12,5,[NULL],9991
156,12,1,[NULL],9993
156,12,0,[NULL],9994
156,12,2,5,9997
157,11,6,1,2
157,11,3,0,2
157,11,7,6,3
157,11,2,[NULL],9989
157,11,5,[NULL],9991
157,11,1,[NULL],9993
157,11,4,8,9997
157,11,0,5,9998
158,10,"4,5",2,2
158,10,5,0,3
158,10,6,"7,9",9996
158,10,"2,3",[NULL],9996
158,10,"0,3",[NULL],9996
158,10,3,3,9997
158,10,1,7,9998
159,9,1,0,2
159,9,2,2,3
159,9,3,[NULL],9992
159,9,4,3,9997
159,9,0,4,9998
160,8,1,0,2
160,8,4,[NULL],9000
160,8,5,[NULL],9991
160,8,3,[NULL],9994
160,8,0,[NULL],9996
160,8,2,4,9997
161,7,6,[NULL],9990
161,7,5,[NULL],9994
161,7,"3,4",[NULL],9995
161,7,"0,2",[NULL],9995
161,7,"2,4",[NULL],9995
161,7,1,1,9996
161,7,4,4,9998
162,6,1,0,2
162,6,3,[NULL],9986
162,6,0,[NULL],9996
162,6,2,"2,3",9998
163,5,0,[NULL],9995
163,5,1,[NULL],9996
164,4,0,[NULL],9996
164,4,1,1,9998
165,3,0,"4,5",9996
0,169,0,[NULL],9000
2,167,0,[NULL],9000
6,163,0,[NULL],9000
113,56,0,[NULL],9000
116,53,1,1,2
116,53,0,0,2
117,52,1,0,4
117,52,0,[NULL],9000
123,46,0,0,2
124,45,1,0,2
124,45,0,1,9998
125,44,0,0,3
125,44,1,2,9998
126,43,0,0,2
126,43,1,1,2
126,43,2,1,4
127,42,"2,3",1,2
127,42,3,1,9996
127,42,1,"0,1",9997
127,42,0,1,9998
128,41,0,1,4
129,40,0,0,9996
130,39,0,1,9998
131,38,0,"1,2",9998
132,37,2,2,3
132,37,1,3,3
132,37,0,1,9998
133,36,2,0,2
133,36,1,"0,1",9996
133,36,0,1,9998
134,35,0,1,9998
134,35,1,3,9998
135,34,0,1,9998
136,33,1,0,9997
136,33,0,1,9998
137,32,1,0,3
137,32,0,1,9998
138,31,1,0,2
138,31,0,1,9998
139,30,0,0,9998
140,29,0,2,9998
140,29,1,1,9998
141,28,"0,1,2",0,4
141,28,2,"3,5",9998
141,28,3,2,9998
141,28,1,"3,4",9998
142,27,3,0,2
142,27,1,1,4
142,27,0,2,9998
142,27,2,0,9998
143,26,4,4,2
143,26,3,[NULL],9000
143,26,1,0,9997
143,26,2,3,9998
143,26,0,"2,4",9998
144,25,2,1,2
144,25,1,"0,2",9996
144,25,3,4,9998
144,25,0,0,9998
145,24,5,7,2
145,24,"2,4","1,4",2
145,24,4,4,2
145,24,1,2,4
145,24,3,3,9998
145,24,0,0,9998
146,23,5,6,2
146,23,4,"0,6",2
146,23,2,5,3
146,23,0,"0,1",3
146,23,"1,3","1,3",9998
146,23,3,3,9998
147,22,"4,5",3,2
147,22,1,4,3
147,22,2,[NULL],9000
147,22,0,1,9996
147,22,5,4,9998
147,22,3,"3,4",9998
148,21,3,2,2
148,21,5,6,4
148,21,4,[NULL],9967
148,21,"0,1",[NULL],9967
148,21,1,1,9996
148,21,2,3,9998
149,20,3,5,2
149,20,1,2,3
149,20,0,0,9997
149,20,2,4,9998
150,19,1,[NULL],9000
150,19,0,0,9997
151,18,0,0,2
151,18,1,3,2
152,17,"2,3",1,2
152,17,3,2,3
152,17,1,4,9998
152,17,0,"2,3",9998
153,16,2,0,2
153,16,3,2,3
153,16,1,1,5
153,16,0,3,9997
154,15,4,3,2
154,15,1,1,3
154,15,2,"3,4,5",3
154,15,3,[NULL],9000
154,15,0,3,9998
155,14,2,2,3
155,14,1,"2,9",9997
155,14,"0,3",[NULL],9997
155,14,3,7,9998
156,13,5,0,2
156,13,3,2,3
156,13,6,[NULL],9992
156,13,4,1,9997
156,13,0,[NULL],9997
156,13,2,[NULL],9997
156,13,1,6,9998
157,12,7,1,2
157,12,5,[NULL],9990
157,12,"4,8",[NULL],9996
157,12,"0,8",[NULL],9996
157,12,8,6,9997
157,12,1,"0,4",9998
157,12,2,6,9998
157,12,3,9,9998
157,12,6,4,9998
158,11,4,0,2
158,11,"6,7",[NULL],9990
158,11,5,[NULL],9990
158,11,7,4,9996
158,11,"0,1",[NULL],9996
158,11,1,[NULL],9996
158,11,2,7,9998
158,11,3,"7,10",9998
159,10,1,2,3
159,10,5,[NULL],9992
159,10,4,[NULL],9993
159,10,0,"4,5",9998
159,10,3,8,9998
159,10,2,"7,9",9998
160,9,4,4,2
160,9,2,"0,1",3
160,9,1,[NULL],9996
160,9,3,2,9997
160,9,0,[NULL],9997
161,8,"2,3",2,2
161,8,3,[NULL],9993
161,8,1,5,9996
161,8,0,[NULL],9996
162,7,0,6,9998
163,6,1,1,2
163,6,0,[NULL],9992
164,5,0,0,9998
164,5,1,2,9998
165,4,0,7,9996
0,170,0,[NULL],9000
2,168,0,[NULL],9000
6,164,0,[NULL],9000
113,57,0,[NULL],9000
117,53,0,[NULL],9000
119,51,0,0,9997
120,50,0,0,9998
121,49,0,0,4
122,48,0,0,9998
123,47,1,0,2
123,47,0,0,9996
124,46,2,1,2
124,46,0,0,4
124,46,1,0,9998
125,45,0,2,4
126,44,1,0,2
126,44,2,4,4
126,44,0,0,9996
127,43,2,2,9996
127,43,0,0,9996
127,43,1,1,9998
128,42,1,1,4
128,42,0,2,4
129,41,1,0,2
129,41,0,0,4
129,41,2,1,9996
130,40,"1,2",0,2
130,40,2,1,9996
130,40,0,1,9998
131,39,1,0,2
131,39,"0,2",0,9997
131,39,2,1,9998
132,38,1,0,2
132,38,0,"0,1",9998
133,37,1,0,2
133,37,3,1,2
133,37,0,0,4
133,37,2,2,9996
134,36,1,0,2
134,36,0,"0,1",9997
134,36,2,1,9998
135,35,1,0,2
135,35,"0,2",0,3
135,35,2,"1,3",9996
136,34,1,0,2
136,34,"0,2",1,3
136,34,2,4,4
137,33,1,0,2
137,33,2,1,3
137,33,0,1,9998
138,32,0,0,2
138,32,1,0,9996
139,31,2,0,2
139,31,1,1,2
139,31,0,0,9997
140,30,"3,5",2,2
140,30,2,3,2
140,30,"4,5","1,2",2
140,30,5,2,4
140,30,"0,1",[NULL],9968
140,30,1,0,9998
141,29,2,0,2
141,29,0,2,2
141,29,"1,3",1,4
141,29,3,0,9998
142,28,3,2,2
142,28,"2,4",0,2
142,28,0,"0,1",3
142,28,4,3,9996
142,28,1,1,9997
143,27,4,3,2
143,27,0,0,2
143,27,2,1,3
143,27,1,0,9996
143,27,3,1,9998
144,26,3,3,2
144,26,0,0,2
144,26,"1,2",2,4
144,26,2,[NULL],9000
144,26,4,1,9998
145,25,"1,3","1,3",2
145,25,3,3,2
145,25,0,2,3
145,25,2,0,9998
146,24,4,5,2
146,24,3,"3,5",2
146,24,0,"3,5,6",9997
146,24,"1,2","0,2",9998
146,24,2,2,9998
147,23,3,2,2
147,23,4,"0,3",3
147,23,"1,2",[NULL],17
147,23,2,1,9996
147,23,0,2,9997
148,22,4,2,2
148,22,2,[NULL],9000
148,22,0,[NULL],9000
148,22,1,0,9996
148,22,3,0,9998
149,21,3,4,3
149,21,2,1,3
149,21,0,[NULL],9000
149,21,1,[NULL],9000
149,21,4,2,9998
150,20,3,0,3
150,20,1,1,9997
150,20,2,1,9998
150,20,0,3,9998
151,19,4,1,2
151,19,"2,3",0,2
151,19,0,[NULL],9991
151,19,3,[NULL],9991
151,19,1,2,9998
151,19,5,3,9998
152,18,2,2,3
152,18,0,[NULL],9989
152,18,"1,3",1,9997
152,18,3,0,9998
153,17,3,0,2
153,17,0,7,3
153,17,2,[NULL],4
153,17,4,3,9997
153,17,1,"0,1,3",9998
154,16,7,0,2
154,16,6,4,3
154,16,4,[NULL],9993
154,16,0,[NULL],9993
154,16,3,4,9998
154,16,2,"3,4,5",9998
154,16,1,5,9998
154,16,5,"6,8",9998
155,15,6,1,2
155,15,5,2,3
155,15,"2,4",[NULL],9993
155,15,"1,3",[NULL],9995
155,15,4,0,9996
155,15,8,9,9998
155,15,3,6,9998
155,15,7,8,9998
155,15,0,[NULL],9998
156,14,"0,4",1,2
156,14,6,2,2
156,14,9,3,2
156,14,4,6,2
156,14,8,4,3
156,14,2,[NULL],9000
156,14,1,[NULL],9989
156,14,3,3,9997
156,14,7,3,9998
156,14,5,2,9998
157,13,7,2,2
157,13,10,"0,1,2,3",2
157,13,3,3,3
157,13,"9,11",4,4
157,13,2,[NULL],9975
157,13,11,[NULL],9995
157,13,"0,1",[NULL],9995
157,13,"4,5,6",6,9996
157,13,1,5,9997
157,13,"5,6,8","3,7",9998
157,13,8,7,9998
157,13,6,5,9998
158,12,"4,5",0,2
158,12,8,3,2
158,12,"7,9",2,2
158,12,3,4,3
158,12,5,[NULL],9995
158,12,1,[NULL],9995
158,12,10,7,9996
158,12,"0,9",[NULL],9996
158,12,2,"2,3",9997
158,12,9,8,9998
158,12,6,6,9998
159,11,4,2,3
159,11,5,[NULL],9989
159,11,3,3,9997
159,11,"2,7",[NULL],9997
159,11,"1,6",[NULL],9997
159,11,0,"1,4",9998
159,11,6,"4,5",9998
159,11,7,4,9998
160,10,6,[NULL],9993
160,10,3,[NULL],9993
160,10,"4,5",[NULL],9993
160,10,"1,5",[NULL],9993
160,10,2,"3,5",9996
160,10,5,2,9997
160,10,0,[NULL],9998
161,9,6,0,2
161,9,5,[NULL],9993
161,9,2,[NULL],9993
161,9,"0,4",[NULL],9997
161,9,4,4,9998
161,9,1,"0,3,4",9998
161,9,3,3,9998
162,8,2,[NULL],9993
162,8,1,[NULL],9996
162,8,4,6,9998
162,8,3,5,9998
162,8,0,[NULL],9998
163,7,0,0,2
163,7,2,1,2
163,7,1,5,9997
164,6,"1,2",[NULL],9994
164,6,0,6,9997
164,6,2,4,9998
165,5,0,[NULL],9990
165,5,1,[NULL],9992
166,4,0,[NULL],9991
0,171,0,[NULL],9000
2,169,0,[NULL],9000
6,165,0,[NULL],9000
115,56,0,[NULL],9000
117,54,0,[NULL],9000
119,52,0,0,2
120,51,0,0,9998
121,50,0,0,2
123,48,0,1,2
124,47,0,0,9998
126,45,1,1,2
126,45,0,1,3
126,45,2,3,4
127,44,1,0,9996
127,44,0,0,9998
128,43,0,0,4
129,42,1,0,2
129,42,0,0,9996
130,41,1,2,2
130,41,0,1,9998
131,40,"0,1",0,2
131,40,1,0,9997
132,39,"0,1",0,4
132,39,1,1,9998
133,38,1,2,2
133,38,0,1,9996
134,37,0,3,9998
135,36,0,1,3
136,35,1,0,2
136,35,0,1,9998
137,34,0,2,9998
139,32,0,1,2
140,31,0,3,2
141,30,0,2,9997
142,29,1,3,2
142,29,0,1,3
143,28,1,4,2
143,28,0,2,9998
144,27,0,2,2
145,26,"0,2","1,2",2
145,26,2,2,2
145,26,1,3,9998
146,25,0,[NULL],9969
146,25,"1,2","3,6",9998
146,25,2,6,9998
147,24,0,3,2
148,23,2,4,2
148,23,0,0,3
148,23,1,2,9998
149,22,1,2,2
149,22,3,0,2
149,22,0,0,3
149,22,2,[NULL],9969
150,21,2,1,2
150,21,3,5,2
150,21,0,"1,2",9997
150,21,1,2,9998
151,20,0,3,2
151,20,1,[NULL],9997
151,20,2,3,9998
152,19,"0,1,3",1,2
152,19,3,0,3
152,19,2,[NULL],9969
152,19,1,0,9995
153,18,4,3,2
153,18,"3,5","2,3",2
153,18,5,1,2
153,18,"6,8",5,2
153,18,"7,8",1,4
153,18,2,[NULL],9992
153,18,8,5,9997
153,18,0,2,9998
153,18,1,"1,2",9998
154,17,9,8,2
154,17,6,3,2
154,17,8,7,2
154,17,2,1,3
154,17,"1,5",[NULL],9994
154,17,"3,4",[NULL],9994
154,17,4,"3,7",9997
154,17,5,"3,4",9998
154,17,7,"3,5",9998
154,17,0,[NULL],9998
155,16,3,7,2
155,16,2,5,2
155,16,1,4,3
155,16,5,[NULL],9969
155,16,4,[NULL],9969
155,16,0,[NULL],9994
156,15,"3,7","5,6,8",2
156,15,7,8,2
156,15,5,6,2
156,15,6,0,3
156,15,2,[NULL],9994
156,15,1,[NULL],9995
156,15,4,"1,5",9997
156,15,0,2,9997
157,14,8,9,2
157,14,6,6,2
157,14,"7,9",6,4
157,14,9,[NULL],9976
157,14,1,[NULL],9994
157,14,2,[NULL],9996
157,14,5,[NULL],9996
157,14,3,1,9997
157,14,0,"3,5,7",9998
157,14,4,7,9998
158,13,"1,4","0,1,6",2
158,13,"4,5",6,2
158,13,5,"6,7",2
158,13,0,[NULL],9984
158,13,6,5,9996
158,13,2,[NULL],9996
158,13,3,[NULL],9996
159,12,2,3,3
159,12,3,[NULL],9995
159,12,0,[NULL],9995
159,12,1,3,9997
160,11,4,0,2
160,11,"0,3","0,1",2
160,11,3,3,2
160,11,1,1,4
160,11,2,3,9996
161,10,6,4,2
161,10,5,3,2
161,10,3,[NULL],9000
161,10,4,[NULL],9994
161,10,"1,2",[NULL],9996
161,10,2,2,9997
161,10,0,"1,4,5,7,8",9998
162,9,3,[NULL],9989
162,9,4,[NULL],9994
162,9,2,[NULL],9996
162,9,0,[NULL],9996
162,9,1,"2,5",9998
163,8,4,2,2
163,8,"1,2",[NULL],9995
163,8,2,[NULL],9996
163,8,3,4,9997
163,8,0,[NULL],9997
164,7,"4,5",0,4
164,7,5,[NULL],9994
164,7,2,3,9997
164,7,1,2,9997
164,7,0,[NULL],9997
164,7,3,7,9998
165,6,2,[NULL],9991
165,6,1,[NULL],9992
165,6,0,3,9998
166,5,"0,1",[NULL],9995
166,5,1,3,9998
167,4,0,"2,3",9996
0,172,0,[NULL],9000
2,170,0,[NULL],9000
6,166,0,[NULL],9000
115,57,0,[NULL],9000
117,55,0,[NULL],9000
118,54,0,0,3
119,53,0,0,2
120,52,0,0,9997
123,49,0,0,2
124,48,0,1,9998
126,46,0,0,2
126,46,1,3,4
127,45,1,0,9996
127,45,0,1,9998
128,44,0,0,4
129,43,1,0,2
129,43,0,0,9996
130,42,0,"0,2",3
131,41,1,1,2
131,41,0,1,9998
132,40,"0,1",1,4
132,40,1,2,9998
133,39,3,0,2
133,39,"0,1",0,3
133,39,2,0,9996
133,39,1,1,9998
134,38,"1,2","1,3,4",9998
134,38,0,"4,5",9998
134,38,3,5,9998
134,38,2,"1,4",9998
135,37,1,0,2
135,37,0,2,9998
136,36,2,0,2
136,36,1,2,9998
136,36,0,1,9998
137,35,0,1,9998
138,34,0,0,3
138,34,1,1,9998
139,33,1,1,9998
139,33,0,0,9998
140,32,1,2,9998
140,32,0,"1,3",9998
141,31,1,1,3
141,31,0,1,9998
142,30,2,0,2
142,30,0,1,9998
142,30,1,2,9998
143,29,"0,2",1,4
143,29,3,"3,4",9998
143,29,2,2,9998
143,29,1,1,9998
144,28,3,1,2
144,28,1,"2,4",9998
144,28,2,1,9998
144,28,0,"3,4",9998
145,27,"3,6","1,2",2
145,27,6,2,2
145,27,5,0,3
145,27,1,1,9996
145,27,4,3,9998
145,27,2,2,9998
145,27,0,0,9998
146,26,2,0,3
146,26,1,0,4
146,26,3,2,9998
146,26,0,1,9998
147,25,2,1,2
147,25,1,1,4
147,25,0,0,9998
148,24,1,[NULL],9000
148,24,0,1,9996
149,23,2,1,2
149,23,1,1,3
149,23,0,1,9996
150,22,3,2,2
150,22,1,[NULL],9000
150,22,0,[NULL],9000
150,22,2,4,9997
151,21,1,"1,3",3
151,21,0,[NULL],9995
151,21,2,[NULL],9995
151,21,3,5,9998
152,20,2,0,2
152,20,1,"0,1",2
152,20,3,4,3
152,20,0,3,9998
153,19,"3,4",5,2
153,19,"4,5","5,7",2
153,19,2,[NULL],9000
153,19,5,4,9997
153,19,0,4,9998
153,19,1,1,9998
154,18,1,[NULL],9995
154,18,4,"1,2",9996
154,18,3,"6,7",9998
154,18,5,7,9998
154,18,0,[NULL],9998
154,18,2,[NULL],9998
155,17,3,3,3
155,17,4,[NULL],9000
155,17,2,[NULL],9970
155,17,1,1,9997
155,17,0,2,9997
156,16,"3,5,7",0,2
156,16,7,4,2
156,16,5,0,3
156,16,6,[NULL],9000
156,16,2,[NULL],9995
156,16,1,[NULL],9996
156,16,0,"1,2",9997
156,16,4,4,9998
157,15,"2,3",2,3
157,15,4,7,4
157,15,"1,3",[NULL],9995
157,15,0,"4,5",9998
157,15,3,5,9998
158,14,3,3,3
158,14,"1,4",[NULL],9993
158,14,4,3,9996
158,14,2,"2,4",9998
158,14,0,4,9998
159,13,2,1,3
159,13,4,[NULL],9995
159,13,5,[NULL],9995
159,13,6,[NULL],9996
159,13,0,[NULL],9996
159,13,3,4,9998
159,13,1,6,9998
160,12,"1,4,5,7,8",0,2
160,12,5,1,4
160,12,8,[NULL],9995
160,12,4,[NULL],9995
160,12,"2,7",[NULL],9995
160,12,7,1,9996
160,12,3,"0,4",9998
160,12,0,7,9998
160,12,6,4,9998
161,11,"2,5",1,2
161,11,5,[NULL],9993
161,11,8,[NULL],9995
161,11,"0,3,6,7",[NULL],9995
161,11,"6,7","5,6",9997
161,11,4,[NULL],9997
161,11,7,10,9998
161,11,3,"4,5",9998
161,11,1,"8,9",9998
162,10,5,1,3
162,10,4,[NULL],9995
162,10,3,[NULL],9995
162,10,6,[NULL],9995
162,10,"0,2",[NULL],9997
162,10,2,3,9998
162,10,1,2,9998
162,10,7,"6,7",9998
163,9,7,3,2
163,9,6,0,3
163,9,1,[NULL],9996
163,9,5,[NULL],9996
163,9,3,[NULL],9996
163,9,"0,8",[NULL],9996
163,9,2,[NULL],9996
163,9,8,6,9997
163,9,4,"3,5",9998
164,8,3,0,2
164,8,7,0,4
164,8,6,[NULL],9995
164,8,1,[NULL],9995
164,8,0,"3,8",9996
164,8,4,4,9997
164,8,5,4,9998
164,8,2,1,9998
165,7,3,0,2
165,7,2,[NULL],9995
165,7,0,"1,5",9997
165,7,1,"5,6",9998
165,7,4,6,9998
166,6,"1,2",[NULL],9995
166,6,0,[NULL],9996
166,6,2,2,9998
167,5,0,[NULL],9988
167,5,2,[NULL],9994
167,5,1,1,9996
168,4,0,1,9998
0,173,0,[NULL],9000
2,171,0,[NULL],9000
6,167,0,[NULL],9000
115,58,0,[NULL],9000
117,56,0,[NULL],9000
118,55,0,[NULL],9000
119,54,0,0,9998
122,51,0,0,4
123,50,1,0,2
123,50,0,0,9998
124,49,0,0,9997
124,49,1,0,9998
125,48,0,0,4
126,47,1,0,2
126,47,2,2,4
126,47,0,0,4
127,46,0,"0,1,2",9996
127,46,1,2,9996
128,45,1,2,4
128,45,0,0,9996
129,44,1,2,4
129,44,2,1,9996
129,44,0,1,9998
130,43,1,0,2
130,43,0,1,3
131,42,2,1,2
131,42,0,0,9996
131,42,1,0,9998
132,41,1,1,2
132,41,2,2,4
132,41,0,0,9996
132,41,3,1,9998
133,40,"1,3,4","1,2",2
133,40,"4,5",0,2
133,40,5,3,2
133,40,3,1,2
133,40,2,2,9996
133,40,0,2,9998
134,39,2,0,2
134,39,"1,3",2,4
134,39,0,"1,3",9998
134,39,3,3,9998
135,38,2,1,2
135,38,1,0,2
135,38,0,"1,2",9998
136,37,1,0,2
136,37,0,0,9996
136,37,2,1,9998
137,36,1,1,2
137,36,0,1,4
138,35,1,1,2
138,35,0,0,2
139,34,2,1,2
139,34,"1,3",0,2
139,34,3,0,9996
139,34,0,0,9998
140,33,1,0,2
140,33,2,0,3
140,33,0,0,9998
140,33,3,2,9998
141,32,1,0,2
141,32,2,1,2
141,32,3,4,4
141,32,0,0,9998
142,31,"3,4",3,2
142,31,2,2,2
142,31,1,1,2
142,31,0,1,4
142,31,4,0,9998
143,30,"2,4",1,2
143,30,1,2,2
143,30,"3,4",0,2
143,30,4,4,9996
143,30,0,"0,1",9997
144,29,3,4,2
144,29,2,2,2
144,29,0,0,2
144,29,"1,4","2,5",9996
144,29,4,0,9998
145,28,2,3,2
145,28,1,0,2
145,28,0,[NULL],9000
146,27,0,0,2
146,27,1,2,4
146,27,2,0,9998
147,26,0,1,4
147,26,1,"0,1",9996
148,25,0,1,9996
149,24,"1,2",0,3
149,24,2,0,6
149,24,0,[NULL],9971
150,23,5,3,2
150,23,4,[NULL],9000
150,23,3,[NULL],9000
150,23,"0,2",[NULL],9971
150,23,1,"3,4",9998
150,23,2,2,9998
151,22,3,0,2
151,22,1,"2,6",9998
151,22,0,4,9998
151,22,4,6,9998
151,22,2,1,9998
152,21,4,0,2
152,21,1,1,2
152,21,5,8,3
152,21,3,[NULL],9000
152,21,2,1,9997
152,21,0,0,9998
153,20,"6,7",3,2
153,20,7,5,2
153,20,3,4,3
153,20,2,[NULL],3
153,20,"1,5",1,9997
153,20,0,"1,3",9998
153,20,5,3,9998
153,20,4,2,9998
154,19,0,4,4
154,19,3,"4,5",9996
154,19,1,"4,5,6",9998
154,19,4,6,9998
154,19,2,1,9998
155,18,4,4,2
155,18,"1,5",4,3
155,18,2,0,3
155,18,3,[NULL],9000
155,18,0,3,9997
155,18,5,2,9997
156,17,"4,5",0,2
156,17,5,2,2
156,17,1,"1,3",3
156,17,6,"4,5,6",4
156,17,0,4,9998
156,17,2,"3,4",9998
156,17,3,"4,5",9998
157,16,"2,4",2,2
157,16,4,0,2
157,16,7,10,4
157,16,3,[NULL],9000
157,16,5,[NULL],9996
157,16,6,"4,5",9998
157,16,1,5,9998
157,16,0,"2,4,5",9998
158,15,4,3,2
158,15,6,1,2
158,15,3,1,3
158,15,5,[NULL],9984
158,15,7,4,9996
158,15,2,[NULL],9996
158,15,0,"0,2",9998
158,15,1,3,9998
159,14,"0,4",3,2
159,14,7,0,2
159,14,4,6,2
159,14,"3,5",2,4
159,14,5,[NULL],9000
159,14,8,[NULL],9992
159,14,"2,6",1,9996
159,14,1,[NULL],9996
159,14,6,3,9998
160,13,10,"0,3,7",2
160,13,"4,5",0,2
160,13,"8,9",1,2
160,13,2,2,3
160,13,9,[NULL],9990
160,13,6,4,9996
160,13,0,[NULL],9996
160,13,"1,5,7",[NULL],9996
160,13,"5,7","4,5",9998
160,13,"3,7","2,5",9998
160,13,7,5,9998
161,12,3,0,2
161,12,2,1,2
161,12,"6,7",7,2
161,12,7,[NULL],9996
161,12,1,[NULL],9996
161,12,4,[NULL],9996
161,12,8,6,9997
161,12,0,3,9998
161,12,5,7,9998
162,11,"3,5","4,5",2
162,11,4,3,3
162,11,5,[NULL],9996
162,11,"1,2",[NULL],9996
162,11,2,3,9997
162,11,0,[NULL],9998
163,10,4,5,2
163,10,1,2,2
163,10,3,2,3
163,10,2,1,3
163,10,0,[NULL],9991
163,10,5,[NULL],9995
163,10,6,8,9997
164,9,"5,6",1,2
164,9,6,4,2
164,9,2,5,9997
164,9,"1,3","5,6",9998
164,9,3,5,9998
164,9,4,7,9998
164,9,0,[NULL],9998
165,8,2,1,2
165,8,0,[NULL],9996
165,8,1,"3,5",9997
165,8,3,6,9998
166,7,"0,1",[NULL],9994
166,7,2,[NULL],9995
166,7,1,4,9998
167,6,1,0,2
167,6,0,[NULL],9992
168,5,0,[NULL],9994
0,174,0,[NULL],9000
2,172,0,[NULL],9000
6,168,0,[NULL],9000
117,57,0,[NULL],9000
118,56,0,0,2
119,55,0,0,3
119,55,1,0,9998
122,52,0,0,2
123,51,0,1,2
123,51,1,0,9998
126,48,0,1,4
127,47,0,0,9996
128,46,1,0,2
128,46,0,0,4
129,45,0,0,9996
129,45,1,1,9998
130,44,0,1,2
131,43,1,3,2
131,43,0,0,9998
132,42,2,0,2
132,42,1,0,4
132,42,0,1,9997
132,42,3,1,9998
133,41,"1,3",0,2
133,41,3,3,2
133,41,0,0,9996
133,41,2,1,9998
134,40,"1,2",0,2
134,40,2,"0,1,2",9997
134,40,0,1,9998
135,39,1,2,2
135,39,0,0,9997
136,38,0,0,9998
138,36,0,0,2
139,35,0,0,2
139,35,2,3,2
139,35,1,1,9998
140,34,0,0,2
140,34,1,0,9997
141,33,0,4,2
141,33,1,2,9998
142,32,0,1,9998
143,31,0,4,2
144,30,0,4,9997
145,29,0,2,2
148,26,"0,1",0,9997
148,26,1,4,9998
149,25,"3,4",1,2
149,25,2,0,2
149,25,4,2,3
149,25,"0,1",[NULL],9000
149,25,1,2,9997
150,24,"2,6",1,2
150,24,4,0,2
150,24,6,4,2
150,24,1,2,2
150,24,5,"3,4",9998
150,24,3,2,9998
150,24,0,4,9998
151,23,0,0,2
151,23,1,5,9998
152,22,"1,3",0,2
152,22,3,5,2
152,22,2,4,2
152,22,4,5,3
152,22,0,2,9998
153,21,"4,5,6",1,2
153,21,6,4,2
153,21,1,2,2
153,21,"0,2",[NULL],9000
153,21,5,"2,6",9997
153,21,3,4,9998
153,21,2,3,9998
154,20,1,1,3
154,20,2,0,3
154,20,"0,3",[NULL],9000
154,20,4,5,9998
154,20,3,"4,5",9998
155,19,4,0,2
155,19,3,"0,2",2
155,19,5,"0,3",2
155,19,"1,2",0,3
155,19,2,[NULL],9972
155,19,0,1,9997
156,18,"4,5",6,2
156,18,5,1,2
156,18,2,"0,6",2
156,18,1,[NULL],9993
156,18,0,[NULL],9993
156,18,3,3,9998
157,17,"0,2",0,2
157,17,3,1,2
157,17,5,6,4
157,17,2,[NULL],9972
157,17,1,[NULL],9997
157,17,4,4,9998
158,16,3,6,2
158,16,4,[NULL],9985
158,16,1,1,9997
158,16,0,[NULL],9997
158,16,2,1,9998
159,15,"4,5",1,2
159,15,"2,5","1,3,5",2
159,15,5,7,2
159,15,3,2,4
159,15,1,[NULL],9993
159,15,0,[NULL],9997
160,14,3,0,2
160,14,7,5,2
160,14,"5,6","6,7",3
160,14,"2,6",[NULL],9994
160,14,4,3,9996
160,14,0,[NULL],9997
160,14,1,0,9998
160,14,6,3,9998
161,13,6,[NULL],9993
161,13,3,[NULL],9994
161,13,4,[NULL],9995
161,13,"0,1,2",[NULL],9997
161,13,1,0,9998
161,13,2,2,9998
161,13,5,7,9998
162,12,6,0,3
162,12,4,[NULL],9993
162,12,"1,2",[NULL],9996
162,12,2,4,9997
162,12,0,[NULL],9997
162,12,3,6,9998
162,12,5,4,9998
163,11,"5,6","1,3",2
163,11,6,1,2
163,11,7,4,2
163,11,4,4,3
163,11,0,1,9998
163,11,3,3,9998
163,11,1,"4,5,6,8",9998
163,11,2,[NULL],9998
164,10,6,3,2
164,10,"1,5",0,3
164,10,4,[NULL],9991
164,10,5,10,9996
164,10,2,6,9997
164,10,0,"2,6,9",9998
164,10,3,9,9998
165,9,4,1,2
165,9,"2,3",[NULL],9995
165,9,5,10,9996
165,9,3,8,9997
165,9,1,"3,7",9998
165,9,0,3,9998
166,8,"2,3",0,4
166,8,1,[NULL],9995
166,8,3,[NULL],9995
166,8,0,[NULL],9997
167,7,1,[NULL],9990
167,7,0,0,9998
168,6,0,1,9998
170,4,0,1,9998
170,4,1,2,9998
171,3,0,"0,1",9996
0,175,0,[NULL],9000
2,173,0,[NULL],9000
6,169,0,[NULL],9000
117,58,0,[NULL],9000
118,57,0,1,2
119,56,0,[NULL],9000
119,56,1,[NULL],9000
122,53,0,1,2
123,52,0,0,3
126,49,0,1,4
127,48,0,0,9996
128,47,1,1,2
128,47,0,0,4
129,46,0,0,9996
129,46,1,2,9998
130,45,0,0,2
131,44,1,3,2
131,44,0,1,9998
132,43,1,2,2
132,43,0,2,4
133,42,1,0,2
133,42,2,1,9996
133,42,0,0,9996
134,41,0,3,9998
135,40,0,0,2
136,39,1,2,9998
136,39,0,1,9998
137,38,0,"1,2",9998
138,37,1,1,2
138,37,0,1,9998
139,36,0,1,9998
139,36,1,2,9998
140,35,2,1,2
140,35,0,2,9998
140,35,1,1,9998
141,34,1,0,2
141,34,2,3,9998
141,34,0,2,9998
142,33,"0,1",0,3
142,33,3,3,9998
142,33,2,2,9998
142,33,1,1,9998
143,32,0,3,9998
143,32,2,2,9998
143,32,1,"1,4",9998
144,31,1,1,4
144,31,0,0,9998
144,31,2,3,9998
145,30,0,4,9998
145,30,1,1,9998
146,29,"0,2",0,9997
146,29,2,2,9998
146,29,1,1,9998
147,28,4,1,2
147,28,1,0,4
147,28,0,3,9998
147,28,3,"2,3",9998
147,28,2,0,9998
148,27,1,0,4
148,27,0,2,9998
149,26,"3,4",5,2
149,26,2,3,2
149,26,4,0,2
149,26,1,2,9996
149,26,0,1,9998
150,25,5,1,2
150,25,1,[NULL],9000
150,25,4,[NULL],9967
150,25,2,0,9996
150,25,3,3,9998
150,25,0,0,9998
151,24,2,0,2
151,24,1,2,3
151,24,0,1,5
151,24,3,2,9998
152,23,4,3,2
152,23,3,2,2
152,23,1,"1,5",3
152,23,2,1,9998
152,23,0,0,9998
153,22,5,4,2
153,22,4,"3,4",2
153,22,"1,2",4,4
153,22,0,1,9996
153,22,3,5,9998
153,22,2,4,9998
154,21,3,0,3
154,21,2,5,3
154,21,0,0,9997
154,21,1,"1,4",9997
155,20,3,3,2
155,20,2,[NULL],9000
155,20,1,0,9997
155,20,0,3,9998
156,19,4,4,2
156,19,3,[NULL],9994
156,19,0,2,9996
156,19,2,3,9998
156,19,1,2,9998
157,18,1,2,2
157,18,3,4,4
157,18,2,[NULL],9973
157,18,0,[NULL],9998
158,17,3,[NULL],9972
158,17,2,"0,3",9997
158,17,1,2,9998
158,17,0,3,9998
159,16,0,1,2
159,16,3,2,2
159,16,1,7,4
159,16,2,5,9998
160,15,0,1,2
160,15,2,"0,1",2
160,15,7,5,2
160,15,6,8,3
160,15,5,[NULL],9995
160,15,3,5,9996
160,15,4,4,9997
160,15,1,"2,5",9998
161,14,6,3,2
161,14,4,5,2
161,14,3,1,3
161,14,2,"2,3",9997
161,14,1,"3,6,9",9998
161,14,0,3,9998
161,14,5,9,9998
162,13,1,0,2
162,13,3,3,2
162,13,"4,5,6,8",1,2
162,13,8,6,3
162,13,2,[NULL],9990
162,13,"5,6",[NULL],9995
162,13,"6,7",[NULL],9996
162,13,0,[NULL],9996
162,13,7,7,9998
163,12,"2,6,9",0,2
163,12,9,3,2
163,12,5,2,3
163,12,"3,8",0,4
163,12,8,[NULL],9992
163,12,4,[NULL],9992
163,12,"6,7","6,7",9997
163,12,0,7,9998
163,12,1,2,9998
163,12,7,3,9998
164,11,"3,7",1,2
164,11,7,"0,1",2
164,11,5,1,3
164,11,4,9,9997
164,11,2,[NULL],9997
164,11,"0,6","0,3,5",9998
164,11,6,7,9998
164,11,1,"9,10",9998
165,10,1,[NULL],9995
165,10,4,[NULL],9996
165,10,3,6,9997
165,10,0,"1,5,7",9998
165,10,2,6,9998
166,9,0,0,2
166,9,1,1,4
167,8,1,0,2
167,8,0,[NULL],9994
167,8,2,3,9998
168,7,2,[NULL],9995
168,7,1,"2,4",9998
168,7,0,[NULL],9998
169,6,1,0,2
169,6,2,1,2
169,6,0,[NULL],9994
170,5,0,2,9998
170,5,1,3,9998
171,4,0,"1,6",9996
0,176,0,[NULL],9000
2,174,0,[NULL],9000
6,170,0,[NULL],9000
117,59,0,[NULL],9000
119,57,0,[NULL],9000
121,55,0,0,9998
122,54,0,1,9998
125,51,0,0,9996
126,50,"0,1,2",0,4
126,50,2,1,4
126,50,1,0,9998
127,49,0,0,4
127,49,1,0,9995
128,48,2,1,2
128,48,1,2,4
128,48,0,0,9997
129,47,1,1,9996
129,47,0,0,9996
130,46,1,0,2
130,46,0,0,4
131,45,1,0,3
131,45,0,0,4
131,45,2,0,9998
132,44,2,2,4
132,44,1,0,9996
132,44,0,1,9998
133,43,3,0,2
133,43,"0,1,2",2,3
133,43,2,1,9996
133,43,1,"0,1",9996
134,42,0,0,3
134,42,1,1,9998
135,41,2,1,2
135,41,1,0,2
135,41,0,0,4
136,40,"1,2",0,2
136,40,2,1,9996
136,40,0,0,9998
137,39,1,0,2
137,39,0,0,9997
138,38,1,0,2
138,38,2,1,2
138,38,0,3,4
139,37,2,0,2
139,37,1,1,2
139,37,0,1,3
139,37,3,1,9998
140,36,3,2,2
140,36,2,0,2
140,36,1,"0,1,4",9996
140,36,0,0,9998
141,35,3,3,2
141,35,2,2,2
141,35,1,1,2
141,35,4,2,9998
141,35,0,1,9998
142,34,3,0,2
142,34,2,2,2
142,34,"1,4",1,2
142,34,4,4,4
142,34,5,3,9998
142,34,0,2,9998
143,33,0,0,2
143,33,3,2,2
143,33,4,0,3
143,33,"2,5","1,4",4
143,33,1,0,9998
143,33,5,2,9998
144,32,4,0,2
144,32,1,1,2
144,32,2,0,9996
144,32,3,0,9998
144,32,0,"2,3",9998
145,31,2,2,2
145,31,1,1,2
145,31,0,0,9996
146,30,3,0,2
146,30,2,"0,3",2
146,30,0,2,2
146,30,1,1,4
147,29,2,0,2
147,29,0,"0,1",3
147,29,1,0,4
148,28,1,0,2
148,28,2,1,3
148,28,0,0,9996
149,27,3,3,2
149,27,0,0,2
149,27,2,[NULL],9974
149,27,1,2,9996
150,26,2,3,2
150,26,0,[NULL],5
150,26,1,1,9998
151,25,1,2,2
151,25,0,0,2
152,24,5,3,2
152,24,4,2,2
152,24,"2,6",5,3
152,24,6,0,9996
152,24,1,2,9997
152,24,3,1,9998
152,24,0,0,9998
153,23,"4,5",3,4
153,23,"2,6",[NULL],9993
153,23,3,0,9996
153,23,6,4,9998
153,23,5,1,9998
153,23,1,"4,5,6",9998
153,23,0,2,9998
153,23,7,6,9998
154,22,3,0,2
154,22,1,0,3
154,22,2,[NULL],9000
154,22,0,0,9997
155,21,3,2,2
155,21,2,1,2
155,21,4,[NULL],9000
155,21,1,[NULL],9000
155,21,0,1,9998
156,20,2,[NULL],9000
156,20,3,[NULL],9000
156,20,4,[NULL],9000
156,20,0,[NULL],9950
156,20,1,2,9996
157,19,2,1,2
157,19,3,0,2
157,19,1,1,3
157,19,4,7,4
157,19,0,0,9998
158,18,5,2,2
158,18,1,"2,6",4
158,18,4,[NULL],9974
158,18,0,[NULL],9987
158,18,2,3,9998
158,18,3,4,9998
159,17,"2,5",1,2
159,17,4,6,4
159,17,5,[NULL],9974
159,17,3,[NULL],9974
159,17,6,[NULL],9992
159,17,"0,7",[NULL],9995
159,17,"1,7",1,9997
159,17,7,5,9998
160,16,"3,6,9",1,2
160,16,"6,9","0,1",2
160,16,9,5,2
160,16,8,[NULL],9974
160,16,2,[NULL],9974
160,16,1,[NULL],9974
160,16,4,[NULL],9993
160,16,5,3,9996
160,16,0,0,9996
160,16,7,6,9997
161,15,7,7,2
161,15,4,2,3
161,15,1,[NULL],9989
161,15,3,[NULL],9990
161,15,"5,6",[NULL],9996
161,15,6,"6,9",9997
161,15,0,[NULL],9997
161,15,2,3,9998
162,14,7,0,2
162,14,2,1,2
162,14,3,7,2
162,14,"6,8",[NULL],9000
162,14,8,[NULL],9995
162,14,4,[NULL],9995
162,14,1,[NULL],9996
162,14,0,"1,6",9998
162,14,5,7,9998
163,13,"0,3,5","0,6",2
163,13,7,6,2
163,13,"9,10",1,2
163,13,6,2,3
163,13,10,[NULL],9990
163,13,4,[NULL],9993
163,13,"3,5",[NULL],9993
163,13,5,"2,3",9997
163,13,8,9,9998
163,13,1,7,9998
163,13,2,4,9998
164,12,"1,5,7",0,2
164,12,6,2,2
164,12,8,2,3
164,12,4,[NULL],9993
164,12,3,[NULL],9993
164,12,7,2,9996
164,12,2,12,9998
164,12,5,5,9998
164,12,9,"11,12",9998
164,12,0,[NULL],9998
165,11,5,[NULL],9990
165,11,"3,4",[NULL],9995
165,11,4,4,9997
165,11,1,9,9998
165,11,0,1,9998
165,11,2,"0,2",9998
166,10,3,2,2
166,10,4,[NULL],9993
166,10,1,"3,7",9998
166,10,2,7,9998
166,10,0,[NULL],9998
167,9,"2,4",1,2
167,9,6,[NULL],9990
167,9,4,[NULL],9992
167,9,"0,3",[NULL],9995
167,9,5,5,9997
167,9,3,3,9997
167,9,1,"1,2",9998
168,8,3,[NULL],9992
168,8,5,[NULL],9993
168,8,4,[NULL],9993
168,8,1,[NULL],9996
168,8,0,[NULL],9997
168,8,2,2,9998
169,7,2,0,2
169,7,3,1,2
169,7,5,[NULL],9994
169,7,4,[NULL],9994
169,7,0,4,9997
169,7,1,0,9997
170,6,4,[NULL],9000
170,6,2,[NULL],9995
170,6,"0,1",[NULL],9997
170,6,1,1,9998
170,6,3,3,9998
171,5,"2,3",[NULL],9995
171,5,1,"0,1",9996
171,5,"0,3",[NULL],9997
171,5,3,3,9998
172,4,0,[NULL],9992
172,4,2,[NULL],9995
172,4,1,[NULL],9997
173,3,0,"1,2",9998
0,177,0,[NULL],9000
2,175,0,[NULL],9000
6,171,0,[NULL],9000
119,58,0,[NULL],9000
120,57,0,0,2
121,56,1,0,2
121,56,0,[NULL],9000
122,55,0,1,9998
125,52,0,1,2
126,51,0,0,4
127,50,0,0,9995
128,49,0,0,4
129,48,0,0,9995
130,47,0,2,2
131,46,1,0,2
131,46,0,0,9998
132,45,0,0,4
132,45,1,1,9998
133,44,1,1,2
133,44,0,0,9996
134,43,0,1,9998
135,42,0,0,2
136,41,0,"1,2",9997
138,39,1,3,2
138,39,0,1,9998
139,38,0,0,2
139,38,1,2,9998
140,37,2,4,2
140,37,1,0,2
140,37,0,1,9998
141,36,3,5,2
141,36,2,0,2
141,36,0,0,9997
141,36,4,3,9998
141,36,1,2,9998
142,35,0,1,2
142,35,2,5,2
142,35,3,2,9998
142,35,1,"2,3",9998
143,34,0,3,2
143,34,"2,3",0,2
143,34,3,"0,2",9997
143,34,1,1,9998
144,33,0,1,9998
145,32,0,"0,2",3
148,29,0,2,9997
149,28,1,1,2
149,28,0,"0,1,2",9998
150,27,0,[NULL],9971
150,27,1,"3,4",9998
151,26,1,3,2
151,26,0,0,2
152,25,4,6,2
152,25,1,5,2
152,25,"5,6","1,6",2
152,25,2,0,2
152,25,6,7,2
152,25,3,[NULL],9975
152,25,0,3,9998
153,24,0,0,3
153,24,"1,4",1,3
153,24,4,1,9997
153,24,3,4,9998
153,24,2,3,9998
154,23,1,0,2
154,23,0,1,3
154,23,2,[NULL],9975
155,22,0,[NULL],9000
156,21,0,0,2
157,20,3,2,2
157,20,4,3,2
157,20,0,2,3
157,20,1,4,9997
157,20,2,4,9998
158,19,5,1,2
158,19,0,[NULL],9990
158,19,2,0,9995
158,19,1,"2,5",9997
158,19,4,5,9998
158,19,3,4,9998
159,18,4,4,3
159,18,3,4,4
159,18,1,[NULL],9996
159,18,"0,2",[NULL],9996
159,18,2,1,9997
160,17,3,2,2
160,17,2,2,3
160,17,1,[NULL],9975
160,17,4,[NULL],9975
160,17,5,5,9997
160,17,0,"1,4",9998
161,16,"1,6",0,2
161,16,7,5,2
161,16,3,[NULL],9000
161,16,4,[NULL],9996
161,16,2,0,9997
161,16,0,"3,6,9",9998
161,16,6,6,9998
161,16,5,"5,6",9998
162,15,9,8,2
162,15,7,1,2
162,15,4,2,2
162,15,6,"6,7",3
162,15,1,[NULL],9994
162,15,8,[NULL],9996
162,15,0,2,9997
162,15,5,1,9997
162,15,2,0,9998
162,15,3,1,9998
163,14,12,2,2
163,14,5,5,2
163,14,11,"2,9",2
163,14,9,4,3
163,14,8,[NULL],3
163,14,10,5,4
163,14,3,[NULL],9994
163,14,7,[NULL],9994
163,14,"4,6",[NULL],9994
163,14,6,1,9996
163,14,2,2,9997
163,14,1,3,9998
163,14,0,"3,4",9998
164,13,9,1,2
164,13,1,0,2
164,13,"0,2",2,2
164,13,6,3,3
164,13,10,5,4
164,13,3,3,9996
164,13,2,[NULL],9997
164,13,8,[NULL],9997
164,13,"4,5","2,4",9998
164,13,7,6,9998
164,13,5,2,9998
165,12,"3,7",1,2
165,12,7,2,2
165,12,"0,2,6",[NULL],9994
165,12,5,4,9997
165,12,"2,4,6",[NULL],9997
165,12,1,1,9998
165,12,4,9,9998
165,12,6,6,9998
166,11,"1,2",1,2
166,11,6,[NULL],9991
166,11,5,[NULL],9993
166,11,0,[NULL],9996
166,11,2,"4,6",9998
166,11,4,"4,7",9998
166,11,3,2,9998
167,10,2,2,2
167,10,3,[NULL],9993
167,10,1,[NULL],9993
167,10,4,[NULL],9993
167,10,0,"4,5",9998
168,9,2,[NULL],9991
168,9,"0,1",[NULL],9997
168,9,1,4,9998
169,8,1,0,2
169,8,3,3,2
169,8,2,[NULL],9990
169,8,0,"0,1,5,7,8",9997
170,7,3,3,2
170,7,"0,1",0,4
170,7,2,4,9997
170,7,1,5,9998
171,6,"1,2",[NULL],9992
171,6,2,[NULL],9994
171,6,0,"5,6",9996
172,5,"1,2",0,2
172,5,2,[NULL],9992
172,5,0,[NULL],9997
173,4,0,3,9998
0,178,0,[NULL],9000
2,176,0,[NULL],9000
6,172,0,[NULL],9000
119,59,0,[NULL],9000
120,58,0,[NULL],9000
121,57,1,0,2
121,57,0,[NULL],9000
122,56,0,1,9998
126,52,0,0,4
127,51,0,0,3
127,51,1,0,9995
128,50,0,0,4
129,49,0,"0,1",9995
130,48,0,0,2
131,47,1,1,2
131,47,0,1,9998
132,46,1,2,4
132,46,0,0,4
133,45,1,0,2
133,45,0,0,9996
136,42,0,0,3
137,41,1,0,2
137,41,0,1,9998
138,40,2,1,2
138,40,0,"0,2",9998
138,40,1,1,9998
139,39,1,0,2
139,39,0,1,9998
139,39,2,3,9998
140,38,3,4,2
140,38,2,1,2
140,38,1,3,9998
140,38,0,2,9998
141,37,2,3,2
141,37,3,"1,3",2
141,37,0,1,9998
141,37,1,3,9998
142,36,1,1,2
142,36,3,3,9998
142,36,0,1,9998
142,36,2,"3,4",9998
143,35,1,0,2
143,35,2,3,9998
143,35,0,1,9998
144,34,1,2,9998
144,34,0,1,9998
145,33,1,2,9998
145,33,0,1,9998
146,32,1,"1,4",9998
146,32,2,2,9998
146,32,0,"1,3",9998
147,31,0,"2,3",9998
147,31,2,1,9998
147,31,1,2,9998
148,30,"0,1,2",0,2
148,30,2,1,4
148,30,3,1,9998
148,30,1,"2,3",9998
149,29,"3,4",1,2
149,29,0,2,4
149,29,4,"4,5",9998
149,29,2,3,9998
149,29,1,1,9998
150,28,3,[NULL],9000
150,28,1,"0,1,3,5",9996
150,28,2,2,9998
150,28,0,0,9998
151,27,3,0,2
151,27,2,1,3
151,27,1,3,9996
151,27,0,1,9998
152,26,4,3,2
152,26,3,2,2
152,26,1,0,4
152,26,2,[NULL],9967
152,26,0,1,9998
153,25,0,0,3
153,25,2,3,9998
153,25,1,2,9998
154,24,0,0,9996
155,23,2,0,4
155,23,0,"0,2",9997
155,23,1,0,9998
156,22,4,2,2
156,22,3,[NULL],9000
156,22,2,"3,5",9998
156,22,1,4,9998
156,22,0,"2,5",9998
157,21,5,"1,4",2
157,21,4,3,2
157,21,2,[NULL],9983
157,21,3,2,9995
157,21,0,[NULL],9995
157,21,1,3,9998
158,20,1,"1,7",3
158,20,0,"5,6",9998
158,20,3,7,9998
158,20,2,6,9998
159,19,"1,4",0,2
159,19,6,7,3
159,19,5,3,4
159,19,2,1,9996
159,19,3,0,9997
159,19,4,1,9997
159,19,0,[NULL],9997
160,18,"3,6,9",0,2
160,18,6,6,2
160,18,5,"5,6",2
160,18,9,6,3
160,18,8,[NULL],9000
160,18,7,[NULL],9976
160,18,4,[NULL],9995
160,18,"1,2","1,2",9998
160,18,2,1,9998
160,18,0,[NULL],9998
161,17,0,2,2
161,17,1,3,2
161,17,4,[NULL],9995
161,17,5,8,9998
161,17,2,4,9998
161,17,3,5,9998
162,16,3,1,2
162,16,4,"0,1",2
162,16,2,3,3
162,16,0,[NULL],9996
162,16,1,3,9997
163,15,"2,4","4,5",2
163,15,6,7,2
163,15,4,4,2
163,15,1,[NULL],9993
163,15,"0,3",[NULL],9995
163,15,3,5,9998
163,15,5,6,9998
164,14,1,1,2
164,14,9,4,2
164,14,6,6,2
164,14,4,4,3
164,14,"5,7",[NULL],9991
164,14,"3,7",[NULL],9995
164,14,8,[NULL],9995
164,14,2,2,9996
164,14,0,"0,3,5",9998
164,14,7,6,9998
165,13,"4,6",2,2
165,13,"6,7","2,4",2
165,13,2,3,2
165,13,5,[NULL],9990
165,13,1,[NULL],9995
165,13,0,3,9997
165,13,7,6,9998
165,13,3,5,9998
166,12,"4,5",0,2
166,12,5,5,3
166,12,3,0,3
166,12,0,[NULL],9994
166,12,2,4,9997
166,12,1,3,9998
167,11,4,0,2
167,11,5,[NULL],9987
167,11,2,1,9998
167,11,1,"2,5",9998
167,11,0,5,9998
167,11,3,"4,5",9998
168,10,4,0,3
168,10,0,1,3
168,10,5,[NULL],9995
168,10,2,[NULL],9995
168,10,1,"2,3,5",9998
168,10,3,6,9998
169,9,5,1,2
169,9,8,[NULL],9991
169,9,7,[NULL],9994
169,9,"2,3",[NULL],9995
169,9,4,[NULL],9995
169,9,"0,3",[NULL],9996
169,9,3,1,9997
169,9,1,7,9998
169,9,6,8,9998
170,8,"1,6",0,4
170,8,7,[NULL],9992
170,8,4,[NULL],9995
170,8,5,[NULL],9995
170,8,3,[NULL],9995
170,8,6,[NULL],9995
170,8,8,7,9997
170,8,2,3,9997
170,8,0,[NULL],9997
171,7,5,[NULL],9988
171,7,3,[NULL],9989
171,7,4,[NULL],9994
171,7,0,[NULL],9995
171,7,2,[NULL],9995
171,7,1,0,9998
172,6,3,0,2
172,6,2,[NULL],9993
172,6,0,[NULL],9994
172,6,1,[NULL],9996
173,5,2,[NULL],9000
173,5,1,[NULL],9997
173,5,0,2,9998
173,5,3,4,9998
174,4,1,1,9996
174,4,0,1,9998
0,179,0,[NULL],9000
2,177,0,[NULL],9000
6,173,0,[NULL],9000
119,60,0,[NULL],9000
121,58,1,0,2
121,58,0,[NULL],9000
124,55,0,0,4
125,54,0,0,9998
126,53,0,0,9997
127,52,0,0,9995
128,51,1,1,4
128,51,0,0,4
129,50,1,0,9995
129,50,0,0,9998
130,49,1,0,2
130,49,0,0,9996
131,48,0,1,4
132,47,1,2,4
132,47,0,"1,2",4
133,46,1,1,9996
133,46,0,0,9996
134,45,1,0,9996
134,45,0,0,9997
135,44,"1,2",0,3
135,44,2,2,4
135,44,0,0,9998
136,43,1,0,2
136,43,0,1,9998
137,42,"0,2",0,2
137,42,1,1,2
137,42,2,0,9996
138,41,1,0,2
138,41,3,2,2
138,41,0,0,9996
138,41,2,0,9998
139,40,3,1,2
139,40,2,0,2
139,40,"0,1,4",1,4
139,40,1,1,9998
139,40,4,2,9998
140,39,1,0,2
140,39,3,1,2
140,39,0,0,3
140,39,2,0,9998
141,38,3,3,2
141,38,1,0,2
141,38,4,"2,3",2
141,38,0,1,9997
141,38,2,1,9998
142,37,3,2,2
142,37,1,0,2
142,37,"0,2",3,3
142,37,2,0,9996
142,37,4,1,9998
143,36,2,1,2
143,36,1,0,2
143,36,0,2,4
143,36,3,0,9998
144,35,2,1,2
144,35,1,0,2
144,35,0,0,4
144,35,3,0,9998
145,34,"1,4",1,2
145,34,2,2,2
145,34,"3,4","0,1",2
145,34,4,0,9996
145,34,0,1,9998
146,33,"2,3",0,2
146,33,1,2,2
146,33,3,"0,1",2
146,33,"0,5",1,9997
146,33,5,2,9998
146,33,4,1,9998
147,32,1,3,2
147,32,"2,3",0,2
147,32,3,0,3
147,32,0,0,4
148,31,"4,5",4,2
148,31,3,2,2
148,31,1,1,2
148,31,2,1,4
148,31,0,"0,2",9998
148,31,5,2,9998
149,30,2,2,2
149,30,0,0,2
149,30,1,"0,1,4,9",9996
149,30,3,"1,2",9998
150,29,1,0,2
150,29,0,"0,4",9996
151,28,1,0,2
151,28,0,6,4
152,27,3,2,2
152,27,2,1,2
152,27,1,1,3
152,27,0,3,4
153,26,0,"1,2",9996
154,25,0,1,2
155,24,"3,5",2,2
155,24,4,1,2
155,24,"2,5",0,2
155,24,5,1,4
155,24,"0,1",1,9997
155,24,1,3,9998
156,23,3,1,2
156,23,4,1,3
156,23,2,[NULL],9000
156,23,5,3,9998
156,23,0,2,9998
156,23,1,1,9998
157,22,"5,6",0,2
157,22,7,3,2
157,22,6,2,2
157,22,2,1,3
157,22,4,[NULL],9977
157,22,1,"0,1",9997
157,22,0,3,9998
157,22,3,1,9998
158,21,1,2,3
158,21,0,1,9996
158,21,3,4,9998
158,21,4,5,9998
158,21,2,3,9998
159,20,"1,2","1,2",2
159,20,2,1,2
159,20,5,5,3
159,20,3,5,4
159,20,0,0,4
159,20,4,[NULL],9000
160,19,8,5,2
160,19,4,2,2
160,19,5,3,2
160,19,0,2,3
160,19,7,[NULL],9000
160,19,"1,2","2,3",9998
160,19,6,5,9998
160,19,2,3,9998
160,19,3,4,9998
161,18,2,0,3
161,18,1,5,3
161,18,3,[NULL],9000
161,18,0,[NULL],9974
161,18,4,[NULL],9992
161,18,5,[NULL],9992
161,18,6,7,9998
162,17,5,3,2
162,17,6,5,2
162,17,2,2,3
162,17,1,[NULL],9995
162,17,4,1,9997
162,17,0,5,9998
162,17,3,2,9998
163,16,"0,3,5",0,2
163,16,6,7,2
163,16,2,7,4
163,16,"3,5",[NULL],9977
163,16,4,[NULL],9993
163,16,1,[NULL],9993
163,16,5,1,9997
164,15,6,7,2
164,15,5,3,2
164,15,4,5,3
164,15,2,1,9996
164,15,1,[NULL],9996
164,15,0,"2,4",9998
164,15,3,4,9998
165,14,3,1,2
165,14,"1,2",[NULL],9993
165,14,2,3,9997
165,14,0,2,9998
166,13,1,2,2
166,13,"2,5",1,2
166,13,5,0,2
166,13,4,"0,3",2
166,13,3,7,9998
166,13,0,"5,6",9998
167,12,"2,3,5",1,2
167,12,6,3,2
167,12,8,[NULL],9994
167,12,"3,4",[NULL],9994
167,12,5,[NULL],9994
167,12,1,2,9998
167,12,"4,7","1,7",9998
167,12,7,7,9998
167,12,0,"1,4,7",9998
167,12,9,"6,7",9998
168,11,7,1,2
168,11,8,6,2
168,11,"0,1,5",0,3
168,11,5,[NULL],9995
168,11,4,4,9997
168,11,1,4,9998
168,11,2,"4,5,6",9998
168,11,6,6,9998
168,11,3,2,9998
169,10,4,2,3
169,10,3,[NULL],9992
169,10,0,[NULL],9996
169,10,2,"7,8",9997
169,10,1,5,9997
170,9,0,1,2
170,9,1,1,4
170,9,2,7,9997
171,8,1,[NULL],9991
171,8,2,[NULL],9991
171,8,3,[NULL],9996
171,8,0,5,9998
172,7,2,0,2
172,7,4,3,2
172,7,3,[NULL],9993
172,7,0,[NULL],9997
172,7,1,6,9998
173,6,1,0,2
173,6,0,[NULL],9989
173,6,"2,3",[NULL],9993
173,6,3,4,9998
173,6,4,6,9998
174,5,2,[NULL],9992
174,5,1,[NULL],9997
174,5,0,0,9998
175,4,0,2,9998
0,180,0,[NULL],9000
2,178,0,[NULL],9000
6,174,0,[NULL],9000
121,59,0,[NULL],9000
121,59,1,[NULL],9000
124,56,0,0,2
125,55,0,0,9998
126,54,0,1,5
127,53,0,1,9995
128,52,0,0,2
129,51,0,0,9995
132,48,0,0,4
133,47,0,0,9996
134,46,0,0,2
135,45,1,0,2
135,45,0,0,9998
136,44,0,1,9998
137,43,0,2,2
138,42,1,1,2
138,42,2,4,2
138,42,0,0,9998
139,41,0,2,2
139,41,1,"1,3",9997
140,40,1,2,2
140,40,0,0,9998
141,39,1,4,2
141,39,0,3,9998
142,38,0,3,2
142,38,1,2,9998
143,37,0,3,2
143,37,1,1,9998
144,36,1,0,2
144,36,0,1,9998
145,35,2,5,2
145,35,1,4,2
145,35,0,"0,3",9997
146,34,1,2,9997
146,34,0,2,9998
147,33,"0,2",0,2
147,33,2,5,2
147,33,1,1,9998
148,32,"1,2",3,2
148,32,0,"0,1",9998
148,32,2,3,9998
149,31,0,2,9997
149,31,1,"4,5",9998
150,30,0,"2,3",9998
151,29,1,[NULL],9978
151,29,0,"0,1,2,3",9998
152,28,0,4,9998
153,27,0,"0,1",9997
154,26,3,1,2
154,26,"0,2",0,3
154,26,2,2,9997
154,26,1,0,9997
155,25,3,5,2
155,25,2,0,2
155,25,1,1,2
155,25,0,[NULL],9000
156,24,3,0,2
156,24,1,3,2
156,24,"0,4",[NULL],9000
156,24,2,[NULL],9978
156,24,4,"0,1",9997
157,23,4,3,2
157,23,5,4,2
157,23,3,2,2
157,23,"0,2",0,9997
157,23,2,3,9998
157,23,1,2,9998
158,22,0,3,3
158,22,1,4,3
158,22,2,[NULL],9000
158,22,3,2,9998
158,22,4,3,9998
159,21,"2,3","1,2",2
159,21,5,6,2
159,21,3,2,2
159,21,4,3,2
159,21,1,2,9995
159,21,0,2,9998
160,20,7,6,2
160,20,1,[NULL],9000
160,20,3,[NULL],9000
160,20,0,1,9997
160,20,6,"8,9",9997
160,20,"2,4","4,5",9998
160,20,4,5,9998
160,20,5,6,9998
161,19,5,0,2
161,19,2,3,2
161,19,3,1,3
161,19,4,[NULL],9000
161,19,1,[NULL],9975
161,19,0,6,9998
162,18,1,6,4
162,18,3,[NULL],9990
162,18,0,2,9997
162,18,2,1,9997
163,17,"2,4",0,2
163,17,4,3,2
163,17,3,3,4
163,17,0,1,9997
163,17,1,0,9998
164,16,2,0,2
164,16,3,0,3
164,16,1,[NULL],9993
164,16,5,[NULL],9993
164,16,4,1,9996
164,16,0,[NULL],9997
165,15,7,3,2
165,15,"5,6",0,2
165,15,4,2,3
165,15,2,[NULL],9990
165,15,6,5,9997
165,15,0,[NULL],9997
165,15,1,[NULL],9997
165,15,3,2,9998
166,14,2,1,2
166,14,"1,7","4,7",2
166,14,7,7,2
166,14,4,"0,4,7",2
166,14,6,"7,9",2
166,14,5,2,9997
166,14,3,[NULL],9997
166,14,0,[NULL],9997
167,13,4,1,2
167,13,"5,6","1,2",2
167,13,6,6,2
167,13,2,3,2
167,13,3,[NULL],9995
167,13,7,2,9997
167,13,"0,1",[NULL],9997
167,13,1,2,9998
168,12,1,3,3
168,12,5,[NULL],9994
168,12,"6,7,8",[NULL],9994
168,12,8,[NULL],9996
168,12,"0,4",[NULL],9996
168,12,4,0,9997
168,12,2,[NULL],9997
168,12,7,5,9998
168,12,3,1,9998
169,11,7,8,3
169,11,3,2,3
169,11,5,[NULL],9993
169,11,2,[NULL],9993
169,11,"0,4,6",[NULL],9996
169,11,4,2,9997
169,11,1,[NULL],9997
169,11,6,"6,7,8",9998
170,10,5,0,2
170,10,6,0,4
170,10,7,[NULL],9993
170,10,8,[NULL],9995
170,10,4,[NULL],9995
170,10,0,[NULL],9997
170,10,1,[NULL],9997
170,10,2,"3,5",9998
170,10,3,6,9998
171,9,6,1,2
171,9,7,[NULL],9990
171,9,5,[NULL],9990
171,9,1,[NULL],9994
171,9,4,8,9997
171,9,3,[NULL],9997
171,9,0,4,9998
171,9,2,5,9998
172,8,4,3,2
172,8,6,4,2
172,8,1,[NULL],9994
172,8,5,[NULL],9994
172,8,2,[NULL],9994
172,8,0,[NULL],9995
172,8,3,5,9997
173,7,0,0,2
173,7,2,[NULL],9990
173,7,1,[NULL],9992
173,7,3,[NULL],9994
173,7,4,2,9998
174,6,2,0,2
174,6,1,[NULL],9990
174,6,3,[NULL],9993
174,6,0,[NULL],9997
175,5,2,[NULL],9993
175,5,1,3,9998
175,5,0,1,9998
176,4,0,2,9998
0,181,0,[NULL],9000
2,179,0,[NULL],9000
6,175,0,[NULL],9000
121,60,0,[NULL],9000
124,57,0,0,2
125,56,0,0,3
126,55,0,0,5
127,54,0,0,9994
128,53,0,0,5
129,52,0,0,9995
132,49,0,0,4
133,48,0,0,3
133,48,1,0,9996
134,47,0,0,2
135,46,1,0,2
135,46,0,0,9997
137,44,0,0,2
138,43,1,2,9998
138,43,0,1,9998
139,42,0,0,2
139,42,1,0,9996
140,41,3,0,2
140,41,1,0,3
140,41,2,2,9998
140,41,0,1,9998
141,40,2,1,2
141,40,1,1,9998
141,40,0,0,9998
142,39,1,1,2
142,39,2,3,9998
142,39,0,1,9998
143,38,1,0,2
143,38,0,1,9998
144,37,1,2,9998
144,37,0,1,9998
145,36,2,0,2
145,36,1,"0,5",3
145,36,0,1,9998
146,35,1,1,2
146,35,0,3,9998
146,35,2,4,9998
147,34,"0,1",0,2
147,34,3,2,2
147,34,1,2,9998
147,34,2,1,9998
148,33,"4,5",1,2
148,33,0,"0,1,6",9998
148,33,5,6,9998
148,33,2,3,9998
148,33,1,"3,5",9998
148,33,3,4,9998
149,32,"2,3",0,2
149,32,"0,1,3,5",1,4
149,32,"1,3,5","6,7,9",9998
149,32,5,"8,9",9998
149,32,3,"2,7",9998
149,32,4,3,9998
150,31,"0,1,2,3",0,2
150,31,3,1,4
150,31,1,3,9998
150,31,2,2,9998
150,31,4,1,9998
151,30,4,0,2
151,30,1,0,9997
151,30,3,"3,4",9998
151,30,2,1,9998
151,30,0,"2,5",9998
152,29,1,"0,1",9996
152,29,2,2,9998
152,29,0,0,9998
153,28,0,0,4
153,28,1,3,9998
154,27,1,"0,1",3
154,27,0,1,9998
155,26,2,2,9996
155,26,0,"1,2",9998
155,26,1,0,9998
156,25,3,2,2
156,25,2,1,2
156,25,"0,1",1,3
156,25,1,2,9996
157,24,2,3,2
157,24,3,4,2
157,24,0,2,5
157,24,1,3,9998
158,23,2,0,2
158,23,1,2,4
158,23,3,5,9998
158,23,0,2,9998
159,22,"4,5","2,4",2
159,22,5,4,2
159,22,6,5,2
159,22,2,1,9997
159,22,"0,3","4,5,6",9998
159,22,3,3,9998
159,22,1,[NULL],9998
160,21,6,0,2
160,21,5,[NULL],9964
160,21,1,0,9997
160,21,"2,3","3,6",9998
160,21,3,6,9998
160,21,0,"3,5,6",9998
160,21,4,7,9998
161,20,1,4,3
161,20,2,[NULL],9979
161,20,0,[NULL],9994
162,19,0,1,2
162,19,1,5,3
162,19,2,[NULL],9000
163,18,2,2,4
163,18,3,0,9997
163,18,1,3,9998
163,18,0,[NULL],9998
164,17,2,3,2
164,17,3,2,3
164,17,0,[NULL],9994
164,17,1,3,9996
165,16,1,[NULL],9995
165,16,2,3,9998
165,16,0,[NULL],9998
166,15,2,1,2
166,15,"0,1",[NULL],9997
166,15,1,5,9998
167,14,5,7,2
167,14,1,3,2
167,14,4,4,3
167,14,"0,3",4,9998
167,14,3,3,9998
167,14,2,1,9998
168,13,"6,7,8",0,2
168,13,"7,8",2,3
168,13,5,1,3
168,13,2,[NULL],9987
168,13,8,[NULL],9995
168,13,"3,4",3,9997
168,13,0,[NULL],9997
168,13,"1,4",[NULL],9997
168,13,4,1,9998
169,12,"3,5",2,2
169,12,6,3,2
169,12,7,2,3
169,12,2,[NULL],9994
169,12,5,[NULL],9994
169,12,4,"0,1",9997
169,12,"0,1",[NULL],9997
169,12,1,4,9998
170,11,4,0,2
170,11,5,2,2
170,11,1,"1,2",9998
170,11,2,8,9998
170,11,3,"5,8",9998
170,11,6,"4,6,7",9998
170,11,0,[NULL],9998
171,10,4,[NULL],9993
171,10,3,[NULL],9996
171,10,1,5,9997
171,10,2,5,9998
171,10,0,[NULL],9998
172,9,2,4,2
172,9,1,[NULL],9993
172,9,0,3,9997
173,8,1,1,4
173,8,2,[NULL],9991
173,8,0,[NULL],9997
173,8,3,6,9998
174,7,3,1,2
174,7,1,0,2
174,7,0,[NULL],9000
174,7,2,[NULL],9997
175,6,2,0,2
175,6,1,[NULL],9995
175,6,0,3,9998
176,5,0,[NULL],9996
0,182,0,[NULL],9000
2,180,0,[NULL],9000
6,176,0,[NULL],9000
121,61,0,[NULL],9000
125,57,0,[NULL],9000
126,56,0,1,5
127,55,1,0,9994
127,55,0,0,9997
128,54,"0,1",0,5
128,54,1,0,9998
129,53,0,0,4
129,53,1,0,9995
130,52,0,1,9998
131,51,0,0,9996
132,50,1,1,4
132,50,0,0,4
133,49,0,1,4
133,49,1,1,9996
134,48,1,0,9996
134,48,0,1,9998
135,47,0,0,9996
136,46,0,2,4
137,45,2,1,2
137,45,1,0,2
137,45,0,0,4
138,44,"1,3",1,3
138,44,3,1,9996
138,44,2,0,9998
138,44,0,1,9998
139,43,2,2,2
139,43,1,0,2
139,43,0,2,9998
140,42,1,1,2
140,42,0,0,2
141,41,3,2,2
141,41,1,0,2
141,41,0,0,4
141,41,2,0,9998
142,40,1,0,2
142,40,2,1,9998
142,40,0,0,9998
143,39,2,1,2
143,39,1,0,2
143,39,0,"0,2",9996
144,38,1,0,2
144,38,"0,3",0,3
144,38,3,4,4
144,38,2,0,9998
145,37,3,0,2
145,37,4,2,2
145,37,2,1,3
145,37,0,"0,2",9998
145,37,1,0,9998
146,36,2,1,2
146,36,1,2,2
146,36,0,0,9996
146,36,3,2,9998
147,35,"0,1,6",0,2
147,35,6,5,2
147,35,3,2,2
147,35,5,"1,2",2
147,35,4,3,2
147,35,2,1,9997
147,35,1,0,9998
148,34,"6,7,9","1,3,5",2
148,34,"8,9",5,2
148,34,"2,7",3,2
148,34,3,4,2
148,34,7,0,3
148,34,"0,1,4,9",1,4
148,34,"1,9","3,4",9998
148,34,"4,5,9","0,2,4",9998
148,34,9,4,9998
148,34,5,2,9998
149,33,3,1,2
149,33,2,2,2
149,33,1,4,2
149,33,"0,4",0,4
149,33,4,2,9998
149,33,5,"3,4",9998
150,32,"3,4",3,2
150,32,1,2,2
150,32,"2,5",0,2
150,32,5,0,9996
150,32,0,1,9997
150,32,4,0,9998
151,31,2,2,2
151,31,0,0,2
151,31,1,0,9996
151,31,3,"1,2",9998
152,30,3,1,2
152,30,"0,1",0,3
152,30,"1,2",0,4
152,30,2,[NULL],9000
153,29,1,0,2
153,29,2,2,3
153,29,0,1,3
154,28,"1,2",0,2
154,28,0,1,2
154,28,2,0,9996
155,27,"0,1",4,3
155,27,1,3,9996
155,27,2,1,9998
156,26,3,1,2
156,26,0,"0,2",3
156,26,2,3,5
156,26,1,"0,2",9998
157,25,5,3,2
157,25,2,0,2
157,25,1,0,4
157,25,0,2,9997
157,25,3,"1,2",9998
157,25,4,0,9998
158,24,"4,5,6","0,3",2
158,24,3,3,2
158,24,"5,7",[NULL],9980
158,24,"0,2,6",[NULL],9993
158,24,6,1,9996
158,24,2,0,9996
158,24,7,2,9998
158,24,1,0,9998
159,23,"3,6","2,3",2
159,23,6,3,2
159,23,5,"0,2,3",2
159,23,7,4,2
159,23,1,0,3
159,23,"8,9",6,3
159,23,9,[NULL],9952
159,23,4,[NULL],9980
159,23,0,2,9996
159,23,2,1,9997
159,23,10,3,9998
160,22,4,[NULL],9000
160,22,1,1,9997
160,22,2,1,9998
160,22,0,"1,3",9998
160,22,3,2,9998
161,21,2,0,3
161,21,1,2,3
161,21,0,[NULL],9977
162,20,3,1,2
162,20,1,0,3
162,20,0,[NULL],9000
162,20,2,4,9996
163,19,1,2,4
163,19,0,[NULL],9980
163,19,2,[NULL],9980
164,18,3,2,2
164,18,5,6,3
164,18,4,[NULL],3
164,18,0,[NULL],9978
164,18,2,[NULL],9995
164,18,1,[NULL],9995
165,17,5,0,2
165,17,2,5,3
165,17,4,[NULL],9994
165,17,"0,1",[NULL],9996
165,17,1,3,9998
165,17,3,5,9998
166,16,4,"0,3",2
166,16,3,3,2
166,16,1,2,2
166,16,2,7,3
166,16,"0,5",2,9997
166,16,5,5,9998
167,15,1,1,2
167,15,0,4,3
167,15,3,[NULL],9995
167,15,2,"4,5",9998
168,14,4,1,2
168,14,2,"0,6",3
168,14,"0,1",[NULL],9992
168,14,3,5,9997
168,14,1,3,9997
169,13,"1,2",1,2
169,13,8,2,2
169,13,5,"2,3",2
169,13,"4,6,7",6,2
169,13,7,[NULL],9992
169,13,2,[NULL],9992
169,13,3,[NULL],9992
169,13,0,2,9997
169,13,6,4,9998
170,12,5,2,2
170,12,8,4,3
170,12,7,[NULL],9990
170,12,2,[NULL],9995
170,12,3,[NULL],9995
170,12,1,[NULL],9995
170,12,"0,4",[NULL],9996
170,12,4,"3,5",9998
170,12,10,6,9998
170,12,6,"3,4",9998
170,12,9,4,9998
171,11,5,3,3
171,11,"6,7",[NULL],9992
171,11,0,[NULL],9993
171,11,"2,3",[NULL],9996
171,11,"1,7",[NULL],9996
171,11,"3,4","3,5,6",9998
171,11,"4,7,8","1,2,3,5,6",9998
171,11,7,4,9998
171,11,8,6,9998
172,10,6,3,2
172,10,3,[NULL],9991
172,10,2,[NULL],9994
172,10,5,[NULL],9994
172,10,1,6,9998
172,10,4,"5,6",9998
172,10,0,[NULL],9998
173,9,2,[NULL],9988
173,9,3,[NULL],9991
173,9,4,[NULL],9992
173,9,1,[NULL],9996
173,9,0,[NULL],9997
173,9,5,5,9998
174,8,3,0,2
174,8,2,[NULL],9992
174,8,4,[NULL],9994
174,8,1,[NULL],9996
174,8,0,[NULL],9997
175,7,3,[NULL],9991
175,7,0,0,9998
175,7,2,3,9998
175,7,1,1,9998
176,6,1,[NULL],9995
176,6,0,[NULL],9996
176,6,2,3,9998
177,5,2,[NULL],9991
177,5,0,[NULL],9995
177,5,1,0,9998
178,4,0,"0,1",9996
0,183,0,[NULL],9000
2,181,0,[NULL],9000
6,177,0,[NULL],9000
123,60,0,[NULL],9000
125,58,0,[NULL],9000
126,57,0,0,5
127,56,0,1,2
127,56,1,[NULL],9000
128,55,0,1,5
128,55,1,0,9998
129,54,1,0,2
129,54,0,0,9995
132,51,0,0,4
133,50,1,0,2
133,50,0,0,9995
134,49,0,0,3
134,49,1,1,9998
137,46,0,2,2
137,46,1,0,2
138,45,2,0,2
138,45,0,0,9998
138,45,1,1,9998
139,44,0,0,9997
140,43,0,2,2
141,42,1,2,2
141,42,0,0,2
142,41,0,1,9998
143,40,0,2,2
144,39,"0,2",0,2
144,39,2,"0,1",2
144,39,1,1,9998
145,38,2,3,2
145,38,"0,1","1,3",9998
145,38,1,3,9998
146,37,0,1,2
146,37,1,2,9998
147,36,"3,4","1,9",2
147,36,"0,2,4","4,5,9",2
147,36,4,9,2
147,36,2,5,2
147,36,1,2,9998
148,35,2,4,2
148,35,"3,4",5,2
148,35,4,"0,5",9997
148,35,"0,1","2,4",9998
148,35,1,4,9998
149,34,0,4,2
149,34,1,1,9997
149,34,2,"3,4",9998
150,33,"1,2",3,2
150,33,0,1,3
150,33,2,2,9998
151,32,0,"1,2",9998
153,30,0,3,9998
154,29,1,2,2
154,29,0,3,9998
155,28,"0,2",1,2
155,28,1,[NULL],9981
155,28,2,3,9998
156,27,"1,2",3,2
156,27,0,4,2
156,27,2,"4,5",9998
157,26,2,7,2
157,26,0,1,2
157,26,1,3,9998
158,25,3,10,2
158,25,1,2,3
158,25,4,[NULL],9981
158,25,2,[NULL],9994
158,25,0,[NULL],9997
159,24,1,2,2
159,24,3,"0,2",2
159,24,2,3,2
159,24,0,1,3
159,24,4,4,9997
160,23,3,[NULL],9966
160,23,2,[NULL],9981
160,23,0,3,9998
160,23,1,2,9998
161,22,1,[NULL],9981
161,22,0,3,9998
162,21,0,3,3
163,20,1,4,4
163,20,0,3,9998
164,19,3,0,2
164,19,5,3,2
164,19,4,[NULL],9992
164,19,0,[NULL],9995
164,19,2,4,9997
164,19,1,2,9998
165,18,5,0,2
165,18,1,[NULL],9991
165,18,3,[NULL],9992
165,18,2,[NULL],9992
165,18,0,[NULL],9992
165,18,4,7,9998
166,17,"4,5",2,2
166,17,3,[NULL],9990
166,17,0,[NULL],9995
166,17,5,[NULL],9996
166,17,2,1,9997
166,17,1,2,9997
167,16,3,"3,4,5",3
167,16,5,[NULL],9992
167,16,2,[NULL],9994
167,16,1,[NULL],9996
167,16,4,2,9997
167,16,0,2,9998
168,15,4,6,2
168,15,"0,1",4,3
168,15,"2,3",[NULL],9990
168,15,3,[NULL],9993
168,15,1,[NULL],9995
169,14,"3,5",4,2
169,14,6,10,2
169,14,"4,5","4,6",2
169,14,5,"4,6,9",2
169,14,"1,2",[NULL],9993
169,14,2,"2,4",9997
169,14,0,4,9998
170,13,"3,5,6","3,4",2
170,13,"1,2","3,7,8",2
170,13,4,1,2
170,13,6,"1,2,3,7,8",2
170,13,5,1,3
170,13,2,2,9996
170,13,0,4,9998
171,12,6,1,2
171,12,5,"1,4",2
171,12,3,0,3
171,12,1,[NULL],9993
171,12,4,[NULL],9993
171,12,2,[NULL],9993
171,12,0,4,9998
172,11,5,5,2
172,11,2,[NULL],9992
172,11,4,4,9996
172,11,3,3,9997
172,11,0,"3,5",9998
172,11,1,4,9998
173,10,1,[NULL],9995
173,10,0,[NULL],9997
174,9,0,0,2
174,9,3,2,2
174,9,1,1,2
174,9,2,[NULL],9000
175,8,3,2,2
175,8,2,[NULL],9996
175,8,0,[NULL],9996
175,8,1,8,9998
176,7,0,1,2
177,6,0,3,9998
178,5,0,2,9996
0,184,0,[NULL],9000
2,182,0,[NULL],9000
6,178,0,[NULL],9000
123,61,0,[NULL],9000
125,59,0,[NULL],9000
126,58,0,0,3
126,58,1,0,5
127,57,0,1,2
127,57,1,[NULL],9000
128,56,0,0,5
128,56,1,0,9997
129,55,0,0,9994
132,52,0,1,4
133,51,1,1,2
133,51,0,0,9995
134,50,0,2,9998
137,47,0,0,2
137,47,1,1,2
138,46,0,1,4
141,43,1,0,2
141,43,0,1,9998
142,42,2,3,9998
142,42,0,"2,3",9998
142,42,1,"1,2",9998
143,41,1,1,2
143,41,0,1,9998
144,40,"1,3","0,1",2
144,40,3,1,2
144,40,0,1,9998
144,40,2,2,9998
145,39,2,1,2
145,39,1,2,9998
145,39,0,1,9998
146,38,2,1,2
146,38,1,2,3
146,38,3,3,9998
146,38,0,1,9998
147,37,"2,4","0,1",2
147,37,4,1,2
147,37,3,2,9998
147,37,1,1,9998
147,37,0,0,9998
148,36,"3,4",2,2
148,36,4,4,9997
148,36,"1,2","2,4",9998
148,36,2,4,9998
148,36,0,1,9998
149,35,2,2,2
149,35,1,0,3
149,35,0,2,9998
150,34,"1,2",0,2
150,34,2,2,9998
150,34,0,1,9998
151,33,"0,1",1,4
151,33,3,4,9998
151,33,1,1,9998
151,33,2,2,9998
152,32,3,0,2
152,32,1,"1,4",9998
152,32,2,2,9998
152,32,0,"3,4",9998
153,31,3,0,2
153,31,1,"0,1",9996
153,31,4,4,9998
153,31,0,2,9998
153,31,2,1,9998
154,30,3,2,2
154,30,2,2,4
154,30,0,2,9998
154,30,1,1,9998
155,29,"4,5",2,2
155,29,2,1,4
155,29,0,"0,1,5",9998
155,29,5,5,9998
155,29,3,4,9998
155,29,1,2,9998
156,28,3,1,2
156,28,2,0,3
156,28,0,"1,2",9996
156,28,4,"3,4",9998
156,28,1,1,9998
157,27,2,1,9996
157,27,0,"1,2",9998
157,27,3,3,9998
157,27,1,0,9998
158,26,1,2,3
158,26,2,1,5
158,26,0,"1,3",9998
159,25,3,0,2
159,25,2,1,2
159,25,1,1,3
159,25,0,3,9998
160,24,3,0,2
160,24,1,2,9996
160,24,0,"0,1",9997
160,24,2,4,9998
161,23,1,[NULL],9000
161,23,0,1,9998
161,23,2,3,9998
162,22,3,0,2
162,22,1,[NULL],9994
162,22,2,3,9998
162,22,0,[NULL],9998
163,21,2,1,2
163,21,3,1,4
163,21,1,[NULL],9982
163,21,"4,5",[NULL],9982
163,21,0,[NULL],9997
163,21,5,4,9998
164,20,7,4,2
164,20,5,[NULL],9000
164,20,6,4,9997
164,20,3,[NULL],9997
164,20,0,[NULL],9997
164,20,1,[NULL],9997
164,20,2,3,9998
164,20,4,2,9998
165,19,2,"0,5",3
165,19,3,3,9998
165,19,0,[NULL],9998
165,19,1,[NULL],9998
166,18,2,0,2
166,18,3,[NULL],9982
166,18,0,[NULL],9993
166,18,4,5,9996
166,18,1,2,9997
167,17,5,3,3
167,17,3,1,3
167,17,1,4,9998
167,17,4,5,9998
167,17,2,"3,5",9998
167,17,0,[NULL],9998
168,16,4,0,2
168,16,2,0,3
168,16,3,4,9997
168,16,0,5,9998
168,16,1,3,9998
169,15,4,0,2
169,15,3,[NULL],9993
169,15,5,2,9997
169,15,1,4,9998
169,15,"0,2","1,4",9998
169,15,2,5,9998
170,14,4,0,2
170,14,5,[NULL],9994
170,14,"0,3",[NULL],9997
170,14,"1,3",[NULL],9997
170,14,2,[NULL],9997
170,14,3,2,9998
171,13,"3,5",0,2
171,13,4,1,2
171,13,"6,7",[NULL],9994
171,13,1,[NULL],9995
171,13,5,2,9998
171,13,7,4,9998
171,13,2,0,9998
171,13,0,[NULL],9998
172,12,6,[NULL],9987
172,12,3,[NULL],9993
172,12,2,1,9996
172,12,"5,7",[NULL],9997
172,12,8,[NULL],9997
172,12,1,6,9998
172,12,4,"1,2",9998
172,12,7,4,9998
172,12,0,[NULL],9998
173,11,8,[NULL],9994
173,11,"5,6",[NULL],9994
173,11,"0,3",[NULL],9994
173,11,"3,6",[NULL],9996
173,11,2,[NULL],9996
173,11,7,[NULL],9996
173,11,"1,4",[NULL],9996
173,11,6,2,9998
173,11,4,5,9998
174,10,8,1,2
174,10,"4,6",[NULL],9994
174,10,6,[NULL],9994
174,10,2,[NULL],9994
174,10,7,[NULL],9996
174,10,9,[NULL],9996
174,10,1,[NULL],9996
174,10,0,[NULL],9997
174,10,"3,5",1,9998
174,10,5,0,9998
175,9,5,[NULL],9990
175,9,3,[NULL],9993
175,9,7,[NULL],9993
175,9,4,[NULL],9993
175,9,2,[NULL],9997
175,9,0,[NULL],9997
175,9,1,0,9998
175,9,6,2,9998
176,8,3,0,2
176,8,1,[NULL],9995
176,8,0,[NULL],9995
176,8,2,0,9997
177,7,2,[NULL],9992
177,7,4,[NULL],9997
177,7,"1,3",[NULL],9997
177,7,"0,3",[NULL],9997
177,7,3,1,9998
178,6,2,[NULL],9992
178,6,0,[NULL],9993
178,6,1,[NULL],9993
178,6,3,[NULL],9993
179,5,0,[NULL],9991
0,185,0,[NULL],9000
2,183,0,[NULL],9000
6,179,0,[NULL],9000
123,62,0,[NULL],9000
125,60,0,[NULL],9000
126,59,0,[NULL],9000
127,58,0,[NULL],9000
128,57,0,0,5
129,56,0,[NULL],9000
130,55,0,0,4
131,54,0,0,9998
132,53,1,1,4
132,53,0,0,9997
133,52,2,0,2
133,52,0,1,4
133,52,1,0,9995
134,51,0,0,4
134,51,1,1,9998
135,50,0,"0,1,2",9996
136,49,1,0,9996
136,49,0,0,9998
137,48,1,3,4
137,48,0,1,9998
138,47,0,0,3
139,46,0,0,9996
140,45,1,0,2
140,45,0,0,9996
141,44,3,2,2
141,44,2,"0,2",2
141,44,1,"0,1,2",2
141,44,0,1,9998
142,43,1,0,2
142,43,"0,2",0,4
142,43,2,1,9998
143,42,1,0,2
143,42,2,2,2
143,42,0,"0,1",9998
144,41,2,1,2
144,41,1,0,2
144,41,0,0,9996
144,41,3,1,9998
145,40,3,3,2
145,40,1,0,2
145,40,0,0,4
145,40,2,0,9998
146,39,2,3,2
146,39,1,1,2
146,39,0,0,2
147,38,"2,4","1,2",2
147,38,4,2,2
147,38,1,0,2
147,38,"0,5",4,3
147,38,5,0,9996
147,38,3,0,9998
148,37,2,0,2
148,37,1,1,3
148,37,0,"1,2,3,4",9998
148,37,"3,4","0,3",9998
148,37,4,3,9998
149,36,2,2,2
149,36,1,0,2
149,36,0,5,4
150,35,4,3,2
150,35,1,1,2
150,35,2,2,2
150,35,0,1,4
150,35,3,0,9998
151,34,"1,4",1,2
151,34,2,2,2
151,34,"3,4",0,2
151,34,4,3,9996
151,34,0,0,9998
152,33,4,4,2
152,33,2,0,2
152,33,1,2,2
152,33,0,"0,4",9996
152,33,3,0,9998
153,32,2,0,2
153,32,1,1,2
153,32,0,2,4
153,32,3,1,9998
154,31,"0,1,5",0,2
154,31,5,5,2
154,31,4,3,2
154,31,2,1,2
154,31,3,1,4
154,31,1,0,9998
155,30,"3,4",4,2
155,30,1,1,2
155,30,2,"0,1",9996
155,30,0,"0,1,2",9998
155,30,4,2,9998
156,29,"1,2",0,2
156,29,3,3,2
156,29,0,1,2
156,29,2,"1,6",9996
156,29,4,"2,3",9998
157,28,"1,3",0,2
157,28,3,6,4
157,28,0,2,4
157,28,2,2,9998
157,28,4,3,9998
158,27,3,0,2
158,27,4,4,3
158,27,2,0,4
158,27,1,[NULL],9996
158,27,0,"0,2,3",9998
158,27,5,3,9998
159,26,4,2,2
159,26,1,0,9995
159,26,2,1,9996
159,26,0,3,9998
159,26,3,1,9998
160,25,1,0,2
160,25,3,2,2
160,25,2,[NULL],9983
160,25,0,0,9997
161,24,3,2,2
161,24,4,2,4
161,24,5,[NULL],9975
161,24,2,2,9997
161,24,0,"1,2",9998
161,24,1,0,9998
162,23,4,"0,5",2
162,23,2,[NULL],9000
162,23,1,[NULL],9983
162,23,0,1,9998
162,23,3,0,9998
163,22,3,2,2
163,22,2,4,2
163,22,4,2,3
163,22,1,3,9996
163,22,0,1,9997
164,21,3,3,2
164,21,2,[NULL],9983
164,21,1,3,9998
164,21,0,2,9998
165,20,1,2,3
165,20,2,"1,5",3
165,20,4,4,9998
165,20,0,1,9998
165,20,3,[NULL],9998
166,19,4,1,2
166,19,5,4,2
166,19,3,"2,4",2
166,19,2,4,3
166,19,1,[NULL],9992
166,19,6,[NULL],9992
166,19,0,[NULL],9997
167,18,5,0,2
167,18,3,1,2
167,18,2,[NULL],9000
167,18,4,[NULL],9997
167,18,1,5,9998
167,18,0,4,9998
168,17,4,1,2
168,17,1,"0,1,2",2
168,17,5,2,2
168,17,2,1,3
168,17,3,[NULL],9996
168,17,0,"0,4",9997
169,16,2,1,2
169,16,4,[NULL],9000
169,16,"0,1",1,9997
169,16,1,3,9998
169,16,3,5,9998
170,15,2,5,2
170,15,4,7,2
170,15,0,2,2
170,15,"1,3",[NULL],9987
170,15,3,[NULL],9995
171,14,6,1,2
171,14,"1,2",4,2
171,14,4,7,2
171,14,3,3,3
171,14,2,[NULL],9985
171,14,7,[NULL],9992
171,14,5,[NULL],9995
171,14,0,1,9998
172,13,2,6,2
172,13,5,4,2
172,13,6,[NULL],9994
172,13,3,[NULL],9994
172,13,4,[NULL],9994
172,13,1,3,9997
172,13,0,[NULL],9998
173,12,1,"3,5",2
173,12,0,5,2
173,12,3,[NULL],9991
173,12,4,[NULL],9994
173,12,2,[NULL],9995
174,11,0,1,2
174,11,2,6,2
174,11,3,[NULL],9992
174,11,1,5,9998
175,10,1,[NULL],9996
175,10,"0,2",[NULL],9996
175,10,2,7,9998
176,9,1,3,2
176,9,2,[NULL],9996
176,9,0,2,9997
177,8,"0,1",0,4
177,8,2,[NULL],9994
177,8,1,[NULL],9995
178,7,2,[NULL],9990
178,7,1,[NULL],9991
178,7,0,[NULL],9994
179,6,1,[NULL],9996
179,6,0,2,9998
0,186,0,[NULL],9000
2,184,0,[NULL],9000
6,180,0,[NULL],9000
125,61,0,[NULL],9000
126,60,0,0,6
127,59,0,1,3
127,59,1,[NULL],9000
128,58,0,1,5
129,57,0,[NULL],9000
130,56,0,0,2
131,55,0,0,9998
133,53,1,1,2
133,53,0,0,9995
134,52,0,1,9998
135,51,0,0,2
136,50,1,0,2
136,50,0,0,9998
137,49,0,1,9998
140,46,1,0,2
140,46,0,1,9997
141,45,1,2,2
141,45,0,"1,2",9997
142,44,"0,1",0,2
142,44,1,"1,2",9997
143,43,1,3,2
143,43,0,0,9997
144,42,0,2,2
144,42,1,0,9998
145,41,0,1,9998
146,40,0,3,2
147,39,"1,2,3,4",0,2
147,39,"0,3","3,4",2
147,39,3,4,2
147,39,4,4,3
147,39,2,1,9998
148,38,2,0,9997
148,38,0,"1,2",9998
148,38,1,2,9998
149,37,0,3,2
150,36,0,0,2
151,35,0,3,2
152,34,1,3,2
152,34,0,2,9997
153,33,0,0,2
153,33,1,3,9998
154,32,"0,1,2",0,2
154,32,2,4,2
154,32,1,2,9998
155,31,"2,3",4,2
155,31,"0,3","0,1,6",9998
155,31,3,6,9998
155,31,1,5,9998
156,30,2,2,2
156,30,3,4,2
156,30,"0,1",[NULL],9984
156,30,1,"6,7,8",9998
156,30,4,"7,8",9998
157,29,"0,2,3",0,2
157,29,3,5,2
157,29,1,[NULL],9000
157,29,2,3,9998
157,29,4,4,9998
158,28,3,0,2
158,28,1,3,2
158,28,0,"0,3",9997
158,28,2,"3,4",9998
158,28,4,5,9998
159,27,"0,1",0,3
159,27,1,2,9997
159,27,2,2,9998
160,26,"1,2",0,2
160,26,0,1,2
160,26,2,[NULL],9969
161,25,1,0,2
161,25,0,3,2
162,24,1,[NULL],9000
162,24,0,4,9997
163,23,3,1,2
163,23,2,0,2
163,23,4,6,3
163,23,1,[NULL],9000
163,23,0,3,9998
164,22,4,4,2
164,22,1,0,2
164,22,0,5,9997
164,22,3,4,9998
164,22,2,3,9998
165,21,2,1,3
165,21,4,4,9995
165,21,3,[NULL],9995
165,21,1,1,9997
165,21,0,4,9998
166,20,5,1,2
166,20,4,0,2
166,20,2,[NULL],9000
166,20,7,[NULL],9975
166,20,3,[NULL],9993
166,20,6,[NULL],9995
166,20,1,"0,2",9996
166,20,0,2,9998
167,19,4,3,3
167,19,2,[NULL],9995
167,19,1,2,9997
167,19,5,6,9998
167,19,3,4,9998
167,19,6,7,9998
167,19,0,[NULL],9998
168,18,3,1,2
168,18,5,3,2
168,18,2,5,3
168,18,0,[NULL],9993
168,18,4,[NULL],9996
168,18,1,[NULL],9996
169,17,2,2,4
169,17,1,[NULL],9000
169,17,"0,3",[NULL],9997
169,17,3,4,9998
170,16,1,0,2
170,16,0,1,9997
171,15,4,4,4
171,15,1,[NULL],9996
171,15,2,[NULL],9996
171,15,0,[NULL],9996
171,15,3,1,9998
172,14,3,2,9997
172,14,2,[NULL],9997
172,14,0,[NULL],9997
172,14,1,[NULL],9997
173,13,5,1,2
173,13,3,[NULL],9000
173,13,4,[NULL],9995
173,13,2,[NULL],9996
173,13,0,2,9998
173,13,1,3,9998
174,12,7,0,2
174,12,8,[NULL],9000
174,12,5,[NULL],9989
174,12,6,[NULL],9996
174,12,"3,4","1,2",9997
174,12,2,[NULL],9997
174,12,1,[NULL],9997
174,12,"0,4",[NULL],9997
174,12,4,3,9998
175,11,0,2,3
175,11,5,[NULL],9993
175,11,4,[NULL],9995
175,11,3,[NULL],9995
175,11,1,[NULL],9997
175,11,2,"2,3",9998
176,10,3,[NULL],9989
176,10,4,[NULL],9990
176,10,"1,2",[NULL],9993
176,10,2,3,9997
176,10,0,[NULL],9997
177,9,2,0,4
177,9,1,[NULL],9996
177,9,0,[NULL],9996
178,8,2,0,2
178,8,1,[NULL],9993
178,8,0,1,9998
179,7,0,[NULL],9990
179,7,2,[NULL],9992
179,7,1,1,9998
180,6,2,[NULL],9000
180,6,1,1,9997
180,6,0,[NULL],9997
181,5,1,[NULL],9995
181,5,0,0,9998
0,187,0,[NULL],9000
2,185,0,[NULL],9000
6,181,0,[NULL],9000
125,62,0,[NULL],9000
126,61,0,1,6
127,60,0,[NULL],9000
127,60,1,[NULL],9000
128,59,0,0,5
129,58,0,[NULL],9000
130,57,0,0,2
131,56,0,0,3
132,55,0,0,5
133,54,1,0,2
133,54,0,1,9995
134,53,0,2,9998
135,52,0,0,2
136,51,1,0,2
136,51,0,1,9998
137,50,0,2,9998
141,46,0,0,9996
143,44,0,1,2
144,43,1,0,2
144,43,0,1,9998
144,43,2,2,9998
145,42,1,"2,3",9998
145,42,0,"1,3",9998
146,41,1,2,2
146,41,0,1,9998
147,40,"1,2",0,2
147,40,2,1,2
147,40,0,1,9998
148,39,1,"2,3",9998
148,39,2,3,9998
148,39,0,1,9998
149,38,0,1,9998
150,37,1,1,9998
150,37,0,0,9998
151,36,1,2,9998
151,36,0,"1,3",9998
152,35,3,1,2
152,35,"0,1",1,4
152,35,2,1,9998
152,35,1,3,9998
153,34,2,1,2
153,34,0,4,9998
153,34,3,5,9998
153,34,1,1,9998
154,33,"0,1,6","0,3",2
154,33,6,3,2
154,33,5,1,2
154,33,"2,3",0,9997
154,33,1,3,9998
154,33,3,2,9998
154,33,4,1,9998
155,32,"6,7,8",1,2
155,32,"7,8",4,2
155,32,"1,2",0,4
155,32,"4,5,8","3,4,5,7",9998
155,32,8,7,9998
155,32,0,"6,7",9998
155,32,5,5,9998
155,32,2,"2,6",9998
155,32,3,1,9998
156,31,3,2,2
156,31,4,4,2
156,31,1,2,4
156,31,5,"5,6",9998
156,31,0,2,9998
156,31,2,0,9998
157,30,"3,4",2,2
157,30,5,4,2
157,30,2,0,9996
157,30,4,3,9998
157,30,6,4,9998
157,30,0,2,9998
157,30,1,0,9998
158,29,2,2,2
158,29,1,"0,2",9996
158,29,3,"4,5",9998
158,29,0,1,9998
159,28,0,0,3
159,28,2,1,4
159,28,3,3,9998
159,28,1,0,9998
160,27,2,2,3
160,27,0,0,9998
160,27,1,1,9998
161,26,"1,2",[NULL],9000
161,26,2,2,9996
161,26,0,"1,2",9998
162,25,3,0,2
162,25,1,0,3
162,25,2,[NULL],9985
162,25,0,"2,4",9998
163,24,4,3,2
163,24,3,2,2
163,24,2,[NULL],9000
163,24,"0,1,5",[NULL],9985
163,24,1,"0,4",9998
163,24,5,4,9998
164,23,4,0,2
164,23,5,[NULL],9000
164,23,1,[NULL],9983
164,23,0,1,9997
164,23,3,4,9998
164,23,2,8,9998
165,22,2,0,2
165,22,5,4,4
165,22,"3,4",[NULL],9991
165,22,4,[NULL],9996
165,22,1,0,9997
165,22,0,5,9998
166,21,6,5,2
166,21,4,3,2
166,21,7,6,2
166,21,8,[NULL],9955
166,21,5,3,9996
166,21,3,5,9996
166,21,2,[NULL],9996
166,21,0,[NULL],9996
166,21,1,2,9998
167,20,"0,4",0,3
167,20,"3,4",2,9997
167,20,2,1,9998
167,20,4,3,9998
167,20,1,[NULL],9998
168,19,4,3,2
168,19,1,"0,1",3
168,19,2,3,9996
168,19,0,"0,3",9998
168,19,3,3,9998
169,18,"1,2",[NULL],9996
169,18,2,3,9998
169,18,0,[NULL],9998
170,17,1,3,2
170,17,0,[NULL],9996
171,16,3,1,3
171,16,1,2,4
171,16,5,[NULL],9996
171,16,4,[NULL],9996
171,16,0,[NULL],9996
171,16,6,[NULL],9997
171,16,2,2,9998
172,15,2,0,2
172,15,3,1,2
172,15,5,[NULL],9000
172,15,1,[NULL],9996
172,15,4,[NULL],9996
172,15,0,3,9998
173,14,3,0,2
173,14,"4,5",[NULL],9993
173,14,5,[NULL],9996
173,14,1,[NULL],9996
173,14,2,[NULL],9997
173,14,0,[NULL],9997
174,13,"2,3",2,2
174,13,1,[NULL],9994
174,13,5,[NULL],9996
174,13,"3,4",[NULL],9996
174,13,4,1,9998
174,13,0,3,9998
175,12,2,0,3
175,12,0,[NULL],9994
175,12,4,[NULL],9996
175,12,3,[NULL],9996
175,12,1,"2,3",9998
176,11,2,[NULL],9996
176,11,3,[NULL],9996
176,11,1,[NULL],9997
176,11,4,[NULL],9997
176,11,0,[NULL],9998
177,10,1,0,2
177,10,0,[NULL],9997
178,9,1,1,2
178,9,0,[NULL],9994
179,8,0,[NULL],9996
179,8,1,1,9998
180,7,0,0,2
181,6,0,2,9998
0,188,0,[NULL],9000
2,186,0,[NULL],9000
6,182,0,[NULL],9000
125,63,0,[NULL],9000
127,61,0,[NULL],9000
129,59,0,[NULL],9000
130,58,0,1,9998
132,56,0,0,5
133,55,2,0,2
133,55,1,0,9995
133,55,0,0,9996
134,54,"0,1,2",0,4
134,54,2,2,9998
134,54,1,1,9998
135,53,1,0,2
135,53,0,1,4
136,52,2,0,2
136,52,0,0,9997
136,52,1,0,9998
137,51,0,0,9996
138,50,0,0,4
139,49,1,0,3
139,49,0,0,4
140,48,"1,2",0,3
140,48,2,0,9996
140,48,0,0,9998
141,47,"1,2",1,3
141,47,2,1,9996
141,47,0,1,9998
142,46,0,0,3
143,45,1,0,2
143,45,2,2,2
143,45,0,0,4
144,44,"2,3",1,2
144,44,"1,3",0,2
144,44,3,2,9996
144,44,0,0,9998
145,43,1,0,2
145,43,0,0,9997
145,43,2,0,9998
146,42,1,0,2
146,42,0,5,4
147,41,"2,3",1,2
147,41,3,2,2
147,41,1,0,2
147,41,0,2,3
148,40,1,0,2
148,40,0,"0,1",9996
148,40,2,0,9998
149,39,1,1,2
149,39,0,0,2
150,38,2,1,2
150,38,"1,3",0,2
150,38,3,4,4
150,38,0,1,9998
151,37,1,2,2
151,37,3,1,2
151,37,2,0,3
151,37,"0,4",0,4
151,37,4,1,9998
152,36,4,0,2
152,36,5,3,2
152,36,1,1,2
152,36,2,0,9996
152,36,"0,3","0,1,2",9998
152,36,3,0,9998
153,35,3,1,2
153,35,2,3,2
153,35,1,4,2
153,35,0,0,9996
153,35,4,1,9998
154,34,"3,4,5,7","4,5,8",2
154,34,7,8,2
154,34,6,"0,8",2
154,34,5,5,2
154,34,2,"0,2,8",2
154,34,1,3,2
154,34,0,2,4
154,34,4,1,9998
155,33,"5,6",5,2
155,33,2,0,2
155,33,0,2,2
155,33,"1,6",2,4
155,33,"3,4,6","0,1,2,3",9998
155,33,6,3,9998
155,33,4,2,9998
156,32,3,4,2
156,32,4,6,2
156,32,2,0,2
156,32,0,1,2
156,32,1,0,9996
156,32,5,"2,3",9998
157,31,"4,5",3,2
157,31,1,0,2
157,31,"0,3",0,3
157,31,3,[NULL],25
157,31,2,0,9996
157,31,5,1,9998
157,31,6,2,9998
158,30,3,3,2
158,30,0,1,2
158,30,2,1,3
158,30,1,2,4
158,30,4,"0,1",9998
159,29,0,0,2
159,29,1,1,2
159,29,2,1,9998
160,28,"1,2",0,2
160,28,2,1,9996
160,28,0,2,9998
161,27,"2,4",0,2
161,27,4,0,3
161,27,0,[NULL],9986
161,27,3,3,9998
161,27,1,"1,3",9998
162,26,"0,4",1,2
162,26,4,"0,1",2
162,26,3,1,4
162,26,6,[NULL],9000
162,26,1,4,9997
162,26,2,3,9997
162,26,5,2,9998
163,25,4,3,2
163,25,8,2,2
163,25,5,0,3
163,25,2,[NULL],9000
163,25,1,[NULL],9000
163,25,7,[NULL],9978
163,25,3,3,9996
163,25,0,"0,4",9998
163,25,6,2,9998
164,24,5,0,2
164,24,1,1,3
164,24,4,6,9996
164,24,0,2,9997
164,24,2,2,9998
164,24,3,3,9998
165,23,2,1,2
165,23,0,1,9996
165,23,1,3,9998
166,22,1,2,2
166,22,3,4,2
166,22,2,1,3
166,22,0,[NULL],9962
167,21,"0,3",0,2
167,21,3,3,2
167,21,2,1,9998
167,21,1,[NULL],9998
168,20,3,2,2
168,20,0,[NULL],9961
168,20,2,[NULL],9990
168,20,1,[NULL],9991
169,19,1,0,3
169,19,"0,2","1,3",9998
169,19,2,3,9998
170,18,2,2,2
170,18,1,[NULL],9996
170,18,0,[NULL],9997
171,17,3,0,2
171,17,2,3,3
171,17,4,[NULL],9994
171,17,5,[NULL],9997
171,17,1,[NULL],9997
171,17,0,0,9998
172,16,0,[NULL],9997
172,16,1,4,9998
172,16,2,3,9998
173,15,1,4,2
173,15,3,0,2
173,15,2,"3,4",3
173,15,0,[NULL],9998
174,14,"2,3",1,2
174,14,3,[NULL],9995
174,14,1,[NULL],9995
174,14,4,[NULL],9996
174,14,"5,6",[NULL],9996
174,14,0,[NULL],9996
174,14,6,5,9998
175,13,3,2,3
175,13,2,[NULL],9989
175,13,1,[NULL],9997
175,13,4,[NULL],9997
175,13,0,3,9998
176,12,2,[NULL],9994
176,12,1,"4,8",9997
176,12,0,4,9998
177,11,0,"2,3",9998
177,11,1,5,9998
178,10,1,1,2
178,10,"0,2",[NULL],9993
178,10,2,[NULL],9994
179,9,1,1,3
179,9,3,[NULL],9987
179,9,0,[NULL],9994
179,9,2,1,9998
180,8,2,0,2
180,8,0,[NULL],9989
180,8,1,[NULL],9994
181,7,2,[NULL],9981
181,7,0,[NULL],9994
181,7,1,3,9997
182,6,0,[NULL],9993
0,189,0,[NULL],9000
2,187,0,[NULL],9000
6,183,0,[NULL],9000
127,62,0,[NULL],9000
128,61,0,0,6
129,60,1,0,2
129,60,0,[NULL],9000
130,59,0,1,9998
132,57,0,1,5
133,56,2,2,2
133,56,1,1,2
133,56,0,0,9995
134,55,0,1,9998
135,54,0,1,2
136,53,0,1,9998
139,50,0,0,2
140,49,1,0,2
140,49,0,0,9998
141,48,0,1,9998
143,46,0,0,2
144,45,0,2,2
144,45,1,"2,3",9997
147,42,0,2,2
148,41,0,1,9998
149,40,1,0,2
149,40,0,0,9997
150,39,1,4,2
150,39,0,"0,2",9997
151,38,"0,1,2","0,3",2
151,38,"1,2",0,2
151,38,2,"0,2",9997
152,37,1,4,2
152,37,0,1,9998
153,36,1,4,2
153,36,0,"2,3",3
153,36,2,2,9998
154,35,"0,1,2,3","3,4,6",2
154,35,3,6,2
154,35,2,4,2
154,35,1,2,9998
155,34,"2,3",5,2
155,34,3,2,9997
155,34,"0,1","2,3,4",9998
155,34,1,4,9998
156,33,1,5,2
156,33,2,6,2
156,33,0,2,9997
157,32,"0,1",4,2
157,32,1,2,9998
157,32,2,3,9998
158,31,1,2,2
158,31,0,1,5
158,31,2,4,9998
159,30,2,0,2
159,30,1,"3,4",9998
159,30,0,4,9998
160,29,3,3,2
160,29,1,"1,3",2
160,29,0,"0,1,2",9996
160,29,2,4,9998
161,28,2,5,2
161,28,0,[NULL],9000
161,28,1,1,9997
162,27,"0,4",0,2
162,27,2,6,2
162,27,4,[NULL],9000
162,27,1,"0,1,5",9998
162,27,3,5,9998
163,26,2,2,2
163,26,3,3,2
163,26,1,0,3
163,26,0,0,9998
163,26,4,4,9998
164,25,3,1,2
164,25,0,1,3
164,25,1,[NULL],9987
164,25,2,5,9998
165,24,"0,2",1,4
165,24,2,[NULL],9993
165,24,1,6,9997
166,23,1,2,2
166,23,2,"3,4",3
166,23,0,2,9997
167,22,1,[NULL],9000
167,22,2,[NULL],9994
167,22,0,[NULL],9994
168,21,"1,3","0,2",2
168,21,3,2,2
168,21,2,[NULL],9975
168,21,0,3,9997
169,20,2,[NULL],9994
169,20,1,[NULL],9994
169,20,4,[NULL],9994
169,20,0,2,9998
169,20,3,4,9998
170,19,0,0,2
170,19,1,[NULL],9000
170,19,2,[NULL],9990
171,18,4,1,2
171,18,3,2,2
171,18,0,[NULL],9995
171,18,2,2,9997
171,18,1,1,9998
172,17,5,[NULL],3
172,17,0,[NULL],9996
172,17,2,6,9997
172,17,1,2,9997
172,17,3,[NULL],9997
172,17,4,5,9998
173,16,5,6,2
173,16,3,[NULL],9993
173,16,4,[NULL],9995
173,16,1,1,9997
173,16,2,[NULL],9997
173,16,0,[NULL],9998
174,15,3,0,2
174,15,"4,5",[NULL],9996
174,15,1,"3,4,7",9997
174,15,2,[NULL],9997
174,15,0,"5,6",9998
174,15,5,7,9998
175,14,4,0,2
175,14,3,[NULL],9988
175,14,1,"4,5",9997
175,14,2,[NULL],9997
175,14,5,[NULL],9997
175,14,0,[NULL],9997
176,13,"2,3",0,2
176,13,5,1,2
176,13,1,[NULL],9994
176,13,3,[NULL],9996
176,13,4,[NULL],9997
176,13,0,"0,1",9998
177,12,"1,2",[NULL],9995
177,12,3,[NULL],9996
177,12,2,3,9998
177,12,0,"5,6",9998
178,11,1,2,2
178,11,0,4,9998
179,10,1,2,9998
179,10,0,[NULL],9998
180,9,"1,2",[NULL],9995
180,9,2,[NULL],9995
180,9,0,3,9998
181,8,1,[NULL],9995
181,8,0,2,9997
182,7,0,0,9998
0,190,0,[NULL],9000
2,188,0,[NULL],9000
6,184,0,[NULL],9000
127,63,0,[NULL],9000
128,62,0,[NULL],9000
129,61,1,0,2
129,61,0,[NULL],9000
130,60,0,1,9998
132,58,0,0,5
133,57,1,0,2
133,57,0,[NULL],9000
134,56,0,1,9996
135,55,1,0,2
135,55,0,0,3
136,54,0,0,9998
139,51,0,0,2
140,50,1,0,2
140,50,0,0,4
141,49,0,2,9998
143,47,0,"1,2",9998
144,46,0,0,3
145,45,0,1,9998
146,44,0,"0,1",9998
147,43,1,0,2
147,43,0,1,9998
148,42,1,3,9998
148,42,0,2,9998
149,41,0,1,9998
150,40,1,0,9997
150,40,0,1,9998
151,39,1,0,2
151,39,0,1,9998
152,38,2,2,2
152,38,1,2,9998
152,38,0,1,9998
153,37,2,1,2
153,37,1,2,9998
153,37,0,1,9998
154,36,"2,3,4","0,1",2
154,36,4,1,2
154,36,3,3,9998
154,36,1,2,9998
154,36,0,"1,4",9998
155,35,"2,3","3,4,6",9998
155,35,0,5,9998
155,35,3,6,9998
155,35,1,1,9998
156,34,2,1,2
156,34,3,2,2
156,34,0,2,4
156,34,1,1,9998
157,33,4,2,2
157,33,"0,2",1,4
157,33,3,3,9998
157,33,5,4,9998
157,33,2,2,9998
157,33,1,1,9998
158,32,"3,4",1,2
158,32,4,0,2
158,32,0,"0,1,2,4",9996
158,32,1,"2,3",9998
158,32,2,1,9998
159,31,4,2,2
159,31,1,1,9996
159,31,3,3,9998
159,31,2,2,9998
159,31,0,0,9998
160,30,2,2,4
160,30,1,2,9998
160,30,3,4,9998
160,30,0,0,9998
161,29,"0,1,5",1,2
161,29,5,3,2
161,29,4,1,3
161,29,3,2,3
161,29,2,0,9998
161,29,1,2,9998
162,28,0,0,2
162,28,4,4,2
162,28,3,0,9996
162,28,1,"0,3,4",9998
162,28,5,4,9998
162,28,2,1,9998
163,27,5,2,2
163,27,2,0,3
163,27,4,[NULL],9000
163,27,3,[NULL],9000
163,27,0,0,9998
163,27,6,5,9998
163,27,1,4,9998
164,26,4,4,5
164,26,5,[NULL],9987
164,26,"0,2",[NULL],9988
164,26,2,5,9998
164,26,1,"2,6,7",9998
164,26,6,7,9998
164,26,3,"3,6",9998
165,25,3,5,4
165,25,5,3,4
165,25,4,[NULL],9988
165,25,2,"0,1",9997
165,25,1,"0,2,6",9998
165,25,0,0,9998
166,24,4,[NULL],9000
166,24,2,1,9996
166,24,1,5,9997
166,24,3,[NULL],9997
166,24,0,5,9998
167,23,3,2,4
167,23,1,[NULL],9995
167,23,2,0,9997
167,23,0,2,9998
168,22,2,0,2
168,22,4,3,2
168,22,3,[NULL],9000
168,22,1,[NULL],9000
168,22,5,[NULL],9000
168,22,0,1,9998
169,21,"0,3",[NULL],9995
169,21,2,[NULL],9995
169,21,3,3,9996
169,21,1,0,9998
170,20,1,1,2
170,20,3,[NULL],9987
170,20,0,[NULL],9991
170,20,2,2,9995
171,19,5,4,2
171,19,4,[NULL],9977
171,19,"2,3",[NULL],9996
171,19,3,[NULL],9996
171,19,1,4,9998
171,19,0,"4,5",9998
172,18,"3,5",[NULL],9991
172,18,5,[NULL],9993
172,18,2,[NULL],9997
172,18,"0,1,6",[NULL],9997
172,18,1,4,9998
172,18,6,7,9998
172,18,4,[NULL],9998
173,17,"5,6",0,2
173,17,7,4,2
173,17,1,[NULL],9994
173,17,3,[NULL],9995
173,17,"0,2",[NULL],9996
173,17,2,4,9997
173,17,4,[NULL],9997
173,17,6,[NULL],9998
174,16,4,[NULL],9000
174,16,"2,3",[NULL],9993
174,16,"7,8",[NULL],9993
174,16,3,4,9997
174,16,1,[NULL],9997
174,16,0,[NULL],9997
174,16,"5,6,8",[NULL],9997
174,16,6,"6,7",9998
174,16,8,8,9998
175,15,"0,1",0,2
175,15,"4,8",1,3
175,15,8,[NULL],9000
175,15,"6,7",[NULL],9995
175,15,"3,5",[NULL],9996
175,15,5,[NULL],9997
175,15,7,"6,7,8",9998
175,15,1,5,9998
175,15,2,2,9998
176,14,3,2,2
176,14,"5,6",0,2
176,14,6,[NULL],9994
176,14,2,[NULL],9996
176,14,0,[NULL],9997
176,14,4,"5,6",9998
176,14,1,1,9998
177,13,4,0,2
177,13,2,[NULL],9995
177,13,3,[NULL],9996
177,13,1,5,9998
177,13,0,[NULL],9998
178,12,2,1,2
178,12,3,[NULL],9989
178,12,1,0,9996
178,12,0,"3,4",9997
179,11,3,0,2
179,11,1,[NULL],9996
179,11,0,[NULL],9996
179,11,2,4,9998
180,10,3,1,3
180,10,2,[NULL],9996
180,10,0,[NULL],9996
180,10,1,1,9997
180,10,4,4,9998
181,9,0,0,2
181,9,1,2,9997
183,7,0,1,9996
184,6,"0,1",[NULL],9995
184,6,1,[NULL],9997
185,5,0,[NULL],9997
0,191,0,[NULL],9000
2,189,0,[NULL],9000
6,185,0,[NULL],9000
127,64,0,[NULL],9000
129,62,1,0,2
129,62,0,[NULL],9000
132,59,0,0,4
132,59,1,0,5
133,58,1,[NULL],9000
133,58,0,1,9998
135,56,0,0,2
136,55,0,0,4
136,55,1,0,9998
137,54,0,0,9998
138,53,0,0,9996
139,52,0,1,4
140,51,2,0,2
140,51,1,2,4
140,51,0,0,9998
141,50,0,0,9996
141,50,1,1,9998
142,49,"1,2",0,2
142,49,2,0,9996
142,49,0,0,9997
143,48,"2,3",1,3
143,48,3,3,4
143,48,"0,1",0,9998
143,48,1,1,9998
144,47,1,0,2
144,47,0,2,9998
145,46,"0,1",0,2
145,46,1,0,9996
146,45,1,0,2
146,45,0,0,9996
147,44,3,1,2
147,44,2,0,2
147,44,"0,1",0,4
147,44,1,0,9998
148,43,1,0,2
148,43,0,0,3
148,43,2,0,9998
149,42,1,0,2
149,42,"0,2",0,3
149,42,2,1,9997
150,41,1,0,2
150,41,"0,2",2,3
150,41,2,0,9996
151,40,2,1,2
151,40,1,0,2
151,40,0,2,4
152,39,2,1,2
152,39,1,0,2
152,39,0,0,4
152,39,3,0,9998
153,38,3,3,2
153,38,2,1,2
153,38,"1,4",0,2
153,38,4,0,9996
153,38,0,1,9998
154,37,"3,4,6","2,3",2
154,37,5,0,2
154,37,6,3,2
154,37,1,1,2
154,37,2,3,3
154,37,0,1,9997
154,37,4,0,9998
154,37,7,2,9998
155,36,1,1,2
155,36,2,0,3
155,36,0,1,4
155,36,3,0,9998
156,35,3,3,2
156,35,4,5,2
156,35,2,2,2
156,35,1,1,2
156,35,0,2,4
157,34,"2,3",1,2
157,34,1,2,2
157,34,3,2,9996
157,34,0,[NULL],9996
157,34,4,0,9998
158,33,3,3,2
158,33,2,2,2
158,33,0,0,2
158,33,1,"0,3",9996
159,32,2,1,2
159,32,4,3,2
159,32,0,0,2
159,32,1,2,4
159,32,3,0,9998
160,31,0,2,2
160,31,2,0,2
160,31,1,1,3
160,31,3,3,9998
161,30,"0,3,4",1,2
161,30,4,5,2
161,30,1,2,2
161,30,2,"1,3",9996
161,30,3,1,9998
162,29,0,0,2
162,29,5,6,2
162,29,4,1,2
162,29,3,3,4
162,29,1,"0,2,4",9998
162,29,6,4,9998
162,29,2,3,9998
163,28,5,0,2
163,28,"2,6,7",1,2
163,28,7,6,2
163,28,"3,6",3,2
163,28,6,4,4
163,28,"0,1,8",2,9997
163,28,1,"5,6",9998
163,28,4,2,9998
163,28,8,6,9998
164,27,"0,2,6",1,2
164,27,"2,6","0,1",2
164,27,6,1,3
164,27,1,0,4
164,27,4,[NULL],9000
164,27,7,0,9995
164,27,3,2,9998
164,27,5,3,9998
165,26,5,0,2
165,26,2,0,3
165,26,1,1,9996
165,26,0,"1,2",9997
165,26,"3,4","2,6",9998
165,26,4,6,9998
166,25,2,0,2
166,25,1,0,9996
166,25,3,3,9998
166,25,0,1,9998
167,24,1,0,2
167,24,3,0,3
167,24,0,1,9997
167,24,2,1,9998
168,23,0,1,2
168,23,1,[NULL],9993
168,23,2,1,9998
169,22,2,[NULL],9989
169,22,0,[NULL],9996
169,22,1,0,9998
170,21,4,1,2
170,21,5,"0,1",2
170,21,2,2,3
170,21,1,[NULL],9992
170,21,6,[NULL],9992
170,21,3,"0,4",9996
170,21,0,0,9997
171,20,4,1,2
171,20,7,6,2
171,20,6,2,3
171,20,2,1,3
171,20,3,1,9998
171,20,1,"1,2,4",9998
171,20,5,2,9998
171,20,0,[NULL],9998
172,19,1,1,3
172,19,6,[NULL],9992
172,19,5,[NULL],9994
172,19,"3,4",[NULL],9994
172,19,2,[NULL],9996
172,19,4,5,9998
172,19,0,[NULL],9998
173,18,"6,7",6,2
173,18,8,"5,6",2
173,18,"3,4,7",1,3
173,18,2,0,9996
173,18,"4,7",[NULL],9996
173,18,1,[NULL],9997
173,18,"0,7",[NULL],9997
173,18,5,"3,4",9998
173,18,7,[NULL],9998
174,17,"6,7,8",7,2
174,17,5,1,2
174,17,2,2,2
174,17,4,"1,3",3
174,17,"7,8",[NULL],9994
174,17,8,8,9998
174,17,3,5,9998
174,17,0,[NULL],9998
174,17,1,[NULL],9998
175,16,"5,6",4,2
175,16,1,1,2
175,16,4,[NULL],9995
175,16,6,[NULL],9995
175,16,2,[NULL],9997
175,16,3,4,9998
175,16,0,1,9998
176,15,5,1,2
176,15,"3,6",[NULL],9990
176,15,2,[NULL],9995
176,15,6,[NULL],9995
176,15,"0,4",[NULL],9996
176,15,1,5,9997
176,15,4,3,9998
177,14,4,[NULL],9994
177,14,1,[NULL],9997
177,14,0,[NULL],9997
177,14,3,3,9998
177,14,2,"3,4,5",9998
178,13,4,2,2
178,13,2,[NULL],9996
178,13,3,[NULL],9997
178,13,1,3,9998
178,13,0,[NULL],9998
179,12,4,4,2
179,12,2,[NULL],9995
179,12,1,[NULL],9997
179,12,"0,3",[NULL],9997
179,12,3,4,9998
180,11,2,0,3
180,11,1,[NULL],9995
180,11,0,[NULL],9996
180,11,3,[NULL],9997
181,10,1,[NULL],9990
181,10,0,[NULL],9990
181,10,2,[NULL],9994
182,9,0,[NULL],9996
183,8,1,[NULL],9994
183,8,0,[NULL],9996
184,7,1,[NULL],9992
184,7,0,[NULL],9996
185,6,0,"1,2,3",9998
0,192,0,[NULL],9000
2,190,0,[NULL],9000
6,186,0,[NULL],9000
129,63,0,[NULL],9000
129,63,1,[NULL],9000
132,60,1,0,2
132,60,0,1,5
133,59,0,[NULL],9000
133,59,1,1,9998
135,57,0,1,2
136,56,0,0,2
139,53,0,0,2
140,52,1,1,2
140,52,0,0,9998
141,51,0,1,9998
142,50,0,"0,1",2
142,50,1,1,2
143,49,2,0,2
143,49,0,0,9998
143,49,1,1,9998
144,48,0,2,9998
146,46,0,1,2
147,45,0,2,2
148,44,0,1,9998
149,43,0,1,3
150,42,0,1,9998
151,41,0,3,2
152,40,1,0,2
152,40,0,"0,2",9997
153,39,0,4,2
153,39,2,7,2
153,39,1,"0,2",9997
154,38,0,3,2
154,38,1,1,9997
155,37,0,1,9998
156,36,0,4,2
157,35,0,2,9998
158,34,0,3,2
159,33,3,3,2
159,33,"0,1,2",0,4
159,33,2,4,9998
159,33,1,3,9998
160,32,1,3,2
160,32,0,5,9998
160,32,2,6,9998
161,31,"0,2,4",1,2
161,31,4,6,2
161,31,3,2,2
161,31,1,3,9997
161,31,2,3,9998
162,30,"5,6",1,2
162,30,2,4,2
162,30,6,8,2
162,30,0,[NULL],9000
162,30,1,1,9997
162,30,"3,4,7","3,4,5,6",9998
162,30,7,6,9998
162,30,4,5,9998
163,29,2,3,2
163,29,3,5,2
163,29,0,0,9997
163,29,1,3,9998
163,29,4,6,9998
164,28,"2,6","3,4",2
164,28,6,4,2
164,28,"0,1",2,3
164,28,4,[NULL],9000
164,28,7,[NULL],9967
164,28,1,2,9997
164,28,5,"1,3",9997
164,28,3,3,9998
165,27,3,3,2
165,27,1,0,2
165,27,5,1,3
165,27,"0,2",[NULL],9990
165,27,2,5,9998
165,27,4,3,9998
166,26,1,2,2
166,26,0,2,3
166,26,2,2,9998
167,25,1,2,2
167,25,0,[NULL],9000
168,24,0,1,2
168,24,1,4,9998
169,23,2,[NULL],9990
169,23,0,4,9997
169,23,1,[NULL],9997
170,22,1,3,2
170,22,"2,4","1,3",2
170,22,4,"1,3,5",2
170,22,3,[NULL],9989
170,22,0,3,9997
171,21,5,4,2
171,21,1,[NULL],9990
171,21,4,[NULL],9995
171,21,3,3,9997
171,21,2,5,9998
171,21,0,[NULL],9998
172,20,"3,4",5,2
172,20,4,0,3
172,20,1,3,9995
172,20,2,2,9996
172,20,0,1,9997
173,19,8,8,2
173,19,5,3,2
173,19,4,2,3
173,19,3,[NULL],3
173,19,1,[NULL],9000
173,19,"6,7",[NULL],9993
173,19,7,[NULL],9994
173,19,0,[NULL],9996
173,19,2,[NULL],9996
174,18,4,3,2
174,18,1,0,2
174,18,3,[NULL],9995
174,18,5,3,9997
174,18,2,3,9998
174,18,0,5,9998
175,17,3,0,2
175,17,2,[NULL],9991
175,17,1,[NULL],9996
175,17,4,1,9997
175,17,0,[NULL],9998
176,16,3,3,2
176,16,"4,5","2,3",2
176,16,2,[NULL],9996
176,16,7,[NULL],9996
176,16,6,[NULL],9996
176,16,"0,5",0,9997
176,16,1,"1,2",9998
176,16,5,3,9998
177,15,3,1,2
177,15,4,0,3
177,15,5,[NULL],9994
177,15,6,[NULL],9994
177,15,2,[NULL],9995
177,15,0,[NULL],9998
177,15,1,[NULL],9998
178,14,4,0,2
178,14,3,[NULL],9992
178,14,6,[NULL],9997
178,14,5,5,9998
178,14,2,3,9998
178,14,0,[NULL],9998
178,14,1,[NULL],9998
179,13,1,1,3
179,13,2,[NULL],9994
179,13,3,[NULL],9994
179,13,0,[NULL],9994
179,13,4,8,9998
180,12,2,1,3
180,12,1,[NULL],9989
180,12,0,[NULL],9998
181,11,1,[NULL],9993
181,11,0,1,9997
181,11,2,3,9998
182,10,2,[NULL],9992
182,10,1,[NULL],9994
182,10,0,2,9998
183,9,2,[NULL],9993
183,9,3,[NULL],9994
183,9,1,3,9997
183,9,0,2,9998
184,8,"1,2,3",0,2
184,8,"2,3",[NULL],9988
184,8,3,[NULL],9993
184,8,0,"2,3",9997
185,7,1,[NULL],9990
185,7,0,[NULL],9995
185,7,2,1,9998
186,6,0,[NULL],9995
188,4,0,[NULL],9997
189,3,0,[NULL],9996
0,193,0,[NULL],9000
2,191,0,[NULL],9000
6,187,0,[NULL],9000
129,64,0,[NULL],9000
132,61,1,1,2
132,61,0,0,5
133,60,1,0,4
133,60,0,[NULL],9000
139,54,0,0,2
140,53,1,0,2
140,53,0,1,9998
141,52,0,0,3
141,52,1,2,9998
142,51,0,0,2
142,51,1,1,2
143,50,2,0,2
143,50,1,"0,1",9997
143,50,0,1,9998
146,47,0,1,9998
147,46,1,0,2
147,46,0,"1,2",9998
148,45,1,0,3
148,45,2,2,9998
148,45,0,1,9998
149,44,1,0,2
149,44,0,1,9998
150,43,1,2,9998
150,43,0,1,9998
151,42,0,1,9998
152,41,1,0,9997
152,41,0,1,9998
153,40,1,0,3
153,40,0,1,9998
154,39,1,0,2
154,39,0,2,9998
155,38,0,1,9998
156,37,2,0,2
156,37,1,2,9998
156,37,0,1,9998
157,36,"0,1,2,4",0,4
157,36,"1,2,4","4,5,6",9998
157,36,4,6,9998
157,36,2,"2,5",9998
157,36,3,3,9998
158,35,4,2,2
158,35,3,1,2
158,35,1,1,4
158,35,0,2,9998
158,35,2,1,9998
159,34,5,0,2
159,34,6,2,2
159,34,1,0,9997
159,34,4,4,9998
159,34,3,3,9998
159,34,0,"2,5",9998
159,34,2,1,9998
160,33,3,2,2
160,33,"0,2","0,1",9996
160,33,4,5,9998
160,33,2,2,9998
160,33,1,1,9998
161,32,"3,4,5,6","3,4,7",2
161,32,6,7,2
161,32,5,4,2
161,32,0,3,4
161,32,4,4,9998
161,32,2,2,9998
161,32,1,0,9998
162,31,3,1,2
162,31,6,4,2
162,31,2,"0,1,8",3
162,31,"4,5","3,4,5",9998
162,31,5,5,9998
162,31,1,2,9998
162,31,0,0,9998
163,30,3,3,2
163,30,1,1,9996
163,30,2,3,9998
163,30,4,6,9998
163,30,0,2,9998
164,29,5,0,2
164,29,3,4,2
164,29,"1,2",0,3
164,29,2,0,9996
164,29,4,5,9998
164,29,0,0,9998
165,28,2,2,2
165,28,1,2,4
165,28,3,2,9998
165,28,0,0,9998
166,27,1,0,3
166,27,2,3,9998
166,27,0,1,9998
167,26,4,1,2
167,26,"1,2,3",[NULL],9991
167,26,3,2,9996
167,26,2,"1,4",9998
167,26,0,3,9998
168,25,3,3,4
168,25,1,3,9998
168,25,0,"6,7",9998
168,25,2,4,9998
169,24,0,0,3
169,24,2,[NULL],9000
169,24,3,[NULL],9000
169,24,1,2,9997
170,23,5,2,2
170,23,6,[NULL],9000
170,23,1,[NULL],9000
170,23,2,[NULL],9994
170,23,3,2,9997
170,23,0,[NULL],9997
170,23,4,5,9998
171,22,"0,4",1,9995
171,22,4,6,9996
171,22,2,[NULL],9996
171,22,1,[NULL],9996
171,22,5,1,9997
171,22,3,2,9998
172,21,4,[NULL],9000
172,21,1,[NULL],9992
172,21,2,[NULL],9992
172,21,3,7,9996
172,21,0,"3,4",9998
173,20,3,2,2
173,20,5,0,2
173,20,4,2,9996
173,20,2,[NULL],9996
173,20,1,[NULL],9996
173,20,0,1,9998
174,19,5,[NULL],9994
174,19,2,[NULL],9996
174,19,6,4,9997
174,19,4,4,9998
174,19,0,[NULL],9998
174,19,1,[NULL],9998
174,19,3,[NULL],9998
175,18,"1,2",1,2
175,18,3,0,2
175,18,5,1,3
175,18,6,[NULL],9995
175,18,0,[NULL],9995
175,18,4,[NULL],9995
175,18,2,[NULL],9998
176,17,5,[NULL],9994
176,17,1,[NULL],9996
176,17,"2,3,4",[NULL],9996
176,17,3,"2,4",9998
176,17,4,2,9998
176,17,0,3,9998
177,16,5,5,2
177,16,3,2,2
177,16,0,1,4
177,16,"1,2",[NULL],9995
177,16,4,[NULL],9996
177,16,2,3,9998
178,15,8,4,2
178,15,5,[NULL],9994
178,15,6,[NULL],9995
178,15,3,2,9996
178,15,2,2,9997
178,15,"0,7",1,9997
178,15,7,5,9998
178,15,4,2,9998
178,15,1,3,9998
179,14,4,[NULL],9994
179,14,2,5,9997
179,14,0,"1,2,4",9998
179,14,3,4,9998
179,14,5,6,9998
179,14,1,5,9998
180,13,3,2,2
180,13,1,[NULL],9994
180,13,0,[NULL],9994
180,13,2,[NULL],9994
181,12,2,0,2
181,12,0,[NULL],9995
181,12,1,[NULL],9997
181,12,3,3,9998
182,11,2,0,2
182,11,1,0,4
182,11,0,[NULL],9996
183,10,"0,2",[NULL],9995
183,10,1,[NULL],9995
183,10,2,5,9998
184,9,1,2,2
184,9,0,3,9997
185,8,0,[NULL],9996
186,7,0,[NULL],9996
187,6,1,[NULL],9995
187,6,0,[NULL],9995
188,5,0,[NULL],9997
188,5,1,[NULL],9997
189,4,0,[NULL],9996
0,194,0,[NULL],9000
2,192,0,[NULL],9000
6,188,0,[NULL],9000
129,65,0,[NULL],9000
133,61,0,[NULL],9000
135,59,0,0,9997
136,58,0,0,9998
137,57,0,0,4
138,56,0,0,9998
139,55,1,0,2
139,55,0,0,9996
140,54,2,1,2
140,54,0,0,4
140,54,1,0,9998
141,53,0,1,4
142,52,1,0,2
142,52,0,0,9996
143,51,0,0,9996
143,51,1,1,9998
144,50,0,0,4
145,49,1,0,2
145,49,0,0,4
146,48,"1,2",0,2
146,48,2,1,9996
146,48,0,0,9998
147,47,2,2,2
147,47,1,0,2
147,47,"0,3",0,9997
147,47,3,1,9998
148,46,1,0,2
148,46,0,"0,1",9998
149,45,2,1,2
149,45,1,0,2
149,45,0,0,4
150,44,1,0,2
150,44,0,"0,1",9997
150,44,2,0,9998
151,43,1,0,2
151,43,"0,2",0,3
151,43,2,"1,3",9996
152,42,1,0,2
152,42,"0,2",1,3
152,42,2,4,4
153,41,2,0,2
153,41,1,1,3
153,41,0,1,9998
154,40,1,0,2
154,40,0,0,9996
155,39,2,1,2
155,39,1,0,2
155,39,0,0,9997
156,38,"4,5,6","1,2,4",2
156,38,6,4,2
156,38,"2,5",2,2
156,38,3,3,2
156,38,5,3,4
156,38,"0,1",[NULL],9992
156,38,1,0,9998
157,37,2,0,2
157,37,1,2,2
157,37,"0,3",1,4
157,37,3,0,9998
157,37,4,1,9998
158,36,4,4,2
158,36,3,3,2
158,36,"2,5",0,2
158,36,1,2,2
158,36,5,1,9996
158,36,0,1,9997
159,35,5,4,2
159,35,2,2,2
159,35,1,1,2
159,35,0,0,9996
159,35,4,2,9998
159,35,3,1,9998
160,34,4,4,2
160,34,2,2,2
160,34,0,1,2
160,34,3,1,3
160,34,1,2,4
160,34,5,2,9998
161,33,"3,4,5","4,5",2
161,33,5,5,2
161,33,2,1,2
161,33,0,0,2
161,33,1,1,3
161,33,4,0,9998
162,32,3,2,2
162,32,6,4,2
162,32,2,0,2
162,32,0,0,3
162,32,1,0,9996
162,32,"4,5","0,1,2",9998
162,32,5,2,9998
163,31,5,4,2
163,31,0,0,2
163,31,2,1,3
163,31,"1,3",5,3
163,31,3,1,9996
163,31,4,1,9998
164,30,2,3,2
164,30,0,0,2
164,30,1,1,4
164,30,3,2,9998
165,29,3,2,2
165,29,1,0,2
165,29,0,1,4
165,29,2,2,9998
166,28,"1,4",2,2
166,28,3,0,2
166,28,5,[NULL],9000
166,28,2,0,9995
166,28,4,0,9996
166,28,0,1,9998
167,27,3,1,2
167,27,"6,7",0,2
167,27,4,2,2
167,27,"0,2,5,7",[NULL],9984
167,27,2,"0,1,4",9996
167,27,1,3,9997
167,27,7,1,9998
167,27,5,0,9998
168,26,4,0,3
168,26,0,[NULL],9000
168,26,2,1,9996
168,26,"1,3",[NULL],9996
168,26,3,1,9997
169,25,5,4,2
169,25,3,0,3
169,25,"0,4",3,4
169,25,2,2,5
169,25,1,"0,1,4",9998
169,25,4,4,9998
170,24,2,3,2
170,24,3,3,3
170,24,1,"0,1,5",9997
170,24,0,4,9997
170,24,4,4,9998
171,23,"3,4",0,2
171,23,1,"0,1",3
171,23,0,[NULL],9000
171,23,2,[NULL],9992
171,23,4,8,9997
172,22,1,0,2
172,22,0,2,4
172,22,2,[NULL],9993
172,22,3,[NULL],9993
172,22,4,"3,4",9998
172,22,5,3,9998
173,21,4,4,2
173,21,6,[NULL],2
173,21,5,[NULL],2
173,21,3,5,3
173,21,2,7,9997
173,21,1,[NULL],9997
173,21,0,4,9998
174,20,1,4,3
174,20,4,[NULL],9000
174,20,3,[NULL],9994
174,20,2,[NULL],9994
174,20,6,[NULL],9996
174,20,0,"2,5",9998
174,20,5,5,9998
175,19,"2,4",3,2
175,19,4,"3,4",2
175,19,3,0,2
175,19,0,"0,5",3
175,19,1,[NULL],9996
176,18,3,2,2
176,18,2,[NULL],9995
176,18,1,4,9998
176,18,4,5,9998
176,18,0,[NULL],9998
177,17,5,7,2
177,17,2,4,2
177,17,3,1,2
177,17,1,[NULL],9996
177,17,4,[NULL],9996
177,17,0,[NULL],9996
178,16,"1,2,4",0,2
178,16,4,3,2
178,16,6,5,2
178,16,5,1,2
178,16,0,[NULL],9995
178,16,2,3,9997
178,16,3,5,9998
179,15,0,[NULL],9991
179,15,1,4,9998
179,15,2,6,9998
180,14,3,3,2
180,14,1,0,3
180,14,2,[NULL],9996
180,14,0,3,9998
181,13,"1,2",[NULL],9995
181,13,2,[NULL],9996
181,13,0,[NULL],9996
181,13,3,[NULL],9996
181,13,4,"7,8",9998
181,13,5,8,9998
182,12,5,2,2
182,12,3,1,3
182,12,4,[NULL],9995
182,12,1,[NULL],9996
182,12,0,[NULL],9996
182,12,2,[NULL],9996
183,11,"2,3",0,3
183,11,3,[NULL],9994
183,11,1,[NULL],9995
183,11,4,[NULL],9996
183,11,0,2,9998
184,10,1,6,9997
184,10,0,[NULL],9997
186,8,0,[NULL],9997
187,7,2,[NULL],9993
187,7,0,1,9998
187,7,1,2,9998
188,6,0,[NULL],9992
188,6,1,[NULL],9993
189,5,0,[NULL],9996
0,195,0,[NULL],9000
2,193,0,[NULL],9000
6,189,0,[NULL],9000
131,64,0,[NULL],9000
133,62,0,[NULL],9000
135,60,0,0,2
136,59,0,0,9998
137,58,0,0,2
139,56,0,1,2
140,55,0,0,9998
142,53,1,1,2
142,53,0,1,3
143,52,0,0,9998
145,50,0,0,2
146,49,1,3,2
146,49,0,0,9998
147,48,"0,1",0,2
147,48,1,0,9997
148,47,0,1,9998
149,46,0,2,2
150,45,0,2,9998
151,44,0,1,3
152,43,1,0,2
152,43,0,1,9998
153,42,0,2,9998
155,40,0,1,2
156,39,0,3,2
156,39,1,4,2
157,38,0,1,9997
157,38,1,2,9998
158,37,2,4,2
158,37,1,3,2
158,37,0,1,3
159,36,2,5,2
159,36,1,2,9998
159,36,0,1,9998
160,35,0,4,2
161,34,"0,1,2","4,5",2
161,34,2,5,2
161,34,1,3,9998
162,33,1,4,2
162,33,"2,3","3,4,6",9998
162,33,0,5,9998
162,33,3,6,9998
163,32,2,3,2
163,32,0,7,5
163,32,1,"3,4",9998
164,31,2,2,2
164,31,0,[NULL],9970
164,31,1,4,9998
165,30,1,0,2
165,30,0,"0,1",9996
166,29,1,7,2
166,29,0,5,2
167,28,1,3,9997
167,28,0,4,9998
168,27,"0,1,4",1,2
168,27,4,0,2
168,27,2,1,3
168,27,3,[NULL],9000
168,27,1,2,9998
169,26,4,4,2
169,26,2,3,3
169,26,"0,3",[NULL],3
169,26,1,"0,2,4",9998
169,26,3,4,9998
170,25,1,5,3
170,25,0,7,9997
170,25,2,6,9998
171,24,"3,4",4,2
171,24,4,"4,5",2
171,24,2,2,4
171,24,1,"4,6",9998
171,24,0,"3,5",9998
172,23,4,0,2
172,23,2,[NULL],9951
172,23,3,[NULL],9975
172,23,6,[NULL],9993
172,23,5,9,9998
172,23,1,4,9998
172,23,0,"1,3",9998
173,22,"2,5",0,2
173,22,5,5,2
173,22,4,6,3
173,22,3,3,9997
173,22,1,2,9997
173,22,0,[NULL],9998
174,21,1,[NULL],9000
174,21,2,[NULL],9961
174,21,3,[NULL],9993
174,21,4,[NULL],9995
174,21,0,5,9998
175,20,4,1,2
175,20,5,4,2
175,20,3,[NULL],9993
175,20,2,[NULL],9995
175,20,1,3,9998
175,20,0,4,9998
176,19,3,3,9997
176,19,2,2,9997
176,19,1,4,9998
176,19,0,3,9998
177,18,5,3,2
177,18,2,2,3
177,18,1,"0,7",3
177,18,3,1,9997
177,18,4,[NULL],9997
177,18,0,[NULL],9997
178,17,4,1,2
178,17,6,2,2
178,17,5,2,3
178,17,2,[NULL],9993
178,17,1,1,9997
178,17,0,"3,5",9998
178,17,3,6,9998
179,16,3,0,2
179,16,4,5,9998
179,16,5,6,9998
179,16,0,[NULL],9998
179,16,1,[NULL],9998
179,16,2,[NULL],9998
180,15,"7,8",4,2
180,15,8,5,2
180,15,4,[NULL],9993
180,15,6,[NULL],9996
180,15,"0,3,5",[NULL],9997
180,15,"1,5",[NULL],9997
180,15,"2,3,5",[NULL],9997
180,15,"3,5","2,3",9998
180,15,5,3,9998
181,14,"4,5",[NULL],9997
181,14,3,[NULL],9997
181,14,1,"4,6",9998
181,14,0,5,9998
181,14,5,8,9998
181,14,2,6,9998
182,13,2,0,2
182,13,1,4,9996
182,13,"0,3",[NULL],9997
182,13,3,6,9998
183,12,3,0,3
183,12,1,"4,7",9998
183,12,2,3,9998
183,12,0,[NULL],9998
184,11,0,[NULL],9998
185,10,0,[NULL],9996
186,9,1,0,2
186,9,2,1,2
186,9,0,[NULL],9997
187,8,3,[NULL],9993
187,8,0,[NULL],9994
187,8,2,[NULL],9994
187,8,1,1,9998
188,7,3,[NULL],9993
188,7,0,[NULL],9994
188,7,"1,2",[NULL],9994
188,7,2,2,9998
189,6,1,[NULL],9996
189,6,0,"1,2",9998
190,5,0,[NULL],9997
191,4,0,[NULL],9996
0,196,0,[NULL],9000
2,194,0,[NULL],9000
6,190,0,[NULL],9000
131,65,0,[NULL],9000
133,63,0,[NULL],9000
134,62,0,0,3
135,61,0,0,2
136,60,0,0,9997
139,57,0,0,2
140,56,0,1,9998
142,54,0,0,2
143,53,0,1,9998
145,51,0,0,2
146,50,0,"0,3",3
147,49,1,0,2
147,49,0,1,9998
148,48,0,2,9998
149,47,2,0,2
149,47,"0,1",0,3
149,47,1,1,9998
150,46,3,4,9998
150,46,"1,2","1,2,3",9998
150,46,0,"3,4",9998
150,46,2,"1,3",9998
151,45,1,0,2
151,45,0,2,9998
152,44,2,0,2
152,44,1,2,9998
152,44,0,1,9998
153,43,0,1,9998
154,42,0,0,3
154,42,1,1,9998
155,41,1,1,9998
155,41,0,0,9998
156,40,2,1,2
156,40,1,2,9998
156,40,0,"1,3",9998
157,39,1,0,3
157,39,0,2,9998
158,38,2,1,2
158,38,1,0,2
158,38,0,2,9998
159,37,"0,1","0,2",4
159,37,4,3,9998
159,37,3,"3,4",9998
159,37,2,2,9998
159,37,1,1,9998
160,36,3,1,2
160,36,1,"1,5",9998
160,36,2,2,9998
160,36,0,"1,4",9998
161,35,"3,4,6","2,3",2
161,35,5,0,2
161,35,6,3,2
161,35,"0,1",0,9996
161,35,4,3,9998
161,35,1,2,9998
161,35,2,1,9998
162,34,"3,4",1,2
162,34,1,1,4
162,34,4,3,9998
162,34,0,2,9998
162,34,2,1,9998
163,33,4,1,2
163,33,0,2,4
163,33,3,"3,4",9998
163,33,2,2,9998
163,33,1,0,9998
164,32,1,"1,2",9996
164,32,2,2,9998
164,32,0,0,9998
165,31,2,1,9996
165,31,1,2,9998
165,31,0,0,9998
166,30,4,0,2
166,30,3,1,3
166,30,2,"1,2",4
166,30,1,1,9998
166,30,0,"0,2",9998
167,29,2,1,2
167,29,1,3,3
167,29,3,[NULL],9000
167,29,0,2,9998
167,29,4,5,9998
168,28,"0,2,4",1,2
168,28,4,0,2
168,28,3,[NULL],9969
168,28,1,1,9996
168,28,2,3,9998
169,27,6,2,2
169,27,"0,1,5",1,3
169,27,4,0,3
169,27,"1,5","0,3,5",9998
169,27,5,5,9998
169,27,2,4,9998
169,27,3,2,9998
170,26,"4,6",1,2
170,26,"3,5",0,2
170,26,8,4,3
170,26,6,0,4
170,26,"1,2,9",[NULL],9000
170,26,2,"6,8,9",9998
170,26,7,3,9998
170,26,9,9,9998
170,26,5,"1,7",9998
170,26,0,[NULL],9998
171,25,9,5,2
171,25,4,1,2
171,25,"1,3",0,2
171,25,7,3,4
171,25,3,1,5
171,25,6,[NULL],9983
171,25,5,3,9996
171,25,0,"0,3",9998
171,25,8,5,9998
171,25,2,3,9998
172,24,7,2,3
172,24,2,4,4
172,24,4,[NULL],9000
172,24,1,[NULL],9991
172,24,5,0,9996
172,24,0,1,9997
172,24,6,6,9998
172,24,3,3,9998
173,23,5,0,2
173,23,2,[NULL],9000
173,23,"0,3",[NULL],9994
173,23,4,[NULL],9995
173,23,1,0,9996
173,23,3,1,9997
174,22,3,1,2
174,22,4,0,2
174,22,1,[NULL],9995
174,22,2,[NULL],9995
174,22,6,[NULL],9995
174,22,0,"2,3,6",9998
174,22,5,6,9998
175,21,4,1,2
175,21,3,0,2
175,21,1,[NULL],9996
175,21,2,[NULL],9996
175,21,0,[NULL],9996
176,20,1,[NULL],9996
176,20,2,[NULL],9997
176,20,3,5,9998
176,20,0,4,9998
177,19,"3,5",0,2
177,19,6,3,2
177,19,5,2,3
177,19,2,3,4
177,19,0,[NULL],9997
177,19,4,[NULL],9997
177,19,1,5,9998
178,18,5,4,2
178,18,6,5,2
178,18,3,[NULL],2
178,18,"1,4",2,9997
178,18,4,[NULL],9997
178,18,"0,2",[NULL],9997
178,18,2,2,9998
179,17,"2,3",2,2
179,17,3,1,2
179,17,1,[NULL],9995
179,17,5,[NULL],9997
179,17,4,[NULL],9997
179,17,0,[NULL],9998
180,16,"4,6",1,2
180,16,5,0,2
180,16,8,5,2
180,16,6,2,2
180,16,3,0,9996
180,16,7,[NULL],9996
180,16,"1,2",[NULL],9997
180,16,2,3,9998
180,16,0,[NULL],9998
181,15,6,0,2
181,15,5,[NULL],9990
181,15,"1,2,7",[NULL],9996
181,15,3,[NULL],9996
181,15,"0,2,4",[NULL],9997
181,15,"2,4","5,7",9998
181,15,4,5,9998
181,15,7,8,9998
182,14,"4,7",1,2
182,14,3,2,2
182,14,2,[NULL],9994
182,14,1,[NULL],9994
182,14,7,[NULL],9997
182,14,0,[NULL],9997
182,14,6,[NULL],9997
182,14,5,5,9998
183,13,6,1,3
183,13,5,[NULL],9991
183,13,3,[NULL],9995
183,13,1,4,9997
183,13,2,[NULL],9997
183,13,4,2,9998
183,13,0,[NULL],9998
184,12,1,[NULL],9992
184,12,0,1,9996
184,12,2,[NULL],9997
185,11,0,[NULL],9994
185,11,1,[NULL],9997
186,10,1,1,2
186,10,0,[NULL],9996
187,9,2,2,2
187,9,1,[NULL],9995
187,9,0,[NULL],9995
188,8,"1,2",0,2
188,8,3,[NULL],9993
188,8,"0,2","0,3",9997
188,8,2,1,9998
189,7,1,[NULL],9995
189,7,2,[NULL],9996
189,7,0,[NULL],9996
190,6,0,[NULL],9996
190,6,1,[NULL],9996
191,5,0,[NULL],9996
191,5,1,[NULL],9997
192,4,0,[NULL],9995
0,197,0,[NULL],9000
2,195,0,[NULL],9000
6,191,0,[NULL],9000
131,66,0,[NULL],9000
133,64,0,[NULL],9000
134,63,0,[NULL],9000
135,62,0,0,9998
138,59,0,0,4
139,58,1,0,2
139,58,0,0,9998
140,57,0,0,9997
140,57,1,0,9998
141,56,0,0,4
142,55,1,0,2
142,55,0,0,4
143,54,0,"0,1",9996
144,53,0,0,9996
145,52,1,2,4
145,52,0,0,9998
146,51,1,0,2
146,51,0,1,3
147,50,2,0,2
147,50,0,0,9996
147,50,1,0,9998
148,49,1,1,2
148,49,0,0,9996
148,49,2,1,9998
149,48,4,3,2
149,48,"1,2,3","1,2",2
149,48,3,"0,3",2
149,48,2,1,2
149,48,0,1,9998
150,47,2,0,2
150,47,"1,3",0,4
150,47,3,2,9998
150,47,0,"0,2",9998
151,46,2,1,2
151,46,1,0,2
151,46,0,"1,2",9998
152,45,1,0,2
152,45,0,0,9996
152,45,2,1,9998
153,44,1,1,2
153,44,0,0,4
154,43,1,1,2
154,43,0,0,2
155,42,2,1,2
155,42,"1,3",0,2
155,42,3,0,9996
155,42,0,0,9998
156,41,2,0,2
156,41,1,0,3
156,41,0,0,9998
156,41,3,2,9998
157,40,2,0,2
157,40,1,5,4
157,40,0,0,9998
158,39,3,4,2
158,39,4,"3,4",2
158,39,2,2,2
158,39,1,1,2
158,39,0,0,4
159,38,"1,5",1,2
159,38,2,2,2
159,38,"4,5","0,1",2
159,38,5,4,9996
159,38,"0,3","0,1",9997
159,38,3,0,9998
160,37,3,4,2
160,37,2,1,2
160,37,1,2,2
160,37,"0,4","1,4",9996
160,37,4,1,9998
161,36,3,4,2
161,36,2,0,2
161,36,1,2,2
161,36,0,1,4
162,35,"3,4",3,2
162,35,2,2,2
162,35,0,1,2
162,35,1,3,4
162,35,4,0,9998
163,34,2,2,2
163,34,0,0,2
163,34,1,0,9996
163,34,3,0,9998
164,33,2,1,2
164,33,0,0,2
164,33,1,0,9996
165,32,1,1,2
165,32,"0,2",0,2
165,32,2,4,4
166,31,2,0,2
166,31,5,4,2
166,31,3,1,3
166,31,"0,1,4","0,5,7",4
166,31,4,2,9998
166,31,1,1,9998
167,30,3,2,2
167,30,1,2,4
167,30,4,[NULL],9000
167,30,2,1,9996
167,30,0,"2,3,4",9998
167,30,5,4,9998
168,29,"0,3,5","1,5",2
168,29,5,5,2
168,29,4,2,2
168,29,2,3,2
168,29,1,3,9997
168,29,3,1,9998
169,28,"6,8,9",2,2
169,28,3,7,2
169,28,9,9,2
169,28,"1,7",5,2
169,28,7,0,3
169,28,"0,2",[NULL],9995
169,28,2,2,9997
169,28,"4,5,8","1,3,4",9998
169,28,8,4,9998
169,28,5,3,9998
170,27,"0,3",0,2
170,27,5,8,2
170,27,3,2,2
170,27,1,"0,4",5
170,27,2,2,9998
170,27,6,6,9998
170,27,4,5,9998
171,26,6,6,2
171,26,3,3,2
171,26,4,1,9996
171,26,1,2,9997
171,26,2,2,9998
171,26,5,4,9998
171,26,0,0,9998
172,25,3,3,3
172,25,2,1,3
172,25,"5,6",[NULL],9995
172,25,1,0,9996
172,25,6,5,9998
172,25,4,3,9998
172,25,0,4,9998
173,24,"2,3,6",0,2
173,24,6,5,2
173,24,"3,4",[NULL],9966
173,24,5,[NULL],9995
173,24,"0,1",[NULL],9995
173,24,4,3,9997
173,24,1,2,9997
174,23,4,[NULL],9991
174,23,3,[NULL],9994
174,23,"0,2",[NULL],9996
174,23,1,"1,2",9998
174,23,2,1,9998
175,22,5,3,2
175,22,4,0,2
175,22,3,3,3
175,22,2,2,3
175,22,0,[NULL],9997
175,22,1,[NULL],9997
176,21,5,1,2
176,21,1,3,3
176,21,7,[NULL],9994
176,21,4,[NULL],9996
176,21,2,[NULL],9997
176,21,6,[NULL],9997
176,21,3,4,9998
176,21,0,[NULL],9998
177,20,2,2,2
177,20,1,1,3
177,20,0,[NULL],9996
177,20,3,6,9998
178,19,3,[NULL],9995
178,19,2,[NULL],9995
178,19,1,3,9998
178,19,0,[NULL],9998
179,18,3,1,2
179,18,4,[NULL],9996
179,18,0,[NULL],9998
179,18,1,[NULL],9998
179,18,2,[NULL],9998
180,17,"5,7",0,2
180,17,7,"0,4",2
180,17,8,7,2
180,17,3,[NULL],9994
180,17,6,[NULL],9997
180,17,2,[NULL],9997
180,17,"0,1,4",[NULL],9997
180,17,1,8,9998
180,17,4,5,9998
181,16,5,5,2
181,16,1,[NULL],9997
181,16,"3,6","5,10",9998
181,16,6,10,9998
181,16,4,"8,9",9998
181,16,2,4,9998
181,16,0,[NULL],9998
182,15,2,4,2
182,15,"1,4",[NULL],9995
182,15,4,[NULL],9995
182,15,5,[NULL],9995
182,15,"0,3",[NULL],9995
182,15,3,"9,10",9998
183,14,2,0,9996
183,14,4,9,9998
183,14,3,"8,10",9998
183,14,0,"5,6",9998
183,14,1,6,9998
184,13,2,[NULL],9996
184,13,0,"1,6,8",9998
184,13,1,6,9998
185,12,2,[NULL],9996
185,12,1,"5,6",9998
185,12,0,[NULL],9998
186,11,2,[NULL],9995
186,11,1,[NULL],9996
186,11,0,6,9998
187,10,1,2,2
187,10,0,4,9998
188,9,0,[NULL],9992
189,8,0,[NULL],9993
189,8,1,[NULL],9996
190,7,2,[NULL],9994
190,7,3,[NULL],9995
190,7,1,"2,3",9998
190,7,0,"2,4",9998
191,6,3,[NULL],9995
191,6,1,[NULL],9996
191,6,2,[NULL],9996
191,6,0,"5,6",9998
192,5,0,[NULL],9000
0,198,0,[NULL],9000
2,196,0,[NULL],9000
6,192,0,[NULL],9000
133,65,0,[NULL],9000
134,64,0,0,2
135,63,0,0,3
135,63,1,0,9998
138,60,0,0,2
139,59,0,1,2
139,59,1,0,9998
144,54,0,0,2
145,53,0,0,9998
146,52,0,1,2
147,51,1,2,2
147,51,0,0,9998
148,50,1,0,2
148,50,0,1,9997
148,50,2,1,9998
149,49,2,3,2
149,49,0,"0,3",2
149,49,1,0,9998
150,48,"1,2",0,2
150,48,2,"0,1",9997
150,48,0,0,9998
151,47,1,2,2
151,47,0,0,9997
152,46,0,0,9998
154,44,0,0,2
155,43,0,0,2
155,43,2,3,2
155,43,1,1,9998
156,42,0,0,2
156,42,1,0,9997
157,41,0,2,9998
158,40,0,3,2
159,39,1,4,2
159,39,0,3,9997
160,38,0,2,9997
161,37,0,4,2
162,36,0,3,2
163,35,0,3,9998
164,34,"0,1",0,4
164,34,1,5,9998
165,33,2,4,2
165,33,1,"0,4",2
165,33,0,2,5
166,32,"2,3,4",0,2
166,32,4,5,2
166,32,0,3,9997
166,32,3,4,9998
166,32,1,3,9998
167,31,1,3,2
167,31,0,[NULL],9996
167,31,2,4,9998
168,30,"1,3,4","4,5,8",2
168,30,4,8,2
168,30,3,5,2
168,30,0,0,9997
168,30,2,4,9998
169,29,2,2,2
169,29,6,6,2
169,29,5,4,2
169,29,"0,1",[NULL],9000
169,29,1,2,9997
169,29,"3,4","3,5",9998
169,29,4,5,9998
170,28,2,2,2
170,28,4,5,2
170,28,0,0,2
170,28,3,2,9997
170,28,1,4,9998
170,28,5,6,9998
171,27,5,6,2
171,27,3,4,2
171,27,4,0,2
171,27,1,0,3
171,27,0,[NULL],9996
171,27,2,5,9998
172,26,1,0,3
172,26,0,[NULL],9954
172,26,3,3,9998
172,26,2,2,9998
173,25,"1,2",1,2
173,25,2,"1,2",2
173,25,0,[NULL],9967
173,25,3,[NULL],9994
174,24,4,[NULL],9975
174,24,0,[NULL],9997
174,24,3,5,9998
174,24,1,"2,5,6",9998
174,24,2,3,9998
175,23,4,3,2
175,23,3,[NULL],9000
175,23,6,[NULL],9994
175,23,1,[NULL],9996
175,23,5,[NULL],9996
175,23,2,1,9997
175,23,0,[NULL],9997
176,22,6,3,2
176,22,3,[NULL],9993
176,22,"1,2",[NULL],9993
176,22,4,[NULL],9995
176,22,0,[NULL],9996
176,22,2,4,9998
176,22,5,[NULL],9998
177,21,3,1,2
177,21,2,"1,4",3
177,21,5,[NULL],9996
177,21,"1,6",[NULL],9997
177,21,0,2,9998
177,21,6,7,9998
177,21,4,5,9998
178,20,6,[NULL],9995
178,20,5,[NULL],9996
178,20,9,[NULL],9996
178,20,7,[NULL],9996
178,20,4,3,9997
178,20,0,[NULL],9997
178,20,1,[NULL],9997
178,20,8,3,9998
178,20,2,2,9998
178,20,3,"1,2",9998
179,19,8,1,2
179,19,5,"0,1",2
179,19,4,[NULL],9000
179,19,7,"5,6",9997
179,19,3,[NULL],9997
179,19,1,[NULL],9997
179,19,"0,2,6",[NULL],9997
179,19,"2,6","2,5",9998
179,19,6,5,9998
180,18,"5,10","3,6",2
180,18,10,6,2
180,18,"8,9",4,2
180,18,4,2,2
180,18,"6,7",[NULL],9994
180,18,1,[NULL],9996
180,18,0,[NULL],9997
180,18,9,7,9998
180,18,2,3,9998
180,18,3,4,9998
180,18,7,[NULL],9998
181,17,"9,10",3,2
181,17,4,1,4
181,17,3,[NULL],9994
181,17,11,[NULL],9996
181,17,"0,6",[NULL],9996
181,17,5,[NULL],9997
181,17,"2,6,10",[NULL],9997
181,17,7,4,9998
181,17,10,"9,10",9998
181,17,6,"4,7,9",9998
181,17,1,[NULL],9998
181,17,8,[NULL],9998
182,16,9,4,2
182,16,"8,10",3,2
182,16,"5,6",0,2
182,16,6,1,2
182,16,4,1,3
182,16,3,[NULL],9995
182,16,1,[NULL],9996
182,16,0,[NULL],9996
182,16,2,1,9997
182,16,10,7,9998
182,16,7,"6,7",9998
183,15,"1,6,8",0,2
183,15,6,1,2
183,15,2,[NULL],9995
183,15,"3,4,8",[NULL],9997
183,15,"7,8",[NULL],9997
183,15,0,[NULL],9997
183,15,8,3,9998
183,15,4,1,9998
183,15,5,[NULL],9998
184,14,"5,6",1,2
184,14,"3,6",[NULL],9994
184,14,7,[NULL],9996
184,14,"4,6",[NULL],9996
184,14,6,[NULL],9997
184,14,1,[NULL],9997
184,14,0,[NULL],9997
184,14,2,2,9998
185,13,6,0,2
185,13,3,[NULL],9996
185,13,0,7,9997
185,13,5,5,9998
185,13,2,"4,5",9998
185,13,1,[NULL],9998
185,13,4,[NULL],9998
186,12,4,0,2
186,12,2,[NULL],9996
186,12,3,[NULL],9997
186,12,1,[NULL],9997
186,12,0,[NULL],9997
187,11,"0,3","0,2",3
187,11,3,[NULL],9991
187,11,"1,2",[NULL],9997
187,11,2,3,9998
188,10,2,[NULL],9992
188,10,0,[NULL],9996
188,10,1,5,9998
189,9,"2,3",1,2
189,9,"3,4","0,1",2
189,9,4,[NULL],9996
189,9,1,[NULL],9997
189,9,0,[NULL],9997
190,8,"5,6",0,2
190,8,6,[NULL],9993
190,8,2,[NULL],9993
190,8,1,[NULL],9995
190,8,4,[NULL],9996
190,8,3,[NULL],9997
190,8,0,[NULL],9997
191,7,3,[NULL],9991
191,7,0,[NULL],9995
191,7,1,[NULL],9996
191,7,2,2,9998
0,199,0,[NULL],9000
2,197,0,[NULL],9000
6,193,0,[NULL],9000
133,66,0,[NULL],9000
134,65,0,1,2
135,64,0,[NULL],9000
135,64,1,[NULL],9997
138,61,0,1,2
139,60,0,0,3
144,55,0,0,2
145,54,0,1,9998
146,53,0,0,2
147,52,1,2,2
147,52,0,1,9998
148,51,0,1,2
149,50,0,0,2
149,50,1,[NULL],9996
150,49,0,2,9998
151,48,0,0,2
152,47,1,2,9998
152,47,0,1,9998
153,46,0,"1,2",9998
154,45,1,1,2
154,45,0,1,9998
155,44,0,1,9998
155,44,1,2,9998
156,43,2,0,2
156,43,0,2,9998
156,43,1,1,9998
157,42,1,3,9998
157,42,0,2,9998
158,41,"0,1","0,3",3
158,41,2,2,9998
158,41,1,1,9998
159,40,1,2,9998
159,40,0,"1,4",9998
160,39,0,"0,1",4
160,39,1,3,9998
161,38,0,3,9998
161,38,1,2,9998
162,37,3,0,2
162,37,"0,1",[NULL],9997
162,37,2,2,9998
162,37,1,1,9998
163,36,5,1,2
163,36,"1,2",1,4
163,36,4,3,9998
163,36,0,4,9998
163,36,2,"1,4",9998
163,36,3,2,9998
164,35,1,2,4
164,35,0,2,9998
164,35,2,1,9998
165,34,4,3,2
165,34,3,1,2
165,34,1,[NULL],9996
165,34,0,2,9998
165,34,2,1,9998
166,33,4,2,2
166,33,1,[NULL],9996
166,33,3,4,9998
166,33,2,2,9998
166,33,0,0,9998
167,32,4,2,2
167,32,3,1,3
167,32,1,1,4
167,32,5,4,9998
167,32,2,2,9998
167,32,0,0,9998
168,31,"3,5","3,4",2
168,31,5,4,2
168,31,2,2,3
168,31,4,3,9998
168,31,1,2,9998
168,31,0,1,9998
169,30,4,1,2
169,30,6,5,2
169,30,2,[NULL],9996
169,30,"3,5","3,5",9998
169,30,0,"1,6",9998
169,30,5,5,9998
169,30,1,0,9998
170,29,5,2,2
170,29,2,1,3
170,29,3,5,4
170,29,0,[NULL],9997
170,29,4,4,9998
170,29,1,1,9998
171,28,3,3,2
171,28,2,2,2
171,28,0,5,4
171,28,1,2,9998
172,27,3,4,3
172,27,2,0,3
172,27,0,1,4
172,27,5,4,9998
172,27,4,3,9998
172,27,1,1,9998
173,26,5,3,2
173,26,"2,6","1,3",2
173,26,3,2,2
173,26,7,[NULL],9000
173,26,"4,6",[NULL],9952
173,26,6,[NULL],9996
173,26,1,"2,5",9998
173,26,0,4,9998
174,25,4,[NULL],8
174,25,8,[NULL],9000
174,25,7,[NULL],9993
174,25,2,[NULL],9996
174,25,1,[NULL],9997
174,25,5,3,9998
174,25,6,6,9998
174,25,3,"4,5",9998
174,25,0,[NULL],9998
175,24,4,2,2
175,24,0,[NULL],9000
175,24,6,[NULL],9000
175,24,5,[NULL],9995
175,24,2,[NULL],9997
175,24,3,[NULL],9997
175,24,1,"2,3,5",9998
176,23,2,0,2
176,23,7,1,2
176,23,5,4,2
176,23,3,[NULL],9995
176,23,1,[NULL],9996
176,23,4,[NULL],9997
176,23,6,5,9998
176,23,0,2,9998
177,22,3,8,2
177,22,2,2,2
177,22,1,"2,3",2
177,22,4,[NULL],9992
177,22,0,3,9998
177,22,5,5,9998
178,21,"2,5",0,2
178,21,5,"0,2",2
178,21,4,4,9998
178,21,3,"4,5",9998
178,21,0,[NULL],9998
178,21,1,[NULL],9998
179,20,7,9,2
179,20,3,2,2
179,20,4,3,2
179,20,0,3,4
179,20,"5,6",[NULL],9994
179,20,1,[NULL],9997
179,20,6,[NULL],9997
179,20,2,4,9998
180,19,4,7,2
180,19,"9,10",10,2
180,19,"7,10","6,7,10",2
180,19,5,[NULL],9994
180,19,10,[NULL],9995
180,19,6,[NULL],9997
180,19,2,[NULL],9997
180,19,3,5,9998
180,19,1,6,9998
180,19,0,7,9998
180,19,8,[NULL],9998
181,18,7,"0,10",2
181,18,6,"7,10",2
181,18,4,[NULL],9993
181,18,3,[NULL],9997
181,18,2,[NULL],9997
181,18,0,3,9998
181,18,5,7,9998
181,18,1,[NULL],9998
182,17,3,8,2
182,17,1,4,2
182,17,2,[NULL],9996
182,17,0,[NULL],9997
183,16,2,2,2
183,16,1,0,4
183,16,0,[NULL],9997
183,16,3,5,9998
184,15,5,5,2
184,15,4,"2,5",2
184,15,3,[NULL],9997
184,15,0,[NULL],9997
184,15,2,7,9998
184,15,1,[NULL],9998
185,14,3,[NULL],9996
185,14,4,[NULL],9997
185,14,0,[NULL],9997
185,14,2,"4,5,6,7",9998
185,14,1,"4,6",9998
186,13,3,2,2
186,13,1,[NULL],9996
186,13,2,[NULL],9997
186,13,0,"0,4,5,6",9998
187,12,5,1,2
187,12,3,[NULL],9997
187,12,4,8,9998
187,12,2,1,9998
187,12,0,[NULL],9998
187,12,1,[NULL],9998
188,11,5,[NULL],9992
188,11,2,[NULL],9997
188,11,"3,4",[NULL],9997
188,11,4,10,9998
188,11,0,[NULL],9998
188,11,1,[NULL],9998
189,10,5,[NULL],9996
189,10,4,[NULL],9997
189,10,3,[NULL],9997
189,10,2,[NULL],9997
189,10,0,[NULL],9998
189,10,1,[NULL],9998
190,9,2,2,2
190,9,1,[NULL],9993
190,9,0,1,9998
191,8,"1,2",[NULL],9994
191,8,0,[NULL],9996
191,8,2,[NULL],9997
192,7,1,[NULL],9997
192,7,0,3,9998
0,200,0,[NULL],9000
2,198,0,[NULL],9000
6,194,0,[NULL],9000
133,67,0,[NULL],9000
135,65,0,[NULL],9000
137,63,0,[NULL],9998
138,62,0,[NULL],9998
141,59,0,[NULL],9996
142,58,"0,1",0,4
142,58,1,[NULL],9998
143,57,0,0,4
144,56,1,0,2
144,56,0,[NULL],9997
145,55,0,[NULL],9996
146,54,1,0,2
146,54,0,0,4
147,53,1,0,3
147,53,0,0,4
147,53,2,[NULL],9998
148,52,1,[NULL],9996
148,52,0,[NULL],9998
149,51,2,0,2
149,51,"0,1",2,3
149,51,1,[NULL],9996
150,50,0,0,3
150,50,1,[NULL],9998
151,49,2,1,2
151,49,1,0,2
151,49,0,0,4
152,48,"1,2",0,2
152,48,2,[NULL],9996
152,48,0,[NULL],9998
153,47,1,0,2
153,47,0,[NULL],9997
154,46,1,0,2
154,46,2,1,2
154,46,0,3,4
155,45,2,0,2
155,45,1,1,2
155,45,0,1,3
155,45,3,[NULL],9998
156,44,3,1,2
156,44,2,0,2
156,44,1,[NULL],9996
156,44,0,[NULL],9998
157,43,2,2,2
157,43,1,1,2
157,43,0,[NULL],9998
157,43,3,[NULL],9998
158,42,2,1,2
158,42,"1,4",0,2
158,42,3,0,3
158,42,4,5,4
158,42,0,[NULL],9998
159,41,3,1,2
159,41,2,0,3
159,41,"1,4","0,4",4
159,41,0,[NULL],9998
159,41,4,[NULL],9998
160,40,3,0,2
160,40,2,1,2
160,40,1,[NULL],9996
160,40,0,[NULL],9998
161,39,2,2,2
161,39,1,1,2
161,39,0,[NULL],9996
162,38,3,4,2
162,38,4,0,2
162,38,1,"0,2",2
162,38,2,3,2
162,38,0,1,4
163,37,2,0,2
163,37,1,2,2
163,37,0,1,4
163,37,3,[NULL],9998
164,36,2,0,2
164,36,1,2,2
164,36,0,[NULL],9996
165,35,4,3,2
165,35,2,2,2
165,35,0,0,2
165,35,3,0,3
165,35,1,[NULL],9996
166,34,4,5,2
166,34,2,2,2
166,34,0,0,2
166,34,1,2,4
166,34,3,[NULL],9998
167,33,3,4,2
167,33,2,1,2
167,33,1,0,2
167,33,0,0,3
168,32,"3,5","3,5",2
168,32,"1,6",0,2
168,32,5,5,2
168,32,0,1,2
168,32,2,1,3
168,32,6,[NULL],9996
168,32,4,[NULL],9998
169,31,4,4,2
169,31,1,1,2
169,31,2,3,3
169,31,0,[NULL],9998
169,31,3,[NULL],9998
169,31,5,[NULL],9998
169,31,6,[NULL],9998
170,30,2,1,2
170,30,1,4,4
170,30,0,[NULL],9997
171,29,4,5,2
171,29,3,4,2
171,29,1,1,2
171,29,0,1,4
171,29,2,[NULL],9998
172,28,"2,5",1,2
172,28,4,0,2
172,28,5,[NULL],9996
172,28,3,[NULL],9997
172,28,1,[NULL],9997
172,28,0,[NULL],9998
172,28,6,[NULL],9998
173,27,3,5,2
173,27,6,6,2
173,27,"4,5",3,2
173,27,7,[NULL],9000
173,27,0,[NULL],9000
173,27,2,[NULL],9996
173,27,1,[NULL],9996
173,27,5,[NULL],9997
174,26,"2,3,5",1,2
174,26,1,2,3
174,26,5,[NULL],9000
174,26,0,[NULL],9997
174,26,3,[NULL],9998
174,26,4,[NULL],9998
174,26,6,[NULL],9998
175,25,5,6,2
175,25,2,0,2
175,25,3,[NULL],9000
175,25,4,[NULL],9995
175,25,1,[NULL],9997
175,25,0,[NULL],9998
176,24,3,0,2
176,24,5,5,2
176,24,1,[NULL],9000
176,24,2,[NULL],9961
176,24,4,[NULL],9991
176,24,0,[NULL],9998
176,24,6,[NULL],9998
177,23,4,4,2
177,23,5,"3,4",2
177,23,3,4,3
177,23,2,[NULL],9997
177,23,0,[NULL],9998
177,23,1,[NULL],9998
177,23,6,[NULL],9998
178,22,4,2,2
178,22,"5,6",7,3
178,22,3,[NULL],9000
178,22,6,[NULL],9997
178,22,0,[NULL],9998
178,22,1,[NULL],9998
178,22,2,[NULL],9998
179,21,5,3,2
179,21,6,1,2
179,21,7,0,2
179,21,3,[NULL],9996
179,21,4,[NULL],9997
179,21,2,[NULL],9997
179,21,0,[NULL],9998
179,21,1,[NULL],9998
180,20,3,0,2
180,20,7,5,2
180,20,4,[NULL],9995
180,20,0,[NULL],9998
180,20,1,[NULL],9998
180,20,2,[NULL],9998
180,20,5,[NULL],9998
180,20,6,[NULL],9998
181,19,1,2,3
181,19,0,[NULL],9998
181,19,2,[NULL],9998
181,19,3,[NULL],9998
182,18,5,3,2
182,18,0,2,4
182,18,6,[NULL],9000
182,18,1,[NULL],9998
182,18,2,[NULL],9998
182,18,3,[NULL],9998
182,18,4,[NULL],9998
183,17,7,2,2
183,17,3,[NULL],9996
183,17,6,[NULL],9997
183,17,2,[NULL],9997
183,17,0,[NULL],9998
183,17,1,[NULL],9998
183,17,4,[NULL],9998
183,17,5,[NULL],9998
184,16,"4,5,6,7",2,2
184,16,"5,7","1,2",2
184,16,7,0,3
184,16,0,[NULL],9998
184,16,1,[NULL],9998
184,16,2,[NULL],9998
184,16,3,[NULL],9998
184,16,6,[NULL],9998
185,15,"0,4,5,6",0,2
185,15,"4,5,6",[NULL],9996
185,15,3,[NULL],9997
185,15,5,[NULL],9997
185,15,1,[NULL],9998
185,15,2,[NULL],9998
185,15,6,[NULL],9998
186,14,8,4,2
186,14,1,2,2
186,14,6,[NULL],9995
186,14,"0,3",[NULL],9996
186,14,7,[NULL],9996
186,14,3,[NULL],9997
186,14,5,[NULL],9997
186,14,2,[NULL],9998
186,14,4,[NULL],9998
187,13,10,3,2
187,13,8,[NULL],9996
187,13,7,[NULL],9997
187,13,3,[NULL],9997
187,13,0,[NULL],9998
187,13,1,[NULL],9998
187,13,2,[NULL],9998
187,13,4,[NULL],9998
187,13,5,[NULL],9998
187,13,6,[NULL],9998
187,13,9,[NULL],9998
188,12,7,[NULL],9991
188,12,"4,5,6",[NULL],9997
188,12,"5,6",[NULL],9997
188,12,0,[NULL],9998
188,12,1,[NULL],9998
188,12,2,[NULL],9998
188,12,3,[NULL],9998
188,12,6,[NULL],9998
189,11,1,0,2
189,11,6,[NULL],9996
189,11,5,[NULL],9997
189,11,4,[NULL],9997
189,11,0,[NULL],9998
189,11,2,[NULL],9998
189,11,3,[NULL],9998
190,10,3,[NULL],9992
190,10,4,[NULL],9997
190,10,0,[NULL],9998
190,10,1,[NULL],9998
190,10,2,[NULL],9998
191,9,3,0,2
191,9,1,[NULL],9996
191,9,0,[NULL],9997
191,9,2,[NULL],9997
192,8,2,[NULL],9000
192,8,0,[NULL],9998
192,8,1,[NULL],9998
193,7,1,[NULL],9997
193,7,0,[NULL],9997
194,6,"0,1",[NULL],9997
194,6,1,[NULL],9998
195,5,1,[NULL],9996
195,5,0,[NULL],9997
196,4,0,[NULL],9997
