index,mon,stem,s,d2
0,0,0,0,""
0,"0,1,0",0,1,""
0,"0,2,0",0,2,""
0,"1,1,0",1,1,""
0,"0,3,0",0,3,""
0,"0,4,0",0,4,""
0,"1,2,0",2,2,""
0,"0,5,0",0,5,""
0,"0,6,0",0,6,""
0,"0,7,0",0,7,""
0,1,4,3,""
0,"0,8,0",0,8,""
0,"0,1,1",4,4,""
0,"3,1,0",7,1,""
0,"0,9,0",0,9,""
0,"0,2,1",4,5,""
0,"0,1,3,1,0",7,2,""
0,"0,10,0",0,10,""
0,"0,3,1",4,6,""
0,"0,2,3,1,0",7,3,""
0,"0,11,0",0,11,""
0,"0,4,1",4,7,""
0,"0,3,3,1,0",7,4,""
0,"0,12,0",0,12,""
0,"0,5,1",4,8,""
0,2,11,1,""
0,"0,13,0",0,13,""
0,"0,6,1",4,9,""
0,"0,1,2",11,2,""
0,"0,14,0",0,14,""
0,"0,7,1",4,10,""
0,"5,1,0",9,5,""
0,"0,2,2",11,3,""
0,3,12,2,""
0,"0,15,0",0,15,""
0,"0,8,1",4,11,""
0,"3,1,1",11,4,""
0,"0,16,0",0,16,""
0,"0,9,1",4,12,""
0,"1,1,5,1,0",10,6,""
0,"6,1,0",11,5,""
0,"3,2,0",14,2,""
0,"7,1,0",15,1,""
0,"0,17,0",0,17,""
0,"0,10,1",4,13,""
0,"0,1,6,1,0",11,6,""
0,"0,1,7,1,0",15,2,""
0,"0,18,0",0,18,""
0,"0,11,1",4,14,""
0,"0,2,6,1,0",11,7,""
0,"2,1,3",15,3,""
1,"0,2,7,1,0",15,3,""
0,"1,1,7,1,0",16,2,""
0,"0,19,0",0,19,""
0,"0,12,1",4,15,""
0,"0,3,7,1,0",15,4,""
0,4,16,3,""
0,"0,20,0",0,20,""
0,"0,13,1",4,16,""
0,"0,4,7,1,0",15,5,""
0,"1,2,7,1,0",17,3,""
0,"3,1,2",18,2,""
0,"0,21,0",0,21,""
0,"0,14,1",4,17,""
0,"0,5,7,1,0",15,6,""
0,"9,1,0",17,4,""
0,"0,1,3,1,2",18,3,""
0,"0,22,0",0,22,""
0,"0,15,1",4,18,""
0,"0,6,7,1,0",15,7,""
0,"10,1,0",18,4,""
0,"0,23,0",0,23,""
0,"0,16,1",4,19,""
0,"0,7,7,1,0",15,8,""
0,"0,1,10,1,0",18,5,""
0,"7,1,1",19,4,""
0,"0,24,0",0,24,""
0,"0,17,1",4,20,""
0,"0,1,7,1,1",19,5,""
0,"0,25,0",0,25,""
0,"0,18,1",4,21,""
0,"0,2,7,1,1",19,6,""
0,"0,26,0",0,26,""
0,"0,19,1",4,22,""
0,"14,1,0",17,9,""
0,"0,3,7,1,1",19,7,""
0,5,24,2,""
0,"0,27,0",0,27,""
0,"0,20,1",4,23,""
0,"0,4,7,1,1",19,8,""
0,"0,28,0",0,28,""
0,"0,21,1",4,24,""
0,"1,1,14,1,0",18,10,""
0,"15,1,0",19,9,""
0,6,24,4,""
0,7,25,3,""
1,"3,2,2",25,3,""
0,"0,29,0",0,29,""
0,"0,22,1",4,25,""
0,"0,1,15,1,0",19,10,""
0,8,23,6,""
0,9,26,3,""
0,"0,30,0",0,30,""
0,"0,23,1",4,26,""
0,"0,2,15,1,0",19,11,""
0,"17,1,0",23,7,""
0,"1,1,7",26,4,""
0,"7,1,3",27,3,""
0,"0,31,0",0,31,""
0,"0,24,1",4,27,""
0,"0,1,17,1,0",23,8,""
0,"1,1,8",24,7,""
0,"0,32,0",0,32,""
0,"0,25,1",4,28,""
0,"0,2,17,1,0",23,9,""
0,"2,1,6",27,5,""
0,"2,1,7",28,4,""
0,"7,2,0",30,2,""
0,"18,1,0",31,1,0
0,"0,33,0",0,33,""
0,"0,26,1",4,29,""
0,"0,3,17,1,0",23,10,""
0,"19,1,0",25,8,""
0,"2,1,9",29,4,""
0,"0,1,7,2,0",30,3,""
0,"0,1,18,1,0",31,2,1
0,"0,34,0",0,34,""
0,"0,27,1",4,30,""
0,"0,4,17,1,0",23,11,""
0,10,29,5,""
0,11,30,4,""
1,"0,2,7,2,0",30,4,""
0,"1,1,7,2,0",31,3,""
1,"0,2,18,1,0",31,3,1
0,"1,1,18,1,0",32,2,""
0,"0,35,0",0,35,""
0,"0,28,1",4,31,""
0,"0,5,17,1,0",23,12,""
0,"0,1,11",30,5,""
1,"0,3,7,2,0",30,5,""
0,"0,3,18,1,0",31,4,""
0,"0,36,0",0,36,""
0,"0,29,1",4,32,""
0,12,27,9,""
0,"10,1,3",30,6,""
1,"23,1,0",30,6,""
0,"1,1,11",31,5,""
1,"24,1,0",31,5,""
2,"0,4,18,1,0",31,5,""
0,"25,1,0",32,4,""
0,"1,2,18,1,0",33,3,""
0,13,34,2,0
0,"0,37,0",0,37,""
0,"0,30,1",4,33,""
0,"17,1,1",27,10,""
0,"0,1,23,1,0",30,7,""
0,"0,5,18,1,0",31,6,""
0,"26,1,0",33,4,""
0,"0,1,13",34,3,0
0,"0,38,0",0,38,""
0,"0,31,1",4,34,""
0,"27,1,0",25,13,""
0,"0,1,17,1,1",27,11,""
0,"0,2,23,1,0",30,8,""
0,"0,6,18,1,0",31,7,""
0,"13,1,3",32,6,""
1,"28,1,0",32,6,""
0,"0,1,26,1,0",33,5,""
0,"0,2,13",34,4,""
0,"0,39,0",0,39,""
0,"0,32,1",4,35,""
0,"0,2,17,1,1",27,12,""
0,"0,3,23,1,0",30,9,""
0,"0,7,18,1,0",31,8,""
0,"7,2,1",34,5,""
0,"18,1,1",35,4,""
0,"0,40,0",0,40,""
0,"0,33,1",4,36,""
0,"1,1,27,1,0",26,14,""
0,"30,1,0",27,13,""
0,"0,4,23,1,0",30,10,""
0,"0,8,18,1,0",31,9,""
0,"0,1,18,1,1",35,5,""
0,14,37,3,""
0,"3,1,18,1,0",38,2,""
0,"0,41,0",0,41,""
0,"0,34,1",4,37,""
0,"0,1,30,1,0",27,14,""
0,"0,9,18,1,0",31,10,""
0,15,34,7,""
0,"0,2,18,1,1",35,6,""
0,"0,1,14",37,4,""
0,16,38,3,""
1,"0,1,3,1,18,1,0",38,3,""
0,"0,42,0",0,42,""
0,"0,35,1",4,38,""
0,"0,2,30,1,0",27,15,""
0,"0,10,18,1,0",31,11,""
0,"17,1,2",34,8,""
0,"0,3,18,1,1",35,7,""
0,"34,1,0",37,5,""
0,"35,1,0",38,4,""
1,"0,2,3,1,18,1,0",38,4,""
0,"0,43,0",0,43,""
0,"0,36,1",4,39,""
0,"0,11,18,1,0",31,12,""
0,"5,1,8",32,11,""
0,"23,1,1",34,9,""
0,"0,4,18,1,1",35,8,""
0,"0,1,34,1,0",37,6,""
0,17,38,5,0
1,"0,3,3,1,18,1,0",38,5,""
0,18,39,4,""
1,"1,1,16",39,4,""
0,"0,44,0",0,44,""
0,"0,37,1",4,40,""
0,"0,12,18,1,0",31,13,""
0,"0,1,23,1,1",34,10,""
0,"0,5,18,1,1",35,9,""
0,"0,2,34,1,0",37,7,""
0,"36,1,0",38,6,0
0,"1,1,35,1,0",39,5,""
0,"37,1,0",40,4,""
0,"38,1,0",41,3,1
0,"18,1,2",42,2,""
0,"0,45,0",0,45,""
0,"0,38,1",4,41,""
0,"0,13,18,1,0",31,14,""
0,"39,1,0",33,12,""
0,"40,1,0",34,11,""
0,"0,6,18,1,1",35,10,""
0,"0,3,34,1,0",37,8,""
0,"1,1,18",40,5,""
1,"0,1,37,1,0",40,5,""
0,"0,1,38,1,0",41,4,""
0,"0,1,18,1,2",42,3,""
0,"0,46,0",0,46,""
0,"0,39,1",4,42,""
0,"0,14,18,1,0",31,15,""
0,"0,1,40,1,0",34,12,""
0,"0,7,18,1,1",35,11,""
0,19,39,7,""
0,20,40,6,""
1,"5,1,18,1,0",40,6,""
0,21,41,5,""
0,"0,2,18,1,2",42,4,""
0,"18,1,3",43,3,""
0,"0,47,0",0,47,""
0,"0,40,1",4,43,""
0,"0,15,18,1,0",31,16,""
0,"0,2,40,1,0",34,13,""
0,"0,8,18,1,1",35,12,""
0,22,40,7,0
0,"0,1,21",41,6,""
1,"2,1,17",41,6,""
0,"2,1,18",42,5,""
1,"3,1,18,1,1",42,5,""
0,"0,48,0",0,48,""
0,"0,41,1",4,44,""
0,"0,9,18,1,1",35,13,""
0,"42,1,0",39,9,""
0,"23,1,2",41,7,""
1,"1,1,5,1,18,1,0",41,7,""
0,23,42,6,1
1,"6,1,18,1,0",42,6,""
0,"3,1,14",44,4,""
1,"43,1,0",44,4,""
0,24,45,3,""
1,"3,2,18,1,0",45,3,""
0,"0,49,0",0,49,""
0,"0,42,1",4,45,""
0,"0,10,18,1,1",35,14,""
0,"1,1,22",41,8,0
1,"34,1,1",41,8,""
0,"0,1,23",42,7,0
1,"0,1,6,1,18,1,0",42,7,""
0,25,43,6,""
0,"0,1,43,1,0",44,5,""
0,"3,1,16",45,4,""
0,"0,50,0",0,50,""
0,"0,43,1",4,46,""
0,"44,1,0",33,17,""
0,"0,11,18,1,1",35,15,""
0,"1,1,42,1,0",40,10,""
0,"0,1,34,1,1",41,9,""
0,"0,2,23",42,8,0
1,"0,2,6,1,18,1,0",42,8,""
0,"24,1,3",43,7,""
0,"25,1,3",44,6,""
1,"0,2,43,1,0",44,6,""
0,"1,1,43,1,0",45,5,""
0,"2,1,18,1,3",46,4,""
0,26,47,3,""
0,"0,51,0",0,51,""
0,"0,44,1",4,47,""
0,"0,12,18,1,1",35,16,""
0,"45,1,0",41,10,""
0,"46,1,0",42,9,0
0,"10,1,9",44,7,""
0,"11,1,9",45,6,""
0,"3,1,18",46,5,""
0,"18,1,4",47,4,""
0,"0,52,0",0,52,""
0,"0,45,1",4,48,""
0,"1,1,44,1,0",34,18,""
0,"47,1,0",35,17,""
0,"0,1,45,1,0",41,11,""
0,"13,1,6",44,8,""
0,"13,1,7",45,7,""
0,"3,1,38,1,0",48,4,""
0,"3,1,18,1,2",49,3,""
0,"0,53,0",0,53,""
0,"0,46,1",4,49,""
0,"0,1,47,1,0",35,18,""
0,27,39,14,""
0,"13,1,9",46,7,""
1,"48,1,0",46,7,""
0,"1,1,3,1,18",47,6,""
0,28,48,5,""
1,"9,1,18,1,0",48,5,""
0,"0,1,3,1,18,1,2",49,4,""
0,"0,54,0",0,54,""
0,"0,47,1",4,50,""
0,"0,2,47,1,0",35,19,""
0,"50,1,0",39,15,""
0,"52,1,0",46,8,""
0,"34,1,2",48,6,""
0,"10,1,18,1,0",49,5,""
0,"0,55,0",0,55,""
0,"0,48,1",4,51,""
0,"0,1,50,1,0",39,16,""
0,"14,1,8",40,15,""
0,"1,1,48,1,0",47,8,""
0,"53,1,0",48,7,""
0,"0,1,10,1,18,1,0",49,6,""
0,"0,56,0",0,56,""
0,"0,49,1",4,52,""
0,"0,2,50,1,0",39,17,""
0,"0,1,53,1,0",48,8,""
0,"36,1,2",49,7,0
0,"37,1,2",51,5,""
0,"38,1,2",52,4,""
0,"0,57,0",0,57,""
0,"0,50,1",4,53,""
0,"0,3,50,1,0",39,18,""
0,"55,1,0",41,16,""
0,29,47,10,0
0,"0,2,53,1,0",48,9,""
0,"57,1,0",52,5,""
0,"0,58,0",0,58,""
0,"0,51,1",4,54,""
0,"0,4,50,1,0",39,19,""
0,30,46,12,""
0,"0,1,29",47,11,0
0,"13,1,10",49,9,""
0,31,50,8,""
0,32,53,5,""
0,"3,1,26",54,4,""
0,"0,59,0",0,59,""
0,"0,52,1",4,55,""
0,"0,5,50,1,0",39,20,""
0,"17,1,8",46,13,""
0,"0,2,29",47,12,0
0,"1,1,29",48,11,"0,1"
0,33,55,4,0
0,"0,60,0",0,60,""
0,"0,53,1",4,56,""
0,34,43,17,""
0,"17,2,0",46,14,""
0,"60,1,0",47,13,0
1,"59,1,0",47,13,0
0,35,54,6,""
1,"61,1,0",54,6,""
0,"18,1,6",55,5,""
1,"43,1,2",55,5,""
0,"18,1,7",56,4,""
0,"0,61,0",0,61,""
0,"0,54,1",4,57,""
0,"50,1,1",43,18,""
0,"0,1,17,2,0",46,15,""
0,"0,1,59,1,0",47,14,0
0,"5,1,22",49,12,0
0,36,53,8,""
0,37,54,7,""
1,"18,1,8",54,7,""
0,"0,1,43,1,2",55,6,""
0,"1,1,33",56,5,1
0,"18,1,9",57,4,""
0,"0,62,0",0,62,""
0,"0,55,1",4,58,""
0,"62,1,0",41,21,""
0,"0,1,50,1,1",43,19,""
0,"0,2,17,2,0",46,16,""
0,"0,2,59,1,0",47,15,0
0,"1,1,59,1,0",48,14,""
0,38,54,8,0
1,"17,1,18,1,0",54,8,""
0,39,55,7,""
1,"1,1,61,1,0",55,7,""
0,40,56,6,""
0,"1,1,18,1,7",57,5,""
0,"0,63,0",0,63,""
0,"0,56,1",4,59,""
0,"0,2,50,1,1",43,20,""
0,"0,3,17,2,0",46,17,""
0,"0,3,59,1,0",47,16,0
0,"64,1,0",53,10,""
0,"0,1,38",54,9,0
1,"0,1,17,1,18,1,0",54,9,""
0,"1,1,18,1,8",55,8,""
0,41,57,6,""
0,"2,1,33",58,5,0
0,"0,64,0",0,64,""
0,"0,57,1",4,60,""
0,"1,1,62,1,0",42,22,""
0,"65,1,0",43,21,""
0,"0,4,17,2,0",46,18,""
0,"0,4,59,1,0",47,17,""
0,42,51,13,0
0,"0,1,64,1,0",53,11,""
0,"23,1,6",54,10,""
1,"66,1,0",54,10,0
0,"1,1,38",55,9,0
1,"24,1,6",55,9,""
0,"1,1,39",56,8,""
0,"25,1,7",57,7,""
1,"67,1,0",57,7,""
0,"2,1,18,1,6",58,6,""
1,"68,1,0",58,6,1
0,"2,1,18,1,7",59,5,""
0,"18,2,0",62,2,""
0,"69,1,0",63,1,0
0,"0,65,0",0,65,""
0,"0,58,1",4,61,""
0,"0,1,65,1,0",43,22,""
0,"0,5,59,1,0",47,18,""
0,43,50,15,""
0,"0,1,42",51,14,0
0,"0,2,64,1,0",53,12,""
0,"1,1,64,1,0",54,11,""
1,"0,1,66,1,0",54,11,0
0,"18,1,19,1,0",56,9,""
0,"24,1,9",57,8,""
1,"0,1,67,1,0",57,8,""
0,"0,1,68,1,0",58,7,0
0,44,59,6,""
0,"2,1,18,1,9",60,5,""
0,"70,1,0",61,4,""
0,"0,1,18,2,0",62,3,""
0,"0,1,69,1,0",63,2,0
0,"0,66,0",0,66,""
0,"0,59,1",4,62,""
0,"0,2,65,1,0",43,23,""
0,"0,6,59,1,0",47,19,""
0,"50,1,2",50,16,""
0,"0,2,42",51,15,0
0,"0,3,64,1,0",53,13,""
0,"0,2,66,1,0",54,12,0
0,"72,1,0",56,10,0
0,"0,2,67,1,0",57,9,""
0,"2,1,39",58,8,""
1,"0,2,68,1,0",58,8,""
0,"2,1,40",59,7,""
0,"0,2,18,2,0",62,4,""
0,"1,1,18,2,0",63,3,""
1,"0,2,69,1,0",63,3,2
0,"1,1,69,1,0",64,2,""
0,"0,67,0",0,67,""
0,"0,60,1",4,63,""
0,"0,7,59,1,0",47,20,""
0,"27,1,8",48,19,""
0,"17,2,1",50,17,""
0,"59,1,1",51,16,0
0,"0,4,64,1,0",53,14,""
0,"0,3,66,1,0",54,13,0
0,"1,2,64,1,0",55,12,""
0,"13,1,17",58,9,""
0,"13,1,18",59,8,""
0,"2,1,41",60,7,""
0,"75,1,0",61,6,""
1,"74,1,0",61,6,""
0,"76,1,0",62,5,1
1,"1,1,70,1,0",62,5,""
2,"0,3,18,2,0",62,5,""
0,"0,3,69,1,0",63,4,1
0,"0,68,0",0,68,""
0,"0,61,1",4,64,""
0,"0,8,59,1,0",47,21,""
0,"0,1,17,2,1",50,18,""
0,"0,1,59,1,1",51,17,0
0,"0,5,64,1,0",53,15,""
0,"0,4,66,1,0",54,14,0
0,45,60,8,""
0,46,61,7,"0,1"
1,"0,1,74,1,0",61,7,""
0,"18,1,24,1,0",62,6,""
1,"0,4,18,2,0",62,6,""
0,"0,4,69,1,0",63,5,1
0,"1,2,18,2,0",64,4,""
0,"1,2,69,1,0",65,3,""
0,"0,69,0",0,69,""
0,"0,62,1",4,65,""
0,"0,9,59,1,0",47,22,""
0,"77,1,0",49,20,""
0,"78,1,0",50,19,""
0,"0,2,59,1,1",51,18,0
0,"0,6,64,1,0",53,16,""
0,47,58,11,0
0,"53,1,3",60,9,""
1,"80,1,0",60,9,""
0,"0,1,46",61,8,2
0,48,62,7,"0,1,2"
1,"0,5,18,2,0",62,7,""
0,"1,1,76,1,0",63,6,""
1,"0,5,69,1,0",63,6,2
0,"0,70,0",0,70,""
0,"0,63,1",4,66,""
0,"0,10,59,1,0",47,23,""
0,"0,1,78,1,0",50,20,""
0,"0,3,59,1,1",51,19,0
0,"64,1,1",57,13,""
0,"0,1,47",58,12,0
0,"32,1,6",59,11,""
0,49,60,10,""
1,"33,1,6",60,10,""
2,"0,1,80,1,0",60,10,""
0,"3,1,38",61,9,0
1,"33,1,7",61,9,""
2,"81,1,0",61,9,0
0,"83,1,0",62,8,""
1,"82,1,0",62,8,""
2,"0,6,18,2,0",62,8,""
0,"84,1,0",63,7,""
1,"0,6,69,1,0",63,7,0
0,"86,1,0",64,6,""
0,"0,71,0",0,71,""
0,"0,64,1",4,67,""
0,"0,11,59,1,0",47,24,""
0,"0,2,78,1,0",50,21,""
0,"0,4,59,1,1",51,20,""
0,"5,1,29",56,15,0
0,"0,1,64,1,1",57,14,""
0,"66,1,1",58,13,0
0,"0,2,80,1,0",60,11,""
0,"0,1,81,1,0",61,10,0
0,"0,7,18,2,0",62,9,""
0,"1,1,48",63,8,1
1,"0,7,69,1,0",63,8,""
0,"18,2,1",66,5,""
0,"69,1,1",67,4,0
0,"0,72,0",0,72,""
0,"0,65,1",4,68,""
0,"0,5,59,1,1",51,21,""
0,"88,1,0",55,17,""
0,"0,2,64,1,1",57,15,""
0,"0,1,66,1,1",58,14,1
0,"0,3,80,1,0",60,12,""
0,"0,2,81,1,0",61,11,0
0,"90,1,0",62,10,""
1,"1,1,81,1,0",62,10,""
0,"1,1,82,1,0",63,9,""
1,"0,8,69,1,0",63,9,""
0,"3,1,67,1,0",64,8,""
0,"3,1,68,1,0",65,7,1
0,"0,1,18,2,1",66,6,""
1,"91,1,0",66,6,""
0,"0,1,69,1,1",67,5,0
1,"93,1,0",67,5,""
0,"94,1,0",68,4,""
0,50,69,3,""
0,"3,1,69,1,0",70,2,""
0,"0,73,0",0,73,""
0,"0,66,1",4,69,""
0,"0,6,59,1,1",51,22,""
0,"14,1,22",57,16,0
1,"0,3,64,1,1",57,16,""
0,"0,2,66,1,1",58,15,0
0,"0,4,80,1,0",60,13,""
0,"0,3,81,1,0",61,12,0
0,"0,1,90,1,0",62,11,""
0,"13,1,25",63,10,""
1,"0,9,69,1,0",63,10,""
0,51,64,9,""
1,"0,1,3,1,67,1,0",64,9,""
0,"0,1,3,1,68,1,0",65,8,1
0,"0,2,18,2,1",66,7,""
0,"0,2,69,1,1",67,6,0
0,"0,1,94,1,0",68,5,""
0,"96,1,0",69,4,""
0,"0,1,3,1,69,1,0",70,3,""
0,"0,74,0",0,74,""
0,"0,67,1",4,70,""
0,"97,1,0",49,25,""
0,"0,7,59,1,1",51,23,""
0,"1,1,88,1,0",56,18,""
0,"0,4,64,1,1",57,17,""
0,"0,3,66,1,1",58,16,0
0,"0,5,80,1,0",60,14,""
0,"0,2,90,1,0",62,12,""
0,"2,1,49",63,11,""
1,"0,10,69,1,0",63,11,""
0,"98,1,0",64,10,""
1,"0,2,3,1,67,1,0",64,10,""
0,52,65,9,0
0,"0,3,18,2,1",66,8,""
0,53,67,7,0
1,"0,3,69,1,1",67,7,0
0,54,68,6,""
0,55,69,5,"0,1,2"
1,"0,1,96,1,0",69,5,""
0,"99,1,0",70,4,""
1,"0,2,3,1,69,1,0",70,4,""
0,56,71,3,""
0,"0,75,0",0,75,""
0,"0,68,1",4,71,""
0,"0,8,59,1,1",51,24,""
0,"17,1,40,1,0",57,18,""
0,"100,1,0",58,17,0
0,"0,3,90,1,0",62,13,""
0,"0,11,69,1,0",63,12,""
0,"64,1,2",64,11,""
0,"0,1,52",65,10,1
0,"0,4,18,2,1",66,9,""
0,"0,1,53",67,8,1
1,"0,4,69,1,1",67,8,1
0,58,68,7,""
1,57,68,7,""
2,"3,1,74,1,0",68,7,""
0,"0,1,55",69,6,"0,2"
1,"18,1,17",69,6,""
2,"3,1,76,1,0",69,6,2
3,"0,2,96,1,0",69,6,""
0,"18,1,18",70,5,""
1,"0,3,3,1,69,1,0",70,5,""
0,"0,76,0",0,76,""
0,"0,69,1",4,72,""
0,"1,1,97,1,0",50,26,""
0,"102,1,0",51,25,""
0,"0,1,17,1,40,1,0",57,19,""
0,"0,4,90,1,0",62,14,""
0,"5,1,38",63,13,0
1,"0,12,69,1,0",63,13,""
0,"13,2,6",64,12,""
1,"80,1,1",64,12,""
0,"13,2,7",65,11,""
1,"66,1,2",65,11,0
2,"1,1,98,1,0",65,11,""
0,59,66,10,""
1,"103,1,0",66,10,""
0,"0,5,69,1,1",67,9,1
1,"106,1,0",67,9,""
0,"67,1,2",68,8,""
1,"107,1,0",68,8,1
2,"0,1,3,1,74,1,0",68,8,""
0,"43,1,7",69,7,""
1,"68,1,2",69,7,""
0,60,70,6,""
1,"1,1,55",70,6,"1,2"
0,62,71,5,""
1,61,71,5,2
0,"69,1,2",74,2,""
0,"0,77,0",0,77,""
0,"0,70,1",4,73,""
0,"0,1,102,1,0",51,26,""
0,63,55,22,""
0,"5,1,64,1,0",62,15,""
1,"0,5,90,1,0",62,15,""
0,"0,13,69,1,0",63,14,""
0,"0,1,80,1,1",64,13,""
0,"81,1,1",65,12,0
0,"0,1,59",66,11,""
1,"0,1,103,1,0",66,11,""
0,"0,6,69,1,1",67,10,1
1,"0,1,106,1,0",67,10,""
0,"0,1,107,1,0",68,9,1
0,64,69,8,""
1,"0,1,68,1,2",69,8,""
2,"108,1,0",69,8,""
0,66,70,7,0
1,65,70,7,0
2,"43,1,9",70,7,""
0,"1,1,18,1,18",71,6,""
1,"109,1,0",71,6,0
0,"70,1,2",72,5,""
0,67,73,4,""
0,"0,1,69,1,2",74,3,""
0,"0,78,0",0,78,""
0,"0,71,1",4,74,""
0,"0,2,102,1,0",51,27,""
0,"111,1,0",55,23,""
0,"0,6,90,1,0",62,16,""
0,"0,14,69,1,0",63,15,""
0,"0,2,80,1,1",64,14,""
1,"112,1,0",64,14,0
0,"113,1,0",65,13,0
0,"0,2,59",66,12,""
1,"0,2,103,1,0",66,12,""
0,"0,7,69,1,1",67,11,""
1,"0,2,106,1,0",67,11,""
0,"0,2,107,1,0",68,10,1
0,"1,1,107,1,0",69,9,""
0,"3,1,84,1,0",70,8,""
0,68,71,7,""
1,"1,2,55",71,7,""
2,"18,1,20",71,7,""
3,"0,1,109,1,0",71,7,""
0,69,72,6,0
1,"2,1,55",72,6,0
2,"5,1,69,1,0",72,6,""
0,70,73,5,""
1,"0,1,67",73,5,""
0,71,74,4,""
1,"18,2,3",74,4,""
2,"0,2,69,1,2",74,4,""
0,"69,1,3",75,3,""
0,"0,79,0",0,79,""
0,"0,72,1",4,75,""
0,"0,1,111,1,0",55,24,""
0,"44,1,8",56,23,""
0,"0,7,90,1,0",62,17,""
0,"1,1,5,1,64,1,0",63,16,""
1,"0,15,69,1,0",63,16,""
0,"0,1,112,1,0",64,15,""
0,"0,1,113,1,0",65,14,0
0,"90,1,1",66,13,""
0,"0,8,69,1,1",67,12,""
1,"0,3,106,1,0",67,12,""
0,"23,1,17",68,11,""
0,"24,1,17",69,10,""
0,72,70,9,""
0,"25,1,18",71,8,""
0,"2,1,18,1,17",72,7,""
1,"75,1,2",72,7,""
2,"74,1,2",72,7,""
0,"0,2,67",73,6,""
1,"76,1,2",73,6,""
0,"3,1,69,1,1",74,5,""
0,"0,80,0",0,80,""
0,"0,73,1",4,76,""
0,"0,2,111,1,0",55,25,""
0,"0,8,90,1,0",62,18,""
0,"0,16,69,1,0",63,17,""
0,"0,2,112,1,0",64,16,""
0,"0,2,113,1,0",65,15,0
0,"0,1,90,1,1",66,14,""
0,"0,9,69,1,1",67,13,""
0,74,71,9,""
1,73,71,9,""
0,"7,1,67,1,0",72,8,""
1,"3,2,68,1,0",72,8,""
0,"7,1,68,1,0",73,7,""
1,"1,1,5,1,69,1,0",73,7,""
0,"2,1,61",74,6,""
1,"6,1,69,1,0",74,6,""
2,"3,1,93,1,0",74,6,""
0,75,75,5,0
1,"3,1,94,1,0",75,5,""
0,"3,2,69,1,0",77,3,""
0,"7,1,69,1,0",78,2,""
0,"0,81,0",0,81,""
0,"0,74,1",4,77,""
0,"0,3,111,1,0",55,26,""
0,"116,1,0",57,24,""
0,"0,17,69,1,0",63,18,""
0,"0,3,112,1,0",64,17,""
0,"0,2,90,1,1",66,15,""
0,"0,10,69,1,1",67,14,""
0,76,70,11,1
0,"28,1,18",71,10,""
1,"80,1,2",71,10,""
0,77,72,9,0
1,"2,1,64",72,9,""
0,"2,1,65",73,8,""
1,"75,1,3",73,8,""
2,"0,1,7,1,68,1,0",73,8,""
0,"18,1,25",74,7,""
1,"76,1,3",74,7,""
2,"0,1,6,1,69,1,0",74,7,""
0,"0,1,75",75,6,0
1,"0,1,3,1,94,1,0",75,6,""
0,"0,1,7,1,69,1,0",78,3,""
0,"0,82,0",0,82,""
0,"0,75,1",4,78,""
0,"0,4,111,1,0",55,27,""
0,78,62,20,""
0,"0,18,69,1,0",63,19,""
0,"0,3,90,1,1",66,16,""
0,"0,11,69,1,1",67,15,""
0,"51,1,6",69,13,""
1,"119,1,0",69,13,""
0,"52,1,6",70,12,""
0,"0,1,80,1,2",71,11,""
0,79,72,10,""
1,"81,1,2",72,10,1
0,"0,2,7,1,68,1,0",73,9,""
0,"84,1,2",74,8,""
1,"120,1,0",74,8,""
2,"0,2,6,1,69,1,0",74,8,""
0,"2,2,55",75,7,""
1,"86,1,2",75,7,""
2,"121,1,0",75,7,""
0,80,76,6,2
1,"3,1,55",76,6,0
2,"122,1,0",76,6,2
0,81,77,5,""
1,"2,1,71",77,5,""
0,"2,1,69,1,3",78,4,""
1,"0,2,7,1,69,1,0",78,4,""
0,"1,1,7,1,69,1,0",79,3,""
0,"0,83,0",0,83,""
0,"0,76,1",4,79,""
0,"0,5,111,1,0",55,28,""
0,"50,1,8",62,21,""
0,"0,19,69,1,0",63,20,""
0,"14,1,29",64,19,0
0,"0,4,90,1,1",66,17,""
0,"0,12,69,1,1",67,16,""
0,"9,1,38",71,12,0
1,"106,1,1",71,12,""
0,"107,1,1",72,11,0
0,82,74,9,""
1,"0,1,120,1,0",74,9,""
0,"3,1,57",75,8,""
1,"13,1,33",75,8,0
2,"0,1,121,1,0",75,8,""
0,"0,1,3,1,55",76,7,0
1,"3,2,76,1,0",76,7,""
0,"0,1,81",77,6,""
0,"0,3,7,1,69,1,0",78,5,""
0,"69,1,4",79,4,""
0,"0,84,0",0,84,""
0,"0,77,1",4,80,""
0,83,59,25,""
0,"17,1,50,1,0",62,22,""
0,"125,1,0",63,21,""
1,"0,20,69,1,0",63,21,""
0,"0,5,90,1,1",66,18,""
0,"0,13,69,1,1",67,17,""
0,"1,1,119,1,0",70,14,""
0,"126,1,0",71,13,""
0,84,72,12,""
1,"0,1,107,1,1",72,12,0
0,85,73,11,""
1,"90,1,2",73,11,""
0,"82,1,3",74,10,""
1,"0,2,120,1,0",74,10,""
0,"3,1,67,1,2",75,9,""
0,"3,1,68,1,2",76,8,""
1,"1,1,121,1,0",76,8,""
0,"1,1,3,1,55",77,7,1
1,"91,1,2",77,7,""
2,"129,1,0",77,7,""
3,"128,1,0",77,7,""
4,"1,1,122,1,0",77,7,""
0,"1,1,81",78,6,""
1,"93,1,2",78,6,""
2,"130,1,0",78,6,""
3,"0,4,7,1,69,1,0",78,6,""
0,"94,1,2",79,5,""
1,"131,1,0",79,5,""
0,"132,1,0",80,4,""
1,"1,2,7,1,69,1,0",80,4,""
0,"3,1,69,1,2",81,3,""
0,"0,85,0",0,85,""
0,"0,78,1",4,81,""
0,"111,1,1",59,26,""
0,"0,1,17,1,50,1,0",62,23,""
0,"0,21,69,1,0",63,22,""
0,"27,1,22",65,20,0
0,"0,6,90,1,1",66,19,""
0,"0,14,69,1,1",67,18,""
0,"0,1,126,1,0",71,14,""
0,"0,2,107,1,1",72,13,0
0,"32,1,17",73,12,""
0,86,74,11,""
1,"33,1,17",74,11,""
0,"33,1,18",75,10,""
0,"54,1,9",76,9,""
1,"0,1,3,1,68,1,2",76,9,""
2,"133,1,0",76,9,""
0,"35,1,18",77,8,""
1,"134,1,0",77,8,""
2,"0,1,128,1,0",77,8,""
0,"0,1,130,1,0",78,7,""
1,"0,5,7,1,69,1,0",78,7,""
0,"0,1,94,1,2",79,6,""
0,"9,1,69,1,0",80,5,""
1,"0,1,132,1,0",80,5,""
0,"0,1,3,1,69,1,2",81,4,""
0,"0,86,0",0,86,""
0,"0,79,1",4,82,""
0,"135,1,0",57,29,""
0,"0,1,111,1,1",59,27,""
0,"0,2,17,1,50,1,0",62,24,""
0,"0,22,69,1,0",63,23,""
0,"1,1,125,1,0",64,22,""
0,"0,7,90,1,1",66,20,""
0,"0,15,69,1,1",67,19,""
0,87,70,16,0
0,"0,2,126,1,0",71,15,""
0,"1,1,85",74,12,""
0,"13,1,39",75,11,""
0,"13,1,40",76,10,""
0,88,77,9,0
1,"0,2,128,1,0",77,9,""
0,"76,1,4",78,8,""
1,"0,2,130,1,0",78,8,""
2,"0,6,7,1,69,1,0",78,8,""
0,"3,1,69",79,7,""
1,"92,1,3",79,7,""
0,"3,1,70",80,6,""
1,"0,2,132,1,0",80,6,""
0,"3,1,71",81,5,""
1,"10,1,69,1,0",81,5,""
0,"0,87,0",0,87,""
0,"0,80,1",4,83,""
0,"0,2,111,1,1",59,28,""
0,"0,3,17,1,50,1,0",62,25,""
0,"0,23,69,1,0",63,24,""
0,"136,1,0",66,21,""
0,"0,16,69,1,1",67,20,""
0,"137,1,0",69,18,""
0,"138,1,0",70,17,0
0,"48,1,11",76,11,""
0,"36,1,18",77,10,""
1,"0,3,128,1,0",77,10,""
0,89,78,9,""
1,"0,7,7,1,69,1,0",78,9,""
0,"3,1,74,1,2",79,8,""
0,"0,1,10,1,69,1,0",81,6,""
0,"7,1,69,1,1",82,5,""
0,"0,88,0",0,88,""
0,"0,81,1",4,84,""
0,"1,1,135,1,0",58,30,""
0,"140,1,0",59,29,""
0,"0,4,17,1,50,1,0",62,26,""
0,"0,24,69,1,0",63,25,""
0,"0,17,69,1,1",67,21,""
0,"0,1,137,1,0",69,19,""
0,"0,1,138,1,0",70,18,0
0,"14,1,38",71,17,0
0,"13,1,23,1,6",74,14,""
0,"2,1,84",75,13,""
1,"13,1,24,1,6",75,13,""
0,"2,1,85",76,12,""
0,"0,4,128,1,0",77,11,""
0,"5,1,55",78,10,1
1,"106,1,2",78,10,""
2,"141,1,0",78,10,2
0,"107,1,2",79,9,0
0,90,81,7,""
1,"43,1,14",81,7,""
0,"3,1,75",82,6,""
1,"0,1,7,1,69,1,1",82,6,""
0,"142,1,0",84,4,""
0,"143,1,0",85,3,1
0,"0,89,0",0,89,""
0,"0,82,1",4,85,""
0,"0,1,140,1,0",59,30,""
0,"0,25,69,1,0",63,26,""
0,91,66,23,""
0,"0,18,69,1,1",67,22,""
0,"0,2,137,1,0",69,20,""
0,"1,1,137,1,0",70,19,""
1,"0,2,138,1,0",70,19,0
0,"2,1,86",77,12,""
1,"144,1,0",77,12,""
2,"0,5,128,1,0",77,12,""
0,"120,1,1",78,11,""
1,"0,1,141,1,0",78,11,""
0,"0,1,107,1,2",79,10,0
0,92,80,9,1
0,"0,1,90",81,8,""
1,"0,1,43,1,14",81,8,""
0,"109,1,2",82,7,""
1,"0,2,7,1,69,1,1",82,7,""
0,93,84,5,""
1,"0,1,142,1,0",84,5,""
0,"0,1,143,1,0",85,4,1
0,"0,90,0",0,90,""
0,"0,83,1",4,86,""
0,"0,2,140,1,0",59,31,""
0,"0,26,69,1,0",63,27,""
0,"111,1,2",66,24,""
0,"0,19,69,1,1",67,23,""
0,"0,3,137,1,0",69,21,""
0,"0,3,138,1,0",70,20,0
0,"146,1,0",72,18,0
0,94,77,13,""
0,"0,1,120,1,1",78,12,""
1,"0,2,141,1,0",78,12,""
0,"0,2,107,1,2",79,11,1
1,"1,1,141,1,0",79,11,""
0,"14,1,69,1,0",80,10,""
0,"0,2,90",81,9,""
0,"0,3,7,1,69,1,1",82,8,""
0,"3,2,55",83,7,0
0,95,84,6,""
1,"0,2,142,1,0",84,6,""
0,"0,2,143,1,0",85,5,0
0,"1,1,143,1,0",86,4,""
0,"69,1,5",87,3,""
0,"0,91,0",0,91,""
0,"0,84,1",4,87,""
0,"0,27,69,1,0",63,28,""
0,"62,1,8",64,27,""
0,"17,1,50,1,1",66,25,""
0,"0,20,69,1,1",67,24,""
0,"0,4,137,1,0",69,22,""
0,"0,4,138,1,0",70,21,0
0,"1,2,137,1,0",71,20,""
0,96,77,14,0
0,"13,2,17",78,13,""
1,"1,1,144,1,0",78,13,""
2,"0,3,141,1,0",78,13,""
0,"13,2,18",79,12,""
0,"128,1,1",81,10,""
0,"43,1,17",82,9,""
1,"0,4,7,1,69,1,1",82,9,""
0,"43,1,18",83,8,""
0,"0,3,142,1,0",84,7,""
0,"148,1,0",85,6,""
1,"0,3,143,1,0",85,6,""
0,"0,92,0",0,92,""
0,"0,85,1",4,88,""
0,"0,28,69,1,0",63,29,""
0,"0,1,17,1,50,1,1",66,26,""
0,"0,21,69,1,1",67,25,""
0,"0,5,137,1,0",69,23,""
0,"0,5,138,1,0",70,22,0
0,"149,1,0",76,16,""
0,"17,1,38",77,15,0
0,"66,1,6",78,14,""
0,97,79,13,""
1,"150,1,0",79,13,""
0,"151,1,0",80,12,""
0,"67,1,6",81,11,""
1,"0,1,128,1,1",81,11,""
2,"1,1,14,1,69,1,0",81,11,""
0,98,82,10,"0,1"
1,"15,1,69,1,0",82,10,""
0,99,83,9,""
0,100,84,8,0
0,"3,1,93,1,2",85,7,""
0,"7,1,61",86,6,""
1,"3,1,94,1,2",86,6,""
0,"69,1,6",87,5,""
0,"69,1,7",88,4,""
1,"3,2,69,1,2",88,4,""
0,101,89,3,0
0,"0,93,0",0,93,""
0,"0,86,1",4,89,""
0,"0,29,69,1,0",63,30,""
0,"152,1,0",65,28,""
0,"153,1,0",66,27,""
0,"0,22,69,1,1",67,26,""
0,"0,6,137,1,0",69,24,""
0,102,74,19,0
0,"0,1,149,1,0",76,17,""
0,"154,1,0",77,16,0
0,"1,1,96",78,15,0
0,"0,2,128,1,1",81,12,""
1,"155,1,0",81,12,""
0,"0,1,98",82,11,"0,1"
1,"0,1,15,1,69,1,0",82,11,""
0,"67,1,9",83,10,""
0,"1,1,43,1,18",84,9,""
0,104,85,8,0
1,103,85,8,""
0,"69,1,8",86,7,""
1,"1,1,148,1,0",86,7,""
0,"7,1,67",88,5,""
0,"0,1,101",89,4,0
1,"69,1,9",89,4,""
0,"0,94,0",0,94,""
0,"0,87,1",4,90,""
0,"0,30,69,1,0",63,31,""
0,"0,1,153,1,0",66,28,""
0,"0,23,69,1,1",67,27,""
0,"137,1,1",73,21,""
0,"138,1,1",74,20,0
0,"0,2,149,1,0",76,18,""
0,"1,1,149,1,0",77,17,""
1,"0,1,154,1,0",77,17,0
0,"13,1,32,1,6",79,15,""
0,"13,1,49",80,14,""
1,"13,1,33,1,6",80,14,""
2,"156,1,0",80,14,""
0,"0,3,128,1,1",81,13,""
1,"0,1,155,1,0",81,13,""
0,"0,2,98",82,12,0
1,"0,2,15,1,69,1,0",82,12,""
0,"157,1,0",84,10,""
0,105,85,9,""
1,"120,1,2",85,9,""
0,"18,1,39",86,8,""
1,"121,1,2",86,8,""
2,"17,1,69,1,0",86,8,""
0,"37,1,26",87,7,""
1,"158,1,0",87,7,""
0,"0,1,7,1,67",88,6,""
1,"38,1,26",88,6,""
0,"0,2,101",89,5,1
1,"7,1,71",89,5,""
2,"1,1,69,1,7",89,5,""
0,"7,1,69,1,3",90,4,""
0,"0,95,0",0,95,""
0,"0,88,1",4,91,""
0,"0,31,69,1,0",63,32,""
0,"0,2,153,1,0",66,29,""
0,"0,24,69,1,1",67,28,""
0,"27,1,29",72,23,0
0,"0,1,137,1,1",73,22,""
0,"0,1,138,1,1",74,21,0
0,"0,3,149,1,0",76,19,""
0,"0,2,154,1,0",77,18,0
0,"160,1,0",79,16,0
0,"0,4,128,1,1",81,14,""
0,"141,1,1",82,13,0
0,106,84,11,""
0,107,85,10,""
1,"0,1,105",85,10,""
2,"75,1,6",85,10,""
3,"0,1,120,1,2",85,10,""
0,108,86,9,"1,2"
1,"9,1,55",86,9,2
2,"76,1,6",86,9,""
3,"0,1,17,1,69,1,0",86,9,""
0,"1,1,69,1,8",87,8,""
1,"76,1,7",87,8,""
0,109,88,7,1
1,"142,1,1",88,7,""
0,"143,1,1",89,6,1
0,"0,96,0",0,96,""
0,"0,89,1",4,92,""
0,"0,25,69,1,1",67,29,""
0,"161,1,0",71,25,""
0,"0,2,137,1,1",73,23,""
0,"0,2,138,1,1",74,22,1
0,"0,4,149,1,0",76,20,""
0,"0,3,154,1,0",77,19,0
0,"1,2,149,1,0",78,18,""
0,"1,1,156,1,0",81,15,""
0,110,84,12,1
0,111,85,11,""
1,"0,2,105",85,11,""
2,"1,1,157,1,0",85,11,""
0,"1,1,105",86,10,""
1,"0,2,17,1,69,1,0",86,10,""
0,"75,1,9",87,9,""
1,"74,1,9",87,9,""
0,"76,1,9",88,8,""
1,"7,2,68,1,0",88,8,""
2,"1,1,158,1,0",88,8,""
0,"2,1,7,1,61",89,7,""
1,"0,1,143,1,1",89,7,""
0,"2,1,69,1,6",90,6,""
0,"2,1,69,1,7",91,5,""
0,"163,1,0",92,4,""
0,"7,2,69,1,0",93,3,""
0,"0,97,0",0,97,""
0,"0,90,1",4,93,""
0,"0,26,69,1,1",67,30,""
0,"44,1,22",73,24,0
1,"0,3,137,1,1",73,24,""
0,"0,3,138,1,1",74,23,0
0,"0,5,149,1,0",76,21,""
0,"0,4,154,1,0",77,20,0
0,"51,1,17",83,14,""
1,"64,1,11",83,14,""
0,"0,1,110",84,13,0
1,"80,1,6",84,13,""
0,"0,1,111",85,12,""
0,112,86,11,""
1,"0,3,17,1,69,1,0",86,11,""
0,"164,1,0",87,10,""
0,"19,1,69,1,0",88,9,""
0,"2,1,69,1,9",92,5,""
1,"0,1,163,1,0",92,5,""
0,113,93,4,2
1,"0,1,7,2,69,1,0",93,4,""
0,"0,98,0",0,98,""
0,"0,91,1",4,94,""
0,"165,1,0",65,33,""
0,"0,27,69,1,1",67,31,""
0,"1,1,161,1,0",72,26,""
0,"0,4,137,1,1",73,25,""
0,"0,4,138,1,1",74,24,0
0,"0,6,149,1,0",76,22,""
0,114,81,17,0
0,"167,1,0",83,15,""
0,"66,1,11",84,14,0
0,"1,1,110",85,13,"0,1"
1,"169,1,0",85,13,""
0,"83,1,6",86,12,""
1,"170,1,0",86,12,""
2,"0,4,17,1,69,1,0",86,12,""
0,"82,1,7",87,11,""
0,"2,1,105",88,10,""
1,"68,1,11",88,10,""
0,"13,1,55",89,9,0
0,"92,1,5",91,7,""
0,115,92,6,0
1,"69,1,10",92,6,""
2,"132,1,3",92,6,""
3,"0,2,163,1,0",92,6,""
0,"0,1,113",93,5,""
1,"69,1,11",93,5,""
2,"1,1,163,1,0",93,5,""
3,"0,2,7,2,69,1,0",93,5,""
0,"1,1,7,2,69,1,0",94,4,""
0,"0,99,0",0,99,""
0,"0,92,1",4,95,""
0,"0,28,69,1,1",67,32,""
0,"17,1,78,1,0",73,26,""
0,"171,1,0",74,25,0
0,"149,1,1",80,19,""
0,"138,1,2",81,18,0
0,"0,1,167,1,0",83,16,""
0,"173,1,0",84,15,0
1,"172,1,0",84,15,0
0,"0,1,169,1,0",85,14,""
0,116,86,13,"0,1"
1,"0,5,17,1,69,1,0",86,13,""
0,117,87,12,""
1,"1,1,112",87,12,""
0,"82,1,9",88,11,""
0,"134,1,3",89,10,""
0,"95,1,5",90,9,""
0,"70,1,11",91,8,""
1,"174,1,0",91,8,2
0,"0,1,115",92,7,""
1,"0,3,163,1,0",92,7,""
0,"0,1,69,1,11",93,6,""
1,"0,3,7,2,69,1,0",93,6,""
0,"1,1,113",94,5,""
0,"0,100,0",0,100,""
0,"0,93,1",4,96,""
0,"1,1,165,1,0",66,34,""
0,"175,1,0",67,33,""
0,"0,1,17,1,78,1,0",73,27,""
0,"27,1,38",79,21,0
0,"0,1,149,1,1",80,20,""
0,"154,1,1",81,19,0
0,"0,2,167,1,0",83,17,""
0,"13,3,6",84,16,""
1,"0,1,172,1,0",84,16,0
0,"23,1,24,1,6",85,15,""
1,"0,2,169,1,0",85,15,""
0,"72,1,11",86,14,0
1,"176,1,0",86,14,1
0,"1,1,170,1,0",87,13,""
0,"177,1,0",88,12,""
0,"178,1,0",89,11,1
0,"69,1,12",90,10,""
1,"2,1,75,1,9",90,10,""
2,"179,1,0",90,10,""
0,"2,1,76,1,9",91,9,""
1,"0,1,174,1,0",91,9,""
0,"68,1,13",92,8,""
1,"0,4,163,1,0",92,8,""
0,"1,1,115",93,7,0
1,"10,1,69,1,3",93,7,""
2,"23,1,69,1,0",93,7,""
0,"1,1,69,1,11",94,6,""
1,"24,1,69,1,0",94,6,""
2,"1,2,163,1,0",94,6,""
0,"25,1,69,1,0",95,5,""
0,"69,1,13",97,3,0
0,"0,101,0",0,101,""
0,"0,94,1",4,97,""
0,"0,1,175,1,0",67,34,""
0,118,71,30,""
0,"5,1,137,1,0",78,23,""
0,"0,2,149,1,1",80,21,""
0,"0,1,154,1,1",81,20,0
0,"0,3,167,1,0",83,18,""
0,"0,2,172,1,0",84,17,0
0,"1,1,172,1,0",85,16,""
1,"0,3,169,1,0",85,16,""
0,"1,1,117",88,13,""
1,"0,1,177,1,0",88,13,""
0,"13,1,64",89,12,""
1,"0,1,178,1,0",89,12,""
0,"13,1,65",90,11,""
1,"95,1,6",90,11,""
2,"17,1,69,1,1",90,11,""
0,"95,1,7",91,10,""
0,"122,1,4",92,9,""
1,"1,1,174,1,0",92,9,""
2,"0,5,163,1,0",92,9,""
0,"181,1,0",93,8,""
1,"0,1,23,1,69,1,0",93,8,""
0,119,94,7,0
0,"70,1,13",95,6,""
0,"26,1,69,1,0",96,5,""
0,"0,1,69,1,13",97,4,1
0,"0,102,0",0,102,""
0,"0,95,1",4,98,""
0,"0,2,175,1,0",67,35,""
0,"183,1,0",71,31,""
0,"0,3,149,1,1",80,22,""
1,"184,1,0",80,22,0
0,"185,1,0",81,21,0
0,"0,4,167,1,0",83,19,""
0,"0,3,172,1,0",84,18,0
0,120,87,15,""
0,121,88,14,""
1,"27,1,69,1,0",88,14,""
0,122,89,13,""
0,"0,1,17,1,69,1,1",90,12,""
1,"187,1,0",90,12,""
0,"18,1,49",91,11,""
1,"188,1,0",91,11,2
0,"189,1,0",92,10,""
0,123,93,9,""
1,"0,2,23,1,69,1,0",93,9,""
0,"0,1,119",94,8,""
1,"1,2,115",94,8,""
2,"190,1,0",94,8,""
0,"13,1,69,1,3",95,7,""
1,"191,1,0",95,7,0
2,"28,1,69,1,0",95,7,""
0,124,96,6,""
1,"0,1,26,1,69,1,0",96,6,""
0,"0,2,69,1,13",97,5,""
0,"0,103,0",0,103,""
0,"0,96,1",4,99,""
0,"0,1,183,1,0",71,32,""
0,"97,1,8",72,31,""
0,"1,1,5,1,137,1,0",79,24,""
0,"0,1,184,1,0",80,23,""
0,"0,1,185,1,0",81,22,0
0,"0,5,167,1,0",83,20,""
0,126,88,15,0
1,125,88,15,1
2,"13,1,23,1,17",88,15,""
0,"0,1,122",89,14,""
1,"2,1,116",89,14,""
2,"101,1,6",89,14,""
0,"2,1,117",90,13,""
1,"0,2,17,1,69,1,1",90,13,""
2,"0,1,187,1,0",90,13,""
0,"0,1,188,1,0",91,12,2
0,127,92,11,1
1,"0,1,189,1,0",92,11,""
0,"192,1,0",93,10,2
1,"0,3,23,1,69,1,0",93,10,""
0,"0,1,190,1,0",94,9,""
0,"1,1,119",95,8,2
1,"0,1,191,1,0",95,8,2
0,"163,1,1",96,7,""
0,"7,2,69,1,1",97,6,""
0,"0,104,0",0,104,""
0,"0,97,1",4,100,""
0,"0,2,183,1,0",71,33,""
0,"0,2,184,1,0",80,24,""
0,"0,2,185,1,0",81,23,0
0,"149,1,2",87,17,""
1,"193,1,0",87,17,""
0,"17,1,52",88,16,0
0,"0,2,122",89,15,""
1,"1,1,27,1,69,1,0",89,15,""
0,128,90,14,1
1,"30,1,69,1,0",90,14,""
2,"0,2,187,1,0",90,14,""
0,"105,1,6",91,13,""
1,"1,1,187,1,0",91,13,""
2,"0,2,188,1,0",91,13,2
0,"3,1,111",92,12,""
1,"195,1,0",92,12,""
2,"0,2,189,1,0",92,12,""
0,129,93,11,""
1,"1,1,189,1,0",93,11,""
2,"0,4,23,1,69,1,0",93,11,""
0,130,94,10,0
1,"67,1,14",94,10,""
2,"0,2,190,1,0",94,10,""
0,"68,1,14",95,9,0
1,"1,1,190,1,0",95,9,""
0,"0,1,163,1,1",96,8,""
1,"197,1,0",96,8,""
0,"198,1,0",97,7,1
0,131,98,6,""
0,132,99,5,""
1,"3,1,163,1,0",99,5,""
0,"69,1,14",100,4,""
1,"7,1,143,1,0",100,4,0
0,"0,105,0",0,105,""
0,"0,98,1",4,101,""
0,"0,3,183,1,0",71,34,""
0,"199,1,0",73,32,""
0,133,79,26,0
0,"0,3,184,1,0",80,25,""
0,"42,1,29",86,19,0
0,"167,1,1",87,18,""
0,"154,1,2",88,17,0
0,"1,1,125",89,16,1
1,"169,1,1",89,16,""
0,"0,1,128",90,15,1
1,"0,1,30,1,69,1,0",90,15,""
2,"0,3,187,1,0",90,15,""
0,134,91,14,1
1,"0,3,188,1,0",91,14,3
0,"0,1,195,1,0",92,13,""
0,"3,1,112",93,12,""
1,"201,1,0",93,12,1
0,"107,1,9",94,11,""
1,"1,1,192,1,0",94,11,""
0,"202,1,0",95,10,0
0,"0,2,163,1,1",96,9,""
1,"0,1,197,1,0",96,9,""
0,"69,1,15",97,8,""
1,"0,1,198,1,0",97,8,1
0,"70,1,14",98,7,""
0,"0,1,3,1,163,1,0",99,6,""
0,"0,1,69,1,14",100,5,""
1,"0,1,7,1,143,1,0",100,5,""
0,"69,1,16",101,4,""
0,"0,106,0",0,106,""
0,"0,99,1",4,102,""
0,"0,4,183,1,0",71,35,""
0,135,78,28,""
0,"0,1,133",79,27,0
0,"5,1,149,1,0",85,21,""
0,"0,1,167,1,1",87,19,""
0,"172,1,1",88,18,0
1,"1,1,193,1,0",88,18,""
0,"13,1,51,1,6",89,17,""
1,"0,1,169,1,1",89,17,""
0,"0,2,128",90,16,0
1,"13,1,52,1,6",90,16,""
2,"0,2,30,1,69,1,0",90,16,""
3,"0,4,187,1,0",90,16,""
0,"150,1,3",91,15,""
1,"0,4,188,1,0",91,15,1
0,"151,1,3",92,14,""
1,"1,2,187,1,0",92,14,""
2,"0,2,195,1,0",92,14,""
0,"1,1,195,1,0",93,13,""
0,"1,2,189,1,0",94,12,""
0,"1,1,130",95,11,""
1,"0,1,202,1,0",95,11,""
0,136,96,10,""
1,"0,2,197,1,0",96,10,""
0,"17,1,69,1,2",97,9,""
0,"70,1,16",99,7,""
1,"203,1,0",99,7,""
0,"34,1,69,1,0",100,6,""
0,"35,1,69,1,0",101,5,""
0,"0,107,0",0,107,""
0,"0,100,1",4,103,""
0,"0,5,183,1,0",71,36,""
0,"111,1,8",78,29,""
0,"0,2,133",79,28,0
0,"44,1,29",80,27,"0,1"
0,"0,2,167,1,1",87,20,""
1,"206,1,0",87,20,0
0,"0,1,172,1,1",88,19,0
0,"207,1,0",89,18,""
0,"208,1,0",90,17,0
1,"0,5,187,1,0",90,17,""
0,"0,5,188,1,0",91,16,0
0,"66,1,17",92,15,""
0,"114,1,9",93,14,""
0,"3,1,117",94,13,""
1,"13,1,82",94,13,""
0,"67,1,17",95,12,""
1,"95,1,10",95,12,""
2,"5,1,69,1,8",95,12,""
0,"67,1,18",96,11,""
1,"68,1,17",96,11,""
0,"23,1,69,1,1",97,10,""
1,"209,1,0",97,10,""
0,"74,1,14",98,9,""
1,"3,1,174,1,0",98,9,""
0,"76,1,14",99,8,"0,1"
1,"0,1,203,1,0",99,8,""
0,"0,1,34,1,69,1,0",100,7,""
0,137,101,6,""
1,"69,1,17",101,6,1
0,"69,1,18",102,5,""
1,"1,1,69,1,16",102,5,""
0,"0,108,0",0,108,""
0,"0,101,1",4,104,""
0,138,75,33,""
0,"17,1,111,1,0",78,30,""
0,"211,1,0",79,29,0
1,"210,1,0",79,29,0
0,"1,1,5,1,149,1,0",86,22,""
0,"0,1,206,1,0",87,21,""
0,"17,1,113,1,0",88,20,0
0,"0,1,207,1,0",89,19,""
0,"0,6,187,1,0",90,18,""
0,"13,1,84",92,16,""
0,"13,1,85",93,15,""
0,139,95,13,2
0,"3,1,178,1,0",96,12,""
0,"0,1,23,1,69,1,1",97,11,""
1,"0,1,209,1,0",97,11,""
0,"0,1,74,1,14",98,10,""
1,"0,1,3,1,174,1,0",98,10,""
0,140,99,9,0
1,"213,1,0",99,9,""
0,141,100,8,0
1,"0,2,34,1,69,1,0",100,8,""
0,"36,1,69,1,0",101,7,2
0,"1,1,35,1,69,1,0",102,6,""
0,"163,1,2",103,5,""
1,"37,1,69,1,0",103,5,""
0,"7,1,101",104,4,"1,2"
1,"38,1,69,1,0",104,4,2
0,"0,109,0",0,109,""
0,"0,102,1",4,105,""
0,"183,1,1",75,34,""
0,"0,1,17,1,111,1,0",78,31,""
0,"0,1,210,1,0",79,30,0
0,"62,1,22",81,28,0
0,"0,2,206,1,0",87,22,""
0,"0,1,17,1,113,1,0",88,21,0
0,"13,1,32,1,17",93,16,""
0,"13,1,86",94,15,""
1,"101,1,10",94,15,""
2,"187,1,1",94,15,""
3,"215,1,0",94,15,""
0,"72,1,18",95,14,""
1,"188,1,1",95,14,0
0,142,96,13,""
1,"39,1,69,1,0",96,13,""
0,"40,1,69,1,0",97,12,""
1,"0,2,209,1,0",97,12,""
0,"1,1,209,1,0",98,11,""
0,"0,1,140",99,10,""
0,"0,1,141",100,9,"1,2"
1,"3,1,181,1,0",100,9,""
2,"0,3,34,1,69,1,0",100,9,""
0,"3,1,119",101,8,4
1,"216,1,0",101,8,4
0,"1,1,69,1,18",103,6,""
1,"0,1,163,1,2",103,6,""
2,"0,1,37,1,69,1,0",103,6,""
0,"18,1,67",104,5,""
1,"0,1,38,1,69,1,0",104,5,""
0,"0,110,0",0,110,""
0,"0,103,1",4,106,""
0,"217,1,0",73,37,""
0,"0,1,183,1,1",75,35,""
0,"0,2,17,1,111,1,0",78,32,""
0,"0,2,210,1,0",79,31,0
0,"1,1,210,1,0",80,30,""
0,143,86,24,0
0,"0,3,206,1,0",87,23,""
0,"64,1,22",93,17,0
0,"0,1,187,1,1",94,16,""
1,"220,1,0",94,16,""
0,"0,1,188,1,1",95,15,0
0,"105,1,10",96,14,""
1,"169,1,2",96,14,""
0,"0,1,40,1,69,1,0",97,13,""
1,"0,3,209,1,0",97,13,""
0,"3,1,188,1,0",98,12,1
0,"75,1,17",99,11,""
1,"82,1,14",99,11,""
2,"3,1,189,1,0",99,11,""
0,144,100,10,0
1,"1,1,140",100,10,1
2,"76,1,17",100,10,""
3,"221,1,0",100,10,""
4,"1,1,213,1,0",100,10,""
0,"76,1,18",101,9,""
1,"3,1,190,1,0",101,9,""
2,"0,1,216,1,0",101,9,""
0,145,102,8,"0,2"
1,"69,1,19",102,8,""
2,"3,1,191,1,0",102,8,2
0,147,103,7,""
1,146,103,7,""
2,"69,1,20",103,7,""
3,"222,1,0",103,7,""
0,"69,1,21",104,6,""
0,148,106,4,""
0,"0,111,0",0,111,""
0,"0,104,1",4,107,""
0,"0,2,183,1,1",75,36,""
0,"0,3,17,1,111,1,0",78,33,""
0,"0,3,210,1,0",79,32,0
0,"224,1,0",85,26,""
0,"225,1,0",86,25,0
0,"42,1,64,1,0",92,19,""
0,"0,2,187,1,1",94,17,""
0,"0,2,188,1,1",95,16,2
1,"1,1,215,1,0",95,16,""
0,"226,1,0",96,15,""
0,"0,2,40,1,69,1,0",97,14,""
1,"0,4,209,1,0",97,14,""
0,"0,1,3,1,188,1,0",98,13,1
0,149,99,12,""
1,"1,2,209,1,0",99,12,""
0,"0,1,144",100,11,0
0,151,101,10,""
1,150,101,10,""
2,"0,2,216,1,0",101,10,""
0,153,102,9,"1,2,3"
1,152,102,9,1
2,"174,1,2",102,9,1
3,"0,1,3,1,191,1,0",102,9,3
0,"0,1,146",103,8,""
1,"69,1,22",103,8,2
0,"0,1,69,1,21",104,7,""
1,"2,1,69,1,17",104,7,""
0,"2,1,69,1,18",105,6,""
0,"0,112,0",0,112,""
0,"0,105,1",4,108,""
0,"1,1,217,1,0",74,38,""
0,"227,1,0",75,37,""
0,"0,4,17,1,111,1,0",78,34,""
0,"0,4,210,1,0",79,33,""
0,154,83,29,0
0,"0,1,224,1,0",85,27,""
0,"0,1,225,1,0",86,26,0
0,"44,1,38",87,25,0
0,"112,1,11",94,18,0
1,"13,2,23,1,6",94,18,""
2,"0,3,187,1,1",94,18,""
0,"13,2,24,1,6",95,17,""
1,"0,3,188,1,1",95,17,""
0,"0,1,226,1,0",96,16,""
0,"176,1,2",97,15,0
1,"0,5,209,1,0",97,15,""
0,"0,2,3,1,188,1,0",98,14,0
0,"177,1,2",99,13,""
0,155,100,12,""
1,"178,1,2",100,12,""
0,"28,1,55",101,11,2
1,"229,1,0",101,11,""
2,"43,1,67,1,0",101,11,""
3,"0,3,216,1,0",101,11,""
0,"0,1,174,1,2",102,10,""
1,"43,1,68,1,0",102,10,""
2,"42,1,69,1,0",102,10,""
0,"2,1,141",103,9,2
1,"91,1,14",103,9,""
2,"3,1,197,1,0",103,9,""
0,157,104,8,""
1,156,104,8,""
2,"92,1,14",104,8,2
3,"23,1,69,1,2",104,8,""
4,"3,1,198,1,0",104,8,2
0,158,105,7,""
1,"69,1,23",105,7,2
2,"230,1,0",105,7,""
0,"231,1,0",106,6,""
0,"3,1,69,1,14",107,5,""
1,"7,1,163,1,0",107,5,""
0,"69,1,24",108,4,""
0,"0,113,0",0,113,""
0,"0,106,1",4,109,""
0,"0,1,227,1,0",75,38,""
0,"0,5,210,1,0",79,34,""
0,159,82,31,""
0,"0,1,154",83,30,0
0,"0,2,224,1,0",85,28,""
0,"1,1,224,1,0",86,27,""
1,"0,2,225,1,0",86,27,0
0,"1,1,42,1,64,1,0",93,20,""
0,"0,4,188,1,1",95,18,""
0,"0,2,226,1,0",96,17,""
0,"0,6,209,1,0",97,16,""
0,"23,1,64",99,14,""
0,"83,1,17",100,13,""
1,"133,1,6",100,13,""
2,"234,1,0",100,13,""
0,"82,1,18",101,12,""
1,"134,1,6",101,12,""
0,161,102,11,""
1,160,102,11,1
2,"0,1,43,1,68,1,0",102,11,""
0,"1,1,152",103,10,""
1,"174,1,3",103,10,2
2,"0,1,3,1,197,1,0",103,10,""
0,162,104,9,0
1,"1,1,69,1,22",104,9,1
2,"34,1,69,1,1",104,9,""
3,"235,1,0",104,9,1
0,"0,1,69,1,23",105,8,1
1,"0,1,230,1,0",105,8,""
0,163,106,7,""
1,"69,1,25",106,7,""
0,164,107,6,""
1,"0,1,7,1,163,1,0",107,6,""
0,"3,1,69,1,16",108,5,""
0,"0,114,0",0,114,""
0,"0,107,1",4,110,""
0,"0,2,227,1,0",75,39,""
0,"0,6,210,1,0",79,35,""
0,"183,1,2",82,32,""
0,"0,2,154",83,31,0
0,"0,3,224,1,0",85,29,""
0,"0,3,225,1,0",86,28,0
0,"237,1,0",88,26,0
0,165,94,20,""
0,"23,1,113,1,0",95,19,""
0,"13,1,94",97,17,""
0,166,98,16,""
0,167,101,13,""
1,"209,1,1",101,13,""
0,"133,1,9",102,12,""
1,"188,1,2",102,12,0
2,"0,2,43,1,68,1,0",102,12,""
0,"189,1,2",103,11,""
1,"1,1,42,1,69,1,0",103,11,""
0,"0,1,162",104,10,1
1,"0,1,34,1,69,1,1",104,10,""
2,"0,1,235,1,0",104,10,""
0,168,105,9,""
1,"0,2,69,1,23",105,9,"2,3"
2,"190,1,2",105,9,""
3,"239,1,0",105,9,"2,3"
0,"2,1,146",106,8,""
1,"24,1,69,1,3",106,8,""
2,"191,1,2",106,8,1
3,"3,1,203,1,0",106,8,""
0,169,107,7,""
1,"25,1,69,1,3",107,7,""
2,"240,1,0",107,7,""
3,"0,2,7,1,163,1,0",107,7,""
0,"241,1,0",108,6,""
1,"1,1,7,1,163,1,0",108,6,""
0,"242,1,0",109,5,""
0,"69,1,26",110,4,""
0,"0,115,0",0,115,""
0,"0,108,1",4,111,""
0,"0,7,210,1,0",79,36,""
0,"135,1,8",80,35,""
0,"17,1,111,1,1",82,33,""
0,"210,1,1",83,32,0
0,"0,4,224,1,0",85,30,""
0,"0,4,225,1,0",86,29,0
0,"1,2,224,1,0",87,28,""
0,170,93,22,0
0,"0,1,165",94,21,""
0,171,96,19,"0,1"
0,"13,3,17",98,17,""
0,"23,1,24,1,17",99,16,""
0,"48,1,38",100,15,0
0,"0,1,209,1,1",101,14,""
0,"0,1,188,1,2",102,13,1
0,172,103,12,"0,2"
1,"0,1,189,1,2",103,12,""
2,"243,1,0",103,12,""
0,"0,2,162",104,11,""
1,"2,1,150",104,11,""
2,"3,1,209,1,0",104,11,""
3,"0,2,235,1,0",104,11,""
0,"181,1,3",105,10,""
1,"43,1,74,1,0",105,10,""
2,"0,1,239,1,0",105,10,""
0,"10,1,69,1,9",107,8,""
0,"11,1,69,1,9",108,7,""
1,"0,1,241,1,0",108,7,""
0,"3,1,69,1,18",109,6,""
0,"0,116,0",0,116,""
0,"0,109,1",4,112,""
0,"0,8,210,1,0",79,37,""
0,"0,1,17,1,111,1,1",82,34,""
0,"0,1,210,1,1",83,33,0
0,"0,5,224,1,0",85,31,""
0,"0,5,225,1,0",86,30,0
0,"244,1,0",92,24,""
0,"138,1,8",93,23,0
0,"245,1,0",94,22,""
0,"247,1,0",95,21,1
1,"246,1,0",95,21,1
0,"5,1,187,1,0",99,17,""
0,"13,1,67,1,6",101,15,""
1,"0,2,209,1,1",101,15,""
0,173,102,14,""
1,"0,2,188,1,2",102,14,1
2,"249,1,0",102,14,""
0,"188,1,3",103,13,""
1,"195,1,2",103,13,""
0,"95,1,17",104,12,""
1,"189,1,3",104,12,""
2,"250,1,0",104,12,""
3,"0,3,235,1,0",104,12,""
0,"95,1,18",105,11,""
1,"107,1,14",105,11,2
0,"2,2,141",106,10,""
1,"34,1,55",106,10,""
2,"3,1,213,1,0",106,10,""
3,"1,1,239,1,0",106,10,""
0,"35,1,55",107,9,1
1,"191,1,3",107,9,""
2,"197,1,2",107,9,""
3,"251,1,0",107,9,""
0,174,108,8,""
1,"2,1,158",108,8,""
2,"13,1,69,1,7",108,8,""
3,"198,1,2",108,8,""
0,176,109,7,""
1,175,109,7,""
0,177,110,6,""
0,"3,1,38,1,69,1,0",111,5,""
0,"0,117,0",0,117,""
0,"0,110,1",4,113,""
0,"0,9,210,1,0",79,38,""
0,"252,1,0",81,36,""
0,"253,1,0",82,35,""
0,"0,2,210,1,1",83,34,0
0,"0,6,224,1,0",85,32,""
0,178,90,27,0
0,"0,1,244,1,0",92,25,""
0,"17,1,138,1,0",93,24,0
0,"59,1,29",94,23,0
1,"0,1,245,1,0",94,23,""
0,"0,1,246,1,0",95,22,0
0,"5,1,125",97,20,0
0,179,101,16,0
1,"0,3,209,1,1",101,16,""
2,"254,1,0",101,16,1
0,180,102,15,""
1,"69,1,27",102,15,""
2,"255,1,0",102,15,""
0,"0,1,195,1,2",103,14,""
0,"1,1,172",104,13,1
1,"0,1,250,1,0",104,13,""
2,"0,4,235,1,0",104,13,""
0,"18,1,86",105,12,""
1,"0,1,107,1,14",105,12,1
0,181,106,11,""
1,"202,1,2",106,11,""
0,182,107,10,""
0,183,108,9,""
1,"0,1,198,1,2",108,9,""
2,"3,1,216,1,0",108,9,""
0,"2,1,163",109,8,""
1,"7,1,119",109,8,""
2,"13,1,69,1,9",109,8,""
3,"48,1,69,1,0",109,8,""
0,184,110,7,2
1,"1,1,3,1,69,1,18",110,7,""
0,"69,1,28",111,6,""
0,"0,118,0",0,118,""
0,"0,111,1",4,114,""
0,"0,10,210,1,0",79,39,""
0,"0,1,253,1,0",82,36,""
0,"0,3,210,1,1",83,35,0
0,"224,1,1",89,29,""
0,"225,1,1",90,28,0
0,"0,2,244,1,0",92,26,""
0,"1,1,244,1,0",93,25,""
1,"0,1,17,1,138,1,0",93,25,0
0,"0,2,245,1,0",94,24,""
0,"0,2,246,1,0",95,23,0
0,"1,1,246,1,0",96,22,""
0,"13,2,32,1,6",99,19,""
0,"13,2,33,1,6",100,18,""
1,"1,1,5,1,187,1,0",100,18,""
0,"50,1,69,1,0",102,16,""
1,"0,1,255,1,0",102,16,""
0,185,103,15,""
1,"1,1,249,1,0",103,15,""
0,186,104,14,""
1,"0,5,235,1,0",104,14,""
0,"13,1,105",105,13,""
0,"36,1,55",107,11,"1,2"
0,"3,1,76,1,18",108,10,""
0,"37,1,55",109,9,0
1,"7,1,190,1,0",109,9,""
2,"3,2,191,1,0",109,9,""
0,"3,1,146",110,8,""
1,"203,1,2",110,8,""
0,187,111,7,""
1,"34,1,69,1,2",111,7,""
0,189,112,6,"0,1"
1,188,112,6,""
0,"3,1,148",113,5,""
0,"0,119,0",0,119,""
0,"0,112,1",4,115,""
0,"0,11,210,1,0",79,40,""
0,"0,2,253,1,0",82,37,""
0,"0,4,210,1,1",83,36,""
0,"62,1,29",88,31,0
0,"0,1,224,1,1",89,30,""
0,"0,1,225,1,1",90,29,0
0,"0,3,244,1,0",92,27,""
0,"0,2,17,1,138,1,0",93,26,0
0,"0,3,245,1,0",94,25,""
0,"257,1,0",95,24,"0,1"
1,"0,3,246,1,0",95,24,1
0,"260,1,0",101,18,""
0,"0,1,50,1,69,1,0",102,17,""
1,"0,2,255,1,0",102,17,""
0,"14,1,69,1,8",103,16,""
0,"32,1,64",104,15,""
0,190,105,14,""
1,"105,1,17",105,14,""
2,"13,1,75,1,6",105,14,""
0,"2,1,172",106,13,0
1,"107,1,17",106,13,""
2,"13,1,76,1,6",106,13,""
0,"107,1,18",107,12,""
1,"261,1,0",107,12,""
0,"37,1,57",108,11,""
1,"209,1,2",108,11,""
2,"262,1,0",108,11,""
0,"3,1,152",109,10,""
1,"3,1,174,1,2",109,10,""
2,"263,1,0",109,10,""
0,"0,1,203,1,2",110,9,""
1,"1,1,48,1,69,1,0",110,9,""
0,"1,1,184",111,8,""
1,"53,1,69,1,0",111,8,""
0,"264,1,0",112,7,1
0,"0,120,0",0,120,""
0,"0,113,1",4,116,""
0,"0,5,210,1,1",83,37,""
0,"265,1,0",87,33,""
0,"0,2,224,1,1",89,31,""
0,"0,2,225,1,1",90,30,1
0,"0,4,244,1,0",92,28,""
0,"0,3,17,1,138,1,0",93,27,0
0,"1,2,244,1,0",94,26,""
1,"0,4,245,1,0",94,26,""
0,"0,4,246,1,0",95,25,0
0,191,99,21,0
0,"64,1,29",100,20,1
0,"0,1,260,1,0",101,19,""
0,"23,1,84",102,18,""
0,192,103,17,1
1,"150,1,6",103,17,""
0,"1,1,185",104,16,""
0,"151,1,7",105,15,""
1,"266,1,0",105,15,""
0,"2,1,188,1,3",106,14,""
1,"267,1,0",106,14,1
0,193,107,13,0
1,"268,1,0",107,13,""
0,"13,1,76,1,9",108,12,""
1,"235,1,1",108,12,""
0,"0,1,3,1,174,1,2",109,11,""
0,"269,1,0",110,10,""
1,"3,2,197,1,0",110,10,""
0,"270,1,0",111,9,""
1,"0,1,53,1,69,1,0",111,9,""
0,"3,1,230,1,0",112,8,""
1,"0,1,264,1,0",112,8,""
0,"37,1,69,1,2",114,6,""
0,"38,1,69,1,2",115,5,""
0,"0,121,0",0,121,""
0,"0,114,1",4,117,""
0,"0,6,210,1,1",83,38,""
0,"97,1,22",89,32,0
1,"0,3,224,1,1",89,32,""
0,"0,3,225,1,1",90,31,0
0,"0,5,244,1,0",92,29,""
0,"0,4,17,1,138,1,0",93,28,0
0,"0,5,245,1,0",94,27,""
0,"0,5,246,1,0",95,26,0
0,194,98,23,""
0,"0,1,191",99,22,0
1,"149,1,8",99,22,""
0,"138,1,11",100,21,1
0,"0,2,260,1,0",101,20,""
0,"274,1,0",102,19,1
1,"1,1,260,1,0",102,19,""
0,"13,1,51,1,17",103,18,""
0,"13,1,80,1,6",104,17,""
1,"55,1,69,1,0",104,17,""
0,"150,1,9",105,16,""
1,"0,1,266,1,0",105,16,""
0,"5,1,209,1,0",106,15,""
1,"0,1,267,1,0",106,15,0
0,195,107,14,""
0,"189,1,4",108,13,""
1,"0,1,235,1,1",108,13,""
0,"3,1,160",109,12,0
1,"275,1,0",109,12,""
0,"69,1,29",110,11,1
0,"3,1,162",111,10,1
1,"0,1,270,1,0",111,10,""
0,"216,1,2",112,9,""
0,"0,122,0",0,122,""
0,"0,115,1",4,118,""
0,"276,1,0",81,41,""
0,"0,7,210,1,1",83,39,""
0,"1,1,265,1,0",88,34,""
0,"0,4,224,1,1",89,33,""
0,"0,4,225,1,1",90,32,0
0,"0,6,244,1,0",92,30,""
0,"0,6,245,1,0",94,28,""
0,"0,6,246,1,0",95,27,0
0,196,97,25,0
0,"0,1,194",98,24,""
0,"0,2,191",99,23,0
1,"17,1,149,1,0",99,23,""
0,"154,1,8",100,22,1
0,"1,1,64,1,29",101,21,"0,1"
1,"0,3,260,1,0",101,21,""
0,"0,1,274,1,0",102,20,0
0,"278,1,0",104,18,0
0,"0,2,266,1,0",105,17,""
0,"2,1,185",106,16,""
1,"13,1,83,1,6",106,16,""
2,"0,2,267,1,0",106,16,""
0,"2,1,186",107,15,""
0,"0,2,235,1,1",108,14,""
1,"279,1,0",108,14,1
0,"95,1,25",109,13,""
1,"3,1,188,1,2",109,13,""
0,"0,1,69,1,29",110,12,0
1,"3,1,189,1,2",110,12,""
0,"1,1,269,1,0",111,11,""
1,"0,2,270,1,0",111,11,""
0,"0,1,216,1,2",112,10,""
1,"1,1,270,1,0",112,10,""
0,"43,1,55",113,9,0
1,"69,1,31",113,9,""
2,"3,1,191,1,2",113,9,""
0,"222,1,2",114,8,""
0,197,115,7,0
0,"163,1,5",116,6,""
0,"3,1,69,1,26",117,5,""
0,"0,123,0",0,123,""
0,"0,116,1",4,119,""
0,"0,8,210,1,1",83,40,""
0,"17,1,153,1,0",89,34,""
0,"283,1,0",90,33,0
0,"0,7,245,1,0",94,29,""
0,"0,7,246,1,0",95,28,0
0,"244,1,1",96,27,""
0,"225,1,2",97,26,0
0,"245,1,1",98,25,""
0,"246,1,1",99,24,0
1,"0,1,17,1,149,1,0",99,24,""
0,"59,1,64,1,0",100,23,1
1,"17,1,154,1,0",100,23,1
0,"0,4,260,1,0",101,22,""
0,"0,2,274,1,0",102,21,0
0,"1,2,260,1,0",103,20,""
0,"13,1,116",106,17,0
0,"13,1,117",107,16,""
1,"1,1,5,1,209,1,0",107,16,""
0,"2,1,190",108,15,""
0,"0,1,3,1,188,1,2",109,14,""
1,"286,1,0",109,14,""
2,"285,1,0",109,14,""
0,"0,2,69,1,29",110,13,1
1,"287,1,0",110,13,"1,2"
2,"1,1,275,1,0",110,13,""
0,198,111,12,""
1,"1,1,69,1,29",111,12,""
2,"0,3,270,1,0",111,12,""
0,"43,1,57",112,11,""
1,"67,1,33",112,11,0
0,"288,1,0",113,10,""
0,"289,1,0",114,9,""
0,"69,1,33",118,5,0
0,"0,124,0",0,124,""
0,"0,117,1",4,120,""
0,"1,1,276,1,0",82,42,""
0,"290,1,0",83,41,""
0,"0,1,17,1,153,1,0",89,35,""
0,"0,8,245,1,0",94,30,""
0,"62,1,38",95,29,0
1,"0,8,246,1,0",95,29,1
0,"0,1,244,1,1",96,28,""
0,"17,1,138,1,1",97,27,0
0,"0,1,245,1,1",98,26,""
0,"0,1,246,1,1",99,25,0
1,"0,2,17,1,149,1,0",99,25,""
0,"0,1,17,1,154,1,0",100,24,1
0,"0,5,260,1,0",101,23,""
0,"160,1,8",102,22,0
1,"0,3,274,1,0",102,22,1
0,"13,4,6",104,20,""
0,"13,1,23,1,24,1,6",105,19,""
0,199,108,16,""
0,200,109,15,"0,1"
1,"0,1,286,1,0",109,15,""
2,"0,1,285,1,0",109,15,""
0,201,110,14,""
1,"59,1,69,1,0",110,14,""
0,"67,1,35",111,13,""
0,202,112,12,""
0,203,113,11,""
0,"1,1,43,1,55",114,10,""
1,"3,1,197,1,2",114,10,""
0,204,115,9,""
1,"43,1,61",115,9,""
2,"3,1,198,1,2",115,9,""
0,"38,1,75",116,8,""
1,"70,1,33",116,8,1
2,"230,1,2",116,8,""
0,"69,1,35",117,7,""
1,"231,1,2",117,7,""
0,"0,125,0",0,125,""
0,"0,118,1",4,121,""
0,"0,1,290,1,0",83,42,""
0,205,87,38,""
0,"5,1,224,1,0",94,31,""
1,"0,9,245,1,0",94,31,""
0,"0,9,246,1,0",95,30,0
0,"0,2,244,1,1",96,29,""
0,"0,1,17,1,138,1,1",97,28,0
0,"0,2,245,1,1",98,27,""
0,"0,2,246,1,1",99,26,0
1,"0,3,17,1,149,1,0",99,26,""
0,"0,2,17,1,154,1,0",100,25,1
0,"1,1,59,1,64,1,0",101,24,""
1,"0,6,260,1,0",101,24,""
0,206,106,19,0
0,"64,1,38",107,18,1
0,"226,1,3",108,17,""
1,"292,1,0",108,17,""
0,"0,1,200",109,16,2
1,"13,2,64",109,16,""
0,207,110,15,"0,1"
1,"105,1,25",110,15,""
2,"13,1,95,1,6",110,15,""
3,"293,1,0",110,15,""
4,"0,1,59,1,69,1,0",110,15,""
0,"164,1,6",111,14,""
1,"1,1,287,1,0",111,14,""
0,"294,1,0",112,13,""
0,208,113,12,""
0,209,114,11,"0,1"
1,"121,1,18",114,11,""
0,"235,1,2",115,10,""
1,"1,1,289,1,0",115,10,""
0,"69,1,36",116,9,""
0,"3,1,184",117,8,""
1,"69,1,37",117,8,""
0,210,118,7,""
0,"1,1,69,1,33",119,6,""
0,"0,126,0",0,126,""
0,"0,119,1",4,122,""
0,"0,2,290,1,0",83,43,""
0,"296,1,0",87,39,""
0,"0,10,245,1,0",94,32,""
0,"0,10,246,1,0",95,31,0
0,"0,3,244,1,1",96,30,""
1,"297,1,0",96,30,0
0,"298,1,0",97,29,0
0,"0,3,245,1,1",98,28,""
0,"0,3,246,1,1",99,27,0
1,"0,4,17,1,149,1,0",99,27,""
0,"0,3,17,1,154,1,0",100,26,1
0,"260,1,1",105,21,""
0,"0,1,206",106,20,0
1,"64,2,0",106,20,""
0,"167,1,6",107,19,""
1,"299,1,0",107,19,1
0,211,108,18,""
1,"168,1,6",108,18,""
2,"0,1,292,1,0",108,18,""
0,"1,1,199",109,17,""
1,"168,1,7",109,17,""
2,"301,1,0",109,17,""
3,"300,1,0",109,17,2
0,"303,1,0",110,16,""
1,"302,1,0",110,16,""
2,"0,2,59,1,69,1,0",110,16,""
0,"304,1,0",111,15,""
0,"306,1,0",112,14,""
0,"308,1,0",113,13,""
1,"307,1,0",113,13,""
0,"309,1,0",114,12,""
0,212,115,11,""
1,"0,1,235,1,2",115,11,""
0,213,116,10,""
1,"43,1,69",116,10,""
2,"75,1,33",116,10,""
3,"74,1,33",116,10,""
0,214,117,9,1
1,"43,1,70",117,9,""
2,"69,1,38",117,9,1
3,"76,1,33",117,9,""
0,"43,1,71",118,8,""
1,"69,1,39",118,8,""
0,"3,1,188",119,7,""
1,"69,1,40",119,7,""
0,215,120,6,""
0,"0,127,0",0,127,""
0,"0,120,1",4,123,""
0,"0,1,296,1,0",87,40,""
0,"165,1,8",88,39,""
0,"0,11,245,1,0",94,33,""
0,"1,1,5,1,224,1,0",95,32,""
1,"0,11,246,1,0",95,32,0
0,"0,1,297,1,0",96,31,""
0,"0,1,298,1,0",97,30,0
0,"0,4,245,1,1",98,29,""
0,"0,4,246,1,1",99,28,0
1,"0,5,17,1,149,1,0",99,28,""
0,216,104,23,1
1,"64,1,42",104,23,0
0,"0,1,260,1,1",105,22,""
0,"0,2,206",106,21,0
1,"0,1,64,2,0",106,21,""
0,"0,1,299,1,0",107,20,1
0,"81,1,29",108,19,0
1,"13,2,23,1,17",108,19,""
2,"0,2,292,1,0",108,19,""
0,"13,1,101,1,6",109,18,""
1,"0,1,301,1,0",109,18,""
2,"0,1,300,1,0",109,18,0
0,"0,3,59,1,69,1,0",110,17,""
0,"1,1,207",111,16,1
1,"1,1,293,1,0",111,16,""
0,217,114,13,""
0,218,115,12,2
1,"70,1,38",115,12,3
2,"270,1,1",115,12,""
0,"0,1,213",116,11,""
1,"64,1,69,1,0",116,11,""
0,219,117,10,""
1,"312,1,0",117,10,1
2,"311,1,0",117,10,""
0,221,118,9,4
1,220,118,9,"0,1,4"
2,"314,1,0",118,9,4
3,"313,1,0",118,9,""
0,222,119,8,""
1,"1,1,210",119,8,""
0,223,120,7,0
1,"69,1,41",120,7,""
0,224,121,6,0
1,"2,1,69,1,33",121,6,0
0,"0,128,0",0,128,""
0,"0,121,1",4,124,""
0,"0,2,296,1,0",87,41,""
0,"0,12,245,1,0",94,34,""
0,"0,12,246,1,0",95,33,""
0,"0,2,297,1,0",96,32,""
0,"0,2,298,1,0",97,31,0
0,"0,5,245,1,1",98,30,""
0,"0,5,246,1,1",99,29,0
0,"244,1,2",103,25,""
1,"315,1,0",103,25,""
0,"138,1,15",104,24,0
0,"0,2,260,1,1",105,23,""
0,"274,1,1",106,22,1
1,"0,2,64,2,0",106,22,""
0,"1,1,64,2,0",107,21,""
1,"0,2,299,1,0",107,21,1
0,"0,3,292,1,0",108,20,""
0,"0,2,301,1,0",109,19,""
1,"0,2,300,1,0",109,19,0
0,"317,1,0",110,18,1
1,"1,1,300,1,0",110,18,""
0,"13,1,105,1,6",111,17,""
1,"1,1,302,1,0",111,17,""
0,"3,1,266,1,0",112,16,""
0,"3,1,267,1,0",113,15,1
0,"69,1,42",114,14,""
1,"133,1,17",114,14,""
2,"67,2,0",114,14,""
3,"1,1,308,1,0",114,14,""
0,"67,1,68,1,0",115,13,""
0,"68,2,0",116,12,""
1,"0,1,64,1,69,1,0",116,12,""
0,225,117,11,1
1,"174,1,9",117,11,1
2,"320,1,0",117,11,""
3,"0,1,312,1,0",117,11,3
4,"0,1,311,1,0",117,11,""
0,"1,1,69,1,38",118,10,""
1,"251,1,2",118,10,""
2,"321,1,0",118,10,""
3,"3,1,270,1,0",118,10,""
4,"0,1,314,1,0",118,10,3
0,"1,1,69,1,39",119,9,""
1,"322,1,0",119,9,""
0,"25,1,69,1,7",120,8,""
1,"67,1,69,1,0",120,8,""
0,"323,1,0",121,7,""
1,"68,1,69,1,0",121,7,""
0,"69,2,0",126,2,""
0,"324,1,0",127,1,0
0,"0,129,0",0,129,""
0,"0,122,1",4,125,""
0,"0,3,296,1,0",87,42,""
0,"325,1,0",89,40,""
0,"0,13,246,1,0",95,34,""
0,"0,3,297,1,0",96,33,""
0,"0,6,245,1,1",98,31,""
0,"0,6,246,1,1",99,30,0
0,"88,1,29",102,27,0
0,"17,1,149,1,1",103,26,""
0,"17,1,138,1,2",104,25,0
0,"14,1,125",105,24,1
1,"0,3,260,1,1",105,24,""
0,"0,1,274,1,1",106,23,0
1,"0,3,64,2,0",106,23,""
0,"0,3,299,1,0",107,22,1
0,"0,4,292,1,0",108,21,""
0,"64,1,72,1,0",109,20,0
1,"0,3,301,1,0",109,20,""
2,"0,3,300,1,0",109,20,1
0,"0,1,317,1,0",110,19,1
0,"13,1,134",111,18,0
0,226,112,17,""
1,"0,1,3,1,266,1,0",112,17,""
0,"0,1,3,1,267,1,0",113,16,1
0,"0,1,69,1,42",114,15,""
0,227,116,13,""
1,"329,1,0",116,13,""
2,"0,1,68,2,0",116,13,""
3,"0,2,64,1,69,1,0",116,13,""
0,"82,1,33",117,12,""
1,"181,1,6",117,12,""
2,"0,2,312,1,0",117,12,""
3,"0,2,311,1,0",117,12,""
0,"0,2,314,1,0",118,11,4
0,"332,1,0",119,10,""
1,"0,1,322,1,0",119,10,""
0,228,120,9,"2,5"
1,"24,1,69,1,9",120,9,""
2,"333,1,0",120,9,5
0,"2,1,210",121,8,""
1,"0,1,68,1,69,1,0",121,8,""
0,"0,1,69,2,0",126,3,""
0,"0,1,324,1,0",127,2,1
0,"0,130,0",0,130,""
0,"0,123,1",4,126,""
0,"0,4,296,1,0",87,43,""
0,229,94,36,""
0,"0,14,246,1,0",95,35,""
0,"0,7,245,1,1",98,32,""
0,"0,7,246,1,1",99,31,0
0,"5,1,244,1,0",101,29,""
0,"0,1,17,1,149,1,1",103,27,""
0,"17,1,154,1,1",104,26,0
1,"1,1,315,1,0",104,26,""
0,"0,4,260,1,1",105,25,""
0,"0,2,274,1,1",106,24,0
1,"0,4,64,2,0",106,24,""
0,"0,4,299,1,0",107,23,1
0,"1,2,64,2,0",108,22,""
1,"0,5,292,1,0",108,22,""
0,"13,2,51,1,6",109,21,""
1,"0,4,300,1,0",109,21,""
0,"13,2,52,1,6",110,20,""
1,"0,2,317,1,0",110,20,0
0,"2,1,211",111,19,""
0,"334,1,0",112,18,""
1,"0,2,3,1,266,1,0",112,18,""
0,231,113,17,""
1,230,113,17,0
0,232,114,16,2
1,"0,2,69,1,42",114,16,""
0,233,115,15,""
1,"188,1,6",115,15,""
0,234,116,14,""
1,"189,1,6",116,14,""
0,236,117,13,""
1,235,117,13,"0,1,2,3"
2,"189,1,7",117,13,""
3,"0,3,312,1,0",117,13,""
4,"0,3,311,1,0",117,13,""
0,237,118,12,""
1,"75,1,41",118,12,""
2,"190,1,6",118,12,""
3,"335,1,0",118,12,""
4,"1,1,320,1,0",118,12,""
5,"0,3,314,1,0",118,12,4
0,"181,1,9",119,11,""
1,"190,1,7",119,11,""
2,"251,1,3",119,11,""
3,"336,1,0",119,11,1
4,"69,1,72,1,0",119,11,""
5,"1,1,321,1,0",119,11,""
0,"191,1,7",120,10,""
1,"0,1,333,1,0",120,10,""
0,"2,1,69,1,39",121,9,""
1,"0,2,68,1,69,1,0",121,9,""
0,"2,1,69,1,40",122,8,""
1,"1,1,323,1,0",122,8,""
0,"2,1,215",123,7,""
0,"339,1,0",124,6,""
0,"340,1,0",125,5,3
0,"341,1,0",126,4,""
1,"0,2,69,2,0",126,4,""
0,"1,1,69,2,0",127,3,""
1,"0,2,324,1,0",127,3,0
0,"1,1,324,1,0",128,2,""
0,"0,131,0",0,131,""
0,"0,124,1",4,127,""
0,"0,5,296,1,0",87,44,""
0,"183,1,8",94,37,""
0,"0,15,246,1,0",95,36,""
0,"97,1,29",96,35,0
0,"0,8,245,1,1",98,33,""
0,"0,8,246,1,1",99,32,0
0,"0,2,17,1,149,1,1",103,28,""
1,"343,1,0",103,28,0
0,"0,1,17,1,154,1,1",104,27,0
0,"344,1,0",105,26,""
0,"345,1,0",106,25,0
1,"0,5,64,2,0",106,25,""
0,"0,5,299,1,0",107,24,0
0,"0,5,300,1,0",109,22,""
0,"0,3,317,1,0",110,21,0
0,"260,1,2",112,19,""
0,"0,1,231",113,18,""
1,"0,1,230",113,18,1
2,"347,1,0",113,18,""
0,"51,1,64",114,17,""
1,"188,1,8",114,17,4
2,"59,1,69,1,1",114,17,""
0,"0,1,233",115,16,""
1,"13,1,67,1,17",115,16,""
2,"23,1,75,1,6",115,16,""
0,239,116,15,""
1,238,116,15,""
2,"23,1,76,1,6",116,15,""
3,"349,1,0",116,15,""
4,"3,1,285,1,0",116,15,""
0,"0,1,235",117,14,"0,3"
1,"188,1,9",117,14,""
2,"3,1,287,1,0",117,14,3
3,"0,4,312,1,0",117,14,""
4,"0,4,311,1,0",117,14,""
0,"189,1,9",118,13,""
1,"0,1,335,1,0",118,13,""
2,"0,4,314,1,0",118,13,""
0,"0,1,336,1,0",119,12,3
0,"190,1,9",120,11,""
1,"351,1,0",120,11,""
0,"91,1,33",121,10,2
1,"13,1,69,1,17",121,10,""
2,"191,1,9",121,10,2
0,"92,1,33",122,9,""
1,"13,1,69,1,18",122,9,""
0,"2,1,69,1,41",123,8,""
1,"352,1,0",123,8,""
0,"2,1,224",124,7,""
1,"353,1,0",124,7,""
2,"69,1,75,1,0",124,7,""
3,"0,1,339,1,0",124,7,""
0,"69,1,76,1,0",125,6,""
1,"0,1,340,1,0",125,6,""
0,"0,3,69,2,0",126,5,""
0,"0,3,324,1,0",127,4,1
0,"0,132,0",0,132,""
0,"0,125,1",4,128,""
0,240,91,41,""
0,"17,1,183,1,0",94,38,""
0,"354,1,0",95,37,""
1,"0,16,246,1,0",95,37,""
0,"0,9,245,1,1",98,34,""
0,"0,9,246,1,1",99,33,0
0,"1,1,5,1,244,1,0",102,30,""
0,"0,1,343,1,0",103,29,""
0,"17,1,185,1,0",104,28,0
0,"0,1,344,1,0",105,27,""
0,"0,6,64,2,0",106,26,""
0,"0,6,300,1,0",109,23,""
0,"0,4,317,1,0",110,22,0
0,241,111,21,1
1,"64,1,47",111,21,0
0,"194,1,6",112,20,""
1,"292,1,1",112,20,""
0,"0,2,231",113,19,""
1,"0,2,230",113,19,0
2,"194,1,7",113,19,""
3,"1,1,334,1,0",113,19,""
4,"0,1,347,1,0",113,19,""
0,242,114,18,1
1,"355,1,0",114,18,3
2,"17,1,188,1,0",114,18,3
0,"81,1,38",115,17,2
1,"358,1,0",115,17,""
0,"266,1,2",116,16,""
1,"359,1,0",116,16,0
2,"0,1,349,1,0",116,16,""
3,"0,1,3,1,285,1,0",116,16,""
0,"267,1,2",117,15,""
1,"360,1,0",117,15,""
2,"0,5,312,1,0",117,15,""
0,"1,1,235",118,14,"1,2"
1,"67,1,46",118,14,""
2,"361,1,0",118,14,""
3,"0,2,335,1,0",118,14,""
0,243,119,13,""
1,"68,1,46",119,13,2
2,"1,1,335,1,0",119,13,""
0,"13,1,141",120,12,""
1,"363,1,0",120,12,""
2,"0,1,351,1,0",120,12,""
0,"95,1,33",121,11,""
1,"365,1,0",121,11,1
0,246,122,10,"0,2"
1,245,122,10,"0,2,3"
2,244,122,10,"0,2"
3,"270,1,2",122,10,""
0,247,123,9,"2,3"
1,"366,1,0",123,9,""
2,"0,1,352,1,0",123,9,""
0,"69,1,46",124,8,""
1,"367,1,0",124,8,""
0,249,125,7,""
1,248,125,7,2
2,"0,2,340,1,0",125,7,""
0,"368,1,0",126,6,""
1,"0,4,69,2,0",126,6,""
0,"0,4,324,1,0",127,5,1
0,"1,2,69,2,0",128,4,""
0,"1,2,324,1,0",129,3,""
0,"0,133,0",0,133,""
0,"0,126,1",4,129,""
0,"296,1,1",91,42,""
0,"0,1,17,1,183,1,0",94,39,""
0,"0,17,246,1,0",95,38,""
0,"135,1,22",97,36,0
0,"0,10,245,1,1",98,35,""
0,"0,10,246,1,1",99,34,0
0,"0,2,343,1,0",103,30,""
0,"0,1,17,1,185,1,0",104,29,0
0,"0,7,300,1,0",109,24,""
0,"64,2,1",110,23,""
1,"5,1,260,1,0",110,23,""
2,"0,5,317,1,0",110,23,1
0,"299,1,1",111,22,0
0,"0,1,292,1,1",112,21,""
0,"13,2,32,1,17",113,20,""
1,"301,1,1",113,20,""
2,"300,1,1",113,20,0
3,"0,2,347,1,0",113,20,""
0,"0,1,242",114,19,0
1,"23,1,80,1,6",114,19,""
2,"1,1,347,1,0",114,19,""
3,"0,1,355,1,0",114,19,2
4,"0,1,17,1,188,1,0",114,19,2
0,"0,1,358,1,0",115,18,""
0,"0,1,359,1,0",116,17,0
1,"0,2,349,1,0",116,17,""
0,250,117,16,0
1,"0,1,267,1,2",117,16,""
2,"369,1,0",117,16,""
0,252,118,15,0
1,251,118,15,""
2,"195,1,9",118,15,""
0,253,119,14,""
1,"370,1,0",119,14,0
0,"275,1,2",120,13,""
1,"0,1,363,1,0",120,13,""
0,255,121,12,""
1,254,121,12,3
2,"69,1,47",121,12,""
3,"1,1,351,1,0",121,12,""
4,"0,1,365,1,0",121,12,3
0,256,122,11,""
1,"0,1,244",122,11,2
2,"0,1,270,1,2",122,11,""
3,"371,1,0",122,11,""
0,257,123,10,""
1,"2,1,228",123,10,2
2,"69,1,80,1,0",123,10,""
0,"374,1,0",124,9,""
1,"373,1,0",124,9,""
2,"0,1,367,1,0",124,9,""
0,"69,1,48",125,8,1
1,"376,1,0",125,8,""
2,"375,1,0",125,8,"1,2"
0,"1,1,69,1,76,1,0",126,7,""
1,"0,5,69,2,0",126,7,""
0,"377,1,0",127,6,""
1,"0,5,324,1,0",127,6,4
0,"378,1,0",128,5,2
0,"0,134,0",0,134,""
0,"0,127,1",4,130,""
0,"379,1,0",89,45,""
0,"0,1,296,1,1",91,43,""
0,"0,2,17,1,183,1,0",94,40,""
0,"0,18,246,1,0",95,39,""
0,"1,1,354,1,0",96,38,""
0,"0,11,245,1,1",98,36,""
0,"0,11,246,1,1",99,35,0
0,258,102,32,0
0,"0,3,343,1,0",103,31,""
0,"137,1,22",109,25,0
1,"0,8,300,1,0",109,25,""
0,"0,1,64,2,1",110,24,""
1,"0,6,317,1,0",110,24,0
0,"0,1,299,1,1",111,23,0
0,"0,2,292,1,1",112,22,""
1,"380,1,0",112,22,1
0,"0,1,301,1,1",113,21,""
1,"0,1,300,1,1",113,21,0
2,"0,3,347,1,0",113,21,""
0,"0,2,242",114,20,"0,1"
1,"0,2,355,1,0",114,20,2
2,"0,2,17,1,188,1,0",114,20,2
0,"0,2,358,1,0",115,19,""
0,"23,1,83,1,6",116,18,""
1,"382,1,0",116,18,"0,1"
2,"0,2,359,1,0",116,18,1
3,"0,3,349,1,0",116,18,""
0,"1,1,359,1,0",117,17,""
0,"1,1,360,1,0",118,16,""
0,259,119,15,""
1,"1,2,235",119,15,""
2,"13,1,75,1,17",119,15,""
3,"268,1,3",119,15,""
4,"0,1,370,1,0",119,15,""
0,260,120,14,""
1,"2,1,235",120,14,1
2,"385,1,0",120,14,""
3,"0,2,363,1,0",120,14,""
0,"202,1,9",121,13,""
1,"312,1,1",121,13,""
2,"311,1,1",121,13,""
0,"2,1,181,1,9",122,12,""
1,"314,1,1",122,12,4
2,"18,1,188,1,0",122,12,""
0,"387,1,0",123,11,""
1,"386,1,0",123,11,""
2,"18,1,189,1,0",123,11,""
0,"389,1,0",124,10,""
1,"1,1,366,1,0",124,10,""
2,"0,2,367,1,0",124,10,""
0,"391,1,0",125,9,"3,4"
1,"390,1,0",125,9,""
2,"69,1,82,1,0",125,9,""
3,"18,1,190,1,0",125,9,""
4,"0,1,375,1,0",125,9,4
0,"395,1,0",126,8,""
1,"394,1,0",126,8,3
2,"393,1,0",126,8,""
3,"392,1,0",126,8,""
4,"0,6,69,2,0",126,8,""
0,"397,1,0",127,7,2
1,"396,1,0",127,7,2
2,"0,1,377,1,0",127,7,""
3,"0,6,324,1,0",127,7,3
0,"399,1,0",128,6,""
1,"398,1,0",128,6,"0,1"
2,"0,1,378,1,0",128,6,""
0,"400,1,0",129,5,""
0,"0,135,0",0,135,""
0,"0,128,1",4,131,""
0,"0,2,296,1,1",91,44,""
0,"0,3,17,1,183,1,0",94,41,""
0,"0,19,246,1,0",95,40,""
0,"401,1,0",98,37,""
0,"0,12,246,1,1",99,36,""
0,"402,1,0",101,34,""
0,"403,1,0",102,33,0
0,"42,1,137,1,0",108,27,""
0,"0,9,300,1,0",109,26,""
0,"0,2,64,2,1",110,25,""
1,"0,7,317,1,0",110,25,0
0,"0,2,299,1,1",111,24,1
1,"1,1,5,1,260,1,0",111,24,""
0,"0,1,380,1,0",112,23,""
0,"0,2,300,1,1",113,22,0
1,"404,1,0",113,22,0
2,"0,4,347,1,0",113,22,""
0,"317,1,1",114,21,"0,1"
1,"0,3,17,1,188,1,0",114,21,2
0,"1,2,347,1,0",115,20,""
1,"0,3,358,1,0",115,20,""
0,"23,1,116",116,19,0
0,"150,1,17",117,18,""
0,261,118,17,""
0,"5,1,69,1,29",119,16,""
1,"151,1,18",119,16,""
0,262,120,15,""
1,"2,1,188,1,9",120,15,""
2,"286,1,2",120,15,""
3,"285,1,2",120,15,""
0,263,121,14,1
1,"209,1,6",121,14,""
2,"287,1,2",121,14,""
3,"0,1,312,1,1",121,14,""
4,"0,1,311,1,1",121,14,""
0,"74,1,46",122,13,""
1,"209,1,7",122,13,""
2,"0,1,314,1,1",122,13,3
3,"407,1,0",122,13,""
0,"107,1,33",123,12,1
1,"0,1,386,1,0",123,12,""
0,264,124,11,""
1,"410,1,0",124,11,""
2,"409,1,0",124,11,""
3,"0,1,389,1,0",124,11,""
4,"0,3,367,1,0",124,11,""
0,"413,1,0",125,10,""
1,"412,1,0",125,10,0
2,"0,1,391,1,0",125,10,"1,2"
3,"0,1,390,1,0",125,10,""
4,"0,2,375,1,0",125,10,2
0,"1,1,375,1,0",126,9,""
1,"0,1,394,1,0",126,9,""
2,"0,1,392,1,0",126,9,""
3,"0,7,69,2,0",126,9,""
0,"0,1,397,1,0",127,8,1
1,"0,1,396,1,0",127,8,1
2,"0,7,324,1,0",127,8,2
0,"0,1,398,1,0",128,7,1
0,"69,2,1",130,5,""
0,"324,1,1",131,4,0
0,"0,136,0",0,136,""
0,"0,129,1",4,132,""
0,"1,1,379,1,0",90,46,""
0,"416,1,0",91,45,""
0,"0,4,17,1,183,1,0",94,42,""
0,"0,20,246,1,0",95,41,""
0,"0,13,246,1,1",99,37,""
0,"0,1,402,1,0",101,35,""
0,"0,1,403,1,0",102,34,0
0,"97,1,38",103,33,0
0,"0,10,300,1,0",109,27,""
0,"206,1,8",110,26,0
1,"0,3,64,2,1",110,26,""
2,"0,8,317,1,0",110,26,1
0,"0,3,299,1,1",111,25,0
0,"0,2,380,1,0",112,24,""
0,"0,3,300,1,1",113,23,0
1,"0,1,404,1,0",113,23,0
2,"0,5,347,1,0",113,23,""
0,"13,3,23,1,6",114,22,""
1,"0,1,317,1,1",114,22,"0,1"
2,"0,4,17,1,188,1,0",114,22,1
0,"13,3,24,1,6",115,21,""
0,266,119,17,""
1,265,119,17,""
0,"0,1,262",120,16,""
1,"209,1,8",120,16,""
2,"212,1,6",120,16,""
3,"7,1,266,1,0",120,16,""
4,"3,2,267,1,0",120,16,""
0,"188,1,11",121,15,6
1,"212,1,7",121,15,""
2,"0,2,312,1,1",121,15,""
3,"7,1,267,1,0",121,15,""
4,"1,1,385,1,0",121,15,""
0,"2,1,243",122,14,""
1,"107,1,35",122,14,""
2,"0,2,314,1,1",122,14,5
3,"0,1,407,1,0",122,14,""
0,267,123,13,1
1,"213,1,6",123,13,""
2,"418,1,0",123,13,""
3,"417,1,0",123,13,""
0,"0,1,409,1,0",124,12,""
1,"0,2,389,1,0",124,12,""
2,"0,4,367,1,0",124,12,""
0,268,125,11,""
1,"0,2,391,1,0",125,11,""
2,"0,3,375,1,0",125,11,1
0,269,126,10,"0,1"
1,"0,2,392,1,0",126,10,""
2,"0,8,69,2,0",126,10,""
0,"1,1,392,1,0",127,9,""
1,"0,2,396,1,0",127,9,""
2,"0,8,324,1,0",127,9,3
0,"3,1,68,1,69,1,0",128,8,""
0,"0,1,69,2,1",130,6,""
1,"69,1,93,1,0",130,6,""
0,270,131,5,1
1,"0,1,324,1,1",131,5,0
0,271,132,4,0
0,"3,1,69,2,0",133,3,""
0,"3,1,324,1,0",134,2,1
0,"0,137,0",0,137,""
0,"0,130,1",4,133,""
0,"0,1,416,1,0",91,46,""
0,"0,21,246,1,0",95,42,""
0,272,98,39,""
0,"0,14,246,1,1",99,38,""
0,"0,2,402,1,0",101,36,""
0,"1,1,402,1,0",102,35,""
1,"0,2,403,1,0",102,35,0
0,"1,1,42,1,137,1,0",109,28,""
1,"0,11,300,1,0",109,28,""
0,"0,9,317,1,0",110,27,""
0,"0,4,299,1,1",111,26,0
0,"0,3,380,1,0",112,25,""
0,"0,4,300,1,1",113,24,""
1,"0,6,347,1,0",113,24,""
0,"0,2,317,1,1",114,23,0
0,273,118,19,2
1,"64,1,52",118,19,1
2,"420,1,0",118,19,""
0,"13,1,23,1,64",119,18,""
1,"156,1,18",119,18,""
2,"292,1,2",119,18,""
0,274,120,17,0
1,"0,2,262",120,17,""
2,"2,1,250",120,17,""
3,"13,1,83,1,17",120,17,""
4,"13,1,133,1,6",120,17,""
5,"421,1,0",120,17,""
6,"17,1,209,1,0",120,17,""
0,"2,1,251",121,16,""
1,"13,1,134,1,6",121,16,""
2,"286,1,3",121,16,""
3,"0,3,312,1,1",121,16,""
4,"422,1,0",121,16,3
5,"0,1,7,1,267,1,0",121,16,""
0,"64,1,55",122,15,"0,1,2"
1,"212,1,9",122,15,""
2,"287,1,3",122,15,""
3,"424,1,0",122,15,3
0,"0,1,267",123,14,1
1,"0,1,418,1,0",123,14,""
0,"76,1,82,1,0",124,13,""
1,"0,5,367,1,0",124,13,""
0,275,125,12,""
1,"426,1,0",125,12,""
2,"425,1,0",125,12,4
0,"13,1,69,1,25",126,11,""
1,"1,1,413,1,0",126,11,""
2,"1,1,412,1,0",126,11,""
3,"0,9,69,2,0",126,11,""
0,"69,1,51",127,10,""
1,"428,1,0",127,10,2
2,"3,1,333,1,0",127,10,""
3,"0,9,324,1,0",127,10,4
0,276,128,9,""
1,"0,1,3,1,68,1,69,1,0",128,9,""
0,278,129,8,"0,2,3,4"
1,277,129,8,2
0,"0,2,69,2,1",130,7,""
1,"430,1,0",130,7,""
0,"0,1,270",131,6,""
1,"0,2,324,1,1",131,6,1
0,"0,1,271",132,5,1
0,279,133,4,"1,4"
1,"0,1,3,1,69,2,0",133,4,""
0,"0,1,3,1,324,1,0",134,3,2
0,"0,138,0",0,138,""
0,"0,131,1",4,134,""
0,"0,2,416,1,0",91,47,""
0,"0,22,246,1,0",95,43,""
0,"296,1,2",98,40,""
0,"0,15,246,1,1",99,39,""
0,"0,3,402,1,0",101,37,""
0,"0,3,403,1,0",102,36,0
0,"432,1,0",104,34,0
0,"0,10,317,1,0",110,28,""
0,"17,2,113,1,0",111,27,0
0,"0,5,300,1,1",113,25,""
0,"0,3,317,1,1",114,24,0
0,"219,1,6",117,21,""
1,"347,1,1",117,21,""
2,"435,1,0",117,21,""
0,"220,1,6",118,20,""
1,"299,1,2",118,20,0
0,"0,1,292,1,2",119,19,""
0,280,120,18,3
1,"300,1,2",120,18,2
2,"349,1,1",120,18,""
3,"0,1,17,1,209,1,0",120,18,""
0,"436,1,0",121,17,""
1,"23,1,188,1,0",121,17,2
2,"0,1,422,1,0",121,17,2
3,"0,2,7,1,267,1,0",121,17,""
0,"437,1,0",122,16,""
1,"23,1,189,1,0",122,16,""
2,"0,1,424,1,0",122,16,""
0,"66,1,55",123,15,""
1,"306,1,2",123,15,""
2,"438,1,0",123,15,""
3,"0,2,418,1,0",123,15,""
0,281,124,14,""
1,"3,1,235",124,14,"0,3"
2,"440,1,0",124,14,3
3,"439,1,0",124,14,""
4,"1,1,417,1,0",124,14,""
0,283,125,13,1
1,282,125,13,""
2,"3,1,335,1,0",125,13,""
3,"0,1,425,1,0",125,13,""
0,284,126,12,""
1,"67,1,55",126,12,"0,2"
2,"25,1,190,1,0",126,12,""
3,"3,1,336,1,0",126,12,2
4,"0,10,69,2,0",126,12,""
0,285,127,11,4
1,"1,1,269",127,11,""
2,"68,1,55",127,11,""
3,"0,1,428,1,0",127,11,""
4,"0,1,3,1,333,1,0",127,11,""
5,"0,10,324,1,0",127,11,4
0,287,128,10,""
1,286,128,10,""
2,"69,1,52",128,10,""
3,"442,1,0",128,10,""
4,"441,1,0",128,10,""
0,288,129,9,"2,3"
1,"0,1,278",129,9,2
2,"0,1,277",129,9,3
3,"444,1,0",129,9,""
0,289,130,8,""
1,"0,3,69,2,1",130,8,""
0,290,131,7,0
1,"0,2,270",131,7,""
2,"0,3,324,1,1",131,7,2
3,"3,1,339,1,0",131,7,""
0,291,132,6,""
1,"0,2,271",132,6,4
2,"1,1,270",132,6,""
3,"69,1,55",132,6,"2,5"
4,"446,1,0",132,6,4
5,"3,1,340,1,0",132,6,5
0,"1,1,271",133,5,""
1,"3,1,341,1,0",133,5,""
2,"0,2,3,1,69,2,0",133,5,""
0,"0,2,3,1,324,1,0",134,4,0
0,"0,139,0",0,139,""
0,"0,132,1",4,135,""
0,"0,23,246,1,0",95,44,""
0,"217,1,8",96,43,""
0,"17,1,183,1,1",98,41,""
0,"0,16,246,1,1",99,40,""
0,"0,4,402,1,0",101,38,""
0,"0,4,403,1,0",102,37,0
0,"1,2,402,1,0",103,36,""
0,292,109,30,0
0,"0,11,317,1,0",110,29,""
0,293,112,27,0
0,"0,6,300,1,1",113,26,""
0,"0,4,317,1,1",114,25,0
0,"149,1,22",116,23,0
0,"0,1,347,1,1",117,22,""
0,"13,4,17",118,21,""
1,"17,1,188,1,1",118,21,0
0,"5,1,207",119,20,1
1,"23,1,101,1,6",119,20,""
2,"358,1,1",119,20,""
3,"1,1,420,1,0",119,20,""
0,"359,1,1",120,19,0
1,"0,1,349,1,1",120,19,""
2,"0,2,17,1,209,1,0",120,19,""
0,"0,1,23,1,188,1,0",121,18,3
1,"0,2,422,1,0",121,18,3
0,294,122,17,1
1,"0,1,437,1,0",122,17,""
0,"3,1,238",123,16,""
1,"13,1,172",123,16,0
2,"201,1,11",123,16,1
3,"0,3,418,1,0",123,16,""
0,"0,1,3,1,235",124,15,0
1,"0,1,440,1,0",124,15,""
0,"67,1,57",125,14,""
1,"449,1,0",125,14,3
2,"0,2,425,1,0",125,14,""
0,296,126,13,""
1,295,126,13,"3,5"
2,"0,1,67,1,55",126,13,"1,5"
3,"0,1,3,1,336,1,0",126,13,5
4,"0,11,69,2,0",126,13,""
0,299,127,12,2
1,298,127,12,""
2,297,127,12,""
3,"0,1,68,1,55",127,12,""
4,"0,11,324,1,0",127,12,4
0,300,128,11,3
1,"174,1,14",128,11,"1,3"
2,"311,1,2",128,11,""
3,"367,1,1",128,11,""
0,"0,1,288",129,10,3
1,"0,2,277",129,10,2
2,"314,1,2",129,10,"2,3"
0,"0,1,289",130,9,""
1,"70,1,55",130,9,3
2,"0,4,69,2,1",130,9,""
3,"3,1,352,1,0",130,9,""
0,301,131,8,"2,3"
1,"0,1,290",131,8,2
2,"69,1,57",131,8,""
3,"0,4,324,1,1",131,8,0
4,"451,1,0",131,8,""
5,"0,1,3,1,339,1,0",131,8,""
0,"0,1,69,1,55",132,7,""
1,"0,1,446,1,0",132,7,5
2,"0,1,3,1,340,1,0",132,7,""
0,"0,3,3,1,69,2,0",133,6,""
0,"1,1,279",134,5,4
1,"0,3,3,1,324,1,0",134,5,""
0,"0,140,0",0,140,""
0,"0,133,1",4,136,""
0,"0,24,246,1,0",95,45,""
0,"0,1,17,1,183,1,1",98,42,""
0,"0,17,246,1,1",99,41,""
0,"0,5,402,1,0",101,39,""
0,"0,5,403,1,0",102,38,0
0,"452,1,0",108,32,""
0,"225,1,8",109,31,0
0,"453,1,0",111,29,""
0,"0,7,300,1,1",113,27,""
0,"0,5,317,1,1",114,26,1
0,"5,1,64,2,0",115,25,""
0,"0,2,347,1,1",117,23,""
0,"0,1,17,1,188,1,1",118,22,0
1,"1,1,435,1,0",118,22,""
0,"454,1,0",119,21,""
0,302,120,20,""
1,"0,1,359,1,1",120,20,0
2,"455,1,0",120,20,""
3,"0,3,17,1,209,1,0",120,20,""
0,303,121,19,1
1,"13,2,67,1,6",121,19,""
2,"317,1,2",121,19,"1,2"
3,"0,3,422,1,0",121,19,2
0,"302,1,3",122,18,""
1,"1,1,436,1,0",122,18,""
2,"0,2,437,1,0",122,18,""
0,"3,1,266,1,2",123,17,""
0,"13,1,95,1,17",124,16,""
1,"3,1,267,1,2",124,16,""
2,"1,1,438,1,0",124,16,""
3,"0,2,440,1,0",124,16,""
0,"72,1,55",125,15,1
1,"456,1,0",125,15,""
2,"67,1,107,1,0",125,15,""
3,"1,1,439,1,0",125,15,""
4,"0,1,449,1,0",125,15,3
5,"0,3,425,1,0",125,15,""
0,"5,1,69,1,38",126,14,""
1,"67,1,68,1,2",126,14,""
2,"457,1,0",126,14,""
3,"68,1,107,1,0",126,14,""
4,"0,12,69,2,0",126,14,""
0,304,127,13,1
1,"68,2,2",127,13,""
2,"458,1,0",127,13,""
3,"3,1,363,1,0",127,13,""
4,"0,12,324,1,0",127,13,2
0,305,128,12,"3,4"
1,"0,1,174,1,14",128,12,4
2,"0,1,367,1,1",128,12,""
3,"460,1,0",128,12,""
4,"459,1,0",128,12,""
5,"3,1,365,1,0",128,12,4
0,"0,1,314,1,2",129,11,"2,4"
1,"375,1,1",129,11,2
2,"462,1,0",129,11,""
3,"1,1,442,1,0",129,11,""
0,"0,5,69,2,1",130,10,""
1,"463,1,0",130,10,2
2,"3,1,366,1,0",130,10,""
3,"0,1,3,1,352,1,0",130,10,""
0,307,131,9,3
1,306,131,9,"0,1,3"
2,"0,5,324,1,1",131,9,3
3,"464,1,0",131,9,""
4,"3,1,367,1,0",131,9,""
5,"0,1,451,1,0",131,9,""
0,308,132,8,"2,5,6"
1,"68,1,69,1,2",132,8,""
2,"466,1,0",132,8,""
3,"0,2,446,1,0",132,8,6
0,309,133,7,""
1,"1,1,69,1,55",133,7,""
2,"467,1,0",133,7,""
3,"3,1,368,1,0",133,7,""
4,"1,1,446,1,0",133,7,""
0,311,134,6,""
1,310,134,6,""
2,"69,1,62",134,6,""
3,"69,1,61",134,6,""
4,"468,1,0",134,6,""
0,312,135,5,1
1,"2,1,271",135,5,1
0,"69,2,2",137,3,""
0,"324,1,2",138,2,0
0,"0,141,0",0,141,""
0,"0,134,1",4,137,""
0,"0,25,246,1,0",95,46,""
0,"469,1,0",97,44,""
0,"470,1,0",98,43,""
0,"0,18,246,1,1",99,42,""
0,"0,6,402,1,0",101,40,""
0,313,106,35,0
0,"0,1,452,1,0",108,33,""
0,"17,1,225,1,0",109,32,0
0,"125,1,29",110,31,0
0,"27,1,125",113,28,0
1,"0,8,300,1,1",113,28,""
0,"0,6,317,1,1",114,27,0
0,"0,3,347,1,1",117,24,""
1,"64,1,112,1,0",117,24,0
0,"64,1,113,1,0",118,23,""
0,"0,1,454,1,0",119,22,""
0,"0,2,359,1,1",120,21,1
1,"0,1,455,1,0",120,21,""
2,"0,4,17,1,209,1,0",120,21,""
0,"167,1,17",121,20,"0,1"
1,"0,4,422,1,0",121,20,1
0,314,122,19,""
1,"168,1,17",122,19,""
0,"168,1,18",123,18,""
0,"228,1,9",124,17,""
1,"0,1,3,1,267,1,2",124,17,""
2,"472,1,0",124,17,""
3,"0,3,440,1,0",124,17,""
0,"170,1,18",125,16,""
1,"473,1,0",125,16,""
2,"0,2,449,1,0",125,16,1
0,"209,1,10",126,15,""
1,"0,1,68,1,107,1,0",126,15,""
2,"0,13,69,2,0",126,15,""
0,"0,1,304",127,14,2
1,"1,1,295",127,14,2
2,"95,1,46",127,14,2
3,"209,1,11",127,14,""
4,"0,1,3,1,363,1,0",127,14,""
5,"0,13,324,1,0",127,14,3
0,315,128,13,"0,1,4"
1,"0,1,305",128,13,"2,4"
2,"0,2,367,1,1",128,13,""
3,"475,1,0",128,13,4
4,"0,1,460,1,0",128,13,""
0,"391,1,1",129,12,4
1,"0,1,375,1,1",129,12,"3,4"
2,"0,1,462,1,0",129,12,""
0,316,130,11,""
1,"75,1,55",130,11,""
2,"74,1,55",130,11,2
3,"0,6,69,2,1",130,11,""
4,"477,1,0",130,11,""
0,"0,1,306",131,10,"0,4"
1,"76,1,55",131,10,""
2,"333,1,2",131,10,""
3,"0,6,324,1,1",131,10,2
4,"478,1,0",131,10,""
5,"0,1,464,1,0",131,10,""
6,"0,2,451,1,0",131,10,""
0,317,132,9,4
1,"2,1,278",132,9,4
2,"69,1,64",132,9,""
3,"3,1,376,1,0",132,9,""
4,"0,3,446,1,0",132,9,5
0,"7,1,210",133,8,""
1,"69,1,66",133,8,""
2,"69,1,65",133,8,""
3,"480,1,0",133,8,5
0,318,134,7,""
1,"3,1,377,1,0",134,7,""
0,319,135,6,""
1,"3,1,378,1,0",135,6,""
0,320,136,5,0
1,"2,1,279",136,5,6
0,"0,1,69,2,2",137,4,""
0,"0,1,324,1,2",138,3,1
0,"0,142,0",0,142,""
0,"0,135,1",4,138,""
0,"0,26,246,1,0",95,47,""
0,"0,1,470,1,0",98,44,""
0,"0,19,246,1,1",99,43,""
0,"402,1,1",105,37,""
0,"403,1,1",106,36,0
0,"0,2,452,1,0",108,34,""
0,"1,1,452,1,0",109,33,""
1,"0,1,17,1,225,1,0",109,33,0
0,"1,1,453,1,0",112,30,""
0,"0,9,300,1,1",113,29,""
0,"0,7,317,1,1",114,28,0
0,"1,1,5,1,64,2,0",116,26,""
0,"0,1,64,1,113,1,0",118,24,""
0,"13,3,32,1,6",119,23,""
1,"0,2,454,1,0",119,23,""
0,"13,3,33,1,6",120,22,""
1,"0,5,17,1,209,1,0",120,22,""
0,"1,1,303",122,20,""
0,"13,1,185",123,19,""
0,"13,1,186",124,18,""
1,"0,4,440,1,0",124,18,""
0,323,125,17,"2,3"
1,322,125,17,""
2,321,125,17,1
3,"212,1,10",125,17,""
4,"0,3,449,1,0",125,17,3
0,324,126,16,""
1,"287,1,4",126,16,""
2,"0,2,68,1,107,1,0",126,16,""
3,"0,14,69,2,0",126,16,""
0,"0,2,304",127,15,""
1,"3,1,260",127,15,""
2,"481,1,0",127,15,""
3,"69,1,112,1,0",127,15,""
4,"1,1,457,1,0",127,15,""
5,"0,14,324,1,0",127,15,2
0,"0,1,315",128,14,"0,1,2"
1,"213,1,10",128,14,""
2,"482,1,0",128,14,2
3,"0,1,475,1,0",128,14,""
4,"0,2,460,1,0",128,14,""
0,"1,1,305",129,13,"1,3"
1,"189,1,14",129,13,""
2,"335,1,2",129,13,""
3,"483,1,0",129,13,3
4,"1,1,459,1,0",129,13,""
0,"239,1,7",130,12,""
1,"336,1,2",130,12,0
2,"0,7,69,2,1",130,12,""
3,"484,1,0",130,12,0
4,"3,1,386,1,0",130,12,""
0,325,131,11,""
1,"190,1,14",131,11,""
2,"0,7,324,1,1",131,11,0
3,"485,1,0",131,11,""
4,"3,1,389,1,0",131,11,""
5,"0,3,451,1,0",131,11,""
0,326,132,10,"0,1,2"
1,"1,1,306",132,10,1
2,"7,1,214",132,10,""
3,"191,1,14",132,10,"1,4"
4,"3,1,391,1,0",132,10,""
5,"3,1,390,1,0",132,10,""
0,329,133,9,2
1,328,133,9,""
2,327,133,9,4
3,"1,1,308",133,9,""
4,"3,1,392,1,0",133,9,""
5,"0,1,480,1,0",133,9,4
0,332,134,8,3
1,331,134,8,1
2,330,134,8,3
3,"1,2,69,1,55",134,8,""
4,"3,1,397,1,0",134,8,3
5,"3,1,396,1,0",134,8,3
0,"1,1,310",135,7,""
1,"2,1,69,1,55",135,7,4
2,"339,1,2",135,7,""
3,"5,1,69,2,0",135,7,""
4,"3,1,399,1,0",135,7,""
5,"3,1,398,1,0",135,7,"3,4"
6,"0,1,3,1,378,1,0",135,7,""
0,333,136,6,"0,3"
1,"1,1,312",136,6,""
2,"69,1,70",136,6,""
3,"340,1,2",136,6,3
4,"5,1,324,1,0",136,6,""
5,"3,1,400,1,0",136,6,""
0,"341,1,2",137,5,""
1,"0,2,69,2,2",137,5,""
0,"69,2,3",138,4,""
1,"0,2,324,1,2",138,4,0
0,"324,1,3",139,3,""
0,"0,143,0",0,143,""
0,"0,136,1",4,139,""
0,"0,27,246,1,0",95,48,""
0,"0,2,470,1,0",98,45,""
0,"0,20,246,1,1",99,44,""
0,"135,1,29",104,39,0
0,"0,1,402,1,1",105,38,""
0,"0,1,403,1,1",106,37,0
0,"0,3,452,1,0",108,35,""
0,"0,2,17,1,225,1,0",109,34,0
0,"488,1,0",111,32,0
0,"489,1,0",113,30,""
0,"490,1,0",114,29,0
0,"491,1,0",117,26,""
0,"0,2,64,1,113,1,0",118,25,""
0,"13,1,32,1,64",124,19,""
1,"215,1,11",124,19,""
2,"347,1,2",124,19,""
3,"0,5,440,1,0",124,19,""
0,"176,1,18",125,18,""
1,"13,1,105,1,17",125,18,""
2,"188,1,15",125,18,1
3,"13,2,75,1,6",125,18,""
4,"0,4,449,1,0",125,18,2
0,"0,1,324",126,17,""
1,"13,2,76,1,6",126,17,""
2,"0,15,69,2,0",126,17,""
0,"3,1,285,1,2",127,16,""
1,"418,1,1",127,16,""
2,"0,1,481,1,0",127,16,""
3,"0,15,324,1,0",127,16,""
0,"0,2,315",128,15,"1,2"
1,"495,1,0",128,15,""
2,"0,1,482,1,0",128,15,2
3,"0,2,475,1,0",128,15,""
0,"74,1,107,1,0",129,14,""
1,"0,1,483,1,0",129,14,""
0,"0,8,69,2,1",130,13,""
1,"0,1,484,1,0",130,13,""
0,334,131,12,3
1,"351,1,2",131,12,""
2,"0,8,324,1,1",131,12,3
3,"1,1,477,1,0",131,12,""
4,"0,1,485,1,0",131,12,""
0,"0,1,326",132,11,"3,5"
1,"0,1,191,1,14",132,11,5
2,"7,1,311,1,0",132,11,""
3,"3,1,412,1,0",132,11,5
4,"0,1,3,1,390,1,0",132,11,""
0,335,133,10,""
1,"69,1,72",133,10,""
2,"7,1,314,1,0",133,10,4
3,"0,1,3,1,392,1,0",133,10,""
0,337,134,9,4
1,336,134,9,4
2,"352,1,2",134,9,""
3,"0,1,3,1,397,1,0",134,9,""
4,"0,1,3,1,396,1,0",134,9,""
0,339,135,8,""
1,338,135,8,5
2,"69,1,75,1,2",135,8,""
3,"0,1,339,1,2",135,8,""
4,"0,1,3,1,398,1,0",135,8,""
0,340,136,7,""
1,"0,1,333",136,7,1
2,"0,1,340,1,2",136,7,""
0,"3,1,69,2,1",137,6,""
0,"3,1,324,1,1",138,5,3
0,"0,144,0",0,144,""
0,"0,137,1",4,140,""
0,"0,21,246,1,1",99,45,""
0,"498,1,0",103,41,""
0,"0,2,402,1,1",105,39,""
0,"0,2,403,1,1",106,38,1
0,"0,4,452,1,0",108,36,""
0,"0,3,17,1,225,1,0",109,35,0
0,"1,2,452,1,0",110,34,""
0,"0,1,489,1,0",113,31,""
0,"137,1,29",116,28,0
0,"0,1,491,1,0",117,27,""
0,341,119,25,1
0,"248,1,6",122,22,""
0,"2,1,302",123,21,""
1,"119,1,38",123,21,0
2,"13,1,150,1,6",123,21,""
0,"2,1,303",124,20,""
1,"17,1,209,1,1",124,20,""
2,"0,6,440,1,0",124,20,""
0,"422,1,1",125,19,1
1,"0,5,449,1,0",125,19,2
0,"5,1,235",126,18,2
1,"358,1,2",126,18,""
2,"501,1,0",126,18,""
3,"500,1,0",126,18,""
0,"359,1,2",127,17,1
1,"0,1,418,1,1",127,17,""
2,"0,2,481,1,0",127,17,""
3,"0,16,324,1,0",127,17,""
0,"0,3,315",128,16,"1,2"
1,"0,2,482,1,0",128,16,2
0,"195,1,14",129,15,""
0,"75,1,64",130,14,""
1,"81,1,55",130,14,3
2,"122,1,38",130,14,3
3,"0,9,69,2,1",130,14,""
4,"3,1,417,1,0",130,14,""
5,"0,2,484,1,0",130,14,""
0,"82,1,55",131,13,1
1,"181,1,17",131,13,""
2,"251,1,6",131,13,""
3,"363,1,2",131,13,""
4,"0,9,324,1,1",131,13,2
5,"0,2,485,1,0",131,13,""
0,"181,1,18",132,12,""
1,"251,1,7",132,12,""
2,"365,1,2",132,12,""
3,"1,1,485,1,0",132,12,""
4,"0,1,7,1,311,1,0",132,12,""
0,"3,1,269",133,11,3
1,"86,1,55",133,11,""
2,"197,1,14",133,11,""
3,"503,1,0",133,11,5
4,"7,1,321,1,0",133,11,""
5,"0,1,7,1,314,1,0",133,11,5
0,343,134,10,"4,5"
1,342,134,10,"4,5"
2,"2,1,306",134,10,3
3,"69,1,73",134,10,""
4,"198,1,14",134,10,3
5,"366,1,2",134,10,""
6,"0,1,352,1,2",134,10,""
0,344,135,9,3
1,"0,1,339",135,9,""
2,"0,1,338",135,9,3
3,"1,1,330",135,9,""
4,"2,1,308",135,9,3
5,"367,1,2",135,9,3
6,"504,1,0",135,9,""
0,345,136,8,""
1,"0,2,333",136,8,"4,5"
2,"2,1,309",136,8,""
3,"339,1,3",136,8,""
4,"1,1,5,1,69,2,0",136,8,""
0,"2,1,310",137,7,""
1,"340,1,3",137,7,""
2,"368,1,2",137,7,""
3,"6,1,69,2,0",137,7,""
4,"3,1,69,1,93,1,0",137,7,""
5,"1,1,5,1,324,1,0",137,7,""
0,"2,1,312",138,6,""
1,"69,1,75",138,6,""
2,"341,1,3",138,6,""
3,"505,1,0",138,6,""
4,"6,1,324,1,0",138,6,2
0,"3,1,271",139,5,"0,1"
1,"507,1,0",139,5,1
2,"506,1,0",139,5,1
0,"508,1,0",140,4,""
0,"3,2,324,1,0",141,3,""
0,"7,1,324,1,0",142,2,""
0,"0,145,0",0,145,""
0,"0,138,1",4,141,""
0,"0,22,246,1,1",99,46,""
0,"165,1,22",105,40,0
1,"0,3,402,1,1",105,40,""
0,"0,3,403,1,1",106,39,0
0,"0,5,452,1,0",108,37,""
0,"0,4,17,1,225,1,0",109,36,0
0,"244,1,8",115,30,""
0,"225,1,11",116,29,0
0,"0,2,491,1,0",117,28,""
0,"509,1,0",118,27,1
1,"1,1,491,1,0",118,27,""
0,"5,1,347,1,0",122,23,""
0,"13,2,51,1,17",123,22,""
0,"13,2,80,1,6",124,21,""
1,"0,1,17,1,209,1,1",124,21,""
2,"0,7,440,1,0",124,21,""
0,"2,1,314",125,20,""
1,"0,1,422,1,1",125,20,0
2,"510,1,0",125,20,""
3,"0,6,449,1,0",125,20,2
0,346,126,19,""
1,"437,1,1",126,19,""
2,"0,1,500,1,0",126,19,""
0,"0,1,359,1,2",127,18,2
1,"0,2,418,1,1",127,18,""
2,"0,3,481,1,0",127,18,""
3,"0,17,324,1,0",127,18,""
0,347,128,17,"1,2"
1,"440,1,1",128,17,"1,3"
2,"0,3,482,1,0",128,17,3
0,348,129,16,"0,2"
1,"188,1,17",129,16,""
2,"0,1,195,1,14",129,16,""
3,"1,1,495,1,0",129,16,""
0,"189,1,17",130,15,""
1,"370,1,2",130,15,""
2,"0,10,69,2,1",130,15,""
0,349,131,14,""
1,"189,1,18",131,14,""
2,"0,10,324,1,1",131,14,0
0,351,132,13,""
1,350,132,13,""
2,"190,1,17",132,13,""
3,"0,1,365,1,2",132,13,""
4,"3,1,425,1,0",132,13,""
5,"0,2,7,1,311,1,0",132,13,""
0,352,133,12,""
1,"190,1,18",133,12,""
2,"251,1,9",133,12,""
3,"371,1,2",133,12,""
4,"511,1,0",133,12,1
5,"0,2,7,1,314,1,0",133,12,1
0,353,134,11,1
1,"191,1,18",134,11,""
2,"3,1,428,1,0",134,11,1
3,"3,2,333,1,0",134,11,""
0,"69,1,77",135,10,""
1,"2,1,69,1,64",135,10,""
2,"374,1,2",135,10,""
3,"373,1,2",135,10,""
4,"0,1,367,1,2",135,10,""
5,"512,1,0",135,10,""
6,"7,1,333,1,0",135,10,3
7,"0,1,504,1,0",135,10,""
0,354,136,9,5
1,"3,1,278",136,9,4
2,"2,1,69,1,65",136,9,""
3,"69,1,75,1,3",136,9,""
4,"376,1,2",136,9,""
5,"375,1,2",136,9,"5,6"
6,"446,1,1",136,9,5
7,"513,1,0",136,9,""
0,355,137,8,2
1,"69,1,76,1,3",137,8,""
2,"0,1,6,1,69,2,0",137,8,""
0,"377,1,2",138,7,""
1,"0,1,505,1,0",138,7,""
2,"0,1,6,1,324,1,0",138,7,6
0,"2,1,320",139,6,""
1,"378,1,2",139,6,8
2,"0,1,507,1,0",139,6,8
3,"0,1,506,1,0",139,6,8
0,"3,1,279",140,5,6
1,"0,1,508,1,0",140,5,""
0,356,141,4,""
0,"0,1,7,1,324,1,0",142,3,""
0,"0,146,0",0,146,""
0,"0,139,1",4,142,""
0,"515,1,0",97,49,""
0,"0,23,246,1,1",99,47,""
0,"1,1,498,1,0",104,42,""
0,"0,4,402,1,1",105,41,""
0,"0,4,403,1,1",106,40,0
0,"0,6,452,1,0",108,38,""
0,357,113,33,0
0,"17,1,244,1,0",115,31,""
0,"17,1,138,1,8",116,30,0
0,"1,1,137,1,29",117,29,"0,1"
1,"0,3,491,1,0",117,29,""
0,"0,1,509,1,0",118,28,0
0,"516,1,0",120,26,0
0,"0,2,17,1,209,1,1",124,22,""
1,"517,1,0",124,22,0
2,"0,8,440,1,0",124,22,""
0,358,125,21,""
1,"0,7,449,1,0",125,21,""
0,"0,1,346",126,20,""
1,"13,2,83,1,6",126,20,""
2,"0,1,437,1,1",126,20,""
3,"0,2,500,1,0",126,20,""
0,"0,2,359,1,2",127,19,2
1,"1,1,501,1,0",127,19,""
2,"1,1,500,1,0",127,19,""
3,"0,4,481,1,0",127,19,""
4,"0,18,324,1,0",127,19,""
0,"0,1,440,1,1",128,18,2
1,"519,1,0",128,18,""
2,"0,4,482,1,0",128,18,2
0,"23,1,75,1,17",129,17,""
1,"449,1,1",129,17,0
0,"0,11,69,2,1",130,16,""
0,"90,1,55",131,15,0
1,"0,11,324,1,1",131,15,1
0,"192,1,18",132,14,""
1,"0,3,7,1,311,1,0",132,14,""
0,"3,1,67,1,55",133,13,2
1,"1,2,485,1,0",133,13,""
2,"0,3,7,1,314,1,0",133,13,4
0,359,134,12,""
1,"1,1,3,1,269",134,12,""
2,"386,1,2",134,12,""
3,"1,1,7,1,321,1,0",134,12,""
4,"0,1,3,1,428,1,0",134,12,""
0,361,135,11,""
1,360,135,11,"1,2"
2,"1,1,342",135,11,4
3,"91,1,55",135,11,1
4,"389,1,2",135,11,""
5,"451,1,1",135,11,""
6,"0,1,7,1,333,1,0",135,11,""
7,"0,2,504,1,0",135,11,""
0,362,136,10,2
1,"391,1,2",136,10,"2,3"
2,"390,1,2",136,10,""
3,"0,1,446,1,1",136,10,3
4,"522,1,0",136,10,""
5,"521,1,0",136,10,""
6,"1,1,504,1,0",136,10,""
0,363,137,9,""
1,"2,1,331",137,9,""
2,"2,1,330",137,9,""
3,"394,1,2",137,9,""
4,"392,1,2",137,9,""
5,"523,1,0",137,9,""
6,"0,2,6,1,69,2,0",137,9,""
0,366,138,8,"2,3"
1,365,138,8,"2,3,4"
2,364,138,8,""
3,"2,2,69,1,55",138,8,""
4,"368,1,3",138,8,""
5,"397,1,2",138,8,""
6,"396,1,2",138,8,""
7,"524,1,0",138,8,4
8,"0,2,505,1,0",138,8,""
9,"0,2,6,1,324,1,0",138,8,""
0,367,139,7,3
1,"3,1,69,1,55",139,7,3
2,"399,1,2",139,7,""
3,"398,1,2",139,7,3
4,"525,1,0",139,7,""
5,"1,1,505,1,0",139,7,""
6,"0,2,507,1,0",139,7,""
7,"0,2,506,1,0",139,7,""
0,"400,1,2",140,6,""
1,"1,1,507,1,0",140,6,""
2,"1,1,506,1,0",140,6,""
3,"0,2,508,1,0",140,6,""
0,"2,1,69,2,3",141,5,""
1,"526,1,0",141,5,""
2,"1,1,508,1,0",141,5,""
0,"2,1,324,1,3",142,4,""
1,"527,1,0",142,4,""
2,"0,2,7,1,324,1,0",142,4,""
0,"1,1,7,1,324,1,0",143,3,""
0,"0,147,0",0,147,""
0,"0,140,1",4,143,""
0,"0,24,246,1,1",99,48,""
0,"17,1,253,1,0",105,42,""
0,"528,1,0",106,41,0
0,"452,1,1",112,35,""
0,"403,1,2",113,34,0
0,"0,1,17,1,244,1,0",115,32,""
0,"59,1,137,1,0",116,31,0
1,"17,2,138,1,0",116,31,0
0,"0,4,491,1,0",117,30,""
0,"0,2,509,1,0",118,29,0
0,"1,2,491,1,0",119,28,""
0,"1,1,5,1,347,1,0",123,24,""
0,"0,8,449,1,0",125,22,""
0,"194,1,17",126,21,0
1,"530,1,0",126,21,""
2,"1,1,510,1,0",126,21,""
3,"0,3,500,1,0",126,21,""
0,"14,1,69,1,29",127,20,""
1,"194,1,18",127,20,""
2,"0,5,481,1,0",127,20,""
3,"0,19,324,1,0",127,20,""
0,"0,2,440,1,1",128,19,""
0,"0,1,449,1,1",129,18,0
0,"195,1,17",130,17,""
1,"0,12,69,2,1",130,17,""
0,"195,1,18",131,16,""
1,"261,1,6",131,16,""
2,"0,12,324,1,1",131,16,2
0,369,132,15,1
1,368,132,15,""
2,"1,1,189,1,18",132,15,""
3,"262,1,6",132,15,""
4,"0,4,7,1,311,1,0",132,15,""
0,"3,1,295",133,14,""
1,"407,1,2",133,14,""
2,"531,1,0",133,14,""
3,"0,4,7,1,314,1,0",133,14,""
0,370,134,13,1
1,"197,1,17",134,13,""
2,"0,1,386,1,2",134,13,""
3,"533,1,0",134,13,""
4,"1,1,511,1,0",134,13,""
0,"95,1,55",135,12,""
1,"409,1,2",135,12,3
2,"0,1,389,1,2",135,12,""
3,"534,1,0",135,12,""
4,"43,1,174,1,0",135,12,3
0,371,136,11,""
1,"373,1,3",136,11,""
2,"0,1,391,1,2",136,11,""
3,"0,2,446,1,1",136,11,2
4,"0,1,521,1,0",136,11,""
0,"69,1,82",137,10,""
1,"376,1,3",137,10,""
2,"3,2,352,1,0",137,10,""
3,"1,1,513,1,0",137,10,""
4,"0,1,523,1,0",137,10,""
0,372,138,9,2
1,"13,1,69,1,33",138,9,2
2,"535,1,0",138,9,""
3,"7,1,352,1,0",138,9,""
4,"0,1,524,1,0",138,9,5
0,"2,1,340",139,8,""
1,"0,1,3,1,69,1,55",139,8,""
2,"0,1,398,1,2",139,8,""
0,373,140,7,""
1,"0,3,508,1,0",140,7,""
0,374,141,6,4
1,"1,1,3,1,279",141,6,""
2,"0,1,526,1,0",141,6,""
0,"69,2,4",142,5,""
1,"0,3,7,1,324,1,0",142,5,""
0,"324,1,4",143,4,""
0,"0,148,0",0,148,""
0,"0,141,1",4,144,""
0,"1,1,515,1,0",98,50,""
0,"536,1,0",99,49,""
0,"0,1,17,1,253,1,0",105,43,""
0,"135,1,38",111,37,0
0,"0,1,452,1,1",112,36,""
0,"17,1,225,1,1",113,35,0
0,"0,2,17,1,244,1,0",115,33,""
0,"0,1,17,2,138,1,0",116,32,0
0,"0,5,491,1,0",117,31,""
0,"257,1,8",118,30,"0,1"
1,"0,3,509,1,0",118,30,1
0,"260,1,8",124,24,""
1,"13,5,6",124,24,""
0,"13,2,23,1,24,1,6",125,23,""
1,"0,9,449,1,0",125,23,""
0,"66,1,84",126,22,""
1,"0,4,500,1,0",126,22,""
0,375,127,21,1
1,"537,1,0",127,21,""
2,"0,20,324,1,0",127,21,""
0,"0,3,440,1,1",128,20,""
1,"538,1,0",128,20,""
0,"266,1,6",129,19,""
1,"0,2,449,1,1",129,19,0
2,"1,1,519,1,0",129,19,""
0,376,130,18,2
1,"267,1,6",130,18,""
2,"539,1,0",130,18,""
0,377,131,17,4
1,"209,1,15",131,17,""
2,"268,1,6",131,17,""
3,"0,13,324,1,1",131,17,4
0,378,132,16,"0,1"
1,"188,1,21",132,16,2
0,"190,1,19",133,15,""
1,"0,1,407,1,2",133,15,""
0,379,134,14,2
1,"262,1,9",134,14,""
2,"418,1,2",134,14,""
3,"3,2,363,1,0",134,14,""
4,"0,1,533,1,0",134,14,""
0,"239,1,11",135,13,""
1,"540,1,0",135,13,2
2,"0,1,534,1,0",135,13,""
0,380,136,12,""
1,"542,1,0",136,12,""
2,"541,1,0",136,12,""
3,"0,2,521,1,0",136,12,""
0,381,137,11,1
1,"7,1,244",137,11,0
2,"69,1,82,1,3",137,11,""
3,"543,1,0",137,11,""
4,"3,1,463,1,0",137,11,""
5,"0,2,523,1,0",137,11,""
0,"3,1,307",138,10,""
1,"3,1,306",138,10,"3,4"
2,"92,1,61",138,10,""
3,"264,1,9",138,10,""
4,"544,1,0",138,10,4
5,"0,2,524,1,0",138,10,""
0,383,139,9,""
1,382,139,9,""
2,"3,1,308",139,9,3
3,"3,1,68,1,69,1,2",139,9,""
4,"545,1,0",139,9,""
5,"7,1,367,1,0",139,9,""
6,"1,1,524,1,0",139,9,""
0,384,140,8,""
1,"3,1,309",140,8,""
2,"1,1,3,1,69,1,55",140,8,""
3,"398,1,3",140,8,""
4,"547,1,0",140,8,""
5,"546,1,0",140,8,""
6,"1,1,525,1,0",140,8,""
0,"3,1,311",141,7,""
1,"3,1,310",141,7,""
2,"69,1,93,1,2",141,7,""
3,"7,1,368,1,0",141,7,""
4,"1,2,506,1,0",141,7,""
5,"0,2,526,1,0",141,7,""
0,385,142,6,""
1,"3,1,312",142,6,""
2,"0,4,7,1,324,1,0",142,6,""
0,386,143,5,0
1,"1,1,527,1,0",143,5,""
0,387,144,4,3
1,"548,1,0",144,4,""
2,"1,2,7,1,324,1,0",144,4,""
0,"3,1,324,1,2",145,3,2
0,"0,149,0",0,149,""
0,"0,142,1",4,145,""
0,"0,1,536,1,0",99,50,""
0,388,103,46,""
0,"5,1,402,1,0",110,39,""
0,"0,2,452,1,1",112,37,""
0,"0,1,17,1,225,1,1",113,36,0
0,"0,3,17,1,244,1,0",115,34,""
0,"0,2,17,2,138,1,0",116,33,0
0,"1,1,59,1,137,1,0",117,32,""
1,"0,6,491,1,0",117,32,""
0,389,122,27,0
0,"149,1,29",123,26,1
0,"17,1,260,1,0",124,25,""
0,390,126,23,"0,1"
1,"549,1,0",126,23,""
2,"0,5,500,1,0",126,23,""
0,"0,21,324,1,0",127,22,""
0,"0,4,440,1,1",128,21,""
1,"550,1,0",128,21,""
0,"13,3,64",129,20,""
1,"0,3,449,1,1",129,20,3
2,"551,1,0",129,20,""
0,"0,1,376",130,19,2
1,"187,1,22",130,19,1
2,"23,1,83,1,17",130,19,""
3,"13,2,95,1,6",130,19,""
4,"0,1,539,1,0",130,19,""
0,"266,1,9",131,18,""
1,"13,1,164,1,6",131,18,""
2,"481,1,1",131,18,""
3,"0,14,324,1,1",131,18,1
0,"267,1,9",132,17,""
1,"482,1,1",132,17,0
0,392,133,16,1
1,391,133,16,""
2,"552,1,0",133,16,""
0,393,134,15,2
1,"484,1,1",134,15,""
2,"0,2,533,1,0",134,15,""
0,"3,1,315",135,14,"2,4"
1,"0,1,540,1,0",135,14,4
0,"7,1,255",136,13,""
1,"425,1,2",136,13,""
0,"0,1,7,1,244",137,12,2
1,"3,1,74,1,55",137,12,1
2,"270,1,9",137,12,""
3,"3,1,477,1,0",137,12,""
4,"0,1,543,1,0",137,12,""
0,"13,1,210",138,11,""
1,"272,1,9",138,11,""
2,"428,1,2",138,11,""
3,"3,1,333,1,2",138,11,""
4,"0,1,544,1,0",138,11,4
0,"0,1,383",139,10,""
1,"3,1,317",139,10,""
2,"54,1,69,1,9",139,10,""
3,"69,1,133,1,0",139,10,""
4,"1,1,535,1,0",139,10,""
0,394,140,9,""
1,"69,1,134,1,0",140,9,""
2,"3,1,480,1,0",140,9,""
3,"0,1,546,1,0",140,9,""
0,395,141,8,"2,4"
1,"18,1,184",141,8,""
2,"0,3,526,1,0",141,8,""
0,"0,1,385",142,7,""
1,"1,1,374",142,7,3
2,"3,1,319",142,7,""
3,"0,5,7,1,324,1,0",142,7,""
0,"0,1,386",143,6,"0,3"
1,"3,1,320",143,6,4
2,"9,1,69,2,0",143,6,""
3,"7,1,378,1,0",143,6,""
0,"0,1,387",144,5,5
1,"9,1,324,1,0",144,5,""
2,"0,1,548,1,0",144,5,""
0,"0,1,3,1,324,1,2",145,4,2
0,"0,150,0",0,150,[NULL]
0,"0,143,1",4,146,[NULL]
0,"0,2,536,1,0",99,51,[NULL]
0,"554,1,0",103,47,[NULL]
0,"0,3,452,1,1",112,38,[NULL]
1,"555,1,0",112,38,[NULL]
0,"556,1,0",113,37,[NULL]
0,"0,4,17,1,244,1,0",115,35,[NULL]
0,"0,3,17,2,138,1,0",116,34,[NULL]
0,"491,1,1",121,29,[NULL]
0,"17,1,191",122,28,[NULL]
1,"64,1,137,1,0",122,28,[NULL]
0,"64,1,138,1,0",123,27,[NULL]
0,"0,1,17,1,260,1,0",124,26,[NULL]
0,"559,1,0",125,25,[NULL]
1,"558,1,0",125,25,[NULL]
0,"0,6,500,1,0",126,24,[NULL]
0,"13,1,167,1,6",127,23,[NULL]
1,"0,22,324,1,0",127,23,[NULL]
0,"1,1,375",128,22,[NULL]
1,"13,1,211",128,22,[NULL]
2,"13,1,168,1,6",128,22,[NULL]
3,"0,5,440,1,1",128,22,[NULL]
0,"0,4,449,1,1",129,21,[NULL]
1,"42,1,187,1,0",129,21,[NULL]
2,"0,1,551,1,0",129,21,[NULL]
0,"0,2,376",130,20,[NULL]
1,"0,2,539,1,0",130,20,[NULL]
0,"0,1,481,1,1",131,19,[NULL]
1,"0,15,324,1,1",131,19,[NULL]
0,"0,1,482,1,1",132,18,[NULL]
1,"560,1,0",132,18,[NULL]
0,396,133,17,[NULL]
1,"69,1,87",133,17,[NULL]
2,"561,1,0",133,17,[NULL]
0,"0,1,393",134,16,[NULL]
1,"18,1,185",134,16,[NULL]
2,"438,1,2",134,16,[NULL]
3,"0,1,484,1,1",134,16,[NULL]
4,"0,3,533,1,0",134,16,[NULL]
0,"209,1,17",135,15,[NULL]
1,"440,1,2",135,15,[NULL]
2,"7,1,385,1,0",135,15,[NULL]
3,"0,2,540,1,0",135,15,[NULL]
0,"209,1,18",136,14,[NULL]
1,"0,1,425,1,2",136,14,[NULL]
2,"7,1,311,1,1",136,14,[NULL]
3,"43,1,189,1,0",136,14,[NULL]
4,"1,1,540,1,0",136,14,[NULL]
0,"107,1,55",137,13,[NULL]
1,"282,1,6",137,13,[NULL]
2,"3,1,336,1,2",137,13,[NULL]
3,"7,1,314,1,1",137,13,[NULL]
4,"0,2,543,1,0",137,13,[NULL]
0,"35,1,141",138,12,[NULL]
1,"0,1,428,1,2",138,12,[NULL]
2,"3,1,485,1,0",138,12,[NULL]
3,"0,2,544,1,0",138,12,[NULL]
0,397,139,11,[NULL]
1,"3,1,326",139,11,[NULL]
2,"13,1,69,1,40",139,11,[NULL]
3,"441,1,2",139,11,[NULL]
4,"562,1,0",139,11,[NULL]
5,"43,1,191,1,0",139,11,[NULL]
0,"1,1,3,1,308",140,10,[NULL]
1,"69,1,88",140,10,[NULL]
2,"444,1,2",140,10,[NULL]
3,"564,1,0",140,10,[NULL]
4,"563,1,0",140,10,[NULL]
5,"0,1,3,1,480,1,0",140,10,[NULL]
6,"0,2,546,1,0",140,10,[NULL]
0,"3,1,331",141,9,[NULL]
1,"69,1,76,1,4",141,9,[NULL]
2,"565,1,0",141,9,[NULL]
3,"1,1,547,1,0",141,9,[NULL]
4,"1,1,546,1,0",141,9,[NULL]
5,"0,4,526,1,0",141,9,[NULL]
0,"3,1,339,1,2",142,8,[NULL]
1,"567,1,0",142,8,[NULL]
2,"566,1,0",142,8,[NULL]
3,"7,1,396,1,0",142,8,[NULL]
4,"3,2,398,1,0",142,8,[NULL]
5,"0,6,7,1,324,1,0",142,8,[NULL]
0,"3,1,69,1,70",143,7,[NULL]
1,"446,1,2",143,7,[NULL]
2,"3,1,340,1,2",143,7,[NULL]
3,"7,1,398,1,0",143,7,[NULL]
4,"3,2,400,1,0",143,7,[NULL]
5,"0,1,7,1,378,1,0",143,7,[NULL]
0,"0,2,387",144,6,[NULL]
1,"7,1,400,1,0",144,6,[NULL]
2,"0,2,548,1,0",144,6,[NULL]
0,"10,1,324,1,0",145,5,[NULL]
0,"0,151,0",0,151,[NULL]
0,"0,144,1",4,147,[NULL]
0,"0,1,554,1,0",103,48,[NULL]
0,"276,1,8",104,47,[NULL]
0,"1,1,5,1,402,1,0",111,40,[NULL]
0,"0,1,555,1,0",112,39,[NULL]
0,"0,1,556,1,0",113,38,[NULL]
0,"0,5,17,1,244,1,0",115,36,[NULL]
0,398,120,31,[NULL]
1,"137,1,42",120,31,[NULL]
0,"0,1,491,1,1",121,30,[NULL]
0,"0,1,17,1,191",122,29,[NULL]
1,"0,1,64,1,137,1,0",122,29,[NULL]
0,"0,1,64,1,138,1,0",123,28,[NULL]
0,"1,1,149,1,29",124,27,[NULL]
1,"0,2,17,1,260,1,0",124,27,[NULL]
0,"0,1,558,1,0",125,26,[NULL]
0,"0,7,500,1,0",126,25,[NULL]
0,"278,1,8",127,24,[NULL]
1,"1,1,549,1,0",127,24,[NULL]
2,"0,23,324,1,0",127,24,[NULL]
0,"13,3,23,1,17",128,23,[NULL]
1,"0,6,440,1,1",128,23,[NULL]
0,"13,2,101,1,6",129,22,[NULL]
1,"0,5,449,1,1",129,22,[NULL]
0,"500,1,1",130,21,[NULL]
0,"279,1,8",131,20,[NULL]
1,"0,2,481,1,1",131,20,[NULL]
2,"0,16,324,1,1",131,20,[NULL]
0,399,132,19,[NULL]
1,"18,1,260,1,0",132,19,[NULL]
0,400,133,18,[NULL]
1,"0,1,396",133,18,[NULL]
2,"286,1,6",133,18,[NULL]
3,"69,1,138,1,0",133,18,[NULL]
4,"0,1,561,1,0",133,18,[NULL]
0,401,134,17,[NULL]
1,"9,1,235",134,17,[NULL]
2,"212,1,17",134,17,[NULL]
3,"287,1,6",134,17,[NULL]
4,"568,1,0",134,17,[NULL]
5,"1,1,552,1,0",134,17,[NULL]
6,"0,4,533,1,0",134,17,[NULL]
0,"1,1,393",135,16,[NULL]
1,"212,1,18",135,16,[NULL]
2,"287,1,7",135,16,[NULL]
3,"0,3,540,1,0",135,16,[NULL]
0,403,136,15,[NULL]
1,402,136,15,[NULL]
2,"107,1,57",136,15,[NULL]
3,"0,1,7,1,311,1,1",136,15,[NULL]
0,"0,1,107,1,55",137,14,[NULL]
1,"213,1,17",137,14,[NULL]
2,"288,1,6",137,14,[NULL]
3,"0,1,7,1,314,1,1",137,14,[NULL]
0,"3,1,334",138,13,[NULL]
1,"213,1,18",138,13,[NULL]
2,"281,1,9",138,13,[NULL]
3,"288,1,7",138,13,[NULL]
0,"0,1,3,1,326",139,12,[NULL]
1,"282,1,9",139,12,[NULL]
2,"569,1,0",139,12,[NULL]
3,"0,1,562,1,0",139,12,[NULL]
0,"109,1,55",140,11,[NULL]
1,"570,1,0",140,11,[NULL]
2,"7,1,412,1,0",140,11,[NULL]
3,"0,3,546,1,0",140,11,[NULL]
0,"3,1,336",141,10,[NULL]
1,"13,1,224",141,10,[NULL]
2,"3,1,352,1,2",141,10,[NULL]
3,"571,1,0",141,10,[NULL]
4,"0,5,526,1,0",141,10,[NULL]
0,"3,1,338",142,9,[NULL]
1,"5,1,279",142,9,[NULL]
2,"505,1,1",142,9,[NULL]
3,"0,1,7,1,396,1,0",142,9,[NULL]
4,"0,7,7,1,324,1,0",142,9,[NULL]
0,"506,1,1",143,8,[NULL]
1,"18,1,264,1,0",143,8,[NULL]
2,"0,1,7,1,398,1,0",143,8,[NULL]
0,"508,1,1",144,7,[NULL]
0,"0,1,10,1,324,1,0",145,6,[NULL]
0,"7,1,324,1,1",146,5,[NULL]
0,"0,152,0",0,152,[NULL]
0,"0,145,1",4,148,[NULL]
0,"0,2,554,1,0",103,49,[NULL]
0,"0,2,555,1,0",112,40,[NULL]
0,"0,2,556,1,0",113,39,[NULL]
0,"452,1,2",119,33,[NULL]
1,"572,1,0",119,33,[NULL]
0,"225,1,15",120,32,[NULL]
0,"0,2,491,1,1",121,31,[NULL]
0,"509,1,1",122,30,[NULL]
1,"0,2,64,1,137,1,0",122,30,[NULL]
0,"1,1,64,1,137,1,0",123,29,[NULL]
1,"0,2,64,1,138,1,0",123,29,[NULL]
0,"0,3,17,1,260,1,0",124,28,[NULL]
0,"0,2,558,1,0",125,27,[NULL]
0,"1,1,558,1,0",126,26,[NULL]
1,"0,8,500,1,0",126,26,[NULL]
0,"0,24,324,1,0",127,25,[NULL]
0,"573,1,0",128,24,[NULL]
0,"574,1,0",129,23,[NULL]
0,"0,1,500,1,1",130,22,[NULL]
1,"1,1,42,1,187,1,0",130,22,[NULL]
0,"13,2,105,1,6",131,21,[NULL]
1,"0,17,324,1,1",131,21,[NULL]
0,404,132,20,[NULL]
0,"0,2,396",133,19,[NULL]
1,"0,1,69,1,138,1,0",133,19,[NULL]
2,"0,2,561,1,0",133,19,[NULL]
0,"1,1,396",134,18,[NULL]
1,"14,1,69,1,38",134,18,[NULL]
2,"13,1,133,1,17",134,18,[NULL]
3,"0,1,568,1,0",134,18,[NULL]
4,"0,5,533,1,0",134,18,[NULL]
0,"286,1,9",135,17,[NULL]
1,"285,1,9",135,17,[NULL]
0,"287,1,9",136,16,[NULL]
1,"7,2,267,1,0",136,16,[NULL]
2,"1,1,7,1,385,1,0",136,16,[NULL]
0,405,137,15,[NULL]
1,"2,1,262,1,9",137,15,[NULL]
2,"0,2,7,1,314,1,1",137,15,[NULL]
0,"1,1,107,1,55",138,14,[NULL]
1,"3,1,363,1,2",138,14,[NULL]
0,407,139,13,[NULL]
1,406,139,13,[NULL]
2,"288,1,9",139,13,[NULL]
3,"3,1,365,1,2",139,13,[NULL]
4,"0,2,562,1,0",139,13,[NULL]
0,"1,1,397",140,12,[NULL]
1,"216,1,18",140,12,[NULL]
2,"462,1,2",140,12,[NULL]
3,"575,1,0",140,12,[NULL]
0,408,141,11,[NULL]
1,"463,1,2",141,11,[NULL]
2,"0,1,3,1,352,1,2",141,11,[NULL]
3,"1,1,563,1,0",141,11,[NULL]
0,"191,1,26",142,10,[NULL]
1,"464,1,2",142,10,[NULL]
2,"3,1,504,1,0",142,10,[NULL]
3,"0,2,7,1,396,1,0",142,10,[NULL]
0,"0,1,506,1,1",143,9,[NULL]
1,"576,1,0",143,9,[NULL]
0,"577,1,0",144,8,[NULL]
0,409,145,7,[NULL]
1,"3,1,69,1,75",145,7,[NULL]
0,"3,2,271",146,6,[NULL]
1,"7,1,270",146,6,[NULL]
2,"0,1,7,1,324,1,1",146,6,[NULL]
0,"7,1,271",147,5,[NULL]
0,"0,153,0",0,153,[NULL]
0,"0,146,1",4,149,[NULL]
0,"0,3,554,1,0",103,50,[NULL]
0,"578,1,0",105,48,[NULL]
0,410,111,42,[NULL]
0,"0,3,555,1,0",112,41,[NULL]
0,"161,1,29",118,35,[NULL]
0,"17,1,244,1,1",119,34,[NULL]
0,"17,1,225,1,2",120,33,[NULL]
0,"44,1,125",121,32,[NULL]
1,"0,3,491,1,1",121,32,[NULL]
0,"0,1,509,1,1",122,31,[NULL]
1,"0,3,64,1,137,1,0",122,31,[NULL]
0,"0,3,64,1,138,1,0",123,30,[NULL]
0,"0,4,17,1,260,1,0",124,29,[NULL]
0,"64,1,146,1,0",125,28,[NULL]
1,"0,3,558,1,0",125,28,[NULL]
0,"0,9,500,1,0",126,27,[NULL]
0,"0,25,324,1,0",127,26,[NULL]
0,"0,1,573,1,0",128,25,[NULL]
0,"0,2,500,1,1",130,23,[NULL]
0,"219,1,17",131,22,[NULL]
1,"260,1,11",131,22,[NULL]
2,"0,18,324,1,1",131,22,[NULL]
0,"0,1,404",132,21,[NULL]
1,"292,1,6",132,21,[NULL]
0,"0,2,69,1,138,1,0",133,20,[NULL]
0,411,134,19,[NULL]
1,"0,2,568,1,0",134,19,[NULL]
0,"581,1,0",135,18,[NULL]
0,"294,1,6",136,17,[NULL]
1,"582,1,0",136,17,[NULL]
0,"13,1,181,1,6",137,16,[NULL]
0,"209,1,21",138,15,[NULL]
1,"3,1,189,1,18",138,15,[NULL]
0,"0,1,406",139,14,[NULL]
1,"3,2,425,1,0",139,14,[NULL]
2,"0,3,562,1,0",139,14,[NULL]
0,"13,1,228",140,13,[NULL]
1,"3,1,190,1,18",140,13,[NULL]
2,"0,1,575,1,0",140,13,[NULL]
0,414,141,12,[NULL]
1,413,141,12,[NULL]
2,412,141,12,[NULL]
3,"3,1,353",141,12,[NULL]
4,"235,1,14",141,12,[NULL]
0,416,142,11,[NULL]
1,415,142,11,[NULL]
2,"1,1,571,1,0",142,11,[NULL]
3,"0,1,3,1,504,1,0",142,11,[NULL]
0,"3,1,354",143,10,[NULL]
1,"3,2,278",143,10,[NULL]
2,"69,1,92",143,10,[NULL]
3,"0,2,506,1,1",143,10,[NULL]
0,"7,1,277",144,9,[NULL]
1,"480,1,2",144,9,[NULL]
0,"526,1,1",145,8,[NULL]
0,417,146,7,[NULL]
1,"0,2,7,1,324,1,1",146,7,[NULL]
2,"584,1,0",146,7,[NULL]
0,"3,2,279",147,6,[NULL]
1,"0,1,7,1,271",147,6,[NULL]
0,"7,1,279",148,5,[NULL]
0,"0,154,0",0,154,[NULL]
0,"0,147,1",4,150,[NULL]
0,"0,4,554,1,0",103,51,[NULL]
0,418,110,44,[NULL]
0,"0,1,410",111,43,[NULL]
0,"5,1,452,1,0",117,37,[NULL]
0,"0,1,17,1,244,1,1",119,35,[NULL]
0,"17,2,138,1,1",120,34,[NULL]
1,"1,1,572,1,0",120,34,[NULL]
0,"0,4,491,1,1",121,33,[NULL]
0,"0,2,509,1,1",122,32,[NULL]
1,"0,4,64,1,137,1,0",122,32,[NULL]
0,"0,4,64,1,138,1,0",123,31,[NULL]
0,"1,2,64,1,137,1,0",124,30,[NULL]
1,"0,5,17,1,260,1,0",124,30,[NULL]
0,"0,10,500,1,0",126,28,[NULL]
0,"0,26,324,1,0",127,27,[NULL]
0,419,129,25,[NULL]
1,"13,3,51,1,6",129,25,[NULL]
0,"149,1,38",130,24,[NULL]
1,"13,3,52,1,6",130,24,[NULL]
2,"0,3,500,1,1",130,24,[NULL]
0,"292,1,8",131,23,[NULL]
1,"0,19,324,1,1",131,23,[NULL]
0,"17,1,200",132,22,[NULL]
0,"1,1,404",133,21,[NULL]
1,"293,1,8",133,21,[NULL]
2,"586,1,0",133,21,[NULL]
3,"0,3,69,1,138,1,0",133,21,[NULL]
0,"303,1,6",134,20,[NULL]
1,"587,1,0",134,20,[NULL]
2,"0,3,568,1,0",134,20,[NULL]
0,"302,1,7",135,19,[NULL]
1,"13,1,188,1,6",135,19,[NULL]
2,"18,1,278,1,0",135,19,[NULL]
0,"2,1,396",136,18,[NULL]
1,"267,1,11",136,18,[NULL]
2,"13,1,189,1,6",136,18,[NULL]
0,"13,1,235",137,17,[NULL]
1,"209,1,22",137,17,[NULL]
0,"13,1,190,1,6",138,16,[NULL]
1,"533,1,1",138,16,[NULL]
0,"319,1,5",139,15,[NULL]
1,"482,1,2",139,15,[NULL]
2,"0,4,562,1,0",139,15,[NULL]
0,420,140,14,[NULL]
1,"107,1,69",140,14,[NULL]
2,"2,1,107,1,55",140,14,[NULL]
3,"269,1,11",140,14,[NULL]
4,"0,2,575,1,0",140,14,[NULL]
0,422,141,13,[NULL]
1,421,141,13,[NULL]
2,"484,1,2",141,13,[NULL]
3,"3,1,386,1,2",141,13,[NULL]
4,"589,1,0",141,13,[NULL]
5,"1,1,575,1,0",141,13,[NULL]
0,"7,1,285",142,12,[NULL]
1,"485,1,2",142,12,[NULL]
2,"590,1,0",142,12,[NULL]
0,"197,1,26",143,11,[NULL]
1,"3,1,390,1,2",143,11,[NULL]
2,"591,1,0",143,11,[NULL]
0,423,144,10,[NULL]
1,"0,1,7,1,277",144,10,[NULL]
2,"198,1,26",144,10,[NULL]
3,"3,1,392,1,2",144,10,[NULL]
4,"14,1,324,1,0",144,10,[NULL]
0,424,145,9,[NULL]
1,"3,1,365",145,9,[NULL]
2,"3,1,397,1,2",145,9,[NULL]
3,"3,1,396,1,2",145,9,[NULL]
4,"0,1,526,1,1",145,9,[NULL]
5,"1,1,577,1,0",145,9,[NULL]
0,"3,1,367",146,8,[NULL]
1,"3,2,69,1,55",146,8,[NULL]
2,"3,1,399,1,2",146,8,[NULL]
3,"3,1,398,1,2",146,8,[NULL]
4,"0,3,7,1,324,1,1",146,8,[NULL]
5,"0,1,584,1,0",146,8,[NULL]
0,"69,1,95",147,7,[NULL]
1,"3,1,400,1,2",147,7,[NULL]
2,"592,1,0",147,7,[NULL]
3,"7,1,446,1,0",147,7,[NULL]
0,425,148,6,[NULL]
1,"593,1,0",148,6,[NULL]
0,426,150,4,[NULL]
0,"324,1,5",151,3,[NULL]
0,"0,155,0",0,155,[NULL]
0,"0,148,1",4,151,[NULL]
0,"0,5,554,1,0",103,52,[NULL]
0,"296,1,8",110,45,[NULL]
0,"0,2,410",111,44,[NULL]
0,"165,1,29",112,43,[NULL]
0,"0,2,17,1,244,1,1",119,36,[NULL]
1,"595,1,0",119,36,[NULL]
0,"0,1,17,2,138,1,1",120,35,[NULL]
0,"596,1,0",121,34,[NULL]
0,"597,1,0",122,33,[NULL]
1,"0,5,64,1,137,1,0",122,33,[NULL]
0,"0,5,64,1,138,1,0",123,32,[NULL]
0,"0,11,500,1,0",126,29,[NULL]
0,"0,27,324,1,0",127,28,[NULL]
0,"491,1,2",128,27,[NULL]
0,"17,1,206",129,26,[NULL]
1,"64,1,149,1,0",129,26,[NULL]
0,"0,4,500,1,1",130,25,[NULL]
1,"598,1,0",130,25,[NULL]
0,"0,20,324,1,1",131,24,[NULL]
1,"17,1,292,1,0",131,24,[NULL]
0,"602,1,0",132,23,[NULL]
1,"601,1,0",132,23,[NULL]
2,"600,1,0",132,23,[NULL]
0,"0,1,586,1,0",133,22,[NULL]
0,"13,1,51,1,64",134,21,[NULL]
1,"0,4,568,1,0",134,21,[NULL]
0,427,135,20,[NULL]
1,"1,1,411",135,20,[NULL]
2,"13,2,67,1,17",135,20,[NULL]
3,"13,1,23,1,75,1,6",135,20,[NULL]
0,"302,1,9",136,19,[NULL]
1,"13,1,23,1,76,1,6",136,19,[NULL]
2,"42,1,209,1,0",136,19,[NULL]
0,"473,1,3",137,18,[NULL]
0,"328,1,5",138,17,[NULL]
1,"0,1,533,1,1",138,17,[NULL]
0,"275,1,11",139,16,[NULL]
1,"540,1,1",139,16,[NULL]
2,"604,1,0",139,16,[NULL]
3,"0,5,562,1,0",139,16,[NULL]
0,"0,1,420",140,15,[NULL]
1,"69,1,96",140,15,[NULL]
2,"0,3,575,1,0",140,15,[NULL]
0,428,141,14,[NULL]
1,"0,1,422",141,14,[NULL]
2,"0,1,484,1,2",141,14,[NULL]
3,"0,1,589,1,0",141,14,[NULL]
0,429,142,13,[NULL]
1,"1,1,413",142,13,[NULL]
2,"7,1,299",142,13,[NULL]
3,"0,1,485,1,2",142,13,[NULL]
0,432,143,12,[NULL]
1,431,143,12,[NULL]
2,430,143,12,[NULL]
3,"239,1,16",143,12,[NULL]
0,433,144,11,[NULL]
1,"546,1,1",144,11,[NULL]
0,"0,2,526,1,1",145,10,[NULL]
0,"0,1,3,1,398,1,2",146,9,[NULL]
1,"0,4,7,1,324,1,1",146,9,[NULL]
2,"0,2,584,1,0",146,9,[NULL]
0,"3,1,373",147,8,[NULL]
1,"163,1,33",147,8,[NULL]
2,"0,1,7,1,446,1,0",147,8,[NULL]
0,434,148,7,[NULL]
1,"3,1,374",148,7,[NULL]
0,"1,1,7,1,279",149,6,[NULL]
0,"0,156,0",0,156,[NULL]
0,"0,149,1",4,152,[NULL]
0,435,107,49,[NULL]
0,"17,1,296,1,0",110,46,[NULL]
0,"607,1,0",111,45,[NULL]
1,"606,1,0",111,45,[NULL]
0,"1,1,5,1,452,1,0",118,38,[NULL]
0,"0,1,595,1,0",119,37,[NULL]
0,"17,1,298,1,0",120,36,[NULL]
0,"0,1,596,1,0",121,35,[NULL]
0,"0,6,64,1,137,1,0",122,34,[NULL]
0,"0,12,500,1,0",126,30,[NULL]
0,436,127,29,[NULL]
1,"149,1,42",127,29,[NULL]
2,"0,28,324,1,0",127,29,[NULL]
0,"17,1,260,1,1",128,28,[NULL]
0,"23,1,191",129,27,[NULL]
1,"0,1,64,1,149,1,0",129,27,[NULL]
0,"0,5,500,1,1",130,26,[NULL]
1,"0,1,598,1,0",130,26,[NULL]
0,"172,1,29",131,25,[NULL]
1,"0,21,324,1,1",131,25,[NULL]
2,"0,1,17,1,292,1,0",131,25,[NULL]
0,"13,1,194,1,6",132,24,[NULL]
1,"0,1,601,1,0",132,24,[NULL]
2,"0,1,600,1,0",132,24,[NULL]
0,"23,1,150,1,6",133,23,[NULL]
1,"0,2,586,1,0",133,23,[NULL]
0,"278,1,11",134,22,[NULL]
1,"1,1,586,1,0",134,22,[NULL]
0,"1,1,587,1,0",135,21,[NULL]
0,"608,1,0",136,20,[NULL]
0,"609,1,0",137,19,[NULL]
0,437,138,18,[NULL]
1,"2,1,286,1,9",138,18,[NULL]
2,"0,2,533,1,1",138,18,[NULL]
3,"611,1,0",138,18,[NULL]
4,"610,1,0",138,18,[NULL]
0,"2,1,287,1,9",139,17,[NULL]
1,"0,1,604,1,0",139,17,[NULL]
2,"0,6,562,1,0",139,17,[NULL]
0,"209,1,25",140,16,[NULL]
1,"267,1,13",140,16,[NULL]
2,"613,1,0",140,16,[NULL]
3,"0,4,575,1,0",140,16,[NULL]
0,438,141,15,[NULL]
1,"1,1,420",141,15,[NULL]
2,"67,1,100",141,15,[NULL]
3,"314,1,8",141,15,[NULL]
4,"614,1,0",141,15,[NULL]
5,"0,2,589,1,0",141,15,[NULL]
0,"1,1,422",142,14,[NULL]
1,"335,1,5",142,14,[NULL]
2,"3,1,540,1,0",142,14,[NULL]
3,"1,2,575,1,0",142,14,[NULL]
0,"0,1,432",143,13,[NULL]
1,"120,1,55",143,13,[NULL]
2,"7,1,459,1,0",143,13,[NULL]
3,"1,1,590,1,0",143,13,[NULL]
0,"121,1,55",144,12,[NULL]
1,"67,1,69,1,6",144,12,[NULL]
2,"0,1,546,1,1",144,12,[NULL]
3,"3,1,543,1,0",144,12,[NULL]
4,"1,1,591,1,0",144,12,[NULL]
0,439,145,11,[NULL]
1,"3,2,307",145,11,[NULL]
2,"3,2,306",145,11,[NULL]
3,"122,1,55",145,11,[NULL]
4,"615,1,0",145,11,[NULL]
5,"3,1,544,1,0",145,11,[NULL]
6,"1,1,14,1,324,1,0",145,11,[NULL]
0,440,146,10,[NULL]
1,"3,2,308",146,10,[NULL]
2,"7,1,306",146,10,[NULL]
3,"504,1,2",146,10,[NULL]
4,"15,1,324,1,0",146,10,[NULL]
0,"3,1,384",147,9,[NULL]
1,"3,2,309",147,9,[NULL]
2,"69,1,100",147,9,[NULL]
0,"3,2,311",148,8,[NULL]
1,"3,2,310",148,8,[NULL]
2,"7,1,309",148,8,[NULL]
3,"1,1,592,1,0",148,8,[NULL]
0,"7,1,311",149,7,[NULL]
1,"7,1,310",149,7,[NULL]
2,"617,1,0",149,7,[NULL]
3,"1,1,593,1,0",149,7,[NULL]
0,"7,1,312",150,6,[NULL]
1,"69,2,6",150,6,[NULL]
2,"506,1,2",150,6,[NULL]
0,"69,2,7",151,5,[NULL]
1,"324,1,6",151,5,[NULL]
2,"508,1,2",151,5,[NULL]
0,"324,1,7",152,4,[NULL]
1,"3,2,324,1,2",152,4,[NULL]
0,"0,157,0",0,157,[NULL]
0,"0,150,1",4,153,[NULL]
0,"554,1,1",107,50,[NULL]
0,"0,1,17,1,296,1,0",110,47,[NULL]
0,"0,1,606,1,0",111,46,[NULL]
0,"217,1,22",113,44,[NULL]
0,"0,2,595,1,0",119,38,[NULL]
0,"0,1,17,1,298,1,0",120,37,[NULL]
0,"64,1,137,1,1",126,31,[NULL]
1,"5,1,491,1,0",126,31,[NULL]
2,"0,13,500,1,0",126,31,[NULL]
0,"64,1,138,1,1",127,30,[NULL]
1,"0,29,324,1,0",127,30,[NULL]
0,"0,1,17,1,260,1,1",128,29,[NULL]
0,"558,1,1",129,28,[NULL]
1,"0,2,64,1,149,1,0",129,28,[NULL]
0,"0,6,500,1,1",130,27,[NULL]
1,"1,1,64,1,149,1,0",130,27,[NULL]
2,"0,2,598,1,0",130,27,[NULL]
0,"0,22,324,1,1",131,26,[NULL]
1,"0,2,17,1,292,1,0",131,26,[NULL]
0,"0,2,601,1,0",132,25,[NULL]
1,"0,2,600,1,0",132,25,[NULL]
0,"13,3,32,1,17",133,24,[NULL]
1,"1,1,600,1,0",133,24,[NULL]
2,"0,3,586,1,0",133,24,[NULL]
0,"13,1,23,1,80,1,6",134,23,[NULL]
0,"1,1,427",136,21,[NULL]
1,"0,1,608,1,0",136,21,[NULL]
0,"13,1,250",137,20,[NULL]
1,"69,1,102",137,20,[NULL]
2,"1,1,42,1,209,1,0",137,20,[NULL]
3,"0,1,609,1,0",137,20,[NULL]
0,"0,1,437",138,19,[NULL]
1,"13,1,251",138,19,[NULL]
2,"328,1,6",138,19,[NULL]
0,"212,1,25",139,18,[NULL]
1,"328,1,7",139,18,[NULL]
2,"0,7,562,1,0",139,18,[NULL]
0,441,140,17,[NULL]
1,"439,1,4",140,17,[NULL]
2,"1,1,604,1,0",140,17,[NULL]
3,"0,1,613,1,0",140,17,[NULL]
4,"0,5,575,1,0",140,17,[NULL]
0,"13,1,254",141,16,[NULL]
1,"618,1,0",141,16,[NULL]
2,"17,1,314,1,0",141,16,[NULL]
3,"0,3,589,1,0",141,16,[NULL]
0,"213,1,25",142,15,[NULL]
1,"331,1,6",142,15,[NULL]
0,"332,1,6",143,14,[NULL]
1,"3,1,425,1,2",143,14,[NULL]
2,"562,1,1",143,14,[NULL]
3,"620,1,0",143,14,[NULL]
0,"239,1,18",144,13,[NULL]
1,"332,1,7",144,13,[NULL]
2,"0,1,3,1,543,1,0",144,13,[NULL]
0,"0,1,615,1,0",145,12,[NULL]
1,"0,1,3,1,544,1,0",145,12,[NULL]
0,"0,1,504,1,2",146,11,[NULL]
1,"0,1,15,1,324,1,0",146,11,[NULL]
0,443,147,10,[NULL]
1,442,147,10,[NULL]
0,446,148,9,[NULL]
1,445,148,9,[NULL]
2,444,148,9,[NULL]
0,447,149,8,[NULL]
1,"3,2,319",149,8,[NULL]
2,"18,1,210",149,8,[NULL]
3,"69,2,8",149,8,[NULL]
0,"7,1,319",150,7,[NULL]
1,"324,1,8",150,7,[NULL]
2,"0,1,506,1,2",150,7,[NULL]
0,"7,1,320",151,6,[NULL]
0,"69,2,9",152,5,[NULL]
0,"324,1,9",153,4,[NULL]
0,"0,158,0",0,158,[NULL]
0,"0,151,1",4,154,[NULL]
0,"622,1,0",105,53,[NULL]
0,"0,1,554,1,1",107,51,[NULL]
0,"0,2,17,1,296,1,0",110,48,[NULL]
0,"0,2,606,1,0",111,47,[NULL]
0,"1,1,606,1,0",112,46,[NULL]
0,448,118,40,[NULL]
0,"0,3,595,1,0",119,39,[NULL]
0,"224,1,22",125,33,[NULL]
0,"0,1,64,1,137,1,1",126,32,[NULL]
1,"0,14,500,1,0",126,32,[NULL]
0,"0,1,64,1,138,1,1",127,31,[NULL]
1,"0,30,324,1,0",127,31,[NULL]
0,"0,2,17,1,260,1,1",128,30,[NULL]
1,"623,1,0",128,30,[NULL]
0,"0,1,558,1,1",129,29,[NULL]
1,"0,3,64,1,149,1,0",129,29,[NULL]
0,"0,7,500,1,1",130,28,[NULL]
1,"0,3,598,1,0",130,28,[NULL]
0,"0,23,324,1,1",131,27,[NULL]
1,"0,3,17,1,292,1,0",131,27,[NULL]
0,"64,1,160,1,0",132,26,[NULL]
1,"0,3,601,1,0",132,26,[NULL]
2,"0,3,600,1,0",132,26,[NULL]
0,449,135,23,[NULL]
0,450,136,22,[NULL]
1,"13,1,23,1,83,1,6",136,22,[NULL]
2,"626,1,0",136,22,[NULL]
0,451,137,21,[NULL]
1,"69,1,138,1,1",137,21,[NULL]
0,"568,1,1",138,20,[NULL]
1,"627,1,0",138,20,[NULL]
0,452,139,19,[NULL]
1,"66,1,105",139,19,[NULL]
2,"13,2,75,1,17",139,19,[NULL]
3,"0,8,562,1,0",139,19,[NULL]
0,"628,1,0",140,18,[NULL]
1,"0,6,575,1,0",140,18,[NULL]
0,454,141,17,[NULL]
1,453,141,17,[NULL]
2,"0,1,17,1,314,1,0",141,17,[NULL]
0,"1,2,420",142,16,[NULL]
1,"67,1,105",142,16,[NULL]
2,"335,1,6",142,16,[NULL]
3,"629,1,0",142,16,[NULL]
0,"333,1,8",143,15,[NULL]
1,"335,1,7",143,15,[NULL]
2,"0,1,562,1,1",143,15,[NULL]
3,"630,1,0",143,15,[NULL]
0,455,144,14,[NULL]
0,456,145,13,[NULL]
1,"332,1,9",145,13,[NULL]
2,"0,2,615,1,0",145,13,[NULL]
0,"128,1,55",146,12,[NULL]
1,"174,1,33",146,12,[NULL]
2,"333,1,9",146,12,[NULL]
3,"0,2,504,1,2",146,12,[NULL]
4,"0,2,15,1,324,1,0",146,12,[NULL]
0,458,147,11,[NULL]
1,457,147,11,[NULL]
2,"43,1,146",147,11,[NULL]
3,"631,1,0",147,11,[NULL]
0,"3,2,331",148,10,[NULL]
1,"18,1,214",148,10,[NULL]
2,"69,1,105",148,10,[NULL]
3,"367,1,5",148,10,[NULL]
4,"523,1,2",148,10,[NULL]
5,"632,1,0",148,10,[NULL]
0,459,149,9,[NULL]
1,"0,1,447",149,9,[NULL]
2,"7,1,331",149,9,[NULL]
3,"7,1,330",149,9,[NULL]
4,"524,1,2",149,9,[NULL]
5,"633,1,0",149,9,[NULL]
6,"17,1,69,2,0",149,9,[NULL]
0,460,150,8,[NULL]
1,"1,1,7,1,310",150,8,[NULL]
2,"368,1,5",150,8,[NULL]
3,"525,1,2",150,8,[NULL]
4,"17,1,324,1,0",150,8,[NULL]
5,"1,1,617,1,0",150,8,[NULL]
0,"7,1,333",151,7,[NULL]
1,"1,1,7,1,312",151,7,[NULL]
2,"506,1,3",151,7,[NULL]
0,461,152,6,[NULL]
1,"526,1,2",152,6,[NULL]
0,"2,1,426",153,5,[NULL]
1,"1,1,324,1,7",153,5,[NULL]
0,"7,1,324,1,3",154,4,[NULL]
0,"0,159,0",0,159,[NULL]
0,"0,152,1",4,155,[NULL]
0,"0,2,554,1,1",107,52,[NULL]
0,"0,3,17,1,296,1,0",110,49,[NULL]
0,"0,3,606,1,0",111,48,[NULL]
0,"635,1,0",117,42,[NULL]
0,"636,1,0",118,41,[NULL]
0,"42,1,224,1,0",124,35,[NULL]
0,"0,2,64,1,137,1,1",126,33,[NULL]
1,"0,15,500,1,0",126,33,[NULL]
0,"0,2,64,1,138,1,1",127,32,[NULL]
1,"1,1,5,1,491,1,0",127,32,[NULL]
2,"0,31,324,1,0",127,32,[NULL]
0,"0,1,623,1,0",128,31,[NULL]
0,"637,1,0",129,30,[NULL]
1,"0,4,64,1,149,1,0",129,30,[NULL]
0,"0,8,500,1,1",130,29,[NULL]
1,"0,4,598,1,0",130,29,[NULL]
0,"0,24,324,1,1",131,28,[NULL]
1,"1,2,64,1,149,1,0",131,28,[NULL]
2,"0,4,17,1,292,1,0",131,28,[NULL]
0,463,136,23,[NULL]
1,462,136,23,[NULL]
2,"248,1,17",136,23,[NULL]
0,464,137,22,[NULL]
1,"0,1,451",137,22,[NULL]
2,"187,1,29",137,22,[NULL]
3,"346,1,6",137,22,[NULL]
4,"0,1,69,1,138,1,1",137,22,[NULL]
0,"2,1,427",138,21,[NULL]
1,"0,1,568,1,1",138,21,[NULL]
2,"0,1,627,1,0",138,21,[NULL]
0,"0,1,452",139,20,[NULL]
0,465,140,19,[NULL]
1,"638,1,0",140,19,[NULL]
2,"0,1,628,1,0",140,19,[NULL]
3,"0,7,575,1,0",140,19,[NULL]
0,"13,1,209,1,6",141,18,[NULL]
1,"639,1,0",141,18,[NULL]
2,"0,2,17,1,314,1,0",141,18,[NULL]
0,"67,1,75,1,6",142,17,[NULL]
1,"0,1,629,1,0",142,17,[NULL]
0,"0,2,562,1,1",143,16,[NULL]
1,"0,1,630,1,0",143,16,[NULL]
0,466,144,15,[NULL]
1,"335,1,9",144,15,[NULL]
2,"575,1,1",144,15,[NULL]
0,"133,1,55",145,14,[NULL]
1,"251,1,17",145,14,[NULL]
2,"336,1,9",145,14,[NULL]
3,"533,1,2",145,14,[NULL]
0,"134,1,55",146,13,[NULL]
1,"251,1,18",146,13,[NULL]
0,468,147,12,[NULL]
1,467,147,12,[NULL]
2,"69,1,106",147,12,[NULL]
3,"0,1,631,1,0",147,12,[NULL]
0,469,148,11,[NULL]
1,"1,1,443",148,11,[NULL]
2,"69,1,107",148,11,[NULL]
3,"69,1,75,1,6",148,11,[NULL]
4,"0,1,523,1,2",148,11,[NULL]
5,"18,1,311,1,0",148,11,[NULL]
6,"7,2,314,1,0",148,11,[NULL]
0,"7,1,336",149,10,[NULL]
1,"69,1,108",149,10,[NULL]
2,"69,1,76,1,6",149,10,[NULL]
3,"0,1,524,1,2",149,10,[NULL]
4,"18,1,314,1,0",149,10,[NULL]
5,"0,1,17,1,69,2,0",149,10,[NULL]
0,"1,1,447",150,9,[NULL]
1,"7,1,338",150,9,[NULL]
2,"339,1,9",150,9,[NULL]
3,"1,1,69,2,8",150,9,[NULL]
4,"69,1,76,1,7",150,9,[NULL]
5,"0,1,17,1,324,1,0",150,9,[NULL]
0,"7,1,340",151,8,[NULL]
1,"0,1,7,1,333",151,8,[NULL]
2,"340,1,9",151,8,[NULL]
3,"1,1,324,1,8",151,8,[NULL]
0,"341,1,9",152,7,[NULL]
0,"0,160,0",0,160,[NULL]
0,"0,153,1",4,156,[NULL]
0,"1,1,622,1,0",106,54,[NULL]
0,"641,1,0",107,53,[NULL]
0,"0,4,17,1,296,1,0",110,50,[NULL]
0,"0,4,606,1,0",111,49,[NULL]
0,470,115,45,[NULL]
0,"0,1,635,1,0",117,43,[NULL]
0,"0,1,636,1,0",118,42,[NULL]
0,"165,1,38",119,41,[NULL]
0,"343,1,8",126,34,[NULL]
1,"0,3,64,1,137,1,1",126,34,[NULL]
2,"0,16,500,1,0",126,34,[NULL]
0,"0,3,64,1,138,1,1",127,33,[NULL]
1,"0,32,324,1,0",127,33,[NULL]
0,"0,2,623,1,0",128,32,[NULL]
0,"0,1,637,1,0",129,31,[NULL]
1,"0,5,64,1,149,1,0",129,31,[NULL]
0,"0,9,500,1,1",130,30,[NULL]
1,"0,5,598,1,0",130,30,[NULL]
0,"0,25,324,1,1",131,29,[NULL]
0,"13,4,23,1,6",134,26,[NULL]
0,471,135,25,[NULL]
1,"260,1,15",135,25,[NULL]
2,"13,4,24,1,6",135,25,[NULL]
0,"17,1,231",136,24,[NULL]
1,"17,1,230",136,24,[NULL]
2,"642,1,0",136,24,[NULL]
0,"0,2,451",137,23,[NULL]
1,"299,1,11",137,23,[NULL]
2,"1,1,626,1,0",137,23,[NULL]
0,"643,1,0",138,22,[NULL]
1,"0,2,627,1,0",138,22,[NULL]
0,"357,1,6",139,21,[NULL]
1,"645,1,0",139,21,[NULL]
2,"644,1,0",139,21,[NULL]
3,"1,1,627,1,0",139,21,[NULL]
0,472,140,20,[NULL]
1,"13,1,212,1,6",140,20,[NULL]
2,"646,1,0",140,20,[NULL]
3,"0,2,628,1,0",140,20,[NULL]
4,"0,8,575,1,0",140,20,[NULL]
0,473,141,19,[NULL]
1,"360,1,6",141,19,[NULL]
2,"1,1,628,1,0",141,19,[NULL]
3,"0,3,17,1,314,1,0",141,19,[NULL]
0,474,142,18,[NULL]
1,"1,1,454",142,18,[NULL]
2,"266,1,14",142,18,[NULL]
3,"0,2,629,1,0",142,18,[NULL]
0,"267,1,14",143,17,[NULL]
1,"13,1,213,1,6",143,17,[NULL]
2,"0,3,562,1,1",143,17,[NULL]
3,"48,1,209,1,0",143,17,[NULL]
4,"1,1,629,1,0",143,17,[NULL]
0,"0,1,575,1,1",144,16,[NULL]
1,"649,1,0",144,16,[NULL]
2,"648,1,0",144,16,[NULL]
0,"0,1,533,1,2",145,15,[NULL]
1,"650,1,0",145,15,[NULL]
0,475,146,14,[NULL]
1,"13,1,269",146,14,[NULL]
2,"540,1,2",146,14,[NULL]
0,477,147,13,[NULL]
1,476,147,13,[NULL]
2,"0,1,467",147,13,[NULL]
3,"69,1,110",147,13,[NULL]
4,"0,2,631,1,0",147,13,[NULL]
0,478,148,12,[NULL]
1,"0,1,469",148,12,[NULL]
2,"543,1,2",148,12,[NULL]
3,"3,1,463,1,2",148,12,[NULL]
4,"652,1,0",148,12,[NULL]
5,"0,1,18,1,311,1,0",148,12,[NULL]
6,"0,1,7,2,314,1,0",148,12,[NULL]
0,480,149,11,[NULL]
1,479,149,11,[NULL]
2,"352,1,9",149,11,[NULL]
3,"367,1,7",149,11,[NULL]
4,"544,1,2",149,11,[NULL]
5,"18,1,321,1,0",149,11,[NULL]
6,"1,1,632,1,0",149,11,[NULL]
7,"0,1,18,1,314,1,0",149,11,[NULL]
0,481,150,10,[NULL]
1,"69,1,75,1,9",150,10,[NULL]
2,"368,1,6",150,10,[NULL]
3,"68,1,163,1,0",150,10,[NULL]
4,"1,1,633,1,0",150,10,[NULL]
5,"0,2,17,1,324,1,0",150,10,[NULL]
0,"0,2,7,1,333",151,9,[NULL]
1,"368,1,7",151,9,[NULL]
2,"396,1,5",151,9,[NULL]
0,"13,1,271",152,8,[NULL]
1,"398,1,5",152,8,[NULL]
0,"400,1,5",153,7,[NULL]
1,"526,1,3",153,7,[NULL]
0,"2,1,324,1,6",154,6,[NULL]
1,"527,1,3",154,6,[NULL]
2,"7,1,507,1,0",154,6,[NULL]
0,"2,1,324,1,7",155,5,[NULL]
1,"7,1,508,1,0",155,5,[NULL]
0,"7,2,324,1,0",157,3,[NULL]
0,"18,1,324,1,0",158,2,[NULL]
0,"0,161,0",0,161,[NULL]
0,"0,154,1",4,157,[NULL]
0,"0,1,641,1,0",107,54,[NULL]
0,"0,5,606,1,0",111,50,[NULL]
0,482,114,47,[NULL]
0,"0,1,470",115,46,[NULL]
0,"0,2,635,1,0",117,44,[NULL]
0,"1,1,635,1,0",118,43,[NULL]
1,"0,2,636,1,0",118,43,[NULL]
0,"1,1,42,1,224,1,0",125,36,[NULL]
0,"0,17,500,1,0",126,35,[NULL]
0,"0,4,64,1,138,1,1",127,34,[NULL]
1,"0,33,324,1,0",127,34,[NULL]
0,"0,3,623,1,0",128,33,[NULL]
0,"0,6,64,1,149,1,0",129,32,[NULL]
0,"0,10,500,1,1",130,31,[NULL]
0,"0,26,324,1,1",131,30,[NULL]
0,"149,1,47",134,27,[NULL]
1,"193,1,29",134,27,[NULL]
2,"653,1,0",134,27,[NULL]
0,"17,1,260,1,2",135,26,[NULL]
0,"0,1,17,1,230",136,25,[NULL]
1,"23,1,206",136,25,[NULL]
2,"0,1,642,1,0",136,25,[NULL]
0,"586,1,1",137,24,[NULL]
1,"654,1,0",137,24,[NULL]
0,"1,1,187,1,29",138,23,[NULL]
1,"0,1,643,1,0",138,23,[NULL]
2,"0,3,627,1,0",138,23,[NULL]
0,483,139,22,[NULL]
1,"13,2,23,1,64",139,22,[NULL]
2,"0,1,645,1,0",139,22,[NULL]
3,"0,1,644,1,0",139,22,[NULL]
0,"13,2,83,1,17",140,21,[NULL]
1,"13,2,133,1,6",140,21,[NULL]
2,"0,1,646,1,0",140,21,[NULL]
3,"0,9,575,1,0",140,21,[NULL]
0,"3,1,411",141,20,[NULL]
1,"13,2,134,1,6",141,20,[NULL]
2,"655,1,0",141,20,[NULL]
3,"1,1,638,1,0",141,20,[NULL]
0,"359,1,9",142,19,[NULL]
1,"1,1,639,1,0",142,19,[NULL]
0,"0,4,562,1,1",143,18,[NULL]
1,"656,1,0",143,18,[NULL]
0,"0,2,575,1,1",144,17,[NULL]
1,"0,1,648,1,0",144,17,[NULL]
0,485,145,16,[NULL]
1,484,145,16,[NULL]
2,"239,1,22",145,16,[NULL]
3,"589,1,1",145,16,[NULL]
4,"0,1,650,1,0",145,16,[NULL]
0,"188,1,33",146,15,[NULL]
1,"363,1,9",146,15,[NULL]
2,"0,1,540,1,2",146,15,[NULL]
0,"189,1,33",147,14,[NULL]
1,"367,1,8",147,14,[NULL]
2,"0,3,631,1,0",147,14,[NULL]
0,"314,1,11",148,13,[NULL]
1,"313,1,11",148,13,[NULL]
2,"373,1,6",148,13,[NULL]
3,"657,1,0",148,13,[NULL]
4,"0,1,652,1,0",148,13,[NULL]
5,"0,2,7,2,314,1,0",148,13,[NULL]
0,486,149,12,[NULL]
1,"1,1,469",149,12,[NULL]
2,"190,1,33",149,12,[NULL]
3,"376,1,6",149,12,[NULL]
4,"0,1,544,1,2",149,12,[NULL]
5,"0,2,18,1,314,1,0",149,12,[NULL]
0,"367,1,9",150,11,[NULL]
1,"376,1,7",150,11,[NULL]
2,"18,1,332,1,0",150,11,[NULL]
3,"0,1,68,1,163,1,0",150,11,[NULL]
4,"0,3,17,1,324,1,0",150,11,[NULL]
0,"2,1,445",151,10,[NULL]
1,"2,1,444",151,10,[NULL]
2,"18,1,228",151,10,[NULL]
3,"658,1,0",151,10,[NULL]
4,"19,1,69,2,0",151,10,[NULL]
5,"18,1,333,1,0",151,10,[NULL]
0,487,152,9,[NULL]
1,"2,1,18,1,210",152,9,[NULL]
2,"368,1,9",152,9,[NULL]
3,"659,1,0",152,9,[NULL]
4,"19,1,324,1,0",152,9,[NULL]
0,"3,1,417",153,8,[NULL]
1,"13,1,279",153,8,[NULL]
2,"70,1,163,1,0",153,8,[NULL]
0,488,154,7,[NULL]
1,"2,1,7,1,320",154,7,[NULL]
0,"2,1,69,2,9",155,6,[NULL]
1,"0,1,7,1,508,1,0",155,6,[NULL]
0,"2,1,324,1,9",156,5,[NULL]
1,"660,1,0",156,5,[NULL]
0,"0,1,7,2,324,1,0",157,4,[NULL]
0,"0,1,18,1,324,1,0",158,3,[NULL]
0,"0,162,0",0,162,[NULL]
0,"0,155,1",4,158,[NULL]
0,"0,2,641,1,0",107,55,[NULL]
0,"0,6,606,1,0",111,51,[NULL]
0,"554,1,2",114,48,[NULL]
0,"0,2,470",115,47,[NULL]
0,"0,3,635,1,0",117,45,[NULL]
0,"0,3,636,1,0",118,44,[NULL]
0,"662,1,0",120,42,[NULL]
0,489,126,36,[NULL]
1,"0,18,500,1,0",126,36,[NULL]
0,"17,2,185,1,0",127,35,[NULL]
1,"0,34,324,1,0",127,35,[NULL]
0,"0,11,500,1,1",130,32,[NULL]
0,"0,27,324,1,1",131,31,[NULL]
0,"64,1,149,1,1",133,29,[NULL]
1,"665,1,0",133,29,[NULL]
0,"598,1,1",134,28,[NULL]
0,"17,1,292,1,1",135,27,[NULL]
0,"5,1,375",136,26,[NULL]
1,"601,1,1",136,26,[NULL]
2,"600,1,1",136,26,[NULL]
3,"0,2,642,1,0",136,26,[NULL]
0,"13,1,219,1,6",137,25,[NULL]
1,"0,1,586,1,1",137,25,[NULL]
2,"1,1,642,1,0",137,25,[NULL]
3,"0,1,654,1,0",137,25,[NULL]
0,"13,1,220,1,6",138,24,[NULL]
1,"0,2,643,1,0",138,24,[NULL]
2,"0,4,627,1,0",138,24,[NULL]
0,"537,1,3",139,23,[NULL]
1,"0,2,645,1,0",139,23,[NULL]
2,"0,2,644,1,0",139,23,[NULL]
0,"538,1,3",140,22,[NULL]
1,"1,2,627,1,0",140,22,[NULL]
2,"0,2,646,1,0",140,22,[NULL]
0,"1,1,646,1,0",141,21,[NULL]
0,"1,2,628,1,0",142,20,[NULL]
0,"1,1,474",143,19,[NULL]
1,"668,1,0",143,19,[NULL]
2,"0,1,656,1,0",143,19,[NULL]
0,490,144,18,[NULL]
1,"0,3,575,1,1",144,18,[NULL]
2,"1,1,48,1,209,1,0",144,18,[NULL]
3,"0,2,648,1,0",144,18,[NULL]
0,"17,1,244",145,17,[NULL]
1,"261,1,17",145,17,[NULL]
0,"262,1,17",146,16,[NULL]
0,"320,1,11",147,15,[NULL]
1,"669,1,0",147,15,[NULL]
2,"17,1,367,1,0",147,15,[NULL]
0,"672,1,0",148,14,[NULL]
1,"671,1,0",148,14,[NULL]
2,"0,2,652,1,0",148,14,[NULL]
0,"67,1,115",149,13,[NULL]
1,"3,1,485,1,2",149,13,[NULL]
2,"1,1,652,1,0",149,13,[NULL]
3,"0,3,18,1,314,1,0",149,13,[NULL]
0,"1,1,479",150,12,[NULL]
1,"68,1,115",150,12,[NULL]
2,"373,1,9",150,12,[NULL]
3,"544,1,3",150,12,[NULL]
4,"673,1,0",150,12,[NULL]
5,"0,2,68,1,163,1,0",150,12,[NULL]
6,"0,4,17,1,324,1,0",150,12,[NULL]
0,492,151,11,[NULL]
1,491,151,11,[NULL]
2,"323,1,11",151,11,[NULL]
3,"376,1,9",151,11,[NULL]
4,"674,1,0",151,11,[NULL]
5,"0,1,658,1,0",151,11,[NULL]
6,"0,1,18,1,333,1,0",151,11,[NULL]
0,493,152,10,[NULL]
1,"0,1,487",152,10,[NULL]
2,"13,1,69,1,55",152,10,[NULL]
3,"398,1,6",152,10,[NULL]
4,"0,1,659,1,0",152,10,[NULL]
0,"7,1,364",153,9,[NULL]
1,"7,1,368,1,3",153,9,[NULL]
0,"132,1,71",154,8,[NULL]
1,"676,1,0",154,8,[NULL]
0,494,155,7,[NULL]
1,"18,1,339,1,0",155,7,[NULL]
0,"324,1,10",156,6,[NULL]
1,"1,1,7,1,508,1,0",156,6,[NULL]
2,"0,1,660,1,0",156,6,[NULL]
0,"324,1,11",157,5,[NULL]
1,"18,1,341,1,0",157,5,[NULL]
2,"0,2,7,2,324,1,0",157,5,[NULL]
0,"1,1,7,2,324,1,0",158,4,[NULL]
1,"0,2,18,1,324,1,0",158,4,[NULL]
0,"1,1,18,1,324,1,0",159,3,[NULL]
0,"0,163,0",0,163,[NULL]
0,"0,156,1",4,159,[NULL]
0,"0,7,606,1,0",111,52,[NULL]
0,"379,1,8",112,51,[NULL]
0,"17,1,296,1,1",114,49,[NULL]
0,"606,1,1",115,48,[NULL]
0,"0,4,635,1,0",117,46,[NULL]
0,"0,4,636,1,0",118,45,[NULL]
0,"1,2,635,1,0",119,44,[NULL]
0,495,125,38,[NULL]
0,"0,1,489",126,37,[NULL]
1,"0,19,500,1,0",126,37,[NULL]
0,"0,35,324,1,0",127,36,[NULL]
0,496,128,35,[NULL]
0,"0,12,500,1,1",130,33,[NULL]
0,"0,28,324,1,1",131,32,[NULL]
0,"244,1,22",132,31,[NULL]
0,"0,1,64,1,149,1,1",133,30,[NULL]
0,"0,1,598,1,1",134,29,[NULL]
0,"380,1,8",135,28,[NULL]
1,"0,1,17,1,292,1,1",135,28,[NULL]
2,"1,1,653,1,0",135,28,[NULL]
0,"0,1,601,1,1",136,27,[NULL]
1,"0,1,600,1,1",136,27,[NULL]
2,"0,3,642,1,0",136,27,[NULL]
0,"0,2,586,1,1",137,26,[NULL]
1,"0,2,654,1,0",137,26,[NULL]
0,"13,5,17",138,25,[NULL]
1,"0,5,627,1,0",138,25,[NULL]
0,"382,1,8",139,24,[NULL]
1,"13,1,23,1,101,1,6",139,24,[NULL]
2,"0,3,645,1,0",139,24,[NULL]
3,"0,3,644,1,0",139,24,[NULL]
0,"66,1,116",140,23,[NULL]
0,"381,1,9",141,22,[NULL]
0,"3,1,427",142,21,[NULL]
1,"13,1,294",142,21,[NULL]
0,"266,1,17",143,20,[NULL]
1,"328,1,10",143,20,[NULL]
2,"385,1,8",143,20,[NULL]
0,"188,1,36",144,19,[NULL]
1,"266,1,18",144,19,[NULL]
2,"267,1,17",144,19,[NULL]
3,"0,4,575,1,1",144,19,[NULL]
0,497,145,18,[NULL]
1,"268,1,17",145,18,[NULL]
2,"568,1,2",145,18,[NULL]
0,"13,1,296",146,17,[NULL]
1,"285,1,14",146,17,[NULL]
2,"3,1,604,1,0",146,17,[NULL]
0,"190,1,36",147,16,[NULL]
1,"287,1,14",147,16,[NULL]
2,"408,1,6",147,16,[NULL]
3,"0,1,669,1,0",147,16,[NULL]
4,"0,1,17,1,367,1,0",147,16,[NULL]
0,498,148,15,[NULL]
1,"411,1,6",148,15,[NULL]
2,"678,1,0",148,15,[NULL]
3,"67,1,174,1,0",148,15,[NULL]
4,"0,1,671,1,0",148,15,[NULL]
0,499,149,14,[NULL]
1,"680,1,0",149,14,[NULL]
2,"68,1,174,1,0",149,14,[NULL]
3,"0,4,18,1,314,1,0",149,14,[NULL]
0,"270,1,18",150,13,[NULL]
1,"333,1,11",150,13,[NULL]
2,"682,1,0",150,13,[NULL]
3,"681,1,0",150,13,[NULL]
4,"0,1,673,1,0",150,13,[NULL]
5,"0,5,17,1,324,1,0",150,13,[NULL]
0,"197,1,33",151,12,[NULL]
1,"311,1,13",151,12,[NULL]
2,"390,1,9",151,12,[NULL]
3,"0,1,674,1,0",151,12,[NULL]
0,"314,1,13",152,11,[NULL]
1,"392,1,9",152,11,[NULL]
2,"69,1,134,1,3",152,11,[NULL]
0,500,153,10,[NULL]
1,"70,1,115",153,10,[NULL]
2,"397,1,9",153,10,[NULL]
0,"399,1,9",154,9,[NULL]
1,"18,1,352,1,0",154,9,[NULL]
2,"0,1,676,1,0",154,9,[NULL]
0,501,155,8,[NULL]
1,"684,1,0",155,8,[NULL]
0,"7,1,374",156,7,[NULL]
1,"0,2,660,1,0",156,7,[NULL]
0,"0,1,324,1,11",157,6,[NULL]
1,"1,1,660,1,0",157,6,[NULL]
2,"0,3,7,2,324,1,0",157,6,[NULL]
0,"0,3,18,1,324,1,0",158,5,[NULL]
0,"0,164,0",0,164,[NULL]
0,"0,157,1",4,160,[NULL]
0,"0,8,606,1,0",111,53,[NULL]
0,"0,1,17,1,296,1,1",114,50,[NULL]
0,"0,1,606,1,1",115,49,[NULL]
0,"0,5,635,1,0",117,47,[NULL]
0,"0,5,636,1,0",118,46,[NULL]
0,"685,1,0",124,40,[NULL]
0,"403,1,8",125,39,[NULL]
0,"686,1,0",126,38,[NULL]
0,"687,1,0",127,37,[NULL]
1,"0,36,324,1,0",127,37,[NULL]
0,"0,13,500,1,1",130,34,[NULL]
0,"0,29,324,1,1",131,33,[NULL]
1,"5,1,64,1,137,1,0",131,33,[NULL]
0,"0,2,64,1,149,1,1",133,31,[NULL]
0,"0,2,598,1,1",134,30,[NULL]
1,"1,1,665,1,0",134,30,[NULL]
0,"17,1,380,1,0",135,29,[NULL]
0,"0,2,600,1,1",136,28,[NULL]
1,"688,1,0",136,28,[NULL]
2,"0,4,642,1,0",136,28,[NULL]
0,"689,1,0",137,27,[NULL]
1,"0,3,654,1,0",137,27,[NULL]
0,"1,2,642,1,0",138,26,[NULL]
1,"0,6,627,1,0",138,26,[NULL]
0,"13,1,302",140,24,[NULL]
0,"13,1,303",141,23,[NULL]
1,"13,3,67,1,6",141,23,[NULL]
0,"334,1,11",142,22,[NULL]
0,503,143,21,[NULL]
1,502,143,21,[NULL]
0,"209,1,29",144,20,[NULL]
1,"13,2,95,1,17",144,20,[NULL]
2,"0,5,575,1,1",144,20,[NULL]
3,"3,1,609,1,0",144,20,[NULL]
0,"188,1,38",145,19,[NULL]
1,"17,1,314,1,1",145,19,[NULL]
0,"0,1,285,1,14",146,18,[NULL]
1,"0,1,3,1,604,1,0",146,18,[NULL]
0,504,147,17,[NULL]
1,"417,1,6",147,17,[NULL]
2,"693,1,0",147,17,[NULL]
3,"692,1,0",147,17,[NULL]
4,"691,1,0",147,17,[NULL]
0,"0,1,678,1,0",148,16,[NULL]
1,"0,2,671,1,0",148,16,[NULL]
0,"190,1,39",149,15,[NULL]
0,"409,1,9",150,14,[NULL]
0,"575,1,2",151,13,[NULL]
0,"13,1,308",152,12,[NULL]
1,"0,1,314,1,13",152,12,[NULL]
2,"3,2,544,1,0",152,12,[NULL]
3,"1,1,674,1,0",152,12,[NULL]
0,505,153,11,[NULL]
1,"18,1,244",153,11,[NULL]
2,"2,1,69,1,75,1,9",153,11,[NULL]
3,"3,1,504,1,2",153,11,[NULL]
0,506,154,10,[NULL]
1,"324,1,12",154,10,[NULL]
2,"18,1,366,1,0",154,10,[NULL]
3,"0,1,18,1,352,1,0",154,10,[NULL]
4,"0,2,676,1,0",154,10,[NULL]
0,508,155,9,[NULL]
1,507,155,9,[NULL]
2,"577,1,2",155,9,[NULL]
3,"18,1,367,1,0",155,9,[NULL]
4,"7,1,546,1,0",155,9,[NULL]
5,"1,1,676,1,0",155,9,[NULL]
0,"18,1,249",156,8,[NULL]
1,"697,1,0",156,8,[NULL]
2,"696,1,0",156,8,[NULL]
3,"695,1,0",156,8,[NULL]
4,"0,3,660,1,0",156,8,[NULL]
0,509,157,7,[NULL]
1,"10,1,324,1,3",157,7,[NULL]
2,"698,1,0",157,7,[NULL]
3,"24,1,69,2,0",157,7,[NULL]
4,"23,1,324,1,0",157,7,[NULL]
5,"18,1,368,1,0",157,7,[NULL]
0,"7,1,386",158,6,[NULL]
1,"1,1,324,1,11",158,6,[NULL]
2,"699,1,0",158,6,[NULL]
3,"24,1,324,1,0",158,6,[NULL]
4,"0,4,18,1,324,1,0",158,6,[NULL]
0,"7,1,387",159,5,[NULL]
1,"25,1,324,1,0",159,5,[NULL]
0,"1,2,18,1,324,1,0",160,4,[NULL]
0,"324,1,13",161,3,[NULL]
0,"0,165,0",0,165,[NULL]
0,"0,158,1",4,161,[NULL]
0,"0,9,606,1,0",111,54,[NULL]
0,"700,1,0",113,52,[NULL]
0,"701,1,0",114,51,[NULL]
0,"0,2,606,1,1",115,50,[NULL]
0,"0,6,635,1,0",117,48,[NULL]
0,510,122,43,[NULL]
0,"0,1,685,1,0",124,41,[NULL]
0,"17,1,403,1,0",125,40,[NULL]
0,"210,1,29",126,39,[NULL]
1,"0,1,686,1,0",126,39,[NULL]
0,"0,37,324,1,0",127,38,[NULL]
0,"62,1,125",129,36,[NULL]
0,"0,14,500,1,1",130,35,[NULL]
0,"0,30,324,1,1",131,34,[NULL]
0,"0,3,64,1,149,1,1",133,32,[NULL]
1,"64,1,184,1,0",133,32,[NULL]
0,"64,1,185,1,0",134,31,[NULL]
0,"0,1,17,1,380,1,0",135,30,[NULL]
0,"17,1,404,1,0",136,29,[NULL]
1,"0,1,688,1,0",136,29,[NULL]
2,"0,5,642,1,0",136,29,[NULL]
0,"0,4,654,1,0",137,28,[NULL]
0,"13,1,167,1,17",141,24,[NULL]
0,511,142,23,[NULL]
1,"13,1,314",142,23,[NULL]
2,"346,1,10",142,23,[NULL]
3,"627,1,1",142,23,[NULL]
0,"0,1,502",143,22,[NULL]
1,"17,1,262",143,22,[NULL]
2,"278,1,18",143,22,[NULL]
3,"64,1,187,1,0",143,22,[NULL]
0,512,144,21,[NULL]
1,"0,6,575,1,1",144,21,[NULL]
2,"702,1,0",144,21,[NULL]
3,"64,1,188,1,0",144,21,[NULL]
0,"0,1,17,1,314,1,1",145,20,[NULL]
1,"703,1,0",145,20,[NULL]
0,"1,1,497",146,19,[NULL]
1,"423,1,6",146,19,[NULL]
2,"706,1,0",146,19,[NULL]
0,"0,1,504",147,18,[NULL]
1,"23,1,181,1,6",147,18,[NULL]
2,"0,1,693,1,0",147,18,[NULL]
0,"3,1,618,1,0",148,17,[NULL]
1,"0,3,671,1,0",148,17,[NULL]
0,513,149,16,[NULL]
1,"1,1,498",149,16,[NULL]
2,"707,1,0",149,16,[NULL]
0,"281,1,17",150,15,[NULL]
1,"708,1,0",150,15,[NULL]
2,"1,1,680,1,0",150,15,[NULL]
0,514,151,14,[NULL]
1,"1,1,270,1,18",151,14,[NULL]
2,"282,1,17",151,14,[NULL]
3,"631,1,1",151,14,[NULL]
4,"709,1,0",151,14,[NULL]
0,516,152,13,[NULL]
1,515,152,13,[NULL]
2,"68,1,119",152,13,[NULL]
3,"13,1,69,1,64",152,13,[NULL]
4,"570,1,3",152,13,[NULL]
0,"0,1,18,1,244",153,12,[NULL]
1,"13,1,69,1,65",153,12,[NULL]
2,"69,1,95,1,6",153,12,[NULL]
3,"450,1,5",153,12,[NULL]
4,"711,1,0",153,12,[NULL]
0,"43,1,184",154,11,[NULL]
1,"353,1,11",154,11,[NULL]
2,"69,1,95,1,7",154,11,[NULL]
3,"17,1,324,1,1",154,11,[NULL]
4,"713,1,0",154,11,[NULL]
5,"712,1,0",154,11,[NULL]
6,"0,3,676,1,0",154,11,[NULL]
0,"0,1,508",155,10,[NULL]
1,"2,1,368,1,9",155,10,[NULL]
2,"714,1,0",155,10,[NULL]
3,"18,1,373,1,0",155,10,[NULL]
4,"0,1,7,1,546,1,0",155,10,[NULL]
0,"2,1,13,1,279",156,9,[NULL]
1,"18,1,376,1,0",156,9,[NULL]
2,"0,1,696,1,0",156,9,[NULL]
0,"69,1,119",157,8,[NULL]
1,"0,1,698,1,0",157,8,[NULL]
2,"0,1,23,1,324,1,0",157,8,[NULL]
0,"143,1,67",158,7,[NULL]
1,"1,2,660,1,0",158,7,[NULL]
2,"0,1,699,1,0",158,7,[NULL]
3,"0,5,18,1,324,1,0",158,7,[NULL]
0,"0,1,7,1,387",159,6,[NULL]
1,"18,1,378,1,0",159,6,[NULL]
0,"26,1,324,1,0",160,5,[NULL]
0,"0,1,324,1,13",161,4,[NULL]
0,"0,166,0",0,166,[NULL]
0,"0,159,1",4,162,[NULL]
0,"0,10,606,1,0",111,55,[NULL]
0,"0,1,701,1,0",114,52,[NULL]
0,"0,3,606,1,1",115,51,[NULL]
0,"635,1,1",121,45,[NULL]
0,"636,1,1",122,44,[NULL]
0,"0,2,685,1,0",124,42,[NULL]
0,"1,1,685,1,0",125,41,[NULL]
1,"0,1,17,1,403,1,0",125,41,[NULL]
0,"0,2,686,1,0",126,40,[NULL]
0,"0,38,324,1,0",127,39,[NULL]
0,"1,1,687,1,0",128,38,[NULL]
0,"0,15,500,1,1",130,36,[NULL]
0,"0,31,324,1,1",131,35,[NULL]
0,"1,1,5,1,64,1,137,1,0",132,34,[NULL]
0,"0,1,64,1,185,1,0",134,32,[NULL]
0,"0,2,17,1,380,1,0",135,31,[NULL]
0,"0,6,642,1,0",136,30,[NULL]
0,"13,4,32,1,6",139,27,[NULL]
0,"13,4,33,1,6",140,26,[NULL]
0,"187,1,42",141,25,[NULL]
1,"260,1,22",141,25,[NULL]
2,"715,1,0",141,25,[NULL]
0,"0,1,627,1,1",142,24,[NULL]
1,"716,1,0",142,24,[NULL]
0,"23,1,231",143,23,[NULL]
1,"66,1,122",143,23,[NULL]
2,"18,1,380,1,0",143,23,[NULL]
3,"0,1,64,1,187,1,0",143,23,[NULL]
0,"357,1,10",144,22,[NULL]
1,"586,1,2",144,22,[NULL]
2,"69,1,185,1,0",144,22,[NULL]
3,"0,1,64,1,188,1,0",144,22,[NULL]
0,"1,1,209,1,29",145,21,[NULL]
1,"23,1,188,1,6",145,21,[NULL]
2,"3,1,627,1,0",145,21,[NULL]
3,"0,1,703,1,0",145,21,[NULL]
0,"23,1,189,1,6",146,20,[NULL]
1,"717,1,0",146,20,[NULL]
2,"0,1,706,1,0",146,20,[NULL]
0,"286,1,17",147,19,[NULL]
1,"302,1,14",147,19,[NULL]
2,"3,1,628,1,0",147,19,[NULL]
3,"0,2,693,1,0",147,19,[NULL]
0,517,148,18,[NULL]
1,"1,1,504",148,18,[NULL]
2,"287,1,17",148,18,[NULL]
3,"23,1,190,1,6",148,18,[NULL]
4,"1,1,692,1,0",148,18,[NULL]
5,"1,1,691,1,0",148,18,[NULL]
0,"287,1,18",149,17,[NULL]
1,"3,1,629,1,0",149,17,[NULL]
2,"0,1,707,1,0",149,17,[NULL]
0,518,150,16,[NULL]
1,"25,1,335,1,0",150,16,[NULL]
2,"3,1,630,1,0",150,16,[NULL]
0,520,151,15,[NULL]
1,519,151,15,[NULL]
2,"288,1,17",151,15,[NULL]
3,"67,1,190,1,0",151,15,[NULL]
4,"18,1,385,1,0",151,15,[NULL]
5,"0,1,709,1,0",151,15,[NULL]
0,521,152,14,[NULL]
1,"209,1,33",152,14,[NULL]
2,"288,1,18",152,14,[NULL]
3,"589,1,2",152,14,[NULL]
4,"718,1,0",152,14,[NULL]
5,"67,1,191,1,0",152,14,[NULL]
6,"27,1,324,1,0",152,14,[NULL]
0,522,153,13,[NULL]
1,"2,1,373,1,9",153,13,[NULL]
2,"18,1,314,1,1",153,13,[NULL]
3,"0,1,711,1,0",153,13,[NULL]
0,523,154,12,[NULL]
1,"13,1,330",154,12,[NULL]
2,"2,1,376,1,9",154,12,[NULL]
3,"445,1,6",154,12,[NULL]
4,"0,1,17,1,324,1,1",154,12,[NULL]
5,"0,1,712,1,0",154,12,[NULL]
6,"0,4,676,1,0",154,12,[NULL]
0,526,155,11,[NULL]
1,525,155,11,[NULL]
2,524,155,11,[NULL]
3,"17,1,271",155,11,[NULL]
4,"70,1,119",155,11,[NULL]
5,"445,1,7",155,11,[NULL]
6,"719,1,0",155,11,[NULL]
7,"0,2,7,1,546,1,0",155,11,[NULL]
0,527,156,10,[NULL]
1,"1,1,508",156,10,[NULL]
2,"1,1,507",156,10,[NULL]
3,"1,1,7,1,546,1,0",156,10,[NULL]
4,"0,2,696,1,0",156,10,[NULL]
0,528,157,9,[NULL]
1,"1,1,697,1,0",157,9,[NULL]
2,"0,2,698,1,0",157,9,[NULL]
3,"0,2,23,1,324,1,0",157,9,[NULL]
0,"1,1,509",158,8,[NULL]
1,"720,1,0",158,8,[NULL]
2,"7,2,398,1,0",158,8,[NULL]
3,"0,2,699,1,0",158,8,[NULL]
4,"0,6,18,1,324,1,0",158,8,[NULL]
0,"340,1,13",159,7,[NULL]
1,"13,1,324,1,3",159,7,[NULL]
2,"28,1,324,1,0",159,7,[NULL]
3,"0,1,18,1,378,1,0",159,7,[NULL]
0,"0,1,26,1,324,1,0",160,6,[NULL]
0,"0,2,324,1,13",161,5,[NULL]
0,"0,167,0",0,167,[NULL]
0,"0,160,1",4,163,[NULL]
0,"0,11,606,1,0",111,56,[NULL]
0,"0,2,701,1,0",114,53,[NULL]
0,"0,4,606,1,1",115,52,[NULL]
0,"217,1,29",120,47,[NULL]
0,"0,1,635,1,1",121,46,[NULL]
0,"0,1,636,1,1",122,45,[NULL]
0,"0,3,685,1,0",124,43,[NULL]
0,"0,2,17,1,403,1,0",125,42,[NULL]
0,"0,3,686,1,0",126,41,[NULL]
0,"722,1,0",127,40,[NULL]
1,"0,39,324,1,0",127,40,[NULL]
0,"724,1,0",130,37,[NULL]
0,"0,32,324,1,1",131,36,[NULL]
0,"725,1,0",133,34,[NULL]
0,"0,2,64,1,185,1,0",134,33,[NULL]
0,"642,1,1",140,27,[NULL]
1,"42,1,260,1,0",140,27,[NULL]
0,"598,1,2",141,26,[NULL]
0,"0,2,627,1,1",142,25,[NULL]
0,"5,1,411",143,24,[NULL]
1,"645,1,1",143,24,[NULL]
2,"644,1,1",143,24,[NULL]
3,"0,2,64,1,187,1,0",143,24,[NULL]
0,"13,2,32,1,64",144,23,[NULL]
1,"646,1,1",144,23,[NULL]
2,"1,1,64,1,187,1,0",144,23,[NULL]
3,"0,1,69,1,185,1,0",144,23,[NULL]
4,"0,2,64,1,188,1,0",144,23,[NULL]
0,"13,2,105,1,17",145,22,[NULL]
1,"13,3,75,1,6",145,22,[NULL]
2,"0,1,3,1,627,1,0",145,22,[NULL]
3,"0,2,703,1,0",145,22,[NULL]
0,"13,3,76,1,6",146,21,[NULL]
1,"0,1,717,1,0",146,21,[NULL]
2,"0,2,706,1,0",146,21,[NULL]
0,529,147,20,[NULL]
1,"728,1,0",147,20,[NULL]
2,"0,3,693,1,0",147,20,[NULL]
0,"0,1,517",148,19,[NULL]
0,531,149,18,[NULL]
1,530,149,18,[NULL]
2,"0,2,707,1,0",149,18,[NULL]
0,534,150,17,[NULL]
1,533,150,17,[NULL]
2,532,150,17,[NULL]
3,"604,1,2",150,17,[NULL]
4,"0,1,3,1,630,1,0",150,17,[NULL]
0,535,151,16,[NULL]
1,"0,1,519",151,16,[NULL]
2,"69,1,126",151,16,[NULL]
3,"212,1,33",151,16,[NULL]
4,"1,1,708,1,0",151,16,[NULL]
0,536,152,15,[NULL]
1,"17,1,277",152,15,[NULL]
2,"174,1,46",152,15,[NULL]
0,537,153,14,[NULL]
1,"0,1,522",153,14,[NULL]
2,"450,1,6",153,14,[NULL]
3,"0,1,18,1,314,1,1",153,14,[NULL]
0,538,154,13,[NULL]
1,"213,1,33",154,13,[NULL]
2,"311,1,14",154,13,[NULL]
3,"450,1,7",154,13,[NULL]
4,"0,2,17,1,324,1,1",154,13,[NULL]
5,"731,1,0",154,13,[NULL]
6,"730,1,0",154,13,[NULL]
7,"0,5,676,1,0",154,13,[NULL]
0,539,155,12,[NULL]
1,"314,1,14",155,12,[NULL]
2,"733,1,0",155,12,[NULL]
3,"732,1,0",155,12,[NULL]
4,"0,1,719,1,0",155,12,[NULL]
5,"0,3,7,1,546,1,0",155,12,[NULL]
0,"735,1,0",156,11,[NULL]
1,"734,1,0",156,11,[NULL]
2,"0,3,696,1,0",156,11,[NULL]
0,540,157,10,[NULL]
1,"352,1,13",157,10,[NULL]
2,"0,3,23,1,324,1,0",157,10,[NULL]
0,541,158,9,[NULL]
1,"0,1,7,2,398,1,0",158,9,[NULL]
2,"0,7,18,1,324,1,0",158,9,[NULL]
0,"7,1,508,1,1",159,8,[NULL]
0,"7,2,324,1,1",161,6,[NULL]
0,"18,1,324,1,1",162,5,[NULL]
0,"0,168,0",0,168,[NULL]
0,"0,161,1",4,164,[NULL]
0,"0,5,606,1,1",115,53,[NULL]
0,"736,1,0",119,49,[NULL]
0,"0,2,635,1,1",121,47,[NULL]
0,"0,2,636,1,1",122,46,[NULL]
0,"0,4,685,1,0",124,44,[NULL]
0,"0,3,17,1,403,1,0",125,43,[NULL]
0,"1,2,685,1,0",126,42,[NULL]
1,"0,4,686,1,0",126,42,[NULL]
0,"0,40,324,1,0",127,41,[NULL]
0,"0,33,324,1,1",131,37,[NULL]
0,"224,1,29",132,36,[NULL]
0,"0,1,725,1,0",133,35,[NULL]
0,542,135,33,[NULL]
0,"42,1,64,1,29",139,29,[NULL]
0,"0,1,642,1,1",140,28,[NULL]
0,"654,1,1",141,27,[NULL]
0,"380,1,11",142,26,[NULL]
1,"13,1,248,1,6",142,26,[NULL]
2,"0,3,627,1,1",142,26,[NULL]
3,"1,1,715,1,0",142,26,[NULL]
0,"13,2,150,1,6",143,25,[NULL]
1,"0,1,645,1,1",143,25,[NULL]
2,"0,1,644,1,1",143,25,[NULL]
3,"0,3,64,1,187,1,0",143,25,[NULL]
0,"0,1,646,1,1",144,24,[NULL]
1,"0,3,64,1,188,1,0",144,24,[NULL]
0,"0,3,703,1,0",145,23,[NULL]
0,"64,1,201,1,0",146,22,[NULL]
1,"0,2,717,1,0",146,22,[NULL]
2,"0,3,706,1,0",146,22,[NULL]
0,"608,1,2",147,21,[NULL]
0,543,148,20,[NULL]
1,"609,1,2",148,20,[NULL]
0,"156,1,55",149,19,[NULL]
1,"610,1,2",149,19,[NULL]
2,"43,1,266,1,0",149,19,[NULL]
3,"0,3,707,1,0",149,19,[NULL]
0,"294,1,17",150,18,[NULL]
1,"385,1,11",150,18,[NULL]
2,"0,1,604,1,2",150,18,[NULL]
3,"43,1,267,1,0",150,18,[NULL]
0,545,151,17,[NULL]
1,544,151,17,[NULL]
2,"13,1,181,1,17",151,17,[NULL]
3,"67,2,14",151,17,[NULL]
4,"613,1,2",151,17,[NULL]
5,"3,1,648,1,0",151,17,[NULL]
0,547,152,16,[NULL]
1,546,152,16,[NULL]
2,"314,1,15",152,16,[NULL]
3,"67,1,68,1,14",152,16,[NULL]
4,"3,1,650,1,0",152,16,[NULL]
5,"1,1,18,1,385,1,0",152,16,[NULL]
0,548,153,15,[NULL]
1,"741,1,0",153,15,[NULL]
2,"740,1,0",153,15,[NULL]
3,"67,1,197,1,0",153,15,[NULL]
4,"1,1,27,1,324,1,0",153,15,[NULL]
0,"742,1,0",154,14,[NULL]
1,"30,1,324,1,0",154,14,[NULL]
2,"0,1,731,1,0",154,14,[NULL]
3,"0,1,730,1,0",154,14,[NULL]
4,"0,6,676,1,0",154,14,[NULL]
0,550,155,13,[NULL]
1,549,155,13,[NULL]
2,"0,1,733,1,0",155,13,[NULL]
3,"0,1,732,1,0",155,13,[NULL]
4,"0,2,719,1,0",155,13,[NULL]
0,"393,1,11",156,12,[NULL]
1,"3,1,544,1,2",156,12,[NULL]
2,"1,1,719,1,0",156,12,[NULL]
3,"0,1,734,1,0",156,12,[NULL]
4,"0,4,696,1,0",156,12,[NULL]
0,"69,1,130",157,11,[NULL]
1,"396,1,11",157,11,[NULL]
2,"745,1,0",157,11,[NULL]
3,"744,1,0",157,11,[NULL]
4,"743,1,0",157,11,[NULL]
5,"0,4,23,1,324,1,0",157,11,[NULL]
0,551,158,10,[NULL]
1,"367,1,13",158,10,[NULL]
2,"746,1,0",158,10,[NULL]
3,"0,8,18,1,324,1,0",158,10,[NULL]
0,552,159,9,[NULL]
0,553,160,8,[NULL]
0,"748,1,0",161,7,[NULL]
1,"747,1,0",161,7,[NULL]
0,"7,2,271",162,6,[NULL]
1,"0,1,18,1,324,1,1",162,6,[NULL]
2,"749,1,0",162,6,[NULL]
0,"18,1,271",163,5,[NULL]
1,"750,1,0",163,5,[NULL]
0,"324,1,14",164,4,[NULL]
1,"751,1,0",164,4,[NULL]
0,"3,1,18,1,324,1,0",165,3,[NULL]
0,"0,169,0",0,169,[NULL]
0,"0,162,1",4,165,[NULL]
0,"0,6,606,1,1",115,54,[NULL]
0,"276,1,22",121,48,[NULL]
1,"0,3,635,1,1",121,48,[NULL]
0,"0,3,636,1,1",122,47,[NULL]
0,"0,5,685,1,0",124,45,[NULL]
0,"0,4,17,1,403,1,0",125,44,[NULL]
0,"0,5,686,1,0",126,43,[NULL]
0,"0,41,324,1,0",127,42,[NULL]
0,554,130,39,[NULL]
0,"452,1,8",131,38,[NULL]
1,"0,34,324,1,1",131,38,[NULL]
0,"403,1,11",132,37,[NULL]
0,"0,2,725,1,0",133,36,[NULL]
0,"752,1,0",134,35,[NULL]
1,"1,1,725,1,0",134,35,[NULL]
0,"5,1,64,1,149,1,0",138,31,[NULL]
0,"0,2,642,1,1",140,29,[NULL]
0,"0,1,654,1,1",141,28,[NULL]
1,"1,1,42,1,260,1,0",141,28,[NULL]
0,"0,4,627,1,1",142,27,[NULL]
0,"13,3,51,1,17",143,26,[NULL]
1,"0,2,644,1,1",143,26,[NULL]
2,"753,1,0",143,26,[NULL]
3,"0,4,64,1,187,1,0",143,26,[NULL]
0,"13,3,80,1,6",144,25,[NULL]
1,"0,2,646,1,1",144,25,[NULL]
2,"0,4,64,1,188,1,0",144,25,[NULL]
0,"1,2,64,1,187,1,0",145,24,[NULL]
1,"0,4,703,1,0",145,24,[NULL]
0,"23,1,250",147,22,[NULL]
0,"303,1,17",148,21,[NULL]
1,"472,1,6",148,21,[NULL]
2,"754,1,0",148,21,[NULL]
0,"302,1,18",149,20,[NULL]
1,"13,1,188,1,17",149,20,[NULL]
2,"473,1,6",149,20,[NULL]
0,556,150,19,[NULL]
1,555,150,19,[NULL]
2,"13,1,189,1,17",150,19,[NULL]
3,"0,1,43,1,267,1,0",150,19,[NULL]
0,"0,1,545",151,18,[NULL]
1,"1,1,533",151,18,[NULL]
2,"23,1,254",151,18,[NULL]
3,"209,1,38",151,18,[NULL]
4,"604,1,3",151,18,[NULL]
5,"0,1,3,1,648,1,0",151,18,[NULL]
0,"0,1,546",152,17,[NULL]
1,"13,1,190,1,17",152,17,[NULL]
2,"474,1,6",152,17,[NULL]
3,"671,1,1",152,17,[NULL]
0,"476,1,6",153,16,[NULL]
1,"0,1,741,1,0",153,16,[NULL]
2,"0,1,67,1,197,1,0",153,16,[NULL]
0,560,154,15,[NULL]
1,559,154,15,[NULL]
2,558,154,15,[NULL]
3,557,154,15,[NULL]
4,"76,1,189,1,0",154,15,[NULL]
5,"0,1,30,1,324,1,0",154,15,[NULL]
6,"0,7,676,1,0",154,15,[NULL]
0,"0,1,550",155,14,[NULL]
1,"0,1,549",155,14,[NULL]
2,"412,1,11",155,14,[NULL]
3,"0,2,732,1,0",155,14,[NULL]
4,"0,3,719,1,0",155,14,[NULL]
0,561,156,13,[NULL]
1,"76,1,190,1,0",156,13,[NULL]
2,"1,1,732,1,0",156,13,[NULL]
0,562,157,12,[NULL]
1,"333,1,14",157,12,[NULL]
2,"0,1,743,1,0",157,12,[NULL]
0,564,158,11,[NULL]
1,563,158,11,[NULL]
2,"676,1,1",158,11,[NULL]
3,"755,1,0",158,11,[NULL]
4,"3,1,18,1,333,1,0",158,11,[NULL]
5,"0,9,18,1,324,1,0",158,11,[NULL]
0,565,159,10,[NULL]
1,"323,1,16",159,10,[NULL]
2,"375,1,13",159,10,[NULL]
3,"757,1,0",159,10,[NULL]
4,"756,1,0",159,10,[NULL]
5,"3,1,659,1,0",159,10,[NULL]
0,"0,1,553",160,9,[NULL]
1,"18,1,278",160,9,[NULL]
2,"18,1,277",160,9,[NULL]
0,"324,1,15",161,8,[NULL]
1,"0,1,747,1,0",161,8,[NULL]
0,"378,1,13",162,7,[NULL]
1,"0,2,18,1,324,1,1",162,7,[NULL]
2,"0,1,749,1,0",162,7,[NULL]
0,"7,2,279",163,6,[NULL]
1,"0,1,18,1,271",163,6,[NULL]
2,"0,1,750,1,0",163,6,[NULL]
0,"18,1,279",164,5,[NULL]
1,"0,1,324,1,14",164,5,[NULL]
2,"0,1,751,1,0",164,5,[NULL]
0,"324,1,16",165,4,[NULL]
1,"0,1,3,1,18,1,324,1,0",165,4,[NULL]
0,"0,170,0",0,170,[NULL]
0,"0,163,1",4,166,[NULL]
0,"758,1,0",113,57,[NULL]
0,"0,7,606,1,1",115,55,[NULL]
0,"1,1,736,1,0",120,50,[NULL]
0,"0,4,635,1,1",121,49,[NULL]
0,"0,4,636,1,1",122,48,[NULL]
0,"0,6,685,1,0",124,46,[NULL]
0,"0,6,686,1,0",126,44,[NULL]
0,"0,42,324,1,0",127,43,[NULL]
0,566,129,41,[NULL]
0,"0,1,554",130,40,[NULL]
0,"0,35,324,1,1",131,39,[NULL]
1,"17,1,452,1,0",131,39,[NULL]
0,"17,1,225,1,8",132,38,[NULL]
0,"1,1,224,1,29",133,37,[NULL]
1,"0,3,725,1,0",133,37,[NULL]
0,"0,1,752,1,0",134,36,[NULL]
0,"759,1,0",136,34,[NULL]
0,"0,3,642,1,1",140,30,[NULL]
1,"64,1,206,1,0",140,30,[NULL]
0,"17,1,454,1,0",142,28,[NULL]
0,"42,1,278,1,0",143,27,[NULL]
1,"0,1,753,1,0",143,27,[NULL]
2,"0,5,64,1,187,1,0",143,27,[NULL]
0,"0,5,64,1,188,1,0",144,26,[NULL]
0,"13,1,358",145,25,[NULL]
0,567,146,24,[NULL]
1,"13,3,83,1,6",146,24,[NULL]
0,569,149,21,[NULL]
1,568,149,21,[NULL]
2,"13,1,23,1,75,1,17",149,21,[NULL]
3,"627,1,2",149,21,[NULL]
0,"0,1,555",150,20,[NULL]
1,"17,1,304",150,20,[NULL]
2,"472,1,9",150,20,[NULL]
3,"64,1,209,1,0",150,20,[NULL]
4,"0,2,43,1,267,1,0",150,20,[NULL]
0,"0,2,545",151,19,[NULL]
1,"475,1,8",151,19,[NULL]
2,"628,1,2",151,19,[NULL]
3,"760,1,0",151,19,[NULL]
0,"188,1,46",152,18,[NULL]
1,"417,1,10",152,18,[NULL]
2,"0,1,671,1,1",152,18,[NULL]
0,"1,1,546",153,17,[NULL]
1,"189,1,46",153,17,[NULL]
2,"629,1,2",153,17,[NULL]
3,"762,1,0",153,17,[NULL]
4,"0,2,741,1,0",153,17,[NULL]
0,"213,1,39",154,16,[NULL]
1,"630,1,2",154,16,[NULL]
2,"763,1,0",154,16,[NULL]
3,"3,1,669,1,0",154,16,[NULL]
4,"0,2,30,1,324,1,0",154,16,[NULL]
5,"0,8,676,1,0",154,16,[NULL]
0,570,155,15,[NULL]
1,"335,1,14",155,15,[NULL]
2,"765,1,0",155,15,[NULL]
3,"764,1,0",155,15,[NULL]
4,"0,3,732,1,0",155,15,[NULL]
0,571,156,14,[NULL]
1,"1,1,549",156,14,[NULL]
2,"336,1,14",156,14,[NULL]
3,"485,1,7",156,14,[NULL]
4,"767,1,0",156,14,[NULL]
5,"67,1,203,1,0",156,14,[NULL]
0,575,157,13,[NULL]
1,574,157,13,[NULL]
2,573,157,13,[NULL]
3,572,157,13,[NULL]
4,"0,1,333,1,14",157,13,[NULL]
5,"768,1,0",157,13,[NULL]
6,"68,1,203,1,0",157,13,[NULL]
7,"3,1,673,1,0",157,13,[NULL]
8,"0,2,743,1,0",157,13,[NULL]
0,576,158,12,[NULL]
1,"0,1,563",158,12,[NULL]
2,"2,1,524",158,12,[NULL]
3,"270,1,26",158,12,[NULL]
4,"0,1,676,1,1",158,12,[NULL]
5,"769,1,0",158,12,[NULL]
6,"3,1,674,1,0",158,12,[NULL]
7,"0,1,755,1,0",158,12,[NULL]
8,"0,10,18,1,324,1,0",158,12,[NULL]
0,"0,1,375,1,13",159,11,[NULL]
1,"770,1,0",159,11,[NULL]
2,"0,1,757,1,0",159,11,[NULL]
3,"0,1,756,1,0",159,11,[NULL]
4,"0,1,3,1,659,1,0",159,11,[NULL]
0,"0,1,18,1,277",160,10,[NULL]
1,"772,1,0",160,10,[NULL]
2,"771,1,0",160,10,[NULL]
0,"163,1,55",161,9,[NULL]
1,"396,1,13",161,9,[NULL]
2,"17,1,324,1,2",161,9,[NULL]
3,"774,1,0",161,9,[NULL]
4,"0,2,747,1,0",161,9,[NULL]
0,577,162,8,[NULL]
1,"398,1,13",162,8,[NULL]
2,"0,3,18,1,324,1,1",162,8,[NULL]
3,"776,1,0",162,8,[NULL]
4,"1,1,747,1,0",162,8,[NULL]
5,"0,2,749,1,0",162,8,[NULL]
0,"400,1,13",163,7,[NULL]
1,"18,1,446,1,0",163,7,[NULL]
2,"1,1,749,1,0",163,7,[NULL]
3,"0,2,750,1,0",163,7,[NULL]
0,"1,1,18,1,271",164,6,[NULL]
1,"34,1,324,1,0",164,6,[NULL]
2,"1,1,750,1,0",164,6,[NULL]
3,"0,2,751,1,0",164,6,[NULL]
0,"35,1,324,1,0",165,5,[NULL]
1,"1,1,751,1,0",165,5,[NULL]
2,"0,2,3,1,18,1,324,1,0",165,5,[NULL]
0,"0,171,0",0,171,[NULL]
0,"0,164,1",4,167,[NULL]
0,"0,8,606,1,1",115,56,[NULL]
0,"17,1,470,1,0",121,50,[NULL]
0,"777,1,0",122,49,[NULL]
0,"0,7,686,1,0",126,45,[NULL]
0,"0,43,324,1,0",127,44,[NULL]
0,"685,1,1",128,43,[NULL]
0,"636,1,2",129,42,[NULL]
0,"686,1,1",130,41,[NULL]
0,"0,36,324,1,1",131,40,[NULL]
1,"0,1,17,1,452,1,0",131,40,[NULL]
0,"59,1,224,1,0",132,39,[NULL]
1,"17,2,225,1,0",132,39,[NULL]
0,"0,4,725,1,0",133,38,[NULL]
0,"0,2,752,1,0",134,37,[NULL]
0,"1,2,725,1,0",135,36,[NULL]
0,"1,1,5,1,64,1,149,1,0",139,32,[NULL]
0,578,141,30,[NULL]
0,"0,1,17,1,454,1,0",142,29,[NULL]
0,"0,6,64,1,187,1,0",143,28,[NULL]
0,"13,1,194,1,17",146,25,[NULL]
0,"23,1,150,1,17",147,24,[NULL]
0,"209,1,42",148,23,[NULL]
1,"215,1,38",148,23,[NULL]
2,"779,1,0",148,23,[NULL]
0,"0,1,627,1,2",149,22,[NULL]
0,"0,2,555",150,21,[NULL]
1,"23,1,262",150,21,[NULL]
2,"0,1,64,1,209,1,0",150,21,[NULL]
0,579,151,20,[NULL]
1,"13,1,261,1,6",151,20,[NULL]
2,"0,1,628,1,2",151,20,[NULL]
3,"693,1,1",151,20,[NULL]
4,"0,1,760,1,0",151,20,[NULL]
0,"2,1,530",152,19,[NULL]
1,"239,1,29",152,19,[NULL]
2,"13,1,262,1,6",152,19,[NULL]
3,"0,2,671,1,1",152,19,[NULL]
4,"780,1,0",152,19,[NULL]
0,"618,1,3",153,18,[NULL]
1,"43,1,285,1,0",153,18,[NULL]
2,"0,1,762,1,0",153,18,[NULL]
0,"0,1,763,1,0",154,17,[NULL]
1,"0,9,676,1,0",154,17,[NULL]
0,580,155,16,[NULL]
1,"0,1,335,1,14",155,16,[NULL]
2,"781,1,0",155,16,[NULL]
3,"1,1,76,1,189,1,0",155,16,[NULL]
4,"0,1,764,1,0",155,16,[NULL]
0,"0,1,571",156,15,[NULL]
1,"484,1,9",156,15,[NULL]
2,"3,1,680,1,0",156,15,[NULL]
3,"0,1,67,1,203,1,0",156,15,[NULL]
0,"485,1,9",157,14,[NULL]
1,"74,1,197,1,0",157,14,[NULL]
2,"0,1,68,1,203,1,0",157,14,[NULL]
3,"0,1,3,1,673,1,0",157,14,[NULL]
4,"0,3,743,1,0",157,14,[NULL]
0,581,158,13,[NULL]
1,"0,1,576",158,13,[NULL]
2,"18,1,299",158,13,[NULL]
3,"67,1,69,1,17",158,13,[NULL]
4,"0,2,676,1,1",158,13,[NULL]
5,"0,1,769,1,0",158,13,[NULL]
6,"0,1,3,1,674,1,0",158,13,[NULL]
7,"0,2,755,1,0",158,13,[NULL]
8,"0,11,18,1,324,1,0",158,13,[NULL]
0,584,159,12,[NULL]
1,583,159,12,[NULL]
2,582,159,12,[NULL]
3,"68,1,69,1,17",159,12,[NULL]
4,"5,1,324,1,8",159,12,[NULL]
5,"7,1,546,1,1",159,12,[NULL]
0,"352,1,14",160,11,[NULL]
1,"696,1,1",160,11,[NULL]
0,"23,1,324,1,1",161,10,[NULL]
1,"3,1,18,1,352,1,0",161,10,[NULL]
2,"0,3,747,1,0",161,10,[NULL]
0,"0,1,577",162,9,[NULL]
1,"0,4,18,1,324,1,1",162,9,[NULL]
2,"782,1,0",162,9,[NULL]
3,"0,3,749,1,0",162,9,[NULL]
0,586,163,8,[NULL]
1,585,163,8,[NULL]
2,"0,1,18,1,446,1,0",163,8,[NULL]
0,"69,2,17",164,7,[NULL]
1,"0,1,34,1,324,1,0",164,7,[NULL]
2,"0,3,751,1,0",164,7,[NULL]
0,"1,1,18,1,279",165,6,[NULL]
1,"69,2,18",165,6,[NULL]
2,"324,1,17",165,6,[NULL]
3,"0,3,3,1,18,1,324,1,0",165,6,[NULL]
0,"324,1,18",166,5,[NULL]
1,"1,1,324,1,16",166,5,[NULL]
0,"0,172,0",0,172,[NULL]
0,"0,165,1",4,168,[NULL]
0,"1,1,758,1,0",114,58,[NULL]
0,"783,1,0",115,57,[NULL]
0,"0,1,17,1,470,1,0",121,51,[NULL]
0,"0,8,686,1,0",126,46,[NULL]
0,"217,1,38",127,45,[NULL]
1,"0,44,324,1,0",127,45,[NULL]
0,"0,1,685,1,1",128,44,[NULL]
0,"17,1,403,1,1",129,43,[NULL]
0,"0,1,686,1,1",130,42,[NULL]
0,"0,37,324,1,1",131,41,[NULL]
1,"0,2,17,1,452,1,0",131,41,[NULL]
0,"0,1,17,2,225,1,0",132,40,[NULL]
0,"0,5,725,1,0",133,39,[NULL]
0,"488,1,8",134,38,[NULL]
1,"0,3,752,1,0",134,38,[NULL]
0,"491,1,8",140,32,[NULL]
0,"0,1,578",141,31,[NULL]
0,587,143,29,[NULL]
0,"13,6,6",144,28,[NULL]
0,"13,3,23,1,24,1,6",145,27,[NULL]
0,"64,1,187,1,1",147,25,[NULL]
1,"5,1,627,1,0",147,25,[NULL]
0,"64,1,188,1,1",148,24,[NULL]
0,"13,1,266,1,6",149,23,[NULL]
1,"703,1,1",149,23,[NULL]
0,588,150,22,[NULL]
1,"293,1,22",150,22,[NULL]
2,"13,1,267,1,6",150,22,[NULL]
3,"644,1,2",150,22,[NULL]
4,"706,1,1",150,22,[NULL]
5,"785,1,0",150,22,[NULL]
6,"0,2,64,1,209,1,0",150,22,[NULL]
0,"188,1,49",151,21,[NULL]
1,"13,1,268,1,6",151,21,[NULL]
2,"646,1,2",151,21,[NULL]
3,"0,1,693,1,1",151,21,[NULL]
4,"1,1,64,1,209,1,0",151,21,[NULL]
5,"0,2,760,1,0",151,21,[NULL]
0,"328,1,17",152,20,[NULL]
1,"628,1,3",152,20,[NULL]
2,"0,1,780,1,0",152,20,[NULL]
0,"328,1,18",153,19,[NULL]
1,"359,1,14",153,19,[NULL]
2,"23,1,213,1,6",153,19,[NULL]
3,"0,2,762,1,0",153,19,[NULL]
0,"66,1,141",154,18,[NULL]
1,"169,1,55",154,18,[NULL]
2,"786,1,0",154,18,[NULL]
3,"3,1,691,1,0",154,18,[NULL]
4,"0,2,763,1,0",154,18,[NULL]
0,"170,1,55",155,17,[NULL]
1,"630,1,3",155,17,[NULL]
2,"648,1,2",155,17,[NULL]
3,"0,2,764,1,0",155,17,[NULL]
0,"2,1,548",156,16,[NULL]
1,"67,1,140",156,16,[NULL]
2,"331,1,17",156,16,[NULL]
3,"650,1,2",156,16,[NULL]
4,"1,1,764,1,0",156,16,[NULL]
0,"1,1,571",157,15,[NULL]
1,"68,1,140",157,15,[NULL]
2,"332,1,17",157,15,[NULL]
3,"363,1,14",157,15,[NULL]
4,"0,1,74,1,197,1,0",157,15,[NULL]
5,"0,4,743,1,0",157,15,[NULL]
0,589,158,14,[NULL]
1,"68,1,141",158,14,[NULL]
2,"332,1,18",158,14,[NULL]
3,"333,1,17",158,14,[NULL]
4,"365,1,14",158,14,[NULL]
5,"0,3,676,1,1",158,14,[NULL]
6,"70,1,209,1,0",158,14,[NULL]
7,"0,12,18,1,324,1,0",158,14,[NULL]
0,"0,1,583",159,13,[NULL]
1,"0,1,582",159,13,[NULL]
2,"17,1,333",159,13,[NULL]
3,"652,1,2",159,13,[NULL]
4,"787,1,0",159,13,[NULL]
0,"0,1,352,1,14",160,12,[NULL]
1,"504,1,7",160,12,[NULL]
2,"0,1,696,1,1",160,12,[NULL]
3,"788,1,0",160,12,[NULL]
0,591,161,11,[NULL]
1,590,161,11,[NULL]
2,"367,1,14",161,11,[NULL]
3,"0,1,23,1,324,1,1",161,11,[NULL]
4,"790,1,0",161,11,[NULL]
5,"789,1,0",161,11,[NULL]
0,592,162,10,[NULL]
1,"69,1,140",162,10,[NULL]
2,"0,5,18,1,324,1,1",162,10,[NULL]
3,"793,1,0",162,10,[NULL]
4,"792,1,0",162,10,[NULL]
5,"791,1,0",162,10,[NULL]
0,"0,1,585",163,9,[NULL]
1,"69,1,141",163,9,[NULL]
2,"163,1,61",163,9,[NULL]
3,"368,1,14",163,9,[NULL]
4,"3,1,696,1,0",163,9,[NULL]
5,"0,2,18,1,446,1,0",163,9,[NULL]
0,"7,2,310",164,8,[NULL]
1,"506,1,7",164,8,[NULL]
2,"794,1,0",164,8,[NULL]
3,"0,2,34,1,324,1,0",164,8,[NULL]
0,593,165,7,[NULL]
1,"18,1,311",165,7,[NULL]
2,"36,1,324,1,0",165,7,[NULL]
3,"3,1,699,1,0",165,7,[NULL]
0,594,166,6,[NULL]
1,"2,1,18,1,271",166,6,[NULL]
2,"1,1,35,1,324,1,0",166,6,[NULL]
0,"37,1,324,1,0",167,5,[NULL]
0,595,168,4,[NULL]
1,"38,1,324,1,0",168,4,[NULL]
0,"18,1,324,1,2",169,3,[NULL]
0,"0,173,0",0,173,[NULL]
0,"0,166,1",4,169,[NULL]
0,"0,1,783,1,0",115,58,[NULL]
0,596,119,54,[NULL]
0,"5,1,635,1,0",126,47,[NULL]
1,"0,9,686,1,0",126,47,[NULL]
0,"0,45,324,1,0",127,46,[NULL]
0,"0,2,685,1,1",128,45,[NULL]
0,"0,1,17,1,403,1,1",129,44,[NULL]
0,"0,2,686,1,1",130,43,[NULL]
0,"0,38,324,1,1",131,42,[NULL]
1,"0,3,17,1,452,1,0",131,42,[NULL]
0,"0,2,17,2,225,1,0",132,41,[NULL]
0,"1,1,59,1,224,1,0",133,40,[NULL]
1,"0,6,725,1,0",133,40,[NULL]
0,597,138,35,[NULL]
0,"244,1,29",139,34,[NULL]
0,"17,1,491,1,0",140,33,[NULL]
0,"245,1,29",141,32,[NULL]
0,"246,1,29",142,31,[NULL]
1,"796,1,0",142,31,[NULL]
2,"795,1,0",142,31,[NULL]
0,"64,2,22",146,27,[NULL]
0,"0,1,64,1,187,1,1",147,26,[NULL]
0,"0,1,64,1,188,1,1",148,25,[NULL]
0,598,149,24,[NULL]
1,"13,4,64",149,24,[NULL]
2,"0,1,703,1,1",149,24,[NULL]
3,"797,1,0",149,24,[NULL]
4,"1,1,779,1,0",149,24,[NULL]
0,600,150,23,[NULL]
1,599,150,23,[NULL]
2,"13,1,23,1,83,1,17",150,23,[NULL]
3,"13,3,95,1,6",150,23,[NULL]
4,"717,1,1",150,23,[NULL]
5,"0,1,706,1,1",150,23,[NULL]
6,"0,3,64,1,209,1,0",150,23,[NULL]
0,"13,2,164,1,6",151,22,[NULL]
1,"0,1,646,1,2",151,22,[NULL]
2,"0,2,693,1,1",151,22,[NULL]
3,"0,3,760,1,0",151,22,[NULL]
0,"1,1,579",152,21,[NULL]
1,"0,2,780,1,0",152,21,[NULL]
0,"18,1,314",153,20,[NULL]
1,"0,1,359,1,14",153,20,[NULL]
2,"72,1,209,1,0",153,20,[NULL]
3,"0,3,762,1,0",153,20,[NULL]
0,601,154,19,[NULL]
1,"656,1,2",154,19,[NULL]
0,603,155,18,[NULL]
1,602,155,18,[NULL]
0,605,156,17,[NULL]
1,604,156,17,[NULL]
2,"335,1,17",156,17,[NULL]
3,"0,1,650,1,2",156,17,[NULL]
4,"3,1,707,1,0",156,17,[NULL]
0,606,157,16,[NULL]
1,"2,1,558",157,16,[NULL]
2,"5,1,469",157,16,[NULL]
3,"335,1,18",157,16,[NULL]
4,"0,1,363,1,14",157,16,[NULL]
5,"0,5,743,1,0",157,16,[NULL]
0,608,158,15,[NULL]
1,607,158,15,[NULL]
2,"450,1,10",158,15,[NULL]
3,"0,4,676,1,1",158,15,[NULL]
4,"799,1,0",158,15,[NULL]
5,"3,1,709,1,0",158,15,[NULL]
6,"0,13,18,1,324,1,0",158,15,[NULL]
0,610,159,14,[NULL]
1,609,159,14,[NULL]
2,"314,1,21",159,14,[NULL]
3,"338,1,17",159,14,[NULL]
4,"800,1,0",159,14,[NULL]
5,"18,1,475,1,0",159,14,[NULL]
6,"0,1,787,1,0",159,14,[NULL]
0,611,160,13,[NULL]
1,"70,1,140",160,13,[NULL]
2,"174,1,55",160,13,[NULL]
3,"239,1,33",160,13,[NULL]
4,"801,1,0",160,13,[NULL]
5,"39,1,324,1,0",160,13,[NULL]
6,"0,1,788,1,0",160,13,[NULL]
0,612,161,12,[NULL]
1,"0,1,591",161,12,[NULL]
2,"0,1,590",161,12,[NULL]
3,"40,1,324,1,0",161,12,[NULL]
4,"3,1,712,1,0",161,12,[NULL]
5,"0,1,790,1,0",161,12,[NULL]
6,"0,1,789,1,0",161,12,[NULL]
0,613,162,11,[NULL]
1,"0,1,592",162,11,[NULL]
2,"376,1,14",162,11,[NULL]
3,"18,1,333,1,2",162,11,[NULL]
4,"0,6,18,1,324,1,1",162,11,[NULL]
5,"0,1,793,1,0",162,11,[NULL]
6,"0,1,791,1,0",162,11,[NULL]
0,616,163,10,[NULL]
1,615,163,10,[NULL]
2,614,163,10,[NULL]
3,"340,1,17",163,10,[NULL]
4,"659,1,2",163,10,[NULL]
5,"0,3,18,1,446,1,0",163,10,[NULL]
0,"7,1,447",164,9,[NULL]
1,"802,1,0",164,9,[NULL]
2,"0,3,34,1,324,1,0",164,9,[NULL]
0,"163,1,67",165,8,[NULL]
1,"378,1,14",165,8,[NULL]
2,"506,1,9",165,8,[NULL]
0,"0,1,594",166,7,[NULL]
1,"7,2,320",166,7,[NULL]
2,"18,1,319",166,7,[NULL]
3,"1,1,69,2,18",166,7,[NULL]
4,"3,1,18,1,378,1,0",166,7,[NULL]
0,"2,1,18,1,279",167,6,[NULL]
1,"1,1,324,1,18",167,6,[NULL]
2,"660,1,2",167,6,[NULL]
3,"0,1,37,1,324,1,0",167,6,[NULL]
0,"0,1,595",168,5,[NULL]
1,"0,1,38,1,324,1,0",168,5,[NULL]
0,"0,1,18,1,324,1,2",169,4,[NULL]
0,"0,174,0",0,174,[NULL]
0,"0,167,1",4,170,[NULL]
0,"0,2,783,1,0",115,59,[NULL]
0,"804,1,0",119,55,[NULL]
0,"0,10,686,1,0",126,48,[NULL]
0,"0,46,324,1,0",127,47,[NULL]
0,"0,3,685,1,1",128,46,[NULL]
1,"805,1,0",128,46,[NULL]
0,"806,1,0",129,45,[NULL]
0,"0,3,686,1,1",130,44,[NULL]
0,"0,39,324,1,1",131,43,[NULL]
1,"0,4,17,1,452,1,0",131,43,[NULL]
0,"0,3,17,2,225,1,0",132,42,[NULL]
0,"725,1,1",137,37,[NULL]
0,"50,1,191",138,36,[NULL]
1,"64,1,224,1,0",138,36,[NULL]
0,"64,1,225,1,0",139,35,[NULL]
0,"0,1,17,1,491,1,0",140,34,[NULL]
0,"809,1,0",141,33,[NULL]
1,"808,1,0",141,33,[NULL]
2,"807,1,0",141,33,[NULL]
0,"0,1,795,1,0",142,32,[NULL]
0,"14,1,375",144,30,[NULL]
0,"5,1,642,1,0",145,29,[NULL]
0,"13,2,167,1,6",147,27,[NULL]
1,"0,2,64,1,187,1,1",147,27,[NULL]
0,"13,2,168,1,6",148,26,[NULL]
1,"0,2,64,1,188,1,1",148,26,[NULL]
2,"1,1,5,1,627,1,0",148,26,[NULL]
0,"0,1,797,1,0",149,25,[NULL]
0,"0,1,717,1,1",150,24,[NULL]
1,"812,1,0",150,24,[NULL]
2,"811,1,0",150,24,[NULL]
3,"0,4,64,1,209,1,0",150,24,[NULL]
0,617,151,23,[NULL]
1,"813,1,0",151,23,[NULL]
2,"1,1,785,1,0",151,23,[NULL]
3,"0,4,760,1,0",151,23,[NULL]
0,618,152,22,[NULL]
1,"1,2,64,1,209,1,0",152,22,[NULL]
2,"0,3,780,1,0",152,22,[NULL]
0,"13,1,396",153,21,[NULL]
0,"176,1,55",155,19,[NULL]
1,"13,1,209,1,17",155,19,[NULL]
0,"3,1,287,1,18",156,18,[NULL]
1,"67,1,75,1,17",156,18,[NULL]
2,"0,1,3,1,707,1,0",156,18,[NULL]
0,619,157,17,[NULL]
1,"177,1,55",157,17,[NULL]
2,"1,2,764,1,0",157,17,[NULL]
3,"0,6,743,1,0",157,17,[NULL]
0,620,158,16,[NULL]
1,"28,1,269",158,16,[NULL]
2,"669,1,2",158,16,[NULL]
3,"0,5,676,1,1",158,16,[NULL]
4,"0,1,799,1,0",158,16,[NULL]
5,"0,14,18,1,324,1,0",158,16,[NULL]
0,622,159,15,[NULL]
1,621,159,15,[NULL]
2,"0,1,609",159,15,[NULL]
3,"179,1,55",159,15,[NULL]
4,"732,1,1",159,15,[NULL]
5,"0,2,787,1,0",159,15,[NULL]
0,"0,1,611",160,14,[NULL]
1,"386,1,14",160,14,[NULL]
2,"814,1,0",160,14,[NULL]
3,"0,1,801,1,0",160,14,[NULL]
0,623,161,13,[NULL]
1,"0,2,591",161,13,[NULL]
2,"352,1,17",161,13,[NULL]
3,"673,1,2",161,13,[NULL]
4,"815,1,0",161,13,[NULL]
5,"0,1,40,1,324,1,0",161,13,[NULL]
6,"0,1,3,1,712,1,0",161,13,[NULL]
0,"0,2,592",162,12,[NULL]
1,"1,1,590",162,12,[NULL]
2,"69,1,75,1,17",162,12,[NULL]
3,"390,1,14",162,12,[NULL]
4,"674,1,2",162,12,[NULL]
5,"0,7,18,1,324,1,1",162,12,[NULL]
6,"817,1,0",162,12,[NULL]
7,"3,1,719,1,0",162,12,[NULL]
8,"0,2,793,1,0",162,12,[NULL]
0,624,163,11,[NULL]
1,"1,1,592",163,11,[NULL]
2,"69,1,144",163,11,[NULL]
3,"394,1,14",163,11,[NULL]
4,"392,1,14",163,11,[NULL]
5,"7,1,632,1,0",163,11,[NULL]
0,"69,1,76,1,18",164,10,[NULL]
1,"397,1,14",164,10,[NULL]
2,"396,1,14",164,10,[NULL]
3,"818,1,0",164,10,[NULL]
4,"7,1,633,1,0",164,10,[NULL]
0,625,165,9,[NULL]
1,"18,1,330",165,9,[NULL]
2,"69,1,145",165,9,[NULL]
3,"399,1,14",165,9,[NULL]
4,"398,1,14",165,9,[NULL]
5,"676,1,2",165,9,[NULL]
6,"3,1,720,1,0",165,9,[NULL]
0,626,166,8,[NULL]
1,"163,1,71",166,8,[NULL]
2,"324,1,19",166,8,[NULL]
3,"400,1,14",166,8,[NULL]
4,"446,1,13",166,8,[NULL]
5,"527,1,6",166,8,[NULL]
6,"819,1,0",166,8,[NULL]
0,"18,1,333",167,7,[NULL]
1,"324,1,20",167,7,[NULL]
2,"0,1,660,1,2",167,7,[NULL]
3,"5,1,18,1,324,1,0",167,7,[NULL]
0,"0,2,595",168,6,[NULL]
1,"324,1,21",168,6,[NULL]
0,"0,2,18,1,324,1,2",169,5,[NULL]
0,"18,1,324,1,3",170,4,[NULL]
0,"0,175,0",0,175,[NULL]
0,"0,168,1",4,171,[NULL]
0,"0,1,804,1,0",119,56,[NULL]
0,"515,1,8",120,55,[NULL]
0,"0,11,686,1,0",126,49,[NULL]
0,"1,1,5,1,635,1,0",127,48,[NULL]
1,"0,47,324,1,0",127,48,[NULL]
0,"0,1,805,1,0",128,47,[NULL]
0,"0,1,806,1,0",129,46,[NULL]
0,"0,4,686,1,1",130,45,[NULL]
0,"0,40,324,1,1",131,44,[NULL]
1,"0,5,17,1,452,1,0",131,44,[NULL]
0,627,136,39,[NULL]
1,"224,1,42",136,39,[NULL]
0,"0,1,725,1,1",137,38,[NULL]
0,"0,1,50,1,191",138,37,[NULL]
1,"0,1,64,1,224,1,0",138,37,[NULL]
0,"0,1,64,1,225,1,0",139,36,[NULL]
0,"1,1,244,1,29",140,35,[NULL]
1,"0,2,17,1,491,1,0",140,35,[NULL]
0,"0,1,809,1,0",141,34,[NULL]
1,"0,1,807,1,0",141,34,[NULL]
0,"0,2,795,1,0",142,33,[NULL]
0,"516,1,8",143,32,[NULL]
1,"1,1,795,1,0",143,32,[NULL]
0,"0,3,64,1,187,1,1",147,28,[NULL]
1,"820,1,0",147,28,[NULL]
0,"13,4,23,1,17",148,27,[NULL]
0,"13,3,101,1,6",149,26,[NULL]
1,"0,2,797,1,0",149,26,[NULL]
0,"1,1,797,1,0",150,25,[NULL]
1,"0,1,812,1,0",150,25,[NULL]
2,"0,1,811,1,0",150,25,[NULL]
3,"0,5,64,1,209,1,0",150,25,[NULL]
0,"519,1,8",151,24,[NULL]
1,"0,5,760,1,0",151,24,[NULL]
0,"167,1,64",152,23,[NULL]
0,628,153,22,[NULL]
1,"357,1,17",153,22,[NULL]
2,"13,1,286,1,6",153,22,[NULL]
0,"2,1,579",154,21,[NULL]
1,"359,1,17",154,21,[NULL]
2,"13,1,212,1,17",154,21,[NULL]
3,"13,1,287,1,6",154,21,[NULL]
0,"359,1,18",155,20,[NULL]
1,"360,1,17",155,20,[NULL]
2,"656,1,3",155,20,[NULL]
0,630,156,19,[NULL]
1,629,156,19,[NULL]
2,"32,1,254",156,19,[NULL]
3,"360,1,18",156,19,[NULL]
4,"822,1,0",156,19,[NULL]
0,"0,1,619",157,18,[NULL]
1,"3,1,533",157,18,[NULL]
2,"209,1,45",157,18,[NULL]
3,"13,1,213,1,17",157,18,[NULL]
4,"13,1,288,1,6",157,18,[NULL]
5,"3,1,604,1,2",157,18,[NULL]
6,"823,1,0",157,18,[NULL]
7,"0,7,743,1,0",157,18,[NULL]
0,631,158,17,[NULL]
1,"235,1,38",158,17,[NULL]
2,"363,1,17",158,17,[NULL]
3,"475,1,11",158,17,[NULL]
4,"532,1,6",158,17,[NULL]
5,"0,1,669,1,2",158,17,[NULL]
6,"0,6,676,1,1",158,17,[NULL]
7,"0,15,18,1,324,1,0",158,17,[NULL]
0,"311,1,23",159,16,[NULL]
1,"678,1,2",159,16,[NULL]
2,"0,1,732,1,1",159,16,[NULL]
3,"107,1,174,1,0",159,16,[NULL]
0,"825,1,0",160,15,[NULL]
1,"824,1,0",160,15,[NULL]
2,"0,1,814,1,0",160,15,[NULL]
3,"0,2,801,1,0",160,15,[NULL]
0,"409,1,14",161,14,[NULL]
1,"743,1,1",161,14,[NULL]
2,"76,1,213,1,0",161,14,[NULL]
3,"3,1,731,1,0",161,14,[NULL]
4,"3,1,730,1,0",161,14,[NULL]
5,"0,1,815,1,0",161,14,[NULL]
6,"0,2,40,1,324,1,0",161,14,[NULL]
0,"389,1,16",162,13,[NULL]
1,"412,1,14",162,13,[NULL]
2,"0,8,18,1,324,1,1",162,13,[NULL]
3,"3,1,732,1,0",162,13,[NULL]
4,"0,1,817,1,0",162,13,[NULL]
5,"0,1,3,1,719,1,0",162,13,[NULL]
6,"0,3,793,1,0",162,13,[NULL]
0,632,163,12,[NULL]
1,"0,1,624",163,12,[NULL]
2,"0,1,69,1,144",163,12,[NULL]
3,"523,1,9",163,12,[NULL]
4,"3,1,735,1,0",163,12,[NULL]
5,"3,1,734,1,0",163,12,[NULL]
0,633,164,11,[NULL]
1,"69,1,150",164,11,[NULL]
2,"368,1,17",164,11,[NULL]
3,"393,1,16",164,11,[NULL]
4,"524,1,9",164,11,[NULL]
5,"827,1,0",164,11,[NULL]
6,"0,1,818,1,0",164,11,[NULL]
0,634,165,10,[NULL]
1,"69,1,152",165,10,[NULL]
2,"368,1,18",165,10,[NULL]
3,"18,1,352,1,2",165,10,[NULL]
4,"747,1,1",165,10,[NULL]
5,"828,1,0",165,10,[NULL]
0,"2,1,585",166,9,[NULL]
1,"398,1,16",166,9,[NULL]
2,"749,1,1",166,9,[NULL]
0,"18,1,340",167,8,[NULL]
1,"0,1,18,1,333",167,8,[NULL]
2,"324,1,22",167,8,[NULL]
3,"526,1,9",167,8,[NULL]
4,"750,1,1",167,8,[NULL]
0,635,168,7,[NULL]
1,"0,1,324,1,21",168,7,[NULL]
2,"2,1,324,1,17",168,7,[NULL]
3,"660,1,3",168,7,[NULL]
4,"751,1,1",168,7,[NULL]
0,"2,1,324,1,18",169,6,[NULL]
1,"3,1,18,1,324,1,1",169,6,[NULL]
0,"0,176,0",0,176,[NULL]
0,"0,169,1",4,172,[NULL]
0,"0,2,804,1,0",119,57,[NULL]
0,"0,12,686,1,0",126,50,[NULL]
0,"0,48,324,1,0",127,49,[NULL]
0,"0,2,805,1,0",128,48,[NULL]
0,"0,2,806,1,0",129,47,[NULL]
0,"0,5,686,1,1",130,46,[NULL]
0,"0,41,324,1,1",131,45,[NULL]
0,"685,1,2",135,41,[NULL]
1,"829,1,0",135,41,[NULL]
0,"403,1,15",136,40,[NULL]
0,"0,2,725,1,1",137,39,[NULL]
0,"752,1,1",138,38,[NULL]
1,"0,2,64,1,224,1,0",138,38,[NULL]
0,"1,1,64,1,224,1,0",139,37,[NULL]
1,"0,2,64,1,225,1,0",139,37,[NULL]
0,"0,3,17,1,491,1,0",140,36,[NULL]
0,"0,2,809,1,0",141,35,[NULL]
1,"0,2,807,1,0",141,35,[NULL]
0,"1,1,807,1,0",142,34,[NULL]
1,"0,3,795,1,0",142,34,[NULL]
0,"1,1,5,1,642,1,0",146,30,[NULL]
0,"260,1,29",148,28,[NULL]
0,"0,3,797,1,0",149,27,[NULL]
0,"23,1,302",150,26,[NULL]
1,"0,6,64,1,209,1,0",150,26,[NULL]
0,"537,1,6",151,25,[NULL]
1,"13,3,105,1,6",151,25,[NULL]
0,"1,1,617",152,24,[NULL]
0,"538,1,7",153,23,[NULL]
1,"832,1,0",153,23,[NULL]
0,636,154,22,[NULL]
1,"13,2,133,1,17",154,22,[NULL]
2,"539,1,6",154,22,[NULL]
0,637,155,21,[NULL]
1,"209,1,47",155,21,[NULL]
2,"834,1,0",155,21,[NULL]
3,"833,1,0",155,21,[NULL]
0,"188,1,52",156,20,[NULL]
1,"13,1,287,1,9",156,20,[NULL]
0,"64,1,162",157,19,[NULL]
1,"335,1,19",157,19,[NULL]
2,"0,1,3,1,604,1,2",157,19,[NULL]
3,"64,1,235,1,0",157,19,[NULL]
4,"0,8,743,1,0",157,19,[NULL]
0,"693,1,2",158,18,[NULL]
1,"837,1,0",158,18,[NULL]
2,"836,1,0",158,18,[NULL]
3,"835,1,0",158,18,[NULL]
4,"3,2,648,1,0",158,18,[NULL]
0,"239,1,38",159,17,[NULL]
1,"0,2,732,1,1",159,17,[NULL]
2,"838,1,0",159,17,[NULL]
0,"188,1,55",160,16,[NULL]
1,"840,1,0",160,16,[NULL]
2,"0,1,825,1,0",160,16,[NULL]
3,"0,2,814,1,0",160,16,[NULL]
0,"189,1,55",161,15,[NULL]
1,"543,1,6",161,15,[NULL]
2,"0,1,743,1,1",161,15,[NULL]
3,"841,1,0",161,15,[NULL]
4,"0,1,3,1,730,1,0",161,15,[NULL]
5,"0,2,815,1,0",161,15,[NULL]
0,638,162,14,[NULL]
1,"3,1,550",162,14,[NULL]
2,"3,1,549",162,14,[NULL]
3,"190,1,54",162,14,[NULL]
4,"373,1,17",162,14,[NULL]
5,"0,9,18,1,324,1,1",162,14,[NULL]
6,"843,1,0",162,14,[NULL]
7,"842,1,0",162,14,[NULL]
8,"0,2,817,1,0",162,14,[NULL]
0,640,163,13,[NULL]
1,639,163,13,[NULL]
2,"190,1,55",163,13,[NULL]
3,"376,1,17",163,13,[NULL]
4,"412,1,16",163,13,[NULL]
5,"0,1,3,1,734,1,0",163,13,[NULL]
0,641,164,12,[NULL]
1,"2,1,590",164,12,[NULL]
2,"191,1,55",164,12,[NULL]
3,"376,1,18",164,12,[NULL]
4,"375,1,18",164,12,[NULL]
0,644,165,11,[NULL]
1,643,165,11,[NULL]
2,642,165,11,[NULL]
3,"0,1,634",165,11,[NULL]
4,"2,1,592",165,11,[NULL]
5,"18,1,342",165,11,[NULL]
6,"7,1,68,1,163,1,0",165,11,[NULL]
0,648,166,10,[NULL]
1,647,166,10,[NULL]
2,646,166,10,[NULL]
3,645,166,10,[NULL]
4,"2,1,69,1,141",166,10,[NULL]
5,"846,1,0",166,10,[NULL]
6,"42,1,324,1,0",166,10,[NULL]
0,650,167,9,[NULL]
1,649,167,9,[NULL]
2,"163,1,75",167,9,[NULL]
3,"697,1,2",167,9,[NULL]
4,"696,1,2",167,9,[NULL]
5,"847,1,0",167,9,[NULL]
6,"1,1,819,1,0",167,9,[NULL]
0,652,168,8,[NULL]
1,651,168,8,[NULL]
2,"23,1,324,1,2",168,8,[NULL]
3,"848,1,0",168,8,[NULL]
4,"1,1,5,1,18,1,324,1,0",168,8,[NULL]
0,"324,1,23",169,7,[NULL]
1,"699,1,2",169,7,[NULL]
2,"6,1,18,1,324,1,0",169,7,[NULL]
3,"3,1,749,1,0",169,7,[NULL]
0,"3,1,18,1,271",170,6,[NULL]
1,"18,1,506,1,0",170,6,[NULL]
2,"3,1,750,1,0",170,6,[NULL]
0,"3,1,324,1,14",171,5,[NULL]
1,"43,1,324,1,0",171,5,[NULL]
2,"3,1,751,1,0",171,5,[NULL]
0,"324,1,24",172,4,[NULL]
1,"849,1,0",172,4,[NULL]
2,"3,2,18,1,324,1,0",172,4,[NULL]
0,"850,1,0",173,3,[NULL]
0,"0,177,0",0,177,[NULL]
0,"0,170,1",4,173,[NULL]
0,"0,3,804,1,0",119,58,[NULL]
0,"851,1,0",121,56,[NULL]
0,"0,49,324,1,0",127,50,[NULL]
0,"0,3,805,1,0",128,49,[NULL]
0,"0,6,686,1,1",130,47,[NULL]
0,"0,42,324,1,1",131,46,[NULL]
0,"265,1,29",134,43,[NULL]
0,"17,1,452,1,1",135,42,[NULL]
0,"17,1,403,1,2",136,41,[NULL]
0,"97,1,125",137,40,[NULL]
1,"0,3,725,1,1",137,40,[NULL]
0,"0,1,752,1,1",138,39,[NULL]
1,"0,3,64,1,224,1,0",138,39,[NULL]
0,"0,3,64,1,225,1,0",139,38,[NULL]
0,"0,4,17,1,491,1,0",140,37,[NULL]
0,"64,1,237,1,0",141,36,[NULL]
1,"0,3,809,1,0",141,36,[NULL]
2,"0,3,807,1,0",141,36,[NULL]
0,"0,4,795,1,0",142,35,[NULL]
0,653,146,31,[NULL]
0,"491,1,11",147,30,[NULL]
0,"0,1,260,1,29",148,29,[NULL]
0,654,150,27,[NULL]
0,"13,1,219,1,17",151,26,[NULL]
0,"13,1,292,1,6",152,25,[NULL]
1,"853,1,0",152,25,[NULL]
0,"537,1,9",153,24,[NULL]
1,"0,1,832,1,0",153,24,[NULL]
0,"627,1,4",154,23,[NULL]
1,"64,1,209,1,1",154,23,[NULL]
2,"856,1,0",154,23,[NULL]
0,655,155,22,[NULL]
1,"760,1,1",155,22,[NULL]
0,"13,1,294,1,6",156,21,[NULL]
1,"628,1,4",156,21,[NULL]
2,"703,1,2",156,21,[NULL]
0,"3,1,555",157,20,[NULL]
1,"269,1,29",157,20,[NULL]
2,"13,2,181,1,6",157,20,[NULL]
3,"762,1,1",157,20,[NULL]
4,"857,1,0",157,20,[NULL]
5,"0,1,64,1,235,1,0",157,20,[NULL]
6,"0,9,743,1,0",157,20,[NULL]
0,"763,1,1",158,19,[NULL]
1,"64,1,239,1,0",158,19,[NULL]
2,"0,1,837,1,0",158,19,[NULL]
3,"0,1,836,1,0",158,19,[NULL]
0,"0,1,838,1,0",159,18,[NULL]
0,"707,1,2",160,17,[NULL]
1,"0,2,825,1,0",160,17,[NULL]
0,"0,1,189,1,55",161,16,[NULL]
1,"0,2,743,1,1",161,16,[NULL]
2,"1,1,825,1,0",161,16,[NULL]
3,"0,1,841,1,0",161,16,[NULL]
0,"190,1,57",162,15,[NULL]
1,"709,1,2",162,15,[NULL]
2,"0,10,18,1,324,1,1",162,15,[NULL]
3,"0,1,843,1,0",162,15,[NULL]
0,"0,1,190,1,55",163,14,[NULL]
1,"389,1,18",163,14,[NULL]
2,"18,1,190,1,17",163,14,[NULL]
3,"543,1,9",163,14,[NULL]
4,"3,1,76,1,190,1,0",163,14,[NULL]
0,657,164,13,[NULL]
1,656,164,13,[NULL]
2,"69,1,134,1,6",164,13,[NULL]
3,"711,1,2",164,13,[NULL]
4,"859,1,0",164,13,[NULL]
5,"858,1,0",164,13,[NULL]
6,"43,1,333,1,0",164,13,[NULL]
0,658,165,12,[NULL]
1,"0,1,642",165,12,[NULL]
2,"712,1,2",165,12,[NULL]
3,"861,1,0",165,12,[NULL]
4,"860,1,0",165,12,[NULL]
5,"3,1,755,1,0",165,12,[NULL]
6,"0,1,7,1,68,1,163,1,0",165,12,[NULL]
0,"0,1,645",166,11,[NULL]
1,"3,1,565",166,11,[NULL]
2,"18,1,373,1,2",166,11,[NULL]
3,"3,1,757,1,0",166,11,[NULL]
4,"3,1,756,1,0",166,11,[NULL]
0,"69,1,162",167,10,[NULL]
1,"18,1,446,1,1",167,10,[NULL]
2,"0,1,847,1,0",167,10,[NULL]
0,660,168,9,[NULL]
1,659,168,9,[NULL]
2,"1,1,324,1,22",168,9,[NULL]
3,"34,1,324,1,1",168,9,[NULL]
4,"0,1,848,1,0",168,9,[NULL]
0,662,169,8,[NULL]
1,661,169,8,[NULL]
2,"69,2,25",169,8,[NULL]
3,"0,1,324,1,23",169,8,[NULL]
4,"0,1,6,1,18,1,324,1,0",169,8,[NULL]
0,"324,1,25",170,7,[NULL]
1,"18,1,378,1,2",170,7,[NULL]
2,"0,1,18,1,506,1,0",170,7,[NULL]
3,"0,1,3,1,750,1,0",170,7,[NULL]
0,"3,1,18,1,279",171,6,[NULL]
1,"0,1,43,1,324,1,0",171,6,[NULL]
0,"3,1,324,1,16",172,5,[NULL]
1,"0,1,849,1,0",172,5,[NULL]
0,"0,1,850,1,0",173,4,[NULL]
0,"0,178,0",0,178,[NULL]
0,"0,171,1",4,174,[NULL]
0,"0,4,804,1,0",119,59,[NULL]
0,663,126,52,[NULL]
0,"0,50,324,1,0",127,51,[NULL]
0,"0,7,686,1,1",130,48,[NULL]
0,"0,43,324,1,1",131,47,[NULL]
0,"5,1,685,1,0",133,45,[NULL]
0,"0,1,17,1,452,1,1",135,43,[NULL]
0,"17,2,225,1,1",136,42,[NULL]
1,"1,1,829,1,0",136,42,[NULL]
0,"0,4,725,1,1",137,41,[NULL]
0,"0,2,752,1,1",138,40,[NULL]
1,"0,4,64,1,224,1,0",138,40,[NULL]
0,"0,4,64,1,225,1,0",139,39,[NULL]
0,"1,2,64,1,224,1,0",140,38,[NULL]
1,"0,5,17,1,491,1,0",140,38,[NULL]
0,"0,4,807,1,0",141,37,[NULL]
0,"0,5,795,1,0",142,36,[NULL]
0,665,145,33,[NULL]
1,664,145,33,[NULL]
0,"0,1,653",146,32,[NULL]
1,"244,1,38",146,32,[NULL]
0,"17,1,260,1,8",147,31,[NULL]
0,"0,2,260,1,29",148,30,[NULL]
0,"1,1,260,1,29",149,29,[NULL]
1,"13,4,51,1,6",149,29,[NULL]
2,"863,1,0",149,29,[NULL]
3,"862,1,0",149,29,[NULL]
0,"13,4,52,1,6",150,28,[NULL]
0,"347,1,22",153,25,[NULL]
1,"0,2,832,1,0",153,25,[NULL]
0,"2,1,617",154,24,[NULL]
1,"13,1,303,1,6",154,24,[NULL]
2,"0,1,64,1,209,1,1",154,24,[NULL]
3,"0,1,856,1,0",154,24,[NULL]
0,"2,1,618",155,23,[NULL]
1,"13,2,188,1,6",155,23,[NULL]
2,"0,1,760,1,1",155,23,[NULL]
0,"275,1,29",156,22,[NULL]
1,"13,2,189,1,6",156,22,[NULL]
2,"780,1,1",156,22,[NULL]
3,"1,1,834,1,0",156,22,[NULL]
0,"328,1,25",157,21,[NULL]
1,"717,1,2",157,21,[NULL]
2,"0,1,762,1,1",157,21,[NULL]
3,"0,2,64,1,235,1,0",157,21,[NULL]
4,"0,10,743,1,0",157,21,[NULL]
0,"13,2,190,1,6",158,20,[NULL]
1,"3,1,628,1,2",158,20,[NULL]
2,"0,1,763,1,1",158,20,[NULL]
3,"0,2,837,1,0",158,20,[NULL]
4,"0,2,836,1,0",158,20,[NULL]
0,"1,1,836,1,0",159,19,[NULL]
1,"0,2,838,1,0",159,19,[NULL]
0,"351,1,22",160,18,[NULL]
1,"0,1,707,1,2",160,18,[NULL]
2,"44,1,324,1,0",160,18,[NULL]
3,"0,3,825,1,0",160,18,[NULL]
0,"195,1,55",161,17,[NULL]
1,"408,1,17",161,17,[NULL]
2,"3,1,630,1,2",161,17,[NULL]
3,"0,3,743,1,1",161,17,[NULL]
4,"0,2,841,1,0",161,17,[NULL]
0,"1,1,189,1,55",162,16,[NULL]
1,"67,1,190,1,2",162,16,[NULL]
2,"0,11,18,1,324,1,1",162,16,[NULL]
3,"3,1,764,1,0",162,16,[NULL]
4,"0,2,843,1,0",162,16,[NULL]
0,666,163,15,[NULL]
1,"3,1,571",163,15,[NULL]
2,"43,1,336,1,0",163,15,[NULL]
3,"1,1,843,1,0",163,15,[NULL]
4,"1,1,842,1,0",163,15,[NULL]
0,"413,1,18",164,14,[NULL]
1,"412,1,18",164,14,[NULL]
2,"0,1,858,1,0",164,14,[NULL]
3,"0,1,43,1,333,1,0",164,14,[NULL]
0,"3,1,576",165,13,[NULL]
1,"197,1,55",165,13,[NULL]
2,"441,1,14",165,13,[NULL]
3,"565,1,6",165,13,[NULL]
4,"3,1,769,1,0",165,13,[NULL]
0,"2,1,624",166,12,[NULL]
1,"23,1,333",166,12,[NULL]
2,"443,1,14",166,12,[NULL]
3,"719,1,2",166,12,[NULL]
4,"869,1,0",166,12,[NULL]
5,"0,1,3,1,756,1,0",166,12,[NULL]
0,668,167,11,[NULL]
1,667,167,11,[NULL]
2,"264,1,33",167,11,[NULL]
3,"0,1,18,1,446,1,1",167,11,[NULL]
4,"3,1,771,1,0",167,11,[NULL]
5,"1,1,42,1,324,1,0",167,11,[NULL]
0,670,168,10,[NULL]
1,669,168,10,[NULL]
2,"0,1,659",168,10,[NULL]
3,"0,1,34,1,324,1,1",168,10,[NULL]
4,"3,1,774,1,0",168,10,[NULL]
5,"1,1,847,1,0",168,10,[NULL]
6,"0,2,848,1,0",168,10,[NULL]
0,671,169,9,[NULL]
1,"0,2,324,1,23",169,9,[NULL]
2,"698,1,3",169,9,[NULL]
3,"18,1,368,1,3",169,9,[NULL]
4,"720,1,2",169,9,[NULL]
5,"18,1,524,1,0",169,9,[NULL]
6,"7,1,676,1,0",169,9,[NULL]
7,"3,1,776,1,0",169,9,[NULL]
8,"0,2,6,1,18,1,324,1,0",169,9,[NULL]
0,672,170,8,[NULL]
1,"35,1,271",170,8,[NULL]
2,"699,1,3",170,8,[NULL]
3,"24,1,324,1,3",170,8,[NULL]
4,"18,1,525,1,0",170,8,[NULL]
5,"0,2,18,1,506,1,0",170,8,[NULL]
0,"25,1,324,1,3",171,7,[NULL]
1,"1,1,18,1,506,1,0",171,7,[NULL]
2,"0,2,43,1,324,1,0",171,7,[NULL]
0,"1,1,43,1,324,1,0",172,6,[NULL]
1,"0,2,849,1,0",172,6,[NULL]
0,"2,1,18,1,324,1,3",173,5,[NULL]
1,"1,1,849,1,0",173,5,[NULL]
2,"0,2,850,1,0",173,5,[NULL]
0,"324,1,26",174,4,[NULL]
1,"1,1,850,1,0",174,4,[NULL]
0,"0,179,0",0,179,[NULL]
0,"0,172,1",4,175,[NULL]
0,"0,5,804,1,0",119,60,[NULL]
0,"554,1,8",126,53,[NULL]
0,"0,51,324,1,0",127,52,[NULL]
0,"276,1,29",128,51,[NULL]
0,"0,8,686,1,1",130,49,[NULL]
0,"0,44,324,1,1",131,48,[NULL]
0,"0,2,17,1,452,1,1",135,44,[NULL]
1,"871,1,0",135,44,[NULL]
0,"0,1,17,2,225,1,1",136,43,[NULL]
0,"872,1,0",137,42,[NULL]
0,"873,1,0",138,41,[NULL]
1,"0,5,64,1,224,1,0",138,41,[NULL]
0,"0,5,64,1,225,1,0",139,40,[NULL]
0,"0,5,807,1,0",141,38,[NULL]
0,"0,6,795,1,0",142,37,[NULL]
0,"725,1,2",144,35,[NULL]
0,"0,1,664",145,34,[NULL]
1,"50,1,206",145,34,[NULL]
2,"64,1,244,1,0",145,34,[NULL]
0,"0,2,653",146,33,[NULL]
1,"138,1,149,1,0",146,33,[NULL]
0,"17,2,260,1,0",147,32,[NULL]
0,"64,1,246,1,0",148,31,[NULL]
1,"60,1,260,1,0",148,31,[NULL]
2,"59,1,260,1,0",148,31,[NULL]
0,"0,1,862,1,0",149,30,[NULL]
0,"278,1,29",151,28,[NULL]
0,"5,1,64,1,187,1,0",152,27,[NULL]
0,673,154,25,[NULL]
1,"13,2,51,1,64",154,25,[NULL]
2,"0,2,64,1,209,1,1",154,25,[NULL]
0,"13,1,427",155,24,[NULL]
1,"13,3,67,1,17",155,24,[NULL]
2,"13,2,23,1,75,1,6",155,24,[NULL]
3,"0,2,760,1,1",155,24,[NULL]
4,"1,1,856,1,0",155,24,[NULL]
0,"2,1,628",156,23,[NULL]
1,"13,2,23,1,76,1,6",156,23,[NULL]
2,"874,1,0",156,23,[NULL]
0,"66,1,172",157,22,[NULL]
1,"0,1,717,1,2",157,22,[NULL]
2,"876,1,0",157,22,[NULL]
3,"64,1,250,1,0",157,22,[NULL]
4,"0,3,64,1,235,1,0",157,22,[NULL]
5,"0,11,743,1,0",157,22,[NULL]
0,"878,1,0",158,21,[NULL]
1,"877,1,0",158,21,[NULL]
2,"1,1,857,1,0",158,21,[NULL]
3,"0,3,837,1,0",158,21,[NULL]
4,"0,3,836,1,0",158,21,[NULL]
0,674,159,20,[NULL]
1,"1,1,64,1,239,1,0",159,20,[NULL]
2,"0,3,838,1,0",159,20,[NULL]
0,"188,1,64",160,19,[NULL]
1,"195,1,57",160,19,[NULL]
2,"266,1,33",160,19,[NULL]
0,"267,1,33",161,18,[NULL]
1,"417,1,17",161,18,[NULL]
2,"0,4,743,1,1",161,18,[NULL]
3,"880,1,0",161,18,[NULL]
0,"3,1,580",162,17,[NULL]
1,"417,1,18",162,17,[NULL]
2,"0,12,18,1,324,1,1",162,17,[NULL]
3,"881,1,0",162,17,[NULL]
0,"0,1,3,1,571",163,16,[NULL]
1,"190,1,64",163,16,[NULL]
2,"569,1,6",163,16,[NULL]
0,675,164,15,[NULL]
1,"190,1,65",164,15,[NULL]
2,"197,1,57",164,15,[NULL]
3,"202,1,55",164,15,[NULL]
4,"570,1,6",164,15,[NULL]
5,"0,2,858,1,0",164,15,[NULL]
0,"3,1,581",165,14,[NULL]
1,"269,1,33",165,14,[NULL]
2,"731,1,2",165,14,[NULL]
3,"730,1,2",165,14,[NULL]
4,"882,1,0",165,14,[NULL]
5,"0,1,3,1,769,1,0",165,14,[NULL]
0,"270,1,33",166,13,[NULL]
1,"713,1,3",166,13,[NULL]
2,"732,1,2",166,13,[NULL]
3,"0,1,719,1,2",166,13,[NULL]
4,"793,1,1",166,13,[NULL]
5,"1,1,860,1,0",166,13,[NULL]
0,"565,1,9",167,12,[NULL]
1,"735,1,2",167,12,[NULL]
2,"734,1,2",167,12,[NULL]
3,"883,1,0",167,12,[NULL]
4,"43,1,352,1,0",167,12,[NULL]
0,"2,1,634",168,11,[NULL]
1,"18,1,376,1,3",168,11,[NULL]
2,"884,1,0",168,11,[NULL]
3,"45,1,324,1,0",168,11,[NULL]
0,676,169,10,[NULL]
1,"46,1,324,1,0",169,10,[NULL]
2,"0,1,18,1,524,1,0",169,10,[NULL]
3,"0,1,7,1,676,1,0",169,10,[NULL]
0,"1,1,662",170,9,[NULL]
1,"3,1,585",170,9,[NULL]
2,"2,1,18,1,340",170,9,[NULL]
3,"2,1,526,1,9",170,9,[NULL]
0,677,171,8,[NULL]
1,"18,1,373",171,8,[NULL]
2,"35,1,279",171,8,[NULL]
3,"10,1,324,1,9",171,8,[NULL]
4,"885,1,0",171,8,[NULL]
0,"18,1,374",172,7,[NULL]
1,"3,1,69,2,18",172,7,[NULL]
2,"11,1,324,1,9",172,7,[NULL]
3,"0,3,849,1,0",172,7,[NULL]
0,678,173,6,[NULL]
1,"3,1,324,1,18",173,6,[NULL]
2,"0,3,850,1,0",173,6,[NULL]
0,"18,1,324,1,4",174,5,[NULL]
0,"0,180,0",0,180,[NULL]
0,"0,173,1",4,176,[NULL]
0,679,123,57,[NULL]
0,"17,1,554,1,0",126,54,[NULL]
0,"886,1,0",127,53,[NULL]
1,"0,52,324,1,0",127,53,[NULL]
0,"0,9,686,1,1",130,50,[NULL]
0,"0,45,324,1,1",131,49,[NULL]
0,"1,1,5,1,685,1,0",134,46,[NULL]
0,"0,1,871,1,0",135,45,[NULL]
0,"17,1,556,1,0",136,44,[NULL]
0,"0,1,872,1,0",137,43,[NULL]
0,"0,6,64,1,224,1,0",138,42,[NULL]
0,"0,6,807,1,0",141,39,[NULL]
0,"0,7,795,1,0",142,38,[NULL]
0,680,143,37,[NULL]
1,"244,1,42",143,37,[NULL]
0,"17,1,491,1,1",144,36,[NULL]
0,"17,2,191",145,35,[NULL]
1,"245,1,42",145,35,[NULL]
2,"0,1,64,1,244,1,0",145,35,[NULL]
0,"795,1,1",146,34,[NULL]
1,"0,1,138,1,149,1,0",146,34,[NULL]
0,"59,1,64,1,29",147,33,[NULL]
1,"0,1,17,2,260,1,0",147,33,[NULL]
0,"0,1,64,1,246,1,0",148,32,[NULL]
1,"0,1,59,1,260,1,0",148,32,[NULL]
0,"0,2,862,1,0",149,31,[NULL]
0,"516,1,11",150,30,[NULL]
1,"1,1,862,1,0",150,30,[NULL]
0,"13,2,194,1,6",152,28,[NULL]
0,"13,1,23,1,150,1,6",153,27,[NULL]
0,"0,3,64,1,209,1,1",154,26,[NULL]
1,"64,1,254,1,0",154,26,[NULL]
0,681,156,24,[NULL]
0,"887,1,0",157,23,[NULL]
1,"0,1,876,1,0",157,23,[NULL]
2,"0,1,64,1,250,1,0",157,23,[NULL]
3,"0,4,64,1,235,1,0",157,23,[NULL]
4,"0,12,743,1,0",157,23,[NULL]
0,682,158,22,[NULL]
1,"0,4,837,1,0",158,22,[NULL]
2,"0,4,836,1,0",158,22,[NULL]
0,"266,1,35",159,21,[NULL]
0,683,160,20,[NULL]
1,"423,1,17",160,20,[NULL]
2,"1,2,836,1,0",160,20,[NULL]
0,684,161,19,[NULL]
1,"23,1,181,1,17",161,19,[NULL]
2,"0,5,743,1,1",161,19,[NULL]
3,"1,1,44,1,324,1,0",161,19,[NULL]
0,"1,1,195,1,55",162,18,[NULL]
1,"3,1,648,1,2",162,18,[NULL]
2,"47,1,324,1,0",162,18,[NULL]
0,686,163,17,[NULL]
1,685,163,17,[NULL]
2,"425,1,17",163,17,[NULL]
3,"3,1,650,1,2",163,17,[NULL]
0,687,164,16,[NULL]
1,"0,1,675",164,16,[NULL]
2,"275,1,33",164,16,[NULL]
3,"425,1,18",164,16,[NULL]
4,"67,1,197,1,2",164,16,[NULL]
0,"0,1,731,1,2",165,15,[NULL]
1,"0,1,730,1,2",165,15,[NULL]
2,"0,1,882,1,0",165,15,[NULL]
0,688,166,14,[NULL]
1,"0,2,719,1,2",166,14,[NULL]
0,689,167,13,[NULL]
1,"69,1,95,1,17",167,13,[NULL]
2,"3,1,788,1,0",167,13,[NULL]
3,"0,1,883,1,0",167,13,[NULL]
4,"0,1,43,1,352,1,0",167,13,[NULL]
0,690,168,12,[NULL]
1,"122,1,115",168,12,[NULL]
2,"198,1,61",168,12,[NULL]
3,"203,1,55",168,12,[NULL]
4,"69,1,95,1,18",168,12,[NULL]
5,"3,1,790,1,0",168,12,[NULL]
6,"3,1,789,1,0",168,12,[NULL]
7,"0,1,884,1,0",168,12,[NULL]
8,"0,1,45,1,324,1,0",168,12,[NULL]
0,691,169,11,[NULL]
1,"3,1,592",169,11,[NULL]
2,"367,1,24",169,11,[NULL]
3,"18,1,264,1,9",169,11,[NULL]
4,"746,1,2",169,11,[NULL]
5,"3,1,792,1,0",169,11,[NULL]
6,"3,1,791,1,0",169,11,[NULL]
7,"0,2,7,1,676,1,0",169,11,[NULL]
0,692,170,10,[NULL]
1,"18,1,382",170,10,[NULL]
2,"36,1,271",170,10,[NULL]
3,"35,1,69,1,55",170,10,[NULL]
4,"43,1,368,1,0",170,10,[NULL]
0,693,171,9,[NULL]
1,"13,1,324,1,6",171,9,[NULL]
2,"7,1,695,1,0",171,9,[NULL]
3,"3,1,794,1,0",171,9,[NULL]
0,"13,1,324,1,7",172,8,[NULL]
1,"888,1,0",172,8,[NULL]
2,"7,1,698,1,0",172,8,[NULL]
3,"1,2,18,1,506,1,0",172,8,[NULL]
4,"0,4,849,1,0",172,8,[NULL]
0,"749,1,2",173,7,[NULL]
1,"0,4,850,1,0",173,7,[NULL]
0,"750,1,2",174,6,[NULL]
1,"1,2,849,1,0",174,6,[NULL]
0,"751,1,2",175,5,[NULL]
1,"3,1,38,1,324,1,0",175,5,[NULL]
2,"1,2,850,1,0",175,5,[NULL]
0,"3,1,18,1,324,1,2",176,4,[NULL]
0,"0,181,0",0,181,[NULL]
0,"0,174,1",4,177,[NULL]
0,"804,1,1",123,58,[NULL]
0,"0,1,17,1,554,1,0",126,55,[NULL]
0,"0,53,324,1,0",127,54,[NULL]
0,"379,1,22",129,52,[NULL]
0,"0,10,686,1,1",130,51,[NULL]
0,"0,46,324,1,1",131,50,[NULL]
0,"0,2,871,1,0",135,46,[NULL]
0,"0,1,17,1,556,1,0",136,45,[NULL]
0,"0,7,807,1,0",141,40,[NULL]
0,"64,1,224,1,1",142,39,[NULL]
1,"5,1,725,1,0",142,39,[NULL]
2,"0,8,795,1,0",142,39,[NULL]
0,"64,1,225,1,1",143,38,[NULL]
0,"0,1,17,1,491,1,1",144,37,[NULL]
0,"809,1,1",145,36,[NULL]
1,"807,1,1",145,36,[NULL]
2,"0,2,64,1,244,1,0",145,36,[NULL]
0,"0,1,795,1,1",146,35,[NULL]
1,"1,1,64,1,244,1,0",146,35,[NULL]
2,"0,2,138,1,149,1,0",146,35,[NULL]
0,"0,2,17,2,260,1,0",147,34,[NULL]
0,"0,2,64,1,246,1,0",148,33,[NULL]
1,"0,2,59,1,260,1,0",148,33,[NULL]
0,"1,1,59,1,260,1,0",149,32,[NULL]
1,"0,3,862,1,0",149,32,[NULL]
0,"13,4,32,1,17",153,28,[NULL]
1,"1,1,5,1,64,1,187,1,0",153,28,[NULL]
0,"13,2,23,1,80,1,6",154,27,[NULL]
0,"260,1,38",155,26,[NULL]
0,"0,1,681",156,25,[NULL]
1,"2,1,537,1,9",156,25,[NULL]
0,"194,1,64",157,24,[NULL]
1,"0,5,64,1,235,1,0",157,24,[NULL]
2,"0,13,743,1,0",157,24,[NULL]
0,694,158,23,[NULL]
1,"357,1,25",158,23,[NULL]
2,"13,1,328,1,6",158,23,[NULL]
3,"0,5,836,1,0",158,23,[NULL]
0,"23,1,188,1,17",159,22,[NULL]
1,"581,1,6",159,22,[NULL]
2,"1,1,877,1,0",159,22,[NULL]
0,"23,1,189,1,17",160,21,[NULL]
0,695,161,20,[NULL]
1,"13,2,254",161,20,[NULL]
2,"0,6,743,1,1",161,20,[NULL]
0,697,162,19,[NULL]
1,696,162,19,[NULL]
2,"209,1,52",162,19,[NULL]
3,"438,1,18",162,19,[NULL]
4,"23,1,190,1,17",162,19,[NULL]
5,"13,1,331,1,6",162,19,[NULL]
6,"0,1,47,1,324,1,0",162,19,[NULL]
0,"0,1,685",163,18,[NULL]
1,"13,1,332,1,6",163,18,[NULL]
2,"1,1,881,1,0",163,18,[NULL]
0,"0,2,675",164,17,[NULL]
1,"3,1,335,1,18",164,17,[NULL]
2,"891,1,0",164,17,[NULL]
0,699,165,16,[NULL]
1,698,165,16,[NULL]
2,"3,1,608",165,16,[NULL]
3,"18,1,393",165,16,[NULL]
4,"235,1,46",165,16,[NULL]
0,700,166,15,[NULL]
1,"3,1,609",166,15,[NULL]
2,"209,1,55",166,15,[NULL]
3,"324,1,27",166,15,[NULL]
0,"36,1,278",167,14,[NULL]
1,"3,1,174,1,55",167,14,[NULL]
2,"732,1,3",167,14,[NULL]
3,"76,1,239,1,0",167,14,[NULL]
0,701,168,13,[NULL]
1,"3,1,612",168,13,[NULL]
2,"0,1,203,1,55",168,13,[NULL]
3,"445,1,17",168,13,[NULL]
4,"734,1,3",168,13,[NULL]
0,703,169,12,[NULL]
1,702,169,12,[NULL]
2,"37,1,278",169,12,[NULL]
3,"445,1,18",169,12,[NULL]
4,"755,1,2",169,12,[NULL]
5,"1,1,884,1,0",169,12,[NULL]
0,705,170,11,[NULL]
1,704,170,11,[NULL]
2,"757,1,2",170,11,[NULL]
3,"756,1,2",170,11,[NULL]
4,"893,1,0",170,11,[NULL]
0,"0,1,693",171,10,[NULL]
1,"2,1,659",171,10,[NULL]
0,706,172,9,[NULL]
1,"18,1,395",172,9,[NULL]
2,"0,1,7,1,698,1,0",172,9,[NULL]
3,"0,5,849,1,0",172,9,[NULL]
0,"3,1,18,1,319",173,8,[NULL]
1,"13,1,324,1,9",173,8,[NULL]
2,"0,1,749,1,2",173,8,[NULL]
3,"48,1,324,1,0",173,8,[NULL]
4,"0,5,850,1,0",173,8,[NULL]
0,"1,1,3,1,324,1,18",174,7,[NULL]
1,"0,1,750,1,2",174,7,[NULL]
2,"894,1,0",174,7,[NULL]
0,"324,1,28",175,6,[NULL]
1,"0,1,751,1,2",175,6,[NULL]
2,"9,1,18,1,324,1,0",175,6,[NULL]
0,"0,1,3,1,18,1,324,1,2",176,5,[NULL]
0,"0,182,0",0,182,[NULL]
0,"0,175,1",4,178,[NULL]
0,"895,1,0",121,61,[NULL]
0,"0,1,804,1,1",123,59,[NULL]
0,"0,2,17,1,554,1,0",126,56,[NULL]
0,"0,54,324,1,0",127,55,[NULL]
0,"1,1,886,1,0",128,54,[NULL]
0,"0,11,686,1,1",130,52,[NULL]
0,"0,47,324,1,1",131,51,[NULL]
0,707,134,48,[NULL]
0,"0,3,871,1,0",135,47,[NULL]
0,"402,1,22",141,41,[NULL]
1,"0,8,807,1,0",141,41,[NULL]
0,"0,1,64,1,224,1,1",142,40,[NULL]
1,"0,9,795,1,0",142,40,[NULL]
0,"0,1,64,1,225,1,1",143,39,[NULL]
0,"0,2,17,1,491,1,1",144,38,[NULL]
1,"896,1,0",144,38,[NULL]
0,"0,1,809,1,1",145,37,[NULL]
1,"0,1,807,1,1",145,37,[NULL]
2,"0,3,64,1,244,1,0",145,37,[NULL]
0,"0,2,795,1,1",146,36,[NULL]
1,"0,3,138,1,149,1,0",146,36,[NULL]
0,"0,3,17,2,260,1,0",147,35,[NULL]
0,"64,1,257,1,0",148,34,[NULL]
1,"0,3,64,1,246,1,0",148,34,[NULL]
2,"0,3,59,1,260,1,0",148,34,[NULL]
0,708,153,29,[NULL]
0,"64,1,260,1,0",154,28,[NULL]
0,"167,1,84",155,27,[NULL]
1,"897,1,0",155,27,[NULL]
0,709,156,26,[NULL]
1,"0,2,681",156,26,[NULL]
2,"585,1,6",156,26,[NULL]
3,"13,2,23,1,83,1,6",156,26,[NULL]
0,"1,1,681",157,25,[NULL]
1,"293,1,29",157,25,[NULL]
2,"585,1,7",157,25,[NULL]
3,"898,1,0",157,25,[NULL]
4,"0,14,743,1,0",157,25,[NULL]
0,"900,1,0",158,24,[NULL]
1,"899,1,0",158,24,[NULL]
2,"0,6,836,1,0",158,24,[NULL]
0,"13,3,75,1,17",159,23,[NULL]
1,"902,1,0",159,23,[NULL]
0,"267,1,38",160,22,[NULL]
0,"5,1,546",161,21,[NULL]
1,"64,1,209,1,2",161,21,[NULL]
2,"0,7,743,1,1",161,21,[NULL]
3,"904,1,0",161,21,[NULL]
0,"0,1,696",162,20,[NULL]
1,"13,1,335,1,6",162,20,[NULL]
2,"760,1,2",162,20,[NULL]
3,"0,2,47,1,324,1,0",162,20,[NULL]
0,710,163,19,[NULL]
1,"0,2,685",163,19,[NULL]
0,711,164,18,[NULL]
1,"195,1,69",164,18,[NULL]
2,"269,1,38",164,18,[NULL]
3,"286,1,33",164,18,[NULL]
4,"285,1,33",164,18,[NULL]
5,"825,1,1",164,18,[NULL]
6,"0,1,891,1,0",164,18,[NULL]
0,712,165,17,[NULL]
1,"212,1,55",165,17,[NULL]
2,"287,1,33",165,17,[NULL]
3,"763,1,2",165,17,[NULL]
4,"908,1,0",165,17,[NULL]
5,"907,1,0",165,17,[NULL]
6,"906,1,0",165,17,[NULL]
0,"764,1,2",166,16,[NULL]
1,"909,1,0",166,16,[NULL]
2,"50,1,324,1,0",166,16,[NULL]
0,713,167,15,[NULL]
1,"450,1,17",167,15,[NULL]
2,"484,1,14",167,15,[NULL]
3,"67,1,203,1,2",167,15,[NULL]
4,"910,1,0",167,15,[NULL]
0,714,168,14,[NULL]
1,"197,1,69",168,14,[NULL]
2,"213,1,55",168,14,[NULL]
3,"288,1,33",168,14,[NULL]
4,"450,1,18",168,14,[NULL]
5,"485,1,14",168,14,[NULL]
6,"3,1,673,1,2",168,14,[NULL]
7,"911,1,0",168,14,[NULL]
0,715,169,13,[NULL]
1,"1,1,690",169,13,[NULL]
2,"264,1,41",169,13,[NULL]
3,"769,1,2",169,13,[NULL]
4,"3,1,674,1,2",169,13,[NULL]
5,"0,1,755,1,2",169,13,[NULL]
6,"3,1,817,1,0",169,13,[NULL]
7,"3,2,719,1,0",169,13,[NULL]
0,"35,1,308",170,12,[NULL]
1,"198,1,70",170,12,[NULL]
2,"0,1,757,1,2",170,12,[NULL]
3,"912,1,0",170,12,[NULL]
4,"43,1,392,1,0",170,12,[NULL]
5,"0,1,893,1,0",170,12,[NULL]
0,"480,1,16",171,11,[NULL]
1,"771,1,2",171,11,[NULL]
2,"43,1,397,1,0",171,11,[NULL]
3,"43,1,396,1,0",171,11,[NULL]
4,"3,1,818,1,0",171,11,[NULL]
0,716,172,10,[NULL]
1,"396,1,24",172,10,[NULL]
2,"774,1,2",172,10,[NULL]
3,"43,1,399,1,0",172,10,[NULL]
4,"43,1,398,1,0",172,10,[NULL]
5,"18,1,565,1,0",172,10,[NULL]
6,"0,6,849,1,0",172,10,[NULL]
0,"398,1,24",173,9,[NULL]
1,"776,1,2",173,9,[NULL]
2,"52,1,324,1,0",173,9,[NULL]
3,"43,1,400,1,0",173,9,[NULL]
4,"1,1,888,1,0",173,9,[NULL]
5,"0,6,850,1,0",173,9,[NULL]
0,"400,1,24",174,8,[NULL]
1,"18,1,446,1,2",174,8,[NULL]
2,"0,1,894,1,0",174,8,[NULL]
0,717,175,7,[NULL]
1,"34,1,324,1,2",175,7,[NULL]
2,"913,1,0",175,7,[NULL]
0,"10,1,18,1,324,1,0",176,6,[NULL]
0,"0,183,0",0,183,[NULL]
0,"0,176,1",4,179,[NULL]
0,"0,2,804,1,1",123,60,[NULL]
0,"0,3,17,1,554,1,0",126,57,[NULL]
0,"0,55,324,1,0",127,56,[NULL]
0,"915,1,0",130,53,[NULL]
0,"0,48,324,1,1",131,52,[NULL]
0,"916,1,0",133,50,[NULL]
0,"917,1,0",134,49,[NULL]
0,"42,1,402,1,0",140,43,[NULL]
0,"0,9,807,1,0",141,42,[NULL]
0,"0,2,64,1,224,1,1",142,41,[NULL]
1,"0,10,795,1,0",142,41,[NULL]
0,"0,2,64,1,225,1,1",143,40,[NULL]
1,"1,1,5,1,725,1,0",143,40,[NULL]
0,"0,1,896,1,0",144,39,[NULL]
0,"0,2,807,1,1",145,38,[NULL]
1,"918,1,0",145,38,[NULL]
2,"0,4,64,1,244,1,0",145,38,[NULL]
0,"0,3,795,1,1",146,37,[NULL]
1,"0,4,138,1,149,1,0",146,37,[NULL]
0,"1,2,64,1,244,1,0",147,36,[NULL]
1,"0,4,17,2,260,1,0",147,36,[NULL]
0,"64,1,191",152,31,[NULL]
1,"260,1,42",152,31,[NULL]
0,"0,1,708",153,30,[NULL]
1,"64,2,29",153,30,[NULL]
0,"0,1,64,1,260,1,0",154,29,[NULL]
0,"0,1,897,1,0",155,28,[NULL]
0,"300,1,29",156,27,[NULL]
1,"13,1,248,1,17",156,27,[NULL]
2,"921,1,0",156,27,[NULL]
3,"920,1,0",156,27,[NULL]
4,"919,1,0",156,27,[NULL]
0,"13,1,346,1,6",157,26,[NULL]
1,"0,1,898,1,0",157,26,[NULL]
2,"0,15,743,1,0",157,26,[NULL]
0,"0,7,836,1,0",158,25,[NULL]
0,"1,1,694",159,24,[NULL]
0,"308,1,29",160,23,[NULL]
0,"13,2,209,1,6",161,22,[NULL]
1,"64,1,235,1,1",161,22,[NULL]
2,"0,8,743,1,1",161,22,[NULL]
0,718,162,21,[NULL]
1,"13,1,67,1,75,1,6",162,21,[NULL]
2,"837,1,1",162,21,[NULL]
3,"836,1,1",162,21,[NULL]
0,719,163,20,[NULL]
1,"275,1,38",163,20,[NULL]
2,"838,1,1",163,20,[NULL]
3,"64,1,269,1,0",163,20,[NULL]
0,720,164,19,[NULL]
1,"0,1,711",164,19,[NULL]
2,"0,1,825,1,1",164,19,[NULL]
3,"0,2,891,1,0",164,19,[NULL]
0,721,165,18,[NULL]
1,"0,1,712",165,18,[NULL]
2,"0,1,763,1,2",165,18,[NULL]
3,"0,1,908,1,0",165,18,[NULL]
0,723,166,17,[NULL]
1,722,166,17,[NULL]
2,"591,1,8",166,17,[NULL]
3,"0,1,764,1,2",166,17,[NULL]
4,"923,1,0",166,17,[NULL]
5,"0,1,50,1,324,1,0",166,17,[NULL]
0,725,167,16,[NULL]
1,724,167,16,[NULL]
2,"1,1,700",167,16,[NULL]
3,"239,1,48",167,16,[NULL]
4,"14,1,324,1,8",167,16,[NULL]
5,"3,1,825,1,0",167,16,[NULL]
0,726,168,15,[NULL]
1,"74,1,197,1,2",168,15,[NULL]
0,727,169,14,[NULL]
1,"43,1,412,1,0",169,14,[NULL]
0,"216,1,55",170,13,[NULL]
1,"924,1,0",170,13,[NULL]
2,"0,2,893,1,0",170,13,[NULL]
0,728,171,12,[NULL]
1,"1,1,704",171,12,[NULL]
2,"3,1,633",171,12,[NULL]
3,"0,1,43,1,396,1,0",171,12,[NULL]
0,729,172,11,[NULL]
1,"3,1,634",172,11,[NULL]
2,"3,1,18,1,352,1,2",172,11,[NULL]
3,"0,1,43,1,398,1,0",172,11,[NULL]
4,"0,7,849,1,0",172,11,[NULL]
0,730,173,10,[NULL]
1,"5,1,18,1,279",173,10,[NULL]
2,"782,1,2",173,10,[NULL]
3,"0,7,850,1,0",173,10,[NULL]
0,"18,1,506,1,1",174,9,[NULL]
1,"1,1,48,1,324,1,0",174,9,[NULL]
2,"0,2,894,1,0",174,9,[NULL]
0,"53,1,324,1,0",175,8,[NULL]
1,"0,1,913,1,0",175,8,[NULL]
0,"849,1,1",176,7,[NULL]
1,"0,1,10,1,18,1,324,1,0",176,7,[NULL]
0,"850,1,1",177,6,[NULL]
0,"0,184,0",0,184,[NULL]
0,"0,177,1",4,180,[NULL]
0,"1,1,895,1,0",122,62,[NULL]
0,"926,1,0",123,61,[NULL]
0,"0,4,17,1,554,1,0",126,58,[NULL]
0,"0,56,324,1,0",127,57,[NULL]
0,"0,49,324,1,1",131,53,[NULL]
0,"0,1,916,1,0",133,51,[NULL]
0,"0,1,917,1,0",134,50,[NULL]
0,"276,1,38",135,49,[NULL]
0,"0,10,807,1,0",141,43,[NULL]
0,"595,1,8",142,42,[NULL]
1,"0,3,64,1,224,1,1",142,42,[NULL]
2,"0,11,795,1,0",142,42,[NULL]
0,"0,3,64,1,225,1,1",143,41,[NULL]
0,"0,2,896,1,0",144,40,[NULL]
0,"0,3,807,1,1",145,39,[NULL]
1,"0,1,918,1,0",145,39,[NULL]
2,"0,5,64,1,244,1,0",145,39,[NULL]
0,"0,4,795,1,1",146,38,[NULL]
1,"0,5,138,1,149,1,0",146,38,[NULL]
0,731,151,33,[NULL]
1,"491,1,15",151,33,[NULL]
0,"0,1,64,1,191",152,32,[NULL]
1,"0,1,260,1,42",152,32,[NULL]
2,"149,2,0",152,32,[NULL]
0,"66,1,191",153,31,[NULL]
1,"927,1,0",153,31,[NULL]
0,"13,5,23,1,6",154,30,[NULL]
1,"0,2,64,1,260,1,0",154,30,[NULL]
0,"13,5,24,1,6",155,29,[NULL]
1,"64,1,274,1,0",155,29,[NULL]
2,"1,1,64,1,260,1,0",155,29,[NULL]
3,"0,2,897,1,0",155,29,[NULL]
0,"0,1,921,1,0",156,28,[NULL]
1,"0,1,919,1,0",156,28,[NULL]
0,"0,2,898,1,0",157,27,[NULL]
0,"420,1,22",158,26,[NULL]
1,"1,1,898,1,0",158,26,[NULL]
0,"13,1,357,1,6",159,25,[NULL]
1,"5,1,64,1,209,1,0",159,25,[NULL]
2,"1,1,899,1,0",159,25,[NULL]
0,"13,2,212,1,6",160,24,[NULL]
1,"3,1,832,1,0",160,24,[NULL]
0,"13,1,360,1,6",161,23,[NULL]
1,"0,1,64,1,235,1,1",161,23,[NULL]
2,"0,9,743,1,1",161,23,[NULL]
3,"929,1,0",161,23,[NULL]
0,"472,1,17",162,22,[NULL]
1,"0,1,837,1,1",162,22,[NULL]
2,"0,1,836,1,1",162,22,[NULL]
3,"67,1,266,1,0",162,22,[NULL]
4,"64,1,275,1,0",162,22,[NULL]
0,"13,2,213,1,6",163,21,[NULL]
1,"930,1,0",163,21,[NULL]
2,"67,1,267,1,0",163,21,[NULL]
0,"311,1,29",164,20,[NULL]
1,"0,2,825,1,1",164,20,[NULL]
2,"68,1,267,1,0",164,20,[NULL]
3,"0,3,891,1,0",164,20,[NULL]
0,732,165,19,[NULL]
1,"0,2,712",165,19,[NULL]
2,"604,1,9",165,19,[NULL]
3,"0,2,763,1,2",165,19,[NULL]
4,"931,1,0",165,19,[NULL]
5,"0,2,908,1,0",165,19,[NULL]
0,733,166,18,[NULL]
1,"1,1,712",166,18,[NULL]
2,"474,1,17",166,18,[NULL]
3,"3,1,838,1,0",166,18,[NULL]
4,"1,1,906,1,0",166,18,[NULL]
5,"0,2,50,1,324,1,0",166,18,[NULL]
0,"932,1,0",167,17,[NULL]
1,"1,1,909,1,0",167,17,[NULL]
0,"3,1,189,1,55",168,16,[NULL]
1,"3,1,841,1,0",168,16,[NULL]
0,734,169,15,[NULL]
1,"36,1,307",169,15,[NULL]
2,"221,1,55",169,15,[NULL]
3,"477,1,18",169,15,[NULL]
4,"3,1,843,1,0",169,15,[NULL]
5,"3,1,842,1,0",169,15,[NULL]
0,"2,1,689",170,14,[NULL]
1,"3,1,639",170,14,[NULL]
2,"43,1,269",170,14,[NULL]
3,"3,1,190,1,55",170,14,[NULL]
4,"787,1,2",170,14,[NULL]
5,"934,1,0",170,14,[NULL]
0,"2,1,690",171,13,[NULL]
1,"197,1,75",171,13,[NULL]
2,"3,1,376,1,18",171,13,[NULL]
3,"788,1,2",171,13,[NULL]
4,"936,1,0",171,13,[NULL]
0,"3,1,642",172,12,[NULL]
1,"198,1,75",172,12,[NULL]
2,"790,1,2",172,12,[NULL]
3,"789,1,2",172,12,[NULL]
4,"937,1,0",172,12,[NULL]
0,"392,1,26",173,11,[NULL]
1,"793,1,2",173,11,[NULL]
2,"791,1,2",173,11,[NULL]
3,"938,1,0",173,11,[NULL]
0,"37,1,311",174,10,[NULL]
1,"397,1,26",174,10,[NULL]
2,"396,1,26",174,10,[NULL]
3,"0,1,18,1,506,1,1",174,10,[NULL]
4,"3,1,847,1,0",174,10,[NULL]
0,"399,1,26",175,9,[NULL]
1,"398,1,26",175,9,[NULL]
2,"794,1,2",175,9,[NULL]
3,"0,1,53,1,324,1,0",175,9,[NULL]
0,"400,1,26",176,8,[NULL]
1,"506,1,14",176,8,[NULL]
2,"36,1,324,1,2",176,8,[NULL]
3,"0,1,849,1,1",176,8,[NULL]
0,"508,1,14",177,7,[NULL]
1,"0,1,850,1,1",177,7,[NULL]
0,"37,1,324,1,2",178,6,[NULL]
0,"38,1,324,1,2",179,5,[NULL]
0,"0,185,0",0,185,[NULL]
0,"0,178,1",4,181,[NULL]
0,"0,1,926,1,0",123,62,[NULL]
0,"0,57,324,1,0",127,58,[NULL]
0,735,130,55,[NULL]
0,"0,50,324,1,1",131,54,[NULL]
0,"0,2,916,1,0",133,52,[NULL]
0,"1,1,916,1,0",134,51,[NULL]
1,"0,2,917,1,0",134,51,[NULL]
0,"1,1,42,1,402,1,0",141,44,[NULL]
1,"0,11,807,1,0",141,44,[NULL]
0,"0,12,795,1,0",142,43,[NULL]
0,"0,4,64,1,225,1,1",143,42,[NULL]
0,"0,3,896,1,0",144,41,[NULL]
0,"0,4,807,1,1",145,40,[NULL]
1,"0,6,64,1,244,1,0",145,40,[NULL]
0,"0,5,795,1,1",146,39,[NULL]
0,"244,1,47",150,35,[NULL]
1,"315,1,29",150,35,[NULL]
2,"939,1,0",150,35,[NULL]
0,"17,1,491,1,2",151,34,[NULL]
0,"0,2,64,1,191",152,33,[NULL]
1,"0,2,260,1,42",152,33,[NULL]
2,"0,1,149,2,0",152,33,[NULL]
0,"862,1,1",153,32,[NULL]
1,"0,1,927,1,0",153,32,[NULL]
0,"1,1,64,2,29",154,31,[NULL]
1,"0,3,64,1,260,1,0",154,31,[NULL]
0,"0,1,64,1,274,1,0",155,30,[NULL]
1,"0,3,897,1,0",155,30,[NULL]
0,"0,2,921,1,0",156,29,[NULL]
1,"0,2,919,1,0",156,29,[NULL]
0,"64,1,278,1,0",157,28,[NULL]
1,"1,1,919,1,0",157,28,[NULL]
2,"0,3,898,1,0",157,28,[NULL]
0,"13,1,483",159,26,[NULL]
1,"13,3,23,1,64",159,26,[NULL]
0,736,160,25,[NULL]
1,"13,3,83,1,17",160,25,[NULL]
2,"13,3,133,1,6",160,25,[NULL]
3,"0,1,3,1,832,1,0",160,25,[NULL]
0,"13,3,134,1,6",161,24,[NULL]
1,"0,2,64,1,235,1,1",161,24,[NULL]
2,"0,10,743,1,1",161,24,[NULL]
3,"64,1,279,1,0",161,24,[NULL]
4,"0,1,929,1,0",161,24,[NULL]
0,"0,2,836,1,1",162,23,[NULL]
0,"0,1,930,1,0",163,22,[NULL]
0,737,164,21,[NULL]
1,"568,1,11",164,21,[NULL]
2,"942,1,0",164,21,[NULL]
3,"1,1,64,1,269,1,0",164,21,[NULL]
4,"0,1,68,1,267,1,0",164,21,[NULL]
5,"0,4,891,1,0",164,21,[NULL]
0,"212,1,64",165,20,[NULL]
1,"302,1,33",165,20,[NULL]
2,"618,1,6",165,20,[NULL]
3,"943,1,0",165,20,[NULL]
4,"0,3,908,1,0",165,20,[NULL]
0,"417,1,25",166,19,[NULL]
1,"619,1,6",166,19,[NULL]
2,"0,3,50,1,324,1,0",166,19,[NULL]
0,"620,1,6",167,18,[NULL]
1,"946,1,0",167,18,[NULL]
2,"0,1,932,1,0",167,18,[NULL]
0,738,168,17,[NULL]
1,"1,1,724",168,17,[NULL]
2,"213,1,64",168,17,[NULL]
3,"620,1,7",168,17,[NULL]
4,"13,1,373,1,6",168,17,[NULL]
5,"55,1,324,1,0",168,17,[NULL]
0,"2,1,700",169,16,[NULL]
1,"13,1,190,1,33",169,16,[NULL]
2,"13,1,376,1,6",169,16,[NULL]
3,"0,1,3,1,843,1,0",169,16,[NULL]
0,"485,1,18",170,15,[NULL]
0,740,171,14,[NULL]
1,739,171,14,[NULL]
2,"0,1,788,1,2",171,14,[NULL]
3,"1,1,924,1,0",171,14,[NULL]
0,741,172,13,[NULL]
1,"2,1,702",172,13,[NULL]
2,"3,1,712,1,2",172,13,[NULL]
3,"0,1,789,1,2",172,13,[NULL]
4,"0,1,937,1,0",172,13,[NULL]
0,"43,1,278",173,12,[NULL]
1,"131,1,119",173,12,[NULL]
2,"7,1,676,1,1",173,12,[NULL]
0,"324,1,29",174,11,[NULL]
1,"0,2,18,1,506,1,1",174,11,[NULL]
0,"3,1,659",175,10,[NULL]
1,"0,2,53,1,324,1,0",175,10,[NULL]
0,"38,1,319",176,9,[NULL]
1,"0,1,506,1,14",176,9,[NULL]
2,"0,2,849,1,1",176,9,[NULL]
0,"43,1,279",177,8,[NULL]
1,"0,2,850,1,1",177,8,[NULL]
0,"508,1,16",178,7,[NULL]
0,"57,1,324,1,0",179,6,[NULL]
0,"0,186,0",0,186,[NULL]
0,"0,179,1",4,182,[NULL]
0,"0,2,926,1,0",123,63,[NULL]
0,"0,58,324,1,0",127,59,[NULL]
0,"804,1,2",130,56,[NULL]
0,"0,51,324,1,1",131,55,[NULL]
0,"0,3,916,1,0",133,53,[NULL]
0,"0,3,917,1,0",134,52,[NULL]
0,"952,1,0",136,50,[NULL]
0,"0,13,795,1,0",142,44,[NULL]
0,"17,2,298,1,0",143,43,[NULL]
0,"0,5,807,1,1",145,41,[NULL]
0,"0,6,795,1,1",146,40,[NULL]
0,"64,1,244,1,1",149,37,[NULL]
1,"955,1,0",149,37,[NULL]
0,"138,1,149,1,1",150,36,[NULL]
0,"17,2,260,1,1",151,35,[NULL]
0,"27,1,375",152,34,[NULL]
1,"64,1,246,1,1",152,34,[NULL]
2,"59,1,260,1,1",152,34,[NULL]
3,"0,2,149,2,0",152,34,[NULL]
0,"0,1,862,1,1",153,33,[NULL]
1,"1,1,149,2,0",153,33,[NULL]
2,"0,2,927,1,0",153,33,[NULL]
0,"0,4,64,1,260,1,0",154,32,[NULL]
0,"0,2,64,1,274,1,0",155,31,[NULL]
1,"0,4,897,1,0",155,31,[NULL]
0,"1,2,64,1,260,1,0",156,30,[NULL]
1,"0,3,921,1,0",156,30,[NULL]
2,"0,3,919,1,0",156,30,[NULL]
0,"13,2,219,1,6",157,29,[NULL]
1,"0,4,898,1,0",157,29,[NULL]
0,"13,2,220,1,6",158,28,[NULL]
0,"2,1,709",159,27,[NULL]
0,"958,1,0",160,26,[NULL]
1,"1,1,5,1,64,1,209,1,0",160,26,[NULL]
2,"0,2,3,1,832,1,0",160,26,[NULL]
0,742,161,25,[NULL]
1,"0,11,743,1,1",161,25,[NULL]
0,743,162,24,[NULL]
1,"0,3,836,1,1",162,24,[NULL]
0,744,163,23,[NULL]
1,"188,1,84",163,23,[NULL]
2,"0,2,930,1,0",163,23,[NULL]
0,745,164,22,[NULL]
1,"628,1,6",164,22,[NULL]
2,"0,5,891,1,0",164,22,[NULL]
0,746,165,21,[NULL]
1,"13,1,261,1,17",165,21,[NULL]
2,"628,1,7",165,21,[NULL]
3,"0,1,943,1,0",165,21,[NULL]
0,747,166,20,[NULL]
1,"286,1,41",166,20,[NULL]
2,"13,1,262,1,17",166,20,[NULL]
3,"629,1,6",166,20,[NULL]
4,"959,1,0",166,20,[NULL]
5,"1,1,931,1,0",166,20,[NULL]
6,"0,4,50,1,324,1,0",166,20,[NULL]
0,"1,2,712",167,19,[NULL]
1,"618,1,9",167,19,[NULL]
2,"629,1,7",167,19,[NULL]
3,"630,1,6",167,19,[NULL]
4,"960,1,0",167,19,[NULL]
0,"0,1,738",168,18,[NULL]
1,"630,1,7",168,18,[NULL]
0,750,169,17,[NULL]
1,749,169,17,[NULL]
2,748,169,17,[NULL]
3,"620,1,9",169,17,[NULL]
0,751,170,16,[NULL]
1,"43,1,67,1,55",170,16,[NULL]
2,"70,1,275,1,0",170,16,[NULL]
0,752,171,15,[NULL]
1,"0,1,739",171,15,[NULL]
2,"2,1,714",171,15,[NULL]
3,"3,1,412,1,18",171,15,[NULL]
4,"732,1,4",171,15,[NULL]
0,753,172,14,[NULL]
1,"18,1,422",172,14,[NULL]
2,"67,1,197",172,14,[NULL]
3,"3,1,197,1,55",172,14,[NULL]
4,"815,1,2",172,14,[NULL]
5,"3,2,769,1,0",172,14,[NULL]
0,"324,1,30",173,13,[NULL]
1,"521,1,14",173,13,[NULL]
2,"817,1,2",173,13,[NULL]
3,"3,1,719,1,2",173,13,[NULL]
4,"0,1,7,1,676,1,1",173,13,[NULL]
0,754,174,12,[NULL]
1,"230,1,55",174,12,[NULL]
2,"0,1,324,1,29",174,12,[NULL]
3,"523,1,14",174,12,[NULL]
4,"18,1,591,1,0",174,12,[NULL]
5,"1,1,938,1,0",174,12,[NULL]
0,"3,1,670",175,11,[NULL]
1,"3,1,669",175,11,[NULL]
2,"18,1,423",175,11,[NULL]
3,"524,1,14",175,11,[NULL]
4,"818,1,2",175,11,[NULL]
5,"961,1,0",175,11,[NULL]
0,756,176,10,[NULL]
1,755,176,10,[NULL]
2,"18,1,424",176,10,[NULL]
3,"525,1,14",176,10,[NULL]
4,"13,1,324,1,10",176,10,[NULL]
5,"0,3,849,1,1",176,10,[NULL]
0,"3,1,672",177,9,[NULL]
1,"324,1,31",177,9,[NULL]
2,"0,3,850,1,1",177,9,[NULL]
0,757,178,8,[NULL]
0,"18,1,425",179,7,[NULL]
0,"324,1,32",180,6,[NULL]
0,"18,1,426",181,5,[NULL]
1,"3,1,324,1,26",181,5,[NULL]
0,758,182,4,[NULL]
0,"0,187,0",0,187,[NULL]
0,"0,180,1",4,183,[NULL]
0,"0,59,324,1,0",127,60,[NULL]
0,"622,1,8",128,59,[NULL]
0,"17,1,554,1,1",130,57,[NULL]
0,"0,52,324,1,1",131,56,[NULL]
0,"0,4,916,1,0",133,54,[NULL]
0,"0,4,917,1,0",134,53,[NULL]
0,"1,2,916,1,0",135,52,[NULL]
0,759,141,46,[NULL]
0,"0,14,795,1,0",142,45,[NULL]
0,760,144,43,[NULL]
0,"0,6,807,1,1",145,42,[NULL]
0,"0,7,795,1,1",146,41,[NULL]
0,"452,1,22",148,39,[NULL]
0,"0,1,64,1,244,1,1",149,38,[NULL]
0,"0,1,138,1,149,1,1",150,37,[NULL]
0,"623,1,8",151,36,[NULL]
1,"0,1,17,2,260,1,1",151,36,[NULL]
2,"1,1,939,1,0",151,36,[NULL]
0,"0,1,64,1,246,1,1",152,35,[NULL]
1,"0,1,59,1,260,1,1",152,35,[NULL]
2,"0,3,149,2,0",152,35,[NULL]
0,"0,2,862,1,1",153,34,[NULL]
1,"0,3,927,1,0",153,34,[NULL]
0,"0,5,64,1,260,1,0",154,33,[NULL]
0,"149,1,160,1,0",155,32,[NULL]
1,"0,3,64,1,274,1,0",155,32,[NULL]
2,"0,5,897,1,0",155,32,[NULL]
0,"0,4,919,1,0",156,31,[NULL]
0,"0,5,898,1,0",157,30,[NULL]
0,"13,6,17",158,29,[NULL]
0,"13,2,23,1,101,1,6",159,28,[NULL]
0,762,160,27,[NULL]
1,761,160,27,[NULL]
0,"0,1,742",161,26,[NULL]
1,"0,12,743,1,1",161,26,[NULL]
2,"963,1,0",161,26,[NULL]
0,"219,1,64",162,25,[NULL]
1,"292,1,38",162,25,[NULL]
2,"0,4,836,1,1",162,25,[NULL]
0,"0,1,744",163,24,[NULL]
1,"13,1,266,1,17",163,24,[NULL]
2,"23,1,286,1,6",163,24,[NULL]
0,764,164,23,[NULL]
1,763,164,23,[NULL]
2,"293,1,38",164,23,[NULL]
3,"13,1,267,1,17",164,23,[NULL]
4,"23,1,287,1,6",164,23,[NULL]
5,"3,1,876,1,0",164,23,[NULL]
0,"0,1,746",165,22,[NULL]
1,"188,1,86",165,22,[NULL]
2,"640,1,6",165,22,[NULL]
3,"3,1,877,1,0",165,22,[NULL]
4,"0,2,943,1,0",165,22,[NULL]
0,"51,1,254",166,21,[NULL]
1,"628,1,9",166,21,[NULL]
2,"0,1,959,1,0",166,21,[NULL]
3,"0,5,50,1,324,1,0",166,21,[NULL]
0,"23,1,213,1,17",167,20,[NULL]
1,"13,1,408,1,6",167,20,[NULL]
2,"0,1,960,1,0",167,20,[NULL]
0,"209,1,74",168,19,[NULL]
1,"629,1,9",168,19,[NULL]
2,"13,1,411,1,6",168,19,[NULL]
3,"964,1,0",168,19,[NULL]
0,"43,1,67,1,57",169,18,[NULL]
1,"235,1,52",169,18,[NULL]
2,"67,2,33",169,18,[NULL]
3,"630,1,9",169,18,[NULL]
0,"107,1,152",170,17,[NULL]
1,"319,1,33",170,17,[NULL]
0,765,171,16,[NULL]
1,"1,1,485,1,18",171,16,[NULL]
2,"825,1,2",171,16,[NULL]
3,"966,1,0",171,16,[NULL]
4,"965,1,0",171,16,[NULL]
0,766,172,15,[NULL]
1,"2,1,727",172,15,[NULL]
2,"209,1,75",172,15,[NULL]
3,"3,1,730,1,2",172,15,[NULL]
4,"0,1,815,1,2",172,15,[NULL]
5,"967,1,0",172,15,[NULL]
6,"3,1,882,1,0",172,15,[NULL]
0,"235,1,55",173,14,[NULL]
1,"504,1,17",173,14,[NULL]
2,"17,1,324,1,8",173,14,[NULL]
3,"0,1,817,1,2",173,14,[NULL]
4,"0,1,3,1,719,1,2",173,14,[NULL]
5,"69,1,287,1,0",173,14,[NULL]
0,"0,2,324,1,29",174,13,[NULL]
1,"504,1,18",174,13,[NULL]
2,"0,1,523,1,14",174,13,[NULL]
3,"3,1,734,1,2",174,13,[NULL]
0,"1,1,324,1,29",175,12,[NULL]
1,"0,1,524,1,14",175,12,[NULL]
2,"3,1,884,1,0",175,12,[NULL]
0,"828,1,2",176,11,[NULL]
1,"0,4,849,1,1",176,11,[NULL]
2,"968,1,0",176,11,[NULL]
0,767,177,10,[NULL]
1,"506,1,17",177,10,[NULL]
2,"0,4,850,1,1",177,10,[NULL]
0,"3,1,677",178,9,[NULL]
1,"506,1,18",178,9,[NULL]
0,"508,1,18",179,8,[NULL]
0,"324,1,33",182,5,[NULL]
0,"0,188,0",0,188,[NULL]
0,"0,181,1",4,184,[NULL]
0,"0,60,324,1,0",127,61,[NULL]
0,"0,1,17,1,554,1,1",130,58,[NULL]
0,"0,53,324,1,1",131,57,[NULL]
0,"0,5,916,1,0",133,55,[NULL]
0,"0,5,917,1,0",134,54,[NULL]
0,"969,1,0",140,48,[NULL]
0,"636,1,8",141,47,[NULL]
0,"970,1,0",143,45,[NULL]
0,"0,7,807,1,1",145,43,[NULL]
0,"0,8,795,1,1",146,42,[NULL]
0,"5,1,64,1,224,1,0",147,41,[NULL]
0,"0,2,64,1,244,1,1",149,39,[NULL]
0,"0,2,138,1,149,1,1",150,38,[NULL]
1,"1,1,955,1,0",150,38,[NULL]
0,"17,1,623,1,0",151,37,[NULL]
0,"0,2,59,1,260,1,1",152,36,[NULL]
1,"971,1,0",152,36,[NULL]
2,"0,4,149,2,0",152,36,[NULL]
0,"972,1,0",153,35,[NULL]
1,"0,4,927,1,0",153,35,[NULL]
0,"1,2,149,2,0",154,34,[NULL]
1,"0,6,64,1,260,1,0",154,34,[NULL]
0,"0,5,919,1,0",156,32,[NULL]
0,"0,6,898,1,0",157,31,[NULL]
0,"64,1,206",159,29,[NULL]
1,"260,1,47",159,29,[NULL]
0,"0,1,761",160,28,[NULL]
1,"17,1,451",160,28,[NULL]
2,"347,1,29",160,28,[NULL]
3,"642,1,6",160,28,[NULL]
0,"0,2,742",161,27,[NULL]
1,"642,1,7",161,27,[NULL]
2,"13,4,67,1,6",161,27,[NULL]
3,"1,1,958,1,0",161,27,[NULL]
4,"0,1,963,1,0",161,27,[NULL]
0,"974,1,0",162,26,[NULL]
1,"973,1,0",162,26,[NULL]
0,"300,1,38",163,25,[NULL]
1,"977,1,0",163,25,[NULL]
2,"976,1,0",163,25,[NULL]
3,"64,1,293,1,0",163,25,[NULL]
0,"13,3,95,1,17",164,24,[NULL]
1,"832,1,2",164,24,[NULL]
2,"978,1,0",164,24,[NULL]
3,"0,1,3,1,876,1,0",164,24,[NULL]
0,"0,2,746",165,23,[NULL]
1,"979,1,0",165,23,[NULL]
0,"1,1,746",166,22,[NULL]
1,"266,1,46",166,22,[NULL]
2,"0,2,959,1,0",166,22,[NULL]
0,768,167,21,[NULL]
1,"267,1,46",167,21,[NULL]
2,"351,1,29",167,21,[NULL]
3,"13,1,417,1,6",167,21,[NULL]
4,"1,1,959,1,0",167,21,[NULL]
0,769,168,20,[NULL]
1,"891,1,1",168,20,[NULL]
2,"982,1,0",168,20,[NULL]
3,"0,1,964,1,0",168,20,[NULL]
0,"328,1,33",169,19,[NULL]
1,"837,1,2",169,19,[NULL]
2,"984,1,0",169,19,[NULL]
0,772,170,18,[NULL]
1,771,170,18,[NULL]
2,770,170,18,[NULL]
3,"324,1,34",170,18,[NULL]
4,"838,1,2",170,18,[NULL]
5,"985,1,0",170,18,[NULL]
0,774,171,17,[NULL]
1,773,171,17,[NULL]
2,"0,1,825,1,2",171,17,[NULL]
3,"0,1,966,1,0",171,17,[NULL]
4,"0,1,965,1,0",171,17,[NULL]
0,776,172,16,[NULL]
1,775,172,16,[NULL]
2,"450,1,25",172,16,[NULL]
3,"841,1,2",172,16,[NULL]
4,"987,1,0",172,16,[NULL]
0,777,173,15,[NULL]
1,"331,1,33",173,15,[NULL]
2,"591,1,11",173,15,[NULL]
3,"843,1,2",173,15,[NULL]
4,"989,1,0",173,15,[NULL]
5,"988,1,0",173,15,[NULL]
6,"17,2,324,1,0",173,15,[NULL]
0,778,174,14,[NULL]
1,"239,1,55",174,14,[NULL]
2,"543,1,14",174,14,[NULL]
3,"991,1,0",174,14,[NULL]
4,"990,1,0",174,14,[NULL]
5,"60,1,324,1,0",174,14,[NULL]
6,"59,1,324,1,0",174,14,[NULL]
0,779,175,13,[NULL]
1,"43,1,307",175,13,[NULL]
2,"43,1,306",175,13,[NULL]
3,"333,1,33",175,13,[NULL]
4,"544,1,14",175,13,[NULL]
5,"1,1,18,1,591,1,0",175,13,[NULL]
0,780,176,12,[NULL]
1,"43,1,308",176,12,[NULL]
2,"240,1,55",176,12,[NULL]
3,"18,1,615,1,0",176,12,[NULL]
4,"1,1,961,1,0",176,12,[NULL]
0,782,177,11,[NULL]
1,781,177,11,[NULL]
2,"43,1,309",177,11,[NULL]
3,"241,1,55",177,11,[NULL]
4,"993,1,0",177,11,[NULL]
0,"43,1,311",178,10,[NULL]
1,"43,1,310",178,10,[NULL]
2,"847,1,2",178,10,[NULL]
0,"43,1,312",179,9,[NULL]
0,783,180,8,[NULL]
1,"18,1,617,1,0",180,8,[NULL]
0,784,181,7,[NULL]
1,"324,1,35",181,7,[NULL]
2,"994,1,0",181,7,[NULL]
3,"61,1,324,1,0",181,7,[NULL]
0,785,182,6,[NULL]
1,"18,1,324,1,6",182,6,[NULL]
2,"43,1,324,1,2",182,6,[NULL]
3,"3,1,751,1,2",182,6,[NULL]
0,"18,1,324,1,7",183,5,[NULL]
1,"849,1,2",183,5,[NULL]
0,"0,189,0",0,189,[NULL]
0,"0,182,1",4,185,[NULL]
0,"0,61,324,1,0",127,62,[NULL]
0,"995,1,0",129,60,[NULL]
0,"996,1,0",130,59,[NULL]
0,"0,54,324,1,1",131,58,[NULL]
0,"0,6,916,1,0",133,56,[NULL]
0,786,138,51,[NULL]
0,"0,1,969,1,0",140,49,[NULL]
0,"17,1,636,1,0",141,48,[NULL]
0,"354,1,29",142,47,[NULL]
0,"135,1,125",145,44,[NULL]
1,"0,8,807,1,1",145,44,[NULL]
0,"0,9,795,1,1",146,43,[NULL]
0,"0,3,64,1,244,1,1",149,40,[NULL]
1,"64,1,297,1,0",149,40,[NULL]
0,"64,1,298,1,0",150,39,[NULL]
0,"0,1,17,1,623,1,0",151,38,[NULL]
0,"17,1,637,1,0",152,37,[NULL]
1,"0,1,971,1,0",152,37,[NULL]
2,"0,5,149,2,0",152,37,[NULL]
0,"0,5,927,1,0",153,36,[NULL]
0,"0,6,919,1,0",156,33,[NULL]
0,"0,7,898,1,0",157,32,[NULL]
0,787,158,31,[NULL]
1,"64,1,260,1,1",158,31,[NULL]
0,"80,1,191",159,30,[NULL]
1,"897,1,1",159,30,[NULL]
2,"64,3,0",159,30,[NULL]
0,"0,2,761",160,29,[NULL]
1,"66,1,206",160,29,[NULL]
2,"64,1,299,1,0",160,29,[NULL]
0,"13,2,167,1,17",161,28,[NULL]
1,"898,1,1",161,28,[NULL]
2,"0,2,963,1,0",161,28,[NULL]
0,"23,1,292,1,6",162,27,[NULL]
1,"64,1,301,1,0",162,27,[NULL]
2,"1,1,963,1,0",162,27,[NULL]
3,"0,1,974,1,0",162,27,[NULL]
4,"0,1,973,1,0",162,27,[NULL]
0,"0,1,977,1,0",163,26,[NULL]
1,"0,1,976,1,0",163,26,[NULL]
0,"0,1,978,1,0",164,25,[NULL]
0,788,165,24,[NULL]
1,"361,1,29",165,24,[NULL]
2,"856,1,2",165,24,[NULL]
3,"998,1,0",165,24,[NULL]
0,790,166,23,[NULL]
1,789,166,23,[NULL]
2,"646,1,9",166,23,[NULL]
3,"13,1,423,1,6",166,23,[NULL]
4,"64,1,308,1,0",166,23,[NULL]
0,791,167,22,[NULL]
1,"13,1,23,1,181,1,6",167,22,[NULL]
2,"999,1,0",167,22,[NULL]
0,"857,1,2",168,21,[NULL]
1,"0,1,891,1,1",168,21,[NULL]
2,"0,1,982,1,0",168,21,[NULL]
0,793,169,20,[NULL]
1,792,169,20,[NULL]
2,"908,1,1",169,20,[NULL]
3,"1,1,964,1,0",169,20,[NULL]
4,"0,1,984,1,0",169,20,[NULL]
0,794,170,19,[NULL]
1,"0,1,838,1,2",170,19,[NULL]
2,"50,1,324,1,1",170,19,[NULL]
3,"1000,1,0",170,19,[NULL]
0,795,171,18,[NULL]
1,"2,1,738",171,18,[NULL]
2,"0,2,825,1,2",171,18,[NULL]
3,"0,2,965,1,0",171,18,[NULL]
0,"313,1,38",172,17,[NULL]
1,"1003,1,0",172,17,[NULL]
2,"1002,1,0",172,17,[NULL]
3,"0,1,987,1,0",172,17,[NULL]
0,"335,1,33",173,16,[NULL]
1,"0,1,843,1,2",173,16,[NULL]
2,"1004,1,0",173,16,[NULL]
3,"122,1,209,1,0",173,16,[NULL]
4,"0,1,17,2,324,1,0",173,16,[NULL]
0,"43,1,74,1,55",174,15,[NULL]
1,"652,1,9",174,15,[NULL]
2,"1005,1,0",174,15,[NULL]
3,"1,1,69,1,287,1,0",174,15,[NULL]
4,"0,1,59,1,324,1,0",174,15,[NULL]
0,796,175,14,[NULL]
1,"67,1,210",175,14,[NULL]
2,"523,1,17",175,14,[NULL]
3,"858,1,2",175,14,[NULL]
4,"43,1,333,1,2",175,14,[NULL]
5,"1006,1,0",175,14,[NULL]
0,797,176,13,[NULL]
1,"5,1,324,1,22",176,13,[NULL]
2,"524,1,17",176,13,[NULL]
3,"860,1,2",176,13,[NULL]
4,"1008,1,0",176,13,[NULL]
5,"0,1,18,1,615,1,0",176,13,[NULL]
0,"3,1,756,1,2",177,12,[NULL]
1,"1,1,968,1,0",177,12,[NULL]
2,"0,1,993,1,0",177,12,[NULL]
0,"0,1,847,1,2",178,11,[NULL]
0,"18,1,444",179,10,[NULL]
1,"43,1,319",179,10,[NULL]
2,"526,1,17",179,10,[NULL]
0,799,180,9,[NULL]
1,798,180,9,[NULL]
2,"18,1,447",180,9,[NULL]
3,"43,1,320",180,9,[NULL]
4,"324,1,36",180,9,[NULL]
5,"660,1,6",180,9,[NULL]
0,"324,1,37",181,8,[NULL]
1,"18,1,324,1,8",181,8,[NULL]
2,"0,1,994,1,0",181,8,[NULL]
0,"0,1,43,1,324,1,2",182,7,[NULL]
0,800,183,6,[NULL]
1,"1,1,324,1,33",183,6,[NULL]
0,"18,1,324,1,9",184,5,[NULL]
0,"0,190,0",0,190,[NULL]
0,"0,183,1",4,186,[NULL]
0,"0,62,324,1,0",127,63,[NULL]
0,"0,1,996,1,0",130,60,[NULL]
0,"0,55,324,1,1",131,59,[NULL]
0,"916,1,1",137,53,[NULL]
0,"917,1,1",138,52,[NULL]
0,"0,2,969,1,0",140,50,[NULL]
0,"1,1,969,1,0",141,49,[NULL]
1,"0,1,17,1,636,1,0",141,49,[NULL]
0,"1,1,970,1,0",144,46,[NULL]
0,"0,9,807,1,1",145,45,[NULL]
0,"0,10,795,1,1",146,44,[NULL]
0,"1,1,5,1,64,1,224,1,0",148,42,[NULL]
0,"0,1,64,1,298,1,0",150,40,[NULL]
0,"0,2,17,1,623,1,0",151,39,[NULL]
0,"0,6,149,2,0",152,38,[NULL]
0,"0,7,919,1,0",156,34,[NULL]
0,"64,2,42",157,33,[NULL]
1,"491,1,22",157,33,[NULL]
2,"1009,1,0",157,33,[NULL]
3,"0,8,898,1,0",157,33,[NULL]
0,"0,1,64,1,260,1,1",158,32,[NULL]
0,"0,1,80,1,191",159,31,[NULL]
1,"13,5,32,1,6",159,31,[NULL]
2,"0,1,897,1,1",159,31,[NULL]
3,"0,1,64,3,0",159,31,[NULL]
0,"13,5,33,1,6",160,30,[NULL]
1,"921,1,1",160,30,[NULL]
2,"919,1,1",160,30,[NULL]
3,"0,1,64,1,299,1,0",160,30,[NULL]
0,"1,1,347,1,29",161,29,[NULL]
1,"0,1,898,1,1",161,29,[NULL]
2,"0,3,963,1,0",161,29,[NULL]
0,"0,1,64,1,301,1,0",162,28,[NULL]
1,"0,2,974,1,0",162,28,[NULL]
2,"0,2,973,1,0",162,28,[NULL]
0,"0,2,977,1,0",163,27,[NULL]
1,"0,2,976,1,0",163,27,[NULL]
0,"655,1,8",164,26,[NULL]
1,"23,1,303,1,6",164,26,[NULL]
2,"1,1,64,1,293,1,0",164,26,[NULL]
3,"0,2,978,1,0",164,26,[NULL]
0,"13,1,23,1,188,1,6",165,25,[NULL]
1,"1,1,978,1,0",165,25,[NULL]
0,"13,1,23,1,189,1,6",166,24,[NULL]
1,"1,1,979,1,0",166,24,[NULL]
0,801,167,23,[NULL]
1,"1,2,746",167,23,[NULL]
2,"13,1,286,1,17",167,23,[NULL]
3,"833,1,3",167,23,[NULL]
4,"0,1,999,1,0",167,23,[NULL]
0,802,168,22,[NULL]
1,"2,1,746",168,22,[NULL]
2,"610,1,11",168,22,[NULL]
3,"13,1,23,1,190,1,6",168,22,[NULL]
4,"0,2,891,1,1",168,22,[NULL]
5,"62,1,324,1,0",168,22,[NULL]
6,"0,2,982,1,0",168,22,[NULL]
0,"0,1,793",169,21,[NULL]
1,"656,1,9",169,21,[NULL]
0,"2,1,618,1,9",170,20,[NULL]
1,"0,1,50,1,324,1,1",170,20,[NULL]
0,"13,1,288,1,17",171,19,[NULL]
1,"1012,1,0",171,19,[NULL]
2,"1011,1,0",171,19,[NULL]
3,"1,1,985,1,0",171,19,[NULL]
4,"0,3,965,1,0",171,19,[NULL]
0,"1014,1,0",172,18,[NULL]
1,"0,2,987,1,0",172,18,[NULL]
0,"1016,1,0",173,17,[NULL]
1,"1015,1,0",173,17,[NULL]
2,"1,1,987,1,0",173,17,[NULL]
3,"0,2,17,2,324,1,0",173,17,[NULL]
0,"1019,1,0",174,16,[NULL]
1,"1018,1,0",174,16,[NULL]
2,"1017,1,0",174,16,[NULL]
3,"1,1,988,1,0",174,16,[NULL]
4,"0,1,1005,1,0",174,16,[NULL]
5,"0,2,59,1,324,1,0",174,16,[NULL]
0,"1,1,239,1,55",175,15,[NULL]
1,"0,1,858,1,2",175,15,[NULL]
2,"1022,1,0",175,15,[NULL]
3,"1021,1,0",175,15,[NULL]
4,"1020,1,0",175,15,[NULL]
5,"43,1,485,1,0",175,15,[NULL]
6,"1,1,59,1,324,1,0",175,15,[NULL]
0,804,176,14,[NULL]
1,803,176,14,[NULL]
2,"251,1,55",176,14,[NULL]
3,"1024,1,0",176,14,[NULL]
4,"1023,1,0",176,14,[NULL]
5,"0,2,18,1,615,1,0",176,14,[NULL]
0,806,177,13,[NULL]
1,805,177,13,[NULL]
2,"535,1,18",177,13,[NULL]
3,"563,1,14",177,13,[NULL]
4,"0,2,993,1,0",177,13,[NULL]
0,807,178,12,[NULL]
1,"43,1,331",178,12,[NULL]
2,"69,1,212",178,12,[NULL]
3,"352,1,33",178,12,[NULL]
4,"1026,1,0",178,12,[NULL]
0,"353,1,33",179,11,[NULL]
1,"3,1,774,1,2",179,11,[NULL]
0,"18,1,524,1,2",180,10,[NULL]
1,"3,1,776,1,2",180,10,[NULL]
2,"1028,1,0",180,10,[NULL]
0,808,181,9,[NULL]
1,"324,1,38",181,9,[NULL]
2,"18,1,525,1,2",181,9,[NULL]
3,"17,1,18,1,324,1,0",181,9,[NULL]
4,"0,2,994,1,0",181,9,[NULL]
0,"324,1,39",182,8,[NULL]
1,"18,1,506,1,3",182,8,[NULL]
2,"1,1,61,1,324,1,0",182,8,[NULL]
0,"18,1,461",183,7,[NULL]
1,"324,1,40",183,7,[NULL]
0,"1,1,18,1,324,1,7",184,6,[NULL]
1,"849,1,3",184,6,[NULL]
0,"850,1,3",185,5,[NULL]
0,"0,191,0",0,191,[NULL]
0,"0,184,1",4,187,[NULL]
0,"0,63,324,1,0",127,64,[NULL]
0,"0,2,996,1,0",130,61,[NULL]
0,"0,56,324,1,1",131,60,[NULL]
0,"379,1,29",136,55,[NULL]
0,"0,1,916,1,1",137,54,[NULL]
0,"0,1,917,1,1",138,53,[NULL]
0,"0,3,969,1,0",140,51,[NULL]
0,"0,2,17,1,636,1,0",141,50,[NULL]
0,"1030,1,0",143,48,[NULL]
0,"1031,1,0",145,46,[NULL]
0,"1032,1,0",146,45,[NULL]
0,"1033,1,0",149,42,[NULL]
0,"0,2,64,1,298,1,0",150,41,[NULL]
0,"149,2,1",156,35,[NULL]
1,"42,1,491,1,0",156,35,[NULL]
2,"0,8,919,1,0",156,35,[NULL]
0,"927,1,1",157,34,[NULL]
1,"0,9,898,1,0",157,34,[NULL]
0,"0,2,64,1,260,1,1",158,33,[NULL]
0,"380,1,29",159,32,[NULL]
1,"64,1,274,1,1",159,32,[NULL]
2,"0,2,897,1,1",159,32,[NULL]
3,"0,2,64,3,0",159,32,[NULL]
0,"0,1,921,1,1",160,31,[NULL]
1,"0,1,919,1,1",160,31,[NULL]
2,"1,1,64,3,0",160,31,[NULL]
3,"0,2,64,1,299,1,0",160,31,[NULL]
0,"0,2,898,1,1",161,30,[NULL]
1,"0,4,963,1,0",161,30,[NULL]
0,"0,2,64,1,301,1,0",162,29,[NULL]
1,"0,3,974,1,0",162,29,[NULL]
0,"1,2,963,1,0",163,28,[NULL]
1,"0,3,977,1,0",163,28,[NULL]
2,"0,3,976,1,0",163,28,[NULL]
0,809,164,27,[NULL]
1,"13,3,32,1,64",164,27,[NULL]
0,"537,1,17",165,26,[NULL]
1,"13,3,105,1,17",165,26,[NULL]
2,"13,4,75,1,6",165,26,[NULL]
0,810,166,25,[NULL]
1,"13,4,76,1,6",166,25,[NULL]
0,"538,1,18",167,24,[NULL]
1,"1,1,64,1,308,1,0",167,24,[NULL]
0,"0,1,2,1,746",168,23,[NULL]
1,"539,1,17",168,23,[NULL]
2,"876,1,2",168,23,[NULL]
0,811,169,22,[NULL]
1,"0,2,793",169,22,[NULL]
2,"209,1,84",169,22,[NULL]
3,"877,1,2",169,22,[NULL]
0,"212,1,82",170,21,[NULL]
1,"285,1,46",170,21,[NULL]
2,"618,1,10",170,21,[NULL]
3,"0,2,50,1,324,1,1",170,21,[NULL]
4,"1037,1,0",170,21,[NULL]
0,"335,1,36",171,20,[NULL]
1,"359,1,33",171,20,[NULL]
2,"677,1,6",171,20,[NULL]
3,"0,1,1011,1,0",171,20,[NULL]
4,"0,4,965,1,0",171,20,[NULL]
0,812,172,19,[NULL]
1,"679,1,6",172,19,[NULL]
2,"1040,1,0",172,19,[NULL]
3,"1039,1,0",172,19,[NULL]
4,"0,1,1014,1,0",172,19,[NULL]
0,"213,1,82",173,18,[NULL]
1,"13,1,450,1,6",173,18,[NULL]
2,"1043,1,0",173,18,[NULL]
3,"1042,1,0",173,18,[NULL]
4,"0,1,1016,1,0",173,18,[NULL]
5,"0,1,1015,1,0",173,18,[NULL]
6,"0,3,17,2,324,1,0",173,18,[NULL]
0,"540,1,18",174,17,[NULL]
1,"682,1,6",174,17,[NULL]
2,"681,1,6",174,17,[NULL]
3,"1045,1,0",174,17,[NULL]
4,"0,1,1018,1,0",174,17,[NULL]
5,"0,1,1017,1,0",174,17,[NULL]
6,"0,3,59,1,324,1,0",174,17,[NULL]
0,"363,1,33",175,16,[NULL]
1,"543,1,17",175,16,[NULL]
2,"1046,1,0",175,16,[NULL]
3,"0,1,1021,1,0",175,16,[NULL]
4,"0,1,1020,1,0",175,16,[NULL]
0,813,176,15,[NULL]
1,"544,1,17",176,15,[NULL]
2,"673,1,9",176,15,[NULL]
3,"882,1,2",176,15,[NULL]
4,"0,1,1024,1,0",176,15,[NULL]
0,"3,1,216,1,55",177,14,[NULL]
1,"674,1,9",177,14,[NULL]
2,"1047,1,0",177,14,[NULL]
0,"43,1,336",178,13,[NULL]
1,"43,1,352,1,2",178,13,[NULL]
0,"18,1,469",179,12,[NULL]
1,"367,1,33",179,12,[NULL]
2,"884,1,2",179,12,[NULL]
0,815,180,11,[NULL]
1,814,180,11,[NULL]
2,"64,1,324,1,0",180,11,[NULL]
3,"0,1,1028,1,0",180,11,[NULL]
0,"1,1,18,1,447",181,10,[NULL]
1,"0,1,324,1,38",181,10,[NULL]
2,"0,1,17,1,18,1,324,1,0",181,10,[NULL]
0,"1,1,18,1,324,1,8",182,9,[NULL]
0,"18,1,341,1,9",183,8,[NULL]
0,"324,1,41",184,7,[NULL]
0,"2,1,324,1,33",185,6,[NULL]
0,"0,192,0",0,192,[NULL]
0,"0,185,1",4,188,[NULL]
0,"0,57,324,1,1",131,61,[NULL]
0,"1048,1,0",135,57,[NULL]
0,"0,2,916,1,1",137,55,[NULL]
0,"0,2,917,1,1",138,54,[NULL]
0,"0,4,969,1,0",140,52,[NULL]
0,"0,3,17,1,636,1,0",141,51,[NULL]
0,"1,2,969,1,0",142,50,[NULL]
0,"0,1,1031,1,0",145,47,[NULL]
0,"402,1,29",148,44,[NULL]
0,"0,1,1033,1,0",149,43,[NULL]
0,816,151,41,[NULL]
0,"42,1,137,1,29",155,37,[NULL]
0,"0,1,149,2,1",156,36,[NULL]
1,"0,9,919,1,0",156,36,[NULL]
0,"0,1,927,1,1",157,35,[NULL]
1,"0,10,898,1,0",157,35,[NULL]
0,"623,1,11",158,34,[NULL]
1,"0,3,64,1,260,1,1",158,34,[NULL]
2,"1,1,1009,1,0",158,34,[NULL]
0,"0,1,64,1,274,1,1",159,33,[NULL]
1,"0,3,897,1,1",159,33,[NULL]
2,"0,3,64,3,0",159,33,[NULL]
0,"0,2,921,1,1",160,32,[NULL]
1,"0,2,919,1,1",160,32,[NULL]
2,"0,3,64,1,299,1,0",160,32,[NULL]
0,"0,3,898,1,1",161,31,[NULL]
1,"0,5,963,1,0",161,31,[NULL]
0,"13,2,248,1,6",162,30,[NULL]
1,"64,2,72,1,0",162,30,[NULL]
2,"0,3,64,1,301,1,0",162,30,[NULL]
3,"0,4,974,1,0",162,30,[NULL]
0,"13,3,150,1,6",163,29,[NULL]
0,819,167,25,[NULL]
1,818,167,25,[NULL]
2,817,167,25,[NULL]
0,"627,1,11",168,24,[NULL]
1,"690,1,6",168,24,[NULL]
2,"7,1,832,1,0",168,24,[NULL]
3,"3,1,929,1,0",168,24,[NULL]
0,"0,1,811",169,23,[NULL]
1,"690,1,7",169,23,[NULL]
2,"1049,1,0",169,23,[NULL]
3,"1,1,62,1,324,1,0",169,23,[NULL]
0,"2,1,768",170,22,[NULL]
1,"359,1,35",170,22,[NULL]
2,"13,1,294,1,17",170,22,[NULL]
3,"65,1,324,1,0",170,22,[NULL]
4,"0,1,1037,1,0",170,22,[NULL]
0,821,171,21,[NULL]
1,820,171,21,[NULL]
2,"692,1,6",171,21,[NULL]
3,"691,1,6",171,21,[NULL]
4,"1051,1,0",171,21,[NULL]
5,"1050,1,0",171,21,[NULL]
0,"0,1,1039,1,0",172,20,[NULL]
1,"0,2,1014,1,0",172,20,[NULL]
0,"1052,1,0",173,19,[NULL]
1,"0,2,1015,1,0",173,19,[NULL]
2,"0,4,17,2,324,1,0",173,19,[NULL]
0,822,174,18,[NULL]
1,"678,1,9",174,18,[NULL]
2,"0,4,59,1,324,1,0",174,18,[NULL]
0,823,175,17,[NULL]
1,"0,2,1021,1,0",175,17,[NULL]
0,"3,2,843,1,0",176,16,[NULL]
1,"1,1,1022,1,0",176,16,[NULL]
0,824,177,15,[NULL]
1,"69,1,133,1,17",177,15,[NULL]
0,827,178,14,[NULL]
1,826,178,14,[NULL]
2,825,178,14,[NULL]
3,"324,1,42",178,14,[NULL]
4,"485,1,26",178,14,[NULL]
5,"1056,1,0",178,14,[NULL]
6,"1055,1,0",178,14,[NULL]
0,830,179,13,[NULL]
1,829,179,13,[NULL]
2,828,179,13,[NULL]
3,"3,1,198,1,75",179,13,[NULL]
4,"373,1,33",179,13,[NULL]
5,"1057,1,0",179,13,[NULL]
6,"1,1,1026,1,0",179,13,[NULL]
0,"376,1,33",180,12,[NULL]
1,"3,1,392,1,26",180,12,[NULL]
2,"3,1,791,1,2",180,12,[NULL]
3,"0,1,64,1,324,1,0",180,12,[NULL]
0,"3,1,397,1,26",181,11,[NULL]
1,"23,1,324,1,6",181,11,[NULL]
2,"18,1,368,1,6",181,11,[NULL]
3,"43,1,368,1,2",181,11,[NULL]
4,"66,1,324,1,0",181,11,[NULL]
0,"1,1,808",182,10,[NULL]
1,"1,1,324,1,38",182,10,[NULL]
2,"3,1,399,1,26",182,10,[NULL]
3,"24,1,324,1,6",182,10,[NULL]
0,"1,1,324,1,39",183,9,[NULL]
1,"699,1,7",183,9,[NULL]
0,"2,1,784",184,8,[NULL]
1,"25,1,324,1,7",184,8,[NULL]
2,"67,1,324,1,0",184,8,[NULL]
0,"2,1,785",185,7,[NULL]
1,"2,1,18,1,324,1,6",185,7,[NULL]
2,"68,1,324,1,0",185,7,[NULL]
0,"2,1,18,1,324,1,7",186,6,[NULL]
0,"1058,1,0",188,4,[NULL]
0,"18,2,324,1,0",189,3,[NULL]
0,"0,193,0",0,193,[NULL]
0,"0,186,1",4,189,[NULL]
0,"0,58,324,1,1",131,62,[NULL]
0,"515,1,22",137,56,[NULL]
1,"0,3,916,1,1",137,56,[NULL]
0,"0,3,917,1,1",138,55,[NULL]
0,"0,5,969,1,0",140,53,[NULL]
0,"0,4,17,1,636,1,0",141,52,[NULL]
0,"685,1,8",147,46,[NULL]
0,"636,1,11",148,45,[NULL]
0,"0,2,1033,1,0",149,44,[NULL]
0,"1059,1,0",150,43,[NULL]
1,"1,1,1033,1,0",150,43,[NULL]
0,"5,1,64,1,244,1,0",154,39,[NULL]
0,"0,2,149,2,1",156,37,[NULL]
1,"0,10,919,1,0",156,37,[NULL]
0,"0,2,927,1,1",157,36,[NULL]
1,"1,1,42,1,491,1,0",157,36,[NULL]
2,"0,11,898,1,0",157,36,[NULL]
0,"0,4,64,1,260,1,1",158,35,[NULL]
0,"0,4,897,1,1",159,34,[NULL]
1,"1060,1,0",159,34,[NULL]
2,"0,4,64,3,0",159,34,[NULL]
0,"0,3,919,1,1",160,33,[NULL]
1,"1061,1,0",160,33,[NULL]
2,"0,4,64,1,299,1,0",160,33,[NULL]
0,"0,4,898,1,1",161,32,[NULL]
1,"1,2,64,3,0",161,32,[NULL]
2,"0,6,963,1,0",161,32,[NULL]
0,"13,4,51,1,17",163,30,[NULL]
0,"13,4,80,1,6",164,29,[NULL]
0,831,166,27,[NULL]
1,"64,1,231",166,27,[NULL]
2,"260,1,52",166,27,[NULL]
0,"0,1,819",167,26,[NULL]
1,"0,1,818",167,26,[NULL]
2,"156,1,117",167,26,[NULL]
3,"248,1,64",167,26,[NULL]
4,"347,1,38",167,26,[NULL]
0,832,168,25,[NULL]
1,"2,1,788",168,25,[NULL]
2,"13,1,303,1,17",168,25,[NULL]
3,"0,1,627,1,11",168,25,[NULL]
4,"13,1,472,1,6",168,25,[NULL]
0,"2,1,789",169,24,[NULL]
1,"292,1,46",169,24,[NULL]
2,"13,2,188,1,17",169,24,[NULL]
3,"13,1,473,1,6",169,24,[NULL]
4,"876,1,3",169,24,[NULL]
5,"0,1,1049,1,0",169,24,[NULL]
0,"260,1,55",170,23,[NULL]
1,"690,1,9",170,23,[NULL]
2,"705,1,6",170,23,[NULL]
3,"877,1,3",170,23,[NULL]
4,"1063,1,0",170,23,[NULL]
5,"1062,1,0",170,23,[NULL]
6,"0,1,65,1,324,1,0",170,23,[NULL]
0,"0,1,820",171,22,[NULL]
1,"13,1,23,1,254",171,22,[NULL]
2,"0,1,1051,1,0",171,22,[NULL]
0,"13,2,190,1,17",172,21,[NULL]
1,"13,1,474,1,6",172,21,[NULL]
2,"76,1,302,1,0",172,21,[NULL]
0,833,173,20,[NULL]
1,"13,1,476,1,6",173,20,[NULL]
2,"1065,1,0",173,20,[NULL]
3,"1064,1,0",173,20,[NULL]
0,"351,1,38",174,19,[NULL]
1,"1,1,1043,1,0",174,19,[NULL]
2,"1,1,1042,1,0",174,19,[NULL]
3,"0,5,59,1,324,1,0",174,19,[NULL]
0,"1,1,540,1,18",175,18,[NULL]
1,"891,1,2",175,18,[NULL]
2,"1068,1,0",175,18,[NULL]
3,"1067,1,0",175,18,[NULL]
0,835,176,17,[NULL]
1,834,176,17,[NULL]
2,"174,1,105",176,17,[NULL]
0,836,177,16,[NULL]
1,"324,1,43",177,16,[NULL]
2,"3,1,485,1,18",177,16,[NULL]
3,"1070,1,0",177,16,[NULL]
4,"67,1,333,1,0",177,16,[NULL]
0,"0,1,826",178,15,[NULL]
1,"0,1,324,1,42",178,15,[NULL]
2,"563,1,17",178,15,[NULL]
3,"1071,1,0",178,15,[NULL]
4,"1,1,1047,1,0",178,15,[NULL]
5,"0,1,1056,1,0",178,15,[NULL]
6,"0,1,1055,1,0",178,15,[NULL]
0,"235,1,75",179,14,[NULL]
1,"565,1,17",179,14,[NULL]
2,"1073,1,0",179,14,[NULL]
3,"0,1,1057,1,0",179,14,[NULL]
0,"43,1,354",180,13,[NULL]
1,"390,1,33",180,13,[NULL]
2,"884,1,3",180,13,[NULL]
3,"0,2,64,1,324,1,0",180,13,[NULL]
0,"264,1,55",181,12,[NULL]
1,"392,1,33",181,12,[NULL]
2,"1074,1,0",181,12,[NULL]
3,"1,1,64,1,324,1,0",181,12,[NULL]
4,"0,1,66,1,324,1,0",181,12,[NULL]
0,"397,1,33",182,11,[NULL]
1,"697,1,9",182,11,[NULL]
2,"70,1,323,1,0",182,11,[NULL]
3,"18,2,333,1,0",182,11,[NULL]
0,"399,1,33",183,10,[NULL]
1,"18,1,368,1,9",183,10,[NULL]
2,"885,1,3",183,10,[NULL]
3,"18,1,19,1,324,1,0",183,10,[NULL]
0,"699,1,9",184,9,[NULL]
1,"24,1,324,1,9",184,9,[NULL]
2,"0,1,67,1,324,1,0",184,9,[NULL]
0,"163,1,113",185,8,[NULL]
1,"0,1,68,1,324,1,0",185,8,[NULL]
0,"2,1,800",186,7,[NULL]
1,"324,1,44",186,7,[NULL]
0,"2,1,18,1,324,1,9",187,6,[NULL]
1,"18,1,660,1,0",187,6,[NULL]
0,"70,1,324,1,0",188,5,[NULL]
1,"0,1,1058,1,0",188,5,[NULL]
0,"0,1,18,2,324,1,0",189,4,[NULL]
0,"0,194,0",0,194,[NULL]
0,"0,187,1",4,190,[NULL]
0,"1075,1,0",129,65,[NULL]
0,"0,59,324,1,1",131,63,[NULL]
0,"1,1,1048,1,0",136,58,[NULL]
0,"0,4,916,1,1",137,57,[NULL]
0,"0,4,917,1,1",138,56,[NULL]
0,"0,6,969,1,0",140,54,[NULL]
0,837,145,49,[NULL]
0,"17,1,685,1,0",147,47,[NULL]
0,"17,1,403,1,8",148,46,[NULL]
0,"1,1,402,1,29",149,45,[NULL]
1,"0,3,1033,1,0",149,45,[NULL]
0,"0,1,1059,1,0",150,44,[NULL]
0,"1076,1,0",152,42,[NULL]
0,"0,3,149,2,1",156,38,[NULL]
1,"64,1,343,1,0",156,38,[NULL]
2,"0,11,919,1,0",156,38,[NULL]
0,"0,12,898,1,0",157,37,[NULL]
0,"17,2,380,1,0",158,36,[NULL]
0,"42,1,516,1,0",159,35,[NULL]
1,"0,1,1060,1,0",159,35,[NULL]
2,"0,5,64,3,0",159,35,[NULL]
0,"0,4,919,1,1",160,34,[NULL]
1,"0,5,64,1,299,1,0",160,34,[NULL]
0,"0,5,898,1,1",161,33,[NULL]
0,"420,1,29",165,29,[NULL]
1,"715,1,6",165,29,[NULL]
2,"963,1,1",165,29,[NULL]
3,"1077,1,0",165,29,[NULL]
0,"80,1,206",166,28,[NULL]
1,"716,1,6",166,28,[NULL]
2,"13,4,83,1,6",166,28,[NULL]
3,"897,1,2",166,28,[NULL]
4,"64,1,347,1,0",166,28,[NULL]
0,"66,1,231",167,27,[NULL]
1,"66,1,230",167,27,[NULL]
2,"138,1,209,1,0",167,27,[NULL]
0,838,168,26,[NULL]
1,"898,1,2",168,26,[NULL]
2,"23,1,627,1,0",168,26,[NULL]
0,"13,2,23,1,75,1,17",169,25,[NULL]
1,"1080,1,0",169,25,[NULL]
2,"1079,1,0",169,25,[NULL]
3,"64,1,349,1,0",169,25,[NULL]
4,"0,2,1049,1,0",169,25,[NULL]
0,"1081,1,0",170,24,[NULL]
1,"23,1,628,1,0",170,24,[NULL]
2,"0,1,1063,1,0",170,24,[NULL]
3,"0,2,65,1,324,1,0",170,24,[NULL]
0,"66,1,235",171,23,[NULL]
1,"587,1,14",171,23,[NULL]
2,"1082,1,0",171,23,[NULL]
3,"0,2,1051,1,0",171,23,[NULL]
0,839,172,22,[NULL]
1,"3,1,746",172,22,[NULL]
2,"426,1,29",172,22,[NULL]
3,"23,1,335,1,6",172,22,[NULL]
4,"1084,1,0",172,22,[NULL]
5,"1083,1,0",172,22,[NULL]
6,"1,1,1050,1,0",172,22,[NULL]
0,841,173,21,[NULL]
1,840,173,21,[NULL]
2,"64,1,351,1,0",173,21,[NULL]
3,"3,1,959,1,0",173,21,[NULL]
4,"0,1,1064,1,0",173,21,[NULL]
0,842,174,20,[NULL]
1,"266,1,55",174,20,[NULL]
2,"3,1,960,1,0",174,20,[NULL]
3,"1,1,1052,1,0",174,20,[NULL]
4,"0,6,59,1,324,1,0",174,20,[NULL]
0,843,175,19,[NULL]
1,"1,1,822",175,19,[NULL]
2,"188,1,100",175,19,[NULL]
3,"267,1,55",175,19,[NULL]
4,"965,1,1",175,19,[NULL]
5,"0,1,1068,1,0",175,19,[NULL]
6,"0,1,1067,1,0",175,19,[NULL]
0,844,176,18,[NULL]
1,"268,1,55",176,18,[NULL]
2,"908,1,2",176,18,[NULL]
3,"1086,1,0",176,18,[NULL]
4,"1085,1,0",176,18,[NULL]
5,"67,1,336,1,0",176,18,[NULL]
0,845,177,17,[NULL]
1,"0,1,836",177,17,[NULL]
2,"13,1,572",177,17,[NULL]
3,"569,1,17",177,17,[NULL]
4,"50,1,324,1,2",177,17,[NULL]
5,"0,1,67,1,333,1,0",177,17,[NULL]
0,846,178,16,[NULL]
1,"0,2,826",178,16,[NULL]
2,"190,1,100",178,16,[NULL]
3,"0,2,324,1,42",178,16,[NULL]
4,"570,1,17",178,16,[NULL]
5,"0,1,1071,1,0",178,16,[NULL]
6,"0,2,1055,1,0",178,16,[NULL]
0,847,179,15,[NULL]
1,"269,1,55",179,15,[NULL]
2,"409,1,33",179,15,[NULL]
3,"719,1,6",179,15,[NULL]
4,"911,1,2",179,15,[NULL]
5,"1088,1,0",179,15,[NULL]
6,"0,2,1057,1,0",179,15,[NULL]
0,848,180,14,[NULL]
1,"270,1,55",180,14,[NULL]
2,"713,1,9",180,14,[NULL]
3,"712,1,9",180,14,[NULL]
4,"719,1,7",180,14,[NULL]
5,"1090,1,0",180,14,[NULL]
6,"1089,1,0",180,14,[NULL]
7,"1,1,1057,1,0",180,14,[NULL]
8,"0,3,64,1,324,1,0",180,14,[NULL]
0,849,181,13,[NULL]
1,"251,1,71",181,13,[NULL]
2,"18,1,373,1,9",181,13,[NULL]
3,"912,1,2",181,13,[NULL]
4,"1091,1,0",181,13,[NULL]
5,"0,2,66,1,324,1,0",181,13,[NULL]
0,850,182,12,[NULL]
1,"43,1,364",182,12,[NULL]
2,"746,1,5",182,12,[NULL]
0,851,183,11,[NULL]
1,"132,1,146",183,11,[NULL]
2,"72,1,324,1,0",183,11,[NULL]
0,"2,1,808",184,10,[NULL]
1,"163,1,115",184,10,[NULL]
2,"0,2,67,1,324,1,0",184,10,[NULL]
0,"2,1,324,1,39",185,9,[NULL]
1,"0,2,68,1,324,1,0",185,9,[NULL]
0,"2,1,324,1,40",186,8,[NULL]
0,853,187,7,[NULL]
1,852,187,7,[NULL]
0,"18,2,341,1,0",188,6,[NULL]
1,"0,2,1058,1,0",188,6,[NULL]
0,"1,1,1058,1,0",189,5,[NULL]
1,"0,2,18,2,324,1,0",189,5,[NULL]
0,"1,1,18,2,324,1,0",190,4,[NULL]
0,"0,195,0",0,195,[NULL]
0,"0,188,1",4,191,[NULL]
0,"0,60,324,1,1",131,64,[NULL]
0,"17,1,701,1,0",137,58,[NULL]
0,"1092,1,0",138,57,[NULL]
0,"969,1,1",144,51,[NULL]
0,"917,1,2",145,50,[NULL]
0,"0,1,17,1,685,1,0",147,48,[NULL]
0,"59,1,402,1,0",148,47,[NULL]
1,"17,2,403,1,0",148,47,[NULL]
0,"0,4,1033,1,0",149,46,[NULL]
0,"0,2,1059,1,0",150,45,[NULL]
0,"1,2,1033,1,0",151,44,[NULL]
0,"1,1,5,1,64,1,244,1,0",155,40,[NULL]
0,"0,13,898,1,0",157,38,[NULL]
0,"0,1,17,2,380,1,0",158,37,[NULL]
0,"0,6,64,3,0",159,36,[NULL]
0,"0,5,919,1,1",160,35,[NULL]
0,"0,6,898,1,1",161,34,[NULL]
0,"347,1,42",164,31,[NULL]
1,"435,1,29",164,31,[NULL]
2,"1094,1,0",164,31,[NULL]
0,"0,1,963,1,1",165,30,[NULL]
0,"0,1,80,1,206",166,29,[NULL]
1,"13,2,194,1,17",166,29,[NULL]
2,"974,1,1",166,29,[NULL]
3,"0,1,64,1,347,1,0",166,29,[NULL]
0,"5,1,694",167,28,[NULL]
1,"23,1,346,1,6",167,28,[NULL]
2,"977,1,1",167,28,[NULL]
3,"976,1,1",167,28,[NULL]
4,"0,1,138,1,209,1,0",167,28,[NULL]
0,"436,1,29",168,27,[NULL]
1,"978,1,1",168,27,[NULL]
2,"0,1,23,1,627,1,0",168,27,[NULL]
0,"0,1,1079,1,0",169,26,[NULL]
1,"0,1,64,1,349,1,0",169,26,[NULL]
0,854,170,25,[NULL]
1,"0,1,1081,1,0",170,25,[NULL]
2,"0,2,1063,1,0",170,25,[NULL]
0,"3,1,763",171,24,[NULL]
1,"13,1,579",171,24,[NULL]
2,"655,1,11",171,24,[NULL]
3,"13,2,261,1,6",171,24,[NULL]
4,"1,1,1062,1,0",171,24,[NULL]
5,"0,3,1051,1,0",171,24,[NULL]
0,"0,1,3,1,746",172,23,[NULL]
1,"13,2,262,1,6",172,23,[NULL]
2,"0,1,1084,1,0",172,23,[NULL]
0,"0,1,841",173,22,[NULL]
1,"266,1,57",173,22,[NULL]
2,"0,2,1064,1,0",173,22,[NULL]
0,856,174,21,[NULL]
1,855,174,21,[NULL]
2,"0,1,266,1,55",174,21,[NULL]
3,"0,1,3,1,960,1,0",174,21,[NULL]
4,"0,7,59,1,324,1,0",174,21,[NULL]
0,858,175,20,[NULL]
1,857,175,20,[NULL]
2,"0,1,267,1,55",175,20,[NULL]
3,"540,1,22",175,20,[NULL]
4,"27,1,324,1,8",175,20,[NULL]
5,"0,1,965,1,1",175,20,[NULL]
0,859,176,19,[NULL]
1,"0,1,844",176,19,[NULL]
2,"604,1,14",176,19,[NULL]
0,860,177,18,[NULL]
1,"0,1,845",177,18,[NULL]
2,"0,2,836",177,18,[NULL]
3,"17,2,324,1,1",177,18,[NULL]
0,"275,1,55",178,17,[NULL]
1,"311,1,46",178,17,[NULL]
2,"417,1,33",178,17,[NULL]
3,"3,1,825,1,2",178,17,[NULL]
4,"59,1,324,1,1",178,17,[NULL]
5,"1097,1,0",178,17,[NULL]
6,"3,1,965,1,0",178,17,[NULL]
7,"1,1,1070,1,0",178,17,[NULL]
8,"0,3,1055,1,0",178,17,[NULL]
0,861,179,16,[NULL]
1,"270,1,57",179,16,[NULL]
2,"314,1,46",179,16,[NULL]
3,"0,1,1088,1,0",179,16,[NULL]
4,"0,3,1057,1,0",179,16,[NULL]
0,862,180,15,[NULL]
1,"0,1,270,1,55",180,15,[NULL]
2,"732,1,7",180,15,[NULL]
3,"734,1,6",180,15,[NULL]
4,"67,1,352,1,0",180,15,[NULL]
5,"0,4,64,1,324,1,0",180,15,[NULL]
0,865,181,14,[NULL]
1,864,181,14,[NULL]
2,863,181,14,[NULL]
3,"719,1,9",181,14,[NULL]
4,"1098,1,0",181,14,[NULL]
5,"0,1,1091,1,0",181,14,[NULL]
6,"0,3,66,1,324,1,0",181,14,[NULL]
0,869,182,13,[NULL]
1,868,182,13,[NULL]
2,867,182,13,[NULL]
3,866,182,13,[NULL]
4,"1099,1,0",182,13,[NULL]
5,"1,2,64,1,324,1,0",182,13,[NULL]
0,872,183,12,[NULL]
1,871,183,12,[NULL]
2,870,183,12,[NULL]
3,"368,1,41",183,12,[NULL]
0,"43,1,373",184,11,[NULL]
0,873,185,10,[NULL]
1,"13,1,324,1,17",185,10,[NULL]
0,"13,1,324,1,18",186,9,[NULL]
1,"18,1,684,1,0",186,9,[NULL]
0,"0,1,853",187,8,[NULL]
1,"2,1,324,1,41",187,8,[NULL]
0,"75,1,324,1,0",188,7,[NULL]
1,"74,1,324,1,0",188,7,[NULL]
2,"1,1,18,1,660,1,0",188,7,[NULL]
3,"0,3,1058,1,0",188,7,[NULL]
0,"76,1,324,1,0",189,6,[NULL]
1,"1,1,70,1,324,1,0",189,6,[NULL]
2,"0,3,18,2,324,1,0",189,6,[NULL]
0,"0,196,0",0,196,[NULL]
0,"0,189,1",4,192,[NULL]
0,"1,1,1075,1,0",130,66,[NULL]
0,"1101,1,0",131,65,[NULL]
0,"0,1,17,1,701,1,0",137,59,[NULL]
0,"379,1,38",143,53,[NULL]
0,"0,1,969,1,1",144,52,[NULL]
0,"17,1,636,1,1",145,51,[NULL]
0,"0,2,17,1,685,1,0",147,49,[NULL]
0,"0,1,17,2,403,1,0",148,48,[NULL]
0,"0,5,1033,1,0",149,47,[NULL]
0,"722,1,8",150,46,[NULL]
1,"0,3,1059,1,0",150,46,[NULL]
0,"725,1,8",156,40,[NULL]
0,"0,14,898,1,0",157,39,[NULL]
0,874,159,37,[NULL]
0,"0,6,919,1,1",160,36,[NULL]
0,"0,7,898,1,1",161,35,[NULL]
0,"64,3,1",163,33,[NULL]
1,"5,1,64,1,260,1,0",163,33,[NULL]
0,"13,7,6",164,32,[NULL]
1,"64,1,299,1,1",164,32,[NULL]
0,"13,4,23,1,24,1,6",165,31,[NULL]
1,"0,2,963,1,1",165,31,[NULL]
0,"549,1,22",166,30,[NULL]
1,"64,1,301,1,1",166,30,[NULL]
2,"0,1,974,1,1",166,30,[NULL]
3,"1,1,1077,1,0",166,30,[NULL]
4,"0,2,64,1,347,1,0",166,30,[NULL]
0,"0,1,976,1,1",167,29,[NULL]
1,"1103,1,0",167,29,[NULL]
2,"1,1,64,1,347,1,0",167,29,[NULL]
3,"0,2,138,1,209,1,0",167,29,[NULL]
0,875,168,28,[NULL]
1,"0,1,978,1,1",168,28,[NULL]
2,"0,2,23,1,627,1,0",168,28,[NULL]
0,876,169,27,[NULL]
1,"1,1,838",169,27,[NULL]
2,"13,2,266,1,6",169,27,[NULL]
3,"0,2,1079,1,0",169,27,[NULL]
4,"0,2,64,1,349,1,0",169,27,[NULL]
0,"13,2,267,1,6",170,26,[NULL]
1,"899,1,3",170,26,[NULL]
2,"1,1,1080,1,0",170,26,[NULL]
3,"0,2,1081,1,0",170,26,[NULL]
4,"0,3,1063,1,0",170,26,[NULL]
0,"13,2,268,1,6",171,25,[NULL]
1,"3,1,832,1,2",171,25,[NULL]
2,"0,4,1051,1,0",171,25,[NULL]
0,"13,1,328,1,17",172,24,[NULL]
1,"929,1,2",172,24,[NULL]
2,"1,1,1082,1,0",172,24,[NULL]
3,"0,2,1084,1,0",172,24,[NULL]
0,"278,1,55",173,23,[NULL]
1,"13,1,23,1,213,1,6",173,23,[NULL]
2,"67,1,266,1,2",173,23,[NULL]
3,"1105,1,0",173,23,[NULL]
4,"67,1,359,1,0",173,23,[NULL]
5,"1,1,1083,1,0",173,23,[NULL]
6,"0,3,1064,1,0",173,23,[NULL]
0,"5,1,712",174,22,[NULL]
1,"67,1,267,1,2",174,22,[NULL]
2,"68,1,359,1,0",174,22,[NULL]
3,"1,1,64,1,351,1,0",174,22,[NULL]
4,"0,8,59,1,324,1,0",174,22,[NULL]
0,877,175,21,[NULL]
1,"68,1,267,1,2",175,21,[NULL]
2,"1106,1,0",175,21,[NULL]
3,"3,1,982,1,0",175,21,[NULL]
0,878,176,20,[NULL]
1,"188,1,105",176,20,[NULL]
2,"13,1,331,1,17",176,20,[NULL]
3,"0,1,604,1,14",176,20,[NULL]
4,"1108,1,0",176,20,[NULL]
5,"1107,1,0",176,20,[NULL]
6,"3,1,984,1,0",176,20,[NULL]
0,"0,3,836",177,19,[NULL]
1,"189,1,105",177,19,[NULL]
2,"0,1,17,2,324,1,1",177,19,[NULL]
3,"67,1,363,1,0",177,19,[NULL]
4,"1,1,1086,1,0",177,19,[NULL]
0,"0,1,59,1,324,1,1",178,18,[NULL]
1,"1110,1,0",178,18,[NULL]
2,"0,1,1097,1,0",178,18,[NULL]
3,"0,1,3,1,965,1,0",178,18,[NULL]
4,"0,4,1055,1,0",178,18,[NULL]
0,880,179,17,[NULL]
1,879,179,17,[NULL]
2,"190,1,105",179,17,[NULL]
3,"1111,1,0",179,17,[NULL]
4,"0,2,1088,1,0",179,17,[NULL]
0,881,180,16,[NULL]
1,"0,1,862",180,16,[NULL]
2,"3,1,843,1,2",180,16,[NULL]
3,"1112,1,0",180,16,[NULL]
4,"1,1,1088,1,0",180,16,[NULL]
5,"0,1,67,1,352,1,0",180,16,[NULL]
6,"0,5,64,1,324,1,0",180,16,[NULL]
0,"2,1,825",181,15,[NULL]
1,"1,1,270,1,55",181,15,[NULL]
2,"732,1,9",181,15,[NULL]
3,"43,1,543,1,0",181,15,[NULL]
4,"1,1,1090,1,0",181,15,[NULL]
5,"1,2,1057,1,0",181,15,[NULL]
6,"0,2,1091,1,0",181,15,[NULL]
7,"0,4,66,1,324,1,0",181,15,[NULL]
0,"734,1,9",182,14,[NULL]
1,"912,1,3",182,14,[NULL]
2,"1115,1,0",182,14,[NULL]
3,"1114,1,0",182,14,[NULL]
4,"43,1,544,1,0",182,14,[NULL]
5,"0,1,1099,1,0",182,14,[NULL]
0,882,183,13,[NULL]
1,"13,1,69,1,141",183,13,[NULL]
2,"746,1,7",183,13,[NULL]
3,"937,1,2",183,13,[NULL]
4,"1116,1,0",183,13,[NULL]
0,"18,2,244",184,12,[NULL]
1,"1119,1,0",184,12,[NULL]
2,"1118,1,0",184,12,[NULL]
0,"1120,1,0",185,11,[NULL]
0,883,186,10,[NULL]
0,884,187,9,[NULL]
1,"324,1,45",187,9,[NULL]
2,"913,1,3",187,9,[NULL]
0,"18,1,509",188,8,[NULL]
1,"69,1,248",188,8,[NULL]
2,"324,1,46",188,8,[NULL]
3,"0,1,74,1,324,1,0",188,8,[NULL]
4,"0,4,1058,1,0",188,8,[NULL]
0,885,189,7,[NULL]
1,"18,1,24,1,324,1,0",189,7,[NULL]
2,"0,4,18,2,324,1,0",189,7,[NULL]
0,"1,2,1058,1,0",190,6,[NULL]
0,"1,2,18,2,324,1,0",191,5,[NULL]
0,"0,197,0",0,197,[NULL]
0,"0,190,1",4,193,[NULL]
0,"0,1,1101,1,0",131,66,[NULL]
0,886,135,62,[NULL]
0,"5,1,916,1,0",142,55,[NULL]
0,"0,2,969,1,1",144,53,[NULL]
0,"0,1,17,1,636,1,1",145,52,[NULL]
0,"0,3,17,1,685,1,0",147,50,[NULL]
0,"0,2,17,2,403,1,0",148,49,[NULL]
0,"1,1,59,1,402,1,0",149,48,[NULL]
1,"0,6,1033,1,0",149,48,[NULL]
0,887,154,43,[NULL]
0,"452,1,29",155,42,[NULL]
0,"17,1,725,1,0",156,41,[NULL]
0,"453,1,29",158,39,[NULL]
1,"1121,1,0",158,39,[NULL]
0,"0,7,919,1,1",160,37,[NULL]
0,"0,8,898,1,1",161,36,[NULL]
0,"64,1,137,1,22",162,35,[NULL]
0,"0,1,64,3,1",163,34,[NULL]
0,"0,1,64,1,299,1,1",164,33,[NULL]
0,"0,3,963,1,1",165,32,[NULL]
1,"64,1,380,1,0",165,32,[NULL]
2,"1,1,1094,1,0",165,32,[NULL]
0,"0,1,64,1,301,1,1",166,31,[NULL]
1,"113,1,260,1,0",166,31,[NULL]
2,"0,3,64,1,347,1,0",166,31,[NULL]
0,"0,2,976,1,1",167,30,[NULL]
1,"0,1,1103,1,0",167,30,[NULL]
2,"0,3,138,1,209,1,0",167,30,[NULL]
0,"0,2,978,1,1",168,29,[NULL]
1,"0,3,23,1,627,1,0",168,29,[NULL]
0,"167,1,116",169,28,[NULL]
1,"13,5,64",169,28,[NULL]
2,"64,1,382,1,0",169,28,[NULL]
3,"0,3,1079,1,0",169,28,[NULL]
4,"0,3,64,1,349,1,0",169,28,[NULL]
0,888,170,27,[NULL]
1,"585,1,17",170,27,[NULL]
2,"13,2,23,1,83,1,17",170,27,[NULL]
3,"13,4,95,1,6",170,27,[NULL]
0,"585,1,18",171,26,[NULL]
1,"13,3,164,1,6",171,26,[NULL]
2,"0,5,1051,1,0",171,26,[NULL]
0,"737,1,9",172,25,[NULL]
1,"0,1,929,1,2",172,25,[NULL]
2,"1122,1,0",172,25,[NULL]
3,"0,3,1084,1,0",172,25,[NULL]
0,"587,1,18",173,24,[NULL]
1,"1123,1,0",173,24,[NULL]
2,"0,1,1105,1,0",173,24,[NULL]
0,889,174,23,[NULL]
1,"266,1,64",174,23,[NULL]
2,"0,1,68,1,359,1,0",174,23,[NULL]
3,"0,9,59,1,324,1,0",174,23,[NULL]
0,890,175,22,[NULL]
1,"0,1,877",175,22,[NULL]
2,"1,1,855",175,22,[NULL]
3,"267,1,64",175,22,[NULL]
4,"328,1,46",175,22,[NULL]
5,"0,1,3,1,982,1,0",175,22,[NULL]
0,891,176,21,[NULL]
1,"0,1,878",176,21,[NULL]
2,"13,1,335,1,17",176,21,[NULL]
3,"75,1,188,1,6",176,21,[NULL]
4,"77,1,324,1,0",176,21,[NULL]
5,"0,1,1108,1,0",176,21,[NULL]
0,"75,1,189,1,6",177,20,[NULL]
1,"1015,1,1",177,20,[NULL]
2,"78,1,324,1,0",177,20,[NULL]
3,"0,1,67,1,363,1,0",177,20,[NULL]
0,893,178,19,[NULL]
1,892,178,19,[NULL]
2,"190,1,106",178,19,[NULL]
3,"286,1,55",178,19,[NULL]
4,"285,1,55",178,19,[NULL]
5,"23,1,373,1,6",178,19,[NULL]
6,"0,2,59,1,324,1,1",178,19,[NULL]
7,"1126,1,0",178,19,[NULL]
0,"0,1,880",179,18,[NULL]
1,"0,1,879",179,18,[NULL]
2,"287,1,55",179,18,[NULL]
3,"75,1,190,1,6",179,18,[NULL]
4,"23,1,376,1,6",179,18,[NULL]
5,"1127,1,0",179,18,[NULL]
6,"0,3,1088,1,0",179,18,[NULL]
0,894,180,17,[NULL]
1,"2,1,836",180,17,[NULL]
2,"76,1,335,1,0",180,17,[NULL]
3,"3,1,1004,1,0",180,17,[NULL]
4,"0,6,64,1,324,1,0",180,17,[NULL]
0,895,181,16,[NULL]
1,"7,1,700",181,16,[NULL]
2,"333,1,46",181,16,[NULL]
3,"590,1,18",181,16,[NULL]
4,"1129,1,0",181,16,[NULL]
0,898,182,15,[NULL]
1,897,182,15,[NULL]
2,896,182,15,[NULL]
3,"288,1,55",182,15,[NULL]
4,"1131,1,0",182,15,[NULL]
5,"1130,1,0",182,15,[NULL]
0,899,183,14,[NULL]
1,"1,1,866",183,14,[NULL]
2,"1134,1,0",183,14,[NULL]
3,"1133,1,0",183,14,[NULL]
4,"1132,1,0",183,14,[NULL]
0,900,184,13,[NULL]
1,"746,1,9",184,13,[NULL]
2,"1135,1,0",184,13,[NULL]
3,"0,1,1118,1,0",184,13,[NULL]
0,"324,1,47",185,12,[NULL]
1,"445,1,33",185,12,[NULL]
2,"1136,1,0",185,12,[NULL]
3,"0,1,1120,1,0",185,12,[NULL]
0,"0,1,883",186,11,[NULL]
1,"2,1,18,1,368,1,9",186,11,[NULL]
2,"1138,1,0",186,11,[NULL]
3,"1137,1,0",186,11,[NULL]
0,"0,1,884",187,10,[NULL]
1,"53,1,324,1,3",187,10,[NULL]
2,"80,1,324,1,0",187,10,[NULL]
0,"0,1,324,1,46",188,9,[NULL]
1,"0,5,1058,1,0",188,9,[NULL]
0,"324,1,48",189,8,[NULL]
1,"1,2,18,1,660,1,0",189,8,[NULL]
2,"0,5,18,2,324,1,0",189,8,[NULL]
0,"1,1,76,1,324,1,0",190,7,[NULL]
0,"0,198,0",0,198,[NULL]
0,"0,191,1",4,194,[NULL]
0,"0,2,1101,1,0",131,67,[NULL]
0,"1140,1,0",135,63,[NULL]
0,"0,3,969,1,1",144,54,[NULL]
1,"1141,1,0",144,54,[NULL]
0,"1142,1,0",145,53,[NULL]
0,"0,4,17,1,685,1,0",147,51,[NULL]
0,"0,3,17,2,403,1,0",148,50,[NULL]
0,"1033,1,1",153,45,[NULL]
0,"111,1,191",154,44,[NULL]
1,"64,1,402,1,0",154,44,[NULL]
0,"64,1,403,1,0",155,43,[NULL]
0,"0,1,17,1,725,1,0",156,42,[NULL]
0,"1144,1,0",157,41,[NULL]
1,"1143,1,0",157,41,[NULL]
0,"44,1,375",160,38,[NULL]
1,"0,8,919,1,1",160,38,[NULL]
0,"0,9,898,1,1",161,37,[NULL]
1,"5,1,149,2,0",161,37,[NULL]
0,"0,2,64,3,1",163,35,[NULL]
0,"0,2,64,1,299,1,1",164,34,[NULL]
1,"1,1,5,1,64,1,260,1,0",164,34,[NULL]
0,"0,1,64,1,380,1,0",165,33,[NULL]
0,"64,1,404,1,0",166,32,[NULL]
1,"0,1,113,1,260,1,0",166,32,[NULL]
2,"0,4,64,1,347,1,0",166,32,[NULL]
0,"13,3,167,1,6",167,31,[NULL]
1,"1145,1,0",167,31,[NULL]
2,"0,2,1103,1,0",167,31,[NULL]
3,"0,4,138,1,209,1,0",167,31,[NULL]
0,"13,3,168,1,6",168,30,[NULL]
1,"1,2,64,1,347,1,0",168,30,[NULL]
2,"0,4,23,1,627,1,0",168,30,[NULL]
0,"1,1,876",170,28,[NULL]
0,"13,1,617",171,27,[NULL]
1,"0,6,1051,1,0",171,27,[NULL]
0,"13,1,618",172,26,[NULL]
1,"0,4,1084,1,0",172,26,[NULL]
0,902,173,25,[NULL]
1,901,173,25,[NULL]
2,"64,1,262",173,25,[NULL]
3,"690,1,10",173,25,[NULL]
4,"0,2,1105,1,0",173,25,[NULL]
0,903,174,24,[NULL]
1,"17,1,545",174,24,[NULL]
2,"209,1,96",174,24,[NULL]
3,"877,1,4",174,24,[NULL]
4,"0,2,68,1,359,1,0",174,24,[NULL]
5,"0,10,59,1,324,1,0",174,24,[NULL]
0,"0,2,877",175,23,[NULL]
1,"3,1,802",175,23,[NULL]
2,"13,2,209,1,17",175,23,[NULL]
3,"930,1,3",175,23,[NULL]
4,"1146,1,0",175,23,[NULL]
0,"0,1,891",176,22,[NULL]
1,"691,1,10",176,22,[NULL]
2,"761,1,6",176,22,[NULL]
3,"1147,1,0",176,22,[NULL]
4,"0,2,1108,1,0",176,22,[NULL]
0,"1,1,878",177,21,[NULL]
1,"628,1,14",177,21,[NULL]
2,"959,1,2",177,21,[NULL]
3,"1149,1,0",177,21,[NULL]
4,"1148,1,0",177,21,[NULL]
5,"1,1,1107,1,0",177,21,[NULL]
6,"0,1,78,1,324,1,0",177,21,[NULL]
0,"960,1,2",178,20,[NULL]
1,"0,3,59,1,324,1,1",178,20,[NULL]
2,"1151,1,0",178,20,[NULL]
3,"1150,1,0",178,20,[NULL]
4,"3,1,1011,1,0",178,20,[NULL]
0,904,179,19,[NULL]
1,"629,1,14",179,19,[NULL]
2,"1152,1,0",179,19,[NULL]
3,"3,1,1014,1,0",179,19,[NULL]
0,905,180,18,[NULL]
1,"1,1,879",180,18,[NULL]
2,"630,1,14",180,18,[NULL]
3,"1155,1,0",180,18,[NULL]
4,"1154,1,0",180,18,[NULL]
5,"3,1,1016,1,0",180,18,[NULL]
6,"3,1,1015,1,0",180,18,[NULL]
0,907,181,17,[NULL]
1,906,181,17,[NULL]
2,"0,1,895",181,17,[NULL]
3,"1,1,881",181,17,[NULL]
4,"197,1,105",181,17,[NULL]
5,"0,1,333,1,46",181,17,[NULL]
6,"1156,1,0",181,17,[NULL]
7,"3,1,1017,1,0",181,17,[NULL]
8,"0,1,1129,1,0",181,17,[NULL]
0,910,182,16,[NULL]
1,909,182,16,[NULL]
2,908,182,16,[NULL]
3,"0,1,898",182,16,[NULL]
4,"0,1,897",182,16,[NULL]
5,"0,1,896",182,16,[NULL]
6,"76,1,190,1,9",182,16,[NULL]
7,"1157,1,0",182,16,[NULL]
8,"3,1,1020,1,0",182,16,[NULL]
9,"0,1,1131,1,0",182,16,[NULL]
0,912,183,15,[NULL]
1,911,183,15,[NULL]
2,"13,1,624",183,15,[NULL]
3,"67,1,392,1,0",183,15,[NULL]
4,"0,1,1133,1,0",183,15,[NULL]
5,"0,1,1132,1,0",183,15,[NULL]
0,913,184,14,[NULL]
1,"450,1,33",184,14,[NULL]
2,"64,1,324,1,1",184,14,[NULL]
3,"1159,1,0",184,14,[NULL]
4,"67,1,397,1,0",184,14,[NULL]
5,"0,1,1135,1,0",184,14,[NULL]
0,914,185,13,[NULL]
1,"0,1,324,1,47",185,13,[NULL]
2,"1160,1,0",185,13,[NULL]
3,"1,1,1118,1,0",185,13,[NULL]
4,"0,1,1136,1,0",185,13,[NULL]
5,"0,2,1120,1,0",185,13,[NULL]
0,"0,2,883",186,12,[NULL]
1,"18,1,524",186,12,[NULL]
2,"32,1,324,1,6",186,12,[NULL]
3,"1161,1,0",186,12,[NULL]
4,"0,1,1138,1,0",186,12,[NULL]
0,"1,1,883",187,11,[NULL]
1,"324,1,49",187,11,[NULL]
2,"33,1,324,1,6",187,11,[NULL]
3,"1163,1,0",187,11,[NULL]
4,"1162,1,0",187,11,[NULL]
5,"0,1,80,1,324,1,0",187,11,[NULL]
0,"3,1,324,1,38",188,10,[NULL]
1,"33,1,324,1,7",188,10,[NULL]
2,"1164,1,0",188,10,[NULL]
3,"81,1,324,1,0",188,10,[NULL]
4,"0,6,1058,1,0",188,10,[NULL]
0,"1,1,18,1,509",189,9,[NULL]
1,"1165,1,0",189,9,[NULL]
2,"83,1,324,1,0",189,9,[NULL]
3,"82,1,324,1,0",189,9,[NULL]
4,"0,6,18,2,324,1,0",189,9,[NULL]
0,"2,1,852",190,8,[NULL]
1,"1166,1,0",190,8,[NULL]
2,"84,1,324,1,0",190,8,[NULL]
0,"86,1,324,1,0",191,7,[NULL]
0,"0,199,0",0,199,[NULL]
0,"0,192,1",4,195,[NULL]
0,"0,1,1140,1,0",135,64,[NULL]
0,"758,1,8",136,63,[NULL]
0,"1,1,5,1,916,1,0",143,56,[NULL]
0,"0,1,1141,1,0",144,55,[NULL]
0,"0,1,1142,1,0",145,54,[NULL]
0,"0,5,17,1,685,1,0",147,52,[NULL]
0,915,152,47,[NULL]
1,"402,1,42",152,47,[NULL]
0,"0,1,1033,1,1",153,46,[NULL]
0,"0,1,111,1,191",154,45,[NULL]
1,"0,1,64,1,402,1,0",154,45,[NULL]
0,"0,1,64,1,403,1,0",155,44,[NULL]
0,"1,1,452,1,29",156,43,[NULL]
1,"0,2,17,1,725,1,0",156,43,[NULL]
0,"0,1,1143,1,0",157,42,[NULL]
0,"759,1,8",159,40,[NULL]
1,"1,1,1121,1,0",159,40,[NULL]
0,"0,9,919,1,1",160,39,[NULL]
0,"0,10,898,1,1",161,38,[NULL]
0,"0,3,64,3,1",163,36,[NULL]
1,"149,1,206,1,0",163,36,[NULL]
0,"0,2,64,1,380,1,0",165,34,[NULL]
0,"0,1,64,1,404,1,0",166,33,[NULL]
1,"0,2,113,1,260,1,0",166,33,[NULL]
2,"0,5,64,1,347,1,0",166,33,[NULL]
0,"0,5,138,1,209,1,0",167,32,[NULL]
0,"13,5,23,1,17",168,31,[NULL]
0,"13,4,101,1,6",169,30,[NULL]
0,"0,7,1051,1,0",171,28,[NULL]
0,916,172,27,[NULL]
1,"13,1,167,1,64",172,27,[NULL]
2,"420,1,38",172,27,[NULL]
3,"963,1,2",172,27,[NULL]
4,"0,5,1084,1,0",172,27,[NULL]
0,"80,1,231",173,26,[NULL]
1,"176,1,117",173,26,[NULL]
2,"292,1,52",173,26,[NULL]
3,"13,1,357,1,17",173,26,[NULL]
4,"13,2,286,1,6",173,26,[NULL]
5,"149,1,209,1,0",173,26,[NULL]
6,"0,3,1105,1,0",173,26,[NULL]
0,"0,1,903",174,25,[NULL]
1,"66,1,262",174,25,[NULL]
2,"13,2,212,1,17",174,25,[NULL]
3,"13,2,287,1,6",174,25,[NULL]
4,"1169,1,0",174,25,[NULL]
5,"0,11,59,1,324,1,0",174,25,[NULL]
0,"80,1,188,1,6",175,24,[NULL]
1,"3,1,876,1,2",175,24,[NULL]
2,"1051,1,1",175,24,[NULL]
3,"0,1,1146,1,0",175,24,[NULL]
0,"0,2,891",176,23,[NULL]
1,"13,1,32,1,254",176,23,[NULL]
2,"1171,1,0",176,23,[NULL]
3,"64,1,418,1,0",176,23,[NULL]
4,"0,1,1147,1,0",176,23,[NULL]
0,"13,2,213,1,17",177,22,[NULL]
1,"13,2,288,1,6",177,22,[NULL]
2,"74,1,359,1,0",177,22,[NULL]
3,"0,1,1149,1,0",177,22,[NULL]
4,"0,2,78,1,324,1,0",177,22,[NULL]
0,"13,1,532,1,6",178,21,[NULL]
1,"0,4,59,1,324,1,1",178,21,[NULL]
2,"0,1,1150,1,0",178,21,[NULL]
0,917,179,20,[NULL]
1,"426,1,38",179,20,[NULL]
2,"1,1,1126,1,0",179,20,[NULL]
3,"0,1,1152,1,0",179,20,[NULL]
0,"0,1,905",180,19,[NULL]
1,"1174,1,0",180,19,[NULL]
2,"3,1,1042,1,0",180,19,[NULL]
3,"0,1,1154,1,0",180,19,[NULL]
4,"0,1,3,1,1015,1,0",180,19,[NULL]
0,918,181,18,[NULL]
1,"1175,1,0",181,18,[NULL]
2,"0,1,1156,1,0",181,18,[NULL]
3,"0,1,3,1,1017,1,0",181,18,[NULL]
0,919,182,17,[NULL]
1,"1,1,895",182,17,[NULL]
2,"965,1,2",182,17,[NULL]
3,"1055,1,1",182,17,[NULL]
4,"0,1,1157,1,0",182,17,[NULL]
5,"0,1,3,1,1020,1,0",182,17,[NULL]
0,922,183,16,[NULL]
1,921,183,16,[NULL]
2,920,183,16,[NULL]
3,"5,1,324,1,29",183,16,[NULL]
4,"616,1,17",183,16,[NULL]
5,"1057,1,1",183,16,[NULL]
6,"0,2,1133,1,0",183,16,[NULL]
0,"2,1,865",184,15,[NULL]
1,"2,1,864",184,15,[NULL]
2,"352,1,46",184,15,[NULL]
3,"769,1,9",184,15,[NULL]
4,"0,1,64,1,324,1,1",184,15,[NULL]
0,"2,1,866",185,14,[NULL]
1,"66,1,324,1,1",185,14,[NULL]
0,923,186,13,[NULL]
1,"0,1,1161,1,0",186,13,[NULL]
0,925,187,12,[NULL]
1,924,187,12,[NULL]
2,"0,1,1162,1,0",187,12,[NULL]
3,"0,2,80,1,324,1,0",187,12,[NULL]
0,"1178,1,0",188,11,[NULL]
1,"0,1,81,1,324,1,0",188,11,[NULL]
2,"0,7,1058,1,0",188,11,[NULL]
0,926,189,10,[NULL]
1,"0,7,18,2,324,1,0",189,10,[NULL]
0,"1,1,324,1,48",190,9,[NULL]
0,"1058,1,1",192,7,[NULL]
0,"18,2,324,1,1",193,6,[NULL]
0,"0,200,0",0,200,[NULL]
0,"0,193,1",4,196,[NULL]
0,"0,2,1140,1,0",135,65,[NULL]
0,"0,2,1141,1,0",144,56,[NULL]
0,"0,2,1142,1,0",145,55,[NULL]
0,"969,1,2",151,49,[NULL]
1,"1179,1,0",151,49,[NULL]
0,"636,1,15",152,48,[NULL]
0,"0,2,1033,1,1",153,47,[NULL]
0,"1059,1,1",154,46,[NULL]
1,"0,2,64,1,402,1,0",154,46,[NULL]
0,"1,1,64,1,402,1,0",155,45,[NULL]
1,"0,2,64,1,403,1,0",155,45,[NULL]
0,"0,3,17,1,725,1,0",156,44,[NULL]
0,"0,2,1143,1,0",157,43,[NULL]
0,"1,1,1143,1,0",158,42,[NULL]
0,"1180,1,0",160,40,[NULL]
0,"1181,1,0",161,39,[NULL]
0,"1,1,5,1,149,2,0",162,38,[NULL]
0,"491,1,29",164,36,[NULL]
0,"0,3,64,1,380,1,0",165,35,[NULL]
0,"0,6,64,1,347,1,0",166,34,[NULL]
0,"784,1,6",170,30,[NULL]
0,"2,1,875",171,29,[NULL]
1,"347,1,47",171,29,[NULL]
2,"435,1,38",171,29,[NULL]
3,"13,1,537,1,6",171,29,[NULL]
4,"13,4,105,1,6",171,29,[NULL]
5,"64,1,420,1,0",171,29,[NULL]
6,"0,8,1051,1,0",171,29,[NULL]
0,"2,1,876",172,28,[NULL]
1,"0,1,963,1,2",172,28,[NULL]
2,"0,6,1084,1,0",172,28,[NULL]
0,"137,1,162",173,27,[NULL]
1,"974,1,2",173,27,[NULL]
2,"0,1,149,1,209,1,0",173,27,[NULL]
3,"0,4,1105,1,0",173,27,[NULL]
0,"5,1,746",174,26,[NULL]
1,"13,3,133,1,17",174,26,[NULL]
2,"977,1,2",174,26,[NULL]
3,"1063,1,1",174,26,[NULL]
4,"1182,1,0",174,26,[NULL]
5,"0,1,1169,1,0",174,26,[NULL]
0,"495,1,29",175,25,[NULL]
1,"978,1,2",175,25,[NULL]
2,"0,1,1051,1,1",175,25,[NULL]
3,"0,2,1146,1,0",175,25,[NULL]
0,"0,3,891",176,24,[NULL]
1,"0,1,64,1,418,1,0",176,24,[NULL]
2,"0,2,1147,1,0",176,24,[NULL]
0,927,177,23,[NULL]
1,"646,1,14",177,23,[NULL]
2,"23,1,417,1,6",177,23,[NULL]
3,"0,2,1149,1,0",177,23,[NULL]
0,"286,1,64",178,22,[NULL]
1,"300,1,55",178,22,[NULL]
2,"439,1,38",178,22,[NULL]
3,"0,5,59,1,324,1,1",178,22,[NULL]
4,"3,1,1050,1,0",178,22,[NULL]
5,"1,1,1148,1,0",178,22,[NULL]
6,"0,2,1150,1,0",178,22,[NULL]
0,"302,1,55",179,21,[NULL]
1,"472,1,33",179,21,[NULL]
2,"618,1,17",179,21,[NULL]
3,"982,1,2",179,21,[NULL]
4,"0,2,1152,1,0",179,21,[NULL]
0,"473,1,33",180,20,[NULL]
1,"618,1,18",180,20,[NULL]
2,"619,1,17",180,20,[NULL]
3,"984,1,2",180,20,[NULL]
4,"1,1,1152,1,0",180,20,[NULL]
5,"0,2,1154,1,0",180,20,[NULL]
0,"3,1,822",181,19,[NULL]
1,"620,1,17",181,19,[NULL]
2,"648,1,14",181,19,[NULL]
3,"1183,1,0",181,19,[NULL]
4,"1,1,1154,1,0",181,19,[NULL]
5,"0,1,1175,1,0",181,19,[NULL]
6,"0,2,1156,1,0",181,19,[NULL]
0,928,182,18,[NULL]
1,"2,1,880",182,18,[NULL]
2,"288,1,64",182,18,[NULL]
3,"442,1,38",182,18,[NULL]
4,"620,1,18",182,18,[NULL]
5,"13,1,373,1,17",182,18,[NULL]
6,"650,1,14",182,18,[NULL]
7,"0,1,965,1,2",182,18,[NULL]
8,"0,1,1055,1,1",182,18,[NULL]
9,"88,1,324,1,0",182,18,[NULL]
10,"1,1,1156,1,0",182,18,[NULL]
0,"0,1,920",183,17,[NULL]
1,"2,1,881",183,17,[NULL]
2,"309,1,55",183,17,[NULL]
3,"13,1,190,1,55",183,17,[NULL]
4,"787,1,6",183,17,[NULL]
5,"0,1,1057,1,1",183,17,[NULL]
6,"1185,1,0",183,17,[NULL]
7,"1184,1,0",183,17,[NULL]
0,929,184,16,[NULL]
1,"0,1,352,1,46",184,16,[NULL]
2,"788,1,6",184,16,[NULL]
3,"0,2,64,1,324,1,1",184,16,[NULL]
4,"1186,1,0",184,16,[NULL]
0,"3,1,826",185,15,[NULL]
1,"652,1,14",185,15,[NULL]
2,"0,1,66,1,324,1,1",185,15,[NULL]
3,"1189,1,0",185,15,[NULL]
4,"1188,1,0",185,15,[NULL]
5,"1187,1,0",185,15,[NULL]
6,"75,1,373,1,0",185,15,[NULL]
7,"3,1,1056,1,0",185,15,[NULL]
0,930,186,14,[NULL]
1,"270,1,75",186,14,[NULL]
2,"341,1,49",186,14,[NULL]
3,"1192,1,0",186,14,[NULL]
4,"1191,1,0",186,14,[NULL]
5,"1190,1,0",186,14,[NULL]
6,"1,2,1118,1,0",186,14,[NULL]
7,"0,2,1161,1,0",186,14,[NULL]
0,"0,1,924",187,13,[NULL]
1,"1195,1,0",187,13,[NULL]
2,"1194,1,0",187,13,[NULL]
3,"1193,1,0",187,13,[NULL]
4,"76,1,376,1,0",187,13,[NULL]
5,"0,2,1162,1,0",187,13,[NULL]
6,"0,3,80,1,324,1,0",187,13,[NULL]
0,931,188,12,[NULL]
1,"1196,1,0",188,12,[NULL]
2,"1,1,1163,1,0",188,12,[NULL]
3,"0,1,1178,1,0",188,12,[NULL]
4,"0,2,81,1,324,1,0",188,12,[NULL]
5,"0,8,1058,1,0",188,12,[NULL]
0,"1199,1,0",189,11,[NULL]
1,"1198,1,0",189,11,[NULL]
2,"1197,1,0",189,11,[NULL]
3,"90,1,324,1,0",189,11,[NULL]
4,"1,1,81,1,324,1,0",189,11,[NULL]
0,"1200,1,0",190,10,[NULL]
1,"1,1,1165,1,0",190,10,[NULL]
2,"1,1,82,1,324,1,0",190,10,[NULL]
0,"1201,1,0",191,9,[NULL]
1,"3,1,67,1,324,1,0",191,9,[NULL]
0,"0,1,1058,1,1",192,8,[NULL]
1,"3,1,68,1,324,1,0",192,8,[NULL]
0,"0,1,18,2,324,1,1",193,7,[NULL]
1,"91,1,324,1,0",193,7,[NULL]
0,"69,1,270",194,6,[NULL]
1,"93,1,324,1,0",194,6,[NULL]
0,"94,1,324,1,0",195,5,[NULL]
1,"3,1,1058,1,0",195,5,[NULL]
0,"324,1,50",196,4,[NULL]
