index,mon,stem,s,d2
0,0,0,0,""
0,"0,1,0",0,1,""
0,"0,2,0",0,2,""
0,"1,1,0",1,1,""
0,"0,3,0",0,3,""
0,"0,4,0",0,4,""
0,"1,2,0",2,2,""
0,"2,1,0",3,1,""
0,"0,5,0",0,5,""
0,"0,1,2,1,0",3,2,""
0,"0,6,0",0,6,""
0,"0,2,2,1,0",3,3,""
0,"0,7,0",0,7,""
0,"0,8,0",0,8,""
0,"2,2,0",6,2,""
0,"0,9,0",0,9,""
0,"0,10,0",0,10,""
0,"0,11,0",0,11,""
0,"4,1,0",8,3,""
0,"0,12,0",0,12,""
0,1,8,4,""
0,"0,13,0",0,13,""
0,"0,1,1",8,5,""
0,"1,1,4,1,0",9,4,""
0,"0,14,0",0,14,""
0,"0,2,1",8,6,""
0,"5,1,0",9,5,""
0,"0,15,0",0,15,""
0,"0,3,1",8,7,""
0,2,12,3,0
0,3,14,1,""
0,"0,16,0",0,16,""
0,"0,4,1",8,8,""
0,"1,1,5,1,0",10,6,""
0,"6,1,0",11,5,""
0,"0,1,2",12,4,0
0,"0,1,3",14,2,""
0,"7,1,0",15,1,""
0,"0,17,0",0,17,""
0,"0,5,1",8,9,""
0,"0,1,6,1,0",11,6,""
0,"0,2,2",12,5,0
0,"0,2,3",14,3,""
0,"1,1,3",15,2,""
1,"0,1,7,1,0",15,2,""
0,"0,18,0",0,18,""
0,"0,6,1",8,10,""
0,"0,2,6,1,0",11,7,""
0,"0,3,2",12,6,""
0,"0,3,3",14,4,""
1,"8,1,0",14,4,""
0,4,15,3,1
1,"0,2,7,1,0",15,3,""
0,"1,1,7,1,0",16,2,""
0,"0,19,0",0,19,""
0,"0,7,1",8,11,""
0,"0,4,2",12,7,""
0,"0,4,3",14,5,""
1,"0,1,8,1,0",14,5,""
0,"2,1,2",15,4,1
1,"0,3,7,1,0",15,4,""
0,"1,2,3",16,3,""
0,"2,1,3",17,2,""
0,"0,20,0",0,20,""
0,"0,8,1",8,12,""
0,"0,5,2",12,8,""
0,"0,5,3",14,6,""
1,"0,2,8,1,0",14,6,""
0,"1,1,8,1,0",15,5,""
1,"0,4,7,1,0",15,5,""
0,"0,1,2,1,3",17,3,""
1,"1,2,7,1,0",17,3,""
0,"0,21,0",0,21,""
0,"0,9,1",8,13,""
0,"0,6,2",12,9,""
0,"0,6,3",14,7,""
0,"0,5,7,1,0",15,6,""
0,"0,2,2,1,3",17,4,""
1,"9,1,0",17,4,""
0,"0,22,0",0,22,""
0,"0,10,1",8,14,""
0,"0,7,2",12,10,""
0,"0,7,3",14,8,""
0,"0,6,7,1,0",15,7,""
0,"0,1,9,1,0",17,5,""
0,"10,1,0",18,4,0
0,"0,23,0",0,23,""
0,"0,11,1",8,15,""
0,"0,8,2",12,11,""
0,"0,8,3",14,9,""
0,"0,7,7,1,0",15,8,""
0,"12,1,0",16,7,""
0,"0,2,9,1,0",17,6,""
0,"0,1,10,1,0",18,5,""
0,"3,1,2",19,4,""
0,"2,2,3",20,3,""
0,"3,1,3",21,2,""
0,"0,24,0",0,24,""
0,"0,12,1",8,16,""
0,"0,9,2",12,12,""
0,"0,9,3",14,10,""
0,"0,1,3,1,2",19,5,""
0,"13,1,0",20,4,""
0,"0,1,3,1,3",21,3,""
0,5,23,1,0
0,"0,25,0",0,25,""
0,"0,13,1",8,17,""
0,"0,10,2",12,13,""
0,"0,10,3",14,11,""
0,"1,1,12,1,0",17,8,""
0,"0,2,3,1,2",19,6,""
0,"0,1,13,1,0",20,5,""
0,"0,2,3,1,3",21,4,""
0,"1,1,3,1,3",22,3,""
0,"0,1,5",23,2,""
0,"0,26,0",0,26,""
0,"0,14,1",8,18,""
0,"0,11,2",12,14,""
0,"0,11,3",14,12,""
0,"14,1,0",17,9,""
0,"0,3,3,1,2",19,7,""
0,"0,2,13,1,0",20,6,""
0,"0,3,3,1,3",21,5,""
1,"1,1,13,1,0",21,5,""
0,"4,1,3",22,4,""
0,"0,2,5",23,3,""
0,"1,1,5",24,2,1
0,"0,27,0",0,27,""
0,"0,15,1",8,19,""
0,"0,12,2",12,15,""
0,"0,12,3",14,13,""
0,"0,3,5",23,4,""
1,"4,1,7,1,0",23,4,""
0,"0,28,0",0,28,""
0,"0,16,1",8,20,""
0,"0,13,2",12,16,""
0,"0,13,3",14,14,""
0,"1,1,14,1,0",18,10,""
0,"15,1,0",19,9,""
0,"1,1,4,1,3",23,5,""
1,"7,1,1",23,5,""
2,"2,1,13,1,0",23,5,""
0,"1,2,5",25,3,""
0,6,26,2,""
0,"0,29,0",0,29,""
0,"0,17,1",8,21,""
0,"0,14,2",12,17,""
0,"0,14,3",14,15,""
0,"0,1,15,1,0",19,10,""
0,"5,1,3",23,6,""
1,"0,1,7,1,1",23,6,""
2,"0,1,2,1,13,1,0",23,6,""
0,"0,1,6",26,3,""
0,"0,30,0",0,30,""
0,"0,18,1",8,22,""
0,"0,15,2",12,18,""
0,"0,15,3",14,16,""
0,"0,2,15,1,0",19,11,""
0,"16,1,0",22,8,""
0,"0,2,7,1,1",23,7,""
1,"17,1,0",23,7,0
0,"0,2,6",26,4,""
0,"0,31,0",0,31,""
0,"0,19,1",8,23,""
0,"0,16,2",12,19,""
0,"0,16,3",14,17,""
0,"0,1,16,1,0",22,9,""
0,"0,3,7,1,1",23,8,""
1,"0,1,17,1,0",23,8,0
0,"1,1,5,1,3",24,7,""
0,"6,1,3",25,6,""
0,"3,2,2",26,5,""
0,"7,1,2",27,4,""
0,"3,2,3",28,3,""
0,"7,1,3",29,2,0
0,"0,32,0",0,32,""
0,"0,20,1",8,24,""
0,"0,17,2",12,20,""
0,"0,17,3",14,18,""
0,"0,2,16,1,0",22,10,""
0,"1,1,16,1,0",23,9,""
1,"0,2,17,1,0",23,9,""
0,"0,1,6,1,3",25,7,""
0,"2,2,13,1,0",26,6,""
0,"0,1,7,1,2",27,5,""
0,"0,1,3,2,3",28,4,""
0,"0,1,7,1,3",29,3,""
0,"7,2,0",30,2,""
0,"18,1,0",31,1,1
0,"0,33,0",0,33,""
0,"0,21,1",8,25,""
0,"0,18,2",12,21,""
0,"0,18,3",14,19,""
0,"0,3,17,1,0",23,10,""
0,"0,2,6,1,3",25,8,""
1,"19,1,0",25,8,""
0,"20,1,0",26,7,0
0,"0,2,7,1,2",27,6,""
0,"8,1,3",28,5,""
0,"0,2,7,1,3",29,4,""
0,"1,1,7,1,3",30,3,""
1,"0,1,7,2,0",30,3,""
0,"0,1,18,1,0",31,2,0
0,"0,34,0",0,34,""
0,"0,22,1",8,26,""
0,"0,19,2",12,22,""
0,"0,19,3",14,20,""
0,"0,4,17,1,0",23,11,""
0,"0,1,19,1,0",25,9,""
0,"0,1,20,1,0",26,8,0
0,"0,3,7,1,2",27,7,""
0,"0,1,8,1,3",28,6,""
0,"0,3,7,1,3",29,5,""
0,"0,2,7,2,0",30,4,""
0,"0,2,18,1,0",31,3,0
0,"1,1,18,1,0",32,2,""
0,"0,35,0",0,35,""
0,"0,23,1",8,27,""
0,"0,20,2",12,23,""
0,"0,20,3",14,21,""
0,"0,5,17,1,0",23,12,""
0,"21,1,0",24,11,""
0,"0,2,19,1,0",25,10,""
0,"0,2,20,1,0",26,9,""
0,"0,4,7,1,2",27,8,""
0,"0,2,8,1,3",28,7,""
0,"1,1,8,1,3",29,6,""
1,"0,4,7,1,3",29,6,""
0,"0,3,7,2,0",30,5,""
0,"1,2,7,1,3",31,4,""
1,"0,3,18,1,0",31,4,""
0,"2,1,7,1,3",32,3,""
0,"0,36,0",0,36,""
0,"0,24,1",8,28,""
0,"0,21,2",12,24,""
0,"0,21,3",14,22,""
0,"0,5,7,1,2",27,9,""
0,"8,2,0",28,8,""
0,"0,5,7,1,3",29,7,""
1,"22,1,0",29,7,0
0,"23,1,0",30,6,""
0,"9,1,3",31,5,0
1,"0,4,18,1,0",31,5,""
0,"0,1,2,1,7,1,3",32,4,""
0,"3,1,6",33,3,""
1,"1,2,18,1,0",33,3,""
0,"2,1,18,1,0",34,2,""
0,"0,37,0",0,37,""
0,"0,25,1",8,29,""
0,"0,22,2",12,25,""
0,"0,22,3",14,23,""
0,"1,1,21,1,0",25,12,""
0,"0,6,7,1,2",27,10,""
0,"0,1,8,2,0",28,9,""
0,"0,6,7,1,3",29,8,""
1,"0,1,22,1,0",29,8,0
0,"0,1,23,1,0",30,7,""
0,"0,1,9,1,3",31,6,""
1,"0,5,18,1,0",31,6,""
0,"10,1,3",32,5,0
1,"0,2,2,1,7,1,3",32,5,""
0,"26,1,0",33,4,""
0,"0,1,2,1,18,1,0",34,3,""
0,"0,38,0",0,38,""
0,"0,26,1",8,30,""
0,"0,23,2",12,26,""
0,"0,23,3",14,24,""
0,"27,1,0",25,13,""
0,"0,7,7,1,2",27,11,""
0,"0,2,8,2,0",28,10,""
0,"0,7,7,1,3",29,9,""
1,"0,2,22,1,0",29,9,""
0,"12,1,3",30,8,""
0,"0,2,9,1,3",31,7,""
1,"0,6,18,1,0",31,7,""
0,"0,1,10,1,3",32,6,""
1,"28,1,0",32,6,""
0,"0,2,2,1,18,1,0",34,4,""
0,7,35,3,""
0,"0,39,0",0,39,""
0,"0,27,1",8,31,""
0,"0,24,2",12,27,""
0,"0,24,3",14,25,""
0,"8,1,9,1,0",31,8,""
1,"0,7,18,1,0",31,8,""
0,"29,1,0",32,7,1
0,"13,1,3",34,5,""
0,"2,2,7,1,3",35,4,""
0,"0,40,0",0,40,""
0,"0,28,1",8,32,""
0,"0,25,2",12,28,""
0,"0,25,3",14,26,""
0,"1,1,27,1,0",26,14,""
0,"30,1,0",27,13,""
0,"1,1,12,1,3",31,9,""
1,"0,1,8,1,9,1,0",31,9,""
2,"0,8,18,1,0",31,9,""
0,"0,1,29,1,0",32,8,1
0,"1,1,28,1,0",33,7,""
0,"0,1,13,1,3",34,6,""
0,"2,2,18,1,0",37,3,""
0,"7,1,5",38,2,""
0,"0,41,0",0,41,""
0,"0,29,1",8,33,""
0,"0,26,2",12,29,""
0,"0,26,3",14,27,""
0,"0,1,30,1,0",27,14,""
0,"14,1,3",31,10,""
1,"0,2,8,1,9,1,0",31,10,""
2,"0,9,18,1,0",31,10,""
0,"0,2,29,1,0",32,9,""
0,8,33,8,""
0,"0,2,13,1,3",34,7,""
0,"1,1,13,1,3",35,6,""
0,"0,1,7,1,5",38,3,""
0,"0,42,0",0,42,""
0,"0,30,1",8,34,""
0,"0,27,2",12,30,""
0,"0,27,3",14,28,""
0,"0,2,30,1,0",27,15,""
0,"31,1,0",30,12,""
0,"17,1,1",31,11,0
1,"0,10,18,1,0",31,11,""
0,"8,1,13,1,0",34,8,""
0,"32,1,0",35,7,0
0,"34,1,0",37,5,""
0,"0,2,7,1,5",38,4,""
1,"35,1,0",38,4,""
0,"1,1,7,1,5",39,3,""
0,"0,43,0",0,43,""
0,"0,31,1",8,35,""
0,"0,28,2",12,31,""
0,"0,28,3",14,29,""
0,"0,1,31,1,0",30,13,""
0,"0,1,17,1,1",31,12,0
1,"0,11,18,1,0",31,12,""
0,"1,1,14,1,3",32,11,""
0,"15,1,3",33,10,""
0,"0,1,8,1,13,1,0",34,9,""
0,"0,1,32,1,0",35,8,""
0,"2,1,13,1,3",37,6,""
0,"0,3,7,1,5",38,5,""
0,"4,1,18,1,0",39,4,""
0,"0,44,0",0,44,""
0,"0,32,1",8,36,""
0,"0,29,2",12,32,""
0,"0,29,3",14,30,""
0,"0,2,31,1,0",30,14,""
0,"1,1,31,1,0",31,13,""
1,"0,12,18,1,0",31,13,""
0,"0,1,15,1,3",33,11,""
0,"0,2,32,1,0",35,9,""
0,"0,1,2,1,13,1,3",37,7,""
0,"36,1,0",38,6,""
0,"18,1,1",39,5,0
0,"37,1,0",40,4,""
0,"0,45,0",0,45,""
0,"0,33,1",8,37,""
0,"0,30,2",12,33,""
0,"0,30,3",14,31,""
0,"0,13,18,1,0",31,14,""
0,"0,2,15,1,3",33,12,""
1,"39,1,0",33,12,""
0,"40,1,0",34,11,0
0,"17,1,2",35,10,""
0,"16,1,3",36,9,""
0,"17,1,3",37,8,0
1,"9,1,13,1,0",37,8,""
0,"0,1,36,1,0",38,7,""
0,"0,1,18,1,1",39,6,0
0,"1,1,4,1,18,1,0",40,5,""
0,"0,46,0",0,46,""
0,"0,34,1",8,38,""
0,"0,31,2",12,34,""
0,"0,31,3",14,32,""
0,"0,14,18,1,0",31,15,""
0,"0,1,39,1,0",33,13,""
0,"0,1,40,1,0",34,12,0
0,"0,1,17,1,2",35,11,""
0,"0,1,16,1,3",36,10,""
0,"0,1,17,1,3",37,9,0
0,"0,2,36,1,0",38,8,""
0,"0,2,18,1,1",39,7,0
0,9,40,6,""
1,"5,1,18,1,0",40,6,""
0,"0,47,0",0,47,""
0,"0,35,1",8,39,""
0,"0,32,2",12,35,""
0,"0,32,3",14,33,""
0,"0,15,18,1,0",31,16,""
0,"41,1,0",32,15,""
0,"0,2,39,1,0",33,14,""
0,"0,2,40,1,0",34,13,""
0,"0,2,17,1,2",35,12,""
0,"0,2,16,1,3",36,11,""
0,"1,1,16,1,3",37,10,""
1,"0,2,17,1,3",37,10,""
0,"0,3,36,1,0",38,9,""
0,"0,3,18,1,1",39,8,""
0,"2,2,13,1,3",40,7,""
0,"7,2,2",42,5,""
0,"18,1,2",43,4,""
0,"7,2,3",44,3,""
0,"18,1,3",45,2,0
0,"0,48,0",0,48,""
0,"0,36,1",8,40,""
0,"0,33,2",12,36,""
0,"0,33,3",14,34,""
0,"0,3,17,1,2",35,13,""
0,"8,1,16,1,0",36,12,""
0,"0,3,17,1,3",37,11,""
1,"8,1,17,1,0",37,11,0
0,"23,1,1",38,10,""
0,"19,1,3",39,9,0
1,"0,4,18,1,1",39,9,""
2,"42,1,0",39,9,""
0,"20,1,3",40,8,0
1,"13,2,0",40,8,""
0,"1,1,5,1,18,1,0",41,7,""
0,"6,1,18,1,0",42,6,""
0,"0,1,18,1,2",43,5,""
0,"0,1,7,2,3",44,4,""
0,"0,1,18,1,3",45,3,0
0,"0,49,0",0,49,""
0,"0,37,1",8,41,""
0,"0,34,2",12,37,""
0,"0,34,3",14,35,""
0,"1,1,41,1,0",33,16,""
0,"0,4,17,1,2",35,14,""
0,"0,1,8,1,16,1,0",36,13,""
0,"0,4,17,1,3",37,12,""
1,"0,1,8,1,17,1,0",37,12,0
0,"0,1,23,1,1",38,11,""
0,"0,1,19,1,3",39,10,""
1,"0,5,18,1,1",39,10,""
0,"0,1,20,1,3",40,9,0
0,10,42,7,""
1,"0,1,6,1,18,1,0",42,7,""
0,"0,2,18,1,2",43,6,""
0,"0,2,7,2,3",44,5,""
0,"0,2,18,1,3",45,4,0
0,"1,1,18,1,3",46,3,""
0,"0,50,0",0,50,""
0,"0,38,1",8,42,""
0,"0,35,2",12,38,""
0,"0,35,3",14,36,""
0,"44,1,0",33,17,""
0,"0,5,17,1,2",35,15,""
0,"0,2,8,1,16,1,0",36,14,""
0,"0,5,17,1,3",37,13,""
1,"0,2,8,1,17,1,0",37,13,""
0,"21,1,3",38,12,""
0,"0,2,19,1,3",39,11,""
1,"0,6,18,1,1",39,11,""
0,"0,2,20,1,3",40,10,""
1,"1,1,42,1,0",40,10,""
0,"0,1,10",42,8,""
1,"0,2,6,1,18,1,0",42,8,""
0,"0,3,18,1,2",43,7,""
0,"0,3,7,2,3",44,6,""
0,"0,3,18,1,3",45,5,""
1,"8,1,18,1,0",45,5,""
0,"18,1,4",46,4,2
0,"0,51,0",0,51,""
0,"0,39,1",8,43,""
0,"0,36,2",12,39,""
0,"0,36,3",14,37,""
0,"0,7,18,1,1",39,12,""
1,"8,1,19,1,0",39,12,""
0,"8,1,20,1,0",40,11,2
0,"45,1,0",41,10,""
0,"8,2,3",42,9,""
1,"23,1,2",42,9,0
2,"46,1,0",42,9,0
0,"22,1,3",43,8,0
1,"0,4,18,1,2",43,8,""
0,"23,1,3",44,7,""
0,11,45,6,""
1,"0,4,18,1,3",45,6,""
2,"0,1,8,1,18,1,0",45,6,""
0,"2,1,18,1,2",46,5,""
0,12,47,4,0
1,"1,2,18,1,3",47,4,""
0,"2,1,18,1,3",48,3,""
0,"0,52,0",0,52,""
0,"0,40,1",8,44,""
0,"0,37,2",12,40,""
0,"0,37,3",14,38,""
0,"1,1,44,1,0",34,18,""
0,"47,1,0",35,17,""
0,"1,1,21,1,3",39,13,""
1,"0,8,18,1,1",39,13,""
2,"0,1,8,1,19,1,0",39,13,""
0,"0,1,8,1,20,1,0",40,12,2
0,"0,1,45,1,0",41,11,""
0,"0,1,8,2,3",42,10,""
1,"0,1,23,1,2",42,10,""
0,"0,1,22,1,3",43,9,0
1,"0,5,18,1,2",43,9,""
0,"0,1,23,1,3",44,8,""
0,"0,1,11",45,7,""
1,"0,5,18,1,3",45,7,""
0,"1,1,8,1,18,1,0",46,6,""
0,13,47,5,""
1,"26,1,3",47,5,""
0,"0,1,2,1,18,1,3",48,4,""
0,14,50,2,""
0,"0,53,0",0,53,""
0,"0,41,1",8,45,""
0,"0,38,2",12,41,""
0,"0,38,3",14,39,""
0,"0,1,47,1,0",35,18,""
0,"27,1,3",39,14,""
1,"0,9,18,1,1",39,14,""
2,"0,2,8,1,19,1,0",39,14,""
0,"0,2,8,1,20,1,0",40,13,""
0,15,41,12,""
0,"0,2,8,2,3",42,11,""
1,"0,2,23,1,2",42,11,""
0,"0,2,22,1,3",43,10,""
1,"0,6,18,1,2",43,10,""
0,"0,2,23,1,3",44,9,""
0,"2,1,10",45,8,""
1,"0,6,18,1,3",45,8,""
0,"28,1,3",46,7,""
1,"48,1,0",46,7,""
0,"0,2,2,1,18,1,3",48,5,""
1,"9,1,18,1,0",48,5,""
0,16,49,4,""
0,"0,1,14",50,3,""
0,"0,54,0",0,54,""
0,"0,42,1",8,46,""
0,"0,39,2",12,42,""
0,"0,39,3",14,40,""
0,"0,2,47,1,0",35,19,""
0,"49,1,0",38,16,""
0,"0,10,18,1,1",39,15,""
1,"50,1,0",39,15,0
0,"0,3,23,1,2",42,12,""
1,"8,3,0",42,12,""
0,"0,7,18,1,2",43,11,""
1,"8,1,22,1,0",43,11,1
0,"0,3,23,1,3",44,10,""
1,"8,1,23,1,0",44,10,""
0,"8,1,9,1,3",45,9,""
1,"0,7,18,1,3",45,9,""
2,"51,1,0",45,9,""
0,"29,1,3",46,8,0
0,17,48,6,"0,1"
0,"10,1,18,1,0",49,5,""
0,"0,2,14",50,4,""
0,"0,55,0",0,55,""
0,"0,43,1",8,47,""
0,"0,40,2",12,43,""
0,"0,40,3",14,41,""
0,"0,1,49,1,0",38,17,""
0,"0,11,18,1,1",39,16,""
1,"0,1,50,1,0",39,16,0
0,"1,1,27,1,3",40,15,""
0,"30,1,3",41,14,""
0,"0,4,23,1,2",42,13,""
1,"0,1,8,3,0",42,13,""
0,"0,8,18,1,2",43,12,""
1,"0,1,8,1,22,1,0",43,12,0
0,"0,4,23,1,3",44,11,""
0,"0,1,8,1,9,1,3",45,10,""
1,"0,8,18,1,3",45,10,""
0,"0,1,29,1,3",46,9,0
0,"12,1,18,1,0",47,8,""
1,"1,1,48,1,0",47,8,""
0,"53,1,0",48,7,""
0,"0,1,10,1,18,1,0",49,6,""
0,"3,1,18,1,2",50,5,""
0,"2,2,18,1,3",51,4,""
0,"3,1,18,1,3",52,3,""
0,"0,56,0",0,56,""
0,"0,44,1",8,48,""
0,"0,41,2",12,44,""
0,"0,41,3",14,42,""
0,"0,2,49,1,0",38,18,""
0,"1,1,49,1,0",39,17,""
1,"0,2,50,1,0",39,17,""
0,"0,1,30,1,3",41,15,""
0,"0,2,8,3,0",42,14,""
0,"0,9,18,1,2",43,13,""
1,"0,2,8,1,22,1,0",43,13,""
0,"0,5,23,1,3",44,12,""
0,"0,2,8,1,9,1,3",45,11,""
1,"0,9,18,1,3",45,11,""
0,"0,2,29,1,3",46,10,""
0,18,47,9,""
0,"0,1,53,1,0",48,8,""
0,19,49,7,1
1,"1,1,17",49,7,""
0,20,50,6,1
1,"0,1,3,1,18,1,2",50,6,""
2,"54,1,0",50,6,""
0,21,52,4,""
1,"0,1,3,1,18,1,3",52,4,""
0,22,53,3,"0,2"
1,"7,2,5",53,3,""
0,"0,57,0",0,57,""
0,"0,45,1",8,49,""
0,"0,42,2",12,45,""
0,"0,42,3",14,43,""
0,"0,3,50,1,0",39,18,""
0,"0,2,30,1,3",41,16,""
1,"55,1,0",41,16,""
0,"56,1,0",42,15,0
0,"0,10,18,1,2",43,14,""
0,"31,1,3",44,13,""
0,"0,10,18,1,3",45,12,""
1,"8,2,9,1,0",45,12,""
0,"8,1,29,1,0",46,11,""
0,"9,1,23,1,0",47,10,""
0,"8,1,13,1,3",48,9,""
1,"0,2,53,1,0",48,9,""
0,"32,1,3",49,8,1
1,"34,1,2",49,8,""
0,"0,1,20",50,7,1
1,"0,2,3,1,18,1,2",50,7,""
0,"34,1,3",51,6,""
0,"35,1,3",52,5,""
1,"0,2,3,1,18,1,3",52,5,""
2,"57,1,0",52,5,""
0,"0,1,22",53,4,""
1,"1,1,3,1,18,1,3",53,4,""
0,"0,58,0",0,58,""
0,"0,46,1",8,50,""
0,"0,43,2",12,46,""
0,"0,43,3",14,44,""
0,"0,4,50,1,0",39,19,""
0,"0,1,55,1,0",41,17,""
0,"0,1,56,1,0",42,16,0
0,"0,11,18,1,2",43,15,""
0,"0,1,31,1,3",44,14,""
0,"0,11,18,1,3",45,13,""
0,"1,1,18",48,10,""
1,"0,1,8,1,13,1,3",48,10,""
0,"0,1,32,1,3",49,9,0
1,"0,1,34,1,2",49,9,""
0,"0,2,20",50,8,1
1,"0,3,3,1,18,1,2",50,8,""
0,"2,1,17",51,7,""
1,"0,1,34,1,3",51,7,""
0,23,52,6,""
1,"0,3,3,1,18,1,3",52,6,""
0,"4,1,18,1,3",53,5,""
0,24,55,3,0
0,"0,59,0",0,59,""
0,"0,47,1",8,51,""
0,"0,44,2",12,47,""
0,"0,44,3",14,45,""
0,"0,5,50,1,0",39,20,""
0,"58,1,0",40,19,""
0,"0,2,55,1,0",41,18,""
0,"0,2,56,1,0",42,17,""
0,"0,12,18,1,2",43,16,""
0,"0,2,31,1,3",44,15,""
0,"1,1,31,1,3",45,14,""
1,"0,12,18,1,3",45,14,""
0,"0,2,8,1,13,1,3",48,11,""
0,"0,2,32,1,3",49,10,""
1,"0,2,34,1,2",49,10,""
0,"36,1,2",50,9,0
0,"0,2,34,1,3",51,8,""
1,"2,1,53,1,0",51,8,""
0,"36,1,3",52,7,1
0,"37,1,3",54,5,""
0,"38,1,3",55,4,1
0,"0,60,0",0,60,""
0,"0,48,1",8,52,""
0,"0,45,2",12,48,""
0,"0,45,3",14,46,""
0,"0,13,18,1,2",43,17,""
0,"8,1,31,1,0",44,16,""
0,"0,13,18,1,3",45,15,""
1,"16,1,17,1,0",45,15,0
0,"17,2,0",46,14,""
0,"39,1,3",47,13,0
1,"60,1,0",47,13,0
2,"59,1,0",47,13,0
0,"40,1,3",48,12,0
1,"8,2,13,1,0",48,12,""
0,"0,3,34,1,2",49,11,""
1,"8,1,32,1,0",49,11,""
0,"13,1,23,1,0",50,10,""
0,"9,1,13,1,3",51,9,""
1,"0,3,34,1,3",51,9,""
0,"0,1,36,1,3",52,8,0
0,"2,1,54,1,0",53,7,""
0,"1,1,4,1,18,1,3",54,6,""
1,"0,1,37,1,3",54,6,""
2,"61,1,0",54,6,""
0,"0,1,38,1,3",55,5,""
0,"2,1,22",56,4,""
0,"18,1,6",57,3,""
0,"0,61,0",0,61,""
0,"0,49,1",8,53,""
0,"0,46,2",12,49,""
0,"0,46,3",14,47,""
0,"1,1,58,1,0",41,20,""
0,"0,14,18,1,2",43,18,""
0,"0,1,8,1,31,1,0",44,17,""
0,"0,14,18,1,3",45,16,""
1,"0,1,16,1,17,1,0",45,16,0
0,"0,1,17,2,0",46,15,""
0,"0,1,39,1,3",47,14,""
1,"0,1,59,1,0",47,14,""
0,"0,1,40,1,3",48,13,0
0,"0,4,34,1,3",51,10,""
0,"0,2,36,1,3",52,9,0
0,25,54,7,0
1,"5,1,18,1,3",54,7,""
0,26,56,5,""
0,"0,1,18,1,6",57,4,""
0,"0,62,0",0,62,""
0,"0,50,1",8,54,""
0,"0,47,2",12,50,""
0,"0,47,3",14,48,""
0,"62,1,0",41,21,""
0,"0,15,18,1,2",43,19,""
0,"0,2,8,1,31,1,0",44,18,""
0,"0,15,18,1,3",45,17,""
1,"0,2,16,1,17,1,0",45,17,""
0,"41,1,3",46,16,""
0,"0,2,39,1,3",47,15,""
1,"0,2,59,1,0",47,15,""
0,"0,2,40,1,3",48,14,""
1,"1,1,59,1,0",48,14,""
0,"0,5,34,1,3",51,11,""
0,"0,3,36,1,3",52,10,""
0,"16,1,18,1,0",53,9,""
0,"2,2,17",54,8,""
1,"17,1,18,1,0",54,8,""
0,"1,1,61,1,0",55,7,""
0,27,56,6,""
0,"0,2,18,1,6",57,5,""
0,"0,63,0",0,63,""
0,"0,51,1",8,55,""
0,"0,48,2",12,51,""
0,"0,48,3",14,49,""
0,"8,1,39,1,0",47,16,""
1,"0,3,59,1,0",47,16,""
0,"8,1,40,1,0",48,15,1
0,"17,1,20,1,0",49,14,""
0,"8,1,16,1,3",50,13,""
1,"63,1,0",50,13,0
0,"8,1,17,1,3",51,12,0
1,"8,1,9,1,13,1,0",51,12,""
0,"9,1,32,1,0",52,11,""
0,"42,1,3",53,10,""
1,"64,1,0",53,10,""
0,"13,2,3",54,9,""
1,"0,1,17,1,18,1,0",54,9,""
0,"1,1,25",55,8,1
1,"1,1,5,1,18,1,3",55,8,""
0,"6,1,18,1,3",56,7,""
1,"43,1,2",56,7,""
0,"3,2,18,1,2",57,6,""
0,"43,1,3",58,5,""
0,"3,2,18,1,3",59,4,""
0,"0,64,0",0,64,""
0,"0,52,1",8,56,""
0,"0,49,2",12,52,""
0,"0,49,3",14,50,""
0,"1,1,62,1,0",42,22,""
0,"65,1,0",43,21,""
0,"1,1,41,1,3",47,17,""
1,"0,1,8,1,39,1,0",47,17,""
2,"0,4,59,1,0",47,17,""
0,"0,1,8,1,40,1,0",48,16,1
0,"0,1,17,1,20,1,0",49,15,""
0,"0,1,8,1,16,1,3",50,14,""
0,"0,1,8,1,17,1,3",51,13,0
0,"0,1,64,1,0",53,11,""
0,"66,1,0",54,10,0
1,"0,2,17,1,18,1,0",54,10,""
0,"0,1,6,1,18,1,3",56,8,""
1,"0,1,43,1,2",56,8,""
0,"3,1,20",57,7,1
1,"67,1,0",57,7,""
0,"0,1,43,1,3",58,6,""
1,"68,1,0",58,6,1
0,"3,1,21",59,5,""
1,"0,1,3,2,18,1,3",59,5,""
0,"3,1,22",60,4,1
0,"18,2,0",62,2,""
0,"69,1,0",63,1,0
0,"0,65,0",0,65,""
0,"0,53,1",8,57,""
0,"0,50,2",12,53,""
0,"0,50,3",14,51,""
0,"0,1,65,1,0",43,22,""
0,"44,1,3",47,18,""
1,"0,2,8,1,39,1,0",47,18,""
2,"0,5,59,1,0",47,18,""
0,"0,2,8,1,40,1,0",48,17,""
0,28,49,16,""
0,"0,2,8,1,16,1,3",50,15,""
0,"0,2,8,1,17,1,3",51,14,""
0,"0,2,64,1,0",53,12,""
0,"1,1,64,1,0",54,11,""
1,"0,1,66,1,0",54,11,""
0,"0,2,6,1,18,1,3",56,9,""
1,"0,2,43,1,2",56,9,""
2,"18,1,19,1,0",56,9,""
0,"18,1,20,1,0",57,8,""
1,"0,1,67,1,0",57,8,""
0,"0,2,43,1,3",58,7,""
1,"0,1,68,1,0",58,7,""
0,"8,1,18,1,3",59,6,""
1,"1,1,43,1,3",59,6,""
0,"0,1,3,1,22",60,5,""
0,"70,1,0",61,4,""
0,"0,1,18,2,0",62,3,""
0,"0,1,69,1,0",63,2,1
0,"0,66,0",0,66,""
0,"0,54,1",8,58,""
0,"0,51,2",12,54,""
0,"0,51,3",14,52,""
0,"0,2,65,1,0",43,23,""
0,"71,1,0",46,20,""
0,"50,1,1",47,19,0
1,"0,6,59,1,0",47,19,""
0,"8,2,16,1,0",50,16,""
0,"8,2,17,1,0",51,15,0
0,"16,1,23,1,0",52,14,""
0,"8,1,19,1,3",53,13,""
1,"8,1,42,1,0",53,13,""
0,"8,1,20,1,3",54,12,0
1,"8,1,13,2,0",54,12,""
0,"45,1,3",55,11,""
1,"13,1,32,1,0",55,11,""
0,"46,1,3",56,10,0
1,"72,1,0",56,10,0
0,"0,1,18,1,20,1,0",57,9,""
0,"0,2,68,1,0",58,8,""
0,"0,1,8,1,18,1,3",59,7,""
0,29,61,5,"0,1"
0,"3,1,24",62,4,0
1,"0,2,18,2,0",62,4,""
0,"1,1,18,2,0",63,3,""
1,"0,2,69,1,0",63,3,2
0,"1,1,69,1,0",64,2,""
0,"0,67,0",0,67,""
0,"0,55,1",8,59,""
0,"0,52,2",12,55,""
0,"0,52,3",14,53,""
0,"0,1,71,1,0",46,21,""
0,"0,1,50,1,1",47,20,0
1,"0,7,59,1,0",47,20,""
0,"1,1,44,1,3",48,19,""
0,"47,1,3",49,18,""
0,"0,1,8,2,16,1,0",50,17,""
0,"0,1,8,2,17,1,0",51,16,""
0,"0,1,8,1,19,1,3",53,14,""
0,"0,1,8,1,20,1,3",54,13,0
0,"1,2,64,1,0",55,12,""
0,"0,1,72,1,0",56,11,""
0,"0,2,18,1,20,1,0",57,10,""
0,"0,2,8,1,18,1,3",59,8,""
0,"1,1,8,1,18,1,3",60,7,""
1,"73,1,0",60,7,""
0,"2,1,43,1,3",61,6,""
1,"75,1,0",61,6,1
2,"74,1,0",61,6,1
0,"76,1,0",62,5,"0,1"
1,"1,1,70,1,0",62,5,""
2,"0,3,18,2,0",62,5,""
0,"0,3,69,1,0",63,4,2
0,"0,68,0",0,68,""
0,"0,56,1",8,60,""
0,"0,53,2",12,56,""
0,"0,53,3",14,54,""
0,"0,2,71,1,0",46,22,""
0,"1,1,71,1,0",47,21,""
1,"0,8,59,1,0",47,21,""
0,"0,1,47,1,3",49,19,""
0,"0,2,8,2,17,1,0",51,17,""
0,"0,2,8,1,19,1,3",53,15,""
0,"0,2,8,1,20,1,3",54,14,""
0,30,55,13,""
0,"0,2,72,1,0",56,12,""
0,"1,1,72,1,0",57,11,""
0,"48,1,3",60,8,""
1,"0,1,73,1,0",60,8,""
0,"0,1,75,1,0",61,7,1
1,"0,1,74,1,0",61,7,1
0,"1,1,29",62,6,0
1,"9,1,18,1,3",62,6,""
2,"0,4,18,2,0",62,6,""
0,31,63,5,""
1,"0,4,69,1,0",63,5,2
0,32,64,4,""
1,"1,2,18,2,0",64,4,""
0,"2,1,18,2,0",65,3,""
1,"1,2,69,1,0",65,3,""
0,"2,1,69,1,0",66,2,0
0,"0,69,0",0,69,""
0,"0,57,1",8,61,""
0,"0,54,2",12,57,""
0,"0,54,3",14,55,""
0,"0,9,59,1,0",47,22,""
0,"0,2,47,1,3",49,20,""
1,"77,1,0",49,20,""
0,"78,1,0",50,19,0
0,"50,1,2",51,18,""
0,"49,1,3",52,17,""
0,"50,1,3",53,16,0
1,"8,2,19,1,0",53,16,""
0,"8,2,20,1,0",54,15,""
0,"8,1,45,1,0",55,14,""
0,"8,3,3",56,13,""
1,"8,1,46,1,0",56,13,""
0,"8,1,22,1,3",57,12,1
1,"9,1,13,2,0",57,12,""
0,"8,1,23,1,3",58,11,""
0,"51,1,3",59,10,""
1,"79,1,0",59,10,""
0,"80,1,0",60,9,0
1,"0,2,73,1,0",60,9,""
0,"0,2,74,1,0",61,8,""
0,33,62,7,1
1,"0,1,9,1,18,1,3",62,7,""
2,"0,5,18,2,0",62,7,""
0,"0,1,31",63,6,""
1,"10,1,18,1,3",63,6,"3,4"
2,"0,5,69,1,0",63,6,4
0,"2,1,70,1,0",64,5,""
0,"0,1,2,1,18,2,0",65,4,""
0,"0,1,2,1,69,1,0",66,3,1
0,"0,70,0",0,70,""
0,"0,58,1",8,62,""
0,"0,55,2",12,58,""
0,"0,55,3",14,56,""
0,"0,10,59,1,0",47,23,""
0,"0,1,77,1,0",49,21,""
0,"0,1,78,1,0",50,20,0
0,"0,1,50,1,2",51,19,""
0,"0,1,49,1,3",52,18,""
0,"0,1,50,1,3",53,17,0
0,"5,1,18",56,14,""
1,"0,1,8,3,3",56,14,""
0,"0,1,8,1,22,1,3",57,13,0
0,"0,1,79,1,0",59,11,""
0,"0,1,80,1,0",60,10,0
0,"1,1,48,1,3",61,9,""
1,"81,1,0",61,9,""
0,"0,1,33",62,8,""
1,"53,1,3",62,8,""
2,"83,1,0",62,8,""
3,"82,1,0",62,8,""
4,"0,6,18,2,0",62,8,""
0,"34,1,6",63,7,""
1,"0,1,10,1,18,1,3",63,7,""
2,"84,1,0",63,7,""
3,"0,6,69,1,0",63,7,2
0,"86,1,0",64,6,1
0,"1,1,32",65,5,""
1,"0,2,2,1,18,2,0",65,5,""
0,"0,2,2,1,69,1,0",66,4,""
0,"0,71,0",0,71,""
0,"0,59,1",8,63,""
0,"0,56,2",12,59,""
0,"0,56,3",14,57,""
0,"0,11,59,1,0",47,24,""
0,"87,1,0",48,23,""
0,"0,2,77,1,0",49,22,""
0,"0,2,78,1,0",50,21,""
0,"0,2,50,1,2",51,20,""
0,"0,2,49,1,3",52,19,""
0,"1,1,49,1,3",53,18,""
1,"0,2,50,1,3",53,18,""
0,"0,2,8,3,3",56,15,""
0,"0,2,8,1,22,1,3",57,14,""
0,"0,2,79,1,0",59,12,""
0,"0,2,80,1,0",60,11,""
0,"0,2,33",62,9,""
1,"0,1,53,1,3",62,9,""
2,"0,7,18,2,0",62,9,""
0,"1,1,33",63,8,3
1,"0,1,84,1,0",63,8,""
2,"0,7,69,1,0",63,8,""
0,"2,1,75,1,0",64,7,1
1,"0,1,86,1,0",64,7,1
0,"3,1,43,1,3",65,6,""
0,"0,72,0",0,72,""
0,"0,60,1",8,64,""
0,"0,57,2",12,60,""
0,"0,57,3",14,58,""
0,"0,3,50,1,2",51,21,""
0,"8,1,49,1,0",52,20,""
0,"0,3,50,1,3",53,19,""
1,"8,1,50,1,0",53,19,0
0,"17,2,1",54,18,""
0,"55,1,3",55,17,0
1,"59,1,1",55,17,0
2,"88,1,0",55,17,""
0,"56,1,3",56,16,0
1,"8,4,0",56,16,""
0,"8,2,22,1,0",57,15,""
0,"8,2,23,1,0",58,14,""
0,34,59,13,0
1,"8,2,9,1,3",59,13,""
2,"8,1,51,1,0",59,13,""
0,"8,1,29,1,3",60,12,""
1,"13,3,0",60,12,""
0,"9,1,23,1,3",61,11,""
0,"0,2,53,1,3",62,10,""
1,"90,1,0",62,10,""
2,"89,1,0",62,10,""
3,"1,1,81,1,0",62,10,""
0,35,63,9,2
1,"0,2,84,1,0",63,9,""
2,"0,8,69,1,0",63,9,""
0,"0,2,86,1,0",64,8,""
0,"0,1,3,1,43,1,3",65,7,""
0,"57,1,3",66,6,1
1,"91,1,0",66,6,""
0,"2,1,32",67,5,""
1,"93,1,0",67,5,1
2,"92,1,0",67,5,1
0,"94,1,0",68,4,""
0,"2,2,69,1,0",69,3,""
0,36,70,2,0
0,"0,73,0",0,73,""
0,"0,61,1",8,65,""
0,"0,58,2",12,61,""
0,"0,58,3",14,59,""
0,"1,1,87,1,0",49,24,""
0,"0,4,50,1,2",51,22,""
0,"0,1,8,1,49,1,0",52,21,""
0,"0,4,50,1,3",53,20,""
1,"0,1,8,1,50,1,0",53,20,0
0,"0,1,17,2,1",54,19,""
0,"0,1,55,1,3",55,18,""
1,"0,1,59,1,1",55,18,""
0,"0,1,56,1,3",56,17,0
0,37,58,15,""
0,"0,1,34",59,14,0
0,38,62,11,""
1,"0,1,90,1,0",62,11,""
2,"0,1,89,1,0",62,11,""
0,"2,1,80,1,0",63,10,1
1,"0,9,69,1,0",63,10,""
0,"18,1,8",64,9,""
0,"2,1,33",65,8,""
1,"0,2,3,1,43,1,3",65,8,""
0,"95,1,0",66,7,""
1,"0,1,91,1,0",66,7,""
0,"0,1,93,1,0",67,6,""
1,"0,1,92,1,0",67,6,""
0,"96,1,0",69,4,""
0,"0,1,36",70,3,0
0,"0,74,0",0,74,""
0,"0,62,1",8,66,""
0,"0,59,2",12,62,""
0,"0,59,3",14,60,""
0,"97,1,0",49,25,""
0,"0,5,50,1,2",51,23,""
0,"0,2,8,1,49,1,0",52,22,""
0,"0,5,50,1,3",53,21,""
1,"0,2,8,1,50,1,0",53,21,""
0,"58,1,3",54,20,""
0,"0,2,55,1,3",55,19,""
1,"0,2,59,1,1",55,19,""
0,"0,2,56,1,3",56,18,""
1,"1,1,88,1,0",56,18,""
0,"0,1,37",58,16,""
0,"0,2,34",59,15,"1,2"
0,"0,2,90,1,0",62,12,""
1,"0,2,89,1,0",62,12,""
0,"0,1,2,1,80,1,0",63,11,""
1,"0,10,69,1,0",63,11,""
0,"98,1,0",64,10,""
0,"2,1,53,1,3",65,9,""
0,"0,2,92,1,0",67,7,""
0,"1,1,92,1,0",68,6,""
0,"0,1,96,1,0",69,5,""
0,"0,2,36",70,4,0
1,"99,1,0",70,4,""
0,"1,1,36",71,3,2
0,"0,75,0",0,75,""
0,"0,63,1",8,67,""
0,"0,60,2",12,63,""
0,"0,60,3",14,61,""
0,"0,3,59,1,1",55,20,""
1,"8,1,55,1,0",55,20,""
0,"8,1,56,1,0",56,19,2
0,"17,1,40,1,0",57,18,""
0,"8,1,31,1,3",58,17,""
1,"17,2,2",58,17,0
2,"100,1,0",58,17,0
0,"16,1,17,1,3",59,16,0
1,"59,1,2",59,16,1
2,"8,3,9,1,0",59,16,""
0,"17,2,3",60,15,""
1,"8,2,29,1,0",60,15,""
0,"60,1,3",61,14,0
1,"59,1,3",61,14,0
2,"64,1,1",61,14,""
3,"8,1,9,1,23,1,0",61,14,""
0,39,62,13,1
1,"8,2,13,1,3",62,13,""
2,"9,1,51,1,0",62,13,""
3,"0,3,90,1,0",62,13,""
0,"5,1,25",63,12,""
1,"8,1,32,1,3",63,12,""
2,"0,11,69,1,0",63,12,""
0,"13,1,23,1,3",64,11,""
0,"101,1,0",65,10,""
0,"1,1,95,1,0",67,8,""
0,"61,1,3",68,7,""
0,"0,2,96,1,0",69,6,""
0,40,70,5,""
1,"0,3,36",70,5,0
2,"1,1,96,1,0",70,5,""
0,"4,1,69,1,0",71,4,""
0,"0,76,0",0,76,""
0,"0,64,1",8,68,""
0,"0,61,2",12,64,""
0,"0,61,3",14,62,""
0,"1,1,97,1,0",50,26,""
0,"102,1,0",51,25,""
0,"1,1,58,1,3",55,21,""
1,"0,4,59,1,1",55,21,""
2,"0,1,8,1,55,1,0",55,21,""
0,"0,1,8,1,56,1,0",56,20,2
0,"0,1,17,1,40,1,0",57,19,""
0,"0,1,8,1,31,1,3",58,18,""
1,"0,1,17,2,2",58,18,""
0,"0,1,16,1,17,1,3",59,17,0
1,"0,1,59,1,2",59,17,1
0,"0,1,17,2,3",60,16,""
0,"0,1,59,1,3",61,15,0
1,"0,1,64,1,1",61,15,""
0,"66,1,1",62,14,1
1,"0,4,90,1,0",62,14,""
0,"0,12,69,1,0",63,13,""
0,"1,1,98,1,0",65,11,""
1,"0,1,101,1,0",65,11,""
0,"104,1,0",66,10,0
1,"103,1,0",66,10,""
0,"105,1,0",67,9,""
0,"0,3,96,1,0",69,7,""
0,"43,1,6",70,6,""
1,"18,2,1",70,6,""
2,"2,1,92,1,0",70,6,""
0,"69,1,1",71,5,0
1,"1,1,99,1,0",71,5,""
0,"1,2,36",72,4,2
0,"0,77,0",0,77,""
0,"0,65,1",8,69,""
0,"0,62,2",12,65,""
0,"0,62,3",14,63,""
0,"0,1,102,1,0",51,26,""
0,"62,1,3",55,22,""
1,"0,5,59,1,1",55,22,""
2,"0,2,8,1,55,1,0",55,22,""
0,"0,2,8,1,56,1,0",56,21,""
0,41,57,20,""
0,"0,2,8,1,31,1,3",58,19,""
1,"0,2,17,2,2",58,19,""
0,"0,2,16,1,17,1,3",59,18,""
1,"0,2,59,1,2",59,18,0
0,"0,2,17,2,3",60,17,""
0,"0,2,59,1,3",61,16,0
1,"0,2,64,1,1",61,16,""
0,"0,1,66,1,1",62,15,""
1,"5,1,64,1,0",62,15,""
2,"0,5,90,1,0",62,15,""
0,"0,13,69,1,0",63,14,""
0,"0,2,101,1,0",65,12,""
0,"0,1,104,1,0",66,11,""
1,"0,1,103,1,0",66,11,""
0,"16,1,18,1,3",67,10,""
0,"2,2,33",68,9,""
1,"17,1,18,1,3",68,9,""
0,"108,1,0",69,8,""
1,"2,1,95,1,0",69,8,""
0,"0,1,18,2,1",70,7,""
1,"0,1,2,1,92,1,0",70,7,""
0,"0,1,69,1,1",71,6,0
1,"109,1,0",71,6,""
2,"1,2,96,1,0",71,6,""
0,"1,1,4,1,69,1,0",72,5,""
0,"0,78,0",0,78,""
0,"0,66,1",8,70,""
0,"0,63,2",12,66,""
0,"0,63,3",14,64,""
0,"0,2,102,1,0",51,27,""
0,"110,1,0",54,24,""
0,"0,6,59,1,1",55,23,""
1,"111,1,0",55,23,0
0,"0,3,17,2,2",58,20,""
1,"8,2,31,1,0",58,20,""
0,"0,3,59,1,2",59,19,0
1,"8,1,16,1,17,1,0",59,19,1
0,"0,3,17,2,3",60,18,""
1,"8,1,17,2,0",60,18,""
0,"8,1,39,1,3",61,17,""
1,"0,3,59,1,3",61,17,0
2,"8,1,60,1,0",61,17,""
0,"8,1,40,1,3",62,16,0
1,"8,3,13,1,0",62,16,""
2,"0,6,90,1,0",62,16,""
0,"17,1,20,1,3",63,15,""
1,"8,2,32,1,0",63,15,""
2,"0,14,69,1,0",63,15,""
0,"63,1,3",64,14,0
1,"112,1,0",64,14,0
2,"8,1,13,1,23,1,0",64,14,""
0,"8,1,9,1,13,1,3",65,13,""
1,"64,1,2",65,13,0
2,"113,1,0",65,13,0
3,"13,1,51,1,0",65,13,""
0,42,66,12,"0,1"
1,"9,1,32,1,3",66,12,""
2,"0,2,103,1,0",66,12,""
0,"64,1,3",67,11,""
0,"13,1,17",68,10,""
1,"0,1,17,1,18,1,3",68,10,""
0,43,69,9,"1,2"
0,"0,2,18,2,1",70,8,""
0,"0,2,69,1,1",71,7,0
0,"5,1,69,1,0",72,6,""
0,"0,79,0",0,79,""
0,"0,67,1",8,71,""
0,"0,64,2",12,67,""
0,"0,64,3",14,65,""
0,"0,1,110,1,0",54,25,""
0,"0,7,59,1,1",55,24,""
1,"0,1,111,1,0",55,24,0
0,"1,1,62,1,3",56,23,""
0,"65,1,3",57,22,""
0,"0,4,17,2,2",58,21,""
1,"0,1,8,2,31,1,0",58,21,""
0,"0,4,59,1,2",59,20,0
1,"0,1,8,1,16,1,17,1,0",59,20,0
0,"0,4,17,2,3",60,19,""
0,"0,1,8,1,39,1,3",61,18,""
1,"0,4,59,1,3",61,18,0
0,"0,1,8,1,40,1,3",62,17,0
1,"0,7,90,1,0",62,17,""
0,"1,1,5,1,64,1,0",63,16,""
1,"0,15,69,1,0",63,16,""
0,"0,1,112,1,0",64,15,""
0,"0,1,64,1,2",65,14,0
1,"0,1,113,1,0",65,14,0
0,"66,1,2",66,13,"0,1"
0,"0,1,64,1,3",67,12,""
0,"66,1,3",68,11,0
1,"0,2,17,1,18,1,3",68,11,""
2,"2,1,101,1,0",68,11,""
0,"115,1,0",69,10,3
0,"0,3,18,2,1",70,9,""
0,"67,1,3",71,8,""
1,"0,3,69,1,1",71,8,""
0,"68,1,3",72,7,1
0,"18,2,2",74,5,""
0,"69,1,2",75,4,"0,1"
0,"18,2,3",76,3,""
0,"69,1,3",77,2,0
0,"0,80,0",0,80,""
0,"0,68,1",8,72,""
0,"0,65,2",12,68,""
0,"0,65,3",14,66,""
0,"0,2,110,1,0",54,26,""
0,"1,1,110,1,0",55,25,""
1,"0,2,111,1,0",55,25,""
0,"0,1,65,1,3",57,23,""
0,"0,2,8,2,31,1,0",58,22,""
0,"0,5,59,1,2",59,21,""
1,"0,2,8,1,16,1,17,1,0",59,21,""
0,"0,5,17,2,3",60,20,""
0,"0,2,8,1,39,1,3",61,19,""
1,"0,5,59,1,3",61,19,""
0,"0,2,8,1,40,1,3",62,18,""
1,"0,8,90,1,0",62,18,""
0,44,63,17,""
1,"0,16,69,1,0",63,17,""
0,"0,2,112,1,0",64,16,""
0,"0,2,64,1,2",65,15,""
1,"0,2,113,1,0",65,15,""
0,"0,1,66,1,2",66,14,1
0,"0,2,64,1,3",67,13,""
0,45,68,12,"1,2"
1,"1,1,64,1,3",68,12,""
2,"0,1,66,1,3",68,12,1
3,"0,1,2,1,101,1,0",68,12,""
0,"0,1,115,1,0",69,11,""
0,"5,1,29",70,10,""
1,"18,1,19,1,3",70,10,""
0,"18,1,20,1,3",71,9,""
1,"0,1,67,1,3",71,9,""
2,"0,4,69,1,1",71,9,""
0,"0,1,68,1,3",72,8,""
1,"7,1,67,1,0",72,8,""
0,"7,1,68,1,0",73,7,""
1,"1,1,5,1,69,1,0",73,7,""
0,"0,1,18,2,2",74,6,""
1,"6,1,69,1,0",74,6,""
0,"70,1,3",75,5,""
1,"0,1,69,1,2",75,5,"0,1"
0,"0,1,18,2,3",76,4,""
0,46,77,3,1
1,"0,1,69,1,3",77,3,0
0,"7,1,69,1,0",78,2,""
0,"0,81,0",0,81,""
0,"0,69,1",8,73,""
0,"0,66,2",12,69,""
0,"0,66,3",14,67,""
0,"0,3,111,1,0",55,26,""
0,"0,2,65,1,3",57,24,""
1,"116,1,0",57,24,""
0,"117,1,0",58,23,0
0,"0,6,59,1,2",59,22,""
0,"71,1,3",60,21,""
0,"0,6,59,1,3",61,20,""
1,"8,2,39,1,0",61,20,""
0,"8,2,40,1,0",62,19,""
1,"0,9,90,1,0",62,19,""
0,"8,1,17,1,20,1,0",63,18,""
1,"0,17,69,1,0",63,18,""
0,"8,2,16,1,3",64,17,""
1,"8,1,63,1,0",64,17,""
0,"8,2,17,1,3",65,16,1
1,"0,3,64,1,2",65,16,""
2,"8,2,9,1,13,1,0",65,16,""
0,"16,1,23,1,3",66,15,""
1,"0,2,66,1,2",66,15,1
2,"8,1,9,1,32,1,0",66,15,""
0,"8,1,42,1,3",67,14,""
1,"0,3,64,1,3",67,14,""
2,"9,1,13,1,23,1,0",67,14,""
3,"8,1,64,1,0",67,14,""
0,"8,1,13,2,3",68,13,""
1,"0,2,66,1,3",68,13,0
2,"80,1,1",68,13,1
3,"118,1,0",68,13,1
0,"13,1,32,1,3",69,12,""
0,47,70,11,0
1,"72,1,3",70,11,0
0,"0,1,18,1,20,1,3",71,10,""
1,"0,5,69,1,1",71,10,""
0,"0,2,68,1,3",72,9,""
0,"0,1,7,1,68,1,0",73,8,""
0,"0,2,18,2,2",74,7,""
1,"0,1,6,1,69,1,0",74,7,""
0,"0,2,69,1,2",75,6,"1,2"
0,"0,2,18,2,3",76,5,""
1,"7,1,70,1,0",76,5,""
0,"0,1,46",77,4,""
1,"1,1,18,2,3",77,4,""
2,"0,2,69,1,3",77,4,1
0,"1,1,69,1,3",78,3,""
1,"0,1,7,1,69,1,0",78,3,""
0,"0,82,0",0,82,""
0,"0,70,1",8,74,""
0,"0,67,2",12,70,""
0,"0,67,3",14,68,""
0,"0,4,111,1,0",55,27,""
0,"0,1,116,1,0",57,25,""
0,"0,1,117,1,0",58,24,0
0,"0,7,59,1,2",59,23,""
0,"0,1,71,1,3",60,22,""
0,"0,7,59,1,3",61,21,""
0,"0,10,90,1,0",62,20,""
0,"0,18,69,1,0",63,19,""
0,"14,1,18",64,18,""
1,"0,1,8,2,16,1,3",64,18,""
0,"0,1,8,2,17,1,3",65,17,0
1,"0,4,64,1,2",65,17,""
0,"0,3,66,1,2",66,16,1
0,"0,4,64,1,3",67,15,""
1,"0,1,8,1,64,1,0",67,15,""
0,"0,3,66,1,3",68,14,0
1,"0,1,80,1,1",68,14,1
2,"0,1,118,1,0",68,14,1
0,"81,1,1",69,13,""
1,"119,1,0",69,13,""
0,"0,1,47",70,12,""
1,"0,1,72,1,3",70,12,""
0,"0,2,18,1,20,1,3",71,11,""
1,"0,6,69,1,1",71,11,""
2,"7,1,72,1,0",71,11,""
0,48,72,10,2
1,"67,1,4",72,10,""
0,"0,2,7,1,68,1,0",73,9,""
0,"73,1,3",74,8,""
1,"0,3,18,2,2",74,8,""
2,"0,2,6,1,69,1,0",74,8,""
0,"75,1,3",75,7,0
1,"74,1,3",75,7,0
2,"0,3,69,1,2",75,7,1
0,"1,1,70,1,3",76,6,""
1,"0,3,18,2,3",76,6,""
2,"122,1,0",76,6,""
0,"0,2,46",77,5,""
1,"0,3,69,1,3",77,5,0
2,"8,1,69,1,0",77,5,""
0,"1,1,46",78,4,2
1,"69,1,4",78,4,3
2,"0,2,7,1,69,1,0",78,4,""
0,49,79,3,""
1,"1,1,7,1,69,1,0",79,3,""
0,"0,83,0",0,83,""
0,"0,71,1",8,75,""
0,"0,68,2",12,71,""
0,"0,68,3",14,69,""
0,"0,5,111,1,0",55,28,""
0,"123,1,0",56,27,""
0,"0,2,116,1,0",57,26,""
0,"0,2,117,1,0",58,25,""
0,"0,8,59,1,2",59,24,""
0,"0,2,71,1,3",60,23,""
0,"1,1,71,1,3",61,22,""
1,"0,8,59,1,3",61,22,""
0,"0,11,90,1,0",62,21,""
0,"0,19,69,1,0",63,20,""
0,"0,2,8,2,16,1,3",64,19,""
0,"0,2,8,2,17,1,3",65,18,""
1,"0,5,64,1,2",65,18,""
0,"0,4,66,1,2",66,17,0
0,"0,5,64,1,3",67,16,""
1,"0,2,8,1,64,1,0",67,16,""
0,"0,4,66,1,3",68,15,1
1,"0,2,118,1,0",68,15,""
0,"0,2,47",70,13,""
1,"0,2,72,1,3",70,13,""
0,"1,1,72,1,3",71,12,4
1,"0,7,69,1,1",71,12,""
2,"124,1,0",71,12,""
0,"0,1,73,1,3",74,9,""
1,"0,4,18,2,2",74,9,""
0,"0,1,74,1,3",75,8,2
1,"0,4,69,1,2",75,8,3
0,"0,4,18,2,3",76,7,""
0,"0,3,46",77,6,""
1,"0,4,69,1,3",77,6,1
2,"1,1,7,1,70,1,0",77,6,""
3,"0,1,8,1,69,1,0",77,6,""
0,50,78,5,3
1,"1,2,18,2,3",78,5,""
2,"2,1,69,1,2",78,5,3
3,"0,3,7,1,69,1,0",78,5,""
0,"2,1,18,2,3",79,4,""
1,"1,2,69,1,3",79,4,""
0,"2,1,69,1,3",80,3,0
0,"0,84,0",0,84,""
0,"0,72,1",8,76,""
0,"0,69,2",12,72,""
0,"0,69,3",14,70,""
0,"0,9,59,1,2",59,25,""
0,"8,1,71,1,0",60,24,""
0,"0,9,59,1,3",61,23,""
1,"16,1,50,1,0",61,23,0
0,"17,1,50,1,0",62,22,""
0,"77,1,3",63,21,0
1,"125,1,0",63,21,""
2,"0,20,69,1,0",63,21,""
0,"78,1,3",64,20,0
1,"8,3,16,1,0",64,20,""
0,"0,6,64,1,2",65,19,""
1,"8,3,17,1,0",65,19,""
0,"8,1,16,1,23,1,0",66,18,""
0,"8,2,19,1,3",67,17,""
1,"0,6,64,1,3",67,17,""
2,"8,2,42,1,0",67,17,""
0,"8,2,20,1,3",68,16,0
1,"0,5,66,1,3",68,16,0
2,"8,2,13,2,0",68,16,""
0,"8,1,45,1,3",69,15,""
1,"8,1,13,1,32,1,0",69,15,""
0,"8,1,46,1,3",70,14,""
1,"90,1,1",70,14,""
2,"13,2,23,1,0",70,14,""
3,"8,1,72,1,0",70,14,""
4,"1,1,119,1,0",70,14,""
0,"9,1,13,2,3",71,13,""
1,"0,8,69,1,1",71,13,""
2,"127,1,0",71,13,2
3,"126,1,0",71,13,""
0,"80,1,2",72,12,""
0,51,73,11,0
1,"1,1,48",73,11,1
2,"79,1,3",73,11,""
0,52,74,10,0
1,"80,1,3",74,10,0
2,"0,2,73,1,3",74,10,""
3,"0,5,18,2,2",74,10,""
0,"0,2,74,1,3",75,9,""
1,"0,5,69,1,2",75,9,2
0,53,76,8,""
1,"0,5,18,2,3",76,8,""
0,"0,5,69,1,3",77,7,1
1,"128,1,0",77,7,""
2,"1,1,122,1,0",77,7,""
3,"0,2,8,1,69,1,0",77,7,""
0,"1,1,8,1,69,1,0",78,6,""
1,"0,4,7,1,69,1,0",78,6,""
0,"0,1,2,1,18,2,3",79,5,""
1,"131,1,0",79,5,""
0,"0,1,2,1,69,1,3",80,4,1
1,"132,1,0",80,4,""
2,"1,2,7,1,69,1,0",80,4,""
0,"0,85,0",0,85,""
0,"0,73,1",8,77,""
0,"0,70,2",12,73,""
0,"0,70,3",14,71,""
0,"1,1,123,1,0",57,28,""
0,"0,10,59,1,2",59,26,""
0,"0,1,8,1,71,1,0",60,25,""
0,"0,10,59,1,3",61,24,""
1,"0,1,16,1,50,1,0",61,24,0
0,"0,1,17,1,50,1,0",62,23,""
0,"0,1,77,1,3",63,22,""
1,"0,21,69,1,0",63,22,""
0,"0,1,78,1,3",64,21,0
0,"0,7,64,1,3",67,18,""
0,"0,6,66,1,3",68,17,0
0,54,70,15,""
1,"0,1,90,1,1",70,15,""
2,"0,1,8,1,72,1,0",70,15,""
0,"0,9,69,1,1",71,14,""
1,"0,1,127,1,0",71,14,1
2,"0,1,126,1,0",71,14,""
0,"0,1,80,1,2",72,13,""
1,"1,1,124,1,0",72,13,""
0,"0,1,79,1,3",73,12,""
1,"81,1,2",73,12,0
0,"0,1,52",74,11,0
1,"0,1,80,1,3",74,11,0
2,"0,6,18,2,2",74,11,""
0,"81,1,3",75,10,"1,2"
1,"0,6,69,1,2",75,10,3
0,"82,1,3",76,9,""
1,"0,6,18,2,3",76,9,""
2,"133,1,0",76,9,""
0,55,77,8,""
1,"84,1,3",77,8,""
2,"0,6,69,1,3",77,8,0
3,"0,1,128,1,0",77,8,""
0,"86,1,3",78,7,0
1,"0,5,7,1,69,1,0",78,7,""
0,"1,1,50",79,6,""
1,"0,2,2,1,18,2,3",79,6,""
0,"0,2,2,1,69,1,3",80,5,""
1,"9,1,69,1,0",80,5,""
2,"0,1,132,1,0",80,5,""
0,56,81,4,1
0,"0,86,0",0,86,""
0,"0,74,1",8,78,""
0,"0,71,2",12,74,""
0,"0,71,3",14,72,""
0,"135,1,0",57,29,""
0,"0,11,59,1,2",59,27,""
0,"0,2,8,1,71,1,0",60,26,""
0,"0,11,59,1,3",61,25,""
1,"0,2,16,1,50,1,0",61,25,""
0,"87,1,3",62,24,""
0,"0,2,77,1,3",63,23,""
1,"0,22,69,1,0",63,23,""
0,"0,2,78,1,3",64,22,""
1,"1,1,125,1,0",64,22,""
0,"0,8,64,1,3",67,19,""
0,"0,7,66,1,3",68,18,""
0,"0,2,90,1,1",70,16,""
1,"0,2,8,1,72,1,0",70,16,""
0,"0,10,69,1,1",71,15,""
1,"0,2,127,1,0",71,15,""
0,"0,2,80,1,2",72,14,""
0,"0,2,79,1,3",73,13,""
1,"0,1,81,1,2",73,13,1
0,"0,2,52",74,12,""
1,"1,1,79,1,3",74,12,""
2,"0,2,80,1,3",74,12,""
3,"0,7,18,2,2",74,12,""
0,"0,1,81,1,3",75,11,1
1,"0,7,69,1,2",75,11,""
0,"0,7,18,2,3",76,10,""
0,"0,1,84,1,3",77,9,""
1,"0,7,69,1,3",77,9,""
2,"0,2,128,1,0",77,9,""
0,"2,1,75,1,3",78,8,1
1,"0,1,86,1,3",78,8,1
2,"0,6,7,1,69,1,0",78,8,""
0,57,79,7,0
1,"18,1,17",79,7,""
0,"0,1,9,1,69,1,0",80,6,""
1,"0,2,132,1,0",80,6,""
0,58,81,5,1
1,"0,1,56",81,5,""
2,"10,1,69,1,0",81,5,2
0,59,82,4,""
1,"2,1,49",82,4,""
0,"0,87,0",0,87,""
0,"0,75,1",8,79,""
0,"0,72,2",12,75,""
0,"0,72,3",14,73,""
0,"8,1,77,1,0",63,24,""
1,"0,23,69,1,0",63,24,""
0,"8,1,78,1,0",64,23,1
0,"17,1,56,1,0",65,22,""
0,"8,1,49,1,3",66,21,""
1,"136,1,0",66,21,0
0,"8,1,50,1,3",67,20,0
1,"8,3,19,1,0",67,20,""
0,"8,3,20,1,0",68,19,""
0,"88,1,3",69,18,""
1,"137,1,0",69,18,""
2,"8,2,45,1,0",69,18,""
0,"8,4,3",70,17,""
1,"0,3,90,1,1",70,17,""
2,"138,1,0",70,17,0
3,"8,2,46,1,0",70,17,""
0,"14,1,25",71,16,""
1,"8,2,22,1,3",71,16,""
2,"0,11,69,1,1",71,16,""
3,"8,1,9,1,13,2,0",71,16,""
0,"8,2,23,1,3",72,15,""
1,"0,3,80,1,2",72,15,""
2,"9,1,13,1,32,1,0",72,15,""
0,"8,1,51,1,3",73,14,""
1,"0,2,81,1,2",73,14,0
2,"8,1,79,1,0",73,14,""
0,"13,3,3",74,13,""
1,"0,3,80,1,3",74,13,""
2,"90,1,2",74,13,1
3,"8,1,80,1,0",74,13,1
0,"80,1,4",75,12,""
1,"0,2,81,1,3",75,12,0
2,"0,8,69,1,2",75,12,""
0,"90,1,3",76,11,""
1,"89,1,3",76,11,""
2,"1,1,81,1,3",76,11,""
0,60,77,10,1
1,"0,2,84,1,3",77,10,""
2,"0,8,69,1,3",77,10,""
3,"0,3,128,1,0",77,10,""
0,"3,1,67,1,3",78,9,""
1,"0,2,86,1,3",78,9,""
2,"139,1,0",78,9,""
3,"0,7,7,1,69,1,0",78,9,""
0,"3,1,68,1,3",79,8,0
1,"12,1,69,1,0",79,8,""
0,61,80,7,""
1,"91,1,3",80,7,""
2,"0,2,9,1,69,1,0",80,7,""
0,"0,2,56",81,6,""
1,"2,1,50",81,6,""
2,"93,1,3",81,6,2
3,"92,1,3",81,6,2
4,"0,1,10,1,69,1,0",81,6,""
0,"94,1,3",82,5,""
1,"3,1,69,1,2",82,5,""
0,"2,2,69,1,3",83,4,""
0,"3,1,69,1,3",84,3,""
0,"0,88,0",0,88,""
0,"0,76,1",8,80,""
0,"0,73,2",12,76,""
0,"0,73,3",14,74,""
0,"1,1,135,1,0",58,30,""
0,"140,1,0",59,29,""
0,"1,1,87,1,3",63,25,""
1,"0,1,8,1,77,1,0",63,25,""
2,"0,24,69,1,0",63,25,""
0,"0,1,8,1,78,1,0",64,24,1
0,"0,1,17,1,56,1,0",65,23,""
0,"0,1,8,1,49,1,3",66,22,""
0,"0,1,8,1,50,1,3",67,21,0
0,"0,1,137,1,0",69,19,""
0,"0,4,90,1,1",70,18,""
1,"0,1,138,1,0",70,18,0
0,"0,12,69,1,1",71,17,""
0,"0,4,80,1,2",72,16,""
0,"0,3,81,1,2",73,15,0
1,"0,1,8,1,79,1,0",73,15,""
0,"0,4,80,1,3",74,14,""
1,"0,1,90,1,2",74,14,0
2,"2,1,126,1,0",74,14,""
3,"0,1,8,1,80,1,0",74,14,0
0,"0,3,81,1,3",75,13,0
1,"0,9,69,1,2",75,13,""
0,"0,1,90,1,3",76,12,""
1,"0,1,89,1,3",76,12,""
0,"2,1,80,1,3",77,11,1
1,"0,9,69,1,3",77,11,""
2,"13,1,67,1,0",77,11,""
3,"0,4,128,1,0",77,11,""
0,"0,1,3,1,67,1,3",78,10,""
1,"141,1,0",78,10,3
0,62,79,9,""
1,"0,1,3,1,68,1,3",79,9,""
0,"67,1,5",80,8,1
1,"95,1,3",80,8,""
2,"0,1,91,1,3",80,8,""
0,"0,1,92,1,3",81,7,""
1,"96,1,2",81,7,""
0,"0,1,3,1,69,1,2",82,6,""
1,"7,1,92,1,0",82,6,""
0,"96,1,3",83,5,""
1,"13,1,69,1,0",83,5,""
2,"2,1,132,1,0",83,5,""
0,"0,1,3,1,69,1,3",84,4,""
1,"142,1,0",84,4,""
0,"143,1,0",85,3,2
0,"69,1,5",86,2,0
0,"0,89,0",0,89,""
0,"0,77,1",8,81,""
0,"0,74,2",12,77,""
0,"0,74,3",14,75,""
0,"0,1,140,1,0",59,30,""
0,"97,1,3",63,26,""
1,"0,2,8,1,77,1,0",63,26,""
2,"0,25,69,1,0",63,26,""
0,"0,2,8,1,78,1,0",64,25,""
0,63,65,24,""
0,"0,2,8,1,49,1,3",66,23,""
0,"0,2,8,1,50,1,3",67,22,""
0,"0,2,137,1,0",69,20,""
0,"0,5,90,1,1",70,19,""
1,"1,1,137,1,0",70,19,""
2,"0,2,138,1,0",70,19,""
0,"0,13,69,1,1",71,18,""
0,"0,5,80,1,2",72,17,""
0,"0,2,8,1,79,1,0",73,16,""
0,"0,5,80,1,3",74,15,""
1,"0,2,90,1,2",74,15,""
2,"0,2,8,1,80,1,0",74,15,""
0,"0,4,81,1,3",75,14,""
1,"0,10,69,1,2",75,14,""
0,"0,2,90,1,3",76,13,""
1,"0,2,89,1,3",76,13,""
0,"0,1,2,1,80,1,3",77,12,""
1,"0,10,69,1,3",77,12,""
2,"144,1,0",77,12,""
3,"0,5,128,1,0",77,12,""
0,"98,1,3",78,11,""
1,"0,1,141,1,0",78,11,3
0,"0,1,62",79,10,""
1,"1,1,139,1,0",79,10,""
0,"1,1,12,1,69,1,0",80,9,""
0,"0,2,92,1,3",81,8,""
1,"0,1,96,1,2",81,8,""
0,64,82,7,""
1,"1,1,92,1,3",82,7,""
2,"0,2,3,1,69,1,2",82,7,""
0,"0,1,96,1,3",83,6,""
1,"0,1,13,1,69,1,0",83,6,""
0,"99,1,3",84,5,""
1,"0,2,3,1,69,1,3",84,5,""
2,"0,1,142,1,0",84,5,""
0,"1,1,3,1,69,1,3",85,4,""
1,"0,1,143,1,0",85,4,3
0,"0,1,69,1,5",86,3,""
0,"0,90,0",0,90,""
0,"0,78,1",8,82,""
0,"0,75,2",12,78,""
0,"0,75,3",14,76,""
0,"0,2,140,1,0",59,31,""
0,"145,1,0",62,28,""
0,"111,1,1",63,27,0
1,"0,26,69,1,0",63,27,""
0,"8,2,49,1,0",66,24,""
0,"8,2,50,1,0",67,23,0
0,"16,1,17,2,0",68,22,""
0,"8,1,55,1,3",69,21,""
1,"8,1,88,1,0",69,21,""
0,"8,1,56,1,3",70,20,0
1,"8,5,0",70,20,""
2,"0,3,138,1,0",70,20,""
0,"17,1,40,1,3",71,19,""
1,"0,14,69,1,1",71,19,""
2,"8,3,22,1,0",71,19,""
0,"100,1,3",72,18,1
1,"146,1,0",72,18,1
2,"8,3,23,1,0",72,18,""
0,"8,3,9,1,3",73,17,""
1,"147,1,0",73,17,0
2,"8,2,51,1,0",73,17,""
0,"8,2,29,1,3",74,16,""
1,"0,3,90,1,2",74,16,""
2,"8,1,13,3,0",74,16,""
0,"8,1,9,1,23,1,3",75,15,""
1,"0,11,69,1,2",75,15,""
2,"13,2,32,1,0",75,15,""
0,"9,1,51,1,3",76,14,""
1,"0,3,90,1,3",76,14,""
2,"8,1,89,1,0",76,14,""
0,65,77,13,1
1,"0,11,69,1,3",77,13,""
2,"9,1,80,1,0",77,13,1
3,"0,6,128,1,0",77,13,""
0,"23,1,17",78,12,""
1,"0,2,141,1,0",78,12,2
0,"0,2,62",79,11,""
1,"101,1,3",79,11,""
0,66,80,10,2
1,"14,1,69,1,0",80,10,""
0,"1,1,95,1,3",81,9,""
1,"0,2,96,1,2",81,9,""
0,"2,1,18,1,17",82,8,""
1,"3,1,74,1,3",82,8,""
2,"0,3,3,1,69,1,2",82,8,""
0,"0,2,96,1,3",83,7,""
1,"0,2,13,1,69,1,0",83,7,""
0,67,84,6,0
1,"0,3,3,1,69,1,3",84,6,""
2,"1,1,13,1,69,1,0",84,6,""
3,"0,2,142,1,0",84,6,""
0,"2,1,59",85,5,""
1,"4,1,69,1,3",85,5,""
2,"1,1,142,1,0",85,5,""
3,"0,2,143,1,0",85,5,3
0,"0,2,69,1,5",86,4,""
1,"1,1,143,1,0",86,4,""
0,"1,1,69,1,5",87,3,1
0,"0,91,0",0,91,""
0,"0,79,1",8,83,""
0,"0,76,2",12,79,""
0,"0,76,3",14,77,""
0,"0,1,145,1,0",62,29,""
0,"0,1,111,1,1",63,28,0
1,"0,27,69,1,0",63,28,""
0,"1,1,97,1,3",64,27,""
0,"102,1,3",65,26,""
0,"0,1,8,2,49,1,0",66,25,""
0,"0,1,8,2,50,1,0",67,24,""
0,"0,1,8,1,55,1,3",69,22,""
0,"0,1,8,1,56,1,3",70,21,0
1,"0,4,138,1,0",70,21,""
0,"0,15,69,1,1",71,20,""
1,"1,2,137,1,0",71,20,""
0,"0,1,146,1,0",72,19,""
0,"0,1,147,1,0",73,18,0
0,"0,4,90,1,2",74,17,""
0,"0,12,69,1,2",75,16,""
0,"0,4,90,1,3",76,15,""
1,"0,1,8,1,89,1,0",76,15,""
0,"0,12,69,1,3",77,14,""
1,"0,1,9,1,80,1,0",77,14,""
2,"0,7,128,1,0",77,14,""
0,"0,3,141,1,0",78,13,""
0,"1,1,98,1,3",79,12,""
1,"0,1,101,1,3",79,12,""
2,"106,1,2",79,12,""
0,"104,1,3",80,11,0
1,"103,1,3",80,11,""
2,"107,1,2",80,11,1
0,"106,1,3",81,10,""
1,"13,1,75,1,0",81,10,""
0,"107,1,3",82,9,1
0,"2,1,61",83,8,""
1,"0,3,96,1,3",83,8,""
0,68,84,7,0
1,"75,1,5",84,7,""
2,"2,1,92,1,3",84,7,""
3,"0,3,142,1,0",84,7,""
0,69,85,6,""
1,"1,1,99,1,3",85,6,""
2,"148,1,0",85,6,""
3,"0,3,143,1,0",85,6,""
0,"0,3,69,1,5",86,5,""
1,"4,1,7,1,69,1,0",86,5,""
0,"0,92,0",0,92,""
0,"0,80,1",8,84,""
0,"0,77,2",12,80,""
0,"0,77,3",14,78,""
0,"0,2,145,1,0",62,30,""
0,"1,1,145,1,0",63,29,""
1,"0,28,69,1,0",63,29,""
0,"0,1,102,1,3",65,27,""
0,"0,2,8,2,50,1,0",67,25,""
0,"0,2,8,1,55,1,3",69,23,""
0,"0,2,8,1,56,1,3",70,22,""
1,"0,5,138,1,0",70,22,""
0,70,71,21,""
1,"0,16,69,1,1",71,21,""
0,"0,2,146,1,0",72,20,""
0,"0,2,147,1,0",73,19,""
0,"0,5,90,1,2",74,18,""
0,"0,13,69,1,2",75,17,""
0,"5,1,64,1,3",76,16,""
1,"0,5,90,1,3",76,16,""
2,"149,1,0",76,16,3
0,"0,13,69,1,3",77,15,""
1,"0,2,9,1,80,1,0",77,15,""
0,"14,1,29",78,14,""
0,"0,2,101,1,3",79,13,""
1,"0,1,106,1,2",79,13,""
2,"150,1,0",79,13,""
0,"0,1,104,1,3",80,12,""
1,"0,1,103,1,3",80,12,""
2,"0,1,107,1,2",80,12,2
0,"3,1,52",81,11,""
1,"0,1,106,1,3",81,11,""
2,"1,1,14,1,69,1,0",81,11,""
0,"2,1,62",82,10,""
1,"0,1,107,1,3",82,10,0
2,"15,1,69,1,0",82,10,""
0,"67,1,6",83,9,""
1,"108,1,3",83,9,""
2,"2,1,95,1,3",83,9,""
0,"13,1,32",84,8,""
1,"68,1,6",84,8,0
2,"0,1,2,1,92,1,3",84,8,""
0,71,85,7,""
1,"0,1,69",85,7,""
2,"1,1,67",85,7,""
3,"109,1,3",85,7,""
0,72,86,6,1
1,"1,1,4,1,69,1,3",86,6,""
2,"7,1,69,1,1",86,6,""
3,"2,1,13,1,69,1,0",86,6,""
0,73,87,5,2
0,"1,2,69,1,5",88,4,""
0,"69,1,6",89,3,""
0,"0,93,0",0,93,""
0,"0,81,1",8,85,""
0,"0,78,2",12,81,""
0,"0,78,3",14,79,""
0,"0,29,69,1,0",63,30,""
0,"0,2,102,1,3",65,28,""
1,"152,1,0",65,28,""
0,"153,1,0",66,27,0
0,"111,1,2",67,26,""
0,"110,1,3",68,25,""
0,"111,1,3",69,24,0
1,"8,2,55,1,0",69,24,""
0,"8,2,56,1,0",70,23,""
1,"0,6,138,1,0",70,23,""
0,"0,17,69,1,1",71,22,""
1,"8,1,17,1,40,1,0",71,22,""
0,"8,2,31,1,3",72,21,""
1,"8,1,100,1,0",72,21,""
0,"8,1,16,1,17,1,3",73,20,1
1,"8,4,9,1,0",73,20,""
0,"8,1,17,2,3",74,19,""
1,"0,6,90,1,2",74,19,""
2,"8,3,29,1,0",74,19,""
0,"8,1,60,1,3",75,18,""
1,"0,14,69,1,2",75,18,""
2,"16,1,64,1,0",75,18,""
3,"8,2,9,1,23,1,0",75,18,""
0,"8,3,13,1,3",76,17,""
1,"0,6,90,1,3",76,17,""
2,"17,1,64,1,0",76,17,1
3,"8,1,9,1,51,1,0",76,17,""
4,"0,1,149,1,0",76,17,""
0,"8,2,32,1,3",77,16,""
1,"0,14,69,1,3",77,16,""
2,"154,1,0",77,16,2
3,"9,1,13,3,0",77,16,""
0,"112,1,3",78,15,"1,2"
1,"8,1,13,1,23,1,3",78,15,""
0,"113,1,3",79,14,0
1,"13,1,51,1,3",79,14,""
2,"0,2,106,1,2",79,14,""
3,"8,1,101,1,0",79,14,""
0,"0,2,103,1,3",80,13,""
1,"0,2,107,1,2",80,13,1
2,"13,1,80,1,0",80,13,2
0,"0,2,106,1,3",81,12,""
1,"155,1,0",81,12,""
0,"13,1,33",82,11,""
1,"0,2,107,1,3",82,11,0
2,"0,1,15,1,69,1,0",82,11,""
0,"1,1,107,1,3",83,10,""
0,"0,1,68,1,6",84,9,""
0,"0,2,69",85,8,""
1,"0,1,109,1,3",85,8,""
0,"5,1,69,1,3",86,7,""
1,"0,1,7,1,69,1,1",86,7,""
2,"1,1,148,1,0",86,7,""
3,"0,1,2,1,13,1,69,1,0",86,7,""
0,"70,1,6",87,6,""
0,"3,1,56",88,5,""
0,"0,1,69,1,6",89,4,""
0,"0,94,0",0,94,""
0,"0,82,1",8,86,""
0,"0,79,2",12,82,""
0,"0,79,3",14,80,""
0,"0,30,69,1,0",63,31,""
0,"0,1,152,1,0",65,29,""
0,"0,1,153,1,0",66,28,0
0,"0,1,111,1,2",67,27,""
0,"0,1,110,1,3",68,26,""
0,"0,1,111,1,3",69,25,0
0,"0,7,138,1,0",70,24,""
0,"0,18,69,1,1",71,23,""
0,"27,1,18",72,22,""
1,"0,1,8,2,31,1,3",72,22,""
0,"0,1,8,1,16,1,17,1,3",73,21,0
0,"0,7,90,1,2",74,20,""
0,"0,15,69,1,2",75,19,""
1,"0,1,16,1,64,1,0",75,19,""
0,"0,7,90,1,3",76,18,""
1,"0,1,17,1,64,1,0",76,18,1
2,"0,2,149,1,0",76,18,""
0,"0,15,69,1,3",77,17,""
1,"1,1,149,1,0",77,17,""
2,"0,1,154,1,0",77,17,""
0,"0,1,112,1,3",78,16,""
0,"0,1,113,1,3",79,15,0
1,"0,3,106,1,2",79,15,""
2,"0,1,8,1,101,1,0",79,15,""
0,"156,1,0",80,14,""
1,"0,1,13,1,80,1,0",80,14,""
0,"0,3,106,1,3",81,13,""
0,"2,1,101,1,3",82,12,""
1,"0,3,107,1,3",82,12,""
2,"13,1,83,1,0",82,12,""
3,"0,2,15,1,69,1,0",82,12,""
0,74,83,11,""
1,"115,1,3",83,11,0
0,"157,1,0",84,10,""
0,"0,3,69",85,9,""
1,"16,1,69,1,0",85,9,""
0,"3,1,57",86,8,1
1,"5,1,46",86,8,""
2,"0,2,7,1,69,1,1",86,8,""
3,"17,1,69,1,0",86,8,2
0,75,87,7,""
1,"2,1,67",87,7,""
2,"158,1,0",87,7,""
0,"3,1,58",88,6,2
1,"0,1,3,1,56",88,6,""
0,"3,1,59",89,5,""
1,"0,2,69,1,6",89,5,""
0,"0,95,0",0,95,""
0,"0,83,1",8,87,""
0,"0,80,2",12,83,""
0,"0,80,3",14,81,""
0,"0,31,69,1,0",63,32,""
0,"159,1,0",64,31,""
0,"0,2,152,1,0",65,30,""
0,"0,2,153,1,0",66,29,""
0,"0,2,111,1,2",67,28,""
0,"0,2,110,1,3",68,27,""
0,"1,1,110,1,3",69,26,""
1,"0,2,111,1,3",69,26,""
0,"0,8,138,1,0",70,25,""
0,"0,19,69,1,1",71,24,""
0,"0,2,8,2,31,1,3",72,23,""
0,"0,2,8,1,16,1,17,1,3",73,22,""
0,"0,8,90,1,2",74,21,""
0,"0,16,69,1,2",75,20,""
1,"0,2,16,1,64,1,0",75,20,""
0,"0,8,90,1,3",76,19,""
1,"0,2,17,1,64,1,0",76,19,""
0,"0,16,69,1,3",77,18,""
0,"0,2,112,1,3",78,17,""
0,"0,2,113,1,3",79,16,3
1,"160,1,0",79,16,"2,3"
0,"0,2,13,1,80,1,0",80,15,""
0,"0,1,2,1,101,1,3",82,13,""
1,"0,4,107,1,3",82,13,""
0,"2,1,103,1,3",83,12,""
1,"0,1,115,1,3",83,12,""
0,76,84,11,""
0,"0,4,69",85,10,""
1,"2,1,107,1,3",85,10,""
2,"0,1,16,1,69,1,0",85,10,""
0,77,86,9,2
1,"7,1,67,1,3",86,9,0
2,"3,2,68,1,3",86,9,0
3,"0,3,7,1,69,1,1",86,9,""
4,"0,1,17,1,69,1,0",86,9,2
0,"74,1,6",87,8,""
1,"7,1,68,1,3",87,8,""
2,"2,2,92,1,3",87,8,""
3,"1,1,5,1,69,1,3",87,8,""
0,"6,1,69,1,3",88,7,""
1,"3,1,93,1,3",88,7,""
0,"3,1,94,1,3",89,6,""
1,"3,2,69,1,2",89,6,""
0,"7,1,69,1,2",90,5,""
0,"3,2,69,1,3",91,4,""
0,"7,1,69,1,3",92,3,0
0,"0,96,0",0,96,""
0,"0,84,1",8,88,""
0,"0,81,2",12,84,""
0,"0,81,3",14,82,""
0,"0,3,111,1,2",67,29,""
0,"8,1,110,1,0",68,28,""
0,"0,3,111,1,3",69,27,""
1,"8,1,111,1,0",69,27,0
0,"17,1,50,1,1",70,26,""
0,"116,1,3",71,25,0
1,"0,20,69,1,1",71,25,""
2,"161,1,0",71,25,""
0,"117,1,3",72,24,0
1,"8,3,31,1,0",72,24,""
0,"8,2,16,1,17,1,0",73,23,""
0,"8,2,17,2,0",74,22,""
0,"8,2,39,1,3",75,21,""
1,"0,17,69,1,2",75,21,""
2,"8,2,60,1,0",75,21,""
0,"8,2,40,1,3",76,20,""
1,"0,9,90,1,3",76,20,""
2,"8,4,13,1,0",76,20,""
0,"8,1,17,1,20,1,3",77,19,""
1,"0,17,69,1,3",77,19,""
2,"8,3,32,1,0",77,19,""
0,"8,1,63,1,3",78,18,""
1,"8,1,112,1,0",78,18,""
2,"8,2,13,1,23,1,0",78,18,""
3,"1,2,149,1,0",78,18,""
0,"8,2,9,1,13,1,3",79,17,""
1,"8,1,113,1,0",79,17,1
2,"8,1,13,1,51,1,0",79,17,""
3,"0,1,160,1,0",79,17,""
0,"8,1,9,1,32,1,3",80,16,""
1,"162,1,0",80,16,1
2,"13,4,0",80,16,""
0,"9,1,13,1,23,1,3",81,15,""
1,"8,1,64,1,3",81,15,""
2,"1,1,156,1,0",81,15,""
0,"118,1,3",82,14,0
1,"9,1,101,1,0",82,14,""
2,"2,1,150,1,0",82,14,""
0,"32,1,17",83,13,""
0,"0,1,2,1,107,1,3",85,11,""
1,"128,1,1",85,11,""
2,"0,2,16,1,69,1,0",85,11,""
0,78,86,10,2
1,"3,1,62",86,10,""
2,"0,1,3,2,68,1,3",86,10,""
3,"1,1,16,1,69,1,0",86,10,""
4,"0,2,17,1,69,1,0",86,10,""
0,79,87,9,2
1,"0,1,7,1,68,1,3",87,9,""
2,"7,2,67,1,0",87,9,""
0,"0,1,6,1,69,1,3",88,8,""
0,"2,2,13,1,69,1,0",89,7,""
0,"7,1,70,1,3",90,6,""
1,"0,1,7,1,69,1,2",90,6,""
0,"0,1,3,2,69,1,3",91,5,""
0,"7,1,46",92,4,""
1,"0,1,7,1,69,1,3",92,4,""
2,"163,1,0",92,4,""
0,80,93,3,0
1,"7,2,69,1,0",93,3,""
0,"0,97,0",0,97,""
0,"0,85,1",8,89,""
0,"0,82,2",12,85,""
0,"0,82,3",14,83,""
0,"1,1,159,1,0",65,32,""
0,"0,4,111,1,2",67,30,""
0,"0,1,8,1,110,1,0",68,29,""
0,"0,4,111,1,3",69,28,""
1,"0,1,8,1,111,1,0",69,28,0
0,"0,1,17,1,50,1,1",70,27,""
0,"0,1,116,1,3",71,26,""
1,"0,21,69,1,1",71,26,""
0,"0,1,117,1,3",72,25,0
0,81,74,23,""
0,"0,18,69,1,2",75,22,""
0,"0,10,90,1,3",76,21,""
0,"0,18,69,1,3",77,20,""
0,82,78,19,""
1,"0,1,8,1,112,1,0",78,19,""
0,"0,1,8,1,113,1,0",79,18,0
1,"0,2,160,1,0",79,18,""
0,"0,1,162,1,0",80,17,""
0,"0,1,8,1,64,1,3",81,16,""
0,"0,1,118,1,3",82,15,0
0,"119,1,3",83,14,""
0,"1,1,76",85,12,""
1,"7,1,72,1,3",85,12,""
2,"0,1,128,1,1",85,12,""
0,"0,1,78",86,11,1
1,"8,1,68,1,3",86,11,0
2,"120,1,2",86,11,""
3,"13,1,95,1,0",86,11,""
4,"0,3,17,1,69,1,0",86,11,""
0,"0,1,79",87,10,2
1,"164,1,0",87,10,""
0,"120,1,3",88,9,""
1,"0,2,6,1,69,1,3",88,9,""
2,"19,1,69,1,0",88,9,""
0,83,89,8,""
1,"121,1,3",89,8,""
2,"20,1,69,1,0",89,8,1
0,84,90,7,""
1,"122,1,3",90,7,2
2,"0,2,7,1,69,1,2",90,7,""
0,"8,1,69,1,3",91,6,""
0,"96,1,5",92,5,""
1,"0,2,7,1,69,1,3",92,5,""
2,"0,1,163,1,0",92,5,""
0,"0,1,80",93,4,1
1,"1,1,7,1,69,1,3",93,4,""
2,"0,1,7,2,69,1,0",93,4,""
0,"0,98,0",0,98,""
0,"0,86,1",8,90,""
0,"0,83,2",12,86,""
0,"0,83,3",14,84,""
0,"165,1,0",65,33,""
0,"0,5,111,1,2",67,31,""
0,"0,2,8,1,110,1,0",68,30,""
0,"0,5,111,1,3",69,29,""
1,"0,2,8,1,111,1,0",69,29,""
0,"123,1,3",70,28,""
0,"0,2,116,1,3",71,27,""
1,"0,22,69,1,1",71,27,""
0,"0,2,117,1,3",72,26,""
1,"1,1,161,1,0",72,26,""
0,"0,1,81",74,24,""
0,"0,19,69,1,2",75,23,""
0,"0,11,90,1,3",76,22,""
0,"0,19,69,1,3",77,21,""
0,"0,2,8,1,112,1,0",78,20,""
0,"0,2,8,1,113,1,0",79,19,""
0,"0,2,8,1,64,1,3",81,17,""
0,"0,2,118,1,3",82,16,""
1,"166,1,0",82,16,1
0,"167,1,0",83,15,"1,3"
0,"0,1,7,1,72,1,3",85,13,""
1,"0,2,128,1,1",85,13,""
2,"169,1,0",85,13,""
0,"0,2,78",86,12,3
1,"0,1,8,1,68,1,3",86,12,""
2,"0,1,120,1,2",86,12,""
3,"170,1,0",86,12,""
4,"0,4,17,1,69,1,0",86,12,""
0,"81,1,6",87,11,1
1,"98,1,5",87,11,""
0,"0,1,120,1,3",88,10,""
1,"0,1,19,1,69,1,0",88,10,""
0,"0,1,83",89,9,""
1,"4,1,92,1,3",89,9,""
2,"0,1,121,1,3",89,9,""
3,"0,1,20,1,69,1,0",89,9,1
0,"0,1,122,1,3",90,8,""
1,"0,3,7,1,69,1,2",90,8,""
0,"1,1,7,1,70,1,3",91,7,""
1,"0,1,8,1,69,1,3",91,7,""
0,85,92,6,"0,1,2"
1,"0,1,96,1,5",92,6,""
2,"0,3,7,1,69,1,3",92,6,""
3,"0,2,163,1,0",92,6,""
0,"0,2,80",93,5,3
1,"1,1,163,1,0",93,5,""
2,"0,2,7,2,69,1,0",93,5,""
0,"7,1,49",94,4,""
0,"0,99,0",0,99,""
0,"0,87,1",8,91,""
0,"0,84,2",12,87,""
0,"0,84,3",14,85,""
0,"0,23,69,1,1",71,28,""
1,"8,1,116,1,0",71,28,""
0,"8,1,117,1,0",72,27,2
0,"17,1,78,1,0",73,26,""
0,"8,1,71,1,3",74,25,""
1,"17,1,50,1,2",74,25,0
2,"171,1,0",74,25,0
0,"16,1,50,1,3",75,24,0
1,"0,20,69,1,2",75,24,""
2,"8,3,39,1,0",75,24,""
0,"17,1,50,1,3",76,23,""
1,"8,3,40,1,0",76,23,""
0,"125,1,3",77,22,""
1,"0,20,69,1,3",77,22,""
2,"137,1,1",77,22,""
3,"8,2,17,1,20,1,0",77,22,""
0,"8,3,16,1,3",78,21,""
1,"138,1,1",78,21,1
2,"8,2,63,1,0",78,21,""
0,"27,1,25",79,20,""
1,"8,3,17,1,3",79,20,""
2,"8,3,9,1,13,1,0",79,20,""
0,"8,1,16,1,23,1,3",80,19,""
1,"8,2,9,1,32,1,0",80,19,""
0,"8,2,42,1,3",81,18,""
1,"8,1,9,1,13,1,23,1,0",81,18,""
2,"8,2,64,1,0",81,18,""
0,"8,2,13,2,3",82,17,""
1,"9,1,13,1,51,1,0",82,17,""
2,"8,1,118,1,0",82,17,0
3,"0,1,166,1,0",82,17,""
0,"8,1,13,1,32,1,3",83,16,""
1,"17,1,80,1,0",83,16,""
2,"0,1,167,1,0",83,16,1
0,"13,2,23,1,3",84,15,""
1,"8,1,72,1,3",84,15,""
2,"173,1,0",84,15,""
3,"172,1,0",84,15,""
0,"127,1,3",85,14,0
1,"126,1,3",85,14,""
2,"13,1,101,1,0",85,14,""
3,"0,1,169,1,0",85,14,""
0,"0,3,78",86,13,2
1,"0,2,120,1,2",86,13,""
2,"0,5,17,1,69,1,0",86,13,""
0,"21,1,69,1,0",87,12,""
0,"0,2,120,1,3",88,11,""
1,"0,2,19,1,69,1,0",88,11,""
0,"3,1,107,1,3",89,10,0
1,"128,1,2",89,10,""
2,"0,2,20,1,69,1,0",89,10,""
0,"0,2,122,1,3",90,9,""
1,"0,4,7,1,69,1,2",90,9,""
0,"129,1,3",91,8,""
1,"128,1,3",91,8,""
2,"1,1,122,1,3",91,8,""
3,"0,2,8,1,69,1,3",91,8,""
4,"174,1,0",91,8,2
0,"130,1,3",92,7,"0,1"
1,"1,1,8,1,69,1,3",92,7,""
2,"0,4,7,1,69,1,3",92,7,""
3,"132,1,2",92,7,""
4,"0,3,163,1,0",92,7,""
0,"0,3,80",93,6,""
1,"131,1,3",93,6,""
2,"0,3,7,2,69,1,0",93,6,""
0,"132,1,3",94,5,""
1,"1,2,7,1,69,1,3",94,5,""
0,"2,1,7,1,69,1,3",95,4,""
0,"0,100,0",0,100,""
0,"0,88,1",8,92,""
0,"0,85,2",12,88,""
0,"0,85,3",14,86,""
0,"1,1,165,1,0",66,34,""
0,"175,1,0",67,33,""
0,"1,1,123,1,3",71,29,""
1,"0,24,69,1,1",71,29,""
2,"0,1,8,1,116,1,0",71,29,""
0,"0,1,8,1,117,1,0",72,28,2
0,"0,1,17,1,78,1,0",73,27,""
0,"0,1,8,1,71,1,3",74,26,""
1,"0,1,17,1,50,1,2",74,26,""
0,"0,1,16,1,50,1,3",75,25,0
1,"0,21,69,1,2",75,25,""
0,"0,1,17,1,50,1,3",76,24,""
0,"0,21,69,1,3",77,23,""
1,"0,1,137,1,1",77,23,""
0,"0,1,138,1,1",78,22,1
0,"0,1,8,2,64,1,0",81,19,""
0,"0,1,8,1,118,1,0",82,18,""
1,"0,2,166,1,0",82,18,""
0,"0,2,167,1,0",83,17,""
0,"0,1,8,1,72,1,3",84,16,""
0,"0,1,127,1,3",85,15,0
1,"0,1,126,1,3",85,15,""
2,"0,2,169,1,0",85,15,""
0,"176,1,0",86,14,3
0,"13,1,105,1,0",87,13,""
0,"0,3,120,1,3",88,12,""
1,"177,1,0",88,12,""
0,"0,1,3,1,107,1,3",89,11,0
1,"0,1,128,1,2",89,11,""
0,"133,1,3",90,10,""
1,"0,5,7,1,69,1,2",90,10,""
2,"179,1,0",90,10,""
0,"0,1,129,1,3",91,9,""
1,"0,1,128,1,3",91,9,""
2,"8,2,69,1,0",91,9,""
3,"0,1,174,1,0",91,9,1
0,"0,1,130,1,3",92,8,""
1,"0,5,7,1,69,1,3",92,8,""
2,"22,1,69,1,0",92,8,1
3,"0,4,163,1,0",92,8,""
0,"93,1,6",93,7,""
1,"23,1,69,1,0",93,7,""
0,"94,1,6",94,6,""
1,"9,1,69,1,3",94,6,2
2,"0,1,132,1,3",94,6,""
3,"1,2,163,1,0",94,6,""
0,"0,1,2,1,7,1,69,1,3",95,5,""
1,"2,1,163,1,0",95,5,""
0,"3,1,69,1,6",96,4,""
0,86,97,3,"0,1"
0,"0,101,0",0,101,""
0,"0,89,1",8,93,""
0,"0,86,2",12,89,""
0,"0,86,3",14,87,""
0,"0,1,175,1,0",67,34,""
0,"135,1,3",71,30,""
1,"0,25,69,1,1",71,30,""
2,"0,2,8,1,116,1,0",71,30,""
0,"0,2,8,1,117,1,0",72,29,""
0,87,73,28,""
0,"0,2,8,1,71,1,3",74,27,""
1,"0,2,17,1,50,1,2",74,27,""
0,"0,2,16,1,50,1,3",75,26,""
1,"0,22,69,1,2",75,26,""
0,"0,2,17,1,50,1,3",76,25,""
0,"0,22,69,1,3",77,24,""
1,"0,2,137,1,1",77,24,""
0,"0,2,138,1,1",78,23,""
1,"5,1,137,1,0",78,23,""
0,"0,2,8,1,118,1,0",82,19,""
0,"0,2,8,1,72,1,3",84,17,""
0,"0,2,127,1,3",85,16,""
1,"180,1,0",85,16,2
2,"1,1,172,1,0",85,16,""
3,"0,3,169,1,0",85,16,""
0,"0,1,176,1,0",86,15,4
0,"0,4,120,1,3",88,13,""
1,"1,1,21,1,69,1,0",88,13,""
0,"0,2,3,1,107,1,3",89,12,""
1,"0,2,128,1,2",89,12,""
0,"0,6,7,1,69,1,2",90,11,""
1,"0,1,179,1,0",90,11,""
0,"0,2,128,1,3",91,10,""
1,"0,1,8,2,69,1,0",91,10,""
0,"0,6,7,1,69,1,3",92,9,""
1,"1,1,174,1,0",92,9,""
2,"0,1,22,1,69,1,0",92,9,2
3,"0,5,163,1,0",92,9,""
0,"2,1,122,1,3",93,8,""
1,"181,1,0",93,8,""
2,"0,1,23,1,69,1,0",93,8,""
0,"109,1,5",94,7,""
1,"0,1,9,1,69,1,3",94,7,""
2,"0,2,132,1,3",94,7,""
0,"10,1,69,1,3",95,6,2
1,"0,2,2,1,7,1,69,1,3",95,6,""
2,"0,1,2,1,163,1,0",95,6,""
0,"7,1,56",96,5,""
1,"26,1,69,1,0",96,5,""
0,"0,1,86",97,4,0
0,"0,102,0",0,102,""
0,"0,90,1",8,94,""
0,"0,87,2",12,90,""
0,"0,87,3",14,88,""
0,"0,2,175,1,0",67,35,""
0,"182,1,0",70,32,""
0,"0,26,69,1,1",71,31,""
1,"183,1,0",71,31,0
0,"0,3,17,1,50,1,2",74,28,""
1,"8,2,71,1,0",74,28,""
0,"0,23,69,1,2",75,27,""
1,"8,1,16,1,50,1,0",75,27,1
0,"0,3,17,1,50,1,3",76,26,""
1,"8,1,17,1,50,1,0",76,26,""
0,"8,1,77,1,3",77,25,""
1,"0,23,69,1,3",77,25,""
2,"8,1,125,1,0",77,25,""
0,"8,1,78,1,3",78,24,0
1,"8,4,16,1,0",78,24,""
0,"17,1,56,1,3",79,23,""
1,"8,4,17,1,0",79,23,""
0,"136,1,3",80,22,0
1,"184,1,0",80,22,0
2,"8,2,16,1,23,1,0",80,22,""
0,"8,3,19,1,3",81,21,""
1,"137,1,2",81,21,0
2,"185,1,0",81,21,0
3,"8,3,42,1,0",81,21,""
0,"8,3,20,1,3",82,20,""
1,"138,1,2",82,20,"0,1"
2,"8,3,13,2,0",82,20,""
0,"137,1,3",83,19,""
1,"8,2,45,1,3",83,19,""
2,"8,2,13,1,32,1,0",83,19,""
0,"138,1,3",84,18,0
1,"8,2,46,1,3",84,18,""
2,"8,1,13,2,23,1,0",84,18,""
3,"8,2,72,1,0",84,18,""
0,88,85,17,1
1,"8,1,9,1,13,2,3",85,17,""
2,"13,2,51,1,0",85,17,""
3,"8,1,127,1,0",85,17,1
4,"0,4,169,1,0",85,17,""
0,"9,1,13,1,32,1,3",86,16,""
1,"20,1,80,1,0",86,16,""
2,"0,2,176,1,0",86,16,1
0,"8,1,79,1,3",87,15,""
1,"186,1,0",87,15,""
0,89,88,14,""
1,"13,2,17",88,14,""
2,"8,1,80,1,3",88,14,0
3,"27,1,69,1,0",88,14,""
0,"0,3,128,1,2",89,13,""
0,"0,7,7,1,69,1,2",90,12,""
1,"187,1,0",90,12,""
0,"0,3,128,1,3",91,11,""
1,"188,1,0",91,11,1
2,"0,2,8,2,69,1,0",91,11,""
0,90,92,10,""
1,"0,7,7,1,69,1,3",92,10,""
2,"189,1,0",92,10,""
3,"0,2,22,1,69,1,0",92,10,""
0,91,93,9,""
1,"12,1,69,1,3",93,9,""
2,"0,1,2,1,122,1,3",93,9,""
0,"3,1,75",94,8,""
1,"7,1,57",94,8,""
2,"0,2,9,1,69,1,3",94,8,""
3,"190,1,0",94,8,""
0,92,95,7,""
1,"37,1,24",95,7,""
2,"0,1,10,1,69,1,3",95,7,""
3,"191,1,0",95,7,1
4,"28,1,69,1,0",95,7,""
0,"0,1,7,1,56",96,6,""
1,"38,1,24",96,6,""
0,"0,2,86",97,5,2
1,"7,1,59",97,5,1
0,"69,1,7",98,4,""
0,"0,103,0",0,103,""
0,"0,91,1",8,95,""
0,"0,88,2",12,91,""
0,"0,88,3",14,89,""
0,"0,1,182,1,0",70,33,""
0,"0,27,69,1,1",71,32,""
1,"0,1,183,1,0",71,32,0
0,"1,1,135,1,3",72,31,""
0,"140,1,3",73,30,""
0,"0,4,17,1,50,1,2",74,29,""
1,"0,1,8,2,71,1,0",74,29,""
0,"0,24,69,1,2",75,28,""
1,"0,1,8,1,16,1,50,1,0",75,28,0
0,"0,4,17,1,50,1,3",76,27,""
0,"0,1,8,1,77,1,3",77,26,""
1,"0,24,69,1,3",77,26,""
0,"0,1,8,1,78,1,3",78,25,0
0,"1,1,5,1,137,1,0",79,24,""
0,"0,1,184,1,0",80,23,""
0,"0,1,137,1,2",81,22,0
1,"0,1,185,1,0",81,22,0
0,"0,1,138,1,2",82,21,"0,1"
0,"0,1,137,1,3",83,20,""
0,"0,1,138,1,3",84,19,0
1,"0,1,8,2,72,1,0",84,19,""
0,"0,1,8,1,127,1,0",85,18,""
1,"0,5,169,1,0",85,18,""
0,"0,3,176,1,0",86,17,""
0,"0,1,8,1,79,1,3",87,16,""
0,"2,1,126,1,3",88,15,""
1,"0,1,8,1,80,1,3",88,15,0
0,"0,4,128,1,2",89,14,""
0,"141,1,2",90,13,0
1,"0,1,187,1,0",90,13,""
0,"0,4,128,1,3",91,12,""
1,"23,1,75,1,0",91,12,""
2,"0,1,188,1,0",91,12,1
0,"141,1,3",92,11,0
0,"3,1,77",93,10,""
0,"8,1,9,1,69,1,0",94,9,""
1,"0,1,190,1,0",94,9,""
0,"29,1,69,1,0",95,8,2
1,"0,1,191,1,0",95,8,""
0,"7,1,92,1,3",96,7,""
1,"2,1,131,1,3",96,7,""
2,"142,1,2",96,7,""
0,"13,1,69,1,3",97,6,""
1,"2,1,132,1,3",97,6,""
2,"143,1,2",97,6,2
0,"142,1,3",98,5,""
1,"2,2,7,1,69,1,3",98,5,""
0,"143,1,3",99,4,0
0,"0,104,0",0,104,""
0,"0,92,1",8,96,""
0,"0,89,2",12,92,""
0,"0,89,3",14,90,""
0,"0,2,182,1,0",70,34,""
0,"1,1,182,1,0",71,33,""
1,"0,2,183,1,0",71,33,""
0,"0,1,140,1,3",73,31,""
0,"0,2,8,2,71,1,0",74,30,""
0,"0,25,69,1,2",75,29,""
1,"0,2,8,1,16,1,50,1,0",75,29,""
0,"0,5,17,1,50,1,3",76,28,""
0,"0,2,8,1,77,1,3",77,27,""
1,"0,25,69,1,3",77,27,""
0,"0,2,8,1,78,1,3",78,26,""
0,93,79,25,""
0,"0,2,184,1,0",80,24,""
0,"0,2,137,1,2",81,23,""
1,"0,2,185,1,0",81,23,""
0,"0,2,138,1,2",82,22,1
0,"0,2,137,1,3",83,21,""
0,"1,1,137,1,3",84,20,""
1,"0,2,138,1,3",84,20,1
2,"149,1,1",84,20,3
0,"0,2,8,1,127,1,0",85,19,""
0,"64,1,8",86,18,""
0,"0,2,8,1,79,1,3",87,17,""
1,"193,1,0",87,17,2
0,"0,2,8,1,80,1,3",88,16,""
1,"194,1,0",88,16,2
0,"0,5,128,1,2",89,15,""
1,"1,1,27,1,69,1,0",89,15,""
0,"30,1,69,1,0",90,14,""
1,"0,2,187,1,0",90,14,""
0,"0,5,128,1,3",91,13,""
1,"1,1,187,1,0",91,13,""
2,"0,2,188,1,0",91,13,""
0,"0,1,141,1,3",92,12,1
0,"106,1,6",93,11,""
1,"1,1,189,1,0",93,11,""
0,"1,1,12,1,69,1,3",94,10,""
1,"196,1,0",94,10,""
2,"0,1,8,1,9,1,69,1,0",94,10,""
0,"1,1,190,1,0",95,9,""
1,"0,1,29,1,69,1,0",95,9,1
0,"43,1,21",96,8,""
1,"0,1,7,1,92,1,3",96,8,""
2,"0,1,142,1,2",96,8,""
3,"197,1,0",96,8,""
4,"1,1,28,1,69,1,0",96,8,""
0,"0,1,13,1,69,1,3",97,7,""
1,"0,1,143,1,2",97,7,2
2,"198,1,0",97,7,4
0,"0,1,142,1,3",98,6,""
0,"0,1,143,1,3",99,5,1
0,"7,1,143,1,0",100,4,""
0,"7,1,69,1,5",101,3,""
0,"0,105,0",0,105,""
0,"0,93,1",8,97,""
0,"0,90,2",12,93,""
0,"0,90,3",14,91,""
0,"0,3,183,1,0",71,34,""
0,"0,2,140,1,3",73,32,""
1,"199,1,0",73,32,""
0,"200,1,0",74,31,0
0,"0,26,69,1,2",75,30,""
0,"145,1,3",76,29,""
0,"0,26,69,1,3",77,28,""
1,"8,2,77,1,0",77,28,""
0,"8,2,78,1,0",78,27,""
0,"8,1,17,1,56,1,0",79,26,""
0,"8,2,49,1,3",80,25,""
1,"8,1,136,1,0",80,25,""
0,"8,2,50,1,3",81,24,1
1,"0,3,137,1,2",81,24,""
2,"8,4,19,1,0",81,24,""
0,"16,1,17,2,3",82,23,""
1,"0,3,138,1,2",82,23,1
2,"8,4,20,1,0",82,23,""
0,"8,1,88,1,3",83,22,""
1,"0,3,137,1,3",83,22,""
2,"8,1,137,1,0",83,22,""
3,"8,3,45,1,0",83,22,""
0,"8,5,3",84,21,""
1,"0,3,138,1,3",84,21,0
2,"0,1,149,1,1",84,21,""
3,"8,1,138,1,0",84,21,1
4,"8,3,46,1,0",84,21,""
0,"8,3,22,1,3",85,20,""
1,"154,1,1",85,20,1
2,"8,2,9,1,13,2,0",85,20,""
0,"146,1,3",86,19,"0,1"
1,"8,3,23,1,3",86,19,""
2,"8,1,9,1,13,1,32,1,0",86,19,""
0,"147,1,3",87,18,0
1,"8,2,51,1,3",87,18,""
2,"9,1,13,2,23,1,0",87,18,""
3,"8,2,79,1,0",87,18,""
0,"8,1,13,3,3",88,17,""
1,"8,2,80,1,0",88,17,1
0,"13,2,32,1,3",89,16,""
1,"22,1,80,1,0",89,16,""
0,"8,1,89,1,3",90,15,""
1,"23,1,80,1,0",90,15,""
2,"0,1,30,1,69,1,0",90,15,""
0,"9,1,80,1,3",91,14,0
1,"0,6,128,1,3",91,14,""
0,"23,1,33",92,13,""
1,"0,2,141,1,3",92,13,1
0,"201,1,0",93,12,2
0,"14,1,69,1,3",94,11,""
1,"0,2,8,1,9,1,69,1,0",94,11,""
0,"3,1,120,1,3",95,10,""
1,"202,1,0",95,10,""
2,"0,2,29,1,69,1,0",95,10,""
0,"69,1,8",96,9,""
1,"0,2,7,1,92,1,3",96,9,""
2,"0,2,142,1,2",96,9,""
3,"2,1,181,1,0",96,9,""
4,"0,1,197,1,0",96,9,""
0,"0,2,13,1,69,1,3",97,8,""
1,"0,2,143,1,2",97,8,0
2,"0,1,198,1,0",97,8,0
0,"1,1,13,1,69,1,3",98,7,""
1,"0,2,142,1,3",98,7,""
0,"1,1,142,1,3",99,6,""
1,"0,2,143,1,3",99,6,0
0,"0,1,7,1,143,1,0",100,5,""
0,"0,1,7,1,69,1,5",101,4,""
0,"0,106,0",0,106,""
0,"0,94,1",8,98,""
0,"0,91,2",12,94,""
0,"0,91,3",14,92,""
0,"0,4,183,1,0",71,35,""
0,"0,1,199,1,0",73,33,""
0,"0,1,200,1,0",74,32,0
0,"0,27,69,1,2",75,31,""
0,"0,1,145,1,3",76,30,""
0,"0,27,69,1,3",77,29,""
0,"44,1,18",80,26,""
1,"0,1,8,2,49,1,3",80,26,""
0,"0,1,8,2,50,1,3",81,25,0
1,"0,4,137,1,2",81,25,""
0,"0,4,138,1,2",82,24,1
0,"0,4,137,1,3",83,23,""
1,"0,1,8,1,137,1,0",83,23,""
0,"0,4,138,1,3",84,22,0
1,"0,2,149,1,1",84,22,""
2,"0,1,8,1,138,1,0",84,22,1
0,"0,1,154,1,1",85,21,""
1,"5,1,149,1,0",85,21,""
0,"0,1,146,1,3",86,20,""
0,"0,1,147,1,3",87,19,0
1,"0,1,8,2,79,1,0",87,19,""
0,"1,1,193,1,0",88,18,""
0,"0,1,8,1,89,1,3",90,16,""
1,"0,2,30,1,69,1,0",90,16,""
0,"0,1,9,1,80,1,3",91,15,""
1,"0,7,128,1,3",91,15,""
0,"0,3,141,1,3",92,14,""
1,"23,1,83,1,0",92,14,""
2,"1,2,187,1,0",92,14,""
0,"31,1,69,1,0",93,13,""
1,"0,1,201,1,0",93,13,""
0,"17,1,69,1,1",94,12,1
1,"2,1,188,1,0",94,12,2
0,"13,1,75,1,3",95,11,""
1,"2,1,189,1,0",95,11,""
0,"0,2,197,1,0",96,10,""
0,"8,1,13,1,69,1,0",97,9,""
1,"0,2,198,1,0",97,9,""
0,"0,3,142,1,3",98,8,""
1,"32,1,69,1,0",98,8,2
2,"2,1,191,1,0",98,8,""
0,"43,1,24",99,7,""
1,"0,3,143,1,3",99,7,""
2,"204,1,0",99,7,""
3,"203,1,0",99,7,""
0,94,100,6,""
1,"2,1,7,1,59",100,6,""
2,"34,1,69,1,0",100,6,""
0,95,101,5,""
1,"0,2,7,1,69,1,5",101,5,""
2,"35,1,69,1,0",101,5,""
0,"1,1,7,1,69,1,5",102,4,""
0,"0,107,0",0,107,""
0,"0,95,1",8,99,""
0,"0,92,2",12,95,""
0,"0,92,3",14,93,""
0,"0,5,183,1,0",71,36,""
0,"205,1,0",72,35,""
0,"0,2,199,1,0",73,34,""
0,"0,2,200,1,0",74,33,""
0,"0,28,69,1,2",75,32,""
0,"0,2,145,1,3",76,31,""
0,"1,1,145,1,3",77,30,""
1,"0,28,69,1,3",77,30,""
0,"0,2,8,2,49,1,3",80,27,""
0,"0,2,8,2,50,1,3",81,26,""
1,"0,5,137,1,2",81,26,""
0,"0,5,138,1,2",82,25,0
0,"0,5,137,1,3",83,24,""
1,"0,2,8,1,137,1,0",83,24,""
0,"0,5,138,1,3",84,23,1
1,"0,2,8,1,138,1,0",84,23,""
0,"0,2,146,1,3",86,21,""
0,"0,2,147,1,3",87,20,3
1,"206,1,0",87,20,"2,3"
0,"149,1,2",88,19,"2,3"
0,"207,1,0",89,18,3
0,"149,1,3",90,17,1
1,"208,1,0",90,17,"3,4"
0,"0,2,9,1,80,1,3",91,16,""
0,96,92,15,""
0,97,93,14,0
1,"0,1,31,1,69,1,0",93,14,""
2,"0,2,201,1,0",93,14,""
0,"0,1,17,1,69,1,1",94,13,""
1,"0,1,2,1,188,1,0",94,13,""
0,98,95,12,1
1,"1,1,14,1,69,1,3",95,12,""
0,"15,1,69,1,3",96,11,""
0,99,97,10,""
1,"209,1,0",97,10,""
2,"0,1,8,1,13,1,69,1,0",97,10,""
0,"13,1,50",98,9,""
1,"0,1,32,1,69,1,0",98,9,""
0,"0,4,143,1,3",99,8,""
0,"7,1,69",100,7,""
1,"2,1,13,1,69,1,3",100,7,""
2,"1,2,142,1,3",100,7,""
0,"0,3,7,1,69,1,5",101,6,""
0,"0,108,0",0,108,""
0,"0,96,1",8,100,""
0,"0,93,2",12,96,""
0,"0,93,3",14,94,""
0,"0,29,69,1,2",75,33,""
0,"8,1,145,1,0",76,32,""
0,"0,29,69,1,3",77,31,""
1,"16,1,111,1,0",77,31,0
0,"17,1,111,1,0",78,30,""
0,"152,1,3",79,29,0
1,"211,1,0",79,29,0
2,"210,1,0",79,29,0
0,"153,1,3",80,28,0
1,"8,3,49,1,0",80,28,""
0,"0,6,137,1,2",81,27,""
1,"8,3,50,1,0",81,27,""
0,"8,1,16,1,17,2,0",82,26,""
0,"8,2,55,1,3",83,25,""
1,"0,6,137,1,3",83,25,""
2,"8,2,88,1,0",83,25,""
0,"8,2,56,1,3",84,24,0
1,"0,6,138,1,3",84,24,0
2,"8,6,0",84,24,""
0,"8,1,17,1,40,1,3",85,23,""
1,"8,4,22,1,0",85,23,""
0,"8,1,100,1,3",86,22,""
1,"8,1,146,1,0",86,22,""
2,"8,4,23,1,0",86,22,""
3,"1,1,5,1,149,1,0",86,22,""
0,"8,4,9,1,3",87,21,""
1,"8,1,147,1,0",87,21,1
2,"8,3,51,1,0",87,21,""
3,"0,1,206,1,0",87,21,""
0,"8,3,29,1,3",88,20,""
1,"0,1,149,1,2",88,20,1
2,"17,1,113,1,0",88,20,1
3,"8,2,13,3,0",88,20,""
0,"16,1,64,1,3",89,19,""
1,"8,2,9,1,23,1,3",89,19,""
2,"154,1,2",89,19,"0,1"
3,"8,1,13,2,32,1,0",89,19,""
4,"0,1,207,1,0",89,19,""
0,"17,1,64,1,3",90,18,0
1,"8,1,9,1,51,1,3",90,18,""
2,"0,1,149,1,3",90,18,""
3,"13,3,23,1,0",90,18,""
4,"8,2,89,1,0",90,18,""
0,"154,1,3",91,17,1
1,"9,1,13,3,3",91,17,""
2,"8,1,9,1,80,1,0",91,17,""
0,"23,1,89,1,0",92,16,""
0,"0,1,97",93,15,""
1,"51,1,17",93,15,""
2,"8,1,101,1,3",93,15,""
0,"13,1,80,1,3",94,14,2
1,"1,1,31,1,69,1,0",94,14,""
0,100,95,13,""
1,"155,1,3",95,13,""
0,"0,1,15,1,69,1,3",96,12,""
1,"212,1,0",96,12,""
0,"0,1,209,1,0",97,11,""
0,101,98,10,2
1,"0,2,32,1,69,1,0",98,10,""
0,"0,5,143,1,3",99,9,""
1,"213,1,0",99,9,""
0,"0,1,2,1,13,1,69,1,3",100,8,""
1,"163,1,1",100,8,""
2,"2,1,198,1,0",100,8,""
3,"1,1,203,1,0",100,8,""
0,"214,1,0",101,7,""
1,"36,1,69,1,0",101,7,""
0,"131,1,5",102,6,""
0,"37,1,69,1,0",103,5,""
0,"0,109,0",0,109,""
0,"0,97,1",8,101,""
0,"0,94,2",12,97,""
0,"0,94,3",14,95,""
0,"1,1,205,1,0",73,36,""
0,"0,30,69,1,2",75,34,""
0,"0,1,8,1,145,1,0",76,33,""
0,"0,30,69,1,3",77,32,""
1,"0,1,16,1,111,1,0",77,32,0
0,"0,1,17,1,111,1,0",78,31,""
0,"0,1,152,1,3",79,30,""
1,"0,1,210,1,0",79,30,""
0,"0,1,153,1,3",80,29,0
0,"0,7,137,1,3",83,26,""
0,"0,7,138,1,3",84,25,0
0,102,86,23,""
1,"0,1,8,1,146,1,0",86,23,""
0,"0,1,8,1,147,1,0",87,22,0
1,"0,2,206,1,0",87,22,""
0,"0,2,149,1,2",88,21,""
1,"0,1,17,1,113,1,0",88,21,""
0,"0,1,16,1,64,1,3",89,20,""
1,"0,1,154,1,2",89,20,0
0,"0,1,17,1,64,1,3",90,19,0
1,"0,2,149,1,3",90,19,""
0,"1,1,149,1,3",91,18,""
1,"0,1,154,1,3",91,18,1
0,"0,2,97",93,16,""
1,"64,1,9",93,16,""
2,"0,1,8,1,101,1,3",93,16,""
0,"156,1,3",94,15,""
1,"0,1,13,1,80,1,3",94,15,""
2,"215,1,0",94,15,""
0,"0,2,15,1,69,1,3",96,13,""
1,"39,1,69,1,0",96,13,""
2,"13,1,133,1,0",96,13,""
3,"0,1,212,1,0",96,13,""
0,103,97,12,""
1,"40,1,69,1,0",97,12,1
2,"0,2,209,1,0",97,12,""
0,"157,1,3",98,11,""
1,"17,1,69,1,2",98,11,""
2,"1,1,209,1,0",98,11,""
0,"16,1,69,1,3",99,10,""
1,"2,2,181,1,0",99,10,""
0,104,100,9,""
1,"17,1,69,1,3",100,9,0
2,"0,1,163,1,1",100,9,""
3,"9,1,13,1,69,1,0",100,9,""
0,"216,1,0",101,8,""
1,"0,1,36,1,69,1,0",101,8,""
0,105,103,6,0
0,"0,110,0",0,110,""
0,"0,98,1",8,102,""
0,"0,95,2",12,98,""
0,"0,95,3",14,96,""
0,"217,1,0",73,37,""
0,"0,31,69,1,2",75,35,""
0,"0,2,8,1,145,1,0",76,34,""
0,"0,31,69,1,3",77,33,""
1,"0,2,16,1,111,1,0",77,33,""
0,"159,1,3",78,32,""
0,"0,2,152,1,3",79,31,""
1,"0,2,210,1,0",79,31,""
0,"0,2,153,1,3",80,30,""
1,"1,1,210,1,0",80,30,""
0,"0,8,137,1,3",83,27,""
0,"0,8,138,1,3",84,26,""
0,"0,2,8,1,146,1,0",86,24,""
0,"0,2,8,1,147,1,0",87,23,""
0,"0,3,149,1,2",88,22,""
0,"0,2,16,1,64,1,3",89,21,""
1,"0,2,154,1,2",89,21,1
0,"0,2,17,1,64,1,3",90,20,""
1,"0,3,149,1,3",90,20,""
2,"8,1,149,1,0",90,20,3
0,"0,2,154,1,3",91,19,1
1,"167,1,1",91,19,"3,4"
0,"218,1,0",92,18,4
0,"160,1,3",93,17,"1,2"
1,"219,1,0",93,17,4
0,"0,2,13,1,80,1,3",94,16,""
0,106,96,14,"0,1,2"
1,"0,2,212,1,0",96,14,""
0,"1,1,212,1,0",97,13,""
1,"0,1,40,1,69,1,0",97,13,""
0,"0,1,17,1,69,1,2",98,12,""
0,"0,1,16,1,69,1,3",99,11,""
0,"0,1,17,1,69,1,3",100,10,0
1,"221,1,0",100,10,""
0,"0,2,36,1,69,1,0",101,9,""
0,"1,1,214,1,0",102,8,""
0,"69,1,9",103,7,""
0,"0,111,0",0,111,""
0,"0,99,1",8,103,""
0,"0,96,2",12,99,""
0,"0,96,3",14,97,""
0,"8,1,152,1,0",79,32,""
1,"0,3,210,1,0",79,32,""
0,"8,1,153,1,0",80,31,1
0,"17,1,117,1,0",81,30,""
0,"8,1,110,1,3",82,29,""
1,"223,1,0",82,29,0
0,"8,1,111,1,3",83,28,0
1,"8,3,55,1,0",83,28,""
0,"8,3,56,1,0",84,27,""
0,"161,1,3",85,26,""
1,"224,1,0",85,26,""
2,"8,2,17,1,40,1,0",85,26,""
0,"8,3,31,1,3",86,25,""
1,"225,1,0",86,25,0
2,"8,2,100,1,0",86,25,""
0,"44,1,25",87,24,""
1,"8,2,16,1,17,1,3",87,24,""
2,"8,5,9,1,0",87,24,""
0,"8,2,17,2,3",88,23,""
1,"0,4,149,1,2",88,23,""
2,"8,4,29,1,0",88,23,""
0,"8,2,60,1,3",89,22,""
1,"0,3,154,1,2",89,22,0
2,"8,1,16,1,64,1,0",89,22,""
3,"8,3,9,1,23,1,0",89,22,""
0,"8,4,13,1,3",90,21,""
1,"0,4,149,1,3",90,21,""
2,"8,1,17,1,64,1,0",90,21,1
3,"8,2,9,1,51,1,0",90,21,""
4,"0,1,8,1,149,1,0",90,21,""
0,"8,3,32,1,3",91,20,""
1,"0,3,154,1,3",91,20,0
2,"0,1,167,1,1",91,20,2
3,"8,1,154,1,0",91,20,2
4,"8,1,9,1,13,3,0",91,20,""
0,"8,1,112,1,3",92,19,""
1,"8,2,13,1,23,1,3",92,19,""
2,"172,1,1",92,19,""
3,"42,1,64,1,0",92,19,""
4,"9,1,13,2,32,1,0",92,19,""
0,"8,1,113,1,3",93,18,0
1,"8,1,13,1,51,1,3",93,18,""
2,"0,1,160,1,3",93,18,""
3,"8,2,101,1,0",93,18,""
0,"162,1,3",94,17,1
1,"13,4,3",94,17,""
2,"8,1,13,1,80,1,0",94,17,""
0,"41,1,69,1,0",95,16,""
1,"23,1,101,1,0",95,16,""
2,"1,1,215,1,0",95,16,""
0,107,96,15,1
1,"9,1,101,1,3",96,15,""
2,"226,1,0",96,15,""
0,"32,1,33",97,14,""
1,"0,2,40,1,69,1,0",97,14,""
0,"0,2,17,1,69,1,2",98,13,""
0,"0,2,16,1,69,1,3",99,12,""
1,"1,2,209,1,0",99,12,""
0,"1,1,16,1,69,1,3",100,11,""
1,"0,2,17,1,69,1,3",100,11,""
2,"0,1,221,1,0",100,11,""
0,"7,2,67,1,3",101,10,""
1,"0,3,36,1,69,1,0",101,10,""
0,"7,2,68,1,3",102,9,""
0,"2,2,13,1,69,1,3",103,8,""
0,"163,1,2",104,7,""
0,"7,2,69,1,2",105,6,""
0,"163,1,3",106,5,""
0,"7,2,69,1,3",107,4,""
0,"0,112,0",0,112,""
0,"0,100,1",8,104,""
0,"0,97,2",12,100,""
0,"0,97,3",14,98,""
0,"1,1,217,1,0",74,38,""
0,"227,1,0",75,37,""
0,"1,1,159,1,3",79,33,""
1,"0,1,8,1,152,1,0",79,33,""
2,"0,4,210,1,0",79,33,""
0,"0,1,8,1,153,1,0",80,32,1
0,"0,1,17,1,117,1,0",81,31,""
0,"0,1,8,1,110,1,3",82,30,""
0,"0,1,8,1,111,1,3",83,29,0
0,"0,1,224,1,0",85,27,""
0,"0,1,225,1,0",86,26,0
0,"0,5,149,1,2",88,24,""
0,"0,4,154,1,2",89,23,0
1,"0,1,8,1,16,1,64,1,0",89,23,""
0,"0,5,149,1,3",90,22,""
1,"0,1,8,1,17,1,64,1,0",90,22,0
2,"0,2,8,1,149,1,0",90,22,""
0,"0,4,154,1,3",91,21,0
1,"0,1,8,1,154,1,0",91,21,""
0,"0,1,8,1,112,1,3",92,20,""
0,"0,1,8,1,113,1,3",93,19,0
1,"0,2,160,1,3",93,19,""
0,"0,1,162,1,3",94,18,2
0,108,95,17,""
1,"64,1,10",95,17,""
0,"0,1,107",96,16,"0,1"
1,"0,1,226,1,0",96,16,""
0,109,97,15,2
1,"1,1,106",97,15,""
2,"13,2,67,1,0",97,15,""
0,110,98,14,1
1,"0,3,17,1,69,1,2",98,14,""
2,"228,1,0",98,14,""
0,111,99,13,""
1,"2,1,212,1,0",99,13,""
0,112,100,12,""
1,"13,1,95,1,3",100,12,""
2,"0,3,17,1,69,1,3",100,12,""
3,"8,1,17,1,69,1,0",100,12,1
4,"0,2,221,1,0",100,12,""
0,113,101,11,"0,2,3"
1,"23,1,69,1,1",101,11,""
2,"229,1,0",101,11,""
0,"19,1,69,1,3",102,10,1
1,"0,1,7,2,68,1,3",102,10,""
2,"42,1,69,1,0",102,10,""
0,"20,1,69,1,3",103,9,1
0,"0,1,163,1,2",104,8,""
0,"230,1,0",105,7,""
0,"0,1,163,1,3",106,6,""
0,"142,1,5",107,5,""
1,"0,1,7,2,69,1,3",107,5,""
0,"143,1,5",108,4,0
0,"0,113,0",0,113,""
0,"0,101,1",8,105,""
0,"0,98,2",12,101,""
0,"0,98,3",14,99,""
0,"0,1,227,1,0",75,38,""
0,"165,1,3",79,34,""
1,"0,2,8,1,152,1,0",79,34,""
2,"0,5,210,1,0",79,34,""
0,"0,2,8,1,153,1,0",80,33,""
0,114,81,32,""
0,"0,2,8,1,110,1,3",82,31,""
0,"0,2,8,1,111,1,3",83,30,""
0,"0,2,224,1,0",85,28,""
0,"1,1,224,1,0",86,27,""
1,"0,2,225,1,0",86,27,""
0,"0,6,149,1,2",88,25,""
0,"0,2,8,1,16,1,64,1,0",89,24,""
0,"0,6,149,1,3",90,23,""
1,"0,2,8,1,17,1,64,1,0",90,23,""
0,"0,5,154,1,3",91,22,""
0,"0,2,8,1,112,1,3",92,21,""
0,"0,2,8,1,113,1,3",93,20,""
1,"8,1,160,1,0",93,20,2
2,"1,1,42,1,64,1,0",93,20,""
0,"232,1,0",94,19,3
0,"167,1,2",95,18,2
1,"233,1,0",95,18,2
0,"66,1,10",96,17,2
1,"166,1,3",96,17,0
2,"0,2,226,1,0",96,17,""
0,"167,1,3",97,16,"1,3"
1,"169,1,2",97,16,""
0,"0,1,110",98,15,2
1,"0,4,17,1,69,1,2",98,15,""
0,"169,1,3",99,14,""
1,"0,1,2,1,212,1,0",99,14,""
0,"170,1,3",100,13,""
1,"0,4,17,1,69,1,3",100,13,""
2,"234,1,0",100,13,""
3,"0,1,8,1,17,1,69,1,0",100,13,""
0,"0,1,113",101,12,""
1,"0,1,23,1,69,1,1",101,12,""
0,115,102,11,""
1,"0,1,19,1,69,1,3",102,11,""
0,"0,1,20,1,69,1,3",103,10,0
0,"0,2,163,1,2",104,9,""
1,"235,1,0",104,9,2
0,"69,1,10",105,8,""
0,"0,2,163,1,3",106,7,""
0,"0,1,142,1,5",107,6,""
1,"1,1,163,1,3",107,6,""
2,"0,2,7,2,69,1,3",107,6,""
0,"0,1,143,1,5",108,5,1
0,"0,114,0",0,114,""
0,"0,102,1",8,106,""
0,"0,99,2",12,102,""
0,"0,99,3",14,100,""
0,"0,2,227,1,0",75,39,""
0,"236,1,0",78,36,""
0,"183,1,1",79,35,0
1,"0,6,210,1,0",79,35,""
0,"8,2,110,1,0",82,32,""
0,"8,2,111,1,0",83,31,0
0,"16,1,17,1,50,1,0",84,30,""
0,"8,1,116,1,3",85,29,""
1,"8,1,161,1,0",85,29,""
0,"8,1,117,1,3",86,28,0
1,"8,4,31,1,0",86,28,""
0,"17,1,78,1,3",87,27,""
1,"8,3,16,1,17,1,0",87,27,""
0,"171,1,3",88,26,0
1,"237,1,0",88,26,0
2,"8,3,17,2,0",88,26,""
0,"8,3,39,1,3",89,25,""
1,"238,1,0",89,25,0
2,"8,3,60,1,0",89,25,""
0,"8,3,40,1,3",90,24,""
1,"8,5,13,1,0",90,24,""
0,"8,2,17,1,20,1,3",91,23,""
1,"8,4,32,1,0",91,23,""
0,"8,2,63,1,3",92,22,""
1,"8,2,112,1,0",92,22,""
2,"8,3,13,1,23,1,0",92,22,""
0,116,93,21,0
1,"8,3,9,1,13,1,3",93,21,""
2,"8,2,113,1,0",93,21,0
3,"8,2,13,1,51,1,0",93,21,""
0,"8,2,9,1,32,1,3",94,20,""
1,"8,1,162,1,0",94,20,""
2,"8,1,13,4,0",94,20,""
0,"8,1,9,1,13,1,23,1,3",95,19,""
1,"8,2,64,1,3",95,19,""
2,"0,1,167,1,2",95,19,""
3,"23,1,113,1,0",95,19,""
4,"13,3,32,1,0",95,19,""
0,"1,1,108",96,18,""
1,"9,1,13,1,51,1,3",96,18,""
2,"8,1,118,1,3",96,18,0
3,"0,1,166,1,3",96,18,""
4,"172,1,2",96,18,1
5,"8,1,9,1,101,1,0",96,18,""
0,"17,1,80,1,3",97,17,""
1,"0,1,167,1,3",97,17,1
2,"0,1,169,1,2",97,17,""
3,"9,1,13,1,80,1,0",97,17,""
0,"0,2,110",98,16,2
1,"13,1,23,1,17",98,16,""
2,"173,1,3",98,16,0
3,"172,1,3",98,16,0
4,"0,5,17,1,69,1,2",98,16,""
5,"187,1,1",98,16,""
0,"2,1,106",99,15,""
1,"13,1,101,1,3",99,15,""
2,"0,1,169,1,3",99,15,""
3,"188,1,1",99,15,2
0,117,100,14,""
1,"64,1,12",100,14,""
2,"0,5,17,1,69,1,3",100,14,""
0,"21,1,69,1,3",101,13,""
0,"0,2,19,1,69,1,3",102,12,""
0,118,103,11,0
1,"0,2,20,1,69,1,3",103,11,""
2,"1,1,42,1,69,1,0",103,11,""
0,119,104,10,""
1,"13,1,67",104,10,""
2,"0,1,235,1,0",104,10,""
0,"0,1,69,1,10",105,9,""
1,"174,1,3",105,9,2
2,"239,1,0",105,9,3
0,"0,3,163,1,3",106,8,""
0,"0,3,7,2,69,1,3",107,7,""
1,"240,1,0",107,7,""
0,"241,1,0",108,6,1
0,"242,1,0",109,5,""
0,"0,115,0",0,115,""
0,"0,103,1",8,107,""
0,"0,100,2",12,103,""
0,"0,100,3",14,101,""
0,"0,1,236,1,0",78,37,""
0,"0,1,183,1,1",79,36,0
1,"0,7,210,1,0",79,36,""
0,"1,1,165,1,3",80,35,""
0,"175,1,3",81,34,""
0,"0,1,8,2,110,1,0",82,33,""
0,"0,1,8,2,111,1,0",83,32,""
0,"0,1,8,1,116,1,3",85,30,""
0,"0,1,8,1,117,1,3",86,29,0
0,"1,2,224,1,0",87,28,""
0,"0,1,237,1,0",88,27,""
0,"0,1,238,1,0",89,26,0
0,"0,1,8,2,112,1,0",92,23,""
0,"0,1,8,2,113,1,0",93,22,""
0,"0,1,8,2,64,1,3",95,20,""
1,"0,2,167,1,2",95,20,""
0,"0,1,8,1,118,1,3",96,19,0
1,"0,2,166,1,3",96,19,""
2,"0,1,172,1,2",96,19,1
0,"0,1,17,1,80,1,3",97,18,""
1,"0,2,167,1,3",97,18,""
2,"0,2,169,1,2",97,18,""
0,"0,1,172,1,3",98,17,0
1,"176,1,2",98,17,1
2,"0,1,187,1,1",98,17,""
0,"0,2,169,1,3",99,16,""
1,"0,1,188,1,1",99,16,1
2,"2,1,226,1,0",99,16,""
0,"176,1,3",100,15,1
0,"13,2,75,1,0",101,14,""
0,"177,1,3",102,13,""
1,"8,1,19,1,69,1,0",102,13,""
0,"178,1,3",103,12,1
1,"243,1,0",103,12,""
2,"8,1,20,1,69,1,0",103,12,""
0,120,104,11,""
1,"0,1,119",104,11,""
2,"179,1,3",104,11,""
3,"0,2,235,1,0",104,11,""
0,"8,2,69,1,3",105,10,""
1,"0,1,174,1,3",105,10,1
2,"23,1,69,1,2",105,10,3
3,"0,1,239,1,0",105,10,3
0,"22,1,69,1,3",106,9,0
1,"0,4,163,1,3",106,9,""
0,"23,1,69,1,3",107,8,""
1,"0,1,240,1,0",107,8,""
0,"69,1,11",108,7,""
1,"0,1,241,1,0",108,7,""
0,"2,1,163,1,3",109,6,""
0,"69,1,12",110,5,""
0,"0,116,0",0,116,""
0,"0,104,1",8,108,""
0,"0,101,2",12,104,""
0,"0,101,3",14,102,""
0,"0,2,236,1,0",78,38,""
0,"1,1,236,1,0",79,37,""
1,"0,8,210,1,0",79,37,""
0,"0,1,175,1,3",81,35,""
0,"0,2,8,2,111,1,0",83,33,""
0,"0,2,8,1,116,1,3",85,31,""
0,"0,2,8,1,117,1,3",86,30,""
0,121,87,29,""
0,"0,2,237,1,0",88,28,""
0,"0,2,238,1,0",89,27,""
0,"5,1,137,1,3",92,24,""
1,"244,1,0",92,24,2
0,"0,2,8,2,113,1,0",93,23,""
0,"64,1,15",94,22,""
1,"245,1,0",94,22,2
0,"0,2,8,2,64,1,3",95,21,""
1,"0,3,167,1,2",95,21,""
2,"247,1,0",95,21,"2,3"
3,"246,1,0",95,21,3
0,"0,2,8,1,118,1,3",96,20,""
1,"0,2,172,1,2",96,20,2
2,"8,1,166,1,0",96,20,3
0,"0,3,167,1,3",97,19,""
1,"0,3,169,1,2",97,19,""
2,"8,1,167,1,0",97,19,2
0,"0,2,172,1,3",98,18,1
1,"0,2,187,1,1",98,18,""
2,"248,1,0",98,18,2
0,"180,1,3",99,17,0
1,"0,3,169,1,3",99,17,""
2,"0,2,188,1,1",99,17,""
3,"5,1,187,1,0",99,17,""
0,"0,1,176,1,3",100,16,2
0,"2,1,228,1,0",101,15,""
0,"1,1,21,1,69,1,3",102,14,""
1,"0,1,177,1,3",102,14,""
2,"249,1,0",102,14,""
0,"0,1,178,1,3",103,13,""
1,"0,1,8,1,20,1,69,1,0",103,13,""
0,"2,1,113",104,12,""
1,"0,1,179,1,3",104,12,""
2,"250,1,0",104,12,1
3,"0,3,235,1,0",104,12,""
0,"0,1,8,2,69,1,3",105,11,""
1,"0,1,23,1,69,1,2",105,11,""
0,"0,1,22,1,69,1,3",106,10,1
1,"0,5,163,1,3",106,10,""
2,"1,1,239,1,0",106,10,""
0,"0,1,23,1,69,1,3",107,9,""
1,"251,1,0",107,9,""
0,"0,1,69,1,11",108,8,""
0,122,109,7,1
1,"0,1,2,1,163,1,3",109,7,""
0,"69,1,13",110,6,""
1,"26,1,69,1,3",110,6,""
0,123,111,5,""
0,"7,1,86",112,4,0
0,"0,117,0",0,117,""
0,"0,105,1",8,109,""
0,"0,102,2",12,105,""
0,"0,102,3",14,103,""
0,"0,9,210,1,0",79,38,""
0,"0,2,175,1,3",81,36,""
1,"252,1,0",81,36,""
0,"253,1,0",82,35,0
0,"183,1,2",83,34,""
0,"182,1,3",84,33,""
0,"183,1,3",85,32,0
1,"8,2,116,1,0",85,32,""
0,"8,2,117,1,0",86,31,""
0,"8,1,17,1,78,1,0",87,30,""
0,"8,2,71,1,3",88,29,""
1,"8,1,171,1,0",88,29,""
0,"8,1,16,1,50,1,3",89,28,1
1,"8,4,39,1,0",89,28,""
0,"8,1,17,1,50,1,3",90,27,""
1,"8,4,40,1,0",90,27,""
0,"8,1,125,1,3",91,26,""
1,"16,1,137,1,0",91,26,""
2,"8,3,17,1,20,1,0",91,26,""
0,"8,4,16,1,3",92,25,""
1,"16,1,138,1,0",92,25,0
2,"8,3,63,1,0",92,25,""
3,"0,1,244,1,0",92,25,""
0,"8,4,17,1,3",93,24,""
1,"17,1,138,1,0",93,24,1
2,"8,4,9,1,13,1,0",93,24,""
0,"184,1,3",94,23,"0,1"
1,"8,2,16,1,23,1,3",94,23,""
2,"8,3,9,1,32,1,0",94,23,""
3,"0,1,245,1,0",94,23,""
0,"185,1,3",95,22,0
1,"8,3,42,1,3",95,22,""
2,"0,4,167,1,2",95,22,""
3,"8,2,9,1,13,1,23,1,0",95,22,""
4,"8,3,64,1,0",95,22,""
5,"0,1,246,1,0",95,22,1
0,"8,3,13,2,3",96,21,""
1,"0,3,172,1,2",96,21,1
2,"8,1,9,1,13,1,51,1,0",96,21,""
3,"8,2,118,1,0",96,21,2
0,"8,2,13,1,32,1,3",97,20,""
1,"0,4,167,1,3",97,20,""
2,"9,1,13,4,0",97,20,""
3,"8,1,17,1,80,1,0",97,20,""
0,"8,1,13,2,23,1,3",98,19,""
1,"8,2,72,1,3",98,19,""
2,"0,3,172,1,3",98,19,0
3,"8,1,173,1,0",98,19,""
0,"13,2,51,1,3",99,18,""
1,"8,1,127,1,3",99,18,0
2,"0,4,169,1,3",99,18,""
3,"8,1,13,1,101,1,0",99,18,""
0,"20,1,80,1,3",100,17,""
1,"0,2,176,1,3",100,17,1
2,"13,2,80,1,0",100,17,""
0,"186,1,3",101,16,1
1,"254,1,0",101,16,1
0,124,102,15,"0,1"
1,"13,2,33",102,15,""
2,"27,1,69,1,3",102,15,""
3,"187,1,2",102,15,1
4,"255,1,0",102,15,1
0,"188,1,2",103,14,"1,4"
1,"0,2,8,1,20,1,69,1,0",103,14,""
0,"69,1,15",104,13,""
1,"187,1,3",104,13,""
2,"0,1,250,1,0",104,13,""
0,"188,1,3",105,12,1
1,"0,2,8,2,69,1,3",105,12,""
2,"0,2,23,1,69,1,2",105,12,""
0,125,106,11,3
1,"189,1,3",106,11,""
2,"0,2,22,1,69,1,3",106,11,""
0,126,107,10,""
1,"0,2,23,1,69,1,3",107,10,""
0,127,108,9,""
1,"2,1,69,1,10",108,9,""
2,"190,1,3",108,9,""
0,128,109,8,1
1,"191,1,3",109,8,1
2,"28,1,69,1,3",109,8,""
3,"48,1,69,1,0",109,8,""
0,"7,2,56",111,6,""
0,"18,1,56",112,5,""
1,"69,1,16",112,5,""
0,"0,118,0",0,118,""
0,"0,106,1",8,110,""
0,"0,103,2",12,106,""
0,"0,103,3",14,104,""
0,"0,10,210,1,0",79,39,""
0,"0,1,252,1,0",81,37,""
0,"0,1,253,1,0",82,36,0
0,"0,1,183,1,2",83,35,""
0,"0,1,182,1,3",84,34,""
0,"0,1,183,1,3",85,33,0
0,"62,1,18",88,30,""
1,"0,1,8,2,71,1,3",88,30,""
0,"0,1,8,1,16,1,50,1,3",89,29,0
0,"0,1,16,1,137,1,0",91,27,""
0,"0,1,16,1,138,1,0",92,26,0
1,"0,2,244,1,0",92,26,""
0,"1,1,244,1,0",93,25,""
1,"0,1,17,1,138,1,0",93,25,""
0,"0,1,184,1,3",94,24,""
1,"0,2,245,1,0",94,24,""
0,"0,1,185,1,3",95,23,0
1,"0,5,167,1,2",95,23,""
2,"0,1,8,3,64,1,0",95,23,""
3,"0,2,246,1,0",95,23,1
0,"1,1,246,1,0",96,22,""
1,"0,1,8,2,118,1,0",96,22,""
0,"0,5,167,1,3",97,21,""
0,"0,1,8,2,72,1,3",98,20,""
1,"0,4,172,1,3",98,20,""
0,"0,1,8,1,127,1,3",99,19,0
1,"0,5,169,1,3",99,19,""
0,"0,3,176,1,3",100,18,""
1,"1,1,5,1,187,1,0",100,18,""
0,"49,1,69,1,0",101,17,""
1,"0,1,254,1,0",101,17,""
0,"66,1,17",102,16,2
1,"0,1,187,1,2",102,16,2
2,"50,1,69,1,0",102,16,2
3,"13,2,83,1,0",102,16,""
4,"0,1,255,1,0",102,16,2
0,"0,1,188,1,2",103,15,"1,3"
1,"1,1,249,1,0",103,15,""
0,129,104,14,""
1,"0,1,187,1,3",104,14,""
0,"23,1,75,1,3",105,13,""
1,"0,1,188,1,3",105,13,1
2,"0,3,23,1,69,1,2",105,13,""
3,"1,1,250,1,0",105,13,""
0,"0,1,189,1,3",106,12,""
1,"7,1,188,1,0",106,12,""
0,"2,1,119",107,11,""
1,"0,3,23,1,69,1,3",107,11,""
0,"8,1,9,1,69,1,3",108,10,""
1,"0,1,190,1,3",108,10,""
0,"29,1,69,1,3",109,9,1
0,131,111,7,2
1,130,111,7,1
2,"69,1,17",111,7,2
0,132,112,6,""
0,133,114,4,0
0,"0,119,0",0,119,""
0,"0,107,1",8,111,""
0,"0,104,2",12,107,""
0,"0,104,3",14,105,""
0,"0,11,210,1,0",79,40,""
0,"256,1,0",80,39,""
0,"0,2,252,1,0",81,38,""
0,"0,2,253,1,0",82,37,""
0,"0,2,183,1,2",83,36,""
0,"0,2,182,1,3",84,35,""
0,"1,1,182,1,3",85,34,""
1,"0,2,183,1,3",85,34,""
0,"0,2,8,2,71,1,3",88,31,""
0,"0,2,8,1,16,1,50,1,3",89,30,""
0,"0,2,16,1,137,1,0",91,28,""
0,"0,2,16,1,138,1,0",92,27,""
0,"0,2,184,1,3",94,25,""
1,"0,3,245,1,0",94,25,""
0,"0,2,185,1,3",95,24,3
1,"257,1,0",95,24,"2,3,4"
2,"0,3,246,1,0",95,24,4
0,"0,2,8,2,118,1,0",96,23,""
0,"258,1,0",97,22,2
0,"0,5,172,1,3",98,21,""
1,"259,1,0",98,21,"2,3"
0,"0,2,8,1,127,1,3",99,20,""
1,"8,1,180,1,0",99,20,2
0,"64,1,18",100,19,""
1,"9,1,167,1,0",100,19,1
0,"193,1,3",101,18,0
1,"260,1,0",101,18,2
2,"0,2,254,1,0",101,18,""
0,"194,1,3",102,17,0
1,"0,2,187,1,2",102,17,""
2,"0,1,50,1,69,1,0",102,17,""
3,"0,2,255,1,0",102,17,""
0,"1,1,124",103,16,4
1,"1,1,27,1,69,1,3",103,16,""
2,"0,2,188,1,2",103,16,2
0,"30,1,69,1,3",104,15,""
1,"0,2,187,1,3",104,15,""
2,"195,1,2",104,15,""
0,"1,1,187,1,3",105,14,""
1,"0,2,188,1,3",105,14,2
2,"0,4,23,1,69,1,2",105,14,""
3,"209,1,1",105,14,""
0,"195,1,3",106,13,""
1,"0,1,7,1,188,1,0",106,13,""
0,"48,1,29",107,12,3
1,"1,1,189,1,3",107,12,""
2,"0,4,23,1,69,1,3",107,12,""
3,"261,1,0",107,12,3
0,134,108,11,0
1,"0,1,8,1,9,1,69,1,3",108,11,""
2,"262,1,0",108,11,""
0,"0,1,29,1,69,1,3",109,10,1
0,135,110,9,1
1,"197,1,3",110,9,""
2,"1,1,48,1,69,1,0",110,9,""
0,"0,1,131",111,8,""
1,"198,1,3",111,8,3
2,"53,1,69,1,0",111,8,""
0,"0,1,132",112,7,""
1,"264,1,0",112,7,2
0,"3,1,163,1,3",113,6,""
0,"7,1,143,1,3",114,5,1
0,"0,120,0",0,120,""
0,"0,108,1",8,112,""
0,"0,105,2",12,108,""
0,"0,105,3",14,106,""
0,"0,3,183,1,2",83,37,""
0,"8,1,182,1,0",84,36,""
0,"0,3,183,1,3",85,35,""
1,"8,1,183,1,0",85,35,0
0,"17,1,111,1,1",86,34,""
0,"199,1,3",87,33,0
1,"210,1,1",87,33,0
2,"265,1,0",87,33,""
0,"200,1,3",88,32,0
1,"8,3,71,1,0",88,32,""
0,"8,2,16,1,50,1,0",89,31,""
0,"8,2,17,1,50,1,0",90,30,""
0,136,91,29,0
1,"8,2,77,1,3",91,29,""
2,"8,2,125,1,0",91,29,""
0,"8,2,78,1,3",92,28,""
1,"8,5,16,1,0",92,28,""
0,"8,1,17,1,56,1,3",93,27,""
1,"8,5,17,1,0",93,27,""
0,"8,1,136,1,3",94,26,""
1,"8,1,184,1,0",94,26,""
2,"8,3,16,1,23,1,0",94,26,""
3,"1,2,244,1,0",94,26,""
4,"0,4,245,1,0",94,26,""
0,"8,4,19,1,3",95,25,""
1,"8,1,185,1,0",95,25,1
2,"8,4,42,1,0",95,25,""
3,"0,1,257,1,0",95,25,2
4,"0,4,246,1,0",95,25,2
0,"8,4,20,1,3",96,24,""
1,"17,1,147,1,0",96,24,"1,2"
2,"8,4,13,2,0",96,24,""
0,"8,1,137,1,3",97,23,""
1,"8,3,45,1,3",97,23,""
2,"8,3,13,1,32,1,0",97,23,""
3,"0,1,258,1,0",97,23,""
0,"8,1,138,1,3",98,22,0
1,"8,3,46,1,3",98,22,""
2,"8,2,13,2,23,1,0",98,22,""
3,"8,3,72,1,0",98,22,""
0,"8,2,9,1,13,2,3",99,21,""
1,"8,1,13,2,51,1,0",99,21,""
2,"8,2,127,1,0",99,21,""
0,"8,1,9,1,13,1,32,1,3",100,20,""
1,"13,5,0",100,20,""
2,"8,1,20,1,80,1,0",100,20,""
0,"9,1,13,2,23,1,3",101,19,""
1,"8,2,79,1,3",101,19,""
2,"8,1,186,1,0",101,19,""
3,"0,1,260,1,0",101,19,""
0,137,102,18,"0,1,2"
1,"8,2,80,1,3",102,18,1
2,"0,3,187,1,2",102,18,""
3,"9,1,13,1,101,1,0",102,18,""
4,"0,2,50,1,69,1,0",102,18,""
0,"13,1,32,1,17",103,17,""
1,"22,1,80,1,3",103,17,""
2,"0,3,188,1,2",103,17,1
0,"23,1,80,1,3",104,16,""
1,"0,1,30,1,69,1,3",104,16,""
2,"0,3,187,1,3",104,16,""
3,"0,1,195,1,2",104,16,""
4,"8,1,187,1,0",104,16,""
0,"3,1,110",105,15,2
1,"0,3,188,1,3",105,15,1
2,"0,1,209,1,1",105,15,""
3,"266,1,0",105,15,""
4,"8,1,188,1,0",105,15,4
0,"188,1,4",106,14,1
1,"0,1,195,1,3",106,14,""
2,"267,1,0",106,14,3
3,"0,2,7,1,188,1,0",106,14,""
0,"67,1,20",107,13,""
1,"201,1,3",107,13,"1,3"
2,"0,5,23,1,69,1,3",107,13,""
0,"68,1,20",108,12,1
1,"0,2,8,1,9,1,69,1,3",108,12,""
0,138,109,11,""
1,"67,1,21",109,11,""
2,"190,1,4",109,11,""
3,"202,1,3",109,11,""
4,"0,2,29,1,69,1,3",109,11,""
0,139,110,10,""
1,"68,1,21",110,10,1
2,"69,1,18",110,10,""
3,"0,1,197,1,3",110,10,""
4,"269,1,0",110,10,""
5,"2,1,251,1,0",110,10,""
0,"68,1,22",111,9,""
1,"0,1,198,1,3",111,9,""
2,"0,1,53,1,69,1,0",111,9,""
0,"1,1,130",112,8,""
1,"69,1,19",112,8,""
2,"0,1,264,1,0",112,8,""
0,"69,1,20",113,7,2
1,"0,1,3,1,163,1,3",113,7,""
2,"54,1,69,1,0",113,7,""
0,"0,1,7,1,143,1,3",114,6,""
1,"273,1,0",114,6,""
0,"69,1,21",115,5,""
1,"163,1,5",115,5,""
0,"69,1,22",116,4,"1,2"
0,"0,121,0",0,121,""
0,"0,109,1",8,113,""
0,"0,106,2",12,109,""
0,"0,106,3",14,107,""
0,"1,1,256,1,0",81,40,""
0,"0,4,183,1,2",83,38,""
0,"0,1,8,1,182,1,0",84,37,""
0,"0,4,183,1,3",85,36,""
1,"0,1,8,1,183,1,0",85,36,0
0,"0,1,17,1,111,1,1",86,35,""
0,"0,1,199,1,3",87,34,""
1,"0,1,210,1,1",87,34,""
0,"0,1,200,1,3",88,33,0
0,140,90,31,""
0,"0,1,136",91,30,0
0,141,94,27,""
1,"0,1,8,1,184,1,0",94,27,""
2,"0,5,245,1,0",94,27,""
0,"0,1,8,1,185,1,0",95,26,0
1,"0,2,257,1,0",95,26,1
2,"0,5,246,1,0",95,26,1
0,"0,1,17,1,147,1,0",96,25,""
0,"0,1,8,1,137,1,3",97,24,""
0,"0,1,8,1,138,1,3",98,23,0
0,"5,1,149,1,3",99,22,""
0,"1,1,64,1,18",101,20,""
1,"0,1,8,2,79,1,3",101,20,""
2,"0,2,260,1,0",101,20,""
0,"0,1,8,2,80,1,3",102,19,""
1,"0,4,187,1,2",102,19,""
2,"274,1,0",102,19,""
3,"1,1,260,1,0",102,19,""
0,"0,4,188,1,2",103,18,2
0,"0,2,30,1,69,1,3",104,17,""
1,"0,4,187,1,3",104,17,""
2,"0,2,195,1,2",104,17,""
3,"55,1,69,1,0",104,17,""
4,"0,1,8,1,187,1,0",104,17,""
0,"0,4,188,1,3",105,16,1
1,"0,2,209,1,1",105,16,""
2,"56,1,69,1,0",105,16,3
3,"0,1,266,1,0",105,16,""
4,"0,1,8,1,188,1,0",105,16,3
0,"0,2,195,1,3",106,15,""
1,"2,1,188,1,2",106,15,""
2,"13,2,95,1,0",106,15,""
3,"5,1,209,1,0",106,15,""
4,"0,1,267,1,0",106,15,""
0,"31,1,69,1,3",107,14,""
1,"1,1,195,1,3",107,14,""
2,"0,1,201,1,3",107,14,""
0,"0,1,68,1,20",108,13,""
1,"2,1,188,1,3",108,13,1
2,"1,1,261,1,0",108,13,""
0,"75,1,17",109,12,""
1,"0,1,202,1,3",109,12,""
2,"275,1,0",109,12,""
0,"2,1,126",110,11,""
0,"8,1,13,1,69,1,3",111,10,""
0,"32,1,69,1,3",112,9,3
1,"2,1,191,1,3",112,9,""
2,"34,1,69,1,2",112,9,""
0,142,113,8,""
1,"0,1,69,1,20",113,8,3
2,"203,1,3",113,8,""
0,"34,1,69,1,3",114,7,""
0,"0,1,163,1,5",115,6,""
1,"35,1,69,1,3",115,6,""
2,"57,1,69,1,0",115,6,""
0,"0,1,69,1,22",116,5,""
0,"0,122,0",0,122,""
0,"0,110,1",8,114,""
0,"0,107,2",12,110,""
0,"0,107,3",14,108,""
0,"276,1,0",81,41,""
0,"0,5,183,1,2",83,39,""
0,"0,2,8,1,182,1,0",84,38,""
0,"0,5,183,1,3",85,37,""
1,"0,2,8,1,183,1,0",85,37,""
0,"205,1,3",86,36,""
0,"0,2,199,1,3",87,35,""
1,"0,2,210,1,1",87,35,""
0,"0,2,200,1,3",88,34,""
1,"1,1,265,1,0",88,34,""
0,"0,1,140",90,32,""
0,"0,2,136",91,31,"1,2"
0,"0,2,8,1,184,1,0",94,28,""
1,"0,6,245,1,0",94,28,""
0,"0,2,8,1,185,1,0",95,27,""
1,"0,6,246,1,0",95,27,3
0,"0,2,8,1,137,1,3",97,25,""
0,"0,2,8,1,138,1,3",98,24,""
1,"16,1,149,1,0",98,24,2
0,"17,1,149,1,0",99,23,"2,3"
0,"277,1,0",100,22,2
0,"206,1,3",101,21,"1,2"
1,"8,1,193,1,0",101,21,4
0,"0,2,8,2,80,1,3",102,20,""
1,"8,1,194,1,0",102,20,3
2,"0,1,274,1,0",102,20,""
0,"207,1,3",103,19,1
1,"0,5,188,1,2",103,19,4
2,"13,1,167,1,0",103,19,2
0,"208,1,3",104,18,"0,2"
1,"0,5,187,1,3",104,18,""
2,"278,1,0",104,18,"1,2"
3,"0,2,8,1,187,1,0",104,18,""
0,"0,5,188,1,3",105,17,2
1,"0,1,56,1,69,1,0",105,17,""
2,"0,2,8,1,188,1,0",105,17,""
0,"0,2,267,1,0",106,16,""
0,"0,1,31,1,69,1,3",107,15,""
1,"0,2,201,1,3",107,15,""
0,"0,1,2,1,188,1,3",108,14,3
1,"279,1,0",108,14,3
0,143,109,13,"0,1"
1,"209,1,2",109,13,""
2,"280,1,0",109,13,""
0,144,110,12,"0,1"
1,"2,2,119",110,12,""
2,"3,1,118",110,12,0
0,"3,1,119",111,11,""
1,"1,1,69,1,18",111,11,""
2,"209,1,3",111,11,""
3,"0,1,8,1,13,1,69,1,3",111,11,""
4,"1,1,269,1,0",111,11,""
0,145,112,10,"1,3"
1,"3,1,174,1,3",112,10,3
2,"0,1,32,1,69,1,3",112,10,3
3,"0,1,34,1,69,1,2",112,10,""
4,"281,1,0",112,10,""
0,147,113,9,"2,3,4"
1,146,113,9,3
2,"0,2,69,1,20",113,9,3
3,"0,1,203,1,3",113,9,""
4,"282,1,0",113,9,""
0,148,114,8,0
1,"2,1,131",114,8,""
2,"2,1,130",114,8,2
3,"2,1,69,1,17",114,8,""
4,"0,1,34,1,69,1,3",114,8,""
0,150,115,7,""
1,149,115,7,""
2,"69,1,23",115,7,""
3,"0,2,163,1,5",115,7,""
0,151,116,6,0
1,"1,1,163,1,5",116,6,""
0,"2,1,133",117,5,""
0,"69,1,24",118,4,0
0,"0,123,0",0,123,""
0,"0,111,1",8,115,""
0,"0,108,2",12,111,""
0,"0,108,3",14,109,""
0,"0,3,210,1,1",87,36,""
1,"8,1,199,1,0",87,36,""
0,"8,1,200,1,0",88,35,2
0,"17,1,153,1,0",89,34,""
0,"8,1,145,1,3",90,33,""
1,"17,1,111,1,2",90,33,0
2,"283,1,0",90,33,0
0,"16,1,111,1,3",91,32,0
1,"210,1,2",91,32,1
2,"8,3,77,1,0",91,32,""
0,"17,1,111,1,3",92,31,""
1,"8,3,78,1,0",92,31,""
0,"211,1,3",93,30,0
1,"210,1,3",93,30,0
2,"224,1,1",93,30,""
3,"8,2,17,1,56,1,0",93,30,""
0,"8,3,49,1,3",94,29,""
1,"225,1,1",94,29,1
2,"8,2,136,1,0",94,29,""
3,"0,7,245,1,0",94,29,""
0,"62,1,25",95,28,""
1,"8,3,50,1,3",95,28,""
2,"8,5,19,1,0",95,28,""
3,"0,7,246,1,0",95,28,1
0,"8,1,16,1,17,2,3",96,27,""
1,"8,5,20,1,0",96,27,""
0,"8,2,88,1,3",97,26,""
1,"8,2,137,1,0",97,26,""
2,"8,4,45,1,0",97,26,""
0,"8,6,3",98,25,""
1,"8,2,138,1,0",98,25,0
2,"8,4,46,1,0",98,25,""
3,"0,1,16,1,149,1,0",98,25,""
0,"8,4,22,1,3",99,24,""
1,"16,1,154,1,0",99,24,1
2,"8,3,9,1,13,2,0",99,24,""
3,"0,1,17,1,149,1,0",99,24,1
0,"8,1,146,1,3",100,23,""
1,"8,4,23,1,3",100,23,""
2,"59,1,64,1,0",100,23,""
3,"17,1,154,1,0",100,23,""
4,"8,2,9,1,13,1,32,1,0",100,23,""
0,"8,1,147,1,3",101,22,0
1,"8,3,51,1,3",101,22,""
2,"0,1,206,1,3",101,22,""
3,"8,1,9,1,13,2,23,1,0",101,22,""
4,"8,3,79,1,0",101,22,""
0,"17,1,113,1,3",102,21,1
1,"8,2,13,3,3",102,21,""
2,"9,1,13,2,51,1,0",102,21,""
3,"8,3,80,1,0",102,21,""
4,"0,2,274,1,0",102,21,""
0,"8,1,13,2,32,1,3",103,20,""
1,"8,1,22,1,80,1,0",103,20,""
2,"1,2,260,1,0",103,20,""
0,"13,3,23,1,3",104,19,""
1,"8,2,89,1,3",104,19,""
2,"0,6,187,1,3",104,19,""
3,"8,1,23,1,80,1,0",104,19,""
4,"0,1,278,1,0",104,19,""
0,"8,1,9,1,80,1,3",105,18,0
1,"0,6,188,1,3",105,18,0
2,"13,2,101,1,0",105,18,""
3,"0,2,56,1,69,1,0",105,18,""
0,"23,1,89,1,3",106,17,""
0,"51,1,33",107,16,""
1,"0,2,31,1,69,1,3",107,16,""
2,"8,1,201,1,0",107,16,""
3,"1,1,5,1,209,1,0",107,16,""
0,"1,1,31,1,69,1,3",108,15,""
1,"284,1,0",108,15,""
2,"9,1,188,1,0",108,15,2
0,"2,1,195,1,3",109,14,""
1,"0,1,209,1,2",109,14,""
2,"286,1,0",109,14,1
3,"285,1,0",109,14,1
0,"0,1,144",110,13,"0,2,3"
1,"212,1,3",110,13,"2,3"
2,"287,1,0",110,13,"2,3"
3,"1,1,275,1,0",110,13,""
0,152,111,12,6
1,"74,1,20",111,12,""
2,"0,1,209,1,3",111,12,""
3,"0,2,8,1,13,1,69,1,3",111,12,""
0,"0,1,145",112,11,""
1,"0,1,3,1,174,1,3",112,11,""
2,"0,2,32,1,69,1,3",112,11,""
3,"0,2,34,1,69,1,2",112,11,""
4,"7,1,209,1,0",112,11,""
0,"74,1,21",113,10,""
1,"213,1,3",113,10,""
2,"0,2,203,1,3",113,10,""
3,"36,1,69,1,2",113,10,""
4,"288,1,0",113,10,""
0,"2,1,198,1,3",114,9,""
1,"1,1,203,1,3",114,9,""
2,"0,2,34,1,69,1,3",114,9,""
3,"289,1,0",114,9,""
4,"2,1,53,1,69,1,0",114,9,""
0,"214,1,3",115,8,""
1,"36,1,69,1,3",115,8,2
2,"2,1,264,1,0",115,8,""
0,"70,1,24",116,7,""
0,"37,1,69,1,3",117,6,""
0,"38,1,69,1,3",118,5,2
0,"0,124,0",0,124,""
0,"0,112,1",8,116,""
0,"0,109,2",12,112,""
0,"0,109,3",14,110,""
0,"1,1,276,1,0",82,42,""
0,"290,1,0",83,41,""
0,"1,1,205,1,3",87,37,""
1,"0,4,210,1,1",87,37,""
2,"0,1,8,1,199,1,0",87,37,""
0,"0,1,8,1,200,1,0",88,36,2
0,"0,1,17,1,153,1,0",89,35,""
0,"0,1,8,1,145,1,3",90,34,""
1,"0,1,17,1,111,1,2",90,34,""
0,"0,1,16,1,111,1,3",91,33,0
1,"0,1,210,1,2",91,33,1
0,"0,1,17,1,111,1,3",92,32,""
0,"0,1,210,1,3",93,31,0
1,"0,1,224,1,1",93,31,""
0,"0,1,225,1,1",94,30,1
1,"0,8,245,1,0",94,30,""
0,"0,8,246,1,0",95,29,2
0,"0,1,8,2,137,1,0",97,27,""
0,"0,1,8,2,138,1,0",98,26,""
1,"0,2,16,1,149,1,0",98,26,""
0,"0,2,17,1,149,1,0",99,25,""
0,"0,1,8,1,146,1,3",100,24,""
0,"0,1,8,1,147,1,3",101,23,0
1,"0,2,206,1,3",101,23,""
0,"0,1,17,1,113,1,3",102,22,2
0,153,103,21,""
0,"0,7,187,1,3",104,20,""
1,"0,2,278,1,0",104,20,""
0,"0,7,188,1,3",105,19,""
1,"1,1,278,1,0",105,19,""
0,"64,1,25",107,17,""
1,"13,2,105,1,0",107,17,""
2,"0,1,8,1,201,1,0",107,17,""
0,"215,1,3",108,16,""
1,"0,1,284,1,0",108,16,""
2,"0,1,9,1,188,1,0",108,16,2
0,"0,2,209,1,2",109,15,""
1,"1,1,279,1,0",109,15,""
2,"0,1,286,1,0",109,15,1
3,"0,1,285,1,0",109,15,1
0,"0,2,144",110,14,1
1,"1,1,143",110,14,2
2,"39,1,69,1,3",110,14,""
3,"13,1,133,1,3",110,14,""
4,"0,1,212,1,3",110,14,""
5,"59,1,69,1,0",110,14,""
6,"1,1,280,1,0",110,14,""
0,154,111,13,1
1,"40,1,69,1,3",111,13,1
2,"0,2,209,1,3",111,13,""
0,155,112,12,""
1,"0,2,145",112,12,""
2,"1,1,209,1,3",112,12,""
0,"1,1,281,1,0",113,11,""
0,"1,1,147",114,10,""
1,"9,1,13,1,69,1,3",114,10,""
2,"0,3,34,1,69,1,3",114,10,""
0,156,115,9,2
1,"216,1,3",115,9,""
2,"0,1,36,1,69,1,3",115,9,2
0,159,116,8,""
1,158,116,8,1
2,157,116,8,0
3,"2,1,54,1,69,1,0",116,8,""
0,161,117,7,""
1,160,117,7,""
2,"0,1,37,1,69,1,3",117,7,""
3,"2,1,273,1,0",117,7,""
0,162,118,6,""
1,"0,1,38,1,69,1,3",118,6,""
0,"2,1,69,1,22",119,5,""
0,"0,125,0",0,125,""
0,"0,113,1",8,117,""
0,"0,110,2",12,113,""
0,"0,110,3",14,111,""
0,"0,1,290,1,0",83,42,""
0,"217,1,3",87,38,""
1,"0,5,210,1,1",87,38,""
2,"0,2,8,1,199,1,0",87,38,""
0,"0,2,8,1,200,1,0",88,37,""
0,163,89,36,""
0,"0,2,8,1,145,1,3",90,35,""
1,"0,2,17,1,111,1,2",90,35,""
0,"0,2,16,1,111,1,3",91,34,""
1,"0,2,210,1,2",91,34,0
0,"0,2,17,1,111,1,3",92,33,""
0,"0,2,210,1,3",93,32,0
1,"0,2,224,1,1",93,32,""
0,"0,2,225,1,1",94,31,""
1,"5,1,224,1,0",94,31,""
2,"0,9,245,1,0",94,31,""
0,"0,9,246,1,0",95,30,2
0,"0,2,8,2,138,1,0",98,27,""
0,"0,2,8,1,146,1,3",100,25,""
0,"0,2,8,1,147,1,3",101,24,""
1,"8,1,206,1,0",101,24,3
2,"1,1,59,1,64,1,0",101,24,""
0,"17,1,160,1,0",102,23,3
0,"8,1,207,1,0",103,22,2
0,"8,1,149,1,3",104,21,1
1,"8,1,208,1,0",104,21,3
0,"0,8,188,1,3",105,20,""
1,"9,1,194,1,0",105,20,4
0,"218,1,3",106,19,1
0,"219,1,3",107,18,1
1,"291,1,0",107,18,3
2,"0,2,8,1,201,1,0",107,18,""
0,"292,1,0",108,17,"2,3"
1,"0,2,284,1,0",108,17,""
2,"0,2,9,1,188,1,0",108,17,""
0,164,109,16,0
1,"0,3,209,1,2",109,16,""
2,"0,2,285,1,0",109,16,""
0,165,110,15,"0,4"
1,"0,1,39,1,69,1,3",110,15,""
2,"0,2,212,1,3",110,15,""
3,"3,1,188,1,2",110,15,2
4,"293,1,0",110,15,""
5,"0,1,59,1,69,1,0",110,15,""
0,"0,1,154",111,14,"4,6"
1,"1,1,212,1,3",111,14,""
2,"0,1,40,1,69,1,3",111,14,"4,6"
3,"0,3,209,1,3",111,14,""
4,"8,1,209,1,0",111,14,""
0,"3,1,188,1,3",112,13,2
1,"221,1,2",112,13,""
2,"235,1,1",112,13,5
3,"294,1,0",112,13,""
4,"2,1,275,1,0",112,13,""
0,166,113,12,1
1,"3,1,189,1,3",113,12,""
0,"3,1,126",114,11,""
1,"221,1,3",114,11,1
2,"0,4,34,1,69,1,3",114,11,""
0,"3,1,190,1,3",115,10,""
1,"0,1,216,1,3",115,10,""
2,"0,2,36,1,69,1,3",115,10,1
0,"3,1,128",116,9,0
1,"3,1,191,1,3",116,9,0
0,"0,1,160",117,8,""
1,"69,1,25",117,8,""
0,"0,126,0",0,126,""
0,"0,114,1",8,118,""
0,"0,111,2",12,114,""
0,"0,111,3",14,112,""
0,"0,2,290,1,0",83,43,""
0,"295,1,0",86,40,""
0,"0,6,210,1,1",87,39,""
1,"296,1,0",87,39,0
0,"0,3,17,1,111,1,2",90,36,""
1,"8,2,145,1,0",90,36,""
0,"0,3,210,1,2",91,35,0
1,"8,1,16,1,111,1,0",91,35,1
0,"0,3,17,1,111,1,3",92,34,""
1,"8,1,17,1,111,1,0",92,34,""
0,"8,1,152,1,3",93,33,""
1,"0,3,210,1,3",93,33,0
2,"8,1,211,1,0",93,33,""
0,"8,1,153,1,3",94,32,0
1,"8,4,49,1,0",94,32,""
2,"0,10,245,1,0",94,32,""
0,"17,1,117,1,3",95,31,""
1,"8,4,50,1,0",95,31,""
2,"0,10,246,1,0",95,31,1
0,"223,1,3",96,30,0
1,"297,1,0",96,30,0
2,"8,2,16,1,17,2,0",96,30,""
0,"8,3,55,1,3",97,29,""
1,"224,1,2",97,29,0
2,"298,1,0",97,29,0
3,"8,3,88,1,0",97,29,""
0,"8,3,56,1,3",98,28,""
1,"225,1,2",98,28,"0,1"
2,"8,7,0",98,28,""
0,"224,1,3",99,27,""
1,"8,2,17,1,40,1,3",99,27,""
2,"8,5,22,1,0",99,27,""
0,"225,1,3",100,26,0
1,"8,2,100,1,3",100,26,""
2,"8,2,146,1,0",100,26,""
3,"8,5,23,1,0",100,26,""
0,167,101,25,1
1,"8,5,9,1,3",101,25,""
2,"8,2,147,1,0",101,25,1
3,"8,4,51,1,0",101,25,""
0,"8,4,29,1,3",102,24,""
1,"8,1,17,1,113,1,0",102,24,""
2,"8,3,13,3,0",102,24,""
0,"8,1,16,1,64,1,3",103,23,""
1,"8,3,9,1,23,1,3",103,23,""
2,"17,1,162,1,0",103,23,""
3,"8,2,13,2,32,1,0",103,23,""
0,"5,1,108",104,22,""
1,"8,1,17,1,64,1,3",104,22,0
2,"8,2,9,1,51,1,3",104,22,""
3,"0,1,8,1,149,1,3",104,22,""
4,"8,1,13,3,23,1,0",104,22,""
5,"8,3,89,1,0",104,22,""
0,"8,1,154,1,3",105,21,1
1,"8,1,9,1,13,3,3",105,21,""
2,"13,3,51,1,0",105,21,""
3,"8,2,9,1,80,1,0",105,21,""
0,"42,1,64,1,3",106,20,""
1,"9,1,13,2,32,1,3",106,20,""
2,"64,2,0",106,20,""
3,"8,1,23,1,89,1,0",106,20,""
0,"8,2,101,1,3",107,19,""
1,"299,1,0",107,19,0
2,"9,1,23,1,80,1,0",107,19,""
3,"0,1,291,1,0",107,19,""
0,"81,1,18",108,18,""
1,"13,3,17",108,18,""
2,"8,1,13,1,80,1,3",108,18,""
3,"0,1,292,1,0",108,18,1
0,"23,1,101,1,3",109,17,""
1,"1,1,215,1,3",109,17,""
2,"0,4,209,1,2",109,17,""
3,"301,1,0",109,17,""
4,"300,1,0",109,17,""
0,"0,1,165",110,16,1
1,"226,1,3",110,16,""
2,"0,1,3,1,188,1,2",110,16,"0,1"
3,"303,1,0",110,16,""
4,"302,1,0",110,16,""
5,"8,1,212,1,0",110,16,""
6,"0,2,59,1,69,1,0",110,16,""
0,"169,1,6",111,15,""
1,"0,2,40,1,69,1,3",111,15,""
2,"0,4,209,1,3",111,15,""
3,"304,1,0",111,15,""
4,"13,1,188,1,0",111,15,3
5,"0,1,8,1,209,1,0",111,15,""
0,"0,1,3,1,188,1,3",112,14,1
1,"0,1,235,1,1",112,14,""
2,"306,1,0",112,14,4
0,"1,2,209,1,3",113,13,""
1,"0,1,3,1,189,1,3",113,13,""
2,"308,1,0",113,13,2
3,"307,1,0",113,13,""
0,"0,1,221,1,3",114,12,""
1,"0,5,34,1,69,1,3",114,12,""
2,"309,1,0",114,12,""
3,"13,1,190,1,0",114,12,""
0,"0,2,216,1,3",115,11,""
1,"0,3,36,1,69,1,3",115,11,""
2,"310,1,0",115,11,""
0,168,116,10,2
0,"2,2,69,1,17",117,9,""
1,"190,1,5",117,9,""
0,"3,1,131",118,8,""
1,"3,1,130",118,8,2
0,169,119,7,""
1,"69,1,27",119,7,""
0,171,120,6,""
1,170,120,6,"0,2"
0,"3,1,133",121,5,""
0,"0,127,0",0,127,""
0,"0,115,1",8,119,""
0,"0,112,2",12,115,""
0,"0,112,3",14,113,""
0,"0,1,295,1,0",86,41,""
0,"0,7,210,1,1",87,40,""
1,"0,1,296,1,0",87,40,0
0,"1,1,217,1,3",88,39,""
0,"227,1,3",89,38,""
0,"0,4,17,1,111,1,2",90,37,""
1,"0,1,8,2,145,1,0",90,37,""
0,"0,4,210,1,2",91,36,0
1,"0,1,8,1,16,1,111,1,0",91,36,0
0,"0,4,17,1,111,1,3",92,35,""
0,"0,1,8,1,152,1,3",93,34,""
1,"0,4,210,1,3",93,34,0
0,"0,1,8,1,153,1,3",94,33,0
1,"0,11,245,1,0",94,33,""
0,"1,1,5,1,224,1,0",95,32,""
1,"0,11,246,1,0",95,32,1
0,"0,1,297,1,0",96,31,""
0,"0,1,224,1,2",97,30,0
1,"0,1,298,1,0",97,30,0
0,"0,1,225,1,2",98,29,"0,1"
0,"0,1,224,1,3",99,28,""
0,"0,1,225,1,3",100,27,0
1,"0,1,8,2,146,1,0",100,27,""
0,"0,1,8,2,147,1,0",101,26,""
0,"0,1,8,1,16,1,64,1,3",103,24,""
0,"0,1,8,1,17,1,64,1,3",104,23,0
1,"0,2,8,1,149,1,3",104,23,""
0,"0,1,8,1,154,1,3",105,22,""
0,"0,1,64,2,0",106,21,""
0,"0,1,299,1,0",107,20,""
1,"0,2,291,1,0",107,20,""
0,"0,2,292,1,0",108,19,""
0,"0,1,301,1,0",109,18,""
1,"0,1,300,1,0",109,18,""
0,"0,2,165",110,17,2
1,"0,1,226,1,3",110,17,""
2,"0,2,3,1,188,1,2",110,17,"1,2"
3,"0,1,8,1,212,1,0",110,17,""
4,"0,3,59,1,69,1,0",110,17,""
0,"1,1,165",111,16,3
1,"0,5,209,1,3",111,16,""
2,"13,1,23,1,75,1,0",111,16,""
3,"1,1,293,1,0",111,16,""
4,"0,1,304,1,0",111,16,""
5,"0,1,13,1,188,1,0",111,16,4
0,"0,2,3,1,188,1,3",112,15,1
1,"2,1,286,1,0",112,15,2
2,"1,1,8,1,209,1,0",112,15,""
3,"0,1,306,1,0",112,15,2
0,"3,1,195,1,3",113,14,""
1,"2,1,212,1,3",113,14,""
2,"0,1,308,1,0",113,14,""
0,"95,1,17",114,13,""
1,"8,1,17,1,69,1,3",114,13,"0,1"
2,"0,2,221,1,3",114,13,""
0,"3,1,134",115,12,2
1,"229,1,3",115,12,4
2,"43,1,67,1,3",115,12,""
0,173,116,11,""
1,172,116,11,1
2,"43,1,68,1,3",116,11,1
3,"42,1,69,1,3",116,11,""
4,"64,1,69,1,0",116,11,""
0,174,117,10,""
1,"174,1,6",117,10,""
2,"3,1,197,1,3",117,10,""
3,"312,1,0",117,10,4
4,"311,1,0",117,10,""
0,"0,1,3,1,131",118,9,""
1,"1,1,69,1,25",118,9,""
2,"3,1,198,1,3",118,9,1
3,"314,1,0",118,9,4
4,"313,1,0",118,9,""
0,"0,1,169",119,8,""
1,"230,1,3",119,8,""
2,"7,1,163,1,2",119,8,""
0,"0,1,170",120,7,1
1,"231,1,3",120,7,""
0,"7,1,163,1,3",121,6,""
0,"0,128,0",0,128,""
0,"0,116,1",8,120,""
0,"0,113,2",12,116,""
0,"0,113,3",14,114,""
0,"0,2,295,1,0",86,42,""
0,"1,1,295,1,0",87,41,""
1,"0,2,296,1,0",87,41,""
0,"0,1,227,1,3",89,39,""
0,"0,2,8,2,145,1,0",90,38,""
0,"0,5,210,1,2",91,37,""
1,"0,2,8,1,16,1,111,1,0",91,37,""
0,"0,5,17,1,111,1,3",92,36,""
0,"0,2,8,1,152,1,3",93,35,""
1,"0,5,210,1,3",93,35,""
0,"0,2,8,1,153,1,3",94,34,""
1,"0,12,245,1,0",94,34,""
0,175,95,33,""
1,"0,12,246,1,0",95,33,1
0,"0,2,297,1,0",96,32,""
0,"0,2,224,1,2",97,31,""
1,"0,2,298,1,0",97,31,""
0,"0,2,225,1,2",98,30,1
0,"0,2,224,1,3",99,29,""
0,"1,1,224,1,3",100,28,""
1,"0,2,225,1,3",100,28,1
2,"244,1,1",100,28,3
0,"0,2,8,2,147,1,0",101,27,""
0,"137,1,8",102,26,""
1,"245,1,1",102,26,2
0,"0,2,8,1,16,1,64,1,3",103,25,""
1,"246,1,1",103,25,2
2,"315,1,0",103,25,3
0,"0,2,8,1,17,1,64,1,3",104,24,""
1,"8,2,149,1,0",104,24,4
0,"16,1,167,1,0",105,23,2
0,"8,1,218,1,0",106,22,2
0,"8,1,160,1,3",107,21,2
1,"8,1,219,1,0",107,21,4
2,"1,1,64,2,0",107,21,""
3,"0,2,299,1,0",107,21,""
0,"232,1,3",108,20,2
1,"13,1,194,1,0",108,20,3
0,"233,1,3",109,19,1
1,"0,2,301,1,0",109,19,""
2,"0,2,300,1,0",109,19,""
0,"0,2,226,1,3",110,18,""
1,"317,1,0",110,18,"3,4"
2,"316,1,0",110,18,3
3,"1,1,300,1,0",110,18,""
4,"0,4,59,1,69,1,0",110,18,""
0,176,111,17,"3,5"
1,"0,6,209,1,3",111,17,""
2,"0,2,304,1,0",111,17,""
3,"0,2,13,1,188,1,0",111,17,""
0,"0,3,3,1,188,1,3",112,16,""
1,"318,1,0",112,16,""
2,"0,2,306,1,0",112,16,""
0,"0,1,3,1,195,1,3",113,15,""
1,"0,1,2,1,212,1,3",113,15,""
0,"234,1,3",114,14,""
1,"0,1,8,1,17,1,69,1,3",114,14,1
2,"67,2,0",114,14,""
3,"9,1,209,1,0",114,14,""
4,"1,1,308,1,0",114,14,""
0,"2,1,155",115,13,""
1,"0,1,43,1,67,1,3",115,13,""
2,"319,1,0",115,13,2
3,"67,1,68,1,0",115,13,2
0,177,116,12,1
1,"0,1,43,1,68,1,3",116,12,""
2,"235,1,2",116,12,""
3,"68,2,0",116,12,""
4,"0,1,64,1,69,1,0",116,12,""
0,"0,1,174,1,6",117,11,""
1,"0,1,3,1,197,1,3",117,11,""
2,"320,1,0",117,11,""
3,"0,1,312,1,0",117,11,2
4,"0,1,311,1,0",117,11,""
0,178,118,10,"0,1,2"
1,"107,1,14",118,10,""
2,"235,1,3",118,10,"1,2"
3,"0,1,3,1,198,1,3",118,10,""
4,"321,1,0",118,10,""
5,"0,1,314,1,0",118,10,3
0,"0,1,230,1,3",119,9,""
1,"0,1,7,1,163,1,2",119,9,""
2,"322,1,0",119,9,""
0,"3,1,69,1,20",120,8,2
1,"198,1,5",120,8,""
2,"67,1,69,1,0",120,8,""
0,"0,1,7,1,163,1,3",121,7,""
1,"323,1,0",121,7,""
2,"68,1,69,1,0",121,7,""
0,"3,1,69,1,21",122,6,""
0,"3,1,69,1,22",123,5,1
0,"69,2,0",126,2,""
0,"324,1,0",127,1,0
0,"0,129,0",0,129,""
0,"0,117,1",8,121,""
0,"0,114,2",12,117,""
0,"0,114,3",14,115,""
0,"0,3,296,1,0",87,42,""
0,"0,2,227,1,3",89,40,""
1,"325,1,0",89,40,""
0,"326,1,0",90,39,0
0,"0,6,210,1,2",91,38,""
0,"236,1,3",92,37,""
0,"0,6,210,1,3",93,36,""
1,"8,2,152,1,0",93,36,""
0,"8,2,153,1,0",94,35,""
1,"0,13,245,1,0",94,35,""
0,"8,1,17,1,117,1,0",95,34,""
1,"0,13,246,1,0",95,34,0
0,"8,2,110,1,3",96,33,""
1,"8,1,223,1,0",96,33,""
0,"8,2,111,1,3",97,32,1
1,"0,3,224,1,2",97,32,""
2,"8,4,55,1,0",97,32,""
0,"16,1,17,1,50,1,3",98,31,""
1,"0,3,225,1,2",98,31,1
2,"8,4,56,1,0",98,31,""
0,"8,1,161,1,3",99,30,""
1,"0,3,224,1,3",99,30,""
2,"8,1,224,1,0",99,30,""
3,"8,3,17,1,40,1,0",99,30,""
0,"8,4,31,1,3",100,29,""
1,"0,3,225,1,3",100,29,0
2,"0,1,244,1,1",100,29,""
3,"8,1,225,1,0",100,29,1
4,"8,3,100,1,0",100,29,""
0,"8,3,16,1,17,1,3",101,28,""
1,"17,1,138,1,1",101,28,1
2,"8,6,9,1,0",101,28,""
0,"237,1,3",102,27,"0,1"
1,"8,3,17,2,3",102,27,""
2,"0,1,245,1,1",102,27,""
3,"8,5,29,1,0",102,27,""
0,"238,1,3",103,26,0
1,"8,3,60,1,3",103,26,""
2,"0,1,246,1,1",103,26,1
3,"8,2,16,1,64,1,0",103,26,""
4,"8,4,9,1,23,1,0",103,26,""
0,"8,5,13,1,3",104,25,""
1,"8,2,17,1,64,1,0",104,25,2
2,"8,3,9,1,51,1,0",104,25,""
0,"8,4,32,1,3",105,24,""
1,"8,2,154,1,0",105,24,""
2,"8,2,9,1,13,3,0",105,24,""
0,179,106,23,""
1,"8,2,112,1,3",106,23,""
2,"8,3,13,1,23,1,3",106,23,""
3,"8,1,42,1,64,1,0",106,23,""
4,"8,1,9,1,13,2,32,1,0",106,23,""
0,180,107,22,0
1,"8,2,113,1,3",107,22,1
2,"8,2,13,1,51,1,3",107,22,""
3,"9,1,13,3,23,1,0",107,22,""
4,"8,3,101,1,0",107,22,""
0,"8,1,162,1,3",108,21,""
1,"8,1,13,4,3",108,21,""
2,"8,2,13,1,80,1,0",108,21,""
0,"23,1,113,1,3",109,20,0
1,"13,3,32,1,3",109,20,""
2,"64,1,72,1,0",109,20,0
3,"8,1,23,1,101,1,0",109,20,""
4,"0,3,300,1,0",109,20,""
0,181,110,19,"0,1"
1,"8,1,9,1,101,1,3",110,19,""
2,"327,1,0",110,19,0
3,"13,1,23,1,80,1,0",110,19,""
4,"0,1,317,1,0",110,19,1
5,"0,1,316,1,0",110,19,""
0,"9,1,13,1,80,1,3",111,18,""
1,"2,1,292,1,0",111,18,2
0,"13,1,23,1,33",112,17,""
1,"69,1,28",112,17,""
2,"0,1,318,1,0",112,17,""
0,"2,1,165",113,16,""
1,"0,2,3,1,195,1,3",113,16,""
2,"9,1,212,1,0",113,16,""
0,"64,1,29",114,15,1
1,"328,1,0",114,15,""
2,"0,1,67,2,0",114,15,""
0,"0,1,319,1,0",115,14,""
1,"0,1,67,1,68,1,0",115,14,""
0,"0,1,235,1,2",116,13,""
1,"329,1,0",116,13,""
2,"0,2,64,1,69,1,0",116,13,""
0,"330,1,0",117,12,""
1,"1,1,64,1,69,1,0",117,12,""
2,"0,2,312,1,0",117,12,""
3,"0,2,311,1,0",117,12,""
0,"0,1,235,1,3",118,11,""
1,"331,1,0",118,11,""
2,"0,2,314,1,0",118,11,3
0,182,119,10,"0,1,2"
1,"239,1,3",119,10,"1,2"
2,"332,1,0",119,10,""
3,"0,1,322,1,0",119,10,""
0,183,120,9,""
1,"3,1,203,1,3",120,9,""
2,"333,1,0",120,9,7
0,"240,1,3",121,8,""
1,"0,2,7,1,163,1,3",121,8,""
2,"0,1,68,1,69,1,0",121,8,""
0,"241,1,3",122,7,2
1,"1,1,7,1,163,1,3",122,7,""
0,"242,1,3",123,6,""
0,"0,1,69,2,0",126,3,""
0,"0,1,324,1,0",127,2,1
0,"0,130,0",0,130,""
0,"0,118,1",8,122,""
0,"0,115,2",12,118,""
0,"0,115,3",14,116,""
0,"0,4,296,1,0",87,43,""
0,"0,1,325,1,0",89,41,""
0,"0,1,326,1,0",90,40,0
0,"0,7,210,1,2",91,39,""
0,"0,1,236,1,3",92,38,""
0,"0,7,210,1,3",93,37,""
0,"0,14,245,1,0",94,36,""
0,"0,14,246,1,0",95,35,0
0,"97,1,18",96,34,""
1,"0,1,8,2,110,1,3",96,34,""
0,"0,1,8,2,111,1,3",97,33,0
1,"0,4,224,1,2",97,33,""
0,"0,4,225,1,2",98,32,1
0,"0,4,224,1,3",99,31,""
1,"0,1,8,1,224,1,0",99,31,""
0,"0,4,225,1,3",100,30,0
1,"0,2,244,1,1",100,30,""
2,"0,1,8,1,225,1,0",100,30,1
0,"0,1,17,1,138,1,1",101,29,""
1,"5,1,244,1,0",101,29,""
0,"0,1,237,1,3",102,28,""
1,"0,2,245,1,1",102,28,""
0,"0,1,238,1,3",103,27,0
1,"0,2,246,1,1",103,27,1
2,"0,1,8,2,16,1,64,1,0",103,27,""
0,"1,1,315,1,0",104,26,""
0,"0,1,179",106,24,""
1,"0,1,8,2,112,1,3",106,24,""
0,"0,1,180",107,23,"1,2"
1,"0,1,8,2,113,1,3",107,23,""
0,"1,2,64,2,0",108,22,""
0,"0,1,64,1,72,1,0",109,21,""
1,"0,4,300,1,0",109,21,""
0,"0,1,327,1,0",110,20,""
1,"0,2,317,1,0",110,20,4
2,"0,2,316,1,0",110,20,""
0,"0,1,2,1,292,1,0",111,19,""
0,"334,1,0",112,18,""
1,"13,1,23,1,83,1,0",112,18,""
0,"2,1,226,1,3",113,17,""
1,"0,1,9,1,212,1,0",113,17,""
0,"2,1,13,1,188,1,0",114,16,""
0,"13,2,75,1,3",115,15,""
1,"0,2,319,1,0",115,15,""
0,"8,1,19,1,69,1,3",116,14,""
1,"0,2,235,1,2",116,14,""
2,"1,1,319,1,0",116,14,""
0,"188,1,6",117,13,3
1,"243,1,3",117,13,""
2,"8,1,20,1,69,1,3",117,13,1
3,"0,3,311,1,0",117,13,""
0,"189,1,6",118,12,""
1,"3,1,209,1,3",118,12,""
2,"0,2,235,1,3",118,12,""
3,"335,1,0",118,12,""
4,"1,1,320,1,0",118,12,""
5,"0,3,314,1,0",118,12,3
0,"1,1,178",119,11,3
1,"3,1,145",119,11,4
2,"43,1,74,1,3",119,11,""
3,"3,2,174,1,3",119,11,""
4,"0,1,239,1,3",119,11,3
5,"336,1,0",119,11,4
6,"69,1,72,1,0",119,11,3
7,"1,1,321,1,0",119,11,""
0,"190,1,6",120,10,""
1,"0,1,3,1,203,1,3",120,10,""
2,"337,1,0",120,10,3
3,"1,1,322,1,0",120,10,""
4,"0,1,333,1,0",120,10,""
0,184,121,9,""
1,"191,1,6",121,9,0
2,"0,1,240,1,3",121,9,""
3,"338,1,0",121,9,4
4,"0,2,68,1,69,1,0",121,9,""
0,"93,1,24",122,8,""
1,"1,1,323,1,0",122,8,""
0,"69,1,29",124,6,""
1,"339,1,0",124,6,""
0,"3,1,69,1,24",125,5,0
1,"340,1,0",125,5,3
0,"341,1,0",126,4,""
1,"0,2,69,2,0",126,4,""
0,"1,1,69,2,0",127,3,""
1,"0,2,324,1,0",127,3,0
0,"1,1,324,1,0",128,2,""
0,"0,131,0",0,131,""
0,"0,119,1",8,123,""
0,"0,116,2",12,119,""
0,"0,116,3",14,117,""
0,"0,5,296,1,0",87,44,""
0,"342,1,0",88,43,""
0,"0,2,325,1,0",89,42,""
0,"0,2,326,1,0",90,41,""
0,"0,8,210,1,2",91,40,""
0,"0,2,236,1,3",92,39,""
0,"1,1,236,1,3",93,38,""
1,"0,8,210,1,3",93,38,""
0,"0,15,245,1,0",94,37,""
0,"0,15,246,1,0",95,36,""
0,"0,2,8,2,110,1,3",96,35,""
0,"0,2,8,2,111,1,3",97,34,""
1,"0,5,224,1,2",97,34,""
0,"0,5,225,1,2",98,33,0
0,"0,5,224,1,3",99,32,""
1,"0,2,8,1,224,1,0",99,32,""
0,"0,5,225,1,3",100,31,1
1,"0,2,8,1,225,1,0",100,31,""
0,"0,2,237,1,3",102,29,""
1,"0,3,245,1,1",102,29,""
0,"0,2,238,1,3",103,28,4
1,"0,3,246,1,1",103,28,1
2,"343,1,0",103,28,"3,4"
0,"244,1,2",104,27,"3,4"
0,"344,1,0",105,26,3
0,"244,1,3",106,25,1
1,"245,1,2",106,25,"3,4"
2,"345,1,0",106,25,"3,4"
0,"0,2,8,2,113,1,3",107,24,""
1,"246,1,2",107,24,3
2,"8,2,160,1,0",107,24,5
0,"64,1,30",108,23,""
1,"245,1,3",108,23,1
2,"8,1,232,1,0",108,23,4
0,"247,1,3",109,22,"0,1"
1,"246,1,3",109,22,1
2,"260,1,1",109,22,2
3,"8,1,233,1,0",109,22,3
4,"0,5,300,1,0",109,22,""
0,"8,1,166,1,3",110,21,0
1,"9,1,219,1,0",110,21,5
2,"0,2,327,1,0",110,21,""
3,"0,3,317,1,0",110,21,6
0,"5,1,124",111,20,""
1,"8,1,167,1,3",111,20,1
0,"248,1,3",112,19,0
0,"5,1,187,1,3",113,18,""
1,"347,1,0",113,18,""
2,"346,1,0",113,18,2
0,"0,1,2,1,13,1,188,1,0",114,17,""
0,"81,1,25",115,16,""
1,"348,1,0",115,16,""
2,"1,1,328,1,0",115,16,""
0,"249,1,3",116,15,""
1,"0,1,8,1,19,1,69,1,3",116,15,""
2,"350,1,0",116,15,""
3,"349,1,0",116,15,""
0,"0,1,188,1,6",117,14,2
1,"0,1,8,1,20,1,69,1,3",117,14,""
2,"13,1,209,1,0",117,14,""
3,"0,4,311,1,0",117,14,""
0,185,118,13,""
1,"250,1,3",118,13,1
2,"0,3,235,1,3",118,13,""
3,"1,2,64,1,69,1,0",118,13,""
4,"0,1,335,1,0",118,13,""
5,"0,4,314,1,0",118,13,2
0,"251,1,2",119,12,""
1,"67,1,76,1,0",119,12,""
2,"0,1,336,1,0",119,12,""
3,"0,1,69,1,72,1,0",119,12,""
0,"3,1,213,1,3",120,11,""
1,"1,1,239,1,3",120,11,""
2,"351,1,0",120,11,"1,2"
3,"0,1,337,1,0",120,11,3
4,"0,2,333,1,0",120,11,""
0,186,121,10,"0,1,3"
1,"251,1,3",121,10,""
2,"0,1,338,1,0",121,10,3
0,"70,1,29",122,9,""
0,"352,1,0",123,8,""
0,"2,1,7,1,163,1,3",124,7,""
1,"353,1,0",124,7,""
2,"69,1,75,1,0",124,7,""
3,"0,1,339,1,0",124,7,""
0,"69,1,76,1,0",125,6,""
1,"0,1,340,1,0",125,6,""
0,"0,3,69,2,0",126,5,""
0,"0,3,324,1,0",127,4,1
0,"0,132,0",0,132,""
0,"0,120,1",8,124,""
0,"0,117,2",12,120,""
0,"0,117,3",14,118,""
0,"0,9,210,1,2",91,41,""
0,"8,1,236,1,0",92,40,""
0,"0,9,210,1,3",93,39,""
1,"16,1,183,1,0",93,39,0
0,"17,1,183,1,0",94,38,""
0,"252,1,3",95,37,0
1,"354,1,0",95,37,""
2,"0,16,246,1,0",95,37,""
0,"253,1,3",96,36,0
1,"8,3,110,1,0",96,36,""
0,"0,6,224,1,2",97,35,""
1,"8,3,111,1,0",97,35,""
0,"8,1,16,1,17,1,50,1,0",98,34,""
0,"8,2,116,1,3",99,33,""
1,"0,6,224,1,3",99,33,""
2,"8,2,161,1,0",99,33,""
0,"8,2,117,1,3",100,32,0
1,"0,6,225,1,3",100,32,0
2,"8,5,31,1,0",100,32,""
0,"8,1,17,1,78,1,3",101,31,""
1,"8,4,16,1,17,1,0",101,31,""
0,"8,1,171,1,3",102,30,""
1,"0,4,245,1,1",102,30,""
2,"8,1,237,1,0",102,30,""
3,"8,4,17,2,0",102,30,""
4,"1,1,5,1,244,1,0",102,30,""
0,"8,4,39,1,3",103,29,""
1,"0,4,246,1,1",103,29,1
2,"8,1,238,1,0",103,29,2
3,"8,4,60,1,0",103,29,""
4,"0,1,343,1,0",103,29,""
0,"8,4,40,1,3",104,28,""
1,"0,1,244,1,2",104,28,2
2,"17,1,185,1,0",104,28,2
3,"8,6,13,1,0",104,28,""
0,"16,1,137,1,3",105,27,""
1,"8,3,17,1,20,1,3",105,27,""
2,"17,1,138,1,2",105,27,"0,1"
3,"8,5,32,1,0",105,27,""
4,"0,1,344,1,0",105,27,""
0,"16,1,138,1,3",106,26,0
1,"8,3,63,1,3",106,26,""
2,"0,1,244,1,3",106,26,""
3,"0,1,245,1,2",106,26,""
4,"8,3,112,1,0",106,26,""
5,"8,4,13,1,23,1,0",106,26,""
0,"17,1,138,1,3",107,25,1
1,"8,4,9,1,13,1,3",107,25,""
2,"0,1,246,1,2",107,25,2
3,"8,3,113,1,0",107,25,""
4,"8,3,13,1,51,1,0",107,25,""
0,"8,3,9,1,32,1,3",108,24,""
1,"0,1,245,1,3",108,24,""
2,"8,2,162,1,0",108,24,""
3,"8,2,13,4,0",108,24,""
0,"8,2,9,1,13,1,23,1,3",109,23,""
1,"8,3,64,1,3",109,23,""
2,"0,1,246,1,3",109,23,0
3,"0,1,260,1,1",109,23,""
4,"8,1,23,1,113,1,0",109,23,""
5,"8,1,13,3,32,1,0",109,23,""
6,"0,6,300,1,0",109,23,""
0,187,110,22,"0,1,3"
1,"8,1,9,1,13,1,51,1,3",110,22,""
2,"8,2,118,1,3",110,22,1
3,"13,4,23,1,0",110,22,""
4,"8,2,9,1,101,1,0",110,22,""
5,"0,4,317,1,0",110,22,4
0,"9,1,13,4,3",111,21,""
1,"8,1,17,1,80,1,3",111,21,""
2,"8,1,9,1,13,1,80,1,0",111,21,""
0,"8,1,173,1,3",112,20,""
1,"16,1,187,1,0",112,20,""
2,"9,1,23,1,101,1,0",112,20,""
0,"13,1,51,1,17",113,19,""
1,"8,1,13,1,101,1,3",113,19,""
2,"16,1,188,1,0",113,19,0
3,"1,1,334,1,0",113,19,""
4,"0,1,347,1,0",113,19,""
5,"0,1,346,1,0",113,19,""
0,"13,2,80,1,3",114,18,""
1,"356,1,0",114,18,"1,2"
2,"355,1,0",114,18,1
3,"17,1,188,1,0",114,18,1
0,"254,1,3",115,17,"0,3"
1,"357,1,0",115,17,""
0,"255,1,3",116,16,1
1,"13,1,212,1,0",116,16,""
2,"0,1,349,1,0",116,16,""
0,"0,2,188,1,6",117,15,5
1,"360,1,0",117,15,""
2,"0,5,311,1,0",117,15,""
0,"0,1,250,1,3",118,14,""
1,"0,4,235,1,3",118,14,""
2,"362,1,0",118,14,""
3,"361,1,0",118,14,""
4,"0,5,314,1,0",118,14,""
0,"13,1,213,1,0",119,13,""
1,"7,1,250,1,0",119,13,""
2,"0,2,336,1,0",119,13,""
3,"0,2,69,1,72,1,0",119,13,""
0,"363,1,0",120,12,""
1,"0,1,351,1,0",120,12,""
2,"0,2,337,1,0",120,12,""
3,"0,3,333,1,0",120,12,""
0,"0,1,251,1,3",121,11,""
1,"365,1,0",121,11,1
0,188,122,10,"0,2"
1,"197,1,6",122,10,""
2,"3,1,216,1,3",122,10,""
0,189,123,9,"0,1,2,3"
1,"3,1,157",123,9,"0,1"
2,"198,1,6",123,9,0
3,"48,1,69,1,3",123,9,""
4,"366,1,0",123,9,""
5,"0,1,352,1,0",123,9,""
0,190,124,8,"1,3,4,5"
1,"3,1,161",124,8,""
2,"3,1,160",124,8,""
3,"367,1,0",124,8,5
0,"3,1,162",125,7,""
1,"0,2,340,1,0",125,7,""
0,"368,1,0",126,6,""
1,"0,4,69,2,0",126,6,""
0,"0,4,324,1,0",127,5,0
0,"1,2,69,2,0",128,4,""
0,"2,1,69,2,0",129,3,""
1,"1,2,324,1,0",129,3,""
0,"2,1,324,1,0",130,2,0
0,"0,133,0",0,133,""
0,"0,121,1",8,125,""
0,"0,118,2",12,121,""
0,"0,118,3",14,119,""
0,"1,1,342,1,0",89,44,""
0,"0,10,210,1,2",91,42,""
0,"0,1,8,1,236,1,0",92,41,""
0,"0,10,210,1,3",93,40,""
1,"0,1,16,1,183,1,0",93,40,0
0,"0,1,17,1,183,1,0",94,39,""
0,"0,1,252,1,3",95,38,""
1,"0,17,246,1,0",95,38,""
0,"0,1,253,1,3",96,37,0
0,"0,7,224,1,3",99,34,""
0,"0,7,225,1,3",100,33,0
0,191,102,31,""
1,"0,5,245,1,1",102,31,""
2,"0,1,8,1,237,1,0",102,31,""
0,"0,5,246,1,1",103,30,0
1,"0,1,8,1,238,1,0",103,30,1
2,"0,2,343,1,0",103,30,""
0,"0,2,244,1,2",104,29,""
1,"0,1,17,1,185,1,0",104,29,""
0,"0,1,16,1,137,1,3",105,28,""
1,"0,1,17,1,138,1,2",105,28,0
0,"0,1,16,1,138,1,3",106,27,0
1,"0,2,244,1,3",106,27,""
2,"0,2,245,1,2",106,27,""
0,"1,1,244,1,3",107,26,""
1,"0,1,17,1,138,1,3",107,26,1
2,"0,2,246,1,2",107,26,2
0,"0,2,245,1,3",108,25,""
0,"149,1,8",109,24,""
1,"0,1,8,3,64,1,3",109,24,""
2,"0,2,246,1,3",109,24,0
3,"0,2,260,1,1",109,24,""
4,"0,7,300,1,0",109,24,""
0,"0,1,8,2,118,1,3",110,23,""
1,"274,1,1",110,23,3
2,"5,1,260,1,0",110,23,""
3,"0,5,317,1,0",110,23,3
0,"0,1,16,1,187,1,0",112,21,""
0,"0,1,16,1,188,1,0",113,20,""
1,"0,2,347,1,0",113,20,""
2,"0,2,346,1,0",113,20,""
0,"1,1,347,1,0",114,19,""
1,"0,1,356,1,0",114,19,""
2,"0,1,355,1,0",114,19,""
3,"0,1,17,1,188,1,0",114,19,""
0,"49,1,69,1,3",115,18,""
1,"0,1,254,1,3",115,18,""
0,"66,1,33",116,17,1
1,"50,1,69,1,3",116,17,1
2,"0,1,255,1,3",116,17,1
3,"13,2,133,1,0",116,17,""
4,"0,1,13,1,212,1,0",116,17,""
5,"0,2,349,1,0",116,17,""
0,"369,1,0",117,16,""
1,"2,1,328,1,0",117,16,""
0,"0,5,235,1,3",118,15,""
1,"0,6,314,1,0",118,15,""
0,"67,1,33",119,14,""
1,"3,2,188,1,3",119,14,""
2,"1,1,250,1,3",119,14,""
3,"370,1,0",119,14,""
0,"7,1,188,1,3",120,13,0
1,"0,1,363,1,0",120,13,""
0,"0,2,251,1,3",121,12,""
1,"1,1,351,1,0",121,12,""
2,"0,1,365,1,0",121,12,""
0,"1,1,251,1,3",122,11,""
1,"0,1,3,1,216,1,3",122,11,""
2,"371,1,0",122,11,""
3,"69,1,79,1,0",122,11,""
0,"0,1,189",123,10,"0,2,3"
1,"0,1,198,1,6",123,10,""
2,"3,2,191,1,3",123,10,0
3,"372,1,0",123,10,3
4,"69,1,80,1,0",123,10,3
5,"0,1,366,1,0",123,10,""
0,"374,1,0",124,9,4
1,"373,1,0",124,9,4
2,"0,1,367,1,0",124,9,4
0,"69,1,33",125,8,"2,3"
1,"375,1,0",125,8,"2,3"
0,"0,5,69,2,0",126,7,""
0,"377,1,0",127,6,""
1,"0,5,324,1,0",127,6,6
0,"378,1,0",128,5,3
0,"0,1,2,1,69,2,0",129,4,""
0,"0,1,2,1,324,1,0",130,3,2
0,"0,134,0",0,134,""
0,"0,122,1",8,126,""
0,"0,119,2",12,122,""
0,"0,119,3",14,120,""
0,"379,1,0",89,45,""
0,"0,11,210,1,2",91,43,""
0,"0,2,8,1,236,1,0",92,42,""
0,"0,11,210,1,3",93,41,""
1,"0,2,16,1,183,1,0",93,41,""
0,"256,1,3",94,40,""
0,"0,2,252,1,3",95,39,""
1,"0,18,246,1,0",95,39,""
0,"0,2,253,1,3",96,38,""
1,"1,1,354,1,0",96,38,""
0,"0,8,224,1,3",99,35,""
0,"0,8,225,1,3",100,34,""
0,"0,6,245,1,1",102,32,""
1,"0,2,8,1,237,1,0",102,32,""
0,"0,6,246,1,1",103,31,1
1,"0,2,8,1,238,1,0",103,31,""
0,"0,3,244,1,2",104,30,""
0,"0,2,16,1,137,1,3",105,29,""
1,"0,2,17,1,138,1,2",105,29,1
0,"0,2,16,1,138,1,3",106,28,""
1,"0,3,244,1,3",106,28,""
2,"0,3,245,1,2",106,28,""
3,"8,1,244,1,0",106,28,3
0,"0,2,17,1,138,1,3",107,27,1
1,"0,3,246,1,2",107,27,2
2,"17,1,149,1,1",107,27,"4,5"
0,"0,3,245,1,3",108,26,""
1,"8,1,245,1,0",108,26,5
0,"257,1,3",109,25,"1,2,3,4"
1,"0,3,246,1,3",109,25,2
2,"8,1,247,1,0",109,25,5
3,"0,8,300,1,0",109,25,""
0,"0,2,8,2,118,1,3",110,24,""
1,"8,2,166,1,0",110,24,4
2,"0,6,317,1,0",110,24,6
0,"258,1,3",111,23,1
1,"8,2,167,1,0",111,23,2
0,"259,1,3",112,22,"0,3"
1,"380,1,0",112,22,"2,3"
2,"8,1,248,1,0",112,22,1
0,"8,1,180,1,3",113,21,1
1,"260,1,2",113,21,"4,5"
2,"13,1,219,1,0",113,21,3
0,"9,1,167,1,3",114,20,0
1,"0,2,355,1,0",114,20,""
0,"260,1,3",115,19,2
1,"381,1,0",115,19,""
0,"13,1,106",116,18,2
1,"0,1,50,1,69,1,3",116,18,""
2,"0,2,255,1,3",116,18,""
3,"382,1,0",116,18,""
0,192,117,17,"1,3"
1,"383,1,0",117,17,""
0,"8,1,250,1,0",118,16,""
0,"0,1,3,2,188,1,3",119,15,""
1,"384,1,0",119,15,""
2,"1,1,361,1,0",119,15,""
0,"0,1,7,1,188,1,3",120,14,""
1,"385,1,0",120,14,""
0,193,121,13,1
1,"261,1,3",121,13,1
0,"0,2,3,1,216,1,3",122,12,""
1,"18,1,188,1,0",122,12,""
2,"0,1,371,1,0",122,12,""
3,"0,1,69,1,79,1,0",122,12,""
0,"0,2,189",123,11,""
1,"263,1,3",123,11,""
2,"387,1,0",123,11,""
3,"0,1,69,1,80,1,0",123,11,0
4,"0,2,366,1,0",123,11,""
0,194,124,10,""
1,"388,1,0",124,10,""
2,"0,1,373,1,0",124,10,""
3,"0,2,367,1,0",124,10,""
0,"43,1,58",125,9,2
1,"53,1,69,1,3",125,9,""
2,"391,1,0",125,9,""
3,"390,1,0",125,9,""
4,"18,1,190,1,0",125,9,""
5,"0,1,375,1,0",125,9,""
0,"43,1,59",126,8,""
1,"264,1,3",126,8,1
2,"395,1,0",126,8,""
3,"394,1,0",126,8,4
4,"393,1,0",126,8,""
5,"392,1,0",126,8,""
6,"0,6,69,2,0",126,8,""
0,"3,1,171",127,7,""
1,"397,1,0",127,7,6
2,"396,1,0",127,7,6
3,"0,1,377,1,0",127,7,""
4,"0,6,324,1,0",127,7,7
0,"399,1,0",128,6,""
1,"398,1,0",128,6,"3,4,5"
2,"2,1,340,1,0",128,6,5
3,"0,1,378,1,0",128,6,5
0,"400,1,0",129,5,""
1,"2,1,341,1,0",129,5,""
2,"0,2,2,1,69,2,0",129,5,""
0,"0,2,2,1,324,1,0",130,4,""
0,"0,135,0",0,135,""
0,"0,123,1",8,127,""
0,"0,120,2",12,123,""
0,"0,120,3",14,121,""
0,"8,1,252,1,0",95,40,""
1,"0,19,246,1,0",95,40,""
0,"8,1,253,1,0",96,39,1
0,"17,1,200,1,0",97,38,""
0,"8,1,182,1,3",98,37,""
1,"401,1,0",98,37,0
0,"8,1,183,1,3",99,36,0
1,"8,3,116,1,0",99,36,""
0,"8,3,117,1,0",100,35,""
0,"265,1,3",101,34,""
1,"402,1,0",101,34,""
2,"8,2,17,1,78,1,0",101,34,""
0,"8,3,71,1,3",102,33,""
1,"0,7,245,1,1",102,33,""
2,"403,1,0",102,33,0
3,"8,2,171,1,0",102,33,""
0,"97,1,25",103,32,""
1,"8,2,16,1,50,1,3",103,32,""
2,"0,7,246,1,1",103,32,0
3,"8,5,39,1,0",103,32,""
0,"8,2,17,1,50,1,3",104,31,""
1,"0,4,244,1,2",104,31,""
2,"8,5,40,1,0",104,31,""
0,"8,2,125,1,3",105,30,""
1,"0,3,17,1,138,1,2",105,30,0
2,"8,1,16,1,137,1,0",105,30,""
3,"8,4,17,1,20,1,0",105,30,""
0,"8,5,16,1,3",106,29,""
1,"0,4,244,1,3",106,29,""
2,"0,4,245,1,2",106,29,""
3,"8,1,16,1,138,1,0",106,29,1
4,"8,4,63,1,0",106,29,""
5,"0,1,8,1,244,1,0",106,29,""
0,"8,5,17,1,3",107,28,""
1,"0,3,17,1,138,1,3",107,28,0
2,"0,4,246,1,2",107,28,1
3,"0,1,17,1,149,1,1",107,28,3
4,"8,1,17,1,138,1,0",107,28,3
5,"8,5,9,1,13,1,0",107,28,""
0,"8,1,184,1,3",108,27,""
1,"8,3,16,1,23,1,3",108,27,""
2,"0,4,245,1,3",108,27,""
3,"17,1,154,1,1",108,27,""
4,"42,1,137,1,0",108,27,""
5,"8,4,9,1,32,1,0",108,27,""
0,"8,1,185,1,3",109,26,0
1,"8,4,42,1,3",109,26,""
2,"0,1,257,1,3",109,26,1
3,"0,4,246,1,3",109,26,1
4,"8,3,9,1,13,1,23,1,0",109,26,""
5,"8,4,64,1,0",109,26,""
6,"0,9,300,1,0",109,26,""
0,"17,1,147,1,3",110,25,"1,2"
1,"8,4,13,2,3",110,25,""
2,"8,2,9,1,13,1,51,1,0",110,25,""
3,"8,3,118,1,0",110,25,""
4,"0,7,317,1,0",110,25,3
0,"8,3,13,1,32,1,3",111,24,""
1,"8,1,9,1,13,4,0",111,24,""
2,"8,2,17,1,80,1,0",111,24,""
3,"1,1,5,1,260,1,0",111,24,""
0,"64,1,34",112,23,1
1,"8,2,13,2,23,1,3",112,23,""
2,"8,3,72,1,3",112,23,""
3,"9,1,13,3,32,1,0",112,23,""
4,"8,2,173,1,0",112,23,""
5,"0,1,380,1,0",112,23,""
0,"8,1,13,2,51,1,3",113,22,""
1,"8,2,127,1,3",113,22,""
2,"0,1,260,1,2",113,22,1
3,"404,1,0",113,22,1
4,"8,2,13,1,101,1,0",113,22,""
0,195,114,21,"0,1"
1,"13,5,3",114,21,""
2,"8,1,20,1,80,1,3",114,21,""
3,"8,1,13,2,80,1,0",114,21,""
0,"8,1,186,1,3",115,20,""
1,"0,1,260,1,3",115,20,""
2,"13,1,23,1,101,1,0",115,20,""
3,"8,1,254,1,0",115,20,""
0,"9,1,13,1,101,1,3",116,19,""
1,"0,2,50,1,69,1,3",116,19,""
2,"8,1,255,1,0",116,19,""
3,"2,1,346,1,0",116,19,""
0,"13,1,32,1,33",117,18,""
1,"405,1,0",117,18,3
2,"20,1,188,1,0",117,18,""
0,"8,1,187,1,3",118,17,""
1,"267,1,2",118,17,2
0,196,119,16,3
1,"266,1,3",119,16,""
2,"8,1,188,1,3",119,16,2
0,"267,1,3",120,15,1
1,"0,2,7,1,188,1,3",120,15,""
0,"406,1,0",121,14,""
0,"0,2,69,1,79,1,0",122,13,""
0,"270,1,2",123,12,""
1,"408,1,0",123,12,""
2,"0,2,69,1,80,1,0",123,12,""
0,197,124,11,""
1,"269,1,3",124,11,"1,2"
2,"3,2,197,1,3",124,11,""
3,"2,1,251,1,3",124,11,""
4,"410,1,0",124,11,""
5,"409,1,0",124,11,""
0,"270,1,3",125,10,"2,3"
1,"0,1,53,1,69,1,3",125,10,""
2,"413,1,0",125,10,""
3,"412,1,0",125,10,"2,3"
4,"0,1,390,1,0",125,10,""
5,"0,2,375,1,0",125,10,""
0,198,126,9,""
1,"3,1,230,1,3",126,9,""
2,"0,1,264,1,3",126,9,""
3,"414,1,0",126,9,""
4,"1,1,375,1,0",126,9,""
5,"0,1,394,1,0",126,9,""
6,"0,1,392,1,0",126,9,""
7,"0,7,69,2,0",126,9,""
0,"415,1,0",127,8,3
1,"2,1,353,1,0",127,8,""
2,"2,1,69,1,75,1,0",127,8,""
3,"0,1,397,1,0",127,8,""
4,"0,1,396,1,0",127,8,""
5,"0,2,377,1,0",127,8,""
6,"0,7,324,1,0",127,8,5
0,"0,1,398,1,0",128,7,3
1,"0,2,378,1,0",128,7,""
0,"0,136,0",0,136,""
0,"0,124,1",8,128,""
0,"0,121,2",12,124,""
0,"0,121,3",14,122,""
0,"1,1,379,1,0",90,46,""
0,"416,1,0",91,45,""
0,"1,1,256,1,3",95,41,""
1,"0,1,8,1,252,1,0",95,41,""
2,"0,20,246,1,0",95,41,""
0,"0,1,8,1,253,1,0",96,40,1
0,"0,1,17,1,200,1,0",97,39,""
0,"0,1,8,1,182,1,3",98,38,""
0,"0,1,8,1,183,1,3",99,37,0
0,"0,1,402,1,0",101,35,""
0,"0,8,245,1,1",102,34,""
1,"0,1,403,1,0",102,34,0
0,"0,8,246,1,1",103,33,0
0,"0,5,244,1,2",104,32,""
0,"0,4,17,1,138,1,2",105,31,0
1,"0,1,8,1,16,1,137,1,0",105,31,""
0,"0,5,244,1,3",106,30,""
1,"0,5,245,1,2",106,30,""
2,"0,1,8,1,16,1,138,1,0",106,30,0
3,"0,2,8,1,244,1,0",106,30,""
0,"0,4,17,1,138,1,3",107,29,0
1,"0,5,246,1,2",107,29,1
2,"0,1,8,1,17,1,138,1,0",107,29,""
0,"0,1,8,1,184,1,3",108,28,""
1,"0,5,245,1,3",108,28,""
0,"0,1,8,1,185,1,3",109,27,0
1,"0,2,257,1,3",109,27,1
2,"0,5,246,1,3",109,27,1
3,"0,10,300,1,0",109,27,""
0,"0,1,17,1,147,1,3",110,26,3
1,"0,8,317,1,0",110,26,4
0,199,111,25,""
1,"137,1,10",111,25,""
0,"138,1,10",112,24,"0,1"
1,"0,2,380,1,0",112,24,""
0,"0,2,260,1,2",113,23,""
1,"0,1,404,1,0",113,23,""
0,"274,1,2",114,22,1
0,"64,1,38",115,21,""
1,"0,2,260,1,3",115,21,""
0,"274,1,3",116,20,1
1,"1,1,260,1,3",116,20,""
2,"0,1,8,1,255,1,0",116,20,""
3,"0,1,2,1,346,1,0",116,20,""
0,"13,3,67,1,0",117,19,""
1,"0,1,405,1,0",117,19,""
2,"0,1,20,1,188,1,0",117,19,""
0,"5,1,143",118,18,""
1,"55,1,69,1,3",118,18,""
2,"0,1,8,1,187,1,3",118,18,""
3,"1,1,383,1,0",118,18,""
0,"56,1,69,1,3",119,17,2
1,"0,1,266,1,3",119,17,""
2,"0,1,8,1,188,1,3",119,17,2
0,"13,2,95,1,3",120,16,""
1,"5,1,209,1,3",120,16,""
2,"0,1,267,1,3",120,16,""
3,"7,1,266,1,0",120,16,""
0,"7,1,267,1,0",121,15,""
1,"1,1,385,1,0",121,15,""
0,200,122,14,2
1,"69,1,34",122,14,0
2,"81,1,29",122,14,""
3,"1,1,261,1,3",122,14,""
0,"275,1,3",123,13,""
1,"0,1,270,1,2",123,13,""
2,"418,1,0",123,13,""
3,"417,1,0",123,13,""
0,"0,1,197",124,12,""
1,"1,1,387,1,0",124,12,""
2,"0,1,410,1,0",124,12,""
3,"0,1,409,1,0",124,12,""
0,201,125,11,"1,2"
1,"0,1,270,1,3",125,11,""
2,"69,1,89,1,0",125,11,""
3,"1,1,388,1,0",125,11,""
4,"0,3,375,1,0",125,11,""
0,"2,1,189",126,10,6
1,"69,1,35",126,10,5
2,"419,1,0",126,10,5
3,"0,1,414,1,0",126,10,""
4,"0,2,394,1,0",126,10,""
5,"0,8,69,2,0",126,10,""
0,202,127,9,"1,5,6"
1,"1,1,393,1,0",127,9,""
2,"0,1,415,1,0",127,9,5
3,"0,2,396,1,0",127,9,""
4,"0,8,324,1,0",127,9,6
0,203,128,8,""
0,204,129,7,1
1,"57,1,69,1,3",129,7,""
2,"2,1,368,1,0",129,7,""
0,"69,1,93,1,0",130,6,""
0,"2,2,69,2,0",132,4,""
0,"2,2,324,1,0",133,3,""
0,"0,137,0",0,137,""
0,"0,125,1",8,129,""
0,"0,122,2",12,125,""
0,"0,122,3",14,123,""
0,"0,1,416,1,0",91,46,""
0,"276,1,3",95,42,""
1,"0,2,8,1,252,1,0",95,42,""
2,"0,21,246,1,0",95,42,""
0,"0,2,8,1,253,1,0",96,41,""
0,205,97,40,""
0,"0,2,8,1,182,1,3",98,39,""
0,"0,2,8,1,183,1,3",99,38,""
0,"0,2,402,1,0",101,36,""
0,"0,9,245,1,1",102,35,""
1,"1,1,402,1,0",102,35,""
2,"0,2,403,1,0",102,35,""
0,"0,9,246,1,1",103,34,2
0,"0,6,244,1,2",104,33,""
0,"0,2,8,1,16,1,137,1,0",105,32,""
0,"0,6,244,1,3",106,31,""
1,"0,6,245,1,2",106,31,""
2,"0,2,8,1,16,1,138,1,0",106,31,""
0,"0,5,17,1,138,1,3",107,30,""
1,"0,6,246,1,2",107,30,1
0,"0,2,8,1,184,1,3",108,29,""
1,"0,6,245,1,3",108,29,""
0,"0,2,8,1,185,1,3",109,28,""
1,"0,6,246,1,3",109,28,1
2,"8,1,257,1,0",109,28,3
3,"1,1,42,1,137,1,0",109,28,""
4,"0,11,300,1,0",109,28,""
0,"17,1,206,1,0",110,27,"4,5"
1,"0,9,317,1,0",110,27,5
0,"17,1,149,1,2",111,26,2
1,"8,1,258,1,0",111,26,2
0,"0,1,138,1,10",112,25,2
1,"16,1,149,1,3",112,25,1
2,"8,1,259,1,0",112,25,4
0,"17,1,149,1,3",113,24,"2,3"
1,"0,3,260,1,2",113,24,""
2,"8,2,180,1,0",113,24,5
0,"277,1,3",114,23,1
1,"0,1,274,1,2",114,23,3
2,"8,1,9,1,167,1,0",114,23,4
0,"8,1,193,1,3",115,22,2
1,"0,3,260,1,3",115,22,""
2,"9,1,248,1,0",115,22,5
3,"8,1,260,1,0",115,22,6
0,"8,1,194,1,3",116,21,0
1,"0,1,274,1,3",116,21,2
2,"292,1,1",116,21,"5,6"
3,"0,2,8,1,255,1,0",116,21,""
0,206,117,20,0
1,"13,1,167,1,3",117,20,1
0,207,118,19,"0,2"
1,"278,1,3",118,19,"0,1,2"
2,"0,2,8,1,187,1,3",118,19,""
3,"420,1,0",118,19,""
0,"0,1,56,1,69,1,3",119,18,""
1,"0,2,8,1,188,1,3",119,18,""
2,"16,1,209,1,0",119,18,""
0,"0,2,267,1,3",120,17,""
1,"421,1,0",120,17,""
2,"17,1,209,1,0",120,17,""
0,"422,1,0",121,16,""
1,"8,1,261,1,0",121,16,""
2,"0,1,7,1,267,1,0",121,16,""
0,"0,1,69,1,34",122,15,3
1,"279,1,3",122,15,"1,3"
2,"424,1,0",122,15,4
3,"423,1,0",122,15,""
0,"280,1,3",123,14,""
1,"0,1,418,1,0",123,14,""
0,208,124,13,2
1,"0,2,197",124,13,""
2,"7,1,275,1,0",124,13,""
0,"0,1,201",125,12,1
1,"1,1,269,1,3",125,12,""
2,"0,2,270,1,3",125,12,""
3,"426,1,0",125,12,""
4,"425,1,0",125,12,""
5,"0,1,69,1,89,1,0",125,12,""
6,"0,4,375,1,0",125,12,""
0,"281,1,3",126,11,""
1,"1,1,270,1,3",126,11,""
2,"427,1,0",126,11,3
3,"1,1,412,1,0",126,11,""
4,"0,1,419,1,0",126,11,3
5,"0,2,414,1,0",126,11,""
6,"0,9,69,2,0",126,11,""
0,"235,1,5",127,10,""
1,"428,1,0",127,10,""
2,"2,1,373,1,0",127,10,""
3,"1,2,375,1,0",127,10,""
4,"0,2,415,1,0",127,10,""
5,"0,9,324,1,0",127,10,3
0,"2,1,69,1,33",128,9,""
1,"1,1,415,1,0",128,9,""
0,"429,1,0",129,8,""
1,"69,1,95,1,0",129,8,""
0,"430,1,0",130,7,""
0,"0,138,0",0,138,""
0,"0,126,1",8,130,""
0,"0,123,2",12,126,""
0,"0,123,3",14,124,""
0,"0,2,416,1,0",91,47,""
0,"431,1,0",94,44,""
0,"296,1,1",95,43,0
1,"0,22,246,1,0",95,43,""
0,"8,2,182,1,0",98,40,""
0,"8,2,183,1,0",99,39,0
0,"16,1,17,1,111,1,0",100,38,""
0,"8,1,199,1,3",101,37,""
1,"8,1,265,1,0",101,37,""
0,"8,1,200,1,3",102,36,0
1,"8,4,71,1,0",102,36,""
2,"0,3,403,1,0",102,36,""
0,"17,1,153,1,3",103,35,""
1,"0,10,246,1,1",103,35,1
2,"8,3,16,1,50,1,0",103,35,""
0,"283,1,3",104,34,1
1,"432,1,0",104,34,1
2,"8,3,17,1,50,1,0",104,34,""
0,"8,3,77,1,3",105,33,""
1,"433,1,0",105,33,0
2,"8,3,125,1,0",105,33,""
0,"8,3,78,1,3",106,32,""
1,"0,7,245,1,2",106,32,""
2,"8,6,16,1,0",106,32,""
0,"8,2,17,1,56,1,3",107,31,""
1,"0,7,246,1,2",107,31,0
2,"8,6,17,1,0",107,31,""
0,"8,2,136,1,3",108,30,""
1,"0,7,245,1,3",108,30,""
2,"8,2,184,1,0",108,30,""
3,"8,4,16,1,23,1,0",108,30,""
0,209,109,29,1
1,"8,5,19,1,3",109,29,""
2,"0,7,246,1,3",109,29,0
3,"8,2,185,1,0",109,29,1
4,"8,5,42,1,0",109,29,""
5,"0,12,300,1,0",109,29,""
0,"8,5,20,1,3",110,28,""
1,"8,1,17,1,147,1,0",110,28,2
2,"8,5,13,2,0",110,28,""
3,"0,10,317,1,0",110,28,2
0,"8,2,137,1,3",111,27,""
1,"8,4,45,1,3",111,27,""
2,"0,1,17,1,149,1,2",111,27,""
3,"17,2,113,1,0",111,27,""
4,"8,4,13,1,32,1,0",111,27,""
0,"14,1,108",112,26,""
1,"8,2,138,1,3",112,26,0
2,"8,4,46,1,3",112,26,""
3,"0,1,16,1,149,1,3",112,26,""
4,"17,1,154,1,2",112,26,1
5,"8,3,13,2,23,1,0",112,26,""
6,"8,4,72,1,0",112,26,""
0,"16,1,154,1,3",113,25,1
1,"8,3,9,1,13,2,3",113,25,""
2,"0,1,17,1,149,1,3",113,25,1
3,"0,4,260,1,2",113,25,""
4,"8,2,13,2,51,1,0",113,25,""
5,"8,3,127,1,0",113,25,""
0,"59,1,64,1,3",114,24,"0,1"
1,"17,1,154,1,3",114,24,"0,1"
2,"8,2,9,1,13,1,32,1,3",114,24,""
3,"0,2,274,1,2",114,24,2
4,"64,2,1",114,24,""
5,"8,1,13,5,0",114,24,""
6,"8,2,20,1,80,1,0",114,24,""
0,"8,1,9,1,13,2,23,1,3",115,23,""
1,"8,3,79,1,3",115,23,""
2,"0,4,260,1,3",115,23,""
3,"299,1,1",115,23,2
4,"13,4,32,1,0",115,23,""
5,"8,2,186,1,0",115,23,""
6,"0,1,8,1,260,1,0",115,23,""
0,"149,1,9",116,22,""
1,"9,1,13,2,51,1,3",116,22,""
2,"8,3,80,1,3",116,22,""
3,"0,2,274,1,3",116,22,0
4,"0,1,292,1,1",116,22,2
5,"434,1,0",116,22,2
6,"8,1,9,1,13,1,101,1,0",116,22,""
0,"8,1,22,1,80,1,3",117,21,""
1,"301,1,1",117,21,""
2,"300,1,1",117,21,""
3,"435,1,0",117,21,""
4,"9,1,13,2,80,1,0",117,21,""
0,"0,1,207",118,20,0
1,"13,2,23,1,17",118,20,""
2,"8,1,23,1,80,1,3",118,20,""
3,"0,1,278,1,3",118,20,""
4,"8,2,187,1,0",118,20,""
0,"13,2,101,1,3",119,19,""
1,"0,2,56,1,69,1,3",119,19,""
2,"8,2,188,1,0",119,19,2
3,"7,1,278,1,0",119,19,""
0,"266,1,4",120,18,""
1,"8,1,267,1,0",120,18,""
0,"8,1,201,1,3",121,17,""
1,"436,1,0",121,17,""
2,"23,1,188,1,0",121,17,""
3,"0,1,422,1,0",121,17,""
4,"0,2,7,1,267,1,0",121,17,""
0,"0,2,69,1,34",122,16,2
1,"284,1,3",122,16,""
2,"9,1,188,1,3",122,16,0
3,"0,1,424,1,0",122,16,""
0,"286,1,3",123,15,0
1,"285,1,3",123,15,0
2,"0,2,418,1,0",123,15,""
0,"1,1,275,1,3",124,14,""
1,"440,1,0",124,14,""
2,"439,1,0",124,14,""
3,"23,1,190,1,0",124,14,""
0,210,125,13,4
1,"0,2,201",125,13,4
2,"0,3,270,1,3",125,13,""
3,"0,5,375,1,0",125,13,""
0,"1,1,201",126,12,4
1,"7,1,209,1,3",126,12,0
2,"0,2,419,1,0",126,12,""
3,"0,10,69,2,0",126,12,""
0,212,127,11,"1,3"
1,211,127,11,"1,3"
2,"288,1,3",127,11,""
3,"0,1,428,1,0",127,11,""
4,"0,10,324,1,0",127,11,4
0,"289,1,3",128,10,""
1,"2,1,53,1,69,1,3",128,10,""
2,"442,1,0",128,10,""
3,"441,1,0",128,10,1
0,"2,1,264,1,3",129,9,""
1,"444,1,0",129,9,""
2,"443,1,0",129,9,""
3,"0,1,429,1,0",129,9,""
0,"1,1,204",130,8,2
1,"445,1,0",130,8,1
2,"2,1,396,1,0",130,8,""
0,213,131,7,""
1,"2,1,398,1,0",131,7,""
0,"446,1,0",132,6,0
1,"2,1,400,1,0",132,6,""
0,"0,139,0",0,139,""
0,"0,127,1",8,131,""
0,"0,124,2",12,127,""
0,"0,124,3",14,125,""
0,"0,1,431,1,0",94,45,""
0,"0,1,296,1,1",95,44,0
1,"0,23,246,1,0",95,44,""
0,"1,1,276,1,3",96,43,""
0,"290,1,3",97,42,""
0,"0,1,8,2,182,1,0",98,41,""
0,"0,1,8,2,183,1,0",99,40,""
0,"0,1,8,1,199,1,3",101,38,""
0,"0,1,8,1,200,1,3",102,37,0
1,"0,4,403,1,0",102,37,""
0,"0,11,246,1,1",103,36,1
1,"1,2,402,1,0",103,36,""
0,"0,1,432,1,0",104,35,""
0,"0,1,433,1,0",105,34,0
0,"0,8,245,1,2",106,33,""
0,"0,8,246,1,2",107,32,0
0,"0,8,245,1,3",108,31,""
1,"0,1,8,2,184,1,0",108,31,""
0,"0,8,246,1,3",109,30,1
1,"0,1,8,2,185,1,0",109,30,""
2,"0,13,300,1,0",109,30,""
0,"0,11,317,1,0",110,29,""
0,"0,1,8,2,137,1,3",111,28,""
1,"0,2,17,1,149,1,2",111,28,""
0,"0,1,8,2,138,1,3",112,27,0
1,"0,2,16,1,149,1,3",112,27,""
2,"0,1,17,1,154,1,2",112,27,1
0,"0,1,16,1,154,1,3",113,26,""
1,"0,2,17,1,149,1,3",113,26,""
2,"0,5,260,1,2",113,26,""
0,"0,1,17,1,154,1,3",114,25,0
1,"0,3,274,1,2",114,25,1
2,"0,1,64,2,1",114,25,""
0,"0,5,260,1,3",115,24,""
1,"0,1,299,1,1",115,24,1
2,"0,2,8,1,260,1,0",115,24,""
0,"0,3,274,1,3",116,23,1
1,"0,1,434,1,0",116,23,""
0,"0,1,300,1,1",117,22,""
0,"0,2,207",118,21,1
1,"0,2,278,1,3",118,21,""
2,"0,1,8,2,187,1,0",118,21,""
0,"1,1,278,1,3",119,20,4
1,"447,1,0",119,20,""
2,"1,1,420,1,0",119,20,""
3,"0,1,8,2,188,1,0",119,20,""
0,"0,1,8,1,201,1,3",121,18,""
1,"13,3,75,1,0",121,18,""
2,"0,2,422,1,0",121,18,""
0,"0,1,284,1,3",122,17,""
1,"0,1,9,1,188,1,3",122,17,4
2,"59,1,69,1,2",122,17,""
0,"1,1,279,1,3",123,16,""
1,"0,1,285,1,3",123,16,2
0,"133,1,17",124,15,""
1,"59,1,69,1,3",124,15,""
2,"1,1,280,1,3",124,15,""
3,"448,1,0",124,15,""
4,"0,1,440,1,0",124,15,""
0,"0,4,270,1,3",125,14,""
1,"312,1,1",125,14,"4,5"
2,"311,1,1",125,14,""
3,"449,1,0",125,14,4
4,"1,1,7,1,275,1,0",125,14,""
0,214,126,13,"2,3"
1,"0,1,7,1,209,1,3",126,13,""
2,"314,1,1",126,13,"2,3"
3,"1,1,426,1,0",126,13,""
4,"0,11,69,2,0",126,13,""
0,"1,1,281,1,3",127,12,""
1,"0,2,428,1,0",127,12,""
2,"0,11,324,1,0",127,12,3
0,"18,1,209,1,0",128,11,""
1,"0,1,442,1,0",128,11,""
0,"450,1,0",129,10,2
1,"0,1,443,1,0",129,10,""
2,"0,2,429,1,0",129,10,""
0,215,130,9,"1,2,3"
1,"1,1,69,1,95,1,0",130,9,""
2,"0,1,445,1,0",130,9,3
0,"451,1,0",131,8,""
0,"0,1,446,1,0",132,7,2
0,"4,1,69,2,0",134,5,""
0,"4,1,324,1,0",135,4,""
0,"0,140,0",0,140,""
0,"0,128,1",8,132,""
0,"0,125,2",12,128,""
0,"0,125,3",14,126,""
0,"0,2,431,1,0",94,46,""
0,"1,1,431,1,0",95,45,""
1,"0,24,246,1,0",95,45,""
0,"0,1,290,1,3",97,43,""
0,"0,2,8,2,183,1,0",99,41,""
0,"0,2,8,1,199,1,3",101,39,""
0,"0,2,8,1,200,1,3",102,38,""
1,"0,5,403,1,0",102,38,""
0,216,103,37,""
1,"0,12,246,1,1",103,37,1
0,"0,2,432,1,0",104,36,""
0,"0,2,433,1,0",105,35,""
0,"0,9,245,1,2",106,34,""
0,"0,9,246,1,2",107,33,1
0,"5,1,224,1,3",108,32,""
1,"0,9,245,1,3",108,32,""
2,"452,1,0",108,32,3
0,"0,9,246,1,3",109,31,1
1,"0,2,8,2,185,1,0",109,31,""
0,"137,1,15",110,30,""
0,"0,2,8,2,137,1,3",111,29,""
1,"0,3,17,1,149,1,2",111,29,""
2,"453,1,0",111,29,2
0,"0,2,8,2,138,1,3",112,28,""
1,"0,2,17,1,154,1,2",112,28,2
2,"8,1,16,1,149,1,0",112,28,4
0,"0,3,17,1,149,1,3",113,27,""
1,"0,6,260,1,2",113,27,""
2,"8,1,17,1,149,1,0",113,27,3
0,"0,2,17,1,154,1,3",114,26,1
1,"0,2,64,2,1",114,26,""
2,"8,1,277,1,0",114,26,3
0,"8,1,206,1,3",115,25,1
1,"0,6,260,1,3",115,25,""
2,"0,2,299,1,1",115,25,""
3,"8,2,193,1,0",115,25,4
4,"5,1,64,2,0",115,25,""
0,"17,1,160,1,3",116,24,"1,2"
1,"0,4,274,1,3",116,24,2
2,"8,2,194,1,0",116,24,3
0,"8,1,207,1,3",117,23,1
1,"0,2,300,1,1",117,23,""
2,"8,1,13,1,167,1,0",117,23,3
0,"8,1,208,1,3",118,22,1
1,"317,1,1",118,22,"2,5"
2,"13,1,248,1,0",118,22,4
3,"8,1,278,1,0",118,22,5
4,"1,1,435,1,0",118,22,""
0,217,119,21,"3,5,7"
1,"9,1,194,1,3",119,21,1
2,"454,1,0",119,21,"6,7"
3,"0,2,8,2,188,1,0",119,21,""
0,"292,1,2",120,20,4
1,"455,1,0",120,20,""
0,220,121,19,4
1,219,121,19,"4,5"
2,218,121,19,"2,3"
3,"291,1,3",121,19,1
4,"0,2,8,1,201,1,3",121,19,""
0,221,122,18,"1,2,3"
1,"292,1,3",122,18,"1,2"
2,"0,2,284,1,3",122,18,""
3,"0,2,9,1,188,1,3",122,18,""
4,"0,1,59,1,69,1,2",122,18,""
5,"8,1,279,1,0",122,18,""
0,"0,2,285,1,3",123,17,""
1,"8,1,280,1,0",123,17,""
0,222,124,16,""
1,"293,1,3",124,16,""
2,"0,1,59,1,69,1,3",124,16,""
3,"9,1,261,1,0",124,16,""
4,"0,1,448,1,0",124,16,""
5,"0,2,440,1,0",124,16,""
0,"8,1,209,1,3",125,15,""
1,"0,1,312,1,1",125,15,"4,5"
2,"456,1,0",125,15,""
3,"1,1,439,1,0",125,15,""
4,"0,1,449,1,0",125,15,4
0,223,126,14,"3,4"
1,"294,1,3",126,14,""
2,"457,1,0",126,14,""
3,"0,12,69,2,0",126,14,""
0,"458,1,0",127,13,""
1,"13,1,251,1,0",127,13,""
2,"0,12,324,1,0",127,13,1
0,"460,1,0",128,12,""
1,"459,1,0",128,12,""
2,"0,1,18,1,209,1,0",128,12,""
0,"461,1,0",129,11,""
1,"1,1,442,1,0",129,11,""
2,"0,1,450,1,0",129,11,""
3,"0,2,443,1,0",129,11,""
0,"3,1,189",130,10,""
1,"18,1,213,1,0",130,10,""
2,"0,2,445,1,0",130,10,""
0,"464,1,0",131,9,""
1,"1,1,445,1,0",131,9,""
2,"0,1,451,1,0",131,9,""
0,"2,2,368,1,0",132,8,""
1,"0,2,446,1,0",132,8,""
0,"467,1,0",133,7,""
1,"1,1,446,1,0",133,7,""
0,"69,2,1",134,6,""
1,"468,1,0",134,6,""
0,"324,1,1",135,5,0
0,"0,141,0",0,141,""
0,"0,129,1",8,133,""
0,"0,126,2",12,129,""
0,"0,126,3",14,127,""
0,"0,25,246,1,0",95,46,""
0,"0,2,290,1,3",97,44,""
1,"469,1,0",97,44,""
0,"470,1,0",98,43,0
0,"296,1,2",99,42,""
0,"295,1,3",100,41,""
0,"296,1,3",101,40,0
1,"8,2,199,1,0",101,40,""
0,"8,2,200,1,0",102,39,""
1,"0,6,403,1,0",102,39,""
0,"0,13,246,1,1",103,38,0
1,"8,1,17,1,153,1,0",103,38,""
0,"8,2,145,1,3",104,37,""
1,"8,1,283,1,0",104,37,""
0,"8,1,16,1,111,1,3",105,36,1
1,"8,4,77,1,0",105,36,""
0,"8,1,17,1,111,1,3",106,35,""
1,"0,10,245,1,2",106,35,""
2,"8,4,78,1,0",106,35,""
0,"8,1,211,1,3",107,34,""
1,"0,10,246,1,2",107,34,0
2,"16,1,224,1,0",107,34,""
3,"8,3,17,1,56,1,0",107,34,""
0,"8,4,49,1,3",108,33,""
1,"0,10,245,1,3",108,33,""
2,"16,1,225,1,0",108,33,1
3,"8,3,136,1,0",108,33,""
4,"0,1,452,1,0",108,33,""
0,"8,4,50,1,3",109,32,""
1,"0,10,246,1,3",109,32,0
2,"17,1,225,1,0",109,32,2
3,"8,6,19,1,0",109,32,""
0,"297,1,3",110,31,"1,2"
1,"8,2,16,1,17,2,3",110,31,""
2,"8,6,20,1,0",110,31,""
0,"298,1,3",111,30,0
1,"8,3,88,1,3",111,30,""
2,"0,4,17,1,149,1,2",111,30,""
3,"8,3,137,1,0",111,30,""
4,"8,5,45,1,0",111,30,""
0,"8,7,3",112,29,""
1,"0,3,17,1,154,1,2",112,29,1
2,"8,3,138,1,0",112,29,2
3,"8,5,46,1,0",112,29,""
0,"8,5,22,1,3",113,28,""
1,"0,4,17,1,149,1,3",113,28,""
2,"8,1,16,1,154,1,0",113,28,""
3,"8,4,9,1,13,2,0",113,28,""
0,"8,2,146,1,3",114,27,""
1,"8,5,23,1,3",114,27,""
2,"0,3,17,1,154,1,3",114,27,0
3,"8,1,17,1,154,1,0",114,27,""
4,"8,3,9,1,13,1,32,1,0",114,27,""
0,"8,2,147,1,3",115,26,0
1,"8,4,51,1,3",115,26,""
2,"0,7,260,1,3",115,26,""
3,"8,2,9,1,13,2,23,1,0",115,26,""
4,"8,4,79,1,0",115,26,""
0,"8,1,17,1,113,1,3",116,25,1
1,"8,3,13,3,3",116,25,""
2,"0,5,274,1,3",116,25,1
3,"8,1,9,1,13,2,51,1,0",116,25,""
4,"8,4,80,1,0",116,25,""
0,"17,1,162,1,3",117,24,1
1,"8,2,13,2,32,1,3",117,24,""
2,"0,3,300,1,1",117,24,""
3,"64,1,112,1,0",117,24,1
4,"9,1,13,5,0",117,24,""
5,"8,2,22,1,80,1,0",117,24,""
0,224,118,23,1
1,"8,1,13,3,23,1,3",118,23,""
2,"8,3,89,1,3",118,23,""
3,"64,2,2",118,23,1
4,"0,1,317,1,1",118,23,0
5,"64,1,113,1,0",118,23,1
6,"8,2,23,1,80,1,0",118,23,""
7,"0,1,8,1,278,1,0",118,23,""
0,"13,3,51,1,3",119,22,""
1,"8,2,9,1,80,1,3",119,22,""
2,"299,1,2",119,22,"0,2,3"
3,"471,1,0",119,22,""
4,"8,1,13,2,101,1,0",119,22,""
5,"0,1,454,1,0",119,22,3
0,"64,2,3",120,21,""
1,"8,1,23,1,89,1,3",120,21,""
2,"0,1,292,1,2",120,21,""
3,"13,3,80,1,0",120,21,""
4,"1,1,447,1,0",120,21,""
5,"0,1,455,1,0",120,21,""
0,"299,1,3",121,20,0
1,"9,1,23,1,80,1,3",121,20,""
2,"0,1,291,1,3",121,20,""
3,"301,1,2",121,20,""
4,"300,1,2",121,20,1
5,"8,2,201,1,0",121,20,""
0,"0,1,221",122,19,"1,2"
1,"64,1,43",122,19,4
2,"13,3,33",122,19,""
3,"0,1,292,1,3",122,19,1
4,"0,2,59,1,69,1,2",122,19,""
5,"8,1,9,1,188,1,0",122,19,4
0,"301,1,3",123,18,""
1,"300,1,3",123,18,"1,2"
2,"9,1,267,1,0",123,18,""
0,"302,1,3",124,17,""
1,"8,1,212,1,3",124,17,""
2,"0,2,59,1,69,1,3",124,17,""
3,"472,1,0",124,17,""
4,"0,2,448,1,0",124,17,""
5,"0,3,440,1,0",124,17,""
0,225,125,16,""
1,"304,1,3",125,16,""
2,"13,1,188,1,3",125,16,0
3,"0,2,312,1,1",125,16,""
4,"1,1,448,1,0",125,16,""
5,"0,2,449,1,0",125,16,2
0,"306,1,3",126,15,2
1,"0,13,69,2,0",126,15,""
0,"308,1,3",127,14,1
1,"307,1,3",127,14,""
2,"0,13,324,1,0",127,14,3
0,"309,1,3",128,13,""
1,"475,1,0",128,13,""
2,"474,1,0",128,13,""
3,"0,1,460,1,0",128,13,""
0,228,129,12,"1,4"
1,227,129,12,4
2,226,129,12,"1,3,4"
3,"310,1,3",129,12,""
0,"235,1,6",130,11,""
0,"2,2,69,1,33",131,10,""
1,"478,1,0",131,10,""
0,"479,1,0",132,9,""
1,"0,3,446,1,0",132,9,""
0,"480,1,0",133,8,""
0,"0,1,69,2,1",134,7,""
0,"0,1,324,1,1",135,6,1
1,"1,1,4,1,69,2,0",135,6,""
0,"1,1,4,1,324,1,0",136,5,""
0,"0,142,0",0,142,""
0,"0,130,1",8,134,""
0,"0,127,2",12,130,""
0,"0,127,3",14,128,""
0,"0,26,246,1,0",95,47,""
0,"0,1,469,1,0",97,45,""
0,"0,1,470,1,0",98,44,0
0,"0,1,296,1,2",99,43,""
0,"0,1,295,1,3",100,42,""
0,"0,1,296,1,3",101,41,0
0,"0,7,403,1,0",102,40,""
0,"0,14,246,1,1",103,39,0
0,"135,1,18",104,38,""
1,"0,1,8,2,145,1,3",104,38,""
0,"0,1,8,1,16,1,111,1,3",105,37,0
0,"0,11,245,1,2",106,36,""
0,"0,11,246,1,2",107,35,0
1,"0,1,16,1,224,1,0",107,35,""
0,"0,11,245,1,3",108,34,""
1,"0,1,16,1,225,1,0",108,34,1
2,"0,2,452,1,0",108,34,""
0,"0,11,246,1,3",109,33,0
1,"1,1,452,1,0",109,33,""
2,"0,1,17,1,225,1,0",109,33,""
0,"0,1,297,1,3",110,32,""
0,"0,1,298,1,3",111,31,0
1,"0,5,17,1,149,1,2",111,31,""
2,"0,1,8,3,137,1,0",111,31,""
0,"1,1,453,1,0",112,30,""
1,"0,1,8,3,138,1,0",112,30,""
0,"0,5,17,1,149,1,3",113,29,""
0,"0,1,8,2,146,1,3",114,28,""
1,"0,4,17,1,154,1,3",114,28,""
0,"0,1,8,2,147,1,3",115,27,0
1,"0,8,260,1,3",115,27,""
0,"0,6,274,1,3",116,26,""
1,"1,1,5,1,64,2,0",116,26,""
0,"0,4,300,1,1",117,25,""
1,"0,1,64,1,112,1,0",117,25,""
0,"0,1,64,2,2",118,24,""
1,"0,2,317,1,1",118,24,1
2,"0,1,64,1,113,1,0",118,24,""
3,"0,2,8,1,278,1,0",118,24,""
0,"0,1,299,1,2",119,23,"1,4"
1,"0,2,454,1,0",119,23,""
0,"0,1,64,2,3",120,22,""
1,"0,2,292,1,2",120,22,""
0,"0,1,299,1,3",121,21,1
1,"0,2,291,1,3",121,21,""
2,"0,1,301,1,2",121,21,""
3,"0,1,300,1,2",121,21,2
4,"0,1,8,2,201,1,0",121,21,""
0,"0,2,221",122,20,3
1,"1,1,291,1,3",122,20,""
2,"0,2,292,1,3",122,20,""
3,"0,3,59,1,69,1,2",122,20,""
4,"13,3,83,1,0",122,20,""
5,"0,1,8,1,9,1,188,1,0",122,20,""
0,"0,1,301,1,3",123,19,""
1,"0,1,300,1,3",123,19,1
0,"0,1,8,1,212,1,3",124,18,""
1,"0,3,59,1,69,1,3",124,18,""
2,"0,4,440,1,0",124,18,""
0,"13,1,23,1,75,1,3",125,17,""
1,"1,1,293,1,3",125,17,""
2,"0,1,304,1,3",125,17,""
3,"0,1,13,1,188,1,3",125,17,3
4,"0,3,449,1,0",125,17,5
0,"2,1,286,1,3",126,16,1
1,"1,1,8,1,209,1,3",126,16,""
2,"0,1,306,1,3",126,16,1
3,"0,14,69,2,0",126,16,""
0,229,127,15,"1,5"
1,"18,1,106",127,15,""
2,"0,1,308,1,3",127,15,""
3,"481,1,0",127,15,""
4,"69,1,112,1,0",127,15,""
5,"0,14,324,1,0",127,15,5
0,"95,1,33",128,14,""
1,"482,1,0",128,14,""
2,"69,1,113,1,0",128,14,3
3,"0,1,475,1,0",128,14,""
4,"0,2,460,1,0",128,14,""
0,230,129,13,"1,4,6"
1,"312,1,2",129,13,"4,6"
2,"311,1,2",129,13,6
3,"483,1,0",129,13,6
4,"1,1,459,1,0",129,13,""
0,231,130,12,""
1,"2,1,211",130,12,""
2,"64,1,69,1,3",130,12,""
3,"314,1,2",130,12,"4,5"
4,"484,1,0",130,12,""
0,"13,1,69,1,17",131,11,""
1,"312,1,3",131,11,1
2,"311,1,3",131,11,""
3,"486,1,0",131,11,""
4,"485,1,0",131,11,""
0,232,132,10,""
1,"314,1,3",132,10,2
2,"313,1,3",132,10,""
3,"0,1,479,1,0",132,10,""
0,233,133,9,5
1,"2,1,445,1,0",133,9,5
0,234,134,8,"2,3"
1,"0,2,69,2,1",134,8,""
2,"1,2,446,1,0",134,8,""
0,"0,2,324,1,1",135,7,2
1,"5,1,69,2,0",135,7,""
0,"5,1,324,1,0",136,6,""
0,"0,143,0",0,143,""
0,"0,131,1",8,135,""
0,"0,128,2",12,131,""
0,"0,128,3",14,129,""
0,"0,27,246,1,0",95,48,""
0,"487,1,0",96,47,""
0,"0,2,469,1,0",97,46,""
0,"0,2,470,1,0",98,45,""
0,"0,2,296,1,2",99,44,""
0,"0,2,295,1,3",100,43,""
0,"1,1,295,1,3",101,42,""
1,"0,2,296,1,3",101,42,""
0,"0,8,403,1,0",102,41,""
0,"0,15,246,1,1",103,40,""
0,"0,2,8,2,145,1,3",104,39,""
0,"0,2,8,1,16,1,111,1,3",105,38,""
0,"0,12,245,1,2",106,37,""
0,"0,12,246,1,2",107,36,""
1,"0,2,16,1,224,1,0",107,36,""
0,"0,12,245,1,3",108,35,""
1,"0,2,16,1,225,1,0",108,35,""
0,"0,12,246,1,3",109,34,1
0,"0,2,297,1,3",110,33,""
0,"0,2,298,1,3",111,32,3
1,"488,1,0",111,32,"2,3"
0,"0,2,8,3,138,1,0",112,31,""
0,"489,1,0",113,30,2
0,"0,5,17,1,154,1,3",114,29,""
1,"490,1,0",114,29,"2,3"
0,"0,2,8,2,147,1,3",115,28,""
1,"8,2,206,1,0",115,28,3
0,"137,1,18",116,27,""
1,"8,1,17,1,160,1,0",116,27,2
0,"315,1,3",117,26,0
1,"0,5,300,1,1",117,26,""
2,"491,1,0",117,26,1
3,"8,2,207,1,0",117,26,2
0,"8,2,149,1,3",118,25,1
1,"0,2,64,2,2",118,25,""
2,"0,3,317,1,1",118,25,2
3,"8,2,208,1,0",118,25,4
4,"0,2,64,1,113,1,0",118,25,""
0,"14,1,124",119,24,""
1,"16,1,167,1,3",119,24,2
2,"0,2,299,1,2",119,24,3
3,"8,1,9,1,194,1,0",119,24,5
0,"8,1,218,1,3",120,23,1
1,"0,2,64,2,3",120,23,""
2,"0,3,292,1,2",120,23,""
3,"9,1,13,1,167,1,0",120,23,3
0,"8,1,219,1,3",121,22,1
1,"1,1,64,2,3",121,22,""
2,"0,2,299,1,3",121,22,2
3,"0,2,301,1,2",121,22,""
4,"0,2,300,1,2",121,22,3
5,"347,1,1",121,22,""
6,"8,1,291,1,0",121,22,6
0,"13,1,194,1,3",122,21,0
1,"0,3,292,1,3",122,21,""
2,"317,1,2",122,21,"3,7,8"
3,"8,1,292,1,0",122,21,"7,8"
4,"0,2,8,1,9,1,188,1,0",122,21,""
0,"187,1,8",123,20,""
1,"292,1,4",123,20,5
2,"0,2,301,1,3",123,20,""
3,"0,2,300,1,3",123,20,1
4,"492,1,0",123,20,""
0,"317,1,3",124,19,"2,3"
1,"316,1,3",124,19,2
2,"1,1,300,1,3",124,19,""
3,"0,4,59,1,69,1,3",124,19,""
4,"8,1,293,1,0",124,19,""
5,"0,5,440,1,0",124,19,""
0,235,125,18,"1,3"
1,"0,2,304,1,3",125,18,""
2,"0,2,13,1,188,1,3",125,18,""
3,"8,2,209,1,0",125,18,""
4,"0,4,449,1,0",125,18,5
0,"318,1,3",126,17,""
1,"3,1,266,1,3",126,17,""
2,"0,2,306,1,3",126,17,""
3,"493,1,0",126,17,""
4,"8,1,294,1,0",126,17,""
5,"0,15,69,2,0",126,17,""
0,"3,1,267,1,3",127,16,1
1,"494,1,0",127,16,""
2,"13,1,261,1,0",127,16,""
3,"0,1,69,1,112,1,0",127,16,""
4,"0,15,324,1,0",127,16,""
0,236,128,15,""
1,"67,2,3",128,15,""
2,"9,1,209,1,3",128,15,""
3,"495,1,0",128,15,""
4,"0,1,482,1,0",128,15,""
5,"0,1,69,1,113,1,0",128,15,3
6,"0,2,475,1,0",128,15,""
0,"2,1,214",129,14,""
1,"319,1,3",129,14,3
2,"67,1,68,1,3",129,14,3
3,"0,1,312,1,2",129,14,""
4,"0,1,311,1,2",129,14,""
5,"0,1,483,1,0",129,14,""
0,"68,2,3",130,13,""
1,"0,1,64,1,69,1,3",130,13,""
2,"0,1,314,1,2",130,13,2
3,"496,1,0",130,13,""
4,"0,1,484,1,0",130,13,""
0,"320,1,3",131,12,""
1,"0,1,312,1,3",131,12,1
2,"0,1,311,1,3",131,12,""
3,"0,1,486,1,0",131,12,""
0,"321,1,3",132,11,""
1,"3,1,270,1,3",132,11,""
2,"0,1,314,1,3",132,11,3
3,"7,1,311,1,0",132,11,""
4,"1,1,478,1,0",132,11,""
5,"0,2,479,1,0",132,11,""
0,"322,1,3",133,10,1
1,"7,1,314,1,0",133,10,5
2,"1,1,479,1,0",133,10,""
3,"0,1,2,1,445,1,0",133,10,""
0,237,134,9,""
1,"67,1,69,1,3",134,9,""
2,"0,3,69,2,1",134,9,""
0,"323,1,3",135,8,""
1,"68,1,69,1,3",135,8,""
2,"0,3,324,1,1",135,8,2
0,"69,2,2",138,5,0
0,"324,1,2",139,4,"0,1"
0,"69,2,3",140,3,""
0,"324,1,3",141,2,0
0,"0,144,0",0,144,""
0,"0,132,1",8,136,""
0,"0,129,2",12,132,""
0,"0,129,3",14,130,""
0,"0,3,296,1,2",99,45,""
0,"8,1,295,1,0",100,44,""
0,"0,3,296,1,3",101,43,""
1,"8,1,296,1,0",101,43,0
0,"17,1,183,1,1",102,42,""
0,"325,1,3",103,41,0
1,"0,16,246,1,1",103,41,""
2,"498,1,0",103,41,""
0,"326,1,3",104,40,0
1,"8,3,145,1,0",104,40,""
0,"8,2,16,1,111,1,0",105,39,""
0,"8,2,17,1,111,1,0",106,38,""
0,"8,2,152,1,3",107,37,""
1,"0,13,246,1,2",107,37,""
2,"8,2,211,1,0",107,37,""
0,"8,2,153,1,3",108,36,""
1,"0,13,245,1,3",108,36,""
2,"8,5,49,1,0",108,36,""
0,"8,1,17,1,117,1,3",109,35,""
1,"0,13,246,1,3",109,35,0
2,"8,5,50,1,0",109,35,""
0,"8,1,223,1,3",110,34,""
1,"8,1,297,1,0",110,34,""
2,"8,3,16,1,17,2,0",110,34,""
3,"1,2,452,1,0",110,34,""
0,"8,4,55,1,3",111,33,""
1,"8,1,298,1,0",111,33,1
2,"8,4,88,1,0",111,33,""
3,"0,1,488,1,0",111,33,""
0,"8,4,56,1,3",112,32,""
1,"17,1,238,1,0",112,32,1
2,"8,8,0",112,32,""
0,"8,1,224,1,3",113,31,""
1,"8,3,17,1,40,1,3",113,31,""
2,"8,6,22,1,0",113,31,""
3,"0,1,489,1,0",113,31,""
0,"8,1,225,1,3",114,30,0
1,"8,3,100,1,3",114,30,""
2,"8,3,146,1,0",114,30,""
3,"8,6,23,1,0",114,30,""
0,"8,6,9,1,3",115,29,""
1,"8,3,147,1,0",115,29,""
2,"8,5,51,1,0",115,29,""
0,"8,5,29,1,3",116,28,""
1,"8,2,17,1,113,1,0",116,28,""
2,"8,4,13,3,0",116,28,""
0,"8,2,16,1,64,1,3",117,27,""
1,"8,4,9,1,23,1,3",117,27,""
2,"0,6,300,1,1",117,27,""
3,"8,1,17,1,162,1,0",117,27,""
4,"8,3,13,2,32,1,0",117,27,""
5,"0,1,491,1,0",117,27,""
0,238,118,26,"0,1,3"
1,"8,2,17,1,64,1,3",118,26,1
2,"8,3,9,1,51,1,3",118,26,""
3,"0,3,64,2,2",118,26,""
4,"0,4,317,1,1",118,26,2
5,"8,2,13,3,23,1,0",118,26,""
6,"8,4,89,1,0",118,26,""
0,"8,2,154,1,3",119,25,""
1,"8,2,9,1,13,3,3",119,25,""
2,"0,3,299,1,2",119,25,1
3,"8,1,13,3,51,1,0",119,25,""
4,"8,3,9,1,80,1,0",119,25,""
0,"8,1,42,1,64,1,3",120,24,""
1,"8,1,9,1,13,2,32,1,3",120,24,""
2,"0,3,64,2,3",120,24,""
3,"0,4,292,1,2",120,24,""
4,"13,6,0",120,24,""
5,"8,1,64,2,0",120,24,""
6,"8,2,23,1,89,1,0",120,24,""
0,"9,1,13,3,23,1,3",121,23,""
1,"8,3,101,1,3",121,23,""
2,"0,3,299,1,3",121,23,0
3,"0,3,301,1,2",121,23,""
4,"0,3,300,1,2",121,23,1
5,"0,1,347,1,1",121,23,""
6,"8,1,299,1,0",121,23,2
7,"8,1,9,1,23,1,80,1,0",121,23,""
8,"0,1,8,1,291,1,0",121,23,""
0,"8,2,13,1,80,1,3",122,22,""
1,"0,4,292,1,3",122,22,""
2,"0,1,317,1,2",122,22,"1,2,3"
3,"17,1,188,1,1",122,22,2
4,"499,1,0",122,22,""
5,"9,1,13,2,101,1,0",122,22,""
6,"0,1,8,1,292,1,0",122,22,4
0,"13,2,32,1,17",123,21,""
1,"64,1,72,1,3",123,21,"2,3"
2,"8,1,23,1,101,1,3",123,21,""
3,"0,3,301,1,3",123,21,""
4,"0,3,300,1,3",123,21,0
0,"327,1,3",124,20,0
1,"13,1,23,1,80,1,3",124,20,""
2,"0,1,317,1,3",124,20,1
3,"0,1,316,1,3",124,20,""
4,"8,2,212,1,0",124,20,""
5,"0,6,440,1,0",124,20,""
0,"2,1,292,1,3",125,19,2
1,"13,1,266,1,0",125,19,""
2,"8,1,13,1,188,1,0",125,19,3
3,"0,5,449,1,0",125,19,4
0,"0,1,318,1,3",126,18,""
1,"0,1,3,1,266,1,3",126,18,""
2,"501,1,0",126,18,""
3,"500,1,0",126,18,""
4,"13,1,267,1,0",126,18,""
0,239,127,17,""
1,"9,1,212,1,3",127,17,""
2,"0,1,3,1,267,1,3",127,17,""
3,"0,2,69,1,112,1,0",127,17,""
4,"0,16,324,1,0",127,17,""
0,240,128,16,"1,2"
1,"266,1,5",128,16,2
2,"328,1,3",128,16,""
3,"0,1,67,2,3",128,16,""
4,"0,2,69,1,113,1,0",128,16,""
0,"0,1,319,1,3",129,15,""
1,"0,2,312,1,2",129,15,""
2,"0,2,311,1,2",129,15,""
3,"23,1,213,1,0",129,15,""
0,"329,1,3",130,14,""
1,"0,2,64,1,69,1,3",130,14,""
2,"0,2,314,1,2",130,14,3
3,"7,1,319,1,0",130,14,""
0,"330,1,3",131,13,""
1,"1,1,64,1,69,1,3",131,13,""
2,"0,2,312,1,3",131,13,""
3,"0,2,311,1,3",131,13,""
4,"502,1,0",131,13,""
5,"0,2,486,1,0",131,13,""
0,"331,1,3",132,12,""
1,"0,1,3,1,270,1,3",132,12,""
2,"0,2,314,1,3",132,12,1
3,"367,1,1",132,12,3
4,"1,1,486,1,0",132,12,""
5,"0,1,7,1,311,1,0",132,12,""
0,"0,1,322,1,3",133,11,""
1,"503,1,0",133,11,5
2,"7,1,321,1,0",133,11,""
3,"0,1,7,1,314,1,0",133,11,5
0,"67,1,46",134,10,""
1,"333,1,3",134,10,3
2,"0,4,69,2,1",134,10,""
3,"7,1,322,1,0",134,10,""
0,"1,1,234",135,9,5
1,"68,1,46",135,9,""
2,"0,1,68,1,69,1,3",135,9,""
3,"0,4,324,1,1",135,9,4
4,"504,1,0",135,9,5
0,"7,1,323,1,0",136,8,""
1,"1,1,5,1,69,2,0",136,8,""
0,"6,1,69,2,0",137,7,""
1,"1,1,5,1,324,1,0",137,7,""
0,"0,1,69,2,2",138,6,0
1,"6,1,324,1,0",138,6,0
0,"0,1,324,1,2",139,5,"2,3"
1,"507,1,0",139,5,""
0,"0,1,69,2,3",140,4,""
1,"508,1,0",140,4,""
0,241,141,3,""
1,"0,1,324,1,3",141,3,0
0,"7,1,324,1,0",142,2,""
0,"0,145,0",0,145,""
0,"0,133,1",8,137,""
0,"0,130,2",12,133,""
0,"0,130,3",14,131,""
0,"1,1,487,1,0",97,48,""
0,"0,4,296,1,2",99,46,""
0,"0,1,8,1,295,1,0",100,45,""
0,"0,4,296,1,3",101,44,""
1,"0,1,8,1,296,1,0",101,44,0
0,"0,1,17,1,183,1,1",102,43,""
0,"0,1,325,1,3",103,42,""
1,"0,17,246,1,1",103,42,""
0,"0,1,326,1,3",104,41,0
0,242,106,39,""
0,"0,14,246,1,2",107,38,""
0,"0,14,245,1,3",108,37,""
0,"0,14,246,1,3",109,36,0
0,243,110,35,""
1,"0,1,8,1,297,1,0",110,35,""
0,"0,1,8,1,298,1,0",111,34,0
1,"0,2,488,1,0",111,34,""
0,"0,1,17,1,238,1,0",112,33,""
0,"0,1,8,1,224,1,3",113,32,""
0,"0,1,8,1,225,1,3",114,31,0
0,"5,1,244,1,3",115,30,""
0,"149,1,15",117,28,""
1,"0,1,8,2,16,1,64,1,3",117,28,""
2,"0,7,300,1,1",117,28,""
3,"0,2,491,1,0",117,28,""
0,"0,1,8,2,17,1,64,1,3",118,27,""
1,"0,4,64,2,2",118,27,""
2,"0,5,317,1,1",118,27,2
3,"509,1,0",118,27,2
4,"1,1,491,1,0",118,27,""
0,"0,4,299,1,2",119,26,"1,3"
0,"0,4,64,2,3",120,25,""
1,"0,5,292,1,2",120,25,""
2,"0,1,8,1,64,2,0",120,25,""
0,"0,4,299,1,3",121,24,1
1,"0,4,300,1,2",121,24,""
2,"0,2,347,1,1",121,24,""
3,"0,1,8,1,299,1,0",121,24,""
4,"0,2,8,1,291,1,0",121,24,""
0,"0,5,292,1,3",122,23,""
1,"0,2,317,1,2",122,23,"2,4"
2,"0,1,17,1,188,1,1",122,23,""
3,"5,1,347,1,0",122,23,""
4,"0,2,8,1,292,1,0",122,23,""
0,"0,1,64,1,72,1,3",123,22,""
1,"0,4,301,1,3",123,22,""
2,"0,4,300,1,3",123,22,""
0,"0,1,327,1,3",124,21,"1,2"
1,"0,2,317,1,3",124,21,1
2,"0,2,316,1,3",124,21,""
3,"0,1,8,2,212,1,0",124,21,""
4,"0,7,440,1,0",124,21,""
0,"0,1,2,1,292,1,3",125,20,""
1,"510,1,0",125,20,""
2,"0,6,449,1,0",125,20,5
0,244,126,19,"1,2,4"
1,"334,1,3",126,19,""
2,"13,3,95,1,0",126,19,""
3,"0,1,500,1,0",126,19,""
0,"0,1,239",127,18,""
1,"0,1,9,1,212,1,3",127,18,""
2,"1,1,493,1,0",127,18,""
3,"0,17,324,1,0",127,18,""
0,"0,1,240",128,17,""
1,"2,1,13,1,188,1,3",128,17,""
2,"1,1,494,1,0",128,17,""
0,"13,1,75,1,17",129,16,""
1,"0,2,319,1,3",129,16,""
2,"0,3,312,1,2",129,16,""
3,"0,3,311,1,2",129,16,""
4,"1,1,495,1,0",129,16,""
0,245,130,15,""
1,"1,1,319,1,3",130,15,""
2,"0,3,314,1,2",130,15,4
3,"8,1,64,1,69,1,0",130,15,""
0,"0,3,312,1,3",131,14,""
1,"0,3,311,1,3",131,14,""
2,"8,1,312,1,0",131,14,5
3,"0,1,502,1,0",131,14,""
0,"335,1,3",132,13,""
1,"1,1,320,1,3",132,13,""
2,"0,3,314,1,3",132,13,2
3,"0,1,367,1,1",132,13,4
4,"8,1,314,1,0",132,13,4
5,"0,2,7,1,311,1,0",132,13,""
0,246,133,12,"1,3,5"
1,"336,1,3",133,12,1
2,"69,1,72,1,3",133,12,""
3,"375,1,1",133,12,""
4,"511,1,0",133,12,5
5,"0,2,7,1,314,1,0",133,12,5
0,247,134,11,""
1,"337,1,3",134,11,1
2,"1,1,322,1,3",134,11,""
3,"0,1,333,1,3",134,11,""
4,"0,5,69,2,1",134,11,""
5,"0,1,7,1,322,1,0",134,11,""
0,248,135,10,""
1,"338,1,3",135,10,2
2,"0,2,68,1,69,1,3",135,10,""
3,"0,5,324,1,1",135,10,3
4,"512,1,0",135,10,""
5,"7,1,333,1,0",135,10,""
6,"0,1,504,1,0",135,10,""
0,249,136,9,2
1,"513,1,0",136,9,""
0,"0,1,6,1,69,2,0",137,8,""
0,"70,1,46",138,7,""
1,"339,1,3",138,7,""
2,"0,2,69,2,2",138,7,1
3,"0,1,6,1,324,1,0",138,7,1
0,"340,1,3",139,6,2
1,"0,2,324,1,2",139,6,"3,4"
2,"0,1,507,1,0",139,6,""
0,"0,2,69,2,3",140,5,""
1,"0,1,508,1,0",140,5,""
0,"0,1,241",141,4,""
1,"1,1,69,2,3",141,4,""
2,"0,2,324,1,3",141,4,1
0,"1,1,324,1,3",142,3,""
1,"0,1,7,1,324,1,0",142,3,""
0,"0,146,0",0,146,""
0,"0,134,1",8,138,""
0,"0,131,2",12,134,""
0,"0,131,3",14,132,""
0,"515,1,0",97,49,""
0,"0,5,296,1,2",99,47,""
0,"0,2,8,1,295,1,0",100,46,""
0,"0,5,296,1,3",101,45,""
1,"0,2,8,1,296,1,0",101,45,""
0,"342,1,3",102,44,""
0,"0,2,325,1,3",103,43,""
1,"0,18,246,1,1",103,43,""
0,"0,2,326,1,3",104,42,""
1,"1,1,498,1,0",104,42,""
0,"0,1,242",106,40,""
0,"0,15,246,1,2",107,39,""
0,"0,15,245,1,3",108,38,""
0,"0,15,246,1,3",109,37,""
0,"0,2,8,1,297,1,0",110,36,""
0,"0,2,8,1,298,1,0",111,35,""
0,"0,2,8,1,224,1,3",113,33,""
0,"0,2,8,1,225,1,3",114,32,""
1,"16,1,244,1,0",114,32,2
0,"17,1,244,1,0",115,31,"2,3"
0,"16,1,245,1,0",116,30,2
0,"343,1,3",117,29,"1,2"
1,"8,1,315,1,0",117,29,4
2,"0,3,491,1,0",117,29,""
0,"0,2,8,2,17,1,64,1,3",118,28,""
1,"0,6,317,1,1",118,28,5
2,"8,3,149,1,0",118,28,4
3,"0,1,509,1,0",118,28,5
0,"344,1,3",119,27,1
1,"0,5,299,1,2",119,27,"2,5"
2,"8,1,16,1,167,1,0",119,27,4
0,"345,1,3",120,26,"0,3"
1,"0,5,64,2,3",120,26,""
2,"516,1,0",120,26,"1,3"
3,"8,2,218,1,0",120,26,2
0,"8,2,160,1,3",121,25,1
1,"0,5,299,1,3",121,25,2
2,"0,5,300,1,2",121,25,""
3,"8,2,219,1,0",121,25,4
4,"0,2,8,1,299,1,0",121,25,""
0,"8,1,232,1,3",122,24,1
1,"0,3,317,1,2",122,24,3
2,"8,1,13,1,194,1,0",122,24,5
0,"8,1,233,1,3",123,23,1
1,"0,5,301,1,3",123,23,""
2,"0,5,300,1,3",123,23,""
3,"13,2,167,1,0",123,23,3
0,"9,1,219,1,3",124,22,1
1,"0,2,327,1,3",124,22,5
2,"0,3,317,1,3",124,22,"2,5"
3,"517,1,0",124,22,5
4,"8,1,316,1,0",124,22,4
5,"0,8,440,1,0",124,22,""
0,250,125,21,"5,6"
1,"347,1,2",125,21,6
2,"518,1,0",125,21,""
3,"9,1,292,1,0",125,21,"4,5"
4,"0,7,449,1,0",125,21,6
0,"0,1,244",126,20,"1,5"
1,"23,1,106",126,20,3
2,"8,1,318,1,0",126,20,""
3,"0,2,500,1,0",126,20,""
0,"0,2,239",127,19,""
1,"347,1,3",127,19,""
2,"346,1,3",127,19,1
3,"9,1,293,1,0",127,19,""
4,"1,1,500,1,0",127,19,""
5,"0,18,324,1,0",127,19,""
0,251,128,18,6
1,"0,1,2,1,13,1,188,1,3",128,18,""
2,"349,1,2",128,18,""
3,"519,1,0",128,18,""
4,"8,1,9,1,209,1,0",128,18,""
0,"1,1,240",129,17,""
1,"348,1,3",129,17,""
2,"1,1,328,1,3",129,17,""
3,"0,4,312,1,2",129,17,""
4,"0,4,311,1,2",129,17,""
5,"9,1,294,1,0",129,17,""
0,"2,1,18,1,106",130,16,""
1,"350,1,3",130,16,""
2,"349,1,3",130,16,""
3,"3,1,285,1,3",130,16,""
4,"0,4,314,1,2",130,16,""
5,"0,1,8,1,64,1,69,1,0",130,16,""
0,"13,1,209,1,3",131,15,""
1,"0,4,312,1,3",131,15,""
2,"0,4,311,1,3",131,15,""
3,"0,1,8,1,312,1,0",131,15,3
4,"0,2,502,1,0",131,15,""
0,252,132,14,1
1,"0,1,335,1,3",132,14,""
2,"0,4,314,1,3",132,14,3
3,"13,1,281,1,0",132,14,""
4,"0,1,8,1,314,1,0",132,14,""
5,"0,3,7,1,311,1,0",132,14,""
0,"0,1,336,1,3",133,13,""
1,"0,1,69,1,72,1,3",133,13,""
2,"1,2,486,1,0",133,13,""
3,"0,3,7,1,314,1,0",133,13,5
0,"351,1,3",134,12,"1,2"
1,"0,1,337,1,3",134,12,3
2,"0,2,333,1,3",134,12,""
3,"0,6,69,2,1",134,12,""
0,"0,1,338,1,3",135,11,7
1,"0,6,324,1,1",135,11,4
2,"0,1,7,1,333,1,0",135,11,""
0,"522,1,0",136,10,""
0,"352,1,3",137,9,""
1,"0,2,6,1,69,2,0",137,9,""
0,"353,1,3",138,8,""
1,"69,1,75,1,3",138,8,""
2,"0,1,339,1,3",138,8,""
3,"0,3,69,2,2",138,8,""
4,"0,2,6,1,324,1,0",138,8,""
0,253,139,7,""
1,"0,1,340,1,3",139,7,""
2,"0,3,324,1,2",139,7,1
0,254,140,6,2
1,"0,3,69,2,3",140,6,""
2,"8,1,69,2,0",140,6,""
3,"0,2,508,1,0",140,6,""
0,"69,2,4",141,5,3
1,"0,3,324,1,3",141,5,2
2,"526,1,0",141,5,3
3,"8,1,324,1,0",141,5,3
4,"1,1,508,1,0",141,5,""
0,"324,1,4",142,4,"1,3"
1,"527,1,0",142,4,""
2,"0,2,7,1,324,1,0",142,4,""
0,"1,1,7,1,324,1,0",143,3,""
0,"0,147,0",0,147,""
0,"0,135,1",8,139,""
0,"0,132,2",12,135,""
0,"0,132,3",14,133,""
0,"0,19,246,1,1",103,44,""
1,"8,1,325,1,0",103,44,""
0,"8,1,326,1,0",104,43,2
0,"17,1,253,1,0",105,42,""
0,"8,1,236,1,3",106,41,""
1,"17,1,183,1,2",106,41,0
2,"528,1,0",106,41,0
0,"16,1,183,1,3",107,40,0
1,"0,16,246,1,2",107,40,""
2,"8,3,152,1,0",107,40,""
0,"17,1,183,1,3",108,39,""
1,"8,3,153,1,0",108,39,""
0,"354,1,3",109,38,""
1,"0,16,246,1,3",109,38,""
2,"402,1,1",109,38,""
3,"8,2,17,1,117,1,0",109,38,""
0,"8,3,110,1,3",110,37,""
1,"403,1,1",110,37,1
2,"8,2,223,1,0",110,37,""
0,"135,1,25",111,36,""
1,"8,3,111,1,3",111,36,""
2,"8,5,55,1,0",111,36,""
0,"8,1,16,1,17,1,50,1,3",112,35,""
1,"8,5,56,1,0",112,35,""
0,"8,2,161,1,3",113,34,""
1,"8,2,224,1,0",113,34,""
2,"8,4,17,1,40,1,0",113,34,""
0,"8,5,31,1,3",114,33,""
1,"8,2,225,1,0",114,33,0
2,"8,4,100,1,0",114,33,""
3,"0,1,16,1,244,1,0",114,33,""
0,"8,4,16,1,17,1,3",115,32,""
1,"16,1,17,1,138,1,0",115,32,1
2,"8,7,9,1,0",115,32,""
3,"0,1,17,1,244,1,0",115,32,1
0,"8,1,237,1,3",116,31,""
1,"8,4,17,2,3",116,31,""
2,"59,1,137,1,0",116,31,""
3,"17,2,138,1,0",116,31,""
4,"8,6,29,1,0",116,31,""
0,"8,1,238,1,3",117,30,0
1,"8,4,60,1,3",117,30,""
2,"0,1,343,1,3",117,30,""
3,"8,3,16,1,64,1,0",117,30,""
4,"8,5,9,1,23,1,0",117,30,""
5,"0,4,491,1,0",117,30,""
0,"17,1,185,1,3",118,29,1
1,"8,6,13,1,3",118,29,""
2,"0,7,317,1,1",118,29,2
3,"8,3,17,1,64,1,0",118,29,""
4,"8,4,9,1,51,1,0",118,29,""
5,"0,2,509,1,0",118,29,2
0,"8,5,32,1,3",119,28,""
1,"8,3,154,1,0",119,28,""
2,"8,3,9,1,13,3,0",119,28,""
3,"1,2,491,1,0",119,28,""
0,"8,3,112,1,3",120,27,""
1,"8,4,13,1,23,1,3",120,27,""
2,"0,6,64,2,3",120,27,""
3,"8,2,42,1,64,1,0",120,27,""
4,"8,2,9,1,13,2,32,1,0",120,27,""
5,"0,1,516,1,0",120,27,""
0,"8,3,113,1,3",121,26,0
1,"8,3,13,1,51,1,3",121,26,""
2,"0,6,299,1,3",121,26,0
3,"0,6,300,1,2",121,26,""
4,"529,1,0",121,26,1
5,"8,1,9,1,13,3,23,1,0",121,26,""
6,"8,4,101,1,0",121,26,""
0,"8,2,162,1,3",122,25,""
1,"8,2,13,4,3",122,25,""
2,"0,4,317,1,2",122,25,1
3,"9,1,13,3,51,1,0",122,25,""
4,"8,3,13,1,80,1,0",122,25,""
0,"8,1,23,1,113,1,3",123,24,""
1,"8,1,13,3,32,1,3",123,24,""
2,"0,6,300,1,3",123,24,""
3,"8,1,64,1,72,1,0",123,24,""
4,"8,2,23,1,101,1,0",123,24,""
5,"1,1,5,1,347,1,0",123,24,""
0,"13,4,23,1,3",124,23,""
1,"8,2,9,1,101,1,3",124,23,""
2,"0,4,317,1,3",124,23,1
3,"8,1,327,1,0",124,23,""
4,"8,1,13,1,23,1,80,1,0",124,23,""
5,"0,1,8,1,316,1,0",124,23,""
6,"0,9,440,1,0",124,23,""
0,"8,1,9,1,13,1,80,1,3",125,22,""
1,"0,1,347,1,2",125,22,3
2,"17,1,255,1,0",125,22,3
3,"13,3,101,1,0",125,22,""
4,"0,1,9,1,292,1,0",125,22,2
5,"0,8,449,1,0",125,22,3
0,"16,1,187,1,3",126,21,""
1,"9,1,23,1,101,1,3",126,21,""
2,"17,1,188,1,2",126,21,"0,2"
3,"530,1,0",126,21,""
4,"0,3,500,1,0",126,21,""
0,"1,1,244",127,20,"3,4"
1,"13,1,51,1,33",127,20,""
2,"16,1,188,1,3",127,20,1
3,"1,1,334,1,3",127,20,""
4,"0,1,347,1,3",127,20,""
5,"0,1,346,1,3",127,20,""
6,"358,1,2",127,20,""
7,"8,1,9,1,212,1,0",127,20,""
8,"0,19,324,1,0",127,20,""
0,"356,1,3",128,19,"1,2"
1,"355,1,3",128,19,1
2,"17,1,188,1,3",128,19,1
3,"359,1,2",128,19,3
4,"0,1,349,1,2",128,19,""
5,"9,1,13,1,188,1,0",128,19,""
0,"358,1,3",129,18,""
1,"0,5,312,1,2",129,18,""
2,"13,1,286,1,0",129,18,""
0,"359,1,3",130,17,1
1,"13,1,212,1,3",130,17,""
2,"0,1,349,1,3",130,17,""
3,"0,2,8,1,64,1,69,1,0",130,17,""
0,255,131,16,1
1,"360,1,3",131,16,""
2,"0,5,312,1,3",131,16,""
3,"0,5,311,1,3",131,16,""
4,"0,2,8,1,312,1,0",131,16,""
0,257,132,15,""
1,256,132,15,0
2,"362,1,3",132,15,""
3,"361,1,3",132,15,4
4,"0,5,314,1,3",132,15,""
5,"0,4,7,1,311,1,0",132,15,""
0,258,133,14,0
1,"7,1,250,1,3",133,14,""
2,"0,2,336,1,3",133,14,""
3,"0,2,69,1,72,1,3",133,14,""
4,"531,1,0",133,14,""
5,"13,1,288,1,0",133,14,""
6,"0,4,7,1,314,1,0",133,14,""
0,259,134,13,2
1,"363,1,3",134,13,""
2,"0,1,351,1,3",134,13,""
3,"0,2,337,1,3",134,13,""
4,"0,7,69,2,1",134,13,""
5,"533,1,0",134,13,""
6,"8,1,333,1,0",134,13,""
7,"1,1,511,1,0",134,13,""
0,"365,1,3",135,12,2
1,"0,7,324,1,1",135,12,3
2,"534,1,0",135,12,5
0,"367,1,2",136,11,""
0,260,137,10,3
1,"366,1,3",137,10,""
2,"0,1,352,1,3",137,10,""
0,"367,1,3",138,9,4
1,"0,4,69,2,2",138,9,""
2,"7,1,352,1,0",138,9,""
0,261,139,8,""
1,"0,1,253",139,8,""
2,"0,2,340,1,3",139,8,""
3,"0,4,324,1,2",139,8,2
4,"7,1,353,1,0",139,8,""
0,262,140,7,4
1,"368,1,3",140,7,""
2,"0,4,69,2,3",140,7,""
3,"0,1,8,1,69,2,0",140,7,""
4,"0,3,508,1,0",140,7,""
0,"0,4,324,1,3",141,6,1
1,"2,1,69,2,2",141,6,4
2,"0,1,526,1,0",141,6,4
3,"0,1,8,1,324,1,0",141,6,4
0,263,142,5,"2,3"
1,"1,2,69,2,3",142,5,""
2,"2,1,324,1,2",142,5,"5,7"
3,"0,3,7,1,324,1,0",142,5,""
0,"2,1,69,2,3",143,4,""
1,"1,2,324,1,3",143,4,""
0,"2,1,324,1,3",144,3,1
0,"0,148,0",0,148,""
0,"0,136,1",8,140,""
0,"0,133,2",12,136,""
0,"0,133,3",14,134,""
0,"1,1,515,1,0",98,50,""
0,"536,1,0",99,49,""
0,"1,1,342,1,3",103,45,""
1,"0,20,246,1,1",103,45,""
2,"0,1,8,1,325,1,0",103,45,""
0,"0,1,8,1,326,1,0",104,44,2
0,"0,1,17,1,253,1,0",105,43,""
0,"0,1,8,1,236,1,3",106,42,""
1,"0,1,17,1,183,1,2",106,42,""
0,"0,1,16,1,183,1,3",107,41,0
1,"0,17,246,1,2",107,41,""
0,"0,1,17,1,183,1,3",108,40,""
0,"0,17,246,1,3",109,39,""
1,"0,1,402,1,1",109,39,""
0,"0,1,403,1,1",110,38,1
0,"0,1,8,2,224,1,0",113,35,""
0,"0,1,8,2,225,1,0",114,34,""
1,"0,2,16,1,244,1,0",114,34,""
0,"0,2,17,1,244,1,0",115,33,""
0,"0,1,8,1,237,1,3",116,32,""
0,"0,1,8,1,238,1,3",117,31,0
1,"0,2,343,1,3",117,31,""
2,"0,5,491,1,0",117,31,""
0,"0,1,17,1,185,1,3",118,30,2
1,"0,3,509,1,0",118,30,3
0,264,119,29,""
0,"0,7,64,2,3",120,28,""
1,"0,2,516,1,0",120,28,""
0,"0,7,299,1,3",121,27,""
1,"0,7,300,1,2",121,27,""
2,"0,1,529,1,0",121,27,""
0,"0,5,317,1,2",122,26,1
0,"149,1,18",123,25,""
1,"0,7,300,1,3",123,25,""
0,"5,1,260,1,3",124,24,""
1,"0,5,317,1,3",124,24,1
2,"0,2,8,1,316,1,0",124,24,""
3,"0,10,440,1,0",124,24,""
0,"0,2,347,1,2",125,23,""
1,"0,2,9,1,292,1,0",125,23,""
2,"0,9,449,1,0",125,23,""
0,"14,1,143",126,22,""
1,"0,1,16,1,187,1,3",126,22,""
2,"0,1,17,1,188,1,2",126,22,1
3,"0,1,530,1,0",126,22,""
4,"0,4,500,1,0",126,22,""
0,"0,1,16,1,188,1,3",127,21,""
1,"0,2,347,1,3",127,21,""
2,"0,2,346,1,3",127,21,""
3,"0,1,358,1,2",127,21,""
4,"537,1,0",127,21,""
5,"13,3,105,1,0",127,21,""
6,"0,20,324,1,0",127,21,""
0,"1,1,347,1,3",128,20,""
1,"0,1,356,1,3",128,20,2
2,"0,1,355,1,3",128,20,2
3,"0,1,17,1,188,1,3",128,20,2
4,"0,1,359,1,2",128,20,3
5,"0,2,349,1,2",128,20,""
0,"3,1,221",129,19,3
1,"0,1,358,1,3",129,19,""
2,"1,1,519,1,0",129,19,""
0,"2,1,239",130,18,""
1,"209,1,8",130,18,""
2,"13,2,133,1,3",130,18,""
3,"0,1,359,1,3",130,18,0
4,"0,1,13,1,212,1,3",130,18,""
5,"0,2,349,1,3",130,18,""
6,"539,1,0",130,18,""
0,"266,1,6",131,17,""
1,"369,1,3",131,17,""
2,"2,1,328,1,3",131,17,""
3,"0,6,312,1,3",131,17,""
4,"418,1,1",131,17,""
0,"0,1,257",132,16,""
1,"13,1,155",132,16,""
2,"267,1,6",132,16,1
3,"0,6,314,1,3",132,16,""
0,"0,1,258",133,15,0
1,"1,1,252",133,15,""
2,"67,1,53",133,15,""
3,"335,1,4",133,15,""
4,"370,1,3",133,15,""
5,"8,1,69,1,72,1,0",133,15,""
0,265,134,14,5
1,"68,1,53",134,14,3
2,"0,1,363,1,3",134,14,""
3,"0,8,69,2,1",134,14,""
4,"8,1,337,1,0",134,14,5
5,"0,1,8,1,333,1,0",134,14,""
0,266,135,13,2
1,"0,1,365,1,3",135,13,2
2,"0,8,324,1,1",135,13,1
3,"540,1,0",135,13,""
4,"8,1,338,1,0",135,13,4
5,"0,1,534,1,0",135,13,4
0,267,136,12,"2,3"
1,"371,1,3",136,12,""
2,"69,1,79,1,3",136,12,""
3,"0,1,367,1,2",136,12,""
4,"542,1,0",136,12,""
5,"541,1,0",136,12,""
0,268,137,11,"3,4"
1,"270,1,6",137,11,""
2,"372,1,3",137,11,2
3,"69,1,80,1,3",137,11,2
4,"0,1,366,1,3",137,11,""
5,"375,1,2",137,11,4
6,"543,1,0",137,11,""
0,"373,1,3",138,10,3
1,"0,1,367,1,3",138,10,3
2,"0,5,69,2,2",138,10,""
3,"544,1,0",138,10,""
4,"0,1,7,1,352,1,0",138,10,""
0,"0,2,253",139,9,""
1,"375,1,3",139,9,"2,3"
2,"0,5,324,1,2",139,9,4
3,"545,1,0",139,9,""
4,"7,1,367,1,0",139,9,""
0,"0,1,262",140,8,""
1,"0,5,69,2,3",140,8,""
2,"547,1,0",140,8,""
3,"546,1,0",140,8,""
4,"0,2,8,1,69,2,0",140,8,""
0,270,141,7,""
1,269,141,7,"0,3"
2,"1,1,254",141,7,""
3,"377,1,3",141,7,""
4,"0,5,324,1,3",141,7,4
5,"1,1,8,1,69,2,0",141,7,""
6,"0,2,526,1,0",141,7,""
7,"0,2,8,1,324,1,0",141,7,""
0,273,142,6,3
1,272,142,6,3
2,271,142,6,"1,2"
3,"378,1,3",142,6,3
4,"1,1,8,1,324,1,0",142,6,""
5,"0,4,7,1,324,1,0",142,6,""
0,274,143,5,"2,3"
1,"0,1,2,1,69,2,3",143,5,""
2,"1,1,527,1,0",143,5,""
0,"0,1,2,1,324,1,3",144,4,0
1,"548,1,0",144,4,""
2,"1,2,7,1,324,1,0",144,4,""
0,275,145,3,2
0,"0,149,0",0,149,""
0,"0,137,1",8,141,""
0,"0,134,2",12,137,""
0,"0,134,3",14,135,""
0,"0,1,536,1,0",99,50,""
0,"379,1,3",103,46,""
1,"0,21,246,1,1",103,46,""
2,"0,2,8,1,325,1,0",103,46,""
0,"0,2,8,1,326,1,0",104,45,""
0,276,105,44,""
0,"0,2,8,1,236,1,3",106,43,""
1,"0,2,17,1,183,1,2",106,43,""
0,"0,2,16,1,183,1,3",107,42,""
1,"0,18,246,1,2",107,42,""
0,"0,2,17,1,183,1,3",108,41,""
0,"0,18,246,1,3",109,40,""
1,"0,2,402,1,1",109,40,""
0,"0,2,403,1,1",110,39,""
1,"5,1,402,1,0",110,39,""
0,"0,2,8,2,225,1,0",114,35,""
0,"0,2,8,1,237,1,3",116,33,""
0,"0,2,8,1,238,1,3",117,32,""
1,"8,1,343,1,0",117,32,3
2,"1,1,59,1,137,1,0",117,32,""
3,"0,6,491,1,0",117,32,""
0,"17,1,257,1,0",118,31,3
1,"0,4,509,1,0",118,31,4
0,"8,1,344,1,0",119,30,2
0,"8,1,244,1,3",120,29,1
1,"8,1,345,1,0",120,29,3
0,"0,8,299,1,3",121,28,""
1,"0,8,300,1,2",121,28,""
2,"8,3,160,1,0",121,28,5
0,"8,1,245,1,3",122,27,1
1,"0,6,317,1,2",122,27,2
2,"8,2,232,1,0",122,27,4
0,"8,1,247,1,3",123,26,1
1,"0,8,300,1,3",123,26,""
2,"16,1,260,1,0",123,26,4
3,"8,2,233,1,0",123,26,5
0,"8,2,166,1,3",124,25,0
1,"0,6,317,1,3",124,25,2
2,"17,1,260,1,0",124,25,"4,6"
3,"8,1,9,1,219,1,0",124,25,5
0,"8,2,167,1,3",125,24,1
1,"0,3,347,1,2",125,24,""
2,"9,1,13,1,194,1,0",125,24,5
0,"380,1,3",126,23,"1,2,4"
1,"8,1,248,1,3",126,23,0
2,"0,2,17,1,188,1,2",126,23,2
3,"549,1,0",126,23,""
4,"0,5,500,1,0",126,23,""
0,"13,1,219,1,3",127,22,0
1,"0,2,16,1,188,1,3",127,22,""
2,"0,3,347,1,3",127,22,""
3,"0,2,358,1,2",127,22,""
4,"8,1,347,1,0",127,22,""
5,"8,1,346,1,0",127,22,5
6,"0,21,324,1,0",127,22,""
0,"0,2,355,1,3",128,21,2
1,"0,2,17,1,188,1,3",128,21,2
2,"0,2,359,1,2",128,21,3
3,"0,3,349,1,2",128,21,""
4,"17,1,209,1,1",128,21,""
5,"550,1,0",128,21,""
6,"13,1,292,1,0",128,21,"4,6"
0,"0,2,358,1,3",129,20,""
1,"422,1,1",129,20,3
2,"551,1,0",129,20,""
3,"8,1,348,1,0",129,20,""
0,"13,1,165",130,19,0
1,"382,1,3",130,19,"2,3,4,5"
2,"0,2,359,1,3",130,19,2
3,"0,3,349,1,3",130,19,""
4,"8,1,350,1,0",130,19,""
5,"0,1,539,1,0",130,19,""
0,"383,1,3",131,18,""
1,"1,1,359,1,3",131,18,""
2,"0,7,312,1,3",131,18,""
3,"8,1,13,1,209,1,0",131,18,""
0,"0,2,257",132,17,""
1,"0,1,267,1,6",132,17,""
2,"8,1,250,1,3",132,17,""
3,"13,1,294,1,0",132,17,""
0,"0,2,258",133,16,0
1,"384,1,3",133,16,""
2,"1,1,361,1,3",133,16,""
3,"0,1,370,1,3",133,16,""
4,"552,1,0",133,16,""
5,"0,1,8,1,69,1,72,1,0",133,16,""
0,"385,1,3",134,15,""
1,"0,9,69,2,1",134,15,""
2,"1,1,531,1,0",134,15,""
3,"0,1,8,1,337,1,0",134,15,""
4,"0,2,8,1,333,1,0",134,15,""
0,277,135,14,5
1,"0,9,324,1,1",135,14,3
2,"1,1,533,1,0",135,14,""
3,"0,2,534,1,0",135,14,""
0,"18,1,188,1,3",136,13,""
1,"0,1,371,1,3",136,13,""
2,"0,1,69,1,79,1,3",136,13,""
3,"389,1,2",136,13,""
4,"0,2,367,1,2",136,13,""
0,"387,1,3",137,12,""
1,"386,1,3",137,12,2
2,"0,1,69,1,80,1,3",137,12,2
3,"0,2,366,1,3",137,12,""
4,"391,1,2",137,12,"3,4"
5,"0,1,375,1,2",137,12,4
0,"389,1,3",138,11,""
1,"388,1,3",138,11,""
2,"0,1,373,1,3",138,11,""
3,"0,2,367,1,3",138,11,""
4,"0,6,69,2,2",138,11,""
0,"0,3,253",139,10,""
1,"391,1,3",139,10,"3,4"
2,"390,1,3",139,10,""
3,"0,1,375,1,3",139,10,4
4,"0,6,324,1,2",139,10,5
5,"69,1,133,1,0",139,10,""
0,"395,1,3",140,9,""
1,"394,1,3",140,9,2
2,"393,1,3",140,9,""
3,"392,1,3",140,9,""
4,"0,6,69,2,3",140,9,""
5,"0,1,546,1,0",140,9,""
0,278,141,8,7
1,"397,1,3",141,8,3
2,"396,1,3",141,8,3
3,"0,1,377,1,3",141,8,""
4,"0,6,324,1,3",141,8,4
5,"0,3,526,1,0",141,8,""
0,"0,1,271",142,7,"3,6,7,8"
1,"398,1,3",142,7,"3,4,6,7,8"
2,"2,1,340,1,3",142,7,4
3,"0,1,378,1,3",142,7,4
4,"0,5,7,1,324,1,0",142,7,""
0,"0,2,2,1,69,2,3",143,6,""
1,"9,1,69,2,0",143,6,""
2,"7,1,378,1,0",143,6,""
0,"0,2,2,1,324,1,3",144,5,""
1,"9,1,324,1,0",144,5,""
2,"0,1,548,1,0",144,5,""
0,"0,1,275",145,4,6
0,"0,150,0",0,150,[NULL]
0,"0,138,1",8,142,[NULL]
0,"0,135,2",12,138,[NULL]
0,"0,135,3",14,136,[NULL]
0,"0,2,536,1,0",99,51,[NULL]
0,"553,1,0",102,48,[NULL]
0,"0,22,246,1,1",103,47,[NULL]
1,"554,1,0",103,47,[NULL]
0,"0,3,17,1,183,1,2",106,44,[NULL]
1,"8,2,236,1,0",106,44,[NULL]
0,"0,19,246,1,2",107,43,[NULL]
1,"8,1,16,1,183,1,0",107,43,[NULL]
0,"0,3,17,1,183,1,3",108,42,[NULL]
1,"8,1,17,1,183,1,0",108,42,[NULL]
0,"8,1,252,1,3",109,41,[NULL]
1,"0,19,246,1,3",109,41,[NULL]
2,"8,1,354,1,0",109,41,[NULL]
0,"8,1,253,1,3",110,40,[NULL]
1,"8,4,110,1,0",110,40,[NULL]
0,"17,1,200,1,3",111,39,[NULL]
1,"8,4,111,1,0",111,39,[NULL]
0,"401,1,3",112,38,[NULL]
1,"555,1,0",112,38,[NULL]
2,"8,2,16,1,17,1,50,1,0",112,38,[NULL]
0,"8,3,116,1,3",113,37,[NULL]
1,"402,1,2",113,37,[NULL]
2,"556,1,0",113,37,[NULL]
3,"8,3,161,1,0",113,37,[NULL]
0,"8,3,117,1,3",114,36,[NULL]
1,"403,1,2",114,36,[NULL]
2,"8,6,31,1,0",114,36,[NULL]
0,"402,1,3",115,35,[NULL]
1,"8,2,17,1,78,1,3",115,35,[NULL]
2,"8,5,16,1,17,1,0",115,35,[NULL]
0,"403,1,3",116,34,[NULL]
1,"8,2,171,1,3",116,34,[NULL]
2,"8,2,237,1,0",116,34,[NULL]
3,"8,5,17,2,0",116,34,[NULL]
0,279,117,33,[NULL]
1,"8,5,39,1,3",117,33,[NULL]
2,"8,2,238,1,0",117,33,[NULL]
3,"8,5,60,1,0",117,33,[NULL]
4,"0,7,491,1,0",117,33,[NULL]
0,"8,5,40,1,3",118,32,[NULL]
1,"8,1,17,1,185,1,0",118,32,[NULL]
2,"8,7,13,1,0",118,32,[NULL]
3,"0,5,509,1,0",118,32,[NULL]
0,"8,1,16,1,137,1,3",119,31,[NULL]
1,"8,4,17,1,20,1,3",119,31,[NULL]
2,"17,2,147,1,0",119,31,[NULL]
3,"8,6,32,1,0",119,31,[NULL]
0,"27,1,108",120,30,[NULL]
1,"8,1,16,1,138,1,3",120,30,[NULL]
2,"8,4,63,1,3",120,30,[NULL]
3,"0,1,8,1,244,1,3",120,30,[NULL]
4,"8,4,112,1,0",120,30,[NULL]
5,"8,5,13,1,23,1,0",120,30,[NULL]
0,"8,1,17,1,138,1,3",121,29,[NULL]
1,"8,5,9,1,13,1,3",121,29,[NULL]
2,"0,9,300,1,2",121,29,[NULL]
3,"8,4,113,1,0",121,29,[NULL]
4,"8,4,13,1,51,1,0",121,29,[NULL]
0,"42,1,137,1,3",122,28,[NULL]
1,"8,4,9,1,32,1,3",122,28,[NULL]
2,"0,7,317,1,2",122,28,[NULL]
3,"64,1,137,1,0",122,28,[NULL]
4,"8,3,162,1,0",122,28,[NULL]
5,"8,3,13,4,0",122,28,[NULL]
0,"8,3,9,1,13,1,23,1,3",123,27,[NULL]
1,"8,4,64,1,3",123,27,[NULL]
2,"0,9,300,1,3",123,27,[NULL]
3,"64,1,138,1,0",123,27,[NULL]
4,"8,2,23,1,113,1,0",123,27,[NULL]
5,"8,2,13,3,32,1,0",123,27,[NULL]
6,"0,1,16,1,260,1,0",123,27,[NULL]
0,"1,1,149,1,18",124,26,[NULL]
1,"8,2,9,1,13,1,51,1,3",124,26,[NULL]
2,"8,3,118,1,3",124,26,[NULL]
3,"0,7,317,1,3",124,26,[NULL]
4,"557,1,0",124,26,[NULL]
5,"8,1,13,4,23,1,0",124,26,[NULL]
6,"8,3,9,1,101,1,0",124,26,[NULL]
7,"0,1,17,1,260,1,0",124,26,[NULL]
0,"8,1,9,1,13,4,3",125,25,[NULL]
1,"8,2,17,1,80,1,3",125,25,[NULL]
2,"0,4,347,1,2",125,25,[NULL]
3,"559,1,0",125,25,[NULL]
4,"558,1,0",125,25,[NULL]
5,"13,4,51,1,0",125,25,[NULL]
6,"8,2,9,1,13,1,80,1,0",125,25,[NULL]
0,"9,1,13,3,32,1,3",126,24,[NULL]
1,"8,2,173,1,3",126,24,[NULL]
2,"0,1,380,1,3",126,24,[NULL]
3,"0,3,17,1,188,1,2",126,24,[NULL]
4,"8,1,16,1,187,1,0",126,24,[NULL]
5,"8,1,9,1,23,1,101,1,0",126,24,[NULL]
6,"0,6,500,1,0",126,24,[NULL]
0,"404,1,3",127,23,[NULL]
1,"8,2,13,1,101,1,3",127,23,[NULL]
2,"0,4,347,1,3",127,23,[NULL]
3,"0,3,358,1,2",127,23,[NULL]
4,"9,1,13,1,23,1,80,1,0",127,23,[NULL]
5,"8,1,16,1,188,1,0",127,23,[NULL]
6,"0,1,8,1,346,1,0",127,23,[NULL]
7,"0,22,324,1,0",127,23,[NULL]
0,"13,4,17",128,22,[NULL]
1,"8,1,13,2,80,1,3",128,22,[NULL]
2,"0,3,17,1,188,1,3",128,22,[NULL]
3,"0,1,17,1,209,1,1",128,22,[NULL]
4,"8,1,17,1,188,1,0",128,22,[NULL]
5,"0,1,13,1,292,1,0",128,22,[NULL]
0,"13,1,23,1,101,1,3",129,21,[NULL]
1,"8,1,254,1,3",129,21,[NULL]
2,"0,3,358,1,3",129,21,[NULL]
3,"0,1,422,1,1",129,21,[NULL]
4,"42,1,187,1,0",129,21,[NULL]
5,"17,1,267,1,0",129,21,[NULL]
0,"8,1,255,1,3",130,20,[NULL]
1,"2,1,346,1,3",130,20,[NULL]
2,"0,3,359,1,3",130,20,[NULL]
3,"0,4,349,1,3",130,20,[NULL]
4,"13,1,303,1,0",130,20,[NULL]
5,"8,1,13,1,212,1,0",130,20,[NULL]
6,"0,2,539,1,0",130,20,[NULL]
0,280,131,19,[NULL]
1,"405,1,3",131,19,[NULL]
2,"20,1,188,1,3",131,19,[NULL]
3,"13,2,188,1,0",131,19,[NULL]
0,"440,1,1",132,18,[NULL]
1,"560,1,0",132,18,[NULL]
0,282,133,17,[NULL]
1,281,133,17,[NULL]
2,"0,3,258",133,17,[NULL]
3,"561,1,0",133,17,[NULL]
0,283,134,16,[NULL]
1,"3,1,229",134,16,[NULL]
2,"5,1,201",134,16,[NULL]
3,"0,10,69,2,1",134,16,[NULL]
4,"13,2,190,1,0",134,16,[NULL]
5,"0,2,8,1,337,1,0",134,16,[NULL]
0,285,135,15,[NULL]
1,284,135,15,[NULL]
2,"0,1,277",135,15,[NULL]
3,"2,1,252",135,15,[NULL]
4,"406,1,3",135,15,[NULL]
5,"0,10,324,1,1",135,15,[NULL]
6,"7,1,385,1,0",135,15,[NULL]
0,286,136,14,[NULL]
1,"407,1,3",136,14,[NULL]
2,"0,2,69,1,79,1,3",136,14,[NULL]
3,"0,1,389,1,2",136,14,[NULL]
4,"0,3,367,1,2",136,14,[NULL]
5,"1,1,540,1,0",136,14,[NULL]
0,287,137,13,[NULL]
1,"408,1,3",137,13,[NULL]
2,"0,1,386,1,3",137,13,[NULL]
3,"0,2,69,1,80,1,3",137,13,[NULL]
4,"0,1,391,1,2",137,13,[NULL]
5,"0,2,375,1,2",137,13,[NULL]
6,"8,1,366,1,0",137,13,[NULL]
0,288,138,12,[NULL]
1,"410,1,3",138,12,[NULL]
2,"409,1,3",138,12,[NULL]
3,"0,1,389,1,3",138,12,[NULL]
4,"0,3,367,1,3",138,12,[NULL]
5,"0,7,69,2,2",138,12,[NULL]
6,"8,1,367,1,0",138,12,[NULL]
7,"1,1,543,1,0",138,12,[NULL]
0,"412,1,3",139,11,[NULL]
1,"0,1,391,1,3",139,11,[NULL]
2,"0,1,390,1,3",139,11,[NULL]
3,"0,2,375,1,3",139,11,[NULL]
4,"415,1,2",139,11,[NULL]
5,"0,7,324,1,2",139,11,[NULL]
6,"562,1,0",139,11,[NULL]
0,289,140,10,[NULL]
1,"414,1,3",140,10,[NULL]
2,"0,1,394,1,3",140,10,[NULL]
3,"0,1,392,1,3",140,10,[NULL]
4,"0,7,69,2,3",140,10,[NULL]
5,"446,1,1",140,10,[NULL]
6,"563,1,0",140,10,[NULL]
7,"1,1,545,1,0",140,10,[NULL]
8,"0,2,546,1,0",140,10,[NULL]
0,291,141,9,[NULL]
1,290,141,9,[NULL]
2,"415,1,3",141,9,[NULL]
3,"0,1,396,1,3",141,9,[NULL]
4,"0,2,377,1,3",141,9,[NULL]
5,"0,7,324,1,3",141,9,[NULL]
6,"565,1,0",141,9,[NULL]
7,"7,1,394,1,0",141,9,[NULL]
8,"1,1,547,1,0",141,9,[NULL]
9,"1,1,546,1,0",141,9,[NULL]
10,"0,4,526,1,0",141,9,[NULL]
0,"69,1,57",142,8,[NULL]
1,"0,1,398,1,3",142,8,[NULL]
2,"0,2,378,1,3",142,8,[NULL]
3,"567,1,0",142,8,[NULL]
4,"566,1,0",142,8,[NULL]
5,"7,1,396,1,0",142,8,[NULL]
6,"0,6,7,1,324,1,0",142,8,[NULL]
0,292,143,7,[NULL]
1,"1,1,271",143,7,[NULL]
2,"2,1,254",143,7,[NULL]
3,"7,1,398,1,0",143,7,[NULL]
4,"0,1,7,1,378,1,0",143,7,[NULL]
0,293,144,6,[NULL]
1,"1,1,274",144,6,[NULL]
2,"69,1,58",144,6,[NULL]
3,"7,1,400,1,0",144,6,[NULL]
4,"2,1,526,1,0",144,6,[NULL]
5,"0,1,9,1,324,1,0",144,6,[NULL]
6,"0,2,548,1,0",144,6,[NULL]
0,"0,2,275",145,5,[NULL]
1,"69,1,59",145,5,[NULL]
2,"10,1,324,1,0",145,5,[NULL]
0,"0,151,0",0,151,[NULL]
0,"0,139,1",8,143,[NULL]
0,"0,136,2",12,139,[NULL]
0,"0,136,3",14,137,[NULL]
0,"0,1,553,1,0",102,49,[NULL]
0,"0,23,246,1,1",103,48,[NULL]
1,"0,1,554,1,0",103,48,[NULL]
0,"1,1,379,1,3",104,47,[NULL]
0,"416,1,3",105,46,[NULL]
0,"0,4,17,1,183,1,2",106,45,[NULL]
1,"0,1,8,2,236,1,0",106,45,[NULL]
0,"0,20,246,1,2",107,44,[NULL]
1,"0,1,8,1,16,1,183,1,0",107,44,[NULL]
0,"0,4,17,1,183,1,3",108,43,[NULL]
0,"0,1,8,1,252,1,3",109,42,[NULL]
1,"0,20,246,1,3",109,42,[NULL]
0,"0,1,8,1,253,1,3",110,41,[NULL]
0,"1,1,5,1,402,1,0",111,40,[NULL]
0,"0,1,555,1,0",112,39,[NULL]
0,"0,1,402,1,2",113,38,[NULL]
1,"0,1,556,1,0",113,38,[NULL]
0,"0,1,403,1,2",114,37,[NULL]
0,"0,1,402,1,3",115,36,[NULL]
0,"0,1,403,1,3",116,35,[NULL]
1,"0,1,8,2,237,1,0",116,35,[NULL]
0,"0,1,8,2,238,1,0",117,34,[NULL]
1,"0,8,491,1,0",117,34,[NULL]
0,"0,6,509,1,0",118,33,[NULL]
0,"0,1,8,1,16,1,137,1,3",119,32,[NULL]
0,"0,1,8,1,16,1,138,1,3",120,31,[NULL]
1,"0,2,8,1,244,1,3",120,31,[NULL]
0,"0,1,8,1,17,1,138,1,3",121,30,[NULL]
1,"0,10,300,1,2",121,30,[NULL]
0,"0,8,317,1,2",122,29,[NULL]
1,"0,1,64,1,137,1,0",122,29,[NULL]
0,"0,10,300,1,3",123,28,[NULL]
1,"0,1,64,1,138,1,0",123,28,[NULL]
2,"0,2,16,1,260,1,0",123,28,[NULL]
0,"0,8,317,1,3",124,27,[NULL]
1,"0,2,17,1,260,1,0",124,27,[NULL]
0,"0,1,558,1,0",125,26,[NULL]
0,"0,2,380,1,3",126,25,[NULL]
1,"0,4,17,1,188,1,2",126,25,[NULL]
2,"0,7,500,1,0",126,25,[NULL]
0,"0,1,404,1,3",127,24,[NULL]
1,"0,5,347,1,3",127,24,[NULL]
2,"1,1,549,1,0",127,24,[NULL]
3,"0,2,8,1,346,1,0",127,24,[NULL]
4,"0,23,324,1,0",127,24,[NULL]
0,"0,4,17,1,188,1,3",128,23,[NULL]
1,"0,1,8,1,17,1,188,1,0",128,23,[NULL]
2,"0,2,13,1,292,1,0",128,23,[NULL]
0,"0,4,358,1,3",129,22,[NULL]
1,"0,1,17,1,267,1,0",129,22,[NULL]
0,"0,1,8,1,255,1,3",130,21,[NULL]
1,"0,1,2,1,346,1,3",130,21,[NULL]
2,"0,4,359,1,3",130,21,[NULL]
3,"0,5,349,1,3",130,21,[NULL]
0,"2,1,355,1,3",131,20,[NULL]
1,"0,1,405,1,3",131,20,[NULL]
2,"0,1,20,1,188,1,3",131,20,[NULL]
3,"13,2,23,1,75,1,0",131,20,[NULL]
0,294,132,19,[NULL]
1,"187,1,10",132,19,[NULL]
2,"1,1,383,1,3",132,19,[NULL]
3,"0,1,440,1,1",132,19,[NULL]
4,"18,1,260,1,0",132,19,[NULL]
0,"188,1,10",133,18,[NULL]
1,"2,1,359,1,3",133,18,[NULL]
2,"449,1,1",133,18,[NULL]
3,"69,1,138,1,0",133,18,[NULL]
4,"0,1,561,1,0",133,18,[NULL]
0,"0,1,283",134,17,[NULL]
1,"13,1,95,1,17",134,17,[NULL]
2,"7,1,266,1,3",134,17,[NULL]
3,"3,2,267,1,3",134,17,[NULL]
4,"0,11,69,2,1",134,17,[NULL]
5,"568,1,0",134,17,[NULL]
6,"1,1,552,1,0",134,17,[NULL]
0,"285,1,6",135,16,[NULL]
1,"7,1,267,1,3",135,16,[NULL]
2,"1,1,385,1,3",135,16,[NULL]
3,"418,1,2",135,16,[NULL]
4,"0,11,324,1,1",135,16,[NULL]
0,"0,1,286",136,15,[NULL]
1,"1,1,277",136,15,[NULL]
2,"0,1,407,1,3",136,15,[NULL]
3,"0,4,367,1,2",136,15,[NULL]
4,"8,1,69,1,79,1,0",136,15,[NULL]
0,"74,1,53",137,14,[NULL]
1,"418,1,3",137,14,[NULL]
2,"417,1,3",137,14,[NULL]
3,"0,2,386,1,3",137,14,[NULL]
4,"0,3,375,1,2",137,14,[NULL]
5,"8,1,69,1,80,1,0",137,14,[NULL]
6,"0,1,8,1,366,1,0",137,14,[NULL]
0,"1,1,387,1,3",138,13,[NULL]
1,"0,1,409,1,3",138,13,[NULL]
2,"0,2,389,1,3",138,13,[NULL]
3,"0,4,367,1,3",138,13,[NULL]
4,"0,8,69,2,2",138,13,[NULL]
5,"8,1,373,1,0",138,13,[NULL]
6,"0,1,8,1,367,1,0",138,13,[NULL]
0,295,139,12,[NULL]
1,"69,1,89,1,3",139,12,[NULL]
2,"1,1,389,1,3",139,12,[NULL]
3,"1,1,388,1,3",139,12,[NULL]
4,"0,2,391,1,3",139,12,[NULL]
5,"0,3,375,1,3",139,12,[NULL]
6,"0,8,324,1,2",139,12,[NULL]
7,"569,1,0",139,12,[NULL]
8,"0,1,562,1,0",139,12,[NULL]
0,296,140,11,[NULL]
1,"69,1,60",140,11,[NULL]
2,"311,1,5",140,11,[NULL]
3,"419,1,3",140,11,[NULL]
4,"0,1,414,1,3",140,11,[NULL]
5,"0,2,394,1,3",140,11,[NULL]
6,"0,8,69,2,3",140,11,[NULL]
7,"7,1,412,1,0",140,11,[NULL]
8,"0,3,546,1,0",140,11,[NULL]
0,"314,1,5",141,10,[NULL]
1,"1,1,393,1,3",141,10,[NULL]
2,"0,1,415,1,3",141,10,[NULL]
3,"0,8,324,1,3",141,10,[NULL]
4,"571,1,0",141,10,[NULL]
5,"7,1,414,1,0",141,10,[NULL]
6,"0,5,526,1,0",141,10,[NULL]
0,"2,1,261",142,9,[NULL]
1,"3,1,68,1,69,1,3",142,9,[NULL]
2,"12,1,69,2,0",142,9,[NULL]
3,"0,1,7,1,396,1,0",142,9,[NULL]
4,"0,7,7,1,324,1,0",142,9,[NULL]
0,297,143,8,[NULL]
1,"2,1,262",143,8,[NULL]
2,"69,1,61",143,8,[NULL]
3,"18,1,264,1,0",143,8,[NULL]
4,"12,1,324,1,0",143,8,[NULL]
5,"0,1,7,1,398,1,0",143,8,[NULL]
0,"0,1,293",144,7,[NULL]
1,"69,1,93,1,3",144,7,[NULL]
2,"0,1,2,1,526,1,0",144,7,[NULL]
3,"0,2,9,1,324,1,0",144,7,[NULL]
0,"3,1,69,2,2",145,6,[NULL]
1,"0,1,10,1,324,1,0",145,6,[NULL]
0,"2,2,69,2,3",146,5,[NULL]
1,"3,1,324,1,2",146,5,[NULL]
0,"3,1,69,2,3",147,4,[NULL]
1,"2,2,324,1,3",147,4,[NULL]
0,"3,1,324,1,3",148,3,[NULL]
0,"0,152,0",0,152,[NULL]
0,"0,140,1",8,144,[NULL]
0,"0,137,2",12,140,[NULL]
0,"0,137,3",14,138,[NULL]
0,"0,2,553,1,0",102,50,[NULL]
0,"1,1,553,1,0",103,49,[NULL]
1,"0,2,554,1,0",103,49,[NULL]
0,"0,1,416,1,3",105,47,[NULL]
0,"0,2,8,2,236,1,0",106,46,[NULL]
0,"0,21,246,1,2",107,45,[NULL]
1,"0,2,8,1,16,1,183,1,0",107,45,[NULL]
0,"0,5,17,1,183,1,3",108,44,[NULL]
0,"0,2,8,1,252,1,3",109,43,[NULL]
1,"0,21,246,1,3",109,43,[NULL]
0,"0,2,8,1,253,1,3",110,42,[NULL]
0,298,111,41,[NULL]
0,"0,2,555,1,0",112,40,[NULL]
0,"0,2,402,1,2",113,39,[NULL]
1,"0,2,556,1,0",113,39,[NULL]
0,"0,2,403,1,2",114,38,[NULL]
0,"0,2,402,1,3",115,37,[NULL]
0,"1,1,402,1,3",116,36,[NULL]
1,"0,2,403,1,3",116,36,[NULL]
2,"452,1,1",116,36,[NULL]
0,"0,2,8,2,238,1,0",117,35,[NULL]
0,"224,1,8",118,34,[NULL]
0,"0,2,8,1,16,1,137,1,3",119,33,[NULL]
1,"572,1,0",119,33,[NULL]
0,"0,2,8,1,16,1,138,1,3",120,32,[NULL]
1,"8,2,244,1,0",120,32,[NULL]
0,"0,11,300,1,2",121,31,[NULL]
1,"16,1,17,1,149,1,0",121,31,[NULL]
0,"8,2,245,1,0",122,30,[NULL]
1,"0,2,64,1,137,1,0",122,30,[NULL]
0,"8,1,257,1,3",123,29,[NULL]
1,"0,11,300,1,3",123,29,[NULL]
2,"8,2,247,1,0",123,29,[NULL]
3,"1,1,64,1,137,1,0",123,29,[NULL]
4,"0,2,64,1,138,1,0",123,29,[NULL]
0,"17,1,206,1,3",124,28,[NULL]
1,"0,9,317,1,3",124,28,[NULL]
2,"8,3,166,1,0",124,28,[NULL]
0,"8,1,258,1,3",125,27,[NULL]
1,"8,3,167,1,0",125,27,[NULL]
2,"0,2,558,1,0",125,27,[NULL]
0,"8,1,259,1,3",126,26,[NULL]
1,"8,1,380,1,0",126,26,[NULL]
2,"8,2,248,1,0",126,26,[NULL]
3,"1,1,558,1,0",126,26,[NULL]
4,"0,8,500,1,0",126,26,[NULL]
0,"8,2,180,1,3",127,25,[NULL]
1,"0,6,347,1,3",127,25,[NULL]
2,"17,1,278,1,0",127,25,[NULL]
3,"8,1,13,1,219,1,0",127,25,[NULL]
4,"0,24,324,1,0",127,25,[NULL]
0,"8,1,9,1,167,1,3",128,24,[NULL]
1,"0,5,17,1,188,1,3",128,24,[NULL]
2,"573,1,0",128,24,[NULL]
3,"13,2,194,1,0",128,24,[NULL]
0,"9,1,248,1,3",129,23,[NULL]
1,"8,1,260,1,3",129,23,[NULL]
2,"574,1,0",129,23,[NULL]
0,"0,5,359,1,3",130,22,[NULL]
1,"9,1,346,1,0",130,22,[NULL]
2,"8,1,382,1,0",130,22,[NULL]
3,"2,1,537,1,0",130,22,[NULL]
4,"1,1,42,1,187,1,0",130,22,[NULL]
0,"167,1,17",131,21,[NULL]
1,"8,1,383,1,0",131,21,[NULL]
0,"420,1,3",132,20,[NULL]
1,"17,1,209,1,2",132,20,[NULL]
2,"0,2,440,1,1",132,20,[NULL]
3,"8,2,250,1,0",132,20,[NULL]
4,"0,1,18,1,260,1,0",132,20,[NULL]
0,"16,1,209,1,3",133,19,[NULL]
1,"0,1,2,1,359,1,3",133,19,[NULL]
2,"422,1,2",133,19,[NULL]
3,"0,1,449,1,1",133,19,[NULL]
4,"8,1,384,1,0",133,19,[NULL]
5,"0,1,69,1,138,1,0",133,19,[NULL]
6,"0,2,561,1,0",133,19,[NULL]
0,299,134,18,[NULL]
1,"1,1,281",134,18,[NULL]
2,"3,1,239",134,18,[NULL]
3,"421,1,3",134,18,[NULL]
4,"17,1,209,1,3",134,18,[NULL]
5,"0,1,3,2,267,1,3",134,18,[NULL]
6,"9,1,13,1,209,1,0",134,18,[NULL]
7,"1,1,561,1,0",134,18,[NULL]
8,"0,1,568,1,0",134,18,[NULL]
0,300,135,17,[NULL]
1,"422,1,3",135,17,[NULL]
2,"8,1,261,1,3",135,17,[NULL]
3,"0,1,7,1,267,1,3",135,17,[NULL]
4,"0,1,418,1,2",135,17,[NULL]
5,"0,12,324,1,1",135,17,[NULL]
6,"7,2,266,1,0",135,17,[NULL]
0,"0,2,286",136,16,[NULL]
1,"424,1,3",136,16,[NULL]
2,"423,1,3",136,16,[NULL]
3,"1,1,7,1,385,1,0",136,16,[NULL]
4,"0,1,8,1,69,1,79,1,0",136,16,[NULL]
0,"0,1,418,1,3",137,15,[NULL]
1,"0,1,8,1,69,1,80,1,0",137,15,[NULL]
2,"0,2,8,1,366,1,0",137,15,[NULL]
0,"7,1,275,1,3",138,14,[NULL]
1,"0,5,367,1,3",138,14,[NULL]
2,"0,9,69,2,2",138,14,[NULL]
3,"0,2,8,1,367,1,0",138,14,[NULL]
0,301,139,13,[NULL]
1,"426,1,3",139,13,[NULL]
2,"425,1,3",139,13,[NULL]
3,"0,1,69,1,89,1,3",139,13,[NULL]
4,"0,3,391,1,3",139,13,[NULL]
5,"0,4,375,1,3",139,13,[NULL]
6,"0,9,324,1,2",139,13,[NULL]
7,"0,2,562,1,0",139,13,[NULL]
0,302,140,12,[NULL]
1,"0,1,296",140,12,[NULL]
2,"0,1,311,1,5",140,12,[NULL]
3,"427,1,3",140,12,[NULL]
4,"1,1,412,1,3",140,12,[NULL]
5,"0,1,419,1,3",140,12,[NULL]
6,"0,2,414,1,3",140,12,[NULL]
7,"0,9,69,2,3",140,12,[NULL]
8,"575,1,0",140,12,[NULL]
0,"321,1,5",141,11,[NULL]
1,"0,1,314,1,5",141,11,[NULL]
2,"428,1,3",141,11,[NULL]
3,"3,1,333,1,3",141,11,[NULL]
4,"2,1,373,1,3",141,11,[NULL]
5,"0,2,415,1,3",141,11,[NULL]
6,"0,9,324,1,3",141,11,[NULL]
7,"1,1,563,1,0",141,11,[NULL]
0,304,142,10,[NULL]
1,303,142,10,[NULL]
2,"1,1,415,1,3",142,10,[NULL]
3,"0,1,3,1,68,1,69,1,3",142,10,[NULL]
0,305,143,9,[NULL]
1,"0,1,297",143,9,[NULL]
2,"429,1,3",143,9,[NULL]
3,"69,1,95,1,3",143,9,[NULL]
4,"1,1,566,1,0",143,9,[NULL]
0,306,144,8,[NULL]
1,"2,1,269",144,8,[NULL]
2,"430,1,3",144,8,[NULL]
3,"577,1,0",144,8,[NULL]
0,"2,1,272",145,7,[NULL]
1,"2,1,271",145,7,[NULL]
2,"163,1,22",145,7,[NULL]
3,"0,1,3,1,69,2,2",145,7,[NULL]
0,309,146,6,[NULL]
1,308,146,6,[NULL]
2,307,146,6,[NULL]
3,"2,1,274",146,6,[NULL]
4,"0,1,3,1,324,1,2",146,6,[NULL]
0,311,147,5,[NULL]
1,310,147,5,[NULL]
2,"0,1,3,1,69,2,3",147,5,[NULL]
3,"13,1,324,1,0",147,5,[NULL]
0,"0,1,3,1,324,1,3",148,4,[NULL]
0,"324,1,5",150,2,[NULL]
0,"0,153,0",0,153,[NULL]
0,"0,141,1",8,145,[NULL]
0,"0,138,2",12,141,[NULL]
0,"0,138,3",14,139,[NULL]
0,"0,3,554,1,0",103,50,[NULL]
0,"0,2,416,1,3",105,48,[NULL]
1,"578,1,0",105,48,[NULL]
0,"579,1,0",106,47,[NULL]
0,"0,22,246,1,2",107,46,[NULL]
0,"431,1,3",108,45,[NULL]
0,"0,22,246,1,3",109,44,[NULL]
1,"8,2,252,1,0",109,44,[NULL]
0,"8,2,253,1,0",110,43,[NULL]
0,"8,1,17,1,200,1,0",111,42,[NULL]
0,"8,2,182,1,3",112,41,[NULL]
1,"8,1,401,1,0",112,41,[NULL]
0,"8,2,183,1,3",113,40,[NULL]
1,"0,3,402,1,2",113,40,[NULL]
2,"8,4,116,1,0",113,40,[NULL]
0,"16,1,17,1,111,1,3",114,39,[NULL]
1,"0,3,403,1,2",114,39,[NULL]
2,"8,4,117,1,0",114,39,[NULL]
0,"8,1,265,1,3",115,38,[NULL]
1,"0,3,402,1,3",115,38,[NULL]
2,"8,1,402,1,0",115,38,[NULL]
3,"8,3,17,1,78,1,0",115,38,[NULL]
0,"8,4,71,1,3",116,37,[NULL]
1,"0,3,403,1,3",116,37,[NULL]
2,"0,1,452,1,1",116,37,[NULL]
3,"8,1,403,1,0",116,37,[NULL]
4,"8,3,171,1,0",116,37,[NULL]
0,"8,3,16,1,50,1,3",117,36,[NULL]
1,"17,1,225,1,1",117,36,[NULL]
2,"8,6,39,1,0",117,36,[NULL]
0,"432,1,3",118,35,[NULL]
1,"8,3,17,1,50,1,3",118,35,[NULL]
2,"8,6,40,1,0",118,35,[NULL]
0,"433,1,3",119,34,[NULL]
1,"8,3,125,1,3",119,34,[NULL]
2,"8,2,16,1,137,1,0",119,34,[NULL]
3,"8,5,17,1,20,1,0",119,34,[NULL]
0,"8,6,16,1,3",120,33,[NULL]
1,"8,2,16,1,138,1,0",120,33,[NULL]
2,"8,5,63,1,0",120,33,[NULL]
0,"8,6,17,1,3",121,32,[NULL]
1,"8,2,17,1,138,1,0",121,32,[NULL]
2,"8,6,9,1,13,1,0",121,32,[NULL]
0,"8,2,184,1,3",122,31,[NULL]
1,"8,4,16,1,23,1,3",122,31,[NULL]
2,"8,1,42,1,137,1,0",122,31,[NULL]
3,"8,5,9,1,32,1,0",122,31,[NULL]
0,"8,2,185,1,3",123,30,[NULL]
1,"8,5,42,1,3",123,30,[NULL]
2,"0,12,300,1,3",123,30,[NULL]
3,"8,4,9,1,13,1,23,1,0",123,30,[NULL]
4,"8,5,64,1,0",123,30,[NULL]
0,"8,1,17,1,147,1,3",124,29,[NULL]
1,"8,5,13,2,3",124,29,[NULL]
2,"0,10,317,1,3",124,29,[NULL]
3,"8,3,9,1,13,1,51,1,0",124,29,[NULL]
4,"8,4,118,1,0",124,29,[NULL]
0,"17,2,113,1,3",125,28,[NULL]
1,"8,4,13,1,32,1,3",125,28,[NULL]
2,"64,1,146,1,0",125,28,[NULL]
3,"8,2,9,1,13,4,0",125,28,[NULL]
4,"8,3,17,1,80,1,0",125,28,[NULL]
0,312,126,27,[NULL]
1,"8,3,13,2,23,1,3",126,27,[NULL]
2,"8,4,72,1,3",126,27,[NULL]
3,"64,1,147,1,0",126,27,[NULL]
4,"8,1,9,1,13,3,32,1,0",126,27,[NULL]
5,"8,3,173,1,0",126,27,[NULL]
6,"0,1,8,1,380,1,0",126,27,[NULL]
7,"0,9,500,1,0",126,27,[NULL]
0,"8,2,13,2,51,1,3",127,26,[NULL]
1,"8,3,127,1,3",127,26,[NULL]
2,"9,1,13,4,23,1,0",127,26,[NULL]
3,"8,1,404,1,0",127,26,[NULL]
4,"8,3,13,1,101,1,0",127,26,[NULL]
5,"0,1,17,1,278,1,0",127,26,[NULL]
6,"0,25,324,1,0",127,26,[NULL]
0,"8,1,13,5,3",128,25,[NULL]
1,"8,2,20,1,80,1,3",128,25,[NULL]
2,"580,1,0",128,25,[NULL]
3,"8,2,13,2,80,1,0",128,25,[NULL]
4,"0,1,573,1,0",128,25,[NULL]
0,"13,4,32,1,3",129,24,[NULL]
1,"8,2,186,1,3",129,24,[NULL]
2,"0,1,8,1,260,1,3",129,24,[NULL]
3,"8,1,13,1,23,1,101,1,0",129,24,[NULL]
4,"8,2,254,1,0",129,24,[NULL]
0,"149,1,25",130,23,[NULL]
1,"434,1,3",130,23,[NULL]
2,"8,1,9,1,13,1,101,1,3",130,23,[NULL]
3,"13,2,23,1,80,1,0",130,23,[NULL]
4,"8,2,255,1,0",130,23,[NULL]
0,"435,1,3",131,22,[NULL]
1,"9,1,13,2,80,1,3",131,22,[NULL]
2,"8,1,20,1,188,1,0",131,22,[NULL]
0,"13,2,23,1,33",132,21,[NULL]
1,"8,2,187,1,3",132,21,[NULL]
2,"0,1,17,1,209,1,2",132,21,[NULL]
3,"0,3,440,1,1",132,21,[NULL]
4,"20,1,267,1,0",132,21,[NULL]
5,"0,2,18,1,260,1,0",132,21,[NULL]
0,"1,1,294",133,20,[NULL]
1,"8,2,188,1,3",133,20,[NULL]
2,"7,1,278,1,3",133,20,[NULL]
3,"0,1,422,1,2",133,20,[NULL]
4,"0,2,449,1,1",133,20,[NULL]
5,"9,1,13,1,212,1,0",133,20,[NULL]
6,"1,1,18,1,260,1,0",133,20,[NULL]
7,"0,2,69,1,138,1,0",133,20,[NULL]
0,"0,1,299",134,19,[NULL]
1,"22,1,188,1,3",134,19,[NULL]
2,"8,1,267,1,3",134,19,[NULL]
3,"0,1,17,1,209,1,3",134,19,[NULL]
4,"437,1,2",134,19,[NULL]
5,"13,1,328,1,0",134,19,[NULL]
6,"0,2,568,1,0",134,19,[NULL]
0,"0,1,300",135,18,[NULL]
1,"187,1,11",135,18,[NULL]
2,"436,1,3",135,18,[NULL]
3,"23,1,188,1,3",135,18,[NULL]
4,"0,1,422,1,3",135,18,[NULL]
5,"0,2,418,1,2",135,18,[NULL]
6,"0,13,324,1,1",135,18,[NULL]
7,"581,1,0",135,18,[NULL]
0,"188,1,11",136,17,[NULL]
1,"437,1,3",136,17,[NULL]
2,"0,1,424,1,3",136,17,[NULL]
3,"440,1,2",136,17,[NULL]
4,"582,1,0",136,17,[NULL]
0,313,137,16,[NULL]
1,"209,1,9",137,16,[NULL]
2,"438,1,3",137,16,[NULL]
3,"0,2,418,1,3",137,16,[NULL]
4,"0,2,8,1,69,1,80,1,0",137,16,[NULL]
0,314,138,15,[NULL]
1,"440,1,3",138,15,[NULL]
2,"439,1,3",138,15,[NULL]
3,"1,1,418,1,3",138,15,[NULL]
4,"0,10,69,2,2",138,15,[NULL]
5,"13,1,331,1,0",138,15,[NULL]
0,"3,1,335,1,3",139,14,[NULL]
1,"0,1,425,1,3",139,14,[NULL]
2,"0,4,391,1,3",139,14,[NULL]
3,"0,5,375,1,3",139,14,[NULL]
4,"0,10,324,1,2",139,14,[NULL]
5,"0,3,562,1,0",139,14,[NULL]
0,"3,1,246",140,13,[NULL]
1,"0,2,311,1,5",140,13,[NULL]
2,"3,1,336,1,3",140,13,[NULL]
3,"0,2,419,1,3",140,13,[NULL]
4,"0,10,69,2,3",140,13,[NULL]
5,"8,1,414,1,0",140,13,[NULL]
6,"0,1,575,1,0",140,13,[NULL]
0,315,141,12,[NULL]
1,"0,2,314,1,5",141,12,[NULL]
2,"0,1,428,1,3",141,12,[NULL]
3,"0,10,324,1,3",141,12,[NULL]
4,"8,1,415,1,0",141,12,[NULL]
5,"1,1,7,1,412,1,0",141,12,[NULL]
0,"442,1,3",142,11,[NULL]
1,"441,1,3",142,11,[NULL]
2,"583,1,0",142,11,[NULL]
3,"1,1,571,1,0",142,11,[NULL]
0,317,143,10,[NULL]
1,316,143,10,[NULL]
2,"0,2,297",143,10,[NULL]
3,"333,1,5",143,10,[NULL]
4,"443,1,3",143,10,[NULL]
5,"0,1,429,1,3",143,10,[NULL]
6,"1,1,12,1,69,2,0",143,10,[NULL]
0,319,144,9,[NULL]
1,318,144,9,[NULL]
2,"2,1,278",144,9,[NULL]
3,"445,1,3",144,9,[NULL]
4,"2,1,396,1,3",144,9,[NULL]
5,"446,1,2",144,9,[NULL]
6,"1,1,12,1,324,1,0",144,9,[NULL]
0,320,145,8,[NULL]
1,"3,1,339,1,3",145,8,[NULL]
2,"2,1,398,1,3",145,8,[NULL]
3,"0,2,3,1,69,2,2",145,8,[NULL]
4,"7,1,430,1,0",145,8,[NULL]
0,"0,1,309",146,7,[NULL]
1,"96,1,46",146,7,[NULL]
2,"446,1,3",146,7,[NULL]
3,"3,1,340,1,3",146,7,[NULL]
4,"0,2,3,1,324,1,2",146,7,[NULL]
5,"584,1,0",146,7,[NULL]
0,"0,1,311",147,6,[NULL]
1,"0,1,310",147,6,[NULL]
2,"0,2,3,1,69,2,3",147,6,[NULL]
3,"0,1,13,1,324,1,0",147,6,[NULL]
0,321,148,5,[NULL]
1,"0,2,3,1,324,1,3",148,5,[NULL]
0,"1,1,3,1,324,1,3",149,4,[NULL]
0,"0,1,324,1,5",150,3,[NULL]
0,"0,154,0",0,154,[NULL]
0,"0,142,1",8,146,[NULL]
0,"0,139,2",12,142,[NULL]
0,"0,139,3",14,140,[NULL]
0,"0,4,554,1,0",103,51,[NULL]
0,"0,1,578,1,0",105,49,[NULL]
0,"0,1,579,1,0",106,48,[NULL]
0,"0,23,246,1,2",107,47,[NULL]
0,"0,1,431,1,3",108,46,[NULL]
0,"0,23,246,1,3",109,45,[NULL]
0,"165,1,18",112,42,[NULL]
1,"0,1,8,2,182,1,3",112,42,[NULL]
0,"0,1,8,2,183,1,3",113,41,[NULL]
1,"0,4,402,1,2",113,41,[NULL]
0,"0,4,403,1,2",114,40,[NULL]
0,"0,4,402,1,3",115,39,[NULL]
1,"0,1,8,1,402,1,0",115,39,[NULL]
0,"0,4,403,1,3",116,38,[NULL]
1,"0,2,452,1,1",116,38,[NULL]
2,"0,1,8,1,403,1,0",116,38,[NULL]
0,"0,1,17,1,225,1,1",117,37,[NULL]
1,"5,1,452,1,0",117,37,[NULL]
0,"0,1,432,1,3",118,36,[NULL]
0,"0,1,433,1,3",119,35,[NULL]
1,"0,1,8,2,16,1,137,1,0",119,35,[NULL]
0,"1,1,572,1,0",120,34,[NULL]
0,"0,1,8,2,184,1,3",122,32,[NULL]
0,"0,1,8,2,185,1,3",123,31,[NULL]
1,"0,13,300,1,3",123,31,[NULL]
0,"0,11,317,1,3",124,30,[NULL]
1,"1,2,64,1,137,1,0",124,30,[NULL]
0,"0,1,64,1,146,1,0",125,29,[NULL]
0,"0,1,64,1,147,1,0",126,28,[NULL]
1,"0,2,8,1,380,1,0",126,28,[NULL]
2,"0,10,500,1,0",126,28,[NULL]
0,"0,2,17,1,278,1,0",127,27,[NULL]
1,"0,26,324,1,0",127,27,[NULL]
0,"0,2,8,1,260,1,3",129,25,[NULL]
0,"0,1,434,1,3",130,24,[NULL]
0,"0,2,17,1,209,1,2",132,22,[NULL]
1,"0,4,440,1,1",132,22,[NULL]
2,"585,1,0",132,22,[NULL]
3,"13,2,23,1,83,1,0",132,22,[NULL]
0,"1,1,420,1,3",133,21,[NULL]
1,"0,1,8,2,188,1,3",133,21,[NULL]
2,"0,1,7,1,278,1,3",133,21,[NULL]
3,"0,2,422,1,2",133,21,[NULL]
4,"0,3,449,1,1",133,21,[NULL]
5,"586,1,0",133,21,[NULL]
0,"0,2,299",134,20,[NULL]
1,"0,1,22,1,188,1,3",134,20,[NULL]
2,"0,1,8,1,267,1,3",134,20,[NULL]
3,"0,2,17,1,209,1,3",134,20,[NULL]
4,"0,1,437,1,2",134,20,[NULL]
5,"587,1,0",134,20,[NULL]
6,"0,3,568,1,0",134,20,[NULL]
0,"300,1,6",135,19,[NULL]
1,"334,1,5",135,19,[NULL]
2,"13,3,75,1,3",135,19,[NULL]
3,"0,1,23,1,188,1,3",135,19,[NULL]
4,"0,2,422,1,3",135,19,[NULL]
5,"0,3,418,1,2",135,19,[NULL]
6,"481,1,1",135,19,[NULL]
7,"0,14,324,1,1",135,19,[NULL]
8,"18,1,278,1,0",135,19,[NULL]
0,"0,1,437,1,3",136,18,[NULL]
1,"0,1,440,1,2",136,18,[NULL]
2,"482,1,1",136,18,[NULL]
3,"69,1,147,1,0",136,18,[NULL]
4,"0,1,582,1,0",136,18,[NULL]
0,"1,1,424,1,3",137,17,[NULL]
1,"0,1,438,1,3",137,17,[NULL]
2,"0,3,418,1,3",137,17,[NULL]
3,"449,1,2",137,17,[NULL]
4,"588,1,0",137,17,[NULL]
0,"448,1,3",138,16,[NULL]
1,"0,1,440,1,3",138,16,[NULL]
2,"0,1,439,1,3",138,16,[NULL]
3,"0,11,69,2,2",138,16,[NULL]
4,"13,1,335,1,0",138,16,[NULL]
0,"449,1,3",139,15,[NULL]
1,"1,1,7,1,275,1,3",139,15,[NULL]
2,"0,2,425,1,3",139,15,[NULL]
3,"0,11,324,1,2",139,15,[NULL]
4,"8,1,69,1,89,1,0",139,15,[NULL]
5,"0,4,562,1,0",139,15,[NULL]
0,322,140,14,[NULL]
1,"0,3,311,1,5",140,14,[NULL]
2,"1,1,426,1,3",140,14,[NULL]
3,"0,11,69,2,3",140,14,[NULL]
4,"8,1,419,1,0",140,14,[NULL]
5,"0,1,8,1,414,1,0",140,14,[NULL]
6,"0,2,575,1,0",140,14,[NULL]
0,"335,1,5",141,13,[NULL]
1,"0,3,314,1,5",141,13,[NULL]
2,"0,2,428,1,3",141,13,[NULL]
3,"0,11,324,1,3",141,13,[NULL]
4,"589,1,0",141,13,[NULL]
5,"9,1,373,1,0",141,13,[NULL]
6,"1,1,575,1,0",141,13,[NULL]
7,"0,1,8,1,415,1,0",141,13,[NULL]
0,325,142,12,[NULL]
1,324,142,12,[NULL]
2,323,142,12,[NULL]
3,"1,1,321,1,5",142,12,[NULL]
4,"18,1,209,1,3",142,12,[NULL]
5,"0,1,442,1,3",142,12,[NULL]
0,327,143,11,[NULL]
1,326,143,11,[NULL]
2,"0,1,333,1,5",143,11,[NULL]
3,"450,1,3",143,11,[NULL]
4,"0,1,443,1,3",143,11,[NULL]
5,"0,2,429,1,3",143,11,[NULL]
6,"451,1,2",143,11,[NULL]
7,"591,1,0",143,11,[NULL]
0,329,144,10,[NULL]
1,328,144,10,[NULL]
2,"0,1,319",144,10,[NULL]
3,"0,1,318",144,10,[NULL]
4,"3,1,352,1,3",144,10,[NULL]
5,"0,1,445,1,3",144,10,[NULL]
6,"0,1,446,1,2",144,10,[NULL]
7,"14,1,324,1,0",144,10,[NULL]
0,331,145,9,[NULL]
1,330,145,9,[NULL]
2,"451,1,3",145,9,[NULL]
3,"0,1,3,1,339,1,3",145,9,[NULL]
4,"0,3,3,1,69,2,2",145,9,[NULL]
0,333,146,8,[NULL]
1,332,146,8,[NULL]
2,"0,1,96,1,46",146,8,[NULL]
3,"0,1,446,1,3",146,8,[NULL]
4,"0,1,3,1,340,1,3",146,8,[NULL]
5,"0,3,3,1,324,1,2",146,8,[NULL]
6,"13,1,341,1,0",146,8,[NULL]
7,"0,1,584,1,0",146,8,[NULL]
0,335,147,7,[NULL]
1,334,147,7,[NULL]
2,"163,1,24",147,7,[NULL]
3,"339,1,5",147,7,[NULL]
4,"0,3,3,1,69,2,3",147,7,[NULL]
5,"592,1,0",147,7,[NULL]
6,"7,1,446,1,0",147,7,[NULL]
7,"0,2,13,1,324,1,0",147,7,[NULL]
0,"2,1,69,1,59",148,6,[NULL]
1,"340,1,5",148,6,[NULL]
2,"4,1,69,2,3",148,6,[NULL]
3,"0,3,3,1,324,1,3",148,6,[NULL]
4,"593,1,0",148,6,[NULL]
5,"1,1,13,1,324,1,0",148,6,[NULL]
0,336,149,5,[NULL]
1,"341,1,5",149,5,[NULL]
2,"4,1,324,1,3",149,5,[NULL]
0,337,150,4,[NULL]
1,"0,2,324,1,5",150,4,[NULL]
0,"1,1,324,1,5",151,3,[NULL]
0,"0,155,0",0,155,[NULL]
0,"0,143,1",8,147,[NULL]
0,"0,140,2",12,143,[NULL]
0,"0,140,3",14,141,[NULL]
0,"0,5,554,1,0",103,52,[NULL]
0,"594,1,0",104,51,[NULL]
0,"0,2,578,1,0",105,50,[NULL]
0,"0,2,579,1,0",106,49,[NULL]
0,"0,24,246,1,2",107,48,[NULL]
0,"0,2,431,1,3",108,47,[NULL]
0,"1,1,431,1,3",109,46,[NULL]
1,"0,24,246,1,3",109,46,[NULL]
0,"0,2,8,2,182,1,3",112,43,[NULL]
0,"0,2,8,2,183,1,3",113,42,[NULL]
1,"0,5,402,1,2",113,42,[NULL]
0,"0,5,403,1,2",114,41,[NULL]
0,"0,5,402,1,3",115,40,[NULL]
1,"0,2,8,1,402,1,0",115,40,[NULL]
0,"0,5,403,1,3",116,39,[NULL]
1,"0,2,8,1,403,1,0",116,39,[NULL]
0,"0,2,432,1,3",118,37,[NULL]
0,"0,2,433,1,3",119,36,[NULL]
1,"595,1,0",119,36,[NULL]
0,"452,1,2",120,35,[NULL]
0,"596,1,0",121,34,[NULL]
0,"452,1,3",122,33,[NULL]
1,"597,1,0",122,33,[NULL]
0,"0,2,8,2,185,1,3",123,32,[NULL]
1,"8,2,257,1,0",123,32,[NULL]
0,"137,1,30",124,31,[NULL]
1,"8,1,17,1,206,1,0",124,31,[NULL]
0,"453,1,3",125,30,[NULL]
1,"491,1,1",125,30,[NULL]
2,"8,2,258,1,0",125,30,[NULL]
0,"8,1,16,1,149,1,3",126,29,[NULL]
1,"8,2,259,1,0",126,29,[NULL]
2,"0,2,64,1,147,1,0",126,29,[NULL]
3,"0,11,500,1,0",126,29,[NULL]
0,"27,1,124",127,28,[NULL]
1,"8,1,17,1,149,1,3",127,28,[NULL]
2,"8,3,180,1,0",127,28,[NULL]
3,"0,27,324,1,0",127,28,[NULL]
0,"8,1,277,1,3",128,27,[NULL]
1,"8,2,9,1,167,1,0",128,27,[NULL]
0,"8,2,193,1,3",129,26,[NULL]
1,"5,1,64,2,3",129,26,[NULL]
2,"64,1,149,1,0",129,26,[NULL]
3,"8,1,9,1,248,1,0",129,26,[NULL]
4,"8,2,260,1,0",129,26,[NULL]
0,"8,2,194,1,3",130,25,[NULL]
1,"598,1,0",130,25,[NULL]
2,"16,1,292,1,0",130,25,[NULL]
3,"9,1,13,1,219,1,0",130,25,[NULL]
0,"187,1,15",131,24,[NULL]
1,"8,1,13,1,167,1,3",131,24,[NULL]
2,"599,1,0",131,24,[NULL]
3,"17,1,292,1,0",131,24,[NULL]
0,"13,1,248,1,3",132,23,[NULL]
1,"8,1,278,1,3",132,23,[NULL]
2,"0,5,440,1,1",132,23,[NULL]
3,"602,1,0",132,23,[NULL]
4,"601,1,0",132,23,[NULL]
5,"600,1,0",132,23,[NULL]
6,"8,1,420,1,0",132,23,[NULL]
0,"454,1,3",133,22,[NULL]
1,"0,2,8,2,188,1,3",133,22,[NULL]
2,"0,4,449,1,1",133,22,[NULL]
3,"13,1,346,1,0",133,22,[NULL]
4,"8,1,16,1,209,1,0",133,22,[NULL]
5,"0,1,586,1,0",133,22,[NULL]
0,"0,3,299",134,21,[NULL]
1,"455,1,3",134,21,[NULL]
2,"0,3,17,1,209,1,3",134,21,[NULL]
3,"0,2,437,1,2",134,21,[NULL]
4,"8,1,17,1,209,1,0",134,21,[NULL]
5,"0,4,568,1,0",134,21,[NULL]
0,"0,3,422,1,3",135,20,[NULL]
1,"0,1,481,1,1",135,20,[NULL]
2,"0,15,324,1,1",135,20,[NULL]
3,"603,1,0",135,20,[NULL]
4,"8,2,261,1,0",135,20,[NULL]
5,"0,1,18,1,278,1,0",135,20,[NULL]
0,"8,1,279,1,3",136,19,[NULL]
1,"0,2,437,1,3",136,19,[NULL]
2,"0,2,440,1,2",136,19,[NULL]
3,"0,1,482,1,1",136,19,[NULL]
4,"42,1,209,1,0",136,19,[NULL]
5,"8,1,423,1,0",136,19,[NULL]
6,"0,1,69,1,147,1,0",136,19,[NULL]
7,"0,2,582,1,0",136,19,[NULL]
0,"8,1,280,1,3",137,18,[NULL]
1,"3,1,359,1,3",137,18,[NULL]
2,"0,4,418,1,3",137,18,[NULL]
3,"0,1,449,1,2",137,18,[NULL]
4,"13,2,209,1,0",137,18,[NULL]
5,"0,1,588,1,0",137,18,[NULL]
0,"9,1,261,1,3",138,17,[NULL]
1,"0,1,448,1,3",138,17,[NULL]
2,"0,2,440,1,3",138,17,[NULL]
3,"0,2,439,1,3",138,17,[NULL]
4,"0,12,69,2,2",138,17,[NULL]
0,"456,1,3",139,16,[NULL]
1,"67,1,107,1,3",139,16,[NULL]
2,"1,1,439,1,3",139,16,[NULL]
3,"0,1,449,1,3",139,16,[NULL]
4,"0,12,324,1,2",139,16,[NULL]
5,"604,1,0",139,16,[NULL]
6,"0,5,562,1,0",139,16,[NULL]
0,339,140,15,[NULL]
1,338,140,15,[NULL]
2,"457,1,3",140,15,[NULL]
3,"68,1,107,1,3",140,15,[NULL]
4,"0,12,69,2,3",140,15,[NULL]
5,"7,1,311,1,1",140,15,[NULL]
6,"0,2,8,1,414,1,0",140,15,[NULL]
7,"0,3,575,1,0",140,15,[NULL]
0,"174,1,20",141,14,[NULL]
1,"458,1,3",141,14,[NULL]
2,"13,1,251,1,3",141,14,[NULL]
3,"3,1,363,1,3",141,14,[NULL]
4,"0,12,324,1,3",141,14,[NULL]
5,"7,1,314,1,1",141,14,[NULL]
6,"0,2,8,1,415,1,0",141,14,[NULL]
0,340,142,13,[NULL]
1,"18,1,152",142,13,[NULL]
2,"68,1,68",142,13,[NULL]
3,"460,1,3",142,13,[NULL]
4,"459,1,3",142,13,[NULL]
5,"3,1,365,1,3",142,13,[NULL]
6,"0,1,18,1,209,1,3",142,13,[NULL]
0,"0,1,326",143,12,[NULL]
1,"174,1,21",143,12,[NULL]
2,"311,1,6",143,12,[NULL]
3,"462,1,3",143,12,[NULL]
4,"461,1,3",143,12,[NULL]
5,"1,1,442,1,3",143,12,[NULL]
6,"0,1,450,1,3",143,12,[NULL]
7,"0,2,443,1,3",143,12,[NULL]
8,"0,1,451,1,2",143,12,[NULL]
0,"314,1,6",144,11,[NULL]
1,"463,1,3",144,11,[NULL]
2,"3,1,366,1,3",144,11,[NULL]
3,"0,1,3,1,352,1,3",144,11,[NULL]
4,"0,2,445,1,3",144,11,[NULL]
5,"0,2,446,1,2",144,11,[NULL]
6,"13,1,69,1,75,1,0",144,11,[NULL]
0,"1,1,318",145,10,[NULL]
1,"464,1,3",145,10,[NULL]
2,"3,1,367,1,3",145,10,[NULL]
3,"1,1,445,1,3",145,10,[NULL]
4,"0,1,451,1,3",145,10,[NULL]
0,"352,1,5",146,9,[NULL]
1,"466,1,3",146,9,[NULL]
2,"465,1,3",146,9,[NULL]
3,"0,2,446,1,3",146,9,[NULL]
4,"0,2,3,1,340,1,3",146,9,[NULL]
5,"2,1,18,1,264,1,0",146,9,[NULL]
6,"0,2,584,1,0",146,9,[NULL]
0,341,147,8,[NULL]
1,"69,1,68",147,8,[NULL]
2,"467,1,3",147,8,[NULL]
3,"1,1,446,1,3",147,8,[NULL]
4,"0,1,7,1,446,1,0",147,8,[NULL]
0,"0,1,340,1,5",148,7,[NULL]
0,"0,1,336",149,6,[NULL]
1,"3,1,263",149,6,[NULL]
2,"605,1,0",149,6,[NULL]
0,"0,3,324,1,5",150,5,[NULL]
1,"4,1,7,1,324,1,0",150,5,[NULL]
0,"0,156,0",0,156,[NULL]
0,"0,144,1",8,148,[NULL]
0,"0,141,2",12,144,[NULL]
0,"0,141,3",14,142,[NULL]
0,"0,25,246,1,2",107,49,[NULL]
0,"8,1,431,1,0",108,48,[NULL]
0,"0,25,246,1,3",109,47,[NULL]
1,"16,1,296,1,0",109,47,[NULL]
0,"17,1,296,1,0",110,46,[NULL]
0,"469,1,3",111,45,[NULL]
1,"607,1,0",111,45,[NULL]
2,"606,1,0",111,45,[NULL]
0,"470,1,3",112,44,[NULL]
1,"8,3,182,1,0",112,44,[NULL]
0,"0,6,402,1,2",113,43,[NULL]
1,"8,3,183,1,0",113,43,[NULL]
0,"8,1,16,1,17,1,111,1,0",114,42,[NULL]
0,"8,2,199,1,3",115,41,[NULL]
1,"0,6,402,1,3",115,41,[NULL]
2,"8,2,265,1,0",115,41,[NULL]
0,"8,2,200,1,3",116,40,[NULL]
1,"0,6,403,1,3",116,40,[NULL]
2,"8,5,71,1,0",116,40,[NULL]
0,"8,1,17,1,153,1,3",117,39,[NULL]
1,"8,4,16,1,50,1,0",117,39,[NULL]
0,"8,1,283,1,3",118,38,[NULL]
1,"8,1,432,1,0",118,38,[NULL]
2,"8,4,17,1,50,1,0",118,38,[NULL]
3,"1,1,5,1,452,1,0",118,38,[NULL]
0,"8,4,77,1,3",119,37,[NULL]
1,"8,1,433,1,0",119,37,[NULL]
2,"8,4,125,1,0",119,37,[NULL]
3,"0,1,595,1,0",119,37,[NULL]
0,"8,4,78,1,3",120,36,[NULL]
1,"0,1,452,1,2",120,36,[NULL]
2,"17,1,298,1,0",120,36,[NULL]
3,"8,7,16,1,0",120,36,[NULL]
0,"16,1,224,1,3",121,35,[NULL]
1,"8,3,17,1,56,1,3",121,35,[NULL]
2,"17,1,225,1,2",121,35,[NULL]
3,"8,7,17,1,0",121,35,[NULL]
4,"0,1,596,1,0",121,35,[NULL]
0,"16,1,225,1,3",122,34,[NULL]
1,"8,3,136,1,3",122,34,[NULL]
2,"0,1,452,1,3",122,34,[NULL]
3,"8,3,184,1,0",122,34,[NULL]
4,"8,5,16,1,23,1,0",122,34,[NULL]
0,"17,1,225,1,3",123,33,[NULL]
1,"8,6,19,1,3",123,33,[NULL]
2,"8,3,185,1,0",123,33,[NULL]
3,"8,6,42,1,0",123,33,[NULL]
0,"8,6,20,1,3",124,32,[NULL]
1,"8,2,17,1,147,1,0",124,32,[NULL]
2,"8,6,13,2,0",124,32,[NULL]
0,"8,3,137,1,3",125,31,[NULL]
1,"8,5,45,1,3",125,31,[NULL]
2,"0,1,491,1,1",125,31,[NULL]
3,"8,1,17,2,113,1,0",125,31,[NULL]
4,"8,5,13,1,32,1,0",125,31,[NULL]
0,342,126,30,[NULL]
1,"8,3,138,1,3",126,30,[NULL]
2,"8,5,46,1,3",126,30,[NULL]
3,"8,4,13,2,23,1,0",126,30,[NULL]
4,"8,5,72,1,0",126,30,[NULL]
5,"0,12,500,1,0",126,30,[NULL]
0,"8,1,16,1,154,1,3",127,29,[NULL]
1,"8,4,9,1,13,2,3",127,29,[NULL]
2,"8,3,13,2,51,1,0",127,29,[NULL]
3,"8,4,127,1,0",127,29,[NULL]
4,"0,28,324,1,0",127,29,[NULL]
0,"8,1,17,1,154,1,3",128,28,[NULL]
1,"8,3,9,1,13,1,32,1,3",128,28,[NULL]
2,"16,1,64,2,0",128,28,[NULL]
3,"8,2,13,5,0",128,28,[NULL]
4,"8,3,20,1,80,1,0",128,28,[NULL]
0,"8,2,9,1,13,2,23,1,3",129,27,[NULL]
1,"8,4,79,1,3",129,27,[NULL]
2,"16,1,299,1,0",129,27,[NULL]
3,"8,1,13,4,32,1,0",129,27,[NULL]
4,"8,3,186,1,0",129,27,[NULL]
5,"0,1,64,1,149,1,0",129,27,[NULL]
6,"0,1,8,2,260,1,0",129,27,[NULL]
0,"8,1,9,1,13,2,51,1,3",130,26,[NULL]
1,"8,4,80,1,3",130,26,[NULL]
2,"13,5,23,1,0",130,26,[NULL]
3,"8,1,434,1,0",130,26,[NULL]
4,"8,2,9,1,13,1,101,1,0",130,26,[NULL]
5,"0,1,598,1,0",130,26,[NULL]
6,"0,1,16,1,292,1,0",130,26,[NULL]
0,"64,1,112,1,3",131,25,[NULL]
1,"9,1,13,5,3",131,25,[NULL]
2,"8,2,22,1,80,1,3",131,25,[NULL]
3,"8,1,435,1,0",131,25,[NULL]
4,"8,1,9,1,13,2,80,1,0",131,25,[NULL]
0,"64,1,113,1,3",132,24,[NULL]
1,"8,2,23,1,80,1,3",132,24,[NULL]
2,"0,1,8,1,278,1,3",132,24,[NULL]
3,"9,1,13,1,23,1,101,1,0",132,24,[NULL]
4,"8,3,187,1,0",132,24,[NULL]
5,"0,1,601,1,0",132,24,[NULL]
6,"0,1,600,1,0",132,24,[NULL]
0,"13,2,51,1,17",133,23,[NULL]
1,"471,1,3",133,23,[NULL]
2,"8,1,13,2,101,1,3",133,23,[NULL]
3,"0,1,454,1,3",133,23,[NULL]
4,"0,5,449,1,1",133,23,[NULL]
5,"8,3,188,1,0",133,23,[NULL]
6,"0,2,586,1,0",133,23,[NULL]
0,"13,3,80,1,3",134,22,[NULL]
1,"0,1,455,1,3",134,22,[NULL]
2,"0,4,17,1,209,1,3",134,22,[NULL]
3,"500,1,1",134,22,[NULL]
4,"8,2,267,1,0",134,22,[NULL]
5,"1,1,586,1,0",134,22,[NULL]
0,"8,2,201,1,3",135,21,[NULL]
1,"0,4,422,1,3",135,21,[NULL]
2,"0,16,324,1,1",135,21,[NULL]
3,"13,1,357,1,0",135,21,[NULL]
4,"8,1,23,1,188,1,0",135,21,[NULL]
5,"0,2,18,1,278,1,0",135,21,[NULL]
0,"8,1,9,1,188,1,3",136,20,[NULL]
1,"0,3,437,1,3",136,20,[NULL]
2,"0,3,440,1,2",136,20,[NULL]
3,"608,1,0",136,20,[NULL]
4,"13,2,212,1,0",136,20,[NULL]
5,"0,2,69,1,147,1,0",136,20,[NULL]
0,"9,1,267,1,3",137,19,[NULL]
1,"0,1,3,1,359,1,3",137,19,[NULL]
2,"0,5,418,1,3",137,19,[NULL]
3,"0,2,449,1,2",137,19,[NULL]
0,"472,1,3",138,18,[NULL]
1,"0,2,448,1,3",138,18,[NULL]
2,"0,3,440,1,3",138,18,[NULL]
3,"0,13,69,2,2",138,18,[NULL]
4,"611,1,0",138,18,[NULL]
5,"610,1,0",138,18,[NULL]
0,"188,1,17",139,17,[NULL]
1,"209,1,10",139,17,[NULL]
2,"1,1,448,1,3",139,17,[NULL]
3,"0,1,67,1,107,1,3",139,17,[NULL]
4,"0,2,449,1,3",139,17,[NULL]
5,"0,13,324,1,2",139,17,[NULL]
6,"612,1,0",139,17,[NULL]
7,"13,2,213,1,0",139,17,[NULL]
8,"0,1,604,1,0",139,17,[NULL]
9,"0,6,562,1,0",139,17,[NULL]
0,"0,1,339",140,16,[NULL]
1,"0,1,68,1,107,1,3",140,16,[NULL]
2,"0,13,69,2,3",140,16,[NULL]
3,"613,1,0",140,16,[NULL]
4,"0,4,575,1,0",140,16,[NULL]
0,"67,1,68,1,6",141,15,[NULL]
1,"0,1,3,1,363,1,3",141,15,[NULL]
2,"0,13,324,1,3",141,15,[NULL]
0,"0,1,340",142,14,[NULL]
1,"68,2,6",142,14,[NULL]
2,"475,1,3",142,14,[NULL]
3,"474,1,3",142,14,[NULL]
4,"0,1,460,1,3",142,14,[NULL]
5,"0,1,3,1,365,1,3",142,14,[NULL]
6,"1,2,575,1,0",142,14,[NULL]
0,343,143,13,[NULL]
1,"0,1,462,1,3",143,13,[NULL]
2,"0,2,450,1,3",143,13,[NULL]
3,"0,2,451,1,2",143,13,[NULL]
4,"8,1,443,1,0",143,13,[NULL]
5,"7,1,459,1,0",143,13,[NULL]
6,"2,1,575,1,0",143,13,[NULL]
0,"365,1,5",144,12,[NULL]
1,"1,1,450,1,3",144,12,[NULL]
2,"0,3,446,1,2",144,12,[NULL]
3,"8,1,445,1,0",144,12,[NULL]
4,"1,1,591,1,0",144,12,[NULL]
0,344,145,11,[NULL]
1,"2,1,303",145,11,[NULL]
2,"478,1,3",145,11,[NULL]
3,"0,2,451,1,3",145,11,[NULL]
4,"616,1,0",145,11,[NULL]
5,"615,1,0",145,11,[NULL]
6,"1,1,14,1,324,1,0",145,11,[NULL]
0,346,146,10,[NULL]
1,345,146,10,[NULL]
2,"479,1,3",146,10,[NULL]
3,"2,1,69,1,95,1,3",146,10,[NULL]
4,"0,1,465,1,3",146,10,[NULL]
5,"0,3,446,1,3",146,10,[NULL]
6,"15,1,324,1,0",146,10,[NULL]
0,347,147,9,[NULL]
1,"68,1,69,1,6",147,9,[NULL]
2,"367,1,5",147,9,[NULL]
3,"480,1,3",147,9,[NULL]
0,349,148,8,[NULL]
1,348,148,8,[NULL]
2,"2,2,271",148,8,[NULL]
3,"3,1,269",148,8,[NULL]
4,"3,1,377,1,3",148,8,[NULL]
5,"1,1,592,1,0",148,8,[NULL]
6,"1,1,7,1,446,1,0",148,8,[NULL]
0,350,149,7,[NULL]
1,"0,2,336",149,7,[NULL]
2,"2,1,307",149,7,[NULL]
3,"3,1,271",149,7,[NULL]
4,"69,1,72",149,7,[NULL]
5,"368,1,5",149,7,[NULL]
6,"3,1,378,1,3",149,7,[NULL]
7,"1,1,4,1,69,2,3",149,7,[NULL]
8,"617,1,0",149,7,[NULL]
9,"1,1,593,1,0",149,7,[NULL]
0,351,150,6,[NULL]
1,"3,1,274",150,6,[NULL]
2,"1,1,4,1,324,1,3",150,6,[NULL]
3,"7,1,324,1,1",150,6,[NULL]
4,"2,1,13,1,324,1,0",150,6,[NULL]
0,352,151,5,[NULL]
1,"1,1,337",151,5,[NULL]
0,353,152,4,[NULL]
1,"69,2,6",152,4,[NULL]
2,"1,2,324,1,5",152,4,[NULL]
0,"324,1,6",153,3,[NULL]
0,"0,157,0",0,157,[NULL]
0,"0,145,1",8,149,[NULL]
0,"0,142,2",12,145,[NULL]
0,"0,142,3",14,143,[NULL]
0,"1,1,594,1,0",105,52,[NULL]
0,"0,26,246,1,2",107,50,[NULL]
0,"0,1,8,1,431,1,0",108,49,[NULL]
0,"0,26,246,1,3",109,48,[NULL]
1,"0,1,16,1,296,1,0",109,48,[NULL]
0,"0,1,17,1,296,1,0",110,47,[NULL]
0,"0,1,469,1,3",111,46,[NULL]
1,"0,1,606,1,0",111,46,[NULL]
0,"0,1,470,1,3",112,45,[NULL]
0,"0,7,402,1,3",115,42,[NULL]
0,"0,7,403,1,3",116,41,[NULL]
0,354,118,39,[NULL]
1,"0,1,8,1,432,1,0",118,39,[NULL]
0,"0,1,8,1,433,1,0",119,38,[NULL]
1,"0,2,595,1,0",119,38,[NULL]
0,"0,2,452,1,2",120,37,[NULL]
1,"0,1,17,1,298,1,0",120,37,[NULL]
0,"0,1,16,1,224,1,3",121,36,[NULL]
1,"0,1,17,1,225,1,2",121,36,[NULL]
0,"0,1,16,1,225,1,3",122,35,[NULL]
1,"0,2,452,1,3",122,35,[NULL]
0,"1,1,452,1,3",123,34,[NULL]
1,"0,1,17,1,225,1,3",123,34,[NULL]
0,"244,1,8",125,32,[NULL]
1,"0,1,8,3,137,1,3",125,32,[NULL]
2,"0,2,491,1,1",125,32,[NULL]
0,"0,1,8,3,138,1,3",126,31,[NULL]
1,"509,1,1",126,31,[NULL]
2,"5,1,491,1,0",126,31,[NULL]
3,"0,13,500,1,0",126,31,[NULL]
0,"0,29,324,1,0",127,30,[NULL]
0,"0,1,16,1,64,2,0",128,29,[NULL]
0,"0,2,64,1,149,1,0",129,28,[NULL]
1,"0,2,8,2,260,1,0",129,28,[NULL]
0,"1,1,64,1,149,1,0",130,27,[NULL]
1,"0,2,598,1,0",130,27,[NULL]
2,"0,2,16,1,292,1,0",130,27,[NULL]
0,"0,1,64,1,112,1,3",131,26,[NULL]
0,"0,1,64,1,113,1,3",132,25,[NULL]
1,"0,2,8,1,278,1,3",132,25,[NULL]
2,"0,2,601,1,0",132,25,[NULL]
3,"0,2,600,1,0",132,25,[NULL]
0,"0,2,454,1,3",133,24,[NULL]
1,"1,1,600,1,0",133,24,[NULL]
2,"0,3,586,1,0",133,24,[NULL]
0,"0,5,17,1,209,1,3",134,23,[NULL]
1,"0,1,500,1,1",134,23,[NULL]
0,"0,1,8,2,201,1,3",135,22,[NULL]
1,"0,5,422,1,3",135,22,[NULL]
2,"0,17,324,1,1",135,22,[NULL]
0,"0,1,8,1,9,1,188,1,3",136,21,[NULL]
1,"0,4,437,1,3",136,21,[NULL]
2,"0,4,440,1,2",136,21,[NULL]
3,"13,3,133,1,0",136,21,[NULL]
4,"1,1,603,1,0",136,21,[NULL]
0,"0,2,3,1,359,1,3",137,20,[NULL]
1,"0,6,418,1,3",137,20,[NULL]
2,"0,3,449,1,2",137,20,[NULL]
3,"1,1,42,1,209,1,0",137,20,[NULL]
0,"0,4,440,1,3",138,19,[NULL]
1,"0,14,69,2,2",138,19,[NULL]
2,"8,1,448,1,0",138,19,[NULL]
3,"0,1,610,1,0",138,19,[NULL]
0,"23,1,75,1,17",139,18,[NULL]
1,"0,3,449,1,3",139,18,[NULL]
2,"481,1,2",139,18,[NULL]
3,"0,14,324,1,2",139,18,[NULL]
4,"8,1,449,1,0",139,18,[NULL]
5,"0,1,612,1,0",139,18,[NULL]
6,"0,7,562,1,0",139,18,[NULL]
0,"0,14,69,2,3",140,17,[NULL]
1,"482,1,2",140,17,[NULL]
2,"16,1,314,1,0",140,17,[NULL]
3,"1,1,604,1,0",140,17,[NULL]
4,"0,1,613,1,0",140,17,[NULL]
5,"0,5,575,1,0",140,17,[NULL]
0,"1,1,338",141,16,[NULL]
1,"481,1,3",141,16,[NULL]
2,"69,1,112,1,3",141,16,[NULL]
3,"2,1,439,1,3",141,16,[NULL]
4,"0,14,324,1,3",141,16,[NULL]
5,"618,1,0",141,16,[NULL]
6,"18,1,293,1,0",141,16,[NULL]
7,"17,1,314,1,0",141,16,[NULL]
0,"482,1,3",142,15,[NULL]
1,"69,1,113,1,3",142,15,[NULL]
2,"0,1,475,1,3",142,15,[NULL]
3,"0,2,460,1,3",142,15,[NULL]
4,"484,1,2",142,15,[NULL]
5,"619,1,0",142,15,[NULL]
6,"8,1,18,1,209,1,0",142,15,[NULL]
0,355,143,14,[NULL]
1,"483,1,3",143,14,[NULL]
2,"0,3,451,1,2",143,14,[NULL]
3,"620,1,0",143,14,[NULL]
4,"8,1,450,1,0",143,14,[NULL]
5,"0,1,8,1,443,1,0",143,14,[NULL]
6,"0,1,2,1,575,1,0",143,14,[NULL]
0,356,144,13,[NULL]
1,"7,1,226",144,13,[NULL]
2,"484,1,3",144,13,[NULL]
3,"3,1,386,1,3",144,13,[NULL]
4,"3,1,391,1,2",144,13,[NULL]
5,"621,1,0",144,13,[NULL]
6,"13,1,373,1,0",144,13,[NULL]
7,"0,1,8,1,445,1,0",144,13,[NULL]
0,357,145,12,[NULL]
1,"0,1,344",145,12,[NULL]
2,"75,1,67",145,12,[NULL]
3,"13,1,69,1,33",145,12,[NULL]
4,"486,1,3",145,12,[NULL]
5,"485,1,3",145,12,[NULL]
6,"3,1,389,1,3",145,12,[NULL]
7,"0,3,451,1,3",145,12,[NULL]
8,"0,1,615,1,0",145,12,[NULL]
0,359,146,11,[NULL]
1,358,146,11,[NULL]
2,"333,1,6",146,11,[NULL]
3,"3,1,391,1,3",146,11,[NULL]
4,"3,1,390,1,3",146,11,[NULL]
5,"0,1,479,1,3",146,11,[NULL]
6,"0,4,446,1,3",146,11,[NULL]
7,"7,1,478,1,0",146,11,[NULL]
8,"0,1,15,1,324,1,0",146,11,[NULL]
0,360,147,10,[NULL]
1,"0,1,347",147,10,[NULL]
2,"373,1,5",147,10,[NULL]
3,"3,1,392,1,3",147,10,[NULL]
4,"2,1,445,1,3",147,10,[NULL]
5,"0,1,480,1,3",147,10,[NULL]
6,"7,1,479,1,0",147,10,[NULL]
0,"2,1,320",148,9,[NULL]
1,"375,1,5",148,9,[NULL]
2,"3,1,397,1,3",148,9,[NULL]
3,"3,1,396,1,3",148,9,[NULL]
4,"7,1,480,1,0",148,9,[NULL]
0,"0,3,336",149,8,[NULL]
1,"5,1,69,2,3",149,8,[NULL]
2,"3,1,398,1,3",149,8,[NULL]
3,"0,1,617,1,0",149,8,[NULL]
0,"0,1,351",150,7,[NULL]
1,"5,1,324,1,3",150,7,[NULL]
2,"0,1,7,1,324,1,1",150,7,[NULL]
3,"1,1,605,1,0",150,7,[NULL]
4,"0,1,2,1,13,1,324,1,0",150,7,[NULL]
0,361,151,6,[NULL]
1,"0,1,352",151,6,[NULL]
2,"378,1,5",151,6,[NULL]
0,"0,1,353",152,5,[NULL]
1,"0,1,69,2,6",152,5,[NULL]
0,"0,1,324,1,6",153,4,[NULL]
0,"0,158,0",0,158,[NULL]
0,"0,146,1",8,150,[NULL]
0,"0,143,2",12,146,[NULL]
0,"0,143,3",14,144,[NULL]
0,"622,1,0",105,53,[NULL]
0,"0,27,246,1,2",107,51,[NULL]
0,"0,2,8,1,431,1,0",108,50,[NULL]
0,"0,27,246,1,3",109,49,[NULL]
1,"0,2,16,1,296,1,0",109,49,[NULL]
0,"487,1,3",110,48,[NULL]
0,"0,2,469,1,3",111,47,[NULL]
1,"0,2,606,1,0",111,47,[NULL]
0,"0,2,470,1,3",112,46,[NULL]
1,"1,1,606,1,0",112,46,[NULL]
0,"0,8,402,1,3",115,43,[NULL]
0,"0,8,403,1,3",116,42,[NULL]
0,"0,2,8,1,432,1,0",118,40,[NULL]
0,"0,2,8,1,433,1,0",119,39,[NULL]
0,"0,3,452,1,2",120,38,[NULL]
0,"0,2,16,1,224,1,3",121,37,[NULL]
1,"0,2,17,1,225,1,2",121,37,[NULL]
0,"0,2,16,1,225,1,3",122,36,[NULL]
1,"0,3,452,1,3",122,36,[NULL]
2,"8,1,452,1,0",122,36,[NULL]
0,"0,2,17,1,225,1,3",123,35,[NULL]
1,"17,1,244,1,1",123,35,[NULL]
0,"31,1,245,1,0",124,34,[NULL]
0,"488,1,3",125,33,[NULL]
1,"8,1,453,1,0",125,33,[NULL]
0,"0,2,8,3,138,1,3",126,32,[NULL]
1,"8,2,16,1,149,1,0",126,32,[NULL]
2,"0,14,500,1,0",126,32,[NULL]
0,"489,1,3",127,31,[NULL]
1,"8,2,17,1,149,1,0",127,31,[NULL]
2,"0,30,324,1,0",127,31,[NULL]
0,"490,1,3",128,30,[NULL]
1,"623,1,0",128,30,[NULL]
2,"8,2,277,1,0",128,30,[NULL]
0,"8,2,206,1,3",129,29,[NULL]
1,"491,1,2",129,29,[NULL]
2,"8,3,193,1,0",129,29,[NULL]
0,"8,1,17,1,160,1,3",130,28,[NULL]
1,"8,3,194,1,0",130,28,[NULL]
0,"491,1,3",131,27,[NULL]
1,"8,2,207,1,3",131,27,[NULL]
2,"8,2,13,1,167,1,0",131,27,[NULL]
0,"8,2,208,1,3",132,26,[NULL]
1,"0,2,64,1,113,1,3",132,26,[NULL]
2,"64,1,160,1,0",132,26,[NULL]
3,"8,1,13,1,248,1,0",132,26,[NULL]
4,"8,2,278,1,0",132,26,[NULL]
5,"0,3,600,1,0",132,26,[NULL]
0,362,133,25,[NULL]
1,"8,1,9,1,194,1,3",133,25,[NULL]
2,"624,1,0",133,25,[NULL]
3,"13,2,219,1,0",133,25,[NULL]
4,"8,1,454,1,0",133,25,[NULL]
5,"0,4,586,1,0",133,25,[NULL]
0,"9,1,13,1,167,1,3",134,24,[NULL]
1,"0,2,500,1,1",134,24,[NULL]
2,"20,1,292,1,0",134,24,[NULL]
3,"8,1,455,1,0",134,24,[NULL]
0,"8,1,291,1,3",135,23,[NULL]
1,"0,18,324,1,1",135,23,[NULL]
2,"625,1,0",135,23,[NULL]
3,"9,1,420,1,0",135,23,[NULL]
4,"1,2,586,1,0",135,23,[NULL]
0,"194,1,17",136,22,[NULL]
1,"8,1,292,1,3",136,22,[NULL]
2,"0,2,8,1,9,1,188,1,3",136,22,[NULL]
3,"0,5,440,1,2",136,22,[NULL]
4,"626,1,0",136,22,[NULL]
5,"8,2,279,1,0",136,22,[NULL]
0,"187,1,18",137,21,[NULL]
1,"492,1,3",137,21,[NULL]
2,"0,4,449,1,2",137,21,[NULL]
3,"8,2,280,1,0",137,21,[NULL]
0,"8,1,293,1,3",138,20,[NULL]
1,"0,5,440,1,3",138,20,[NULL]
2,"0,15,69,2,2",138,20,[NULL]
3,"627,1,0",138,20,[NULL]
4,"8,1,9,1,261,1,0",138,20,[NULL]
0,"8,2,209,1,3",139,19,[NULL]
1,"0,4,449,1,3",139,19,[NULL]
2,"0,1,481,1,2",139,19,[NULL]
3,"0,15,324,1,2",139,19,[NULL]
4,"9,1,423,1,0",139,19,[NULL]
5,"0,1,8,1,449,1,0",139,19,[NULL]
6,"0,2,612,1,0",139,19,[NULL]
7,"0,8,562,1,0",139,19,[NULL]
0,363,140,18,[NULL]
1,"8,1,294,1,3",140,18,[NULL]
2,"0,15,69,2,3",140,18,[NULL]
3,"0,1,482,1,2",140,18,[NULL]
4,"628,1,0",140,18,[NULL]
5,"0,2,613,1,0",140,18,[NULL]
6,"0,6,575,1,0",140,18,[NULL]
0,"188,1,20",141,17,[NULL]
1,"494,1,3",141,17,[NULL]
2,"13,1,261,1,3",141,17,[NULL]
3,"0,1,481,1,3",141,17,[NULL]
4,"0,1,69,1,112,1,3",141,17,[NULL]
5,"0,1,2,1,439,1,3",141,17,[NULL]
6,"0,15,324,1,3",141,17,[NULL]
0,"7,1,229",142,16,[NULL]
1,"189,1,20",142,16,[NULL]
2,"209,1,11",142,16,[NULL]
3,"495,1,3",142,16,[NULL]
4,"0,1,482,1,3",142,16,[NULL]
5,"0,1,69,1,113,1,3",142,16,[NULL]
6,"0,2,475,1,3",142,16,[NULL]
7,"0,1,484,1,2",142,16,[NULL]
8,"629,1,0",142,16,[NULL]
0,"3,1,286",143,15,[NULL]
1,"385,1,5",143,15,[NULL]
2,"74,1,107,1,3",143,15,[NULL]
3,"3,1,407,1,3",143,15,[NULL]
4,"0,1,483,1,3",143,15,[NULL]
5,"630,1,0",143,15,[NULL]
6,"0,2,8,1,443,1,0",143,15,[NULL]
0,"209,1,12",144,14,[NULL]
1,"335,1,6",144,14,[NULL]
2,"496,1,3",144,14,[NULL]
3,"0,1,484,1,3",144,14,[NULL]
4,"0,1,3,1,386,1,3",144,14,[NULL]
5,"7,1,311,1,2",144,14,[NULL]
6,"0,2,8,1,445,1,0",144,14,[NULL]
0,"336,1,6",145,13,[NULL]
1,"497,1,3",145,13,[NULL]
2,"0,1,486,1,3",145,13,[NULL]
3,"0,1,485,1,3",145,13,[NULL]
4,"0,1,3,1,389,1,3",145,13,[NULL]
5,"0,4,451,1,3",145,13,[NULL]
6,"7,1,314,1,2",145,13,[NULL]
7,"0,2,615,1,0",145,13,[NULL]
0,"190,1,21",146,12,[NULL]
1,"7,1,311,1,3",146,12,[NULL]
2,"1,1,478,1,3",146,12,[NULL]
3,"0,1,3,1,391,1,3",146,12,[NULL]
4,"0,1,3,1,390,1,3",146,12,[NULL]
5,"0,2,479,1,3",146,12,[NULL]
6,"0,5,446,1,3",146,12,[NULL]
7,"7,1,486,1,0",146,12,[NULL]
8,"0,2,15,1,324,1,0",146,12,[NULL]
0,364,147,11,[NULL]
1,"0,2,347",147,11,[NULL]
2,"191,1,21",147,11,[NULL]
3,"7,1,314,1,3",147,11,[NULL]
4,"1,1,479,1,3",147,11,[NULL]
5,"0,1,3,1,392,1,3",147,11,[NULL]
6,"0,1,2,1,445,1,3",147,11,[NULL]
7,"631,1,0",147,11,[NULL]
0,366,148,10,[NULL]
1,365,148,10,[NULL]
2,"1,1,347",148,10,[NULL]
3,"191,1,22",148,10,[NULL]
4,"391,1,5",148,10,[NULL]
5,"0,1,375,1,5",148,10,[NULL]
6,"0,1,3,1,396,1,3",148,10,[NULL]
7,"632,1,0",148,10,[NULL]
8,"16,1,69,2,0",148,10,[NULL]
0,367,149,9,[NULL]
1,"3,1,69,1,57",149,9,[NULL]
2,"394,1,5",149,9,[NULL]
3,"393,1,5",149,9,[NULL]
4,"0,1,3,1,398,1,3",149,9,[NULL]
5,"526,1,1",149,9,[NULL]
6,"633,1,0",149,9,[NULL]
7,"17,1,69,2,0",149,9,[NULL]
8,"16,1,324,1,0",149,9,[NULL]
0,368,150,8,[NULL]
1,"339,1,6",150,8,[NULL]
2,"397,1,5",150,8,[NULL]
3,"396,1,5",150,8,[NULL]
4,"0,2,7,1,324,1,1",150,8,[NULL]
5,"17,1,324,1,0",150,8,[NULL]
6,"1,1,617,1,0",150,8,[NULL]
0,369,151,7,[NULL]
1,"3,1,69,1,58",151,7,[NULL]
2,"340,1,6",151,7,[NULL]
3,"399,1,5",151,7,[NULL]
4,"398,1,5",151,7,[NULL]
5,"0,1,378,1,5",151,7,[NULL]
0,"0,2,353",152,6,[NULL]
1,"0,2,69,2,6",152,6,[NULL]
2,"400,1,5",152,6,[NULL]
0,"0,2,324,1,6",153,5,[NULL]
0,"0,159,0",0,159,[NULL]
0,"0,147,1",8,151,[NULL]
0,"0,144,2",12,147,[NULL]
0,"0,144,3",14,145,[NULL]
0,"8,1,469,1,0",111,48,[NULL]
1,"0,3,606,1,0",111,48,[NULL]
0,"8,1,470,1,0",112,47,[NULL]
0,"17,1,326,1,0",113,46,[NULL]
0,"8,1,295,1,3",114,45,[NULL]
1,"634,1,0",114,45,[NULL]
0,"8,1,296,1,3",115,44,[NULL]
1,"8,3,199,1,0",115,44,[NULL]
0,"8,3,200,1,0",116,43,[NULL]
0,"498,1,3",117,42,[NULL]
1,"635,1,0",117,42,[NULL]
2,"8,2,17,1,153,1,0",117,42,[NULL]
0,"8,3,145,1,3",118,41,[NULL]
1,"636,1,0",118,41,[NULL]
2,"8,2,283,1,0",118,41,[NULL]
0,"165,1,25",119,40,[NULL]
1,"8,2,16,1,111,1,3",119,40,[NULL]
2,"8,5,77,1,0",119,40,[NULL]
0,"8,2,17,1,111,1,3",120,39,[NULL]
1,"0,4,452,1,2",120,39,[NULL]
2,"8,5,78,1,0",120,39,[NULL]
0,"8,2,211,1,3",121,38,[NULL]
1,"0,3,17,1,225,1,2",121,38,[NULL]
2,"8,1,16,1,224,1,0",121,38,[NULL]
3,"8,4,17,1,56,1,0",121,38,[NULL]
0,"8,5,49,1,3",122,37,[NULL]
1,"0,4,452,1,3",122,37,[NULL]
2,"8,1,16,1,225,1,0",122,37,[NULL]
3,"8,4,136,1,0",122,37,[NULL]
4,"0,1,8,1,452,1,0",122,37,[NULL]
0,"8,5,50,1,3",123,36,[NULL]
1,"0,3,17,1,225,1,3",123,36,[NULL]
2,"0,1,17,1,244,1,1",123,36,[NULL]
3,"8,1,17,1,225,1,0",123,36,[NULL]
4,"8,7,19,1,0",123,36,[NULL]
0,"8,1,297,1,3",124,35,[NULL]
1,"8,3,16,1,17,2,3",124,35,[NULL]
2,"17,2,138,1,1",124,35,[NULL]
3,"42,1,224,1,0",124,35,[NULL]
4,"8,7,20,1,0",124,35,[NULL]
0,"8,1,298,1,3",125,34,[NULL]
1,"8,4,88,1,3",125,34,[NULL]
2,"0,1,488,1,3",125,34,[NULL]
3,"8,4,137,1,0",125,34,[NULL]
4,"8,6,45,1,0",125,34,[NULL]
0,"17,1,238,1,3",126,33,[NULL]
1,"8,8,3",126,33,[NULL]
2,"8,4,138,1,0",126,33,[NULL]
3,"8,6,46,1,0",126,33,[NULL]
4,"0,15,500,1,0",126,33,[NULL]
0,"8,6,22,1,3",127,32,[NULL]
1,"8,2,16,1,154,1,0",127,32,[NULL]
2,"8,5,9,1,13,2,0",127,32,[NULL]
3,"1,1,5,1,491,1,0",127,32,[NULL]
4,"0,31,324,1,0",127,32,[NULL]
0,"137,1,34",128,31,[NULL]
1,"8,3,146,1,3",128,31,[NULL]
2,"8,6,23,1,3",128,31,[NULL]
3,"8,2,17,1,154,1,0",128,31,[NULL]
4,"8,4,9,1,13,1,32,1,0",128,31,[NULL]
5,"0,1,623,1,0",128,31,[NULL]
0,"8,3,147,1,3",129,30,[NULL]
1,"8,5,51,1,3",129,30,[NULL]
2,"0,1,491,1,2",129,30,[NULL]
3,"637,1,0",129,30,[NULL]
4,"8,3,9,1,13,2,23,1,0",129,30,[NULL]
5,"8,5,79,1,0",129,30,[NULL]
0,"17,1,180",130,29,[NULL]
1,"8,2,17,1,113,1,3",130,29,[NULL]
2,"8,4,13,3,3",130,29,[NULL]
3,"8,2,9,1,13,2,51,1,0",130,29,[NULL]
4,"8,5,80,1,0",130,29,[NULL]
0,"8,1,17,1,162,1,3",131,28,[NULL]
1,"8,3,13,2,32,1,3",131,28,[NULL]
2,"0,1,491,1,3",131,28,[NULL]
3,"8,1,64,1,112,1,0",131,28,[NULL]
4,"8,1,9,1,13,5,0",131,28,[NULL]
5,"8,3,22,1,80,1,0",131,28,[NULL]
0,"8,2,13,3,23,1,3",132,27,[NULL]
1,"8,4,89,1,3",132,27,[NULL]
2,"9,1,13,4,32,1,0",132,27,[NULL]
3,"8,1,64,1,113,1,0",132,27,[NULL]
4,"8,3,23,1,80,1,0",132,27,[NULL]
5,"0,1,8,2,278,1,0",132,27,[NULL]
6,"0,4,600,1,0",132,27,[NULL]
0,"8,1,13,3,51,1,3",133,26,[NULL]
1,"8,3,9,1,80,1,3",133,26,[NULL]
2,"8,1,471,1,0",133,26,[NULL]
3,"8,2,13,2,101,1,0",133,26,[NULL]
4,"0,1,8,1,454,1,0",133,26,[NULL]
5,"0,5,586,1,0",133,26,[NULL]
0,"13,6,3",134,25,[NULL]
1,"8,1,64,2,3",134,25,[NULL]
2,"8,2,23,1,89,1,3",134,25,[NULL]
3,"0,3,500,1,1",134,25,[NULL]
4,"9,1,435,1,0",134,25,[NULL]
5,"8,1,13,3,80,1,0",134,25,[NULL]
0,"5,1,244",135,24,[NULL]
1,"8,1,299,1,3",135,24,[NULL]
2,"8,1,9,1,23,1,80,1,3",135,24,[NULL]
3,"0,1,8,1,291,1,3",135,24,[NULL]
4,"0,19,324,1,1",135,24,[NULL]
5,"13,2,23,1,101,1,0",135,24,[NULL]
6,"8,3,201,1,0",135,24,[NULL]
0,"499,1,3",136,23,[NULL]
1,"9,1,13,2,101,1,3",136,23,[NULL]
2,"0,1,8,1,292,1,3",136,23,[NULL]
3,"0,6,440,1,2",136,23,[NULL]
4,"8,2,9,1,188,1,0",136,23,[NULL]
0,"13,2,32,1,33",137,22,[NULL]
1,"0,5,449,1,2",137,22,[NULL]
2,"8,1,9,1,267,1,0",137,22,[NULL]
0,"8,2,212,1,3",138,21,[NULL]
1,"0,6,440,1,3",138,21,[NULL]
2,"500,1,2",138,21,[NULL]
3,"9,1,23,1,188,1,0",138,21,[NULL]
4,"0,1,627,1,0",138,21,[NULL]
0,370,139,20,[NULL]
1,"8,1,13,1,188,1,3",139,20,[NULL]
2,"0,5,449,1,3",139,20,[NULL]
3,"0,2,481,1,2",139,20,[NULL]
4,"0,16,324,1,2",139,20,[NULL]
5,"23,1,286,1,0",139,20,[NULL]
6,"0,2,8,1,449,1,0",139,20,[NULL]
0,"501,1,3",140,19,[NULL]
1,"500,1,3",140,19,[NULL]
2,"13,1,267,1,3",140,19,[NULL]
3,"0,2,482,1,2",140,19,[NULL]
4,"638,1,0",140,19,[NULL]
0,"0,1,188,1,20",141,18,[NULL]
1,"0,2,481,1,3",141,18,[NULL]
2,"0,2,69,1,112,1,3",141,18,[NULL]
3,"0,16,324,1,3",141,18,[NULL]
4,"640,1,0",141,18,[NULL]
0,"0,2,482,1,3",142,17,[NULL]
1,"0,2,69,1,113,1,3",142,17,[NULL]
2,"0,2,484,1,2",142,17,[NULL]
3,"533,1,1",142,17,[NULL]
4,"8,1,475,1,0",142,17,[NULL]
5,"1,1,18,1,293,1,0",142,17,[NULL]
6,"0,1,629,1,0",142,17,[NULL]
0,"0,1,3,1,286",143,16,[NULL]
1,"17,1,333,1,0",143,16,[NULL]
2,"13,1,408,1,0",143,16,[NULL]
3,"0,1,630,1,0",143,16,[NULL]
0,"7,1,319,1,3",144,15,[NULL]
1,"3,1,417,1,3",144,15,[NULL]
2,"0,2,484,1,3",144,15,[NULL]
3,"0,1,7,1,311,1,2",144,15,[NULL]
0,371,145,14,[NULL]
1,"502,1,3",145,14,[NULL]
2,"0,2,486,1,3",145,14,[NULL]
3,"0,1,7,1,314,1,2",145,14,[NULL]
0,372,146,13,[NULL]
1,"1,1,486,1,3",146,13,[NULL]
2,"1,1,485,1,3",146,13,[NULL]
3,"0,1,7,1,311,1,3",146,13,[NULL]
4,"0,6,446,1,3",146,13,[NULL]
5,"8,1,479,1,0",146,13,[NULL]
0,"0,3,347",147,12,[NULL]
1,"3,1,296",147,12,[NULL]
2,"503,1,3",147,12,[NULL]
3,"7,1,321,1,3",147,12,[NULL]
4,"0,1,7,1,314,1,3",147,12,[NULL]
5,"9,1,445,1,0",147,12,[NULL]
6,"0,1,631,1,0",147,12,[NULL]
0,373,148,11,[NULL]
1,"412,1,5",148,11,[NULL]
2,"0,2,375,1,5",148,11,[NULL]
3,"7,1,322,1,3",148,11,[NULL]
4,"18,1,311,1,0",148,11,[NULL]
5,"7,2,314,1,0",148,11,[NULL]
6,"0,1,16,1,69,2,0",148,11,[NULL]
0,375,149,10,[NULL]
1,374,149,10,[NULL]
2,"352,1,6",149,10,[NULL]
3,"504,1,3",149,10,[NULL]
4,"2,1,465,1,3",149,10,[NULL]
5,"0,1,526,1,1",149,10,[NULL]
6,"18,1,314,1,0",149,10,[NULL]
7,"0,1,17,1,69,2,0",149,10,[NULL]
8,"0,1,16,1,324,1,0",149,10,[NULL]
0,377,150,9,[NULL]
1,376,150,9,[NULL]
2,"0,1,396,1,5",150,9,[NULL]
3,"7,1,323,1,3",150,9,[NULL]
4,"1,1,5,1,69,2,3",150,9,[NULL]
5,"505,1,2",150,9,[NULL]
6,"0,3,7,1,324,1,1",150,9,[NULL]
7,"0,1,17,1,324,1,0",150,9,[NULL]
0,"0,1,398,1,5",151,8,[NULL]
1,"6,1,69,2,3",151,8,[NULL]
2,"3,1,69,1,93,1,3",151,8,[NULL]
3,"1,1,5,1,324,1,3",151,8,[NULL]
4,"507,1,2",151,8,[NULL]
5,"506,1,2",151,8,[NULL]
0,"505,1,3",152,7,[NULL]
1,"6,1,324,1,3",152,7,[NULL]
2,"508,1,2",152,7,[NULL]
0,"507,1,3",153,6,[NULL]
1,"506,1,3",153,6,[NULL]
2,"3,2,324,1,2",153,6,[NULL]
0,"508,1,3",154,5,[NULL]
1,"7,1,324,1,2",154,5,[NULL]
0,"3,2,324,1,3",155,4,[NULL]
0,"7,1,324,1,3",156,3,[NULL]
0,"0,160,0",0,160,[NULL]
0,"0,148,1",8,152,[NULL]
0,"0,145,2",12,148,[NULL]
0,"0,145,3",14,146,[NULL]
0,"1,1,622,1,0",106,54,[NULL]
0,"641,1,0",107,53,[NULL]
0,"1,1,487,1,3",111,49,[NULL]
1,"0,1,8,1,469,1,0",111,49,[NULL]
2,"0,4,606,1,0",111,49,[NULL]
0,"0,1,8,1,470,1,0",112,48,[NULL]
0,"0,1,17,1,326,1,0",113,47,[NULL]
0,"0,1,8,1,295,1,3",114,46,[NULL]
0,"0,1,8,1,296,1,3",115,45,[NULL]
0,"0,1,635,1,0",117,43,[NULL]
0,"0,1,636,1,0",118,42,[NULL]
0,"0,5,452,1,2",120,40,[NULL]
0,"0,4,17,1,225,1,2",121,39,[NULL]
1,"0,1,8,1,16,1,224,1,0",121,39,[NULL]
0,"0,5,452,1,3",122,38,[NULL]
1,"0,1,8,1,16,1,225,1,0",122,38,[NULL]
2,"0,2,8,1,452,1,0",122,38,[NULL]
0,"0,4,17,1,225,1,3",123,37,[NULL]
1,"0,1,8,1,17,1,225,1,0",123,37,[NULL]
0,"0,1,8,1,297,1,3",124,36,[NULL]
0,"0,1,8,1,298,1,3",125,35,[NULL]
1,"0,2,488,1,3",125,35,[NULL]
0,"0,1,17,1,238,1,3",126,34,[NULL]
1,"0,16,500,1,0",126,34,[NULL]
0,378,127,33,[NULL]
1,"224,1,10",127,33,[NULL]
2,"0,32,324,1,0",127,33,[NULL]
0,"225,1,10",128,32,[NULL]
1,"0,2,623,1,0",128,32,[NULL]
0,"0,2,491,1,2",129,31,[NULL]
1,"0,1,637,1,0",129,31,[NULL]
0,"509,1,2",130,30,[NULL]
0,"149,1,30",131,29,[NULL]
1,"0,2,491,1,3",131,29,[NULL]
0,"509,1,3",132,28,[NULL]
1,"1,1,491,1,3",132,28,[NULL]
2,"0,2,8,2,278,1,0",132,28,[NULL]
3,"0,5,600,1,0",132,28,[NULL]
0,"0,2,8,1,454,1,0",133,27,[NULL]
1,"0,6,586,1,0",133,27,[NULL]
0,"260,1,8",134,26,[NULL]
1,"0,1,8,1,64,2,3",134,26,[NULL]
2,"0,4,500,1,1",134,26,[NULL]
0,"0,1,8,1,299,1,3",135,25,[NULL]
1,"0,2,8,1,291,1,3",135,25,[NULL]
2,"0,20,324,1,1",135,25,[NULL]
0,"5,1,347,1,3",136,24,[NULL]
1,"0,2,8,1,292,1,3",136,24,[NULL]
2,"0,7,440,1,2",136,24,[NULL]
3,"642,1,0",136,24,[NULL]
0,"0,6,449,1,2",137,23,[NULL]
1,"13,4,67,1,0",137,23,[NULL]
2,"1,1,626,1,0",137,23,[NULL]
0,"209,1,15",138,22,[NULL]
1,"0,1,8,2,212,1,3",138,22,[NULL]
2,"0,7,440,1,3",138,22,[NULL]
3,"0,1,500,1,2",138,22,[NULL]
4,"643,1,0",138,22,[NULL]
5,"0,2,627,1,0",138,22,[NULL]
0,"0,6,449,1,3",139,21,[NULL]
1,"0,3,481,1,2",139,21,[NULL]
2,"0,17,324,1,2",139,21,[NULL]
3,"645,1,0",139,21,[NULL]
4,"644,1,0",139,21,[NULL]
5,"1,1,627,1,0",139,21,[NULL]
0,"13,3,95,1,3",140,20,[NULL]
1,"0,1,500,1,3",140,20,[NULL]
2,"646,1,0",140,20,[NULL]
0,"358,1,6",141,19,[NULL]
1,"0,3,481,1,3",141,19,[NULL]
2,"0,17,324,1,3",141,19,[NULL]
3,"8,1,69,1,112,1,0",141,19,[NULL]
4,"1,1,628,1,0",141,19,[NULL]
0,"1,1,494,1,3",142,18,[NULL]
1,"0,3,482,1,3",142,18,[NULL]
2,"0,1,533,1,1",142,18,[NULL]
3,"647,1,0",142,18,[NULL]
4,"8,1,69,1,113,1,0",142,18,[NULL]
5,"0,1,8,1,475,1,0",142,18,[NULL]
0,"540,1,1",143,17,[NULL]
1,"48,1,209,1,0",143,17,[NULL]
2,"13,1,417,1,0",143,17,[NULL]
3,"8,1,483,1,0",143,17,[NULL]
4,"1,1,629,1,0",143,17,[NULL]
5,"0,1,17,1,333,1,0",143,17,[NULL]
0,"1,1,385,1,5",144,16,[NULL]
1,"8,1,64,1,69,1,3",144,16,[NULL]
2,"0,1,7,1,319,1,3",144,16,[NULL]
3,"0,3,484,1,3",144,16,[NULL]
4,"0,2,7,1,311,1,2",144,16,[NULL]
5,"648,1,0",144,16,[NULL]
6,"17,1,338,1,0",144,16,[NULL]
0,379,145,15,[NULL]
1,"8,1,312,1,3",145,15,[NULL]
2,"0,1,502,1,3",145,15,[NULL]
3,"0,2,7,1,314,1,2",145,15,[NULL]
4,"650,1,0",145,15,[NULL]
5,"8,1,486,1,0",145,15,[NULL]
0,"363,1,6",146,14,[NULL]
1,"8,1,314,1,3",146,14,[NULL]
2,"3,1,425,1,3",146,14,[NULL]
3,"0,2,7,1,311,1,3",146,14,[NULL]
4,"9,1,450,1,0",146,14,[NULL]
0,"0,4,347",147,13,[NULL]
1,"189,1,24",147,13,[NULL]
2,"365,1,6",147,13,[NULL]
3,"511,1,3",147,13,[NULL]
4,"0,2,7,1,314,1,3",147,13,[NULL]
0,"197,1,21",148,12,[NULL]
1,"3,1,428,1,3",148,12,[NULL]
2,"3,2,333,1,3",148,12,[NULL]
3,"546,1,1",148,12,[NULL]
4,"1,1,631,1,0",148,12,[NULL]
5,"0,1,18,1,311,1,0",148,12,[NULL]
6,"0,1,7,2,314,1,0",148,12,[NULL]
0,"18,1,178",149,11,[NULL]
1,"198,1,21",149,11,[NULL]
2,"0,1,352,1,6",149,11,[NULL]
3,"512,1,3",149,11,[NULL]
4,"7,1,333,1,3",149,11,[NULL]
5,"2,1,479,1,3",149,11,[NULL]
6,"0,1,504,1,3",149,11,[NULL]
7,"18,1,321,1,0",149,11,[NULL]
8,"1,1,632,1,0",149,11,[NULL]
9,"0,1,18,1,314,1,0",149,11,[NULL]
10,"0,2,17,1,69,2,0",149,11,[NULL]
11,"0,2,16,1,324,1,0",149,11,[NULL]
0,"191,1,24",150,10,[NULL]
1,"198,1,22",150,10,[NULL]
2,"514,1,3",150,10,[NULL]
3,"513,1,3",150,10,[NULL]
4,"0,1,505,1,2",150,10,[NULL]
5,"68,1,163,1,0",150,10,[NULL]
6,"1,1,633,1,0",150,10,[NULL]
7,"1,1,16,1,324,1,0",150,10,[NULL]
8,"0,2,17,1,324,1,0",150,10,[NULL]
0,380,151,9,[NULL]
1,"0,1,6,1,69,2,3",151,9,[NULL]
2,"0,1,506,1,2",151,9,[NULL]
0,"0,1,505,1,3",152,8,[NULL]
1,"0,1,6,1,324,1,3",152,8,[NULL]
2,"2,1,617,1,0",152,8,[NULL]
0,381,153,7,[NULL]
1,"3,1,309",153,7,[NULL]
2,"0,1,507,1,3",153,7,[NULL]
3,"0,1,506,1,3",153,7,[NULL]
4,"2,2,13,1,324,1,0",153,7,[NULL]
0,382,154,6,[NULL]
1,"3,1,310",154,6,[NULL]
2,"0,1,508,1,3",154,6,[NULL]
3,"0,1,7,1,324,1,2",154,6,[NULL]
4,"7,1,507,1,0",154,6,[NULL]
0,383,155,5,[NULL]
1,"0,1,3,2,324,1,3",155,5,[NULL]
2,"7,1,508,1,0",155,5,[NULL]
0,"0,1,7,1,324,1,3",156,4,[NULL]
0,"7,2,324,1,0",157,3,[NULL]
0,"18,1,324,1,0",158,2,[NULL]
0,"0,161,0",0,161,[NULL]
0,"0,149,1",8,153,[NULL]
0,"0,146,2",12,149,[NULL]
0,"0,146,3",14,147,[NULL]
0,"0,1,641,1,0",107,54,[NULL]
0,"515,1,3",111,50,[NULL]
1,"0,2,8,1,469,1,0",111,50,[NULL]
2,"0,5,606,1,0",111,50,[NULL]
0,"0,2,8,1,470,1,0",112,49,[NULL]
0,384,113,48,[NULL]
0,"0,2,8,1,295,1,3",114,47,[NULL]
0,"0,2,8,1,296,1,3",115,46,[NULL]
0,"0,2,635,1,0",117,44,[NULL]
0,"1,1,635,1,0",118,43,[NULL]
1,"0,2,636,1,0",118,43,[NULL]
0,"0,6,452,1,2",120,41,[NULL]
0,"0,2,8,1,16,1,224,1,0",121,40,[NULL]
0,"0,6,452,1,3",122,39,[NULL]
1,"0,2,8,1,16,1,225,1,0",122,39,[NULL]
0,"0,5,17,1,225,1,3",123,38,[NULL]
0,"0,2,8,1,297,1,3",124,37,[NULL]
0,"0,2,8,1,298,1,3",125,36,[NULL]
1,"8,1,488,1,0",125,36,[NULL]
2,"1,1,42,1,224,1,0",125,36,[NULL]
0,"17,1,343,1,0",126,35,[NULL]
1,"0,17,500,1,0",126,35,[NULL]
0,"17,1,244,1,2",127,34,[NULL]
1,"8,1,489,1,0",127,34,[NULL]
2,"0,33,324,1,0",127,34,[NULL]
0,"0,1,225,1,10",128,33,[NULL]
1,"16,1,244,1,3",128,33,[NULL]
2,"8,1,490,1,0",128,33,[NULL]
0,"17,1,244,1,3",129,32,[NULL]
1,"0,3,491,1,2",129,32,[NULL]
2,"8,3,206,1,0",129,32,[NULL]
0,"16,1,245,1,3",130,31,[NULL]
1,"0,1,509,1,2",130,31,[NULL]
2,"8,2,17,1,160,1,0",130,31,[NULL]
0,"8,1,315,1,3",131,30,[NULL]
1,"0,3,491,1,3",131,30,[NULL]
2,"8,1,491,1,0",131,30,[NULL]
3,"8,3,207,1,0",131,30,[NULL]
0,"8,3,149,1,3",132,29,[NULL]
1,"0,1,509,1,3",132,29,[NULL]
2,"17,1,260,1,1",132,29,[NULL]
3,"8,3,208,1,0",132,29,[NULL]
0,"8,1,16,1,167,1,3",133,28,[NULL]
1,"8,2,9,1,194,1,0",133,28,[NULL]
0,"516,1,3",134,27,[NULL]
1,"8,2,218,1,3",134,27,[NULL]
2,"0,5,500,1,1",134,27,[NULL]
3,"653,1,0",134,27,[NULL]
4,"8,1,9,1,13,1,167,1,0",134,27,[NULL]
0,"8,2,219,1,3",135,26,[NULL]
1,"0,2,8,1,299,1,3",135,26,[NULL]
2,"0,21,324,1,1",135,26,[NULL]
3,"16,1,347,1,0",135,26,[NULL]
4,"9,1,13,1,248,1,0",135,26,[NULL]
5,"8,2,291,1,0",135,26,[NULL]
0,"8,1,13,1,194,1,3",136,25,[NULL]
1,"0,8,440,1,2",136,25,[NULL]
2,"17,1,347,1,0",136,25,[NULL]
3,"8,2,292,1,0",136,25,[NULL]
4,"0,1,642,1,0",136,25,[NULL]
0,"13,2,167,1,3",137,24,[NULL]
1,"654,1,0",137,24,[NULL]
2,"22,1,292,1,0",137,24,[NULL]
3,"8,1,492,1,0",137,24,[NULL]
0,"517,1,3",138,23,[NULL]
1,"8,1,316,1,3",138,23,[NULL]
2,"0,8,440,1,3",138,23,[NULL]
3,"0,2,500,1,2",138,23,[NULL]
4,"23,1,292,1,0",138,23,[NULL]
5,"8,2,293,1,0",138,23,[NULL]
6,"0,1,643,1,0",138,23,[NULL]
0,"518,1,3",139,22,[NULL]
1,"9,1,292,1,3",139,22,[NULL]
2,"0,7,449,1,3",139,22,[NULL]
3,"0,18,324,1,2",139,22,[NULL]
4,"8,3,209,1,0",139,22,[NULL]
5,"0,1,645,1,0",139,22,[NULL]
0,"23,1,165",140,21,[NULL]
1,"8,1,318,1,3",140,21,[NULL]
2,"0,2,500,1,3",140,21,[NULL]
3,"8,2,294,1,0",140,21,[NULL]
4,"0,1,646,1,0",140,21,[NULL]
0,"9,1,293,1,3",141,20,[NULL]
1,"1,1,500,1,3",141,20,[NULL]
2,"0,4,481,1,3",141,20,[NULL]
3,"0,18,324,1,3",141,20,[NULL]
4,"655,1,0",141,20,[NULL]
5,"8,1,13,1,261,1,0",141,20,[NULL]
6,"1,1,638,1,0",141,20,[NULL]
7,"0,1,8,1,69,1,112,1,0",141,20,[NULL]
0,"519,1,3",142,19,[NULL]
1,"8,1,9,1,209,1,3",142,19,[NULL]
2,"0,4,482,1,3",142,19,[NULL]
3,"13,1,423,1,0",142,19,[NULL]
4,"0,1,8,1,69,1,113,1,0",142,19,[NULL]
5,"0,2,8,1,475,1,0",142,19,[NULL]
0,"9,1,294,1,3",143,18,[NULL]
1,"3,1,437,1,3",143,18,[NULL]
2,"656,1,0",143,18,[NULL]
3,"0,2,17,1,333,1,0",143,18,[NULL]
0,"0,1,8,1,64,1,69,1,3",144,17,[NULL]
1,"0,2,7,1,319,1,3",144,17,[NULL]
2,"0,4,484,1,3",144,17,[NULL]
3,"0,3,7,1,311,1,2",144,17,[NULL]
4,"2,1,618,1,0",144,17,[NULL]
5,"0,1,648,1,0",144,17,[NULL]
0,"209,1,17",145,16,[NULL]
1,"2,1,482,1,3",145,16,[NULL]
2,"0,1,8,1,312,1,3",145,16,[NULL]
3,"0,2,502,1,3",145,16,[NULL]
4,"0,3,7,1,314,1,2",145,16,[NULL]
5,"0,1,650,1,0",145,16,[NULL]
0,385,146,15,[NULL]
1,"13,1,281,1,3",146,15,[NULL]
2,"3,2,335,1,3",146,15,[NULL]
3,"0,1,8,1,314,1,3",146,15,[NULL]
4,"0,1,3,1,425,1,3",146,15,[NULL]
5,"0,3,7,1,311,1,3",146,15,[NULL]
0,386,147,14,[NULL]
1,"0,5,347",147,14,[NULL]
2,"0,1,365,1,6",147,14,[NULL]
3,"2,1,484,1,3",147,14,[NULL]
4,"1,2,486,1,3",147,14,[NULL]
5,"0,3,7,1,314,1,3",147,14,[NULL]
0,"2,1,486,1,3",148,13,[NULL]
1,"657,1,0",148,13,[NULL]
2,"0,2,7,2,314,1,0",148,13,[NULL]
0,"0,1,512,1,3",149,12,[NULL]
1,"0,1,7,1,333,1,3",149,12,[NULL]
2,"0,1,2,1,479,1,3",149,12,[NULL]
3,"0,2,504,1,3",149,12,[NULL]
4,"13,1,69,1,95,1,0",149,12,[NULL]
5,"0,2,18,1,314,1,0",149,12,[NULL]
0,"522,1,3",150,11,[NULL]
1,"521,1,3",150,11,[NULL]
2,"0,1,514,1,3",150,11,[NULL]
3,"0,1,513,1,3",150,11,[NULL]
4,"524,1,2",150,11,[NULL]
5,"0,1,68,1,163,1,0",150,11,[NULL]
6,"0,3,17,1,324,1,0",150,11,[NULL]
0,"3,1,318",151,10,[NULL]
1,"523,1,3",151,10,[NULL]
2,"0,2,6,1,69,2,3",151,10,[NULL]
3,"0,2,506,1,2",151,10,[NULL]
4,"658,1,0",151,10,[NULL]
5,"19,1,69,2,0",151,10,[NULL]
6,"18,1,333,1,0",151,10,[NULL]
0,388,152,9,[NULL]
1,387,152,9,[NULL]
2,"524,1,3",152,9,[NULL]
3,"0,2,505,1,3",152,9,[NULL]
4,"0,2,6,1,324,1,3",152,9,[NULL]
5,"659,1,0",152,9,[NULL]
6,"20,1,69,2,0",152,9,[NULL]
7,"19,1,324,1,0",152,9,[NULL]
0,"1,1,505,1,3",153,8,[NULL]
1,"0,2,507,1,3",153,8,[NULL]
2,"0,2,506,1,3",153,8,[NULL]
3,"526,1,2",153,8,[NULL]
4,"70,1,163,1,0",153,8,[NULL]
5,"20,1,324,1,0",153,8,[NULL]
0,"0,1,382",154,7,[NULL]
1,"8,1,69,2,3",154,7,[NULL]
2,"1,1,506,1,3",154,7,[NULL]
3,"0,2,508,1,3",154,7,[NULL]
4,"0,2,7,1,324,1,2",154,7,[NULL]
5,"0,1,7,1,507,1,0",154,7,[NULL]
0,"0,1,383",155,6,[NULL]
1,"526,1,3",155,6,[NULL]
2,"8,1,324,1,3",155,6,[NULL]
3,"0,1,7,1,508,1,0",155,6,[NULL]
0,"527,1,3",156,5,[NULL]
1,"0,2,7,1,324,1,3",156,5,[NULL]
2,"660,1,0",156,5,[NULL]
0,"1,1,7,1,324,1,3",157,4,[NULL]
1,"0,1,7,2,324,1,0",157,4,[NULL]
0,"0,1,18,1,324,1,0",158,3,[NULL]
0,"0,162,0",0,162,[NULL]
0,"0,150,1",8,154,[NULL]
0,"0,147,2",12,150,[NULL]
0,"0,147,3",14,148,[NULL]
0,"0,2,641,1,0",107,55,[NULL]
0,"661,1,0",110,52,[NULL]
0,"554,1,1",111,51,[NULL]
1,"0,6,606,1,0",111,51,[NULL]
0,"8,2,295,1,0",114,48,[NULL]
0,"8,2,296,1,0",115,47,[NULL]
0,"16,1,17,1,183,1,0",116,46,[NULL]
0,"8,1,325,1,3",117,45,[NULL]
1,"8,1,498,1,0",117,45,[NULL]
0,"8,1,326,1,3",118,44,[NULL]
1,"8,4,145,1,0",118,44,[NULL]
0,"17,1,253,1,3",119,43,[NULL]
1,"8,3,16,1,111,1,0",119,43,[NULL]
0,"528,1,3",120,42,[NULL]
1,"662,1,0",120,42,[NULL]
2,"8,3,17,1,111,1,0",120,42,[NULL]
0,"8,3,152,1,3",121,41,[NULL]
1,"663,1,0",121,41,[NULL]
2,"8,3,211,1,0",121,41,[NULL]
0,"8,3,153,1,3",122,40,[NULL]
1,"8,6,49,1,0",122,40,[NULL]
0,"8,2,17,1,117,1,3",123,39,[NULL]
1,"8,6,50,1,0",123,39,[NULL]
0,"8,2,223,1,3",124,38,[NULL]
1,"8,2,297,1,0",124,38,[NULL]
2,"8,4,16,1,17,2,0",124,38,[NULL]
0,389,125,37,[NULL]
1,"8,5,55,1,3",125,37,[NULL]
2,"8,2,298,1,0",125,37,[NULL]
3,"8,5,88,1,0",125,37,[NULL]
0,"8,5,56,1,3",126,36,[NULL]
1,"8,1,17,1,238,1,0",126,36,[NULL]
2,"8,9,0",126,36,[NULL]
3,"0,18,500,1,0",126,36,[NULL]
0,"8,2,224,1,3",127,35,[NULL]
1,"8,4,17,1,40,1,3",127,35,[NULL]
2,"0,1,17,1,244,1,2",127,35,[NULL]
3,"17,2,185,1,0",127,35,[NULL]
4,"8,7,22,1,0",127,35,[NULL]
5,"0,34,324,1,0",127,35,[NULL]
0,"44,1,108",128,34,[NULL]
1,"8,2,225,1,3",128,34,[NULL]
2,"8,4,100,1,3",128,34,[NULL]
3,"0,1,16,1,244,1,3",128,34,[NULL]
4,"17,2,138,1,2",128,34,[NULL]
5,"8,4,146,1,0",128,34,[NULL]
6,"8,7,23,1,0",128,34,[NULL]
0,"16,1,17,1,138,1,3",129,33,[NULL]
1,"8,7,9,1,3",129,33,[NULL]
2,"0,1,17,1,244,1,3",129,33,[NULL]
3,"0,4,491,1,2",129,33,[NULL]
4,"8,4,147,1,0",129,33,[NULL]
5,"8,6,51,1,0",129,33,[NULL]
0,"59,1,137,1,3",130,32,[NULL]
1,"17,2,138,1,3",130,32,[NULL]
2,"8,6,29,1,3",130,32,[NULL]
3,"0,2,509,1,2",130,32,[NULL]
4,"64,1,137,1,1",130,32,[NULL]
5,"8,3,17,1,113,1,0",130,32,[NULL]
6,"8,5,13,3,0",130,32,[NULL]
0,"8,3,16,1,64,1,3",131,31,[NULL]
1,"8,5,9,1,23,1,3",131,31,[NULL]
2,"0,4,491,1,3",131,31,[NULL]
3,"64,1,138,1,1",131,31,[NULL]
4,"8,2,17,1,162,1,0",131,31,[NULL]
5,"8,4,13,2,32,1,0",131,31,[NULL]
6,"0,1,8,1,491,1,0",131,31,[NULL]
0,"244,1,9",132,30,[NULL]
1,"8,3,17,1,64,1,3",132,30,[NULL]
2,"8,4,9,1,51,1,3",132,30,[NULL]
3,"0,2,509,1,3",132,30,[NULL]
4,"0,1,17,1,260,1,1",132,30,[NULL]
5,"664,1,0",132,30,[NULL]
6,"8,3,13,3,23,1,0",132,30,[NULL]
7,"8,5,89,1,0",132,30,[NULL]
0,"8,3,154,1,3",133,29,[NULL]
1,"8,3,9,1,13,3,3",133,29,[NULL]
2,"558,1,1",133,29,[NULL]
3,"665,1,0",133,29,[NULL]
4,"8,2,13,3,51,1,0",133,29,[NULL]
5,"8,4,9,1,80,1,0",133,29,[NULL]
0,"8,2,42,1,64,1,3",134,28,[NULL]
1,"8,2,9,1,13,2,32,1,3",134,28,[NULL]
2,"0,1,516,1,3",134,28,[NULL]
3,"0,6,500,1,1",134,28,[NULL]
4,"8,1,13,6,0",134,28,[NULL]
5,"8,2,64,2,0",134,28,[NULL]
6,"8,3,23,1,89,1,0",134,28,[NULL]
0,"529,1,3",135,27,[NULL]
1,"8,1,9,1,13,3,23,1,3",135,27,[NULL]
2,"8,4,101,1,3",135,27,[NULL]
3,"0,22,324,1,1",135,27,[NULL]
4,"13,5,32,1,0",135,27,[NULL]
5,"8,2,299,1,0",135,27,[NULL]
6,"8,2,9,1,23,1,80,1,0",135,27,[NULL]
7,"0,1,8,2,291,1,0",135,27,[NULL]
0,"9,1,13,3,51,1,3",136,26,[NULL]
1,"8,3,13,1,80,1,3",136,26,[NULL]
2,"8,1,499,1,0",136,26,[NULL]
3,"8,1,9,1,13,2,101,1,0",136,26,[NULL]
4,"0,2,642,1,0",136,26,[NULL]
0,"8,1,64,1,72,1,3",137,25,[NULL]
1,"8,2,23,1,101,1,3",137,25,[NULL]
2,"13,1,435,1,0",137,25,[NULL]
3,"9,1,13,3,80,1,0",137,25,[NULL]
4,"1,1,642,1,0",137,25,[NULL]
5,"0,1,654,1,0",137,25,[NULL]
0,"13,3,23,1,17",138,24,[NULL]
1,"8,1,327,1,3",138,24,[NULL]
2,"8,1,13,1,23,1,80,1,3",138,24,[NULL]
3,"0,1,8,1,316,1,3",138,24,[NULL]
4,"0,9,440,1,3",138,24,[NULL]
5,"0,3,500,1,2",138,24,[NULL]
6,"8,3,212,1,0",138,24,[NULL]
7,"0,2,643,1,0",138,24,[NULL]
0,"17,1,255,1,3",139,23,[NULL]
1,"13,3,101,1,3",139,23,[NULL]
2,"0,1,9,1,292,1,3",139,23,[NULL]
3,"0,8,449,1,3",139,23,[NULL]
4,"0,19,324,1,2",139,23,[NULL]
5,"8,2,13,1,188,1,0",139,23,[NULL]
6,"0,2,645,1,0",139,23,[NULL]
0,"530,1,3",140,22,[NULL]
1,"0,3,500,1,3",140,22,[NULL]
2,"23,1,303,1,0",140,22,[NULL]
3,"8,1,13,1,267,1,0",140,22,[NULL]
4,"1,2,627,1,0",140,22,[NULL]
0,390,141,21,[NULL]
1,"8,1,9,1,212,1,3",141,21,[NULL]
2,"0,5,481,1,3",141,21,[NULL]
3,"0,19,324,1,3",141,21,[NULL]
4,"666,1,0",141,21,[NULL]
5,"13,1,23,1,188,1,0",141,21,[NULL]
6,"0,1,655,1,0",141,21,[NULL]
0,391,142,20,[NULL]
1,"9,1,13,1,188,1,3",142,20,[NULL]
2,"0,5,482,1,3",142,20,[NULL]
3,"667,1,0",142,20,[NULL]
4,"0,2,8,1,69,1,113,1,0",142,20,[NULL]
0,392,143,19,[NULL]
1,"13,1,286,1,3",143,19,[NULL]
2,"668,1,0",143,19,[NULL]
3,"2,1,628,1,0",143,19,[NULL]
0,"212,1,17",144,18,[NULL]
1,"0,2,8,1,64,1,69,1,3",144,18,[NULL]
2,"13,1,23,1,190,1,0",144,18,[NULL]
3,"1,1,48,1,209,1,0",144,18,[NULL]
4,"0,2,648,1,0",144,18,[NULL]
0,"0,2,8,1,312,1,3",145,17,[NULL]
1,"8,1,502,1,0",145,17,[NULL]
2,"0,2,650,1,0",145,17,[NULL]
0,"0,2,3,1,425,1,3",146,16,[NULL]
1,"0,4,7,1,311,1,3",146,16,[NULL]
2,"533,1,2",146,16,[NULL]
3,"16,1,367,1,0",146,16,[NULL]
4,"2,1,630,1,0",146,16,[NULL]
0,"0,1,386",147,15,[NULL]
1,"195,1,24",147,15,[NULL]
2,"13,1,288,1,3",147,15,[NULL]
3,"0,4,7,1,314,1,3",147,15,[NULL]
4,"562,1,1",147,15,[NULL]
5,"670,1,0",147,15,[NULL]
6,"669,1,0",147,15,[NULL]
7,"17,1,367,1,0",147,15,[NULL]
0,394,148,14,[NULL]
1,393,148,14,[NULL]
2,"43,1,119",148,14,[NULL]
3,"533,1,3",148,14,[NULL]
4,"8,1,333,1,3",148,14,[NULL]
5,"0,1,2,1,486,1,3",148,14,[NULL]
6,"672,1,0",148,14,[NULL]
7,"671,1,0",148,14,[NULL]
0,396,149,13,[NULL]
1,395,149,13,[NULL]
2,"386,1,6",149,13,[NULL]
3,"534,1,3",149,13,[NULL]
4,"43,1,174,1,3",149,13,[NULL]
5,"7,1,351,1,3",149,13,[NULL]
6,"0,2,7,1,333,1,3",149,13,[NULL]
7,"8,1,504,1,0",149,13,[NULL]
8,"0,3,18,1,314,1,0",149,13,[NULL]
0,397,150,12,[NULL]
1,"3,1,326",150,12,[NULL]
2,"0,1,521,1,3",150,12,[NULL]
3,"0,2,513,1,3",150,12,[NULL]
4,"673,1,0",150,12,[NULL]
5,"13,1,445,1,0",150,12,[NULL]
6,"0,2,68,1,163,1,0",150,12,[NULL]
7,"0,4,17,1,324,1,0",150,12,[NULL]
0,"197,1,24",151,11,[NULL]
1,"390,1,6",151,11,[NULL]
2,"3,2,352,1,3",151,11,[NULL]
3,"1,1,513,1,3",151,11,[NULL]
4,"0,1,523,1,3",151,11,[NULL]
5,"674,1,0",151,11,[NULL]
6,"0,1,658,1,0",151,11,[NULL]
7,"0,1,19,1,69,2,0",151,11,[NULL]
8,"0,1,18,1,333,1,0",151,11,[NULL]
0,"0,1,388",152,10,[NULL]
1,"198,1,24",152,10,[NULL]
2,"392,1,6",152,10,[NULL]
3,"535,1,3",152,10,[NULL]
4,"7,1,352,1,3",152,10,[NULL]
5,"0,1,524,1,3",152,10,[NULL]
6,"18,1,338,1,0",152,10,[NULL]
7,"0,1,659,1,0",152,10,[NULL]
8,"0,1,20,1,69,2,0",152,10,[NULL]
9,"0,1,19,1,324,1,0",152,10,[NULL]
0,"3,1,333",153,9,[NULL]
1,"163,1,29",153,9,[NULL]
2,"397,1,6",153,9,[NULL]
3,"396,1,6",153,9,[NULL]
4,"7,1,353,1,3",153,9,[NULL]
5,"0,3,506,1,3",153,9,[NULL]
6,"0,1,526,1,2",153,9,[NULL]
7,"0,1,20,1,324,1,0",153,9,[NULL]
0,"3,1,334",154,8,[NULL]
1,"7,1,253",154,8,[NULL]
2,"399,1,6",154,8,[NULL]
3,"398,1,6",154,8,[NULL]
4,"0,1,8,1,69,2,3",154,8,[NULL]
5,"0,3,508,1,3",154,8,[NULL]
6,"0,3,7,1,324,1,2",154,8,[NULL]
7,"676,1,0",154,8,[NULL]
0,"7,1,254",155,7,[NULL]
1,"69,1,85",155,7,[NULL]
2,"400,1,6",155,7,[NULL]
3,"446,1,5",155,7,[NULL]
4,"0,1,526,1,3",155,7,[NULL]
5,"0,1,8,1,324,1,3",155,7,[NULL]
6,"0,2,7,1,508,1,0",155,7,[NULL]
0,"1,1,383",156,6,[NULL]
1,"0,3,7,1,324,1,3",156,6,[NULL]
2,"1,1,7,1,508,1,0",156,6,[NULL]
3,"0,1,660,1,0",156,6,[NULL]
0,"0,2,7,2,324,1,0",157,5,[NULL]
0,"0,2,18,1,324,1,0",158,4,[NULL]
0,"1,1,18,1,324,1,0",159,3,[NULL]
0,"0,163,0",0,163,[NULL]
0,"0,151,1",8,155,[NULL]
0,"0,148,2",12,151,[NULL]
0,"0,148,3",14,149,[NULL]
0,"0,1,661,1,0",110,53,[NULL]
0,"0,1,554,1,1",111,52,[NULL]
1,"0,7,606,1,0",111,52,[NULL]
0,"1,1,515,1,3",112,51,[NULL]
0,"536,1,3",113,50,[NULL]
0,"0,1,8,2,295,1,0",114,49,[NULL]
0,"0,1,8,2,296,1,0",115,48,[NULL]
0,"0,1,8,1,325,1,3",117,46,[NULL]
0,"0,1,8,1,326,1,3",118,45,[NULL]
0,"1,2,635,1,0",119,44,[NULL]
0,"0,1,662,1,0",120,43,[NULL]
0,"0,1,663,1,0",121,42,[NULL]
0,"0,1,8,2,297,1,0",124,39,[NULL]
0,"0,1,8,2,298,1,0",125,38,[NULL]
0,"0,19,500,1,0",126,37,[NULL]
0,"0,1,8,2,224,1,3",127,36,[NULL]
1,"0,2,17,1,244,1,2",127,36,[NULL]
2,"0,35,324,1,0",127,36,[NULL]
0,"0,1,8,2,225,1,3",128,35,[NULL]
1,"0,2,16,1,244,1,3",128,35,[NULL]
2,"0,1,17,2,138,1,2",128,35,[NULL]
0,"0,1,16,1,17,1,138,1,3",129,34,[NULL]
1,"0,2,17,1,244,1,3",129,34,[NULL]
2,"0,5,491,1,2",129,34,[NULL]
0,"0,1,17,2,138,1,3",130,33,[NULL]
1,"0,3,509,1,2",130,33,[NULL]
2,"0,1,64,1,137,1,1",130,33,[NULL]
0,"0,5,491,1,3",131,32,[NULL]
1,"0,1,64,1,138,1,1",131,32,[NULL]
2,"0,2,8,1,491,1,0",131,32,[NULL]
0,"0,3,509,1,3",132,31,[NULL]
1,"0,1,664,1,0",132,31,[NULL]
0,"0,2,516,1,3",134,29,[NULL]
1,"0,7,500,1,1",134,29,[NULL]
0,"0,1,529,1,3",135,28,[NULL]
1,"0,23,324,1,1",135,28,[NULL]
2,"1,1,653,1,0",135,28,[NULL]
0,"0,2,8,1,316,1,3",138,25,[NULL]
1,"0,10,440,1,3",138,25,[NULL]
2,"0,4,500,1,2",138,25,[NULL]
0,"0,2,9,1,292,1,3",139,24,[NULL]
1,"0,9,449,1,3",139,24,[NULL]
2,"0,20,324,1,2",139,24,[NULL]
0,398,140,23,[NULL]
1,"0,1,530,1,3",140,23,[NULL]
2,"0,4,500,1,3",140,23,[NULL]
0,"0,6,481,1,3",141,22,[NULL]
1,"0,20,324,1,3",141,22,[NULL]
2,"69,1,138,1,1",141,22,[NULL]
3,"13,4,75,1,0",141,22,[NULL]
4,"0,1,666,1,0",141,22,[NULL]
5,"0,2,655,1,0",141,22,[NULL]
0,"568,1,1",142,21,[NULL]
1,"1,1,655,1,0",142,21,[NULL]
2,"0,1,667,1,0",142,21,[NULL]
0,"1,1,519,1,3",143,20,[NULL]
0,"209,1,18",144,19,[NULL]
1,"13,1,133,1,17",144,19,[NULL]
2,"539,1,3",144,19,[NULL]
0,399,145,18,[NULL]
1,"8,2,312,1,0",145,18,[NULL]
2,"0,1,8,1,502,1,0",145,18,[NULL]
0,"13,1,214",146,17,[NULL]
1,"0,1,533,1,2",146,17,[NULL]
2,"8,2,314,1,0",146,17,[NULL]
3,"0,1,16,1,367,1,0",146,17,[NULL]
0,"8,1,69,1,72,1,3",147,16,[NULL]
1,"0,5,7,1,314,1,3",147,16,[NULL]
2,"540,1,2",147,16,[NULL]
3,"0,1,562,1,1",147,16,[NULL]
4,"677,1,0",147,16,[NULL]
5,"8,1,511,1,0",147,16,[NULL]
0,"449,1,5",148,15,[NULL]
1,"8,1,337,1,3",148,15,[NULL]
2,"3,2,363,1,3",148,15,[NULL]
3,"0,1,533,1,3",148,15,[NULL]
4,"0,1,8,1,333,1,3",148,15,[NULL]
5,"679,1,0",148,15,[NULL]
6,"678,1,0",148,15,[NULL]
7,"67,1,174,1,0",148,15,[NULL]
0,"3,1,340",149,14,[NULL]
1,"540,1,3",149,14,[NULL]
2,"8,1,338,1,3",149,14,[NULL]
3,"0,1,534,1,3",149,14,[NULL]
4,"680,1,0",149,14,[NULL]
5,"68,1,174,1,0",149,14,[NULL]
6,"13,1,450,1,0",149,14,[NULL]
7,"1,1,657,1,0",149,14,[NULL]
8,"0,4,18,1,314,1,0",149,14,[NULL]
0,"409,1,6",150,13,[NULL]
1,"542,1,3",150,13,[NULL]
2,"0,2,521,1,3",150,13,[NULL]
3,"683,1,0",150,13,[NULL]
4,"681,1,0",150,13,[NULL]
5,"0,1,673,1,0",150,13,[NULL]
6,"0,5,17,1,324,1,0",150,13,[NULL]
0,401,151,12,[NULL]
1,400,151,12,[NULL]
2,"543,1,3",151,12,[NULL]
3,"3,1,463,1,3",151,12,[NULL]
4,"0,2,523,1,3",151,12,[NULL]
5,"21,1,324,1,0",151,12,[NULL]
6,"0,1,674,1,0",151,12,[NULL]
7,"0,2,19,1,69,2,0",151,12,[NULL]
8,"0,2,18,1,333,1,0",151,12,[NULL]
0,"544,1,3",152,11,[NULL]
1,"7,1,366,1,3",152,11,[NULL]
2,"1,1,523,1,3",152,11,[NULL]
3,"0,1,7,1,352,1,3",152,11,[NULL]
4,"0,2,524,1,3",152,11,[NULL]
5,"546,1,2",152,11,[NULL]
6,"0,2,659,1,0",152,11,[NULL]
7,"0,2,20,1,69,2,0",152,11,[NULL]
8,"0,2,19,1,324,1,0",152,11,[NULL]
0,"545,1,3",153,10,[NULL]
1,"7,1,367,1,3",153,10,[NULL]
2,"1,1,524,1,3",153,10,[NULL]
3,"0,4,506,1,3",153,10,[NULL]
4,"0,2,526,1,2",153,10,[NULL]
5,"7,2,352,1,0",153,10,[NULL]
6,"0,2,20,1,324,1,0",153,10,[NULL]
0,"0,1,398,1,6",154,9,[NULL]
1,"451,1,5",154,9,[NULL]
2,"547,1,3",154,9,[NULL]
3,"546,1,3",154,9,[NULL]
4,"0,2,8,1,69,2,3",154,9,[NULL]
5,"0,4,7,1,324,1,2",154,9,[NULL]
6,"18,1,352,1,0",154,9,[NULL]
7,"0,1,676,1,0",154,9,[NULL]
0,"0,1,446,1,5",155,8,[NULL]
1,"1,1,8,1,69,2,3",155,8,[NULL]
2,"0,2,526,1,3",155,8,[NULL]
3,"0,2,8,1,324,1,3",155,8,[NULL]
4,"684,1,0",155,8,[NULL]
5,"0,3,7,1,508,1,0",155,8,[NULL]
0,"2,1,506,1,3",156,7,[NULL]
1,"1,1,8,1,324,1,3",156,7,[NULL]
2,"0,4,7,1,324,1,3",156,7,[NULL]
3,"0,2,660,1,0",156,7,[NULL]
0,"7,1,263",157,6,[NULL]
1,"1,1,527,1,3",157,6,[NULL]
2,"1,1,660,1,0",157,6,[NULL]
3,"0,3,7,2,324,1,0",157,6,[NULL]
0,"548,1,3",158,5,[NULL]
1,"1,2,7,1,324,1,3",158,5,[NULL]
2,"0,3,18,1,324,1,0",158,5,[NULL]
0,"2,1,7,1,324,1,3",159,4,[NULL]
0,"0,164,0",0,164,[NULL]
0,"0,152,1",8,156,[NULL]
0,"0,149,2",12,152,[NULL]
0,"0,149,3",14,150,[NULL]
0,"0,2,661,1,0",110,54,[NULL]
0,"1,1,661,1,0",111,53,[NULL]
1,"0,8,606,1,0",111,53,[NULL]
0,"0,1,536,1,3",113,51,[NULL]
0,"0,2,8,2,296,1,0",115,49,[NULL]
0,"0,2,8,1,325,1,3",117,47,[NULL]
0,"0,2,8,1,326,1,3",118,46,[NULL]
0,402,119,45,[NULL]
0,"0,2,662,1,0",120,44,[NULL]
0,"0,2,663,1,0",121,43,[NULL]
0,"5,1,402,1,3",124,40,[NULL]
1,"685,1,0",124,40,[NULL]
0,"0,2,8,2,298,1,0",125,39,[NULL]
0,"224,1,15",126,38,[NULL]
1,"686,1,0",126,38,[NULL]
0,"0,2,8,2,224,1,3",127,37,[NULL]
1,"0,3,17,1,244,1,2",127,37,[NULL]
2,"687,1,0",127,37,[NULL]
3,"0,36,324,1,0",127,37,[NULL]
0,"0,2,8,2,225,1,3",128,36,[NULL]
1,"0,2,17,2,138,1,2",128,36,[NULL]
2,"8,1,16,1,244,1,0",128,36,[NULL]
0,"0,3,17,1,244,1,3",129,35,[NULL]
1,"0,6,491,1,2",129,35,[NULL]
2,"8,1,17,1,244,1,0",129,35,[NULL]
0,"0,2,17,2,138,1,3",130,34,[NULL]
1,"0,2,64,1,137,1,1",130,34,[NULL]
2,"8,1,16,1,245,1,0",130,34,[NULL]
0,"8,1,343,1,3",131,33,[NULL]
1,"0,6,491,1,3",131,33,[NULL]
2,"0,2,64,1,138,1,1",131,33,[NULL]
3,"8,2,315,1,0",131,33,[NULL]
4,"5,1,64,1,137,1,0",131,33,[NULL]
0,"17,1,257,1,3",132,32,[NULL]
1,"0,4,509,1,3",132,32,[NULL]
2,"8,4,149,1,0",132,32,[NULL]
0,"8,1,344,1,3",133,31,[NULL]
1,"8,2,16,1,167,1,0",133,31,[NULL]
0,"8,1,345,1,3",134,30,[NULL]
1,"0,8,500,1,1",134,30,[NULL]
2,"8,1,516,1,0",134,30,[NULL]
3,"8,3,218,1,0",134,30,[NULL]
4,"1,1,665,1,0",134,30,[NULL]
0,"149,1,34",135,29,[NULL]
1,"8,3,160,1,3",135,29,[NULL]
2,"0,24,324,1,1",135,29,[NULL]
3,"17,1,380,1,0",135,29,[NULL]
4,"8,3,219,1,0",135,29,[NULL]
0,"8,2,232,1,3",136,28,[NULL]
1,"17,1,260,1,2",136,28,[NULL]
2,"688,1,0",136,28,[NULL]
3,"8,2,13,1,194,1,0",136,28,[NULL]
0,403,137,27,[NULL]
1,"16,1,260,1,3",137,27,[NULL]
2,"8,2,233,1,3",137,27,[NULL]
3,"689,1,0",137,27,[NULL]
4,"8,1,13,2,167,1,0",137,27,[NULL]
0,"17,1,260,1,3",138,26,[NULL]
1,"8,1,9,1,219,1,3",138,26,[NULL]
2,"0,5,500,1,2",138,26,[NULL]
3,"13,2,248,1,0",138,26,[NULL]
4,"8,1,517,1,0",138,26,[NULL]
5,"8,2,316,1,0",138,26,[NULL]
6,"1,2,642,1,0",138,26,[NULL]
0,"9,1,13,1,194,1,3",139,25,[NULL]
1,"0,21,324,1,2",139,25,[NULL]
2,"8,1,518,1,0",139,25,[NULL]
3,"8,1,9,1,292,1,0",139,25,[NULL]
0,"549,1,3",140,24,[NULL]
1,"0,5,500,1,3",140,24,[NULL]
2,"23,1,316,1,0",140,24,[NULL]
3,"8,2,318,1,0",140,24,[NULL]
0,"219,1,17",141,23,[NULL]
1,"8,1,347,1,3",141,23,[NULL]
2,"8,1,346,1,3",141,23,[NULL]
3,"0,21,324,1,3",141,23,[NULL]
4,"8,1,9,1,293,1,0",141,23,[NULL]
5,"0,2,666,1,0",141,23,[NULL]
0,"5,1,281",142,22,[NULL]
1,"550,1,3",142,22,[NULL]
2,"13,1,292,1,3",142,22,[NULL]
3,"8,2,9,1,209,1,0",142,22,[NULL]
4,"1,1,666,1,0",142,22,[NULL]
0,404,143,21,[NULL]
1,"551,1,3",143,21,[NULL]
2,"8,1,348,1,3",143,21,[NULL]
3,"8,1,9,1,294,1,0",143,21,[NULL]
0,"8,1,350,1,3",144,20,[NULL]
1,"0,1,539,1,3",144,20,[NULL]
2,"690,1,0",144,20,[NULL]
3,"9,1,13,1,261,1,0",144,20,[NULL]
0,"8,1,13,1,209,1,3",145,19,[NULL]
1,"0,2,8,1,502,1,0",145,19,[NULL]
0,406,146,18,[NULL]
1,405,146,18,[NULL]
2,"13,1,294,1,3",146,18,[NULL]
3,"0,2,533,1,2",146,18,[NULL]
4,"0,2,16,1,367,1,0",146,18,[NULL]
0,"0,1,8,1,69,1,72,1,3",147,17,[NULL]
1,"0,6,7,1,314,1,3",147,17,[NULL]
2,"0,1,540,1,2",147,17,[NULL]
3,"0,2,562,1,1",147,17,[NULL]
4,"693,1,0",147,17,[NULL]
5,"692,1,0",147,17,[NULL]
6,"691,1,0",147,17,[NULL]
0,"0,1,8,1,337,1,3",148,16,[NULL]
1,"0,2,533,1,3",148,16,[NULL]
2,"0,2,8,1,333,1,3",148,16,[NULL]
3,"575,1,1",148,16,[NULL]
4,"1,1,669,1,0",148,16,[NULL]
5,"0,1,678,1,0",148,16,[NULL]
6,"0,1,67,1,174,1,0",148,16,[NULL]
0,"235,1,11",149,15,[NULL]
1,"418,1,6",149,15,[NULL]
2,"1,1,533,1,3",149,15,[NULL]
3,"0,1,540,1,3",149,15,[NULL]
4,"0,2,534,1,3",149,15,[NULL]
5,"694,1,0",149,15,[NULL]
6,"1,1,671,1,0",149,15,[NULL]
0,408,150,14,[NULL]
1,407,150,14,[NULL]
2,"458,1,5",150,14,[NULL]
0,"0,1,400",151,13,[NULL]
1,"459,1,5",151,13,[NULL]
2,"7,1,371,1,3",151,13,[NULL]
3,"0,1,543,1,3",151,13,[NULL]
0,"0,1,544,1,3",152,12,[NULL]
1,"0,1,7,1,366,1,3",152,12,[NULL]
2,"0,1,546,1,2",152,12,[NULL]
3,"1,1,674,1,0",152,12,[NULL]
0,409,153,11,[NULL]
1,"3,1,345",153,11,[NULL]
2,"69,1,133,1,3",153,11,[NULL]
3,"0,1,7,1,367,1,3",153,11,[NULL]
4,"0,5,506,1,3",153,11,[NULL]
5,"0,3,526,1,2",153,11,[NULL]
0,410,154,10,[NULL]
1,"18,1,189",154,10,[NULL]
2,"3,1,480,1,3",154,10,[NULL]
3,"0,1,546,1,3",154,10,[NULL]
4,"0,5,7,1,324,1,2",154,10,[NULL]
5,"18,1,366,1,0",154,10,[NULL]
6,"0,1,18,1,352,1,0",154,10,[NULL]
7,"0,2,676,1,0",154,10,[NULL]
0,411,155,9,[NULL]
1,"3,2,269",155,9,[NULL]
2,"0,3,526,1,3",155,9,[NULL]
3,"18,1,367,1,0",155,9,[NULL]
4,"8,2,324,1,0",155,9,[NULL]
5,"7,1,546,1,0",155,9,[NULL]
6,"1,1,676,1,0",155,9,[NULL]
7,"0,1,684,1,0",155,9,[NULL]
0,"3,1,350",156,8,[NULL]
1,"3,2,271",156,8,[NULL]
2,"7,1,269",156,8,[NULL]
3,"467,1,5",156,8,[NULL]
4,"0,1,2,1,506,1,3",156,8,[NULL]
5,"0,5,7,1,324,1,3",156,8,[NULL]
6,"697,1,0",156,8,[NULL]
7,"696,1,0",156,8,[NULL]
8,"695,1,0",156,8,[NULL]
9,"22,1,324,1,0",156,8,[NULL]
0,"3,2,274",157,7,[NULL]
1,"7,1,271",157,7,[NULL]
2,"468,1,5",157,7,[NULL]
3,"9,1,69,2,3",157,7,[NULL]
4,"7,1,378,1,3",157,7,[NULL]
5,"698,1,0",157,7,[NULL]
6,"23,1,324,1,0",157,7,[NULL]
7,"18,1,368,1,0",157,7,[NULL]
0,412,158,6,[NULL]
1,"7,1,274",158,6,[NULL]
2,"9,1,324,1,3",158,6,[NULL]
3,"0,1,548,1,3",158,6,[NULL]
4,"699,1,0",158,6,[NULL]
5,"0,4,18,1,324,1,0",158,6,[NULL]
0,413,159,5,[NULL]
1,"3,1,353",159,5,[NULL]
2,"0,1,2,1,7,1,324,1,3",159,5,[NULL]
0,"3,1,324,1,6",160,4,[NULL]
1,"1,2,18,1,324,1,0",160,4,[NULL]
0,"2,1,18,1,324,1,0",161,3,[NULL]
0,"0,165,0",0,165,[NULL]
0,"0,153,1",8,157,[NULL]
0,"0,150,2",12,153,[NULL]
0,"0,150,3",14,151,[NULL]
0,"0,9,606,1,0",111,54,[NULL]
0,"0,2,536,1,3",113,52,[NULL]
1,"700,1,0",113,52,[NULL]
0,"701,1,0",114,51,[NULL]
0,"554,1,2",115,50,[NULL]
0,"553,1,3",116,49,[NULL]
0,"554,1,3",117,48,[NULL]
1,"8,2,325,1,0",117,48,[NULL]
0,"8,2,326,1,0",118,47,[NULL]
0,"8,1,17,1,253,1,0",119,46,[NULL]
0,"8,2,236,1,3",120,45,[NULL]
1,"8,1,528,1,0",120,45,[NULL]
0,"8,1,16,1,183,1,3",121,44,[NULL]
1,"8,4,152,1,0",121,44,[NULL]
0,"8,1,17,1,183,1,3",122,43,[NULL]
1,"8,4,153,1,0",122,43,[NULL]
0,"8,1,354,1,3",123,42,[NULL]
1,"16,1,402,1,0",123,42,[NULL]
2,"8,3,17,1,117,1,0",123,42,[NULL]
0,"8,4,110,1,3",124,41,[NULL]
1,"16,1,403,1,0",124,41,[NULL]
2,"8,3,223,1,0",124,41,[NULL]
3,"0,1,685,1,0",124,41,[NULL]
0,"8,4,111,1,3",125,40,[NULL]
1,"17,1,403,1,0",125,40,[NULL]
2,"8,6,55,1,0",125,40,[NULL]
0,"555,1,3",126,39,[NULL]
1,"8,2,16,1,17,1,50,1,3",126,39,[NULL]
2,"8,6,56,1,0",126,39,[NULL]
3,"0,1,686,1,0",126,39,[NULL]
0,"556,1,3",127,38,[NULL]
1,"8,3,161,1,3",127,38,[NULL]
2,"0,4,17,1,244,1,2",127,38,[NULL]
3,"8,3,224,1,0",127,38,[NULL]
4,"8,5,17,1,40,1,0",127,38,[NULL]
5,"0,37,324,1,0",127,38,[NULL]
0,"8,6,31,1,3",128,37,[NULL]
1,"0,3,17,2,138,1,2",128,37,[NULL]
2,"8,3,225,1,0",128,37,[NULL]
3,"8,5,100,1,0",128,37,[NULL]
0,"8,5,16,1,17,1,3",129,36,[NULL]
1,"0,4,17,1,244,1,3",129,36,[NULL]
2,"8,1,16,1,17,1,138,1,0",129,36,[NULL]
3,"8,8,9,1,0",129,36,[NULL]
0,"8,2,237,1,3",130,35,[NULL]
1,"8,5,17,2,3",130,35,[NULL]
2,"0,3,17,2,138,1,3",130,35,[NULL]
3,"8,1,17,2,138,1,0",130,35,[NULL]
4,"8,7,29,1,0",130,35,[NULL]
0,"8,2,238,1,3",131,34,[NULL]
1,"8,5,60,1,3",131,34,[NULL]
2,"0,7,491,1,3",131,34,[NULL]
3,"8,4,16,1,64,1,0",131,34,[NULL]
4,"8,6,9,1,23,1,0",131,34,[NULL]
0,"8,1,17,1,185,1,3",132,33,[NULL]
1,"8,7,13,1,3",132,33,[NULL]
2,"0,5,509,1,3",132,33,[NULL]
3,"8,4,17,1,64,1,0",132,33,[NULL]
4,"8,5,9,1,51,1,0",132,33,[NULL]
0,"17,2,147,1,3",133,32,[NULL]
1,"8,6,32,1,3",133,32,[NULL]
2,"64,1,184,1,0",133,32,[NULL]
3,"8,4,154,1,0",133,32,[NULL]
4,"8,4,9,1,13,3,0",133,32,[NULL]
0,414,134,31,[NULL]
1,"8,4,112,1,3",134,31,[NULL]
2,"8,5,13,1,23,1,3",134,31,[NULL]
3,"64,1,137,1,2",134,31,[NULL]
4,"0,9,500,1,1",134,31,[NULL]
5,"64,1,185,1,0",134,31,[NULL]
6,"8,3,42,1,64,1,0",134,31,[NULL]
7,"8,3,9,1,13,2,32,1,0",134,31,[NULL]
8,"0,1,8,1,516,1,0",134,31,[NULL]
0,"8,4,113,1,3",135,30,[NULL]
1,"8,4,13,1,51,1,3",135,30,[NULL]
2,"64,1,138,1,2",135,30,[NULL]
3,"0,25,324,1,1",135,30,[NULL]
4,"8,1,529,1,0",135,30,[NULL]
5,"8,2,9,1,13,3,23,1,0",135,30,[NULL]
6,"8,5,101,1,0",135,30,[NULL]
7,"0,1,17,1,380,1,0",135,30,[NULL]
0,"64,1,137,1,3",136,29,[NULL]
1,"8,3,162,1,3",136,29,[NULL]
2,"8,3,13,4,3",136,29,[NULL]
3,"0,1,17,1,260,1,2",136,29,[NULL]
4,"17,1,404,1,0",136,29,[NULL]
5,"8,1,9,1,13,3,51,1,0",136,29,[NULL]
6,"8,4,13,1,80,1,0",136,29,[NULL]
7,"0,1,688,1,0",136,29,[NULL]
0,"64,1,138,1,3",137,28,[NULL]
1,"8,2,23,1,113,1,3",137,28,[NULL]
2,"8,2,13,3,32,1,3",137,28,[NULL]
3,"0,1,16,1,260,1,3",137,28,[NULL]
4,"558,1,2",137,28,[NULL]
5,"9,1,13,6,0",137,28,[NULL]
6,"8,2,64,1,72,1,0",137,28,[NULL]
7,"8,3,23,1,101,1,0",137,28,[NULL]
0,"149,1,38",138,27,[NULL]
1,"557,1,3",138,27,[NULL]
2,"8,1,13,4,23,1,3",138,27,[NULL]
3,"8,3,9,1,101,1,3",138,27,[NULL]
4,"0,1,17,1,260,1,3",138,27,[NULL]
5,"0,6,500,1,2",138,27,[NULL]
6,"8,2,327,1,0",138,27,[NULL]
7,"8,2,13,1,23,1,80,1,0",138,27,[NULL]
0,"559,1,3",139,26,[NULL]
1,"558,1,3",139,26,[NULL]
2,"13,4,51,1,3",139,26,[NULL]
3,"8,2,9,1,13,1,80,1,3",139,26,[NULL]
4,"0,22,324,1,2",139,26,[NULL]
5,"8,1,17,1,255,1,0",139,26,[NULL]
6,"8,1,13,3,101,1,0",139,26,[NULL]
0,"8,1,16,1,187,1,3",140,25,[NULL]
1,"8,1,9,1,23,1,101,1,3",140,25,[NULL]
2,"0,6,500,1,3",140,25,[NULL]
3,"13,4,80,1,0",140,25,[NULL]
4,"8,1,530,1,0",140,25,[NULL]
0,"260,1,9",141,24,[NULL]
1,"9,1,13,1,23,1,80,1,3",141,24,[NULL]
2,"8,1,16,1,188,1,3",141,24,[NULL]
3,"0,1,8,1,346,1,3",141,24,[NULL]
4,"0,22,324,1,3",141,24,[NULL]
5,"8,2,9,1,212,1,0",141,24,[NULL]
0,"13,4,33",142,23,[NULL]
1,"8,1,17,1,188,1,3",142,23,[NULL]
2,"0,1,13,1,292,1,3",142,23,[NULL]
3,"8,1,9,1,13,1,188,1,0",142,23,[NULL]
0,"42,1,187,1,3",143,22,[NULL]
1,"17,1,267,1,3",143,22,[NULL]
2,"64,1,187,1,0",143,22,[NULL]
3,"9,1,13,1,267,1,0",143,22,[NULL]
0,"8,1,13,1,212,1,3",144,21,[NULL]
1,"0,2,539,1,3",144,21,[NULL]
2,"702,1,0",144,21,[NULL]
3,"64,1,188,1,0",144,21,[NULL]
4,"13,1,472,1,0",144,21,[NULL]
5,"0,1,690,1,0",144,21,[NULL]
0,416,145,20,[NULL]
1,415,145,20,[NULL]
2,"1,1,209,1,18",145,20,[NULL]
3,"13,2,188,1,3",145,20,[NULL]
4,"704,1,0",145,20,[NULL]
5,"703,1,0",145,20,[NULL]
0,"0,1,405",146,19,[NULL]
1,"560,1,3",146,19,[NULL]
2,"706,1,0",146,19,[NULL]
3,"705,1,0",146,19,[NULL]
0,"561,1,3",147,18,[NULL]
1,"0,3,562,1,1",147,18,[NULL]
2,"0,1,693,1,0",147,18,[NULL]
0,417,148,17,[NULL]
1,"0,2,8,1,337,1,3",148,17,[NULL]
2,"0,3,533,1,3",148,17,[NULL]
3,"0,1,575,1,1",148,17,[NULL]
4,"13,1,474,1,0",148,17,[NULL]
5,"8,2,333,1,0",148,17,[NULL]
0,"7,1,385,1,3",149,16,[NULL]
1,"0,2,540,1,3",149,16,[NULL]
2,"3,1,484,1,2",149,16,[NULL]
3,"707,1,0",149,16,[NULL]
4,"8,1,534,1,0",149,16,[NULL]
0,"43,1,189,1,3",150,15,[NULL]
1,"1,1,540,1,3",150,15,[NULL]
2,"708,1,0",150,15,[NULL]
3,"17,1,415,1,0",150,15,[NULL]
0,418,151,14,[NULL]
1,"425,1,6",151,14,[NULL]
2,"8,1,366,1,3",151,14,[NULL]
3,"3,1,484,1,3",151,14,[NULL]
4,"0,2,543,1,3",151,14,[NULL]
5,"562,1,2",151,14,[NULL]
6,"710,1,0",151,14,[NULL]
7,"709,1,0",151,14,[NULL]
8,"1,1,683,1,0",151,14,[NULL]
0,"174,1,29",152,13,[NULL]
1,"8,1,367,1,3",152,13,[NULL]
2,"3,1,485,1,3",152,13,[NULL]
3,"1,1,543,1,3",152,13,[NULL]
4,"0,2,544,1,3",152,13,[NULL]
5,"0,2,7,1,366,1,3",152,13,[NULL]
6,"0,2,546,1,2",152,13,[NULL]
7,"9,1,504,1,0",152,13,[NULL]
8,"1,1,21,1,324,1,0",152,13,[NULL]
0,"428,1,6",153,12,[NULL]
1,"562,1,3",153,12,[NULL]
2,"43,1,191,1,3",153,12,[NULL]
3,"2,1,521,1,3",153,12,[NULL]
4,"1,1,544,1,3",153,12,[NULL]
5,"0,2,7,1,367,1,3",153,12,[NULL]
6,"0,4,526,1,2",153,12,[NULL]
7,"711,1,0",153,12,[NULL]
0,"235,1,14",154,11,[NULL]
1,"563,1,3",154,11,[NULL]
2,"2,1,523,1,3",154,11,[NULL]
3,"0,1,3,1,480,1,3",154,11,[NULL]
4,"0,2,546,1,3",154,11,[NULL]
5,"0,6,7,1,324,1,2",154,11,[NULL]
6,"713,1,0",154,11,[NULL]
7,"712,1,0",154,11,[NULL]
8,"0,1,18,1,366,1,0",154,11,[NULL]
9,"0,3,676,1,0",154,11,[NULL]
0,"7,1,394,1,3",155,10,[NULL]
1,"2,1,524,1,3",155,10,[NULL]
2,"1,1,546,1,3",155,10,[NULL]
3,"0,4,526,1,3",155,10,[NULL]
4,"714,1,0",155,10,[NULL]
5,"18,1,373,1,0",155,10,[NULL]
6,"0,1,18,1,367,1,0",155,10,[NULL]
7,"0,1,8,2,324,1,0",155,10,[NULL]
8,"0,1,7,1,546,1,0",155,10,[NULL]
9,"0,2,684,1,0",155,10,[NULL]
0,"566,1,3",156,9,[NULL]
1,"7,1,396,1,3",156,9,[NULL]
2,"3,2,398,1,3",156,9,[NULL]
3,"0,6,7,1,324,1,3",156,9,[NULL]
4,"1,1,684,1,0",156,9,[NULL]
5,"0,1,696,1,0",156,9,[NULL]
6,"0,1,22,1,324,1,0",156,9,[NULL]
0,"7,1,398,1,3",157,8,[NULL]
1,"0,1,9,1,69,2,3",157,8,[NULL]
2,"0,1,7,1,378,1,3",157,8,[NULL]
3,"0,1,698,1,0",157,8,[NULL]
4,"0,1,23,1,324,1,0",157,8,[NULL]
0,"0,1,412",158,7,[NULL]
1,"2,1,526,1,3",158,7,[NULL]
2,"0,1,9,1,324,1,3",158,7,[NULL]
3,"0,2,548,1,3",158,7,[NULL]
4,"1,2,660,1,0",158,7,[NULL]
5,"0,1,699,1,0",158,7,[NULL]
6,"0,5,18,1,324,1,0",158,7,[NULL]
0,"10,1,324,1,3",159,6,[NULL]
1,"0,2,2,1,7,1,324,1,3",159,6,[NULL]
2,"18,1,378,1,0",159,6,[NULL]
3,"2,1,660,1,0",159,6,[NULL]
0,"26,1,324,1,0",160,5,[NULL]
0,"0,1,2,1,18,1,324,1,0",161,4,[NULL]
0,"0,166,0",0,166,[NULL]
0,"0,154,1",8,158,[NULL]
0,"0,151,2",12,154,[NULL]
0,"0,151,3",14,152,[NULL]
0,"0,10,606,1,0",111,55,[NULL]
0,"0,1,700,1,0",113,53,[NULL]
0,"0,1,701,1,0",114,52,[NULL]
0,"0,1,554,1,2",115,51,[NULL]
0,"0,1,553,1,3",116,50,[NULL]
0,"0,1,554,1,3",117,49,[NULL]
0,"217,1,18",120,46,[NULL]
1,"0,1,8,2,236,1,3",120,46,[NULL]
0,"0,1,8,1,16,1,183,1,3",121,45,[NULL]
0,"0,1,16,1,402,1,0",123,43,[NULL]
0,"0,1,16,1,403,1,0",124,42,[NULL]
1,"0,2,685,1,0",124,42,[NULL]
0,"1,1,685,1,0",125,41,[NULL]
1,"0,1,17,1,403,1,0",125,41,[NULL]
0,"0,1,555,1,3",126,40,[NULL]
1,"0,2,686,1,0",126,40,[NULL]
0,"0,1,556,1,3",127,39,[NULL]
1,"0,5,17,1,244,1,2",127,39,[NULL]
2,"0,1,8,3,224,1,0",127,39,[NULL]
3,"0,38,324,1,0",127,39,[NULL]
0,"1,1,687,1,0",128,38,[NULL]
1,"0,1,8,3,225,1,0",128,38,[NULL]
0,"0,5,17,1,244,1,3",129,37,[NULL]
0,"0,1,8,2,237,1,3",130,36,[NULL]
1,"0,4,17,2,138,1,3",130,36,[NULL]
0,"0,1,8,2,238,1,3",131,35,[NULL]
1,"0,8,491,1,3",131,35,[NULL]
0,"0,6,509,1,3",132,34,[NULL]
1,"1,1,5,1,64,1,137,1,0",132,34,[NULL]
0,"0,1,64,1,184,1,0",133,33,[NULL]
0,"0,1,64,1,137,1,2",134,32,[NULL]
1,"0,10,500,1,1",134,32,[NULL]
2,"0,1,64,1,185,1,0",134,32,[NULL]
3,"0,2,8,1,516,1,0",134,32,[NULL]
0,"0,1,64,1,138,1,2",135,31,[NULL]
1,"0,26,324,1,1",135,31,[NULL]
2,"0,2,17,1,380,1,0",135,31,[NULL]
0,"0,1,64,1,137,1,3",136,30,[NULL]
1,"0,2,17,1,260,1,2",136,30,[NULL]
0,"0,1,64,1,138,1,3",137,29,[NULL]
1,"0,2,16,1,260,1,3",137,29,[NULL]
2,"0,1,558,1,2",137,29,[NULL]
0,"0,1,557,1,3",138,28,[NULL]
1,"0,2,17,1,260,1,3",138,28,[NULL]
2,"0,7,500,1,2",138,28,[NULL]
0,"0,1,558,1,3",139,27,[NULL]
1,"0,23,324,1,2",139,27,[NULL]
0,419,140,26,[NULL]
1,"0,7,500,1,3",140,26,[NULL]
0,"0,2,8,1,346,1,3",141,25,[NULL]
1,"0,23,324,1,3",141,25,[NULL]
2,"586,1,1",141,25,[NULL]
3,"715,1,0",141,25,[NULL]
0,"0,2,13,1,292,1,3",142,24,[NULL]
1,"716,1,0",142,24,[NULL]
2,"13,4,83,1,0",142,24,[NULL]
0,"0,1,17,1,267,1,3",143,23,[NULL]
1,"0,1,64,1,187,1,0",143,23,[NULL]
0,"69,1,185,1,0",144,22,[NULL]
1,"0,1,64,1,188,1,0",144,22,[NULL]
2,"0,2,690,1,0",144,22,[NULL]
0,"13,2,23,1,75,1,3",145,21,[NULL]
1,"69,1,138,1,2",145,21,[NULL]
2,"1,1,690,1,0",145,21,[NULL]
3,"0,1,703,1,0",145,21,[NULL]
0,"18,1,260,1,3",146,20,[NULL]
1,"568,1,2",146,20,[NULL]
2,"0,1,706,1,0",146,20,[NULL]
0,"69,1,138,1,3",147,19,[NULL]
1,"0,1,561,1,3",147,19,[NULL]
2,"0,4,562,1,1",147,19,[NULL]
3,"8,2,69,1,72,1,0",147,19,[NULL]
4,"0,2,693,1,0",147,19,[NULL]
0,"568,1,3",148,18,[NULL]
1,"0,4,533,1,3",148,18,[NULL]
2,"0,2,575,1,1",148,18,[NULL]
3,"23,1,335,1,0",148,18,[NULL]
4,"1,1,693,1,0",148,18,[NULL]
5,"1,1,692,1,0",148,18,[NULL]
6,"0,1,8,2,333,1,0",148,18,[NULL]
0,"0,3,540,1,3",149,17,[NULL]
1,"8,2,338,1,0",149,17,[NULL]
2,"0,1,8,1,534,1,0",149,17,[NULL]
0,"8,1,69,1,79,1,3",150,16,[NULL]
1,"1,1,694,1,0",150,16,[NULL]
2,"0,1,708,1,0",150,16,[NULL]
0,"8,1,69,1,80,1,3",151,15,[NULL]
1,"0,1,8,1,366,1,3",151,15,[NULL]
2,"0,1,3,1,484,1,3",151,15,[NULL]
3,"0,1,562,1,2",151,15,[NULL]
4,"67,1,190,1,0",151,15,[NULL]
5,"18,1,385,1,0",151,15,[NULL]
6,"13,1,485,1,0",151,15,[NULL]
0,"8,1,373,1,3",152,14,[NULL]
1,"0,1,8,1,367,1,3",152,14,[NULL]
2,"0,1,3,1,485,1,3",152,14,[NULL]
3,"718,1,0",152,14,[NULL]
4,"67,1,191,1,0",152,14,[NULL]
5,"27,1,324,1,0",152,14,[NULL]
0,420,153,13,[NULL]
1,"569,1,3",153,13,[NULL]
2,"0,1,562,1,3",153,13,[NULL]
3,"0,5,526,1,2",153,13,[NULL]
4,"0,1,711,1,0",153,13,[NULL]
0,421,154,12,[NULL]
1,"441,1,6",154,12,[NULL]
2,"7,1,412,1,3",154,12,[NULL]
3,"0,3,546,1,3",154,12,[NULL]
4,"0,7,7,1,324,1,2",154,12,[NULL]
5,"0,1,712,1,0",154,12,[NULL]
6,"0,2,18,1,366,1,0",154,12,[NULL]
7,"0,4,676,1,0",154,12,[NULL]
0,"7,1,289",155,11,[NULL]
1,"43,1,130",155,11,[NULL]
2,"571,1,3",155,11,[NULL]
3,"7,1,414,1,3",155,11,[NULL]
4,"0,1,7,1,394,1,3",155,11,[NULL]
5,"0,5,526,1,3",155,11,[NULL]
6,"719,1,0",155,11,[NULL]
7,"0,2,18,1,367,1,0",155,11,[NULL]
8,"0,2,8,2,324,1,0",155,11,[NULL]
0,423,156,10,[NULL]
1,422,156,10,[NULL]
2,"7,1,291",156,10,[NULL]
3,"7,1,290",156,10,[NULL]
4,"12,1,69,2,3",156,10,[NULL]
5,"7,1,415,1,3",156,10,[NULL]
6,"0,1,7,1,396,1,3",156,10,[NULL]
7,"0,7,7,1,324,1,3",156,10,[NULL]
8,"0,2,22,1,324,1,0",156,10,[NULL]
0,427,157,9,[NULL]
1,426,157,9,[NULL]
2,425,157,9,[NULL]
3,424,157,9,[NULL]
4,"18,1,264,1,3",157,9,[NULL]
5,"12,1,324,1,3",157,9,[NULL]
6,"0,1,7,1,398,1,3",157,9,[NULL]
7,"0,2,9,1,69,2,3",157,9,[NULL]
8,"2,1,676,1,0",157,9,[NULL]
9,"0,2,698,1,0",157,9,[NULL]
0,428,158,8,[NULL]
1,"1,1,7,1,271",158,8,[NULL]
2,"43,1,133",158,8,[NULL]
3,"446,1,6",158,8,[NULL]
4,"0,1,2,1,526,1,3",158,8,[NULL]
5,"0,2,9,1,324,1,3",158,8,[NULL]
6,"720,1,0",158,8,[NULL]
7,"7,2,398,1,0",158,8,[NULL]
8,"0,2,699,1,0",158,8,[NULL]
9,"0,6,18,1,324,1,0",158,8,[NULL]
0,429,159,7,[NULL]
1,"1,1,7,1,274",159,7,[NULL]
2,"0,1,10,1,324,1,3",159,7,[NULL]
3,"28,1,324,1,0",159,7,[NULL]
4,"7,2,400,1,0",159,7,[NULL]
5,"0,1,2,1,660,1,0",159,7,[NULL]
0,"1,1,413",160,6,[NULL]
0,"0,2,2,1,18,1,324,1,0",161,5,[NULL]
0,"324,1,7",162,4,[NULL]
0,"0,167,0",0,167,[NULL]
0,"0,155,1",8,159,[NULL]
0,"0,152,2",12,155,[NULL]
0,"0,152,3",14,153,[NULL]
0,"0,11,606,1,0",111,56,[NULL]
0,"721,1,0",112,55,[NULL]
0,"0,2,700,1,0",113,54,[NULL]
0,"0,2,701,1,0",114,53,[NULL]
0,"0,2,554,1,2",115,52,[NULL]
0,"0,2,553,1,3",116,51,[NULL]
0,"1,1,553,1,3",117,50,[NULL]
1,"0,2,554,1,3",117,50,[NULL]
0,"0,2,8,2,236,1,3",120,47,[NULL]
0,"0,2,8,1,16,1,183,1,3",121,46,[NULL]
0,"0,2,16,1,402,1,0",123,44,[NULL]
0,"0,2,16,1,403,1,0",124,43,[NULL]
0,"0,2,555,1,3",126,41,[NULL]
1,"0,3,686,1,0",126,41,[NULL]
0,"0,2,556,1,3",127,40,[NULL]
1,"722,1,0",127,40,[NULL]
2,"0,39,324,1,0",127,40,[NULL]
0,"0,2,8,3,225,1,0",128,39,[NULL]
0,"723,1,0",129,38,[NULL]
0,"0,5,17,2,138,1,3",130,37,[NULL]
1,"724,1,0",130,37,[NULL]
0,"0,2,8,2,238,1,3",131,36,[NULL]
1,"8,2,343,1,0",131,36,[NULL]
0,"224,1,18",132,35,[NULL]
1,"8,1,17,1,257,1,0",132,35,[NULL]
0,"572,1,3",133,34,[NULL]
1,"725,1,0",133,34,[NULL]
2,"8,2,344,1,0",133,34,[NULL]
0,"8,2,244,1,3",134,33,[NULL]
1,"0,2,64,1,137,1,2",134,33,[NULL]
2,"0,11,500,1,1",134,33,[NULL]
3,"8,2,345,1,0",134,33,[NULL]
4,"0,2,64,1,185,1,0",134,33,[NULL]
0,"44,1,124",135,32,[NULL]
1,"16,1,17,1,149,1,3",135,32,[NULL]
2,"0,2,64,1,138,1,2",135,32,[NULL]
3,"0,27,324,1,1",135,32,[NULL]
4,"8,4,160,1,0",135,32,[NULL]
0,"8,2,245,1,3",136,31,[NULL]
1,"0,2,64,1,137,1,3",136,31,[NULL]
2,"0,3,17,1,260,1,2",136,31,[NULL]
3,"8,3,232,1,0",136,31,[NULL]
0,"8,2,247,1,3",137,30,[NULL]
1,"1,1,64,1,137,1,3",137,30,[NULL]
2,"0,2,64,1,138,1,3",137,30,[NULL]
3,"0,2,558,1,2",137,30,[NULL]
4,"64,1,149,1,1",137,30,[NULL]
5,"8,1,16,1,260,1,0",137,30,[NULL]
6,"8,3,233,1,0",137,30,[NULL]
0,"8,3,166,1,3",138,29,[NULL]
1,"0,3,17,1,260,1,3",138,29,[NULL]
2,"0,8,500,1,2",138,29,[NULL]
3,"598,1,1",138,29,[NULL]
4,"8,1,17,1,260,1,0",138,29,[NULL]
5,"8,2,9,1,219,1,0",138,29,[NULL]
0,"64,2,8",139,28,[NULL]
1,"8,3,167,1,3",139,28,[NULL]
2,"0,2,558,1,3",139,28,[NULL]
3,"0,24,324,1,2",139,28,[NULL]
4,"17,1,292,1,1",139,28,[NULL]
5,"726,1,0",139,28,[NULL]
6,"8,1,9,1,13,1,194,1,0",139,28,[NULL]
0,"8,1,380,1,3",140,27,[NULL]
1,"8,2,248,1,3",140,27,[NULL]
2,"0,8,500,1,3",140,27,[NULL]
3,"600,1,1",140,27,[NULL]
4,"42,1,260,1,0",140,27,[NULL]
5,"9,1,13,2,167,1,0",140,27,[NULL]
6,"8,1,549,1,0",140,27,[NULL]
0,"17,1,278,1,3",141,26,[NULL]
1,"8,1,13,1,219,1,3",141,26,[NULL]
2,"0,24,324,1,3",141,26,[NULL]
3,"8,2,347,1,0",141,26,[NULL]
4,"8,2,346,1,0",141,26,[NULL]
0,"573,1,3",142,25,[NULL]
1,"13,2,194,1,3",142,25,[NULL]
2,"8,1,550,1,0",142,25,[NULL]
3,"8,1,13,1,292,1,0",142,25,[NULL]
0,"574,1,3",143,24,[NULL]
1,"727,1,0",143,24,[NULL]
2,"23,1,346,1,0",143,24,[NULL]
3,"8,2,348,1,0",143,24,[NULL]
0,430,144,23,[NULL]
1,"9,1,346,1,3",144,23,[NULL]
2,"8,1,382,1,3",144,23,[NULL]
3,"8,2,350,1,0",144,23,[NULL]
4,"1,1,64,1,187,1,0",144,23,[NULL]
5,"0,1,69,1,185,1,0",144,23,[NULL]
6,"0,2,64,1,188,1,0",144,23,[NULL]
0,"167,1,33",145,22,[NULL]
1,"8,1,383,1,3",145,22,[NULL]
2,"0,1,69,1,138,1,2",145,22,[NULL]
3,"8,2,13,1,209,1,0",145,22,[NULL]
4,"0,2,703,1,0",145,22,[NULL]
0,"8,2,250,1,3",146,21,[NULL]
1,"0,1,18,1,260,1,3",146,21,[NULL]
2,"0,1,568,1,2",146,21,[NULL]
3,"8,1,13,1,294,1,0",146,21,[NULL]
4,"0,2,706,1,0",146,21,[NULL]
0,"8,1,384,1,3",147,20,[NULL]
1,"0,1,69,1,138,1,3",147,20,[NULL]
2,"0,2,561,1,3",147,20,[NULL]
3,"728,1,0",147,20,[NULL]
4,"13,2,261,1,0",147,20,[NULL]
5,"0,3,693,1,0",147,20,[NULL]
0,431,148,19,[NULL]
1,"9,1,13,1,209,1,3",148,19,[NULL]
2,"1,1,561,1,3",148,19,[NULL]
3,"0,1,568,1,3",148,19,[NULL]
4,"0,5,533,1,3",148,19,[NULL]
5,"0,3,575,1,1",148,19,[NULL]
6,"0,2,8,2,333,1,0",148,19,[NULL]
0,"7,2,266,1,3",149,18,[NULL]
1,"0,4,540,1,3",149,18,[NULL]
2,"729,1,0",149,18,[NULL]
3,"0,2,8,1,534,1,0",149,18,[NULL]
0,432,150,17,[NULL]
1,"7,2,267,1,3",150,17,[NULL]
2,"1,1,7,1,385,1,3",150,17,[NULL]
3,"0,1,8,1,69,1,79,1,3",150,17,[NULL]
0,"0,1,8,1,69,1,80,1,3",151,16,[NULL]
1,"0,2,8,1,366,1,3",151,16,[NULL]
2,"0,2,3,1,484,1,3",151,16,[NULL]
3,"0,2,562,1,2",151,16,[NULL]
4,"1,1,708,1,0",151,16,[NULL]
5,"0,1,67,1,190,1,0",151,16,[NULL]
0,"0,2,8,1,367,1,3",152,15,[NULL]
1,"575,1,2",152,15,[NULL]
0,"0,1,420",153,14,[NULL]
1,"0,2,562,1,3",153,14,[NULL]
0,"575,1,3",154,13,[NULL]
1,"0,4,546,1,3",154,13,[NULL]
2,"730,1,0",154,13,[NULL]
3,"18,1,408,1,0",154,13,[NULL]
4,"0,5,676,1,0",154,13,[NULL]
0,"7,1,311,1,5",155,12,[NULL]
1,"2,1,544,1,3",155,12,[NULL]
2,"0,1,7,1,414,1,3",155,12,[NULL]
3,"733,1,0",155,12,[NULL]
4,"732,1,0",155,12,[NULL]
5,"1,1,712,1,0",155,12,[NULL]
6,"0,1,719,1,0",155,12,[NULL]
0,"3,1,374",156,11,[NULL]
1,"7,1,314,1,5",156,11,[NULL]
2,"3,1,504,1,3",156,11,[NULL]
3,"1,2,546,1,3",156,11,[NULL]
4,"0,1,7,1,415,1,3",156,11,[NULL]
5,"735,1,0",156,11,[NULL]
6,"734,1,0",156,11,[NULL]
0,433,157,10,[NULL]
1,"0,1,424",157,10,[NULL]
2,"3,1,376",157,10,[NULL]
3,"576,1,3",157,10,[NULL]
4,"18,1,414,1,0",157,10,[NULL]
5,"1,2,684,1,0",157,10,[NULL]
6,"0,1,2,1,676,1,0",157,10,[NULL]
0,"7,1,297",158,9,[NULL]
1,"577,1,3",158,9,[NULL]
2,"18,1,415,1,0",158,9,[NULL]
3,"8,1,9,1,324,1,0",158,9,[NULL]
4,"0,1,720,1,0",158,9,[NULL]
5,"0,7,18,1,324,1,0",158,9,[NULL]
0,"0,1,429",159,8,[NULL]
1,"29,1,324,1,0",159,8,[NULL]
2,"0,2,2,1,660,1,0",159,8,[NULL]
0,434,160,7,[NULL]
1,"3,1,506,1,3",160,7,[NULL]
0,"13,1,324,1,3",161,6,[NULL]
1,"2,1,548,1,3",161,6,[NULL]
0,"2,2,7,1,324,1,3",162,5,[NULL]
0,"0,168,0",0,168,[NULL]
0,"0,156,1",8,160,[NULL]
0,"0,153,2",12,156,[NULL]
0,"0,153,3",14,154,[NULL]
0,"0,3,554,1,2",115,53,[NULL]
0,"8,1,553,1,0",116,52,[NULL]
0,"0,3,554,1,3",117,51,[NULL]
1,"8,1,554,1,0",117,51,[NULL]
0,"17,1,296,1,1",118,50,[NULL]
0,"578,1,3",119,49,[NULL]
1,"606,1,1",119,49,[NULL]
2,"736,1,0",119,49,[NULL]
0,"579,1,3",120,48,[NULL]
1,"8,3,236,1,0",120,48,[NULL]
0,"8,2,16,1,183,1,0",121,47,[NULL]
0,"8,2,17,1,183,1,0",122,46,[NULL]
0,435,123,45,[NULL]
1,"8,2,252,1,3",123,45,[NULL]
2,"8,2,354,1,0",123,45,[NULL]
0,"8,2,253,1,3",124,44,[NULL]
1,"8,5,110,1,0",124,44,[NULL]
0,"8,1,17,1,200,1,3",125,43,[NULL]
1,"8,5,111,1,0",125,43,[NULL]
0,"8,1,401,1,3",126,42,[NULL]
1,"8,1,555,1,0",126,42,[NULL]
2,"8,3,16,1,17,1,50,1,0",126,42,[NULL]
3,"1,2,685,1,0",126,42,[NULL]
4,"0,4,686,1,0",126,42,[NULL]
0,"8,4,116,1,3",127,41,[NULL]
1,"8,1,556,1,0",127,41,[NULL]
2,"8,4,161,1,0",127,41,[NULL]
3,"0,1,722,1,0",127,41,[NULL]
4,"0,40,324,1,0",127,41,[NULL]
0,"8,4,117,1,3",128,40,[NULL]
1,"17,1,433,1,0",128,40,[NULL]
2,"8,7,31,1,0",128,40,[NULL]
0,"8,1,402,1,3",129,39,[NULL]
1,"8,3,17,1,78,1,3",129,39,[NULL]
2,"8,6,16,1,17,1,0",129,39,[NULL]
3,"0,1,723,1,0",129,39,[NULL]
0,"8,1,403,1,3",130,38,[NULL]
1,"8,3,171,1,3",130,38,[NULL]
2,"8,3,237,1,0",130,38,[NULL]
3,"8,6,17,2,0",130,38,[NULL]
0,"8,6,39,1,3",131,37,[NULL]
1,"8,3,238,1,0",131,37,[NULL]
2,"8,6,60,1,0",131,37,[NULL]
0,"8,6,40,1,3",132,36,[NULL]
1,"8,2,17,1,185,1,0",132,36,[NULL]
2,"8,8,13,1,0",132,36,[NULL]
0,"8,2,16,1,137,1,3",133,35,[NULL]
1,"8,5,17,1,20,1,3",133,35,[NULL]
2,"8,1,17,2,147,1,0",133,35,[NULL]
3,"8,7,32,1,0",133,35,[NULL]
4,"0,1,725,1,0",133,35,[NULL]
0,436,134,34,[NULL]
1,"8,2,16,1,138,1,3",134,34,[NULL]
2,"8,5,63,1,3",134,34,[NULL]
3,"0,3,64,1,137,1,2",134,34,[NULL]
4,"0,12,500,1,1",134,34,[NULL]
5,"8,5,112,1,0",134,34,[NULL]
6,"8,6,13,1,23,1,0",134,34,[NULL]
0,"8,2,17,1,138,1,3",135,33,[NULL]
1,"8,6,9,1,13,1,3",135,33,[NULL]
2,"0,3,64,1,138,1,2",135,33,[NULL]
3,"0,28,324,1,1",135,33,[NULL]
4,"8,5,113,1,0",135,33,[NULL]
5,"8,5,13,1,51,1,0",135,33,[NULL]
0,"8,1,42,1,137,1,3",136,32,[NULL]
1,"8,5,9,1,32,1,3",136,32,[NULL]
2,"0,3,64,1,137,1,3",136,32,[NULL]
3,"0,4,17,1,260,1,2",136,32,[NULL]
4,"8,1,64,1,137,1,0",136,32,[NULL]
5,"8,4,162,1,0",136,32,[NULL]
6,"8,4,13,4,0",136,32,[NULL]
0,"8,4,9,1,13,1,23,1,3",137,31,[NULL]
1,"8,5,64,1,3",137,31,[NULL]
2,"0,3,64,1,138,1,3",137,31,[NULL]
3,"0,3,558,1,2",137,31,[NULL]
4,"0,1,64,1,149,1,1",137,31,[NULL]
5,"8,1,64,1,138,1,0",137,31,[NULL]
6,"8,3,23,1,113,1,0",137,31,[NULL]
7,"8,3,13,3,32,1,0",137,31,[NULL]
8,"0,1,8,1,16,1,260,1,0",137,31,[NULL]
0,"8,3,9,1,13,1,51,1,3",138,30,[NULL]
1,"8,4,118,1,3",138,30,[NULL]
2,"0,4,17,1,260,1,3",138,30,[NULL]
3,"0,9,500,1,2",138,30,[NULL]
4,"0,1,598,1,1",138,30,[NULL]
5,"8,1,557,1,0",138,30,[NULL]
6,"8,2,13,4,23,1,0",138,30,[NULL]
7,"8,4,9,1,101,1,0",138,30,[NULL]
8,"0,1,8,1,17,1,260,1,0",138,30,[NULL]
0,"64,1,146,1,3",139,29,[NULL]
1,"8,2,9,1,13,4,3",139,29,[NULL]
2,"8,3,17,1,80,1,3",139,29,[NULL]
3,"0,3,558,1,3",139,29,[NULL]
4,"0,25,324,1,2",139,29,[NULL]
5,"8,1,559,1,0",139,29,[NULL]
6,"8,1,13,4,51,1,0",139,29,[NULL]
7,"8,3,9,1,13,1,80,1,0",139,29,[NULL]
0,"64,1,147,1,3",140,28,[NULL]
1,"8,1,9,1,13,3,32,1,3",140,28,[NULL]
2,"8,3,173,1,3",140,28,[NULL]
3,"0,1,8,1,380,1,3",140,28,[NULL]
4,"0,9,500,1,3",140,28,[NULL]
5,"13,7,0",140,28,[NULL]
6,"8,2,16,1,187,1,0",140,28,[NULL]
7,"8,2,9,1,23,1,101,1,0",140,28,[NULL]
0,"9,1,13,4,23,1,3",141,27,[NULL]
1,"8,1,404,1,3",141,27,[NULL]
2,"8,3,13,1,101,1,3",141,27,[NULL]
3,"0,1,17,1,278,1,3",141,27,[NULL]
4,"0,25,324,1,3",141,27,[NULL]
5,"8,1,9,1,13,1,23,1,80,1,0",141,27,[NULL]
6,"8,2,16,1,188,1,0",141,27,[NULL]
0,"580,1,3",142,26,[NULL]
1,"8,2,13,2,80,1,3",142,26,[NULL]
2,"9,1,13,3,101,1,0",142,26,[NULL]
3,"8,2,17,1,188,1,0",142,26,[NULL]
4,"1,1,715,1,0",142,26,[NULL]
0,"13,3,32,1,17",143,25,[NULL]
1,"260,1,10",143,25,[NULL]
2,"8,1,13,1,23,1,101,1,3",143,25,[NULL]
3,"8,2,254,1,3",143,25,[NULL]
4,"8,1,17,1,267,1,0",143,25,[NULL]
0,437,144,24,[NULL]
1,"0,1,430",144,24,[NULL]
2,"13,2,23,1,80,1,3",144,24,[NULL]
3,"8,2,255,1,3",144,24,[NULL]
4,"8,2,13,1,212,1,0",144,24,[NULL]
0,438,145,23,[NULL]
1,"8,1,20,1,188,1,3",145,23,[NULL]
2,"13,2,266,1,0",145,23,[NULL]
3,"8,1,13,2,188,1,0",145,23,[NULL]
0,"20,1,267,1,3",146,22,[NULL]
1,"0,2,18,1,260,1,3",146,22,[NULL]
2,"0,2,568,1,2",146,22,[NULL]
3,"737,1,0",146,22,[NULL]
4,"64,1,201,1,0",146,22,[NULL]
5,"13,2,267,1,0",146,22,[NULL]
0,439,147,21,[NULL]
1,"9,1,13,1,212,1,3",147,21,[NULL]
2,"1,1,18,1,260,1,3",147,21,[NULL]
3,"0,2,69,1,138,1,3",147,21,[NULL]
4,"72,1,188,1,0",147,21,[NULL]
5,"2,1,690,1,0",147,21,[NULL]
6,"0,4,693,1,0",147,21,[NULL]
0,440,148,20,[NULL]
1,"13,1,328,1,3",148,20,[NULL]
2,"0,2,568,1,3",148,20,[NULL]
3,"0,4,575,1,1",148,20,[NULL]
4,"739,1,0",148,20,[NULL]
5,"738,1,0",148,20,[NULL]
0,442,149,19,[NULL]
1,441,149,19,[NULL]
2,"500,1,5",149,19,[NULL]
3,"13,1,23,1,213,1,0",149,19,[NULL]
0,"582,1,3",150,18,[NULL]
1,"0,1,7,2,267,1,3",150,18,[NULL]
0,"209,1,25",151,17,[NULL]
1,"0,2,8,1,69,1,80,1,3",151,17,[NULL]
2,"0,3,562,1,2",151,17,[NULL]
0,"13,1,331,1,3",152,16,[NULL]
1,"0,1,575,1,2",152,16,[NULL]
2,"8,2,367,1,0",152,16,[NULL]
3,"1,1,18,1,385,1,0",152,16,[NULL]
0,"23,1,189",153,15,[NULL]
1,"3,2,425,1,3",153,15,[NULL]
2,"0,3,562,1,3",153,15,[NULL]
3,"741,1,0",153,15,[NULL]
4,"740,1,0",153,15,[NULL]
5,"67,1,197,1,0",153,15,[NULL]
6,"8,1,562,1,0",153,15,[NULL]
7,"1,1,27,1,324,1,0",153,15,[NULL]
0,443,154,14,[NULL]
1,"8,1,414,1,3",154,14,[NULL]
2,"0,1,575,1,3",154,14,[NULL]
3,"742,1,0",154,14,[NULL]
4,"30,1,324,1,0",154,14,[NULL]
5,"8,1,563,1,0",154,14,[NULL]
6,"0,1,730,1,0",154,14,[NULL]
0,"0,1,7,1,311,1,5",155,13,[NULL]
1,"8,1,415,1,3",155,13,[NULL]
2,"1,1,7,1,412,1,3",155,13,[NULL]
3,"0,1,2,1,544,1,3",155,13,[NULL]
4,"0,1,732,1,0",155,13,[NULL]
5,"0,2,719,1,0",155,13,[NULL]
0,444,156,12,[NULL]
1,"463,1,6",156,12,[NULL]
2,"7,1,321,1,5",156,12,[NULL]
3,"0,1,7,1,314,1,5",156,12,[NULL]
4,"583,1,3",156,12,[NULL]
5,"0,1,3,1,504,1,3",156,12,[NULL]
6,"1,1,719,1,0",156,12,[NULL]
7,"0,1,734,1,0",156,12,[NULL]
0,446,157,11,[NULL]
1,445,157,11,[NULL]
2,"7,1,303",157,11,[NULL]
3,"3,1,191,1,24",157,11,[NULL]
4,"1,1,12,1,69,2,3",157,11,[NULL]
5,"1,1,7,1,415,1,3",157,11,[NULL]
6,"744,1,0",157,11,[NULL]
7,"743,1,0",157,11,[NULL]
8,"0,1,18,1,414,1,0",157,11,[NULL]
0,"1,1,426",158,10,[NULL]
1,"1,1,12,1,324,1,3",158,10,[NULL]
2,"0,1,577,1,3",158,10,[NULL]
3,"584,1,2",158,10,[NULL]
4,"746,1,0",158,10,[NULL]
5,"0,1,18,1,415,1,0",158,10,[NULL]
6,"0,1,8,1,9,1,324,1,0",158,10,[NULL]
7,"0,2,720,1,0",158,10,[NULL]
8,"0,8,18,1,324,1,0",158,10,[NULL]
0,447,159,9,[NULL]
1,"7,1,306",159,9,[NULL]
2,"2,1,7,1,269",159,9,[NULL]
3,"7,1,430,1,3",159,9,[NULL]
4,"1,1,720,1,0",159,9,[NULL]
5,"0,1,29,1,324,1,0",159,9,[NULL]
0,"2,1,7,1,271",160,8,[NULL]
1,"584,1,3",160,8,[NULL]
2,"0,1,3,1,506,1,3",160,8,[NULL]
3,"2,1,698,1,0",160,8,[NULL]
4,"2,1,18,1,368,1,0",160,8,[NULL]
5,"1,1,28,1,324,1,0",160,8,[NULL]
0,"2,1,7,1,274",161,7,[NULL]
1,"0,1,13,1,324,1,3",161,7,[NULL]
2,"748,1,0",161,7,[NULL]
3,"747,1,0",161,7,[NULL]
4,"2,1,699,1,0",161,7,[NULL]
0,"2,1,413",162,6,[NULL]
1,"507,1,5",162,6,[NULL]
2,"749,1,0",162,6,[NULL]
0,"508,1,5",163,5,[NULL]
1,"750,1,0",163,5,[NULL]
0,"751,1,0",164,4,[NULL]
1,"2,2,18,1,324,1,0",164,4,[NULL]
0,"7,1,324,1,5",165,3,[NULL]
0,"0,169,0",0,169,[NULL]
0,"0,157,1",8,161,[NULL]
0,"0,154,2",12,157,[NULL]
0,"0,154,3",14,155,[NULL]
0,"1,1,721,1,0",113,56,[NULL]
0,"0,4,554,1,2",115,54,[NULL]
0,"0,1,8,1,553,1,0",116,53,[NULL]
0,"0,4,554,1,3",117,52,[NULL]
1,"0,1,8,1,554,1,0",117,52,[NULL]
0,"0,1,17,1,296,1,1",118,51,[NULL]
0,"0,1,578,1,3",119,50,[NULL]
1,"0,1,606,1,1",119,50,[NULL]
0,"0,1,579,1,3",120,49,[NULL]
0,448,122,47,[NULL]
0,"0,1,435",123,46,[NULL]
0,449,126,43,[NULL]
1,"0,1,8,1,555,1,0",126,43,[NULL]
2,"0,5,686,1,0",126,43,[NULL]
0,"0,1,8,1,556,1,0",127,42,[NULL]
1,"0,2,722,1,0",127,42,[NULL]
2,"0,41,324,1,0",127,42,[NULL]
0,"0,1,17,1,433,1,0",128,41,[NULL]
0,"0,1,8,1,402,1,3",129,40,[NULL]
0,"0,1,8,1,403,1,3",130,39,[NULL]
0,"5,1,452,1,3",131,38,[NULL]
0,"244,1,15",133,36,[NULL]
1,"0,1,8,2,16,1,137,1,3",133,36,[NULL]
2,"0,2,725,1,0",133,36,[NULL]
0,"0,1,8,2,16,1,138,1,3",134,35,[NULL]
1,"0,4,64,1,137,1,2",134,35,[NULL]
2,"0,13,500,1,1",134,35,[NULL]
3,"752,1,0",134,35,[NULL]
4,"1,1,725,1,0",134,35,[NULL]
0,"0,4,64,1,138,1,2",135,34,[NULL]
1,"0,29,324,1,1",135,34,[NULL]
0,"0,4,64,1,137,1,3",136,33,[NULL]
1,"0,5,17,1,260,1,2",136,33,[NULL]
2,"0,1,8,1,64,1,137,1,0",136,33,[NULL]
0,"0,4,64,1,138,1,3",137,32,[NULL]
1,"0,2,64,1,149,1,1",137,32,[NULL]
2,"0,1,8,1,64,1,138,1,0",137,32,[NULL]
3,"0,2,8,1,16,1,260,1,0",137,32,[NULL]
0,"0,5,17,1,260,1,3",138,31,[NULL]
1,"0,10,500,1,2",138,31,[NULL]
2,"0,2,598,1,1",138,31,[NULL]
3,"5,1,64,1,149,1,0",138,31,[NULL]
4,"0,2,8,1,17,1,260,1,0",138,31,[NULL]
0,"0,1,64,1,146,1,3",139,30,[NULL]
1,"0,4,558,1,3",139,30,[NULL]
2,"0,26,324,1,2",139,30,[NULL]
0,"0,1,64,1,147,1,3",140,29,[NULL]
1,"0,2,8,1,380,1,3",140,29,[NULL]
2,"0,10,500,1,3",140,29,[NULL]
0,"0,2,17,1,278,1,3",141,28,[NULL]
1,"0,26,324,1,3",141,28,[NULL]
2,"1,1,42,1,260,1,0",141,28,[NULL]
0,451,142,27,[NULL]
1,450,142,27,[NULL]
0,"0,1,260,1,10",143,26,[NULL]
1,"753,1,0",143,26,[NULL]
0,"0,1,437",144,25,[NULL]
1,"0,2,430",144,25,[NULL]
2,"1,1,727,1,0",144,25,[NULL]
0,"586,1,2",145,24,[NULL]
1,"1,2,64,1,187,1,0",145,24,[NULL]
0,"0,3,568,1,2",146,23,[NULL]
1,"13,4,95,1,0",146,23,[NULL]
2,"4,1,627,1,0",146,23,[NULL]
0,"586,1,3",147,22,[NULL]
1,"0,3,69,1,138,1,3",147,22,[NULL]
2,"8,1,69,1,138,1,0",147,22,[NULL]
3,"0,1,2,1,690,1,0",147,22,[NULL]
4,"0,5,693,1,0",147,22,[NULL]
0,"587,1,3",148,21,[NULL]
1,"0,3,568,1,3",148,21,[NULL]
2,"0,5,575,1,1",148,21,[NULL]
3,"754,1,0",148,21,[NULL]
4,"0,1,739,1,0",148,21,[NULL]
0,"0,1,442",149,20,[NULL]
1,"5,1,338",149,20,[NULL]
2,"13,2,75,1,17",149,20,[NULL]
3,"18,1,278,1,3",149,20,[NULL]
4,"17,1,314,1,1",149,20,[NULL]
0,"69,1,147,1,3",150,19,[NULL]
1,"0,1,582,1,3",150,19,[NULL]
2,"1,1,729,1,0",150,19,[NULL]
0,"588,1,3",151,18,[NULL]
1,"0,4,562,1,2",151,18,[NULL]
2,"8,2,69,1,80,1,0",151,18,[NULL]
0,"0,2,575,1,2",152,17,[NULL]
1,"75,1,188,1,0",152,17,[NULL]
0,"8,1,69,1,89,1,3",153,16,[NULL]
1,"0,4,562,1,3",153,16,[NULL]
2,"589,1,2",153,16,[NULL]
3,"0,1,741,1,0",153,16,[NULL]
0,"235,1,20",154,15,[NULL]
1,"8,1,419,1,3",154,15,[NULL]
2,"0,1,8,1,414,1,3",154,15,[NULL]
3,"0,2,575,1,3",154,15,[NULL]
4,"23,1,373,1,0",154,15,[NULL]
5,"0,1,30,1,324,1,0",154,15,[NULL]
0,"0,2,7,1,311,1,5",155,14,[NULL]
1,"589,1,3",155,14,[NULL]
2,"9,1,373,1,3",155,14,[NULL]
3,"1,1,575,1,3",155,14,[NULL]
4,"0,1,8,1,415,1,3",155,14,[NULL]
5,"75,1,190,1,0",155,14,[NULL]
0,453,156,13,[NULL]
1,452,156,13,[NULL]
2,"0,2,7,1,314,1,5",156,13,[NULL]
3,"590,1,3",156,13,[NULL]
4,"76,1,190,1,0",156,13,[NULL]
0,454,157,12,[NULL]
1,"235,1,22",157,12,[NULL]
2,"591,1,3",157,12,[NULL]
3,"3,1,521,1,3",157,12,[NULL]
4,"0,1,743,1,0",157,12,[NULL]
5,"0,2,18,1,414,1,0",157,12,[NULL]
0,"14,1,324,1,3",158,11,[NULL]
1,"3,1,523,1,3",158,11,[NULL]
2,"0,2,577,1,3",158,11,[NULL]
3,"0,1,584,1,2",158,11,[NULL]
4,"755,1,0",158,11,[NULL]
5,"0,1,746,1,0",158,11,[NULL]
6,"0,2,18,1,415,1,0",158,11,[NULL]
7,"0,2,8,1,9,1,324,1,0",158,11,[NULL]
8,"0,9,18,1,324,1,0",158,11,[NULL]
0,"69,2,8",159,10,[NULL]
1,"3,1,524,1,3",159,10,[NULL]
2,"1,1,577,1,3",159,10,[NULL]
3,"7,1,446,1,2",159,10,[NULL]
4,"757,1,0",159,10,[NULL]
5,"756,1,0",159,10,[NULL]
6,"0,2,29,1,324,1,0",159,10,[NULL]
0,"324,1,8",160,9,[NULL]
1,"2,1,7,1,398,1,3",160,9,[NULL]
2,"0,1,584,1,3",160,9,[NULL]
3,"0,2,3,1,506,1,3",160,9,[NULL]
0,"592,1,3",161,8,[NULL]
1,"7,1,446,1,3",161,8,[NULL]
2,"0,2,13,1,324,1,3",161,8,[NULL]
3,"0,1,748,1,0",161,8,[NULL]
4,"0,1,747,1,0",161,8,[NULL]
0,"593,1,3",162,7,[NULL]
1,"1,1,13,1,324,1,3",162,7,[NULL]
2,"2,2,660,1,0",162,7,[NULL]
3,"0,1,749,1,0",162,7,[NULL]
0,"0,1,508,1,5",163,6,[NULL]
0,"0,1,751,1,0",164,5,[NULL]
0,"0,1,7,1,324,1,5",165,4,[NULL]
0,"0,170,0",0,170,[NULL]
0,"0,158,1",8,162,[NULL]
0,"0,155,2",12,158,[NULL]
0,"0,155,3",14,156,[NULL]
0,"758,1,0",113,57,[NULL]
0,"0,5,554,1,2",115,55,[NULL]
0,"0,2,8,1,553,1,0",116,54,[NULL]
0,"0,5,554,1,3",117,53,[NULL]
1,"0,2,8,1,554,1,0",117,53,[NULL]
0,"594,1,3",118,52,[NULL]
0,"0,2,578,1,3",119,51,[NULL]
1,"0,2,606,1,1",119,51,[NULL]
0,"0,2,579,1,3",120,50,[NULL]
1,"1,1,736,1,0",120,50,[NULL]
0,"0,1,448",122,48,[NULL]
0,"0,2,435",123,47,[NULL]
0,"0,2,8,1,555,1,0",126,44,[NULL]
1,"0,6,686,1,0",126,44,[NULL]
0,"0,2,8,1,556,1,0",127,43,[NULL]
1,"0,42,324,1,0",127,43,[NULL]
0,"0,2,8,1,402,1,3",129,41,[NULL]
0,"0,2,8,1,403,1,3",130,40,[NULL]
1,"16,1,452,1,0",130,40,[NULL]
0,"17,1,452,1,0",131,39,[NULL]
0,"49,1,245,1,0",132,38,[NULL]
0,"595,1,3",133,37,[NULL]
1,"8,1,572,1,0",133,37,[NULL]
0,"0,2,8,2,16,1,138,1,3",134,36,[NULL]
1,"0,14,500,1,1",134,36,[NULL]
2,"8,3,244,1,0",134,36,[NULL]
3,"0,1,752,1,0",134,36,[NULL]
0,"596,1,3",135,35,[NULL]
1,"0,5,64,1,138,1,2",135,35,[NULL]
2,"0,30,324,1,1",135,35,[NULL]
3,"8,1,16,1,17,1,149,1,0",135,35,[NULL]
0,"597,1,3",136,34,[NULL]
1,"0,5,64,1,137,1,3",136,34,[NULL]
2,"759,1,0",136,34,[NULL]
3,"8,3,245,1,0",136,34,[NULL]
0,"8,2,257,1,3",137,33,[NULL]
1,"0,5,64,1,138,1,3",137,33,[NULL]
2,"8,3,247,1,0",137,33,[NULL]
3,"0,2,8,1,64,1,138,1,0",137,33,[NULL]
0,"8,1,17,1,206,1,3",138,32,[NULL]
1,"0,11,500,1,2",138,32,[NULL]
2,"8,4,166,1,0",138,32,[NULL]
0,"8,2,258,1,3",139,31,[NULL]
1,"0,5,558,1,3",139,31,[NULL]
2,"0,27,324,1,2",139,31,[NULL]
3,"8,4,167,1,0",139,31,[NULL]
0,"8,2,259,1,3",140,30,[NULL]
1,"0,2,64,1,147,1,3",140,30,[NULL]
2,"0,11,500,1,3",140,30,[NULL]
3,"64,1,206,1,0",140,30,[NULL]
4,"8,2,380,1,0",140,30,[NULL]
5,"8,3,248,1,0",140,30,[NULL]
0,455,141,29,[NULL]
1,"8,3,180,1,3",141,29,[NULL]
2,"0,27,324,1,3",141,29,[NULL]
3,"64,1,149,1,2",141,29,[NULL]
4,"113,1,149,1,0",141,29,[NULL]
5,"8,1,17,1,278,1,0",141,29,[NULL]
6,"8,2,13,1,219,1,0",141,29,[NULL]
0,"8,2,9,1,167,1,3",142,28,[NULL]
1,"598,1,2",142,28,[NULL]
2,"17,1,454,1,0",142,28,[NULL]
3,"8,1,573,1,0",142,28,[NULL]
4,"8,1,13,2,194,1,0",142,28,[NULL]
0,"64,1,149,1,3",143,27,[NULL]
1,"8,1,9,1,248,1,3",143,27,[NULL]
2,"8,2,260,1,3",143,27,[NULL]
3,"17,1,292,1,2",143,27,[NULL]
4,"42,1,278,1,0",143,27,[NULL]
5,"13,3,167,1,0",143,27,[NULL]
6,"8,1,574,1,0",143,27,[NULL]
0,"598,1,3",144,26,[NULL]
1,"16,1,292,1,3",144,26,[NULL]
2,"9,1,13,1,219,1,3",144,26,[NULL]
3,"601,1,2",144,26,[NULL]
4,"600,1,2",144,26,[NULL]
5,"8,1,9,1,346,1,0",144,26,[NULL]
6,"8,2,382,1,0",144,26,[NULL]
0,"187,1,30",145,25,[NULL]
1,"599,1,3",145,25,[NULL]
2,"17,1,292,1,3",145,25,[NULL]
3,"0,1,586,1,2",145,25,[NULL]
4,"9,1,13,1,292,1,0",145,25,[NULL]
5,"8,2,383,1,0",145,25,[NULL]
0,"248,1,17",146,24,[NULL]
1,"602,1,3",146,24,[NULL]
2,"601,1,3",146,24,[NULL]
3,"600,1,3",146,24,[NULL]
4,"8,1,420,1,3",146,24,[NULL]
5,"0,4,568,1,2",146,24,[NULL]
6,"627,1,1",146,24,[NULL]
7,"8,3,250,1,0",146,24,[NULL]
0,456,147,23,[NULL]
1,"13,1,346,1,3",147,23,[NULL]
2,"8,1,16,1,209,1,3",147,23,[NULL]
3,"0,1,586,1,3",147,23,[NULL]
4,"0,4,69,1,138,1,3",147,23,[NULL]
5,"8,2,384,1,0",147,23,[NULL]
6,"0,1,8,1,69,1,138,1,0",147,23,[NULL]
7,"0,6,693,1,0",147,23,[NULL]
0,457,148,22,[NULL]
1,"260,1,12",148,22,[NULL]
2,"8,1,17,1,209,1,3",148,22,[NULL]
3,"0,4,568,1,3",148,22,[NULL]
4,"0,6,575,1,1",148,22,[NULL]
5,"8,1,9,1,13,1,209,1,0",148,22,[NULL]
0,"603,1,3",149,21,[NULL]
1,"8,2,261,1,3",149,21,[NULL]
2,"0,1,18,1,278,1,3",149,21,[NULL]
3,"9,1,13,1,294,1,0",149,21,[NULL]
0,"42,1,209,1,3",150,20,[NULL]
1,"8,1,423,1,3",150,20,[NULL]
2,"0,1,69,1,147,1,3",150,20,[NULL]
3,"0,2,582,1,3",150,20,[NULL]
4,"64,1,209,1,0",150,20,[NULL]
0,458,151,19,[NULL]
1,"13,2,209,1,3",151,19,[NULL]
2,"0,1,588,1,3",151,19,[NULL]
3,"0,5,562,1,2",151,19,[NULL]
4,"760,1,0",151,19,[NULL]
0,459,152,18,[NULL]
1,"13,1,252",152,18,[NULL]
2,"239,1,18",152,18,[NULL]
3,"0,3,575,1,2",152,18,[NULL]
4,"761,1,0",152,18,[NULL]
0,460,153,17,[NULL]
1,"604,1,3",153,17,[NULL]
2,"0,5,562,1,3",153,17,[NULL]
3,"762,1,0",153,17,[NULL]
4,"0,2,741,1,0",153,17,[NULL]
0,"0,2,8,1,414,1,3",154,16,[NULL]
1,"0,3,575,1,3",154,16,[NULL]
2,"763,1,0",154,16,[NULL]
3,"0,2,30,1,324,1,0",154,16,[NULL]
0,"0,1,589,1,3",155,15,[NULL]
1,"0,2,8,1,415,1,3",155,15,[NULL]
2,"765,1,0",155,15,[NULL]
3,"764,1,0",155,15,[NULL]
0,"5,1,347",156,14,[NULL]
1,"484,1,6",156,14,[NULL]
2,"767,1,0",156,14,[NULL]
3,"766,1,0",156,14,[NULL]
0,462,157,13,[NULL]
1,461,157,13,[NULL]
2,"485,1,6",157,13,[NULL]
3,"768,1,0",157,13,[NULL]
4,"31,1,324,1,0",157,13,[NULL]
5,"1,2,719,1,0",157,13,[NULL]
6,"0,2,743,1,0",157,13,[NULL]
0,"3,1,197,1,24",158,12,[NULL]
1,"13,1,69,1,75,1,3",158,12,[NULL]
2,"0,1,3,1,523,1,3",158,12,[NULL]
3,"0,2,584,1,2",158,12,[NULL]
4,"17,1,324,1,1",158,12,[NULL]
5,"769,1,0",158,12,[NULL]
6,"2,1,719,1,0",158,12,[NULL]
7,"1,1,744,1,0",158,12,[NULL]
8,"0,10,18,1,324,1,0",158,12,[NULL]
0,463,159,11,[NULL]
1,"3,1,198,1,24",159,11,[NULL]
2,"0,1,3,1,524,1,3",159,11,[NULL]
3,"0,1,7,1,446,1,2",159,11,[NULL]
4,"770,1,0",159,11,[NULL]
5,"0,1,756,1,0",159,11,[NULL]
0,"230,1,24",160,10,[NULL]
1,"2,1,18,1,264,1,3",160,10,[NULL]
2,"0,2,584,1,3",160,10,[NULL]
3,"773,1,0",160,10,[NULL]
4,"772,1,0",160,10,[NULL]
5,"771,1,0",160,10,[NULL]
6,"18,1,443,1,0",160,10,[NULL]
0,464,161,9,[NULL]
1,"368,1,7",161,9,[NULL]
2,"0,1,7,1,446,1,3",161,9,[NULL]
3,"775,1,0",161,9,[NULL]
4,"774,1,0",161,9,[NULL]
5,"18,1,445,1,0",161,9,[NULL]
6,"8,1,13,1,324,1,0",161,9,[NULL]
0,"132,1,59",162,8,[NULL]
1,"776,1,0",162,8,[NULL]
2,"32,1,324,1,0",162,8,[NULL]
3,"0,2,749,1,0",162,8,[NULL]
0,"605,1,3",163,7,[NULL]
1,"18,1,446,1,0",163,7,[NULL]
2,"1,1,749,1,0",163,7,[NULL]
0,"1,1,508,1,5",164,6,[NULL]
1,"34,1,324,1,0",164,6,[NULL]
2,"0,2,751,1,0",164,6,[NULL]
0,"0,2,7,1,324,1,5",165,5,[NULL]
1,"35,1,324,1,0",165,5,[NULL]
2,"1,1,751,1,0",165,5,[NULL]
0,"1,1,7,1,324,1,5",166,4,[NULL]
0,"0,171,0",0,171,[NULL]
0,"0,159,1",8,163,[NULL]
0,"0,156,2",12,159,[NULL]
0,"0,156,3",14,157,[NULL]
0,"0,3,606,1,1",119,52,[NULL]
1,"8,1,578,1,0",119,52,[NULL]
0,"8,1,579,1,0",120,51,[NULL]
0,"17,1,470,1,0",121,50,[NULL]
0,"8,1,431,1,3",122,49,[NULL]
1,"17,1,296,1,2",122,49,[NULL]
2,"777,1,0",122,49,[NULL]
0,"16,1,296,1,3",123,48,[NULL]
1,"606,1,2",123,48,[NULL]
2,"8,3,252,1,0",123,48,[NULL]
0,"17,1,296,1,3",124,47,[NULL]
1,"8,3,253,1,0",124,47,[NULL]
0,"607,1,3",125,46,[NULL]
1,"606,1,3",125,46,[NULL]
2,"635,1,1",125,46,[NULL]
3,"8,2,17,1,200,1,0",125,46,[NULL]
0,"8,3,182,1,3",126,45,[NULL]
1,"636,1,1",126,45,[NULL]
2,"8,2,401,1,0",126,45,[NULL]
3,"0,7,686,1,0",126,45,[NULL]
0,"217,1,25",127,44,[NULL]
1,"8,3,183,1,3",127,44,[NULL]
2,"8,5,116,1,0",127,44,[NULL]
3,"0,43,324,1,0",127,44,[NULL]
0,"8,1,16,1,17,1,111,1,3",128,43,[NULL]
1,"8,5,117,1,0",128,43,[NULL]
0,"8,2,265,1,3",129,42,[NULL]
1,"8,2,402,1,0",129,42,[NULL]
2,"8,4,17,1,78,1,0",129,42,[NULL]
0,"8,5,71,1,3",130,41,[NULL]
1,"8,2,403,1,0",130,41,[NULL]
2,"8,4,171,1,0",130,41,[NULL]
3,"0,1,16,1,452,1,0",130,41,[NULL]
0,"8,4,16,1,50,1,3",131,40,[NULL]
1,"16,1,17,1,225,1,0",131,40,[NULL]
2,"8,7,39,1,0",131,40,[NULL]
3,"0,1,17,1,452,1,0",131,40,[NULL]
0,"8,1,432,1,3",132,39,[NULL]
1,"8,4,17,1,50,1,3",132,39,[NULL]
2,"59,1,224,1,0",132,39,[NULL]
3,"17,2,225,1,0",132,39,[NULL]
4,"8,7,40,1,0",132,39,[NULL]
0,"8,1,433,1,3",133,38,[NULL]
1,"8,4,125,1,3",133,38,[NULL]
2,"0,1,595,1,3",133,38,[NULL]
3,"8,3,16,1,137,1,0",133,38,[NULL]
4,"8,6,17,1,20,1,0",133,38,[NULL]
0,"17,1,298,1,3",134,37,[NULL]
1,"8,7,16,1,3",134,37,[NULL]
2,"0,15,500,1,1",134,37,[NULL]
3,"8,3,16,1,138,1,0",134,37,[NULL]
4,"8,6,63,1,0",134,37,[NULL]
5,"0,2,752,1,0",134,37,[NULL]
0,"8,7,17,1,3",135,36,[NULL]
1,"0,31,324,1,1",135,36,[NULL]
2,"8,3,17,1,138,1,0",135,36,[NULL]
3,"8,7,9,1,13,1,0",135,36,[NULL]
4,"1,2,725,1,0",135,36,[NULL]
0,"8,3,184,1,3",136,35,[NULL]
1,"8,5,16,1,23,1,3",136,35,[NULL]
2,"0,6,64,1,137,1,3",136,35,[NULL]
3,"8,2,42,1,137,1,0",136,35,[NULL]
4,"8,6,9,1,32,1,0",136,35,[NULL]
5,"0,1,759,1,0",136,35,[NULL]
0,"8,3,185,1,3",137,34,[NULL]
1,"8,6,42,1,3",137,34,[NULL]
2,"0,6,64,1,138,1,3",137,34,[NULL]
3,"778,1,0",137,34,[NULL]
4,"8,5,9,1,13,1,23,1,0",137,34,[NULL]
5,"8,6,64,1,0",137,34,[NULL]
0,"8,2,17,1,147,1,3",138,33,[NULL]
1,"8,6,13,2,3",138,33,[NULL]
2,"0,12,500,1,2",138,33,[NULL]
3,"8,4,9,1,13,1,51,1,0",138,33,[NULL]
4,"8,5,118,1,0",138,33,[NULL]
0,"8,1,17,2,113,1,3",139,32,[NULL]
1,"8,5,13,1,32,1,3",139,32,[NULL]
2,"0,28,324,1,2",139,32,[NULL]
3,"8,1,64,1,146,1,0",139,32,[NULL]
4,"8,3,9,1,13,4,0",139,32,[NULL]
5,"8,4,17,1,80,1,0",139,32,[NULL]
6,"1,1,5,1,64,1,149,1,0",139,32,[NULL]
0,"8,4,13,2,23,1,3",140,31,[NULL]
1,"8,5,72,1,3",140,31,[NULL]
2,"0,12,500,1,3",140,31,[NULL]
3,"8,1,64,1,147,1,0",140,31,[NULL]
4,"8,2,9,1,13,3,32,1,0",140,31,[NULL]
5,"8,4,173,1,0",140,31,[NULL]
6,"0,1,8,2,380,1,0",140,31,[NULL]
0,"8,3,13,2,51,1,3",141,30,[NULL]
1,"8,4,127,1,3",141,30,[NULL]
2,"0,28,324,1,3",141,30,[NULL]
3,"0,1,64,1,149,1,2",141,30,[NULL]
4,"8,1,9,1,13,4,23,1,0",141,30,[NULL]
5,"8,2,404,1,0",141,30,[NULL]
6,"8,4,13,1,101,1,0",141,30,[NULL]
7,"0,1,8,1,17,1,278,1,0",141,30,[NULL]
0,"16,1,64,2,3",142,29,[NULL]
1,"8,2,13,5,3",142,29,[NULL]
2,"8,3,20,1,80,1,3",142,29,[NULL]
3,"0,1,598,1,2",142,29,[NULL]
4,"9,1,13,4,51,1,0",142,29,[NULL]
5,"8,1,580,1,0",142,29,[NULL]
6,"8,3,13,2,80,1,0",142,29,[NULL]
0,"14,1,244",143,28,[NULL]
1,"16,1,299,1,3",143,28,[NULL]
2,"8,1,13,4,32,1,3",143,28,[NULL]
3,"8,3,186,1,3",143,28,[NULL]
4,"0,1,64,1,149,1,3",143,28,[NULL]
5,"0,1,8,2,260,1,3",143,28,[NULL]
6,"0,1,17,1,292,1,2",143,28,[NULL]
7,"8,2,13,1,23,1,101,1,0",143,28,[NULL]
8,"8,3,254,1,0",143,28,[NULL]
0,"13,5,23,1,3",144,27,[NULL]
1,"8,1,434,1,3",144,27,[NULL]
2,"8,2,9,1,13,1,101,1,3",144,27,[NULL]
3,"0,1,598,1,3",144,27,[NULL]
4,"0,1,16,1,292,1,3",144,27,[NULL]
5,"0,1,601,1,2",144,27,[NULL]
6,"0,1,600,1,2",144,27,[NULL]
7,"8,1,13,2,23,1,80,1,0",144,27,[NULL]
8,"8,3,255,1,0",144,27,[NULL]
0,"8,1,435,1,3",145,26,[NULL]
1,"8,1,9,1,13,2,80,1,3",145,26,[NULL]
2,"0,1,17,1,292,1,3",145,26,[NULL]
3,"0,2,586,1,2",145,26,[NULL]
4,"13,4,101,1,0",145,26,[NULL]
5,"8,2,20,1,188,1,0",145,26,[NULL]
0,"9,1,13,1,23,1,101,1,3",146,25,[NULL]
1,"8,3,187,1,3",146,25,[NULL]
2,"0,1,601,1,3",146,25,[NULL]
3,"0,1,600,1,3",146,25,[NULL]
4,"0,1,627,1,1",146,25,[NULL]
5,"8,1,20,1,267,1,0",146,25,[NULL]
0,465,147,24,[NULL]
1,"66,1,97",147,24,[NULL]
2,"13,2,51,1,33",147,24,[NULL]
3,"8,3,188,1,3",147,24,[NULL]
4,"0,2,586,1,3",147,24,[NULL]
5,"8,1,9,1,13,1,212,1,0",147,24,[NULL]
6,"0,2,8,1,69,1,138,1,0",147,24,[NULL]
0,"8,2,267,1,3",148,23,[NULL]
1,"1,1,586,1,3",148,23,[NULL]
2,"779,1,0",148,23,[NULL]
3,"9,1,13,2,188,1,0",148,23,[NULL]
0,"8,1,23,1,188,1,3",149,22,[NULL]
1,"0,2,18,1,278,1,3",149,22,[NULL]
2,"64,1,212,1,0",149,22,[NULL]
3,"13,2,286,1,0",149,22,[NULL]
0,"608,1,3",150,21,[NULL]
1,"13,2,212,1,3",150,21,[NULL]
2,"0,2,69,1,147,1,3",150,21,[NULL]
3,"79,1,188,1,0",150,21,[NULL]
4,"8,1,582,1,0",150,21,[NULL]
5,"0,1,64,1,209,1,0",150,21,[NULL]
0,"609,1,3",151,20,[NULL]
1,"80,1,188,1,0",151,20,[NULL]
2,"17,1,475,1,0",151,20,[NULL]
3,"0,1,760,1,0",151,20,[NULL]
0,466,152,19,[NULL]
1,"0,1,459",152,19,[NULL]
2,"611,1,3",152,19,[NULL]
3,"610,1,3",152,19,[NULL]
4,"0,4,575,1,2",152,19,[NULL]
0,"0,1,460",153,18,[NULL]
1,"188,1,33",153,18,[NULL]
2,"612,1,3",153,18,[NULL]
3,"0,1,604,1,3",153,18,[NULL]
4,"0,6,562,1,3",153,18,[NULL]
5,"13,2,288,1,0",153,18,[NULL]
6,"0,1,762,1,0",153,18,[NULL]
0,"613,1,3",154,17,[NULL]
1,"0,4,575,1,3",154,17,[NULL]
2,"8,2,414,1,0",154,17,[NULL]
3,"0,1,763,1,0",154,17,[NULL]
0,"0,2,589,1,3",155,16,[NULL]
1,"781,1,0",155,16,[NULL]
2,"8,2,415,1,0",155,16,[NULL]
3,"0,1,764,1,0",155,16,[NULL]
0,"190,1,33",156,15,[NULL]
1,"3,1,540,1,3",156,15,[NULL]
2,"8,1,583,1,0",156,15,[NULL]
3,"0,1,767,1,0",156,15,[NULL]
4,"0,1,766,1,0",156,15,[NULL]
0,"8,1,443,1,3",157,14,[NULL]
1,"7,1,459,1,3",157,14,[NULL]
2,"2,1,575,1,3",157,14,[NULL]
3,"18,1,314,1,1",157,14,[NULL]
4,"74,1,197,1,0",157,14,[NULL]
5,"9,1,563,1,0",157,14,[NULL]
6,"0,1,31,1,324,1,0",157,14,[NULL]
7,"0,3,743,1,0",157,14,[NULL]
0,467,158,13,[NULL]
1,"8,1,445,1,3",158,13,[NULL]
2,"3,1,543,1,3",158,13,[NULL]
3,"1,1,591,1,3",158,13,[NULL]
4,"0,1,17,1,324,1,1",158,13,[NULL]
5,"2,1,732,1,0",158,13,[NULL]
6,"0,1,769,1,0",158,13,[NULL]
7,"0,1,2,1,719,1,0",158,13,[NULL]
8,"0,11,18,1,324,1,0",158,13,[NULL]
0,"616,1,3",159,12,[NULL]
1,"615,1,3",159,12,[NULL]
2,"3,1,544,1,3",159,12,[NULL]
3,"1,1,14,1,324,1,3",159,12,[NULL]
4,"2,1,734,1,0",159,12,[NULL]
5,"0,1,770,1,0",159,12,[NULL]
0,"69,1,99",160,11,[NULL]
1,"15,1,324,1,3",160,11,[NULL]
2,"1,1,756,1,0",160,11,[NULL]
3,"0,1,772,1,0",160,11,[NULL]
4,"0,1,18,1,443,1,0",160,11,[NULL]
0,"0,2,7,1,446,1,3",161,10,[NULL]
1,"0,1,18,1,445,1,0",161,10,[NULL]
2,"0,1,8,1,13,1,324,1,0",161,10,[NULL]
0,"1,1,592,1,3",162,9,[NULL]
1,"782,1,0",162,9,[NULL]
2,"0,1,32,1,324,1,0",162,9,[NULL]
3,"0,3,749,1,0",162,9,[NULL]
0,"2,1,434",163,8,[NULL]
1,"617,1,3",163,8,[NULL]
2,"0,1,18,1,446,1,0",163,8,[NULL]
0,"2,1,13,1,324,1,3",164,7,[NULL]
1,"0,3,751,1,0",164,7,[NULL]
0,468,165,6,[NULL]
1,"0,3,7,1,324,1,5",165,6,[NULL]
0,"4,1,18,1,324,1,0",166,5,[NULL]
0,"0,172,0",0,172,[NULL]
0,"0,160,1",8,164,[NULL]
0,"0,157,2",12,160,[NULL]
0,"0,157,3",14,158,[NULL]
0,"1,1,758,1,0",114,58,[NULL]
0,"783,1,0",115,57,[NULL]
0,"1,1,594,1,3",119,53,[NULL]
1,"0,4,606,1,1",119,53,[NULL]
2,"0,1,8,1,578,1,0",119,53,[NULL]
0,"0,1,8,1,579,1,0",120,52,[NULL]
0,"0,1,17,1,470,1,0",121,51,[NULL]
0,"0,1,8,1,431,1,3",122,50,[NULL]
1,"0,1,17,1,296,1,2",122,50,[NULL]
0,"0,1,16,1,296,1,3",123,49,[NULL]
1,"0,1,606,1,2",123,49,[NULL]
0,"0,1,17,1,296,1,3",124,48,[NULL]
0,"0,1,606,1,3",125,47,[NULL]
1,"0,1,635,1,1",125,47,[NULL]
0,"0,1,636,1,1",126,46,[NULL]
1,"0,8,686,1,0",126,46,[NULL]
0,"0,44,324,1,0",127,45,[NULL]
0,"0,1,8,2,402,1,0",129,43,[NULL]
0,"0,1,8,2,403,1,0",130,42,[NULL]
1,"0,2,16,1,452,1,0",130,42,[NULL]
0,"0,2,17,1,452,1,0",131,41,[NULL]
0,"0,1,8,1,432,1,3",132,40,[NULL]
0,"0,1,8,1,433,1,3",133,39,[NULL]
1,"0,2,595,1,3",133,39,[NULL]
0,"0,1,17,1,298,1,3",134,38,[NULL]
1,"0,3,752,1,0",134,38,[NULL]
0,469,135,37,[NULL]
1,"0,32,324,1,1",135,37,[NULL]
0,"0,7,64,1,137,1,3",136,36,[NULL]
1,"0,2,759,1,0",136,36,[NULL]
0,"0,7,64,1,138,1,3",137,35,[NULL]
1,"0,1,778,1,0",137,35,[NULL]
0,"0,13,500,1,2",138,34,[NULL]
0,"244,1,18",139,33,[NULL]
1,"0,29,324,1,2",139,33,[NULL]
0,"5,1,491,1,3",140,32,[NULL]
1,"0,13,500,1,3",140,32,[NULL]
2,"0,2,8,2,380,1,0",140,32,[NULL]
0,"0,29,324,1,3",141,31,[NULL]
1,"0,2,64,1,149,1,2",141,31,[NULL]
2,"0,2,8,1,17,1,278,1,0",141,31,[NULL]
0,"260,1,15",142,30,[NULL]
1,"0,1,16,1,64,2,3",142,30,[NULL]
2,"0,2,598,1,2",142,30,[NULL]
0,"0,1,16,1,299,1,3",143,29,[NULL]
1,"0,2,64,1,149,1,3",143,29,[NULL]
2,"0,2,8,2,260,1,3",143,29,[NULL]
3,"0,2,17,1,292,1,2",143,29,[NULL]
0,"1,1,64,1,149,1,3",144,28,[NULL]
1,"0,2,598,1,3",144,28,[NULL]
2,"0,2,16,1,292,1,3",144,28,[NULL]
3,"0,2,601,1,2",144,28,[NULL]
4,"0,2,600,1,2",144,28,[NULL]
5,"642,1,1",144,28,[NULL]
0,470,145,27,[NULL]
1,"0,2,17,1,292,1,3",145,27,[NULL]
2,"0,3,586,1,2",145,27,[NULL]
0,"347,1,8",146,26,[NULL]
1,"0,2,601,1,3",146,26,[NULL]
2,"0,2,600,1,3",146,26,[NULL]
3,"0,2,627,1,1",146,26,[NULL]
4,"784,1,0",146,26,[NULL]
0,"0,3,586,1,3",147,25,[NULL]
1,"644,1,1",147,25,[NULL]
2,"13,1,537,1,0",147,25,[NULL]
3,"13,4,105,1,0",147,25,[NULL]
4,"5,1,627,1,0",147,25,[NULL]
0,"4,1,655,1,0",149,23,[NULL]
1,"2,1,737,1,0",149,23,[NULL]
0,"13,3,133,1,3",150,22,[NULL]
1,"1,1,603,1,3",150,22,[NULL]
2,"0,1,608,1,3",150,22,[NULL]
3,"785,1,0",150,22,[NULL]
4,"0,1,8,1,582,1,0",150,22,[NULL]
0,"0,1,609,1,3",151,21,[NULL]
1,"1,1,64,1,209,1,0",151,21,[NULL]
2,"0,1,17,1,475,1,0",151,21,[NULL]
3,"0,2,760,1,0",151,21,[NULL]
0,"2,1,442",152,20,[NULL]
1,"8,1,448,1,3",152,20,[NULL]
2,"0,1,610,1,3",152,20,[NULL]
3,"0,5,575,1,2",152,20,[NULL]
4,"1,1,760,1,0",152,20,[NULL]
0,"8,1,449,1,3",153,19,[NULL]
1,"0,1,612,1,3",153,19,[NULL]
2,"0,7,562,1,3",153,19,[NULL]
3,"17,1,314,1,2",153,19,[NULL]
4,"23,1,417,1,0",153,19,[NULL]
5,"1,1,761,1,0",153,19,[NULL]
6,"0,2,762,1,0",153,19,[NULL]
0,"16,1,314,1,3",154,18,[NULL]
1,"0,1,613,1,3",154,18,[NULL]
2,"0,5,575,1,3",154,18,[NULL]
3,"786,1,0",154,18,[NULL]
0,"618,1,3",155,17,[NULL]
1,"18,1,293,1,3",155,17,[NULL]
2,"17,1,314,1,3",155,17,[NULL]
3,"0,3,589,1,3",155,17,[NULL]
0,"619,1,3",156,16,[NULL]
1,"8,1,18,1,209,1,3",156,16,[NULL]
2,"0,1,3,1,540,1,3",156,16,[NULL]
3,"9,1,569,1,0",156,16,[NULL]
4,"0,2,766,1,0",156,16,[NULL]
0,"620,1,3",157,15,[NULL]
1,"8,1,450,1,3",157,15,[NULL]
2,"0,1,8,1,443,1,3",157,15,[NULL]
3,"0,1,2,1,575,1,3",157,15,[NULL]
4,"1,1,766,1,0",157,15,[NULL]
5,"0,2,31,1,324,1,0",157,15,[NULL]
6,"0,4,743,1,0",157,15,[NULL]
0,"621,1,3",158,14,[NULL]
1,"13,1,373,1,3",158,14,[NULL]
2,"0,1,8,1,445,1,3",158,14,[NULL]
3,"0,1,3,1,543,1,3",158,14,[NULL]
4,"70,1,209,1,0",158,14,[NULL]
5,"1,1,31,1,324,1,0",158,14,[NULL]
6,"0,12,18,1,324,1,0",158,14,[NULL]
0,471,159,13,[NULL]
1,"0,1,615,1,3",159,13,[NULL]
2,"0,1,3,1,544,1,3",159,13,[NULL]
3,"787,1,0",159,13,[NULL]
0,"7,1,344",160,12,[NULL]
1,"251,1,22",160,12,[NULL]
2,"543,1,5",160,12,[NULL]
3,"0,1,15,1,324,1,3",160,12,[NULL]
4,"788,1,0",160,12,[NULL]
0,"504,1,6",161,11,[NULL]
1,"7,1,479,1,3",161,11,[NULL]
2,"790,1,0",161,11,[NULL]
3,"789,1,0",161,11,[NULL]
4,"2,1,746,1,0",161,11,[NULL]
5,"0,2,18,1,445,1,0",161,11,[NULL]
0,"7,1,347",162,10,[NULL]
1,"13,1,271",162,10,[NULL]
2,"7,1,367,1,5",162,10,[NULL]
3,"792,1,0",162,10,[NULL]
4,"791,1,0",162,10,[NULL]
5,"0,2,32,1,324,1,0",162,10,[NULL]
0,"13,1,274",163,9,[NULL]
1,"398,1,7",163,9,[NULL]
2,"547,1,5",163,9,[NULL]
3,"546,1,5",163,9,[NULL]
4,"0,1,617,1,3",163,9,[NULL]
0,"0,1,2,1,13,1,324,1,3",164,8,[NULL]
1,"794,1,0",164,8,[NULL]
2,"1,1,18,1,446,1,0",164,8,[NULL]
3,"0,4,751,1,0",164,8,[NULL]
0,"7,1,351",165,7,[NULL]
1,"506,1,6",165,7,[NULL]
2,"36,1,324,1,0",165,7,[NULL]
0,"7,1,352",166,6,[NULL]
1,"18,1,324,1,1",166,6,[NULL]
2,"1,2,751,1,0",166,6,[NULL]
0,"7,1,353",167,5,[NULL]
1,"37,1,324,1,0",167,5,[NULL]
0,"0,173,0",0,173,[NULL]
0,"0,161,1",8,165,[NULL]
0,"0,158,2",12,161,[NULL]
0,"0,158,3",14,159,[NULL]
0,"0,1,783,1,0",115,58,[NULL]
0,"622,1,3",119,54,[NULL]
1,"0,5,606,1,1",119,54,[NULL]
2,"0,2,8,1,578,1,0",119,54,[NULL]
0,"0,2,8,1,579,1,0",120,53,[NULL]
0,472,121,52,[NULL]
0,"0,2,8,1,431,1,3",122,51,[NULL]
1,"0,2,17,1,296,1,2",122,51,[NULL]
0,"0,2,16,1,296,1,3",123,50,[NULL]
1,"0,2,606,1,2",123,50,[NULL]
0,"0,2,17,1,296,1,3",124,49,[NULL]
0,"0,2,606,1,3",125,48,[NULL]
1,"0,2,635,1,1",125,48,[NULL]
0,"0,2,636,1,1",126,47,[NULL]
1,"5,1,635,1,0",126,47,[NULL]
2,"0,9,686,1,0",126,47,[NULL]
0,"0,45,324,1,0",127,46,[NULL]
0,"0,2,8,2,403,1,0",130,43,[NULL]
0,"0,2,8,1,432,1,3",132,41,[NULL]
0,"0,2,8,1,433,1,3",133,40,[NULL]
1,"8,1,595,1,0",133,40,[NULL]
2,"1,1,59,1,224,1,0",133,40,[NULL]
0,"17,1,488,1,0",134,39,[NULL]
1,"0,4,752,1,0",134,39,[NULL]
0,"0,33,324,1,1",135,38,[NULL]
1,"8,1,596,1,0",135,38,[NULL]
0,"8,1,452,1,3",136,37,[NULL]
1,"8,1,597,1,0",136,37,[NULL]
0,"0,8,64,1,138,1,3",137,36,[NULL]
1,"8,3,257,1,0",137,36,[NULL]
0,"31,1,245,1,3",138,35,[NULL]
1,"0,14,500,1,2",138,35,[NULL]
2,"8,2,17,1,206,1,0",138,35,[NULL]
0,"8,1,453,1,3",139,34,[NULL]
1,"0,30,324,1,2",139,34,[NULL]
2,"16,1,491,1,0",139,34,[NULL]
3,"8,3,258,1,0",139,34,[NULL]
0,"8,2,16,1,149,1,3",140,33,[NULL]
1,"0,14,500,1,3",140,33,[NULL]
2,"17,1,491,1,0",140,33,[NULL]
3,"8,3,259,1,0",140,33,[NULL]
0,473,141,32,[NULL]
1,"8,2,17,1,149,1,3",141,32,[NULL]
2,"0,30,324,1,3",141,32,[NULL]
3,"0,3,64,1,149,1,2",141,32,[NULL]
4,"8,4,180,1,0",141,32,[NULL]
0,"623,1,3",142,31,[NULL]
1,"8,2,277,1,3",142,31,[NULL]
2,"0,3,598,1,2",142,31,[NULL]
3,"796,1,0",142,31,[NULL]
4,"795,1,0",142,31,[NULL]
5,"8,3,9,1,167,1,0",142,31,[NULL]
0,"8,3,193,1,3",143,30,[NULL]
1,"0,2,16,1,299,1,3",143,30,[NULL]
2,"0,3,64,1,149,1,3",143,30,[NULL]
3,"0,3,17,1,292,1,2",143,30,[NULL]
4,"8,1,64,1,149,1,0",143,30,[NULL]
5,"8,2,9,1,248,1,0",143,30,[NULL]
6,"8,3,260,1,0",143,30,[NULL]
0,"8,3,194,1,3",144,29,[NULL]
1,"0,3,598,1,3",144,29,[NULL]
2,"0,3,601,1,2",144,29,[NULL]
3,"0,3,600,1,2",144,29,[NULL]
4,"0,1,642,1,1",144,29,[NULL]
5,"8,1,598,1,0",144,29,[NULL]
6,"8,1,16,1,292,1,0",144,29,[NULL]
7,"8,1,9,1,13,1,219,1,0",144,29,[NULL]
0,"8,2,13,1,167,1,3",145,28,[NULL]
1,"0,3,17,1,292,1,3",145,28,[NULL]
2,"654,1,1",145,28,[NULL]
3,"9,1,13,2,194,1,0",145,28,[NULL]
4,"8,1,599,1,0",145,28,[NULL]
5,"8,1,17,1,292,1,0",145,28,[NULL]
0,"64,1,160,1,3",146,27,[NULL]
1,"8,1,13,1,248,1,3",146,27,[NULL]
2,"8,2,278,1,3",146,27,[NULL]
3,"0,3,601,1,3",146,27,[NULL]
4,"0,3,600,1,3",146,27,[NULL]
5,"8,1,602,1,0",146,27,[NULL]
6,"8,2,420,1,0",146,27,[NULL]
0,"624,1,3",147,26,[NULL]
1,"13,2,219,1,3",147,26,[NULL]
2,"8,1,454,1,3",147,26,[NULL]
3,"0,4,586,1,3",147,26,[NULL]
4,"8,1,13,1,346,1,0",147,26,[NULL]
5,"8,2,16,1,209,1,0",147,26,[NULL]
0,"20,1,292,1,3",148,25,[NULL]
1,"8,1,455,1,3",148,25,[NULL]
2,"13,2,292,1,0",148,25,[NULL]
3,"8,2,17,1,209,1,0",148,25,[NULL]
0,"625,1,3",149,24,[NULL]
1,"9,1,420,1,3",149,24,[NULL]
2,"797,1,0",149,24,[NULL]
3,"8,3,261,1,0",149,24,[NULL]
4,"1,1,779,1,0",149,24,[NULL]
0,"194,1,33",150,23,[NULL]
1,"626,1,3",150,23,[NULL]
2,"8,2,279,1,3",150,23,[NULL]
3,"627,1,2",150,23,[NULL]
4,"8,2,423,1,0",150,23,[NULL]
0,474,151,22,[NULL]
1,"8,2,280,1,3",151,22,[NULL]
2,"8,1,13,2,209,1,0",151,22,[NULL]
3,"0,2,17,1,475,1,0",151,22,[NULL]
0,475,152,21,[NULL]
1,"627,1,3",152,21,[NULL]
2,"8,1,9,1,261,1,3",152,21,[NULL]
3,"0,6,575,1,2",152,21,[NULL]
4,"13,2,294,1,0",152,21,[NULL]
0,"9,1,423,1,3",153,20,[NULL]
1,"0,1,8,1,449,1,3",153,20,[NULL]
2,"0,2,612,1,3",153,20,[NULL]
3,"0,8,562,1,3",153,20,[NULL]
4,"0,1,17,1,314,1,2",153,20,[NULL]
5,"72,1,209,1,0",153,20,[NULL]
0,476,154,19,[NULL]
1,"628,1,3",154,19,[NULL]
2,"0,2,613,1,3",154,19,[NULL]
3,"0,6,575,1,3",154,19,[NULL]
4,"798,1,0",154,19,[NULL]
0,477,155,18,[NULL]
1,"261,1,17",155,18,[NULL]
2,"0,1,17,1,314,1,3",155,18,[NULL]
0,478,156,17,[NULL]
1,"629,1,3",156,17,[NULL]
2,"1,1,781,1,0",156,17,[NULL]
0,479,157,16,[NULL]
1,"630,1,3",157,16,[NULL]
2,"0,2,8,1,443,1,3",157,16,[NULL]
3,"0,5,743,1,0",157,16,[NULL]
0,"209,1,29",158,15,[NULL]
1,"0,2,8,1,445,1,3",158,15,[NULL]
2,"0,13,18,1,324,1,0",158,15,[NULL]
0,"0,2,615,1,3",159,14,[NULL]
1,"631,1,2",159,14,[NULL]
2,"18,1,475,1,0",159,14,[NULL]
0,"264,1,17",160,13,[NULL]
1,"7,1,486,1,3",160,13,[NULL]
2,"0,2,15,1,324,1,3",160,13,[NULL]
3,"801,1,0",160,13,[NULL]
4,"40,1,69,2,0",160,13,[NULL]
5,"39,1,324,1,0",160,13,[NULL]
0,480,161,12,[NULL]
1,"13,1,278",161,12,[NULL]
2,"631,1,3",161,12,[NULL]
3,"40,1,324,1,0",161,12,[NULL]
4,"0,1,789,1,0",161,12,[NULL]
0,482,162,11,[NULL]
1,481,162,11,[NULL]
2,"0,1,7,1,347",162,11,[NULL]
3,"632,1,3",162,11,[NULL]
4,"16,1,69,2,3",162,11,[NULL]
5,"17,1,324,1,2",162,11,[NULL]
0,483,163,10,[NULL]
1,"0,1,546,1,5",163,10,[NULL]
2,"633,1,3",163,10,[NULL]
3,"17,1,69,2,3",163,10,[NULL]
4,"16,1,324,1,3",163,10,[NULL]
5,"18,1,479,1,0",163,10,[NULL]
0,"17,1,324,1,3",164,9,[NULL]
1,"1,1,617,1,3",164,9,[NULL]
2,"802,1,0",164,9,[NULL]
3,"9,1,13,1,324,1,0",164,9,[NULL]
0,484,165,8,[NULL]
1,"142,1,56",165,8,[NULL]
2,"0,1,36,1,324,1,0",165,8,[NULL]
0,"1,1,468",166,7,[NULL]
1,"143,1,56",166,7,[NULL]
2,"7,1,378,1,5",166,7,[NULL]
3,"0,1,18,1,324,1,1",166,7,[NULL]
0,"0,1,7,1,353",167,6,[NULL]
1,"1,1,4,1,18,1,324,1,0",167,6,[NULL]
0,"0,174,0",0,174,[NULL]
0,"0,162,1",8,166,[NULL]
0,"0,159,2",12,162,[NULL]
0,"0,159,3",14,160,[NULL]
0,"0,2,783,1,0",115,59,[NULL]
0,"803,1,0",118,56,[NULL]
0,"0,6,606,1,1",119,55,[NULL]
1,"804,1,0",119,55,[NULL]
0,"0,3,17,1,296,1,2",122,52,[NULL]
1,"8,2,431,1,0",122,52,[NULL]
0,"0,3,606,1,2",123,51,[NULL]
1,"8,1,16,1,296,1,0",123,51,[NULL]
0,"0,3,17,1,296,1,3",124,50,[NULL]
1,"8,1,17,1,296,1,0",124,50,[NULL]
0,"8,1,469,1,3",125,49,[NULL]
1,"0,3,606,1,3",125,49,[NULL]
2,"8,1,607,1,0",125,49,[NULL]
0,"8,1,470,1,3",126,48,[NULL]
1,"8,4,182,1,0",126,48,[NULL]
2,"0,10,686,1,0",126,48,[NULL]
0,"17,1,326,1,3",127,47,[NULL]
1,"8,4,183,1,0",127,47,[NULL]
2,"0,46,324,1,0",127,47,[NULL]
0,"634,1,3",128,46,[NULL]
1,"805,1,0",128,46,[NULL]
2,"8,2,16,1,17,1,111,1,0",128,46,[NULL]
0,"8,3,199,1,3",129,45,[NULL]
1,"635,1,2",129,45,[NULL]
2,"806,1,0",129,45,[NULL]
3,"8,3,265,1,0",129,45,[NULL]
0,"8,3,200,1,3",130,44,[NULL]
1,"636,1,2",130,44,[NULL]
2,"8,6,71,1,0",130,44,[NULL]
0,"635,1,3",131,43,[NULL]
1,"8,2,17,1,153,1,3",131,43,[NULL]
2,"8,5,16,1,50,1,0",131,43,[NULL]
0,"636,1,3",132,42,[NULL]
1,"8,2,283,1,3",132,42,[NULL]
2,"8,2,432,1,0",132,42,[NULL]
3,"8,5,17,1,50,1,0",132,42,[NULL]
0,485,133,41,[NULL]
1,"8,5,77,1,3",133,41,[NULL]
2,"8,2,433,1,0",133,41,[NULL]
3,"8,5,125,1,0",133,41,[NULL]
0,"8,5,78,1,3",134,40,[NULL]
1,"8,1,17,1,298,1,0",134,40,[NULL]
2,"8,8,16,1,0",134,40,[NULL]
3,"0,5,752,1,0",134,40,[NULL]
0,"8,1,16,1,224,1,3",135,39,[NULL]
1,"8,4,17,1,56,1,3",135,39,[NULL]
2,"0,34,324,1,1",135,39,[NULL]
3,"17,2,238,1,0",135,39,[NULL]
4,"8,8,17,1,0",135,39,[NULL]
0,"62,1,108",136,38,[NULL]
1,"8,1,16,1,225,1,3",136,38,[NULL]
2,"8,4,136,1,3",136,38,[NULL]
3,"0,1,8,1,452,1,3",136,38,[NULL]
4,"8,4,184,1,0",136,38,[NULL]
5,"8,6,16,1,23,1,0",136,38,[NULL]
0,"8,1,17,1,225,1,3",137,37,[NULL]
1,"8,7,19,1,3",137,37,[NULL]
2,"8,4,185,1,0",137,37,[NULL]
3,"8,7,42,1,0",137,37,[NULL]
0,"42,1,224,1,3",138,36,[NULL]
1,"8,7,20,1,3",138,36,[NULL]
2,"0,15,500,1,2",138,36,[NULL]
3,"64,1,224,1,0",138,36,[NULL]
4,"8,3,17,1,147,1,0",138,36,[NULL]
5,"8,7,13,2,0",138,36,[NULL]
0,"8,4,137,1,3",139,35,[NULL]
1,"8,6,45,1,3",139,35,[NULL]
2,"0,31,324,1,2",139,35,[NULL]
3,"64,1,225,1,0",139,35,[NULL]
4,"8,2,17,2,113,1,0",139,35,[NULL]
5,"8,6,13,1,32,1,0",139,35,[NULL]
6,"0,1,16,1,491,1,0",139,35,[NULL]
0,"1,1,244,1,18",140,34,[NULL]
1,"8,4,138,1,3",140,34,[NULL]
2,"8,6,46,1,3",140,34,[NULL]
3,"0,15,500,1,3",140,34,[NULL]
4,"138,2,0",140,34,[NULL]
5,"8,5,13,2,23,1,0",140,34,[NULL]
6,"8,6,72,1,0",140,34,[NULL]
7,"0,1,17,1,491,1,0",140,34,[NULL]
0,"8,2,16,1,154,1,3",141,33,[NULL]
1,"8,5,9,1,13,2,3",141,33,[NULL]
2,"0,31,324,1,3",141,33,[NULL]
3,"0,4,64,1,149,1,2",141,33,[NULL]
4,"809,1,0",141,33,[NULL]
5,"808,1,0",141,33,[NULL]
6,"807,1,0",141,33,[NULL]
7,"8,4,13,2,51,1,0",141,33,[NULL]
8,"8,5,127,1,0",141,33,[NULL]
0,"8,2,17,1,154,1,3",142,32,[NULL]
1,"8,4,9,1,13,1,32,1,3",142,32,[NULL]
2,"0,1,623,1,3",142,32,[NULL]
3,"0,4,598,1,2",142,32,[NULL]
4,"8,1,16,1,64,2,0",142,32,[NULL]
5,"8,3,13,5,0",142,32,[NULL]
6,"8,4,20,1,80,1,0",142,32,[NULL]
7,"0,1,795,1,0",142,32,[NULL]
0,"637,1,3",143,31,[NULL]
1,"8,3,9,1,13,2,23,1,3",143,31,[NULL]
2,"8,5,79,1,3",143,31,[NULL]
3,"0,4,64,1,149,1,3",143,31,[NULL]
4,"0,4,17,1,292,1,2",143,31,[NULL]
5,"8,1,16,1,299,1,0",143,31,[NULL]
6,"8,2,13,4,32,1,0",143,31,[NULL]
7,"8,4,186,1,0",143,31,[NULL]
8,"0,1,8,3,260,1,0",143,31,[NULL]
0,"8,2,9,1,13,2,51,1,3",144,30,[NULL]
1,"8,5,80,1,3",144,30,[NULL]
2,"0,4,598,1,3",144,30,[NULL]
3,"0,2,642,1,1",144,30,[NULL]
4,"8,1,13,5,23,1,0",144,30,[NULL]
5,"8,2,434,1,0",144,30,[NULL]
6,"8,3,9,1,13,1,101,1,0",144,30,[NULL]
7,"0,1,8,1,16,1,292,1,0",144,30,[NULL]
0,"8,1,64,1,112,1,3",145,29,[NULL]
1,"8,1,9,1,13,5,3",145,29,[NULL]
2,"8,3,22,1,80,1,3",145,29,[NULL]
3,"0,4,17,1,292,1,3",145,29,[NULL]
4,"0,1,654,1,1",145,29,[NULL]
5,"13,5,51,1,0",145,29,[NULL]
6,"8,2,435,1,0",145,29,[NULL]
7,"8,2,9,1,13,2,80,1,0",145,29,[NULL]
8,"5,1,642,1,0",145,29,[NULL]
0,"9,1,13,4,32,1,3",146,28,[NULL]
1,"8,1,64,1,113,1,3",146,28,[NULL]
2,"8,3,23,1,80,1,3",146,28,[NULL]
3,"0,1,8,2,278,1,3",146,28,[NULL]
4,"0,4,601,1,3",146,28,[NULL]
5,"0,4,600,1,3",146,28,[NULL]
6,"8,1,9,1,13,1,23,1,101,1,0",146,28,[NULL]
7,"8,4,187,1,0",146,28,[NULL]
0,"8,1,471,1,3",147,27,[NULL]
1,"8,2,13,2,101,1,3",147,27,[NULL]
2,"0,1,8,1,454,1,3",147,27,[NULL]
3,"0,5,586,1,3",147,27,[NULL]
4,"9,1,13,2,23,1,80,1,0",147,27,[NULL]
5,"8,4,188,1,0",147,27,[NULL]
0,"13,5,17",148,26,[NULL]
1,"9,1,435,1,3",148,26,[NULL]
2,"8,1,13,3,80,1,3",148,26,[NULL]
3,"8,3,267,1,0",148,26,[NULL]
4,"1,1,5,1,627,1,0",148,26,[NULL]
0,486,149,25,[NULL]
1,"187,1,34",149,25,[NULL]
2,"13,2,23,1,101,1,3",149,25,[NULL]
3,"8,3,201,1,3",149,25,[NULL]
4,"810,1,0",149,25,[NULL]
5,"8,2,23,1,188,1,0",149,25,[NULL]
6,"0,1,797,1,0",149,25,[NULL]
0,"66,1,106",150,24,[NULL]
1,"8,2,9,1,188,1,3",150,24,[NULL]
2,"0,1,627,1,2",150,24,[NULL]
3,"812,1,0",150,24,[NULL]
4,"811,1,0",150,24,[NULL]
5,"13,2,303,1,0",150,24,[NULL]
6,"8,1,13,2,212,1,0",150,24,[NULL]
0,"13,1,280",151,23,[NULL]
1,"17,1,240",151,23,[NULL]
2,"8,1,9,1,267,1,3",151,23,[NULL]
3,"813,1,0",151,23,[NULL]
4,"13,3,188,1,0",151,23,[NULL]
5,"1,1,785,1,0",151,23,[NULL]
0,487,152,22,[NULL]
1,"9,1,23,1,188,1,3",152,22,[NULL]
2,"0,1,627,1,3",152,22,[NULL]
3,"0,7,575,1,2",152,22,[NULL]
4,"8,1,610,1,0",152,22,[NULL]
0,"23,1,286,1,3",153,21,[NULL]
1,"0,2,8,1,449,1,3",153,21,[NULL]
2,"0,2,17,1,314,1,2",153,21,[NULL]
3,"80,1,201,1,0",153,21,[NULL]
4,"7,1,627,1,0",153,21,[NULL]
0,"267,1,17",154,20,[NULL]
1,"638,1,3",154,20,[NULL]
2,"0,1,628,1,3",154,20,[NULL]
3,"0,7,575,1,3",154,20,[NULL]
4,"13,3,190,1,0",154,20,[NULL]
5,"8,1,613,1,0",154,20,[NULL]
0,"2,1,459",155,19,[NULL]
1,"640,1,3",155,19,[NULL]
2,"0,2,17,1,314,1,3",155,19,[NULL]
0,488,156,18,[NULL]
1,"8,1,475,1,3",156,18,[NULL]
2,"0,1,629,1,3",156,18,[NULL]
3,"671,1,1",156,18,[NULL]
0,"17,1,333,1,3",157,17,[NULL]
1,"13,1,408,1,3",157,17,[NULL]
2,"8,2,443,1,0",157,17,[NULL]
3,"0,6,743,1,0",157,17,[NULL]
0,"8,2,445,1,0",158,16,[NULL]
1,"0,14,18,1,324,1,0",158,16,[NULL]
0,490,159,15,[NULL]
1,489,159,15,[NULL]
2,"0,1,18,1,475,1,0",159,15,[NULL]
0,491,160,14,[NULL]
1,"34,1,189",160,14,[NULL]
2,"8,1,479,1,3",160,14,[NULL]
3,"0,1,801,1,0",160,14,[NULL]
4,"0,1,39,1,324,1,0",160,14,[NULL]
0,"9,1,445,1,3",161,13,[NULL]
1,"0,1,631,1,3",161,13,[NULL]
2,"18,1,314,1,2",161,13,[NULL]
3,"0,1,40,1,324,1,0",161,13,[NULL]
4,"0,2,789,1,0",161,13,[NULL]
0,492,162,12,[NULL]
1,"18,1,311,1,3",162,12,[NULL]
2,"7,2,314,1,3",162,12,[NULL]
3,"0,1,17,1,324,1,2",162,12,[NULL]
4,"676,1,1",162,12,[NULL]
5,"816,1,0",162,12,[NULL]
0,"0,2,546,1,5",163,11,[NULL]
1,"18,1,314,1,3",163,11,[NULL]
2,"0,1,17,1,69,2,3",163,11,[NULL]
3,"0,1,16,1,324,1,3",163,11,[NULL]
4,"2,1,773,1,0",163,11,[NULL]
0,"1,1,546,1,5",164,10,[NULL]
1,"0,1,17,1,324,1,3",164,10,[NULL]
2,"7,1,633,1,0",164,10,[NULL]
3,"0,1,802,1,0",164,10,[NULL]
0,"566,1,5",165,9,[NULL]
1,"7,1,396,1,5",165,9,[NULL]
2,"0,2,36,1,324,1,0",165,9,[NULL]
0,"7,1,398,1,5",166,8,[NULL]
1,"0,1,7,1,378,1,5",166,8,[NULL]
2,"0,2,18,1,324,1,1",166,8,[NULL]
3,"819,1,0",166,8,[NULL]
0,"0,2,7,1,353",167,7,[NULL]
1,"324,1,9",167,7,[NULL]
2,"5,1,18,1,324,1,0",167,7,[NULL]
0,"0,175,0",0,175,[NULL]
0,"0,163,1",8,167,[NULL]
0,"0,160,2",12,163,[NULL]
0,"0,160,3",14,161,[NULL]
0,"0,1,803,1,0",118,57,[NULL]
0,"0,7,606,1,1",119,56,[NULL]
1,"0,1,804,1,0",119,56,[NULL]
0,"1,1,622,1,3",120,55,[NULL]
0,"641,1,3",121,54,[NULL]
0,"0,4,17,1,296,1,2",122,53,[NULL]
1,"0,1,8,2,431,1,0",122,53,[NULL]
0,"0,4,606,1,2",123,52,[NULL]
1,"0,1,8,1,16,1,296,1,0",123,52,[NULL]
0,"0,4,17,1,296,1,3",124,51,[NULL]
0,"0,1,8,1,469,1,3",125,50,[NULL]
1,"0,4,606,1,3",125,50,[NULL]
0,"0,1,8,1,470,1,3",126,49,[NULL]
1,"0,11,686,1,0",126,49,[NULL]
0,"1,1,5,1,635,1,0",127,48,[NULL]
1,"0,47,324,1,0",127,48,[NULL]
0,"0,1,805,1,0",128,47,[NULL]
0,"0,1,635,1,2",129,46,[NULL]
1,"0,1,806,1,0",129,46,[NULL]
0,"0,1,636,1,2",130,45,[NULL]
0,"0,1,635,1,3",131,44,[NULL]
0,"0,1,636,1,3",132,43,[NULL]
1,"0,1,8,2,432,1,0",132,43,[NULL]
0,"0,1,8,2,433,1,0",133,42,[NULL]
0,"0,6,752,1,0",134,41,[NULL]
0,"0,1,8,1,16,1,224,1,3",135,40,[NULL]
1,"0,35,324,1,1",135,40,[NULL]
0,"0,1,8,1,16,1,225,1,3",136,39,[NULL]
1,"0,2,8,1,452,1,3",136,39,[NULL]
0,"0,1,8,1,17,1,225,1,3",137,38,[NULL]
0,"0,16,500,1,2",138,37,[NULL]
1,"0,1,64,1,224,1,0",138,37,[NULL]
0,"0,32,324,1,2",139,36,[NULL]
1,"0,1,64,1,225,1,0",139,36,[NULL]
2,"0,2,16,1,491,1,0",139,36,[NULL]
0,"0,16,500,1,3",140,35,[NULL]
1,"0,2,17,1,491,1,0",140,35,[NULL]
0,"0,32,324,1,3",141,34,[NULL]
1,"0,1,809,1,0",141,34,[NULL]
2,"0,1,807,1,0",141,34,[NULL]
0,"0,2,623,1,3",142,33,[NULL]
1,"0,5,598,1,2",142,33,[NULL]
2,"0,2,795,1,0",142,33,[NULL]
0,"0,1,637,1,3",143,32,[NULL]
1,"0,5,64,1,149,1,3",143,32,[NULL]
2,"1,1,795,1,0",143,32,[NULL]
3,"0,2,8,3,260,1,0",143,32,[NULL]
0,"0,5,598,1,3",144,31,[NULL]
1,"0,2,8,1,16,1,292,1,0",144,31,[NULL]
0,"0,5,17,1,292,1,3",145,30,[NULL]
0,"0,2,8,2,278,1,3",146,29,[NULL]
1,"0,5,601,1,3",146,29,[NULL]
2,"0,5,600,1,3",146,29,[NULL]
0,"0,2,8,1,454,1,3",147,28,[NULL]
1,"0,6,586,1,3",147,28,[NULL]
2,"820,1,0",147,28,[NULL]
0,"260,1,18",148,27,[NULL]
1,"642,1,2",148,27,[NULL]
2,"821,1,0",148,27,[NULL]
0,"299,1,10",149,26,[NULL]
1,"0,1,810,1,0",149,26,[NULL]
2,"0,2,797,1,0",149,26,[NULL]
0,"642,1,3",150,25,[NULL]
1,"0,2,627,1,2",150,25,[NULL]
2,"1,1,797,1,0",150,25,[NULL]
3,"0,1,811,1,0",150,25,[NULL]
0,"1,1,626,1,3",151,24,[NULL]
1,"645,1,2",151,24,[NULL]
2,"644,1,2",151,24,[NULL]
3,"13,3,23,1,75,1,0",151,24,[NULL]
0,"209,1,30",152,23,[NULL]
1,"643,1,3",152,23,[NULL]
2,"0,2,627,1,3",152,23,[NULL]
3,"646,1,2",152,23,[NULL]
4,"0,8,575,1,2",152,23,[NULL]
0,"645,1,3",153,22,[NULL]
1,"644,1,3",153,22,[NULL]
2,"1,1,627,1,3",153,22,[NULL]
3,"0,3,17,1,314,1,2",153,22,[NULL]
4,"0,1,7,1,627,1,0",153,22,[NULL]
0,"13,2,95,1,17",154,21,[NULL]
1,"646,1,3",154,21,[NULL]
2,"0,8,575,1,3",154,21,[NULL]
3,"0,1,8,1,613,1,0",154,21,[NULL]
0,"215,1,29",155,20,[NULL]
1,"8,1,69,1,112,1,3",155,20,[NULL]
2,"1,1,628,1,3",155,20,[NULL]
3,"0,3,17,1,314,1,3",155,20,[NULL]
4,"1,1,798,1,0",155,20,[NULL]
0,493,156,19,[NULL]
1,"8,1,69,1,113,1,3",156,19,[NULL]
2,"0,1,8,1,475,1,3",156,19,[NULL]
3,"822,1,0",156,19,[NULL]
0,"48,1,209,1,3",157,18,[NULL]
1,"8,1,483,1,3",157,18,[NULL]
2,"0,1,17,1,333,1,3",157,18,[NULL]
3,"75,1,212,1,0",157,18,[NULL]
4,"0,7,743,1,0",157,18,[NULL]
0,494,158,17,[NULL]
1,"648,1,3",158,17,[NULL]
2,"17,1,338,1,3",158,17,[NULL]
3,"18,1,494,1,0",158,17,[NULL]
4,"0,15,18,1,324,1,0",158,17,[NULL]
0,"0,1,490",159,16,[NULL]
1,"69,1,107",159,16,[NULL]
2,"239,1,25",159,16,[NULL]
3,"650,1,3",159,16,[NULL]
4,"8,1,486,1,3",159,16,[NULL]
5,"41,1,324,1,0",159,16,[NULL]
6,"13,1,569,1,0",159,16,[NULL]
0,"0,1,491",160,15,[NULL]
1,"652,1,2",160,15,[NULL]
2,"825,1,0",160,15,[NULL]
3,"824,1,0",160,15,[NULL]
4,"75,1,213,1,0",160,15,[NULL]
5,"0,2,801,1,0",160,15,[NULL]
6,"0,2,39,1,324,1,0",160,15,[NULL]
0,"0,2,631,1,3",161,14,[NULL]
1,"0,1,18,1,314,1,2",161,14,[NULL]
2,"0,2,40,1,324,1,0",161,14,[NULL]
0,"652,1,3",162,13,[NULL]
1,"0,1,18,1,311,1,3",162,13,[NULL]
2,"0,1,7,2,314,1,3",162,13,[NULL]
3,"0,2,17,1,324,1,2",162,13,[NULL]
4,"0,1,676,1,1",162,13,[NULL]
5,"2,2,734,1,0",162,13,[NULL]
0,"0,3,546,1,5",163,12,[NULL]
1,"18,1,321,1,3",163,12,[NULL]
2,"1,1,632,1,3",163,12,[NULL]
3,"1,1,16,1,69,2,3",163,12,[NULL]
4,"0,1,18,1,314,1,3",163,12,[NULL]
5,"0,2,17,1,69,2,3",163,12,[NULL]
6,"0,2,16,1,324,1,3",163,12,[NULL]
7,"826,1,0",163,12,[NULL]
0,"68,1,163,1,3",164,11,[NULL]
1,"1,1,633,1,3",164,11,[NULL]
2,"1,1,16,1,324,1,3",164,11,[NULL]
3,"0,2,17,1,324,1,3",164,11,[NULL]
4,"0,2,802,1,0",164,11,[NULL]
0,"828,1,0",165,10,[NULL]
1,"1,1,802,1,0",165,10,[NULL]
2,"0,3,36,1,324,1,0",165,10,[NULL]
0,"2,1,617,1,3",166,9,[NULL]
1,"7,1,507,1,2",166,9,[NULL]
2,"0,3,18,1,324,1,1",166,9,[NULL]
0,"2,2,13,1,324,1,3",167,8,[NULL]
1,"7,1,508,1,2",167,8,[NULL]
0,"7,1,507,1,3",168,7,[NULL]
0,"7,1,508,1,3",169,6,[NULL]
1,"7,2,324,1,2",169,6,[NULL]
0,"18,1,324,1,2",170,5,[NULL]
0,"7,2,324,1,3",171,4,[NULL]
0,"18,1,324,1,3",172,3,[NULL]
0,"0,176,0",0,176,[NULL]
0,"0,164,1",8,168,[NULL]
0,"0,161,2",12,164,[NULL]
0,"0,161,3",14,162,[NULL]
0,"0,2,803,1,0",118,58,[NULL]
0,"1,1,803,1,0",119,57,[NULL]
1,"0,2,804,1,0",119,57,[NULL]
0,"0,1,641,1,3",121,55,[NULL]
0,"0,2,8,2,431,1,0",122,54,[NULL]
0,"0,5,606,1,2",123,53,[NULL]
1,"0,2,8,1,16,1,296,1,0",123,53,[NULL]
0,"0,5,17,1,296,1,3",124,52,[NULL]
0,"0,2,8,1,469,1,3",125,51,[NULL]
1,"0,5,606,1,3",125,51,[NULL]
0,"0,2,8,1,470,1,3",126,50,[NULL]
1,"0,12,686,1,0",126,50,[NULL]
0,495,127,49,[NULL]
1,"0,48,324,1,0",127,49,[NULL]
0,"0,2,805,1,0",128,48,[NULL]
0,"0,2,635,1,2",129,47,[NULL]
1,"0,2,806,1,0",129,47,[NULL]
0,"0,2,636,1,2",130,46,[NULL]
0,"0,2,635,1,3",131,45,[NULL]
0,"1,1,635,1,3",132,44,[NULL]
1,"0,2,636,1,3",132,44,[NULL]
2,"685,1,1",132,44,[NULL]
0,"0,2,8,2,433,1,0",133,43,[NULL]
0,"402,1,8",134,42,[NULL]
1,"686,1,1",134,42,[NULL]
0,"0,2,8,1,16,1,224,1,3",135,41,[NULL]
1,"0,36,324,1,1",135,41,[NULL]
2,"829,1,0",135,41,[NULL]
0,"0,2,8,1,16,1,225,1,3",136,40,[NULL]
1,"8,2,452,1,0",136,40,[NULL]
0,"16,1,17,1,244,1,0",137,39,[NULL]
0,"8,1,31,1,245,1,0",138,38,[NULL]
1,"0,2,64,1,224,1,0",138,38,[NULL]
0,"8,1,488,1,3",139,37,[NULL]
1,"0,33,324,1,2",139,37,[NULL]
2,"8,2,453,1,0",139,37,[NULL]
3,"1,1,64,1,224,1,0",139,37,[NULL]
4,"0,2,64,1,225,1,0",139,37,[NULL]
0,"17,1,343,1,3",140,36,[NULL]
1,"0,17,500,1,3",140,36,[NULL]
2,"8,3,16,1,149,1,0",140,36,[NULL]
0,"8,1,489,1,3",141,35,[NULL]
1,"0,33,324,1,3",141,35,[NULL]
2,"8,3,17,1,149,1,0",141,35,[NULL]
3,"0,2,809,1,0",141,35,[NULL]
4,"0,2,807,1,0",141,35,[NULL]
0,"8,1,490,1,3",142,34,[NULL]
1,"8,1,623,1,0",142,34,[NULL]
2,"8,3,277,1,0",142,34,[NULL]
3,"1,1,807,1,0",142,34,[NULL]
4,"0,3,795,1,0",142,34,[NULL]
0,"8,3,206,1,3",143,33,[NULL]
1,"0,6,64,1,149,1,3",143,33,[NULL]
2,"17,1,516,1,0",143,33,[NULL]
3,"8,4,193,1,0",143,33,[NULL]
0,"8,2,17,1,160,1,3",144,32,[NULL]
1,"0,6,598,1,3",144,32,[NULL]
2,"830,1,0",144,32,[NULL]
3,"8,4,194,1,0",144,32,[NULL]
0,"8,1,491,1,3",145,31,[NULL]
1,"8,3,207,1,3",145,31,[NULL]
2,"831,1,0",145,31,[NULL]
3,"8,3,13,1,167,1,0",145,31,[NULL]
0,"8,3,208,1,3",146,30,[NULL]
1,"0,6,600,1,3",146,30,[NULL]
2,"8,1,64,1,160,1,0",146,30,[NULL]
3,"8,2,13,1,248,1,0",146,30,[NULL]
4,"8,3,278,1,0",146,30,[NULL]
5,"1,1,5,1,642,1,0",146,30,[NULL]
0,"8,2,9,1,194,1,3",147,29,[NULL]
1,"8,1,624,1,0",147,29,[NULL]
2,"8,1,13,2,219,1,0",147,29,[NULL]
3,"8,2,454,1,0",147,29,[NULL]
0,"653,1,3",148,28,[NULL]
1,"8,1,9,1,13,1,167,1,3",148,28,[NULL]
2,"0,1,642,1,2",148,28,[NULL]
3,"13,3,194,1,0",148,28,[NULL]
4,"8,1,20,1,292,1,0",148,28,[NULL]
5,"8,2,455,1,0",148,28,[NULL]
0,"16,1,347,1,3",149,27,[NULL]
1,"9,1,13,1,248,1,3",149,27,[NULL]
2,"8,2,291,1,3",149,27,[NULL]
3,"654,1,2",149,27,[NULL]
4,"8,1,625,1,0",149,27,[NULL]
5,"8,1,9,1,420,1,0",149,27,[NULL]
0,"14,1,281",150,26,[NULL]
1,"17,1,347,1,3",150,26,[NULL]
2,"8,2,292,1,3",150,26,[NULL]
3,"0,1,642,1,3",150,26,[NULL]
4,"0,3,627,1,2",150,26,[NULL]
5,"9,1,13,1,346,1,0",150,26,[NULL]
6,"8,3,279,1,0",150,26,[NULL]
7,"0,2,811,1,0",150,26,[NULL]
0,"13,1,167,1,17",151,25,[NULL]
1,"654,1,3",151,25,[NULL]
2,"22,1,292,1,3",151,25,[NULL]
3,"8,1,492,1,3",151,25,[NULL]
4,"0,1,645,1,2",151,25,[NULL]
5,"0,1,644,1,2",151,25,[NULL]
6,"8,3,280,1,0",151,25,[NULL]
0,"23,1,292,1,3",152,24,[NULL]
1,"8,2,293,1,3",152,24,[NULL]
2,"0,1,643,1,3",152,24,[NULL]
3,"0,3,627,1,3",152,24,[NULL]
4,"0,1,646,1,2",152,24,[NULL]
5,"8,1,627,1,0",152,24,[NULL]
6,"8,2,9,1,261,1,0",152,24,[NULL]
0,"8,3,209,1,3",153,23,[NULL]
1,"0,1,645,1,3",153,23,[NULL]
2,"0,1,644,1,3",153,23,[NULL]
3,"655,1,2",153,23,[NULL]
4,"832,1,0",153,23,[NULL]
5,"8,1,9,1,423,1,0",153,23,[NULL]
0,497,154,22,[NULL]
1,496,154,22,[NULL]
2,"8,2,294,1,3",154,22,[NULL]
3,"0,1,646,1,3",154,22,[NULL]
4,"0,9,575,1,3",154,22,[NULL]
5,"9,1,13,2,209,1,0",154,22,[NULL]
6,"0,2,8,1,613,1,0",154,22,[NULL]
0,"266,1,20",155,21,[NULL]
1,"655,1,3",155,21,[NULL]
2,"8,1,13,1,261,1,3",155,21,[NULL]
3,"0,4,17,1,314,1,3",155,21,[NULL]
4,"693,1,1",155,21,[NULL]
5,"834,1,0",155,21,[NULL]
6,"833,1,0",155,21,[NULL]
0,"267,1,20",156,20,[NULL]
1,"13,1,423,1,3",156,20,[NULL]
2,"0,1,8,1,69,1,113,1,3",156,20,[NULL]
3,"0,2,8,1,475,1,3",156,20,[NULL]
4,"79,1,209,1,0",156,20,[NULL]
0,498,157,19,[NULL]
1,"266,1,21",157,19,[NULL]
2,"629,1,4",157,19,[NULL]
3,"656,1,3",157,19,[NULL]
4,"0,2,17,1,333,1,3",157,19,[NULL]
5,"80,1,209,1,0",157,19,[NULL]
6,"64,1,235,1,0",157,19,[NULL]
7,"0,8,743,1,0",157,19,[NULL]
0,499,158,18,[NULL]
1,"267,1,21",158,18,[NULL]
2,"0,1,648,1,3",158,18,[NULL]
3,"836,1,0",158,18,[NULL]
4,"835,1,0",158,18,[NULL]
0,"209,1,33",159,17,[NULL]
1,"267,1,22",159,17,[NULL]
2,"311,1,10",159,17,[NULL]
3,"0,1,650,1,3",159,17,[NULL]
0,"1,1,489",160,16,[NULL]
1,"314,1,10",160,16,[NULL]
2,"840,1,0",160,16,[NULL]
3,"0,1,825,1,0",160,16,[NULL]
0,"540,1,6",161,15,[NULL]
1,"0,3,631,1,3",161,15,[NULL]
2,"0,2,18,1,314,1,2",161,15,[NULL]
3,"841,1,0",161,15,[NULL]
0,"0,1,652,1,3",162,14,[NULL]
1,"0,3,17,1,324,1,2",162,14,[NULL]
2,"0,2,676,1,1",162,14,[NULL]
3,"844,1,0",162,14,[NULL]
4,"843,1,0",162,14,[NULL]
5,"842,1,0",162,14,[NULL]
6,"18,1,502,1,0",162,14,[NULL]
0,"575,1,5",163,13,[NULL]
1,"13,1,69,1,95,1,3",163,13,[NULL]
2,"0,2,18,1,314,1,3",163,13,[NULL]
3,"845,1,0",163,13,[NULL]
4,"8,1,16,1,324,1,0",163,13,[NULL]
5,"0,1,826,1,0",163,13,[NULL]
0,"544,1,6",164,12,[NULL]
1,"0,1,68,1,163,1,3",164,12,[NULL]
2,"0,3,17,1,324,1,3",164,12,[NULL]
3,"696,1,1",164,12,[NULL]
4,"8,1,17,1,324,1,0",164,12,[NULL]
0,501,165,11,[NULL]
1,500,165,11,[NULL]
2,"658,1,3",165,11,[NULL]
3,"19,1,69,2,3",165,11,[NULL]
4,"18,1,333,1,3",165,11,[NULL]
5,"23,1,324,1,1",165,11,[NULL]
0,"659,1,3",166,10,[NULL]
1,"20,1,69,2,3",166,10,[NULL]
2,"19,1,324,1,3",166,10,[NULL]
3,"0,4,18,1,324,1,1",166,10,[NULL]
4,"42,1,324,1,0",166,10,[NULL]
5,"18,1,504,1,0",166,10,[NULL]
0,"20,1,324,1,3",167,9,[NULL]
1,"847,1,0",167,9,[NULL]
2,"13,2,324,1,0",167,9,[NULL]
3,"1,1,819,1,0",167,9,[NULL]
0,"0,1,7,1,507,1,3",168,8,[NULL]
1,"848,1,0",168,8,[NULL]
2,"1,1,5,1,18,1,324,1,0",168,8,[NULL]
0,"7,1,382",169,7,[NULL]
1,"163,1,46",169,7,[NULL]
2,"0,1,7,1,508,1,3",169,7,[NULL]
3,"6,1,18,1,324,1,0",169,7,[NULL]
0,"7,1,383",170,6,[NULL]
1,"660,1,3",170,6,[NULL]
2,"0,1,18,1,324,1,2",170,6,[NULL]
0,"0,1,7,2,324,1,3",171,5,[NULL]
0,"0,1,18,1,324,1,3",172,4,[NULL]
1,"849,1,0",172,4,[NULL]
0,"850,1,0",173,3,[NULL]
0,"0,177,0",0,177,[NULL]
0,"0,165,1",8,169,[NULL]
0,"0,162,2",12,165,[NULL]
0,"0,162,3",14,163,[NULL]
0,"0,3,804,1,0",119,58,[NULL]
0,"0,2,641,1,3",121,56,[NULL]
1,"851,1,0",121,56,[NULL]
0,"852,1,0",122,55,[NULL]
0,"0,6,606,1,2",123,54,[NULL]
0,"661,1,3",124,53,[NULL]
0,"0,6,606,1,3",125,52,[NULL]
1,"8,2,469,1,0",125,52,[NULL]
0,"8,2,470,1,0",126,51,[NULL]
1,"0,13,686,1,0",126,51,[NULL]
0,"8,1,17,1,326,1,0",127,50,[NULL]
1,"0,49,324,1,0",127,50,[NULL]
0,"8,2,295,1,3",128,49,[NULL]
1,"8,1,634,1,0",128,49,[NULL]
0,"8,2,296,1,3",129,48,[NULL]
1,"0,3,635,1,2",129,48,[NULL]
2,"8,4,199,1,0",129,48,[NULL]
0,"16,1,17,1,183,1,3",130,47,[NULL]
1,"0,3,636,1,2",130,47,[NULL]
2,"8,4,200,1,0",130,47,[NULL]
0,"8,1,498,1,3",131,46,[NULL]
1,"0,3,635,1,3",131,46,[NULL]
2,"8,1,635,1,0",131,46,[NULL]
3,"8,3,17,1,153,1,0",131,46,[NULL]
0,"8,4,145,1,3",132,45,[NULL]
1,"0,3,636,1,3",132,45,[NULL]
2,"0,1,685,1,1",132,45,[NULL]
3,"8,1,636,1,0",132,45,[NULL]
4,"8,3,283,1,0",132,45,[NULL]
0,"8,3,16,1,111,1,3",133,44,[NULL]
1,"17,1,403,1,1",133,44,[NULL]
2,"8,6,77,1,0",133,44,[NULL]
0,"662,1,3",134,43,[NULL]
1,"8,3,17,1,111,1,3",134,43,[NULL]
2,"0,1,686,1,1",134,43,[NULL]
3,"8,6,78,1,0",134,43,[NULL]
0,"663,1,3",135,42,[NULL]
1,"8,3,211,1,3",135,42,[NULL]
2,"0,37,324,1,1",135,42,[NULL]
3,"8,2,16,1,224,1,0",135,42,[NULL]
4,"8,5,17,1,56,1,0",135,42,[NULL]
0,"8,6,49,1,3",136,41,[NULL]
1,"8,2,16,1,225,1,0",136,41,[NULL]
2,"8,5,136,1,0",136,41,[NULL]
0,"8,6,50,1,3",137,40,[NULL]
1,"8,2,17,1,225,1,0",137,40,[NULL]
2,"8,8,19,1,0",137,40,[NULL]
0,502,138,39,[NULL]
1,"8,2,297,1,3",138,39,[NULL]
2,"8,4,16,1,17,2,3",138,39,[NULL]
3,"8,1,42,1,224,1,0",138,39,[NULL]
4,"8,8,20,1,0",138,39,[NULL]
0,"8,2,298,1,3",139,38,[NULL]
1,"8,5,88,1,3",139,38,[NULL]
2,"0,34,324,1,2",139,38,[NULL]
3,"8,5,137,1,0",139,38,[NULL]
4,"8,7,45,1,0",139,38,[NULL]
0,"8,1,17,1,238,1,3",140,37,[NULL]
1,"8,9,3",140,37,[NULL]
2,"0,18,500,1,3",140,37,[NULL]
3,"8,5,138,1,0",140,37,[NULL]
4,"8,7,46,1,0",140,37,[NULL]
0,"17,2,185,1,3",141,36,[NULL]
1,"8,7,22,1,3",141,36,[NULL]
2,"0,34,324,1,3",141,36,[NULL]
3,"64,1,237,1,0",141,36,[NULL]
4,"8,3,16,1,154,1,0",141,36,[NULL]
5,"8,6,9,1,13,2,0",141,36,[NULL]
6,"0,3,807,1,0",141,36,[NULL]
0,503,142,35,[NULL]
1,"8,4,146,1,3",142,35,[NULL]
2,"8,7,23,1,3",142,35,[NULL]
3,"64,1,238,1,0",142,35,[NULL]
4,"8,3,17,1,154,1,0",142,35,[NULL]
5,"8,5,9,1,13,1,32,1,0",142,35,[NULL]
6,"0,1,8,1,623,1,0",142,35,[NULL]
7,"0,4,795,1,0",142,35,[NULL]
0,"8,4,147,1,3",143,34,[NULL]
1,"8,6,51,1,3",143,34,[NULL]
2,"8,1,637,1,0",143,34,[NULL]
3,"8,4,9,1,13,2,23,1,0",143,34,[NULL]
4,"8,6,79,1,0",143,34,[NULL]
5,"0,1,17,1,516,1,0",143,34,[NULL]
0,"8,3,17,1,113,1,3",144,33,[NULL]
1,"8,5,13,3,3",144,33,[NULL]
2,"17,1,529,1,0",144,33,[NULL]
3,"8,3,9,1,13,2,51,1,0",144,33,[NULL]
4,"8,6,80,1,0",144,33,[NULL]
5,"0,1,830,1,0",144,33,[NULL]
0,"8,2,17,1,162,1,3",145,32,[NULL]
1,"8,4,13,2,32,1,3",145,32,[NULL]
2,"0,1,8,1,491,1,3",145,32,[NULL]
3,"8,2,64,1,112,1,0",145,32,[NULL]
4,"8,2,9,1,13,5,0",145,32,[NULL]
5,"8,4,22,1,80,1,0",145,32,[NULL]
0,"244,1,25",146,31,[NULL]
1,"664,1,3",146,31,[NULL]
2,"8,3,13,3,23,1,3",146,31,[NULL]
3,"8,5,89,1,3",146,31,[NULL]
4,"8,1,9,1,13,4,32,1,0",146,31,[NULL]
5,"8,2,64,1,113,1,0",146,31,[NULL]
6,"8,4,23,1,80,1,0",146,31,[NULL]
0,"665,1,3",147,30,[NULL]
1,"8,2,13,3,51,1,3",147,30,[NULL]
2,"8,4,9,1,80,1,3",147,30,[NULL]
3,"9,1,13,5,23,1,0",147,30,[NULL]
4,"8,2,471,1,0",147,30,[NULL]
5,"8,3,13,2,101,1,0",147,30,[NULL]
0,"8,1,13,6,3",148,29,[NULL]
1,"8,2,64,2,3",148,29,[NULL]
2,"8,3,23,1,89,1,3",148,29,[NULL]
3,"0,2,642,1,2",148,29,[NULL]
4,"8,1,9,1,435,1,0",148,29,[NULL]
5,"8,2,13,3,80,1,0",148,29,[NULL]
0,"1,1,260,1,18",149,28,[NULL]
1,"13,5,32,1,3",149,28,[NULL]
2,"8,2,299,1,3",149,28,[NULL]
3,"8,2,9,1,23,1,80,1,3",149,28,[NULL]
4,"0,1,8,2,291,1,3",149,28,[NULL]
5,"0,1,654,1,2",149,28,[NULL]
6,"8,1,13,2,23,1,101,1,0",149,28,[NULL]
7,"8,4,201,1,0",149,28,[NULL]
0,"8,1,499,1,3",150,27,[NULL]
1,"8,1,9,1,13,2,101,1,3",150,27,[NULL]
2,"0,1,8,2,292,1,3",150,27,[NULL]
3,"0,2,642,1,3",150,27,[NULL]
4,"0,4,627,1,2",150,27,[NULL]
5,"13,3,23,1,80,1,0",150,27,[NULL]
6,"8,3,9,1,188,1,0",150,27,[NULL]
0,"13,1,435,1,3",151,26,[NULL]
1,"9,1,13,3,80,1,3",151,26,[NULL]
2,"1,1,642,1,3",151,26,[NULL]
3,"0,1,654,1,3",151,26,[NULL]
4,"0,2,645,1,2",151,26,[NULL]
5,"0,2,644,1,2",151,26,[NULL]
6,"64,1,187,1,1",151,26,[NULL]
7,"8,2,9,1,267,1,0",151,26,[NULL]
0,"13,3,23,1,33",152,25,[NULL]
1,"8,3,212,1,3",152,25,[NULL]
2,"0,2,643,1,3",152,25,[NULL]
3,"0,4,627,1,3",152,25,[NULL]
4,"0,2,646,1,2",152,25,[NULL]
5,"64,1,188,1,1",152,25,[NULL]
6,"853,1,0",152,25,[NULL]
7,"8,1,9,1,23,1,188,1,0",152,25,[NULL]
8,"0,1,8,1,627,1,0",152,25,[NULL]
0,"347,1,9",153,24,[NULL]
1,"8,2,13,1,188,1,3",153,24,[NULL]
2,"0,2,645,1,3",153,24,[NULL]
3,"0,2,644,1,3",153,24,[NULL]
4,"703,1,1",153,24,[NULL]
5,"855,1,0",153,24,[NULL]
6,"854,1,0",153,24,[NULL]
7,"9,1,13,2,212,1,0",153,24,[NULL]
8,"0,1,832,1,0",153,24,[NULL]
0,"8,1,13,1,267,1,3",154,23,[NULL]
1,"1,2,627,1,3",154,23,[NULL]
2,"0,2,646,1,3",154,23,[NULL]
3,"0,10,575,1,3",154,23,[NULL]
4,"856,1,0",154,23,[NULL]
5,"13,2,328,1,0",154,23,[NULL]
6,"8,1,638,1,0",154,23,[NULL]
0,"666,1,3",155,22,[NULL]
1,"13,1,23,1,188,1,3",155,22,[NULL]
2,"1,1,646,1,3",155,22,[NULL]
3,"0,1,655,1,3",155,22,[NULL]
4,"8,1,640,1,0",155,22,[NULL]
0,"0,1,267,1,20",156,21,[NULL]
1,"667,1,3",156,21,[NULL]
2,"0,2,8,1,69,1,113,1,3",156,21,[NULL]
3,"80,1,212,1,0",156,21,[NULL]
4,"7,1,655,1,0",156,21,[NULL]
0,"286,1,17",157,20,[NULL]
1,"668,1,3",157,20,[NULL]
2,"0,1,656,1,3",157,20,[NULL]
3,"857,1,0",157,20,[NULL]
4,"8,1,17,1,333,1,0",157,20,[NULL]
5,"0,9,743,1,0",157,20,[NULL]
0,"2,1,477",158,19,[NULL]
1,"212,1,33",158,19,[NULL]
2,"64,1,239,1,0",158,19,[NULL]
3,"13,2,331,1,0",158,19,[NULL]
4,"0,1,836,1,0",158,19,[NULL]
0,"8,1,502,1,3",159,18,[NULL]
1,"17,1,367,1,2",159,18,[NULL]
2,"42,1,333,1,0",159,18,[NULL]
3,"1,1,18,1,494,1,0",159,18,[NULL]
0,"16,1,367,1,3",160,17,[NULL]
1,"2,1,630,1,3",160,17,[NULL]
2,"671,1,2",160,17,[NULL]
3,"8,2,479,1,0",160,17,[NULL]
4,"1,1,41,1,324,1,0",160,17,[NULL]
5,"0,2,825,1,0",160,17,[NULL]
0,504,161,16,[NULL]
1,"288,1,17",161,16,[NULL]
2,"669,1,3",161,16,[NULL]
3,"17,1,367,1,3",161,16,[NULL]
4,"0,3,18,1,314,1,2",161,16,[NULL]
0,505,162,15,[NULL]
1,"672,1,3",162,15,[NULL]
2,"671,1,3",162,15,[NULL]
3,"0,2,652,1,3",162,15,[NULL]
4,"0,4,17,1,324,1,2",162,15,[NULL]
5,"0,3,676,1,1",162,15,[NULL]
0,506,163,14,[NULL]
1,"0,1,575,1,5",163,14,[NULL]
2,"8,1,504,1,3",163,14,[NULL]
3,"0,3,18,1,314,1,3",163,14,[NULL]
4,"0,1,845,1,0",163,14,[NULL]
5,"0,1,8,1,16,1,324,1,0",163,14,[NULL]
6,"0,2,826,1,0",163,14,[NULL]
0,"673,1,3",164,13,[NULL]
1,"13,1,445,1,3",164,13,[NULL]
2,"0,4,17,1,324,1,3",164,13,[NULL]
3,"0,1,696,1,1",164,13,[NULL]
4,"859,1,0",164,13,[NULL]
5,"858,1,0",164,13,[NULL]
6,"1,1,826,1,0",164,13,[NULL]
7,"0,1,8,1,17,1,324,1,0",164,13,[NULL]
0,"0,1,500",165,12,[NULL]
1,"674,1,3",165,12,[NULL]
2,"0,1,658,1,3",165,12,[NULL]
3,"0,1,19,1,69,2,3",165,12,[NULL]
4,"0,1,18,1,333,1,3",165,12,[NULL]
5,"0,1,23,1,324,1,1",165,12,[NULL]
6,"860,1,0",165,12,[NULL]
0,"0,1,659,1,3",166,11,[NULL]
1,"0,1,20,1,69,2,3",166,11,[NULL]
2,"0,1,19,1,324,1,3",166,11,[NULL]
3,"676,1,2",166,11,[NULL]
4,"0,5,18,1,324,1,1",166,11,[NULL]
5,"0,1,18,1,504,1,0",166,11,[NULL]
0,507,167,10,[NULL]
1,"7,1,388",167,10,[NULL]
2,"0,1,20,1,324,1,3",167,10,[NULL]
0,508,168,9,[NULL]
1,"676,1,3",168,9,[NULL]
2,"0,1,848,1,0",168,9,[NULL]
0,"324,1,10",169,8,[NULL]
1,"584,1,5",169,8,[NULL]
2,"18,1,339,1,3",169,8,[NULL]
3,"0,2,7,1,508,1,3",169,8,[NULL]
4,"0,1,6,1,18,1,324,1,0",169,8,[NULL]
0,"0,1,7,1,383",170,7,[NULL]
1,"0,1,660,1,3",170,7,[NULL]
2,"0,2,18,1,324,1,2",170,7,[NULL]
0,"0,2,7,2,324,1,3",171,6,[NULL]
0,"0,2,18,1,324,1,3",172,5,[NULL]
1,"0,1,849,1,0",172,5,[NULL]
0,"1,1,18,1,324,1,3",173,4,[NULL]
1,"0,1,850,1,0",173,4,[NULL]
0,"0,178,0",0,178,[NULL]
0,"0,166,1",8,170,[NULL]
0,"0,163,2",12,166,[NULL]
0,"0,163,3",14,164,[NULL]
0,"0,4,804,1,0",119,59,[NULL]
0,"0,1,851,1,0",121,57,[NULL]
0,"0,1,852,1,0",122,56,[NULL]
0,"0,7,606,1,2",123,55,[NULL]
0,"0,1,661,1,3",124,54,[NULL]
0,"0,7,606,1,3",125,53,[NULL]
0,"0,14,686,1,0",126,52,[NULL]
0,"0,50,324,1,0",127,51,[NULL]
0,"276,1,18",128,50,[NULL]
1,"0,1,8,2,295,1,3",128,50,[NULL]
0,"0,1,8,2,296,1,3",129,49,[NULL]
1,"0,4,635,1,2",129,49,[NULL]
0,"0,4,636,1,2",130,48,[NULL]
0,"0,4,635,1,3",131,47,[NULL]
1,"0,1,8,1,635,1,0",131,47,[NULL]
0,"0,4,636,1,3",132,46,[NULL]
1,"0,2,685,1,1",132,46,[NULL]
2,"0,1,8,1,636,1,0",132,46,[NULL]
0,"0,1,17,1,403,1,1",133,45,[NULL]
1,"5,1,685,1,0",133,45,[NULL]
0,"0,1,662,1,3",134,44,[NULL]
1,"0,2,686,1,1",134,44,[NULL]
0,"0,1,663,1,3",135,43,[NULL]
1,"0,38,324,1,1",135,43,[NULL]
2,"0,1,8,2,16,1,224,1,0",135,43,[NULL]
0,"1,1,829,1,0",136,42,[NULL]
0,"0,1,502",138,40,[NULL]
1,"0,1,8,2,297,1,3",138,40,[NULL]
0,"0,1,8,2,298,1,3",139,39,[NULL]
1,"0,35,324,1,2",139,39,[NULL]
0,"0,19,500,1,3",140,38,[NULL]
1,"1,2,64,1,224,1,0",140,38,[NULL]
0,"0,35,324,1,3",141,37,[NULL]
1,"0,1,64,1,237,1,0",141,37,[NULL]
2,"0,4,807,1,0",141,37,[NULL]
0,"0,1,64,1,238,1,0",142,36,[NULL]
1,"0,2,8,1,623,1,0",142,36,[NULL]
2,"0,5,795,1,0",142,36,[NULL]
0,"0,2,17,1,516,1,0",143,35,[NULL]
0,"0,2,8,1,491,1,3",145,33,[NULL]
0,"0,1,664,1,3",146,32,[NULL]
0,509,148,30,[NULL]
1,"0,3,642,1,2",148,30,[NULL]
0,"0,2,8,2,291,1,3",149,29,[NULL]
1,"0,2,654,1,2",149,29,[NULL]
2,"863,1,0",149,29,[NULL]
3,"862,1,0",149,29,[NULL]
0,"0,2,8,2,292,1,3",150,28,[NULL]
1,"0,3,642,1,3",150,28,[NULL]
2,"0,5,627,1,2",150,28,[NULL]
3,"8,1,642,1,0",150,28,[NULL]
0,"0,2,654,1,3",151,27,[NULL]
1,"0,3,645,1,2",151,27,[NULL]
2,"0,3,644,1,2",151,27,[NULL]
3,"0,1,64,1,187,1,1",151,27,[NULL]
4,"864,1,0",151,27,[NULL]
0,"0,5,627,1,3",152,26,[NULL]
1,"0,1,64,1,188,1,1",152,26,[NULL]
2,"13,3,23,1,83,1,0",152,26,[NULL]
3,"0,1,853,1,0",152,26,[NULL]
4,"0,2,8,1,627,1,0",152,26,[NULL]
0,"0,3,645,1,3",153,25,[NULL]
1,"0,3,644,1,3",153,25,[NULL]
2,"0,1,855,1,0",153,25,[NULL]
3,"0,2,832,1,0",153,25,[NULL]
0,"0,3,646,1,3",154,24,[NULL]
1,"0,1,856,1,0",154,24,[NULL]
0,"13,4,75,1,3",155,23,[NULL]
1,"0,1,666,1,3",155,23,[NULL]
2,"0,2,655,1,3",155,23,[NULL]
0,"1,1,655,1,3",156,22,[NULL]
1,"1,1,834,1,0",156,22,[NULL]
0,510,157,21,[NULL]
1,"0,10,743,1,0",157,21,[NULL]
0,"2,2,459",158,20,[NULL]
1,"3,1,458",158,20,[NULL]
2,"13,2,335,1,0",158,20,[NULL]
3,"0,2,836,1,0",158,20,[NULL]
0,511,159,19,[NULL]
1,"3,1,459",159,19,[NULL]
2,"8,2,312,1,3",159,19,[NULL]
3,"0,1,8,1,502,1,3",159,19,[NULL]
4,"1,1,836,1,0",159,19,[NULL]
0,"8,2,314,1,3",160,18,[NULL]
1,"3,1,604,1,3",160,18,[NULL]
2,"0,1,16,1,367,1,3",160,18,[NULL]
3,"0,1,671,1,2",160,18,[NULL]
4,"865,1,0",160,18,[NULL]
5,"44,1,324,1,0",160,18,[NULL]
0,512,161,17,[NULL]
1,"67,1,119",161,17,[NULL]
2,"677,1,3",161,17,[NULL]
3,"8,1,511,1,3",161,17,[NULL]
4,"0,1,669,1,3",161,17,[NULL]
5,"0,1,17,1,367,1,3",161,17,[NULL]
6,"0,4,18,1,314,1,2",161,17,[NULL]
7,"866,1,0",161,17,[NULL]
8,"9,1,13,1,373,1,0",161,17,[NULL]
0,"2,1,490",162,16,[NULL]
1,"68,1,119",162,16,[NULL]
2,"678,1,3",162,16,[NULL]
3,"67,1,174,1,3",162,16,[NULL]
4,"0,1,671,1,3",162,16,[NULL]
5,"0,3,652,1,3",162,16,[NULL]
6,"0,5,17,1,324,1,2",162,16,[NULL]
7,"0,4,676,1,1",162,16,[NULL]
0,"0,2,575,1,5",163,15,[NULL]
1,"68,1,174,1,3",163,15,[NULL]
2,"13,1,450,1,3",163,15,[NULL]
3,"0,4,18,1,314,1,3",163,15,[NULL]
4,"1,1,842,1,0",163,15,[NULL]
5,"0,2,8,1,16,1,324,1,0",163,15,[NULL]
0,"683,1,3",164,14,[NULL]
1,"0,1,673,1,3",164,14,[NULL]
2,"0,5,17,1,324,1,3",164,14,[NULL]
3,"868,1,0",164,14,[NULL]
4,"867,1,0",164,14,[NULL]
5,"0,2,8,1,17,1,324,1,0",164,14,[NULL]
0,513,165,13,[NULL]
1,"0,2,500",165,13,[NULL]
2,"7,1,397",165,13,[NULL]
3,"21,1,324,1,3",165,13,[NULL]
4,"0,2,18,1,333,1,3",165,13,[NULL]
5,"2,1,816,1,0",165,13,[NULL]
0,"270,1,24",166,12,[NULL]
1,"0,2,659,1,3",166,12,[NULL]
2,"0,2,20,1,69,2,3",166,12,[NULL]
3,"0,2,19,1,324,1,3",166,12,[NULL]
4,"0,1,676,1,2",166,12,[NULL]
5,"0,6,18,1,324,1,1",166,12,[NULL]
6,"869,1,0",166,12,[NULL]
0,"0,1,7,1,388",167,11,[NULL]
1,"69,1,119",167,11,[NULL]
2,"7,2,352,1,3",167,11,[NULL]
3,"0,2,20,1,324,1,3",167,11,[NULL]
4,"1,1,42,1,324,1,0",167,11,[NULL]
0,"0,1,508",168,10,[NULL]
1,"18,1,352,1,3",168,10,[NULL]
2,"0,1,676,1,3",168,10,[NULL]
3,"1,1,847,1,0",168,10,[NULL]
4,"0,2,848,1,0",168,10,[NULL]
0,"0,1,324,1,10",169,9,[NULL]
1,"0,1,584,1,5",169,9,[NULL]
2,"684,1,3",169,9,[NULL]
3,"0,3,7,1,508,1,3",169,9,[NULL]
4,"0,2,6,1,18,1,324,1,0",169,9,[NULL]
0,"592,1,5",170,8,[NULL]
1,"7,1,446,1,5",170,8,[NULL]
2,"0,2,660,1,3",170,8,[NULL]
3,"0,3,18,1,324,1,2",170,8,[NULL]
0,514,171,7,[NULL]
1,"593,1,5",171,7,[NULL]
2,"1,1,660,1,3",171,7,[NULL]
3,"0,3,7,2,324,1,3",171,7,[NULL]
0,515,172,6,[NULL]
1,"0,3,18,1,324,1,3",172,6,[NULL]
2,"8,1,18,1,324,1,0",172,6,[NULL]
3,"0,2,849,1,0",172,6,[NULL]
0,516,173,5,[NULL]
1,"18,1,324,1,4",173,5,[NULL]
2,"1,1,849,1,0",173,5,[NULL]
3,"0,2,850,1,0",173,5,[NULL]
0,"1,1,850,1,0",174,4,[NULL]
0,"0,179,0",0,179,[NULL]
0,"0,167,1",8,171,[NULL]
0,"0,164,2",12,167,[NULL]
0,"0,164,3",14,165,[NULL]
0,"0,5,804,1,0",119,60,[NULL]
0,"870,1,0",120,59,[NULL]
0,"0,2,851,1,0",121,58,[NULL]
0,"0,2,852,1,0",122,57,[NULL]
0,"0,8,606,1,2",123,56,[NULL]
0,"0,2,661,1,3",124,55,[NULL]
0,"1,1,661,1,3",125,54,[NULL]
1,"0,8,606,1,3",125,54,[NULL]
0,"0,15,686,1,0",126,53,[NULL]
0,"0,51,324,1,0",127,52,[NULL]
0,"0,2,8,2,295,1,3",128,51,[NULL]
0,"0,2,8,2,296,1,3",129,50,[NULL]
1,"0,5,635,1,2",129,50,[NULL]
0,"0,5,636,1,2",130,49,[NULL]
0,"0,5,635,1,3",131,48,[NULL]
1,"0,2,8,1,635,1,0",131,48,[NULL]
0,"0,5,636,1,3",132,47,[NULL]
1,"0,2,8,1,636,1,0",132,47,[NULL]
0,"0,2,662,1,3",134,45,[NULL]
1,"0,3,686,1,1",134,45,[NULL]
0,"0,2,663,1,3",135,44,[NULL]
1,"0,39,324,1,1",135,44,[NULL]
2,"871,1,0",135,44,[NULL]
0,"685,1,2",136,43,[NULL]
0,"872,1,0",137,42,[NULL]
0,"685,1,3",138,41,[NULL]
1,"686,1,2",138,41,[NULL]
2,"873,1,0",138,41,[NULL]
0,"0,2,8,2,298,1,3",139,40,[NULL]
1,"0,36,324,1,2",139,40,[NULL]
2,"8,2,488,1,0",139,40,[NULL]
0,"224,1,30",140,39,[NULL]
1,"686,1,3",140,39,[NULL]
2,"8,1,17,1,343,1,0",140,39,[NULL]
0,"687,1,3",141,38,[NULL]
1,"0,36,324,1,3",141,38,[NULL]
2,"725,1,1",141,38,[NULL]
3,"8,2,489,1,0",141,38,[NULL]
4,"0,5,807,1,0",141,38,[NULL]
0,"8,1,16,1,244,1,3",142,37,[NULL]
1,"8,2,490,1,0",142,37,[NULL]
2,"0,2,64,1,238,1,0",142,37,[NULL]
3,"0,6,795,1,0",142,37,[NULL]
0,"62,1,124",143,36,[NULL]
1,"8,1,17,1,244,1,3",143,36,[NULL]
2,"8,4,206,1,0",143,36,[NULL]
0,"8,1,16,1,245,1,3",144,35,[NULL]
1,"8,3,17,1,160,1,0",144,35,[NULL]
0,"8,2,315,1,3",145,34,[NULL]
1,"5,1,64,1,137,1,3",145,34,[NULL]
2,"64,1,244,1,0",145,34,[NULL]
3,"8,2,491,1,0",145,34,[NULL]
4,"8,4,207,1,0",145,34,[NULL]
0,"8,4,149,1,3",146,33,[NULL]
1,"138,1,149,1,0",146,33,[NULL]
2,"16,1,17,1,260,1,0",146,33,[NULL]
3,"8,4,208,1,0",146,33,[NULL]
0,"64,2,15",147,32,[NULL]
1,"8,2,16,1,167,1,3",147,32,[NULL]
2,"64,1,245,1,0",147,32,[NULL]
3,"17,2,260,1,0",147,32,[NULL]
4,"8,3,9,1,194,1,0",147,32,[NULL]
0,"8,1,516,1,3",148,31,[NULL]
1,"8,3,218,1,3",148,31,[NULL]
2,"64,1,246,1,0",148,31,[NULL]
3,"60,1,260,1,0",148,31,[NULL]
4,"59,1,260,1,0",148,31,[NULL]
5,"8,1,653,1,0",148,31,[NULL]
6,"8,2,9,1,13,1,167,1,0",148,31,[NULL]
0,"17,1,380,1,3",149,30,[NULL]
1,"8,3,219,1,3",149,30,[NULL]
2,"8,1,16,1,347,1,0",149,30,[NULL]
3,"8,1,9,1,13,1,248,1,0",149,30,[NULL]
4,"8,3,291,1,0",149,30,[NULL]
5,"0,1,862,1,0",149,30,[NULL]
0,"688,1,3",150,29,[NULL]
1,"8,2,13,1,194,1,3",150,29,[NULL]
2,"0,4,642,1,3",150,29,[NULL]
3,"0,6,627,1,2",150,29,[NULL]
4,"9,1,13,2,219,1,0",150,29,[NULL]
5,"8,1,17,1,347,1,0",150,29,[NULL]
6,"8,3,292,1,0",150,29,[NULL]
0,"689,1,3",151,28,[NULL]
1,"8,1,13,2,167,1,3",151,28,[NULL]
2,"0,3,654,1,3",151,28,[NULL]
3,"0,2,64,1,187,1,1",151,28,[NULL]
4,"8,1,22,1,292,1,0",151,28,[NULL]
5,"8,2,492,1,0",151,28,[NULL]
0,"13,2,248,1,3",152,27,[NULL]
1,"8,1,517,1,3",152,27,[NULL]
2,"8,2,316,1,3",152,27,[NULL]
3,"0,6,627,1,3",152,27,[NULL]
4,"0,2,64,1,188,1,1",152,27,[NULL]
5,"8,1,23,1,292,1,0",152,27,[NULL]
6,"8,3,293,1,0",152,27,[NULL]
7,"5,1,64,1,187,1,0",152,27,[NULL]
8,"0,2,853,1,0",152,27,[NULL]
0,"8,1,518,1,3",153,26,[NULL]
1,"8,1,9,1,292,1,3",153,26,[NULL]
2,"0,4,645,1,3",153,26,[NULL]
3,"0,4,644,1,3",153,26,[NULL]
4,"13,2,346,1,0",153,26,[NULL]
5,"8,4,209,1,0",153,26,[NULL]
6,"0,2,855,1,0",153,26,[NULL]
0,"23,1,316,1,3",154,25,[NULL]
1,"8,2,318,1,3",154,25,[NULL]
2,"0,4,646,1,3",154,25,[NULL]
3,"8,3,294,1,0",154,25,[NULL]
0,"219,1,33",155,24,[NULL]
1,"8,1,9,1,293,1,3",155,24,[NULL]
2,"0,2,666,1,3",155,24,[NULL]
3,"8,1,655,1,0",155,24,[NULL]
4,"8,2,13,1,261,1,0",155,24,[NULL]
5,"1,1,856,1,0",155,24,[NULL]
0,517,156,23,[NULL]
1,"209,1,34",156,23,[NULL]
2,"8,2,9,1,209,1,3",156,23,[NULL]
3,"1,1,666,1,3",156,23,[NULL]
4,"875,1,0",156,23,[NULL]
5,"874,1,0",156,23,[NULL]
6,"8,1,13,1,423,1,0",156,23,[NULL]
0,"0,1,510",157,22,[NULL]
1,"8,1,9,1,294,1,3",157,22,[NULL]
2,"2,1,646,1,3",157,22,[NULL]
3,"876,1,0",157,22,[NULL]
4,"64,1,250,1,0",157,22,[NULL]
5,"13,3,209,1,0",157,22,[NULL]
6,"0,11,743,1,0",157,22,[NULL]
0,"17,1,277",158,21,[NULL]
1,"690,1,3",158,21,[NULL]
2,"9,1,13,1,261,1,3",158,21,[NULL]
3,"878,1,0",158,21,[NULL]
4,"877,1,0",158,21,[NULL]
5,"1,1,857,1,0",158,21,[NULL]
6,"0,3,836,1,0",158,21,[NULL]
0,"285,1,20",159,20,[NULL]
1,"0,1,8,2,312,1,3",159,20,[NULL]
2,"0,2,8,1,502,1,3",159,20,[NULL]
3,"693,1,2",159,20,[NULL]
4,"89,1,209,1,0",159,20,[NULL]
0,"294,1,17",160,19,[NULL]
1,"0,1,3,1,604,1,3",160,19,[NULL]
2,"0,2,16,1,367,1,3",160,19,[NULL]
3,"0,2,671,1,2",160,19,[NULL]
4,"879,1,0",160,19,[NULL]
0,"285,1,21",161,18,[NULL]
1,"693,1,3",161,18,[NULL]
2,"692,1,3",161,18,[NULL]
3,"691,1,3",161,18,[NULL]
4,"0,2,669,1,3",161,18,[NULL]
5,"0,2,17,1,367,1,3",161,18,[NULL]
6,"880,1,0",161,18,[NULL]
0,"1,1,669,1,3",162,17,[NULL]
1,"0,1,67,1,174,1,3",162,17,[NULL]
2,"0,2,671,1,3",162,17,[NULL]
3,"0,5,676,1,1",162,17,[NULL]
4,"881,1,0",162,17,[NULL]
0,519,163,16,[NULL]
1,518,163,16,[NULL]
2,"694,1,3",163,16,[NULL]
3,"732,1,1",163,16,[NULL]
4,"2,1,824,1,0",163,16,[NULL]
0,521,164,15,[NULL]
1,520,164,15,[NULL]
2,"92,1,209,1,0",164,15,[NULL]
0,"0,3,500",165,14,[NULL]
1,"882,1,0",165,14,[NULL]
2,"8,1,18,1,333,1,0",165,14,[NULL]
3,"1,2,826,1,0",165,14,[NULL]
0,523,166,13,[NULL]
1,522,166,13,[NULL]
2,"3,2,544,1,3",166,13,[NULL]
3,"0,2,676,1,2",166,13,[NULL]
4,"0,7,18,1,324,1,1",166,13,[NULL]
5,"8,1,19,1,324,1,0",166,13,[NULL]
6,"1,1,860,1,0",166,13,[NULL]
0,"69,1,120",167,12,[NULL]
1,"0,1,7,2,352,1,3",167,12,[NULL]
2,"7,1,546,1,2",167,12,[NULL]
3,"883,1,0",167,12,[NULL]
4,"8,1,20,1,324,1,0",167,12,[NULL]
0,"18,1,366,1,3",168,11,[NULL]
1,"0,1,18,1,352,1,3",168,11,[NULL]
2,"0,2,676,1,3",168,11,[NULL]
3,"696,1,2",168,11,[NULL]
4,"884,1,0",168,11,[NULL]
5,"45,1,324,1,0",168,11,[NULL]
0,"18,1,367,1,3",169,10,[NULL]
1,"8,2,324,1,3",169,10,[NULL]
2,"7,1,546,1,3",169,10,[NULL]
3,"1,1,676,1,3",169,10,[NULL]
4,"0,1,684,1,3",169,10,[NULL]
5,"698,1,2",169,10,[NULL]
6,"23,1,324,1,2",169,10,[NULL]
7,"46,1,324,1,0",169,10,[NULL]
0,"0,1,7,1,446,1,5",170,9,[NULL]
1,"696,1,3",170,9,[NULL]
2,"695,1,3",170,9,[NULL]
3,"22,1,324,1,3",170,9,[NULL]
4,"0,4,18,1,324,1,2",170,9,[NULL]
0,"698,1,3",171,8,[NULL]
1,"23,1,324,1,3",171,8,[NULL]
2,"18,1,368,1,3",171,8,[NULL]
3,"885,1,0",171,8,[NULL]
0,"0,1,515",172,7,[NULL]
1,"324,1,11",172,7,[NULL]
2,"699,1,3",172,7,[NULL]
3,"0,4,18,1,324,1,3",172,7,[NULL]
4,"0,1,8,1,18,1,324,1,0",172,7,[NULL]
5,"0,3,849,1,0",172,7,[NULL]
0,524,173,6,[NULL]
1,"18,1,263",173,6,[NULL]
2,"2,1,18,1,324,1,2",173,6,[NULL]
3,"0,3,850,1,0",173,6,[NULL]
0,"324,1,12",174,5,[NULL]
1,"1,2,18,1,324,1,3",174,5,[NULL]
0,"2,1,18,1,324,1,3",175,4,[NULL]
0,"0,180,0",0,180,[NULL]
0,"0,168,1",8,172,[NULL]
0,"0,165,2",12,168,[NULL]
0,"0,165,3",14,166,[NULL]
0,"0,9,606,1,2",123,57,[NULL]
0,"8,1,661,1,0",124,56,[NULL]
0,"0,9,606,1,3",125,55,[NULL]
1,"16,1,554,1,0",125,55,[NULL]
0,"17,1,554,1,0",126,54,[NULL]
0,"700,1,3",127,53,[NULL]
1,"886,1,0",127,53,[NULL]
2,"0,52,324,1,0",127,53,[NULL]
0,"701,1,3",128,52,[NULL]
1,"8,3,295,1,0",128,52,[NULL]
0,"0,6,635,1,2",129,51,[NULL]
1,"8,3,296,1,0",129,51,[NULL]
0,"8,1,16,1,17,1,183,1,0",130,50,[NULL]
0,"8,2,325,1,3",131,49,[NULL]
1,"0,6,635,1,3",131,49,[NULL]
2,"8,2,498,1,0",131,49,[NULL]
0,"8,2,326,1,3",132,48,[NULL]
1,"0,6,636,1,3",132,48,[NULL]
2,"8,5,145,1,0",132,48,[NULL]
0,"8,1,17,1,253,1,3",133,47,[NULL]
1,"8,4,16,1,111,1,0",133,47,[NULL]
0,"8,1,528,1,3",134,46,[NULL]
1,"0,4,686,1,1",134,46,[NULL]
2,"8,1,662,1,0",134,46,[NULL]
3,"8,4,17,1,111,1,0",134,46,[NULL]
4,"1,1,5,1,685,1,0",134,46,[NULL]
0,"8,4,152,1,3",135,45,[NULL]
1,"0,40,324,1,1",135,45,[NULL]
2,"8,1,663,1,0",135,45,[NULL]
3,"8,4,211,1,0",135,45,[NULL]
4,"0,1,871,1,0",135,45,[NULL]
0,"8,4,153,1,3",136,44,[NULL]
1,"0,1,685,1,2",136,44,[NULL]
2,"17,1,556,1,0",136,44,[NULL]
3,"8,7,49,1,0",136,44,[NULL]
0,"16,1,402,1,3",137,43,[NULL]
1,"8,3,17,1,117,1,3",137,43,[NULL]
2,"17,1,403,1,2",137,43,[NULL]
3,"8,7,50,1,0",137,43,[NULL]
4,"0,1,872,1,0",137,43,[NULL]
0,"16,1,403,1,3",138,42,[NULL]
1,"8,3,223,1,3",138,42,[NULL]
2,"0,1,685,1,3",138,42,[NULL]
3,"0,1,686,1,2",138,42,[NULL]
4,"8,3,297,1,0",138,42,[NULL]
5,"8,5,16,1,17,2,0",138,42,[NULL]
0,"17,1,403,1,3",139,41,[NULL]
1,"8,6,55,1,3",139,41,[NULL]
2,"0,37,324,1,2",139,41,[NULL]
3,"8,3,298,1,0",139,41,[NULL]
4,"8,6,88,1,0",139,41,[NULL]
0,"8,6,56,1,3",140,40,[NULL]
1,"0,1,686,1,3",140,40,[NULL]
2,"8,2,17,1,238,1,0",140,40,[NULL]
3,"8,10,0",140,40,[NULL]
0,"8,3,224,1,3",141,39,[NULL]
1,"8,5,17,1,40,1,3",141,39,[NULL]
2,"0,37,324,1,3",141,39,[NULL]
3,"0,1,725,1,1",141,39,[NULL]
4,"8,1,17,2,185,1,0",141,39,[NULL]
5,"8,8,22,1,0",141,39,[NULL]
6,"0,6,807,1,0",141,39,[NULL]
0,525,142,38,[NULL]
1,"8,3,225,1,3",142,38,[NULL]
2,"8,5,100,1,3",142,38,[NULL]
3,"8,5,146,1,0",142,38,[NULL]
4,"8,8,23,1,0",142,38,[NULL]
5,"0,7,795,1,0",142,38,[NULL]
0,"8,1,16,1,17,1,138,1,3",143,37,[NULL]
1,"8,8,9,1,3",143,37,[NULL]
2,"8,5,147,1,0",143,37,[NULL]
3,"8,7,51,1,0",143,37,[NULL]
0,"8,1,17,2,138,1,3",144,36,[NULL]
1,"8,7,29,1,3",144,36,[NULL]
2,"16,1,64,1,137,1,0",144,36,[NULL]
3,"8,4,17,1,113,1,0",144,36,[NULL]
4,"8,6,13,3,0",144,36,[NULL]
0,"8,4,16,1,64,1,3",145,35,[NULL]
1,"8,6,9,1,23,1,3",145,35,[NULL]
2,"16,1,64,1,138,1,0",145,35,[NULL]
3,"8,3,17,1,162,1,0",145,35,[NULL]
4,"8,5,13,2,32,1,0",145,35,[NULL]
5,"0,1,64,1,244,1,0",145,35,[NULL]
6,"0,1,8,2,491,1,0",145,35,[NULL]
0,"8,4,17,1,64,1,3",146,34,[NULL]
1,"8,5,9,1,51,1,3",146,34,[NULL]
2,"8,1,664,1,0",146,34,[NULL]
3,"8,4,13,3,23,1,0",146,34,[NULL]
4,"8,6,89,1,0",146,34,[NULL]
5,"0,1,138,1,149,1,0",146,34,[NULL]
6,"0,1,16,1,17,1,260,1,0",146,34,[NULL]
0,"64,1,184,1,3",147,33,[NULL]
1,"8,4,154,1,3",147,33,[NULL]
2,"8,4,9,1,13,3,3",147,33,[NULL]
3,"8,1,665,1,0",147,33,[NULL]
4,"8,3,13,3,51,1,0",147,33,[NULL]
5,"8,5,9,1,80,1,0",147,33,[NULL]
0,"64,1,185,1,3",148,32,[NULL]
1,"8,3,42,1,64,1,3",148,32,[NULL]
2,"8,3,9,1,13,2,32,1,3",148,32,[NULL]
3,"0,1,8,1,516,1,3",148,32,[NULL]
4,"8,2,13,6,0",148,32,[NULL]
5,"8,3,64,2,0",148,32,[NULL]
6,"8,4,23,1,89,1,0",148,32,[NULL]
7,"0,1,64,1,246,1,0",148,32,[NULL]
0,"8,1,529,1,3",149,31,[NULL]
1,"8,2,9,1,13,3,23,1,3",149,31,[NULL]
2,"8,5,101,1,3",149,31,[NULL]
3,"0,1,17,1,380,1,3",149,31,[NULL]
4,"8,1,13,5,32,1,0",149,31,[NULL]
5,"8,3,299,1,0",149,31,[NULL]
6,"8,3,9,1,23,1,80,1,0",149,31,[NULL]
7,"0,2,862,1,0",149,31,[NULL]
0,"17,1,404,1,3",150,30,[NULL]
1,"8,1,9,1,13,3,51,1,3",150,30,[NULL]
2,"8,4,13,1,80,1,3",150,30,[NULL]
3,"0,5,642,1,3",150,30,[NULL]
4,"13,6,23,1,0",150,30,[NULL]
5,"8,2,499,1,0",150,30,[NULL]
6,"8,2,9,1,13,2,101,1,0",150,30,[NULL]
7,"1,1,862,1,0",150,30,[NULL]
0,"9,1,13,6,3",151,29,[NULL]
1,"8,2,64,1,72,1,3",151,29,[NULL]
2,"8,3,23,1,101,1,3",151,29,[NULL]
3,"0,4,654,1,3",151,29,[NULL]
4,"8,1,13,1,435,1,0",151,29,[NULL]
5,"8,1,9,1,13,3,80,1,0",151,29,[NULL]
0,"8,2,327,1,3",152,28,[NULL]
1,"8,2,13,1,23,1,80,1,3",152,28,[NULL]
2,"0,7,627,1,3",152,28,[NULL]
3,"9,1,13,2,23,1,101,1,0",152,28,[NULL]
4,"8,4,212,1,0",152,28,[NULL]
0,"13,3,51,1,17",153,27,[NULL]
1,"8,1,17,1,255,1,3",153,27,[NULL]
2,"8,1,13,3,101,1,3",153,27,[NULL]
3,"0,5,645,1,3",153,27,[NULL]
4,"0,5,644,1,3",153,27,[NULL]
5,"8,3,13,1,188,1,0",153,27,[NULL]
0,"13,4,80,1,3",154,26,[NULL]
1,"8,1,530,1,3",154,26,[NULL]
2,"0,5,646,1,3",154,26,[NULL]
3,"64,1,254,1,0",154,26,[NULL]
4,"8,2,13,1,267,1,0",154,26,[NULL]
0,"260,1,25",155,25,[NULL]
1,"8,2,9,1,212,1,3",155,25,[NULL]
2,"64,1,187,1,2",155,25,[NULL]
3,"64,1,255,1,0",155,25,[NULL]
4,"13,2,357,1,0",155,25,[NULL]
5,"8,1,13,1,23,1,188,1,0",155,25,[NULL]
6,"0,1,8,1,655,1,0",155,25,[NULL]
0,"8,1,9,1,13,1,188,1,3",156,24,[NULL]
1,"64,1,188,1,2",156,24,[NULL]
2,"13,3,212,1,0",156,24,[NULL]
3,"8,1,667,1,0",156,24,[NULL]
4,"0,1,875,1,0",156,24,[NULL]
5,"0,1,874,1,0",156,24,[NULL]
0,"64,1,187,1,3",157,23,[NULL]
1,"9,1,13,1,267,1,3",157,23,[NULL]
2,"703,1,2",157,23,[NULL]
3,"887,1,0",157,23,[NULL]
4,"8,1,668,1,0",157,23,[NULL]
5,"0,1,876,1,0",157,23,[NULL]
6,"0,12,743,1,0",157,23,[NULL]
0,526,158,22,[NULL]
1,"1,1,510",158,22,[NULL]
2,"702,1,3",158,22,[NULL]
3,"64,1,188,1,3",158,22,[NULL]
4,"13,1,472,1,3",158,22,[NULL]
5,"0,1,690,1,3",158,22,[NULL]
6,"706,1,2",158,22,[NULL]
7,"9,1,640,1,0",158,22,[NULL]
8,"0,4,836,1,0",158,22,[NULL]
0,527,159,21,[NULL]
1,"209,1,38",159,21,[NULL]
2,"13,1,188,1,17",159,21,[NULL]
3,"704,1,3",159,21,[NULL]
4,"703,1,3",159,21,[NULL]
5,"0,1,693,1,2",159,21,[NULL]
6,"13,3,213,1,0",159,21,[NULL]
0,528,160,20,[NULL]
1,"706,1,3",160,20,[NULL]
2,"705,1,3",160,20,[NULL]
3,"0,1,879,1,0",160,20,[NULL]
0,"0,1,693,1,3",161,19,[NULL]
1,"0,3,17,1,367,1,3",161,19,[NULL]
2,"1,1,865,1,0",161,19,[NULL]
3,"1,1,44,1,324,1,0",161,19,[NULL]
4,"0,1,880,1,0",161,19,[NULL]
0,"1,1,512",162,18,[NULL]
1,"13,1,474,1,3",162,18,[NULL]
2,"8,2,333,1,3",162,18,[NULL]
3,"0,3,671,1,3",162,18,[NULL]
4,"47,1,324,1,0",162,18,[NULL]
5,"7,1,692,1,0",162,18,[NULL]
0,529,163,17,[NULL]
1,"707,1,3",163,17,[NULL]
2,"8,1,534,1,3",163,17,[NULL]
0,531,164,16,[NULL]
1,530,164,16,[NULL]
2,"0,1,520",164,16,[NULL]
3,"708,1,3",164,16,[NULL]
4,"17,1,415,1,3",164,16,[NULL]
0,533,165,15,[NULL]
1,532,165,15,[NULL]
2,"710,1,3",165,15,[NULL]
3,"709,1,3",165,15,[NULL]
4,"1,1,683,1,3",165,15,[NULL]
5,"743,1,1",165,15,[NULL]
6,"1,1,868,1,0",165,15,[NULL]
0,534,166,14,[NULL]
1,"0,1,522",166,14,[NULL]
2,"239,1,29",166,14,[NULL]
3,"9,1,504,1,3",166,14,[NULL]
4,"1,1,21,1,324,1,3",166,14,[NULL]
5,"0,3,676,1,2",166,14,[NULL]
6,"0,8,18,1,324,1,1",166,14,[NULL]
7,"0,1,8,1,19,1,324,1,0",166,14,[NULL]
0,535,167,13,[NULL]
1,"43,1,189",167,13,[NULL]
2,"711,1,3",167,13,[NULL]
3,"0,1,883,1,0",167,13,[NULL]
4,"0,1,8,1,20,1,324,1,0",167,13,[NULL]
0,536,168,12,[NULL]
1,"712,1,3",168,12,[NULL]
2,"0,1,18,1,366,1,3",168,12,[NULL]
3,"0,3,676,1,3",168,12,[NULL]
4,"0,1,696,1,2",168,12,[NULL]
5,"0,1,45,1,324,1,0",168,12,[NULL]
0,537,169,11,[NULL]
1,"18,1,373,1,3",169,11,[NULL]
2,"0,1,18,1,367,1,3",169,11,[NULL]
3,"0,1,8,2,324,1,3",169,11,[NULL]
4,"0,1,7,1,546,1,3",169,11,[NULL]
5,"0,2,684,1,3",169,11,[NULL]
6,"0,1,23,1,324,1,2",169,11,[NULL]
0,538,170,10,[NULL]
1,"1,1,684,1,3",170,10,[NULL]
2,"0,1,696,1,3",170,10,[NULL]
3,"0,1,22,1,324,1,3",170,10,[NULL]
4,"0,5,18,1,324,1,2",170,10,[NULL]
0,539,171,9,[NULL]
1,"7,2,269",171,9,[NULL]
2,"0,1,698,1,3",171,9,[NULL]
3,"0,1,23,1,324,1,3",171,9,[NULL]
4,"0,1,885,1,0",171,9,[NULL]
0,"7,2,271",172,8,[NULL]
1,"0,1,324,1,11",172,8,[NULL]
2,"1,2,660,1,3",172,8,[NULL]
3,"0,1,699,1,3",172,8,[NULL]
4,"0,5,18,1,324,1,3",172,8,[NULL]
5,"888,1,0",172,8,[NULL]
6,"0,4,849,1,0",172,8,[NULL]
0,"7,2,274",173,7,[NULL]
1,"18,1,378,1,3",173,7,[NULL]
2,"2,1,660,1,3",173,7,[NULL]
3,"1,1,8,1,18,1,324,1,0",173,7,[NULL]
4,"0,4,850,1,0",173,7,[NULL]
0,540,174,6,[NULL]
1,"324,1,13",174,6,[NULL]
2,"26,1,324,1,3",174,6,[NULL]
3,"1,2,849,1,0",174,6,[NULL]
0,"0,1,2,1,18,1,324,1,3",175,5,[NULL]
1,"1,2,850,1,0",175,5,[NULL]
0,"2,1,850,1,0",176,4,[NULL]
0,"324,1,14",177,3,[NULL]
0,"0,181,0",0,181,[NULL]
0,"0,169,1",8,173,[NULL]
0,"0,166,2",12,169,[NULL]
0,"0,166,3",14,167,[NULL]
0,"1,1,870,1,0",121,60,[NULL]
0,"0,10,606,1,2",123,58,[NULL]
0,"0,1,8,1,661,1,0",124,57,[NULL]
0,"0,10,606,1,3",125,56,[NULL]
1,"0,1,16,1,554,1,0",125,56,[NULL]
0,"0,1,17,1,554,1,0",126,55,[NULL]
0,"0,1,700,1,3",127,54,[NULL]
1,"0,53,324,1,0",127,54,[NULL]
0,"0,1,701,1,3",128,53,[NULL]
0,"0,7,635,1,3",131,50,[NULL]
0,"0,7,636,1,3",132,49,[NULL]
0,541,134,47,[NULL]
1,"0,5,686,1,1",134,47,[NULL]
2,"0,1,8,1,662,1,0",134,47,[NULL]
0,"0,41,324,1,1",135,46,[NULL]
1,"0,1,8,1,663,1,0",135,46,[NULL]
2,"0,2,871,1,0",135,46,[NULL]
0,"0,2,685,1,2",136,45,[NULL]
1,"0,1,17,1,556,1,0",136,45,[NULL]
0,"0,1,16,1,402,1,3",137,44,[NULL]
1,"0,1,17,1,403,1,2",137,44,[NULL]
0,"0,1,16,1,403,1,3",138,43,[NULL]
1,"0,2,685,1,3",138,43,[NULL]
2,"0,2,686,1,2",138,43,[NULL]
0,"1,1,685,1,3",139,42,[NULL]
1,"0,1,17,1,403,1,3",139,42,[NULL]
2,"0,38,324,1,2",139,42,[NULL]
0,"0,2,686,1,3",140,41,[NULL]
0,"452,1,8",141,40,[NULL]
1,"0,1,8,3,224,1,3",141,40,[NULL]
2,"0,38,324,1,3",141,40,[NULL]
3,"0,2,725,1,1",141,40,[NULL]
4,"0,7,807,1,0",141,40,[NULL]
0,"0,1,8,3,225,1,3",142,39,[NULL]
1,"752,1,1",142,39,[NULL]
2,"5,1,725,1,0",142,39,[NULL]
3,"0,8,795,1,0",142,39,[NULL]
0,"0,1,16,1,64,1,137,1,0",144,37,[NULL]
0,"0,2,64,1,244,1,0",145,36,[NULL]
1,"0,2,8,2,491,1,0",145,36,[NULL]
0,"1,1,64,1,244,1,0",146,35,[NULL]
1,"0,2,138,1,149,1,0",146,35,[NULL]
2,"0,2,16,1,17,1,260,1,0",146,35,[NULL]
0,"0,1,64,1,184,1,3",147,34,[NULL]
0,"0,1,64,1,185,1,3",148,33,[NULL]
1,"0,2,8,1,516,1,3",148,33,[NULL]
2,"0,2,64,1,246,1,0",148,33,[NULL]
0,"0,2,17,1,380,1,3",149,32,[NULL]
1,"1,1,59,1,260,1,0",149,32,[NULL]
0,542,150,31,[NULL]
1,"0,6,642,1,3",150,31,[NULL]
0,"0,5,654,1,3",151,30,[NULL]
1,"889,1,0",151,30,[NULL]
0,"0,8,627,1,3",152,29,[NULL]
1,"890,1,0",152,29,[NULL]
0,"0,6,644,1,3",153,28,[NULL]
1,"9,1,642,1,0",153,28,[NULL]
2,"1,1,5,1,64,1,187,1,0",153,28,[NULL]
0,"715,1,3",155,26,[NULL]
1,"0,1,64,1,187,1,2",155,26,[NULL]
2,"0,2,8,1,655,1,0",155,26,[NULL]
0,"0,1,64,1,188,1,2",156,25,[NULL]
1,"13,4,133,1,0",156,25,[NULL]
2,"0,2,875,1,0",156,25,[NULL]
3,"0,2,874,1,0",156,25,[NULL]
0,"293,1,18",157,24,[NULL]
1,"0,1,64,1,187,1,3",157,24,[NULL]
2,"0,1,703,1,2",157,24,[NULL]
3,"0,1,887,1,0",157,24,[NULL]
4,"0,13,743,1,0",157,24,[NULL]
0,"69,1,185,1,3",158,23,[NULL]
1,"0,1,702,1,3",158,23,[NULL]
2,"0,1,64,1,188,1,3",158,23,[NULL]
3,"0,2,690,1,3",158,23,[NULL]
4,"717,1,2",158,23,[NULL]
5,"0,1,706,1,2",158,23,[NULL]
6,"0,5,836,1,0",158,23,[NULL]
0,"0,1,527",159,22,[NULL]
1,"13,1,23,1,75,1,17",159,22,[NULL]
2,"3,1,627,1,3",159,22,[NULL]
3,"1,1,690,1,3",159,22,[NULL]
4,"0,1,703,1,3",159,22,[NULL]
5,"0,2,693,1,2",159,22,[NULL]
0,"717,1,3",160,21,[NULL]
1,"0,1,706,1,3",160,21,[NULL]
2,"2,1,857,1,0",160,21,[NULL]
0,"3,1,628,1,3",161,20,[NULL]
1,"0,2,693,1,3",161,20,[NULL]
2,"13,1,618,1,0",161,20,[NULL]
3,"0,2,880,1,0",161,20,[NULL]
0,"3,1,477",162,19,[NULL]
1,"1,1,693,1,3",162,19,[NULL]
2,"1,1,692,1,3",162,19,[NULL]
3,"0,1,8,2,333,1,3",162,19,[NULL]
4,"0,4,671,1,3",162,19,[NULL]
5,"13,1,619,1,0",162,19,[NULL]
6,"0,1,47,1,324,1,0",162,19,[NULL]
0,"8,2,338,1,3",163,18,[NULL]
1,"3,1,629,1,3",163,18,[NULL]
2,"0,1,707,1,3",163,18,[NULL]
3,"0,1,8,1,534,1,3",163,18,[NULL]
0,"3,1,479",164,17,[NULL]
1,"3,1,630,1,3",164,17,[NULL]
2,"0,1,708,1,3",164,17,[NULL]
3,"891,1,0",164,17,[NULL]
4,"13,2,373,1,0",164,17,[NULL]
0,543,165,16,[NULL]
1,"74,1,119",165,16,[NULL]
2,"67,1,190,1,3",165,16,[NULL]
3,"18,1,385,1,3",165,16,[NULL]
4,"0,1,743,1,1",165,16,[NULL]
5,"95,1,213,1,0",165,16,[NULL]
0,"67,1,191,1,3",166,15,[NULL]
1,"27,1,324,1,3",166,15,[NULL]
2,"0,4,676,1,2",166,15,[NULL]
3,"0,9,18,1,324,1,1",166,15,[NULL]
4,"0,2,8,1,19,1,324,1,0",166,15,[NULL]
0,545,167,14,[NULL]
1,544,167,14,[NULL]
2,"235,1,31",167,14,[NULL]
3,"0,2,8,1,20,1,324,1,0",167,14,[NULL]
0,547,168,13,[NULL]
1,546,168,13,[NULL]
2,"324,1,15",168,13,[NULL]
3,"0,2,18,1,366,1,3",168,13,[NULL]
4,"0,4,676,1,3",168,13,[NULL]
5,"0,2,696,1,2",168,13,[NULL]
0,548,169,12,[NULL]
1,"0,1,537",169,12,[NULL]
2,"719,1,3",169,12,[NULL]
3,"0,2,18,1,367,1,3",169,12,[NULL]
4,"0,2,8,2,324,1,3",169,12,[NULL]
5,"0,2,7,1,546,1,3",169,12,[NULL]
6,"0,2,23,1,324,1,2",169,12,[NULL]
0,550,170,11,[NULL]
1,549,170,11,[NULL]
2,"333,1,14",170,11,[NULL]
3,"0,2,696,1,3",170,11,[NULL]
4,"0,2,22,1,324,1,3",170,11,[NULL]
5,"0,6,18,1,324,1,2",170,11,[NULL]
0,551,171,10,[NULL]
1,"0,1,539",171,10,[NULL]
2,"2,1,508",171,10,[NULL]
3,"2,1,676,1,3",171,10,[NULL]
4,"0,2,698,1,3",171,10,[NULL]
5,"0,2,23,1,324,1,3",171,10,[NULL]
0,552,172,9,[NULL]
1,"2,1,324,1,10",172,9,[NULL]
2,"720,1,3",172,9,[NULL]
3,"7,2,398,1,3",172,9,[NULL]
4,"0,2,699,1,3",172,9,[NULL]
5,"0,6,18,1,324,1,3",172,9,[NULL]
6,"0,5,849,1,0",172,9,[NULL]
0,"163,1,56",173,8,[NULL]
1,"28,1,324,1,3",173,8,[NULL]
2,"0,1,2,1,660,1,3",173,8,[NULL]
3,"48,1,324,1,0",173,8,[NULL]
4,"0,5,850,1,0",173,8,[NULL]
0,"0,1,540",174,7,[NULL]
1,"1,1,524",174,7,[NULL]
2,"894,1,0",174,7,[NULL]
0,553,175,6,[NULL]
1,"0,2,2,1,18,1,324,1,3",175,6,[NULL]
2,"9,1,18,1,324,1,0",175,6,[NULL]
0,"324,1,16",176,5,[NULL]
1,"0,1,2,1,850,1,0",176,5,[NULL]
0,"0,1,324,1,14",177,4,[NULL]
0,"0,182,0",0,182,[NULL]
0,"0,170,1",8,174,[NULL]
0,"0,167,2",12,170,[NULL]
0,"0,167,3",14,168,[NULL]
0,"895,1,0",121,61,[NULL]
0,"0,11,606,1,2",123,59,[NULL]
0,"0,2,8,1,661,1,0",124,58,[NULL]
0,"0,11,606,1,3",125,57,[NULL]
1,"0,2,16,1,554,1,0",125,57,[NULL]
0,"721,1,3",126,56,[NULL]
0,"0,2,700,1,3",127,55,[NULL]
1,"0,54,324,1,0",127,55,[NULL]
0,"0,2,701,1,3",128,54,[NULL]
1,"1,1,886,1,0",128,54,[NULL]
0,"0,8,635,1,3",131,51,[NULL]
0,"0,8,636,1,3",132,50,[NULL]
0,"0,6,686,1,1",134,48,[NULL]
1,"0,2,8,1,662,1,0",134,48,[NULL]
0,"0,42,324,1,1",135,47,[NULL]
1,"0,2,8,1,663,1,0",135,47,[NULL]
0,"0,3,685,1,2",136,46,[NULL]
0,"0,2,16,1,402,1,3",137,45,[NULL]
1,"0,2,17,1,403,1,2",137,45,[NULL]
0,"0,2,16,1,403,1,3",138,44,[NULL]
1,"0,3,685,1,3",138,44,[NULL]
2,"0,3,686,1,2",138,44,[NULL]
3,"8,1,685,1,0",138,44,[NULL]
0,"0,2,17,1,403,1,3",139,43,[NULL]
1,"0,39,324,1,2",139,43,[NULL]
2,"17,1,452,1,1",139,43,[NULL]
0,"0,3,686,1,3",140,42,[NULL]
1,"8,1,686,1,0",140,42,[NULL]
0,"722,1,3",141,41,[NULL]
1,"0,39,324,1,3",141,41,[NULL]
2,"8,1,687,1,0",141,41,[NULL]
3,"0,8,807,1,0",141,41,[NULL]
0,"0,2,8,3,225,1,3",142,40,[NULL]
1,"8,2,16,1,244,1,0",142,40,[NULL]
2,"0,9,795,1,0",142,40,[NULL]
0,"723,1,3",143,39,[NULL]
1,"8,2,17,1,244,1,0",143,39,[NULL]
0,"724,1,3",144,38,[NULL]
1,"896,1,0",144,38,[NULL]
2,"8,2,16,1,245,1,0",144,38,[NULL]
0,"8,2,343,1,3",145,37,[NULL]
1,"725,1,2",145,37,[NULL]
2,"8,3,315,1,0",145,37,[NULL]
0,"8,1,17,1,257,1,3",146,36,[NULL]
1,"8,5,149,1,0",146,36,[NULL]
0,"725,1,3",147,35,[NULL]
1,"8,2,344,1,3",147,35,[NULL]
2,"8,3,16,1,167,1,0",147,35,[NULL]
0,"8,2,345,1,3",148,34,[NULL]
1,"0,2,64,1,185,1,3",148,34,[NULL]
2,"64,1,257,1,0",148,34,[NULL]
3,"8,2,516,1,0",148,34,[NULL]
4,"8,4,218,1,0",148,34,[NULL]
0,554,149,33,[NULL]
1,"8,4,160,1,3",149,33,[NULL]
2,"138,1,160,1,0",149,33,[NULL]
3,"8,1,17,1,380,1,0",149,33,[NULL]
4,"8,4,219,1,0",149,33,[NULL]
0,"8,3,232,1,3",150,32,[NULL]
1,"17,2,278,1,0",150,32,[NULL]
2,"8,1,688,1,0",150,32,[NULL]
3,"8,3,13,1,194,1,0",150,32,[NULL]
0,"8,1,16,1,260,1,3",151,31,[NULL]
1,"8,3,233,1,3",151,31,[NULL]
2,"42,1,380,1,0",151,31,[NULL]
3,"8,1,689,1,0",151,31,[NULL]
4,"8,2,13,2,167,1,0",151,31,[NULL]
0,"8,1,17,1,260,1,3",152,30,[NULL]
1,"8,2,9,1,219,1,3",152,30,[NULL]
2,"8,1,13,2,248,1,0",152,30,[NULL]
3,"8,2,517,1,0",152,30,[NULL]
4,"8,3,316,1,0",152,30,[NULL]
0,"64,2,18",153,29,[NULL]
1,"726,1,3",153,29,[NULL]
2,"8,1,9,1,13,1,194,1,3",153,29,[NULL]
3,"13,3,219,1,0",153,29,[NULL]
4,"8,2,518,1,0",153,29,[NULL]
5,"8,2,9,1,292,1,0",153,29,[NULL]
0,"42,1,260,1,3",154,28,[NULL]
1,"9,1,13,2,167,1,3",154,28,[NULL]
2,"8,1,549,1,3",154,28,[NULL]
3,"64,1,260,1,0",154,28,[NULL]
4,"8,1,23,1,316,1,0",154,28,[NULL]
5,"8,3,318,1,0",154,28,[NULL]
0,"8,2,347,1,3",155,27,[NULL]
1,"8,2,346,1,3",155,27,[NULL]
2,"0,2,64,1,187,1,2",155,27,[NULL]
3,"897,1,0",155,27,[NULL]
4,"9,1,23,1,292,1,0",155,27,[NULL]
5,"8,2,9,1,293,1,0",155,27,[NULL]
0,"300,1,18",156,26,[NULL]
1,"13,1,194,1,17",156,26,[NULL]
2,"8,1,550,1,3",156,26,[NULL]
3,"8,1,13,1,292,1,3",156,26,[NULL]
4,"0,2,64,1,188,1,2",156,26,[NULL]
5,"8,3,9,1,209,1,0",156,26,[NULL]
0,"727,1,3",157,25,[NULL]
1,"23,1,346,1,3",157,25,[NULL]
2,"8,2,348,1,3",157,25,[NULL]
3,"0,2,64,1,187,1,3",157,25,[NULL]
4,"0,2,703,1,2",157,25,[NULL]
5,"898,1,0",157,25,[NULL]
6,"8,2,9,1,294,1,0",157,25,[NULL]
0,"8,2,350,1,3",158,24,[NULL]
1,"1,1,64,1,187,1,3",158,24,[NULL]
2,"0,2,702,1,3",158,24,[NULL]
3,"0,2,64,1,188,1,3",158,24,[NULL]
4,"0,1,717,1,2",158,24,[NULL]
5,"0,2,706,1,2",158,24,[NULL]
6,"64,1,209,1,1",158,24,[NULL]
7,"900,1,0",158,24,[NULL]
8,"899,1,0",158,24,[NULL]
9,"8,1,690,1,0",158,24,[NULL]
10,"8,1,9,1,13,1,261,1,0",158,24,[NULL]
11,"0,6,836,1,0",158,24,[NULL]
0,"586,1,6",159,23,[NULL]
1,"8,2,13,1,209,1,3",159,23,[NULL]
2,"0,1,3,1,627,1,3",159,23,[NULL]
3,"0,2,703,1,3",159,23,[NULL]
4,"0,3,693,1,2",159,23,[NULL]
5,"760,1,1",159,23,[NULL]
6,"903,1,0",159,23,[NULL]
7,"901,1,0",159,23,[NULL]
8,"9,1,13,1,423,1,0",159,23,[NULL]
0,"2,1,510",160,22,[NULL]
1,"347,1,12",160,22,[NULL]
2,"8,1,13,1,294,1,3",160,22,[NULL]
3,"0,1,717,1,3",160,22,[NULL]
4,"0,2,706,1,3",160,22,[NULL]
5,"64,1,261,1,0",160,22,[NULL]
0,"728,1,3",161,21,[NULL]
1,"13,2,261,1,3",161,21,[NULL]
2,"0,1,3,1,628,1,3",161,21,[NULL]
3,"0,3,693,1,3",161,21,[NULL]
4,"904,1,0",161,21,[NULL]
5,"8,1,692,1,0",161,21,[NULL]
0,"0,2,8,2,333,1,3",162,20,[NULL]
1,"0,5,671,1,3",162,20,[NULL]
2,"101,1,209,1,0",162,20,[NULL]
3,"13,1,629,1,0",162,20,[NULL]
4,"0,2,47,1,324,1,0",162,20,[NULL]
0,"729,1,3",163,19,[NULL]
1,"0,2,707,1,3",163,19,[NULL]
2,"0,2,8,1,534,1,3",163,19,[NULL]
3,"905,1,0",163,19,[NULL]
0,556,164,18,[NULL]
1,555,164,18,[NULL]
2,"18,1,281",164,18,[NULL]
3,"2,1,866,1,0",164,18,[NULL]
0,"629,1,5",165,17,[NULL]
1,"0,1,67,1,190,1,3",165,17,[NULL]
2,"0,2,743,1,1",165,17,[NULL]
3,"908,1,0",165,17,[NULL]
4,"907,1,0",165,17,[NULL]
5,"906,1,0",165,17,[NULL]
6,"49,1,324,1,0",165,17,[NULL]
0,557,166,16,[NULL]
1,"3,1,490",166,16,[NULL]
2,"3,1,489",166,16,[NULL]
3,"0,5,676,1,2",166,16,[NULL]
4,"0,10,18,1,324,1,1",166,16,[NULL]
5,"50,1,324,1,0",166,16,[NULL]
0,559,167,15,[NULL]
1,558,167,15,[NULL]
2,"733,1,2",167,15,[NULL]
3,"732,1,2",167,15,[NULL]
4,"910,1,0",167,15,[NULL]
0,560,168,14,[NULL]
1,"0,1,546",168,14,[NULL]
2,"67,1,131",168,14,[NULL]
3,"731,1,3",168,14,[NULL]
4,"730,1,3",168,14,[NULL]
5,"0,5,676,1,3",168,14,[NULL]
6,"0,3,696,1,2",168,14,[NULL]
7,"911,1,0",168,14,[NULL]
0,561,169,13,[NULL]
1,"0,2,537",169,13,[NULL]
2,"68,1,131",169,13,[NULL]
3,"733,1,3",169,13,[NULL]
4,"732,1,3",169,13,[NULL]
5,"0,1,719,1,3",169,13,[NULL]
6,"0,3,7,1,546,1,3",169,13,[NULL]
7,"0,3,23,1,324,1,2",169,13,[NULL]
8,"8,3,324,1,0",169,13,[NULL]
0,"0,1,550",170,12,[NULL]
1,"0,1,549",170,12,[NULL]
2,"734,1,3",170,12,[NULL]
3,"0,3,696,1,3",170,12,[NULL]
4,"0,7,18,1,324,1,2",170,12,[NULL]
5,"912,1,0",170,12,[NULL]
6,"8,1,696,1,0",170,12,[NULL]
7,"8,1,22,1,324,1,0",170,12,[NULL]
0,"0,1,551",171,11,[NULL]
1,"632,1,5",171,11,[NULL]
2,"18,1,414,1,3",171,11,[NULL]
3,"0,1,2,1,676,1,3",171,11,[NULL]
4,"0,3,23,1,324,1,3",171,11,[NULL]
5,"18,1,446,1,1",171,11,[NULL]
6,"18,1,563,1,0",171,11,[NULL]
7,"8,1,23,1,324,1,0",171,11,[NULL]
0,"633,1,5",172,10,[NULL]
1,"18,1,415,1,3",172,10,[NULL]
2,"8,1,9,1,324,1,3",172,10,[NULL]
3,"0,1,720,1,3",172,10,[NULL]
4,"0,7,18,1,324,1,3",172,10,[NULL]
5,"51,1,324,1,0",172,10,[NULL]
6,"0,6,849,1,0",172,10,[NULL]
0,562,173,9,[NULL]
1,"0,1,163,1,56",173,9,[NULL]
2,"29,1,324,1,3",173,9,[NULL]
3,"0,2,2,1,660,1,3",173,9,[NULL]
4,"0,6,850,1,0",173,9,[NULL]
0,"7,1,429",174,8,[NULL]
1,"163,1,59",174,8,[NULL]
2,"69,2,17",174,8,[NULL]
3,"0,1,894,1,0",174,8,[NULL]
0,563,175,7,[NULL]
1,"324,1,17",175,7,[NULL]
2,"340,1,14",175,7,[NULL]
3,"913,1,0",175,7,[NULL]
0,"914,1,0",176,6,[NULL]
1,"10,1,18,1,324,1,0",176,6,[NULL]
2,"0,2,2,1,850,1,0",176,6,[NULL]
0,"0,2,324,1,14",177,5,[NULL]
0,"0,183,0",0,183,[NULL]
0,"0,171,1",8,175,[NULL]
0,"0,168,2",12,171,[NULL]
0,"0,168,3",14,169,[NULL]
0,"8,1,700,1,0",127,56,[NULL]
1,"0,55,324,1,0",127,56,[NULL]
0,"8,1,701,1,0",128,55,[NULL]
0,"17,1,579,1,0",129,54,[NULL]
0,"8,1,553,1,3",130,53,[NULL]
1,"915,1,0",130,53,[NULL]
0,"8,1,554,1,3",131,52,[NULL]
1,"8,3,325,1,0",131,52,[NULL]
0,"8,3,326,1,0",132,51,[NULL]
0,"736,1,3",133,50,[NULL]
1,"916,1,0",133,50,[NULL]
2,"8,2,17,1,253,1,0",133,50,[NULL]
0,"8,3,236,1,3",134,49,[NULL]
1,"0,7,686,1,1",134,49,[NULL]
2,"917,1,0",134,49,[NULL]
3,"8,2,528,1,0",134,49,[NULL]
0,"276,1,25",135,48,[NULL]
1,"8,2,16,1,183,1,3",135,48,[NULL]
2,"0,43,324,1,1",135,48,[NULL]
3,"8,5,152,1,0",135,48,[NULL]
0,"8,2,17,1,183,1,3",136,47,[NULL]
1,"0,4,685,1,2",136,47,[NULL]
2,"8,5,153,1,0",136,47,[NULL]
0,"8,2,354,1,3",137,46,[NULL]
1,"0,3,17,1,403,1,2",137,46,[NULL]
2,"8,1,16,1,402,1,0",137,46,[NULL]
3,"8,4,17,1,117,1,0",137,46,[NULL]
0,"8,5,110,1,3",138,45,[NULL]
1,"0,4,685,1,3",138,45,[NULL]
2,"0,4,686,1,2",138,45,[NULL]
3,"8,1,16,1,403,1,0",138,45,[NULL]
4,"8,4,223,1,0",138,45,[NULL]
5,"0,1,8,1,685,1,0",138,45,[NULL]
0,"8,5,111,1,3",139,44,[NULL]
1,"0,3,17,1,403,1,3",139,44,[NULL]
2,"0,40,324,1,2",139,44,[NULL]
3,"0,1,17,1,452,1,1",139,44,[NULL]
4,"8,1,17,1,403,1,0",139,44,[NULL]
5,"8,7,55,1,0",139,44,[NULL]
0,"8,1,555,1,3",140,43,[NULL]
1,"8,3,16,1,17,1,50,1,3",140,43,[NULL]
2,"0,4,686,1,3",140,43,[NULL]
3,"17,2,225,1,1",140,43,[NULL]
4,"42,1,402,1,0",140,43,[NULL]
5,"8,7,56,1,0",140,43,[NULL]
0,"8,1,556,1,3",141,42,[NULL]
1,"8,4,161,1,3",141,42,[NULL]
2,"0,1,722,1,3",141,42,[NULL]
3,"0,40,324,1,3",141,42,[NULL]
4,"8,4,224,1,0",141,42,[NULL]
5,"8,6,17,1,40,1,0",141,42,[NULL]
6,"0,9,807,1,0",141,42,[NULL]
0,"17,1,433,1,3",142,41,[NULL]
1,"8,7,31,1,3",142,41,[NULL]
2,"8,4,225,1,0",142,41,[NULL]
3,"8,6,100,1,0",142,41,[NULL]
4,"0,10,795,1,0",142,41,[NULL]
0,"8,6,16,1,17,1,3",143,40,[NULL]
1,"8,2,16,1,17,1,138,1,0",143,40,[NULL]
2,"8,9,9,1,0",143,40,[NULL]
3,"1,1,5,1,725,1,0",143,40,[NULL]
0,"224,1,34",144,39,[NULL]
1,"8,3,237,1,3",144,39,[NULL]
2,"8,6,17,2,3",144,39,[NULL]
3,"8,2,17,2,138,1,0",144,39,[NULL]
4,"8,8,29,1,0",144,39,[NULL]
5,"0,1,896,1,0",144,39,[NULL]
0,"8,3,238,1,3",145,38,[NULL]
1,"8,6,60,1,3",145,38,[NULL]
2,"0,1,725,1,2",145,38,[NULL]
3,"918,1,0",145,38,[NULL]
4,"8,5,16,1,64,1,0",145,38,[NULL]
5,"8,7,9,1,23,1,0",145,38,[NULL]
0,"50,1,180",146,37,[NULL]
1,"8,2,17,1,185,1,3",146,37,[NULL]
2,"8,8,13,1,3",146,37,[NULL]
3,"8,5,17,1,64,1,0",146,37,[NULL]
4,"8,6,9,1,51,1,0",146,37,[NULL]
0,"8,1,17,2,147,1,3",147,36,[NULL]
1,"8,7,32,1,3",147,36,[NULL]
2,"0,1,725,1,3",147,36,[NULL]
3,"8,1,64,1,184,1,0",147,36,[NULL]
4,"8,5,154,1,0",147,36,[NULL]
5,"8,5,9,1,13,3,0",147,36,[NULL]
0,"8,5,112,1,3",148,35,[NULL]
1,"8,6,13,1,23,1,3",148,35,[NULL]
2,"8,1,64,1,185,1,0",148,35,[NULL]
3,"8,4,42,1,64,1,0",148,35,[NULL]
4,"8,4,9,1,13,2,32,1,0",148,35,[NULL]
5,"0,1,8,2,516,1,0",148,35,[NULL]
0,"8,5,113,1,3",149,34,[NULL]
1,"8,5,13,1,51,1,3",149,34,[NULL]
2,"8,2,529,1,0",149,34,[NULL]
3,"8,3,9,1,13,3,23,1,0",149,34,[NULL]
4,"8,6,101,1,0",149,34,[NULL]
5,"0,1,8,1,17,1,380,1,0",149,34,[NULL]
0,"8,1,64,1,137,1,3",150,33,[NULL]
1,"8,4,162,1,3",150,33,[NULL]
2,"8,4,13,4,3",150,33,[NULL]
3,"8,1,17,1,404,1,0",150,33,[NULL]
4,"8,2,9,1,13,3,51,1,0",150,33,[NULL]
5,"8,5,13,1,80,1,0",150,33,[NULL]
0,"27,1,244",151,32,[NULL]
1,"8,1,64,1,138,1,3",151,32,[NULL]
2,"8,3,23,1,113,1,3",151,32,[NULL]
3,"8,3,13,3,32,1,3",151,32,[NULL]
4,"0,1,8,1,16,1,260,1,3",151,32,[NULL]
5,"8,1,9,1,13,6,0",151,32,[NULL]
6,"8,3,64,1,72,1,0",151,32,[NULL]
7,"8,4,23,1,101,1,0",151,32,[NULL]
0,"8,1,557,1,3",152,31,[NULL]
1,"8,2,13,4,23,1,3",152,31,[NULL]
2,"8,4,9,1,101,1,3",152,31,[NULL]
3,"0,1,8,1,17,1,260,1,3",152,31,[NULL]
4,"9,1,13,5,32,1,0",152,31,[NULL]
5,"8,3,327,1,0",152,31,[NULL]
6,"8,3,13,1,23,1,80,1,0",152,31,[NULL]
0,"8,1,559,1,3",153,30,[NULL]
1,"8,1,13,4,51,1,3",153,30,[NULL]
2,"8,3,9,1,13,1,80,1,3",153,30,[NULL]
3,"8,2,17,1,255,1,0",153,30,[NULL]
4,"8,2,13,3,101,1,0",153,30,[NULL]
0,"13,7,3",154,29,[NULL]
1,"8,2,16,1,187,1,3",154,29,[NULL]
2,"8,2,9,1,23,1,101,1,3",154,29,[NULL]
3,"8,1,13,4,80,1,0",154,29,[NULL]
4,"8,2,530,1,0",154,29,[NULL]
5,"0,1,64,1,260,1,0",154,29,[NULL]
0,"64,1,137",155,28,[NULL]
1,"8,1,9,1,13,1,23,1,80,1,3",155,28,[NULL]
2,"8,2,16,1,188,1,3",155,28,[NULL]
3,"0,3,64,1,187,1,2",155,28,[NULL]
4,"13,3,23,1,101,1,0",155,28,[NULL]
5,"8,3,9,1,212,1,0",155,28,[NULL]
6,"0,1,897,1,0",155,28,[NULL]
0,"9,1,13,3,101,1,3",156,27,[NULL]
1,"8,2,17,1,188,1,3",156,27,[NULL]
2,"0,3,64,1,188,1,2",156,27,[NULL]
3,"921,1,0",156,27,[NULL]
4,"920,1,0",156,27,[NULL]
5,"919,1,0",156,27,[NULL]
6,"8,2,9,1,13,1,188,1,0",156,27,[NULL]
0,"13,3,32,1,33",157,26,[NULL]
1,"8,1,17,1,267,1,3",157,26,[NULL]
2,"0,3,64,1,187,1,3",157,26,[NULL]
3,"0,3,703,1,2",157,26,[NULL]
4,"8,1,64,1,187,1,0",157,26,[NULL]
5,"8,1,9,1,13,1,267,1,0",157,26,[NULL]
6,"0,1,898,1,0",157,26,[NULL]
0,"8,2,13,1,212,1,3",158,25,[NULL]
1,"0,3,64,1,188,1,3",158,25,[NULL]
2,"0,2,717,1,2",158,25,[NULL]
3,"0,3,706,1,2",158,25,[NULL]
4,"0,1,64,1,209,1,1",158,25,[NULL]
5,"9,1,13,1,23,1,188,1,0",158,25,[NULL]
6,"8,1,64,1,188,1,0",158,25,[NULL]
7,"0,1,8,1,690,1,0",158,25,[NULL]
8,"0,7,836,1,0",158,25,[NULL]
0,"8,1,13,2,188,1,3",159,24,[NULL]
1,"0,3,703,1,3",159,24,[NULL]
2,"0,1,760,1,1",159,24,[NULL]
3,"13,1,23,1,286,1,0",159,24,[NULL]
4,"8,1,704,1,0",159,24,[NULL]
5,"0,1,903,1,0",159,24,[NULL]
6,"0,1,901,1,0",159,24,[NULL]
0,"64,1,201,1,3",160,23,[NULL]
1,"13,2,267,1,3",160,23,[NULL]
2,"0,2,717,1,3",160,23,[NULL]
3,"0,3,706,1,3",160,23,[NULL]
4,"922,1,0",160,23,[NULL]
5,"8,1,705,1,0",160,23,[NULL]
6,"2,1,876,1,0",160,23,[NULL]
0,"72,1,188,1,3",161,22,[NULL]
1,"3,1,646,1,3",161,22,[NULL]
2,"2,1,690,1,3",161,22,[NULL]
3,"0,4,693,1,3",161,22,[NULL]
4,"13,1,640,1,0",161,22,[NULL]
0,"328,1,17",162,21,[NULL]
1,"739,1,3",162,21,[NULL]
2,"738,1,3",162,21,[NULL]
0,564,163,20,[NULL]
1,"3,1,493",163,20,[NULL]
2,"43,1,266,1,3",163,20,[NULL]
3,"64,1,269,1,0",163,20,[NULL]
4,"13,2,408,1,0",163,20,[NULL]
0,566,164,19,[NULL]
1,565,164,19,[NULL]
2,"43,1,267,1,3",164,19,[NULL]
0,567,165,18,[NULL]
1,"604,1,6",165,18,[NULL]
2,"3,1,648,1,3",165,18,[NULL]
3,"0,3,743,1,1",165,18,[NULL]
4,"0,1,49,1,324,1,0",165,18,[NULL]
0,568,166,17,[NULL]
1,"68,1,134",166,17,[NULL]
2,"331,1,17",166,17,[NULL]
3,"8,2,367,1,3",166,17,[NULL]
4,"3,1,650,1,3",166,17,[NULL]
5,"1,1,18,1,385,1,3",166,17,[NULL]
6,"0,6,676,1,2",166,17,[NULL]
7,"0,11,18,1,324,1,1",166,17,[NULL]
8,"923,1,0",166,17,[NULL]
9,"0,1,50,1,324,1,0",166,17,[NULL]
0,"0,1,558",167,16,[NULL]
1,"174,1,53",167,16,[NULL]
2,"311,1,20",167,16,[NULL]
3,"741,1,3",167,16,[NULL]
4,"740,1,3",167,16,[NULL]
5,"67,1,197,1,3",167,16,[NULL]
6,"8,1,562,1,3",167,16,[NULL]
7,"1,1,27,1,324,1,3",167,16,[NULL]
8,"0,1,732,1,2",167,16,[NULL]
0,"0,1,560",168,15,[NULL]
1,"314,1,20",168,15,[NULL]
2,"742,1,3",168,15,[NULL]
3,"30,1,324,1,3",168,15,[NULL]
4,"8,1,563,1,3",168,15,[NULL]
5,"0,1,731,1,3",168,15,[NULL]
6,"0,1,730,1,3",168,15,[NULL]
7,"0,6,676,1,3",168,15,[NULL]
8,"0,4,696,1,2",168,15,[NULL]
0,"1,1,546",169,14,[NULL]
1,"0,1,68,1,131",169,14,[NULL]
2,"3,1,652,1,3",169,14,[NULL]
3,"0,1,733,1,3",169,14,[NULL]
4,"0,1,732,1,3",169,14,[NULL]
5,"0,2,719,1,3",169,14,[NULL]
6,"743,1,2",169,14,[NULL]
7,"0,4,23,1,324,1,2",169,14,[NULL]
8,"0,1,8,3,324,1,0",169,14,[NULL]
0,"311,1,22",170,13,[NULL]
1,"1,1,719,1,3",170,13,[NULL]
2,"0,1,734,1,3",170,13,[NULL]
3,"0,4,696,1,3",170,13,[NULL]
4,"0,8,18,1,324,1,2",170,13,[NULL]
5,"924,1,0",170,13,[NULL]
6,"0,1,8,1,22,1,324,1,0",170,13,[NULL]
0,"69,1,134",171,12,[NULL]
1,"744,1,3",171,12,[NULL]
2,"743,1,3",171,12,[NULL]
3,"0,1,18,1,414,1,3",171,12,[NULL]
4,"0,4,23,1,324,1,3",171,12,[NULL]
0,"70,1,130",172,11,[NULL]
1,"746,1,3",172,11,[NULL]
2,"0,1,18,1,415,1,3",172,11,[NULL]
3,"0,1,8,1,9,1,324,1,3",172,11,[NULL]
4,"0,2,720,1,3",172,11,[NULL]
5,"0,8,18,1,324,1,3",172,11,[NULL]
6,"0,7,849,1,0",172,11,[NULL]
0,571,173,10,[NULL]
1,570,173,10,[NULL]
2,569,173,10,[NULL]
3,"352,1,14",173,10,[NULL]
4,"1,1,720,1,3",173,10,[NULL]
5,"0,1,29,1,324,1,3",173,10,[NULL]
6,"747,1,2",173,10,[NULL]
7,"925,1,0",173,10,[NULL]
8,"0,7,850,1,0",173,10,[NULL]
0,572,174,9,[NULL]
1,"2,1,698,1,3",174,9,[NULL]
2,"749,1,2",174,9,[NULL]
3,"12,1,18,1,324,1,0",174,9,[NULL]
4,"2,1,885,1,0",174,9,[NULL]
5,"1,1,48,1,324,1,0",174,9,[NULL]
6,"0,2,894,1,0",174,9,[NULL]
0,"0,1,563",175,8,[NULL]
1,"748,1,3",175,8,[NULL]
2,"747,1,3",175,8,[NULL]
3,"750,1,2",175,8,[NULL]
4,"53,1,324,1,0",175,8,[NULL]
5,"0,1,913,1,0",175,8,[NULL]
0,"2,1,524",176,7,[NULL]
1,"749,1,3",176,7,[NULL]
2,"751,1,2",176,7,[NULL]
3,"0,1,10,1,18,1,324,1,0",176,7,[NULL]
0,"750,1,3",177,6,[NULL]
1,"3,1,18,1,324,1,2",177,6,[NULL]
0,"751,1,3",178,5,[NULL]
1,"2,2,18,1,324,1,3",178,5,[NULL]
0,"3,1,18,1,324,1,3",179,4,[NULL]
0,"0,184,0",0,184,[NULL]
0,"0,172,1",8,176,[NULL]
0,"0,169,2",12,172,[NULL]
0,"0,169,3",14,170,[NULL]
0,"1,1,895,1,0",122,62,[NULL]
0,"926,1,0",123,61,[NULL]
0,"1,1,721,1,3",127,57,[NULL]
1,"0,1,8,1,700,1,0",127,57,[NULL]
2,"0,56,324,1,0",127,57,[NULL]
0,"0,1,8,1,701,1,0",128,56,[NULL]
0,"0,1,17,1,579,1,0",129,55,[NULL]
0,"0,1,8,1,553,1,3",130,54,[NULL]
0,"0,1,8,1,554,1,3",131,53,[NULL]
0,"0,1,916,1,0",133,51,[NULL]
0,"0,8,686,1,1",134,50,[NULL]
1,"0,1,917,1,0",134,50,[NULL]
0,"0,44,324,1,1",135,49,[NULL]
0,"0,5,685,1,2",136,48,[NULL]
0,"0,4,17,1,403,1,2",137,47,[NULL]
1,"0,1,8,1,16,1,402,1,0",137,47,[NULL]
0,"0,5,685,1,3",138,46,[NULL]
1,"0,5,686,1,2",138,46,[NULL]
2,"0,1,8,1,16,1,403,1,0",138,46,[NULL]
3,"0,2,8,1,685,1,0",138,46,[NULL]
0,"0,4,17,1,403,1,3",139,45,[NULL]
1,"0,41,324,1,2",139,45,[NULL]
2,"0,1,8,1,17,1,403,1,0",139,45,[NULL]
0,"0,1,8,1,555,1,3",140,44,[NULL]
1,"0,5,686,1,3",140,44,[NULL]
0,"0,1,8,1,556,1,3",141,43,[NULL]
1,"0,2,722,1,3",141,43,[NULL]
2,"0,41,324,1,3",141,43,[NULL]
3,"0,10,807,1,0",141,43,[NULL]
0,"0,1,17,1,433,1,3",142,42,[NULL]
1,"0,11,795,1,0",142,42,[NULL]
0,573,143,41,[NULL]
1,"402,1,10",143,41,[NULL]
0,"403,1,10",144,40,[NULL]
1,"0,2,896,1,0",144,40,[NULL]
0,"0,2,725,1,2",145,39,[NULL]
1,"0,1,918,1,0",145,39,[NULL]
0,"752,1,2",146,38,[NULL]
0,"244,1,30",147,37,[NULL]
1,"0,2,725,1,3",147,37,[NULL]
0,"752,1,3",148,36,[NULL]
1,"1,1,725,1,3",148,36,[NULL]
2,"0,2,8,2,516,1,0",148,36,[NULL]
0,"0,2,8,1,17,1,380,1,0",149,35,[NULL]
0,"491,1,8",150,34,[NULL]
1,"0,1,8,1,64,1,137,1,3",150,34,[NULL]
0,"0,1,8,1,64,1,138,1,3",151,33,[NULL]
1,"0,2,8,1,16,1,260,1,3",151,33,[NULL]
0,"5,1,64,1,149,1,3",152,32,[NULL]
1,"0,2,8,1,17,1,260,1,3",152,32,[NULL]
2,"149,2,0",152,32,[NULL]
0,"927,1,0",153,31,[NULL]
0,"347,1,15",154,30,[NULL]
1,"928,1,0",154,30,[NULL]
2,"0,2,64,1,260,1,0",154,30,[NULL]
0,"64,1,274,1,0",155,29,[NULL]
1,"8,1,715,1,0",155,29,[NULL]
2,"1,1,64,1,260,1,0",155,29,[NULL]
3,"0,2,897,1,0",155,29,[NULL]
0,"13,1,642,1,0",156,28,[NULL]
1,"0,1,921,1,0",156,28,[NULL]
2,"0,1,919,1,0",156,28,[NULL]
0,"753,1,3",157,27,[NULL]
1,"0,4,64,1,187,1,3",157,27,[NULL]
2,"0,4,703,1,2",157,27,[NULL]
3,"13,5,67,1,0",157,27,[NULL]
4,"0,2,898,1,0",157,27,[NULL]
0,"1,1,727,1,3",158,26,[NULL]
1,"0,4,64,1,188,1,3",158,26,[NULL]
2,"0,2,64,1,209,1,1",158,26,[NULL]
3,"1,1,898,1,0",158,26,[NULL]
4,"0,2,8,1,690,1,0",158,26,[NULL]
0,"0,4,703,1,3",159,25,[NULL]
1,"0,2,760,1,1",159,25,[NULL]
2,"5,1,64,1,209,1,0",159,25,[NULL]
3,"0,2,903,1,0",159,25,[NULL]
4,"0,2,901,1,0",159,25,[NULL]
0,"13,4,95,1,3",160,24,[NULL]
1,"4,1,627,1,3",160,24,[NULL]
2,"0,3,717,1,3",160,24,[NULL]
3,"0,4,706,1,3",160,24,[NULL]
4,"0,1,922,1,0",160,24,[NULL]
0,"8,1,69,1,138,1,3",161,23,[NULL]
1,"0,1,3,1,646,1,3",161,23,[NULL]
2,"0,1,2,1,690,1,3",161,23,[NULL]
3,"0,5,693,1,3",161,23,[NULL]
0,"754,1,3",162,22,[NULL]
1,"0,1,739,1,3",162,22,[NULL]
2,"67,1,266,1,0",162,22,[NULL]
3,"64,1,275,1,0",162,22,[NULL]
0,574,163,21,[NULL]
1,"2,1,528",163,21,[NULL]
2,"0,1,43,1,266,1,3",163,21,[NULL]
3,"930,1,0",163,21,[NULL]
4,"67,1,267,1,0",163,21,[NULL]
5,"13,2,417,1,0",163,21,[NULL]
0,"0,1,565",164,20,[NULL]
1,"1,1,729,1,3",164,20,[NULL]
2,"0,1,43,1,267,1,3",164,20,[NULL]
3,"68,1,267,1,0",164,20,[NULL]
0,575,165,19,[NULL]
1,"0,1,604,1,6",165,19,[NULL]
2,"8,2,69,1,80,1,3",165,19,[NULL]
3,"0,1,3,1,648,1,3",165,19,[NULL]
4,"0,4,743,1,1",165,19,[NULL]
5,"931,1,0",165,19,[NULL]
6,"0,2,49,1,324,1,0",165,19,[NULL]
0,577,166,18,[NULL]
1,576,166,18,[NULL]
2,"359,1,14",166,18,[NULL]
3,"75,1,188,1,3",166,18,[NULL]
4,"0,1,8,2,367,1,3",166,18,[NULL]
5,"0,1,3,1,650,1,3",166,18,[NULL]
6,"0,7,676,1,2",166,18,[NULL]
7,"9,1,13,1,450,1,0",166,18,[NULL]
8,"1,1,906,1,0",166,18,[NULL]
9,"1,1,49,1,324,1,0",166,18,[NULL]
10,"0,2,50,1,324,1,0",166,18,[NULL]
0,"0,1,741,1,3",167,17,[NULL]
1,"0,1,67,1,197,1,3",167,17,[NULL]
2,"0,2,732,1,2",167,17,[NULL]
3,"932,1,0",167,17,[NULL]
0,"650,1,5",168,16,[NULL]
1,"23,1,373,1,3",168,16,[NULL]
2,"0,1,30,1,324,1,3",168,16,[NULL]
3,"0,7,676,1,3",168,16,[NULL]
0,"1,1,560",169,15,[NULL]
1,"0,2,732,1,3",169,15,[NULL]
2,"0,1,743,1,2",169,15,[NULL]
3,"933,1,0",169,15,[NULL]
4,"0,2,8,3,324,1,0",169,15,[NULL]
0,579,170,14,[NULL]
1,578,170,14,[NULL]
2,"0,5,696,1,3",170,14,[NULL]
3,"0,9,18,1,324,1,2",170,14,[NULL]
4,"0,2,8,1,22,1,324,1,0",170,14,[NULL]
0,581,171,13,[NULL]
1,580,171,13,[NULL]
2,"0,1,743,1,3",171,13,[NULL]
3,"0,2,18,1,414,1,3",171,13,[NULL]
4,"0,5,23,1,324,1,3",171,13,[NULL]
5,"935,1,0",171,13,[NULL]
0,583,172,12,[NULL]
1,582,172,12,[NULL]
2,"755,1,3",172,12,[NULL]
3,"0,1,746,1,3",172,12,[NULL]
4,"0,2,18,1,415,1,3",172,12,[NULL]
5,"0,2,8,1,9,1,324,1,3",172,12,[NULL]
6,"0,9,18,1,324,1,3",172,12,[NULL]
7,"1,1,18,1,563,1,0",172,12,[NULL]
0,584,173,11,[NULL]
1,"0,1,569",173,11,[NULL]
2,"757,1,3",173,11,[NULL]
3,"756,1,3",173,11,[NULL]
4,"3,1,659,1,3",173,11,[NULL]
5,"0,2,29,1,324,1,3",173,11,[NULL]
6,"0,1,747,1,2",173,11,[NULL]
7,"938,1,0",173,11,[NULL]
0,587,174,10,[NULL]
1,586,174,10,[NULL]
2,585,174,10,[NULL]
3,"324,1,18",174,10,[NULL]
4,"0,1,749,1,2",174,10,[NULL]
0,589,175,9,[NULL]
1,588,175,9,[NULL]
2,"13,1,383",175,9,[NULL]
3,"18,1,306",175,9,[NULL]
4,"0,1,748,1,3",175,9,[NULL]
5,"0,1,747,1,3",175,9,[NULL]
6,"0,1,53,1,324,1,0",175,9,[NULL]
0,591,176,8,[NULL]
1,590,176,8,[NULL]
2,"324,1,19",176,8,[NULL]
3,"1,1,324,1,17",176,8,[NULL]
4,"2,2,660,1,3",176,8,[NULL]
5,"0,1,749,1,3",176,8,[NULL]
6,"0,1,751,1,2",176,8,[NULL]
0,"18,1,307",177,7,[NULL]
1,"324,1,20",177,7,[NULL]
2,"7,1,507,1,5",177,7,[NULL]
3,"0,1,750,1,3",177,7,[NULL]
4,"0,1,3,1,18,1,324,1,2",177,7,[NULL]
5,"54,1,324,1,0",177,7,[NULL]
0,592,178,6,[NULL]
1,"18,1,310",178,6,[NULL]
2,"7,1,508,1,5",178,6,[NULL]
3,"0,1,751,1,3",178,6,[NULL]
0,"324,1,21",179,5,[NULL]
1,"0,1,3,1,18,1,324,1,3",179,5,[NULL]
0,"324,1,22",180,4,[NULL]
1,"7,2,324,1,5",180,4,[NULL]
0,593,181,3,[NULL]
0,"0,185,0",0,185,[NULL]
0,"0,173,1",8,177,[NULL]
0,"0,170,2",12,173,[NULL]
0,"0,170,3",14,171,[NULL]
0,"0,1,926,1,0",123,62,[NULL]
0,"758,1,3",127,58,[NULL]
1,"0,2,8,1,700,1,0",127,58,[NULL]
2,"0,57,324,1,0",127,58,[NULL]
0,"0,2,8,1,701,1,0",128,57,[NULL]
0,594,129,56,[NULL]
0,"0,2,8,1,553,1,3",130,55,[NULL]
0,"0,2,8,1,554,1,3",131,54,[NULL]
0,"0,2,916,1,0",133,52,[NULL]
0,"0,9,686,1,1",134,51,[NULL]
1,"1,1,916,1,0",134,51,[NULL]
2,"0,2,917,1,0",134,51,[NULL]
0,"0,45,324,1,1",135,50,[NULL]
0,"0,6,685,1,2",136,49,[NULL]
0,"0,2,8,1,16,1,402,1,0",137,48,[NULL]
0,"0,6,685,1,3",138,47,[NULL]
1,"0,6,686,1,2",138,47,[NULL]
2,"0,2,8,1,16,1,403,1,0",138,47,[NULL]
0,"0,5,17,1,403,1,3",139,46,[NULL]
1,"0,42,324,1,2",139,46,[NULL]
0,"0,2,8,1,555,1,3",140,45,[NULL]
1,"0,6,686,1,3",140,45,[NULL]
0,"0,2,8,1,556,1,3",141,44,[NULL]
1,"0,42,324,1,3",141,44,[NULL]
2,"8,1,722,1,0",141,44,[NULL]
3,"1,1,42,1,402,1,0",141,44,[NULL]
4,"0,11,807,1,0",141,44,[NULL]
0,"17,1,595,1,0",142,43,[NULL]
1,"0,12,795,1,0",142,43,[NULL]
0,"17,1,452,1,2",143,42,[NULL]
1,"8,1,723,1,0",143,42,[NULL]
0,"0,1,403,1,10",144,41,[NULL]
1,"16,1,452,1,3",144,41,[NULL]
2,"8,1,724,1,0",144,41,[NULL]
0,"17,1,452,1,3",145,40,[NULL]
1,"0,3,725,1,2",145,40,[NULL]
2,"8,3,343,1,0",145,40,[NULL]
0,"49,1,245,1,3",146,39,[NULL]
1,"0,1,752,1,2",146,39,[NULL]
2,"8,2,17,1,257,1,0",146,39,[NULL]
0,"8,1,572,1,3",147,38,[NULL]
1,"0,3,725,1,3",147,38,[NULL]
2,"8,1,725,1,0",147,38,[NULL]
3,"8,3,344,1,0",147,38,[NULL]
0,"8,3,244,1,3",148,37,[NULL]
1,"0,1,752,1,3",148,37,[NULL]
2,"17,1,491,1,1",148,37,[NULL]
3,"8,3,345,1,0",148,37,[NULL]
0,595,149,36,[NULL]
1,"8,1,16,1,17,1,149,1,3",149,36,[NULL]
2,"8,5,160,1,0",149,36,[NULL]
0,"759,1,3",150,35,[NULL]
1,"8,3,245,1,3",150,35,[NULL]
2,"795,1,1",150,35,[NULL]
3,"939,1,0",150,35,[NULL]
4,"8,4,232,1,0",150,35,[NULL]
0,"8,3,247,1,3",151,34,[NULL]
1,"0,2,8,1,64,1,138,1,3",151,34,[NULL]
2,"16,1,64,1,149,1,0",151,34,[NULL]
3,"8,2,16,1,260,1,0",151,34,[NULL]
4,"8,4,233,1,0",151,34,[NULL]
0,"8,4,166,1,3",152,33,[NULL]
1,"16,1,598,1,0",152,33,[NULL]
2,"8,2,17,1,260,1,0",152,33,[NULL]
3,"8,3,9,1,219,1,0",152,33,[NULL]
4,"0,1,149,2,0",152,33,[NULL]
0,"8,4,167,1,3",153,32,[NULL]
1,"16,1,17,1,292,1,0",153,32,[NULL]
2,"8,1,726,1,0",153,32,[NULL]
3,"8,2,9,1,13,1,194,1,0",153,32,[NULL]
0,"64,1,206,1,3",154,31,[NULL]
1,"8,2,380,1,3",154,31,[NULL]
2,"8,3,248,1,3",154,31,[NULL]
3,"8,1,42,1,260,1,0",154,31,[NULL]
4,"8,1,9,1,13,2,167,1,0",154,31,[NULL]
5,"8,2,549,1,0",154,31,[NULL]
0,"113,1,149,1,3",155,30,[NULL]
1,"8,1,17,1,278,1,3",155,30,[NULL]
2,"8,2,13,1,219,1,3",155,30,[NULL]
3,"9,1,13,2,248,1,0",155,30,[NULL]
4,"8,3,347,1,0",155,30,[NULL]
5,"8,3,346,1,0",155,30,[NULL]
6,"0,1,64,1,274,1,0",155,30,[NULL]
0,"17,1,454,1,3",156,29,[NULL]
1,"8,1,573,1,3",156,29,[NULL]
2,"8,1,13,2,194,1,3",156,29,[NULL]
3,"8,2,550,1,0",156,29,[NULL]
4,"8,2,13,1,292,1,0",156,29,[NULL]
5,"0,2,921,1,0",156,29,[NULL]
6,"0,2,919,1,0",156,29,[NULL]
0,"42,1,278,1,3",157,28,[NULL]
1,"13,3,167,1,3",157,28,[NULL]
2,"8,1,574,1,3",157,28,[NULL]
3,"0,5,64,1,187,1,3",157,28,[NULL]
4,"64,1,278,1,0",157,28,[NULL]
5,"8,1,23,1,346,1,0",157,28,[NULL]
6,"8,3,348,1,0",157,28,[NULL]
7,"1,1,919,1,0",157,28,[NULL]
8,"0,3,898,1,0",157,28,[NULL]
0,"8,1,9,1,346,1,3",158,27,[NULL]
1,"8,2,382,1,3",158,27,[NULL]
2,"0,5,64,1,188,1,3",158,27,[NULL]
3,"940,1,0",158,27,[NULL]
4,"13,1,23,1,292,1,0",158,27,[NULL]
5,"8,3,350,1,0",158,27,[NULL]
0,"9,1,13,1,292,1,3",159,26,[NULL]
1,"8,2,383,1,3",159,26,[NULL]
2,"8,3,13,1,209,1,0",159,26,[NULL]
0,596,160,25,[NULL]
1,"248,1,33",160,25,[NULL]
2,"8,3,250,1,3",160,25,[NULL]
3,"0,5,706,1,3",160,25,[NULL]
4,"8,2,13,1,294,1,0",160,25,[NULL]
0,"8,2,384,1,3",161,24,[NULL]
1,"0,1,8,1,69,1,138,1,3",161,24,[NULL]
2,"0,2,3,1,646,1,3",161,24,[NULL]
3,"0,6,693,1,3",161,24,[NULL]
4,"64,1,279,1,0",161,24,[NULL]
5,"9,1,690,1,0",161,24,[NULL]
6,"8,1,13,2,261,1,0",161,24,[NULL]
0,"260,1,29",162,23,[NULL]
1,"8,1,9,1,13,1,209,1,3",162,23,[NULL]
2,"64,1,209,1,2",162,23,[NULL]
3,"941,1,0",162,23,[NULL]
4,"64,1,280,1,0",162,23,[NULL]
5,"13,2,423,1,0",162,23,[NULL]
6,"0,1,67,1,266,1,0",162,23,[NULL]
0,"9,1,13,1,294,1,3",163,22,[NULL]
1,"760,1,2",163,22,[NULL]
2,"8,1,729,1,0",163,22,[NULL]
3,"0,1,930,1,0",163,22,[NULL]
4,"0,1,67,1,267,1,0",163,22,[NULL]
0,"0,2,565",164,21,[NULL]
1,"64,1,209,1,3",164,21,[NULL]
2,"942,1,0",164,21,[NULL]
3,"9,1,692,1,0",164,21,[NULL]
0,"13,1,209,1,17",165,20,[NULL]
1,"760,1,3",165,20,[NULL]
2,"762,1,2",165,20,[NULL]
3,"0,5,743,1,1",165,20,[NULL]
4,"944,1,0",165,20,[NULL]
5,"943,1,0",165,20,[NULL]
0,"0,1,576",166,19,[NULL]
1,"209,1,43",166,19,[NULL]
2,"761,1,3",166,19,[NULL]
3,"763,1,2",166,19,[NULL]
4,"945,1,0",166,19,[NULL]
5,"0,3,50,1,324,1,0",166,19,[NULL]
0,"762,1,3",167,18,[NULL]
1,"0,3,732,1,2",167,18,[NULL]
2,"946,1,0",167,18,[NULL]
3,"0,1,932,1,0",167,18,[NULL]
0,597,168,17,[NULL]
1,"763,1,3",168,17,[NULL]
2,"3,1,669,1,3",168,17,[NULL]
3,"0,2,30,1,324,1,3",168,17,[NULL]
4,"0,8,676,1,3",168,17,[NULL]
5,"947,1,0",168,17,[NULL]
6,"55,1,324,1,0",168,17,[NULL]
0,"3,1,505",169,16,[NULL]
1,"251,1,33",169,16,[NULL]
2,"765,1,3",169,16,[NULL]
3,"764,1,3",169,16,[NULL]
4,"0,3,732,1,3",169,16,[NULL]
5,"0,2,743,1,2",169,16,[NULL]
6,"948,1,0",169,16,[NULL]
7,"56,1,324,1,0",169,16,[NULL]
0,598,170,15,[NULL]
1,"333,1,20",170,15,[NULL]
2,"767,1,3",170,15,[NULL]
3,"766,1,3",170,15,[NULL]
4,"67,1,203,1,3",170,15,[NULL]
5,"0,10,18,1,324,1,2",170,15,[NULL]
0,601,171,14,[NULL]
1,600,171,14,[NULL]
2,599,171,14,[NULL]
3,"68,1,203,1,3",171,14,[NULL]
4,"31,1,324,1,3",171,14,[NULL]
5,"3,1,673,1,3",171,14,[NULL]
6,"0,2,743,1,3",171,14,[NULL]
7,"949,1,0",171,14,[NULL]
8,"0,1,935,1,0",171,14,[NULL]
0,"74,1,131",172,13,[NULL]
1,"333,1,21",172,13,[NULL]
2,"69,1,75,1,17",172,13,[NULL]
3,"769,1,3",172,13,[NULL]
4,"3,1,674,1,3",172,13,[NULL]
5,"2,1,719,1,3",172,13,[NULL]
6,"1,1,744,1,3",172,13,[NULL]
7,"0,1,755,1,3",172,13,[NULL]
8,"0,10,18,1,324,1,3",172,13,[NULL]
9,"8,2,9,1,324,1,0",172,13,[NULL]
0,602,173,12,[NULL]
1,"0,1,584",173,12,[NULL]
2,"333,1,22",173,12,[NULL]
3,"770,1,3",173,12,[NULL]
4,"0,1,757,1,3",173,12,[NULL]
5,"0,1,756,1,3",173,12,[NULL]
6,"0,2,747,1,2",173,12,[NULL]
7,"8,1,29,1,324,1,0",173,12,[NULL]
8,"0,1,938,1,0",173,12,[NULL]
0,"0,1,587",174,11,[NULL]
1,"2,1,551",174,11,[NULL]
2,"373,1,14",174,11,[NULL]
3,"772,1,3",174,11,[NULL]
4,"771,1,3",174,11,[NULL]
5,"18,1,443,1,3",174,11,[NULL]
6,"0,2,749,1,2",174,11,[NULL]
7,"9,1,23,1,324,1,0",174,11,[NULL]
8,"1,1,925,1,0",174,11,[NULL]
0,"18,1,318",175,10,[NULL]
1,"18,1,445,1,3",175,10,[NULL]
2,"8,1,13,1,324,1,3",175,10,[NULL]
3,"0,2,747,1,3",175,10,[NULL]
4,"18,1,446,1,2",175,10,[NULL]
5,"0,2,53,1,324,1,0",175,10,[NULL]
0,"32,1,324,1,3",176,9,[NULL]
1,"0,2,749,1,3",176,9,[NULL]
2,"34,1,324,1,2",176,9,[NULL]
3,"0,2,751,1,2",176,9,[NULL]
4,"13,1,660,1,0",176,9,[NULL]
0,"0,1,324,1,20",177,8,[NULL]
1,"18,1,446,1,3",177,8,[NULL]
2,"1,1,749,1,3",177,8,[NULL]
3,"0,2,750,1,3",177,8,[NULL]
4,"0,2,3,1,18,1,324,1,2",177,8,[NULL]
5,"2,1,894,1,0",177,8,[NULL]
0,"0,1,592",178,7,[NULL]
1,"378,1,14",178,7,[NULL]
2,"0,1,7,1,508,1,5",178,7,[NULL]
3,"34,1,324,1,3",178,7,[NULL]
4,"0,2,751,1,3",178,7,[NULL]
0,"35,1,324,1,3",179,6,[NULL]
1,"1,1,751,1,3",179,6,[NULL]
2,"0,2,3,1,18,1,324,1,3",179,6,[NULL]
3,"57,1,324,1,0",179,6,[NULL]
0,603,180,5,[NULL]
1,"0,1,324,1,22",180,5,[NULL]
2,"1,1,3,1,18,1,324,1,3",180,5,[NULL]
0,"0,1,593",181,4,[NULL]
0,"0,186,0",0,186,[NULL]
0,"0,174,1",8,178,[NULL]
0,"0,171,2",12,174,[NULL]
0,"0,171,3",14,172,[NULL]
0,"0,2,926,1,0",123,63,[NULL]
0,"951,1,0",126,60,[NULL]
0,"804,1,1",127,59,[NULL]
1,"0,58,324,1,0",127,59,[NULL]
0,"8,2,553,1,0",130,56,[NULL]
0,"8,2,554,1,0",131,55,[NULL]
0,"16,1,17,1,296,1,0",132,54,[NULL]
0,"8,1,578,1,3",133,53,[NULL]
1,"8,1,736,1,0",133,53,[NULL]
0,"8,1,579,1,3",134,52,[NULL]
1,"8,4,236,1,0",134,52,[NULL]
2,"0,3,917,1,0",134,52,[NULL]
0,"17,1,470,1,3",135,51,[NULL]
1,"0,46,324,1,1",135,51,[NULL]
2,"8,3,16,1,183,1,0",135,51,[NULL]
0,"777,1,3",136,50,[NULL]
1,"952,1,0",136,50,[NULL]
2,"8,3,17,1,183,1,0",136,50,[NULL]
0,"8,3,252,1,3",137,49,[NULL]
1,"953,1,0",137,49,[NULL]
2,"8,3,354,1,0",137,49,[NULL]
0,"8,3,253,1,3",138,48,[NULL]
1,"0,7,686,1,2",138,48,[NULL]
2,"8,6,110,1,0",138,48,[NULL]
0,"8,2,17,1,200,1,3",139,47,[NULL]
1,"0,43,324,1,2",139,47,[NULL]
2,"8,6,111,1,0",139,47,[NULL]
0,"8,2,401,1,3",140,46,[NULL]
1,"0,7,686,1,3",140,46,[NULL]
2,"8,2,555,1,0",140,46,[NULL]
3,"8,4,16,1,17,1,50,1,0",140,46,[NULL]
0,604,141,45,[NULL]
1,"8,5,116,1,3",141,45,[NULL]
2,"0,43,324,1,3",141,45,[NULL]
3,"8,2,556,1,0",141,45,[NULL]
4,"8,5,161,1,0",141,45,[NULL]
5,"0,12,807,1,0",141,45,[NULL]
0,"8,5,117,1,3",142,44,[NULL]
1,"8,1,17,1,433,1,0",142,44,[NULL]
2,"8,8,31,1,0",142,44,[NULL]
3,"0,13,795,1,0",142,44,[NULL]
0,"8,2,402,1,3",143,43,[NULL]
1,"8,4,17,1,78,1,3",143,43,[NULL]
2,"0,1,17,1,452,1,2",143,43,[NULL]
3,"17,2,298,1,0",143,43,[NULL]
4,"8,7,16,1,17,1,0",143,43,[NULL]
0,"97,1,108",144,42,[NULL]
1,"8,2,403,1,3",144,42,[NULL]
2,"8,4,171,1,3",144,42,[NULL]
3,"0,1,16,1,452,1,3",144,42,[NULL]
4,"17,2,225,1,2",144,42,[NULL]
5,"8,4,237,1,0",144,42,[NULL]
6,"8,7,17,2,0",144,42,[NULL]
0,"16,1,17,1,225,1,3",145,41,[NULL]
1,"8,7,39,1,3",145,41,[NULL]
2,"0,1,17,1,452,1,3",145,41,[NULL]
3,"0,4,725,1,2",145,41,[NULL]
4,"8,4,238,1,0",145,41,[NULL]
5,"8,7,60,1,0",145,41,[NULL]
0,"59,1,224,1,3",146,40,[NULL]
1,"17,2,225,1,3",146,40,[NULL]
2,"8,7,40,1,3",146,40,[NULL]
3,"0,2,752,1,2",146,40,[NULL]
4,"64,1,224,1,1",146,40,[NULL]
5,"8,3,17,1,185,1,0",146,40,[NULL]
6,"8,9,13,1,0",146,40,[NULL]
0,"8,3,16,1,137,1,3",147,39,[NULL]
1,"8,6,17,1,20,1,3",147,39,[NULL]
2,"0,4,725,1,3",147,39,[NULL]
3,"64,1,225,1,1",147,39,[NULL]
4,"8,2,17,2,147,1,0",147,39,[NULL]
5,"8,8,32,1,0",147,39,[NULL]
6,"0,1,8,1,725,1,0",147,39,[NULL]
0,"452,1,9",148,38,[NULL]
1,"8,3,16,1,138,1,3",148,38,[NULL]
2,"8,6,63,1,3",148,38,[NULL]
3,"0,2,752,1,3",148,38,[NULL]
4,"0,1,17,1,491,1,1",148,38,[NULL]
5,"954,1,0",148,38,[NULL]
6,"8,6,112,1,0",148,38,[NULL]
7,"8,7,13,1,23,1,0",148,38,[NULL]
0,"8,3,17,1,138,1,3",149,37,[NULL]
1,"8,7,9,1,13,1,3",149,37,[NULL]
2,"809,1,1",149,37,[NULL]
3,"807,1,1",149,37,[NULL]
4,"955,1,0",149,37,[NULL]
5,"8,6,113,1,0",149,37,[NULL]
6,"8,6,13,1,51,1,0",149,37,[NULL]
0,"8,2,42,1,137,1,3",150,36,[NULL]
1,"8,6,9,1,32,1,3",150,36,[NULL]
2,"0,1,759,1,3",150,36,[NULL]
3,"0,1,795,1,1",150,36,[NULL]
4,"8,2,64,1,137,1,0",150,36,[NULL]
5,"8,5,162,1,0",150,36,[NULL]
6,"8,5,13,4,0",150,36,[NULL]
0,"778,1,3",151,35,[NULL]
1,"8,5,9,1,13,1,23,1,3",151,35,[NULL]
2,"8,6,64,1,3",151,35,[NULL]
3,"8,2,64,1,138,1,0",151,35,[NULL]
4,"8,4,23,1,113,1,0",151,35,[NULL]
5,"8,4,13,3,32,1,0",151,35,[NULL]
6,"0,1,8,2,16,1,260,1,0",151,35,[NULL]
0,"8,4,9,1,13,1,51,1,3",152,34,[NULL]
1,"8,5,118,1,3",152,34,[NULL]
2,"8,2,557,1,0",152,34,[NULL]
3,"8,3,13,4,23,1,0",152,34,[NULL]
4,"8,5,9,1,101,1,0",152,34,[NULL]
0,"8,1,64,1,146,1,3",153,33,[NULL]
1,"8,3,9,1,13,4,3",153,33,[NULL]
2,"8,4,17,1,80,1,3",153,33,[NULL]
3,"8,2,559,1,0",153,33,[NULL]
4,"8,2,13,4,51,1,0",153,33,[NULL]
5,"8,4,9,1,13,1,80,1,0",153,33,[NULL]
6,"1,1,149,2,0",153,33,[NULL]
0,"8,1,64,1,147,1,3",154,32,[NULL]
1,"8,2,9,1,13,3,32,1,3",154,32,[NULL]
2,"8,4,173,1,3",154,32,[NULL]
3,"0,1,8,2,380,1,3",154,32,[NULL]
4,"8,1,13,7,0",154,32,[NULL]
5,"8,3,16,1,187,1,0",154,32,[NULL]
6,"8,3,9,1,23,1,101,1,0",154,32,[NULL]
0,"8,1,9,1,13,4,23,1,3",155,31,[NULL]
1,"8,2,404,1,3",155,31,[NULL]
2,"8,4,13,1,101,1,3",155,31,[NULL]
3,"0,1,8,1,17,1,278,1,3",155,31,[NULL]
4,"13,6,32,1,0",155,31,[NULL]
5,"8,2,9,1,13,1,23,1,80,1,0",155,31,[NULL]
6,"8,3,16,1,188,1,0",155,31,[NULL]
7,"0,2,64,1,274,1,0",155,31,[NULL]
0,"9,1,13,4,51,1,3",156,30,[NULL]
1,"8,1,580,1,3",156,30,[NULL]
2,"8,3,13,2,80,1,3",156,30,[NULL]
3,"8,1,9,1,13,3,101,1,0",156,30,[NULL]
4,"8,3,17,1,188,1,0",156,30,[NULL]
5,"1,2,64,1,260,1,0",156,30,[NULL]
6,"0,3,919,1,0",156,30,[NULL]
0,605,157,29,[NULL]
1,"8,2,13,1,23,1,101,1,3",157,29,[NULL]
2,"8,3,254,1,3",157,29,[NULL]
3,"0,6,64,1,187,1,3",157,29,[NULL]
4,"9,1,13,4,80,1,0",157,29,[NULL]
5,"8,2,17,1,267,1,0",157,29,[NULL]
6,"0,1,64,1,278,1,0",157,29,[NULL]
7,"0,4,898,1,0",157,29,[NULL]
0,"13,4,23,1,17",158,28,[NULL]
1,"8,1,13,2,23,1,80,1,3",158,28,[NULL]
2,"8,3,255,1,3",158,28,[NULL]
3,"0,6,64,1,188,1,3",158,28,[NULL]
4,"956,1,0",158,28,[NULL]
5,"8,3,13,1,212,1,0",158,28,[NULL]
6,"0,1,940,1,0",158,28,[NULL]
0,"13,4,101,1,3",159,27,[NULL]
1,"8,2,20,1,188,1,3",159,27,[NULL]
2,"957,1,0",159,27,[NULL]
3,"8,2,13,2,188,1,0",159,27,[NULL]
4,"1,2,898,1,0",159,27,[NULL]
0,"8,1,20,1,267,1,3",160,26,[NULL]
1,"958,1,0",160,26,[NULL]
2,"13,1,23,1,303,1,0",160,26,[NULL]
3,"8,1,64,1,201,1,0",160,26,[NULL]
4,"8,1,13,2,267,1,0",160,26,[NULL]
5,"1,1,5,1,64,1,209,1,0",160,26,[NULL]
0,"8,1,9,1,13,1,212,1,3",161,25,[NULL]
1,"13,2,23,1,188,1,0",161,25,[NULL]
2,"8,1,72,1,188,1,0",161,25,[NULL]
3,"2,1,899,1,0",161,25,[NULL]
4,"0,1,9,1,690,1,0",161,25,[NULL]
0,"779,1,3",162,24,[NULL]
1,"9,1,13,2,188,1,3",162,24,[NULL]
2,"0,1,64,1,209,1,2",162,24,[NULL]
3,"8,1,738,1,0",162,24,[NULL]
4,"2,1,901,1,0",162,24,[NULL]
0,"64,1,212,1,3",163,23,[NULL]
1,"13,2,286,1,3",163,23,[NULL]
2,"0,1,760,1,2",163,23,[NULL]
3,"9,1,705,1,0",163,23,[NULL]
4,"0,2,930,1,0",163,23,[NULL]
0,"293,1,25",164,22,[NULL]
1,"13,1,212,1,17",164,22,[NULL]
2,"79,1,188,1,3",164,22,[NULL]
3,"8,1,582,1,3",164,22,[NULL]
4,"0,1,64,1,209,1,3",164,22,[NULL]
5,"780,1,2",164,22,[NULL]
6,"13,2,23,1,190,1,0",164,22,[NULL]
7,"1,1,930,1,0",164,22,[NULL]
0,"188,1,52",165,21,[NULL]
1,"80,1,188,1,3",165,21,[NULL]
2,"17,1,475,1,3",165,21,[NULL]
3,"0,1,760,1,3",165,21,[NULL]
4,"0,1,762,1,2",165,21,[NULL]
5,"0,6,743,1,1",165,21,[NULL]
6,"0,1,943,1,0",165,21,[NULL]
0,"0,2,576",166,20,[NULL]
1,"628,1,6",166,20,[NULL]
2,"780,1,3",166,20,[NULL]
3,"0,1,763,1,2",166,20,[NULL]
4,"959,1,0",166,20,[NULL]
5,"1,1,931,1,0",166,20,[NULL]
6,"0,4,50,1,324,1,0",166,20,[NULL]
0,606,167,19,[NULL]
1,"1,1,576",167,19,[NULL]
2,"43,1,285,1,3",167,19,[NULL]
3,"13,2,288,1,3",167,19,[NULL]
4,"3,2,604,1,3",167,19,[NULL]
5,"0,1,762,1,3",167,19,[NULL]
6,"960,1,0",167,19,[NULL]
0,"629,1,6",168,18,[NULL]
1,"8,2,414,1,3",168,18,[NULL]
2,"0,1,763,1,3",168,18,[NULL]
3,"0,1,3,1,669,1,3",168,18,[NULL]
4,"0,9,676,1,3",168,18,[NULL]
5,"1,1,932,1,0",168,18,[NULL]
6,"0,1,55,1,324,1,0",168,18,[NULL]
0,607,169,17,[NULL]
1,"630,1,6",169,17,[NULL]
2,"781,1,3",169,17,[NULL]
3,"8,2,415,1,3",169,17,[NULL]
4,"0,1,765,1,3",169,17,[NULL]
5,"0,1,764,1,3",169,17,[NULL]
6,"0,4,732,1,3",169,17,[NULL]
7,"0,3,743,1,2",169,17,[NULL]
8,"0,1,56,1,324,1,0",169,17,[NULL]
0,608,170,16,[NULL]
1,"335,1,21",170,16,[NULL]
2,"8,1,583,1,3",170,16,[NULL]
3,"0,1,766,1,3",170,16,[NULL]
4,"0,1,67,1,203,1,3",170,16,[NULL]
5,"0,11,18,1,324,1,2",170,16,[NULL]
6,"70,1,275,1,0",170,16,[NULL]
0,"92,1,119",171,15,[NULL]
1,"269,1,29",171,15,[NULL]
2,"336,1,21",171,15,[NULL]
3,"74,1,197,1,3",171,15,[NULL]
4,"9,1,563,1,3",171,15,[NULL]
5,"0,1,31,1,324,1,3",171,15,[NULL]
6,"0,1,3,1,673,1,3",171,15,[NULL]
7,"0,3,743,1,3",171,15,[NULL]
0,"412,1,12",172,14,[NULL]
1,"2,1,732,1,3",172,14,[NULL]
2,"0,1,2,1,719,1,3",172,14,[NULL]
3,"0,2,755,1,3",172,14,[NULL]
4,"0,11,18,1,324,1,3",172,14,[NULL]
5,"1,1,935,1,0",172,14,[NULL]
0,609,173,13,[NULL]
1,"0,1,602",173,13,[NULL]
2,"0,1,770,1,3",173,13,[NULL]
3,"0,2,757,1,3",173,13,[NULL]
4,"2,1,912,1,0",173,13,[NULL]
0,611,174,12,[NULL]
1,610,174,12,[NULL]
2,"0,2,587",174,12,[NULL]
3,"0,1,18,1,443,1,3",174,12,[NULL]
4,"18,1,591,1,0",174,12,[NULL]
5,"1,1,938,1,0",174,12,[NULL]
0,"1,1,324,1,18",175,11,[NULL]
1,"0,1,18,1,445,1,3",175,11,[NULL]
2,"0,1,8,1,13,1,324,1,3",175,11,[NULL]
3,"0,3,747,1,3",175,11,[NULL]
4,"0,1,18,1,446,1,2",175,11,[NULL]
5,"961,1,0",175,11,[NULL]
0,613,176,10,[NULL]
1,612,176,10,[NULL]
2,"782,1,3",176,10,[NULL]
3,"0,1,32,1,324,1,3",176,10,[NULL]
4,"0,3,749,1,3",176,10,[NULL]
5,"0,1,34,1,324,1,2",176,10,[NULL]
6,"0,3,751,1,2",176,10,[NULL]
0,615,177,9,[NULL]
1,614,177,9,[NULL]
2,"2,1,163,1,59",177,9,[NULL]
3,"0,2,324,1,20",177,9,[NULL]
4,"2,1,69,2,17",177,9,[NULL]
5,"676,1,5",177,9,[NULL]
6,"0,1,18,1,446,1,3",177,9,[NULL]
7,"0,3,750,1,3",177,9,[NULL]
8,"0,3,3,1,18,1,324,1,2",177,9,[NULL]
9,"0,1,2,1,894,1,0",177,9,[NULL]
0,618,178,8,[NULL]
1,617,178,8,[NULL]
2,616,178,8,[NULL]
3,"2,1,563",178,8,[NULL]
4,"2,1,324,1,17",178,8,[NULL]
5,"0,1,34,1,324,1,3",178,8,[NULL]
6,"0,3,751,1,3",178,8,[NULL]
7,"2,1,913,1,0",178,8,[NULL]
0,"1,1,592",179,7,[NULL]
1,"324,1,23",179,7,[NULL]
2,"0,3,3,1,18,1,324,1,3",179,7,[NULL]
3,"2,1,914,1,0",179,7,[NULL]
0,"18,1,336",180,6,[NULL]
1,"4,1,18,1,324,1,3",180,6,[NULL]
0,"0,2,593",181,5,[NULL]
1,"18,1,337",181,5,[NULL]
0,"1,1,593",182,4,[NULL]
1,"324,1,24",182,4,[NULL]
0,"0,187,0",0,187,[NULL]
0,"0,175,1",8,179,[NULL]
0,"0,172,2",12,175,[NULL]
0,"0,172,3",14,173,[NULL]
0,"0,1,951,1,0",126,61,[NULL]
0,"0,1,804,1,1",127,60,[NULL]
1,"0,59,324,1,0",127,60,[NULL]
0,"1,1,758,1,3",128,59,[NULL]
0,"783,1,3",129,58,[NULL]
0,"0,1,8,2,553,1,0",130,57,[NULL]
0,"0,1,8,2,554,1,0",131,56,[NULL]
0,"0,1,8,1,578,1,3",133,54,[NULL]
0,"0,1,8,1,579,1,3",134,53,[NULL]
1,"0,4,917,1,0",134,53,[NULL]
0,"0,47,324,1,1",135,52,[NULL]
1,"1,2,916,1,0",135,52,[NULL]
0,"0,1,952,1,0",136,51,[NULL]
0,"0,1,953,1,0",137,50,[NULL]
0,"0,8,686,1,2",138,49,[NULL]
0,"0,44,324,1,2",139,48,[NULL]
0,"0,8,686,1,3",140,47,[NULL]
1,"0,1,8,2,555,1,0",140,47,[NULL]
0,"0,44,324,1,3",141,46,[NULL]
1,"0,1,8,2,556,1,0",141,46,[NULL]
2,"0,13,807,1,0",141,46,[NULL]
0,"0,14,795,1,0",142,45,[NULL]
0,"0,1,8,2,402,1,3",143,44,[NULL]
1,"0,2,17,1,452,1,2",143,44,[NULL]
0,"0,1,8,2,403,1,3",144,43,[NULL]
1,"0,2,16,1,452,1,3",144,43,[NULL]
2,"0,1,17,2,225,1,2",144,43,[NULL]
0,"0,1,16,1,17,1,225,1,3",145,42,[NULL]
1,"0,2,17,1,452,1,3",145,42,[NULL]
2,"0,5,725,1,2",145,42,[NULL]
0,"0,1,17,2,225,1,3",146,41,[NULL]
1,"0,3,752,1,2",146,41,[NULL]
2,"0,1,64,1,224,1,1",146,41,[NULL]
0,"0,5,725,1,3",147,40,[NULL]
1,"0,1,64,1,225,1,1",147,40,[NULL]
2,"0,2,8,1,725,1,0",147,40,[NULL]
0,"0,3,752,1,3",148,39,[NULL]
1,"0,1,954,1,0",148,39,[NULL]
0,"0,1,807,1,1",149,38,[NULL]
0,"0,2,759,1,3",150,37,[NULL]
1,"0,2,795,1,1",150,37,[NULL]
0,"0,1,778,1,3",151,36,[NULL]
1,"1,1,939,1,0",151,36,[NULL]
0,619,153,34,[NULL]
0,620,154,33,[NULL]
1,"0,2,8,2,380,1,3",154,33,[NULL]
0,"0,2,8,1,17,1,278,1,3",155,32,[NULL]
1,"149,1,160,1,0",155,32,[NULL]
0,"260,1,30",156,31,[NULL]
1,"962,1,0",156,31,[NULL]
2,"0,4,919,1,0",156,31,[NULL]
0,"8,1,753,1,0",157,30,[NULL]
1,"0,2,64,1,278,1,0",157,30,[NULL]
2,"0,5,898,1,0",157,30,[NULL]
0,"9,1,715,1,0",158,29,[NULL]
1,"0,2,940,1,0",158,29,[NULL]
0,"347,1,18",160,27,[NULL]
1,"784,1,3",160,27,[NULL]
0,"5,1,627,1,3",161,26,[NULL]
1,"963,1,0",161,26,[NULL]
2,"13,5,75,1,0",161,26,[NULL]
3,"0,2,9,1,690,1,0",161,26,[NULL]
0,"0,2,64,1,209,1,2",162,25,[NULL]
1,"0,1,2,1,901,1,0",162,25,[NULL]
0,"300,1,25",163,24,[NULL]
1,"4,1,655,1,3",163,24,[NULL]
2,"0,2,760,1,2",163,24,[NULL]
3,"1,1,941,1,0",163,24,[NULL]
0,"13,2,133,1,17",164,23,[NULL]
1,"785,1,3",164,23,[NULL]
2,"8,1,69,1,147,1,3",164,23,[NULL]
3,"0,1,8,1,582,1,3",164,23,[NULL]
4,"0,2,64,1,209,1,3",164,23,[NULL]
5,"0,1,780,1,2",164,23,[NULL]
0,"0,1,188,1,52",165,22,[NULL]
1,"209,1,45",165,22,[NULL]
2,"1,1,64,1,209,1,3",165,22,[NULL]
3,"0,1,17,1,475,1,3",165,22,[NULL]
4,"0,2,760,1,3",165,22,[NULL]
5,"0,2,762,1,2",165,22,[NULL]
6,"0,7,743,1,1",165,22,[NULL]
7,"0,2,943,1,0",165,22,[NULL]
0,621,166,21,[NULL]
1,"0,3,576",166,21,[NULL]
2,"0,1,780,1,3",166,21,[NULL]
3,"0,2,763,1,2",166,21,[NULL]
4,"67,1,286,1,0",166,21,[NULL]
5,"1,1,943,1,0",166,21,[NULL]
6,"0,1,959,1,0",166,21,[NULL]
7,"0,5,50,1,324,1,0",166,21,[NULL]
0,"2,1,565",167,20,[NULL]
1,"351,1,18",167,20,[NULL]
2,"1,1,761,1,3",167,20,[NULL]
3,"0,2,762,1,3",167,20,[NULL]
4,"67,1,287,1,0",167,20,[NULL]
5,"58,1,324,1,0",167,20,[NULL]
6,"13,1,677,1,0",167,20,[NULL]
7,"0,1,960,1,0",167,20,[NULL]
0,"786,1,3",168,19,[NULL]
1,"3,1,691,1,3",168,19,[NULL]
2,"0,2,763,1,3",168,19,[NULL]
3,"825,1,1",168,19,[NULL]
4,"964,1,0",168,19,[NULL]
5,"0,2,55,1,324,1,0",168,19,[NULL]
0,622,169,18,[NULL]
1,"0,5,732,1,3",169,18,[NULL]
2,"0,4,743,1,2",169,18,[NULL]
3,"13,2,450,1,0",169,18,[NULL]
4,"0,2,56,1,324,1,0",169,18,[NULL]
0,623,170,17,[NULL]
1,"275,1,29",170,17,[NULL]
2,"1,1,764,1,3",170,17,[NULL]
3,"0,2,766,1,3",170,17,[NULL]
4,"0,12,18,1,324,1,2",170,17,[NULL]
5,"13,1,681,1,0",170,17,[NULL]
0,"3,1,520",171,16,[NULL]
1,"1,1,766,1,3",171,16,[NULL]
2,"0,2,31,1,324,1,3",171,16,[NULL]
3,"0,4,743,1,3",171,16,[NULL]
4,"965,1,0",171,16,[NULL]
0,625,172,15,[NULL]
1,624,172,15,[NULL]
2,"373,1,17",172,15,[NULL]
3,"70,1,209,1,3",172,15,[NULL]
4,"1,1,31,1,324,1,3",172,15,[NULL]
5,"0,12,18,1,324,1,3",172,15,[NULL]
6,"967,1,0",172,15,[NULL]
0,628,173,14,[NULL]
1,627,173,14,[NULL]
2,626,173,14,[NULL]
3,"352,1,20",173,14,[NULL]
4,"787,1,3",173,14,[NULL]
0,629,174,13,[NULL]
1,"0,1,610",174,13,[NULL]
2,"209,1,46",174,13,[NULL]
3,"788,1,3",174,13,[NULL]
4,"0,2,18,1,443,1,3",174,13,[NULL]
5,"793,1,2",174,13,[NULL]
0,631,175,12,[NULL]
1,630,175,12,[NULL]
2,"352,1,21",175,12,[NULL]
3,"790,1,3",175,12,[NULL]
4,"789,1,3",175,12,[NULL]
5,"2,1,746,1,3",175,12,[NULL]
6,"0,2,18,1,445,1,3",175,12,[NULL]
7,"0,2,8,1,13,1,324,1,3",175,12,[NULL]
8,"0,2,18,1,446,1,2",175,12,[NULL]
0,"2,1,569",176,11,[NULL]
1,"264,1,32",176,11,[NULL]
2,"793,1,3",176,11,[NULL]
3,"792,1,3",176,11,[NULL]
4,"791,1,3",176,11,[NULL]
5,"0,2,32,1,324,1,3",176,11,[NULL]
6,"0,2,34,1,324,1,2",176,11,[NULL]
7,"968,1,0",176,11,[NULL]
0,632,177,10,[NULL]
1,"415,1,14",177,10,[NULL]
2,"0,1,676,1,5",177,10,[NULL]
3,"0,2,18,1,446,1,3",177,10,[NULL]
4,"36,1,324,1,2",177,10,[NULL]
5,"1,1,13,1,660,1,0",177,10,[NULL]
0,"1,1,18,1,446,1,3",178,9,[NULL]
1,"0,2,34,1,324,1,3",178,9,[NULL]
2,"2,1,53,1,324,1,0",178,9,[NULL]
0,"2,2,524",179,8,[NULL]
1,"36,1,324,1,3",179,8,[NULL]
0,"0,1,18,1,336",180,7,[NULL]
1,"3,1,18,1,263",180,7,[NULL]
2,"4,1,849,1,0",180,7,[NULL]
0,"0,3,593",181,6,[NULL]
1,"37,1,324,1,3",181,6,[NULL]
2,"4,1,850,1,0",181,6,[NULL]
0,"38,1,324,1,3",182,5,[NULL]
0,"0,188,0",0,188,[NULL]
0,"0,176,1",8,180,[NULL]
0,"0,173,2",12,176,[NULL]
0,"0,173,3",14,174,[NULL]
0,"0,2,951,1,0",126,62,[NULL]
0,"1,1,951,1,0",127,61,[NULL]
1,"0,60,324,1,0",127,61,[NULL]
0,"0,1,783,1,3",129,59,[NULL]
0,"0,2,8,2,554,1,0",131,57,[NULL]
0,"0,2,8,1,578,1,3",133,55,[NULL]
0,"0,2,8,1,579,1,3",134,54,[NULL]
1,"0,5,917,1,0",134,54,[NULL]
0,633,135,53,[NULL]
1,"0,48,324,1,1",135,53,[NULL]
0,"0,2,952,1,0",136,52,[NULL]
0,"0,2,953,1,0",137,51,[NULL]
0,"0,9,686,1,2",138,50,[NULL]
0,"0,45,324,1,2",139,49,[NULL]
0,"5,1,635,1,3",140,48,[NULL]
1,"0,9,686,1,3",140,48,[NULL]
2,"969,1,0",140,48,[NULL]
0,"0,45,324,1,3",141,47,[NULL]
1,"0,2,8,2,556,1,0",141,47,[NULL]
0,"402,1,15",142,46,[NULL]
0,"0,2,8,2,402,1,3",143,45,[NULL]
1,"0,3,17,1,452,1,2",143,45,[NULL]
2,"970,1,0",143,45,[NULL]
0,"0,2,8,2,403,1,3",144,44,[NULL]
1,"0,2,17,2,225,1,2",144,44,[NULL]
2,"8,1,16,1,452,1,0",144,44,[NULL]
0,"0,3,17,1,452,1,3",145,43,[NULL]
1,"0,6,725,1,2",145,43,[NULL]
2,"8,1,17,1,452,1,0",145,43,[NULL]
0,"0,2,17,2,225,1,3",146,42,[NULL]
1,"0,2,64,1,224,1,1",146,42,[NULL]
2,"8,1,49,1,245,1,0",146,42,[NULL]
0,"8,1,595,1,3",147,41,[NULL]
1,"0,6,725,1,3",147,41,[NULL]
2,"0,2,64,1,225,1,1",147,41,[NULL]
3,"8,2,572,1,0",147,41,[NULL]
4,"5,1,64,1,224,1,0",147,41,[NULL]
0,"17,1,488,1,3",148,40,[NULL]
1,"0,4,752,1,3",148,40,[NULL]
2,"8,4,244,1,0",148,40,[NULL]
0,"8,1,596,1,3",149,39,[NULL]
1,"0,2,807,1,1",149,39,[NULL]
2,"8,2,16,1,17,1,149,1,0",149,39,[NULL]
0,"8,1,597,1,3",150,38,[NULL]
1,"0,3,795,1,1",150,38,[NULL]
2,"8,1,759,1,0",150,38,[NULL]
3,"8,4,245,1,0",150,38,[NULL]
4,"1,1,955,1,0",150,38,[NULL]
0,"244,1,34",151,37,[NULL]
1,"8,3,257,1,3",151,37,[NULL]
2,"17,1,623,1,0",151,37,[NULL]
3,"8,4,247,1,0",151,37,[NULL]
0,"8,2,17,1,206,1,3",152,36,[NULL]
1,"17,1,491,1,2",152,36,[NULL]
2,"971,1,0",152,36,[NULL]
3,"8,5,166,1,0",152,36,[NULL]
0,"0,1,619",153,35,[NULL]
1,"245,1,34",153,35,[NULL]
2,"16,1,491,1,3",153,35,[NULL]
3,"8,3,258,1,3",153,35,[NULL]
4,"972,1,0",153,35,[NULL]
5,"8,5,167,1,0",153,35,[NULL]
0,"17,1,491,1,3",154,34,[NULL]
1,"8,3,259,1,3",154,34,[NULL]
2,"795,1,2",154,34,[NULL]
3,"8,1,64,1,206,1,0",154,34,[NULL]
4,"8,3,380,1,0",154,34,[NULL]
5,"8,4,248,1,0",154,34,[NULL]
0,"8,4,180,1,3",155,33,[NULL]
1,"8,1,113,1,149,1,0",155,33,[NULL]
2,"8,2,17,1,278,1,0",155,33,[NULL]
3,"8,3,13,1,219,1,0",155,33,[NULL]
0,"796,1,3",156,32,[NULL]
1,"795,1,3",156,32,[NULL]
2,"8,3,9,1,167,1,3",156,32,[NULL]
3,"8,1,17,1,454,1,0",156,32,[NULL]
4,"8,2,573,1,0",156,32,[NULL]
5,"8,2,13,2,194,1,0",156,32,[NULL]
6,"0,5,919,1,0",156,32,[NULL]
0,"8,1,64,1,149,1,3",157,31,[NULL]
1,"8,2,9,1,248,1,3",157,31,[NULL]
2,"8,3,260,1,3",157,31,[NULL]
3,"8,1,42,1,278,1,0",157,31,[NULL]
4,"8,1,13,3,167,1,0",157,31,[NULL]
5,"8,2,574,1,0",157,31,[NULL]
6,"0,6,898,1,0",157,31,[NULL]
0,"27,1,281",158,30,[NULL]
1,"8,1,598,1,3",158,30,[NULL]
2,"8,1,16,1,292,1,3",158,30,[NULL]
3,"8,1,9,1,13,1,219,1,3",158,30,[NULL]
4,"13,3,248,1,0",158,30,[NULL]
5,"8,2,9,1,346,1,0",158,30,[NULL]
6,"8,3,382,1,0",158,30,[NULL]
0,"9,1,13,2,194,1,3",159,29,[NULL]
1,"8,1,599,1,3",159,29,[NULL]
2,"8,1,17,1,292,1,3",159,29,[NULL]
3,"8,1,9,1,13,1,292,1,0",159,29,[NULL]
4,"8,3,383,1,0",159,29,[NULL]
0,"8,1,602,1,3",160,28,[NULL]
1,"8,2,420,1,3",160,28,[NULL]
2,"16,1,627,1,0",160,28,[NULL]
3,"9,1,23,1,346,1,0",160,28,[NULL]
4,"8,4,250,1,0",160,28,[NULL]
0,"13,1,219,1,17",161,27,[NULL]
1,"8,1,13,1,346,1,3",161,27,[NULL]
2,"8,2,16,1,209,1,3",161,27,[NULL]
3,"17,1,627,1,0",161,27,[NULL]
4,"8,3,384,1,0",161,27,[NULL]
5,"1,1,958,1,0",161,27,[NULL]
6,"0,1,963,1,0",161,27,[NULL]
0,"64,1,164",162,26,[NULL]
1,"13,2,292,1,3",162,26,[NULL]
2,"8,2,17,1,209,1,3",162,26,[NULL]
3,"0,3,64,1,209,1,2",162,26,[NULL]
4,"974,1,0",162,26,[NULL]
5,"973,1,0",162,26,[NULL]
6,"8,2,9,1,13,1,209,1,0",162,26,[NULL]
0,"797,1,3",163,25,[NULL]
1,"8,3,261,1,3",163,25,[NULL]
2,"0,3,760,1,2",163,25,[NULL]
3,"976,1,0",163,25,[NULL]
4,"975,1,0",163,25,[NULL]
5,"64,1,293,1,0",163,25,[NULL]
6,"8,1,9,1,13,1,294,1,0",163,25,[NULL]
0,"8,2,423,1,3",164,24,[NULL]
1,"0,1,8,1,69,1,147,1,3",164,24,[NULL]
2,"0,3,64,1,209,1,3",164,24,[NULL]
3,"978,1,0",164,24,[NULL]
4,"13,1,690,1,0",164,24,[NULL]
5,"9,1,13,2,261,1,0",164,24,[NULL]
6,"8,1,64,1,209,1,0",164,24,[NULL]
0,"644,1,6",165,23,[NULL]
1,"8,1,13,2,209,1,3",165,23,[NULL]
2,"0,3,760,1,3",165,23,[NULL]
3,"0,3,762,1,2",165,23,[NULL]
4,"64,1,235,1,1",165,23,[NULL]
5,"0,8,743,1,1",165,23,[NULL]
6,"979,1,0",165,23,[NULL]
7,"8,1,760,1,0",165,23,[NULL]
8,"0,3,943,1,0",165,23,[NULL]
0,"13,2,294,1,3",166,22,[NULL]
1,"0,2,780,1,3",166,22,[NULL]
2,"837,1,1",166,22,[NULL]
3,"836,1,1",166,22,[NULL]
4,"980,1,0",166,22,[NULL]
5,"8,1,761,1,0",166,22,[NULL]
6,"2,1,930,1,0",166,22,[NULL]
0,"72,1,209,1,3",167,21,[NULL]
1,"0,3,762,1,3",167,21,[NULL]
2,"981,1,0",167,21,[NULL]
3,"13,1,692,1,0",167,21,[NULL]
4,"13,1,691,1,0",167,21,[NULL]
5,"0,2,960,1,0",167,21,[NULL]
0,"385,1,17",168,20,[NULL]
1,"798,1,3",168,20,[NULL]
2,"0,3,763,1,3",168,20,[NULL]
3,"982,1,0",168,20,[NULL]
4,"0,1,964,1,0",168,20,[NULL]
0,"261,1,33",169,19,[NULL]
1,"0,5,743,1,2",169,19,[NULL]
2,"984,1,0",169,19,[NULL]
0,"648,1,6",170,18,[NULL]
1,"3,1,707,1,3",170,18,[NULL]
2,"0,13,18,1,324,1,2",170,18,[NULL]
3,"986,1,0",170,18,[NULL]
4,"985,1,0",170,18,[NULL]
0,634,171,17,[NULL]
1,"189,1,57",171,17,[NULL]
2,"650,1,6",171,17,[NULL]
3,"0,5,743,1,3",171,17,[NULL]
4,"8,1,31,1,324,1,0",171,17,[NULL]
5,"0,1,965,1,0",171,17,[NULL]
0,635,172,16,[NULL]
1,"363,1,21",172,16,[NULL]
2,"799,1,3",172,16,[NULL]
3,"3,1,709,1,3",172,16,[NULL]
4,"0,13,18,1,324,1,3",172,16,[NULL]
5,"987,1,0",172,16,[NULL]
6,"16,1,17,1,324,1,0",172,16,[NULL]
0,636,173,15,[NULL]
1,"365,1,21",173,15,[NULL]
2,"0,1,352,1,20",173,15,[NULL]
3,"800,1,3",173,15,[NULL]
4,"18,1,475,1,3",173,15,[NULL]
5,"0,1,787,1,3",173,15,[NULL]
6,"988,1,0",173,15,[NULL]
7,"17,2,324,1,0",173,15,[NULL]
0,"365,1,22",174,14,[NULL]
1,"801,1,3",174,14,[NULL]
2,"39,1,324,1,3",174,14,[NULL]
3,"0,1,788,1,3",174,14,[NULL]
4,"991,1,0",174,14,[NULL]
5,"990,1,0",174,14,[NULL]
6,"60,1,324,1,0",174,14,[NULL]
7,"59,1,324,1,0",174,14,[NULL]
0,"86,1,131",175,13,[NULL]
1,"40,1,324,1,3",175,13,[NULL]
2,"3,1,712,1,3",175,13,[NULL]
3,"0,1,789,1,3",175,13,[NULL]
4,"0,3,18,1,446,1,2",175,13,[NULL]
5,"992,1,0",175,13,[NULL]
6,"8,2,13,1,324,1,0",175,13,[NULL]
0,637,176,12,[NULL]
1,"191,1,58",176,12,[NULL]
2,"366,1,22",176,12,[NULL]
3,"0,1,793,1,3",176,12,[NULL]
4,"0,3,34,1,324,1,2",176,12,[NULL]
5,"18,1,615,1,0",176,12,[NULL]
6,"8,1,32,1,324,1,0",176,12,[NULL]
7,"1,1,961,1,0",176,12,[NULL]
0,638,177,11,[NULL]
1,"18,1,345",177,11,[NULL]
2,"367,1,22",177,11,[NULL]
3,"0,2,676,1,5",177,11,[NULL]
4,"18,1,479,1,3",177,11,[NULL]
5,"0,3,18,1,446,1,3",177,11,[NULL]
6,"993,1,0",177,11,[NULL]
7,"13,1,23,1,324,1,0",177,11,[NULL]
0,640,178,10,[NULL]
1,639,178,10,[NULL]
2,"3,1,539",178,10,[NULL]
3,"802,1,3",178,10,[NULL]
4,"9,1,13,1,324,1,3",178,10,[NULL]
5,"0,3,34,1,324,1,3",178,10,[NULL]
6,"13,1,699,1,0",178,10,[NULL]
0,641,179,9,[NULL]
1,"368,1,22",179,9,[NULL]
2,"695,1,5",179,9,[NULL]
3,"0,1,36,1,324,1,3",179,9,[NULL]
0,642,180,8,[NULL]
1,"69,1,160",180,8,[NULL]
2,"698,1,5",180,8,[NULL]
3,"3,1,18,1,378,1,3",180,8,[NULL]
4,"849,1,1",180,8,[NULL]
5,"18,1,617,1,0",180,8,[NULL]
6,"2,1,54,1,324,1,0",180,8,[NULL]
0,"142,1,86",181,7,[NULL]
1,"1,1,4,1,18,1,324,1,3",181,7,[NULL]
2,"0,1,37,1,324,1,3",181,7,[NULL]
3,"850,1,1",181,7,[NULL]
4,"994,1,0",181,7,[NULL]
5,"61,1,324,1,0",181,7,[NULL]
0,"1,1,18,1,337",182,6,[NULL]
1,"143,1,86",182,6,[NULL]
2,"0,1,38,1,324,1,3",182,6,[NULL]
0,"1,2,593",183,5,[NULL]
1,"18,1,353",183,5,[NULL]
2,"2,1,324,1,22",183,5,[NULL]
0,"18,1,324,1,6",184,4,[NULL]
0,"0,189,0",0,189,[NULL]
0,"0,177,1",8,181,[NULL]
0,"0,174,2",12,177,[NULL]
0,"0,174,3",14,175,[NULL]
0,"0,61,324,1,0",127,62,[NULL]
0,"0,2,783,1,3",129,60,[NULL]
1,"995,1,0",129,60,[NULL]
0,"996,1,0",130,59,[NULL]
0,"804,1,2",131,58,[NULL]
0,"803,1,3",132,57,[NULL]
0,"804,1,3",133,56,[NULL]
1,"8,2,578,1,0",133,56,[NULL]
0,"8,2,579,1,0",134,55,[NULL]
1,"0,6,917,1,0",134,55,[NULL]
0,"0,49,324,1,1",135,54,[NULL]
1,"8,1,17,1,470,1,0",135,54,[NULL]
0,"8,2,431,1,3",136,53,[NULL]
1,"8,1,777,1,0",136,53,[NULL]
0,"8,1,16,1,296,1,3",137,52,[NULL]
1,"8,4,252,1,0",137,52,[NULL]
0,"8,1,17,1,296,1,3",138,51,[NULL]
1,"0,10,686,1,2",138,51,[NULL]
2,"8,4,253,1,0",138,51,[NULL]
0,"8,1,607,1,3",139,50,[NULL]
1,"0,46,324,1,2",139,50,[NULL]
2,"16,1,635,1,0",139,50,[NULL]
3,"8,3,17,1,200,1,0",139,50,[NULL]
0,"8,4,182,1,3",140,49,[NULL]
1,"0,10,686,1,3",140,49,[NULL]
2,"16,1,636,1,0",140,49,[NULL]
3,"8,3,401,1,0",140,49,[NULL]
4,"0,1,969,1,0",140,49,[NULL]
0,"8,4,183,1,3",141,48,[NULL]
1,"0,46,324,1,3",141,48,[NULL]
2,"17,1,636,1,0",141,48,[NULL]
3,"8,6,116,1,0",141,48,[NULL]
0,"805,1,3",142,47,[NULL]
1,"8,2,16,1,17,1,111,1,3",142,47,[NULL]
2,"8,6,117,1,0",142,47,[NULL]
0,"806,1,3",143,46,[NULL]
1,"8,3,265,1,3",143,46,[NULL]
2,"0,4,17,1,452,1,2",143,46,[NULL]
3,"8,3,402,1,0",143,46,[NULL]
4,"8,5,17,1,78,1,0",143,46,[NULL]
0,"8,6,71,1,3",144,45,[NULL]
1,"0,3,17,2,225,1,2",144,45,[NULL]
2,"8,3,403,1,0",144,45,[NULL]
3,"8,5,171,1,0",144,45,[NULL]
0,"8,5,16,1,50,1,3",145,44,[NULL]
1,"0,4,17,1,452,1,3",145,44,[NULL]
2,"8,1,16,1,17,1,225,1,0",145,44,[NULL]
3,"8,8,39,1,0",145,44,[NULL]
0,"8,2,432,1,3",146,43,[NULL]
1,"8,5,17,1,50,1,3",146,43,[NULL]
2,"0,3,17,2,225,1,3",146,43,[NULL]
3,"8,1,17,2,225,1,0",146,43,[NULL]
4,"8,8,40,1,0",146,43,[NULL]
0,"8,2,433,1,3",147,42,[NULL]
1,"8,5,125,1,3",147,42,[NULL]
2,"0,7,725,1,3",147,42,[NULL]
3,"8,4,16,1,137,1,0",147,42,[NULL]
4,"8,7,17,1,20,1,0",147,42,[NULL]
0,"8,1,17,1,298,1,3",148,41,[NULL]
1,"8,8,16,1,3",148,41,[NULL]
2,"0,5,752,1,3",148,41,[NULL]
3,"8,4,16,1,138,1,0",148,41,[NULL]
4,"8,7,63,1,0",148,41,[NULL]
0,"17,2,238,1,3",149,40,[NULL]
1,"8,8,17,1,3",149,40,[NULL]
2,"0,3,807,1,1",149,40,[NULL]
3,"64,1,297,1,0",149,40,[NULL]
4,"8,4,17,1,138,1,0",149,40,[NULL]
5,"8,8,9,1,13,1,0",149,40,[NULL]
0,643,150,39,[NULL]
1,"8,4,184,1,3",150,39,[NULL]
2,"8,6,16,1,23,1,3",150,39,[NULL]
3,"64,1,224,1,2",150,39,[NULL]
4,"0,4,795,1,1",150,39,[NULL]
5,"64,1,298,1,0",150,39,[NULL]
6,"8,3,42,1,137,1,0",150,39,[NULL]
7,"8,7,9,1,32,1,0",150,39,[NULL]
8,"0,1,8,1,759,1,0",150,39,[NULL]
0,"8,4,185,1,3",151,38,[NULL]
1,"8,7,42,1,3",151,38,[NULL]
2,"64,1,225,1,2",151,38,[NULL]
3,"8,1,778,1,0",151,38,[NULL]
4,"8,6,9,1,13,1,23,1,0",151,38,[NULL]
5,"8,7,64,1,0",151,38,[NULL]
6,"0,1,17,1,623,1,0",151,38,[NULL]
0,"64,1,224,1,3",152,37,[NULL]
1,"8,3,17,1,147,1,3",152,37,[NULL]
2,"8,7,13,2,3",152,37,[NULL]
3,"0,1,17,1,491,1,2",152,37,[NULL]
4,"17,1,637,1,0",152,37,[NULL]
5,"8,5,9,1,13,1,51,1,0",152,37,[NULL]
6,"8,6,118,1,0",152,37,[NULL]
7,"0,1,971,1,0",152,37,[NULL]
0,"64,1,225,1,3",153,36,[NULL]
1,"8,2,17,2,113,1,3",153,36,[NULL]
2,"8,6,13,1,32,1,3",153,36,[NULL]
3,"0,1,16,1,491,1,3",153,36,[NULL]
4,"809,1,2",153,36,[NULL]
5,"807,1,2",153,36,[NULL]
6,"8,2,64,1,146,1,0",153,36,[NULL]
7,"8,4,9,1,13,4,0",153,36,[NULL]
8,"8,5,17,1,80,1,0",153,36,[NULL]
0,"244,1,38",154,35,[NULL]
1,"138,2,3",154,35,[NULL]
2,"8,5,13,2,23,1,3",154,35,[NULL]
3,"8,6,72,1,3",154,35,[NULL]
4,"0,1,17,1,491,1,3",154,35,[NULL]
5,"0,1,795,1,2",154,35,[NULL]
6,"8,2,64,1,147,1,0",154,35,[NULL]
7,"8,3,9,1,13,3,32,1,0",154,35,[NULL]
8,"8,5,173,1,0",154,35,[NULL]
0,"809,1,3",155,34,[NULL]
1,"808,1,3",155,34,[NULL]
2,"807,1,3",155,34,[NULL]
3,"8,4,13,2,51,1,3",155,34,[NULL]
4,"8,5,127,1,3",155,34,[NULL]
5,"8,2,9,1,13,4,23,1,0",155,34,[NULL]
6,"8,3,404,1,0",155,34,[NULL]
7,"8,5,13,1,101,1,0",155,34,[NULL]
0,"8,1,16,1,64,2,3",156,33,[NULL]
1,"8,3,13,5,3",156,33,[NULL]
2,"8,4,20,1,80,1,3",156,33,[NULL]
3,"0,1,795,1,3",156,33,[NULL]
4,"8,1,9,1,13,4,51,1,0",156,33,[NULL]
5,"8,2,580,1,0",156,33,[NULL]
6,"8,4,13,2,80,1,0",156,33,[NULL]
7,"0,6,919,1,0",156,33,[NULL]
0,"491,1,9",157,32,[NULL]
1,"8,1,16,1,299,1,3",157,32,[NULL]
2,"8,2,13,4,32,1,3",157,32,[NULL]
3,"8,4,186,1,3",157,32,[NULL]
4,"0,1,8,3,260,1,3",157,32,[NULL]
5,"9,1,13,7,0",157,32,[NULL]
6,"8,3,13,1,23,1,101,1,0",157,32,[NULL]
7,"8,4,254,1,0",157,32,[NULL]
8,"0,7,898,1,0",157,32,[NULL]
0,"8,1,13,5,23,1,3",158,31,[NULL]
1,"8,2,434,1,3",158,31,[NULL]
2,"8,3,9,1,13,1,101,1,3",158,31,[NULL]
3,"0,1,8,1,16,1,292,1,3",158,31,[NULL]
4,"8,2,13,2,23,1,80,1,0",158,31,[NULL]
5,"8,4,255,1,0",158,31,[NULL]
0,"13,5,51,1,3",159,30,[NULL]
1,"8,2,435,1,3",159,30,[NULL]
2,"8,2,9,1,13,2,80,1,3",159,30,[NULL]
3,"5,1,642,1,3",159,30,[NULL]
4,"64,3,0",159,30,[NULL]
5,"8,1,13,4,101,1,0",159,30,[NULL]
6,"8,3,20,1,188,1,0",159,30,[NULL]
0,"8,1,9,1,13,1,23,1,101,1,3",160,29,[NULL]
1,"8,4,187,1,3",160,29,[NULL]
2,"64,1,299,1,0",160,29,[NULL]
3,"13,5,80,1,0",160,29,[NULL]
4,"8,2,20,1,267,1,0",160,29,[NULL]
5,"0,1,16,1,627,1,0",160,29,[NULL]
0,"1,1,347,1,18",161,28,[NULL]
1,"9,1,13,2,23,1,80,1,3",161,28,[NULL]
2,"8,4,188,1,3",161,28,[NULL]
3,"997,1,0",161,28,[NULL]
4,"138,1,188,1,0",161,28,[NULL]
5,"8,2,9,1,13,1,212,1,0",161,28,[NULL]
6,"0,1,17,1,627,1,0",161,28,[NULL]
7,"0,2,963,1,0",161,28,[NULL]
0,"13,5,33",162,27,[NULL]
1,"8,3,267,1,3",162,27,[NULL]
2,"64,1,301,1,0",162,27,[NULL]
3,"8,1,779,1,0",162,27,[NULL]
4,"8,1,9,1,13,2,188,1,0",162,27,[NULL]
5,"1,1,963,1,0",162,27,[NULL]
6,"0,1,974,1,0",162,27,[NULL]
7,"0,1,973,1,0",162,27,[NULL]
0,"810,1,3",163,26,[NULL]
1,"8,2,23,1,188,1,3",163,26,[NULL]
2,"0,1,797,1,3",163,26,[NULL]
3,"9,1,13,2,267,1,0",163,26,[NULL]
4,"8,1,64,1,212,1,0",163,26,[NULL]
5,"0,1,976,1,0",163,26,[NULL]
0,"66,1,165",164,25,[NULL]
1,"812,1,3",164,25,[NULL]
2,"811,1,3",164,25,[NULL]
3,"8,1,13,2,212,1,3",164,25,[NULL]
4,"0,2,8,1,69,1,147,1,3",164,25,[NULL]
5,"0,4,64,1,209,1,3",164,25,[NULL]
6,"13,2,472,1,0",164,25,[NULL]
7,"8,1,79,1,188,1,0",164,25,[NULL]
8,"0,1,978,1,0",164,25,[NULL]
9,"0,1,13,1,690,1,0",164,25,[NULL]
0,"813,1,3",165,24,[NULL]
1,"13,3,188,1,3",165,24,[NULL]
2,"0,4,760,1,3",165,24,[NULL]
3,"0,1,64,1,235,1,1",165,24,[NULL]
4,"0,9,743,1,1",165,24,[NULL]
5,"998,1,0",165,24,[NULL]
6,"8,1,80,1,188,1,0",165,24,[NULL]
7,"8,1,17,1,475,1,0",165,24,[NULL]
8,"2,1,941,1,0",165,24,[NULL]
0,"8,1,610,1,3",166,23,[NULL]
1,"0,3,780,1,3",166,23,[NULL]
2,"0,1,837,1,1",166,23,[NULL]
3,"0,1,836,1,1",166,23,[NULL]
4,"64,1,308,1,0",166,23,[NULL]
5,"13,1,705,1,0",166,23,[NULL]
6,"0,1,2,1,930,1,0",166,23,[NULL]
0,"266,1,33",167,22,[NULL]
1,"80,1,201,1,3",167,22,[NULL]
2,"7,1,627,1,3",167,22,[NULL]
3,"3,1,717,1,3",167,22,[NULL]
4,"0,4,762,1,3",167,22,[NULL]
5,"999,1,0",167,22,[NULL]
6,"0,1,981,1,0",167,22,[NULL]
0,"267,1,33",168,21,[NULL]
1,"8,1,613,1,3",168,21,[NULL]
2,"0,4,763,1,3",168,21,[NULL]
3,"13,2,474,1,0",168,21,[NULL]
4,"1,1,58,1,324,1,0",168,21,[NULL]
5,"0,1,982,1,0",168,21,[NULL]
0,"0,6,743,1,2",169,20,[NULL]
1,"1,1,964,1,0",169,20,[NULL]
2,"0,1,984,1,0",169,20,[NULL]
0,644,170,19,[NULL]
1,"3,2,629,1,3",170,19,[NULL]
2,"0,1,3,1,707,1,3",170,19,[NULL]
3,"0,14,18,1,324,1,2",170,19,[NULL]
4,"1000,1,0",170,19,[NULL]
0,"0,1,634",171,18,[NULL]
1,"408,1,17",171,18,[NULL]
2,"0,1,650,1,6",171,18,[NULL]
3,"8,2,443,1,3",171,18,[NULL]
4,"2,1,763,1,3",171,18,[NULL]
5,"0,6,743,1,3",171,18,[NULL]
6,"1001,1,0",171,18,[NULL]
7,"0,1,8,1,31,1,324,1,0",171,18,[NULL]
0,645,172,17,[NULL]
1,"8,2,445,1,3",172,17,[NULL]
2,"0,14,18,1,324,1,3",172,17,[NULL]
3,"1002,1,0",172,17,[NULL]
4,"0,1,16,1,17,1,324,1,0",172,17,[NULL]
0,"0,1,18,1,475,1,3",173,16,[NULL]
1,"0,2,787,1,3",173,16,[NULL]
2,"122,1,209,1,0",173,16,[NULL]
3,"0,1,17,2,324,1,0",173,16,[NULL]
0,"814,1,3",174,15,[NULL]
1,"0,1,801,1,3",174,15,[NULL]
2,"0,1,39,1,324,1,3",174,15,[NULL]
3,"1005,1,0",174,15,[NULL]
4,"0,1,59,1,324,1,0",174,15,[NULL]
0,646,175,14,[NULL]
1,"3,1,546",175,14,[NULL]
2,"815,1,3",175,14,[NULL]
3,"0,1,40,1,324,1,3",175,14,[NULL]
4,"0,2,789,1,3",175,14,[NULL]
5,"1007,1,0",175,14,[NULL]
0,647,176,13,[NULL]
1,"3,1,548",176,13,[NULL]
2,"817,1,3",176,13,[NULL]
3,"3,1,719,1,3",176,13,[NULL]
4,"0,2,793,1,3",176,13,[NULL]
5,"1008,1,0",176,13,[NULL]
6,"0,1,18,1,615,1,0",176,13,[NULL]
0,"3,1,550",177,12,[NULL]
1,"3,1,549",177,12,[NULL]
2,"7,1,632,1,3",177,12,[NULL]
3,"0,1,18,1,479,1,3",177,12,[NULL]
4,"0,4,18,1,446,1,3",177,12,[NULL]
5,"0,1,993,1,0",177,12,[NULL]
0,648,178,11,[NULL]
1,"3,1,551",178,11,[NULL]
2,"818,1,3",178,11,[NULL]
3,"7,1,633,1,3",178,11,[NULL]
4,"0,1,802,1,3",178,11,[NULL]
5,"0,4,34,1,324,1,3",178,11,[NULL]
0,649,179,10,[NULL]
1,"0,1,641",179,10,[NULL]
2,"0,2,36,1,324,1,3",179,10,[NULL]
0,"0,1,698,1,5",180,9,[NULL]
1,"819,1,3",180,9,[NULL]
2,"0,1,849,1,1",180,9,[NULL]
3,"0,1,18,1,617,1,0",180,9,[NULL]
0,"324,1,25",181,8,[NULL]
1,"378,1,22",181,8,[NULL]
2,"5,1,18,1,324,1,3",181,8,[NULL]
3,"0,1,850,1,1",181,8,[NULL]
4,"0,1,994,1,0",181,8,[NULL]
0,"660,1,6",182,7,[NULL]
1,"1,1,4,1,850,1,0",182,7,[NULL]
0,"0,1,18,1,353",183,6,[NULL]
1,"324,1,26",183,6,[NULL]
0,"0,1,18,1,324,1,6",184,5,[NULL]
0,"0,190,0",0,190,[NULL]
0,"0,178,1",8,182,[NULL]
0,"0,175,2",12,178,[NULL]
0,"0,175,3",14,176,[NULL]
0,"0,62,324,1,0",127,63,[NULL]
0,"0,1,995,1,0",129,61,[NULL]
0,"0,1,996,1,0",130,60,[NULL]
0,"0,1,804,1,2",131,59,[NULL]
0,"0,1,803,1,3",132,58,[NULL]
0,"0,1,804,1,3",133,57,[NULL]
0,"0,7,917,1,0",134,56,[NULL]
0,"0,50,324,1,1",135,55,[NULL]
0,"379,1,18",136,54,[NULL]
1,"0,1,8,2,431,1,3",136,54,[NULL]
0,"0,1,8,1,16,1,296,1,3",137,53,[NULL]
0,"0,11,686,1,2",138,52,[NULL]
0,"0,47,324,1,2",139,51,[NULL]
1,"0,1,16,1,635,1,0",139,51,[NULL]
0,"0,11,686,1,3",140,50,[NULL]
1,"0,1,16,1,636,1,0",140,50,[NULL]
2,"0,2,969,1,0",140,50,[NULL]
0,"0,47,324,1,3",141,49,[NULL]
1,"1,1,969,1,0",141,49,[NULL]
2,"0,1,17,1,636,1,0",141,49,[NULL]
0,"0,1,805,1,3",142,48,[NULL]
0,"0,1,806,1,3",143,47,[NULL]
1,"0,5,17,1,452,1,2",143,47,[NULL]
2,"0,1,8,3,402,1,0",143,47,[NULL]
0,"1,1,970,1,0",144,46,[NULL]
1,"0,1,8,3,403,1,0",144,46,[NULL]
0,"0,5,17,1,452,1,3",145,45,[NULL]
0,"0,1,8,2,432,1,3",146,44,[NULL]
1,"0,4,17,2,225,1,3",146,44,[NULL]
0,"0,1,8,2,433,1,3",147,43,[NULL]
1,"0,8,725,1,3",147,43,[NULL]
0,"0,6,752,1,3",148,42,[NULL]
1,"1,1,5,1,64,1,224,1,0",148,42,[NULL]
0,"0,4,807,1,1",149,41,[NULL]
1,"0,1,64,1,297,1,0",149,41,[NULL]
0,"0,1,64,1,224,1,2",150,40,[NULL]
1,"0,5,795,1,1",150,40,[NULL]
2,"0,1,64,1,298,1,0",150,40,[NULL]
3,"0,2,8,1,759,1,0",150,40,[NULL]
0,"0,1,64,1,225,1,2",151,39,[NULL]
1,"0,2,17,1,623,1,0",151,39,[NULL]
0,"0,1,64,1,224,1,3",152,38,[NULL]
1,"0,2,17,1,491,1,2",152,38,[NULL]
0,"0,1,64,1,225,1,3",153,37,[NULL]
1,"0,2,16,1,491,1,3",153,37,[NULL]
2,"0,1,809,1,2",153,37,[NULL]
3,"0,1,807,1,2",153,37,[NULL]
0,"0,1,138,2,3",154,36,[NULL]
1,"0,2,17,1,491,1,3",154,36,[NULL]
2,"0,2,795,1,2",154,36,[NULL]
0,"0,1,809,1,3",155,35,[NULL]
1,"0,1,807,1,3",155,35,[NULL]
0,650,156,34,[NULL]
1,"0,2,795,1,3",156,34,[NULL]
2,"0,7,919,1,0",156,34,[NULL]
0,"0,2,8,3,260,1,3",157,33,[NULL]
1,"862,1,1",157,33,[NULL]
2,"1009,1,0",157,33,[NULL]
3,"0,8,898,1,0",157,33,[NULL]
0,"0,2,8,1,16,1,292,1,3",158,32,[NULL]
1,"16,1,642,1,0",158,32,[NULL]
0,"17,1,642,1,0",159,31,[NULL]
1,"0,1,64,3,0",159,31,[NULL]
0,"8,1,784,1,0",160,30,[NULL]
1,"0,2,16,1,627,1,0",160,30,[NULL]
0,"820,1,3",161,29,[NULL]
1,"13,1,715,1,0",161,29,[NULL]
2,"0,2,17,1,627,1,0",161,29,[NULL]
0,"821,1,3",162,28,[NULL]
1,"13,5,83,1,0",162,28,[NULL]
2,"0,1,64,1,301,1,0",162,28,[NULL]
3,"0,2,973,1,0",162,28,[NULL]
0,"0,2,797,1,3",163,27,[NULL]
1,"1010,1,0",163,27,[NULL]
2,"0,2,976,1,0",163,27,[NULL]
0,651,164,26,[NULL]
1,"1,1,797,1,3",164,26,[NULL]
2,"0,1,811,1,3",164,26,[NULL]
3,"0,5,64,1,209,1,3",164,26,[NULL]
4,"1,1,64,1,293,1,0",164,26,[NULL]
0,"13,3,23,1,75,1,3",165,25,[NULL]
1,"0,5,760,1,3",165,25,[NULL]
2,"0,10,743,1,1",165,25,[NULL]
3,"0,1,8,1,17,1,475,1,0",165,25,[NULL]
0,"0,4,780,1,3",166,24,[NULL]
1,"0,2,836,1,1",166,24,[NULL]
0,"0,1,7,1,627,1,3",167,23,[NULL]
1,"0,1,3,1,717,1,3",167,23,[NULL]
2,"0,5,762,1,3",167,23,[NULL]
0,"0,1,8,1,613,1,3",168,22,[NULL]
1,"0,5,763,1,3",168,22,[NULL]
2,"62,1,324,1,0",168,22,[NULL]
3,"13,1,23,1,335,1,0",168,22,[NULL]
0,652,169,21,[NULL]
1,"187,1,62",169,21,[NULL]
2,"1,1,798,1,3",169,21,[NULL]
3,"0,7,743,1,2",169,21,[NULL]
0,"188,1,62",170,20,[NULL]
1,"0,2,3,1,707,1,3",170,20,[NULL]
2,"0,15,18,1,324,1,2",170,20,[NULL]
3,"75,1,286,1,0",170,20,[NULL]
4,"0,1,1000,1,0",170,20,[NULL]
0,"0,2,634",171,19,[NULL]
1,"823,1,3",171,19,[NULL]
2,"75,1,212,1,3",171,19,[NULL]
3,"0,7,743,1,3",171,19,[NULL]
4,"1011,1,0",171,19,[NULL]
5,"9,1,23,1,373,1,0",171,19,[NULL]
6,"0,2,8,1,31,1,324,1,0",171,19,[NULL]
0,"107,1,119",172,18,[NULL]
1,"0,15,18,1,324,1,3",172,18,[NULL]
2,"825,1,2",172,18,[NULL]
3,"1014,1,0",172,18,[NULL]
4,"1013,1,0",172,18,[NULL]
5,"0,2,16,1,17,1,324,1,0",172,18,[NULL]
0,654,173,17,[NULL]
1,653,173,17,[NULL]
2,"669,1,6",173,17,[NULL]
3,"107,1,174,1,3",173,17,[NULL]
4,"41,1,324,1,3",173,17,[NULL]
5,"13,1,569,1,3",173,17,[NULL]
6,"0,2,18,1,475,1,3",173,17,[NULL]
7,"1016,1,0",173,17,[NULL]
8,"1015,1,0",173,17,[NULL]
0,"3,1,558",174,16,[NULL]
1,"825,1,3",174,16,[NULL]
2,"824,1,3",174,16,[NULL]
3,"0,1,814,1,3",174,16,[NULL]
4,"0,2,801,1,3",174,16,[NULL]
5,"0,2,39,1,324,1,3",174,16,[NULL]
6,"1019,1,0",174,16,[NULL]
7,"1018,1,0",174,16,[NULL]
8,"1017,1,0",174,16,[NULL]
9,"75,1,288,1,0",174,16,[NULL]
10,"1,1,988,1,0",174,16,[NULL]
11,"0,2,59,1,324,1,0",174,16,[NULL]
0,"390,1,20",175,15,[NULL]
1,"3,1,731,1,3",175,15,[NULL]
2,"3,1,730,1,3",175,15,[NULL]
3,"0,1,815,1,3",175,15,[NULL]
4,"0,2,40,1,324,1,3",175,15,[NULL]
5,"1022,1,0",175,15,[NULL]
6,"1021,1,0",175,15,[NULL]
7,"1020,1,0",175,15,[NULL]
8,"1,1,59,1,324,1,0",175,15,[NULL]
0,656,176,14,[NULL]
1,655,176,14,[NULL]
2,"673,1,6",176,14,[NULL]
3,"3,1,732,1,3",176,14,[NULL]
4,"0,1,817,1,3",176,14,[NULL]
5,"0,1,3,1,719,1,3",176,14,[NULL]
6,"0,3,793,1,3",176,14,[NULL]
7,"1024,1,0",176,14,[NULL]
8,"1023,1,0",176,14,[NULL]
9,"0,1,1008,1,0",176,14,[NULL]
0,657,177,13,[NULL]
1,"1,1,637",177,13,[NULL]
2,"390,1,21",177,13,[NULL]
3,"396,1,20",177,13,[NULL]
4,"674,1,6",177,13,[NULL]
5,"826,1,3",177,13,[NULL]
6,"3,1,734,1,3",177,13,[NULL]
7,"0,5,18,1,446,1,3",177,13,[NULL]
8,"1025,1,0",177,13,[NULL]
9,"0,2,993,1,0",177,13,[NULL]
0,"198,1,58",178,12,[NULL]
1,"392,1,21",178,12,[NULL]
2,"398,1,20",178,12,[NULL]
3,"719,1,5",178,12,[NULL]
4,"827,1,3",178,12,[NULL]
5,"0,1,818,1,3",178,12,[NULL]
6,"0,2,802,1,3",178,12,[NULL]
7,"0,5,34,1,324,1,3",178,12,[NULL]
8,"1026,1,0",178,12,[NULL]
0,"2,1,612",179,11,[NULL]
1,"367,1,24",179,11,[NULL]
2,"394,1,22",179,11,[NULL]
3,"397,1,21",179,11,[NULL]
4,"396,1,21",179,11,[NULL]
5,"828,1,3",179,11,[NULL]
6,"1,1,802,1,3",179,11,[NULL]
7,"0,3,36,1,324,1,3",179,11,[NULL]
8,"1027,1,0",179,11,[NULL]
0,659,180,10,[NULL]
1,658,180,10,[NULL]
2,"396,1,22",180,10,[NULL]
3,"399,1,21",180,10,[NULL]
4,"398,1,21",180,10,[NULL]
5,"445,1,14",180,10,[NULL]
6,"0,2,849,1,1",180,10,[NULL]
7,"1028,1,0",180,10,[NULL]
8,"16,1,18,1,324,1,0",180,10,[NULL]
0,"35,1,274",181,9,[NULL]
1,"92,1,133",181,9,[NULL]
2,"398,1,22",181,9,[NULL]
3,"400,1,21",181,9,[NULL]
4,"2,2,324,1,17",181,9,[NULL]
5,"0,2,850,1,1",181,9,[NULL]
6,"17,1,18,1,324,1,0",181,9,[NULL]
7,"0,2,994,1,0",181,9,[NULL]
0,"400,1,22",182,8,[NULL]
1,"446,1,14",182,8,[NULL]
2,"0,1,660,1,6",182,8,[NULL]
3,"1,1,61,1,324,1,0",182,8,[NULL]
0,660,183,7,[NULL]
1,"0,2,18,1,353",183,7,[NULL]
2,"324,1,27",183,7,[NULL]
0,"0,2,18,1,324,1,6",184,6,[NULL]
0,"0,191,0",0,191,[NULL]
0,"0,179,1",8,183,[NULL]
0,"0,176,2",12,179,[NULL]
0,"0,176,3",14,177,[NULL]
0,"0,63,324,1,0",127,64,[NULL]
0,"1029,1,0",128,63,[NULL]
0,"0,2,995,1,0",129,62,[NULL]
0,"0,2,996,1,0",130,61,[NULL]
0,"0,2,804,1,2",131,60,[NULL]
0,"0,2,803,1,3",132,59,[NULL]
0,"1,1,803,1,3",133,58,[NULL]
1,"0,2,804,1,3",133,58,[NULL]
0,"0,8,917,1,0",134,57,[NULL]
0,"0,51,324,1,1",135,56,[NULL]
0,"0,2,8,2,431,1,3",136,55,[NULL]
0,"0,2,8,1,16,1,296,1,3",137,54,[NULL]
0,"0,12,686,1,2",138,53,[NULL]
0,"0,48,324,1,2",139,52,[NULL]
1,"0,2,16,1,635,1,0",139,52,[NULL]
0,"0,12,686,1,3",140,51,[NULL]
1,"0,2,16,1,636,1,0",140,51,[NULL]
0,"0,48,324,1,3",141,50,[NULL]
0,"0,2,805,1,3",142,49,[NULL]
0,"0,2,806,1,3",143,48,[NULL]
1,"1030,1,0",143,48,[NULL]
0,"0,2,8,3,403,1,0",144,47,[NULL]
0,"1031,1,0",145,46,[NULL]
0,"0,5,17,2,225,1,3",146,45,[NULL]
1,"1032,1,0",146,45,[NULL]
0,"0,2,8,2,433,1,3",147,44,[NULL]
1,"8,2,595,1,0",147,44,[NULL]
0,"402,1,18",148,43,[NULL]
1,"8,1,17,1,488,1,0",148,43,[NULL]
0,"829,1,3",149,42,[NULL]
1,"0,5,807,1,1",149,42,[NULL]
2,"1033,1,0",149,42,[NULL]
3,"8,2,596,1,0",149,42,[NULL]
0,"8,2,452,1,3",150,41,[NULL]
1,"0,2,64,1,224,1,2",150,41,[NULL]
2,"0,6,795,1,1",150,41,[NULL]
3,"8,2,597,1,0",150,41,[NULL]
4,"0,2,64,1,298,1,0",150,41,[NULL]
0,"97,1,124",151,40,[NULL]
1,"16,1,17,1,244,1,3",151,40,[NULL]
2,"0,2,64,1,225,1,2",151,40,[NULL]
3,"8,4,257,1,0",151,40,[NULL]
0,"8,1,31,1,245,1,3",152,39,[NULL]
1,"0,2,64,1,224,1,3",152,39,[NULL]
2,"0,3,17,1,491,1,2",152,39,[NULL]
3,"8,3,17,1,206,1,0",152,39,[NULL]
0,"8,2,453,1,3",153,38,[NULL]
1,"1,1,64,1,224,1,3",153,38,[NULL]
2,"0,2,64,1,225,1,3",153,38,[NULL]
3,"0,2,809,1,2",153,38,[NULL]
4,"0,2,807,1,2",153,38,[NULL]
5,"64,1,244,1,1",153,38,[NULL]
6,"8,1,16,1,491,1,0",153,38,[NULL]
7,"8,4,258,1,0",153,38,[NULL]
0,"8,3,16,1,149,1,3",154,37,[NULL]
1,"0,3,17,1,491,1,3",154,37,[NULL]
2,"0,3,795,1,2",154,37,[NULL]
3,"138,1,149,1,1",154,37,[NULL]
4,"8,1,17,1,491,1,0",154,37,[NULL]
5,"8,4,259,1,0",154,37,[NULL]
0,"64,1,137,1,8",155,36,[NULL]
1,"8,3,17,1,149,1,3",155,36,[NULL]
2,"0,2,809,1,3",155,36,[NULL]
3,"0,2,807,1,3",155,36,[NULL]
4,"17,2,260,1,1",155,36,[NULL]
5,"1034,1,0",155,36,[NULL]
6,"8,5,180,1,0",155,36,[NULL]
0,"8,1,623,1,3",156,35,[NULL]
1,"8,3,277,1,3",156,35,[NULL]
2,"0,3,795,1,3",156,35,[NULL]
3,"59,1,260,1,1",156,35,[NULL]
4,"42,1,491,1,0",156,35,[NULL]
5,"8,1,796,1,0",156,35,[NULL]
6,"8,4,9,1,167,1,0",156,35,[NULL]
7,"0,8,919,1,0",156,35,[NULL]
0,"17,1,516,1,3",157,34,[NULL]
1,"8,4,193,1,3",157,34,[NULL]
2,"8,2,64,1,149,1,0",157,34,[NULL]
3,"8,3,9,1,248,1,0",157,34,[NULL]
4,"8,4,260,1,0",157,34,[NULL]
5,"0,9,898,1,0",157,34,[NULL]
0,"830,1,3",158,33,[NULL]
1,"8,4,194,1,3",158,33,[NULL]
2,"8,2,598,1,0",158,33,[NULL]
3,"8,2,16,1,292,1,0",158,33,[NULL]
4,"8,2,9,1,13,1,219,1,0",158,33,[NULL]
0,"831,1,3",159,32,[NULL]
1,"8,3,13,1,167,1,3",159,32,[NULL]
2,"8,1,9,1,13,2,194,1,0",159,32,[NULL]
3,"8,2,599,1,0",159,32,[NULL]
4,"8,2,17,1,292,1,0",159,32,[NULL]
0,"260,1,34",160,31,[NULL]
1,"8,1,64,1,160,1,3",160,31,[NULL]
2,"8,2,13,1,248,1,3",160,31,[NULL]
3,"8,3,278,1,3",160,31,[NULL]
4,"9,1,13,3,167,1,0",160,31,[NULL]
5,"8,2,602,1,0",160,31,[NULL]
6,"8,3,420,1,0",160,31,[NULL]
7,"1,1,64,3,0",160,31,[NULL]
0,"8,1,624,1,3",161,30,[NULL]
1,"8,1,13,2,219,1,3",161,30,[NULL]
2,"8,2,454,1,3",161,30,[NULL]
3,"8,2,13,1,346,1,0",161,30,[NULL]
4,"8,3,16,1,209,1,0",161,30,[NULL]
0,"13,3,194,1,3",162,29,[NULL]
1,"8,1,20,1,292,1,3",162,29,[NULL]
2,"8,2,455,1,3",162,29,[NULL]
3,"8,1,13,2,292,1,0",162,29,[NULL]
4,"8,3,17,1,209,1,0",162,29,[NULL]
5,"0,2,64,1,301,1,0",162,29,[NULL]
0,"8,1,625,1,3",163,28,[NULL]
1,"8,1,9,1,420,1,3",163,28,[NULL]
2,"13,1,23,1,346,1,0",163,28,[NULL]
3,"8,1,797,1,0",163,28,[NULL]
4,"8,4,261,1,0",163,28,[NULL]
5,"1,2,963,1,0",163,28,[NULL]
0,661,164,27,[NULL]
1,"9,1,13,1,346,1,3",164,27,[NULL]
2,"8,3,279,1,3",164,27,[NULL]
3,"0,2,811,1,3",164,27,[NULL]
4,"0,6,64,1,209,1,3",164,27,[NULL]
5,"17,1,655,1,0",164,27,[NULL]
6,"8,3,423,1,0",164,27,[NULL]
7,"2,1,963,1,0",164,27,[NULL]
0,"13,1,167,1,33",165,26,[NULL]
1,"8,3,280,1,3",165,26,[NULL]
2,"0,6,760,1,3",165,26,[NULL]
3,"0,11,743,1,1",165,26,[NULL]
4,"1035,1,0",165,26,[NULL]
5,"64,1,318,1,0",165,26,[NULL]
6,"8,2,13,2,209,1,0",165,26,[NULL]
0,"8,1,627,1,3",166,25,[NULL]
1,"8,2,9,1,261,1,3",166,25,[NULL]
2,"0,3,836,1,1",166,25,[NULL]
3,"72,1,293,1,0",166,25,[NULL]
4,"8,1,13,2,294,1,0",166,25,[NULL]
0,"832,1,3",167,24,[NULL]
1,"8,1,9,1,423,1,3",167,24,[NULL]
2,"13,3,261,1,0",167,24,[NULL]
3,"8,1,72,1,209,1,0",167,24,[NULL]
4,"1,1,64,1,308,1,0",167,24,[NULL]
0,"9,1,13,2,209,1,3",168,23,[NULL]
1,"0,2,8,1,613,1,3",168,23,[NULL]
2,"8,1,798,1,0",168,23,[NULL]
0,"834,1,3",169,22,[NULL]
1,"64,1,235,1,2",169,22,[NULL]
2,"0,8,743,1,2",169,22,[NULL]
3,"1036,1,0",169,22,[NULL]
4,"9,1,761,1,0",169,22,[NULL]
0,"423,1,17",170,21,[NULL]
1,"79,1,209,1,3",170,21,[NULL]
2,"837,1,2",170,21,[NULL]
3,"836,1,2",170,21,[NULL]
0,"293,1,29",171,20,[NULL]
1,"80,1,209,1,3",171,20,[NULL]
2,"64,1,235,1,3",171,20,[NULL]
3,"0,8,743,1,3",171,20,[NULL]
4,"838,1,2",171,20,[NULL]
5,"1038,1,0",171,20,[NULL]
0,662,172,19,[NULL]
1,"837,1,3",172,19,[NULL]
2,"836,1,3",172,19,[NULL]
3,"835,1,3",172,19,[NULL]
4,"3,2,648,1,3",172,19,[NULL]
5,"0,1,825,1,2",172,19,[NULL]
6,"1040,1,0",172,19,[NULL]
7,"1039,1,0",172,19,[NULL]
0,"0,1,653",173,18,[NULL]
1,"838,1,3",173,18,[NULL]
2,"1044,1,0",173,18,[NULL]
3,"1043,1,0",173,18,[NULL]
4,"1042,1,0",173,18,[NULL]
5,"0,1,1016,1,0",173,18,[NULL]
6,"0,1,1015,1,0",173,18,[NULL]
0,663,174,17,[NULL]
1,"678,1,6",174,17,[NULL]
2,"0,1,825,1,3",174,17,[NULL]
3,"0,2,814,1,3",174,17,[NULL]
4,"1045,1,0",174,17,[NULL]
5,"8,1,39,1,324,1,0",174,17,[NULL]
6,"0,1,1018,1,0",174,17,[NULL]
7,"0,1,1017,1,0",174,17,[NULL]
8,"0,3,59,1,324,1,0",174,17,[NULL]
0,"841,1,3",175,16,[NULL]
1,"0,1,3,1,730,1,3",175,16,[NULL]
2,"0,2,815,1,3",175,16,[NULL]
3,"1046,1,0",175,16,[NULL]
4,"8,1,40,1,324,1,0",175,16,[NULL]
5,"2,1,967,1,0",175,16,[NULL]
6,"0,1,1021,1,0",175,16,[NULL]
7,"0,1,1020,1,0",175,16,[NULL]
0,"409,1,21",176,15,[NULL]
1,"843,1,3",176,15,[NULL]
2,"842,1,3",176,15,[NULL]
3,"18,1,502,1,3",176,15,[NULL]
4,"0,2,817,1,3",176,15,[NULL]
5,"0,2,3,1,719,1,3",176,15,[NULL]
6,"17,1,20,1,324,1,0",176,15,[NULL]
7,"13,1,734,1,0",176,15,[NULL]
8,"0,1,1024,1,0",176,15,[NULL]
0,"69,1,95,1,17",177,14,[NULL]
1,"845,1,3",177,14,[NULL]
2,"8,1,16,1,324,1,3",177,14,[NULL]
3,"0,1,826,1,3",177,14,[NULL]
4,"0,1,3,1,734,1,3",177,14,[NULL]
5,"1047,1,0",177,14,[NULL]
6,"63,1,324,1,0",177,14,[NULL]
0,664,178,13,[NULL]
1,"0,1,719,1,5",178,13,[NULL]
2,"8,1,17,1,324,1,3",178,13,[NULL]
3,"8,1,9,1,13,1,324,1,0",178,13,[NULL]
0,665,179,12,[NULL]
1,"414,1,22",179,12,[NULL]
2,"7,1,68,1,163,1,3",179,12,[NULL]
3,"0,1,828,1,3",179,12,[NULL]
4,"9,1,32,1,324,1,0",179,12,[NULL]
5,"0,1,1027,1,0",179,12,[NULL]
0,"3,1,569",180,11,[NULL]
1,"415,1,22",180,11,[NULL]
2,"18,1,352,1,6",180,11,[NULL]
3,"846,1,3",180,11,[NULL]
4,"42,1,324,1,3",180,11,[NULL]
5,"18,1,504,1,3",180,11,[NULL]
6,"0,3,849,1,1",180,11,[NULL]
7,"64,1,324,1,0",180,11,[NULL]
8,"0,1,1028,1,0",180,11,[NULL]
0,666,181,10,[NULL]
1,"18,1,377",181,10,[NULL]
2,"0,1,398,1,22",181,10,[NULL]
3,"847,1,3",181,10,[NULL]
4,"13,2,324,1,3",181,10,[NULL]
5,"1,1,819,1,3",181,10,[NULL]
6,"0,3,850,1,1",181,10,[NULL]
7,"0,1,17,1,18,1,324,1,0",181,10,[NULL]
0,"1,1,324,1,25",182,9,[NULL]
1,"848,1,3",182,9,[NULL]
2,"1,1,5,1,18,1,324,1,3",182,9,[NULL]
3,"18,1,506,1,2",182,9,[NULL]
4,"3,1,750,1,2",182,9,[NULL]
0,"6,1,18,1,324,1,3",183,8,[NULL]
1,"3,1,749,1,3",183,8,[NULL]
2,"43,1,324,1,2",183,8,[NULL]
3,"3,1,751,1,2",183,8,[NULL]
0,"18,1,506,1,3",184,7,[NULL]
1,"3,1,750,1,3",184,7,[NULL]
2,"849,1,2",184,7,[NULL]
3,"3,2,18,1,324,1,2",184,7,[NULL]
0,"43,1,324,1,3",185,6,[NULL]
1,"3,1,751,1,3",185,6,[NULL]
2,"850,1,2",185,6,[NULL]
0,"849,1,3",186,5,[NULL]
1,"3,2,18,1,324,1,3",186,5,[NULL]
0,"850,1,3",187,4,[NULL]
0,"0,192,0",0,192,[NULL]
0,"0,180,1",8,184,[NULL]
0,"0,177,2",12,180,[NULL]
0,"0,177,3",14,178,[NULL]
0,"0,3,804,1,2",131,61,[NULL]
0,"8,1,803,1,0",132,60,[NULL]
0,"0,3,804,1,3",133,59,[NULL]
1,"8,1,804,1,0",133,59,[NULL]
0,"17,1,554,1,1",134,58,[NULL]
0,"851,1,3",135,57,[NULL]
1,"0,52,324,1,1",135,57,[NULL]
2,"1048,1,0",135,57,[NULL]
0,"852,1,3",136,56,[NULL]
1,"8,3,431,1,0",136,56,[NULL]
0,"8,2,16,1,296,1,0",137,55,[NULL]
0,"8,2,17,1,296,1,0",138,54,[NULL]
0,"8,2,469,1,3",139,53,[NULL]
1,"0,49,324,1,2",139,53,[NULL]
2,"8,2,607,1,0",139,53,[NULL]
0,"8,2,470,1,3",140,52,[NULL]
1,"0,13,686,1,3",140,52,[NULL]
2,"8,5,182,1,0",140,52,[NULL]
0,"8,1,17,1,326,1,3",141,51,[NULL]
1,"0,49,324,1,3",141,51,[NULL]
2,"8,5,183,1,0",141,51,[NULL]
0,"8,1,634,1,3",142,50,[NULL]
1,"8,1,805,1,0",142,50,[NULL]
2,"8,3,16,1,17,1,111,1,0",142,50,[NULL]
3,"1,2,969,1,0",142,50,[NULL]
0,"8,4,199,1,3",143,49,[NULL]
1,"8,1,806,1,0",143,49,[NULL]
2,"8,4,265,1,0",143,49,[NULL]
3,"0,1,1030,1,0",143,49,[NULL]
0,"8,4,200,1,3",144,48,[NULL]
1,"17,1,663,1,0",144,48,[NULL]
2,"8,7,71,1,0",144,48,[NULL]
0,"8,1,635,1,3",145,47,[NULL]
1,"8,3,17,1,153,1,3",145,47,[NULL]
2,"8,6,16,1,50,1,0",145,47,[NULL]
3,"0,1,1031,1,0",145,47,[NULL]
0,"8,1,636,1,3",146,46,[NULL]
1,"8,3,283,1,3",146,46,[NULL]
2,"8,3,432,1,0",146,46,[NULL]
3,"8,6,17,1,50,1,0",146,46,[NULL]
0,"8,6,77,1,3",147,45,[NULL]
1,"8,3,433,1,0",147,45,[NULL]
2,"8,6,125,1,0",147,45,[NULL]
0,"8,6,78,1,3",148,44,[NULL]
1,"8,2,17,1,298,1,0",148,44,[NULL]
2,"8,9,16,1,0",148,44,[NULL]
0,"8,2,16,1,224,1,3",149,43,[NULL]
1,"8,5,17,1,56,1,3",149,43,[NULL]
2,"0,6,807,1,1",149,43,[NULL]
3,"8,1,17,2,238,1,0",149,43,[NULL]
4,"8,9,17,1,0",149,43,[NULL]
5,"0,1,1033,1,0",149,43,[NULL]
0,667,150,42,[NULL]
1,"8,2,16,1,225,1,3",150,42,[NULL]
2,"8,5,136,1,3",150,42,[NULL]
3,"0,3,64,1,224,1,2",150,42,[NULL]
4,"0,7,795,1,1",150,42,[NULL]
5,"8,5,184,1,0",150,42,[NULL]
6,"8,7,16,1,23,1,0",150,42,[NULL]
0,"8,2,17,1,225,1,3",151,41,[NULL]
1,"8,8,19,1,3",151,41,[NULL]
2,"0,3,64,1,225,1,2",151,41,[NULL]
3,"8,5,185,1,0",151,41,[NULL]
4,"8,8,42,1,0",151,41,[NULL]
0,"8,1,42,1,224,1,3",152,40,[NULL]
1,"8,8,20,1,3",152,40,[NULL]
2,"0,3,64,1,224,1,3",152,40,[NULL]
3,"0,4,17,1,491,1,2",152,40,[NULL]
4,"8,1,64,1,224,1,0",152,40,[NULL]
5,"8,4,17,1,147,1,0",152,40,[NULL]
6,"8,8,13,2,0",152,40,[NULL]
0,"8,5,137,1,3",153,39,[NULL]
1,"8,7,45,1,3",153,39,[NULL]
2,"0,3,64,1,225,1,3",153,39,[NULL]
3,"0,3,809,1,2",153,39,[NULL]
4,"0,3,807,1,2",153,39,[NULL]
5,"0,1,64,1,244,1,1",153,39,[NULL]
6,"8,1,64,1,225,1,0",153,39,[NULL]
7,"8,3,17,2,113,1,0",153,39,[NULL]
8,"8,7,13,1,32,1,0",153,39,[NULL]
9,"0,1,8,1,16,1,491,1,0",153,39,[NULL]
0,"8,5,138,1,3",154,38,[NULL]
1,"8,7,46,1,3",154,38,[NULL]
2,"0,4,17,1,491,1,3",154,38,[NULL]
3,"0,4,795,1,2",154,38,[NULL]
4,"0,1,138,1,149,1,1",154,38,[NULL]
5,"8,1,138,2,0",154,38,[NULL]
6,"8,6,13,2,23,1,0",154,38,[NULL]
7,"8,7,72,1,0",154,38,[NULL]
8,"0,1,8,1,17,1,491,1,0",154,38,[NULL]
0,"64,1,237,1,3",155,37,[NULL]
1,"8,3,16,1,154,1,3",155,37,[NULL]
2,"8,6,9,1,13,2,3",155,37,[NULL]
3,"0,3,809,1,3",155,37,[NULL]
4,"0,3,807,1,3",155,37,[NULL]
5,"8,1,808,1,0",155,37,[NULL]
6,"8,5,13,2,51,1,0",155,37,[NULL]
7,"8,6,127,1,0",155,37,[NULL]
0,"64,1,238,1,3",156,36,[NULL]
1,"8,3,17,1,154,1,3",156,36,[NULL]
2,"8,5,9,1,13,1,32,1,3",156,36,[NULL]
3,"0,1,8,1,623,1,3",156,36,[NULL]
4,"0,4,795,1,3",156,36,[NULL]
5,"8,2,16,1,64,2,0",156,36,[NULL]
6,"8,4,13,5,0",156,36,[NULL]
7,"8,5,20,1,80,1,0",156,36,[NULL]
8,"0,9,919,1,0",156,36,[NULL]
0,"8,1,637,1,3",157,35,[NULL]
1,"8,4,9,1,13,2,23,1,3",157,35,[NULL]
2,"8,6,79,1,3",157,35,[NULL]
3,"0,1,17,1,516,1,3",157,35,[NULL]
4,"8,2,16,1,299,1,0",157,35,[NULL]
5,"8,3,13,4,32,1,0",157,35,[NULL]
6,"8,5,186,1,0",157,35,[NULL]
7,"0,10,898,1,0",157,35,[NULL]
0,"17,1,529,1,3",158,34,[NULL]
1,"8,3,9,1,13,2,51,1,3",158,34,[NULL]
2,"8,6,80,1,3",158,34,[NULL]
3,"8,2,13,5,23,1,0",158,34,[NULL]
4,"8,3,434,1,0",158,34,[NULL]
5,"8,4,9,1,13,1,101,1,0",158,34,[NULL]
6,"1,1,1009,1,0",158,34,[NULL]
0,"491,1,10",159,33,[NULL]
1,"8,2,64,1,112,1,3",159,33,[NULL]
2,"8,2,9,1,13,5,3",159,33,[NULL]
3,"8,4,22,1,80,1,3",159,33,[NULL]
4,"8,1,13,5,51,1,0",159,33,[NULL]
5,"8,3,435,1,0",159,33,[NULL]
6,"8,3,9,1,13,2,80,1,0",159,33,[NULL]
0,"64,1,180",160,32,[NULL]
1,"0,1,260,1,34",160,32,[NULL]
2,"8,1,9,1,13,4,32,1,3",160,32,[NULL]
3,"8,2,64,1,113,1,3",160,32,[NULL]
4,"8,4,23,1,80,1,3",160,32,[NULL]
5,"13,8,0",160,32,[NULL]
6,"8,2,9,1,13,1,23,1,101,1,0",160,32,[NULL]
7,"8,5,187,1,0",160,32,[NULL]
0,668,161,31,[NULL]
1,"9,1,13,5,23,1,3",161,31,[NULL]
2,"8,2,471,1,3",161,31,[NULL]
3,"8,3,13,2,101,1,3",161,31,[NULL]
4,"8,1,9,1,13,2,23,1,80,1,0",161,31,[NULL]
5,"8,5,188,1,0",161,31,[NULL]
0,"8,1,9,1,435,1,3",162,30,[NULL]
1,"8,2,13,3,80,1,3",162,30,[NULL]
2,"64,2,72,1,0",162,30,[NULL]
3,"9,1,13,4,101,1,0",162,30,[NULL]
4,"8,4,267,1,0",162,30,[NULL]
0,"260,1,38",163,29,[NULL]
1,"13,4,32,1,17",163,29,[NULL]
2,"8,1,13,2,23,1,101,1,3",163,29,[NULL]
3,"8,4,201,1,3",163,29,[NULL]
4,"64,1,327,1,0",163,29,[NULL]
5,"8,3,23,1,188,1,0",163,29,[NULL]
6,"0,1,8,1,797,1,0",163,29,[NULL]
0,669,164,28,[NULL]
1,"13,3,23,1,80,1,3",164,28,[NULL]
2,"8,3,9,1,188,1,3",164,28,[NULL]
3,"8,1,812,1,0",164,28,[NULL]
4,"8,2,13,2,212,1,0",164,28,[NULL]
5,"0,1,17,1,655,1,0",164,28,[NULL]
6,"0,1,2,1,963,1,0",164,28,[NULL]
0,"8,2,9,1,267,1,3",165,27,[NULL]
1,"13,3,266,1,0",165,27,[NULL]
2,"8,1,813,1,0",165,27,[NULL]
3,"8,1,13,3,188,1,0",165,27,[NULL]
4,"2,1,973,1,0",165,27,[NULL]
5,"0,1,1035,1,0",165,27,[NULL]
0,"5,1,510",166,26,[NULL]
1,"853,1,3",166,26,[NULL]
2,"8,1,9,1,23,1,188,1,3",166,26,[NULL]
3,"0,1,8,1,627,1,3",166,26,[NULL]
4,"13,3,267,1,0",166,26,[NULL]
5,"8,2,610,1,0",166,26,[NULL]
0,"347,1,25",167,25,[NULL]
1,"855,1,3",167,25,[NULL]
2,"854,1,3",167,25,[NULL]
3,"9,1,13,2,212,1,3",167,25,[NULL]
4,"0,1,832,1,3",167,25,[NULL]
5,"8,1,80,1,201,1,0",167,25,[NULL]
0,"856,1,3",168,24,[NULL]
1,"13,2,328,1,3",168,24,[NULL]
2,"8,1,638,1,3",168,24,[NULL]
3,"9,1,80,1,188,1,0",168,24,[NULL]
4,"7,1,832,1,0",168,24,[NULL]
0,"23,1,188,1,17",169,23,[NULL]
1,"8,1,640,1,3",169,23,[NULL]
2,"0,1,64,1,235,1,2",169,23,[NULL]
3,"0,9,743,1,2",169,23,[NULL]
4,"1049,1,0",169,23,[NULL]
5,"13,2,23,1,213,1,0",169,23,[NULL]
6,"1,1,62,1,324,1,0",169,23,[NULL]
0,"300,1,29",170,22,[NULL]
1,"80,1,212,1,3",170,22,[NULL]
2,"7,1,655,1,3",170,22,[NULL]
3,"0,1,837,1,2",170,22,[NULL]
4,"0,1,836,1,2",170,22,[NULL]
5,"65,1,324,1,0",170,22,[NULL]
0,"857,1,3",171,21,[NULL]
1,"8,1,17,1,333,1,3",171,21,[NULL]
2,"0,1,64,1,235,1,3",171,21,[NULL]
3,"0,9,743,1,3",171,21,[NULL]
4,"0,1,838,1,2",171,21,[NULL]
5,"1051,1,0",171,21,[NULL]
6,"1050,1,0",171,21,[NULL]
0,670,172,20,[NULL]
1,"0,1,662",172,20,[NULL]
2,"64,1,239,1,3",172,20,[NULL]
3,"13,2,331,1,3",172,20,[NULL]
4,"0,1,837,1,3",172,20,[NULL]
5,"0,1,836,1,3",172,20,[NULL]
6,"0,2,825,1,2",172,20,[NULL]
7,"1,1,1011,1,0",172,20,[NULL]
8,"0,1,1040,1,0",172,20,[NULL]
9,"0,1,1039,1,0",172,20,[NULL]
0,671,173,19,[NULL]
1,"693,1,6",173,19,[NULL]
2,"0,1,838,1,3",173,19,[NULL]
3,"1052,1,0",173,19,[NULL]
4,"1,1,1014,1,0",173,19,[NULL]
5,"1,1,1013,1,0",173,19,[NULL]
6,"0,2,1015,1,0",173,19,[NULL]
0,"2,1,634",174,18,[NULL]
1,"351,1,25",174,18,[NULL]
2,"8,2,479,1,3",174,18,[NULL]
3,"1,1,41,1,324,1,3",174,18,[NULL]
4,"0,2,825,1,3",174,18,[NULL]
5,"1053,1,0",174,18,[NULL]
6,"0,1,8,1,39,1,324,1,0",174,18,[NULL]
7,"0,2,1017,1,0",174,18,[NULL]
8,"0,4,59,1,324,1,0",174,18,[NULL]
0,672,175,17,[NULL]
1,"288,1,33",175,17,[NULL]
2,"1,1,825,1,3",175,17,[NULL]
3,"0,1,841,1,3",175,17,[NULL]
4,"0,1,1046,1,0",175,17,[NULL]
5,"0,1,8,1,40,1,324,1,0",175,17,[NULL]
6,"0,2,1021,1,0",175,17,[NULL]
0,"0,1,843,1,3",176,16,[NULL]
1,"0,1,18,1,502,1,3",176,16,[NULL]
2,"1054,1,0",176,16,[NULL]
3,"1,1,1022,1,0",176,16,[NULL]
4,"0,1,17,1,20,1,324,1,0",176,16,[NULL]
0,674,177,15,[NULL]
1,673,177,15,[NULL]
2,"3,1,578",177,15,[NULL]
3,"0,1,845,1,3",177,15,[NULL]
4,"0,1,8,1,16,1,324,1,3",177,15,[NULL]
5,"2,1,991,1,0",177,15,[NULL]
6,"2,1,990,1,0",177,15,[NULL]
7,"1,1,1023,1,0",177,15,[NULL]
0,676,178,14,[NULL]
1,675,178,14,[NULL]
2,"445,1,17",178,14,[NULL]
3,"859,1,3",178,14,[NULL]
4,"858,1,3",178,14,[NULL]
5,"43,1,333,1,3",178,14,[NULL]
6,"1,1,826,1,3",178,14,[NULL]
7,"0,1,8,1,17,1,324,1,3",178,14,[NULL]
8,"1056,1,0",178,14,[NULL]
9,"1055,1,0",178,14,[NULL]
0,679,179,13,[NULL]
1,678,179,13,[NULL]
2,677,179,13,[NULL]
3,"3,1,583",179,13,[NULL]
4,"3,1,582",179,13,[NULL]
5,"861,1,3",179,13,[NULL]
6,"860,1,3",179,13,[NULL]
7,"3,1,755,1,3",179,13,[NULL]
8,"1057,1,0",179,13,[NULL]
9,"1,1,1026,1,0",179,13,[NULL]
0,680,180,12,[NULL]
1,"3,1,584",180,12,[NULL]
2,"0,1,3,1,569",180,12,[NULL]
3,"3,1,757,1,3",180,12,[NULL]
4,"3,1,756,1,3",180,12,[NULL]
5,"0,1,846,1,3",180,12,[NULL]
6,"0,1,18,1,504,1,3",180,12,[NULL]
7,"1,1,1027,1,0",180,12,[NULL]
8,"0,1,64,1,324,1,0",180,12,[NULL]
9,"0,2,1028,1,0",180,12,[NULL]
0,681,181,11,[NULL]
1,"3,1,587",181,11,[NULL]
2,"3,1,585",181,11,[NULL]
3,"392,1,24",181,11,[NULL]
4,"2,1,802,1,3",181,11,[NULL]
5,"0,1,847,1,3",181,11,[NULL]
6,"66,1,324,1,0",181,11,[NULL]
7,"0,2,17,1,18,1,324,1,0",181,11,[NULL]
0,"2,1,641",182,10,[NULL]
1,"3,1,589",182,10,[NULL]
2,"397,1,24",182,10,[NULL]
3,"396,1,24",182,10,[NULL]
4,"0,1,848,1,3",182,10,[NULL]
5,"0,1,18,1,506,1,2",182,10,[NULL]
0,"3,1,590",183,9,[NULL]
1,"399,1,24",183,9,[NULL]
2,"398,1,24",183,9,[NULL]
3,"0,1,6,1,18,1,324,1,3",183,9,[NULL]
4,"0,1,3,1,749,1,3",183,9,[NULL]
5,"0,1,43,1,324,1,2",183,9,[NULL]
0,"400,1,24",184,8,[NULL]
1,"3,1,324,1,20",184,8,[NULL]
2,"0,1,18,1,506,1,3",184,8,[NULL]
3,"0,1,3,1,750,1,3",184,8,[NULL]
4,"0,1,849,1,2",184,8,[NULL]
5,"67,1,324,1,0",184,8,[NULL]
6,"2,1,994,1,0",184,8,[NULL]
0,"3,1,18,1,310",185,7,[NULL]
1,"0,1,43,1,324,1,3",185,7,[NULL]
2,"0,1,3,1,751,1,3",185,7,[NULL]
3,"0,1,850,1,2",185,7,[NULL]
4,"68,1,324,1,0",185,7,[NULL]
0,"3,1,324,1,21",186,6,[NULL]
1,"0,1,849,1,3",186,6,[NULL]
2,"0,1,3,2,18,1,324,1,3",186,6,[NULL]
0,"3,1,324,1,22",187,5,[NULL]
1,"0,1,850,1,3",187,5,[NULL]
0,"1058,1,0",188,4,[NULL]
0,"18,2,324,1,0",189,3,[NULL]
0,"0,193,0",0,193,[NULL]
0,"0,181,1",8,185,[NULL]
0,"0,178,2",12,181,[NULL]
0,"0,178,3",14,179,[NULL]
0,"1,1,1029,1,0",129,64,[NULL]
0,"0,4,804,1,2",131,62,[NULL]
0,"0,1,8,1,803,1,0",132,61,[NULL]
0,"0,4,804,1,3",133,60,[NULL]
1,"0,1,8,1,804,1,0",133,60,[NULL]
0,"0,1,17,1,554,1,1",134,59,[NULL]
0,"0,1,851,1,3",135,58,[NULL]
1,"0,53,324,1,1",135,58,[NULL]
0,"0,1,852,1,3",136,57,[NULL]
0,682,138,55,[NULL]
0,"0,50,324,1,2",139,54,[NULL]
0,"0,14,686,1,3",140,53,[NULL]
0,"0,50,324,1,3",141,52,[NULL]
0,683,142,51,[NULL]
1,"0,1,8,1,805,1,0",142,51,[NULL]
0,"0,1,8,1,806,1,0",143,50,[NULL]
1,"0,2,1030,1,0",143,50,[NULL]
0,"0,1,17,1,663,1,0",144,49,[NULL]
0,"0,1,8,1,635,1,3",145,48,[NULL]
0,"0,1,8,1,636,1,3",146,47,[NULL]
0,"5,1,685,1,3",147,46,[NULL]
0,"452,1,15",149,44,[NULL]
1,"0,1,8,2,16,1,224,1,3",149,44,[NULL]
2,"0,7,807,1,1",149,44,[NULL]
3,"0,2,1033,1,0",149,44,[NULL]
0,"0,1,8,2,16,1,225,1,3",150,43,[NULL]
1,"0,4,64,1,224,1,2",150,43,[NULL]
2,"0,8,795,1,1",150,43,[NULL]
3,"1059,1,0",150,43,[NULL]
4,"1,1,1033,1,0",150,43,[NULL]
0,"0,4,64,1,225,1,2",151,42,[NULL]
0,"0,4,64,1,224,1,3",152,41,[NULL]
1,"0,5,17,1,491,1,2",152,41,[NULL]
2,"0,1,8,1,64,1,224,1,0",152,41,[NULL]
0,"0,4,64,1,225,1,3",153,40,[NULL]
1,"0,4,807,1,2",153,40,[NULL]
2,"0,2,64,1,244,1,1",153,40,[NULL]
3,"0,1,8,1,64,1,225,1,0",153,40,[NULL]
4,"0,2,8,1,16,1,491,1,0",153,40,[NULL]
0,"0,5,17,1,491,1,3",154,39,[NULL]
1,"0,5,795,1,2",154,39,[NULL]
2,"0,2,138,1,149,1,1",154,39,[NULL]
3,"5,1,64,1,244,1,0",154,39,[NULL]
4,"0,2,8,1,17,1,491,1,0",154,39,[NULL]
0,"0,1,64,1,237,1,3",155,38,[NULL]
1,"0,4,809,1,3",155,38,[NULL]
2,"0,4,807,1,3",155,38,[NULL]
0,"0,1,64,1,238,1,3",156,37,[NULL]
1,"0,2,8,1,623,1,3",156,37,[NULL]
2,"0,5,795,1,3",156,37,[NULL]
3,"0,10,919,1,0",156,37,[NULL]
0,"0,2,17,1,516,1,3",157,36,[NULL]
1,"1,1,42,1,491,1,0",157,36,[NULL]
2,"0,11,898,1,0",157,36,[NULL]
0,685,158,35,[NULL]
1,684,158,35,[NULL]
0,"0,1,491,1,10",159,34,[NULL]
1,"1060,1,0",159,34,[NULL]
0,"0,1,64,1,180",160,33,[NULL]
1,"0,2,260,1,34",160,33,[NULL]
2,"1061,1,0",160,33,[NULL]
0,"862,1,2",161,32,[NULL]
1,"8,1,820,1,0",161,32,[NULL]
0,"8,1,821,1,0",162,31,[NULL]
0,"863,1,3",163,30,[NULL]
1,"862,1,3",163,30,[NULL]
2,"9,1,784,1,0",163,30,[NULL]
3,"0,2,8,1,797,1,0",163,30,[NULL]
0,"0,1,669",164,29,[NULL]
1,"8,1,642,1,3",164,29,[NULL]
2,"0,2,17,1,655,1,0",164,29,[NULL]
0,"420,1,18",165,28,[NULL]
1,"864,1,3",165,28,[NULL]
0,"0,1,853,1,3",166,27,[NULL]
1,"0,2,8,1,627,1,3",166,27,[NULL]
2,"13,5,95,1,0",166,27,[NULL]
0,"0,1,855,1,3",167,26,[NULL]
1,"0,2,832,1,3",167,26,[NULL]
0,"0,1,856,1,3",168,25,[NULL]
0,686,169,24,[NULL]
1,"13,3,75,1,17",169,24,[NULL]
2,"0,2,64,1,235,1,2",169,24,[NULL]
3,"0,10,743,1,2",169,24,[NULL]
4,"0,1,1049,1,0",169,24,[NULL]
0,"0,1,7,1,655,1,3",170,23,[NULL]
1,"0,2,837,1,2",170,23,[NULL]
2,"0,2,836,1,2",170,23,[NULL]
3,"1063,1,0",170,23,[NULL]
4,"1062,1,0",170,23,[NULL]
5,"0,1,65,1,324,1,0",170,23,[NULL]
0,"0,1,8,1,17,1,333,1,3",171,22,[NULL]
1,"0,2,64,1,235,1,3",171,22,[NULL]
2,"0,10,743,1,3",171,22,[NULL]
3,"0,2,838,1,2",171,22,[NULL]
4,"23,1,618,1,0",171,22,[NULL]
5,"0,1,1051,1,0",171,22,[NULL]
0,687,172,21,[NULL]
1,"0,2,662",172,21,[NULL]
2,"0,1,64,1,239,1,3",172,21,[NULL]
3,"0,2,837,1,3",172,21,[NULL]
4,"0,2,836,1,3",172,21,[NULL]
5,"0,3,825,1,2",172,21,[NULL]
6,"891,1,1",172,21,[NULL]
7,"13,1,75,1,188,1,0",172,21,[NULL]
8,"7,1,857,1,0",172,21,[NULL]
0,"0,1,671",173,20,[NULL]
1,"1,1,836,1,3",173,20,[NULL]
2,"0,2,838,1,3",173,20,[NULL]
3,"3,1,763,1,2",173,20,[NULL]
4,"1065,1,0",173,20,[NULL]
5,"1064,1,0",173,20,[NULL]
6,"0,3,1015,1,0",173,20,[NULL]
0,"865,1,3",174,19,[NULL]
1,"44,1,324,1,3",174,19,[NULL]
2,"1,1,838,1,3",174,19,[NULL]
3,"0,3,825,1,3",174,19,[NULL]
4,"1066,1,0",174,19,[NULL]
5,"13,1,23,1,373,1,0",174,19,[NULL]
6,"1,1,1042,1,0",174,19,[NULL]
7,"0,2,8,1,39,1,324,1,0",174,19,[NULL]
8,"0,5,59,1,324,1,0",174,19,[NULL]
0,688,175,18,[NULL]
1,"707,1,6",175,18,[NULL]
2,"3,1,763,1,3",175,18,[NULL]
3,"1068,1,0",175,18,[NULL]
4,"1067,1,0",175,18,[NULL]
5,"13,1,75,1,190,1,0",175,18,[NULL]
6,"2,1,1002,1,0",175,18,[NULL]
7,"0,2,8,1,40,1,324,1,0",175,18,[NULL]
0,"189,1,68",176,17,[NULL]
1,"324,1,28",176,17,[NULL]
2,"3,1,764,1,3",176,17,[NULL]
3,"0,2,843,1,3",176,17,[NULL]
4,"0,2,18,1,502,1,3",176,17,[NULL]
5,"1,1,1046,1,0",176,17,[NULL]
0,"428,1,20",177,16,[NULL]
1,"450,1,17",177,16,[NULL]
2,"43,1,336,1,3",177,16,[NULL]
3,"2,1,814,1,3",177,16,[NULL]
4,"1,1,842,1,3",177,16,[NULL]
5,"0,2,845,1,3",177,16,[NULL]
6,"0,2,8,1,16,1,324,1,3",177,16,[NULL]
7,"1070,1,0",177,16,[NULL]
8,"1069,1,0",177,16,[NULL]
9,"67,1,333,1,0",177,16,[NULL]
0,"867,1,3",178,15,[NULL]
1,"0,1,859,1,3",178,15,[NULL]
2,"0,1,858,1,3",178,15,[NULL]
3,"0,1,43,1,333,1,3",178,15,[NULL]
4,"0,2,8,1,17,1,324,1,3",178,15,[NULL]
5,"1072,1,0",178,15,[NULL]
6,"1071,1,0",178,15,[NULL]
7,"1,1,1047,1,0",178,15,[NULL]
8,"0,1,1056,1,0",178,15,[NULL]
9,"0,1,1055,1,0",178,15,[NULL]
0,"313,1,29",179,14,[NULL]
1,"711,1,6",179,14,[NULL]
2,"3,1,769,1,3",179,14,[NULL]
3,"0,1,861,1,3",179,14,[NULL]
4,"0,1,3,1,755,1,3",179,14,[NULL]
5,"1073,1,0",179,14,[NULL]
6,"2,1,1008,1,0",179,14,[NULL]
7,"0,1,1057,1,0",179,14,[NULL]
0,"1,1,665",180,13,[NULL]
1,"428,1,22",180,13,[NULL]
2,"712,1,6",180,13,[NULL]
3,"869,1,3",180,13,[NULL]
4,"0,1,3,1,757,1,3",180,13,[NULL]
5,"0,1,3,1,756,1,3",180,13,[NULL]
6,"7,1,860,1,0",180,13,[NULL]
7,"0,2,64,1,324,1,0",180,13,[NULL]
0,689,181,12,[NULL]
1,"3,1,771,1,3",181,12,[NULL]
2,"0,1,2,1,802,1,3",181,12,[NULL]
3,"7,1,676,1,2",181,12,[NULL]
4,"1074,1,0",181,12,[NULL]
5,"1,1,64,1,324,1,0",181,12,[NULL]
6,"0,1,66,1,324,1,0",181,12,[NULL]
0,"18,1,523,1,3",182,11,[NULL]
1,"1,1,847,1,3",182,11,[NULL]
2,"0,2,848,1,3",182,11,[NULL]
3,"0,2,18,1,506,1,2",182,11,[NULL]
4,"70,1,323,1,0",182,11,[NULL]
5,"18,2,333,1,0",182,11,[NULL]
0,"18,1,524,1,3",183,10,[NULL]
1,"7,1,676,1,3",183,10,[NULL]
2,"0,2,6,1,18,1,324,1,3",183,10,[NULL]
3,"0,2,43,1,324,1,2",183,10,[NULL]
4,"18,1,659,1,0",183,10,[NULL]
5,"18,1,19,1,324,1,0",183,10,[NULL]
0,690,184,9,[NULL]
1,"0,2,18,1,506,1,3",184,9,[NULL]
2,"0,2,849,1,2",184,9,[NULL]
3,"18,1,20,1,324,1,0",184,9,[NULL]
4,"0,1,67,1,324,1,0",184,9,[NULL]
0,"1,1,18,1,506,1,3",185,8,[NULL]
1,"0,2,43,1,324,1,3",185,8,[NULL]
2,"0,2,850,1,2",185,8,[NULL]
3,"0,1,68,1,324,1,0",185,8,[NULL]
0,"8,1,18,1,324,1,3",186,7,[NULL]
1,"1,1,43,1,324,1,3",186,7,[NULL]
2,"0,2,849,1,3",186,7,[NULL]
0,"0,1,3,1,324,1,22",187,6,[NULL]
1,"1,1,849,1,3",187,6,[NULL]
2,"0,2,850,1,3",187,6,[NULL]
3,"18,1,660,1,0",187,6,[NULL]
0,"1,1,850,1,3",188,5,[NULL]
1,"70,1,324,1,0",188,5,[NULL]
2,"0,1,1058,1,0",188,5,[NULL]
0,"0,1,18,2,324,1,0",189,4,[NULL]
0,"0,194,0",0,194,[NULL]
0,"0,182,1",8,186,[NULL]
0,"0,179,2",12,182,[NULL]
0,"0,179,3",14,180,[NULL]
0,"1075,1,0",129,65,[NULL]
0,"0,5,804,1,2",131,63,[NULL]
0,"0,2,8,1,803,1,0",132,62,[NULL]
0,"0,5,804,1,3",133,61,[NULL]
1,"0,2,8,1,804,1,0",133,61,[NULL]
0,"870,1,3",134,60,[NULL]
0,"0,2,851,1,3",135,59,[NULL]
1,"0,54,324,1,1",135,59,[NULL]
0,"0,2,852,1,3",136,58,[NULL]
1,"1,1,1048,1,0",136,58,[NULL]
0,"0,1,682",138,56,[NULL]
0,"0,51,324,1,2",139,55,[NULL]
0,"0,15,686,1,3",140,54,[NULL]
0,"0,51,324,1,3",141,53,[NULL]
0,"0,2,8,1,805,1,0",142,52,[NULL]
0,"0,2,8,1,806,1,0",143,51,[NULL]
0,"0,2,8,1,635,1,3",145,49,[NULL]
0,"0,2,8,1,636,1,3",146,48,[NULL]
1,"16,1,685,1,0",146,48,[NULL]
0,"17,1,685,1,0",147,47,[NULL]
0,"16,1,686,1,0",148,46,[NULL]
0,"871,1,3",149,45,[NULL]
1,"8,1,829,1,0",149,45,[NULL]
2,"0,3,1033,1,0",149,45,[NULL]
0,"0,2,8,2,16,1,225,1,3",150,44,[NULL]
1,"0,9,795,1,1",150,44,[NULL]
2,"8,3,452,1,0",150,44,[NULL]
3,"0,1,1059,1,0",150,44,[NULL]
0,"872,1,3",151,43,[NULL]
1,"0,5,64,1,225,1,2",151,43,[NULL]
2,"8,1,16,1,17,1,244,1,0",151,43,[NULL]
0,"873,1,3",152,42,[NULL]
1,"0,5,64,1,224,1,3",152,42,[NULL]
2,"1076,1,0",152,42,[NULL]
3,"8,2,31,1,245,1,0",152,42,[NULL]
0,"8,2,488,1,3",153,41,[NULL]
1,"0,5,64,1,225,1,3",153,41,[NULL]
2,"0,5,807,1,2",153,41,[NULL]
3,"8,3,453,1,0",153,41,[NULL]
4,"0,2,8,1,64,1,225,1,0",153,41,[NULL]
0,"8,1,17,1,343,1,3",154,40,[NULL]
1,"0,6,795,1,2",154,40,[NULL]
2,"8,4,16,1,149,1,0",154,40,[NULL]
0,"8,2,489,1,3",155,39,[NULL]
1,"0,5,809,1,3",155,39,[NULL]
2,"0,5,807,1,3",155,39,[NULL]
3,"8,4,17,1,149,1,0",155,39,[NULL]
0,"8,2,490,1,3",156,38,[NULL]
1,"0,2,64,1,238,1,3",156,38,[NULL]
2,"0,6,795,1,3",156,38,[NULL]
3,"64,1,343,1,0",156,38,[NULL]
4,"8,2,623,1,0",156,38,[NULL]
5,"8,4,277,1,0",156,38,[NULL]
6,"0,11,919,1,0",156,38,[NULL]
0,691,157,37,[NULL]
1,"8,4,206,1,3",157,37,[NULL]
2,"64,1,244,1,2",157,37,[NULL]
3,"113,1,244,1,0",157,37,[NULL]
4,"8,1,17,1,516,1,0",157,37,[NULL]
5,"8,5,193,1,0",157,37,[NULL]
6,"0,12,898,1,0",157,37,[NULL]
0,"8,3,17,1,160,1,3",158,36,[NULL]
1,"138,1,149,1,2",158,36,[NULL]
2,"17,2,380,1,0",158,36,[NULL]
3,"8,1,830,1,0",158,36,[NULL]
4,"8,5,194,1,0",158,36,[NULL]
0,"64,1,244,1,3",159,35,[NULL]
1,"8,2,491,1,3",159,35,[NULL]
2,"8,4,207,1,3",159,35,[NULL]
3,"17,2,260,1,2",159,35,[NULL]
4,"42,1,516,1,0",159,35,[NULL]
5,"8,1,831,1,0",159,35,[NULL]
6,"8,4,13,1,167,1,0",159,35,[NULL]
0,"138,1,149,1,3",160,34,[NULL]
1,"16,1,17,1,260,1,3",160,34,[NULL]
2,"8,4,208,1,3",160,34,[NULL]
3,"64,1,246,1,2",160,34,[NULL]
4,"59,1,260,1,2",160,34,[NULL]
5,"8,2,64,1,160,1,0",160,34,[NULL]
6,"8,3,13,1,248,1,0",160,34,[NULL]
7,"8,4,278,1,0",160,34,[NULL]
0,"64,2,30",161,33,[NULL]
1,"64,1,245,1,3",161,33,[NULL]
2,"17,2,260,1,3",161,33,[NULL]
3,"8,3,9,1,194,1,3",161,33,[NULL]
4,"0,1,862,1,2",161,33,[NULL]
5,"8,2,624,1,0",161,33,[NULL]
6,"8,2,13,2,219,1,0",161,33,[NULL]
7,"8,3,454,1,0",161,33,[NULL]
0,"64,1,246,1,3",162,32,[NULL]
1,"60,1,260,1,3",162,32,[NULL]
2,"59,1,260,1,3",162,32,[NULL]
3,"8,1,653,1,3",162,32,[NULL]
4,"8,2,9,1,13,1,167,1,3",162,32,[NULL]
5,"64,1,260,1,1",162,32,[NULL]
6,"8,1,13,3,194,1,0",162,32,[NULL]
7,"8,2,20,1,292,1,0",162,32,[NULL]
8,"8,3,455,1,0",162,32,[NULL]
0,"8,1,16,1,347,1,3",163,31,[NULL]
1,"8,1,9,1,13,1,248,1,3",163,31,[NULL]
2,"8,3,291,1,3",163,31,[NULL]
3,"0,1,862,1,3",163,31,[NULL]
4,"897,1,1",163,31,[NULL]
5,"13,4,167,1,0",163,31,[NULL]
6,"8,2,625,1,0",163,31,[NULL]
7,"8,2,9,1,420,1,0",163,31,[NULL]
0,"0,2,669",164,30,[NULL]
1,"491,1,12",164,30,[NULL]
2,"9,1,13,2,219,1,3",164,30,[NULL]
3,"8,1,17,1,347,1,3",164,30,[NULL]
4,"8,3,292,1,3",164,30,[NULL]
5,"8,1,9,1,13,1,346,1,0",164,30,[NULL]
6,"8,4,279,1,0",164,30,[NULL]
0,"8,1,22,1,292,1,3",165,29,[NULL]
1,"8,2,492,1,3",165,29,[NULL]
2,"898,1,1",165,29,[NULL]
3,"1077,1,0",165,29,[NULL]
4,"9,1,13,2,292,1,0",165,29,[NULL]
5,"8,4,280,1,0",165,29,[NULL]
0,"13,1,248,1,17",166,28,[NULL]
1,"8,1,23,1,292,1,3",166,28,[NULL]
2,"8,3,293,1,3",166,28,[NULL]
3,"5,1,64,1,187,1,3",166,28,[NULL]
4,"64,1,347,1,0",166,28,[NULL]
5,"8,2,627,1,0",166,28,[NULL]
6,"8,3,9,1,261,1,0",166,28,[NULL]
7,"2,1,1010,1,0",166,28,[NULL]
0,"13,2,346,1,3",167,27,[NULL]
1,"8,4,209,1,3",167,27,[NULL]
2,"0,2,855,1,3",167,27,[NULL]
3,"138,1,209,1,0",167,27,[NULL]
4,"17,1,690,1,0",167,27,[NULL]
5,"8,1,832,1,0",167,27,[NULL]
6,"8,2,9,1,423,1,0",167,27,[NULL]
0,692,168,26,[NULL]
1,"436,1,18",168,26,[NULL]
2,"832,1,4",168,26,[NULL]
3,"8,3,294,1,3",168,26,[NULL]
4,"64,1,348,1,0",168,26,[NULL]
5,"23,1,627,1,0",168,26,[NULL]
6,"8,1,9,1,13,2,209,1,0",168,26,[NULL]
0,"8,1,655,1,3",169,25,[NULL]
1,"8,2,13,1,261,1,3",169,25,[NULL]
2,"0,11,743,1,2",169,25,[NULL]
3,"1080,1,0",169,25,[NULL]
4,"1079,1,0",169,25,[NULL]
5,"64,1,349,1,0",169,25,[NULL]
6,"9,1,13,2,294,1,0",169,25,[NULL]
7,"8,1,834,1,0",169,25,[NULL]
8,"0,2,1049,1,0",169,25,[NULL]
0,"875,1,3",170,24,[NULL]
1,"874,1,3",170,24,[NULL]
2,"8,1,13,1,423,1,3",170,24,[NULL]
3,"0,3,836,1,2",170,24,[NULL]
4,"8,1,79,1,209,1,0",170,24,[NULL]
5,"0,1,1063,1,0",170,24,[NULL]
6,"0,2,65,1,324,1,0",170,24,[NULL]
0,"876,1,3",171,23,[NULL]
1,"64,1,250,1,3",171,23,[NULL]
2,"13,3,209,1,3",171,23,[NULL]
3,"0,2,8,1,17,1,333,1,3",171,23,[NULL]
4,"0,3,64,1,235,1,3",171,23,[NULL]
5,"0,11,743,1,3",171,23,[NULL]
6,"0,3,838,1,2",171,23,[NULL]
7,"8,1,80,1,209,1,0",171,23,[NULL]
8,"0,2,1051,1,0",171,23,[NULL]
0,"878,1,3",172,22,[NULL]
1,"1,1,857,1,3",172,22,[NULL]
2,"0,3,837,1,3",172,22,[NULL]
3,"0,3,836,1,3",172,22,[NULL]
4,"0,1,891,1,1",172,22,[NULL]
5,"1084,1,0",172,22,[NULL]
6,"1083,1,0",172,22,[NULL]
7,"23,1,629,1,0",172,22,[NULL]
8,"13,1,761,1,0",172,22,[NULL]
9,"1,1,1051,1,0",172,22,[NULL]
0,"0,2,671",173,21,[NULL]
1,"89,1,209,1,3",173,21,[NULL]
2,"0,3,838,1,3",173,21,[NULL]
3,"908,1,1",173,21,[NULL]
4,"71,1,324,1,0",173,21,[NULL]
5,"64,1,351,1,0",173,21,[NULL]
6,"0,4,1015,1,0",173,21,[NULL]
0,"1,1,671",174,20,[NULL]
1,"294,1,33",174,20,[NULL]
2,"879,1,3",174,20,[NULL]
3,"0,4,825,1,3",174,20,[NULL]
4,"50,1,324,1,1",174,20,[NULL]
5,"0,6,59,1,324,1,0",174,20,[NULL]
0,693,175,19,[NULL]
1,"880,1,3",175,19,[NULL]
2,"0,1,3,1,763,1,3",175,19,[NULL]
3,"8,1,841,1,0",175,19,[NULL]
4,"0,1,1068,1,0",175,19,[NULL]
0,"881,1,3",176,18,[NULL]
1,"0,1,3,1,764,1,3",176,18,[NULL]
2,"1086,1,0",176,18,[NULL]
3,"67,1,336,1,0",176,18,[NULL]
0,694,177,17,[NULL]
1,"2,1,824,1,3",177,17,[NULL]
2,"8,2,16,1,324,1,0",177,17,[NULL]
3,"0,1,1069,1,0",177,17,[NULL]
4,"0,1,67,1,333,1,0",177,17,[NULL]
0,"320,1,29",178,16,[NULL]
1,"92,1,209,1,3",178,16,[NULL]
2,"0,2,858,1,3",178,16,[NULL]
3,"1087,1,0",178,16,[NULL]
4,"8,2,17,1,324,1,0",178,16,[NULL]
5,"0,1,1071,1,0",178,16,[NULL]
6,"0,2,1056,1,0",178,16,[NULL]
0,"2,1,656",179,15,[NULL]
1,"107,1,130",179,15,[NULL]
2,"882,1,3",179,15,[NULL]
3,"8,1,18,1,333,1,3",179,15,[NULL]
4,"1088,1,0",179,15,[NULL]
5,"16,1,23,1,324,1,0",179,15,[NULL]
6,"0,1,1073,1,0",179,15,[NULL]
7,"0,2,1057,1,0",179,15,[NULL]
0,695,180,14,[NULL]
1,"8,1,659,1,3",180,14,[NULL]
2,"8,1,19,1,324,1,3",180,14,[NULL]
3,"1,1,860,1,3",180,14,[NULL]
4,"0,1,869,1,3",180,14,[NULL]
5,"884,1,2",180,14,[NULL]
6,"1090,1,0",180,14,[NULL]
7,"1089,1,0",180,14,[NULL]
8,"8,1,42,1,324,1,0",180,14,[NULL]
9,"1,1,1057,1,0",180,14,[NULL]
0,696,181,13,[NULL]
1,"0,1,689",181,13,[NULL]
2,"719,1,6",181,13,[NULL]
3,"883,1,3",181,13,[NULL]
4,"43,1,352,1,3",181,13,[NULL]
5,"8,1,20,1,324,1,3",181,13,[NULL]
6,"0,1,7,1,676,1,2",181,13,[NULL]
7,"1091,1,0",181,13,[NULL]
8,"8,1,13,2,324,1,0",181,13,[NULL]
0,700,182,12,[NULL]
1,699,182,12,[NULL]
2,698,182,12,[NULL]
3,697,182,12,[NULL]
4,"323,1,29",182,12,[NULL]
5,"884,1,3",182,12,[NULL]
6,"45,1,324,1,3",182,12,[NULL]
7,"13,1,32,1,324,1,0",182,12,[NULL]
8,"0,1,18,2,333,1,0",182,12,[NULL]
0,703,183,11,[NULL]
1,702,183,11,[NULL]
2,701,183,11,[NULL]
3,"3,1,613",183,11,[NULL]
4,"3,1,612",183,11,[NULL]
5,"46,1,324,1,3",183,11,[NULL]
6,"0,1,7,1,676,1,3",183,11,[NULL]
7,"72,1,324,1,0",183,11,[NULL]
8,"0,1,18,1,659,1,0",183,11,[NULL]
0,705,184,10,[NULL]
1,704,184,10,[NULL]
2,"3,1,614",184,10,[NULL]
3,"0,3,18,1,506,1,3",184,10,[NULL]
4,"0,3,849,1,2",184,10,[NULL]
5,"0,1,18,1,20,1,324,1,0",184,10,[NULL]
0,"3,1,616",185,9,[NULL]
1,"885,1,3",185,9,[NULL]
2,"0,3,850,1,2",185,9,[NULL]
3,"0,2,68,1,324,1,0",185,9,[NULL]
0,706,186,8,[NULL]
1,"0,1,8,1,18,1,324,1,3",186,8,[NULL]
2,"0,3,849,1,3",186,8,[NULL]
0,707,187,7,[NULL]
1,"0,3,850,1,3",187,7,[NULL]
2,"0,1,18,1,660,1,0",187,7,[NULL]
0,"324,1,29",188,6,[NULL]
1,"0,2,1058,1,0",188,6,[NULL]
0,"3,1,324,1,24",189,5,[NULL]
1,"1,1,1058,1,0",189,5,[NULL]
2,"0,2,18,2,324,1,0",189,5,[NULL]
0,708,190,4,[NULL]
1,"1,1,18,2,324,1,0",190,4,[NULL]
0,"0,195,0",0,195,[NULL]
0,"0,183,1",8,187,[NULL]
0,"0,180,2",12,183,[NULL]
0,"0,180,3",14,181,[NULL]
0,"0,55,324,1,1",135,60,[NULL]
1,"8,1,851,1,0",135,60,[NULL]
0,"8,1,852,1,0",136,59,[NULL]
0,"17,1,701,1,0",137,58,[NULL]
0,"8,1,661,1,3",138,57,[NULL]
1,"17,1,554,1,2",138,57,[NULL]
2,"1092,1,0",138,57,[NULL]
0,"16,1,554,1,3",139,56,[NULL]
1,"0,52,324,1,2",139,56,[NULL]
2,"8,3,469,1,0",139,56,[NULL]
0,"17,1,554,1,3",140,55,[NULL]
1,"8,3,470,1,0",140,55,[NULL]
0,"886,1,3",141,54,[NULL]
1,"0,52,324,1,3",141,54,[NULL]
2,"916,1,1",141,54,[NULL]
3,"8,2,17,1,326,1,0",141,54,[NULL]
0,"8,3,295,1,3",142,53,[NULL]
1,"917,1,1",142,53,[NULL]
2,"8,2,634,1,0",142,53,[NULL]
0,"379,1,25",143,52,[NULL]
1,"8,3,296,1,3",143,52,[NULL]
2,"8,5,199,1,0",143,52,[NULL]
0,"8,1,16,1,17,1,183,1,3",144,51,[NULL]
1,"8,5,200,1,0",144,51,[NULL]
0,"8,2,498,1,3",145,50,[NULL]
1,"8,2,635,1,0",145,50,[NULL]
2,"8,4,17,1,153,1,0",145,50,[NULL]
0,"8,5,145,1,3",146,49,[NULL]
1,"8,2,636,1,0",146,49,[NULL]
2,"8,4,283,1,0",146,49,[NULL]
3,"0,1,16,1,685,1,0",146,49,[NULL]
0,"8,4,16,1,111,1,3",147,48,[NULL]
1,"16,1,17,1,403,1,0",147,48,[NULL]
2,"8,7,77,1,0",147,48,[NULL]
3,"0,1,17,1,685,1,0",147,48,[NULL]
0,"8,1,662,1,3",148,47,[NULL]
1,"8,4,17,1,111,1,3",148,47,[NULL]
2,"59,1,402,1,0",148,47,[NULL]
3,"17,2,403,1,0",148,47,[NULL]
4,"8,7,78,1,0",148,47,[NULL]
0,"8,1,663,1,3",149,46,[NULL]
1,"8,4,211,1,3",149,46,[NULL]
2,"0,1,871,1,3",149,46,[NULL]
3,"8,3,16,1,224,1,0",149,46,[NULL]
4,"8,6,17,1,56,1,0",149,46,[NULL]
5,"0,4,1033,1,0",149,46,[NULL]
0,"17,1,556,1,3",150,45,[NULL]
1,"8,7,49,1,3",150,45,[NULL]
2,"0,10,795,1,1",150,45,[NULL]
3,"8,3,16,1,225,1,0",150,45,[NULL]
4,"8,6,136,1,0",150,45,[NULL]
5,"0,2,1059,1,0",150,45,[NULL]
0,"8,7,50,1,3",151,44,[NULL]
1,"8,3,17,1,225,1,0",151,44,[NULL]
2,"8,9,19,1,0",151,44,[NULL]
3,"1,2,1033,1,0",151,44,[NULL]
0,"8,3,297,1,3",152,43,[NULL]
1,"8,5,16,1,17,2,3",152,43,[NULL]
2,"0,6,64,1,224,1,3",152,43,[NULL]
3,"8,2,42,1,224,1,0",152,43,[NULL]
4,"8,9,20,1,0",152,43,[NULL]
5,"0,1,1076,1,0",152,43,[NULL]
0,"8,3,298,1,3",153,42,[NULL]
1,"8,6,88,1,3",153,42,[NULL]
2,"0,6,64,1,225,1,3",153,42,[NULL]
3,"0,6,807,1,2",153,42,[NULL]
4,"1093,1,0",153,42,[NULL]
5,"8,6,137,1,0",153,42,[NULL]
6,"8,8,45,1,0",153,42,[NULL]
0,"8,2,17,1,238,1,3",154,41,[NULL]
1,"8,10,3",154,41,[NULL]
2,"0,7,795,1,2",154,41,[NULL]
3,"8,6,138,1,0",154,41,[NULL]
4,"8,8,46,1,0",154,41,[NULL]
0,"8,1,17,2,185,1,3",155,40,[NULL]
1,"8,8,22,1,3",155,40,[NULL]
2,"0,6,807,1,3",155,40,[NULL]
3,"8,1,64,1,237,1,0",155,40,[NULL]
4,"8,4,16,1,154,1,0",155,40,[NULL]
5,"8,7,9,1,13,2,0",155,40,[NULL]
6,"1,1,5,1,64,1,244,1,0",155,40,[NULL]
0,"8,5,146,1,3",156,39,[NULL]
1,"8,8,23,1,3",156,39,[NULL]
2,"0,7,795,1,3",156,39,[NULL]
3,"8,1,64,1,238,1,0",156,39,[NULL]
4,"8,4,17,1,154,1,0",156,39,[NULL]
5,"8,6,9,1,13,1,32,1,0",156,39,[NULL]
6,"0,1,8,2,623,1,0",156,39,[NULL]
7,"0,12,919,1,0",156,39,[NULL]
0,"8,5,147,1,3",157,38,[NULL]
1,"8,7,51,1,3",157,38,[NULL]
2,"0,1,64,1,244,1,2",157,38,[NULL]
3,"8,2,637,1,0",157,38,[NULL]
4,"8,5,9,1,13,2,23,1,0",157,38,[NULL]
5,"8,7,79,1,0",157,38,[NULL]
6,"0,1,8,1,17,1,516,1,0",157,38,[NULL]
7,"0,13,898,1,0",157,38,[NULL]
0,"16,1,64,1,137,1,3",158,37,[NULL]
1,"8,4,17,1,113,1,3",158,37,[NULL]
2,"8,6,13,3,3",158,37,[NULL]
3,"0,1,138,1,149,1,2",158,37,[NULL]
4,"8,1,17,1,529,1,0",158,37,[NULL]
5,"8,4,9,1,13,2,51,1,0",158,37,[NULL]
6,"8,7,80,1,0",158,37,[NULL]
0,"44,1,244",159,36,[NULL]
1,"16,1,64,1,138,1,3",159,36,[NULL]
2,"8,3,17,1,162,1,3",159,36,[NULL]
3,"8,5,13,2,32,1,3",159,36,[NULL]
4,"0,1,64,1,244,1,3",159,36,[NULL]
5,"0,1,8,2,491,1,3",159,36,[NULL]
6,"0,1,17,2,260,1,2",159,36,[NULL]
7,"8,3,64,1,112,1,0",159,36,[NULL]
8,"8,3,9,1,13,5,0",159,36,[NULL]
9,"8,5,22,1,80,1,0",159,36,[NULL]
0,"8,1,664,1,3",160,35,[NULL]
1,"8,4,13,3,23,1,3",160,35,[NULL]
2,"8,6,89,1,3",160,35,[NULL]
3,"0,1,138,1,149,1,3",160,35,[NULL]
4,"0,1,16,1,17,1,260,1,3",160,35,[NULL]
5,"0,1,64,1,246,1,2",160,35,[NULL]
6,"0,1,59,1,260,1,2",160,35,[NULL]
7,"8,2,9,1,13,4,32,1,0",160,35,[NULL]
8,"8,3,64,1,113,1,0",160,35,[NULL]
9,"8,5,23,1,80,1,0",160,35,[NULL]
0,"8,1,665,1,3",161,34,[NULL]
1,"8,3,13,3,51,1,3",161,34,[NULL]
2,"8,5,9,1,80,1,3",161,34,[NULL]
3,"0,1,17,2,260,1,3",161,34,[NULL]
4,"0,2,862,1,2",161,34,[NULL]
5,"8,1,9,1,13,5,23,1,0",161,34,[NULL]
6,"8,3,471,1,0",161,34,[NULL]
7,"8,4,13,2,101,1,0",161,34,[NULL]
0,"8,2,13,6,3",162,33,[NULL]
1,"8,3,64,2,3",162,33,[NULL]
2,"8,4,23,1,89,1,3",162,33,[NULL]
3,"0,1,64,1,246,1,3",162,33,[NULL]
4,"0,1,59,1,260,1,3",162,33,[NULL]
5,"0,1,64,1,260,1,1",162,33,[NULL]
6,"9,1,13,5,51,1,0",162,33,[NULL]
7,"8,2,9,1,435,1,0",162,33,[NULL]
8,"8,3,13,3,80,1,0",162,33,[NULL]
0,"72,1,180",163,32,[NULL]
1,"8,1,13,5,32,1,3",163,32,[NULL]
2,"8,3,299,1,3",163,32,[NULL]
3,"8,3,9,1,23,1,80,1,3",163,32,[NULL]
4,"0,2,862,1,3",163,32,[NULL]
5,"0,1,897,1,1",163,32,[NULL]
6,"8,2,13,2,23,1,101,1,0",163,32,[NULL]
7,"8,5,201,1,0",163,32,[NULL]
0,"13,6,23,1,3",164,31,[NULL]
1,"8,2,499,1,3",164,31,[NULL]
2,"8,2,9,1,13,2,101,1,3",164,31,[NULL]
3,"921,1,1",164,31,[NULL]
4,"919,1,1",164,31,[NULL]
5,"1094,1,0",164,31,[NULL]
6,"8,1,13,3,23,1,80,1,0",164,31,[NULL]
7,"8,4,9,1,188,1,0",164,31,[NULL]
0,"8,1,13,1,435,1,3",165,30,[NULL]
1,"8,1,9,1,13,3,80,1,3",165,30,[NULL]
2,"0,1,898,1,1",165,30,[NULL]
3,"16,1,64,1,187,1,0",165,30,[NULL]
4,"13,5,101,1,0",165,30,[NULL]
5,"8,3,9,1,267,1,0",165,30,[NULL]
0,"9,1,13,2,23,1,101,1,3",166,29,[NULL]
1,"8,4,212,1,3",166,29,[NULL]
2,"16,1,64,1,188,1,0",166,29,[NULL]
3,"8,2,9,1,23,1,188,1,0",166,29,[NULL]
4,"0,1,64,1,347,1,0",166,29,[NULL]
5,"0,1,8,2,627,1,0",166,29,[NULL]
0,"13,3,51,1,33",167,28,[NULL]
1,"8,3,13,1,188,1,3",167,28,[NULL]
2,"1095,1,0",167,28,[NULL]
3,"8,1,854,1,0",167,28,[NULL]
4,"8,1,9,1,13,2,212,1,0",167,28,[NULL]
5,"0,1,8,1,832,1,0",167,28,[NULL]
0,"64,1,254,1,3",168,27,[NULL]
1,"8,2,13,1,267,1,3",168,27,[NULL]
2,"9,1,13,3,188,1,0",168,27,[NULL]
3,"8,2,638,1,0",168,27,[NULL]
0,"64,1,255,1,3",169,26,[NULL]
1,"8,1,13,1,23,1,188,1,3",169,26,[NULL]
2,"0,1,8,1,655,1,3",169,26,[NULL]
3,"0,12,743,1,2",169,26,[NULL]
4,"13,3,286,1,0",169,26,[NULL]
5,"8,2,640,1,0",169,26,[NULL]
6,"0,1,64,1,349,1,0",169,26,[NULL]
0,"13,3,212,1,3",170,25,[NULL]
1,"8,1,667,1,3",170,25,[NULL]
2,"0,1,875,1,3",170,25,[NULL]
3,"0,1,874,1,3",170,25,[NULL]
4,"0,4,836,1,2",170,25,[NULL]
5,"8,1,80,1,212,1,0",170,25,[NULL]
6,"0,2,1063,1,0",170,25,[NULL]
0,"887,1,3",171,24,[NULL]
1,"8,1,668,1,3",171,24,[NULL]
2,"0,4,64,1,235,1,3",171,24,[NULL]
3,"0,12,743,1,3",171,24,[NULL]
4,"13,1,80,1,188,1,0",171,24,[NULL]
5,"1,1,1062,1,0",171,24,[NULL]
6,"0,3,1051,1,0",171,24,[NULL]
0,"472,1,17",172,23,[NULL]
1,"9,1,640,1,3",172,23,[NULL]
2,"0,4,837,1,3",172,23,[NULL]
3,"0,4,836,1,3",172,23,[NULL]
4,"0,1,1084,1,0",172,23,[NULL]
0,"0,3,671",173,22,[NULL]
1,"13,1,188,1,33",173,22,[NULL]
2,"0,4,838,1,3",173,22,[NULL]
3,"13,3,288,1,0",173,22,[NULL]
4,"1,1,7,1,857,1,0",173,22,[NULL]
5,"0,1,71,1,324,1,0",173,22,[NULL]
0,709,174,21,[NULL]
1,"1,2,836,1,3",174,21,[NULL]
2,"0,1,879,1,3",174,21,[NULL]
3,"0,5,825,1,3",174,21,[NULL]
4,"0,1,50,1,324,1,1",174,21,[NULL]
5,"1,1,1064,1,0",174,21,[NULL]
6,"0,7,59,1,324,1,0",174,21,[NULL]
0,"1,1,865,1,3",175,20,[NULL]
1,"1,1,44,1,324,1,3",175,20,[NULL]
2,"0,1,880,1,3",175,20,[NULL]
3,"0,2,3,1,763,1,3",175,20,[NULL]
4,"0,2,1068,1,0",175,20,[NULL]
0,"209,1,62",176,19,[NULL]
1,"474,1,17",176,19,[NULL]
2,"47,1,324,1,3",176,19,[NULL]
3,"7,1,692,1,3",176,19,[NULL]
4,"0,1,1086,1,0",176,19,[NULL]
0,"0,1,694",177,18,[NULL]
1,"1096,1,0",177,18,[NULL]
2,"0,1,8,2,16,1,324,1,0",177,18,[NULL]
3,"0,2,1069,1,0",177,18,[NULL]
0,710,178,17,[NULL]
1,"1097,1,0",178,17,[NULL]
2,"1,1,1070,1,0",178,17,[NULL]
3,"0,1,8,2,17,1,324,1,0",178,17,[NULL]
0,711,179,16,[NULL]
1,"0,1,882,1,3",179,16,[NULL]
2,"0,1,8,1,18,1,333,1,3",179,16,[NULL]
3,"0,1,1088,1,0",179,16,[NULL]
4,"0,3,1057,1,0",179,16,[NULL]
0,713,180,15,[NULL]
1,712,180,15,[NULL]
2,"311,1,31",180,15,[NULL]
3,"730,1,6",180,15,[NULL]
4,"0,1,8,1,659,1,3",180,15,[NULL]
5,"0,1,8,1,19,1,324,1,3",180,15,[NULL]
6,"0,2,869,1,3",180,15,[NULL]
7,"67,1,352,1,0",180,15,[NULL]
0,714,181,14,[NULL]
1,"732,1,6",181,14,[NULL]
2,"0,1,719,1,6",181,14,[NULL]
3,"3,1,788,1,3",181,14,[NULL]
4,"0,1,43,1,352,1,3",181,14,[NULL]
5,"0,1,8,1,20,1,324,1,3",181,14,[NULL]
6,"0,2,7,1,676,1,2",181,14,[NULL]
7,"1098,1,0",181,14,[NULL]
8,"18,1,683,1,0",181,14,[NULL]
9,"0,1,1091,1,0",181,14,[NULL]
0,715,182,13,[NULL]
1,"0,1,697",182,13,[NULL]
2,"734,1,6",182,13,[NULL]
3,"3,1,790,1,3",182,13,[NULL]
4,"3,1,789,1,3",182,13,[NULL]
5,"0,1,884,1,3",182,13,[NULL]
6,"1100,1,0",182,13,[NULL]
7,"1099,1,0",182,13,[NULL]
8,"1,2,64,1,324,1,0",182,13,[NULL]
0,716,183,12,[NULL]
1,"0,1,701",183,12,[NULL]
2,"3,1,792,1,3",183,12,[NULL]
3,"3,1,791,1,3",183,12,[NULL]
4,"0,2,7,1,676,1,3",183,12,[NULL]
5,"0,1,72,1,324,1,0",183,12,[NULL]
0,"3,1,632",184,11,[NULL]
1,"0,4,18,1,506,1,3",184,11,[NULL]
2,"0,4,849,1,2",184,11,[NULL]
3,"0,2,18,1,20,1,324,1,0",184,11,[NULL]
0,"0,1,885,1,3",185,10,[NULL]
1,"0,4,850,1,2",185,10,[NULL]
0,"888,1,3",186,9,[NULL]
1,"7,1,698,1,3",186,9,[NULL]
2,"0,2,8,1,18,1,324,1,3",186,9,[NULL]
3,"0,4,849,1,3",186,9,[NULL]
4,"18,1,684,1,0",186,9,[NULL]
0,"2,1,18,1,506,1,3",187,8,[NULL]
1,"1,1,8,1,18,1,324,1,3",187,8,[NULL]
2,"0,4,850,1,3",187,8,[NULL]
3,"73,1,324,1,0",187,8,[NULL]
4,"0,2,18,1,660,1,0",187,8,[NULL]
0,"2,1,43,1,324,1,3",188,7,[NULL]
1,"1,2,849,1,3",188,7,[NULL]
2,"75,1,324,1,0",188,7,[NULL]
3,"74,1,324,1,0",188,7,[NULL]
4,"1,1,18,1,660,1,0",188,7,[NULL]
5,"0,3,1058,1,0",188,7,[NULL]
0,"2,1,849,1,3",189,6,[NULL]
1,"1,2,850,1,3",189,6,[NULL]
2,"76,1,324,1,0",189,6,[NULL]
3,"1,1,70,1,324,1,0",189,6,[NULL]
4,"0,3,18,2,324,1,0",189,6,[NULL]
0,"2,1,850,1,3",190,5,[NULL]
0,"0,196,0",0,196,[NULL]
0,"0,184,1",8,188,[NULL]
0,"0,181,2",12,184,[NULL]
0,"0,181,3",14,182,[NULL]
0,"1,1,1075,1,0",130,66,[NULL]
0,"1101,1,0",131,65,[NULL]
0,"1,1,870,1,3",135,61,[NULL]
1,"0,56,324,1,1",135,61,[NULL]
2,"0,1,8,1,851,1,0",135,61,[NULL]
0,"0,1,8,1,852,1,0",136,60,[NULL]
0,"0,1,17,1,701,1,0",137,59,[NULL]
0,"0,1,8,1,661,1,3",138,58,[NULL]
1,"0,1,17,1,554,1,2",138,58,[NULL]
0,"0,1,16,1,554,1,3",139,57,[NULL]
1,"0,53,324,1,2",139,57,[NULL]
0,"0,1,17,1,554,1,3",140,56,[NULL]
0,"0,53,324,1,3",141,55,[NULL]
1,"0,1,916,1,1",141,55,[NULL]
0,"0,1,917,1,1",142,54,[NULL]
0,"0,1,8,2,635,1,0",145,51,[NULL]
0,"0,1,8,2,636,1,0",146,50,[NULL]
1,"0,2,16,1,685,1,0",146,50,[NULL]
0,"0,2,17,1,685,1,0",147,49,[NULL]
0,"0,1,8,1,662,1,3",148,48,[NULL]
0,"0,1,8,1,663,1,3",149,47,[NULL]
1,"0,2,871,1,3",149,47,[NULL]
2,"0,5,1033,1,0",149,47,[NULL]
0,"0,1,17,1,556,1,3",150,46,[NULL]
1,"0,3,1059,1,0",150,46,[NULL]
0,717,151,45,[NULL]
0,"0,7,64,1,224,1,3",152,44,[NULL]
1,"0,2,1076,1,0",152,44,[NULL]
0,"0,7,64,1,225,1,3",153,43,[NULL]
1,"0,7,807,1,2",153,43,[NULL]
2,"0,1,1093,1,0",153,43,[NULL]
0,"0,8,795,1,2",154,42,[NULL]
0,"452,1,18",155,41,[NULL]
1,"0,7,807,1,3",155,41,[NULL]
0,"5,1,725,1,3",156,40,[NULL]
1,"0,8,795,1,3",156,40,[NULL]
2,"0,2,8,2,623,1,0",156,40,[NULL]
3,"0,13,919,1,0",156,40,[NULL]
0,"0,2,64,1,244,1,2",157,39,[NULL]
1,"0,2,8,1,17,1,516,1,0",157,39,[NULL]
2,"0,14,898,1,0",157,39,[NULL]
0,"491,1,15",158,38,[NULL]
1,"0,1,16,1,64,1,137,1,3",158,38,[NULL]
2,"0,2,138,1,149,1,2",158,38,[NULL]
0,"0,1,16,1,64,1,138,1,3",159,37,[NULL]
1,"0,2,64,1,244,1,3",159,37,[NULL]
2,"0,2,8,2,491,1,3",159,37,[NULL]
3,"0,2,17,2,260,1,2",159,37,[NULL]
0,"1,1,64,1,244,1,3",160,36,[NULL]
1,"0,2,138,1,149,1,3",160,36,[NULL]
2,"0,2,16,1,17,1,260,1,3",160,36,[NULL]
3,"0,2,64,1,246,1,2",160,36,[NULL]
4,"0,2,59,1,260,1,2",160,36,[NULL]
5,"149,2,1",160,36,[NULL]
0,"0,2,17,2,260,1,3",161,35,[NULL]
1,"0,3,862,1,2",161,35,[NULL]
2,"927,1,1",161,35,[NULL]
0,"64,1,149,1,8",162,34,[NULL]
1,"0,2,64,1,246,1,3",162,34,[NULL]
2,"0,2,59,1,260,1,3",162,34,[NULL]
3,"0,2,64,1,260,1,1",162,34,[NULL]
4,"1102,1,0",162,34,[NULL]
0,"0,3,862,1,3",163,33,[NULL]
1,"0,2,897,1,1",163,33,[NULL]
2,"8,1,863,1,0",163,33,[NULL]
3,"5,1,64,1,260,1,0",163,33,[NULL]
0,"0,1,919,1,1",164,32,[NULL]
1,"8,2,642,1,0",164,32,[NULL]
0,"889,1,3",165,31,[NULL]
1,"0,2,898,1,1",165,31,[NULL]
2,"8,1,864,1,0",165,31,[NULL]
0,"890,1,3",166,30,[NULL]
1,"13,1,784,1,0",166,30,[NULL]
2,"1,1,1077,1,0",166,30,[NULL]
0,"9,1,642,1,3",167,29,[NULL]
1,"1103,1,0",167,29,[NULL]
2,"13,5,105,1,0",167,29,[NULL]
3,"1,1,64,1,347,1,0",167,29,[NULL]
4,"0,2,8,1,832,1,0",167,29,[NULL]
0,718,168,28,[NULL]
0,719,169,27,[NULL]
1,"1,1,692",169,27,[NULL]
2,"0,2,8,1,655,1,3",169,27,[NULL]
3,"0,2,64,1,349,1,0",169,27,[NULL]
0,"13,4,133,1,3",170,26,[NULL]
1,"0,2,875,1,3",170,26,[NULL]
2,"0,2,874,1,3",170,26,[NULL]
3,"0,5,836,1,2",170,26,[NULL]
4,"1,1,1080,1,0",170,26,[NULL]
0,720,171,25,[NULL]
1,"0,1,887,1,3",171,25,[NULL]
2,"0,5,64,1,235,1,3",171,25,[NULL]
3,"0,13,743,1,3",171,25,[NULL]
4,"0,4,1051,1,0",171,25,[NULL]
0,721,172,24,[NULL]
1,"0,5,837,1,3",172,24,[NULL]
2,"0,5,836,1,3",172,24,[NULL]
3,"1104,1,0",172,24,[NULL]
4,"0,2,1084,1,0",172,24,[NULL]
0,"0,5,838,1,3",173,23,[NULL]
1,"1105,1,0",173,23,[NULL]
2,"13,1,23,1,417,1,0",173,23,[NULL]
3,"1,1,1083,1,0",173,23,[NULL]
4,"0,2,71,1,324,1,0",173,23,[NULL]
0,"0,2,879,1,3",174,22,[NULL]
1,"0,6,825,1,3",174,22,[NULL]
2,"1,1,71,1,324,1,0",174,22,[NULL]
3,"1,1,64,1,351,1,0",174,22,[NULL]
4,"0,8,59,1,324,1,0",174,22,[NULL]
0,"0,2,880,1,3",175,21,[NULL]
1,"1106,1,0",175,21,[NULL]
2,"18,1,690,1,0",175,21,[NULL]
0,"13,1,619,1,3",176,20,[NULL]
1,"0,1,47,1,324,1,3",176,20,[NULL]
2,"891,1,2",176,20,[NULL]
3,"1108,1,0",176,20,[NULL]
4,"1107,1,0",176,20,[NULL]
5,"9,1,13,1,569,1,0",176,20,[NULL]
0,"66,1,189",177,19,[NULL]
1,"1109,1,0",177,19,[NULL]
2,"67,1,363,1,0",177,19,[NULL]
3,"1,1,1086,1,0",177,19,[NULL]
0,"1,1,694",178,18,[NULL]
1,"3,1,634",178,18,[NULL]
2,"891,1,3",178,18,[NULL]
3,"13,2,373,1,3",178,18,[NULL]
4,"0,2,8,2,17,1,324,1,0",178,18,[NULL]
0,"0,1,711",179,17,[NULL]
1,"0,2,882,1,3",179,17,[NULL]
2,"1111,1,0",179,17,[NULL]
3,"13,1,787,1,0",179,17,[NULL]
4,"1,1,1087,1,0",179,17,[NULL]
5,"0,2,1088,1,0",179,17,[NULL]
6,"0,4,1057,1,0",179,17,[NULL]
0,"67,1,189",180,16,[NULL]
1,"892,1,3",180,16,[NULL]
2,"0,2,8,1,19,1,324,1,3",180,16,[NULL]
3,"1113,1,0",180,16,[NULL]
4,"1112,1,0",180,16,[NULL]
5,"0,1,67,1,352,1,0",180,16,[NULL]
0,"68,1,189",181,15,[NULL]
1,"0,1,3,1,788,1,3",181,15,[NULL]
2,"0,2,8,1,20,1,324,1,3",181,15,[NULL]
3,"1,1,1090,1,0",181,15,[NULL]
4,"1,2,1057,1,0",181,15,[NULL]
5,"0,1,1098,1,0",181,15,[NULL]
6,"0,2,1091,1,0",181,15,[NULL]
0,"2,1,679",182,14,[NULL]
1,"324,1,30",182,14,[NULL]
2,"0,2,884,1,3",182,14,[NULL]
3,"1115,1,0",182,14,[NULL]
4,"1114,1,0",182,14,[NULL]
5,"2,1,1057,1,0",182,14,[NULL]
6,"0,1,1099,1,0",182,14,[NULL]
0,723,183,13,[NULL]
1,722,183,13,[NULL]
2,"1,1,698",183,13,[NULL]
3,"0,3,7,1,676,1,3",183,13,[NULL]
4,"1117,1,0",183,13,[NULL]
5,"1116,1,0",183,13,[NULL]
6,"0,2,72,1,324,1,0",183,13,[NULL]
0,724,184,12,[NULL]
1,"1,1,702",184,12,[NULL]
2,"893,1,3",184,12,[NULL]
3,"0,5,849,1,2",184,12,[NULL]
4,"1118,1,0",184,12,[NULL]
5,"1,1,72,1,324,1,0",184,12,[NULL]
0,"3,1,639",185,11,[NULL]
1,"43,1,269",185,11,[NULL]
2,"0,5,850,1,2",185,11,[NULL]
3,"1120,1,0",185,11,[NULL]
0,725,186,10,[NULL]
1,"43,1,271",186,10,[NULL]
2,"69,1,189",186,10,[NULL]
3,"0,1,7,1,698,1,3",186,10,[NULL]
4,"0,5,849,1,3",186,10,[NULL]
0,"43,1,274",187,9,[NULL]
1,"48,1,324,1,3",187,9,[NULL]
2,"0,5,850,1,3",187,9,[NULL]
3,"0,1,73,1,324,1,0",187,9,[NULL]
0,"1,1,707",188,8,[NULL]
1,"894,1,3",188,8,[NULL]
2,"0,1,75,1,324,1,0",188,8,[NULL]
3,"0,1,74,1,324,1,0",188,8,[NULL]
4,"0,4,1058,1,0",188,8,[NULL]
0,726,189,7,[NULL]
1,"1,1,324,1,29",189,7,[NULL]
2,"506,1,14",189,7,[NULL]
3,"9,1,18,1,324,1,3",189,7,[NULL]
4,"0,1,2,1,849,1,3",189,7,[NULL]
5,"0,4,18,2,324,1,0",189,7,[NULL]
0,727,190,6,[NULL]
1,"324,1,31",190,6,[NULL]
2,"751,1,6",190,6,[NULL]
3,"0,1,2,1,850,1,3",190,6,[NULL]
4,"1,2,1058,1,0",190,6,[NULL]
0,"1,1,708",191,5,[NULL]
1,"324,1,32",191,5,[NULL]
2,"2,1,1058,1,0",191,5,[NULL]
3,"1,2,18,2,324,1,0",191,5,[NULL]
0,"2,1,18,2,324,1,0",192,4,[NULL]
0,"0,197,0",0,197,[NULL]
0,"0,185,1",8,189,[NULL]
0,"0,182,2",12,185,[NULL]
0,"0,182,3",14,183,[NULL]
0,"0,1,1101,1,0",131,66,[NULL]
0,"895,1,3",135,62,[NULL]
1,"0,57,324,1,1",135,62,[NULL]
2,"0,2,8,1,851,1,0",135,62,[NULL]
0,"0,2,8,1,852,1,0",136,61,[NULL]
0,728,137,60,[NULL]
0,"0,2,8,1,661,1,3",138,59,[NULL]
1,"0,2,17,1,554,1,2",138,59,[NULL]
0,"0,2,16,1,554,1,3",139,58,[NULL]
1,"0,54,324,1,2",139,58,[NULL]
0,"0,2,17,1,554,1,3",140,57,[NULL]
0,"0,54,324,1,3",141,56,[NULL]
1,"0,2,916,1,1",141,56,[NULL]
0,"0,2,917,1,1",142,55,[NULL]
1,"5,1,916,1,0",142,55,[NULL]
0,"0,2,8,2,636,1,0",146,51,[NULL]
0,"0,2,8,1,662,1,3",148,49,[NULL]
0,"0,2,8,1,663,1,3",149,48,[NULL]
1,"8,1,871,1,0",149,48,[NULL]
2,"1,1,59,1,402,1,0",149,48,[NULL]
3,"0,6,1033,1,0",149,48,[NULL]
0,"17,1,722,1,0",150,47,[NULL]
1,"0,4,1059,1,0",150,47,[NULL]
0,"8,1,872,1,0",151,46,[NULL]
0,"8,1,685,1,3",152,45,[NULL]
1,"8,1,873,1,0",152,45,[NULL]
0,"0,8,64,1,225,1,3",153,44,[NULL]
1,"0,8,807,1,2",153,44,[NULL]
2,"8,3,488,1,0",153,44,[NULL]
0,"8,1,686,1,3",154,43,[NULL]
1,"0,9,795,1,2",154,43,[NULL]
2,"8,2,17,1,343,1,0",154,43,[NULL]
0,"8,1,687,1,3",155,42,[NULL]
1,"0,8,807,1,3",155,42,[NULL]
2,"16,1,725,1,0",155,42,[NULL]
3,"8,3,489,1,0",155,42,[NULL]
0,"8,2,16,1,244,1,3",156,41,[NULL]
1,"0,9,795,1,3",156,41,[NULL]
2,"17,1,725,1,0",156,41,[NULL]
3,"8,3,490,1,0",156,41,[NULL]
0,"8,2,17,1,244,1,3",157,40,[NULL]
1,"0,3,64,1,244,1,2",157,40,[NULL]
2,"8,5,206,1,0",157,40,[NULL]
0,"896,1,3",158,39,[NULL]
1,"8,2,16,1,245,1,3",158,39,[NULL]
2,"0,3,138,1,149,1,2",158,39,[NULL]
3,"1121,1,0",158,39,[NULL]
4,"8,4,17,1,160,1,0",158,39,[NULL]
0,"8,3,315,1,3",159,38,[NULL]
1,"0,2,16,1,64,1,138,1,3",159,38,[NULL]
2,"0,3,64,1,244,1,3",159,38,[NULL]
3,"0,3,17,2,260,1,2",159,38,[NULL]
4,"8,1,64,1,244,1,0",159,38,[NULL]
5,"8,3,491,1,0",159,38,[NULL]
6,"8,5,207,1,0",159,38,[NULL]
0,"8,5,149,1,3",160,37,[NULL]
1,"0,3,138,1,149,1,3",160,37,[NULL]
2,"0,3,64,1,246,1,2",160,37,[NULL]
3,"0,3,59,1,260,1,2",160,37,[NULL]
4,"0,1,149,2,1",160,37,[NULL]
5,"8,1,138,1,149,1,0",160,37,[NULL]
6,"8,1,16,1,17,1,260,1,0",160,37,[NULL]
7,"8,5,208,1,0",160,37,[NULL]
0,"8,3,16,1,167,1,3",161,36,[NULL]
1,"0,3,17,2,260,1,3",161,36,[NULL]
2,"0,1,927,1,1",161,36,[NULL]
3,"8,1,64,1,245,1,0",161,36,[NULL]
4,"8,1,17,2,260,1,0",161,36,[NULL]
5,"8,4,9,1,194,1,0",161,36,[NULL]
0,"64,1,257,1,3",162,35,[NULL]
1,"8,2,516,1,3",162,35,[NULL]
2,"8,4,218,1,3",162,35,[NULL]
3,"0,3,64,1,246,1,3",162,35,[NULL]
4,"0,3,59,1,260,1,3",162,35,[NULL]
5,"8,1,60,1,260,1,0",162,35,[NULL]
6,"8,2,653,1,0",162,35,[NULL]
7,"8,3,9,1,13,1,167,1,0",162,35,[NULL]
0,"138,1,160,1,3",163,34,[NULL]
1,"8,1,17,1,380,1,3",163,34,[NULL]
2,"8,4,219,1,3",163,34,[NULL]
3,"0,4,862,1,3",163,34,[NULL]
4,"8,2,16,1,347,1,0",163,34,[NULL]
5,"8,2,9,1,13,1,248,1,0",163,34,[NULL]
6,"8,4,291,1,0",163,34,[NULL]
0,"17,2,278,1,3",164,33,[NULL]
1,"8,1,688,1,3",164,33,[NULL]
2,"8,3,13,1,194,1,3",164,33,[NULL]
3,"0,2,919,1,1",164,33,[NULL]
4,"8,1,9,1,13,2,219,1,0",164,33,[NULL]
5,"8,2,17,1,347,1,0",164,33,[NULL]
6,"8,4,292,1,0",164,33,[NULL]
0,"42,1,380,1,3",165,32,[NULL]
1,"8,1,689,1,3",165,32,[NULL]
2,"8,2,13,2,167,1,3",165,32,[NULL]
3,"0,3,898,1,1",165,32,[NULL]
4,"64,1,380,1,0",165,32,[NULL]
5,"9,1,13,3,194,1,0",165,32,[NULL]
6,"8,2,22,1,292,1,0",165,32,[NULL]
7,"8,3,492,1,0",165,32,[NULL]
8,"1,1,1094,1,0",165,32,[NULL]
0,"8,1,13,2,248,1,3",166,31,[NULL]
1,"8,2,517,1,3",166,31,[NULL]
2,"8,3,316,1,3",166,31,[NULL]
3,"64,1,260,1,2",166,31,[NULL]
4,"113,1,260,1,0",166,31,[NULL]
5,"8,2,23,1,292,1,0",166,31,[NULL]
6,"8,4,293,1,0",166,31,[NULL]
0,729,167,30,[NULL]
1,"13,3,219,1,3",167,30,[NULL]
2,"8,2,518,1,3",167,30,[NULL]
3,"8,2,9,1,292,1,3",167,30,[NULL]
4,"897,1,2",167,30,[NULL]
5,"8,1,13,2,346,1,0",167,30,[NULL]
6,"8,5,209,1,0",167,30,[NULL]
7,"0,1,1103,1,0",167,30,[NULL]
0,730,168,29,[NULL]
1,"0,1,718",168,29,[NULL]
2,"64,1,260,1,3",168,29,[NULL]
3,"8,1,23,1,316,1,3",168,29,[NULL]
4,"8,3,318,1,3",168,29,[NULL]
5,"13,3,292,1,0",168,29,[NULL]
6,"8,4,294,1,0",168,29,[NULL]
7,"1,1,1095,1,0",168,29,[NULL]
0,"897,1,3",169,28,[NULL]
1,"9,1,23,1,292,1,3",169,28,[NULL]
2,"8,2,9,1,293,1,3",169,28,[NULL]
3,"898,1,2",169,28,[NULL]
4,"64,1,382,1,0",169,28,[NULL]
5,"8,2,655,1,0",169,28,[NULL]
6,"8,3,13,1,261,1,0",169,28,[NULL]
0,"260,1,43",170,27,[NULL]
1,"13,1,194,1,33",170,27,[NULL]
2,"8,3,9,1,209,1,3",170,27,[NULL]
3,"0,6,836,1,2",170,27,[NULL]
4,"64,1,383,1,0",170,27,[NULL]
5,"8,1,874,1,0",170,27,[NULL]
6,"8,2,13,1,423,1,0",170,27,[NULL]
0,"898,1,3",171,26,[NULL]
1,"8,2,9,1,294,1,3",171,26,[NULL]
2,"0,14,743,1,3",171,26,[NULL]
3,"23,1,655,1,0",171,26,[NULL]
4,"8,1,64,1,250,1,0",171,26,[NULL]
5,"8,1,13,3,209,1,0",171,26,[NULL]
6,"0,5,1051,1,0",171,26,[NULL]
0,"899,1,3",172,25,[NULL]
1,"8,1,690,1,3",172,25,[NULL]
2,"8,1,9,1,13,1,261,1,3",172,25,[NULL]
3,"0,6,836,1,3",172,25,[NULL]
4,"1122,1,0",172,25,[NULL]
5,"13,3,294,1,0",172,25,[NULL]
6,"8,1,878,1,0",172,25,[NULL]
7,"0,3,1084,1,0",172,25,[NULL]
0,731,173,24,[NULL]
1,"903,1,3",173,24,[NULL]
2,"901,1,3",173,24,[NULL]
3,"9,1,13,1,423,1,3",173,24,[NULL]
4,"8,1,89,1,209,1,0",173,24,[NULL]
5,"0,1,1105,1,0",173,24,[NULL]
0,"347,1,29",174,23,[NULL]
1,"64,1,261,1,3",174,23,[NULL]
2,"9,1,80,1,209,1,0",174,23,[NULL]
3,"0,9,59,1,324,1,0",174,23,[NULL]
0,"13,1,261,1,17",175,22,[NULL]
1,"904,1,3",175,22,[NULL]
2,"8,1,692,1,3",175,22,[NULL]
0,"101,1,209,1,3",176,21,[NULL]
1,"0,2,47,1,324,1,3",176,21,[NULL]
2,"0,1,891,1,2",176,21,[NULL]
3,"1124,1,0",176,21,[NULL]
4,"77,1,324,1,0",176,21,[NULL]
5,"0,1,1108,1,0",176,21,[NULL]
0,733,177,20,[NULL]
1,732,177,20,[NULL]
2,"905,1,3",177,20,[NULL]
3,"908,1,2",177,20,[NULL]
4,"78,1,324,1,0",177,20,[NULL]
0,"235,1,52",178,19,[NULL]
1,"0,1,891,1,3",178,19,[NULL]
2,"50,1,324,1,2",178,19,[NULL]
3,"1,1,1096,1,0",178,19,[NULL]
0,"43,1,277",179,18,[NULL]
1,"908,1,3",179,18,[NULL]
2,"907,1,3",179,18,[NULL]
3,"906,1,3",179,18,[NULL]
4,"49,1,324,1,3",179,18,[NULL]
5,"1127,1,0",179,18,[NULL]
6,"75,1,335,1,0",179,18,[NULL]
0,734,180,17,[NULL]
1,"909,1,3",180,17,[NULL]
2,"50,1,324,1,3",180,17,[NULL]
3,"1128,1,0",180,17,[NULL]
4,"8,2,19,1,324,1,0",180,17,[NULL]
5,"0,1,1113,1,0",180,17,[NULL]
0,"0,1,68,1,189",181,16,[NULL]
1,"351,1,29",181,16,[NULL]
2,"910,1,3",181,16,[NULL]
3,"1129,1,0",181,16,[NULL]
4,"67,1,373,1,0",181,16,[NULL]
5,"8,2,20,1,324,1,0",181,16,[NULL]
6,"0,2,1098,1,0",181,16,[NULL]
0,736,182,15,[NULL]
1,735,182,15,[NULL]
2,"331,1,32",182,15,[NULL]
3,"911,1,3",182,15,[NULL]
4,"3,1,815,1,3",182,15,[NULL]
5,"1130,1,0",182,15,[NULL]
6,"8,1,45,1,324,1,0",182,15,[NULL]
7,"0,1,2,1,1057,1,0",182,15,[NULL]
8,"0,2,1099,1,0",182,15,[NULL]
0,"0,1,722",183,14,[NULL]
1,"333,1,31",183,14,[NULL]
2,"8,1,18,1,367,1,3",183,14,[NULL]
3,"8,3,324,1,3",183,14,[NULL]
4,"3,1,817,1,3",183,14,[NULL]
5,"3,2,719,1,3",183,14,[NULL]
6,"0,4,7,1,676,1,3",183,14,[NULL]
7,"1134,1,0",183,14,[NULL]
8,"1132,1,0",183,14,[NULL]
9,"8,1,46,1,324,1,0",183,14,[NULL]
10,"1,1,1100,1,0",183,14,[NULL]
0,"0,1,724",184,13,[NULL]
1,"70,1,189",184,13,[NULL]
2,"352,1,29",184,13,[NULL]
3,"912,1,3",184,13,[NULL]
4,"43,1,392,1,3",184,13,[NULL]
5,"8,1,696,1,3",184,13,[NULL]
6,"8,1,22,1,324,1,3",184,13,[NULL]
7,"0,1,893,1,3",184,13,[NULL]
8,"0,6,849,1,2",184,13,[NULL]
9,"1135,1,0",184,13,[NULL]
10,"9,1,13,2,324,1,0",184,13,[NULL]
11,"0,1,1118,1,0",184,13,[NULL]
0,"757,1,6",185,12,[NULL]
1,"756,1,6",185,12,[NULL]
2,"43,1,397,1,3",185,12,[NULL]
3,"43,1,396,1,3",185,12,[NULL]
4,"18,1,563,1,3",185,12,[NULL]
5,"8,1,23,1,324,1,3",185,12,[NULL]
6,"3,1,818,1,3",185,12,[NULL]
7,"0,6,850,1,2",185,12,[NULL]
8,"1136,1,0",185,12,[NULL]
9,"0,1,1120,1,0",185,12,[NULL]
0,"480,1,22",186,11,[NULL]
1,"51,1,324,1,3",186,11,[NULL]
2,"43,1,398,1,3",186,11,[NULL]
3,"0,6,849,1,3",186,11,[NULL]
4,"1138,1,0",186,11,[NULL]
5,"1137,1,0",186,11,[NULL]
6,"79,1,324,1,0",186,11,[NULL]
0,"0,6,850,1,3",187,10,[NULL]
1,"80,1,324,1,0",187,10,[NULL]
2,"1,1,18,1,684,1,0",187,10,[NULL]
3,"0,2,73,1,324,1,0",187,10,[NULL]
0,737,188,9,[NULL]
1,"69,2,33",188,9,[NULL]
2,"0,1,894,1,3",188,9,[NULL]
3,"0,2,74,1,324,1,0",188,9,[NULL]
4,"0,5,1058,1,0",188,9,[NULL]
0,"324,1,33",189,8,[NULL]
1,"0,1,506,1,14",189,8,[NULL]
2,"913,1,3",189,8,[NULL]
3,"0,1,9,1,18,1,324,1,3",189,8,[NULL]
4,"0,2,2,1,849,1,3",189,8,[NULL]
5,"1,2,18,1,660,1,0",189,8,[NULL]
6,"0,5,18,2,324,1,0",189,8,[NULL]
0,"0,1,324,1,31",190,7,[NULL]
1,"10,1,18,1,324,1,3",190,7,[NULL]
2,"0,2,2,1,850,1,3",190,7,[NULL]
3,"2,1,18,1,660,1,0",190,7,[NULL]
0,"2,1,70,1,324,1,0",191,6,[NULL]
1,"0,1,2,1,1058,1,0",191,6,[NULL]
0,"0,1,2,1,18,2,324,1,0",192,5,[NULL]
0,"0,198,0",0,198,[NULL]
0,"0,186,1",8,190,[NULL]
0,"0,183,2",12,186,[NULL]
0,"0,183,3",14,184,[NULL]
0,"0,2,1101,1,0",131,67,[NULL]
0,"1139,1,0",134,64,[NULL]
0,"0,58,324,1,1",135,63,[NULL]
1,"1140,1,0",135,63,[NULL]
0,"0,3,17,1,554,1,2",138,60,[NULL]
1,"8,2,661,1,0",138,60,[NULL]
0,"0,55,324,1,2",139,59,[NULL]
1,"8,1,16,1,554,1,0",139,59,[NULL]
0,"0,3,17,1,554,1,3",140,58,[NULL]
1,"8,1,17,1,554,1,0",140,58,[NULL]
0,"8,1,700,1,3",141,57,[NULL]
1,"0,55,324,1,3",141,57,[NULL]
2,"8,1,886,1,0",141,57,[NULL]
0,"8,1,701,1,3",142,56,[NULL]
1,"8,4,295,1,0",142,56,[NULL]
0,"17,1,579,1,3",143,55,[NULL]
1,"8,4,296,1,0",143,55,[NULL]
0,"915,1,3",144,54,[NULL]
1,"1141,1,0",144,54,[NULL]
2,"8,2,16,1,17,1,183,1,0",144,54,[NULL]
0,"8,3,325,1,3",145,53,[NULL]
1,"916,1,2",145,53,[NULL]
2,"1142,1,0",145,53,[NULL]
3,"8,3,498,1,0",145,53,[NULL]
0,"8,3,326,1,3",146,52,[NULL]
1,"917,1,2",146,52,[NULL]
2,"8,6,145,1,0",146,52,[NULL]
0,"916,1,3",147,51,[NULL]
1,"8,2,17,1,253,1,3",147,51,[NULL]
2,"8,5,16,1,111,1,0",147,51,[NULL]
0,"917,1,3",148,50,[NULL]
1,"8,2,528,1,3",148,50,[NULL]
2,"8,2,662,1,0",148,50,[NULL]
3,"8,5,17,1,111,1,0",148,50,[NULL]
0,738,149,49,[NULL]
1,"8,5,152,1,3",149,49,[NULL]
2,"8,2,663,1,0",149,49,[NULL]
3,"8,5,211,1,0",149,49,[NULL]
4,"0,7,1033,1,0",149,49,[NULL]
0,"8,5,153,1,3",150,48,[NULL]
1,"8,1,17,1,556,1,0",150,48,[NULL]
2,"8,8,49,1,0",150,48,[NULL]
3,"0,5,1059,1,0",150,48,[NULL]
0,"8,1,16,1,402,1,3",151,47,[NULL]
1,"8,4,17,1,117,1,3",151,47,[NULL]
2,"17,2,433,1,0",151,47,[NULL]
3,"8,8,50,1,0",151,47,[NULL]
0,"135,1,108",152,46,[NULL]
1,"8,1,16,1,403,1,3",152,46,[NULL]
2,"8,4,223,1,3",152,46,[NULL]
3,"0,1,8,1,685,1,3",152,46,[NULL]
4,"8,4,297,1,0",152,46,[NULL]
5,"8,6,16,1,17,2,0",152,46,[NULL]
0,"8,1,17,1,403,1,3",153,45,[NULL]
1,"8,7,55,1,3",153,45,[NULL]
2,"0,9,807,1,2",153,45,[NULL]
3,"8,4,298,1,0",153,45,[NULL]
4,"8,7,88,1,0",153,45,[NULL]
0,"42,1,402,1,3",154,44,[NULL]
1,"8,7,56,1,3",154,44,[NULL]
2,"0,10,795,1,2",154,44,[NULL]
3,"64,1,402,1,0",154,44,[NULL]
4,"8,3,17,1,238,1,0",154,44,[NULL]
5,"8,11,0",154,44,[NULL]
0,"8,4,224,1,3",155,43,[NULL]
1,"8,6,17,1,40,1,3",155,43,[NULL]
2,"0,9,807,1,3",155,43,[NULL]
3,"64,1,403,1,0",155,43,[NULL]
4,"8,2,17,2,185,1,0",155,43,[NULL]
5,"8,9,22,1,0",155,43,[NULL]
6,"0,1,16,1,725,1,0",155,43,[NULL]
0,"1,1,452,1,18",156,42,[NULL]
1,"8,4,225,1,3",156,42,[NULL]
2,"8,6,100,1,3",156,42,[NULL]
3,"0,10,795,1,3",156,42,[NULL]
4,"138,1,225,1,0",156,42,[NULL]
5,"8,6,146,1,0",156,42,[NULL]
6,"8,9,23,1,0",156,42,[NULL]
7,"0,1,17,1,725,1,0",156,42,[NULL]
0,"8,2,16,1,17,1,138,1,3",157,41,[NULL]
1,"8,9,9,1,3",157,41,[NULL]
2,"0,4,64,1,244,1,2",157,41,[NULL]
3,"1144,1,0",157,41,[NULL]
4,"1143,1,0",157,41,[NULL]
5,"8,6,147,1,0",157,41,[NULL]
6,"8,8,51,1,0",157,41,[NULL]
0,"8,2,17,2,138,1,3",158,40,[NULL]
1,"8,8,29,1,3",158,40,[NULL]
2,"0,1,896,1,3",158,40,[NULL]
3,"0,4,138,1,149,1,2",158,40,[NULL]
4,"8,1,16,1,64,1,137,1,0",158,40,[NULL]
5,"8,5,17,1,113,1,0",158,40,[NULL]
6,"8,7,13,3,0",158,40,[NULL]
0,"918,1,3",159,39,[NULL]
1,"8,5,16,1,64,1,3",159,39,[NULL]
2,"8,7,9,1,23,1,3",159,39,[NULL]
3,"0,4,64,1,244,1,3",159,39,[NULL]
4,"0,4,17,2,260,1,2",159,39,[NULL]
5,"8,1,16,1,64,1,138,1,0",159,39,[NULL]
6,"8,4,17,1,162,1,0",159,39,[NULL]
7,"8,6,13,2,32,1,0",159,39,[NULL]
8,"0,1,8,3,491,1,0",159,39,[NULL]
0,"8,5,17,1,64,1,3",160,38,[NULL]
1,"8,6,9,1,51,1,3",160,38,[NULL]
2,"0,4,138,1,149,1,3",160,38,[NULL]
3,"0,2,149,2,1",160,38,[NULL]
4,"8,2,664,1,0",160,38,[NULL]
5,"8,5,13,3,23,1,0",160,38,[NULL]
6,"8,7,89,1,0",160,38,[NULL]
7,"0,1,8,1,16,1,17,1,260,1,0",160,38,[NULL]
0,"8,1,64,1,184,1,3",161,37,[NULL]
1,"8,5,154,1,3",161,37,[NULL]
2,"8,5,9,1,13,3,3",161,37,[NULL]
3,"0,4,17,2,260,1,3",161,37,[NULL]
4,"0,2,927,1,1",161,37,[NULL]
5,"8,2,665,1,0",161,37,[NULL]
6,"8,4,13,3,51,1,0",161,37,[NULL]
7,"8,6,9,1,80,1,0",161,37,[NULL]
8,"5,1,149,2,0",161,37,[NULL]
0,"8,1,64,1,185,1,3",162,36,[NULL]
1,"8,4,42,1,64,1,3",162,36,[NULL]
2,"8,4,9,1,13,2,32,1,3",162,36,[NULL]
3,"0,1,8,2,516,1,3",162,36,[NULL]
4,"0,4,64,1,246,1,3",162,36,[NULL]
5,"0,4,59,1,260,1,3",162,36,[NULL]
6,"8,3,13,6,0",162,36,[NULL]
7,"8,4,64,2,0",162,36,[NULL]
8,"8,5,23,1,89,1,0",162,36,[NULL]
0,"8,2,529,1,3",163,35,[NULL]
1,"8,3,9,1,13,3,23,1,3",163,35,[NULL]
2,"8,6,101,1,3",163,35,[NULL]
3,"0,1,8,1,17,1,380,1,3",163,35,[NULL]
4,"0,5,862,1,3",163,35,[NULL]
5,"8,2,13,5,32,1,0",163,35,[NULL]
6,"8,4,299,1,0",163,35,[NULL]
7,"8,4,9,1,23,1,80,1,0",163,35,[NULL]
0,"8,1,17,1,404,1,3",164,34,[NULL]
1,"8,2,9,1,13,3,51,1,3",164,34,[NULL]
2,"8,5,13,1,80,1,3",164,34,[NULL]
3,"0,3,919,1,1",164,34,[NULL]
4,"8,1,13,6,23,1,0",164,34,[NULL]
5,"8,3,499,1,0",164,34,[NULL]
6,"8,3,9,1,13,2,101,1,0",164,34,[NULL]
7,"1,1,5,1,64,1,260,1,0",164,34,[NULL]
0,739,165,33,[NULL]
1,"64,2,34",165,33,[NULL]
2,"8,1,9,1,13,6,3",165,33,[NULL]
3,"8,3,64,1,72,1,3",165,33,[NULL]
4,"8,4,23,1,101,1,3",165,33,[NULL]
5,"0,4,898,1,1",165,33,[NULL]
6,"13,6,51,1,0",165,33,[NULL]
7,"8,2,13,1,435,1,0",165,33,[NULL]
8,"8,2,9,1,13,3,80,1,0",165,33,[NULL]
9,"0,1,64,1,380,1,0",165,33,[NULL]
0,"9,1,13,5,32,1,3",166,32,[NULL]
1,"8,3,327,1,3",166,32,[NULL]
2,"8,3,13,1,23,1,80,1,3",166,32,[NULL]
3,"0,1,64,1,260,1,2",166,32,[NULL]
4,"64,1,404,1,0",166,32,[NULL]
5,"8,1,9,1,13,2,23,1,101,1,0",166,32,[NULL]
6,"8,5,212,1,0",166,32,[NULL]
7,"0,1,113,1,260,1,0",166,32,[NULL]
0,"80,1,180",167,31,[NULL]
1,"8,2,17,1,255,1,3",167,31,[NULL]
2,"8,2,13,3,101,1,3",167,31,[NULL]
3,"0,1,897,1,2",167,31,[NULL]
4,"1145,1,0",167,31,[NULL]
5,"9,1,13,3,23,1,80,1,0",167,31,[NULL]
6,"8,4,13,1,188,1,0",167,31,[NULL]
7,"0,2,1103,1,0",167,31,[NULL]
0,"13,6,17",168,30,[NULL]
1,"8,1,13,4,80,1,3",168,30,[NULL]
2,"8,2,530,1,3",168,30,[NULL]
3,"0,1,64,1,260,1,3",168,30,[NULL]
4,"921,1,2",168,30,[NULL]
5,"919,1,2",168,30,[NULL]
6,"8,1,64,1,254,1,0",168,30,[NULL]
7,"8,3,13,1,267,1,0",168,30,[NULL]
0,"13,3,23,1,101,1,3",169,29,[NULL]
1,"8,3,9,1,212,1,3",169,29,[NULL]
2,"0,1,897,1,3",169,29,[NULL]
3,"0,1,898,1,2",169,29,[NULL]
4,"8,1,64,1,255,1,0",169,29,[NULL]
5,"8,2,13,1,23,1,188,1,0",169,29,[NULL]
6,"0,1,8,2,655,1,0",169,29,[NULL]
0,"921,1,3",170,28,[NULL]
1,"920,1,3",170,28,[NULL]
2,"919,1,3",170,28,[NULL]
3,"8,2,9,1,13,1,188,1,3",170,28,[NULL]
4,"0,7,836,1,2",170,28,[NULL]
5,"13,3,303,1,0",170,28,[NULL]
6,"8,1,13,3,212,1,0",170,28,[NULL]
7,"8,2,667,1,0",170,28,[NULL]
8,"0,1,8,1,874,1,0",170,28,[NULL]
0,"8,1,64,1,187,1,3",171,27,[NULL]
1,"8,1,9,1,13,1,267,1,3",171,27,[NULL]
2,"0,1,898,1,3",171,27,[NULL]
3,"0,15,743,1,3",171,27,[NULL]
4,"13,4,188,1,0",171,27,[NULL]
5,"8,2,668,1,0",171,27,[NULL]
6,"0,6,1051,1,0",171,27,[NULL]
0,"420,1,25",172,26,[NULL]
1,"9,1,13,1,23,1,188,1,3",172,26,[NULL]
2,"8,1,64,1,188,1,3",172,26,[NULL]
3,"0,1,8,1,690,1,3",172,26,[NULL]
4,"0,7,836,1,3",172,26,[NULL]
5,"8,1,9,1,640,1,0",172,26,[NULL]
6,"0,4,1084,1,0",172,26,[NULL]
0,"13,1,23,1,286,1,3",173,25,[NULL]
1,"8,1,704,1,3",173,25,[NULL]
2,"0,1,903,1,3",173,25,[NULL]
3,"0,1,901,1,3",173,25,[NULL]
4,"9,1,80,1,212,1,0",173,25,[NULL]
5,"0,2,1105,1,0",173,25,[NULL]
0,"13,1,267,1,17",174,24,[NULL]
1,"922,1,3",174,24,[NULL]
2,"8,1,705,1,3",174,24,[NULL]
3,"2,1,876,1,3",174,24,[NULL]
4,"13,4,190,1,0",174,24,[NULL]
5,"0,10,59,1,324,1,0",174,24,[NULL]
0,741,175,23,[NULL]
1,740,175,23,[NULL]
2,"13,1,640,1,3",175,23,[NULL]
3,"1146,1,0",175,23,[NULL]
0,742,176,22,[NULL]
1,"328,1,33",176,22,[NULL]
2,"0,2,891,1,2",176,22,[NULL]
3,"1147,1,0",176,22,[NULL]
4,"0,1,77,1,324,1,0",176,22,[NULL]
5,"0,2,1108,1,0",176,22,[NULL]
0,743,177,21,[NULL]
1,"0,1,732",177,21,[NULL]
2,"13,2,408,1,3",177,21,[NULL]
3,"0,1,908,1,2",177,21,[NULL]
4,"1149,1,0",177,21,[NULL]
5,"1148,1,0",177,21,[NULL]
6,"1,1,1107,1,0",177,21,[NULL]
7,"0,1,78,1,324,1,0",177,21,[NULL]
0,744,178,20,[NULL]
1,"7,1,729,1,3",178,20,[NULL]
2,"0,2,891,1,3",178,20,[NULL]
3,"0,1,50,1,324,1,2",178,20,[NULL]
4,"1151,1,0",178,20,[NULL]
5,"1150,1,0",178,20,[NULL]
0,"533,1,11",179,19,[NULL]
1,"0,1,908,1,3",179,19,[NULL]
2,"0,1,906,1,3",179,19,[NULL]
3,"0,1,49,1,324,1,3",179,19,[NULL]
4,"3,1,825,1,2",179,19,[NULL]
5,"1153,1,0",179,19,[NULL]
6,"1152,1,0",179,19,[NULL]
0,"763,1,6",180,18,[NULL]
1,"923,1,3",180,18,[NULL]
2,"0,1,50,1,324,1,3",180,18,[NULL]
3,"1155,1,0",180,18,[NULL]
4,"1154,1,0",180,18,[NULL]
0,"764,1,6",181,17,[NULL]
1,"3,1,825,1,3",181,17,[NULL]
2,"1156,1,0",181,17,[NULL]
3,"1,1,1112,1,0",181,17,[NULL]
0,745,182,16,[NULL]
1,"335,1,32",182,16,[NULL]
2,"3,2,730,1,3",182,16,[NULL]
3,"0,1,911,1,3",182,16,[NULL]
4,"0,1,3,1,815,1,3",182,16,[NULL]
5,"1157,1,0",182,16,[NULL]
6,"2,1,1088,1,0",182,16,[NULL]
7,"0,2,2,1,1057,1,0",182,16,[NULL]
0,746,183,15,[NULL]
1,"485,1,21",183,15,[NULL]
2,"5,1,324,1,18",183,15,[NULL]
3,"504,1,17",183,15,[NULL]
4,"0,1,8,3,324,1,3",183,15,[NULL]
5,"0,1,3,1,817,1,3",183,15,[NULL]
6,"0,1,3,2,719,1,3",183,15,[NULL]
7,"0,5,7,1,676,1,3",183,15,[NULL]
8,"1158,1,0",183,15,[NULL]
9,"67,1,392,1,0",183,15,[NULL]
10,"0,1,1132,1,0",183,15,[NULL]
0,747,184,14,[NULL]
1,"769,1,6",184,14,[NULL]
2,"924,1,3",184,14,[NULL]
3,"0,1,43,1,392,1,3",184,14,[NULL]
4,"0,1,8,1,22,1,324,1,3",184,14,[NULL]
5,"0,2,893,1,3",184,14,[NULL]
6,"0,7,849,1,2",184,14,[NULL]
7,"1159,1,0",184,14,[NULL]
8,"67,1,397,1,0",184,14,[NULL]
9,"0,1,1135,1,0",184,14,[NULL]
10,"0,2,1118,1,0",184,14,[NULL]
0,748,185,13,[NULL]
1,"463,1,24",185,13,[NULL]
2,"0,1,43,1,396,1,3",185,13,[NULL]
3,"0,7,850,1,2",185,13,[NULL]
4,"1160,1,0",185,13,[NULL]
5,"1,1,1118,1,0",185,13,[NULL]
6,"0,1,1136,1,0",185,13,[NULL]
7,"0,2,1120,1,0",185,13,[NULL]
0,750,186,12,[NULL]
1,749,186,12,[NULL]
2,"0,1,43,1,398,1,3",186,12,[NULL]
3,"0,7,849,1,3",186,12,[NULL]
4,"1161,1,0",186,12,[NULL]
5,"0,1,1138,1,0",186,12,[NULL]
6,"0,1,79,1,324,1,0",186,12,[NULL]
0,751,187,11,[NULL]
1,"774,1,6",187,11,[NULL]
2,"925,1,3",187,11,[NULL]
3,"0,7,850,1,3",187,11,[NULL]
4,"1163,1,0",187,11,[NULL]
5,"1162,1,0",187,11,[NULL]
6,"0,1,80,1,324,1,0",187,11,[NULL]
0,752,188,10,[NULL]
1,"524,1,14",188,10,[NULL]
2,"776,1,6",188,10,[NULL]
3,"1,1,48,1,324,1,3",188,10,[NULL]
4,"0,2,894,1,3",188,10,[NULL]
5,"1164,1,0",188,10,[NULL]
6,"81,1,324,1,0",188,10,[NULL]
7,"0,6,1058,1,0",188,10,[NULL]
0,"0,1,324,1,33",189,9,[NULL]
1,"525,1,14",189,9,[NULL]
2,"819,1,5",189,9,[NULL]
3,"53,1,324,1,3",189,9,[NULL]
4,"0,1,913,1,3",189,9,[NULL]
5,"1165,1,0",189,9,[NULL]
6,"83,1,324,1,0",189,9,[NULL]
7,"82,1,324,1,0",189,9,[NULL]
8,"0,6,18,2,324,1,0",189,9,[NULL]
0,"341,1,32",190,8,[NULL]
1,"34,1,324,1,6",190,8,[NULL]
2,"0,1,10,1,18,1,324,1,3",190,8,[NULL]
3,"1166,1,0",190,8,[NULL]
4,"84,1,324,1,0",190,8,[NULL]
5,"0,1,2,1,18,1,660,1,0",190,8,[NULL]
0,"1,1,727",191,7,[NULL]
1,"86,1,324,1,0",191,7,[NULL]
2,"0,2,2,1,1058,1,0",191,7,[NULL]
0,"1,1,324,1,32",192,6,[NULL]
1,"0,2,2,1,18,2,324,1,0",192,6,[NULL]
0,"2,1,708",193,5,[NULL]
0,"0,199,0",0,199,[NULL]
0,"0,187,1",8,191,[NULL]
0,"0,184,2",12,187,[NULL]
0,"0,184,3",14,185,[NULL]
0,"0,1,1139,1,0",134,65,[NULL]
0,"0,59,324,1,1",135,64,[NULL]
1,"0,1,1140,1,0",135,64,[NULL]
0,"1,1,895,1,3",136,63,[NULL]
0,"926,1,3",137,62,[NULL]
0,"0,4,17,1,554,1,2",138,61,[NULL]
1,"0,1,8,2,661,1,0",138,61,[NULL]
0,"0,56,324,1,2",139,60,[NULL]
1,"0,1,8,1,16,1,554,1,0",139,60,[NULL]
0,"0,4,17,1,554,1,3",140,59,[NULL]
0,"0,1,8,1,700,1,3",141,58,[NULL]
1,"0,56,324,1,3",141,58,[NULL]
0,"0,1,8,1,701,1,3",142,57,[NULL]
0,"1,1,5,1,916,1,0",143,56,[NULL]
0,"0,1,1141,1,0",144,55,[NULL]
0,"0,1,916,1,2",145,54,[NULL]
1,"0,1,1142,1,0",145,54,[NULL]
0,"0,1,917,1,2",146,53,[NULL]
0,"0,1,916,1,3",147,52,[NULL]
0,"0,1,917,1,3",148,51,[NULL]
1,"0,1,8,2,662,1,0",148,51,[NULL]
0,"0,1,8,2,663,1,0",149,50,[NULL]
1,"0,8,1033,1,0",149,50,[NULL]
0,"0,6,1059,1,0",150,49,[NULL]
0,"0,1,8,1,16,1,402,1,3",151,48,[NULL]
0,"0,1,8,1,16,1,403,1,3",152,47,[NULL]
1,"0,2,8,1,685,1,3",152,47,[NULL]
0,"0,1,8,1,17,1,403,1,3",153,46,[NULL]
1,"0,10,807,1,2",153,46,[NULL]
0,"0,11,795,1,2",154,45,[NULL]
1,"0,1,64,1,402,1,0",154,45,[NULL]
0,"0,10,807,1,3",155,44,[NULL]
1,"0,1,64,1,403,1,0",155,44,[NULL]
2,"0,2,16,1,725,1,0",155,44,[NULL]
0,"0,11,795,1,3",156,43,[NULL]
1,"0,2,17,1,725,1,0",156,43,[NULL]
0,"0,1,1143,1,0",157,42,[NULL]
0,"0,2,896,1,3",158,41,[NULL]
1,"0,5,138,1,149,1,2",158,41,[NULL]
0,"0,1,918,1,3",159,40,[NULL]
1,"0,5,64,1,244,1,3",159,40,[NULL]
2,"1,1,1121,1,0",159,40,[NULL]
3,"0,2,8,3,491,1,0",159,40,[NULL]
0,"0,5,138,1,149,1,3",160,39,[NULL]
1,"0,2,8,1,16,1,17,1,260,1,0",160,39,[NULL]
0,"0,5,17,2,260,1,3",161,38,[NULL]
0,"0,2,8,2,516,1,3",162,37,[NULL]
1,"0,5,64,1,246,1,3",162,37,[NULL]
2,"0,5,59,1,260,1,3",162,37,[NULL]
0,"0,2,8,1,17,1,380,1,3",163,36,[NULL]
1,"0,6,862,1,3",163,36,[NULL]
2,"149,1,206,1,0",163,36,[NULL]
0,"491,1,18",164,35,[NULL]
1,"149,2,2",164,35,[NULL]
2,"0,4,919,1,1",164,35,[NULL]
3,"1167,1,0",164,35,[NULL]
0,"927,1,2",165,34,[NULL]
1,"0,5,898,1,1",165,34,[NULL]
2,"8,1,889,1,0",165,34,[NULL]
3,"0,2,64,1,380,1,0",165,34,[NULL]
0,"149,2,3",166,33,[NULL]
1,"0,2,64,1,260,1,2",166,33,[NULL]
2,"8,1,890,1,0",166,33,[NULL]
3,"0,2,113,1,260,1,0",166,33,[NULL]
0,"927,1,3",167,32,[NULL]
1,"64,1,274,1,2",167,32,[NULL]
2,"0,2,897,1,2",167,32,[NULL]
3,"8,1,9,1,642,1,0",167,32,[NULL]
0,"347,1,30",168,31,[NULL]
1,"928,1,3",168,31,[NULL]
2,"0,2,64,1,260,1,3",168,31,[NULL]
3,"0,1,921,1,2",168,31,[NULL]
4,"0,1,919,1,2",168,31,[NULL]
5,"9,1,864,1,0",168,31,[NULL]
0,"64,1,274,1,3",169,30,[NULL]
1,"8,1,715,1,3",169,30,[NULL]
2,"1,1,64,1,260,1,3",169,30,[NULL]
3,"0,2,897,1,3",169,30,[NULL]
4,"0,2,898,1,2",169,30,[NULL]
5,"963,1,1",169,30,[NULL]
0,"13,1,642,1,3",170,29,[NULL]
1,"0,1,921,1,3",170,29,[NULL]
2,"0,1,919,1,3",170,29,[NULL]
3,"0,2,8,1,874,1,0",170,29,[NULL]
0,753,171,28,[NULL]
1,"627,1,8",171,28,[NULL]
2,"0,2,898,1,3",171,28,[NULL]
3,"13,4,23,1,75,1,0",171,28,[NULL]
4,"0,7,1051,1,0",171,28,[NULL]
0,"1,1,898,1,3",172,27,[NULL]
1,"0,2,8,1,690,1,3",172,27,[NULL]
2,"0,5,1084,1,0",172,27,[NULL]
0,"5,1,64,1,209,1,3",173,26,[NULL]
1,"0,2,903,1,3",173,26,[NULL]
2,"0,2,901,1,3",173,26,[NULL]
3,"149,1,209,1,0",173,26,[NULL]
4,"0,3,1105,1,0",173,26,[NULL]
0,"13,3,95,1,17",174,25,[NULL]
1,"3,1,832,1,3",174,25,[NULL]
2,"0,1,922,1,3",174,25,[NULL]
3,"1169,1,0",174,25,[NULL]
4,"1168,1,0",174,25,[NULL]
5,"0,11,59,1,324,1,0",174,25,[NULL]
0,"495,1,18",175,24,[NULL]
1,"929,1,3",175,24,[NULL]
2,"1170,1,0",175,24,[NULL]
3,"87,1,324,1,0",175,24,[NULL]
4,"0,1,1146,1,0",175,24,[NULL]
0,754,176,23,[NULL]
1,"67,1,266,1,3",176,23,[NULL]
2,"1171,1,0",176,23,[NULL]
3,"64,1,418,1,0",176,23,[NULL]
4,"13,1,822,1,0",176,23,[NULL]
5,"0,1,1147,1,0",176,23,[NULL]
6,"0,2,77,1,324,1,0",176,23,[NULL]
0,"0,2,732",177,22,[NULL]
1,"2,1,709",177,22,[NULL]
2,"930,1,3",177,22,[NULL]
3,"67,1,267,1,3",177,22,[NULL]
4,"13,1,75,1,212,1,0",177,22,[NULL]
5,"0,1,1149,1,0",177,22,[NULL]
6,"0,2,78,1,324,1,0",177,22,[NULL]
0,"68,1,267,1,3",178,21,[NULL]
1,"0,3,891,1,3",178,21,[NULL]
2,"0,2,50,1,324,1,2",178,21,[NULL]
3,"1172,1,0",178,21,[NULL]
4,"0,1,1150,1,0",178,21,[NULL]
0,"931,1,3",179,20,[NULL]
1,"0,2,908,1,3",179,20,[NULL]
2,"0,2,49,1,324,1,3",179,20,[NULL]
3,"965,1,1",179,20,[NULL]
4,"13,2,569,1,0",179,20,[NULL]
5,"0,1,1152,1,0",179,20,[NULL]
0,"335,1,33",180,19,[NULL]
1,"3,1,838,1,3",180,19,[NULL]
2,"1,1,906,1,3",180,19,[NULL]
3,"1,1,49,1,324,1,3",180,19,[NULL]
4,"0,2,50,1,324,1,3",180,19,[NULL]
5,"1174,1,0",180,19,[NULL]
6,"13,1,75,1,213,1,0",180,19,[NULL]
7,"1,1,1127,1,0",180,19,[NULL]
8,"0,1,1154,1,0",180,19,[NULL]
0,"932,1,3",181,18,[NULL]
1,"0,1,3,1,825,1,3",181,18,[NULL]
2,"1175,1,0",181,18,[NULL]
3,"1,1,1128,1,0",181,18,[NULL]
4,"0,1,1156,1,0",181,18,[NULL]
0,755,182,17,[NULL]
1,"3,1,841,1,3",182,17,[NULL]
2,"1176,1,0",182,17,[NULL]
3,"0,1,1157,1,0",182,17,[NULL]
0,"933,1,3",183,16,[NULL]
1,"3,1,843,1,3",183,16,[NULL]
2,"0,2,8,3,324,1,3",183,16,[NULL]
3,"1177,1,0",183,16,[NULL]
4,"0,1,1158,1,0",183,16,[NULL]
5,"0,1,67,1,392,1,0",183,16,[NULL]
0,"75,1,189",184,15,[NULL]
1,"74,1,189",184,15,[NULL]
2,"934,1,3",184,15,[NULL]
3,"0,2,8,1,22,1,324,1,3",184,15,[NULL]
4,"0,1,1159,1,0",184,15,[NULL]
0,"936,1,3",185,14,[NULL]
1,"935,1,3",185,14,[NULL]
2,"7,1,924,1,0",185,14,[NULL]
3,"0,1,1160,1,0",185,14,[NULL]
0,756,186,13,[NULL]
1,"352,1,31",186,13,[NULL]
2,"937,1,3",186,13,[NULL]
3,"0,1,1161,1,0",186,13,[NULL]
4,"0,2,79,1,324,1,0",186,13,[NULL]
0,757,187,12,[NULL]
1,"3,2,569",187,12,[NULL]
2,"938,1,3",187,12,[NULL]
3,"0,1,1162,1,0",187,12,[NULL]
4,"0,2,80,1,324,1,0",187,12,[NULL]
0,"314,1,36",188,11,[NULL]
1,"3,1,847,1,3",188,11,[NULL]
2,"1178,1,0",188,11,[NULL]
3,"0,7,1058,1,0",188,11,[NULL]
0,"0,2,324,1,33",189,10,[NULL]
1,"0,1,53,1,324,1,3",189,10,[NULL]
2,"0,1,1165,1,0",189,10,[NULL]
3,"0,7,18,2,324,1,0",189,10,[NULL]
0,"1,1,324,1,33",190,9,[NULL]
1,"0,1,84,1,324,1,0",190,9,[NULL]
2,"0,2,2,1,18,1,660,1,0",190,9,[NULL]
0,"18,1,434",191,8,[NULL]
1,"2,1,75,1,324,1,0",191,8,[NULL]
2,"0,1,86,1,324,1,0",191,8,[NULL]
0,"3,1,43,1,324,1,3",192,7,[NULL]
1,"2,2,849,1,3",192,7,[NULL]
0,"2,2,850,1,3",193,6,[NULL]
0,"0,200,0",0,200,[NULL]
0,"0,188,1",8,192,[NULL]
0,"0,185,2",12,188,[NULL]
0,"0,185,3",14,186,[NULL]
0,"0,2,1139,1,0",134,66,[NULL]
0,"1,1,1139,1,0",135,65,[NULL]
1,"0,2,1140,1,0",135,65,[NULL]
0,"0,1,926,1,3",137,63,[NULL]
0,"0,2,8,2,661,1,0",138,62,[NULL]
0,"0,57,324,1,2",139,61,[NULL]
1,"0,2,8,1,16,1,554,1,0",139,61,[NULL]
0,"0,5,17,1,554,1,3",140,60,[NULL]
0,"0,2,8,1,700,1,3",141,59,[NULL]
1,"0,57,324,1,3",141,59,[NULL]
0,"0,2,8,1,701,1,3",142,58,[NULL]
0,758,143,57,[NULL]
0,"0,2,1141,1,0",144,56,[NULL]
0,"0,2,916,1,2",145,55,[NULL]
1,"0,2,1142,1,0",145,55,[NULL]
0,"0,2,917,1,2",146,54,[NULL]
0,"0,2,916,1,3",147,53,[NULL]
0,"1,1,916,1,3",148,52,[NULL]
1,"0,2,917,1,3",148,52,[NULL]
2,"969,1,1",148,52,[NULL]
0,"0,2,8,2,663,1,0",149,51,[NULL]
0,"635,1,8",150,50,[NULL]
0,"0,2,8,1,16,1,402,1,3",151,49,[NULL]
1,"1179,1,0",151,49,[NULL]
0,"0,2,8,1,16,1,403,1,3",152,48,[NULL]
1,"8,2,685,1,0",152,48,[NULL]
0,"0,11,807,1,2",153,47,[NULL]
1,"16,1,17,1,452,1,0",153,47,[NULL]
0,"8,2,686,1,0",154,46,[NULL]
1,"0,2,64,1,402,1,0",154,46,[NULL]
0,"8,1,722,1,3",155,45,[NULL]
1,"0,11,807,1,3",155,45,[NULL]
2,"8,2,687,1,0",155,45,[NULL]
3,"1,1,64,1,402,1,0",155,45,[NULL]
4,"0,2,64,1,403,1,0",155,45,[NULL]
0,"17,1,595,1,3",156,44,[NULL]
1,"0,12,795,1,3",156,44,[NULL]
2,"8,3,16,1,244,1,0",156,44,[NULL]
0,"8,1,723,1,3",157,43,[NULL]
1,"8,3,17,1,244,1,0",157,43,[NULL]
2,"0,2,1143,1,0",157,43,[NULL]
0,"8,1,724,1,3",158,42,[NULL]
1,"8,1,896,1,0",158,42,[NULL]
2,"8,3,16,1,245,1,0",158,42,[NULL]
3,"1,1,1143,1,0",158,42,[NULL]
0,"8,3,343,1,3",159,41,[NULL]
1,"0,6,64,1,244,1,3",159,41,[NULL]
2,"17,1,759,1,0",159,41,[NULL]
3,"8,4,315,1,0",159,41,[NULL]
0,"8,2,17,1,257,1,3",160,40,[NULL]
1,"0,6,138,1,149,1,3",160,40,[NULL]
2,"1180,1,0",160,40,[NULL]
3,"8,6,149,1,0",160,40,[NULL]
0,"8,1,725,1,3",161,39,[NULL]
1,"8,3,344,1,3",161,39,[NULL]
2,"1181,1,0",161,39,[NULL]
3,"8,4,16,1,167,1,0",161,39,[NULL]
0,"8,3,345,1,3",162,38,[NULL]
1,"0,6,59,1,260,1,3",162,38,[NULL]
2,"8,1,64,1,257,1,0",162,38,[NULL]
3,"8,3,516,1,0",162,38,[NULL]
4,"8,5,218,1,0",162,38,[NULL]
5,"1,1,5,1,149,2,0",162,38,[NULL]
0,"8,5,160,1,3",163,37,[NULL]
1,"8,1,138,1,160,1,0",163,37,[NULL]
2,"8,2,17,1,380,1,0",163,37,[NULL]
3,"8,5,219,1,0",163,37,[NULL]
0,"939,1,3",164,36,[NULL]
1,"8,4,232,1,3",164,36,[NULL]
2,"0,1,149,2,2",164,36,[NULL]
3,"0,5,919,1,1",164,36,[NULL]
4,"8,1,17,2,278,1,0",164,36,[NULL]
5,"8,2,688,1,0",164,36,[NULL]
6,"8,4,13,1,194,1,0",164,36,[NULL]
0,"16,1,64,1,149,1,3",165,35,[NULL]
1,"8,2,16,1,260,1,3",165,35,[NULL]
2,"8,4,233,1,3",165,35,[NULL]
3,"0,1,927,1,2",165,35,[NULL]
4,"0,6,898,1,1",165,35,[NULL]
5,"8,1,42,1,380,1,0",165,35,[NULL]
6,"8,2,689,1,0",165,35,[NULL]
7,"8,3,13,2,167,1,0",165,35,[NULL]
0,"44,1,281",166,34,[NULL]
1,"16,1,598,1,3",166,34,[NULL]
2,"8,2,17,1,260,1,3",166,34,[NULL]
3,"8,3,9,1,219,1,3",166,34,[NULL]
4,"0,1,149,2,3",166,34,[NULL]
5,"0,3,64,1,260,1,2",166,34,[NULL]
6,"8,2,13,2,248,1,0",166,34,[NULL]
7,"8,3,517,1,0",166,34,[NULL]
8,"8,4,316,1,0",166,34,[NULL]
0,"16,1,17,1,292,1,3",167,33,[NULL]
1,"8,1,726,1,3",167,33,[NULL]
2,"8,2,9,1,13,1,194,1,3",167,33,[NULL]
3,"0,1,927,1,3",167,33,[NULL]
4,"0,1,64,1,274,1,2",167,33,[NULL]
5,"0,3,897,1,2",167,33,[NULL]
6,"8,1,13,3,219,1,0",167,33,[NULL]
7,"8,3,518,1,0",167,33,[NULL]
8,"8,3,9,1,292,1,0",167,33,[NULL]
0,"8,1,42,1,260,1,3",168,32,[NULL]
1,"8,1,9,1,13,2,167,1,3",168,32,[NULL]
2,"8,2,549,1,3",168,32,[NULL]
3,"0,3,64,1,260,1,3",168,32,[NULL]
4,"0,2,921,1,2",168,32,[NULL]
5,"0,2,919,1,2",168,32,[NULL]
6,"13,4,194,1,0",168,32,[NULL]
7,"8,1,64,1,260,1,0",168,32,[NULL]
8,"8,2,23,1,316,1,0",168,32,[NULL]
9,"8,4,318,1,0",168,32,[NULL]
0,"9,1,13,2,248,1,3",169,31,[NULL]
1,"8,3,347,1,3",169,31,[NULL]
2,"8,3,346,1,3",169,31,[NULL]
3,"0,1,64,1,274,1,3",169,31,[NULL]
4,"0,3,897,1,3",169,31,[NULL]
5,"0,3,898,1,2",169,31,[NULL]
6,"0,1,963,1,1",169,31,[NULL]
7,"8,1,897,1,0",169,31,[NULL]
8,"8,1,9,1,23,1,292,1,0",169,31,[NULL]
9,"8,3,9,1,293,1,0",169,31,[NULL]
0,"64,1,206",170,30,[NULL]
1,"8,2,550,1,3",170,30,[NULL]
2,"8,2,13,1,292,1,3",170,30,[NULL]
3,"0,2,921,1,3",170,30,[NULL]
4,"0,2,919,1,3",170,30,[NULL]
5,"974,1,1",170,30,[NULL]
6,"9,1,13,2,346,1,0",170,30,[NULL]
7,"8,4,9,1,209,1,0",170,30,[NULL]
8,"2,1,1103,1,0",170,30,[NULL]
0,"13,2,167,1,17",171,29,[NULL]
1,"64,1,278,1,3",171,29,[NULL]
2,"8,1,23,1,346,1,3",171,29,[NULL]
3,"8,3,348,1,3",171,29,[NULL]
4,"0,3,898,1,3",171,29,[NULL]
5,"976,1,1",171,29,[NULL]
6,"64,1,420,1,0",171,29,[NULL]
7,"8,3,9,1,294,1,0",171,29,[NULL]
8,"0,8,1051,1,0",171,29,[NULL]
0,"940,1,3",172,28,[NULL]
1,"13,1,23,1,292,1,3",172,28,[NULL]
2,"8,3,350,1,3",172,28,[NULL]
3,"16,1,64,1,209,1,0",172,28,[NULL]
4,"8,2,690,1,0",172,28,[NULL]
5,"8,2,9,1,13,1,261,1,0",172,28,[NULL]
6,"0,6,1084,1,0",172,28,[NULL]
0,"8,3,13,1,209,1,3",173,27,[NULL]
1,"16,1,760,1,0",173,27,[NULL]
2,"13,1,832,1,0",173,27,[NULL]
3,"8,1,901,1,0",173,27,[NULL]
4,"8,1,9,1,13,1,423,1,0",173,27,[NULL]
5,"0,1,149,1,209,1,0",173,27,[NULL]
6,"0,4,1105,1,0",173,27,[NULL]
0,"8,2,13,1,294,1,3",174,26,[NULL]
1,"0,1,3,1,832,1,3",174,26,[NULL]
2,"1182,1,0",174,26,[NULL]
3,"23,1,690,1,0",174,26,[NULL]
4,"9,1,13,3,209,1,0",174,26,[NULL]
5,"8,1,64,1,261,1,0",174,26,[NULL]
0,759,175,25,[NULL]
1,"64,1,279,1,3",175,25,[NULL]
2,"9,1,690,1,3",175,25,[NULL]
3,"8,1,13,2,261,1,3",175,25,[NULL]
4,"0,1,929,1,3",175,25,[NULL]
5,"8,2,692,1,0",175,25,[NULL]
0,"832,1,5",176,24,[NULL]
1,"941,1,3",176,24,[NULL]
2,"64,1,280,1,3",176,24,[NULL]
3,"13,2,423,1,3",176,24,[NULL]
4,"0,1,67,1,266,1,3",176,24,[NULL]
5,"8,1,101,1,209,1,0",176,24,[NULL]
6,"0,1,64,1,418,1,0",176,24,[NULL]
0,"8,1,729,1,3",177,23,[NULL]
1,"0,1,930,1,3",177,23,[NULL]
2,"943,1,2",177,23,[NULL]
3,"23,1,691,1,0",177,23,[NULL]
4,"13,1,80,1,209,1,0",177,23,[NULL]
5,"0,2,1149,1,0",177,23,[NULL]
0,"942,1,3",178,22,[NULL]
1,"9,1,692,1,3",178,22,[NULL]
2,"0,4,891,1,3",178,22,[NULL]
3,"0,3,50,1,324,1,2",178,22,[NULL]
4,"7,1,930,1,0",178,22,[NULL]
5,"1,1,1148,1,0",178,22,[NULL]
0,"13,1,209,1,33",179,21,[NULL]
1,"944,1,3",179,21,[NULL]
2,"943,1,3",179,21,[NULL]
3,"0,3,908,1,3",179,21,[NULL]
4,"8,1,49,1,324,1,0",179,21,[NULL]
5,"0,2,1152,1,0",179,21,[NULL]
0,"945,1,3",180,20,[NULL]
1,"0,1,3,1,838,1,3",180,20,[NULL]
2,"0,3,50,1,324,1,3",180,20,[NULL]
3,"8,1,50,1,324,1,0",180,20,[NULL]
4,"1,1,1152,1,0",180,20,[NULL]
5,"0,1,1174,1,0",180,20,[NULL]
6,"0,2,1154,1,0",180,20,[NULL]
0,"0,1,932,1,3",181,19,[NULL]
1,"0,2,3,1,825,1,3",181,19,[NULL]
2,"17,2,324,1,1",181,19,[NULL]
3,"1183,1,0",181,19,[NULL]
4,"1,1,1154,1,0",181,19,[NULL]
5,"0,1,1175,1,0",181,19,[NULL]
0,"947,1,3",182,18,[NULL]
1,"55,1,324,1,3",182,18,[NULL]
2,"0,1,3,1,841,1,3",182,18,[NULL]
3,"59,1,324,1,1",182,18,[NULL]
4,"88,1,324,1,0",182,18,[NULL]
5,"7,1,932,1,0",182,18,[NULL]
6,"1,1,1156,1,0",182,18,[NULL]
0,760,183,17,[NULL]
1,"267,1,46",183,17,[NULL]
2,"948,1,3",183,17,[NULL]
3,"56,1,324,1,3",183,17,[NULL]
4,"0,1,3,1,843,1,3",183,17,[NULL]
5,"1185,1,0",183,17,[NULL]
6,"1184,1,0",183,17,[NULL]
7,"8,4,324,1,0",183,17,[NULL]
0,"387,1,29",184,16,[NULL]
1,"841,1,5",184,16,[NULL]
2,"0,1,934,1,3",184,16,[NULL]
3,"8,2,22,1,324,1,0",184,16,[NULL]
4,"1,1,1158,1,0",184,16,[NULL]
5,"0,2,1159,1,0",184,16,[NULL]
0,"0,1,935,1,3",185,15,[NULL]
1,"1189,1,0",185,15,[NULL]
2,"1188,1,0",185,15,[NULL]
3,"1187,1,0",185,15,[NULL]
4,"75,1,373,1,0",185,15,[NULL]
5,"8,2,23,1,324,1,0",185,15,[NULL]
6,"0,2,1160,1,0",185,15,[NULL]
0,"324,1,34",186,14,[NULL]
1,"485,1,24",186,14,[NULL]
2,"8,2,9,1,324,1,3",186,14,[NULL]
3,"3,1,861,1,3",186,14,[NULL]
4,"1191,1,0",186,14,[NULL]
5,"1190,1,0",186,14,[NULL]
6,"8,1,51,1,324,1,0",186,14,[NULL]
7,"1,2,1118,1,0",186,14,[NULL]
8,"0,2,1161,1,0",186,14,[NULL]
0,"191,1,85",187,13,[NULL]
1,"789,1,6",187,13,[NULL]
2,"8,1,29,1,324,1,3",187,13,[NULL]
3,"2,1,893,1,3",187,13,[NULL]
4,"0,1,938,1,3",187,13,[NULL]
5,"1195,1,0",187,13,[NULL]
6,"1194,1,0",187,13,[NULL]
7,"1193,1,0",187,13,[NULL]
8,"13,3,324,1,0",187,13,[NULL]
9,"2,1,1118,1,0",187,13,[NULL]
10,"0,2,1162,1,0",187,13,[NULL]
0,"3,1,392,1,24",188,12,[NULL]
1,"791,1,6",188,12,[NULL]
2,"9,1,23,1,324,1,3",188,12,[NULL]
3,"1,1,925,1,3",188,12,[NULL]
4,"0,1,3,1,847,1,3",188,12,[NULL]
5,"1196,1,0",188,12,[NULL]
6,"2,1,1120,1,0",188,12,[NULL]
7,"1,1,1163,1,0",188,12,[NULL]
8,"1,1,1162,1,0",188,12,[NULL]
9,"0,1,1178,1,0",188,12,[NULL]
10,"0,8,1058,1,0",188,12,[NULL]
0,"399,1,29",189,11,[NULL]
1,"3,1,397,1,24",189,11,[NULL]
2,"3,1,396,1,24",189,11,[NULL]
3,"0,2,53,1,324,1,3",189,11,[NULL]
4,"1199,1,0",189,11,[NULL]
5,"1198,1,0",189,11,[NULL]
6,"1197,1,0",189,11,[NULL]
7,"90,1,324,1,0",189,11,[NULL]
8,"89,1,324,1,0",189,11,[NULL]
9,"1,1,81,1,324,1,0",189,11,[NULL]
0,761,190,10,[NULL]
1,"324,1,35",190,10,[NULL]
2,"3,1,399,1,24",190,10,[NULL]
3,"13,1,660,1,3",190,10,[NULL]
4,"1200,1,0",190,10,[NULL]
5,"1,1,1165,1,0",190,10,[NULL]
6,"0,2,84,1,324,1,0",190,10,[NULL]
0,"3,1,400,1,24",191,9,[NULL]
1,"2,1,894,1,3",191,9,[NULL]
2,"1201,1,0",191,9,[NULL]
3,"0,2,86,1,324,1,0",191,9,[NULL]
0,"2,1,726",192,8,[NULL]
1,"0,1,3,1,43,1,324,1,3",192,8,[NULL]
0,"2,1,727",193,7,[NULL]
1,"57,1,324,1,3",193,7,[NULL]
2,"91,1,324,1,0",193,7,[NULL]
0,"2,1,324,1,32",194,6,[NULL]
1,"93,1,324,1,0",194,6,[NULL]
2,"92,1,324,1,0",194,6,[NULL]
3,"2,2,1058,1,0",194,6,[NULL]
0,"94,1,324,1,0",195,5,[NULL]
0,"324,1,36",197,3,[NULL]
