rel,stem,s
"0,1,1;69,1,0",63,1
"1,1,69,1,0",64,2
"0,2,2,1,69,1,0",66,4
"2,2,69,1,0",69,3
"4,1,69,1,0",71,4
"0,3,3,1,69,1,0",70,5
"5,1,69,1,0",72,6
"0,1,3,2,69,1,0",77,4
"0,2,6,1,69,1,0",74,8
"0,2,8,1,69,1,0",77,7
"11,1,69,1,0",82,4
"0,1,10,1,69,1,0",81,6
"12,1,69,1,0",79,8
"0,7,7,1,69,1,0",78,9
"0,3,9,1,69,1,0",80,8
"0,2,13,1,69,1,0",83,7
"14,1,69,1,0",80,10
"0,1,2,1,13,1,69,1,0",86,7
"0,2,15,1,69,1,0",82,12
"0,2,16,1,69,1,0",85,11
"0,1,2;1,2,18,1,1",96,3
"0,3,7,2,69,1,0",93,6
"0,2,20,1,69,1,0",89,10
"21,1,69,1,0",87,12
"0,5,17,1,69,1,0",86,13
"25,1,69,1,0",95,5
"24,1,69,1,0",94,6
"0,3,19,1,69,1,0",88,12
"2,1,2",99,3
"0,1,26,1,69,1,0",96,6
"28,1,69,1,0",95,7
"0,2,22,1,69,1,0",92,10
"27,1,69,1,0",88,14
"0,1,3",101,4
"0,2,29,1,69,1,0",95,10
"0,5,23,1,69,1,0",93,12
"1,1,3;4,1,18,1,1",102,4
"35,1,69,1,0",101,5
"33,1,69,1,0",99,7
"0,2,30,1,69,1,0",90,16
"2,1,3;1,1,3,1,2",104,4
"0,1,5;1,1,4,1,18,1,1",103,5
"0,1,4",102,6
"0,2,32,1,69,1,0",98,10
"0,2,31,1,69,1,0",93,15
"1,1,5;4,1,2",104,5
"1,1,4;5,1,18,1,1",103,6
"9,1,13,1,69,1,0;0,3,34,1,69,1,0",100,9
"1,2,3,1,2",105,5
"0,2,38,1,69,1,0",104,6
"0,2,37,1,69,1,0",103,7
"2,1,5",106,5
"2,1,4;1,1,4,1,2",105,6
"1,1,4,1,2;6,1,18,1,1",105,6
"0,1,6;1,1,5,1,18,1,1",104,7
"0,3,36,1,69,1,0",101,10
"0,5,34,1,69,1,0",100,11
"0,2,40,1,69,1,0",97,14
"41,1,69,1,0",95,16
"3,1,3",108,4
"1,1,6;5,1,2",105,7
"42,1,69,1,0",102,10
"0,1,7",95,17
"0,1,9;235,1,0",104,9
"0,1,8",97,16
"1,1,7;44,1,1",96,17
"7,1,2",111,3
"3,2,2",110,4
"0,1,10",109,5
"1,1,7,1,163,1,0",108,6
"2,1,6",107,7
"6,1,2",107,7
"0,2,7,1,163,1,0",107,7
"1,1,9;239,1,0",105,9
"0,2,3,1,195,1,0",99,15
"1,1,8",98,16
"1,1,10",110,5
"3,1,5",110,5
"3,1,4;4,1,3",109,6
"4,1,3;1,1,8,1,18,1,1",109,6
"0,1,239,1,0",105,10
"2,1,7;47,1,1",98,17
"0,1,11;1,1,44,1,1",97,18
"3,1,38,1,69,1,0",111,5
"2,1,9;251,1,0",107,9
"0,1,3,1,209,1,0;0,3,235,1,0",104,12
"2,1,8;13,1,151,1,0",100,16
"2,1,10;10,1,18,1,1",112,5
"0,1,2,1,7,1,163,1,0",110,7
"0,1,12",109,8
"48,1,69,1,0",109,8
"3,1,6;4,1,5",111,7
"4,1,5;1,1,8,1,2",111,7
"1,1,12;4,1,4",110,8
"4,1,4;5,1,3",110,8
"5,1,3;12,1,18,1,1",110,8
"7,1,190,1,0;3,2,191,1,0",109,9
"1,1,251,1,0",108,10
"1,2,239,1,0;0,2,251,1,0",107,11
"0,1,13;1,1,249,1,0",103,15
"2,1,11",100,18
"0,1,14",114,5
"1,1,13",104,15
"3,1,7;1,1,49,1,1;0,1,50,1,69,1,0",102,17
"7,1,3",116,4
"1,1,14",115,5
"11,1,2",115,5
"10,1,2",114,6
"54,1,69,1,0",113,7
"0,1,16;2,1,12",112,8
"2,1,12;6,1,3",112,8
"6,1,3;1,2,8,1,2",112,8
"1,2,8,1,2;272,1,0;3,1,230,1,0;0,1,264,1,0",112,8
"0,1,15;1,1,12,1,18,1,1",111,9
"3,1,9;1,1,12,1,18,1,1;270,1,0;0,1,53,1,69,1,0",111,9
"0,2,7,1,188,1,0",106,14
"3,1,8",104,16
"0,2,50,1,69,1,0",102,18
"3,1,10;2,1,11,1,18,1,1",116,5
"57,1,69,1,0",115,6
"1,1,16",113,8
"1,1,15;4,1,6",112,9
"4,1,6;5,1,5",112,9
"5,1,5;12,1,2",112,9
"5,1,4",111,10
"0,2,53,1,69,1,0",111,10
"0,1,2,1,251,1,0",110,11
"8,1,29,1,69,1,0",109,12
"1,1,261,1,0",108,13
"2,1,13",106,15
"0,1,18;0,1,267,1,0",106,15
"0,1,17",102,19
"1,1,18",107,15
"1,1,17;4,1,7",103,19
"4,1,7;58,1,1",103,19
"7,1,5",118,5
"7,1,4",117,6
"2,1,16;13,1,25,1,1",115,8
"2,1,15",114,9
"6,1,5",114,9
"2,1,53,1,69,1,0",114,9
"6,1,4",113,10
"1,1,12,1,2",113,10
"4,1,9;7,1,209,1,0;0,1,281,1,0",112,11
"4,1,8",105,18
"0,2,56,1,69,1,0",105,18
"4,1,10",117,7
"1,1,13,1,2",117,7
"2,1,273,1,0",117,7
"3,1,12",116,8
"2,1,272,1,0",115,9
"2,1,270,1,0",114,10
"5,1,6;14,1,2",113,11
"14,1,2;1,1,281,1,0",113,11
"1,1,281,1,0;1,2,270,1,0",113,11
"0,1,7,1,209,1,0",112,12
"0,4,270,1,0",111,13
"1,1,280,1,0",110,14
"2,1,18;1,1,279,1,0;0,1,286,1,0",109,15
"2,1,17;1,1,3,1,11",105,19
"0,1,20;1,1,58,1,1",104,20
"0,1,19",103,21
"9,1,3;1,1,61,1,1",118,7
"8,1,5;17,1,18,1,1",117,8
"8,1,4;16,1,18,1,1",116,9
"3,1,13",110,15
"1,1,20;4,1,11",105,20
"1,1,19;5,1,7",104,21
"5,1,7;62,1,1",104,21
"3,1,14",121,5
"2,2,14",120,6
"11,1,3",120,6
"7,1,6",119,7
"10,1,3",119,7
"6,1,6",115,11
"15,1,2",115,11
"5,1,9;308,1,0",113,13
"0,1,8,1,209,1,0",111,15
"1,2,3,1,11",106,20
"5,1,8",106,20
"0,1,25",119,8
"3,1,16",119,8
"3,1,15",118,9
"5,1,10",118,9
"4,1,12",117,10
"12,1,3",117,10
"0,1,24;312,1,0",117,10
"0,1,308,1,0",113,14
"7,1,7;0,1,8,1,212,1,0;0,3,59,1,69,1,0",110,17
"0,1,23;0,1,300,1,0",109,18
"0,1,22;1,1,291,1,0;0,2,292,1,0",108,19
"2,1,20",107,20
"2,1,19;1,1,4,1,11",106,21
"1,1,4,1,11;6,1,7",106,21
"6,1,7;65,1,1",106,21
"0,1,21;1,1,62,1,1",105,22
"13,1,3",121,7
"1,1,25;9,1,5",120,8
"9,1,5;18,1,20,1,1",120,8
"9,1,4;17,1,2",119,9
"17,1,2;18,1,19,1,1",119,9
"7,1,9;18,1,19,1,1;322,1,0",119,9
"1,1,24;8,1,6",118,10
"8,1,6;16,1,2",118,10
"0,1,27;68,2,0",116,12
"0,1,26",115,13
"6,1,9",115,13
"3,1,18;3,1,267,1,0;1,1,13,1,189,1,0",113,15
"7,1,8;0,1,2,1,286,1,0",112,16
"4,1,13;0,2,304,1,0",111,17
"1,1,23",110,18
"1,1,22",109,19
"3,1,17",109,19
"6,1,8",108,20
"1,1,21;5,1,11",106,22
"7,1,10",124,5
"4,1,14",122,7
"11,1,5",122,7
"10,1,5",121,8
"11,1,4",121,8
"6,1,10",120,9
"10,1,4",120,9
"1,1,27;330,1,0",117,12
"1,1,26;329,1,0;0,1,68,2,0;0,2,64,1,69,1,0",116,13
"0,1,28",113,16
"8,1,7;71,1,1",109,20
"0,1,33;1,1,70,1,1;340,1,0",125,5
"2,1,25",122,8
"0,2,68,1,69,1,0",121,9
"0,1,32;2,1,24",120,10
"4,1,16",120,10
"2,1,24;337,1,0;1,1,322,1,0",120,10
"4,1,15",119,11
"12,1,5",119,11
"1,1,16,1,2",119,11
"1,1,3,1,270,1,0",119,11
"5,1,12",118,12
"12,1,4",118,12
"14,1,3",118,12
"1,2,308,1,0",115,15
"1,1,28",114,16
"0,1,31",112,18
"2,1,23",112,18
"7,1,11;334,1,0;0,2,3,1,266,1,0",112,18
"0,1,30;2,1,22",111,19
"3,2,11",111,19
"2,1,22;1,2,300,1,0",111,19
"8,1,8;1,2,300,1,0;0,1,2,1,292,1,0",111,19
"0,1,29;0,2,317,1,0;0,2,316,1,0",110,20
"2,1,21",108,22
"6,1,11",108,22
"69,1,76,1,0",125,6
"8,1,10",123,8
"13,1,5",123,8
"13,1,4",122,9
"20,1,2",122,9
"1,1,32;9,1,6",121,10
"9,1,6;19,1,2",121,10
"0,1,36;0,1,338,1,0",121,10
"0,1,35;2,1,27",119,12
"2,1,27;67,1,76,1,0;0,1,336,1,0",119,12
"2,1,26",118,13
"0,1,34",117,14
"4,1,18;0,1,2,1,13,1,188,1,0",114,17
"1,1,31",113,18
"1,1,30",112,19
"5,1,13",112,19
"1,1,29",111,20
"3,1,20",111,20
"3,1,19;4,1,17",110,21
"4,1,17;1,1,71,1,1",110,21
"7,1,12",124,8
"5,1,14",123,9
"11,1,6",123,9
"1,1,36",122,10
"10,1,6",122,10
"6,1,12",120,12
"15,1,3",120,12
"1,1,35;0,1,351,1,0",120,12
"0,2,337,1,0",120,12
"1,1,34;362,1,0;361,1,0",118,14
"2,1,28",116,16
"9,1,7;77,1,1",112,20
"1,2,33;86,1,1;377,1,0",127,6
"0,1,41",126,7
"0,1,40",125,8
"2,1,32;69,1,80,1,0",123,10
"5,1,16",121,12
"5,1,15",120,13
"12,1,6",120,13
"14,1,5",120,13
"21,1,2",120,13
"14,1,4",119,14
"0,3,69,1,72,1,0",119,14
"7,1,13;0,6,314,1,0",118,15
"1,1,349,1,0",117,16
"0,1,13,1,212,1,0",116,17
"0,1,39",115,18
"2,1,31",115,18
"0,1,38",114,19
"2,1,30",114,19
"6,1,13",114,19
"11,1,7",114,19
"9,1,8;0,1,356,1,0;0,1,355,1,0",114,19
"2,1,29;10,1,7",113,20
"10,1,7;69,1,78,1,0",113,20
"0,1,37",110,23
"7,1,14",129,5
"25,1,2",128,6
"1,1,41",127,7
"24,1,2",127,7
"3,1,25",126,8
"9,1,10",126,8
"23,1,2",126,8
"1,1,40;395,1,0",126,8
"69,1,85,1,0",126,8
"0,1,45",125,9
"6,1,14",125,9
"22,1,2",125,9
"69,1,82,1,0",125,9
"18,1,190,1,0",125,9
"0,1,44;3,1,24",124,10
"13,1,6",124,10
"17,1,3",124,10
"8,2,2",124,10
"2,1,36;1,1,366,1,0",124,10
"3,1,24;1,1,366,1,0;0,2,367,1,0",124,10
"8,1,12;16,1,3",123,11
"11,1,9;18,1,189,1,0",123,11
"16,1,3;1,1,79,1,1;0,1,69,1,80,1,0",123,11
"2,1,35;18,1,188,1,0;0,1,371,1,0",122,12
"10,1,9;18,1,188,1,0;0,1,69,1,79,1,0",122,12
"0,1,43",120,14
"2,1,34",120,14
"0,1,42;1,1,361,1,0",119,15
"1,1,39",116,18
"11,1,8;1,1,357,1,0",116,18
"3,1,23;1,1,357,1,0;0,2,359,1,0",116,18
"1,1,38",115,19
"5,1,18",115,19
"10,1,8",115,19
"3,1,22;0,2,358,1,0",115,19
"3,1,21;4,1,20",112,22
"4,1,20;1,1,8,1,11",112,22
"1,1,37;4,1,19",111,23
"4,1,19;5,1,17",111,23
"5,1,17;12,1,7",111,23
"12,1,7;87,1,1",111,23
"26,1,2",129,6
"11,1,10;2,1,18,1,24,1,1",128,7
"10,1,10",127,8
"7,1,16;2,1,69,1,75,1,0",127,8
"7,1,15",126,9
"1,1,45;1,1,375,1,0",126,9
"1,1,44",125,10
"6,1,16",123,12
"3,1,27;0,1,386,1,0",123,12
"0,2,69,1,80,1,0",123,12
"6,1,15",122,13
"15,1,5",122,13
"3,1,26;1,2,351,1,0",122,13
"0,2,69,1,79,1,0",122,13
"15,1,4",121,14
"1,1,43;406,1,0",121,14
"1,1,42",120,15
"12,1,9",120,15
"13,1,7;8,1,49,1,1",115,20
"12,1,8",113,22
"18,1,3;96,1,1",132,4
"8,1,14",128,8
"28,1,2",128,8
"0,2,392,1,0",126,10
"0,1,49;0,8,69,2,0",126,10
"12,1,10",125,11
"14,1,6",121,15
"27,1,2",121,15
"7,1,18;7,1,267,1,0",121,15
"3,1,28",120,16
"0,1,48",118,18
"2,1,39",118,18
"1,1,383,1,0",118,18
"2,1,38",117,19
"6,1,18;7,1,17;13,1,8",117,19
"13,1,8;2,1,355,1,0;0,1,405,1,0",117,19
"7,1,17;2,1,355,1,0;0,1,20,1,188,1,0",117,19
"11,1,11",116,20
"10,1,11",115,21
"2,1,37;6,1,17",113,23
"6,1,17;1,2,8,1,11",113,23
"0,1,47;1,1,87,1,1",112,24
"0,1,46",111,25
"13,1,10",129,8
"0,1,57",128,9
"2,1,45",128,9
"29,1,2",128,9
"0,1,56;2,1,44",127,10
"3,1,32",127,10
"2,1,44;4,1,25",127,10
"4,1,25;20,1,3",127,10
"20,1,3;8,1,9,1,2",127,10
"1,1,49;98,1,1",127,10
"8,1,9,1,2;1,2,375,1,0",127,10
"0,1,55;9,1,12",126,11
"9,1,12;17,1,5",126,11
"17,1,5;19,1,3",126,11
"19,1,3;1,2,81,1,1",126,11
"8,1,16;0,1,419,1,0",126,11
"0,1,54",125,12
"8,1,15",125,12
"16,1,5",125,12
"17,1,4",125,12
"4,1,24;0,1,69,1,89,1,0",125,12
"16,1,4",124,13
"0,1,53",123,14
"2,1,43",123,14
"0,1,52",122,15
"2,1,42",122,15
"0,1,51;422,1,0",121,16
"0,1,50;421,1,0",120,17
"1,1,48",119,18
"3,1,31",119,18
"3,1,30",118,19
"3,1,29",117,20
"4,1,23",117,20
"4,1,22;0,5,359,1,0",116,21
"1,1,47;4,1,21",113,24
"4,1,21;5,1,20",113,24
"5,1,20;12,1,11",113,24
"1,1,46;5,1,19",112,25
"5,1,19;14,1,7",112,25
"14,1,7;97,1,1",112,25
"3,1,18,1,2",134,4
"0,1,58",130,8
"1,1,57",129,9
"0,1,69,1,95,1,0",129,9
"1,1,56",128,10
"11,1,12",128,10
"10,1,12",127,11
"1,1,54;3,1,35",126,12
"3,1,35;25,1,190,1,0;0,1,427,1,0",126,12
"0,2,419,1,0",126,12
"0,5,375,1,0",125,13
"1,1,53;3,1,34",124,14
"3,1,34;4,1,27",124,14
"4,1,27;1,1,418,1,0",124,14
"1,1,52;4,1,26",123,15
"15,1,6",123,15
"30,1,2",123,15
"4,1,26;7,1,279,1,0",123,15
"1,1,51;0,1,424,1,0",122,16
"1,1,50;14,1,9",121,17
"14,1,9;436,1,0",121,17
"9,1,13;17,1,40,1,1;22,1,188,1,0",120,18
"8,1,18;17,1,40,1,1;22,1,188,1,0;8,1,267,1,0",120,18
"0,1,16,1,209,1,0",119,19
"14,1,8",114,24
"0,1,65;1,1,99,1,1",134,5
"1,1,3,1,33",133,6
"18,1,4;2,1,92,1,1",133,6
"0,1,64",132,7
"9,1,14",131,8
"0,1,63;1,1,58;451,1,0;0,1,3,1,339,1,0",131,8
"1,1,58;0,1,3,1,339,1,0;0,1,2,1,398,1,0",131,8
"2,1,49;103,1,1",129,10
"0,1,62;1,1,98,1,1",128,11
"14,1,10",126,13
"12,1,12",125,14
"21,1,3",125,14
"0,1,61;449,1,0;1,1,7,1,275,1,0",125,14
"0,1,60;448,1,0",124,15
"11,1,13",122,17
"2,1,48",121,18
"4,1,28",121,18
"10,1,13",121,18
"0,1,23,1,188,1,0;0,2,422,1,0",121,18
"7,1,20;447,1,0;1,1,420,1,0",119,20
"7,1,19;0,1,8,2,187,1,0",118,21
"2,1,47",115,24
"6,1,20",115,24
"2,1,46;6,1,19",114,25
"6,1,19;1,1,12,1,11",114,25
"1,1,12,1,11;15,1,7",114,25
"15,1,7;102,1,1",114,25
"0,1,59;1,1,97,1,1",113,26
"35,1,2",134,6
"3,1,41",133,7
"11,1,14",133,7
"25,1,3",133,7
"34,1,2",133,7
"1,1,64;4,1,33;467,1,0",133,7
"2,2,41;10,1,14",132,8
"10,1,14;24,1,3",132,8
"24,1,3;33,1,2",132,8
"1,1,63;108,1,1",132,8
"33,1,2;0,2,3,1,340,1,0",132,8
"2,1,57",131,9
"23,1,3",131,9
"32,1,2",131,9
"2,2,40;69,1,107,1,0;0,1,451,1,0",131,9
"2,1,56",130,10
"22,1,3",130,10
"8,1,13,1,2",130,10
"18,1,213,1,0",130,10
"2,1,55",129,11
"13,1,12",129,11
"20,1,5",129,11
"8,2,3",129,11
"9,1,16;69,1,104,1,0",129,11
"1,2,55;5,1,25",128,12
"5,1,25;9,1,15",128,12
"9,1,15;19,1,5",128,12
"19,1,5;20,1,4",128,12
"20,1,4;18,1,40,1,1",128,12
"2,1,54;76,1,95,1,0",128,12
"4,1,32;18,1,40,1,1;0,1,18,1,209,1,0",128,12
"17,1,6",127,13
"19,1,4",127,13
"2,1,53",126,14
"5,1,24",126,14
"16,1,6",126,14
"31,1,2",126,14
"1,1,61;457,1,0",126,14
"0,1,69;0,12,69,2,0",126,14
"0,1,68",125,15
"2,1,52",125,15
"1,1,60;5,1,64,1,1",125,15
"0,1,67",124,16
"2,1,51;0,1,448,1,0;0,2,440,1,0",124,16
"0,1,66",123,17
"2,1,50;15,1,9",123,17
"15,1,9;0,4,418,1,0",123,17
"3,1,39",122,18
"3,1,38",121,19
"4,1,31;0,2,8,1,267,1,0",120,20
"4,1,30",119,21
"12,1,13",119,21
"4,1,29",118,22
"5,1,23",118,22
"1,1,13,1,11",118,22
"3,1,37",117,23
"5,1,22",117,23
"15,1,8",116,24
"1,1,59;5,1,21",114,26
"5,1,21;14,1,11",114,26
"26,1,3",134,7
"2,1,58;3,1,84,1,1",133,8
"3,1,45",132,9
"11,1,16;1,1,105,1,1",131,10
"3,1,44;1,1,105,1,1;0,2,451,1,0",131,10
"10,1,16",130,11
"11,1,15",130,11
"12,1,14",130,11
"4,1,36",129,12
"10,1,15",129,12
"0,2,450,1,0",129,12
"15,1,10",128,13
"1,1,69;3,1,43",127,14
"4,1,35",127,14
"3,1,43;0,1,13,1,251,1,0",127,14
"1,1,68",126,15
"3,1,42",126,15
"1,1,67",125,16
"4,1,34",125,16
"5,1,27",125,16
"1,1,448,1,0",125,16
"1,1,66;5,1,26",124,17
"5,1,26;0,2,448,1,0;0,3,440,1,0;0,3,439,1,0",124,17
"9,1,18;13,1,13;9,1,267,1,0",123,18
"13,1,13;8,1,17,2,1;9,1,267,1,0;0,1,3,1,359,1,0",123,18
"0,1,70",121,20
"8,1,20;17,1,7",118,23
"17,1,7;111,1,1",118,23
"8,1,19;16,1,7",117,24
"16,1,7;110,1,1",117,24
"2,1,65",137,5
"38,1,2",137,5
"1,2,65",136,6
"37,1,2",136,6
"2,1,64",135,7
"18,1,6",135,7
"0,1,75",134,8
"2,1,63",134,8
"7,1,25",134,8
"13,1,14",134,8
"36,1,2",134,8
"1,1,4,1,33;1,2,446,1,0",134,8
"0,1,3,1,377,1,0",134,8
"28,1,3",133,9
"0,1,74;1,1,108,1,1;3,1,394,1,0;2,1,445,1,0;0,1,480,1,0",133,9
"7,1,24;115,1,1",132,10
"2,1,62",131,11
"6,1,25",130,12
"0,1,72",129,13
"0,1,73;483,1,0;1,1,459,1,0",129,13
"12,1,16",128,14
"6,1,24;69,1,113,1,0",128,14
"2,1,61;69,1,113,1,0;0,1,475,1,0;0,2,460,1,0",128,14
"12,1,15",127,15
"21,1,5",127,15
"2,1,60;69,1,112,1,0",127,15
"14,1,12",126,16
"21,1,4",126,16
"27,1,3",126,16
"11,1,18",125,17
"7,1,23;0,1,472,1,0",124,18
"10,1,18;0,1,472,1,0;0,4,440,1,0",124,18
"7,1,22;0,1,9,1,267,1,0",123,19
"0,1,9,1,267,1,0;0,2,3,1,359,1,0",123,19
"1,1,70",122,20
"5,1,28",122,20
"11,1,17",121,21
"0,1,71",120,22
"6,1,23",120,22
"7,1,21",120,22
"10,1,17",120,22
"17,1,8",120,22
"6,1,22;0,1,471,1,0",119,23
"16,1,8;0,1,471,1,0;0,2,454,1,0",119,23
"2,1,59",116,26
"6,1,21",116,26
"15,1,11",116,26
"25,1,5",135,8
"1,1,75;7,1,67,1,1;3,2,68,1,1",135,8
"0,1,83",134,9
"4,1,41",134,9
"1,1,74;5,1,33",134,9
"24,1,5",134,9
"25,1,4",134,9
"3,1,49",133,10
"4,1,40",133,10
"23,1,5",133,10
"24,1,4",133,10
"29,1,3",133,10
"9,1,13,1,2",133,10
"0,1,82;1,2,107,1,1",133,10
"17,1,10",132,11
"22,1,5",132,11
"23,1,4",132,11
"0,1,81;13,1,16;2,1,103,1,1;7,1,311,1,0",132,11
"13,1,16;2,1,103,1,1;0,2,479,1,0;0,5,446,1,0",132,11
"0,1,80",131,12
"13,1,15",131,12
"16,1,10",131,12
"22,1,4",131,12
"7,1,27;497,1,0;0,1,486,1,0",131,12
"1,1,73",130,13
"1,1,72",130,13
"20,1,6",130,13
"40,1,2",130,13
"7,1,26;496,1,0",130,13
"0,1,79;0,1,3,1,386,1,0",130,13
"0,1,78;2,1,69",129,14
"5,1,32",129,14
"19,1,6",129,14
"39,1,2",129,14
"2,1,69;9,1,281,1,0",129,14
"2,1,68",128,15
"0,1,77;0,1,482,1,0;0,2,475,1,0",128,15
"2,1,67",127,16
"6,1,27;0,1,2,1,439,1,0",127,16
"2,1,66",126,17
"6,1,26",126,17
"18,1,7;0,15,69,2,0",126,17
"0,1,76",125,18
"3,1,48",125,18
"4,1,39",123,20
"4,1,38",122,21
"12,1,18;0,2,8,1,9,1,188,1,0",122,21
"1,1,71",121,22
"5,1,31;0,6,422,1,0",121,22
"5,1,30",120,23
"14,1,13",120,23
"3,1,47",119,24
"5,1,29",119,24
"3,1,46;4,1,37",118,25
"4,1,37;12,1,17",118,25
"12,1,17;1,1,110,1,1",118,25
"3,1,69,1,93,1,0",137,7
"26,1,5",136,8
"5,1,18,1,2",136,8
"1,1,83",135,9
"3,1,57",135,9
"26,1,4",135,9
"18,1,9;504,1,0",135,9
"3,1,56",134,10
"3,1,55",133,11
"4,1,45",133,11
"8,1,25",133,11
"1,1,81;7,1,321,1,0",133,11
"1,1,80",132,12
"4,1,44",132,12
"3,1,54;1,1,485,1,0;0,2,3,1,391,1,0",132,12
"0,6,446,1,0",132,12
"0,1,84;1,1,79",131,13
"14,1,14",131,13
"8,1,24;118,1,1",131,13
"1,1,79;0,2,3,1,389,1,0",131,13
"1,1,78",130,14
"3,1,53",130,14
"5,1,36",130,14
"1,1,77",129,15
"3,1,52",129,15
"4,1,43;5,1,35",128,16
"15,1,12",128,16
"5,1,35;7,1,28;18,1,8",128,16
"30,1,3",128,16
"7,1,28;0,1,495,1,0",128,16
"3,1,51;0,1,495,1,0;0,2,482,1,0",128,16
"0,2,69,1,113,1,0",128,16
"18,1,8;0,3,475,1,0",128,16
"3,1,50;4,1,42;0,2,481,1,0",127,17
"4,1,42;0,2,69,1,112,1,0",127,17
"1,1,76;5,1,34",126,18
"5,1,34;501,1,0",126,18
"13,1,18;8,1,17,1,20,1,1;9,1,286,1,0",126,18
"2,1,70",124,20
"6,1,28",124,20
"8,1,22;13,1,17;499,1,0",122,22
"9,1,20;20,1,7",121,23
"20,1,7;117,1,1",121,23
"9,1,19;17,1,11",120,24
"17,1,11;19,1,7",120,24
"19,1,7;116,1,1",120,24
"8,1,21;16,1,11",119,25
"18,1,10",140,5
"0,1,89",137,8
"2,1,75",137,8
"3,1,58;120,1,1",137,8
"0,1,88",136,9
"2,1,74;6,1,33",136,9
"6,1,33;514,1,0",136,9
"28,1,5",135,10
"7,1,32;8,1,68,1,1",135,10
"1,1,5,1,33;8,1,68,1,1;2,1,479,1,0",135,10
"28,1,4",134,11
"0,1,87",133,12
"1,1,84;2,1,73;119,1,1;8,1,314,1,0",132,13
"2,1,73;8,1,314,1,0;1,1,497,1,0",132,13
"0,1,86;8,1,314,1,0;1,1,497,1,0;0,2,7,1,311,1,0",132,13
"6,1,32;8,1,312,1,0",131,14
"8,1,27;20,1,9;0,1,7,1,319,1,0;0,3,484,1,0",130,15
"14,1,16",129,16
"8,1,26;19,1,9;1,1,495,1,0",129,16
"14,1,15",128,17
"21,1,6",128,17
"27,1,5",128,17
"41,1,2",128,17
"27,1,4",127,18
"7,1,31;1,1,493,1,0",127,18
"0,3,69,1,112,1,0",127,18
"7,1,30",126,19
"0,1,8,1,13,1,188,1,0",125,20
"7,1,29;0,6,449,1,0",125,20
"0,1,8,2,212,1,0",124,21
"2,1,71",123,22
"6,1,31",123,22
"11,1,20",123,22
"20,1,8",123,22
"6,1,30",122,23
"10,1,20",122,23
"11,1,19",122,23
"15,1,13",122,23
"19,1,8;0,2,8,1,292,1,0",122,23
"6,1,29",121,24
"10,1,19",121,24
"0,1,85",118,27
"0,1,95;526,1,0",141,5
"3,1,65;1,1,508,1,0",141,5
"43,1,2;1,1,507,1,0",140,6
"35,1,3",139,7
"3,1,64;1,1,505,1,0",139,7
"34,1,3",138,8
"1,1,89;4,1,92,1,1",138,8
"3,1,63;4,1,92,1,1;0,2,505,1,0",138,8
"2,1,83",137,9
"33,1,3",137,9
"2,1,82",136,10
"25,1,6",136,10
"32,1,3",136,10
"13,2,2",136,10
"0,1,94;522,1,0;0,1,514,1,0",136,10
"7,1,36;522,1,0;0,1,513,1,0",136,10
"0,1,93;1,2,82",135,11
"5,1,41",135,11
"20,1,10",135,11
"24,1,6",135,11
"29,1,5",135,11
"42,1,2",135,11
"3,1,62;1,1,7,1,322,1,0",135,11
"1,2,82;2,1,81;3,2,36;520,1,0;0,1,512,1,0",135,11
"2,1,81;3,2,36;0,1,512,1,0;0,1,7,1,333,1,0",135,11
"3,2,36;520,1,0;0,1,512,1,0;0,1,7,1,333,1,0;0,1,2,1,479,1,0",135,11
"1,1,87;4,1,49",134,12
"19,1,10",134,12
"23,1,6",134,12
"29,1,4",134,12
"4,1,49;124,1,1",134,12
"5,1,40;1,1,7,1,321,1,0",134,12
"7,1,35;2,1,486,1,0;1,1,503,1,0;1,1,7,1,321,1,0;0,1,3,1,428,1,0;0,1,3,2,333,1,0",134,12
"1,1,86",133,13
"15,1,14",133,13
"22,1,6",133,13
"2,1,79;7,1,335,1,0;2,1,484,1,0;1,2,486,1,0",133,13
"3,1,61",132,14
"17,1,12",132,14
"8,1,16,1,2",132,14
"2,1,78;13,1,281,1,0",132,14
"6,1,36;0,1,8,1,314,1,0",132,14
"7,1,34;13,1,281,1,0;3,2,335,1,0;0,1,3,1,425,1,0",132,14
"0,1,92;2,1,77",131,15
"3,1,60",131,15
"16,1,12",131,15
"31,1,3",131,15
"2,1,77;2,1,482,1,0;0,2,502,1,0",131,15
"6,1,35;0,2,7,1,319,1,0",130,16
"0,1,91",128,18
"2,1,76",128,18
"6,1,34",128,18
"18,1,11;519,1,0",128,18
"0,1,90;8,1,28;9,1,293,1,0",127,19
"8,1,28;9,1,293,1,0;1,1,501,1,0",127,19
"4,1,48",126,20
"5,1,39",124,22
"5,1,38",123,23
"14,1,18",123,23
"3,1,59;4,1,47",120,26
"4,1,47;12,1,20",120,26
"12,1,20;1,1,16,1,11",120,26
"1,1,85;4,1,46",119,27
"4,1,46;5,1,37",119,27
"5,1,37;12,1,19",119,27
"12,1,19;14,1,17",119,27
"14,1,17;21,1,7",119,27
"21,1,7;123,1,1",119,27
"0,1,97;1,2,7,1,69,1,1",143,4
"1,1,95",142,5
"0,3,507,1,0",139,8
"26,1,6",137,10
"1,1,94;1,1,513,1,0",137,10
"1,1,93",136,11
"4,1,57",136,11
"9,1,25",136,11
"4,1,56",135,12
"4,1,55;5,1,45",134,13
"8,1,32;9,1,24",134,13
"5,1,45;9,1,24;127,1,1",134,13
"2,1,84;126,1,1",134,13
"9,1,24;127,1,1;1,1,511,1,0",134,13
"4,1,54",133,14
"5,1,44",133,14
"0,1,96;1,1,119,1,1",133,14
"3,1,69;0,1,2,1,484,1,0",133,14
"1,1,92",132,15
"3,1,68",132,15
"3,1,67",131,16
"4,1,53",131,16
"15,1,16",131,16
"0,2,8,1,312,1,0",131,16
"3,1,66",130,17
"4,1,52",130,17
"15,1,15",130,17
"30,1,5",130,17
"1,1,91",129,18
"4,1,51;5,1,43",129,18
"30,1,4",129,18
"5,1,43;0,1,3,1,437,1,0",129,18
"1,1,90;4,1,50",128,19
"4,1,50;5,1,42",128,19
"5,1,42;21,1,9",128,19
"21,1,9;0,5,482,1,0",128,19
"25,1,7",127,20
"8,1,31;9,1,23",126,21
"24,1,7",126,21
"9,1,23;17,1,13;1,1,510,1,0",126,21
"8,1,30;9,1,22",125,22
"9,1,22;16,1,13",125,22
"23,1,7;17,1,50,1,1",125,22
"16,1,13;17,1,50,1,1;17,1,255,1,0;0,8,449,1,0",125,22
"8,1,29;13,1,20",124,23
"13,1,20;22,1,7",124,23
"22,1,7;16,1,50,1,1",124,23
"13,1,19;20,1,11",123,24
"20,1,11;8,1,71,1,1",123,24
"9,1,21;19,1,11",122,25
"21,1,8",121,26
"38,1,3",142,6
"7,1,41",141,7
"37,1,3",141,7
"8,1,18,1,2",141,7
"2,1,89",140,8
"18,1,12",140,8
"7,1,40;547,1,0",140,8
"2,1,88",139,9
"36,1,3",139,9
"1,2,88",138,10
"4,1,58",138,10
"11,1,25",138,10
"6,1,41",137,11
"10,1,25",137,11
"17,1,14",137,11
"2,1,87",136,12
"6,1,40",136,12
"11,1,24",136,12
"16,1,14",136,12
"28,1,6",136,12
"0,1,100;8,1,36",135,13
"0,1,101;1,1,124,1,1",135,13
"2,1,86;10,1,24;0,1,534,1,0",135,13
"8,1,36;8,1,338,1,0;0,1,7,1,351,1,0",135,13
"10,1,24;8,1,338,1,0;0,1,534,1,0;0,1,7,1,351,1,0;0,3,7,1,333,1,0",135,13
"8,1,35;9,1,27",133,15
"21,1,10",133,15
"9,1,27;22,1,9;0,5,7,1,314,1,0",133,15
"9,1,26;8,2,9",132,16
"7,1,39",130,18
"7,1,38",129,19
"27,1,6",129,19
"44,1,2",129,19
"25,1,8;0,1,13,1,286,1,0",129,19
"3,1,70",128,20
"11,1,23",128,20
"24,1,8",128,20
"26,1,7",128,20
"0,6,482,1,0",128,20
"10,1,23",127,21
"11,1,22",127,21
"23,1,8",127,21
"0,6,481,1,0",127,21
"6,1,39",126,22
"10,1,22",126,22
"22,1,8",126,22
"0,1,530,1,0;0,4,500,1,0",126,22
"6,1,38",125,23
"7,1,37",125,23
"15,1,18;0,2,9,1,292,1,0",125,23
"11,1,21",124,24
"10,1,21",123,25
"2,1,85;6,1,37",121,27
"6,1,37;15,1,17",121,27
"15,1,17;1,2,16,1,11",121,27
"0,1,99;1,1,123,1,1",120,28
"0,1,98",119,29
"2,1,95;10,1,69,1,1;0,1,548,1,0",144,5
"4,1,65;2,1,122,1,1",142,7
"0,1,104;3,1,75",141,8
"25,1,10",141,8
"35,1,5",141,8
"3,1,75;1,2,122,1,1",141,8
"0,1,103",140,9
"3,1,74;4,1,64",140,9
"4,1,64;7,1,45",140,9
"7,1,45;1,1,8,1,33",140,9
"24,1,10",140,9
"34,1,5",140,9
"35,1,4",140,9
"69,1,134,1,0",140,9
"2,1,94;4,1,63",139,10
"4,1,63;7,1,44",139,10
"23,1,10",139,10
"33,1,5",139,10
"34,1,4",139,10
"7,1,44;69,1,133,1,0",139,10
"2,1,93",138,11
"22,1,10",138,11
"32,1,5",138,11
"33,1,4",138,11
"46,1,2",138,11
"32,1,4",137,12
"45,1,2",137,12
"26,1,9;7,1,371,1,0;0,1,543,1,0",137,12
"1,1,100",136,13
"3,1,72",136,13
"1,1,101;4,1,62",136,13
"6,1,45",136,13
"29,1,6",136,13
"3,1,73;0,3,521,1,0",136,13
"5,1,49",135,14
"2,2,72;6,1,44",135,14
"11,1,27",135,14
"6,1,44;12,1,25",135,14
"12,1,25;17,1,16",135,14
"17,1,16;20,1,12",135,14
"20,1,12;40,1,3",135,14
"40,1,3;8,1,19,1,2",135,14
"7,1,43;1,1,533,1,0;0,1,8,1,338,1,0",135,14
"8,1,19,1,2;0,1,8,1,338,1,0;0,2,534,1,0",135,14
"2,1,92;7,1,42",134,15
"11,1,26",134,15
"17,1,15",134,15
"19,1,12",134,15
"39,1,3",134,15
"7,1,42;10,1,27;18,1,13;8,1,351,1,0",134,15
"16,1,16;0,1,8,1,337,1,0",134,15
"18,1,13;8,1,351,1,0;0,1,3,2,363,1,0",134,15
"10,1,27;8,1,351,1,0;0,1,3,2,363,1,0;0,2,8,1,333,1,0",134,15
"4,1,61",133,16
"10,1,26",133,16
"16,1,15",133,16
"31,1,5",133,16
"12,1,24;0,1,8,1,69,1,72,1,0",133,16
"4,1,60",132,17
"31,1,4",132,17
"2,1,91",131,18
"6,1,43",131,18
"0,1,102",130,19
"2,1,90",130,19
"6,1,42",130,19
"26,1,8",130,19
"9,1,28;8,1,350,1,0",130,19
"3,1,71",127,22
"5,1,48",127,22
"28,1,7;1,1,125,1,1",127,22
"12,1,23",125,24
"12,1,22;0,11,440,1,0",124,25
"1,1,99;4,1,59",121,28
"4,1,59;5,1,47",121,28
"5,1,47;12,1,21",121,28
"12,1,21;14,1,20",121,28
"14,1,20;21,1,11",121,28
"1,1,98;5,1,46",120,29
"5,1,46;14,1,19",120,29
"14,1,19;27,1,7",120,29
"27,1,7;135,1,1",120,29
"2,1,97",146,4
"18,1,14",145,5
"2,1,527,1,0",145,5
"26,1,10",142,8
"1,1,103;3,1,83;1,1,547,1,0",141,9
"8,1,41",140,10
"3,1,81",139,11
"13,1,25",139,11
"8,1,40;0,2,7,1,367,1,0",139,11
"3,1,80",138,12
"5,1,57",137,13
"9,1,32;13,1,24",137,13
"13,1,24;8,1,80,1,1",137,13
"2,2,80;3,1,79;0,1,7,1,371,1,0",137,13
"3,1,79;0,2,543,1,0",137,13
"2,1,96",136,14
"3,1,78",136,14
"5,1,56",136,14
"28,1,9;1,1,540,1,0",136,14
"1,2,96;5,1,55",135,15
"3,1,77;0,2,540,1,0",135,15
"4,1,69",134,16
"5,1,54",134,16
"4,1,68",133,17
"3,1,76",132,18
"4,1,67",132,18
"5,1,53",132,18
"11,1,28",132,18
"12,1,27",132,18
"1,1,102",131,19
"4,1,66",131,19
"5,1,52",131,19
"10,1,28",131,19
"12,1,26",131,19
"30,1,6",131,19
"47,1,2",131,19
"5,1,51;0,2,539,1,0",130,20
"8,1,39;9,1,31",129,21
"9,1,31;13,1,23",129,21
"13,1,23;20,1,13",129,21
"5,1,50;27,1,9",129,21
"28,1,8",129,21
"17,1,18;136,1,1",129,21
"20,1,13;27,1,9;136,1,1;42,1,187,1,0",129,21
"27,1,9;42,1,187,1,0;17,1,267,1,0",129,21
"25,1,11;0,1,551,1,0",129,21
"8,1,38;9,1,30",128,22
"9,1,30;13,1,22",128,22
"13,1,22;19,1,13",128,22
"24,1,11",128,22
"19,1,13;17,1,56,1,1;8,1,17,1,188,1,0",128,22
"16,1,18;17,1,56,1,1;0,1,13,1,292,1,0",128,22
"9,1,29;23,1,11",127,23
"23,1,11;29,1,7",127,23
"29,1,7;8,1,78,1,1",127,23
"22,1,11;8,1,77,1,1",126,24
"13,1,21;17,1,17",125,25
"17,1,17;8,2,11",125,25
"8,1,37;16,1,17",124,26
"27,1,8",122,28
"0,1,110",144,7
"38,1,5",144,7
"9,1,18,1,2",144,7
"11,1,33;2,1,130,1,1",144,7
"0,1,2,1,526,1,0",144,7
"37,1,5",143,8
"38,1,4",143,8
"10,1,33;18,1,264,1,0",143,8
"18,1,16;0,2,9,1,69,2,0",143,8
"18,1,15",142,9
"37,1,4",142,9
"48,1,2",142,9
"28,1,10",141,10
"36,1,5",141,10
"7,1,49;141,1,1;9,1,75,1,1",141,10
"20,1,14",140,11
"36,1,4",140,11
"0,1,109",139,12
"5,1,58",139,12
"8,1,45",139,12
"11,1,32",139,12
"19,1,14",139,12
"2,1,101",138,13
"0,1,108;2,1,100",138,13
"3,1,84;8,1,44",138,13
"2,1,100;9,1,36",138,13
"8,1,44;10,1,32",138,13
"9,1,36;8,1,373,1,0;1,1,3,1,477,1,0",138,13
"10,1,32;8,1,373,1,0;1,1,3,1,477,1,0;0,1,8,1,367,1,0",138,13
"1,1,4,1,62;6,1,49",137,14
"6,1,49;2,1,126,1,1",137,14
"9,1,35;13,1,27",136,15
"13,1,27;29,1,9",136,15
"13,1,26;8,1,9,1,9",135,16
"27,1,10",134,17
"0,1,107;568,1,0",134,17
"8,1,43;9,1,34;1,1,552,1,0",134,17
"7,1,48",133,18
"21,1,12",133,18
"41,1,3",133,18
"11,1,31",131,20
"10,1,31",130,21
"11,1,30",130,21
"26,1,11",130,21
"4,1,70",129,22
"6,1,48",129,22
"10,1,30",129,22
"11,1,29",129,22
"12,1,28",129,22
"29,1,8",129,22
"0,1,17,1,267,1,0",129,22
"0,1,106;10,1,29",128,23
"10,1,29;0,1,8,1,17,1,188,1,0",128,23
"7,1,47",127,24
"7,1,46",126,25
"2,1,99",123,28
"6,1,47",123,28
"15,1,20",123,28
"2,1,98;6,1,46",122,29
"6,1,46;15,1,19",122,29
"15,1,19;1,1,21,1,11",122,29
"1,1,21,1,11;30,1,7",122,29
"30,1,7;140,1,1",122,29
"0,1,105;1,1,135,1,1",121,30
"1,1,110",145,7
"43,1,3",145,7
"2,1,104",144,8
"3,1,89",144,8
"2,1,103",143,9
"1,2,104;3,1,88",143,9
"3,1,88;5,1,65",143,9
"5,1,65;7,1,57;1,1,566,1,0;0,1,18,1,264,1,0",143,9
"35,1,6",142,10
"52,1,2",142,10
"4,1,75;1,1,139,1,1",142,10
"0,1,114;3,1,504,1,0",142,10
"7,1,56;1,1,139,1,1;1,2,546,1,0",142,10
"0,1,113;1,1,139,1,1;0,2,7,1,396,1,0",142,10
"1,1,3,1,82;5,1,64",141,11
"7,1,55",141,11
"4,1,74;12,1,33",141,11
"25,1,12",141,11
"29,1,10",141,11
"34,1,6",141,11
"51,1,2",141,11
"9,1,69,1,75,1,0",141,11
"5,1,64;12,1,33;1,1,563,1,0",141,11
"12,1,33;1,1,563,1,0;0,2,7,1,394,1,0",141,11
"3,1,87",140,12
"1,1,109;5,1,63;7,1,54",140,12
"11,1,36",140,12
"24,1,12",140,12
"33,1,6",140,12
"42,1,3",140,12
"5,1,63;144,1,1",140,12
"7,1,54;1,2,544,1,0",140,12
"2,1,543,1,0;1,2,544,1,0;0,4,546,1,0",140,12
"1,1,108",139,13
"3,1,86",139,13
"6,1,57",139,13
"10,1,36",139,13
"23,1,12",139,13
"32,1,6",139,13
"6,1,56",138,14
"20,1,16",138,14
"22,1,12",138,14
"7,1,53;11,1,35;2,1,540,1,0",138,14
"11,1,35;2,1,540,1,0;0,2,3,1,485,1,0",138,14
"4,1,72",137,15
"6,1,55",137,15
"18,1,18;19,1,16",137,15
"20,1,15",137,15
"40,1,5",137,15
"7,1,52;10,1,35;1,1,43,1,189,1,0",137,15
"5,1,62;1,2,540,1,0",137,15
"19,1,16;0,1,8,1,69,1,80,1,0",137,15
"4,1,73;0,1,8,1,69,1,80,1,0;0,2,8,1,366,1,0",137,15
"10,1,35;1,2,540,1,0;0,2,3,1,484,1,0",137,15
"1,1,5,1,55",136,16
"6,1,54",136,16
"11,1,34",136,16
"14,1,25",136,16
"19,1,15",136,16
"39,1,5",136,16
"40,1,4",136,16
"7,1,51;1,1,7,1,385,1,0",136,16
"12,1,32;0,1,8,1,69,1,79,1,0",136,16
"1,1,107",135,17
"10,1,34",135,17
"39,1,4",135,17
"50,1,2",135,17
"7,1,50;0,4,540,1,0",135,17
"6,1,53",134,18
"14,1,24",134,18
"31,1,6",134,18
"49,1,2",134,18
"5,1,61;1,1,561,1,0",134,18
"2,1,102",133,19
"6,1,52",133,19
"5,1,60;1,1,137,1,1",133,19
"13,1,28;8,1,384,1,0",133,19
"18,1,17;1,1,560,1,0;0,2,561,1,0",133,19
"0,1,112",132,20
"6,1,51;0,1,18,1,260,1,0",132,20
"0,1,111",131,21
"6,1,50",131,21
"30,1,9",131,21
"1,1,106;28,1,11",129,23
"4,1,71",128,24
"12,1,31",128,24
"12,1,30",127,25
"21,1,13",127,25
"12,1,29",126,26
"14,1,23",126,26
"3,1,85",125,27
"14,1,22",125,27
"30,1,8",124,28
"1,1,105;5,1,59",122,30
"5,1,59;14,1,21",122,30
"14,1,21;27,1,11",122,30
"0,1,118",148,5
"3,1,95;2,1,11,1,69,1,1",148,5
"0,1,117",147,6
"7,1,58",145,8
"0,1,116;7,1,430,1,0",145,8
"53,1,2",144,9
"9,1,41",143,10
"12,1,18,1,2",143,10
"1,1,114;14,1,69,1,1",143,10
"3,1,94;1,1,7,1,415,1,0",143,10
"3,1,93",142,11
"4,1,83",142,11
"26,1,12",142,11
"9,1,40;0,2,7,1,415,1,0",142,11
"6,1,58",141,12
"4,1,82;1,1,7,1,412,1,0",141,12
"8,1,49",140,13
"13,1,32;9,1,80,1,1",140,13
"4,1,81;0,5,546,1,0",140,13
"4,1,80",139,14
"0,1,115",138,15
"3,1,92",138,15
"4,1,79",138,15
"21,1,14",138,15
"4,1,78",137,16
"12,1,36",137,16
"4,1,77",136,17
"30,1,10",136,17
"3,1,91",135,18
"5,1,69",135,18
"12,1,35",135,18
"25,1,13",135,18
"3,1,90",134,19
"5,1,68",134,19
"24,1,13",134,19
"1,1,112",133,20
"4,1,76",133,20
"5,1,67",133,20
"12,1,34",133,20
"14,1,27",133,20
"35,1,7",133,20
"23,1,13;8,5,1;9,1,13,1,212,1,0",133,20
"1,1,18,1,260,1,0",133,20
"1,1,111;5,1,66",132,21
"8,1,48;9,1,39",132,21
"9,1,39;13,1,31",132,21
"5,1,66;14,1,26",132,21
"13,1,31;22,1,13",132,21
"14,1,26;34,1,7",132,21
"20,1,18;8,1,88,1,1",132,21
"22,1,13;8,1,88,1,1;20,1,267,1,0",132,21
"34,1,7;0,2,18,1,260,1,0",132,21
"9,1,38;13,1,30",131,22
"13,1,30;8,2,13",131,22
"33,1,7",131,22
"19,1,18;16,1,17,2,1",131,22
"8,2,13;16,1,17,2,1;8,1,20,1,188,1,0",131,22
"13,1,29;32,1,7",130,23
"32,1,7;8,2,50,1,1",130,23
"29,1,11;8,2,49,1,1",129,24
"20,1,17;8,1,9,1,11",128,25
"9,1,37;17,1,20",127,26
"17,1,20;19,1,17",127,26
"8,1,47;16,1,20",126,27
"16,1,20;17,1,19",126,27
"8,1,46;16,1,19",125,28
"16,1,19;31,1,7",125,28
"31,1,7;145,1,1",125,28
"3,1,97",150,4
"1,1,118;4,1,7,1,69,1,1",149,5
"1,1,117;148,1,1",148,6
"2,1,110",147,7
"1,1,3,1,506,1,0",147,7
"1,1,116",146,8
"25,1,14",146,8
"54,1,2",146,8
"0,2,3,1,506,1,0",146,8
"6,1,65",145,9
"11,1,41",145,9
"24,1,14",145,9
"38,1,6",145,9
"10,1,41",144,10
"23,1,14",144,10
"37,1,6",144,10
"11,1,40;2,1,565,1,0",144,10
"6,1,64",143,11
"10,1,40",143,11
"22,1,14",143,11
"1,1,3,1,504,1,0",143,11
"6,1,63",142,12
"2,1,109;8,1,57",142,12
"9,1,45",142,12
"36,1,6",142,12
"8,1,57;0,1,583,1,0",142,12
"35,1,9;590,1,0;0,1,583,1,0;0,2,3,1,504,1,0",142,12
"0,1,120;8,1,56",141,13
"8,1,56;9,1,44",141,13
"2,1,108;13,1,36",141,13
"28,1,12",141,13
"9,1,44;1,1,144,1,1",141,13
"13,1,36;34,1,9;589,1,0",141,13
"34,1,9;1,1,144,1,1;589,1,0;0,1,8,1,415,1,0",141,13
"3,1,96;8,1,55",140,14
"8,1,55;8,1,419,1,0;0,1,8,1,414,1,0",140,14
"7,1,61;8,1,419,1,0;0,1,8,1,414,1,0;0,2,575,1,0",140,14
"1,1,115;4,1,84",139,15
"6,1,62",139,15
"8,1,54",139,15
"13,1,35;32,1,9",139,15
"4,1,84;8,1,69,1,89,1,0",139,15
"7,1,60;8,1,69,1,89,1,0;0,4,562,1,0",139,15
"15,1,25",138,16
"0,1,119;2,1,107",137,17
"8,1,53;9,1,43",137,17
"9,1,43;13,1,34",137,17
"2,1,107;588,1,0",137,17
"8,1,52;9,1,42",136,18
"21,1,16",136,18
"26,1,13",136,18
"15,1,24;69,1,147,1,0",136,18
"6,1,61;69,1,147,1,0;0,1,582,1,0",136,18
"21,1,15",135,19
"35,1,8",135,19
"41,1,5",135,19
"6,1,60;18,1,278,1,0",135,19
"11,1,39",134,20
"27,1,12",134,20
"8,1,50;31,1,9",134,20
"34,1,8",134,20
"41,1,4",134,20
"44,1,3",134,20
"10,1,39",133,21
"11,1,38",133,21
"33,1,8",133,21
"10,1,38",132,22
"32,1,8",132,22
"2,1,106",131,23
"0,1,8,1,20,1,188,1,0",131,23
"5,1,70",130,24
"14,1,28",130,24
"1,1,28,1,11",130,24
"11,1,37",129,25
"7,1,59",128,26
"10,1,37",128,26
"15,1,23",128,26
"31,1,8;0,1,8,1,404,1,0",127,27
"15,1,22;0,1,8,1,404,1,0;0,2,17,1,278,1,0",127,27
"2,1,105",124,30
"6,1,59",124,30
"15,1,21",124,30
"30,1,11",124,30
"0,1,123;1,2,143,1,1",150,5
"57,1,2",148,7
"26,1,14",147,8
"35,1,10",147,8
"43,1,5",147,8
"0,1,122",146,9
"34,1,10",146,9
"43,1,4",146,9
"1,1,13,1,33;2,1,18,1,264,1,0",146,9
"4,1,89",145,10
"33,1,10",145,10
"2,1,114;15,1,69,1,1",145,10
"8,1,58",144,11
"11,1,45",144,11
"4,1,88;25,1,16",144,11
"32,1,10",144,11
"25,1,16;13,1,69,1,75,1,0",144,11
"1,2,113;13,1,69,1,75,1,0;0,3,577,1,0",144,11
"5,1,75",143,12
"10,1,45",143,12
"11,1,44",143,12
"24,1,16",143,12
"25,1,15",143,12
"46,1,3",143,12
"3,1,101",142,13
"3,1,100",142,13
"1,1,120;5,1,74",142,13
"10,1,44",142,13
"12,1,41",142,13
"5,1,74;14,1,33",142,13
"23,1,16",142,13
"24,1,15",142,13
"42,1,5",142,13
"45,1,3",142,13
"4,1,87",141,14
"7,1,69",141,14
"12,1,40",141,14
"22,1,16",141,14
"23,1,15",141,14
"29,1,12",141,14
"42,1,4",141,14
"4,1,86",140,15
"7,1,68",140,15
"22,1,15",140,15
"11,1,43",139,16
"31,1,10",139,16
"7,1,67;8,1,425,1,0",139,16
"1,1,119",138,17
"5,1,73",138,17
"5,1,72",138,17
"7,1,66",138,17
"10,1,43",138,17
"11,1,42",138,17
"40,1,6",138,17
"56,1,2",138,17
"6,1,69",137,18
"10,1,42",137,18
"14,1,32",137,18
"39,1,6",137,18
"55,1,2",137,18
"6,1,68",136,19
"38,1,7",136,19
"2,1,112",135,20
"6,1,67",135,20
"15,1,27",135,20
"28,1,13",135,20
"37,1,7",135,20
"18,1,20;603,1,0",135,20
"2,1,111",134,21
"6,1,66",134,21
"15,1,26",134,21
"18,1,19;0,4,568,1,0",134,21
"0,1,121",133,22
"36,1,7;0,4,69,1,138,1,0",133,22
"12,1,39",131,24
"12,1,38",130,25
"21,1,18",130,25
"5,1,71",129,26
"14,1,31",129,26
"14,1,30",128,27
"27,1,13",128,27
"3,1,99",127,28
"14,1,29",127,28
"3,1,98;4,1,85",126,29
"4,1,85;12,1,37",126,29
"12,1,37;21,1,17",126,29
"21,1,17;1,1,145,1,1",126,29
"2,1,118",151,5
"2,1,117;1,1,7,1,65",150,6
"0,1,128;1,1,4,1,7,1,69,1,1",150,6
"4,1,95",149,7
"0,1,127;1,1,148,1,1",149,7
"3,1,104;8,1,65",148,8
"8,1,65;4,1,7,1,33",148,8
"2,1,116;1,1,592,1,0;1,1,7,1,446,1,0",148,8
"1,1,122",147,9
"3,1,103;2,1,7,1,95,1,1",147,9
"13,1,41",146,10
"28,1,14",146,10
"8,1,64;1,2,577,1,0",146,10
"8,1,63",145,11
"26,1,16",145,11
"38,1,9;3,1,544,1,0",145,11
"26,1,15",144,12
"1,1,7,1,62;37,1,9;155,1,1",144,12
"37,1,9;3,1,543,1,0",144,12
"4,1,94;0,2,3,1,523,1,0",144,12
"4,1,93",143,13
"5,1,83",143,13
"9,1,49",143,13
"1,1,590,1,0",143,13
"8,1,62",142,14
"17,1,25",142,14
"0,1,126;36,1,9",142,14
"36,1,9;3,1,540,1,0",142,14
"5,1,82;1,2,575,1,0",142,14
"0,1,125",141,15
"2,1,115",141,15
"5,1,81",141,15
"12,1,45",141,15
"16,1,25",141,15
"0,1,124",140,16
"5,1,80",140,16
"12,1,44",140,16
"17,1,24;154,1,1",140,16
"4,1,92",139,17
"5,1,79",139,17
"27,1,14",139,17
"8,1,61;17,1,64,1,1;612,1,0",139,17
"16,1,24;17,1,64,1,1;0,6,562,1,0",139,17
"5,1,78",138,18
"14,1,36",138,18
"25,1,18",138,18
"38,1,8",138,18
"8,1,60;16,1,64,1,1",138,18
"3,1,102",137,19
"5,1,77",137,19
"24,1,18",137,19
"37,1,8",137,19
"4,1,91",136,20
"7,1,70",136,20
"12,1,43;14,1,35",136,20
"30,1,12",136,20
"47,1,3",136,20
"23,1,18;8,4,9,1,1;13,1,359,1,0",136,20
"0,2,69,1,147,1,0",136,20
"14,1,35;0,3,582,1,0",136,20
"4,1,90;12,1,42",135,21
"9,1,48;13,1,39",135,21
"13,1,39;29,1,13",135,21
"36,1,8",135,21
"22,1,18;8,1,100,1,1",135,21
"12,1,42;29,1,13;8,1,100,1,1;8,1,23,1,188,1,0",135,21
"35,1,11;1,1,587,1,0",135,21
"29,1,13;8,1,100,1,1;8,1,23,1,188,1,0;0,2,18,1,278,1,0",135,21
"1,1,121;5,1,76",134,22
"5,1,76;14,1,34",134,22
"25,1,17;34,1,11",134,22
"13,1,38;8,1,17,1,40,1,1;8,2,267,1,0",134,22
"34,1,11;2,2,538,1,0",134,22
"14,1,34;2,2,538,1,0;1,1,586,1,0",134,22
"24,1,17;33,1,11",133,23
"33,1,11;1,1,585,1,0",133,23
"6,1,70",132,24
"15,1,28",132,24
"23,1,17;32,1,11",132,24
"32,1,11;8,2,55,1,1",132,24
"17,1,23;8,2,55,1,1;8,3,187,1,0;0,1,600,1,0",132,24
"22,1,17;8,1,13,1,11",131,25
"16,1,23;8,1,13,1,11;8,1,435,1,0",131,25
"17,1,22;8,1,13,1,11;8,1,435,1,0;0,1,17,1,292,1,0",131,25
"13,1,37;20,1,20",130,26
"20,1,20;8,2,17",130,26
"16,1,22;8,2,17;8,1,434,1,0;0,1,16,1,292,1,0",130,26
"9,1,47;19,1,20",129,27
"19,1,20;20,1,19",129,27
"20,1,19;40,1,7",129,27
"40,1,7;153,1,1",129,27
"9,1,46;17,1,21",128,28
"17,1,21;19,1,19",128,28
"19,1,19;39,1,7",128,28
"39,1,7;152,1,1",128,28
"8,1,59;16,1,21",127,29
"16,1,21;31,1,11",127,29
"1,1,128;4,1,97",151,6
"38,1,10",150,7
"37,1,10",149,8
"7,1,74;2,1,13,1,33",148,9
"36,1,10",147,10
"48,1,3",147,10
"29,1,14",146,11
"0,1,132",145,12
"6,1,75",145,12
"9,1,57",145,12
"11,1,49",145,12
"13,1,45",145,12
"2,1,120",144,13
"7,1,72",144,13
"9,1,56",144,13
"10,1,49",144,13
"13,1,44",144,13
"6,1,74;15,1,33",144,13
"28,1,16",144,13
"15,1,33;0,1,8,1,445,1,0",144,13
"7,1,73;0,1,8,1,445,1,0;0,1,3,1,543,1,0",144,13
"9,1,55",143,14
"28,1,15",143,14
"1,1,126;1,1,14,1,33;156,1,1",143,14
"0,1,131;1,1,14,1,33;8,1,450,1,0",143,14
"1,1,14,1,33;8,1,450,1,0;0,1,8,1,443,1,0",143,14
"9,1,54",142,15
"1,1,125;8,1,18,1,209,1,0",142,15
"1,1,124;4,1,96",141,16
"4,1,96;18,1,293,1,0",141,16
"0,1,130;17,1,314,1,0;0,3,589,1,0",141,16
"2,1,119;6,1,73",140,17
"6,1,72",140,17
"8,1,69;9,1,53",140,17
"9,1,53;13,1,43",140,17
"5,1,84;1,1,149,1,1",140,17
"6,1,73;16,1,314,1,0",140,17
"8,1,68;9,1,52",139,18
"9,1,52;13,1,42",139,18
"13,1,42;17,1,27",139,18
"26,1,18",139,18
"15,1,32;8,1,449,1,0;0,1,612,1,0;0,7,562,1,0",139,18
"8,1,67;16,1,27",138,19
"16,1,27;17,1,26",138,19
"17,1,26;40,1,9",138,19
"9,1,51;40,1,9;8,1,448,1,0",138,19
"11,1,48",137,20
"8,1,66;16,1,26",137,20
"27,1,16",137,20
"9,1,50;39,1,9",137,20
"16,1,26;39,1,9;1,1,42,1,209,1,0",137,20
"10,1,48",136,21
"27,1,15",136,21
"41,1,6",136,21
"44,1,5",136,21
"58,1,2",136,21
"7,1,71",135,22
"26,1,17",135,22
"44,1,4",135,22
"0,3,18,1,278,1,0",135,22
"0,1,8,3,188,1,0",133,24
"6,1,71",131,26
"11,1,47",131,26
"15,1,31",131,26
"40,1,8",131,26
"10,1,47",130,27
"11,1,46",130,27
"15,1,30",130,27
"30,1,13",130,27
"39,1,8;0,2,16,1,292,1,0",130,27
"10,1,46",129,28
"15,1,29",129,28
"0,1,129",126,31
"2,1,123",153,5
"1,2,123",152,6
"3,1,110",151,7
"0,1,136;18,1,25",150,8
"61,1,2",150,8
"18,1,25;1,1,617,1,0",150,8
"2,1,122",149,9
"7,1,83;0,2,617,1,0",149,9
"3,2,83",148,10
"43,1,6",148,10
"7,1,82;632,1,0",148,10
"18,1,24;16,1,69,2,0",148,10
"3,2,82",147,11
"9,1,58",147,11
"11,1,57",147,11
"35,1,12",147,11
"52,1,3",147,11
"7,1,81;631,1,0",147,11
"3,1,109",146,12
"5,1,89",146,12
"7,1,80",146,12
"10,1,57",146,12
"11,1,56",146,12
"34,1,12",146,12
"51,1,3",146,12
"7,1,485,1,0",146,12
"3,1,108",145,13
"6,1,83",145,13
"7,1,79",145,13
"10,1,56",145,13
"11,1,55",145,13
"33,1,12",145,13
"46,1,5",145,13
"5,1,88;0,2,615,1,0",145,13
"2,1,590,1,0;0,2,3,1,544,1,0",145,13
"6,1,82",144,14
"10,1,55",144,14
"7,1,78;11,1,54",144,14
"29,1,16",144,14
"32,1,12",144,14
"45,1,5",144,14
"46,1,4",144,14
"1,1,131;11,1,54;0,1,13,1,373,1,0",144,14
"11,1,54;0,1,13,1,373,1,0;0,2,8,1,445,1,0",144,14
"0,2,3,1,543,1,0",144,14
"4,1,101",143,15
"4,1,100",143,15
"6,1,81",143,15
"10,1,54",143,15
"14,1,41",143,15
"29,1,15",143,15
"40,1,10",143,15
"42,1,6",143,15
"45,1,4",143,15
"60,1,2",143,15
"59,1,2",143,15
"1,1,3,1,540,1,0",143,15
"7,1,77;0,2,8,1,443,1,0",143,15
"1,1,130",142,16
"5,1,87",142,16
"6,1,80",142,16
"11,1,53",142,16
"12,1,49",142,16
"14,1,40",142,16
"39,1,10",142,16
"5,1,86",141,17
"6,1,79",141,17
"10,1,53",141,17
"11,1,52",141,17
"30,1,14",141,17
"3,1,107;0,1,17,1,314,1,0",141,17
"6,1,78",140,18
"7,1,76",140,18
"10,1,52",140,18
"11,1,51",140,18
"15,1,36;18,1,23",140,18
"50,1,3",140,18
"18,1,23;0,2,613,1,0;0,6,575,1,0",140,18
"11,1,50",139,19
"31,1,12",139,19
"49,1,3",139,19
"10,1,51;18,1,22;0,1,8,1,449,1,0",139,19
"18,1,22;0,2,612,1,0",139,19
"6,1,77;0,8,562,1,0",139,19
"10,1,50",138,20
"15,1,35",138,20
"28,1,18",138,20
"38,1,11",138,20
"37,1,11;0,2,609,1,0",137,21
"0,1,135",136,22
"2,1,121",136,22
"6,1,76",136,22
"15,1,34",136,22
"18,1,21;626,1,0",136,22
"17,1,28;8,2,279,1,0",136,22
"8,1,70;16,1,28",135,23
"3,1,106;36,1,11",135,23
"0,1,134;16,1,28;9,1,420,1,0",135,23
"36,1,11;2,1,585,1,0",135,23
"16,1,28;9,1,420,1,0;1,2,586,1,0",135,23
"12,1,48",134,24
"28,1,17",134,24
"0,1,133",133,25
"14,1,39",132,26
"14,1,38",131,27
"27,1,18",131,27
"3,1,105;4,1,99",128,30
"4,1,99;12,1,47",128,30
"12,1,47;21,1,20",128,30
"21,1,20;1,1,31,1,11",128,30
"1,1,129;4,1,98",127,31
"4,1,98;5,1,85",127,31
"5,1,85;12,1,46",127,31
"12,1,46;14,1,37",127,31
"14,1,37;21,1,19",127,31
"21,1,19;27,1,17",127,31
"27,1,17;41,1,7",127,31
"41,1,7;159,1,1",127,31
"2,1,128",153,6
"2,1,127",152,7
"1,1,4,1,97;2,2,13,1,69,1,1",152,7
"1,1,136",151,8
"9,1,65",151,8
"1,2,127;7,2,68,1,1",151,8
"0,1,140;1,1,158,1,1",151,8
"5,1,95",150,9
"3,1,113",149,10
"4,1,104",149,10
"9,1,64",149,10
"11,1,58",149,10
"53,1,3",149,10
"3,1,114;1,1,16,1,69,1,1;0,1,17,1,69,2,0",149,10
"4,1,103",148,11
"2,2,113;8,1,75",148,11
"9,1,63",148,11
"10,1,58",148,11
"8,1,75;1,1,157,1,1",148,11
"0,1,139;1,1,157,1,1;18,1,311,1,0;7,2,314,1,0",148,11
"17,1,33;0,1,16,1,69,2,0",148,11
"8,1,74;16,1,33",147,12
"16,1,33;18,1,27;9,1,445,1,0",147,12
"18,1,27;9,1,445,1,0;1,1,7,1,478,1,0",147,12
"7,1,84;13,1,49",146,13
"13,1,49;2,1,151,1,1",146,13
"18,1,26;8,1,479,1,0",146,13
"9,1,62",145,14
"20,1,25",145,14
"2,1,126;2,1,150,1,1",145,14
"5,1,94;1,1,621,1,0",145,14
"5,1,93",144,15
"12,1,57",144,15
"19,1,25",144,15
"2,1,125;1,1,156,1,1",144,15
"0,1,138",143,16
"2,1,124",143,16
"8,1,72",143,16
"12,1,56",143,16
"17,1,32;20,1,24",143,16
"20,1,24;162,1,1",143,16
"8,1,73;162,1,1;17,1,333,1,0",143,16
"6,1,84;12,1,55",142,17
"12,1,55;14,1,45",142,17
"16,1,32;19,1,24",142,17
"19,1,24;8,1,113,1,1",142,17
"9,1,61;14,1,45;8,1,113,1,1;8,1,475,1,0",142,17
"14,1,45;1,1,18,1,293,1,0",142,17
"12,1,54",141,18
"14,1,44",141,18
"35,1,13",141,18
"0,1,137;9,1,60;8,1,112,1,1",141,18
"9,1,60;8,1,112,1,1;1,2,149,1,1",141,18
"5,1,92",140,19
"34,1,13",140,19
"3,1,112",139,20
"12,1,53",139,20
"30,1,16",139,20
"33,1,13",139,20
"43,1,7",139,20
"0,2,8,1,449,1,0",139,20
"3,1,111",138,21
"4,1,102",138,21
"12,1,52",138,21
"30,1,15",138,21
"13,1,48;32,1,13",138,21
"47,1,5",138,21
"29,1,18;8,2,60,1,1",138,21
"32,1,13;8,2,60,1,1;9,1,23,1,188,1,0",138,21
"1,1,135",137,22
"5,1,91",137,22
"12,1,51",137,22
"14,1,43",137,22
"47,1,4",137,22
"1,1,134",136,23
"5,1,90",136,23
"12,1,50",136,23
"14,1,42",136,23
"25,1,20",136,23
"41,1,9",136,23
"17,1,31;20,1,23",135,24
"24,1,20",135,24
"25,1,19",135,24
"20,1,23;8,3,31,1,1;8,3,201,1,0",135,24
"8,1,71;16,1,31",134,25
"16,1,31;19,1,23",134,25
"17,1,30;20,1,22",134,25
"24,1,19",134,25
"23,1,20;29,1,17",134,25
"29,1,17;9,1,13,1,11",134,25
"1,1,133;9,1,13,1,11;42,1,7",134,25
"42,1,7;161,1,1",134,25
"20,1,22;9,1,13,1,11;9,1,435,1,0",134,25
"19,1,23;9,1,13,1,11;9,1,435,1,0;0,1,20,1,292,1,0",134,25
"16,1,30;19,1,22",133,26
"22,1,20;23,1,19",133,26
"23,1,19;8,1,9,1,17",133,26
"19,1,22;31,1,13",133,26
"8,1,9,1,17;31,1,13;8,1,471,1,0",133,26
"17,1,29;31,1,13;8,1,471,1,0;0,5,586,1,0",133,26
"13,1,47;16,1,29",132,27
"16,1,29;22,1,19",132,27
"22,1,19;8,1,111,1,1",132,27
"13,1,46;20,1,21",131,28
"20,1,21;40,1,11",131,28
"40,1,11;8,1,110,1,1",131,28
"9,1,59;19,1,21",130,29
"19,1,21;39,1,11",130,29
"41,1,8",129,30
"3,1,118",155,5
"3,1,117;7,2,70,1,1",154,6
"11,1,65",153,7
"3,1,116",152,8
"5,1,97",152,8
"7,1,89",152,8
"10,1,65",152,8
"35,1,14",152,8
"11,1,64",151,9
"34,1,14",151,9
"54,1,3",151,9
"10,1,64",150,10
"11,1,63",150,10
"33,1,14",150,10
"38,1,12",150,10
"10,1,63",149,11
"32,1,14",149,11
"37,1,12",149,11
"48,1,5",149,11
"16,1,18,1,2",149,11
"2,1,132",148,12
"6,1,89",148,12
"7,1,87",148,12
"8,1,83",148,12
"13,1,57",148,12
"48,1,4",148,12
"2,1,13,1,40;43,1,9;652,1,0",148,12
"43,1,9;652,1,0;1,1,631,1,0",148,12
"1,2,132",147,13
"6,1,88",147,13
"11,1,62",147,13
"13,1,56",147,13
"36,1,12",147,13
"8,1,82;1,1,7,1,486,1,0",147,13
"7,1,86;0,2,631,1,0",147,13
"8,1,81",146,14
"10,1,62",146,14
"12,1,58",146,14
"13,1,55",146,14
"3,1,115",145,15
"8,1,80",145,15
"15,1,41",145,15
"8,1,486,1,0",145,15
"0,1,144;1,1,138",144,16
"1,1,138;2,1,130",144,16
"6,1,87",144,16
"8,1,79",144,16
"11,1,61",144,16
"15,1,40",144,16
"2,1,130;17,1,36",144,16
"17,1,36;18,1,28",144,16
"31,1,14",144,16
"18,1,28;17,1,338,1,0",144,16
"8,1,78;9,1,69",143,17
"6,1,86;10,1,61",143,17
"11,1,60",143,17
"9,1,69;13,1,53",143,17
"10,1,61;16,1,36",143,17
"16,1,36;8,1,483,1,0",143,17
"13,1,53;42,1,9;48,1,209,1,0;8,1,483,1,0;0,1,17,1,333,1,0",143,17
"1,1,137;5,1,96",142,18
"8,1,77;9,1,68",142,18
"9,1,68;13,1,52",142,18
"13,1,52;17,1,35",142,18
"17,1,35;20,1,27",142,18
"10,1,60;8,1,69,1,113,1,0",142,18
"9,1,67;16,1,35",141,19
"16,1,35;19,1,27",141,19
"19,1,27;20,1,26",141,19
"41,1,10",141,19
"20,1,26;8,1,17,1,9",141,19
"43,1,8",141,19
"13,1,51;8,1,17,1,9;8,1,69,1,112,1,0",141,19
"9,1,66;13,1,50",140,20
"13,1,50;17,1,34",140,20
"17,1,34;19,1,26",140,20
"19,1,26;8,1,16,1,9",140,20
"8,1,76;16,1,34",139,21
"0,1,143;644,1,0",139,21
"26,1,20",137,23
"44,1,6",137,23
"62,1,2",137,23
"26,1,19",136,24
"42,1,8",136,24
"15,1,39",134,26
"7,1,85",133,27
"15,1,38",133,27
"30,1,18;0,2,8,1,454,1,0",133,27
"11,1,59",132,28
"10,1,59",131,29
"2,1,129;6,1,85",129,31
"6,1,85;15,1,37",129,31
"15,1,37;30,1,17",129,31
"30,1,17;1,2,31,1,11",129,31
"0,1,142;1,1,159,1,1",128,32
"0,1,141",127,33
"7,1,95",156,5
"18,1,33;660,1,0",156,5
"0,1,152",153,8
"2,1,136",153,8
"43,1,10",153,8
"57,1,3",153,8
"4,1,110",152,9
"6,1,95;20,1,69,2,0",152,9
"2,2,13,1,33",151,10
"7,1,94;658,1,0",151,10
"18,1,32;19,1,69,2,0",151,10
"12,1,65",150,11
"13,1,58",150,11
"35,1,16",150,11
"18,1,332,1,0",150,11
"7,1,93;0,1,68,1,163,1,0",150,11
"0,1,151",149,12
"34,1,16",149,12
"35,1,15",149,12
"52,1,5",149,12
"64,1,2",149,12
"13,1,69,1,95,1,0",149,12
"3,1,120",148,13
"12,1,64",148,13
"33,1,16",148,13
"34,1,15",148,13
"42,1,10",148,13
"51,1,5",148,13
"52,1,4",148,13
"4,1,109",147,14
"6,1,94",147,14
"12,1,63",147,14
"32,1,16",147,14
"33,1,15",147,14
"51,1,4",147,14
"0,1,150;0,3,631,1,0",147,14
"4,1,108",146,15
"6,1,93",146,15
"7,1,92",146,15
"32,1,15",146,15
"46,1,6",146,15
"63,1,2",146,15
"0,1,149",145,16
"1,1,144",145,16
"11,1,69",145,16
"45,1,6",145,16
"8,1,84;166,1,1",145,16
"3,1,119",144,17
"5,1,101",144,17
"5,1,100",144,17
"10,1,69",144,17
"11,1,68",144,17
"12,1,62",144,17
"15,1,45",144,17
"38,1,13",144,17
"7,1,91",143,18
"10,1,68",143,18
"11,1,67",143,18
"14,1,49",143,18
"15,1,44",143,18
"21,1,25",143,18
"37,1,13",143,18
"40,1,12",143,18
"56,1,3",143,18
"18,1,31;0,1,8,1,483,1,0",143,18
"0,1,8,1,483,1,0;0,2,17,1,333,1,0",143,18
"6,1,92",142,19
"7,1,90",142,19
"10,1,67",142,19
"11,1,66",142,19
"4,1,107;18,1,30;31,1,16",142,19
"39,1,12",142,19
"50,1,5",142,19
"55,1,3",142,19
"31,1,16;0,1,8,1,69,1,113,1,0",142,19
"18,1,30;0,2,8,1,475,1,0",142,19
"10,1,66",141,20
"12,1,61;18,1,29",141,20
"31,1,15",141,20
"36,1,13",141,20
"49,1,5",141,20
"50,1,4",141,20
"21,1,24;0,1,8,1,69,1,112,1,0",141,20
"18,1,29;0,4,17,1,314,1,0",141,20
"1,1,143;12,1,60",140,21
"49,1,4",140,21
"12,1,60;0,9,575,1,0",140,21
"2,1,135",139,22
"6,1,91",139,22
"15,1,43",139,22
"20,1,28;8,3,209,1,0",139,22
"0,1,148",138,23
"2,1,134",138,23
"6,1,90",138,23
"15,1,42",138,23
"9,1,70;19,1,28",138,23
"19,1,28;8,2,293,1,0",138,23
"0,1,147;654,1,0",137,24
"2,1,133",136,25
"4,1,106",136,25
"28,1,20",136,25
"0,1,146;0,1,642,1,0",136,25
"14,1,48",135,26
"0,1,145;28,1,19",135,26
"28,1,19;1,1,161,1,1",135,26
"21,1,23",133,28
"21,1,22;0,6,600,1,0",132,29
"1,1,142;4,1,105",129,32
"4,1,105;5,1,99",129,32
"5,1,99;12,1,59",129,32
"12,1,59;14,1,47",129,32
"14,1,47;21,1,21",129,32
"21,1,21;27,1,20",129,32
"27,1,20;41,1,11",129,32
"1,1,141;5,1,98",128,33
"5,1,98;14,1,46",128,33
"14,1,46;27,1,19",128,33
"27,1,19;44,1,7",128,33
"44,1,7;165,1,1",128,33
"69,1,2;1,1,18,1,324,1,0",159,3
"7,1,97;18,2,2",158,4
"3,1,123",157,5
"1,1,7,1,508,1,0",156,6
"38,1,14",155,7
"1,1,152",154,8
"2,1,140",154,8
"6,1,97",154,8
"13,1,65",154,8
"37,1,14",154,8
"68,1,2",154,8
"1,2,140",153,9
"3,1,122",153,9
"67,1,2",153,9
"1,1,7,1,88",152,10
"13,1,64",152,10
"36,1,14",152,10
"18,1,36;0,1,659,1,0",152,10
"0,1,153;0,1,20,1,69,2,0",152,10
"8,1,89",151,11
"9,1,75",151,11
"13,1,63",151,11
"25,1,25",151,11
"53,1,5",151,11
"20,1,33;0,1,19,1,69,2,0",151,11
"2,1,139;0,1,18,1,333,1,0",151,11
"1,1,151;4,1,114",150,12
"1,2,139;4,1,113",150,12
"4,1,113;5,1,104",150,12
"5,1,104;8,1,88",150,12
"9,1,74",150,12
"19,1,33",150,12
"24,1,25",150,12
"53,1,4",150,12
"66,1,2",150,12
"4,1,114;21,1,69,1,1",150,12
"8,1,88;18,1,35;13,1,445,1,0",150,12
"18,1,35;13,1,445,1,0;1,1,18,1,321,1,0;0,2,68,1,163,1,0",150,12
"5,1,103",149,13
"17,1,41",149,13
"23,1,25",149,13
"25,1,24",149,13
"1,1,652,1,0",149,13
"1,1,150",148,14
"7,1,96",148,14
"13,1,62",148,14
"16,1,41",148,14
"17,1,40",148,14
"22,1,25",148,14
"24,1,24",148,14
"18,1,34;672,1,0;671,1,0",148,14
"8,1,87",147,15
"16,1,40",147,15
"23,1,24;173,1,1",147,15
"1,1,149",146,16
"2,1,138",146,16
"8,1,86;9,1,73",146,16
"9,1,72",146,16
"20,1,32;22,1,24",146,16
"22,1,24;17,1,80,1,1",146,16
"9,1,73;17,1,80,1,1;16,1,367,1,0",146,16
"14,1,57",145,17
"19,1,32;8,1,118,1,1",145,17
"13,1,61;8,1,118,1,1;8,1,502,1,0",145,17
"2,1,137",144,18
"6,1,96",144,18
"14,1,56",144,18
"35,1,18",144,18
"13,1,60;8,2,64,1,1",144,18
"1,1,5,1,96;14,1,55",143,19
"34,1,18;0,1,656,1,0",143,19
"12,1,69",142,20
"14,1,54",142,20
"33,1,18",142,20
"12,1,68",141,21
"25,1,23",141,21
"32,1,18;8,2,63,1,1;9,1,472,1,0",141,21
"43,1,11;1,1,646,1,0",141,21
"3,1,121",140,22
"4,1,112",140,22
"11,1,70",140,22
"12,1,67",140,22
"14,1,53",140,22
"21,1,27",140,22
"24,1,23",140,22
"25,1,22",140,22
"35,1,17",140,22
"0,10,575,1,0",140,22
"1,1,148",139,23
"4,1,111",139,23
"5,1,102",139,23
"10,1,70",139,23
"12,1,66",139,23
"14,1,52",139,23
"21,1,26",139,23
"24,1,22",139,23
"34,1,17",139,23
"47,1,6",139,23
"65,1,2",139,23
"23,1,23;8,3,40,1,1;8,2,13,1,188,1,0;0,2,644,1,0",139,23
"1,1,147",138,24
"17,1,39;20,1,31",138,24
"20,1,31;22,1,23",138,24
"33,1,17",138,24
"22,1,23;8,3,39,1,1;8,3,212,1,0",138,24
"14,1,51;23,1,22;8,3,39,1,1;8,3,212,1,0;0,2,643,1,0",138,24
"23,1,22;8,3,39,1,1;8,3,212,1,0;0,4,627,1,0",138,24
"1,1,146;14,1,50",137,25
"9,1,71;16,1,39",137,25
"16,1,39;17,1,38",137,25
"17,1,38;19,1,31",137,25
"19,1,31;20,1,30",137,25
"20,1,30;8,2,23",137,25
"8,2,23;22,1,22",137,25
"25,1,21",137,25
"22,1,22;40,1,13",137,25
"32,1,17;13,2,11",137,25
"14,1,50;44,1,9",137,25
"13,2,11;46,1,7",137,25
"46,1,7;171,1,1",137,25
"40,1,13;171,1,1;13,1,435,1,0",137,25
"44,1,9;1,1,642,1,0",137,25
"16,1,38;19,1,30",136,26
"24,1,21",136,26
"20,1,29;29,1,20",136,26
"29,1,20;8,1,13,1,17",136,26
"19,1,30;39,1,13",136,26
"1,1,145;8,1,13,1,17;42,1,11",136,26
"8,1,13,1,17;45,1,7",136,26
"45,1,7;17,1,78,1,1",136,26
"39,1,13;17,1,78,1,1;8,1,499,1,0",136,26
"31,1,18;17,1,78,1,1;0,1,8,2,292,1,0",136,26
"19,1,29;23,1,21",135,27
"23,1,21;29,1,19",135,27
"29,1,19;8,1,117,1,1",135,27
"22,1,21;8,1,116,1,1",134,28
"13,1,59;17,1,37",133,29
"17,1,37;8,1,16,1,11",133,29
"8,1,85;16,1,37",132,30
"16,1,37;31,1,17",132,30
"44,1,8",130,32
"3,1,128",157,6
"70,1,2",157,6
"4,1,118",156,7
"3,1,127;1,1,7,2,33",156,7
"4,1,117",155,8
"8,1,95;22,1,69,1,1;0,3,7,1,508,1,0",155,8
"1,1,153",153,10
"4,1,116",153,10
"11,1,75",153,10
"38,1,16",153,10
"54,1,5",153,10
"10,1,75",152,11
"11,1,74",152,11
"26,1,25",152,11
"37,1,16",152,11
"38,1,15",152,11
"54,1,4",152,11
"18,1,19,1,2",152,11
"9,1,83",151,12
"37,1,15",151,12
"10,1,74;0,2,19,1,69,2,0",151,12
"0,1,158;0,2,19,1,69,2,0;0,2,18,1,333,1,0",151,12
"7,1,101",150,13
"7,1,100",150,13
"8,1,94",150,13
"9,1,82",150,13
"26,1,24",150,13
"36,1,16",150,13
"48,1,6",150,13
"8,1,93",149,14
"9,1,81",149,14
"36,1,15",149,14
"3,1,126;176,1,1;1,1,169,1,1",149,14
"3,1,125;9,1,80",148,15
"11,1,73",148,15
"9,1,80;11,1,72",148,15
"17,1,45",148,15
"25,1,27",148,15
"40,1,14",148,15
"11,1,72;1,1,168,1,1",148,15
"0,1,157;1,1,168,1,1;0,1,671,1,0",148,15
"0,3,652,1,0",148,15
"2,1,144",147,16
"3,1,124",147,16
"9,1,79",147,16
"10,1,73",147,16
"10,1,72",147,16
"14,1,58",147,16
"16,1,45",147,16
"20,1,36",147,16
"24,1,27",147,16
"25,1,26",147,16
"39,1,14",147,16
"8,1,511,1,0",147,16
"17,1,44;0,1,17,1,367,1,0",147,16
"6,1,101",146,17
"9,1,78;13,1,69",146,17
"4,1,115;16,1,44",146,17
"6,1,100;19,1,36",146,17
"13,1,69;23,1,27",146,17
"24,1,26",146,17
"23,1,27;46,1,9",146,17
"19,1,36;8,2,314,1,0",146,17
"16,1,44;8,2,314,1,0;0,1,16,1,367,1,0",146,17
"8,1,92;9,1,77",145,18
"9,1,77;13,1,68",145,18
"15,1,49",145,18
"13,1,68;20,1,35",145,18
"20,1,35;22,1,27",145,18
"22,1,27;23,1,26",145,18
"23,1,26;45,1,9",145,18
"13,1,67;19,1,35",144,19
"19,1,35;22,1,26",144,19
"22,1,26;8,1,20,1,9",144,19
"13,1,66;17,1,43",143,20
"17,1,43;20,1,34",143,20
"20,1,34;8,1,19,1,9",143,20
"0,1,156;2,1,143",142,21
"8,1,91;16,1,43",142,21
"9,1,76;17,1,42",142,21
"17,1,42;19,1,34",142,21
"26,1,23",142,21
"44,1,10",142,21
"2,1,143;1,1,655,1,0",142,21
"16,1,43;19,1,34;0,1,667,1,0",142,21
"8,1,90;16,1,42",141,22
"26,1,22",141,22
"41,1,12",141,22
"58,1,3",141,22
"0,1,155;0,3,646,1,0",140,23
"11,1,71",139,24
"46,1,8",139,24
"10,1,71",138,25
"26,1,21",138,25
"45,1,8",138,25
"12,1,70",137,26
"15,1,48",137,26
"21,1,28",137,26
"7,1,99",135,28
"7,1,98",134,29
"2,1,142",131,32
"6,1,99",131,32
"15,1,47",131,32
"30,1,20",131,32
"2,1,141;6,1,98",130,33
"6,1,98;15,1,46",130,33
"15,1,46;30,1,19",130,33
"30,1,19;1,1,41,1,11",130,33
"1,1,41,1,11;47,1,7",130,33
"47,1,7;175,1,1",130,33
"0,1,154;1,1,165,1,1",129,34
"1,1,18,2,2;26,1,69,1,1",159,5
"0,1,164",157,7
"8,1,97",157,7
"18,1,41",157,7
"2,1,152;7,1,104",156,8
"7,1,104;18,1,40;697,1,0;696,1,0",156,8
"18,1,40;697,1,0;696,1,0;0,3,660,1,0",156,8
"57,1,5",155,9
"61,1,3",155,9
"7,1,103;1,1,676,1,0",155,9
"57,1,4",154,10
"0,1,18,1,352,1,0",154,10
"5,1,110",153,11
"11,1,83",153,11
"43,1,12",153,11
"1,1,158;2,1,151",152,12
"2,1,151;3,1,132",152,12
"6,1,104",152,12
"10,1,83",152,12
"11,1,82",152,12
"72,1,2",152,12
"6,1,103",151,13
"10,1,82",151,13
"11,1,81",151,13
"28,1,25",151,13
"46,1,10",151,13
"0,1,163;1,1,21,1,69,1,1",151,13
"2,1,652,1,0;1,1,673,1,0",151,13
"14,1,65;0,3,18,1,333,1,0",151,13
"0,1,162",150,14
"2,1,150;3,1,131",150,14
"10,1,81",150,14
"3,1,131;11,1,80",150,14
"12,1,75",150,14
"45,1,10",150,14
"52,1,6",150,14
"0,2,673,1,0",150,14
"1,1,157;2,2,131",149,15
"2,2,131;10,1,80",149,15
"11,1,79",149,15
"4,1,120;12,1,74",149,15
"14,1,64",149,15
"12,1,74;21,1,33",149,15
"26,1,27",149,15
"28,1,24",149,15
"51,1,6",149,15
"21,1,33;1,1,671,1,0",149,15
"2,1,149",148,16
"10,1,79",148,16
"11,1,78",148,16
"5,1,109;14,1,63",148,16
"26,1,26",148,16
"42,1,12",148,16
"60,1,3",148,16
"59,1,3",148,16
"9,1,84;180,1,1",148,16
"14,1,63;1,1,172,1,1",148,16
"3,1,130;0,2,671,1,0",148,16
"5,1,108",147,17
"10,1,78",147,17
"11,1,77",147,17
"15,1,57",147,17
"38,1,18;0,2,669,1,0",147,17
"10,1,77",146,18
"15,1,56",146,18
"40,1,16",146,18
"37,1,18;0,1,3,1,604,1,0",146,18
"18,1,39;0,2,16,1,367,1,0",146,18
"7,1,102",145,19
"4,1,119;12,1,73",145,19
"12,1,72",145,19
"14,1,62",145,19
"15,1,55",145,19
"25,1,28",145,19
"12,1,73;18,1,38;39,1,16",145,19
"40,1,15",145,19
"56,1,5",145,19
"39,1,16;0,1,8,2,312,1,0",145,19
"18,1,38;0,2,8,1,502,1,0",145,19
"11,1,76",144,20
"1,1,14,1,55",144,20
"15,1,54",144,20
"21,1,32",144,20
"24,1,28",144,20
"27,1,25",144,20
"39,1,15",144,20
"55,1,5",144,20
"56,1,4",144,20
"36,1,18;3,1,609,1,0",144,20
"1,1,156",143,21
"5,1,107",143,21
"10,1,76",143,21
"38,1,17",143,21
"50,1,6",143,21
"55,1,4",143,21
"23,1,28;8,1,9,1,294,1,0",143,21
"15,1,53",142,22
"27,1,24",142,22
"37,1,17",142,22
"49,1,6",142,22
"71,1,2",142,22
"22,1,28;8,2,9,1,209,1,0",142,22
"14,1,61;1,1,666,1,0",142,22
"2,1,148",141,23
"6,1,102",141,23
"1,1,155;14,1,60",141,23
"15,1,52",141,23
"28,1,23",141,23
"14,1,60;48,1,7",141,23
"48,1,7;5,1,137,1,1",141,23
"13,1,70;8,1,9,1,293,1,0",141,23
"18,1,37;0,2,666,1,0;0,3,655,1,0",141,23
"0,1,161",140,24
"2,1,147;15,1,51",140,24
"28,1,22",140,24
"36,1,17",140,24
"15,1,51;0,4,646,1,0",140,24
"0,1,160",139,25
"2,1,146;15,1,50",139,25
"15,1,50;47,1,9",139,25
"47,1,9;0,4,645,1,0",139,25
"0,1,159",138,26
"2,1,145",138,26
"5,1,106;28,1,21",137,27
"28,1,21;1,1,42,1,11",137,27
"12,1,71",136,28
"21,1,31",136,28
"21,1,30",135,29
"41,1,13",135,29
"21,1,29",134,30
"27,1,23",134,30
"3,1,129",133,31
"27,1,22",133,31
"47,1,8",132,32
"1,1,154;5,1,105",130,34
"5,1,105;14,1,59",130,34
"14,1,59;27,1,21",130,34
"27,1,21;44,1,11",130,34
"0,1,168;18,1,378,1,0;2,1,660,1,0",159,6
"0,1,167",158,7
"4,1,123",158,7
"76,1,2",158,7
"1,1,164;28,1,69,1,1;1,2,660,1,0",158,7
"3,1,136",157,8
"25,1,33",157,8
"75,1,2",157,8
"74,1,2",157,8
"24,1,33",156,9
"73,1,2",156,9
"18,1,376,1,0",156,9
"18,1,45;1,1,684,1,0",156,9
"2,1,153;18,1,44",155,10
"23,1,33;18,1,373,1,0;0,1,18,1,367,1,0",155,10
"18,1,44;0,2,684,1,0",155,10
"4,1,122",154,11
"9,1,89",154,11
"13,1,75",154,11
"22,1,33",154,11
"9,1,88",153,12
"13,1,74",153,12
"8,2,33",153,12
"20,1,41",152,13
"25,1,32",152,13
"53,1,6",152,13
"0,1,166",151,14
"1,1,162;5,1,114;5,1,113",151,14
"4,1,7,1,62",151,14
"19,1,41",151,14
"20,1,40",151,14
"24,1,32",151,14
"29,1,25",151,14
"5,1,114;27,1,69,1,1",151,14
"5,1,113;18,1,43;710,1,0",151,14
"18,1,43;710,1,0;1,1,683,1,0",151,14
"9,1,87",150,15
"12,1,83",150,15
"19,1,40",150,15
"23,1,32;186,1,1",150,15
"11,1,84;1,1,176,1,1",150,15
"48,1,9;708,1,0",150,15
"18,1,42;17,1,415,1,0",150,15
"8,1,101",149,16
"8,1,100;9,1,86",149,16
"10,1,84",149,16
"12,1,82",149,16
"9,1,86;13,1,73",149,16
"13,1,72",149,16
"15,1,58",149,16
"17,1,49",149,16
"22,1,32;29,1,24",149,16
"29,1,24;20,1,80,1,1",149,16
"13,1,73;20,1,80,1,1;8,1,534,1,0",149,16
"12,1,81",148,17
"16,1,49",148,17
"28,1,27",148,17
"12,1,80",147,18
"28,1,26",147,18
"43,1,13;0,3,669,1,0;0,3,17,1,367,1,0",147,18
"0,1,165",146,19
"12,1,79",146,19
"26,1,28",146,19
"41,1,14",146,19
"12,1,78",145,20
"21,1,36",145,20
"12,1,77",144,21
"25,1,31",144,21
"47,1,10",144,21
"3,1,135",143,22
"14,1,69",143,22
"21,1,35",143,22
"24,1,31",143,22
"25,1,30",143,22
"48,1,8",143,22
"3,1,134",142,23
"14,1,68",142,23
"24,1,30",142,23
"25,1,29",142,23
"35,1,20",142,23
"23,1,31;42,1,13",142,23
"42,1,13;8,4,17,1,1;8,1,9,1,13,1,188,1,0",142,23
"1,1,161",141,24
"4,1,121",141,24
"5,1,112",141,24
"12,1,76",141,24
"14,1,67",141,24
"17,1,48;20,1,39",141,24
"21,1,34",141,24
"20,1,39;22,1,31",141,24
"22,1,31;23,1,30",141,24
"24,1,29",141,24
"27,1,27",141,24
"23,1,30;29,1,23",141,24
"34,1,20",141,24
"35,1,19",141,24
"52,1,7",141,24
"29,1,23;8,4,16,1,1;8,2,9,1,212,1,0",141,24
"3,1,133",140,25
"1,1,160;5,1,111",140,25
"5,1,111;14,1,66",140,25
"13,1,71;16,1,48",140,25
"16,1,48;19,1,39",140,25
"19,1,39;20,1,38",140,25
"20,1,38;22,1,30",140,25
"14,1,66;27,1,26",140,25
"22,1,30;29,1,22",140,25
"33,1,20",140,25
"34,1,19",140,25
"23,1,29;27,1,26;40,1,18",140,25
"29,1,22;8,1,17,1,13",140,25
"40,1,18;51,1,7",140,25
"51,1,7;8,1,125,1,1",140,25
"8,1,17,1,13;8,1,125,1,1;8,1,530,1,0",140,25
"27,1,26;0,5,646,1,0",140,25
"1,1,159",139,26
"22,1,29;32,1,20",139,26
"33,1,19",139,26
"32,1,20;9,1,13,1,17",139,26
"9,1,13,1,17;46,1,11",139,26
"46,1,11;8,1,17,1,50,1,1",139,26
"19,1,38;8,1,17,1,50,1,1;8,1,17,1,255,1,0",139,26
"39,1,18;8,1,17,1,50,1,1;0,5,644,1,0",139,26
"32,1,19;45,1,11",138,27
"45,1,11;8,1,16,1,50,1,1",138,27
"29,1,21;8,2,71,1,1",137,28
"20,1,37;40,1,17",136,29
"40,1,17;8,1,19,1,11",136,29
"9,1,85;17,1,47",135,30
"17,1,47;19,1,37",135,30
"19,1,37;39,1,17",135,30
"8,1,99;16,1,47",134,31
"16,1,47;17,1,46",134,31
"17,1,46;31,1,20",134,31
"31,1,20;50,1,7",134,31
"50,1,7;183,1,1",134,31
"8,1,98;16,1,46",133,32
"16,1,46;31,1,19",133,32
"31,1,19;49,1,7",133,32
"49,1,7;182,1,1",133,32
"0,1,177;1,1,167",159,7
"7,1,110;7,2,400,1,0",159,7
"1,1,167;7,2,400,1,0;0,1,18,1,378,1,0;0,1,2,1,660,1,0",159,7
"3,1,140",158,8
"4,1,128",158,8
"43,1,14",158,8
"9,1,95;29,1,69,1,1",158,8
"26,1,33;7,2,398,1,0;0,2,699,1,0",158,8
"4,1,127",157,9
"5,1,118",157,9
"0,1,175;5,1,117",156,10
"11,1,89",156,10
"5,1,117;1,2,174,1,1",156,10
"0,1,176;1,2,174,1,1;1,1,7,1,546,1,0;0,2,696,1,0",156,10
"6,1,110",155,11
"10,1,89",155,11
"11,1,88",155,11
"48,1,10",155,11
"8,1,104;0,2,18,1,367,1,0",155,11
"3,1,139;0,2,7,1,546,1,0",155,11
"5,1,116",154,12
"7,1,109",154,12
"8,1,103",154,12
"10,1,88",154,12
"13,1,83",154,12
"54,1,6",154,12
"2,1,158;0,2,18,1,366,1,0",154,12
"0,1,174;0,2,18,1,366,1,0;0,4,676,1,0",154,12
"1,1,3,1,132",153,13
"7,1,108",153,13
"9,1,94",153,13
"13,1,82",153,13
"15,1,65",153,13
"25,1,36",153,13
"26,1,32",153,13
"42,1,14",153,13
"9,1,93",152,14
"11,1,87",152,14
"13,1,81",152,14
"24,1,36",152,14
"10,1,87",151,15
"11,1,86",151,15
"2,1,157;13,1,80",151,15
"15,1,64",151,15
"17,1,57",151,15
"20,1,45",151,15
"23,1,36",151,15
"25,1,35",151,15
"3,1,138;4,1,126",150,16
"4,1,126;6,1,109",150,16
"6,1,109;10,1,86",150,16
"15,1,63",150,16
"10,1,86;16,1,57",150,16
"17,1,56",150,16
"19,1,45",150,16
"20,1,44",150,16
"16,1,57;22,1,36",150,16
"24,1,35;52,1,9",150,16
"13,1,79;22,1,36;52,1,9;1,1,694,1,0",150,16
"0,1,708,1,0",150,16
"22,1,36;0,1,17,1,415,1,0",150,16
"0,1,172;4,1,125",149,17
"0,1,173;6,1,108",149,17
"6,1,108;7,1,107",149,17
"4,1,125;16,1,56",149,17
"17,1,55",149,17
"16,1,56;19,1,44",149,17
"25,1,34",149,17
"23,1,35;51,1,9",149,17
"7,1,107;8,2,338,1,0",149,17
"13,1,78;51,1,9;1,2,669,1,0",149,17
"19,1,44;8,2,338,1,0;0,1,8,1,534,1,0",149,17
"3,1,137;4,1,124",148,18
"4,1,124;1,1,8,1,96",148,18
"9,1,92;13,1,77",148,18
"1,1,8,1,96;16,1,55",148,18
"17,1,54",148,18
"13,1,77;22,1,35",148,18
"24,1,34",148,18
"22,1,35;29,1,27",148,18
"29,1,27;8,1,23,1,9",148,18
"16,1,55;1,1,693,1,0;1,1,692,1,0",148,18
"1,1,165;5,1,115",147,19
"5,1,115;12,1,84",147,19
"15,1,62",147,19
"16,1,54",147,19
"23,1,34;29,1,26",147,19
"29,1,26;8,1,22,1,9",147,19
"12,1,84;8,2,69,1,72,1,0",147,19
"0,1,171",146,20
"17,1,53;20,1,43",146,20
"20,1,43;22,1,34",146,20
"30,1,25",146,20
"22,1,34;8,3,9",146,20
"9,1,91;13,1,76",145,21
"13,1,76;16,1,53",145,21
"16,1,53;17,1,52",145,21
"17,1,52;19,1,43",145,21
"19,1,43;20,1,42",145,21
"20,1,42;8,2,34",145,21
"26,1,31",145,21
"28,1,28",145,21
"0,1,170;3,1,627,1,0",145,21
"2,1,156;1,1,690,1,0",145,21
"6,1,107;3,1,627,1,0;0,1,703,1,0",145,21
"8,1,102;9,1,90",144,22
"9,1,90;16,1,52",144,22
"16,1,52;19,1,42",144,22
"26,1,30",144,22
"41,1,16",144,22
"30,1,24;69,1,185,1,0",144,22
"15,1,61;69,1,185,1,0;0,1,702,1,0",144,22
"17,1,51;19,1,42;69,1,185,1,0;0,1,64,1,188,1,0",144,22
"2,1,155;15,1,60",143,23
"26,1,29",143,23
"41,1,15",143,23
"17,1,50;50,1,9",143,23
"52,1,8",143,23
"15,1,60;53,1,7",143,23
"58,1,5",143,23
"53,1,7;18,1,380,1,0",143,23
"7,1,106;1,2,666,1,0",143,23
"16,1,51;50,1,9;18,1,380,1,0;1,2,666,1,0;0,1,64,1,187,1,0",143,23
"44,1,12",142,24
"16,1,50;49,1,9",142,24
"51,1,8",142,24
"58,1,4",142,24
"62,1,3",142,24
"0,1,169;1,1,5,1,137,1,1",142,24
"6,1,106",139,27
"14,1,70",138,28
"27,1,28",138,28
"11,1,85",137,29
"7,1,105",136,30
"10,1,85",136,30
"30,1,23",136,30
"50,1,8",136,30
"49,1,8;0,1,8,1,529,1,0",135,31
"30,1,22;0,1,8,1,529,1,0;0,2,17,1,380,1,0",135,31
"2,1,154",132,34
"6,1,105",132,34
"15,1,59",132,34
"30,1,21",132,34
"47,1,11",132,34
"1,1,177",160,7
"9,1,97",160,7
"2,1,164;11,1,95",160,7
"11,1,95;2,1,24,1,69,1,1",160,7
"0,1,184;10,1,95",159,8
"10,1,95;1,1,28,1,69,1,1;0,2,2,1,660,1,0",159,8
"0,1,7,2,398,1,0",158,9
"7,1,114;18,1,49",157,10
"1,1,176;18,1,49;28,1,33",157,10
"61,1,5",157,10
"1,1,175;18,1,49;28,1,33;196,1,1",157,10
"18,1,49;1,2,684,1,0",157,10
"7,1,113;28,1,33;196,1,1;0,1,2,1,676,1,0",157,10
"0,1,183",156,11
"43,1,16",156,11
"57,1,6",156,11
"61,1,4",156,11
"80,1,2",156,11
"7,1,571,1,0",156,11
"11,1,94",155,12
"43,1,15",155,12
"52,1,10",155,12
"79,1,2",155,12
"0,1,182;733,1,0",155,12
"18,1,411,1,0",155,12
"1,1,174;1,1,712,1,0",155,12
"2,1,163",154,13
"10,1,94",154,13
"11,1,93",154,13
"26,1,36",154,13
"51,1,10",154,13
"64,1,3",154,13
"18,1,408,1,0",154,13
"0,1,181",153,14
"1,2,163;2,1,162",153,14
"2,1,162;4,1,132",153,14
"4,1,132;6,1,114",153,14
"6,1,113",153,14
"10,1,93",153,14
"12,1,89",153,14
"17,1,58",153,14
"6,1,114;30,1,69,1,1",153,14
"12,1,88",152,15
"16,1,58",152,15
"26,1,35",152,15
"28,1,32",152,15
"53,1,9",152,15
"0,1,180;1,1,27,1,69,1,1",152,15
"3,1,144",151,16
"4,1,131",151,16
"14,1,75",151,16
"42,1,16",151,16
"46,1,12",151,16
"63,1,3",151,16
"13,1,84;194,1,1",151,16
"1,1,173;5,1,120",150,17
"11,1,92",150,17
"5,1,120;14,1,74",150,17
"21,1,41",150,17
"26,1,34",150,17
"14,1,74;27,1,33",150,17
"42,1,15",150,17
"45,1,12",150,17
"60,1,5",150,17
"59,1,5",150,17
"1,1,172;9,1,96;193,1,1",150,17
"10,1,92",149,18
"12,1,87",149,18
"4,1,130;18,1,48",149,18
"21,1,40",149,18
"60,1,4",149,18
"59,1,4",149,18
"18,1,48;0,2,8,1,534,1,0",149,18
"50,1,10",148,19
"12,1,86;0,5,671,1,0",148,19
"7,1,112",147,20
"11,1,91",147,20
"49,1,10",147,20
"1,1,171;728,1,0",147,20
"1,1,170",146,21
"5,1,119",146,21
"7,1,111",146,21
"10,1,91",146,21
"11,1,90",146,21
"14,1,73",146,21
"14,1,72",146,21
"56,1,6",146,21
"78,1,2",146,21
"3,1,143;0,1,717,1,0;0,2,706,1,0",146,21
"10,1,90",145,22
"15,1,69",145,22
"27,1,32",145,22
"38,1,20",145,22
"53,1,8",145,22
"54,1,7",145,22
"55,1,6",145,22
"77,1,2",145,22
"29,1,28;8,2,13,1,209,1,0",145,22
"15,1,68",144,23
"28,1,31",144,23
"37,1,20",144,23
"38,1,19",144,23
"2,1,161",143,24
"6,1,112",143,24
"15,1,67",143,24
"28,1,30",143,24
"30,1,27",143,24
"37,1,19",143,24
"1,1,169;48,1,11",143,24
"18,1,47;727,1,0",143,24
"2,1,160",142,25
"6,1,111",142,25
"15,1,66",142,25
"18,1,46",142,25
"28,1,29",142,25
"30,1,26",142,25
"36,1,20",142,25
"0,1,179",141,26
"2,1,159",141,26
"36,1,19",141,26
"0,1,178",140,27
"21,1,39",139,28
"21,1,38",138,29
"41,1,18",138,29
"14,1,71",137,30
"27,1,31",137,30
"27,1,30",136,31
"44,1,13",136,31
"3,1,142",135,32
"27,1,29",135,32
"3,1,141;4,1,129",134,33
"4,1,129;12,1,85",134,33
"12,1,85;21,1,37",134,33
"21,1,37;41,1,17",134,33
"41,1,17;1,1,182,1,1",134,33
"69,1,3;2,2,18,1,324,1,0",164,4
"7,1,118",163,5
"7,1,117",162,6
"11,1,97",162,6
"1,2,168",161,7
"10,1,97",161,7
"2,1,167;2,1,699,1,0",161,7
"3,1,152",160,8
"86,1,2",160,8
"7,1,116;2,1,698,1,0",160,8
"5,1,123",159,9
"6,1,118",159,9
"68,1,3",159,9
"85,1,2",159,9
"84,1,2",159,9
"18,1,57;1,1,720,1,0",159,9
"6,1,117",158,10
"8,1,110",158,10
"7,2,57",158,10
"4,1,136;18,1,56",158,10
"25,1,41",158,10
"67,1,3",158,10
"83,1,2",158,10
"82,1,2",158,10
"18,1,56;0,2,720,1,0",158,10
"12,1,95",157,11
"13,1,89",157,11
"17,1,65",157,11
"1,1,183;18,1,55",157,11
"24,1,41",157,11
"35,1,25",157,11
"53,1,10",157,11
"81,1,2",157,11
"18,1,55;745,1,0",157,11
"25,1,40;29,1,33;745,1,0;744,1,0",157,11
"29,1,33;18,1,419,1,0",157,11
"1,1,182",156,12
"3,1,151",156,12
"6,1,116",156,12
"13,1,88",156,12
"16,1,65",156,12
"23,1,41",156,12
"24,1,40",156,12
"8,1,9,1,33",156,12
"34,1,25",156,12
"18,1,54;23,1,368,1,0",156,12
"5,1,122",155,13
"17,1,64",155,13
"22,1,41",155,13
"23,1,40",155,13
"33,1,25",155,13
"35,1,24",155,13
"66,1,3",155,13
"1,1,181",154,14
"2,1,166",154,14
"3,1,150",154,14
"16,1,64",154,14
"22,1,40",154,14
"32,1,25",154,14
"17,1,63;34,1,24",154,14
"54,1,9",154,14
"18,1,53;8,1,563,1,0",154,14
"34,1,24;0,6,676,1,0",154,14
"1,2,166",153,15
"7,1,115",153,15
"13,1,87",153,15
"2,1,11,1,80",153,15
"16,1,63",153,15
"8,1,109;18,1,52",153,15
"28,1,36",153,15
"33,1,24",153,15
"18,1,52;8,1,562,1,0",153,15
"3,1,149",152,16
"9,1,101",152,16
"8,1,108;9,1,100",152,16
"11,1,96",152,16
"12,1,94",152,16
"9,1,100;13,1,86",152,16
"20,1,49",152,16
"29,1,32;32,1,24",152,16
"32,1,24;22,1,80,1,1",152,16
"13,1,86;22,1,80,1,1;8,2,367,1,0",152,16
"18,1,51;8,2,367,1,0;1,1,18,1,385,1,0",152,16
"10,1,96",151,17
"12,1,93",151,17
"14,1,83",151,17
"17,1,62",151,17
"18,1,50",151,17
"19,1,49",151,17
"28,1,35;0,2,67,1,190,1,0",151,17
"14,1,82",150,18
"16,1,62",150,18
"43,1,18;43,1,267,1,0",150,18
"0,1,187",149,19
"2,1,165",149,19
"6,1,115",149,19
"14,1,81",149,19
"21,1,45",149,19
"31,1,25",149,19
"28,1,34;0,1,729,1,0",149,19
"0,1,186",148,20
"14,1,80",148,20
"8,1,107;17,1,61",148,20
"21,1,44",148,20
"0,1,185",147,21
"12,1,92",147,21
"14,1,79",147,21
"25,1,39",147,21
"17,1,60;31,1,24",147,21
"44,1,14",147,21
"54,1,8",147,21
"57,1,7",147,21
"31,1,24;8,1,138,1,1",147,21
"35,1,23;0,2,3,1,628,1,0",147,21
"16,1,61;8,1,138,1,1;3,1,646,1,0;2,1,690,1,0;0,4,693,1,0",147,21
"14,1,78",146,22
"24,1,39",146,22
"25,1,38",146,22
"27,1,36",146,22
"35,1,22",146,22
"43,1,17",146,22
"16,1,60;8,1,137,1,1",146,22
"34,1,23;0,2,717,1,0;0,3,706,1,0",146,22
"3,1,148",145,23
"14,1,77",145,23
"24,1,38",145,23
"33,1,23",145,23
"23,1,39;46,1,13",145,23
"42,1,18;8,4,20,1,1",145,23
"46,1,13;8,4,20,1,1;8,1,13,2,188,1,0",145,23
"34,1,22;0,3,703,1,0",145,23
"4,1,135",144,24
"12,1,91",144,24
"21,1,43",144,24
"20,1,48;22,1,39",144,24
"22,1,39;23,1,38",144,24
"27,1,35",144,24
"23,1,38;29,1,31",144,24
"29,1,31;32,1,23",144,24
"33,1,22",144,24
"32,1,23;45,1,13",144,24
"47,1,12",144,24
"65,1,3",144,24
"45,1,13;8,4,19,1,1;8,2,13,1,212,1,0",144,24
"0,3,702,1,0",144,24
"3,1,147;0,3,64,1,188,1,0",144,24
"4,1,134",143,25
"12,1,90",143,25
"21,1,42",143,25
"19,1,48;22,1,38",143,25
"22,1,38;29,1,30",143,25
"29,1,30;32,1,22",143,25
"35,1,21",143,25
"52,1,11",143,25
"32,1,22;8,1,136,1,1;8,1,17,1,267,1,0",143,25
"3,1,146;0,3,64,1,187,1,0",143,25
"3,1,145",142,26
"1,1,179;5,1,121",142,26
"8,1,106",142,26
"5,1,121;14,1,76",142,26
"25,1,37",142,26
"14,1,76;27,1,34",142,26
"34,1,21",142,26
"29,1,29;13,2,17",142,26
"13,2,17;51,1,11",142,26
"51,1,11;8,1,17,1,56,1,1",142,26
"27,1,34;1,1,715,1,0",142,26
"1,1,178",141,27
"4,1,133",141,27
"24,1,37",141,27
"33,1,21",141,27
"42,1,17;8,2,78,1,1",141,27
"15,1,70",140,28
"30,1,28",140,28
"23,1,37;32,1,21",140,28
"32,1,21;8,2,77,1,1",140,28
"22,1,37;8,3,11",139,29
"31,1,23;8,3,11;8,1,559,1,0",139,29
"13,1,85;20,1,47",138,30
"20,1,47;40,1,20",138,30
"40,1,20;8,1,16,1,17",138,30
"31,1,22;8,1,16,1,17;8,1,557,1,0",138,30
"9,1,99;19,1,47",137,31
"19,1,47;20,1,46",137,31
"20,1,46;39,1,20",137,31
"39,1,20;40,1,19",137,31
"40,1,19;56,1,7",137,31
"56,1,7;200,1,1",137,31
"9,1,98;17,1,59",136,32
"17,1,59;19,1,46",136,32
"19,1,46;39,1,19",136,32
"39,1,19;50,1,11",136,32
"50,1,11;55,1,7",136,32
"55,1,7;199,1,1",136,32
"8,1,105;16,1,59",135,33
"16,1,59;31,1,21",135,33
"31,1,21;49,1,11",135,33
"70,1,3",162,7
"2,1,177;204,1,1;2,2,660,1,0",162,7
"13,1,95;32,1,69,1,1",161,8
"18,1,58;0,1,748,1,0",161,8
"2,1,176",159,10
"2,1,175",159,10
"3,1,153",159,10
"4,1,140",159,10
"5,1,128",159,10
"12,1,97",159,10
"26,1,41",159,10
"54,1,10",159,10
"0,1,197;3,1,659,1,0",159,10
"0,1,196;0,1,195;9,1,104",158,11
"26,1,40",158,11
"5,1,127;1,1,28,1,33",158,11
"0,1,195;3,1,18,1,333,1,0",158,11
"9,1,104;1,1,28,1,33;2,1,18,1,373,1,0",158,11
"1,1,28,1,33;2,1,18,1,373,1,0;0,2,18,1,415,1,0",158,11
"0,3,720,1,0",158,11
"9,1,103",157,12
"25,1,45",157,12
"0,1,194;1,2,189,1,1;0,1,743,1,0",157,12
"2,1,174;2,1,188,1,1;1,2,189,1,1;0,2,18,1,414,1,0",157,12
"0,1,193",156,13
"7,1,120",156,13
"4,1,139;8,1,113",156,13
"24,1,45",156,13
"25,1,44",156,13
"46,1,14",156,13
"57,1,9",156,13
"8,1,114;31,1,69,1,1",156,13
"13,1,94;9,1,133,1,1",156,13
"8,1,113;0,5,696,1,0",156,13
"23,1,45",155,14
"24,1,44",155,14
"45,1,14",155,14
"48,1,12",155,14
"13,1,93;23,1,83,1,1",155,14
"0,1,192;1,2,187,1,1;0,3,719,1,0",155,14
"11,1,101",154,15
"11,1,100",154,15
"20,1,57",154,15
"22,1,45",154,15
"35,1,27",154,15
"23,1,44;0,7,676,1,0",154,15
"10,1,101",153,16
"10,1,100",153,16
"15,1,75",153,16
"19,1,57",153,16
"20,1,56",153,16
"22,1,44",153,16
"29,1,36",153,16
"35,1,26",153,16
"34,1,27;0,1,67,1,197,1,0",153,16
"0,1,191",152,17
"2,1,172",152,17
"6,1,120",152,17
"2,1,173;7,1,119",152,17
"7,1,119;15,1,74",152,17
"19,1,56",152,17
"20,1,55",152,17
"25,1,43",152,17
"15,1,74;30,1,33",152,17
"33,1,27",152,17
"34,1,26",152,17
"1,2,708,1,0",152,17
"30,1,33;0,1,8,2,367,1,0",152,17
"0,1,190;5,1,126",151,18
"19,1,55",151,18
"20,1,54",151,18
"24,1,43",151,18
"25,1,42",151,18
"13,1,92;29,1,35",151,18
"4,1,138;1,1,27,1,33",151,18
"29,1,35;32,1,27",151,18
"33,1,26",151,18
"32,1,27;9,1,23,1,9",151,18
"5,1,126;1,1,27,1,33;1,1,193,1,1",151,18
"1,1,27,1,33;8,2,69,1,80,1,0",151,18
"1,1,187;5,1,125",150,19
"19,1,54",150,19
"24,1,42",150,19
"23,1,43;32,1,26",150,19
"32,1,26;8,1,29,1,9",150,19
"5,1,125;1,1,729,1,0",150,19
"2,1,171",149,20
"1,1,186;4,1,137",149,20
"4,1,137;5,1,124",149,20
"5,1,124;12,1,96",149,20
"17,1,69;20,1,53",149,20
"20,1,53;22,1,43",149,20
"22,1,43;23,1,42",149,20
"23,1,42;29,1,34",149,20
"29,1,34;8,2,9,1,9",149,20
"12,1,96;57,1,8",149,20
"57,1,8;1,1,3,1,639,1,0",149,20
"0,1,189;1,1,3,1,639,1,0;0,1,43,1,266,1,0",149,20
"1,1,185;14,1,84",148,21
"6,1,119;15,1,73",148,21
"15,1,72",148,21
"13,1,91;16,1,69",148,21
"16,1,69;17,1,68",148,21
"17,1,68;19,1,53",148,21
"19,1,53;20,1,52",148,21
"20,1,52;22,1,42",148,21
"26,1,39",148,21
"22,1,42;8,1,9,1,34",148,21
"14,1,84;5,1,149,1,1",148,21
"2,1,170;1,1,728,1,0",148,21
"15,1,73;1,1,728,1,0;0,1,739,1,0",148,21
"9,1,102;13,1,90",147,22
"13,1,90;16,1,68",147,22
"16,1,68;17,1,67",147,22
"17,1,67;19,1,52",147,22
"19,1,52;8,2,42",147,22
"26,1,38",147,22
"30,1,32;8,1,69,1,138,1,0",147,22
"20,1,51;8,2,42;8,1,69,1,138,1,0;0,5,693,1,0",147,22
"8,1,112;16,1,67",146,23
"16,1,67;17,1,66",146,23
"17,1,66;31,1,27",146,23
"20,1,50;56,1,9",146,23
"19,1,51;56,1,9;4,1,627,1,0;0,3,717,1,0",146,23
"31,1,27;56,1,9;0,4,706,1,0",146,23
"2,1,169",145,24
"8,1,111;16,1,66",145,24
"16,1,66;31,1,26",145,24
"44,1,16",145,24
"53,1,11",145,24
"19,1,50;55,1,9",145,24
"31,1,26;55,1,9;1,2,64,1,187,1,0",145,24
"44,1,15",144,25
"58,1,6",144,25
"62,1,5",144,25
"87,1,2",144,25
"26,1,37",143,26
"62,1,4",143,26
"11,1,99",139,30
"15,1,71",139,30
"30,1,31",139,30
"56,1,8",139,30
"10,1,99",138,31
"11,1,98",138,31
"30,1,30",138,31
"47,1,13",138,31
"55,1,8;0,2,8,1,17,1,260,1,0",138,31
"10,1,98",137,32
"30,1,29",137,32
"0,1,188",134,35
"7,1,123",165,5
"18,1,65;1,1,751,1,0",165,5
"94,1,2",164,6
"1,1,750,1,0",164,6
"0,1,205",163,7
"13,1,97",163,7
"93,1,2",163,7
"92,1,2",163,7
"18,1,64;1,1,749,1,0",163,7
"2,1,184",162,8
"8,1,118",162,8
"91,1,2",162,8
"1,1,748,1,0",162,8
"7,2,64;1,1,747,1,0",162,8
"18,1,63;0,2,749,1,0",162,8
"1,2,184",161,9
"6,1,123",161,9
"7,1,122",161,9
"8,1,117",161,9
"57,1,10",161,9
"7,2,63;0,2,747,1,0",161,9
"11,1,104",160,10
"38,1,25",160,10
"1,1,196",159,11
"2,1,183",159,11
"8,1,116",159,11
"10,1,104",159,11
"11,1,103",159,11
"18,1,62",159,11
"37,1,25",159,11
"1,1,195;0,1,3,1,659,1,0",159,11
"0,1,204;2,1,182",158,12
"3,1,158",158,12
"10,1,103",158,12
"7,2,62",158,12
"26,1,45",158,12
"28,1,41",158,12
"38,1,24",158,12
"61,1,6",158,12
"90,1,2",158,12
"89,1,2",158,12
"2,1,182;1,1,744,1,0",158,12
"6,1,122",157,13
"26,1,44",157,13
"36,1,25",157,13
"37,1,24",157,13
"72,1,3",157,13
"1,1,193;768,1,0",157,13
"28,1,40;768,1,0;1,2,719,1,0",157,13
"0,1,203;0,2,743,1,0",157,13
"2,1,181",156,14
"20,1,58",156,14
"64,1,5",156,14
"18,1,61;766,1,0",156,14
"2,1,180",155,15
"3,1,157;18,1,60",155,15
"19,1,58",155,15
"36,1,24",155,15
"52,1,12",155,15
"64,1,4",155,15
"18,1,60;0,3,732,1,0",155,15
"0,1,202",154,16
"1,2,180;5,1,132",154,16
"14,1,89",154,16
"2,1,13,1,80",154,16
"46,1,16",154,16
"51,1,12",154,16
"1,1,191",153,17
"15,1,83",153,17
"26,1,43",153,17
"45,1,16",153,17
"46,1,15",153,17
"63,1,5",153,17
"13,1,96;208,1,1",153,17
"14,1,88;0,2,741,1,0",153,17
"4,1,144",152,18
"5,1,131",152,18
"15,1,82",152,18
"26,1,42",152,18
"45,1,15",152,18
"63,1,4",152,18
"8,1,115;207,1,1",152,18
"12,1,101",151,19
"12,1,100",151,19
"15,1,81",151,19
"27,1,41",151,19
"35,1,28",151,19
"56,1,10",151,19
"60,1,6",151,19
"59,1,6",151,19
"88,1,2",151,19
"1,1,189",150,20
"5,1,130",150,20
"14,1,87",150,20
"15,1,80",150,20
"21,1,49",150,20
"27,1,40",150,20
"34,1,28",150,20
"55,1,10",150,20
"38,1,23;0,2,43,1,267,1,0",150,20
"3,1,156",149,21
"11,1,102",149,21
"14,1,86",149,21
"15,1,79",149,21
"33,1,28",149,21
"38,1,22",149,21
"47,1,14",149,21
"48,1,13",149,21
"37,1,23;0,2,43,1,266,1,0",149,21
"7,1,121",148,22
"10,1,102",148,22
"15,1,78",148,22
"37,1,22",148,22
"50,1,12",148,22
"32,1,28;8,1,9,1,13,1,209,1,0",148,22
"30,1,36;0,2,739,1,0",148,22
"3,1,155;15,1,77",147,23
"28,1,39",147,23
"49,1,12",147,23
"54,1,11",147,23
"71,1,3",147,23
"4,1,143;0,1,8,1,69,1,138,1,0",147,23
"15,1,77;36,1,23;0,2,3,1,646,1,0",147,23
"36,1,23;0,2,3,1,646,1,0;0,6,693,1,0",147,23
"28,1,38",146,24
"30,1,35",146,24
"38,1,21",146,24
"36,1,22;0,4,717,1,0;0,5,706,1,0",146,24
"37,1,21",145,25
"0,1,201",144,26
"2,1,179",144,26
"6,1,121",144,26
"15,1,76",144,26
"18,1,59",144,26
"30,1,34",144,26
"17,1,70;8,2,382,1,0",144,26
"2,1,178",143,27
"16,1,70;31,1,28",143,27
"36,1,21",143,27
"31,1,28;8,1,574,1,0",143,27
"0,1,200;0,1,753,1,0",143,27
"0,1,199",142,28
"21,1,48",142,28
"28,1,37",142,28
"0,1,198",141,29
"27,1,39",140,30
"27,1,38",139,31
"44,1,18",139,31
"3,1,154;4,1,142",136,34
"4,1,142;12,1,99",136,34
"12,1,99;21,1,47",136,34
"21,1,47;41,1,20",136,34
"41,1,20;1,1,49,1,11",136,34
"1,1,188;4,1,141",135,35
"4,1,141;5,1,129",135,35
"5,1,129;12,1,98",135,35
"12,1,98;14,1,85",135,35
"14,1,85;21,1,46",135,35
"21,1,46;27,1,37",135,35
"27,1,37;41,1,19",135,35
"41,1,19;44,1,17",135,35
"44,1,17;58,1,7",135,35
"58,1,7;205,1,1",135,35
"69,1,5;4,1,18,1,324,1,0",166,5
"7,1,128",165,6
"18,2,5",165,6
"96,1,2",165,6
"69,1,4;0,3,3,1,18,1,324,1,0",165,6
"7,1,127",164,7
"1,1,205;214,1,1",164,7
"3,1,164;36,1,69,1,1",164,7
"0,1,216",163,8
"76,1,3",163,8
"35,1,33;2,1,198,1,1",163,8
"0,1,215;34,1,33",162,9
"75,1,3",162,9
"74,1,3",162,9
"95,1,2",162,9
"34,1,33;782,1,0",162,9
"0,1,214",161,10
"4,1,152",161,10
"6,1,128",161,10
"9,1,110",161,10
"33,1,33",161,10
"68,1,5",161,10
"73,1,3",161,10
"6,1,127",160,11
"20,1,65",160,11
"48,1,14",160,11
"67,1,5",160,11
"68,1,4",160,11
"32,1,33;1,1,756,1,0",160,11
"0,1,213",159,12
"0,1,212",159,12
"1,1,204",159,12
"5,1,136",159,12
"19,1,65",159,12
"8,1,13,1,33",159,12
"67,1,4",159,12
"1,1,203",158,13
"3,1,163",158,13
"14,1,95",158,13
"20,1,64",158,13
"25,1,49",158,13
"29,1,41",158,13
"35,1,32",158,13
"3,1,162;4,1,151",157,14
"4,1,151;7,1,126",157,14
"12,1,104",157,14
"17,1,75",157,14
"0,1,210;18,1,69",157,14
"19,1,64",157,14
"20,1,63",157,14
"24,1,49",157,14
"28,1,45",157,14
"29,1,40",157,14
"34,1,32",157,14
"53,1,12",157,14
"66,1,5",157,14
"7,1,126;1,1,31,1,69,1,1",157,14
"18,1,69;9,1,563,1,0",157,14
"38,1,27;0,1,68,1,203,1,0",157,14
"0,1,211;74,1,197,1,0;9,1,563,1,0;0,1,68,1,203,1,0;0,1,3,1,673,1,0",157,14
"0,1,208",156,15
"7,1,125",156,15
"12,1,103",156,15
"16,1,75",156,15
"17,1,74",156,15
"9,1,109;18,1,68",156,15
"19,1,63",156,15
"23,1,49",156,15
"28,1,44",156,15
"33,1,32",156,15
"38,1,26",156,15
"66,1,4",156,15
"18,1,68;8,1,583,1,0",156,15
"0,1,209;8,1,583,1,0;0,1,766,1,0",156,15
"37,1,27;0,1,67,1,203,1,0",156,15
"4,1,150",155,16
"7,1,124",155,16
"13,1,101",155,16
"9,1,108;13,1,100",155,16
"8,1,120;18,1,67",155,16
"22,1,49",155,16
"16,1,74;31,1,33",155,16
"13,1,100;18,1,67;31,1,33;32,1,32",155,16
"37,1,26",155,16
"32,1,32;23,1,89,1,1",155,16
"18,1,67;31,1,33;8,2,415,1,0",155,16
"1,1,202;31,1,33;781,1,0;8,2,415,1,0;1,1,76,1,189,1,0",155,16
"31,1,33;0,4,732,1,0",155,16
"20,1,62",154,17
"36,1,27;0,1,3,1,669,1,0",154,17
"18,1,66;8,2,414,1,0;0,9,676,1,0",154,17
"4,1,149",153,18
"6,1,126",153,18
"14,1,94",153,18
"19,1,62",153,18
"36,1,26",153,18
"40,1,25",153,18
"2,1,187",152,19
"6,1,125",152,19
"14,1,93",152,19
"17,1,72",152,19
"21,1,57",152,19
"28,1,43",152,19
"39,1,25",152,19
"0,1,207",151,20
"2,1,186",151,20
"6,1,124",151,20
"8,1,119;9,1,107",151,20
"9,1,107;16,1,73",151,20
"16,1,72",151,20
"16,1,73;20,1,61",151,20
"21,1,56",151,20
"28,1,42",151,20
"40,1,24;17,1,113,1,1",151,20
"20,1,61;17,1,113,1,1;17,1,475,1,0",151,20
"2,1,185",150,21
"15,1,84",150,21
"21,1,55",150,21
"25,1,48",150,21
"27,1,45",150,21
"20,1,60;31,1,32",150,21
"35,1,31",150,21
"31,1,32;39,1,24",150,21
"39,1,24;8,1,147,1,1",150,21
"19,1,61;8,1,147,1,1;8,1,582,1,0",150,21
"21,1,54",149,22
"24,1,48",149,22
"27,1,44",149,22
"34,1,31",149,22
"35,1,30",149,22
"52,1,13",149,22
"57,1,11",149,22
"0,1,206;61,1,7",149,22
"19,1,60;61,1,7;8,1,146,1,1",149,22
"61,1,7;1,1,5,1,149,1,1",149,22
"14,1,92",148,23
"33,1,31",148,23
"34,1,30",148,23
"35,1,29",148,23
"43,1,20",148,23
"23,1,48;51,1,13",148,23
"46,1,18;8,4,22,1,1",148,23
"51,1,13;8,4,22,1,1;9,1,13,2,188,1,0",148,23
"3,1,161",147,24
"21,1,53",147,24
"22,1,48;29,1,39",147,24
"29,1,39;32,1,31",147,24
"33,1,30",147,24
"34,1,29",147,24
"43,1,19",147,24
"47,1,16",147,24
"45,1,18;8,6,1",147,24
"32,1,31;8,6,1;8,1,9,1,13,1,212,1,0",147,24
"3,1,160",146,25
"4,1,148",146,25
"12,1,102",146,25
"21,1,52",146,25
"29,1,38;32,1,30",146,25
"33,1,29",146,25
"47,1,15",146,25
"65,1,5",146,25
"32,1,30;8,2,88,1,1;8,1,20,1,267,1,0",146,25
"1,1,201",145,26
"3,1,159",145,26
"4,1,147",145,26
"5,1,135",145,26
"9,1,106",145,26
"14,1,91",145,26
"21,1,51",145,26
"27,1,43",145,26
"65,1,4",145,26
"32,1,29;8,1,16,1,17,2,1",145,26
"1,1,200;4,1,146",144,27
"4,1,146;5,1,134",144,27
"5,1,134;14,1,90",144,27
"14,1,90;21,1,50",144,27
"25,1,47",144,27
"21,1,50;27,1,42",144,27
"27,1,42;58,1,9",144,27
"46,1,17;8,3,50,1,1",144,27
"58,1,9;0,6,64,1,188,1,0",144,27
"1,1,199",143,28
"4,1,145",143,28
"24,1,47",143,28
"25,1,46",143,28
"17,1,71;40,1,23",143,28
"42,1,20;45,1,17",143,28
"45,1,17;8,3,49,1,1",143,28
"40,1,23;8,3,49,1,1;8,3,254,1,0",143,28
"1,1,198;5,1,133",142,29
"24,1,46",142,29
"23,1,47;29,1,37",142,29
"16,1,71;31,1,31",142,29
"31,1,31;39,1,23",142,29
"5,1,133;29,1,37;42,1,19",142,29
"40,1,22;50,1,13",142,29
"29,1,37;8,2,9,1,11",142,29
"8,2,9,1,11;60,1,7",142,29
"42,1,19;60,1,7;59,1,7",142,29
"60,1,7;211,1,1",142,29
"59,1,7;210,1,1",142,29
"39,1,23;211,1,1;8,1,580,1,0",142,29
"50,1,13;211,1,1;8,1,580,1,0;0,1,17,1,454,1,0",142,29
"22,1,47;23,1,46",141,30
"31,1,30;39,1,22",141,30
"23,1,46;8,1,19,1,17",141,30
"39,1,22;49,1,13",141,30
"8,1,19,1,17;17,1,111,1,1",141,30
"49,1,13;17,1,111,1,1;8,2,404,1,0;0,1,8,1,17,1,278,1,0",141,30
"13,1,99;22,1,46",140,31
"22,1,46;31,1,29",140,31
"31,1,29;16,1,111,1,1",140,31
"13,1,98;20,1,59",139,32
"20,1,59;40,1,21",139,32
"40,1,21;56,1,11",139,32
"56,1,11;8,1,145,1,1",139,32
"9,1,105;19,1,59",138,33
"19,1,59;39,1,21",138,33
"39,1,21;55,1,11",138,33
"58,1,8",137,34
"99,1,2",166,6
"1,1,7,2,65",165,7
"3,1,167;3,1,699,1,0",165,7
"8,1,123",164,8
"70,1,5",164,8
"1,1,216;1,2,749,1,0",164,8
"11,1,110",163,9
"70,1,4",163,9
"1,1,215;3,1,181,1,1;2,2,18,1,368,1,0",163,9
"1,2,747,1,0",163,9
"0,4,750,1,0",163,9
"1,1,214",162,10
"2,1,197",162,10
"10,1,110",162,10
"1,2,197",161,11
"2,1,195",161,11
"2,1,196;13,1,104",161,11
"13,1,104;0,2,18,1,445,1,0",161,11
"1,1,213",160,12
"1,1,212",160,12
"4,1,153",160,12
"5,1,140",160,12
"7,1,132",160,12
"2,1,194;8,1,122",160,12
"13,1,103",160,12
"14,1,97",160,12
"25,1,57",160,12
"52,1,14",160,12
"98,1,2",160,12
"8,1,122;0,2,18,1,443,1,0",160,12
"1,2,194",159,13
"2,1,193",159,13
"3,2,132",159,13
"9,1,113",159,13
"24,1,57",159,13
"25,1,56",159,13
"26,1,49",159,13
"35,1,36",159,13
"51,1,14",159,13
"54,1,12",159,13
"9,1,114;39,1,69,1,1",159,13
"0,1,221",158,14
"1,1,211;1,1,210",158,14
"2,1,192",158,14
"3,1,166",158,14
"7,1,131",158,14
"11,1,109",158,14
"23,1,57",158,14
"24,1,56",158,14
"25,1,55",158,14
"34,1,36",158,14
"48,1,16",158,14
"1,1,210;61,1,9",158,14
"61,1,9;70,1,209,1,0",158,14
"10,1,109",157,15
"11,1,108",157,15
"17,1,83",157,15
"22,1,57",157,15
"23,1,56",157,15
"24,1,55",157,15
"1,1,208;25,1,54",157,15
"29,1,45",157,15
"33,1,36",157,15
"25,1,54;35,1,35",157,15
"48,1,15",157,15
"1,1,209;5,1,139;215,1,1",157,15
"1,2,192;5,1,139;1,1,766,1,0",157,15
"35,1,35;0,1,74,1,197,1,0",157,15
"6,1,132",156,16
"7,1,130",156,16
"10,1,108",156,16
"15,1,89",156,16
"16,1,83",156,16
"17,1,82",156,16
"22,1,56",156,16
"23,1,55",156,16
"24,1,54",156,16
"29,1,44",156,16
"32,1,36",156,16
"34,1,35",156,16
"13,1,25,1,9",156,16
"2,1,191",155,17
"1,1,5,1,132",155,17
"15,1,88",155,17
"16,1,82",155,17
"17,1,81",155,17
"22,1,55",155,17
"25,1,53",155,17
"23,1,54;33,1,35",155,17
"35,1,34",155,17
"33,1,35;13,1,24,1,9",155,17
"0,1,220",154,18
"2,1,190",154,18
"6,1,131",154,18
"16,1,81",154,18
"17,1,80",154,18
"21,1,58",154,18
"22,1,54",154,18
"24,1,53",154,18
"25,1,52",154,18
"34,1,34",154,18
"38,1,28",154,18
"32,1,35;13,1,23,1,9",154,18
"1,1,762,1,0",154,18
"3,1,165",153,19
"11,1,107",153,19
"16,1,80",153,19
"17,1,79",153,19
"24,1,52",153,19
"25,1,51",153,19
"30,1,41",153,19
"33,1,34",153,19
"37,1,28",153,19
"50,1,14",153,19
"23,1,53;8,1,32,1,9",153,19
"1,1,761,1,0",153,19
"1,1,207;2,1,189",152,20
"2,1,189;5,1,138",152,20
"5,1,138;6,1,130",152,20
"6,1,130;10,1,107",152,20
"15,1,87",152,20
"16,1,79",152,20
"10,1,107;18,1,70",152,20
"17,1,78;20,1,69",152,20
"20,1,69;22,1,53",152,20
"22,1,53;23,1,52",152,20
"24,1,51",152,20
"25,1,50",152,20
"23,1,52;29,1,43",152,20
"30,1,40",152,20
"29,1,43;32,1,34",152,20
"49,1,14",152,20
"32,1,34;8,2,13,1,9",152,20
"18,1,70;1,1,760,1,0",152,20
"16,1,78;19,1,69",151,21
"19,1,69;20,1,68",151,21
"20,1,68;22,1,52",151,21
"17,1,77;23,1,51",151,21
"24,1,50",151,21
"26,1,48",151,21
"22,1,52;29,1,42",151,21
"15,1,86;31,1,36",151,21
"29,1,42;8,1,13,1,34",151,21
"36,1,28",151,21
"53,1,13",151,21
"23,1,51;60,1,9",151,21
"61,1,8",151,21
"8,1,13,1,34;60,1,9;59,1,9;1,1,64,1,209,1,0",151,21
"31,1,36;0,1,17,1,475,1,0",151,21
"59,1,9;1,1,64,1,209,1,0;0,2,760,1,0",151,21
"1,1,206;5,1,137",150,22
"5,1,137;14,1,96",150,22
"13,1,102;16,1,77",150,22
"16,1,77;19,1,68",150,22
"19,1,68;20,1,67",150,22
"20,1,67;8,1,9,1,42",150,22
"8,1,9,1,42;40,1,27",150,22
"23,1,50;17,2,9",150,22
"22,1,51;40,1,27;8,1,69,1,147,1,0",150,22
"40,1,27;17,2,9;0,2,64,1,209,1,0",150,22
"9,1,112;19,1,67",149,23
"19,1,67;20,1,66",149,23
"20,1,66;22,1,50",149,23
"22,1,50;31,1,35",149,23
"31,1,35;39,1,27",149,23
"39,1,27;40,1,26",149,23
"58,1,10",149,23
"40,1,26;16,1,17,1,9",149,23
"8,2,51;16,1,17,1,9;4,1,655,1,0",149,23
"9,1,111;17,1,76",148,24
"17,1,76;19,1,66",148,24
"19,1,66;39,1,26",148,24
"39,1,26;8,1,31,1,9",148,24
"0,1,219",147,25
"11,1,106",147,25
"8,1,121;16,1,76",147,25
"16,1,76;31,1,34",147,25
"10,1,106",146,26
"26,1,47",145,27
"62,1,6",145,27
"97,1,2",145,27
"26,1,46",144,28
"60,1,8",144,28
"59,1,8",144,28
"30,1,39",142,30
"7,1,129",141,31
"30,1,38",141,31
"47,1,18;0,2,8,1,17,1,278,1,0",141,31
"11,1,105",140,32
"10,1,105",139,33
"2,1,188;6,1,129",137,35
"6,1,129;15,1,85",137,35
"15,1,85;30,1,37",137,35
"30,1,37;47,1,17",137,35
"47,1,17;1,2,49,1,11",137,35
"0,1,218;1,1,205,1,1",136,36
"0,1,217",135,37
"2,1,205",166,7
"38,1,33;222,1,1",166,7
"3,1,177;222,1,1;3,1,18,1,378,1,0",166,7
"7,1,136",165,8
"9,1,118",165,8
"0,1,235;18,1,75",165,8
"37,1,33;3,1,191,1,1",165,8
"18,1,75;1,1,214,1,1",165,8
"8,1,128",164,9
"9,1,117",164,9
"0,1,234;7,2,75",164,9
"7,2,75;1,2,203,1,1",164,9
"18,1,74;802,1,0",164,9
"8,1,127",163,10
"61,1,10",163,10
"3,1,175;36,1,33;221,1,1",163,10
"0,1,233;1,1,213,1,1",163,10
"1,1,782,1,0",163,10
"3,1,176;36,1,33;0,3,18,1,446,1,0",163,10
"9,1,116",162,11
"25,1,58",162,11
"53,1,14",162,11
"0,1,232;0,1,793,1,0",162,11
"0,1,231;0,1,791,1,0",162,11
"0,1,230",161,12
"2,1,204",161,12
"6,1,136",161,12
"11,1,114",161,12
"3,1,174;11,1,113",161,12
"24,1,58",161,12
"26,1,57",161,12
"38,1,32",161,12
"57,1,12",161,12
"80,1,3",161,12
"101,1,2",161,12
"11,1,113;2,2,189,1,1",161,12
"0,1,2,1,746,1,0",161,12
"0,1,229;2,1,203",160,13
"2,1,203;10,1,114",160,13
"12,1,110",160,13
"10,1,114;15,1,95",160,13
"10,1,113;15,1,95;18,1,72",160,13
"23,1,58",160,13
"26,1,56",160,13
"37,1,32",160,13
"79,1,3",160,13
"15,1,95;18,1,72;1,1,212,1,1",160,13
"18,1,73;801,1,0",160,13
"18,1,72;1,1,212,1,1;40,1,69,2,0",160,13
"1,1,221",159,14
"4,1,158",159,14
"22,1,58",159,14
"26,1,55",159,14
"72,1,5",159,14
"21,1,65",158,15
"26,1,54",158,15
"0,1,228;28,1,49",158,15
"36,1,32",158,15
"52,1,16",158,15
"72,1,4",158,15
"28,1,49;1,2,31,1,69,1,1",158,15
"0,1,227",157,16
"2,1,202",157,16
"51,1,16",157,16
"52,1,15",157,16
"64,1,6",157,16
"3,1,173",156,17
"3,1,172",156,17
"4,1,157",156,17
"8,1,126",156,17
"21,1,64",156,17
"26,1,53",156,17
"51,1,15",156,17
"60,1,10",156,17
"59,1,10",156,17
"0,1,226;1,1,781,1,0",156,17
"8,1,125;9,1,115",155,18
"1,1,220;12,1,109",155,18
"15,1,94",155,18
"21,1,63",155,18
"26,1,52",155,18
"9,1,115;12,1,109;218,1,1",155,18
"12,1,109;0,6,732,1,0",155,18
"12,1,108",154,19
"15,1,93",154,19
"8,1,124;17,1,84",154,19
"26,1,51",154,19
"63,1,6",154,19
"100,1,2",154,19
"3,1,171",153,20
"5,1,144",153,20
"26,1,50",153,20
"38,1,31",153,20
"54,1,13",153,20
"16,1,84;8,1,149,1,1",153,20
"14,1,101",152,21
"14,1,100",152,21
"21,1,62",152,21
"30,1,45",152,21
"37,1,31",152,21
"38,1,30",152,21
"48,1,18",152,21
"3,1,170;0,2,780,1,0",152,21
"7,1,135",151,22
"11,1,112",151,22
"27,1,49",151,22
"30,1,44",151,22
"37,1,30",151,22
"38,1,29",151,22
"41,1,25",151,22
"50,1,16",151,22
"56,1,12",151,22
"78,1,3",151,22
"18,1,71;0,2,17,1,475,1,0",151,22
"7,1,134",150,23
"10,1,112",150,23
"11,1,111",150,23
"4,1,156;12,1,107",150,23
"15,1,92",150,23
"28,1,48",150,23
"36,1,31",150,23
"37,1,29",150,23
"12,1,107;49,1,16",150,23
"50,1,15",150,23
"55,1,12",150,23
"77,1,3",150,23
"49,1,16;0,1,8,1,69,1,147,1,0",150,23
"3,1,169",149,24
"10,1,111",149,24
"21,1,61",149,24
"36,1,30",149,24
"41,1,24",149,24
"49,1,15",149,24
"71,1,5",149,24
"1,1,219",148,25
"4,1,155",148,25
"5,1,143",148,25
"7,1,133",148,25
"21,1,60",148,25
"36,1,29",148,25
"48,1,17",148,25
"71,1,4",148,25
"2,1,201",147,26
"6,1,135",147,26
"15,1,91",147,26
"30,1,43",147,26
"20,1,70;40,1,28",147,26
"40,1,28;8,2,16,1,209,1,0",147,26
"0,1,225",146,27
"2,1,200",146,27
"6,1,134",146,27
"15,1,90",146,27
"30,1,42",146,27
"19,1,70;39,1,28",146,27
"39,1,28;8,2,420,1,0",146,27
"0,1,224",145,28
"2,1,199",145,28
"0,1,223",144,29
"2,1,198",144,29
"6,1,133",144,29
"12,1,106",144,29
"28,1,47",144,29
"27,1,48",143,30
"0,1,222;28,1,46",143,30
"28,1,46;1,1,210,1,1",143,30
"41,1,23",141,32
"41,1,22",140,33
"1,1,218;4,1,154",137,36
"4,1,154;5,1,142",137,36
"5,1,142;12,1,105",137,36
"12,1,105;14,1,99",137,36
"14,1,99;21,1,59",137,36
"21,1,59;27,1,47",137,36
"27,1,47;41,1,21",137,36
"41,1,21;44,1,20",137,36
"44,1,20;58,1,11",137,36
"1,1,217;5,1,141",136,37
"5,1,141;14,1,98",136,37
"14,1,98;27,1,46",136,37
"27,1,46;44,1,19",136,37
"44,1,19;62,1,7",136,37
"62,1,7;217,1,1",136,37
"11,1,118",167,7
"69,1,6;5,1,18,1,324,1,0",167,7
"2,1,216;3,1,184;7,1,140",166,8
"10,1,118",166,8
"11,1,117",166,8
"1,1,235;3,1,184;7,1,140;25,1,65",166,8
"25,1,65;0,1,3,1,18,1,378,1,0",166,8
"10,1,117",165,9
"1,1,234;2,1,215;4,1,164;18,1,83",165,9
"24,1,65",165,9
"76,1,5",165,9
"86,1,3",165,9
"4,1,164;18,1,83;3,1,720,1,0",165,9
"18,1,83;3,1,720,1,0;1,2,18,1,446,1,0",165,9
"0,1,241",164,10
"2,1,214",164,10
"11,1,116",164,10
"13,1,110",164,10
"23,1,65",164,10
"25,1,64",164,10
"35,1,41",164,10
"54,1,14",164,10
"75,1,5",164,10
"74,1,5",164,10
"76,1,4",164,10
"85,1,3",164,10
"84,1,3",164,10
"107,1,2",164,10
"18,1,82;7,1,633,1,0",164,10
"1,1,232",163,11
"10,1,116",163,11
"22,1,65",163,11
"24,1,64",163,11
"25,1,63",163,11
"26,1,58",163,11
"34,1,41",163,11
"43,1,25",163,11
"73,1,5",163,11
"75,1,4",163,11
"74,1,4",163,11
"83,1,3",163,11
"82,1,3",163,11
"106,1,2",163,11
"105,1,2",163,11
"1,1,231;3,1,183;2,1,209,1,1",163,11
"3,1,183;18,1,81;2,1,773,1,0",163,11
"35,1,40;7,1,632,1,0;1,1,792,1,0",163,11
"7,1,139;0,1,18,1,479,1,0",163,11
"18,1,81;2,1,773,1,0;0,1,18,1,479,1,0;0,4,18,1,446,1,0",163,11
"1,1,230",162,12
"5,1,152",162,12
"6,1,140",162,12
"15,1,97",162,12
"23,1,64",162,12
"24,1,63",162,12
"33,1,41",162,12
"34,1,40",162,12
"38,1,36",162,12
"68,1,6",162,12
"73,1,4",162,12
"81,1,3",162,12
"104,1,2",162,12
"103,1,2",162,12
"0,1,240;1,2,209,1,1",162,12
"2,1,213;18,1,80;816,1,0",162,12
"9,1,13,1,33;13,1,566,1,0",162,12
"2,1,212;18,1,80;816,1,0;13,1,566,1,0;1,1,789,1,0",162,12
"3,1,182;0,2,793,1,0",162,12
"1,1,229",161,13
"22,1,64",161,13
"23,1,63",161,13
"32,1,41",161,13
"33,1,40",161,13
"43,1,24",161,13
"67,1,6",161,13
"18,1,79;13,1,565,1,0",161,13
"37,1,36;0,1,3,1,712,1,0",161,13
"2,1,211",160,14
"3,1,181",160,14
"17,1,89",160,14
"2,1,210;18,1,78",160,14
"20,1,75",160,14
"22,1,63",160,14
"25,1,62",160,14
"28,1,57",160,14
"32,1,40",160,14
"38,1,35",160,14
"53,1,16",160,14
"0,1,239;0,1,801,1,0",160,14
"18,1,78;0,2,788,1,0",160,14
"2,1,208",159,15
"1,1,228;3,1,180",159,15
"3,1,180;4,1,163",159,15
"4,1,163;8,1,132;13,1,109",159,15
"16,1,89",159,15
"17,1,88",159,15
"0,1,238;13,1,109;18,1,77",159,15
"19,1,75",159,15
"20,1,74",159,15
"24,1,62",159,15
"28,1,56",159,15
"37,1,35",159,15
"40,1,33",159,15
"53,1,15",159,15
"2,1,209;6,1,139;13,1,109;18,1,77;226,1,1",159,15
"18,1,77;1,1,70,1,209,1,0",159,15
"13,1,109;36,1,36;1,1,70,1,209,1,0;0,1,800,1,0",159,15
"6,1,139;0,1,18,1,475,1,0",159,15
"36,1,36;0,1,800,1,0;0,2,787,1,0",159,15
"1,1,227;5,1,151",158,16
"4,1,162;5,1,151;1,1,5,1,139",158,16
"7,1,138",158,16
"5,1,151;12,1,114",158,16
"1,1,5,1,139;12,1,113",158,16
"12,1,113;14,1,104",158,16
"14,1,104;16,1,88",158,16
"19,1,74",158,16
"23,1,62",158,16
"28,1,55",158,16
"29,1,49",158,16
"38,1,34",158,16
"39,1,33",158,16
"42,1,25",158,16
"66,1,6",158,16
"12,1,114;41,1,69,1,1",158,16
"9,1,120;13,1,108;23,1,101,1,1",158,16
"0,1,237;13,1,108;23,1,101,1,1;1,1,215,1,1",158,16
"13,1,108;23,1,101,1,1;8,2,445,1,0",158,16
"16,1,88;1,2,766,1,0",158,16
"1,1,226;8,1,131",157,17
"11,1,115",157,17
"14,1,103",157,17
"22,1,62",157,17
"25,1,61",157,17
"28,1,54;36,1,35",157,17
"37,1,34",157,17
"8,1,131;8,2,443,1,0",157,17
"36,1,35;1,2,764,1,0",157,17
"5,1,150",156,18
"7,1,137",156,18
"10,1,115",156,18
"17,1,87",156,18
"24,1,61",156,18
"25,1,60",156,18
"31,1,41",156,18
"42,1,24;8,2,101,1,1",156,18
"18,1,76;3,2,629,1,0;0,1,3,1,707,1,0",156,18
"16,1,87",155,19
"8,1,130;17,1,86",155,19
"17,1,86;20,1,73",155,19
"20,1,72",155,19
"20,1,73;23,1,61",155,19
"24,1,60",155,19
"28,1,53",155,19
"31,1,40",155,19
"36,1,34",155,19
"57,1,13",155,19
"2,1,207",154,20
"5,1,149",154,20
"6,1,138",154,20
"9,1,119;13,1,107",154,20
"13,1,107;16,1,86",154,20
"16,1,86;19,1,73",154,20
"19,1,72",154,20
"19,1,73;22,1,61",154,20
"28,1,52",154,20
"23,1,60;40,1,32",154,20
"40,1,32;8,1,154,1,1",154,20
"22,1,61;8,1,154,1,1;8,1,613,1,0",154,20
"27,1,57",153,21
"28,1,51",153,21
"35,1,39",153,21
"22,1,60;39,1,32",153,21
"39,1,32;8,1,17,1,64,1,1",153,21
"43,1,23;3,1,717,1,0;0,4,762,1,0",153,21
"0,1,236",152,22
"2,1,206",152,22
"6,1,137",152,22
"15,1,96",152,22
"27,1,56",152,22
"34,1,39",152,22
"35,1,38",152,22
"52,1,18",152,22
"28,1,50;1,2,64,1,209,1,0",152,22
"43,1,22;0,3,780,1,0",152,22
"1,1,14,1,96;27,1,55",151,23
"33,1,39",151,23
"34,1,38",151,23
"51,1,18;8,4,29,1,1;9,1,13,1,328,1,0",151,23
"27,1,55;61,1,11;1,1,785,1,0",151,23
"21,1,69",150,24
"27,1,54",150,24
"29,1,48;32,1,39",150,24
"33,1,38",150,24
"32,1,39;8,5,9,1,1;8,1,13,2,212,1,0",150,24
"21,1,68",149,25
"43,1,21",149,25
"32,1,38;8,2,100,1,1;8,2,23,1,188,1,0",149,25
"3,1,179",148,26
"4,1,161",148,26
"12,1,112",148,26
"13,1,106",148,26
"21,1,67",148,26
"27,1,53",148,26
"35,1,37",148,26
"41,1,27",148,26
"52,1,17",148,26
"64,1,7;224,1,1",148,26
"42,1,23;8,2,17,1,40,1,1;8,3,267,1,0",148,26
"1,1,225",147,27
"3,1,178",147,27
"4,1,160",147,27
"5,1,148",147,27
"12,1,111",147,27
"14,1,102",147,27
"21,1,66",147,27
"27,1,52",147,27
"34,1,37",147,27
"41,1,26",147,27
"65,1,6",147,27
"102,1,2",147,27
"51,1,17;8,3,56,1,1",147,27
"42,1,22;8,3,56,1,1;8,4,188,1,0",147,27
"1,1,224",146,28
"4,1,159",146,28
"5,1,147",146,28
"27,1,51",146,28
"33,1,37",146,28
"20,1,71;40,1,31",146,28
"46,1,20;8,3,55,1,1",146,28
"40,1,31;8,3,55,1,1;8,4,187,1,0",146,28
"1,1,223",145,29
"25,1,59",145,29
"5,1,146;27,1,50",145,29
"19,1,71;31,1,39",145,29
"31,1,39;39,1,31",145,29
"39,1,31;40,1,30",145,29
"32,1,37;45,1,20",145,29
"45,1,20;46,1,19",145,29
"46,1,19;50,1,18",145,29
"40,1,30;56,1,13",145,29
"50,1,18;8,2,13,1,11",145,29
"27,1,50;62,1,9",145,29
"8,2,13,1,11;63,1,7",145,29
"63,1,7;223,1,1",145,29
"56,1,13;223,1,1;8,2,435,1,0",145,29
"62,1,9;5,1,642,1,0",145,29
"1,1,222;5,1,145",144,30
"24,1,59",144,30
"31,1,38;39,1,30",144,30
"29,1,47;40,1,29",144,30
"5,1,145;40,1,29;42,1,21",144,30
"40,1,29;45,1,19",144,30
"45,1,19;8,3,17",144,30
"39,1,30;55,1,13",144,30
"8,3,17;60,1,11",144,30
"42,1,21;60,1,11;59,1,11",144,30
"60,1,11;17,1,117,1,1",144,30
"49,1,18;55,1,13;8,2,434,1,0",144,30
"55,1,13;17,1,117,1,1;8,2,434,1,0;0,1,8,1,16,1,292,1,0",144,30
"23,1,59;29,1,46",143,31
"29,1,46;39,1,29",143,31
"39,1,29;8,1,153,1,1",143,31
"22,1,59;8,1,152,1,1",142,32
"13,1,105;17,1,85",141,33
"17,1,85;50,1,17",141,33
"50,1,17;8,1,31,1,11",141,33
"8,1,129;16,1,85",140,34
"16,1,85;31,1,37",140,34
"31,1,37;49,1,17",140,34
"62,1,8",138,36
"0,1,251",168,7
"0,1,250",167,8
"4,1,168",167,8
"9,1,123",167,8
"26,1,65",167,8
"109,1,2",167,8
"4,1,167",166,9
"57,1,14",166,9
"26,1,64",165,10
"70,1,6",165,10
"108,1,2",165,10
"0,1,249;1,1,3,1,190,1,1",165,10
"12,1,118",164,11
"8,1,136;17,1,95",164,11
"26,1,63",164,11
"1,1,36,1,33",164,11
"12,1,117",163,12
"35,1,45",163,12
"9,1,122;16,1,95;8,1,17,1,69,1,1",163,12
"16,1,95;8,1,17,1,69,1,1;0,5,18,1,446,1,0",163,12
"28,1,58",162,13
"34,1,45",162,13
"35,1,44",162,13
"54,1,16",162,13
"13,1,114;13,1,113;3,1,195,1,1",162,13
"13,1,113;2,1,212,1,1",162,13
"18,1,84;2,1,212,1,1;0,3,793,1,0",162,13
"0,1,248",161,14
"1,1,239",161,14
"2,1,221",161,14
"5,1,153",161,14
"12,1,116",161,14
"26,1,62",161,14
"33,1,45",161,14
"34,1,44",161,14
"54,1,15",161,14
"0,1,247",160,15
"1,1,238",160,15
"11,1,120",160,15
"20,1,83",160,15
"29,1,57",160,15
"32,1,45",160,15
"33,1,44",160,15
"43,1,27;0,1,814,1,0;0,2,801,1,0;0,2,39,1,324,1,0",160,15
"4,1,166",159,16
"7,1,144",159,16
"10,1,120",159,16
"17,1,94",159,16
"19,1,83",159,16
"20,1,82",159,16
"29,1,56",159,16
"32,1,44",159,16
"43,1,26",159,16
"0,1,246",158,17
"16,1,94",158,17
"17,1,93",158,17
"19,1,82",158,17
"20,1,81",158,17
"25,1,69",158,17
"26,1,61",158,17
"29,1,55",158,17
"35,1,43",158,17
"69,1,7;0,15,18,1,324,1,0",158,17
"0,1,245",157,18
"2,1,220",157,18
"16,1,93",157,18
"19,1,81",157,18
"20,1,80",157,18
"24,1,69",157,18
"25,1,68",157,18
"26,1,60",157,18
"29,1,54",157,18
"34,1,43",157,18
"35,1,42",157,18
"0,1,244",156,19
"3,1,187",156,19
"11,1,119",156,19
"19,1,80",156,19
"20,1,79",156,19
"24,1,68",156,19
"25,1,67",156,19
"33,1,43",156,19
"34,1,42",156,19
"56,1,14",156,19
"23,1,69;9,1,32,1,9",156,19
"3,1,186",155,20
"6,1,144",155,20
"10,1,119",155,20
"19,1,79",155,20
"20,1,78;22,1,69",155,20
"22,1,69;23,1,68",155,20
"24,1,67",155,20
"25,1,66",155,20
"27,1,58",155,20
"23,1,68;29,1,53",155,20
"31,1,45",155,20
"29,1,53;32,1,43",155,20
"33,1,42",155,20
"40,1,36",155,20
"32,1,43;42,1,27",155,20
"55,1,14",155,20
"42,1,27;8,1,9,1,13,1,9",155,20
"1,1,798,1,0",155,20
"3,1,185",154,21
"4,1,165",154,21
"12,1,115",154,21
"15,1,101",154,21
"7,1,143;15,1,100",154,21
"17,1,92;20,1,77",154,21
"19,1,78;22,1,68",154,21
"22,1,68;23,1,67",154,21
"24,1,66",154,21
"23,1,67;29,1,52",154,21
"31,1,44",154,21
"29,1,52;32,1,42",154,21
"15,1,100;39,1,36",154,21
"32,1,42;9,1,13,1,34",154,21
"20,1,77;42,1,26",154,21
"39,1,36;53,1,18",154,21
"42,1,26;63,1,9",154,21
"53,1,18;0,1,8,1,613,1,0",154,21
"9,1,13,1,34;63,1,9;0,5,763,1,0",154,21
"1,1,236",153,22
"16,1,92;19,1,77",153,22
"19,1,77;22,1,67",153,22
"22,1,67;23,1,66",153,22
"30,1,49",153,22
"23,1,66;40,1,35",153,22
"29,1,51;40,1,35;68,1,7",153,22
"68,1,7;0,1,7,1,627,1,0",153,22
"40,1,35;17,1,20,1,9;0,5,762,1,0",153,22
"13,1,112;22,1,66",152,23
"22,1,66;29,1,50",152,23
"29,1,50;39,1,35",152,23
"39,1,35;8,1,40,1,9",152,23
"67,1,7;0,4,780,1,0",152,23
"13,1,111;17,1,91",151,24
"17,1,91;20,1,76",151,24
"20,1,76;40,1,34",151,24
"40,1,34;8,1,39,1,9",151,24
"2,1,219",150,25
"0,1,243;6,1,143",150,25
"8,1,135;16,1,91",150,25
"9,1,121;17,1,90",150,25
"17,1,90;19,1,76",150,25
"16,1,91;31,1,43",150,25
"19,1,76;39,1,34",150,25
"53,1,17",150,25
"62,1,10",150,25
"6,1,143;31,1,43;39,1,34;64,1,8",150,25
"31,1,43;39,1,34;64,1,8;1,1,797,1,0",150,25
"64,1,8;1,1,797,1,0;0,1,812,1,0",150,25
"8,1,134;16,1,90",149,26
"16,1,90;31,1,42",149,26
"58,1,12",149,26
"87,1,3",149,26
"66,1,7;0,1,810,1,0;0,2,797,1,0",149,26
"63,1,8",147,28
"26,1,59",146,29
"21,1,70",145,30
"30,1,48",145,30
"41,1,28",145,30
"7,1,142",143,32
"7,1,141",142,33
"2,1,218",139,36
"6,1,142",139,36
"15,1,99",139,36
"30,1,47",139,36
"47,1,20",139,36
"2,1,217;6,1,141",138,37
"6,1,141;15,1,98",138,37
"15,1,98;30,1,46",138,37
"30,1,46;47,1,19",138,37
"47,1,19;1,1,58,1,11",138,37
"1,1,58,1,11;65,1,7",138,37
"65,1,7;227,1,1",138,37
"0,1,242;1,1,217,1,1",137,38
"1,1,251",169,7
"11,1,123",169,7
"94,1,3",169,7
"1,1,250",168,8
"2,1,235",168,8
"7,1,152",168,8
"10,1,123",168,8
"13,1,118",168,8
"18,1,89",168,8
"93,1,3",168,8
"92,1,3",168,8
"2,1,234",167,9
"1,1,3,1,184",167,9
"4,1,177",167,9
"1,1,7,1,140",167,9
"9,1,128",167,9
"13,1,117",167,9
"38,1,41",167,9
"91,1,3",167,9
"69,1,9;235,1,1;13,2,324,1,0",167,9
"18,1,88;1,1,819,1,0",167,9
"0,1,260",166,10
"1,1,249;2,1,233",166,10
"9,1,127",166,10
"17,1,97",166,10
"7,2,88",166,10
"28,1,65",166,10
"37,1,41",166,10
"38,1,40",166,10
"2,1,233;3,1,197;846,1,0",166,10
"2,1,232",165,11
"2,1,231",165,11
"8,1,140",165,11
"11,1,122",165,11
"13,1,116",165,11
"16,1,97",165,11
"1,2,233;37,1,40",165,11
"3,1,196;7,1,68,1,163,1,0",165,11
"3,1,195;37,1,40;7,1,68,1,163,1,0;1,1,7,1,633,1,0",165,11
"0,1,259",164,12
"2,1,230",164,12
"4,1,176",164,12
"4,1,175",164,12
"6,1,152",164,12
"7,1,151",164,12
"10,1,122",164,12
"18,1,87",164,12
"28,1,64",164,12
"36,1,41",164,12
"57,1,16",164,12
"1,1,7,1,632,1,0",164,12
"28,1,63",163,13
"57,1,15",163,13
"61,1,12",163,13
"80,1,5",163,13
"90,1,3",163,13
"89,1,3",163,13
"114,1,2",163,13
"2,1,229;234,1,1",163,13
"18,1,86;845,1,0",163,13
"3,1,193;36,1,40;1,1,3,1,719,1,0",163,13
"1,1,248",162,14
"4,1,174",162,14
"7,1,150",162,14
"29,1,58",162,14
"64,1,10",162,14
"79,1,5",162,14
"80,1,4",162,14
"8,1,139;18,1,502,1,0",162,14
"3,1,192;0,2,817,1,0",162,14
"0,1,258",161,15
"1,1,247",161,15
"2,1,228",161,15
"14,1,110",161,15
"79,1,4",161,15
"113,1,2",161,15
"2,1,227",160,16
"5,1,158",160,16
"6,1,151",160,16
"7,1,149",160,16
"1,1,8,1,132",160,16
"15,1,104",160,16
"28,1,62",160,16
"72,1,6",160,16
"112,1,2",160,16
"0,1,257;69,1,8;0,2,814,1,0",160,16
"69,1,8;0,3,39,1,324,1,0",160,16
"0,1,255",159,17
"1,1,246",159,17
"2,1,226",159,17
"0,1,256;3,1,191",159,17
"3,1,191;9,1,126",159,17
"15,1,103",159,17
"26,1,69",159,17
"63,1,10",159,17
"9,1,126;1,1,41,1,69,1,1",159,17
"27,1,65;0,3,18,1,475,1,0",159,17
"1,1,245",158,18
"3,1,190",158,18
"6,1,150",158,18
"9,1,125;13,1,115",158,18
"21,1,75",158,18
"26,1,68",158,18
"13,1,115;233,1,1",158,18
"0,1,254;837,1,0",158,18
"66,1,9;837,1,0;835,1,0",158,18
"1,1,244",157,19
"4,1,173",157,19
"4,1,172",157,19
"5,1,157",157,19
"8,1,138;9,1,124",157,19
"12,1,120",157,19
"9,1,124;20,1,84",157,19
"21,1,74",157,19
"26,1,67",157,19
"27,1,64",157,19
"28,1,61",157,19
"41,1,33",157,19
"43,1,28",157,19
"20,1,84;232,1,1",157,19
"3,1,189",156,20
"6,1,149",156,20
"17,1,96;19,1,84",156,20
"26,1,66",156,20
"14,1,109;27,1,63",156,20
"27,1,63;28,1,60",156,20
"38,1,39",156,20
"54,1,18",156,20
"60,1,12",156,20
"59,1,12",156,20
"28,1,60;70,1,7",156,20
"88,1,3",156,20
"19,1,84;70,1,7;8,1,160,1,1",156,20
"70,1,7;1,1,42,1,64,1,1",156,20
"14,1,108",155,21
"8,1,137;16,1,96",155,21
"30,1,57",155,21
"37,1,39",155,21
"38,1,38",155,21
"68,1,8",155,21
"30,1,56",154,22
"37,1,38",154,22
"56,1,16",154,22
"4,1,171;67,1,8",154,22
"67,1,8;0,2,8,1,613,1,0",154,22
"4,1,170",153,23
"7,1,148",153,23
"12,1,119",153,23
"21,1,73",153,23
"21,1,72",153,23
"25,1,70",153,23
"30,1,55",153,23
"36,1,39",153,23
"55,1,16",153,23
"56,1,15",153,23
"78,1,5",153,23
"27,1,62;0,6,762,1,0",153,23
"7,1,147",152,24
"11,1,121",152,24
"24,1,70",152,24
"30,1,54",152,24
"36,1,38",152,24
"41,1,32",152,24
"44,1,25",152,24
"54,1,17",152,24
"55,1,15",152,24
"1,1,61,1,11",152,24
"77,1,5",152,24
"78,1,4",152,24
"42,1,28;8,2,9,1,261,1,0",152,24
"1,1,243",151,25
"5,1,156",151,25
"10,1,121",151,25
"14,1,107",151,25
"38,1,37",151,25
"66,1,8",151,25
"77,1,4",151,25
"111,1,2",151,25
"23,1,70;8,3,280,1,0",151,25
"7,1,146;0,6,760,1,0",151,25
"4,1,169;7,1,145",150,26
"7,1,145;27,1,61",150,26
"30,1,53",150,26
"37,1,37",150,26
"44,1,24",150,26
"27,1,61;48,1,20",150,26
"71,1,6",150,26
"110,1,2",150,26
"22,1,70;8,3,279,1,0",150,26
"48,1,20;0,2,811,1,0;0,6,64,1,209,1,0",150,26
"2,1,225",149,27
"6,1,148",149,27
"15,1,102",149,27
"18,1,85",149,27
"5,1,155;27,1,60",149,27
"30,1,52",149,27
"27,1,60;48,1,19",149,27
"48,1,19;1,1,224,1,1",149,27
"0,1,253",148,28
"2,1,224",148,28
"6,1,147",148,28
"30,1,51",148,28
"36,1,37",148,28
"2,1,223",147,29
"6,1,146",147,29
"30,1,50",147,29
"65,1,9",147,29
"0,1,252",146,30
"2,1,222",146,30
"6,1,145",146,30
"14,1,106;28,1,59",145,31
"28,1,59;1,1,59,1,11",145,31
"21,1,71",144,32
"41,1,31",144,32
"41,1,30",143,33
"58,1,13",143,33
"41,1,29",142,34
"44,1,23",142,34
"3,1,188",141,35
"44,1,22",141,35
"65,1,8",140,36
"1,1,242;5,1,154",138,38
"5,1,154;14,1,105",138,38
"14,1,105;27,1,59",138,38
"27,1,59;44,1,21",138,38
"44,1,21;62,1,11",138,38
"18,1,95;69,1,10;0,1,849,1,0",172,5
"69,1,10;0,1,3,2,18,1,324,1,0",172,5
"96,1,3",170,7
"3,1,205;240,1,1",170,7
"0,1,264;0,1,3,1,750,1,0",170,7
"11,1,128",169,8
"10,1,128",168,9
"11,1,127",168,9
"1,1,260",167,10
"2,1,241",167,10
"4,1,184",167,10
"7,1,153",167,10
"10,1,127",167,10
"18,1,94",167,10
"68,1,10",167,10
"86,1,5",167,10
"95,1,3",167,10
"0,1,263;1,2,241",166,11
"1,2,241;5,1,164",166,11
"12,1,123",166,11
"25,1,75",166,11
"29,1,65",166,11
"38,1,45",166,11
"67,1,10",166,11
"76,1,6",166,11
"85,1,5",166,11
"84,1,5",166,11
"86,1,4",166,11
"18,1,93;0,1,846,1,0",166,11
"5,1,164;1,1,42,1,69,1,1;0,1,18,1,504,1,0",166,11
"1,1,259",165,12
"2,1,240",165,12
"3,1,204",165,12
"24,1,75",165,12
"25,1,74",165,12
"37,1,45",165,12
"38,1,44;13,2,33",165,12
"75,1,6",165,12
"74,1,6",165,12
"83,1,5",165,12
"82,1,5",165,12
"85,1,4",165,12
"84,1,4",165,12
"115,1,2",165,12
"70,1,9;860,1,0",165,12
"13,2,33;0,1,7,1,68,1,163,1,0",165,12
"3,1,203",164,13
"23,1,75",164,13
"24,1,74",164,13
"29,1,64",164,13
"35,1,49",164,13
"37,1,44",164,13
"1,2,240;4,1,183;42,1,33",164,13
"43,1,32",164,13
"73,1,6",164,13
"81,1,5",164,13
"83,1,4",164,13
"82,1,4",164,13
"4,1,183;1,1,826,1,0",164,13
"4,1,182;6,1,153",163,14
"20,1,89",163,14
"22,1,75",163,14
"6,1,153;23,1,74",163,14
"29,1,63",163,14
"34,1,49",163,14
"36,1,45",163,14
"66,1,10",163,14
"81,1,4",163,14
"2,1,239;3,1,76,1,190,1,0;1,1,3,1,732,1,0;0,1,845,1,0",163,14
"23,1,74;0,2,826,1,0",163,14
"1,1,258",162,15
"0,1,262;2,1,238",162,15
"2,1,238;9,1,132",162,15
"12,1,122",162,15
"18,1,92",162,15
"19,1,89",162,15
"20,1,88",162,15
"22,1,74",162,15
"33,1,49",162,15
"36,1,44",162,15
"9,1,132;0,3,3,1,719,1,0",162,15
"1,1,257",161,16
"4,1,181",161,16
"11,1,126",161,16
"2,1,237;13,1,120",161,16
"19,1,88",161,16
"25,1,73",161,16
"25,1,72",161,16
"32,1,49",161,16
"38,1,43",161,16
"46,1,25",161,16
"3,1,202;13,1,120;3,1,76,1,189,1,0",161,16
"13,1,120;3,1,76,1,189,1,0;1,1,825,1,0",161,16
"1,1,256;4,1,180",160,17
"4,1,180;5,1,163",160,17
"1,1,255;1,2,237;9,1,131",160,17
"10,1,126",160,17
"11,1,125",160,17
"24,1,73",160,17
"24,1,72",160,17
"29,1,62",160,17
"37,1,43",160,17
"38,1,42",160,17
"40,1,41",160,17
"45,1,25",160,17
"9,1,131;8,2,479,1,0",160,17
"10,1,125",159,18
"11,1,124",159,18
"14,1,114",159,18
"5,1,162;14,1,113",159,18
"1,1,254;18,1,91",159,18
"20,1,87",159,18
"23,1,72",159,18
"37,1,42",159,18
"39,1,41",159,18
"40,1,40",159,18
"18,1,91;23,1,73;42,1,32",159,18
"42,1,32;46,1,24",159,18
"46,1,24;8,1,9,1,101,1,1",159,18
"23,1,73;8,1,9,1,101,1,1;42,1,333,1,0",159,18
"14,1,113;1,1,18,1,494,1,0",159,18
"8,1,144;9,1,130",158,19
"10,1,124",158,19
"17,1,101",158,19
"9,1,130;17,1,100",158,19
"19,1,87",158,19
"17,1,100;20,1,86",158,19
"21,1,83",158,19
"20,1,86;22,1,73",158,19
"22,1,72",158,19
"28,1,69",158,19
"36,1,43",158,19
"39,1,40",158,19
"18,1,90;22,1,73;45,1,24",158,19
"57,1,18;70,1,8",158,19
"45,1,24;23,1,113,1,1",158,19
"22,1,73;23,1,113,1,1;0,1,835,1,0",158,19
"70,1,8;0,1,835,1,0;0,1,3,2,648,1,0",158,19
"16,1,101",157,20
"13,1,119;16,1,100",157,20
"16,1,100;19,1,86",157,20
"21,1,82",157,20
"28,1,68",157,20
"19,1,86;29,1,61",157,20
"30,1,58",157,20
"36,1,42",157,20
"61,1,13",157,20
"29,1,61;8,1,162,1,1;8,1,17,1,333,1,0",157,20
"21,1,81",156,21
"28,1,67",156,21
"31,1,49",156,21
"35,1,48",156,21
"43,1,31",156,21
"29,1,60;8,2,113,1,1",156,21
"2,1,236",155,22
"21,1,80",155,22
"28,1,66",155,22
"34,1,48",155,22
"43,1,30",155,22
"0,1,261",154,23
"21,1,79",154,23
"26,1,70",154,23
"33,1,48",154,23
"43,1,29",154,23
"57,1,17",154,23
"58,1,14",154,23
"21,1,78",153,24
"41,1,36",153,24
"32,1,48;8,5,13,1,1;9,1,13,2,212,1,0",153,24
"21,1,77",152,25
"25,1,71",152,25
"65,1,10",152,25
"3,1,201",151,26
"24,1,71",151,26
"27,1,69",151,26
"41,1,35",151,26
"42,1,31;46,1,23",151,26
"72,1,7;237,1,1",151,26
"46,1,23;8,3,17,2,1;8,2,9,1,267,1,0",151,26
"3,1,200",150,27
"27,1,68",150,27
"35,1,47",150,27
"23,1,71;42,1,30",150,27
"42,1,30;45,1,23",150,27
"45,1,23;46,1,22",150,27
"52,1,20",150,27
"46,1,22;60,1,13",150,27
"59,1,13",150,27
"60,1,13;8,3,16,1,17,1,1;8,3,9,1,188,1,0",150,27
"1,1,253",149,28
"3,1,199",149,28
"4,1,179",149,28
"5,1,161",149,28
"12,1,121",149,28
"14,1,112",149,28
"21,1,76",149,28
"27,1,67",149,28
"34,1,47",149,28
"35,1,46",149,28
"22,1,71;40,1,39",149,28
"41,1,34",149,28
"44,1,27",149,28
"40,1,39;45,1,22",149,28
"42,1,29;51,1,20",149,28
"52,1,19",149,28
"45,1,22;17,2,13",149,28
"51,1,20;8,4,31,1,1",149,28
"17,2,13;8,4,31,1,1;8,4,201,1,0",149,28
"3,1,198",148,29
"4,1,178",148,29
"5,1,160",148,29
"14,1,111",148,29
"27,1,66",148,29
"33,1,47",148,29
"34,1,46",148,29
"31,1,48;39,1,39",148,29
"39,1,39;40,1,38",148,29
"44,1,26",148,29
"51,1,19;56,1,18",148,29
"56,1,18;8,1,9,1,13,1,11",148,29
"8,1,9,1,13,1,11;8,1,161,1,1",148,29
"40,1,38;8,1,161,1,1;8,1,9,1,435,1,0",148,29
"1,1,252",147,30
"5,1,159",147,30
"33,1,46",147,30
"32,1,47;46,1,21",147,30
"46,1,21;55,1,18",147,30
"39,1,38;8,1,31,1,13",147,30
"55,1,18;63,1,11",147,30
"63,1,11;16,1,17,1,50,1,1",147,30
"8,1,31,1,13;16,1,17,1,50,1,1;8,2,471,1,0",147,30
"32,1,46;45,1,21",146,31
"45,1,21;8,2,111,1,1",146,31
"29,1,59;8,2,110,1,1",145,32
"20,1,85;40,1,37",144,33
"40,1,37;56,1,17",144,33
"56,1,17;8,1,39,1,11",144,33
"9,1,129;17,1,99",143,34
"17,1,99;19,1,85",143,34
"19,1,85;39,1,37",143,34
"39,1,37;50,1,20",143,34
"50,1,20;55,1,17",143,34
"8,1,142;16,1,99",142,35
"16,1,99;17,1,98",142,35
"17,1,98;31,1,47",142,35
"31,1,47;49,1,20",142,35
"49,1,20;50,1,19",142,35
"8,1,141;16,1,98",141,36
"16,1,98;31,1,46",141,36
"31,1,46;49,1,19",141,36
"49,1,19;71,1,7",141,36
"71,1,7;236,1,1",141,36
"18,1,97;1,1,850,1,0",174,4
"1,1,264",171,7
"2,1,251",171,7
"99,1,3",171,7
"0,2,3,1,751,1,0",171,7
"2,1,250",170,8
"13,1,123",170,8
"70,1,10",170,8
"3,1,216;18,1,525,1,0",170,8
"3,1,215;43,1,76,1,1;18,1,524,1,0",169,9
"2,2,215",168,10
"2,1,249;3,1,214",168,10
"61,1,14",168,10
"3,1,214;43,1,74,1,1;18,1,523,1,0",168,10
"0,1,275;18,1,523,1,0;1,1,847,1,0",168,10
"5,1,168;0,2,848,1,0",168,10
"0,1,274",167,11
"1,1,3,1,197",167,11
"5,1,167",167,11
"8,1,152;9,1,136",167,11
"9,1,136;20,1,95",167,11
"26,1,75",167,11
"20,1,95;3,1,209,1,1",167,11
"3,1,213",166,12
"12,1,128",166,12
"7,1,158;13,1,122",166,12
"13,1,122;25,1,83",166,12
"25,1,83;26,1,74",166,12
"26,1,74;35,1,57",166,12
"19,1,95;8,1,20,1,69,1,1",166,12
"35,1,57;0,2,846,1,0",166,12
"12,1,127",165,13
"14,1,118",165,13
"24,1,83",165,13
"1,1,3,1,194;25,1,82",165,13
"34,1,57",165,13
"35,1,56",165,13
"98,1,3",165,13
"25,1,82;2,1,18,1,80;2,1,816,1,0",165,13
"2,1,18,1,80;43,1,36;2,1,816,1,0;0,1,861,1,0",165,13
"0,1,273",164,14
"2,1,248",164,14
"11,1,132",164,14
"14,1,117",164,14
"17,1,104",164,14
"23,1,83",164,14
"24,1,82",164,14
"25,1,81",164,14
"33,1,57",164,14
"34,1,56",164,14
"35,1,55",164,14
"18,1,96;868,1,0",164,14
"3,1,211;0,1,859,1,0;0,1,858,1,0;0,1,43,1,333,1,0;0,2,8,1,17,1,324,1,0",164,14
"0,1,272",163,15
"2,1,247",163,15
"1,1,262;3,1,208",163,15
"7,1,157",163,15
"3,1,209;8,1,151",163,15
"10,1,132",163,15
"15,1,110",163,15
"17,1,103",163,15
"22,1,83",163,15
"23,1,82",163,15
"24,1,81",163,15
"25,1,80",163,15
"32,1,57",163,15
"33,1,56",163,15
"34,1,55",163,15
"3,1,208;35,1,54",163,15
"16,1,104;35,1,54;1,1,843,1,0;1,1,842,1,0",163,15
"35,1,54;1,1,843,1,0;1,1,842,1,0;0,2,845,1,0",163,15
"43,1,35;2,1,814,1,0;1,1,843,1,0;1,1,842,1,0;0,2,8,1,16,1,324,1,0",163,15
"0,1,271",162,16
"14,1,116",162,16
"16,1,103",162,16
"20,1,94",162,16
"22,1,82",162,16
"23,1,81",162,16
"11,1,131;24,1,80",162,16
"25,1,79",162,16
"26,1,73",162,16
"26,1,72",162,16
"32,1,56",162,16
"33,1,55",162,16
"34,1,54",162,16
"24,1,80;2,1,226,1,1",162,16
"6,1,158;0,2,18,1,502,1,0",162,16
"0,1,270",161,17
"8,1,150",161,17
"2,1,246;10,1,131",161,17
"19,1,94",161,17
"20,1,93",161,17
"22,1,81",161,17
"10,1,131;23,1,80",161,17
"24,1,79",161,17
"25,1,78",161,17
"30,1,65",161,17
"32,1,55",161,17
"33,1,54",161,17
"35,1,53",161,17
"43,1,34",161,17
"60,1,14",161,17
"59,1,14",161,17
"23,1,80;0,2,841,1,0",161,17
"2,1,245",160,18
"5,1,166",160,18
"11,1,130",160,18
"19,1,93",160,18
"22,1,80",160,18
"23,1,79;24,1,78",160,18
"25,1,77",160,18
"24,1,78;32,1,54",160,18
"34,1,53",160,18
"35,1,52",160,18
"42,1,36",160,18
"32,1,54;13,1,33,1,9",160,18
"69,1,11;44,1,324,1,0",160,18
"0,1,269",159,19
"2,1,244",159,19
"6,1,157",159,19
"8,1,149",159,19
"10,1,130",159,19
"22,1,79",159,19
"24,1,77",159,19
"30,1,64",159,19
"33,1,53",159,19
"34,1,52",159,19
"35,1,51",159,19
"40,1,45",159,19
"23,1,78;13,1,32,1,9",159,19
"0,1,268",158,20
"3,1,207",158,20
"12,1,126",158,20
"15,1,109",158,20
"22,1,78;29,1,69",158,20
"30,1,63",158,20
"31,1,57",158,20
"29,1,69;32,1,53",158,20
"33,1,52",158,20
"23,1,77;32,1,53;34,1,51",158,20
"35,1,50",158,20
"39,1,45",158,20
"40,1,44",158,20
"32,1,53;42,1,35",158,20
"42,1,35;46,1,27",158,20
"46,1,27;8,1,13,2,9",158,20
"34,1,51;0,2,837,1,0",158,20
"0,1,266",157,21
"0,1,267;4,1,187",157,21
"4,1,187;12,1,125",157,21
"7,1,156;15,1,108",157,21
"20,1,92;22,1,77",157,21
"25,1,76",157,21
"22,1,77;29,1,68",157,21
"12,1,125;31,1,56",157,21
"29,1,68;32,1,52",157,21
"33,1,51",157,21
"31,1,56;39,1,44",157,21
"32,1,52;13,2,34",157,21
"13,2,34;45,1,27",157,21
"45,1,27;46,1,26",157,21
"46,1,26;8,1,42,1,9",157,21
"76,1,7",157,21
"39,1,44;1,1,79,1,209,1,0",157,21
"15,1,108;1,1,79,1,209,1,0;0,1,8,1,17,1,333,1,0",157,21
"34,1,50;0,2,64,1,235,1,0",157,21
"3,1,206",156,22
"4,1,186",156,22
"12,1,124",156,22
"1,1,16,1,96",156,22
"24,1,76",156,22
"19,1,92;29,1,67",156,22
"31,1,55",156,22
"33,1,50",156,22
"29,1,67;45,1,26",156,22
"45,1,26;16,1,23,1,9",156,22
"32,1,51;16,1,23,1,9;75,1,7",156,22
"75,1,7;74,1,7",156,22
"42,1,34;16,1,23,1,9;1,1,834,1,0",156,22
"74,1,7;0,1,7,1,655,1,0",156,22
"1,1,261",155,23
"4,1,185",155,23
"5,1,165",155,23
"7,1,155",155,23
"14,1,115",155,23
"21,1,84",155,23
"23,1,76;29,1,66",155,23
"30,1,62",155,23
"31,1,54",155,23
"29,1,66;32,1,50",155,23
"68,1,11",155,23
"32,1,50;8,2,17,1,9",155,23
"73,1,7",155,23
"0,1,265",154,24
"20,1,91;22,1,76",154,24
"22,1,76;40,1,43",154,24
"47,1,25",154,24
"40,1,43;8,2,16,1,9",154,24
"67,1,11;0,1,856,1,0",154,24
"2,1,243;6,1,156",153,25
"9,1,135;13,1,121",153,25
"13,1,121;17,1,102",153,25
"17,1,102;19,1,91",153,25
"19,1,91;20,1,90",153,25
"26,1,71",153,25
"28,1,70",153,25
"20,1,90;31,1,53",153,25
"31,1,53;39,1,43",153,25
"39,1,43;40,1,42",153,25
"40,1,42;8,1,16,1,34",153,25
"6,1,156;72,1,8",153,25
"72,1,8;1,1,8,1,627,1,0",153,25
"15,1,107;1,1,8,1,627,1,0;0,1,855,1,0",153,25
"8,1,148;9,1,134",152,26
"9,1,134;16,1,102",152,26
"16,1,102;19,1,90",152,26
"19,1,90;31,1,52",152,26
"31,1,52;39,1,42",152,26
"53,1,20",152,26
"58,1,16",152,26
"30,1,61;47,1,24;0,1,853,1,0",152,26
"47,1,24;0,1,853,1,0;0,2,8,1,627,1,0",152,26
"6,1,155",151,27
"30,1,60",151,27
"8,1,147;31,1,51",151,27
"53,1,19",151,27
"58,1,15",151,27
"66,1,11",151,27
"87,1,5",151,27
"8,1,146;31,1,50",150,28
"62,1,12",150,28
"31,1,50;71,1,9",150,28
"87,1,4",150,28
"97,1,3",150,28
"9,1,133;71,1,9;1,2,224,1,1;8,1,642,1,0",150,28
"15,1,106",147,31
"27,1,70",146,32
"44,1,28",146,32
"11,1,129",145,33
"7,1,154",144,34
"10,1,129",144,34
"47,1,23",144,34
"71,1,8;0,1,8,1,637,1,0",143,35
"47,1,22;0,1,8,1,637,1,0;0,2,17,1,516,1,0",143,35
"2,1,242",140,38
"6,1,154",140,38
"15,1,105",140,38
"30,1,59",140,38
"47,1,21",140,38
"65,1,11",140,38
"0,1,279",173,6
"7,1,164",172,7
"94,1,5",171,8
"0,1,278;885,1,0",171,8
"13,1,128",170,9
"1,1,43,1,33",170,9
"93,1,5",170,9
"92,1,5",170,9
"94,1,4",170,9
"2,1,260",169,10
"11,1,136",169,10
"13,1,127",169,10
"20,1,97",169,10
"91,1,5",169,10
"93,1,4",169,10
"92,1,4",169,10
"1,1,275;3,1,213,1,1;1,1,239,1,1",169,10
"1,1,274",168,11
"5,1,177",168,11
"6,1,164",168,11
"9,1,140",168,11
"10,1,136",168,11
"19,1,97",168,11
"35,1,58",168,11
"91,1,4",168,11
"2,1,259",167,12
"4,1,197",167,12
"26,1,83",167,12
"34,1,58",167,12
"38,1,49",167,12
"4,1,196",166,13
"4,1,195",166,13
"7,1,163",166,13
"18,1,101",166,13
"26,1,82",166,13
"28,1,75",166,13
"33,1,58",166,13
"37,1,49",166,13
"61,1,16",166,13
"101,1,3",166,13
"18,1,100;8,1,659,1,0",166,13
"8,1,153;0,1,869,1,0",166,13
"3,1,221;4,1,194",165,14
"5,1,176",165,14
"5,1,175",165,14
"7,1,162",165,14
"26,1,81",165,14
"4,1,194;28,1,74",165,14
"32,1,58",165,14
"28,1,74;1,1,42,1,33",165,14
"48,1,25",165,14
"61,1,15",165,14
"72,1,10",165,14
"90,1,5",165,14
"89,1,5",165,14
"1,1,273;249,1,1",165,14
"9,1,139;8,1,18,1,333,1,0",165,14
"1,1,42,1,33;1,2,826,1,0",165,14
"74,1,9;882,1,0;8,1,18,1,333,1,0;1,2,826,1,0;0,2,861,1,0",165,14
"1,1,272",164,15
"2,1,258",164,15
"4,1,193",164,15
"26,1,80",164,15
"36,1,49",164,15
"80,1,6",164,15
"90,1,4",164,15
"89,1,4",164,15
"118,1,2",164,15
"73,1,9;92,1,209,1,0;0,2,859,1,0",164,15
"1,1,271",163,16
"4,1,192",163,16
"5,1,174",163,16
"2,1,257;25,1,84;26,1,79",163,16
"48,1,24",163,16
"79,1,6",163,16
"25,1,84;13,1,151,1,1",163,16
"26,1,79;0,1,2,1,814,1,0",163,16
"2,1,256",162,17
"6,1,163",162,17
"13,1,126",162,17
"26,1,78",162,17
"64,1,12",162,17
"24,1,84;13,1,150,1,1",162,17
"1,1,270;5,1,187,1,1",162,17
"2,1,255;1,2,825,1,0",162,17
"0,1,277",161,18
"3,1,220",161,18
"1,1,5,1,163",161,18
"6,1,162",161,18
"12,1,132",161,18
"15,1,114",161,18
"15,1,113",161,18
"21,1,89",161,18
"13,1,125;23,1,84",161,18
"26,1,77",161,18
"28,1,73",161,18
"28,1,72",161,18
"23,1,84;248,1,1",161,18
"2,1,254;0,1,3,1,763,1,0",161,18
"1,1,269",160,19
"4,1,191",160,19
"9,1,138;13,1,124",160,19
"21,1,88",160,19
"13,1,124;22,1,84",160,19
"31,1,58",160,19
"22,1,84;8,1,167,1,1",160,19
"1,1,268",159,20
"4,1,190",159,20
"12,1,131",159,20
"27,1,75",159,20
"38,1,48",159,20
"60,1,16",159,20
"59,1,16",159,20
"63,1,12",159,20
"100,1,3",159,20
"20,1,96;8,1,166,1,1",159,20
"76,1,8;2,1,822,1,0",159,20
"1,1,267;5,1,173",158,21
"1,1,266;5,1,173;5,1,172",158,21
"5,1,173;14,1,120",158,21
"9,1,137;19,1,96",158,21
"26,1,76",158,21
"14,1,120;27,1,74",158,21
"37,1,48",158,21
"41,1,41",158,21
"27,1,74;44,1,33",158,21
"60,1,15",158,21
"59,1,15",158,21
"75,1,8",158,21
"74,1,8",158,21
"88,1,5",158,21
"5,1,172;19,1,96;247,1,1;246,1,1",158,21
"44,1,33;70,1,11;1,1,857,1,0",158,21
"19,1,96;247,1,1;0,3,837,1,0",158,21
"4,1,189;12,1,130",157,22
"21,1,87",157,22
"41,1,40",157,22
"12,1,130;73,1,8",157,22
"88,1,4",157,22
"73,1,8;0,2,8,1,17,1,333,1,0",157,22
"21,1,86",156,23
"36,1,48",156,23
"1,1,265;5,1,171",155,24
"7,1,161",155,24
"11,1,135",155,24
"48,1,23",155,24
"71,1,10",155,24
"46,1,28;8,2,13,1,261,1,0",155,24
"5,1,171;1,1,856,1,0",155,24
"3,1,219",154,25
"5,1,170",154,25
"7,1,160",154,25
"10,1,135",154,25
"11,1,134",154,25
"14,1,119",154,25
"27,1,73",154,25
"27,1,72",154,25
"48,1,22",154,25
"54,1,20",154,25
"78,1,6",154,25
"117,1,2",154,25
"45,1,28;8,3,294,1,0",154,25
"10,1,134",153,26
"30,1,69",153,26
"38,1,47",153,26
"44,1,32",153,26
"54,1,19",153,26
"77,1,6",153,26
"116,1,2",153,26
"29,1,70;8,4,209,1,0",153,26
"7,1,159;0,2,855,1,0",153,26
"11,1,133",152,27
"28,1,71",152,27
"30,1,68",152,27
"37,1,47",152,27
"38,1,46",152,27
"2,1,253",151,28
"6,1,161",151,28
"10,1,133",151,28
"15,1,112",151,28
"18,1,99",151,28
"30,1,67",151,28
"37,1,46",151,28
"47,1,27",151,28
"5,1,169;48,1,21",151,28
"48,1,21;1,1,64,1,11",151,28
"6,1,160",150,29
"15,1,111",150,29
"18,1,98",150,29
"30,1,66",150,29
"36,1,47",150,29
"47,1,26",150,29
"2,1,252",149,30
"6,1,159",149,30
"36,1,46",149,30
"0,1,276",148,31
"41,1,39",147,32
"41,1,38",146,33
"58,1,18",146,33
"27,1,71",145,34
"44,1,31",145,34
"44,1,30",144,35
"62,1,13",144,35
"3,1,218",143,36
"44,1,29",143,36
"3,1,217;4,1,188",142,37
"4,1,188;12,1,129",142,37
"12,1,129;21,1,85",142,37
"21,1,85;41,1,37",142,37
"41,1,37;58,1,17",142,37
"58,1,17;1,1,236,1,1",142,37
"1,1,279",174,6
"7,1,168",174,6
"2,1,264",173,7
"7,1,167",173,7
"3,2,168;2,1,18,1,506,1,0",173,7
"0,1,287",172,8
"3,1,235",172,8
"96,1,5",172,8
"122,1,2",172,8
"1,1,278;18,1,104;48,1,69,1,1",172,8
"18,1,104;888,1,0",172,8
"35,1,65;1,2,18,1,506,1,0",172,8
"69,1,12;0,2,8,1,18,1,324,1,0",172,8
"4,1,205",171,9
"3,1,234;18,1,103",171,9
"34,1,65",171,9
"76,1,10",171,9
"96,1,4",171,9
"121,1,2",171,9
"18,1,103;7,1,695,1,0",171,9
"0,1,286;0,1,885,1,0",171,9
"0,1,284",170,10
"6,1,168",170,10
"11,1,140",170,10
"33,1,65",170,10
"35,1,64",170,10
"43,1,41",170,10
"75,1,10",170,10
"74,1,10",170,10
"120,1,2",170,10
"0,1,285;1,1,7,1,676,1,0",170,10
"0,1,283",169,11
"2,1,263",169,11
"6,1,167",169,11
"10,1,140",169,11
"25,1,89",169,11
"32,1,65",169,11
"34,1,64",169,11
"35,1,63",169,11
"38,1,57",169,11
"73,1,10",169,11
"95,1,5",169,11
"107,1,3",169,11
"3,1,232;0,2,7,1,676,1,0",169,11
"3,1,230",168,12
"1,2,263;5,1,184",168,12
"24,1,89",168,12
"25,1,88",168,12
"33,1,64",168,12
"34,1,63",168,12
"37,1,57",168,12
"38,1,56",168,12
"86,1,6",168,12
"95,1,4",168,12
"106,1,3",168,12
"105,1,3",168,12
"3,1,229",167,13
"11,1,139",167,13
"14,1,123",167,13
"15,1,118",167,13
"17,1,110",167,13
"23,1,89",167,13
"24,1,88",167,13
"32,1,64",167,13
"33,1,63",167,13
"37,1,56",167,13
"38,1,55",167,13
"46,1,33",167,13
"68,1,12",167,13
"85,1,6",167,13
"84,1,6",167,13
"104,1,3",167,13
"103,1,3",167,13
"0,1,282;0,1,883,1,0",167,13
"4,1,204;12,1,136",166,14
"15,1,117",166,14
"16,1,110",166,14
"22,1,89",166,14
"23,1,88",166,14
"28,1,83",166,14
"29,1,75",166,14
"32,1,63",166,14
"35,1,62",166,14
"36,1,57",166,14
"37,1,55",166,14
"38,1,54",166,14
"12,1,136;45,1,33",166,14
"67,1,12",166,14
"83,1,6",166,14
"82,1,6",166,14
"7,1,166;3,1,787,1,0",166,14
"10,1,139;45,1,33;0,1,8,1,659,1,0",166,14
"45,1,33;0,2,869,1,0",166,14
"3,1,228",165,15
"4,1,203",165,15
"13,1,132",165,15
"21,1,95",165,15
"22,1,88",165,15
"25,1,87",165,15
"5,1,183;28,1,82",165,15
"29,1,74",165,15
"34,1,62",165,15
"36,1,56",165,15
"37,1,54",165,15
"42,1,41",165,15
"28,1,82;13,2,40",165,15
"52,1,25",165,15
"81,1,6",165,15
"119,1,2",165,15
"13,2,40;1,1,868,1,0",165,15
"8,1,158;0,1,8,1,18,1,333,1,0",165,15
"3,1,227",164,16
"5,1,182",164,16
"15,1,116",164,16
"24,1,87",164,16
"25,1,86",164,16
"26,1,84",164,16
"28,1,81",164,16
"31,1,65",164,16
"33,1,62",164,16
"36,1,55",164,16
"38,1,53",164,16
"42,1,40",164,16
"51,1,25",164,16
"0,1,281",163,17
"3,1,226",163,17
"14,1,122",163,17
"23,1,87",163,17
"24,1,86",163,17
"28,1,80",163,17
"32,1,62",163,17
"35,1,61",163,17
"37,1,53",163,17
"38,1,52",163,17
"52,1,24",163,17
"66,1,12",163,17
"36,1,54;1,1,3,1,764,1,0",163,17
"1,1,277;4,1,202",162,18
"5,1,181",162,18
"6,1,166",162,18
"11,1,138",162,18
"8,1,157;17,1,109",162,18
"22,1,87",162,18
"28,1,79",162,18
"31,1,64",162,18
"34,1,61",162,18
"35,1,60",162,18
"37,1,52",162,18
"38,1,51",162,18
"17,1,109;23,1,86;46,1,32",162,18
"4,1,202;48,1,27",162,18
"46,1,32;51,1,24",162,18
"51,1,24;8,1,13,1,101,1,1",162,18
"48,1,27;7,1,692,1,0",162,18
"23,1,86;8,1,13,1,101,1,1;7,1,692,1,0;0,2,3,1,764,1,0",162,18
"7,1,165",161,19
"10,1,138",161,19
"9,1,144;13,1,130",161,19
"13,1,130;17,1,108",161,19
"16,1,109;18,1,102",161,19
"20,1,101",161,19
"17,1,108;20,1,100",161,19
"20,1,100;22,1,86",161,19
"28,1,78",161,19
"22,1,86;29,1,73",161,19
"29,1,72",161,19
"31,1,63",161,19
"33,1,61",161,19
"34,1,60",161,19
"36,1,53",161,19
"37,1,51",161,19
"38,1,50",161,19
"18,1,102;29,1,73;45,1,32",161,19
"45,1,32;8,1,173,1,1",161,19
"5,1,180;29,1,73;8,1,173,1,1;1,1,865,1,0;1,1,44,1,324,1,0",161,19
"29,1,73;8,1,173,1,1;1,1,865,1,0;1,1,44,1,324,1,0;1,2,838,1,0",161,19
"48,1,26;1,1,865,1,0;1,1,44,1,324,1,0;1,2,838,1,0;0,2,3,1,763,1,0",161,19
"11,1,137",160,20
"19,1,101",160,20
"16,1,108;19,1,100",160,20
"21,1,94",160,20
"28,1,77",160,20
"19,1,100;32,1,61",160,20
"33,1,60",160,20
"36,1,52",160,20
"37,1,50",160,20
"40,1,49",160,20
"61,1,18",160,20
"32,1,61;8,1,17,1,80,1,1;0,1,879,1,0;0,5,825,1,0",160,20
"10,1,137",159,21
"21,1,93",159,21
"27,1,83",159,21
"39,1,49",159,21
"43,1,39",159,21
"32,1,60;8,2,118,1,1",159,21
"36,1,51;0,4,838,1,0",159,21
"27,1,82",158,22
"31,1,62",158,22
"43,1,38",158,22
"50,1,25",158,22
"36,1,50;0,4,837,1,0",158,22
"2,1,261",157,23
"6,1,165",157,23
"15,1,115",157,23
"27,1,81",157,23
"41,1,45",157,23
"49,1,25",157,23
"28,1,76;0,1,64,1,250,1,0",157,23
"0,1,280",156,24
"8,1,156;9,1,143",156,24
"27,1,80",156,24
"41,1,44",156,24
"57,1,20",156,24
"61,1,17",156,24
"50,1,24;17,1,138,1,1",156,24
"64,1,13;17,1,138,1,1;8,1,667,1,0",156,24
"9,1,143;16,1,107;0,1,875,1,0",156,24
"16,1,107;17,1,138,1,1;0,1,875,1,0;0,1,874,1,0",156,24
"21,1,92",155,25
"27,1,79",155,25
"52,1,23",155,25
"57,1,19",155,25
"62,1,14",155,25
"49,1,24;80,1,7",155,25
"80,1,7;16,1,138,1,1",155,25
"31,1,61;16,1,138,1,1;0,1,8,1,655,1,0",155,25
"27,1,78",154,26
"8,1,155;31,1,60",154,26
"43,1,37",154,26
"44,1,36",154,26
"42,1,39;46,1,31",154,26
"46,1,31;51,1,23",154,26
"52,1,22",154,26
"31,1,60;79,1,7",154,26
"79,1,7;16,1,137,1,1",154,26
"51,1,23;8,3,17,1,20,1,1;8,2,13,1,267,1,0",154,26
"3,1,225",153,27
"27,1,77",153,27
"42,1,38;45,1,31",153,27
"45,1,31;46,1,30",153,27
"46,1,30;51,1,22",153,27
"59,1,18",153,27
"51,1,22;63,1,13",153,27
"60,1,18;8,4,40,1,1",153,27
"63,1,13;8,4,40,1,1;8,3,13,1,188,1,0",153,27
"3,1,224",152,28
"4,1,201",152,28
"12,1,135",152,28
"21,1,91",152,28
"29,1,71;40,1,48",152,28
"41,1,43",152,28
"44,1,35",152,28
"40,1,48;45,1,30",152,28
"65,1,12",152,28
"102,1,3",152,28
"46,1,29;8,4,39,1,1",152,28
"45,1,30;8,4,39,1,1;8,4,212,1,0",152,28
"3,1,223",151,29
"4,1,200",151,29
"12,1,134",151,29
"17,1,106",151,29
"21,1,90",151,29
"35,1,59",151,29
"41,1,42",151,29
"52,1,21",151,29
"45,1,29;8,1,171,1,1",151,29
"39,1,48;8,1,171,1,1;8,1,13,1,435,1,0",151,29
"3,1,222",150,30
"4,1,199",150,30
"5,1,179;14,1,121",150,30
"16,1,106",150,30
"25,1,85",150,30
"14,1,121;27,1,76",150,30
"34,1,59",150,30
"27,1,76;44,1,34",150,30
"51,1,21;8,1,42,1,11",150,30
"8,1,42,1,11;8,1,17,1,78,1,1",150,30
"44,1,34;1,1,862,1,0",150,30
"1,1,276",149,31
"4,1,198",149,31
"5,1,178",149,31
"12,1,133",149,31
"24,1,85",149,31
"33,1,59",149,31
"42,1,37;60,1,17",149,31
"59,1,17",149,31
"60,1,17;8,2,117,1,1",149,31
"30,1,70",148,32
"23,1,85;32,1,59",148,32
"47,1,28",148,32
"32,1,59;8,2,116,1,1",148,32
"50,1,23;8,2,116,1,1;8,3,64,2,0;0,1,59,1,260,1,0",148,32
"22,1,85;8,2,16,1,11",147,33
"49,1,23;8,2,16,1,11;8,1,665,1,0",147,33
"50,1,22;8,2,16,1,11;8,1,665,1,0;0,1,17,2,260,1,0",147,33
"13,1,129;20,1,99",146,34
"20,1,99;40,1,47",146,34
"40,1,47;56,1,20",146,34
"56,1,20;8,1,31,1,17",146,34
"49,1,22;8,1,31,1,17;8,1,664,1,0;0,1,16,1,17,1,260,1,0",146,34
"9,1,142;19,1,99",145,35
"19,1,99;20,1,98",145,35
"20,1,98;39,1,47",145,35
"39,1,47;40,1,46",145,35
"40,1,46;55,1,20",145,35
"55,1,20;56,1,19",145,35
"56,1,19;78,1,7",145,35
"78,1,7;253,1,1",145,35
"9,1,141;17,1,105",144,36
"17,1,105;19,1,98",144,36
"19,1,98;39,1,46",144,36
"39,1,46;50,1,21",144,36
"50,1,21;55,1,19",144,36
"55,1,19;77,1,7",144,36
"77,1,7;252,1,1",144,36
"8,1,154;16,1,105",143,37
"16,1,105;31,1,59",143,37
"31,1,59;49,1,21",143,37
"49,1,21;71,1,11",143,37
"0,1,298",175,6
"1,1,287",173,8
"25,1,95",173,8
"99,1,5",173,8
"1,1,286",172,9
"99,1,4",172,9
"109,1,3",172,9
"24,1,95;2,1,43,1,33;7,1,190,1,1",172,9
"2,1,43,1,33;3,2,191,1,1",172,9
"1,1,285",171,10
"1,1,284",171,10
"2,1,275",171,10
"3,1,241",171,10
"4,1,216",171,10
"7,1,176",171,10
"7,1,175",171,10
"8,1,164",171,10
"38,1,58",171,10
"23,1,95;1,1,251,1,1",171,10
"4,1,215",170,11
"6,1,177",170,11
"0,1,297;2,1,274;9,1,152",170,11
"9,1,152;13,1,136",170,11
"13,1,136;22,1,95",170,11
"26,1,89",170,11
"2,1,274;37,1,58",170,11
"70,1,12",170,11
"108,1,3",170,11
"37,1,58;1,1,3,1,213,1,1",170,11
"22,1,95;1,2,239,1,1",170,11
"1,1,283;0,5,18,1,506,1,0",170,11
"4,1,214",169,12
"26,1,88",169,12
"43,1,45",169,12
"7,1,174;7,1,188,1,1",169,12
"3,1,240;7,1,188,1,1;3,2,189,1,1;1,1,884,1,0;0,3,7,1,676,1,0",169,12
"25,1,94",168,13
"36,1,58;43,1,44",168,13
"43,1,44;3,2,188,1,1",168,13
"2,1,273;3,1,239",167,14
"4,1,213",167,14
"4,1,212",167,14
"6,1,176",167,14
"6,1,175",167,14
"12,1,140",167,14
"14,1,128",167,14
"20,1,104",167,14
"21,1,97",167,14
"24,1,94",167,14
"25,1,93",167,14
"53,1,25",167,14
"64,1,14",167,14
"98,1,5",167,14
"124,1,2",167,14
"3,1,239;76,1,239,1,0",167,14
"0,1,295",166,15
"2,1,272",166,15
"3,1,238",166,15
"0,1,296;9,1,151",166,15
"14,1,127",166,15
"20,1,103",166,15
"23,1,94;24,1,93",166,15
"26,1,87",166,15
"29,1,83",166,15
"98,1,4",166,15
"24,1,93;9,1,13,1,95,1,1",166,15
"9,1,151;1,1,249,1,1",166,15
"19,1,104;0,2,8,1,659,1,0",166,15
"69,1,13;1,1,249,1,1;0,2,8,1,19,1,324,1,0",166,15
"0,3,869,1,0",166,15
"2,1,271",165,16
"4,1,211;4,1,210",165,16
"3,1,237;4,1,210;8,1,163",165,16
"8,1,163;17,1,114",165,16
"6,1,174;17,1,113",165,16
"19,1,103",165,16
"22,1,94",165,16
"26,1,86",165,16
"29,1,82",165,16
"53,1,24",165,16
"17,1,114;50,1,69,1,1",165,16
"23,1,93;13,2,83,1,1",165,16
"4,1,210;17,1,113;0,2,882,1,0",165,16
"17,1,113;0,2,8,1,18,1,333,1,0",165,16
"0,1,294",164,17
"2,1,270",164,17
"1,1,281;4,1,209",164,17
"4,1,208",164,17
"7,1,173",164,17
"4,1,209;7,1,172",164,17
"7,1,172;8,1,162",164,17
"9,1,150",164,17
"12,1,139",164,17
"8,1,162;16,1,114",164,17
"16,1,113",164,17
"22,1,93",164,17
"29,1,81",164,17
"35,1,69",164,17
"42,1,45",164,17
"43,1,43",164,17
"63,1,14",164,17
"16,1,114;49,1,69,1,1",164,17
"11,1,144",163,18
"25,1,92",163,18
"0,1,293;28,1,84",163,18
"29,1,80",163,18
"34,1,69",163,18
"35,1,68",163,18
"42,1,44",163,18
"43,1,42",163,18
"46,1,36",163,18
"28,1,84;1,1,5,1,187,1,1",163,18
"0,1,292",162,19
"2,1,269",162,19
"9,1,149",162,19
"10,1,144",162,19
"24,1,92",162,19
"29,1,79",162,19
"33,1,69",162,19
"34,1,68",162,19
"35,1,67",162,19
"40,1,57",162,19
"45,1,36",162,19
"52,1,27",162,19
"0,1,291",161,20
"2,1,268",161,20
"23,1,92;29,1,78",161,20
"30,1,75",161,20
"29,1,78;32,1,69",161,20
"33,1,68",161,20
"34,1,67",161,20
"35,1,66",161,20
"39,1,57",161,20
"40,1,56",161,20
"32,1,69;46,1,35",161,20
"46,1,35;51,1,27",161,20
"52,1,26",161,20
"7,1,171;68,1,13",161,20
"51,1,27;9,1,13,2,9",161,20
"68,1,13;0,2,880,1,0",161,20
"0,1,290",160,21
"2,1,267",160,21
"2,1,266",160,21
"6,1,172",160,21
"6,1,173;7,1,170",160,21
"15,1,120",160,21
"25,1,91",160,21
"22,1,92;29,1,77",160,21
"7,1,170;30,1,74",160,21
"29,1,77;32,1,68",160,21
"33,1,67",160,21
"34,1,66",160,21
"39,1,56",160,21
"40,1,55",160,21
"32,1,68;13,2,43",160,21
"13,2,43;45,1,35",160,21
"30,1,74;47,1,33",160,21
"45,1,35;51,1,26",160,21
"67,1,13",160,21
"51,1,26;8,1,46,1,9",160,21
"47,1,33;0,2,879,1,0;0,6,825,1,0",160,21
"3,1,236",159,22
"4,1,207",159,22
"12,1,138",159,22
"0,1,289;14,1,126",159,22
"24,1,91",159,22
"25,1,90",159,22
"33,1,66",159,22
"39,1,55",159,22
"40,1,54",159,22
"32,1,67;42,1,43",159,22
"42,1,43;46,1,34",159,22
"48,1,28",159,22
"46,1,34;8,1,45,1,9",159,22
"1,1,70,1,11;86,1,7",159,22
"14,1,126;1,1,246,1,1",159,22
"76,1,11;86,1,7;1,1,877,1,0",159,22
"86,1,7;0,5,838,1,0",159,22
"5,1,187",158,23
"11,1,143",158,23
"14,1,125",158,23
"24,1,90",158,23
"23,1,91;32,1,66",158,23
"39,1,54",158,23
"32,1,66;45,1,34",158,23
"75,1,11",158,23
"74,1,11",158,23
"45,1,34;8,2,20,1,9",158,23
"85,1,7",158,23
"84,1,7",158,23
"42,1,42;8,2,20,1,9;0,5,837,1,0",158,23
"1,1,280",157,24
"2,1,265",157,24
"4,1,206",157,24
"5,1,186",157,24
"6,1,171",157,24
"10,1,143",157,24
"12,1,137",157,24
"14,1,124",157,24
"21,1,96",157,24
"22,1,91;23,1,90",157,24
"23,1,90;29,1,76",157,24
"29,1,76;40,1,53",157,24
"53,1,23",157,24
"66,1,13",157,24
"7,1,169;73,1,11",157,24
"40,1,53;8,2,19,1,9",157,24
"80,1,8",157,24
"83,1,7",157,24
"82,1,7",157,24
"73,1,11;0,1,887,1,0",157,24
"13,1,135;20,1,102",156,25
"20,1,102;22,1,90",156,25
"5,1,185;27,1,84",156,25
"15,1,119;30,1,73",156,25
"30,1,72",156,25
"22,1,90;31,1,69",156,25
"31,1,69;39,1,53",156,25
"39,1,53;40,1,52",156,25
"40,1,52;8,1,19,1,34",156,25
"6,1,170;53,1,22",156,25
"27,1,84;53,1,22;81,1,7",156,25
"53,1,22;81,1,7;1,1,244,1,1",156,25
"81,1,7;1,1,244,1,1;1,2,856,1,0",156,25
"30,1,73;79,1,8;0,2,875,1,0",156,25
"79,1,8;1,2,856,1,0;0,2,874,1,0",156,25
"9,1,148;13,1,134",155,26
"13,1,134;17,1,112",155,26
"17,1,112;19,1,102",155,26
"19,1,102;31,1,68",155,26
"31,1,68;39,1,52",155,26
"39,1,52;40,1,51",155,26
"40,1,51;8,1,16,1,42",155,26
"47,1,32",155,26
"8,1,16,1,42;50,1,27",155,26
"8,1,161;9,1,147",154,27
"9,1,147;16,1,112",154,27
"16,1,112;17,1,111",154,27
"17,1,111;31,1,67",154,27
"31,1,67;39,1,51",154,27
"39,1,51;40,1,50",154,27
"40,1,50;49,1,27",154,27
"49,1,27;50,1,26",154,27
"50,1,26;78,1,9",154,27
"6,1,169",153,28
"8,1,160;16,1,111",153,28
"16,1,111;31,1,66",153,28
"9,1,146;39,1,50",153,28
"31,1,66;49,1,26",153,28
"53,1,21",153,28
"62,1,16",153,28
"39,1,50;77,1,9",153,28
"13,1,133;77,1,9;9,1,642,1,0",153,28
"49,1,26;77,1,9;1,1,5,1,64,1,187,1,0",153,28
"62,1,15",152,29
"8,1,159;9,1,145;1,2,64,1,11",152,29
"87,1,6",152,29
"97,1,5",152,29
"123,1,2",152,29
"26,1,85",151,30
"97,1,4",151,30
"11,1,142",147,34
"30,1,71",147,34
"47,1,31",147,34
"78,1,8",147,34
"10,1,142",146,35
"11,1,141",146,35
"47,1,30",146,35
"65,1,13",146,35
"77,1,8;0,2,16,1,17,1,260,1,0",146,35
"10,1,141",145,36
"47,1,29",145,36
"0,1,288",142,39
"69,1,14;11,1,18,1,324,1,0",177,5
"1,1,298",176,6
"2,1,279",176,6
"132,1,2",176,6
"3,1,251",175,7
"18,1,110",175,7
"25,1,97",175,7
"38,1,65",175,7
"131,1,2",175,7
"7,1,184",174,8
"24,1,97",174,8
"26,1,95",174,8
"37,1,65",174,8
"130,1,2",174,8
"2,1,278;53,1,69,1,1;0,1,894,1,0",174,8
"3,2,184",173,9
"23,1,97",173,9
"38,1,64",173,9
"129,1,2",173,9
"128,1,2",173,9
"0,1,303;1,1,48,1,69,1,1;9,1,660,1,0",173,9
"8,1,168;9,1,660,1,0;1,1,888,1,0",173,9
"8,1,167",172,10
"11,1,152",172,10
"22,1,97",172,10
"36,1,65",172,10
"37,1,64",172,10
"38,1,63",172,10
"68,1,14",172,10
"94,1,6",172,10
"0,2,7,1,698,1,0",172,10
"7,1,183",171,11
"10,1,152",171,11
"13,1,140",171,11
"17,1,118",171,11
"37,1,63",171,11
"1,1,297;48,1,33",171,11
"67,1,14",171,11
"93,1,6",171,11
"92,1,6",171,11
"6,1,184",170,12
"7,1,182",170,12
"16,1,118",170,12
"17,1,117",170,12
"36,1,64",170,12
"91,1,6",170,12
"18,1,109;8,1,696,1,0",170,12
"1,1,5,1,184",169,13
"15,1,123",169,13
"16,1,117",169,13
"26,1,94",169,13
"28,1,89",169,13
"9,1,153;36,1,63",169,13
"38,1,62",169,13
"54,1,25",169,13
"80,1,10",169,13
"18,1,108;36,1,63;8,1,18,1,367,1,0",169,13
"36,1,63;0,4,7,1,676,1,0",169,13
"3,1,248",168,14
"5,1,197",168,14
"7,1,181",168,14
"11,1,151",168,14
"17,1,116",168,14
"26,1,93",168,14
"28,1,88",168,14
"37,1,62",168,14
"66,1,14",168,14
"79,1,10",168,14
"101,1,5",168,14
"114,1,3",168,14
"86,1,9;911,1,0",168,14
"13,1,139;3,1,815,1,0",168,14
"1,1,295",167,15
"3,1,247",167,15
"5,1,196",167,15
"5,1,195",167,15
"6,1,183",167,15
"7,1,180",167,15
"10,1,151",167,15
"16,1,116",167,15
"54,1,24",167,15
"101,1,4",167,15
"127,1,2",167,15
"126,1,2",167,15
"84,1,9;910,1,0",167,15
"4,1,221",166,16
"5,1,194",166,16
"6,1,182",166,16
"11,1,150",166,16
"36,1,62",166,16
"38,1,61",166,16
"48,1,32",166,16
"90,1,6",166,16
"89,1,6",166,16
"113,1,3",166,16
"82,1,9;909,1,0",166,16
"1,1,294",165,17
"3,1,246",165,17
"5,1,193",165,17
"8,1,166",165,17
"10,1,150",165,17
"15,1,122",165,17
"25,1,96",165,17
"28,1,87",165,17
"37,1,61",165,17
"38,1,60",165,17
"64,1,16",165,17
"72,1,12",165,17
"112,1,3",165,17
"18,1,107;907,1,0",165,17
"81,1,9;908,1,0;906,1,0",165,17
"2,1,277",164,18
"3,1,245",164,18
"1,1,293;5,1,192",164,18
"6,1,181",164,18
"11,1,149",164,18
"24,1,96",164,18
"26,1,92",164,18
"28,1,86",164,18
"37,1,60",164,18
"40,1,58",164,18
"53,1,27",164,18
"64,1,15",164,18
"70,1,13",164,18
"1,1,292",163,19
"3,1,244",163,19
"6,1,180",163,19
"10,1,149",163,19
"13,1,138;23,1,96",163,19
"23,1,96;29,1,84",163,19
"36,1,61",163,19
"39,1,58",163,19
"53,1,26",163,19
"29,1,84;9,1,167,1,1",163,19
"0,1,302",162,20
"1,1,291",162,20
"4,1,220",162,20
"14,1,132",162,20
"27,1,89",162,20
"36,1,60",162,20
"63,1,16",162,20
"22,1,96;8,1,180,1,1",162,20
"1,1,290",161,21
"5,1,191",161,21
"13,1,137;17,1,115",161,21
"17,1,115;8,2,96",161,21
"26,1,91",161,21
"27,1,88",161,21
"30,1,83",161,21
"63,1,15",161,21
"86,1,8",161,21
"100,1,5",161,21
"8,2,96;259,1,1",161,21
"1,1,289;5,1,190",160,22
"12,1,144",160,22
"14,1,131",160,22
"8,1,165;16,1,115",160,22
"26,1,90",160,22
"30,1,82",160,22
"85,1,8",160,22
"84,1,8",160,22
"100,1,4",160,22
"16,1,115;258,1,1",160,22
"18,1,106",159,23
"21,1,101",159,23
"21,1,100",159,23
"30,1,81",159,23
"35,1,70",159,23
"44,1,41",159,23
"52,1,28",159,23
"54,1,23",159,23
"78,1,10",159,23
"83,1,8",159,23
"82,1,8",159,23
"88,1,6",159,23
"125,1,2",159,23
"5,1,189",158,24
"14,1,130",158,24
"27,1,87",158,24
"30,1,80",158,24
"34,1,70",158,24
"41,1,49",158,24
"44,1,40",158,24
"48,1,31",158,24
"54,1,22",158,24
"77,1,10",158,24
"81,1,8",158,24
"51,1,28;8,1,9,1,13,1,261,1,0",158,24
"3,1,243",157,25
"11,1,148",157,25
"27,1,86",157,25
"30,1,79",157,25
"33,1,70",157,25
"48,1,30",157,25
"65,1,14",157,25
"7,1,179",156,26
"10,1,148",156,26
"11,1,147",156,26
"30,1,78",156,26
"47,1,36",156,26
"48,1,29",156,26
"111,1,3",156,26
"32,1,70;8,3,9,1,209,1,0",156,26
"4,1,219",155,27
"7,1,178",155,27
"10,1,147",155,27
"11,1,146",155,27
"12,1,143",155,27
"30,1,77",155,27
"54,1,21",155,27
"71,1,12",155,27
"110,1,3",155,27
"10,1,146",154,28
"11,1,145",154,28
"38,1,59",154,28
"47,1,35",154,28
"1,1,72,1,11",154,28
"10,1,145",153,29
"37,1,59",153,29
"6,1,179",152,30
"15,1,121",152,30
"18,1,105",152,30
"30,1,76",152,30
"47,1,34",152,30
"50,1,28;8,2,517,1,0",152,30
"2,1,276",151,31
"6,1,178",151,31
"36,1,59",151,31
"31,1,70;49,1,28",151,31
"49,1,28;8,1,689,1,0",151,31
"0,1,301;0,1,889,1,0",151,31
"0,1,300",150,32
"28,1,85",150,32
"41,1,48",150,32
"0,1,299",149,33
"44,1,39",148,34
"44,1,38",147,35
"62,1,18",147,35
"3,1,242;4,1,218",144,38
"4,1,218;12,1,142",144,38
"12,1,142;21,1,99",144,38
"21,1,99;41,1,47",144,38
"41,1,47;58,1,20",144,38
"58,1,20;1,1,71,1,11",144,38
"1,1,288;4,1,217",143,39
"4,1,217;5,1,188",143,39
"5,1,188;12,1,141",143,39
"12,1,141;14,1,129",143,39
"14,1,129;21,1,98",143,39
"21,1,98;27,1,85",143,39
"27,1,85;41,1,46",143,39
"41,1,46;44,1,37",143,39
"44,1,37;58,1,19",143,39
"58,1,19;62,1,17",143,39
"62,1,17;87,1,7",143,39
"87,1,7;256,1,1",143,39
"26,1,97",176,7
"2,1,287",175,8
"70,1,14",175,8
"69,1,16;272,1,1;3,1,230,1,1;0,2,9,1,18,1,324,1,0",175,8
"69,1,15;12,1,18,1,324,1,0",174,9
"2,1,286;271,1,1;2,1,885,1,0",174,9
"2,1,284;3,1,260",173,10
"4,1,235",173,10
"8,1,177",173,10
"28,1,95",173,10
"86,1,10",173,10
"96,1,6",173,10
"134,1,2",173,10
"2,1,285;3,2,197,1,1;2,1,251,1,1",173,10
"18,1,113;3,2,197,1,1;2,1,251,1,1;925,1,0",173,10
"18,1,114;0,7,850,1,0",173,10
"2,1,283",172,11
"4,1,234",172,11
"5,1,205",172,11
"35,1,75",172,11
"85,1,10",172,11
"84,1,10",172,11
"133,1,2",172,11
"0,1,310",171,12
"4,1,233",171,12
"11,1,153",171,12
"34,1,75",171,12
"35,1,74",171,12
"52,1,33",171,12
"57,1,25",171,12
"76,1,12",171,12
"83,1,10",171,12
"82,1,10",171,12
"107,1,5",171,12
"3,1,259;2,1,884,1,0;0,1,43,1,397,1,0;0,1,43,1,396,1,0",171,12
"2,1,884,1,0;0,1,3,1,818,1,0",171,12
"0,1,309",170,13
"2,1,282",170,13
"4,1,232",170,13
"4,1,231",170,13
"8,1,176",170,13
"8,1,175",170,13
"10,1,153",170,13
"20,1,110",170,13
"33,1,75",170,13
"34,1,74",170,13
"43,1,49",170,13
"51,1,33",170,13
"68,1,16",170,13
"75,1,12",170,13
"74,1,12",170,13
"81,1,10",170,13
"95,1,6",170,13
"106,1,5",170,13
"105,1,5",170,13
"107,1,4",170,13
"115,1,3",170,13
"1,2,884,1,0",170,13
"1,2,282",169,14
"4,1,230;12,1,152",169,14
"15,1,128",169,14
"19,1,110",169,14
"29,1,89",169,14
"32,1,75",169,14
"33,1,74",169,14
"12,1,152;57,1,24",169,14
"57,1,24;67,1,16",169,14
"68,1,15",169,14
"73,1,12",169,14
"104,1,5",169,14
"103,1,5",169,14
"106,1,4",169,14
"105,1,4",169,14
"0,1,308;67,1,16;0,1,3,1,817,1,0",169,14
"67,1,16;0,5,7,1,676,1,0",169,14
"0,1,307",168,15
"3,1,258",168,15
"4,1,229",168,15
"15,1,127",168,15
"28,1,94",168,15
"29,1,88",168,15
"32,1,74",168,15
"40,1,65",168,15
"46,1,41",168,15
"67,1,15",168,15
"104,1,4",168,15
"103,1,4",168,15
"8,1,174;9,1,158;8,1,188,1,1",168,15
"9,1,158;0,1,3,1,815,1,0",168,15
"3,1,257",167,16
"5,1,204",167,16
"14,1,136",167,16
"25,1,101",167,16
"25,1,100",167,16
"28,1,93",167,16
"35,1,73",167,16
"35,1,72",167,16
"38,1,69",167,16
"39,1,65",167,16
"45,1,41",167,16
"46,1,40",167,16
"48,1,36",167,16
"2,1,281",166,17
"3,1,256",166,17
"3,1,255",166,17
"4,1,228",166,17
"5,1,203",166,17
"24,1,101",166,17
"24,1,100",166,17
"26,1,96",166,17
"27,1,95",166,17
"34,1,73",166,17
"34,1,72",166,17
"37,1,69",166,17
"38,1,68",166,17
"40,1,64",166,17
"45,1,40",166,17
"52,1,32",166,17
"54,1,27",166,17
"66,1,16",166,17
"0,1,306",165,18
"4,1,227",165,18
"12,1,151",165,18
"9,1,157;20,1,109",165,18
"21,1,104",165,18
"23,1,101",165,18
"29,1,87",165,18
"33,1,73",165,18
"33,1,72",165,18
"37,1,68",165,18
"38,1,67",165,18
"39,1,64",165,18
"40,1,63",165,18
"42,1,49",165,18
"20,1,109;48,1,35",165,18
"23,1,100;48,1,35;51,1,32",165,18
"54,1,26",165,18
"66,1,15",165,18
"51,1,32;9,1,13,1,101,1,1",165,18
"3,1,254;48,1,35;0,1,908,1,0",165,18
"48,1,35;0,1,906,1,0",165,18
"7,1,187",164,19
"4,1,226;17,1,120",164,19
"17,1,120;19,1,109",164,19
"13,1,144;20,1,108",164,19
"21,1,103",164,19
"22,1,101",164,19
"20,1,108;22,1,100",164,19
"22,1,100;29,1,86",164,19
"31,1,75",164,19
"29,1,86;32,1,73",164,19
"32,1,72",164,19
"36,1,69",164,19
"37,1,67",164,19
"38,1,66",164,19
"39,1,63",164,19
"50,1,33",164,19
"19,1,109;32,1,73;8,1,186,1,1",164,19
"32,1,73;8,1,186,1,1;7,1,729,1,0",164,19
"1,1,302;5,1,202",163,20
"7,1,186",163,20
"8,1,173",163,20
"12,1,150",163,20
"16,1,120",163,20
"18,1,112",163,20
"28,1,92",163,20
"31,1,74",163,20
"36,1,68",163,20
"37,1,66",163,20
"5,1,202;48,1,34",163,20
"49,1,33",163,20
"94,1,7",163,20
"19,1,108;8,1,20,1,80,1,1",163,20
"48,1,34;64,1,269,1,0",163,20
"7,1,185",162,21
"18,1,111",162,21
"36,1,67",162,21
"40,1,62",162,21
"43,1,48",162,21
"93,1,7",162,21
"92,1,7",162,21
"12,1,149",161,22
"15,1,126",161,22
"27,1,94",161,22
"36,1,66",161,22
"39,1,62",161,22
"53,1,28",161,22
"56,1,25",161,22
"57,1,23",161,22
"91,1,7",161,22
"6,1,187",160,23
"15,1,125",160,23
"8,1,171;17,1,119",160,23
"17,1,119;20,1,107",160,23
"27,1,93",160,23
"28,1,91",160,23
"41,1,57",160,23
"55,1,25",160,23
"57,1,22",160,23
"0,1,305",159,24
"2,1,280",159,24
"6,1,186",159,24
"9,1,156;13,1,143",159,24
"15,1,124",159,24
"16,1,119;19,1,107",159,24
"28,1,90",159,24
"19,1,107;31,1,73",159,24
"31,1,72",159,24
"31,1,73;40,1,61",159,24
"41,1,56",159,24
"8,1,170;50,1,32",159,24
"50,1,32;56,1,24",159,24
"40,1,61;64,1,18",159,24
"56,1,24;17,1,147,1,1",159,24
"72,1,13;17,1,147,1,1;8,1,704,1,0",159,24
"13,1,143;64,1,18;0,1,903,1,0",159,24
"64,1,18;17,1,147,1,1;0,1,903,1,0;0,1,901,1,0",159,24
"6,1,185",158,25
"30,1,84",158,25
"35,1,71",158,25
"41,1,55",158,25
"44,1,45",158,25
"40,1,60;49,1,32",158,25
"52,1,31",158,25
"49,1,32;55,1,24",158,25
"61,1,20",158,25
"55,1,24;8,1,185,1,1",158,25
"39,1,61;8,1,185,1,1;0,1,8,1,690,1,0",158,25
"34,1,71",157,26
"9,1,155;39,1,60",157,26
"41,1,54",157,26
"44,1,44",157,26
"42,1,48;46,1,39",157,26
"46,1,39;51,1,31",157,26
"52,1,30",157,26
"57,1,21",157,26
"0,1,304;61,1,19",157,26
"39,1,60;80,1,11",157,26
"80,1,11;89,1,7",157,26
"61,1,19;89,1,7;8,1,184,1,1",157,26
"89,1,7;8,1,184,1,1;1,2,244,1,1",157,26
"51,1,31;8,3,16,1,23,1,1;8,1,9,1,13,1,267,1,0",157,26
"90,1,7;8,1,184,1,1;1,2,244,1,1;0,15,743,1,0",157,26
"27,1,92",156,27
"33,1,71",156,27
"43,1,47",156,27
"45,1,39;46,1,38",156,27
"46,1,38;51,1,30",156,27
"52,1,29",156,27
"8,1,169;79,1,11",156,27
"63,1,18;8,5,17,1,1",156,27
"51,1,30;8,5,17,1,1;8,2,9,1,13,1,188,1,0",156,27
"3,1,253",155,28
"41,1,53",155,28
"43,1,46",155,28
"32,1,71;45,1,38",155,28
"65,1,16",155,28
"51,1,29;8,5,16,1,1",155,28
"45,1,38;8,5,16,1,1;8,3,9,1,212,1,0",155,28
"4,1,225",154,29
"12,1,148",154,29
"20,1,106",154,29
"21,1,102",154,29
"41,1,52",154,29
"65,1,15",154,29
"102,1,5",154,29
"3,1,252",153,30
"4,1,224",153,30
"5,1,201",153,30
"12,1,147",153,30
"14,1,135",153,30
"19,1,106",153,30
"27,1,91",153,30
"41,1,51",153,30
"44,1,43",153,30
"102,1,4",153,30
"1,1,301",152,31
"4,1,223",152,31
"5,1,200",152,31
"12,1,146",152,31
"14,1,134",152,31
"25,1,99",152,31
"27,1,90",152,31
"41,1,50",152,31
"44,1,42",152,31
"46,1,37;63,1,17",152,31
"87,1,9",152,31
"63,1,17;8,2,16,1,50,1,1",152,31
"1,1,300",151,32
"4,1,222",151,32
"5,1,199",151,32
"12,1,145",151,32
"24,1,99",151,32
"25,1,98",151,32
"42,1,47;45,1,37",151,32
"50,1,31;56,1,23",151,32
"45,1,37;60,1,20",151,32
"59,1,20",151,32
"60,1,20;8,3,71,1,1",151,32
"56,1,23;8,3,71,1,1;8,3,64,1,72,1,0",151,32
"1,1,299;5,1,198",150,33
"5,1,198;14,1,133",150,33
"24,1,98",150,33
"23,1,99;29,1,85",150,33
"14,1,133;29,1,85;42,1,46",150,33
"31,1,71;49,1,31",150,33
"49,1,31;55,1,23",150,33
"50,1,30;56,1,22",150,33
"29,1,85;60,1,19",150,33
"42,1,46;60,1,19;59,1,19",150,33
"60,1,19;8,2,19,1,11",150,33
"59,1,19;8,2,19,1,11;88,1,7",150,33
"88,1,7;265,1,1",150,33
"55,1,23;8,2,19,1,11;8,1,17,1,404,1,0",150,33
"56,1,22;8,2,19,1,11;8,1,17,1,404,1,0;0,1,17,2,278,1,0",150,33
"22,1,99;23,1,98",149,34
"49,1,30;55,1,22",149,34
"23,1,98;17,2,19",149,34
"17,2,19;8,1,39,1,17",149,34
"55,1,22;71,1,13",149,34
"8,1,39,1,17;71,1,13;8,2,529,1,0;0,1,8,1,17,1,380,1,0",149,34
"50,1,29;71,1,13;8,2,529,1,0;0,1,8,1,17,1,380,1,0;0,5,862,1,0",149,34
"13,1,142;22,1,98",148,35
"22,1,98;49,1,29",148,35
"49,1,29;8,1,183,1,1",148,35
"13,1,141;20,1,105",147,36
"20,1,105;40,1,59",147,36
"40,1,59;56,1,21",147,36
"56,1,21;78,1,11",147,36
"78,1,11;8,1,182,1,1",147,36
"9,1,154;19,1,105",146,37
"19,1,105;39,1,59",146,37
"39,1,59;55,1,21",146,37
"55,1,21;77,1,11",146,37
"87,1,8",145,38
"18,1,118;2,2,850,1,0",179,5
"2,1,298;57,1,69,1,1",178,6
"18,1,117;2,2,849,1,0",178,6
"18,1,116",176,8
"28,1,97",175,9
"9,1,164",174,10
"99,1,6",174,10
"109,1,5",174,10
"7,1,197;0,3,894,1,0",174,10
"0,1,319;2,1,297",173,11
"3,1,263",173,11
"3,2,197",173,11
"7,1,196",173,11
"7,1,195",173,11
"8,1,184",173,11
"13,1,152",173,11
"17,1,123",173,11
"25,1,104",173,11
"29,1,95",173,11
"2,1,297;53,1,33",173,11
"70,1,16",173,11
"109,1,4",173,11
"53,1,33;7,1,746,1,0",173,11
"0,1,318",172,12
"1,1,310;4,1,241",172,12
"5,1,216",172,12
"4,1,241;7,1,194",172,12
"16,1,123",172,12
"24,1,104",172,12
"25,1,103",172,12
"35,1,83",172,12
"43,1,57",172,12
"2,1,43,1,40",172,12
"70,1,15",172,12
"108,1,5",172,12
"1,1,48,1,33;8,1,29,1,69,1,1",172,12
"94,1,9;937,1,0",172,12
"7,1,194;1,1,18,1,563,1,0",172,12
"1,1,309",171,13
"5,1,215",171,13
"3,2,194",171,13
"7,1,193",171,13
"23,1,104",171,13
"24,1,103",171,13
"34,1,83",171,13
"35,1,82",171,13
"43,1,56",171,13
"108,1,4",171,13
"93,1,9;936,1,0",171,13
"92,1,9;1,1,261,1,1;935,1,0",171,13
"1,1,308;4,1,240",170,14
"5,1,214",170,14
"6,1,197",170,14
"7,1,192;8,1,183",170,14
"11,1,158",170,14
"22,1,104",170,14
"23,1,103",170,14
"33,1,83",170,14
"34,1,82",170,14
"35,1,81",170,14
"43,1,55",170,14
"72,1,14",170,14
"91,1,9;934,1,0",170,14
"4,1,240;8,1,183;0,3,893,1,0",170,14
"2,1,296",169,15
"2,1,295",169,15
"6,1,195",169,15
"8,1,182",169,15
"6,1,196;10,1,158",169,15
"13,1,151",169,15
"10,1,158;17,1,122",169,15
"18,1,115",169,15
"22,1,103",169,15
"32,1,83",169,15
"33,1,82",169,15
"34,1,81",169,15
"35,1,80",169,15
"3,1,262;43,1,54",169,15
"1,1,307;5,1,209,1,1",169,15
"0,1,317;17,1,122;3,1,843,1,0",169,15
"43,1,54;3,1,842,1,0",169,15
"17,1,122;69,1,18;3,1,843,1,0;0,2,8,3,324,1,0",169,15
"69,1,18;3,1,843,1,0;0,2,8,3,324,1,0;0,2,3,1,817,1,0",169,15
"5,1,213",168,16
"5,1,212",168,16
"6,1,194",168,16
"1,2,296;2,2,262;4,1,239;9,1,163",168,16
"12,1,153",168,16
"14,1,140",168,16
"16,1,122",168,16
"9,1,163;20,1,114",168,16
"20,1,113",168,16
"26,1,101",168,16
"26,1,100",168,16
"27,1,97",168,16
"29,1,94",168,16
"32,1,82",168,16
"33,1,81",168,16
"34,1,80",168,16
"2,2,262;35,1,79",168,16
"53,1,32",168,16
"57,1,27",168,16
"98,1,6",168,16
"20,1,114;56,1,69,1,1",168,16
"4,1,239;0,1,3,2,730,1,0",168,16
"35,1,79;0,1,3,2,730,1,0;0,2,911,1,0",168,16
"4,1,238",167,17
"6,1,193",167,17
"8,1,181",167,17
"2,1,294;7,1,191;9,1,162",167,17
"7,1,191;9,1,162;11,1,157",167,17
"11,1,157;13,1,150",167,17
"9,1,162;19,1,114",167,17
"19,1,113",167,17
"29,1,93",167,17
"32,1,81",167,17
"13,1,150;33,1,80",167,17
"34,1,79",167,17
"35,1,78",167,17
"42,1,57",167,17
"43,1,53",167,17
"46,1,45",167,17
"52,1,36",167,17
"57,1,26",167,17
"19,1,114;55,1,69,1,1",167,17
"33,1,80;1,1,909,1,0",167,17
"0,1,316",166,18
"2,1,293",166,18
"1,1,306;4,1,237;5,1,211",166,18
"5,1,211;5,1,210",166,18
"6,1,192",166,18
"4,1,237;7,1,190",166,18
"7,1,190;8,1,180",166,18
"10,1,157",166,18
"2,1,13,1,131",166,18
"32,1,80",166,18
"33,1,79",166,18
"34,1,78",166,18
"35,1,77",166,18
"42,1,56",166,18
"43,1,52",166,18
"45,1,45",166,18
"46,1,44",166,18
"51,1,36",166,18
"90,1,9;89,1,9;3,1,838,1,0",166,18
"5,1,210;1,1,906,1,0",166,18
"0,1,315",165,19
"2,1,292",165,19
"5,1,208",165,19
"1,1,5,1,192;14,1,139",165,19
"14,1,139;28,1,96",165,19
"13,1,149;32,1,79",165,19
"32,1,79;33,1,78",165,19
"28,1,96;42,1,55",165,19
"33,1,78;13,2,54",165,19
"34,1,77;43,1,51",165,19
"45,1,44",165,19
"13,2,54;52,1,35",165,19
"76,1,13",165,19
"52,1,35;23,1,24,1,9",165,19
"94,1,8",165,19
"42,1,55;43,1,51;274,1,1",165,19
"5,1,209;43,1,51;274,1,1;1,1,260,1,1",165,19
"43,1,51;0,2,908,1,0",165,19
"69,1,17;0,2,49,1,324,1,0",165,19
"0,1,314",164,20
"2,1,291",164,20
"7,1,189",164,20
"15,1,132",164,20
"30,1,89",164,20
"31,1,83",164,20
"33,1,77",164,20
"42,1,54",164,20
"32,1,78;51,1,35",164,20
"74,1,13",164,20
"51,1,35;13,3,9",164,20
"93,1,8",164,20
"92,1,8",164,20
"96,1,7",164,20
"68,1,18;75,1,13;68,1,267,1,0",164,20
"75,1,13;9,1,677,1,0",164,20
"43,1,50;0,3,891,1,0",164,20
"2,1,290",163,21
"6,1,191",163,21
"30,1,88",163,21
"31,1,82",163,21
"29,1,92;32,1,77",163,21
"35,1,76",163,21
"52,1,34",163,21
"54,1,28",163,21
"73,1,13",163,21
"32,1,77;8,1,51,1,9",163,21
"91,1,8",163,21
"67,1,18;67,1,267,1,0;13,2,417,1,0",163,21
"0,1,313",162,22
"2,1,289",162,22
"6,1,190",162,22
"15,1,131",162,22
"25,1,102",162,22
"31,1,81",162,22
"34,1,76",162,22
"38,1,70",162,22
"41,1,58",162,22
"42,1,53;46,1,43",162,22
"46,1,43;51,1,34",162,22
"51,1,34;8,2,23,1,9",162,22
"1,1,8,1,692,1,0",162,22
"3,1,261",161,23
"24,1,102",161,23
"31,1,80",161,23
"33,1,76",161,23
"37,1,70",161,23
"42,1,52;45,1,43",161,23
"45,1,43;46,1,42",161,23
"47,1,41",161,23
"86,1,11",161,23
"46,1,42;8,2,22,1,9",161,23
"95,1,7",161,23
"11,1,156;1,1,13,1,628,1,0",161,23
"1,1,305",160,24
"4,1,236",160,24
"5,1,207",160,24
"6,1,189",160,24
"10,1,156",160,24
"14,1,138",160,24
"15,1,130",160,24
"23,1,102;29,1,91",160,24
"30,1,87",160,24
"31,1,79",160,24
"29,1,91;32,1,76",160,24
"32,1,76;40,1,69",160,24
"40,1,69;42,1,51",160,24
"42,1,51;45,1,42",160,24
"47,1,40",160,24
"50,1,36",160,24
"53,1,31",160,24
"71,1,14",160,24
"68,1,17;85,1,11",160,24
"66,1,18;85,1,11;84,1,11",160,24
"45,1,42;8,4,9",160,24
"84,1,11;0,1,922,1,0",160,24
"85,1,11;0,1,922,1,0;0,1,2,1,876,1,0",160,24
"11,1,155",159,25
"22,1,102;29,1,90",159,25
"29,1,90;31,1,78",159,25
"36,1,70",159,25
"31,1,78;39,1,69",159,25
"39,1,69;40,1,68",159,25
"30,1,86;49,1,36",159,25
"40,1,68;8,3,34",159,25
"53,1,30",159,25
"83,1,11",159,25
"42,1,50;88,1,9",159,25
"49,1,36;67,1,17;90,1,8",159,25
"90,1,8;89,1,8",159,25
"8,3,34;88,1,9;5,1,64,1,209,1,0",159,25
"82,1,11;1,1,899,1,0",159,25
"67,1,17;0,2,903,1,0",159,25
"89,1,8;0,2,901,1,0",159,25
"1,1,304;5,1,206",158,26
"5,1,206;14,1,137",158,26
"13,1,148;20,1,112",158,26
"14,1,137;27,1,96",158,26
"20,1,112;31,1,77",158,26
"31,1,77;39,1,68",158,26
"39,1,68;40,1,67",158,26
"40,1,67;8,1,19,1,42",158,26
"8,1,19,1,42;50,1,35",158,26
"10,1,155;53,1,29",158,26
"50,1,35;56,1,27",158,26
"53,1,29;8,1,69,1,185,1,0",158,26
"27,1,96;81,1,11;1,1,898,1,0",158,26
"9,1,161;13,1,147",157,27
"13,1,147;19,1,112",157,27
"19,1,112;20,1,111",157,27
"20,1,111;39,1,67",157,27
"39,1,67;40,1,66",157,27
"40,1,66;49,1,35",157,27
"49,1,35;55,1,27",157,27
"55,1,27;56,1,26",157,27
"87,1,10",157,27
"56,1,26;8,1,50,1,9",157,27
"9,1,160;13,1,146",156,28
"13,1,146;17,1,121",156,28
"17,1,121;19,1,111",156,28
"19,1,111;39,1,66",156,28
"39,1,66;50,1,34",156,28
"50,1,34;55,1,26",156,28
"66,1,17",156,28
"55,1,26;8,1,49,1,9",156,28
"9,1,159;13,1,145",155,29
"8,1,179;16,1,121",155,29
"16,1,121;31,1,76",155,29
"31,1,76;49,1,34",155,29
"13,1,145;49,1,34;8,1,715,1,0",155,29
"26,1,99",153,31
"97,1,6",153,31
"135,1,2",153,31
"26,1,98",152,32
"88,1,8",152,32
"47,1,39",150,34
"7,1,188",149,35
"47,1,38",149,35
"65,1,18;0,2,8,1,17,1,380,1,0",149,35
"11,1,154",148,36
"10,1,154",147,37
"2,1,288;6,1,188",145,39
"6,1,188;15,1,129",145,39
"15,1,129;30,1,85",145,39
"30,1,85;47,1,37",145,39
"47,1,37;65,1,17",145,39
"65,1,17;1,2,71,1,11",145,39
"0,1,312;1,1,256,1,1",144,40
"0,1,311",143,41
"0,1,334",178,7
"7,1,205",178,7
"94,1,10",177,8
"0,1,333;2,1,894,1,0",177,8
"0,1,332",176,9
"0,1,331",176,9
"0,1,330;2,1,303",176,9
"4,1,251",176,9
"2,1,303;9,1,168",176,9
"11,1,164",176,9
"9,1,168;3,1,43,1,33",176,9
"76,1,14",176,9
"93,1,10",176,9
"92,1,10",176,9
"3,1,43,1,33;13,1,660,1,0",176,9
"0,1,329",175,10
"0,1,328",175,10
"3,1,275",175,10
"4,1,250",175,10
"9,1,167",175,10
"10,1,164",175,10
"29,1,97",175,10
"38,1,75",175,10
"54,1,33",175,10
"75,1,14",175,10
"74,1,14",175,10
"91,1,10",175,10
"6,1,205",174,11
"20,1,118",174,11
"26,1,104",174,11
"37,1,75",174,11
"38,1,74",174,11
"3,1,274;43,1,58",174,11
"73,1,14",174,11
"139,1,2",174,11
"0,1,327;1,1,269,1,1",174,11
"1,1,318",173,12
"4,1,249",173,12
"7,1,204",173,12
"17,1,128",173,12
"19,1,118",173,12
"20,1,117",173,12
"26,1,103",173,12
"37,1,74",173,12
"96,1,9;2,1,893,1,0",173,12
"7,1,203",172,13
"13,1,153",172,13
"16,1,128",172,13
"17,1,127",172,13
"19,1,117",172,13
"36,1,75",172,13
"48,1,41",172,13
"18,1,120;3,1,861,1,0",172,13
"0,1,937,1,0",172,13
"0,1,326",171,14
"3,1,273",171,14
"16,1,127",171,14
"20,1,116",171,14
"36,1,74",171,14
"48,1,40",171,14
"90,1,10",171,14
"89,1,10",171,14
"1,1,317",170,15
"3,1,272",170,15
"11,1,163",170,15
"19,1,116",170,15
"38,1,73",170,15
"38,1,72",170,15
"54,1,32",170,15
"114,1,5",170,15
"1,1,43,1,412,1,0",170,15
"3,1,271",169,16
"4,1,248",169,16
"6,1,204",169,16
"10,1,163",169,16
"11,1,162",169,16
"15,1,136",169,16
"35,1,84",169,16
"37,1,73",169,16
"37,1,72",169,16
"42,1,58",169,16
"53,1,36",169,16
"80,1,12",169,16
"101,1,6",169,16
"114,1,4",169,16
"118,1,3",169,16
"7,1,202;948,1,0",169,16
"3,1,270",168,17
"4,1,247",168,17
"6,1,203",168,17
"9,1,166",168,17
"10,1,162",168,17
"21,1,110",168,17
"30,1,95",168,17
"34,1,84",168,17
"72,1,16",168,17
"79,1,12",168,17
"113,1,5",168,17
"18,1,119;0,1,3,1,841,1,0",168,17
"1,1,316",167,18
"5,1,221",167,18
"12,1,158",167,18
"28,1,101",167,18
"28,1,100",167,18
"36,1,73",167,18
"36,1,72",167,18
"53,1,35",167,18
"70,1,18",167,18
"72,1,15",167,18
"112,1,5",167,18
"113,1,4",167,18
"33,1,84;13,1,168,1,1",167,18
"1,1,315",166,19
"3,1,269",166,19
"4,1,246",166,19
"41,1,65",166,19
"96,1,8",166,19
"112,1,4",166,19
"138,1,2",166,19
"32,1,84;13,1,167,1,1",166,19
"0,1,325",165,20
"1,1,314",165,20
"2,1,302",165,20
"3,1,268",165,20
"4,1,245",165,20
"6,1,202",165,20
"53,1,34",165,20
"57,1,28",165,20
"99,1,7",165,20
"137,1,2",165,20
"29,1,96;8,1,194,1,1",165,20
"17,1,126;0,3,908,1,0",165,20
"3,1,267",164,21
"3,1,266",164,21
"4,1,244",164,21
"12,1,157",164,21
"16,1,126",164,21
"17,1,125;20,1,115",164,21
"20,1,115;8,1,9,1,96",164,21
"41,1,64",164,21
"88,1,10",164,21
"8,1,9,1,96;8,1,193,1,1",164,21
"0,1,324;1,1,64,1,269,1,0;0,1,68,1,267,1,0;0,4,891,1,0",164,21
"1,1,313",163,22
"5,1,220",163,22
"8,1,187;9,1,165",163,22
"9,1,165;16,1,125",163,22
"16,1,125;17,1,124",163,22
"17,1,124;19,1,115",163,22
"21,1,109",163,22
"26,1,102",163,22
"30,1,94",163,22
"41,1,63",163,22
"70,1,17;95,1,8",163,22
"19,1,115;277,1,1",163,22
"95,1,8;0,1,67,1,267,1,0",163,22
"0,1,323",162,23
"8,1,186;16,1,124",162,23
"21,1,108",162,23
"30,1,93",162,23
"54,1,31",162,23
"100,1,6",162,23
"136,1,2",162,23
"16,1,124;17,1,149,1,1",162,23
"3,1,265",161,24
"14,1,144",161,24
"8,1,185;31,1,84",161,24
"38,1,71",161,24
"48,1,39",161,24
"54,1,30",161,24
"31,1,84;16,1,149,1,1",161,24
"27,1,101",160,25
"27,1,100",160,25
"37,1,71",160,25
"41,1,62",160,25
"47,1,45",160,25
"48,1,38",160,25
"54,1,29",160,25
"7,1,201",159,26
"11,1,161",159,26
"44,1,49",159,26
"47,1,44",159,26
"58,1,25",159,26
"78,1,12",159,26
"98,1,7",159,26
"117,1,3",159,26
"4,1,243",158,27
"7,1,200",158,27
"10,1,161",158,27
"11,1,160",158,27
"12,1,156",158,27
"21,1,107",158,27
"30,1,92",158,27
"36,1,71",158,27
"71,1,16",158,27
"77,1,12",158,27
"111,1,5",158,27
"116,1,3",158,27
"7,1,199",157,28
"10,1,160",157,28
"11,1,159",157,28
"41,1,61",157,28
"58,1,24",157,28
"71,1,15",157,28
"1,1,79,1,11",157,28
"110,1,5",157,28
"111,1,4",157,28
"5,1,219",156,29
"7,1,198",156,29
"10,1,159",156,29
"12,1,155",156,29
"14,1,143",156,29
"41,1,60",156,29
"48,1,37",156,29
"110,1,4",156,29
"6,1,201",155,30
"15,1,135",155,30
"30,1,91",155,30
"47,1,43",155,30
"40,1,70;56,1,28",155,30
"56,1,28;8,3,347,1,0",155,30
"2,1,301",154,31
"6,1,200",154,31
"15,1,134",154,31
"30,1,90",154,31
"47,1,42",154,31
"39,1,70;55,1,28",154,31
"55,1,28;8,2,549,1,0",154,31
"0,1,322",153,32
"2,1,300",153,32
"6,1,199",153,32
"0,1,321",152,33
"2,1,299",152,33
"6,1,198",152,33
"15,1,133",152,33
"21,1,106",152,33
"28,1,99",152,33
"0,1,320;28,1,98",151,34
"44,1,48",151,34
"28,1,98;1,1,265,1,1",151,34
"58,1,23",149,36
"58,1,22;0,6,59,1,260,1,0",148,37
"1,1,312;4,1,242",145,40
"4,1,242;5,1,218",145,40
"5,1,218;12,1,154",145,40
"12,1,154;14,1,142",145,40
"14,1,142;21,1,105",145,40
"21,1,105;27,1,99",145,40
"27,1,99;41,1,59",145,40
"41,1,59;44,1,47",145,40
"44,1,47;58,1,21",145,40
"58,1,21;62,1,20",145,40
"62,1,20;87,1,11",145,40
"1,1,311;5,1,217",144,41
"5,1,217;14,1,141",144,41
"14,1,141;27,1,98",144,41
"27,1,98;44,1,46",144,41
"44,1,46;62,1,19",144,41
"62,1,19;97,1,7",144,41
"97,1,7;276,1,1",144,41
"18,1,123",181,5
"143,1,2",181,5
"142,1,2",180,6
"3,1,279;2,1,11,1,18,1,324,1,0",180,6
"0,1,341",179,7
"1,1,334",179,7
"3,1,278",178,8
"7,1,216",178,8
"11,1,168",178,8
"43,1,65",178,8
"96,1,10",178,8
"1,1,333;2,1,913,1,0",178,8
"1,1,331",177,9
"1,1,332;1,1,330;10,1,168",177,9
"7,1,215;10,1,168;11,1,167",177,9
"10,1,168;11,1,167;57,1,33",177,9
"122,1,3",177,9
"1,1,330;11,1,167;57,1,33;289,1,1",177,9
"57,1,33;2,1,53,1,69,1,1",177,9
"11,1,167;3,1,18,1,525,1,0",177,9
"18,1,122;3,1,18,1,525,1,0;0,1,2,1,894,1,0",177,9
"1,1,329",176,10
"1,1,328",176,10
"7,1,214",176,10
"9,1,177;10,1,167",176,10
"25,1,110",176,10
"43,1,64",176,10
"121,1,3",176,10
"10,1,167;0,1,13,1,660,1,0",176,10
"24,1,110",175,11
"35,1,89",175,11
"38,1,83",175,11
"43,1,63",175,11
"95,1,10",175,11
"120,1,3",175,11
"1,1,3,1,847,1,0",175,11
"2,1,310",174,12
"4,1,260",174,12
"5,1,235",174,12
"6,1,216",174,12
"7,1,213",174,12
"7,1,212",174,12
"23,1,110",174,12
"34,1,89",174,12
"35,1,88",174,12
"37,1,83",174,12
"38,1,82",174,12
"141,1,2",174,12
"76,1,16;2,1,262,1,1",174,12
"99,1,9;1,1,938,1,0",174,12
"0,1,340",173,13
"2,1,309",173,13
"5,1,234",173,13
"6,1,215",173,13
"8,1,197",173,13
"9,1,176",173,13
"9,1,175",173,13
"12,1,164",173,13
"22,1,110",173,13
"28,1,104",173,13
"33,1,89",173,13
"34,1,88",173,13
"37,1,82",173,13
"38,1,81",173,13
"42,1,65",173,13
"61,1,25",173,13
"75,1,16",173,13
"74,1,16",173,13
"76,1,15",173,13
"86,1,12",173,13
"3,2,212;7,1,769,1,0;0,2,938,1,0",173,13
"0,1,339",172,14
"1,1,326",172,14
"2,1,308",172,14
"4,1,259",172,14
"5,1,233",172,14
"6,1,214",172,14
"8,1,196",172,14
"8,1,195",172,14
"28,1,103",172,14
"32,1,89",172,14
"33,1,88",172,14
"36,1,83",172,14
"37,1,81",172,14
"38,1,80",172,14
"43,1,62",172,14
"52,1,41",172,14
"3,1,43,1,36",172,14
"57,1,32",172,14
"73,1,16",172,14
"75,1,15",172,14
"74,1,15",172,14
"85,1,12",172,14
"84,1,12",172,14
"107,1,6",172,14
"115,1,5",172,14
"7,1,211;7,1,210;3,2,769,1,0",172,14
"7,1,210;1,1,935,1,0",172,14
"2,1,307",171,15
"5,1,232",171,15
"5,1,231",171,15
"3,2,210",171,15
"7,1,208",171,15
"8,1,194",171,15
"13,1,158",171,15
"25,1,109",171,15
"32,1,88",171,15
"35,1,87",171,15
"36,1,82",171,15
"37,1,80",171,15
"38,1,79",171,15
"42,1,64",171,15
"48,1,45",171,15
"51,1,41",171,15
"52,1,40",171,15
"54,1,36",171,15
"61,1,24",171,15
"73,1,15",171,15
"83,1,12",171,15
"82,1,12",171,15
"106,1,6",171,15
"105,1,6",171,15
"115,1,4",171,15
"9,1,174;9,1,188,1,1",171,15
"7,1,209;284,1,1;0,2,935,1,0",171,15
"5,1,230",170,16
"6,1,213",170,16
"6,1,212",170,16
"8,1,193",170,16
"11,1,166",170,16
"14,1,152",170,16
"15,1,140",170,16
"24,1,109",170,16
"25,1,108",170,16
"30,1,97",170,16
"34,1,87",170,16
"35,1,86",170,16
"36,1,81",170,16
"37,1,79",170,16
"38,1,78",170,16
"0,1,338;42,1,63",170,16
"48,1,44",170,16
"51,1,40",170,16
"81,1,12",170,16
"104,1,6",170,16
"103,1,6",170,16
"119,1,3",170,16
"42,1,63;1,1,5,1,209,1,1",170,16
"4,1,258",169,17
"5,1,229",169,17
"10,1,166",169,17
"23,1,109",169,17
"24,1,108",169,17
"33,1,87",169,17
"34,1,86",169,17
"36,1,80",169,17
"37,1,78",169,17
"38,1,77",169,17
"43,1,61",169,17
"54,1,35",169,17
"0,2,3,1,843,1,0",169,17
"0,1,337",168,18
"2,1,306",168,18
"3,1,277",168,18
"4,1,257",168,18
"6,1,211",168,18
"6,1,210",168,18
"17,1,132",168,18
"22,1,109",168,18
"32,1,87",168,18
"33,1,86",168,18
"36,1,79",168,18
"37,1,77",168,18
"40,1,75",168,18
"43,1,60",168,18
"46,1,49",168,18
"23,1,108;13,2,101,1,1",168,18
"98,1,9;1,1,932,1,0",168,18
"4,1,256",167,19
"5,1,228",167,19
"4,1,255;6,1,209",167,19
"6,1,208",167,19
"1,1,8,1,180",167,19
"12,1,163",167,19
"15,1,139",167,19
"6,1,209;16,1,132",167,19
"16,1,132;20,1,120",167,19
"29,1,101",167,19
"22,1,108;29,1,100",167,19
"31,1,89",167,19
"29,1,100;32,1,86",167,19
"36,1,78",167,19
"39,1,75",167,19
"40,1,74",167,19
"45,1,49",167,19
"54,1,34",167,19
"56,1,33",167,19
"99,1,8",167,19
"20,1,120;32,1,86;8,1,23,1,80,1,1",167,19
"42,1,62;1,2,906,1,0",167,19
"32,1,86;8,1,23,1,80,1,1;1,2,906,1,0;0,3,3,1,825,1,0",167,19
"0,1,336;1,1,325",166,20
"4,1,254",166,20
"5,1,227",166,20
"7,1,207",166,20
"9,1,173",166,20
"1,1,325;8,1,191;9,1,172",166,20
"12,1,162",166,20
"14,1,151",166,20
"17,1,131",166,20
"19,1,120",166,20
"21,1,114",166,20
"21,1,113",166,20
"25,1,107",166,20
"27,1,104",166,20
"31,1,88",166,20
"36,1,77",166,20
"38,1,76",166,20
"39,1,74",166,20
"48,1,43",166,20
"55,1,33",166,20
"60,1,25",166,20
"59,1,25",166,20
"8,1,191;9,1,172;1,2,260,1,1",166,20
"1,1,324;5,1,226",165,21
"11,1,165",165,21
"16,1,131",165,21
"24,1,107",165,21
"27,1,103",165,21
"37,1,76",165,21
"5,1,226;48,1,42",165,21
"50,1,41",165,21
"94,1,11",165,21
"48,1,42;0,4,908,1,0",165,21
"7,1,206",164,22
"10,1,165",164,22
"14,1,150",164,22
"18,1,121",164,22
"17,1,130;23,1,107",164,22
"23,1,107;42,1,61",164,22
"49,1,41",164,22
"50,1,40",164,22
"57,1,31",164,22
"42,1,61;60,1,24;59,1,24",164,22
"93,1,11",164,22
"60,1,24;59,1,24;8,3,79,1,1",164,22
"92,1,11;1,1,930,1,0",164,22
"59,1,24;0,5,891,1,0",164,22
"8,1,189;16,1,130",163,23
"16,1,130;20,1,119",163,23
"20,1,119;22,1,107",163,23
"31,1,87",163,23
"36,1,76",163,23
"22,1,107;40,1,73",163,23
"40,1,72",163,23
"1,1,323;40,1,73;42,1,60",163,23
"49,1,40",163,23
"57,1,30",163,23
"61,1,23",163,23
"91,1,11",163,23
"9,1,171;42,1,60;59,1,64,1,1",163,23
"42,1,60;59,1,64,1,1;17,1,154,1,1",163,23
"80,1,13;17,1,154,1,1;9,1,705,1,0",163,23
"40,1,73;17,1,154,1,1;1,1,64,1,275,1,0",163,23
"2,1,305",162,24
"6,1,207",162,24
"14,1,149",162,24
"15,1,138",162,24
"13,1,156;19,1,119",162,24
"28,1,102",162,24
"19,1,119;31,1,86",162,24
"31,1,86;39,1,73",162,24
"39,1,72",162,24
"9,1,170;56,1,32",162,24
"57,1,29",162,24
"61,1,22",162,24
"39,1,73;72,1,18",162,24
"56,1,32;16,1,154,1,1",162,24
"79,1,13;16,1,154,1,1;8,1,738,1,0",162,24
"72,1,18;16,1,154,1,1;2,1,901,1,0",162,24
"44,1,57",161,25
"52,1,39",161,25
"98,1,8",161,25
"55,1,32;8,2,138,1,1",161,25
"0,1,335",160,26
"2,1,304",160,26
"6,1,206",160,26
"15,1,137",160,26
"30,1,96",160,26
"44,1,56",160,26
"46,1,48;51,1,39",160,26
"52,1,38",160,26
"13,1,155;101,1,7",160,26
"101,1,7;8,2,137,1,1",160,26
"51,1,39;8,4,45,1,1;8,1,13,2,267,1,0",160,26
"25,1,106;0,2,3,1,832,1,0",160,26
"24,1,106",159,27
"45,1,48;51,1,38",159,27
"9,1,169;90,1,11",159,27
"90,1,11;89,1,11",159,27
"61,1,21;1,1,81,1,11",159,27
"51,1,38;8,5,20,1,1;8,2,13,2,188,1,0",159,27
"44,1,55;1,1,81,1,11;1,2,898,1,0",159,27
"23,1,106",158,28
"41,1,69",158,28
"44,1,54",158,28
"22,1,106",157,29
"41,1,68",157,29
"43,1,59",157,29
"4,1,253",156,30
"12,1,161",156,30
"21,1,112",156,30
"35,1,85",156,30
"41,1,67",156,30
"44,1,53",156,30
"52,1,37",156,30
"58,1,27",156,30
"60,1,23;59,1,23;8,2,17,1,56,1,1;8,3,17,1,188,1,0",156,30
"59,1,23;0,3,921,1,0",156,30
"3,1,276",155,31
"5,1,225",155,31
"12,1,160",155,31
"14,1,148",155,31
"21,1,111",155,31
"27,1,102",155,31
"34,1,85",155,31
"41,1,66",155,31
"44,1,52",155,31
"58,1,26",155,31
"102,1,6",155,31
"140,1,2",155,31
"51,1,37;8,3,78,1,1",155,31
"60,1,22;59,1,22;8,3,78,1,1;8,3,16,1,188,1,0",155,31
"59,1,22;0,4,897,1,0",155,31
"1,1,322",154,32
"4,1,252",154,32
"5,1,224",154,32
"12,1,159",154,32
"14,1,147",154,32
"33,1,85",154,32
"44,1,51",154,32
"40,1,71;50,1,39",154,32
"50,1,39;56,1,31",154,32
"46,1,47;63,1,20",154,32
"63,1,20;8,3,77,1,1",154,32
"56,1,31;8,3,77,1,1;8,3,16,1,187,1,0",154,32
"1,1,321",153,33
"5,1,223",153,33
"25,1,105",153,33
"14,1,146;44,1,50",153,33
"32,1,85;45,1,47",153,33
"45,1,47;46,1,46",153,33
"39,1,71;49,1,39",153,33
"49,1,39;50,1,38",153,33
"50,1,38;55,1,31",153,33
"55,1,31;56,1,30",153,33
"46,1,46;63,1,19",153,33
"56,1,30;78,1,13",153,33
"63,1,19;8,4,11",153,33
"44,1,50;97,1,9",153,33
"8,4,11;100,1,7",153,33
"100,1,7;283,1,1",153,33
"78,1,13;283,1,1;8,2,559,1,0",153,33
"97,1,9;1,1,149,2,0",153,33
"1,1,320;5,1,222",152,34
"5,1,222;14,1,145",152,34
"24,1,105",152,34
"14,1,145;29,1,99;42,1,59",152,34
"29,1,99;45,1,46",152,34
"49,1,38;55,1,30",152,34
"45,1,46;56,1,29",152,34
"56,1,29;60,1,21",152,34
"42,1,59;60,1,21;59,1,21",152,34
"60,1,21;8,2,16,1,17",152,34
"55,1,30;77,1,13",152,34
"59,1,21;8,2,16,1,17;88,1,11",152,34
"8,2,16,1,17;17,1,153,1,1",152,34
"77,1,13;17,1,153,1,1;8,2,557,1,0",152,34
"71,1,18;17,1,153,1,1;0,1,8,2,17,1,260,1,0",152,34
"23,1,105;29,1,98",151,35
"29,1,98;55,1,29",151,35
"55,1,29;8,1,200,1,1",151,35
"22,1,105;8,1,199,1,1",150,36
"13,1,154;17,1,129",149,37
"17,1,129;50,1,37",149,37
"50,1,37;8,1,49,1,11",149,37
"8,1,188;16,1,129",148,38
"16,1,129;31,1,85",148,38
"31,1,85;49,1,37",148,38
"49,1,37;71,1,17",148,38
"97,1,8",146,40
"18,1,128;4,1,850,1,0",181,6
"1,1,341;2,1,273,1,1",180,7
"18,1,127;4,1,849,1,0",180,7
"3,1,287",179,8
"99,1,10",179,8
"35,1,95;2,1,54,1,69,1,1",179,8
"4,1,264",178,9
"3,1,286;11,1,177",178,9
"34,1,95",178,9
"11,1,177;2,1,272,1,1",178,9
"0,1,349;3,1,285",177,10
"3,1,284",177,10
"8,1,205",177,10
"3,1,285;10,1,177",177,10
"13,1,164",177,10
"26,1,110",177,10
"33,1,95;2,1,270,1,1",177,10
"10,1,177;1,1,282,1,1",177,10
"1,1,13,1,660,1,0",177,10
"3,1,283",176,11
"9,1,184",176,11
"20,1,123",176,11
"32,1,95;1,1,281,1,1;1,2,270,1,1",176,11
"1,2,319",175,12
"2,1,318",175,12
"11,1,176",175,12
"11,1,175",175,12
"12,1,168",175,12
"19,1,123",175,12
"109,1,6",175,12
"1,1,340",174,13
"3,1,282",174,13
"4,1,263",174,13
"10,1,176",174,13
"10,1,175",174,13
"12,1,167",174,13
"25,1,114",174,13
"25,1,113",174,13
"35,1,94",174,13
"53,1,41",174,13
"80,1,14",174,13
"1,1,339;5,1,241",173,14
"0,1,348;5,1,241;7,1,221",173,14
"7,1,221;9,1,183",173,14
"9,1,183;17,1,136",173,14
"5,1,241;11,1,174;18,1,126",173,14
"24,1,114",173,14
"11,1,174;24,1,113",173,14
"29,1,104",173,14
"34,1,94",173,14
"35,1,93",173,14
"57,1,36",173,14
"79,1,14",173,14
"98,1,10",173,14
"108,1,6",173,14
"144,1,2",173,14
"18,1,126;24,1,113;59,1,69,1,1",173,14
"24,1,113;2,1,268,1,1",173,14
"17,1,136;59,1,69,1,1;1,1,280,1,1",173,14
"69,1,287,1,0",173,14
"53,1,40;0,1,2,1,912,1,0",173,14
"2,1,317",172,15
"8,1,204;9,1,182",172,15
"9,1,182;10,1,174",172,15
"10,1,174;16,1,136",172,15
"16,1,136;18,1,125",172,15
"20,1,122",172,15
"21,1,118",172,15
"18,1,125;23,1,114",172,15
"23,1,114;23,1,113",172,15
"26,1,109",172,15
"29,1,103",172,15
"33,1,94",172,15
"34,1,93",172,15
"38,1,84",172,15
"124,1,3",172,15
"23,1,113;1,1,279,1,1",172,15
"0,1,347;1,1,279,1,1;3,1,882,1,0",172,15
"1,1,338;5,1,240",171,16
"8,1,203",171,16
"13,1,163",171,16
"18,1,124",171,16
"19,1,122",171,16
"21,1,117",171,16
"22,1,114",171,16
"22,1,113",171,16
"26,1,108",171,16
"31,1,95",171,16
"32,1,94;33,1,93",171,16
"37,1,84",171,16
"52,1,45",171,16
"57,1,35",171,16
"33,1,93;9,1,23,1,75,1,1",171,16
"3,1,281",170,17
"4,1,262",170,17
"9,1,181",170,17
"13,1,162",170,17
"43,1,69",170,17
"46,1,57",170,17
"51,1,45",170,17
"52,1,44",170,17
"61,1,27",170,17
"32,1,93;13,2,105,1,1",170,17
"0,1,346",169,18
"2,1,316",169,18
"5,1,239",169,18
"6,1,221",169,18
"1,1,337;7,1,220",169,18
"7,1,220;9,1,180",169,18
"14,1,153",169,18
"21,1,116",169,18
"35,1,92",169,18
"36,1,84",169,18
"43,1,68",169,18
"45,1,57",169,18
"46,1,56",169,18
"51,1,44",169,18
"57,1,34",169,18
"61,1,26",169,18
"0,1,345",168,19
"5,1,238",168,19
"11,1,173",168,19
"11,1,172",168,19
"34,1,92",168,19
"40,1,83",168,19
"43,1,67",168,19
"45,1,56",168,19
"46,1,55",168,19
"76,1,18",168,19
"2,1,315;1,1,278,1,1",168,19
"0,1,344",167,20
"2,1,314",167,20
"1,1,336;5,1,237",167,20
"10,1,173",167,20
"10,1,172",167,20
"12,1,166",167,20
"26,1,107",167,20
"33,1,92",167,20
"39,1,83",167,20
"40,1,82",167,20
"43,1,66",167,20
"45,1,55",167,20
"46,1,54",167,20
"86,1,13",167,20
"75,1,18;74,1,18;67,1,287,1,0",167,20
"69,1,20;58,1,324,1,0",167,20
"74,1,18;0,1,960,1,0",167,20
"31,1,94",166,21
"35,1,91",166,21
"39,1,82",166,21
"40,1,81",166,21
"45,1,54",166,21
"52,1,43",166,21
"73,1,18",166,21
"85,1,13",166,21
"84,1,13",166,21
"32,1,92;9,1,51,1,9",166,21
"96,1,11;1,1,943,1,0",166,21
"69,1,19;0,5,50,1,324,1,0",166,21
"2,1,313",165,22
"6,1,220",165,22
"11,1,171",165,22
"31,1,93",165,22
"34,1,91",165,22
"35,1,90",165,22
"39,1,81",165,22
"40,1,80",165,22
"42,1,69;46,1,53",165,22
"46,1,53;51,1,43",165,22
"52,1,42",165,22
"83,1,13",165,22
"82,1,13",165,22
"51,1,43;8,1,9,1,23,1,9",165,22
"0,5,908,1,0",165,22
"0,1,343",164,23
"10,1,171",164,23
"11,1,170",164,23
"25,1,112",164,23
"33,1,91",164,23
"34,1,90",164,23
"39,1,80",164,23
"40,1,79",164,23
"42,1,68;45,1,53",164,23
"45,1,53;46,1,52",164,23
"50,1,45",164,23
"46,1,52;51,1,42",164,23
"78,1,14",164,23
"81,1,13",164,23
"51,1,42;8,2,29,1,9",164,23
"76,1,17;2,2,877,1,0",164,23
"3,1,280",163,24
"10,1,170",163,24
"15,1,144",163,24
"24,1,112",163,24
"25,1,111",163,24
"33,1,90",163,24
"39,1,79",163,24
"32,1,91;40,1,78",163,24
"40,1,78;42,1,67",163,24
"44,1,58",163,24
"42,1,67;45,1,52",163,24
"45,1,52;46,1,51",163,24
"49,1,45",163,24
"50,1,44",163,24
"53,1,39",163,24
"56,1,36",163,24
"46,1,51;60,1,27",163,24
"59,1,27",163,24
"74,1,17",163,24
"77,1,14",163,24
"75,1,17;95,1,11",163,24
"60,1,27;8,3,9,1,9",163,24
"107,1,7",163,24
"95,1,11;1,1,941,1,0",163,24
"4,1,261",162,25
"7,1,219",162,25
"12,1,165",162,25
"21,1,115",162,25
"24,1,111",162,25
"23,1,112;29,1,102",162,25
"30,1,101",162,25
"29,1,102;32,1,90",162,25
"32,1,90;39,1,78",162,25
"39,1,78;40,1,77",162,25
"40,1,77;42,1,66",162,25
"42,1,66;45,1,51",162,25
"45,1,51;46,1,50",162,25
"49,1,44",162,25
"53,1,38",162,25
"30,1,100;55,1,36",162,25
"46,1,50;8,2,9,1,34",162,25
"8,2,9,1,34;17,2,27",162,25
"17,2,27;60,1,26",162,25
"59,1,26",162,25
"68,1,20",162,25
"73,1,17",162,25
"60,1,26;100,1,9",162,25
"55,1,36;101,1,8",162,25
"106,1,7",162,25
"105,1,7",162,25
"101,1,8;0,1,2,1,901,1,0",162,25
"1,1,335",161,26
"5,1,236",161,26
"11,1,169",161,26
"22,1,112;23,1,111",161,26
"26,1,106",161,26
"23,1,111;31,1,92",161,26
"31,1,92;39,1,77",161,26
"39,1,77;45,1,50",161,26
"47,1,49",161,26
"45,1,50;8,3,42",161,26
"8,3,42;56,1,35",161,26
"67,1,20;68,1,19",161,26
"56,1,35;17,1,40,1,9",161,26
"68,1,19;104,1,7",161,26
"103,1,7",161,26
"104,1,7;0,2,9,1,690,1,0",161,26
"10,1,169",160,27
"13,1,161;22,1,111",160,27
"22,1,111;55,1,35",160,27
"67,1,19",160,27
"55,1,35;8,1,56,1,9",160,27
"13,1,160;17,1,135",159,28
"17,1,135;20,1,121",159,28
"20,1,121;40,1,76",159,28
"40,1,76;50,1,43",159,28
"50,1,43;56,1,34",159,28
"56,1,34;8,1,55,1,9",159,28
"6,1,219",158,29
"8,1,201;16,1,135",158,29
"9,1,179;17,1,134",158,29
"17,1,134;19,1,121",158,29
"16,1,135;31,1,91",158,29
"19,1,121;39,1,76",158,29
"31,1,91;49,1,43",158,29
"39,1,76;50,1,42",158,29
"53,1,37",158,29
"50,1,42;55,1,34",158,29
"66,1,20",158,29
"97,1,10",158,29
"13,1,159;55,1,34;9,1,715,1,0",158,29
"49,1,43;55,1,34;0,1,956,1,0",158,29
"15,1,143;0,2,940,1,0",158,29
"8,1,200;16,1,134",157,30
"16,1,134;31,1,90",157,30
"31,1,90;49,1,42",157,30
"66,1,19",157,30
"87,1,12",157,30
"123,1,3",157,30
"9,1,178;49,1,42;8,1,753,1,0",157,30
"8,1,199;17,1,133",156,31
"8,1,198;16,1,133",155,32
"100,1,8",155,32
"26,1,105",154,33
"41,1,70",153,34
"47,1,48",153,34
"58,1,28",153,34
"7,1,218",151,36
"7,1,217",150,37
"2,1,312",147,40
"6,1,218",147,40
"15,1,142",147,40
"30,1,99",147,40
"47,1,47",147,40
"65,1,20",147,40
"2,1,311;6,1,217",146,41
"6,1,217;15,1,141",146,41
"15,1,141;30,1,98",146,41
"30,1,98;47,1,46",146,41
"47,1,46;65,1,19",146,41
"65,1,19;1,1,87,1,11",146,41
"1,1,87,1,11;102,1,7",146,41
"102,1,7;290,1,1",146,41
"0,1,342;1,1,276,1,1",145,42
"3,1,298",182,6
"35,1,97",181,7
"132,1,3",181,7
"7,1,235",180,8
"25,1,118",180,8
"34,1,97",180,8
"131,1,3",180,8
"0,1,357",179,9
"2,1,332",179,9
"2,1,331;2,1,330",179,9
"7,1,234",179,9
"2,1,330;13,1,168",179,9
"24,1,118",179,9
"25,1,117",179,9
"33,1,97",179,9
"130,1,3",179,9
"1,1,349;2,1,329",178,10
"0,1,356;2,1,329;2,1,328",178,10
"11,1,184",178,10
"23,1,118",178,10
"24,1,117",178,10
"32,1,97",178,10
"38,1,89",178,10
"86,1,14",178,10
"129,1,3",178,10
"128,1,3",178,10
"2,1,329;2,1,328;1,1,289,1,1",178,10
"13,1,167;13,1,699,1,0",178,10
"0,1,355",177,11
"2,1,327",177,11
"3,1,297",177,11
"5,1,251",177,11
"7,1,232",177,11
"7,1,231",177,11
"8,1,216",177,11
"10,1,184",177,11
"22,1,118",177,11
"23,1,117",177,11
"25,1,116",177,11
"37,1,89",177,11
"38,1,88",177,11
"85,1,14",177,11
"84,1,14",177,11
"94,1,12",177,11
"4,1,275",176,12
"5,1,250",176,12
"6,1,235",176,12
"3,2,231",176,12
"7,1,230",176,12
"20,1,128",176,12
"22,1,117",176,12
"24,1,116",176,12
"28,1,110",176,12
"37,1,88",176,12
"54,1,41",176,12
"8,1,215;3,1,43,1,40",176,12
"83,1,14",176,12
"82,1,14",176,12
"93,1,12",176,12
"92,1,12",176,12
"3,1,43,1,40;2,1,7,1,746,1,0",176,12
"18,1,132;2,1,938,1,0;1,1,961,1,0",176,12
"4,1,274",175,13
"6,1,234",175,13
"8,1,214",175,13
"11,1,183",175,13
"12,1,177",175,13
"19,1,128",175,13
"20,1,127",175,13
"23,1,116",175,13
"26,1,114",175,13
"26,1,113",175,13
"36,1,89",175,13
"54,1,40",175,13
"81,1,14",175,13
"91,1,12",175,13
"7,1,229;2,1,275,1,1;1,2,938,1,0",175,13
"0,1,354",174,14
"5,1,249",174,14
"6,1,233",174,14
"10,1,183",174,14
"11,1,182",174,14
"17,1,140",174,14
"19,1,127",174,14
"22,1,116",174,14
"36,1,88",174,14
"38,1,87",174,14
"101,1,10",174,14
"2,1,326;18,1,131;991,1,0",174,14
"3,1,296",173,15
"3,1,295",173,15
"6,1,232",173,15
"6,1,231",173,15
"7,1,228",173,15
"8,1,213",173,15
"8,1,212",173,15
"10,1,182",173,15
"16,1,140",173,15
"31,1,97",173,15
"37,1,87",173,15
"38,1,86",173,15
"53,1,45",173,15
"4,1,273",172,16
"6,1,230",172,16
"7,1,227",172,16
"11,1,181",172,16
"12,1,176",172,16
"12,1,175",172,16
"15,1,152",172,16
"18,1,130",172,16
"37,1,86",172,16
"46,1,58",172,16
"48,1,49",172,16
"53,1,44",172,16
"80,1,16",172,16
"127,1,3",172,16
"126,1,3",172,16
"3,1,294",171,17
"4,1,272",171,17
"6,1,229",171,17
"7,1,226;8,1,211",171,17
"8,1,211;8,1,210",171,17
"10,1,181",171,17
"11,1,180",171,17
"17,1,139",171,17
"28,1,109",171,17
"35,1,96",171,17
"36,1,87",171,17
"45,1,58",171,17
"79,1,16",171,17
"80,1,15",171,17
"90,1,12",171,17
"89,1,12",171,17
"13,1,166;105,1,9",171,17
"114,1,6",171,17
"118,1,5",171,17
"8,1,210;92,1,250,1,0",171,17
"106,1,9;92,1,250,1,0;0,1,966,1,0",171,17
"1,1,346",170,18
"3,1,293",170,18
"4,1,271",170,18
"5,1,248",170,18
"8,1,208",170,18
"1,1,8,1,192",170,18
"10,1,180",170,18
"12,1,174",170,18
"16,1,139",170,18
"25,1,115",170,18
"28,1,108",170,18
"34,1,96",170,18
"36,1,86",170,18
"79,1,15",170,18
"103,1,9",170,18
"118,1,4",170,18
"8,1,209;291,1,1",170,18
"104,1,9;986,1,0",170,18
"1,1,345",169,19
"3,1,292",169,19
"4,1,270",169,19
"5,1,247",169,19
"6,1,228",169,19
"24,1,115",169,19
"27,1,110",169,19
"33,1,96",169,19
"113,1,6",169,19
"147,1,2",169,19
"1,1,344",168,20
"2,1,325",168,20
"3,1,291",168,20
"6,1,227",168,20
"14,1,158",168,20
"15,1,151",168,20
"20,1,126",168,20
"30,1,104",168,20
"23,1,115;32,1,96",168,20
"53,1,43",168,20
"112,1,6",168,20
"146,1,2",168,20
"32,1,96;9,1,194,1,1",168,20
"0,1,353",167,21
"3,1,290",167,21
"4,1,269",167,21
"5,1,246",167,21
"6,1,226",167,21
"19,1,126",167,21
"20,1,125;22,1,115",167,21
"30,1,103",167,21
"44,1,65",167,21
"53,1,42",167,21
"61,1,28",167,21
"2,1,324;99,1,11",167,21
"100,1,10",167,21
"22,1,115;8,1,208,1,1",167,21
"99,1,11;0,2,960,1,0",167,21
"3,1,289",166,22
"4,1,268",166,22
"5,1,245",166,22
"1,1,8,1,190",166,22
"9,1,187;13,1,165",166,22
"15,1,150",166,22
"13,1,165;17,1,138",166,22
"17,1,138;19,1,125",166,22
"19,1,125;20,1,124",166,22
"28,1,107",166,22
"41,1,75",166,22
"109,1,7",166,22
"20,1,124;8,1,207,1,1",166,22
"1,1,343",165,23
"2,1,323",165,23
"4,1,267",165,23
"4,1,266",165,23
"5,1,244",165,23
"8,1,207;9,1,186",165,23
"12,1,173",165,23
"12,1,172",165,23
"14,1,157",165,23
"9,1,186;16,1,138",165,23
"16,1,138;19,1,124",165,23
"21,1,120",165,23
"26,1,112",165,23
"19,1,124;40,1,84",165,23
"41,1,74",165,23
"43,1,70",165,23
"44,1,64",165,23
"54,1,39",165,23
"58,1,33",165,23
"0,1,352;70,1,20",165,23
"107,1,8",165,23
"40,1,84;17,1,160,1,1",165,23
"70,1,20;0,3,943,1,0",165,23
"15,1,149",164,24
"9,1,185;17,1,137",164,24
"26,1,111",164,24
"0,1,351;27,1,109",164,24
"17,1,137;39,1,84",164,24
"27,1,109;44,1,63",164,24
"48,1,48",164,24
"54,1,38",164,24
"44,1,63;70,1,19",164,24
"88,1,12",164,24
"106,1,8",164,24
"105,1,8",164,24
"70,1,19;108,1,7",164,24
"125,1,3",164,24
"39,1,84;108,1,7;8,1,206,1,1",164,24
"108,1,7;1,1,59,1,64,1,1",164,24
"8,1,206;16,1,137",163,25
"27,1,108",163,25
"16,1,137;31,1,96",163,25
"47,1,57",163,25
"104,1,8",163,25
"103,1,8",163,25
"4,1,265",162,26
"12,1,171",162,26
"47,1,56",162,26
"78,1,16",162,26
"7,1,225",161,27
"12,1,170",161,27
"21,1,119",161,27
"41,1,73",161,27
"41,1,72",161,27
"44,1,62",161,27
"47,1,55",161,27
"77,1,16",161,27
"78,1,15",161,27
"117,1,5",161,27
"98,1,11;1,1,958,1,0",161,27
"7,1,224",160,28
"11,1,179",160,28
"28,1,106",160,28
"47,1,54",160,28
"54,1,37",160,28
"58,1,32",160,28
"42,1,70;60,1,28",160,28
"59,1,28",160,28
"62,1,25",160,28
"77,1,15",160,28
"1,2,81,1,11",160,28
"116,1,5",160,28
"117,1,4",160,28
"60,1,28;8,4,250,1,0",160,28
"5,1,243",159,29
"7,1,223",159,29
"10,1,179",159,29
"11,1,178",159,29
"14,1,156",159,29
"27,1,107",159,29
"38,1,85",159,29
"111,1,6",159,29
"116,1,4",159,29
"7,1,222",158,30
"10,1,178",158,30
"12,1,169",158,30
"37,1,85",158,30
"44,1,61",158,30
"47,1,53",158,30
"48,1,47",158,30
"62,1,24",158,30
"110,1,6",158,30
"145,1,2",158,30
"6,1,225",157,31
"15,1,148",157,31
"18,1,129",157,31
"30,1,102",157,31
"14,1,155;44,1,60",157,31
"47,1,52",157,31
"44,1,60;48,1,46",157,31
"48,1,46;5,1,224,1,1",157,31
"2,1,322",156,32
"6,1,224",156,32
"36,1,85",156,32
"15,1,147;47,1,51",156,32
"47,1,51;0,5,921,1,0;0,5,919,1,0",156,32
"2,1,321",155,33
"6,1,223",155,33
"15,1,146;47,1,50",155,33
"47,1,50;102,1,9",155,33
"102,1,9;0,4,64,1,274,1,0;0,6,897,1,0",155,33
"0,1,350",154,34
"2,1,320",154,34
"6,1,222",154,34
"15,1,145",154,34
"27,1,106;28,1,105",153,35
"28,1,105;1,1,88,1,11",153,35
"41,1,71",152,36
"58,1,31",152,36
"58,1,30",151,37
"87,1,13",151,37
"58,1,29",150,38
"62,1,23",150,38
"3,1,288",149,39
"62,1,22",149,39
"102,1,8",148,40
"1,1,342;5,1,242",146,42
"5,1,242;14,1,154",146,42
"14,1,154;27,1,105",146,42
"27,1,105;44,1,59",146,42
"44,1,59;62,1,21",146,42
"62,1,21;97,1,11",146,42
"38,1,95",182,7
"2,1,341;1,1,4,1,850,1,0",182,7
"4,1,279",181,8
"26,1,118",181,8
"37,1,95",181,8
"148,1,2",181,8
"18,1,136;1,1,4,1,849,1,0;0,1,994,1,0",181,8
"1,1,357",180,9
"3,1,303",180,9
"26,1,117",180,9
"4,1,278",179,10
"7,1,241",179,10
"13,1,177",179,10
"36,1,95",179,10
"1,1,356;61,1,33",179,10
"122,1,5",179,10
"1,1,355",178,11
"26,1,116",178,11
"43,1,75",178,11
"57,1,41",178,11
"96,1,12",178,11
"121,1,5",178,11
"122,1,4",178,11
"134,1,3",178,11
"0,1,362",177,12
"38,1,94",177,12
"43,1,74",177,12
"57,1,40",177,12
"107,1,10",177,12
"120,1,5",177,12
"121,1,4",177,12
"133,1,3",177,12
"7,1,240;309,1,1;1,1,968,1,0",177,12
"2,1,340",176,13
"9,1,197",176,13
"13,1,176",176,13
"13,1,175",176,13
"29,1,110",176,13
"37,1,94",176,13
"38,1,93",176,13
"46,1,65",176,13
"86,1,16",176,13
"106,1,10",176,13
"105,1,10",176,13
"120,1,4",176,13
"1,1,3,1,884,1,0",176,13
"0,1,361",175,14
"2,1,339",175,14
"5,1,260",175,14
"6,1,241",175,14
"9,1,196",175,14
"9,1,195",175,14
"12,1,184",175,14
"37,1,93",175,14
"45,1,65",175,14
"54,1,45",175,14
"85,1,16",175,14
"84,1,16",175,14
"86,1,15",175,14
"95,1,12",175,14
"104,1,10",175,14
"103,1,10",175,14
"1,1,354;109,1,9;306,1,1",175,14
"109,1,9;1007,1,0",175,14
"7,1,239;1007,1,0;1006,1,0",175,14
"7,1,238",174,15
"9,1,194",174,15
"14,1,164",174,15
"21,1,123",174,15
"28,1,114",174,15
"28,1,113",174,15
"36,1,94",174,15
"46,1,64",174,15
"48,1,57",174,15
"54,1,44",174,15
"61,1,32",174,15
"83,1,16",174,15
"82,1,16",174,15
"85,1,15",174,15
"84,1,15",174,15
"13,1,174;13,1,188,1,1",174,15
"0,1,360",173,16
"2,1,338",173,16
"5,1,259",173,16
"6,1,240",173,16
"9,1,193",173,16
"25,1,120",173,16
"35,1,101",173,16
"35,1,100",173,16
"36,1,93",173,16
"42,1,75",173,16
"43,1,73",173,16
"43,1,72",173,16
"45,1,64",173,16
"46,1,63",173,16
"48,1,56",173,16
"81,1,16",173,16
"83,1,15",173,16
"82,1,15",173,16
"115,1,6",173,16
"108,1,9;122,1,209,1,0",173,16
"1,1,5,1,240;8,1,221;9,1,192",172,17
"12,1,183",172,17
"24,1,120",172,17
"34,1,101",172,17
"34,1,100",172,17
"38,1,92",172,17
"8,1,221;9,1,192;42,1,74",172,17
"45,1,63",172,17
"42,1,74;48,1,55",172,17
"52,1,49",172,17
"60,1,33",172,17
"48,1,55;59,1,33",172,17
"59,1,33;64,1,25",172,17
"81,1,15",172,17
"119,1,5",172,17
"64,1,25;301,1,1",172,17
"2,1,337",171,18
"6,1,239",171,18
"12,1,182",171,18
"15,1,153",171,18
"20,1,132",171,18
"23,1,120",171,18
"26,1,115",171,18
"29,1,109",171,18
"33,1,101",171,18
"33,1,100",171,18
"37,1,92",171,18
"40,1,89",171,18
"48,1,54",171,18
"51,1,49",171,18
"94,1,13",171,18
"119,1,4",171,18
"5,1,258",170,19
"6,1,238",170,19
"19,1,132",170,19
"21,1,122",170,19
"22,1,120",170,19
"32,1,101",170,19
"29,1,108;32,1,100",170,19
"39,1,89",170,19
"40,1,88",170,19
"46,1,62",170,19
"54,1,43",170,19
"93,1,13",170,19
"92,1,13",170,19
"64,1,24;299,1,1",170,19
"32,1,100;9,1,23,1,80,1,1",170,19
"0,1,359;2,1,336",169,20
"2,1,336;3,1,302",169,20
"3,1,302;4,1,277",169,20
"5,1,257",169,20
"4,1,277;6,1,237",169,20
"12,1,181",169,20
"13,1,173",169,20
"9,1,191;13,1,172",169,20
"6,1,237;20,1,131",169,20
"25,1,119",169,20
"36,1,92",169,20
"38,1,91",169,20
"39,1,88",169,20
"45,1,62",169,20
"20,1,131;48,1,53",169,20
"54,1,42",169,20
"63,1,25",169,20
"91,1,13",169,20
"48,1,53;5,1,825,1,0",169,20
"5,1,256",168,21
"1,1,353;5,1,255",168,21
"5,1,255;1,1,5,1,237",168,21
"1,1,5,1,237;8,1,220;9,1,190",168,21
"11,1,187",168,21
"12,1,180",168,21
"14,1,163",168,21
"19,1,131",168,21
"24,1,119",168,21
"37,1,91",168,21
"38,1,90",168,21
"42,1,72",168,21
"48,1,52",168,21
"56,1,41",168,21
"109,1,8",168,21
"42,1,73;8,2,9,1,80,1,1",168,21
"5,1,254;7,1,236",167,22
"10,1,187",167,22
"11,1,186",167,22
"7,1,236;14,1,162",167,22
"14,1,162;18,1,135",167,22
"17,1,144;20,1,130",167,22
"20,1,130;23,1,119",167,22
"27,1,114",167,22
"18,1,135;27,1,113",167,22
"37,1,90",167,22
"40,1,87",167,22
"23,1,119;46,1,61",167,22
"27,1,113;48,1,51",167,22
"55,1,41",167,22
"56,1,40",167,22
"57,1,39",167,22
"46,1,61;48,1,51;60,1,32",167,22
"59,1,32",167,22
"60,1,32;63,1,24",167,22
"63,1,24;8,3,89,1,1",167,22
"48,1,51;0,1,981,1,0",167,22
"1,1,352",166,23
"10,1,186",166,23
"11,1,185",166,23
"9,1,189;13,1,171",166,23
"13,1,171;16,1,144",166,23
"18,1,134",166,23
"16,1,144;19,1,130",166,23
"19,1,130;22,1,119",166,23
"22,1,119;29,1,107",166,23
"36,1,91",166,23
"39,1,87",166,23
"29,1,107;40,1,86",166,23
"41,1,83",166,23
"40,1,86;45,1,61",166,23
"45,1,61;46,1,60",166,23
"55,1,40",166,23
"57,1,38",166,23
"61,1,31",166,23
"46,1,60;80,1,18",166,23
"108,1,8",166,23
"80,1,18;17,1,162,1,1",166,23
"48,1,50;64,1,308,1,0",166,23
"10,1,185",165,24
"31,1,101",165,24
"36,1,90",165,24
"31,1,100;39,1,86",165,24
"41,1,82",165,24
"13,1,170;45,1,60",165,24
"47,1,58",165,24
"50,1,49",165,24
"61,1,30",165,24
"39,1,86;79,1,18",165,24
"90,1,13;89,1,13",165,24
"45,1,60;8,1,17,1,113,1,1",165,24
"89,1,13;8,1,17,1,113,1,1;8,1,80,1,188,1,0",165,24
"79,1,18;8,1,17,1,113,1,1;8,1,17,1,475,1,0",165,24
"18,1,133",164,25
"28,1,112",164,25
"41,1,81",164,25
"43,1,71",164,25
"49,1,49",164,25
"52,1,48",164,25
"61,1,29",164,25
"2,1,335",163,26
"6,1,236",163,26
"28,1,111",163,26
"41,1,80",163,26
"51,1,48;8,5,23,1,1;9,1,13,2,267,1,0",163,26
"0,1,358",162,27
"41,1,79",162,27
"57,1,37",162,27
"13,1,169;80,1,17",162,27
"87,1,14",162,27
"80,1,17;101,1,11",162,27
"114,1,7",162,27
"17,1,143;64,1,23;8,1,779,1,0",162,27
"64,1,23;101,1,11;8,1,779,1,0;0,1,974,1,0;0,1,973,1,0",162,27
"41,1,78",161,28
"58,1,36",161,28
"8,1,219;79,1,17;8,7,1",161,28
"16,1,143;64,1,22;138,1,188,1,0",161,28
"64,1,22;79,1,17;138,1,188,1,0;0,1,17,1,627,1,0;0,2,963,1,0",161,28
"29,1,106",160,29
"41,1,77",160,29
"102,1,10",160,29
"72,1,20;113,1,7",160,29
"113,1,7;298,1,1",160,29
"44,1,69",159,30
"58,1,35",159,30
"42,1,71;60,1,31",159,30
"59,1,31",159,30
"60,1,31;63,1,23",159,30
"72,1,19;112,1,7",159,30
"112,1,7;297,1,1",159,30
"63,1,23;8,2,16,1,17,2,1;8,3,20,1,188,1,0",159,30
"3,1,301",158,31
"35,1,99",158,31
"44,1,68",158,31
"52,1,47",158,31
"59,1,30",158,31
"60,1,30;63,1,22",158,31
"63,1,22;88,1,13",158,31
"88,1,13;8,4,50,1,1;8,4,255,1,0",158,31
"3,1,300",157,32
"5,1,253",157,32
"12,1,179",157,32
"14,1,161",157,32
"21,1,121",157,32
"27,1,112",157,32
"34,1,99",157,32
"35,1,98",157,32
"41,1,76",157,32
"44,1,67",157,32
"52,1,46",157,32
"50,1,48;56,1,39",157,32
"58,1,34",157,32
"51,1,47;60,1,29;59,1,29",157,32
"62,1,27",157,32
"60,1,29;59,1,29;8,4,49,1,1",157,32
"56,1,39;8,4,49,1,1;8,4,254,1,0",157,32
"59,1,29;0,7,898,1,0",157,32
"3,1,299",156,33
"4,1,276",156,33
"12,1,178",156,33
"14,1,160;27,1,111",156,33
"33,1,99",156,33
"34,1,98",156,33
"27,1,111;44,1,66",156,33
"49,1,48;55,1,39",156,33
"55,1,39;56,1,38",156,33
"44,1,66;62,1,26",156,33
"51,1,46;78,1,18",156,33
"78,1,18;8,1,211,1,1",156,33
"56,1,38;8,1,211,1,1;8,2,580,1,0",156,33
"62,1,26;0,6,921,1,0;0,6,919,1,0",156,33
"1,1,350",155,34
"5,1,252",155,34
"14,1,159",155,34
"33,1,98",155,34
"32,1,99;46,1,59",155,34
"46,1,59;63,1,21",155,34
"63,1,21;100,1,11",155,34
"100,1,11;8,1,17,1,111,1,1",155,34
"55,1,38;77,1,18;8,3,404,1,0",155,34
"77,1,18;8,1,17,1,111,1,1;0,7,897,1,0",155,34
"32,1,98;45,1,59",154,35
"45,1,59;8,1,16,1,111,1,1",154,35
"29,1,105;8,2,145,1,1",153,36
"20,1,129;40,1,85",152,37
"40,1,85;56,1,37",152,37
"56,1,37;78,1,17",152,37
"78,1,17;8,1,55,1,11",152,37
"9,1,188;17,1,142",151,38
"17,1,142;19,1,129",151,38
"19,1,129;39,1,85",151,38
"39,1,85;50,1,47",151,38
"50,1,47;55,1,37",151,38
"55,1,37;77,1,17",151,38
"8,1,218;16,1,142",150,39
"16,1,142;17,1,141",150,39
"17,1,141;31,1,99",150,39
"31,1,99;49,1,47",150,39
"49,1,47;50,1,46",150,39
"50,1,46;71,1,20",150,39
"71,1,20;111,1,7",150,39
"111,1,7;296,1,1",150,39
"8,1,217;16,1,141",149,40
"16,1,141;31,1,98",149,40
"31,1,98;49,1,46",149,40
"49,1,46;71,1,19",149,40
"71,1,19;110,1,7",149,40
"110,1,7;295,1,1",149,40
"38,1,97",184,6
"7,1,251",183,7
"37,1,97",183,7
"7,1,250",182,8
"18,1,140",182,8
"25,1,123",182,8
"94,1,14",182,8
"69,1,25;1,1,61,1,324,1,0",182,8
"3,2,250",181,9
"7,2,140",181,9
"24,1,123",181,9
"36,1,97",181,9
"93,1,14",181,9
"92,1,14",181,9
"4,1,287",180,10
"7,1,249",180,10
"9,1,205",180,10
"1,1,13,1,168",180,10
"23,1,123",180,10
"28,1,118",180,10
"91,1,14",180,10
"109,1,10",180,10
"2,1,349;69,1,24;312,1,1;311,1,1;1028,1,0",180,10
"69,1,24;312,1,1;16,1,18,1,324,1,0",180,10
"4,1,286",179,11
"5,1,264",179,11
"6,1,251",179,11
"3,2,249",179,11
"8,1,235",179,11
"1,1,7,1,233",179,11
"13,1,184",179,11
"22,1,123",179,11
"28,1,117",179,11
"35,1,104",179,11
"99,1,12",179,11
"18,1,139;1027,1,0",179,11
"1,1,362",178,12
"3,1,310",178,12
"4,1,285",178,12
"4,1,284",178,12
"6,1,250",178,12
"8,1,234",178,12
"11,1,197",178,12
"25,1,122",178,12
"34,1,104",178,12
"35,1,103",178,12
"43,1,83",178,12
"108,1,10",178,12
"3,1,309",177,13
"4,1,283",177,13
"8,1,233",177,13
"10,1,197",177,13
"11,1,196",177,13
"11,1,195",177,13
"24,1,122",177,13
"28,1,116",177,13
"33,1,104",177,13
"34,1,103",177,13
"43,1,82",177,13
"57,1,45",177,13
"68,1,25",177,13
"0,1,370",176,14
"1,1,361",176,14
"2,1,348",176,14
"3,1,308",176,14
"6,1,249",176,14
"7,1,248",176,14
"8,1,232",176,14
"8,1,231",176,14
"10,1,196",176,14
"10,1,195",176,14
"11,1,194",176,14
"13,1,183",176,14
"14,1,168",176,14
"17,1,152",176,14
"20,1,136",176,14
"23,1,122",176,14
"32,1,104",176,14
"33,1,103",176,14
"43,1,81",176,14
"48,1,58",176,14
"57,1,44",176,14
"67,1,25",176,14
"90,1,14",176,14
"89,1,14",176,14
"151,1,2",176,14
"0,1,369;0,1,1008,1,0",176,14
"0,2,18,1,615,1,0",176,14
"1,2,348;4,1,282",175,15
"4,1,282;5,1,263",175,15
"3,1,307;7,1,247",175,15
"7,1,247;8,1,230",175,15
"8,1,230;9,1,204",175,15
"10,1,194",175,15
"11,1,193",175,15
"9,1,204;13,1,182",175,15
"14,1,167",175,15
"13,1,182;16,1,152",175,15
"16,1,152;19,1,136",175,15
"22,1,122",175,15
"32,1,103",175,15
"19,1,136;40,1,95",175,15
"61,1,36",175,15
"40,1,95;43,1,80;68,1,24",175,15
"150,1,2",175,15
"43,1,80;68,1,24;1,1,8,1,209,1,1",175,15
"2,1,347;5,1,263;68,1,24;1,1,990,1,0",175,15
"68,1,24;1,1,8,1,209,1,1;0,1,1006,1,0",175,15
"0,1,368;1,2,347",174,16
"8,1,229",174,16
"9,1,203",174,16
"10,1,193",174,16
"11,1,192",174,16
"18,1,138",174,16
"21,1,128",174,16
"26,1,120",174,16
"29,1,114",174,16
"29,1,113",174,16
"38,1,96",174,16
"39,1,95",174,16
"43,1,79",174,16
"52,1,57",174,16
"53,1,49",174,16
"67,1,24",174,16
"124,1,5",174,16
"1,2,347;1,1,293,1,1",174,16
"1,1,360;1019,1,0",174,16
"1,1,989,1,0",174,16
"7,1,246",173,17
"10,1,192",173,17
"13,1,181",173,17
"21,1,127",173,17
"27,1,118",173,17
"37,1,96",173,17
"42,1,83",173,17
"43,1,78",173,17
"51,1,57",173,17
"52,1,56",173,17
"61,1,35",173,17
"66,1,25",173,17
"98,1,12",173,17
"124,1,4",173,17
"1,1,987,1,0",173,17
"3,1,306",172,18
"6,1,248",172,18
"7,1,245",172,18
"8,1,228",172,18
"13,1,180",172,18
"17,1,151",172,18
"18,1,137",172,18
"27,1,117",172,18
"42,1,82",172,18
"0,1,367;43,1,77",172,18
"51,1,56",172,18
"52,1,55",172,18
"57,1,43",172,18
"96,1,13",172,18
"149,1,2",172,18
"2,1,346;43,1,77;69,1,23;0,1,1002,1,0",172,18
"43,1,77;0,2,987,1,0",172,18
"69,1,23;0,2,987,1,0;0,2,16,1,17,1,324,1,0",172,18
"0,1,366",171,19
"2,1,345",171,19
"5,1,262",171,19
"6,1,247",171,19
"4,1,281;7,1,244",171,19
"7,1,244;8,1,227",171,19
"11,1,191",171,19
"8,1,227;16,1,151",171,19
"30,1,110",171,19
"31,1,104",171,19
"36,1,96",171,19
"42,1,81",171,19
"13,2,80",171,19
"51,1,55",171,19
"52,1,54",171,19
"57,1,42",171,19
"16,1,151;1,1,291,1,1",171,19
"114,1,9;18,1,628,1,0",171,19
"61,1,34;1,1,985,1,0",171,19
"66,1,24;69,1,22;1,1,291,1,1;0,2,8,1,31,1,324,1,0",171,19
"69,1,22;1,1,291,1,1;0,2,8,1,31,1,324,1,0;0,3,965,1,0",171,19
"1,1,359",170,20
"2,1,344",170,20
"10,1,191",170,20
"11,1,190",170,20
"15,1,158",170,20
"17,1,150",170,20
"26,1,119",170,20
"27,1,116",170,20
"28,1,115",170,20
"31,1,103",170,20
"40,1,94",170,20
"42,1,80",170,20
"51,1,54;13,1,52,1,9",170,20
"86,1,18;0,1,1000,1,0",170,20
"6,1,246",169,21
"10,1,190",169,21
"16,1,150",169,21
"39,1,94",169,21
"40,1,93",169,21
"42,1,79",169,21
"43,1,76",169,21
"47,1,65",169,21
"52,1,53",169,21
"85,1,18",169,21
"84,1,18",169,21
"88,1,14",169,21
"64,1,27;113,1,9",169,21
"95,1,13;9,1,75,1,188,1,0",169,21
"6,1,245",168,22
"11,1,189",168,22
"14,1,166",168,22
"17,1,149",168,22
"35,1,102",168,22
"39,1,93",168,22
"42,1,78;46,1,69",168,22
"46,1,69;51,1,53",168,22
"52,1,52",168,22
"60,1,36",168,22
"59,1,36",168,22
"83,1,18",168,22
"82,1,18",168,22
"64,1,26;112,1,9",168,22
"51,1,53;8,1,13,1,23,1,9",168,22
"69,1,21;62,1,324,1,0",168,22
"0,1,365",167,23
"2,1,343",167,23
"6,1,244",167,23
"10,1,189",167,23
"15,1,157",167,23
"16,1,149",167,23
"34,1,102",167,23
"42,1,77;45,1,69",167,23
"45,1,69;46,1,68",167,23
"47,1,64",167,23
"50,1,57",167,23
"46,1,68;51,1,52",167,23
"52,1,51",167,23
"56,1,45",167,23
"68,1,23;81,1,18",167,23
"51,1,52;8,2,32,1,9",167,23
"81,1,18;0,1,999,1,0",167,23
"0,1,364",166,24
"3,1,305",166,24
"21,1,126",166,24
"30,1,109",166,24
"33,1,102",166,24
"45,1,68;46,1,67",166,24
"47,1,63",166,24
"49,1,57",166,24
"50,1,56",166,24
"46,1,67;51,1,51",166,24
"52,1,50",166,24
"53,1,48",166,24
"55,1,45",166,24
"56,1,44",166,24
"51,1,51;60,1,35",166,24
"59,1,35",166,24
"60,1,35;63,1,27",166,24
"68,1,22",166,24
"76,1,20",166,24
"86,1,17",166,24
"63,1,27;8,3,13,1,9",166,24
"67,1,23;1,1,979,1,0",166,24
"0,1,363",165,25
"12,1,187",165,25
"21,1,125",165,25
"25,1,121",165,25
"7,1,243;30,1,108",165,25
"32,1,102;40,1,92",165,25
"40,1,92;45,1,67",165,25
"45,1,67;46,1,66",165,25
"49,1,56",165,25
"50,1,55",165,25
"46,1,66;51,1,50",165,25
"55,1,44",165,25
"51,1,50;17,1,20,1,27",165,25
"17,1,20,1,27;63,1,26",165,25
"67,1,22",165,25
"74,1,20",165,25
"76,1,19",165,25
"75,1,20;85,1,17",165,25
"84,1,17",165,25
"63,1,26;8,1,60,1,9",165,25
"107,1,11;1,1,978,1,0",165,25
"30,1,108;0,1,8,1,17,1,475,1,0",165,25
"85,1,17;0,1,2,1,941,1,0",165,25
"3,1,304",164,26
"4,1,280",164,26
"12,1,186",164,26
"21,1,124",164,26
"24,1,121",164,26
"1,1,31,1,96",164,26
"29,1,112;39,1,92",164,26
"39,1,92;45,1,66",164,26
"49,1,55",164,26
"50,1,54",164,26
"45,1,66;60,1,34",164,26
"42,1,76;60,1,34;59,1,34",164,26
"73,1,20;75,1,19",164,26
"75,1,19;74,1,19",164,26
"83,1,17;82,1,17",164,26
"74,1,19;106,1,11",164,26
"82,1,17;105,1,11",164,26
"60,1,34;8,1,17,2,9",164,26
"105,1,11;114,1,8",164,26
"106,1,11;115,1,7",164,26
"114,1,8;1,1,975,1,0",164,26
"59,1,34;1,1,64,1,293,1,0",164,26
"115,1,7;0,2,13,1,690,1,0",164,26
"1,1,358",163,27
"5,1,261",163,27
"12,1,185",163,27
"14,1,165",163,27
"27,1,115",163,27
"23,1,121;29,1,111",163,27
"41,1,84",163,27
"47,1,62",163,27
"49,1,54",163,27
"68,1,21",163,27
"73,1,19",163,27
"81,1,17",163,27
"104,1,11",163,27
"103,1,11",163,27
"29,1,111;8,1,16,1,17,1,9",163,27
"66,1,23;0,2,977,1,0",163,27
"20,1,135;22,1,121",162,28
"22,1,121;40,1,91",162,28
"40,1,91;50,1,53",162,28
"50,1,53;56,1,43",162,28
"65,1,25",162,28
"56,1,43;8,2,31,1,9",162,28
"113,1,8",162,28
"66,1,22;67,1,21;0,2,974,1,0",162,28
"67,1,21;0,2,973,1,0",162,28
"9,1,201;13,1,179",161,29
"6,1,243;15,1,156",161,29
"13,1,179;17,1,148",161,29
"17,1,148;19,1,135",161,29
"19,1,135;20,1,134",161,29
"15,1,156;30,1,107",161,29
"20,1,134;39,1,91",161,29
"39,1,91;40,1,90",161,29
"40,1,90;49,1,53",161,29
"49,1,53;50,1,52",161,29
"50,1,52;55,1,43",161,29
"55,1,43;56,1,42",161,29
"56,1,42;8,1,31,1,34",161,29
"30,1,107;112,1,8",161,29
"112,1,8;0,2,17,1,627,1,0;0,3,963,1,0",161,29
"8,1,225;9,1,200",160,30
"9,1,200;16,1,148",160,30
"16,1,148;19,1,134",160,30
"19,1,134;31,1,102",160,30
"31,1,102;39,1,90",160,30
"39,1,90;49,1,52",160,30
"17,1,147;50,1,51",160,30
"53,1,47",160,30
"49,1,52;55,1,42",160,30
"65,1,24",160,30
"87,1,16",160,30
"13,1,178;55,1,42;8,1,784,1,0",160,30
"50,1,51;55,1,42;0,1,64,1,299,1,0",160,30
"47,1,61;0,2,16,1,627,1,0",160,30
"8,1,224;9,1,199",159,31
"15,1,155",159,31
"9,1,199;20,1,133",159,31
"47,1,60",159,31
"16,1,147;49,1,51",159,31
"17,1,146;50,1,50",159,31
"53,1,46",159,31
"66,1,21",159,31
"87,1,15",159,31
"50,1,50;111,1,9",159,31
"123,1,5",159,31
"20,1,133;111,1,9;17,1,642,1,0",159,31
"49,1,51;111,1,9;0,1,64,3,0",159,31
"9,1,198;17,1,145",158,32
"17,1,145;19,1,133",158,32
"16,1,146;49,1,50",158,32
"97,1,12",158,32
"49,1,50;110,1,9",158,32
"123,1,4",158,32
"135,1,3",158,32
"8,1,223;19,1,133;1,1,5,1,224,1,1",158,32
"19,1,133;110,1,9;1,1,5,1,224,1,1;16,1,642,1,0",158,32
"8,1,222;16,1,145",157,33
"30,1,106",155,35
"44,1,70",154,36
"62,1,28",154,36
"11,1,188",153,37
"7,1,242",152,38
"10,1,188",152,38
"65,1,23",152,38
"111,1,8",152,38
"110,1,8;0,1,8,1,778,1,0",151,39
"65,1,22;0,1,8,1,778,1,0;0,2,17,1,623,1,0",151,39
"2,1,342",148,42
"6,1,242",148,42
"15,1,154",148,42
"30,1,105",148,42
"47,1,59",148,42
"65,1,21",148,42
"102,1,11",148,42
"4,1,298",183,8
"26,1,123",183,8
"96,1,14",183,8
"132,1,5",183,8
"2,1,357",182,9
"11,1,205",182,9
"25,1,128",182,9
"131,1,5",182,9
"132,1,4",182,9
"2,1,356",181,10
"7,1,260",181,10
"10,1,205",181,10
"24,1,128",181,10
"25,1,127",181,10
"130,1,5",181,10
"131,1,4",181,10
"2,1,355",180,11
"3,1,319",180,11
"3,2,260",180,11
"9,1,216",180,11
"23,1,128",180,11
"24,1,127",180,11
"29,1,118",180,11
"48,1,65",180,11
"1,1,61,1,33",180,11
"70,1,25",180,11
"94,1,16",180,11
"95,1,14",180,11
"129,1,5",180,11
"128,1,5",180,11
"130,1,4",180,11
"0,1,377",179,12
"3,1,318",179,12
"7,1,259",179,12
"2,2,319;9,1,215",179,12
"22,1,128",179,12
"23,1,127",179,12
"26,1,122",179,12
"29,1,117",179,12
"93,1,16",179,12
"92,1,16",179,12
"94,1,15",179,12
"129,1,4",179,12
"128,1,4",179,12
"139,1,3",179,12
"69,1,27;68,2,1;9,1,32,1,324,1,0",179,12
"9,1,215;68,2,1;0,1,1027,1,0",179,12
"0,1,376",178,13
"0,1,375",178,13
"4,1,297",178,13
"8,1,241",178,13
"9,1,214",178,13
"22,1,127",178,13
"48,1,64",178,13
"70,1,24",178,13
"91,1,16",178,13
"93,1,15",178,13
"92,1,15",178,13
"69,1,26;8,1,9,1,13,1,324,1,0",178,13
"1,1,369",177,14
"2,1,354",177,14
"6,1,260",177,14
"11,1,204",177,14
"20,1,140",177,14
"29,1,116",177,14
"40,1,97",177,14
"5,1,275;48,1,63",177,14
"91,1,15",177,14
"155,1,2",177,14
"48,1,63;1,1,308,1,1",177,14
"5,1,274",176,15
"7,1,258",176,15
"0,1,374;9,1,213",176,15
"9,1,213;9,1,212",176,15
"10,1,204",176,15
"11,1,203",176,15
"14,1,177",176,15
"15,1,164",176,15
"19,1,140",176,15
"38,1,101",176,15
"38,1,100",176,15
"39,1,97",176,15
"52,1,58",176,15
"53,1,57",176,15
"9,1,212;54,1,49",176,15
"54,1,49;114,1,10",176,15
"3,1,317;114,1,10;3,1,267,1,1",176,15
"114,1,10;1,1,13,1,189,1,1",176,15
"6,1,259",175,16
"7,1,257",175,16
"10,1,203",175,16
"12,1,197",175,16
"17,1,153",175,16
"18,1,144",175,16
"37,1,101",175,16
"37,1,100",175,16
"43,1,84",175,16
"51,1,58",175,16
"53,1,56",175,16
"4,1,296",174,17
"4,1,295",174,17
"7,1,256",174,17
"7,1,255;8,1,239",174,17
"1,1,7,1,237",174,17
"0,1,373;9,1,211",174,17
"9,1,211;9,1,210",174,17
"12,1,196",174,17
"12,1,195",174,17
"16,1,153",174,17
"20,1,139",174,17
"8,1,239;9,1,210;48,1,62",174,17
"53,1,55",174,17
"90,1,16",174,17
"89,1,16",174,17
"101,1,12",174,17
"113,1,10",174,17
"127,1,5",174,17
"126,1,5",174,17
"25,1,126;1,1,302,1,1",174,17
"48,1,62;1,1,122,1,209,1,0",174,17
"9,1,210;68,1,27;1,1,122,1,209,1,0;0,1,1018,1,0",174,17
"68,1,27;1,1,122,1,209,1,0;0,1,1018,1,0;0,2,1005,1,0;0,3,59,1,324,1,0",174,17
"1,1,367",173,18
"3,1,316",173,18
"8,1,238",173,18
"9,1,208",173,18
"11,1,202",173,18
"12,1,194",173,18
"14,1,176",173,18
"14,1,175",173,18
"19,1,139",173,18
"24,1,126",173,18
"25,1,125",173,18
"28,1,120",173,18
"36,1,101",173,18
"36,1,100",173,18
"53,1,54",173,18
"7,1,254;68,1,26",173,18
"90,1,15",173,18
"89,1,15",173,18
"99,1,13",173,18
"112,1,10",173,18
"68,1,26;115,1,9",173,18
"127,1,4",173,18
"126,1,4",173,18
"154,1,2",173,18
"9,1,209;316,1,1",173,18
"5,1,273;1,1,300,1,1",173,18
"115,1,9;1044,1,0",173,18
"67,1,27;1044,1,0;0,1,1016,1,0;0,1,1015,1,0;0,3,17,2,324,1,0",173,18
"1,1,366",172,19
"3,1,315",172,19
"4,1,294",172,19
"5,1,272",172,19
"6,1,258",172,19
"10,1,202",172,19
"12,1,193",172,19
"25,1,124",172,19
"67,1,26",172,19
"118,1,6",172,19
"24,1,125;23,1,150,1,1",172,19
"23,1,126;0,3,987,1,0",172,19
"3,1,314",171,20
"4,1,293",171,20
"5,1,271",171,20
"6,1,257",171,20
"12,1,192",171,20
"14,1,174",171,20
"22,1,126",171,20
"24,1,124",171,20
"48,1,61",171,20
"53,1,53",171,20
"138,1,3",171,20
"23,1,125;13,1,194,1,1",171,20
"2,1,353",170,21
"4,1,292",170,21
"6,1,256",170,21
"6,1,255",170,21
"15,1,163",170,21
"18,1,143",170,21
"22,1,125;23,1,124",170,21
"23,1,124;29,1,115",170,21
"5,1,270;29,1,115;42,1,84",170,21
"29,1,115;42,1,84;48,1,60",170,21
"53,1,52",170,21
"66,1,27",170,21
"70,1,23",170,21
"137,1,3",170,21
"42,1,84;48,1,60;8,1,219,1,1",170,21
"48,1,60;1,1,64,2,1",170,21
"3,1,313",169,22
"4,1,291",169,22
"6,1,254",169,22
"15,1,162",169,22
"13,1,187;20,1,138",169,22
"21,1,132",169,22
"20,1,138;22,1,124",169,22
"28,1,119",169,22
"30,1,114",169,22
"30,1,113",169,22
"41,1,89",169,22
"50,1,58",169,22
"53,1,51",169,22
"66,1,26",169,22
"70,1,22",169,22
"22,1,124;8,1,218,1,1",169,22
"1,1,365",168,23
"2,1,352",168,23
"4,1,290",168,23
"5,1,269",168,23
"12,1,191",168,23
"9,1,207;13,1,186",168,23
"13,1,186;19,1,138",168,23
"41,1,88",168,23
"49,1,58",168,23
"53,1,50",168,23
"54,1,48",168,23
"109,1,11",168,23
"19,1,138;16,1,167,1,1",168,23
"0,1,372",167,24
"1,1,364",167,24
"2,1,351",167,24
"4,1,289",167,24
"5,1,268",167,24
"12,1,190",167,24
"13,1,185;20,1,137",167,24
"21,1,131",167,24
"20,1,137;40,1,96",167,24
"44,1,75",167,24
"88,1,16",167,24
"98,1,13",167,24
"100,1,12",167,24
"136,1,3",167,24
"40,1,96;8,2,149,1,1",167,24
"1,2,351;5,1,267",166,25
"1,1,363;5,1,266",166,25
"5,1,267;8,1,236;9,1,206",166,25
"8,1,236;9,1,206;14,1,173",166,25
"5,1,266;14,1,173;14,1,172",166,25
"9,1,206;19,1,137",166,25
"26,1,121",166,25
"14,1,173;27,1,120",166,25
"19,1,137;39,1,96",166,25
"27,1,120;44,1,74",166,25
"58,1,41",166,25
"44,1,74;62,1,33",166,25
"88,1,15",166,25
"70,1,21;108,1,11",166,25
"115,1,8",166,25
"125,1,5",166,25
"14,1,172;39,1,96;315,1,1",166,25
"62,1,33;64,1,28;72,1,293,1,0",166,25
"64,1,28;108,1,11;72,1,293,1,0;1,1,998,1,0",166,25
"12,1,189",165,26
"21,1,130",165,26
"41,1,87",165,26
"58,1,40",165,26
"125,1,4",165,26
"41,1,86",164,27
"111,1,10",164,27
"7,1,253",163,28
"11,1,201",163,28
"5,1,265;14,1,171",163,28
"46,1,70;63,1,28",163,28
"110,1,10",163,28
"63,1,28;8,4,261,1,0",163,28
"14,1,171;1,2,963,1,0",163,28
"10,1,201",162,29
"11,1,200",162,29
"14,1,170",162,29
"27,1,119",162,29
"44,1,73",162,29
"44,1,72",162,29
"54,1,47",162,29
"117,1,6",162,29
"153,1,2",162,29
"45,1,70;8,3,17,1,209,1,0",162,29
"7,1,252",161,30
"10,1,200",161,30
"11,1,199",161,30
"38,1,99",161,30
"47,1,69",161,30
"54,1,46",161,30
"62,1,32",161,30
"116,1,6",161,30
"152,1,2",161,30
"10,1,199",160,31
"11,1,198",160,31
"37,1,99",160,31
"38,1,98",160,31
"47,1,68",160,31
"6,1,253",159,32
"10,1,198",159,32
"15,1,161",159,32
"18,1,142",159,32
"30,1,112",159,32
"37,1,98",159,32
"47,1,67",159,32
"14,1,169;48,1,59",159,32
"65,1,27",159,32
"48,1,59;5,1,64,1,11",159,32
"15,1,160",158,33
"18,1,141",158,33
"30,1,111",158,33
"36,1,99",158,33
"47,1,66",158,33
"65,1,26",158,33
"2,1,350",157,34
"6,1,252",157,34
"15,1,159",157,34
"36,1,98",157,34
"0,1,371",156,35
"58,1,39",155,36
"58,1,38",154,37
"87,1,18",154,37
"44,1,71",153,38
"62,1,31",153,38
"62,1,30",152,39
"97,1,13",152,39
"3,1,312",151,40
"62,1,29",151,40
"3,1,311;4,1,288",150,41
"4,1,288;12,1,188",150,41
"12,1,188;21,1,129",150,41
"21,1,129;41,1,85",150,41
"41,1,85;58,1,37",150,41
"58,1,37;87,1,17",150,41
"87,1,17;1,1,295,1,1",150,41
"143,1,3",186,6
"3,1,334",185,7
"7,1,264",185,7
"142,1,3",185,7
"2,2,334",184,8
"3,1,333",184,8
"3,2,264",184,8
"99,1,14",184,8
"18,1,152;2,1,994,1,0",184,8
"2,2,333",183,9
"3,1,332",183,9
"3,1,331",183,9
"3,1,330",183,9
"26,1,128",183,9
"158,1,2",183,9
"2,1,18,1,617,1,0",183,9
"0,1,386",182,10
"3,1,329",182,10
"3,1,328",182,10
"5,1,279",182,10
"8,1,251",182,10
"11,1,216",182,10
"2,1,13,1,168",182,10
"26,1,127",182,10
"28,1,123",182,10
"35,1,110",182,10
"38,1,104",182,10
"2,2,328",181,11
"3,1,327",181,11
"4,1,303",181,11
"6,1,264",181,11
"7,1,263",181,11
"8,1,250",181,11
"10,1,216",181,11
"11,1,215",181,11
"34,1,110",181,11
"37,1,104",181,11
"38,1,103",181,11
"43,1,89",181,11
"96,1,16",181,11
"0,2,17,1,18,1,324,1,0",181,11
"1,1,377",180,12
"2,1,362",180,12
"10,1,215",180,12
"11,1,214",180,12
"33,1,110",180,12
"37,1,103",180,12
"43,1,88",180,12
"52,1,65",180,12
"61,1,41",180,12
"96,1,15",180,12
"122,1,6",180,12
"134,1,5",180,12
"157,1,2",180,12
"5,1,278;1,1,64,1,69,1,1",180,12
"1,1,1027,1,0",180,12
"18,1,151;0,2,1028,1,0",180,12
"1,1,376",179,13
"8,1,249",179,13
"10,1,214",179,13
"12,1,205",179,13
"13,1,197",179,13
"32,1,110",179,13
"36,1,104",179,13
"51,1,65",179,13
"61,1,40",179,13
"121,1,6",179,13
"133,1,5",179,13
"134,1,4",179,13
"141,1,3",179,13
"1,1,375;1,1,1026,1,0;0,2,1027,1,0",179,13
"2,1,361",178,14
"3,1,326",178,14
"11,1,213",178,14
"11,1,212",178,14
"13,1,196",178,14
"13,1,195",178,14
"15,1,168",178,14
"18,1,150",178,14
"28,1,122",178,14
"36,1,103",178,14
"52,1,64",178,14
"53,1,58",178,14
"54,1,57",178,14
"57,1,49",178,14
"95,1,16",178,14
"98,1,14",178,14
"115,1,10",178,14
"120,1,6",178,14
"133,1,4",178,14
"0,1,385",177,15
"6,1,263",177,15
"1,1,374;10,1,213",177,15
"10,1,213;10,1,212",177,15
"10,1,212;13,1,194",177,15
"15,1,167",177,15
"25,1,132",177,15
"7,1,262;2,1,18,1,131",177,15
"35,1,109",177,15
"43,1,87",177,15
"51,1,64",177,15
"52,1,63",177,15
"54,1,56",177,15
"95,1,15",177,15
"107,1,12",177,15
"13,1,194;2,1,18,1,131;2,1,991,1,0",177,15
"70,1,27;1,1,1023,1,0",177,15
"0,1,384",176,16
"1,1,5,1,263",176,16
"11,1,211",176,16
"13,1,193",176,16
"14,1,184",176,16
"18,1,149",176,16
"11,1,210;24,1,132",176,16
"34,1,109",176,16
"35,1,108",176,16
"42,1,89",176,16
"43,1,86",176,16
"46,1,75",176,16
"51,1,63",176,16
"54,1,55",176,16
"106,1,12",176,16
"105,1,12",176,16
"156,1,2",176,16
"69,1,28;70,1,26;1,1,1022,1,0",176,16
"24,1,132;1,1,43,1,485,1,0",176,16
"70,1,26;1,1,1022,1,0;0,1,17,1,20,1,324,1,0",176,16
"0,1,383",175,17
"8,1,248;9,1,221",175,17
"10,1,211",175,17
"10,1,210",175,17
"11,1,209",175,17
"11,1,208",175,17
"9,1,221;13,1,192",175,17
"23,1,132",175,17
"25,1,131",175,17
"27,1,123",175,17
"30,1,118",175,17
"33,1,109",175,17
"34,1,108",175,17
"42,1,88",175,17
"45,1,75",175,17
"46,1,74",175,17
"54,1,54",175,17
"63,1,33",175,17
"72,1,25",175,17
"104,1,12",175,17
"103,1,12",175,17
"1,1,373;0,1,1046,1,0",175,17
"26,1,126;1,1,1019,1,0;0,2,1021,1,0",175,17
"0,1,382",174,18
"10,1,208",174,18
"12,1,204",174,18
"17,1,158",174,18
"21,1,136",174,18
"22,1,132",174,18
"10,1,209;24,1,131",174,18
"26,1,125",174,18
"30,1,117",174,18
"31,1,110",174,18
"32,1,109",174,18
"33,1,108",174,18
"45,1,74",174,18
"52,1,62",174,18
"24,1,131;2,1,292,1,1",174,18
"94,1,18;0,2,1017,1,0;0,4,59,1,324,1,0",174,18
"6,1,262",173,19
"12,1,203",173,19
"14,1,183",173,19
"16,1,158",173,19
"8,2,132",173,19
"25,1,130",173,19
"26,1,124",173,19
"29,1,120",173,19
"41,1,95",173,19
"50,1,65",173,19
"51,1,62",173,19
"54,1,53",173,19
"60,1,41",173,19
"59,1,41",173,19
"64,1,32;72,1,24",173,19
"93,1,18",173,19
"119,1,6",173,19
"72,1,24;327,1,1",173,19
"32,1,108;13,1,23,1,80,1,1",173,19
"92,1,18;1,1,1014,1,0;1,1,1013,1,0;0,2,1015,1,0;0,4,17,2,324,1,0",173,19
"2,1,359;3,1,325",172,20
"3,1,325;8,1,246",172,20
"14,1,182",172,20
"8,1,246;22,1,131",172,20
"24,1,130",172,20
"30,1,116",172,20
"35,1,107",172,20
"42,1,87",172,20
"48,1,69",172,20
"49,1,65",172,20
"54,1,52",172,20
"60,1,40",172,20
"59,1,40",172,20
"91,1,18;0,1,1040,1,0",172,20
"22,1,131;0,4,987,1,0",172,20
"0,1,381",171,21
"8,1,245;9,1,220",171,21
"9,1,220;13,1,190",171,21
"17,1,157",171,21
"27,1,122",171,21
"34,1,107",171,21
"38,1,102",171,21
"23,1,130;42,1,86",171,21
"42,1,86;46,1,73",171,21
"46,1,72",171,21
"48,1,68",171,21
"50,1,64",171,21
"52,1,61",171,21
"54,1,51",171,21
"68,1,28",171,21
"46,1,73;8,2,13,1,80,1,1",171,21
"3,1,324;0,2,1011,1,0",171,21
"4,1,302",170,22
"5,1,277",170,22
"11,1,207",170,22
"12,1,202",170,22
"14,1,181",170,22
"15,1,166",170,22
"16,1,157",170,22
"20,1,144;22,1,130",170,22
"33,1,107",170,22
"37,1,102",170,22
"22,1,130;45,1,73",170,22
"45,1,72",170,22
"48,1,67",170,22
"49,1,64",170,22
"50,1,63",170,22
"45,1,73;51,1,61",170,22
"52,1,60",170,22
"54,1,50",170,22
"57,1,48",170,22
"51,1,61;63,1,32",170,22
"67,1,28",170,22
"94,1,17",170,22
"63,1,32;8,3,101,1,1",170,22
"3,1,323",169,23
"7,1,261",169,23
"10,1,207",169,23
"14,1,180",169,23
"18,1,148",169,23
"13,1,189;19,1,144",169,23
"19,1,144;29,1,119",169,23
"31,1,109",169,23
"29,1,119;32,1,107",169,23
"40,1,101",169,23
"32,1,107;40,1,100",169,23
"48,1,66",169,23
"49,1,63",169,23
"40,1,100;51,1,60",169,23
"61,1,39",169,23
"93,1,17",169,23
"51,1,60;8,1,42,1,64,1,1",169,23
"92,1,17;0,1,1036,1,0",169,23
"1,1,372",168,24
"11,1,206",168,24
"18,1,147",168,24
"36,1,102",168,24
"39,1,101",168,24
"31,1,108;39,1,100",168,24
"41,1,94",168,24
"56,1,49",168,24
"61,1,38",168,24
"39,1,100;89,1,18",168,24
"91,1,17",168,24
"89,1,18;8,2,154,1,1",168,24
"101,1,13;8,2,154,1,1;9,1,80,1,188,1,0",168,24
"90,1,18;8,2,154,1,1;3,1,929,1,0",168,24
"10,1,206",167,25
"18,1,146",167,25
"41,1,93",167,25
"44,1,83",167,25
"50,1,62",167,25
"55,1,49",167,25
"66,1,28",167,25
"18,1,145",166,26
"44,1,82",166,26
"49,1,62",166,26
"35,1,106;1,2,978,1,0",166,26
"0,1,380",165,27
"2,1,358",165,27
"6,1,261",165,27
"15,1,165",165,27
"17,1,156;20,1,143",165,27
"30,1,115",165,27
"34,1,106",165,27
"44,1,81",165,27
"58,1,45",165,27
"71,1,25",165,27
"64,1,31;72,1,23",165,27
"20,1,143;72,1,23;8,1,813,1,0",165,27
"28,1,121;0,1,64,1,318,1,0",165,27
"0,1,379",164,28
"8,1,243;16,1,156",164,28
"16,1,156;19,1,143",164,28
"33,1,106",164,28
"44,1,80",164,28
"31,1,107;50,1,61",164,28
"57,1,47",164,28
"58,1,44",164,28
"61,1,37",164,28
"64,1,30;72,1,22",164,28
"80,1,20;90,1,17",164,28
"90,1,17;89,1,17",164,28
"114,1,11",164,28
"9,1,219;89,1,17;8,6,9,1,1",164,28
"19,1,143;72,1,22;8,1,812,1,0;0,1,17,1,655,1,0",164,28
"72,1,22;89,1,17;8,1,812,1,0;0,1,2,1,963,1,0",164,28
"50,1,61;89,1,17;0,1,17,1,655,1,0;0,4,978,1,0",164,28
"0,1,378",163,29
"32,1,106",163,29
"41,1,92",163,29
"44,1,79",163,29
"57,1,46",163,29
"17,1,155;64,1,29",163,29
"50,1,60;71,1,24",163,29
"71,1,24;79,1,20",163,29
"79,1,20;80,1,19",163,29
"97,1,14",163,29
"80,1,19;118,1,7",163,29
"118,1,7;8,1,225,1,1",163,29
"49,1,61;8,1,225,1,1;0,1,8,1,797,1,0",163,29
"64,1,29;8,1,225,1,1;0,4,976,1,0",163,29
"43,1,85",162,30
"44,1,78",162,30
"16,1,155;49,1,60",162,30
"46,1,71;60,1,39",162,30
"59,1,39",162,30
"62,1,36",162,30
"60,1,39;63,1,31",162,30
"49,1,60;79,1,19",162,30
"79,1,19;113,1,11",162,30
"113,1,11;8,1,224,1,1",162,30
"63,1,31;8,3,17,1,40,1,1;8,4,267,1,0",162,30
"44,1,77",161,31
"45,1,71;60,1,38",161,31
"59,1,38",161,31
"60,1,38;63,1,30",161,31
"63,1,30;100,1,13",161,31
"72,1,21;112,1,11",161,31
"88,1,18;8,4,56,1,1",161,31
"100,1,13;8,4,56,1,1;8,5,188,1,0",161,31
"3,1,322",160,32
"12,1,201",160,32
"21,1,135",160,32
"41,1,91",160,32
"58,1,43",160,32
"62,1,35",160,32
"102,1,12",160,32
"140,1,3",160,32
"63,1,29;8,4,55,1,1",160,32
"56,1,48;8,4,55,1,1;8,5,187,1,0",160,32
"3,1,321",159,33
"4,1,301",159,33
"12,1,200",159,33
"21,1,134",159,33
"35,1,105",159,33
"41,1,90",159,33
"52,1,59",159,33
"58,1,42",159,33
"55,1,48;8,1,223,1,1;8,3,435,1,0",159,33
"3,1,320",158,34
"4,1,300",158,34
"12,1,199",158,34
"25,1,129",158,34
"14,1,179;27,1,121",158,34
"31,1,106",158,34
"34,1,105",158,34
"27,1,121;44,1,76",158,34
"44,1,76;62,1,34",158,34
"51,1,59;8,1,17,1,117,1,1",158,34
"62,1,34;1,1,1009,1,0",158,34
"1,1,371",157,35
"4,1,299",157,35
"5,1,276",157,35
"12,1,198",157,35
"14,1,178",157,35
"21,1,133",157,35
"24,1,129",157,35
"33,1,105",157,35
"42,1,85;60,1,37",157,35
"59,1,37",157,35
"60,1,37;88,1,17",157,35
"88,1,17;8,2,153,1,1",157,35
"23,1,129;32,1,105",156,36
"47,1,70",156,36
"65,1,28",156,36
"32,1,105;8,2,152,1,1",156,36
"22,1,129;8,2,31,1,11",155,37
"71,1,23;8,2,31,1,11;8,1,808,1,0",155,37
"13,1,188;20,1,142",154,38
"20,1,142;40,1,99",154,38
"40,1,99;56,1,47",154,38
"56,1,47;78,1,20",154,38
"78,1,20;8,1,49,1,17",154,38
"71,1,22;8,1,49,1,17;8,1,138,2,0",154,38
"9,1,218;19,1,142",153,39
"19,1,142;20,1,141",153,39
"20,1,141;39,1,99",153,39
"39,1,99;40,1,98",153,39
"40,1,98;55,1,47",153,39
"55,1,47;56,1,46",153,39
"56,1,46;77,1,20",153,39
"77,1,20;78,1,19",153,39
"78,1,19;117,1,7",153,39
"117,1,7;326,1,1",153,39
"9,1,217;17,1,154",152,40
"17,1,154;19,1,141",152,40
"19,1,141;39,1,98",152,40
"39,1,98;50,1,59",152,40
"50,1,59;55,1,46",152,40
"55,1,46;77,1,19",152,40
"77,1,19;111,1,11",152,40
"111,1,11;116,1,7",152,40
"116,1,7;325,1,1",152,40
"8,1,242;16,1,154",151,41
"16,1,154;31,1,105",151,41
"31,1,105;49,1,59",151,41
"49,1,59;71,1,21",151,41
"71,1,21;110,1,11",151,41
"69,1,33;340,1,1;70,1,324,1,0",188,5
"3,1,341",186,7
"43,1,95",185,8
"0,1,397;1,1,323,1,1",185,8
"13,1,205",183,10
"18,1,153",183,10
"7,1,275;1,1,322,1,1",183,10
"68,1,33;1,1,322,1,1;18,1,659,1,0",183,10
"69,1,32;337,1,1;1,1,322,1,1;18,1,19,1,324,1,0",183,10
"9,1,235",182,11
"25,1,136",182,11
"28,1,128",182,11
"29,1,123",182,11
"53,1,65",182,11
"99,1,16",182,11
"7,1,274;1,1,3,1,270,1,1",182,11
"67,1,33;336,1,1;1,1,3,1,270,1,1;18,2,333,1,0",182,11
"5,1,287",181,12
"9,1,234",181,12
"24,1,136",181,12
"28,1,127",181,12
"76,1,25",181,12
"99,1,15",181,12
"3,1,340",180,13
"5,1,286",180,13
"8,1,260",180,13
"9,1,233",180,13
"17,1,164",180,13
"23,1,136",180,13
"35,1,114",180,13
"35,1,113",180,13
"42,1,95",180,13
"43,1,94",180,13
"53,1,64",180,13
"54,1,58",180,13
"57,1,57",180,13
"75,1,25",180,13
"74,1,25",180,13
"109,1,12",180,13
"2,1,370",179,14
"3,1,339",179,14
"4,1,310",179,14
"5,1,285",179,14
"5,1,284",179,14
"6,1,275",179,14
"9,1,232",179,14
"9,1,231",179,14
"12,1,216",179,14
"16,1,164",179,14
"20,1,152",179,14
"22,1,136",179,14
"34,1,114",179,14
"34,1,113",179,14
"43,1,93",179,14
"53,1,63",179,14
"57,1,56",179,14
"61,1,45",179,14
"2,1,369;66,1,33",179,14
"73,1,25",179,14
"76,1,24",179,14
"101,1,14",179,14
"7,1,273;66,1,33;1,1,319,1,1;2,1,1008,1,0",179,14
"0,1,396;1,1,385",178,15
"1,1,385;1,2,370",178,15
"4,1,309",178,15
"5,1,283",178,15
"6,1,274",178,15
"1,2,370;7,1,272",178,15
"7,1,272;8,1,259",178,15
"8,1,259;9,1,230",178,15
"12,1,215",178,15
"9,1,230;13,1,204",178,15
"15,1,177",178,15
"13,1,204;19,1,152",178,15
"26,1,132",178,15
"29,1,122",178,15
"33,1,114",178,15
"33,1,113",178,15
"57,1,55",178,15
"61,1,44",178,15
"19,1,152;68,1,32",178,15
"68,1,32;75,1,24",178,15
"75,1,24;74,1,24",178,15
"108,1,12",178,15
"144,1,3",178,15
"74,1,24;1,2,308,1,1",178,15
"1,1,384",177,16
"2,1,368;3,1,338",177,16
"3,1,338;4,1,308",177,16
"4,1,308;7,1,271",177,16
"7,1,271;1,1,8,1,240",177,16
"1,1,8,1,240;9,1,229",177,16
"11,1,221",177,16
"12,1,214",177,16
"9,1,229;13,1,203",177,16
"13,1,203;32,1,114",177,16
"32,1,114;32,1,113",177,16
"57,1,54",177,16
"32,1,113;67,1,32",177,16
"67,1,32;73,1,24",177,16
"73,1,24;2,1,13,1,188,1,1",177,16
"0,1,395",176,17
"1,1,383",176,17
"4,1,307",176,17
"1,2,368;5,1,282",176,17
"7,1,270",176,17
"10,1,221",176,17
"26,1,131",176,17
"46,1,83",176,17
"53,1,62",176,17
"98,1,16",176,17
"0,1,394",175,18
"0,1,393",175,18
"2,1,367",175,18
"3,1,337",175,18
"6,1,273",175,18
"8,1,258",175,18
"9,1,228",175,18
"12,1,213",175,18
"12,1,212",175,18
"15,1,176",175,18
"15,1,175",175,18
"20,1,151",175,18
"21,1,140",175,18
"27,1,128",175,18
"40,1,104",175,18
"41,1,97",175,18
"42,1,94",175,18
"43,1,92",175,18
"45,1,83",175,18
"46,1,82",175,18
"57,1,53",175,18
"96,1,18",175,18
"98,1,15",175,18
"124,1,6",175,18
"160,1,2",175,18
"1,1,382;334,1,1",175,18
"69,1,31;0,2,8,1,40,1,324,1,0",175,18
"2,1,366",174,19
"6,1,272",174,19
"0,1,392;7,1,269",174,19
"8,1,257",174,19
"7,1,269;9,1,227",174,19
"9,1,227;17,1,163",174,19
"17,1,163;19,1,151",174,19
"26,1,130",174,19
"27,1,127",174,19
"19,1,151;28,1,126",174,19
"39,1,104",174,19
"40,1,103",174,19
"42,1,93",174,19
"45,1,82",174,19
"46,1,81",174,19
"57,1,52",174,19
"61,1,43",174,19
"64,1,36",174,19
"66,1,32",174,19
"70,1,28",174,19
"28,1,126;1,2,300,1,1",174,19
"69,1,30;1,2,300,1,1;0,2,8,1,39,1,324,1,0",174,19
"3,1,336",173,20
"4,1,306",173,20
"6,1,271",173,20
"7,1,268",173,20
"8,1,256",173,20
"1,1,8,1,237",173,20
"8,1,255;9,1,226",173,20
"11,1,220",173,20
"12,1,211",173,20
"12,1,210",173,20
"15,1,174",173,20
"16,1,163",173,20
"17,1,162",173,20
"20,1,150",173,20
"28,1,125",173,20
"39,1,103",173,20
"45,1,81",173,20
"46,1,80",173,20
"53,1,61",173,20
"57,1,51",173,20
"61,1,42",173,20
"69,1,29;0,5,17,2,324,1,0",173,20
"1,1,381",172,21
"5,1,281",172,21
"6,1,270",172,21
"7,1,267",172,21
"7,1,266",172,21
"10,1,220",172,21
"12,1,209",172,21
"12,1,208",172,21
"16,1,162",172,21
"19,1,150",172,21
"21,1,139",172,21
"28,1,124",172,21
"31,1,114",172,21
"31,1,113",172,21
"43,1,91",172,21
"45,1,80",172,21
"46,1,79",172,21
"52,1,69",172,21
"53,1,60",172,21
"57,1,50",172,21
"60,1,45",172,21
"59,1,45",172,21
"8,1,254;64,1,35",172,21
"64,1,35;72,1,27",172,21
"100,1,14",172,21
"72,1,27;95,1,18;118,1,9",172,21
"95,1,18;18,1,655,1,0",172,21
"20,1,149",171,22
"43,1,90",171,22
"45,1,79",171,22
"46,1,78;51,1,69",171,22
"52,1,68",171,22
"60,1,44",171,22
"59,1,44",171,22
"63,1,36",171,22
"96,1,17",171,22
"76,1,23;107,1,13",171,22
"51,1,69;9,1,13,1,23,1,9",171,22
"72,1,26;8,1,64,1,9",171,22
"0,1,391;122,1,7",171,22
"122,1,7;1,2,64,2,1",171,22
"107,1,13;0,3,1011,1,0",171,22
"2,1,365",170,23
"6,1,269",170,23
"19,1,149",170,23
"35,1,112",170,23
"42,1,92;45,1,78",170,23
"45,1,78;46,1,77",170,23
"46,1,77;51,1,68",170,23
"52,1,67",170,23
"56,1,57",170,23
"68,1,31",170,23
"75,1,23",170,23
"74,1,23",170,23
"76,1,22",170,23
"106,1,13",170,23
"105,1,13",170,23
"51,1,68;8,1,9,1,32,1,9",170,23
"121,1,7",170,23
"0,1,390",169,24
"2,1,364",169,24
"6,1,268",169,24
"7,1,265",169,24
"34,1,112",169,24
"35,1,111",169,24
"47,1,75",169,24
"45,1,77;51,1,67",169,24
"52,1,66",169,24
"55,1,57",169,24
"56,1,56",169,24
"51,1,67;63,1,35",169,24
"67,1,31",169,24
"68,1,30",169,24
"73,1,23",169,24
"75,1,22",169,24
"74,1,22",169,24
"104,1,13",169,24
"103,1,13",169,24
"63,1,35;8,2,9,1,13,1,9",169,24
"120,1,7",169,24
"0,1,389",168,25
"2,1,363",168,25
"6,1,267",168,25
"6,1,266",168,25
"15,1,173",168,25
"15,1,172",168,25
"25,1,135",168,25
"30,1,120",168,25
"33,1,112",168,25
"34,1,111",168,25
"47,1,74",168,25
"55,1,56",168,25
"56,1,55",168,25
"65,1,33",168,25
"67,1,30",168,25
"68,1,29",168,25
"73,1,22",168,25
"86,1,20",168,25
"51,1,66;8,1,63,1,9",168,25
"95,1,17;0,1,3,1,929,1,0",168,25
"3,1,335",167,26
"4,1,305",167,26
"12,1,207",167,26
"21,1,138",167,26
"24,1,135",167,26
"25,1,134",167,26
"0,1,388;27,1,126",167,26
"33,1,111",167,26
"32,1,112;42,1,91",167,26
"42,1,91;46,1,76",167,26
"48,1,70",167,26
"55,1,55",167,26
"56,1,54",167,26
"46,1,76;60,1,43",167,26
"59,1,43",167,26
"60,1,43;63,1,34",167,26
"67,1,29",167,26
"76,1,21",167,26
"85,1,20",167,26
"84,1,20",167,26
"86,1,19",167,26
"1,1,108,1,11",167,26
"63,1,34;8,1,17,1,20,1,9",167,26
"27,1,126;1,1,315,1,1",167,26
"1,1,380",166,27
"11,1,219",166,27
"14,1,187",166,27
"24,1,134",166,27
"27,1,125",166,27
"23,1,135;32,1,111",166,27
"32,1,111;42,1,90",166,27
"42,1,90;45,1,76",166,27
"55,1,54",166,27
"45,1,76;60,1,42",166,27
"59,1,42",166,27
"66,1,31",166,27
"75,1,21",166,27
"74,1,21",166,27
"83,1,20",166,27
"82,1,20",166,27
"85,1,19",166,27
"84,1,19",166,27
"115,1,11",166,27
"60,1,42;8,2,40,1,9",166,27
"1,1,379",165,28
"4,1,304",165,28
"5,1,280",165,28
"6,1,265",165,28
"10,1,219",165,28
"12,1,206",165,28
"14,1,186",165,28
"15,1,171",165,28
"21,1,137",165,28
"22,1,135;23,1,134",165,28
"25,1,133",165,28
"27,1,124",165,28
"23,1,134;29,1,121",165,28
"41,1,96",165,28
"29,1,121;50,1,69",165,28
"50,1,69;56,1,53",165,28
"66,1,30",165,28
"73,1,21",165,28
"81,1,20",165,28
"83,1,19",165,28
"82,1,19",165,28
"56,1,53;8,2,39,1,9",165,28
"118,1,8",165,28
"1,1,378;14,1,185",164,29
"13,1,201;20,1,148",164,29
"20,1,148;22,1,134",164,29
"24,1,133",164,29
"22,1,134;40,1,102",164,29
"14,1,185;44,1,84",164,29
"30,1,119;47,1,73",164,29
"47,1,72",164,29
"40,1,102;49,1,69",164,29
"49,1,69;50,1,68",164,29
"50,1,68;55,1,53",164,29
"55,1,53;56,1,52",164,29
"56,1,52;8,1,39,1,34",164,29
"15,1,170;66,1,29",164,29
"44,1,84;119,1,7",164,29
"119,1,7;5,1,244,1,1",164,29
"47,1,73;66,1,29;81,1,19;5,1,244,1,1;0,2,17,1,655,1,0",164,29
"66,1,29;0,2,2,1,963,1,0",164,29
"81,1,19;5,1,244,1,1;0,2,2,1,963,1,0;0,5,978,1,0",164,29
"9,1,225;13,1,200",163,30
"13,1,200;17,1,161",163,30
"17,1,161;19,1,148",163,30
"19,1,148;39,1,102",163,30
"39,1,102;49,1,68",163,30
"49,1,68;50,1,67",163,30
"50,1,67;55,1,52",163,30
"20,1,147;56,1,51",163,30
"55,1,52;8,1,31,1,42",163,30
"65,1,32",163,30
"23,1,133;8,1,31,1,42;9,1,784,1,0",163,30
"56,1,51;8,1,31,1,42;0,5,976,1,0",163,30
"9,1,224;13,1,199",162,31
"8,1,253;16,1,161",162,31
"16,1,161;17,1,160",162,31
"17,1,160;19,1,147",162,31
"13,1,199;22,1,133",162,31
"19,1,147;31,1,112",162,31
"31,1,112;49,1,67",162,31
"49,1,67;50,1,66",162,31
"50,1,66;55,1,51",162,31
"20,1,146;56,1,50",162,31
"55,1,51;71,1,27",162,31
"56,1,50;117,1,9",162,31
"22,1,133;71,1,27;8,1,821,1,0",162,31
"71,1,27;117,1,9;0,4,64,1,301,1,0",162,31
"9,1,223;13,1,198",161,32
"15,1,169",161,32
"13,1,198;17,1,159",161,32
"17,1,159;20,1,145",161,32
"20,1,145;8,2,133",161,32
"16,1,160;31,1,111",161,32
"31,1,111;49,1,66",161,32
"53,1,59",161,32
"19,1,146;55,1,50",161,32
"49,1,66;71,1,26",161,32
"97,1,16",161,32
"55,1,50;116,1,9",161,32
"8,2,133;71,1,26;8,1,820,1,0",161,32
"71,1,26;116,1,9;1,2,64,3,0",161,32
"8,1,252;16,1,159",160,33
"9,1,222;19,1,145",160,33
"97,1,15",160,33
"16,1,159;19,1,145;1,1,5,1,64,1,11",160,33
"123,1,6",160,33
"135,1,5",160,33
"159,1,2",160,33
"26,1,129",159,34
"135,1,4",159,34
"11,1,218",155,38
"47,1,71",155,38
"65,1,31",155,38
"117,1,8",155,38
"10,1,218",154,39
"11,1,217",154,39
"65,1,30",154,39
"102,1,13",154,39
"116,1,8;0,2,8,1,17,1,491,1,0",154,39
"10,1,217",153,40
"65,1,29",153,40
"0,1,387",150,43
"1,1,18,2,324,1,0",190,4
"7,1,279",188,6
"163,1,2",188,6
"43,1,97",187,7
"7,1,278",186,8
"35,1,118",186,8
"1,1,397;70,1,33",186,8
"34,1,118",185,9
"35,1,117",185,9
"38,1,110",185,9
"3,1,349",184,10
"5,1,298",184,10
"6,1,279",184,10
"8,1,264",184,10
"11,1,235",184,10
"33,1,118",184,10
"34,1,117",184,10
"37,1,110",184,10
"54,1,65",184,10
"132,1,6",184,10
"69,1,36;0,1,18,1,20,1,324,1,0;0,2,67,1,324,1,0",184,10
"10,1,235",183,11
"11,1,234",183,11
"13,1,216",183,11
"25,1,140",183,11
"26,1,136",183,11
"32,1,118",183,11
"33,1,117",183,11
"35,1,116",183,11
"131,1,6",183,11
"0,1,410;0,1,18,1,659,1,0",183,11
"0,1,409",182,12
"0,1,408",182,12
"2,1,377",182,12
"10,1,234",182,12
"11,1,233",182,12
"17,1,168",182,12
"6,1,278;18,1,158",182,12
"24,1,140",182,12
"29,1,128",182,12
"32,1,117",182,12
"34,1,116",182,12
"36,1,110",182,12
"42,1,97",182,12
"54,1,64",182,12
"57,1,58",182,12
"107,1,14",182,12
"130,1,6",182,12
"13,1,215;67,1,76,1,1",182,12
"18,1,158;69,1,35;67,1,76,1,1;13,1,32,1,324,1,0",182,12
"69,1,35;67,1,76,1,1;13,1,32,1,324,1,0;0,1,18,2,333,1,0",182,12
"0,1,407",181,13
"2,1,376",181,13
"2,1,375",181,13
"0,1,406;4,1,319",181,13
"9,1,241",181,13
"10,1,233",181,13
"11,1,232",181,13
"11,1,231",181,13
"13,1,214",181,13
"16,1,168",181,13
"17,1,167",181,13
"23,1,140",181,13
"29,1,127",181,13
"33,1,116",181,13
"54,1,63",181,13
"70,1,32",181,13
"106,1,14",181,13
"105,1,14",181,13
"129,1,6",181,13
"128,1,6",181,13
"139,1,5",181,13
"4,1,319;1,2,64,1,69,1,1",181,13
"0,1,405",180,14
"0,1,404",180,14
"0,1,403",180,14
"3,1,348",180,14
"4,1,318",180,14
"8,1,263",180,14
"10,1,232",180,14
"10,1,231",180,14
"11,1,230",180,14
"16,1,167",180,14
"22,1,140",180,14
"25,1,139",180,14
"32,1,116",180,14
"38,1,109",180,14
"48,1,75",180,14
"104,1,14",180,14
"103,1,14",180,14
"139,1,4",180,14
"69,1,34;122,1,9;1090,1,0",180,14
"122,1,9;1090,1,0;8,1,42,1,324,1,0",180,14
"1,1,396;3,1,347",179,15
"10,1,230",179,15
"2,1,374;13,1,213",179,15
"13,1,213;13,1,212",179,15
"24,1,139",179,15
"37,1,109",179,15
"38,1,108",179,15
"5,1,297;48,1,74",179,15
"48,1,74;1,1,64,1,33",179,15
"13,1,212;18,1,157;121,1,9",179,15
"3,1,347;9,1,240;1,1,64,1,33;350,1,1",179,15
"9,1,240;350,1,1;349,1,1",179,15
"18,1,157;121,1,9;3,1,285,1,1",179,15
"11,1,229;2,2,287,1,1",179,15
"121,1,9;1,1,1055,1,0",179,15
"68,1,36;0,1,1073,1,0",179,15
"15,1,184",178,16
"20,1,153",178,16
"23,1,139",178,16
"31,1,118",178,16
"37,1,108",178,16
"54,1,62",178,16
"76,1,27",178,16
"10,1,229;1,1,328,1,1",178,16
"0,1,402;67,1,36;0,1,1071,1,0",178,16
"67,1,36;0,1,1071,1,0;0,2,1056,1,0",178,16
"120,1,9;0,2,1055,1,0",178,16
"1,1,395",177,17
"4,1,317",177,17
"11,1,228",177,17
"9,1,239;13,1,211",177,17
"13,1,210",177,17
"19,1,153",177,17
"22,1,139",177,17
"28,1,132",177,17
"30,1,123",177,17
"31,1,117",177,17
"36,1,109",177,17
"43,1,96",177,17
"68,1,35;75,1,27",177,17
"76,1,26",177,17
"101,1,16",177,17
"118,1,10",177,17
"13,1,211;75,1,27;0,1,1069,1,0",177,17
"74,1,27;0,1,1069,1,0;0,1,67,1,333,1,0",177,17
"1,1,394",176,18
"8,1,262",176,18
"9,1,238",176,18
"10,1,228",176,18
"11,1,227",176,18
"14,1,197",176,18
"1,1,13,1,192",176,18
"35,1,115",176,18
"36,1,108",176,18
"7,1,277;13,1,208;67,1,35",176,18
"13,1,208;67,1,35;73,1,27",176,18
"73,1,27;75,1,26",176,18
"75,1,26;74,1,26",176,18
"99,1,18",176,18
"101,1,15",176,18
"114,1,12",176,18
"74,1,26;8,1,68,1,9",176,18
"162,1,2",176,18
"13,1,209;346,1,1",176,18
"1,1,393;3,1,346;1085,1,0",176,18
"8,1,68,1,9;8,1,842,1,0",176,18
"3,1,345",175,19
"1,1,392;5,1,296",175,19
"5,1,295",175,19
"10,1,227",175,19
"11,1,226",175,19
"14,1,196",175,19
"14,1,195",175,19
"15,1,183",175,19
"25,1,138",175,19
"28,1,131",175,19
"31,1,116",175,19
"34,1,115",175,19
"38,1,107",175,19
"48,1,73",175,19
"48,1,72",175,19
"54,1,61",175,19
"66,1,36",175,19
"68,1,34;73,1,26",175,19
"127,1,6",175,19
"126,1,6",175,19
"73,1,26;8,1,841,1,0",175,19
"3,1,344",174,20
"4,1,316",174,20
"10,1,226",174,20
"12,1,221",174,20
"14,1,194",174,20
"15,1,182",174,20
"17,1,166",174,20
"24,1,138",174,20
"29,1,126",174,20
"33,1,115",174,20
"37,1,107",174,20
"53,1,69",174,20
"54,1,60",174,20
"109,1,13",174,20
"113,1,12",174,20
"147,1,3",174,20
"67,1,34;0,1,1066,1,0",174,20
"4,1,315",173,21
"5,1,294",173,21
"14,1,193",173,21
"16,1,166",173,21
"25,1,137",173,21
"28,1,130",173,21
"23,1,138;29,1,125",173,21
"30,1,122",173,21
"29,1,125;32,1,115",173,21
"32,1,115;46,1,84",173,21
"53,1,68",173,21
"18,1,156;66,1,35",173,21
"66,1,35;70,1,31",173,21
"112,1,12",173,21
"70,1,31;122,1,8",173,21
"138,1,5",173,21
"146,1,3",173,21
"46,1,84;9,1,219,1,1",173,21
"119,1,9;122,1,8;64,1,351,1,0",173,21
"122,1,8;0,4,1015,1,0",173,21
"4,1,314",172,22
"1,1,391;5,1,293",172,22
"6,1,277",172,22
"5,1,293;14,1,192",172,22
"1,1,13,1,190",172,22
"15,1,181",172,22
"24,1,137",172,22
"22,1,138;29,1,124",172,22
"36,1,107",172,22
"14,1,192;29,1,124;42,1,96",172,22
"29,1,124;45,1,84",172,22
"53,1,67",172,22
"56,1,58",172,22
"70,1,30",172,22
"99,1,17",172,22
"108,1,13",172,22
"121,1,8",172,22
"137,1,5",172,22
"138,1,4",172,22
"45,1,84;8,1,233,1,1",172,22
"3,1,343",171,23
"5,1,292",171,23
"15,1,180",171,23
"18,1,155",171,23
"13,1,207;23,1,137",171,23
"53,1,66",171,23
"55,1,58",171,23
"66,1,34",171,23
"70,1,29",171,23
"120,1,8",171,23
"137,1,4",171,23
"23,1,137;8,1,232,1,1",171,23
"1,1,390",170,24
"2,1,372",170,24
"4,1,313",170,24
"5,1,291",170,24
"12,1,220",170,24
"27,1,132",170,24
"44,1,89",170,24
"98,1,18",170,24
"100,1,16",170,24
"22,1,137;8,2,160,1,1",170,24
"0,1,401",169,25
"1,1,389",169,25
"5,1,290",169,25
"9,1,236;13,1,206",169,25
"14,1,191",169,25
"13,1,206;17,1,165",169,25
"26,1,135",169,25
"38,1,106",169,25
"17,1,165;8,1,16,1,96",169,25
"44,1,88",169,25
"47,1,83",169,25
"100,1,15",169,25
"136,1,5",169,25
"8,1,16,1,96;345,1,1",169,25
"72,1,28;8,1,834,1,0",169,25
"1,1,388;5,1,289",168,26
"5,1,289;14,1,190",168,26
"8,1,261;16,1,165",168,26
"21,1,144",168,26
"26,1,134",168,26
"27,1,131",168,26
"16,1,165;31,1,115",168,26
"37,1,106",168,26
"47,1,82",168,26
"136,1,4",168,26
"31,1,115;344,1,1",168,26
"41,1,101",167,27
"41,1,100",167,27
"47,1,81",167,27
"52,1,70",167,27
"62,1,41",167,27
"117,1,10",167,27
"125,1,6",167,27
"161,1,2",167,27
"14,1,189",166,28
"26,1,133",166,28
"27,1,130",166,28
"36,1,106",166,28
"44,1,87",166,28
"47,1,80",166,28
"48,1,71",166,28
"58,1,49",166,28
"62,1,40",166,28
"98,1,17",166,28
"116,1,10",166,28
"119,1,8",166,28
"124,1,7",166,28
"51,1,70;8,3,9,1,261,1,0",166,28
"11,1,225",165,29
"44,1,86",165,29
"47,1,79",165,29
"102,1,14",165,29
"10,1,225",164,30
"11,1,224",164,30
"47,1,78",164,30
"65,1,36",164,30
"111,1,12",164,30
"7,1,276",163,31
"10,1,224",163,31
"11,1,223",163,31
"12,1,219",163,31
"21,1,143",163,31
"54,1,59",163,31
"110,1,12",163,31
"145,1,3",163,31
"47,1,77;0,6,976,1,0",163,31
"10,1,223",162,32
"11,1,222",162,32
"38,1,105",162,32
"65,1,35",162,32
"10,1,222",161,33
"37,1,105",161,33
"15,1,179",160,34
"18,1,154",160,34
"30,1,121",160,34
"47,1,76",160,34
"65,1,34",160,34
"50,1,70;8,2,64,1,160,1,0;8,4,278,1,0",160,34
"2,1,371",159,35
"6,1,276",159,35
"15,1,178",159,35
"36,1,105",159,35
"49,1,70;71,1,28",159,35
"71,1,28;8,1,831,1,0",159,35
"0,1,400;0,1,1060,1,0",159,35
"0,1,399",158,36
"28,1,129",158,36
"58,1,48",158,36
"0,1,398",157,37
"62,1,39",156,38
"62,1,38",155,39
"97,1,18",155,39
"3,1,342;4,1,312",152,42
"4,1,312;12,1,218",152,42
"12,1,218;21,1,142",152,42
"21,1,142;41,1,99",152,42
"41,1,99;58,1,47",152,42
"58,1,47;87,1,20",152,42
"87,1,20;1,1,110,1,11",152,42
"1,1,387;4,1,311",151,43
"4,1,311;5,1,288",151,43
"5,1,288;12,1,217",151,43
"12,1,217;14,1,188",151,43
"14,1,188;21,1,141",151,43
"21,1,141;27,1,129",151,43
"27,1,129;41,1,98",151,43
"41,1,98;44,1,85",151,43
"44,1,85;58,1,46",151,43
"58,1,46;62,1,37",151,43
"62,1,37;87,1,19",151,43
"87,1,19;97,1,17",151,43
"97,1,17;123,1,7",151,43
"123,1,7;342,1,1",151,43
"0,1,428;1,2,324,1,1",192,3
"0,1,427",190,5
"143,1,5",188,7
"18,1,164;1,1,18,1,660,1,0",188,7
"7,1,287",187,8
"142,1,5",187,8
"143,1,4",187,8
"0,2,18,1,660,1,0",187,8
"3,1,357",186,9
"4,1,334",186,9
"7,1,286",186,9
"57,1,65",186,9
"142,1,4",186,9
"148,1,3",186,9
"0,1,426",185,10
"2,1,386",185,10
"3,1,356",185,10
"4,1,333",185,10
"7,1,285",185,10
"7,1,284",185,10
"9,1,251",185,10
"109,1,14",185,10
"122,1,10",185,10
"0,1,425",184,11
"1,2,386",184,11
"1,1,410;3,1,355",184,11
"4,1,332",184,11
"4,1,331",184,11
"4,1,330",184,11
"7,1,283",184,11
"9,1,250",184,11
"26,1,140",184,11
"57,1,64",184,11
"121,1,10",184,11
"3,1,355;365,1,1",184,11
"0,2,18,1,20,1,324,1,0",184,11
"0,1,423",183,12
"1,1,409",183,12
"4,1,329",183,12
"4,1,328",183,12
"6,1,287",183,12
"11,1,241",183,12
"38,1,114",183,12
"38,1,113",183,12
"57,1,63",183,12
"108,1,14",183,12
"120,1,10",183,12
"164,1,2",183,12
"0,1,424;0,1,72,1,324,1,0",183,12
"1,1,408;0,2,18,1,659,1,0",183,12
"0,1,422",182,13
"1,1,407",182,13
"1,1,406;4,1,327",182,13
"4,1,327;5,1,303",182,13
"6,1,286",182,13
"7,1,282",182,13
"9,1,249",182,13
"10,1,241",182,13
"17,1,177",182,13
"28,1,136",182,13
"37,1,114",182,13
"37,1,113",182,13
"70,1,36",182,13
"8,1,275;7,1,250,1,1",182,13
"18,1,163;1100,1,0",182,13
"1,1,405;1,1,404;1,1,403",181,14
"3,1,354",181,14
"6,1,285",181,14
"6,1,284",181,14
"8,1,274",181,14
"11,1,240",181,14
"12,1,235",181,14
"16,1,177",181,14
"1,1,404;18,1,162",181,14
"26,1,139",181,14
"134,1,6",181,14
"141,1,5",181,14
"18,1,162;72,1,33;362,1,1",181,14
"1,1,403;72,1,33;362,1,1;361,1,1",181,14
"72,1,33;362,1,1;18,1,683,1,0",181,14
"0,1,421",180,15
"6,1,283",180,15
"10,1,240",180,15
"12,1,234",180,15
"14,1,205",180,15
"36,1,114",180,15
"36,1,113",180,15
"48,1,83",180,15
"52,1,75",180,15
"57,1,62",180,15
"61,1,49",180,15
"107,1,16",180,15
"133,1,6",180,15
"141,1,4",180,15
"70,1,35;0,1,1090,1,0",180,15
"2,1,384",179,16
"4,1,326",179,16
"11,1,239",179,16
"12,1,233",179,16
"17,1,176",179,16
"17,1,175",179,16
"35,1,120",179,16
"43,1,101",179,16
"43,1,100",179,16
"46,1,89",179,16
"48,1,82",179,16
"51,1,75",179,16
"52,1,74",179,16
"64,1,41",179,16
"80,1,25",179,16
"106,1,16",179,16
"105,1,16",179,16
"107,1,15",179,16
"1,1,402;1,1,1072,1,0",179,16
"0,1,420;1,1,1072,1,0;0,3,1057,1,0",179,16
"2,1,383",178,17
"6,1,282",178,17
"7,1,281;8,1,273",178,17
"10,1,239",178,17
"11,1,238",178,17
"12,1,232",178,17
"12,1,231",178,17
"9,1,248;13,1,221",178,17
"16,1,176",178,17
"16,1,175",178,17
"34,1,120",178,17
"40,1,110",178,17
"45,1,89",178,17
"46,1,88",178,17
"48,1,81",178,17
"51,1,74",178,17
"64,1,40",178,17
"8,1,42,1,33",178,17
"79,1,25",178,17
"104,1,16",178,17
"103,1,16",178,17
"106,1,15",178,17
"105,1,15",178,17
"115,1,12",178,17
"119,1,10",178,17
"0,1,419;8,1,273;358,1,1",178,17
"70,1,34;1,1,1070,1,0",178,17
"8,1,273;358,1,1;0,3,1055,1,0",178,17
"0,1,418",177,18
"0,1,417",177,18
"1,1,5,1,282",177,18
"8,1,272;9,1,247",177,18
"10,1,238",177,18
"11,1,237",177,18
"12,1,230",177,18
"9,1,247;17,1,174",177,18
"20,1,158",177,18
"21,1,152",177,18
"29,1,132",177,18
"30,1,128",177,18
"33,1,120",177,18
"39,1,110",177,18
"45,1,88",177,18
"48,1,80",177,18
"57,1,61",177,18
"17,1,174;80,1,24",177,18
"104,1,15",177,18
"103,1,15",177,18
"2,1,382;355,1,1",177,18
"80,1,24;17,1,188,1,1",177,18
"10,1,237",176,19
"12,1,229",176,19
"8,1,271;16,1,174",176,19
"19,1,158",176,19
"25,1,144",176,19
"26,1,138",176,19
"30,1,127",176,19
"32,1,120",176,19
"48,1,79",176,19
"54,1,69",176,19
"56,1,65",176,19
"57,1,60",176,19
"63,1,41",176,19
"16,1,174;72,1,32",176,19
"72,1,32;79,1,24",176,19
"79,1,24;16,1,188,1,1",176,19
"0,1,416;1,1,334,1,1",176,19
"9,1,246",175,20
"14,1,204",175,20
"24,1,144",175,20
"27,1,136",175,20
"29,1,131",175,20
"35,1,119",175,20
"46,1,87",175,20
"48,1,78",175,20
"52,1,73",175,20
"52,1,72",175,20
"54,1,68",175,20
"55,1,65",175,20
"63,1,40",175,20
"76,1,28",175,20
"132,1,7",175,20
"8,1,270;16,1,187,1,1",175,20
"124,1,9;1,1,1066,1,0",175,20
"0,1,415",174,21
"2,1,381",174,21
"3,1,353",174,21
"6,1,281",174,21
"12,1,228",174,21
"9,1,245;13,1,220",174,21
"14,1,203",174,21
"20,1,157",174,21
"26,1,137",174,21
"34,1,119",174,21
"42,1,101",174,21
"23,1,144;42,1,100",174,21
"44,1,95",174,21
"45,1,87",174,21
"42,1,100;46,1,86",174,21
"48,1,77",174,21
"46,1,86;51,1,73",174,21
"51,1,72",174,21
"54,1,67",174,21
"56,1,64",174,21
"75,1,28",174,21
"74,1,28",174,21
"131,1,7",174,21
"51,1,73;8,1,9,1,13,1,80,1,1",174,21
"0,1,414",173,22
"4,1,325",173,22
"8,1,269;9,1,244",173,22
"12,1,227",173,22
"19,1,157",173,22
"21,1,151",173,22
"22,1,144;29,1,130",173,22
"33,1,119",173,22
"38,1,112",173,22
"40,1,109",173,22
"41,1,104",173,22
"29,1,130;45,1,86",173,22
"50,1,75",173,22
"54,1,66",173,22
"55,1,64",173,22
"56,1,63",173,22
"60,1,49",173,22
"59,1,49",173,22
"73,1,28",173,22
"130,1,7",173,22
"45,1,86;8,2,9,1,101,1,1",173,22
"0,1,413",172,23
"3,1,352",172,23
"4,1,324",172,23
"12,1,226",172,23
"17,1,173",172,23
"8,1,268;17,1,172",172,23
"37,1,112",172,23
"38,1,111",172,23
"39,1,109",172,23
"32,1,119;40,1,108",172,23
"41,1,103",172,23
"49,1,75",172,23
"50,1,74",172,23
"55,1,63",172,23
"61,1,48",172,23
"94,1,20",172,23
"129,1,7",172,23
"128,1,7",172,23
"40,1,108;8,1,23,1,113,1,1",172,23
"3,1,351",171,24
"7,1,280",171,24
"8,1,267",171,24
"11,1,236",171,24
"5,1,302;14,1,202",171,24
"16,1,173",171,24
"8,1,266;16,1,172",171,24
"18,1,161",171,24
"21,1,150",171,24
"25,1,143",171,24
"31,1,120",171,24
"37,1,111",171,24
"14,1,202;48,1,76",171,24
"49,1,74",171,24
"71,1,33",171,24
"93,1,20",171,24
"94,1,19",171,24
"39,1,108;101,1,18",171,24
"101,1,18;8,2,162,1,1",171,24
"92,1,20;4,1,930,1,0",171,24
"48,1,76;1,1,1062,1,0",171,24
"1,1,401",170,25
"4,1,323",170,25
"10,1,236",170,25
"18,1,160",170,25
"24,1,143",170,25
"36,1,112",170,25
"56,1,62",170,25
"91,1,20",170,25
"93,1,19",170,25
"92,1,19",170,25
"114,1,13",170,25
"18,1,159",169,26
"21,1,149",169,26
"30,1,126",169,26
"36,1,111",169,26
"44,1,94",169,26
"53,1,70",169,26
"55,1,62",169,26
"78,1,25",169,26
"91,1,19",169,26
"17,1,171;8,3,112,1,1",169,26
"23,1,143;80,1,23;8,2,640,1,0",169,26
"80,1,23;8,3,112,1,1;8,2,640,1,0;0,1,1079,1,0",169,26
"2,1,380",168,27
"15,1,187",168,27
"8,1,265;16,1,171",168,27
"16,1,171;20,1,156",168,27
"20,1,156;22,1,143",168,27
"28,1,135",168,27
"30,1,125",168,27
"22,1,143;40,1,107",168,27
"44,1,93",168,27
"40,1,107;50,1,73",168,27
"50,1,72",168,27
"58,1,57",168,27
"64,1,39;72,1,31",168,27
"77,1,25",168,27
"72,1,31;79,1,23",168,27
"17,1,170;50,1,73;79,1,23;80,1,22",168,27
"79,1,23;113,1,13",168,27
"124,1,8",168,27
"50,1,73;113,1,13;8,2,638,1,0",168,27
"80,1,22;113,1,13;0,1,23,1,627,1,0",168,27
"0,1,412",167,28
"2,1,379",167,28
"6,1,280",167,28
"15,1,186",167,28
"9,1,243;19,1,156",167,28
"19,1,156;8,2,143",167,28
"28,1,134",167,28
"30,1,124",167,28
"31,1,119;39,1,107",167,28
"39,1,107;49,1,73",167,28
"49,1,72",167,28
"49,1,73;56,1,61",167,28
"58,1,56",167,28
"64,1,38;72,1,30",167,28
"16,1,170;78,1,24",167,28
"72,1,30;79,1,22",167,28
"8,2,143;56,1,61;78,1,24;101,1,17",167,28
"79,1,22;112,1,13",167,28
"78,1,24;17,1,185,1,1",167,28
"13,1,219;101,1,17;8,6,13,1,1",167,28
"112,1,13;17,1,185,1,1;8,1,854,1,0",167,28
"56,1,61;101,1,17;0,1,17,1,690,1,0",167,28
"101,1,17;17,1,185,1,1;0,1,17,1,690,1,0;0,1,8,1,832,1,0",167,28
"2,1,378",166,29
"15,1,185",166,29
"47,1,84",166,29
"52,1,71",166,29
"20,1,155;56,1,60",166,29
"58,1,55",166,29
"61,1,47",166,29
"62,1,45",166,29
"56,1,60;71,1,32",166,29
"71,1,32;72,1,29",166,29
"72,1,29;77,1,24",166,29
"77,1,24;90,1,20",166,29
"90,1,20;89,1,20",166,29
"89,1,20;127,1,7",166,29
"126,1,7",166,29
"127,1,7;8,1,238,1,1",166,29
"55,1,61;8,1,238,1,1;0,1,8,2,627,1,0",166,29
"17,1,169;19,1,155",165,30
"0,1,411;28,1,133",165,30
"19,1,155;55,1,60",165,30
"57,1,59",165,30
"58,1,54",165,30
"51,1,71;60,1,48",165,30
"59,1,48",165,30
"28,1,133;61,1,46",165,30
"62,1,44",165,30
"60,1,48;63,1,39",165,30
"55,1,60;80,1,21",165,30
"80,1,21;90,1,19",165,30
"90,1,19;89,1,19",165,30
"61,1,46;89,1,19;118,1,11",165,30
"118,1,11;8,1,237,1,1",165,30
"89,1,19;8,1,237,1,1;1,1,5,1,244,1,1",165,30
"63,1,39;8,4,17,2,1;8,3,9,1,267,1,0",165,30
"43,1,99",164,31
"44,1,92",164,31
"16,1,169;79,1,21",164,31
"79,1,21;8,1,64,1,11",164,31
"100,1,18;8,4,16,1,17,1,1",164,31
"63,1,38;8,4,16,1,17,1,1;8,4,9,1,188,1,0",164,31
"43,1,98",163,32
"58,1,53",163,32
"102,1,16",163,32
"12,1,225",162,33
"21,1,148",162,33
"40,1,106",162,33
"41,1,102",162,33
"58,1,52",162,33
"102,1,15",162,33
"140,1,5",162,33
"3,1,350",161,34
"4,1,322",161,34
"12,1,224",161,34
"14,1,201",161,34
"21,1,147",161,34
"27,1,135",161,34
"39,1,106",161,34
"44,1,91",161,34
"58,1,51",161,34
"62,1,43",161,34
"140,1,4",161,34
"4,1,321",160,35
"1,1,400;5,1,301",160,35
"12,1,223",160,35
"5,1,301;14,1,200",160,35
"14,1,200;21,1,146",160,35
"25,1,142",160,35
"21,1,146;27,1,134",160,35
"27,1,134;44,1,90",160,35
"44,1,90;58,1,50",160,35
"58,1,50;62,1,42",160,35
"46,1,85;63,1,37",160,35
"63,1,37;100,1,17",160,35
"62,1,42;123,1,9",160,35
"100,1,17;8,3,111,1,1",160,35
"123,1,9;0,6,64,1,299,1,0",160,35
"1,1,399",159,36
"4,1,320",159,36
"5,1,300",159,36
"12,1,222",159,36
"14,1,199",159,36
"21,1,145",159,36
"24,1,142",159,36
"25,1,141",159,36
"42,1,99;45,1,85",159,36
"45,1,85;60,1,47",159,36
"59,1,47",159,36
"50,1,71;78,1,23",159,36
"60,1,47;88,1,20",159,36
"88,1,20;8,3,110,1,1",159,36
"78,1,23;8,3,110,1,1;8,3,64,1,112,1,0",159,36
"1,1,398;5,1,299",158,37
"5,1,299;14,1,198",158,37
"24,1,141",158,37
"14,1,198;27,1,133",158,37
"23,1,142;29,1,129",158,37
"27,1,133;29,1,129;42,1,98",158,37
"29,1,129;60,1,46",158,37
"42,1,98;60,1,46;59,1,46",158,37
"49,1,71;71,1,31",158,37
"71,1,31;77,1,23",158,37
"60,1,46;59,1,46;88,1,19",158,37
"78,1,22;111,1,13",158,37
"59,1,46;88,1,19;8,2,39,1,11",158,37
"88,1,19;125,1,7",158,37
"125,1,7;354,1,1",158,37
"77,1,23;8,2,39,1,11;8,1,17,1,529,1,0",158,37
"111,1,13;8,2,39,1,11;8,1,17,1,529,1,0;0,1,17,2,380,1,0",158,37
"22,1,142;23,1,141",157,38
"71,1,30;77,1,22",157,38
"23,1,141;8,1,55,1,17",157,38
"77,1,22;110,1,13",157,38
"8,1,55,1,17;17,1,183,1,1",157,38
"110,1,13;17,1,183,1,1;8,2,637,1,0;0,1,8,1,17,1,516,1,0",157,38
"13,1,218;22,1,141",156,39
"22,1,141;71,1,29",156,39
"71,1,29;16,1,183,1,1",156,39
"13,1,217;20,1,154",155,40
"20,1,154;40,1,105",155,40
"40,1,105;56,1,59",155,40
"56,1,59;78,1,21",155,40
"78,1,21;117,1,11",155,40
"117,1,11;8,1,236,1,1",155,40
"9,1,242;19,1,154",154,41
"19,1,154;39,1,105",154,41
"39,1,105;55,1,59",154,41
"55,1,59;77,1,21",154,41
"77,1,21;116,1,11",154,41
"123,1,8",153,42
"1,1,427;378,1,1",191,5
"7,1,298",190,6
"18,1,168;1,2,1058,1,0",190,6
"18,1,167",189,7
"38,1,118",189,7
"69,1,41",189,7
"0,1,442;1,1,69,1,76,1,1",189,7
"18,1,24,1,324,1,0",189,7
"0,1,441",188,8
"0,1,440",188,8
"2,1,397",188,8
"35,1,123",188,8
"37,1,118",188,8
"38,1,117",188,8
"69,1,40;0,1,75,1,324,1,0;0,1,74,1,324,1,0",188,8
"4,1,341",187,9
"8,1,279",187,9
"11,1,251",187,9
"34,1,123",187,9
"37,1,117",187,9
"76,1,33",187,9
"1,1,70,1,33;374,1,1;0,1,73,1,324,1,0",187,9
"1,1,426",186,10
"6,1,298",186,10
"10,1,251",186,10
"11,1,250",186,10
"33,1,123",186,10
"36,1,118",186,10
"38,1,116",186,10
"75,1,33;74,1,33",186,10
"74,1,33;372,1,1;69,1,80,1,1",186,10
"1,1,425;7,1,297",185,11
"10,1,250",185,11
"13,1,235",185,11
"25,1,152",185,11
"32,1,123",185,11
"36,1,117",185,11
"37,1,116",185,11
"43,1,104",185,11
"7,1,297;73,1,33",185,11
"8,1,278;73,1,33;371,1,1",185,11
"73,1,33;371,1,1;69,1,79,1,1",185,11
"1,1,423",184,12
"3,1,362",184,12
"11,1,249",184,12
"13,1,234",184,12
"24,1,152",184,12
"35,1,122",184,12
"43,1,103",184,12
"68,1,41",184,12
"132,1,9;1119,1,0;1,1,72,1,324,1,0",184,12
"0,1,439",183,13
"9,1,260",183,13
"10,1,249",183,13
"20,1,164",183,13
"23,1,152",183,13
"28,1,140",183,13
"34,1,122",183,13
"36,1,116",183,13
"46,1,95",183,13
"67,1,41",183,13
"68,1,40",183,13
"86,1,25",183,13
"109,1,16",183,13
"131,1,9;1117,1,0",183,13
"0,1,438",182,14
"3,1,361",182,14
"13,1,232",182,14
"13,1,231",182,14
"17,1,184",182,14
"18,1,166",182,14
"19,1,164",182,14
"22,1,152",182,14
"29,1,136",182,14
"33,1,122",182,14
"45,1,95",182,14
"53,1,75",182,14
"61,1,57",182,14
"76,1,32",182,14
"85,1,25",182,14
"84,1,25",182,14
"109,1,15",182,14
"170,1,2",182,14
"130,1,9;43,1,544,1,0",182,14
"0,1,437",181,15
"2,1,396",181,15
"4,1,340",181,15
"6,1,297",181,15
"7,1,295",181,15
"9,1,259",181,15
"13,1,230",181,15
"16,1,184",181,15
"25,1,151",181,15
"32,1,122",181,15
"11,1,18,1,80",181,15
"53,1,74",181,15
"61,1,56",181,15
"75,1,32",181,15
"74,1,32",181,15
"83,1,25",181,15
"82,1,25",181,15
"86,1,24",181,15
"108,1,16",181,15
"114,1,14",181,15
"151,1,3",181,15
"169,1,2",181,15
"0,1,436;129,1,9;1,1,3,1,287,1,1;3,1,990,1,0;2,1,1055,1,0",181,15
"129,1,9;128,1,9;43,1,543,1,0;1,1,1090,1,0",181,15
"1,1,421;7,1,296;1,1,1090,1,0;1,2,1057,1,0",181,15
"128,1,9;43,1,543,1,0;3,1,990,1,0;2,1,1055,1,0;1,1,1090,1,0;0,2,1091,1,0",181,15
"4,1,339",180,16
"5,1,310",180,16
"11,1,248",180,16
"12,1,241",180,16
"14,1,216",180,16
"0,1,435;28,1,139",180,16
"31,1,123",180,16
"28,1,139;42,1,104",180,16
"52,1,83",180,16
"24,1,151;10,1,18,1,80",180,16
"42,1,104;61,1,55",180,16
"66,1,41",180,16
"61,1,55;73,1,32",180,16
"73,1,32;81,1,25",180,16
"81,1,25;85,1,24",180,16
"85,1,24;84,1,24",180,16
"108,1,15",180,16
"124,1,10",180,16
"144,1,5",180,16
"150,1,3",180,16
"168,1,2",180,16
"1,1,420;369,1,1",180,16
"13,1,229;84,1,24;2,1,328,1,1",180,16
"84,1,24;1,1,349,1,1",180,16
"10,1,18,1,80;1,2,1055,1,0",180,16
"0,1,434",179,17
"0,1,433",179,17
"1,1,419",179,17
"2,1,395",179,17
"5,1,309",179,17
"7,1,294",179,17
"10,1,248",179,17
"11,1,247",179,17
"14,1,215",179,17
"17,1,183",179,17
"23,1,151",179,17
"25,1,150",179,17
"38,1,115",179,17
"42,1,103",179,17
"51,1,83",179,17
"52,1,82",179,17
"61,1,54",179,17
"2,2,360;66,1,40",179,17
"83,1,24",179,17
"82,1,24",179,17
"113,1,14",179,17
"144,1,4",179,17
"167,1,2",179,17
"66,1,40;2,1,1054,1,0",179,17
"1,1,418",178,18
"1,1,417",178,18
"2,1,394",178,18
"2,1,393",178,18
"4,1,338",178,18
"5,1,308",178,18
"7,1,293",178,18
"9,1,258",178,18
"10,1,247",178,18
"12,1,240",178,18
"13,1,228",178,18
"14,1,214",178,18
"15,1,197",178,18
"16,1,183",178,18
"22,1,151",178,18
"24,1,150",178,18
"37,1,115",178,18
"46,1,94",178,18
"51,1,82",178,18
"52,1,81",178,18
"57,1,69",178,18
"64,1,45",178,18
"17,1,182;81,1,24",178,18
"112,1,14",178,18
"166,1,2",178,18
"69,1,39;0,2,8,2,17,1,324,1,0",178,18
"81,1,24;0,4,1055,1,0",178,18
"2,1,392",177,19
"6,1,296",177,19
"6,1,295",177,19
"7,1,292",177,19
"9,1,257",177,19
"11,1,246",177,19
"13,1,227",177,19
"15,1,196",177,19
"15,1,195",177,19
"16,1,182",177,19
"18,1,165",177,19
"20,1,163",177,19
"8,2,151",177,19
"23,1,150",177,19
"25,1,149",177,19
"26,1,144",177,19
"45,1,94",177,19
"46,1,93",177,19
"5,1,307;48,1,84",177,19
"51,1,81",177,19
"52,1,80",177,19
"53,1,73",177,19
"53,1,72",177,19
"57,1,68",177,19
"61,1,53",177,19
"64,1,44",177,19
"72,1,36",177,19
"132,1,8",177,19
"149,1,3",177,19
"48,1,84;1,1,347,1,1",177,19
"69,1,38;0,2,8,2,16,1,324,1,0",177,19
"3,1,359;4,1,337",176,20
"4,1,337;1,1,5,1,296",176,20
"1,1,5,1,296;7,1,291",176,20
"7,1,291;9,1,256",176,20
"10,1,246",176,20
"11,1,245",176,20
"12,1,239",176,20
"9,1,255;13,1,226",176,20
"14,1,213",176,20
"14,1,212",176,20
"15,1,194",176,20
"17,1,181",176,20
"9,1,256;19,1,163",176,20
"19,1,163;20,1,162",176,20
"21,1,153",176,20
"22,1,150",176,20
"24,1,149",176,20
"27,1,140",176,20
"31,1,122",176,20
"36,1,115",176,20
"20,1,162;40,1,114",176,20
"40,1,113",176,20
"44,1,97",176,20
"45,1,93",176,20
"51,1,80",176,20
"52,1,79",176,20
"57,1,67",176,20
"61,1,52",176,20
"13,1,226;80,1,27",176,20
"131,1,8",176,20
"40,1,114;69,1,78,1,1",176,20
"1,1,415",175,21
"6,1,294",175,21
"7,1,290",175,21
"8,1,277;9,1,254",175,21
"10,1,245",175,21
"11,1,244",175,21
"12,1,238",175,21
"15,1,193",175,21
"16,1,181",175,21
"17,1,180",175,21
"19,1,162",175,21
"28,1,138",175,21
"39,1,114",175,21
"39,1,113",175,21
"23,1,149;51,1,79",175,21
"51,1,79;52,1,78",175,21
"57,1,66",175,21
"60,1,57",175,21
"59,1,57",175,21
"61,1,51",175,21
"63,1,45",175,21
"9,1,254;79,1,27",175,21
"79,1,27;80,1,26",175,21
"80,1,26;127,1,9",175,21
"52,1,78;13,2,24,1,9",175,21
"130,1,8",175,21
"72,1,35;127,1,9;126,1,9;18,1,690,1,0",175,21
"126,1,9;18,1,690,1,0;0,3,1068,1,0",175,21
"0,1,432",174,22
"1,1,414",174,22
"2,1,391",174,22
"4,1,336",174,22
"6,1,293",174,22
"7,1,289",174,22
"10,1,244",174,22
"12,1,237",174,22
"5,1,306;14,1,211",174,22
"14,1,211;14,1,210",174,22
"15,1,192",174,22
"16,1,180",174,22
"22,1,149",174,22
"43,1,102",174,22
"52,1,77",174,22
"60,1,56",174,22
"59,1,56",174,22
"14,1,210;61,1,50",174,22
"63,1,44",174,22
"76,1,31",174,22
"51,1,78;13,2,23,1,9",174,22
"79,1,26;8,1,72,1,9",174,22
"129,1,8",174,22
"128,1,8",174,22
"107,1,18;68,1,359,1,0",174,22
"61,1,50;1,1,64,1,351,1,0",174,22
"6,1,292",173,23
"14,1,208",173,23
"1,1,413;14,1,209;27,1,139",173,23
"27,1,139;28,1,137",173,23
"28,1,137;1,1,42,1,96",173,23
"50,1,83",173,23
"46,1,92;51,1,77",173,23
"60,1,55",173,23
"1,1,42,1,96;59,1,55",173,23
"68,1,39",173,23
"59,1,55;64,1,43;72,1,34",173,23
"75,1,31",173,23
"74,1,31",173,23
"76,1,30",173,23
"96,1,20",173,23
"86,1,23;106,1,18",173,23
"105,1,18",173,23
"51,1,77;8,1,13,1,32,1,9",173,23
"14,1,209;64,1,43;72,1,34;5,1,260,1,1",173,23
"64,1,43;72,1,34;122,1,11;1,1,1083,1,0",173,23
"69,1,37;0,2,71,1,324,1,0",173,23
"106,1,18;0,3,1064,1,0",173,23
"2,1,390",172,24
"6,1,291",172,24
"26,1,143",172,24
"30,1,132",172,24
"47,1,89",172,24
"49,1,83",172,24
"50,1,82",172,24
"60,1,54",172,24
"59,1,54",172,24
"67,1,39",172,24
"68,1,38",172,24
"73,1,31",172,24
"75,1,30",172,24
"74,1,30",172,24
"76,1,29",172,24
"85,1,23",172,24
"84,1,23",172,24
"86,1,22",172,24
"96,1,19",172,24
"104,1,18;103,1,18",172,24
"115,1,13",172,24
"45,1,92;8,2,13,2,9",172,24
"134,1,7",172,24
"121,1,11;1,1,1082,1,0",172,24
"103,1,18;0,2,1083,1,0",172,24
"2,1,389",171,25
"6,1,290",171,25
"15,1,191",171,25
"35,1,121",171,25
"47,1,88",171,25
"49,1,82",171,25
"50,1,81",171,25
"52,1,76",171,25
"54,1,70",171,25
"67,1,38",171,25
"73,1,30",171,25
"75,1,29",171,25
"74,1,29",171,25
"83,1,23",171,25
"85,1,22",171,25
"84,1,22",171,25
"82,1,23;120,1,11",171,25
"133,1,7",171,25
"120,1,11;0,2,1082,1,0",171,25
"0,1,431",170,26
"2,1,388",170,26
"6,1,289",170,26
"15,1,190",170,26
"25,1,148",170,26
"30,1,131",170,26
"34,1,121",170,26
"49,1,81",170,26
"50,1,80",170,26
"46,1,91;51,1,76",170,26
"58,1,58",170,26
"51,1,76;60,1,53",170,26
"59,1,53",170,26
"60,1,53;63,1,43",170,26
"73,1,29",170,26
"83,1,22",170,26
"82,1,22",170,26
"95,1,20",170,26
"107,1,17",170,26
"63,1,43;8,1,16,1,23,1,9",170,26
"81,1,23;0,2,1081,1,0",170,26
"3,1,358",169,27
"11,1,243",169,27
"24,1,148",169,27
"25,1,147",169,27
"33,1,121",169,27
"42,1,102;45,1,91",169,27
"45,1,91;46,1,90",169,27
"49,1,80",169,27
"50,1,79",169,27
"46,1,90;60,1,52",169,27
"59,1,52",169,27
"60,1,52;63,1,42",169,27
"65,1,41",169,27
"66,1,39",169,27
"86,1,21",169,27
"95,1,19",169,27
"106,1,17",169,27
"105,1,17",169,27
"111,1,14",169,27
"63,1,42;8,3,17,1,9",169,27
"81,1,22;0,2,1079,1,0",169,27
"1,1,412",168,28
"4,1,335",168,28
"5,1,305",168,28
"10,1,243",168,28
"12,1,236",168,28
"14,1,207",168,28
"15,1,189",168,28
"24,1,147",168,28
"25,1,146",168,28
"27,1,138",168,28
"23,1,148;29,1,135",168,28
"30,1,130",168,28
"29,1,135;32,1,121",168,28
"32,1,121;45,1,90",168,28
"47,1,87",168,28
"49,1,79",168,28
"45,1,90;50,1,78",168,28
"53,1,71",168,28
"50,1,78;56,1,69",168,28
"56,1,69;60,1,51;59,1,51",168,28
"65,1,40",168,28
"66,1,38",168,28
"68,1,37;85,1,21",168,28
"85,1,21;84,1,21",168,28
"84,1,21;104,1,17",168,28
"103,1,17",168,28
"110,1,14",168,28
"60,1,51;59,1,51;8,3,16,1,9",168,28
"127,1,8",168,28
"104,1,17;126,1,8",168,28
"59,1,51;126,1,8;0,2,1078,1,0",168,28
"126,1,8;0,2,1078,1,0;0,2,23,1,627,1,0",168,28
"24,1,146",167,29
"25,1,145",167,29
"22,1,148;29,1,134",167,29
"29,1,134;49,1,78",167,29
"23,1,147;50,1,77",167,29
"49,1,78;55,1,69",167,29
"55,1,69;56,1,68",167,29
"50,1,77;60,1,50",167,29
"67,1,37",167,29
"47,1,86;71,1,36",167,29
"56,1,68;8,2,16,1,34",167,29
"83,1,21",167,29
"82,1,21",167,29
"60,1,50;59,1,50;125,1,9",167,29
"8,2,16,1,34;125,1,9;1,1,64,1,347,1,0",167,29
"59,1,50;1,1,64,1,347,1,0;0,2,138,1,209,1,0",167,29
"71,1,36;0,2,8,1,832,1,0",167,29
"1,1,411;5,1,304",166,30
"5,1,304;14,1,206",166,30
"13,1,225;20,1,161",166,30
"20,1,161;22,1,147",166,30
"24,1,145",166,30
"14,1,206;27,1,137",166,30
"22,1,147;40,1,112",166,30
"27,1,137;44,1,96",166,30
"40,1,112;49,1,77",166,30
"49,1,77;55,1,68",166,30
"55,1,68;56,1,67",166,30
"56,1,67;8,1,39,1,42",166,30
"8,1,39,1,42;78,1,27",166,30
"81,1,21;119,1,11",166,30
"23,1,146;17,1,50,1,9",166,30
"44,1,96;119,1,11;1,1,1077,1,0",166,30
"78,1,27;17,1,50,1,9;0,2,64,1,347,1,0",166,30
"9,1,253;19,1,161",165,31
"19,1,161;20,1,160",165,31
"20,1,160;22,1,146",165,31
"13,1,224;23,1,145",165,31
"23,1,145;29,1,133",165,31
"22,1,146;39,1,112",165,31
"39,1,112;40,1,111",165,31
"40,1,111;55,1,67",165,31
"55,1,67;56,1,66",165,31
"56,1,66;8,1,31,1,51",165,31
"8,1,31,1,51;71,1,35",165,31
"71,1,35;77,1,27",165,31
"77,1,27;78,1,26",165,31
"123,1,10",165,31
"78,1,26;16,1,50,1,9",165,31
"29,1,133;16,1,50,1,9;8,1,864,1,0",165,31
"17,1,179;19,1,160",164,32
"13,1,223;20,1,159",164,32
"20,1,159;22,1,145",164,32
"19,1,160;39,1,111",164,32
"39,1,111;50,1,76",164,32
"50,1,76;55,1,66",164,32
"66,1,37",164,32
"55,1,66;77,1,26",164,32
"77,1,26;8,1,71,1,9",164,32
"22,1,145;8,1,71,1,9;8,2,642,1,0",164,32
"9,1,252;13,1,222",163,33
"13,1,222;17,1,178",163,33
"17,1,178;19,1,159",163,33
"19,1,159;8,2,145",163,33
"16,1,179;31,1,121",163,33
"31,1,121;49,1,76",163,33
"49,1,76;71,1,34",163,33
"8,2,145;71,1,34;8,1,863,1,0",163,33
"8,1,276;16,1,178",162,34
"26,1,142",161,35
"135,1,6",161,35
"165,1,2",161,35
"26,1,141",160,36
"125,1,8",160,36
"65,1,39",158,38
"7,1,288",157,39
"65,1,38",157,39
"102,1,18;0,2,8,1,17,1,516,1,0",157,39
"11,1,242",156,40
"10,1,242",155,41
"2,1,387;6,1,288",153,43
"6,1,288;15,1,188",153,43
"15,1,188;30,1,129",153,43
"30,1,129;47,1,85",153,43
"47,1,85;65,1,37",153,43
"65,1,37;102,1,17",153,43
"102,1,17;1,2,110,1,11",153,43
"0,1,430;1,1,342,1,1",152,44
"0,1,429",151,45
"18,1,177;1,1,368,1,1",190,7
"7,2,177",189,8
"132,1,10",189,8
"0,1,458;1,1,441;395,1,1",189,8
"1,1,441;1,1,440;394,1,1",189,8
"1,1,440;395,1,1;394,1,1;1,2,18,1,660,1,0",189,8
"7,1,303",188,9
"35,1,128",188,9
"131,1,10",188,9
"69,1,45;0,2,74,1,324,1,0",188,9
"9,1,264",187,10
"34,1,128",187,10
"35,1,127",187,10
"0,1,457;18,1,175;69,1,44",187,10
"70,1,41",187,10
"130,1,10",187,10
"174,1,2",187,10
"69,1,44;1,1,366,1,1",187,10
"18,1,176;1,1,18,1,684,1,0",187,10
"18,1,175;1,1,366,1,1;1,1,18,1,684,1,0;0,2,73,1,324,1,0",187,10
"2,1,410",186,11
"8,1,287",186,11
"26,1,152",186,11
"33,1,128",186,11
"34,1,127",186,11
"70,1,40",186,11
"129,1,10",186,11
"128,1,10",186,11
"2,1,409",185,12
"2,1,408",185,12
"4,1,349",185,12
"8,1,286",185,12
"11,1,260",185,12
"20,1,168",185,12
"32,1,128",185,12
"33,1,127",185,12
"46,1,97",185,12
"18,1,174;18,1,188,1,1",185,12
"0,1,456",184,13
"0,1,455",184,13
"0,1,454",184,13
"1,1,439",184,13
"2,1,407",184,13
"2,1,406",184,13
"6,1,303",184,13
"8,1,285",184,13
"8,1,284",184,13
"10,1,260",184,13
"12,1,251",184,13
"13,1,241",184,13
"19,1,168",184,13
"20,1,167",184,13
"25,1,153",184,13
"32,1,127",184,13
"45,1,97",184,13
"54,1,75",184,13
"61,1,58",184,13
"0,1,453",183,14
"1,1,438;2,1,405",183,14
"2,1,404",183,14
"2,1,405;2,1,403",183,14
"2,1,403;3,1,370",183,14
"3,1,369",183,14
"3,1,370;1,1,5,1,303",183,14
"1,1,5,1,303;8,1,283",183,14
"9,1,263",183,14
"11,1,259",183,14
"12,1,250",183,14
"19,1,167",183,14
"24,1,153",183,14
"29,1,140",183,14
"48,1,89",183,14
"54,1,74",183,14
"68,1,45",183,14
"76,1,36",183,14
"115,1,14",183,14
"0,1,452;69,1,43;8,1,46,1,324,1,0",183,14
"69,1,43;8,1,46,1,324,1,0;0,3,72,1,324,1,0",183,14
"1,1,437",182,15
"0,1,451;0,1,450;5,1,319",182,15
"10,1,259",182,15
"15,1,205",182,15
"23,1,153",182,15
"26,1,151",182,15
"38,1,120",182,15
"40,1,118",182,15
"48,1,88",182,15
"53,1,83",182,15
"67,1,45",182,15
"0,1,450;5,1,319;68,1,44",182,15
"68,1,44;75,1,36;74,1,36",182,15
"139,1,6",182,15
"155,1,3",182,15
"13,1,240;384,1,1",182,15
"5,1,319;75,1,36;74,1,36;1,1,361,1,1",182,15
"69,1,42;1,1,361,1,1;8,1,45,1,324,1,0",182,15
"75,1,36;74,1,36;0,1,43,1,544,1,0",182,15
"74,1,36;0,2,1099,1,0",182,15
"1,1,435;3,1,368",181,16
"3,1,368;4,1,348",181,16
"5,1,318",181,16
"4,1,348;8,1,282",181,16
"12,1,249",181,16
"22,1,153",181,16
"37,1,120",181,16
"39,1,118",181,16
"40,1,117",181,16
"53,1,82",181,16
"0,1,449;67,1,44",181,16
"73,1,36",181,16
"76,1,35;134,1,9",181,16
"67,1,44;1,1,360,1,1",181,16
"2,1,402;1,1,360,1,1;0,2,1098,1,0",181,16
"1,1,433",180,17
"1,1,434;4,1,347",180,17
"11,1,258",180,17
"18,1,173",180,17
"4,1,347;18,1,172",180,17
"26,1,150",180,17
"29,1,139",180,17
"31,1,128",180,17
"39,1,117",180,17
"53,1,81",180,17
"13,1,239;75,1,35;74,1,35",180,17
"74,1,35;86,1,27",180,17
"127,1,10",180,17
"126,1,10",180,17
"75,1,35;86,1,27;133,1,9",180,17
"173,1,2",180,17
"172,1,2",180,17
"35,1,126;1,1,359,1,1",180,17
"86,1,27;0,1,1113,1,0",180,17
"0,1,448;9,1,262",179,18
"10,1,258",179,18
"9,1,262;11,1,257",179,18
"11,1,257;13,1,238",179,18
"31,1,127",179,18
"3,1,367;34,1,126",179,18
"13,1,238;35,1,125",179,18
"36,1,120",179,18
"40,1,116",179,18
"48,1,87",179,18
"53,1,80",179,18
"54,1,73",179,18
"35,1,125;54,1,72",179,18
"66,1,45",179,18
"34,1,126;54,1,72;73,1,35",179,18
"76,1,34",179,18
"73,1,35;85,1,27",179,18
"85,1,27;84,1,27",179,18
"84,1,27;86,1,26",179,18
"54,1,72;114,1,16",179,18
"114,1,16;1,1,357,1,1",179,18
"86,1,26;0,5,1057,1,0",179,18
"3,1,366",178,19
"5,1,317",178,19
"10,1,257",178,19
"11,1,256",178,19
"11,1,255",178,19
"26,1,149",178,19
"33,1,126",178,19
"34,1,125",178,19
"35,1,124",178,19
"38,1,119",178,19
"39,1,116",178,19
"48,1,86",178,19
"53,1,79",178,19
"66,1,44;68,1,43",178,19
"68,1,43;75,1,34",178,19
"75,1,34;74,1,34",178,19
"83,1,27",178,19
"82,1,27",178,19
"74,1,34;85,1,26",178,19
"85,1,26;84,1,26",178,19
"114,1,15",178,19
"154,1,3",178,19
"84,1,26;0,5,1055,1,0",178,19
"4,1,346",177,20
"7,1,302",177,20
"10,1,256",177,20
"10,1,255",177,20
"11,1,254",177,20
"12,1,248",177,20
"15,1,204",177,20
"18,1,171",177,20
"20,1,166",177,20
"30,1,136",177,20
"32,1,126",177,20
"34,1,124",177,20
"37,1,119",177,20
"33,1,125;52,1,84",177,20
"53,1,78",177,20
"60,1,58",177,20
"59,1,58",177,20
"67,1,43",177,20
"68,1,42",177,20
"73,1,34",177,20
"83,1,26",177,20
"82,1,26",177,20
"81,1,27;109,1,18",177,20
"113,1,16",177,20
"118,1,12",177,20
"52,1,84;13,1,220,1,1",177,20
"109,1,18;0,1,67,1,363,1,0",177,20
"4,1,345",176,21
"10,1,254",176,21
"12,1,247",176,21
"15,1,203",176,21
"18,1,170",176,21
"19,1,166",176,21
"28,1,144",176,21
"33,1,124",176,21
"41,1,110",176,21
"47,1,95",176,21
"32,1,125;51,1,84",176,21
"53,1,77",176,21
"67,1,42",176,21
"70,1,39",176,21
"81,1,26",176,21
"112,1,16",176,21
"113,1,15",176,21
"147,1,5",176,21
"51,1,84;13,1,219,1,1",176,21
"1,1,432",175,22
"4,1,344",175,22
"5,1,316",175,22
"14,1,221",175,22
"21,1,158",175,22
"29,1,138;32,1,124",175,22
"36,1,119",175,22
"32,1,124;46,1,96",175,22
"70,1,38",175,22
"108,1,18",175,22
"112,1,15",175,22
"146,1,5",175,22
"147,1,4",175,22
"46,1,96;8,1,248,1,1",175,22
"3,1,365",174,23
"5,1,315",174,23
"12,1,246",174,23
"58,1,65",174,23
"66,1,43",174,23
"99,1,20",174,23
"134,1,8",174,23
"138,1,6",174,23
"146,1,4",174,23
"45,1,96;8,2,167,1,1",174,23
"3,1,364",173,24
"5,1,314",173,24
"6,1,302",173,24
"12,1,245",173,24
"15,1,202",173,24
"18,1,169",173,24
"53,1,76",173,24
"57,1,70",173,24
"66,1,42",173,24
"99,1,19",173,24
"109,1,17",173,24
"133,1,8",173,24
"137,1,6",173,24
"29,1,137;8,2,166,1,1",173,24
"80,1,28;8,1,89,1,209,1,0",173,24
"2,1,401",172,25
"3,1,363",172,25
"4,1,343",172,25
"12,1,244",172,25
"13,1,236;17,1,187",172,25
"17,1,187;20,1,165",172,25
"21,1,157",172,25
"31,1,126",172,25
"20,1,165;40,1,115",172,25
"58,1,64",172,25
"125,1,10",172,25
"40,1,115;8,1,247,1,1",172,25
"79,1,28;8,1,878,1,0",172,25
"0,1,447",171,26
"1,1,431",171,26
"5,1,313",171,26
"14,1,220",171,26
"9,1,261;16,1,187",171,26
"16,1,187;17,1,186",171,26
"17,1,186;19,1,165",171,26
"26,1,148",171,26
"28,1,143",171,26
"19,1,165;31,1,125",171,26
"31,1,125;39,1,115",171,26
"41,1,109",171,26
"47,1,94",171,26
"58,1,63",171,26
"70,1,37",171,26
"108,1,17",171,26
"39,1,115;8,1,245,1,1",171,26
"0,1,446",170,27
"8,1,280;16,1,186",170,27
"16,1,186;17,1,185",170,27
"26,1,147",170,27
"17,1,185;31,1,124",170,27
"41,1,108",170,27
"47,1,93",170,27
"31,1,124;50,1,84",170,27
"54,1,71",170,27
"136,1,6",170,27
"171,1,2",170,27
"26,1,146",169,28
"27,1,144",169,28
"16,1,185;49,1,84",169,28
"49,1,84;8,1,244,1,1",169,28
"26,1,145",168,29
"44,1,101",168,29
"44,1,100",168,29
"58,1,62",168,29
"65,1,45",168,29
"98,1,20;124,1,11",168,29
"124,1,11;1,1,1095,1,0",168,29
"11,1,253",167,30
"62,1,49",167,30
"65,1,44",167,30
"87,1,25",167,30
"98,1,19",167,30
"111,1,16",167,30
"117,1,12",167,30
"153,1,3",167,30
"7,1,301",166,31
"10,1,253",166,31
"12,1,243",166,31
"21,1,156",166,31
"41,1,107",166,31
"47,1,92",166,31
"110,1,16",166,31
"111,1,15",166,31
"116,1,12",166,31
"152,1,3",166,31
"7,1,300",165,32
"11,1,252",165,32
"58,1,61",165,32
"87,1,24",165,32
"110,1,15",165,32
"145,1,5",165,32
"7,1,299",164,33
"10,1,252",164,33
"14,1,219",164,33
"21,1,155",164,33
"27,1,143",164,33
"48,1,85",164,33
"58,1,60",164,33
"145,1,4",164,33
"15,1,201",163,34
"30,1,135",163,34
"47,1,91",163,34
"65,1,43",163,34
"56,1,70;78,1,28",163,34
"78,1,28;8,2,16,1,347,1,0",163,34
"2,1,400",162,35
"6,1,301",162,35
"15,1,200",162,35
"30,1,134",162,35
"47,1,90",162,35
"65,1,42",162,35
"55,1,70;77,1,28",162,35
"77,1,28;8,2,653,1,0",162,35
"0,1,445",161,36
"2,1,399",161,36
"6,1,300",161,36
"15,1,199",161,36
"0,1,444",160,37
"2,1,398",160,37
"6,1,299",160,37
"15,1,198",160,37
"28,1,142",160,37
"30,1,133",160,37
"41,1,106",160,37
"0,1,443;28,1,141",159,38
"62,1,48",159,38
"28,1,141;1,1,354,1,1",159,38
"87,1,23",157,40
"87,1,22;0,14,919,1,0",156,41
"1,1,430;4,1,342",153,44
"4,1,342;5,1,312",153,44
"5,1,312;12,1,242",153,44
"12,1,242;14,1,218",153,44
"14,1,218;21,1,154",153,44
"21,1,154;27,1,142",153,44
"27,1,142;41,1,105",153,44
"41,1,105;44,1,99",153,44
"44,1,99;58,1,59",153,44
"58,1,59;62,1,47",153,44
"62,1,47;87,1,21",153,44
"87,1,21;97,1,20",153,44
"97,1,20;123,1,11",153,44
"1,1,429;5,1,311",152,45
"5,1,311;14,1,217",152,45
"14,1,217;27,1,141",152,45
"27,1,141;44,1,98",152,45
"44,1,98;62,1,46",152,45
"62,1,46;97,1,19",152,45
"97,1,19;135,1,7",152,45
"135,1,7;379,1,1",152,45
"2,1,428",195,3
"0,2,2,1,18,2,324,1,0",192,6
"38,1,123",191,7
"2,1,18,2,341,1,0",191,7
"1,1,458;18,1,184",190,8
"37,1,123",190,8
"18,1,184;0,1,2,1,18,1,660,1,0",190,8
"8,1,298",189,9
"11,1,264",189,9
"2,1,70,1,33",189,9
"143,1,6",189,9
"0,1,469;1,1,376,1,1",189,9
"0,1,468",188,10
"2,1,426",188,10
"10,1,264",188,10
"13,1,251",188,10
"36,1,123",188,10
"43,1,110",188,10
"61,1,65",188,10
"142,1,6",188,10
"148,1,5",188,10
"158,1,3",188,10
"1,1,457;413,1,1",188,10
"0,1,467",187,11
"2,1,425",187,11
"4,1,357",187,11
"5,1,334",187,11
"13,1,250",187,11
"18,1,183",187,11
"38,1,122",187,11
"48,1,95",187,11
"94,1,25",187,11
"148,1,4",187,11
"2,1,423",186,12
"3,1,377",186,12
"4,1,356",186,12
"5,1,333",186,12
"7,1,310",186,12
"18,1,182",186,12
"37,1,122",186,12
"57,1,75",186,12
"61,1,64",186,12
"70,1,45",186,12
"93,1,25",186,12
"92,1,25",186,12
"134,1,10",186,12
"179,1,2",186,12
"2,1,424;0,1,79,1,324,1,0",186,12
"1,1,456",185,13
"1,1,455",185,13
"1,1,454",185,13
"1,2,424",185,13
"2,1,422",185,13
"3,1,376",185,13
"4,1,355",185,13
"0,1,466;5,1,332",185,13
"5,1,331",185,13
"5,1,332;5,1,330",185,13
"7,1,309",185,13
"9,1,275",185,13
"11,1,263",185,13
"13,1,249",185,13
"20,1,177",185,13
"26,1,153",185,13
"28,1,152",185,13
"57,1,74",185,13
"5,1,330;61,1,63",185,13
"70,1,44",185,13
"80,1,33",185,13
"91,1,25",185,13
"94,1,24",185,13
"122,1,12",185,13
"133,1,10",185,13
"157,1,3",185,13
"178,1,2",185,13
"61,1,63;1,2,351,1,1",185,13
"1,1,453",184,14
"1,2,422",184,14
"5,1,329",184,14
"5,1,328",184,14
"7,1,308;8,1,297",184,14
"9,1,274",184,14
"10,1,263",184,14
"1,1,13,1,233",184,14
"18,1,181",184,14
"19,1,177",184,14
"36,1,122",184,14
"54,1,83",184,14
"8,1,297;79,1,33",184,14
"93,1,24",184,14
"79,1,33;92,1,24",184,14
"121,1,12",184,14
"177,1,2",184,14
"92,1,24;406,1,1",184,14
"1,1,451",183,15
"2,1,421",183,15
"3,1,374",183,15
"1,1,450;5,1,327",183,15
"7,1,307",183,15
"18,1,180",183,15
"25,1,158",183,15
"35,1,132",183,15
"42,1,110",183,15
"43,1,109",183,15
"52,1,89",183,15
"54,1,82",183,15
"91,1,24",183,15
"120,1,12",183,15
"0,1,465;2,1,420",182,16
"4,1,354",182,16
"6,1,310",182,16
"1,1,7,1,296",182,16
"12,1,260",182,16
"14,1,235",182,16
"15,1,216",182,16
"17,1,197",182,16
"20,1,176",182,16
"20,1,175",182,16
"24,1,158",182,16
"34,1,132",182,16
"43,1,108",182,16
"51,1,89",182,16
"52,1,88",182,16
"54,1,81",182,16
"48,1,94;61,1,62",182,16
"72,1,41",182,16
"141,1,6",182,16
"176,1,2",182,16
"61,1,62;1,2,1090,1,0",182,16
"2,1,420;1,2,1090,1,0;0,2,2,1,1057,1,0",182,16
"6,1,309",181,17
"2,1,419;9,1,273",181,17
"9,1,273;11,1,262",181,17
"14,1,234",181,17
"15,1,215",181,17
"16,1,197",181,17
"17,1,196",181,17
"17,1,195",181,17
"19,1,176",181,17
"19,1,175",181,17
"21,1,164",181,17
"23,1,158",181,17
"28,1,151",181,17
"33,1,132",181,17
"11,1,262;35,1,131",181,17
"48,1,93",181,17
"51,1,88",181,17
"35,1,131;54,1,80",181,17
"57,1,73",181,17
"57,1,72",181,17
"60,1,65",181,17
"59,1,65",181,17
"3,1,373;54,1,80;72,1,40",181,17
"90,1,25",181,17
"89,1,25",181,17
"115,1,16",181,17
"156,1,3",181,17
"0,1,464;70,1,43;1,1,369,1,1",181,17
"70,1,43;1,1,1112,1,0",181,17
"72,1,40;1,2,1088,1,0",181,17
"2,1,418",180,18
"2,1,417",180,18
"1,1,448;2,2,373",180,18
"5,1,326",180,18
"6,1,308",180,18
"7,1,306;8,1,296",180,18
"8,1,295;9,1,272",180,18
"2,2,373;10,1,262",180,18
"12,1,259",180,18
"9,1,272;13,1,247",180,18
"14,1,233",180,18
"15,1,214",180,18
"16,1,196",180,18
"16,1,195",180,18
"17,1,194",180,18
"13,1,247;20,1,174",180,18
"22,1,158",180,18
"10,1,262;25,1,157",180,18
"32,1,132",180,18
"34,1,131",180,18
"54,1,79",180,18
"70,1,42",180,18
"20,1,174;80,1,32",180,18
"115,1,15",180,18
"8,1,296;405,1,1",180,18
"80,1,32;20,1,188,1,1",180,18
"2,1,416",179,19
"6,1,307",179,19
"14,1,232",179,19
"14,1,231",179,19
"16,1,194",179,19
"17,1,193",179,19
"9,1,271;19,1,174",179,19
"28,1,150",179,19
"24,1,157;33,1,131",179,19
"35,1,130",179,19
"52,1,87",179,19
"33,1,131;53,1,84",179,19
"54,1,78",179,19
"60,1,64",179,19
"59,1,64",179,19
"61,1,61",179,19
"53,1,84;64,1,49",179,19
"19,1,174;79,1,32",179,19
"79,1,32;90,1,24",179,19
"90,1,24;89,1,24",179,19
"89,1,24;8,1,255,1,1",179,19
"64,1,49;2,1,346,1,1",179,19
"8,1,294",178,20
"14,1,230",178,20
"15,1,213",178,20
"15,1,212",178,20
"16,1,193",178,20
"9,1,270;17,1,192",178,20
"13,1,246;23,1,157",178,20
"27,1,152",178,20
"30,1,140",178,20
"23,1,157;32,1,131",178,20
"34,1,130",178,20
"0,1,463;42,1,109",178,20
"43,1,107",178,20
"47,1,97",178,20
"51,1,87",178,20
"52,1,86",178,20
"54,1,77",178,20
"60,1,63",178,20
"42,1,109;59,1,63",178,20
"59,1,63;61,1,60",178,20
"119,1,12",178,20
"17,1,192;61,1,60;8,1,254,1,1",178,20
"61,1,60;1,2,347,1,1",178,20
"0,1,462",177,21
"2,1,415",177,21
"12,1,258",177,21
"14,1,229",177,21
"8,1,293;16,1,192",177,21
"22,1,157",177,21
"28,1,149",177,21
"33,1,130",177,21
"46,1,101",177,21
"42,1,108;46,1,100",177,21
"48,1,92",177,21
"46,1,100;51,1,86",177,21
"86,1,28",177,21
"94,1,23",177,21
"132,1,11",177,21
"51,1,86;8,1,13,2,80,1,1",177,21
"0,1,461",176,22
"2,1,414",176,22
"6,1,306",176,22
"8,1,292;9,1,269",176,22
"12,1,257",176,22
"9,1,269;13,1,244",176,22
"15,1,211",176,22
"15,1,210",176,22
"29,1,144;32,1,130",176,22
"45,1,101",176,22
"32,1,130;45,1,100",176,22
"50,1,89",176,22
"56,1,75",176,22
"63,1,49",176,22
"85,1,28",176,22
"84,1,28",176,22
"93,1,23",176,22
"92,1,23",176,22
"94,1,22",176,22
"45,1,100;8,2,13,1,101,1,1",176,22
"131,1,11;0,2,1108,1,0",176,22
"2,1,413",175,23
"4,1,353",175,23
"8,1,291;9,1,268",175,23
"12,1,256",175,23
"12,1,255",175,23
"14,1,228",175,23
"15,1,209",175,23
"15,1,208",175,23
"9,1,268;17,1,191",175,23
"20,1,173",175,23
"17,1,191;20,1,172",175,23
"21,1,163",175,23
"30,1,139",175,23
"31,1,132",175,23
"40,1,120",175,23
"49,1,89",175,23
"50,1,88",175,23
"54,1,76",175,23
"55,1,75",175,23
"56,1,74",175,23
"60,1,62",175,23
"59,1,62",175,23
"78,1,33",175,23
"83,1,28",175,23
"82,1,28",175,23
"91,1,23",175,23
"93,1,22",175,23
"92,1,22",175,23
"130,1,11",175,23
"3,1,372",174,24
"0,1,460;5,1,325",174,24
"7,1,305",174,24
"9,1,267",174,24
"5,1,325;8,1,290;9,1,266",174,24
"12,1,254",174,24
"14,1,227",174,24
"8,1,290;16,1,191",174,24
"9,1,266;17,1,190",174,24
"19,1,173",174,24
"17,1,190;19,1,172",174,24
"21,1,162",174,24
"25,1,156",174,24
"27,1,151",174,24
"38,1,121",174,24
"39,1,120",174,24
"41,1,114",174,24
"41,1,113",174,24
"44,1,104",174,24
"48,1,91",174,24
"49,1,88",174,24
"55,1,74",174,24
"77,1,33",174,24
"81,1,28",174,24
"88,1,25",174,24
"91,1,22",174,24
"128,1,11;1,1,122,1,11",174,24
"16,1,191;19,1,172;1,1,5,1,260,1,1",174,24
"1,1,122,1,11;1,2,1083,1,0",174,24
"129,1,11;0,2,68,1,359,1,0",174,24
"4,1,352",173,25
"5,1,324",173,25
"11,1,261",173,25
"14,1,226",173,25
"8,1,289;16,1,190",173,25
"31,1,131",173,25
"37,1,121",173,25
"44,1,103",173,25
"48,1,90",173,25
"94,1,21",173,25
"114,1,18",173,25
"139,1,7",173,25
"42,1,107;8,3,118,1,1",173,25
"24,1,156;0,2,67,1,359,1,0",173,25
"1,1,447",172,26
"4,1,351",172,26
"7,1,304",172,26
"10,1,261",172,26
"18,1,179",172,26
"17,1,189;20,1,171",172,26
"20,1,171;23,1,156",172,26
"25,1,155",172,26
"27,1,150",172,26
"50,1,87",172,26
"57,1,71",172,26
"23,1,156;60,1,61;59,1,61",172,26
"71,1,41",172,26
"60,1,61;59,1,61;88,1,24",172,26
"93,1,21",172,26
"43,1,106;92,1,21",172,26
"88,1,24;8,4,64,1,1",172,26
"80,1,31;8,4,64,1,1;8,1,9,1,640,1,0",172,26
"59,1,61;92,1,21;0,1,1122,1,0",172,26
"92,1,21;0,1,1122,1,0;0,4,1084,1,0",172,26
"1,1,446;5,1,323",171,27
"18,1,178",171,27
"9,1,265;19,1,171",171,27
"19,1,171;20,1,170",171,27
"16,1,189;22,1,156",171,27
"24,1,155",171,27
"22,1,156;29,1,143",171,27
"29,1,143;31,1,130",171,27
"36,1,121",171,27
"31,1,130;40,1,119",171,27
"49,1,87",171,27
"40,1,119;50,1,86",171,27
"50,1,86;56,1,73",171,27
"56,1,72",171,27
"56,1,73;17,2,61",171,27
"5,1,323;17,2,61;60,1,60;59,1,60",171,27
"71,1,40",171,27
"64,1,48;72,1,39",171,27
"72,1,39;79,1,31",171,27
"20,1,170;17,2,61;79,1,31;80,1,30",171,27
"79,1,31;89,1,23",171,27
"91,1,21",171,27
"17,2,61;113,1,18",171,27
"89,1,23;118,1,13",171,27
"60,1,60;59,1,60;42,1,137,1,1",171,27
"113,1,18;118,1,13;8,2,668,1,0",171,27
"80,1,30;118,1,13;0,1,23,1,655,1,0",171,27
"59,1,60;90,1,23;42,1,137,1,1;8,2,668,1,0;0,1,23,1,655,1,0;0,2,3,1,978,1,0",171,27
"90,1,23;118,1,13;0,2,3,1,978,1,0;0,6,1051,1,0",171,27
"2,1,412",170,28
"6,1,305",170,28
"15,1,207",170,28
"27,1,149",170,28
"28,1,148",170,28
"30,1,138",170,28
"39,1,119;49,1,86",170,28
"49,1,86;55,1,73",170,28
"55,1,72",170,28
"19,1,170;78,1,32",170,28
"72,1,38;79,1,30",170,28
"23,1,155;80,1,29",170,28
"13,1,243;55,1,73;79,1,30;90,1,22",170,28
"79,1,30;89,1,22",170,28
"55,1,73;112,1,18",170,28
"78,1,32;8,1,17,1,138,1,1",170,28
"89,1,22;8,1,17,1,138,1,1;8,2,667,1,0",170,28
"90,1,22;112,1,18;8,2,667,1,0;0,1,8,1,874,1,0",170,28
"112,1,18;8,1,17,1,138,1,1;0,1,8,1,874,1,0;0,4,1081,1,0",170,28
"80,1,29;8,1,17,1,138,1,1;0,5,1063,1,0",170,28
"28,1,147",169,29
"62,1,57",169,29
"22,1,155;77,1,32",169,29
"77,1,32;79,1,29",169,29
"79,1,29;101,1,20",169,29
"114,1,17",169,29
"101,1,20;8,1,16,1,138,1,1",169,29
"0,1,459",168,30
"2,1,411",168,30
"6,1,304",168,30
"15,1,206",168,30
"30,1,137",168,30
"47,1,96",168,30
"62,1,56",168,30
"20,1,169;101,1,19",168,30
"101,1,19;127,1,11",168,30
"126,1,11",168,30
"127,1,11;8,1,16,1,137,1,1",168,30
"63,1,48;8,4,17,1,20,1,1;8,3,13,1,267,1,0",168,30
"28,1,146;1,2,64,1,347,1,0",168,30
"28,1,145;42,1,106",167,31
"42,1,106;61,1,59",167,31
"19,1,169;90,1,21",167,31
"90,1,21;89,1,21",167,31
"61,1,59;89,1,21;113,1,17",167,31
"113,1,17;8,1,72,1,11",167,31
"89,1,21;8,1,72,1,11;1,1,119,1,11",167,31
"62,1,55;1,1,119,1,11;0,2,1103,1,0",167,31
"58,1,69",166,32
"62,1,54",166,32
"72,1,37;112,1,17",166,32
"43,1,105",165,33
"58,1,68",165,33
"64,1,47;138,1,7",165,33
"138,1,7;403,1,1",165,33
"12,1,253",164,34
"21,1,161",164,34
"35,1,129",164,34
"41,1,112",164,34
"52,1,85",164,34
"58,1,67",164,34
"62,1,53",164,34
"87,1,27",164,34
"64,1,46;137,1,7",164,34
"137,1,7;402,1,1",164,34
"88,1,23;8,2,17,1,78,1,1;8,3,499,1,0",164,34
"3,1,371",163,35
"14,1,225",163,35
"21,1,160",163,35
"27,1,148",163,35
"34,1,129",163,35
"41,1,111",163,35
"44,1,102",163,35
"58,1,66",163,35
"62,1,52",163,35
"87,1,26",163,35
"140,1,6",163,35
"175,1,2",163,35
"51,1,85;8,3,117,1,1",163,35
"88,1,22;8,3,117,1,1;8,4,299,1,0",163,35
"1,1,445",162,36
"4,1,350",162,36
"5,1,322",162,36
"12,1,252",162,36
"14,1,224",162,36
"21,1,159",162,36
"27,1,147",162,36
"33,1,129",162,36
"62,1,51",162,36
"46,1,99;63,1,47",162,36
"56,1,71;78,1,31",162,36
"63,1,47;100,1,20",162,36
"100,1,20;8,3,116,1,1",162,36
"78,1,31;8,3,116,1,1;8,4,64,2,0",162,36
"1,1,444",161,37
"5,1,321",161,37
"14,1,223",161,37
"25,1,154",161,37
"32,1,129;45,1,99",161,37
"45,1,99;46,1,98",161,37
"27,1,146;62,1,50",161,37
"46,1,98;63,1,46",161,37
"55,1,71;71,1,39",161,37
"71,1,39;77,1,31",161,37
"77,1,31;78,1,30",161,37
"63,1,46;100,1,19",161,37
"100,1,19;111,1,18",161,37
"78,1,30;117,1,13",161,37
"111,1,18;8,3,16,1,11",161,37
"62,1,50;135,1,9",161,37
"8,3,16,1,11;136,1,7",161,37
"136,1,7;401,1,1",161,37
"117,1,13;401,1,1;8,2,665,1,0",161,37
"135,1,9;5,1,149,2,0",161,37
"1,1,443;5,1,320",160,38
"5,1,320;14,1,222",160,38
"24,1,154",160,38
"14,1,222;27,1,145",160,38
"27,1,145;29,1,142;42,1,105",160,38
"29,1,142;45,1,98",160,38
"45,1,98;60,1,59",160,38
"42,1,105;60,1,59;59,1,59",160,38
"71,1,38;77,1,30",160,38
"60,1,59;78,1,29",160,38
"59,1,59;78,1,29;88,1,21",160,38
"78,1,29;8,2,31,1,17",160,38
"77,1,30;116,1,13",160,38
"88,1,21;125,1,11",160,38
"8,2,31,1,17;17,1,200,1,1",160,38
"110,1,18;116,1,13;8,2,664,1,0",160,38
"116,1,13;17,1,200,1,1;8,2,664,1,0;0,1,8,1,16,1,17,1,260,1,0",160,38
"23,1,154;29,1,141",159,39
"29,1,141;77,1,29",159,39
"77,1,29;8,1,253,1,1",159,39
"22,1,154;8,1,252,1,1",158,40
"13,1,242;17,1,188",157,41
"17,1,188;50,1,85",157,41
"50,1,85;111,1,17",157,41
"111,1,17;8,1,71,1,11",157,41
"8,1,288;16,1,188",156,42
"16,1,188;31,1,129",156,42
"31,1,129;49,1,85",156,42
"49,1,85;71,1,37",156,42
"71,1,37;110,1,17",156,42
"135,1,8",154,44
"0,1,495",193,6
"0,1,494",192,7
"0,1,493",191,8
"38,1,128",191,8
"1,2,442;3,1,68,1,69,1,1",191,8
"0,1,492",190,9
"9,1,279",190,9
"37,1,128",190,9
"38,1,127",190,9
"0,1,491;1,1,392,1,1",190,9
"0,1,490;1,1,393,1,1;0,1,84,1,324,1,0",190,9
"0,1,489",189,10
"1,1,468",189,10
"3,1,386",189,10
"25,1,164",189,10
"37,1,127",189,10
"48,1,97",189,10
"69,1,49",189,10
"181,1,2",189,10
"86,1,33;0,1,1165,1,0",189,10
"0,1,488;0,1,1165,1,0;0,7,18,2,324,1,0",189,10
"0,1,487",188,11
"5,1,341",188,11
"1,1,467;7,1,319",188,11
"24,1,164",188,11
"35,1,136",188,11
"36,1,128",188,11
"76,1,41",188,11
"0,1,485;7,1,319;85,1,33",188,11
"85,1,33;84,1,33",188,11
"96,1,25",188,11
"9,1,278;69,1,89,1,1",188,11
"7,1,319;1,1,389,1,1",188,11
"84,1,33;1,1,389,1,1;1,1,388,1,1",188,11
"0,1,486;0,1,81,1,324,1,0",188,11
"0,1,484;0,1,483",187,12
"7,1,318",187,12
"11,1,275",187,12
"23,1,164",187,12
"34,1,136",187,12
"36,1,127",187,12
"52,1,95",187,12
"75,1,41",187,12
"74,1,41",187,12
"76,1,40",187,12
"83,1,33",187,12
"82,1,33",187,12
"0,1,482;1,1,387,1,1",187,12
"0,1,483;1,1,79,1,324,1,0;0,1,1163,1,0;0,2,80,1,324,1,0",187,12
"0,1,481;0,1,480",186,13
"2,1,439",186,13
"10,1,275",186,13
"11,1,274",186,13
"12,1,264",186,13
"13,1,260",186,13
"17,1,205",186,13
"22,1,164",186,13
"33,1,136",186,13
"43,1,114",186,13
"43,1,113",186,13
"51,1,95",186,13
"57,1,83",186,13
"73,1,41",186,13
"75,1,40",186,13
"74,1,40",186,13
"1,1,466;81,1,33",186,13
"96,1,24",186,13
"0,1,480;0,1,1161,1,0",186,13
"2,1,438",185,14
"4,1,362",185,14
"10,1,274",185,14
"16,1,205",185,14
"20,1,184",185,14
"29,1,152",185,14
"32,1,136",185,14
"53,1,89",185,14
"57,1,82",185,14
"73,1,40",185,14
"95,1,25",185,14
"2,1,437",184,15
"3,1,385",184,15
"6,1,319",184,15
"13,1,259",184,15
"19,1,184",184,15
"26,1,158",184,15
"28,1,153",184,15
"40,1,123",184,15
"53,1,88",184,15
"57,1,81",184,15
"7,1,317;68,1,49",184,15
"86,1,32",184,15
"68,1,49;7,1,267,1,1",184,15
"0,1,479;1,1,385,1,1",184,15
"2,1,436;0,1,67,1,397,1,0",184,15
"94,1,27;0,3,1118,1,0",184,15
"0,1,478",183,16
"0,1,477",183,16
"2,1,435",183,16
"2,2,385;3,1,384",183,16
"4,1,361",183,16
"6,1,318",183,16
"3,1,384;11,1,273",183,16
"21,1,168",183,16
"25,1,163",183,16
"11,1,273;38,1,126",183,16
"39,1,123",183,16
"46,1,104",183,16
"38,1,126;57,1,80",183,16
"1,1,465;57,1,80;67,1,49",183,16
"85,1,32",183,16
"84,1,32",183,16
"93,1,27",183,16
"94,1,26",183,16
"95,1,24",183,16
"151,1,5",183,16
"67,1,49;7,1,266,1,1",183,16
"57,1,80;3,2,267,1,1",183,16
"1,2,436;92,1,27;3,2,267,1,1;1177,1,0",183,16
"92,1,27;1177,1,0;0,1,1158,1,0",183,16
"0,1,476",182,17
"2,1,434",182,17
"2,1,433",182,17
"3,1,383",182,17
"5,1,340",182,17
"1,1,8,1,282",182,17
"10,1,273",182,17
"11,1,272",182,17
"12,1,263",182,17
"20,1,183",182,17
"21,1,167",182,17
"24,1,163",182,17
"25,1,162",182,17
"38,1,125",182,17
"45,1,104",182,17
"46,1,103",182,17
"52,1,94",182,17
"57,1,79",182,17
"83,1,32",182,17
"82,1,32",182,17
"93,1,26",182,17
"118,1,14",182,17
"92,1,26;139,1,9",182,17
"150,1,5",182,17
"151,1,4",182,17
"37,1,126;2,1,359,1,1",182,17
"139,1,9;1176,1,0",182,17
"91,1,27;0,1,2,1,1088,1,0",182,17
"0,1,475;3,1,382",181,18
"4,1,360",181,18
"3,1,382;5,1,339",181,18
"7,1,316",181,18
"10,1,272",181,18
"11,1,271",181,18
"13,1,258",181,18
"5,1,339;14,1,241",181,18
"17,1,204",181,18
"19,1,183",181,18
"20,1,182",181,18
"23,1,163",181,18
"24,1,162",181,18
"26,1,157",181,18
"29,1,151",181,18
"37,1,125",181,18
"38,1,124",181,18
"14,1,241;42,1,114",181,18
"42,1,113",181,18
"45,1,103",181,18
"51,1,94;52,1,93",181,18
"53,1,87",181,18
"57,1,78",181,18
"64,1,57",181,18
"72,1,45",181,18
"80,1,36",181,18
"81,1,32",181,18
"91,1,26",181,18
"144,1,6",181,18
"150,1,4",181,18
"180,1,2",181,18
"52,1,93;9,1,13,2,75,1,1",181,18
"42,1,114;1,1,383,1,1",181,18
"54,1,84;1,2,359,1,1",181,18
"0,1,474;69,1,48;1,2,359,1,1;0,1,1156,1,0;0,2,1129,1,0",181,18
"69,1,48;0,7,66,1,324,1,0",181,18
"0,1,473",180,19
"6,1,317",180,19
"10,1,271",180,19
"11,1,270",180,19
"7,1,315;13,1,257",180,19
"16,1,204",180,19
"17,1,203",180,19
"18,1,187",180,19
"19,1,182",180,19
"22,1,163",180,19
"23,1,162",180,19
"31,1,136",180,19
"13,1,257;36,1,126",180,19
"37,1,124",180,19
"40,1,122",180,19
"41,1,118",180,19
"50,1,95",180,19
"53,1,86",180,19
"57,1,77",180,19
"61,1,69",180,19
"64,1,56",180,19
"36,1,126;66,1,49",180,19
"72,1,44",180,19
"79,1,36",180,19
"124,1,12",180,19
"143,1,7",180,19
"160,1,3",180,19
"51,1,93;13,3,67,1,1",180,19
"66,1,49;2,1,355,1,1",180,19
"0,1,472",179,20
"1,1,463;5,1,338",179,20
"7,1,314",179,20
"10,1,270",179,20
"13,1,256",179,20
"5,1,338;14,1,240",179,20
"1,1,13,1,237",179,20
"16,1,203",179,20
"18,1,186",179,20
"20,1,181",179,20
"22,1,162",179,20
"29,1,150",179,20
"36,1,125",179,20
"39,1,122",179,20
"41,1,117",179,20
"14,1,240;48,1,96",179,20
"49,1,95",179,20
"61,1,68",179,20
"48,1,96;64,1,55",179,20
"13,1,255;80,1,35",179,20
"122,1,13",179,20
"142,1,7",179,20
"149,1,5",179,20
"1,1,462",178,21
"3,1,381",178,21
"11,1,269",178,21
"12,1,262",178,21
"9,1,277;13,1,254",178,21
"18,1,185",178,21
"19,1,181",178,21
"20,1,180",178,21
"36,1,124",178,21
"61,1,67",178,21
"63,1,57",178,21
"64,1,54",178,21
"13,1,254;79,1,35",178,21
"79,1,35;89,1,27",178,21
"96,1,23",178,21
"121,1,13",178,21
"89,1,27;8,1,80,1,9",178,21
"149,1,4",178,21
"90,1,27;8,1,80,1,9;0,1,3,1,1011,1,0",178,21
"1,1,461",177,22
"2,1,432",177,22
"4,1,359",177,22
"5,1,337",177,22
"6,1,316",177,22
"7,1,313",177,22
"10,1,269",177,22
"11,1,268",177,22
"14,1,239",177,22
"15,1,221",177,22
"19,1,180",177,22
"27,1,153",177,22
"29,1,149",177,22
"41,1,116",177,22
"52,1,92",177,22
"57,1,76",177,22
"61,1,66",177,22
"63,1,56",177,22
"76,1,39",177,22
"17,1,202;80,1,34",177,22
"80,1,34;90,1,26",177,22
"90,1,26;89,1,26",177,22
"96,1,22",177,22
"120,1,13",177,22
"89,1,26;8,1,79,1,9",177,22
"6,1,315",176,23
"10,1,268",176,23
"11,1,267",176,23
"11,1,266",176,23
"14,1,238",176,23
"8,1,302;16,1,202",176,23
"43,1,112",176,23
"56,1,83",176,23
"63,1,55",176,23
"16,1,202;64,1,53",176,23
"68,1,48",176,23
"64,1,53;72,1,43",176,23
"75,1,39",176,23
"74,1,39",176,23
"76,1,38",176,23
"72,1,43;79,1,34",176,23
"86,1,31",176,23
"51,1,92;9,1,13,1,32,1,9",176,23
"1,1,460;5,1,336",175,24
"6,1,314",175,24
"10,1,267",175,24
"10,1,266",175,24
"5,1,336;14,1,237",175,24
"21,1,166",175,24
"26,1,156",175,24
"43,1,111",175,24
"50,1,94",175,24
"55,1,83",175,24
"56,1,82",175,24
"63,1,54",175,24
"67,1,48",175,24
"64,1,52;72,1,42",175,24
"73,1,39",175,24
"75,1,38",175,24
"74,1,38",175,24
"85,1,31",175,24
"84,1,31",175,24
"86,1,30",175,24
"95,1,23",175,24
"139,1,8",175,24
"69,1,47;87,1,324,1,0",175,24
"115,1,18;0,1,2,1,1083,1,0",175,24
"35,1,135",174,25
"49,1,94",174,25
"50,1,93",174,25
"52,1,91",174,25
"55,1,82",174,25
"56,1,81",174,25
"73,1,38",174,25
"83,1,31",174,25
"82,1,31",174,25
"85,1,30",174,25
"84,1,30",174,25
"86,1,29",174,25
"95,1,22",174,25
"96,1,21",174,25
"134,1,11",174,25
"64,1,51;138,1,9",174,25
"69,1,46;0,11,59,1,324,1,0",174,25
"2,1,431",173,26
"6,1,313",173,26
"11,1,265",173,26
"15,1,220",173,26
"26,1,155",173,26
"34,1,135",173,26
"35,1,134",173,26
"49,1,93",173,26
"52,1,90",173,26
"55,1,81",173,26
"56,1,80",173,26
"51,1,91;60,1,69",173,26
"59,1,69",173,26
"60,1,69;63,1,53",173,26
"81,1,31",173,26
"83,1,30",173,26
"82,1,30",173,26
"85,1,29",173,26
"84,1,29",173,26
"133,1,11",173,26
"64,1,50;137,1,9",173,26
"63,1,53;8,2,45,1,9",173,26
"141,1,7",173,26
"0,1,471",172,27
"3,1,380",172,27
"10,1,265",172,27
"25,1,161",172,27
"33,1,135",172,27
"34,1,134",172,27
"46,1,102;51,1,90",172,27
"55,1,80",172,27
"56,1,79",172,27
"51,1,90;60,1,68",172,27
"59,1,68",172,27
"60,1,68;63,1,52",172,27
"66,1,48",172,27
"76,1,37",172,27
"81,1,30",172,27
"83,1,29",172,27
"82,1,29",172,27
"107,1,20",172,27
"117,1,14",172,27
"119,1,13",172,27
"63,1,52;8,3,20,1,9",172,27
"3,1,379",171,28
"24,1,161",171,28
"25,1,160",171,28
"30,1,144",171,28
"33,1,134",171,28
"35,1,133",171,28
"32,1,135;42,1,112",171,28
"42,1,112;45,1,102",171,28
"55,1,79",171,28
"45,1,102;56,1,78",171,28
"56,1,78;60,1,67",171,28
"59,1,67",171,28
"62,1,58",171,28
"60,1,67;63,1,51",171,28
"71,1,45",171,28
"75,1,37",171,28
"74,1,37",171,28
"78,1,36",171,28
"81,1,29",171,28
"63,1,51;88,1,27",171,28
"95,1,21",171,28
"106,1,20",171,28
"105,1,20",171,28
"107,1,19",171,28
"115,1,17",171,28
"116,1,14",171,28
"88,1,27;8,3,19,1,9",171,28
"3,1,378",170,29
"4,1,358",170,29
"12,1,261",170,29
"21,1,165",170,29
"24,1,160",170,29
"25,1,159",170,29
"23,1,161;29,1,148",170,29
"29,1,148;32,1,134",170,29
"34,1,133",170,29
"41,1,115",170,29
"47,1,101",170,29
"42,1,111;50,1,92",170,29
"32,1,134;55,1,78",170,29
"50,1,92;56,1,77",170,29
"55,1,78;60,1,66",170,29
"56,1,77;60,1,66;59,1,66",170,29
"60,1,66;59,1,66;63,1,50",170,29
"68,1,47",170,29
"71,1,44",170,29
"73,1,37",170,29
"47,1,100;77,1,36",170,29
"59,1,66;63,1,50;8,2,19,1,34",170,29
"63,1,50;88,1,26",170,29
"104,1,20",170,29
"103,1,20",170,29
"106,1,19",170,29
"105,1,19",170,29
"88,1,26;136,1,9",170,29
"77,1,36;0,2,8,1,874,1,0",170,29
"8,2,19,1,34;136,1,9;0,6,1063,1,0",170,29
"1,1,459",169,30
"5,1,335",169,30
"14,1,236",169,30
"22,1,161;23,1,160",169,30
"24,1,159",169,30
"23,1,160;29,1,147",169,30
"33,1,133",169,30
"29,1,147;49,1,92",169,30
"49,1,92;55,1,77",169,30
"65,1,49",169,30
"67,1,47",169,30
"68,1,46",169,30
"55,1,77;78,1,35",169,30
"104,1,19",169,30
"103,1,19",169,30
"78,1,35;17,1,56,1,9;0,5,64,1,349,1,0",169,30
"13,1,253;22,1,160",168,31
"22,1,160;29,1,146",168,31
"23,1,159;32,1,133",168,31
"67,1,46",168,31
"29,1,146;77,1,35",168,31
"77,1,35;8,1,78,1,9",168,31
"32,1,133;8,1,78,1,9;9,1,864,1,0",168,31
"17,1,201;20,1,179",167,32
"22,1,159;29,1,145",167,32
"20,1,179;40,1,121",167,32
"40,1,121;50,1,91",167,32
"50,1,91;56,1,76",167,32
"56,1,76;78,1,34",167,32
"78,1,34;8,1,77,1,9",167,32
"138,1,8",167,32
"29,1,145;8,1,77,1,9;8,1,9,1,642,1,0",167,32
"15,1,219",166,33
"17,1,200;19,1,179",166,33
"13,1,252;20,1,178",166,33
"20,1,178;8,1,9,1,145",166,33
"16,1,201;31,1,135",166,33
"19,1,179;39,1,121",166,33
"31,1,135;49,1,91",166,33
"39,1,121;50,1,90",166,33
"53,1,85",166,33
"50,1,90;55,1,76",166,33
"66,1,47",166,33
"49,1,91;71,1,43",166,33
"55,1,76;77,1,34",166,33
"135,1,10",166,33
"30,1,143;71,1,43;77,1,34;137,1,8",166,33
"8,1,9,1,145;71,1,43;8,1,890,1,0",166,33
"71,1,43;77,1,34;137,1,8;0,2,113,1,260,1,0",166,33
"137,1,8;0,1,64,1,404,1,0;0,5,64,1,347,1,0",166,33
"8,1,301;16,1,200",165,34
"9,1,276;17,1,199",165,34
"17,1,199;19,1,178",165,34
"16,1,200;31,1,134",165,34
"31,1,134;49,1,90",165,34
"66,1,46",165,34
"49,1,90;71,1,42",165,34
"123,1,12",165,34
"159,1,3",165,34
"19,1,178;71,1,42;8,1,889,1,0",165,34
"8,1,300;16,1,199",164,35
"16,1,199;17,1,198",164,35
"8,1,299;16,1,198",163,36
"16,1,198;31,1,133",163,36
"136,1,8",163,36
"26,1,154",162,37
"58,1,70",161,38
"65,1,48",161,38
"87,1,28",161,38
"7,1,312",159,40
"7,1,311",158,41
"2,1,430",155,44
"6,1,312",155,44
"15,1,218",155,44
"30,1,142",155,44
"47,1,99",155,44
"65,1,47",155,44
"102,1,20",155,44
"2,1,429;6,1,311",154,45
"6,1,311;15,1,217",154,45
"15,1,217;30,1,141",154,45
"30,1,141;47,1,98",154,45
"47,1,98;65,1,46",154,45
"65,1,46;102,1,19",154,45
"102,1,19;1,1,123,1,11",154,45
"1,1,123,1,11;140,1,7",154,45
"140,1,7;416,1,1",154,45
"0,1,470;1,1,379,1,1",153,46
"1,1,495",194,6
"1,1,494",193,7
"7,1,334",193,7
"163,1,3",193,7
"0,1,509",192,8
"0,1,508",192,8
"1,1,493",192,8
"2,1,458",192,8
"7,1,333",192,8
"11,1,279",192,8
"43,1,118",192,8
"3,1,397;429,1,1",192,8
"0,1,507",191,9
"1,1,492",191,9
"7,1,331",191,9
"7,1,332;7,1,330",191,9
"10,1,279",191,9
"25,1,168",191,9
"43,1,117",191,9
"191,1,2",191,9
"7,1,330;1,1,415,1,1",191,9
"69,1,57;0,2,86,1,324,1,0",191,9
"1,1,489",190,10
"7,1,329",190,10
"7,1,328",190,10
"11,1,278",190,10
"13,1,264",190,10
"24,1,168",190,10
"25,1,167",190,10
"26,1,164",190,10
"0,1,506;69,1,56",190,10
"122,1,14",190,10
"18,1,197;190,1,2",190,10
"1,1,488;69,1,56;190,1,2;1,2,375,1,1",190,10
"69,1,56;1,2,375,1,1;0,2,84,1,324,1,0",190,10
"0,1,504",189,11
"1,1,487;1,1,486",189,11
"6,1,334",189,11
"1,1,485;7,1,327",189,11
"9,1,287",189,11
"10,1,278",189,11
"18,1,196",189,11
"18,1,195",189,11
"23,1,168",189,11
"24,1,167",189,11
"35,1,140",189,11
"43,1,116",189,11
"52,1,97",189,11
"53,1,95",189,11
"1,1,486;69,1,55",189,11
"99,1,25",189,11
"121,1,14",189,11
"132,1,12",189,11
"143,1,9",189,11
"0,1,505;1,1,413,1,1",189,11
"0,1,503;1,1,412,1,1",189,11
"69,1,55;1,1,81,1,324,1,0",189,11
"0,1,502",188,12
"1,1,484",188,12
"1,1,483",188,12
"6,1,333",188,12
"9,1,286",188,12
"22,1,168",188,12
"23,1,167",188,12
"34,1,140",188,12
"51,1,97",188,12
"120,1,14",188,12
"131,1,12",188,12
"189,1,2",188,12
"69,1,54;23,1,24,1,324,1,0",188,12
"142,1,9;1,1,1162,1,0",188,12
"18,1,194;0,8,1058,1,0",188,12
"0,1,501",187,13
"2,1,456",187,13
"2,1,455",187,13
"2,1,454",187,13
"6,1,332",187,13
"6,1,331",187,13
"6,1,330",187,13
"9,1,284",187,13
"18,1,193",187,13
"22,1,167",187,13
"33,1,140",187,13
"42,1,118",187,13
"54,1,89",187,13
"1,1,480;70,1,49",187,13
"76,1,45",187,13
"99,1,24",187,13
"130,1,12",187,13
"139,1,10",187,13
"9,1,285;188,1,2",187,13
"1,1,481;70,1,49;76,1,82,1,1",187,13
"188,1,2;9,1,251,1,1",187,13
"70,1,49;7,1,275,1,1",187,13
"0,1,500",186,14
"2,1,453",186,14
"2,1,452",186,14
"5,1,349",186,14
"6,1,329",186,14
"6,1,328",186,14
"7,1,326",186,14
"9,1,283",186,14
"13,1,263",186,14
"17,1,216",186,14
"18,1,192",186,14
"32,1,140",186,14
"35,1,139",186,14
"38,1,132",186,14
"42,1,117",186,14
"54,1,88",186,14
"68,1,57",186,14
"75,1,45",186,14
"74,1,45",186,14
"76,1,44",186,14
"129,1,12",186,14
"128,1,12",186,14
"187,1,2",186,14
"69,1,53;8,1,51,1,324,1,0",186,14
"0,1,499",185,15
"1,2,452",185,15
"2,1,451",185,15
"2,1,450",185,15
"3,1,396",185,15
"6,1,327",185,15
"8,1,310",185,15
"14,1,251",185,15
"16,1,216",185,15
"17,1,215",185,15
"34,1,139",185,15
"37,1,132",185,15
"67,1,57",185,15
"68,1,56",185,15
"73,1,45",185,15
"75,1,44",185,15
"74,1,44",185,15
"96,1,27",185,15
"69,1,52;8,2,23,1,324,1,0",185,15
"86,1,36;0,2,1160,1,0",185,15
"1,1,477",184,16
"2,1,449",184,16
"1,1,478;4,1,370",184,16
"4,1,369",184,16
"4,1,370;1,1,5,1,327",184,16
"8,1,309",184,16
"9,1,282",184,16
"12,1,275",184,16
"14,1,250",184,16
"15,1,235",184,16
"16,1,215",184,16
"17,1,214",184,16
"26,1,163",184,16
"29,1,153",184,16
"33,1,139",184,16
"38,1,131",184,16
"40,1,128",184,16
"42,1,116",184,16
"53,1,94",184,16
"67,1,56",184,16
"68,1,55",184,16
"73,1,44",184,16
"85,1,36",184,16
"84,1,36",184,16
"96,1,26",184,16
"155,1,5",184,16
"1,1,5,1,327;422,1,1",184,16
"69,1,51;422,1,1;8,2,22,1,324,1,0",184,16
"1,2,449",183,17
"3,1,395",183,17
"12,1,274",183,17
"15,1,234",183,17
"16,1,214",183,17
"1,1,476;18,1,191",183,17
"21,1,177",183,17
"25,1,166",183,17
"26,1,162",183,17
"28,1,158",183,17
"32,1,139",183,17
"36,1,132",183,17
"37,1,131",183,17
"39,1,128",183,17
"40,1,127",183,17
"53,1,93",183,17
"54,1,87",183,17
"57,1,84",183,17
"64,1,58",183,17
"67,1,55",183,17
"68,1,54",183,17
"83,1,36",183,17
"82,1,36",183,17
"86,1,35",183,17
"98,1,25",183,17
"119,1,14",183,17
"155,1,4",183,17
"186,1,2",183,17
"18,1,191;421,1,1",183,17
"8,1,308;17,1,209,1,1",183,17
"69,1,50;421,1,1;8,4,324,1,0",183,17
"1,1,474;2,1,448",182,18
"3,1,394",182,18
"2,1,448;3,1,393",182,18
"1,1,475;4,1,368",182,18
"4,1,368;5,1,348",182,18
"6,1,326",182,18
"3,1,393;13,1,262",182,18
"14,1,249",182,18
"15,1,233",182,18
"17,1,213",182,18
"17,1,212",182,18
"5,1,348;18,1,190",182,18
"38,1,130",182,18
"39,1,127",182,18
"43,1,115",182,18
"50,1,97",182,18
"54,1,86",182,18
"66,1,57",182,18
"24,1,166;67,1,54",182,18
"76,1,43",182,18
"81,1,36",182,18
"67,1,54;85,1,35",182,18
"84,1,35",182,18
"85,1,35;95,1,27",182,18
"95,1,27;9,1,75,1,9",182,18
"143,1,8",182,18
"8,1,307;16,1,209,1,1",182,18
"141,1,9;9,1,75,1,9;7,1,932,1,0",182,18
"3,1,392",181,19
"1,1,473;5,1,347",181,19
"15,1,232",181,19
"15,1,231",181,19
"16,1,213",181,19
"16,1,212",181,19
"31,1,140",181,19
"35,1,138",181,19
"36,1,131",181,19
"37,1,130",181,19
"48,1,101",181,19
"48,1,100",181,19
"49,1,97",181,19
"66,1,56",181,19
"68,1,53",181,19
"75,1,43",181,19
"74,1,43",181,19
"76,1,42",181,19
"23,1,166;83,1,35",181,19
"86,1,34",181,19
"94,1,28",181,19
"95,1,26",181,19
"98,1,24",181,19
"83,1,35;13,1,67,1,9",181,19
"142,1,8",181,19
"162,1,3",181,19
"82,1,35;0,2,1156,1,0",181,19
"1,1,472",180,20
"4,1,367",180,20
"11,1,277",180,20
"12,1,273",180,20
"15,1,230",180,20
"17,1,211",180,20
"17,1,210",180,20
"18,1,189",180,20
"21,1,176",180,20
"21,1,175",180,20
"22,1,166",180,20
"28,1,157",180,20
"30,1,152",180,20
"34,1,138",180,20
"63,1,58",180,20
"66,1,55",180,20
"7,1,325;67,1,53",180,20
"67,1,53;68,1,52",180,20
"68,1,52;73,1,43",180,20
"73,1,43;75,1,42",180,20
"75,1,42;74,1,42",180,20
"81,1,35",180,20
"74,1,42;85,1,34",180,20
"85,1,34;84,1,34",180,20
"93,1,28",180,20
"84,1,34;92,1,28",180,20
"118,1,16",180,20
"127,1,12",180,20
"126,1,12",180,20
"154,1,5",180,20
"92,1,28;0,1,1174,1,0",180,20
"4,1,366",179,21
"0,1,498;7,1,324",179,21
"10,1,277",179,21
"12,1,272",179,21
"15,1,229",179,21
"16,1,211",179,21
"16,1,210",179,21
"8,1,306;17,1,209",179,21
"17,1,208",179,21
"33,1,138",179,21
"35,1,137",179,21
"36,1,130",179,21
"52,1,96",179,21
"53,1,92",179,21
"67,1,52",179,21
"68,1,51",179,21
"70,1,48",179,21
"73,1,42",179,21
"83,1,34",179,21
"82,1,34",179,21
"91,1,28",179,21
"99,1,23",179,21
"118,1,15",179,21
"138,1,10",179,21
"154,1,4",179,21
"7,1,324;0,2,1153,1,0",179,21
"66,1,54;0,2,3,1,1014,1,0",179,21
"3,1,391",178,22
"5,1,346",178,22
"12,1,271",178,22
"14,1,248",178,22
"16,1,208",178,22
"1,1,16,1,192",178,22
"21,1,174",178,22
"25,1,165",178,22
"31,1,139",178,22
"34,1,137",178,22
"32,1,138;51,1,96",178,22
"67,1,51",178,22
"68,1,50",178,22
"99,1,22",178,22
"137,1,10",178,22
"51,1,96;9,1,248,1,1",178,22
"16,1,209;8,1,260,1,1",178,22
"81,1,34;1,1,1148,1,0",178,22
"5,1,345",177,23
"7,1,323",177,23
"12,1,270",177,23
"14,1,247",177,23
"15,1,228",177,23
"24,1,165",177,23
"33,1,137",177,23
"44,1,110",177,23
"66,1,53",177,23
"67,1,50",177,23
"147,1,6",177,23
"185,1,2",177,23
"42,1,115;8,1,9,1,167,1,1",177,23
"3,1,390",176,24
"5,1,344",176,24
"6,1,325",176,24
"15,1,227",176,24
"27,1,158",176,24
"30,1,151",176,24
"23,1,165;32,1,137",176,24
"40,1,126",176,24
"47,1,104",176,24
"53,1,91",176,24
"66,1,52",176,24
"146,1,6",176,24
"184,1,2",176,24
"32,1,137;8,2,180,1,1",176,24
"3,1,389",175,25
"4,1,365",175,25
"12,1,269",175,25
"14,1,246",175,25
"15,1,226",175,25
"20,1,187;22,1,165",175,25
"39,1,126",175,25
"22,1,165;40,1,125",175,25
"47,1,103",175,25
"53,1,90",175,25
"61,1,70",175,25
"62,1,65",175,25
"90,1,28;89,1,28",175,25
"6,1,324;99,1,21",175,25
"99,1,21;109,1,20",175,25
"136,1,10",175,25
"109,1,20;141,1,8",175,25
"40,1,125;8,1,259,1,1",175,25
"89,1,28;8,2,692,1,0",175,25
"66,1,51;0,2,1146,1,0",175,25
"141,1,8;0,2,2,1,1083,1,0",175,25
"2,1,447",174,26
"3,1,388",174,26
"4,1,364",174,26
"12,1,268",174,26
"14,1,245",174,26
"13,1,261;17,1,207",174,26
"1,1,16,1,190",174,26
"17,1,207;19,1,187",174,26
"19,1,187;20,1,186",174,26
"28,1,156",174,26
"30,1,150",174,26
"20,1,186;39,1,125",174,26
"39,1,125;40,1,124",174,26
"58,1,75",174,26
"109,1,19",174,26
"124,1,13",174,26
"40,1,124;8,1,258,1,1",174,26
"66,1,50;0,1,1169,1,0",174,26
"1,1,471",173,27
"2,1,446",173,27
"4,1,363",173,27
"5,1,343",173,27
"6,1,323",173,27
"8,1,305;9,1,280",173,27
"12,1,267",173,27
"12,1,266",173,27
"14,1,244",173,27
"9,1,280;16,1,207",173,27
"16,1,207;19,1,186",173,27
"19,1,186;20,1,185",173,27
"21,1,173",173,27
"21,1,172",173,27
"26,1,161",173,27
"27,1,157",173,27
"20,1,185;31,1,138",173,27
"31,1,138;39,1,124",173,27
"41,1,120",173,27
"39,1,124;56,1,84",173,27
"58,1,74",173,27
"62,1,64",173,27
"70,1,47",173,27
"87,1,33",173,27
"98,1,23",173,27
"108,1,20",173,27
"56,1,84;17,1,206,1,1",173,27
"17,1,206;19,1,185",172,28
"26,1,160",172,28
"0,1,497;28,1,155",172,28
"30,1,149",172,28
"28,1,155;44,1,109",172,28
"19,1,185;50,1,96",172,28
"50,1,96;55,1,84",172,28
"44,1,109;62,1,63",172,28
"62,1,63;70,1,46",172,28
"98,1,22",172,28
"70,1,46;108,1,19",172,28
"125,1,12",172,28
"108,1,19;144,1,7",172,28
"161,1,3",172,28
"55,1,84;144,1,7;8,1,257,1,1",172,28
"144,1,7;1,1,42,1,137,1,1",172,28
"8,1,304;16,1,206",171,29
"26,1,159",171,29
"16,1,206;31,1,137",171,29
"44,1,108",171,29
"31,1,137;49,1,96",171,29
"65,1,57",171,29
"12,1,265",170,30
"21,1,171",170,30
"65,1,56",170,30
"117,1,16",170,30
"21,1,170",169,31
"41,1,119",169,31
"58,1,73",169,31
"58,1,72",169,31
"65,1,55",169,31
"98,1,21",169,31
"116,1,16",169,31
"117,1,15",169,31
"153,1,5",169,31
"62,1,62;0,6,64,1,349,1,0",169,31
"7,1,322",168,32
"54,1,85",168,32
"59,1,70",168,32
"65,1,54",168,32
"87,1,32",168,32
"60,1,70;88,1,28",168,32
"97,1,25",168,32
"116,1,15",168,32
"152,1,5",168,32
"153,1,4",168,32
"88,1,28;8,4,318,1,0",168,32
"7,1,321",167,33
"11,1,276",167,33
"14,1,243",167,33
"27,1,156",167,33
"38,1,129",167,33
"44,1,107",167,33
"152,1,4",167,33
"183,1,2",167,33
"7,1,320",166,34
"10,1,276",166,34
"21,1,169",166,34
"37,1,129",166,34
"48,1,99",166,34
"62,1,61",166,34
"65,1,53",166,34
"97,1,24",166,34
"145,1,6",166,34
"182,1,2",166,34
"15,1,225",165,35
"18,1,188",165,35
"30,1,148",165,35
"47,1,102",165,35
"27,1,155;48,1,98",165,35
"48,1,98;62,1,60",165,35
"65,1,52",165,35
"62,1,60;1,1,402,1,1",165,35
"2,1,445",164,36
"6,1,322",164,36
"15,1,224",164,36
"30,1,147",164,36
"36,1,129",164,36
"65,1,51",164,36
"2,1,444",163,37
"6,1,321",163,37
"15,1,223",163,37
"30,1,146",163,37
"65,1,50",163,37
"140,1,9",163,37
"0,1,496",162,38
"2,1,443",162,38
"6,1,320",162,38
"15,1,222",162,38
"30,1,145",162,38
"28,1,154;44,1,106",161,39
"44,1,106;1,1,125,1,11",161,39
"58,1,71",160,40
"87,1,31",160,40
"87,1,30",159,41
"123,1,13",159,41
"87,1,29",158,42
"97,1,23",158,42
"3,1,387",157,43
"97,1,22",157,43
"140,1,8",156,44
"1,1,470;5,1,342",154,46
"5,1,342;14,1,242",154,46
"14,1,242;27,1,154",154,46
"27,1,154;44,1,105",154,46
"44,1,105;62,1,59",154,46
"62,1,59;97,1,21",154,46
"97,1,21;135,1,11",154,46
