index,mon,stem,s,d2
0,0,1,0,""
0,"1,1,0",2,1,""
0,1,3,0,""
0,"0,1,1",3,1,""
0,"1,2,0",3,2,""
0,"1,1,1",4,1,""
1,"2,1,0",4,1,""
0,"1,2,1",5,2,""
0,"2,1,1",6,1,""
0,"2,2,0",7,2,""
0,"3,1,0",8,1,""
0,2,7,3,""
0,3,8,2,""
0,"2,2,1",9,2,""
1,"1,1,3,1,0",9,2,""
0,"3,1,1",10,1,""
0,"4,1,0",9,3,""
0,4,10,2,""
1,"0,1,3,1,1",10,2,""
0,5,9,4,""
0,"0,1,4",10,3,""
1,"1,2,3,1,0",10,3,""
0,"1,1,3,1,1",11,2,""
0,"1,1,4,1,0",10,4,""
0,"4,1,1",11,3,""
0,"5,1,0",10,5,""
0,6,11,4,""
0,"1,2,3,1,1",12,3,""
0,"0,1,6",11,5,""
0,"1,1,4,1,1",12,4,""
0,"2,1,4",13,3,""
0,"1,1,5,1,0",11,6,""
0,"5,1,1",12,5,""
0,"3,2,0",15,2,""
0,"7,1,0",16,1,""
0,"1,1,5,1,1",13,6,""
0,"6,1,1",14,5,""
0,"8,1,0",15,4,""
0,7,16,3,""
0,"3,2,1",17,2,""
1,"1,1,7,1,0",17,2,""
0,"7,1,1",18,1,""
0,"0,1,7,1,1",18,2,""
0,"1,1,8,1,0",16,5,""
0,"8,1,1",17,4,""
0,8,18,3,0
1,"1,2,7,1,0",18,3,""
0,"1,1,7,1,1",19,2,""
1,"2,1,7,1,0",19,2,""
0,9,15,7,""
0,10,16,6,""
0,"0,1,8,1,1",17,5,""
0,"9,1,0",18,4,0
0,"1,2,8,1,0",17,6,""
0,"1,1,8,1,1",18,5,""
0,"10,1,0",19,4,""
0,"1,2,7,1,1",20,3,""
1,"11,1,0",20,3,""
0,"2,1,7,1,1",21,2,""
0,"12,1,0",17,7,""
0,11,18,6,""
0,"9,1,1",20,4,0
0,12,21,3,""
0,13,17,8,""
0,"0,1,11",18,7,""
0,"1,2,8,1,1",19,6,""
0,"0,1,9,1,1",20,5,""
0,"10,1,1",21,4,""
1,"13,1,0",21,4,""
0,"11,1,1",22,3,""
1,"2,2,7,1,0",22,3,""
0,"1,1,12,1,0",18,8,""
0,"12,1,1",19,7,""
0,"7,1,2",22,4,""
0,14,23,3,""
1,"7,1,3",23,3,""
0,"14,1,0",18,9,""
0,15,19,8,""
0,16,22,5,0
1,"1,1,13,1,0",22,5,""
0,"13,1,1",23,4,""
1,"2,1,11,1,0",23,4,""
0,"2,2,7,1,1",24,3,""
0,"0,1,15",19,9,""
0,"1,1,12,1,1",20,8,""
0,"8,1,2",21,7,""
0,"8,1,3",22,6,""
0,"0,1,13,1,1",23,5,""
0,"2,1,12",24,4,""
1,"4,1,7,1,0",24,4,""
0,"7,1,4",25,3,""
0,"1,1,14,1,0",19,10,""
0,"14,1,1",20,9,""
0,"1,1,13,1,1",24,5,""
1,"2,1,13,1,0",24,5,""
0,"0,1,7,1,4",25,4,""
1,"2,1,11,1,1",25,4,""
0,"8,1,4",24,6,""
0,17,25,5,0
1,"1,1,4,1,7,1,0",25,5,""
0,"2,1,14",26,4,""
1,"4,1,7,1,1",26,4,""
0,"1,1,14,1,1",21,10,""
0,"15,1,1",22,9,""
0,"16,1,0",23,8,""
0,"17,1,0",24,7,""
0,"9,1,3",25,6,""
0,"2,1,13,1,1",26,5,""
0,"1,1,4,1,7,1,1",27,5,""
0,"1,1,16,1,0",24,9,""
0,"16,1,1",25,8,""
0,"17,1,1",26,7,0
0,"9,1,4",27,6,""
0,"7,2,0",31,2,""
0,"18,1,0",32,1,""
0,18,23,11,""
0,19,24,10,""
0,"0,1,16,1,1",25,9,""
0,"19,1,0",26,8,0
0,"20,1,0",27,7,""
0,"13,1,3",28,6,""
0,"1,2,16,1,0",25,10,""
0,"1,1,16,1,1",26,9,""
0,"2,2,13,1,1",29,6,""
0,"1,1,7,2,0",32,3,""
0,"7,2,1",33,2,""
1,"1,1,18,1,0",33,2,""
0,"18,1,1",34,1,0
0,"21,1,0",25,11,""
0,20,26,10,""
0,"19,1,1",28,8,0
0,"20,1,1",29,7,0
0,"13,1,4",30,6,""
0,"0,1,7,2,1",33,3,""
0,"0,1,18,1,1",34,2,""
0,21,25,12,""
0,"0,1,20",26,11,""
0,"1,2,16,1,1",27,10,""
0,"0,1,19,1,1",28,9,""
0,"8,2,0",29,8,""
0,"22,1,0",30,7,""
0,"23,1,0",31,6,""
0,22,32,5,""
1,"24,1,0",32,5,""
0,"25,1,0",33,4,""
0,"1,1,7,2,1",34,3,""
1,"1,2,18,1,0",34,3,""
0,"1,1,18,1,1",35,2,""
1,"2,1,18,1,0",35,2,""
0,"1,1,21,1,0",26,12,""
0,"21,1,1",27,11,""
0,23,33,5,""
0,24,34,4,""
0,"27,1,0",26,13,""
0,25,27,12,""
0,26,30,9,0
0,"8,2,1",31,8,""
0,"22,1,1",32,7,0
0,"23,1,1",33,6,""
1,"28,1,0",33,6,""
0,27,34,5,0
1,"24,1,1",34,5,""
0,"25,1,1",35,4,""
0,"1,2,18,1,1",36,3,""
0,"2,1,18,1,1",37,2,""
0,"0,1,25",27,13,""
0,"1,1,21,1,1",28,12,""
0,"16,1,2",29,11,""
0,"17,1,2",30,10,""
0,"0,1,8,2,1",31,9,""
0,"8,1,9,1,0",32,8,""
0,"29,1,0",33,7,""
0,"0,1,27",34,6,""
0,28,35,5,""
0,"26,1,1",36,4,""
0,"1,1,27,1,0",27,14,""
0,"27,1,1",28,13,""
0,"1,1,28,1,0",34,7,""
0,"28,1,1",35,6,""
1,"2,1,24,1,0",35,6,""
0,"2,1,25,1,0",36,5,""
0,"2,2,18,1,0",38,3,""
0,"3,1,18,1,0",39,2,""
0,"16,1,4",32,10,""
0,"17,1,4",33,9,0
0,"8,1,9,1,1",34,8,""
0,"29,1,1",35,7,0
0,"2,1,23",36,6,""
0,29,37,5,""
1,"2,1,24",37,5,""
0,"18,1,2",38,4,""
0,"18,1,3",39,3,""
0,"1,1,27,1,1",29,14,""
0,"30,1,1",30,13,""
0,"31,1,0",31,12,""
0,"19,1,2",32,11,""
0,"20,1,2",33,10,""
0,"0,1,8,1,9,1,1",34,9,""
0,"8,1,13,1,0",35,8,""
0,"1,1,28,1,1",36,7,""
1,"32,1,0",36,7,""
0,"2,1,24,1,1",37,6,""
1,"33,1,0",37,6,""
0,"2,1,25,1,1",38,5,""
1,"34,1,0",38,5,""
0,"35,1,0",39,4,""
0,"2,2,18,1,1",40,3,""
1,"1,1,3,1,18,1,0",40,3,""
0,"3,1,18,1,1",41,2,""
0,30,37,7,""
0,31,38,6,""
1,"2,1,28",38,6,""
0,32,39,5,""
0,33,40,4,2
1,"4,1,18,1,0",40,4,""
0,"18,1,4",41,3,""
1,"0,1,3,1,18,1,1",41,3,""
0,"1,1,31,1,0",32,13,""
0,"31,1,1",33,12,""
0,"17,1,6",34,11,0
0,"19,1,4",35,10,""
0,"20,1,4",36,9,0
0,"8,1,13,1,1",37,8,""
0,"32,1,1",38,7,0
1,"1,1,33,1,0",38,7,""
0,"33,1,1",39,6,""
1,"36,1,0",39,6,""
2,"1,1,34,1,0",39,6,""
0,"18,1,5",40,5,""
1,"34,1,1",40,5,""
2,"1,1,35,1,0",40,5,""
0,"0,1,18,1,4",41,4,""
1,"35,1,1",41,4,""
2,"37,1,0",41,4,""
3,"1,2,3,1,18,1,0",41,4,""
0,"1,1,3,1,18,1,1",42,3,""
1,"38,1,0",42,3,""
0,34,31,15,""
0,35,32,14,""
0,"0,1,31,1,1",33,13,""
0,"39,1,0",34,12,0
0,"40,1,0",35,11,""
0,"22,1,2",36,10,""
0,"0,1,8,1,13,1,1",37,9,""
0,"9,1,13,1,0",38,8,""
0,"0,1,34,1,1",40,6,""
0,"1,1,4,1,18,1,0",41,5,""
0,"4,1,18,1,1",42,4,""
0,"1,2,31,1,0",33,14,""
0,"1,1,31,1,1",34,13,""
0,36,39,8,""
0,"1,1,33,1,1",40,7,""
1,"1,1,36,1,0",40,7,""
0,"36,1,1",41,6,""
1,"1,1,34,1,1",41,6,""
2,"5,1,18,1,0",41,6,""
0,"18,1,6",42,5,""
1,"1,1,35,1,1",42,5,""
0,"37,1,1",43,4,""
1,"1,2,3,1,18,1,1",43,4,""
0,"38,1,1",44,3,1
0,"41,1,0",33,15,""
0,37,34,14,""
0,"39,1,1",36,12,0
0,"40,1,1",37,11,0
0,"8,2,4",38,10,""
0,"22,1,4",39,9,0
0,"9,1,13,1,1",40,8,""
0,"24,1,4",41,7,""
1,"0,1,36,1,1",41,7,""
0,"0,1,18,1,6",42,6,""
1,"25,1,4",42,6,""
0,"1,1,4,1,18,1,1",43,5,""
1,"0,1,37,1,1",43,5,""
0,"2,1,18,1,4",44,4,""
0,38,33,16,""
0,"0,1,37",34,15,""
0,"1,2,31,1,1",35,14,""
0,"0,1,39,1,1",36,13,""
0,"8,1,16,1,0",37,12,""
0,"8,1,17,1,0",38,11,""
0,"29,1,2",39,10,""
0,"42,1,0",40,9,""
0,"13,2,0",41,8,""
0,"1,1,36,1,1",42,7,""
1,"1,1,5,1,18,1,0",42,7,""
0,"5,1,18,1,1",43,6,""
0,"43,1,0",45,4,""
0,"3,2,18,1,0",46,3,""
0,"1,1,41,1,0",34,16,""
0,"41,1,1",35,15,""
0,39,41,9,""
0,40,42,8,1
0,"13,1,14",43,7,""
0,"3,1,29",44,6,""
0,41,45,5,""
0,"44,1,0",34,17,""
0,42,35,16,""
0,43,38,13,0
0,"8,1,16,1,1",39,12,""
0,"8,1,17,1,1",40,11,0
0,"8,1,9,1,4",41,10,""
1,"1,1,42,1,0",41,10,""
0,"29,1,4",42,9,0
1,"42,1,1",42,9,""
0,"13,2,1",43,8,""
0,"1,1,5,1,18,1,1",44,7,""
0,"6,1,18,1,1",45,6,""
0,"8,1,18,1,0",46,5,""
1,"1,1,43,1,0",46,5,""
0,"18,1,7",47,4,""
1,"43,1,1",47,4,""
0,"3,2,18,1,1",48,3,""
0,"0,1,42",35,17,""
0,"1,1,41,1,1",36,16,""
0,"31,1,2",37,15,""
0,"31,1,3",38,14,""
0,"0,1,8,1,16,1,1",39,13,""
0,"8,1,19,1,0",40,12,""
0,"8,1,20,1,0",41,11,""
0,"45,1,0",42,10,""
0,44,46,6,""
0,"0,1,43,1,1",47,5,""
0,"1,1,44,1,0",35,18,""
0,"44,1,1",36,17,""
0,"1,1,42,1,1",43,10,""
0,45,44,9,""
0,"1,1,8,1,18,1,0",47,6,""
0,"8,1,18,1,1",48,5,""
1,"1,1,43,1,1",48,5,""
2,"2,1,43,1,0",48,5,""
0,"18,1,8",49,4,1
1,"3,1,38,1,0",49,4,""
0,"31,1,4",40,14,""
0,"17,1,11",41,13,0
0,"8,1,19,1,1",42,12,""
0,"8,1,20,1,1",43,11,0
0,"45,1,1",44,10,""
0,"46,1,1",45,9,0
0,"18,1,9",46,8,""
0,"18,1,10",47,7,""
1,"48,1,0",47,7,""
0,46,48,6,""
1,"0,1,8,1,18,1,1",48,6,""
0,47,49,5,1
1,"9,1,18,1,0",49,5,1
0,48,50,4,0
0,"1,1,44,1,1",37,18,""
0,"47,1,1",38,17,""
0,"49,1,0",39,16,""
0,"50,1,0",40,15,""
0,"40,1,2",41,14,""
0,"0,1,8,1,19,1,1",42,13,""
0,"8,3,0",43,12,""
0,"8,1,22,1,0",44,11,""
0,"51,1,0",46,9,""
0,"52,1,0",47,8,""
0,"0,1,46",48,7,""
1,"1,2,8,1,18,1,0",48,7,""
0,"0,1,47",49,6,""
1,"1,1,8,1,18,1,1",49,6,""
0,"2,1,43,1,1",50,5,""
1,"10,1,18,1,0",50,5,""
0,"3,1,38,1,1",51,4,""
1,"11,1,18,1,0",51,4,""
0,49,45,11,""
0,50,46,10,""
0,51,47,9,""
0,52,48,8,""
1,"12,1,18,1,0",48,8,""
2,"1,1,48,1,0",48,8,""
0,"18,1,11",49,7,""
1,"48,1,1",49,7,""
2,"53,1,0",49,7,""
0,"9,1,18,1,1",51,5,1
0,53,52,4,0
1,"18,1,12",52,4,""
0,"1,1,49,1,0",40,17,""
0,"49,1,1",41,16,""
0,"50,1,1",42,15,0
0,"39,1,4",43,14,""
0,"40,1,4",44,13,0
0,"8,3,1",45,12,""
0,"8,1,22,1,1",46,11,0
0,"8,1,23,1,1",47,10,""
0,"51,1,1",48,9,""
0,"0,1,18,1,11",49,8,""
1,"52,1,1",49,8,""
0,54,50,7,""
1,"1,2,8,1,18,1,1",50,7,""
0,55,51,6,""
1,"0,1,9,1,18,1,1",51,6,""
2,"54,1,0",51,6,""
0,"10,1,18,1,1",52,5,""
1,"3,1,43,1,0",52,5,""
0,"11,1,18,1,1",53,4,""
0,56,39,19,""
0,57,40,18,""
0,"0,1,49,1,1",41,17,""
0,"55,1,0",42,16,0
0,"56,1,0",43,15,""
0,"8,1,17,1,2",44,14,""
0,"0,1,8,3,1",45,13,""
0,"8,2,9,1,0",46,12,""
0,"1,1,12,1,18,1,0",49,9,""
0,58,50,8,""
1,"12,1,18,1,1",50,8,""
2,"1,1,48,1,1",50,8,""
0,59,51,7,""
1,"53,1,1",51,7,""
0,"2,1,47",52,6,""
0,"57,1,0",53,5,""
0,"18,1,14",54,4,""
0,"1,2,49,1,0",41,18,""
0,"1,1,49,1,1",42,17,""
0,60,47,12,""
0,61,48,11,""
0,62,49,10,""
0,63,52,7,""
0,"18,1,16",53,6,""
1,"54,1,1",53,6,""
2,"1,1,3,1,43,1,0",53,6,""
0,64,54,5,0
1,"3,1,43,1,1",54,5,""
2,"2,1,11,1,18,1,0",54,5,""
0,"58,1,0",41,19,""
0,65,42,18,""
0,"55,1,1",44,16,0
0,"56,1,1",45,15,0
0,"8,1,16,1,4",46,14,""
0,"8,1,17,1,4",47,13,0
0,"8,2,9,1,1",48,12,""
0,"8,1,29,1,1",49,11,""
0,"9,1,23,1,1",50,10,""
0,"1,1,12,1,18,1,1",51,9,""
0,"2,1,53,1,0",52,8,""
0,"8,1,18,1,3",53,7,""
0,66,54,6,""
1,"0,1,3,1,43,1,1",54,6,""
0,"2,1,18,1,12",55,5,""
1,"57,1,1",55,5,""
0,67,41,20,""
0,"0,1,65",42,19,""
0,"1,2,49,1,1",43,18,""
0,"0,1,55,1,1",44,17,""
0,"8,1,31,1,0",45,16,""
0,"16,1,17,1,0",46,15,""
0,"17,2,0",47,14,""
0,"59,1,0",48,13,""
0,"13,1,23,1,0",51,10,""
0,69,52,9,""
1,68,52,9,""
2,"13,1,24,1,0",52,9,""
0,70,53,8,""
1,"13,1,25,1,0",53,8,""
0,"2,1,54,1,0",54,7,""
0,"1,1,3,1,43,1,1",55,6,""
1,"61,1,0",55,6,""
0,71,56,5,"0,1"
1,"2,1,11,1,18,1,1",56,5,""
0,"1,1,58,1,0",42,20,""
0,"58,1,1",43,19,""
0,72,49,13,""
0,73,50,12,1
0,"8,1,30",51,11,""
0,74,52,10,""
0,"23,1,14",53,9,""
0,"13,1,24",54,8,""
1,"2,1,53,1,1",54,8,""
0,"25,1,14",55,7,""
1,"8,1,18,1,4",55,7,""
0,"3,1,47",56,6,""
1,"18,1,17",56,6,2
0,"2,1,18,1,14",57,5,""
0,"62,1,0",42,21,""
0,75,43,20,""
0,76,46,17,0
0,"8,1,31,1,1",47,16,""
0,"16,1,17,1,1",48,15,0
0,"17,2,1",49,14,""
1,"1,1,59,1,0",49,14,""
0,"60,1,1",50,13,0
1,"59,1,1",50,13,0
0,"8,2,13,1,1",51,12,""
0,"8,1,32,1,1",52,11,""
0,"13,1,23,1,1",53,10,""
0,"13,1,24,1,1",54,9,""
1,"16,1,18,1,0",54,9,""
0,77,55,8,""
1,"13,1,25,1,1",55,8,""
2,"17,1,18,1,0",55,8,""
0,"2,1,54,1,1",56,7,""
1,"1,1,61,1,0",56,7,""
0,"61,1,1",57,6,""
0,"0,1,75",43,21,""
0,"1,1,58,1,1",44,20,""
0,"49,1,2",45,19,""
0,"50,1,2",46,18,""
0,"0,1,8,1,31,1,1",47,17,""
0,"8,1,39,1,0",48,16,""
0,"8,1,40,1,0",49,15,""
0,"17,1,20,1,0",50,14,""
0,"64,1,0",54,10,""
0,"0,1,77",55,9,""
1,"13,1,28",55,9,""
0,78,56,8,""
0,"2,1,66",57,7,""
0,"1,1,62,1,0",43,22,""
0,"62,1,1",44,21,""
0,"1,1,59,1,1",51,14,""
0,79,52,13,""
0,"8,1,36",53,12,""
0,"9,1,30",54,11,""
0,"66,1,0",55,10,""
0,"16,1,18,1,1",56,9,""
0,"17,1,18,1,1",57,8,""
0,"1,1,61,1,1",58,7,""
1,"67,1,0",58,7,""
0,"68,1,0",59,6,""
0,"18,2,0",63,2,""
0,"69,1,0",64,1,""
0,"49,1,4",48,18,""
0,"50,1,4",49,17,0
0,"8,1,39,1,1",50,16,""
0,"8,1,40,1,1",51,15,0
0,"17,1,20,1,1",52,14,""
0,"63,1,1",53,13,0
0,"8,1,9,1,13,1,1",54,12,""
0,"9,1,32,1,1",55,11,""
1,"1,1,64,1,0",55,11,""
0,"64,1,1",56,10,""
0,"18,1,19,1,0",57,9,""
0,"70,1,0",62,4,""
0,"1,1,62,1,1",45,22,""
0,"65,1,1",46,21,""
0,"71,1,0",47,20,""
0,"55,1,2",48,19,""
0,"56,1,2",49,18,""
0,"0,1,8,1,39,1,1",50,17,""
0,"8,2,16,1,0",51,16,""
0,"8,2,17,1,0",52,15,""
0,"0,1,64,1,1",56,11,""
1,"13,1,32,1,0",56,11,""
0,"66,1,1",57,10,1
1,"72,1,0",57,10,1
2,"13,1,33,1,0",57,10,""
0,"53,1,4",58,9,""
0,"67,1,1",60,7,""
0,"68,1,1",61,6,1
0,80,63,4,1
0,"1,1,18,2,0",64,3,""
0,"18,2,1",65,2,""
1,"1,1,69,1,0",65,2,""
0,"69,1,1",66,1,0
0,81,53,15,""
0,82,54,14,""
0,"8,1,39",55,13,""
0,"9,1,36",56,12,""
1,"1,2,64,1,0",56,12,""
0,"13,1,30",57,11,""
1,"1,1,64,1,1",57,11,""
0,83,58,10,""
1,"32,1,14",58,10,""
0,"33,1,14",59,9,""
1,"18,1,19,1,1",59,9,""
0,"18,1,20,1,1",60,8,""
1,"0,1,67,1,1",60,8,""
0,"73,1,0",61,7,""
0,"75,1,0",62,6,""
1,"74,1,0",62,6,""
0,"76,1,0",63,5,""
1,"1,1,70,1,0",63,5,""
0,"70,1,1",64,4,""
0,"0,1,18,2,1",65,3,""
0,"0,1,69,1,1",66,2,0
0,"1,1,71,1,0",48,21,""
0,"71,1,1",49,20,""
0,"50,1,6",50,19,0
0,"55,1,4",51,18,""
0,"56,1,4",52,17,0
0,"8,2,16,1,1",53,16,""
0,"8,2,17,1,1",54,15,0
0,"16,1,23,1,1",55,14,""
0,"8,1,42,1,1",56,13,""
0,"8,1,13,2,1",57,12,""
0,"13,1,32,1,1",58,11,""
1,"1,1,72,1,0",58,11,""
0,"72,1,1",59,10,0
1,"13,1,33,1,1",59,10,""
0,"18,1,24,1,0",63,6,""
0,84,64,5,0
0,"1,2,18,2,0",65,4,""
0,"1,1,18,2,1",66,3,""
1,"2,1,18,2,0",66,3,""
2,"1,2,69,1,0",66,3,""
0,"1,1,69,1,1",67,2,""
1,"2,1,69,1,0",67,2,""
0,85,47,23,""
0,86,48,22,""
0,"0,1,71,1,1",49,21,""
0,"77,1,0",50,20,0
0,"78,1,0",51,19,""
0,"16,1,17,1,2",52,18,""
0,"0,1,8,2,16,1,1",53,17,""
0,"8,2,19,1,0",54,16,""
0,"1,2,64,1,1",58,12,""
0,"0,1,72,1,1",59,11,""
0,87,60,10,""
1,"79,1,0",60,10,""
0,88,61,9,""
1,"80,1,0",61,9,""
0,89,62,8,""
0,90,63,7,""
1,"73,1,1",63,7,""
0,"18,1,23",64,6,""
1,"75,1,1",64,6,0
2,"74,1,1",64,6,0
3,"1,1,76,1,0",64,6,""
0,"76,1,1",65,5,"0,1"
1,"1,1,70,1,1",65,5,""
2,"2,1,70,1,0",65,5,""
0,"1,2,71,1,0",49,22,""
0,"1,1,71,1,1",50,21,""
0,91,55,16,""
0,92,56,15,""
0,93,57,14,""
0,"9,1,39",58,13,""
0,"13,1,36",59,12,""
0,"1,1,72,1,1",60,11,""
0,"18,1,26",61,10,""
0,"0,1,89",62,9,""
1,"81,1,0",62,9,1
0,"0,1,73,1,1",63,8,""
1,"83,1,0",63,8,""
2,"82,1,0",63,8,""
0,"85,1,0",64,7,""
1,"84,1,0",64,7,""
0,"18,1,24,1,1",65,6,""
0,"2,1,80",66,5,""
0,"1,2,18,2,1",67,4,""
0,"2,1,18,2,1",68,3,""
1,"1,2,69,1,1",68,3,""
0,"2,1,69,1,1",69,2,""
0,"87,1,0",49,23,""
0,94,50,22,""
0,"77,1,1",52,20,0
0,"78,1,1",53,19,0
0,"8,1,31,1,4",54,18,""
0,"16,1,17,1,4",55,17,0
0,"8,2,19,1,1",56,16,""
0,"8,2,20,1,1",57,15,""
0,"8,1,45,1,1",58,14,""
0,"8,1,46,1,1",59,13,""
0,"9,1,13,2,1",60,12,""
0,95,61,11,0
1,"1,1,79,1,0",61,11,""
0,"79,1,1",62,10,""
0,"80,1,1",63,9,0
0,97,64,8,""
1,96,64,8,""
0,99,65,7,""
1,98,65,7,3
2,"2,1,75,1,0",65,7,""
0,"18,1,28",66,6,""
1,"1,1,76,1,1",66,6,""
2,"2,1,76,1,0",66,6,""
0,"2,1,70,1,1",67,5,""
0,100,49,24,""
0,"0,1,94",50,23,""
0,"1,2,71,1,1",51,22,""
0,"0,1,77,1,1",52,21,""
0,"8,1,49,1,0",53,20,""
0,"8,1,50,1,0",54,19,""
0,"8,1,40,1,2",55,18,""
0,"88,1,0",56,17,""
0,"64,1,2",60,13,""
0,"64,1,3",61,12,""
1,"13,3,0",61,12,""
0,"0,1,79,1,1",62,11,""
1,"23,1,24,1,0",62,11,""
0,"90,1,0",63,10,""
1,"89,1,0",63,10,""
2,"1,1,81,1,0",63,10,""
0,102,64,9,""
1,101,64,9,""
2,"81,1,1",64,9,1
3,"1,1,82,1,0",64,9,""
0,103,65,8,1
1,"83,1,1",65,8,""
2,"82,1,1",65,8,""
3,"3,1,67,1,0",65,8,""
0,"85,1,1",66,7,""
1,"84,1,1",66,7,""
2,"2,1,18,1,24,1,0",66,7,""
0,"2,1,84",67,6,""
1,"86,1,1",67,6,1
2,"91,1,0",67,6,""
0,104,68,5,""
1,"93,1,0",68,5,""
2,"92,1,0",68,5,""
0,"94,1,0",69,4,""
0,"2,2,69,1,0",70,3,""
0,"3,1,69,1,0",71,2,""
0,"1,1,87,1,0",50,24,""
0,"87,1,1",51,23,""
0,105,57,17,""
0,106,58,16,1
0,"16,1,30",59,15,""
0,"17,1,30",60,14,""
0,"13,1,39",61,13,""
0,"13,1,40",62,12,""
0,"13,2,14",63,11,""
1,"1,1,79,1,1",63,11,""
0,"0,1,81,1,1",64,10,""
1,"2,1,80,1,0",64,10,""
0,"68,1,2",65,9,""
0,107,66,8,""
1,"0,1,84,1,1",66,8,""
0,"43,1,14",67,7,""
1,"2,1,75,1,1",67,7,""
2,"95,1,0",67,7,2
0,"2,1,76,1,1",68,6,""
0,"18,2,2",69,5,""
0,"69,1,2",70,4,""
1,"96,1,0",70,4,""
0,"69,1,3",71,3,""
0,"97,1,0",50,25,""
0,108,51,24,""
0,109,54,21,0
0,"8,1,49,1,1",55,20,""
0,"8,1,50,1,1",56,19,0
0,"8,1,39,1,4",57,18,""
1,"1,1,88,1,0",57,18,""
0,"8,1,40,1,4",58,17,0
1,"88,1,1",58,17,""
0,"8,4,1",59,16,""
0,"8,2,22,1,1",60,15,""
0,"8,2,23,1,1",61,14,""
0,"8,1,51,1,1",62,13,""
0,"64,1,4",63,12,""
1,"13,3,1",63,12,""
0,110,64,11,0
1,"23,1,24,1,1",64,11,""
2,"1,2,81,1,0",64,11,""
0,"90,1,1",65,10,""
1,"89,1,1",65,10,""
2,"1,1,81,1,1",65,10,""
3,"98,1,0",65,10,""
0,111,66,9,""
1,"1,1,82,1,1",66,9,""
2,"2,1,82,1,0",66,9,""
0,"3,1,67,1,1",67,8,""
0,112,68,7,""
1,"3,1,68,1,1",68,7,2
2,"2,1,18,1,24,1,1",68,7,""
0,113,69,6,0
1,"70,1,3",69,6,""
2,"91,1,1",69,6,""
3,"1,1,92,1,0",69,6,""
0,"3,1,80",70,5,3
1,"93,1,1",70,5,3
2,"92,1,1",70,5,3
0,"94,1,1",71,4,""
1,"99,1,0",71,4,""
0,"2,2,69,1,1",72,3,""
1,"1,1,3,1,69,1,0",72,3,""
0,"3,1,69,1,1",73,2,""
0,"0,1,108",51,25,""
0,"1,1,87,1,1",52,24,""
0,"71,1,2",53,23,""
0,"71,1,3",54,22,""
0,"0,1,8,1,49,1,1",55,21,""
0,"8,1,55,1,0",56,20,""
0,"8,1,56,1,0",57,19,""
0,"17,1,40,1,0",58,18,""
0,"64,1,5",62,14,""
0,"72,1,2",63,13,""
0,"72,1,3",64,12,""
0,"23,1,28",65,11,""
1,"0,1,89,1,1",65,11,""
0,"0,1,111",66,10,""
1,"2,1,80,1,1",66,10,""
2,"101,1,0",66,10,""
0,"25,1,28",67,9,""
1,"67,1,4",67,9,""
2,"0,1,3,1,67,1,1",67,9,""
0,"2,1,98",68,8,""
1,"11,1,47",68,8,""
2,"68,1,4",68,8,1
3,"1,1,95,1,0",68,8,""
0,114,69,7,1
1,"2,1,18,1,28",69,7,""
2,"95,1,1",69,7,0
3,"3,1,74,1,0",69,7,""
4,"2,2,76,1,0",69,7,""
0,"0,1,92,1,1",70,6,""
1,"3,1,76,1,0",70,6,""
0,"1,1,96,1,0",71,5,""
0,"18,2,4",72,4,""
1,"96,1,1",72,4,""
2,"4,1,69,1,0",72,4,""
0,"69,1,4",73,3,"2,3"
1,"0,1,3,1,69,1,1",73,3,""
0,"1,1,97,1,0",51,26,""
0,"97,1,1",52,25,""
0,"1,1,88,1,1",59,18,""
0,115,60,17,""
0,"16,1,36",61,16,""
0,"19,1,30",62,15,""
0,"20,1,30",63,14,""
0,"13,1,45",64,13,""
0,"1,2,81,1,1",66,11,""
1,"1,1,98,1,0",66,11,""
0,"98,1,1",67,10,""
1,"104,1,0",67,10,""
2,"103,1,0",67,10,""
0,"2,1,82,1,1",68,9,""
1,"106,1,0",68,9,""
2,"105,1,0",68,9,""
0,"0,1,95,1,1",69,8,""
1,"107,1,0",69,8,""
0,116,70,7,""
1,"76,1,3",70,7,""
0,"3,1,84",71,6,1
1,"70,1,4",71,6,""
2,"1,1,92,1,1",71,6,""
3,"2,1,92,1,0",71,6,""
0,117,72,5,1
1,"69,1,5",72,5,""
2,"0,1,96,1,1",72,5,""
3,"1,1,99,1,0",72,5,""
0,"0,1,69,1,4",73,4,2
1,"99,1,1",73,4,""
2,"1,2,3,1,69,1,0",73,4,""
0,"1,1,3,1,69,1,1",74,3,""
0,"71,1,4",56,22,""
0,"50,1,11",57,21,0
0,"8,1,55,1,1",58,20,""
0,"8,1,56,1,1",59,19,0
0,"17,1,40,1,1",60,18,""
0,"100,1,1",61,17,0
0,"8,3,9,1,1",62,16,""
0,"8,2,29,1,1",63,15,""
1,"5,1,64,1,0",63,15,""
0,"64,1,6",64,14,""
1,"8,1,9,1,23,1,1",64,14,""
0,118,65,13,0
1,"9,1,51,1,1",65,13,""
0,"72,1,4",66,12,""
0,119,67,11,0
0,"3,1,88",68,10,""
1,"101,1,1",68,10,""
0,"2,1,107",69,9,""
1,"3,1,89",69,9,""
2,"13,1,47",69,9,""
0,120,70,8,""
1,"3,1,90",70,8,""
2,"1,1,95,1,1",70,8,""
3,"108,1,0",70,8,""
4,"2,1,95,1,0",70,8,2
0,121,71,7,0
1,"3,1,74,1,1",71,7,""
2,"2,2,76,1,1",71,7,""
3,"1,1,3,1,76,1,0",71,7,""
0,"3,1,76,1,1",72,6,3
1,"109,1,0",72,6,3
2,"1,2,96,1,0",72,6,""
0,"1,1,96,1,1",73,5,""
1,"1,1,4,1,69,1,0",73,5,""
0,"4,1,69,1,1",74,4,""
0,"1,1,97,1,1",53,26,""
0,"102,1,1",54,25,""
0,"110,1,0",55,24,""
0,"111,1,0",56,23,""
0,"78,1,2",57,22,""
0,"0,1,8,1,55,1,1",58,21,""
0,"8,2,31,1,0",59,20,""
0,"8,1,16,1,17,1,0",60,19,""
0,"0,1,64,1,6",64,15,""
0,"112,1,0",65,14,1
0,"113,1,0",66,13,""
1,"13,1,51,1,0",66,13,""
0,"2,1,110",67,12,""
1,"80,1,2",67,12,""
2,"13,1,52,1,0",67,12,""
0,"1,1,98,1,1",68,11,""
1,"0,1,101,1,1",68,11,""
2,"114,1,0",68,11,""
0,"104,1,1",69,10,""
1,"103,1,1",69,10,""
2,"1,1,105,1,0",69,10,""
0,"106,1,1",70,9,""
1,"105,1,1",70,9,""
2,"1,1,107,1,0",70,9,""
0,"75,1,4",71,8,0
1,"74,1,4",71,8,0
2,"107,1,1",71,8,0
3,"3,1,84,1,0",71,8,""
0,122,72,7,""
1,"76,1,4",72,7,"0,2"
0,"2,1,92,1,1",73,6,""
1,"5,1,69,1,0",73,6,""
0,"69,1,6",74,5,""
1,"1,1,99,1,1",74,5,""
0,"1,2,3,1,69,1,1",75,4,""
0,123,61,19,""
0,124,62,18,""
0,"16,1,39",63,17,""
0,"19,1,36",64,16,""
1,"1,1,5,1,64,1,0",64,16,""
0,"8,2,30",65,15,""
1,"5,1,64,1,1",65,15,""
0,"22,1,30",66,14,""
0,"23,1,30",67,13,""
0,"51,1,14",68,12,""
1,"18,1,40,1,1",68,12,""
0,125,69,11,""
1,"2,1,101,1,0",69,11,""
0,"115,1,0",70,10,""
0,"85,1,3",71,9,""
1,"0,1,107,1,1",71,9,""
2,"1,1,108,1,0",71,9,""
0,"3,1,98",72,8,1
1,"18,1,24,1,4",72,8,""
2,"108,1,1",72,8,""
3,"2,1,95,1,1",72,8,0
0,127,73,7,""
1,126,73,7,""
2,"1,1,3,1,76,1,1",73,7,""
0,"0,1,69,1,6",74,6,""
1,"109,1,1",74,6,0
2,"1,2,96,1,1",74,6,""
0,128,75,5,""
1,"1,1,4,1,69,1,1",75,5,""
0,"2,1,69,1,4",76,4,""
0,"1,1,110,1,0",56,25,""
0,"110,1,1",57,24,""
0,"111,1,1",58,23,0
0,"77,1,4",59,22,""
0,"78,1,4",60,21,0
0,"8,2,31,1,1",61,20,""
0,"8,1,16,1,17,1,1",62,19,0
0,"8,1,17,2,1",63,18,""
0,"8,1,60,1,1",64,17,""
0,"8,3,13,1,1",65,16,""
0,"8,2,32,1,1",66,15,""
0,"112,1,1",67,14,0
1,"8,1,13,1,23,1,1",67,14,""
0,"113,1,1",68,13,0
1,"13,1,51,1,1",68,13,""
0,130,69,12,""
1,129,69,12,""
2,"79,1,4",69,12,""
3,"13,1,52,1,1",69,12,""
0,"80,1,4",70,11,0
1,"114,1,1",70,11,""
2,"2,1,103,1,0",70,11,""
0,"1,1,105,1,1",71,10,""
1,"1,2,107,1,0",71,10,""
0,"1,1,107,1,1",72,9,""
1,"2,1,107,1,0",72,9,""
0,"3,1,84,1,1",73,8,""
1,"7,1,67,1,0",73,8,""
0,131,74,7,""
1,"7,1,68,1,0",74,7,""
2,"1,1,5,1,69,1,0",74,7,""
0,"5,1,69,1,1",75,6,""
1,"3,1,93,1,0",75,6,""
0,"3,1,94,1,0",76,5,""
0,"3,2,69,1,0",78,3,""
0,"7,1,69,1,0",79,2,""
0,132,55,27,""
0,133,56,26,""
0,"0,1,110,1,1",57,25,""
0,"116,1,0",58,24,0
0,"117,1,0",59,23,""
0,"8,1,50,1,2",60,22,""
0,"0,1,8,2,31,1,1",61,21,""
0,"8,2,39,1,0",62,20,""
0,"1,1,5,1,64,1,1",66,16,""
0,"0,1,112,1,1",67,15,""
0,"8,1,64,1,0",68,14,""
0,"118,1,0",69,13,""
0,134,70,12,""
1,"32,1,28",70,12,""
2,"89,1,3",70,12,""
0,136,71,11,""
1,135,71,11,""
2,"33,1,28",71,11,""
3,"2,1,101,1,1",71,11,""
0,"82,1,4",72,10,""
1,"115,1,1",72,10,""
0,"85,1,4",73,9,""
1,"1,1,108,1,1",73,9,""
0,137,74,8,""
1,"92,1,2",74,8,""
0,138,75,7,""
1,"92,1,3",75,7,""
0,139,76,6,2
0,"7,1,70,1,0",77,5,""
0,"1,2,110,1,0",57,26,""
0,"1,1,110,1,1",58,25,""
0,140,63,20,""
0,141,64,19,""
0,142,65,18,""
0,"19,1,39",66,17,""
0,"8,2,36",67,16,""
0,"8,1,9,1,30",68,15,""
0,"29,1,30",69,14,""
0,"81,1,5",70,13,""
1,"119,1,0",70,13,""
0,143,71,12,0
1,"2,1,114,1,0",71,12,""
0,"2,1,103,1,1",72,11,""
1,"7,1,72,1,0",72,11,""
0,"67,1,7",73,10,""
1,"1,2,107,1,1",73,10,""
0,"95,1,3",74,9,""
1,"2,1,107,1,1",74,9,""
0,"7,1,67,1,1",75,8,""
1,"3,2,68,1,1",75,8,""
2,"120,1,0",75,8,""
0,"7,1,68,1,1",76,7,""
1,"2,2,92,1,1",76,7,""
2,"1,1,5,1,69,1,1",76,7,""
3,"121,1,0",76,7,""
0,"3,2,80",77,6,""
1,"6,1,69,1,1",77,6,""
2,"3,1,93,1,1",77,6,""
3,"122,1,0",77,6,""
0,"7,1,80",78,5,""
1,"3,1,94,1,1",78,5,""
2,"8,1,69,1,0",78,5,""
0,"69,1,7",79,4,""
0,"3,2,69,1,1",80,3,""
1,"1,1,7,1,69,1,0",80,3,""
0,"7,1,69,1,1",81,2,""
0,"123,1,0",57,27,""
0,144,58,26,""
0,"116,1,1",60,24,0
0,"117,1,1",61,23,0
0,"8,1,49,1,4",62,22,""
0,"8,1,50,1,4",63,21,0
0,"8,2,39,1,1",64,20,""
0,"8,2,40,1,1",65,19,""
0,"8,1,17,1,20,1,1",66,18,""
0,"8,1,63,1,1",67,17,""
0,"8,2,9,1,13,1,1",68,16,""
0,145,69,15,0
1,"8,1,9,1,32,1,1",69,15,""
0,"9,1,13,1,23,1,1",70,14,""
1,"8,1,64,1,1",70,14,""
0,"80,1,6",71,13,0
1,"118,1,1",71,13,0
0,"2,1,125",72,12,""
1,"89,1,4",72,12,""
2,"124,1,0",72,12,""
0,147,73,11,""
1,146,73,11,2
0,"13,1,66",74,10,""
0,"4,1,92,1,0",76,8,""
0,"92,1,4",77,7,""
1,"3,2,76,1,0",77,7,""
0,148,78,6,"0,1,2"
1,"1,1,7,1,70,1,0",78,6,""
0,"7,1,70,1,1",79,5,""
0,"0,1,7,1,69,1,1",81,3,""
0,149,57,28,""
0,"0,1,144",58,27,""
0,"1,2,110,1,1",59,26,""
0,"0,1,116,1,1",60,25,""
0,"8,1,71,1,0",61,24,""
0,"16,1,50,1,0",62,23,""
0,"17,1,50,1,0",63,22,""
0,"125,1,0",64,21,""
0,"64,1,9",68,17,""
0,"64,1,10",69,16,""
0,"0,1,8,1,64,1,1",70,15,""
0,"13,2,23,1,0",71,14,""
1,"8,1,72,1,0",71,14,""
2,"1,1,119,1,0",71,14,""
0,"81,1,6",72,13,""
1,"119,1,1",72,13,""
2,"127,1,0",72,13,""
3,"126,1,0",72,13,""
4,"13,2,24,1,0",72,13,""
0,"0,1,147",73,12,""
1,"101,1,3",73,12,""
2,"2,1,114,1,1",73,12,""
0,"7,1,72,1,1",74,11,""
0,"67,1,8",75,10,2
1,"8,1,68,1,1",75,10,2
0,"95,1,4",76,9,""
1,"3,1,107,1,0",76,9,""
0,"0,1,92,1,4",77,8,""
1,"120,1,1",77,8,""
2,"1,1,121,1,0",77,8,""
0,"3,2,84",78,7,1
1,"121,1,1",78,7,""
2,"129,1,0",78,7,""
3,"128,1,0",78,7,""
4,"1,1,122,1,0",78,7,""
0,"3,1,117",79,6,2
1,"122,1,1",79,6,2
2,"130,1,0",79,6,""
3,"1,1,8,1,69,1,0",79,6,""
0,"8,1,69,1,1",80,5,""
1,"131,1,0",80,5,""
0,"69,1,8",81,4,1
1,"132,1,0",81,4,""
2,"1,2,7,1,69,1,0",81,4,""
0,"1,1,7,1,69,1,1",82,3,""
1,"2,1,7,1,69,1,0",82,3,""
0,"1,1,123,1,0",58,28,""
0,"123,1,1",59,27,""
0,150,65,21,""
0,151,66,20,1
0,"31,1,30",67,19,""
0,"17,1,49",68,18,""
0,"8,2,39",69,17,""
0,"8,1,9,1,36",70,16,""
0,"8,1,13,1,30",71,15,""
0,"32,1,30",72,14,""
0,"13,1,23,1,14",73,13,""
1,"1,1,124,1,0",73,13,""
0,"2,1,135",74,12,""
1,"124,1,1",74,12,""
2,"0,1,7,1,72,1,1",74,12,""
0,"7,1,89",77,9,""
1,"0,1,120,1,1",77,9,""
2,"133,1,0",77,9,""
0,"69,1,9",78,8,""
1,"4,1,92,1,1",78,8,""
2,"0,1,121,1,1",78,8,""
3,"134,1,0",78,8,""
0,"69,1,10",79,7,""
1,"3,2,76,1,1",79,7,""
2,"0,1,122,1,1",79,7,""
0,"1,1,7,1,70,1,1",80,6,""
1,"0,1,8,1,69,1,1",80,6,""
0,"9,1,69,1,0",81,5,4
0,"135,1,0",58,29,""
0,152,59,28,""
0,153,62,25,0
0,"8,1,71,1,1",63,24,""
0,"16,1,50,1,1",64,23,0
0,"17,1,50,1,1",65,22,""
1,"1,1,125,1,0",65,22,""
0,"8,1,56,1,4",66,21,0
1,"125,1,1",66,21,""
0,"8,3,16,1,1",67,20,""
0,"8,3,17,1,1",68,19,""
0,"8,1,16,1,23,1,1",69,18,""
0,"8,2,42,1,1",70,17,""
0,"64,1,11",71,16,""
1,"8,2,13,2,1",71,16,""
0,154,72,15,0
1,"8,1,13,1,32,1,1",72,15,""
0,"13,2,23,1,1",73,14,""
1,"8,1,72,1,1",73,14,""
2,"1,1,119,1,1",73,14,""
0,"127,1,1",74,13,0
1,"126,1,1",74,13,""
2,"13,2,24,1,1",74,13,""
0,"101,1,4",75,12,""
0,"3,1,107,1,1",78,9,""
0,155,79,8,0
1,"1,1,121,1,1",79,8,""
2,"1,2,122,1,0",79,8,""
0,156,80,7,0
1,"129,1,1",80,7,""
2,"128,1,1",80,7,""
3,"1,1,122,1,1",80,7,""
4,"1,2,8,1,69,1,0",80,7,""
0,"2,1,7,1,80",81,6,""
1,"130,1,1",81,6,1
2,"1,1,8,1,69,1,1",81,6,""
0,"131,1,1",82,5,""
1,"10,1,69,1,0",82,5,""
0,"132,1,1",83,4,0
1,"1,2,7,1,69,1,1",83,4,""
2,"11,1,69,1,0",83,4,""
0,"2,1,7,1,69,1,1",84,3,""
0,"0,1,152",59,29,""
0,"1,1,123,1,1",60,28,""
0,"110,1,2",61,27,""
0,"111,1,2",62,26,""
0,"0,1,8,1,71,1,1",63,25,""
0,"8,1,77,1,0",64,24,""
0,"8,1,78,1,0",65,23,""
0,"17,1,56,1,0",66,22,""
0,"137,1,0",70,18,""
0,"138,1,0",71,17,""
0,"113,1,2",72,16,""
0,"0,1,8,1,72,1,1",73,15,""
0,"8,1,79,1,0",74,14,""
0,"13,2,28",75,13,""
1,"1,1,124,1,1",75,13,""
2,"8,1,80,1,0",75,13,""
0,"80,1,7",76,12,""
1,"104,1,4",76,12,""
0,157,77,11,""
0,"0,1,3,1,107,1,1",78,10,""
0,"74,1,8",79,9,""
1,"133,1,1",79,9,""
2,"139,1,0",79,9,""
0,"134,1,1",80,8,1
1,"0,1,129,1,1",80,8,""
2,"12,1,69,1,0",80,8,""
0,"69,1,11",81,7,""
0,"0,1,131,1,1",82,6,""
0,"9,1,69,1,1",83,5,1
0,"69,1,12",84,4,""
0,"1,1,135,1,0",59,30,""
0,"135,1,1",60,29,""
0,"1,1,125,1,1",67,22,""
0,158,68,21,""
0,"31,1,36",69,20,""
0,"39,1,30",70,19,""
0,"40,1,30",71,18,""
0,"8,1,9,1,39",72,17,""
0,"8,1,13,1,36",73,16,""
0,"9,1,13,1,30",74,15,""
0,"13,1,67,1,0",78,11,""
0,"141,1,0",79,10,""
1,"9,1,75,1,0",79,10,""
0,159,80,9,""
1,"7,1,103",80,9,""
2,"69,1,13",80,9,""
0,160,81,8,"0,1,2"
1,"0,1,69,1,11",81,8,""
2,"1,2,122,1,1",81,8,""
0,"2,1,122,1,1",82,7,""
1,"1,2,8,1,69,1,1",82,7,""
2,"2,1,130,1,0",82,7,""
0,"7,1,104",83,6,""
1,"0,1,9,1,69,1,1",83,6,""
2,"7,1,92,1,0",83,6,""
3,"2,1,131,1,0",83,6,""
0,"10,1,69,1,1",84,5,""
1,"13,1,69,1,0",84,5,""
2,"2,1,132,1,0",84,5,""
0,"11,1,69,1,1",85,4,""
1,"142,1,0",85,4,""
2,"2,2,7,1,69,1,0",85,4,""
0,"143,1,0",86,3,""
0,"110,1,4",64,26,""
0,"111,1,4",65,25,0
0,"8,1,77,1,1",66,24,""
0,"8,1,78,1,1",67,23,0
0,"17,1,56,1,1",68,22,""
0,"136,1,1",69,21,0
0,"8,3,19,1,1",70,20,""
0,"8,3,20,1,1",71,19,""
1,"1,1,137,1,0",71,19,""
0,"137,1,1",72,18,""
1,"8,2,45,1,1",72,18,""
0,"138,1,1",73,17,0
1,"8,2,46,1,1",73,17,""
0,"112,1,4",74,16,""
1,"8,1,9,1,13,2,1",74,16,""
0,"64,1,16",75,15,0
1,"113,1,4",75,15,0
2,"9,1,13,1,32,1,1",75,15,""
0,161,76,14,""
1,"8,1,79,1,1",76,14,""
0,"8,1,80,1,1",77,13,0
0,"80,1,8",78,12,""
1,"144,1,0",78,12,""
0,162,79,11,0
1,"23,1,47",79,11,""
0,"24,1,47",80,10,""
1,"67,1,14",80,10,""
2,"1,1,139,1,0",80,10,""
0,"43,1,29",81,9,""
1,"139,1,1",81,9,""
2,"2,1,134,1,0",81,9,""
3,"1,1,12,1,69,1,0",81,9,""
0,"3,1,138",82,8,""
1,"12,1,69,1,1",82,8,""
2,"7,1,95,1,0",82,8,""
0,"3,1,139",83,7,2
0,163,84,6,""
0,164,85,5,0
1,"7,1,69,1,2",85,5,""
0,"69,1,14",86,4,""
1,"7,1,69,1,3",86,4,""
0,"1,1,135,1,1",61,30,""
0,"140,1,1",62,29,""
0,"145,1,0",63,28,""
0,"116,1,2",64,27,""
0,"117,1,2",65,26,""
0,"0,1,8,1,77,1,1",66,25,""
0,"8,2,49,1,0",67,24,""
0,"8,2,50,1,0",68,23,""
0,"0,1,137,1,1",72,19,""
0,"146,1,0",73,18,1
0,"147,1,0",74,17,""
0,"118,1,2",75,16,""
0,"0,1,8,1,79,1,1",76,15,""
1,"13,2,32,1,0",76,15,""
0,"2,1,126,1,1",77,14,""
1,"13,2,33,1,0",77,14,""
2,"8,1,89,1,0",77,14,""
0,"9,1,80,1,0",78,13,""
0,"115,1,4",79,12,""
0,"13,1,67,1,1",80,11,""
1,"1,1,141,1,0",80,11,""
0,"141,1,1",81,10,""
1,"9,1,75,1,1",81,10,""
2,"14,1,69,1,0",81,10,""
0,"69,1,15",82,9,""
1,"75,1,12",82,9,""
2,"3,1,120,1,0",82,9,""
0,"76,1,12",83,8,""
1,"3,1,121,1,0",83,8,""
0,"7,1,70,1,3",84,7,""
1,"2,1,130,1,1",84,7,""
2,"1,1,7,1,92,1,0",84,7,""
0,"69,1,16",85,6,2
1,"7,1,92,1,1",85,6,""
2,"2,1,131,1,1",85,6,""
3,"1,1,13,1,69,1,0",85,6,""
0,"13,1,69,1,1",86,5,""
1,"2,1,132,1,1",86,5,""
2,"2,1,11,1,69,1,0",86,5,""
3,"1,1,142,1,0",86,5,""
0,"142,1,1",87,4,""
1,"2,2,7,1,69,1,1",87,4,""
2,"1,1,143,1,0",87,4,""
0,"143,1,1",88,3,2
0,165,69,23,""
0,166,70,22,""
0,"31,1,39",71,21,""
0,"39,1,36",72,20,""
1,"1,2,137,1,0",72,20,""
0,"8,1,16,1,30",73,19,""
1,"1,1,137,1,1",73,19,""
0,"8,1,17,1,30",74,18,""
0,"8,1,13,1,39",75,17,""
0,"42,1,30",76,16,""
0,"13,2,30",77,15,""
0,167,78,14,1
1,"13,1,32,1,14",78,14,""
0,"1,1,144,1,0",79,13,""
0,"144,1,1",80,12,""
0,168,81,11,""
1,"0,1,141,1,1",81,11,""
0,169,82,10,""
1,"0,1,69,1,15",82,10,""
2,"1,1,139,1,1",82,10,""
3,"13,1,75,1,0",82,10,""
0,"122,1,2",83,9,""
1,"2,1,134,1,1",83,9,""
2,"1,1,12,1,69,1,1",83,9,""
3,"13,1,76,1,0",83,9,""
0,"43,1,33",84,8,""
1,"122,1,3",84,8,""
2,"8,1,69,1,2",84,8,""
3,"7,1,95,1,1",84,8,""
0,"3,1,148",85,7,2
1,"8,1,69,1,3",85,7,""
2,"0,1,7,1,92,1,1",85,7,""
0,"0,1,13,1,69,1,1",86,6,""
1,"148,1,0",86,6,""
0,170,87,5,0
1,"2,1,69,1,12",87,5,""
2,"0,1,142,1,1",87,5,""
3,"4,1,7,1,69,1,0",87,5,""
0,"7,1,69,1,4",88,4,""
1,"0,1,143,1,1",88,4,3
0,"1,1,145,1,0",64,29,""
0,"145,1,1",65,28,""
0,"111,1,6",66,27,0
0,"116,1,4",67,26,""
0,"117,1,4",68,25,0
0,"8,2,49,1,1",69,24,""
0,"8,2,50,1,1",70,23,0
0,"16,1,17,2,1",71,22,""
0,"8,1,88,1,1",72,21,""
0,"8,5,1",73,20,""
0,"8,3,22,1,1",74,19,""
0,"146,1,1",75,18,0
1,"8,3,23,1,1",75,18,""
0,"147,1,1",76,17,0
1,"8,2,51,1,1",76,17,""
0,"8,1,64,1,4",77,16,""
1,"8,1,13,3,1",77,16,""
2,"149,1,0",77,16,""
0,"80,1,11",78,15,0
1,"118,1,4",78,15,0
2,"13,2,32,1,1",78,15,""
0,171,79,14,""
1,"13,2,33,1,1",79,14,""
2,"8,1,89,1,1",79,14,""
0,172,80,13,""
1,"9,1,80,1,1",80,13,0
2,"150,1,0",80,13,""
0,"151,1,0",81,12,""
0,"1,1,141,1,1",82,11,""
1,"1,1,14,1,69,1,0",82,11,""
0,173,83,10,""
1,"18,1,68",83,10,""
2,"14,1,69,1,1",83,10,""
0,"13,1,84",84,9,0
1,"75,1,14",84,9,""
2,"3,1,120,1,1",84,9,""
0,"76,1,14",85,8,""
1,"3,1,121,1,1",85,8,""
0,"7,1,70,1,4",86,7,""
1,"1,1,7,1,92,1,1",86,7,""
0,"7,1,117",87,6,""
1,"1,1,13,1,69,1,1",87,6,""
2,"2,1,13,1,69,1,0",87,6,""
3,"1,2,142,1,0",87,6,""
0,"0,1,7,1,69,1,4",88,5,""
1,"2,1,11,1,69,1,1",88,5,""
2,"1,1,142,1,1",88,5,""
3,"1,2,143,1,0",88,5,""
0,"1,1,143,1,1",89,4,""
0,174,63,31,""
0,175,64,30,""
0,"0,1,145,1,1",65,29,""
0,"152,1,0",66,28,0
0,"153,1,0",67,27,""
0,"16,1,50,1,2",68,26,""
0,"0,1,8,2,49,1,1",69,25,""
0,"8,2,55,1,0",70,24,""
0,"1,2,137,1,1",74,20,""
0,"0,1,146,1,1",75,19,""
0,"16,1,64,1,0",76,18,""
0,"17,1,64,1,0",77,17,""
0,"154,1,0",78,16,""
0,"0,1,8,1,89,1,1",79,15,""
0,"51,1,28",80,14,""
1,"8,1,101,1,0",80,14,""
0,176,81,13,""
1,"1,1,144,1,1",81,13,""
2,"13,1,80,1,0",81,13,""
0,177,82,12,""
0,"82,1,12",83,11,""
0,"13,1,75,1,1",84,10,""
1,"1,1,13,1,76,1,0",84,10,""
0,"13,1,76,1,1",85,9,1
0,"122,1,4",86,8,""
0,"8,1,69,1,4",87,7,""
1,"1,1,148,1,0",87,7,""
0,"69,1,17",88,6,1
1,"148,1,1",88,6,""
2,"1,1,4,1,7,1,69,1,0",88,6,""
0,"2,1,69,1,14",89,5,""
1,"4,1,7,1,69,1,1",89,5,""
0,"1,2,145,1,0",65,30,""
0,"1,1,145,1,1",66,29,""
0,178,71,24,""
0,179,72,23,""
0,180,73,22,""
0,"39,1,39",74,21,""
0,"8,1,16,1,36",75,20,""
0,"8,1,19,1,30",76,19,""
0,"8,1,20,1,30",77,18,""
0,"45,1,30",78,17,""
1,"1,1,149,1,0",78,17,""
0,"46,1,30",79,16,""
1,"149,1,1",79,16,1
0,181,80,15,"1,2"
0,182,81,14,1
1,"156,1,0",81,14,""
0,184,82,13,""
1,183,82,13,1
2,"150,1,1",82,13,""
0,"151,1,1",83,12,""
1,"13,1,83,1,0",83,12,""
0,"1,1,14,1,69,1,1",84,11,""
1,"9,1,95,1,0",84,11,""
0,185,85,10,""
1,"15,1,69,1,1",85,10,""
2,"157,1,0",85,10,""
0,"0,1,122,1,4",86,9,""
1,"16,1,69,1,0",86,9,""
0,"7,1,122",87,8,""
1,"17,1,69,1,0",87,8,""
0,"9,1,69,1,3",88,7,""
1,"158,1,0",88,7,""
0,"2,1,13,1,69,1,1",89,6,""
1,"1,2,142,1,1",89,6,""
0,"1,2,143,1,1",90,5,""
0,"159,1,0",65,31,""
0,186,66,30,""
0,"152,1,1",68,28,0
0,"153,1,1",69,27,0
0,"8,1,71,1,4",70,26,""
0,"16,1,50,1,4",71,25,0
0,"8,2,55,1,1",72,24,""
0,"8,2,56,1,1",73,23,""
0,"8,1,17,1,40,1,1",74,22,""
0,"8,1,100,1,1",75,21,""
0,"8,4,9,1,1",76,20,""
0,187,77,19,0
1,"8,3,29,1,1",77,19,""
0,"16,1,64,1,1",78,18,""
1,"8,2,9,1,23,1,1",78,18,""
0,"17,1,64,1,1",79,17,0
1,"8,1,9,1,51,1,1",79,17,""
2,"0,1,149,1,1",79,17,""
0,"154,1,1",80,16,1
1,"9,1,13,3,1",80,16,""
2,"160,1,0",80,16,1
0,"127,1,4",81,15,1
1,"126,1,4",81,15,""
0,"0,1,183",82,14,""
1,"8,1,101,1,1",82,14,""
0,188,83,13,1
1,"13,1,80,1,1",83,13,0
0,"32,1,47",84,12,""
1,"155,1,1",84,12,""
0,"83,1,14",85,11,""
1,"82,1,14",85,11,""
0,189,86,10,""
1,"1,1,13,1,76,1,1",86,10,""
0,"2,1,7,1,95,1,1",87,9,""
0,"7,1,127",88,8,""
0,190,89,7,2
1,"1,1,148,1,1",89,7,""
0,"132,1,4",90,6,""
1,"1,1,4,1,7,1,69,1,1",90,6,""
0,191,91,5,""
0,192,65,32,""
0,"0,1,186",66,31,""
0,"1,2,145,1,1",67,30,""
0,"0,1,152,1,1",68,29,""
0,"8,1,110,1,0",69,28,""
0,"8,1,111,1,0",70,27,""
0,"8,1,78,1,2",71,26,""
0,"161,1,0",72,25,""
0,"137,1,2",76,21,""
0,"138,1,2",77,20,""
0,"0,1,16,1,64,1,1",78,19,""
0,"8,1,112,1,0",79,18,""
1,"1,2,149,1,0",79,18,""
0,"1,1,149,1,1",80,17,""
1,"8,1,113,1,0",80,17,""
0,"162,1,0",81,16,""
1,"13,4,0",81,16,""
0,"0,1,8,1,101,1,1",82,15,""
1,"13,1,23,1,24,1,0",82,15,""
2,"1,1,156,1,0",82,15,""
0,"156,1,1",83,14,""
1,"9,1,101,1,0",83,14,""
2,"2,1,150,1,0",83,14,""
0,"2,1,151,1,0",84,13,""
0,"13,1,83,1,1",85,12,""
0,"9,1,95,1,1",86,11,""
1,"1,1,157,1,0",86,11,""
0,"134,1,4",87,10,""
1,"157,1,1",87,10,""
2,"1,1,16,1,69,1,0",87,10,""
0,"2,1,76,1,14",88,9,""
1,"16,1,69,1,1",88,9,""
2,"7,2,67,1,0",88,9,""
0,"7,1,131",89,8,""
1,"17,1,69,1,1",89,8,0
2,"1,1,158,1,0",89,8,""
0,"9,1,69,1,4",90,7,""
1,"158,1,1",90,7,""
0,"163,1,0",93,4,""
0,"7,2,69,1,0",94,3,""
0,"1,1,159,1,0",66,32,""
0,"159,1,1",67,31,""
0,193,73,25,""
0,194,74,24,1
0,"49,1,30",75,23,""
0,"50,1,30",76,22,""
0,"8,1,16,1,39",77,21,""
0,"8,1,19,1,36",78,20,""
0,"8,3,30",79,19,""
0,"8,1,22,1,30",80,18,""
0,"8,1,23,1,30",81,17,""
0,"51,1,30",82,16,""
1,"160,1,1",82,16,"1,2"
0,195,83,15,"1,2"
1,"13,3,14",83,15,""
0,196,84,14,""
1,"2,1,176",84,14,""
0,197,85,13,""
1,"2,1,177",85,13,""
0,"13,1,107",86,12,""
1,"69,1,18",86,12,""
0,198,87,11,""
1,"69,1,19",87,11,""
2,"13,1,95,1,0",87,11,""
0,"0,1,16,1,69,1,1",88,10,""
1,"164,1,0",88,10,""
0,"7,1,92,1,2",89,9,""
1,"19,1,69,1,0",89,9,2
0,"20,1,69,1,0",90,8,""
0,"13,1,69,1,3",91,7,""
0,"7,2,70,1,0",92,6,""
0,"165,1,0",66,33,""
0,199,67,32,""
0,200,70,29,0
0,"8,1,110,1,1",71,28,""
0,"8,1,111,1,1",72,27,0
0,"8,1,77,1,4",73,26,""
1,"1,1,161,1,0",73,26,""
0,"8,1,78,1,4",74,25,0
1,"161,1,1",74,25,""
0,"8,3,31,1,1",75,24,""
0,"8,2,16,1,17,1,1",76,23,""
0,"8,2,17,2,1",77,22,""
0,"8,2,60,1,1",78,21,""
0,"137,1,4",79,20,""
1,"8,4,13,1,1",79,20,""
0,"138,1,4",80,19,0
1,"8,3,32,1,1",80,19,""
0,"8,1,112,1,1",81,18,""
1,"8,2,13,1,23,1,1",81,18,""
2,"1,2,149,1,1",81,18,""
0,"8,1,113,1,1",82,17,0
1,"8,1,13,1,51,1,1",82,17,""
2,"0,1,160,1,1",82,17,""
0,"162,1,1",83,16,""
1,"13,4,1",83,16,""
2,"166,1,0",83,16,""
0,"8,1,80,1,4",84,15,0
1,"13,1,23,1,24,1,1",84,15,""
2,"1,1,156,1,1",84,15,""
3,"167,1,0",84,15,""
0,"9,1,101,1,1",85,14,""
1,"2,1,150,1,1",85,14,""
2,"168,1,0",85,14,""
0,"2,1,151,1,1",86,13,""
1,"169,1,0",86,13,""
0,"170,1,0",87,12,""
0,201,88,11,""
1,"1,1,157,1,1",88,11,""
2,"1,2,16,1,69,1,0",88,11,""
0,"95,1,14",89,10,""
1,"1,1,16,1,69,1,1",89,10,""
0,202,90,9,""
1,"7,2,67,1,1",90,9,""
0,"7,2,68,1,1",91,8,""
1,"1,1,158,1,1",91,8,""
0,"2,2,13,1,69,1,1",92,7,""
0,"7,2,80",93,6,""
0,"1,1,163,1,0",94,5,""
0,"163,1,1",95,4,""
1,"1,1,7,2,69,1,0",95,4,""
0,"7,2,69,1,1",96,3,""
0,"0,1,199",67,33,""
0,"1,1,159,1,1",68,32,""
0,"145,1,2",69,31,""
0,"145,1,3",70,30,""
0,"0,1,8,1,110,1,1",71,29,""
0,"8,1,116,1,0",72,28,""
0,"8,1,117,1,0",73,27,""
0,"17,1,78,1,0",74,26,""
0,"137,1,5",78,22,""
0,"146,1,2",79,21,""
0,"147,1,2",80,20,""
0,"0,1,8,1,112,1,1",81,19,""
0,"8,2,64,1,0",82,18,""
0,"8,1,118,1,0",83,17,""
0,"17,1,80,1,0",84,16,""
0,203,85,15,1
1,"13,1,23,1,28",85,15,""
2,"172,1,0",85,15,""
0,204,86,14,""
1,"2,1,188",86,14,""
2,"13,1,101,1,0",86,14,""
0,205,87,13,""
0,206,88,12,3
1,"21,1,69,1,0",88,12,""
0,207,89,11,""
1,"69,1,20",89,11,""
2,"13,1,95,1,1",89,11,""
0,"164,1,1",90,10,""
0,208,91,9,""
1,"19,1,69,1,1",91,9,0
0,209,92,8,""
1,"20,1,69,1,1",92,8,0
2,"174,1,0",92,8,1
0,"13,1,69,1,4",93,7,""
1,"1,1,7,2,70,1,0",93,7,""
0,"7,2,70,1,1",94,6,""
0,"0,1,163,1,1",95,5,""
0,"0,1,7,2,69,1,1",96,4,""
0,"1,1,165,1,0",67,34,""
0,"165,1,1",68,33,""
0,"1,1,161,1,1",75,26,""
0,210,76,25,""
0,"49,1,36",77,24,""
0,"55,1,30",78,23,""
0,"56,1,30",79,22,""
0,"8,1,19,1,39",80,21,""
0,"8,3,36",81,20,""
0,"8,2,9,1,30",82,19,""
0,"8,1,29,1,30",83,18,""
0,211,84,17,"1,2"
1,"9,1,23,1,30",84,17,""
0,"166,1,1",85,16,1
0,212,86,15,""
1,"167,1,1",86,15,"0,2"
2,"1,1,168,1,0",86,15,""
0,213,87,14,2
1,"168,1,1",87,14,""
2,"176,1,0",87,14,""
3,"1,1,169,1,0",87,14,""
0,"69,1,21",88,13,""
1,"169,1,1",88,13,""
2,"13,1,105,1,0",88,13,""
3,"1,1,170,1,0",88,13,""
0,"0,1,69,1,20",89,12,""
1,"170,1,1",89,12,""
2,"177,1,0",89,12,""
0,"1,2,16,1,69,1,1",90,11,""
0,"0,1,19,1,69,1,1",91,10,""
1,"179,1,0",91,10,""
0,214,92,9,""
1,"8,2,69,1,0",92,9,""
0,"22,1,69,1,0",93,8,""
0,"23,1,69,1,0",94,7,""
0,"69,1,22",95,6,""
1,"24,1,69,1,0",95,6,""
2,"1,2,163,1,0",95,6,""
0,"1,1,163,1,1",96,5,""
1,"25,1,69,1,0",96,5,""
2,"2,1,163,1,0",96,5,""
0,"1,1,7,2,69,1,1",97,4,""
0,"145,1,4",72,30,""
0,"111,1,11",73,29,0
0,"8,1,116,1,1",74,28,""
0,"8,1,117,1,1",75,27,0
0,"17,1,78,1,1",76,26,""
0,"171,1,1",77,25,0
0,"8,3,39,1,1",78,24,""
0,"8,3,40,1,1",79,23,""
1,"5,1,137,1,0",79,23,""
0,"137,1,6",80,22,""
1,"8,2,17,1,20,1,1",80,22,""
0,"138,1,6",81,21,0
1,"8,2,63,1,1",81,21,""
0,"146,1,4",82,20,""
1,"8,3,9,1,13,1,1",82,20,""
0,"147,1,4",83,19,0
1,"149,1,2",83,19,""
2,"8,2,9,1,32,1,1",83,19,""
0,"149,1,3",84,18,""
1,"8,1,9,1,13,1,23,1,1",84,18,""
2,"8,2,64,1,1",84,18,""
0,"9,1,13,1,51,1,1",85,17,""
1,"8,1,118,1,1",85,17,0
2,"0,1,166,1,1",85,17,""
0,"17,1,80,1,1",86,16,""
1,"180,1,0",86,16,""
2,"1,1,172,1,0",86,16,""
0,"173,1,1",87,15,1
1,"172,1,1",87,15,1
0,"13,1,101,1,1",88,14,""
1,"0,1,169,1,1",88,14,""
0,"13,2,47",89,13,""
1,"1,1,21,1,69,1,0",89,13,""
0,"105,1,14",90,12,""
1,"21,1,69,1,1",90,12,""
0,215,93,9,"0,2"
1,"1,1,174,1,0",93,9,""
0,"174,1,1",94,8,1
1,"181,1,0",94,8,""
0,"1,1,7,2,70,1,1",95,7,""
0,"69,1,23",96,6,""
0,"69,1,24",97,5,""
0,"1,1,165,1,1",69,34,""
0,"175,1,1",70,33,""
0,"182,1,0",71,32,""
0,"183,1,0",72,31,""
0,"153,1,2",73,30,""
0,"0,1,8,1,116,1,1",74,29,""
0,"8,2,71,1,0",75,28,""
0,"8,1,16,1,50,1,0",76,27,""
0,"0,1,137,1,6",80,23,""
0,"184,1,0",81,22,1
0,"185,1,0",82,21,""
0,"17,1,64,1,2",83,20,""
0,"0,1,8,2,64,1,1",84,19,""
0,"8,2,72,1,0",85,18,""
0,"13,2,51,1,0",86,17,""
1,"8,1,127,1,0",86,17,""
0,216,87,16,0
1,"20,1,80,1,0",87,16,""
2,"13,2,52,1,0",87,16,""
0,"1,1,168,1,1",88,15,""
1,"1,1,176,1,0",88,15,""
0,"176,1,1",89,14,""
1,"1,1,169,1,1",89,14,""
2,"27,1,69,1,0",89,14,""
0,"69,1,25",90,13,""
1,"13,1,105,1,1",90,13,""
2,"1,1,170,1,1",90,13,""
0,"177,1,1",91,12,""
1,"13,1,107,1,1",91,12,""
2,"187,1,0",91,12,""
0,217,92,11,""
1,"178,1,1",92,11,2
2,"188,1,0",92,11,""
0,"69,1,26",93,10,1
1,"179,1,1",93,10,""
2,"189,1,0",93,10,""
0,218,94,9,""
1,"8,2,69,1,1",94,9,""
2,"0,1,174,1,1",94,9,""
0,219,95,8,""
1,"22,1,69,1,1",95,8,0
2,"190,1,0",95,8,""
0,220,96,7,""
1,"23,1,69,1,1",96,7,""
2,"191,1,0",96,7,""
3,"28,1,69,1,0",96,7,""
0,221,97,6,""
1,"69,1,27",97,6,1
2,"24,1,69,1,1",97,6,""
3,"1,2,163,1,1",97,6,""
0,"25,1,69,1,1",98,5,""
1,"2,1,163,1,1",98,5,""
0,222,77,27,""
0,223,78,26,""
0,"49,1,39",79,25,""
0,"55,1,36",80,24,""
1,"1,1,5,1,137,1,0",80,24,""
0,"8,1,31,1,30",81,23,""
1,"5,1,137,1,1",81,23,""
0,"16,1,17,1,30",82,22,""
0,"17,2,30",83,21,""
0,"60,1,30",84,20,""
0,"8,2,13,1,30",85,19,""
0,"8,1,32,1,30",86,18,""
1,"149,1,4",86,18,2
0,224,87,17,"1,2"
1,"13,1,23,1,30",87,17,""
0,"13,1,51,1,14",88,16,""
1,"180,1,1",88,16,1
2,"1,1,172,1,1",88,16,""
0,225,89,15,""
1,"150,1,4",89,15,""
2,"0,1,176,1,1",89,15,""
0,"0,1,69,1,25",90,14,""
1,"151,1,4",90,14,""
0,226,91,13,""
1,"1,1,21,1,69,1,1",91,13,""
2,"0,1,177,1,1",91,13,""
0,"67,1,28",92,12,""
1,"16,1,69,1,2",92,12,""
2,"23,1,75,1,0",92,12,""
0,"17,1,69,1,2",93,11,""
1,"23,1,76,1,0",93,11,""
0,"0,1,8,2,69,1,1",94,10,""
1,"192,1,0",94,10,""
0,"1,1,174,1,1",95,9,""
1,"8,1,9,1,69,1,0",95,9,""
2,"1,1,181,1,0",95,9,""
0,"181,1,1",96,8,""
1,"29,1,69,1,0",96,8,""
0,"0,1,69,1,27",97,7,""
0,227,98,6,""
1,"69,1,28",98,6,""
0,"26,1,69,1,1",99,5,""
0,"1,1,182,1,0",72,33,""
0,"182,1,1",73,32,""
0,"183,1,1",74,31,0
0,"152,1,4",75,30,""
0,"153,1,4",76,29,0
0,"8,2,71,1,1",77,28,""
0,"8,1,16,1,50,1,1",78,27,0
0,"8,1,17,1,50,1,1",79,26,""
0,"8,1,125,1,1",80,25,""
0,"8,4,16,1,1",81,24,""
0,"8,4,17,1,1",82,23,""
0,"184,1,1",83,22,0
1,"8,2,16,1,23,1,1",83,22,""
0,"185,1,1",84,21,0
1,"8,3,42,1,1",84,21,""
0,"149,1,5",85,20,""
1,"16,1,64,1,4",85,20,""
2,"8,3,13,2,1",85,20,""
0,"17,1,64,1,4",86,19,0
1,"160,1,2",86,19,""
2,"8,2,13,1,32,1,1",86,19,""
0,"160,1,3",87,18,""
1,"8,1,13,2,23,1,1",87,18,""
2,"8,2,72,1,1",87,18,""
0,"13,2,51,1,1",88,17,""
1,"8,1,127,1,1",88,17,0
2,"193,1,0",88,17,""
0,"20,1,80,1,1",89,16,""
1,"13,2,52,1,1",89,16,""
2,"194,1,0",89,16,""
0,"186,1,1",90,15,1
1,"1,1,176,1,1",90,15,""
2,"1,1,27,1,69,1,0",90,15,""
0,"27,1,69,1,1",91,14,""
0,"1,1,187,1,0",92,13,""
0,228,93,12,""
1,"187,1,1",93,12,""
2,"195,1,0",93,12,""
0,229,94,11,1
1,"75,1,23",94,11,""
2,"188,1,1",94,11,1
3,"1,1,189,1,0",94,11,""
0,230,95,10,"1,2"
1,"189,1,1",95,10,""
2,"196,1,0",95,10,""
0,231,96,9,2
1,"1,1,190,1,0",96,9,""
0,232,97,8,0
1,"190,1,1",97,8,""
2,"197,1,0",97,8,""
3,"1,1,28,1,69,1,0",97,8,""
0,"191,1,1",98,7,2
1,"28,1,69,1,1",98,7,""
2,"198,1,0",98,7,""
3,"2,1,24,1,69,1,0",98,7,""
0,233,99,6,""
1,"2,1,25,1,69,1,0",99,6,""
0,"3,1,163,1,0",100,5,""
0,"7,1,143,1,0",101,4,""
0,234,71,35,""
0,235,72,34,""
0,"0,1,182,1,1",73,33,""
0,"199,1,0",74,32,0
0,"200,1,0",75,31,""
0,"8,1,111,1,2",76,30,""
0,"0,1,8,2,71,1,1",77,29,""
0,"8,2,77,1,0",78,28,""
0,"1,1,5,1,137,1,1",82,24,""
0,"0,1,184,1,1",83,23,""
0,"8,1,137,1,0",84,22,""
0,"8,1,138,1,0",85,21,""
0,"8,1,113,1,2",86,20,""
0,"0,1,8,2,72,1,1",87,19,""
0,"8,2,79,1,0",88,18,""
0,236,89,17,1
1,"8,2,80,1,0",89,17,""
0,237,90,16,"0,2"
1,"13,1,32,1,28",90,16,""
0,"13,1,135",91,15,""
1,"23,1,80,1,0",91,15,""
0,"3,1,197",92,14,""
0,238,93,13,""
1,"0,1,187,1,1",93,13,""
0,"23,1,75,1,1",94,12,""
1,"0,1,188,1,1",94,12,2
2,"201,1,0",94,12,2
0,"16,1,69,1,4",95,11,""
1,"23,1,76,1,1",95,11,""
2,"0,1,189,1,1",95,11,""
3,"1,1,192,1,0",95,11,""
0,239,96,10,""
1,"0,1,231",96,10,3
2,"17,1,69,1,4",96,10,0
3,"192,1,1",96,10,3
4,"1,2,174,1,1",96,10,""
5,"202,1,0",96,10,3
0,"8,1,9,1,69,1,1",97,9,""
1,"1,1,181,1,1",97,9,""
2,"0,1,190,1,1",97,9,""
3,"2,1,181,1,0",97,9,""
0,"29,1,69,1,1",98,8,2
0,"2,1,69,1,23",99,7,""
0,"69,1,29",100,6,""
1,"2,1,69,1,24",100,6,""
0,"1,2,182,1,0",73,34,""
0,"1,1,182,1,1",74,33,""
0,240,79,28,""
0,241,80,27,""
0,242,81,26,""
0,"55,1,39",82,25,""
0,"8,1,31,1,36",83,24,""
0,"8,1,39,1,30",84,23,""
0,"8,1,40,1,30",85,22,""
0,"17,1,20,1,30",86,21,""
1,"5,1,149,1,0",86,21,""
0,"63,1,30",87,20,""
1,"149,1,6",87,20,1
0,243,88,19,"0,2"
1,"8,1,9,1,13,1,30",88,19,""
0,"9,1,32,1,30",89,18,""
1,"160,1,4",89,18,1
2,"1,1,193,1,0",89,18,""
0,244,90,17,"1,2"
1,"64,1,30",90,17,""
2,"193,1,1",90,17,2
0,245,91,16,""
1,"194,1,1",91,16,0
0,246,92,15,""
1,"1,1,27,1,69,1,1",92,15,""
0,"30,1,69,1,1",93,14,""
1,"23,1,83,1,0",93,14,""
2,"1,2,187,1,0",93,14,""
0,"1,1,187,1,1",94,13,""
1,"31,1,69,1,0",94,13,""
2,"1,1,195,1,0",94,13,""
0,"19,1,69,1,2",95,12,""
1,"195,1,1",95,12,""
2,"2,1,188,1,0",95,12,""
3,"1,2,189,1,0",95,12,""
0,"75,1,28",96,11,""
1,"20,1,69,1,2",96,11,""
2,"1,1,189,1,1",96,11,""
3,"2,1,189,1,0",96,11,""
0,"76,1,28",97,10,""
1,"196,1,1",97,10,""
2,"0,1,8,1,9,1,69,1,1",97,10,""
0,247,98,9,1
1,"2,1,219",98,9,""
2,"1,1,190,1,1",98,9,""
3,"8,1,13,1,69,1,0",98,9,""
0,248,99,8,0
1,"197,1,1",99,8,""
2,"1,1,28,1,69,1,1",99,8,""
3,"32,1,69,1,0",99,8,""
4,"2,1,191,1,0",99,8,""
0,"198,1,1",100,7,1
1,"2,1,24,1,69,1,1",100,7,""
2,"204,1,0",100,7,""
3,"203,1,0",100,7,""
4,"33,1,69,1,0",100,7,""
0,249,101,6,""
1,"2,1,25,1,69,1,1",101,6,""
2,"34,1,69,1,0",101,6,""
0,"3,1,163,1,1",102,5,""
1,"35,1,69,1,0",102,5,""
0,"7,1,143,1,1",103,4,1
0,"205,1,0",73,35,""
0,250,74,34,""
0,"199,1,1",76,32,0
0,"200,1,1",77,31,0
0,"8,1,110,1,4",78,30,""
0,"8,1,111,1,4",79,29,0
0,"8,2,77,1,1",80,28,""
0,"8,2,78,1,1",81,27,""
0,"8,1,17,1,56,1,1",82,26,""
0,"8,1,136,1,1",83,25,""
0,"8,4,19,1,1",84,24,""
0,251,85,23,0
1,"8,4,20,1,1",85,23,""
0,"8,1,137,1,1",86,22,""
1,"8,3,45,1,1",86,22,""
0,"0,1,149,1,6",87,21,""
1,"8,1,138,1,1",87,21,0
2,"8,3,46,1,1",87,21,""
0,"8,1,112,1,4",88,20,""
1,"8,2,9,1,13,2,1",88,20,""
2,"206,1,0",88,20,1
0,"8,1,113,1,4",89,19,1
1,"166,1,2",89,19,""
2,"8,1,9,1,13,1,32,1,1",89,19,""
0,"9,1,13,2,23,1,1",90,18,""
1,"8,2,79,1,1",90,18,""
2,"207,1,0",90,18,""
0,"8,2,80,1,1",91,17,0
0,"22,1,80,1,1",92,16,""
0,"23,1,80,1,1",93,15,""
0,252,94,14,""
1,"67,1,30",94,14,""
0,"83,1,23",95,13,""
1,"0,1,195,1,1",95,13,""
0,253,96,12,""
1,"201,1,1",96,12,1
0,254,97,11,""
1,"67,1,33",97,11,""
2,"1,1,192,1,1",97,11,""
0,256,98,10,""
1,255,98,10,2
2,"202,1,1",98,10,2
3,"209,1,0",98,10,""
0,"2,1,181,1,1",99,9,""
1,"0,1,197,1,1",99,9,""
2,"3,1,174,1,0",99,9,""
0,257,100,8,""
1,"69,1,30",100,8,""
0,"2,1,227",101,7,""
1,"69,1,31",101,7,""
2,"2,1,69,1,28",101,7,""
0,"69,1,32",102,6,""
1,"0,1,3,1,163,1,1",102,6,""
0,"69,1,33",103,5,5
0,258,73,36,""
0,"0,1,250",74,35,""
0,"1,2,182,1,1",75,34,""
0,"0,1,199,1,1",76,33,""
0,"8,1,145,1,0",77,32,""
0,"16,1,111,1,0",78,31,""
0,"17,1,111,1,0",79,30,""
0,"210,1,0",80,29,""
0,"137,1,9",84,25,""
0,"138,1,9",85,24,""
0,"0,1,8,1,137,1,1",86,23,""
0,"8,1,146,1,0",87,22,""
1,"1,1,5,1,149,1,0",87,22,""
0,"5,1,149,1,1",88,21,""
1,"8,1,147,1,0",88,21,""
0,"17,1,113,1,0",89,20,""
0,"0,1,8,2,79,1,1",90,19,""
0,"1,1,193,1,1",91,18,""
1,"13,3,23,1,0",91,18,""
2,"8,2,89,1,0",91,18,""
0,259,92,17,1
1,"13,3,24,1,0",92,17,""
0,"23,1,83,1,1",95,14,""
1,"1,2,187,1,1",95,14,""
2,"1,1,31,1,69,1,0",95,14,""
0,"31,1,69,1,1",96,13,""
1,"9,1,133,1,1",96,13,""
2,"1,1,195,1,1",96,13,""
3,"0,1,201,1,1",96,13,""
4,"2,1,195,1,0",96,13,""
0,"17,1,69,1,6",97,12,2
1,"2,1,188,1,1",97,12,""
2,"1,2,189,1,1",97,12,""
3,"212,1,0",97,12,""
0,"19,1,69,1,4",98,11,""
1,"2,1,189,1,1",98,11,""
0,"20,1,69,1,4",99,10,2
0,260,100,9,""
1,"8,1,13,1,69,1,1",100,9,""
2,"213,1,0",100,9,""
0,"32,1,69,1,1",101,8,3
1,"2,1,191,1,1",101,8,""
2,"2,1,198,1,0",101,8,""
3,"1,1,203,1,0",101,8,""
4,"1,1,33,1,69,1,0",101,8,""
0,"204,1,1",102,7,""
1,"203,1,1",102,7,""
2,"33,1,69,1,1",102,7,""
3,"214,1,0",102,7,""
4,"36,1,69,1,0",102,7,""
5,"1,1,34,1,69,1,0",102,7,""
0,261,103,6,""
1,"34,1,69,1,1",103,6,""
2,"1,1,35,1,69,1,0",103,6,""
0,"35,1,69,1,1",104,5,""
1,"37,1,69,1,0",104,5,""
0,"38,1,69,1,0",105,4,""
0,"1,1,205,1,0",74,36,""
0,"205,1,1",75,35,""
0,262,81,29,""
0,263,82,28,1
0,"71,1,30",83,27,""
0,"50,1,49",84,26,""
0,"8,1,31,1,39",85,25,""
0,"8,1,39,1,36",86,24,""
0,"8,2,16,1,30",87,23,""
0,"8,2,17,1,30",88,22,""
0,"16,1,23,1,30",89,21,""
0,"8,1,42,1,30",90,20,""
1,"206,1,1",90,20,"1,2"
0,264,91,19,"1,2"
1,"8,1,13,2,30",91,19,""
0,"64,1,36",92,18,""
1,"13,1,32,1,30",92,18,""
2,"207,1,1",92,18,1
0,"72,1,30",93,17,""
1,"13,2,23,1,14",93,17,""
2,"208,1,1",93,17,"1,2"
0,265,94,16,""
1,"69,1,34",94,16,""
0,"69,1,35",95,15,""
1,"215,1,0",95,15,""
0,266,96,14,0
1,"23,1,107",96,14,""
2,"0,1,31,1,69,1,1",96,14,""
0,267,97,13,1
1,"83,1,28",97,13,""
2,"39,1,69,1,0",97,13,1
3,"13,1,133,1,0",97,13,""
0,269,98,12,""
1,268,98,12,0
2,"40,1,69,1,0",98,12,""
3,"13,1,134,1,0",98,12,""
0,271,99,11,""
1,270,99,11,""
2,"22,1,69,1,2",99,11,""
3,"2,1,202,1,0",99,11,""
4,"1,1,209,1,0",99,11,""
0,272,100,10,""
1,"3,1,215",100,10,"3,4"
2,"209,1,1",100,10,""
3,"0,1,8,1,13,1,69,1,1",100,10,""
4,"2,2,181,1,0",100,10,""
0,274,101,9,""
1,273,101,9,""
2,"3,1,174,1,1",101,9,""
3,"9,1,13,1,69,1,0",101,9,""
4,"3,1,181,1,0",101,9,""
0,276,102,8,"1,2"
1,275,102,8,"1,3"
2,"0,1,203,1,1",102,8,""
3,"216,1,0",102,8,3
0,277,103,7,4
1,"0,1,261",103,7,""
2,"0,1,34,1,69,1,1",103,7,""
0,278,104,6,4
0,"217,1,0",74,37,""
0,279,75,36,""
0,280,78,33,0
0,"8,1,145,1,1",79,32,""
0,"16,1,111,1,1",80,31,0
0,"17,1,111,1,1",81,30,""
1,"1,1,210,1,0",81,30,""
0,"211,1,1",82,29,0
1,"210,1,1",82,29,0
0,"8,3,49,1,1",83,28,""
0,"8,3,50,1,1",84,27,""
0,"8,1,16,1,17,2,1",85,26,""
0,"8,2,88,1,1",86,25,""
0,"137,1,11",87,24,""
1,"8,6,1",87,24,""
0,"138,1,11",88,23,0
1,"8,4,22,1,1",88,23,""
0,"8,1,146,1,1",89,22,""
1,"8,4,23,1,1",89,22,""
2,"1,1,5,1,149,1,1",89,22,""
0,"8,1,147,1,1",90,21,0
1,"8,3,51,1,1",90,21,""
2,"0,1,206,1,1",90,21,""
0,"17,1,113,1,1",91,20,""
1,"8,2,13,3,1",91,20,""
2,"8,1,149,1,0",91,20,""
0,"8,1,118,1,4",92,19,0
1,"8,1,13,2,32,1,1",92,19,""
2,"0,1,207,1,1",92,19,""
0,"13,3,23,1,1",93,18,""
1,"8,2,89,1,1",93,18,""
0,"13,3,24,1,1",94,17,""
1,"8,1,9,1,80,1,1",94,17,""
2,"219,1,0",94,17,""
0,"23,1,89,1,1",95,16,""
1,"220,1,0",95,16,""
0,"0,1,266",96,15,""
1,"1,2,31,1,69,1,0",96,15,""
0,"0,1,267",97,14,""
1,"1,1,31,1,69,1,1",97,14,""
0,281,98,13,1
1,"75,1,30",98,13,""
2,"2,1,195,1,1",98,13,""
3,"1,1,212,1,0",98,13,""
0,"133,1,14",99,12,""
1,"212,1,1",99,12,""
2,"3,1,178,1,1",99,12,""
3,"3,1,188,1,0",99,12,""
4,"2,2,189,1,0",99,12,""
0,"95,1,24",100,11,""
1,"0,1,209,1,1",100,11,""
2,"3,1,189,1,0",100,11,""
0,"181,1,3",101,10,""
1,"0,1,3,1,174,1,1",101,10,""
2,"221,1,0",101,10,""
3,"1,1,213,1,0",101,10,""
0,"69,1,36",102,9,""
1,"76,1,33",102,9,""
2,"213,1,1",102,9,""
3,"3,1,190,1,0",102,9,""
4,"1,2,203,1,0",102,9,""
0,"2,1,198,1,1",103,8,""
1,"1,1,203,1,1",103,8,""
2,"1,1,33,1,69,1,1",103,8,""
3,"3,1,191,1,0",103,8,""
4,"1,1,214,1,0",103,8,""
5,"1,1,36,1,69,1,0",103,8,""
0,"214,1,1",104,7,""
1,"36,1,69,1,1",104,7,""
2,"1,1,34,1,69,1,1",104,7,""
3,"222,1,0",104,7,""
0,"1,1,35,1,69,1,1",105,6,""
0,"37,1,69,1,1",106,5,""
0,"38,1,69,1,1",107,4,0
0,"0,1,279",75,37,""
0,"1,1,205,1,1",76,36,""
0,"182,1,2",77,35,""
0,"183,1,2",78,34,""
0,"0,1,8,1,145,1,1",79,33,""
0,"8,1,152,1,0",80,32,""
0,"8,1,153,1,0",81,31,""
0,"17,1,117,1,0",82,30,""
0,"224,1,0",86,26,""
0,"225,1,0",87,25,""
0,"185,1,2",88,24,""
0,"0,1,8,1,146,1,1",89,23,""
0,"8,1,16,1,64,1,0",90,22,""
0,"8,1,17,1,64,1,0",91,21,""
0,"8,1,154,1,0",92,20,""
0,282,93,19,1
1,"42,1,64,1,0",93,19,""
0,283,94,18,0
0,284,95,17,1
1,"13,3,28",95,17,""
0,285,96,16,""
1,"41,1,69,1,0",96,16,""
2,"23,1,101,1,0",96,16,""
3,"1,1,215,1,0",96,16,""
0,"69,1,37",97,15,""
1,"187,1,2",97,15,""
2,"215,1,1",97,15,""
3,"226,1,0",97,15,""
0,"188,1,2",98,14,""
0,"39,1,69,1,1",99,13,1
1,"13,1,133,1,1",99,13,""
2,"0,1,212,1,1",99,13,""
0,286,100,12,0
1,"189,1,3",100,12,""
2,"40,1,69,1,1",100,12,1
3,"13,1,134,1,1",100,12,""
4,"1,2,209,1,0",100,12,""
0,"8,2,69,1,4",101,11,""
1,"2,1,202,1,1",101,11,""
2,"1,1,209,1,1",101,11,""
3,"2,1,209,1,0",101,11,""
0,287,102,10,"1,2,3,4"
1,"22,1,69,1,4",102,10,3
2,"2,2,181,1,1",102,10,""
0,288,103,9,""
1,"9,1,13,1,69,1,1",103,9,""
2,"3,1,181,1,1",103,9,""
0,289,104,8,"0,2,5"
1,"24,1,69,1,4",104,8,""
2,"216,1,1",104,8,3
3,"0,1,36,1,69,1,1",104,8,""
0,"3,1,227",105,7,""
1,"25,1,69,1,4",105,7,""
0,"0,1,37,1,69,1,1",106,6,""
0,"1,1,217,1,0",75,38,""
0,"217,1,1",76,37,""
0,"1,1,210,1,1",83,30,""
0,290,84,29,""
0,"71,1,36",85,28,""
0,"77,1,30",86,27,""
0,"78,1,30",87,26,""
0,"8,1,39,1,39",88,25,""
0,"8,2,16,1,36",89,24,""
0,"8,2,19,1,30",90,23,""
0,"8,2,20,1,30",91,22,""
0,291,92,21,"0,2"
1,"8,1,45,1,30",92,21,""
0,"8,1,46,1,30",93,20,""
1,"8,1,149,1,1",93,20,2
0,"64,1,39",94,19,""
1,"9,1,13,2,30",94,19,""
2,"167,1,6",94,19,"1,2"
0,"72,1,36",95,18,3
1,"218,1,1",95,18,1
0,"79,1,30",96,17,""
1,"219,1,1",96,17,2
0,"0,1,69,1,37",97,16,""
1,"80,1,30",97,16,""
2,"220,1,1",97,16,""
0,292,98,15,""
1,"1,2,31,1,69,1,1",98,15,""
2,"13,2,67,1,0",98,15,""
0,293,99,14,""
1,"0,1,39,1,69,1,1",99,14,""
2,"228,1,0",99,14,""
0,"1,1,212,1,1",100,13,""
1,"3,1,195,1,0",100,13,""
2,"2,1,212,1,0",100,13,""
0,"95,1,28",101,12,""
1,"3,1,188,1,1",101,12,""
2,"2,2,189,1,1",101,12,""
3,"8,1,17,1,69,1,0",101,12,""
4,"1,1,3,1,189,1,0",101,12,""
0,294,102,11,1
1,"36,1,84",102,11,1
2,"29,1,69,1,2",102,11,""
3,"3,1,189,1,1",102,11,""
4,"229,1,0",102,11,""
5,"43,1,67,1,0",102,11,""
0,295,103,10,2
1,"181,1,4",103,10,""
2,"221,1,1",103,10,2
3,"1,1,213,1,1",103,10,""
4,"42,1,69,1,0",103,10,""
5,"1,1,3,1,190,1,0",103,10,""
0,"3,1,190,1,1",104,9,""
1,"1,2,203,1,1",104,9,""
2,"0,1,216,1,1",104,9,""
3,"3,1,197,1,0",104,9,""
0,"3,1,191,1,1",105,8,""
1,"1,1,214,1,1",105,8,""
2,"1,1,36,1,69,1,1",105,8,""
3,"3,1,198,1,0",105,8,""
0,"222,1,1",106,7,""
1,"230,1,0",106,7,""
0,"231,1,0",107,6,""
0,"7,1,163,1,0",108,5,""
0,"182,1,4",80,34,""
0,"183,1,4",81,33,0
0,"8,1,152,1,1",82,32,""
0,"8,1,153,1,1",83,31,0
0,"17,1,117,1,1",84,30,""
0,"223,1,1",85,29,0
0,"8,3,55,1,1",86,28,""
0,"8,3,56,1,1",87,27,""
1,"1,1,224,1,0",87,27,""
0,"224,1,1",88,26,""
1,"8,2,17,1,40,1,1",88,26,""
0,"225,1,1",89,25,0
1,"8,2,100,1,1",89,25,""
0,"184,1,4",90,24,""
1,"8,5,9,1,1",90,24,""
0,"149,1,9",91,23,""
1,"185,1,4",91,23,0
2,"8,4,29,1,1",91,23,""
0,"149,1,10",92,22,""
1,"8,1,16,1,64,1,1",92,22,""
2,"8,3,9,1,23,1,1",92,22,""
0,"8,1,17,1,64,1,1",93,21,0
1,"8,2,9,1,51,1,1",93,21,""
2,"0,1,8,1,149,1,1",93,21,""
0,"8,1,154,1,1",94,20,""
1,"8,1,9,1,13,3,1",94,20,""
2,"8,1,160,1,0",94,20,""
3,"1,1,42,1,64,1,0",94,20,""
0,"8,1,127,1,4",95,19,0
1,"42,1,64,1,1",95,19,""
2,"9,1,13,2,32,1,1",95,19,""
0,"8,2,101,1,1",96,18,""
0,"8,1,13,1,80,1,1",97,17,""
1,"1,1,41,1,69,1,0",97,17,""
0,296,98,16,1
1,"41,1,69,1,1",98,16,""
2,"23,1,101,1,1",98,16,""
3,"1,1,215,1,1",98,16,""
0,297,99,15,""
1,"83,1,30",99,15,""
2,"226,1,1",99,15,""
0,"2,1,267",100,14,""
1,"13,1,67,1,14",100,14,""
2,"187,1,4",100,14,""
0,"188,1,4",101,13,1
1,"0,1,3,1,188,1,1",101,13,""
2,"234,1,0",101,13,""
0,"189,1,4",102,12,""
1,"1,2,209,1,1",102,12,""
2,"0,1,3,1,189,1,1",102,12,""
0,298,103,11,""
1,"2,1,209,1,1",103,11,""
0,"69,1,39",104,10,""
0,"191,1,4",105,9,""
1,"235,1,0",105,9,4
0,"2,1,277",106,8,""
1,"13,1,69,1,14",106,8,""
0,299,107,7,""
1,"3,1,69,1,29",107,7,""
0,300,108,6,2
1,"69,1,41",108,6,""
0,"1,1,217,1,1",77,38,""
0,"227,1,1",78,37,""
0,"236,1,0",79,36,""
0,"199,1,2",80,35,""
0,"200,1,2",81,34,""
0,"0,1,8,1,152,1,1",82,33,""
0,"8,2,110,1,0",83,32,""
0,"8,2,111,1,0",84,31,""
0,"0,1,224,1,1",88,27,""
0,"237,1,0",89,26,1
0,"238,1,0",90,25,""
0,"8,1,138,1,2",91,24,""
0,"0,1,8,1,16,1,64,1,1",92,23,""
0,"8,2,112,1,0",93,22,""
0,"8,2,113,1,0",94,21,""
0,301,95,20,0
1,"8,1,162,1,0",95,20,""
0,302,96,19,1
1,"13,3,32,1,0",96,19,""
0,303,97,18,0
1,"13,3,33,1,0",97,18,""
0,"187,1,5",99,16,""
0,304,100,15,""
1,"201,1,2",100,15,""
2,"13,2,67,1,1",100,15,""
0,"69,1,43",101,14,""
1,"201,1,3",101,14,""
2,"228,1,1",101,14,""
3,"9,1,13,1,75,1,1",101,14,""
0,305,102,13,1
1,"3,1,195,1,1",102,13,""
2,"2,1,212,1,1",102,13,""
0,"8,1,17,1,69,1,1",103,12,2
1,"1,1,3,1,189,1,1",103,12,""
0,306,104,11,"0,2,3"
1,"8,1,9,1,69,1,4",104,11,""
2,"229,1,1",104,11,""
3,"43,1,67,1,1",104,11,""
4,"1,1,42,1,69,1,0",104,11,""
0,307,105,10,1
1,"29,1,69,1,4",105,10,1
2,"43,1,68,1,1",105,10,1
3,"42,1,69,1,1",105,10,""
4,"1,1,3,1,190,1,1",105,10,""
0,308,106,9,"0,1"
1,"3,1,248",106,9,0
2,"3,1,197,1,1",106,9,""
3,"239,1,0",106,9,1
0,"43,1,80",107,8,1
1,"3,1,198,1,1",107,8,1
2,"3,1,203,1,0",107,8,""
0,"230,1,1",108,7,""
1,"240,1,0",108,7,""
0,"231,1,1",109,6,""
1,"241,1,0",109,6,""
2,"1,1,7,1,163,1,0",109,6,""
0,"7,1,163,1,1",110,5,""
1,"242,1,0",110,5,""
0,309,85,31,""
0,310,86,30,""
0,"71,1,39",87,29,""
0,"77,1,36",88,28,""
1,"1,2,224,1,0",88,28,""
0,"8,1,49,1,30",89,27,""
1,"1,1,224,1,1",89,27,""
0,"8,1,50,1,30",90,26,""
0,"8,2,16,1,39",91,25,""
0,"88,1,30",92,24,""
0,"8,4,30",93,23,""
0,"8,2,22,1,30",94,22,""
1,"149,1,11",94,22,1
0,311,95,21,"1,2"
1,"8,2,23,1,30",95,21,""
0,"8,1,51,1,30",96,20,""
1,"8,1,160,1,1",96,20,1
2,"1,1,42,1,64,1,1",96,20,""
0,"72,1,39",97,19,""
1,"13,3,30",97,19,""
2,"232,1,1",97,19,1
0,"79,1,36",98,18,""
1,"13,2,32,1,14",98,18,""
2,"233,1,1",98,18,1
0,"89,1,30",99,17,""
1,"1,1,41,1,69,1,1",99,17,""
0,"2,1,226,1,0",100,16,""
0,"32,1,107",101,15,""
1,"31,1,69,1,3",101,15,""
0,312,102,14,""
1,"105,1,28",102,14,""
2,"0,1,3,1,195,1,1",102,14,""
3,"13,2,75,1,0",102,14,""
0,"107,1,28",103,13,""
1,"234,1,1",103,13,""
2,"13,2,76,1,0",103,13,""
3,"8,1,19,1,69,1,0",103,13,""
0,"243,1,0",104,12,""
1,"8,1,20,1,69,1,0",104,12,""
0,"37,1,98",105,11,""
1,"3,1,209,1,0",105,11,""
0,313,106,10,""
1,"43,1,74,1,0",106,10,""
2,"3,2,174,1,0",106,10,""
0,"235,1,1",107,9,0
1,"43,1,76,1,0",107,9,""
0,"69,1,44",109,7,""
0,314,110,6,2
1,"0,1,7,1,163,1,1",110,6,""
0,315,111,5,""
0,"1,1,236,1,0",80,37,""
0,"236,1,1",81,36,""
0,"183,1,6",82,35,0
0,"199,1,4",83,34,""
0,"200,1,4",84,33,0
0,"8,2,110,1,1",85,32,""
0,"8,2,111,1,1",86,31,0
0,"16,1,17,1,50,1,1",87,30,""
0,"8,1,161,1,1",88,29,""
0,"8,4,31,1,1",89,28,""
0,"8,3,16,1,17,1,1",90,27,""
0,"237,1,1",91,26,0
1,"8,3,17,2,1",91,26,""
0,"238,1,1",92,25,0
1,"8,3,60,1,1",92,25,""
0,"8,1,137,1,4",93,24,""
1,"8,5,13,1,1",93,24,""
2,"244,1,0",93,24,""
0,"8,1,138,1,4",94,23,0
1,"206,1,2",94,23,""
2,"8,4,32,1,1",94,23,""
0,"8,2,112,1,1",95,22,""
1,"8,3,13,1,23,1,1",95,22,""
2,"245,1,0",95,22,""
0,"8,2,113,1,1",96,21,0
1,"8,2,13,1,51,1,1",96,21,""
2,"246,1,0",96,21,""
0,"8,1,162,1,1",97,20,""
1,"8,1,13,4,1",97,20,""
0,"23,1,113,1,1",98,19,1
1,"13,3,32,1,1",98,19,""
0,"13,3,33,1,1",99,18,""
1,"8,1,9,1,101,1,1",99,18,""
2,"248,1,0",99,18,""
0,317,100,17,""
1,316,100,17,""
2,"9,1,13,1,80,1,1",100,17,""
3,"13,1,150,1,0",100,17,""
4,"5,1,187,1,0",100,17,""
0,318,101,16,""
1,"187,1,6",101,16,""
2,"13,1,151,1,0",101,16,""
0,"188,1,6",102,15,1
1,"2,1,228,1,0",102,15,""
0,"95,1,30",103,14,""
1,"201,1,4",103,14,""
2,"249,1,0",103,14,""
0,319,104,13,"0,1,2"
1,"13,1,75,1,14",104,13,""
2,"209,1,2",104,13,""
0,"202,1,4",105,12,""
1,"250,1,0",105,12,""
0,"1,1,42,1,69,1,1",106,11,""
0,320,107,10,""
1,"0,1,235,1,1",107,10,""
2,"3,1,213,1,0",107,10,""
3,"1,1,239,1,0",107,10,""
0,322,108,9,""
1,321,108,9,"0,2"
2,"43,1,84",108,9,0
3,"239,1,1",108,9,2
4,"251,1,0",108,9,""
0,324,109,8,""
1,323,109,8,1
2,"3,1,203,1,1",109,8,""
0,"0,1,314",110,7,""
1,"240,1,1",110,7,""
0,"241,1,1",111,6,""
1,"1,1,7,1,163,1,1",111,6,""
2,"2,1,7,1,163,1,0",111,6,""
0,"242,1,1",112,5,""
1,"3,1,38,1,69,1,0",112,5,""
0,325,79,39,""
0,326,80,38,""
0,"0,1,236,1,1",81,37,""
0,"252,1,0",82,36,0
0,"253,1,0",83,35,""
0,"16,1,111,1,2",84,34,""
0,"0,1,8,2,110,1,1",85,33,""
0,"8,2,116,1,0",86,32,""
0,"1,2,224,1,1",90,28,""
0,"0,1,237,1,1",91,27,""
0,"16,1,137,1,0",92,26,""
0,"16,1,138,1,0",93,25,""
0,"17,1,138,1,0",94,24,""
0,"0,1,8,2,112,1,1",95,23,""
0,"8,3,64,1,0",96,22,""
0,327,97,21,1
1,"8,2,118,1,0",97,21,""
0,328,98,20,"0,2"
0,"8,1,203",99,19,1
0,329,100,18,1
1,"13,1,51,1,28",100,18,""
0,"23,1,135",101,17,""
1,"0,1,187,1,6",101,17,""
2,"13,2,80,1,0",101,17,""
0,"114,1,28",102,16,""
1,"2,1,226,1,1",102,16,""
2,"254,1,0",102,16,2
0,"151,1,14",103,15,""
1,"31,1,69,1,4",103,15,""
2,"255,1,0",103,15,""
0,"3,1,267",104,14,""
1,"17,1,69,1,11",104,14,2
2,"212,1,3",104,14,""
3,"13,2,75,1,1",104,14,""
0,"2,1,189,1,4",105,13,""
1,"13,2,76,1,1",105,13,""
2,"8,1,19,1,69,1,1",105,13,""
0,"68,1,46",106,12,1
1,"243,1,1",106,12,""
2,"8,1,20,1,69,1,1",106,12,1
0,"43,1,90",107,11,""
1,"174,1,7",107,11,1
2,"3,1,209,1,1",107,11,""
0,"3,1,273",108,10,""
1,"43,1,74,1,1",108,10,""
2,"3,2,174,1,1",108,10,""
3,"0,1,239,1,1",108,10,"1,2"
0,"43,1,76,1,1",109,9,0
1,"3,1,216,1,0",109,9,0
0,"48,1,69,1,0",110,8,""
0,"69,1,46",111,7,""
0,"69,1,47",112,6,""
0,330,113,5,""
1,"69,1,48",113,5,1
0,"1,2,236,1,0",81,38,""
0,"1,1,236,1,1",82,37,""
0,331,87,32,""
0,332,88,31,""
0,333,89,30,""
0,"77,1,39",90,29,""
0,"8,1,49,1,36",91,28,""
0,"8,1,55,1,30",92,27,""
0,"8,1,56,1,30",93,26,""
0,"17,1,40,1,30",94,25,""
1,"1,1,244,1,0",94,25,""
0,"100,1,30",95,24,""
1,"244,1,1",95,24,1
0,334,96,23,"1,2"
1,"8,3,9,1,30",96,23,""
0,"8,2,29,1,30",97,22,""
1,"245,1,1",97,22,1
2,"1,1,246,1,0",97,22,""
0,"64,1,49",98,21,""
1,"8,1,9,1,23,1,30",98,21,""
2,"247,1,1",98,21,"1,2"
3,"246,1,1",98,21,2
0,"64,1,50",99,20,""
1,"9,1,51,1,30",99,20,""
2,"8,1,166,1,1",99,20,0
0,"79,1,39",100,19,""
1,"8,1,167,1,1",100,19,0
0,"89,1,36",101,18,""
1,"248,1,1",101,18,0
2,"1,1,5,1,187,1,0",101,18,""
0,"101,1,30",102,17,""
1,"13,1,150,1,1",102,17,""
2,"5,1,187,1,1",102,17,""
3,"49,1,69,1,0",102,17,""
0,335,103,16,0
1,"13,1,151,1,1",103,16,""
2,"50,1,69,1,0",103,16,""
3,"13,2,83,1,0",103,16,""
0,"2,1,228,1,1",104,15,""
1,"1,1,249,1,0",104,15,""
0,"249,1,1",105,14,""
1,"0,1,8,1,19,1,69,1,1",105,14,""
0,336,106,13,""
1,"3,2,188,1,0",106,13,""
2,"1,1,250,1,0",106,13,""
0,"250,1,1",107,12,""
1,"7,1,188,1,0",107,12,""
2,"3,2,189,1,0",107,12,""
0,"1,1,3,1,213,1,0",108,11,""
0,"3,1,213,1,1",109,10,""
1,"1,1,239,1,1",109,10,""
2,"1,1,251,1,0",109,10,""
0,338,110,9,""
1,337,110,9,"0,1"
2,"251,1,1",110,9,""
3,"7,1,190,1,0",110,9,""
4,"3,2,191,1,0",110,9,""
0,339,111,8,""
1,"0,1,69,1,46",111,8,""
2,"3,1,222,1,0",111,8,""
0,340,112,7,2
1,"0,1,69,1,47",112,7,""
0,"2,1,7,1,163,1,1",113,6,""
0,"3,1,38,1,69,1,1",114,5,""
0,"256,1,0",81,39,""
0,341,82,38,""
0,"252,1,1",84,36,0
0,"253,1,1",85,35,0
0,"8,1,145,1,4",86,34,""
0,"16,1,111,1,4",87,33,0
0,"8,2,116,1,1",88,32,""
0,"8,2,117,1,1",89,31,""
0,"8,1,17,1,78,1,1",90,30,""
0,"8,1,171,1,1",91,29,""
0,"8,4,39,1,1",92,28,""
0,342,93,27,0
1,"8,4,40,1,1",93,27,""
0,"16,1,137,1,1",94,26,""
1,"8,3,17,1,20,1,1",94,26,""
0,"16,1,138,1,1",95,25,0
1,"8,3,63,1,1",95,25,""
2,"0,1,244,1,1",95,25,""
0,"17,1,138,1,1",96,24,1
1,"8,4,9,1,13,1,1",96,24,""
2,"257,1,0",96,24,1
0,"8,1,147,1,4",97,23,1
1,"8,3,9,1,32,1,1",97,23,""
2,"0,1,245,1,1",97,23,""
0,"8,2,9,1,13,1,23,1,1",98,22,""
1,"8,3,64,1,1",98,22,""
2,"258,1,0",98,22,""
0,"8,1,9,1,13,1,51,1,1",99,21,""
1,"8,2,118,1,1",99,21,0
0,"9,1,13,4,1",100,20,""
1,"8,1,17,1,80,1,1",100,20,""
0,"8,1,173,1,1",101,19,""
0,"8,1,13,1,101,1,1",102,18,""
1,"260,1,0",102,18,""
0,"0,1,335",103,17,""
1,"13,1,188",103,17,1
2,"13,2,80,1,1",103,17,""
0,343,104,16,1
1,"105,1,30",104,16,""
2,"254,1,1",104,16,1
0,"2,1,312",105,15,""
1,"13,1,83,1,14",105,15,""
2,"255,1,1",105,15,1
0,"209,1,5",106,14,""
1,"212,1,4",106,14,""
0,"0,1,250,1,1",107,13,""
0,"69,1,49",108,12,""
1,"107,1,33",108,12,""
2,"261,1,0",108,12,""
0,"43,1,98",109,11,""
1,"69,1,50",109,11,""
2,"174,1,8",109,11,1
3,"262,1,0",109,11,""
0,"0,1,251,1,1",110,10,""
1,"263,1,0",110,10,""
0,"69,1,52",111,9,""
1,"3,1,216,1,1",111,9,2
2,"1,1,48,1,69,1,0",111,9,""
0,"3,2,227",112,8,""
1,"48,1,69,1,1",112,8,""
2,"53,1,69,1,0",112,8,""
0,"264,1,0",113,7,""
0,"69,1,53",115,5,0
0,344,81,40,""
0,"0,1,341",82,39,""
0,"1,2,236,1,1",83,38,""
0,"0,1,252,1,1",84,37,""
0,"8,1,182,1,0",85,36,""
0,"8,1,183,1,0",86,35,""
0,"8,1,153,1,2",87,34,""
0,"265,1,0",88,33,""
0,"224,1,2",92,29,""
0,"225,1,2",93,28,""
0,"0,1,16,1,137,1,1",94,27,""
0,"8,1,184,1,0",95,26,""
1,"1,2,244,1,0",95,26,""
0,"1,1,244,1,1",96,25,""
1,"8,1,185,1,0",96,25,""
0,"17,1,147,1,0",97,24,""
0,"0,1,8,3,64,1,1",98,23,""
0,"1,1,246,1,1",99,22,""
1,"8,3,72,1,0",99,22,""
0,345,100,21,1
0,"8,1,216",101,20,1
1,"13,5,0",101,20,""
0,"9,1,203",102,19,1
1,"13,2,23,1,24,1,0",102,19,""
0,"2,1,316",103,18,""
1,"1,1,5,1,187,1,1",103,18,""
0,"49,1,69,1,1",104,17,""
1,"0,1,254,1,1",104,17,""
0,"50,1,69,1,1",105,16,""
1,"13,2,83,1,1",105,16,""
2,"8,1,187,1,0",105,16,""
0,"9,1,13,1,95,1,1",106,15,""
1,"1,1,249,1,1",106,15,""
2,"266,1,0",106,15,""
3,"8,1,188,1,0",106,15,""
0,"188,1,7",107,14,""
1,"40,1,69,1,4",107,14,""
2,"267,1,0",107,14,""
0,346,108,13,2
1,"3,2,188,1,1",108,13,""
2,"1,1,250,1,1",108,13,""
3,"268,1,0",108,13,""
0,347,109,12,""
1,"7,1,188,1,1",109,12,""
2,"3,2,189,1,1",109,12,""
0,"75,1,47",110,11,""
1,"190,1,7",110,11,""
2,"1,1,3,1,213,1,1",110,11,""
3,"1,2,239,1,1",110,11,""
0,"76,1,47",111,10,""
1,"1,1,251,1,1",111,10,""
2,"0,1,3,1,216,1,1",111,10,""
3,"269,1,0",111,10,""
4,"3,2,197,1,0",111,10,""
5,"2,1,251,1,0",111,10,""
0,"7,1,190,1,1",112,9,""
1,"3,2,191,1,1",112,9,""
2,"271,1,0",112,9,""
3,"270,1,0",112,9,""
4,"3,2,198,1,0",112,9,""
0,"3,1,222,1,1",113,8,""
1,"272,1,0",113,8,""
2,"3,1,230,1,0",113,8,""
0,"69,1,55",114,7,""
1,"54,1,69,1,0",114,7,""
2,"3,1,231,1,0",114,7,""
0,"273,1,0",115,6,""
0,"1,1,256,1,0",82,40,""
0,"256,1,1",83,39,""
0,348,89,33,""
0,349,90,32,1
0,"110,1,30",91,31,""
0,"111,1,30",92,30,""
0,"8,1,49,1,39",93,29,""
0,"8,1,55,1,36",94,28,""
0,"8,2,31,1,30",95,27,""
0,"8,1,16,1,17,1,30",96,26,""
0,"8,1,17,2,30",97,25,""
0,"8,1,60,1,30",98,24,""
1,"257,1,1",98,24,"1,2"
0,350,99,23,"1,2"
1,"8,3,13,1,30",99,23,""
0,"64,1,60",100,22,""
1,"8,2,32,1,30",100,22,""
2,"258,1,1",100,22,1
0,"112,1,30",101,21,""
1,"8,1,13,1,23,1,30",101,21,""
2,"259,1,1",101,21,"1,2"
0,"113,1,30",102,20,""
1,"13,1,51,1,30",102,20,""
2,"8,1,180,1,1",102,20,0
0,"89,1,39",103,19,""
1,"13,4,14",103,19,""
2,"9,1,167,1,1",103,19,0
3,"1,1,260,1,0",103,19,""
0,"101,1,36",104,18,""
1,"260,1,1",104,18,1
0,"55,1,69,1,0",105,17,""
0,"13,2,107",106,16,""
0,"67,1,58",107,15,""
1,"13,2,95,1,0",107,15,""
2,"5,1,209,1,0",107,15,""
0,"209,1,6",108,14,""
1,"13,1,164,1,0",108,14,""
0,351,109,13,""
1,"1,1,261,1,0",109,13,""
0,352,110,12,""
1,"261,1,1",110,12,""
2,"275,1,0",110,12,""
0,354,111,11,""
1,353,111,11,""
2,"262,1,1",111,11,""
0,356,112,10,1
1,355,112,10,1
2,"263,1,1",112,10,""
0,358,113,9,""
1,357,113,9,"2,3"
2,"69,1,58",113,9,""
3,"1,1,48,1,69,1,1",113,9,""
0,360,114,8,""
1,359,114,8,""
2,"3,1,299",114,8,""
3,"69,1,59",114,8,""
4,"53,1,69,1,1",114,8,""
0,"3,1,300",115,7,""
1,"2,1,69,1,47",115,7,""
2,"264,1,1",115,7,""
0,"2,1,330",116,6,""
1,"57,1,69,1,0",116,6,""
0,"276,1,0",82,41,""
0,361,83,40,""
0,362,86,37,0
0,"8,1,182,1,1",87,36,""
0,"8,1,183,1,1",88,35,0
0,"8,1,152,1,4",89,34,""
1,"1,1,265,1,0",89,34,""
0,"8,1,153,1,4",90,33,0
1,"265,1,1",90,33,""
0,"8,3,71,1,1",91,32,""
0,"8,2,16,1,50,1,1",92,31,""
0,"8,2,17,1,50,1,1",93,30,""
0,"8,2,125,1,1",94,29,""
0,"224,1,4",95,28,""
1,"8,5,16,1,1",95,28,""
0,"225,1,4",96,27,0
1,"8,5,17,1,1",96,27,""
0,"8,1,184,1,1",97,26,""
1,"8,3,16,1,23,1,1",97,26,""
2,"1,2,244,1,1",97,26,""
0,"8,1,185,1,1",98,25,0
1,"8,4,42,1,1",98,25,""
2,"0,1,257,1,1",98,25,""
0,"17,1,147,1,1",99,24,""
1,"8,4,13,2,1",99,24,""
2,"16,1,149,1,0",99,24,""
0,"8,1,17,1,64,1,4",100,23,0
1,"8,3,13,1,32,1,1",100,23,""
2,"17,1,149,1,0",100,23,""
0,"8,2,13,2,23,1,1",101,22,""
1,"8,3,72,1,1",101,22,""
0,"8,1,13,2,51,1,1",102,21,""
1,"8,2,127,1,1",102,21,""
0,"13,5,1",103,20,""
1,"8,1,20,1,80,1,1",103,20,""
0,"13,2,23,1,24,1,1",104,19,""
1,"8,1,186,1,1",104,19,""
2,"0,1,260,1,1",104,19,""
3,"13,1,167,1,0",104,19,""
0,363,105,18,""
1,"9,1,13,1,101,1,1",105,18,""
2,"278,1,0",105,18,1
3,"13,1,168,1,0",105,18,""
0,364,106,17,2
1,"226,1,4",106,17,""
0,"8,1,187,1,1",107,16,""
0,"95,1,40",108,15,""
1,"0,1,209,1,6",108,15,""
2,"266,1,1",108,15,""
3,"8,1,188,1,1",108,15,2
0,"13,1,95,1,14",109,14,""
1,"188,1,8",109,14,3
2,"267,1,1",109,14,1
3,"279,1,0",109,14,3
0,"268,1,1",110,13,""
1,"280,1,0",110,13,""
0,365,111,12,4
1,"235,1,2",111,12,""
0,366,112,11,""
1,"190,1,8",112,11,""
2,"235,1,3",112,11,""
3,"1,1,269,1,0",112,11,""
0,"191,1,8",113,10,""
1,"269,1,1",113,10,1
2,"3,2,197,1,1",113,10,""
3,"2,1,251,1,1",113,10,""
4,"281,1,0",113,10,""
5,"1,1,270,1,0",113,10,""
0,"271,1,1",114,9,""
1,"270,1,1",114,9,""
2,"3,2,198,1,1",114,9,""
3,"282,1,0",114,9,""
0,"272,1,1",115,8,""
1,"3,1,230,1,1",115,8,""
0,"54,1,69,1,1",116,7,""
1,"3,1,231,1,1",116,7,""
0,"69,1,64",117,6,""
1,"273,1,1",117,6,""
0,"0,1,361",83,41,""
0,"1,1,256,1,1",84,40,""
0,"236,1,2",85,39,""
0,"236,1,3",86,38,""
0,"0,1,8,1,182,1,1",87,37,""
0,"8,1,199,1,0",88,36,""
0,"8,1,200,1,0",89,35,""
0,"17,1,153,1,0",90,34,""
0,"224,1,5",94,30,""
0,"237,1,2",95,29,""
0,"238,1,2",96,28,""
0,"0,1,8,1,184,1,1",97,27,""
0,"8,2,137,1,0",98,26,""
0,"8,2,138,1,0",99,25,""
0,"16,1,154,1,0",100,24,""
0,367,101,23,1
1,"59,1,64,1,0",101,23,""
0,368,102,22,0
0,"8,1,236",103,21,1
0,"9,1,216",104,20,1
1,"1,2,260,1,0",104,20,""
0,"13,1,203",105,19,0
1,"13,2,23,1,28",105,19,""
2,"274,1,1",105,19,""
3,"1,1,260,1,1",105,19,""
0,369,106,18,""
1,"167,1,14",106,18,""
2,"188,1,9",106,18,""
3,"13,2,101,1,0",106,18,""
0,"168,1,14",107,17,""
1,"55,1,69,1,1",107,17,""
2,"0,1,8,1,187,1,1",107,17,""
0,"56,1,69,1,1",108,16,""
1,"0,1,266,1,1",108,16,""
2,"8,1,201,1,0",108,16,""
3,"1,1,5,1,209,1,0",108,16,""
0,"13,2,95,1,1",109,15,""
1,"5,1,209,1,1",109,15,""
2,"284,1,0",109,15,""
3,"9,1,188,1,0",109,15,""
0,370,110,14,""
1,"8,1,17,1,69,1,4",110,14,""
2,"13,1,164,1,1",110,14,""
3,"286,1,0",110,14,""
4,"285,1,0",110,14,""
0,372,111,13,0
1,371,111,13,0
2,"1,1,261,1,1",111,13,""
3,"287,1,0",111,13,""
4,"1,1,275,1,0",111,13,""
0,"275,1,1",112,12,""
1,"8,1,29,1,69,1,1",112,12,""
2,"2,1,262,1,0",112,12,""
0,"7,1,209,1,0",113,11,""
0,"0,1,270,1,1",114,10,""
1,"288,1,0",114,10,""
0,375,115,9,""
1,374,115,9,4
2,373,115,9,1
3,"289,1,0",115,9,""
4,"2,1,53,1,69,1,0",115,9,""
0,378,116,8,1
1,377,116,8,""
2,376,116,8,""
3,"2,1,264,1,0",116,8,""
0,"3,1,314",117,7,""
1,"69,1,66",117,7,""
0,379,118,6,""
1,"57,1,69,1,1",118,6,""
0,"1,1,276,1,0",83,42,""
0,"276,1,1",84,41,""
0,"1,1,265,1,1",91,34,""
0,380,92,33,""
0,"110,1,36",93,32,""
0,"116,1,30",94,31,""
0,"117,1,30",95,30,""
0,"8,1,55,1,39",96,29,""
0,"8,2,31,1,36",97,28,""
0,"8,2,39,1,30",98,27,""
0,"8,2,40,1,30",99,26,""
0,381,100,25,"1,2"
1,"8,1,17,1,20,1,30",100,25,""
0,"8,1,63,1,30",101,24,""
1,"16,1,149,1,1",101,24,2
0,"64,1,72",102,23,""
1,"8,2,9,1,13,1,30",102,23,""
2,"17,1,149,1,1",102,23,"1,2"
0,"112,1,36",103,22,3
1,"8,1,9,1,32,1,30",103,22,""
2,"277,1,1",103,22,1
0,"9,1,13,1,23,1,30",104,21,""
1,"8,1,64,1,30",104,21,""
2,"8,1,193,1,1",104,21,2
0,"118,1,30",105,20,""
1,"8,1,194,1,1",105,20,0
0,"101,1,39",106,19,""
1,"13,1,167,1,1",106,19,0
2,"1,1,278,1,0",106,19,""
0,"101,1,40",107,18,""
1,"278,1,1",107,18,"0,1"
2,"13,1,168,1,1",107,18,""
0,"13,2,105,1,0",108,17,""
0,"1,1,279,1,0",110,15,""
0,"133,1,28",111,14,""
1,"279,1,1",111,14,3
2,"2,1,268,1,0",111,14,""
3,"1,1,280,1,0",111,14,""
0,382,112,13,0
1,"280,1,1",112,13,""
0,383,113,12,3
1,"2,1,75,1,47",113,12,""
0,"181,1,12",114,11,""
1,"197,1,8",114,11,""
2,"235,1,4",114,11,""
3,"1,1,269,1,1",114,11,""
4,"1,1,281,1,0",114,11,""
5,"1,2,270,1,0",114,11,""
0,384,115,10,""
1,"69,1,69",115,10,""
2,"281,1,1",115,10,""
3,"1,1,270,1,1",115,10,""
4,"2,1,270,1,0",115,10,""
5,"1,1,282,1,0",115,10,""
0,"43,1,117",116,9,""
1,"69,1,70",116,9,""
2,"282,1,1",116,9,""
3,"2,1,272,1,0",116,9,""
0,385,117,8,2
1,"2,1,54,1,69,1,0",117,8,""
0,"2,1,273,1,0",118,7,""
0,"69,1,71",119,6,0
0,"236,1,4",88,38,""
0,"183,1,11",89,37,0
0,"8,1,199,1,1",90,36,""
0,"8,1,200,1,1",91,35,0
0,"17,1,153,1,1",92,34,""
0,"283,1,1",93,33,0
0,"8,3,77,1,1",94,32,""
0,"8,3,78,1,1",95,31,""
1,"5,1,224,1,0",95,31,""
0,"224,1,6",96,30,""
1,"8,2,17,1,56,1,1",96,30,""
0,"225,1,6",97,29,0
1,"8,2,136,1,1",97,29,""
0,"237,1,4",98,28,""
1,"8,5,19,1,1",98,28,""
0,"238,1,4",99,27,0
1,"244,1,2",99,27,""
2,"8,5,20,1,1",99,27,""
0,"244,1,3",100,26,""
1,"8,2,137,1,1",100,26,""
2,"8,4,45,1,1",100,26,""
0,"8,2,138,1,1",101,25,0
1,"8,4,46,1,1",101,25,""
2,"0,1,16,1,149,1,1",101,25,""
0,"16,1,154,1,1",102,24,""
1,"8,3,9,1,13,2,1",102,24,""
2,"8,1,206,1,0",102,24,""
3,"1,1,59,1,64,1,0",102,24,""
0,"59,1,64,1,1",103,23,0
1,"17,1,154,1,1",103,23,0
2,"8,2,9,1,13,1,32,1,1",103,23,""
0,"8,1,9,1,13,2,23,1,1",104,22,""
1,"8,3,79,1,1",104,22,""
0,"9,1,13,2,51,1,1",105,21,""
1,"8,3,80,1,1",105,21,""
0,"8,1,22,1,80,1,1",106,20,""
1,"1,2,260,1,1",106,20,""
0,"8,1,23,1,80,1,1",107,19,""
1,"0,1,278,1,1",107,19,""
0,386,108,18,2
1,"187,1,11",108,18,""
2,"13,2,101,1,1",108,18,""
3,"291,1,0",108,18,""
0,387,109,17,""
1,"105,1,40",109,17,""
2,"188,1,11",109,17,1
3,"292,1,0",109,17,""
0,388,110,16,""
1,"13,1,105,1,14",110,16,""
2,"8,1,201,1,1",110,16,""
3,"1,1,5,1,209,1,1",110,16,""
0,389,111,15,""
1,"284,1,1",111,15,""
2,"9,1,188,1,1",111,15,2
3,"293,1,0",111,15,""
0,"188,1,12",112,14,""
1,"286,1,1",112,14,"0,1"
2,"285,1,1",112,14,1
3,"8,1,209,1,0",112,14,""
4,"1,1,287,1,0",112,14,""
0,"235,1,5",113,13,""
1,"287,1,1",113,13,"2,3"
2,"1,1,275,1,1",113,13,""
3,"294,1,0",113,13,""
4,"2,1,275,1,0",113,13,""
0,"2,1,262,1,1",114,12,""
1,"13,1,181,1,0",114,12,""
0,"7,1,209,1,1",115,11,""
1,"0,1,281,1,1",115,11,""
0,"23,1,69,1,14",116,10,""
1,"288,1,1",116,10,""
2,"1,1,289,1,0",116,10,""
0,"13,1,69,1,24",117,9,""
1,"289,1,1",117,9,""
2,"2,1,53,1,69,1,1",117,9,""
0,"25,1,69,1,14",118,8,""
1,"2,1,264,1,1",118,8,""
0,"3,1,69,1,47",119,7,""
0,"1,1,276,1,1",85,42,""
0,"290,1,1",86,41,""
0,"295,1,0",87,40,""
0,"296,1,0",88,39,""
0,"253,1,2",89,38,""
0,"0,1,8,1,199,1,1",90,37,""
0,"8,2,145,1,0",91,36,""
0,"8,1,16,1,111,1,0",92,35,""
0,"0,1,224,1,6",96,31,""
0,"297,1,0",97,30,1
0,"298,1,0",98,29,""
0,"16,1,138,1,2",99,28,""
0,"0,1,8,2,137,1,1",100,27,""
0,"8,2,146,1,0",101,26,""
0,"8,2,147,1,0",102,25,""
0,390,103,24,0
1,"8,1,17,1,113,1,0",103,24,""
0,391,104,23,1
0,392,105,22,0
0,"9,1,236",106,21,1
1,"13,3,51,1,0",106,21,""
0,"13,1,216",107,20,1
1,"64,2,0",107,20,""
2,"13,3,52,1,0",107,20,""
0,"1,1,278,1,1",108,19,""
1,"299,1,0",108,19,""
0,"69,1,76",109,18,""
1,"255,1,2",109,18,""
0,"0,1,388",110,17,""
1,"13,2,105,1,1",110,17,""
2,"0,1,8,1,201,1,1",110,17,""
3,"300,1,0",110,17,2
0,"9,1,23,1,75,1,1",111,16,""
1,"0,1,284,1,1",111,16,""
2,"303,1,0",111,16,""
3,"302,1,0",111,16,""
4,"8,1,212,1,0",111,16,""
0,393,112,15,""
1,"1,1,279,1,1",112,15,""
2,"305,1,0",112,15,""
3,"304,1,0",112,15,""
4,"13,1,188,1,0",112,15,""
0,"59,1,69,1,1",113,14,""
1,"2,1,268,1,1",113,14,""
2,"1,1,280,1,1",113,14,""
3,"13,1,189,1,0",113,14,""
0,394,114,13,""
1,"2,1,365",114,13,""
2,"308,1,0",114,13,6
3,"307,1,0",114,13,""
0,"75,1,66",115,12,""
1,"95,1,47",115,12,""
2,"309,1,0",115,12,""
3,"13,1,190,1,0",115,12,""
0,"181,1,14",116,11,""
1,"1,1,281,1,1",116,11,""
2,"1,2,270,1,1",116,11,""
0,"2,1,270,1,1",117,10,""
1,"1,1,282,1,1",117,10,""
0,"69,1,77",118,9,""
1,"2,1,272,1,1",118,9,""
0,395,119,8,"2,3"
1,"2,1,54,1,69,1,1",119,8,""
0,"2,1,273,1,1",120,7,""
0,396,93,35,""
0,397,94,34,""
0,"110,1,39",95,33,""
0,"116,1,36",96,32,""
1,"1,1,5,1,224,1,0",96,32,""
0,"8,1,71,1,30",97,31,""
1,"5,1,224,1,1",97,31,""
0,"16,1,50,1,30",98,30,""
0,"17,1,50,1,30",99,29,""
0,"125,1,30",100,28,""
0,"8,3,16,1,30",101,27,""
0,"8,3,17,1,30",102,26,""
1,"244,1,4",102,26,2
0,398,103,25,"1,2"
1,"8,1,16,1,23,1,30",103,25,""
0,"8,2,42,1,30",104,24,""
1,"8,1,206,1,1",104,24,2
2,"1,1,59,1,64,1,1",104,24,""
0,"112,1,39",105,23,""
1,"8,2,13,2,30",105,23,""
2,"17,1,160,1,1",105,23,1
0,"8,1,64,1,36",106,22,""
1,"8,1,13,1,32,1,30",106,22,""
2,"8,1,207,1,1",106,22,1
0,"13,2,23,1,30",107,21,""
1,"8,1,72,1,30",107,21,""
2,"8,1,208,1,1",107,21,1
0,"127,1,30",108,20,""
1,"13,2,51,1,14",108,20,""
2,"9,1,194,1,1",108,20,0
0,399,109,19,"0,2,3"
1,"101,1,45",109,19,""
2,"1,1,291,1,0",109,19,""
0,"291,1,1",110,18,3
0,"51,1,107",111,17,""
1,"292,1,1",111,17,"1,2"
0,401,112,16,""
1,400,112,16,""
2,"13,1,67,1,28",112,16,""
3,"13,1,23,1,75,1,0",112,16,""
4,"1,1,293,1,0",112,16,""
0,404,113,15,3
1,403,113,15,""
2,402,113,15,5
3,"293,1,1",113,15,""
4,"13,1,23,1,76,1,0",113,15,""
5,"2,1,286,1,0",113,15,""
6,"1,1,8,1,209,1,0",113,15,""
0,"18,1,188",114,14,""
1,"188,1,14",114,14,""
2,"8,1,209,1,1",114,14,""
3,"1,1,287,1,1",114,14,""
4,"2,1,287,1,0",114,14,""
0,"189,1,14",115,13,""
1,"235,1,6",115,13,4
2,"294,1,1",115,13,""
3,"2,1,275,1,1",115,13,""
0,407,116,12,4
1,406,116,12,""
2,405,116,12,4
3,"13,1,181,1,1",116,12,""
0,408,117,11,""
1,"190,1,14",117,11,""
2,"251,1,4",117,11,""
3,"64,1,69,1,0",117,11,""
0,"13,1,69,1,28",118,10,""
1,"191,1,14",118,10,""
2,"1,1,289,1,1",118,10,""
3,"312,1,0",118,10,""
4,"311,1,0",118,10,""
0,"69,1,78",119,9,""
1,"314,1,0",119,9,""
2,"313,1,0",119,9,""
0,"2,1,69,1,66",120,8,""
0,"2,1,379",121,7,""
0,"1,1,295,1,0",88,41,""
0,"295,1,1",89,40,""
0,"296,1,1",90,39,0
0,"252,1,4",91,38,""
0,"253,1,4",92,37,0
0,"8,2,145,1,1",93,36,""
0,"8,1,16,1,111,1,1",94,35,0
0,"8,1,17,1,111,1,1",95,34,""
0,"8,1,211,1,1",96,33,""
0,"8,4,49,1,1",97,32,""
0,"8,4,50,1,1",98,31,""
0,"297,1,1",99,30,0
1,"8,2,16,1,17,2,1",99,30,""
0,"298,1,1",100,29,0
1,"8,3,88,1,1",100,29,""
0,"244,1,5",101,28,""
1,"16,1,137,1,4",101,28,""
2,"8,7,1",101,28,""
0,"16,1,138,1,4",102,27,0
1,"257,1,2",102,27,""
2,"8,5,22,1,1",102,27,""
0,"257,1,3",103,26,""
1,"8,2,146,1,1",103,26,""
2,"8,5,23,1,1",103,26,""
0,"8,2,147,1,1",104,25,0
1,"8,4,51,1,1",104,25,""
2,"315,1,0",104,25,""
0,"8,1,17,1,113,1,1",105,24,""
1,"8,3,13,3,1",105,24,""
0,"17,1,162,1,1",106,23,1
1,"8,2,13,2,32,1,1",106,23,""
0,"8,1,13,3,23,1,1",107,22,""
1,"8,3,89,1,1",107,22,""
0,"260,1,2",108,21,""
1,"13,3,51,1,1",108,21,""
2,"8,2,9,1,80,1,1",108,21,""
3,"1,1,64,2,0",108,21,""
0,"260,1,3",109,20,""
1,"64,2,1",109,20,""
2,"13,3,52,1,1",109,20,""
3,"8,1,23,1,89,1,1",109,20,""
4,"13,1,194,1,0",109,20,""
0,"299,1,1",110,19,1
1,"9,1,23,1,80,1,1",110,19,""
2,"0,1,291,1,1",110,19,""
3,"23,1,150,1,0",110,19,""
0,"254,1,4",111,18,""
1,"317,1,0",111,18,""
2,"316,1,0",111,18,""
3,"1,1,300,1,0",111,18,""
0,410,112,17,""
1,409,112,17,2
2,"255,1,4",112,17,2
3,"301,1,1",112,17,""
4,"300,1,1",112,17,1
5,"1,1,302,1,0",112,17,""
0,411,113,16,2
1,"133,1,30",113,16,""
2,"303,1,1",113,16,""
3,"302,1,1",113,16,""
4,"8,1,212,1,1",113,16,""
5,"318,1,0",113,16,""
6,"3,1,266,1,0",113,16,""
0,"23,1,75,1,14",114,15,""
1,"305,1,1",114,15,""
2,"304,1,1",114,15,""
3,"13,1,188,1,1",114,15,1
4,"0,1,8,1,209,1,1",114,15,""
5,"1,1,13,1,189,1,0",114,15,""
0,"2,1,382",115,14,""
1,"306,1,1",115,14,3
2,"13,1,189,1,1",115,14,""
3,"67,2,0",115,14,""
4,"9,1,209,1,0",115,14,""
5,"1,1,308,1,0",115,14,""
0,412,116,13,""
1,"308,1,1",116,13,3
2,"307,1,1",116,13,""
3,"319,1,0",116,13,""
0,"309,1,1",117,12,""
1,"13,1,190,1,1",117,12,""
2,"68,2,0",117,12,""
0,"310,1,1",118,11,""
1,"320,1,0",118,11,""
0,413,119,10,""
1,"321,1,0",119,10,""
2,"3,1,270,1,0",119,10,""
0,414,120,9,""
1,"322,1,0",120,9,""
0,"67,1,69,1,0",121,8,""
0,"323,1,0",122,7,""
1,"68,1,69,1,0",122,7,""
0,"69,2,0",127,2,""
0,"324,1,0",128,1,""
0,415,87,43,""
0,416,88,42,""
0,"0,1,295,1,1",89,41,""
0,"325,1,0",90,40,0
0,"326,1,0",91,39,""
0,"8,1,183,1,2",92,38,""
0,"0,1,8,2,145,1,1",93,37,""
0,"8,2,152,1,0",94,36,""
0,"1,1,5,1,224,1,1",98,32,""
0,"0,1,297,1,1",99,31,""
0,"8,1,224,1,0",100,30,""
0,"8,1,225,1,0",101,29,""
0,"8,1,185,1,2",102,28,""
0,"0,1,8,2,146,1,1",103,27,""
0,"8,2,16,1,64,1,0",104,26,""
0,417,105,25,1
1,"8,2,17,1,64,1,0",105,25,""
0,418,106,24,"0,2"
0,"16,1,203",107,23,1
0,"17,1,203",108,22,1
0,"13,1,236",109,21,1
1,"0,1,64,2,1",109,21,""
0,"13,1,237",110,20,1
1,"13,2,32,1,28",110,20,""
2,"64,1,72,1,0",110,20,3
0,"194,1,14",111,19,""
1,"1,1,291,1,1",111,19,""
2,"327,1,0",111,19,""
3,"13,1,23,1,80,1,0",111,19,""
0,"8,1,188,1,2",112,18,""
1,"0,1,300,1,1",112,18,""
2,"2,1,292,1,0",112,18,""
0,"267,1,2",113,17,""
1,"0,1,8,1,212,1,1",113,17,""
0,419,114,16,4
1,"13,1,23,1,75,1,1",114,16,""
2,"1,1,293,1,1",114,16,""
3,"0,1,304,1,1",114,16,""
4,"9,1,212,1,0",114,16,""
0,420,115,15,""
1,"13,1,23,1,76,1,1",115,15,""
2,"2,1,286,1,1",115,15,""
3,"1,1,8,1,209,1,1",115,15,""
4,"328,1,0",115,15,2
0,421,116,14,""
1,"2,1,287,1,1",116,14,""
2,"0,1,308,1,1",116,14,""
0,422,117,13,0
0,423,118,12,""
1,"1,1,64,1,69,1,0",118,12,""
0,424,119,11,""
1,"64,1,69,1,1",119,11,""
2,"331,1,0",119,11,""
0,425,120,10,""
1,"312,1,1",120,10,2
2,"311,1,1",120,10,""
3,"332,1,0",120,10,""
0,"314,1,1",121,9,5
1,"313,1,1",121,9,""
2,"333,1,0",121,9,5
0,426,122,8,""
0,427,123,7,""
0,"1,2,295,1,0",89,42,""
0,"1,1,295,1,1",90,41,""
0,428,95,36,""
0,429,96,35,""
0,430,97,34,""
0,"116,1,39",98,33,""
0,"8,1,71,1,36",99,32,""
0,"8,1,77,1,30",100,31,""
0,"8,1,78,1,30",101,30,""
0,"17,1,56,1,30",102,29,""
1,"5,1,244,1,0",102,29,""
0,"136,1,30",103,28,""
1,"244,1,6",103,28,1
0,431,104,27,"0,2"
1,"8,3,19,1,30",104,27,""
0,"8,3,20,1,30",105,26,""
1,"257,1,4",105,26,1
2,"1,1,315,1,0",105,26,""
0,"137,1,30",106,25,""
1,"8,2,45,1,30",106,25,""
2,"246,1,6",106,25,1
3,"315,1,1",106,25,2
0,"138,1,30",107,24,""
1,"8,2,46,1,30",107,24,""
2,"8,2,149,1,1",107,24,1
0,"8,1,64,1,39",108,23,""
1,"8,1,9,1,13,2,30",108,23,""
2,"16,1,167,1,1",108,23,1
0,"8,1,72,1,36",109,22,""
1,"9,1,13,1,32,1,30",109,22,""
2,"8,1,218,1,1",109,22,1
3,"1,2,64,2,0",109,22,""
0,"8,1,79,1,30",110,21,""
1,"8,1,219,1,1",110,21,1
2,"1,1,64,2,1",110,21,""
0,"8,1,80,1,30",111,20,""
1,"260,1,4",111,20,2
2,"13,1,194,1,1",111,20,1
0,432,112,19,"0,1"
1,"101,1,51",112,19,""
2,"23,1,150,1,1",112,19,""
3,"1,2,300,1,0",112,19,""
0,"317,1,1",113,18,2
1,"316,1,1",113,18,2
2,"1,1,300,1,1",113,18,""
3,"334,1,0",113,18,""
4,"13,1,23,1,83,1,0",113,18,""
0,433,114,17,""
1,"1,1,302,1,1",114,17,""
2,"2,1,302,1,0",114,17,""
0,"318,1,1",115,16,""
1,"3,1,266,1,1",115,16,""
0,434,116,15,""
1,"13,1,75,1,28",116,15,""
2,"3,1,267,1,1",116,15,5
3,"1,1,13,1,189,1,1",116,15,""
0,435,117,14,"0,1,5"
1,"275,1,3",117,14,""
2,"67,2,1",117,14,""
3,"9,1,209,1,1",117,14,""
4,"1,1,308,1,1",117,14,""
5,"1,1,319,1,0",117,14,""
0,437,118,13,3
1,436,118,13,3
2,"262,1,4",118,13,""
3,"319,1,1",118,13,4
4,"67,1,68,1,1",118,13,4
0,"7,1,306",119,12,""
1,"68,2,1",119,12,""
2,"0,1,64,1,69,1,1",119,12,""
3,"335,1,0",119,12,""
4,"1,1,320,1,0",119,12,""
0,439,120,11,""
1,438,120,11,2
2,"320,1,1",120,11,""
3,"336,1,0",120,11,""
4,"69,1,72,1,0",120,11,2
5,"1,1,321,1,0",120,11,""
6,"1,1,3,1,270,1,0",120,11,""
0,440,121,10,""
1,"321,1,1",121,10,""
2,"3,1,270,1,1",121,10,""
3,"337,1,0",121,10,""
4,"1,1,322,1,0",121,10,""
0,"322,1,1",122,9,1
1,"338,1,0",122,9,""
0,"67,1,69,1,1",123,8,""
1,"1,1,323,1,0",123,8,""
0,"323,1,1",124,7,""
1,"68,1,69,1,1",124,7,""
0,"339,1,0",125,6,""
0,"340,1,0",126,5,""
0,"341,1,0",127,4,""
0,"1,1,69,2,0",128,3,""
0,"69,2,1",129,2,""
1,"1,1,324,1,0",129,2,""
0,"324,1,1",130,1,0
0,"342,1,0",89,43,""
0,441,90,42,""
0,"325,1,1",92,40,0
0,"326,1,1",93,39,0
0,"8,1,182,1,4",94,38,""
0,"8,1,183,1,4",95,37,0
0,"8,2,152,1,1",96,36,""
0,"8,2,153,1,1",97,35,""
0,"8,1,17,1,117,1,1",98,34,""
0,"8,1,223,1,1",99,33,""
0,"8,4,55,1,1",100,32,""
0,442,101,31,0
1,"8,4,56,1,1",101,31,""
0,"8,1,224,1,1",102,30,""
1,"8,3,17,1,40,1,1",102,30,""
0,"0,1,244,1,6",103,29,""
1,"8,1,225,1,1",103,29,0
2,"8,3,100,1,1",103,29,""
0,"8,1,184,1,4",104,28,""
1,"8,6,9,1,1",104,28,""
2,"343,1,0",104,28,1
0,"8,1,185,1,4",105,27,1
1,"16,1,149,1,2",105,27,""
2,"8,5,29,1,1",105,27,""
0,"8,2,16,1,64,1,1",106,26,""
1,"8,4,9,1,23,1,1",106,26,""
2,"344,1,0",106,26,""
0,"8,2,17,1,64,1,1",107,25,0
1,"8,3,9,1,51,1,1",107,25,""
0,"8,2,154,1,1",108,24,""
1,"8,2,9,1,13,3,1",108,24,""
0,"8,1,42,1,64,1,1",109,23,""
1,"8,1,9,1,13,2,32,1,1",109,23,""
0,"260,1,5",110,22,""
1,"9,1,13,3,23,1,1",110,22,""
2,"8,3,101,1,1",110,22,""
0,"278,1,2",111,21,""
1,"8,2,13,1,80,1,1",111,21,""
0,"278,1,3",112,20,""
1,"64,1,72,1,1",112,20,1
2,"8,1,23,1,101,1,1",112,20,""
0,"23,1,188",113,19,2
1,"327,1,1",113,19,1
2,"13,1,23,1,80,1,1",113,19,""
3,"0,1,316,1,1",113,19,""
0,"0,1,433",114,18,""
1,"13,1,67,1,30",114,18,""
2,"8,1,187,1,4",114,18,""
3,"2,1,292,1,1",114,18,""
4,"347,1,0",114,18,""
5,"346,1,0",114,18,""
0,"151,1,28",115,17,""
1,"23,1,83,1,14",115,17,""
2,"266,1,4",115,17,""
3,"8,1,188,1,4",115,17,1
4,"0,1,318,1,1",115,17,""
5,"0,1,3,1,266,1,1",115,17,""
0,"2,1,402",116,16,""
1,"114,1,47",116,16,""
2,"267,1,4",116,16,2
3,"9,1,212,1,1",116,16,""
4,"348,1,0",116,16,""
5,"1,1,328,1,0",116,16,""
0,443,117,15,4
1,"268,1,4",117,15,""
2,"328,1,1",117,15,"1,2"
3,"349,1,0",117,15,""
4,"3,1,285,1,0",117,15,""
5,"2,2,287,1,0",117,15,""
0,"0,1,319,1,1",118,14,""
1,"13,1,209,1,0",118,14,""
2,"3,1,287,1,0",118,14,""
0,"329,1,1",119,13,""
1,"67,1,75,1,0",119,13,""
2,"1,2,64,1,69,1,0",119,13,""
0,"330,1,1",120,12,""
1,"1,1,64,1,69,1,1",120,12,""
2,"67,1,76,1,0",120,12,""
0,"331,1,1",121,11,""
1,"0,1,3,1,270,1,1",121,11,""
2,"351,1,0",121,11,""
0,"332,1,1",122,10,""
1,"0,1,322,1,1",122,10,""
0,"333,1,1",123,9,3
0,"352,1,0",124,8,""
0,"353,1,0",125,7,""
1,"69,1,75,1,0",125,7,""
0,"69,1,76,1,0",126,6,""
0,444,128,4,""
0,"0,1,69,2,1",129,3,""
0,"0,1,324,1,1",130,2,1
0,445,89,44,""
0,"0,1,441",90,43,""
0,"1,2,295,1,1",91,42,""
0,"0,1,325,1,1",92,41,""
0,"8,1,236,1,0",93,40,""
0,"16,1,183,1,0",94,39,""
0,"17,1,183,1,0",95,38,""
0,"354,1,0",96,37,""
0,"224,1,9",100,33,""
0,"225,1,9",101,32,""
0,"0,1,8,1,224,1,1",102,31,""
0,"8,1,237,1,0",103,30,""
1,"1,1,5,1,244,1,0",103,30,""
0,"5,1,244,1,1",104,29,""
1,"8,1,238,1,0",104,29,""
0,"17,1,185,1,0",105,28,""
0,"0,1,8,2,16,1,64,1,1",106,27,""
0,"1,1,315,1,1",107,26,""
1,"8,3,112,1,0",107,26,""
0,446,108,25,1
0,"16,1,216",109,24,1
0,"19,1,203",110,23,1
0,"20,1,203",111,22,1
1,"1,2,64,2,1",111,22,""
2,"13,4,23,1,0",111,22,""
0,"13,1,259",112,21,1
1,"0,1,64,1,72,1,1",112,21,""
2,"13,4,24,1,0",112,21,""
0,"16,1,187,1,0",113,20,""
0,"1,2,300,1,1",114,19,""
1,"16,1,188,1,0",114,19,""
2,"1,1,334,1,0",114,19,""
0,"334,1,1",115,18,""
1,"13,1,23,1,83,1,1",115,18,""
2,"356,1,0",115,18,""
3,"355,1,0",115,18,""
4,"17,1,188,1,0",115,18,""
0,447,116,17,1
1,"9,1,13,1,133,1,1",116,17,""
2,"2,1,302,1,1",116,17,""
3,"0,1,9,1,212,1,1",116,17,""
4,"358,1,0",116,17,""
5,"357,1,0",116,17,""
0,448,117,16,""
1,"2,1,13,1,188,1,1",117,16,""
2,"0,1,328,1,1",117,16,""
3,"359,1,0",117,16,""
4,"13,1,212,1,0",117,16,""
0,449,118,15,""
1,"8,1,306",118,15,""
2,"287,1,3",118,15,""
3,"1,2,308,1,1",118,15,""
4,"360,1,0",118,15,""
0,450,119,14,""
1,"3,1,382",119,14,1
2,"275,1,4",119,14,""
3,"1,1,319,1,1",119,14,""
4,"361,1,0",119,14,""
0,452,120,13,4
1,451,120,13,3
2,"209,1,14",120,13,""
3,"13,1,213,1,0",120,13,""
4,"1,1,335,1,0",120,13,""
0,"67,1,84",121,12,2
1,"335,1,1",121,12,""
2,"1,1,320,1,1",121,12,""
3,"363,1,0",121,12,""
0,453,122,11,3
1,"336,1,1",122,11,4
2,"69,1,72,1,1",122,11,3
3,"1,1,321,1,1",122,11,""
4,"1,1,3,1,270,1,1",122,11,""
0,454,123,10,"1,2"
1,"337,1,1",123,10,3
2,"1,1,322,1,1",123,10,""
3,"0,1,333,1,1",123,10,""
0,"338,1,1",124,9,""
1,"366,1,0",124,9,""
0,"1,1,323,1,1",125,8,""
1,"367,1,0",125,8,""
0,457,126,7,""
1,456,126,7,""
2,455,126,7,""
0,"69,1,84",127,6,""
1,"339,1,1",127,6,""
2,"368,1,0",127,6,""
0,"340,1,1",128,5,2
0,"341,1,1",129,4,""
1,"1,2,69,2,0",129,4,""
0,"1,1,69,2,1",130,3,""
1,"2,1,69,2,0",130,3,""
2,"1,2,324,1,0",130,3,""
0,"1,1,324,1,1",131,2,""
1,"2,1,324,1,0",131,2,""
0,"1,1,342,1,0",90,44,""
0,"342,1,1",91,43,""
0,458,97,37,""
0,459,98,36,1
0,"145,1,30",99,35,""
0,"111,1,49",100,34,""
0,"8,1,71,1,39",101,33,""
0,"8,1,77,1,36",102,32,""
0,"8,2,49,1,30",103,31,""
0,"8,2,50,1,30",104,30,""
0,"16,1,17,2,30",105,29,""
0,"8,1,88,1,30",106,28,""
1,"343,1,1",106,28,"1,2"
0,460,107,27,"1,2"
1,"8,5,30",107,27,""
0,"137,1,36",108,26,""
1,"8,3,22,1,30",108,26,""
2,"344,1,1",108,26,1
0,"146,1,30",109,25,""
1,"8,3,23,1,30",109,25,""
2,"345,1,1",109,25,"1,2"
0,"147,1,30",110,24,""
1,"8,2,51,1,30",110,24,""
2,"8,2,160,1,1",110,24,1
0,"8,1,72,1,39",111,23,""
1,"8,1,13,3,30",111,23,""
2,"8,1,232,1,1",111,23,1
3,"5,1,260,1,0",111,23,""
0,"8,1,79,1,36",112,22,""
1,"13,2,32,1,30",112,22,""
2,"260,1,6",112,22,0
3,"8,1,233,1,1",112,22,1
0,461,113,21,"0,1"
1,"8,1,89,1,30",113,21,""
2,"13,3,23,1,14",113,21,""
3,"9,1,219,1,1",113,21,2
0,"9,1,80,1,30",114,20,""
1,"278,1,4",114,20,1
0,462,115,19,"1,3"
1,"1,1,347,1,0",115,19,""
0,"3,1,387",116,18,""
1,"13,1,23,1,107",116,18,""
2,"347,1,1",116,18,""
3,"346,1,1",116,18,3
0,463,117,17,2
1,"2,1,419",117,17,""
2,"3,1,388",117,17,""
3,"13,1,267",117,17,""
4,"13,1,83,1,28",117,17,""
5,"13,2,133,1,0",117,17,""
0,464,118,16,""
1,"67,1,88",118,16,""
2,"348,1,1",118,16,""
3,"1,1,328,1,1",118,16,""
4,"369,1,0",118,16,""
5,"13,2,134,1,0",118,16,""
6,"2,1,328,1,0",118,16,4
0,465,119,15,2
1,"212,1,14",119,15,""
2,"350,1,1",119,15,""
3,"349,1,1",119,15,""
4,"3,1,285,1,1",119,15,""
5,"2,2,287,1,1",119,15,""
6,"1,1,3,1,287,1,0",119,15,""
0,466,120,14,5
1,"0,1,451",120,14,5
2,"67,1,90",120,14,""
3,"13,1,209,1,1",120,14,""
4,"3,1,287,1,1",120,14,6
5,"370,1,0",120,14,6
0,467,121,13,""
1,"13,1,273",121,13,""
2,"67,1,75,1,1",121,13,""
3,"1,2,64,1,69,1,1",121,13,""
4,"0,1,335,1,1",121,13,""
0,"213,1,14",122,12,""
1,"235,1,8",122,12,""
2,"67,1,76,1,1",122,12,""
3,"0,1,69,1,72,1,1",122,12,""
4,"1,1,351,1,0",122,12,""
0,"69,1,87",123,11,""
1,"351,1,1",123,11,2
2,"69,1,79,1,0",123,11,""
0,"372,1,0",124,10,""
1,"69,1,80,1,0",124,10,""
0,468,125,9,2
1,"69,1,89",125,9,""
2,"373,1,0",125,9,""
0,"352,1,1",126,8,""
1,"376,1,0",126,8,""
2,"375,1,0",126,8,4
0,"353,1,1",127,7,""
1,"69,1,75,1,1",127,7,""
2,"0,1,339,1,1",127,7,""
3,"1,1,69,1,76,1,0",127,7,""
0,469,128,6,""
1,"69,1,76,1,1",128,6,""
2,"377,1,0",128,6,""
0,"379,1,0",90,45,""
0,470,91,44,""
0,471,94,41,0
0,"8,1,236,1,1",95,40,""
0,"16,1,183,1,1",96,39,0
0,"17,1,183,1,1",97,38,""
1,"1,1,354,1,0",97,38,""
0,"8,1,200,1,4",98,37,0
1,"354,1,1",98,37,""
0,"8,3,110,1,1",99,36,""
0,"8,3,111,1,1",100,35,""
0,"8,1,16,1,17,1,50,1,1",101,34,""
0,"8,2,161,1,1",102,33,""
0,"224,1,11",103,32,""
1,"8,5,31,1,1",103,32,""
0,"225,1,11",104,31,0
1,"8,4,16,1,17,1,1",104,31,""
0,"8,1,237,1,1",105,30,""
1,"8,4,17,2,1",105,30,""
2,"1,1,5,1,244,1,1",105,30,""
0,"8,1,238,1,1",106,29,0
1,"8,4,60,1,1",106,29,""
2,"0,1,343,1,1",106,29,""
0,"17,1,185,1,1",107,28,""
1,"8,6,13,1,1",107,28,""
2,"8,1,244,1,0",107,28,""
0,"8,2,138,1,4",108,27,0
1,"8,5,32,1,1",108,27,""
2,"0,1,344,1,1",108,27,""
0,"8,3,112,1,1",109,26,""
1,"8,4,13,1,23,1,1",109,26,""
0,"8,3,113,1,1",110,25,""
1,"8,3,13,1,51,1,1",110,25,""
0,"8,2,162,1,1",111,24,""
1,"8,2,13,4,1",111,24,""
0,"0,1,260,1,6",112,23,""
1,"8,1,23,1,113,1,1",112,23,""
2,"8,1,13,3,32,1,1",112,23,""
0,"13,4,23,1,1",113,22,""
1,"8,2,9,1,101,1,1",113,22,""
2,"380,1,0",113,22,1
0,"64,1,95",114,21,1
1,"291,1,2",114,21,""
2,"13,4,24,1,1",114,21,""
3,"8,1,9,1,13,1,80,1,1",114,21,""
4,"13,1,219,1,0",114,21,""
0,"2,1,432",115,20,""
1,"292,1,2",115,20,""
2,"16,1,187,1,1",115,20,""
3,"9,1,23,1,101,1,1",115,20,""
4,"13,1,220,1,0",115,20,""
0,"16,1,188,1,1",116,19,2
1,"1,1,334,1,1",116,19,""
2,"0,1,347,1,1",116,19,""
3,"0,1,346,1,1",116,19,""
4,"381,1,0",116,19,""
0,"356,1,1",117,18,4
1,"355,1,1",117,18,4
2,"17,1,188,1,1",117,18,4
3,"382,1,0",117,18,4
4,"1,1,357,1,0",117,18,""
0,"13,1,75,1,30",118,17,""
1,"9,1,188,1,4",118,17,2
2,"358,1,1",118,17,""
3,"357,1,1",118,17,""
4,"383,1,0",118,17,""
5,"1,1,359,1,0",118,17,""
0,"13,1,133,1,14",119,16,""
1,"286,1,4",119,16,1
2,"285,1,4",119,16,1
3,"359,1,1",119,16,1
4,"13,1,212,1,1",119,16,""
5,"8,1,250,1,0",119,16,""
6,"1,1,360,1,0",119,16,""
0,472,120,15,""
1,"287,1,4",120,15,"1,5"
2,"360,1,1",120,15,""
3,"1,1,361,1,0",120,15,""
0,"362,1,1",121,14,""
1,"361,1,1",121,14,5
2,"385,1,0",121,14,""
0,473,122,13,2
1,"13,1,213,1,1",122,13,""
2,"7,1,250,1,1",122,13,""
3,"1,1,335,1,1",122,13,""
0,474,123,12,2
1,"364,1,1",123,12,""
2,"363,1,1",123,12,""
3,"0,1,351,1,1",123,12,""
4,"18,1,188,1,0",123,12,""
0,"365,1,1",124,11,2
1,"387,1,0",124,11,""
2,"386,1,0",124,11,""
3,"18,1,189,1,0",124,11,""
0,475,125,10,0
1,"7,1,337",125,10,""
2,"389,1,0",125,10,""
3,"388,1,0",125,10,""
4,"1,1,366,1,0",125,10,""
0,476,126,9,7
1,"366,1,1",126,9,""
2,"391,1,0",126,9,""
3,"390,1,0",126,9,""
4,"69,1,82,1,0",126,9,""
5,"18,1,190,1,0",126,9,""
0,477,127,8,""
1,"367,1,1",127,8,4
2,"394,1,0",127,8,""
3,"393,1,0",127,8,""
4,"392,1,0",127,8,""
0,478,128,7,""
1,"397,1,0",128,7,""
2,"396,1,0",128,7,""
3,"1,1,368,1,0",128,7,""
0,"368,1,1",129,6,""
1,"399,1,0",129,6,""
2,"398,1,0",129,6,""
3,"2,1,340,1,0",129,6,""
0,"400,1,0",130,5,""
1,"2,1,341,1,0",130,5,""
0,"1,2,69,2,1",131,4,""
0,"2,1,69,2,1",132,3,""
1,"1,2,324,1,1",132,3,""
0,"2,1,324,1,1",133,2,""
0,"0,1,470",91,45,[NULL]
0,"1,1,342,1,1",92,44,[NULL]
0,"295,1,2",93,43,[NULL]
0,"296,1,2",94,42,[NULL]
0,"0,1,8,1,236,1,1",95,41,[NULL]
0,"8,1,252,1,0",96,40,[NULL]
0,"8,1,253,1,0",97,39,[NULL]
0,"17,1,200,1,0",98,38,[NULL]
0,"402,1,0",102,34,[NULL]
0,"403,1,0",103,33,[NULL]
0,"298,1,2",104,32,[NULL]
0,"0,1,8,1,237,1,1",105,31,[NULL]
0,"8,1,16,1,137,1,0",106,30,[NULL]
0,"8,1,16,1,138,1,0",107,29,[NULL]
0,"8,1,17,1,138,1,0",108,28,[NULL]
0,479,109,27,[NULL]
1,"42,1,137,1,0",109,27,[NULL]
0,480,110,26,[NULL]
0,"16,1,236",111,25,[NULL]
0,"19,1,216",112,24,[NULL]
1,"1,1,5,1,260,1,0",112,24,[NULL]
0,"149,1,30",113,23,[NULL]
1,"64,2,2",113,23,[NULL]
2,"5,1,260,1,1",113,23,[NULL]
0,"22,1,203",114,22,[NULL]
1,"404,1,0",114,22,[NULL]
0,"23,1,203",115,21,[NULL]
1,"13,4,28",115,21,[NULL]
2,"0,1,16,1,187,1,1",115,21,[NULL]
0,"219,1,14",116,20,[NULL]
1,"69,1,78,1,1",116,20,[NULL]
2,"13,1,23,1,101,1,0",116,20,[NULL]
3,"8,1,254,1,0",116,20,[NULL]
4,"1,2,347,1,0",116,20,[NULL]
0,481,117,19,[NULL]
1,"1,1,347,1,1",117,19,[NULL]
2,"8,1,255,1,0",117,19,[NULL]
3,"2,1,346,1,0",117,19,[NULL]
0,482,118,18,[NULL]
1,"405,1,0",118,18,[NULL]
2,"20,1,188,1,0",118,18,[NULL]
0,483,119,17,[NULL]
1,"305,1,3",119,17,[NULL]
2,"13,2,133,1,1",119,17,[NULL]
3,"0,1,359,1,1",119,17,[NULL]
4,"0,1,13,1,212,1,1",119,17,[NULL]
5,"1,1,369,1,0",119,17,[NULL]
0,484,120,16,[NULL]
1,"3,1,402",120,16,[NULL]
2,"369,1,1",120,16,[NULL]
3,"13,2,134,1,1",120,16,[NULL]
4,"2,1,328,1,1",120,16,[NULL]
5,"1,1,349,1,1",120,16,[NULL]
0,485,121,15,[NULL]
1,"9,1,306",121,15,[NULL]
2,"67,1,96",121,15,[NULL]
3,"1,1,3,1,287,1,1",121,15,[NULL]
0,487,122,14,[NULL]
1,486,122,14,[NULL]
2,"67,1,98",122,14,[NULL]
3,"370,1,1",122,14,[NULL]
0,489,123,13,[NULL]
1,488,123,13,[NULL]
2,"0,1,363,1,1",123,13,[NULL]
3,"407,1,0",123,13,[NULL]
0,493,124,12,[NULL]
1,492,124,12,[NULL]
2,491,124,12,[NULL]
3,490,124,12,[NULL]
4,"69,1,95",124,12,[NULL]
5,"1,1,351,1,1",124,12,[NULL]
6,"408,1,0",124,12,[NULL]
0,494,125,11,[NULL]
1,"0,1,475",125,11,[NULL]
2,"75,1,84",125,11,[NULL]
3,"371,1,1",125,11,[NULL]
4,"69,1,79,1,1",125,11,[NULL]
5,"411,1,0",125,11,[NULL]
6,"410,1,0",125,11,[NULL]
7,"409,1,0",125,11,[NULL]
0,495,126,10,[NULL]
1,"76,1,84",126,10,[NULL]
2,"372,1,1",126,10,[NULL]
3,"69,1,80,1,1",126,10,[NULL]
4,"0,1,366,1,1",126,10,[NULL]
5,"413,1,0",126,10,[NULL]
6,"412,1,0",126,10,[NULL]
0,496,127,9,[NULL]
1,"69,1,97",127,9,[NULL]
2,"69,1,96",127,9,[NULL]
3,"374,1,1",127,9,[NULL]
4,"373,1,1",127,9,[NULL]
5,"414,1,0",127,9,[NULL]
6,"1,1,376,1,0",127,9,[NULL]
7,"1,1,375,1,0",127,9,[NULL]
0,"0,1,478",128,8,[NULL]
1,"69,1,99",128,8,[NULL]
2,"69,1,98",128,8,[NULL]
3,"376,1,1",128,8,[NULL]
4,"375,1,1",128,8,[NULL]
5,"415,1,0",128,8,[NULL]
6,"2,1,353,1,0",128,8,[NULL]
7,"2,1,69,1,75,1,0",128,8,[NULL]
0,497,129,7,[NULL]
1,"1,1,69,1,76,1,1",129,7,[NULL]
2,"2,1,69,1,76,1,0",129,7,[NULL]
0,499,130,6,[NULL]
1,498,130,6,[NULL]
2,"377,1,1",130,6,[NULL]
0,500,131,5,[NULL]
1,"2,1,444",131,5,[NULL]
2,"378,1,1",131,5,[NULL]
0,"1,1,379,1,0",91,46,[NULL]
0,"379,1,1",92,45,[NULL]
0,"1,1,354,1,1",99,38,[NULL]
0,501,100,37,[NULL]
0,"145,1,36",101,36,[NULL]
0,"152,1,30",102,35,[NULL]
0,"153,1,30",103,34,[NULL]
0,"8,1,77,1,39",104,33,[NULL]
0,"8,2,49,1,36",105,32,[NULL]
0,"8,2,55,1,30",106,31,[NULL]
0,"8,2,56,1,30",107,30,[NULL]
0,502,108,29,[NULL]
1,"8,1,17,1,40,1,30",108,29,[NULL]
0,"8,1,100,1,30",109,28,[NULL]
1,"8,1,244,1,1",109,28,[NULL]
0,"137,1,39",110,27,[NULL]
1,"8,4,9,1,30",110,27,[NULL]
2,"17,1,149,1,6",110,27,[NULL]
0,"146,1,36",111,26,[NULL]
1,"8,3,29,1,30",111,26,[NULL]
2,"8,1,245,1,1",111,26,[NULL]
0,"16,1,64,1,30",112,25,[NULL]
1,"8,2,9,1,23,1,30",112,25,[NULL]
2,"8,1,247,1,1",112,25,[NULL]
0,"17,1,64,1,30",113,24,[NULL]
1,"8,1,9,1,51,1,30",113,24,[NULL]
2,"8,2,166,1,1",113,24,[NULL]
0,"154,1,30",114,23,[NULL]
1,"9,1,13,3,30",114,23,[NULL]
2,"8,2,167,1,1",114,23,[NULL]
0,"8,1,89,1,36",115,22,[NULL]
1,"380,1,1",115,22,[NULL]
2,"8,1,248,1,1",115,22,[NULL]
0,503,116,21,[NULL]
1,"8,1,101,1,30",116,21,[NULL]
2,"13,1,219,1,1",116,21,[NULL]
0,505,117,20,[NULL]
1,504,117,20,[NULL]
2,"13,1,80,1,30",117,20,[NULL]
3,"291,1,4",117,20,[NULL]
4,"13,1,220,1,1",117,20,[NULL]
0,"292,1,4",118,19,[NULL]
1,"381,1,1",118,19,[NULL]
2,"13,3,67,1,0",118,19,[NULL]
3,"2,1,355,1,0",118,19,[NULL]
0,"382,1,1",119,18,[NULL]
1,"1,1,357,1,1",119,18,[NULL]
2,"1,1,383,1,0",119,18,[NULL]
3,"1,2,359,1,0",119,18,[NULL]
0,506,120,17,[NULL]
1,"383,1,1",120,17,[NULL]
2,"1,1,359,1,1",120,17,[NULL]
3,"2,1,359,1,0",120,17,[NULL]
0,507,121,16,[NULL]
1,"13,1,95,1,28",121,16,[NULL]
2,"8,1,250,1,1",121,16,[NULL]
3,"1,1,360,1,1",121,16,[NULL]
4,"7,1,266,1,0",121,16,[NULL]
0,508,122,15,[NULL]
1,"384,1,1",122,15,[NULL]
2,"1,1,361,1,1",122,15,[NULL]
3,"7,1,267,1,0",122,15,[NULL]
4,"1,1,385,1,0",122,15,[NULL]
0,"7,1,346",123,14,[NULL]
1,"64,1,69,1,2",123,14,[NULL]
2,"385,1,1",123,14,[NULL]
0,"312,1,2",124,13,[NULL]
1,"418,1,0",124,13,[NULL]
2,"417,1,0",124,13,[NULL]
0,509,125,12,[NULL]
1,"18,1,188,1,1",125,12,[NULL]
2,"0,1,69,1,79,1,1",125,12,[NULL]
3,"1,1,387,1,0",125,12,[NULL]
0,510,126,11,[NULL]
1,"387,1,1",126,11,[NULL]
2,"386,1,1",126,11,[NULL]
3,"18,1,189,1,1",126,11,[NULL]
4,"69,1,89,1,0",126,11,[NULL]
5,"1,1,388,1,0",126,11,[NULL]
0,512,127,10,[NULL]
1,511,127,10,[NULL]
2,"0,1,496",127,10,[NULL]
3,"389,1,1",127,10,[NULL]
4,"388,1,1",127,10,[NULL]
5,"1,1,366,1,1",127,10,[NULL]
6,"419,1,0",127,10,[NULL]
0,513,128,9,[NULL]
1,"391,1,1",128,9,[NULL]
2,"390,1,1",128,9,[NULL]
3,"69,1,82,1,1",128,9,[NULL]
4,"18,1,190,1,1",128,9,[NULL]
5,"0,1,375,1,1",128,9,[NULL]
6,"1,1,393,1,0",128,9,[NULL]
7,"1,1,392,1,0",128,9,[NULL]
0,514,129,8,[NULL]
1,"2,1,457",129,8,[NULL]
2,"2,1,456",129,8,[NULL]
3,"2,1,455",129,8,[NULL]
4,"395,1,1",129,8,[NULL]
5,"394,1,1",129,8,[NULL]
6,"393,1,1",129,8,[NULL]
7,"392,1,1",129,8,[NULL]
8,"69,1,85,1,1",129,8,[NULL]
0,515,130,7,[NULL]
1,"2,1,69,1,84",130,7,[NULL]
2,"397,1,1",130,7,[NULL]
3,"396,1,1",130,7,[NULL]
4,"1,1,368,1,1",130,7,[NULL]
5,"0,1,377,1,1",130,7,[NULL]
6,"2,1,368,1,0",130,7,[NULL]
0,"399,1,1",131,6,[NULL]
1,"398,1,1",131,6,[NULL]
2,"2,1,340,1,1",131,6,[NULL]
3,"69,1,93,1,0",131,6,[NULL]
0,"400,1,1",132,5,[NULL]
1,"2,1,341,1,1",132,5,[NULL]
0,"2,2,69,2,0",133,4,[NULL]
0,"3,1,69,2,0",134,3,[NULL]
1,"2,2,324,1,0",134,3,[NULL]
0,"3,1,324,1,0",135,2,[NULL]
0,"295,1,4",96,42,[NULL]
0,"296,1,4",97,41,[NULL]
0,"8,1,252,1,1",98,40,[NULL]
0,"8,1,253,1,1",99,39,[NULL]
0,"17,1,200,1,1",100,38,[NULL]
0,"401,1,1",101,37,[NULL]
0,"8,3,116,1,1",102,36,[NULL]
0,"8,3,117,1,1",103,35,[NULL]
1,"1,1,402,1,0",103,35,[NULL]
0,"402,1,1",104,34,[NULL]
1,"8,2,17,1,78,1,1",104,34,[NULL]
0,"403,1,1",105,33,[NULL]
1,"8,2,171,1,1",105,33,[NULL]
0,"297,1,4",106,32,[NULL]
1,"8,5,39,1,1",106,32,[NULL]
0,"244,1,9",107,31,[NULL]
1,"298,1,4",107,31,[NULL]
2,"8,5,40,1,1",107,31,[NULL]
0,"244,1,10",108,30,[NULL]
1,"8,1,16,1,137,1,1",108,30,[NULL]
2,"8,4,17,1,20,1,1",108,30,[NULL]
0,"8,1,16,1,138,1,1",109,29,[NULL]
1,"8,4,63,1,1",109,29,[NULL]
2,"0,1,8,1,244,1,1",109,29,[NULL]
0,"8,1,17,1,138,1,1",110,28,[NULL]
1,"8,5,9,1,13,1,1",110,28,[NULL]
2,"8,1,257,1,0",110,28,[NULL]
3,"1,1,42,1,137,1,0",110,28,[NULL]
0,"8,2,147,1,4",111,27,[NULL]
1,"42,1,137,1,1",111,27,[NULL]
2,"8,4,9,1,32,1,1",111,27,[NULL]
0,"8,3,9,1,13,1,23,1,1",112,26,[NULL]
1,"8,4,64,1,1",112,26,[NULL]
0,"8,2,9,1,13,1,51,1,1",113,25,[NULL]
1,"8,3,118,1,1",113,25,[NULL]
0,"8,1,9,1,13,4,1",114,24,[NULL]
1,"8,2,17,1,80,1,1",114,24,[NULL]
2,"1,1,5,1,260,1,1",114,24,[NULL]
0,"9,1,13,3,32,1,1",115,23,[NULL]
1,"8,2,173,1,1",115,23,[NULL]
2,"0,1,380,1,1",115,23,[NULL]
0,"404,1,1",116,22,[NULL]
1,"8,2,13,1,101,1,1",116,22,[NULL]
2,"8,1,260,1,0",116,22,[NULL]
0,"299,1,4",117,21,[NULL]
1,"316,1,2",117,21,[NULL]
2,"8,1,13,2,80,1,1",117,21,[NULL]
0,516,118,20,[NULL]
1,"167,1,28",118,20,[NULL]
2,"316,1,3",118,20,[NULL]
3,"13,1,23,1,101,1,1",118,20,[NULL]
4,"8,1,254,1,1",118,20,[NULL]
5,"1,2,347,1,1",118,20,[NULL]
0,518,119,19,[NULL]
1,517,119,19,[NULL]
2,"13,1,83,1,30",119,19,[NULL]
3,"168,1,28",119,19,[NULL]
4,"8,1,255,1,1",119,19,[NULL]
5,"2,1,346,1,1",119,19,[NULL]
6,"420,1,0",119,19,[NULL]
0,"13,2,67,1,14",120,18,[NULL]
1,"302,1,4",120,18,[NULL]
2,"405,1,1",120,18,[NULL]
3,"20,1,188,1,1",120,18,[NULL]
4,"16,1,209,1,0",120,18,[NULL]
0,"305,1,4",121,17,[NULL]
1,"13,1,188,1,4",121,17,[NULL]
2,"1,1,369,1,1",121,17,[NULL]
3,"421,1,0",121,17,[NULL]
0,519,122,16,[NULL]
1,"319,1,2",122,16,[NULL]
0,520,123,15,[NULL]
1,"424,1,0",123,15,[NULL]
2,"423,1,0",123,15,[NULL]
0,521,124,14,[NULL]
1,"3,1,422",124,14,[NULL]
2,"406,1,1",124,14,[NULL]
3,"23,1,181,1,0",124,14,[NULL]
0,523,125,13,[NULL]
1,522,125,13,[NULL]
2,"407,1,1",125,13,[NULL]
3,"1,2,351,1,1",125,13,[NULL]
4,"76,1,82,1,0",125,13,[NULL]
5,"7,1,275,1,0",125,13,[NULL]
0,526,126,12,[NULL]
1,525,126,12,[NULL]
2,524,126,12,[NULL]
3,"408,1,1",126,12,[NULL]
4,"0,1,386,1,1",126,12,[NULL]
5,"426,1,0",126,12,[NULL]
6,"425,1,0",126,12,[NULL]
0,528,127,11,[NULL]
1,527,127,11,[NULL]
2,"411,1,1",127,11,[NULL]
3,"410,1,1",127,11,[NULL]
4,"409,1,1",127,11,[NULL]
5,"0,1,389,1,1",127,11,[NULL]
6,"427,1,0",127,11,[NULL]
7,"1,1,413,1,0",127,11,[NULL]
8,"1,1,412,1,0",127,11,[NULL]
0,530,128,10,[NULL]
1,529,128,10,[NULL]
2,"413,1,1",128,10,[NULL]
3,"412,1,1",128,10,[NULL]
4,"0,1,390,1,1",128,10,[NULL]
5,"428,1,0",128,10,[NULL]
6,"3,1,333,1,0",128,10,[NULL]
7,"2,1,373,1,0",128,10,[NULL]
8,"1,2,375,1,0",128,10,[NULL]
0,"69,1,107",129,9,[NULL]
1,"414,1,1",129,9,[NULL]
2,"1,1,376,1,1",129,9,[NULL]
3,"1,1,375,1,1",129,9,[NULL]
4,"0,1,392,1,1",129,9,[NULL]
5,"2,1,376,1,0",129,9,[NULL]
6,"1,1,415,1,0",129,9,[NULL]
0,531,130,8,[NULL]
1,"415,1,1",130,8,[NULL]
2,"2,1,353,1,1",130,8,[NULL]
3,"2,1,69,1,75,1,1",130,8,[NULL]
4,"429,1,0",130,8,[NULL]
5,"69,1,95,1,0",130,8,[NULL]
0,532,131,7,[NULL]
1,"2,1,469",131,7,[NULL]
2,"2,1,69,1,76,1,1",131,7,[NULL]
3,"430,1,0",131,7,[NULL]
0,535,132,6,[NULL]
1,534,132,6,[NULL]
2,533,132,6,[NULL]
0,537,133,5,[NULL]
1,536,133,5,[NULL]
2,"69,2,2",133,5,[NULL]
0,"69,2,3",134,4,[NULL]
1,"324,1,2",134,4,[NULL]
0,"324,1,3",135,3,[NULL]
0,"1,1,379,1,1",93,46,[NULL]
0,"416,1,1",94,45,[NULL]
0,"431,1,0",95,44,[NULL]
0,"325,1,2",96,43,[NULL]
0,"326,1,2",97,42,[NULL]
0,"0,1,8,1,252,1,1",98,41,[NULL]
0,"8,2,182,1,0",99,40,[NULL]
0,"8,2,183,1,0",100,39,[NULL]
0,"0,1,402,1,1",104,35,[NULL]
0,"432,1,0",105,34,[NULL]
0,"433,1,0",106,33,[NULL]
0,"8,1,225,1,2",107,32,[NULL]
0,"0,1,8,1,16,1,137,1,1",108,31,[NULL]
0,"8,2,184,1,0",109,30,[NULL]
0,"8,2,185,1,0",110,29,[NULL]
0,538,111,28,[NULL]
1,"8,1,17,1,147,1,0",111,28,[NULL]
0,539,112,27,[NULL]
0,540,113,26,[NULL]
0,"19,1,236",114,25,[NULL]
0,"149,1,36",115,24,[NULL]
1,"64,2,5",115,24,[NULL]
0,"160,1,30",116,23,[NULL]
1,"0,1,404,1,1",116,23,[NULL]
2,"13,4,32,1,0",116,23,[NULL]
0,"29,1,203",117,22,[NULL]
1,"434,1,0",117,22,[NULL]
2,"13,4,33,1,0",117,22,[NULL]
0,"300,1,5",118,21,[NULL]
1,"435,1,0",118,21,[NULL]
0,"8,2,187,1,0",119,20,[NULL]
1,"2,1,381,1,0",119,20,[NULL]
0,541,120,19,[NULL]
1,"13,3,67,1,1",120,19,[NULL]
2,"2,1,355,1,1",120,19,[NULL]
3,"8,2,188,1,0",120,19,[NULL]
4,"7,1,278,1,0",120,19,[NULL]
0,"266,1,7",121,18,[NULL]
1,"9,1,13,2,75,1,1",121,18,[NULL]
2,"1,1,383,1,1",121,18,[NULL]
3,"1,2,359,1,1",121,18,[NULL]
4,"8,1,267,1,0",121,18,[NULL]
0,"8,1,346",122,17,[NULL]
1,"328,1,3",122,17,[NULL]
2,"2,1,359,1,1",122,17,[NULL]
3,"436,1,0",122,17,[NULL]
4,"23,1,188,1,0",122,17,[NULL]
0,"8,1,347",123,16,[NULL]
1,"7,1,266,1,1",123,16,[NULL]
2,"3,2,267,1,1",123,16,[NULL]
3,"437,1,0",123,16,[NULL]
4,"23,1,189,1,0",123,16,[NULL]
0,"13,1,306",124,15,[NULL]
1,"7,1,267,1,1",124,15,[NULL]
2,"1,1,385,1,1",124,15,[NULL]
3,"438,1,0",124,15,[NULL]
0,"133,1,47",125,14,[NULL]
1,"0,1,407,1,1",125,14,[NULL]
2,"440,1,0",125,14,[NULL]
3,"439,1,0",125,14,[NULL]
4,"23,1,190,1,0",125,14,[NULL]
5,"1,1,417,1,0",125,14,[NULL]
0,542,126,13,[NULL]
1,"7,1,365",126,13,[NULL]
2,"174,1,28",126,13,[NULL]
3,"181,1,23",126,13,[NULL]
4,"64,1,69,1,4",126,13,[NULL]
5,"418,1,1",126,13,[NULL]
6,"417,1,1",126,13,[NULL]
7,"3,1,335,1,0",126,13,[NULL]
0,543,127,12,[NULL]
1,"312,1,4",127,12,[NULL]
2,"333,1,2",127,12,[NULL]
3,"1,1,387,1,1",127,12,[NULL]
4,"25,1,190,1,0",127,12,[NULL]
0,"333,1,3",128,11,[NULL]
1,"69,1,89,1,1",128,11,[NULL]
2,"1,1,389,1,1",128,11,[NULL]
3,"1,1,388,1,1",128,11,[NULL]
0,544,129,10,[NULL]
1,"419,1,1",129,10,[NULL]
2,"0,1,414,1,1",129,10,[NULL]
3,"442,1,0",129,10,[NULL]
4,"441,1,0",129,10,[NULL]
5,"2,1,69,1,82,1,0",129,10,[NULL]
0,545,130,9,[NULL]
1,"2,1,477",130,9,[NULL]
2,"1,1,393,1,1",130,9,[NULL]
3,"1,1,392,1,1",130,9,[NULL]
4,"0,1,415,1,1",130,9,[NULL]
5,"444,1,0",130,9,[NULL]
6,"443,1,0",130,9,[NULL]
0,548,131,8,[NULL]
1,547,131,8,[NULL]
2,546,131,8,[NULL]
3,"2,1,478",131,8,[NULL]
4,"3,1,68,1,69,1,1",131,8,[NULL]
5,"445,1,0",131,8,[NULL]
6,"2,1,396,1,0",131,8,[NULL]
0,550,132,7,[NULL]
1,549,132,7,[NULL]
2,"0,1,533",132,7,[NULL]
3,"69,1,113",132,7,[NULL]
4,"2,1,368,1,1",132,7,[NULL]
5,"3,1,339,1,0",132,7,[NULL]
6,"2,1,398,1,0",132,7,[NULL]
0,"69,1,93,1,1",133,6,[NULL]
1,"446,1,0",133,6,[NULL]
2,"3,1,340,1,0",133,6,[NULL]
3,"2,1,400,1,0",133,6,[NULL]
0,"3,1,341,1,0",134,5,[NULL]
0,"2,2,69,2,1",135,4,[NULL]
1,"1,1,3,1,69,2,0",135,4,[NULL]
0,"3,1,69,2,1",136,3,[NULL]
1,"2,2,324,1,1",136,3,[NULL]
2,"1,1,3,1,324,1,0",136,3,[NULL]
0,"3,1,324,1,1",137,2,[NULL]
0,551,101,39,[NULL]
0,552,102,38,[NULL]
0,"145,1,39",103,37,[NULL]
0,"152,1,36",104,36,[NULL]
1,"1,2,402,1,0",104,36,[NULL]
0,"8,1,110,1,30",105,35,[NULL]
1,"1,1,402,1,1",105,35,[NULL]
0,"8,1,111,1,30",106,34,[NULL]
0,"8,2,49,1,39",107,33,[NULL]
0,"161,1,30",108,32,[NULL]
0,"8,3,31,1,30",109,31,[NULL]
0,"8,2,16,1,17,1,30",110,30,[NULL]
1,"244,1,11",110,30,[NULL]
0,553,111,29,[NULL]
1,"8,2,17,2,30",111,29,[NULL]
0,"8,2,60,1,30",112,28,[NULL]
1,"8,1,257,1,1",112,28,[NULL]
2,"1,1,42,1,137,1,1",112,28,[NULL]
0,"146,1,39",113,27,[NULL]
1,"8,4,13,1,30",113,27,[NULL]
2,"17,1,206,1,1",113,27,[NULL]
0,"16,1,64,1,36",114,26,[NULL]
1,"8,3,32,1,30",114,26,[NULL]
2,"8,1,258,1,1",114,26,[NULL]
0,"8,1,112,1,30",115,25,[NULL]
1,"8,2,13,1,23,1,30",115,25,[NULL]
2,"8,1,259,1,1",115,25,[NULL]
0,"8,1,113,1,30",116,24,[NULL]
1,"8,1,13,1,51,1,30",116,24,[NULL]
2,"8,2,180,1,1",116,24,[NULL]
0,554,117,23,[NULL]
1,"162,1,30",117,23,[NULL]
2,"13,4,30",117,23,[NULL]
3,"8,1,9,1,167,1,1",117,23,[NULL]
0,"8,1,101,1,36",118,22,[NULL]
1,"13,3,32,1,14",118,22,[NULL]
2,"9,1,248,1,1",118,22,[NULL]
3,"8,1,260,1,1",118,22,[NULL]
0,555,119,21,[NULL]
1,"9,1,101,1,30",119,21,[NULL]
2,"292,1,6",119,21,[NULL]
0,"2,1,481",120,20,[NULL]
1,"316,1,4",120,20,[NULL]
2,"447,1,0",120,20,[NULL]
3,"1,1,420,1,0",120,20,[NULL]
0,558,121,19,[NULL]
1,557,121,19,[NULL]
2,556,121,19,[NULL]
3,"13,1,32,1,107",121,19,[NULL]
4,"420,1,1",121,19,[NULL]
0,"13,1,312",122,18,[NULL]
1,"13,1,105,1,28",122,18,[NULL]
2,"16,1,209,1,1",122,18,[NULL]
3,"13,3,75,1,0",122,18,[NULL]
0,559,123,17,[NULL]
1,"421,1,1",123,17,[NULL]
2,"17,1,209,1,1",123,17,[NULL]
3,"13,3,76,1,0",123,17,[NULL]
0,"188,1,23",124,16,[NULL]
1,"422,1,1",124,16,[NULL]
2,"8,1,261,1,1",124,16,[NULL]
3,"1,1,424,1,0",124,16,[NULL]
0,"189,1,23",125,15,[NULL]
1,"424,1,1",125,15,[NULL]
2,"423,1,1",125,15,[NULL]
3,"448,1,0",125,15,[NULL]
4,"3,2,287,1,0",125,15,[NULL]
0,560,126,14,[NULL]
1,"13,1,313",126,14,[NULL]
2,"23,1,181,1,1",126,14,[NULL]
3,"0,1,418,1,1",126,14,[NULL]
4,"449,1,0",126,14,[NULL]
5,"1,1,7,1,275,1,0",126,14,[NULL]
0,561,127,13,[NULL]
1,"190,1,23",127,13,[NULL]
2,"337,1,2",127,13,[NULL]
3,"76,1,82,1,1",127,13,[NULL]
4,"9,1,251,1,1",127,13,[NULL]
5,"7,1,275,1,1",127,13,[NULL]
6,"1,1,426,1,0",127,13,[NULL]
0,564,128,12,[NULL]
1,563,128,12,[NULL]
2,562,128,12,[NULL]
3,"239,1,14",128,12,[NULL]
4,"426,1,1",128,12,[NULL]
5,"425,1,1",128,12,[NULL]
6,"0,1,69,1,89,1,1",128,12,[NULL]
0,"0,1,544",129,11,[NULL]
1,"427,1,1",129,11,[NULL]
2,"1,1,413,1,1",129,11,[NULL]
3,"1,1,412,1,1",129,11,[NULL]
4,"0,1,419,1,1",129,11,[NULL]
5,"18,1,209,1,0",129,11,[NULL]
0,565,130,10,[NULL]
1,"2,1,496",130,10,[NULL]
2,"25,1,69,1,28",130,10,[NULL]
3,"428,1,1",130,10,[NULL]
4,"3,1,333,1,1",130,10,[NULL]
5,"2,1,373,1,1",130,10,[NULL]
6,"1,2,375,1,1",130,10,[NULL]
7,"450,1,0",130,10,[NULL]
0,568,131,9,[NULL]
1,567,131,9,[NULL]
2,566,131,9,[NULL]
3,"11,1,69,1,47",131,9,[NULL]
4,"2,1,376,1,1",131,9,[NULL]
5,"1,1,415,1,1",131,9,[NULL]
6,"3,1,352,1,0",131,9,[NULL]
7,"1,1,69,1,95,1,0",131,9,[NULL]
0,"0,1,549",132,8,[NULL]
1,"429,1,1",132,8,[NULL]
2,"69,1,95,1,1",132,8,[NULL]
3,"451,1,0",132,8,[NULL]
4,"2,2,69,1,76,1,0",132,8,[NULL]
0,569,133,7,[NULL]
1,"430,1,1",133,7,[NULL]
2,"3,1,69,1,76,1,0",133,7,[NULL]
0,570,134,6,[NULL]
1,"2,1,500",134,6,[NULL]
0,"3,1,444",135,5,[NULL]
1,"4,1,69,2,0",135,5,[NULL]
0,"69,2,4",136,4,[NULL]
1,"0,1,3,1,69,2,1",136,4,[NULL]
2,"4,1,324,1,0",136,4,[NULL]
0,"324,1,4",137,3,[NULL]
1,"0,1,3,1,324,1,1",137,3,[NULL]
0,"1,1,431,1,0",96,45,[NULL]
0,"431,1,1",97,44,[NULL]
0,"296,1,6",98,43,[NULL]
0,"325,1,4",99,42,[NULL]
0,"326,1,4",100,41,[NULL]
0,"8,2,182,1,1",101,40,[NULL]
0,"8,2,183,1,1",102,39,[NULL]
0,"16,1,17,1,111,1,1",103,38,[NULL]
0,"8,1,265,1,1",104,37,[NULL]
0,"8,4,71,1,1",105,36,[NULL]
0,"8,3,16,1,50,1,1",106,35,[NULL]
0,"432,1,1",107,34,[NULL]
1,"8,3,17,1,50,1,1",107,34,[NULL]
0,"433,1,1",108,33,[NULL]
1,"8,3,125,1,1",108,33,[NULL]
0,"8,1,224,1,4",109,32,[NULL]
1,"8,6,16,1,1",109,32,[NULL]
2,"452,1,0",109,32,[NULL]
0,"8,1,225,1,4",110,31,[NULL]
1,"343,1,2",110,31,[NULL]
2,"8,6,17,1,1",110,31,[NULL]
0,"343,1,3",111,30,[NULL]
1,"8,2,184,1,1",111,30,[NULL]
2,"8,4,16,1,23,1,1",111,30,[NULL]
0,"8,2,185,1,1",112,29,[NULL]
1,"8,5,42,1,1",112,29,[NULL]
2,"453,1,0",112,29,[NULL]
0,"8,1,17,1,147,1,1",113,28,[NULL]
1,"8,5,13,2,1",113,28,[NULL]
0,"17,2,113,1,1",114,27,[NULL]
1,"8,4,13,1,32,1,1",114,27,[NULL]
0,"8,3,13,2,23,1,1",115,26,[NULL]
1,"8,4,72,1,1",115,26,[NULL]
0,"260,1,9",116,25,[NULL]
1,"8,2,13,2,51,1,1",116,25,[NULL]
2,"8,3,127,1,1",116,25,[NULL]
3,"5,1,64,2,0",116,25,[NULL]
0,"260,1,10",117,24,[NULL]
1,"64,2,6",117,24,[NULL]
2,"8,1,13,5,1",117,24,[NULL]
3,"8,2,20,1,80,1,1",117,24,[NULL]
0,"299,1,6",118,23,[NULL]
1,"13,4,32,1,1",118,23,[NULL]
2,"8,2,186,1,1",118,23,[NULL]
3,"0,1,8,1,260,1,1",118,23,[NULL]
0,"434,1,1",119,22,[NULL]
1,"13,4,33,1,1",119,22,[NULL]
2,"8,1,9,1,13,1,101,1,1",119,22,[NULL]
3,"13,1,248,1,0",119,22,[NULL]
4,"8,1,278,1,0",119,22,[NULL]
5,"1,1,435,1,0",119,22,[NULL]
0,"13,1,316",120,21,[NULL]
1,"300,1,6",120,21,[NULL]
2,"327,1,4",120,21,[NULL]
3,"347,1,2",120,21,[NULL]
4,"435,1,1",120,21,[NULL]
5,"9,1,13,2,80,1,1",120,21,[NULL]
6,"454,1,0",120,21,[NULL]
7,"13,2,150,1,0",120,21,[NULL]
0,"0,1,557",121,20,[NULL]
1,"346,1,3",121,20,[NULL]
2,"8,2,187,1,1",121,20,[NULL]
3,"2,1,381,1,1",121,20,[NULL]
4,"455,1,0",121,20,[NULL]
0,"8,2,188,1,1",122,19,[NULL]
1,"7,1,278,1,1",122,19,[NULL]
2,"0,1,16,1,209,1,1",122,19,[NULL]
0,"13,1,95,1,30",123,18,[NULL]
1,"266,1,8",123,18,[NULL]
2,"22,1,188,1,1",123,18,[NULL]
3,"8,1,267,1,1",123,18,[NULL]
4,"8,1,279,1,0",123,18,[NULL]
5,"1,1,436,1,0",123,18,[NULL]
0,"13,2,75,1,14",124,17,[NULL]
1,"328,1,4",124,17,[NULL]
2,"436,1,1",124,17,[NULL]
3,"23,1,188,1,1",124,17,[NULL]
4,"3,1,359,1,0",124,17,[NULL]
0,"437,1,1",125,16,[NULL]
1,"23,1,189,1,1",125,16,[NULL]
2,"0,1,424,1,1",125,16,[NULL]
3,"1,1,438,1,0",125,16,[NULL]
0,"90,1,84",126,15,[NULL]
1,"438,1,1",126,15,[NULL]
2,"7,1,279,1,1",126,15,[NULL]
3,"456,1,0",126,15,[NULL]
4,"67,1,107,1,0",126,15,[NULL]
5,"1,1,439,1,0",126,15,[NULL]
0,"67,1,116",127,14,[NULL]
1,"75,1,107",127,14,[NULL]
2,"440,1,1",127,14,[NULL]
3,"439,1,1",127,14,[NULL]
4,"23,1,190,1,1",127,14,[NULL]
5,"1,1,418,1,1",127,14,[NULL]
6,"1,1,417,1,1",127,14,[NULL]
7,"457,1,0",127,14,[NULL]
8,"1,1,3,1,335,1,0",127,14,[NULL]
0,571,128,13,[NULL]
1,"181,1,28",128,13,[NULL]
2,"24,1,190,1,1",128,13,[NULL]
3,"3,1,335,1,1",128,13,[NULL]
4,"0,1,425,1,1",128,13,[NULL]
5,"458,1,0",128,13,[NULL]
6,"13,1,251,1,0",128,13,[NULL]
7,"3,1,363,1,0",128,13,[NULL]
0,572,129,12,[NULL]
1,"25,1,190,1,1",129,12,[NULL]
2,"3,1,336,1,1",129,12,[NULL]
3,"0,1,427,1,1",129,12,[NULL]
4,"459,1,0",129,12,[NULL]
5,"76,1,95,1,0",129,12,[NULL]
0,"91,1,84",130,11,[NULL]
1,"333,1,4",130,11,[NULL]
2,"0,1,428,1,1",130,11,[NULL]
3,"462,1,0",130,11,[NULL]
4,"461,1,0",130,11,[NULL]
5,"1,1,442,1,0",130,11,[NULL]
0,573,131,10,[NULL]
1,"442,1,1",131,10,[NULL]
2,"441,1,1",131,10,[NULL]
3,"2,1,69,1,82,1,1",131,10,[NULL]
4,"463,1,0",131,10,[NULL]
5,"18,1,213,1,0",131,10,[NULL]
6,"3,1,366,1,0",131,10,[NULL]
0,574,132,9,[NULL]
1,"444,1,1",132,9,[NULL]
2,"443,1,1",132,9,[NULL]
3,"0,1,69,1,95,1,1",132,9,[NULL]
4,"464,1,0",132,9,[NULL]
5,"69,1,107,1,0",132,9,[NULL]
6,"3,1,367,1,0",132,9,[NULL]
7,"1,1,445,1,0",132,9,[NULL]
0,"3,1,457",133,8,[NULL]
1,"69,1,76,1,3",133,8,[NULL]
2,"445,1,1",133,8,[NULL]
3,"2,1,396,1,1",133,8,[NULL]
4,"466,1,0",133,8,[NULL]
5,"465,1,0",133,8,[NULL]
6,"2,2,368,1,0",133,8,[NULL]
0,"3,1,69,1,84",134,7,[NULL]
1,"3,1,339,1,1",134,7,[NULL]
2,"2,1,398,1,1",134,7,[NULL]
3,"467,1,0",134,7,[NULL]
4,"3,1,368,1,0",134,7,[NULL]
5,"1,1,446,1,0",134,7,[NULL]
0,"69,2,5",135,6,[NULL]
1,"446,1,1",135,6,[NULL]
2,"3,1,340,1,1",135,6,[NULL]
3,"2,1,400,1,1",135,6,[NULL]
4,"468,1,0",135,6,[NULL]
0,"324,1,5",136,5,[NULL]
1,"0,1,69,2,4",136,5,[NULL]
2,"3,1,341,1,1",136,5,[NULL]
3,"1,2,3,1,69,2,0",136,5,[NULL]
0,"0,1,324,1,4",137,4,[NULL]
1,"1,1,3,1,69,2,1",137,4,[NULL]
2,"1,2,3,1,324,1,0",137,4,[NULL]
0,"1,1,3,1,324,1,1",138,3,[NULL]
0,575,95,47,[NULL]
0,576,96,46,[NULL]
0,"0,1,431,1,1",97,45,[NULL]
0,"469,1,0",98,44,[NULL]
0,"470,1,0",99,43,[NULL]
0,"16,1,183,1,2",100,42,[NULL]
0,"0,1,8,2,182,1,1",101,41,[NULL]
0,"8,2,199,1,0",102,40,[NULL]
0,"1,2,402,1,1",106,36,[NULL]
0,"0,1,432,1,1",107,35,[NULL]
0,"16,1,224,1,0",108,34,[NULL]
0,"16,1,225,1,0",109,33,[NULL]
0,"17,1,225,1,0",110,32,[NULL]
0,"0,1,8,2,184,1,1",111,31,[NULL]
0,"8,3,137,1,0",112,30,[NULL]
0,577,113,29,[NULL]
1,"8,3,138,1,0",113,29,[NULL]
0,578,114,28,[NULL]
0,"31,1,203",115,27,[NULL]
0,"17,1,282",116,26,[NULL]
0,"149,1,39",117,25,[NULL]
1,"0,1,64,2,6",117,25,[NULL]
0,"160,1,36",118,24,[NULL]
1,"64,1,112,1,0",118,24,[NULL]
0,"166,1,30",119,23,[NULL]
1,"64,1,113,1,0",119,23,[NULL]
0,"167,1,30",120,22,[NULL]
1,"13,2,51,1,28",120,22,[NULL]
2,"471,1,0",120,22,[NULL]
0,"248,1,14",121,21,[NULL]
1,"0,1,8,2,187,1,1",121,21,[NULL]
2,"13,3,80,1,0",121,21,[NULL]
3,"1,1,447,1,0",121,21,[NULL]
0,"2,1,517",122,20,[NULL]
1,"447,1,1",122,20,[NULL]
2,"1,1,420,1,1",122,20,[NULL]
3,"0,1,7,1,278,1,1",122,20,[NULL]
4,"8,2,201,1,0",122,20,[NULL]
0,579,123,19,[NULL]
1,"8,1,9,1,188,1,0",123,19,[NULL]
0,"8,1,370",124,18,[NULL]
1,"13,3,75,1,1",124,18,[NULL]
2,"9,1,267,1,0",124,18,[NULL]
0,"7,1,388",125,17,[NULL]
1,"9,1,346",125,17,[NULL]
2,"13,3,76,1,1",125,17,[NULL]
3,"0,1,437,1,1",125,17,[NULL]
4,"472,1,0",125,17,[NULL]
0,580,126,16,[NULL]
1,"9,1,347",126,16,[NULL]
2,"188,1,28",126,16,[NULL]
3,"1,1,424,1,1",126,16,[NULL]
4,"0,1,438,1,1",126,16,[NULL]
5,"473,1,0",126,16,[NULL]
6,"1,1,448,1,0",126,16,[NULL]
0,581,127,15,[NULL]
1,"189,1,28",127,15,[NULL]
2,"448,1,1",127,15,[NULL]
3,"3,2,287,1,1",127,15,[NULL]
4,"0,1,439,1,1",127,15,[NULL]
0,583,128,14,[NULL]
1,582,128,14,[NULL]
2,"311,1,6",128,14,[NULL]
3,"449,1,1",128,14,[NULL]
4,"1,1,7,1,275,1,1",128,14,[NULL]
0,584,129,13,[NULL]
1,"190,1,28",129,13,[NULL]
2,"336,1,4",129,13,[NULL]
3,"69,1,72,1,4",129,13,[NULL]
4,"1,1,426,1,1",129,13,[NULL]
5,"475,1,0",129,13,[NULL]
6,"474,1,0",129,13,[NULL]
0,585,130,12,[NULL]
1,"191,1,28",130,12,[NULL]
2,"251,1,14",130,12,[NULL]
3,"337,1,4",130,12,[NULL]
4,"366,1,2",130,12,[NULL]
5,"1,1,427,1,1",130,12,[NULL]
6,"476,1,0",130,12,[NULL]
0,587,131,11,[NULL]
1,586,131,11,[NULL]
2,"2,1,529",131,11,[NULL]
3,"338,1,4",131,11,[NULL]
4,"367,1,2",131,11,[NULL]
5,"18,1,209,1,1",131,11,[NULL]
6,"0,1,442,1,1",131,11,[NULL]
7,"477,1,0",131,11,[NULL]
8,"1,1,450,1,0",131,11,[NULL]
0,589,132,10,[NULL]
1,588,132,10,[NULL]
2,"3,1,468",132,10,[NULL]
3,"2,1,69,1,107",132,10,[NULL]
4,"3,1,69,1,89",132,10,[NULL]
5,"13,1,69,1,47",132,10,[NULL]
6,"450,1,1",132,10,[NULL]
7,"0,1,443,1,1",132,10,[NULL]
8,"478,1,0",132,10,[NULL]
9,"2,2,376,1,0",132,10,[NULL]
0,591,133,9,[NULL]
1,590,133,9,[NULL]
2,"13,1,330",133,9,[NULL]
3,"69,1,120",133,9,[NULL]
4,"3,1,352,1,1",133,9,[NULL]
5,"1,1,69,1,95,1,1",133,9,[NULL]
6,"0,1,445,1,1",133,9,[NULL]
7,"479,1,0",133,9,[NULL]
8,"3,1,376,1,0",133,9,[NULL]
9,"2,1,69,1,95,1,0",133,9,[NULL]
0,593,134,8,[NULL]
1,592,134,8,[NULL]
2,"368,1,3",134,8,[NULL]
3,"451,1,1",134,8,[NULL]
4,"2,2,69,1,76,1,1",134,8,[NULL]
5,"0,1,3,1,339,1,1",134,8,[NULL]
6,"480,1,0",134,8,[NULL]
7,"1,1,3,1,69,1,76,1,0",134,8,[NULL]
0,"3,1,469",135,7,[NULL]
1,"340,1,4",135,7,[NULL]
2,"3,1,69,1,76,1,1",135,7,[NULL]
3,"0,1,446,1,1",135,7,[NULL]
4,"3,1,377,1,0",135,7,[NULL]
0,"2,1,536",136,6,[NULL]
1,"341,1,4",136,6,[NULL]
2,"1,1,4,1,69,2,0",136,6,[NULL]
0,"4,1,69,2,1",137,5,[NULL]
1,"1,1,4,1,324,1,0",137,5,[NULL]
0,"4,1,324,1,1",138,4,[NULL]
0,"1,2,431,1,0",97,46,[NULL]
0,"1,1,431,1,1",98,45,[NULL]
0,594,103,40,[NULL]
0,595,104,39,[NULL]
0,596,105,38,[NULL]
0,"152,1,39",106,37,[NULL]
0,"8,1,110,1,36",107,36,[NULL]
0,"8,1,116,1,30",108,35,[NULL]
0,"8,1,117,1,30",109,34,[NULL]
0,"17,1,78,1,30",110,33,[NULL]
1,"1,1,452,1,0",110,33,[NULL]
0,"171,1,30",111,32,[NULL]
1,"452,1,1",111,32,[NULL]
0,597,112,31,[NULL]
1,"8,3,39,1,30",112,31,[NULL]
0,"8,3,40,1,30",113,30,[NULL]
1,"343,1,4",113,30,[NULL]
2,"1,1,453,1,0",113,30,[NULL]
0,"137,1,49",114,29,[NULL]
1,"8,2,17,1,20,1,30",114,29,[NULL]
2,"246,1,15",114,29,[NULL]
3,"453,1,1",114,29,[NULL]
0,"138,1,49",115,28,[NULL]
1,"8,2,63,1,30",115,28,[NULL]
2,"8,1,16,1,149,1,1",115,28,[NULL]
0,"16,1,64,1,39",116,27,[NULL]
1,"8,3,9,1,13,1,30",116,27,[NULL]
2,"8,1,17,1,149,1,1",116,27,[NULL]
0,"8,1,112,1,36",117,26,[NULL]
1,"8,2,9,1,32,1,30",117,26,[NULL]
2,"8,1,277,1,1",117,26,[NULL]
3,"1,1,5,1,64,2,0",117,26,[NULL]
0,"8,1,9,1,13,1,23,1,30",118,25,[NULL]
1,"8,2,64,1,30",118,25,[NULL]
2,"8,2,193,1,1",118,25,[NULL]
3,"5,1,64,2,1",118,25,[NULL]
0,"9,1,13,1,51,1,30",119,24,[NULL]
1,"8,1,118,1,30",119,24,[NULL]
2,"260,1,11",119,24,[NULL]
3,"8,2,194,1,1",119,24,[NULL]
0,598,120,23,[NULL]
1,"17,1,80,1,30",120,23,[NULL]
2,"8,1,13,1,167,1,1",120,23,[NULL]
0,"173,1,30",121,22,[NULL]
1,"13,1,248,1,1",121,22,[NULL]
2,"8,1,278,1,1",121,22,[NULL]
3,"1,1,435,1,1",121,22,[NULL]
0,599,122,21,[NULL]
1,"13,1,101,1,30",122,21,[NULL]
2,"454,1,1",122,21,[NULL]
3,"13,2,150,1,1",122,21,[NULL]
0,"346,1,4",123,20,[NULL]
1,"455,1,1",123,20,[NULL]
2,"13,3,83,1,0",123,20,[NULL]
0,600,124,19,[NULL]
0,601,125,18,[NULL]
1,"8,1,279,1,1",125,18,[NULL]
2,"1,1,436,1,1",125,18,[NULL]
0,602,126,17,[NULL]
1,"23,1,75,1,28",126,17,[NULL]
2,"8,1,280,1,1",126,17,[NULL]
3,"3,1,359,1,1",126,17,[NULL]
0,603,127,16,[NULL]
1,"9,1,261,1,1",127,16,[NULL]
2,"1,1,438,1,1",127,16,[NULL]
3,"0,1,448,1,1",127,16,[NULL]
4,"1,2,439,1,0",127,16,[NULL]
0,604,128,15,[NULL]
1,"456,1,1",128,15,[NULL]
2,"67,1,107,1,1",128,15,[NULL]
3,"1,1,439,1,1",128,15,[NULL]
4,"481,1,0",128,15,[NULL]
5,"69,1,112,1,0",128,15,[NULL]
6,"1,1,457,1,0",128,15,[NULL]
0,605,129,14,[NULL]
1,"457,1,1",129,14,[NULL]
2,"68,1,107,1,1",129,14,[NULL]
3,"1,1,3,1,335,1,1",129,14,[NULL]
4,"482,1,0",129,14,[NULL]
5,"69,1,113,1,0",129,14,[NULL]
0,606,130,13,[NULL]
1,"3,1,474",130,13,[NULL]
2,"13,1,337",130,13,[NULL]
3,"458,1,1",130,13,[NULL]
4,"13,1,251,1,1",130,13,[NULL]
5,"3,1,363,1,1",130,13,[NULL]
6,"483,1,0",130,13,[NULL]
0,607,131,12,[NULL]
1,"174,1,33",131,12,[NULL]
2,"460,1,1",131,12,[NULL]
3,"459,1,1",131,12,[NULL]
4,"76,1,95,1,1",131,12,[NULL]
5,"3,1,365,1,1",131,12,[NULL]
6,"0,1,18,1,209,1,1",131,12,[NULL]
7,"484,1,0",131,12,[NULL]
8,"3,1,386,1,0",131,12,[NULL]
0,609,132,11,[NULL]
1,608,132,11,[NULL]
2,"462,1,1",132,11,[NULL]
3,"461,1,1",132,11,[NULL]
4,"69,1,104,1,1",132,11,[NULL]
5,"1,1,442,1,1",132,11,[NULL]
6,"0,1,450,1,1",132,11,[NULL]
7,"486,1,0",132,11,[NULL]
8,"485,1,0",132,11,[NULL]
9,"3,1,389,1,0",132,11,[NULL]
0,610,133,10,[NULL]
1,"3,1,476",133,10,[NULL]
2,"352,1,4",133,10,[NULL]
3,"376,1,3",133,10,[NULL]
4,"463,1,1",133,10,[NULL]
5,"18,1,213,1,1",133,10,[NULL]
6,"3,1,366,1,1",133,10,[NULL]
7,"3,1,391,1,0",133,10,[NULL]
8,"3,1,390,1,0",133,10,[NULL]
0,"0,1,592",134,9,[NULL]
1,"353,1,4",134,9,[NULL]
2,"69,1,75,1,4",134,9,[NULL]
3,"464,1,1",134,9,[NULL]
4,"69,1,107,1,1",134,9,[NULL]
5,"3,1,367,1,1",134,9,[NULL]
6,"1,1,445,1,1",134,9,[NULL]
7,"3,1,394,1,0",134,9,[NULL]
8,"3,1,392,1,0",134,9,[NULL]
9,"2,1,445,1,0",134,9,[NULL]
0,"2,1,549",135,8,[NULL]
1,"3,1,478",135,8,[NULL]
2,"69,1,76,1,4",135,8,[NULL]
3,"466,1,1",135,8,[NULL]
4,"465,1,1",135,8,[NULL]
5,"2,2,368,1,1",135,8,[NULL]
6,"3,1,397,1,0",135,8,[NULL]
7,"3,1,396,1,0",135,8,[NULL]
8,"1,2,446,1,0",135,8,[NULL]
0,"467,1,1",136,7,[NULL]
1,"3,1,368,1,1",136,7,[NULL]
2,"1,1,446,1,1",136,7,[NULL]
3,"5,1,69,2,0",136,7,[NULL]
4,"3,1,399,1,0",136,7,[NULL]
5,"3,1,398,1,0",136,7,[NULL]
0,"69,2,6",137,6,[NULL]
1,"468,1,1",137,6,[NULL]
2,"5,1,324,1,0",137,6,[NULL]
3,"3,1,400,1,0",137,6,[NULL]
0,"324,1,6",138,5,[NULL]
1,"1,2,3,1,69,2,1",138,5,[NULL]
0,"1,2,3,1,324,1,1",139,4,[NULL]
0,"487,1,0",97,47,[NULL]
0,611,98,46,[NULL]
0,"469,1,1",100,44,[NULL]
0,"470,1,1",101,43,[NULL]
0,"8,1,236,1,4",102,42,[NULL]
0,"16,1,183,1,4",103,41,[NULL]
0,"8,2,199,1,1",104,40,[NULL]
0,"8,2,200,1,1",105,39,[NULL]
0,"8,1,17,1,153,1,1",106,38,[NULL]
0,"8,1,283,1,1",107,37,[NULL]
0,"8,4,77,1,1",108,36,[NULL]
0,612,109,35,[NULL]
1,"8,4,78,1,1",109,35,[NULL]
0,"16,1,224,1,1",110,34,[NULL]
1,"8,3,17,1,56,1,1",110,34,[NULL]
0,"16,1,225,1,1",111,33,[NULL]
1,"8,3,136,1,1",111,33,[NULL]
2,"0,1,452,1,1",111,33,[NULL]
0,"17,1,225,1,1",112,32,[NULL]
1,"8,6,19,1,1",112,32,[NULL]
2,"488,1,0",112,32,[NULL]
0,"8,1,238,1,4",113,31,[NULL]
1,"8,1,244,1,2",113,31,[NULL]
2,"8,6,20,1,1",113,31,[NULL]
0,"8,3,137,1,1",114,30,[NULL]
1,"8,5,45,1,1",114,30,[NULL]
2,"489,1,0",114,30,[NULL]
0,"8,3,138,1,1",115,29,[NULL]
1,"8,5,46,1,1",115,29,[NULL]
0,"8,1,16,1,154,1,1",116,28,[NULL]
1,"8,4,9,1,13,2,1",116,28,[NULL]
0,"8,1,17,1,154,1,1",117,27,[NULL]
1,"8,3,9,1,13,1,32,1,1",117,27,[NULL]
0,"8,2,9,1,13,2,23,1,1",118,26,[NULL]
1,"8,4,79,1,1",118,26,[NULL]
2,"491,1,0",118,26,[NULL]
0,"380,1,2",119,25,[NULL]
1,"8,1,9,1,13,2,51,1,1",119,25,[NULL]
2,"8,4,80,1,1",119,25,[NULL]
0,"380,1,3",120,24,[NULL]
1,"64,1,112,1,1",120,24,[NULL]
2,"9,1,13,5,1",120,24,[NULL]
3,"8,2,22,1,80,1,1",120,24,[NULL]
0,"64,1,113,1,1",121,23,[NULL]
1,"8,2,23,1,80,1,1",121,23,[NULL]
2,"0,1,8,1,278,1,1",121,23,[NULL]
0,"347,1,5",122,22,[NULL]
1,"471,1,1",122,22,[NULL]
2,"8,1,13,2,101,1,1",122,22,[NULL]
3,"8,1,291,1,0",122,22,[NULL]
0,"194,1,28",123,21,[NULL]
1,"16,1,188,1,4",123,21,[NULL]
2,"13,3,80,1,1",123,21,[NULL]
3,"1,1,447,1,1",123,21,[NULL]
4,"0,1,455,1,1",123,21,[NULL]
5,"8,1,292,1,0",123,21,[NULL]
0,"13,1,105,1,30",124,20,[NULL]
1,"292,1,7",124,20,[NULL]
2,"356,1,4",124,20,[NULL]
3,"8,2,201,1,1",124,20,[NULL]
4,"492,1,0",124,20,[NULL]
0,613,125,19,[NULL]
1,"13,2,83,1,14",125,19,[NULL]
2,"8,1,9,1,188,1,1",125,19,[NULL]
3,"8,1,293,1,0",125,19,[NULL]
0,"9,1,267,1,1",126,18,[NULL]
1,"0,1,3,1,359,1,1",126,18,[NULL]
0,"285,1,8",127,17,[NULL]
1,"472,1,1",127,17,[NULL]
2,"493,1,0",127,17,[NULL]
3,"1,2,448,1,0",127,17,[NULL]
0,"473,1,1",128,16,[NULL]
1,"1,1,448,1,1",128,16,[NULL]
2,"494,1,0",128,16,[NULL]
3,"13,1,261,1,0",128,16,[NULL]
0,"189,1,29",129,15,[NULL]
1,"495,1,0",129,15,[NULL]
2,"13,1,262,1,0",129,15,[NULL]
0,614,130,14,[NULL]
1,"74,1,107,1,0",130,14,[NULL]
2,"9,1,281,1,0",130,14,[NULL]
3,"3,1,407,1,0",130,14,[NULL]
0,"197,1,28",131,13,[NULL]
1,"475,1,1",131,13,[NULL]
2,"474,1,1",131,13,[NULL]
3,"496,1,0",131,13,[NULL]
4,"76,1,107,1,0",131,13,[NULL]
0,616,132,12,[NULL]
1,615,132,12,[NULL]
2,"476,1,1",132,12,[NULL]
3,"497,1,0",132,12,[NULL]
4,"1,1,477,1,0",132,12,[NULL]
0,618,133,11,[NULL]
1,617,133,11,[NULL]
2,"366,1,4",133,11,[NULL]
3,"477,1,1",133,11,[NULL]
4,"1,1,450,1,1",133,11,[NULL]
5,"3,1,412,1,0",133,11,[NULL]
6,"2,1,450,1,0",133,11,[NULL]
7,"1,1,478,1,0",133,11,[NULL]
0,620,134,10,[NULL]
1,619,134,10,[NULL]
2,"3,1,496",134,10,[NULL]
3,"367,1,4",134,10,[NULL]
4,"478,1,1",134,10,[NULL]
5,"2,2,376,1,1",134,10,[NULL]
6,"1,1,479,1,0",134,10,[NULL]
0,621,135,9,[NULL]
1,"3,1,69,1,98",135,9,[NULL]
2,"479,1,1",135,9,[NULL]
3,"3,1,376,1,1",135,9,[NULL]
4,"2,1,69,1,95,1,1",135,9,[NULL]
0,622,136,8,[NULL]
1,"3,1,497",136,8,[NULL]
2,"368,1,4",136,8,[NULL]
3,"480,1,1",136,8,[NULL]
4,"1,1,3,1,69,1,76,1,1",136,8,[NULL]
0,623,137,7,[NULL]
1,"3,1,499",137,7,[NULL]
2,"0,1,69,2,6",137,7,[NULL]
3,"3,1,377,1,1",137,7,[NULL]
0,"3,1,500",138,6,[NULL]
1,"0,1,324,1,6",138,6,[NULL]
2,"3,1,378,1,1",138,6,[NULL]
3,"1,1,4,1,69,2,1",138,6,[NULL]
0,"2,1,69,2,4",139,5,[NULL]
1,"1,1,4,1,324,1,1",139,5,[NULL]
0,"2,1,324,1,4",140,4,[NULL]
0,624,97,48,[NULL]
0,"0,1,611",98,47,[NULL]
0,"1,2,431,1,1",99,46,[NULL]
0,"0,1,469,1,1",100,45,[NULL]
0,"8,1,295,1,0",101,44,[NULL]
0,"8,1,296,1,0",102,43,[NULL]
0,"8,1,253,1,2",103,42,[NULL]
0,"498,1,0",104,41,[NULL]
0,"402,1,2",108,37,[NULL]
0,"403,1,2",109,36,[NULL]
0,"0,1,16,1,224,1,1",110,35,[NULL]
0,"8,1,297,1,0",111,34,[NULL]
1,"1,2,452,1,0",111,34,[NULL]
0,"1,1,452,1,1",112,33,[NULL]
1,"8,1,298,1,0",112,33,[NULL]
0,"17,1,238,1,0",113,32,[NULL]
0,"0,1,8,3,137,1,1",114,31,[NULL]
0,"1,1,453,1,1",115,30,[NULL]
1,"8,3,146,1,0",115,30,[NULL]
0,625,116,29,[NULL]
0,"31,1,216",117,28,[NULL]
0,"39,1,203",118,27,[NULL]
0,"40,1,203",119,26,[NULL]
1,"1,1,5,1,64,2,1",119,26,[NULL]
0,"160,1,39",120,25,[NULL]
1,"0,1,64,1,112,1,1",120,25,[NULL]
0,"166,1,36",121,24,[NULL]
1,"13,6,0",121,24,[NULL]
2,"8,1,64,2,0",121,24,[NULL]
0,"180,1,30",122,23,[NULL]
1,"13,3,23,1,24,1,0",122,23,[NULL]
2,"8,1,299,1,0",122,23,[NULL]
0,"499,1,0",123,22,[NULL]
0,626,124,21,[NULL]
1,"0,1,8,2,201,1,1",124,21,[NULL]
0,627,125,20,[NULL]
1,"13,3,83,1,1",125,20,[NULL]
2,"8,2,212,1,0",125,20,[NULL]
0,"16,1,306",126,19,[NULL]
1,"9,1,13,2,95,1,1",126,19,[NULL]
2,"13,1,266,1,0",126,19,[NULL]
3,"8,1,13,1,188,1,0",126,19,[NULL]
0,"17,1,306",127,18,[NULL]
1,"501,1,0",127,18,[NULL]
2,"500,1,0",127,18,[NULL]
3,"13,1,267,1,0",127,18,[NULL]
4,"9,1,286,1,0",127,18,[NULL]
0,630,128,17,[NULL]
1,629,128,17,[NULL]
2,628,128,17,[NULL]
3,"7,1,411",128,17,[NULL]
4,"13,1,346",128,17,[NULL]
5,"13,1,268,1,0",128,17,[NULL]
0,632,129,16,[NULL]
1,631,129,16,[NULL]
2,"13,1,347",129,16,[NULL]
3,"1,2,439,1,1",129,16,[NULL]
0,"261,1,14",130,15,[NULL]
1,"481,1,1",130,15,[NULL]
2,"69,1,112,1,1",130,15,[NULL]
3,"2,1,439,1,1",130,15,[NULL]
4,"1,1,457,1,1",130,15,[NULL]
5,"23,1,213,1,0",130,15,[NULL]
0,633,131,14,[NULL]
1,"209,1,24",131,14,[NULL]
2,"262,1,14",131,14,[NULL]
3,"482,1,1",131,14,[NULL]
4,"69,1,113,1,1",131,14,[NULL]
5,"0,1,475,1,1",131,14,[NULL]
6,"7,1,319,1,0",131,14,[NULL]
7,"3,1,417,1,0",131,14,[NULL]
0,636,132,13,[NULL]
1,635,132,13,[NULL]
2,634,132,13,[NULL]
3,"107,1,84",132,13,[NULL]
4,"483,1,1",132,13,[NULL]
5,"1,1,459,1,1",132,13,[NULL]
6,"502,1,0",132,13,[NULL]
0,638,133,12,[NULL]
1,637,133,12,[NULL]
2,"0,1,617",133,12,[NULL]
3,"69,1,80,1,4",133,12,[NULL]
4,"414,1,2",133,12,[NULL]
5,"484,1,1",133,12,[NULL]
6,"3,1,386,1,1",133,12,[NULL]
7,"1,2,442,1,1",133,12,[NULL]
8,"1,1,486,1,0",133,12,[NULL]
9,"1,1,485,1,0",133,12,[NULL]
0,"3,1,512",134,11,[NULL]
1,"3,1,511",134,11,[NULL]
2,"0,1,3,1,496",134,11,[NULL]
3,"373,1,4",134,11,[NULL]
4,"415,1,2",134,11,[NULL]
5,"486,1,1",134,11,[NULL]
6,"485,1,1",134,11,[NULL]
7,"3,1,389,1,1",134,11,[NULL]
8,"503,1,0",134,11,[NULL]
9,"7,1,321,1,0",134,11,[NULL]
0,"0,1,621",135,10,[NULL]
1,"3,1,513",135,10,[NULL]
2,"376,1,4",135,10,[NULL]
3,"415,1,3",135,10,[NULL]
4,"3,1,391,1,1",135,10,[NULL]
5,"3,1,390,1,1",135,10,[NULL]
6,"0,1,479,1,1",135,10,[NULL]
7,"7,1,322,1,0",135,10,[NULL]
0,639,136,9,[NULL]
1,"3,1,514",136,9,[NULL]
2,"3,1,394,1,1",136,9,[NULL]
3,"3,1,392,1,1",136,9,[NULL]
4,"2,1,445,1,1",136,9,[NULL]
5,"0,1,480,1,1",136,9,[NULL]
6,"504,1,0",136,9,[NULL]
0,"3,1,515",137,8,[NULL]
1,"3,1,397,1,1",137,8,[NULL]
2,"3,1,396,1,1",137,8,[NULL]
3,"1,2,446,1,1",137,8,[NULL]
4,"7,1,323,1,0",137,8,[NULL]
5,"1,1,5,1,69,2,0",137,8,[NULL]
0,"5,1,69,2,1",138,7,[NULL]
1,"3,1,399,1,1",138,7,[NULL]
2,"3,1,398,1,1",138,7,[NULL]
3,"3,1,69,1,93,1,0",138,7,[NULL]
4,"1,1,5,1,324,1,0",138,7,[NULL]
0,"5,1,324,1,1",139,6,[NULL]
1,"3,1,400,1,1",139,6,[NULL]
2,"505,1,0",139,6,[NULL]
0,"507,1,0",140,5,[NULL]
1,"506,1,0",140,5,[NULL]
0,"508,1,0",141,4,[NULL]
0,"3,2,324,1,0",142,3,[NULL]
0,"7,1,324,1,0",143,2,[NULL]
0,"1,1,487,1,0",98,48,[NULL]
0,"487,1,1",99,47,[NULL]
0,640,105,41,[NULL]
0,641,106,40,[NULL]
0,"182,1,30",107,39,[NULL]
0,"183,1,30",108,38,[NULL]
0,"8,1,110,1,39",109,37,[NULL]
0,"8,1,116,1,36",110,36,[NULL]
0,"8,2,71,1,30",111,35,[NULL]
0,"8,1,16,1,50,1,30",112,34,[NULL]
0,"8,1,17,1,50,1,30",113,33,[NULL]
0,"8,1,125,1,30",114,32,[NULL]
1,"488,1,1",114,32,[NULL]
0,642,115,31,[NULL]
1,"8,4,16,1,30",115,31,[NULL]
0,"137,1,60",116,30,[NULL]
1,"8,4,17,1,30",116,30,[NULL]
2,"489,1,1",116,30,[NULL]
0,"184,1,30",117,29,[NULL]
1,"8,2,16,1,23,1,30",117,29,[NULL]
2,"490,1,1",117,29,[NULL]
0,"185,1,30",118,28,[NULL]
1,"8,3,42,1,30",118,28,[NULL]
2,"8,2,206,1,1",118,28,[NULL]
0,"8,1,112,1,39",119,27,[NULL]
1,"8,3,13,2,30",119,27,[NULL]
2,"8,1,17,1,160,1,1",119,27,[NULL]
3,"1,1,491,1,0",119,27,[NULL]
0,"8,2,64,1,36",120,26,[NULL]
1,"8,2,13,1,32,1,30",120,26,[NULL]
2,"491,1,1",120,26,[NULL]
3,"8,2,207,1,1",120,26,[NULL]
0,643,121,25,[NULL]
1,"8,1,13,2,23,1,30",121,25,[NULL]
2,"8,2,72,1,30",121,25,[NULL]
3,"8,2,208,1,1",121,25,[NULL]
0,"13,2,51,1,30",122,24,[NULL]
1,"8,1,127,1,30",122,24,[NULL]
2,"380,1,4",122,24,[NULL]
3,"8,1,9,1,194,1,1",122,24,[NULL]
0,"8,1,399",123,23,[NULL]
1,"20,1,80,1,30",123,23,[NULL]
2,"260,1,16",123,23,[NULL]
3,"13,5,14",123,23,[NULL]
4,"9,1,13,1,167,1,1",123,23,[NULL]
5,"5,1,347,1,0",123,23,[NULL]
0,644,124,22,[NULL]
1,"186,1,30",124,22,[NULL]
2,"347,1,6",124,22,[NULL]
3,"8,1,291,1,1",124,22,[NULL]
0,645,125,21,[NULL]
1,"8,1,292,1,1",125,21,[NULL]
0,"13,3,107",126,20,[NULL]
1,"292,1,8",126,20,[NULL]
2,"492,1,1",126,20,[NULL]
3,"510,1,0",126,20,[NULL]
0,646,127,19,[NULL]
1,"23,1,267",127,19,[NULL]
2,"187,1,30",127,19,[NULL]
3,"23,1,83,1,28",127,19,[NULL]
4,"349,1,6",127,19,[NULL]
5,"8,1,293,1,1",127,19,[NULL]
6,"13,3,95,1,0",127,19,[NULL]
0,"0,1,630",128,18,[NULL]
1,"150,1,47",128,18,[NULL]
2,"188,1,30",128,18,[NULL]
3,"266,1,14",128,18,[NULL]
4,"8,2,209,1,1",128,18,[NULL]
5,"13,2,164,1,0",128,18,[NULL]
6,"1,1,493,1,0",128,18,[NULL]
0,"212,1,23",129,17,[NULL]
1,"267,1,14",129,17,[NULL]
2,"493,1,1",129,17,[NULL]
3,"8,1,294,1,1",129,17,[NULL]
4,"1,2,448,1,1",129,17,[NULL]
5,"2,1,473,1,0",129,17,[NULL]
6,"1,1,494,1,0",129,17,[NULL]
0,"107,1,89",130,16,[NULL]
1,"494,1,1",130,16,[NULL]
2,"13,1,261,1,1",130,16,[NULL]
3,"0,1,481,1,1",130,16,[NULL]
4,"0,1,69,1,112,1,1",130,16,[NULL]
5,"7,1,328,1,0",130,16,[NULL]
6,"1,1,495,1,0",130,16,[NULL]
0,"36,1,215",131,15,[NULL]
1,"107,1,90",131,15,[NULL]
2,"190,1,30",131,15,[NULL]
3,"495,1,1",131,15,[NULL]
4,"13,1,262,1,1",131,15,[NULL]
5,"8,1,64,1,69,1,0",131,15,[NULL]
0,"7,1,422",132,14,[NULL]
1,"189,1,33",132,14,[NULL]
2,"213,1,23",132,14,[NULL]
3,"74,1,107,1,1",132,14,[NULL]
4,"9,1,281,1,1",132,14,[NULL]
5,"3,1,407,1,1",132,14,[NULL]
6,"8,1,312,1,0",132,14,[NULL]
0,647,133,13,[NULL]
1,"496,1,1",133,13,[NULL]
2,"76,1,107,1,1",133,13,[NULL]
3,"0,1,484,1,1",133,13,[NULL]
4,"0,1,3,1,386,1,1",133,13,[NULL]
5,"8,1,314,1,0",133,13,[NULL]
6,"3,1,425,1,0",133,13,[NULL]
0,"419,1,3",134,12,[NULL]
1,"497,1,1",134,12,[NULL]
2,"1,1,477,1,1",134,12,[NULL]
3,"0,1,486,1,1",134,12,[NULL]
4,"0,1,485,1,1",134,12,[NULL]
5,"0,1,3,1,389,1,1",134,12,[NULL]
6,"511,1,0",134,12,[NULL]
7,"1,1,3,1,412,1,0",134,12,[NULL]
0,648,135,11,[NULL]
1,"69,1,82,1,4",135,11,[NULL]
2,"7,1,311,1,1",135,11,[NULL]
3,"3,1,412,1,1",135,11,[NULL]
4,"2,1,450,1,1",135,11,[NULL]
5,"1,1,478,1,1",135,11,[NULL]
6,"3,1,428,1,0",135,11,[NULL]
7,"3,2,333,1,0",135,11,[NULL]
0,"69,1,85,1,4",136,10,[NULL]
1,"7,1,314,1,1",136,10,[NULL]
2,"1,1,479,1,1",136,10,[NULL]
3,"512,1,0",136,10,[NULL]
4,"7,1,333,1,0",136,10,[NULL]
0,"396,1,4",137,9,[NULL]
1,"513,1,0",137,9,[NULL]
0,"69,1,138",138,8,[NULL]
1,"398,1,4",138,8,[NULL]
0,"3,1,534",139,7,[NULL]
1,"3,1,533",139,7,[NULL]
2,"69,1,139",139,7,[NULL]
0,"3,1,536",140,6,[NULL]
0,"515,1,0",98,49,[NULL]
0,649,99,48,[NULL]
0,650,102,45,[NULL]
0,"8,1,295,1,1",103,44,[NULL]
0,"8,1,296,1,1",104,43,[NULL]
0,"8,1,252,1,4",105,42,[NULL]
1,"1,1,498,1,0",105,42,[NULL]
0,"8,1,253,1,4",106,41,[NULL]
1,"498,1,1",106,41,[NULL]
0,"8,3,145,1,1",107,40,[NULL]
0,"8,2,16,1,111,1,1",108,39,[NULL]
0,"8,2,17,1,111,1,1",109,38,[NULL]
0,"8,2,211,1,1",110,37,[NULL]
0,"402,1,4",111,36,[NULL]
1,"8,5,49,1,1",111,36,[NULL]
0,"403,1,4",112,35,[NULL]
1,"8,5,50,1,1",112,35,[NULL]
0,"8,1,297,1,1",113,34,[NULL]
1,"8,3,16,1,17,2,1",113,34,[NULL]
2,"1,2,452,1,1",113,34,[NULL]
0,"8,1,298,1,1",114,33,[NULL]
1,"8,4,88,1,1",114,33,[NULL]
2,"0,1,488,1,1",114,33,[NULL]
0,"17,1,238,1,1",115,32,[NULL]
1,"8,8,1",115,32,[NULL]
2,"16,1,244,1,0",115,32,[NULL]
0,"8,1,16,1,138,1,4",116,31,[NULL]
1,"8,6,22,1,1",116,31,[NULL]
2,"17,1,244,1,0",116,31,[NULL]
0,"8,3,146,1,1",117,30,[NULL]
1,"8,6,23,1,1",117,30,[NULL]
0,"8,3,147,1,1",118,29,[NULL]
1,"8,5,51,1,1",118,29,[NULL]
0,"8,2,17,1,113,1,1",119,28,[NULL]
1,"8,4,13,3,1",119,28,[NULL]
0,"8,1,17,1,162,1,1",120,27,[NULL]
1,"8,3,13,2,32,1,1",120,27,[NULL]
2,"0,1,491,1,1",120,27,[NULL]
0,"8,2,13,3,23,1,1",121,26,[NULL]
1,"8,4,89,1,1",121,26,[NULL]
2,"516,1,0",121,26,[NULL]
0,"64,1,145",122,25,[NULL]
1,"8,1,260,1,2",122,25,[NULL]
2,"8,1,13,3,51,1,1",122,25,[NULL]
3,"8,3,9,1,80,1,1",122,25,[NULL]
0,"8,1,260,1,3",123,24,[NULL]
1,"13,6,1",123,24,[NULL]
2,"8,1,64,2,1",123,24,[NULL]
3,"8,2,23,1,89,1,1",123,24,[NULL]
0,"0,1,347,1,6",124,23,[NULL]
1,"13,3,23,1,24,1,1",124,23,[NULL]
2,"8,1,299,1,1",124,23,[NULL]
3,"8,1,9,1,23,1,80,1,1",124,23,[NULL]
4,"0,1,8,1,291,1,1",124,23,[NULL]
5,"13,2,167,1,0",124,23,[NULL]
0,"8,1,254,1,4",125,22,[NULL]
1,"499,1,1",125,22,[NULL]
2,"9,1,13,2,101,1,1",125,22,[NULL]
3,"517,1,0",125,22,[NULL]
4,"13,2,168,1,0",125,22,[NULL]
5,"8,1,316,1,0",125,22,[NULL]
0,"8,1,255,1,4",126,21,[NULL]
1,"518,1,0",126,21,[NULL]
2,"9,1,292,1,0",126,21,[NULL]
0,"405,1,4",127,20,[NULL]
1,"8,2,212,1,1",127,20,[NULL]
2,"8,1,318,1,0",127,20,[NULL]
0,"23,1,75,1,30",128,19,[NULL]
1,"13,1,266,1,1",128,19,[NULL]
2,"8,1,13,1,188,1,1",128,19,[NULL]
3,"1,1,501,1,0",128,19,[NULL]
4,"1,1,500,1,0",128,19,[NULL]
0,"13,2,95,1,14",129,18,[NULL]
1,"501,1,1",129,18,[NULL]
2,"500,1,1",129,18,[NULL]
3,"13,1,267,1,1",129,18,[NULL]
4,"9,1,286,1,1",129,18,[NULL]
5,"519,1,0",129,18,[NULL]
0,651,130,17,[NULL]
1,"286,1,12",130,17,[NULL]
2,"13,1,268,1,1",130,17,[NULL]
3,"3,1,437,1,0",130,17,[NULL]
0,"287,1,12",131,16,[NULL]
1,"0,1,495,1,1",131,16,[NULL]
2,"3,1,438,1,0",131,16,[NULL]
0,"209,1,28",132,15,[NULL]
1,"23,1,213,1,1",132,15,[NULL]
2,"1,1,7,1,319,1,0",132,15,[NULL]
3,"1,1,3,1,417,1,0",132,15,[NULL]
0,652,133,14,[NULL]
1,"9,1,288,1,1",133,14,[NULL]
2,"7,1,319,1,1",133,14,[NULL]
3,"3,1,417,1,1",133,14,[NULL]
4,"3,2,335,1,0",133,14,[NULL]
0,653,134,13,[NULL]
1,"502,1,1",134,13,[NULL]
2,"7,1,335,1,0",134,13,[NULL]
3,"1,2,486,1,0",134,13,[NULL]
4,"1,2,485,1,0",134,13,[NULL]
0,"18,1,306",135,12,[NULL]
1,"367,1,6",135,12,[NULL]
2,"1,1,486,1,1",135,12,[NULL]
3,"1,1,485,1,1",135,12,[NULL]
4,"1,1,503,1,0",135,12,[NULL]
5,"1,1,7,1,321,1,0",135,12,[NULL]
0,654,136,11,[NULL]
1,"3,1,544",136,11,[NULL]
2,"414,1,4",136,11,[NULL]
3,"503,1,1",136,11,[NULL]
4,"7,1,321,1,1",136,11,[NULL]
5,"520,1,0",136,11,[NULL]
6,"1,1,7,1,322,1,0",136,11,[NULL]
0,655,137,10,[NULL]
1,"3,1,545",137,10,[NULL]
2,"415,1,4",137,10,[NULL]
3,"7,1,322,1,1",137,10,[NULL]
4,"522,1,0",137,10,[NULL]
5,"521,1,0",137,10,[NULL]
6,"1,1,504,1,0",137,10,[NULL]
0,656,138,9,[NULL]
1,"3,1,546",138,9,[NULL]
2,"504,1,1",138,9,[NULL]
3,"2,1,465,1,1",138,9,[NULL]
4,"523,1,0",138,9,[NULL]
0,"3,1,549",139,8,[NULL]
1,"7,1,323,1,1",139,8,[NULL]
2,"1,1,5,1,69,2,1",139,8,[NULL]
3,"524,1,0",139,8,[NULL]
0,"6,1,69,2,1",140,7,[NULL]
1,"3,1,69,1,93,1,1",140,7,[NULL]
2,"1,1,5,1,324,1,1",140,7,[NULL]
3,"525,1,0",140,7,[NULL]
4,"1,1,505,1,0",140,7,[NULL]
0,"505,1,1",141,6,[NULL]
1,"6,1,324,1,1",141,6,[NULL]
2,"8,1,69,2,0",141,6,[NULL]
3,"1,1,507,1,0",141,6,[NULL]
4,"1,1,506,1,0",141,6,[NULL]
0,"507,1,1",142,5,[NULL]
1,"506,1,1",142,5,[NULL]
2,"526,1,0",142,5,[NULL]
3,"8,1,324,1,0",142,5,[NULL]
4,"1,1,508,1,0",142,5,[NULL]
0,"324,1,7",143,4,[NULL]
1,"508,1,1",143,4,[NULL]
2,"527,1,0",143,4,[NULL]
0,"3,2,324,1,1",144,3,[NULL]
1,"1,1,7,1,324,1,0",144,3,[NULL]
0,"7,1,324,1,1",145,2,[NULL]
0,"0,1,649",99,49,[NULL]
0,"1,1,487,1,1",100,48,[NULL]
0,"431,1,2",101,47,[NULL]
0,"431,1,3",102,46,[NULL]
0,"0,1,8,1,295,1,1",103,45,[NULL]
0,"8,1,325,1,0",104,44,[NULL]
0,"8,1,326,1,0",105,43,[NULL]
0,"17,1,253,1,0",106,42,[NULL]
0,"402,1,5",110,38,[NULL]
0,"432,1,2",111,37,[NULL]
0,"433,1,2",112,36,[NULL]
0,"0,1,8,1,297,1,1",113,35,[NULL]
0,"8,2,224,1,0",114,34,[NULL]
0,"8,2,225,1,0",115,33,[NULL]
0,"16,1,17,1,138,1,0",116,32,[NULL]
0,657,117,31,[NULL]
1,"59,1,137,1,0",117,31,[NULL]
0,658,118,30,[NULL]
0,"31,1,236",119,29,[NULL]
0,"39,1,216",120,28,[NULL]
1,"1,2,491,1,0",120,28,[NULL]
0,"149,1,49",121,27,[NULL]
1,"509,1,1",121,27,[NULL]
2,"1,1,491,1,1",121,27,[NULL]
0,"149,1,50",122,26,[NULL]
1,"529,1,0",122,26,[NULL]
0,"166,1,39",123,25,[NULL]
1,"0,1,8,1,64,2,1",123,25,[NULL]
0,"193,1,30",124,24,[NULL]
1,"8,1,64,1,72,1,0",124,24,[NULL]
2,"1,1,5,1,347,1,0",124,24,[NULL]
0,"194,1,30",125,23,[NULL]
1,"13,3,23,1,28",125,23,[NULL]
2,"5,1,347,1,1",125,23,[NULL]
0,659,126,22,[NULL]
1,"13,1,167,1,14",126,22,[NULL]
2,"17,1,255,1,0",126,22,[NULL]
3,"13,3,101,1,0",126,22,[NULL]
0,660,127,21,[NULL]
1,"530,1,0",127,21,[NULL]
2,"1,1,510,1,0",127,21,[NULL]
0,661,128,20,[NULL]
1,"510,1,1",128,20,[NULL]
2,"8,1,9,1,212,1,0",128,20,[NULL]
0,662,129,19,[NULL]
1,"19,1,306",129,19,[NULL]
2,"13,3,95,1,1",129,19,[NULL]
3,"0,1,500,1,1",129,19,[NULL]
0,663,130,18,[NULL]
1,"0,1,651",130,18,[NULL]
2,"20,1,306",130,18,[NULL]
3,"13,2,164,1,1",130,18,[NULL]
4,"1,1,493,1,1",130,18,[NULL]
5,"13,1,286,1,0",130,18,[NULL]
0,"13,1,371",131,17,[NULL]
1,"212,1,28",131,17,[NULL]
2,"439,1,2",131,17,[NULL]
3,"2,1,473,1,1",131,17,[NULL]
4,"1,1,494,1,1",131,17,[NULL]
5,"13,1,287,1,0",131,17,[NULL]
0,665,132,16,[NULL]
1,664,132,16,[NULL]
2,"69,1,145",132,16,[NULL]
3,"195,1,33",132,16,[NULL]
4,"439,1,3",132,16,[NULL]
5,"7,1,328,1,1",132,16,[NULL]
6,"1,1,495,1,1",132,16,[NULL]
0,667,133,15,[NULL]
1,666,133,15,[NULL]
2,"0,1,652",133,15,[NULL]
3,"3,1,560",133,15,[NULL]
4,"107,1,98",133,15,[NULL]
5,"8,1,64,1,69,1,1",133,15,[NULL]
6,"0,1,7,1,319,1,1",133,15,[NULL]
0,668,134,14,[NULL]
1,"3,1,561",134,14,[NULL]
2,"213,1,28",134,14,[NULL]
3,"8,1,312,1,1",134,14,[NULL]
4,"1,1,76,1,107,1,1",134,14,[NULL]
5,"0,1,502,1,1",134,14,[NULL]
6,"531,1,0",134,14,[NULL]
7,"13,1,288,1,0",134,14,[NULL]
0,669,135,13,[NULL]
1,"3,1,562",135,13,[NULL]
2,"281,1,14",135,13,[NULL]
3,"311,1,8",135,13,[NULL]
4,"8,1,314,1,1",135,13,[NULL]
5,"3,1,425,1,1",135,13,[NULL]
6,"1,1,497,1,1",135,13,[NULL]
7,"533,1,0",135,13,[NULL]
8,"532,1,0",135,13,[NULL]
9,"8,1,333,1,0",135,13,[NULL]
10,"1,1,511,1,0",135,13,[NULL]
0,"197,1,33",136,12,[NULL]
1,"333,1,7",136,12,[NULL]
2,"375,1,6",136,12,[NULL]
3,"419,1,4",136,12,[NULL]
4,"511,1,1",136,12,[NULL]
5,"1,1,3,1,412,1,1",136,12,[NULL]
6,"534,1,0",136,12,[NULL]
7,"43,1,174,1,0",136,12,[NULL]
8,"7,1,351,1,0",136,12,[NULL]
0,670,137,11,[NULL]
1,"3,1,565",137,11,[NULL]
2,"13,1,69,1,66",137,11,[NULL]
3,"445,1,2",137,11,[NULL]
4,"3,1,428,1,1",137,11,[NULL]
5,"3,2,333,1,1",137,11,[NULL]
6,"0,1,7,1,322,1,1",137,11,[NULL]
0,"13,1,379",138,10,[NULL]
1,"445,1,3",138,10,[NULL]
2,"512,1,1",138,10,[NULL]
3,"7,1,333,1,1",138,10,[NULL]
4,"2,1,479,1,1",138,10,[NULL]
5,"0,1,504,1,1",138,10,[NULL]
6,"3,2,352,1,0",138,10,[NULL]
7,"1,1,513,1,0",138,10,[NULL]
0,671,139,9,[NULL]
1,"514,1,1",139,9,[NULL]
2,"513,1,1",139,9,[NULL]
3,"535,1,0",139,9,[NULL]
0,"7,1,353,1,0",140,8,[NULL]
0,672,141,7,[NULL]
1,"69,1,148",141,7,[NULL]
2,"0,1,505,1,1",141,7,[NULL]
0,"0,1,507,1,1",142,6,[NULL]
1,"0,1,506,1,1",142,6,[NULL]
0,"0,1,508,1,1",143,5,[NULL]
0,673,144,4,[NULL]
0,"0,1,7,1,324,1,1",145,3,[NULL]
0,"1,1,515,1,0",99,50,[NULL]
0,"515,1,1",100,49,[NULL]
0,"1,1,498,1,1",107,42,[NULL]
0,674,108,41,[NULL]
0,"182,1,36",109,40,[NULL]
0,"199,1,30",110,39,[NULL]
0,"200,1,30",111,38,[NULL]
0,"8,1,116,1,39",112,37,[NULL]
0,"8,2,71,1,36",113,36,[NULL]
0,"8,2,77,1,30",114,35,[NULL]
0,"8,2,78,1,30",115,34,[NULL]
0,675,116,33,[NULL]
1,"8,1,17,1,56,1,30",116,33,[NULL]
0,"8,1,136,1,30",117,32,[NULL]
1,"16,1,244,1,1",117,32,[NULL]
0,"137,1,72",118,31,[NULL]
1,"8,4,19,1,30",118,31,[NULL]
2,"17,1,244,1,1",118,31,[NULL]
0,"184,1,36",119,30,[NULL]
1,"8,4,20,1,30",119,30,[NULL]
2,"16,1,245,1,1",119,30,[NULL]
0,"8,1,137,1,30",120,29,[NULL]
1,"8,3,45,1,30",120,29,[NULL]
2,"8,1,315,1,1",120,29,[NULL]
0,"8,1,138,1,30",121,28,[NULL]
1,"8,3,46,1,30",121,28,[NULL]
2,"8,3,149,1,1",121,28,[NULL]
0,"8,2,64,1,39",122,27,[NULL]
1,"8,2,9,1,13,2,30",122,27,[NULL]
2,"8,1,16,1,167,1,1",122,27,[NULL]
0,"8,2,72,1,36",123,26,[NULL]
1,"8,1,9,1,13,1,32,1,30",123,26,[NULL]
2,"516,1,1",123,26,[NULL]
3,"8,2,218,1,1",123,26,[NULL]
0,676,124,25,[NULL]
1,"9,1,13,2,23,1,30",124,25,[NULL]
2,"8,2,79,1,30",124,25,[NULL]
3,"8,2,219,1,1",124,25,[NULL]
0,677,125,24,[NULL]
1,"8,2,80,1,30",125,24,[NULL]
2,"8,1,260,1,4",125,24,[NULL]
3,"8,1,13,1,194,1,1",125,24,[NULL]
0,"9,1,399",126,23,[NULL]
1,"22,1,80,1,30",126,23,[NULL]
2,"292,1,11",126,23,[NULL]
3,"13,2,167,1,1",126,23,[NULL]
0,678,127,22,[NULL]
1,"23,1,80,1,30",127,22,[NULL]
2,"517,1,1",127,22,[NULL]
3,"13,2,168,1,1",127,22,[NULL]
4,"8,1,316,1,1",127,22,[NULL]
0,"8,1,433",128,21,[NULL]
1,"518,1,1",128,21,[NULL]
2,"9,1,292,1,1",128,21,[NULL]
3,"537,1,0",128,21,[NULL]
4,"13,3,105,1,0",128,21,[NULL]
0,679,129,20,[NULL]
1,"187,1,36",129,20,[NULL]
2,"8,1,318,1,1",129,20,[NULL]
3,"538,1,0",129,20,[NULL]
0,"201,1,30",130,19,[NULL]
1,"9,1,293,1,1",130,19,[NULL]
2,"1,1,501,1,1",130,19,[NULL]
3,"1,1,500,1,1",130,19,[NULL]
4,"1,1,519,1,0",130,19,[NULL]
0,680,131,18,[NULL]
1,"13,1,133,1,28",131,18,[NULL]
2,"448,1,2",131,18,[NULL]
3,"519,1,1",131,18,[NULL]
4,"8,1,9,1,209,1,1",131,18,[NULL]
5,"539,1,0",131,18,[NULL]
0,"13,1,382",132,17,[NULL]
1,"286,1,14",132,17,[NULL]
2,"449,1,2",132,17,[NULL]
3,"9,1,294,1,1",132,17,[NULL]
4,"3,1,437,1,1",132,17,[NULL]
0,"287,1,14",133,16,[NULL]
1,"3,1,438,1,1",133,16,[NULL]
2,"0,1,8,1,64,1,69,1,1",133,16,[NULL]
0,"335,1,7",134,15,[NULL]
1,"2,1,482,1,1",134,15,[NULL]
2,"1,1,7,1,319,1,1",134,15,[NULL]
3,"1,1,3,1,417,1,1",134,15,[NULL]
4,"8,1,69,1,72,1,0",134,15,[NULL]
0,681,135,14,[NULL]
1,"7,1,451",135,14,[NULL]
2,"13,1,384",135,14,[NULL]
3,"13,1,281,1,1",135,14,[NULL]
4,"3,2,335,1,1",135,14,[NULL]
5,"0,1,3,1,425,1,1",135,14,[NULL]
6,"8,1,337,1,0",135,14,[NULL]
7,"3,2,363,1,0",135,14,[NULL]
0,682,136,13,[NULL]
1,"288,1,14",136,13,[NULL]
2,"7,1,335,1,1",136,13,[NULL]
3,"2,1,484,1,1",136,13,[NULL]
4,"1,2,486,1,1",136,13,[NULL]
5,"1,2,485,1,1",136,13,[NULL]
6,"540,1,0",136,13,[NULL]
7,"8,1,338,1,0",136,13,[NULL]
0,683,137,12,[NULL]
1,"2,1,486,1,1",137,12,[NULL]
2,"1,1,503,1,1",137,12,[NULL]
3,"1,1,7,1,321,1,1",137,12,[NULL]
4,"542,1,0",137,12,[NULL]
5,"541,1,0",137,12,[NULL]
0,"7,1,454",138,11,[NULL]
1,"520,1,1",138,11,[NULL]
2,"1,1,7,1,322,1,1",138,11,[NULL]
3,"0,1,7,1,333,1,1",138,11,[NULL]
4,"543,1,0",138,11,[NULL]
5,"3,1,463,1,0",138,11,[NULL]
0,"522,1,1",139,10,[NULL]
1,"521,1,1",139,10,[NULL]
2,"1,1,504,1,1",139,10,[NULL]
3,"0,1,513,1,1",139,10,[NULL]
4,"544,1,0",139,10,[NULL]
5,"7,1,366,1,0",139,10,[NULL]
6,"1,1,523,1,0",139,10,[NULL]
0,684,140,9,[NULL]
1,"339,1,7",140,9,[NULL]
2,"523,1,1",140,9,[NULL]
3,"545,1,0",140,9,[NULL]
4,"7,1,367,1,0",140,9,[NULL]
5,"1,1,524,1,0",140,9,[NULL]
0,"7,1,455",141,8,[NULL]
1,"340,1,7",141,8,[NULL]
2,"524,1,1",141,8,[NULL]
3,"547,1,0",141,8,[NULL]
4,"546,1,0",141,8,[NULL]
5,"1,1,525,1,0",141,8,[NULL]
0,685,142,7,[NULL]
1,"525,1,1",142,7,[NULL]
2,"1,1,505,1,1",142,7,[NULL]
3,"7,1,368,1,0",142,7,[NULL]
4,"1,1,8,1,69,2,0",142,7,[NULL]
5,"1,2,506,1,0",142,7,[NULL]
0,"8,1,69,2,1",143,6,[NULL]
1,"1,1,507,1,1",143,6,[NULL]
2,"1,1,506,1,1",143,6,[NULL]
3,"2,1,506,1,0",143,6,[NULL]
4,"1,1,8,1,324,1,0",143,6,[NULL]
0,"526,1,1",144,5,[NULL]
1,"8,1,324,1,1",144,5,[NULL]
2,"1,1,508,1,1",144,5,[NULL]
3,"1,1,527,1,0",144,5,[NULL]
0,"324,1,8",145,4,[NULL]
1,"527,1,1",145,4,[NULL]
2,"548,1,0",145,4,[NULL]
3,"1,2,7,1,324,1,0",145,4,[NULL]
0,"1,1,7,1,324,1,1",146,3,[NULL]
1,"2,1,7,1,324,1,0",146,3,[NULL]
0,"431,1,4",104,46,[NULL]
0,"296,1,11",105,45,[NULL]
0,"8,1,325,1,1",106,44,[NULL]
0,"8,1,326,1,1",107,43,[NULL]
0,"17,1,253,1,1",108,42,[NULL]
0,"528,1,1",109,41,[NULL]
0,"8,3,152,1,1",110,40,[NULL]
0,"8,3,153,1,1",111,39,[NULL]
1,"5,1,402,1,0",111,39,[NULL]
0,"402,1,6",112,38,[NULL]
1,"8,2,17,1,117,1,1",112,38,[NULL]
0,"403,1,6",113,37,[NULL]
1,"8,2,223,1,1",113,37,[NULL]
0,"432,1,4",114,36,[NULL]
1,"8,5,55,1,1",114,36,[NULL]
0,"433,1,4",115,35,[NULL]
1,"452,1,2",115,35,[NULL]
2,"8,5,56,1,1",115,35,[NULL]
0,"452,1,3",116,34,[NULL]
1,"8,2,224,1,1",116,34,[NULL]
2,"8,4,17,1,40,1,1",116,34,[NULL]
0,"8,2,225,1,1",117,33,[NULL]
1,"8,4,100,1,1",117,33,[NULL]
2,"0,1,16,1,244,1,1",117,33,[NULL]
0,"16,1,17,1,138,1,1",118,32,[NULL]
1,"8,7,9,1,1",118,32,[NULL]
2,"8,1,343,1,0",118,32,[NULL]
3,"1,1,59,1,137,1,0",118,32,[NULL]
0,"59,1,137,1,1",119,31,[NULL]
1,"17,2,138,1,1",119,31,[NULL]
2,"8,6,29,1,1",119,31,[NULL]
0,"8,3,16,1,64,1,1",120,30,[NULL]
1,"8,5,9,1,23,1,1",120,30,[NULL]
0,"8,3,17,1,64,1,1",121,29,[NULL]
1,"8,4,9,1,51,1,1",121,29,[NULL]
0,"8,3,154,1,1",122,28,[NULL]
1,"8,3,9,1,13,3,1",122,28,[NULL]
2,"1,2,491,1,1",122,28,[NULL]
0,"8,2,42,1,64,1,1",123,27,[NULL]
1,"8,2,9,1,13,2,32,1,1",123,27,[NULL]
2,"0,1,516,1,1",123,27,[NULL]
0,"529,1,1",124,26,[NULL]
1,"8,1,9,1,13,3,23,1,1",124,26,[NULL]
2,"8,4,101,1,1",124,26,[NULL]
3,"16,1,260,1,0",124,26,[NULL]
0,"299,1,11",125,25,[NULL]
1,"9,1,13,3,51,1,1",125,25,[NULL]
2,"8,3,13,1,80,1,1",125,25,[NULL]
3,"17,1,260,1,0",125,25,[NULL]
0,"454,1,2",126,24,[NULL]
1,"8,1,64,1,72,1,1",126,24,[NULL]
2,"8,2,23,1,101,1,1",126,24,[NULL]
3,"1,1,5,1,347,1,1",126,24,[NULL]
0,"8,1,327,1,1",127,23,[NULL]
1,"8,1,13,1,23,1,80,1,1",127,23,[NULL]
2,"0,1,8,1,316,1,1",127,23,[NULL]
3,"549,1,0",127,23,[NULL]
0,"219,1,28",128,22,[NULL]
1,"17,1,255,1,1",128,22,[NULL]
2,"13,3,101,1,1",128,22,[NULL]
3,"8,1,347,1,0",128,22,[NULL]
4,"8,1,346,1,0",128,22,[NULL]
0,686,129,21,[NULL]
1,"23,1,83,1,30",129,21,[NULL]
2,"530,1,1",129,21,[NULL]
3,"1,1,510,1,1",129,21,[NULL]
4,"550,1,0",129,21,[NULL]
5,"13,1,292,1,0",129,21,[NULL]
0,687,130,20,[NULL]
1,"13,2,105,1,14",130,20,[NULL]
2,"8,1,9,1,212,1,1",130,20,[NULL]
0,"302,1,12",131,19,[NULL]
1,"9,1,13,1,188,1,1",131,19,[NULL]
0,"13,1,286,1,1",132,18,[NULL]
1,"1,1,13,1,287,1,0",132,18,[NULL]
0,"13,1,287,1,1",133,17,[NULL]
1,"13,1,294,1,0",133,17,[NULL]
0,"439,1,4",134,16,[NULL]
1,"552,1,0",134,16,[NULL]
2,"13,2,181,1,0",134,16,[NULL]
0,690,135,15,[NULL]
1,689,135,15,[NULL]
2,688,135,15,[NULL]
3,"1,1,531,1,0",135,15,[NULL]
0,692,136,14,[NULL]
1,691,136,14,[NULL]
2,"531,1,1",136,14,[NULL]
3,"13,1,288,1,1",136,14,[NULL]
4,"1,1,533,1,0",136,14,[NULL]
0,694,137,13,[NULL]
1,693,137,13,[NULL]
2,"43,1,215",137,13,[NULL]
3,"533,1,1",137,13,[NULL]
4,"532,1,1",137,13,[NULL]
5,"8,1,333,1,1",137,13,[NULL]
6,"1,1,511,1,1",137,13,[NULL]
0,697,138,12,[NULL]
1,696,138,12,[NULL]
2,695,138,12,[NULL]
3,"333,1,8",138,12,[NULL]
4,"534,1,1",138,12,[NULL]
5,"43,1,174,1,1",138,12,[NULL]
6,"7,1,351,1,1",138,12,[NULL]
7,"3,1,477,1,0",138,12,[NULL]
0,700,139,11,[NULL]
1,699,139,11,[NULL]
2,698,139,11,[NULL]
3,"3,1,588",139,11,[NULL]
4,"352,1,7",139,11,[NULL]
5,"443,1,4",139,11,[NULL]
6,"0,1,521,1,1",139,11,[NULL]
0,"3,1,590",140,10,[NULL]
1,"7,1,468",140,10,[NULL]
2,"445,1,4",140,10,[NULL]
3,"3,2,352,1,1",140,10,[NULL]
4,"1,1,513,1,1",140,10,[NULL]
5,"0,1,523,1,1",140,10,[NULL]
6,"69,1,133,1,0",140,10,[NULL]
7,"1,1,535,1,0",140,10,[NULL]
0,701,141,9,[NULL]
1,"69,2,9",141,9,[NULL]
2,"535,1,1",141,9,[NULL]
3,"7,1,352,1,1",141,9,[NULL]
4,"0,1,524,1,1",141,9,[NULL]
5,"69,1,134,1,0",141,9,[NULL]
6,"3,1,480,1,0",141,9,[NULL]
0,702,142,8,[NULL]
1,"69,2,10",142,8,[NULL]
2,"324,1,9",142,8,[NULL]
3,"7,1,353,1,1",142,8,[NULL]
0,703,143,7,[NULL]
1,"7,1,469",143,7,[NULL]
2,"324,1,10",143,7,[NULL]
3,"0,1,8,1,69,2,1",143,7,[NULL]
0,"18,1,330",144,6,[NULL]
1,"0,1,8,1,324,1,1",144,6,[NULL]
2,"9,1,69,2,0",144,6,[NULL]
0,"9,1,324,1,0",145,5,[NULL]
0,"1,1,515,1,1",101,50,[NULL]
0,"536,1,1",102,49,[NULL]
0,"553,1,0",103,48,[NULL]
0,"554,1,0",104,47,[NULL]
0,"470,1,2",105,46,[NULL]
0,"0,1,8,1,325,1,1",106,45,[NULL]
0,"8,2,236,1,0",107,44,[NULL]
0,"8,1,16,1,183,1,0",108,43,[NULL]
0,"0,1,402,1,6",112,39,[NULL]
0,"555,1,0",113,38,[NULL]
0,"556,1,0",114,37,[NULL]
0,"16,1,225,1,2",115,36,[NULL]
0,"0,1,8,2,224,1,1",116,35,[NULL]
0,"8,2,237,1,0",117,34,[NULL]
0,"8,2,238,1,0",118,33,[NULL]
0,704,119,32,[NULL]
1,"8,1,17,1,185,1,0",119,32,[NULL]
0,705,120,31,[NULL]
0,706,121,30,[NULL]
0,"39,1,236",122,29,[NULL]
0,"149,1,60",123,28,[NULL]
1,"64,1,137,1,0",123,28,[NULL]
0,"206,1,30",124,27,[NULL]
1,"64,1,138,1,0",124,27,[NULL]
0,"160,1,50",125,26,[NULL]
1,"557,1,0",125,26,[NULL]
0,"207,1,30",126,25,[NULL]
1,"558,1,0",126,25,[NULL]
2,"13,4,51,1,0",126,25,[NULL]
0,"208,1,30",127,24,[NULL]
1,"13,4,52,1,0",127,24,[NULL]
0,707,128,23,[NULL]
0,708,129,22,[NULL]
1,"8,1,17,1,188,1,0",129,22,[NULL]
0,709,130,21,[NULL]
1,"16,1,346",130,21,[NULL]
2,"537,1,1",130,21,[NULL]
3,"13,3,105,1,1",130,21,[NULL]
4,"42,1,187,1,0",130,21,[NULL]
0,"17,1,346",131,20,[NULL]
1,"538,1,1",131,20,[NULL]
2,"9,1,13,1,23,1,75,1,1",131,20,[NULL]
3,"13,1,303,1,0",131,20,[NULL]
0,"8,2,306",132,19,[NULL]
1,"1,1,519,1,1",132,19,[NULL]
2,"13,2,188,1,0",132,19,[NULL]
3,"9,1,328,1,0",132,19,[NULL]
0,710,133,18,[NULL]
1,"22,1,306",133,18,[NULL]
2,"539,1,1",133,18,[NULL]
3,"560,1,0",133,18,[NULL]
4,"13,2,189,1,0",133,18,[NULL]
0,"209,1,30",134,17,[NULL]
1,"418,1,6",134,17,[NULL]
2,"448,1,4",134,17,[NULL]
3,"0,1,439,1,4",134,17,[NULL]
4,"561,1,0",134,17,[NULL]
0,"0,1,689",135,16,[NULL]
1,"7,1,472",135,16,[NULL]
2,"294,1,14",135,16,[NULL]
3,"449,1,4",135,16,[NULL]
4,"475,1,2",135,16,[NULL]
5,"13,2,190,1,0",135,16,[NULL]
0,"13,1,181,1,14",136,15,[NULL]
1,"335,1,8",136,15,[NULL]
2,"363,1,7",136,15,[NULL]
3,"475,1,3",136,15,[NULL]
4,"8,1,69,1,72,1,1",136,15,[NULL]
5,"7,1,385,1,0",136,15,[NULL]
0,"336,1,8",137,14,[NULL]
1,"8,1,337,1,1",137,14,[NULL]
2,"3,2,363,1,1",137,14,[NULL]
3,"0,1,533,1,1",137,14,[NULL]
4,"0,1,8,1,333,1,1",137,14,[NULL]
5,"43,1,189,1,0",137,14,[NULL]
6,"1,1,540,1,0",137,14,[NULL]
0,711,138,13,[NULL]
1,"540,1,1",138,13,[NULL]
2,"8,1,338,1,1",138,13,[NULL]
3,"0,1,7,1,351,1,1",138,13,[NULL]
4,"8,1,366,1,0",138,13,[NULL]
5,"3,1,484,1,0",138,13,[NULL]
0,"121,1,84",139,12,[NULL]
1,"542,1,1",139,12,[NULL]
2,"541,1,1",139,12,[NULL]
3,"8,1,367,1,0",139,12,[NULL]
4,"3,1,485,1,0",139,12,[NULL]
5,"1,1,543,1,0",139,12,[NULL]
0,"7,1,475",140,11,[NULL]
1,"0,1,445,1,4",140,11,[NULL]
2,"543,1,1",140,11,[NULL]
3,"3,1,463,1,1",140,11,[NULL]
4,"562,1,0",140,11,[NULL]
5,"43,1,191,1,0",140,11,[NULL]
6,"2,1,521,1,0",140,11,[NULL]
7,"1,1,544,1,0",140,11,[NULL]
0,"18,1,337",141,10,[NULL]
1,"446,1,5",141,10,[NULL]
2,"544,1,1",141,10,[NULL]
3,"7,1,366,1,1",141,10,[NULL]
4,"1,1,523,1,1",141,10,[NULL]
5,"564,1,0",141,10,[NULL]
6,"563,1,0",141,10,[NULL]
7,"2,1,523,1,0",141,10,[NULL]
8,"1,1,545,1,0",141,10,[NULL]
0,"69,1,155",142,9,[NULL]
1,"339,1,8",142,9,[NULL]
2,"545,1,1",142,9,[NULL]
3,"7,1,367,1,1",142,9,[NULL]
4,"1,1,524,1,1",142,9,[NULL]
5,"565,1,0",142,9,[NULL]
6,"3,2,396,1,0",142,9,[NULL]
7,"2,1,524,1,0",142,9,[NULL]
8,"1,1,547,1,0",142,9,[NULL]
9,"1,1,546,1,0",142,9,[NULL]
0,"340,1,8",143,8,[NULL]
1,"547,1,1",143,8,[NULL]
2,"546,1,1",143,8,[NULL]
3,"1,1,525,1,1",143,8,[NULL]
4,"567,1,0",143,8,[NULL]
5,"566,1,0",143,8,[NULL]
6,"7,1,396,1,0",143,8,[NULL]
7,"3,2,398,1,0",143,8,[NULL]
8,"2,1,525,1,0",143,8,[NULL]
9,"1,2,8,1,69,2,0",143,8,[NULL]
0,713,144,7,[NULL]
1,712,144,7,[NULL]
2,"7,1,368,1,1",144,7,[NULL]
3,"1,1,8,1,69,2,1",144,7,[NULL]
4,"1,2,506,1,1",144,7,[NULL]
5,"7,1,398,1,0",144,7,[NULL]
6,"3,2,400,1,0",144,7,[NULL]
7,"1,2,8,1,324,1,0",144,7,[NULL]
0,"2,1,506,1,1",145,6,[NULL]
1,"1,1,8,1,324,1,1",145,6,[NULL]
2,"7,1,400,1,0",145,6,[NULL]
3,"2,1,526,1,0",145,6,[NULL]
0,"1,1,527,1,1",146,5,[NULL]
1,"10,1,324,1,0",146,5,[NULL]
2,"2,1,527,1,0",146,5,[NULL]
0,"548,1,1",147,4,[NULL]
1,"1,2,7,1,324,1,1",147,4,[NULL]
2,"11,1,324,1,0",147,4,[NULL]
0,"2,1,7,1,324,1,1",148,3,[NULL]
0,714,109,43,[NULL]
0,715,110,42,[NULL]
0,"182,1,39",111,41,[NULL]
0,"199,1,36",112,40,[NULL]
1,"1,1,5,1,402,1,0",112,40,[NULL]
0,"8,1,145,1,30",113,39,[NULL]
1,"5,1,402,1,1",113,39,[NULL]
0,"16,1,111,1,30",114,38,[NULL]
0,"17,1,111,1,30",115,37,[NULL]
0,"211,1,30",116,36,[NULL]
0,"8,3,49,1,30",117,35,[NULL]
0,"8,3,50,1,30",118,34,[NULL]
1,"452,1,4",118,34,[NULL]
0,716,119,33,[NULL]
1,"8,1,16,1,17,2,30",119,33,[NULL]
0,"8,2,88,1,30",120,32,[NULL]
1,"8,1,343,1,1",120,32,[NULL]
2,"1,1,59,1,137,1,1",120,32,[NULL]
0,"184,1,39",121,31,[NULL]
1,"8,6,30",121,31,[NULL]
2,"17,1,257,1,1",121,31,[NULL]
0,"8,1,137,1,36",122,30,[NULL]
1,"8,4,22,1,30",122,30,[NULL]
2,"8,1,344,1,1",122,30,[NULL]
0,"8,1,146,1,30",123,29,[NULL]
1,"8,4,23,1,30",123,29,[NULL]
2,"8,1,345,1,1",123,29,[NULL]
0,"8,1,147,1,30",124,28,[NULL]
1,"8,3,51,1,30",124,28,[NULL]
2,"8,3,160,1,1",124,28,[NULL]
0,717,125,27,[NULL]
1,"17,1,113,1,30",125,27,[NULL]
2,"8,2,13,3,30",125,27,[NULL]
3,"8,2,232,1,1",125,27,[NULL]
0,"8,2,79,1,36",126,26,[NULL]
1,"8,1,13,2,32,1,30",126,26,[NULL]
2,"16,1,260,1,1",126,26,[NULL]
3,"8,2,233,1,1",126,26,[NULL]
0,"8,1,461",127,25,[NULL]
1,"13,3,23,1,30",127,25,[NULL]
2,"8,2,89,1,30",127,25,[NULL]
3,"17,1,260,1,1",127,25,[NULL]
4,"8,1,9,1,219,1,1",127,25,[NULL]
0,718,128,24,[NULL]
1,"8,1,9,1,80,1,30",128,24,[NULL]
2,"13,3,51,1,14",128,24,[NULL]
3,"8,1,278,1,4",128,24,[NULL]
4,"9,1,13,1,194,1,1",128,24,[NULL]
5,"1,1,549,1,0",128,24,[NULL]
0,719,129,23,[NULL]
1,"13,1,399",129,23,[NULL]
2,"23,1,89,1,30",129,23,[NULL]
3,"454,1,4",129,23,[NULL]
4,"549,1,1",129,23,[NULL]
0,720,130,22,[NULL]
1,"8,1,347,1,1",130,22,[NULL]
2,"8,1,346,1,1",130,22,[NULL]
0,721,131,21,[NULL]
1,"13,1,51,1,107",131,21,[NULL]
2,"187,1,39",131,21,[NULL]
3,"17,1,209,1,6",131,21,[NULL]
4,"550,1,1",131,21,[NULL]
5,"13,1,292,1,1",131,21,[NULL]
0,"167,1,47",132,20,[NULL]
1,"201,1,36",132,20,[NULL]
2,"13,2,67,1,28",132,20,[NULL]
3,"422,1,6",132,20,[NULL]
4,"551,1,1",132,20,[NULL]
5,"8,1,348,1,1",132,20,[NULL]
6,"13,2,23,1,75,1,0",132,20,[NULL]
0,"212,1,30",133,19,[NULL]
1,"303,1,14",133,19,[NULL]
2,"302,1,14",133,19,[NULL]
3,"8,1,350,1,1",133,19,[NULL]
4,"18,1,260,1,0",133,19,[NULL]
5,"13,2,23,1,76,1,0",133,19,[NULL]
0,722,134,18,[NULL]
1,"13,1,188,1,14",134,18,[NULL]
2,"8,1,13,1,209,1,1",134,18,[NULL]
3,"1,1,13,1,287,1,1",134,18,[NULL]
4,"69,1,138,1,0",134,18,[NULL]
0,"13,1,294,1,1",135,17,[NULL]
1,"2,1,7,1,328,1,1",135,17,[NULL]
2,"568,1,0",135,17,[NULL]
3,"1,1,552,1,0",135,17,[NULL]
0,"7,1,485",136,16,[NULL]
1,"213,1,30",136,16,[NULL]
2,"552,1,1",136,16,[NULL]
3,"13,2,181,1,1",136,16,[NULL]
4,"0,1,8,1,69,1,72,1,1",136,16,[NULL]
0,"7,1,486",137,15,[NULL]
1,"13,1,190,1,14",137,15,[NULL]
2,"8,1,351,1,1",137,15,[NULL]
3,"1,1,531,1,1",137,15,[NULL]
4,"8,1,69,1,79,1,0",137,15,[NULL]
0,723,138,14,[NULL]
1,"486,1,2",138,14,[NULL]
2,"1,1,533,1,1",138,14,[NULL]
3,"0,1,540,1,1",138,14,[NULL]
4,"8,1,69,1,80,1,0",138,14,[NULL]
0,725,139,13,[NULL]
1,724,139,13,[NULL]
2,"7,1,490",139,13,[NULL]
3,"486,1,3",139,13,[NULL]
4,"1,1,3,1,477,1,0",139,13,[NULL]
0,"7,1,494",140,12,[NULL]
1,"0,1,7,1,475",140,12,[NULL]
2,"7,1,371,1,1",140,12,[NULL]
3,"3,1,477,1,1",140,12,[NULL]
4,"0,1,543,1,1",140,12,[NULL]
5,"569,1,0",140,12,[NULL]
0,"3,1,620",141,11,[NULL]
1,"3,1,619",141,11,[NULL]
2,"352,1,8",141,11,[NULL]
3,"1,2,513,1,1",141,11,[NULL]
4,"0,1,544,1,1",141,11,[NULL]
5,"0,1,7,1,366,1,1",141,11,[NULL]
6,"570,1,0",141,11,[NULL]
7,"7,1,412,1,0",141,11,[NULL]
0,727,142,10,[NULL]
1,726,142,10,[NULL]
2,"3,1,621",142,10,[NULL]
3,"7,1,496",142,10,[NULL]
4,"43,1,227",142,10,[NULL]
5,"69,1,133,1,1",142,10,[NULL]
6,"1,1,535,1,1",142,10,[NULL]
7,"571,1,0",142,10,[NULL]
8,"7,1,414,1,0",142,10,[NULL]
0,729,143,9,[NULL]
1,728,143,9,[NULL]
2,"3,1,622",143,9,[NULL]
3,"69,1,134,1,1",143,9,[NULL]
4,"3,1,480,1,1",143,9,[NULL]
5,"0,1,546,1,1",143,9,[NULL]
6,"12,1,69,2,0",143,9,[NULL]
7,"7,1,415,1,0",143,9,[NULL]
0,730,144,8,[NULL]
1,"3,1,623",144,8,[NULL]
2,"3,2,499",144,8,[NULL]
3,"7,1,497",144,8,[NULL]
4,"69,2,11",144,8,[NULL]
5,"18,1,264,1,0",144,8,[NULL]
6,"12,1,324,1,0",144,8,[NULL]
0,732,145,7,[NULL]
1,731,145,7,[NULL]
2,"7,1,499",145,7,[NULL]
3,"7,1,498",145,7,[NULL]
4,"324,1,11",145,7,[NULL]
0,"7,1,500",146,6,[NULL]
1,"9,1,69,2,1",146,6,[NULL]
2,"7,1,378,1,1",146,6,[NULL]
0,"69,2,12",147,5,[NULL]
1,"9,1,324,1,1",147,5,[NULL]
0,"324,1,12",148,4,[NULL]
0,"1,1,553,1,0",104,49,[NULL]
0,"553,1,1",105,48,[NULL]
0,"554,1,1",106,47,[NULL]
0,"469,1,4",107,46,[NULL]
0,"470,1,4",108,45,[NULL]
0,"8,2,236,1,1",109,44,[NULL]
0,"8,1,16,1,183,1,1",110,43,[NULL]
0,"8,1,17,1,183,1,1",111,42,[NULL]
0,"8,1,354,1,1",112,41,[NULL]
0,"8,4,110,1,1",113,40,[NULL]
0,"8,4,111,1,1",114,39,[NULL]
0,"555,1,1",115,38,[NULL]
1,"8,2,16,1,17,1,50,1,1",115,38,[NULL]
0,"556,1,1",116,37,[NULL]
1,"8,3,161,1,1",116,37,[NULL]
0,"452,1,5",117,36,[NULL]
1,"16,1,224,1,4",117,36,[NULL]
2,"8,6,31,1,1",117,36,[NULL]
0,"16,1,225,1,4",118,35,[NULL]
1,"488,1,2",118,35,[NULL]
2,"8,5,16,1,17,1,1",118,35,[NULL]
0,"488,1,3",119,34,[NULL]
1,"8,2,237,1,1",119,34,[NULL]
2,"8,5,17,2,1",119,34,[NULL]
0,"8,2,238,1,1",120,33,[NULL]
1,"8,5,60,1,1",120,33,[NULL]
2,"572,1,0",120,33,[NULL]
0,"8,1,17,1,185,1,1",121,32,[NULL]
1,"8,7,13,1,1",121,32,[NULL]
0,"17,2,147,1,1",122,31,[NULL]
1,"8,6,32,1,1",122,31,[NULL]
0,"8,4,112,1,1",123,30,[NULL]
1,"8,5,13,1,23,1,1",123,30,[NULL]
0,"491,1,2",124,29,[NULL]
1,"8,4,113,1,1",124,29,[NULL]
2,"8,4,13,1,51,1,1",124,29,[NULL]
3,"1,1,64,1,137,1,0",124,29,[NULL]
0,"491,1,3",125,28,[NULL]
1,"64,1,137,1,1",125,28,[NULL]
2,"8,3,162,1,1",125,28,[NULL]
3,"8,3,13,4,1",125,28,[NULL]
0,"64,1,138,1,1",126,27,[NULL]
1,"8,2,23,1,113,1,1",126,27,[NULL]
2,"8,2,13,3,32,1,1",126,27,[NULL]
3,"0,1,16,1,260,1,1",126,27,[NULL]
0,"557,1,1",127,26,[NULL]
1,"8,1,13,4,23,1,1",127,26,[NULL]
2,"8,3,9,1,101,1,1",127,26,[NULL]
3,"8,1,380,1,0",127,26,[NULL]
4,"1,1,558,1,0",127,26,[NULL]
0,"64,1,113,1,4",128,25,[NULL]
1,"559,1,1",128,25,[NULL]
2,"558,1,1",128,25,[NULL]
3,"13,4,51,1,1",128,25,[NULL]
4,"8,2,9,1,13,1,80,1,1",128,25,[NULL]
5,"17,1,278,1,0",128,25,[NULL]
0,"8,1,292,1,2",129,24,[NULL]
1,"13,4,52,1,1",129,24,[NULL]
2,"8,1,16,1,187,1,1",129,24,[NULL]
3,"8,1,9,1,23,1,101,1,1",129,24,[NULL]
4,"573,1,0",129,24,[NULL]
5,"13,2,194,1,0",129,24,[NULL]
0,"9,1,13,1,23,1,80,1,1",130,23,[NULL]
1,"8,1,16,1,188,1,1",130,23,[NULL]
2,"0,1,8,1,346,1,1",130,23,[NULL]
3,"574,1,0",130,23,[NULL]
4,"13,1,23,1,150,1,0",130,23,[NULL]
0,"8,1,17,1,188,1,1",131,22,[NULL]
1,"9,1,346,1,0",131,22,[NULL]
2,"8,1,382,1,0",131,22,[NULL]
3,"2,1,537,1,0",131,22,[NULL]
4,"1,1,42,1,187,1,0",131,22,[NULL]
0,"42,1,187,1,1",132,21,[NULL]
1,"17,1,267,1,1",132,21,[NULL]
2,"2,1,538,1,0",132,21,[NULL]
0,"13,1,133,1,30",133,20,[NULL]
1,"13,1,303,1,1",133,20,[NULL]
2,"8,1,13,1,212,1,1",133,20,[NULL]
0,"13,1,23,1,75,1,14",134,19,[NULL]
1,"13,2,188,1,1",134,19,[NULL]
2,"9,1,328,1,1",134,19,[NULL]
3,"1,1,560,1,0",134,19,[NULL]
0,"473,1,4",135,18,[NULL]
1,"560,1,1",135,18,[NULL]
2,"13,2,189,1,1",135,18,[NULL]
3,"1,1,561,1,0",135,18,[NULL]
0,"2,1,287,1,14",136,17,[NULL]
1,"561,1,1",136,17,[NULL]
2,"7,2,266,1,0",136,17,[NULL]
0,734,137,16,[NULL]
1,733,137,16,[NULL]
2,"7,1,508",137,16,[NULL]
3,"13,2,190,1,1",137,16,[NULL]
4,"1,1,7,1,385,1,0",137,16,[NULL]
0,"67,1,160",138,15,[NULL]
1,"363,1,8",138,15,[NULL]
2,"475,1,4",138,15,[NULL]
3,"9,1,331,1,1",138,15,[NULL]
4,"7,1,385,1,1",138,15,[NULL]
5,"1,2,540,1,0",138,15,[NULL]
0,"8,1,475",139,14,[NULL]
1,"18,1,346",139,14,[NULL]
2,"43,1,189,1,1",139,14,[NULL]
3,"1,1,540,1,1",139,14,[NULL]
4,"2,1,540,1,0",139,14,[NULL]
0,"18,1,347",140,13,[NULL]
1,"174,1,47",140,13,[NULL]
2,"8,1,366,1,1",140,13,[NULL]
3,"3,1,484,1,1",140,13,[NULL]
4,"1,1,3,1,485,1,0",140,13,[NULL]
0,"128,1,84",141,12,[NULL]
1,"390,1,7",141,12,[NULL]
2,"8,1,367,1,1",141,12,[NULL]
3,"3,1,485,1,1",141,12,[NULL]
4,"1,1,543,1,1",141,12,[NULL]
5,"575,1,0",141,12,[NULL]
6,"2,1,543,1,0",141,12,[NULL]
0,735,142,11,[NULL]
1,"3,2,513",142,11,[NULL]
2,"0,1,7,1,496",142,11,[NULL]
3,"392,1,7",142,11,[NULL]
4,"562,1,1",142,11,[NULL]
5,"43,1,191,1,1",142,11,[NULL]
6,"2,1,521,1,1",142,11,[NULL]
7,"1,1,544,1,1",142,11,[NULL]
8,"2,1,544,1,0",142,11,[NULL]
9,"1,1,563,1,0",142,11,[NULL]
0,737,143,10,[NULL]
1,736,143,10,[NULL]
2,"7,1,513",143,10,[NULL]
3,"397,1,7",143,10,[NULL]
4,"446,1,6",143,10,[NULL]
5,"564,1,1",143,10,[NULL]
6,"563,1,1",143,10,[NULL]
7,"2,1,523,1,1",143,10,[NULL]
8,"1,1,545,1,1",143,10,[NULL]
9,"3,1,504,1,0",143,10,[NULL]
10,"1,2,546,1,0",143,10,[NULL]
0,"69,1,160",144,9,[NULL]
1,"324,1,13",144,9,[NULL]
2,"0,1,69,2,11",144,9,[NULL]
3,"398,1,7",144,9,[NULL]
4,"565,1,1",144,9,[NULL]
5,"7,1,394,1,1",144,9,[NULL]
6,"3,2,396,1,1",144,9,[NULL]
7,"2,1,524,1,1",144,9,[NULL]
8,"1,1,547,1,1",144,9,[NULL]
9,"1,1,546,1,1",144,9,[NULL]
10,"576,1,0",144,9,[NULL]
11,"1,1,566,1,0",144,9,[NULL]
0,"7,1,515",145,8,[NULL]
1,"0,1,324,1,11",145,8,[NULL]
2,"567,1,1",145,8,[NULL]
3,"566,1,1",145,8,[NULL]
4,"7,1,396,1,1",145,8,[NULL]
5,"3,2,398,1,1",145,8,[NULL]
6,"2,1,525,1,1",145,8,[NULL]
7,"1,2,8,1,69,2,1",145,8,[NULL]
8,"577,1,0",145,8,[NULL]
9,"2,1,7,1,368,1,0",145,8,[NULL]
0,738,146,7,[NULL]
1,"7,1,398,1,1",146,7,[NULL]
2,"3,2,400,1,1",146,7,[NULL]
3,"1,2,8,1,324,1,1",146,7,[NULL]
4,"0,1,9,1,69,2,1",146,7,[NULL]
0,"7,1,400,1,1",147,6,[NULL]
1,"2,1,526,1,1",147,6,[NULL]
2,"0,1,9,1,324,1,1",147,6,[NULL]
3,"3,1,506,1,0",147,6,[NULL]
0,"10,1,324,1,1",148,5,[NULL]
1,"2,1,527,1,1",148,5,[NULL]
2,"13,1,324,1,0",148,5,[NULL]
3,"2,1,548,1,0",148,5,[NULL]
0,"11,1,324,1,1",149,4,[NULL]
1,"2,2,7,1,324,1,0",149,4,[NULL]
0,739,103,51,[NULL]
0,740,104,50,[NULL]
0,"0,1,553,1,1",105,49,[NULL]
0,"578,1,0",106,48,[NULL]
0,"579,1,0",107,47,[NULL]
0,"8,1,296,1,2",108,46,[NULL]
0,"0,1,8,2,236,1,1",109,45,[NULL]
0,"8,2,252,1,0",110,44,[NULL]
0,"1,1,5,1,402,1,1",114,40,[NULL]
0,"0,1,555,1,1",115,39,[NULL]
0,"8,1,402,1,0",116,38,[NULL]
0,"8,1,403,1,0",117,37,[NULL]
0,"8,1,298,1,2",118,36,[NULL]
0,"0,1,8,2,237,1,1",119,35,[NULL]
0,"8,2,16,1,137,1,0",120,34,[NULL]
0,741,121,33,[NULL]
1,"8,2,16,1,138,1,0",121,33,[NULL]
0,742,122,32,[NULL]
0,"49,1,203",123,31,[NULL]
0,"50,1,203",124,30,[NULL]
0,"149,1,72",125,29,[NULL]
1,"0,1,64,1,137,1,1",125,29,[NULL]
0,"206,1,36",126,28,[NULL]
1,"64,1,146,1,0",126,28,[NULL]
0,"8,1,149,1,30",127,27,[NULL]
1,"64,1,147,1,0",127,27,[NULL]
0,"207,1,36",128,26,[NULL]
1,"8,1,404,1,0",128,26,[NULL]
0,"218,1,30",129,25,[NULL]
0,"219,1,30",130,24,[NULL]
1,"13,3,32,1,28",130,24,[NULL]
2,"1,1,549,1,1",130,24,[NULL]
0,743,131,23,[NULL]
1,"13,1,194,1,14",131,23,[NULL]
2,"13,2,23,1,80,1,0",131,23,[NULL]
3,"8,2,255,1,0",131,23,[NULL]
0,744,132,22,[NULL]
1,"2,1,686",132,22,[NULL]
2,"16,1,370",132,22,[NULL]
3,"8,1,20,1,188,1,0",132,22,[NULL]
0,745,133,21,[NULL]
1,"2,1,687",133,21,[NULL]
2,"19,1,346",133,21,[NULL]
0,746,134,20,[NULL]
1,"13,1,419",134,20,[NULL]
2,"20,1,346",134,20,[NULL]
3,"13,2,23,1,75,1,1",134,20,[NULL]
4,"1,1,18,1,260,1,0",134,20,[NULL]
0,748,135,19,[NULL]
1,747,135,19,[NULL]
2,"8,1,9,1,306",135,19,[NULL]
3,"18,1,260,1,1",135,19,[NULL]
4,"13,2,23,1,76,1,1",135,19,[NULL]
5,"13,1,328,1,0",135,19,[NULL]
0,749,136,18,[NULL]
1,"187,1,44",136,18,[NULL]
2,"209,1,36",136,18,[NULL]
3,"69,1,138,1,1",136,18,[NULL]
4,"0,1,561,1,1",136,18,[NULL]
5,"581,1,0",136,18,[NULL]
0,"188,1,44",137,17,[NULL]
1,"7,1,319,1,2",137,17,[NULL]
2,"568,1,1",137,17,[NULL]
3,"1,1,552,1,1",137,17,[NULL]
4,"582,1,0",137,17,[NULL]
0,"13,1,423",138,16,[NULL]
1,"69,1,113,1,4",138,16,[NULL]
2,"502,1,2",138,16,[NULL]
0,750,139,15,[NULL]
1,"13,1,424",139,15,[NULL]
2,"502,1,3",139,15,[NULL]
3,"8,1,69,1,79,1,1",139,15,[NULL]
4,"13,1,331,1,0",139,15,[NULL]
0,"320,1,14",140,14,[NULL]
1,"8,1,69,1,80,1,1",140,14,[NULL]
2,"0,1,8,1,366,1,1",140,14,[NULL]
3,"0,1,3,1,484,1,1",140,14,[NULL]
4,"13,1,332,1,0",140,14,[NULL]
5,"4,1,486,1,0",140,14,[NULL]
6,"3,2,425,1,0",140,14,[NULL]
0,751,141,13,[NULL]
1,"486,1,4",141,13,[NULL]
2,"8,1,373,1,1",141,13,[NULL]
3,"1,1,3,1,477,1,1",141,13,[NULL]
4,"0,1,3,1,485,1,1",141,13,[NULL]
5,"8,1,414,1,0",141,13,[NULL]
6,"7,1,425,1,0",141,13,[NULL]
0,752,142,12,[NULL]
1,"7,1,528",142,12,[NULL]
2,"322,1,14",142,12,[NULL]
3,"569,1,1",142,12,[NULL]
4,"8,1,415,1,0",142,12,[NULL]
5,"1,1,7,1,412,1,0",142,12,[NULL]
0,"7,1,530",143,11,[NULL]
1,"67,1,69,1,14",143,11,[NULL]
2,"570,1,1",143,11,[NULL]
3,"7,1,412,1,1",143,11,[NULL]
4,"583,1,0",143,11,[NULL]
5,"1,1,571,1,0",143,11,[NULL]
0,754,144,10,[NULL]
1,753,144,10,[NULL]
2,"571,1,1",144,10,[NULL]
3,"7,1,414,1,1",144,10,[NULL]
4,"2,1,69,1,134,1,0",144,10,[NULL]
5,"1,1,12,1,69,2,0",144,10,[NULL]
6,"1,1,7,1,415,1,0",144,10,[NULL]
0,757,145,9,[NULL]
1,756,145,9,[NULL]
2,755,145,9,[NULL]
3,"12,1,69,2,1",145,9,[NULL]
4,"7,1,415,1,1",145,9,[NULL]
5,"1,1,12,1,324,1,0",145,9,[NULL]
0,"3,2,534",146,8,[NULL]
1,"2,1,7,1,469",146,8,[NULL]
2,"18,1,264,1,1",146,8,[NULL]
3,"12,1,324,1,1",146,8,[NULL]
4,"7,1,430,1,0",146,8,[NULL]
0,"7,1,534",147,7,[NULL]
1,"7,1,533",147,7,[NULL]
2,"584,1,0",147,7,[NULL]
0,758,148,6,[NULL]
1,"7,1,536",148,6,[NULL]
0,759,149,5,[NULL]
1,"69,2,14",149,5,[NULL]
2,"7,1,324,1,2",149,5,[NULL]
0,"324,1,14",150,4,[NULL]
1,"7,1,324,1,3",150,4,[NULL]
0,"1,2,553,1,0",105,50,[NULL]
0,"1,1,553,1,1",106,49,[NULL]
0,760,111,44,[NULL]
0,761,112,43,[NULL]
0,762,113,42,[NULL]
0,"199,1,39",114,41,[NULL]
0,"8,1,145,1,36",115,40,[NULL]
0,"8,1,152,1,30",116,39,[NULL]
0,"8,1,153,1,30",117,38,[NULL]
0,"17,1,117,1,30",118,37,[NULL]
1,"5,1,452,1,0",118,37,[NULL]
0,"223,1,30",119,36,[NULL]
1,"452,1,6",119,36,[NULL]
0,763,120,35,[NULL]
1,"8,3,55,1,30",120,35,[NULL]
0,"8,3,56,1,30",121,34,[NULL]
1,"488,1,4",121,34,[NULL]
2,"1,1,572,1,0",121,34,[NULL]
0,"224,1,30",122,33,[NULL]
1,"8,2,17,1,40,1,30",122,33,[NULL]
2,"246,1,25",122,33,[NULL]
3,"572,1,1",122,33,[NULL]
0,"225,1,30",123,32,[NULL]
1,"8,2,100,1,30",123,32,[NULL]
2,"8,2,244,1,1",123,32,[NULL]
0,"8,1,137,1,39",124,31,[NULL]
1,"8,5,9,1,30",124,31,[NULL]
2,"16,1,17,1,149,1,1",124,31,[NULL]
0,"8,1,146,1,36",125,30,[NULL]
1,"8,4,29,1,30",125,30,[NULL]
2,"8,2,245,1,1",125,30,[NULL]
3,"1,2,64,1,137,1,0",125,30,[NULL]
0,"8,1,16,1,64,1,30",126,29,[NULL]
1,"8,3,9,1,23,1,30",126,29,[NULL]
2,"8,2,247,1,1",126,29,[NULL]
3,"1,1,64,1,137,1,1",126,29,[NULL]
0,"8,1,17,1,64,1,30",127,28,[NULL]
1,"8,2,9,1,51,1,30",127,28,[NULL]
2,"491,1,4",127,28,[NULL]
3,"8,3,166,1,1",127,28,[NULL]
0,764,128,27,[NULL]
1,"8,1,154,1,30",128,27,[NULL]
2,"8,1,9,1,13,3,30",128,27,[NULL]
3,"8,3,167,1,1",128,27,[NULL]
0,"42,1,64,1,30",129,26,[NULL]
1,"9,1,13,2,32,1,30",129,26,[NULL]
2,"8,1,380,1,1",129,26,[NULL]
3,"8,2,248,1,1",129,26,[NULL]
4,"1,1,558,1,1",129,26,[NULL]
0,"9,1,461",130,25,[NULL]
1,"8,2,101,1,30",130,25,[NULL]
2,"17,1,278,1,1",130,25,[NULL]
3,"8,1,13,1,219,1,1",130,25,[NULL]
0,"8,1,505",131,24,[NULL]
1,"8,1,13,1,80,1,30",131,24,[NULL]
2,"8,1,291,1,4",131,24,[NULL]
3,"573,1,1",131,24,[NULL]
4,"13,2,194,1,1",131,24,[NULL]
0,765,132,23,[NULL]
1,"13,1,432",132,23,[NULL]
2,"23,1,101,1,30",132,23,[NULL]
3,"8,1,292,1,4",132,23,[NULL]
4,"574,1,1",132,23,[NULL]
5,"13,1,23,1,150,1,1",132,23,[NULL]
0,766,133,22,[NULL]
1,"9,1,346,1,1",133,22,[NULL]
2,"8,1,382,1,1",133,22,[NULL]
3,"2,1,537,1,1",133,22,[NULL]
4,"1,1,42,1,187,1,1",133,22,[NULL]
5,"585,1,0",133,22,[NULL]
6,"13,2,23,1,83,1,0",133,22,[NULL]
0,767,134,21,[NULL]
1,"201,1,39",134,21,[NULL]
2,"8,1,383,1,1",134,21,[NULL]
3,"2,1,538,1,1",134,21,[NULL]
4,"586,1,0",134,21,[NULL]
0,"212,1,36",135,20,[NULL]
1,"8,2,250,1,1",135,20,[NULL]
2,"0,1,18,1,260,1,1",135,20,[NULL]
3,"587,1,0",135,20,[NULL]
0,768,136,19,[NULL]
1,"13,2,75,1,28",136,19,[NULL]
2,"8,1,384,1,1",136,19,[NULL]
3,"1,1,560,1,1",136,19,[NULL]
4,"18,1,278,1,0",136,19,[NULL]
5,"1,2,561,1,0",136,19,[NULL]
0,"328,1,14",137,18,[NULL]
1,"9,1,13,1,209,1,1",137,18,[NULL]
2,"1,1,561,1,1",137,18,[NULL]
3,"69,1,147,1,0",137,18,[NULL]
0,770,138,17,[NULL]
1,769,138,17,[NULL]
2,"7,2,266,1,1",138,17,[NULL]
3,"588,1,0",138,17,[NULL]
0,"7,2,267,1,1",139,16,[NULL]
1,"1,1,7,1,385,1,1",139,16,[NULL]
2,"0,1,8,1,69,1,79,1,1",139,16,[NULL]
3,"13,1,335,1,0",139,16,[NULL]
0,"23,1,337",140,15,[NULL]
1,"1,1,43,1,189,1,1",140,15,[NULL]
2,"1,2,540,1,1",140,15,[NULL]
3,"8,1,69,1,89,1,0",140,15,[NULL]
0,771,141,14,[NULL]
1,"331,1,14",141,14,[NULL]
2,"0,1,486,1,4",141,14,[NULL]
3,"2,1,540,1,1",141,14,[NULL]
0,"43,1,247",142,13,[NULL]
1,"332,1,14",142,13,[NULL]
2,"7,1,333,1,2",142,13,[NULL]
3,"1,1,3,1,485,1,1",142,13,[NULL]
4,"589,1,0",142,13,[NULL]
5,"9,1,373,1,0",142,13,[NULL]
6,"1,1,575,1,0",142,13,[NULL]
0,772,143,12,[NULL]
1,"43,1,248",143,12,[NULL]
2,"390,1,8",143,12,[NULL]
3,"513,1,2",143,12,[NULL]
4,"575,1,1",143,12,[NULL]
5,"2,1,543,1,1",143,12,[NULL]
6,"1,2,544,1,1",143,12,[NULL]
7,"590,1,0",143,12,[NULL]
0,773,144,11,[NULL]
1,"392,1,8",144,11,[NULL]
2,"9,1,69,1,75,1,1",144,11,[NULL]
3,"2,1,544,1,1",144,11,[NULL]
4,"1,1,563,1,1",144,11,[NULL]
5,"0,1,7,1,414,1,1",144,11,[NULL]
6,"591,1,0",144,11,[NULL]
7,"3,1,521,1,0",144,11,[NULL]
8,"1,1,3,1,504,1,0",144,11,[NULL]
0,774,145,10,[NULL]
1,"69,1,75,1,12",145,10,[NULL]
2,"397,1,8",145,10,[NULL]
3,"3,1,504,1,1",145,10,[NULL]
4,"1,2,546,1,1",145,10,[NULL]
5,"0,1,7,1,415,1,1",145,10,[NULL]
6,"14,1,324,1,0",145,10,[NULL]
7,"3,1,523,1,0",145,10,[NULL]
8,"2,1,565,1,0",145,10,[NULL]
0,"324,1,15",146,9,[NULL]
1,"398,1,8",146,9,[NULL]
2,"576,1,1",146,9,[NULL]
3,"1,1,566,1,1",146,9,[NULL]
4,"3,1,524,1,0",146,9,[NULL]
5,"2,1,566,1,0",146,9,[NULL]
6,"2,1,7,1,396,1,0",146,9,[NULL]
7,"1,1,577,1,0",146,9,[NULL]
0,"7,1,549",147,8,[NULL]
1,"142,1,80",147,8,[NULL]
2,"577,1,1",147,8,[NULL]
3,"2,1,7,1,368,1,1",147,8,[NULL]
4,"13,1,341,1,0",147,8,[NULL]
5,"3,1,525,1,0",147,8,[NULL]
6,"2,1,7,1,398,1,0",147,8,[NULL]
0,"69,2,16",148,7,[NULL]
1,"592,1,0",148,7,[NULL]
2,"7,1,446,1,0",148,7,[NULL]
3,"2,1,7,1,400,1,0",148,7,[NULL]
4,"1,1,3,1,506,1,0",148,7,[NULL]
0,"324,1,16",149,6,[NULL]
1,"3,1,506,1,1",149,6,[NULL]
2,"593,1,0",149,6,[NULL]
3,"2,2,527,1,0",149,6,[NULL]
4,"1,1,13,1,324,1,0",149,6,[NULL]
0,"13,1,324,1,1",150,5,[NULL]
1,"2,1,548,1,1",150,5,[NULL]
2,"2,1,11,1,324,1,0",150,5,[NULL]
0,"2,2,7,1,324,1,1",151,4,[NULL]
0,"594,1,0",105,51,[NULL]
0,775,106,50,[NULL]
0,"578,1,1",108,48,[NULL]
0,"579,1,1",109,47,[NULL]
0,"8,1,295,1,4",110,46,[NULL]
0,"8,1,296,1,4",111,45,[NULL]
0,"8,2,252,1,1",112,44,[NULL]
0,"8,2,253,1,1",113,43,[NULL]
0,"8,1,17,1,200,1,1",114,42,[NULL]
0,"8,1,401,1,1",115,41,[NULL]
0,"8,4,116,1,1",116,40,[NULL]
0,776,117,39,[NULL]
1,"8,4,117,1,1",117,39,[NULL]
0,"8,1,402,1,1",118,38,[NULL]
1,"8,3,17,1,78,1,1",118,38,[NULL]
0,"0,1,452,1,6",119,37,[NULL]
1,"8,1,403,1,1",119,37,[NULL]
2,"8,3,171,1,1",119,37,[NULL]
0,"8,1,297,1,4",120,36,[NULL]
1,"8,6,39,1,1",120,36,[NULL]
2,"595,1,0",120,36,[NULL]
0,"8,1,298,1,4",121,35,[NULL]
1,"16,1,244,1,2",121,35,[NULL]
2,"8,6,40,1,1",121,35,[NULL]
0,"8,2,16,1,137,1,1",122,34,[NULL]
1,"8,5,17,1,20,1,1",122,34,[NULL]
2,"596,1,0",122,34,[NULL]
0,"8,2,16,1,138,1,1",123,33,[NULL]
1,"8,5,63,1,1",123,33,[NULL]
0,"8,2,17,1,138,1,1",124,32,[NULL]
1,"8,6,9,1,13,1,1",124,32,[NULL]
0,"8,1,42,1,137,1,1",125,31,[NULL]
1,"8,5,9,1,32,1,1",125,31,[NULL]
0,"491,1,5",126,30,[NULL]
1,"8,4,9,1,13,1,23,1,1",126,30,[NULL]
2,"8,5,64,1,1",126,30,[NULL]
0,"516,1,2",127,29,[NULL]
1,"8,3,9,1,13,1,51,1,1",127,29,[NULL]
2,"8,4,118,1,1",127,29,[NULL]
0,"516,1,3",128,28,[NULL]
1,"64,1,146,1,1",128,28,[NULL]
2,"8,2,9,1,13,4,1",128,28,[NULL]
3,"8,3,17,1,80,1,1",128,28,[NULL]
0,"64,1,147,1,1",129,27,[NULL]
1,"8,1,9,1,13,3,32,1,1",129,27,[NULL]
2,"8,3,173,1,1",129,27,[NULL]
3,"0,1,8,1,380,1,1",129,27,[NULL]
0,"9,1,13,4,23,1,1",130,26,[NULL]
1,"8,1,404,1,1",130,26,[NULL]
2,"8,3,13,1,101,1,1",130,26,[NULL]
3,"64,1,149,1,0",130,26,[NULL]
4,"8,2,260,1,0",130,26,[NULL]
0,"580,1,1",131,25,[NULL]
1,"8,2,13,2,80,1,1",131,25,[NULL]
2,"598,1,0",131,25,[NULL]
3,"16,1,292,1,0",131,25,[NULL]
0,"8,1,13,1,23,1,101,1,1",132,24,[NULL]
1,"8,2,254,1,1",132,24,[NULL]
2,"17,1,292,1,0",132,24,[NULL]
0,"248,1,28",133,23,[NULL]
1,"13,2,23,1,80,1,1",133,23,[NULL]
2,"8,2,255,1,1",133,23,[NULL]
3,"600,1,0",133,23,[NULL]
4,"8,1,420,1,0",133,23,[NULL]
0,777,134,22,[NULL]
1,"2,1,721",134,22,[NULL]
2,"13,2,67,1,30",134,22,[NULL]
3,"8,1,20,1,188,1,1",134,22,[NULL]
4,"13,1,346,1,0",134,22,[NULL]
0,778,135,21,[NULL]
1,"13,1,23,1,83,1,14",135,21,[NULL]
2,"20,1,267,1,1",135,21,[NULL]
3,"1,2,18,1,260,1,0",135,21,[NULL]
0,779,136,20,[NULL]
1,"9,1,13,1,212,1,1",136,20,[NULL]
2,"1,1,18,1,260,1,1",136,20,[NULL]
3,"603,1,0",136,20,[NULL]
0,781,137,19,[NULL]
1,780,137,19,[NULL]
2,"13,1,328,1,1",137,19,[NULL]
3,"42,1,209,1,0",137,19,[NULL]
0,"187,1,46",138,18,[NULL]
1,"581,1,1",138,18,[NULL]
2,"13,2,209,1,0",138,18,[NULL]
0,782,139,17,[NULL]
1,"188,1,46",139,17,[NULL]
2,"582,1,1",139,17,[NULL]
3,"13,1,67,1,75,1,0",139,17,[NULL]
0,784,140,16,[NULL]
1,783,140,16,[NULL]
2,"188,1,47",140,16,[NULL]
3,"604,1,0",140,16,[NULL]
0,785,141,15,[NULL]
1,"18,1,370",141,15,[NULL]
2,"335,1,14",141,15,[NULL]
3,"502,1,4",141,15,[NULL]
4,"13,1,331,1,1",141,15,[NULL]
5,"1,1,4,1,486,1,0",141,15,[NULL]
0,"18,1,371",142,14,[NULL]
1,"251,1,28",142,14,[NULL]
2,"367,1,11",142,14,[NULL]
3,"409,1,8",142,14,[NULL]
4,"13,1,332,1,1",142,14,[NULL]
5,"4,1,486,1,1",142,14,[NULL]
6,"3,2,425,1,1",142,14,[NULL]
0,786,143,13,[NULL]
1,"76,1,160",143,13,[NULL]
2,"190,1,47",143,13,[NULL]
3,"8,1,414,1,1",143,13,[NULL]
4,"7,1,425,1,1",143,13,[NULL]
5,"0,1,575,1,1",143,13,[NULL]
0,788,144,12,[NULL]
1,787,144,12,[NULL]
2,"69,1,168",144,12,[NULL]
3,"190,1,48",144,12,[NULL]
4,"8,1,415,1,1",144,12,[NULL]
5,"1,1,7,1,412,1,1",144,12,[NULL]
6,"2,1,570,1,0",144,12,[NULL]
0,"0,1,774",145,11,[NULL]
1,"68,1,170",145,11,[NULL]
2,"69,1,169",145,11,[NULL]
3,"583,1,1",145,11,[NULL]
4,"1,1,571,1,1",145,11,[NULL]
5,"0,1,3,1,504,1,1",145,11,[NULL]
6,"13,1,69,1,75,1,0",145,11,[NULL]
7,"7,1,450,1,0",145,11,[NULL]
0,"7,1,568",146,10,[NULL]
1,"7,1,566",146,10,[NULL]
2,"18,1,374",146,10,[NULL]
3,"0,1,324,1,15",146,10,[NULL]
4,"2,1,69,1,134,1,1",146,10,[NULL]
5,"1,1,12,1,69,2,1",146,10,[NULL]
6,"1,1,7,1,415,1,1",146,10,[NULL]
7,"13,1,69,1,76,1,0",146,10,[NULL]
8,"3,1,535,1,0",146,10,[NULL]
0,790,147,9,[NULL]
1,789,147,9,[NULL]
2,"0,1,7,1,549",147,9,[NULL]
3,"339,1,14",147,9,[NULL]
4,"368,1,12",147,9,[NULL]
5,"8,1,69,2,2",147,9,[NULL]
6,"1,1,12,1,324,1,1",147,9,[NULL]
7,"0,1,577,1,1",147,9,[NULL]
8,"2,1,18,1,264,1,0",147,9,[NULL]
0,791,148,8,[NULL]
1,"3,1,672",148,8,[NULL]
2,"7,1,569",148,8,[NULL]
3,"13,1,444",148,8,[NULL]
4,"526,1,2",148,8,[NULL]
5,"8,1,324,1,2",148,8,[NULL]
6,"7,1,430,1,1",148,8,[NULL]
0,"2,1,7,1,500",149,7,[NULL]
1,"506,1,4",149,7,[NULL]
2,"8,1,324,1,3",149,7,[NULL]
3,"584,1,1",149,7,[NULL]
4,"0,1,3,1,506,1,1",149,7,[NULL]
0,792,150,6,[NULL]
1,"527,1,3",150,6,[NULL]
2,"0,1,13,1,324,1,1",150,6,[NULL]
3,"605,1,0",150,6,[NULL]
0,793,151,5,[NULL]
1,"2,1,324,1,12",151,5,[NULL]
2,"4,1,7,1,324,1,0",151,5,[NULL]
0,"7,1,324,1,4",152,4,[NULL]
0,794,105,52,[NULL]
0,"0,1,775",106,51,[NULL]
0,"1,2,553,1,1",107,50,[NULL]
0,"0,1,578,1,1",108,49,[NULL]
0,"8,1,431,1,0",109,48,[NULL]
0,"16,1,296,1,0",110,47,[NULL]
0,"17,1,296,1,0",111,46,[NULL]
0,"606,1,0",112,45,[NULL]
0,"402,1,9",116,41,[NULL]
0,"403,1,9",117,40,[NULL]
0,"0,1,8,1,402,1,1",118,39,[NULL]
0,"8,1,432,1,0",119,38,[NULL]
1,"1,1,5,1,452,1,0",119,38,[NULL]
0,"5,1,452,1,1",120,37,[NULL]
1,"8,1,433,1,0",120,37,[NULL]
0,"17,1,298,1,0",121,36,[NULL]
0,"0,1,8,2,16,1,137,1,1",122,35,[NULL]
0,"1,1,572,1,1",123,34,[NULL]
1,"8,3,184,1,0",123,34,[NULL]
0,795,124,33,[NULL]
0,"49,1,216",125,32,[NULL]
0,"55,1,203",126,31,[NULL]
0,"56,1,203",127,30,[NULL]
1,"1,2,64,1,137,1,1",127,30,[NULL]
0,"206,1,39",128,29,[NULL]
1,"0,1,64,1,146,1,1",128,29,[NULL]
0,"8,1,149,1,36",129,28,[NULL]
1,"16,1,64,2,0",129,28,[NULL]
0,"8,1,160,1,30",130,27,[NULL]
1,"16,1,299,1,0",130,27,[NULL]
0,"232,1,30",131,26,[NULL]
1,"13,5,23,1,0",131,26,[NULL]
0,796,132,25,[NULL]
1,"233,1,30",132,25,[NULL]
2,"13,5,24,1,0",132,25,[NULL]
0,797,133,24,[NULL]
0,798,134,23,[NULL]
1,"31,1,306",134,23,[NULL]
2,"8,3,188,1,0",134,23,[NULL]
3,"1,1,585,1,0",134,23,[NULL]
0,800,135,22,[NULL]
1,799,135,22,[NULL]
2,"19,1,370",135,22,[NULL]
3,"585,1,1",135,22,[NULL]
4,"13,2,23,1,83,1,1",135,22,[NULL]
5,"2,2,538,1,0",135,22,[NULL]
6,"1,1,586,1,0",135,22,[NULL]
0,802,136,21,[NULL]
1,801,136,21,[NULL]
2,"8,2,346",136,21,[NULL]
3,"586,1,1",136,21,[NULL]
4,"9,1,13,2,133,1,1",136,21,[NULL]
5,"13,1,357,1,0",136,21,[NULL]
6,"1,1,587,1,0",136,21,[NULL]
0,"0,1,781",137,20,[NULL]
1,"22,1,346",137,20,[NULL]
2,"587,1,1",137,20,[NULL]
3,"608,1,0",137,20,[NULL]
4,"13,2,212,1,0",137,20,[NULL]
0,"209,1,39",138,19,[NULL]
1,"481,1,6",138,19,[NULL]
2,"18,1,278,1,1",138,19,[NULL]
3,"1,2,561,1,1",138,19,[NULL]
4,"13,1,360,1,0",138,19,[NULL]
0,"209,1,40",139,18,[NULL]
1,"69,1,147,1,1",139,18,[NULL]
2,"0,1,582,1,1",139,18,[NULL]
3,"611,1,0",139,18,[NULL]
4,"610,1,0",139,18,[NULL]
0,803,140,17,[NULL]
1,"13,1,209,1,14",140,17,[NULL]
2,"588,1,1",140,17,[NULL]
3,"612,1,0",140,17,[NULL]
4,"13,2,213,1,0",140,17,[NULL]
0,"8,1,312,1,4",141,16,[NULL]
1,"533,1,2",141,16,[NULL]
2,"13,1,335,1,1",141,16,[NULL]
3,"613,1,0",141,16,[NULL]
0,"534,1,2",142,15,[NULL]
1,"8,1,69,1,89,1,1",142,15,[NULL]
2,"614,1,0",142,15,[NULL]
0,805,143,14,[NULL]
1,804,143,14,[NULL]
2,"8,1,419,1,1",143,14,[NULL]
3,"0,1,8,1,414,1,1",143,14,[NULL]
4,"3,1,540,1,0",143,14,[NULL]
5,"1,2,575,1,0",143,14,[NULL]
0,806,144,13,[NULL]
1,"9,1,496",144,13,[NULL]
2,"589,1,1",144,13,[NULL]
3,"9,1,373,1,1",144,13,[NULL]
4,"1,1,575,1,1",144,13,[NULL]
5,"8,1,443,1,0",144,13,[NULL]
6,"7,1,459,1,0",144,13,[NULL]
7,"1,1,590,1,0",144,13,[NULL]
0,807,145,12,[NULL]
1,"373,1,12",145,12,[NULL]
2,"7,1,333,1,4",145,12,[NULL]
3,"590,1,1",145,12,[NULL]
4,"8,1,445,1,0",145,12,[NULL]
5,"3,1,543,1,0",145,12,[NULL]
6,"2,2,544,1,0",145,12,[NULL]
7,"1,1,591,1,0",145,12,[NULL]
0,"69,1,173",146,11,[NULL]
1,"376,1,12",146,11,[NULL]
2,"513,1,4",146,11,[NULL]
3,"591,1,1",146,11,[NULL]
4,"3,1,521,1,1",146,11,[NULL]
5,"1,1,3,1,504,1,1",146,11,[NULL]
6,"616,1,0",146,11,[NULL]
7,"615,1,0",146,11,[NULL]
8,"3,1,544,1,0",146,11,[NULL]
9,"1,1,14,1,324,1,0",146,11,[NULL]
0,808,147,10,[NULL]
1,"3,1,684",147,10,[NULL]
2,"13,1,69,1,84",147,10,[NULL]
3,"69,1,75,1,14",147,10,[NULL]
4,"14,1,324,1,1",147,10,[NULL]
5,"3,1,523,1,1",147,10,[NULL]
6,"2,1,565,1,1",147,10,[NULL]
7,"13,1,368,1,0",147,10,[NULL]
8,"1,1,3,1,524,1,0",147,10,[NULL]
9,"1,2,577,1,0",147,10,[NULL]
0,809,148,9,[NULL]
1,"69,1,76,1,14",148,9,[NULL]
2,"3,1,524,1,1",148,9,[NULL]
3,"2,1,566,1,1",148,9,[NULL]
4,"2,1,7,1,396,1,1",148,9,[NULL]
5,"1,1,577,1,1",148,9,[NULL]
6,"1,1,3,1,525,1,0",148,9,[NULL]
0,810,149,8,[NULL]
1,"13,1,341,1,1",149,8,[NULL]
2,"3,1,525,1,1",149,8,[NULL]
3,"2,1,7,1,398,1,1",149,8,[NULL]
4,"1,1,592,1,0",149,8,[NULL]
5,"1,1,7,1,446,1,0",149,8,[NULL]
0,"592,1,1",150,7,[NULL]
1,"7,1,446,1,1",150,7,[NULL]
2,"2,1,7,1,400,1,1",150,7,[NULL]
3,"1,1,3,1,506,1,1",150,7,[NULL]
4,"617,1,0",150,7,[NULL]
5,"1,1,593,1,0",150,7,[NULL]
0,"0,1,793",151,6,[NULL]
1,"593,1,1",151,6,[NULL]
2,"2,2,527,1,1",151,6,[NULL]
3,"1,1,13,1,324,1,1",151,6,[NULL]
4,"2,1,13,1,324,1,0",151,6,[NULL]
0,"0,1,7,1,324,1,4",152,5,[NULL]
1,"2,1,11,1,324,1,1",152,5,[NULL]
0,"1,1,594,1,0",106,52,[NULL]
0,"594,1,1",107,51,[NULL]
0,811,113,45,[NULL]
0,812,114,44,[NULL]
0,"236,1,30",115,43,[NULL]
0,"183,1,49",116,42,[NULL]
0,"8,1,145,1,39",117,41,[NULL]
0,"8,1,152,1,36",118,40,[NULL]
0,"8,2,110,1,30",119,39,[NULL]
0,"8,2,111,1,30",120,38,[NULL]
0,"16,1,17,1,50,1,30",121,37,[NULL]
0,"8,1,161,1,30",122,36,[NULL]
1,"595,1,1",122,36,[NULL]
0,813,123,35,[NULL]
1,"8,4,31,1,30",123,35,[NULL]
0,"224,1,36",124,34,[NULL]
1,"8,3,16,1,17,1,30",124,34,[NULL]
2,"596,1,1",124,34,[NULL]
0,"237,1,30",125,33,[NULL]
1,"8,3,17,2,30",125,33,[NULL]
2,"597,1,1",125,33,[NULL]
0,"238,1,30",126,32,[NULL]
1,"8,3,60,1,30",126,32,[NULL]
2,"8,2,257,1,1",126,32,[NULL]
0,"8,1,146,1,39",127,31,[NULL]
1,"8,5,13,1,30",127,31,[NULL]
2,"8,1,17,1,206,1,1",127,31,[NULL]
3,"5,1,491,1,0",127,31,[NULL]
0,"8,1,16,1,64,1,36",128,30,[NULL]
1,"8,4,32,1,30",128,30,[NULL]
2,"491,1,6",128,30,[NULL]
3,"8,2,258,1,1",128,30,[NULL]
0,814,129,29,[NULL]
1,"8,2,112,1,30",129,29,[NULL]
2,"8,3,13,1,23,1,30",129,29,[NULL]
3,"8,2,259,1,1",129,29,[NULL]
0,"8,2,113,1,30",130,28,[NULL]
1,"8,2,13,1,51,1,30",130,28,[NULL]
2,"516,1,4",130,28,[NULL]
3,"8,3,180,1,1",130,28,[NULL]
0,"16,1,399",131,27,[NULL]
1,"8,1,162,1,30",131,27,[NULL]
2,"8,1,13,4,30",131,27,[NULL]
3,"260,1,26",131,27,[NULL]
4,"8,2,9,1,167,1,1",131,27,[NULL]
5,"1,1,64,1,149,1,0",131,27,[NULL]
0,"17,1,399",132,26,[NULL]
1,"23,1,113,1,30",132,26,[NULL]
2,"13,3,32,1,30",132,26,[NULL]
3,"64,1,149,1,1",132,26,[NULL]
4,"8,1,9,1,248,1,1",132,26,[NULL]
5,"8,2,260,1,1",132,26,[NULL]
0,"64,1,181",133,25,[NULL]
1,"8,1,9,1,101,1,30",133,25,[NULL]
2,"13,4,23,1,14",133,25,[NULL]
3,"598,1,1",133,25,[NULL]
4,"16,1,292,1,1",133,25,[NULL]
5,"9,1,13,1,219,1,1",133,25,[NULL]
0,"9,1,505",134,24,[NULL]
1,"9,1,13,1,80,1,30",134,24,[NULL]
2,"599,1,1",134,24,[NULL]
3,"17,1,292,1,1",134,24,[NULL]
4,"1,1,600,1,0",134,24,[NULL]
0,"187,1,49",135,23,[NULL]
1,"602,1,1",135,23,[NULL]
2,"601,1,1",135,23,[NULL]
3,"600,1,1",135,23,[NULL]
4,"8,1,420,1,1",135,23,[NULL]
0,"13,2,23,1,107",136,22,[NULL]
1,"188,1,49",136,22,[NULL]
2,"538,1,3",136,22,[NULL]
3,"13,1,346,1,1",136,22,[NULL]
4,"8,1,16,1,209,1,1",136,22,[NULL]
5,"0,1,586,1,1",136,22,[NULL]
0,"194,1,47",137,21,[NULL]
1,"212,1,39",137,21,[NULL]
2,"13,2,83,1,28",137,21,[NULL]
3,"8,1,17,1,209,1,1",137,21,[NULL]
4,"1,2,18,1,260,1,1",137,21,[NULL]
5,"13,3,133,1,0",137,21,[NULL]
6,"1,1,603,1,0",137,21,[NULL]
0,"212,1,40",138,20,[NULL]
1,"357,1,14",138,20,[NULL]
2,"603,1,1",138,20,[NULL]
3,"8,2,261,1,1",138,20,[NULL]
4,"0,1,18,1,278,1,1",138,20,[NULL]
5,"13,3,134,1,0",138,20,[NULL]
6,"1,1,42,1,209,1,0",138,20,[NULL]
0,"13,1,212,1,14",139,19,[NULL]
1,"42,1,209,1,1",139,19,[NULL]
2,"8,1,423,1,1",139,19,[NULL]
3,"8,1,448,1,0",139,19,[NULL]
0,815,140,18,[NULL]
1,"13,2,209,1,1",140,18,[NULL]
2,"8,1,449,1,0",140,18,[NULL]
0,816,141,17,[NULL]
1,"213,1,40",141,17,[NULL]
2,"13,1,67,1,75,1,1",141,17,[NULL]
3,"16,1,314,1,0",141,17,[NULL]
4,"1,1,604,1,0",141,17,[NULL]
0,817,142,16,[NULL]
1,"13,1,213,1,14",142,16,[NULL]
2,"604,1,1",142,16,[NULL]
3,"8,1,425,1,1",142,16,[NULL]
4,"618,1,0",142,16,[NULL]
5,"18,1,293,1,0",142,16,[NULL]
0,"425,1,8",143,15,[NULL]
1,"1,1,4,1,486,1,1",143,15,[NULL]
2,"619,1,0",143,15,[NULL]
0,"620,1,0",144,14,[NULL]
0,"544,1,2",145,13,[NULL]
1,"621,1,0",145,13,[NULL]
2,"13,1,373,1,0",145,13,[NULL]
0,818,146,12,[NULL]
1,"190,1,53",146,12,[NULL]
2,"544,1,3",146,12,[NULL]
3,"2,1,570,1,1",146,12,[NULL]
4,"0,1,3,1,521,1,1",146,12,[NULL]
5,"13,1,376,1,0",146,12,[NULL]
0,819,147,11,[NULL]
1,"367,1,14",147,11,[NULL]
2,"13,1,69,1,75,1,1",147,11,[NULL]
3,"7,1,450,1,1",147,11,[NULL]
4,"0,1,3,1,523,1,1",147,11,[NULL]
5,"7,1,478,1,0",147,11,[NULL]
6,"1,1,13,1,69,1,76,1,0",147,11,[NULL]
0,"2,1,757",148,10,[NULL]
1,"13,1,469",148,10,[NULL]
2,"13,1,69,1,76,1,1",148,10,[NULL]
3,"3,1,535,1,1",148,10,[NULL]
4,"0,1,3,1,524,1,1",148,10,[NULL]
5,"7,1,479,1,0",148,10,[NULL]
0,"7,1,592",149,9,[NULL]
1,"368,1,14",149,9,[NULL]
2,"2,1,18,1,264,1,1",149,9,[NULL]
3,"7,1,480,1,0",149,9,[NULL]
0,821,150,8,[NULL]
1,820,150,8,[NULL]
2,"8,1,69,2,4",150,8,[NULL]
3,"0,1,7,1,446,1,1",150,8,[NULL]
0,"2,1,7,1,536",151,7,[NULL]
1,"526,1,4",151,7,[NULL]
2,"8,1,324,1,4",151,7,[NULL]
3,"1,1,605,1,0",151,7,[NULL]
0,"324,1,17",152,6,[NULL]
1,"527,1,4",152,6,[NULL]
2,"605,1,1",152,6,[NULL]
3,"1,1,4,1,7,1,324,1,0",152,6,[NULL]
0,"2,1,324,1,14",153,5,[NULL]
1,"4,1,7,1,324,1,1",153,5,[NULL]
0,"622,1,0",106,53,[NULL]
0,822,107,52,[NULL]
0,823,110,49,[NULL]
0,"8,1,431,1,1",111,48,[NULL]
0,"16,1,296,1,1",112,47,[NULL]
0,"17,1,296,1,1",113,46,[NULL]
1,"1,1,606,1,0",113,46,[NULL]
0,"607,1,1",114,45,[NULL]
1,"606,1,1",114,45,[NULL]
0,"8,3,182,1,1",115,44,[NULL]
0,"8,3,183,1,1",116,43,[NULL]
0,"8,1,16,1,17,1,111,1,1",117,42,[NULL]
0,"8,2,265,1,1",118,41,[NULL]
0,"402,1,11",119,40,[NULL]
1,"8,5,71,1,1",119,40,[NULL]
0,"403,1,11",120,39,[NULL]
1,"8,4,16,1,50,1,1",120,39,[NULL]
0,"8,1,432,1,1",121,38,[NULL]
1,"8,4,17,1,50,1,1",121,38,[NULL]
2,"1,1,5,1,452,1,1",121,38,[NULL]
0,"8,1,433,1,1",122,37,[NULL]
1,"8,4,125,1,1",122,37,[NULL]
2,"0,1,595,1,1",122,37,[NULL]
0,"17,1,298,1,1",123,36,[NULL]
1,"8,7,16,1,1",123,36,[NULL]
2,"8,1,452,1,0",123,36,[NULL]
0,"8,2,225,1,4",124,35,[NULL]
1,"8,7,17,1,1",124,35,[NULL]
2,"0,1,596,1,1",124,35,[NULL]
0,"8,3,184,1,1",125,34,[NULL]
1,"8,5,16,1,23,1,1",125,34,[NULL]
0,"8,3,185,1,1",126,33,[NULL]
1,"8,6,42,1,1",126,33,[NULL]
0,"8,2,17,1,147,1,1",127,32,[NULL]
1,"8,6,13,2,1",127,32,[NULL]
0,"0,1,491,1,6",128,31,[NULL]
1,"8,1,17,2,113,1,1",128,31,[NULL]
2,"8,5,13,1,32,1,1",128,31,[NULL]
0,"8,4,13,2,23,1,1",129,30,[NULL]
1,"8,5,72,1,1",129,30,[NULL]
2,"623,1,0",129,30,[NULL]
0,"137,1,95",130,29,[NULL]
1,"16,1,260,1,2",130,29,[NULL]
2,"8,3,13,2,51,1,1",130,29,[NULL]
3,"8,4,127,1,1",130,29,[NULL]
0,"17,1,260,1,2",131,28,[NULL]
1,"16,1,64,2,1",131,28,[NULL]
2,"8,2,13,5,1",131,28,[NULL]
3,"8,3,20,1,80,1,1",131,28,[NULL]
0,"16,1,299,1,1",132,27,[NULL]
1,"8,1,13,4,32,1,1",132,27,[NULL]
2,"8,3,186,1,1",132,27,[NULL]
3,"0,1,64,1,149,1,1",132,27,[NULL]
4,"0,1,8,2,260,1,1",132,27,[NULL]
0,"13,5,23,1,1",133,26,[NULL]
1,"8,1,434,1,1",133,26,[NULL]
2,"8,2,9,1,13,1,101,1,1",133,26,[NULL]
3,"64,1,160,1,0",133,26,[NULL]
4,"8,2,278,1,0",133,26,[NULL]
0,"13,5,24,1,1",134,25,[NULL]
1,"8,1,435,1,1",134,25,[NULL]
2,"8,1,9,1,13,2,80,1,1",134,25,[NULL]
3,"13,2,219,1,0",134,25,[NULL]
4,"8,1,454,1,0",134,25,[NULL]
0,"9,1,13,1,23,1,101,1,1",135,24,[NULL]
1,"8,3,187,1,1",135,24,[NULL]
2,"20,1,292,1,0",135,24,[NULL]
3,"13,2,220,1,0",135,24,[NULL]
4,"8,1,455,1,0",135,24,[NULL]
0,"8,3,188,1,1",136,23,[NULL]
1,"1,1,585,1,1",136,23,[NULL]
2,"2,1,585,1,0",136,23,[NULL]
3,"1,2,586,1,0",136,23,[NULL]
0,824,137,22,[NULL]
1,"8,2,267,1,1",137,22,[NULL]
2,"2,2,538,1,1",137,22,[NULL]
3,"1,1,586,1,1",137,22,[NULL]
4,"626,1,0",137,22,[NULL]
0,825,138,21,[NULL]
1,"13,2,75,1,30",138,21,[NULL]
2,"13,1,357,1,1",138,21,[NULL]
3,"8,1,23,1,188,1,1",138,21,[NULL]
4,"1,1,587,1,1",138,21,[NULL]
0,"13,2,133,1,14",139,20,[NULL]
1,"608,1,1",139,20,[NULL]
2,"13,1,359,1,1",139,20,[NULL]
3,"13,2,212,1,1",139,20,[NULL]
4,"627,1,0",139,20,[NULL]
0,827,140,19,[NULL]
1,826,140,19,[NULL]
2,"609,1,1",140,19,[NULL]
3,"13,1,360,1,1",140,19,[NULL]
0,828,141,18,[NULL]
1,"611,1,1",141,18,[NULL]
2,"610,1,1",141,18,[NULL]
3,"628,1,0",141,18,[NULL]
0,829,142,17,[NULL]
1,"261,1,28",142,17,[NULL]
2,"612,1,1",142,17,[NULL]
3,"13,2,213,1,1",142,17,[NULL]
4,"0,1,604,1,1",142,17,[NULL]
0,830,143,16,[NULL]
1,"69,1,181",143,16,[NULL]
2,"209,1,44",143,16,[NULL]
3,"262,1,28",143,16,[NULL]
4,"613,1,1",143,16,[NULL]
5,"9,1,408,1,1",143,16,[NULL]
6,"629,1,0",143,16,[NULL]
0,833,144,15,[NULL]
1,832,144,15,[NULL]
2,831,144,15,[NULL]
3,"8,1,333,1,4",144,15,[NULL]
4,"614,1,1",144,15,[NULL]
5,"630,1,0",144,15,[NULL]
6,"1,1,3,1,540,1,0",144,15,[NULL]
0,835,145,14,[NULL]
1,834,145,14,[NULL]
2,"69,1,184",145,14,[NULL]
3,"534,1,4",145,14,[NULL]
4,"3,1,540,1,1",145,14,[NULL]
5,"1,2,575,1,1",145,14,[NULL]
0,836,146,13,[NULL]
1,"8,1,443,1,1",146,13,[NULL]
2,"7,1,459,1,1",146,13,[NULL]
3,"2,1,575,1,1",146,13,[NULL]
4,"1,1,590,1,1",146,13,[NULL]
5,"2,1,590,1,0",146,13,[NULL]
0,837,147,12,[NULL]
1,"264,1,28",147,12,[NULL]
2,"373,1,14",147,12,[NULL]
3,"8,1,445,1,1",147,12,[NULL]
4,"3,1,543,1,1",147,12,[NULL]
5,"2,2,544,1,1",147,12,[NULL]
6,"1,1,591,1,1",147,12,[NULL]
7,"7,1,486,1,0",147,12,[NULL]
0,"7,1,610",148,11,[NULL]
1,"376,1,14",148,11,[NULL]
2,"7,1,352,1,4",148,11,[NULL]
3,"616,1,1",148,11,[NULL]
4,"615,1,1",148,11,[NULL]
5,"3,1,544,1,1",148,11,[NULL]
6,"1,1,14,1,324,1,1",148,11,[NULL]
7,"631,1,0",148,11,[NULL]
0,839,149,10,[NULL]
1,838,149,10,[NULL]
2,"0,1,7,1,592",149,10,[NULL]
3,"15,1,324,1,1",149,10,[NULL]
4,"13,1,368,1,1",149,10,[NULL]
5,"1,1,3,1,524,1,1",149,10,[NULL]
6,"1,2,577,1,1",149,10,[NULL]
7,"632,1,0",149,10,[NULL]
8,"16,1,69,2,0",149,10,[NULL]
0,840,150,9,[NULL]
1,"2,1,7,1,549",150,9,[NULL]
2,"18,1,395",150,9,[NULL]
3,"1,1,3,1,525,1,1",150,9,[NULL]
4,"633,1,0",150,9,[NULL]
5,"17,1,69,2,0",150,9,[NULL]
6,"16,1,324,1,0",150,9,[NULL]
0,"1,1,592,1,1",151,8,[NULL]
1,"1,1,7,1,446,1,1",151,8,[NULL]
2,"17,1,324,1,0",151,8,[NULL]
3,"1,1,617,1,0",151,8,[NULL]
0,"9,1,324,1,3",152,7,[NULL]
1,"617,1,1",152,7,[NULL]
2,"1,1,593,1,1",152,7,[NULL]
0,"2,1,13,1,324,1,1",153,6,[NULL]
0,"0,1,822",107,53,[NULL]
0,"1,1,594,1,1",108,52,[NULL]
0,"553,1,2",109,51,[NULL]
0,"554,1,2",110,50,[NULL]
0,"0,1,8,1,431,1,1",111,49,[NULL]
0,"8,1,469,1,0",112,48,[NULL]
0,"8,1,470,1,0",113,47,[NULL]
0,"17,1,326,1,0",114,46,[NULL]
0,"635,1,0",118,42,[NULL]
0,"636,1,0",119,41,[NULL]
0,"556,1,2",120,40,[NULL]
0,"0,1,8,1,432,1,1",121,39,[NULL]
0,"8,1,16,1,224,1,0",122,38,[NULL]
0,"8,1,16,1,225,1,0",123,37,[NULL]
0,"8,1,17,1,225,1,0",124,36,[NULL]
0,841,125,35,[NULL]
1,"42,1,224,1,0",125,35,[NULL]
0,842,126,34,[NULL]
0,"49,1,236",127,33,[NULL]
0,"55,1,216",128,32,[NULL]
1,"1,1,5,1,491,1,0",128,32,[NULL]
0,"244,1,30",129,31,[NULL]
1,"64,1,137,1,2",129,31,[NULL]
2,"5,1,491,1,1",129,31,[NULL]
0,"149,1,82",130,30,[NULL]
1,"637,1,0",130,30,[NULL]
0,"245,1,30",131,29,[NULL]
1,"0,1,16,1,64,2,1",131,29,[NULL]
0,"247,1,30",132,28,[NULL]
1,"8,1,64,1,112,1,0",132,28,[NULL]
2,"1,2,64,1,149,1,0",132,28,[NULL]
0,"8,1,166,1,30",133,27,[NULL]
1,"1,1,64,1,149,1,1",133,27,[NULL]
0,843,134,26,[NULL]
1,"8,1,167,1,30",134,26,[NULL]
0,844,135,25,[NULL]
1,"248,1,30",135,25,[NULL]
2,"13,5,28",135,25,[NULL]
0,845,136,24,[NULL]
1,"13,1,219,1,14",136,24,[NULL]
2,"1,1,600,1,1",136,24,[NULL]
3,"13,2,23,1,101,1,0",136,24,[NULL]
4,"8,3,201,1,0",136,24,[NULL]
0,846,137,23,[NULL]
1,"39,1,306",137,23,[NULL]
2,"66,1,188",137,23,[NULL]
3,"537,1,4",137,23,[NULL]
0,"0,1,825",138,22,[NULL]
1,"40,1,306",138,22,[NULL]
2,"538,1,4",138,22,[NULL]
0,847,139,21,[NULL]
1,"8,1,9,1,346",139,21,[NULL]
2,"13,3,133,1,1",139,21,[NULL]
3,"1,1,603,1,1",139,21,[NULL]
4,"0,1,608,1,1",139,21,[NULL]
0,"29,1,346",140,20,[NULL]
1,"69,1,187",140,20,[NULL]
2,"266,1,28",140,20,[NULL]
3,"561,1,2",140,20,[NULL]
4,"13,3,134,1,1",140,20,[NULL]
5,"1,1,42,1,209,1,1",140,20,[NULL]
6,"23,1,286,1,0",140,20,[NULL]
0,"250,1,30",141,19,[NULL]
1,"267,1,28",141,19,[NULL]
2,"561,1,3",141,19,[NULL]
3,"8,1,448,1,1",141,19,[NULL]
4,"638,1,0",141,19,[NULL]
5,"23,1,287,1,0",141,19,[NULL]
0,"8,1,449,1,1",142,18,[NULL]
1,"0,1,612,1,1",142,18,[NULL]
2,"640,1,0",142,18,[NULL]
3,"639,1,0",142,18,[NULL]
0,"13,1,488",143,17,[NULL]
1,"16,1,314,1,1",143,17,[NULL]
2,"1,1,604,1,1",143,17,[NULL]
3,"8,1,475,1,0",143,17,[NULL]
4,"1,1,618,1,0",143,17,[NULL]
5,"1,1,18,1,293,1,0",143,17,[NULL]
0,"190,1,58",144,16,[NULL]
1,"618,1,1",144,16,[NULL]
2,"18,1,293,1,1",144,16,[NULL]
3,"17,1,314,1,1",144,16,[NULL]
4,"17,1,333,1,0",144,16,[NULL]
5,"13,1,408,1,0",144,16,[NULL]
0,"8,1,367,1,2",145,15,[NULL]
1,"619,1,1",145,15,[NULL]
2,"8,1,18,1,209,1,1",145,15,[NULL]
3,"0,1,3,1,540,1,1",145,15,[NULL]
4,"13,1,411,1,0",145,15,[NULL]
0,848,146,14,[NULL]
1,"620,1,1",146,14,[NULL]
2,"8,1,450,1,1",146,14,[NULL]
3,"0,1,8,1,443,1,1",146,14,[NULL]
4,"1,1,621,1,0",146,14,[NULL]
0,"543,1,4",147,13,[NULL]
1,"621,1,1",147,13,[NULL]
2,"13,1,373,1,1",147,13,[NULL]
3,"0,1,3,1,543,1,1",147,13,[NULL]
4,"8,1,479,1,0",147,13,[NULL]
0,"18,1,190,1,14",148,12,[NULL]
1,"544,1,4",148,12,[NULL]
2,"7,1,366,1,4",148,12,[NULL]
3,"13,1,376,1,1",148,12,[NULL]
4,"1,1,7,1,478,1,0",148,12,[NULL]
0,"7,1,367,1,4",149,11,[NULL]
1,"7,1,478,1,1",149,11,[NULL]
2,"1,1,13,1,69,1,76,1,1",149,11,[NULL]
3,"1,1,7,1,479,1,0",149,11,[NULL]
0,"7,1,621",150,10,[NULL]
1,"397,1,14",150,10,[NULL]
2,"7,1,479,1,1",150,10,[NULL]
3,"18,1,314,1,0",150,10,[NULL]
0,849,151,9,[NULL]
1,"7,1,368,1,4",151,9,[NULL]
2,"7,1,480,1,1",151,9,[NULL]
0,"7,1,623",152,8,[NULL]
1,"0,1,617,1,1",152,8,[NULL]
0,850,153,7,[NULL]
1,"1,1,605,1,1",153,7,[NULL]
0,"1,1,4,1,7,1,324,1,1",154,6,[NULL]
0,"1,1,622,1,0",107,54,[NULL]
0,"622,1,1",108,53,[NULL]
0,"1,1,606,1,1",115,46,[NULL]
0,851,116,45,[NULL]
0,"236,1,36",117,44,[NULL]
0,"252,1,30",118,43,[NULL]
0,"253,1,30",119,42,[NULL]
0,"8,1,152,1,39",120,41,[NULL]
0,"8,2,110,1,36",121,40,[NULL]
0,"8,2,116,1,30",122,39,[NULL]
0,"8,2,117,1,30",123,38,[NULL]
0,852,124,37,[NULL]
1,"8,1,17,1,78,1,30",124,37,[NULL]
0,"8,1,171,1,30",125,36,[NULL]
1,"8,1,452,1,1",125,36,[NULL]
0,"224,1,39",126,35,[NULL]
1,"8,4,39,1,30",126,35,[NULL]
2,"17,1,244,1,6",126,35,[NULL]
0,"237,1,36",127,34,[NULL]
1,"8,4,40,1,30",127,34,[NULL]
2,"31,1,245,1,1",127,34,[NULL]
0,"16,1,137,1,30",128,33,[NULL]
1,"8,3,17,1,20,1,30",128,33,[NULL]
2,"8,1,453,1,1",128,33,[NULL]
0,"16,1,138,1,30",129,32,[NULL]
1,"8,3,63,1,30",129,32,[NULL]
2,"8,2,16,1,149,1,1",129,32,[NULL]
0,"17,1,138,1,30",130,31,[NULL]
1,"8,4,9,1,13,1,30",130,31,[NULL]
2,"8,2,17,1,149,1,1",130,31,[NULL]
0,"8,2,112,1,36",131,30,[NULL]
1,"8,3,9,1,32,1,30",131,30,[NULL]
2,"623,1,1",131,30,[NULL]
3,"8,2,277,1,1",131,30,[NULL]
0,853,132,29,[NULL]
1,"8,2,9,1,13,1,23,1,30",132,29,[NULL]
2,"8,3,64,1,30",132,29,[NULL]
3,"8,3,193,1,1",132,29,[NULL]
0,854,133,28,[NULL]
1,"8,1,9,1,13,1,51,1,30",133,28,[NULL]
2,"8,2,118,1,30",133,28,[NULL]
3,"16,1,260,1,4",133,28,[NULL]
4,"8,3,194,1,1",133,28,[NULL]
0,"19,1,399",134,27,[NULL]
1,"9,1,13,4,30",134,27,[NULL]
2,"8,1,17,1,80,1,30",134,27,[NULL]
3,"17,1,260,1,4",134,27,[NULL]
4,"8,2,13,1,167,1,1",134,27,[NULL]
0,"20,1,399",135,26,[NULL]
1,"8,1,173,1,30",135,26,[NULL]
2,"64,1,160,1,1",135,26,[NULL]
3,"8,1,13,1,248,1,1",135,26,[NULL]
4,"8,2,278,1,1",135,26,[NULL]
0,"72,1,181",136,25,[NULL]
1,"8,1,13,1,101,1,30",136,25,[NULL]
2,"624,1,1",136,25,[NULL]
3,"13,2,219,1,1",136,25,[NULL]
4,"8,1,454,1,1",136,25,[NULL]
0,"17,1,433",137,24,[NULL]
1,"187,1,60",137,24,[NULL]
2,"13,2,80,1,30",137,24,[NULL]
3,"20,1,292,1,1",137,24,[NULL]
4,"13,2,220,1,1",137,24,[NULL]
5,"8,1,455,1,1",137,24,[NULL]
6,"642,1,0",137,24,[NULL]
0,"254,1,30",138,23,[NULL]
1,"625,1,1",138,23,[NULL]
2,"9,1,420,1,1",138,23,[NULL]
3,"2,1,585,1,1",138,23,[NULL]
4,"1,2,586,1,1",138,23,[NULL]
5,"13,4,67,1,0",138,23,[NULL]
6,"1,1,626,1,0",138,23,[NULL]
0,"255,1,30",139,22,[NULL]
1,"18,1,260,1,2",139,22,[NULL]
2,"626,1,1",139,22,[NULL]
3,"8,2,279,1,1",139,22,[NULL]
0,"212,1,45",140,21,[NULL]
1,"8,2,280,1,1",140,21,[NULL]
2,"644,1,0",140,21,[NULL]
3,"1,1,627,1,0",140,21,[NULL]
0,855,141,20,[NULL]
1,"13,2,95,1,28",141,20,[NULL]
2,"627,1,1",141,20,[NULL]
3,"8,1,9,1,261,1,1",141,20,[NULL]
4,"646,1,0",141,20,[NULL]
0,857,142,19,[NULL]
1,856,142,19,[NULL]
2,"286,1,23",142,19,[NULL]
3,"9,1,423,1,1",142,19,[NULL]
4,"8,1,69,1,112,1,0",142,19,[NULL]
5,"1,1,628,1,0",142,19,[NULL]
0,859,143,18,[NULL]
1,858,143,18,[NULL]
2,"628,1,1",143,18,[NULL]
3,"647,1,0",143,18,[NULL]
0,"48,1,209,1,0",144,17,[NULL]
1,"13,1,417,1,0",144,17,[NULL]
2,"8,1,483,1,0",144,17,[NULL]
3,"1,1,629,1,0",144,17,[NULL]
0,860,145,16,[NULL]
1,"32,1,337",145,16,[NULL]
2,"209,1,46",145,16,[NULL]
3,"629,1,1",145,16,[NULL]
4,"648,1,0",145,16,[NULL]
0,"408,1,14",146,15,[NULL]
1,"630,1,1",146,15,[NULL]
2,"1,1,3,1,540,1,1",146,15,[NULL]
0,861,147,14,[NULL]
1,"651,1,0",147,14,[NULL]
2,"9,1,450,1,0",147,14,[NULL]
0,862,148,13,[NULL]
1,"2,1,590,1,1",148,13,[NULL]
2,"1,1,7,1,486,1,0",148,13,[NULL]
0,863,149,12,[NULL]
1,"7,1,486,1,1",149,12,[NULL]
2,"7,1,485,1,1",149,12,[NULL]
3,"652,1,0",149,12,[NULL]
4,"1,1,631,1,0",149,12,[NULL]
0,"2,1,808",150,11,[NULL]
1,"69,1,134,1,4",150,11,[NULL]
2,"631,1,1",150,11,[NULL]
3,"18,1,321,1,0",150,11,[NULL]
4,"1,1,632,1,0",150,11,[NULL]
5,"1,1,16,1,69,2,0",150,11,[NULL]
0,"7,1,639",151,10,[NULL]
1,"632,1,1",151,10,[NULL]
2,"16,1,69,2,1",151,10,[NULL]
3,"1,1,633,1,0",151,10,[NULL]
4,"1,1,16,1,324,1,0",151,10,[NULL]
0,"633,1,1",152,9,[NULL]
1,"17,1,69,2,1",152,9,[NULL]
2,"16,1,324,1,1",152,9,[NULL]
3,"3,1,577,1,0",152,9,[NULL]
0,"17,1,324,1,1",153,8,[NULL]
1,"1,1,617,1,1",153,8,[NULL]
0,"9,1,324,1,4",154,7,[NULL]
0,"7,1,507,1,0",155,6,[NULL]
0,"7,1,508,1,0",156,5,[NULL]
0,"7,2,324,1,0",158,3,[NULL]
0,"18,1,324,1,0",159,2,[NULL]
0,"553,1,4",112,50,[NULL]
0,"554,1,4",113,49,[NULL]
0,"8,1,469,1,1",114,48,[NULL]
0,"8,1,470,1,1",115,47,[NULL]
0,"17,1,326,1,1",116,46,[NULL]
0,"634,1,1",117,45,[NULL]
0,"8,3,199,1,1",118,44,[NULL]
0,"8,3,200,1,1",119,43,[NULL]
1,"1,1,635,1,0",119,43,[NULL]
0,"635,1,1",120,42,[NULL]
1,"8,2,17,1,153,1,1",120,42,[NULL]
0,"636,1,1",121,41,[NULL]
1,"8,2,283,1,1",121,41,[NULL]
0,"555,1,4",122,40,[NULL]
1,"8,5,77,1,1",122,40,[NULL]
0,"452,1,9",123,39,[NULL]
1,"556,1,4",123,39,[NULL]
2,"8,5,78,1,1",123,39,[NULL]
0,"452,1,10",124,38,[NULL]
1,"8,1,16,1,224,1,1",124,38,[NULL]
2,"8,4,17,1,56,1,1",124,38,[NULL]
0,"8,1,16,1,225,1,1",125,37,[NULL]
1,"8,4,136,1,1",125,37,[NULL]
2,"0,1,8,1,452,1,1",125,37,[NULL]
0,"8,1,17,1,225,1,1",126,36,[NULL]
1,"8,7,19,1,1",126,36,[NULL]
2,"8,1,488,1,0",126,36,[NULL]
3,"1,1,42,1,224,1,0",126,36,[NULL]
0,"8,2,238,1,4",127,35,[NULL]
1,"42,1,224,1,1",127,35,[NULL]
2,"8,7,20,1,1",127,35,[NULL]
0,"8,4,137,1,1",128,34,[NULL]
1,"8,6,45,1,1",128,34,[NULL]
0,"8,4,138,1,1",129,33,[NULL]
1,"8,6,46,1,1",129,33,[NULL]
0,"8,2,16,1,154,1,1",130,32,[NULL]
1,"8,5,9,1,13,2,1",130,32,[NULL]
2,"1,1,5,1,491,1,1",130,32,[NULL]
0,"8,2,17,1,154,1,1",131,31,[NULL]
1,"8,4,9,1,13,1,32,1,1",131,31,[NULL]
2,"0,1,623,1,1",131,31,[NULL]
0,"637,1,1",132,30,[NULL]
1,"8,3,9,1,13,2,23,1,1",132,30,[NULL]
2,"8,5,79,1,1",132,30,[NULL]
3,"8,1,491,1,0",132,30,[NULL]
0,"64,1,138,1,4",133,29,[NULL]
1,"8,1,380,1,2",133,29,[NULL]
2,"8,2,9,1,13,2,51,1,1",133,29,[NULL]
3,"8,5,80,1,1",133,29,[NULL]
0,"17,1,278,1,2",134,28,[NULL]
1,"8,1,64,1,112,1,1",134,28,[NULL]
2,"8,1,9,1,13,5,1",134,28,[NULL]
3,"8,3,22,1,80,1,1",134,28,[NULL]
4,"1,2,64,1,149,1,1",134,28,[NULL]
0,"9,1,13,4,32,1,1",135,27,[NULL]
1,"8,1,64,1,113,1,1",135,27,[NULL]
2,"8,3,23,1,80,1,1",135,27,[NULL]
3,"0,1,8,2,278,1,1",135,27,[NULL]
4,"653,1,0",135,27,[NULL]
0,"8,1,471,1,1",136,26,[NULL]
1,"8,2,13,2,101,1,1",136,26,[NULL]
2,"8,2,291,1,0",136,26,[NULL]
0,"9,1,435,1,1",137,25,[NULL]
1,"8,1,13,3,80,1,1",137,25,[NULL]
2,"8,2,292,1,0",137,25,[NULL]
0,"13,1,167,1,28",138,24,[NULL]
1,"13,2,23,1,101,1,1",138,24,[NULL]
2,"8,3,201,1,1",138,24,[NULL]
0,"13,1,517",139,23,[NULL]
1,"13,2,83,1,30",139,23,[NULL]
2,"8,2,9,1,188,1,1",139,23,[NULL]
3,"23,1,292,1,0",139,23,[NULL]
0,"3,1,745",140,22,[NULL]
1,"13,3,67,1,14",140,22,[NULL]
2,"8,1,9,1,267,1,1",140,22,[NULL]
0,864,141,21,[NULL]
1,"9,1,23,1,188,1,1",141,21,[NULL]
2,"0,1,627,1,1",141,21,[NULL]
0,"266,1,29",142,20,[NULL]
1,"23,1,286,1,1",142,20,[NULL]
2,"655,1,0",142,20,[NULL]
3,"1,1,638,1,0",142,20,[NULL]
0,865,143,19,[NULL]
1,"561,1,4",143,19,[NULL]
2,"638,1,1",143,19,[NULL]
3,"23,1,287,1,1",143,19,[NULL]
4,"0,1,628,1,1",143,19,[NULL]
5,"13,1,423,1,0",143,19,[NULL]
6,"1,1,639,1,0",143,19,[NULL]
0,867,144,18,[NULL]
1,866,144,18,[NULL]
2,"67,1,198",144,18,[NULL]
3,"640,1,1",144,18,[NULL]
4,"639,1,1",144,18,[NULL]
5,"1,2,604,1,1",144,18,[NULL]
6,"656,1,0",144,18,[NULL]
7,"13,1,23,1,181,1,0",144,18,[NULL]
0,"212,1,47",145,17,[NULL]
1,"533,1,6",145,17,[NULL]
2,"8,1,475,1,1",145,17,[NULL]
3,"1,1,618,1,1",145,17,[NULL]
4,"1,1,18,1,293,1,1",145,17,[NULL]
5,"0,1,629,1,1",145,17,[NULL]
6,"2,1,618,1,0",145,17,[NULL]
0,868,146,16,[NULL]
1,"69,1,195",146,16,[NULL]
2,"417,1,14",146,16,[NULL]
3,"17,1,333,1,1",146,16,[NULL]
4,"13,1,408,1,1",146,16,[NULL]
0,"69,1,196",147,15,[NULL]
1,"281,1,28",147,15,[NULL]
2,"8,1,366,1,4",147,15,[NULL]
3,"13,1,411,1,1",147,15,[NULL]
0,"13,1,530",148,14,[NULL]
1,"213,1,47",148,14,[NULL]
2,"270,1,29",148,14,[NULL]
3,"282,1,28",148,14,[NULL]
4,"8,1,367,1,4",148,14,[NULL]
5,"1,1,621,1,1",148,14,[NULL]
0,869,149,13,[NULL]
1,"3,1,752",149,13,[NULL]
2,"13,1,69,1,107",149,13,[NULL]
3,"8,1,479,1,1",149,13,[NULL]
4,"0,1,7,1,486,1,1",149,13,[NULL]
5,"657,1,0",149,13,[NULL]
0,870,150,12,[NULL]
1,"69,1,198",150,12,[NULL]
2,"324,1,18",150,12,[NULL]
3,"9,1,445,1,1",150,12,[NULL]
4,"1,1,7,1,478,1,1",150,12,[NULL]
5,"0,1,631,1,1",150,12,[NULL]
6,"13,1,69,1,95,1,0",150,12,[NULL]
0,"324,1,19",151,11,[NULL]
1,"565,1,4",151,11,[NULL]
2,"18,1,311,1,1",151,11,[NULL]
3,"7,2,314,1,1",151,11,[NULL]
4,"1,1,7,1,479,1,1",151,11,[NULL]
5,"0,1,16,1,69,2,1",151,11,[NULL]
6,"18,1,332,1,0",151,11,[NULL]
0,"18,1,314,1,1",152,10,[NULL]
1,"0,1,16,1,324,1,1",152,10,[NULL]
2,"658,1,0",152,10,[NULL]
3,"19,1,69,2,0",152,10,[NULL]
4,"18,1,333,1,0",152,10,[NULL]
0,"13,1,537",153,9,[NULL]
1,"7,1,398,1,4",153,9,[NULL]
2,"659,1,0",153,9,[NULL]
3,"19,1,324,1,0",153,9,[NULL]
0,"18,1,427",154,8,[NULL]
1,"70,1,163,1,0",154,8,[NULL]
2,"20,1,324,1,0",154,8,[NULL]
0,"13,1,324,1,3",155,7,[NULL]
0,"660,1,0",157,5,[NULL]
0,"1,1,622,1,1",109,54,[NULL]
0,"641,1,1",110,53,[NULL]
0,"661,1,0",111,52,[NULL]
0,"578,1,2",112,51,[NULL]
0,"579,1,2",113,50,[NULL]
0,"0,1,8,1,469,1,1",114,49,[NULL]
0,"8,2,295,1,0",115,48,[NULL]
0,"8,2,296,1,0",116,47,[NULL]
0,"0,1,635,1,1",120,43,[NULL]
0,"662,1,0",121,42,[NULL]
0,"663,1,0",122,41,[NULL]
0,"8,1,403,1,2",123,40,[NULL]
0,"0,1,8,1,16,1,224,1,1",124,39,[NULL]
0,"8,2,297,1,0",125,38,[NULL]
0,"8,2,298,1,0",126,37,[NULL]
0,871,127,36,[NULL]
1,"8,1,17,1,238,1,0",127,36,[NULL]
0,872,128,35,[NULL]
0,873,129,34,[NULL]
0,"55,1,236",130,33,[NULL]
0,"244,1,36",131,32,[NULL]
1,"64,1,137,1,5",131,32,[NULL]
0,"257,1,30",132,31,[NULL]
1,"0,1,637,1,1",132,31,[NULL]
0,"245,1,36",133,30,[NULL]
1,"664,1,0",133,30,[NULL]
0,"258,1,30",134,29,[NULL]
1,"665,1,0",134,29,[NULL]
0,"259,1,30",135,28,[NULL]
0,874,136,27,[NULL]
1,"8,1,180,1,30",136,27,[NULL]
2,"13,5,32,1,0",136,27,[NULL]
0,875,137,26,[NULL]
1,"9,1,167,1,30",137,26,[NULL]
2,"13,5,33,1,0",137,26,[NULL]
0,"64,1,203",138,25,[NULL]
1,"260,1,30",138,25,[NULL]
2,"1,1,642,1,0",138,25,[NULL]
0,876,139,24,[NULL]
1,"31,1,347",139,24,[NULL]
2,"642,1,1",139,24,[NULL]
0,877,140,23,[NULL]
1,"8,1,16,1,306",140,23,[NULL]
2,"13,4,67,1,1",140,23,[NULL]
3,"1,1,626,1,1",140,23,[NULL]
0,"8,1,17,1,306",141,22,[NULL]
1,"643,1,1",141,22,[NULL]
2,"9,1,13,3,75,1,1",141,22,[NULL]
3,"23,1,303,1,0",141,22,[NULL]
4,"1,2,627,1,0",141,22,[NULL]
0,"209,1,49",142,21,[NULL]
1,"645,1,1",142,21,[NULL]
2,"644,1,1",142,21,[NULL]
3,"1,1,627,1,1",142,21,[NULL]
4,"666,1,0",142,21,[NULL]
5,"13,1,23,1,188,1,0",142,21,[NULL]
6,"1,1,646,1,0",142,21,[NULL]
0,"188,1,68",143,20,[NULL]
1,"250,1,36",143,20,[NULL]
2,"69,1,138,1,4",143,20,[NULL]
3,"582,1,2",143,20,[NULL]
4,"646,1,1",143,20,[NULL]
5,"667,1,0",143,20,[NULL]
6,"13,1,23,1,189,1,0",143,20,[NULL]
7,"1,2,628,1,0",143,20,[NULL]
0,"261,1,30",144,19,[NULL]
1,"286,1,28",144,19,[NULL]
2,"582,1,3",144,19,[NULL]
3,"8,1,69,1,112,1,1",144,19,[NULL]
4,"1,1,628,1,1",144,19,[NULL]
5,"2,1,628,1,0",144,19,[NULL]
0,"287,1,28",145,18,[NULL]
1,"423,1,14",145,18,[NULL]
2,"647,1,1",145,18,[NULL]
3,"8,1,69,1,113,1,1",145,18,[NULL]
4,"0,1,8,1,475,1,1",145,18,[NULL]
5,"13,1,23,1,190,1,0",145,18,[NULL]
6,"1,1,48,1,209,1,0",145,18,[NULL]
0,878,146,17,[NULL]
1,"2,1,830",146,17,[NULL]
2,"48,1,209,1,1",146,17,[NULL]
3,"13,1,417,1,1",146,17,[NULL]
4,"8,1,483,1,1",146,17,[NULL]
5,"1,1,629,1,1",146,17,[NULL]
6,"8,1,502,1,0",146,17,[NULL]
0,879,147,16,[NULL]
1,"649,1,1",147,16,[NULL]
2,"648,1,1",147,16,[NULL]
3,"17,1,338,1,1",147,16,[NULL]
4,"16,1,367,1,0",147,16,[NULL]
5,"2,1,630,1,0",147,16,[NULL]
0,"288,1,28",148,15,[NULL]
1,"650,1,1",148,15,[NULL]
2,"8,1,486,1,1",148,15,[NULL]
3,"670,1,0",148,15,[NULL]
4,"669,1,0",148,15,[NULL]
5,"17,1,367,1,0",148,15,[NULL]
0,881,149,14,[NULL]
1,880,149,14,[NULL]
2,"651,1,1",149,14,[NULL]
3,"9,1,450,1,1",149,14,[NULL]
4,"671,1,0",149,14,[NULL]
0,883,150,13,[NULL]
1,882,150,13,[NULL]
2,"570,1,4",150,13,[NULL]
3,"1,1,7,1,486,1,1",150,13,[NULL]
4,"1,1,652,1,0",150,13,[NULL]
0,"69,1,201",151,12,[NULL]
1,"2,1,376,1,14",151,12,[NULL]
2,"652,1,1",151,12,[NULL]
3,"1,1,631,1,1",151,12,[NULL]
4,"673,1,0",151,12,[NULL]
5,"13,1,445,1,0",151,12,[NULL]
6,"1,1,18,1,321,1,0",151,12,[NULL]
0,884,152,11,[NULL]
1,"69,1,95,1,14",152,11,[NULL]
2,"18,1,321,1,1",152,11,[NULL]
3,"1,1,632,1,1",152,11,[NULL]
4,"1,1,16,1,69,2,1",152,11,[NULL]
5,"675,1,0",152,11,[NULL]
6,"674,1,0",152,11,[NULL]
7,"1,2,16,1,324,1,0",152,11,[NULL]
0,"68,1,163,1,1",153,10,[NULL]
1,"1,1,633,1,1",153,10,[NULL]
2,"1,1,16,1,324,1,1",153,10,[NULL]
3,"18,1,338,1,0",153,10,[NULL]
0,"3,1,577,1,1",154,9,[NULL]
0,"163,1,80",155,8,[NULL]
1,"2,1,617,1,1",155,8,[NULL]
2,"676,1,0",155,8,[NULL]
0,885,156,7,[NULL]
1,"2,2,13,1,324,1,1",156,7,[NULL]
2,"18,1,339,1,0",156,7,[NULL]
0,"7,1,507,1,1",157,6,[NULL]
1,"1,1,7,1,508,1,0",157,6,[NULL]
0,"7,1,508,1,1",158,5,[NULL]
1,"18,1,341,1,0",158,5,[NULL]
0,"1,1,7,2,324,1,0",159,4,[NULL]
0,"7,2,324,1,1",160,3,[NULL]
1,"1,1,18,1,324,1,0",160,3,[NULL]
0,"18,1,324,1,1",161,2,[NULL]
0,886,117,47,[NULL]
0,887,118,46,[NULL]
0,"236,1,39",119,45,[NULL]
0,"252,1,36",120,44,[NULL]
1,"1,2,635,1,0",120,44,[NULL]
0,"8,1,182,1,30",121,43,[NULL]
1,"1,1,635,1,1",121,43,[NULL]
0,"8,1,183,1,30",122,42,[NULL]
0,"8,2,110,1,39",123,41,[NULL]
0,"265,1,30",124,40,[NULL]
0,"8,3,71,1,30",125,39,[NULL]
0,"8,2,16,1,50,1,30",126,38,[NULL]
1,"452,1,11",126,38,[NULL]
0,888,127,37,[NULL]
1,"8,2,17,1,50,1,30",127,37,[NULL]
0,"8,2,125,1,30",128,36,[NULL]
1,"8,1,488,1,1",128,36,[NULL]
2,"1,1,42,1,224,1,1",128,36,[NULL]
0,"237,1,39",129,35,[NULL]
1,"8,5,16,1,30",129,35,[NULL]
2,"17,1,343,1,1",129,35,[NULL]
0,"16,1,137,1,36",130,34,[NULL]
1,"8,5,17,1,30",130,34,[NULL]
2,"8,1,489,1,1",130,34,[NULL]
0,"8,1,184,1,30",131,33,[NULL]
1,"8,3,16,1,23,1,30",131,33,[NULL]
2,"8,1,490,1,1",131,33,[NULL]
0,"8,1,185,1,30",132,32,[NULL]
1,"8,4,42,1,30",132,32,[NULL]
2,"8,3,206,1,1",132,32,[NULL]
0,889,133,31,[NULL]
1,"17,1,147,1,30",133,31,[NULL]
2,"8,4,13,2,30",133,31,[NULL]
3,"8,2,17,1,160,1,1",133,31,[NULL]
0,"8,3,64,1,36",134,30,[NULL]
1,"8,3,13,1,32,1,30",134,30,[NULL]
2,"8,1,491,1,1",134,30,[NULL]
3,"8,3,207,1,1",134,30,[NULL]
0,"16,1,461",135,29,[NULL]
1,"8,2,13,2,23,1,30",135,29,[NULL]
2,"8,3,72,1,30",135,29,[NULL]
3,"17,1,260,1,6",135,29,[NULL]
4,"8,3,208,1,1",135,29,[NULL]
0,"17,1,461",136,28,[NULL]
1,"8,1,13,2,51,1,30",136,28,[NULL]
2,"8,2,127,1,30",136,28,[NULL]
3,"8,1,380,1,4",136,28,[NULL]
4,"8,2,9,1,194,1,1",136,28,[NULL]
5,"1,1,653,1,0",136,28,[NULL]
0,"64,1,211",137,27,[NULL]
1,"149,1,95",137,27,[NULL]
2,"13,5,30",137,27,[NULL]
3,"8,1,20,1,80,1,30",137,27,[NULL]
4,"17,1,278,1,4",137,27,[NULL]
5,"653,1,1",137,27,[NULL]
6,"8,1,9,1,13,1,167,1,1",137,27,[NULL]
0,"22,1,399",138,26,[NULL]
1,"8,1,186,1,30",138,26,[NULL]
2,"13,4,32,1,14",138,26,[NULL]
3,"16,1,347,1,1",138,26,[NULL]
4,"9,1,13,1,248,1,1",138,26,[NULL]
5,"8,2,291,1,1",138,26,[NULL]
0,"187,1,72",139,25,[NULL]
1,"9,1,13,1,101,1,30",139,25,[NULL]
2,"17,1,347,1,1",139,25,[NULL]
3,"8,2,292,1,1",139,25,[NULL]
4,"0,1,642,1,1",139,25,[NULL]
0,"254,1,36",140,24,[NULL]
1,"654,1,1",140,24,[NULL]
2,"22,1,292,1,1",140,24,[NULL]
3,"8,1,492,1,1",140,24,[NULL]
0,"13,2,32,1,107",141,23,[NULL]
1,"8,1,187,1,30",141,23,[NULL]
2,"23,1,292,1,1",141,23,[NULL]
3,"8,2,293,1,1",141,23,[NULL]
0,"266,1,30",142,22,[NULL]
1,"8,1,188,1,30",142,22,[NULL]
2,"13,2,105,1,28",142,22,[NULL]
3,"8,3,209,1,1",142,22,[NULL]
4,"0,1,644,1,1",142,22,[NULL]
5,"13,4,75,1,0",142,22,[NULL]
0,"267,1,30",143,21,[NULL]
1,"303,1,23",143,21,[NULL]
2,"8,2,294,1,1",143,21,[NULL]
3,"0,1,646,1,1",143,21,[NULL]
4,"13,4,76,1,0",143,21,[NULL]
5,"1,1,655,1,0",143,21,[NULL]
0,890,144,20,[NULL]
1,"23,1,188,1,14",144,20,[NULL]
2,"655,1,1",144,20,[NULL]
3,"8,1,13,1,261,1,1",144,20,[NULL]
4,"1,1,638,1,1",144,20,[NULL]
5,"0,1,8,1,69,1,112,1,1",144,20,[NULL]
0,892,145,19,[NULL]
1,891,145,19,[NULL]
2,"266,1,33",145,19,[NULL]
3,"13,1,423,1,1",145,19,[NULL]
4,"1,1,639,1,1",145,19,[NULL]
0,894,146,18,[NULL]
1,893,146,18,[NULL]
2,"213,1,51",146,18,[NULL]
3,"656,1,1",146,18,[NULL]
4,"13,1,23,1,181,1,1",146,18,[NULL]
5,"8,2,312,1,0",146,18,[NULL]
0,895,147,17,[NULL]
1,"23,1,190,1,14",147,17,[NULL]
2,"2,1,618,1,1",147,17,[NULL]
3,"0,1,648,1,1",147,17,[NULL]
4,"3,1,604,1,0",147,17,[NULL]
0,897,148,16,[NULL]
1,896,148,16,[NULL]
2,"677,1,0",148,16,[NULL]
0,"2,1,848",149,15,[NULL]
1,"679,1,0",149,15,[NULL]
2,"678,1,0",149,15,[NULL]
3,"67,1,174,1,0",149,15,[NULL]
0,900,150,14,[NULL]
1,899,150,14,[NULL]
2,898,150,14,[NULL]
3,"680,1,0",150,14,[NULL]
4,"13,1,450,1,0",150,14,[NULL]
5,"1,1,657,1,0",150,14,[NULL]
0,901,151,13,[NULL]
1,"657,1,1",151,13,[NULL]
2,"0,1,652,1,1",151,13,[NULL]
3,"683,1,0",151,13,[NULL]
4,"682,1,0",151,13,[NULL]
5,"681,1,0",151,13,[NULL]
0,904,152,12,[NULL]
1,903,152,12,[NULL]
2,902,152,12,[NULL]
3,"13,1,69,1,95,1,1",152,12,[NULL]
4,"21,1,324,1,0",152,12,[NULL]
0,905,153,11,[NULL]
1,"324,1,20",153,11,[NULL]
2,"445,1,14",153,11,[NULL]
3,"18,1,332,1,1",153,11,[NULL]
0,906,154,10,[NULL]
1,"658,1,1",154,10,[NULL]
2,"19,1,69,2,1",154,10,[NULL]
3,"18,1,333,1,1",154,10,[NULL]
0,"659,1,1",155,9,[NULL]
1,"20,1,69,2,1",155,9,[NULL]
2,"19,1,324,1,1",155,9,[NULL]
3,"18,1,352,1,0",155,9,[NULL]
4,"1,1,70,1,163,1,0",155,9,[NULL]
0,907,156,8,[NULL]
1,"70,1,163,1,1",156,8,[NULL]
2,"20,1,324,1,1",156,8,[NULL]
3,"684,1,0",156,8,[NULL]
0,908,157,7,[NULL]
1,"13,1,324,1,4",157,7,[NULL]
0,"0,1,7,1,508,1,1",158,6,[NULL]
1,"1,1,660,1,0",158,6,[NULL]
0,"18,1,444",159,5,[NULL]
1,"660,1,1",159,5,[NULL]
0,"0,1,7,2,324,1,1",160,4,[NULL]
0,"0,1,18,1,324,1,1",161,3,[NULL]
0,"1,1,661,1,0",112,53,[NULL]
0,"661,1,1",113,52,[NULL]
0,"554,1,6",114,51,[NULL]
0,"578,1,4",115,50,[NULL]
0,"579,1,4",116,49,[NULL]
0,"8,2,295,1,1",117,48,[NULL]
0,"8,2,296,1,1",118,47,[NULL]
0,"16,1,17,1,183,1,1",119,46,[NULL]
0,"8,1,498,1,1",120,45,[NULL]
0,"8,4,145,1,1",121,44,[NULL]
0,"8,3,16,1,111,1,1",122,43,[NULL]
0,"662,1,1",123,42,[NULL]
1,"8,3,17,1,111,1,1",123,42,[NULL]
0,"663,1,1",124,41,[NULL]
1,"8,3,211,1,1",124,41,[NULL]
0,"8,1,402,1,4",125,40,[NULL]
1,"8,6,49,1,1",125,40,[NULL]
2,"685,1,0",125,40,[NULL]
0,"8,1,403,1,4",126,39,[NULL]
1,"595,1,2",126,39,[NULL]
2,"8,6,50,1,1",126,39,[NULL]
0,"8,2,297,1,1",127,38,[NULL]
1,"8,4,16,1,17,2,1",127,38,[NULL]
2,"686,1,0",127,38,[NULL]
0,"8,2,298,1,1",128,37,[NULL]
1,"8,5,88,1,1",128,37,[NULL]
2,"687,1,0",128,37,[NULL]
0,"8,1,17,1,238,1,1",129,36,[NULL]
1,"8,9,1",129,36,[NULL]
0,"17,2,185,1,1",130,35,[NULL]
1,"8,7,22,1,1",130,35,[NULL]
0,"8,4,146,1,1",131,34,[NULL]
1,"8,7,23,1,1",131,34,[NULL]
0,"491,1,9",132,33,[NULL]
1,"8,4,147,1,1",132,33,[NULL]
2,"8,6,51,1,1",132,33,[NULL]
3,"5,1,64,1,137,1,0",132,33,[NULL]
0,"491,1,10",133,32,[NULL]
1,"64,1,137,1,6",133,32,[NULL]
2,"8,3,17,1,113,1,1",133,32,[NULL]
3,"8,5,13,3,1",133,32,[NULL]
0,"64,1,138,1,6",134,31,[NULL]
1,"8,2,17,1,162,1,1",134,31,[NULL]
2,"8,4,13,2,32,1,1",134,31,[NULL]
3,"0,1,8,1,491,1,1",134,31,[NULL]
0,"664,1,1",135,30,[NULL]
1,"8,3,13,3,23,1,1",135,30,[NULL]
2,"8,5,89,1,1",135,30,[NULL]
3,"8,1,516,1,0",135,30,[NULL]
4,"1,1,665,1,0",135,30,[NULL]
0,"64,1,147,1,4",136,29,[NULL]
1,"64,1,149,1,2",136,29,[NULL]
2,"665,1,1",136,29,[NULL]
3,"8,2,13,3,51,1,1",136,29,[NULL]
4,"8,4,9,1,80,1,1",136,29,[NULL]
5,"17,1,380,1,0",136,29,[NULL]
0,"16,1,292,1,2",137,28,[NULL]
1,"8,1,13,6,1",137,28,[NULL]
2,"8,2,64,2,1",137,28,[NULL]
3,"8,3,23,1,89,1,1",137,28,[NULL]
4,"688,1,0",137,28,[NULL]
0,"13,5,32,1,1",138,27,[NULL]
1,"8,2,299,1,1",138,27,[NULL]
2,"8,2,9,1,23,1,80,1,1",138,27,[NULL]
3,"0,1,8,2,291,1,1",138,27,[NULL]
0,"13,5,33,1,1",139,26,[NULL]
1,"8,1,499,1,1",139,26,[NULL]
2,"8,1,9,1,13,2,101,1,1",139,26,[NULL]
3,"13,2,248,1,0",139,26,[NULL]
4,"8,2,316,1,0",139,26,[NULL]
5,"1,2,642,1,0",139,26,[NULL]
0,"13,1,435,1,1",140,25,[NULL]
1,"9,1,13,3,80,1,1",140,25,[NULL]
2,"1,1,642,1,1",140,25,[NULL]
3,"13,3,150,1,0",140,25,[NULL]
0,"8,3,212,1,1",141,24,[NULL]
0,"8,2,13,1,188,1,1",142,23,[NULL]
0,"13,2,95,1,30",143,22,[NULL]
1,"23,1,303,1,1",143,22,[NULL]
2,"8,1,13,1,267,1,1",143,22,[NULL]
3,"1,2,627,1,1",143,22,[NULL]
4,"1,1,666,1,0",143,22,[NULL]
0,"13,3,75,1,14",144,21,[NULL]
1,"666,1,1",144,21,[NULL]
2,"13,1,23,1,188,1,1",144,21,[NULL]
3,"9,1,472,1,1",144,21,[NULL]
4,"1,1,646,1,1",144,21,[NULL]
5,"0,1,655,1,1",144,21,[NULL]
6,"2,1,646,1,0",144,21,[NULL]
0,910,145,20,[NULL]
1,909,145,20,[NULL]
2,"667,1,1",145,20,[NULL]
3,"13,1,23,1,189,1,1",145,20,[NULL]
4,"1,2,628,1,1",145,20,[NULL]
5,"690,1,0",145,20,[NULL]
0,"582,1,4",146,19,[NULL]
1,"668,1,1",146,19,[NULL]
2,"2,1,628,1,1",146,19,[NULL]
0,"16,1,475",147,18,[NULL]
1,"69,1,211",147,18,[NULL]
2,"294,1,28",147,18,[NULL]
3,"13,1,23,1,190,1,1",147,18,[NULL]
4,"1,1,48,1,209,1,1",147,18,[NULL]
0,911,148,17,[NULL]
1,"13,1,181,1,28",148,17,[NULL]
2,"9,1,474,1,1",148,17,[NULL]
3,"8,1,502,1,1",148,17,[NULL]
4,"693,1,0",148,17,[NULL]
5,"692,1,0",148,17,[NULL]
6,"691,1,0",148,17,[NULL]
0,912,149,16,[NULL]
1,"69,1,212",149,16,[NULL]
2,"16,1,367,1,1",149,16,[NULL]
3,"2,1,630,1,1",149,16,[NULL]
4,"1,1,669,1,0",149,16,[NULL]
0,913,150,15,[NULL]
1,"235,1,44",150,15,[NULL]
2,"670,1,1",150,15,[NULL]
3,"669,1,1",150,15,[NULL]
4,"17,1,367,1,1",150,15,[NULL]
5,"694,1,0",150,15,[NULL]
6,"1,1,671,1,0",150,15,[NULL]
0,918,151,14,[NULL]
1,917,151,14,[NULL]
2,916,151,14,[NULL]
3,915,151,14,[NULL]
4,914,151,14,[NULL]
5,"672,1,1",151,14,[NULL]
6,"671,1,1",151,14,[NULL]
0,920,152,13,[NULL]
1,919,152,13,[NULL]
2,"0,1,904",152,13,[NULL]
3,"324,1,21",152,13,[NULL]
4,"450,1,14",152,13,[NULL]
5,"8,1,504,1,1",152,13,[NULL]
6,"1,1,652,1,1",152,13,[NULL]
7,"1,1,673,1,0",152,13,[NULL]
0,921,153,12,[NULL]
1,"2,2,808",153,12,[NULL]
2,"0,1,324,1,20",153,12,[NULL]
3,"504,1,8",153,12,[NULL]
4,"673,1,1",153,12,[NULL]
5,"13,1,445,1,1",153,12,[NULL]
6,"1,1,18,1,321,1,1",153,12,[NULL]
7,"1,1,674,1,0",153,12,[NULL]
0,"675,1,1",154,11,[NULL]
1,"674,1,1",154,11,[NULL]
2,"1,2,16,1,324,1,1",154,11,[NULL]
3,"0,1,19,1,69,2,1",154,11,[NULL]
4,"0,1,18,1,333,1,1",154,11,[NULL]
0,"18,1,338,1,1",155,10,[NULL]
1,"0,1,19,1,324,1,1",155,10,[NULL]
2,"18,1,366,1,0",155,10,[NULL]
0,"18,1,367,1,0",156,9,[NULL]
1,"8,2,324,1,0",156,9,[NULL]
2,"7,1,546,1,0",156,9,[NULL]
3,"1,1,676,1,0",156,9,[NULL]
0,"18,1,455",157,8,[NULL]
1,"676,1,1",157,8,[NULL]
2,"697,1,0",157,8,[NULL]
3,"696,1,0",157,8,[NULL]
4,"695,1,0",157,8,[NULL]
5,"22,1,324,1,0",157,8,[NULL]
0,922,158,7,[NULL]
1,"18,1,339,1,1",158,7,[NULL]
2,"698,1,0",158,7,[NULL]
3,"24,1,69,2,0",158,7,[NULL]
4,"23,1,324,1,0",158,7,[NULL]
5,"18,1,368,1,0",158,7,[NULL]
0,"324,1,22",159,6,[NULL]
1,"1,1,7,1,508,1,1",159,6,[NULL]
2,"0,1,660,1,1",159,6,[NULL]
3,"699,1,0",159,6,[NULL]
4,"24,1,324,1,0",159,6,[NULL]
0,"18,1,341,1,1",160,5,[NULL]
1,"25,1,324,1,0",160,5,[NULL]
0,"1,1,7,2,324,1,1",161,4,[NULL]
1,"1,2,18,1,324,1,0",161,4,[NULL]
0,"1,1,18,1,324,1,1",162,3,[NULL]
1,"2,1,18,1,324,1,0",162,3,[NULL]
0,923,111,55,[NULL]
0,924,112,54,[NULL]
0,"0,1,661,1,1",113,53,[NULL]
0,"700,1,0",114,52,[NULL]
0,"701,1,0",115,51,[NULL]
0,"16,1,296,1,2",116,50,[NULL]
0,"0,1,8,2,295,1,1",117,49,[NULL]
0,"8,2,325,1,0",118,48,[NULL]
0,"1,2,635,1,1",122,44,[NULL]
0,"0,1,662,1,1",123,43,[NULL]
0,"16,1,402,1,0",124,42,[NULL]
0,"16,1,403,1,0",125,41,[NULL]
0,"17,1,403,1,0",126,40,[NULL]
0,"0,1,8,2,297,1,1",127,39,[NULL]
0,"8,3,224,1,0",128,38,[NULL]
0,925,129,37,[NULL]
1,"8,3,225,1,0",129,37,[NULL]
0,926,130,36,[NULL]
0,"71,1,203",131,35,[NULL]
0,"50,1,282",132,34,[NULL]
0,"244,1,39",133,33,[NULL]
1,"0,1,64,1,137,1,6",133,33,[NULL]
0,"257,1,36",134,32,[NULL]
1,"64,1,184,1,0",134,32,[NULL]
0,"16,1,149,1,30",135,31,[NULL]
1,"64,1,185,1,0",135,31,[NULL]
0,"17,1,149,1,30",136,30,[NULL]
1,"8,1,529,1,0",136,30,[NULL]
0,"277,1,30",137,29,[NULL]
0,"8,1,193,1,30",138,28,[NULL]
1,"1,1,653,1,1",138,28,[NULL]
0,927,139,27,[NULL]
1,"8,1,194,1,30",139,27,[NULL]
0,"64,1,216",140,26,[NULL]
1,"260,1,36",140,26,[NULL]
2,"13,1,167,1,30",140,26,[NULL]
3,"13,3,51,1,28",140,26,[NULL]
0,"72,1,203",141,25,[NULL]
1,"278,1,30",141,25,[NULL]
2,"13,1,248,1,14",141,25,[NULL]
3,"13,4,80,1,0",141,25,[NULL]
0,929,142,24,[NULL]
1,928,142,24,[NULL]
2,"40,1,346",142,24,[NULL]
0,930,143,23,[NULL]
1,"8,1,19,1,306",143,23,[NULL]
0,"23,1,419",144,22,[NULL]
1,"209,1,60",144,22,[NULL]
2,"69,1,138,1,6",144,22,[NULL]
3,"13,4,75,1,1",144,22,[NULL]
4,"0,1,666,1,1",144,22,[NULL]
5,"64,1,187,1,0",144,22,[NULL]
0,931,145,21,[NULL]
1,"279,1,30",145,21,[NULL]
2,"303,1,28",145,21,[NULL]
3,"13,4,76,1,1",145,21,[NULL]
4,"1,1,655,1,1",145,21,[NULL]
5,"702,1,0",145,21,[NULL]
6,"64,1,188,1,0",145,21,[NULL]
7,"13,1,472,1,0",145,21,[NULL]
0,933,146,20,[NULL]
1,932,146,20,[NULL]
2,"280,1,30",146,20,[NULL]
3,"13,1,188,1,28",146,20,[NULL]
4,"69,1,147,1,4",146,20,[NULL]
5,"703,1,0",146,20,[NULL]
6,"13,1,473,1,0",146,20,[NULL]
0,936,147,19,[NULL]
1,935,147,19,[NULL]
2,934,147,19,[NULL]
3,"613,1,2",147,19,[NULL]
4,"705,1,0",147,19,[NULL]
5,"2,1,656,1,0",147,19,[NULL]
0,937,148,18,[NULL]
1,"3,1,816",148,18,[NULL]
2,"23,1,423",148,18,[NULL]
3,"8,2,312,1,1",148,18,[NULL]
4,"0,1,8,1,502,1,1",148,18,[NULL]
5,"2,2,618,1,0",148,18,[NULL]
0,940,149,17,[NULL]
1,939,149,17,[NULL]
2,938,149,17,[NULL]
3,"13,1,190,1,28",149,17,[NULL]
4,"8,2,314,1,1",149,17,[NULL]
5,"3,1,604,1,1",149,17,[NULL]
6,"13,1,474,1,0",149,17,[NULL]
7,"8,2,333,1,0",149,17,[NULL]
8,"3,1,618,1,0",149,17,[NULL]
0,942,150,16,[NULL]
1,941,150,16,[NULL]
2,"67,1,215",150,16,[NULL]
3,"677,1,1",150,16,[NULL]
4,"8,1,511,1,1",150,16,[NULL]
5,"0,1,669,1,1",150,16,[NULL]
6,"707,1,0",150,16,[NULL]
7,"13,1,476,1,0",150,16,[NULL]
8,"8,1,534,1,0",150,16,[NULL]
0,943,151,15,[NULL]
1,"311,1,27",151,15,[NULL]
2,"679,1,1",151,15,[NULL]
3,"678,1,1",151,15,[NULL]
4,"67,1,174,1,1",151,15,[NULL]
5,"708,1,0",151,15,[NULL]
6,"17,1,415,1,0",151,15,[NULL]
7,"1,1,680,1,0",151,15,[NULL]
0,"680,1,1",152,14,[NULL]
1,"68,1,174,1,1",152,14,[NULL]
2,"13,1,450,1,1",152,14,[NULL]
3,"1,1,657,1,1",152,14,[NULL]
4,"709,1,0",152,14,[NULL]
5,"1,1,683,1,0",152,14,[NULL]
0,"18,1,213,1,14",153,13,[NULL]
1,"683,1,1",153,13,[NULL]
2,"682,1,1",153,13,[NULL]
3,"681,1,1",153,13,[NULL]
4,"0,1,673,1,1",153,13,[NULL]
5,"1,1,21,1,324,1,0",153,13,[NULL]
0,944,154,12,[NULL]
1,"163,1,89",154,12,[NULL]
2,"21,1,324,1,1",154,12,[NULL]
3,"0,1,674,1,1",154,12,[NULL]
4,"711,1,0",154,12,[NULL]
0,946,155,11,[NULL]
1,945,155,11,[NULL]
2,"7,2,468",155,11,[NULL]
3,"713,1,0",155,11,[NULL]
4,"712,1,0",155,11,[NULL]
0,947,156,10,[NULL]
1,"69,1,215",156,10,[NULL]
2,"7,2,352,1,1",156,10,[NULL]
3,"714,1,0",156,10,[NULL]
4,"18,1,373,1,0",156,10,[NULL]
0,"18,1,352,1,1",157,9,[NULL]
1,"1,1,70,1,163,1,1",157,9,[NULL]
2,"0,1,676,1,1",157,9,[NULL]
3,"18,1,376,1,0",157,9,[NULL]
4,"1,1,684,1,0",157,9,[NULL]
0,948,158,8,[NULL]
1,"7,1,703",158,8,[NULL]
2,"684,1,1",158,8,[NULL]
0,"18,1,469",159,7,[NULL]
1,"69,2,23",159,7,[NULL]
2,"1,2,660,1,0",159,7,[NULL]
0,949,160,6,[NULL]
1,"324,1,23",160,6,[NULL]
2,"1,1,660,1,1",160,6,[NULL]
3,"2,1,660,1,0",160,6,[NULL]
0,"324,1,24",161,5,[NULL]
0,"1,2,661,1,0",113,54,[NULL]
0,"1,1,661,1,1",114,53,[NULL]
0,950,119,48,[NULL]
0,951,120,47,[NULL]
0,952,121,46,[NULL]
0,"252,1,39",122,45,[NULL]
0,"8,1,182,1,36",123,44,[NULL]
0,"8,1,199,1,30",124,43,[NULL]
0,"8,1,200,1,30",125,42,[NULL]
0,"17,1,153,1,30",126,41,[NULL]
1,"1,1,685,1,0",126,41,[NULL]
0,"283,1,30",127,40,[NULL]
1,"685,1,1",127,40,[NULL]
0,953,128,39,[NULL]
1,"8,3,77,1,30",128,39,[NULL]
0,"8,3,78,1,30",129,38,[NULL]
1,"686,1,1",129,38,[NULL]
2,"1,1,687,1,0",129,38,[NULL]
0,"224,1,49",130,37,[NULL]
1,"8,2,17,1,56,1,30",130,37,[NULL]
2,"452,1,16",130,37,[NULL]
3,"687,1,1",130,37,[NULL]
0,"225,1,49",131,36,[NULL]
1,"8,2,136,1,30",131,36,[NULL]
2,"8,1,16,1,244,1,1",131,36,[NULL]
0,"16,1,137,1,39",132,35,[NULL]
1,"8,5,19,1,30",132,35,[NULL]
2,"8,1,17,1,244,1,1",132,35,[NULL]
0,"8,1,184,1,36",133,34,[NULL]
1,"8,5,20,1,30",133,34,[NULL]
2,"8,1,16,1,245,1,1",133,34,[NULL]
3,"1,1,5,1,64,1,137,1,0",133,34,[NULL]
0,"8,2,137,1,30",134,33,[NULL]
1,"8,4,45,1,30",134,33,[NULL]
2,"8,2,315,1,1",134,33,[NULL]
3,"5,1,64,1,137,1,1",134,33,[NULL]
0,"8,2,138,1,30",135,32,[NULL]
1,"8,4,46,1,30",135,32,[NULL]
2,"491,1,11",135,32,[NULL]
3,"8,4,149,1,1",135,32,[NULL]
0,954,136,31,[NULL]
1,"16,1,154,1,30",136,31,[NULL]
2,"8,3,9,1,13,2,30",136,31,[NULL]
3,"8,2,16,1,167,1,1",136,31,[NULL]
0,"17,1,154,1,30",137,30,[NULL]
1,"8,2,9,1,13,1,32,1,30",137,30,[NULL]
2,"8,1,516,1,1",137,30,[NULL]
3,"8,3,218,1,1",137,30,[NULL]
4,"1,1,665,1,1",137,30,[NULL]
0,"19,1,461",138,29,[NULL]
1,"8,1,9,1,13,2,23,1,30",138,29,[NULL]
2,"8,3,79,1,30",138,29,[NULL]
3,"17,1,380,1,1",138,29,[NULL]
4,"8,3,219,1,1",138,29,[NULL]
0,"20,1,461",139,28,[NULL]
1,"9,1,13,2,51,1,30",139,28,[NULL]
2,"8,3,80,1,30",139,28,[NULL]
3,"8,2,260,1,4",139,28,[NULL]
4,"688,1,1",139,28,[NULL]
5,"8,2,13,1,194,1,1",139,28,[NULL]
0,"72,1,211",140,27,[NULL]
1,"8,1,22,1,80,1,30",140,27,[NULL]
2,"16,1,292,1,4",140,27,[NULL]
3,"689,1,1",140,27,[NULL]
4,"8,1,13,2,167,1,1",140,27,[NULL]
0,"29,1,399",141,26,[NULL]
1,"8,1,23,1,80,1,30",141,26,[NULL]
2,"13,2,248,1,1",141,26,[NULL]
3,"8,1,517,1,1",141,26,[NULL]
4,"8,2,316,1,1",141,26,[NULL]
5,"1,2,642,1,1",141,26,[NULL]
0,"254,1,39",142,25,[NULL]
1,"13,2,101,1,30",142,25,[NULL]
2,"586,1,5",142,25,[NULL]
3,"13,3,150,1,1",142,25,[NULL]
4,"8,1,518,1,1",142,25,[NULL]
5,"8,1,9,1,292,1,1",142,25,[NULL]
6,"715,1,0",142,25,[NULL]
0,"8,1,187,1,36",143,24,[NULL]
1,"23,1,316,1,1",143,24,[NULL]
2,"8,2,318,1,1",143,24,[NULL]
3,"716,1,0",143,24,[NULL]
4,"13,4,83,1,0",143,24,[NULL]
0,"8,1,201,1,30",144,23,[NULL]
1,"8,1,9,1,293,1,1",144,23,[NULL]
2,"18,1,380,1,0",144,23,[NULL]
3,"1,2,666,1,0",144,23,[NULL]
0,"0,1,931",145,22,[NULL]
1,"9,1,188,1,30",145,22,[NULL]
2,"8,2,9,1,209,1,1",145,22,[NULL]
3,"1,1,666,1,1",145,22,[NULL]
0,955,146,21,[NULL]
1,"286,1,30",146,21,[NULL]
2,"13,1,23,1,75,1,28",146,21,[NULL]
3,"8,1,9,1,294,1,1",146,21,[NULL]
4,"2,1,646,1,1",146,21,[NULL]
5,"3,1,627,1,0",146,21,[NULL]
6,"1,1,690,1,0",146,21,[NULL]
0,956,147,20,[NULL]
1,"472,1,14",147,20,[NULL]
2,"690,1,1",147,20,[NULL]
3,"9,1,13,1,261,1,1",147,20,[NULL]
4,"3,1,609,1,1",147,20,[NULL]
5,"717,1,0",147,20,[NULL]
6,"2,2,628,1,0",147,20,[NULL]
0,957,148,19,[NULL]
1,"328,1,24",148,19,[NULL]
2,"8,2,69,1,72,1,0",148,19,[NULL]
3,"3,1,628,1,0",148,19,[NULL]
0,"285,1,33",149,18,[NULL]
1,"618,1,3",149,18,[NULL]
2,"0,1,3,1,604,1,1",149,18,[NULL]
3,"23,1,335,1,0",149,18,[NULL]
4,"1,1,692,1,0",149,18,[NULL]
5,"1,1,691,1,0",149,18,[NULL]
0,"287,1,33",150,17,[NULL]
1,"288,1,30",150,17,[NULL]
2,"693,1,1",150,17,[NULL]
3,"692,1,1",150,17,[NULL]
4,"691,1,1",150,17,[NULL]
5,"3,1,629,1,0",150,17,[NULL]
6,"1,2,669,1,0",150,17,[NULL]
0,"474,1,14",151,16,[NULL]
1,"1,1,669,1,1",151,16,[NULL]
2,"25,1,335,1,0",151,16,[NULL]
3,"1,1,694,1,0",151,16,[NULL]
0,"235,1,46",152,15,[NULL]
1,"694,1,1",152,15,[NULL]
2,"1,1,671,1,1",152,15,[NULL]
3,"18,1,385,1,0",152,15,[NULL]
0,960,153,14,[NULL]
1,959,153,14,[NULL]
2,958,153,14,[NULL]
3,"718,1,0",153,14,[NULL]
4,"27,1,324,1,0",153,14,[NULL]
0,962,154,13,[NULL]
1,961,154,13,[NULL]
2,"324,1,25",154,13,[NULL]
3,"2,1,652,1,1",154,13,[NULL]
4,"1,1,673,1,1",154,13,[NULL]
0,963,155,12,[NULL]
1,"2,1,884",155,12,[NULL]
2,"3,2,544,1,1",155,12,[NULL]
3,"1,1,674,1,1",155,12,[NULL]
0,964,156,11,[NULL]
1,"18,1,475",156,11,[NULL]
2,"69,2,26",156,11,[NULL]
3,"719,1,0",156,11,[NULL]
0,967,157,10,[NULL]
1,966,157,10,[NULL]
2,965,157,10,[NULL]
3,"324,1,26",157,10,[NULL]
4,"18,1,366,1,1",157,10,[NULL]
5,"1,1,7,1,546,1,0",157,10,[NULL]
0,968,158,9,[NULL]
1,"69,1,219",158,9,[NULL]
2,"18,1,367,1,1",158,9,[NULL]
3,"8,2,324,1,1",158,9,[NULL]
4,"7,1,546,1,1",158,9,[NULL]
5,"1,1,676,1,1",158,9,[NULL]
6,"0,1,684,1,1",158,9,[NULL]
7,"2,1,676,1,0",158,9,[NULL]
8,"1,1,697,1,0",158,9,[NULL]
0,"7,1,713",159,8,[NULL]
1,"697,1,1",159,8,[NULL]
2,"696,1,1",159,8,[NULL]
3,"695,1,1",159,8,[NULL]
4,"22,1,324,1,1",159,8,[NULL]
5,"720,1,0",159,8,[NULL]
6,"7,2,398,1,0",159,8,[NULL]
7,"1,1,18,1,368,1,0",159,8,[NULL]
0,"698,1,1",160,7,[NULL]
1,"24,1,69,2,1",160,7,[NULL]
2,"23,1,324,1,1",160,7,[NULL]
3,"18,1,368,1,1",160,7,[NULL]
4,"28,1,324,1,0",160,7,[NULL]
5,"7,2,400,1,0",160,7,[NULL]
0,"324,1,27",161,6,[NULL]
1,"699,1,1",161,6,[NULL]
2,"24,1,324,1,1",161,6,[NULL]
3,"2,1,18,1,341,1,0",161,6,[NULL]
0,"25,1,324,1,1",162,5,[NULL]
0,"1,2,18,1,324,1,1",163,4,[NULL]
0,"2,1,18,1,324,1,1",164,3,[NULL]
0,"721,1,0",113,55,[NULL]
0,969,114,54,[NULL]
0,"700,1,1",116,52,[NULL]
0,"701,1,1",117,51,[NULL]
0,"8,1,431,1,4",118,50,[NULL]
0,"16,1,296,1,4",119,49,[NULL]
0,"8,2,325,1,1",120,48,[NULL]
0,"8,2,326,1,1",121,47,[NULL]
0,"8,1,17,1,253,1,1",122,46,[NULL]
0,"8,1,528,1,1",123,45,[NULL]
0,"8,4,152,1,1",124,44,[NULL]
0,970,125,43,[NULL]
1,"8,4,153,1,1",125,43,[NULL]
0,"16,1,402,1,1",126,42,[NULL]
1,"8,3,17,1,117,1,1",126,42,[NULL]
0,"16,1,403,1,1",127,41,[NULL]
1,"8,3,223,1,1",127,41,[NULL]
2,"0,1,685,1,1",127,41,[NULL]
0,"17,1,403,1,1",128,40,[NULL]
1,"8,6,55,1,1",128,40,[NULL]
2,"722,1,0",128,40,[NULL]
0,"8,1,433,1,4",129,39,[NULL]
1,"8,6,56,1,1",129,39,[NULL]
2,"0,1,686,1,1",129,39,[NULL]
0,"8,3,224,1,1",130,38,[NULL]
1,"8,5,17,1,40,1,1",130,38,[NULL]
2,"723,1,0",130,38,[NULL]
0,"8,3,225,1,1",131,37,[NULL]
1,"8,5,100,1,1",131,37,[NULL]
0,"8,1,16,1,17,1,138,1,1",132,36,[NULL]
1,"8,8,9,1,1",132,36,[NULL]
0,"8,1,17,2,138,1,1",133,35,[NULL]
1,"8,7,29,1,1",133,35,[NULL]
0,"8,4,16,1,64,1,1",134,34,[NULL]
1,"8,6,9,1,23,1,1",134,34,[NULL]
2,"725,1,0",134,34,[NULL]
0,"623,1,2",135,33,[NULL]
1,"8,4,17,1,64,1,1",135,33,[NULL]
2,"8,5,9,1,51,1,1",135,33,[NULL]
0,"623,1,3",136,32,[NULL]
1,"64,1,184,1,1",136,32,[NULL]
2,"8,4,154,1,1",136,32,[NULL]
3,"8,4,9,1,13,3,1",136,32,[NULL]
0,"64,1,185,1,1",137,31,[NULL]
1,"8,3,42,1,64,1,1",137,31,[NULL]
2,"8,3,9,1,13,2,32,1,1",137,31,[NULL]
3,"0,1,8,1,516,1,1",137,31,[NULL]
0,"64,1,149,1,5",138,30,[NULL]
1,"8,1,529,1,1",138,30,[NULL]
2,"8,2,9,1,13,3,23,1,1",138,30,[NULL]
3,"8,5,101,1,1",138,30,[NULL]
4,"8,1,16,1,260,1,0",138,30,[NULL]
0,"17,1,404,1,1",139,29,[NULL]
1,"8,1,9,1,13,3,51,1,1",139,29,[NULL]
2,"8,4,13,1,80,1,1",139,29,[NULL]
3,"0,1,688,1,1",139,29,[NULL]
4,"8,1,17,1,260,1,0",139,29,[NULL]
0,"8,1,454,1,2",140,28,[NULL]
1,"9,1,13,6,1",140,28,[NULL]
2,"8,2,64,1,72,1,1",140,28,[NULL]
3,"8,3,23,1,101,1,1",140,28,[NULL]
0,"8,2,327,1,1",141,27,[NULL]
1,"8,2,13,1,23,1,80,1,1",141,27,[NULL]
2,"42,1,260,1,0",141,27,[NULL]
0,"8,1,17,1,255,1,1",142,26,[NULL]
1,"8,1,13,3,101,1,1",142,26,[NULL]
0,971,143,25,[NULL]
1,"13,1,194,1,28",143,25,[NULL]
2,"13,4,80,1,1",143,25,[NULL]
3,"8,1,530,1,1",143,25,[NULL]
0,972,144,24,[NULL]
1,"13,2,105,1,30",144,24,[NULL]
2,"8,2,9,1,212,1,1",144,24,[NULL]
3,"727,1,0",144,24,[NULL]
4,"23,1,346,1,0",144,24,[NULL]
0,974,145,23,[NULL]
1,973,145,23,[NULL]
2,"13,3,83,1,14",145,23,[NULL]
3,"627,1,2",145,23,[NULL]
4,"8,1,9,1,13,1,188,1,1",145,23,[NULL]
5,"1,1,64,1,187,1,0",145,23,[NULL]
0,"627,1,3",146,22,[NULL]
1,"64,1,187,1,1",146,22,[NULL]
2,"9,1,13,1,267,1,1",146,22,[NULL]
0,"702,1,1",147,21,[NULL]
1,"64,1,188,1,1",147,21,[NULL]
2,"13,1,472,1,1",147,21,[NULL]
3,"0,1,690,1,1",147,21,[NULL]
0,975,148,20,[NULL]
1,"628,1,3",148,20,[NULL]
2,"704,1,1",148,20,[NULL]
3,"703,1,1",148,20,[NULL]
4,"13,1,473,1,1",148,20,[NULL]
5,"728,1,0",148,20,[NULL]
6,"13,2,261,1,0",148,20,[NULL]
0,976,149,19,[NULL]
1,"209,1,68",149,19,[NULL]
2,"612,1,4",149,19,[NULL]
3,"706,1,1",149,19,[NULL]
4,"705,1,1",149,19,[NULL]
5,"2,1,656,1,1",149,19,[NULL]
6,"13,2,262,1,0",149,19,[NULL]
7,"3,1,639,1,0",149,19,[NULL]
0,977,150,18,[NULL]
1,"212,1,66",150,18,[NULL]
2,"613,1,4",150,18,[NULL]
3,"2,2,618,1,1",150,18,[NULL]
4,"0,1,693,1,1",150,18,[NULL]
5,"729,1,0",150,18,[NULL]
0,978,151,17,[NULL]
1,"20,1,475",151,17,[NULL]
2,"335,1,23",151,17,[NULL]
3,"13,1,474,1,1",151,17,[NULL]
4,"8,2,333,1,1",151,17,[NULL]
5,"3,1,618,1,1",151,17,[NULL]
0,980,152,16,[NULL]
1,979,152,16,[NULL]
2,"335,1,24",152,16,[NULL]
3,"533,1,8",152,16,[NULL]
4,"707,1,1",152,16,[NULL]
5,"13,1,476,1,1",152,16,[NULL]
6,"8,1,534,1,1",152,16,[NULL]
7,"1,1,708,1,0",152,16,[NULL]
0,"3,1,848",153,15,[NULL]
1,"18,1,486",153,15,[NULL]
2,"213,1,66",153,15,[NULL]
3,"708,1,1",153,15,[NULL]
4,"17,1,415,1,1",153,15,[NULL]
5,"1,1,680,1,1",153,15,[NULL]
0,981,154,14,[NULL]
1,"0,1,324,1,25",154,14,[NULL]
2,"485,1,14",154,14,[NULL]
3,"710,1,1",154,14,[NULL]
4,"709,1,1",154,14,[NULL]
5,"1,1,683,1,1",154,14,[NULL]
0,982,155,13,[NULL]
1,"174,1,84",155,13,[NULL]
2,"67,1,69,1,28",155,13,[NULL]
3,"615,1,4",155,13,[NULL]
4,"9,1,504,1,1",155,13,[NULL]
5,"1,1,21,1,324,1,1",155,13,[NULL]
6,"731,1,0",155,13,[NULL]
7,"730,1,0",155,13,[NULL]
0,984,156,12,[NULL]
1,983,156,12,[NULL]
2,"0,1,18,1,475",156,12,[NULL]
3,"16,1,324,1,2",156,12,[NULL]
4,"711,1,1",156,12,[NULL]
5,"733,1,0",156,12,[NULL]
6,"732,1,0",156,12,[NULL]
7,"18,1,411,1,0",156,12,[NULL]
8,"1,1,712,1,0",156,12,[NULL]
0,"7,2,496",157,11,[NULL]
1,"17,1,324,1,2",157,11,[NULL]
2,"713,1,1",157,11,[NULL]
3,"712,1,1",157,11,[NULL]
4,"0,1,18,1,366,1,1",157,11,[NULL]
5,"735,1,0",157,11,[NULL]
6,"734,1,0",157,11,[NULL]
7,"7,1,571,1,0",157,11,[NULL]
0,"18,1,496",158,10,[NULL]
1,"714,1,1",158,10,[NULL]
2,"18,1,373,1,1",158,10,[NULL]
3,"0,1,8,2,324,1,1",158,10,[NULL]
4,"0,1,7,1,546,1,1",158,10,[NULL]
5,"18,1,414,1,0",158,10,[NULL]
6,"1,1,18,1,376,1,0",158,10,[NULL]
7,"1,2,684,1,0",158,10,[NULL]
0,985,159,9,[NULL]
1,"18,1,376,1,1",159,9,[NULL]
2,"1,1,684,1,1",159,9,[NULL]
3,"18,1,415,1,0",159,9,[NULL]
4,"8,1,9,1,324,1,0",159,9,[NULL]
0,"18,1,497",160,8,[NULL]
1,"0,1,698,1,1",160,8,[NULL]
2,"29,1,324,1,0",160,8,[NULL]
0,"69,1,227",161,7,[NULL]
1,"69,2,28",161,7,[NULL]
2,"0,1,324,1,27",161,7,[NULL]
3,"1,2,660,1,1",161,7,[NULL]
4,"0,1,699,1,1",161,7,[NULL]
0,"2,1,18,1,444",162,6,[NULL]
1,"324,1,28",162,6,[NULL]
2,"18,1,378,1,1",162,6,[NULL]
3,"2,1,660,1,1",162,6,[NULL]
0,"26,1,324,1,1",163,5,[NULL]
0,986,113,56,[NULL]
0,"0,1,969",114,55,[NULL]
0,"1,2,661,1,1",115,54,[NULL]
0,"0,1,700,1,1",116,53,[NULL]
0,"8,1,553,1,0",117,52,[NULL]
0,"8,1,554,1,0",118,51,[NULL]
0,"8,1,470,1,2",119,50,[NULL]
0,"736,1,0",120,49,[NULL]
0,"635,1,2",124,45,[NULL]
0,"636,1,2",125,44,[NULL]
0,"0,1,16,1,402,1,1",126,43,[NULL]
0,"8,1,555,1,0",127,42,[NULL]
1,"1,2,685,1,0",127,42,[NULL]
0,"1,1,685,1,1",128,41,[NULL]
1,"8,1,556,1,0",128,41,[NULL]
0,"17,1,433,1,0",129,40,[NULL]
0,"0,1,8,3,224,1,1",130,39,[NULL]
0,"1,1,687,1,1",131,38,[NULL]
1,"8,3,237,1,0",131,38,[NULL]
0,987,132,37,[NULL]
0,"71,1,216",133,36,[NULL]
0,"77,1,203",134,35,[NULL]
0,"78,1,203",135,34,[NULL]
1,"1,1,5,1,64,1,137,1,1",135,34,[NULL]
0,"257,1,39",136,33,[NULL]
1,"0,1,64,1,184,1,1",136,33,[NULL]
0,"16,1,149,1,36",137,32,[NULL]
1,"8,1,64,1,137,1,0",137,32,[NULL]
0,"8,1,206,1,30",138,31,[NULL]
1,"8,1,64,1,138,1,0",138,31,[NULL]
0,"17,1,160,1,30",139,30,[NULL]
0,988,140,29,[NULL]
1,"8,1,207,1,30",140,29,[NULL]
0,989,141,28,[NULL]
1,"8,1,208,1,30",141,28,[NULL]
2,"13,7,0",141,28,[NULL]
0,"64,1,236",142,27,[NULL]
1,"260,1,39",142,27,[NULL]
2,"9,1,194,1,30",142,27,[NULL]
3,"13,4,23,1,24,1,0",142,27,[NULL]
0,"72,1,216",143,26,[NULL]
1,"278,1,36",143,26,[NULL]
2,"1,1,715,1,0",143,26,[NULL]
0,"79,1,203",144,25,[NULL]
1,"291,1,30",144,25,[NULL]
2,"586,1,6",144,25,[NULL]
3,"715,1,1",144,25,[NULL]
0,"0,1,974",145,24,[NULL]
1,"80,1,203",145,24,[NULL]
2,"292,1,30",145,24,[NULL]
3,"716,1,1",145,24,[NULL]
4,"13,4,83,1,1",145,24,[NULL]
0,990,146,23,[NULL]
1,"209,1,72",146,23,[NULL]
2,"18,1,380,1,1",146,23,[NULL]
3,"9,1,13,3,95,1,1",146,23,[NULL]
4,"1,2,666,1,1",146,23,[NULL]
5,"0,1,64,1,187,1,1",146,23,[NULL]
6,"13,2,266,1,0",146,23,[NULL]
0,991,147,22,[NULL]
1,"293,1,30",147,22,[NULL]
2,"69,1,185,1,1",147,22,[NULL]
3,"0,1,702,1,1",147,22,[NULL]
4,"737,1,0",147,22,[NULL]
5,"64,1,201,1,0",147,22,[NULL]
6,"13,2,267,1,0",147,22,[NULL]
0,"8,1,209,1,30",148,21,[NULL]
1,"3,1,627,1,1",148,21,[NULL]
2,"1,1,690,1,1",148,21,[NULL]
3,"13,2,268,1,0",148,21,[NULL]
4,"3,1,646,1,0",148,21,[NULL]
5,"2,1,690,1,0",148,21,[NULL]
0,"294,1,30",149,20,[NULL]
1,"328,1,28",149,20,[NULL]
2,"8,1,449,1,4",149,20,[NULL]
3,"717,1,1",149,20,[NULL]
4,"2,2,628,1,1",149,20,[NULL]
5,"739,1,0",149,20,[NULL]
6,"1,1,3,1,628,1,0",149,20,[NULL]
0,993,150,19,[NULL]
1,992,150,19,[NULL]
2,"176,1,84",150,19,[NULL]
3,"13,1,261,1,14",150,19,[NULL]
4,"17,1,333,1,2",150,19,[NULL]
5,"8,2,69,1,72,1,1",150,19,[NULL]
6,"3,1,628,1,1",150,19,[NULL]
7,"43,1,266,1,0",150,19,[NULL]
8,"13,1,23,1,213,1,0",150,19,[NULL]
0,994,151,18,[NULL]
1,"67,1,229",151,18,[NULL]
2,"618,1,4",151,18,[NULL]
3,"23,1,335,1,1",151,18,[NULL]
4,"1,1,693,1,1",151,18,[NULL]
5,"1,1,692,1,1",151,18,[NULL]
6,"1,1,691,1,1",151,18,[NULL]
7,"0,1,8,2,333,1,1",151,18,[NULL]
8,"1,1,3,1,629,1,0",151,18,[NULL]
0,"24,1,335,1,1",152,17,[NULL]
1,"8,2,338,1,1",152,17,[NULL]
2,"3,1,629,1,1",152,17,[NULL]
3,"1,2,669,1,1",152,17,[NULL]
4,"0,1,707,1,1",152,17,[NULL]
5,"3,1,648,1,0",152,17,[NULL]
0,"331,1,28",153,16,[NULL]
1,"25,1,335,1,1",153,16,[NULL]
2,"3,1,630,1,1",153,16,[NULL]
3,"1,1,694,1,1",153,16,[NULL]
4,"0,1,708,1,1",153,16,[NULL]
5,"8,2,367,1,0",153,16,[NULL]
6,"1,1,18,1,385,1,0",153,16,[NULL]
0,"332,1,28",154,15,[NULL]
1,"67,1,190,1,1",154,15,[NULL]
2,"18,1,385,1,1",154,15,[NULL]
3,"13,1,485,1,1",154,15,[NULL]
4,"740,1,0",154,15,[NULL]
5,"67,1,197,1,0",154,15,[NULL]
6,"1,1,27,1,324,1,0",154,15,[NULL]
0,"718,1,1",155,14,[NULL]
1,"67,1,191,1,1",155,14,[NULL]
2,"27,1,324,1,1",155,14,[NULL]
3,"742,1,0",155,14,[NULL]
0,"544,1,8",156,13,[NULL]
1,"3,1,652,1,0",156,13,[NULL]
0,995,157,12,[NULL]
1,"69,1,75,1,23",157,12,[NULL]
2,"23,1,368,1,0",157,12,[NULL]
3,"1,1,719,1,0",157,12,[NULL]
0,996,158,11,[NULL]
1,"69,1,230",158,11,[NULL]
2,"719,1,1",158,11,[NULL]
3,"745,1,0",158,11,[NULL]
4,"744,1,0",158,11,[NULL]
5,"743,1,0",158,11,[NULL]
0,998,159,10,[NULL]
1,997,159,10,[NULL]
2,"0,1,985",159,10,[NULL]
3,"1,1,7,1,546,1,1",159,10,[NULL]
4,"746,1,0",159,10,[NULL]
0,"163,1,104",160,9,[NULL]
1,"2,1,676,1,1",160,9,[NULL]
2,"1,1,697,1,1",160,9,[NULL]
3,"2,1,697,1,0",160,9,[NULL]
4,"1,1,720,1,0",160,9,[NULL]
0,"720,1,1",161,8,[NULL]
1,"7,2,398,1,1",161,8,[NULL]
2,"1,1,18,1,368,1,1",161,8,[NULL]
3,"2,1,698,1,0",161,8,[NULL]
4,"2,1,24,1,69,2,0",161,8,[NULL]
5,"2,1,18,1,368,1,0",161,8,[NULL]
6,"1,1,28,1,324,1,0",161,8,[NULL]
0,"28,1,324,1,1",162,7,[NULL]
1,"7,2,400,1,1",162,7,[NULL]
2,"748,1,0",162,7,[NULL]
3,"747,1,0",162,7,[NULL]
4,"2,1,699,1,0",162,7,[NULL]
5,"2,1,24,1,324,1,0",162,7,[NULL]
0,"2,1,18,1,341,1,1",163,6,[NULL]
1,"749,1,0",163,6,[NULL]
2,"2,1,25,1,324,1,0",163,6,[NULL]
0,"750,1,0",164,5,[NULL]
0,"751,1,0",165,4,[NULL]
1,"2,2,18,1,324,1,0",165,4,[NULL]
0,"3,1,18,1,324,1,0",166,3,[NULL]
0,"1,1,721,1,0",114,56,[NULL]
0,"721,1,1",115,55,[NULL]
0,999,121,49,[NULL]
0,1000,122,48,[NULL]
0,"295,1,30",123,47,[NULL]
0,"296,1,30",124,46,[NULL]
0,"8,1,182,1,39",125,45,[NULL]
0,"8,1,199,1,36",126,44,[NULL]
0,"8,2,145,1,30",127,43,[NULL]
0,"8,1,16,1,111,1,30",128,42,[NULL]
0,"8,1,17,1,111,1,30",129,41,[NULL]
0,"8,1,211,1,30",130,40,[NULL]
1,"722,1,1",130,40,[NULL]
0,1001,131,39,[NULL]
1,"8,4,49,1,30",131,39,[NULL]
0,"224,1,60",132,38,[NULL]
1,"8,4,50,1,30",132,38,[NULL]
2,"723,1,1",132,38,[NULL]
0,"297,1,30",133,37,[NULL]
1,"8,2,16,1,17,2,30",133,37,[NULL]
2,"724,1,1",133,37,[NULL]
0,"298,1,30",134,36,[NULL]
1,"8,3,88,1,30",134,36,[NULL]
2,"8,2,343,1,1",134,36,[NULL]
0,"8,1,184,1,39",135,35,[NULL]
1,"8,7,30",135,35,[NULL]
2,"8,1,17,1,257,1,1",135,35,[NULL]
3,"1,1,725,1,0",135,35,[NULL]
0,"8,2,137,1,36",136,34,[NULL]
1,"8,5,22,1,30",136,34,[NULL]
2,"725,1,1",136,34,[NULL]
3,"8,2,344,1,1",136,34,[NULL]
0,1002,137,33,[NULL]
1,"8,2,146,1,30",137,33,[NULL]
2,"8,5,23,1,30",137,33,[NULL]
3,"8,2,345,1,1",137,33,[NULL]
0,"8,2,147,1,30",138,32,[NULL]
1,"8,4,51,1,30",138,32,[NULL]
2,"623,1,4",138,32,[NULL]
3,"8,4,160,1,1",138,32,[NULL]
0,"31,1,399",139,31,[NULL]
1,"8,1,17,1,113,1,30",139,31,[NULL]
2,"8,3,13,3,30",139,31,[NULL]
3,"491,1,16",139,31,[NULL]
4,"8,3,232,1,1",139,31,[NULL]
5,"5,1,64,1,149,1,0",139,31,[NULL]
0,"17,1,554",140,30,[NULL]
1,"17,1,162,1,30",140,30,[NULL]
2,"8,2,13,2,32,1,30",140,30,[NULL]
3,"64,1,149,1,6",140,30,[NULL]
4,"8,1,16,1,260,1,1",140,30,[NULL]
5,"8,3,233,1,1",140,30,[NULL]
0,"64,1,243",141,29,[NULL]
1,"8,1,13,3,23,1,30",141,29,[NULL]
2,"8,3,89,1,30",141,29,[NULL]
3,"598,1,6",141,29,[NULL]
4,"8,1,17,1,260,1,1",141,29,[NULL]
5,"8,2,9,1,219,1,1",141,29,[NULL]
0,"22,1,461",142,28,[NULL]
1,"13,3,51,1,30",142,28,[NULL]
2,"8,2,9,1,80,1,30",142,28,[NULL]
3,"8,2,278,1,4",142,28,[NULL]
4,"726,1,1",142,28,[NULL]
5,"8,1,9,1,13,1,194,1,1",142,28,[NULL]
6,"1,1,42,1,260,1,0",142,28,[NULL]
0,"64,2,30",143,27,[NULL]
1,"8,1,23,1,89,1,30",143,27,[NULL]
2,"13,6,14",143,27,[NULL]
3,"8,1,454,1,4",143,27,[NULL]
4,"642,1,2",143,27,[NULL]
5,"42,1,260,1,1",143,27,[NULL]
6,"9,1,13,2,167,1,1",143,27,[NULL]
7,"8,1,549,1,1",143,27,[NULL]
0,"299,1,30",144,26,[NULL]
1,"9,1,23,1,80,1,30",144,26,[NULL]
2,"8,2,347,1,1",144,26,[NULL]
3,"8,2,346,1,1",144,26,[NULL]
4,"753,1,0",144,26,[NULL]
0,"8,1,187,1,39",145,25,[NULL]
1,"8,1,550,1,1",145,25,[NULL]
2,"8,1,13,1,292,1,1",145,25,[NULL]
3,"1,1,727,1,0",145,25,[NULL]
0,1003,146,24,[NULL]
1,"13,4,107",146,24,[NULL]
2,"8,1,201,1,36",146,24,[NULL]
3,"727,1,1",146,24,[NULL]
4,"23,1,346,1,1",146,24,[NULL]
5,"8,2,348,1,1",146,24,[NULL]
6,"1,2,64,1,187,1,0",146,24,[NULL]
0,1004,147,23,[NULL]
1,"303,1,30",147,23,[NULL]
2,"8,1,212,1,30",147,23,[NULL]
3,"13,1,23,1,83,1,28",147,23,[NULL]
4,"8,2,350,1,1",147,23,[NULL]
5,"1,1,64,1,187,1,1",147,23,[NULL]
6,"13,4,95,1,0",147,23,[NULL]
7,"4,1,627,1,0",147,23,[NULL]
0,1005,148,22,[NULL]
1,"2,1,931",148,22,[NULL]
2,"13,1,188,1,30",148,22,[NULL]
3,"13,1,266,1,14",148,22,[NULL]
4,"627,1,4",148,22,[NULL]
5,"8,2,13,1,209,1,1",148,22,[NULL]
6,"13,3,164,1,0",148,22,[NULL]
0,1006,149,21,[NULL]
1,"13,1,267,1,14",149,21,[NULL]
2,"8,1,13,1,294,1,1",149,21,[NULL]
3,"0,1,717,1,1",149,21,[NULL]
4,"754,1,0",149,21,[NULL]
5,"1,1,728,1,0",149,21,[NULL]
0,1007,150,20,[NULL]
1,"628,1,4",150,20,[NULL]
2,"728,1,1",150,20,[NULL]
3,"13,2,261,1,1",150,20,[NULL]
4,"0,1,3,1,628,1,1",150,20,[NULL]
0,"13,1,190,1,30",151,19,[NULL]
1,"13,2,262,1,1",151,19,[NULL]
2,"3,1,639,1,1",151,19,[NULL]
0,1008,152,18,[NULL]
1,"23,1,213,1,14",152,18,[NULL]
2,"729,1,1",152,18,[NULL]
0,"335,1,28",153,17,[NULL]
1,"630,1,4",153,17,[NULL]
2,"75,1,188,1,0",153,17,[NULL]
0,1009,154,16,[NULL]
1,"2,1,943",154,16,[NULL]
2,"1,1,708,1,1",154,16,[NULL]
3,"75,1,189,1,0",154,16,[NULL]
0,1013,155,15,[NULL]
1,1012,155,15,[NULL]
2,1011,155,15,[NULL]
3,1010,155,15,[NULL]
4,"76,1,189,1,0",155,15,[NULL]
5,"23,1,373,1,0",155,15,[NULL]
0,1017,156,14,[NULL]
1,1016,156,14,[NULL]
2,1015,156,14,[NULL]
3,1014,156,14,[NULL]
4,"8,1,727",156,14,[NULL]
5,"75,1,190,1,0",156,14,[NULL]
6,"23,1,376,1,0",156,14,[NULL]
0,1020,157,13,[NULL]
1,1019,157,13,[NULL]
2,1018,157,13,[NULL]
3,"731,1,1",157,13,[NULL]
4,"730,1,1",157,13,[NULL]
5,"18,1,408,1,1",157,13,[NULL]
6,"76,1,190,1,0",157,13,[NULL]
7,"1,1,732,1,0",157,13,[NULL]
0,1022,158,12,[NULL]
1,1021,158,12,[NULL]
2,"18,1,528",158,12,[NULL]
3,"504,1,14",158,12,[NULL]
4,"733,1,1",158,12,[NULL]
5,"732,1,1",158,12,[NULL]
6,"18,1,411,1,1",158,12,[NULL]
7,"1,1,712,1,1",158,12,[NULL]
8,"0,1,719,1,1",158,12,[NULL]
9,"1,1,734,1,0",158,12,[NULL]
10,"1,1,7,1,571,1,0",158,12,[NULL]
0,"18,1,530",159,11,[NULL]
1,"339,1,28",159,11,[NULL]
2,"368,1,23",159,11,[NULL]
3,"17,1,69,2,4",159,11,[NULL]
4,"16,1,324,1,4",159,11,[NULL]
5,"735,1,1",159,11,[NULL]
6,"734,1,1",159,11,[NULL]
7,"7,1,571,1,1",159,11,[NULL]
8,"755,1,0",159,11,[NULL]
9,"2,1,18,1,373,1,0",159,11,[NULL]
0,"17,1,324,1,4",160,10,[NULL]
1,"18,1,414,1,1",160,10,[NULL]
2,"1,1,18,1,376,1,1",160,10,[NULL]
3,"1,2,684,1,1",160,10,[NULL]
4,"757,1,0",160,10,[NULL]
5,"756,1,0",160,10,[NULL]
6,"2,1,18,1,376,1,0",160,10,[NULL]
0,1023,161,9,[NULL]
1,"341,1,28",161,9,[NULL]
2,"18,1,415,1,1",161,9,[NULL]
3,"8,1,9,1,324,1,1",161,9,[NULL]
4,"0,1,720,1,1",161,9,[NULL]
0,"7,2,533",162,8,[NULL]
1,"2,1,18,1,469",162,8,[NULL]
2,"506,1,14",162,8,[NULL]
3,"526,1,12",162,8,[NULL]
4,"29,1,324,1,1",162,8,[NULL]
0,"2,1,949",163,7,[NULL]
1,"18,1,534",163,7,[NULL]
2,"18,1,533",163,7,[NULL]
3,"2,1,324,1,23",163,7,[NULL]
4,"2,2,660,1,0",163,7,[NULL]
0,"18,1,536",164,6,[NULL]
1,"324,1,29",164,6,[NULL]
2,"2,1,324,1,24",164,6,[NULL]
0,"18,1,324,1,2",165,5,[NULL]
0,"18,1,324,1,3",166,4,[NULL]
0,"758,1,0",114,57,[NULL]
0,1024,115,56,[NULL]
0,1025,118,53,[NULL]
0,"8,1,553,1,1",119,52,[NULL]
0,"8,1,554,1,1",120,51,[NULL]
0,"8,1,469,1,4",121,50,[NULL]
1,"1,1,736,1,0",121,50,[NULL]
0,"8,1,470,1,4",122,49,[NULL]
1,"736,1,1",122,49,[NULL]
0,"8,3,236,1,1",123,48,[NULL]
0,"8,2,16,1,183,1,1",124,47,[NULL]
0,"8,2,17,1,183,1,1",125,46,[NULL]
0,"8,2,354,1,1",126,45,[NULL]
0,"635,1,4",127,44,[NULL]
1,"8,5,110,1,1",127,44,[NULL]
0,"636,1,4",128,43,[NULL]
1,"8,5,111,1,1",128,43,[NULL]
0,"8,1,555,1,1",129,42,[NULL]
1,"8,3,16,1,17,1,50,1,1",129,42,[NULL]
2,"1,2,685,1,1",129,42,[NULL]
0,"8,1,556,1,1",130,41,[NULL]
1,"8,4,161,1,1",130,41,[NULL]
2,"0,1,722,1,1",130,41,[NULL]
0,"17,1,433,1,1",131,40,[NULL]
1,"8,7,31,1,1",131,40,[NULL]
2,"16,1,452,1,0",131,40,[NULL]
0,"8,1,16,1,225,1,4",132,39,[NULL]
1,"8,6,16,1,17,1,1",132,39,[NULL]
2,"17,1,452,1,0",132,39,[NULL]
0,"8,3,237,1,1",133,38,[NULL]
1,"8,6,17,2,1",133,38,[NULL]
0,"8,3,238,1,1",134,37,[NULL]
1,"8,6,60,1,1",134,37,[NULL]
0,"8,2,17,1,185,1,1",135,36,[NULL]
1,"8,8,13,1,1",135,36,[NULL]
0,"8,1,17,2,147,1,1",136,35,[NULL]
1,"8,7,32,1,1",136,35,[NULL]
2,"0,1,725,1,1",136,35,[NULL]
0,"8,5,112,1,1",137,34,[NULL]
1,"8,6,13,1,23,1,1",137,34,[NULL]
2,"759,1,0",137,34,[NULL]
0,"137,1,145",138,33,[NULL]
1,"8,1,491,1,2",138,33,[NULL]
2,"8,5,113,1,1",138,33,[NULL]
3,"8,5,13,1,51,1,1",138,33,[NULL]
0,"8,1,491,1,3",139,32,[NULL]
1,"8,1,64,1,137,1,1",139,32,[NULL]
2,"8,4,162,1,1",139,32,[NULL]
3,"8,4,13,4,1",139,32,[NULL]
0,"0,1,64,1,149,1,6",140,31,[NULL]
1,"8,1,64,1,138,1,1",140,31,[NULL]
2,"8,3,23,1,113,1,1",140,31,[NULL]
3,"8,3,13,3,32,1,1",140,31,[NULL]
4,"0,1,8,1,16,1,260,1,1",140,31,[NULL]
0,"8,1,557,1,1",141,30,[NULL]
1,"8,2,13,4,23,1,1",141,30,[NULL]
2,"8,4,9,1,101,1,1",141,30,[NULL]
3,"64,1,206,1,0",141,30,[NULL]
4,"8,2,380,1,0",141,30,[NULL]
0,"8,1,559,1,1",142,29,[NULL]
1,"8,1,13,4,51,1,1",142,29,[NULL]
2,"8,3,9,1,13,1,80,1,1",142,29,[NULL]
3,"8,1,17,1,278,1,0",142,29,[NULL]
0,"13,7,1",143,28,[NULL]
1,"8,2,16,1,187,1,1",143,28,[NULL]
2,"8,2,9,1,23,1,101,1,1",143,28,[NULL]
3,"17,1,454,1,0",143,28,[NULL]
0,"13,4,23,1,24,1,1",144,27,[NULL]
1,"8,1,9,1,13,1,23,1,80,1,1",144,27,[NULL]
2,"8,2,16,1,188,1,1",144,27,[NULL]
3,"13,3,167,1,0",144,27,[NULL]
0,"9,1,13,3,101,1,1",145,26,[NULL]
1,"8,2,17,1,188,1,1",145,26,[NULL]
2,"1,1,715,1,1",145,26,[NULL]
3,"13,3,168,1,0",145,26,[NULL]
0,"8,1,17,1,267,1,1",146,25,[NULL]
0,"627,1,5",147,24,[NULL]
1,"8,2,13,1,212,1,1",147,24,[NULL]
0,1026,148,23,[NULL]
1,"13,1,23,1,75,1,30",148,23,[NULL]
2,"655,1,2",148,23,[NULL]
3,"13,2,266,1,1",148,23,[NULL]
4,"8,1,13,2,188,1,1",148,23,[NULL]
0,1027,149,22,[NULL]
1,"13,3,95,1,14",149,22,[NULL]
2,"655,1,3",149,22,[NULL]
3,"737,1,1",149,22,[NULL]
4,"64,1,201,1,1",149,22,[NULL]
5,"13,2,267,1,1",149,22,[NULL]
6,"9,1,13,1,286,1,1",149,22,[NULL]
0,1028,150,21,[NULL]
1,"72,1,188,1,1",150,21,[NULL]
2,"13,2,268,1,1",150,21,[NULL]
3,"3,1,646,1,1",150,21,[NULL]
4,"2,1,690,1,1",150,21,[NULL]
0,"739,1,1",151,20,[NULL]
1,"738,1,1",151,20,[NULL]
2,"1,1,3,1,628,1,1",151,20,[NULL]
3,"64,1,209,1,0",151,20,[NULL]
0,1029,152,19,[NULL]
1,"13,1,209,1,28",152,19,[NULL]
2,"8,1,475,1,4",152,19,[NULL]
3,"43,1,266,1,1",152,19,[NULL]
4,"13,1,23,1,213,1,1",152,19,[NULL]
5,"0,1,729,1,1",152,19,[NULL]
6,"760,1,0",152,19,[NULL]
0,1030,153,18,[NULL]
1,"67,1,75,1,28",153,18,[NULL]
2,"17,1,333,1,4",153,18,[NULL]
3,"43,1,267,1,1",153,18,[NULL]
4,"9,1,13,1,288,1,1",153,18,[NULL]
5,"1,1,3,1,629,1,1",153,18,[NULL]
6,"761,1,0",153,18,[NULL]
0,1033,154,17,[NULL]
1,1032,154,17,[NULL]
2,1031,154,17,[NULL]
3,"3,1,879",154,17,[NULL]
4,"3,1,648,1,1",154,17,[NULL]
5,"762,1,0",154,17,[NULL]
0,"188,1,84",155,16,[NULL]
1,"195,1,80",155,16,[NULL]
2,"8,2,367,1,1",155,16,[NULL]
3,"3,1,650,1,1",155,16,[NULL]
4,"1,1,18,1,385,1,1",155,16,[NULL]
5,"763,1,0",155,16,[NULL]
6,"3,1,669,1,0",155,16,[NULL]
0,"13,1,654",156,15,[NULL]
1,"174,1,98",156,15,[NULL]
2,"189,1,84",156,15,[NULL]
3,"741,1,1",156,15,[NULL]
4,"740,1,1",156,15,[NULL]
5,"67,1,197,1,1",156,15,[NULL]
6,"8,1,562,1,1",156,15,[NULL]
7,"1,1,27,1,324,1,1",156,15,[NULL]
8,"765,1,0",156,15,[NULL]
9,"764,1,0",156,15,[NULL]
0,1034,157,14,[NULL]
1,"373,1,23",157,14,[NULL]
2,"742,1,1",157,14,[NULL]
3,"30,1,324,1,1",157,14,[NULL]
4,"8,1,563,1,1",157,14,[NULL]
5,"0,1,730,1,1",157,14,[NULL]
6,"767,1,0",157,14,[NULL]
7,"766,1,0",157,14,[NULL]
8,"67,1,203,1,0",157,14,[NULL]
0,1035,158,13,[NULL]
1,"190,1,84",158,13,[NULL]
2,"18,1,333,1,2",158,13,[NULL]
3,"3,1,652,1,1",158,13,[NULL]
4,"0,1,732,1,1",158,13,[NULL]
5,"768,1,0",158,13,[NULL]
6,"31,1,324,1,0",158,13,[NULL]
7,"3,1,673,1,0",158,13,[NULL]
8,"1,2,719,1,0",158,13,[NULL]
0,1036,159,12,[NULL]
1,"69,1,75,1,28",159,12,[NULL]
2,"659,1,2",159,12,[NULL]
3,"19,1,324,1,2",159,12,[NULL]
4,"23,1,368,1,1",159,12,[NULL]
5,"1,1,719,1,1",159,12,[NULL]
6,"769,1,0",159,12,[NULL]
7,"3,1,674,1,0",159,12,[NULL]
8,"2,1,719,1,0",159,12,[NULL]
9,"1,1,744,1,0",159,12,[NULL]
0,"76,1,227",160,11,[NULL]
1,"198,1,80",160,11,[NULL]
2,"69,1,76,1,28",160,11,[NULL]
3,"20,1,324,1,2",160,11,[NULL]
4,"745,1,1",160,11,[NULL]
5,"744,1,1",160,11,[NULL]
6,"743,1,1",160,11,[NULL]
7,"18,1,419,1,1",160,11,[NULL]
8,"0,1,18,1,414,1,1",160,11,[NULL]
9,"770,1,0",160,11,[NULL]
0,1037,161,10,[NULL]
1,"69,1,247",161,10,[NULL]
2,"2,1,69,1,219",161,10,[NULL]
3,"746,1,1",161,10,[NULL]
4,"0,1,8,1,9,1,324,1,1",161,10,[NULL]
5,"773,1,0",161,10,[NULL]
6,"772,1,0",161,10,[NULL]
7,"771,1,0",161,10,[NULL]
8,"18,1,443,1,0",161,10,[NULL]
0,"69,1,248",162,9,[NULL]
1,"3,1,163,1,80",162,9,[NULL]
2,"2,1,697,1,1",162,9,[NULL]
3,"1,1,720,1,1",162,9,[NULL]
4,"775,1,0",162,9,[NULL]
5,"774,1,0",162,9,[NULL]
6,"18,1,445,1,0",162,9,[NULL]
7,"8,1,13,1,324,1,0",162,9,[NULL]
0,1038,163,8,[NULL]
1,"660,1,2",163,8,[NULL]
2,"2,1,698,1,1",163,8,[NULL]
3,"2,1,24,1,69,2,1",163,8,[NULL]
4,"2,1,18,1,368,1,1",163,8,[NULL]
5,"1,1,28,1,324,1,1",163,8,[NULL]
6,"776,1,0",163,8,[NULL]
7,"32,1,324,1,0",163,8,[NULL]
8,"1,1,748,1,0",163,8,[NULL]
9,"1,1,747,1,0",163,8,[NULL]
0,"660,1,3",164,7,[NULL]
1,"748,1,1",164,7,[NULL]
2,"747,1,1",164,7,[NULL]
3,"2,1,699,1,1",164,7,[NULL]
4,"2,1,24,1,324,1,1",164,7,[NULL]
5,"33,1,324,1,0",164,7,[NULL]
6,"18,1,446,1,0",164,7,[NULL]
7,"1,1,749,1,0",164,7,[NULL]
0,"749,1,1",165,6,[NULL]
1,"2,1,25,1,324,1,1",165,6,[NULL]
2,"34,1,324,1,0",165,6,[NULL]
3,"1,1,750,1,0",165,6,[NULL]
0,"750,1,1",166,5,[NULL]
1,"35,1,324,1,0",166,5,[NULL]
2,"1,1,751,1,0",166,5,[NULL]
0,"751,1,1",167,4,[NULL]
1,"2,2,18,1,324,1,1",167,4,[NULL]
2,"1,1,3,1,18,1,324,1,0",167,4,[NULL]
0,"3,1,18,1,324,1,1",168,3,[NULL]
0,"0,1,1024",115,57,[NULL]
0,"1,1,721,1,1",116,56,[NULL]
0,"661,1,2",117,55,[NULL]
0,"661,1,3",118,54,[NULL]
0,"0,1,8,1,553,1,1",119,53,[NULL]
0,"8,1,578,1,0",120,52,[NULL]
0,"8,1,579,1,0",121,51,[NULL]
0,"17,1,470,1,0",122,50,[NULL]
0,"635,1,5",126,46,[NULL]
0,"662,1,2",127,45,[NULL]
0,"663,1,2",128,44,[NULL]
0,"0,1,8,1,555,1,1",129,43,[NULL]
0,"8,2,402,1,0",130,42,[NULL]
0,"8,2,403,1,0",131,41,[NULL]
0,"16,1,17,1,225,1,0",132,40,[NULL]
0,1039,133,39,[NULL]
1,"59,1,224,1,0",133,39,[NULL]
0,1040,134,38,[NULL]
0,"71,1,236",135,37,[NULL]
0,"77,1,216",136,36,[NULL]
1,"1,2,725,1,0",136,36,[NULL]
0,"244,1,49",137,35,[NULL]
1,"752,1,1",137,35,[NULL]
2,"1,1,725,1,1",137,35,[NULL]
0,"244,1,50",138,34,[NULL]
1,"778,1,0",138,34,[NULL]
0,"16,1,149,1,39",139,33,[NULL]
1,"0,1,8,1,64,1,137,1,1",139,33,[NULL]
0,"315,1,30",140,32,[NULL]
1,"8,1,64,1,146,1,0",140,32,[NULL]
2,"1,1,5,1,64,1,149,1,0",140,32,[NULL]
0,"8,2,149,1,30",141,31,[NULL]
1,"5,1,64,1,149,1,1",141,31,[NULL]
0,1041,142,30,[NULL]
1,"16,1,167,1,30",142,30,[NULL]
0,1042,143,29,[NULL]
1,"8,1,218,1,30",143,29,[NULL]
0,1043,144,28,[NULL]
1,"8,1,219,1,30",144,28,[NULL]
2,"1,1,42,1,260,1,1",144,28,[NULL]
0,"72,1,236",145,27,[NULL]
1,"278,1,39",145,27,[NULL]
2,"13,1,194,1,30",145,27,[NULL]
3,"13,4,23,1,28",145,27,[NULL]
0,"79,1,216",146,26,[NULL]
1,"291,1,36",146,26,[NULL]
2,"13,2,167,1,14",146,26,[NULL]
3,"753,1,1",146,26,[NULL]
4,"13,4,101,1,0",146,26,[NULL]
0,"89,1,203",147,25,[NULL]
1,"316,1,30",147,25,[NULL]
2,"1,1,727,1,1",147,25,[NULL]
0,"8,1,20,1,346",148,24,[NULL]
1,"537,1,12",148,24,[NULL]
2,"666,1,2",148,24,[NULL]
3,"1,2,64,1,187,1,1",148,24,[NULL]
0,"167,1,107",149,23,[NULL]
1,"318,1,30",149,23,[NULL]
2,"666,1,3",149,23,[NULL]
3,"13,4,95,1,1",149,23,[NULL]
4,"4,1,627,1,1",149,23,[NULL]
5,"779,1,0",149,23,[NULL]
0,1044,150,22,[NULL]
1,"8,1,209,1,36",150,22,[NULL]
2,"357,1,28",150,22,[NULL]
3,"13,3,164,1,1",150,22,[NULL]
4,"8,1,69,1,138,1,1",150,22,[NULL]
5,"0,1,3,1,646,1,1",150,22,[NULL]
6,"13,2,286,1,0",150,22,[NULL]
0,"9,1,209,1,30",151,21,[NULL]
1,"359,1,28",151,21,[NULL]
2,"13,1,212,1,28",151,21,[NULL]
3,"754,1,1",151,21,[NULL]
4,"1,1,728,1,1",151,21,[NULL]
5,"13,2,287,1,0",151,21,[NULL]
6,"8,1,582,1,0",151,21,[NULL]
0,"1,1,3,1,639,1,1",152,20,[NULL]
1,"0,1,43,1,266,1,1",152,20,[NULL]
2,"80,1,188,1,0",152,20,[NULL]
3,"17,1,475,1,0",152,20,[NULL]
0,1045,153,19,[NULL]
1,"32,1,423",153,19,[NULL]
2,"189,1,88",153,19,[NULL]
3,"1,1,729,1,1",153,19,[NULL]
4,"780,1,0",153,19,[NULL]
0,1047,154,18,[NULL]
1,1046,154,18,[NULL]
2,"13,1,213,1,28",154,18,[NULL]
3,"8,2,69,1,80,1,1",154,18,[NULL]
4,"43,1,285,1,0",154,18,[NULL]
5,"13,2,288,1,0",154,18,[NULL]
6,"3,2,604,1,0",154,18,[NULL]
0,"363,1,28",155,17,[NULL]
1,"75,1,188,1,1",155,17,[NULL]
2,"1,2,708,1,1",155,17,[NULL]
3,"43,1,287,1,0",155,17,[NULL]
4,"13,1,532,1,0",155,17,[NULL]
5,"8,2,414,1,0",155,17,[NULL]
0,"75,1,189,1,1",156,16,[NULL]
1,"781,1,0",156,16,[NULL]
2,"1,1,76,1,189,1,0",156,16,[NULL]
0,1048,157,15,[NULL]
1,"76,1,189,1,1",157,15,[NULL]
2,"23,1,373,1,1",157,15,[NULL]
3,"3,1,680,1,0",157,15,[NULL]
0,1051,158,14,[NULL]
1,1050,158,14,[NULL]
2,1049,158,14,[NULL]
3,"75,1,190,1,1",158,14,[NULL]
4,"23,1,376,1,1",158,14,[NULL]
5,"74,1,197,1,0",158,14,[NULL]
6,"1,1,76,1,190,1,0",158,14,[NULL]
0,1052,159,13,[NULL]
1,"375,1,27",159,13,[NULL]
2,"76,1,190,1,1",159,13,[NULL]
3,"1,1,732,1,1",159,13,[NULL]
4,"2,1,732,1,0",159,13,[NULL]
0,1054,160,12,[NULL]
1,1053,160,12,[NULL]
2,"1,1,734,1,1",160,12,[NULL]
3,"1,1,7,1,571,1,1",160,12,[NULL]
4,"2,1,734,1,0",160,12,[NULL]
0,1056,161,11,[NULL]
1,1055,161,11,[NULL]
2,"368,1,28",161,11,[NULL]
3,"676,1,2",161,11,[NULL]
4,"755,1,1",161,11,[NULL]
5,"3,1,18,1,333,1,1",161,11,[NULL]
6,"2,1,18,1,373,1,1",161,11,[NULL]
7,"1,1,756,1,0",161,11,[NULL]
0,1057,162,10,[NULL]
1,"2,1,985",162,10,[NULL]
2,"757,1,1",162,10,[NULL]
3,"756,1,1",162,10,[NULL]
4,"3,1,659,1,1",162,10,[NULL]
5,"2,1,18,1,376,1,1",162,10,[NULL]
6,"3,1,18,1,352,1,0",162,10,[NULL]
0,1061,163,9,[NULL]
1,1060,163,9,[NULL]
2,1059,163,9,[NULL]
3,1058,163,9,[NULL]
4,"782,1,0",163,9,[NULL]
0,1062,164,8,[NULL]
1,"18,1,569",164,8,[NULL]
2,"324,1,30",164,8,[NULL]
3,"526,1,14",164,8,[NULL]
4,"0,1,748,1,1",164,8,[NULL]
5,"0,1,747,1,1",164,8,[NULL]
0,1063,165,7,[NULL]
1,"324,1,31",165,7,[NULL]
2,"2,1,324,1,28",165,7,[NULL]
3,"2,2,660,1,1",165,7,[NULL]
4,"0,1,749,1,1",165,7,[NULL]
0,"324,1,32",166,6,[NULL]
1,"0,1,750,1,1",166,6,[NULL]
0,"324,1,33",167,5,[NULL]
1,"0,1,751,1,1",167,5,[NULL]
2,"4,1,18,1,324,1,0",167,5,[NULL]
0,"18,1,324,1,4",168,4,[NULL]
1,"0,1,3,1,18,1,324,1,1",168,4,[NULL]
0,"1,1,758,1,0",115,58,[NULL]
0,"758,1,1",116,57,[NULL]
0,"1,1,736,1,1",123,50,[NULL]
0,1064,124,49,[NULL]
0,"295,1,36",125,48,[NULL]
0,"325,1,30",126,47,[NULL]
0,"326,1,30",127,46,[NULL]
0,"8,1,199,1,39",128,45,[NULL]
0,"8,2,145,1,36",129,44,[NULL]
0,"8,2,152,1,30",130,43,[NULL]
0,"8,2,153,1,30",131,42,[NULL]
0,1065,132,41,[NULL]
1,"8,1,17,1,117,1,30",132,41,[NULL]
0,"8,1,223,1,30",133,40,[NULL]
1,"16,1,452,1,1",133,40,[NULL]
0,"224,1,72",134,39,[NULL]
1,"8,4,55,1,30",134,39,[NULL]
2,"17,1,452,1,1",134,39,[NULL]
0,"297,1,36",135,38,[NULL]
1,"8,4,56,1,30",135,38,[NULL]
2,"49,1,245,1,1",135,38,[NULL]
0,"8,1,224,1,30",136,37,[NULL]
1,"8,3,17,1,40,1,30",136,37,[NULL]
2,"8,1,572,1,1",136,37,[NULL]
0,"8,1,225,1,30",137,36,[NULL]
1,"8,3,100,1,30",137,36,[NULL]
2,"8,3,244,1,1",137,36,[NULL]
0,"8,2,137,1,39",138,35,[NULL]
1,"8,6,9,1,30",138,35,[NULL]
2,"8,1,16,1,17,1,149,1,1",138,35,[NULL]
0,"8,2,146,1,36",139,34,[NULL]
1,"8,5,29,1,30",139,34,[NULL]
2,"759,1,1",139,34,[NULL]
3,"8,3,245,1,1",139,34,[NULL]
0,1066,140,33,[NULL]
1,"8,2,16,1,64,1,30",140,33,[NULL]
2,"8,4,9,1,23,1,30",140,33,[NULL]
3,"8,3,247,1,1",140,33,[NULL]
0,1067,141,32,[NULL]
1,"8,2,17,1,64,1,30",141,32,[NULL]
2,"8,3,9,1,51,1,30",141,32,[NULL]
3,"8,1,491,1,4",141,32,[NULL]
4,"8,4,166,1,1",141,32,[NULL]
0,"39,1,399",142,31,[NULL]
1,"8,2,154,1,30",142,31,[NULL]
2,"8,2,9,1,13,3,30",142,31,[NULL]
3,"17,1,260,1,11",142,31,[NULL]
4,"8,4,167,1,1",142,31,[NULL]
0,"40,1,399",143,30,[NULL]
1,"8,1,42,1,64,1,30",143,30,[NULL]
2,"8,1,9,1,13,2,32,1,30",143,30,[NULL]
3,"64,1,206,1,1",143,30,[NULL]
4,"8,2,380,1,1",143,30,[NULL]
5,"8,3,248,1,1",143,30,[NULL]
0,"112,1,181",144,29,[NULL]
1,"9,1,13,3,23,1,30",144,29,[NULL]
2,"8,3,101,1,30",144,29,[NULL]
3,"113,1,149,1,1",144,29,[NULL]
4,"8,1,17,1,278,1,1",144,29,[NULL]
5,"8,2,13,1,219,1,1",144,29,[NULL]
0,"64,2,36",145,28,[NULL]
1,"8,2,13,1,80,1,30",145,28,[NULL]
2,"642,1,5",145,28,[NULL]
3,"17,1,454,1,1",145,28,[NULL]
4,"8,1,573,1,1",145,28,[NULL]
5,"8,1,13,2,194,1,1",145,28,[NULL]
0,"64,1,72,1,30",146,27,[NULL]
1,"8,1,23,1,101,1,30",146,27,[NULL]
2,"42,1,278,1,1",146,27,[NULL]
3,"13,3,167,1,1",146,27,[NULL]
4,"8,1,574,1,1",146,27,[NULL]
5,"0,1,753,1,1",146,27,[NULL]
0,"327,1,30",147,26,[NULL]
1,"13,1,23,1,80,1,30",147,26,[NULL]
2,"13,3,168,1,1",147,26,[NULL]
3,"8,1,9,1,346,1,1",147,26,[NULL]
4,"8,2,382,1,1",147,26,[NULL]
5,"784,1,0",147,26,[NULL]
0,1068,148,25,[NULL]
1,"8,1,201,1,39",148,25,[NULL]
2,"9,1,13,1,292,1,1",148,25,[NULL]
3,"8,2,383,1,1",148,25,[NULL]
4,"13,1,537,1,0",148,25,[NULL]
5,"13,4,105,1,0",148,25,[NULL]
6,"5,1,627,1,0",148,25,[NULL]
0,"8,1,212,1,36",149,24,[NULL]
1,"627,1,6",149,24,[NULL]
2,"8,3,250,1,1",149,24,[NULL]
3,"13,1,538,1,0",149,24,[NULL]
0,1069,150,23,[NULL]
1,"9,1,212,1,30",150,23,[NULL]
2,"8,2,384,1,1",150,23,[NULL]
3,"4,1,655,1,0",150,23,[NULL]
4,"2,1,737,1,0",150,23,[NULL]
0,1070,151,22,[NULL]
1,"328,1,30",151,22,[NULL]
2,"13,2,133,1,28",151,22,[NULL]
3,"655,1,4",151,22,[NULL]
4,"8,1,9,1,13,1,209,1,1",151,22,[NULL]
5,"785,1,0",151,22,[NULL]
0,1071,152,21,[NULL]
1,"8,1,769",152,21,[NULL]
2,"13,1,286,1,14",152,21,[NULL]
3,"9,1,13,1,294,1,1",152,21,[NULL]
4,"1,1,64,1,209,1,0",152,21,[NULL]
0,1072,153,20,[NULL]
1,"656,1,4",153,20,[NULL]
2,"64,1,209,1,1",153,20,[NULL]
0,"760,1,1",154,19,[NULL]
1,"23,1,417,1,0",154,19,[NULL]
0,1073,155,18,[NULL]
1,"331,1,30",155,18,[NULL]
2,"761,1,1",155,18,[NULL]
3,"786,1,0",155,18,[NULL]
4,"3,1,691,1,0",155,18,[NULL]
0,1078,156,17,[NULL]
1,1077,156,17,[NULL]
2,1076,156,17,[NULL]
3,1075,156,17,[NULL]
4,1074,156,17,[NULL]
5,"195,1,84",156,17,[NULL]
6,"13,1,288,1,14",156,17,[NULL]
7,"762,1,1",156,17,[NULL]
0,1081,157,16,[NULL]
1,1080,157,16,[NULL]
2,1079,157,16,[NULL]
3,"0,1,1048",157,16,[NULL]
4,"333,1,30",157,16,[NULL]
5,"763,1,1",157,16,[NULL]
6,"3,1,669,1,1",157,16,[NULL]
7,"1,1,764,1,0",157,16,[NULL]
0,1082,158,15,[NULL]
1,"0,1,1051",158,15,[NULL]
2,"3,1,915",158,15,[NULL]
3,"3,1,914",158,15,[NULL]
4,"765,1,1",158,15,[NULL]
5,"764,1,1",158,15,[NULL]
6,"1,1,766,1,0",158,15,[NULL]
0,1084,159,14,[NULL]
1,1083,159,14,[NULL]
2,"0,1,1052",159,14,[NULL]
3,"9,1,727",159,14,[NULL]
4,"373,1,28",159,14,[NULL]
5,"767,1,1",159,14,[NULL]
6,"766,1,1",159,14,[NULL]
7,"67,1,203,1,1",159,14,[NULL]
8,"70,1,209,1,0",159,14,[NULL]
9,"1,1,31,1,324,1,0",159,14,[NULL]
0,1085,160,13,[NULL]
1,"18,1,572",160,13,[NULL]
2,"197,1,84",160,13,[NULL]
3,"333,1,33",160,13,[NULL]
4,"352,1,29",160,13,[NULL]
5,"376,1,28",160,13,[NULL]
6,"768,1,1",160,13,[NULL]
7,"68,1,203,1,1",160,13,[NULL]
8,"31,1,324,1,1",160,13,[NULL]
9,"3,1,673,1,1",160,13,[NULL]
10,"1,2,719,1,1",160,13,[NULL]
11,"787,1,0",160,13,[NULL]
0,1088,161,12,[NULL]
1,1087,161,12,[NULL]
2,1086,161,12,[NULL]
3,"264,1,47",161,12,[NULL]
4,"17,1,324,1,6",161,12,[NULL]
5,"18,1,333,1,4",161,12,[NULL]
6,"769,1,1",161,12,[NULL]
7,"3,1,674,1,1",161,12,[NULL]
8,"2,1,719,1,1",161,12,[NULL]
9,"1,1,744,1,1",161,12,[NULL]
10,"0,1,755,1,1",161,12,[NULL]
11,"788,1,0",161,12,[NULL]
0,1091,162,11,[NULL]
1,1090,162,11,[NULL]
2,1089,162,11,[NULL]
3,"2,1,997",162,11,[NULL]
4,"659,1,4",162,11,[NULL]
5,"19,1,324,1,4",162,11,[NULL]
6,"684,1,2",162,11,[NULL]
7,"770,1,1",162,11,[NULL]
8,"0,1,756,1,1",162,11,[NULL]
9,"790,1,0",162,11,[NULL]
10,"789,1,0",162,11,[NULL]
11,"2,1,746,1,0",162,11,[NULL]
0,1092,163,10,[NULL]
1,"7,1,809",163,10,[NULL]
2,"69,1,260",163,10,[NULL]
3,"20,1,324,1,4",163,10,[NULL]
4,"773,1,1",163,10,[NULL]
5,"772,1,1",163,10,[NULL]
6,"771,1,1",163,10,[NULL]
7,"18,1,443,1,1",163,10,[NULL]
8,"793,1,0",163,10,[NULL]
9,"792,1,0",163,10,[NULL]
10,"791,1,0",163,10,[NULL]
0,1094,164,9,[NULL]
1,1093,164,9,[NULL]
2,"163,1,117",164,9,[NULL]
3,"775,1,1",164,9,[NULL]
4,"774,1,1",164,9,[NULL]
5,"18,1,445,1,1",164,9,[NULL]
6,"8,1,13,1,324,1,1",164,9,[NULL]
7,"3,1,696,1,0",164,9,[NULL]
8,"2,2,18,1,368,1,0",164,9,[NULL]
9,"1,2,747,1,0",164,9,[NULL]
0,1095,165,8,[NULL]
1,"776,1,1",165,8,[NULL]
2,"32,1,324,1,1",165,8,[NULL]
3,"1,1,748,1,1",165,8,[NULL]
4,"1,1,747,1,1",165,8,[NULL]
5,"794,1,0",165,8,[NULL]
6,"1,1,33,1,324,1,0",165,8,[NULL]
7,"1,1,18,1,446,1,0",165,8,[NULL]
8,"1,2,749,1,0",165,8,[NULL]
0,"660,1,4",166,7,[NULL]
1,"33,1,324,1,1",166,7,[NULL]
2,"18,1,446,1,1",166,7,[NULL]
3,"1,1,749,1,1",166,7,[NULL]
4,"36,1,324,1,0",166,7,[NULL]
5,"3,1,699,1,0",166,7,[NULL]
6,"1,1,34,1,324,1,0",166,7,[NULL]
0,"18,1,324,1,5",167,6,[NULL]
1,"34,1,324,1,1",167,6,[NULL]
2,"1,1,750,1,1",167,6,[NULL]
3,"1,1,35,1,324,1,0",167,6,[NULL]
4,"1,2,751,1,0",167,6,[NULL]
0,"0,1,18,1,324,1,4",168,5,[NULL]
1,"35,1,324,1,1",168,5,[NULL]
2,"1,1,751,1,1",168,5,[NULL]
3,"37,1,324,1,0",168,5,[NULL]
4,"1,2,3,1,18,1,324,1,0",168,5,[NULL]
0,"1,1,3,1,18,1,324,1,1",169,4,[NULL]
1,"38,1,324,1,0",169,4,[NULL]
0,"661,1,4",120,54,[NULL]
0,"554,1,11",121,53,[NULL]
0,"8,1,578,1,1",122,52,[NULL]
0,"8,1,579,1,1",123,51,[NULL]
0,"17,1,470,1,1",124,50,[NULL]
0,"777,1,1",125,49,[NULL]
0,"8,3,252,1,1",126,48,[NULL]
0,"8,3,253,1,1",127,47,[NULL]
1,"5,1,635,1,0",127,47,[NULL]
0,"635,1,6",128,46,[NULL]
1,"8,2,17,1,200,1,1",128,46,[NULL]
0,"636,1,6",129,45,[NULL]
1,"8,2,401,1,1",129,45,[NULL]
0,"662,1,4",130,44,[NULL]
1,"8,5,116,1,1",130,44,[NULL]
0,"663,1,4",131,43,[NULL]
1,"685,1,2",131,43,[NULL]
2,"8,5,117,1,1",131,43,[NULL]
0,"685,1,3",132,42,[NULL]
1,"8,2,402,1,1",132,42,[NULL]
2,"8,4,17,1,78,1,1",132,42,[NULL]
0,"8,2,403,1,1",133,41,[NULL]
1,"8,4,171,1,1",133,41,[NULL]
2,"0,1,16,1,452,1,1",133,41,[NULL]
0,"16,1,17,1,225,1,1",134,40,[NULL]
1,"8,7,39,1,1",134,40,[NULL]
2,"8,1,595,1,0",134,40,[NULL]
3,"1,1,59,1,224,1,0",134,40,[NULL]
0,"59,1,224,1,1",135,39,[NULL]
1,"17,2,225,1,1",135,39,[NULL]
2,"8,7,40,1,1",135,39,[NULL]
0,"8,3,16,1,137,1,1",136,38,[NULL]
1,"8,6,17,1,20,1,1",136,38,[NULL]
0,"8,3,16,1,138,1,1",137,37,[NULL]
1,"8,6,63,1,1",137,37,[NULL]
0,"8,3,17,1,138,1,1",138,36,[NULL]
1,"8,7,9,1,13,1,1",138,36,[NULL]
2,"1,2,725,1,1",138,36,[NULL]
0,"8,2,42,1,137,1,1",139,35,[NULL]
1,"8,6,9,1,32,1,1",139,35,[NULL]
2,"0,1,759,1,1",139,35,[NULL]
0,"778,1,1",140,34,[NULL]
1,"8,5,9,1,13,1,23,1,1",140,34,[NULL]
2,"8,6,64,1,1",140,34,[NULL]
3,"16,1,491,1,0",140,34,[NULL]
0,"64,1,138,1,11",141,33,[NULL]
1,"8,4,9,1,13,1,51,1,1",141,33,[NULL]
2,"8,5,118,1,1",141,33,[NULL]
3,"17,1,491,1,0",141,33,[NULL]
0,"17,1,380,1,2",142,32,[NULL]
1,"8,1,64,1,146,1,1",142,32,[NULL]
2,"8,3,9,1,13,4,1",142,32,[NULL]
3,"8,4,17,1,80,1,1",142,32,[NULL]
4,"1,1,5,1,64,1,149,1,1",142,32,[NULL]
0,"8,1,64,1,147,1,1",143,31,[NULL]
1,"8,2,9,1,13,3,32,1,1",143,31,[NULL]
2,"8,4,173,1,1",143,31,[NULL]
3,"0,1,8,2,380,1,1",143,31,[NULL]
4,"795,1,0",143,31,[NULL]
0,"8,1,9,1,13,4,23,1,1",144,30,[NULL]
1,"8,2,404,1,1",144,30,[NULL]
2,"8,4,13,1,101,1,1",144,30,[NULL]
3,"8,3,260,1,0",144,30,[NULL]
0,"9,1,13,4,51,1,1",145,29,[NULL]
1,"8,1,580,1,1",145,29,[NULL]
2,"8,3,13,2,80,1,1",145,29,[NULL]
3,"8,1,16,1,292,1,0",145,29,[NULL]
0,"8,2,13,1,23,1,101,1,1",146,28,[NULL]
1,"8,3,254,1,1",146,28,[NULL]
0,1096,147,27,[NULL]
1,"8,1,13,2,23,1,80,1,1",147,27,[NULL]
2,"8,3,255,1,1",147,27,[NULL]
0,1097,148,26,[NULL]
1,"13,1,219,1,28",148,26,[NULL]
2,"13,4,101,1,1",148,26,[NULL]
3,"8,2,20,1,188,1,1",148,26,[NULL]
0,"23,1,517",149,25,[NULL]
1,"13,1,23,1,83,1,30",149,25,[NULL]
2,"0,1,627,1,6",149,25,[NULL]
3,"8,1,20,1,267,1,1",149,25,[NULL]
4,"13,2,292,1,0",149,25,[NULL]
0,"381,1,28",150,24,[NULL]
1,"537,1,14",150,24,[NULL]
2,"13,3,105,1,14",150,24,[NULL]
3,"8,1,9,1,13,1,212,1,1",150,24,[NULL]
4,"797,1,0",150,24,[NULL]
5,"1,1,779,1,0",150,24,[NULL]
0,"187,1,95",151,23,[NULL]
1,"538,1,14",151,23,[NULL]
2,"666,1,4",151,23,[NULL]
3,"690,1,2",151,23,[NULL]
4,"779,1,1",151,23,[NULL]
5,"9,1,13,2,188,1,1",151,23,[NULL]
0,"0,1,1071",152,22,[NULL]
1,"3,1,931",152,22,[NULL]
2,"690,1,3",152,22,[NULL]
3,"64,1,212,1,1",152,22,[NULL]
4,"13,2,286,1,1",152,22,[NULL]
0,"2,1,628,1,4",153,21,[NULL]
1,"79,1,188,1,1",153,21,[NULL]
2,"13,2,287,1,1",153,21,[NULL]
3,"8,1,582,1,1",153,21,[NULL]
4,"0,1,64,1,209,1,1",153,21,[NULL]
5,"13,2,294,1,0",153,21,[NULL]
0,"267,1,46",154,20,[NULL]
1,"80,1,188,1,1",154,20,[NULL]
2,"17,1,475,1,1",154,20,[NULL]
3,"0,1,760,1,1",154,20,[NULL]
4,"72,1,209,1,0",154,20,[NULL]
5,"13,3,181,1,0",154,20,[NULL]
0,"195,1,90",155,19,[NULL]
1,"335,1,30",155,19,[NULL]
2,"604,1,7",155,19,[NULL]
3,"780,1,1",155,19,[NULL]
4,"798,1,0",155,19,[NULL]
0,"189,1,96",156,18,[NULL]
1,"417,1,23",156,18,[NULL]
2,"16,1,367,1,4",156,18,[NULL]
3,"43,1,285,1,1",156,18,[NULL]
4,"13,2,288,1,1",156,18,[NULL]
5,"3,2,604,1,1",156,18,[NULL]
6,"0,1,762,1,1",156,18,[NULL]
0,"18,1,580",157,17,[NULL]
1,"43,1,287,1,1",157,17,[NULL]
2,"13,1,532,1,1",157,17,[NULL]
3,"8,2,414,1,1",157,17,[NULL]
4,"0,1,763,1,1",157,17,[NULL]
5,"3,1,707,1,0",157,17,[NULL]
6,"1,1,781,1,0",157,17,[NULL]
0,"18,1,581",158,16,[NULL]
1,"324,1,34",158,16,[NULL]
2,"338,1,30",158,16,[NULL]
3,"781,1,1",158,16,[NULL]
4,"8,2,415,1,1",158,16,[NULL]
5,"1,1,76,1,189,1,1",158,16,[NULL]
6,"0,1,764,1,1",158,16,[NULL]
7,"1,1,3,1,680,1,0",158,16,[NULL]
0,"324,1,35",159,15,[NULL]
1,"541,1,14",159,15,[NULL]
2,"8,1,583,1,1",159,15,[NULL]
3,"3,1,680,1,1",159,15,[NULL]
4,"0,1,766,1,1",159,15,[NULL]
5,"799,1,0",159,15,[NULL]
6,"3,1,709,1,0",159,15,[NULL]
0,"18,1,190,1,28",160,14,[NULL]
1,"74,1,197,1,1",160,14,[NULL]
2,"9,1,563,1,1",160,14,[NULL]
3,"1,1,76,1,190,1,1",160,14,[NULL]
4,"0,1,31,1,324,1,1",160,14,[NULL]
5,"800,1,0",160,14,[NULL]
6,"18,1,475,1,0",160,14,[NULL]
0,1099,161,13,[NULL]
1,1098,161,13,[NULL]
2,"2,1,732,1,1",161,13,[NULL]
3,"801,1,0",161,13,[NULL]
4,"39,1,324,1,0",161,13,[NULL]
5,"13,1,69,1,134,1,0",161,13,[NULL]
0,"18,1,367,1,2",162,12,[NULL]
1,"2,1,734,1,1",162,12,[NULL]
2,"40,1,324,1,0",162,12,[NULL]
3,"3,1,712,1,0",162,12,[NULL]
0,1100,163,11,[NULL]
1,"3,1,947",163,11,[NULL]
2,"22,1,324,1,2",163,11,[NULL]
3,"1,1,756,1,1",163,11,[NULL]
4,"0,1,18,1,443,1,1",163,11,[NULL]
5,"2,2,18,1,376,1,0",163,11,[NULL]
0,1103,164,10,[NULL]
1,1102,164,10,[NULL]
2,1101,164,10,[NULL]
3,"3,1,18,1,352,1,1",164,10,[NULL]
4,"0,1,8,1,13,1,324,1,1",164,10,[NULL]
5,"18,1,479,1,0",164,10,[NULL]
6,"1,1,782,1,0",164,10,[NULL]
0,1105,165,9,[NULL]
1,1104,165,9,[NULL]
2,"3,1,948",165,9,[NULL]
3,"18,1,368,1,3",165,9,[NULL]
4,"782,1,1",165,9,[NULL]
5,"802,1,0",165,9,[NULL]
6,"9,1,13,1,324,1,0",165,9,[NULL]
0,1107,166,8,[NULL]
1,1106,166,8,[NULL]
2,"699,1,3",166,8,[NULL]
3,"0,1,18,1,446,1,1",166,8,[NULL]
0,"18,1,341,1,4",167,7,[NULL]
1,"0,1,34,1,324,1,1",167,7,[NULL]
0,"1,1,4,1,18,1,324,1,0",168,6,[NULL]
0,"4,1,18,1,324,1,1",169,5,[NULL]
0,"1,1,758,1,1",117,58,[NULL]
0,"783,1,1",118,57,[NULL]
0,"803,1,0",119,56,[NULL]
0,"804,1,0",120,55,[NULL]
0,"701,1,2",121,54,[NULL]
0,"0,1,8,1,578,1,1",122,53,[NULL]
0,"8,2,431,1,0",123,52,[NULL]
0,"8,1,16,1,296,1,0",124,51,[NULL]
0,"0,1,635,1,6",128,47,[NULL]
0,"805,1,0",129,46,[NULL]
0,"806,1,0",130,45,[NULL]
0,"16,1,403,1,2",131,44,[NULL]
0,"0,1,8,2,402,1,1",132,43,[NULL]
0,"8,2,432,1,0",133,42,[NULL]
0,"8,2,433,1,0",134,41,[NULL]
0,1108,135,40,[NULL]
1,"8,1,17,1,298,1,0",135,40,[NULL]
0,1109,136,39,[NULL]
0,1110,137,38,[NULL]
0,"77,1,236",138,37,[NULL]
0,"244,1,60",139,36,[NULL]
1,"64,1,224,1,0",139,36,[NULL]
0,"343,1,30",140,35,[NULL]
1,"64,1,225,1,0",140,35,[NULL]
0,"257,1,50",141,34,[NULL]
1,"138,2,0",141,34,[NULL]
0,"344,1,30",142,33,[NULL]
1,"807,1,0",142,33,[NULL]
0,"345,1,30",143,32,[NULL]
0,1111,144,31,[NULL]
1,"8,2,160,1,30",144,31,[NULL]
0,1112,145,30,[NULL]
1,"8,1,232,1,30",145,30,[NULL]
0,"64,1,282",146,29,[NULL]
1,"260,1,49",146,29,[NULL]
2,"8,1,233,1,30",146,29,[NULL]
3,"13,5,51,1,0",146,29,[NULL]
4,"5,1,642,1,0",146,29,[NULL]
0,"64,1,283",147,28,[NULL]
1,"260,1,50",147,28,[NULL]
2,"9,1,219,1,30",147,28,[NULL]
3,"642,1,6",147,28,[NULL]
4,"13,5,52,1,0",147,28,[NULL]
0,1113,148,27,[NULL]
1,"79,1,236",148,27,[NULL]
2,"291,1,39",148,27,[NULL]
0,"89,1,216",149,26,[NULL]
1,"316,1,36",149,26,[NULL]
2,"784,1,1",149,26,[NULL]
3,"1,1,5,1,627,1,0",149,26,[NULL]
0,"347,1,30",150,25,[NULL]
1,"346,1,30",150,25,[NULL]
2,"64,1,187,1,2",150,25,[NULL]
3,"13,1,537,1,1",150,25,[NULL]
4,"13,4,105,1,1",150,25,[NULL]
5,"5,1,627,1,1",150,25,[NULL]
6,"810,1,0",150,25,[NULL]
0,"318,1,36",151,24,[NULL]
1,"69,1,138,1,11",151,24,[NULL]
2,"13,1,538,1,1",151,24,[NULL]
3,"9,1,13,2,23,1,75,1,1",151,24,[NULL]
4,"812,1,0",151,24,[NULL]
5,"811,1,0",151,24,[NULL]
6,"13,2,303,1,0",151,24,[NULL]
0,"348,1,30",152,23,[NULL]
1,"4,1,655,1,1",152,23,[NULL]
2,"2,1,737,1,1",152,23,[NULL]
3,"13,3,188,1,0",152,23,[NULL]
4,"1,1,785,1,0",152,23,[NULL]
0,"350,1,30",153,22,[NULL]
1,"785,1,1",153,22,[NULL]
2,"8,1,69,1,147,1,1",153,22,[NULL]
3,"0,1,8,1,582,1,1",153,22,[NULL]
4,"13,3,189,1,0",153,22,[NULL]
5,"1,2,64,1,209,1,0",153,22,[NULL]
0,1114,154,21,[NULL]
1,"13,1,209,1,30",154,21,[NULL]
2,"1,1,64,1,209,1,1",154,21,[NULL]
3,"7,1,627,1,0",154,21,[NULL]
4,"3,1,717,1,0",154,21,[NULL]
0,1115,155,20,[NULL]
1,"13,1,294,1,14",155,20,[NULL]
2,"1,1,760,1,1",155,20,[NULL]
3,"13,3,190,1,0",155,20,[NULL]
4,"8,1,613,1,0",155,20,[NULL]
5,"3,2,628,1,0",155,20,[NULL]
0,1116,156,19,[NULL]
1,"23,1,417,1,1",156,19,[NULL]
2,"1,1,761,1,1",156,19,[NULL]
3,"1,1,786,1,0",156,19,[NULL]
4,"1,1,3,1,691,1,0",156,19,[NULL]
0,"786,1,1",157,18,[NULL]
1,"24,1,417,1,1",157,18,[NULL]
2,"3,1,691,1,1",157,18,[NULL]
3,"1,1,762,1,1",157,18,[NULL]
0,1118,158,17,[NULL]
1,1117,158,17,[NULL]
2,"408,1,28",158,17,[NULL]
3,"1,2,764,1,0",158,17,[NULL]
0,1119,159,16,[NULL]
1,"9,1,569,1,1",159,16,[NULL]
2,"1,1,764,1,1",159,16,[NULL]
3,"1,2,766,1,0",159,16,[NULL]
0,1120,160,15,[NULL]
1,"3,1,958",160,15,[NULL]
2,"1,1,766,1,1",160,15,[NULL]
3,"1,2,31,1,324,1,0",160,15,[NULL]
0,1122,161,14,[NULL]
1,1121,161,14,[NULL]
2,"3,1,961",161,14,[NULL]
3,"70,1,209,1,1",161,14,[NULL]
4,"1,1,31,1,324,1,1",161,14,[NULL]
5,"814,1,0",161,14,[NULL]
0,1127,162,13,[NULL]
1,1126,162,13,[NULL]
2,1125,162,13,[NULL]
3,1124,162,13,[NULL]
4,1123,162,13,[NULL]
5,"3,1,963",162,13,[NULL]
6,"69,1,133,1,14",162,13,[NULL]
7,"787,1,1",162,13,[NULL]
8,"815,1,0",162,13,[NULL]
9,"13,1,565,1,0",162,13,[NULL]
0,1130,163,12,[NULL]
1,1129,163,12,[NULL]
2,1128,163,12,[NULL]
3,"203,1,84",163,12,[NULL]
4,"788,1,1",163,12,[NULL]
5,"817,1,0",163,12,[NULL]
6,"816,1,0",163,12,[NULL]
7,"13,1,566,1,0",163,12,[NULL]
8,"3,1,719,1,0",163,12,[NULL]
9,"1,1,789,1,0",163,12,[NULL]
0,1131,164,11,[NULL]
1,"3,1,965",164,11,[NULL]
2,"18,1,376,1,3",164,11,[NULL]
3,"790,1,1",164,11,[NULL]
4,"789,1,1",164,11,[NULL]
5,"2,1,746,1,1",164,11,[NULL]
6,"7,1,632,1,0",164,11,[NULL]
7,"2,1,773,1,0",164,11,[NULL]
8,"1,1,792,1,0",164,11,[NULL]
0,1132,165,10,[NULL]
1,"7,1,840",165,10,[NULL]
2,"793,1,1",165,10,[NULL]
3,"792,1,1",165,10,[NULL]
4,"791,1,1",165,10,[NULL]
5,"818,1,0",165,10,[NULL]
6,"7,1,633,1,0",165,10,[NULL]
0,1133,166,9,[NULL]
1,"324,1,36",166,9,[NULL]
2,"3,1,696,1,1",166,9,[NULL]
3,"2,2,18,1,368,1,1",166,9,[NULL]
4,"1,2,747,1,1",166,9,[NULL]
5,"3,1,720,1,0",166,9,[NULL]
6,"1,2,18,1,446,1,0",166,9,[NULL]
0,"794,1,1",167,8,[NULL]
1,"1,1,33,1,324,1,1",167,8,[NULL]
2,"1,1,18,1,446,1,1",167,8,[NULL]
3,"1,2,749,1,1",167,8,[NULL]
4,"819,1,0",167,8,[NULL]
5,"1,1,36,1,324,1,0",167,8,[NULL]
0,"36,1,324,1,1",168,7,[NULL]
1,"3,1,699,1,1",168,7,[NULL]
2,"1,1,34,1,324,1,1",168,7,[NULL]
3,"5,1,18,1,324,1,0",168,7,[NULL]
0,"18,1,324,1,6",169,6,[NULL]
1,"1,1,35,1,324,1,1",169,6,[NULL]
2,"1,2,751,1,1",169,6,[NULL]
0,"37,1,324,1,1",170,5,[NULL]
1,"1,2,3,1,18,1,324,1,1",170,5,[NULL]
0,"38,1,324,1,1",171,4,[NULL]
0,1134,125,51,[NULL]
0,1135,126,50,[NULL]
0,"295,1,39",127,49,[NULL]
0,"325,1,36",128,48,[NULL]
1,"1,1,5,1,635,1,0",128,48,[NULL]
0,"8,1,236,1,30",129,47,[NULL]
1,"5,1,635,1,1",129,47,[NULL]
0,"16,1,183,1,30",130,46,[NULL]
0,"17,1,183,1,30",131,45,[NULL]
0,"354,1,30",132,44,[NULL]
0,"8,3,110,1,30",133,43,[NULL]
0,"8,3,111,1,30",134,42,[NULL]
1,"685,1,4",134,42,[NULL]
0,1136,135,41,[NULL]
1,"8,1,16,1,17,1,50,1,30",135,41,[NULL]
0,"8,2,161,1,30",136,40,[NULL]
1,"8,1,595,1,1",136,40,[NULL]
2,"1,1,59,1,224,1,1",136,40,[NULL]
0,"297,1,39",137,39,[NULL]
1,"8,5,31,1,30",137,39,[NULL]
2,"17,1,488,1,1",137,39,[NULL]
0,"8,1,224,1,36",138,38,[NULL]
1,"8,4,16,1,17,1,30",138,38,[NULL]
2,"8,1,596,1,1",138,38,[NULL]
0,"8,1,237,1,30",139,37,[NULL]
1,"8,4,17,2,30",139,37,[NULL]
2,"8,1,597,1,1",139,37,[NULL]
0,"8,1,238,1,30",140,36,[NULL]
1,"8,4,60,1,30",140,36,[NULL]
2,"8,3,257,1,1",140,36,[NULL]
0,1137,141,35,[NULL]
1,"17,1,185,1,30",141,35,[NULL]
2,"8,6,13,1,30",141,35,[NULL]
3,"8,2,17,1,206,1,1",141,35,[NULL]
0,"8,2,16,1,64,1,36",142,34,[NULL]
1,"8,5,32,1,30",142,34,[NULL]
2,"16,1,491,1,1",142,34,[NULL]
3,"8,3,258,1,1",142,34,[NULL]
0,"31,1,461",143,33,[NULL]
1,"8,3,112,1,30",143,33,[NULL]
2,"8,4,13,1,23,1,30",143,33,[NULL]
3,"17,1,491,1,1",143,33,[NULL]
4,"8,3,259,1,1",143,33,[NULL]
0,"17,1,643",144,32,[NULL]
1,"8,3,113,1,30",144,32,[NULL]
2,"8,3,13,1,51,1,30",144,32,[NULL]
3,"8,1,516,1,4",144,32,[NULL]
4,"8,4,180,1,1",144,32,[NULL]
5,"1,1,795,1,0",144,32,[NULL]
0,"64,1,291",145,31,[NULL]
1,"8,2,162,1,30",145,31,[NULL]
2,"8,2,13,4,30",145,31,[NULL]
3,"17,1,380,1,4",145,31,[NULL]
4,"796,1,1",145,31,[NULL]
5,"795,1,1",145,31,[NULL]
6,"8,3,9,1,167,1,1",145,31,[NULL]
0,"8,1,17,1,399",146,30,[NULL]
1,"8,1,23,1,113,1,30",146,30,[NULL]
2,"8,1,13,3,32,1,30",146,30,[NULL]
3,"8,1,64,1,149,1,1",146,30,[NULL]
4,"8,2,9,1,248,1,1",146,30,[NULL]
5,"8,3,260,1,1",146,30,[NULL]
0,"64,2,39",147,29,[NULL]
1,"13,4,23,1,30",147,29,[NULL]
2,"8,2,9,1,101,1,30",147,29,[NULL]
3,"0,1,642,1,6",147,29,[NULL]
4,"8,1,598,1,1",147,29,[NULL]
5,"8,1,16,1,292,1,1",147,29,[NULL]
6,"8,1,9,1,13,1,219,1,1",147,29,[NULL]
0,"64,1,72,1,36",148,28,[NULL]
1,"8,1,9,1,13,1,80,1,30",148,28,[NULL]
2,"13,4,51,1,14",148,28,[NULL]
3,"9,1,13,2,194,1,1",148,28,[NULL]
4,"8,1,599,1,1",148,28,[NULL]
5,"8,1,17,1,292,1,1",148,28,[NULL]
6,"820,1,0",148,28,[NULL]
0,"16,1,187,1,30",149,27,[NULL]
1,"9,1,23,1,101,1,30",149,27,[NULL]
2,"8,1,602,1,1",149,27,[NULL]
3,"8,2,420,1,1",149,27,[NULL]
0,"16,1,188,1,30",150,26,[NULL]
1,"8,1,13,1,346,1,1",150,26,[NULL]
2,"8,2,16,1,209,1,1",150,26,[NULL]
0,"13,1,721",151,25,[NULL]
1,"13,2,51,1,107",151,25,[NULL]
2,"17,1,188,1,30",151,25,[NULL]
3,"13,2,292,1,1",151,25,[NULL]
4,"8,2,17,1,209,1,1",151,25,[NULL]
0,"9,1,212,1,36",152,24,[NULL]
1,"357,1,30",152,24,[NULL]
2,"13,3,67,1,28",152,24,[NULL]
3,"797,1,1",152,24,[NULL]
4,"8,3,261,1,1",152,24,[NULL]
5,"1,1,779,1,1",152,24,[NULL]
6,"13,3,23,1,75,1,0",152,24,[NULL]
0,1138,153,23,[NULL]
1,"2,1,1044",153,23,[NULL]
2,"13,1,212,1,30",153,23,[NULL]
3,"13,1,303,1,14",153,23,[NULL]
4,"8,2,423,1,1",153,23,[NULL]
5,"13,3,23,1,76,1,0",153,23,[NULL]
0,"8,1,815",154,22,[NULL]
1,"13,2,188,1,14",154,22,[NULL]
2,"690,1,4",154,22,[NULL]
3,"8,1,13,2,209,1,1",154,22,[NULL]
0,"9,1,769",155,21,[NULL]
1,"13,2,294,1,1",155,21,[NULL]
0,1139,156,20,[NULL]
1,"359,1,33",156,20,[NULL]
2,"13,1,213,1,30",156,20,[NULL]
3,"72,1,209,1,1",156,20,[NULL]
4,"13,3,181,1,1",156,20,[NULL]
0,"188,1,107",157,19,[NULL]
1,"195,1,98",157,19,[NULL]
2,"13,2,190,1,14",157,19,[NULL]
3,"604,1,8",157,19,[NULL]
4,"798,1,1",157,19,[NULL]
5,"822,1,0",157,19,[NULL]
0,1140,158,18,[NULL]
1,"3,1,978",158,18,[NULL]
2,"417,1,28",158,18,[NULL]
3,"823,1,0",158,18,[NULL]
4,"75,1,212,1,0",158,18,[NULL]
0,"3,1,979",159,17,[NULL]
1,"333,1,36",159,17,[NULL]
2,"3,1,707,1,1",159,17,[NULL]
3,"1,1,781,1,1",159,17,[NULL]
4,"76,1,212,1,0",159,17,[NULL]
5,"18,1,494,1,0",159,17,[NULL]
0,1141,160,16,[NULL]
1,"190,1,107",160,16,[NULL]
2,"363,1,33",160,16,[NULL]
3,"366,1,30",160,16,[NULL]
4,"386,1,29",160,16,[NULL]
5,"1,1,3,1,680,1,1",160,16,[NULL]
6,"107,1,174,1,0",160,16,[NULL]
7,"41,1,324,1,0",160,16,[NULL]
8,"13,1,569,1,0",160,16,[NULL]
0,"197,1,98",161,15,[NULL]
1,"324,1,37",161,15,[NULL]
2,"367,1,30",161,15,[NULL]
3,"389,1,29",161,15,[NULL]
4,"799,1,1",161,15,[NULL]
5,"3,1,709,1,1",161,15,[NULL]
6,"825,1,0",161,15,[NULL]
7,"824,1,0",161,15,[NULL]
8,"75,1,213,1,0",161,15,[NULL]
9,"13,1,570,1,0",161,15,[NULL]
0,"800,1,1",162,14,[NULL]
1,"18,1,475,1,1",162,14,[NULL]
2,"0,1,787,1,1",162,14,[NULL]
3,"76,1,213,1,0",162,14,[NULL]
4,"3,1,731,1,0",162,14,[NULL]
5,"3,1,730,1,0",162,14,[NULL]
6,"2,2,732,1,0",162,14,[NULL]
0,1142,163,13,[NULL]
1,"563,1,14",163,13,[NULL]
2,"801,1,1",163,13,[NULL]
3,"40,1,69,2,1",163,13,[NULL]
4,"39,1,324,1,1",163,13,[NULL]
5,"13,1,69,1,134,1,1",163,13,[NULL]
6,"0,1,788,1,1",163,13,[NULL]
7,"3,1,732,1,0",163,13,[NULL]
8,"2,2,734,1,0",163,13,[NULL]
0,1143,164,12,[NULL]
1,"445,1,24",164,12,[NULL]
2,"18,1,366,1,4",164,12,[NULL]
3,"40,1,324,1,1",164,12,[NULL]
4,"3,1,712,1,1",164,12,[NULL]
5,"0,1,789,1,1",164,12,[NULL]
6,"826,1,0",164,12,[NULL]
7,"3,1,735,1,0",164,12,[NULL]
8,"3,1,734,1,0",164,12,[NULL]
0,"92,1,227",165,11,[NULL]
1,"163,1,127",165,11,[NULL]
2,"18,1,367,1,4",165,11,[NULL]
3,"8,2,324,1,4",165,11,[NULL]
4,"2,2,18,1,376,1,1",165,11,[NULL]
5,"0,1,793,1,1",165,11,[NULL]
6,"827,1,0",165,11,[NULL]
0,"7,1,849",166,10,[NULL]
1,"22,1,324,1,4",166,10,[NULL]
2,"18,1,479,1,1",166,10,[NULL]
3,"1,1,782,1,1",166,10,[NULL]
4,"828,1,0",166,10,[NULL]
5,"1,1,802,1,0",166,10,[NULL]
0,1144,167,9,[NULL]
1,"660,1,6",167,9,[NULL]
2,"698,1,4",167,9,[NULL]
3,"24,1,69,2,4",167,9,[NULL]
4,"18,1,368,1,4",167,9,[NULL]
5,"802,1,1",167,9,[NULL]
6,"9,1,13,1,324,1,1",167,9,[NULL]
0,1146,168,8,[NULL]
1,1145,168,8,[NULL]
2,"7,1,850",168,8,[NULL]
3,"699,1,4",168,8,[NULL]
4,"24,1,324,1,4",168,8,[NULL]
5,"0,1,36,1,324,1,1",168,8,[NULL]
0,"0,1,18,1,324,1,6",169,7,[NULL]
1,"25,1,324,1,4",169,7,[NULL]
2,"3,1,18,1,378,1,1",169,7,[NULL]
0,1147,170,6,[NULL]
1,"1,1,4,1,18,1,324,1,1",170,6,[NULL]
2,"0,1,37,1,324,1,1",170,6,[NULL]
0,"2,1,18,1,324,1,4",171,5,[NULL]
0,"1,1,803,1,0",120,57,[NULL]
0,"803,1,1",121,56,[NULL]
0,"804,1,1",122,55,[NULL]
0,"700,1,4",123,54,[NULL]
0,"701,1,4",124,53,[NULL]
0,"8,2,431,1,1",125,52,[NULL]
0,"8,1,16,1,296,1,1",126,51,[NULL]
0,"8,1,17,1,296,1,1",127,50,[NULL]
0,"8,1,607,1,1",128,49,[NULL]
0,"8,4,182,1,1",129,48,[NULL]
0,"8,4,183,1,1",130,47,[NULL]
0,"805,1,1",131,46,[NULL]
1,"8,2,16,1,17,1,111,1,1",131,46,[NULL]
0,"806,1,1",132,45,[NULL]
1,"8,3,265,1,1",132,45,[NULL]
0,"685,1,5",133,44,[NULL]
1,"16,1,402,1,4",133,44,[NULL]
2,"8,6,71,1,1",133,44,[NULL]
0,"16,1,403,1,4",134,43,[NULL]
1,"722,1,2",134,43,[NULL]
2,"8,5,16,1,50,1,1",134,43,[NULL]
0,"722,1,3",135,42,[NULL]
1,"8,2,432,1,1",135,42,[NULL]
2,"8,5,17,1,50,1,1",135,42,[NULL]
0,"8,2,433,1,1",136,41,[NULL]
1,"8,5,125,1,1",136,41,[NULL]
2,"829,1,0",136,41,[NULL]
0,"8,1,17,1,298,1,1",137,40,[NULL]
1,"8,8,16,1,1",137,40,[NULL]
0,"17,2,238,1,1",138,39,[NULL]
1,"8,8,17,1,1",138,39,[NULL]
0,"8,4,184,1,1",139,38,[NULL]
1,"8,6,16,1,23,1,1",139,38,[NULL]
0,"725,1,2",140,37,[NULL]
1,"8,4,185,1,1",140,37,[NULL]
2,"8,7,42,1,1",140,37,[NULL]
3,"1,1,64,1,224,1,0",140,37,[NULL]
0,"725,1,3",141,36,[NULL]
1,"64,1,224,1,1",141,36,[NULL]
2,"8,3,17,1,147,1,1",141,36,[NULL]
3,"8,7,13,2,1",141,36,[NULL]
0,"64,1,225,1,1",142,35,[NULL]
1,"8,2,17,2,113,1,1",142,35,[NULL]
2,"8,6,13,1,32,1,1",142,35,[NULL]
3,"0,1,16,1,491,1,1",142,35,[NULL]
0,"138,2,1",143,34,[NULL]
1,"8,5,13,2,23,1,1",143,34,[NULL]
2,"8,6,72,1,1",143,34,[NULL]
3,"8,1,623,1,0",143,34,[NULL]
4,"1,1,807,1,0",143,34,[NULL]
0,"809,1,1",144,33,[NULL]
1,"808,1,1",144,33,[NULL]
2,"807,1,1",144,33,[NULL]
3,"8,4,13,2,51,1,1",144,33,[NULL]
4,"8,5,127,1,1",144,33,[NULL]
5,"17,1,516,1,0",144,33,[NULL]
0,"8,1,17,1,260,1,2",145,32,[NULL]
1,"8,1,16,1,64,2,1",145,32,[NULL]
2,"8,3,13,5,1",145,32,[NULL]
3,"8,4,20,1,80,1,1",145,32,[NULL]
4,"830,1,0",145,32,[NULL]
0,"8,1,16,1,299,1,1",146,31,[NULL]
1,"8,2,13,4,32,1,1",146,31,[NULL]
2,"8,4,186,1,1",146,31,[NULL]
3,"0,1,8,3,260,1,1",146,31,[NULL]
0,"8,1,13,5,23,1,1",147,30,[NULL]
1,"8,2,434,1,1",147,30,[NULL]
2,"8,3,9,1,13,1,101,1,1",147,30,[NULL]
3,"8,3,278,1,0",147,30,[NULL]
4,"1,1,5,1,642,1,0",147,30,[NULL]
0,"13,5,51,1,1",148,29,[NULL]
1,"8,2,435,1,1",148,29,[NULL]
2,"8,2,9,1,13,2,80,1,1",148,29,[NULL]
3,"5,1,642,1,1",148,29,[NULL]
0,1148,149,28,[NULL]
1,"13,5,52,1,1",149,28,[NULL]
2,"8,1,9,1,13,1,23,1,101,1,1",149,28,[NULL]
3,"8,4,187,1,1",149,28,[NULL]
4,"13,3,194,1,0",149,28,[NULL]
0,1149,150,27,[NULL]
1,"9,1,13,2,23,1,80,1,1",150,27,[NULL]
2,"8,4,188,1,1",150,27,[NULL]
3,"13,2,23,1,150,1,0",150,27,[NULL]
0,"2,1,1068",151,26,[NULL]
1,"8,3,267,1,1",151,26,[NULL]
2,"1,1,5,1,627,1,1",151,26,[NULL]
0,"810,1,1",152,25,[NULL]
1,"8,2,23,1,188,1,1",152,25,[NULL]
2,"0,1,797,1,1",152,25,[NULL]
0,"13,2,133,1,30",153,24,[NULL]
1,"812,1,1",153,24,[NULL]
2,"811,1,1",153,24,[NULL]
3,"13,2,303,1,1",153,24,[NULL]
4,"8,1,13,2,212,1,1",153,24,[NULL]
5,"8,1,627,1,0",153,24,[NULL]
0,"13,2,23,1,75,1,14",154,23,[NULL]
1,"0,1,690,1,4",154,23,[NULL]
2,"813,1,1",154,23,[NULL]
3,"13,3,188,1,1",154,23,[NULL]
4,"9,1,13,1,328,1,1",154,23,[NULL]
5,"1,1,785,1,1",154,23,[NULL]
6,"832,1,0",154,23,[NULL]
0,"2,1,1071",155,22,[NULL]
1,"188,1,110",155,22,[NULL]
2,"703,1,4",155,22,[NULL]
3,"13,3,189,1,1",155,22,[NULL]
4,"8,1,610,1,1",155,22,[NULL]
5,"1,2,64,1,209,1,1",155,22,[NULL]
0,"80,1,201,1,1",156,21,[NULL]
1,"7,1,627,1,1",156,21,[NULL]
2,"3,1,717,1,1",156,21,[NULL]
3,"834,1,0",156,21,[NULL]
4,"833,1,0",156,21,[NULL]
0,"423,1,28",157,20,[NULL]
1,"13,3,190,1,1",157,20,[NULL]
2,"8,1,613,1,1",157,20,[NULL]
3,"3,2,628,1,1",157,20,[NULL]
4,"79,1,209,1,0",157,20,[NULL]
0,"286,1,47",158,19,[NULL]
1,"629,1,7",158,19,[NULL]
2,"9,1,13,1,331,1,1",158,19,[NULL]
3,"1,1,786,1,1",158,19,[NULL]
4,"1,1,3,1,691,1,1",158,19,[NULL]
5,"80,1,209,1,0",158,19,[NULL]
6,"64,1,235,1,0",158,19,[NULL]
0,1150,159,18,[NULL]
1,"287,1,47",159,18,[NULL]
2,"8,1,534,1,4",159,18,[NULL]
3,"3,2,629,1,1",159,18,[NULL]
4,"0,1,3,1,707,1,1",159,18,[NULL]
5,"836,1,0",159,18,[NULL]
6,"835,1,0",159,18,[NULL]
7,"3,2,648,1,0",159,18,[NULL]
0,"18,1,631",160,17,[NULL]
1,"212,1,84",160,17,[NULL]
2,"324,1,38",160,17,[NULL]
3,"8,2,443,1,1",160,17,[NULL]
4,"2,1,763,1,1",160,17,[NULL]
5,"1,2,764,1,1",160,17,[NULL]
6,"839,1,0",160,17,[NULL]
7,"838,1,0",160,17,[NULL]
0,"189,1,113",161,16,[NULL]
1,"0,1,324,1,37",161,16,[NULL]
2,"373,1,30",161,16,[NULL]
3,"8,2,445,1,1",161,16,[NULL]
4,"1,2,766,1,1",161,16,[NULL]
5,"840,1,0",161,16,[NULL]
0,"288,1,47",162,15,[NULL]
1,"569,1,14",162,15,[NULL]
2,"1,1,70,1,209,1,1",162,15,[NULL]
3,"1,2,31,1,324,1,1",162,15,[NULL]
4,"0,1,18,1,475,1,1",162,15,[NULL]
5,"841,1,0",162,15,[NULL]
0,"213,1,84",163,14,[NULL]
1,"732,1,3",163,14,[NULL]
2,"814,1,1",163,14,[NULL]
3,"0,1,39,1,324,1,1",163,14,[NULL]
4,"844,1,0",163,14,[NULL]
5,"843,1,0",163,14,[NULL]
6,"842,1,0",163,14,[NULL]
7,"18,1,502,1,0",163,14,[NULL]
0,1153,164,13,[NULL]
1,1152,164,13,[NULL]
2,1151,164,13,[NULL]
3,"69,1,95,1,28",164,13,[NULL]
4,"734,1,3",164,13,[NULL]
5,"815,1,1",164,13,[NULL]
6,"13,1,565,1,1",164,13,[NULL]
7,"845,1,0",164,13,[NULL]
8,"8,1,16,1,324,1,0",164,13,[NULL]
9,"1,1,3,1,719,1,0",164,13,[NULL]
0,1154,165,12,[NULL]
1,"714,1,4",165,12,[NULL]
2,"18,1,373,1,4",165,12,[NULL]
3,"18,1,415,1,2",165,12,[NULL]
4,"817,1,1",165,12,[NULL]
5,"816,1,1",165,12,[NULL]
6,"13,1,566,1,1",165,12,[NULL]
7,"3,1,719,1,1",165,12,[NULL]
8,"1,1,789,1,1",165,12,[NULL]
9,"8,1,17,1,324,1,0",165,12,[NULL]
10,"1,1,7,1,632,1,0",165,12,[NULL]
0,1155,166,11,[NULL]
1,"3,1,997",166,11,[NULL]
2,"18,1,376,1,4",166,11,[NULL]
3,"29,1,324,1,2",166,11,[NULL]
4,"7,1,632,1,1",166,11,[NULL]
5,"2,1,773,1,1",166,11,[NULL]
6,"1,1,792,1,1",166,11,[NULL]
7,"0,1,18,1,479,1,1",166,11,[NULL]
8,"1,1,7,1,633,1,0",166,11,[NULL]
0,"818,1,1",167,10,[NULL]
1,"7,1,633,1,1",167,10,[NULL]
2,"0,1,802,1,1",167,10,[NULL]
3,"846,1,0",167,10,[NULL]
4,"42,1,324,1,0",167,10,[NULL]
5,"18,1,504,1,0",167,10,[NULL]
0,"3,1,720,1,1",168,9,[NULL]
1,"1,2,18,1,446,1,1",168,9,[NULL]
2,"847,1,0",168,9,[NULL]
3,"13,2,324,1,0",168,9,[NULL]
4,"1,1,819,1,0",168,9,[NULL]
0,"819,1,1",169,8,[NULL]
1,"1,1,36,1,324,1,1",169,8,[NULL]
2,"848,1,0",169,8,[NULL]
3,"1,1,5,1,18,1,324,1,0",169,8,[NULL]
0,"5,1,18,1,324,1,1",170,7,[NULL]
1,"3,1,749,1,0",170,7,[NULL]
0,"18,1,506,1,0",171,6,[NULL]
1,"3,1,750,1,0",171,6,[NULL]
0,"43,1,324,1,0",172,5,[NULL]
1,"3,1,751,1,0",172,5,[NULL]
0,"849,1,0",173,4,[NULL]
1,"3,2,18,1,324,1,0",173,4,[NULL]
0,"850,1,0",174,3,[NULL]
0,1156,119,59,[NULL]
0,1157,120,58,[NULL]
0,"0,1,803,1,1",121,57,[NULL]
0,"851,1,0",122,56,[NULL]
0,"852,1,0",123,55,[NULL]
0,"8,1,554,1,2",124,54,[NULL]
0,"0,1,8,2,431,1,1",125,53,[NULL]
0,"8,2,469,1,0",126,52,[NULL]
0,"1,1,5,1,635,1,1",130,48,[NULL]
0,"0,1,805,1,1",131,47,[NULL]
0,"8,1,635,1,0",132,46,[NULL]
0,"8,1,636,1,0",133,45,[NULL]
0,"8,1,556,1,2",134,44,[NULL]
0,"0,1,8,2,432,1,1",135,43,[NULL]
0,"8,2,16,1,224,1,0",136,42,[NULL]
0,1158,137,41,[NULL]
1,"8,2,16,1,225,1,0",137,41,[NULL]
0,1159,138,40,[NULL]
0,"110,1,203",139,39,[NULL]
0,"111,1,203",140,38,[NULL]
0,"244,1,72",141,37,[NULL]
1,"0,1,64,1,224,1,1",141,37,[NULL]
0,"343,1,36",142,36,[NULL]
1,"64,1,237,1,0",142,36,[NULL]
0,"8,1,244,1,30",143,35,[NULL]
1,"64,1,238,1,0",143,35,[NULL]
0,"344,1,36",144,34,[NULL]
1,"8,1,637,1,0",144,34,[NULL]
0,"8,1,245,1,30",145,33,[NULL]
0,"8,1,247,1,30",146,32,[NULL]
1,"1,1,795,1,1",146,32,[NULL]
0,1160,147,31,[NULL]
1,"8,2,166,1,30",147,31,[NULL]
0,"64,1,301",148,30,[NULL]
1,"260,1,60",148,30,[NULL]
2,"8,2,167,1,30",148,30,[NULL]
0,"112,1,203",149,29,[NULL]
1,"380,1,30",149,29,[NULL]
2,"8,1,248,1,30",149,29,[NULL]
0,"113,1,203",150,28,[NULL]
1,"278,1,50",150,28,[NULL]
2,"13,1,219,1,30",150,28,[NULL]
3,"13,4,32,1,28",150,28,[NULL]
4,"820,1,1",150,28,[NULL]
0,"89,1,236",151,27,[NULL]
1,"316,1,39",151,27,[NULL]
2,"13,2,194,1,14",151,27,[NULL]
3,"821,1,1",151,27,[NULL]
4,"13,3,23,1,80,1,0",151,27,[NULL]
0,"347,1,36",152,26,[NULL]
1,"346,1,36",152,26,[NULL]
2,"64,1,187,1,5",152,26,[NULL]
3,"0,1,810,1,1",152,26,[NULL]
0,"382,1,30",153,25,[NULL]
1,"1,1,797,1,1",153,25,[NULL]
2,"0,1,812,1,1",153,25,[NULL]
3,"853,1,0",153,25,[NULL]
0,"194,1,107",154,24,[NULL]
1,"383,1,30",154,24,[NULL]
2,"69,1,185,1,4",154,24,[NULL]
3,"13,3,23,1,75,1,1",154,24,[NULL]
0,"266,1,58",155,23,[NULL]
1,"8,1,250,1,30",155,23,[NULL]
2,"13,3,23,1,76,1,1",155,23,[NULL]
3,"856,1,0",155,23,[NULL]
4,"13,2,328,1,0",155,23,[NULL]
0,"384,1,30",156,22,[NULL]
1,"23,1,188,1,28",156,22,[NULL]
2,"0,1,7,1,627,1,1",156,22,[NULL]
3,"13,1,581,1,0",156,22,[NULL]
0,1161,157,21,[NULL]
1,"64,1,306",157,21,[NULL]
2,"80,1,212,1,0",157,21,[NULL]
3,"7,1,655,1,0",157,21,[NULL]
0,1163,158,20,[NULL]
1,1162,158,20,[NULL]
2,"13,2,423",158,20,[NULL]
3,"1,1,798,1,1",158,20,[NULL]
4,"857,1,0",158,20,[NULL]
0,1165,159,19,[NULL]
1,1164,159,19,[NULL]
2,"23,1,190,1,28",159,19,[NULL]
3,"822,1,1",159,19,[NULL]
4,"64,1,239,1,0",159,19,[NULL]
5,"13,2,331,1,0",159,19,[NULL]
0,1166,160,18,[NULL]
1,"823,1,1",160,18,[NULL]
2,"75,1,212,1,1",160,18,[NULL]
3,"13,2,332,1,0",160,18,[NULL]
4,"1,1,18,1,494,1,0",160,18,[NULL]
0,1167,161,17,[NULL]
1,"43,1,422",161,17,[NULL]
2,"107,1,215",161,17,[NULL]
3,"76,1,212,1,1",161,17,[NULL]
4,"18,1,494,1,1",161,17,[NULL]
5,"1,1,41,1,324,1,0",161,17,[NULL]
0,1171,162,16,[NULL]
1,1170,162,16,[NULL]
2,1169,162,16,[NULL]
3,1168,162,16,[NULL]
4,"3,1,1012",162,16,[NULL]
5,"107,1,174,1,1",162,16,[NULL]
6,"41,1,324,1,1",162,16,[NULL]
7,"13,1,569,1,1",162,16,[NULL]
8,"1,1,825,1,0",162,16,[NULL]
0,1172,163,15,[NULL]
1,"3,1,1016",163,15,[NULL]
2,"3,1,1014",163,15,[NULL]
3,"36,1,468",163,15,[NULL]
4,"825,1,1",163,15,[NULL]
5,"824,1,1",163,15,[NULL]
6,"75,1,213,1,1",163,15,[NULL]
7,"13,1,570,1,1",163,15,[NULL]
8,"0,1,814,1,1",163,15,[NULL]
0,1173,164,14,[NULL]
1,"2,1,1098",164,14,[NULL]
2,"203,1,98",164,14,[NULL]
3,"76,1,213,1,1",164,14,[NULL]
4,"3,1,731,1,1",164,14,[NULL]
5,"3,1,730,1,1",164,14,[NULL]
6,"2,2,732,1,1",164,14,[NULL]
7,"0,1,815,1,1",164,14,[NULL]
8,"3,1,76,1,190,1,0",164,14,[NULL]
9,"1,1,3,1,732,1,0",164,14,[NULL]
0,1174,165,13,[NULL]
1,"3,1,1021",165,13,[NULL]
2,"445,1,28",165,13,[NULL]
3,"3,1,732,1,1",165,13,[NULL]
4,"2,2,734,1,1",165,13,[NULL]
5,"0,1,817,1,1",165,13,[NULL]
6,"0,1,3,1,719,1,1",165,13,[NULL]
7,"859,1,0",165,13,[NULL]
8,"858,1,0",165,13,[NULL]
9,"43,1,333,1,0",165,13,[NULL]
10,"1,1,826,1,0",165,13,[NULL]
0,1177,166,12,[NULL]
1,1176,166,12,[NULL]
2,1175,166,12,[NULL]
3,"826,1,1",166,12,[NULL]
4,"3,1,735,1,1",166,12,[NULL]
5,"3,1,734,1,1",166,12,[NULL]
6,"861,1,0",166,12,[NULL]
7,"860,1,0",166,12,[NULL]
8,"3,1,755,1,0",166,12,[NULL]
0,1178,167,11,[NULL]
1,"2,1,1102",167,11,[NULL]
2,"397,1,33",167,11,[NULL]
3,"827,1,1",167,11,[NULL]
4,"3,1,757,1,0",167,11,[NULL]
5,"3,1,756,1,0",167,11,[NULL]
0,"324,1,39",168,10,[NULL]
1,"828,1,1",168,10,[NULL]
2,"1,1,802,1,1",168,10,[NULL]
0,1179,169,9,[NULL]
1,"324,1,40",169,9,[NULL]
0,"3,1,18,1,533",170,8,[NULL]
1,"13,1,324,1,14",170,8,[NULL]
0,"3,1,324,1,29",171,7,[NULL]
0,"324,1,41",172,6,[NULL]
0,"1,2,803,1,0",121,58,[NULL]
0,"1,1,803,1,1",122,57,[NULL]
0,1180,127,52,[NULL]
0,1181,128,51,[NULL]
0,1182,129,50,[NULL]
0,"325,1,39",130,49,[NULL]
0,"8,1,236,1,36",131,48,[NULL]
0,"8,1,252,1,30",132,47,[NULL]
0,"8,1,253,1,30",133,46,[NULL]
0,"17,1,200,1,30",134,45,[NULL]
1,"5,1,685,1,0",134,45,[NULL]
0,"401,1,30",135,44,[NULL]
1,"685,1,6",135,44,[NULL]
0,1183,136,43,[NULL]
1,"8,3,116,1,30",136,43,[NULL]
0,"8,3,117,1,30",137,42,[NULL]
1,"722,1,4",137,42,[NULL]
2,"1,1,829,1,0",137,42,[NULL]
0,"402,1,30",138,41,[NULL]
1,"8,2,17,1,78,1,30",138,41,[NULL]
2,"452,1,26",138,41,[NULL]
3,"829,1,1",138,41,[NULL]
0,"403,1,30",139,40,[NULL]
1,"8,2,171,1,30",139,40,[NULL]
2,"8,2,452,1,1",139,40,[NULL]
0,"8,1,224,1,39",140,39,[NULL]
1,"8,5,39,1,30",140,39,[NULL]
2,"16,1,17,1,244,1,1",140,39,[NULL]
0,"8,1,237,1,36",141,38,[NULL]
1,"8,5,40,1,30",141,38,[NULL]
2,"8,1,31,1,245,1,1",141,38,[NULL]
3,"1,2,64,1,224,1,0",141,38,[NULL]
0,"8,1,16,1,137,1,30",142,37,[NULL]
1,"8,4,17,1,20,1,30",142,37,[NULL]
2,"8,2,453,1,1",142,37,[NULL]
3,"1,1,64,1,224,1,1",142,37,[NULL]
0,"8,1,16,1,138,1,30",143,36,[NULL]
1,"8,4,63,1,30",143,36,[NULL]
2,"725,1,4",143,36,[NULL]
3,"8,3,16,1,149,1,1",143,36,[NULL]
0,1184,144,35,[NULL]
1,"8,1,17,1,138,1,30",144,35,[NULL]
2,"8,5,9,1,13,1,30",144,35,[NULL]
3,"8,3,17,1,149,1,1",144,35,[NULL]
0,"42,1,137,1,30",145,34,[NULL]
1,"8,4,9,1,32,1,30",145,34,[NULL]
2,"8,1,623,1,1",145,34,[NULL]
3,"8,3,277,1,1",145,34,[NULL]
4,"1,1,807,1,1",145,34,[NULL]
0,"39,1,461",146,33,[NULL]
1,"8,3,9,1,13,1,23,1,30",146,33,[NULL]
2,"8,4,64,1,30",146,33,[NULL]
3,"17,1,516,1,1",146,33,[NULL]
4,"8,4,193,1,1",146,33,[NULL]
0,"40,1,461",147,32,[NULL]
1,"8,2,9,1,13,1,51,1,30",147,32,[NULL]
2,"8,3,118,1,30",147,32,[NULL]
3,"8,1,16,1,260,1,4",147,32,[NULL]
4,"830,1,1",147,32,[NULL]
5,"8,4,194,1,1",147,32,[NULL]
0,"112,1,211",148,31,[NULL]
1,"8,1,9,1,13,4,30",148,31,[NULL]
2,"8,2,17,1,80,1,30",148,31,[NULL]
3,"8,1,17,1,260,1,4",148,31,[NULL]
4,"831,1,1",148,31,[NULL]
5,"8,3,13,1,167,1,1",148,31,[NULL]
0,"113,1,211",149,30,[NULL]
1,"9,1,13,3,32,1,30",149,30,[NULL]
2,"8,2,173,1,30",149,30,[NULL]
3,"8,1,64,1,160,1,1",149,30,[NULL]
4,"8,2,13,1,248,1,1",149,30,[NULL]
5,"8,3,278,1,1",149,30,[NULL]
6,"1,1,5,1,642,1,1",149,30,[NULL]
0,"404,1,30",150,29,[NULL]
1,"8,2,13,1,101,1,30",150,29,[NULL]
2,"8,1,624,1,1",150,29,[NULL]
3,"8,1,13,2,219,1,1",150,29,[NULL]
4,"8,2,454,1,1",150,29,[NULL]
5,"862,1,0",150,29,[NULL]
0,"16,1,187,1,36",151,28,[NULL]
1,"8,1,13,2,80,1,30",151,28,[NULL]
2,"13,3,194,1,1",151,28,[NULL]
3,"8,1,20,1,292,1,1",151,28,[NULL]
4,"8,2,455,1,1",151,28,[NULL]
0,"13,1,23,1,101,1,30",152,27,[NULL]
1,"8,1,254,1,30",152,27,[NULL]
2,"13,2,23,1,150,1,1",152,27,[NULL]
3,"8,1,625,1,1",152,27,[NULL]
4,"8,1,9,1,420,1,1",152,27,[NULL]
5,"864,1,0",152,27,[NULL]
0,1185,153,26,[NULL]
1,"8,1,255,1,30",153,26,[NULL]
2,"9,1,13,1,346,1,1",153,26,[NULL]
3,"8,3,279,1,1",153,26,[NULL]
4,"13,1,585,1,0",153,26,[NULL]
5,"13,3,23,1,83,1,0",153,26,[NULL]
0,1187,154,25,[NULL]
1,1186,154,25,[NULL]
2,"20,1,188,1,30",154,25,[NULL]
3,"8,3,280,1,1",154,25,[NULL]
4,"1,1,8,1,627,1,0",154,25,[NULL]
0,1188,155,24,[NULL]
1,"13,1,212,1,36",155,24,[NULL]
2,"8,1,627,1,1",155,24,[NULL]
3,"8,2,9,1,261,1,1",155,24,[NULL]
0,"8,1,856",156,23,[NULL]
1,"328,1,40",156,23,[NULL]
2,"13,3,75,1,28",156,23,[NULL]
3,"627,1,8",156,23,[NULL]
4,"832,1,1",156,23,[NULL]
5,"8,1,9,1,423,1,1",156,23,[NULL]
0,1190,157,22,[NULL]
1,1189,157,22,[NULL]
2,"9,1,815",157,22,[NULL]
3,"13,1,328,1,14",157,22,[NULL]
4,"9,1,13,2,209,1,1",157,22,[NULL]
5,"1,1,834,1,0",157,22,[NULL]
0,"13,1,769",158,21,[NULL]
1,"693,1,6",158,21,[NULL]
2,"834,1,1",158,21,[NULL]
3,"833,1,1",158,21,[NULL]
0,1191,159,20,[NULL]
1,"79,1,209,1,1",159,20,[NULL]
2,"13,2,335,1,0",159,20,[NULL]
0,1192,160,19,[NULL]
1,"408,1,30",160,19,[NULL]
2,"629,1,8",160,19,[NULL]
3,"648,1,7",160,19,[NULL]
4,"80,1,209,1,1",160,19,[NULL]
5,"64,1,235,1,1",160,19,[NULL]
6,"1,1,836,1,0",160,19,[NULL]
0,"333,1,39",161,18,[NULL]
1,"13,1,331,1,14",161,18,[NULL]
2,"630,1,8",161,18,[NULL]
3,"837,1,1",161,18,[NULL]
4,"836,1,1",161,18,[NULL]
5,"835,1,1",161,18,[NULL]
6,"3,2,648,1,1",161,18,[NULL]
7,"865,1,0",161,18,[NULL]
8,"44,1,324,1,0",161,18,[NULL]
9,"1,1,838,1,0",161,18,[NULL]
0,1193,162,17,[NULL]
1,"324,1,42",162,17,[NULL]
2,"366,1,36",162,17,[NULL]
3,"839,1,1",162,17,[NULL]
4,"838,1,1",162,17,[NULL]
5,"866,1,0",162,17,[NULL]
6,"3,1,763,1,0",162,17,[NULL]
0,"414,1,30",163,16,[NULL]
1,"840,1,1",163,16,[NULL]
2,"0,1,825,1,1",163,16,[NULL]
3,"3,1,764,1,0",163,16,[NULL]
0,1194,164,15,[NULL]
1,"18,1,652",164,15,[NULL]
2,"450,1,28",164,15,[NULL]
3,"841,1,1",164,15,[NULL]
4,"43,1,336,1,0",164,15,[NULL]
5,"2,1,814,1,0",164,15,[NULL]
6,"1,1,843,1,0",164,15,[NULL]
7,"1,1,842,1,0",164,15,[NULL]
0,"10,1,808",165,14,[NULL]
1,"324,1,43",165,14,[NULL]
2,"412,1,33",165,14,[NULL]
3,"732,1,4",165,14,[NULL]
4,"844,1,1",165,14,[NULL]
5,"843,1,1",165,14,[NULL]
6,"842,1,1",165,14,[NULL]
7,"18,1,502,1,1",165,14,[NULL]
8,"868,1,0",165,14,[NULL]
9,"867,1,0",165,14,[NULL]
10,"2,1,815,1,0",165,14,[NULL]
0,1195,166,13,[NULL]
1,"734,1,4",166,13,[NULL]
2,"845,1,1",166,13,[NULL]
3,"8,1,16,1,324,1,1",166,13,[NULL]
4,"1,1,3,1,719,1,1",166,13,[NULL]
5,"0,1,826,1,1",166,13,[NULL]
6,"3,1,769,1,0",166,13,[NULL]
7,"2,1,816,1,0",166,13,[NULL]
0,1196,167,12,[NULL]
1,"3,1,198,1,80",167,12,[NULL]
2,"18,1,414,1,4",167,12,[NULL]
3,"8,1,17,1,324,1,1",167,12,[NULL]
4,"1,1,7,1,632,1,1",167,12,[NULL]
5,"869,1,0",167,12,[NULL]
0,1197,168,11,[NULL]
1,"18,1,415,1,4",168,11,[NULL]
2,"8,1,9,1,324,1,4",168,11,[NULL]
3,"7,1,68,1,163,1,1",168,11,[NULL]
4,"1,1,7,1,633,1,1",168,11,[NULL]
5,"3,1,771,1,0",168,11,[NULL]
6,"1,1,42,1,324,1,0",168,11,[NULL]
0,1198,169,10,[NULL]
1,"29,1,324,1,4",169,10,[NULL]
2,"846,1,1",169,10,[NULL]
3,"42,1,324,1,1",169,10,[NULL]
4,"18,1,504,1,1",169,10,[NULL]
5,"18,1,523,1,0",169,10,[NULL]
6,"3,1,774,1,0",169,10,[NULL]
7,"1,1,847,1,0",169,10,[NULL]
0,"847,1,1",170,9,[NULL]
1,"13,2,324,1,1",170,9,[NULL]
2,"1,1,819,1,1",170,9,[NULL]
3,"18,1,524,1,0",170,9,[NULL]
4,"7,1,676,1,0",170,9,[NULL]
5,"3,1,776,1,0",170,9,[NULL]
0,"7,1,885",171,8,[NULL]
1,"848,1,1",171,8,[NULL]
2,"1,1,5,1,18,1,324,1,1",171,8,[NULL]
3,"18,1,525,1,0",171,8,[NULL]
0,1199,172,7,[NULL]
1,"6,1,18,1,324,1,1",172,7,[NULL]
2,"3,1,749,1,1",172,7,[NULL]
3,"1,1,18,1,506,1,0",172,7,[NULL]
0,"18,1,506,1,1",173,6,[NULL]
1,"3,1,750,1,1",173,6,[NULL]
2,"8,1,18,1,324,1,0",173,6,[NULL]
3,"1,1,43,1,324,1,0",173,6,[NULL]
0,"18,1,324,1,7",174,5,[NULL]
1,"43,1,324,1,1",174,5,[NULL]
2,"3,1,751,1,1",174,5,[NULL]
3,"1,1,849,1,0",174,5,[NULL]
0,"849,1,1",175,4,[NULL]
1,"3,2,18,1,324,1,1",175,4,[NULL]
2,"1,1,850,1,0",175,4,[NULL]
0,"850,1,1",176,3,[NULL]
0,"870,1,0",121,59,[NULL]
0,1200,122,58,[NULL]
0,"851,1,1",124,56,[NULL]
0,"852,1,1",125,55,[NULL]
0,"8,1,553,1,4",126,54,[NULL]
0,"8,1,554,1,4",127,53,[NULL]
0,"8,2,469,1,1",128,52,[NULL]
0,"8,2,470,1,1",129,51,[NULL]
0,"8,1,17,1,326,1,1",130,50,[NULL]
0,"8,1,634,1,1",131,49,[NULL]
0,"8,4,199,1,1",132,48,[NULL]
0,1201,133,47,[NULL]
1,"8,4,200,1,1",133,47,[NULL]
0,"8,1,635,1,1",134,46,[NULL]
1,"8,3,17,1,153,1,1",134,46,[NULL]
0,"0,1,685,1,6",135,45,[NULL]
1,"8,1,636,1,1",135,45,[NULL]
2,"8,3,283,1,1",135,45,[NULL]
0,"8,1,555,1,4",136,44,[NULL]
1,"8,6,77,1,1",136,44,[NULL]
2,"871,1,0",136,44,[NULL]
0,"8,1,556,1,4",137,43,[NULL]
1,"16,1,452,1,2",137,43,[NULL]
2,"8,6,78,1,1",137,43,[NULL]
0,"8,2,16,1,224,1,1",138,42,[NULL]
1,"8,5,17,1,56,1,1",138,42,[NULL]
2,"872,1,0",138,42,[NULL]
0,"8,2,16,1,225,1,1",139,41,[NULL]
1,"8,5,136,1,1",139,41,[NULL]
0,"8,2,17,1,225,1,1",140,40,[NULL]
1,"8,8,19,1,1",140,40,[NULL]
0,"8,1,42,1,224,1,1",141,39,[NULL]
1,"8,8,20,1,1",141,39,[NULL]
0,"725,1,5",142,38,[NULL]
1,"8,5,137,1,1",142,38,[NULL]
2,"8,7,45,1,1",142,38,[NULL]
0,"759,1,2",143,37,[NULL]
1,"8,5,138,1,1",143,37,[NULL]
2,"8,7,46,1,1",143,37,[NULL]
0,"759,1,3",144,36,[NULL]
1,"64,1,237,1,1",144,36,[NULL]
2,"8,3,16,1,154,1,1",144,36,[NULL]
3,"8,6,9,1,13,2,1",144,36,[NULL]
0,"64,1,238,1,1",145,35,[NULL]
1,"8,3,17,1,154,1,1",145,35,[NULL]
2,"8,5,9,1,13,1,32,1,1",145,35,[NULL]
3,"0,1,8,1,623,1,1",145,35,[NULL]
0,"8,1,637,1,1",146,34,[NULL]
1,"8,4,9,1,13,2,23,1,1",146,34,[NULL]
2,"8,6,79,1,1",146,34,[NULL]
3,"64,1,244,1,0",146,34,[NULL]
4,"8,2,491,1,0",146,34,[NULL]
0,"17,1,529,1,1",147,33,[NULL]
1,"8,3,9,1,13,2,51,1,1",147,33,[NULL]
2,"8,6,80,1,1",147,33,[NULL]
3,"138,1,149,1,0",147,33,[NULL]
4,"16,1,17,1,260,1,0",147,33,[NULL]
0,"8,2,64,1,112,1,1",148,32,[NULL]
1,"8,2,9,1,13,5,1",148,32,[NULL]
2,"8,4,22,1,80,1,1",148,32,[NULL]
3,"17,2,260,1,0",148,32,[NULL]
0,"8,1,9,1,13,4,32,1,1",149,31,[NULL]
1,"8,2,64,1,113,1,1",149,31,[NULL]
2,"8,4,23,1,80,1,1",149,31,[NULL]
3,"59,1,260,1,0",149,31,[NULL]
0,"9,1,13,5,23,1,1",150,30,[NULL]
1,"8,2,471,1,1",150,30,[NULL]
2,"8,3,13,2,101,1,1",150,30,[NULL]
0,1202,151,29,[NULL]
1,"8,1,9,1,435,1,1",151,29,[NULL]
2,"8,2,13,3,80,1,1",151,29,[NULL]
0,1203,152,28,[NULL]
1,"8,1,13,2,23,1,101,1,1",152,28,[NULL]
2,"8,4,201,1,1",152,28,[NULL]
0,1204,153,27,[NULL]
1,"13,1,248,1,28",153,27,[NULL]
2,"627,1,9",153,27,[NULL]
3,"13,3,23,1,80,1,1",153,27,[NULL]
4,"8,3,9,1,188,1,1",153,27,[NULL]
5,"5,1,64,1,187,1,0",153,27,[NULL]
0,1205,154,26,[NULL]
1,"167,1,135",154,26,[NULL]
2,"13,3,67,1,30",154,26,[NULL]
3,"627,1,10",154,26,[NULL]
4,"64,1,187,1,6",154,26,[NULL]
5,"8,2,9,1,267,1,1",154,26,[NULL]
6,"13,2,346,1,0",154,26,[NULL]
0,"585,1,14",155,25,[NULL]
1,"13,2,23,1,83,1,14",155,25,[NULL]
2,"64,1,188,1,6",155,25,[NULL]
3,"853,1,1",155,25,[NULL]
4,"8,1,9,1,23,1,188,1,1",155,25,[NULL]
5,"0,1,8,1,627,1,1",155,25,[NULL]
0,"855,1,1",156,24,[NULL]
1,"854,1,1",156,24,[NULL]
2,"9,1,13,2,212,1,1",156,24,[NULL]
3,"0,1,832,1,1",156,24,[NULL]
4,"8,1,655,1,0",156,24,[NULL]
5,"1,1,856,1,0",156,24,[NULL]
0,"64,1,209,1,2",157,23,[NULL]
1,"856,1,1",157,23,[NULL]
2,"13,2,328,1,1",157,23,[NULL]
3,"8,1,638,1,1",157,23,[NULL]
4,"875,1,0",157,23,[NULL]
5,"874,1,0",157,23,[NULL]
0,1206,158,22,[NULL]
1,"739,1,4",158,22,[NULL]
2,"13,1,581,1,1",158,22,[NULL]
3,"8,1,640,1,1",158,22,[NULL]
4,"876,1,0",158,22,[NULL]
5,"64,1,250,1,0",158,22,[NULL]
6,"13,3,209,1,0",158,22,[NULL]
0,1207,159,21,[NULL]
1,"80,1,212,1,1",159,21,[NULL]
2,"7,1,655,1,1",159,21,[NULL]
3,"878,1,0",159,21,[NULL]
4,"877,1,0",159,21,[NULL]
5,"13,2,67,1,75,1,0",159,21,[NULL]
6,"1,1,857,1,0",159,21,[NULL]
0,"417,1,30",160,20,[NULL]
1,"857,1,1",160,20,[NULL]
2,"8,1,17,1,333,1,1",160,20,[NULL]
3,"89,1,209,1,0",160,20,[NULL]
4,"2,1,822,1,0",160,20,[NULL]
5,"1,1,64,1,239,1,0",160,20,[NULL]
0,"13,1,335,1,14",161,19,[NULL]
1,"64,1,239,1,1",161,19,[NULL]
2,"13,2,331,1,1",161,19,[NULL]
3,"0,1,836,1,1",161,19,[NULL]
4,"879,1,0",161,19,[NULL]
0,"0,1,324,1,42",162,18,[NULL]
1,"42,1,333,1,1",162,18,[NULL]
2,"13,2,332,1,1",162,18,[NULL]
3,"1,1,18,1,494,1,1",162,18,[NULL]
4,"0,1,838,1,1",162,18,[NULL]
5,"880,1,0",162,18,[NULL]
0,1210,163,17,[NULL]
1,1209,163,17,[NULL]
2,1208,163,17,[NULL]
3,"419,1,30",163,17,[NULL]
4,"766,1,2",163,17,[NULL]
5,"8,2,479,1,1",163,17,[NULL]
6,"1,1,41,1,324,1,1",163,17,[NULL]
7,"881,1,0",163,17,[NULL]
8,"1,2,825,1,0",163,17,[NULL]
0,1212,164,16,[NULL]
1,1211,164,16,[NULL]
2,"766,1,3",164,16,[NULL]
3,"31,1,324,1,2",164,16,[NULL]
4,"3,1,76,1,189,1,1",164,16,[NULL]
5,"1,1,825,1,1",164,16,[NULL]
6,"0,1,841,1,1",164,16,[NULL]
7,"2,1,824,1,0",164,16,[NULL]
0,"3,1,1050",165,15,[NULL]
1,"3,1,1049",165,15,[NULL]
2,"36,1,496",165,15,[NULL]
3,"31,1,324,1,3",165,15,[NULL]
4,"0,1,843,1,1",165,15,[NULL]
5,"0,1,18,1,502,1,1",165,15,[NULL]
6,"92,1,209,1,0",165,15,[NULL]
0,1214,166,14,[NULL]
1,1213,166,14,[NULL]
2,"0,1,1195",166,14,[NULL]
3,"3,1,1052",166,14,[NULL]
4,"107,1,227",166,14,[NULL]
5,"3,1,76,1,190,1,1",166,14,[NULL]
6,"1,1,3,1,732,1,1",166,14,[NULL]
7,"0,1,8,1,16,1,324,1,1",166,14,[NULL]
8,"882,1,0",166,14,[NULL]
9,"8,1,18,1,333,1,0",166,14,[NULL]
10,"1,2,826,1,0",166,14,[NULL]
0,1217,167,13,[NULL]
1,1216,167,13,[NULL]
2,1215,167,13,[NULL]
3,"2,1,1143",167,13,[NULL]
4,"67,1,314",167,13,[NULL]
5,"859,1,1",167,13,[NULL]
6,"858,1,1",167,13,[NULL]
7,"43,1,333,1,1",167,13,[NULL]
8,"1,1,826,1,1",167,13,[NULL]
9,"8,1,659,1,0",167,13,[NULL]
10,"8,1,19,1,324,1,0",167,13,[NULL]
11,"1,1,860,1,0",167,13,[NULL]
0,"3,1,1056",168,12,[NULL]
1,"3,1,1055",168,12,[NULL]
2,"68,1,314",168,12,[NULL]
3,"746,1,4",168,12,[NULL]
4,"861,1,1",168,12,[NULL]
5,"860,1,1",168,12,[NULL]
6,"3,1,755,1,1",168,12,[NULL]
7,"883,1,0",168,12,[NULL]
8,"43,1,352,1,0",168,12,[NULL]
9,"8,1,20,1,324,1,0",168,12,[NULL]
0,1218,169,11,[NULL]
1,"3,1,1057",169,11,[NULL]
2,"3,1,757,1,1",169,11,[NULL]
3,"3,1,756,1,1",169,11,[NULL]
4,"0,1,18,1,504,1,1",169,11,[NULL]
5,"884,1,0",169,11,[NULL]
6,"45,1,324,1,0",169,11,[NULL]
0,"3,1,1058",170,10,[NULL]
1,"2,1,802,1,1",170,10,[NULL]
2,"0,1,847,1,1",170,10,[NULL]
0,"38,1,499",171,9,[NULL]
0,"43,1,444",172,8,[NULL]
1,"885,1,0",172,8,[NULL]
0,"324,1,44",173,7,[NULL]
1,"0,1,18,1,506,1,1",173,7,[NULL]
2,"0,1,3,1,750,1,1",173,7,[NULL]
0,"0,1,43,1,324,1,1",174,6,[NULL]
0,"0,1,849,1,1",175,5,[NULL]
0,"0,1,850,1,1",176,4,[NULL]
0,1219,121,60,[NULL]
0,"0,1,1200",122,59,[NULL]
0,"1,2,803,1,1",123,58,[NULL]
0,"0,1,851,1,1",124,57,[NULL]
0,"8,1,661,1,0",125,56,[NULL]
0,"16,1,554,1,0",126,55,[NULL]
0,"17,1,554,1,0",127,54,[NULL]
0,"886,1,0",128,53,[NULL]
0,"635,1,9",132,49,[NULL]
0,"636,1,9",133,48,[NULL]
0,"0,1,8,1,635,1,1",134,47,[NULL]
0,"8,1,662,1,0",135,46,[NULL]
1,"1,1,5,1,685,1,0",135,46,[NULL]
0,"5,1,685,1,1",136,45,[NULL]
1,"8,1,663,1,0",136,45,[NULL]
0,"17,1,556,1,0",137,44,[NULL]
0,"0,1,8,2,16,1,224,1,1",138,43,[NULL]
0,"1,1,829,1,1",139,42,[NULL]
1,"8,3,297,1,0",139,42,[NULL]
0,1220,140,41,[NULL]
0,"110,1,216",141,40,[NULL]
0,"116,1,203",142,39,[NULL]
0,"117,1,203",143,38,[NULL]
1,"1,2,64,1,224,1,1",143,38,[NULL]
0,"343,1,39",144,37,[NULL]
1,"0,1,64,1,237,1,1",144,37,[NULL]
0,"8,1,244,1,36",145,36,[NULL]
1,"16,1,64,1,137,1,0",145,36,[NULL]
0,"8,1,257,1,30",146,35,[NULL]
1,"16,1,64,1,138,1,0",146,35,[NULL]
0,"17,1,206,1,30",147,34,[NULL]
0,1221,148,33,[NULL]
1,"8,1,258,1,30",148,33,[NULL]
0,1222,149,32,[NULL]
1,"8,1,259,1,30",149,32,[NULL]
0,"71,1,306",150,31,[NULL]
1,"260,1,72",150,31,[NULL]
2,"8,2,180,1,30",150,31,[NULL]
0,"112,1,216",151,30,[NULL]
1,"380,1,36",151,30,[NULL]
2,"8,1,9,1,167,1,30",151,30,[NULL]
3,"13,6,23,1,0",151,30,[NULL]
4,"1,1,862,1,0",151,30,[NULL]
0,"8,1,64,1,203",152,29,[NULL]
1,"9,1,248,1,30",152,29,[NULL]
2,"8,1,260,1,30",152,29,[NULL]
3,"863,1,1",152,29,[NULL]
4,"862,1,1",152,29,[NULL]
5,"13,6,24,1,0",152,29,[NULL]
0,"118,1,203",153,28,[NULL]
1,"292,1,49",153,28,[NULL]
2,"8,1,642,1,1",153,28,[NULL]
0,"66,1,316",154,27,[NULL]
1,"347,1,39",154,27,[NULL]
2,"346,1,39",154,27,[NULL]
3,"0,1,64,1,187,1,6",154,27,[NULL]
4,"864,1,1",154,27,[NULL]
0,"346,1,40",155,26,[NULL]
1,"420,1,30",155,26,[NULL]
2,"13,1,585,1,1",155,26,[NULL]
3,"13,3,23,1,83,1,1",155,26,[NULL]
4,"0,1,853,1,1",155,26,[NULL]
5,"64,1,254,1,0",155,26,[NULL]
0,"16,1,209,1,30",156,25,[NULL]
1,"9,1,13,3,133,1,1",156,25,[NULL]
2,"1,1,8,1,627,1,1",156,25,[NULL]
3,"13,2,357,1,0",156,25,[NULL]
0,"17,1,209,1,30",157,24,[NULL]
1,"0,1,856,1,1",157,24,[NULL]
2,"13,3,212,1,0",157,24,[NULL]
0,"8,1,261,1,30",158,23,[NULL]
1,"887,1,0",158,23,[NULL]
2,"13,2,360,1,0",158,23,[NULL]
0,"423,1,30",159,22,[NULL]
1,"472,1,28",159,22,[NULL]
2,"1,1,834,1,1",159,22,[NULL]
3,"0,1,7,1,655,1,1",159,22,[NULL]
4,"2,1,833,1,0",159,22,[NULL]
0,1223,160,21,[NULL]
1,"72,1,306",160,21,[NULL]
2,"13,2,209,1,14",160,21,[NULL]
3,"1,1,79,1,209,1,1",160,21,[NULL]
4,"13,3,213,1,0",160,21,[NULL]
0,1224,161,20,[NULL]
1,"2,1,286,1,47",161,20,[NULL]
2,"13,2,335,1,1",161,20,[NULL]
3,"0,1,64,1,239,1,1",161,20,[NULL]
4,"1,2,836,1,0",161,20,[NULL]
0,"604,1,14",162,19,[NULL]
1,"618,1,12",162,19,[NULL]
2,"648,1,8",162,19,[NULL]
3,"9,1,619,1,1",162,19,[NULL]
4,"1,1,836,1,1",162,19,[NULL]
5,"1,1,44,1,324,1,0",162,19,[NULL]
6,"1,2,838,1,0",162,19,[NULL]
0,1225,163,18,[NULL]
1,"474,1,28",163,18,[NULL]
2,"865,1,1",163,18,[NULL]
3,"44,1,324,1,1",163,18,[NULL]
4,"1,1,838,1,1",163,18,[NULL]
5,"1,1,866,1,0",163,18,[NULL]
0,"195,1,117",164,17,[NULL]
1,"866,1,1",164,17,[NULL]
2,"9,1,13,1,373,1,1",164,17,[NULL]
3,"3,1,763,1,1",164,17,[NULL]
4,"1,1,3,1,764,1,0",164,17,[NULL]
0,1227,165,16,[NULL]
1,1226,165,16,[NULL]
2,"43,1,67,1,84",165,16,[NULL]
3,"311,1,46",165,16,[NULL]
4,"3,1,764,1,1",165,16,[NULL]
0,"673,1,7",166,15,[NULL]
1,"719,1,6",166,15,[NULL]
2,"43,1,336,1,1",166,15,[NULL]
3,"2,1,814,1,1",166,15,[NULL]
4,"1,1,843,1,1",166,15,[NULL]
5,"1,1,842,1,1",166,15,[NULL]
6,"1,1,868,1,0",166,15,[NULL]
0,"2,1,1152",167,14,[NULL]
1,"868,1,1",167,14,[NULL]
2,"867,1,1",167,14,[NULL]
3,"2,1,815,1,1",167,14,[NULL]
4,"0,1,858,1,1",167,14,[NULL]
5,"0,1,43,1,333,1,1",167,14,[NULL]
6,"3,1,787,1,0",167,14,[NULL]
0,"3,1,769,1,1",168,13,[NULL]
1,"2,1,817,1,1",168,13,[NULL]
2,"2,1,816,1,1",168,13,[NULL]
3,"3,1,788,1,0",168,13,[NULL]
0,"198,1,117",169,12,[NULL]
1,"869,1,1",169,12,[NULL]
2,"3,1,790,1,0",169,12,[NULL]
3,"3,1,789,1,0",169,12,[NULL]
0,1228,170,11,[NULL]
1,"240,1,80",170,11,[NULL]
2,"3,1,771,1,1",170,11,[NULL]
3,"1,1,42,1,324,1,1",170,11,[NULL]
4,"3,1,792,1,0",170,11,[NULL]
5,"3,1,791,1,0",170,11,[NULL]
0,1229,171,10,[NULL]
1,"241,1,80",171,10,[NULL]
2,"324,1,45",171,10,[NULL]
3,"18,1,523,1,1",171,10,[NULL]
4,"3,1,774,1,1",171,10,[NULL]
5,"1,1,847,1,1",171,10,[NULL]
6,"43,1,368,1,0",171,10,[NULL]
7,"1,1,7,1,676,1,0",171,10,[NULL]
0,"18,1,524,1,1",172,9,[NULL]
1,"7,1,676,1,1",172,9,[NULL]
2,"3,1,776,1,1",172,9,[NULL]
3,"7,1,695,1,0",172,9,[NULL]
4,"3,1,794,1,0",172,9,[NULL]
0,"7,1,922",173,8,[NULL]
1,"18,1,525,1,1",173,8,[NULL]
2,"888,1,0",173,8,[NULL]
3,"7,1,698,1,0",173,8,[NULL]
4,"1,2,18,1,506,1,0",173,8,[NULL]
0,1230,174,7,[NULL]
1,"1,1,18,1,506,1,1",174,7,[NULL]
2,"2,1,18,1,506,1,0",174,7,[NULL]
3,"1,1,8,1,18,1,324,1,0",174,7,[NULL]
0,"8,1,18,1,324,1,1",175,6,[NULL]
1,"1,1,43,1,324,1,1",175,6,[NULL]
2,"2,1,43,1,324,1,0",175,6,[NULL]
3,"1,2,849,1,0",175,6,[NULL]
0,"18,1,324,1,8",176,5,[NULL]
1,"1,1,849,1,1",176,5,[NULL]
2,"3,1,38,1,324,1,0",176,5,[NULL]
3,"2,1,849,1,0",176,5,[NULL]
4,"1,2,850,1,0",176,5,[NULL]
0,"1,1,850,1,1",177,4,[NULL]
1,"2,1,850,1,0",177,4,[NULL]
0,"1,1,870,1,0",122,60,[NULL]
0,"870,1,1",123,59,[NULL]
0,1231,129,53,[NULL]
0,1232,130,52,[NULL]
0,"431,1,30",131,51,[NULL]
0,"296,1,49",132,50,[NULL]
0,"8,1,236,1,39",133,49,[NULL]
0,"8,1,252,1,36",134,48,[NULL]
0,"8,2,182,1,30",135,47,[NULL]
0,"8,2,183,1,30",136,46,[NULL]
0,"16,1,17,1,111,1,30",137,45,[NULL]
0,"8,1,265,1,30",138,44,[NULL]
1,"871,1,1",138,44,[NULL]
0,1233,139,43,[NULL]
1,"8,4,71,1,30",139,43,[NULL]
0,"402,1,36",140,42,[NULL]
1,"8,3,16,1,50,1,30",140,42,[NULL]
2,"872,1,1",140,42,[NULL]
0,"432,1,30",141,41,[NULL]
1,"8,3,17,1,50,1,30",141,41,[NULL]
2,"873,1,1",141,41,[NULL]
0,"433,1,30",142,40,[NULL]
1,"8,3,125,1,30",142,40,[NULL]
2,"8,2,488,1,1",142,40,[NULL]
0,"8,1,237,1,39",143,39,[NULL]
1,"8,6,16,1,30",143,39,[NULL]
2,"8,1,17,1,343,1,1",143,39,[NULL]
3,"5,1,725,1,0",143,39,[NULL]
0,"8,1,16,1,137,1,36",144,38,[NULL]
1,"8,6,17,1,30",144,38,[NULL]
2,"725,1,6",144,38,[NULL]
3,"8,2,489,1,1",144,38,[NULL]
0,1234,145,37,[NULL]
1,"8,2,184,1,30",145,37,[NULL]
2,"8,4,16,1,23,1,30",145,37,[NULL]
3,"8,2,490,1,1",145,37,[NULL]
0,"8,2,185,1,30",146,36,[NULL]
1,"8,5,42,1,30",146,36,[NULL]
2,"759,1,4",146,36,[NULL]
3,"8,4,206,1,1",146,36,[NULL]
0,"49,1,399",147,35,[NULL]
1,"8,1,17,1,147,1,30",147,35,[NULL]
2,"8,5,13,2,30",147,35,[NULL]
3,"491,1,26",147,35,[NULL]
4,"8,3,17,1,160,1,1",147,35,[NULL]
5,"1,1,64,1,244,1,0",147,35,[NULL]
0,"50,1,399",148,34,[NULL]
1,"17,2,113,1,30",148,34,[NULL]
2,"8,4,13,1,32,1,30",148,34,[NULL]
3,"64,1,244,1,1",148,34,[NULL]
4,"8,2,491,1,1",148,34,[NULL]
5,"8,4,207,1,1",148,34,[NULL]
0,"137,1,181",149,33,[NULL]
1,"8,3,13,2,23,1,30",149,33,[NULL]
2,"8,4,72,1,30",149,33,[NULL]
3,"138,1,149,1,1",149,33,[NULL]
4,"16,1,17,1,260,1,1",149,33,[NULL]
5,"8,4,208,1,1",149,33,[NULL]
0,"138,1,181",150,32,[NULL]
1,"8,2,13,2,51,1,30",150,32,[NULL]
2,"8,3,127,1,30",150,32,[NULL]
3,"64,1,245,1,1",150,32,[NULL]
4,"17,2,260,1,1",150,32,[NULL]
5,"8,3,9,1,194,1,1",150,32,[NULL]
6,"1,1,59,1,260,1,0",150,32,[NULL]
0,"64,2,49",151,31,[NULL]
1,"8,1,13,5,30",151,31,[NULL]
2,"8,2,20,1,80,1,30",151,31,[NULL]
3,"64,1,246,1,1",151,31,[NULL]
4,"60,1,260,1,1",151,31,[NULL]
5,"59,1,260,1,1",151,31,[NULL]
6,"8,1,653,1,1",151,31,[NULL]
7,"8,2,9,1,13,1,167,1,1",151,31,[NULL]
0,"404,1,36",152,30,[NULL]
1,"13,4,32,1,30",152,30,[NULL]
2,"8,2,186,1,30",152,30,[NULL]
3,"8,1,16,1,347,1,1",152,30,[NULL]
4,"8,1,9,1,13,1,248,1,1",152,30,[NULL]
5,"8,3,291,1,1",152,30,[NULL]
6,"889,1,0",152,30,[NULL]
0,"434,1,30",153,29,[NULL]
1,"8,1,9,1,13,1,101,1,30",153,29,[NULL]
2,"13,5,23,1,14",153,29,[NULL]
3,"9,1,13,2,219,1,1",153,29,[NULL]
4,"8,1,17,1,347,1,1",153,29,[NULL]
5,"8,3,292,1,1",153,29,[NULL]
0,"435,1,30",154,28,[NULL]
1,"9,1,13,2,80,1,30",154,28,[NULL]
2,"8,1,22,1,292,1,1",154,28,[NULL]
3,"8,2,492,1,1",154,28,[NULL]
4,"1,1,5,1,64,1,187,1,0",154,28,[NULL]
0,"8,2,187,1,30",155,27,[NULL]
1,"8,1,23,1,292,1,1",155,27,[NULL]
2,"8,3,293,1,1",155,27,[NULL]
3,"5,1,64,1,187,1,1",155,27,[NULL]
0,1236,156,26,[NULL]
1,1235,156,26,[NULL]
2,"13,3,23,1,107",156,26,[NULL]
3,"8,2,188,1,30",156,26,[NULL]
4,"627,1,11",156,26,[NULL]
5,"13,2,346,1,1",156,26,[NULL]
6,"8,4,209,1,1",156,26,[NULL]
0,1239,157,25,[NULL]
1,1238,157,25,[NULL]
2,1237,157,25,[NULL]
3,"357,1,40",157,25,[NULL]
4,"8,1,267,1,30",157,25,[NULL]
5,"13,3,83,1,28",157,25,[NULL]
6,"8,3,294,1,1",157,25,[NULL]
7,"13,4,133,1,0",157,25,[NULL]
0,1240,158,24,[NULL]
1,"23,1,188,1,30",158,24,[NULL]
2,"13,1,357,1,14",158,24,[NULL]
3,"8,1,655,1,1",158,24,[NULL]
4,"8,2,13,1,261,1,1",158,24,[NULL]
5,"1,1,856,1,1",158,24,[NULL]
6,"13,4,134,1,0",158,24,[NULL]
0,1241,159,23,[NULL]
1,"9,1,856",159,23,[NULL]
2,"13,2,212,1,14",159,23,[NULL]
3,"875,1,1",159,23,[NULL]
4,"874,1,1",159,23,[NULL]
5,"8,1,13,1,423,1,1",159,23,[NULL]
0,1242,160,22,[NULL]
1,"13,1,815",160,22,[NULL]
2,"188,1,125",160,22,[NULL]
3,"876,1,1",160,22,[NULL]
4,"64,1,250,1,1",160,22,[NULL]
5,"13,3,209,1,1",160,22,[NULL]
6,"1,1,877,1,0",160,22,[NULL]
0,"209,1,110",161,21,[NULL]
1,"23,1,190,1,30",161,21,[NULL]
2,"878,1,1",161,21,[NULL]
3,"877,1,1",161,21,[NULL]
4,"13,2,67,1,75,1,1",161,21,[NULL]
5,"1,1,857,1,1",161,21,[NULL]
6,"2,1,857,1,0",161,21,[NULL]
0,"212,1,107",162,20,[NULL]
1,"13,2,213,1,14",162,20,[NULL]
2,"89,1,209,1,1",162,20,[NULL]
3,"2,1,822,1,1",162,20,[NULL]
4,"1,1,64,1,239,1,1",162,20,[NULL]
5,"13,1,618,1,0",162,20,[NULL]
0,1243,163,19,[NULL]
1,"64,1,337",163,19,[NULL]
2,"879,1,1",163,19,[NULL]
3,"0,1,865,1,1",163,19,[NULL]
4,"13,1,619,1,0",163,19,[NULL]
0,"366,1,39",164,18,[NULL]
1,"880,1,1",164,18,[NULL]
2,"0,1,3,1,763,1,1",164,18,[NULL]
3,"13,1,620,1,0",164,18,[NULL]
4,"1,1,881,1,0",164,18,[NULL]
0,1244,165,17,[NULL]
1,"213,1,107",165,17,[NULL]
2,"881,1,1",165,17,[NULL]
3,"1,2,825,1,1",165,17,[NULL]
4,"0,1,3,1,764,1,1",165,17,[NULL]
5,"891,1,0",165,17,[NULL]
6,"13,2,373,1,0",165,17,[NULL]
0,1245,166,16,[NULL]
1,"766,1,4",166,16,[NULL]
2,"2,1,824,1,1",166,16,[NULL]
3,"95,1,213,1,0",166,16,[NULL]
4,"13,2,376,1,0",166,16,[NULL]
0,1246,167,15,[NULL]
1,"18,1,691",167,15,[NULL]
2,"31,1,324,1,4",167,15,[NULL]
3,"92,1,209,1,1",167,15,[NULL]
0,1247,168,14,[NULL]
1,"616,1,14",168,14,[NULL]
2,"17,1,324,1,11",168,14,[NULL]
3,"882,1,1",168,14,[NULL]
4,"8,1,18,1,333,1,1",168,14,[NULL]
5,"1,2,826,1,1",168,14,[NULL]
6,"76,1,239,1,0",168,14,[NULL]
0,1249,169,13,[NULL]
1,1248,169,13,[NULL]
2,"2,1,1176",169,13,[NULL]
3,"43,1,468",169,13,[NULL]
4,"8,1,659,1,1",169,13,[NULL]
5,"8,1,19,1,324,1,1",169,13,[NULL]
6,"1,1,860,1,1",169,13,[NULL]
7,"0,1,869,1,1",169,13,[NULL]
0,1250,170,12,[NULL]
1,"3,1,1100",170,12,[NULL]
2,"773,1,4",170,12,[NULL]
3,"883,1,1",170,12,[NULL]
4,"43,1,352,1,1",170,12,[NULL]
5,"8,1,20,1,324,1,1",170,12,[NULL]
6,"1,1,884,1,0",170,12,[NULL]
0,"3,1,1102",171,11,[NULL]
1,"3,1,1101",171,11,[NULL]
2,"18,1,445,1,4",171,11,[NULL]
3,"884,1,1",171,11,[NULL]
4,"45,1,324,1,1",171,11,[NULL]
5,"893,1,0",171,11,[NULL]
0,1252,172,10,[NULL]
1,1251,172,10,[NULL]
2,"3,1,1104",172,10,[NULL]
3,"43,1,469",172,10,[NULL]
4,"46,1,324,1,1",172,10,[NULL]
5,"0,1,7,1,676,1,1",172,10,[NULL]
0,1253,173,9,[NULL]
1,"37,1,536",173,9,[NULL]
2,"38,1,534",173,9,[NULL]
3,"506,1,24",173,9,[NULL]
4,"18,1,324,1,9",173,9,[NULL]
0,"38,1,536",174,8,[NULL]
1,"18,1,324,1,10",174,8,[NULL]
2,"660,1,8",174,8,[NULL]
3,"885,1,1",174,8,[NULL]
4,"48,1,324,1,0",174,8,[NULL]
0,"69,2,47",175,7,[NULL]
1,"324,1,46",175,7,[NULL]
2,"0,1,8,1,18,1,324,1,1",175,7,[NULL]
3,"894,1,0",175,7,[NULL]
0,"324,1,47",176,6,[NULL]
1,"9,1,18,1,324,1,0",176,6,[NULL]
0,"324,1,48",177,5,[NULL]
0,"895,1,0",122,61,[NULL]
0,1254,123,60,[NULL]
0,1255,126,57,[NULL]
0,"8,1,661,1,1",127,56,[NULL]
0,"16,1,554,1,1",128,55,[NULL]
0,"17,1,554,1,1",129,54,[NULL]
1,"1,1,886,1,0",129,54,[NULL]
0,"8,1,579,1,4",130,53,[NULL]
1,"886,1,1",130,53,[NULL]
0,"8,3,295,1,1",131,52,[NULL]
0,"8,3,296,1,1",132,51,[NULL]
0,"8,1,16,1,17,1,183,1,1",133,50,[NULL]
0,"8,2,498,1,1",134,49,[NULL]
0,"635,1,11",135,48,[NULL]
1,"8,5,145,1,1",135,48,[NULL]
0,"636,1,11",136,47,[NULL]
1,"8,4,16,1,111,1,1",136,47,[NULL]
0,"8,1,662,1,1",137,46,[NULL]
1,"8,4,17,1,111,1,1",137,46,[NULL]
2,"1,1,5,1,685,1,1",137,46,[NULL]
0,"8,1,663,1,1",138,45,[NULL]
1,"8,4,211,1,1",138,45,[NULL]
2,"0,1,871,1,1",138,45,[NULL]
0,"17,1,556,1,1",139,44,[NULL]
1,"8,7,49,1,1",139,44,[NULL]
2,"8,1,685,1,0",139,44,[NULL]
0,"8,2,403,1,4",140,43,[NULL]
1,"8,7,50,1,1",140,43,[NULL]
2,"0,1,872,1,1",140,43,[NULL]
0,"8,3,297,1,1",141,42,[NULL]
1,"8,5,16,1,17,2,1",141,42,[NULL]
0,"8,3,298,1,1",142,41,[NULL]
1,"8,6,88,1,1",142,41,[NULL]
0,"8,2,17,1,238,1,1",143,40,[NULL]
1,"8,10,1",143,40,[NULL]
0,"0,1,725,1,6",144,39,[NULL]
1,"8,1,17,2,185,1,1",144,39,[NULL]
2,"8,8,22,1,1",144,39,[NULL]
0,"8,5,146,1,1",145,38,[NULL]
1,"8,8,23,1,1",145,38,[NULL]
2,"896,1,0",145,38,[NULL]
0,"224,1,95",146,37,[NULL]
1,"16,1,491,1,2",146,37,[NULL]
2,"8,5,147,1,1",146,37,[NULL]
3,"8,7,51,1,1",146,37,[NULL]
0,"17,1,491,1,2",147,36,[NULL]
1,"16,1,64,1,137,1,1",147,36,[NULL]
2,"8,4,17,1,113,1,1",147,36,[NULL]
3,"8,6,13,3,1",147,36,[NULL]
0,"16,1,64,1,138,1,1",148,35,[NULL]
1,"8,3,17,1,162,1,1",148,35,[NULL]
2,"8,5,13,2,32,1,1",148,35,[NULL]
3,"0,1,64,1,244,1,1",148,35,[NULL]
4,"0,1,8,2,491,1,1",148,35,[NULL]
0,"8,1,664,1,1",149,34,[NULL]
1,"8,4,13,3,23,1,1",149,34,[NULL]
2,"8,6,89,1,1",149,34,[NULL]
3,"64,1,257,1,0",149,34,[NULL]
4,"8,2,516,1,0",149,34,[NULL]
0,"8,1,665,1,1",150,33,[NULL]
1,"8,3,13,3,51,1,1",150,33,[NULL]
2,"8,5,9,1,80,1,1",150,33,[NULL]
3,"8,1,17,1,380,1,0",150,33,[NULL]
0,"8,2,13,6,1",151,32,[NULL]
1,"8,3,64,2,1",151,32,[NULL]
2,"8,4,23,1,89,1,1",151,32,[NULL]
3,"17,2,278,1,0",151,32,[NULL]
0,"8,1,13,5,32,1,1",152,31,[NULL]
1,"8,3,299,1,1",152,31,[NULL]
2,"8,3,9,1,23,1,80,1,1",152,31,[NULL]
0,"13,6,23,1,1",153,30,[NULL]
1,"8,2,499,1,1",153,30,[NULL]
2,"8,2,9,1,13,2,101,1,1",153,30,[NULL]
3,"1,1,862,1,1",153,30,[NULL]
0,1256,154,29,[NULL]
1,"13,6,24,1,1",154,29,[NULL]
2,"8,1,13,1,435,1,1",154,29,[NULL]
3,"8,1,9,1,13,3,80,1,1",154,29,[NULL]
4,"13,3,219,1,0",154,29,[NULL]
0,1257,155,28,[NULL]
1,"9,1,13,2,23,1,101,1,1",155,28,[NULL]
2,"8,4,212,1,1",155,28,[NULL]
3,"64,1,260,1,0",155,28,[NULL]
4,"13,3,220,1,0",155,28,[NULL]
0,"2,1,1185",156,27,[NULL]
1,"8,3,13,1,188,1,1",156,27,[NULL]
2,"897,1,0",156,27,[NULL]
0,1258,157,26,[NULL]
1,"797,1,3",157,26,[NULL]
2,"64,1,254,1,1",157,26,[NULL]
3,"8,2,13,1,267,1,1",157,26,[NULL]
0,1259,158,25,[NULL]
1,"13,3,75,1,30",158,25,[NULL]
2,"64,1,255,1,1",158,25,[NULL]
3,"13,2,357,1,1",158,25,[NULL]
4,"8,1,13,1,23,1,188,1,1",158,25,[NULL]
5,"0,1,8,1,655,1,1",158,25,[NULL]
6,"898,1,0",158,25,[NULL]
0,"13,3,133,1,14",159,24,[NULL]
1,"64,1,209,1,5",159,24,[NULL]
2,"13,3,212,1,1",159,24,[NULL]
3,"9,1,23,1,286,1,1",159,24,[NULL]
4,"8,1,667,1,1",159,24,[NULL]
5,"0,1,875,1,1",159,24,[NULL]
6,"900,1,0",159,24,[NULL]
7,"899,1,0",159,24,[NULL]
8,"8,1,690,1,0",159,24,[NULL]
0,"887,1,1",160,23,[NULL]
1,"13,2,360,1,1",160,23,[NULL]
2,"8,1,668,1,1",160,23,[NULL]
3,"0,1,64,1,250,1,1",160,23,[NULL]
4,"903,1,0",160,23,[NULL]
5,"902,1,0",160,23,[NULL]
6,"901,1,0",160,23,[NULL]
0,"17,1,475,1,4",161,22,[NULL]
1,"9,1,640,1,1",161,22,[NULL]
2,"2,1,833,1,1",161,22,[NULL]
3,"13,1,628,1,0",161,22,[NULL]
0,1260,162,21,[NULL]
1,"2,1,1191",162,21,[NULL]
2,"13,1,261,1,28",162,21,[NULL]
3,"13,3,213,1,1",162,21,[NULL]
4,"904,1,0",162,21,[NULL]
5,"8,1,692,1,0",162,21,[NULL]
0,"286,1,66",163,20,[NULL]
1,"328,1,47",163,20,[NULL]
2,"9,1,13,1,408,1,1",163,20,[NULL]
3,"1,2,836,1,1",163,20,[NULL]
4,"0,1,879,1,1",163,20,[NULL]
5,"101,1,209,1,0",163,20,[NULL]
6,"13,1,629,1,0",163,20,[NULL]
0,"13,1,831",164,19,[NULL]
1,"618,1,14",164,19,[NULL]
2,"1,1,865,1,1",164,19,[NULL]
3,"1,1,44,1,324,1,1",164,19,[NULL]
4,"1,2,838,1,1",164,19,[NULL]
5,"905,1,0",164,19,[NULL]
0,"619,1,14",165,18,[NULL]
1,"47,1,324,1,1",165,18,[NULL]
2,"7,1,692,1,1",165,18,[NULL]
3,"1,1,866,1,1",165,18,[NULL]
4,"2,1,866,1,0",165,18,[NULL]
0,"450,1,30",166,17,[NULL]
1,"620,1,14",166,17,[NULL]
2,"1,1,3,1,764,1,1",166,17,[NULL]
3,"908,1,0",166,17,[NULL]
4,"907,1,0",166,17,[NULL]
5,"906,1,0",166,17,[NULL]
6,"49,1,324,1,0",166,17,[NULL]
0,1261,167,16,[NULL]
1,"67,1,338",167,16,[NULL]
2,"107,1,248",167,16,[NULL]
3,"331,1,47",167,16,[NULL]
4,"13,1,373,1,14",167,16,[NULL]
5,"801,1,2",167,16,[NULL]
6,"0,1,92,1,209,1,1",167,16,[NULL]
7,"909,1,0",167,16,[NULL]
8,"50,1,324,1,0",167,16,[NULL]
0,"332,1,47",168,15,[NULL]
1,"673,1,8",168,15,[NULL]
2,"2,1,732,1,4",168,15,[NULL]
3,"40,1,324,1,2",168,15,[NULL]
4,"2,1,843,1,1",168,15,[NULL]
5,"1,1,868,1,1",168,15,[NULL]
6,"0,1,8,1,18,1,333,1,1",168,15,[NULL]
7,"910,1,0",168,15,[NULL]
0,1262,169,14,[NULL]
1,"3,1,1124",169,14,[NULL]
2,"239,1,84",169,14,[NULL]
3,"674,1,8",169,14,[NULL]
4,"3,1,787,1,1",169,14,[NULL]
5,"0,1,8,1,19,1,324,1,1",169,14,[NULL]
6,"3,1,815,1,0",169,14,[NULL]
0,"251,1,80",170,13,[NULL]
1,"480,1,29",170,13,[NULL]
2,"3,1,788,1,1",170,13,[NULL]
3,"8,1,18,1,367,1,0",170,13,[NULL]
4,"8,3,324,1,0",170,13,[NULL]
5,"3,1,817,1,0",170,13,[NULL]
6,"3,2,719,1,0",170,13,[NULL]
0,"240,1,84",171,12,[NULL]
1,"3,1,790,1,1",171,12,[NULL]
2,"3,1,789,1,1",171,12,[NULL]
3,"0,1,884,1,1",171,12,[NULL]
4,"912,1,0",171,12,[NULL]
5,"43,1,392,1,0",171,12,[NULL]
6,"8,1,696,1,0",171,12,[NULL]
7,"8,1,22,1,324,1,0",171,12,[NULL]
0,"43,1,478",172,11,[NULL]
1,"802,1,3",172,11,[NULL]
2,"3,1,792,1,1",172,11,[NULL]
3,"3,1,791,1,1",172,11,[NULL]
4,"43,1,397,1,0",172,11,[NULL]
5,"43,1,396,1,0",172,11,[NULL]
6,"18,1,563,1,0",172,11,[NULL]
7,"3,1,818,1,0",172,11,[NULL]
0,"38,1,549",173,10,[NULL]
1,"43,1,368,1,1",173,10,[NULL]
2,"1,1,7,1,676,1,1",173,10,[NULL]
3,"51,1,324,1,0",173,10,[NULL]
4,"43,1,399,1,0",173,10,[NULL]
5,"43,1,398,1,0",173,10,[NULL]
6,"18,1,565,1,0",173,10,[NULL]
0,"7,1,695,1,1",174,9,[NULL]
1,"3,1,794,1,1",174,9,[NULL]
2,"52,1,324,1,0",174,9,[NULL]
3,"43,1,400,1,0",174,9,[NULL]
4,"9,1,660,1,0",174,9,[NULL]
5,"1,1,888,1,0",174,9,[NULL]
0,"18,1,712",175,8,[NULL]
1,"0,1,324,1,46",175,8,[NULL]
2,"888,1,1",175,8,[NULL]
3,"7,1,698,1,1",175,8,[NULL]
4,"1,2,18,1,506,1,1",175,8,[NULL]
5,"1,2,8,1,18,1,324,1,0",175,8,[NULL]
0,"0,1,324,1,47",176,7,[NULL]
1,"2,1,18,1,506,1,1",176,7,[NULL]
2,"1,1,8,1,18,1,324,1,1",176,7,[NULL]
3,"913,1,0",176,7,[NULL]
0,"2,1,43,1,324,1,1",177,6,[NULL]
1,"1,2,849,1,1",177,6,[NULL]
2,"914,1,0",177,6,[NULL]
3,"10,1,18,1,324,1,0",177,6,[NULL]
0,"3,1,38,1,324,1,1",178,5,[NULL]
1,"2,1,849,1,1",178,5,[NULL]
2,"1,2,850,1,1",178,5,[NULL]
3,"11,1,18,1,324,1,0",178,5,[NULL]
0,"2,1,850,1,1",179,4,[NULL]
0,"0,1,1254",123,61,[NULL]
0,"1,1,870,1,1",124,60,[NULL]
0,"803,1,2",125,59,[NULL]
0,"804,1,2",126,58,[NULL]
0,"0,1,8,1,661,1,1",127,57,[NULL]
0,"8,1,700,1,0",128,56,[NULL]
0,"8,1,701,1,0",129,55,[NULL]
0,"17,1,579,1,0",130,54,[NULL]
0,"916,1,0",134,50,[NULL]
0,"917,1,0",135,49,[NULL]
0,"806,1,2",136,48,[NULL]
0,"0,1,8,1,662,1,1",137,47,[NULL]
0,"8,1,16,1,402,1,0",138,46,[NULL]
0,"8,1,16,1,403,1,0",139,45,[NULL]
0,"8,1,17,1,403,1,0",140,44,[NULL]
0,1263,141,43,[NULL]
1,"42,1,402,1,0",141,43,[NULL]
0,1264,142,42,[NULL]
0,"110,1,236",143,41,[NULL]
0,"116,1,216",144,40,[NULL]
1,"1,1,5,1,725,1,0",144,40,[NULL]
0,"452,1,30",145,39,[NULL]
1,"64,1,224,1,2",145,39,[NULL]
2,"5,1,725,1,1",145,39,[NULL]
0,"244,1,82",146,38,[NULL]
1,"918,1,0",146,38,[NULL]
0,"8,1,244,1,39",147,37,[NULL]
1,"0,1,16,1,64,1,137,1,1",147,37,[NULL]
0,"453,1,30",148,36,[NULL]
1,"8,1,64,1,184,1,0",148,36,[NULL]
2,"1,2,64,1,244,1,0",148,36,[NULL]
0,"8,1,16,1,149,1,30",149,35,[NULL]
1,"1,1,64,1,244,1,1",149,35,[NULL]
0,1265,150,34,[NULL]
1,"8,1,17,1,149,1,30",150,34,[NULL]
0,1266,151,33,[NULL]
1,"8,1,277,1,30",151,33,[NULL]
0,1267,152,32,[NULL]
1,"8,2,193,1,30",152,32,[NULL]
2,"1,1,59,1,260,1,1",152,32,[NULL]
0,"112,1,236",153,31,[NULL]
1,"380,1,39",153,31,[NULL]
2,"8,2,194,1,30",153,31,[NULL]
0,"8,1,64,1,216",154,30,[NULL]
1,"8,1,260,1,36",154,30,[NULL]
2,"8,1,13,1,167,1,30",154,30,[NULL]
3,"889,1,1",154,30,[NULL]
0,"8,1,72,1,203",155,29,[NULL]
1,"13,1,248,1,30",155,29,[NULL]
2,"8,1,278,1,30",155,29,[NULL]
3,"13,6,28",155,29,[NULL]
4,"890,1,1",155,29,[NULL]
0,"127,1,203",156,28,[NULL]
1,"454,1,30",156,28,[NULL]
2,"13,2,219,1,14",156,28,[NULL]
3,"9,1,642,1,1",156,28,[NULL]
4,"1,1,5,1,64,1,187,1,1",156,28,[NULL]
5,"13,3,23,1,101,1,0",156,28,[NULL]
0,"346,1,45",157,27,[NULL]
1,"455,1,30",157,27,[NULL]
2,"921,1,0",157,27,[NULL]
3,"919,1,0",157,27,[NULL]
0,"16,1,209,1,36",158,26,[NULL]
0,"219,1,107",159,25,[NULL]
1,"8,1,279,1,30",159,25,[NULL]
2,"13,4,133,1,1",159,25,[NULL]
3,"1,2,856,1,1",159,25,[NULL]
0,1269,160,24,[NULL]
1,1268,160,24,[NULL]
2,"8,1,280,1,30",160,24,[NULL]
3,"13,1,266,1,28",160,24,[NULL]
4,"13,4,134,1,1",160,24,[NULL]
5,"13,1,23,1,286,1,0",160,24,[NULL]
0,1271,161,23,[NULL]
1,1270,161,23,[NULL]
2,"64,1,346",161,23,[NULL]
3,"9,1,261,1,30",161,23,[NULL]
4,"13,1,267,1,28",161,23,[NULL]
5,"922,1,0",161,23,[NULL]
6,"13,1,23,1,287,1,0",161,23,[NULL]
7,"2,1,876,1,0",161,23,[NULL]
0,"18,1,721",162,22,[NULL]
1,"64,1,347",162,22,[NULL]
2,"188,1,135",162,22,[NULL]
3,"1,1,877,1,1",162,22,[NULL]
4,"13,1,640,1,0",162,22,[NULL]
5,"2,1,877,1,0",162,22,[NULL]
0,"51,1,423",163,21,[NULL]
1,"79,1,306",163,21,[NULL]
2,"628,1,14",163,21,[NULL]
3,"2,1,857,1,1",163,21,[NULL]
4,"1,2,64,1,239,1,1",163,21,[NULL]
0,1273,164,20,[NULL]
1,1272,164,20,[NULL]
2,"80,1,306",164,20,[NULL]
3,"23,1,213,1,28",164,20,[NULL]
4,"13,1,618,1,1",164,20,[NULL]
5,"64,1,269,1,0",164,20,[NULL]
6,"13,2,408,1,0",164,20,[NULL]
0,1275,165,19,[NULL]
1,1274,165,19,[NULL]
2,"286,1,71",165,19,[NULL]
3,"629,1,14",165,19,[NULL]
4,"13,1,619,1,1",165,19,[NULL]
5,"13,2,411,1,0",165,19,[NULL]
0,"13,1,848",166,18,[NULL]
1,"630,1,14",166,18,[NULL]
2,"678,1,8",166,18,[NULL]
3,"13,1,620,1,1",166,18,[NULL]
4,"1,1,881,1,1",166,18,[NULL]
0,"2,1,1211",167,17,[NULL]
1,"335,1,47",167,17,[NULL]
2,"891,1,1",167,17,[NULL]
3,"13,2,373,1,1",167,17,[NULL]
4,"923,1,0",167,17,[NULL]
0,1277,168,16,[NULL]
1,1276,168,16,[NULL]
2,"485,1,29",168,16,[NULL]
3,"95,1,213,1,1",168,16,[NULL]
4,"13,2,376,1,1",168,16,[NULL]
5,"3,1,825,1,0",168,16,[NULL]
0,1279,169,15,[NULL]
1,1278,169,15,[NULL]
2,"2,1,1213",169,15,[NULL]
3,"892,1,1",169,15,[NULL]
4,"3,2,730,1,0",169,15,[NULL]
0,"504,1,28",170,14,[NULL]
1,"76,1,239,1,1",170,14,[NULL]
2,"0,1,3,1,788,1,1",170,14,[NULL]
3,"43,1,412,1,0",170,14,[NULL]
4,"3,2,732,1,0",170,14,[NULL]
0,1280,171,13,[NULL]
1,"43,1,496",171,13,[NULL]
2,"70,1,337",171,13,[NULL]
3,"924,1,0",171,13,[NULL]
4,"1,2,884,1,0",171,13,[NULL]
0,1281,172,12,[NULL]
1,"324,1,49",172,12,[NULL]
2,"1,1,884,1,1",172,12,[NULL]
3,"2,1,884,1,0",172,12,[NULL]
0,1282,173,11,[NULL]
1,"18,1,727",173,11,[NULL]
2,"324,1,50",173,11,[NULL]
3,"893,1,1",173,11,[NULL]
0,1283,174,10,[NULL]
1,"18,1,729",174,10,[NULL]
2,"43,1,499",174,10,[NULL]
3,"324,1,51",174,10,[NULL]
4,"506,1,28",174,10,[NULL]
5,"925,1,0",174,10,[NULL]
0,1284,175,9,[NULL]
1,"3,1,1145",175,9,[NULL]
2,"18,1,730",175,9,[NULL]
3,"43,1,500",175,9,[NULL]
4,"324,1,52",175,9,[NULL]
5,"12,1,18,1,324,1,0",175,9,[NULL]
6,"2,1,885,1,0",175,9,[NULL]
7,"1,1,48,1,324,1,0",175,9,[NULL]
0,"18,1,731",176,8,[NULL]
1,"18,1,324,1,11",176,8,[NULL]
2,"48,1,324,1,1",176,8,[NULL]
3,"53,1,324,1,0",176,8,[NULL]
0,"894,1,1",177,7,[NULL]
0,1285,178,6,[NULL]
1,"9,1,18,1,324,1,1",178,6,[NULL]
0,"324,1,53",179,5,[NULL]
1,"18,1,324,1,12",179,5,[NULL]
0,"1,1,895,1,0",123,62,[NULL]
0,"895,1,1",124,61,[NULL]
0,"1,1,886,1,1",131,54,[NULL]
0,1286,132,53,[NULL]
0,"431,1,36",133,52,[NULL]
0,"469,1,30",134,51,[NULL]
0,"470,1,30",135,50,[NULL]
0,"8,1,252,1,39",136,49,[NULL]
0,"8,2,182,1,36",137,48,[NULL]
0,"8,2,199,1,30",138,47,[NULL]
0,"8,2,200,1,30",139,46,[NULL]
0,1287,140,45,[NULL]
1,"8,1,17,1,153,1,30",140,45,[NULL]
0,"8,1,283,1,30",141,44,[NULL]
1,"8,1,685,1,1",141,44,[NULL]
0,"402,1,39",142,43,[NULL]
1,"8,4,77,1,30",142,43,[NULL]
2,"17,1,452,1,6",142,43,[NULL]
0,"432,1,36",143,42,[NULL]
1,"8,4,78,1,30",143,42,[NULL]
2,"8,1,686,1,1",143,42,[NULL]
0,"16,1,224,1,30",144,41,[NULL]
1,"8,3,17,1,56,1,30",144,41,[NULL]
2,"8,1,687,1,1",144,41,[NULL]
0,"16,1,225,1,30",145,40,[NULL]
1,"8,3,136,1,30",145,40,[NULL]
2,"8,2,16,1,244,1,1",145,40,[NULL]
0,"17,1,225,1,30",146,39,[NULL]
1,"8,6,19,1,30",146,39,[NULL]
2,"8,2,17,1,244,1,1",146,39,[NULL]
0,"8,2,184,1,36",147,38,[NULL]
1,"8,6,20,1,30",147,38,[NULL]
2,"896,1,1",147,38,[NULL]
3,"8,2,16,1,245,1,1",147,38,[NULL]
0,1288,148,37,[NULL]
1,"8,3,137,1,30",148,37,[NULL]
2,"8,5,45,1,30",148,37,[NULL]
3,"8,3,315,1,1",148,37,[NULL]
0,1289,149,36,[NULL]
1,"8,3,138,1,30",149,36,[NULL]
2,"8,5,46,1,30",149,36,[NULL]
3,"16,1,491,1,4",149,36,[NULL]
4,"8,5,149,1,1",149,36,[NULL]
0,"55,1,399",150,35,[NULL]
1,"8,1,16,1,154,1,30",150,35,[NULL]
2,"8,4,9,1,13,2,30",150,35,[NULL]
3,"17,1,491,1,4",150,35,[NULL]
4,"8,3,16,1,167,1,1",150,35,[NULL]
0,"56,1,399",151,34,[NULL]
1,"8,1,17,1,154,1,30",151,34,[NULL]
2,"8,3,9,1,13,1,32,1,30",151,34,[NULL]
3,"64,1,257,1,1",151,34,[NULL]
4,"8,2,516,1,1",151,34,[NULL]
5,"8,4,218,1,1",151,34,[NULL]
0,"146,1,181",152,33,[NULL]
1,"8,2,9,1,13,2,23,1,30",152,33,[NULL]
2,"8,4,79,1,30",152,33,[NULL]
3,"138,1,160,1,1",152,33,[NULL]
4,"8,1,17,1,380,1,1",152,33,[NULL]
5,"8,4,219,1,1",152,33,[NULL]
0,"64,2,60",153,32,[NULL]
1,"8,1,9,1,13,2,51,1,30",153,32,[NULL]
2,"8,4,80,1,30",153,32,[NULL]
3,"17,2,278,1,1",153,32,[NULL]
4,"8,1,688,1,1",153,32,[NULL]
5,"8,3,13,1,194,1,1",153,32,[NULL]
6,"149,2,0",153,32,[NULL]
0,"64,1,112,1,30",154,31,[NULL]
1,"9,1,13,5,30",154,31,[NULL]
2,"8,2,22,1,80,1,30",154,31,[NULL]
3,"42,1,380,1,1",154,31,[NULL]
4,"8,1,689,1,1",154,31,[NULL]
5,"8,2,13,2,167,1,1",154,31,[NULL]
6,"927,1,0",154,31,[NULL]
0,"64,1,113,1,30",155,30,[NULL]
1,"8,2,23,1,80,1,30",155,30,[NULL]
2,"8,1,13,2,248,1,1",155,30,[NULL]
3,"8,2,517,1,1",155,30,[NULL]
4,"8,3,316,1,1",155,30,[NULL]
0,"471,1,30",156,29,[NULL]
1,"8,1,13,2,101,1,30",156,29,[NULL]
2,"13,3,219,1,1",156,29,[NULL]
3,"8,2,518,1,1",156,29,[NULL]
4,"8,2,9,1,292,1,1",156,29,[NULL]
5,"1,1,64,1,260,1,0",156,29,[NULL]
0,"8,2,187,1,36",157,28,[NULL]
1,"13,3,80,1,30",157,28,[NULL]
2,"64,1,260,1,1",157,28,[NULL]
3,"13,3,220,1,1",157,28,[NULL]
4,"8,1,23,1,316,1,1",157,28,[NULL]
5,"8,3,318,1,1",157,28,[NULL]
6,"13,1,642,1,0",157,28,[NULL]
0,1290,158,27,[NULL]
1,"8,2,201,1,30",158,27,[NULL]
2,"897,1,1",158,27,[NULL]
3,"9,1,23,1,292,1,1",158,27,[NULL]
4,"8,2,9,1,293,1,1",158,27,[NULL]
5,"23,1,537,1,0",158,27,[NULL]
6,"13,5,67,1,0",158,27,[NULL]
0,1292,159,26,[NULL]
1,1291,159,26,[NULL]
2,"8,1,9,1,188,1,30",159,26,[NULL]
3,"797,1,4",159,26,[NULL]
4,"8,3,9,1,209,1,1",159,26,[NULL]
5,"1,1,898,1,0",159,26,[NULL]
0,1294,160,25,[NULL]
1,1293,160,25,[NULL]
2,"16,1,769",160,25,[NULL]
3,"9,1,267,1,30",160,25,[NULL]
4,"627,1,16",160,25,[NULL]
5,"898,1,1",160,25,[NULL]
6,"8,2,9,1,294,1,1",160,25,[NULL]
7,"5,1,64,1,209,1,0",160,25,[NULL]
8,"1,1,899,1,0",160,25,[NULL]
0,1295,161,24,[NULL]
1,"17,1,769",161,24,[NULL]
2,"472,1,30",161,24,[NULL]
3,"13,3,95,1,28",161,24,[NULL]
4,"64,1,209,1,6",161,24,[NULL]
5,"900,1,1",161,24,[NULL]
6,"899,1,1",161,24,[NULL]
7,"8,1,690,1,1",161,24,[NULL]
8,"8,1,9,1,13,1,261,1,1",161,24,[NULL]
9,"3,1,832,1,0",161,24,[NULL]
0,"13,1,856",162,23,[NULL]
1,"23,1,286,1,14",162,23,[NULL]
2,"760,1,6",162,23,[NULL]
3,"903,1,1",162,23,[NULL]
4,"902,1,1",162,23,[NULL]
5,"901,1,1",162,23,[NULL]
6,"9,1,13,1,423,1,1",162,23,[NULL]
7,"1,1,13,1,628,1,0",162,23,[NULL]
0,1296,163,22,[NULL]
1,"2,1,1223",163,22,[NULL]
2,"13,1,858",163,22,[NULL]
3,"64,1,261,1,1",163,22,[NULL]
4,"13,1,628,1,1",163,22,[NULL]
5,"67,1,266,1,0",163,22,[NULL]
6,"64,1,275,1,0",163,22,[NULL]
0,1298,164,21,[NULL]
1,1297,164,21,[NULL]
2,"762,1,6",164,21,[NULL]
3,"904,1,1",164,21,[NULL]
4,"8,1,692,1,1",164,21,[NULL]
5,"930,1,0",164,21,[NULL]
6,"13,2,417,1,0",164,21,[NULL]
0,1299,165,20,[NULL]
1,"474,1,30",165,20,[NULL]
2,"763,1,6",165,20,[NULL]
3,"101,1,209,1,1",165,20,[NULL]
4,"13,1,629,1,1",165,20,[NULL]
5,"68,1,267,1,0",165,20,[NULL]
0,"333,1,50",166,19,[NULL]
1,"13,1,408,1,14",166,19,[NULL]
2,"905,1,1",166,19,[NULL]
3,"931,1,0",166,19,[NULL]
0,1301,167,18,[NULL]
1,1300,167,18,[NULL]
2,"2,1,866,1,1",167,18,[NULL]
3,"0,1,891,1,1",167,18,[NULL]
4,"3,1,838,1,0",167,18,[NULL]
5,"1,1,906,1,0",167,18,[NULL]
6,"1,1,49,1,324,1,0",167,18,[NULL]
0,1302,168,17,[NULL]
1,"908,1,1",168,17,[NULL]
2,"907,1,1",168,17,[NULL]
3,"906,1,1",168,17,[NULL]
4,"49,1,324,1,1",168,17,[NULL]
5,"932,1,0",168,17,[NULL]
6,"1,1,909,1,0",168,17,[NULL]
0,1305,169,16,[NULL]
1,1304,169,16,[NULL]
2,1303,169,16,[NULL]
3,"18,1,475,1,4",169,16,[NULL]
4,"909,1,1",169,16,[NULL]
5,"50,1,324,1,1",169,16,[NULL]
6,"3,1,841,1,0",169,16,[NULL]
0,1307,170,15,[NULL]
1,1306,170,15,[NULL]
2,"801,1,4",170,15,[NULL]
3,"39,1,324,1,4",170,15,[NULL]
4,"826,1,2",170,15,[NULL]
5,"910,1,1",170,15,[NULL]
6,"933,1,0",170,15,[NULL]
7,"3,1,842,1,0",170,15,[NULL]
0,1308,171,14,[NULL]
1,"251,1,84",171,14,[NULL]
2,"352,1,46",171,14,[NULL]
3,"719,1,7",171,14,[NULL]
4,"40,1,324,1,4",171,14,[NULL]
5,"826,1,3",171,14,[NULL]
6,"911,1,1",171,14,[NULL]
7,"3,1,815,1,1",171,14,[NULL]
8,"934,1,0",171,14,[NULL]
0,1310,172,13,[NULL]
1,1309,172,13,[NULL]
2,"43,1,513",172,13,[NULL]
3,"333,1,53",172,13,[NULL]
4,"352,1,47",172,13,[NULL]
5,"8,1,18,1,367,1,1",172,13,[NULL]
6,"8,3,324,1,1",172,13,[NULL]
7,"3,1,817,1,1",172,13,[NULL]
8,"3,2,719,1,1",172,13,[NULL]
9,"936,1,0",172,13,[NULL]
10,"935,1,0",172,13,[NULL]
0,"3,2,997",173,12,[NULL]
1,"43,1,514",173,12,[NULL]
2,"352,1,48",173,12,[NULL]
3,"69,1,75,1,47",173,12,[NULL]
4,"912,1,1",173,12,[NULL]
5,"43,1,392,1,1",173,12,[NULL]
6,"8,1,696,1,1",173,12,[NULL]
7,"8,1,22,1,324,1,1",173,12,[NULL]
8,"0,1,893,1,1",173,12,[NULL]
9,"937,1,0",173,12,[NULL]
10,"1,1,18,1,563,1,0",173,12,[NULL]
0,"18,1,736",174,11,[NULL]
1,"43,1,515",174,11,[NULL]
2,"802,1,4",174,11,[NULL]
3,"43,1,397,1,1",174,11,[NULL]
4,"43,1,396,1,1",174,11,[NULL]
5,"18,1,563,1,1",174,11,[NULL]
6,"8,1,23,1,324,1,1",174,11,[NULL]
7,"3,1,818,1,1",174,11,[NULL]
8,"938,1,0",174,11,[NULL]
9,"7,1,746,1,0",174,11,[NULL]
0,1311,175,10,[NULL]
1,"0,1,1284",175,10,[NULL]
2,"51,1,324,1,1",175,10,[NULL]
3,"43,1,399,1,1",175,10,[NULL]
4,"43,1,398,1,1",175,10,[NULL]
5,"18,1,565,1,1",175,10,[NULL]
6,"3,1,847,1,0",175,10,[NULL]
0,1312,176,9,[NULL]
1,"0,1,18,1,324,1,11",176,9,[NULL]
2,"52,1,324,1,1",176,9,[NULL]
3,"43,1,400,1,1",176,9,[NULL]
4,"9,1,660,1,1",176,9,[NULL]
5,"1,1,888,1,1",176,9,[NULL]
0,"18,1,738",177,8,[NULL]
1,"324,1,54",177,8,[NULL]
2,"1,2,8,1,18,1,324,1,1",177,8,[NULL]
3,"0,1,894,1,1",177,8,[NULL]
0,"324,1,55",178,7,[NULL]
1,"913,1,1",178,7,[NULL]
2,"0,1,9,1,18,1,324,1,1",178,7,[NULL]
3,"54,1,324,1,0",178,7,[NULL]
0,"914,1,1",179,6,[NULL]
1,"10,1,18,1,324,1,1",179,6,[NULL]
2,"3,1,43,1,324,1,0",179,6,[NULL]
3,"2,2,849,1,0",179,6,[NULL]
0,"11,1,18,1,324,1,1",180,5,[NULL]
1,"2,2,850,1,0",180,5,[NULL]
0,"803,1,4",128,58,[NULL]
0,"804,1,4",129,57,[NULL]
0,"8,1,700,1,1",130,56,[NULL]
0,"8,1,701,1,1",131,55,[NULL]
0,"17,1,579,1,1",132,54,[NULL]
0,"915,1,1",133,53,[NULL]
0,"8,3,325,1,1",134,52,[NULL]
0,"8,3,326,1,1",135,51,[NULL]
1,"1,1,916,1,0",135,51,[NULL]
0,"916,1,1",136,50,[NULL]
1,"8,2,17,1,253,1,1",136,50,[NULL]
0,"917,1,1",137,49,[NULL]
1,"8,2,528,1,1",137,49,[NULL]
0,"805,1,4",138,48,[NULL]
1,"8,5,152,1,1",138,48,[NULL]
0,"685,1,9",139,47,[NULL]
1,"806,1,4",139,47,[NULL]
2,"8,5,153,1,1",139,47,[NULL]
0,"685,1,10",140,46,[NULL]
1,"8,1,16,1,402,1,1",140,46,[NULL]
2,"8,4,17,1,117,1,1",140,46,[NULL]
0,"8,1,16,1,403,1,1",141,45,[NULL]
1,"8,4,223,1,1",141,45,[NULL]
2,"0,1,8,1,685,1,1",141,45,[NULL]
0,"8,1,17,1,403,1,1",142,44,[NULL]
1,"8,7,55,1,1",142,44,[NULL]
2,"8,1,722,1,0",142,44,[NULL]
3,"1,1,42,1,402,1,0",142,44,[NULL]
0,"8,2,433,1,4",143,43,[NULL]
1,"42,1,402,1,1",143,43,[NULL]
2,"8,7,56,1,1",143,43,[NULL]
0,"8,4,224,1,1",144,42,[NULL]
1,"8,6,17,1,40,1,1",144,42,[NULL]
0,"8,4,225,1,1",145,41,[NULL]
1,"8,6,100,1,1",145,41,[NULL]
0,"8,2,16,1,17,1,138,1,1",146,40,[NULL]
1,"8,9,9,1,1",146,40,[NULL]
2,"1,1,5,1,725,1,1",146,40,[NULL]
0,"8,2,17,2,138,1,1",147,39,[NULL]
1,"8,8,29,1,1",147,39,[NULL]
2,"0,1,896,1,1",147,39,[NULL]
0,"918,1,1",148,38,[NULL]
1,"8,5,16,1,64,1,1",148,38,[NULL]
2,"8,7,9,1,23,1,1",148,38,[NULL]
3,"8,1,725,1,0",148,38,[NULL]
0,"64,1,225,1,4",149,37,[NULL]
1,"8,1,623,1,2",149,37,[NULL]
2,"8,5,17,1,64,1,1",149,37,[NULL]
3,"8,6,9,1,51,1,1",149,37,[NULL]
0,"17,1,516,1,2",150,36,[NULL]
1,"8,1,64,1,184,1,1",150,36,[NULL]
2,"8,5,154,1,1",150,36,[NULL]
3,"8,5,9,1,13,3,1",150,36,[NULL]
4,"1,2,64,1,244,1,1",150,36,[NULL]
0,"8,1,64,1,185,1,1",151,35,[NULL]
1,"8,4,42,1,64,1,1",151,35,[NULL]
2,"8,4,9,1,13,2,32,1,1",151,35,[NULL]
3,"0,1,8,2,516,1,1",151,35,[NULL]
4,"939,1,0",151,35,[NULL]
0,"8,2,529,1,1",152,34,[NULL]
1,"8,3,9,1,13,3,23,1,1",152,34,[NULL]
2,"8,6,101,1,1",152,34,[NULL]
3,"8,2,16,1,260,1,0",152,34,[NULL]
0,"8,1,17,1,404,1,1",153,33,[NULL]
1,"8,2,9,1,13,3,51,1,1",153,33,[NULL]
2,"8,5,13,1,80,1,1",153,33,[NULL]
3,"8,2,17,1,260,1,0",153,33,[NULL]
0,"8,1,9,1,13,6,1",154,32,[NULL]
1,"8,3,64,1,72,1,1",154,32,[NULL]
2,"8,4,23,1,101,1,1",154,32,[NULL]
0,1313,155,31,[NULL]
1,"9,1,13,5,32,1,1",155,31,[NULL]
2,"8,3,327,1,1",155,31,[NULL]
3,"8,3,13,1,23,1,80,1,1",155,31,[NULL]
0,1314,156,30,[NULL]
1,"8,2,17,1,255,1,1",156,30,[NULL]
2,"8,2,13,3,101,1,1",156,30,[NULL]
0,"8,1,971",157,29,[NULL]
1,"8,1,13,4,80,1,1",157,29,[NULL]
2,"8,2,530,1,1",157,29,[NULL]
3,"0,1,64,1,260,1,1",157,29,[NULL]
0,1315,158,28,[NULL]
1,"13,2,167,1,28",158,28,[NULL]
2,"13,3,23,1,101,1,1",158,28,[NULL]
3,"8,3,9,1,212,1,1",158,28,[NULL]
4,"64,1,278,1,0",158,28,[NULL]
5,"1,1,919,1,0",158,28,[NULL]
0,"13,3,83,1,30",159,27,[NULL]
1,"642,1,14",159,27,[NULL]
2,"921,1,1",159,27,[NULL]
3,"920,1,1",159,27,[NULL]
4,"919,1,1",159,27,[NULL]
5,"8,2,9,1,13,1,188,1,1",159,27,[NULL]
6,"940,1,0",159,27,[NULL]
7,"13,1,23,1,292,1,0",159,27,[NULL]
0,"13,4,67,1,14",160,26,[NULL]
1,"8,1,627,1,3",160,26,[NULL]
2,"832,1,2",160,26,[NULL]
3,"8,1,64,1,187,1,1",160,26,[NULL]
4,"8,1,9,1,13,1,267,1,1",160,26,[NULL]
5,"0,1,898,1,1",160,26,[NULL]
0,"0,1,64,1,209,1,6",161,25,[NULL]
1,"832,1,3",161,25,[NULL]
2,"9,1,13,1,23,1,188,1,1",161,25,[NULL]
3,"8,1,64,1,188,1,1",161,25,[NULL]
4,"0,1,8,1,690,1,1",161,25,[NULL]
0,1316,162,24,[NULL]
1,"13,1,23,1,286,1,1",162,24,[NULL]
2,"8,1,704,1,1",162,24,[NULL]
3,"0,1,903,1,1",162,24,[NULL]
4,"64,1,279,1,0",162,24,[NULL]
5,"9,1,690,1,0",162,24,[NULL]
0,"922,1,1",163,23,[NULL]
1,"13,1,23,1,287,1,1",163,23,[NULL]
2,"8,1,705,1,1",163,23,[NULL]
3,"2,1,876,1,1",163,23,[NULL]
4,"941,1,0",163,23,[NULL]
5,"13,2,423,1,0",163,23,[NULL]
0,"8,1,613,1,4",164,22,[NULL]
1,"13,1,640,1,1",164,22,[NULL]
2,"2,1,877,1,1",164,22,[NULL]
3,"13,2,23,1,181,1,0",164,22,[NULL]
4,"8,1,729,1,0",164,22,[NULL]
0,1317,165,21,[NULL]
1,"417,1,40",165,21,[NULL]
2,"942,1,0",165,21,[NULL]
3,"1,1,64,1,269,1,0",165,21,[NULL]
0,1318,166,20,[NULL]
1,"324,1,56",166,20,[NULL]
2,"13,1,417,1,14",166,20,[NULL]
3,"64,1,269,1,1",166,20,[NULL]
4,"13,2,408,1,1",166,20,[NULL]
5,"943,1,0",166,20,[NULL]
0,1319,167,19,[NULL]
1,"324,1,57",167,19,[NULL]
2,"13,2,411,1,1",167,19,[NULL]
3,"7,1,729,1,1",167,19,[NULL]
4,"945,1,0",167,19,[NULL]
0,1320,168,18,[NULL]
1,"485,1,30",168,18,[NULL]
2,"0,1,906,1,1",168,18,[NULL]
3,"0,1,49,1,324,1,1",168,18,[NULL]
4,"946,1,0",168,18,[NULL]
0,1321,169,17,[NULL]
1,"923,1,1",169,17,[NULL]
2,"947,1,0",169,17,[NULL]
3,"55,1,324,1,0",169,17,[NULL]
0,"843,1,3",170,16,[NULL]
1,"3,1,825,1,1",170,16,[NULL]
2,"948,1,0",170,16,[NULL]
3,"56,1,324,1,0",170,16,[NULL]
0,"75,1,337",171,15,[NULL]
1,"711,1,8",171,15,[NULL]
2,"8,1,17,1,324,1,2",171,15,[NULL]
3,"3,2,730,1,1",171,15,[NULL]
4,"0,1,3,1,815,1,1",171,15,[NULL]
5,"1,1,43,1,412,1,0",171,15,[NULL]
0,"712,1,8",172,14,[NULL]
1,"43,1,412,1,1",172,14,[NULL]
2,"3,2,732,1,1",172,14,[NULL]
3,"0,1,8,3,324,1,1",172,14,[NULL]
4,"949,1,0",172,14,[NULL]
5,"3,1,43,1,333,1,0",172,14,[NULL]
6,"1,1,924,1,0",172,14,[NULL]
0,1322,173,13,[NULL]
1,"924,1,1",173,13,[NULL]
2,"1,2,884,1,1",173,13,[NULL]
3,"950,1,0",173,13,[NULL]
4,"8,2,9,1,324,1,0",173,13,[NULL]
0,"2,1,884,1,1",174,12,[NULL]
1,"2,1,893,1,0",174,12,[NULL]
0,"368,1,47",175,11,[NULL]
1,"1,1,925,1,0",175,11,[NULL]
0,"18,1,757",176,10,[NULL]
1,"43,1,534",176,10,[NULL]
2,"526,1,28",176,10,[NULL]
3,"925,1,1",176,10,[NULL]
4,"1,1,12,1,18,1,324,1,0",176,10,[NULL]
0,1323,177,9,[NULL]
1,"43,1,536",177,9,[NULL]
2,"324,1,58",177,9,[NULL]
3,"12,1,18,1,324,1,1",177,9,[NULL]
4,"2,1,885,1,1",177,9,[NULL]
5,"1,1,48,1,324,1,1",177,9,[NULL]
6,"13,1,660,1,0",177,9,[NULL]
0,"324,1,59",178,8,[NULL]
1,"53,1,324,1,1",178,8,[NULL]
2,"2,1,894,1,0",178,8,[NULL]
0,"2,1,324,1,47",179,7,[NULL]
1,"849,1,2",179,7,[NULL]
0,1324,180,6,[NULL]
1,"849,1,3",180,6,[NULL]
2,"850,1,2",180,6,[NULL]
3,"57,1,324,1,0",180,6,[NULL]
0,"18,1,324,1,14",181,5,[NULL]
1,"850,1,3",181,5,[NULL]
0,"1,1,895,1,1",125,62,[NULL]
0,"926,1,1",126,61,[NULL]
0,"951,1,0",127,60,[NULL]
0,"851,1,2",128,59,[NULL]
0,"852,1,2",129,58,[NULL]
0,"0,1,8,1,700,1,1",130,57,[NULL]
0,"8,2,553,1,0",131,56,[NULL]
0,"8,2,554,1,0",132,55,[NULL]
0,"0,1,916,1,1",136,51,[NULL]
0,"952,1,0",137,50,[NULL]
0,"953,1,0",138,49,[NULL]
0,"8,1,636,1,2",139,48,[NULL]
0,"0,1,8,1,16,1,402,1,1",140,47,[NULL]
0,"8,2,555,1,0",141,46,[NULL]
0,"8,2,556,1,0",142,45,[NULL]
0,1325,143,44,[NULL]
1,"8,1,17,1,433,1,0",143,44,[NULL]
0,1326,144,43,[NULL]
0,1327,145,42,[NULL]
0,"116,1,236",146,41,[NULL]
0,"452,1,36",147,40,[NULL]
1,"64,1,224,1,5",147,40,[NULL]
0,"488,1,30",148,39,[NULL]
1,"0,1,918,1,1",148,39,[NULL]
0,"343,1,50",149,38,[NULL]
1,"954,1,0",149,38,[NULL]
0,"489,1,30",150,37,[NULL]
1,"955,1,0",150,37,[NULL]
0,"490,1,30",151,36,[NULL]
0,1328,152,35,[NULL]
1,"8,2,206,1,30",152,35,[NULL]
0,1329,153,34,[NULL]
1,"8,1,17,1,160,1,30",153,34,[NULL]
0,"137,1,203",154,33,[NULL]
1,"491,1,30",154,33,[NULL]
2,"8,2,207,1,30",154,33,[NULL]
3,"1,1,149,2,0",154,33,[NULL]
0,"138,1,203",155,32,[NULL]
1,"260,1,82",155,32,[NULL]
2,"8,2,208,1,30",155,32,[NULL]
3,"149,2,1",155,32,[NULL]
0,"149,1,181",156,31,[NULL]
1,"8,1,260,1,39",156,31,[NULL]
2,"8,1,9,1,194,1,30",156,31,[NULL]
3,"927,1,1",156,31,[NULL]
4,"13,6,32,1,0",156,31,[NULL]
0,"8,1,72,1,216",157,30,[NULL]
1,"8,1,278,1,36",157,30,[NULL]
2,"9,1,13,1,167,1,30",157,30,[NULL]
3,"928,1,1",157,30,[NULL]
4,"13,6,33,1,0",157,30,[NULL]
5,"1,2,64,1,260,1,0",157,30,[NULL]
0,"347,1,49",158,29,[NULL]
1,"8,1,291,1,30",158,29,[NULL]
2,"64,1,274,1,1",158,29,[NULL]
3,"8,1,715,1,1",158,29,[NULL]
4,"1,1,64,1,260,1,1",158,29,[NULL]
0,"455,1,36",159,28,[NULL]
1,"8,1,292,1,30",159,28,[NULL]
2,"13,1,642,1,1",159,28,[NULL]
3,"956,1,0",159,28,[NULL]
0,"346,1,51",160,27,[NULL]
1,"492,1,30",160,27,[NULL]
2,"23,1,537,1,1",160,27,[NULL]
3,"13,5,67,1,1",160,27,[NULL]
4,"1,2,898,1,0",160,27,[NULL]
0,1330,161,26,[NULL]
1,"8,1,293,1,30",161,26,[NULL]
2,"9,1,13,4,75,1,1",161,26,[NULL]
3,"8,1,69,1,185,1,1",161,26,[NULL]
4,"1,1,898,1,1",161,26,[NULL]
5,"958,1,0",161,26,[NULL]
6,"13,1,23,1,303,1,0",161,26,[NULL]
7,"1,1,5,1,64,1,209,1,0",161,26,[NULL]
0,1331,162,25,[NULL]
1,"8,2,209,1,30",162,25,[NULL]
2,"5,1,64,1,209,1,1",162,25,[NULL]
3,"1,1,899,1,1",162,25,[NULL]
4,"13,2,23,1,188,1,0",162,25,[NULL]
5,"2,1,899,1,0",162,25,[NULL]
0,"64,1,370",163,24,[NULL]
1,"8,1,294,1,30",163,24,[NULL]
2,"3,1,832,1,1",163,24,[NULL]
3,"13,2,23,1,189,1,0",163,24,[NULL]
4,"2,1,901,1,0",163,24,[NULL]
0,1332,164,23,[NULL]
1,"72,1,346",164,23,[NULL]
2,"13,1,261,1,30",164,23,[NULL]
3,"13,1,286,1,28",164,23,[NULL]
4,"929,1,1",164,23,[NULL]
5,"1,1,13,1,628,1,1",164,23,[NULL]
6,"1,1,64,1,275,1,0",164,23,[NULL]
0,1333,165,22,[NULL]
1,"72,1,347",165,22,[NULL]
2,"13,1,423,1,14",165,22,[NULL]
3,"857,1,3",165,22,[NULL]
4,"67,1,266,1,1",165,22,[NULL]
5,"64,1,275,1,1",165,22,[NULL]
6,"1,1,8,1,692,1,1",165,22,[NULL]
7,"13,2,23,1,190,1,0",165,22,[NULL]
8,"1,1,930,1,0",165,22,[NULL]
0,1334,166,21,[NULL]
1,"89,1,306",166,21,[NULL]
2,"822,1,4",166,21,[NULL]
3,"930,1,1",166,21,[NULL]
4,"67,1,267,1,1",166,21,[NULL]
5,"13,2,417,1,1",166,21,[NULL]
0,1335,167,20,[NULL]
1,"68,1,267,1,1",167,20,[NULL]
2,"9,1,677,1,1",167,20,[NULL]
3,"959,1,0",167,20,[NULL]
4,"1,1,931,1,0",167,20,[NULL]
0,1338,168,19,[NULL]
1,1337,168,19,[NULL]
2,1336,168,19,[NULL]
3,"13,1,288,1,28",168,19,[NULL]
4,"931,1,1",168,19,[NULL]
5,"960,1,0",168,19,[NULL]
6,"1,2,49,1,324,1,0",168,19,[NULL]
0,1339,169,18,[NULL]
1,"9,1,13,1,450,1,1",169,18,[NULL]
2,"3,1,838,1,1",169,18,[NULL]
3,"1,1,906,1,1",169,18,[NULL]
4,"1,1,49,1,324,1,1",169,18,[NULL]
5,"1,1,932,1,0",169,18,[NULL]
0,1340,170,17,[NULL]
1,"824,1,4",170,17,[NULL]
2,"932,1,1",170,17,[NULL]
3,"1,1,909,1,1",170,17,[NULL]
0,"92,1,306",171,16,[NULL]
1,"3,1,841,1,1",171,16,[NULL]
2,"70,1,275,1,0",171,16,[NULL]
0,1342,172,15,[NULL]
1,1341,172,15,[NULL]
2,"933,1,1",172,15,[NULL]
3,"3,1,843,1,1",172,15,[NULL]
4,"3,1,842,1,1",172,15,[NULL]
0,1344,173,14,[NULL]
1,1343,173,14,[NULL]
2,"373,1,47",173,14,[NULL]
3,"719,1,8",173,14,[NULL]
4,"826,1,4",173,14,[NULL]
5,"934,1,1",173,14,[NULL]
6,"3,2,769,1,0",173,14,[NULL]
7,"1,1,935,1,0",173,14,[NULL]
0,1347,174,13,[NULL]
1,1346,174,13,[NULL]
2,1345,174,13,[NULL]
3,"43,1,545",174,13,[NULL]
4,"270,1,80",174,13,[NULL]
5,"324,1,60",174,13,[NULL]
6,"376,1,47",174,13,[NULL]
7,"936,1,1",174,13,[NULL]
8,"935,1,1",174,13,[NULL]
9,"7,1,769,1,0",174,13,[NULL]
10,"2,1,912,1,0",174,13,[NULL]
0,1348,175,12,[NULL]
1,"3,1,1197",175,12,[NULL]
2,"43,1,546",175,12,[NULL]
3,"69,1,366",175,12,[NULL]
4,"324,1,61",175,12,[NULL]
5,"352,1,53",175,12,[NULL]
6,"937,1,1",175,12,[NULL]
7,"1,1,18,1,563,1,1",175,12,[NULL]
8,"76,1,264,1,0",175,12,[NULL]
9,"18,1,591,1,0",175,12,[NULL]
10,"2,1,43,1,396,1,0",175,12,[NULL]
11,"1,1,938,1,0",175,12,[NULL]
0,"3,1,1198",176,11,[NULL]
1,"18,1,774",176,11,[NULL]
2,"43,1,549",176,11,[NULL]
3,"324,1,62",176,11,[NULL]
4,"938,1,1",176,11,[NULL]
5,"7,1,746,1,1",176,11,[NULL]
6,"961,1,0",176,11,[NULL]
7,"2,1,43,1,398,1,0",176,11,[NULL]
8,"1,1,3,1,847,1,0",176,11,[NULL]
0,1349,177,10,[NULL]
1,"3,1,847,1,1",177,10,[NULL]
2,"2,1,43,1,400,1,0",177,10,[NULL]
0,1350,178,9,[NULL]
1,"3,1,18,1,525,1,0",178,9,[NULL]
0,1351,179,8,[NULL]
1,"324,1,63",179,8,[NULL]
2,"2,1,913,1,0",179,8,[NULL]
0,"18,1,324,1,16",180,7,[NULL]
1,"54,1,324,1,1",180,7,[NULL]
2,"2,1,914,1,0",180,7,[NULL]
3,"1,1,3,1,43,1,324,1,0",180,7,[NULL]
0,"324,1,64",181,6,[NULL]
1,"3,1,43,1,324,1,1",181,6,[NULL]
2,"2,2,849,1,1",181,6,[NULL]
3,"2,1,11,1,18,1,324,1,0",181,6,[NULL]
0,"2,2,850,1,1",182,5,[NULL]
0,1352,133,55,[NULL]
0,1353,134,54,[NULL]
0,"431,1,39",135,53,[NULL]
0,"469,1,36",136,52,[NULL]
1,"1,2,916,1,0",136,52,[NULL]
0,"8,1,295,1,30",137,51,[NULL]
1,"1,1,916,1,1",137,51,[NULL]
0,"8,1,296,1,30",138,50,[NULL]
0,"8,2,182,1,39",139,49,[NULL]
0,"498,1,30",140,48,[NULL]
0,"8,3,145,1,30",141,47,[NULL]
0,"8,2,16,1,111,1,30",142,46,[NULL]
1,"685,1,11",142,46,[NULL]
0,1354,143,45,[NULL]
1,"8,2,17,1,111,1,30",143,45,[NULL]
0,"8,2,211,1,30",144,44,[NULL]
1,"8,1,722,1,1",144,44,[NULL]
2,"1,1,42,1,402,1,1",144,44,[NULL]
0,"432,1,39",145,43,[NULL]
1,"8,5,49,1,30",145,43,[NULL]
2,"17,1,595,1,1",145,43,[NULL]
0,"16,1,224,1,36",146,42,[NULL]
1,"8,5,50,1,30",146,42,[NULL]
2,"8,1,723,1,1",146,42,[NULL]
0,"8,1,297,1,30",147,41,[NULL]
1,"8,3,16,1,17,2,30",147,41,[NULL]
2,"8,1,724,1,1",147,41,[NULL]
0,"8,1,298,1,30",148,40,[NULL]
1,"8,4,88,1,30",148,40,[NULL]
2,"8,3,343,1,1",148,40,[NULL]
0,1355,149,39,[NULL]
1,"17,1,238,1,30",149,39,[NULL]
2,"8,8,30",149,39,[NULL]
3,"8,2,17,1,257,1,1",149,39,[NULL]
0,"8,3,137,1,36",150,38,[NULL]
1,"8,6,22,1,30",150,38,[NULL]
2,"8,1,725,1,1",150,38,[NULL]
3,"8,3,344,1,1",150,38,[NULL]
0,"49,1,461",151,37,[NULL]
1,"8,3,146,1,30",151,37,[NULL]
2,"8,6,23,1,30",151,37,[NULL]
3,"17,1,491,1,6",151,37,[NULL]
4,"8,3,345,1,1",151,37,[NULL]
0,"50,1,461",152,36,[NULL]
1,"8,3,147,1,30",152,36,[NULL]
2,"8,5,51,1,30",152,36,[NULL]
3,"8,1,623,1,4",152,36,[NULL]
4,"8,5,160,1,1",152,36,[NULL]
5,"1,1,939,1,0",152,36,[NULL]
0,"137,1,211",153,35,[NULL]
1,"8,2,17,1,113,1,30",153,35,[NULL]
2,"8,4,13,3,30",153,35,[NULL]
3,"795,1,6",153,35,[NULL]
4,"17,1,516,1,4",153,35,[NULL]
5,"939,1,1",153,35,[NULL]
6,"8,4,232,1,1",153,35,[NULL]
0,"138,1,211",154,34,[NULL]
1,"8,1,17,1,162,1,30",154,34,[NULL]
2,"8,3,13,2,32,1,30",154,34,[NULL]
3,"16,1,64,1,149,1,1",154,34,[NULL]
4,"8,2,16,1,260,1,1",154,34,[NULL]
5,"8,4,233,1,1",154,34,[NULL]
0,"64,2,72",155,33,[NULL]
1,"8,2,13,3,23,1,30",155,33,[NULL]
2,"8,4,89,1,30",155,33,[NULL]
3,"16,1,598,1,1",155,33,[NULL]
4,"8,2,17,1,260,1,1",155,33,[NULL]
5,"8,3,9,1,219,1,1",155,33,[NULL]
6,"0,1,149,2,1",155,33,[NULL]
0,"64,1,112,1,36",156,32,[NULL]
1,"8,1,13,3,51,1,30",156,32,[NULL]
2,"8,3,9,1,80,1,30",156,32,[NULL]
3,"16,1,17,1,292,1,1",156,32,[NULL]
4,"8,1,726,1,1",156,32,[NULL]
5,"8,2,9,1,13,1,194,1,1",156,32,[NULL]
6,"149,1,160,1,0",156,32,[NULL]
0,"13,6,30",157,31,[NULL]
1,"8,1,64,2,30",157,31,[NULL]
2,"8,2,23,1,89,1,30",157,31,[NULL]
3,"8,1,42,1,260,1,1",157,31,[NULL]
4,"8,1,9,1,13,2,167,1,1",157,31,[NULL]
5,"8,2,549,1,1",157,31,[NULL]
0,"8,1,299,1,30",158,30,[NULL]
1,"8,1,9,1,23,1,80,1,30",158,30,[NULL]
2,"13,5,32,1,14",158,30,[NULL]
3,"9,1,13,2,248,1,1",158,30,[NULL]
4,"8,3,347,1,1",158,30,[NULL]
5,"8,3,346,1,1",158,30,[NULL]
0,"499,1,30",159,29,[NULL]
1,"9,1,13,2,101,1,30",159,29,[NULL]
2,"8,2,550,1,1",159,29,[NULL]
3,"8,2,13,1,292,1,1",159,29,[NULL]
0,"8,2,201,1,36",160,28,[NULL]
1,"64,1,278,1,1",160,28,[NULL]
2,"8,1,23,1,346,1,1",160,28,[NULL]
3,"8,3,348,1,1",160,28,[NULL]
4,"1,1,919,1,1",160,28,[NULL]
0,1356,161,27,[NULL]
1,"23,1,721",161,27,[NULL]
2,"13,3,32,1,107",161,27,[NULL]
3,"8,2,212,1,30",161,27,[NULL]
4,"940,1,1",161,27,[NULL]
5,"13,1,23,1,292,1,1",161,27,[NULL]
6,"8,3,350,1,1",161,27,[NULL]
0,"0,1,1331",162,26,[NULL]
1,"16,1,815",162,26,[NULL]
2,"13,1,266,1,30",162,26,[NULL]
3,"8,1,13,1,188,1,30",162,26,[NULL]
4,"537,1,28",162,26,[NULL]
5,"13,3,105,1,28",162,26,[NULL]
6,"8,1,627,1,4",162,26,[NULL]
7,"8,3,13,1,209,1,1",162,26,[NULL]
8,"963,1,0",162,26,[NULL]
9,"13,5,75,1,0",162,26,[NULL]
0,"19,1,769",163,25,[NULL]
1,"13,1,267,1,30",163,25,[NULL]
2,"538,1,28",163,25,[NULL]
3,"655,1,16",163,25,[NULL]
4,"23,1,303,1,14",163,25,[NULL]
5,"832,1,4",163,25,[NULL]
6,"8,2,13,1,294,1,1",163,25,[NULL]
7,"0,1,3,1,832,1,1",163,25,[NULL]
8,"13,5,76,1,0",163,25,[NULL]
0,1357,164,24,[NULL]
1,"2,1,1270",164,24,[NULL]
2,"20,1,769",164,24,[NULL]
3,"381,1,47",164,24,[NULL]
4,"13,1,23,1,188,1,14",164,24,[NULL]
5,"64,1,279,1,1",164,24,[NULL]
6,"9,1,690,1,1",164,24,[NULL]
7,"8,1,13,2,261,1,1",164,24,[NULL]
8,"1,1,941,1,0",164,24,[NULL]
0,1358,165,23,[NULL]
1,"13,1,892",165,23,[NULL]
2,"833,1,4",165,23,[NULL]
3,"941,1,1",165,23,[NULL]
4,"64,1,280,1,1",165,23,[NULL]
5,"13,2,423,1,1",165,23,[NULL]
6,"3,1,876,1,0",165,23,[NULL]
7,"2,2,877,1,0",165,23,[NULL]
0,"209,1,130",166,22,[NULL]
1,"209,1,129",166,22,[NULL]
2,"23,1,213,1,30",166,22,[NULL]
3,"13,2,23,1,181,1,1",166,22,[NULL]
4,"8,1,729,1,1",166,22,[NULL]
5,"0,1,930,1,1",166,22,[NULL]
6,"3,1,877,1,0",166,22,[NULL]
0,"13,1,895",167,21,[NULL]
1,"13,1,23,1,190,1,14",167,21,[NULL]
2,"942,1,1",167,21,[NULL]
3,"9,1,692,1,1",167,21,[NULL]
4,"1,1,64,1,269,1,1",167,21,[NULL]
5,"67,1,286,1,0",167,21,[NULL]
6,"1,1,943,1,0",167,21,[NULL]
0,"335,1,58",168,20,[NULL]
1,"944,1,1",168,20,[NULL]
2,"943,1,1",168,20,[NULL]
3,"67,1,287,1,0",168,20,[NULL]
4,"58,1,324,1,0",168,20,[NULL]
5,"13,1,677,1,0",168,20,[NULL]
0,"324,1,65",169,19,[NULL]
1,"825,1,5",169,19,[NULL]
2,"945,1,1",169,19,[NULL]
3,"964,1,0",169,19,[NULL]
4,"13,1,679,1,0",169,19,[NULL]
0,"13,1,898",170,18,[NULL]
1,"946,1,1",170,18,[NULL]
2,"0,1,932,1,1",170,18,[NULL]
3,"13,2,450,1,0",170,18,[NULL]
0,1359,171,17,[NULL]
1,"947,1,1",171,17,[NULL]
2,"55,1,324,1,1",171,17,[NULL]
3,"0,1,3,1,841,1,1",171,17,[NULL]
4,"13,1,682,1,0",171,17,[NULL]
5,"13,1,681,1,0",171,17,[NULL]
0,"543,1,28",172,16,[NULL]
1,"843,1,4",172,16,[NULL]
2,"18,1,502,1,4",172,16,[NULL]
3,"948,1,1",172,16,[NULL]
4,"56,1,324,1,1",172,16,[NULL]
5,"965,1,0",172,16,[NULL]
0,1360,173,15,[NULL]
1,"845,1,4",173,15,[NULL]
2,"8,1,16,1,324,1,4",173,15,[NULL]
3,"1,1,43,1,412,1,1",173,15,[NULL]
4,"967,1,0",173,15,[NULL]
5,"3,1,882,1,0",173,15,[NULL]
0,"734,1,8",174,14,[NULL]
1,"8,1,17,1,324,1,4",174,14,[NULL]
2,"949,1,1",174,14,[NULL]
3,"3,1,43,1,333,1,1",174,14,[NULL]
4,"1,1,924,1,1",174,14,[NULL]
5,"0,1,935,1,1",174,14,[NULL]
6,"69,1,287,1,0",174,14,[NULL]
0,1361,175,13,[NULL]
1,"198,1,148",175,13,[NULL]
2,"756,1,7",175,13,[NULL]
3,"950,1,1",175,13,[NULL]
4,"8,2,9,1,324,1,1",175,13,[NULL]
5,"3,1,861,1,1",175,13,[NULL]
6,"2,2,884,1,0",175,13,[NULL]
0,1362,176,12,[NULL]
1,"0,1,18,1,774",176,12,[NULL]
2,"264,1,84",176,12,[NULL]
3,"398,1,46",176,12,[NULL]
4,"8,1,29,1,324,1,1",176,12,[NULL]
5,"2,1,893,1,1",176,12,[NULL]
6,"0,1,938,1,1",176,12,[NULL]
7,"3,1,884,1,0",176,12,[NULL]
0,1363,177,11,[NULL]
1,"0,1,1349",177,11,[NULL]
2,"398,1,47",177,11,[NULL]
3,"9,1,23,1,324,1,1",177,11,[NULL]
4,"1,1,925,1,1",177,11,[NULL]
5,"0,1,3,1,847,1,1",177,11,[NULL]
6,"968,1,0",177,11,[NULL]
0,"400,1,47",178,10,[NULL]
1,"18,1,368,1,12",178,10,[NULL]
2,"848,1,4",178,10,[NULL]
3,"1,1,12,1,18,1,324,1,1",178,10,[NULL]
4,"1,1,13,1,660,1,0",178,10,[NULL]
0,"0,1,1351",179,9,[NULL]
1,"699,1,12",179,9,[NULL]
2,"13,1,660,1,1",179,9,[NULL]
3,"2,1,53,1,324,1,0",179,9,[NULL]
0,"18,1,506,1,4",180,8,[NULL]
1,"8,1,18,1,324,1,3",180,8,[NULL]
2,"2,1,894,1,1",180,8,[NULL]
0,"18,1,792",181,7,[NULL]
1,"324,1,66",181,7,[NULL]
2,"0,1,3,1,43,1,324,1,1",181,7,[NULL]
3,"4,1,849,1,0",181,7,[NULL]
0,"2,1,18,1,324,1,12",182,6,[NULL]
1,"849,1,4",182,6,[NULL]
2,"57,1,324,1,1",182,6,[NULL]
3,"4,1,850,1,0",182,6,[NULL]
0,"850,1,4",183,5,[NULL]
0,"1,1,951,1,0",128,61,[NULL]
0,"951,1,1",129,60,[NULL]
0,"804,1,6",130,59,[NULL]
0,"851,1,4",131,58,[NULL]
0,"852,1,4",132,57,[NULL]
0,"8,2,553,1,1",133,56,[NULL]
0,"8,2,554,1,1",134,55,[NULL]
0,"16,1,17,1,296,1,1",135,54,[NULL]
0,"8,1,736,1,1",136,53,[NULL]
0,"8,4,236,1,1",137,52,[NULL]
0,"8,3,16,1,183,1,1",138,51,[NULL]
0,"952,1,1",139,50,[NULL]
1,"8,3,17,1,183,1,1",139,50,[NULL]
0,"953,1,1",140,49,[NULL]
1,"8,3,354,1,1",140,49,[NULL]
0,"8,1,635,1,4",141,48,[NULL]
1,"8,6,110,1,1",141,48,[NULL]
2,"969,1,0",141,48,[NULL]
0,"8,1,636,1,4",142,47,[NULL]
1,"871,1,2",142,47,[NULL]
2,"8,6,111,1,1",142,47,[NULL]
0,"871,1,3",143,46,[NULL]
1,"8,2,555,1,1",143,46,[NULL]
2,"8,4,16,1,17,1,50,1,1",143,46,[NULL]
0,"8,2,556,1,1",144,45,[NULL]
1,"8,5,161,1,1",144,45,[NULL]
2,"970,1,0",144,45,[NULL]
0,"8,1,17,1,433,1,1",145,44,[NULL]
1,"8,8,31,1,1",145,44,[NULL]
0,"17,2,298,1,1",146,43,[NULL]
1,"8,7,16,1,17,1,1",146,43,[NULL]
0,"8,4,237,1,1",147,42,[NULL]
1,"8,7,17,2,1",147,42,[NULL]
0,"725,1,9",148,41,[NULL]
1,"8,4,238,1,1",148,41,[NULL]
2,"8,7,60,1,1",148,41,[NULL]
3,"5,1,64,1,224,1,0",148,41,[NULL]
0,"725,1,10",149,40,[NULL]
1,"64,1,224,1,6",149,40,[NULL]
2,"8,3,17,1,185,1,1",149,40,[NULL]
3,"8,9,13,1,1",149,40,[NULL]
0,"64,1,225,1,6",150,39,[NULL]
1,"8,2,17,2,147,1,1",150,39,[NULL]
2,"8,8,32,1,1",150,39,[NULL]
3,"0,1,8,1,725,1,1",150,39,[NULL]
0,"954,1,1",151,38,[NULL]
1,"8,6,112,1,1",151,38,[NULL]
2,"8,7,13,1,23,1,1",151,38,[NULL]
3,"8,1,759,1,0",151,38,[NULL]
4,"1,1,955,1,0",151,38,[NULL]
0,"64,1,238,1,4",152,37,[NULL]
1,"64,1,244,1,2",152,37,[NULL]
2,"955,1,1",152,37,[NULL]
3,"8,6,113,1,1",152,37,[NULL]
4,"8,6,13,1,51,1,1",152,37,[NULL]
5,"17,1,623,1,0",152,37,[NULL]
0,"16,1,17,1,260,1,2",153,36,[NULL]
1,"8,2,64,1,137,1,1",153,36,[NULL]
2,"8,5,162,1,1",153,36,[NULL]
3,"8,5,13,4,1",153,36,[NULL]
4,"971,1,0",153,36,[NULL]
0,"8,2,64,1,138,1,1",154,35,[NULL]
1,"8,4,23,1,113,1,1",154,35,[NULL]
2,"8,4,13,3,32,1,1",154,35,[NULL]
3,"0,1,8,2,16,1,260,1,1",154,35,[NULL]
0,"8,2,557,1,1",155,34,[NULL]
1,"8,3,13,4,23,1,1",155,34,[NULL]
2,"8,5,9,1,101,1,1",155,34,[NULL]
3,"8,3,380,1,0",155,34,[NULL]
4,"1,2,149,2,0",155,34,[NULL]
0,"8,2,559,1,1",156,33,[NULL]
1,"8,2,13,4,51,1,1",156,33,[NULL]
2,"8,4,9,1,13,1,80,1,1",156,33,[NULL]
3,"1,1,149,2,1",156,33,[NULL]
0,1364,157,32,[NULL]
1,"8,1,13,7,1",157,32,[NULL]
2,"8,3,16,1,187,1,1",157,32,[NULL]
3,"8,3,9,1,23,1,101,1,1",157,32,[NULL]
0,1365,158,31,[NULL]
1,"13,6,32,1,1",158,31,[NULL]
2,"8,2,9,1,13,1,23,1,80,1,1",158,31,[NULL]
3,"8,3,16,1,188,1,1",158,31,[NULL]
0,1366,159,30,[NULL]
1,"13,6,33,1,1",159,30,[NULL]
2,"8,1,9,1,13,3,101,1,1",159,30,[NULL]
3,"8,3,17,1,188,1,1",159,30,[NULL]
4,"1,2,64,1,260,1,1",159,30,[NULL]
5,"13,3,248,1,0",159,30,[NULL]
0,"9,1,971",160,29,[NULL]
1,"9,1,13,4,80,1,1",160,29,[NULL]
2,"8,2,17,1,267,1,1",160,29,[NULL]
3,"0,1,64,1,278,1,1",160,29,[NULL]
4,"13,4,150,1,0",160,29,[NULL]
0,"956,1,1",161,28,[NULL]
1,"8,3,13,1,212,1,1",161,28,[NULL]
2,"16,1,627,1,0",161,28,[NULL]
0,"957,1,1",162,27,[NULL]
1,"8,2,13,2,188,1,1",162,27,[NULL]
2,"1,2,898,1,1",162,27,[NULL]
3,"17,1,627,1,0",162,27,[NULL]
4,"1,1,958,1,0",162,27,[NULL]
0,"13,3,95,1,30",163,26,[NULL]
1,"874,1,2",163,26,[NULL]
2,"958,1,1",163,26,[NULL]
3,"13,1,23,1,303,1,1",163,26,[NULL]
4,"8,1,64,1,201,1,1",163,26,[NULL]
5,"8,1,13,2,267,1,1",163,26,[NULL]
6,"1,1,5,1,64,1,209,1,1",163,26,[NULL]
7,"974,1,0",163,26,[NULL]
8,"973,1,0",163,26,[NULL]
0,"13,4,75,1,14",164,25,[NULL]
1,"13,2,23,1,188,1,1",164,25,[NULL]
2,"9,1,13,1,472,1,1",164,25,[NULL]
3,"8,1,72,1,188,1,1",164,25,[NULL]
4,"2,1,899,1,1",164,25,[NULL]
5,"0,1,9,1,690,1,1",164,25,[NULL]
6,"977,1,0",164,25,[NULL]
7,"975,1,0",164,25,[NULL]
8,"64,1,293,1,0",164,25,[NULL]
0,"13,2,23,1,189,1,1",165,24,[NULL]
1,"8,1,738,1,1",165,24,[NULL]
2,"2,1,901,1,1",165,24,[NULL]
3,"0,1,941,1,1",165,24,[NULL]
4,"978,1,0",165,24,[NULL]
5,"13,1,690,1,0",165,24,[NULL]
0,1367,166,23,[NULL]
1,"877,1,3",166,23,[NULL]
2,"9,1,705,1,1",166,23,[NULL]
3,"1,1,64,1,275,1,1",166,23,[NULL]
4,"979,1,0",166,23,[NULL]
0,"3,1,1223",167,22,[NULL]
1,"13,1,294,1,28",167,22,[NULL]
2,"857,1,4",167,22,[NULL]
3,"13,2,23,1,190,1,1",167,22,[NULL]
4,"1,1,930,1,1",167,22,[NULL]
5,"2,1,930,1,0",167,22,[NULL]
0,1368,168,21,[NULL]
1,"324,1,67",168,21,[NULL]
2,"328,1,66",168,21,[NULL]
3,"9,1,13,1,474,1,1",168,21,[NULL]
4,"981,1,0",168,21,[NULL]
5,"13,1,692,1,0",168,21,[NULL]
6,"13,1,691,1,0",168,21,[NULL]
7,"1,1,959,1,0",168,21,[NULL]
0,"13,1,912",169,20,[NULL]
1,"266,1,84",169,20,[NULL]
2,"0,1,324,1,65",169,20,[NULL]
3,"959,1,1",169,20,[NULL]
4,"1,1,931,1,1",169,20,[NULL]
5,"982,1,0",169,20,[NULL]
0,1369,170,19,[NULL]
1,"677,1,14",170,19,[NULL]
2,"960,1,1",170,19,[NULL]
3,"1,2,906,1,1",170,19,[NULL]
4,"1,2,49,1,324,1,1",170,19,[NULL]
0,1370,171,18,[NULL]
1,"450,1,40",171,18,[NULL]
2,"1,1,932,1,1",171,18,[NULL]
3,"0,1,55,1,324,1,1",171,18,[NULL]
4,"985,1,0",171,18,[NULL]
0,1371,172,17,[NULL]
1,"408,1,47",172,17,[NULL]
2,"13,1,450,1,14",172,17,[NULL]
3,"8,1,31,1,324,1,0",172,17,[NULL]
0,"681,1,14",173,16,[NULL]
1,"70,1,275,1,1",173,16,[NULL]
2,"987,1,0",173,16,[NULL]
3,"16,1,17,1,324,1,0",173,16,[NULL]
0,1374,174,15,[NULL]
1,1373,174,15,[NULL]
2,1372,174,15,[NULL]
3,"69,1,133,1,28",174,15,[NULL]
4,"989,1,0",174,15,[NULL]
5,"988,1,0",174,15,[NULL]
6,"17,2,324,1,0",174,15,[NULL]
0,1376,175,14,[NULL]
1,1375,175,14,[NULL]
2,"270,1,84",175,14,[NULL]
3,"3,2,769,1,1",175,14,[NULL]
4,"1,1,935,1,1",175,14,[NULL]
5,"991,1,0",175,14,[NULL]
6,"990,1,0",175,14,[NULL]
7,"59,1,324,1,0",175,14,[NULL]
0,1377,176,13,[NULL]
1,"884,1,3",176,13,[NULL]
2,"7,1,769,1,1",176,13,[NULL]
3,"2,1,912,1,1",176,13,[NULL]
4,"992,1,0",176,13,[NULL]
5,"1,1,18,1,591,1,0",176,13,[NULL]
0,"76,1,264,1,1",177,12,[NULL]
1,"18,1,591,1,1",177,12,[NULL]
2,"2,1,43,1,396,1,1",177,12,[NULL]
3,"1,1,938,1,1",177,12,[NULL]
4,"2,1,938,1,0",177,12,[NULL]
5,"2,1,7,1,746,1,0",177,12,[NULL]
6,"1,1,961,1,0",177,12,[NULL]
0,1378,178,11,[NULL]
1,"3,1,1229",178,11,[NULL]
2,"961,1,1",178,11,[NULL]
3,"2,1,43,1,398,1,1",178,11,[NULL]
4,"1,1,3,1,847,1,1",178,11,[NULL]
5,"993,1,0",178,11,[NULL]
6,"13,1,23,1,324,1,0",178,11,[NULL]
7,"3,1,43,1,368,1,0",178,11,[NULL]
0,"324,1,69",179,10,[NULL]
1,"324,1,68",179,10,[NULL]
2,"2,1,43,1,400,1,1",179,10,[NULL]
3,"0,1,13,1,660,1,1",179,10,[NULL]
4,"13,1,699,1,0",179,10,[NULL]
5,"13,1,24,1,324,1,0",179,10,[NULL]
0,"324,1,70",180,9,[NULL]
1,"3,1,18,1,525,1,1",180,9,[NULL]
2,"13,1,25,1,324,1,0",180,9,[NULL]
0,"2,1,913,1,1",181,8,[NULL]
1,"18,1,617,1,0",181,8,[NULL]
2,"2,1,54,1,324,1,0",181,8,[NULL]
0,"0,1,849,1,4",182,7,[NULL]
1,"2,1,914,1,1",182,7,[NULL]
2,"1,1,3,1,43,1,324,1,1",182,7,[NULL]
3,"994,1,0",182,7,[NULL]
4,"61,1,324,1,0",182,7,[NULL]
0,"324,1,71",183,6,[NULL]
1,"0,1,850,1,4",183,6,[NULL]
2,"2,1,11,1,18,1,324,1,1",183,6,[NULL]
0,1379,127,63,[NULL]
0,1380,128,62,[NULL]
0,"0,1,951,1,1",129,61,[NULL]
0,"995,1,0",130,60,[NULL]
0,"996,1,0",131,59,[NULL]
0,"16,1,554,1,2",132,58,[NULL]
0,"0,1,8,2,553,1,1",133,57,[NULL]
0,"8,2,578,1,0",134,56,[NULL]
0,"1,2,916,1,1",138,52,[NULL]
0,"0,1,952,1,1",139,51,[NULL]
0,"16,1,635,1,0",140,50,[NULL]
0,"16,1,636,1,0",141,49,[NULL]
0,"17,1,636,1,0",142,48,[NULL]
0,"0,1,8,2,555,1,1",143,47,[NULL]
0,"8,3,402,1,0",144,46,[NULL]
0,1381,145,45,[NULL]
1,"8,3,403,1,0",145,45,[NULL]
0,1382,146,44,[NULL]
0,"145,1,203",147,43,[NULL]
0,"111,1,282",148,42,[NULL]
0,"452,1,39",149,41,[NULL]
1,"0,1,64,1,224,1,6",149,41,[NULL]
0,"488,1,36",150,40,[NULL]
1,"64,1,297,1,0",150,40,[NULL]
0,"16,1,244,1,30",151,39,[NULL]
1,"64,1,298,1,0",151,39,[NULL]
0,"17,1,244,1,30",152,38,[NULL]
1,"8,1,778,1,0",152,38,[NULL]
0,"16,1,245,1,30",153,37,[NULL]
0,"8,1,315,1,30",154,36,[NULL]
1,"1,1,939,1,1",154,36,[NULL]
0,1383,155,35,[NULL]
1,"8,3,149,1,30",155,35,[NULL]
0,"137,1,216",156,34,[NULL]
1,"491,1,36",156,34,[NULL]
2,"8,1,16,1,167,1,30",156,34,[NULL]
0,"146,1,203",157,33,[NULL]
1,"516,1,30",157,33,[NULL]
2,"8,2,218,1,30",157,33,[NULL]
0,"147,1,203",158,32,[NULL]
1,"380,1,50",158,32,[NULL]
2,"8,2,219,1,30",158,32,[NULL]
3,"149,1,160,1,1",158,32,[NULL]
0,"160,1,181",159,31,[NULL]
1,"8,1,278,1,39",159,31,[NULL]
2,"8,1,13,1,194,1,30",159,31,[NULL]
3,"962,1,1",159,31,[NULL]
0,"347,1,60",160,30,[NULL]
1,"8,1,291,1,36",160,30,[NULL]
2,"13,2,167,1,30",160,30,[NULL]
3,"13,4,51,1,28",160,30,[NULL]
4,"8,1,753,1,1",160,30,[NULL]
5,"64,3,0",160,30,[NULL]
0,"517,1,30",161,29,[NULL]
1,"8,1,316,1,30",161,29,[NULL]
2,"13,2,248,1,14",161,29,[NULL]
3,"9,1,715,1,1",161,29,[NULL]
4,"64,1,299,1,0",161,29,[NULL]
5,"13,5,80,1,0",161,29,[NULL]
0,"518,1,30",162,28,[NULL]
1,"9,1,292,1,30",162,28,[NULL]
0,"8,1,318,1,30",163,27,[NULL]
1,"1,1,963,1,0",163,27,[NULL]
0,"3,1,1238",164,26,[NULL]
1,"248,1,107",164,26,[NULL]
2,"9,1,293,1,30",164,26,[NULL]
3,"963,1,1",164,26,[NULL]
4,"13,5,75,1,1",164,26,[NULL]
0,1384,165,25,[NULL]
1,"2,1,1316",165,25,[NULL]
2,"13,1,931",165,25,[NULL]
3,"64,1,393",165,25,[NULL]
4,"8,1,9,1,209,1,30",165,25,[NULL]
5,"13,1,303,1,28",165,25,[NULL]
6,"13,5,76,1,1",165,25,[NULL]
7,"13,2,472,1,0",165,25,[NULL]
0,1385,166,24,[NULL]
1,"72,1,370",166,24,[NULL]
2,"266,1,88",166,24,[NULL]
3,"9,1,294,1,30",166,24,[NULL]
4,"13,2,188,1,28",166,24,[NULL]
5,"1,1,941,1,1",166,24,[NULL]
6,"998,1,0",166,24,[NULL]
7,"13,2,473,1,0",166,24,[NULL]
8,"2,1,941,1,0",166,24,[NULL]
0,1386,167,23,[NULL]
1,"79,1,346",167,23,[NULL]
2,"690,1,14",167,23,[NULL]
3,"3,1,876,1,1",167,23,[NULL]
4,"2,2,877,1,1",167,23,[NULL]
5,"64,1,308,1,0",167,23,[NULL]
6,"13,1,705,1,0",167,23,[NULL]
7,"1,1,3,1,877,1,0",167,23,[NULL]
0,1387,168,22,[NULL]
1,"13,1,23,1,423",168,22,[NULL]
2,"80,1,346",168,22,[NULL]
3,"209,1,143",168,22,[NULL]
4,"266,1,90",168,22,[NULL]
5,"3,1,877,1,1",168,22,[NULL]
6,"999,1,0",168,22,[NULL]
0,"13,1,938",169,21,[NULL]
1,"101,1,306",169,21,[NULL]
2,"13,2,190,1,28",169,21,[NULL]
3,"67,1,286,1,1",169,21,[NULL]
4,"1,1,943,1,1",169,21,[NULL]
5,"0,1,959,1,1",169,21,[NULL]
6,"13,2,474,1,0",169,21,[NULL]
7,"1,1,58,1,324,1,0",169,21,[NULL]
0,"0,1,1369",170,20,[NULL]
1,"691,1,14",170,20,[NULL]
2,"67,1,287,1,1",170,20,[NULL]
3,"58,1,324,1,1",170,20,[NULL]
4,"13,1,677,1,1",170,20,[NULL]
5,"13,2,476,1,0",170,20,[NULL]
6,"1,1,964,1,0",170,20,[NULL]
0,"825,1,6",171,19,[NULL]
1,"964,1,1",171,19,[NULL]
2,"13,1,679,1,1",171,19,[NULL]
0,1388,172,18,[NULL]
1,"417,1,47",172,18,[NULL]
2,"13,2,450,1,1",172,18,[NULL]
3,"1001,1,0",172,18,[NULL]
0,1390,173,17,[NULL]
1,1389,173,17,[NULL]
2,"270,1,89",173,17,[NULL]
3,"13,1,682,1,1",173,17,[NULL]
4,"13,1,681,1,1",173,17,[NULL]
5,"1002,1,0",173,17,[NULL]
0,"966,1,1",174,16,[NULL]
1,"965,1,1",174,16,[NULL]
2,"68,1,288,1,1",174,16,[NULL]
3,"1004,1,0",174,16,[NULL]
4,"122,1,209,1,0",174,16,[NULL]
0,1392,175,15,[NULL]
1,1391,175,15,[NULL]
2,"563,1,28",175,15,[NULL]
3,"967,1,1",175,15,[NULL]
4,"3,1,882,1,1",175,15,[NULL]
5,"1,1,69,1,287,1,0",175,15,[NULL]
0,1394,176,14,[NULL]
1,1393,176,14,[NULL]
2,"324,1,72",176,14,[NULL]
3,"719,1,12",176,14,[NULL]
4,"69,1,287,1,1",176,14,[NULL]
5,"1007,1,0",176,14,[NULL]
6,"1006,1,0",176,14,[NULL]
0,1395,177,13,[NULL]
1,"43,1,590",177,13,[NULL]
2,"324,1,73",177,13,[NULL]
3,"523,1,33",177,13,[NULL]
4,"756,1,8",177,13,[NULL]
5,"2,2,884,1,1",177,13,[NULL]
6,"1008,1,0",177,13,[NULL]
7,"1,1,3,1,884,1,0",177,13,[NULL]
0,1396,178,12,[NULL]
1,"392,1,53",178,12,[NULL]
2,"2,1,368,1,47",178,12,[NULL]
3,"524,1,33",178,12,[NULL]
4,"8,1,324,1,30",178,12,[NULL]
5,"3,1,884,1,1",178,12,[NULL]
6,"1,1,968,1,0",178,12,[NULL]
0,"324,1,74",179,11,[NULL]
1,"397,1,53",179,11,[NULL]
2,"697,1,14",179,11,[NULL]
3,"696,1,14",179,11,[NULL]
4,"968,1,1",179,11,[NULL]
0,"92,1,330",180,10,[NULL]
1,"399,1,53",180,10,[NULL]
2,"23,1,324,1,14",180,10,[NULL]
3,"18,1,368,1,14",180,10,[NULL]
4,"1,1,13,1,660,1,1",180,10,[NULL]
0,1397,181,9,[NULL]
1,"13,1,324,1,24",181,9,[NULL]
2,"699,1,14",181,9,[NULL]
3,"2,1,53,1,324,1,1",181,9,[NULL]
0,1398,182,8,[NULL]
1,"25,1,324,1,14",182,8,[NULL]
2,"8,1,18,1,324,1,4",182,8,[NULL]
3,"1,1,4,1,849,1,0",182,8,[NULL]
0,"2,1,1324",183,7,[NULL]
1,"3,1,324,1,47",183,7,[NULL]
2,"18,1,324,1,17",183,7,[NULL]
3,"4,1,849,1,1",183,7,[NULL]
4,"1,1,4,1,850,1,0",183,7,[NULL]
0,"2,1,18,1,324,1,14",184,6,[NULL]
1,"4,1,850,1,1",184,6,[NULL]
0,"1,2,951,1,0",129,62,[NULL]
0,"1,1,951,1,1",130,61,[NULL]
0,1399,135,56,[NULL]
0,1400,136,55,[NULL]
0,1401,137,54,[NULL]
0,"469,1,39",138,53,[NULL]
0,"8,1,295,1,36",139,52,[NULL]
0,"8,1,325,1,30",140,51,[NULL]
0,"8,1,326,1,30",141,50,[NULL]
0,"17,1,253,1,30",142,49,[NULL]
1,"1,1,969,1,0",142,49,[NULL]
0,"528,1,30",143,48,[NULL]
1,"969,1,1",143,48,[NULL]
0,1402,144,47,[NULL]
1,"8,3,152,1,30",144,47,[NULL]
0,"8,3,153,1,30",145,46,[NULL]
1,"871,1,4",145,46,[NULL]
2,"1,1,970,1,0",145,46,[NULL]
0,"402,1,49",146,45,[NULL]
1,"8,2,17,1,117,1,30",146,45,[NULL]
2,"685,1,16",146,45,[NULL]
3,"970,1,1",146,45,[NULL]
0,"403,1,49",147,44,[NULL]
1,"8,2,223,1,30",147,44,[NULL]
2,"8,1,16,1,452,1,1",147,44,[NULL]
0,"16,1,224,1,39",148,43,[NULL]
1,"8,5,55,1,30",148,43,[NULL]
2,"8,1,17,1,452,1,1",148,43,[NULL]
0,"8,1,297,1,36",149,42,[NULL]
1,"8,5,56,1,30",149,42,[NULL]
2,"8,1,49,1,245,1,1",149,42,[NULL]
3,"1,1,5,1,64,1,224,1,0",149,42,[NULL]
0,"8,2,224,1,30",150,41,[NULL]
1,"8,4,17,1,40,1,30",150,41,[NULL]
2,"8,2,572,1,1",150,41,[NULL]
3,"5,1,64,1,224,1,1",150,41,[NULL]
0,"8,2,225,1,30",151,40,[NULL]
1,"8,4,100,1,30",151,40,[NULL]
2,"725,1,11",151,40,[NULL]
3,"8,4,244,1,1",151,40,[NULL]
0,1403,152,39,[NULL]
1,"16,1,17,1,138,1,30",152,39,[NULL]
2,"8,7,9,1,30",152,39,[NULL]
3,"8,2,16,1,17,1,149,1,1",152,39,[NULL]
0,"17,2,138,1,30",153,38,[NULL]
1,"8,6,29,1,30",153,38,[NULL]
2,"8,1,759,1,1",153,38,[NULL]
3,"8,4,245,1,1",153,38,[NULL]
4,"1,1,955,1,1",153,38,[NULL]
0,"55,1,461",154,37,[NULL]
1,"8,3,16,1,64,1,30",154,37,[NULL]
2,"8,5,9,1,23,1,30",154,37,[NULL]
3,"17,1,623,1,1",154,37,[NULL]
4,"8,4,247,1,1",154,37,[NULL]
0,"56,1,461",155,36,[NULL]
1,"8,3,17,1,64,1,30",155,36,[NULL]
2,"8,4,9,1,51,1,30",155,36,[NULL]
3,"8,2,491,1,4",155,36,[NULL]
4,"971,1,1",155,36,[NULL]
5,"8,5,166,1,1",155,36,[NULL]
0,"146,1,211",156,35,[NULL]
1,"8,3,154,1,30",156,35,[NULL]
2,"8,3,9,1,13,3,30",156,35,[NULL]
3,"16,1,17,1,260,1,4",156,35,[NULL]
4,"972,1,1",156,35,[NULL]
5,"8,5,167,1,1",156,35,[NULL]
0,"147,1,211",157,34,[NULL]
1,"8,2,42,1,64,1,30",157,34,[NULL]
2,"8,2,9,1,13,2,32,1,30",157,34,[NULL]
3,"8,1,64,1,206,1,1",157,34,[NULL]
4,"8,3,380,1,1",157,34,[NULL]
5,"8,4,248,1,1",157,34,[NULL]
6,"1,2,149,2,1",157,34,[NULL]
0,"529,1,30",158,33,[NULL]
1,"8,1,9,1,13,3,23,1,30",158,33,[NULL]
2,"8,4,101,1,30",158,33,[NULL]
3,"8,1,113,1,149,1,1",158,33,[NULL]
4,"8,2,17,1,278,1,1",158,33,[NULL]
5,"8,3,13,1,219,1,1",158,33,[NULL]
6,"1009,1,0",158,33,[NULL]
0,"8,1,64,2,36",159,32,[NULL]
1,"9,1,13,3,51,1,30",159,32,[NULL]
2,"8,3,13,1,80,1,30",159,32,[NULL]
3,"8,1,17,1,454,1,1",159,32,[NULL]
4,"8,2,573,1,1",159,32,[NULL]
5,"8,2,13,2,194,1,1",159,32,[NULL]
0,"8,1,64,1,72,1,30",160,31,[NULL]
1,"8,2,23,1,101,1,30",160,31,[NULL]
2,"8,1,42,1,278,1,1",160,31,[NULL]
3,"8,1,13,3,167,1,1",160,31,[NULL]
4,"8,2,574,1,1",160,31,[NULL]
0,"8,1,327,1,30",161,30,[NULL]
1,"8,1,13,1,23,1,80,1,30",161,30,[NULL]
2,"13,3,248,1,1",161,30,[NULL]
3,"8,2,9,1,346,1,1",161,30,[NULL]
4,"8,3,382,1,1",161,30,[NULL]
0,"64,1,399",162,29,[NULL]
1,"260,1,95",162,29,[NULL]
2,"17,1,255,1,30",162,29,[NULL]
3,"13,3,101,1,30",162,29,[NULL]
4,"13,4,150,1,1",162,29,[NULL]
5,"8,1,9,1,13,1,292,1,1",162,29,[NULL]
6,"8,3,383,1,1",162,29,[NULL]
7,"13,1,715,1,0",162,29,[NULL]
0,1405,163,28,[NULL]
1,1404,163,28,[NULL]
2,"530,1,30",163,28,[NULL]
3,"16,1,627,1,1",163,28,[NULL]
4,"9,1,23,1,346,1,1",163,28,[NULL]
5,"8,4,250,1,1",163,28,[NULL]
6,"13,1,716,1,0",163,28,[NULL]
7,"13,5,83,1,0",163,28,[NULL]
0,"16,1,856",164,27,[NULL]
1,"8,1,9,1,212,1,30",164,27,[NULL]
2,"17,1,627,1,1",164,27,[NULL]
3,"8,3,384,1,1",164,27,[NULL]
4,"1,1,958,1,1",164,27,[NULL]
5,"0,1,963,1,1",164,27,[NULL]
6,"1010,1,0",164,27,[NULL]
0,"19,1,815",165,26,[NULL]
1,"9,1,13,1,188,1,30",165,26,[NULL]
2,"8,1,655,1,4",165,26,[NULL]
3,"974,1,1",165,26,[NULL]
4,"973,1,1",165,26,[NULL]
5,"8,2,9,1,13,1,209,1,1",165,26,[NULL]
6,"1,1,975,1,0",165,26,[NULL]
7,"1,1,64,1,293,1,0",165,26,[NULL]
0,"64,1,404",166,25,[NULL]
1,"13,1,286,1,30",166,25,[NULL]
2,"13,2,23,1,75,1,28",166,25,[NULL]
3,"874,1,4",166,25,[NULL]
4,"977,1,1",166,25,[NULL]
5,"976,1,1",166,25,[NULL]
6,"975,1,1",166,25,[NULL]
7,"64,1,293,1,1",166,25,[NULL]
8,"8,1,9,1,13,1,294,1,1",166,25,[NULL]
9,"1,1,978,1,0",166,25,[NULL]
0,"0,1,1386",167,24,[NULL]
1,"22,1,769",167,24,[NULL]
2,"13,1,472,1,14",167,24,[NULL]
3,"876,1,4",167,24,[NULL]
4,"978,1,1",167,24,[NULL]
5,"13,1,690,1,1",167,24,[NULL]
6,"9,1,13,2,261,1,1",167,24,[NULL]
7,"8,1,64,1,209,1,1",167,24,[NULL]
8,"1,1,979,1,0",167,24,[NULL]
0,1406,168,23,[NULL]
1,"23,1,769",168,23,[NULL]
2,"64,1,235,1,6",168,23,[NULL]
3,"877,1,4",168,23,[NULL]
4,"979,1,1",168,23,[NULL]
5,"8,1,760,1,1",168,23,[NULL]
0,"837,1,6",169,22,[NULL]
1,"980,1,1",169,22,[NULL]
2,"8,1,761,1,1",169,22,[NULL]
3,"2,1,930,1,1",169,22,[NULL]
4,"62,1,324,1,0",169,22,[NULL]
5,"13,1,23,1,335,1,0",169,22,[NULL]
0,1407,170,21,[NULL]
1,"324,1,75",170,21,[NULL]
2,"13,1,288,1,30",170,21,[NULL]
3,"981,1,1",170,21,[NULL]
4,"13,1,692,1,1",170,21,[NULL]
5,"13,1,691,1,1",170,21,[NULL]
6,"1,1,959,1,1",170,21,[NULL]
0,1408,171,20,[NULL]
1,"13,1,474,1,14",171,20,[NULL]
2,"891,1,2",171,20,[NULL]
3,"983,1,1",171,20,[NULL]
4,"982,1,1",171,20,[NULL]
5,"0,1,964,1,1",171,20,[NULL]
6,"75,1,286,1,0",171,20,[NULL]
0,"188,1,160",172,19,[NULL]
1,"984,1,1",172,19,[NULL]
2,"1012,1,0",172,19,[NULL]
3,"1011,1,0",172,19,[NULL]
4,"18,1,628,1,0",172,19,[NULL]
5,"1,1,985,1,0",172,19,[NULL]
0,"189,1,160",173,18,[NULL]
1,"324,1,76",173,18,[NULL]
2,"986,1,1",173,18,[NULL]
3,"985,1,1",173,18,[NULL]
4,"1014,1,0",173,18,[NULL]
5,"1013,1,0",173,18,[NULL]
0,1410,174,17,[NULL]
1,1409,174,17,[NULL]
2,"569,1,28",174,17,[NULL]
3,"92,1,250,1,1",174,17,[NULL]
4,"8,1,31,1,324,1,1",174,17,[NULL]
5,"1016,1,0",174,17,[NULL]
6,"1015,1,0",174,17,[NULL]
7,"1,1,987,1,0",174,17,[NULL]
0,1411,175,16,[NULL]
1,"190,1,160",175,16,[NULL]
2,"882,1,4",175,16,[NULL]
3,"987,1,1",175,16,[NULL]
4,"16,1,17,1,324,1,1",175,16,[NULL]
5,"1019,1,0",175,16,[NULL]
6,"1017,1,0",175,16,[NULL]
7,"75,1,288,1,0",175,16,[NULL]
8,"1,1,988,1,0",175,16,[NULL]
0,"769,1,8",176,15,[NULL]
1,"989,1,1",176,15,[NULL]
2,"988,1,1",176,15,[NULL]
3,"17,2,324,1,1",176,15,[NULL]
4,"1022,1,0",176,15,[NULL]
5,"1021,1,0",176,15,[NULL]
6,"1020,1,0",176,15,[NULL]
7,"43,1,485,1,0",176,15,[NULL]
8,"1,1,990,1,0",176,15,[NULL]
9,"1,1,59,1,324,1,0",176,15,[NULL]
0,"92,1,337",177,14,[NULL]
1,"713,1,14",177,14,[NULL]
2,"991,1,1",177,14,[NULL]
3,"990,1,1",177,14,[NULL]
4,"60,1,324,1,1",177,14,[NULL]
5,"59,1,324,1,1",177,14,[NULL]
6,"2,1,935,1,1",177,14,[NULL]
7,"1024,1,0",177,14,[NULL]
8,"1023,1,0",177,14,[NULL]
9,"1,1,992,1,0",177,14,[NULL]
0,"884,1,4",178,13,[NULL]
1,"992,1,1",178,13,[NULL]
2,"8,2,13,1,324,1,1",178,13,[NULL]
3,"1,1,18,1,591,1,1",178,13,[NULL]
4,"1,2,938,1,1",178,13,[NULL]
5,"0,1,3,1,884,1,1",178,13,[NULL]
6,"1025,1,0",178,13,[NULL]
7,"2,1,76,1,264,1,0",178,13,[NULL]
0,"18,1,615,1,1",179,12,[NULL]
1,"8,1,32,1,324,1,1",179,12,[NULL]
2,"2,1,938,1,1",179,12,[NULL]
3,"2,1,7,1,746,1,1",179,12,[NULL]
4,"1,1,961,1,1",179,12,[NULL]
5,"1026,1,0",179,12,[NULL]
0,"993,1,1",180,11,[NULL]
1,"13,1,23,1,324,1,1",180,11,[NULL]
2,"3,1,43,1,368,1,1",180,11,[NULL]
3,"1027,1,0",180,11,[NULL]
0,"885,1,4",181,10,[NULL]
1,"13,1,699,1,1",181,10,[NULL]
2,"13,1,24,1,324,1,1",181,10,[NULL]
3,"1028,1,0",181,10,[NULL]
4,"16,1,18,1,324,1,0",181,10,[NULL]
0,"324,1,77",182,9,[NULL]
1,"894,1,3",182,9,[NULL]
2,"13,1,25,1,324,1,1",182,9,[NULL]
3,"17,1,18,1,324,1,0",182,9,[NULL]
0,"18,1,617,1,1",183,8,[NULL]
1,"2,1,54,1,324,1,1",183,8,[NULL]
2,"1,1,61,1,324,1,0",183,8,[NULL]
0,"994,1,1",184,7,[NULL]
1,"61,1,324,1,1",184,7,[NULL]
0,"1029,1,0",129,63,[NULL]
0,1412,130,62,[NULL]
0,"995,1,1",132,60,[NULL]
0,"996,1,1",133,59,[NULL]
0,"8,1,661,1,4",134,58,[NULL]
0,"16,1,554,1,4",135,57,[NULL]
0,"8,2,578,1,1",136,56,[NULL]
0,"8,2,579,1,1",137,55,[NULL]
0,"8,1,17,1,470,1,1",138,54,[NULL]
0,"8,1,777,1,1",139,53,[NULL]
0,"8,4,252,1,1",140,52,[NULL]
0,1413,141,51,[NULL]
1,"8,4,253,1,1",141,51,[NULL]
0,"16,1,635,1,1",142,50,[NULL]
1,"8,3,17,1,200,1,1",142,50,[NULL]
0,"16,1,636,1,1",143,49,[NULL]
1,"8,3,401,1,1",143,49,[NULL]
2,"0,1,969,1,1",143,49,[NULL]
0,"17,1,636,1,1",144,48,[NULL]
1,"8,6,116,1,1",144,48,[NULL]
2,"1030,1,0",144,48,[NULL]
0,"8,1,663,1,4",145,47,[NULL]
1,"8,1,685,1,2",145,47,[NULL]
2,"8,6,117,1,1",145,47,[NULL]
0,"8,3,402,1,1",146,46,[NULL]
1,"8,5,17,1,78,1,1",146,46,[NULL]
2,"1031,1,0",146,46,[NULL]
0,"8,3,403,1,1",147,45,[NULL]
1,"8,5,171,1,1",147,45,[NULL]
0,"8,1,16,1,17,1,225,1,1",148,44,[NULL]
1,"8,8,39,1,1",148,44,[NULL]
0,"8,1,17,2,225,1,1",149,43,[NULL]
1,"8,8,40,1,1",149,43,[NULL]
0,"8,4,16,1,137,1,1",150,42,[NULL]
1,"8,7,17,1,20,1,1",150,42,[NULL]
2,"1033,1,0",150,42,[NULL]
0,"896,1,2",151,41,[NULL]
1,"8,4,16,1,138,1,1",151,41,[NULL]
2,"8,7,63,1,1",151,41,[NULL]
0,"896,1,3",152,40,[NULL]
1,"64,1,297,1,1",152,40,[NULL]
2,"8,4,17,1,138,1,1",152,40,[NULL]
3,"8,8,9,1,13,1,1",152,40,[NULL]
0,"64,1,298,1,1",153,39,[NULL]
1,"8,3,42,1,137,1,1",153,39,[NULL]
2,"8,7,9,1,32,1,1",153,39,[NULL]
3,"0,1,8,1,759,1,1",153,39,[NULL]
0,"64,1,244,1,5",154,38,[NULL]
1,"8,1,778,1,1",154,38,[NULL]
2,"8,6,9,1,13,1,23,1,1",154,38,[NULL]
3,"8,7,64,1,1",154,38,[NULL]
4,"8,1,16,1,491,1,0",154,38,[NULL]
0,"17,1,637,1,1",155,37,[NULL]
1,"8,5,9,1,13,1,51,1,1",155,37,[NULL]
2,"8,6,118,1,1",155,37,[NULL]
3,"0,1,971,1,1",155,37,[NULL]
4,"8,1,17,1,491,1,0",155,37,[NULL]
0,"8,1,17,1,380,1,2",156,36,[NULL]
1,"8,2,64,1,146,1,1",156,36,[NULL]
2,"8,4,9,1,13,4,1",156,36,[NULL]
3,"8,5,17,1,80,1,1",156,36,[NULL]
0,"8,2,64,1,147,1,1",157,35,[NULL]
1,"8,3,9,1,13,3,32,1,1",157,35,[NULL]
2,"8,5,173,1,1",157,35,[NULL]
3,"42,1,491,1,0",157,35,[NULL]
0,"8,2,9,1,13,4,23,1,1",158,34,[NULL]
1,"8,3,404,1,1",158,34,[NULL]
2,"8,5,13,1,101,1,1",158,34,[NULL]
0,1414,159,33,[NULL]
1,"8,1,9,1,13,4,51,1,1",159,33,[NULL]
2,"8,2,580,1,1",159,33,[NULL]
3,"8,4,13,2,80,1,1",159,33,[NULL]
0,1415,160,32,[NULL]
1,"9,1,13,7,1",160,32,[NULL]
2,"8,3,13,1,23,1,101,1,1",160,32,[NULL]
3,"8,4,254,1,1",160,32,[NULL]
0,"149,1,203",161,31,[NULL]
1,"64,1,260,1,2",161,31,[NULL]
2,"8,2,13,2,23,1,80,1,1",161,31,[NULL]
3,"8,4,255,1,1",161,31,[NULL]
4,"1,1,64,3,0",161,31,[NULL]
0,"8,1,1097",162,30,[NULL]
1,"897,1,2",162,30,[NULL]
2,"64,3,1",162,30,[NULL]
3,"8,1,13,4,101,1,1",162,30,[NULL]
4,"8,3,20,1,188,1,1",162,30,[NULL]
0,"13,1,971",163,29,[NULL]
1,"13,2,194,1,28",163,29,[NULL]
2,"64,1,299,1,1",163,29,[NULL]
3,"13,5,80,1,1",163,29,[NULL]
4,"8,2,20,1,267,1,1",163,29,[NULL]
5,"0,1,16,1,627,1,1",163,29,[NULL]
0,"13,3,105,1,30",164,28,[NULL]
1,"715,1,14",164,28,[NULL]
2,"997,1,1",164,28,[NULL]
3,"138,1,188,1,1",164,28,[NULL]
4,"8,2,9,1,13,1,212,1,1",164,28,[NULL]
5,"13,1,23,1,346,1,0",164,28,[NULL]
6,"8,1,797,1,0",164,28,[NULL]
7,"1,2,963,1,0",164,28,[NULL]
0,1416,165,27,[NULL]
1,"13,4,83,1,14",165,27,[NULL]
2,"64,1,301,1,1",165,27,[NULL]
3,"8,1,779,1,1",165,27,[NULL]
4,"8,1,9,1,13,2,188,1,1",165,27,[NULL]
5,"1,1,963,1,1",165,27,[NULL]
6,"17,1,655,1,0",165,27,[NULL]
7,"2,1,963,1,0",165,27,[NULL]
0,"9,1,13,2,267,1,1",166,26,[NULL]
1,"8,1,64,1,212,1,1",166,26,[NULL]
2,"0,1,977,1,1",166,26,[NULL]
3,"1035,1,0",166,26,[NULL]
4,"64,1,318,1,0",166,26,[NULL]
0,"902,1,3",167,25,[NULL]
1,"13,2,472,1,1",167,25,[NULL]
2,"8,1,79,1,188,1,1",167,25,[NULL]
3,"0,1,978,1,1",167,25,[NULL]
4,"0,1,13,1,690,1,1",167,25,[NULL]
5,"1,1,998,1,0",167,25,[NULL]
0,"3,1,1270",168,24,[NULL]
1,"998,1,1",168,24,[NULL]
2,"13,2,473,1,1",168,24,[NULL]
3,"8,1,80,1,188,1,1",168,24,[NULL]
4,"8,1,17,1,475,1,1",168,24,[NULL]
5,"2,1,941,1,1",168,24,[NULL]
6,"13,3,261,1,0",168,24,[NULL]
7,"1,1,64,1,308,1,0",168,24,[NULL]
0,1417,169,23,[NULL]
1,"266,1,96",169,23,[NULL]
2,"64,1,308,1,1",169,23,[NULL]
3,"13,1,705,1,1",169,23,[NULL]
4,"1,1,3,1,877,1,1",169,23,[NULL]
5,"13,3,262,1,0",169,23,[NULL]
0,1418,170,22,[NULL]
1,"266,1,98",170,22,[NULL]
2,"0,1,324,1,75",170,22,[NULL]
3,"23,1,188,1,47",170,22,[NULL]
4,"999,1,1",170,22,[NULL]
5,"1036,1,0",170,22,[NULL]
0,1420,171,21,[NULL]
1,1419,171,21,[NULL]
2,"23,1,335,1,14",171,21,[NULL]
3,"13,2,474,1,1",171,21,[NULL]
4,"1,1,58,1,324,1,1",171,21,[NULL]
5,"0,1,982,1,1",171,21,[NULL]
6,"1037,1,0",171,21,[NULL]
0,1423,172,20,[NULL]
1,1422,172,20,[NULL]
2,1421,172,20,[NULL]
3,"49,1,324,1,2",172,20,[NULL]
4,"13,2,476,1,1",172,20,[NULL]
5,"5,1,825,1,1",172,20,[NULL]
6,"1,1,964,1,1",172,20,[NULL]
7,"1038,1,0",172,20,[NULL]
0,1424,173,19,[NULL]
1,"286,1,84",173,19,[NULL]
2,"541,1,30",173,19,[NULL]
3,"50,1,324,1,2",173,19,[NULL]
4,"1000,1,1",173,19,[NULL]
5,"1041,1,0",173,19,[NULL]
6,"1040,1,0",173,19,[NULL]
7,"1039,1,0",173,19,[NULL]
0,1426,174,18,[NULL]
1,1425,174,18,[NULL]
2,"287,1,84",174,18,[NULL]
3,"1001,1,1",174,18,[NULL]
4,"0,1,8,1,31,1,324,1,1",174,18,[NULL]
5,"1043,1,0",174,18,[NULL]
6,"1042,1,0",174,18,[NULL]
0,1427,175,17,[NULL]
1,"1003,1,1",175,17,[NULL]
2,"1002,1,1",175,17,[NULL]
3,"0,1,987,1,1",175,17,[NULL]
4,"1045,1,0",175,17,[NULL]
5,"8,1,39,1,324,1,0",175,17,[NULL]
6,"1,1,1004,1,0",175,17,[NULL]
7,"1,1,122,1,209,1,0",175,17,[NULL]
0,"95,1,337",176,16,[NULL]
1,"270,1,98",176,16,[NULL]
2,"1004,1,1",176,16,[NULL]
3,"122,1,209,1,1",176,16,[NULL]
4,"1046,1,0",176,16,[NULL]
5,"8,1,40,1,324,1,0",176,16,[NULL]
6,"2,1,967,1,0",176,16,[NULL]
0,1429,177,15,[NULL]
1,1428,177,15,[NULL]
2,"543,1,33",177,15,[NULL]
3,"1005,1,1",177,15,[NULL]
4,"1,1,69,1,287,1,1",177,15,[NULL]
5,"17,1,20,1,324,1,0",177,15,[NULL]
6,"13,1,734,1,0",177,15,[NULL]
0,1431,178,14,[NULL]
1,1430,178,14,[NULL]
2,"43,1,619",178,14,[NULL]
3,"719,1,14",178,14,[NULL]
4,"1007,1,1",178,14,[NULL]
5,"1006,1,1",178,14,[NULL]
6,"1047,1,0",178,14,[NULL]
0,1432,179,13,[NULL]
1,"13,1,985",179,13,[NULL]
2,"43,1,621",179,13,[NULL]
3,"746,1,12",179,13,[NULL]
4,"1008,1,1",179,13,[NULL]
5,"1,1,3,1,884,1,1",179,13,[NULL]
0,1433,180,12,[NULL]
1,"43,1,622",180,12,[NULL]
2,"368,1,66",180,12,[NULL]
3,"1,1,968,1,1",180,12,[NULL]
0,"43,1,623",181,11,[NULL]
1,"64,1,324,1,0",181,11,[NULL]
0,1434,182,10,[NULL]
1,"0,1,324,1,77",182,10,[NULL]
2,"13,1,324,1,28",182,10,[NULL]
0,"324,1,78",183,9,[NULL]
1,"0,1,18,1,617,1,1",183,9,[NULL]
0,"2,1,324,1,66",184,8,[NULL]
1,"1,1,4,1,849,1,1",184,8,[NULL]
0,"1,1,4,1,850,1,1",185,7,[NULL]
0,1435,129,64,[NULL]
0,"0,1,1412",130,63,[NULL]
0,"1,2,951,1,1",131,62,[NULL]
0,"0,1,995,1,1",132,61,[NULL]
0,"8,1,803,1,0",133,60,[NULL]
0,"8,1,804,1,0",134,59,[NULL]
0,"8,1,701,1,2",135,58,[NULL]
0,"1048,1,0",136,57,[NULL]
0,"916,1,2",140,53,[NULL]
0,"917,1,2",141,52,[NULL]
0,"0,1,16,1,635,1,1",142,51,[NULL]
0,"8,1,805,1,0",143,50,[NULL]
1,"1,2,969,1,0",143,50,[NULL]
0,"1,1,969,1,1",144,49,[NULL]
1,"8,1,806,1,0",144,49,[NULL]
0,"17,1,663,1,0",145,48,[NULL]
0,"0,1,8,3,402,1,1",146,47,[NULL]
0,"1,1,970,1,1",147,46,[NULL]
1,"8,3,432,1,0",147,46,[NULL]
0,1436,148,45,[NULL]
0,"145,1,216",149,44,[NULL]
0,"152,1,203",150,43,[NULL]
0,"153,1,203",151,42,[NULL]
1,"1,1,5,1,64,1,224,1,1",151,42,[NULL]
0,"488,1,39",152,41,[NULL]
1,"0,1,64,1,297,1,1",152,41,[NULL]
0,"16,1,244,1,36",153,40,[NULL]
1,"8,1,64,1,224,1,0",153,40,[NULL]
0,"8,1,343,1,30",154,39,[NULL]
1,"8,1,64,1,225,1,0",154,39,[NULL]
0,"17,1,257,1,30",155,38,[NULL]
0,1437,156,37,[NULL]
1,"8,1,344,1,30",156,37,[NULL]
0,1438,157,36,[NULL]
1,"8,1,345,1,30",157,36,[NULL]
0,"137,1,236",158,35,[NULL]
1,"491,1,39",158,35,[NULL]
2,"8,3,160,1,30",158,35,[NULL]
0,"146,1,216",159,34,[NULL]
1,"516,1,36",159,34,[NULL]
2,"8,2,232,1,30",159,34,[NULL]
3,"1,1,1009,1,0",159,34,[NULL]
0,"16,1,64,1,203",160,33,[NULL]
1,"16,1,260,1,30",160,33,[NULL]
2,"8,2,233,1,30",160,33,[NULL]
3,"862,1,6",160,33,[NULL]
4,"1009,1,1",160,33,[NULL]
0,"17,1,64,1,203",161,32,[NULL]
1,"17,1,260,1,30",161,32,[NULL]
2,"8,1,9,1,219,1,30",161,32,[NULL]
3,"16,1,642,1,1",161,32,[NULL]
4,"13,8,0",161,32,[NULL]
0,"347,1,72",162,31,[NULL]
1,"8,1,291,1,39",162,31,[NULL]
2,"9,1,13,1,194,1,30",162,31,[NULL]
3,"17,1,642,1,1",162,31,[NULL]
4,"0,1,64,3,1",162,31,[NULL]
5,"13,5,23,1,24,1,0",162,31,[NULL]
0,"8,1,316,1,36",163,30,[NULL]
1,"549,1,30",163,30,[NULL]
2,"8,1,784,1,1",163,30,[NULL]
3,"64,2,72,1,0",163,30,[NULL]
0,"8,1,347,1,30",164,29,[NULL]
1,"8,1,346,1,30",164,29,[NULL]
2,"13,1,715,1,1",164,29,[NULL]
0,1440,165,28,[NULL]
1,1439,165,28,[NULL]
2,"550,1,30",165,28,[NULL]
3,"13,1,292,1,30",165,28,[NULL]
4,"13,1,716,1,1",165,28,[NULL]
5,"13,5,83,1,1",165,28,[NULL]
0,"8,1,348,1,30",166,27,[NULL]
1,"1010,1,1",166,27,[NULL]
2,"9,1,13,4,95,1,1",166,27,[NULL]
3,"13,3,266,1,0",166,27,[NULL]
4,"2,1,973,1,0",166,27,[NULL]
0,"8,1,350,1,30",167,26,[NULL]
1,"1,1,975,1,1",167,26,[NULL]
2,"1,1,64,1,293,1,1",167,26,[NULL]
3,"13,3,267,1,0",167,26,[NULL]
4,"1,2,978,1,0",167,26,[NULL]
0,"112,1,306",168,25,[NULL]
1,"8,1,13,1,209,1,30",168,25,[NULL]
2,"1,1,978,1,1",168,25,[NULL]
3,"13,3,268,1,0",168,25,[NULL]
4,"2,1,978,1,0",168,25,[NULL]
0,"113,1,306",169,24,[NULL]
1,"13,1,294,1,30",169,24,[NULL]
2,"13,1,328,1,28",169,24,[NULL]
3,"1,1,979,1,1",169,24,[NULL]
4,"7,1,832,1,0",169,24,[NULL]
0,1441,170,23,[NULL]
1,"89,1,346",170,23,[NULL]
2,"13,2,261,1,14",170,23,[NULL]
3,"1049,1,0",170,23,[NULL]
4,"13,2,23,1,213,1,0",170,23,[NULL]
5,"1,1,62,1,324,1,0",170,23,[NULL]
0,1442,171,22,[NULL]
1,"89,1,347",171,22,[NULL]
2,"62,1,324,1,1",171,22,[NULL]
3,"13,1,23,1,335,1,1",171,22,[NULL]
0,"9,1,75,1,188,1,1",172,21,[NULL]
1,"1051,1,0",172,21,[NULL]
2,"1050,1,0",172,21,[NULL]
0,1445,173,20,[NULL]
1,1444,173,20,[NULL]
2,1443,173,20,[NULL]
3,"13,1,331,1,28",173,20,[NULL]
4,"75,1,286,1,1",173,20,[NULL]
5,"1,1,1011,1,0",173,20,[NULL]
0,1446,174,19,[NULL]
1,"1012,1,1",174,19,[NULL]
2,"1011,1,1",174,19,[NULL]
3,"18,1,628,1,1",174,19,[NULL]
4,"9,1,23,1,373,1,1",174,19,[NULL]
5,"1,1,985,1,1",174,19,[NULL]
6,"1052,1,0",174,19,[NULL]
7,"1,1,1013,1,0",174,19,[NULL]
0,1448,175,18,[NULL]
1,1447,175,18,[NULL]
2,"0,1,1427",175,18,[NULL]
3,"92,1,346",175,18,[NULL]
4,"1014,1,1",175,18,[NULL]
5,"1013,1,1",175,18,[NULL]
6,"1053,1,0",175,18,[NULL]
0,1451,176,17,[NULL]
1,1450,176,17,[NULL]
2,1449,176,17,[NULL]
3,"92,1,347",176,17,[NULL]
4,"1016,1,1",176,17,[NULL]
5,"1015,1,1",176,17,[NULL]
6,"1,1,987,1,1",176,17,[NULL]
7,"1,1,1019,1,0",176,17,[NULL]
0,1452,177,16,[NULL]
1,"2,1,1373",177,16,[NULL]
2,"1019,1,1",177,16,[NULL]
3,"1018,1,1",177,16,[NULL]
4,"1017,1,1",177,16,[NULL]
5,"75,1,288,1,1",177,16,[NULL]
6,"1,1,989,1,1",177,16,[NULL]
7,"1,1,988,1,1",177,16,[NULL]
8,"1054,1,0",177,16,[NULL]
9,"1,1,1022,1,0",177,16,[NULL]
10,"1,1,43,1,485,1,0",177,16,[NULL]
0,"450,1,47",178,15,[NULL]
1,"732,1,14",178,15,[NULL]
2,"1022,1,1",178,15,[NULL]
3,"1021,1,1",178,15,[NULL]
4,"1020,1,1",178,15,[NULL]
5,"43,1,485,1,1",178,15,[NULL]
6,"1,1,990,1,1",178,15,[NULL]
7,"1,1,59,1,324,1,1",178,15,[NULL]
8,"2,1,991,1,0",178,15,[NULL]
9,"2,1,990,1,0",178,15,[NULL]
0,"324,1,79",179,14,[NULL]
1,"734,1,14",179,14,[NULL]
2,"1024,1,1",179,14,[NULL]
3,"1023,1,1",179,14,[NULL]
4,"1,1,992,1,1",179,14,[NULL]
5,"1056,1,0",179,14,[NULL]
6,"1055,1,0",179,14,[NULL]
0,1453,180,13,[NULL]
1,"8,1,324,1,36",180,13,[NULL]
2,"1025,1,1",180,13,[NULL]
3,"2,1,76,1,264,1,1",180,13,[NULL]
4,"1057,1,0",180,13,[NULL]
5,"1,1,1026,1,0",180,13,[NULL]
0,1454,181,12,[NULL]
1,"9,1,324,1,30",181,12,[NULL]
2,"1026,1,1",181,12,[NULL]
3,"1,1,1027,1,0",181,12,[NULL]
0,"1027,1,1",182,11,[NULL]
1,"66,1,324,1,0",182,11,[NULL]
0,"1028,1,1",183,10,[NULL]
1,"16,1,18,1,324,1,1",183,10,[NULL]
0,"894,1,4",184,9,[NULL]
1,"17,1,18,1,324,1,1",184,9,[NULL]
0,"1,1,61,1,324,1,1",185,8,[NULL]
1,"67,1,324,1,0",185,8,[NULL]
0,"68,1,324,1,0",186,7,[NULL]
0,"1058,1,0",189,4,[NULL]
0,"18,2,324,1,0",190,3,[NULL]
0,"1,1,1029,1,0",130,64,[NULL]
0,"1029,1,1",131,63,[NULL]
0,1455,137,57,[NULL]
0,1456,138,56,[NULL]
0,"553,1,30",139,55,[NULL]
0,"554,1,30",140,54,[NULL]
0,"8,1,295,1,39",141,53,[NULL]
0,"8,1,325,1,36",142,52,[NULL]
0,"8,2,236,1,30",143,51,[NULL]
0,"8,1,16,1,183,1,30",144,50,[NULL]
0,"8,1,17,1,183,1,30",145,49,[NULL]
0,"8,1,354,1,30",146,48,[NULL]
1,"1030,1,1",146,48,[NULL]
0,1457,147,47,[NULL]
1,"8,4,110,1,30",147,47,[NULL]
0,"402,1,60",148,46,[NULL]
1,"8,4,111,1,30",148,46,[NULL]
2,"1031,1,1",148,46,[NULL]
0,"555,1,30",149,45,[NULL]
1,"8,2,16,1,17,1,50,1,30",149,45,[NULL]
2,"1032,1,1",149,45,[NULL]
0,"556,1,30",150,44,[NULL]
1,"8,3,161,1,30",150,44,[NULL]
2,"8,2,595,1,1",150,44,[NULL]
0,"8,1,297,1,39",151,43,[NULL]
1,"8,6,31,1,30",151,43,[NULL]
2,"8,1,17,1,488,1,1",151,43,[NULL]
3,"1,1,1033,1,0",151,43,[NULL]
0,"8,2,224,1,36",152,42,[NULL]
1,"8,5,16,1,17,1,30",152,42,[NULL]
2,"1033,1,1",152,42,[NULL]
3,"8,2,596,1,1",152,42,[NULL]
0,1458,153,41,[NULL]
1,"8,2,237,1,30",153,41,[NULL]
2,"8,5,17,2,30",153,41,[NULL]
3,"8,2,597,1,1",153,41,[NULL]
0,"8,2,238,1,30",154,40,[NULL]
1,"8,5,60,1,30",154,40,[NULL]
2,"896,1,4",154,40,[NULL]
3,"8,4,257,1,1",154,40,[NULL]
0,"71,1,399",155,39,[NULL]
1,"8,1,17,1,185,1,30",155,39,[NULL]
2,"8,7,13,1,30",155,39,[NULL]
3,"725,1,16",155,39,[NULL]
4,"8,3,17,1,206,1,1",155,39,[NULL]
5,"5,1,64,1,244,1,0",155,39,[NULL]
0,"50,1,554",156,38,[NULL]
1,"17,2,147,1,30",156,38,[NULL]
2,"8,6,32,1,30",156,38,[NULL]
3,"64,1,244,1,6",156,38,[NULL]
4,"8,1,16,1,491,1,1",156,38,[NULL]
5,"8,4,258,1,1",156,38,[NULL]
0,"137,1,243",157,37,[NULL]
1,"8,4,112,1,30",157,37,[NULL]
2,"8,5,13,1,23,1,30",157,37,[NULL]
3,"138,1,149,1,6",157,37,[NULL]
4,"8,1,17,1,491,1,1",157,37,[NULL]
5,"8,4,259,1,1",157,37,[NULL]
0,"138,1,243",158,36,[NULL]
1,"8,4,113,1,30",158,36,[NULL]
2,"8,4,13,1,51,1,30",158,36,[NULL]
3,"8,2,516,1,4",158,36,[NULL]
4,"1034,1,1",158,36,[NULL]
5,"8,5,180,1,1",158,36,[NULL]
6,"1,1,42,1,491,1,0",158,36,[NULL]
0,"64,1,137,1,30",159,35,[NULL]
1,"8,3,162,1,30",159,35,[NULL]
2,"8,3,13,4,30",159,35,[NULL]
3,"8,1,17,1,380,1,4",159,35,[NULL]
4,"149,2,2",159,35,[NULL]
5,"42,1,491,1,1",159,35,[NULL]
6,"8,1,796,1,1",159,35,[NULL]
7,"8,4,9,1,167,1,1",159,35,[NULL]
0,"64,1,138,1,30",160,34,[NULL]
1,"8,2,23,1,113,1,30",160,34,[NULL]
2,"8,2,13,3,32,1,30",160,34,[NULL]
3,"8,2,64,1,149,1,1",160,34,[NULL]
4,"8,3,9,1,248,1,1",160,34,[NULL]
5,"8,4,260,1,1",160,34,[NULL]
6,"1060,1,0",160,34,[NULL]
0,"557,1,30",161,33,[NULL]
1,"8,1,13,4,23,1,30",161,33,[NULL]
2,"8,3,9,1,101,1,30",161,33,[NULL]
3,"8,2,598,1,1",161,33,[NULL]
4,"8,2,16,1,292,1,1",161,33,[NULL]
5,"8,2,9,1,13,1,219,1,1",161,33,[NULL]
0,"559,1,30",162,32,[NULL]
1,"13,4,51,1,30",162,32,[NULL]
2,"8,2,9,1,13,1,80,1,30",162,32,[NULL]
3,"8,1,9,1,13,2,194,1,1",162,32,[NULL]
4,"8,2,599,1,1",162,32,[NULL]
5,"8,2,17,1,292,1,1",162,32,[NULL]
6,"1,2,64,3,0",162,32,[NULL]
0,"8,1,16,1,187,1,30",163,31,[NULL]
1,"8,1,9,1,23,1,101,1,30",163,31,[NULL]
2,"13,7,14",163,31,[NULL]
3,"9,1,13,3,167,1,1",163,31,[NULL]
4,"8,2,602,1,1",163,31,[NULL]
5,"8,3,420,1,1",163,31,[NULL]
6,"1,1,64,3,1",163,31,[NULL]
0,1459,164,30,[NULL]
1,"9,1,13,1,23,1,80,1,30",164,30,[NULL]
2,"8,1,16,1,188,1,30",164,30,[NULL]
3,"64,1,260,1,4",164,30,[NULL]
4,"8,2,13,1,346,1,1",164,30,[NULL]
5,"8,3,16,1,209,1,1",164,30,[NULL]
0,"72,1,399",165,29,[NULL]
1,"8,1,17,1,188,1,30",165,29,[NULL]
2,"897,1,4",165,29,[NULL]
3,"8,1,13,2,292,1,1",165,29,[NULL]
4,"8,3,17,1,209,1,1",165,29,[NULL]
0,1461,166,28,[NULL]
1,1460,166,28,[NULL]
2,"167,1,188",166,28,[NULL]
3,"13,5,107",166,28,[NULL]
4,"17,1,267,1,30",166,28,[NULL]
5,"13,1,23,1,346,1,1",166,28,[NULL]
6,"8,1,797,1,1",166,28,[NULL]
7,"8,4,261,1,1",166,28,[NULL]
8,"1,2,963,1,1",166,28,[NULL]
0,1463,167,27,[NULL]
1,1462,167,27,[NULL]
2,"64,1,433",167,27,[NULL]
3,"13,1,303,1,30",167,27,[NULL]
4,"8,1,13,1,212,1,30",167,27,[NULL]
5,"585,1,28",167,27,[NULL]
6,"13,2,23,1,83,1,28",167,27,[NULL]
7,"17,1,655,1,1",167,27,[NULL]
8,"8,3,423,1,1",167,27,[NULL]
9,"2,1,963,1,1",167,27,[NULL]
10,"13,5,95,1,0",167,27,[NULL]
0,"8,2,815",168,26,[NULL]
1,"13,2,188,1,30",168,26,[NULL]
2,"13,2,266,1,14",168,26,[NULL]
3,"899,1,4",168,26,[NULL]
4,"8,1,690,1,4",168,26,[NULL]
5,"1035,1,1",168,26,[NULL]
6,"64,1,318,1,1",168,26,[NULL]
7,"8,2,13,2,209,1,1",168,26,[NULL]
8,"13,4,164,1,0",168,26,[NULL]
0,"72,1,404",169,25,[NULL]
1,"13,2,267,1,14",169,25,[NULL]
2,"902,1,4",169,25,[NULL]
3,"901,1,4",169,25,[NULL]
4,"72,1,293,1,1",169,25,[NULL]
5,"8,1,13,2,294,1,1",169,25,[NULL]
6,"1,1,998,1,1",169,25,[NULL]
0,1464,170,24,[NULL]
1,"29,1,769",170,24,[NULL]
2,"930,1,2",170,24,[NULL]
3,"13,3,261,1,1",170,24,[NULL]
4,"8,1,72,1,209,1,1",170,24,[NULL]
5,"1,1,64,1,308,1,1",170,24,[NULL]
0,1465,171,23,[NULL]
1,"13,2,190,1,30",171,23,[NULL]
2,"930,1,3",171,23,[NULL]
3,"13,3,262,1,1",171,23,[NULL]
4,"8,1,798,1,1",171,23,[NULL]
5,"1063,1,0",171,23,[NULL]
6,"1062,1,0",171,23,[NULL]
0,1466,172,22,[NULL]
1,"3,1,1317",172,22,[NULL]
2,"267,1,107",172,22,[NULL]
3,"13,1,23,1,213,1,14",172,22,[NULL]
4,"1036,1,1",172,22,[NULL]
5,"9,1,761,1,1",172,22,[NULL]
6,"23,1,618,1,0",172,22,[NULL]
0,1468,173,21,[NULL]
1,1467,173,21,[NULL]
2,"13,1,335,1,28",173,21,[NULL]
3,"1037,1,1",173,21,[NULL]
4,"1,2,964,1,1",173,21,[NULL]
5,"76,1,302,1,0",173,21,[NULL]
6,"13,1,75,1,188,1,0",173,21,[NULL]
7,"7,1,857,1,0",173,21,[NULL]
0,1470,174,20,[NULL]
1,1469,174,20,[NULL]
2,"67,1,422",174,20,[NULL]
3,"1038,1,1",174,20,[NULL]
4,"0,1,1011,1,1",174,20,[NULL]
5,"1065,1,0",174,20,[NULL]
6,"1064,1,0",174,20,[NULL]
7,"13,1,75,1,189,1,0",174,20,[NULL]
0,1472,175,19,[NULL]
1,1471,175,19,[NULL]
2,"190,1,168",175,19,[NULL]
3,"49,1,324,1,4",175,19,[NULL]
4,"1041,1,1",175,19,[NULL]
5,"1040,1,1",175,19,[NULL]
6,"1039,1,1",175,19,[NULL]
7,"0,1,1014,1,1",175,19,[NULL]
8,"1066,1,0",175,19,[NULL]
9,"13,1,23,1,373,1,0",175,19,[NULL]
10,"1,1,1043,1,0",175,19,[NULL]
11,"1,1,1042,1,0",175,19,[NULL]
0,1474,176,18,[NULL]
1,1473,176,18,[NULL]
2,"50,1,324,1,4",176,18,[NULL]
3,"1044,1,1",176,18,[NULL]
4,"1043,1,1",176,18,[NULL]
5,"1042,1,1",176,18,[NULL]
6,"0,1,1016,1,1",176,18,[NULL]
7,"1068,1,0",176,18,[NULL]
8,"1067,1,0",176,18,[NULL]
9,"13,1,75,1,190,1,0",176,18,[NULL]
10,"13,1,23,1,376,1,0",176,18,[NULL]
11,"2,1,1002,1,0",176,18,[NULL]
0,1475,177,17,[NULL]
1,"1045,1,1",177,17,[NULL]
2,"8,1,39,1,324,1,1",177,17,[NULL]
3,"1,1,1004,1,1",177,17,[NULL]
4,"1,1,122,1,209,1,1",177,17,[NULL]
5,"0,1,1017,1,1",177,17,[NULL]
6,"2,1,1004,1,0",177,17,[NULL]
7,"1,1,1046,1,0",177,17,[NULL]
0,1478,178,16,[NULL]
1,1477,178,16,[NULL]
2,1476,178,16,[NULL]
3,"1046,1,1",178,16,[NULL]
4,"8,1,40,1,324,1,1",178,16,[NULL]
5,"2,1,967,1,1",178,16,[NULL]
6,"1070,1,0",178,16,[NULL]
7,"1069,1,0",178,16,[NULL]
8,"67,1,333,1,0",178,16,[NULL]
0,1480,179,15,[NULL]
1,1479,179,15,[NULL]
2,"2,1,1394",179,15,[NULL]
3,"2,1,1393",179,15,[NULL]
4,"17,1,20,1,324,1,1",179,15,[NULL]
5,"13,1,734,1,1",179,15,[NULL]
6,"1072,1,0",179,15,[NULL]
7,"1071,1,0",179,15,[NULL]
8,"1,1,1047,1,0",179,15,[NULL]
0,1481,180,14,[NULL]
1,"69,1,422",180,14,[NULL]
2,"912,1,4",180,14,[NULL]
3,"1047,1,1",180,14,[NULL]
4,"63,1,324,1,1",180,14,[NULL]
5,"1073,1,0",180,14,[NULL]
6,"2,1,1008,1,0",180,14,[NULL]
0,1483,181,13,[NULL]
1,1482,181,13,[NULL]
2,"18,1,870",181,13,[NULL]
3,"746,1,14",181,13,[NULL]
4,"8,1,9,1,13,1,324,1,1",181,13,[NULL]
5,"7,1,860,1,0",181,13,[NULL]
0,1484,182,12,[NULL]
1,"9,1,32,1,324,1,1",182,12,[NULL]
2,"0,1,1027,1,1",182,12,[NULL]
3,"1074,1,0",182,12,[NULL]
4,"1,1,64,1,324,1,0",182,12,[NULL]
0,"64,1,324,1,1",183,11,[NULL]
1,"70,1,323,1,0",183,11,[NULL]
2,"18,2,333,1,0",183,11,[NULL]
0,"18,1,659,1,0",184,10,[NULL]
1,"18,1,19,1,324,1,0",184,10,[NULL]
0,1485,185,9,[NULL]
1,"913,1,4",185,9,[NULL]
0,1486,186,8,[NULL]
0,"18,1,660,1,0",188,6,[NULL]
0,"70,1,324,1,0",189,5,[NULL]
0,"1075,1,0",130,65,[NULL]
0,1487,131,64,[NULL]
0,1488,134,61,[NULL]
0,"8,1,803,1,1",135,60,[NULL]
0,"8,1,804,1,1",136,59,[NULL]
0,"8,1,700,1,4",137,58,[NULL]
1,"1,1,1048,1,0",137,58,[NULL]
0,"8,1,701,1,4",138,57,[NULL]
1,"1048,1,1",138,57,[NULL]
0,"8,3,431,1,1",139,56,[NULL]
0,"8,2,16,1,296,1,1",140,55,[NULL]
0,"8,2,17,1,296,1,1",141,54,[NULL]
0,"8,2,607,1,1",142,53,[NULL]
0,"916,1,4",143,52,[NULL]
1,"8,5,182,1,1",143,52,[NULL]
0,"917,1,4",144,51,[NULL]
1,"8,5,183,1,1",144,51,[NULL]
0,"8,1,805,1,1",145,50,[NULL]
1,"8,3,16,1,17,1,111,1,1",145,50,[NULL]
2,"1,2,969,1,1",145,50,[NULL]
0,"8,1,806,1,1",146,49,[NULL]
1,"8,4,265,1,1",146,49,[NULL]
2,"0,1,1030,1,1",146,49,[NULL]
0,"17,1,663,1,1",147,48,[NULL]
1,"8,7,71,1,1",147,48,[NULL]
2,"16,1,685,1,0",147,48,[NULL]
0,"8,1,16,1,403,1,4",148,47,[NULL]
1,"8,6,16,1,50,1,1",148,47,[NULL]
2,"17,1,685,1,0",148,47,[NULL]
0,"8,3,432,1,1",149,46,[NULL]
1,"8,6,17,1,50,1,1",149,46,[NULL]
0,"8,3,433,1,1",150,45,[NULL]
1,"8,6,125,1,1",150,45,[NULL]
0,"8,2,17,1,298,1,1",151,44,[NULL]
1,"8,9,16,1,1",151,44,[NULL]
0,"8,1,17,2,238,1,1",152,43,[NULL]
1,"8,9,17,1,1",152,43,[NULL]
2,"0,1,1033,1,1",152,43,[NULL]
0,"8,5,184,1,1",153,42,[NULL]
1,"8,7,16,1,23,1,1",153,42,[NULL]
2,"1076,1,0",153,42,[NULL]
0,"224,1,145",154,41,[NULL]
1,"8,1,725,1,2",154,41,[NULL]
2,"8,5,185,1,1",154,41,[NULL]
3,"8,8,42,1,1",154,41,[NULL]
0,"8,1,725,1,3",155,40,[NULL]
1,"8,1,64,1,224,1,1",155,40,[NULL]
2,"8,4,17,1,147,1,1",155,40,[NULL]
3,"8,8,13,2,1",155,40,[NULL]
0,"0,1,64,1,244,1,6",156,39,[NULL]
1,"8,1,64,1,225,1,1",156,39,[NULL]
2,"8,3,17,2,113,1,1",156,39,[NULL]
3,"8,7,13,1,32,1,1",156,39,[NULL]
4,"0,1,8,1,16,1,491,1,1",156,39,[NULL]
0,"8,1,138,2,1",157,38,[NULL]
1,"8,6,13,2,23,1,1",157,38,[NULL]
2,"8,7,72,1,1",157,38,[NULL]
3,"64,1,343,1,0",157,38,[NULL]
4,"8,2,623,1,0",157,38,[NULL]
0,"8,1,808,1,1",158,37,[NULL]
1,"8,5,13,2,51,1,1",158,37,[NULL]
2,"8,6,127,1,1",158,37,[NULL]
3,"8,1,17,1,516,1,0",158,37,[NULL]
0,"8,2,16,1,64,2,1",159,36,[NULL]
1,"8,4,13,5,1",159,36,[NULL]
2,"8,5,20,1,80,1,1",159,36,[NULL]
3,"17,2,380,1,0",159,36,[NULL]
0,"8,2,16,1,299,1,1",160,35,[NULL]
1,"8,3,13,4,32,1,1",160,35,[NULL]
2,"8,5,186,1,1",160,35,[NULL]
0,"8,2,13,5,23,1,1",161,34,[NULL]
1,"8,3,434,1,1",161,34,[NULL]
2,"8,4,9,1,13,1,101,1,1",161,34,[NULL]
3,"1,1,1009,1,1",161,34,[NULL]
0,1489,162,33,[NULL]
1,"8,1,13,5,51,1,1",162,33,[NULL]
2,"8,3,435,1,1",162,33,[NULL]
3,"8,3,9,1,13,2,80,1,1",162,33,[NULL]
0,"149,1,216",163,32,[NULL]
1,"64,1,260,1,5",163,32,[NULL]
2,"13,8,1",163,32,[NULL]
3,"8,2,9,1,13,1,23,1,101,1,1",163,32,[NULL]
4,"8,5,187,1,1",163,32,[NULL]
0,"160,1,203",164,31,[NULL]
1,"64,1,278,1,2",164,31,[NULL]
2,"13,5,23,1,24,1,1",164,31,[NULL]
3,"8,1,9,1,13,2,23,1,80,1,1",164,31,[NULL]
4,"8,5,188,1,1",164,31,[NULL]
5,"13,4,167,1,0",164,31,[NULL]
0,"9,1,1097",165,30,[NULL]
1,"940,1,2",165,30,[NULL]
2,"64,2,72,1,1",165,30,[NULL]
3,"9,1,13,4,101,1,1",165,30,[NULL]
4,"8,4,267,1,1",165,30,[NULL]
5,"13,4,168,1,0",165,30,[NULL]
0,"898,1,5",166,29,[NULL]
1,"64,1,327,1,1",166,29,[NULL]
2,"8,3,23,1,188,1,1",166,29,[NULL]
3,"0,1,8,1,797,1,1",166,29,[NULL]
4,"1077,1,0",166,29,[NULL]
0,1490,167,28,[NULL]
1,"8,1,812,1,1",167,28,[NULL]
2,"8,2,13,2,212,1,1",167,28,[NULL]
3,"64,1,347,1,0",167,28,[NULL]
4,"8,2,627,1,0",167,28,[NULL]
5,"2,1,1010,1,0",167,28,[NULL]
0,"13,2,23,1,75,1,30",168,27,[NULL]
1,"13,3,266,1,1",168,27,[NULL]
2,"8,1,813,1,1",168,27,[NULL]
3,"8,1,13,3,188,1,1",168,27,[NULL]
4,"2,1,973,1,1",168,27,[NULL]
5,"138,1,209,1,0",168,27,[NULL]
6,"17,1,690,1,0",168,27,[NULL]
7,"8,1,832,1,0",168,27,[NULL]
0,"13,4,95,1,14",169,26,[NULL]
1,"832,1,7",169,26,[NULL]
2,"13,3,267,1,1",169,26,[NULL]
3,"9,1,13,2,286,1,1",169,26,[NULL]
4,"8,2,610,1,1",169,26,[NULL]
5,"1,2,978,1,1",169,26,[NULL]
6,"23,1,627,1,0",169,26,[NULL]
0,"941,1,3",170,25,[NULL]
1,"13,3,268,1,1",170,25,[NULL]
2,"8,1,80,1,201,1,1",170,25,[NULL]
3,"2,1,978,1,1",170,25,[NULL]
4,"1080,1,0",170,25,[NULL]
5,"1079,1,0",170,25,[NULL]
0,"9,1,80,1,188,1,1",171,24,[NULL]
1,"7,1,832,1,1",171,24,[NULL]
2,"3,1,929,1,1",171,24,[NULL]
3,"1081,1,0",171,24,[NULL]
4,"23,1,628,1,0",171,24,[NULL]
0,1491,172,23,[NULL]
1,"13,2,209,1,28",172,23,[NULL]
2,"1049,1,1",172,23,[NULL]
3,"13,2,23,1,213,1,1",172,23,[NULL]
4,"1,1,62,1,324,1,1",172,23,[NULL]
5,"1082,1,0",172,23,[NULL]
6,"24,1,628,1,0",172,23,[NULL]
0,"472,1,47",173,22,[NULL]
1,"65,1,324,1,1",173,22,[NULL]
2,"9,1,13,2,288,1,1",173,22,[NULL]
3,"0,1,1037,1,1",173,22,[NULL]
4,"1084,1,0",173,22,[NULL]
5,"1083,1,0",173,22,[NULL]
6,"23,1,629,1,0",173,22,[NULL]
7,"13,1,761,1,0",173,22,[NULL]
8,"1,1,1050,1,0",173,22,[NULL]
0,"7,1,1191",174,21,[NULL]
1,"188,1,173",174,21,[NULL]
2,"604,1,28",174,21,[NULL]
3,"618,1,23",174,21,[NULL]
4,"1051,1,1",174,21,[NULL]
5,"1050,1,1",174,21,[NULL]
6,"71,1,324,1,0",174,21,[NULL]
7,"64,1,351,1,0",174,21,[NULL]
8,"3,1,959,1,0",174,21,[NULL]
0,1493,175,20,[NULL]
1,1492,175,20,[NULL]
2,"75,1,188,1,14",175,20,[NULL]
3,"55,1,324,1,2",175,20,[NULL]
4,"1,1,1011,1,1",175,20,[NULL]
5,"1,1,1052,1,0",175,20,[NULL]
0,"569,1,30",176,19,[NULL]
1,"56,1,324,1,2",176,19,[NULL]
2,"1052,1,1",176,19,[NULL]
3,"1,1,1014,1,1",176,19,[NULL]
4,"1,1,1013,1,1",176,19,[NULL]
0,1494,177,18,[NULL]
1,"474,1,47",177,18,[NULL]
2,"23,1,373,1,14",177,18,[NULL]
3,"1053,1,1",177,18,[NULL]
4,"0,1,8,1,39,1,324,1,1",177,18,[NULL]
5,"1086,1,0",177,18,[NULL]
6,"1085,1,0",177,18,[NULL]
0,1497,178,17,[NULL]
1,1496,178,17,[NULL]
2,1495,178,17,[NULL]
3,"2,1,1411",178,17,[NULL]
4,"75,1,190,1,14",178,17,[NULL]
5,"1,1,1019,1,1",178,17,[NULL]
6,"0,1,1046,1,1",178,17,[NULL]
7,"8,2,16,1,324,1,0",178,17,[NULL]
0,1500,179,16,[NULL]
1,1499,179,16,[NULL]
2,1498,179,16,[NULL]
3,"1054,1,1",179,16,[NULL]
4,"3,2,843,1,1",179,16,[NULL]
5,"1,1,1022,1,1",179,16,[NULL]
6,"1,1,43,1,485,1,1",179,16,[NULL]
7,"1087,1,0",179,16,[NULL]
8,"8,2,17,1,324,1,0",179,16,[NULL]
0,1503,180,15,[NULL]
1,1502,180,15,[NULL]
2,1501,180,15,[NULL]
3,"2,1,991,1,1",180,15,[NULL]
4,"2,1,990,1,1",180,15,[NULL]
5,"1,1,1023,1,1",180,15,[NULL]
6,"1088,1,0",180,15,[NULL]
7,"1,1,1055,1,0",180,15,[NULL]
0,1504,181,14,[NULL]
1,"1056,1,1",181,14,[NULL]
2,"1055,1,1",181,14,[NULL]
3,"1090,1,0",181,14,[NULL]
4,"1089,1,0",181,14,[NULL]
5,"1,1,1057,1,0",181,14,[NULL]
0,"322,1,80",182,13,[NULL]
1,"1057,1,1",182,13,[NULL]
2,"1,1,1026,1,1",182,13,[NULL]
3,"1091,1,0",182,13,[NULL]
0,1505,183,12,[NULL]
1,"1,1,1027,1,1",183,12,[NULL]
2,"0,1,64,1,324,1,1",183,12,[NULL]
3,"13,1,32,1,324,1,0",183,12,[NULL]
0,"398,1,71",184,11,[NULL]
1,"66,1,324,1,1",184,11,[NULL]
2,"72,1,324,1,0",184,11,[NULL]
3,"13,1,33,1,324,1,0",184,11,[NULL]
0,"53,1,324,1,4",185,10,[NULL]
0,"2,1,18,1,617,1,1",186,9,[NULL]
0,"67,1,324,1,1",187,8,[NULL]
1,"2,1,994,1,1",187,8,[NULL]
0,"68,1,324,1,1",188,7,[NULL]
0,"18,2,341,1,0",189,6,[NULL]
0,"324,1,80",190,5,[NULL]
1,"1,1,1058,1,0",190,5,[NULL]
0,"1058,1,1",191,4,[NULL]
1,"1,1,18,2,324,1,0",191,4,[NULL]
0,"18,2,324,1,1",192,3,[NULL]
0,"0,1,1487",131,65,[NULL]
0,"1,1,1029,1,1",132,64,[NULL]
0,"951,1,2",133,63,[NULL]
0,"951,1,3",134,62,[NULL]
0,"0,1,8,1,803,1,1",135,61,[NULL]
0,"8,1,851,1,0",136,60,[NULL]
0,"8,1,852,1,0",137,59,[NULL]
0,"17,1,701,1,0",138,58,[NULL]
0,"916,1,5",142,54,[NULL]
0,"952,1,2",143,53,[NULL]
0,"953,1,2",144,52,[NULL]
0,"0,1,8,1,805,1,1",145,51,[NULL]
0,"8,2,635,1,0",146,50,[NULL]
0,"8,2,636,1,0",147,49,[NULL]
0,"16,1,17,1,403,1,0",148,48,[NULL]
0,1506,149,47,[NULL]
1,"59,1,402,1,0",149,47,[NULL]
0,1507,150,46,[NULL]
0,"145,1,236",151,45,[NULL]
0,"152,1,216",152,44,[NULL]
1,"1,2,1033,1,0",152,44,[NULL]
0,"452,1,49",153,43,[NULL]
1,"1059,1,1",153,43,[NULL]
2,"1,1,1033,1,1",153,43,[NULL]
0,"452,1,50",154,42,[NULL]
1,"1093,1,0",154,42,[NULL]
0,"16,1,244,1,39",155,41,[NULL]
1,"0,1,8,1,64,1,224,1,1",155,41,[NULL]
0,"572,1,30",156,40,[NULL]
1,"8,1,64,1,237,1,0",156,40,[NULL]
2,"1,1,5,1,64,1,244,1,0",156,40,[NULL]
0,"8,2,244,1,30",157,39,[NULL]
1,"5,1,64,1,244,1,1",157,39,[NULL]
0,1508,158,38,[NULL]
1,"16,1,17,1,149,1,30",158,38,[NULL]
0,1509,159,37,[NULL]
1,"8,2,245,1,30",159,37,[NULL]
0,1510,160,36,[NULL]
1,"8,2,247,1,30",160,36,[NULL]
2,"1,1,42,1,491,1,1",160,36,[NULL]
0,"146,1,236",161,35,[NULL]
1,"516,1,39",161,35,[NULL]
2,"8,3,166,1,30",161,35,[NULL]
0,"16,1,64,1,216",162,34,[NULL]
1,"16,1,260,1,36",162,34,[NULL]
2,"8,3,167,1,30",162,34,[NULL]
3,"1060,1,1",162,34,[NULL]
0,"8,1,112,1,203",163,33,[NULL]
1,"8,1,380,1,30",163,33,[NULL]
2,"8,2,248,1,30",163,33,[NULL]
3,"1061,1,1",163,33,[NULL]
0,"8,1,113,1,203",164,32,[NULL]
1,"17,1,278,1,30",164,32,[NULL]
2,"8,1,13,1,219,1,30",164,32,[NULL]
3,"8,1,820,1,1",164,32,[NULL]
4,"1,2,64,3,1",164,32,[NULL]
0,"8,1,316,1,39",165,31,[NULL]
1,"573,1,30",165,31,[NULL]
2,"13,2,194,1,30",165,31,[NULL]
3,"13,5,23,1,28",165,31,[NULL]
4,"8,1,821,1,1",165,31,[NULL]
5,"1094,1,0",165,31,[NULL]
0,"8,1,346,1,36",166,30,[NULL]
1,"574,1,30",166,30,[NULL]
2,"13,3,167,1,14",166,30,[NULL]
3,"9,1,784,1,1",166,30,[NULL]
4,"13,5,101,1,0",166,30,[NULL]
0,"0,1,1490",167,29,[NULL]
1,"9,1,346,1,30",167,29,[NULL]
2,"8,1,382,1,30",167,29,[NULL]
0,"2,1,1416",168,28,[NULL]
1,"8,1,383,1,30",168,28,[NULL]
2,"1095,1,0",168,28,[NULL]
0,1512,169,27,[NULL]
1,1511,169,27,[NULL]
2,"64,1,447",169,27,[NULL]
3,"13,1,167,1,107",169,27,[NULL]
4,"8,2,250,1,30",169,27,[NULL]
5,"13,5,95,1,1",169,27,[NULL]
0,"13,1,1044",170,26,[NULL]
1,"64,1,448",170,26,[NULL]
2,"8,1,384,1,30",170,26,[NULL]
3,"13,1,357,1,28",170,26,[NULL]
4,"13,4,164,1,1",170,26,[NULL]
5,"13,3,286,1,0",170,26,[NULL]
0,1513,171,25,[NULL]
1,"8,1,64,1,306",171,25,[NULL]
2,"9,1,13,1,209,1,30",171,25,[NULL]
3,"13,2,212,1,28",171,25,[NULL]
4,"13,3,287,1,0",171,25,[NULL]
0,"118,1,306",172,24,[NULL]
1,"188,1,176",172,24,[NULL]
2,"13,1,80,1,188,1,0",172,24,[NULL]
3,"4,1,930,1,0",172,24,[NULL]
4,"1,1,1062,1,0",172,24,[NULL]
0,"13,1,32,1,423",173,23,[NULL]
1,"101,1,346",173,23,[NULL]
2,"628,1,23",173,23,[NULL]
3,"930,1,4",173,23,[NULL]
4,"1063,1,1",173,23,[NULL]
5,"1062,1,1",173,23,[NULL]
6,"3,2,877,1,0",173,23,[NULL]
0,1514,174,22,[NULL]
1,"13,1,1046",174,22,[NULL]
2,"101,1,347",174,22,[NULL]
3,"13,2,213,1,28",174,22,[NULL]
4,"23,1,618,1,1",174,22,[NULL]
5,"0,1,1051,1,1",174,22,[NULL]
6,"13,3,288,1,0",174,22,[NULL]
7,"1,1,7,1,857,1,0",174,22,[NULL]
0,1515,175,21,[NULL]
1,"629,1,23",175,21,[NULL]
2,"891,1,6",175,21,[NULL]
3,"76,1,302,1,1",175,21,[NULL]
4,"18,1,655,1,1",175,21,[NULL]
5,"13,1,75,1,188,1,1",175,21,[NULL]
6,"7,1,857,1,1",175,21,[NULL]
7,"13,2,532,1,0",175,21,[NULL]
8,"1,1,1064,1,0",175,21,[NULL]
0,1518,176,20,[NULL]
1,1517,176,20,[NULL]
2,1516,176,20,[NULL]
3,"482,1,46",176,20,[NULL]
4,"1065,1,1",176,20,[NULL]
5,"1064,1,1",176,20,[NULL]
6,"13,1,75,1,189,1,1",176,20,[NULL]
0,"0,1,1494",177,19,[NULL]
1,"417,1,66",177,19,[NULL]
2,"1066,1,1",177,19,[NULL]
3,"13,1,23,1,373,1,1",177,19,[NULL]
4,"1,1,1043,1,1",177,19,[NULL]
5,"1,1,1042,1,1",177,19,[NULL]
0,"2,1,1427",178,18,[NULL]
1,"3,1,1359",178,18,[NULL]
2,"825,1,8",178,18,[NULL]
3,"1068,1,1",178,18,[NULL]
4,"1067,1,1",178,18,[NULL]
5,"13,1,75,1,190,1,1",178,18,[NULL]
6,"13,1,23,1,376,1,1",178,18,[NULL]
7,"2,1,1002,1,1",178,18,[NULL]
8,"1096,1,0",178,18,[NULL]
0,1522,179,17,[NULL]
1,1521,179,17,[NULL]
2,1520,179,17,[NULL]
3,1519,179,17,[NULL]
4,"9,1,787,1,1",179,17,[NULL]
5,"2,1,1004,1,1",179,17,[NULL]
6,"1,1,1046,1,1",179,17,[NULL]
7,"1097,1,0",179,17,[NULL]
8,"3,1,965,1,0",179,17,[NULL]
9,"1,1,1070,1,0",179,17,[NULL]
0,1527,180,16,[NULL]
1,1526,180,16,[NULL]
2,1525,180,16,[NULL]
3,1524,180,16,[NULL]
4,1523,180,16,[NULL]
5,"0,1,1501",180,16,[NULL]
6,"324,1,81",180,16,[NULL]
7,"616,1,28",180,16,[NULL]
8,"1070,1,1",180,16,[NULL]
9,"1069,1,1",180,16,[NULL]
10,"67,1,333,1,1",180,16,[NULL]
0,1528,181,15,[NULL]
1,"2,1,1431",181,15,[NULL]
2,"324,1,82",181,15,[NULL]
3,"1072,1,1",181,15,[NULL]
4,"1071,1,1",181,15,[NULL]
5,"1,1,1047,1,1",181,15,[NULL]
6,"0,1,1056,1,1",181,15,[NULL]
7,"0,1,1055,1,1",181,15,[NULL]
8,"67,1,352,1,0",181,15,[NULL]
0,1529,182,14,[NULL]
1,"8,1,324,1,39",182,14,[NULL]
2,"1073,1,1",182,14,[NULL]
3,"2,1,1008,1,1",182,14,[NULL]
4,"0,1,1057,1,1",182,14,[NULL]
5,"1098,1,0",182,14,[NULL]
6,"18,1,683,1,0",182,14,[NULL]
0,1530,183,13,[NULL]
1,"18,1,904",183,13,[NULL]
2,"9,1,324,1,36",183,13,[NULL]
3,"7,1,860,1,1",183,13,[NULL]
4,"1100,1,0",183,13,[NULL]
5,"1099,1,0",183,13,[NULL]
6,"1,2,64,1,324,1,0",183,13,[NULL]
0,1533,184,12,[NULL]
1,1532,184,12,[NULL]
2,1531,184,12,[NULL]
3,"13,1,324,1,30",184,12,[NULL]
4,"1074,1,1",184,12,[NULL]
5,"1,1,64,1,324,1,1",184,12,[NULL]
0,"324,1,83",185,11,[NULL]
1,"32,1,324,1,14",185,11,[NULL]
2,"70,1,323,1,1",185,11,[NULL]
3,"18,2,333,1,1",185,11,[NULL]
0,"33,1,324,1,14",186,10,[NULL]
1,"18,1,659,1,1",186,10,[NULL]
2,"18,1,19,1,324,1,1",186,10,[NULL]
0,"18,1,907",187,9,[NULL]
1,"18,1,20,1,324,1,1",187,9,[NULL]
2,"0,1,67,1,324,1,1",187,9,[NULL]
3,"18,1,684,1,0",187,9,[NULL]
0,1534,188,8,[NULL]
1,"73,1,324,1,0",188,8,[NULL]
0,"75,1,324,1,0",189,7,[NULL]
1,"74,1,324,1,0",189,7,[NULL]
2,"1,1,18,1,660,1,0",189,7,[NULL]
0,"18,2,444",190,6,[NULL]
1,"18,1,660,1,1",190,6,[NULL]
2,"76,1,324,1,0",190,6,[NULL]
3,"1,1,70,1,324,1,0",190,6,[NULL]
0,"70,1,324,1,1",191,5,[NULL]
1,"0,1,1058,1,1",191,5,[NULL]
0,"0,1,18,2,324,1,1",192,4,[NULL]
0,"1,1,1075,1,0",131,66,[NULL]
0,"1075,1,1",132,65,[NULL]
0,"1,1,1048,1,1",139,58,[NULL]
0,1535,140,57,[NULL]
0,"553,1,36",141,56,[NULL]
0,"578,1,30",142,55,[NULL]
0,"579,1,30",143,54,[NULL]
0,"8,1,325,1,39",144,53,[NULL]
0,"8,2,236,1,36",145,52,[NULL]
0,"8,2,252,1,30",146,51,[NULL]
0,"8,2,253,1,30",147,50,[NULL]
0,1536,148,49,[NULL]
1,"8,1,17,1,200,1,30",148,49,[NULL]
0,"8,1,401,1,30",149,48,[NULL]
1,"16,1,685,1,1",149,48,[NULL]
0,"402,1,72",150,47,[NULL]
1,"8,4,116,1,30",150,47,[NULL]
2,"17,1,685,1,1",150,47,[NULL]
0,"555,1,36",151,46,[NULL]
1,"8,4,117,1,30",151,46,[NULL]
2,"16,1,686,1,1",151,46,[NULL]
0,"8,1,402,1,30",152,45,[NULL]
1,"8,3,17,1,78,1,30",152,45,[NULL]
2,"8,1,829,1,1",152,45,[NULL]
0,"8,1,403,1,30",153,44,[NULL]
1,"8,3,171,1,30",153,44,[NULL]
2,"8,3,452,1,1",153,44,[NULL]
0,"8,2,224,1,39",154,43,[NULL]
1,"8,6,39,1,30",154,43,[NULL]
2,"8,1,16,1,17,1,244,1,1",154,43,[NULL]
0,"8,2,237,1,36",155,42,[NULL]
1,"8,6,40,1,30",155,42,[NULL]
2,"1076,1,1",155,42,[NULL]
3,"8,2,31,1,245,1,1",155,42,[NULL]
0,1537,156,41,[NULL]
1,"8,2,16,1,137,1,30",156,41,[NULL]
2,"8,5,17,1,20,1,30",156,41,[NULL]
3,"8,3,453,1,1",156,41,[NULL]
0,1538,157,40,[NULL]
1,"8,2,16,1,138,1,30",157,40,[NULL]
2,"8,5,63,1,30",157,40,[NULL]
3,"8,1,725,1,4",157,40,[NULL]
4,"8,4,16,1,149,1,1",157,40,[NULL]
0,"77,1,399",158,39,[NULL]
1,"8,2,17,1,138,1,30",158,39,[NULL]
2,"8,6,9,1,13,1,30",158,39,[NULL]
3,"17,1,491,1,11",158,39,[NULL]
4,"8,4,17,1,149,1,1",158,39,[NULL]
0,"78,1,399",159,38,[NULL]
1,"8,1,42,1,137,1,30",159,38,[NULL]
2,"8,5,9,1,32,1,30",159,38,[NULL]
3,"64,1,343,1,1",159,38,[NULL]
4,"8,2,623,1,1",159,38,[NULL]
5,"8,4,277,1,1",159,38,[NULL]
0,"184,1,181",160,37,[NULL]
1,"8,4,9,1,13,1,23,1,30",160,37,[NULL]
2,"8,5,64,1,30",160,37,[NULL]
3,"113,1,244,1,1",160,37,[NULL]
4,"8,1,17,1,516,1,1",160,37,[NULL]
5,"8,5,193,1,1",160,37,[NULL]
0,"64,1,137,1,36",161,36,[NULL]
1,"8,3,9,1,13,1,51,1,30",161,36,[NULL]
2,"8,4,118,1,30",161,36,[NULL]
3,"149,2,5",161,36,[NULL]
4,"17,2,380,1,1",161,36,[NULL]
5,"8,1,830,1,1",161,36,[NULL]
6,"8,5,194,1,1",161,36,[NULL]
0,"64,1,146,1,30",162,35,[NULL]
1,"8,2,9,1,13,4,30",162,35,[NULL]
2,"8,3,17,1,80,1,30",162,35,[NULL]
3,"42,1,516,1,1",162,35,[NULL]
4,"8,1,831,1,1",162,35,[NULL]
5,"8,4,13,1,167,1,1",162,35,[NULL]
6,"0,1,1060,1,1",162,35,[NULL]
0,"64,1,147,1,30",163,34,[NULL]
1,"8,1,9,1,13,3,32,1,30",163,34,[NULL]
2,"8,3,173,1,30",163,34,[NULL]
3,"8,2,64,1,160,1,1",163,34,[NULL]
4,"8,3,13,1,248,1,1",163,34,[NULL]
5,"8,4,278,1,1",163,34,[NULL]
0,"9,1,13,4,23,1,30",164,33,[NULL]
1,"8,1,404,1,30",164,33,[NULL]
2,"8,3,13,1,101,1,30",164,33,[NULL]
3,"8,2,624,1,1",164,33,[NULL]
4,"8,2,13,2,219,1,1",164,33,[NULL]
5,"8,3,454,1,1",164,33,[NULL]
6,"5,1,64,1,260,1,0",164,33,[NULL]
0,"580,1,30",165,32,[NULL]
1,"8,2,13,2,80,1,30",165,32,[NULL]
2,"64,1,260,1,6",165,32,[NULL]
3,"8,1,13,3,194,1,1",165,32,[NULL]
4,"8,2,20,1,292,1,1",165,32,[NULL]
5,"8,3,455,1,1",165,32,[NULL]
0,"64,1,461",166,31,[NULL]
1,"8,1,13,1,23,1,101,1,30",166,31,[NULL]
2,"8,2,254,1,30",166,31,[NULL]
3,"897,1,6",166,31,[NULL]
4,"13,4,167,1,1",166,31,[NULL]
5,"8,2,625,1,1",166,31,[NULL]
6,"8,2,9,1,420,1,1",166,31,[NULL]
0,1539,167,30,[NULL]
1,"13,2,23,1,80,1,30",167,30,[NULL]
2,"8,2,255,1,30",167,30,[NULL]
3,"64,1,278,1,4",167,30,[NULL]
4,"13,4,168,1,1",167,30,[NULL]
5,"8,1,9,1,13,1,346,1,1",167,30,[NULL]
6,"8,4,279,1,1",167,30,[NULL]
7,"13,1,784,1,0",167,30,[NULL]
8,"1,1,1077,1,0",167,30,[NULL]
0,"79,1,399",168,29,[NULL]
1,"8,1,20,1,188,1,30",168,29,[NULL]
2,"898,1,6",168,29,[NULL]
3,"940,1,4",168,29,[NULL]
4,"963,1,2",168,29,[NULL]
5,"1077,1,1",168,29,[NULL]
6,"9,1,13,2,292,1,1",168,29,[NULL]
7,"8,4,280,1,1",168,29,[NULL]
8,"1103,1,0",168,29,[NULL]
9,"13,2,537,1,0",168,29,[NULL]
10,"13,5,105,1,0",168,29,[NULL]
11,"1,1,64,1,347,1,0",168,29,[NULL]
0,"0,1,1511",169,28,[NULL]
1,"80,1,399",169,28,[NULL]
2,"20,1,267,1,30",169,28,[NULL]
3,"963,1,3",169,28,[NULL]
4,"64,1,347,1,1",169,28,[NULL]
5,"8,2,627,1,1",169,28,[NULL]
6,"8,3,9,1,261,1,1",169,28,[NULL]
7,"2,1,1010,1,1",169,28,[NULL]
0,"187,1,181",170,27,[NULL]
1,"9,1,13,1,212,1,30",170,27,[NULL]
2,"138,1,209,1,1",170,27,[NULL]
3,"17,1,690,1,1",170,27,[NULL]
4,"8,1,832,1,1",170,27,[NULL]
5,"8,2,9,1,423,1,1",170,27,[NULL]
0,"188,1,181",171,26,[NULL]
1,"13,1,328,1,30",171,26,[NULL]
2,"13,3,133,1,28",171,26,[NULL]
3,"832,1,8",171,26,[NULL]
4,"1078,1,1",171,26,[NULL]
5,"64,1,348,1,1",171,26,[NULL]
6,"23,1,627,1,1",171,26,[NULL]
7,"8,1,9,1,13,2,209,1,1",171,26,[NULL]
8,"1,1,1080,1,0",171,26,[NULL]
0,"187,1,184",172,25,[NULL]
1,"13,2,286,1,14",172,25,[NULL]
2,"941,1,4",172,25,[NULL]
3,"1080,1,1",172,25,[NULL]
4,"1079,1,1",172,25,[NULL]
5,"64,1,349,1,1",172,25,[NULL]
6,"9,1,13,2,294,1,1",172,25,[NULL]
7,"8,1,834,1,1",172,25,[NULL]
8,"3,1,978,1,0",172,25,[NULL]
0,"188,1,184",173,24,[NULL]
1,"0,1,930,1,4",173,24,[NULL]
2,"1081,1,1",173,24,[NULL]
3,"23,1,628,1,1",173,24,[NULL]
4,"8,1,79,1,209,1,1",173,24,[NULL]
5,"1104,1,0",173,24,[NULL]
6,"1,1,1082,1,0",173,24,[NULL]
0,"317,1,84",174,23,[NULL]
1,"1082,1,1",174,23,[NULL]
2,"24,1,628,1,1",174,23,[NULL]
3,"8,1,80,1,209,1,1",174,23,[NULL]
4,"1105,1,0",174,23,[NULL]
5,"67,1,359,1,0",174,23,[NULL]
6,"13,1,23,1,417,1,0",174,23,[NULL]
7,"1,1,1083,1,0",174,23,[NULL]
0,"266,1,116",175,22,[NULL]
1,"286,1,107",175,22,[NULL]
2,"13,1,331,1,30",175,22,[NULL]
3,"1084,1,1",175,22,[NULL]
4,"1083,1,1",175,22,[NULL]
5,"23,1,629,1,1",175,22,[NULL]
6,"13,1,761,1,1",175,22,[NULL]
7,"1,1,1051,1,1",175,22,[NULL]
8,"1,1,1050,1,1",175,22,[NULL]
9,"1,1,71,1,324,1,0",175,22,[NULL]
10,"1,1,64,1,351,1,0",175,22,[NULL]
11,"1,1,3,1,959,1,0",175,22,[NULL]
0,"618,1,28",176,21,[NULL]
1,"13,2,288,1,14",176,21,[NULL]
2,"71,1,324,1,1",176,21,[NULL]
3,"64,1,351,1,1",176,21,[NULL]
4,"24,1,629,1,1",176,21,[NULL]
5,"3,1,959,1,1",176,21,[NULL]
6,"0,1,1064,1,1",176,21,[NULL]
7,"1106,1,0",176,21,[NULL]
8,"18,1,690,1,0",176,21,[NULL]
9,"3,1,982,1,0",176,21,[NULL]
0,"619,1,28",177,20,[NULL]
1,"50,1,324,1,6",177,20,[NULL]
2,"3,1,960,1,1",177,20,[NULL]
3,"1,1,1052,1,1",177,20,[NULL]
4,"0,1,1066,1,1",177,20,[NULL]
5,"1107,1,0",177,20,[NULL]
6,"2,1,1052,1,0",177,20,[NULL]
0,"620,1,28",178,19,[NULL]
1,"55,1,324,1,4",178,19,[NULL]
2,"8,1,841,1,1",178,19,[NULL]
3,"0,1,1068,1,1",178,19,[NULL]
4,"1109,1,0",178,19,[NULL]
5,"67,1,363,1,0",178,19,[NULL]
6,"1,1,1086,1,0",178,19,[NULL]
0,"288,1,107",179,18,[NULL]
1,"13,1,373,1,28",179,18,[NULL]
2,"56,1,324,1,4",179,18,[NULL]
3,"1086,1,1",179,18,[NULL]
4,"1085,1,1",179,18,[NULL]
5,"67,1,336,1,1",179,18,[NULL]
6,"8,1,842,1,1",179,18,[NULL]
7,"1110,1,0",179,18,[NULL]
0,1540,180,17,[NULL]
1,"213,1,160",180,17,[NULL]
2,"8,2,16,1,324,1,1",180,17,[NULL]
3,"1111,1,0",180,17,[NULL]
4,"13,1,787,1,0",180,17,[NULL]
5,"2,1,1054,1,0",180,17,[NULL]
6,"1,1,1087,1,0",180,17,[NULL]
0,"1087,1,1",181,16,[NULL]
1,"8,2,17,1,324,1,1",181,16,[NULL]
2,"1112,1,0",181,16,[NULL]
3,"2,2,990,1,0",181,16,[NULL]
4,"1,1,1088,1,0",181,16,[NULL]
5,"1,2,1055,1,0",181,16,[NULL]
0,"92,1,384",182,15,[NULL]
1,"1088,1,1",182,15,[NULL]
2,"16,1,23,1,324,1,1",182,15,[NULL]
3,"1,1,1055,1,1",182,15,[NULL]
4,"43,1,543,1,0",182,15,[NULL]
5,"3,1,990,1,0",182,15,[NULL]
6,"2,1,1055,1,0",182,15,[NULL]
7,"1,1,1090,1,0",182,15,[NULL]
8,"1,2,1057,1,0",182,15,[NULL]
0,1541,183,14,[NULL]
1,"270,1,117",183,14,[NULL]
2,"1090,1,1",183,14,[NULL]
3,"1089,1,1",183,14,[NULL]
4,"8,1,42,1,324,1,1",183,14,[NULL]
5,"1,1,1057,1,1",183,14,[NULL]
6,"1114,1,0",183,14,[NULL]
7,"43,1,544,1,0",183,14,[NULL]
8,"2,1,1057,1,0",183,14,[NULL]
0,"0,1,1532",184,13,[NULL]
1,"1091,1,1",184,13,[NULL]
2,"8,1,13,2,324,1,1",184,13,[NULL]
3,"1116,1,0",184,13,[NULL]
0,"13,1,32,1,324,1,1",185,12,[NULL]
1,"1119,1,0",185,12,[NULL]
2,"1118,1,0",185,12,[NULL]
3,"1,1,72,1,324,1,0",185,12,[NULL]
0,"72,1,324,1,1",186,11,[NULL]
1,"13,1,33,1,324,1,1",186,11,[NULL]
2,"1120,1,0",186,11,[NULL]
0,"0,1,1534",188,9,[NULL]
0,"69,1,455",189,8,[NULL]
0,"0,1,18,1,660,1,1",190,7,[NULL]
1,"18,1,24,1,324,1,0",190,7,[NULL]
0,"324,1,84",191,6,[NULL]
1,"18,2,341,1,1",191,6,[NULL]
2,"1,2,1058,1,0",191,6,[NULL]
0,"1,1,1058,1,1",192,5,[NULL]
1,"2,1,1058,1,0",192,5,[NULL]
2,"1,2,18,2,324,1,0",192,5,[NULL]
0,"1,1,18,2,324,1,1",193,4,[NULL]
1,"2,1,18,2,324,1,0",193,4,[NULL]
0,"951,1,4",136,62,[NULL]
0,"804,1,11",137,61,[NULL]
0,"8,1,851,1,1",138,60,[NULL]
0,"8,1,852,1,1",139,59,[NULL]
0,"17,1,701,1,1",140,58,[NULL]
0,"1092,1,1",141,57,[NULL]
0,"8,3,469,1,1",142,56,[NULL]
0,"8,3,470,1,1",143,55,[NULL]
1,"5,1,916,1,0",143,55,[NULL]
0,"916,1,6",144,54,[NULL]
1,"8,2,17,1,326,1,1",144,54,[NULL]
0,"917,1,6",145,53,[NULL]
1,"8,2,634,1,1",145,53,[NULL]
0,"952,1,4",146,52,[NULL]
1,"8,5,199,1,1",146,52,[NULL]
0,"953,1,4",147,51,[NULL]
1,"969,1,2",147,51,[NULL]
2,"8,5,200,1,1",147,51,[NULL]
0,"969,1,3",148,50,[NULL]
1,"8,2,635,1,1",148,50,[NULL]
2,"8,4,17,1,153,1,1",148,50,[NULL]
0,"8,2,636,1,1",149,49,[NULL]
1,"8,4,283,1,1",149,49,[NULL]
2,"0,1,16,1,685,1,1",149,49,[NULL]
0,"16,1,17,1,403,1,1",150,48,[NULL]
1,"8,7,77,1,1",150,48,[NULL]
2,"8,1,871,1,0",150,48,[NULL]
3,"1,1,59,1,402,1,0",150,48,[NULL]
0,"59,1,402,1,1",151,47,[NULL]
1,"17,2,403,1,1",151,47,[NULL]
2,"8,7,78,1,1",151,47,[NULL]
0,"8,3,16,1,224,1,1",152,46,[NULL]
1,"8,6,17,1,56,1,1",152,46,[NULL]
0,"8,3,16,1,225,1,1",153,45,[NULL]
1,"8,6,136,1,1",153,45,[NULL]
0,"8,3,17,1,225,1,1",154,44,[NULL]
1,"8,9,19,1,1",154,44,[NULL]
2,"1,2,1033,1,1",154,44,[NULL]
0,"8,2,42,1,224,1,1",155,43,[NULL]
1,"8,9,20,1,1",155,43,[NULL]
2,"0,1,1076,1,1",155,43,[NULL]
0,"1093,1,1",156,42,[NULL]
1,"8,6,137,1,1",156,42,[NULL]
2,"8,8,45,1,1",156,42,[NULL]
3,"16,1,725,1,0",156,42,[NULL]
0,"64,1,225,1,11",157,41,[NULL]
1,"8,6,138,1,1",157,41,[NULL]
2,"8,8,46,1,1",157,41,[NULL]
3,"17,1,725,1,0",157,41,[NULL]
0,"17,1,623,1,2",158,40,[NULL]
1,"8,1,64,1,237,1,1",158,40,[NULL]
2,"8,4,16,1,154,1,1",158,40,[NULL]
3,"8,7,9,1,13,2,1",158,40,[NULL]
4,"1,1,5,1,64,1,244,1,1",158,40,[NULL]
0,"8,1,64,1,238,1,1",159,39,[NULL]
1,"8,4,17,1,154,1,1",159,39,[NULL]
2,"8,6,9,1,13,1,32,1,1",159,39,[NULL]
3,"0,1,8,2,623,1,1",159,39,[NULL]
4,"1121,1,0",159,39,[NULL]
0,"8,2,637,1,1",160,38,[NULL]
1,"8,5,9,1,13,2,23,1,1",160,38,[NULL]
2,"8,7,79,1,1",160,38,[NULL]
3,"8,3,491,1,0",160,38,[NULL]
0,"8,1,17,1,529,1,1",161,37,[NULL]
1,"8,4,9,1,13,2,51,1,1",161,37,[NULL]
2,"8,7,80,1,1",161,37,[NULL]
3,"8,1,16,1,17,1,260,1,0",161,37,[NULL]
0,"8,3,64,1,112,1,1",162,36,[NULL]
1,"8,3,9,1,13,5,1",162,36,[NULL]
2,"8,5,22,1,80,1,1",162,36,[NULL]
0,1542,163,35,[NULL]
1,"8,2,9,1,13,4,32,1,1",163,35,[NULL]
2,"8,3,64,1,113,1,1",163,35,[NULL]
3,"8,5,23,1,80,1,1",163,35,[NULL]
0,1543,164,34,[NULL]
1,"8,1,9,1,13,5,23,1,1",164,34,[NULL]
2,"8,3,471,1,1",164,34,[NULL]
3,"8,4,13,2,101,1,1",164,34,[NULL]
0,"149,1,236",165,33,[NULL]
1,"0,1,64,1,260,1,6",165,33,[NULL]
2,"9,1,13,5,51,1,1",165,33,[NULL]
3,"8,2,9,1,435,1,1",165,33,[NULL]
4,"8,3,13,3,80,1,1",165,33,[NULL]
0,"160,1,216",166,32,[NULL]
1,"8,2,13,2,23,1,101,1,1",166,32,[NULL]
2,"8,5,201,1,1",166,32,[NULL]
3,"64,1,380,1,0",166,32,[NULL]
4,"1,1,1094,1,0",166,32,[NULL]
0,"166,1,203",167,31,[NULL]
1,"919,1,6",167,31,[NULL]
2,"1094,1,1",167,31,[NULL]
3,"8,1,13,3,23,1,80,1,1",167,31,[NULL]
4,"8,4,9,1,188,1,1",167,31,[NULL]
5,"113,1,260,1,0",167,31,[NULL]
0,"167,1,203",168,30,[NULL]
1,"13,2,219,1,28",168,30,[NULL]
2,"17,1,627,1,2",168,30,[NULL]
3,"16,1,64,1,187,1,1",168,30,[NULL]
4,"13,5,101,1,1",168,30,[NULL]
5,"8,3,9,1,267,1,1",168,30,[NULL]
0,"13,2,23,1,83,1,30",169,29,[NULL]
1,"784,1,14",169,29,[NULL]
2,"16,1,64,1,188,1,1",169,29,[NULL]
3,"8,2,9,1,23,1,188,1,1",169,29,[NULL]
4,"0,1,64,1,347,1,1",169,29,[NULL]
5,"0,1,8,2,627,1,1",169,29,[NULL]
6,"13,3,292,1,0",169,29,[NULL]
7,"1,1,1095,1,0",169,29,[NULL]
0,"2,1,1462",170,28,[NULL]
1,"13,4,105,1,14",170,28,[NULL]
2,"1095,1,1",170,28,[NULL]
3,"8,1,854,1,1",170,28,[NULL]
4,"8,1,9,1,13,2,212,1,1",170,28,[NULL]
5,"0,1,8,1,832,1,1",170,28,[NULL]
6,"64,1,382,1,0",170,28,[NULL]
7,"8,2,655,1,0",170,28,[NULL]
0,"9,1,13,3,188,1,1",171,27,[NULL]
1,"8,2,638,1,1",171,27,[NULL]
2,"8,1,874,1,0",171,27,[NULL]
0,"13,3,286,1,1",172,26,[NULL]
1,"8,2,640,1,1",172,26,[NULL]
2,"23,1,655,1,0",172,26,[NULL]
0,1544,173,25,[NULL]
1,"13,3,287,1,1",173,25,[NULL]
2,"8,1,80,1,212,1,1",173,25,[NULL]
3,"0,1,1081,1,1",173,25,[NULL]
4,"1122,1,0",173,25,[NULL]
5,"13,3,294,1,0",173,25,[NULL]
0,"188,1,188",174,24,[NULL]
1,"324,1,85",174,24,[NULL]
2,"13,1,80,1,188,1,1",174,24,[NULL]
3,"4,1,930,1,1",174,24,[NULL]
4,"1,1,1062,1,1",174,24,[NULL]
5,"0,1,1082,1,1",174,24,[NULL]
6,"1123,1,0",174,24,[NULL]
7,"13,4,181,1,0",174,24,[NULL]
0,"324,1,86",175,23,[NULL]
1,"13,1,335,1,30",175,23,[NULL]
2,"628,1,28",175,23,[NULL]
3,"3,2,877,1,1",175,23,[NULL]
4,"0,1,1083,1,1",175,23,[NULL]
0,1546,176,22,[NULL]
1,1545,176,22,[NULL]
2,"23,1,417,1,14",176,22,[NULL]
3,"13,3,288,1,1",176,22,[NULL]
4,"1,1,7,1,857,1,1",176,22,[NULL]
5,"0,1,71,1,324,1,1",176,22,[NULL]
0,1547,177,21,[NULL]
1,"629,1,28",177,21,[NULL]
2,"960,1,4",177,21,[NULL]
3,"13,2,532,1,1",177,21,[NULL]
4,"1,1,1064,1,1",177,21,[NULL]
5,"1124,1,0",177,21,[NULL]
6,"77,1,324,1,0",177,21,[NULL]
0,1548,178,20,[NULL]
1,"328,1,84",178,20,[NULL]
2,"9,1,373,1,30",178,20,[NULL]
3,"630,1,28",178,20,[NULL]
4,"1,1,1066,1,1",178,20,[NULL]
5,"1125,1,0",178,20,[NULL]
6,"78,1,324,1,0",178,20,[NULL]
0,1551,179,19,[NULL]
1,1550,179,19,[NULL]
2,1549,179,19,[NULL]
3,"2,1,1473",179,19,[NULL]
4,"287,1,113",179,19,[NULL]
5,"16,1,17,1,324,1,2",179,19,[NULL]
6,"0,1,1086,1,1",179,19,[NULL]
7,"1126,1,0",179,19,[NULL]
8,"1,1,1096,1,0",179,19,[NULL]
0,1555,180,18,[NULL]
1,1554,180,18,[NULL]
2,1553,180,18,[NULL]
3,1552,180,18,[NULL]
4,"3,1,1389",180,18,[NULL]
5,"1096,1,1",180,18,[NULL]
6,"0,1,8,2,16,1,324,1,1",180,18,[NULL]
7,"1127,1,0",180,18,[NULL]
8,"75,1,335,1,0",180,18,[NULL]
9,"2,2,1004,1,0",180,18,[NULL]
0,1557,181,17,[NULL]
1,1556,181,17,[NULL]
2,"13,1,1098",181,17,[NULL]
3,"95,1,384",181,17,[NULL]
4,"1097,1,1",181,17,[NULL]
5,"3,1,965,1,1",181,17,[NULL]
6,"1,1,1070,1,1",181,17,[NULL]
7,"1128,1,0",181,17,[NULL]
8,"76,1,335,1,0",181,17,[NULL]
9,"8,2,19,1,324,1,0",181,17,[NULL]
10,"3,1,1004,1,0",181,17,[NULL]
0,1560,182,16,[NULL]
1,1559,182,16,[NULL]
2,1558,182,16,[NULL]
3,"67,1,468",182,16,[NULL]
4,"990,1,3",182,16,[NULL]
5,"1,1,1072,1,1",182,16,[NULL]
6,"0,1,1088,1,1",182,16,[NULL]
7,"1129,1,0",182,16,[NULL]
8,"67,1,373,1,0",182,16,[NULL]
0,1562,183,15,[NULL]
1,1561,183,15,[NULL]
2,"788,1,14",183,15,[NULL]
3,"67,1,352,1,1",183,15,[NULL]
4,"0,1,1090,1,1",183,15,[NULL]
5,"1131,1,0",183,15,[NULL]
6,"1130,1,0",183,15,[NULL]
7,"67,1,376,1,0",183,15,[NULL]
0,1563,184,14,[NULL]
1,"13,1,1102",184,14,[NULL]
2,"1098,1,1",184,14,[NULL]
3,"18,1,683,1,1",184,14,[NULL]
4,"1134,1,0",184,14,[NULL]
5,"1133,1,0",184,14,[NULL]
6,"1132,1,0",184,14,[NULL]
7,"1,1,1100,1,0",184,14,[NULL]
0,1565,185,13,[NULL]
1,1564,185,13,[NULL]
2,"1100,1,1",185,13,[NULL]
3,"1099,1,1",185,13,[NULL]
4,"1,2,64,1,324,1,1",185,13,[NULL]
5,"1135,1,0",185,13,[NULL]
0,1567,186,12,[NULL]
1,1566,186,12,[NULL]
2,"0,1,72,1,324,1,1",186,12,[NULL]
3,"1136,1,0",186,12,[NULL]
0,"324,1,87",187,11,[NULL]
1,"1138,1,0",187,11,[NULL]
2,"1137,1,0",187,11,[NULL]
3,"79,1,324,1,0",187,11,[NULL]
0,"324,1,88",188,10,[NULL]
1,"80,1,324,1,0",188,10,[NULL]
2,"1,1,18,1,684,1,0",188,10,[NULL]
0,"324,1,89",189,9,[NULL]
1,"18,1,684,1,1",189,9,[NULL]
0,"324,1,90",190,8,[NULL]
1,"73,1,324,1,1",190,8,[NULL]
2,"1,2,18,1,660,1,0",190,8,[NULL]
0,"18,1,324,1,23",191,7,[NULL]
1,"75,1,324,1,1",191,7,[NULL]
2,"74,1,324,1,1",191,7,[NULL]
3,"1,1,18,1,660,1,1",191,7,[NULL]
4,"1,1,76,1,324,1,0",191,7,[NULL]
0,"76,1,324,1,1",192,6,[NULL]
1,"1,1,70,1,324,1,1",192,6,[NULL]
2,"2,1,70,1,324,1,0",192,6,[NULL]
0,"1,1,1075,1,1",133,66,[NULL]
0,"1101,1,1",134,65,[NULL]
0,"1139,1,0",135,64,[NULL]
0,"1140,1,0",136,63,[NULL]
0,"996,1,2",137,62,[NULL]
0,"0,1,8,1,851,1,1",138,61,[NULL]
0,"8,2,661,1,0",139,60,[NULL]
0,"8,1,16,1,554,1,0",140,59,[NULL]
0,"0,1,916,1,6",144,55,[NULL]
0,"1141,1,0",145,54,[NULL]
0,"1142,1,0",146,53,[NULL]
0,"16,1,636,1,2",147,52,[NULL]
0,"0,1,8,2,635,1,1",148,51,[NULL]
0,"8,2,662,1,0",149,50,[NULL]
0,"8,2,663,1,0",150,49,[NULL]
0,1568,151,48,[NULL]
1,"8,1,17,1,556,1,0",151,48,[NULL]
0,1569,152,47,[NULL]
0,1570,153,46,[NULL]
0,"152,1,236",154,45,[NULL]
0,"452,1,60",155,44,[NULL]
1,"64,1,402,1,0",155,44,[NULL]
0,"595,1,30",156,43,[NULL]
1,"64,1,403,1,0",156,43,[NULL]
0,"488,1,50",157,42,[NULL]
1,"138,1,225,1,0",157,42,[NULL]
0,"596,1,30",158,41,[NULL]
1,"1143,1,0",158,41,[NULL]
0,"597,1,30",159,40,[NULL]
0,1571,160,39,[NULL]
1,"8,2,257,1,30",160,39,[NULL]
0,1572,161,38,[NULL]
1,"8,1,17,1,206,1,30",161,38,[NULL]
0,"137,1,282",162,37,[NULL]
1,"491,1,49",162,37,[NULL]
2,"8,2,258,1,30",162,37,[NULL]
3,"5,1,149,2,0",162,37,[NULL]
0,"138,1,282",163,36,[NULL]
1,"491,1,50",163,36,[NULL]
2,"8,2,259,1,30",163,36,[NULL]
3,"149,2,6",163,36,[NULL]
0,"16,1,64,1,236",164,35,[NULL]
1,"16,1,260,1,39",164,35,[NULL]
2,"8,3,180,1,30",164,35,[NULL]
3,"927,1,6",164,35,[NULL]
0,"8,1,112,1,216",165,34,[NULL]
1,"8,1,380,1,36",165,34,[NULL]
2,"8,2,9,1,167,1,30",165,34,[NULL]
3,"1102,1,1",165,34,[NULL]
4,"1,1,5,1,64,1,260,1,0",165,34,[NULL]
0,"64,1,149,1,30",166,33,[NULL]
1,"8,1,9,1,248,1,30",166,33,[NULL]
2,"8,2,260,1,30",166,33,[NULL]
3,"64,3,2",166,33,[NULL]
4,"8,1,863,1,1",166,33,[NULL]
5,"5,1,64,1,260,1,1",166,33,[NULL]
6,"13,6,51,1,0",166,33,[NULL]
0,"598,1,30",167,32,[NULL]
1,"16,1,292,1,30",167,32,[NULL]
2,"9,1,13,1,219,1,30",167,32,[NULL]
3,"8,2,642,1,1",167,32,[NULL]
4,"64,1,404,1,0",167,32,[NULL]
5,"13,6,52,1,0",167,32,[NULL]
0,"599,1,30",168,31,[NULL]
1,"17,1,292,1,30",168,31,[NULL]
2,"8,1,864,1,1",168,31,[NULL]
0,"602,1,30",169,30,[NULL]
1,"8,1,420,1,30",169,30,[NULL]
2,"13,1,784,1,1",169,30,[NULL]
3,"1,1,1077,1,1",169,30,[NULL]
4,"1,2,64,1,347,1,0",169,30,[NULL]
0,"13,1,346,1,30",170,29,[NULL]
1,"8,1,16,1,209,1,30",170,29,[NULL]
2,"1103,1,1",170,29,[NULL]
3,"13,2,537,1,1",170,29,[NULL]
4,"13,5,105,1,1",170,29,[NULL]
5,"1,1,64,1,347,1,1",170,29,[NULL]
0,"64,1,482",171,28,[NULL]
1,"8,1,17,1,209,1,30",171,28,[NULL]
2,"963,1,4",171,28,[NULL]
3,"9,1,13,3,23,1,75,1,1",171,28,[NULL]
4,"13,3,303,1,0",171,28,[NULL]
0,"112,1,346",172,27,[NULL]
1,"8,2,261,1,30",172,27,[NULL]
2,"13,4,188,1,0",172,27,[NULL]
0,"113,1,346",173,26,[NULL]
1,"8,1,423,1,30",173,26,[NULL]
2,"1,1,1080,1,1",173,26,[NULL]
3,"13,4,189,1,0",173,26,[NULL]
0,"8,1,72,1,306",174,25,[NULL]
1,"13,2,209,1,30",174,25,[NULL]
2,"23,1,286,1,28",174,25,[NULL]
3,"3,1,978,1,1",174,25,[NULL]
0,1573,175,24,[NULL]
1,"127,1,306",175,24,[NULL]
2,"13,2,294,1,14",175,24,[NULL]
3,"1104,1,1",175,24,[NULL]
4,"1,1,1082,1,1",175,24,[NULL]
5,"13,4,190,1,0",175,24,[NULL]
6,"1,2,1083,1,0",175,24,[NULL]
0,1574,176,23,[NULL]
1,"101,1,371",176,23,[NULL]
2,"1105,1,1",176,23,[NULL]
3,"67,1,359,1,1",176,23,[NULL]
4,"13,1,23,1,417,1,1",176,23,[NULL]
5,"1,1,1083,1,1",176,23,[NULL]
6,"1146,1,0",176,23,[NULL]
7,"1,2,71,1,324,1,0",176,23,[NULL]
0,1575,177,22,[NULL]
1,"68,1,359,1,1",177,22,[NULL]
2,"9,1,75,1,212,1,1",177,22,[NULL]
3,"1,1,71,1,324,1,1",177,22,[NULL]
4,"1,1,64,1,351,1,1",177,22,[NULL]
5,"1,1,3,1,959,1,1",177,22,[NULL]
6,"1147,1,0",177,22,[NULL]
0,1577,178,21,[NULL]
1,1576,178,21,[NULL]
2,"3,1,1408",178,21,[NULL]
3,"13,1,408,1,28",178,21,[NULL]
4,"1106,1,1",178,21,[NULL]
5,"18,1,690,1,1",178,21,[NULL]
6,"3,1,982,1,1",178,21,[NULL]
7,"1149,1,0",178,21,[NULL]
8,"1148,1,0",178,21,[NULL]
0,1578,179,20,[NULL]
1,"604,1,33",179,20,[NULL]
2,"1108,1,1",179,20,[NULL]
3,"1107,1,1",179,20,[NULL]
4,"9,1,13,1,569,1,1",179,20,[NULL]
5,"3,1,984,1,1",179,20,[NULL]
6,"2,1,1052,1,1",179,20,[NULL]
7,"1151,1,0",179,20,[NULL]
8,"1150,1,0",179,20,[NULL]
9,"3,1,1011,1,0",179,20,[NULL]
0,1579,180,19,[NULL]
1,"67,1,474",180,19,[NULL]
2,"533,1,44",180,19,[NULL]
3,"1109,1,1",180,19,[NULL]
4,"67,1,363,1,1",180,19,[NULL]
5,"1,1,1086,1,1",180,19,[NULL]
6,"0,1,1096,1,1",180,19,[NULL]
7,"1153,1,0",180,19,[NULL]
8,"1152,1,0",180,19,[NULL]
9,"3,1,1014,1,0",180,19,[NULL]
0,1581,181,18,[NULL]
1,1580,181,18,[NULL]
2,"965,1,4",181,18,[NULL]
3,"1004,1,3",181,18,[NULL]
4,"1110,1,1",181,18,[NULL]
5,"0,1,1097,1,1",181,18,[NULL]
6,"1155,1,0",181,18,[NULL]
7,"1154,1,0",181,18,[NULL]
8,"3,1,1016,1,0",181,18,[NULL]
9,"3,1,1015,1,0",181,18,[NULL]
0,1582,182,17,[NULL]
1,"324,1,91",182,17,[NULL]
2,"333,1,89",182,17,[NULL]
3,"335,1,84",182,17,[NULL]
4,"967,1,4",182,17,[NULL]
5,"1111,1,1",182,17,[NULL]
6,"13,1,787,1,1",182,17,[NULL]
7,"2,1,1054,1,1",182,17,[NULL]
8,"1,1,1087,1,1",182,17,[NULL]
9,"1156,1,0",182,17,[NULL]
10,"3,1,1017,1,0",182,17,[NULL]
11,"1,2,1088,1,0",182,17,[NULL]
0,1583,183,16,[NULL]
1,"68,1,475",183,16,[NULL]
2,"324,1,92",183,16,[NULL]
3,"450,1,66",183,16,[NULL]
4,"1113,1,1",183,16,[NULL]
5,"1112,1,1",183,16,[NULL]
6,"2,2,990,1,1",183,16,[NULL]
7,"1,1,1088,1,1",183,16,[NULL]
8,"1,2,1055,1,1",183,16,[NULL]
9,"1157,1,0",183,16,[NULL]
10,"3,1,1020,1,0",183,16,[NULL]
11,"2,1,1088,1,0",183,16,[NULL]
0,1584,184,15,[NULL]
1,"67,1,477",184,15,[NULL]
2,"324,1,93",184,15,[NULL]
3,"43,1,543,1,1",184,15,[NULL]
4,"3,1,990,1,1",184,15,[NULL]
5,"2,1,1055,1,1",184,15,[NULL]
6,"1,1,1090,1,1",184,15,[NULL]
7,"1,2,1057,1,1",184,15,[NULL]
8,"0,1,1098,1,1",184,15,[NULL]
9,"1158,1,0",184,15,[NULL]
10,"67,1,392,1,0",184,15,[NULL]
0,1585,185,14,[NULL]
1,"9,1,324,1,39",185,14,[NULL]
2,"1115,1,1",185,14,[NULL]
3,"1114,1,1",185,14,[NULL]
4,"43,1,544,1,1",185,14,[NULL]
5,"2,1,1057,1,1",185,14,[NULL]
6,"1159,1,0",185,14,[NULL]
7,"67,1,397,1,0",185,14,[NULL]
0,"13,1,324,1,36",186,13,[NULL]
1,"1117,1,1",186,13,[NULL]
2,"1116,1,1",186,13,[NULL]
3,"1160,1,0",186,13,[NULL]
4,"1,1,1118,1,0",186,13,[NULL]
0,"18,2,475",187,12,[NULL]
1,"1119,1,1",187,12,[NULL]
2,"1118,1,1",187,12,[NULL]
3,"1,1,72,1,324,1,1",187,12,[NULL]
4,"1161,1,0",187,12,[NULL]
0,1586,188,11,[NULL]
1,"18,1,324,1,26",188,11,[NULL]
2,"1120,1,1",188,11,[NULL]
3,"1163,1,0",188,11,[NULL]
4,"1162,1,0",188,11,[NULL]
0,"0,1,324,1,89",189,10,[NULL]
1,"1164,1,0",189,10,[NULL]
2,"81,1,324,1,0",189,10,[NULL]
0,"0,1,73,1,324,1,1",190,9,[NULL]
1,"1165,1,0",190,9,[NULL]
2,"83,1,324,1,0",190,9,[NULL]
3,"82,1,324,1,0",190,9,[NULL]
0,"69,1,478",191,8,[NULL]
1,"1166,1,0",191,8,[NULL]
2,"85,1,324,1,0",191,8,[NULL]
3,"84,1,324,1,0",191,8,[NULL]
0,"18,1,24,1,324,1,1",192,7,[NULL]
1,"2,1,18,2,341,1,0",192,7,[NULL]
0,"2,1,324,1,80",193,6,[NULL]
1,"1,2,1058,1,1",193,6,[NULL]
0,"2,1,1058,1,1",194,5,[NULL]
1,"1,2,18,2,324,1,1",194,5,[NULL]
0,"2,1,18,2,324,1,1",195,4,[NULL]
0,1587,141,59,[NULL]
0,1588,142,58,[NULL]
0,"553,1,39",143,57,[NULL]
0,"578,1,36",144,56,[NULL]
1,"1,1,5,1,916,1,0",144,56,[NULL]
0,"8,1,431,1,30",145,55,[NULL]
1,"5,1,916,1,1",145,55,[NULL]
0,"16,1,296,1,30",146,54,[NULL]
0,"17,1,296,1,30",147,53,[NULL]
0,"607,1,30",148,52,[NULL]
0,"8,3,182,1,30",149,51,[NULL]
0,"8,3,183,1,30",150,50,[NULL]
1,"969,1,4",150,50,[NULL]
0,1589,151,49,[NULL]
1,"8,1,16,1,17,1,111,1,30",151,49,[NULL]
0,"8,2,265,1,30",152,48,[NULL]
1,"8,1,871,1,1",152,48,[NULL]
2,"1,1,59,1,402,1,1",152,48,[NULL]
0,"555,1,39",153,47,[NULL]
1,"8,5,71,1,30",153,47,[NULL]
2,"17,1,722,1,1",153,47,[NULL]
0,"8,1,402,1,36",154,46,[NULL]
1,"8,4,16,1,50,1,30",154,46,[NULL]
2,"8,1,872,1,1",154,46,[NULL]
0,"8,1,432,1,30",155,45,[NULL]
1,"8,4,17,1,50,1,30",155,45,[NULL]
2,"8,1,873,1,1",155,45,[NULL]
0,"8,1,433,1,30",156,44,[NULL]
1,"8,4,125,1,30",156,44,[NULL]
2,"8,3,488,1,1",156,44,[NULL]
0,1590,157,43,[NULL]
1,"17,1,298,1,30",157,43,[NULL]
2,"8,7,16,1,30",157,43,[NULL]
3,"8,2,17,1,343,1,1",157,43,[NULL]
0,"8,2,16,1,137,1,36",158,42,[NULL]
1,"8,7,17,1,30",158,42,[NULL]
2,"16,1,725,1,1",158,42,[NULL]
3,"8,3,489,1,1",158,42,[NULL]
0,"71,1,461",159,41,[NULL]
1,"8,3,184,1,30",159,41,[NULL]
2,"8,5,16,1,23,1,30",159,41,[NULL]
3,"17,1,725,1,1",159,41,[NULL]
4,"8,3,490,1,1",159,41,[NULL]
0,"50,1,643",160,40,[NULL]
1,"8,3,185,1,30",160,40,[NULL]
2,"8,6,42,1,30",160,40,[NULL]
3,"8,1,759,1,4",160,40,[NULL]
4,"8,5,206,1,1",160,40,[NULL]
5,"1,1,1121,1,0",160,40,[NULL]
0,"137,1,291",161,39,[NULL]
1,"8,2,17,1,147,1,30",161,39,[NULL]
2,"8,6,13,2,30",161,39,[NULL]
3,"795,1,15",161,39,[NULL]
4,"17,1,623,1,4",161,39,[NULL]
5,"1121,1,1",161,39,[NULL]
6,"8,4,17,1,160,1,1",161,39,[NULL]
0,"138,1,291",162,38,[NULL]
1,"8,1,17,2,113,1,30",162,38,[NULL]
2,"8,5,13,1,32,1,30",162,38,[NULL]
3,"8,1,64,1,244,1,1",162,38,[NULL]
4,"8,3,491,1,1",162,38,[NULL]
5,"8,5,207,1,1",162,38,[NULL]
0,"64,1,137,1,39",163,37,[NULL]
1,"8,4,13,2,23,1,30",163,37,[NULL]
2,"8,5,72,1,30",163,37,[NULL]
3,"0,1,149,2,6",163,37,[NULL]
4,"8,1,138,1,149,1,1",163,37,[NULL]
5,"8,1,16,1,17,1,260,1,1",163,37,[NULL]
6,"8,5,208,1,1",163,37,[NULL]
0,"64,1,146,1,36",164,36,[NULL]
1,"8,3,13,2,51,1,30",164,36,[NULL]
2,"8,4,127,1,30",164,36,[NULL]
3,"8,1,64,1,245,1,1",164,36,[NULL]
4,"8,1,17,2,260,1,1",164,36,[NULL]
5,"8,4,9,1,194,1,1",164,36,[NULL]
6,"149,1,206,1,0",164,36,[NULL]
0,"16,1,64,2,30",165,35,[NULL]
1,"8,2,13,5,30",165,35,[NULL]
2,"8,3,20,1,80,1,30",165,35,[NULL]
3,"8,1,60,1,260,1,1",165,35,[NULL]
4,"8,2,653,1,1",165,35,[NULL]
5,"8,3,9,1,13,1,167,1,1",165,35,[NULL]
0,"16,1,299,1,30",166,34,[NULL]
1,"8,1,13,4,32,1,30",166,34,[NULL]
2,"8,3,186,1,30",166,34,[NULL]
3,"8,2,16,1,347,1,1",166,34,[NULL]
4,"8,2,9,1,13,1,248,1,1",166,34,[NULL]
5,"8,4,291,1,1",166,34,[NULL]
0,"13,5,23,1,30",167,33,[NULL]
1,"8,1,434,1,30",167,33,[NULL]
2,"8,2,9,1,13,1,101,1,30",167,33,[NULL]
3,"8,1,9,1,13,2,219,1,1",167,33,[NULL]
4,"8,2,17,1,347,1,1",167,33,[NULL]
5,"8,4,292,1,1",167,33,[NULL]
0,"8,1,435,1,30",168,32,[NULL]
1,"8,1,9,1,13,2,80,1,30",168,32,[NULL]
2,"13,5,51,1,14",168,32,[NULL]
3,"64,1,380,1,1",168,32,[NULL]
4,"9,1,13,3,194,1,1",168,32,[NULL]
5,"8,2,22,1,292,1,1",168,32,[NULL]
6,"8,3,492,1,1",168,32,[NULL]
7,"1,1,1094,1,1",168,32,[NULL]
0,"72,1,461",169,31,[NULL]
1,"9,1,13,1,23,1,101,1,30",169,31,[NULL]
2,"8,3,187,1,30",169,31,[NULL]
3,"113,1,260,1,1",169,31,[NULL]
4,"8,2,23,1,292,1,1",169,31,[NULL]
5,"8,4,293,1,1",169,31,[NULL]
0,"64,1,505",170,30,[NULL]
1,"8,3,188,1,30",170,30,[NULL]
2,"963,1,5",170,30,[NULL]
3,"16,1,627,1,4",170,30,[NULL]
4,"8,1,13,2,346,1,1",170,30,[NULL]
5,"8,5,209,1,1",170,30,[NULL]
0,"89,1,399",171,29,[NULL]
1,"13,3,51,1,107",171,29,[NULL]
2,"8,2,267,1,30",171,29,[NULL]
3,"642,1,28",171,29,[NULL]
4,"17,1,627,1,4",171,29,[NULL]
5,"0,1,963,1,4",171,29,[NULL]
6,"13,3,292,1,1",171,29,[NULL]
7,"8,4,294,1,1",171,29,[NULL]
8,"1,1,1095,1,1",171,29,[NULL]
0,"80,1,432",172,28,[NULL]
1,"292,1,110",172,28,[NULL]
2,"13,1,357,1,30",172,28,[NULL]
3,"8,1,23,1,188,1,30",172,28,[NULL]
4,"13,4,67,1,28",172,28,[NULL]
5,"974,1,4",172,28,[NULL]
6,"64,1,382,1,1",172,28,[NULL]
7,"8,2,655,1,1",172,28,[NULL]
8,"8,3,13,1,261,1,1",172,28,[NULL]
9,"13,4,23,1,75,1,0",172,28,[NULL]
0,1591,173,27,[NULL]
1,"201,1,181",173,27,[NULL]
2,"13,2,212,1,30",173,27,[NULL]
3,"13,2,303,1,14",173,27,[NULL]
4,"64,1,383,1,1",173,27,[NULL]
5,"8,1,874,1,1",173,27,[NULL]
6,"8,2,13,1,423,1,1",173,27,[NULL]
7,"13,4,23,1,76,1,0",173,27,[NULL]
0,"188,1,195",174,26,[NULL]
1,"13,3,188,1,14",174,26,[NULL]
2,"23,1,655,1,1",174,26,[NULL]
3,"8,1,64,1,250,1,1",174,26,[NULL]
4,"8,1,13,3,209,1,1",174,26,[NULL]
5,"0,1,3,1,978,1,1",174,26,[NULL]
6,"149,1,209,1,0",174,26,[NULL]
0,"610,1,30",175,25,[NULL]
1,"876,1,8",175,25,[NULL]
2,"1122,1,1",175,25,[NULL]
3,"13,3,294,1,1",175,25,[NULL]
4,"8,1,878,1,1",175,25,[NULL]
5,"1169,1,0",175,25,[NULL]
6,"1168,1,0",175,25,[NULL]
0,"13,2,213,1,30",176,24,[NULL]
1,"1123,1,1",176,24,[NULL]
2,"13,4,181,1,1",176,24,[NULL]
3,"8,1,89,1,209,1,1",176,24,[NULL]
4,"0,1,67,1,359,1,1",176,24,[NULL]
5,"1170,1,0",176,24,[NULL]
6,"87,1,324,1,0",176,24,[NULL]
0,"13,1,188,1,107",177,23,[NULL]
1,"324,1,94",177,23,[NULL]
2,"628,1,29",177,23,[NULL]
3,"13,3,190,1,14",177,23,[NULL]
4,"9,1,80,1,209,1,1",177,23,[NULL]
5,"1171,1,0",177,23,[NULL]
6,"13,1,822,1,0",177,23,[NULL]
0,1592,178,22,[NULL]
1,"13,1,417,1,28",178,22,[NULL]
2,"74,1,359,1,0",178,22,[NULL]
3,"13,1,75,1,212,1,0",178,22,[NULL]
4,"3,1,1037,1,0",178,22,[NULL]
0,"648,1,28",179,21,[NULL]
1,"1124,1,1",179,21,[NULL]
2,"77,1,324,1,1",179,21,[NULL]
3,"1172,1,0",179,21,[NULL]
4,"76,1,359,1,0",179,21,[NULL]
5,"13,1,76,1,212,1,0",179,21,[NULL]
0,1594,180,20,[NULL]
1,1593,180,20,[NULL]
2,"13,1,190,1,107",180,20,[NULL]
3,"1125,1,1",180,20,[NULL]
4,"78,1,324,1,1",180,20,[NULL]
5,"1173,1,0",180,20,[NULL]
6,"13,2,569,1,0",180,20,[NULL]
7,"1,1,1126,1,0",180,20,[NULL]
0,1596,181,19,[NULL]
1,1595,181,19,[NULL]
2,"8,1,31,1,324,1,4",181,19,[NULL]
3,"1126,1,1",181,19,[NULL]
4,"1,1,1096,1,1",181,19,[NULL]
5,"1174,1,0",181,19,[NULL]
6,"13,1,75,1,213,1,0",181,19,[NULL]
7,"13,2,570,1,0",181,19,[NULL]
8,"3,1,1042,1,0",181,19,[NULL]
9,"2,1,1096,1,0",181,19,[NULL]
10,"1,1,1127,1,0",181,19,[NULL]
0,1599,182,18,[NULL]
1,1598,182,18,[NULL]
2,1597,182,18,[NULL]
3,"3,1,1427",182,18,[NULL]
4,"16,1,17,1,324,1,4",182,18,[NULL]
5,"1127,1,1",182,18,[NULL]
6,"75,1,335,1,1",182,18,[NULL]
7,"2,2,1004,1,1",182,18,[NULL]
8,"1,1,1128,1,0",182,18,[NULL]
9,"1,1,76,1,335,1,0",182,18,[NULL]
0,1600,183,17,[NULL]
1,"2,1,1524",183,17,[NULL]
2,"1128,1,1",183,17,[NULL]
3,"76,1,335,1,1",183,17,[NULL]
4,"8,2,19,1,324,1,1",183,17,[NULL]
5,"3,1,1004,1,1",183,17,[NULL]
6,"1176,1,0",183,17,[NULL]
0,"67,1,496",184,16,[NULL]
1,"991,1,4",184,16,[NULL]
2,"990,1,4",184,16,[NULL]
3,"1129,1,1",184,16,[NULL]
4,"67,1,373,1,1",184,16,[NULL]
5,"8,2,20,1,324,1,1",184,16,[NULL]
6,"1177,1,0",184,16,[NULL]
0,1603,185,15,[NULL]
1,1602,185,15,[NULL]
2,1601,185,15,[NULL]
3,"68,1,496",185,15,[NULL]
4,"1131,1,1",185,15,[NULL]
5,"1130,1,1",185,15,[NULL]
6,"67,1,376,1,1",185,15,[NULL]
7,"8,1,45,1,324,1,1",185,15,[NULL]
0,1606,186,14,[NULL]
1,1605,186,14,[NULL]
2,1604,186,14,[NULL]
3,"1134,1,1",186,14,[NULL]
4,"1133,1,1",186,14,[NULL]
5,"1132,1,1",186,14,[NULL]
6,"8,1,46,1,324,1,1",186,14,[NULL]
7,"1,1,1100,1,1",186,14,[NULL]
0,1608,187,13,[NULL]
1,1607,187,13,[NULL]
2,"352,1,84",187,13,[NULL]
3,"1135,1,1",187,13,[NULL]
4,"9,1,13,2,324,1,1",187,13,[NULL]
5,"0,1,1118,1,1",187,13,[NULL]
0,1609,188,12,[NULL]
1,"324,1,95",188,12,[NULL]
2,"1136,1,1",188,12,[NULL]
3,"0,1,1120,1,1",188,12,[NULL]
4,"1,1,79,1,324,1,0",188,12,[NULL]
0,"1138,1,1",189,11,[NULL]
1,"1137,1,1",189,11,[NULL]
2,"79,1,324,1,1",189,11,[NULL]
3,"1178,1,0",189,11,[NULL]
0,1610,190,10,[NULL]
1,"80,1,324,1,1",190,10,[NULL]
2,"1,1,18,1,684,1,1",190,10,[NULL]
0,"324,1,97",191,9,[NULL]
1,"324,1,96",191,9,[NULL]
0,1611,192,8,[NULL]
1,"324,1,99",192,8,[NULL]
2,"324,1,98",192,8,[NULL]
3,"1,2,18,1,660,1,1",192,8,[NULL]
4,"2,1,75,1,324,1,0",192,8,[NULL]
0,"18,1,324,1,28",193,7,[NULL]
1,"849,1,12",193,7,[NULL]
2,"2,1,18,1,660,1,1",193,7,[NULL]
3,"1,1,76,1,324,1,1",193,7,[NULL]
4,"2,1,76,1,324,1,0",193,7,[NULL]
0,"2,1,70,1,324,1,1",194,6,[NULL]
