stem,s,base,diff,level
1,0,0,[NULL],9000
2,1,0,[NULL],9000
3,0,0,[NULL],9000
3,1,0,[NULL],9000
3,2,0,[NULL],9000
4,1,0,[NULL],9000
6,1,0,[NULL],9000
7,0,0,[NULL],9000
7,1,0,[NULL],9000
7,2,1,[NULL],9000
7,2,0,[NULL],9000
8,1,1,[NULL],9000
8,1,0,[NULL],9000
7,3,0,[NULL],9000
8,2,0,[NULL],9000
9,2,1,[NULL],9000
9,2,0,[NULL],9000
10,1,0,[NULL],9000
9,3,0,[NULL],9000
10,2,0,[NULL],9000
9,4,0,[NULL],9000
10,3,0,[NULL],9000
10,5,0,[NULL],9000
11,4,0,[NULL],9000
14,1,0,[NULL],9000
15,0,0,0,9998
11,5,0,[NULL],9000
14,2,0,0,2
15,1,0,0,9997
11,6,0,[NULL],9000
14,3,0,[NULL],9000
15,2,1,[NULL],9000
15,2,0,0,9997
16,1,1,[NULL],9000
16,1,0,[NULL],9000
14,4,0,0,3
15,3,0,[NULL],9000
14,5,0,0,3
15,4,1,[NULL],9000
15,4,0,[NULL],9000
16,3,0,[NULL],9000
17,2,1,[NULL],9000
17,2,2,[NULL],9000
17,2,0,[NULL],9000
18,1,"0,1",[NULL],9000
18,1,1,[NULL],9000
15,5,0,[NULL],9000
17,3,0,0,9998
18,2,"0,1",[NULL],9000
18,2,1,[NULL],9000
15,6,0,[NULL],9000
16,5,0,0,2
17,4,0,[NULL],9000
18,3,2,[NULL],9000
18,3,1,[NULL],9000
18,3,0,0,9998
19,2,0,[NULL],9000
19,2,1,[NULL],9000
15,7,0,[NULL],9000
16,6,0,[NULL],9000
17,5,0,"0,1",2
18,4,0,0,9998
17,6,0,0,2
19,4,0,[NULL],9000
20,3,1,[NULL],9000
20,3,0,[NULL],9000
21,2,1,[NULL],9000
21,2,0,[NULL],9000
22,1,0,[NULL],9000
17,7,0,[NULL],9000
20,4,0,[NULL],9000
21,3,0,[NULL],9000
22,2,0,[NULL],9000
17,8,0,[NULL],9000
20,5,0,[NULL],9000
21,4,1,[NULL],9000
21,4,0,[NULL],9000
22,3,2,[NULL],9000
22,3,1,[NULL],9000
22,3,0,[NULL],9000
23,2,0,[NULL],9000
22,4,0,[NULL],9000
23,3,1,[NULL],9000
23,3,0,[NULL],9000
18,9,0,[NULL],9000
19,8,0,[NULL],9000
22,5,0,[NULL],9000
23,4,1,[NULL],9000
23,4,0,[NULL],9000
24,3,0,[NULL],9000
19,9,0,[NULL],9000
23,5,0,[NULL],9000
24,4,0,[NULL],9000
24,4,1,[NULL],9000
19,10,0,[NULL],9000
22,7,0,[NULL],9000
23,6,0,0,9998
24,5,0,[NULL],9000
22,8,0,0,2
23,7,0,0,9998
22,9,0,0,2
23,8,1,[NULL],9000
23,8,0,[NULL],9000
26,5,0,[NULL],9000
30,1,0,[NULL],9000
31,0,0,0,9998
23,9,0,[NULL],9000
25,7,0,0,9998
26,6,0,0,9998
30,2,0,0,2
31,1,0,0,9998
23,10,0,[NULL],9000
24,9,0,0,2
25,8,0,0,2
26,7,0,0,9998
30,3,0,0,2
31,2,2,[NULL],9000
31,2,1,[NULL],9000
31,2,0,1,9998
32,1,1,[NULL],9000
32,1,0,[NULL],9000
23,11,0,[NULL],9000
24,10,0,[NULL],9000
25,9,0,0,2
26,8,0,0,9998
30,4,1,0,2
30,4,0,[NULL],9000
31,3,0,[NULL],9000
31,3,1,0,9997
25,10,0,0,2
28,7,0,[NULL],9000
29,6,0,0,9998
30,5,0,0,9997
31,4,0,[NULL],9000
31,4,1,0,9997
32,3,1,[NULL],9000
32,3,0,[NULL],9000
33,2,2,[NULL],9000
33,2,1,[NULL],9000
33,2,0,[NULL],9000
34,1,0,0,9997
34,1,1,1,9998
25,11,0,[NULL],9000
28,8,0,0,2
29,7,0,0,9998
30,6,0,1,3
31,5,0,0,9997
32,4,0,[NULL],9000
33,3,1,1,2
33,3,0,[NULL],9000
34,2,"0,1",[NULL],9000
34,2,1,[NULL],9000
25,12,0,[NULL],9000
28,9,0,0,2
29,8,0,0,3
30,7,0,1,3
31,6,1,[NULL],9000
31,6,0,0,9997
32,5,2,[NULL],9000
32,5,"0,1",[NULL],9000
32,5,1,[NULL],9000
33,4,0,0,3
33,4,1,[NULL],9000
34,3,1,[NULL],9000
34,3,0,[NULL],9000
35,2,0,[NULL],9000
30,8,0,0,3
31,7,"0,1",0,9996
31,7,1,0,9997
32,6,0,1,9998
33,5,0,[NULL],9000
34,4,0,[NULL],9000
26,13,0,[NULL],9000
27,12,0,[NULL],9000
30,9,0,0,3
31,8,1,0,2
31,8,0,0,9996
32,7,0,1,9998
33,6,0,[NULL],9000
33,6,1,[NULL],9000
34,5,1,[NULL],9000
34,5,0,[NULL],9000
35,4,0,[NULL],9000
36,3,0,[NULL],9000
37,2,2,[NULL],9000
37,2,1,[NULL],9000
37,2,0,[NULL],9000
38,1,0,0,9996
38,1,1,0,9998
27,13,0,[NULL],9000
30,10,0,0,3
31,9,1,0,2
31,9,0,0,9996
32,8,0,1,9996
34,6,0,[NULL],9000
35,5,0,[NULL],9000
37,3,0,1,2
38,2,0,"0,1",9996
38,2,1,"1,2",9997
27,14,0,[NULL],9000
30,11,0,"0,1",4
31,10,0,[NULL],9000
34,7,1,[NULL],9000
34,7,0,[NULL],9000
35,6,1,[NULL],9000
35,6,0,0,9998
36,5,1,[NULL],9000
36,5,0,[NULL],9000
37,4,"0,1",[NULL],9000
37,4,1,[NULL],9000
38,3,3,[NULL],9000
38,3,"1,2",[NULL],9000
38,3,2,[NULL],9000
38,3,0,1,9997
39,2,2,[NULL],9000
39,2,1,[NULL],9000
39,2,0,[NULL],9000
30,12,0,0,4
31,11,0,[NULL],9000
34,8,0,0,2
35,7,0,0,9998
36,6,0,[NULL],9000
37,5,"1,2",1,3
37,5,0,0,4
37,5,2,[NULL],9000
38,4,0,[NULL],9000
38,4,2,[NULL],9000
38,4,1,[NULL],9000
39,3,1,[NULL],9000
39,3,0,[NULL],9000
30,13,0,0,4
31,12,1,0,4
31,12,0,[NULL],9000
34,9,0,0,2
35,8,0,[NULL],9000
36,7,0,[NULL],9000
37,6,1,0,3
37,6,0,0,4
37,6,2,[NULL],9000
38,5,1,[NULL],9000
38,5,2,[NULL],9000
38,5,0,1,9998
39,4,0,[NULL],9000
39,4,1,1,9997
40,3,2,[NULL],9000
40,3,3,[NULL],9000
40,3,1,[NULL],9000
40,3,0,[NULL],9000
41,2,1,[NULL],9000
41,2,0,2,9998
31,13,0,[NULL],9000
33,11,0,0,9998
34,10,0,0,9998
37,7,1,0,2
37,7,0,0,9996
38,6,1,[NULL],9000
38,6,0,0,9998
39,5,0,[NULL],9000
40,4,2,0,2
40,4,3,[NULL],9000
40,4,1,[NULL],9000
40,4,0,2,9998
41,3,1,[NULL],9000
41,3,0,"2,3",9998
31,14,0,[NULL],9000
32,13,0,0,2
33,12,0,0,2
34,11,0,0,9998
37,8,0,0,2
38,7,1,1,3
38,7,0,0,9998
39,6,2,0,2
39,6,0,[NULL],9000
39,6,1,[NULL],9000
40,5,"2,3",0,2
40,5,3,[NULL],9000
40,5,"0,1",[NULL],9000
40,5,1,[NULL],9000
41,4,2,[NULL],9000
41,4,1,[NULL],9000
41,4,0,[NULL],9000
42,3,0,[NULL],9000
31,15,0,[NULL],9000
32,14,0,[NULL],9000
33,13,0,0,2
34,12,0,0,9998
37,9,0,0,2
38,8,0,0,9996
33,14,0,0,2
36,11,0,0,4
37,10,0,0,9998
39,8,0,[NULL],9000
40,7,1,[NULL],9000
40,7,0,[NULL],9000
41,6,2,[NULL],9000
41,6,1,[NULL],9000
41,6,0,[NULL],9000
42,5,1,[NULL],9000
42,5,0,[NULL],9000
43,4,0,[NULL],9000
44,3,1,[NULL],9000
44,3,0,[NULL],9000
45,2,1,[NULL],9000
45,2,0,[NULL],9000
46,1,0,"0,1",9998
33,15,0,[NULL],9000
36,12,0,0,2
37,11,0,0,9998
41,7,0,[NULL],9000
42,6,1,[NULL],9000
42,6,0,[NULL],9000
44,4,0,[NULL],9000
45,3,"0,1",0,2
45,3,1,[NULL],9000
46,2,0,[NULL],9997
33,16,0,[NULL],9000
36,13,0,0,2
37,12,0,0,4
40,9,0,[NULL],9000
41,8,0,[NULL],9000
42,7,1,[NULL],9000
42,7,0,[NULL],9000
44,5,1,[NULL],9000
44,5,0,[NULL],9000
45,4,4,[NULL],9000
45,4,3,[NULL],9000
45,4,2,[NULL],9000
45,4,1,[NULL],9000
45,4,0,0,9998
46,3,2,[NULL],9000
46,3,0,[NULL],9000
46,3,1,[NULL],9997
47,2,0,[NULL],9997
39,11,0,0,9996
40,10,0,0,9998
41,9,0,[NULL],9000
42,8,0,0,9998
44,6,0,"0,3",2
45,5,0,[NULL],9000
45,5,2,[NULL],9000
45,5,1,[NULL],9000
46,4,0,[NULL],9000
34,17,0,[NULL],9000
35,16,0,[NULL],9000
39,12,0,0,2
40,11,0,0,9998
41,10,0,0,2
45,6,1,[NULL],9000
45,6,0,[NULL],9000
46,5,2,[NULL],9000
46,5,3,[NULL],9000
46,5,0,[NULL],9000
46,5,1,[NULL],9000
47,4,2,[NULL],9000
47,4,0,[NULL],9000
47,4,1,[NULL],9000
48,3,0,[NULL],9000
48,3,2,[NULL],9000
48,3,1,0,9998
49,2,0,[NULL],9000
35,17,0,[NULL],9000
39,13,0,0,2
40,12,0,1,9996
45,7,0,[NULL],9000
46,6,1,[NULL],9000
46,6,2,[NULL],9000
46,6,0,[NULL],9000
47,5,0,1,2
47,5,1,[NULL],9000
48,4,0,0,9998
48,4,1,1,9998
49,3,0,[NULL],9000
35,18,0,[NULL],9000
38,15,0,0,4
39,14,0,0,9998
42,11,0,[NULL],9000
43,10,0,0,9998
44,9,0,0,9997
45,8,0,[NULL],9000
46,7,1,[NULL],9000
46,7,0,[NULL],9000
47,6,0,0,2
47,6,1,1,2
48,5,2,[NULL],9000
48,5,1,[NULL],9000
48,5,0,[NULL],9000
49,4,2,[NULL],9000
49,4,3,[NULL],9000
49,4,0,1,9998
49,4,1,2,9998
50,3,1,[NULL],9000
50,3,0,[NULL],9000
38,16,0,0,2
39,15,0,0,9998
42,12,0,0,2
43,11,0,0,9998
46,8,0,[NULL],9000
47,7,2,[NULL],9000
47,7,1,[NULL],9000
47,7,0,[NULL],9000
48,6,1,0,2
48,6,2,1,2
48,6,0,[NULL],9000
49,5,"0,1,2","0,1",9997
49,5,1,[NULL],9997
49,5,2,1,9998
50,4,0,0,9998
38,17,0,0,2
39,16,1,0,4
39,16,0,[NULL],9000
42,13,0,0,2
43,12,0,0,3
46,9,0,[NULL],9000
47,8,0,[NULL],9000
48,7,1,2,2
48,7,0,[NULL],9000
49,6,0,0,2
50,5,1,[NULL],9000
50,5,2,[NULL],9000
50,5,0,[NULL],9000
51,4,3,[NULL],9000
51,4,1,[NULL],9000
51,4,2,[NULL],9000
51,4,0,[NULL],9000
52,3,0,[NULL],9000
39,17,0,[NULL],9000
41,15,0,0,9998
42,14,0,0,9998
45,11,0,0,9996
46,10,0,[NULL],9000
47,9,0,[NULL],9000
48,8,"0,1","0,1,2",3
48,8,2,[NULL],3
48,8,1,[NULL],9000
49,7,0,[NULL],9000
51,5,0,[NULL],9000
51,5,1,[NULL],9000
52,4,1,[NULL],9000
52,4,0,0,9998
39,18,0,[NULL],9000
40,17,0,0,2
41,16,0,0,2
42,15,0,0,9998
50,7,0,[NULL],9000
51,6,0,0,2
51,6,1,[NULL],9000
51,6,2,[NULL],9000
52,5,2,[NULL],9000
52,5,1,[NULL],9000
52,5,0,[NULL],9000
53,4,1,[NULL],9000
53,4,0,[NULL],9000
39,19,0,[NULL],9000
40,18,0,[NULL],9000
41,17,0,0,2
42,16,0,0,9998
50,8,0,[NULL],9000
51,7,0,[NULL],9000
51,7,1,[NULL],9000
52,6,0,[NULL],9000
53,5,0,1,9996
54,4,0,[NULL],9000
41,18,0,0,2
44,15,0,0,4
45,14,0,0,9998
46,13,0,0,9997
47,12,"0,1",[NULL],9000
47,12,1,0,9998
48,11,0,[NULL],9000
49,10,0,0,9997
50,9,0,0,9996
51,8,0,[NULL],9000
52,7,0,[NULL],9000
53,6,1,[NULL],9000
53,6,0,[NULL],9000
54,5,2,[NULL],9000
54,5,1,[NULL],9000
54,5,0,[NULL],9997
41,19,0,[NULL],9000
44,16,0,0,2
45,15,0,0,9998
46,14,0,1,2
47,13,0,0,9998
52,8,0,[NULL],9000
54,6,0,[NULL],9000
55,5,0,[NULL],9000
41,20,0,[NULL],9000
44,17,0,0,2
45,16,0,0,3
46,15,0,0,2
47,14,0,0,9998
48,13,0,0,3
51,10,0,[NULL],9000
52,9,1,0,4
52,9,0,[NULL],9000
53,8,1,[NULL],9000
53,8,0,[NULL],9000
54,7,1,[NULL],9000
54,7,0,0,9997
55,6,0,1,9997
46,16,0,0,2
47,15,1,0,9996
47,15,0,0,9998
48,14,0,1,9998
49,13,0,0,4
50,12,0,0,9998
51,11,0,0,9996
52,10,0,[NULL],9000
53,9,0,[NULL],9000
54,8,0,[NULL],9000
42,21,0,[NULL],9000
43,20,0,[NULL],9000
46,17,0,0,2
47,16,1,0,2
47,16,0,0,9998
48,15,0,1,9998
49,14,0,0,2
53,10,0,0,3
54,9,1,0,3
54,9,0,0,9998
57,6,0,2,9997
58,5,0,0,9998
62,1,0,[NULL],9000
63,0,0,0,9998
43,21,0,[NULL],9000
46,18,0,0,2
47,17,1,0,2
47,17,0,0,9997
48,16,0,1,9996
53,11,0,0,2
54,10,1,[NULL],9000
54,10,0,"0,1",9998
55,9,0,[NULL],9000
56,8,0,[NULL],9000
56,8,1,0,9995
57,7,0,0,2
57,7,1,0,9997
58,6,0,0,9998
61,3,0,0,9997
62,2,0,0,2
63,1,0,0,9998
43,22,0,[NULL],9000
46,19,0,1,4
47,18,0,0,9997
50,15,0,0,4
51,14,0,0,9998
52,13,0,0,9997
53,12,"0,1",0,2
53,12,1,[NULL],9000
54,11,1,[NULL],9000
54,11,0,0,9998
55,10,1,[NULL],9000
55,10,0,"0,1",9996
56,9,2,0,3
56,9,1,[NULL],9000
56,9,0,0,9998
57,8,0,0,2
57,8,1,0,9997
58,7,0,[NULL],9000
58,7,1,2,9997
61,4,0,1,9998
62,3,0,0,2
63,2,2,[NULL],9000
63,2,1,[NULL],9000
63,2,0,2,9998
64,1,1,[NULL],9000
64,1,0,[NULL],9992
46,20,0,0,3
47,19,0,[NULL],9000
50,16,0,0,2
51,15,0,0,9998
53,13,0,0,2
54,12,0,0,9998
55,11,0,0,2
56,10,0,1,3
57,9,0,[NULL],9000
60,6,1,0,2
60,6,0,0,3
61,5,3,[NULL],9000
61,5,"0,1",2,9995
61,5,1,0,9998
61,5,2,"0,1",9998
62,4,2,0,2
62,4,1,[NULL],9000
62,4,3,1,9997
62,4,0,"0,1",9998
63,3,0,2,9998
46,21,0,0,3
47,20,1,0,4
47,20,0,[NULL],9000
50,17,0,0,2
51,16,0,0,3
53,14,0,0,2
54,13,0,1,9998
56,11,0,1,3
56,11,1,[NULL],9000
57,10,2,"0,1",3
57,10,"0,1",[NULL],9000
57,10,1,1,9998
58,9,0,[NULL],9000
60,7,0,1,2
60,7,1,"0,2",2
61,6,"0,1",0,2
61,6,"1,2",[NULL],9000
61,6,2,1,9998
62,5,2,0,2
62,5,1,[NULL],9000
62,5,0,1,9997
63,4,0,[NULL],9000
63,4,1,1,9998
64,3,1,[NULL],9000
64,3,0,[NULL],9000
65,2,3,[NULL],9000
65,2,2,[NULL],9000
65,2,0,[NULL],9000
65,2,1,[NULL],9000
66,1,0,0,9998
66,1,1,1,9998
47,21,0,[NULL],9000
49,19,0,0,9998
50,18,0,0,9998
53,15,1,0,2
53,15,0,0,9996
54,14,"0,1",0,4
54,14,1,0,9998
55,13,0,1,5
56,12,1,1,2
56,12,0,0,9996
57,11,0,0,9996
58,10,0,[NULL],9000
59,9,0,[NULL],9000
60,8,1,2,2
60,8,0,0,9998
61,7,1,3,3
61,7,0,0,9997
62,6,1,1,2
62,6,2,[NULL],9000
62,6,0,2,9997
63,5,"0,2",[NULL],9000
63,5,2,[NULL],9000
63,5,1,3,9998
64,4,0,[NULL],9995
65,3,0,0,2
65,3,1,1,2
66,2,0,2,9998
66,2,1,3,9998
47,22,0,[NULL],9000
48,21,0,0,2
49,20,0,0,2
50,19,0,0,9998
53,16,0,1,2
54,15,0,0,9998
58,11,0,[NULL],9000
59,10,0,0,2
60,9,0,0,9998
61,8,1,0,3
61,8,0,1,9998
62,7,3,1,2
62,7,1,[NULL],9000
62,7,0,0,9997
62,7,2,1,9998
63,6,5,[NULL],9000
63,6,3,[NULL],9000
63,6,"1,2",[NULL],9000
63,6,0,[NULL],9000
63,6,2,1,9996
63,6,4,2,9998
64,5,"1,2",[NULL],9996
64,5,"0,3","3,4",9998
64,5,2,"1,4",9998
64,5,3,3,9998
65,4,2,0,2
65,4,3,1,2
65,4,0,[NULL],9996
65,4,1,"0,4",9998
66,3,3,[NULL],9000
66,3,2,[NULL],9000
66,3,1,[NULL],9000
66,3,0,[NULL],9993
67,2,0,[NULL],9000
47,23,0,[NULL],9000
48,22,0,[NULL],9000
49,21,0,0,2
50,20,0,0,9998
53,17,0,0,2
54,16,0,0,9996
59,11,0,0,2
60,10,1,0,2
60,10,0,0,3
60,10,2,"0,1",5
61,9,1,2,2
61,9,2,0,3
61,9,0,1,9998
62,8,2,4,2
62,8,0,[NULL],9000
62,8,1,[NULL],9000
63,7,"3,4","0,3",2
63,7,"1,4",2,2
63,7,4,0,2
63,7,2,"0,1",9997
63,7,0,2,9998
64,6,"0,4",1,2
64,6,2,[NULL],9000
64,6,"3,4",[NULL],9000
64,6,5,[NULL],9000
64,6,1,[NULL],9000
64,6,4,2,9998
65,5,2,[NULL],9000
65,5,1,"2,3",9998
65,5,0,"0,1",9998
49,22,0,0,2
52,19,0,0,4
53,18,0,0,9998
55,16,0,0,4
56,15,0,0,4
57,14,0,0,9997
58,13,0,0,9996
59,12,0,[NULL],9000
60,11,1,0,2
60,11,0,[NULL],9000
61,10,0,0,3
61,10,1,0,9998
62,9,2,0,2
62,9,"0,1,3",[NULL],9000
62,9,3,0,9996
62,9,1,0,9997
63,8,2,4,2
63,8,4,[NULL],9000
63,8,0,[NULL],9000
63,8,1,"0,1",9997
63,8,3,2,9997
64,7,"2,3",1,2
64,7,"0,1",0,2
64,7,3,[NULL],9000
64,7,1,[NULL],9000
65,6,1,[NULL],9000
65,6,0,3,9998
66,5,1,[NULL],9000
66,5,0,[NULL],9995
67,4,"0,1",[NULL],9994
67,4,2,2,9998
67,4,1,1,9998
68,3,1,[NULL],9000
68,3,0,"0,2",9997
69,2,2,[NULL],9000
69,2,1,[NULL],9000
69,2,0,[NULL],9995
70,1,0,0,9997
70,1,1,1,9998
49,23,0,[NULL],9000
52,20,0,0,2
53,19,0,0,9998
60,12,0,1,2
61,11,0,0,9998
62,10,"0,1",2,3
62,10,1,2,4
63,9,1,[NULL],9000
63,9,0,0,9997
63,9,2,1,9998
64,8,3,0,2
64,8,2,[NULL],9000
64,8,1,[NULL],9000
64,8,0,[NULL],9000
65,7,3,[NULL],9000
65,7,1,[NULL],9000
65,7,2,"2,3",9998
65,7,0,3,9998
66,6,2,2,2
66,6,1,1,2
66,6,3,[NULL],9000
66,6,0,1,9998
67,5,2,[NULL],9000
67,5,0,[NULL],9994
67,5,1,1,9998
68,4,0,0,9996
69,3,1,"0,1",2
69,3,0,[NULL],9996
70,2,0,0,9997
70,2,1,2,9998
49,24,0,[NULL],9000
52,21,0,0,2
53,20,0,0,4
56,17,0,0,3
60,13,0,0,2
61,12,0,0,3
61,12,1,[NULL],9000
62,11,1,2,2
62,11,0,1,3
62,11,2,3,3
63,10,"1,2",[NULL],9000
63,10,3,0,9995
63,10,2,1,9996
63,10,0,0,9997
64,9,"2,3",2,2
64,9,3,0,2
64,9,1,[NULL],9000
64,9,0,[NULL],9000
65,8,1,"0,2",2
65,8,2,[NULL],9000
65,8,0,[NULL],9000
66,7,1,1,2
66,7,0,[NULL],9000
67,6,"0,2",0,3
67,6,3,[NULL],9000
67,6,2,[NULL],9995
67,6,1,"2,3",9996
68,5,3,[NULL],9000
68,5,4,[NULL],9000
68,5,1,[NULL],9000
68,5,0,[NULL],9000
68,5,2,0,9998
69,4,2,"0,1",2
69,4,0,0,3
69,4,3,[NULL],9000
69,4,1,[NULL],9000
70,3,4,[NULL],9000
70,3,2,[NULL],9000
70,3,1,1,9997
70,3,3,2,9998
70,3,0,[NULL],9998
71,2,2,[NULL],9000
71,2,1,[NULL],9000
71,2,0,[NULL],9991
55,19,0,0,9996
56,18,0,0,9998
57,17,0,0,4
58,16,0,0,9998
59,15,0,0,9996
60,14,0,[NULL],9000
61,13,0,"0,1",4
62,12,0,0,3
62,12,1,0,9996
63,11,0,0,9997
65,9,0,[NULL],9000
66,8,0,0,9997
67,7,0,2,2
67,7,1,[NULL],9000
67,7,2,3,9998
68,6,"1,2",[NULL],9000
68,6,2,1,9993
68,6,0,2,9998
69,5,2,"1,3",2
69,5,0,0,3
69,5,1,2,9998
70,4,3,[NULL],9000
70,4,2,[NULL],9000
70,4,1,[NULL],9000
70,4,0,[NULL],9995
71,3,1,[NULL],9000
71,3,0,[NULL],9997
50,25,0,[NULL],9000
51,24,0,[NULL],9000
55,20,0,0,2
56,19,0,0,9998
57,18,0,0,2
62,13,0,0,3
63,12,0,1,9997
64,11,0,[NULL],9000
65,10,"1,2",[NULL],9000
65,10,0,[NULL],9000
65,10,3,[NULL],9000
65,10,2,[NULL],9000
66,9,3,2,2
66,9,"0,2",[NULL],9000
66,9,2,[NULL],9000
66,9,1,2,9998
67,8,2,0,2
67,8,0,0,4
67,8,1,1,9997
68,7,2,1,2
68,7,3,[NULL],9000
68,7,0,[NULL],9000
68,7,1,1,9998
69,6,1,1,3
69,6,2,[NULL],9000
69,6,3,[NULL],9000
69,6,0,0,9997
70,5,"2,3",[NULL],9000
70,5,3,[NULL],9000
70,5,1,[NULL],9000
70,5,0,[NULL],9000
71,4,"1,2",[NULL],9993
71,4,2,3,9995
71,4,0,[NULL],9995
72,3,1,[NULL],9000
72,3,2,[NULL],9000
72,3,0,[NULL],9000
73,2,0,4,9997
51,25,0,[NULL],9000
55,21,0,0,2
56,20,0,1,9996
62,14,0,0,3
62,14,1,2,4
63,13,0,0,9997
65,11,2,"1,2",2
65,11,0,0,3
65,11,1,[NULL],9000
66,10,"2,3",1,4
66,10,0,[NULL],9000
66,10,3,[NULL],9000
66,10,1,[NULL],9000
67,9,1,1,2
67,9,0,[NULL],9000
68,8,2,[NULL],9000
68,8,1,[NULL],9000
68,8,0,1,9998
69,7,3,[NULL],9000
69,7,1,[NULL],9000
69,7,0,2,9997
69,7,2,2,9998
70,6,2,[NULL],9000
70,6,1,[NULL],9000
70,6,3,[NULL],9000
70,6,0,[NULL],9000
71,5,3,[NULL],9000
71,5,2,[NULL],9000
71,5,1,"1,2,3",9998
71,5,0,3,9998
72,4,2,[NULL],9000
72,4,1,[NULL],9000
72,4,0,[NULL],9990
73,3,0,[NULL],9994
51,26,0,[NULL],9000
54,23,0,0,4
55,22,0,0,9998
58,19,0,0,4
59,18,0,0,9998
60,17,0,0,9997
61,16,0,1,4
62,15,1,0,3
62,15,0,3,5
63,14,1,"0,1",9996
63,14,0,0,9997
64,13,1,1,9996
64,13,0,1,9998
65,12,1,[NULL],9000
65,12,0,0,9998
66,11,1,1,3
66,11,"0,2",[NULL],9000
66,11,2,[NULL],9000
67,10,1,0,2
67,10,2,[NULL],9000
67,10,0,[NULL],9000
68,9,2,2,2
68,9,0,0,3
68,9,3,1,9997
68,9,1,0,9998
69,8,3,[NULL],9000
69,8,2,[NULL],9000
69,8,"0,1",[NULL],9000
69,8,4,[NULL],9000
69,8,1,0,9998
70,7,"1,2,3",1,2
70,7,3,0,2
70,7,2,[NULL],9000
70,7,0,"1,2,3",9998
71,6,4,[NULL],9000
71,6,"1,2",[NULL],9000
71,6,3,[NULL],9997
71,6,"0,2",[NULL],9997
71,6,2,1,9998
72,5,4,0,3
72,5,0,[NULL],9000
72,5,3,[NULL],9000
72,5,2,[NULL],9995
72,5,1,0,9998
73,4,1,[NULL],9000
73,4,0,[NULL],9992
54,24,0,0,2
55,23,0,0,9998
58,20,0,0,2
59,19,0,0,9998
62,16,0,0,3
63,15,1,0,2
63,15,0,1,9997
64,14,0,0,2
65,13,0,0,9998
67,11,0,1,2
68,10,0,0,2
68,10,2,0,3
68,10,1,0,9997
69,9,"1,2,3",0,2
69,9,2,[NULL],9000
69,9,3,[NULL],9000
69,9,0,1,9998
70,8,1,2,2
70,8,2,[NULL],9000
70,8,0,"0,2,3",9998
70,8,3,3,9998
71,7,0,1,2
71,7,1,[NULL],9000
72,6,0,1,9997
54,25,0,0,2
55,24,1,0,4
55,24,0,[NULL],9000
58,21,0,0,2
59,20,0,0,3
62,17,0,0,3
63,16,0,0,9997
64,15,0,0,2
65,14,0,1,9998
66,13,0,[NULL],9000
67,12,1,3,3
67,12,0,[NULL],9000
68,11,1,"0,1",2
68,11,2,[NULL],9000
68,11,0,0,9995
69,10,"0,2,3",0,2
69,10,3,3,2
69,10,2,[NULL],9000
69,10,1,0,9996
70,9,3,1,5
70,9,2,[NULL],9000
70,9,1,[NULL],9000
70,9,0,[NULL],9000
71,8,0,[NULL],9000
71,8,1,[NULL],9000
72,7,"0,1,2",[NULL],9000
72,7,"1,2",[NULL],9997
72,7,2,0,9998
73,6,5,[NULL],9000
73,6,4,[NULL],9000
73,6,3,[NULL],9000
73,6,1,[NULL],9000
73,6,"0,2",[NULL],9995
73,6,2,[NULL],9997
74,5,3,[NULL],9000
74,5,0,[NULL],9000
74,5,2,2,9997
74,5,1,[NULL],9997
75,4,0,0,9996
76,3,0,[NULL],9995
77,2,1,[NULL],9996
77,2,"0,2",[NULL],9996
77,2,2,[NULL],9996
78,1,0,0,9998
78,1,1,"1,2",9998
55,25,0,[NULL],9000
57,23,0,0,9998
58,22,0,0,9998
61,19,0,0,9996
62,18,1,0,3
62,18,0,1,4
63,17,1,1,4
63,17,0,0,9997
64,16,1,0,2
64,16,0,0,9996
65,15,0,0,9996
66,14,0,[NULL],9000
67,13,0,1,3
67,13,1,2,7
68,12,1,[NULL],9000
68,12,0,0,9998
69,11,0,[NULL],9000
70,10,0,[NULL],9000
71,9,0,2,2
71,9,1,0,3
72,8,2,2,9996
72,8,1,2,9998
72,8,0,[NULL],9998
73,7,"1,2",[NULL],9000
73,7,2,[NULL],9995
73,7,0,"0,1,2",9998
74,6,"0,1",[NULL],9000
74,6,1,[NULL],9000
75,5,0,[NULL],9000
76,4,1,[NULL],9000
76,4,0,3,9997
77,3,0,0,2
77,3,"1,2",1,2
77,3,2,[NULL],9988
78,2,0,[NULL],9997
78,2,1,2,9998
55,26,0,[NULL],9000
56,25,0,0,2
57,24,0,0,2
58,23,0,0,9998
62,19,0,0,3
63,18,0,0,9996
67,14,0,0,2
68,13,0,0,9998
69,12,1,[NULL],9000
69,12,0,0,9997
70,11,2,[NULL],9000
70,11,1,[NULL],9000
70,11,0,[NULL],9000
71,10,2,1,2
71,10,1,[NULL],9000
71,10,0,[NULL],9000
72,9,"0,1,2",0,2
72,9,2,[NULL],9000
72,9,1,3,9998
73,8,2,2,3
73,8,1,[NULL],9000
73,8,0,"0,1",9998
74,7,3,[NULL],9000
74,7,2,[NULL],9000
74,7,"0,1",[NULL],9000
74,7,1,[NULL],9000
75,6,3,[NULL],9000
75,6,0,0,9997
75,6,1,"1,2",9998
75,6,2,1,9998
76,5,3,[NULL],9000
76,5,1,[NULL],9000
76,5,2,[NULL],9997
76,5,0,4,9998
77,4,2,1,2
77,4,1,[NULL],9997
77,4,0,[NULL],9997
78,3,3,[NULL],9000
78,3,1,[NULL],9000
78,3,0,[NULL],9997
78,3,2,2,9998
79,2,2,[NULL],9990
79,2,1,[NULL],9995
79,2,0,[NULL],9995
55,27,0,[NULL],9000
56,26,0,[NULL],9000
57,25,0,0,2
58,24,0,0,9998
62,20,0,0,3
63,19,0,0,9996
67,15,0,0,2
68,14,0,1,4
70,12,1,[NULL],9000
70,12,0,[NULL],9000
71,11,3,1,2
71,11,2,[NULL],9000
71,11,"0,1",[NULL],9000
71,11,1,[NULL],9000
72,10,"0,1",0,2
72,10,1,[NULL],9000
73,9,0,0,9998
74,8,"1,2",1,2
74,8,2,"1,2",2
74,8,0,0,4
75,7,4,"0,2",2
75,7,3,0,3
75,7,2,[NULL],9000
75,7,"0,1",[NULL],9000
75,7,1,1,9998
76,6,1,[NULL],9000
76,6,"2,3",[NULL],9000
76,6,3,2,9998
76,6,0,3,9998
77,5,2,2,2
77,5,3,[NULL],9996
77,5,"0,1",[NULL],9996
77,5,1,[NULL],9996
78,4,0,[NULL],9996
78,4,1,[NULL],9997
57,26,0,0,2
60,23,0,0,4
61,22,0,0,9998
62,21,0,0,9997
63,20,0,0,4
63,20,1,0,9996
64,19,0,0,4
65,18,0,0,9997
66,17,0,0,9996
67,16,0,0,5
68,15,0,0,3
69,14,0,0,9996
70,13,"2,3",[NULL],9000
70,13,"0,3",[NULL],9000
70,13,3,1,9996
70,13,1,[NULL],9996
71,12,2,2,4
71,12,3,[NULL],9000
71,12,1,[NULL],9000
71,12,0,0,9998
72,11,0,0,2
72,11,1,[NULL],9000
73,10,0,1,9997
74,9,1,1,2
74,9,0,0,3
75,8,2,3,2
75,8,3,0,2
75,8,0,[NULL],9000
75,8,1,0,9998
76,7,1,[NULL],9000
76,7,3,[NULL],9000
76,7,4,[NULL],9000
76,7,2,[NULL],9000
76,7,0,"0,1",9998
77,6,7,[NULL],9000
77,6,3,[NULL],9000
77,6,6,[NULL],9000
77,6,5,[NULL],9000
77,6,8,1,9997
77,6,4,[NULL],9997
77,6,"0,1",[NULL],9997
77,6,"1,2",[NULL],9997
77,6,2,3,9998
78,5,7,[NULL],9000
78,5,3,[NULL],9000
78,5,6,[NULL],9000
78,5,2,[NULL],9000
78,5,4,1,9996
78,5,5,[NULL],9997
78,5,0,[NULL],9997
78,5,1,4,9998
79,4,2,[NULL],9000
79,4,"0,1",[NULL],9997
79,4,1,[NULL],9997
80,3,4,[NULL],9000
80,3,2,[NULL],9000
80,3,3,[NULL],9000
80,3,1,[NULL],9000
80,3,0,1,9998
81,2,2,[NULL],9991
81,2,1,"1,2",9997
81,2,0,[NULL],9997
57,27,0,[NULL],9000
60,24,0,0,2
61,23,0,0,9998
62,22,0,0,4
63,21,0,0,9996
70,14,0,"0,1",2
71,13,"0,1",[NULL],9000
71,13,1,0,9998
72,12,0,[NULL],9000
72,12,1,[NULL],9000
74,10,0,1,2
75,9,"0,1",0,2
75,9,1,0,9998
76,8,3,2,2
76,8,2,[NULL],9000
76,8,1,"0,1",9998
76,8,0,[NULL],9998
77,7,4,1,2
77,7,5,[NULL],9000
77,7,"1,3",[NULL],9000
77,7,"2,3",[NULL],9000
77,7,3,[NULL],9000
77,7,0,[NULL],9998
78,6,1,1,9996
78,6,2,2,9997
78,6,0,"3,4",9998
78,6,3,2,9998
79,5,1,0,2
79,5,0,"2,4,8",9998
80,4,"0,1",[NULL],9995
80,4,1,[NULL],9996
80,4,2,3,9998
80,4,3,7,9998
81,3,2,[NULL],9990
81,3,1,[NULL],9996
81,3,0,[NULL],9996
57,28,0,[NULL],9000
60,25,0,0,2
61,24,0,0,3
62,23,0,0,4
63,22,0,0,9995
64,21,0,0,3
70,15,0,1,2
71,14,0,[NULL],9000
71,14,2,[NULL],9000
71,14,1,1,9996
72,13,1,0,3
72,13,0,[NULL],9000
74,11,0,1,2
75,10,"0,1",1,2
75,10,1,0,9996
76,9,1,8,3
76,9,0,[NULL],4
77,8,"3,4",0,2
77,8,2,3,2
77,8,4,[NULL],9000
77,8,1,[NULL],9000
77,8,0,[NULL],9000
78,7,"2,4,8",0,2
78,7,4,[NULL],9000
78,7,"6,7,8",[NULL],9000
78,7,8,[NULL],9000
78,7,7,[NULL],9000
78,7,5,[NULL],9000
78,7,"0,3",[NULL],9000
78,7,3,[NULL],9000
78,7,1,3,9998
79,6,3,2,2
79,6,7,3,2
79,6,"1,2,4,5",[NULL],9000
79,6,6,[NULL],9000
79,6,"2,4",[NULL],9000
79,6,4,[NULL],9000
79,6,5,5,9998
79,6,0,[NULL],9998
80,5,"1,2",1,3
80,5,5,[NULL],9000
80,5,2,[NULL],9000
80,5,6,[NULL],9000
80,5,0,[NULL],9000
80,5,4,[NULL],9996
80,5,3,"3,4",9998
81,4,6,[NULL],9000
81,4,4,[NULL],9000
81,4,2,[NULL],9000
81,4,5,[NULL],9993
81,4,0,[NULL],9997
81,4,1,1,9998
81,4,3,2,9998
82,3,2,[NULL],9000
82,3,1,[NULL],9000
82,3,0,[NULL],9997
62,24,0,1,4
63,23,0,0,9995
63,23,1,0,9997
64,22,0,1,9998
65,21,0,0,4
66,20,0,0,9998
67,19,0,0,9996
68,18,0,0,4
69,17,1,3,4
69,17,0,[NULL],9000
70,16,1,1,9996
70,16,0,0,9998
71,15,0,1,9996
72,14,0,[NULL],9000
73,13,0,[NULL],9000
74,12,0,0,9998
76,10,0,0,9997
77,9,3,1,2
77,9,2,2,3
77,9,1,4,4
77,9,4,[NULL],9000
77,9,0,0,9997
78,8,5,5,2
78,8,6,[NULL],9000
78,8,"3,4",[NULL],9000
78,8,1,[NULL],9000
78,8,2,[NULL],9000
78,8,4,[NULL],9000
78,8,0,[NULL],9000
79,7,"3,4",3,2
79,7,4,[NULL],9000
79,7,"1,2",[NULL],9000
79,7,2,[NULL],9000
79,7,0,2,9998
80,6,1,1,2
80,6,2,3,2
80,6,0,"2,3",9998
81,5,0,1,9998
81,5,1,4,9998
58,29,0,[NULL],9000
59,28,0,[NULL],9000
62,25,0,0,4
63,24,1,0,2
63,24,0,0,9995
64,23,0,1,9998
65,22,0,0,2
69,18,0,0,2
70,17,0,0,9998
73,14,0,0,2
74,13,1,[NULL],9000
74,13,0,0,9998
77,10,1,1,4
77,10,0,0,9997
78,9,2,0,2
78,9,1,[NULL],9000
78,9,0,1,9998
79,8,"2,3",0,2
79,8,3,[NULL],9000
79,8,1,[NULL],9000
79,8,0,1,9998
80,7,1,0,2
80,7,4,1,2
80,7,"2,3",[NULL],9000
80,7,3,[NULL],9000
80,7,0,0,9998
81,6,2,[NULL],9000
81,6,0,[NULL],9000
81,6,1,[NULL],9000
81,6,3,[NULL],9995
82,5,3,[NULL],9000
82,5,4,[NULL],9000
82,5,2,[NULL],9000
82,5,0,1,9997
82,5,1,[NULL],9997
83,4,4,[NULL],9000
83,4,"1,3",[NULL],9991
83,4,"0,3",[NULL],9997
83,4,"2,3",[NULL],9997
83,4,3,2,9998
84,3,3,[NULL],9000
84,3,2,[NULL],9000
84,3,1,[NULL],9995
84,3,0,[NULL],9997
85,2,1,[NULL],9997
85,2,0,1,9998
59,29,0,[NULL],9000
62,26,0,1,3
63,25,1,0,2
63,25,0,[NULL],9000
64,24,0,1,9996
69,19,0,0,2
70,18,1,1,4
70,18,0,"0,1",9998
73,15,0,0,2
74,14,0,1,4
75,13,0,0,3
76,12,0,0,3
77,11,1,0,2
77,11,0,[NULL],9000
78,10,1,0,2
78,10,0,1,9998
79,9,0,0,2
79,9,"1,2",[NULL],9000
79,9,2,[NULL],9000
80,8,2,[NULL],9000
80,8,1,[NULL],9000
80,8,0,[NULL],9000
81,7,0,[NULL],9000
82,6,2,3,2
82,6,"0,1",[NULL],9995
82,6,1,1,9997
83,5,1,[NULL],9000
83,5,0,[NULL],9994
84,4,1,0,2
84,4,0,[NULL],9000
85,3,1,[NULL],9996
85,3,0,3,9998
59,30,0,[NULL],9000
62,27,0,0,5
63,26,0,[NULL],9000
66,23,0,0,4
67,22,0,0,9998
68,21,0,0,9997
69,20,"0,1",0,2
69,20,1,1,4
70,19,1,0,4
70,19,0,0,9998
71,18,0,"0,1",9996
72,17,1,0,9996
72,17,0,0,9998
73,16,1,[NULL],9000
73,16,0,0,9998
74,15,0,[NULL],9000
75,14,0,0,9996
76,13,0,0,3
76,13,1,0,9996
77,12,1,0,2
77,12,0,0,9998
78,11,1,[NULL],9000
78,11,0,0,9998
79,10,"0,1",[NULL],9000
79,10,1,[NULL],9000
80,9,"0,2",[NULL],9000
80,9,"1,2",[NULL],9000
80,9,2,[NULL],9000
81,8,1,0,3
81,8,2,[NULL],9000
81,8,0,0,9998
82,7,4,[NULL],9000
82,7,3,[NULL],9000
82,7,"1,2",[NULL],9000
82,7,2,[NULL],9000
82,7,0,"1,2",9998
83,6,6,[NULL],9000
83,6,4,[NULL],9000
83,6,0,[NULL],9000
83,6,"1,3",[NULL],9000
83,6,5,[NULL],9000
83,6,3,[NULL],9991
83,6,2,[NULL],9991
84,5,3,0,2
84,5,5,[NULL],9000
84,5,4,[NULL],9000
84,5,6,[NULL],9991
84,5,2,[NULL],9991
84,5,1,[NULL],9991
84,5,0,[NULL],9991
85,4,5,[NULL],9000
85,4,7,[NULL],9000
85,4,4,[NULL],9993
85,4,6,2,9997
85,4,0,[NULL],9997
85,4,2,[NULL],9997
85,4,3,[NULL],9997
85,4,1,1,9998
86,3,1,[NULL],9000
86,3,2,1,9996
86,3,0,[NULL],9997
62,28,0,0,5
63,27,0,[NULL],9000
66,24,0,0,2
67,23,0,0,9998
69,21,0,0,2
70,20,0,0,9998
71,19,0,0,2
72,18,0,0,2
73,17,0,0,9998
76,14,0,0,2
77,13,0,0,2
77,13,1,"0,2",9997
78,12,2,[NULL],9000
78,12,1,1,9997
78,12,0,0,9998
79,11,0,[NULL],9000
80,10,0,0,2
81,9,"1,2",0,2
81,9,2,1,3
81,9,3,[NULL],9000
81,9,0,1,9995
82,8,2,[NULL],9000
82,8,0,[NULL],9000
82,8,1,2,9998
83,7,0,3,9998
84,6,1,1,2
84,6,0,[NULL],9000
85,5,3,[NULL],9000
85,5,"1,2",[NULL],9997
85,5,2,0,9998
85,5,0,[NULL],9998
86,4,2,[NULL],9000
86,4,1,[NULL],9000
86,4,0,[NULL],9997
62,29,0,0,5
63,28,1,0,4
63,28,0,[NULL],9000
66,25,0,0,2
67,24,0,0,3
69,22,0,0,2
70,21,0,1,9998
72,19,0,0,2
73,18,0,1,9998
76,15,1,[NULL],9000
76,15,0,1,9998
77,14,0,0,2
77,14,1,1,9996
79,12,0,[NULL],9000
80,11,1,[NULL],9000
80,11,0,[NULL],9000
81,10,2,1,2
81,10,3,[NULL],9000
81,10,0,[NULL],9000
81,10,1,[NULL],9000
82,9,3,0,2
82,9,2,[NULL],9000
82,9,1,[NULL],9000
82,9,0,[NULL],9000
83,8,1,[NULL],9000
83,8,0,[NULL],9000
84,7,0,2,2
84,7,2,6,3
84,7,1,[NULL],9000
85,6,3,[NULL],9000
85,6,2,[NULL],9000
85,6,1,[NULL],9000
85,6,0,[NULL],9992
86,5,4,[NULL],9000
86,5,5,[NULL],9000
86,5,"2,3",[NULL],9980
86,5,3,[NULL],9991
86,5,1,[NULL],9994
86,5,0,[NULL],9995
87,4,2,[NULL],9000
87,4,3,[NULL],9991
87,4,1,[NULL],9991
87,4,0,[NULL],9995
88,3,0,2,9998
63,29,0,[NULL],9000
65,27,0,0,9998
66,26,0,0,9998
69,23,1,0,2
69,23,0,0,9996
70,22,"0,1",0,4
70,22,1,0,9998
71,21,0,1,4
72,20,1,0,2
72,20,0,0,9996
73,19,0,0,9996
74,18,0,0,4
75,17,1,0,2
75,17,0,1,4
76,16,"0,2",1,3
76,16,2,0,9996
76,16,1,0,9998
77,15,1,1,3
77,15,0,"0,1",9998
79,13,0,[NULL],9000
80,12,0,[NULL],9000
80,12,1,1,9998
81,11,2,[NULL],9000
81,11,0,[NULL],9000
81,11,1,0,9997
82,10,3,[NULL],9000
82,10,"1,2",[NULL],9000
82,10,2,[NULL],9000
82,10,0,1,9997
83,9,0,[NULL],9000
83,9,1,[NULL],9000
84,8,1,[NULL],9000
84,8,0,[NULL],9000
85,7,1,2,4
85,7,0,[NULL],9000
86,6,2,[NULL],9000
86,6,3,[NULL],9981
86,6,0,[NULL],9993
86,6,1,[NULL],9995
87,5,2,0,2
87,5,3,[NULL],9000
87,5,1,[NULL],9000
87,5,0,[NULL],9988
88,4,0,2,9998
63,30,0,[NULL],9000
64,29,0,0,2
65,28,0,0,2
66,27,0,0,9998
69,24,0,1,2
70,23,0,0,9998
75,18,0,1,2
76,17,"0,1",0,2
76,17,1,0,9998
77,16,1,0,9997
77,16,0,0,9998
79,14,1,1,2
79,14,0,[NULL],9000
80,13,3,[NULL],9000
80,13,1,[NULL],9000
80,13,2,"1,2",9997
80,13,0,1,9997
81,12,1,[NULL],9000
81,12,0,[NULL],9000
82,11,2,[NULL],9000
82,11,0,[NULL],9000
82,11,1,1,9997
83,10,0,[NULL],9000
83,10,1,[NULL],9000
84,9,1,[NULL],9000
84,9,0,[NULL],9995
85,8,2,[NULL],9000
85,8,1,[NULL],9997
85,8,0,0,9998
86,7,0,[NULL],9996
86,7,1,1,9998
86,7,2,2,9998
87,6,2,0,2
87,6,1,[NULL],9000
87,6,0,[NULL],9995
88,5,0,[NULL],9000
63,31,0,[NULL],9000
64,30,0,[NULL],9000
65,29,0,0,2
66,28,0,0,9998
69,25,0,0,2
70,24,0,0,9996
75,19,0,1,2
76,18,0,0,2
76,18,1,1,4
77,17,0,1,9998
79,15,0,"1,2",9998
80,14,0,1,3
80,14,1,0,5
81,13,1,0,3
81,13,0,[NULL],9000
82,12,0,[NULL],9000
84,10,0,0,2
85,9,1,1,2
85,9,2,2,2
85,9,0,[NULL],9996
86,8,0,0,9998
86,8,1,2,9998
65,30,0,0,2
68,27,0,0,4
69,26,0,0,9998
71,24,0,0,4
72,23,0,0,4
73,22,0,0,9997
74,21,0,0,9996
75,20,0,2,4
76,19,1,0,2
76,19,0,1,3
77,18,0,0,9996
77,18,1,0,9998
78,17,"1,2",0,2
78,17,2,0,9996
78,17,0,0,9997
79,16,"1,2",2,3
79,16,2,"0,2",3
79,16,0,0,9998
80,15,1,[NULL],9000
80,15,0,1,9998
81,14,1,1,3
81,14,0,[NULL],9000
81,14,2,0,9996
82,13,2,[NULL],9000
82,13,0,[NULL],9000
82,13,1,1,9996
83,12,0,[NULL],9000
83,12,1,[NULL],9000
84,11,0,[NULL],9000
85,10,0,0,2
85,10,2,1,2
85,10,3,[NULL],9000
85,10,1,[NULL],9000
86,9,3,[NULL],9000
86,9,0,[NULL],9000
86,9,2,"1,2",9996
86,9,1,[NULL],9996
87,8,1,[NULL],9000
87,8,0,[NULL],9000
88,7,1,[NULL],9000
88,7,3,[NULL],9000
88,7,"0,2",[NULL],9000
88,7,2,[NULL],9994
89,6,1,[NULL],9000
89,6,0,[NULL],9994
91,4,0,[NULL],9991
92,3,"0,1",[NULL],9997
92,3,1,1,9998
93,2,"0,1",[NULL],9995
93,2,1,[NULL],9996
94,1,0,"0,1",9998
65,31,0,[NULL],9000
68,28,0,0,2
69,27,0,0,9998
76,20,0,1,2
77,19,0,0,9998
78,18,0,0,2
79,17,1,0,2
79,17,0,0,9998
80,16,0,1,9998
82,14,0,[NULL],9000
83,13,0,1,9998
85,11,0,[NULL],9000
86,10,"0,1",[NULL],9000
86,10,1,[NULL],9000
86,10,2,3,9995
87,9,0,[NULL],9997
88,8,"0,3",[NULL],9000
88,8,3,[NULL],9000
88,8,1,1,9998
88,8,2,2,9998
89,7,1,1,9998
89,7,2,2,9998
89,7,0,3,9998
91,5,1,0,2
91,5,0,"1,3",9991
92,4,1,[NULL],9995
92,4,0,[NULL],9997
93,3,"0,1",0,2
93,3,1,[NULL],9996
94,2,0,"1,2",9998
65,32,0,[NULL],9000
68,29,0,0,2
69,28,0,0,4
72,25,0,0,3
76,21,0,0,2
77,20,0,0,3
78,19,0,0,2
79,18,1,0,2
79,18,0,0,9996
81,16,0,[NULL],9000
82,15,1,0,2
82,15,2,[NULL],9000
82,15,0,0,9998
83,14,1,[NULL],9000
83,14,0,"0,2",9998
84,13,1,[NULL],9000
84,13,0,[NULL],9000
85,12,1,[NULL],9000
85,12,0,[NULL],9000
86,11,"1,2",[NULL],9000
86,11,2,[NULL],9000
86,11,0,1,9997
87,10,1,1,2
87,10,2,2,2
87,10,0,[NULL],9998
88,9,1,1,2
88,9,2,2,2
88,9,3,0,2
88,9,0,0,9998
89,8,2,[NULL],9000
89,8,0,0,9998
89,8,1,2,9998
91,6,0,[NULL],9992
92,5,1,[NULL],9996
92,5,0,[NULL],9998
93,4,"1,2",0,2
93,4,3,[NULL],9995
93,4,2,[NULL],9996
93,4,0,[NULL],9996
94,3,3,[NULL],9000
94,3,0,[NULL],9000
94,3,2,[NULL],9000
94,3,1,"1,2",9998
95,2,0,[NULL],9997
71,27,0,0,9996
72,26,0,0,9998
73,25,0,0,4
74,24,0,0,9998
75,23,0,0,9996
76,22,0,0,4
77,21,0,2,4
78,20,0,0,9996
79,19,0,0,9996
80,18,0,2,4
81,17,0,0,2
81,17,1,1,4
82,16,"0,2",0,2
82,16,2,1,9996
82,16,1,0,9998
83,15,1,0,9997
83,15,0,1,9998
84,14,2,[NULL],9000
84,14,"0,1",[NULL],9000
84,14,1,0,9998
85,13,"1,2",2,4
85,13,2,[NULL],9000
85,13,3,[NULL],9000
85,13,0,[NULL],9000
86,12,0,[NULL],9000
86,12,"2,3",[NULL],9000
86,12,3,[NULL],9000
86,12,1,2,9997
87,11,0,0,2
87,11,3,[NULL],9000
87,11,4,[NULL],9000
87,11,1,[NULL],9000
87,11,2,2,9997
88,10,0,0,2
88,10,2,1,2
88,10,1,[NULL],9000
88,10,3,[NULL],9000
89,9,0,1,9998
89,9,1,3,9998
91,7,1,[NULL],9000
91,7,0,0,9998
92,6,2,[NULL],9988
92,6,1,[NULL],9988
92,6,0,[NULL],9997
93,5,"1,2",1,2
93,5,2,[NULL],9995
93,5,0,[NULL],9997
94,4,0,[NULL],9996
94,4,1,[NULL],9997
66,33,0,[NULL],9000
67,32,0,[NULL],9000
71,28,0,0,2
72,27,0,0,9998
73,26,0,0,2
81,18,0,1,2
82,17,1,0,2
82,17,0,0,9998
83,16,0,1,2
83,16,1,0,9997
84,15,1,[NULL],9000
84,15,0,0,9998
85,14,1,0,3
85,14,2,[NULL],9000
85,14,0,[NULL],9000
86,13,1,[NULL],9000
86,13,2,[NULL],9000
86,13,0,1,9998
87,12,1,[NULL],9000
87,12,2,3,9997
87,12,0,1,9997
88,11,1,0,2
88,11,3,1,2
88,11,"0,2",[NULL],9000
88,11,2,1,9994
89,10,0,2,9998
90,9,0,0,2
91,8,2,[NULL],9000
91,8,1,[NULL],9993
91,8,0,0,9998
92,7,3,[NULL],9000
92,7,0,[NULL],9989
92,7,1,1,9998
92,7,2,2,9998
93,6,1,[NULL],9000
93,6,"2,3","2,4",9997
93,6,3,[NULL],9997
93,6,0,[NULL],9998
94,5,5,[NULL],9000
94,5,4,[NULL],9995
94,5,0,[NULL],9996
94,5,2,[NULL],9996
94,5,1,[NULL],9996
94,5,3,[NULL],9997
95,4,5,[NULL],9000
95,4,4,[NULL],9991
95,4,"1,2",[NULL],9995
95,4,"0,3",[NULL],9995
95,4,3,[NULL],9995
95,4,2,[NULL],9995
96,3,1,[NULL],9000
96,3,2,[NULL],9993
96,3,0,"0,2",9998
97,2,0,[NULL],9997
67,33,0,[NULL],9000
71,29,0,0,2
72,28,0,1,9996
78,22,0,0,4
81,19,0,0,2
82,18,0,1,3
83,17,0,0,2
84,16,0,1,9998
85,15,1,0,2
85,15,2,1,3
85,15,3,2,5
85,15,0,0,9998
86,14,2,2,3
86,14,1,[NULL],9000
86,14,0,2,9998
87,13,0,[NULL],9000
88,12,2,0,2
88,12,3,[NULL],9000
88,12,1,[NULL],9000
88,12,0,3,9998
89,11,1,"2,4",9998
89,11,0,4,9998
90,10,0,0,2
91,9,1,1,2
91,9,2,2,2
91,9,0,[NULL],9994
92,8,3,[NULL],9000
92,8,1,[NULL],9000
92,8,0,"1,2",9992
92,8,2,1,9998
92,8,4,3,9998
92,8,5,4,9998
93,7,"2,3",[NULL],9996
93,7,1,[NULL],9996
93,7,3,[NULL],9996
93,7,0,3,9997
94,6,0,[NULL],9997
95,5,"0,2",0,2
95,5,1,[NULL],9000
95,5,3,[NULL],9000
95,5,2,[NULL],9995
96,4,3,[NULL],9000
96,4,2,[NULL],9995
96,4,1,[NULL],9995
96,4,0,1,9998
97,3,0,[NULL],9996
67,34,0,[NULL],9000
70,31,0,0,4
71,30,0,0,9998
74,27,0,0,4
75,26,0,0,9998
76,25,0,0,9997
77,24,0,0,4
78,23,0,0,4
79,22,0,0,9996
80,21,1,0,9996
80,21,0,0,9998
81,20,1,2,4
81,20,0,0,9998
82,19,0,1,3
83,18,1,0,2
83,18,0,0,9996
84,17,0,"0,1",2
84,17,1,0,9996
84,17,2,0,9998
85,16,2,0,2
85,16,0,[NULL],9000
85,16,1,1,9998
86,15,3,2,3
86,15,1,0,3
86,15,0,[NULL],9000
86,15,2,1,9998
87,14,3,"0,2",2
87,14,1,[NULL],9000
87,14,2,[NULL],9000
87,14,0,1,9998
88,13,"2,4",1,2
88,13,4,0,2
88,13,1,[NULL],9000
88,13,3,1,9997
88,13,0,[NULL],9997
89,12,0,[NULL],9000
89,12,1,[NULL],9000
90,11,0,[NULL],9996
91,10,1,2,2
91,10,3,4,2
91,10,4,5,2
91,10,2,[NULL],9000
91,10,0,0,9998
92,9,"2,4","2,3",3
92,9,4,[NULL],9000
92,9,1,[NULL],9000
92,9,3,[NULL],9991
92,9,0,0,9998
93,8,"0,2",[NULL],9000
93,8,1,[NULL],9000
93,8,2,2,9995
94,7,3,[NULL],9994
94,7,1,0,9997
94,7,2,[NULL],9997
94,7,0,"1,4,5",9998
95,6,1,0,2
95,6,5,[NULL],9000
95,6,6,[NULL],9000
95,6,4,[NULL],9993
95,6,3,[NULL],9997
95,6,2,[NULL],9997
95,6,0,0,9998
96,5,3,[NULL],9000
96,5,2,[NULL],9000
96,5,4,[NULL],9000
96,5,1,[NULL],9990
96,5,0,[NULL],9990
97,4,0,[NULL],9000
70,32,0,0,2
71,31,0,0,9998
74,28,0,0,2
75,27,0,0,9998
79,23,0,0,2
80,22,0,0,2
81,21,0,0,9998
83,19,0,2,2
84,18,1,1,2
84,18,0,1,9997
85,17,1,2,2
85,17,0,0,9998
86,16,1,0,2
86,16,0,0,9997
90,12,0,0,2
91,11,0,0,2
91,11,2,[NULL],9000
91,11,1,0,9998
92,10,3,0,3
92,10,2,[NULL],9000
92,10,"0,1",[NULL],9000
92,10,1,1,9998
93,9,"1,4,5",0,2
93,9,"4,5",[NULL],9000
93,9,6,[NULL],9000
93,9,5,0,9994
93,9,2,2,9997
93,9,3,"1,2,3",9998
93,9,0,2,9998
94,8,0,0,2
94,8,2,[NULL],9995
94,8,"1,4","2,3",9997
94,8,6,4,9997
94,8,4,3,9997
94,8,3,[NULL],9997
94,8,5,4,9998
95,7,0,3,9998
95,7,1,2,9998
95,7,2,5,9998
96,6,0,[NULL],9000
97,5,0,[NULL],9986
70,33,0,0,2
71,32,1,0,4
71,32,0,[NULL],9000
74,29,0,0,2
75,28,0,0,3
80,23,0,0,2
81,22,0,1,9998
84,19,0,0,2
85,18,0,0,9996
86,17,0,[NULL],9000
87,16,1,3,3
87,16,0,0,9998
88,15,1,[NULL],9000
88,15,0,0,9998
89,14,2,[NULL],9000
89,14,0,[NULL],9000
89,14,1,[NULL],9000
90,13,0,1,2
90,13,2,[NULL],9000
90,13,1,[NULL],9000
91,12,1,"0,2",2
91,12,2,[NULL],9000
91,12,0,1,9998
92,11,"1,2,3",3,2
92,11,2,"0,1,4",2
92,11,3,[NULL],9000
92,11,0,[NULL],9000
92,11,4,[NULL],9000
93,10,4,5,2
93,10,0,1,3
93,10,"2,3",[NULL],9000
93,10,5,[NULL],9000
93,10,3,[NULL],9000
93,10,1,0,9997
94,9,3,0,2
94,9,2,1,2
94,9,5,2,2
94,9,6,[NULL],9000
94,9,"0,1",[NULL],9000
94,9,1,[NULL],9000
94,9,4,[NULL],9996
95,8,1,1,9997
95,8,"0,3","0,1,2,5",9997
95,8,4,5,9997
95,8,2,1,9998
95,8,3,4,9998
96,7,"3,5",[NULL],9000
96,7,5,[NULL],9000
96,7,2,[NULL],9000
96,7,4,2,9995
96,7,0,[NULL],9997
96,7,1,[NULL],9997
97,6,5,[NULL],9000
97,6,2,[NULL],9987
97,6,0,[NULL],9995
97,6,4,[NULL],9995
97,6,3,[NULL],9995
97,6,1,2,9998
98,5,1,[NULL],9000
98,5,2,[NULL],9000
98,5,0,[NULL],9994
99,4,0,[NULL],9991
99,4,2,[NULL],9991
99,4,1,[NULL],9995
100,3,2,[NULL],9995
100,3,0,[NULL],9995
100,3,1,0,9998
101,2,0,[NULL],9997
71,33,0,[NULL],9000
73,31,0,0,9998
74,30,0,0,9998
77,27,0,0,9996
78,26,0,0,4
79,25,0,1,4
80,24,1,0,2
80,24,0,"0,1",9996
81,23,0,0,9996
82,22,0,0,4
83,21,1,0,3
83,21,0,1,4
84,20,1,0,9996
84,20,0,0,9998
85,19,0,0,3
86,18,0,0,2
87,17,0,0,2
87,17,1,2,6
88,16,0,0,9998
89,15,1,[NULL],9000
89,15,0,0,9997
90,14,1,0,2
90,14,3,0,9
90,14,2,[NULL],9000
90,14,0,[NULL],9000
91,13,1,1,9997
91,13,0,1,9998
92,12,2,"2,5",3
92,12,0,[NULL],9000
92,12,1,1,9997
93,11,"2,3","1,4",3
93,11,4,6,3
93,11,3,4,3
93,11,1,[NULL],9000
93,11,0,3,9998
94,10,1,2,2
94,10,4,3,2
94,10,5,[NULL],9000
94,10,3,[NULL],9000
94,10,2,[NULL],9996
94,10,0,[NULL],9997
95,9,4,[NULL],9000
95,9,3,2,9996
95,9,2,0,9996
95,9,0,"0,1",9998
95,9,1,[NULL],9998
96,8,2,1,2
96,8,3,[NULL],9996
96,8,"0,1","0,1,2,4",9998
96,8,1,[NULL],9998
97,7,2,[NULL],9988
97,7,1,2,9998
97,7,0,"1,2,3",9998
98,6,1,[NULL],9991
98,6,0,[NULL],9995
99,5,0,1,2
99,5,1,[NULL],9000
100,4,1,[NULL],9992
100,4,0,[NULL],9996
101,3,0,[NULL],9997
71,34,0,[NULL],9000
72,33,0,0,2
73,32,0,0,2
74,31,0,0,9998
83,22,0,0,2
84,21,0,0,9998
85,20,0,0,9997
87,18,0,0,2
88,17,0,"1,2",9997
88,17,1,1,9997
89,16,0,[NULL],9000
90,15,1,0,2
90,15,2,[NULL],9000
90,15,0,[NULL],9000
91,14,0,2,9998
92,13,3,"0,1,2",2
92,13,0,1,3
92,13,2,2,5
92,13,1,0,9997
93,12,5,[NULL],9000
93,12,6,[NULL],9000
93,12,"1,2",[NULL],9000
93,12,4,[NULL],9000
93,12,2,[NULL],9000
93,12,3,0,9994
93,12,0,0,9998
94,11,"0,1","0,2",2
94,11,1,1,3
94,11,"2,5","0,3",3
94,11,5,4,3
94,11,3,[NULL],9000
94,11,4,3,9998
95,10,"0,1,2,4","0,1",2
95,10,4,[NULL],9000
95,10,3,[NULL],9000
95,10,1,[NULL],9994
95,10,2,"1,2",9998
96,9,2,1,2
96,9,"1,3","0,1",2
96,9,3,[NULL],9000
96,9,0,0,9998
97,8,6,[NULL],9000
97,8,3,[NULL],9000
97,8,2,[NULL],9989
97,8,"1,4",[NULL],9989
97,8,"4,5",[NULL],9989
97,8,5,[NULL],9992
97,8,0,1,9998
98,7,6,[NULL],9000
98,7,5,[NULL],9992
98,7,0,[NULL],9996
98,7,1,[NULL],9996
98,7,2,1,9998
98,7,"3,4","2,3",9998
98,7,4,3,9998
99,6,6,[NULL],9000
99,6,5,[NULL],9000
99,6,4,[NULL],9000
99,6,2,[NULL],9993
99,6,3,[NULL],9997
99,6,0,[NULL],9997
99,6,1,[NULL],9997
100,5,5,[NULL],9000
100,5,4,[NULL],9000
100,5,3,[NULL],9994
100,5,"1,2",[NULL],9994
100,5,"0,2",[NULL],9997
100,5,2,[NULL],9997
101,4,3,[NULL],9994
101,4,2,[NULL],9997
101,4,"0,1",[NULL],9997
101,4,1,[NULL],9997
102,3,0,[NULL],9995
71,35,0,[NULL],9000
72,34,0,[NULL],9000
73,33,0,0,2
74,32,0,0,9998
83,23,0,0,2
84,22,0,0,4
87,19,0,"1,2",9998
88,18,0,0,3
89,17,0,1,9998
90,16,2,0,2
90,16,1,1,3
90,16,0,"0,1",9998
91,15,1,1,3
91,15,0,2,9998
92,14,0,0,2
93,13,3,4,2
93,13,2,[NULL],9000
93,13,1,[NULL],9000
93,13,0,[NULL],9000
94,12,"1,2",2,2
94,12,0,[NULL],9000
94,12,2,3,9998
95,11,0,"0,2",2
95,11,1,[NULL],9000
96,10,1,0,2
96,10,0,[NULL],9000
96,10,2,1,9997
97,9,1,2,2
97,9,"2,3","1,3,4",2
97,9,3,"1,4",2
97,9,4,[NULL],9990
97,9,0,"3,4",9997
98,8,"1,2",0,9997
98,8,2,2,9998
98,8,3,3,9998
98,8,0,[NULL],9998
99,7,2,[NULL],9000
99,7,1,[NULL],9992
99,7,0,[NULL],9998
100,6,2,[NULL],9000
100,6,3,[NULL],9992
100,6,"0,1",[NULL],9995
100,6,1,[NULL],9995
101,5,0,[NULL],9992
101,5,1,[NULL],9996
102,4,0,[NULL],9997
73,34,0,0,2
76,31,0,0,4
77,30,0,0,9998
78,29,0,0,9997
79,28,"0,1",0,4
79,28,1,0,9998
80,27,0,0,4
81,26,0,0,9997
82,25,0,0,9996
83,24,0,1,4
84,23,0,0,3
85,22,0,0,9996
86,21,"1,2",0,2
86,21,2,1,9996
86,21,0,[NULL],9996
87,20,"1,2",0,3
87,20,2,"0,1",3
87,20,0,0,9998
88,19,1,0,2
88,19,0,0,9998
89,18,"0,1",0,2
89,18,1,0,9996
90,17,2,0,2
90,17,0,[NULL],9000
90,17,1,0,9996
91,16,0,1,3
91,16,"1,2",0,8
91,16,2,0,9998
92,15,0,5,6
93,14,3,2,2
93,14,"0,1",[NULL],9000
93,14,1,[NULL],9000
93,14,2,[NULL],9000
94,13,2,3,4
94,13,0,2,4
94,13,3,[NULL],9000
94,13,1,[NULL],9000
95,12,2,4,5
95,12,1,[NULL],9000
95,12,0,[NULL],9000
96,11,3,[NULL],9000
96,11,1,[NULL],9000
96,11,"0,2",[NULL],9000
96,11,2,0,9998
97,10,2,2,2
97,10,3,3,2
97,10,1,3,9997
97,10,0,2,9997
98,9,5,[NULL],9000
98,9,3,[NULL],9000
98,9,2,[NULL],9000
98,9,0,[NULL],9000
98,9,1,[NULL],9994
98,9,4,2,9997
99,8,5,[NULL],9000
99,8,6,[NULL],9000
99,8,4,[NULL],9000
99,8,3,[NULL],9000
99,8,0,2,9997
99,8,2,0,9997
99,8,1,1,9998
100,7,10,[NULL],9000
100,7,7,[NULL],9000
100,7,3,[NULL],9989
100,7,"4,5",[NULL],9989
100,7,8,[NULL],9989
100,7,5,[NULL],9990
100,7,9,[NULL],9995
100,7,"0,1,2,6","2,3",9996
100,7,1,[NULL],9996
100,7,"2,6",[NULL],9996
100,7,6,2,9998
101,6,6,[NULL],9000
101,6,7,[NULL],9000
101,6,5,[NULL],9990
101,6,"0,1",[NULL],9995
101,6,"1,2",[NULL],9996
101,6,2,[NULL],9997
101,6,3,2,9998
101,6,4,5,9998
102,5,1,[NULL],9000
102,5,2,[NULL],9000
102,5,0,[NULL],9994
102,5,3,9,9997
103,4,2,[NULL],9000
103,4,3,[NULL],9997
103,4,1,[NULL],9997
103,4,0,[NULL],9997
104,3,0,0,9998
104,3,1,3,9998
73,35,0,[NULL],9000
76,32,0,0,2
77,31,0,0,9998
78,30,0,1,2
79,29,0,0,9998
86,22,0,0,2
87,21,0,0,2
87,21,1,0,9998
88,20,0,1,9998
90,18,0,2,2
91,17,0,"1,2",9997
93,15,0,1,9998
94,14,1,[NULL],9000
94,14,2,[NULL],9000
94,14,0,0,9997
95,13,0,2,2
95,13,1,2,3
96,12,"3,4",0,3
96,12,4,[NULL],9000
96,12,0,0,9996
96,12,1,0,9998
96,12,2,1,9998
97,11,0,"1,2",3
97,11,4,[NULL],9000
97,11,1,[NULL],9000
97,11,2,0,9998
97,11,3,1,9998
98,10,1,"1,3",2
98,10,2,[NULL],9000
98,10,0,0,9994
98,10,3,5,9997
99,9,2,6,2
99,9,1,[NULL],9000
99,9,3,4,9996
99,9,0,[NULL],9996
100,8,2,3,2
100,8,5,4,2
100,8,3,[NULL],9996
100,8,4,[NULL],9996
100,8,0,[NULL],9997
100,8,1,[NULL],9997
101,7,4,[NULL],9991
101,7,1,[NULL],9994
101,7,2,3,9998
101,7,3,5,9998
101,7,0,[NULL],9998
102,6,1,[NULL],9000
102,6,0,"6,8",9998
103,5,0,0,2
103,5,3,1,2
103,5,2,[NULL],9000
103,5,1,8,9998
104,4,0,3,9998
104,4,1,"5,6",9998
73,36,0,[NULL],9000
76,33,0,0,2
77,32,0,0,3
78,31,0,0,2
79,30,0,0,9998
80,29,0,0,3
86,23,0,1,2
87,22,1,0,2
87,22,0,1,9996
90,19,0,1,9998
91,18,0,[NULL],9000
91,18,1,0,9996
92,17,1,0,2
92,17,0,1,9998
93,16,0,1,9998
94,15,1,[NULL],9000
94,15,0,[NULL],9000
95,14,0,1,2
95,14,1,2,2
96,13,0,2,2
96,13,1,3,2
96,13,3,1,3
96,13,2,0,3
97,12,2,4,3
97,12,3,[NULL],9000
97,12,4,[NULL],9000
97,12,0,2,9998
97,12,1,3,9998
98,11,2,0,3
98,11,0,2,3
98,11,1,3,9998
99,10,2,[NULL],9000
99,10,0,"1,2,4",9998
99,10,1,1,9998
100,9,3,2,2
100,9,5,3,2
100,9,4,[NULL],9000
100,9,2,[NULL],9991
100,9,6,6,9997
100,9,1,[NULL],9997
100,9,0,3,9998
101,8,"6,8",0,2
101,8,9,"0,3",3
101,8,8,[NULL],9000
101,8,7,[NULL],9992
101,8,4,3,9997
101,8,3,3,9998
101,8,5,6,9998
101,8,2,2,9998
101,8,0,"0,3,6",9998
101,8,1,[NULL],9998
102,7,8,1,2
102,7,5,[NULL],9000
102,7,3,[NULL],9000
102,7,4,[NULL],9000
102,7,6,[NULL],9991
102,7,7,[NULL],9991
102,7,"0,1",[NULL],9996
102,7,1,[NULL],9996
102,7,2,3,9998
103,6,3,0,2
103,6,"5,6",1,2
103,6,6,[NULL],9000
103,6,4,[NULL],9995
103,6,"0,1,2",[NULL],9995
103,6,1,[NULL],9995
103,6,2,2,9998
104,5,4,[NULL],9000
104,5,3,[NULL],9000
104,5,2,[NULL],9989
104,5,0,[NULL],9997
104,5,1,"0,1",9998
105,4,1,[NULL],9988
105,4,0,[NULL],9995
78,32,0,0,2
79,31,1,0,9996
79,31,0,0,9998
80,30,0,1,9998
81,29,0,0,4
82,28,0,0,9998
83,27,0,0,9996
84,26,0,0,4
85,25,1,2,4
85,25,0,[NULL],9000
86,24,1,1,9996
86,24,0,0,9998
87,23,0,1,9996
88,22,0,1,4
89,21,1,0,2
89,21,0,1,4
90,20,"1,2",0,3
90,20,2,1,9996
90,20,0,0,9998
91,19,1,0,2
91,19,0,1,9998
92,18,1,0,2
92,18,0,3,6
93,17,0,0,3
94,16,0,[NULL],9000
94,16,1,1,9997
95,15,1,[NULL],9000
95,15,0,[NULL],9000
95,15,"2,3",[NULL],9000
95,15,3,0,9996
96,14,2,0,2
96,14,3,1,2
96,14,0,[NULL],9000
96,14,1,1,9997
97,13,3,1,2
97,13,5,"0,3",3
97,13,"0,1,4","0,1",9997
97,13,2,2,9997
97,13,1,[NULL],9997
97,13,4,1,9998
98,12,"1,2,4",0,2
98,12,"2,4","0,1",2
98,12,4,[NULL],9000
98,12,3,2,9998
98,12,0,0,9998
99,11,3,"0,3",2
99,11,2,"0,1,2,6",4
99,11,4,[NULL],9000
99,11,"0,1",[NULL],9000
99,11,5,0,9993
99,11,1,3,9998
100,10,3,3,2
100,10,6,5,2
100,10,2,2,2
100,10,0,"0,3,5",2
100,10,7,[NULL],9000
100,10,5,2,9997
100,10,4,2,9998
100,10,1,"2,5,6",9998
101,9,3,2,2
101,9,6,[NULL],9000
101,9,"2,5","0,1,2",9996
101,9,5,"1,2",9996
101,9,4,[NULL],9996
101,9,0,[NULL],9996
101,9,1,2,9997
102,8,2,"1,2",2
102,8,1,"3,4",9998
102,8,0,"2,3",9998
102,8,3,4,9998
103,7,"0,1","0,1,2",2
103,7,1,5,9998
104,6,0,3,9998
74,37,0,[NULL],9000
75,36,0,[NULL],9000
78,33,0,0,2
79,32,1,0,2
79,32,0,0,9998
80,31,0,1,9998
81,30,0,0,2
85,26,0,0,2
86,25,0,0,9998
89,22,0,0,2
90,21,1,0,2
90,21,0,0,9998
91,20,0,0,9997
94,17,0,[NULL],9000
95,16,0,0,4
96,15,1,4,2
96,15,0,[NULL],9000
97,14,2,3,2
97,14,0,0,2
97,14,1,0,9997
98,13,3,1,2
98,13,4,3,4
98,13,1,[NULL],9000
98,13,0,[NULL],9000
98,13,2,0,9998
99,12,2,4,2
99,12,"5,6","1,4",2
99,12,6,6,3
99,12,4,[NULL],9000
99,12,0,[NULL],9000
99,12,1,[NULL],9000
99,12,3,[NULL],9000
100,11,3,4,3
100,11,5,[NULL],9000
100,11,1,[NULL],9000
100,11,4,1,9995
100,11,0,"0,2",9998
100,11,2,1,9998
101,10,"3,4",1,2
101,10,"2,4","0,1",2
101,10,4,3,2
101,10,1,[NULL],9994
101,10,0,4,9998
102,9,5,1,2
102,9,3,[NULL],9989
102,9,4,[NULL],9993
102,9,2,[NULL],9993
102,9,0,[NULL],9993
102,9,1,1,9998
103,8,3,0,2
103,8,4,[NULL],9000
103,8,2,[NULL],9000
103,8,0,[NULL],9000
103,8,1,[NULL],9997
104,7,0,[NULL],9000
104,7,3,[NULL],9989
104,7,2,[NULL],9994
104,7,1,2,9998
105,6,1,[NULL],9996
105,6,0,[NULL],9998
106,5,1,[NULL],9000
106,5,2,[NULL],9000
106,5,0,[NULL],9997
107,4,3,[NULL],9994
107,4,"0,1,2",[NULL],9994
107,4,"1,2",2,9996
107,4,2,0,9998
108,3,0,[NULL],9995
75,37,0,[NULL],9000
78,34,0,0,2
79,33,1,0,2
79,33,0,0,9997
80,32,0,1,9996
85,27,0,0,2
86,26,1,0,4
86,26,0,"0,1",9998
89,23,0,0,2
90,22,0,1,4
93,19,1,1,3
93,19,0,1,9998
94,18,0,1,9998
95,17,1,1,3
95,17,0,1,9998
96,16,"0,1","0,1,4",3
96,16,2,2,3
96,16,1,[NULL],9000
96,16,3,[NULL],9000
97,15,0,2,2
97,15,1,[NULL],9000
98,14,0,[NULL],9000
99,13,"0,2",0,2
99,13,1,2,2
99,13,2,5,3
100,12,4,"0,1",2
100,12,2,1,3
100,12,0,"0,1",9996
100,12,1,0,9998
100,12,3,1,9998
101,11,1,1,2
101,11,2,[NULL],9000
101,11,0,[NULL],9995
102,10,2,2,9998
102,10,"0,1",3,9998
102,10,1,"1,2,3",9998
103,9,2,1,2
103,9,1,[NULL],9994
103,9,0,2,9998
104,8,3,[NULL],9000
104,8,"1,2",[NULL],9995
104,8,2,[NULL],9995
104,8,0,[NULL],9998
105,7,2,[NULL],9991
105,7,0,[NULL],9991
105,7,1,1,9996
106,6,0,2,2
107,5,"0,1",[NULL],9992
107,5,1,[NULL],9995
108,4,0,[NULL],9995
75,38,0,[NULL],9000
78,35,0,1,4
79,34,0,0,9997
82,31,0,0,4
83,30,0,0,9998
84,29,0,0,9997
85,28,"0,1",0,2
85,28,1,1,4
86,27,1,0,4
86,27,0,0,9998
87,26,0,"0,1",9996
88,25,1,0,9996
88,25,0,0,9998
89,24,1,2,4
89,24,0,0,9998
90,23,0,0,3
91,22,0,0,9996
92,21,1,0,2
92,21,0,0,9996
93,20,1,0,2
93,20,0,0,9998
94,19,1,0,2
94,19,0,2,4
95,18,1,[NULL],9000
95,18,0,0,9998
96,17,0,1,3
96,17,1,2,9996
97,16,0,0,6
98,15,1,[NULL],9000
98,15,0,[NULL],9000
99,14,0,1,2
99,14,1,3,2
99,14,2,[NULL],9000
100,13,"0,1,2","2,5",4
100,13,"1,2",5,4
100,13,2,[NULL],9000
101,12,2,2,2
101,12,3,"0,1",2
101,12,1,"0,2",2
101,12,0,[NULL],9996
102,11,2,0,2
102,11,1,[NULL],9000
102,11,4,[NULL],9000
102,11,3,[NULL],9995
102,11,0,1,9998
103,10,2,[NULL],9000
103,10,3,[NULL],9000
103,10,0,[NULL],9000
103,10,1,3,9998
104,9,1,[NULL],9000
104,9,2,[NULL],9000
104,9,0,[NULL],9996
105,8,2,[NULL],9000
105,8,4,[NULL],9000
105,8,3,[NULL],9992
105,8,0,1,9998
105,8,1,0,9998
106,7,2,[NULL],9989
106,7,1,[NULL],9989
106,7,0,[NULL],9989
107,6,4,[NULL],9987
107,6,"2,3",[NULL],9989
107,6,3,[NULL],9992
107,6,1,[NULL],9993
107,6,0,[NULL],9996
108,5,5,[NULL],9000
108,5,4,[NULL],9000
108,5,3,[NULL],9991
108,5,2,[NULL],9996
108,5,1,2,9998
108,5,0,[NULL],9998
109,4,1,[NULL],9000
109,4,0,[NULL],9998
78,36,0,0,3
79,35,0,[NULL],9000
82,32,0,0,2
83,31,0,0,9998
85,29,0,0,2
86,28,0,0,9998
87,27,0,0,2
88,26,0,0,2
89,25,0,0,9998
92,22,0,0,2
93,21,0,"0,1,2",9997
94,20,0,0,2
98,16,0,1,9998
99,15,0,[NULL],9000
99,15,1,[NULL],9000
100,14,0,[NULL],9000
101,13,1,0,2
101,13,0,[NULL],9000
101,13,2,"1,2",9996
102,12,3,1,2
102,12,1,[NULL],9000
102,12,2,[NULL],9996
102,12,0,[NULL],9996
103,11,0,0,9994
103,11,1,2,9998
103,11,2,"1,2",9998
104,10,1,0,2
104,10,0,1,2
104,10,2,[NULL],9000
104,10,3,[NULL],9994
105,9,"3,4",[NULL],9990
105,9,0,[NULL],9993
105,9,4,0,9997
105,9,2,"2,3",9998
105,9,1,3,9998
105,9,5,4,9998
106,8,2,"1,2",4
106,8,1,"2,3",9998
106,8,0,1,9998
107,7,2,"1,4",2
107,7,1,[NULL],9990
107,7,0,[NULL],9994
108,6,2,[NULL],9000
108,6,3,[NULL],9996
108,6,1,[NULL],9997
108,6,0,5,9998
78,37,0,0,3
79,36,1,0,4
79,36,0,[NULL],9000
82,33,0,0,2
83,32,0,0,3
85,30,0,0,2
86,29,0,1,9998
88,27,0,0,2
89,26,0,1,9998
92,23,0,1,9998
93,22,0,1,9996
94,21,0,1,9998
95,20,1,0,9998
95,20,0,"0,1",9998
96,19,1,[NULL],9000
96,19,0,1,9998
97,18,1,0,2
97,18,0,0,9998
98,17,0,0,9998
99,16,"0,1",0,4
99,16,1,4,5
100,15,0,[NULL],9000
101,14,0,[NULL],9000
102,13,2,1,2
102,13,1,"1,2",2
102,13,0,[NULL],9997
103,12,0,[NULL],9000
103,12,1,2,9998
104,11,"2,3",2,2
104,11,3,1,2
104,11,4,"0,4,5",2
104,11,1,1,4
104,11,0,"0,1,2",9998
105,10,"2,3",1,2
105,10,1,0,2
105,10,"3,4",[NULL],9000
105,10,0,[NULL],9000
105,10,4,0,9997
106,9,4,[NULL],9000
106,9,"0,2,5",[NULL],9991
106,9,3,[NULL],9991
106,9,2,"0,1,2",9997
106,9,5,0,9997
106,9,1,0,9998
107,8,5,0,2
107,8,3,[NULL],9000
107,8,2,[NULL],9991
107,8,4,[NULL],9995
107,8,1,[NULL],9997
107,8,0,[NULL],9997
108,7,"0,2",[NULL],9000
108,7,3,[NULL],9993
108,7,2,[NULL],9993
108,7,1,[NULL],9994
109,6,3,[NULL],9000
109,6,0,[NULL],9000
109,6,1,[NULL],9000
109,6,2,[NULL],9000
110,5,1,[NULL],9000
110,5,0,[NULL],9992
110,5,2,[NULL],9992
110,5,3,[NULL],9995
111,4,0,1,9998
111,4,1,2,9998
79,37,0,[NULL],9000
81,35,0,0,9998
82,34,0,0,9998
85,31,1,0,2
85,31,0,0,9996
86,30,"0,1",0,4
86,30,1,0,9998
87,29,0,1,4
88,28,1,0,2
88,28,0,0,9996
89,27,0,0,9996
90,26,0,0,4
91,25,1,0,2
91,25,0,0,4
92,24,"0,1,2",0,3
92,24,2,0,9996
92,24,1,0,9998
93,23,1,0,2
93,23,0,"0,1",9998
94,22,0,1,2
94,22,1,"0,1",2
95,21,1,0,2
95,21,2,1,4
95,21,0,0,9998
96,20,0,0,2
96,20,1,1,9998
97,19,0,0,2
97,19,1,0,9997
98,18,0,5,7
99,17,0,[NULL],9000
100,16,1,[NULL],9000
100,16,0,1,9996
101,15,1,0,9997
101,15,0,2,9998
102,14,2,1,2
102,14,3,[NULL],9000
102,14,1,2,9997
102,14,0,1,9998
103,13,"0,1,2",0,2
103,13,1,[NULL],9000
103,13,2,[NULL],9000
104,12,0,4,3
104,12,1,[NULL],9000
105,11,0,1,2
106,10,1,[NULL],9000
106,10,0,[NULL],9992
107,9,2,[NULL],9000
107,9,1,[NULL],9000
107,9,0,[NULL],9996
108,8,1,[NULL],9994
108,8,0,"1,3",9998
108,8,2,3,9998
109,7,"2,3",[NULL],9000
109,7,0,"2,3",9997
109,7,3,[NULL],9997
109,7,1,[NULL],9997
110,6,1,0,2
110,6,2,1,2
110,6,3,[NULL],9000
110,6,0,6,9998
111,5,0,[NULL],9996
111,5,1,2,9998
79,38,0,[NULL],9000
80,37,0,0,2
81,36,0,0,2
82,35,0,0,9998
85,32,0,1,2
86,31,0,0,9998
91,26,0,1,2
92,25,"0,1",0,2
92,25,1,0,9998
93,24,1,0,9997
93,24,0,0,9998
94,23,0,0,2
95,22,1,1,2
95,22,0,0,9998
96,21,0,"2,3",9997
96,21,1,2,9997
99,18,0,[NULL],9000
100,17,2,0,2
100,17,1,2,4
100,17,0,[NULL],9000
101,16,1,0,2
101,16,2,[NULL],9000
101,16,0,[NULL],9000
102,15,3,[NULL],9000
102,15,"0,2","0,2",9997
102,15,1,1,9997
102,15,2,1,9998
103,14,0,[NULL],9000
103,14,1,1,9997
104,13,0,4,3
105,12,"0,1,2",2,3
105,12,"1,2","2,5",3
105,12,2,0,9994
106,11,2,[NULL],9000
106,11,"0,1",[NULL],9993
106,11,1,0,9998
107,10,"1,3",0,2
107,10,3,2,2
107,10,4,[NULL],9000
107,10,5,[NULL],9000
107,10,2,[NULL],9991
107,10,6,3,9997
107,10,0,"0,1",9998
108,9,5,[NULL],9000
108,9,7,[NULL],9000
108,9,"1,2,4",[NULL],9000
108,9,6,[NULL],9000
108,9,4,[NULL],9995
108,9,3,1,9997
108,9,0,[NULL],9997
108,9,2,1,9998
109,8,6,0,2
109,8,"1,3,4,5",[NULL],9000
109,8,3,[NULL],9000
109,8,"4,5",[NULL],9000
109,8,0,1,9995
109,8,5,1,9998
109,8,2,"1,2",9998
110,7,2,1,2
110,7,1,[NULL],9987
110,7,4,[NULL],9994
110,7,3,[NULL],9994
110,7,0,[NULL],9996
111,6,3,[NULL],9000
111,6,"0,2",[NULL],9000
111,6,2,[NULL],9996
111,6,1,[NULL],9996
112,5,2,[NULL],9000
112,5,1,[NULL],9995
112,5,0,2,9998
113,4,0,[NULL],9996
79,39,0,[NULL],9000
80,38,0,[NULL],9000
81,37,0,0,2
82,36,0,0,9998
85,33,0,0,2
86,32,0,0,9996
91,27,0,1,2
92,26,0,0,2
92,26,1,0,4
93,25,0,1,9998
94,24,0,0,2
95,23,1,"0,3",9998
95,23,0,"0,2",9998
96,22,0,1,3
97,21,0,1,9998
98,20,0,"0,1",9998
99,19,0,0,9998
100,18,0,1,3
100,18,1,0,9998
101,17,1,2,2
101,17,2,1,3
101,17,0,1,9998
102,16,0,[NULL],9000
102,16,1,0,9997
105,13,0,1,2
106,12,"0,1",0,2
106,12,1,2,9996
107,11,1,2,2
107,11,2,2,9998
107,11,0,[NULL],9998
108,10,1,5,2
108,10,2,"2,5",2
108,10,3,0,3
108,10,0,[NULL],9998
109,9,1,[NULL],9000
109,9,2,"0,1",9997
109,9,0,[NULL],9997
110,8,2,[NULL],9000
110,8,0,[NULL],9988
110,8,1,[NULL],9997
111,7,2,0,2
111,7,1,[NULL],9000
111,7,0,[NULL],9997
112,6,"1,2",[NULL],9997
112,6,2,[NULL],9997
112,6,0,3,9998
113,5,0,[NULL],9997
113,5,1,2,9998
81,38,0,0,2
84,35,0,0,4
85,34,0,0,9998
87,32,0,0,4
88,31,0,0,4
89,30,0,0,9997
90,29,0,0,9996
91,28,0,2,4
92,27,1,0,2
92,27,0,1,3
93,26,0,0,9996
93,26,1,0,9998
94,25,"0,3",1,2
94,25,"2,3","0,1",2
94,25,3,0,9996
94,25,1,0,9997
95,24,"2,3",0,3
95,24,3,"0,1",3
95,24,0,0,9998
95,24,1,1,9998
96,23,1,0,2
96,23,0,2,9998
97,22,"0,1",0,2
97,22,1,0,9996
98,21,0,0,2
98,21,1,0,9996
99,20,0,1,2
99,20,1,0,4
100,19,1,0,2
100,19,0,[NULL],9000
101,18,"0,2","0,2",3
101,18,1,1,3
101,18,2,"0,1",9996
102,17,1,1,3
102,17,0,0,6
103,16,0,[NULL],9000
104,15,0,[NULL],9000
105,14,"0,1",2,9997
105,14,1,2,9998
106,13,2,2,2
106,13,3,6,3
106,13,1,[NULL],9000
106,13,0,"0,2",9998
107,12,1,3,3
107,12,0,[NULL],9994
109,10,0,[NULL],9000
110,9,"4,5",[NULL],9000
110,9,5,[NULL],9000
110,9,2,[NULL],9000
110,9,3,[NULL],9989
110,9,1,[NULL],9989
110,9,0,1,9998
111,8,3,0,2
111,8,6,[NULL],9000
111,8,4,[NULL],9000
111,8,2,[NULL],9000
111,8,0,2,9995
111,8,5,0,9998
111,8,1,[NULL],9998
112,7,2,1,2
112,7,0,[NULL],9992
112,7,3,0,9996
112,7,1,3,9998
113,6,3,[NULL],9000
113,6,2,[NULL],9000
113,6,1,[NULL],9997
113,6,0,[NULL],9997
114,5,2,[NULL],9992
114,5,1,[NULL],9993
114,5,0,[NULL],9997
81,39,0,[NULL],9000
84,36,0,0,2
85,35,0,0,9998
92,28,0,1,2
93,27,0,0,9998
94,26,0,0,2
94,26,1,1,2
95,25,2,0,2
95,25,0,0,9998
95,25,1,1,9998
96,24,0,2,9998
101,19,0,1,3
102,18,1,2,9997
102,18,0,0,9998
103,17,0,2,9998
104,16,2,0,2
104,16,0,[NULL],9000
104,16,1,[NULL],9000
105,15,"0,2",0,2
105,15,"1,2","0,1",9997
105,15,2,3,9998
106,14,1,[NULL],9000
106,14,2,[NULL],9000
106,14,0,"0,2",9998
107,13,0,[NULL],9000
108,12,"0,1",2,3
108,12,1,[NULL],9000
108,12,2,"2,3",9997
109,11,1,0,2
109,11,2,[NULL],9000
109,11,0,0,9997
109,11,3,3,9997
110,10,0,5,2
110,10,2,[NULL],9000
110,10,1,[NULL],9000
111,9,3,1,2
111,9,0,[NULL],9000
111,9,2,[NULL],9000
111,9,1,[NULL],9000
112,8,1,[NULL],9000
112,8,0,[NULL],9000
113,7,0,[NULL],9994
114,6,0,[NULL],9000
115,5,0,[NULL],9996
115,5,1,0,9998
81,40,0,[NULL],9000
84,37,0,0,2
85,36,0,0,4
88,33,0,0,3
92,29,0,0,2
93,28,0,1,3
94,27,0,0,2
94,27,1,1,2
95,26,2,0,2
95,26,1,1,9996
95,26,0,0,9998
98,23,0,1,9998
99,22,0,"1,2",9998
100,21,0,2,9998
101,20,0,0,2
101,20,2,[NULL],9000
101,20,1,2,9998
102,19,2,0,2
102,19,0,0,9998
102,19,1,1,9998
103,18,0,[NULL],9000
103,18,1,1,9998
104,17,3,2,2
104,17,2,"0,1",3
104,17,1,[NULL],9000
104,17,0,"0,1",9998
105,16,"0,2",0,2
105,16,2,1,4
105,16,1,0,9997
106,15,0,1,9995
106,15,1,2,9997
107,14,0,[NULL],9995
108,13,1,0,5
108,13,0,3,9998
109,12,0,[NULL],9000
109,12,1,1,9998
110,11,1,[NULL],9000
110,11,0,[NULL],9000
111,10,4,[NULL],9000
111,10,2,[NULL],9000
111,10,5,[NULL],9000
111,10,1,[NULL],9000
111,10,0,[NULL],9000
111,10,3,3,9997
112,9,5,[NULL],9000
112,9,2,[NULL],9000
112,9,4,[NULL],9000
112,9,3,6,9995
112,9,1,[NULL],9995
112,9,0,[NULL],9995
113,8,1,[NULL],9000
113,8,3,[NULL],9000
113,8,2,[NULL],9000
113,8,0,4,9995
114,7,0,1,2
114,7,1,[NULL],9000
114,7,2,[NULL],9000
115,6,0,[NULL],9000
115,6,1,[NULL],9993
116,5,0,[NULL],9000
87,35,0,0,9996
88,34,0,0,9998
89,33,0,0,4
90,32,0,0,9998
91,31,0,0,9996
92,30,0,0,4
93,29,0,3,4
94,28,0,0,2
94,28,1,0,9996
95,27,1,0,9996
95,27,0,0,9998
96,26,0,1,4
97,25,1,0,2
97,25,0,1,4
98,24,"1,2",0,2
98,24,2,1,9996
98,24,0,0,9998
99,23,2,0,2
99,23,"0,1",0,9997
99,23,1,1,9998
100,22,2,1,2
100,22,"0,1",2,4
100,22,1,0,9998
101,21,0,0,2
101,21,1,1,2
101,21,2,1,3
102,20,1,1,2
102,20,2,2,9997
102,20,0,0,9998
103,19,"0,1",0,2
103,19,1,"0,2",9996
104,18,"0,1","1,2",3
104,18,1,2,6
105,17,0,[NULL],9000
105,17,1,[NULL],9000
106,16,0,0,9997
107,15,3,0,2
107,15,2,2,3
107,15,1,[NULL],9996
107,15,0,1,9997
108,14,1,1,2
108,14,0,0,3
108,14,3,3,3
108,14,2,1,9998
109,13,3,[NULL],9000
109,13,1,"0,3",9998
109,13,"0,2","1,2",9998
109,13,2,"0,2,3",9998
110,12,1,[NULL],9000
110,12,2,1,9997
110,12,0,"0,1,3",9998
111,11,0,3,4
111,11,1,[NULL],9000
112,10,2,[NULL],9000
112,10,0,[NULL],9000
112,10,1,1,9998
113,9,3,[NULL],9000
113,9,2,[NULL],9994
113,9,1,"1,2",9998
113,9,0,[NULL],9998
114,8,4,[NULL],9000
114,8,3,[NULL],9990
114,8,2,[NULL],9992
114,8,1,[NULL],9995
114,8,0,[NULL],9996
115,7,1,[NULL],9989
115,7,2,4,9996
115,7,0,[NULL],9996
116,6,1,[NULL],9996
116,6,0,[NULL],9997
82,41,0,[NULL],9000
83,40,0,[NULL],9000
87,36,0,0,2
88,35,0,0,9998
89,34,0,0,2
94,29,0,0,2
95,28,0,0,9998
97,26,0,0,2
98,25,1,1,2
98,25,0,0,9998
99,24,0,1,2
99,24,1,0,9997
100,23,0,0,9998
101,22,0,0,2
102,21,0,1,9998
104,19,0,1,3
104,19,1,[NULL],9000
105,18,2,"0,1",3
105,18,0,[NULL],9000
105,18,1,1,9998
106,17,0,[NULL],9000
107,16,1,2,2
107,16,0,1,9997
108,15,"0,3",1,2
108,15,"1,2","0,2",2
108,15,2,"1,2",2
108,15,3,1,9998
109,14,"0,1,3",0,2
109,14,"1,2",[NULL],9000
109,14,3,[NULL],9000
109,14,2,1,9998
110,13,3,3,3
110,13,2,0,5
110,13,1,0,9997
110,13,0,2,9997
111,12,1,1,2
111,12,0,[NULL],9000
112,11,"1,2",1,2
112,11,2,7,9997
112,11,0,"4,6,7",9997
113,10,1,[NULL],9000
113,10,2,[NULL],9000
113,10,0,[NULL],9000
113,10,4,[NULL],9000
113,10,3,[NULL],9000
114,9,0,[NULL],9000
114,9,3,[NULL],9000
114,9,2,[NULL],9000
114,9,1,[NULL],9993
114,9,4,2,9995
115,8,"0,1",[NULL],9000
115,8,1,[NULL],9000
116,7,0,[NULL],9000
116,7,1,[NULL],9000
117,6,1,[NULL],9990
117,6,0,[NULL],9997
83,41,0,[NULL],9000
87,37,0,0,2
88,36,0,1,9996
94,30,0,0,2
94,30,1,1,4
95,29,0,1,9998
97,27,0,0,2
98,26,0,"0,1",3
99,25,0,0,2
100,24,0,1,9998
101,23,1,0,2
101,23,2,2,3
101,23,0,1,9998
102,22,1,2,9998
102,22,0,"1,2",9998
103,21,0,1,9998
104,20,1,1,2
104,20,0,1,9998
105,19,0,0,3
105,19,1,0,9998
106,18,1,0,3
106,18,0,[NULL],9000
107,17,1,3,2
107,17,0,2,9998
108,16,1,2,2
108,16,2,2,9996
108,16,0,"1,2",9998
109,15,1,2,3
109,15,0,1,9998
110,14,3,[NULL],9000
110,14,0,[NULL],9000
110,14,1,"0,3",9997
110,14,2,0,9997
111,13,0,[NULL],9000
111,13,"1,3",[NULL],9000
111,13,2,[NULL],9000
111,13,3,[NULL],9000
112,12,2,[NULL],9995
112,12,0,"3,6",9997
112,12,1,"0,1,2,6",9998
113,11,1,3,9997
113,11,0,2,9997
114,10,0,[NULL],9000
114,10,1,[NULL],9994
115,9,2,[NULL],9000
115,9,1,[NULL],9000
115,9,0,3,9998
116,8,0,[NULL],9994
83,42,0,[NULL],9000
86,39,0,0,4
87,38,0,0,9998
90,35,0,0,4
91,34,0,0,9998
92,33,0,0,9997
93,32,0,1,4
94,31,1,0,2
94,31,0,1,4
95,30,1,"0,1",9996
95,30,0,0,9998
96,29,1,1,9996
96,29,0,1,9998
97,28,1,2,4
97,28,0,0,9998
98,27,0,1,3
99,26,1,0,2
99,26,0,0,9996
100,25,1,0,2
100,25,0,0,9996
100,25,2,0,9998
101,24,2,1,2
101,24,1,"0,1",2
101,24,0,1,9998
102,23,1,0,2
102,23,"0,2",1,4
102,23,2,1,9998
103,22,1,0,2
103,22,0,1,9998
104,21,0,1,2
104,21,1,0,9996
105,20,1,0,5
105,20,0,[NULL],9000
106,19,2,0,2
106,19,1,0,3
106,19,3,[NULL],9000
106,19,0,[NULL],9000
107,18,"1,2",0,2
107,18,2,1,9996
107,18,0,0,9998
108,17,1,0,2
108,17,0,1,9998
109,16,0,1,3
109,16,2,0,3
109,16,1,1,9998
110,15,4,[NULL],9000
110,15,"2,3",[NULL],9000
110,15,3,0,9997
110,15,1,"0,2",9997
110,15,0,2,9998
111,14,"0,1,2,6",1,2
111,14,7,2,3
111,14,"4,6","0,2",3
111,14,6,3,5
111,14,3,[NULL],9000
111,14,2,"2,3",9996
111,14,1,3,9996
111,14,5,3,9998
112,13,4,0,5
112,13,"1,2",[NULL],9000
112,13,"0,2","1,4",9998
112,13,2,1,9998
112,13,3,2,9998
113,12,3,[NULL],9000
113,12,2,[NULL],9996
113,12,1,"0,2,5",9998
113,12,0,6,9998
114,11,3,0,2
114,11,4,2,4
114,11,1,[NULL],9000
114,11,0,[NULL],9995
114,11,2,1,9997
115,10,1,[NULL],9000
115,10,2,[NULL],9000
115,10,0,[NULL],9989
116,9,0,[NULL],9000
117,8,0,[NULL],9000
118,7,0,[NULL],9000
86,40,0,0,2
87,39,0,0,9998
90,36,0,0,2
91,35,0,0,9998
94,32,0,0,2
95,31,1,0,2
95,31,0,0,9998
96,30,0,0,2
97,29,0,0,9998
99,27,0,2,2
100,26,1,0,2
100,26,0,1,9997
101,25,1,2,2
101,25,0,0,9998
102,24,1,0,2
102,24,0,0,9997
106,20,0,0,2
107,19,1,0,2
107,19,0,"0,1",9998
108,18,1,1,2
108,18,2,2,9997
108,18,0,3,9998
109,17,2,"0,3",2
109,17,"0,3",1,3
109,17,3,"1,2",3
109,17,1,1,9998
110,16,3,5,2
110,16,"0,2",[NULL],9000
110,16,"1,2",[NULL],9000
110,16,2,[NULL],9000
111,15,"1,4","0,2",2
111,15,4,0,2
111,15,2,3,2
111,15,"3,6",0,3
111,15,6,[NULL],9000
111,15,5,3,9998
111,15,0,2,9998
112,14,"0,2,5",1,2
112,14,6,0,2
112,14,3,1,3
112,14,2,0,3
112,14,7,[NULL],9000
112,14,1,[NULL],9000
112,14,"4,5",[NULL],9000
112,14,5,1,9998
113,13,4,[NULL],9000
113,13,1,6,9997
113,13,3,"5,6",9997
113,13,2,"3,4",9998
113,13,0,"1,2",9998
114,12,0,4,9997
116,10,0,[NULL],9000
117,9,"0,1",[NULL],9996
117,9,1,2,9998
118,8,1,0,9997
118,8,0,"2,3",9998
86,41,0,0,2
87,40,1,0,4
87,40,0,[NULL],9000
90,37,0,0,2
91,36,0,0,3
94,33,0,0,2
95,32,0,1,9998
96,31,0,0,2
97,30,0,1,9998
100,27,0,0,2
101,26,0,0,9996
103,24,0,0,9998
104,23,0,1,9998
105,22,0,1,9998
106,21,"0,1",0,2
106,21,2,[NULL],9000
106,21,1,1,9998
107,20,3,0,2
107,20,2,2,4
107,20,0,0,9998
107,20,1,2,9998
108,19,1,1,2
108,19,0,1,9998
109,18,0,2,3
109,18,2,"1,2",3
109,18,1,1,9998
110,17,3,5,2
110,17,2,0,2
110,17,4,[NULL],9000
110,17,0,"0,2,3",9998
110,17,1,2,9998
111,16,1,5,2
111,16,4,[NULL],9000
111,16,3,[NULL],9000
111,16,0,[NULL],9000
111,16,2,3,9997
112,15,"3,4",2,2
112,15,"1,2",0,2
112,15,5,[NULL],9000
112,15,2,[NULL],9000
112,15,4,1,9995
112,15,0,[NULL],9995
113,14,1,2,3
113,14,2,4,5
113,14,0,4,9998
114,13,0,[NULL],9000
114,13,1,[NULL],9995
114,13,3,3,9997
114,13,2,"0,3",9997
115,12,3,[NULL],9000
115,12,"0,2",[NULL],9993
115,12,2,2,9998
115,12,1,"1,2",9998
116,11,2,1,2
116,11,1,[NULL],9997
116,11,0,"0,1,2",9998
117,10,"2,3",0,2
117,10,1,0,9997
117,10,0,[NULL],9997
117,10,3,2,9998
118,9,3,[NULL],9000
118,9,0,[NULL],9995
118,9,1,"1,3",9997
118,9,2,"1,2",9998
119,8,0,3,9998
120,7,0,[NULL],9997
121,6,0,4,9997
121,6,1,3,9997
126,1,0,[NULL],9993
127,0,0,0,9998
87,41,0,[NULL],9000
89,39,0,0,9998
90,38,0,0,9998
93,35,0,0,9996
94,34,1,0,2
94,34,0,1,4
95,33,1,1,4
95,33,0,0,9998
96,32,1,0,2
96,32,0,0,9996
97,31,0,0,9996
98,30,0,0,4
99,29,1,0,3
99,29,0,0,4
100,28,1,0,9996
100,28,0,0,9998
101,27,0,0,3
102,26,0,0,2
103,25,1,0,2
103,25,0,1,4
104,24,1,0,2
104,24,0,0,9998
105,23,1,1,2
105,23,0,0,9997
106,22,0,0,2
106,22,2,1,2
106,22,1,2,4
107,21,1,0,2
107,21,2,2,3
107,21,0,0,9998
108,20,1,1,2
108,20,0,"0,2",9996
109,19,"0,2,3",0,2
109,19,2,1,2
109,19,3,0,9998
109,19,1,1,9998
110,18,"2,3",2,4
110,18,3,1,4
110,18,1,"0,1",9998
110,18,0,2,9998
111,17,1,[NULL],9000
111,17,0,1,9997
111,17,2,2,9998
112,16,4,0,2
112,16,6,1,3
112,16,5,"1,3",3
112,16,2,[NULL],9000
112,16,1,[NULL],9000
112,16,0,[NULL],9000
112,16,3,0,9997
113,15,4,0,3
113,15,5,[NULL],9000
113,15,1,[NULL],9000
113,15,2,1,9996
113,15,3,"3,4",9998
113,15,0,4,9998
114,14,2,2,2
114,14,1,"1,2",2
114,14,3,[NULL],9000
114,14,0,"0,2",9998
115,13,"0,1,2",0,2
115,13,3,[NULL],9000
115,13,1,[NULL],9992
115,13,2,2,9998
116,12,2,3,2
116,12,0,[NULL],9000
116,12,3,0,9996
116,12,1,"0,1,3",9998
117,11,"1,2",2,2
117,11,0,1,3
117,11,3,[NULL],9000
117,11,2,"1,4",9997
118,10,3,0,2
118,10,2,[NULL],9000
118,10,0,[NULL],9996
118,10,1,"2,3",9998
119,9,2,"0,2",9996
119,9,1,[NULL],9996
119,9,0,[NULL],9996
120,8,1,1,9998
120,8,0,"1,3,6",9998
121,7,1,[NULL],9996
121,7,0,"1,2,3",9998
126,2,0,0,2
127,1,0,1,9998
87,42,0,[NULL],9000
88,41,0,0,2
89,40,0,0,2
90,39,0,0,9998
94,35,0,0,2
95,34,0,0,9998
99,30,0,0,2
100,29,0,0,9998
101,28,0,0,9997
103,26,0,0,2
104,25,0,"1,2",9997
104,25,1,1,9997
106,23,0,0,2
107,22,0,1,9998
108,21,0,3,2
108,21,1,1,2
109,20,"0,1",1,2
109,20,2,0,2
109,20,3,[NULL],9000
109,20,1,0,9997
110,19,2,2,2
110,19,3,2,3
110,19,0,"0,2",9998
110,19,1,2,9998
111,18,"0,1",[NULL],9000
111,18,2,[NULL],9000
111,18,1,1,9997
112,17,"3,4",3,2
112,17,4,0,2
112,17,1,[NULL],9000
112,17,0,[NULL],9000
112,17,2,0,9997
113,16,"0,2",0,2
113,16,3,3,3
113,16,2,"2,3",3
113,16,4,[NULL],9000
113,16,1,[NULL],9000
114,15,2,2,2
114,15,0,[NULL],9000
114,15,1,"1,2",9997
115,14,"0,1,3",1,2
115,14,4,[NULL],9000
115,14,3,[NULL],9000
115,14,2,[NULL],9000
115,14,1,"3,5",9996
116,13,0,1,3
116,13,3,[NULL],9000
116,13,1,[NULL],9000
116,13,2,1,9998
117,12,"2,3",1,2
117,12,"1,3",1,3
117,12,3,"1,5",9997
117,12,0,[NULL],9997
118,11,2,[NULL],9996
118,11,5,5,9997
118,11,"1,3",[NULL],9997
118,11,3,"2,4",9998
118,11,0,"1,2",9998
118,11,4,3,9998
119,10,1,1,2
119,10,"3,6","0,1",2
119,10,5,[NULL],9000
119,10,7,[NULL],9000
119,10,6,[NULL],9993
119,10,2,[NULL],9995
119,10,0,7,9998
119,10,4,8,9998
120,9,"1,2,3",0,2
120,9,4,0,3
120,9,3,1,3
120,9,5,[NULL],9994
120,9,2,3,9998
120,9,0,6,9998
121,8,2,[NULL],9995
121,8,3,7,9997
121,8,1,"3,4,5",9998
121,8,0,"3,4",9998
122,7,0,[NULL],9995
124,5,0,[NULL],9995
124,5,1,"1,2,3",9997
125,4,0,3,9998
126,3,1,0,2
126,3,0,2,9997
127,2,1,[NULL],9992
127,2,2,[NULL],9993
127,2,0,0,9998
128,1,1,[NULL],9992
128,1,0,[NULL],9993
87,43,0,[NULL],9000
88,42,0,[NULL],9000
89,41,0,0,2
90,40,0,0,9998
94,36,0,0,2
95,35,0,0,9997
99,31,0,0,2
100,30,0,0,4
103,27,0,"1,2",9998
104,26,0,0,3
105,25,0,1,9998
106,24,1,0,2
106,24,0,"0,1",9998
107,23,1,2,9998
107,23,0,1,9998
108,22,0,1,9998
109,21,"0,2",0,2
109,21,2,1,2
109,21,1,1,9998
110,20,1,0,3
110,20,0,"2,3",9998
110,20,3,3,9998
110,20,2,1,9998
111,19,0,3,3
113,17,0,[NULL],9000
113,17,1,2,9998
114,16,1,[NULL],9000
114,16,0,6,9998
115,15,1,2,2
115,15,2,[NULL],9000
115,15,0,4,9997
115,15,3,4,9998
116,14,"1,4",2,3
116,14,"2,3",[NULL],9000
116,14,"4,5",[NULL],9000
116,14,"0,5",[NULL],9000
116,14,5,0,9995
116,14,3,2,9998
117,13,"2,4",1,2
117,13,"1,4","0,3",2
117,13,3,4,2
117,13,4,1,9997
117,13,5,"3,4",9997
117,13,6,5,9998
117,13,0,"1,2,6",9998
118,12,7,0,2
118,12,8,4,2
118,12,4,"4,7",9996
118,12,6,2,9997
118,12,"2,3,5",[NULL],9997
118,12,3,2,9998
118,12,5,4,9998
118,12,0,[NULL],9998
118,12,1,[NULL],9998
119,11,3,2,2
119,11,6,0,2
119,11,7,[NULL],9993
119,11,"2,4",[NULL],9996
119,11,"4,5",2,9997
119,11,5,4,9998
119,11,1,"2,3,4,5,6",9998
119,11,0,"3,4,5,6",9998
120,10,"3,4,5",1,2
120,10,5,"0,1",2
120,10,6,[NULL],9995
120,10,1,[NULL],9997
120,10,4,5,9998
120,10,"0,2","4,7",9998
120,10,2,"2,7",9998
121,9,1,"4,5,7",9998
121,9,2,6,9998
121,9,0,[NULL],9998
123,7,0,"0,4",9997
124,6,3,0,2
124,6,1,[NULL],9996
124,6,2,[NULL],9996
124,6,0,"0,5",9997
125,5,2,[NULL],9996
125,5,1,[NULL],9996
125,5,0,[NULL],9997
126,4,0,0,2
127,3,0,3,9998
89,42,0,0,2
92,39,0,0,4
93,38,0,0,9998
94,37,0,0,9997
95,36,0,0,4
95,36,1,0,9997
96,35,0,0,4
97,34,0,0,9997
98,33,0,0,9996
99,32,0,1,4
100,31,0,0,3
101,30,0,0,9996
102,29,"1,2",0,2
102,29,2,1,9996
102,29,0,[NULL],9996
103,28,"1,2",0,3
103,28,2,"0,1",3
103,28,0,0,9998
104,27,1,0,2
104,27,0,0,9998
105,26,"0,1",0,2
105,26,1,0,9996
106,25,2,1,2
106,25,1,0,2
106,25,0,0,9996
107,24,1,0,2
107,24,"0,2",0,4
107,24,2,0,9998
108,23,1,1,2
108,23,0,1,3
109,22,"2,3",0,2
109,22,3,3,2
109,22,1,2,2
109,22,0,0,9996
110,21,1,1,3
110,21,0,[NULL],9000
110,21,2,0,9998
111,20,0,2,3
111,20,1,4,5
112,19,2,1,2
112,19,1,2,4
112,19,0,1,9997
113,18,6,0,2
113,18,"1,2",1,3
113,18,0,[NULL],9000
113,18,"3,4",[NULL],9000
113,18,5,[NULL],9000
113,18,4,1,9996
113,18,2,0,9998
114,17,4,3,2
114,17,0,[NULL],9000
114,17,"2,3",2,9997
114,17,3,"2,3",9998
114,17,1,"2,3,4",9998
115,16,2,3,2
115,16,0,3,4
115,16,1,1,9997
116,15,5,6,2
116,15,"1,2,6",0,2
116,15,"2,6",3,3
116,15,6,[NULL],9000
116,15,4,[NULL],9000
116,15,3,[NULL],9000
116,15,0,1,9998
117,14,2,3,2
117,14,4,5,2
117,14,5,5,3
117,14,3,2,9997
117,14,1,1,9997
117,14,0,[NULL],9998
118,13,4,5,2
118,13,"2,3,5,6","1,5",2
118,13,"3,5,6","0,5",2
118,13,0,2,4
118,13,"5,6",[NULL],9000
118,13,6,[NULL],9000
118,13,1,5,9998
119,12,5,4,2
119,12,"4,7","0,1,2",2
119,12,"2,7",2,2
119,12,7,[NULL],9995
119,12,3,[NULL],9995
119,12,6,5,9997
119,12,0,[NULL],9997
119,12,1,0,9998
120,11,"4,5,7",1,2
120,11,6,2,2
120,11,7,3,3
120,11,"0,2",[NULL],9992
120,11,3,[NULL],9993
120,11,2,0,9994
120,11,"1,5",[NULL],9996
120,11,5,5,9998
121,10,1,[NULL],9000
121,10,0,2,9998
122,9,0,"0,1",9997
123,8,"1,2,3",1,3
123,8,"0,2,4",[NULL],9996
123,8,"2,3,4",[NULL],9996
123,8,4,"2,4",9997
123,8,3,1,9998
124,7,4,[NULL],9994
124,7,"1,3",[NULL],9997
124,7,3,3,9998
124,7,0,"1,2,3",9998
124,7,2,"3,6",9998
125,6,2,0,3
125,6,4,10,9995
125,6,3,"6,8,9",9997
125,6,0,[NULL],9997
125,6,1,"3,4",9998
126,5,3,0,2
126,5,4,[NULL],9994
126,5,"0,1",[NULL],9995
126,5,2,[NULL],9997
126,5,1,[NULL],9997
127,4,2,[NULL],9995
127,4,0,[NULL],9995
127,4,1,2,9998
128,3,1,[NULL],9000
128,3,0,[NULL],9991
129,2,3,[NULL],9000
129,2,2,[NULL],9000
129,2,1,[NULL],9992
129,2,0,[NULL],9993
130,1,0,0,9998
130,1,1,1,9998
89,43,0,[NULL],9000
92,40,0,0,2
93,39,0,0,9998
94,38,0,0,3
95,37,0,0,9997
102,30,0,0,2
103,29,0,0,2
103,29,1,0,9998
104,28,0,1,9998
106,26,0,2,2
107,25,0,"1,2",9997
109,23,0,2,2
110,22,1,1,9997
110,22,0,1,9998
112,20,0,2,2
113,19,"2,3",3,2
113,19,4,"1,2",2
113,19,0,[NULL],9000
113,19,3,"1,2",9997
113,19,1,2,9998
114,18,4,0,3
114,18,"3,5",1,4
114,18,0,[NULL],9000
114,18,"1,2",[NULL],9000
114,18,5,1,9997
114,18,2,1,9998
115,17,1,0,2
115,17,0,[NULL],9000
116,16,1,4,3
116,16,"3,4",5,3
116,16,5,[NULL],9000
116,16,4,[NULL],9000
116,16,2,[NULL],9000
116,16,0,1,9998
117,15,5,"0,1",2
117,15,2,"6,7",3
117,15,6,[NULL],9000
117,15,1,[NULL],9000
117,15,3,4,9997
117,15,0,"4,5",9997
117,15,4,4,9998
118,14,0,1,2
118,14,2,"3,4,5",3
118,14,1,[NULL],9000
118,14,4,[NULL],9000
118,14,3,6,9997
119,13,5,1,2
119,13,4,3,9997
119,13,2,[NULL],9997
119,13,3,1,9998
119,13,0,[NULL],9998
119,13,1,[NULL],9998
120,12,2,0,2
120,12,3,[NULL],9997
120,12,1,[NULL],9997
120,12,0,"2,3",9998
121,11,3,[NULL],9996
121,11,2,3,9998
121,11,1,"1,5",9998
121,11,0,"1,3",9998
122,10,1,3,2
122,10,"0,4",0,3
122,10,4,[NULL],9995
122,10,2,[NULL],9995
122,10,3,"2,3",9998
123,9,3,3,2
123,9,"1,2","0,1",2
123,9,6,"2,3",2
123,9,"0,5",0,3
123,9,4,4,9995
123,9,2,"1,2,4",9998
123,9,5,5,9998
124,8,"3,4",1,2
124,8,7,7,9996
124,8,6,[NULL],9996
124,8,2,[NULL],9996
124,8,"1,4","0,4",9997
124,8,"0,4","3,4",9997
124,8,4,4,9998
124,8,5,"4,8",9998
125,7,6,[NULL],9992
125,7,5,[NULL],9996
125,7,4,[NULL],9996
125,7,1,1,9997
125,7,2,7,9998
125,7,3,"4,5,6,7,8",9998
125,7,0,[NULL],9998
126,6,2,1,2
126,6,3,[NULL],9992
126,6,1,7,9996
126,6,0,[NULL],9996
127,5,"0,1,2",[NULL],9996
127,5,2,"7,10",9997
127,5,1,[NULL],9997
127,5,3,10,9998
128,4,1,[NULL],9995
128,4,2,"2,7",9998
128,4,0,7,9998
129,3,0,0,2
129,3,1,1,2
130,2,0,2,9998
130,2,1,4,9998
89,44,0,[NULL],9000
92,41,0,0,2
93,40,0,0,3
94,39,0,1,3
95,38,0,0,9997
96,37,0,0,3
102,31,0,1,2
103,30,1,0,2
103,30,0,1,9996
106,27,0,1,9998
107,26,0,0,9996
108,25,0,1,9998
109,24,1,0,2
109,24,0,1,9998
110,23,1,2,9998
110,23,0,0,9998
111,22,1,0,3
111,22,0,0,9998
112,21,2,1,2
112,21,1,0,9998
112,21,0,"1,2",9998
113,20,1,2,2
113,20,2,"2,3",3
113,20,0,0,9998
114,19,1,1,3
114,19,"0,3",[NULL],9000
114,19,3,[NULL],9000
114,19,2,2,9998
115,18,1,0,2
115,18,2,[NULL],9000
115,18,0,[NULL],9000
116,17,4,"1,4",2
116,17,2,3,3
116,17,1,1,3
116,17,5,2,9997
116,17,3,2,9998
116,17,0,"2,3",9998
117,16,"4,7",4,4
117,16,5,[NULL],9000
117,16,7,[NULL],9000
117,16,0,[NULL],9000
117,16,3,[NULL],9000
117,16,"1,2",[NULL],9000
117,16,6,[NULL],9000
117,16,2,1,9998
118,15,1,3,2
118,15,5,6,3
118,15,3,[NULL],9000
118,15,2,[NULL],9000
118,15,4,[NULL],9974
118,15,0,[NULL],9998
119,14,"2,3",0,2
119,14,4,[NULL],9995
119,14,0,2,9997
119,14,5,4,9997
119,14,"1,3",[NULL],9997
119,14,3,1,9998
120,13,3,2,2
120,13,"1,5",1,2
120,13,5,"0,1,2",2
120,13,4,[NULL],9993
120,13,2,0,9998
120,13,0,[NULL],9998
121,12,"2,3",3,2
121,12,"0,1",0,3
121,12,3,[NULL],9993
121,12,4,[NULL],9995
121,12,1,0,9998
122,11,"1,2,4",2,2
122,11,5,5,2
122,11,"2,4","2,3",3
122,11,3,[NULL],9987
122,11,4,2,9998
122,11,0,1,9998
123,10,4,4,2
123,10,8,"4,5",2
123,10,6,[NULL],9995
123,10,5,1,9997
123,10,"0,2",[NULL],9997
123,10,2,[NULL],9997
123,10,3,[NULL],9997
123,10,"1,7",[NULL],9997
123,10,7,3,9998
124,9,7,2,2
124,9,"4,5,6,8","2,3",2
124,9,"6,8,9",3,3
124,9,9,[NULL],9000
124,9,5,[NULL],9994
124,9,8,4,9995
124,9,"1,2",[NULL],9997
124,9,2,[NULL],9997
124,9,0,[NULL],9997
124,9,3,"1,3,4",9998
125,8,9,[NULL],9993
125,8,"6,7,8",[NULL],9996
125,8,"7,8",[NULL],9996
125,8,2,[NULL],9996
125,8,8,[NULL],9996
125,8,1,8,9997
125,8,5,"3,10",9997
125,8,0,"5,6",9998
125,8,3,6,9998
125,8,4,"5,6,7",9998
126,7,10,3,2
126,7,"8,9",[NULL],9995
126,7,9,[NULL],9996
126,7,"0,1",9,9997
126,7,7,"6,9",9997
126,7,4,"6,10",9997
126,7,1,[NULL],9997
126,7,3,[NULL],9997
126,7,5,[NULL],9997
126,7,6,"4,7,8",9998
126,7,2,4,9998
127,6,"2,7",2,2
127,6,7,0,2
127,6,8,[NULL],9993
127,6,"4,5",[NULL],9995
127,6,5,"6,9",9997
127,6,6,"6,7,9,11",9997
127,6,9,[NULL],9997
127,6,3,9,9998
127,6,0,[NULL],9998
127,6,1,[NULL],9998
128,5,3,[NULL],9994
128,5,4,[NULL],9997
128,5,"2,5,6",[NULL],9997
128,5,"5,6",7,9998
128,5,6,10,9998
128,5,0,[NULL],9998
128,5,1,[NULL],9998
129,4,2,0,2
129,4,4,1,2
129,4,3,[NULL],9993
129,4,1,[NULL],9995
129,4,0,[NULL],9995
130,3,2,[NULL],9000
130,3,1,[NULL],9000
130,3,0,[NULL],9992
131,2,0,[NULL],9992
94,40,0,0,3
95,39,"0,1",0,9996
95,39,1,0,9997
96,38,0,1,9998
97,37,0,0,4
98,36,0,0,9998
99,35,0,0,9996
100,34,0,0,4
101,33,1,2,4
101,33,0,[NULL],9000
102,32,1,1,9996
102,32,0,0,9998
103,31,0,1,9996
104,30,0,1,4
105,29,1,0,2
105,29,0,0,4
106,28,"1,2",0,3
106,28,2,1,9996
106,28,0,0,9998
107,27,1,0,2
107,27,0,1,9998
108,26,1,0,2
108,26,0,0,4
109,25,2,1,2
109,25,0,0,2
109,25,1,1,3
110,24,0,0,2
110,24,1,2,9997
110,24,2,0,9998
111,23,0,1,2
111,23,"1,2",0,2
111,23,2,"0,2",9996
112,22,0,0,2
112,22,"1,2",3,3
112,22,2,4,4
113,21,2,2,2
113,21,1,5,3
113,21,0,0,9998
114,20,0,1,9996
114,20,1,0,9998
115,19,2,3,2
115,19,3,"0,3",2
115,19,0,5,5
115,19,1,1,9997
116,18,1,1,2
116,18,4,3,3
116,18,5,"0,3",3
116,18,"2,3",0,9996
116,18,0,0,9997
116,18,3,1,9998
117,17,6,3,3
117,17,2,[NULL],9000
117,17,3,[NULL],9000
117,17,1,[NULL],9000
117,17,4,1,9997
117,17,5,2,9998
117,17,0,"2,3",9998
118,16,1,3,2
118,16,3,4,3
118,16,2,2,9996
118,16,4,5,9998
118,16,0,[NULL],9998
119,15,0,2,2
119,15,1,[NULL],9000
120,14,0,0,2
120,14,1,2,9997
121,13,2,4,2
121,13,1,0,2
121,13,0,[NULL],9994
122,12,3,1,2
122,12,4,[NULL],9988
122,12,2,[NULL],9997
122,12,"0,1",[NULL],9997
122,12,1,[NULL],9997
123,11,"1,3,4","3,7",2
123,11,"0,4","1,4",3
123,11,"3,4","0,4",3
123,11,4,[NULL],9000
123,11,2,"0,4",9998
124,10,"5,6",0,2
124,10,6,3,2
124,10,7,"0,4",2
124,10,1,1,3
124,10,0,[NULL],9995
124,10,"2,3","0,4",9996
124,10,3,5,9998
124,10,4,"5,6",9998
125,9,"4,7,8",6,2
125,9,"7,8","2,6",2
125,9,8,[NULL],9994
125,9,10,9,9997
125,9,2,[NULL],9997
125,9,"0,5",[NULL],9997
125,9,3,"1,2,4,5,9",9998
125,9,6,"4,5",9998
125,9,5,5,9998
125,9,1,"5,6,9",9998
125,9,9,6,9998
126,8,9,3,2
126,8,"7,10",2,3
126,8,6,1,9996
126,8,"0,2,5,10,12","6,7,11",9997
126,8,10,4,9997
126,8,11,10,9997
126,8,"8,12",[NULL],9997
126,8,4,[NULL],9997
126,8,12,11,9998
126,8,"2,5",[NULL],9998
126,8,1,[NULL],9998
126,8,5,[NULL],9998
126,8,3,[NULL],9998
127,7,7,2,2
127,7,10,6,2
127,7,11,[NULL],9000
127,7,9,[NULL],9987
127,7,6,[NULL],9994
127,7,8,[NULL],9996
127,7,5,5,9998
127,7,"2,3,4","3,4,6,7,8,10",9998
127,7,"1,3,4","3,4,6,7,8,9,11",9998
127,7,0,"3,4,6,7,9,11",9998
127,7,"3,4",[NULL],9998
127,7,4,[NULL],9998
128,6,4,[NULL],9995
128,6,3,[NULL],9995
128,6,2,[NULL],9995
128,6,1,[NULL],9997
128,6,0,"1,8",9998
90,45,0,[NULL],9000
91,44,0,[NULL],9000
94,41,0,0,3
95,40,1,0,2
95,40,0,0,9996
96,39,0,1,9998
97,38,0,0,2
101,34,0,0,2
102,33,0,0,9998
105,30,0,0,2
106,29,1,0,2
106,29,0,0,9998
107,28,0,0,9997
109,26,0,2,2
110,25,0,1,9998
112,23,0,"0,2",2
113,22,0,1,2
113,22,1,1,9998
114,21,1,[NULL],9000
114,21,0,1,9998
115,20,1,3,2
115,20,2,5,3
115,20,0,[NULL],9000
116,19,2,5,2
116,19,3,"0,1,5",2
116,19,4,[NULL],9000
116,19,"0,1",[NULL],9000
116,19,1,"1,2",9997
117,18,5,4,2
117,18,"1,3",[NULL],9000
117,18,"3,4",[NULL],9000
117,18,0,1,9997
117,18,"2,4",2,9997
117,18,4,3,9998
118,17,2,0,3
118,17,4,5,3
118,17,3,[NULL],9000
118,17,5,[NULL],9000
118,17,1,[NULL],9000
118,17,0,[NULL],9000
119,16,0,[NULL],9000
119,16,1,[NULL],9000
120,15,"0,1,2",[NULL],9997
120,15,"1,2",[NULL],9997
120,15,2,1,9998
121,14,3,[NULL],9994
121,14,"0,2",[NULL],9995
121,14,2,[NULL],9997
121,14,1,[NULL],9997
122,13,"0,4","2,3",2
122,13,1,5,3
122,13,4,[NULL],9000
122,13,3,[NULL],9989
122,13,2,4,9997
123,12,5,3,2
123,12,6,"3,4",2
123,12,7,7,4
123,12,4,[NULL],9000
123,12,3,"0,1",9997
123,12,0,[NULL],9997
123,12,1,[NULL],9997
123,12,2,"3,4",9998
124,11,"1,2,4,5,9",3,2
124,11,"4,5",6,2
124,11,5,5,2
124,11,"6,9","1,5",2
124,11,9,"1,5,9",2
124,11,8,1,3
124,11,"3,10",5,3
124,11,10,4,5
124,11,0,[NULL],9995
124,11,"2,7",2,9996
124,11,7,4,9998
125,10,11,8,2
125,10,9,"0,1",3
125,10,6,"0,1,7,10",3
125,10,10,"0,1,4,7,10",3
125,10,7,1,4
125,10,"3,5",[NULL],9995
125,10,5,[NULL],9996
125,10,4,[NULL],9996
125,10,1,2,9997
125,10,2,7,9998
125,10,"0,8","2,7",9998
125,10,8,8,9998
126,9,5,5,2
126,9,"3,4,6,7,8,10","2,3,4",2
126,9,"9,10,11","1,2",2
126,9,8,"0,1,3,4,7",2
126,9,7,[NULL],2
126,9,"6,10,11",5,3
126,9,11,"5,6",3
126,9,12,[NULL],9000
126,9,10,[NULL],9985
126,9,"2,4",[NULL],9996
126,9,4,"4,8,9",9998
126,9,0,9,9998
126,9,1,[NULL],9998
127,8,"1,8",0,2
127,8,"10,12",[NULL],9993
127,8,11,[NULL],9995
127,8,"2,3,4,8,9",[NULL],9995
127,8,12,[NULL],9995
127,8,8,[NULL],9995
127,8,"3,4,9",[NULL],9995
127,8,"4,5,9",[NULL],9997
127,8,"5,6,9",[NULL],9997
127,8,0,[NULL],9997
127,8,6,4,9998
127,8,7,6,9998
127,8,9,10,9998
128,7,6,[NULL],9990
128,7,5,[NULL],9991
128,7,4,[NULL],9993
128,7,1,[NULL],9996
128,7,"0,3",[NULL],9996
128,7,3,7,9997
128,7,2,"4,9",9998
129,6,6,[NULL],9991
129,6,4,[NULL],9994
129,6,"1,3",[NULL],9994
129,6,5,[NULL],9996
129,6,2,[NULL],9996
129,6,3,"8,9",9997
129,6,0,"2,4,6",9998
130,5,4,[NULL],9993
130,5,3,[NULL],9994
130,5,"1,2",[NULL],9994
130,5,0,[NULL],9995
130,5,2,[NULL],9997
131,4,0,3,9998
132,3,1,[NULL],9000
132,3,0,[NULL],9992
133,2,2,[NULL],9992
133,2,3,[NULL],9993
133,2,1,[NULL],9993
133,2,0,[NULL],9995
134,1,0,0,9998
134,1,1,1,9998
91,45,0,[NULL],9000
94,42,0,0,3
95,41,1,0,2
95,41,0,0,9996
96,40,0,1,9996
101,35,0,0,2
102,34,1,0,4
102,34,0,"0,1",9998
105,31,0,0,2
106,30,0,0,4
109,27,1,0,2
109,27,2,1,3
109,27,0,1,9998
110,26,1,2,9998
110,26,0,"1,2",9998
111,25,0,1,9998
112,24,1,1,2
112,24,0,1,9998
113,23,1,0,2
113,23,0,0,9998
114,22,1,1,3
114,22,0,0,9998
115,21,0,0,3
115,21,2,1,9998
115,21,1,0,9998
116,20,3,4,2
116,20,1,4,3
116,20,0,[NULL],9000
116,20,2,1,9996
117,19,0,[NULL],9000
118,18,1,[NULL],9000
118,18,0,[NULL],9000
119,17,1,2,2
119,17,2,1,3
119,17,0,0,6
120,16,4,"1,2",9996
120,16,"1,3",5,9997
120,16,3,3,9998
120,16,2,4,9998
120,16,0,[NULL],9998
121,15,"2,5",[NULL],9000
121,15,3,[NULL],9995
121,15,5,[NULL],9995
121,15,4,[NULL],9996
121,15,0,[NULL],9998
121,15,1,[NULL],9998
122,14,"3,4",2,2
122,14,4,4,5
122,14,2,2,9997
122,14,0,"5,6",9998
122,14,1,5,9998
123,13,4,1,2
123,13,3,[NULL],9000
123,13,5,[NULL],9000
123,13,0,4,9996
123,13,1,0,9997
123,13,2,3,9997
124,12,7,2,2
124,12,2,"0,2,8",2
124,12,8,8,2
124,12,9,10,3
124,12,"1,3,5",[NULL],9994
124,12,5,[NULL],9994
124,12,4,[NULL],9994
124,12,3,[NULL],9996
124,12,0,[NULL],9996
124,12,6,5,9997
125,11,"4,8,9",4,2
125,11,9,"0,6",2
125,11,"6,7,11","0,2,5,10,12",3
125,11,8,7,3
125,11,10,11,3
125,11,7,[NULL],9000
125,11,11,7,9996
125,11,5,[NULL],9996
125,11,3,[NULL],9997
125,11,0,[NULL],9997
125,11,2,4,9998
125,11,1,7,9998
126,10,4,6,2
126,10,6,7,2
126,10,10,9,2
126,10,7,6,9995
126,10,"11,12",[NULL],9995
126,10,8,[NULL],9995
126,10,12,6,9997
126,10,5,[NULL],9997
126,10,3,[NULL],9997
126,10,"1,9",[NULL],9997
126,10,2,[NULL],9997
126,10,9,6,9998
126,10,0,7,9998
127,9,"4,9",2,2
127,9,8,[NULL],9994
127,9,"6,12",[NULL],9994
127,9,12,[NULL],9994
127,9,13,[NULL],9994
127,9,11,"1,3",9996
127,9,10,[NULL],9996
127,9,7,[NULL],9996
127,9,2,[NULL],9996
127,9,9,7,9998
127,9,5,2,9998
127,9,3,"5,6,7",9998
127,9,0,[NULL],9998
127,9,1,[NULL],9998
128,8,"2,4,6",0,2
128,8,9,[NULL],9000
128,8,8,[NULL],9991
128,8,3,[NULL],9991
128,8,"4,6",[NULL],9994
128,8,6,[NULL],9994
128,8,5,[NULL],9996
128,8,7,6,9997
128,8,"0,1",[NULL],9997
128,8,1,"8,9",9998
129,7,5,[NULL],9988
129,7,4,7,9998
129,7,3,"9,10",9998
129,7,"0,1,2",6,9998
129,7,"1,2",[NULL],9998
129,7,2,[NULL],9998
130,6,3,0,2
130,6,0,[NULL],9995
130,6,1,[NULL],9995
130,6,2,"5,12",9998
131,5,2,[NULL],9995
131,5,0,[NULL],9996
131,5,1,[NULL],9997
132,4,0,"1,4",9997
133,3,0,0,2
133,3,1,1,2
134,2,0,0,9998
134,2,1,2,9998
91,46,0,[NULL],9000
94,43,0,"0,1",4
95,42,0,[NULL],9000
98,39,0,0,4
99,38,0,0,9998
100,37,0,0,9997
101,36,"0,1",0,2
101,36,1,1,4
102,35,1,0,4
102,35,0,0,9998
103,34,0,"0,1",9996
104,33,1,0,9996
104,33,0,0,9998
105,32,1,2,4
105,32,0,0,9998
106,31,0,0,3
107,30,0,0,9996
108,29,1,0,2
108,29,0,0,9996
109,28,2,1,2
109,28,1,"0,1",2
109,28,0,0,9998
110,27,1,0,2
110,27,"0,2",1,4
110,27,2,1,9998
111,26,1,0,2
111,26,0,1,9998
112,25,0,0,2
112,25,1,0,9996
113,24,0,0,2
113,24,1,0,4
114,23,1,2,2
114,23,0,1,2
115,22,"1,2",1,3
115,22,0,"2,3",4
115,22,2,0,9996
116,21,1,0,3
116,21,2,"2,4",3
116,21,0,0,9998
117,20,2,2,4
117,20,0,[NULL],9000
117,20,1,1,9997
118,19,4,[NULL],9000
118,19,2,[NULL],9000
118,19,3,[NULL],9000
118,19,0,[NULL],9000
118,19,1,[NULL],9000
119,18,3,3,2
119,18,4,2,2
119,18,2,[NULL],9000
119,18,1,2,9996
119,18,0,2,9998
120,17,4,[NULL],9000
120,17,"0,3",[NULL],9000
120,17,2,[NULL],9000
120,17,1,2,9997
120,17,3,4,9998
121,16,"5,6",0,2
121,16,6,"0,1",2
121,16,4,2,3
121,16,"0,1,2,3",[NULL],9996
121,16,3,1,9998
121,16,"1,2","1,3",9998
121,16,2,"0,2,3",9998
122,15,"0,1",3,3
122,15,4,[NULL],9991
122,15,2,[NULL],9991
122,15,3,[NULL],9991
122,15,1,[NULL],9991
123,14,"0,4","2,3",4
123,14,4,8,5
123,14,2,"1,2",9997
123,14,3,1,9998
123,14,1,"1,2",9998
124,13,4,2,2
124,13,7,"0,1",2
124,13,2,1,3
124,13,6,[NULL],9000
124,13,5,[NULL],9995
124,13,8,6,9997
124,13,3,[NULL],9997
124,13,0,"3,4",9998
124,13,1,4,9998
125,12,6,9,2
125,12,7,"0,2,4,5",2
125,12,1,6,4
125,12,4,[NULL],9000
125,12,5,5,9997
125,12,2,3,9998
125,12,3,5,9998
125,12,0,[NULL],9998
126,11,7,9,2
126,11,2,5,2
126,11,"5,6","3,4",2
126,11,1,[NULL],9000
126,11,6,5,9996
126,11,3,[NULL],9996
126,11,0,[NULL],9996
126,11,4,4,9998
127,10,"8,9",0,2
127,10,7,3,3
127,10,9,[NULL],9000
127,10,"0,4",[NULL],9995
127,10,"1,2,3",[NULL],9997
127,10,2,[NULL],9997
127,10,5,1,9998
127,10,"4,6",2,9998
127,10,3,"2,3,5",9998
127,10,6,"2,5",9998
128,9,7,4,2
128,9,"9,10",3,2
128,9,6,"0,1,2",2
128,9,"8,10",3,3
128,9,10,[NULL],9000
128,9,4,[NULL],9997
128,9,5,5,9998
128,9,0,[NULL],9998
128,9,1,[NULL],9998
128,9,2,[NULL],9998
128,9,3,[NULL],9998
129,8,"5,12",2,2
129,8,12,[NULL],9000
129,8,6,[NULL],9991
129,8,7,[NULL],9991
129,8,8,[NULL],9991
129,8,11,[NULL],9993
129,8,9,[NULL],9996
129,8,"0,1,3,4",[NULL],9996
129,8,10,[NULL],9996
129,8,"1,3,4",[NULL],9998
129,8,"3,4",[NULL],9998
129,8,2,[NULL],9998
129,8,4,[NULL],9998
130,7,"8,9",[NULL],9995
130,7,10,[NULL],9995
130,7,7,[NULL],9995
130,7,"3,4,5,6,9",11,9997
130,7,9,[NULL],9997
130,7,1,[NULL],9997
130,7,2,[NULL],9997
130,7,"5,6",[NULL],9997
130,7,6,[NULL],9997
130,7,4,"2,4,6",9998
130,7,0,"2,6",9998
131,6,7,[NULL],9992
131,6,5,[NULL],9993
131,6,4,[NULL],9994
131,6,3,"6,7,9",9997
131,6,6,[NULL],9997
131,6,0,[NULL],9997
131,6,"1,2",[NULL],9997
131,6,2,[NULL],9997
132,5,4,[NULL],9993
132,5,2,[NULL],9995
132,5,1,"2,4,7",9998
132,5,3,5,9998
132,5,0,0,9998
133,4,0,0,2
133,4,2,1,2
133,4,3,[NULL],9000
133,4,1,12,9997
134,3,2,[NULL],9985
134,3,5,[NULL],9990
134,3,4,[NULL],9991
134,3,1,[NULL],9992
134,3,0,3,9998
134,3,3,4,9998
135,2,1,[NULL],9991
135,2,2,[NULL],9991
135,2,0,[NULL],9993
94,44,0,0,4
95,43,0,[NULL],9000
98,40,0,0,2
99,39,0,0,9998
101,37,0,0,2
102,36,0,0,9998
103,35,0,0,2
104,34,0,0,2
105,33,0,0,9998
108,30,0,0,2
109,29,1,2,2
109,29,0,"0,1,2",9997
110,28,1,0,2
110,28,0,1,9997
115,23,0,0,2
116,22,0,1,9997
118,20,2,0,2
118,20,0,[NULL],9000
118,20,1,1,9998
119,19,4,3,2
119,19,5,"1,3",3
119,19,2,[NULL],9000
119,19,"0,1",[NULL],9000
119,19,3,[NULL],9000
119,19,1,[NULL],9000
120,18,1,3,2
120,18,3,"1,2,3",2
120,18,"0,2","0,2",2
120,18,2,1,9997
121,17,2,2,3
121,17,3,4,9997
121,17,1,1,9998
121,17,0,2,9998
122,16,1,"0,3",2
122,16,2,"0,1,2,3",2
122,16,0,1,3
122,16,3,2,3
123,15,"3,4",0,2
123,15,4,1,2
123,15,5,"1,3,6,7",3
123,15,2,"2,7",4
123,15,"0,1",[NULL],9000
123,15,6,3,9997
123,15,1,2,9998
124,14,3,2,2
124,14,5,3,2
124,14,4,[NULL],9000
124,14,"6,7",[NULL],9996
124,14,0,[NULL],9996
124,14,8,4,9997
124,14,1,"3,4",9998
124,14,7,4,9998
124,14,2,5,9998
125,13,4,4,2
125,13,6,12,3
125,13,"5,7",[NULL],9994
125,13,7,5,9997
125,13,"2,3","3,5",9997
125,13,3,[NULL],9997
125,13,1,"4,6",9998
125,13,0,1,9998
126,12,1,5,2
126,12,2,"2,4,6",2
126,12,"3,5","1,2,4,6",2
126,12,5,"2,4",2
126,12,6,[NULL],9996
126,12,4,"7,10",9998
126,12,"0,7","6,7",9998
126,12,7,10,9998
127,11,5,5,2
127,11,6,7,3
127,11,"7,8",[NULL],9000
127,11,"3,4",[NULL],9000
127,11,2,[NULL],9000
127,11,8,7,9996
127,11,4,[NULL],9996
127,11,1,[NULL],9996
127,11,0,4,9998
128,10,7,[NULL],9992
128,10,6,[NULL],9993
128,10,"0,2",4,9995
128,10,2,[NULL],9996
128,10,"1,3",[NULL],9996
128,10,3,[NULL],9996
128,10,"4,5",1,9997
128,10,5,5,9998
129,9,"2,4,6","4,5",2
129,9,4,"0,1,2,4",2
129,9,6,[NULL],9994
129,9,5,9,9996
129,9,3,[NULL],9996
129,9,1,[NULL],9997
129,9,0,7,9998
130,8,5,[NULL],9000
130,8,"1,2",[NULL],9996
130,8,3,[NULL],9996
130,8,0,[NULL],9997
130,8,2,"5,6",9998
130,8,6,12,9998
130,8,4,9,9998
131,7,"2,4,7",1,2
131,7,5,3,2
131,7,0,0,2
131,7,"1,4",0,3
131,7,6,[NULL],9989
131,7,7,[NULL],9994
131,7,4,[NULL],9996
131,7,3,[NULL],9997
132,6,"6,7",[NULL],9995
132,6,7,4,9996
132,6,0,[NULL],9997
132,6,1,[NULL],9997
132,6,5,[NULL],9997
132,6,"2,4",[NULL],9997
132,6,4,"2,11",9998
132,6,3,1,9998
133,5,3,0,2
133,5,4,3,2
133,5,2,[NULL],9996
133,5,"0,1","4,6,14",9998
133,5,1,[NULL],9998
134,4,2,[NULL],9990
134,4,1,[NULL],9992
134,4,3,[NULL],9995
134,4,0,[NULL],9996
135,3,1,[NULL],9992
135,3,0,[NULL],9997
94,45,0,0,4
95,44,1,0,4
95,44,0,[NULL],9000
98,41,0,0,2
99,40,0,0,3
101,38,0,0,2
102,37,0,1,9998
104,35,0,0,2
105,34,0,1,9998
108,31,0,1,9998
109,30,0,1,9996
111,28,0,0,9998
112,27,0,1,9998
113,26,0,1,9998
114,25,0,1,9998
115,24,1,2,4
115,24,0,1,9998
116,23,1,1,3
116,23,0,0,9998
117,22,1,1,2
117,22,0,0,9998
118,21,"2,3",[NULL],9000
118,21,3,[NULL],9000
118,21,1,2,9998
118,21,0,1,9998
119,20,2,1,3
119,20,1,4,4
119,20,3,[NULL],9000
119,20,0,"1,2",9998
120,19,1,1,2
120,19,2,0,2
120,19,3,[NULL],9000
120,19,0,[NULL],9000
121,18,0,2,9997
121,18,1,2,9998
122,17,2,1,2
122,17,1,2,3
122,17,4,0,4
122,17,3,[NULL],9000
122,17,0,1,9997
123,16,"3,4",1,2
123,16,4,7,2
123,16,5,2,2
123,16,6,8,3
123,16,1,[NULL],9000
123,16,0,[NULL],9000
123,16,2,2,9998
124,15,"4,6",1,2
124,15,1,0,2
124,15,5,5,3
124,15,7,11,4
124,15,6,[NULL],9000
124,15,3,"0,3",9997
124,15,2,3,9998
124,15,0,"1,2",9998
125,14,"7,10",4,2
125,14,"6,10","0,4,7",2
125,14,10,7,2
125,14,9,[NULL],9000
125,14,8,2,9997
125,14,4,[NULL],9997
125,14,5,[NULL],9997
125,14,3,[NULL],9997
125,14,2,"1,4",9998
125,14,0,[NULL],9998
125,14,1,[NULL],9998
126,13,4,0,2
126,13,"1,3",11,4
126,13,6,[NULL],9000
126,13,7,[NULL],9989
126,13,8,[NULL],9989
126,13,3,[NULL],9997
126,13,5,4,9998
126,13,0,[NULL],9998
126,13,2,[NULL],9998
127,12,5,5,2
127,12,3,[NULL],9000
127,12,4,[NULL],9000
127,12,1,[NULL],9997
127,12,0,[NULL],9997
127,12,2,3,9998
128,11,7,"0,3",2
128,11,5,[NULL],9994
128,11,1,[NULL],9997
128,11,"2,3",[NULL],9997
128,11,"0,4,6",[NULL],9997
128,11,3,[NULL],9997
128,11,4,"4,5",9998
128,11,6,4,9998
129,10,"5,6",2,2
129,10,12,6,2
129,10,9,4,2
129,10,11,"3,4,5,6,9",3
129,10,"7,8","3,4,5,7",9995
129,10,"4,10",[NULL],9995
129,10,10,[NULL],9996
129,10,6,[NULL],9996
129,10,"1,2,8",8,9997
129,10,8,"1,2,3,7,8",9997
129,10,2,[NULL],9997
129,10,0,[NULL],9997
129,10,3,"7,8",9998
130,9,"6,7,9",3,3
130,9,"9,10",[NULL],9987
130,9,12,[NULL],9989
130,9,8,[NULL],9991
130,9,11,[NULL],9991
130,9,13,[NULL],9992
130,9,"3,4",[NULL],9995
130,9,"5,7",[NULL],9995
130,9,10,[NULL],9995
130,9,"2,7",[NULL],9997
130,9,4,[NULL],9997
130,9,0,[NULL],9997
130,9,1,5,9998
130,9,7,4,9998
131,8,"2,11",4,2
131,8,1,"2,3,4",2
131,8,13,[NULL],9991
131,8,11,[NULL],9994
131,8,9,[NULL],9994
131,8,"6,10",[NULL],9995
131,8,"3,4,8,10",3,9997
131,8,"8,10","3,5",9997
131,8,12,[NULL],9997
131,8,10,[NULL],9997
131,8,4,[NULL],9997
131,8,5,1,9998
131,8,7,4,9998
131,8,0,[NULL],9998
132,7,"4,6,14","0,1",2
132,7,12,1,3
132,7,14,[NULL],9991
132,7,15,[NULL],9994
132,7,"7,13",[NULL],9994
132,7,13,[NULL],9995
132,7,9,[NULL],9995
132,7,11,"5,10,11,13",9996
132,7,"0,2,3,5,6",[NULL],9996
132,7,8,[NULL],9996
132,7,6,3,9998
132,7,5,8,9998
132,7,10,"5,8",9998
132,7,"2,3",[NULL],9998
132,7,1,[NULL],9998
132,7,3,[NULL],9998
133,6,11,[NULL],9990
133,6,10,[NULL],9990
133,6,8,[NULL],9994
133,6,"5,7",[NULL],9994
133,6,"4,7",[NULL],9994
133,6,7,10,9997
133,6,9,[NULL],9997
133,6,"1,2,3,6",[NULL],9997
133,6,6,[NULL],9997
133,6,3,[NULL],9997
133,6,0,[NULL],9998
133,6,2,[NULL],9998
134,5,4,[NULL],9994
134,5,"1,3",[NULL],9995
134,5,3,[NULL],9995
134,5,2,[NULL],9997
134,5,0,[NULL],9997
135,4,3,[NULL],9000
135,4,4,[NULL],9000
135,4,2,[NULL],9990
135,4,"0,1",[NULL],9997
135,4,1,0,9998
136,3,4,[NULL],9000
136,3,2,[NULL],9000
136,3,3,[NULL],9000
136,3,1,[NULL],9992
136,3,0,[NULL],9998
137,2,0,2,9998
95,45,0,[NULL],9000
97,43,0,0,9998
98,42,0,0,9998
101,39,1,0,2
101,39,0,0,9996
102,38,"0,1",0,4
102,38,1,0,9998
103,37,0,1,4
104,36,1,0,2
104,36,0,0,9996
105,35,0,0,9996
106,34,0,0,4
107,33,1,0,2
107,33,0,0,4
108,32,"0,1,2",0,3
108,32,2,0,9996
108,32,1,0,9998
109,31,1,0,3
109,31,0,"0,1",9998
110,30,0,0,2
111,29,1,0,2
111,29,0,1,4
112,28,1,0,2
112,28,0,0,9998
113,27,1,0,2
113,27,0,0,9997
114,26,1,0,2
114,26,0,2,4
115,25,0,0,2
115,25,1,0,3
116,24,0,0,2
116,24,1,0,9996
117,23,2,1,2
117,23,1,0,2
117,23,0,0,9998
118,22,"1,2",0,2
118,22,2,1,4
118,22,0,0,9998
119,21,1,2,3
119,21,0,[NULL],9000
119,21,2,1,9998
120,20,2,1,2
120,20,4,3,3
120,20,0,[NULL],9000
120,20,3,[NULL],9000
120,20,1,1,9996
121,19,1,1,9996
121,19,0,0,9997
121,19,2,1,9998
122,18,2,2,2
122,18,3,6,3
122,18,0,1,9997
122,18,1,0,9998
123,17,3,2,2
123,17,"1,2",0,2
123,17,4,8,3
123,17,"0,2",[NULL],9000
123,17,2,2,9998
124,16,"1,4",2,2
124,16,5,5,3
124,16,3,"2,3,5",3
124,16,4,"3,4",9998
124,16,2,"1,2,4",9998
124,16,0,[NULL],9998
125,15,4,5,2
125,15,5,"1,6",4
125,15,6,7,5
125,15,"0,3",[NULL],9000
125,15,3,[NULL],9992
125,15,2,0,9998
125,15,1,[NULL],9998
126,14,3,2,2
126,14,4,3,9998
126,14,0,"2,3",9998
126,14,2,"2,4",9998
126,14,1,[NULL],9998
127,13,"4,5",4,2
127,13,5,"4,6",2
127,13,1,"4,5",3
127,13,2,1,9998
127,13,0,5,9998
127,13,3,"3,4,8",9998
128,12,"7,8",3,2
128,12,3,[NULL],9000
128,12,"4,5,8",[NULL],9000
128,12,"5,8",[NULL],9995
128,12,8,4,9996
128,12,6,10,9998
128,12,0,[NULL],9998
128,12,1,[NULL],9998
128,12,2,[NULL],9998
129,11,5,1,2
129,11,4,7,2
129,11,"6,7",[NULL],9000
129,11,7,[NULL],9000
129,11,1,[NULL],9997
129,11,2,"6,8",9998
129,11,3,7,9998
129,11,0,"2,3,7",9998
130,10,1,"2,5,9",2
130,10,4,7,2
130,10,2,[NULL],9000
130,10,5,[NULL],9992
130,10,3,[NULL],9996
130,10,6,9,9997
130,10,0,[NULL],9997
131,9,3,6,2
131,9,8,5,2
131,9,5,"5,10",2
131,9,11,[NULL],9000
131,9,6,[NULL],9989
131,9,9,[NULL],9991
131,9,10,[NULL],9995
131,9,2,[NULL],9995
131,9,4,[NULL],9995
131,9,7,7,9997
131,9,0,[NULL],9998
131,9,1,[NULL],9998
132,8,11,[NULL],9000
132,8,9,[NULL],9994
132,8,7,8,9997
132,8,"0,1,3,4,5,8","0,1,5,10,11,13",9997
132,8,10,[NULL],9997
132,8,6,[NULL],9997
132,8,"5,8",[NULL],9997
132,8,3,[NULL],9997
132,8,2,"5,9",9998
132,8,8,5,9998
132,8,"1,4",[NULL],9998
132,8,4,[NULL],9998
133,7,4,[NULL],9000
133,7,5,[NULL],9991
133,7,3,[NULL],9995
133,7,2,[NULL],9997
133,7,0,[NULL],9998
133,7,1,[NULL],9998
134,6,0,1,2
134,6,2,[NULL],9995
134,6,5,[NULL],9995
134,6,"3,4",[NULL],9996
134,6,4,8,9997
134,6,1,[NULL],9998
135,5,6,[NULL],9000
135,5,4,[NULL],9991
135,5,2,[NULL],9994
135,5,"1,5",[NULL],9997
135,5,3,"2,6",9998
135,5,0,"2,8",9998
135,5,5,6,9998
136,4,2,0,2
136,4,3,[NULL],9000
136,4,1,[NULL],9992
136,4,0,[NULL],9998
137,3,0,5,9998
95,46,0,[NULL],9000
96,45,0,0,2
97,44,0,0,2
98,43,0,0,9998
101,40,0,1,2
102,39,0,0,9998
107,34,0,1,2
108,33,"0,1",0,2
108,33,1,0,9998
109,32,1,0,9997
109,32,0,0,9998
111,30,0,0,2
112,29,0,"1,2",9997
112,29,1,1,9997
116,25,0,0,2
117,24,0,0,2
118,23,1,2,2
118,23,0,"0,1",9997
119,22,0,[NULL],9000
119,22,2,[NULL],9000
119,22,1,1,9997
120,21,1,2,2
120,21,2,0,3
120,21,0,[NULL],9000
121,20,0,1,2
121,20,1,0,3
122,19,2,2,2
122,19,0,0,9997
122,19,1,2,9998
123,18,"3,4",1,2
123,18,"1,2,4","1,2,4",2
123,18,"0,4",3,3
123,18,4,[NULL],6
123,18,2,1,9997
124,17,0,2,2
124,17,2,8,3
124,17,1,[NULL],9000
125,16,3,4,2
125,16,2,"0,4",2
125,16,4,"0,2,4",2
125,16,1,[NULL],9000
125,16,0,2,9998
126,15,1,2,2
126,15,5,0,2
126,15,"3,4,8",3,2
126,15,7,8,4
126,15,4,[NULL],9000
126,15,6,[NULL],9000
126,15,8,[NULL],9991
126,15,2,4,9998
126,15,0,[NULL],9998
127,14,10,6,2
127,14,9,[NULL],2
127,14,"2,6",[NULL],9000
127,14,"5,7,8",[NULL],9000
127,14,6,[NULL],9000
127,14,"7,8",[NULL],9000
127,14,4,2,9997
127,14,1,4,9998
127,14,3,9,9998
127,14,8,7,9998
127,14,0,[NULL],9998
128,13,"6,8",2,2
128,13,7,3,2
128,13,"2,3","0,3",2
128,13,8,"1,2,8",3
128,13,1,"1,2",3
128,13,9,5,4
128,13,5,[NULL],9000
128,13,0,"5,7",9998
128,13,4,8,9998
128,13,3,"7,9",9998
129,12,6,[NULL],9993
129,12,5,[NULL],9993
129,12,4,[NULL],9993
129,12,3,[NULL],9997
129,12,"0,1",8,9998
129,12,1,"3,9",9998
129,12,2,6,9998
130,11,3,"3,4,8,10",3
130,11,5,"3,4,6,10",3
130,11,1,[NULL],9000
130,11,4,[NULL],9000
130,11,2,[NULL],9991
130,11,0,[NULL],9998
131,10,"5,9",2,2
131,10,9,"2,5",2
131,10,4,6,4
131,10,8,[NULL],9987
131,10,7,[NULL],9990
131,10,6,[NULL],9996
131,10,3,"2,7",9998
131,10,"0,1","5,7",9998
131,10,1,[NULL],9998
131,10,2,[NULL],9998
132,9,10,7,3
132,9,8,[NULL],9000
132,9,"11,13",[NULL],9991
132,9,13,[NULL],9991
132,9,12,[NULL],9991
132,9,9,[NULL],9995
132,9,6,[NULL],9996
132,9,4,[NULL],9996
132,9,1,"4,9",9997
132,9,3,[NULL],9997
132,9,2,[NULL],9997
132,9,0,[NULL],9997
132,9,7,11,9998
132,9,5,"10,11",9998
133,8,"10,12",[NULL],9989
133,8,12,[NULL],9989
133,8,4,[NULL],9989
133,8,7,[NULL],9992
133,8,11,[NULL],9992
133,8,"5,8",[NULL],9992
133,8,2,12,9997
133,8,8,"8,9",9997
133,8,1,"7,12",9998
133,8,0,"4,5,9,13,15",9998
133,8,6,12,9998
133,8,3,"8,13,15",9998
133,8,9,15,9998
134,7,"2,6",3,2
134,7,"6,8","0,3",2
134,7,8,"0,3,5",2
134,7,7,[NULL],9990
134,7,"9,10,11",[NULL],9994
134,7,"10,11",[NULL],9995
134,7,11,[NULL],9996
134,7,3,[NULL],9996
134,7,"4,5",[NULL],9996
134,7,1,[NULL],9996
134,7,0,[NULL],9996
134,7,5,7,9998
135,6,9,[NULL],9987
135,6,4,[NULL],9992
135,6,3,[NULL],9992
135,6,10,[NULL],9994
135,6,1,[NULL],9994
135,6,7,[NULL],9995
135,6,5,[NULL],9995
135,6,2,[NULL],9996
135,6,0,[NULL],9996
135,6,8,3,9998
135,6,6,"1,2",9998
136,5,5,0,2
136,5,4,[NULL],9992
136,5,3,[NULL],9993
136,5,2,[NULL],9993
136,5,0,[NULL],9996
136,5,1,[NULL],9997
137,4,0,[NULL],9000
95,47,0,[NULL],9000
96,46,0,[NULL],9000
97,45,0,0,2
98,44,0,0,9998
101,41,0,0,2
102,40,0,0,9996
107,35,0,1,2
108,34,0,0,2
108,34,1,0,4
109,33,0,1,9998
111,31,0,"1,2",9998
112,30,0,0,3
113,29,0,1,9998
114,28,0,"0,1",9998
115,27,0,1,9998
116,26,0,1,9998
117,25,0,0,9998
117,25,1,1,9998
118,24,1,0,9997
118,24,0,2,9998
119,23,0,0,9998
120,22,0,0,3
120,22,1,0,9998
121,21,2,1,2
121,21,1,0,3
121,21,0,2,9998
122,20,1,[NULL],9000
122,20,0,"2,3",9998
123,19,0,0,9997
124,18,2,0,2
124,18,1,[NULL],9000
124,18,0,0,9998
125,17,4,2,2
125,17,3,[NULL],9000
125,17,5,[NULL],9000
125,17,2,[NULL],9000
125,17,0,0,9997
125,17,1,1,9998
126,16,4,1,2
126,16,9,3,2
126,16,7,8,2
126,16,8,[NULL],9000
126,16,5,[NULL],9000
126,16,1,[NULL],9000
126,16,2,[NULL],9000
126,16,"3,6",[NULL],9000
126,16,0,[NULL],9992
126,16,6,0,9996
127,15,"5,7",0,2
127,15,8,4,2
127,15,"7,9",3,2
127,15,4,"0,2",5
127,15,9,[NULL],9000
127,15,"0,1",[NULL],9000
127,15,2,[NULL],9000
127,15,3,0,9997
127,15,6,1,9997
127,15,1,5,9998
128,14,8,"0,1",2
128,14,"3,9",1,2
128,14,6,2,2
128,14,0,[NULL],9000
128,14,4,6,9996
128,14,7,1,9997
128,14,2,"3,5",9998
128,14,"1,5",5,9998
128,14,5,"5,7",9998
128,14,9,6,9998
129,13,9,6,3
129,13,6,[NULL],9000
129,13,5,[NULL],9994
129,13,"1,7",[NULL],9994
129,13,7,[NULL],9994
129,13,3,[NULL],9997
129,13,2,"0,3,4,5,7",9998
129,13,4,4,9998
129,13,8,7,9998
129,13,0,[NULL],9998
130,12,"2,7",3,2
130,12,"5,7","0,1,5",2
130,12,7,7,3
130,12,"0,6,8",[NULL],9994
130,12,8,[NULL],9994
130,12,6,[NULL],9994
130,12,4,"1,4",9998
130,12,1,1,9998
130,12,3,"2,4",9998
131,11,11,7,2
131,11,10,"5,7",2
131,11,8,7,3
131,11,"0,1,5,13","0,1,3,4,5,8",3
131,11,"5,13",11,4
131,11,13,[NULL],9000
131,11,12,[NULL],9988
131,11,"6,9",[NULL],9995
131,11,9,2,9996
131,11,"3,4","0,3,4",9997
131,11,1,[NULL],9997
131,11,"2,4,7",[NULL],9997
131,11,4,[NULL],9997
131,11,7,8,9998
132,10,"7,12",1,2
132,10,"4,5,9,13,15",0,2
132,10,12,6,2
132,10,"8,13,15",3,2
132,10,15,9,2
132,10,17,[NULL],9990
132,10,6,[NULL],9992
132,10,"13,14",[NULL],9993
132,10,5,[NULL],9996
132,10,14,4,9997
132,10,16,5,9997
132,10,"9,11",[NULL],9997
132,10,10,6,9998
132,10,11,8,9998
132,10,3,"8,11",9998
132,10,"0,2","4,6,8,9,10",9998
132,10,2,[NULL],9998
132,10,1,[NULL],9998
133,9,7,5,2
133,9,8,4,3
133,9,12,[NULL],9990
133,9,"5,9,10",[NULL],9993
133,9,"0,6,11",[NULL],9993
133,9,6,10,9996
133,9,9,11,9996
133,9,3,[NULL],9996
133,9,10,8,9997
133,9,11,9,9997
133,9,2,[NULL],9997
133,9,1,[NULL],9997
133,9,4,"7,9",9998
134,8,3,8,2
134,8,"1,2",6,2
134,8,5,[NULL],9000
134,8,"0,4",[NULL],9997
134,8,2,[NULL],9997
134,8,4,7,9998
135,7,1,[NULL],9988
135,7,0,6,9997
97,46,0,0,2
100,43,0,0,4
101,42,0,0,9998
103,40,0,0,4
104,39,0,0,4
105,38,0,0,9997
106,37,0,0,9996
107,36,0,2,4
108,35,1,0,2
108,35,0,1,3
109,34,0,0,9996
109,34,1,0,9998
110,33,"1,2",0,2
110,33,2,0,9996
110,33,0,0,9997
111,32,"1,2",0,3
111,32,2,"0,1",3
111,32,0,0,9998
112,31,1,0,2
112,31,0,1,9998
113,30,"0,1",0,2
113,30,1,0,9996
114,29,1,0,2
114,29,0,0,9996
115,28,1,0,2
115,28,0,1,4
116,27,0,0,2
116,27,1,1,2
117,26,2,0,2
117,26,"0,1",0,3
117,26,1,"0,1",9996
118,25,0,0,2
118,25,1,1,3
119,24,0,1,2
119,24,1,1,4
120,23,2,0,2
120,23,1,1,4
120,23,0,[NULL],9000
121,22,"2,3",0,2
121,22,0,0,3
121,22,3,0,9996
121,22,1,0,9998
122,21,1,2,3
122,21,0,2,9997
122,21,2,1,9998
123,20,0,0,2
124,19,1,1,2
124,19,0,[NULL],9000
125,18,0,1,9997
125,18,2,1,9998
125,18,1,2,9998
126,17,5,1,2
126,17,2,4,3
126,17,"0,1,4",[NULL],9993
126,17,4,1,9996
126,17,3,"0,1,2",9996
126,17,1,2,9998
127,16,"3,5",2,2
127,16,5,"1,5",2
127,16,7,1,2
127,16,6,9,2
127,16,4,8,4
127,16,2,[NULL],9000
127,16,0,0,9997
127,16,1,2,9998
128,15,"0,3,4,5,7",2,2
128,15,4,4,2
128,15,7,8,2
128,15,"3,5","7,8",5
128,15,5,[NULL],9000
128,15,2,3,9998
128,15,6,6,9998
128,15,1,"2,6",9998
129,14,"1,4",4,2
129,14,4,"1,4",2
129,14,2,"1,3,4",2
129,14,6,[NULL],9000
129,14,3,[NULL],9000
129,14,5,[NULL],9000
129,14,0,5,9997
130,13,8,"2,4",2
130,13,4,[NULL],9000
130,13,"0,2,3,7",[NULL],9995
130,13,"2,3,5,6",[NULL],9995
130,13,7,[NULL],9995
130,13,3,"2,3",9997
130,13,6,3,9997
130,13,5,[NULL],9997
130,13,1,0,9998
131,12,6,10,2
131,12,8,11,2
131,12,11,"3,9",2
131,12,"4,9,10","0,2,9,10,12,13",2
131,12,10,1,3
131,12,"0,1,3,5",[NULL],9000
131,12,9,3,9996
131,12,"5,7",[NULL],9996
131,12,7,"3,5",9997
131,12,3,0,9998
131,12,1,[NULL],9998
131,12,2,[NULL],9998
132,11,"7,9",4,2
132,11,12,2,3
132,11,"8,9",8,3
132,11,"4,5,11",[NULL],9994
132,11,3,[NULL],9994
132,11,9,2,9996
132,11,"10,11","9,10",9997
132,11,5,"1,3,4,6,8,9,10",9997
132,11,11,10,9997
132,11,2,[NULL],9997
132,11,"1,6",[NULL],9997
132,11,6,[NULL],9997
132,11,0,"1,3,4",9998
133,10,7,4,2
133,10,2,[NULL],9994
133,10,6,[NULL],9994
133,10,"0,3,5","2,7,9,10,11",9997
133,10,"3,4",[NULL],9997
133,10,4,[NULL],9997
133,10,5,6,9998
133,10,1,2,9998
134,9,"3,4",[NULL],9989
134,9,0,[NULL],9992
134,9,2,[NULL],9993
134,9,4,[NULL],9995
134,9,1,[NULL],9996
135,8,"5,6",[NULL],9988
135,8,6,[NULL],9989
135,8,4,[NULL],9989
135,8,"2,3",[NULL],9996
135,8,3,[NULL],9996
135,8,0,[NULL],9997
135,8,1,7,9998
136,7,5,[NULL],9000
136,7,3,[NULL],9991
136,7,6,[NULL],9994
136,7,7,[NULL],9995
136,7,"0,2,4","3,7,8,12,14",9997
136,7,4,[NULL],9997
136,7,2,7,9998
136,7,1,[NULL],9998
137,6,6,[NULL],9988
137,6,4,[NULL],9992
137,6,7,[NULL],9992
137,6,1,[NULL],9992
137,6,3,[NULL],9992
137,6,"2,5",[NULL],9993
137,6,5,[NULL],9995
137,6,0,[NULL],9998
138,5,2,[NULL],9997
138,5,"0,1",[NULL],9997
138,5,1,[NULL],9997
138,5,3,3,9998
138,5,4,4,9998
139,4,"0,1",[NULL],9997
139,4,2,"1,2",9998
139,4,1,1,9998
140,3,1,[NULL],9991
140,3,0,[NULL],9997
141,2,"0,1,2",[NULL],9996
141,2,"1,2",[NULL],9996
141,2,2,2,9998
142,1,0,0,9998
142,1,1,"1,2",9998
97,47,0,[NULL],9000
100,44,0,0,2
101,43,0,0,9998
108,36,0,1,2
109,35,0,0,9998
110,34,0,0,2
111,33,1,0,2
111,33,0,0,9998
112,32,0,1,9998
117,27,0,1,3
118,26,1,1,9997
118,26,0,"0,1",9998
120,24,0,1,2
121,23,1,2,2
121,23,0,"0,2",9997
122,22,0,0,3
122,22,1,2,9997
123,21,0,1,9998
124,20,1,2,2
124,20,2,1,2
124,20,0,0,3
125,19,2,1,2
125,19,0,1,9997
125,19,1,3,9998
126,18,2,1,2
126,18,0,3,3
126,18,1,6,3
127,17,3,2,2
127,17,6,6,2
127,17,2,"1,6",2
127,17,1,7,3
127,17,"4,5",[NULL],9000
127,17,5,[NULL],9000
127,17,0,2,9997
128,16,3,[NULL],9000
128,16,0,[NULL],9000
128,16,2,[NULL],9000
128,16,4,5,9997
128,16,1,3,9998
129,15,0,1,2
129,15,1,[NULL],9000
129,15,2,[NULL],9000
129,15,3,3,9997
130,14,0,3,2
130,14,"3,4","3,4",3
130,14,1,[NULL],9000
130,14,2,[NULL],9000
130,14,5,[NULL],9000
130,14,4,3,9997
131,13,"1,3,4","0,1,3,6",2
131,13,4,13,3
131,13,5,"13,14,16",3
131,13,6,[NULL],9000
131,13,0,[NULL],9997
131,13,3,4,9998
131,13,2,"1,5",9998
132,12,6,5,2
132,12,2,1,2
132,12,8,10,3
132,12,9,11,3
132,12,4,[NULL],9000
132,12,0,[NULL],9995
132,12,7,5,9998
132,12,3,"0,7",9998
132,12,5,8,9998
132,12,1,[NULL],9998
133,11,7,[NULL],9000
133,11,9,[NULL],9992
133,11,8,[NULL],9992
133,11,5,[NULL],9995
133,11,"0,3",[NULL],9995
133,11,"2,6",[NULL],9995
133,11,6,8,9998
133,11,3,"1,4,8",9998
133,11,1,[NULL],9998
133,11,4,[NULL],9998
134,10,7,1,2
134,10,6,0,3
134,10,"0,1,2",[NULL],9996
134,10,"1,4",[NULL],9997
134,10,"3,4,5","2,6,9",9998
134,10,2,"4,9,10",9998
134,10,4,9,9998
134,10,5,6,9998
135,9,7,2,2
135,9,10,[NULL],9990
135,9,"3,4",[NULL],9997
135,9,6,[NULL],9997
135,9,8,[NULL],9997
135,9,"0,1,4,5",12,9998
135,9,9,"5,7",9998
135,9,"1,2,4","0,1,7,10",9998
135,9,"2,5","0,4,5,7,8,12",9998
135,9,4,10,9998
135,9,5,"1,4,5,7,8,12",9998
136,8,4,[NULL],9996
136,8,3,[NULL],9996
136,8,6,[NULL],9997
136,8,7,13,9998
136,8,5,"7,8,9,12",9998
136,8,0,14,9998
136,8,1,[NULL],9998
136,8,2,[NULL],9998
137,7,3,3,2
137,7,4,4,2
137,7,1,[NULL],9994
137,7,2,4,9998
137,7,0,[NULL],9998
138,6,"1,2",2,2
138,6,2,"1,2",2
138,6,3,[NULL],9996
138,6,4,4,9998
138,6,5,7,9998
138,6,0,[NULL],9998
139,5,3,[NULL],9996
139,5,"0,1",[NULL],9996
139,5,2,3,9998
139,5,1,5,9998
140,4,2,2,2
140,4,1,[NULL],9997
140,4,0,[NULL],9998
141,3,0,0,2
141,3,"1,2",1,2
141,3,2,[NULL],9996
142,2,0,[NULL],9997
142,2,1,4,9998
97,48,0,[NULL],9000
100,45,0,0,2
101,44,0,0,4
104,41,0,0,3
108,37,0,0,2
109,36,0,0,3
110,35,0,0,2
111,34,1,0,2
111,34,0,0,9996
114,31,0,1,9998
115,30,0,"1,2",9998
116,29,0,2,9998
117,28,"0,1",0,2
117,28,1,2,9998
118,27,0,0,9998
118,27,1,2,9998
119,26,0,2,9998
120,25,1,1,9998
120,25,0,"0,2",9998
121,24,2,0,3
121,24,1,[NULL],9000
121,24,0,1,9998
122,23,1,0,2
122,23,0,1,9998
123,22,0,0,9998
124,21,3,1,2
124,21,1,0,3
124,21,2,1,9998
124,21,0,2,9998
125,20,0,6,4
125,20,2,2,9998
125,20,1,"1,3",9998
126,19,0,0,3
126,19,1,[NULL],5
126,19,2,1,9997
127,18,3,1,2
127,18,6,4,4
127,18,"2,5",[NULL],9000
127,18,5,[NULL],9000
127,18,1,0,9996
127,18,0,0,9997
127,18,4,1,9997
128,17,5,0,3
128,17,"0,2,4",[NULL],9000
128,17,"1,2,4",[NULL],9000
128,17,"2,4",[NULL],9000
128,17,3,1,9996
128,17,4,4,9998
129,16,"2,3",3,3
129,16,3,6,3
129,16,1,[NULL],9000
129,16,0,"0,3",9998
130,15,4,3,2
130,15,"1,5","1,2,3",2
130,15,"3,5",7,3
130,15,2,9,4
130,15,6,[NULL],9000
130,15,5,[NULL],9000
130,15,0,"1,3",9998
131,14,5,7,2
131,14,"0,7",3,2
131,14,8,5,2
131,14,"9,10","4,5,10",3
131,14,"1,3,4,6","5,10,11",3
131,14,10,11,3
131,14,2,[NULL],9000
131,14,4,[NULL],9000
131,14,"3,6",[NULL],9991
131,14,6,4,9998
131,14,7,2,9998
132,13,8,6,2
132,13,"1,4","3,6",2
132,13,"2,7,9,10,11","0,3,5",3
132,13,10,6,4
132,13,11,9,4
132,13,"4,5,7,9",[NULL],9000
132,13,3,[NULL],9991
132,13,7,[NULL],9993
132,13,9,[NULL],9996
132,13,0,[NULL],9996
132,13,6,1,9997
132,13,5,1,9998
133,12,"2,6,9","3,4,5",2
133,12,"4,9,10",2,2
133,12,9,1,2
133,12,6,5,2
133,12,11,[NULL],9991
133,12,10,[NULL],9993
133,12,"3,7",[NULL],9993
133,12,"5,7","0,2",9998
133,12,7,2,9998
133,12,0,"3,4",9998
133,12,"1,8","0,1,2",9998
133,12,8,3,9998
134,11,12,"0,1,4,5",2
134,11,"5,7",9,2
134,11,"0,1,7,10","1,2,4,8",2
134,11,"1,4,7,8,10","0,9",2
134,11,10,4,2
134,11,7,1,2
134,11,6,[NULL],9000
134,11,11,[NULL],9994
134,11,"4,8,9",[NULL],9994
134,11,2,[NULL],9995
134,11,"8,9",2,9997
134,11,3,"7,8,9",9998
134,11,9,8,9998
135,10,13,"3,7",2
135,10,"7,8,9,12",5,2
135,10,14,"0,4,6",2
135,10,"3,9","0,2,4",3
135,10,15,[NULL],9990
135,10,1,[NULL],9990
135,10,"10,11",[NULL],9990
135,10,"4,9,11,12",[NULL],9990
135,10,5,[NULL],9990
135,10,11,[NULL],9996
135,10,9,[NULL],9997
135,10,"8,12","8,9,12",9998
135,10,12,12,9998
135,10,0,[NULL],9998
135,10,2,[NULL],9998
135,10,6,[NULL],9998
136,9,4,2,2
136,9,8,[NULL],9989
136,9,9,[NULL],9990
136,9,3,[NULL],9990
136,9,10,[NULL],9995
136,9,11,[NULL],9996
136,9,6,[NULL],9997
136,9,2,[NULL],9997
136,9,0,[NULL],9997
136,9,7,8,9998
136,9,5,"8,9",9998
136,9,1,[NULL],9998
137,8,4,4,2
137,8,7,5,2
137,8,"5,6",[NULL],9988
137,8,2,[NULL],9995
137,8,6,[NULL],9996
137,8,3,[NULL],9996
137,8,1,[NULL],9997
137,8,0,[NULL],9997
138,7,3,2,2
138,7,5,1,2
138,7,9,[NULL],9000
138,7,8,[NULL],9000
138,7,6,[NULL],9990
138,7,2,[NULL],9990
138,7,"1,7",[NULL],9995
138,7,4,[NULL],9996
138,7,7,[NULL],9997
138,7,0,2,9998
139,6,7,[NULL],9987
139,6,8,[NULL],9996
139,6,"1,4",[NULL],9996
139,6,3,[NULL],9996
139,6,"2,4",[NULL],9997
139,6,"4,6",[NULL],9997
139,6,"5,6","5,6",9998
139,6,6,6,9998
139,6,0,[NULL],9998
140,5,3,[NULL],9992
140,5,2,[NULL],9992
140,5,"6,7",[NULL],9995
140,5,7,[NULL],9995
140,5,5,[NULL],9996
140,5,0,[NULL],9996
140,5,1,[NULL],9997
140,5,4,[NULL],9997
141,4,4,1,2
141,4,5,[NULL],9997
141,4,3,[NULL],9997
141,4,"0,1",[NULL],9997
141,4,1,5,9998
141,4,2,6,9998
142,3,4,[NULL],9990
142,3,2,[NULL],9992
142,3,1,[NULL],9997
142,3,0,[NULL],9997
142,3,3,5,9998
143,2,2,[NULL],9997
143,2,1,[NULL],9997
143,2,0,[NULL],9997
103,43,0,0,9996
104,42,0,0,9998
105,41,0,0,4
106,40,0,0,9998
107,39,0,0,9996
108,38,0,0,4
109,37,0,2,4
110,36,0,0,9996
111,35,0,0,9996
112,34,0,1,4
113,33,1,0,2
113,33,0,0,4
114,32,"1,2",0,2
114,32,2,1,9996
114,32,0,0,9998
115,31,2,0,2
115,31,"0,1",0,9997
115,31,1,1,9998
116,30,2,1,2
116,30,"0,1",1,4
116,30,1,0,9998
117,29,0,0,2
117,29,2,1,2
117,29,1,1,3
118,28,2,0,2
118,28,1,2,9997
118,28,0,0,9998
119,27,1,1,2
119,27,"0,2",0,2
119,27,2,"0,2",9996
120,26,1,0,2
120,26,"0,2",0,3
120,26,2,3,4
121,25,1,0,2
121,25,2,1,3
121,25,0,0,9998
122,24,0,0,2
122,24,1,0,9996
123,23,1,2,2
123,23,2,0,2
123,23,0,0,9996
124,22,2,2,2
124,22,"1,3",1,2
124,22,3,0,3
124,22,0,[NULL],9000
125,21,1,"0,1",4
125,21,"0,2","3,4",4
125,21,2,"0,1",9998
125,21,3,1,9998
126,20,2,0,3
126,20,"1,3,4",[NULL],9000
126,20,4,3,9996
126,20,0,[NULL],9996
126,20,3,0,9997
127,19,4,4,2
127,19,5,4,3
127,19,"0,3",[NULL],9000
127,19,3,2,9996
127,19,1,1,9997
127,19,2,2,9997
128,18,"0,3",0,2
128,18,3,3,3
128,18,"1,2",[NULL],9000
128,18,2,3,9998
129,17,"1,3",0,2
129,17,3,4,3
129,17,2,[NULL],9000
129,17,0,1,9998
130,16,4,6,2
130,16,2,7,2
130,16,3,9,4
130,16,0,[NULL],9000
130,16,1,2,9998
131,15,1,5,2
131,15,2,"4,5,9,11",4
131,15,0,3,9998
132,14,"0,2","5,7",2
132,14,2,7,2
132,14,"3,4",0,2
132,14,1,"1,5,7,8",2
132,14,4,"0,8",2
133,13,"7,8,9",3,2
133,13,8,9,2
133,13,4,[NULL],9992
133,13,6,2,9996
133,13,9,"2,3",9997
133,13,"0,2",[NULL],9997
133,13,"3,5",[NULL],9997
133,13,"1,5",[NULL],9997
133,13,"2,5",[NULL],9997
133,13,5,1,9998
134,12,"8,9,12","8,12",2
134,12,12,12,2
134,12,10,[NULL],9000
134,12,11,[NULL],9000
134,12,2,[NULL],9995
134,12,9,6,9997
134,12,7,[NULL],9997
134,12,6,[NULL],9997
134,12,"4,5",[NULL],9997
134,12,3,[NULL],9997
134,12,5,"1,2",9998
134,12,0,[NULL],9998
134,12,1,[NULL],9998
135,11,8,7,2
135,11,9,"5,7",2
135,11,2,[NULL],9997
135,11,3,[NULL],9997
135,11,6,"5,6,9",9998
135,11,7,"5,9",9998
135,11,5,5,9998
135,11,"0,4","5,7,9",9998
135,11,4,"2,4,7",9998
135,11,1,[NULL],9998
136,10,4,11,9998
136,10,3,"8,10,11",9998
136,10,0,[NULL],9998
136,10,1,[NULL],9998
136,10,2,[NULL],9998
137,9,2,0,2
137,9,3,[NULL],9994
137,9,4,[NULL],9996
137,9,1,[NULL],9996
137,9,0,"6,7",9998
138,8,"5,6","5,6",2
138,8,6,6,2
138,8,4,9,9998
138,8,3,8,9998
138,8,2,"3,4,10,11",9998
138,8,1,"4,5,6,8,9",9998
138,8,0,[NULL],9998
139,7,7,[NULL],9995
139,7,1,[NULL],9996
139,7,4,[NULL],9996
139,7,3,[NULL],9996
139,7,6,[NULL],9997
139,7,0,[NULL],9997
139,7,5,[NULL],9997
139,7,2,[NULL],9997
140,6,5,0,2
140,6,6,2,2
140,6,2,[NULL],9996
140,6,3,[NULL],9996
140,6,"4,7",[NULL],9997
140,6,7,[NULL],9997
140,6,0,[NULL],9998
140,6,1,[NULL],9998
141,5,5,3,2
141,5,"1,3",[NULL],9997
141,5,3,8,9998
141,5,4,10,9998
141,5,0,[NULL],9998
141,5,2,[NULL],9998
142,4,0,2,9997
142,4,1,8,9998
98,49,0,[NULL],9000
99,48,0,[NULL],9000
103,44,0,0,2
104,43,0,0,9998
105,42,0,0,2
113,34,0,0,2
114,33,1,1,2
114,33,0,0,9998
115,32,0,1,2
115,32,1,0,9997
116,31,0,0,9998
117,30,0,0,2
118,29,0,0,9998
120,27,0,0,2
121,26,0,1,9998
124,23,"0,1",2,2
124,23,1,3,2
124,23,2,[NULL],9000
125,22,1,2,3
125,22,2,3,9997
125,22,0,2,9998
126,21,0,0,3
126,21,1,4,3
127,20,3,2,2
127,20,0,[NULL],9000
127,20,1,0,9997
127,20,2,1,9997
128,19,1,0,2
128,19,3,[NULL],9000
128,19,2,[NULL],9000
128,19,0,[NULL],9000
129,18,2,1,2
129,18,3,[NULL],9000
129,18,0,[NULL],9000
129,18,1,[NULL],9000
130,17,3,0,2
130,17,2,[NULL],9000
130,17,"0,1",3,9998
130,17,1,[NULL],9998
131,16,1,6,3
131,16,0,[NULL],9000
132,15,1,5,2
132,15,0,0,9997
133,14,"1,2",4,2
133,14,2,"8,9",3
133,14,3,[NULL],9000
133,14,0,0,9996
134,13,"5,6,9",6,2
134,13,6,"6,7",2
134,13,9,"3,5,7",2
134,13,7,"0,2,4,7",2
134,13,"2,4","0,2,7",2
134,13,8,[NULL],9000
134,13,1,[NULL],9995
134,13,3,"4,6",9998
134,13,4,5,9998
134,13,0,[NULL],9998
135,12,11,4,2
135,12,"8,10","3,4",2
135,12,10,[NULL],9991
135,12,"5,7",[NULL],9991
135,12,"2,3",[NULL],9991
135,12,6,[NULL],9993
135,12,4,[NULL],9993
135,12,9,7,9998
135,12,3,"0,8",9998
135,12,"1,7","0,4,5,7,8",9998
135,12,7,9,9998
135,12,0,[NULL],9998
136,11,"6,7",0,2
136,11,8,[NULL],9946
136,11,7,[NULL],9991
136,11,"3,4",[NULL],9995
136,11,"0,4",5,9998
136,11,5,6,9998
136,11,4,"5,10",9998
136,11,1,[NULL],9998
136,11,2,[NULL],9998
137,10,9,4,2
137,10,8,3,2
137,10,"3,4,10,11",2,2
137,10,"4,5,6","1,3,4",2
137,10,11,[NULL],9000
137,10,10,[NULL],9987
137,10,"2,5,6",[NULL],9997
137,10,6,[NULL],9997
137,10,5,2,9998
137,10,7,4,9998
137,10,0,[NULL],9998
137,10,1,[NULL],9998
138,9,11,[NULL],9992
138,9,13,[NULL],9995
138,9,4,[NULL],9995
138,9,"10,12",[NULL],9995
138,9,9,[NULL],9996
138,9,"2,3,6,7,8","4,7,8",9997
138,9,12,8,9997
138,9,"3,5,6,8",[NULL],9997
138,9,8,[NULL],9997
138,9,7,"2,3,4",9998
138,9,5,"3,4",9998
138,9,6,"3,4,6",9998
138,9,0,[NULL],9998
138,9,1,[NULL],9998
139,8,10,[NULL],9989
139,8,3,[NULL],9989
139,8,"2,8,11",[NULL],9989
139,8,"8,11",[NULL],9995
139,8,12,[NULL],9997
139,8,11,[NULL],9997
139,8,"4,7,9",[NULL],9997
139,8,7,"3,5,8",9998
139,8,9,3,9998
139,8,5,"3,6,8",9998
139,8,6,"3,6",9998
139,8,0,[NULL],9998
139,8,1,[NULL],9998
140,7,8,1,2
140,7,10,4,2
140,7,11,[NULL],9000
140,7,13,[NULL],9000
140,7,"4,9",[NULL],9994
140,7,5,[NULL],9995
140,7,9,[NULL],9996
140,7,12,[NULL],9997
140,7,6,[NULL],9997
140,7,7,"2,5",9998
140,7,0,[NULL],9998
140,7,1,[NULL],9998
140,7,2,[NULL],9998
140,7,3,[NULL],9998
141,6,8,1,2
141,6,12,[NULL],9000
141,6,6,[NULL],9991
141,6,13,[NULL],9991
141,6,14,[NULL],9992
141,6,9,[NULL],9994
141,6,11,[NULL],9994
141,6,10,[NULL],9995
141,6,"1,5",[NULL],9995
141,6,5,[NULL],9995
141,6,4,[NULL],9997
141,6,"2,7",[NULL],9997
141,6,3,[NULL],9997
141,6,7,[NULL],9997
141,6,0,[NULL],9997
142,5,9,[NULL],9990
142,5,8,[NULL],9991
142,5,3,[NULL],9992
142,5,10,[NULL],9994
142,5,"6,7",[NULL],9995
142,5,"0,1",[NULL],9996
142,5,4,5,9997
142,5,2,[NULL],9997
142,5,1,[NULL],9997
142,5,5,4,9998
142,5,7,5,9998
143,4,3,[NULL],9985
143,4,"4,5",[NULL],9996
143,4,5,"14,15",9997
143,4,2,[NULL],9997
143,4,0,[NULL],9997
143,4,1,[NULL],9998
144,3,5,[NULL],9989
144,3,3,[NULL],9990
144,3,2,[NULL],9991
144,3,1,[NULL],9991
144,3,4,[NULL],9993
144,3,0,[NULL],9997
145,2,2,7,9997
145,2,0,[NULL],9997
145,2,1,4,9998
99,49,0,[NULL],9000
103,45,0,0,2
104,44,0,1,9996
110,38,0,0,4
113,35,0,0,2
114,34,0,"0,1",3
115,33,0,0,2
116,32,0,1,9998
117,31,0,0,2
117,31,2,1,3
117,31,1,1,9998
118,30,1,2,9998
118,30,0,1,9998
119,29,0,1,9998
120,28,1,0,2
120,28,0,1,9998
121,27,0,1,9998
122,26,0,1,9998
123,25,0,1,9998
123,25,1,2,9998
124,24,2,0,2
124,24,0,"1,3",9998
124,24,1,2,9998
125,23,0,"1,2",3
125,23,1,2,9998
126,22,1,1,3
126,22,2,2,3
126,22,0,1,4
127,21,1,3,4
127,21,0,0,9997
127,21,2,3,9998
128,20,1,[NULL],9000
128,20,0,2,9997
128,20,2,"2,4",9998
129,19,3,"0,1",2
129,19,0,[NULL],9000
129,19,2,0,9996
129,19,1,4,9998
130,18,3,[NULL],9000
130,18,"0,1",[NULL],9000
130,18,1,[NULL],9000
130,18,4,[NULL],9000
130,18,2,2,9997
131,17,2,[NULL],9000
131,17,0,[NULL],9000
131,17,3,[NULL],9000
131,17,1,[NULL],9000
132,16,"2,3",9,3
132,16,3,[NULL],9000
132,16,0,[NULL],9994
132,16,1,0,9997
133,15,"4,6",3,2
133,15,5,4,2
133,15,6,9,3
133,15,2,[NULL],3
133,15,1,3,9996
133,15,0,2,9996
133,15,3,1,9997
134,14,7,9,2
134,14,"0,8",3,2
134,14,"4,5","1,3,7,9",2
134,14,9,7,2
134,14,11,[NULL],9000
134,14,10,[NULL],9000
134,14,5,[NULL],9000
134,14,2,[NULL],9994
134,14,3,[NULL],9996
134,14,1,[NULL],9996
134,14,6,[NULL],9996
134,14,8,1,9997
135,13,5,"0,4",2
135,13,6,5,2
135,13,10,"0,3,4",2
135,13,8,[NULL],9990
135,13,"7,9",[NULL],9992
135,13,"2,4,9",[NULL],9992
135,13,1,[NULL],9992
135,13,4,[NULL],9993
135,13,3,2,9996
135,13,9,5,9996
135,13,0,4,9998
136,12,2,5,2
136,12,4,7,2
136,12,1,[NULL],9996
136,12,0,4,9998
136,12,3,5,9998
137,11,"2,3,4",7,2
137,11,"3,4",5,2
137,11,6,"5,6",2
137,11,5,[NULL],9988
137,11,4,[NULL],9996
137,11,1,[NULL],9996
137,11,0,[NULL],9997
138,10,"3,5,8",7,2
138,10,"5,8","7,9",2
138,10,"6,8","5,9",2
138,10,8,"5,6",2
138,10,9,[NULL],9990
138,10,"4,7",[NULL],9990
138,10,7,[NULL],9990
138,10,2,"7,8",9998
138,10,0,[NULL],9998
138,10,1,[NULL],9998
139,9,"2,5",7,2
139,9,"3,7",[NULL],9994
139,9,7,"5,6",9996
139,9,6,6,9997
139,9,9,10,9997
139,9,4,[NULL],9997
139,9,5,10,9998
139,9,8,11,9998
139,9,0,[NULL],9998
139,9,1,[NULL],9998
140,8,5,[NULL],9997
140,8,4,[NULL],9997
140,8,3,"6,9",9998
140,8,6,10,9998
140,8,0,[NULL],9998
140,8,1,[NULL],9998
140,8,2,[NULL],9998
141,7,4,5,2
141,7,5,7,2
141,7,2,0,3
141,7,3,[NULL],9996
141,7,0,16,9998
141,7,1,[NULL],9998
142,6,"6,7",[NULL],9992
142,6,7,[NULL],9993
142,6,5,[NULL],9996
142,6,0,[NULL],9996
142,6,1,[NULL],9996
142,6,3,2,9997
142,6,2,[NULL],9997
142,6,4,11,9998
143,5,5,[NULL],9995
143,5,"0,4",[NULL],9997
143,5,4,[NULL],9997
143,5,1,5,9998
143,5,2,7,9998
143,5,3,14,9998
144,4,4,1,2
144,4,0,[NULL],9996
144,4,1,[NULL],9997
144,4,2,"2,3",9998
144,4,3,"7,9",9998
145,3,2,[NULL],9994
145,3,0,[NULL],9996
145,3,1,4,9998
99,50,0,[NULL],9000
102,47,0,0,4
103,46,0,0,9998
106,43,0,0,4
107,42,0,0,9998
108,41,0,0,9997
109,40,0,0,4
110,39,0,0,4
111,38,0,0,9996
112,37,1,0,9996
112,37,0,0,9998
113,36,1,2,4
113,36,0,0,9998
114,35,0,1,3
115,34,1,0,2
115,34,0,0,9996
116,33,1,1,2
116,33,0,0,9996
116,33,2,0,9998
117,32,2,1,2
117,32,1,0,2
117,32,0,1,9998
118,31,1,0,2
118,31,"0,2",0,4
118,31,2,1,9998
119,30,1,0,2
119,30,0,1,9998
120,29,1,0,2
120,29,0,0,9996
121,28,1,0,2
121,28,0,1,4
122,27,1,0,2
122,27,2,1,2
122,27,0,0,4
123,26,"1,3",0,2
123,26,2,1,2
123,26,3,1,9996
123,26,0,0,9998
124,25,2,1,2
124,25,3,2,3
124,25,0,2,9997
124,25,1,1,9998
125,24,3,4,4
125,24,2,[NULL],9000
125,24,"0,1",[NULL],9000
125,24,1,0,9998
126,23,3,2,2
126,23,0,1,3
126,23,1,2,3
126,23,2,3,4
127,22,"2,4",2,2
127,22,4,4,9996
127,22,1,0,9997
127,22,0,4,9997
127,22,3,3,9997
128,21,4,1,2
128,21,3,[NULL],9000
128,21,"0,2",[NULL],9000
128,21,1,"2,4",9996
128,21,2,1,9998
129,20,"0,3",[NULL],9000
129,20,3,[NULL],9000
129,20,1,[NULL],9000
129,20,2,1,9998
130,19,2,[NULL],9000
130,19,3,[NULL],9000
130,19,0,[NULL],9000
130,19,1,2,9997
131,18,0,0,3
131,18,3,[NULL],9000
131,18,2,1,9996
131,18,1,4,9997
132,17,2,6,4
132,17,1,[NULL],9000
132,17,0,2,9996
133,16,2,2,9998
133,16,0,[NULL],9998
133,16,1,[NULL],9998
134,15,4,0,2
134,15,2,[NULL],9993
134,15,5,3,9996
134,15,3,6,9997
134,15,1,[NULL],9997
134,15,0,"0,2",9998
135,14,4,0,2
135,14,5,3,2
135,14,1,[NULL],9000
135,14,"0,2",[NULL],9993
135,14,2,[NULL],9995
135,14,3,2,9998
136,13,3,[NULL],9000
136,13,2,[NULL],9000
136,13,1,[NULL],9992
136,13,4,[NULL],9994
136,13,0,[NULL],9994
137,12,"7,8",2,2
137,12,4,"2,3,4,6,7,8,9",3
137,12,8,12,3
137,12,5,[NULL],9947
137,12,9,[NULL],9989
137,12,1,[NULL],9995
137,12,"0,3",[NULL],9996
137,12,3,[NULL],9996
137,12,6,[NULL],9997
137,12,2,2,9998
138,11,10,5,2
138,11,11,8,2
138,11,13,[NULL],9948
138,11,12,[NULL],9991
138,11,"1,2,5,7",[NULL],9994
138,11,"3,6,8,9",[NULL],9994
138,11,5,"2,4,5,6",9997
138,11,9,"1,2",9997
138,11,6,1,9997
138,11,8,[NULL],9997
138,11,"2,7","0,5",9998
138,11,0,"0,2,5,6,7,8",9998
138,11,4,"3,4,6,7,8",9998
138,11,7,8,9998
139,10,"6,9",3,2
139,10,10,6,2
139,10,14,[NULL],9987
139,10,"11,13",[NULL],9987
139,10,13,[NULL],9987
139,10,9,[NULL],9987
139,10,"4,8",[NULL],9991
139,10,12,[NULL],9991
139,10,8,[NULL],9997
139,10,"3,5",[NULL],9997
139,10,7,7,9998
139,10,5,"4,8",9998
139,10,0,[NULL],9998
139,10,1,[NULL],9998
139,10,2,[NULL],9998
140,9,16,0,2
140,9,11,[NULL],9983
140,9,13,[NULL],9992
140,9,8,3,9995
140,9,15,[NULL],9995
140,9,"9,12,14",[NULL],9996
140,9,"5,12",[NULL],9996
140,9,6,[NULL],9996
140,9,14,5,9997
140,9,10,[NULL],9997
140,9,12,10,9998
140,9,7,8,9998
140,9,4,11,9998
140,9,0,[NULL],9998
140,9,1,[NULL],9998
140,9,2,[NULL],9998
140,9,3,[NULL],9998
141,8,11,4,2
141,8,5,4,3
141,8,"12,13",[NULL],9987
141,8,17,[NULL],9993
141,8,15,"7,8",9996
141,8,16,10,9997
141,8,6,[NULL],9997
141,8,4,[NULL],9997
141,8,"8,9",[NULL],9997
141,8,9,[NULL],9997
141,8,10,[NULL],9997
141,8,13,9,9998
141,8,7,10,9998
141,8,14,11,9998
141,8,0,[NULL],9998
141,8,1,[NULL],9998
141,8,2,[NULL],9998
141,8,3,[NULL],9998
142,7,5,1,2
142,7,7,2,2
142,7,14,3,2
142,7,15,5,3
142,7,13,[NULL],9990
142,7,10,[NULL],9994
142,7,12,[NULL],9995
142,7,6,[NULL],9996
142,7,3,[NULL],9997
142,7,8,[NULL],9997
142,7,9,8,9998
142,7,11,"9,11",9998
142,7,0,[NULL],9998
142,7,1,[NULL],9998
142,7,2,[NULL],9998
142,7,4,[NULL],9998
143,6,"2,3",2,2
143,6,"7,9",3,2
143,6,9,[NULL],9000
143,6,3,[NULL],9990
143,6,6,[NULL],9992
143,6,8,[NULL],9993
143,6,1,[NULL],9994
143,6,5,[NULL],9997
143,6,4,9,9998
143,6,0,[NULL],9998
144,5,4,1,2
144,5,7,2,3
144,5,"5,6",[NULL],9995
144,5,"0,2",[NULL],9996
144,5,"1,2",[NULL],9997
144,5,3,[NULL],9997
144,5,2,5,9998
144,5,6,9,9998
145,4,7,[NULL],9000
145,4,5,[NULL],9000
145,4,4,[NULL],9000
145,4,1,[NULL],9991
145,4,2,[NULL],9993
145,4,6,[NULL],9995
145,4,0,"1,3",9998
145,4,3,"4,5",9998
146,3,2,[NULL],9991
146,3,1,[NULL],9995
146,3,0,[NULL],9997
102,48,0,0,2
103,47,0,0,9998
106,44,0,0,2
107,43,0,0,9998
111,39,0,0,2
112,38,0,0,2
113,37,0,0,9998
115,35,0,2,2
116,34,1,0,2
116,34,0,1,9997
117,33,1,2,2
117,33,0,0,9998
118,32,1,0,2
118,32,0,0,9997
122,28,0,0,2
123,27,1,1,2
123,27,0,"0,1",9998
124,26,0,1,2
124,26,1,2,9997
125,25,0,1,9998
126,24,0,0,3
127,23,1,2,2
127,23,2,0,3
127,23,0,1,9997
128,22,1,2,2
128,22,2,3,9997
128,22,0,3,9998
129,21,2,2,3
129,21,0,[NULL],9000
129,21,1,[NULL],9000
130,20,0,[NULL],9000
131,19,0,1,3
132,18,2,2,2
132,18,1,3,3
132,18,0,0,4
133,17,"0,2",0,2
133,17,1,8,3
133,17,2,[NULL],9996
133,17,4,3,9997
133,17,3,1,9998
134,16,2,3,2
134,16,3,[NULL],9994
134,16,4,4,9997
134,16,0,"0,5",9998
134,16,1,"0,3,4",9998
135,15,0,4,9998
136,14,2,2,2
136,14,1,[NULL],9000
136,14,0,[NULL],9000
137,13,"0,5","2,7",2
137,13,"2,6,7,8","0,2,7",2
137,13,"3,4,6,7,8",4,2
137,13,8,"1,2",2
137,13,4,[NULL],9990
137,13,7,"2,3",9997
137,13,6,[NULL],9997
137,13,5,4,9998
137,13,1,1,9998
138,12,7,7,2
138,12,"4,8",3,2
138,12,6,6,3
138,12,10,9,3
138,12,"0,2,3,9",[NULL],9992
138,12,3,[NULL],9992
138,12,2,[NULL],9995
138,12,"5,8",3,9997
138,12,1,"0,1,3,4,5,6,7,8",9998
138,12,8,6,9998
138,12,9,4,9998
139,11,10,12,2
139,11,8,7,2
139,11,11,"4,5,12",2
139,11,7,[NULL],9988
139,11,6,[NULL],9990
139,11,4,[NULL],9990
139,11,"3,9",[NULL],9990
139,11,5,2,9997
139,11,9,3,9998
139,11,2,"3,6",9998
139,11,0,[NULL],9998
139,11,1,[NULL],9998
140,10,9,13,2
140,10,10,7,2
140,10,11,14,2
140,10,12,[NULL],9000
140,10,"2,6,8",[NULL],9984
140,10,"4,13",[NULL],9996
140,10,13,6,9997
140,10,5,[NULL],9997
140,10,6,[NULL],9997
140,10,3,[NULL],9997
140,10,1,[NULL],9997
140,10,7,[NULL],9997
140,10,0,[NULL],9997
140,10,8,2,9998
141,9,8,9,2
141,9,"9,11","8,11",2
141,9,2,3,3
141,9,12,[NULL],9995
141,9,11,[NULL],9995
141,9,10,[NULL],9995
141,9,7,[NULL],9995
141,9,"3,4,5",[NULL],9997
141,9,6,[NULL],9997
141,9,5,[NULL],9997
141,9,13,9,9998
141,9,"1,4",7,9998
141,9,0,[NULL],9998
141,9,4,[NULL],9998
142,8,9,4,2
142,8,7,[NULL],9991
142,8,6,[NULL],9992
142,8,11,[NULL],9994
142,8,"1,2,10",[NULL],9995
142,8,10,[NULL],9995
142,8,5,[NULL],9995
142,8,"3,4",[NULL],9997
142,8,8,6,9998
142,8,4,"6,10",9998
142,8,0,[NULL],9998
142,8,2,[NULL],9998
143,7,5,2,2
143,7,9,6,2
143,7,7,[NULL],9993
143,7,3,[NULL],9994
143,7,6,[NULL],9997
143,7,4,[NULL],9997
143,7,8,4,9998
143,7,0,11,9998
143,7,1,[NULL],9998
143,7,2,[NULL],9998
144,6,"1,3",0,2
144,6,"4,5",3,2
144,6,2,[NULL],9996
144,6,3,"4,5,12",9998
144,6,5,12,9998
144,6,0,[NULL],9998
145,5,0,4,9998
145,5,1,9,9998
102,49,0,0,2
103,48,1,0,4
103,48,0,[NULL],9000
106,45,0,0,2
107,44,0,0,3
112,39,0,0,2
113,38,0,1,9998
116,35,0,0,2
117,34,0,0,9996
119,32,0,0,9998
120,31,0,1,9998
121,30,0,1,9998
122,29,"0,1",0,2
122,29,1,1,9998
123,28,2,0,3
123,28,1,2,9998
123,28,0,0,9998
124,27,1,0,2
124,27,0,1,9998
125,26,0,2,9998
125,26,1,0,9998
126,25,0,1,3
126,25,4,0,3
126,25,3,3,3
126,25,1,2,9998
126,25,2,1,9998
127,24,3,0,2
127,24,0,0,9997
127,24,1,"3,4",9998
127,24,2,2,9998
128,23,0,2,4
128,23,1,1,9998
129,22,2,1,3
129,22,1,[NULL],9000
129,22,0,2,9998
130,21,4,1,3
130,21,3,[NULL],9000
130,21,0,[NULL],9000
130,21,2,"0,2",9996
130,21,1,0,9998
131,20,0,[NULL],9000
131,20,1,[NULL],9000
131,20,2,1,9997
132,19,1,3,2
132,19,3,1,4
132,19,2,"0,2",4
132,19,0,[NULL],9000
133,18,"0,5",0,2
133,18,"3,4,5","0,1",2
133,18,6,3,3
133,18,4,[NULL],9000
133,18,5,[NULL],9000
133,18,2,4,9996
133,18,1,2,9998
134,17,4,0,2
134,17,2,3,4
134,17,5,7,4
134,17,3,4,9996
134,17,0,2,9997
134,17,1,2,9998
135,16,1,[NULL],9000
135,16,0,[NULL],9000
135,16,3,[NULL],9000
135,16,2,[NULL],9995
136,15,4,5,2
136,15,1,1,2
136,15,"2,3",[NULL],9000
136,15,5,[NULL],9950
136,15,"0,3",[NULL],9950
136,15,3,[NULL],9950
137,14,"0,1,3,4,5,6,7,8",1,2
137,14,6,8,2
137,14,4,9,2
137,14,"2,5",5,3
137,14,"1,5","5,9",3
137,14,5,"5,6,9",3
137,14,7,[NULL],9000
137,14,8,1,9992
137,14,3,3,9997
138,13,3,9,2
138,13,6,"2,9",2
138,13,5,7,4
138,13,2,[NULL],9000
138,13,0,[NULL],9991
138,13,1,[NULL],9993
138,13,4,[NULL],9996
139,12,2,"7,8",2
139,12,5,14,3
139,12,3,[NULL],9989
139,12,"1,4",[NULL],9991
139,12,4,2,9997
139,12,0,[NULL],9997
140,11,9,13,2
140,11,7,"1,4",2
140,11,10,16,3
140,11,8,[NULL],9000
140,11,5,[NULL],9985
140,11,"2,6",[NULL],9985
140,11,6,[NULL],9985
140,11,1,[NULL],9994
140,11,3,[NULL],9994
140,11,4,5,9998
140,11,0,[NULL],9998
141,10,6,8,2
141,10,10,"4,8,9",2
141,10,"7,14",[NULL],2
141,10,"11,12,13,14",[NULL],9000
141,10,13,[NULL],9000
141,10,14,[NULL],9949
141,10,2,[NULL],9949
141,10,5,[NULL],9995
141,10,"4,8",[NULL],9995
141,10,8,[NULL],9996
141,10,12,5,9997
141,10,"1,3,9",[NULL],9997
141,10,"3,9","6,8",9998
141,10,9,8,9998
141,10,0,[NULL],9998
142,9,4,8,2
142,9,11,0,2
142,9,"9,10",[NULL],9000
142,9,10,[NULL],9988
142,9,12,[NULL],9994
142,9,1,[NULL],9996
142,9,2,[NULL],9996
142,9,"6,7",[NULL],9996
142,9,"0,3",[NULL],9996
142,9,8,9,9997
142,9,5,[NULL],9997
142,9,3,7,9998
142,9,7,9,9998
143,8,"4,5,12",3,2
143,8,12,5,2
143,8,11,[NULL],9989
143,8,5,[NULL],9993
143,8,10,[NULL],9993
143,8,9,[NULL],9995
143,8,7,[NULL],9995
143,8,8,[NULL],9995
143,8,6,[NULL],9995
143,8,2,[NULL],9996
143,8,3,8,9998
143,8,0,[NULL],9998
143,8,1,[NULL],9998
144,7,4,0,2
144,7,9,1,2
144,7,8,[NULL],9988
144,7,6,[NULL],9989
144,7,7,[NULL],9994
144,7,0,[NULL],9994
144,7,5,[NULL],9994
144,7,3,[NULL],9995
144,7,2,7,9998
144,7,1,[NULL],9998
145,6,4,[NULL],9000
145,6,2,[NULL],9993
145,6,3,[NULL],9993
145,6,0,[NULL],9995
145,6,1,[NULL],9995
146,5,6,[NULL],9000
146,5,2,[NULL],9992
146,5,1,[NULL],9993
146,5,"3,4",[NULL],9995
146,5,5,[NULL],9995
146,5,0,[NULL],9997
146,5,4,6,9998
147,4,5,[NULL],9987
147,4,4,[NULL],9994
147,4,3,[NULL],9997
147,4,0,[NULL],9997
147,4,1,3,9998
147,4,2,5,9998
148,3,1,[NULL],9992
148,3,2,[NULL],9993
148,3,0,[NULL],9996
149,2,0,[NULL],9997
103,49,0,[NULL],9000
105,47,0,0,9998
106,46,0,0,9998
109,43,0,0,9996
110,42,0,0,4
111,41,0,1,4
112,40,1,0,2
112,40,0,"0,1",9996
113,39,0,0,9996
114,38,0,0,4
115,37,1,0,3
115,37,0,0,4
116,36,1,0,9996
116,36,0,0,9998
117,35,0,0,3
118,34,0,0,2
119,33,1,0,2
119,33,0,0,4
120,32,1,0,2
120,32,0,0,9998
121,31,1,1,2
121,31,0,0,9997
122,30,2,1,2
122,30,0,0,2
122,30,1,3,4
123,29,1,0,2
123,29,2,1,3
123,29,0,0,9998
124,28,2,0,2
124,28,0,1,2
124,28,1,"0,2",9996
125,27,2,1,2
125,27,1,2,2
125,27,3,0,9998
125,27,0,1,9998
126,26,"3,4",1,2
126,26,2,2,2
126,26,1,0,3
126,26,4,4,4
126,26,0,1,9998
127,25,1,1,2
127,25,3,2,3
127,25,"2,4",1,4
127,25,0,0,9997
127,25,4,2,9998
128,24,2,"0,1",2
128,24,1,2,9996
128,24,0,2,9998
129,23,0,1,2
129,23,1,0,9996
130,22,1,2,4
130,22,0,[NULL],9000
130,22,2,[NULL],9000
131,21,2,0,4
131,21,"0,1",[NULL],9000
131,21,1,1,9997
132,20,2,1,2
132,20,3,4,3
132,20,0,2,9997
132,20,1,1,9998
133,19,2,"0,1",2
133,19,4,4,3
133,19,3,5,4
133,19,0,[NULL],9000
133,19,1,4,9996
134,18,0,5,9997
134,18,1,"1,2",9997
134,18,2,3,9998
135,17,0,[NULL],9997
136,16,"2,3",7,3
136,16,3,[NULL],4
136,16,"0,1",3,9998
136,16,1,1,9998
137,15,3,"5,8",3
137,15,2,4,9998
137,15,0,[NULL],9998
137,15,1,[NULL],9998
138,14,2,5,3
138,14,1,[NULL],9000
138,14,0,3,9998
139,13,5,4,2
139,13,6,13,3
139,13,2,[NULL],9951
139,13,1,[NULL],9991
139,13,0,[NULL],9991
139,13,3,[NULL],9994
139,13,4,[NULL],9994
140,12,"6,8","3,9",2
140,12,8,9,2
140,12,7,15,4
140,12,2,[NULL],9986
140,12,3,[NULL],9995
140,12,"1,4",2,9996
140,12,4,"0,2",9996
140,12,9,5,9997
140,12,5,3,9997
140,12,0,2,9998
141,11,7,3,2
141,11,9,7,2
141,11,11,[NULL],9000
141,11,"0,1,4,8,10",[NULL],9994
141,11,5,[NULL],9996
141,11,3,[NULL],9996
141,11,"1,10",[NULL],9996
141,11,"6,8",[NULL],9996
141,11,10,4,9997
141,11,8,[NULL],9997
141,11,4,3,9998
141,11,2,"4,5",9998
142,10,8,3,2
142,10,11,[NULL],9993
142,10,5,[NULL],9993
142,10,7,[NULL],9995
142,10,4,[NULL],9995
142,10,9,3,9996
142,10,10,[NULL],9997
142,10,"0,2,3",[NULL],9997
142,10,"1,3",[NULL],9997
142,10,"2,3",[NULL],9997
142,10,6,[NULL],9997
142,10,3,5,9998
143,9,7,2,2
143,9,8,[NULL],9000
143,9,4,[NULL],9000
143,9,5,[NULL],9947
143,9,9,[NULL],9995
143,9,2,[NULL],9995
143,9,3,[NULL],9996
143,9,6,8,9998
143,9,0,"5,8",9998
143,9,1,[NULL],9998
144,8,8,[NULL],9988
144,8,0,[NULL],9989
144,8,5,[NULL],9992
144,8,7,[NULL],9995
144,8,4,[NULL],9996
144,8,"1,2",[NULL],9996
144,8,6,3,9997
144,8,2,5,9998
144,8,3,11,9998
145,7,6,4,2
145,7,3,[NULL],9996
145,7,5,[NULL],9996
145,7,4,"7,10",9998
145,7,0,[NULL],9998
145,7,1,[NULL],9998
145,7,2,[NULL],9998
146,6,3,1,2
146,6,5,2,2
146,6,4,[NULL],9994
146,6,1,[NULL],9996
146,6,2,[NULL],9997
146,6,0,[NULL],9998
147,5,1,[NULL],9000
147,5,2,[NULL],9996
147,5,0,4,9998
147,5,3,11,9998
148,4,1,[NULL],9994
148,4,0,[NULL],9997
149,3,0,2,9997
103,50,0,[NULL],9000
104,49,0,0,2
105,48,0,0,2
106,47,0,0,9998
115,38,0,0,2
116,37,0,0,9998
117,36,0,0,9997
119,34,0,0,2
120,33,0,"1,2",9997
120,33,1,1,9997
122,31,0,0,2
123,30,0,1,9998
124,29,0,3,2
124,29,1,0,2
125,28,1,0,2
125,28,0,0,9997
126,27,2,4,2
126,27,0,0,3
126,27,1,1,9998
127,26,2,0,2
127,26,0,0,9997
127,26,1,2,9997
129,24,0,[NULL],9000
130,23,1,2,3
130,23,0,[NULL],9000
131,22,1,1,2
131,22,0,[NULL],9000
132,21,2,[NULL],9000
132,21,0,[NULL],9000
132,21,1,1,9997
133,20,3,2,2
133,20,2,0,3
133,20,"0,1",[NULL],9000
133,20,1,1,9998
134,19,2,[NULL],9000
134,19,1,[NULL],9991
134,19,0,[NULL],9997
135,18,3,"0,1",2
135,18,1,1,2
135,18,2,5,9998
135,18,0,[NULL],9998
136,17,4,2,2
136,17,3,3,3
136,17,1,[NULL],9996
136,17,2,5,9998
136,17,0,"2,5",9998
137,16,3,0,2
137,16,2,2,9997
137,16,1,"0,5,6",9998
137,16,0,"0,5",9998
138,15,2,4,3
138,15,0,[NULL],9995
138,15,1,1,9997
139,14,2,0,2
139,14,3,8,5
139,14,0,[NULL],9992
139,14,1,1,9996
140,13,3,4,2
140,13,"4,5",2,2
140,13,5,12,3
140,13,2,[NULL],9987
140,13,0,4,9998
140,13,1,1,9998
141,12,5,2,2
141,12,9,8,3
141,12,7,[NULL],9951
141,12,8,[NULL],9991
141,12,"4,6",3,9997
141,12,6,2,9998
141,12,3,3,9998
141,12,0,[NULL],9998
141,12,1,[NULL],9998
141,12,2,[NULL],9998
142,11,8,"2,6",2
142,11,5,"0,6",2
142,11,"3,6,7",[NULL],9000
142,11,6,[NULL],9000
142,11,9,[NULL],9952
142,11,10,[NULL],9952
142,11,4,[NULL],9996
142,11,7,2,9998
142,11,0,[NULL],9998
142,11,1,[NULL],9998
142,11,2,[NULL],9998
143,10,5,2,2
143,10,11,3,2
143,10,"8,9",[NULL],9000
143,10,9,[NULL],9000
143,10,10,[NULL],9000
143,10,7,[NULL],9000
143,10,6,[NULL],9988
143,10,3,[NULL],9997
143,10,"0,1,2",[NULL],9997
143,10,4,[NULL],9997
143,10,1,[NULL],9997
143,10,2,[NULL],9997
144,9,"7,10",4,2
144,9,"11,12",[NULL],9000
144,9,13,[NULL],9990
144,9,3,[NULL],9991
144,9,12,[NULL],9991
144,9,14,[NULL],9992
144,9,6,[NULL],9993
144,9,9,3,9995
144,9,4,[NULL],9996
144,9,10,[NULL],9996
144,9,8,[NULL],9996
144,9,5,[NULL],9997
144,9,"0,1",[NULL],9997
144,9,2,[NULL],9997
144,9,1,"1,3",9998
145,8,10,[NULL],9987
145,8,12,[NULL],9989
145,8,"3,7",[NULL],9994
145,8,9,[NULL],9994
145,8,8,[NULL],9995
145,8,7,[NULL],9995
145,8,5,[NULL],9996
145,8,11,[NULL],9997
145,8,"2,4,6",[NULL],9997
145,8,"4,6",[NULL],9997
145,8,0,[NULL],9997
145,8,6,4,9998
145,8,1,"4,5",9998
146,7,4,0,2
146,7,11,3,2
146,7,10,[NULL],9979
146,7,8,[NULL],9984
146,7,5,[NULL],9995
146,7,9,10,9997
146,7,"2,7",[NULL],9997
146,7,7,[NULL],9997
146,7,6,[NULL],9997
146,7,3,[NULL],9997
146,7,0,[NULL],9998
146,7,1,[NULL],9998
147,6,9,[NULL],9985
147,6,11,[NULL],9988
147,6,4,[NULL],9989
147,6,10,[NULL],9990
147,6,"6,8",[NULL],9992
147,6,7,[NULL],9992
147,6,8,[NULL],9993
147,6,3,[NULL],9995
147,6,2,1,9998
147,6,5,4,9998
147,6,0,[NULL],9998
147,6,1,[NULL],9998
148,5,6,[NULL],9000
148,5,5,[NULL],9990
148,5,7,[NULL],9991
148,5,3,[NULL],9991
148,5,2,[NULL],9993
148,5,8,[NULL],9993
148,5,4,[NULL],9994
148,5,0,[NULL],9998
148,5,1,[NULL],9998
149,4,3,[NULL],9989
149,4,4,[NULL],9989
149,4,1,[NULL],9995
149,4,2,[NULL],9995
149,4,0,[NULL],9997
150,3,0,[NULL],9990
103,51,0,[NULL],9000
104,50,0,[NULL],9000
105,49,0,0,2
106,48,0,0,9998
115,39,0,0,2
116,38,0,0,4
119,35,0,"1,2",9998
120,34,0,0,3
121,33,0,1,9998
122,32,1,0,2
122,32,0,"0,1",9998
123,31,0,1,9998
123,31,1,2,9998
124,30,0,1,9998
125,29,1,1,2
125,29,0,1,9998
126,28,0,0,3
126,28,2,2,9998
126,28,1,1,9998
127,27,0,0,9997
127,27,1,1,9998
128,26,0,1,9998
129,25,"0,2",2,4
129,25,2,2,9998
129,25,1,1,9998
130,24,1,0,3
130,24,0,"0,1",9998
130,24,2,"3,4",9998
130,24,3,2,9998
131,23,2,0,3
131,23,0,"1,2",9997
131,23,1,3,9998
132,22,1,1,2
132,22,4,2,4
132,22,3,[NULL],9000
132,22,2,0,9998
132,22,0,"0,3",9998
133,21,5,0,3
133,21,"1,2",1,3
133,21,4,3,4
133,21,2,[NULL],9000
133,21,0,1,9998
133,21,3,3,9998
134,20,5,2,2
134,20,2,[NULL],9000
134,20,1,[NULL],9000
134,20,0,[NULL],9000
134,20,4,0,9996
134,20,3,4,9998
135,19,5,2,2
135,19,2,"0,2",2
135,19,"0,1",[NULL],9000
135,19,4,2,9996
135,19,6,[NULL],9996
135,19,1,[NULL],9996
135,19,3,1,9997
136,18,"0,5,6",1,2
136,18,6,"0,1",2
136,18,"3,7",[NULL],3
136,18,"1,4",[NULL],9000
136,18,4,[NULL],9000
136,18,2,[NULL],9953
136,18,7,[NULL],9953
136,18,5,3,9998
137,17,1,[NULL],9000
137,17,2,2,9997
137,17,0,1,9998
137,17,3,6,9998
138,16,0,3,9996
138,16,1,2,9997
139,15,4,0,2
139,15,1,1,2
139,15,5,"1,9",3
139,15,3,"3,5",3
139,15,2,[NULL],9953
139,15,0,1,9998
140,14,2,6,2
140,14,3,3,2
140,14,4,1,3
140,14,5,[NULL],9988
140,14,0,[NULL],9997
140,14,1,4,9998
141,13,2,7,2
141,13,0,[NULL],9000
141,13,3,5,9996
141,13,1,[NULL],9996
142,12,1,[NULL],9000
142,12,0,[NULL],9997
143,11,"1,3",1,2
143,11,3,"1,2,6",3
143,11,2,[NULL],9994
143,11,0,"2,5",9998
144,10,4,6,2
144,10,5,"1,6",2
144,10,6,[NULL],9000
144,10,7,[NULL],9990
144,10,2,[NULL],9992
144,10,0,[NULL],9994
144,10,3,[NULL],9996
144,10,1,[NULL],9997
145,9,3,"2,3",9996
145,9,4,[NULL],9996
145,9,"1,5,6",[NULL],9996
145,9,2,[NULL],9997
145,9,5,7,9998
145,9,0,"9,11,12",9998
145,9,6,9,9998
146,8,1,2,2
146,8,4,5,2
146,8,3,[NULL],9992
146,8,5,[NULL],9996
146,8,2,[NULL],9996
146,8,0,[NULL],9998
147,7,4,[NULL],9990
147,7,0,[NULL],9995
147,7,"1,2",[NULL],9996
147,7,3,[NULL],9997
147,7,2,0,9998
148,6,2,0,3
148,6,"0,1","2,11",9998
148,6,1,[NULL],9998
149,5,2,[NULL],9992
149,5,3,[NULL],9994
149,5,1,[NULL],9996
149,5,0,[NULL],9998
150,4,2,[NULL],9994
150,4,1,[NULL],9996
150,4,0,[NULL],9997
105,50,0,0,2
108,47,0,0,4
109,46,0,0,9998
110,45,0,0,9997
111,44,"0,1",0,4
111,44,1,0,9998
112,43,0,0,4
113,42,0,0,9997
114,41,0,0,9996
115,40,0,1,4
116,39,0,0,3
117,38,0,0,9996
118,37,"1,2",0,2
118,37,2,1,9996
118,37,0,[NULL],9996
119,36,"1,2",0,3
119,36,2,"0,1",3
119,36,0,0,9998
120,35,1,0,2
120,35,0,0,9998
121,34,"0,1",0,2
121,34,1,0,9996
122,33,1,0,2
122,33,2,1,2
122,33,0,0,9996
123,32,1,0,2
123,32,"0,2",1,4
123,32,2,0,9998
124,31,1,0,2
124,31,0,0,3
125,30,2,2,2
125,30,1,1,2
125,30,0,0,9996
126,29,1,1,2
126,29,0,0,3
126,29,2,1,3
127,28,1,0,2
127,28,2,1,4
127,28,0,0,9997
128,27,2,2,2
128,27,1,1,2
128,27,0,1,4
129,26,"0,1",0,2
129,26,"3,4",2,2
129,26,2,3,2
129,26,4,0,9996
129,26,1,0,9998
130,25,3,1,2
130,25,1,[NULL],9000
130,25,"2,4",2,9997
130,25,0,"0,1,2",9998
130,25,4,2,9998
131,24,0,2,2
131,24,3,"0,1,2",2
131,24,1,1,3
131,24,2,[NULL],9000
132,23,1,0,2
132,23,3,3,2
132,23,4,1,4
132,23,0,2,9997
132,23,2,0,9998
133,22,4,3,2
133,22,2,[NULL],9000
133,22,3,[NULL],9000
133,22,1,"0,1,3,4,5",9996
133,22,0,0,9998
134,21,2,[NULL],9000
134,21,"0,3",[NULL],9000
134,21,1,0,9996
134,21,3,3,9998
135,20,3,5,2
135,20,1,[NULL],9000
135,20,2,[NULL],9000
135,20,0,1,9997
135,20,4,[NULL],9997
136,19,1,0,2
136,19,6,3,2
136,19,2,2,3
136,19,4,[NULL],9000
136,19,3,0,9996
136,19,5,1,9998
136,19,0,[NULL],9998
137,18,1,1,3
137,18,0,3,9998
138,17,1,0,2
138,17,0,3,9998
139,16,4,1,2
139,16,2,"1,4",4
139,16,0,1,4
139,16,3,[NULL],9954
139,16,5,2,9997
139,16,1,0,9998
140,15,3,"4,6",3
140,15,2,[NULL],9989
140,15,4,3,9998
140,15,0,"1,2,3,4",9998
140,15,1,"1,2",9998
141,14,3,9,4
141,14,1,[NULL],9993
141,14,0,"2,3,4,5",9998
141,14,2,[NULL],9998
142,13,"2,5",0,2
142,13,5,[NULL],9000
142,13,6,[NULL],9000
142,13,3,[NULL],9995
142,13,4,5,9998
142,13,0,[NULL],9998
142,13,1,[NULL],9998
143,12,6,[NULL],9000
143,12,3,[NULL],9952
143,12,8,[NULL],9993
143,12,"0,2,4,7",[NULL],9995
143,12,7,[NULL],9995
143,12,"1,2",[NULL],9996
143,12,2,[NULL],9996
143,12,"4,5",[NULL],9996
143,12,5,[NULL],9996
144,11,7,5,2
144,11,"9,11,12",0,2
144,11,"11,12","0,6",2
144,11,12,[NULL],9000
144,11,8,[NULL],9993
144,11,"3,4",[NULL],9993
144,11,10,[NULL],9994
144,11,5,[NULL],9995
144,11,6,[NULL],9995
144,11,"1,2,4","2,4,6",9997
144,11,"2,4",[NULL],9997
144,11,0,[NULL],9997
144,11,4,6,9998
145,10,10,9,3
145,10,6,[NULL],9986
145,10,8,[NULL],9988
145,10,11,[NULL],9989
145,10,"12,13",[NULL],9992
145,10,9,[NULL],9992
145,10,4,[NULL],9992
145,10,5,[NULL],9994
145,10,13,5,9995
145,10,"0,3","1,2,3,5",9997
145,10,3,[NULL],9997
145,10,"2,7",[NULL],9997
145,10,7,6,9998
145,10,1,[NULL],9998
146,9,0,2,2
146,9,7,[NULL],9000
146,9,6,[NULL],9986
146,9,8,[NULL],9986
146,9,"10,11",[NULL],9990
146,9,11,[NULL],9990
146,9,12,[NULL],9992
146,9,1,[NULL],9993
146,9,5,[NULL],9995
146,9,4,"2,3",9997
146,9,9,[NULL],9997
146,9,2,[NULL],9997
146,9,3,5,9998
147,8,"2,11","0,1",2
147,8,8,[NULL],9988
147,8,6,[NULL],9990
147,8,9,[NULL],9991
147,8,11,[NULL],9991
147,8,1,[NULL],9991
147,8,3,[NULL],9991
147,8,10,[NULL],9991
147,8,7,[NULL],9996
147,8,5,[NULL],9997
147,8,4,[NULL],9997
147,8,0,3,9998
148,7,9,[NULL],9000
148,7,8,[NULL],9988
148,7,5,[NULL],9990
148,7,7,[NULL],9996
148,7,6,[NULL],9996
148,7,"2,3,4",[NULL],9996
148,7,4,[NULL],9996
148,7,3,[NULL],9996
148,7,0,[NULL],9998
148,7,1,[NULL],9998
149,6,7,[NULL],9000
149,6,8,[NULL],9000
149,6,5,[NULL],9000
149,6,2,[NULL],9996
149,6,6,[NULL],9997
149,6,3,[NULL],9997
149,6,4,[NULL],9997
149,6,0,[NULL],9998
149,6,1,[NULL],9998
150,5,5,[NULL],9986
150,5,4,[NULL],9993
150,5,2,[NULL],9997
150,5,"0,1",[NULL],9997
150,5,3,5,9998
150,5,1,1,9998
151,4,1,[NULL],9000
151,4,0,[NULL],9998
105,51,0,[NULL],9000
108,48,0,0,2
109,47,0,0,9998
110,46,0,1,2
111,45,0,0,9998
118,38,0,0,2
119,37,0,0,2
119,37,1,0,9998
120,36,0,1,9998
122,34,0,2,2
123,33,0,"1,2",9997
126,30,0,0,3
126,30,1,0,9997
127,29,0,0,9997
128,28,0,1,2
129,27,"0,1,2",0,2
129,27,2,4,2
129,27,1,"0,2",9997
130,26,"1,2",0,3
130,26,2,2,9997
130,26,0,1,9998
131,25,0,2,2
132,24,0,0,2
132,24,1,1,9998
133,23,3,3,2
133,23,2,2,9997
133,23,0,"1,4",9998
133,23,1,5,9998
134,22,1,3,3
134,22,0,[NULL],9000
135,21,1,5,2
135,21,0,[NULL],9000
136,20,3,0,2
136,20,2,2,3
136,20,4,[NULL],9000
136,20,1,[NULL],9000
136,20,0,4,9998
137,19,3,0,2
137,19,2,1,3
137,19,"0,1",5,9998
137,19,1,"3,5",9998
138,18,0,1,2
138,18,1,1,4
138,18,2,2,9997
139,17,3,4,2
139,17,"1,2,4","0,4",2
139,17,4,"0,1,4",2
139,17,5,[NULL],9000
139,17,0,[NULL],9994
139,17,2,"0,1",9997
140,16,"2,3,4,5",0,2
140,16,"0,3,4",[NULL],9990
140,16,"3,4",2,9997
140,16,5,5,9998
140,16,1,"0,3,5",9998
140,16,4,4,9998
140,16,6,"5,6",9998
141,15,5,4,2
141,15,3,[NULL],9954
141,15,"2,4",[NULL],9994
141,15,1,[NULL],9994
141,15,4,"3,5",9997
141,15,0,4,9997
142,14,3,[NULL],9000
142,14,2,[NULL],9982
142,14,4,"3,7",9995
142,14,"0,1",[NULL],9995
142,14,1,"0,2",9998
143,13,6,4,2
143,13,2,[NULL],9000
143,13,3,[NULL],9992
143,13,7,[NULL],9994
143,13,5,[NULL],9994
143,13,1,[NULL],9996
143,13,"0,4",[NULL],9996
143,13,4,8,9997
144,12,6,7,2
144,12,8,[NULL],9988
144,12,4,[NULL],9993
144,12,"1,2,3",[NULL],9995
144,12,3,[NULL],9995
144,12,"0,7","6,7",9996
144,12,"5,7",4,9997
144,12,2,6,9998
144,12,7,4,9998
145,11,5,3,2
145,11,6,[NULL],9990
145,11,7,[NULL],9992
145,11,2,[NULL],9996
145,11,"1,4",[NULL],9996
145,11,3,1,9997
145,11,"0,4",[NULL],9997
145,11,4,"1,3,5",9998
146,10,3,0,2
146,10,6,[NULL],9000
146,10,7,[NULL],9990
146,10,8,[NULL],9992
146,10,"1,2",[NULL],9993
146,10,4,[NULL],9994
146,10,2,[NULL],9996
146,10,0,[NULL],9996
146,10,5,2,9997
147,9,7,[NULL],9991
147,9,2,[NULL],9992
147,9,"4,6",[NULL],9992
147,9,6,[NULL],9992
147,9,1,[NULL],9992
147,9,5,[NULL],9992
147,9,"0,3",3,9997
147,9,3,[NULL],9997
148,8,4,[NULL],9992
148,8,0,[NULL],9997
148,8,5,[NULL],9997
148,8,3,[NULL],9997
148,8,"1,2",3,9998
148,8,2,"3,5",9998
149,7,5,3,2
149,7,1,1,2
149,7,4,[NULL],9990
149,7,3,[NULL],9994
149,7,0,[NULL],9997
149,7,2,[NULL],9998
150,6,4,[NULL],9000
150,6,7,[NULL],9994
150,6,6,[NULL],9994
150,6,5,[NULL],9996
150,6,3,[NULL],9996
150,6,1,[NULL],9996
150,6,2,7,9998
150,6,0,"7,8,9",9998
151,5,3,[NULL],9986
151,5,2,[NULL],9990
151,5,1,[NULL],9992
151,5,0,[NULL],9998
105,52,0,[NULL],9000
108,49,0,0,2
109,48,0,0,3
110,47,0,0,2
111,46,0,0,9998
112,45,0,0,3
118,39,0,1,2
119,38,1,0,2
119,38,0,1,9996
122,35,0,1,9998
123,34,0,0,9996
124,33,0,1,9998
125,32,0,1,9998
126,31,0,0,3
126,31,1,1,9998
127,30,0,0,9997
127,30,1,2,9998
128,29,1,2,9998
128,29,0,"1,3",9998
129,28,1,0,2
129,28,2,"2,4",3
129,28,0,1,9998
130,27,1,3,9998
130,27,0,1,9998
131,26,1,1,2
131,26,2,0,3
131,26,0,0,9998
132,25,"1,4",0,2
132,25,5,1,2
132,25,4,3,9998
132,25,3,2,9998
132,25,2,1,9998
132,25,0,"2,4",9998
133,24,0,4,4
133,24,"1,3","4,5",9998
133,24,3,"2,5",9998
133,24,2,0,9998
134,23,1,0,3
134,23,2,4,4
134,23,3,[NULL],9000
134,23,0,1,9998
135,22,4,"0,3",2
135,22,3,[NULL],9000
135,22,1,[NULL],9000
135,22,5,[NULL],9000
135,22,2,0,9996
135,22,0,"1,2",9998
136,21,5,"0,1",2
136,21,3,0,2
136,21,"0,1",[NULL],9000
136,21,1,[NULL],9956
136,21,2,1,9996
136,21,4,0,9997
137,20,3,0,4
137,20,0,[NULL],9000
137,20,1,[NULL],9000
137,20,2,[NULL],9000
138,19,2,5,3
138,19,1,[NULL],9000
138,19,0,1,9998
139,18,5,5,2
139,18,"0,3","1,5",2
139,18,4,4,2
139,18,6,"3,4,5,6",2
139,18,2,4,9996
139,18,3,2,9997
139,18,1,2,9998
140,17,"2,4,5",[NULL],3
140,17,5,3,4
140,17,6,[NULL],9000
140,17,3,[NULL],9991
140,17,"1,4",[NULL],9991
140,17,4,0,9997
140,17,0,0,9998
141,16,"0,2",1,2
141,16,1,[NULL],9995
141,16,2,"3,4",9997
142,15,3,[NULL],9000
142,15,"1,2",0,9997
142,15,2,"5,6",9998
142,15,0,"0,2,5,6",9998
143,14,6,2,2
143,14,4,7,2
143,14,2,"1,2,4",3
143,14,3,9,5
143,14,5,[NULL],9000
143,14,1,[NULL],9997
143,14,0,"0,1",9998
144,13,"1,3,5",4,2
144,13,2,"0,3",3
144,13,3,3,4
144,13,5,[NULL],9000
144,13,4,[NULL],9992
144,13,0,[NULL],9993
145,12,"2,3",4,3
145,12,5,[NULL],9000
145,12,3,[NULL],9000
145,12,4,[NULL],9991
145,12,6,[NULL],9993
145,12,1,[NULL],9993
145,12,0,[NULL],9997
146,11,8,[NULL],9000
146,11,4,[NULL],9952
146,11,7,[NULL],9988
146,11,1,[NULL],9991
146,11,2,[NULL],9993
146,11,6,[NULL],9993
146,11,5,[NULL],9994
146,11,"0,3",[NULL],9995
146,11,3,[NULL],9997
147,10,3,"1,2",2
147,10,5,1,2
147,10,4,2,9997
147,10,2,[NULL],9997
147,10,0,[NULL],9998
147,10,1,[NULL],9998
148,9,6,[NULL],9955
148,9,3,[NULL],9992
148,9,4,[NULL],9992
148,9,2,[NULL],9992
148,9,1,[NULL],9997
148,9,5,5,9998
148,9,0,[NULL],9998
149,8,7,2,2
149,8,"8,9","0,2,5",2
149,8,9,[NULL],9989
149,8,5,[NULL],9989
149,8,6,[NULL],9992
149,8,"2,4",[NULL],9997
149,8,"3,4",[NULL],9997
149,8,"1,4",[NULL],9997
149,8,4,3,9998
149,8,0,[NULL],9998
150,7,4,[NULL],9987
150,7,"3,6",[NULL],9992
150,7,6,[NULL],9994
150,7,5,13,9997
150,7,0,[NULL],9997
150,7,1,"0,1",9998
150,7,2,"3,4",9998
151,6,1,[NULL],9991
151,6,0,[NULL],9992
110,48,0,0,2
111,47,1,0,9996
111,47,0,0,9998
112,46,0,1,9998
113,45,0,0,4
114,44,0,0,9998
115,43,0,0,9996
116,42,0,0,4
117,41,1,2,4
117,41,0,[NULL],9000
118,40,1,1,9996
118,40,0,0,9998
119,39,0,1,9996
120,38,0,1,4
121,37,1,0,2
121,37,0,0,4
122,36,"1,2",0,3
122,36,2,1,9996
122,36,0,0,9998
123,35,1,0,2
123,35,0,1,9998
124,34,1,0,2
124,34,0,0,4
125,33,1,1,2
125,33,0,1,3
126,32,2,1,2
126,32,0,0,3
126,32,1,1,9997
127,31,2,1,2
127,31,"1,3",0,2
127,31,3,"0,2",9996
127,31,0,0,9997
128,30,1,0,2
128,30,"0,2",1,3
128,30,2,4,4
129,29,3,1,2
129,29,1,0,2
129,29,2,2,3
129,29,0,0,9998
130,28,0,0,2
130,28,1,0,9996
130,28,2,0,9998
131,27,3,4,2
131,27,2,3,2
131,27,1,2,2
131,27,4,"0,3",2
131,27,0,1,9997
132,26,"4,5","1,3",2
132,26,"2,5",3,2
132,26,0,2,2
132,26,5,2,3
132,26,"1,3",1,4
132,26,3,0,9998
133,25,1,0,2
133,25,0,1,4
133,25,2,"1,2",9998
133,25,3,2,9998
134,24,"1,2",0,2
134,24,2,2,9996
134,24,0,[NULL],9996
135,23,0,3,4
135,23,1,1,9996
136,22,1,8,8
136,22,0,0,9997
137,21,1,0,2
137,21,2,2,3
137,21,0,3,9997
138,20,2,1,2
138,20,"0,1",2,3
138,20,1,"0,1",9996
139,19,0,0,2
139,19,2,"3,4",3
139,19,1,3,9998
140,18,"3,5",4,3
140,18,4,0,3
140,18,5,[NULL],9992
140,18,"1,2",[NULL],9992
140,18,0,3,9997
140,18,2,2,9998
141,17,"5,6",1,2
141,17,"0,2","0,2",2
141,17,7,[NULL],9000
141,17,2,[NULL],9996
141,17,6,3,9997
141,17,3,4,9997
141,17,"1,4","2,3,4,5",9998
141,17,4,"2,4,5",9998
142,16,"0,1",0,2
142,16,8,0,3
142,16,4,[NULL],9995
142,16,"3,5",[NULL],9996
142,16,7,8,9997
142,16,2,2,9997
142,16,5,"5,6",9997
142,16,1,"3,4",9998
142,16,6,5,9998
143,15,4,"5,7",3
143,15,5,[NULL],9994
143,15,0,7,9997
143,15,1,4,9998
143,15,2,"3,6",9998
143,15,3,7,9998
144,14,1,3,3
144,14,2,[NULL],9995
144,14,0,[NULL],9997
145,13,2,5,3
145,13,3,5,9997
145,13,0,[NULL],9998
145,13,1,[NULL],9998
146,12,3,"0,3,4",3
146,12,4,[NULL],9984
146,12,0,[NULL],9984
146,12,2,4,9996
146,12,1,[NULL],9996
146,12,5,3,9997
147,11,5,5,2
147,11,6,[NULL],9956
147,11,4,[NULL],9991
147,11,2,[NULL],9994
147,11,1,[NULL],9994
147,11,0,[NULL],9994
147,11,3,[NULL],9994
148,10,3,1,2
148,10,5,[NULL],9991
148,10,6,5,9995
148,10,"2,4",[NULL],9996
148,10,4,1,9998
148,10,0,[NULL],9998
148,10,1,[NULL],9998
149,9,"0,1",1,2
149,9,"3,4",2,2
149,9,4,[NULL],9994
149,9,1,[NULL],9996
149,9,2,"4,6",9998
150,8,0,"3,6",9998
150,8,1,"10,11,13",9998
106,53,0,[NULL],9000
107,52,0,[NULL],9000
110,49,0,0,2
111,48,1,0,2
111,48,0,0,9998
112,47,0,1,9998
113,46,0,0,2
117,42,0,0,2
118,41,0,0,9998
121,38,0,0,2
122,37,1,0,2
122,37,0,0,9998
123,36,0,0,9997
126,33,0,0,3
127,32,0,2,9997
128,31,0,0,2
129,30,0,2,2
129,30,1,1,9998
130,29,0,1,9998
131,28,0,3,2
132,27,"1,2",2,2
132,27,2,3,2
132,27,0,"0,2",9997
133,26,1,2,9997
133,26,0,2,9998
134,25,0,[NULL],9000
135,24,0,4,3
136,23,1,[NULL],9000
136,23,0,0,9997
137,22,3,[NULL],9000
137,22,1,[NULL],9000
137,22,0,[NULL],9000
137,22,2,1,9997
138,21,3,1,2
138,21,2,3,3
138,21,"0,1",[NULL],9958
138,21,1,[NULL],9998
139,20,2,1,2
139,20,0,1,3
139,20,3,2,9997
139,20,1,2,9998
140,19,"2,3,4,5","1,4",2
140,19,3,"0,1,2,5",2
140,19,4,2,3
140,19,5,[NULL],9957
140,19,0,[NULL],9993
140,19,1,2,9998
141,18,"3,4",1,2
141,18,5,6,2
141,18,0,"1,2",3
141,18,6,[NULL],9000
141,18,"2,4",[NULL],9957
141,18,4,4,9997
141,18,1,[NULL],9997
142,17,4,1,2
142,17,"3,6",2,2
142,17,7,3,2
142,17,8,[NULL],9000
142,17,"0,1,2,6",[NULL],9958
142,17,"1,6",[NULL],9985
142,17,5,3,9997
142,17,2,"4,5",9998
142,17,6,6,9998
143,16,"6,7","0,7",4
143,16,4,[NULL],9000
143,16,3,3,9994
143,16,8,7,9997
143,16,1,3,9997
143,16,5,5,9997
143,16,0,[NULL],9997
143,16,2,"2,5,6",9998
143,16,7,6,9998
144,15,5,13,5
144,15,"0,2,3",[NULL],9995
144,15,4,[NULL],9996
144,15,"2,3",[NULL],9996
144,15,3,7,9998
144,15,1,[NULL],9998
145,14,3,[NULL],9000
145,14,2,[NULL],9995
145,14,1,[NULL],9995
145,14,0,2,9998
146,13,2,4,3
146,13,0,[NULL],9985
146,13,1,3,9997
147,12,1,4,2
147,12,3,[NULL],9000
147,12,4,[NULL],9957
147,12,0,[NULL],9992
147,12,2,[NULL],9992
148,11,"4,6",2,2
148,11,5,[NULL],9992
148,11,9,[NULL],9992
148,11,8,[NULL],9993
148,11,7,[NULL],9993
148,11,3,[NULL],9995
148,11,"1,2,6",[NULL],9997
148,11,"0,2",[NULL],9997
148,11,2,2,9998
148,11,6,1,9998
149,10,"3,6",0,2
149,10,"10,11,13",1,2
149,10,13,5,3
149,10,"6,11",[NULL],9991
149,10,11,[NULL],9992
149,10,5,[NULL],9995
149,10,7,[NULL],9995
149,10,12,[NULL],9995
149,10,"0,8,9",[NULL],9997
149,10,"4,8",[NULL],9997
149,10,8,[NULL],9997
149,10,"2,9",[NULL],9997
149,10,9,[NULL],9997
149,10,1,"2,3,5",9998
150,9,8,[NULL],9990
150,9,3,[NULL],9992
150,9,7,[NULL],9997
150,9,2,[NULL],9997
150,9,"4,6",[NULL],9997
150,9,"0,5",[NULL],9997
150,9,5,[NULL],9997
150,9,1,[NULL],9997
150,9,6,6,9998
151,8,1,[NULL],9994
151,8,2,[NULL],9996
151,8,0,[NULL],9997
152,7,3,[NULL],9995
152,7,2,[NULL],9997
152,7,"0,1",[NULL],9997
152,7,1,3,9998
153,6,3,[NULL],9991
153,6,2,[NULL],9995
153,6,1,[NULL],9997
153,6,0,"1,2",9998
154,5,1,[NULL],9996
154,5,0,4,9998
155,4,0,[NULL],9996
156,3,0,[NULL],9997
157,2,0,[NULL],9996
157,2,2,[NULL],9997
157,2,1,[NULL],9997
158,1,0,0,9998
158,1,1,"1,2",9998
107,53,0,[NULL],9000
110,50,0,0,2
111,49,1,0,2
111,49,0,0,9997
112,48,0,1,9996
117,43,0,0,2
118,42,1,0,4
118,42,0,"0,1",9998
121,39,0,0,2
122,38,0,0,4
125,35,1,1,3
125,35,0,1,9998
126,34,0,0,3
126,34,1,1,9998
127,33,0,"0,1",9997
127,33,1,1,9998
128,32,1,1,2
128,32,0,2,9998
129,31,1,0,2
129,31,0,1,9998
130,30,1,0,3
130,30,0,1,9998
131,29,0,0,9998
131,29,1,1,9998
132,28,2,0,2
132,28,1,1,9996
132,28,0,1,9998
133,27,0,1,9998
134,26,0,2,4
134,26,1,1,9998
135,25,0,0,3
135,25,1,2,4
135,25,3,2,9998
135,25,2,0,9998
136,24,3,0,3
136,24,0,[NULL],9959
136,24,1,1,9997
136,24,2,"2,3",9998
137,23,1,[NULL],9000
137,23,3,0,9996
137,23,2,3,9998
137,23,0,0,9998
138,22,2,1,2
138,22,4,2,4
138,22,"0,1",[NULL],9957
138,22,1,[NULL],9959
138,22,3,3,9998
139,21,2,1,2
139,21,3,0,3
139,21,0,1,9998
139,21,1,3,9998
140,20,3,6,3
140,20,4,"2,3",3
140,20,2,1,9996
140,20,1,"0,2",9997
140,20,0,1,9998
141,19,"4,5",2,2
141,19,6,6,2
141,19,8,"4,7",3
141,19,2,2,3
141,19,5,5,3
141,19,"3,7",4,5
141,19,1,[NULL],9000
141,19,7,1,9996
141,19,0,"2,4,5",9998
142,18,"2,5,6",2,2
142,18,6,7,2
142,18,7,0,3
142,18,8,[NULL],9959
142,18,4,[NULL],9986
142,18,5,4,9997
142,18,3,3,9997
142,18,1,[NULL],9997
142,18,0,[NULL],9997
143,17,7,3,2
143,17,6,[NULL],9000
143,17,3,4,9996
143,17,5,3,9996
143,17,2,[NULL],9996
143,17,4,2,9997
143,17,0,[NULL],9998
143,17,1,[NULL],9998
144,16,2,0,2
144,16,5,3,3
144,16,3,[NULL],9992
144,16,4,[NULL],9996
144,16,0,5,9998
144,16,1,[NULL],9998
145,15,3,5,3
145,15,"0,1",6,9998
145,15,2,1,9998
145,15,1,"1,2,6",9998
146,14,0,[NULL],9996
146,14,1,"1,2",9998
147,13,2,0,2
147,13,1,6,2
147,13,0,[NULL],9996
148,12,"2,3,5","1,9",2
148,12,5,[NULL],9996
148,12,4,[NULL],9996
148,12,3,5,9998
148,12,0,[NULL],9998
148,12,1,[NULL],9998
149,11,6,6,2
149,11,5,[NULL],9993
149,11,3,[NULL],9996
149,11,"1,4",[NULL],9996
149,11,2,[NULL],9996
149,11,4,7,9997
149,11,0,"3,5,6,7",9998
150,10,"2,7",[NULL],9995
150,10,6,"2,4,5",9997
150,10,7,[NULL],9997
150,10,1,[NULL],9997
150,10,4,[NULL],9997
150,10,5,[NULL],9997
150,10,3,9,9998
150,10,0,[NULL],9998
151,9,3,0,2
151,9,7,[NULL],9997
151,9,6,[NULL],9997
151,9,8,"6,9",9998
151,9,5,"5,6,11,12",9998
151,9,4,11,9998
151,9,1,13,9998
151,9,0,[NULL],9998
151,9,2,[NULL],9998
152,8,"1,2",0,2
152,8,"5,6",[NULL],9997
152,8,2,3,9998
152,8,4,"7,11",9998
152,8,6,11,9998
152,8,3,"6,8",9998
152,8,7,"11,13",9998
152,8,0,[NULL],9998
153,7,4,0,2
153,7,2,[NULL],9996
153,7,0,"1,2",9998
153,7,1,"4,5",9998
153,7,3,"7,8",9998
154,6,1,[NULL],9995
154,6,0,[NULL],9997
155,5,1,[NULL],9996
155,5,0,[NULL],9996
156,4,2,[NULL],9996
156,4,"0,1",[NULL],9997
156,4,1,1,9998
157,3,0,0,2
157,3,"1,2",1,2
157,3,2,[NULL],9997
158,2,0,0,9998
158,2,1,"2,4",9998
107,54,0,[NULL],9000
110,51,0,1,4
111,50,0,0,9997
114,47,0,0,4
115,46,0,0,9998
116,45,0,0,9997
117,44,"0,1",0,2
117,44,1,1,4
118,43,1,0,4
118,43,0,0,9998
119,42,0,"0,1",9996
120,41,1,0,9996
120,41,0,0,9998
121,40,1,2,4
121,40,0,0,9998
122,39,0,0,3
123,38,0,0,9996
124,37,1,0,2
124,37,0,0,9996
125,36,1,1,2
125,36,0,0,9998
126,35,1,1,2
126,35,2,0,3
126,35,0,1,4
127,34,2,0,2
127,34,0,0,9996
127,34,1,1,9998
128,33,1,0,2
128,33,0,1,9996
129,32,1,0,2
129,32,0,1,4
130,31,0,0,2
130,31,1,1,2
131,30,1,0,2
131,30,"0,2",0,3
131,30,2,0,9996
132,29,1,0,2
132,29,2,1,3
132,29,0,0,9998
133,28,1,1,2
133,28,2,2,4
133,28,0,[NULL],9000
134,27,2,3,2
134,27,0,2,2
134,27,1,1,4
135,26,"2,3",2,2
135,26,0,0,3
135,26,3,3,9996
135,26,1,2,9997
136,25,3,2,2
136,25,0,0,2
136,25,1,2,3
136,25,2,"0,3",9996
136,25,4,0,9998
137,24,3,3,2
137,24,"0,1",1,4
137,24,2,[NULL],9000
137,24,4,3,9997
137,24,1,0,9998
138,23,1,0,2
138,23,3,1,2
138,23,2,3,3
138,23,4,[NULL],9000
138,23,0,[NULL],9000
139,22,1,0,2
139,22,2,4,9997
139,22,0,1,9998
140,21,"2,4,5",0,2
140,21,4,4,3
140,21,"0,3",[NULL],9000
140,21,5,0,9996
140,21,1,"0,4",9997
140,21,3,0,9998
141,20,3,5,3
141,20,4,[NULL],9000
141,20,8,[NULL],9958
141,20,7,[NULL],9959
141,20,"1,2",[NULL],9959
141,20,6,[NULL],9959
141,20,5,0,9996
141,20,0,0,9998
141,20,2,[NULL],9998
142,19,7,8,3
142,19,3,1,3
142,19,5,5,3
142,19,4,[NULL],9000
142,19,6,[NULL],9000
142,19,2,[NULL],9960
142,19,0,[NULL],9987
142,19,1,[NULL],9997
143,18,5,0,2
143,18,4,[NULL],9000
143,18,"1,2,3",[NULL],9956
143,18,2,[NULL],9994
143,18,3,1,9998
143,18,0,4,9998
144,17,6,"0,1",2
144,17,1,2,2
144,17,2,"0,2",2
144,17,3,[NULL],9000
144,17,4,[NULL],9993
144,17,5,4,9997
144,17,0,0,9998
145,16,"1,2",1,2
145,16,3,1,3
145,16,4,2,4
145,16,5,[NULL],9995
145,16,6,[NULL],9995
145,16,0,[NULL],9995
145,16,2,1,9998
146,15,"1,3",[NULL],9997
146,15,0,"0,1",9998
146,15,2,2,9998
146,15,3,3,9998
147,14,5,3,2
147,14,0,[NULL],9994
147,14,3,[NULL],9997
147,14,"2,4",[NULL],9997
147,14,4,[NULL],9997
147,14,1,[NULL],9997
148,13,"3,5,6,7","0,4",2
148,13,7,[NULL],9000
148,13,6,[NULL],9000
148,13,"0,1,4,5",[NULL],9993
148,13,5,[NULL],9997
148,13,4,[NULL],9997
148,13,2,"1,4,5",9998
148,13,1,4,9998
149,12,9,3,2
149,12,7,[NULL],9993
149,12,6,[NULL],9993
149,12,8,[NULL],9994
149,12,"2,4,5",[NULL],9995
149,12,5,[NULL],9995
149,12,3,[NULL],9996
149,12,1,"3,6",9998
149,12,4,5,9998
149,12,0,[NULL],9998
150,11,"6,9",8,2
150,11,"5,9,11,12","5,8",2
150,11,11,4,2
150,11,13,"1,3,7",2
150,11,9,[NULL],2
150,11,12,[NULL],9990
150,11,1,[NULL],9994
150,11,4,[NULL],9996
150,11,10,[NULL],9996
150,11,7,[NULL],9996
150,11,3,[NULL],9996
150,11,8,[NULL],9997
150,11,2,[NULL],9997
150,11,0,[NULL],9998
151,10,3,2,2
151,10,"7,11",4,2
151,10,11,6,2
151,10,"6,8",3,2
151,10,13,"5,7",2
151,10,12,[NULL],9991
151,10,4,[NULL],9996
151,10,1,2,9997
151,10,8,[NULL],9997
151,10,10,[NULL],9997
151,10,9,[NULL],9997
151,10,5,10,9998
151,10,0,[NULL],9998
151,10,2,[NULL],9998
152,9,"1,2",0,2
152,9,"4,5",1,2
152,9,"7,8",3,2
152,9,2,[NULL],9996
152,9,"5,8",0,9997
152,9,8,7,9998
152,9,6,5,9998
152,9,3,"5,6",9998
152,9,0,[NULL],9998
153,8,2,[NULL],9997
153,8,0,[NULL],9997
153,8,1,"0,1",9998
153,8,3,"3,4",9998
154,7,0,[NULL],9996
154,7,1,[NULL],9998
155,6,1,1,2
155,6,2,[NULL],9993
155,6,0,[NULL],9997
156,5,3,[NULL],9994
156,5,2,[NULL],9994
156,5,1,[NULL],9996
156,5,0,5,9998
157,4,0,0,2
157,4,"2,4",1,2
157,4,4,[NULL],9996
157,4,3,[NULL],9996
157,4,1,[NULL],9997
158,3,4,[NULL],9990
158,3,5,[NULL],9991
158,3,2,[NULL],9992
158,3,0,[NULL],9992
158,3,1,2,9998
158,3,3,"5,6",9998
159,2,2,[NULL],9993
159,2,0,[NULL],9996
159,2,1,[NULL],9996
110,52,0,0,3
111,51,0,[NULL],9000
114,48,0,0,2
115,47,0,0,9998
117,45,0,0,2
118,44,0,0,9998
119,43,0,0,2
120,42,0,0,2
121,41,0,0,9998
124,38,0,0,2
125,37,0,"0,1,2",9997
126,36,1,1,2
126,36,0,0,3
127,35,0,0,9996
131,31,0,0,2
132,30,0,0,9997
135,27,0,4,2
135,27,1,"0,1",3
136,26,0,1,2
136,26,1,2,9997
137,25,0,2,9998
138,24,1,0,2
138,24,0,3,9998
139,23,0,3,2
139,23,2,1,3
139,23,1,3,9998
140,22,0,0,2
140,22,1,4,9998
141,21,4,5,3
141,21,3,3,3
141,21,2,[NULL],9000
141,21,"0,1",[NULL],9957
141,21,1,[NULL],9960
142,20,1,3,2
142,20,4,0,2
142,20,2,4,3
142,20,0,[NULL],9961
142,20,3,4,9998
143,19,0,"0,1",2
143,19,2,[NULL],9000
143,19,1,4,9997
144,18,1,2,2
144,18,3,[NULL],9000
144,18,"0,2",[NULL],9994
144,18,2,[NULL],9997
145,17,"0,1",0,2
145,17,2,2,2
145,17,3,3,2
145,17,4,[NULL],9996
145,17,1,[NULL],9996
146,16,"2,4",[NULL],9988
146,16,3,1,9998
146,16,1,"1,2",9998
146,16,4,3,9998
146,16,0,[NULL],9998
147,15,"1,4,5",2,2
147,15,4,1,2
147,15,5,6,5
147,15,0,[NULL],9995
147,15,3,[NULL],9995
147,15,2,[NULL],9998
148,14,"3,6","1,5",2
148,14,5,"4,5",2
148,14,7,4,3
148,14,0,[NULL],9995
148,14,"1,6",[NULL],9996
148,14,6,6,9998
148,14,2,"5,6,7",9998
148,14,4,5,9998
149,13,"2,4,5",6,3
149,13,4,[NULL],9000
149,13,"8,9",[NULL],9992
149,13,5,[NULL],9992
149,13,6,[NULL],9994
149,13,9,"4,6,7",9996
149,13,3,[NULL],9996
149,13,7,5,9997
149,13,0,"1,7",9998
149,13,1,"4,7",9998
150,12,10,5,2
150,12,11,[NULL],9988
150,12,9,[NULL],9995
150,12,8,[NULL],9995
150,12,7,[NULL],9995
150,12,5,[NULL],9995
150,12,"0,6",[NULL],9996
150,12,6,[NULL],9997
150,12,"2,4",[NULL],9997
150,12,1,[NULL],9997
150,12,4,[NULL],9997
150,12,3,[NULL],9997
151,11,7,8,2
151,11,5,6,2
151,11,6,"3,6",2
151,11,4,[NULL],9992
151,11,8,[NULL],9992
151,11,3,[NULL],9996
151,11,2,[NULL],9997
151,11,1,[NULL],9997
151,11,0,[NULL],9998
152,10,"0,1",1,2
152,10,"3,4",3,2
152,10,4,[NULL],9989
152,10,1,[NULL],9995
152,10,2,1,9998
152,10,5,7,9998
153,9,2,[NULL],9996
153,9,1,[NULL],9996
153,9,0,2,9998
153,9,3,6,9998
154,8,4,[NULL],9993
154,8,1,[NULL],9996
154,8,3,1,9998
154,8,0,"1,2",9998
154,8,2,[NULL],9998
155,7,5,0,2
155,7,4,[NULL],9996
155,7,3,[NULL],9996
155,7,1,[NULL],9997
155,7,0,[NULL],9997
155,7,2,"2,5,7,8",9998
156,6,4,[NULL],9992
156,6,6,[NULL],9995
156,6,"3,5",[NULL],9997
156,6,5,[NULL],9997
156,6,"0,1,2",[NULL],9997
156,6,2,2,9998
156,6,1,"2,9,11",9998
157,5,2,1,2
157,5,"5,6",3,2
157,5,3,[NULL],9993
157,5,6,[NULL],9996
157,5,"1,7",0,9997
157,5,7,8,9997
157,5,4,[NULL],9997
157,5,0,[NULL],9998
158,4,1,[NULL],9997
158,4,0,[NULL],9997
158,4,2,9,9998
110,53,0,0,3
111,52,1,0,4
111,52,0,[NULL],9000
114,49,0,0,2
115,48,0,0,3
117,46,0,0,2
118,45,0,1,9998
120,43,0,0,2
121,42,0,1,9998
124,39,0,1,9998
125,38,0,1,9996
126,37,0,1,9998
127,36,1,0,9996
127,36,0,1,9998
128,35,0,2,9998
129,34,0,1,9998
130,33,0,1,9998
131,32,1,1,4
131,32,0,1,9998
132,31,0,1,9998
133,30,0,1,9998
134,29,2,1,3
134,29,0,1,9998
134,29,1,2,9998
135,28,0,"1,3",9998
135,28,1,2,9998
136,27,2,0,2
136,27,3,4,3
136,27,0,3,4
136,27,1,1,9998
137,26,3,0,2
137,26,2,3,9998
137,26,1,1,9998
137,26,0,4,9998
138,25,3,1,2
138,25,4,2,3
138,25,1,0,9997
138,25,2,2,9998
138,25,0,0,9998
139,24,4,1,2
139,24,0,1,3
139,24,1,2,4
139,24,3,2,9998
139,24,2,"1,2",9998
140,23,1,7,4
140,23,2,3,9998
140,23,0,1,9998
141,22,4,3,2
141,22,2,[NULL],9000
141,22,0,[NULL],9960
141,22,1,3,9996
141,22,3,0,9997
142,21,4,3,4
142,21,3,5,4
142,21,5,[NULL],9000
142,21,1,[NULL],9000
142,21,0,[NULL],9961
142,21,2,0,9996
143,20,4,5,3
143,20,1,[NULL],9000
143,20,2,[NULL],9000
143,20,0,[NULL],9960
143,20,3,[NULL],9961
144,19,4,[NULL],9000
144,19,2,[NULL],9993
144,19,3,2,9998
144,19,1,4,9998
144,19,0,"1,2",9998
145,18,1,3,2
145,18,2,"1,3",2
145,18,3,4,2
145,18,4,[NULL],9000
145,18,0,[NULL],9997
146,17,5,[NULL],3
146,17,2,[NULL],9962
146,17,3,[NULL],9962
146,17,"0,4",[NULL],9962
146,17,1,[NULL],9994
146,17,4,3,9997
147,16,6,1,2
147,16,"5,7","1,2",2
147,16,7,"2,4,6",2
147,16,8,[NULL],9961
147,16,1,[NULL],9996
147,16,2,3,9997
147,16,4,1,9997
147,16,0,0,9998
147,16,3,3,9998
148,15,"1,7",0,2
148,15,"4,7","1,6",2
148,15,6,[NULL],9991
148,15,10,[NULL],9991
148,15,9,[NULL],9993
148,15,"5,8",[NULL],9996
148,15,3,[NULL],9996
148,15,2,[NULL],9996
148,15,"0,7,8",[NULL],9996
148,15,7,3,9998
148,15,8,5,9998
149,14,6,[NULL],9951
149,14,5,[NULL],9993
149,14,1,[NULL],9995
149,14,"0,4",[NULL],9996
149,14,3,"0,4,7",9997
149,14,4,"2,8",9998
149,14,2,3,9998
150,13,2,"1,4",3
150,13,3,[NULL],9989
150,13,1,[NULL],9989
150,13,0,[NULL],9994
151,12,1,2,2
151,12,7,5,2
151,12,0,"5,8",3
151,12,3,[NULL],9000
151,12,2,[NULL],9983
151,12,4,[NULL],9993
151,12,6,[NULL],9993
151,12,5,"7,8",9997
152,11,2,0,2
152,11,6,3,2
152,11,4,[NULL],9994
152,11,5,[NULL],9994
152,11,3,[NULL],9997
152,11,1,4,9998
152,11,0,[NULL],9998
153,10,1,3,2
153,10,2,"0,3",2
153,10,0,[NULL],9998
154,9,"2,5,7,8","0,2",2
154,9,6,[NULL],9995
154,9,0,[NULL],9995
154,9,"3,8",[NULL],9995
154,9,8,[NULL],9997
154,9,4,[NULL],9997
154,9,"5,7",[NULL],9997
154,9,7,[NULL],9997
154,9,1,[NULL],9997
155,8,2,2,2
155,8,"9,11","1,2",2
155,8,8,[NULL],9994
155,8,"11,12",[NULL],9995
155,8,15,[NULL],9995
155,8,13,[NULL],9995
155,8,3,[NULL],9995
155,8,12,[NULL],9997
155,8,7,[NULL],9997
155,8,"1,4,5,6,10",[NULL],9997
155,8,14,[NULL],9997
155,8,0,"5,7,9",9998
155,8,6,"6,8",9998
155,8,10,8,9998
155,8,5,"8,9",9998
155,8,4,"7,8,9",9998
156,7,13,[NULL],9992
156,7,12,[NULL],9993
156,7,8,[NULL],9993
156,7,"0,1,4",[NULL],9996
156,7,7,[NULL],9996
156,7,"6,9",[NULL],9997
156,7,"5,9",[NULL],9997
156,7,9,"5,11",9998
156,7,10,"4,5",9998
156,7,11,"11,12",9998
156,7,"1,4",[NULL],9998
156,7,4,[NULL],9998
156,7,2,[NULL],9998
156,7,3,[NULL],9998
157,6,9,2,2
157,6,11,[NULL],9000
157,6,6,[NULL],9992
157,6,5,[NULL],9992
157,6,10,[NULL],9994
157,6,"2,3,8",[NULL],9994
157,6,7,[NULL],9997
157,6,3,[NULL],9997
157,6,4,[NULL],9997
157,6,"1,8",[NULL],9997
157,6,8,[NULL],9997
157,6,0,[NULL],9997
158,5,7,[NULL],9994
158,5,8,[NULL],9994
158,5,5,[NULL],9996
158,5,2,[NULL],9997
158,5,4,[NULL],9997
158,5,3,[NULL],9997
158,5,6,7,9998
158,5,0,[NULL],9998
158,5,1,[NULL],9998
159,4,3,[NULL],9000
159,4,2,[NULL],9985
159,4,1,[NULL],9997
159,4,0,[NULL],9997
160,3,4,[NULL],9990
160,3,2,[NULL],9990
160,3,3,[NULL],9992
160,3,0,[NULL],9992
160,3,1,[NULL],9996
161,2,0,[NULL],9997
161,2,1,2,9998
161,2,2,3,9998
111,53,0,[NULL],9000
113,51,0,0,9998
114,50,0,0,9998
117,47,1,0,2
117,47,0,0,9996
118,46,"0,1",0,4
118,46,1,0,9998
119,45,0,1,4
120,44,1,0,2
120,44,0,0,9996
121,43,0,0,9996
122,42,0,0,4
123,41,1,0,2
123,41,0,0,4
124,40,"0,1,2",0,3
124,40,2,0,9996
124,40,1,0,9998
125,39,1,0,2
125,39,0,"0,1",9998
126,38,1,0,2
126,38,0,0,4
127,37,2,0,2
127,37,1,0,4
127,37,0,"0,3",9996
128,36,1,0,2
128,36,0,1,9998
129,35,1,0,2
129,35,0,0,9997
130,34,1,0,2
130,34,0,2,4
131,33,1,0,2
131,33,0,0,3
132,32,1,0,2
132,32,0,0,9996
133,31,1,0,2
133,31,2,1,2
133,31,0,0,9998
134,30,"1,3",0,2
134,30,2,1,2
134,30,3,3,4
134,30,0,0,9998
135,29,1,1,2
135,29,2,1,3
135,29,"0,3",2,4
135,29,3,1,9998
136,28,3,2,2
136,28,1,1,2
136,28,4,0,2
136,28,2,0,9996
136,28,0,1,9998
137,27,2,2,2
137,27,0,0,2
137,27,1,0,9996
137,27,3,0,9998
138,26,2,3,2
138,26,1,"2,3",2
138,26,0,[NULL],9000
139,25,3,2,2
139,25,1,0,2
139,25,0,5,4
139,25,2,0,9998
140,24,0,5,4
140,24,1,0,9996
140,24,2,2,9998
141,23,"0,1",[NULL],9962
141,23,2,1,9996
141,23,1,1,9997
142,22,4,1,3
142,22,3,3,6
142,22,1,[NULL],9961
142,22,0,[NULL],9963
142,22,2,2,9997
143,21,2,3,2
143,21,4,1,2
143,21,1,"0,3",2
143,21,0,[NULL],9000
143,21,3,[NULL],9961
144,20,5,0,9996
144,20,2,[NULL],9996
144,20,3,1,9998
144,20,4,3,9998
144,20,1,4,9998
144,20,0,"0,4",9998
145,19,4,[NULL],9000
145,19,3,[NULL],9963
145,19,0,6,9997
145,19,"1,2",3,9998
145,19,2,[NULL],9998
146,18,0,0,2
146,18,3,3,2
146,18,4,[NULL],9990
146,18,"1,2",6,9997
146,18,2,"3,6",9997
147,17,3,1,2
147,17,5,8,2
147,17,4,[NULL],9962
147,17,6,[NULL],9996
147,17,2,[NULL],9996
147,17,0,[NULL],9997
147,17,1,2,9998
148,16,"2,8",4,2
148,16,3,2,2
148,16,5,7,3
148,16,9,[NULL],9992
148,16,"0,7,8",[NULL],9992
148,16,6,3,9996
148,16,"7,8",[NULL],9996
148,16,1,[NULL],9996
148,16,8,6,9997
148,16,4,"7,8",9997
149,15,5,[NULL],9000
149,15,7,[NULL],9000
149,15,1,[NULL],9994
149,15,8,[NULL],9996
149,15,4,[NULL],9996
149,15,"2,3,6",[NULL],9997
149,15,"3,6","5,6,7",9998
149,15,6,7,9998
149,15,0,[NULL],9998
150,14,4,[NULL],9990
150,14,"6,7",[NULL],9995
150,14,5,[NULL],9995
150,14,7,7,9997
150,14,3,[NULL],9997
150,14,2,[NULL],9997
150,14,1,"8,9",9998
150,14,0,"5,7",9998
151,13,4,1,2
151,13,7,[NULL],9000
151,13,8,[NULL],9994
151,13,10,[NULL],9994
151,13,"6,9",[NULL],9996
151,13,5,[NULL],9996
151,13,9,6,9997
151,13,0,8,9998
151,13,1,[NULL],9998
151,13,2,[NULL],9998
151,13,3,[NULL],9998
152,12,7,[NULL],9983
152,12,3,[NULL],9991
152,12,6,[NULL],9996
152,12,4,[NULL],9997
152,12,5,[NULL],9997
152,12,2,[NULL],9997
152,12,0,"0,4,5",9998
152,12,1,[NULL],9998
153,11,3,[NULL],9996
153,11,0,[NULL],9998
153,11,1,[NULL],9998
153,11,2,[NULL],9998
154,10,"5,7,9",0,2
154,10,"6,8",6,2
154,10,8,10,2
154,10,9,"5,10",2
154,10,7,"1,6,10",2
154,10,4,[NULL],9995
154,10,0,[NULL],9998
154,10,1,[NULL],9998
154,10,2,[NULL],9998
154,10,3,[NULL],9998
155,9,"5,11",5,2
155,9,"4,11","6,10",2
155,9,"11,12",11,2
155,9,13,[NULL],9993
155,9,6,[NULL],9994
155,9,"7,8,12",4,9997
155,9,12,[NULL],9997
155,9,9,[NULL],9997
155,9,1,"0,4,5,8",9998
155,9,2,"2,8",9998
155,9,3,"4,6",9998
155,9,8,4,9998
155,9,10,8,9998
155,9,0,[NULL],9998
156,8,0,"1,7",3
156,8,8,7,3
156,8,3,[NULL],9997
156,8,2,[NULL],9997
156,8,1,[NULL],9997
156,8,5,[NULL],9997
156,8,6,8,9998
156,8,4,4,9998
156,8,7,9,9998
157,7,7,6,2
157,7,6,[NULL],9995
157,7,3,[NULL],9995
157,7,5,[NULL],9997
157,7,4,[NULL],9997
157,7,2,[NULL],9997
157,7,1,[NULL],9997
157,7,0,[NULL],9998
158,6,"5,9",[NULL],9985
158,6,8,[NULL],9993
158,6,9,12,9997
158,6,7,[NULL],9997
158,6,4,[NULL],9997
158,6,3,[NULL],9997
158,6,2,3,9998
158,6,6,8,9998
158,6,0,"3,6",9998
158,6,1,[NULL],9998
159,5,3,[NULL],9990
159,5,1,[NULL],9996
159,5,"0,5",[NULL],9996
159,5,5,12,9997
159,5,"2,4",[NULL],9997
159,5,4,12,9998
160,4,2,1,2
160,4,3,"0,2",2
160,4,"0,1",[NULL],9997
160,4,1,[NULL],9997
161,3,2,[NULL],9995
161,3,0,[NULL],9996
161,3,1,2,9998
111,54,0,[NULL],9000
112,53,0,0,2
113,52,0,0,2
114,51,0,0,9998
117,48,0,1,2
118,47,0,0,9998
123,42,0,1,2
124,41,"0,1",0,2
124,41,1,0,9998
125,40,1,0,9997
125,40,0,0,9998
126,39,0,0,4
127,38,1,0,2
127,38,0,0,9996
128,37,0,"2,3",9997
128,37,1,2,9997
132,33,0,0,2
133,32,0,0,2
134,31,1,3,2
134,31,0,"0,1",9997
135,30,1,0,2
135,30,0,0,9997
136,29,0,3,2
137,28,0,1,3
138,27,0,2,2
139,26,2,2,2
139,26,0,[NULL],9000
139,26,1,2,9997
140,25,0,3,3
141,24,0,0,9997
142,23,1,[NULL],9961
142,23,0,[NULL],9991
142,23,2,0,9997
143,22,1,3,2
143,22,3,4,2
143,22,4,1,2
143,22,0,"0,1",2
143,22,2,[NULL],9963
144,21,3,"1,2",2
144,21,5,[NULL],9000
144,21,4,[NULL],9000
144,21,0,[NULL],9963
144,21,1,[NULL],9995
144,21,2,"3,4",9998
145,20,3,4,3
145,20,"2,4",[NULL],9993
145,20,4,1,9997
145,20,"0,1",5,9998
145,20,1,"0,4,5",9998
146,19,2,1,2
146,19,3,2,3
146,19,1,4,3
146,19,0,4,9998
147,18,5,[NULL],9000
147,18,4,[NULL],9959
147,18,3,2,9997
147,18,1,5,9998
147,18,0,"2,3,7",9998
147,18,2,2,9998
148,17,"5,6,7","3,6",2
148,17,7,6,2
148,17,"0,4",3,3
148,17,"4,6",9,4
148,17,"8,9",[NULL],9000
148,17,3,[NULL],9960
148,17,9,[NULL],9994
148,17,"1,2,6",[NULL],9994
148,17,6,5,9996
148,17,10,9,9997
148,17,2,2,9997
149,16,"8,9",1,2
149,16,"5,7",0,2
149,16,9,[NULL],9000
149,16,4,[NULL],9995
149,16,3,[NULL],9995
149,16,6,4,9997
149,16,"2,7","5,7",9998
149,16,7,8,9998
149,16,0,"0,5",9998
149,16,1,"3,5,7",9998
150,15,8,"0,4,6",2
150,15,7,5,3
150,15,5,[NULL],9987
150,15,6,[NULL],9987
150,15,1,[NULL],9991
150,15,3,2,9996
150,15,2,[NULL],9996
150,15,4,5,9998
150,15,0,[NULL],9998
151,14,"0,4,5",0,2
151,14,1,[NULL],9995
151,14,"2,4,5",[NULL],9995
151,14,"8,10",[NULL],9995
151,14,10,2,9997
151,14,9,[NULL],9997
151,14,"4,5",4,9998
151,14,7,"1,4",9998
151,14,6,"1,2,4",9998
151,14,3,[NULL],9998
151,14,5,[NULL],9998
152,13,7,[NULL],9000
152,13,4,[NULL],9992
152,13,6,[NULL],9996
152,13,3,[NULL],9997
152,13,5,"2,3",9998
152,13,1,1,9998
152,13,0,[NULL],9998
152,13,2,[NULL],9998
153,12,0,[NULL],9988
153,12,3,[NULL],9994
153,12,2,[NULL],9995
153,12,1,[NULL],9997
154,11,"0,4,5,8",1,2
154,11,"2,8",2,2
154,11,"4,6",3,2
154,11,6,"3,8",2
154,11,8,10,2
154,11,3,[NULL],9994
154,11,5,[NULL],9995
154,11,7,[NULL],9995
154,11,1,[NULL],9997
155,10,8,6,2
155,10,4,4,2
155,10,9,7,2
155,10,10,[NULL],9984
155,10,7,[NULL],9987
155,10,"5,6",[NULL],9997
155,10,3,3,9998
155,10,6,6,9998
155,10,0,[NULL],9998
155,10,1,[NULL],9998
155,10,2,[NULL],9998
156,9,8,[NULL],9988
156,9,2,[NULL],9989
156,9,10,[NULL],9994
156,9,9,[NULL],9994
156,9,3,[NULL],9994
156,9,4,[NULL],9995
156,9,6,[NULL],9995
156,9,7,[NULL],9997
156,9,1,[NULL],9997
156,9,5,10,9998
156,9,0,[NULL],9998
157,8,3,2,2
157,8,8,6,2
157,8,6,"0,2,3",2
157,8,2,[NULL],9994
157,8,16,[NULL],9994
157,8,15,6,9996
157,8,13,[NULL],9996
157,8,14,[NULL],9996
157,8,"9,10,11",[NULL],9996
157,8,11,[NULL],9996
157,8,12,[NULL],9997
157,8,7,[NULL],9997
157,8,5,[NULL],9997
157,8,10,[NULL],9997
157,8,4,[NULL],9997
157,8,0,[NULL],9997
157,8,1,[NULL],9998
158,7,12,4,2
158,7,15,[NULL],9000
158,7,13,[NULL],9991
158,7,7,[NULL],9993
158,7,9,[NULL],9994
158,7,17,[NULL],9995
158,7,16,[NULL],9995
158,7,14,[NULL],9996
158,7,6,[NULL],9996
158,7,8,[NULL],9997
158,7,11,7,9998
158,7,10,6,9998
158,7,5,10,9998
158,7,0,[NULL],9998
158,7,1,[NULL],9998
158,7,2,[NULL],9998
158,7,3,[NULL],9998
158,7,4,[NULL],9998
159,6,10,[NULL],9991
159,6,7,[NULL],9993
159,6,2,[NULL],9994
159,6,1,[NULL],9996
159,6,9,[NULL],9996
159,6,8,14,9997
159,6,5,[NULL],9997
159,6,4,[NULL],9997
159,6,3,[NULL],9997
159,6,6,[NULL],9997
159,6,0,"7,12",9998
160,5,2,1,2
160,5,1,[NULL],9990
160,5,4,[NULL],9991
160,5,0,[NULL],9992
160,5,3,[NULL],9994
161,4,2,[NULL],9000
161,4,1,[NULL],9000
161,4,0,[NULL],9991
162,3,0,[NULL],9992
111,55,0,[NULL],9000
112,54,0,[NULL],9000
113,53,0,0,2
114,52,0,0,9998
117,49,0,0,2
118,48,0,0,9996
123,43,0,1,2
124,42,0,0,2
124,42,1,0,4
125,41,0,1,9998
126,40,0,1,4
127,39,1,0,9996
127,39,0,"2,3",9998
128,38,0,0,3
129,37,0,1,9998
130,36,0,"0,1",9998
131,35,0,1,9998
132,34,0,1,9998
133,33,0,0,9998
133,33,1,1,9998
134,32,1,0,9997
134,32,0,2,9998
135,31,0,1,9998
136,30,0,1,9998
137,29,0,1,9998
137,29,1,2,9998
138,28,0,"1,3",9998
138,28,1,2,9998
139,27,0,"0,1",9997
139,27,1,1,9998
140,26,1,0,3
140,26,3,1,4
140,26,0,2,9998
140,26,2,1,9998
141,25,2,2,3
141,25,0,2,4
141,25,1,2,9998
142,24,0,[NULL],9961
142,24,1,"0,1",9996
142,24,2,1,9998
143,23,"3,4",2,2
143,23,"0,1",[NULL],9000
143,23,1,[NULL],9964
143,23,4,1,9996
143,23,2,0,9998
144,22,5,"0,1",2
144,22,"0,4",0,2
144,22,6,0,3
144,22,3,[NULL],9000
144,22,4,[NULL],9964
144,22,2,1,9998
144,22,1,3,9998
145,21,4,0,2
145,21,6,"1,2",3
145,21,3,1,3
145,21,"0,2,5","0,3",9997
145,21,2,3,9997
145,21,5,3,9998
145,21,1,2,9998
146,20,5,1,2
146,20,"2,3,7",0,2
146,20,"3,7","0,2",2
146,20,7,[NULL],9000
146,20,4,[NULL],9000
146,20,6,1,9996
146,20,1,3,9998
146,20,0,"0,3",9998
147,19,6,8,3
147,19,"7,8",4,3
147,19,8,[NULL],9000
147,19,4,[NULL],9964
147,19,"2,3",[NULL],9964
147,19,5,0,9997
147,19,0,"1,2",9997
147,19,1,5,9998
147,19,3,7,9998
148,18,"5,7","2,7",2
148,18,8,7,2
148,18,"0,7","0,2,7",2
148,18,3,"1,2,3,7",2
148,18,9,[NULL],9000
148,18,7,[NULL],9995
148,18,2,6,9996
148,18,4,0,9997
148,18,6,5,9998
148,18,1,8,9998
149,17,5,4,2
149,17,7,6,3
149,17,9,[NULL],9000
149,17,3,[NULL],9993
149,17,"4,8","1,3,4",9996
149,17,8,"3,4",9996
149,17,"0,6",[NULL],9996
149,17,6,[NULL],9996
149,17,1,[NULL],9996
149,17,2,2,9997
150,16,4,"4,5",2
150,16,1,"4,5,7",2
150,16,2,"2,4,5,6,7",2
150,16,6,6,3
150,16,3,2,9998
150,16,0,"2,3",9998
150,16,5,6,9998
151,15,"2,3",5,2
151,15,1,1,2
151,15,3,[NULL],9993
151,15,6,[NULL],9993
151,15,"0,4",[NULL],9996
151,15,5,3,9997
151,15,4,5,9998
152,14,1,2,9998
152,14,2,3,9998
152,14,0,[NULL],9998
154,12,3,3,2
154,12,6,6,2
154,12,2,[NULL],2
154,12,4,"7,8,12",3
154,12,5,[NULL],9994
154,12,0,[NULL],9998
154,12,1,[NULL],9998
155,11,10,5,2
155,11,8,[NULL],9994
155,11,"11,12",[NULL],9995
155,11,12,[NULL],9995
155,11,"6,7,9",[NULL],9995
155,11,9,[NULL],9996
155,11,5,[NULL],9996
155,11,7,[NULL],9996
155,11,4,[NULL],9997
155,11,3,[NULL],9997
155,11,0,[NULL],9998
155,11,1,[NULL],9998
155,11,2,[NULL],9998
156,10,"5,8,10",[NULL],9995
156,10,10,[NULL],9996
156,10,"0,7",[NULL],9996
156,10,"7,9",[NULL],9996
156,10,6,5,9997
156,10,9,[NULL],9997
156,10,8,[NULL],9997
156,10,1,[NULL],9998
156,10,2,[NULL],9998
156,10,3,[NULL],9998
156,10,4,[NULL],9998
157,9,7,11,2
157,9,6,10,2
157,9,10,5,2
157,9,12,9,3
157,9,9,[NULL],9995
157,9,5,[NULL],9995
157,9,11,9,9997
157,9,"0,3,4",[NULL],9997
157,9,8,[NULL],9997
157,9,3,[NULL],9997
157,9,2,[NULL],9997
157,9,1,[NULL],9997
157,9,4,[NULL],9997
158,8,"7,12",0,2
158,8,12,5,3
158,8,3,[NULL],9995
158,8,10,6,9997
158,8,11,[NULL],9997
158,8,5,[NULL],9997
158,8,"6,9",[NULL],9997
158,8,2,[NULL],9997
158,8,9,[NULL],9997
158,8,8,14,9998
158,8,4,"14,16",9998
158,8,1,17,9998
158,8,0,[NULL],9998
159,7,6,[NULL],9000
159,7,7,[NULL],9994
159,7,3,[NULL],9997
159,7,"1,2",[NULL],9997
159,7,2,"8,14",9998
159,7,4,"5,8",9998
159,7,5,"12,14",9998
159,7,0,[NULL],9998
160,6,3,[NULL],9000
160,6,2,[NULL],9995
160,6,"0,1",14,9998
160,6,1,[NULL],9998
161,5,0,[NULL],9994
113,54,0,0,2
116,51,0,0,4
117,50,0,0,9998
119,48,0,0,4
120,47,0,0,4
121,46,0,0,9997
122,45,0,0,9996
123,44,0,2,4
124,43,1,0,2
124,43,0,1,3
125,42,0,0,9996
125,42,1,0,9998
126,41,"2,3",0,2
126,41,"0,3",0,4
126,41,3,0,9996
126,41,1,0,9997
127,40,"2,3",0,3
127,40,3,"0,1",3
127,40,0,0,9996
127,40,1,1,9998
128,39,1,0,2
128,39,0,2,9998
129,38,"0,1",0,2
129,38,1,0,9996
130,37,1,0,2
130,37,0,0,9996
131,36,1,0,2
131,36,0,0,4
132,35,0,0,2
132,35,1,1,2
133,34,2,0,2
133,34,"0,1",0,3
133,34,1,"0,1",9996
134,33,1,0,2
134,33,0,0,3
135,32,1,0,2
135,32,0,2,4
136,31,1,0,2
136,31,2,1,2
136,31,0,1,4
137,30,"1,3",0,2
137,30,2,1,2
137,30,3,0,9996
137,30,0,0,9998
138,29,1,1,2
138,29,2,1,3
138,29,0,1,9997
138,29,3,1,9998
139,28,2,0,2
139,28,1,2,2
139,28,0,1,4
140,27,2,1,2
140,27,0,0,3
140,27,1,2,4
141,26,1,2,2
141,26,0,2,3
141,26,2,0,9996
142,25,0,2,2
142,25,2,[NULL],9993
142,25,1,"1,3",9996
142,25,3,3,9997
143,24,1,2,2
143,24,3,1,2
143,24,0,5,4
143,24,2,[NULL],9000
144,23,3,5,2
144,23,2,1,2
144,23,1,4,3
144,23,0,2,9998
145,22,3,1,2
145,22,0,"0,1",2
145,22,2,"1,2",9996
145,22,1,0,9997
146,21,5,1,2
146,21,7,3,2
146,21,2,3,3
146,21,8,[NULL],9960
146,21,"3,4",[NULL],9962
146,21,0,[NULL],9993
146,21,4,0,9996
146,21,6,1,9998
146,21,1,2,9998
147,20,5,6,2
147,20,8,1,2
147,20,9,10,3
147,20,2,2,3
147,20,3,6,4
147,20,7,[NULL],9000
147,20,"1,4,6",[NULL],9965
147,20,6,[NULL],9965
147,20,"0,4",1,9997
147,20,4,3,9998
148,19,4,6,3
148,19,5,[NULL],9000
148,19,3,[NULL],9965
148,19,1,[NULL],9996
148,19,2,"2,3,4,5",9998
148,19,0,"2,4,5",9998
149,18,2,3,2
149,18,3,"0,3",2
149,18,6,5,2
149,18,1,[NULL],9000
149,18,5,[NULL],9000
149,18,0,[NULL],9996
149,18,4,2,9997
150,17,5,4,2
150,17,2,10,3
150,17,3,[NULL],9993
150,17,4,[NULL],9993
150,17,1,1,9998
150,17,0,[NULL],9998
151,16,2,1,2
151,16,3,2,2
151,16,0,[NULL],9000
151,16,1,[NULL],9997
152,15,5,[NULL],9989
152,15,2,[NULL],9990
152,15,1,1,9997
152,15,3,[NULL],9997
152,15,0,[NULL],9997
152,15,4,3,9998
153,14,9,[NULL],9966
153,14,5,[NULL],9990
153,14,1,[NULL],9990
153,14,3,[NULL],9990
153,14,8,[NULL],9990
153,14,4,[NULL],9996
153,14,7,[NULL],9996
153,14,0,[NULL],9997
153,14,2,[NULL],9997
153,14,6,"2,3,4",9998
154,13,13,[NULL],2
154,13,"3,6,12",[NULL],9988
154,13,12,[NULL],9988
154,13,"1,2,7,10",[NULL],9996
154,13,10,6,9997
154,13,11,3,9997
154,13,"4,7,8,9",[NULL],9997
154,13,6,[NULL],9997
154,13,5,[NULL],9997
154,13,"8,9",[NULL],9997
154,13,7,[NULL],9997
154,13,0,[NULL],9997
154,13,9,3,9998
154,13,2,4,9998
155,12,11,[NULL],9000
155,12,9,[NULL],9995
155,12,7,[NULL],9996
155,12,"8,10",[NULL],9997
155,12,"0,1,2,4,6",[NULL],9997
155,12,6,[NULL],9997
155,12,"4,10",[NULL],9997
155,12,10,7,9998
155,12,1,8,9998
155,12,2,"6,7,8",9998
155,12,5,3,9998
155,12,3,[NULL],9998
156,11,"10,11",[NULL],9995
156,11,8,[NULL],9996
156,11,9,[NULL],9996
156,11,4,[NULL],9996
156,11,6,[NULL],9996
156,11,11,[NULL],9996
156,11,7,[NULL],9996
156,11,5,[NULL],9997
156,11,"0,1,3,12",[NULL],9997
156,11,2,[NULL],9997
156,11,"3,12","6,7,9",9998
156,11,1,"4,6,7,9",9998
156,11,12,9,9998
157,10,14,8,2
157,10,16,"4,8",2
157,10,17,"1,2,6,11",2
157,10,13,[NULL],9996
157,10,"12,15",[NULL],9996
157,10,15,[NULL],9996
157,10,"2,4",7,9997
157,10,"0,11",[NULL],9997
157,10,"6,7","4,9",9998
157,10,11,[NULL],9998
157,10,1,[NULL],9998
157,10,4,[NULL],9998
157,10,3,[NULL],9998
157,10,5,[NULL],9998
157,10,7,[NULL],9998
157,10,8,[NULL],9998
157,10,9,[NULL],9998
157,10,10,[NULL],9998
158,9,"8,14",2,2
158,9,"5,14","1,4",2
158,9,"12,14",5,2
158,9,14,8,3
158,9,15,[NULL],9988
158,9,13,[NULL],9993
158,9,16,[NULL],9994
158,9,7,[NULL],9996
158,9,6,[NULL],9996
158,9,10,[NULL],9997
158,9,11,9,9998
158,9,9,4,9998
158,9,1,"4,10",9998
158,9,0,[NULL],9998
158,9,2,[NULL],9998
158,9,3,[NULL],9998
158,9,4,[NULL],9998
159,8,14,"0,1",2
159,8,"9,10",[NULL],9993
159,8,8,[NULL],9994
159,8,13,[NULL],9994
159,8,7,[NULL],9997
159,8,5,[NULL],9997
159,8,"4,10,12",[NULL],9997
159,8,2,[NULL],9997
159,8,3,[NULL],9997
159,8,6,"3,14",9998
159,8,"10,12",11,9998
159,8,11,"10,14",9998
159,8,12,14,9998
159,8,0,[NULL],9998
159,8,1,[NULL],9998
160,7,8,[NULL],9000
160,7,"9,11",[NULL],9990
160,7,11,[NULL],9990
160,7,12,[NULL],9990
160,7,5,[NULL],9991
160,7,3,[NULL],9992
160,7,10,[NULL],9994
160,7,7,[NULL],9996
160,7,2,[NULL],9996
160,7,4,[NULL],9996
160,7,6,[NULL],9996
160,7,"0,1",[NULL],9997
160,7,1,3,9998
161,6,10,[NULL],9990
161,6,3,[NULL],9993
161,6,7,[NULL],9994
161,6,9,[NULL],9995
161,6,8,[NULL],9995
161,6,4,[NULL],9996
161,6,6,[NULL],9997
161,6,5,[NULL],9997
161,6,"0,1",[NULL],9997
161,6,"1,2",[NULL],9997
161,6,2,4,9998
162,5,6,[NULL],9993
162,5,5,5,9996
162,5,3,[NULL],9997
162,5,4,[NULL],9997
162,5,0,[NULL],9998
162,5,1,[NULL],9998
162,5,2,[NULL],9998
163,4,2,[NULL],9995
163,4,0,[NULL],9998
163,4,1,[NULL],9998
164,3,3,[NULL],9992
164,3,4,[NULL],9992
164,3,2,[NULL],9996
164,3,1,[NULL],9996
164,3,0,0,9998
165,2,0,[NULL],9997
165,2,1,[NULL],9997
165,2,2,2,9998
113,55,0,[NULL],9000
116,52,0,0,2
117,51,0,0,9998
124,44,0,1,2
125,43,0,0,9998
126,42,1,1,2
126,42,0,0,4
127,41,2,0,2
127,41,0,0,9996
127,41,1,1,9998
128,40,0,2,9998
133,35,0,1,3
134,34,1,1,9997
134,34,0,"0,1",9998
136,32,0,0,2
137,31,1,3,2
137,31,0,"0,2",9997
138,30,"0,1",0,3
138,30,1,2,9997
141,27,0,2,9997
143,25,2,0,2
143,25,0,[NULL],9966
143,25,1,3,9998
144,24,"0,3","0,2,5",3
144,24,3,2,3
144,24,2,[NULL],9000
144,24,1,3,9998
145,23,1,6,2
145,23,2,1,2
145,23,0,[NULL],9000
146,22,3,4,2
146,22,0,5,3
146,22,"1,2",0,3
146,22,2,1,9997
147,21,"2,3,4,5",2,2
147,21,3,"0,2",2
147,21,0,4,3
147,21,5,6,4
147,21,4,3,9998
147,21,1,2,9998
148,20,2,2,3
148,20,4,4,9997
148,20,5,3,9997
148,20,"0,1,3",[NULL],9997
148,20,3,3,9998
148,20,1,"1,5",9998
149,19,1,1,2
149,19,2,3,4
149,19,4,[NULL],9959
149,19,0,[NULL],9967
149,19,3,[NULL],9995
150,18,3,5,3
150,18,"0,1",4,9998
150,18,2,3,9998
150,18,1,"2,4",9998
151,17,3,4,2
151,17,0,[NULL],9994
151,17,2,1,9995
151,17,1,4,9998
152,16,"2,3,4",6,2
152,16,5,[NULL],9995
152,16,"3,4",[NULL],9995
152,16,"1,4",[NULL],9995
152,16,4,[NULL],9995
152,16,0,3,9998
153,15,3,9,2
153,15,4,"2,8,9",2
153,15,"0,5",[NULL],9967
153,15,1,[NULL],9991
153,15,5,[NULL],9991
153,15,2,1,9998
154,14,7,4,2
154,14,8,"0,2,4,6",2
154,14,6,0,2
154,14,3,5,2
154,14,4,[NULL],9989
154,14,5,6,9997
154,14,2,[NULL],9997
154,14,1,[NULL],9997
154,14,0,[NULL],9998
155,13,"6,7,9","2,3,12",2
155,13,4,"1,2,3,6,12",2
155,13,9,"2,12",2
155,13,5,6,3
155,13,3,[NULL],3
155,13,0,[NULL],9996
155,13,8,"7,8",9997
155,13,2,5,9997
155,13,7,4,9998
155,13,1,5,9998
155,13,10,6,9998
156,12,"4,9","6,7,14",2
156,12,"7,10",[NULL],2
156,12,9,11,3
156,12,6,"2,15",4
156,12,10,[NULL],9000
156,12,5,[NULL],9995
156,12,8,11,9997
156,12,3,[NULL],9997
156,12,2,"3,4",9998
156,12,0,[NULL],9998
156,12,1,[NULL],9998
157,11,9,11,2
157,11,4,9,2
157,11,10,"1,9",2
157,11,6,10,3
157,11,8,[NULL],9991
157,11,12,[NULL],9991
157,11,5,[NULL],9992
157,11,7,[NULL],9994
157,11,3,[NULL],9996
157,11,11,13,9997
157,11,2,[NULL],9997
157,11,0,[NULL],9998
157,11,1,[NULL],9998
158,10,"3,14",6,2
158,10,11,"10,12",2
158,10,"10,14",11,2
158,10,14,12,2
158,10,13,[NULL],9000
158,10,12,7,9996
158,10,9,[NULL],9996
158,10,5,[NULL],9996
158,10,4,[NULL],9996
158,10,8,[NULL],9997
158,10,7,[NULL],9997
158,10,2,[NULL],9997
158,10,6,[NULL],9997
158,10,1,6,9998
158,10,0,[NULL],9998
159,9,3,1,2
159,9,8,6,9996
159,9,4,0,9996
159,9,7,[NULL],9996
159,9,5,[NULL],9997
159,9,6,[NULL],9997
159,9,0,[NULL],9998
159,9,1,[NULL],9998
159,9,2,[NULL],9998
160,8,4,2,2
160,8,2,[NULL],9995
160,8,3,[NULL],9997
160,8,1,7,9998
160,8,0,[NULL],9998
161,7,5,[NULL],9992
161,7,3,[NULL],9994
161,7,6,[NULL],9995
161,7,4,[NULL],9995
161,7,2,[NULL],9996
161,7,7,[NULL],9996
161,7,0,[NULL],9998
161,7,1,[NULL],9998
162,6,5,[NULL],9994
162,6,6,[NULL],9995
162,6,4,[NULL],9995
162,6,2,[NULL],9996
162,6,3,14,9998
162,6,0,[NULL],9998
162,6,1,[NULL],9998
163,5,0,0,2
163,5,2,[NULL],9996
163,5,1,8,9997
164,4,2,"0,2",2
164,4,"0,1",[NULL],9997
164,4,1,8,9998
165,3,2,"7,8",9997
165,3,1,[NULL],9997
165,3,0,[NULL],9997
113,56,0,[NULL],9000
116,53,0,0,2
117,52,0,0,4
120,49,0,0,3
124,45,0,0,2
125,44,0,1,3
126,43,1,1,2
126,43,0,1,4
127,42,2,0,2
127,42,0,0,9996
127,42,1,1,9996
130,39,0,1,9998
131,38,0,"1,2",9998
132,37,0,2,9998
133,36,"0,1",0,2
133,36,1,2,9998
134,35,0,0,9998
134,35,1,2,9998
135,34,0,2,9998
136,33,1,1,9998
136,33,0,"0,2",9998
137,32,1,0,3
137,32,0,1,9998
138,31,0,1,9998
139,30,0,0,9998
140,29,1,2,9998
140,29,2,1,9998
140,29,0,"2,3",9998
141,28,3,3,3
141,28,"0,1",1,4
141,28,1,"2,3",9998
141,28,2,1,9998
142,27,3,1,2
142,27,1,4,4
142,27,0,2,9998
142,27,2,0,9998
143,26,3,1,2
143,26,4,[NULL],9000
143,26,2,"0,1",9996
143,26,0,"2,3",9998
143,26,1,0,9998
144,25,0,1,3
144,25,2,"0,2",9996
144,25,3,2,9998
144,25,1,0,9998
145,24,1,6,4
145,24,0,0,9998
146,23,3,4,2
146,23,2,1,2
146,23,1,"0,1",3
146,23,0,[NULL],9966
146,23,4,0,9997
147,22,3,3,2
147,22,"1,5",1,2
147,22,6,2,4
147,22,2,[NULL],9964
147,22,4,[NULL],9967
147,22,0,1,9996
147,22,5,3,9998
148,21,2,4,3
148,21,"1,3,4","4,8",4
148,21,"3,4",8,4
148,21,4,[NULL],9000
148,21,0,[NULL],9000
149,20,4,"0,1",2
149,20,3,2,2
149,20,2,0,2
149,20,1,[NULL],9000
149,20,0,3,9998
150,19,4,1,2
150,19,6,[NULL],9000
150,19,3,[NULL],9000
150,19,5,[NULL],9000
150,19,0,[NULL],9995
150,19,1,[NULL],9995
150,19,2,2,9998
151,18,3,0,2
151,18,1,1,3
151,18,2,5,9998
151,18,0,[NULL],9998
152,17,1,2,2
152,17,2,[NULL],9991
152,17,0,3,9997
153,16,6,10,3
153,16,3,11,3
153,16,5,[NULL],9000
153,16,4,[NULL],9968
153,16,0,0,9997
153,16,2,3,9998
153,16,1,[NULL],9998
154,15,4,7,2
154,15,5,1,2
154,15,6,10,2
154,15,7,[NULL],9000
154,15,1,[NULL],9989
154,15,2,[NULL],9989
154,15,3,[NULL],9990
154,15,0,[NULL],9998
155,14,"3,4",2,2
155,14,5,1,9996
155,14,"0,4",[NULL],9996
155,14,4,8,9998
155,14,2,"1,8",9998
155,14,1,[NULL],9998
156,13,7,"2,4",3
156,13,"5,6",[NULL],9996
156,13,4,[NULL],9996
156,13,6,"2,5",9997
156,13,2,[NULL],9997
156,13,"1,3",[NULL],9997
156,13,3,[NULL],9997
156,13,0,"6,10",9998
157,12,6,1,2
157,12,13,[NULL],9992
157,12,"0,7",[NULL],9992
157,12,5,[NULL],9996
157,12,12,[NULL],9996
157,12,14,6,9997
157,12,11,5,9997
157,12,"1,3,4",[NULL],9997
157,12,8,[NULL],9997
157,12,7,[NULL],9997
157,12,3,[NULL],9997
157,12,10,12,9998
157,12,9,6,9998
157,12,4,[NULL],9998
157,12,2,[NULL],9998
158,11,12,[NULL],9992
158,11,13,[NULL],9995
158,11,6,[NULL],9996
158,11,14,[NULL],9997
158,11,4,[NULL],9997
158,11,"7,11",[NULL],9997
158,11,9,[NULL],9997
158,11,8,[NULL],9997
158,11,5,[NULL],9997
158,11,11,12,9998
158,11,10,11,9998
158,11,0,[NULL],9998
158,11,1,[NULL],9998
158,11,2,[NULL],9998
158,11,3,[NULL],9998
159,10,7,1,2
159,10,8,[NULL],9996
159,10,4,[NULL],9996
159,10,0,[NULL],9997
159,10,9,12,9998
159,10,1,[NULL],9998
159,10,2,[NULL],9998
159,10,3,[NULL],9998
159,10,5,[NULL],9998
159,10,6,[NULL],9998
160,9,"10,11",[NULL],9992
160,9,11,[NULL],9992
160,9,9,[NULL],9993
160,9,7,[NULL],9993
160,9,5,[NULL],9996
160,9,4,[NULL],9996
160,9,"6,8",[NULL],9997
160,9,0,[NULL],9997
160,9,8,[NULL],9997
160,9,1,[NULL],9998
160,9,2,[NULL],9998
160,9,3,[NULL],9998
161,8,14,3,2
161,8,10,[NULL],2
161,8,16,[NULL],9000
161,8,15,[NULL],9992
161,8,13,[NULL],9992
161,8,7,[NULL],9992
161,8,12,[NULL],9993
161,8,9,[NULL],9995
161,8,11,[NULL],9996
161,8,"0,2",[NULL],9997
161,8,6,[NULL],9997
161,8,2,[NULL],9997
161,8,3,[NULL],9997
161,8,4,[NULL],9997
161,8,1,1,9998
161,8,8,2,9998
161,8,5,"2,3",9998
162,7,11,[NULL],9990
162,7,10,[NULL],9990
162,7,15,[NULL],9990
162,7,14,[NULL],9993
162,7,"12,13",[NULL],9996
162,7,13,[NULL],9996
162,7,8,[NULL],9996
162,7,5,[NULL],9997
162,7,"0,9",[NULL],9997
162,7,2,[NULL],9997
162,7,"3,4",[NULL],9997
162,7,"1,9",[NULL],9997
162,7,9,3,9998
162,7,4,"1,3",9998
162,7,6,0,9998
162,7,7,7,9998
163,6,8,1,2
163,6,10,[NULL],9987
163,6,9,[NULL],9997
163,6,5,[NULL],9997
163,6,"3,6",[NULL],9997
163,6,7,[NULL],9997
163,6,6,[NULL],9997
163,6,4,[NULL],9997
163,6,0,"3,4",9998
163,6,1,[NULL],9998
163,6,2,[NULL],9998
164,5,6,[NULL],9996
164,5,7,15,9997
164,5,"4,5",[NULL],9997
164,5,"1,2",[NULL],9997
164,5,"3,5",[NULL],9997
164,5,"2,5",[NULL],9997
164,5,5,10,9998
164,5,0,[NULL],9998
165,4,8,[NULL],9991
165,4,6,[NULL],9996
165,4,7,17,9997
165,4,5,[NULL],9997
165,4,3,[NULL],9997
165,4,4,[NULL],9997
165,4,2,[NULL],9997
165,4,1,[NULL],9997
165,4,0,[NULL],9998
166,3,2,[NULL],9992
166,3,3,[NULL],9992
166,3,0,[NULL],9995
166,3,1,[NULL],9995
119,51,0,0,9996
120,50,0,0,9998
121,49,0,0,4
122,48,0,0,9998
123,47,0,0,9996
124,46,0,0,4
125,45,0,3,4
126,44,0,0,4
126,44,1,0,9996
127,43,0,1,9996
127,43,1,0,9996
128,42,0,1,4
129,41,1,0,2
129,41,0,0,4
130,40,"1,2",0,2
130,40,2,1,9996
130,40,0,0,9998
131,39,2,0,2
131,39,"0,1",0,9997
131,39,1,1,9998
132,38,2,1,2
132,38,"0,1",1,4
132,38,1,0,9998
133,37,0,0,2
133,37,2,1,2
133,37,1,1,3
134,36,2,0,2
134,36,1,2,9997
134,36,0,0,9998
135,35,1,1,2
135,35,"0,2",0,2
135,35,2,"0,2",9996
136,34,1,0,2
136,34,"0,2",0,3
136,34,2,3,4
137,33,1,0,2
137,33,2,1,3
137,33,0,0,9998
138,32,0,0,2
138,32,1,0,9996
139,31,2,1,2
139,31,1,2,2
139,31,3,"0,1",2
139,31,0,0,9996
140,30,"2,3",1,2
140,30,1,2,2
140,30,3,0,3
140,30,0,2,4
141,29,2,0,2
141,29,0,2,2
141,29,"1,3",1,4
141,29,3,0,9998
142,28,"2,3",0,2
142,28,0,1,2
142,28,3,4,9996
142,28,1,[NULL],9996
143,27,2,3,2
143,27,0,1,2
143,27,1,1,9996
144,26,0,0,2
144,26,"1,2",2,4
144,26,2,[NULL],9000
145,25,1,2,3
145,25,0,4,4
146,24,3,5,2
146,24,"0,1",[NULL],9000
146,24,2,"1,3",9996
146,24,1,0,9997
147,23,4,4,3
147,23,3,5,3
147,23,2,[NULL],6
147,23,0,[NULL],9000
147,23,1,2,9997
148,22,3,0,2
148,22,2,[NULL],9000
148,22,1,[NULL],9968
148,22,0,1,9997
149,21,2,2,2
149,21,0,[NULL],9000
149,21,3,"2,3",9996
149,21,1,1,9998
150,20,5,2,2
150,20,2,[NULL],2
150,20,3,[NULL],9965
150,20,"0,4",[NULL],9996
150,20,4,[NULL],9996
150,20,1,"2,3",9997
151,19,"1,2",[NULL],9996
151,19,2,1,9998
151,19,3,"3,4",9998
151,19,0,3,9998
152,18,3,2,2
152,18,2,1,9997
152,18,1,[NULL],9997
152,18,0,[NULL],9997
153,17,6,5,3
153,17,8,[NULL],9969
153,17,"4,7",[NULL],9993
153,17,0,1,9997
153,17,5,2,9997
153,17,7,[NULL],9997
153,17,2,[NULL],9997
153,17,3,3,9998
153,17,1,[NULL],9998
154,16,8,4,2
154,16,1,"2,4",2
154,16,7,8,3
154,16,5,2,3
154,16,9,[NULL],9000
154,16,4,[NULL],9990
154,16,6,[NULL],9991
154,16,3,"2,6",9998
154,16,2,1,9998
154,16,0,[NULL],9998
155,15,"6,10",0,2
155,15,11,8,3
155,15,9,[NULL],9000
155,15,"7,10",[NULL],9990
155,15,10,[NULL],9995
155,15,0,[NULL],9995
155,15,5,[NULL],9995
155,15,8,[NULL],9996
155,15,4,2,9997
155,15,12,4,9997
155,15,"1,2",[NULL],9997
155,15,2,8,9998
155,15,3,7,9998
156,14,12,10,2
156,14,6,9,2
156,14,13,11,3
156,14,10,[NULL],9986
156,14,7,[NULL],9994
156,14,"3,9",[NULL],9994
156,14,"5,14",[NULL],9994
156,14,"0,1,8,14","1,2,3",9997
156,14,14,2,9997
156,14,8,[NULL],9997
156,14,9,[NULL],9997
156,14,4,[NULL],9997
156,14,11,2,9998
156,14,1,6,9998
156,14,2,"1,2,4,5,6",9998
157,13,12,7,2
157,13,11,10,2
157,13,"9,10",[NULL],9993
157,13,"14,15",[NULL],9993
157,13,"2,6",[NULL],9993
157,13,7,[NULL],9993
157,13,6,[NULL],9993
157,13,10,7,9996
157,13,8,[NULL],9996
157,13,5,[NULL],9996
157,13,15,4,9997
157,13,13,[NULL],9997
157,13,3,[NULL],9997
157,13,4,[NULL],9997
157,13,0,[NULL],9997
157,13,1,[NULL],9998
158,12,12,9,2
158,12,"3,9",[NULL],9993
158,12,7,[NULL],9996
158,12,4,[NULL],9996
158,12,"10,11",6,9997
158,12,11,[NULL],9997
158,12,9,[NULL],9997
158,12,8,[NULL],9997
158,12,6,[NULL],9997
158,12,5,3,9998
158,12,0,[NULL],9998
158,12,1,[NULL],9998
158,12,2,[NULL],9998
159,11,7,[NULL],9993
159,11,3,[NULL],9993
159,11,2,[NULL],9993
159,11,4,[NULL],9994
159,11,5,[NULL],9996
159,11,1,[NULL],9997
159,11,6,"5,7",9998
159,11,0,[NULL],9998
160,10,1,1,2
160,10,2,8,2
160,10,3,"5,8",2
160,10,6,[NULL],9993
160,10,4,[NULL],9996
160,10,5,5,9998
160,10,0,[NULL],9998
161,9,3,1,2
161,9,1,"1,4",2
161,9,0,6,2
161,9,7,7,2
161,9,5,5,4
161,9,4,[NULL],9996
161,9,2,7,9998
161,9,6,9,9998
162,8,"3,4",0,2
162,8,8,"1,2",3
162,8,5,[NULL],9995
162,8,1,[NULL],9996
162,8,9,[NULL],9997
162,8,4,10,9998
162,8,6,6,9998
162,8,10,12,9998
162,8,2,"8,10",9998
162,8,0,[NULL],9998
162,8,7,[NULL],9998
163,7,10,2,2
163,7,11,[NULL],9000
163,7,8,[NULL],9990
163,7,"3,4",[NULL],9996
163,7,7,[NULL],9996
163,7,4,[NULL],9996
163,7,"6,9",[NULL],9997
163,7,9,[NULL],9997
163,7,1,[NULL],9997
163,7,2,[NULL],9997
163,7,5,8,9998
163,7,0,[NULL],9998
164,6,"7,8",2,3
164,6,6,[NULL],9990
164,6,8,[NULL],9992
164,6,"0,1",[NULL],9997
164,6,"4,5",[NULL],9997
164,6,"1,5",[NULL],9997
164,6,5,11,9998
164,6,2,[NULL],9998
164,6,3,[NULL],9998
165,5,2,[NULL],9992
165,5,1,[NULL],9995
165,5,4,[NULL],9996
165,5,"0,3",[NULL],9996
165,5,3,[NULL],9996
166,4,2,[NULL],9991
166,4,1,[NULL],9997
166,4,0,[NULL],9997
114,57,0,[NULL],9000
115,56,0,[NULL],9000
119,52,0,0,2
120,51,0,0,9998
121,50,0,0,2
126,45,0,0,4
127,44,0,0,9996
129,42,0,0,2
130,41,1,1,2
130,41,0,0,9998
131,40,0,1,2
131,40,1,0,9997
132,39,0,0,9998
133,38,0,0,2
134,37,0,1,9998
136,35,0,0,2
137,34,0,1,9998
140,31,0,3,2
141,30,0,3,9997
144,27,0,[NULL],9000
145,26,0,4,3
146,25,0,"0,3",9997
147,24,"0,1",[NULL],9000
147,24,1,0,9997
147,24,2,2,9997
148,23,1,1,2
148,23,0,[NULL],9000
149,22,1,[NULL],9966
149,22,0,[NULL],9970
150,21,1,2,2
150,21,"3,4",3,2
150,21,4,"0,3",2
150,21,2,"1,2",9997
150,21,0,[NULL],9997
151,20,3,0,3
151,20,0,[NULL],9997
151,20,"1,2",2,9998
151,20,2,4,9998
152,19,3,3,2
152,19,1,[NULL],2
152,19,0,0,3
152,19,4,0,9995
152,19,2,1,9997
153,18,"2,6",3,2
153,18,1,2,2
153,18,"6,7",[NULL],9000
153,18,"5,7",[NULL],9000
153,18,8,[NULL],9970
153,18,"0,4",[NULL],9970
153,18,"4,7",[NULL],9994
153,18,7,2,9997
153,18,3,0,9997
154,17,8,2,2
154,17,7,3,2
154,17,6,[NULL],9000
154,17,"1,3",[NULL],9991
154,17,4,[NULL],9992
154,17,"0,3",1,9997
154,17,3,"1,2,3,4",9997
154,17,5,4,9998
154,17,2,2,9998
155,16,2,11,2
155,16,6,0,2
155,16,"1,4,5","0,2,3,5,6,11,12",2
155,16,5,6,3
155,16,3,[NULL],9966
155,16,4,[NULL],9989
155,16,0,[NULL],9998
156,15,6,14,3
156,15,5,11,3
156,15,0,[NULL],9995
156,15,"1,2,7",[NULL],9995
156,15,3,[NULL],9995
156,15,2,"1,2,4",9997
156,15,7,6,9997
156,15,4,3,9997
157,14,3,5,2
157,14,8,[NULL],2
157,14,7,12,4
157,14,6,[NULL],9000
157,14,5,[NULL],9992
157,14,2,[NULL],9994
157,14,1,[NULL],9994
157,14,4,[NULL],9997
157,14,0,[NULL],9997
158,13,"5,7",6,2
158,13,6,8,4
158,13,0,4,4
158,13,7,[NULL],9988
158,13,1,[NULL],9996
158,13,3,5,9997
158,13,2,10,9997
158,13,4,[NULL],9997
159,12,5,5,2
159,12,3,[NULL],9994
159,12,4,[NULL],9996
159,12,2,[NULL],9997
159,12,0,[NULL],9998
159,12,1,[NULL],9998
160,11,7,2,2
160,11,9,6,2
160,11,10,[NULL],9994
160,11,4,[NULL],9994
160,11,6,[NULL],9994
160,11,3,[NULL],9996
160,11,1,[NULL],9996
160,11,8,11,9997
160,11,5,5,9998
160,11,0,[NULL],9998
160,11,2,[NULL],9998
161,10,10,4,2
161,10,6,6,2
161,10,12,10,2
161,10,8,"2,4",2
161,10,13,[NULL],9994
161,10,16,[NULL],9994
161,10,"14,15",[NULL],9994
161,10,15,[NULL],9994
161,10,7,[NULL],9994
161,10,9,[NULL],9995
161,10,11,[NULL],9996
161,10,"2,4","2,6,10,13",9998
161,10,0,[NULL],9998
161,10,1,[NULL],9998
161,10,4,[NULL],9998
161,10,3,[NULL],9998
161,10,5,[NULL],9998
162,9,8,"5,9",2
162,9,15,[NULL],9988
162,9,7,[NULL],9991
162,9,11,[NULL],9994
162,9,12,[NULL],9994
162,9,14,[NULL],9996
162,9,13,[NULL],9996
162,9,9,"5,14",9997
162,9,"6,10",[NULL],9997
162,9,10,13,9998
162,9,0,[NULL],9998
162,9,1,[NULL],9998
162,9,2,[NULL],9998
162,9,3,[NULL],9998
162,9,4,[NULL],9998
162,9,5,[NULL],9998
163,8,11,1,2
163,8,15,7,3
163,8,12,[NULL],9991
163,8,10,[NULL],9993
163,8,16,[NULL],9994
163,8,4,[NULL],9994
163,8,13,[NULL],9995
163,8,6,[NULL],9995
163,8,14,[NULL],9995
163,8,"7,8",[NULL],9995
163,8,9,[NULL],9995
163,8,3,[NULL],9997
163,8,5,[NULL],9997
163,8,2,[NULL],9997
163,8,8,7,9998
163,8,0,11,9998
163,8,1,[NULL],9998
164,7,17,7,3
164,7,14,[NULL],9990
164,7,15,[NULL],9991
164,7,2,[NULL],9993
164,7,"4,10,13",[NULL],9993
164,7,"11,12",[NULL],9993
164,7,13,[NULL],9994
164,7,10,[NULL],9994
164,7,"5,6,7",[NULL],9994
164,7,"7,16",[NULL],9995
164,7,12,[NULL],9995
164,7,8,[NULL],9996
164,7,9,[NULL],9996
164,7,6,[NULL],9996
164,7,16,13,9997
164,7,3,[NULL],9997
164,7,0,[NULL],9998
164,7,1,[NULL],9998
165,6,9,[NULL],9986
165,6,10,[NULL],9990
165,6,4,[NULL],9992
165,6,11,[NULL],9993
165,6,2,[NULL],9995
165,6,7,[NULL],9996
165,6,6,[NULL],9996
165,6,3,7,9998
165,6,1,9,9998
165,6,5,10,9998
165,6,8,"11,12",9998
165,6,0,[NULL],9998
166,5,5,[NULL],9994
166,5,6,[NULL],9996
166,5,4,[NULL],9996
166,5,8,10,9997
166,5,7,8,9997
166,5,3,[NULL],9997
166,5,"0,1,2",[NULL],9997
166,5,2,7,9998
166,5,1,[NULL],9998
167,4,7,[NULL],9000
167,4,6,[NULL],9000
167,4,4,[NULL],9000
167,4,2,[NULL],9992
167,4,3,[NULL],9997
167,4,1,[NULL],9997
167,4,5,6,9998
167,4,0,[NULL],9998
168,3,2,[NULL],9994
168,3,0,2,9998
168,3,1,5,9998
115,57,0,[NULL],9000
119,53,0,0,2
120,52,0,1,9996
126,46,0,0,4
126,46,1,1,4
127,45,0,0,9996
129,43,0,0,2
130,42,0,"0,1",3
131,41,0,0,2
132,40,0,1,9998
133,39,1,0,2
133,39,2,1,3
133,39,0,1,9998
134,38,0,2,9998
134,38,1,"1,2",9998
135,37,0,1,9998
136,36,1,0,2
136,36,0,1,9998
137,35,0,1,9998
138,34,0,1,9998
139,33,0,1,9998
139,33,1,2,9998
140,32,0,"1,3",9998
140,32,1,2,9998
141,31,0,2,9998
142,30,"0,1",2,4
142,30,1,0,9998
142,30,2,3,9998
143,29,"0,2",2,4
143,29,2,3,9998
143,29,1,2,9998
144,28,0,1,9997
144,28,1,"2,3",9998
144,28,2,1,9998
145,27,0,0,3
145,27,2,0,9996
145,27,3,2,9998
145,27,1,0,9998
146,26,2,1,3
146,26,1,0,4
146,26,0,2,9998
147,25,1,0,3
147,25,0,1,9998
148,24,0,[NULL],9000
148,24,2,0,9996
148,24,1,0,9998
149,23,"2,3",1,3
149,23,3,2,9996
149,23,0,"1,4",9998
149,23,1,3,9998
150,22,2,"1,2",2
150,22,4,2,2
150,22,1,2,5
150,22,5,[NULL],9000
150,22,3,1,9997
150,22,0,2,9997
151,21,1,2,3
151,21,4,[NULL],9000
151,21,2,[NULL],9000
151,21,0,[NULL],9970
151,21,5,[NULL],9992
151,21,3,4,9998
152,20,1,0,3
152,20,2,5,3
152,20,0,0,9997
153,19,4,5,2
153,19,2,2,2
153,19,0,2,9996
153,19,3,0,9997
153,19,1,3,9998
154,18,2,4,3
154,18,4,12,3
154,18,1,5,4
154,18,5,[NULL],9000
154,18,0,[NULL],9993
154,18,3,4,9998
155,17,"1,2,3","0,1,8,14",3
155,17,2,5,3
155,17,3,[NULL],9000
155,17,0,[NULL],9997
156,16,4,"6,15",3
156,16,1,[NULL],9994
156,16,3,2,9997
156,16,0,"2,4",9998
156,16,2,4,9998
157,15,6,"10,11",3
157,15,5,[NULL],9993
157,15,7,[NULL],9994
157,15,3,[NULL],9995
157,15,4,[NULL],9995
157,15,2,[NULL],9995
157,15,0,[NULL],9998
157,15,1,[NULL],9998
158,14,8,[NULL],9989
158,14,"2,4,6,7",[NULL],9993
158,14,"1,4,7",[NULL],9995
158,14,5,2,9996
158,14,6,[NULL],9997
158,14,7,[NULL],9997
158,14,3,"4,6",9998
158,14,4,9,9998
158,14,0,[NULL],9998
159,13,5,5,2
159,13,7,[NULL],9995
159,13,9,[NULL],9995
159,13,6,[NULL],9997
159,13,8,4,9998
159,13,"0,1,4","0,2,3,7,8,9,10",9998
159,13,4,9,9998
159,13,1,[NULL],9998
159,13,2,[NULL],9998
159,13,3,[NULL],9998
160,12,"2,6,10,13","2,4",2
160,12,12,[NULL],9992
160,12,8,[NULL],9992
160,12,13,[NULL],9994
160,12,14,[NULL],9995
160,12,10,[NULL],9996
160,12,11,[NULL],9996
160,12,3,[NULL],9996
160,12,7,[NULL],9997
160,12,5,2,9998
160,12,6,12,9998
160,12,4,"6,11",9998
160,12,9,14,9998
160,12,0,[NULL],9998
160,12,1,[NULL],9998
161,11,13,10,2
161,11,15,[NULL],9993
161,11,"11,12",[NULL],9994
161,11,"6,14",[NULL],9996
161,11,10,[NULL],9996
161,11,0,[NULL],9997
161,11,"1,2,3,4,8",[NULL],9997
161,11,5,[NULL],9997
161,11,12,11,9998
161,11,8,4,9998
161,11,7,8,9998
161,11,14,13,9998
161,11,9,12,9998
161,11,"2,3,4",[NULL],9998
161,11,"3,4",[NULL],9998
161,11,4,[NULL],9998
162,10,7,8,2
162,10,11,"0,7,8,9",2
162,10,10,[NULL],9992
162,10,4,[NULL],9997
162,10,6,10,9998
162,10,8,"12,14",9998
162,10,"1,2,3,9","5,12,13,14",9998
162,10,9,13,9998
162,10,0,[NULL],9998
162,10,"2,3",[NULL],9998
162,10,3,[NULL],9998
162,10,5,[NULL],9998
163,9,10,[NULL],9994
163,9,"0,4,5,7,9",[NULL],9994
163,9,8,[NULL],9996
163,9,5,[NULL],9996
163,9,4,[NULL],9996
163,9,"3,6",[NULL],9997
163,9,9,[NULL],9997
163,9,7,[NULL],9997
163,9,6,[NULL],9997
163,9,"1,2","4,6,7,13,14",9998
163,9,2,[NULL],9998
164,8,7,3,2
164,8,9,1,2
164,8,10,5,2
164,8,"11,12",8,2
164,8,12,[NULL],9000
164,8,"0,3",[NULL],9996
164,8,8,[NULL],9996
164,8,6,[NULL],9997
164,8,3,[NULL],9998
164,8,1,[NULL],9998
164,8,2,[NULL],9998
164,8,4,[NULL],9998
164,8,5,[NULL],9998
165,7,7,2,2
165,7,2,[NULL],9995
165,7,6,[NULL],9996
165,7,4,[NULL],9997
165,7,3,4,9998
165,7,5,12,9998
165,7,8,15,9998
165,7,0,[NULL],9998
165,7,1,[NULL],9998
166,6,6,5,2
166,6,2,[NULL],9000
166,6,4,[NULL],9985
166,6,5,[NULL],9997
166,6,"1,3",[NULL],9997
166,6,3,[NULL],9997
166,6,0,[NULL],9998
167,5,2,0,2
167,5,5,1,2
167,5,7,[NULL],9988
167,5,4,[NULL],9990
167,5,1,[NULL],9992
167,5,6,[NULL],9996
167,5,3,8,9998
167,5,0,[NULL],9998
168,4,2,[NULL],9994
168,4,0,2,9998
168,4,1,"5,6",9998
115,58,0,[NULL],9000
118,55,0,0,4
119,54,0,0,9998
122,51,0,0,4
123,50,0,0,9998
124,49,0,0,9997
125,48,0,1,4
126,47,1,0,4
126,47,0,1,4
127,46,0,1,9996
127,46,1,"0,1",9996
128,45,1,1,9996
128,45,0,1,9998
129,44,1,2,4
129,44,0,0,9998
130,43,0,1,3
131,42,1,0,2
131,42,0,0,9996
132,41,1,0,2
132,41,0,0,9996
132,41,2,0,9998
133,40,2,0,2
133,40,1,"0,1",2
133,40,0,1,9998
134,39,1,0,2
134,39,"0,2",0,4
134,39,2,1,9998
135,38,1,0,2
135,38,0,1,9998
136,37,1,0,2
136,37,0,0,9996
137,36,1,0,2
137,36,0,1,4
138,35,1,0,2
138,35,2,1,2
138,35,0,0,4
139,34,"1,3",0,2
139,34,2,1,2
139,34,3,1,9996
139,34,0,0,9998
140,33,2,0,2
140,33,3,0,3
140,33,0,2,9997
140,33,1,1,9998
141,32,0,1,2
141,32,3,2,2
141,32,4,3,4
141,32,"1,2",[NULL],9971
141,32,2,0,9998
142,31,3,2,2
142,31,2,1,2
142,31,1,1,4
142,31,0,"0,1",9998
143,30,"2,3",1,2
143,30,1,2,2
143,30,3,4,9996
143,30,0,3,9997
144,29,2,3,2
144,29,0,1,2
144,29,"1,3","0,3",9996
144,29,3,0,9998
145,28,2,0,2
145,28,"0,3",0,3
145,28,"1,3",2,4
145,28,3,[NULL],9000
146,27,1,0,2
146,27,0,1,3
146,27,2,2,3
147,26,0,1,2
147,26,1,"0,1",9996
147,26,2,3,9997
148,25,"1,4",0,2
148,25,3,1,2
148,25,2,3,4
148,25,"0,4",[NULL],9971
148,25,4,1,9996
149,24,"1,2",2,3
149,24,2,[NULL],5
149,24,3,[NULL],9000
149,24,0,[NULL],9972
150,23,4,3,2
150,23,3,[NULL],9000
150,23,6,[NULL],9000
150,23,5,[NULL],9000
150,23,0,[NULL],9987
150,23,2,0,9997
150,23,1,0,9998
151,22,1,2,3
151,22,3,0,9996
151,22,2,1,9996
151,22,5,3,9997
151,22,4,1,9998
151,22,0,3,9998
152,21,3,1,2
152,21,2,7,3
152,21,0,3,3
152,21,1,1,9997
153,20,4,3,2
153,20,1,"0,3",3
153,20,"2,3",0,3
153,20,0,1,9997
153,20,3,1,9998
154,19,3,[NULL],9000
154,19,1,[NULL],9968
154,19,5,2,9997
154,19,0,[NULL],9997
154,19,4,2,9998
154,19,2,1,9998
155,18,"2,4",0,2
155,18,4,2,2
155,18,1,2,3
155,18,6,"1,2",3
155,18,3,4,3
155,18,5,"2,3",9997
155,18,0,"0,1,3",9998
156,17,7,10,4
156,17,"3,4",[NULL],9000
156,17,6,[NULL],9989
156,17,"2,4",[NULL],9989
156,17,"0,4",[NULL],9997
156,17,1,[NULL],9997
156,17,5,[NULL],9997
156,17,4,0,9998
157,16,"4,6",3,2
157,16,9,4,2
157,16,5,3,3
157,16,10,2,3
157,16,6,[NULL],3
157,16,2,[NULL],9990
157,16,1,[NULL],9994
157,16,0,[NULL],9996
157,16,7,1,9998
157,16,8,2,9998
157,16,3,"1,2,3",9998
158,15,4,8,2
158,15,"0,2,3,7,8,9,10","0,1,4",2
158,15,9,4,2
158,15,11,[NULL],2
158,15,8,[NULL],2
158,15,7,[NULL],9994
158,15,1,3,9996
158,15,"2,3,10",[NULL],9996
158,15,10,[NULL],9996
158,15,5,[NULL],9996
158,15,6,[NULL],9996
158,15,3,"5,6",9998
159,14,2,5,2
159,14,12,6,2
159,14,"6,11",4,2
159,14,14,9,2
159,14,11,8,3
159,14,"1,7,8,9,10,13",[NULL],9991
159,14,8,[NULL],9991
159,14,9,[NULL],9992
159,14,7,[NULL],9996
159,14,13,[NULL],9996
159,14,10,[NULL],9996
159,14,5,4,9997
159,14,3,[NULL],9997
159,14,4,7,9998
159,14,0,[NULL],9998
160,13,11,12,2
160,13,4,8,2
160,13,8,"1,2,3,4,7,8",2
160,13,13,14,2
160,13,12,9,2
160,13,10,[NULL],9993
160,13,14,[NULL],9996
160,13,2,[NULL],9996
160,13,7,[NULL],9996
160,13,5,[NULL],9996
160,13,6,[NULL],9996
160,13,"0,1,9",[NULL],9996
160,13,9,5,9998
160,13,3,"5,7",9998
160,13,1,[NULL],9998
161,12,10,6,2
161,12,"12,14",8,2
161,12,"5,13","1,2,3,8,9",2
161,12,13,9,2
161,12,14,9,3
161,12,8,[NULL],9994
161,12,15,[NULL],9995
161,12,6,[NULL],9995
161,12,"4,7,11",[NULL],9996
161,12,2,[NULL],9996
161,12,11,[NULL],9997
161,12,7,[NULL],9997
161,12,1,[NULL],9997
161,12,"0,3,9",[NULL],9997
161,12,"3,9","4,8",9998
161,12,9,8,9998
162,11,"4,6,7,13,14","1,2,3,4,6,8",2
162,11,13,[NULL],9987
162,11,16,[NULL],9996
162,11,11,[NULL],9996
162,11,9,[NULL],9996
162,11,6,[NULL],9996
162,11,"14,15",10,9997
162,11,15,[NULL],9997
162,11,8,[NULL],9997
162,11,10,[NULL],9997
162,11,"0,2",[NULL],9997
162,11,7,[NULL],9997
162,11,5,[NULL],9997
162,11,3,[NULL],9997
162,11,2,[NULL],9997
162,11,1,5,9998
162,11,12,6,9998
163,10,13,7,3
163,10,6,[NULL],9993
163,10,9,[NULL],9993
163,10,12,[NULL],9993
163,10,"10,11",[NULL],9993
163,10,"5,11",[NULL],9994
163,10,"0,1,2,8,15",[NULL],9995
163,10,"4,8",[NULL],9996
163,10,7,[NULL],9996
163,10,8,[NULL],9996
163,10,11,[NULL],9996
163,10,14,[NULL],9997
163,10,15,[NULL],9997
163,10,"1,2",[NULL],9998
163,10,2,[NULL],9998
163,10,3,[NULL],9998
164,9,4,3,2
164,9,12,5,2
164,9,15,8,2
164,9,14,[NULL],9989
164,9,13,[NULL],9992
164,9,9,[NULL],9993
164,9,5,[NULL],9995
164,9,6,[NULL],9996
164,9,10,[NULL],9997
164,9,"1,3,7,8,11",[NULL],9997
164,9,"0,2,7,8,11",[NULL],9997
164,9,8,[NULL],9997
164,9,7,7,9998
164,9,11,10,9998
164,9,2,[NULL],9998
164,9,3,[NULL],9998
165,8,10,8,3
165,8,8,"4,7",3
165,8,5,[NULL],9992
165,8,9,[NULL],9995
165,8,7,[NULL],9996
165,8,2,[NULL],9996
165,8,1,[NULL],9996
165,8,4,[NULL],9997
165,8,3,6,9998
165,8,6,9,9998
165,8,0,[NULL],9998
166,7,8,3,2
166,7,4,[NULL],9990
166,7,"5,7",[NULL],9993
166,7,7,[NULL],9993
166,7,3,[NULL],9994
166,7,6,[NULL],9996
166,7,2,[NULL],9996
166,7,1,[NULL],9997
166,7,0,[NULL],9998
167,6,2,0,2
167,6,"5,6",1,2
167,6,6,[NULL],9990
167,6,7,[NULL],9993
167,6,0,[NULL],9996
167,6,4,[NULL],9997
167,6,3,[NULL],9997
167,6,1,[NULL],9997
168,5,3,[NULL],9000
168,5,1,[NULL],9990
168,5,2,[NULL],9991
168,5,0,[NULL],9992
169,4,0,[NULL],9996
118,56,0,0,2
119,55,0,0,9998
122,52,0,0,2
123,51,0,0,9998
126,48,0,0,4
127,47,1,0,2
127,47,0,0,9996
128,46,0,0,2
129,45,0,0,9998
131,43,0,2,2
132,42,1,0,2
132,42,0,1,9997
133,41,1,2,2
133,41,0,0,9998
134,40,1,0,2
134,40,0,0,9997
138,36,0,0,2
139,35,1,1,2
139,35,0,"0,1",9998
140,34,0,"0,2",2
140,34,1,1,9997
141,33,"0,1",0,2
141,33,1,1,9998
142,32,0,"0,1",9998
143,31,0,3,2
143,31,1,0,3
144,30,0,2,9997
147,27,0,4,9998
148,26,0,[NULL],9969
148,26,1,3,9998
149,25,0,1,2
149,25,1,3,3
149,25,2,0,3
150,24,1,4,2
150,24,3,0,2
150,24,0,[NULL],9996
150,24,2,3,9998
151,23,0,0,3
151,23,1,2,9998
152,22,1,3,2
152,22,0,3,3
153,21,2,4,2
153,21,1,2,2
153,21,0,"1,2",9996
153,21,3,5,9997
154,20,"0,1,3",0,2
154,20,3,[NULL],9000
154,20,1,3,9997
154,20,2,3,9998
155,19,0,4,2
155,19,2,3,3
155,19,1,3,9998
156,18,1,7,2
156,18,2,8,2
156,18,3,"3,7,8",2
156,18,0,[NULL],9998
157,17,"5,6",3,2
157,17,2,[NULL],9973
157,17,1,[NULL],9992
157,17,3,[NULL],9994
157,17,4,[NULL],9994
157,17,6,[NULL],9997
157,17,0,[NULL],9997
158,16,7,4,2
158,16,"2,5",[NULL],9991
158,16,6,[NULL],9991
158,16,1,[NULL],9994
158,16,3,[NULL],9995
158,16,4,[NULL],9995
158,16,0,[NULL],9997
158,16,5,[NULL],9997
159,15,5,"0,1",2
159,15,7,"3,9",2
159,15,4,[NULL],9990
159,15,6,5,9997
159,15,2,[NULL],9997
159,15,1,[NULL],9997
159,15,3,5,9998
159,15,0,3,9998
160,14,"4,8",0,2
160,14,8,"0,3",2
160,14,5,[NULL],9994
160,14,"2,3,6",[NULL],9996
160,14,7,5,9997
160,14,6,5,9998
160,14,9,7,9998
160,14,0,[NULL],9998
160,14,1,[NULL],9998
160,14,3,[NULL],9998
161,13,5,1,2
161,13,6,12,2
161,13,8,[NULL],9995
161,13,2,[NULL],9996
161,13,4,[NULL],9996
161,13,"3,9","4,9",9998
161,13,9,9,9998
161,13,7,8,9998
161,13,0,[NULL],9998
161,13,1,[NULL],9998
162,12,9,[NULL],9995
162,12,"5,6",[NULL],9995
162,12,"6,7,8",4,9997
162,12,"7,8",[NULL],9997
162,12,3,[NULL],9997
162,12,2,[NULL],9997
162,12,4,7,9998
162,12,0,"5,8,10",9998
162,12,8,8,9998
162,12,1,[NULL],9998
163,11,7,7,2
163,11,10,11,2
163,11,8,[NULL],9994
163,11,"5,6",[NULL],9995
163,11,9,"7,10",9997
163,11,"0,4",[NULL],9997
163,11,6,[NULL],9997
163,11,3,[NULL],9997
163,11,4,[NULL],9998
163,11,1,[NULL],9998
163,11,2,[NULL],9998
164,10,6,3,2
164,10,9,6,2
164,10,10,13,9996
164,10,8,[NULL],9996
164,10,7,11,9998
164,10,0,[NULL],9998
164,10,1,[NULL],9998
164,10,2,[NULL],9998
164,10,3,[NULL],9998
164,10,4,[NULL],9998
164,10,5,[NULL],9998
165,9,"4,7","8,14",9996
165,9,7,14,9996
165,9,5,[NULL],9996
165,9,3,[NULL],9996
165,9,"2,6",[NULL],9996
165,9,6,[NULL],9997
165,9,0,[NULL],9998
165,9,1,[NULL],9998
166,8,"1,2",[NULL],9997
166,8,2,[NULL],9997
166,8,0,[NULL],9998
167,7,0,[NULL],9998
118,57,0,0,2
119,56,1,0,4
119,56,0,[NULL],9000
122,53,0,0,2
123,52,0,0,3
126,49,0,0,4
127,48,0,0,9996
128,47,0,0,2
129,46,0,1,9998
132,43,0,0,2
133,42,0,0,9996
135,40,0,0,9998
136,39,0,1,9998
137,38,0,1,9998
138,37,"0,1",0,2
138,37,1,1,9998
139,36,2,0,3
139,36,0,0,9998
139,36,1,2,9998
140,35,1,1,2
140,35,0,2,9998
141,34,"0,1",0,2
141,34,1,2,9998
141,34,2,1,9998
142,33,3,0,3
142,33,0,"1,4",9998
142,33,1,2,9998
142,33,2,3,9998
143,32,0,"2,4",9998
143,32,1,3,9998
144,31,0,2,4
144,31,1,1,9998
145,30,1,1,9998
145,30,0,3,9998
146,29,4,0,2
146,29,3,2,3
146,29,"0,2","0,1",9996
146,29,2,2,9998
146,29,1,1,9998
147,28,3,1,2
147,28,0,2,4
147,28,2,2,9998
147,28,1,0,9998
148,27,2,3,4
148,27,1,2,9998
148,27,0,0,9998
149,26,3,2,2
149,26,0,2,3
149,26,2,3,9996
149,26,1,1,9998
150,25,2,1,2
150,25,3,5,3
150,25,1,1,9996
150,25,0,0,9998
151,24,1,1,3
151,24,0,4,5
151,24,2,1,9997
152,23,1,0,3
152,23,2,0,4
152,23,0,2,9998
153,22,3,2,2
153,22,2,5,3
153,22,1,1,9996
153,22,0,"3,4",9998
154,21,3,1,2
154,21,2,5,3
154,21,1,[NULL],9000
154,21,0,4,9998
155,20,3,[NULL],3
155,20,2,[NULL],9000
155,20,0,[NULL],9997
155,20,1,[NULL],9997
156,19,0,[NULL],9996
157,18,2,5,4
157,18,1,[NULL],9997
157,18,0,[NULL],9997
158,17,5,3,2
158,17,3,"0,1",2
158,17,4,5,3
158,17,0,[NULL],9998
158,17,1,[NULL],9998
158,17,2,[NULL],9998
159,16,5,"2,3",2
159,16,7,9,2
159,16,3,[NULL],2
159,16,4,[NULL],9996
159,16,6,6,9998
159,16,2,"4,6,7",9998
159,16,0,[NULL],9998
159,16,1,[NULL],9998
160,15,"4,9","3,9",2
160,15,9,9,2
160,15,8,7,2
160,15,7,[NULL],2
160,15,3,[NULL],9997
160,15,5,"2,6",9998
160,15,6,6,9998
160,15,0,[NULL],9998
160,15,1,[NULL],9998
160,15,2,[NULL],9998
161,14,7,4,2
161,14,"5,8,10",0,2
161,14,8,8,2
161,14,10,"14,15",3
161,14,"2,4,6",[NULL],9987
161,14,6,[NULL],9990
161,14,9,[NULL],9997
161,14,4,[NULL],9997
161,14,3,5,9998
161,14,0,[NULL],9998
161,14,1,[NULL],9998
162,13,16,[NULL],9992
162,13,"12,13",[NULL],9992
162,13,15,[NULL],9995
162,13,4,[NULL],9995
162,13,"13,14",[NULL],9996
162,13,14,[NULL],9996
162,13,8,1,9997
162,13,"6,11",[NULL],9997
162,13,7,[NULL],9997
162,13,11,[NULL],9997
162,13,10,2,9998
162,13,9,5,9998
162,13,0,[NULL],9998
162,13,1,[NULL],9998
162,13,2,[NULL],9998
162,13,3,[NULL],9998
162,13,5,[NULL],9998
163,12,11,7,2
163,12,"6,10,12,13",[NULL],2
163,12,15,[NULL],9990
163,12,"8,9",[NULL],9991
163,12,17,[NULL],9993
163,12,14,[NULL],9993
163,12,"10,12,13",[NULL],9993
163,12,13,[NULL],9996
163,12,12,[NULL],9996
163,12,"3,5",[NULL],9996
163,12,"5,9",0,9997
163,12,9,[NULL],9997
163,12,4,[NULL],9997
163,12,7,"6,7,10",9998
163,12,16,8,9998
163,12,1,"3,5",9998
163,12,2,"4,6,8,10",9998
163,12,0,[NULL],9998
164,11,12,[NULL],9993
164,11,11,[NULL],9993
164,11,6,[NULL],9995
164,11,10,[NULL],9996
164,11,13,[NULL],9996
164,11,"3,4",[NULL],9996
164,11,0,[NULL],9996
164,11,"8,9","8,13",9997
164,11,"4,9",[NULL],9997
164,11,2,[NULL],9997
164,11,7,[NULL],9997
164,11,9,11,9998
164,11,1,"3,4,9",9998
164,11,5,"9,10",9998
165,10,11,[NULL],9992
165,10,"5,6",[NULL],9995
165,10,8,[NULL],9996
165,10,7,[NULL],9996
165,10,6,[NULL],9996
165,10,2,[NULL],9996
165,10,"3,9,10",[NULL],9996
165,10,"4,9,10",[NULL],9997
165,10,"9,10",8,9998
165,10,10,10,9998
165,10,0,[NULL],9998
165,10,1,[NULL],9998
166,9,9,[NULL],9993
166,9,4,[NULL],9993
166,9,12,[NULL],9995
166,9,5,[NULL],9996
166,9,2,[NULL],9996
166,9,10,[NULL],9997
166,9,6,[NULL],9997
166,9,3,[NULL],9997
166,9,11,[NULL],9997
166,9,8,[NULL],9997
166,9,7,"4,5",9998
166,9,0,[NULL],9998
166,9,1,[NULL],9998
167,8,11,[NULL],9000
167,8,"5,9",[NULL],9995
167,8,4,[NULL],9995
167,8,9,[NULL],9997
167,8,10,[NULL],9997
167,8,8,[NULL],9997
167,8,6,[NULL],9997
167,8,7,[NULL],9997
167,8,"2,3",[NULL],9997
167,8,3,"2,5",9998
167,8,0,[NULL],9998
167,8,1,[NULL],9998
168,7,"5,9",[NULL],9990
168,7,9,[NULL],9990
168,7,6,[NULL],9992
168,7,4,[NULL],9992
168,7,7,[NULL],9995
168,7,8,[NULL],9996
168,7,3,[NULL],9997
168,7,0,[NULL],9998
168,7,1,[NULL],9998
168,7,2,[NULL],9998
169,6,4,[NULL],9994
169,6,1,[NULL],9997
169,6,5,[NULL],9997
169,6,"0,6",[NULL],9997
169,6,"2,3",[NULL],9997
169,6,3,[NULL],9997
169,6,6,5,9998
170,5,3,[NULL],9992
170,5,2,[NULL],9993
170,5,4,[NULL],9995
170,5,"0,1",[NULL],9997
170,5,1,3,9998
171,4,4,[NULL],9997
171,4,"1,3",[NULL],9997
171,4,"0,2",[NULL],9997
171,4,2,3,9998
171,4,3,4,9998
172,3,3,[NULL],9995
172,3,2,[NULL],9997
172,3,1,[NULL],9997
172,3,0,[NULL],9998
173,2,1,"2,3",9998
173,2,0,[NULL],9998
119,57,0,[NULL],9000
121,55,0,0,9998
122,54,0,0,9998
125,51,0,0,9996
126,50,1,0,4
126,50,0,"0,1",4
127,49,1,1,4
127,49,0,0,9995
128,48,1,0,2
128,48,0,0,9996
129,47,0,0,9996
130,46,0,0,4
131,45,1,0,3
131,45,0,0,4
132,44,1,0,9996
132,44,0,0,9998
133,43,0,0,3
134,42,0,0,2
135,41,1,0,2
135,41,0,0,4
136,40,1,0,2
136,40,0,0,9998
137,39,1,1,2
137,39,0,0,9997
138,38,0,0,2
138,38,2,1,2
138,38,1,3,4
139,37,2,0,2
139,37,1,1,3
139,37,0,0,9998
140,36,2,1,2
140,36,1,2,2
140,36,0,"0,2",9996
141,35,"1,4",0,2
141,35,2,1,2
141,35,3,2,2
141,35,4,0,9998
141,35,0,1,9998
142,34,"2,4",0,2
142,34,3,1,2
142,34,4,3,4
142,34,1,"0,1",9998
142,34,0,2,9998
143,33,1,1,2
143,33,2,0,3
143,33,"0,3","1,3",4
143,33,3,2,9998
144,32,1,1,2
144,32,3,0,2
144,32,2,0,9996
144,32,0,1,9998
145,31,2,2,2
145,31,1,1,2
145,31,0,0,9996
146,30,2,2,2
146,30,0,1,2
146,30,1,1,4
147,29,2,1,2
147,29,0,0,2
147,29,1,4,4
148,28,1,1,2
148,28,0,1,9996
149,27,0,0,2
149,27,1,3,9996
150,26,0,3,4
150,26,1,2,4
151,25,2,0,2
151,25,"0,1",[NULL],9000
151,25,1,0,9997
152,24,"3,4",0,2
152,24,5,3,3
152,24,4,1,9996
152,24,2,2,9997
152,24,1,[NULL],9997
152,24,0,[NULL],9997
153,23,4,0,2
153,23,3,1,3
153,23,1,2,9997
153,23,2,4,9998
153,23,0,"3,4",9998
154,22,2,1,9997
154,22,0,"0,3",9998
154,22,1,1,9998
155,21,1,[NULL],9000
155,21,0,[NULL],9000
156,20,"2,3",[NULL],9000
156,20,3,3,9996
156,20,1,[NULL],9997
156,20,0,[NULL],9997
157,19,3,1,4
157,19,"4,5",[NULL],9000
157,19,2,"3,5",9997
157,19,6,5,9997
157,19,1,[NULL],9997
157,19,"0,5",[NULL],9997
157,19,5,0,9998
158,18,6,6,2
158,18,"4,7","2,6",2
158,18,5,6,3
158,18,8,[NULL],9000
158,18,7,[NULL],9993
158,18,3,7,9997
158,18,0,2,9998
158,18,"1,2",3,9998
158,18,2,5,9998
159,17,"2,6",5,2
159,17,6,6,2
159,17,5,7,3
159,17,8,[NULL],9000
159,17,4,[NULL],9000
159,17,7,[NULL],9000
159,17,"1,3",[NULL],9996
159,17,3,[NULL],9997
159,17,0,[NULL],9997
160,16,5,3,2
160,16,8,[NULL],9945
160,16,1,[NULL],9992
160,16,6,[NULL],9995
160,16,2,[NULL],9996
160,16,9,5,9997
160,16,3,1,9997
160,16,"4,7","4,7",9998
160,16,7,7,9998
160,16,0,[NULL],9998
161,15,2,10,2
161,15,5,9,2
161,15,4,"6,7,8",3
161,15,3,[NULL],9988
161,15,8,[NULL],9994
161,15,"1,9",[NULL],9994
161,15,7,[NULL],9996
161,15,9,4,9997
161,15,6,[NULL],9997
161,15,0,[NULL],9997
162,14,"6,7,10",7,2
162,14,8,16,2
162,14,"3,5",1,2
162,14,"4,7","2,7,16",2
162,14,"7,10",9,3
162,14,10,[NULL],3
162,14,5,[NULL],9992
162,14,2,[NULL],9996
162,14,9,[NULL],9997
162,14,0,[NULL],9997
162,14,1,2,9998
163,13,11,9,2
163,13,"3,4,9",1,2
163,13,"9,10",5,2
163,13,10,[NULL],9991
163,13,13,[NULL],9992
163,13,"6,7",[NULL],9994
163,13,4,[NULL],9995
163,13,7,5,9997
163,13,12,8,9997
163,13,5,4,9998
163,13,8,6,9998
163,13,0,[NULL],9998
163,13,1,[NULL],9998
163,13,2,[NULL],9998
164,12,8,"9,10",2
164,12,10,10,2
164,12,"1,5",[NULL],9995
164,12,9,[NULL],9996
164,12,6,[NULL],9997
164,12,5,1,9998
164,12,7,9,9998
164,12,4,"7,8,9,13",9998
164,12,0,[NULL],9998
164,12,2,[NULL],9998
164,12,3,[NULL],9998
165,11,"4,5",7,2
165,11,7,[NULL],9992
165,11,5,[NULL],9994
165,11,3,[NULL],9994
165,11,2,"12,13",9998
165,11,6,12,9998
165,11,0,[NULL],9998
165,11,1,[NULL],9998
166,10,"2,5",3,2
166,10,5,[NULL],9992
166,10,6,[NULL],9994
166,10,1,[NULL],9997
166,10,4,[NULL],9997
166,10,3,"5,6",9998
166,10,0,10,9998
167,9,"4,5",[NULL],9995
167,9,3,[NULL],9996
167,9,5,[NULL],9997
167,9,2,[NULL],9997
167,9,0,[NULL],9998
167,9,1,[NULL],9998
168,8,5,6,2
168,8,6,[NULL],9991
168,8,4,[NULL],9997
168,8,3,[NULL],9997
168,8,0,[NULL],9998
168,8,1,[NULL],9998
168,8,2,[NULL],9998
169,7,3,1,2
169,7,4,[NULL],9997
169,7,5,[NULL],9997
169,7,2,[NULL],9997
169,7,0,[NULL],9997
169,7,1,[NULL],9997
170,6,3,2,2
170,6,4,1,2
170,6,1,[NULL],9996
170,6,"0,2",[NULL],9997
170,6,2,[NULL],9997
171,5,4,[NULL],9997
171,5,1,[NULL],9997
171,5,3,[NULL],9997
171,5,2,[NULL],9997
171,5,0,[NULL],9997
172,4,"2,3",1,2
172,4,3,[NULL],9994
172,4,1,[NULL],9996
172,4,0,[NULL],9998
173,3,1,[NULL],9997
173,3,0,3,9998
119,58,0,[NULL],9000
120,57,0,0,2
121,56,0,0,2
122,55,0,0,9998
126,51,0,0,4
127,50,0,0,9995
131,46,0,0,2
132,45,0,0,9998
133,44,0,0,9997
135,42,0,0,2
136,41,1,1,9997
136,41,0,"1,2",9997
138,39,0,0,2
139,38,0,1,9998
140,37,0,4,2
140,37,1,0,2
141,36,"0,1",1,2
141,36,2,0,2
141,36,1,0,9997
142,35,2,3,2
142,35,0,"0,2",9998
142,35,1,2,9998
143,34,1,0,2
143,34,0,1,9997
149,28,2,[NULL],9000
149,28,"0,1",[NULL],9976
149,28,1,"0,2",9998
150,27,1,2,3
150,27,0,[NULL],9991
151,26,1,[NULL],9971
151,26,0,"0,3",9997
152,25,4,2,2
152,25,3,"0,2",2
152,25,"1,2",0,4
152,25,2,0,9997
152,25,0,[NULL],9998
153,24,"0,3",0,2
153,24,1,1,2
153,24,3,1,9997
153,24,2,3,9998
154,23,1,[NULL],9997
154,23,0,[NULL],9997
155,22,0,[NULL],9995
156,21,0,0,2
156,21,1,[NULL],9000
156,21,2,[NULL],9000
157,20,2,0,2
157,20,3,"1,2",2
157,20,5,2,2
157,20,4,"3,6",9997
157,20,1,0,9997
157,20,0,[NULL],9998
158,19,5,[NULL],9994
158,19,6,[NULL],9995
158,19,3,[NULL],9996
158,19,1,[NULL],9996
158,19,2,4,9997
158,19,4,6,9998
158,19,0,4,9998
159,18,"4,7","4,7",2
159,18,7,7,2
159,18,3,[NULL],9000
159,18,6,[NULL],9976
159,18,0,[NULL],9996
159,18,5,[NULL],9997
159,18,1,[NULL],9997
159,18,2,[NULL],9997
160,17,5,[NULL],3
160,17,"6,7",[NULL],9991
160,17,7,[NULL],9995
160,17,4,[NULL],9996
160,17,3,[NULL],9997
160,17,2,[NULL],9997
160,17,1,[NULL],9997
160,17,0,[NULL],9998
161,16,2,1,2
161,16,1,8,3
161,16,3,[NULL],9976
161,16,6,[NULL],9994
161,16,4,2,9997
161,16,5,2,9998
161,16,0,[NULL],9998
162,15,4,5,2
162,15,6,8,2
162,15,0,"3,9",3
162,15,7,[NULL],9995
162,15,3,2,9997
162,15,5,[NULL],9997
162,15,2,3,9998
162,15,1,1,9998
163,14,1,5,2
163,14,9,7,2
163,14,"7,8,13","4,7",2
163,14,"8,13","8,9",3
163,14,13,10,4
163,14,6,[NULL],9000
163,14,5,[NULL],9992
163,14,4,[NULL],9993
163,14,10,[NULL],9995
163,14,3,[NULL],9996
163,14,11,[NULL],9997
163,14,12,[NULL],9997
163,14,2,6,9998
163,14,0,"2,6",9998
164,13,"12,13",2,2
164,13,13,"2,6",2
164,13,10,[NULL],2
164,13,"8,14","4,7",4
164,13,14,7,4
164,13,15,[NULL],9995
164,13,"6,9",[NULL],9997
164,13,11,5,9998
164,13,9,"3,5,8",9998
164,13,7,"5,8",9998
164,13,0,[NULL],9998
164,13,1,[NULL],9998
164,13,2,[NULL],9998
164,13,3,[NULL],9998
164,13,4,[NULL],9998
164,13,5,[NULL],9998
165,12,"5,6",3,2
165,12,10,"0,2,5",2
165,12,8,[NULL],9992
165,12,1,[NULL],9996
165,12,6,5,9998
165,12,9,6,9998
165,12,7,9,9998
165,12,4,4,9998
165,12,0,[NULL],9998
165,12,2,[NULL],9998
165,12,3,[NULL],9998
166,11,7,[NULL],9988
166,11,8,[NULL],9990
166,11,6,[NULL],9995
166,11,4,[NULL],9997
166,11,"2,3",[NULL],9997
166,11,5,"7,11",9998
166,11,0,[NULL],9998
166,11,1,[NULL],9998
166,11,3,[NULL],9998
167,10,8,[NULL],9990
167,10,3,[NULL],9992
167,10,"4,6",[NULL],9994
167,10,9,[NULL],9995
167,10,7,[NULL],9996
167,10,6,[NULL],9996
167,10,5,[NULL],9997
167,10,2,"2,7",9998
167,10,0,[NULL],9998
167,10,1,[NULL],9998
168,9,10,[NULL],9991
168,9,7,[NULL],9994
168,9,11,[NULL],9996
168,9,9,[NULL],9996
168,9,5,[NULL],9996
168,9,3,[NULL],9997
168,9,8,[NULL],9997
168,9,6,[NULL],9997
168,9,4,[NULL],9997
168,9,2,[NULL],9997
168,9,0,[NULL],9998
168,9,1,[NULL],9998
169,8,8,[NULL],9000
169,8,5,[NULL],9000
169,8,3,[NULL],9991
169,8,7,[NULL],9993
169,8,6,[NULL],9997
169,8,4,6,9998
169,8,0,[NULL],9998
169,8,1,[NULL],9998
169,8,2,[NULL],9998
170,7,5,[NULL],9993
170,7,2,[NULL],9996
170,7,4,6,9997
170,7,"1,3",[NULL],9997
170,7,3,[NULL],9997
170,7,0,[NULL],9997
171,6,7,[NULL],9985
171,6,9,[NULL],9991
171,6,"5,8",[NULL],9994
171,6,8,[NULL],9994
171,6,"3,6",[NULL],9996
171,6,"4,6",[NULL],9997
171,6,6,[NULL],9997
171,6,2,[NULL],9997
171,6,0,[NULL],9998
171,6,1,[NULL],9998
172,5,3,0,2
172,5,6,[NULL],9991
172,5,7,[NULL],9992
172,5,1,[NULL],9993
172,5,8,[NULL],9995
172,5,5,[NULL],9997
172,5,4,[NULL],9997
172,5,0,[NULL],9997
172,5,2,5,9998
173,4,5,[NULL],9992
173,4,4,12,9997
173,4,1,[NULL],9997
173,4,3,[NULL],9997
173,4,2,[NULL],9997
173,4,0,2,9998
174,3,2,[NULL],9997
174,3,1,[NULL],9997
174,3,0,[NULL],9997
119,59,0,[NULL],9000
120,58,0,[NULL],9000
121,57,0,0,2
122,56,0,0,9998
126,52,0,0,4
127,51,0,0,9995
131,47,0,0,2
132,46,0,0,4
135,43,0,"1,2",9998
136,42,0,0,3
137,41,0,1,9998
138,40,1,0,2
138,40,0,"0,1",9998
139,39,0,1,9998
139,39,1,2,9998
140,38,0,1,9998
141,37,"0,2",0,2
141,37,2,1,2
141,37,1,1,9998
142,36,0,"2,3",9998
142,36,2,3,9998
142,36,1,1,9998
143,35,0,2,9998
144,34,0,1,9998
145,33,"0,1","0,2",4
145,33,1,1,9998
145,33,2,2,9998
146,32,1,"2,4",9998
146,32,2,3,9998
146,32,0,"0,1,2",9998
147,31,"0,1","1,2",9997
147,31,1,3,9998
147,31,2,2,9998
148,30,"0,2",1,2
148,30,3,2,4
148,30,2,0,9998
148,30,1,"0,3",9998
148,30,4,2,9998
149,29,1,1,4
149,29,0,"0,1",9998
149,29,3,4,9998
149,29,2,2,9998
150,28,0,0,3
150,28,2,"0,1,3",9996
150,28,3,3,9998
150,28,1,1,9998
151,27,2,2,3
151,27,1,1,9996
151,27,0,2,9998
152,26,3,2,2
152,26,2,1,3
152,26,1,1,4
152,26,0,2,9998
153,25,1,2,3
153,25,2,[NULL],9967
153,25,0,0,9998
154,24,1,1,9996
154,24,0,3,9998
155,23,2,[NULL],4
155,23,4,[NULL],9000
155,23,3,[NULL],9996
155,23,0,1,9997
155,23,1,2,9998
156,22,"3,5",2,3
156,22,5,6,3
156,22,4,[NULL],9000
156,22,"1,2",[NULL],9977
156,22,0,[NULL],9994
156,22,2,"2,3",9998
157,21,6,4,2
157,21,4,0,2
157,21,7,3,3
157,21,8,[NULL],9995
157,21,2,[NULL],9995
157,21,3,[NULL],9996
157,21,0,3,9997
157,21,5,0,9997
157,21,1,"1,6",9998
158,20,4,4,9996
158,20,3,[NULL],9996
158,20,5,2,9997
158,20,7,4,9997
158,20,6,6,9998
158,20,1,"1,7",9998
158,20,0,7,9998
158,20,2,3,9998
159,19,5,9,3
159,19,1,3,3
159,19,2,[NULL],3
159,19,3,[NULL],9994
159,19,4,5,9996
159,19,0,3,9997
160,18,2,5,2
160,18,4,"7,9",3
160,18,1,[NULL],9000
160,18,3,[NULL],9993
160,18,0,2,9998
161,17,3,2,2
161,17,1,1,2
161,17,4,[NULL],9995
161,17,2,3,9998
161,17,5,5,9998
161,17,0,[NULL],9998
162,16,6,2,2
162,16,2,"0,2",2
162,16,5,7,3
162,16,8,12,3
162,16,1,[NULL],9996
162,16,3,[NULL],9996
162,16,"4,7",[NULL],9996
162,16,7,6,9998
162,16,0,[NULL],9998
163,15,5,11,2
163,15,"3,8","9,11",2
163,15,8,"7,11",2
163,15,0,[NULL],9994
163,15,7,[NULL],9996
163,15,1,[NULL],9996
163,15,6,3,9997
163,15,4,4,9998
163,15,2,8,9998
164,14,5,6,2
164,14,6,9,2
164,14,9,7,2
164,14,4,4,2
164,14,"10,11",[NULL],9990
164,14,8,[NULL],9991
164,14,3,[NULL],9992
164,14,1,[NULL],9996
164,14,2,[NULL],9996
164,14,11,3,9997
164,14,7,[NULL],9997
164,14,0,[NULL],9997
165,13,"7,11",5,2
165,13,12,[NULL],2
165,13,11,[NULL],9993
165,13,8,[NULL],9995
165,13,3,[NULL],9996
165,13,5,[NULL],9997
165,13,4,[NULL],9997
165,13,"6,9,10",[NULL],9997
165,13,"9,10","3,4,5",9998
165,13,10,"4,5",9998
165,13,2,"2,4",9998
165,13,0,[NULL],9998
165,13,1,[NULL],9998
166,12,"2,7",2,2
166,12,7,[NULL],9996
166,12,3,[NULL],9996
166,12,"1,6",[NULL],9996
166,12,6,[NULL],9996
166,12,8,7,9997
166,12,4,4,9998
166,12,5,7,9998
166,12,9,10,9998
166,12,0,[NULL],9998
167,11,6,[NULL],9996
167,11,4,[NULL],9996
167,11,1,[NULL],9997
167,11,2,[NULL],9997
167,11,3,"3,9",9998
167,11,5,"8,9",9998
167,11,0,[NULL],9998
168,10,6,4,2
168,10,4,[NULL],9994
168,10,5,[NULL],9997
168,10,3,[NULL],9997
168,10,0,[NULL],9998
168,10,1,[NULL],9998
168,10,2,[NULL],9998
169,9,6,[NULL],9994
169,9,8,[NULL],9995
169,9,7,[NULL],9996
169,9,3,[NULL],9997
169,9,4,5,9998
169,9,1,10,9998
169,9,5,12,9998
169,9,0,[NULL],9998
169,9,2,[NULL],9998
170,8,3,[NULL],9994
170,8,5,[NULL],9996
170,8,4,[NULL],9996
170,8,2,[NULL],9996
170,8,6,3,9997
170,8,0,[NULL],9998
170,8,1,[NULL],9998
171,7,5,"2,6",2
171,7,4,[NULL],9996
171,7,"2,3","4,5,6",9998
171,7,0,[NULL],9998
171,7,1,[NULL],9998
171,7,3,[NULL],9998
172,6,2,0,2
172,6,1,[NULL],9993
172,6,"3,4",[NULL],9996
172,6,"0,4",[NULL],9996
172,6,4,[NULL],9996
172,6,5,[NULL],9997
173,5,1,[NULL],9996
173,5,0,6,9998
121,58,0,0,2
124,55,0,0,4
125,54,0,0,9998
126,53,0,0,9997
127,52,0,0,4
127,52,1,0,9995
128,51,0,0,4
129,50,0,0,9997
130,49,0,0,9996
131,48,0,1,4
132,47,0,0,3
133,46,0,0,9996
134,45,"1,2",0,2
134,45,2,1,9996
134,45,0,[NULL],9996
135,44,1,1,3
135,44,2,"0,1",3
135,44,0,0,9998
136,43,1,0,2
136,43,0,0,9998
137,42,"0,1",0,2
137,42,1,0,9996
138,41,1,0,2
138,41,2,1,2
138,41,0,0,9996
139,40,1,0,2
139,40,"0,2",0,4
139,40,2,0,9998
140,39,1,1,2
140,39,0,1,3
141,38,"2,3",0,2
141,38,3,2,2
141,38,1,1,2
141,38,0,0,9996
142,37,2,0,2
142,37,1,0,3
142,37,0,0,9998
143,36,1,0,2
143,36,0,2,4
144,35,1,1,2
144,35,2,2,2
144,35,0,0,4
145,34,"2,4",1,2
145,34,3,2,2
145,34,"0,1,4","0,1",2
145,34,4,0,9996
145,34,1,0,9998
146,33,3,1,2
146,33,2,2,2
146,33,"1,4",2,9997
146,33,4,2,9998
146,33,0,"0,1",9998
147,32,0,2,2
147,32,3,"1,2",2
147,32,2,4,2
147,32,1,0,4
148,31,"0,1",0,2
148,31,4,3,2
148,31,2,2,2
148,31,3,1,4
148,31,1,0,9998
149,30,3,3,2
149,30,1,1,2
149,30,2,"0,3",9996
149,30,0,"0,1",9998
150,29,2,0,2
150,29,"0,3",0,3
150,29,3,[NULL],9000
150,29,1,"0,4",9996
151,28,2,0,2
151,28,0,2,3
151,28,1,4,4
152,27,0,0,2
152,27,1,3,3
152,27,2,3,9997
153,26,3,0,2
153,26,2,[NULL],3
153,26,0,[NULL],9978
153,26,1,"0,1",9996
154,25,2,1,2
154,25,0,[NULL],9978
154,25,1,2,9998
155,24,"2,3",2,2
155,24,3,2,4
155,24,0,4,9997
155,24,1,2,9997
156,23,"1,6",1,2
156,23,"3,6",4,3
156,23,0,1,3
156,23,2,[NULL],9000
156,23,5,[NULL],9000
156,23,4,1,9996
156,23,6,0,9998
157,22,6,6,2
157,22,"1,7",1,2
157,22,7,0,2
157,22,3,2,2
157,22,4,2,3
157,22,2,[NULL],9996
157,22,5,[NULL],9997
157,22,0,"1,2,3",9998
158,21,4,[NULL],9000
158,21,2,[NULL],9996
158,21,0,[NULL],9997
158,21,3,3,9998
158,21,1,1,9998
159,20,2,0,2
159,20,1,[NULL],9000
159,20,3,6,9997
159,20,0,[NULL],9998
160,19,3,2,2
160,19,5,5,2
160,19,2,4,3
160,19,6,[NULL],9000
160,19,1,[NULL],9000
160,19,4,4,9998
160,19,0,[NULL],9998
161,18,6,7,2
161,18,2,3,3
161,18,9,[NULL],9000
161,18,8,[NULL],9961
161,18,5,[NULL],9977
161,18,0,[NULL],9991
161,18,7,[NULL],9991
161,18,4,[NULL],9997
161,18,1,[NULL],9997
161,18,3,3,9998
162,17,4,4,2
162,17,8,2,2
162,17,3,[NULL],9978
162,17,"5,6",[NULL],9991
162,17,6,[NULL],9994
162,17,7,[NULL],9996
162,17,2,[NULL],9997
162,17,1,[NULL],9997
162,17,0,[NULL],9998
163,16,0,[NULL],9000
163,16,"1,2",[NULL],9994
163,16,2,5,9997
164,15,"3,4,5","9,10",2
164,15,"4,5",10,2
164,15,"2,5","2,6,9",2
164,15,5,[NULL],9994
164,15,1,1,9997
164,15,0,[NULL],9998
165,14,4,4,2
165,14,7,5,2
165,14,10,9,2
165,14,5,[NULL],9994
165,14,1,[NULL],9994
165,14,8,[NULL],9996
165,14,9,[NULL],9996
165,14,6,[NULL],9997
165,14,3,[NULL],9997
165,14,2,[NULL],9997
165,14,0,[NULL],9997
166,13,"3,9",3,2
166,13,"8,9",5,2
166,13,9,[NULL],9990
166,13,11,[NULL],9991
166,13,10,[NULL],9995
166,13,6,[NULL],9996
166,13,2,[NULL],9996
166,13,4,[NULL],9997
166,13,7,6,9998
166,13,5,5,9998
166,13,0,[NULL],9998
166,13,1,[NULL],9998
167,12,"3,4,10",[NULL],2
167,12,"8,10",[NULL],9987
167,12,6,[NULL],9993
167,12,10,[NULL],9996
167,12,"2,4",[NULL],9996
167,12,"9,12",[NULL],9996
167,12,12,10,9998
167,12,4,"5,6",9998
167,12,5,"3,10",9998
167,12,11,"8,10",9998
167,12,7,5,9998
167,12,0,[NULL],9998
167,12,1,[NULL],9998
168,11,5,4,2
168,11,10,1,2
168,11,12,5,2
168,11,11,[NULL],9990
168,11,"8,9",[NULL],9996
168,11,"7,9",[NULL],9997
168,11,"4,9",[NULL],9997
168,11,9,7,9998
168,11,2,"5,6,7,10",9998
168,11,3,"7,10",9998
168,11,6,"5,7,10",9998
168,11,0,[NULL],9998
168,11,1,[NULL],9998
169,10,6,4,3
169,10,"10,11",[NULL],9987
169,10,11,[NULL],9993
169,10,12,[NULL],9994
169,10,5,[NULL],9996
169,10,9,[NULL],9996
169,10,7,[NULL],9997
169,10,2,[NULL],9997
169,10,3,"1,5",9998
169,10,4,"4,5,7,9",9998
169,10,8,"5,6,8",9998
169,10,0,[NULL],9998
169,10,1,[NULL],9998
170,9,"4,5,6","2,3",2
170,9,10,[NULL],9991
170,9,"5,6",[NULL],9992
170,9,8,[NULL],9994
170,9,9,[NULL],9994
170,9,"1,3",[NULL],9994
170,9,3,[NULL],9996
170,9,7,[NULL],9996
170,9,6,8,9997
170,9,2,[NULL],9997
170,9,0,"2,3",9998
171,8,8,[NULL],9993
171,8,3,[NULL],9994
171,8,2,[NULL],9995
171,8,6,[NULL],9996
171,8,7,[NULL],9996
171,8,5,[NULL],9996
171,8,0,[NULL],9997
171,8,4,[NULL],9997
171,8,1,[NULL],9997
172,7,6,0,2
172,7,12,4,3
172,7,9,[NULL],9991
172,7,11,[NULL],9993
172,7,10,[NULL],9993
172,7,8,[NULL],9996
172,7,5,[NULL],9996
172,7,4,[NULL],9997
172,7,2,[NULL],9997
172,7,3,[NULL],9997
172,7,7,[NULL],9997
172,7,0,[NULL],9997
172,7,1,[NULL],9998
173,6,10,[NULL],9000
173,6,8,[NULL],9000
173,6,"4,9",[NULL],9990
173,6,9,[NULL],9990
173,6,3,[NULL],9992
173,6,6,[NULL],9996
173,6,2,[NULL],9996
173,6,5,9,9997
173,6,7,[NULL],9997
173,6,1,"7,9",9998
173,6,0,8,9998
174,5,"6,7",[NULL],9995
174,5,4,[NULL],9995
174,5,3,[NULL],9996
174,5,"2,5",[NULL],9996
174,5,5,[NULL],9996
174,5,8,13,9997
174,5,7,[NULL],9997
174,5,0,[NULL],9998
174,5,1,[NULL],9998
175,4,4,[NULL],9991
175,4,7,[NULL],9992
175,4,8,[NULL],9996
175,4,6,[NULL],9996
175,4,1,[NULL],9996
175,4,3,[NULL],9997
175,4,2,1,9998
175,4,5,3,9998
175,4,0,[NULL],9998
176,3,1,[NULL],9997
176,3,0,3,9998
176,3,2,5,9998
121,59,0,[NULL],9000
124,56,0,0,2
125,55,0,0,9998
126,54,0,0,5
127,53,0,0,9994
134,46,0,0,2
135,45,0,0,2
135,45,1,0,9998
136,44,0,1,9998
138,42,0,2,2
139,41,0,"1,2",9997
141,39,0,0,2
142,38,1,0,9997
142,38,0,1,9998
144,36,0,1,2
145,35,2,4,2
145,35,"0,1",0,2
145,35,1,"0,2",9997
146,34,"1,2","0,1",3
146,34,2,1,9997
146,34,0,1,9998
147,33,0,1,2
148,32,"0,1",0,2
148,32,1,1,9998
149,31,1,1,9997
149,31,0,3,9998
151,29,0,[NULL],9978
152,28,0,4,9998
153,27,2,1,2
153,27,1,0,9996
153,27,0,3,9998
154,26,1,0,3
154,26,0,[NULL],9978
155,25,0,6,2
156,24,"1,2,3",0,2
156,24,3,0,3
156,24,0,5,3
156,24,2,2,9997
157,23,3,3,2
157,23,1,1,2
157,23,2,5,3
157,23,4,7,3
157,23,0,[NULL],9997
158,22,3,0,3
158,22,2,[NULL],9996
158,22,4,7,9997
158,22,1,3,9998
158,22,0,[NULL],9998
159,21,4,4,2
159,21,3,[NULL],9000
159,21,2,[NULL],9997
159,21,1,[NULL],9997
159,21,0,[NULL],9998
160,20,3,3,2
160,20,4,[NULL],9000
160,20,"1,2",[NULL],9996
160,20,2,5,9997
160,20,0,[NULL],9998
161,19,3,[NULL],16
161,19,1,4,9997
161,19,2,[NULL],9997
161,19,0,[NULL],9998
162,18,3,6,3
162,18,2,[NULL],9994
162,18,1,[NULL],9997
162,18,0,[NULL],9997
162,18,4,4,9998
163,17,3,11,3
163,17,1,[NULL],9995
163,17,2,[NULL],9996
163,17,0,[NULL],9998
164,16,3,[NULL],9994
164,16,1,[NULL],9996
164,16,2,2,9997
164,16,0,[NULL],9998
165,15,6,7,2
165,15,5,5,2
165,15,0,[NULL],2
165,15,7,8,3
165,15,4,1,9997
165,15,3,[NULL],9997
165,15,2,"3,4",9998
165,15,1,3,9998
166,14,10,12,2
166,14,"5,6",4,2
166,14,3,"5,12",2
166,14,8,"11,12",2
166,14,6,"2,7",2
166,14,9,[NULL],9995
166,14,7,[NULL],9995
166,14,"1,2",[NULL],9996
166,14,2,7,9998
166,14,4,9,9998
166,14,0,[NULL],9998
167,13,7,9,2
167,13,"5,6,10","2,4",2
167,13,10,"3,9",2
167,13,6,"2,6",2
167,13,4,[NULL],9994
167,13,1,[NULL],9994
167,13,11,7,9996
167,13,2,0,9996
167,13,9,[NULL],9997
167,13,3,[NULL],9997
167,13,"0,8","4,7",9998
167,13,8,6,9998
168,12,"1,5",3,2
168,12,"4,5,7,9",4,2
168,12,"5,6,8",8,2
168,12,10,[NULL],9994
168,12,"6,7,8,9",[NULL],9995
168,12,8,[NULL],9996
168,12,"7,9",[NULL],9997
168,12,"2,3",[NULL],9997
168,12,3,"4,5",9998
168,12,9,4,9998
168,12,0,[NULL],9998
169,11,"2,3",0,2
169,11,3,"5,6",3
169,11,6,[NULL],9995
169,11,1,[NULL],9996
169,11,0,[NULL],9997
169,11,7,[NULL],9997
169,11,4,"7,8",9998
169,11,5,7,9998
170,10,3,[NULL],9995
170,10,4,[NULL],9995
170,10,2,[NULL],9997
170,10,1,"8,11",9998
170,10,0,[NULL],9998
171,9,5,[NULL],9992
171,9,2,[NULL],9996
171,9,"3,4",[NULL],9996
171,9,4,"7,9",9997
171,9,0,[NULL],9998
171,9,1,[NULL],9998
172,8,"7,9",1,2
172,8,8,0,2
172,8,10,[NULL],9992
172,8,9,[NULL],9994
172,8,4,[NULL],9995
172,8,6,[NULL],9997
172,8,5,11,9998
172,8,0,[NULL],9998
172,8,1,[NULL],9998
172,8,2,[NULL],9998
172,8,3,[NULL],9998
173,7,"5,8",[NULL],9994
173,7,8,[NULL],9994
173,7,7,[NULL],9995
173,7,6,[NULL],9995
173,7,"3,4",[NULL],9997
173,7,4,[NULL],9997
173,7,2,[NULL],9997
173,7,1,"8,9",9998
173,7,0,7,9998
174,6,1,2,2
174,6,3,5,2
174,6,4,[NULL],9992
174,6,2,[NULL],9997
174,6,0,[NULL],9998
175,5,3,0,2
175,5,5,2,2
175,5,0,[NULL],9997
175,5,1,4,9998
175,5,2,5,9998
175,5,4,7,9998
176,4,1,[NULL],9996
176,4,0,5,9998
176,4,2,8,9998
121,60,0,[NULL],9000
124,57,0,0,2
125,56,0,0,3
126,55,0,0,5
127,54,0,0,9994
128,53,0,0,3
134,47,0,1,2
135,46,1,0,2
135,46,0,1,9996
138,43,0,1,9998
139,42,0,0,9996
140,41,0,1,9998
141,40,1,0,2
141,40,0,1,9998
142,39,0,2,9998
142,39,1,1,9998
143,38,0,2,9998
144,37,0,"0,2",9998
144,37,1,1,9998
145,36,1,0,2
145,36,2,"1,4",3
145,36,0,1,9998
146,35,1,3,9998
146,35,0,2,9998
147,34,1,1,2
147,34,0,1,9998
148,33,3,0,2
148,33,4,3,9998
148,33,1,1,9998
148,33,0,"1,3,4",9998
148,33,2,2,9998
149,32,"0,1,3",2,4
149,32,3,"4,5",9998
149,32,1,"1,5",9998
149,32,2,2,9998
150,31,1,1,4
150,31,0,2,9998
150,31,2,1,9998
151,30,4,0,2
151,30,3,2,3
151,30,1,0,9996
151,30,0,"2,3",9998
151,30,2,1,9998
152,29,3,0,2
152,29,1,"0,1",9996
152,29,2,2,9998
152,29,0,0,9998
153,28,1,1,4
153,28,2,2,9998
153,28,0,0,9998
154,27,4,0,3
154,27,2,1,3
154,27,0,[NULL],9971
154,27,3,1,9998
154,27,1,0,9998
155,26,2,3,9996
155,26,0,"0,2",9998
155,26,1,1,9998
156,25,0,[NULL],9000
156,25,1,4,9997
157,24,3,1,2
157,24,4,4,4
157,24,2,[NULL],5
157,24,0,[NULL],9998
157,24,1,[NULL],9998
158,23,6,3,3
158,23,5,4,4
158,23,3,6,9998
158,23,4,5,9998
158,23,0,[NULL],9998
158,23,1,[NULL],9998
158,23,2,[NULL],9998
159,22,7,[NULL],9000
159,22,4,[NULL],9980
159,22,6,2,9996
159,22,5,6,9998
159,22,0,[NULL],9998
159,22,1,[NULL],9998
159,22,2,[NULL],9998
159,22,3,[NULL],9998
160,21,5,[NULL],9000
160,21,4,[NULL],9000
160,21,3,1,9997
160,21,2,2,9998
160,21,1,"1,5,6",9998
160,21,0,[NULL],9998
161,20,4,4,2
161,20,2,[NULL],9993
161,20,3,[NULL],9993
161,20,0,[NULL],9998
161,20,1,[NULL],9998
162,19,5,2,3
162,19,4,[NULL],9000
162,19,0,[NULL],9980
162,19,2,[NULL],9980
162,19,1,5,9996
162,19,3,1,9997
163,18,1,1,3
163,18,2,[NULL],9992
163,18,0,[NULL],9997
164,17,"3,4",2,2
164,17,4,"1,2",2
164,17,2,[NULL],9996
164,17,1,[NULL],9997
164,17,0,[NULL],9997
165,16,7,2,2
165,16,9,4,2
165,16,6,[NULL],9996
165,16,5,[NULL],9996
165,16,8,4,9998
165,16,4,3,9998
165,16,0,[NULL],9998
165,16,1,[NULL],9998
165,16,2,[NULL],9998
165,16,3,[NULL],9998
166,15,"4,7","0,8",2
166,15,6,8,2
166,15,7,[NULL],9991
166,15,2,1,9998
166,15,3,4,9998
166,15,5,6,9998
166,15,0,[NULL],9998
166,15,1,[NULL],9998
167,14,"4,5",3,2
167,14,5,"3,9",2
167,14,3,[NULL],9995
167,14,2,[NULL],9995
167,14,0,[NULL],9998
167,14,1,[NULL],9998
168,13,"7,8",4,2
168,13,8,"4,5",2
168,13,5,[NULL],3
168,13,4,[NULL],9987
168,13,6,[NULL],9996
168,13,3,1,9998
168,13,0,[NULL],9998
168,13,1,[NULL],9998
168,13,2,[NULL],9998
169,12,"8,11",1,2
169,12,11,6,3
169,12,7,[NULL],9992
169,12,12,[NULL],9992
169,12,3,[NULL],9995
169,12,"5,9,10",[NULL],9996
169,12,4,[NULL],9996
169,12,2,[NULL],9996
169,12,10,[NULL],9997
169,12,9,5,9998
169,12,6,7,9998
169,12,0,[NULL],9998
169,12,1,[NULL],9998
170,11,"5,13",[NULL],9993
170,11,6,[NULL],9993
170,11,13,[NULL],9994
170,11,12,9,9997
170,11,7,[NULL],9997
170,11,4,[NULL],9997
170,11,"8,9",[NULL],9997
170,11,"2,11",[NULL],9997
170,11,11,9,9998
170,11,3,"3,12",9998
170,11,9,12,9998
170,11,10,"11,12",9998
170,11,0,[NULL],9998
170,11,1,[NULL],9998
171,10,11,5,2
171,10,13,[NULL],9988
171,10,10,[NULL],9992
171,10,9,[NULL],9992
171,10,12,[NULL],9995
171,10,"4,5",[NULL],9996
171,10,7,7,9997
171,10,3,[NULL],9997
171,10,2,[NULL],9997
171,10,6,[NULL],9997
171,10,1,[NULL],9997
171,10,5,5,9998
171,10,8,7,9998
171,10,0,[NULL],9998
172,9,"8,9",1,2
172,9,7,0,2
172,9,9,5,3
172,9,13,[NULL],9989
172,9,14,[NULL],9989
172,9,12,[NULL],9992
172,9,11,[NULL],9993
172,9,4,[NULL],9995
172,9,10,[NULL],9997
172,9,3,[NULL],9997
172,9,6,[NULL],9997
172,9,2,[NULL],9997
172,9,1,[NULL],9997
172,9,0,[NULL],9997
172,9,5,"3,5,6",9998
173,8,13,8,3
173,8,10,[NULL],9992
173,8,4,[NULL],9993
173,8,12,[NULL],9993
173,8,11,[NULL],9993
173,8,8,[NULL],9994
173,8,9,[NULL],9996
173,8,7,[NULL],9996
173,8,"5,6",[NULL],9996
173,8,6,[NULL],9997
173,8,3,[NULL],9997
173,8,2,[NULL],9997
173,8,0,4,9998
173,8,1,6,9998
174,7,4,1,2
174,7,5,2,2
174,7,7,4,2
174,7,6,[NULL],9993
174,7,2,[NULL],9997
174,7,0,[NULL],9998
174,7,1,[NULL],9998
174,7,3,[NULL],9998
175,6,5,0,2
175,6,8,2,2
175,6,7,[NULL],9990
175,6,6,[NULL],9993
175,6,4,[NULL],9996
175,6,3,[NULL],9996
175,6,2,[NULL],9997
175,6,0,[NULL],9998
175,6,1,[NULL],9998
176,5,6,[NULL],9000
176,5,8,[NULL],9993
176,5,9,[NULL],9993
176,5,7,[NULL],9994
176,5,2,[NULL],9996
176,5,3,2,9998
176,5,4,5,9998
176,5,5,6,9998
176,5,0,[NULL],9998
176,5,1,[NULL],9998
177,4,3,[NULL],9996
177,4,2,[NULL],9997
177,4,0,[NULL],9997
177,4,1,[NULL],9997
126,56,0,0,5
127,55,0,0,9994
127,55,1,0,9997
128,54,0,1,9998
129,53,0,0,4
130,52,0,0,9998
131,51,0,0,9996
132,50,0,0,4
133,49,1,2,4
133,49,0,[NULL],9000
134,48,1,1,9996
134,48,0,0,9998
135,47,0,1,9996
136,46,0,0,4
137,45,1,0,2
137,45,0,0,4
138,44,"1,2",0,3
138,44,2,1,9996
138,44,0,0,9998
139,43,1,0,2
139,43,0,1,9998
140,42,1,0,2
140,42,0,0,4
141,41,2,0,2
141,41,1,1,2
141,41,0,1,3
142,40,2,0,2
142,40,1,2,9997
142,40,0,0,9998
143,39,"0,2",0,2
143,39,1,1,2
143,39,2,"0,2",9996
144,38,1,0,2
144,38,"0,2",1,3
144,38,2,4,4
145,37,3,1,2
145,37,2,0,2
145,37,1,2,3
145,37,0,0,9998
146,36,1,0,2
146,36,0,0,9996
146,36,2,0,9998
147,35,3,4,2
147,35,1,1,2
147,35,4,"0,1,4",2
147,35,2,2,2
147,35,0,1,9997
148,34,"4,5",3,2
148,34,"1,5",1,2
148,34,2,2,2
148,34,5,1,3
148,34,"0,3",2,4
148,34,3,0,9998
149,33,2,0,2
149,33,1,2,2
149,33,"0,4",1,4
149,33,"3,4","1,2",9998
149,33,4,2,9998
150,32,"2,3",0,2
150,32,1,2,2
150,32,3,1,9996
150,32,0,[NULL],9996
151,31,2,2,2
151,31,0,0,2
151,31,1,0,9996
152,30,2,2,2
152,30,0,0,2
152,30,1,1,4
153,29,1,3,2
153,29,0,1,2
154,28,"0,2",0,2
154,28,1,1,2
154,28,2,"1,4",9996
155,27,2,2,3
155,27,1,4,4
155,27,0,1,9998
156,26,5,[NULL],5
156,26,"3,4",[NULL],9981
156,26,4,0,9997
156,26,0,[NULL],9998
156,26,1,[NULL],9998
156,26,2,[NULL],9998
157,25,6,3,2
157,25,5,4,2
157,25,7,4,3
157,25,4,[NULL],6
157,25,"2,3",[NULL],9000
157,25,3,4,9997
157,25,1,[NULL],9997
157,25,0,"0,1",9998
158,24,6,5,2
158,24,"3,5",[NULL],2
158,24,"0,2",[NULL],9981
158,24,"1,2,5",[NULL],9981
158,24,2,[NULL],9984
158,24,5,2,9996
158,24,4,"3,4",9997
159,23,2,2,2
159,23,"1,5,6",1,2
159,23,5,2,3
159,23,4,0,9996
159,23,6,3,9998
159,23,3,1,9998
159,23,0,0,9998
160,22,4,1,3
160,22,7,[NULL],9951
160,22,3,[NULL],9992
160,22,6,[NULL],9996
160,22,1,[NULL],9996
160,22,5,2,9997
160,22,2,[NULL],9997
160,22,0,2,9998
161,21,4,[NULL],9000
161,21,2,[NULL],9000
161,21,1,6,9997
161,21,3,3,9998
161,21,0,[NULL],9998
162,20,1,7,9997
162,20,0,3,9997
163,19,2,2,3
163,19,3,[NULL],9993
163,19,1,5,9997
163,19,0,4,9998
164,18,4,8,2
164,18,3,4,2
164,18,"0,2",[NULL],2
164,18,1,4,3
164,18,2,[NULL],9000
164,18,5,[NULL],9000
165,17,1,2,2
165,17,4,3,2
165,17,6,5,2
165,17,7,[NULL],9994
165,17,5,[NULL],9996
165,17,2,2,9997
165,17,8,7,9997
165,17,0,[NULL],9997
165,17,3,3,9998
166,16,5,[NULL],9994
166,16,"2,4",[NULL],9996
166,16,6,4,9997
166,16,4,[NULL],9997
166,16,"0,1,3",[NULL],9997
166,16,"1,3","1,4",9998
166,16,3,4,9998
167,15,1,3,2
167,15,2,[NULL],9994
167,15,3,[NULL],9996
167,15,0,5,9998
168,14,5,9,2
168,14,7,6,2
168,14,8,[NULL],9992
168,14,"2,4",[NULL],9994
168,14,"1,4",[NULL],9994
168,14,3,[NULL],9995
168,14,6,[NULL],9997
168,14,4,[NULL],9997
168,14,0,[NULL],9997
169,13,9,11,2
169,13,"3,12",3,2
169,13,12,9,2
169,13,11,"9,10",2
169,13,7,[NULL],9996
169,13,"2,8",[NULL],9997
169,13,5,[NULL],9997
169,13,8,[NULL],9997
169,13,6,"3,4,5",9998
169,13,10,4,9998
169,13,4,"2,3,4",9998
169,13,0,[NULL],9998
169,13,1,[NULL],9998
170,12,5,5,2
170,12,7,8,2
170,12,9,3,3
170,12,11,5,9996
170,12,8,3,9996
170,12,"1,4",[NULL],9996
170,12,4,[NULL],9997
170,12,3,2,9998
170,12,6,7,9998
170,12,10,8,9998
170,12,0,[NULL],9998
170,12,2,[NULL],9998
171,11,"3,5,6",5,2
171,11,"5,6",[NULL],9995
171,11,"6,7",[NULL],9997
171,11,"1,2,7,8",[NULL],9997
171,11,"4,7",[NULL],9997
171,11,7,8,9998
171,11,2,"6,9",9998
171,11,8,"8,9",9998
171,11,0,[NULL],9998
172,10,4,0,2
172,10,6,1,2
172,10,3,[NULL],9996
172,10,5,[NULL],9997
172,10,1,[NULL],9997
172,10,0,[NULL],9998
172,10,2,[NULL],9998
173,9,7,[NULL],9993
173,9,8,[NULL],9994
173,9,6,[NULL],9996
173,9,5,[NULL],9996
173,9,3,[NULL],9997
173,9,0,[NULL],9998
173,9,1,[NULL],9998
173,9,2,[NULL],9998
173,9,4,[NULL],9998
174,8,10,[NULL],9990
174,8,8,[NULL],9992
174,8,5,[NULL],9992
174,8,9,[NULL],9996
174,8,7,[NULL],9997
174,8,6,[NULL],9997
174,8,4,[NULL],9997
174,8,3,[NULL],9997
174,8,2,[NULL],9997
174,8,1,[NULL],9997
174,8,0,[NULL],9998
175,7,2,3,2
175,7,5,4,2
175,7,6,5,2
175,7,4,[NULL],9996
175,7,3,[NULL],9997
175,7,1,[NULL],9997
175,7,7,8,9998
175,7,0,[NULL],9998
176,6,"1,2,3",[NULL],9997
176,6,2,[NULL],9997
176,6,0,[NULL],9997
176,6,3,5,9998
177,5,0,1,9998
122,61,0,[NULL],9000
123,60,0,[NULL],9000
126,57,0,1,5
127,56,1,0,2
127,56,0,[NULL],9000
128,55,0,1,9998
129,54,0,0,2
133,50,0,0,2
134,49,0,0,9998
137,46,0,0,2
138,45,1,0,2
138,45,0,0,9998
139,44,0,0,9997
141,42,0,0,2
142,41,0,1,9998
144,39,0,0,2
145,38,0,2,2
145,38,1,1,9998
146,37,0,1,9998
147,36,0,3,2
148,35,"1,2","3,4",2
148,35,2,4,2
148,35,0,"0,2",9997
149,34,1,1,9997
149,34,0,2,9998
152,31,0,1,4
153,30,0,"0,1,2",9998
154,29,1,0,2
154,29,2,[NULL],9000
154,29,0,4,9997
155,28,4,1,3
155,28,2,[NULL],9981
155,28,"0,1",[NULL],9981
155,28,3,2,9997
155,28,1,"0,1",9998
156,27,"0,1",0,2
156,27,2,2,9997
156,27,1,1,9998
157,26,"1,2",[NULL],9982
157,26,2,1,9997
157,26,0,"0,1",9998
158,25,3,6,2
158,25,1,3,2
158,25,0,0,2
158,25,2,[NULL],9000
158,25,4,1,9996
159,24,2,0,2
159,24,1,3,3
159,24,4,[NULL],9982
159,24,5,1,9997
159,24,3,"1,3,4",9997
159,24,0,[NULL],9997
160,23,3,3,2
160,23,4,[NULL],9000
160,23,2,[NULL],9952
160,23,"0,1",[NULL],9980
160,23,1,[NULL],9993
161,22,1,3,3
161,22,2,[NULL],9000
161,22,0,[NULL],9998
162,21,4,0,2
162,21,0,[NULL],9982
162,21,1,[NULL],9995
162,21,2,6,9997
162,21,3,0,9997
163,20,4,[NULL],9000
163,20,5,4,9997
163,20,3,0,9997
163,20,2,2,9998
163,20,0,[NULL],9998
163,20,1,[NULL],9998
164,19,3,3,2
164,19,2,[NULL],9994
164,19,1,[NULL],9997
164,19,0,[NULL],9998
165,18,"1,4",0,2
165,18,4,"0,1",2
165,18,3,[NULL],9997
165,18,2,5,9998
165,18,0,[NULL],9998
166,17,5,0,2
166,17,7,11,4
166,17,0,2,4
166,17,4,[NULL],9991
166,17,6,[NULL],9996
166,17,3,[NULL],9996
166,17,"1,2",[NULL],9996
166,17,2,[NULL],9996
167,16,1,[NULL],9994
167,16,3,[NULL],9996
167,16,2,[NULL],9996
167,16,0,3,9998
168,15,"3,4,5",6,2
168,15,4,10,2
168,15,"2,5","4,6",2
168,15,5,[NULL],9993
168,15,0,[NULL],9994
168,15,1,[NULL],9995
169,14,2,3,2
169,14,7,6,2
169,14,8,10,2
169,14,9,12,3
169,14,4,[NULL],9000
169,14,6,[NULL],9996
169,14,5,5,9998
169,14,3,4,9998
169,14,0,[NULL],9998
169,14,1,[NULL],9998
170,13,8,7,2
170,13,"6,9",2,2
170,13,9,"1,2",2
170,13,7,7,3
170,13,2,[NULL],9982
170,13,4,[NULL],9993
170,13,5,[NULL],9995
170,13,3,[NULL],9996
170,13,0,[NULL],9998
170,13,1,[NULL],9998
171,12,"4,5,7",[NULL],9988
171,12,9,[NULL],9990
171,12,"5,6,7",[NULL],9994
171,12,7,[NULL],9994
171,12,3,[NULL],9996
171,12,6,3,9998
171,12,8,5,9998
171,12,0,[NULL],9998
171,12,1,[NULL],9998
171,12,2,[NULL],9998
172,11,6,[NULL],9990
172,11,5,[NULL],9991
172,11,1,[NULL],9993
172,11,7,[NULL],9994
172,11,"2,4",[NULL],9995
172,11,3,[NULL],9995
172,11,"4,8",[NULL],9997
172,11,8,7,9998
172,11,0,[NULL],9998
173,10,6,[NULL],9992
173,10,5,[NULL],9992
173,10,7,[NULL],9993
173,10,2,[NULL],9994
173,10,9,[NULL],9994
173,10,8,[NULL],9995
173,10,1,[NULL],9995
173,10,3,[NULL],9997
173,10,4,[NULL],9997
173,10,0,[NULL],9998
174,9,8,7,2
174,9,5,[NULL],9990
174,9,7,[NULL],9991
174,9,6,[NULL],9992
174,9,1,[NULL],9993
174,9,2,[NULL],9994
174,9,3,[NULL],9995
174,9,4,5,9997
174,9,0,[NULL],9997
175,8,5,3,2
175,8,3,[NULL],9993
175,8,4,[NULL],9994
175,8,0,[NULL],9995
175,8,2,[NULL],9997
175,8,1,[NULL],9997
176,7,1,0,2
176,7,2,[NULL],9993
176,7,3,[NULL],9994
176,7,4,[NULL],9996
176,7,0,[NULL],9998
177,6,4,[NULL],9991
177,6,5,[NULL],9992
177,6,6,[NULL],9995
177,6,7,[NULL],9995
177,6,2,[NULL],9997
177,6,3,[NULL],9997
177,6,1,[NULL],9997
177,6,0,[NULL],9998
178,5,7,[NULL],9990
178,5,6,[NULL],9992
178,5,"3,4",[NULL],9995
178,5,"2,4",[NULL],9996
178,5,5,[NULL],9997
178,5,1,[NULL],9997
178,5,4,[NULL],9997
178,5,0,[NULL],9997
179,4,2,[NULL],9992
179,4,1,2,9997
179,4,3,[NULL],9997
179,4,0,[NULL],9997
180,3,0,3,9998
123,61,0,[NULL],9000
126,58,0,1,3
127,57,1,0,2
127,57,0,[NULL],9000
128,56,0,1,9996
133,51,0,0,2
134,50,1,0,4
134,50,0,"0,1",9998
137,47,0,0,2
138,46,0,0,4
141,43,1,0,2
141,43,2,1,3
141,43,0,1,9998
142,42,0,2,9998
142,42,1,"1,2",9998
143,41,0,1,9998
144,40,1,1,2
144,40,0,1,9998
145,39,1,0,2
145,39,0,1,9998
146,38,1,0,3
146,38,0,1,9998
147,37,0,0,9998
147,37,1,1,9998
148,36,2,0,2
148,36,1,1,9996
148,36,0,1,9998
149,35,0,2,9998
150,34,0,1,4
150,34,1,2,9998
151,33,"0,1",1,4
151,33,1,1,9998
151,33,2,2,9998
152,32,"0,1,2",0,2
152,32,1,1,9997
152,32,2,"1,3",9998
152,32,3,2,9998
153,31,2,0,9996
153,31,0,"0,4",9998
153,31,1,3,9998
153,31,3,2,9998
154,30,"0,1",1,2
154,30,3,2,4
154,30,1,3,9998
154,30,2,2,9998
155,29,1,1,2
155,29,0,3,3
155,29,4,[NULL],3
155,29,2,0,9998
155,29,5,3,9998
155,29,3,1,9998
156,28,"0,1",0,2
156,28,4,3,3
156,28,2,"0,1",9996
156,28,1,0,9998
156,28,3,3,9998
157,27,"3,4",4,3
157,27,4,2,9996
157,27,0,"0,5",9998
157,27,2,2,9998
157,27,1,"3,5",9998
158,26,2,6,4
158,26,0,"2,3",9998
158,26,1,1,9998
159,25,2,5,3
159,25,0,[NULL],9000
159,25,1,4,9998
160,24,6,1,3
160,24,5,[NULL],9983
160,24,2,[NULL],9994
160,24,4,2,9996
160,24,3,0,9997
160,24,1,[NULL],9997
160,24,0,[NULL],9997
161,23,7,1,3
161,23,3,0,3
161,23,5,1,4
161,23,8,[NULL],9966
161,23,1,[NULL],9996
161,23,6,"5,7",9998
161,23,2,6,9998
161,23,4,4,9998
161,23,0,[NULL],9998
162,22,2,2,2
162,22,5,1,3
162,22,3,[NULL],9000
162,22,6,[NULL],9983
162,22,1,[NULL],9996
162,22,4,1,9997
162,22,0,[NULL],9998
163,21,6,[NULL],9964
163,21,3,4,9996
163,21,5,3,9996
163,21,4,1,9997
163,21,0,[NULL],9998
163,21,1,[NULL],9998
163,21,2,[NULL],9998
164,20,5,2,2
164,20,2,2,3
164,20,7,8,3
164,20,4,"0,4",9996
164,20,6,4,9996
164,20,3,[NULL],9997
164,20,0,[NULL],9998
164,20,1,[NULL],9998
165,19,4,6,3
165,19,3,[NULL],9996
165,19,2,4,9998
165,19,0,[NULL],9998
165,19,1,[NULL],9998
166,18,3,0,2
166,18,"1,2",[NULL],9995
166,18,2,[NULL],9996
166,18,0,3,9998
167,17,1,[NULL],9000
167,17,2,[NULL],9995
167,17,3,[NULL],9997
167,17,0,[NULL],9997
168,16,5,5,2
168,16,4,3,2
168,16,6,[NULL],9993
168,16,2,2,9998
168,16,3,8,9998
168,16,0,[NULL],9998
168,16,1,[NULL],9998
169,15,6,[NULL],9991
169,15,4,[NULL],9995
169,15,5,[NULL],9997
169,15,2,1,9998
169,15,3,3,9998
169,15,0,[NULL],9998
169,15,1,[NULL],9998
170,14,3,6,2
170,14,5,8,2
170,14,2,[NULL],9000
170,14,4,[NULL],9993
170,14,0,[NULL],9995
170,14,1,[NULL],9996
171,13,7,8,2
171,13,3,[NULL],9995
171,13,5,[NULL],9995
171,13,2,[NULL],9996
171,13,6,[NULL],9996
171,13,1,[NULL],9997
171,13,4,[NULL],9997
171,13,0,[NULL],9998
172,12,4,6,9996
172,12,7,[NULL],9996
172,12,"3,5",[NULL],9996
172,12,1,[NULL],9996
172,12,2,[NULL],9996
172,12,6,[NULL],9996
172,12,5,[NULL],9996
172,12,0,[NULL],9998
173,11,6,[NULL],9994
173,11,5,[NULL],9997
173,11,4,[NULL],9997
173,11,3,[NULL],9997
173,11,1,[NULL],9997
173,11,2,4,9998
173,11,7,6,9998
173,11,0,[NULL],9998
174,10,7,[NULL],9994
174,10,3,[NULL],9994
174,10,10,[NULL],9995
174,10,9,[NULL],9995
174,10,5,[NULL],9996
174,10,"6,8",[NULL],9996
174,10,2,[NULL],9996
174,10,1,[NULL],9996
174,10,8,[NULL],9997
174,10,4,0,9998
174,10,0,[NULL],9998
175,9,8,[NULL],9000
175,9,9,[NULL],9000
175,9,7,[NULL],9989
175,9,6,[NULL],9990
175,9,5,[NULL],9992
175,9,4,[NULL],9992
175,9,1,[NULL],9996
175,9,3,[NULL],9996
175,9,2,[NULL],9996
175,9,0,[NULL],9996
176,8,3,[NULL],9990
176,8,1,[NULL],9996
176,8,2,[NULL],9997
176,8,0,[NULL],9997
177,7,1,3,9997
177,7,2,[NULL],9997
177,7,0,[NULL],9997
178,6,2,[NULL],9992
178,6,1,[NULL],9996
178,6,3,[NULL],9996
178,6,0,[NULL],9998
179,5,3,0,2
179,5,2,[NULL],9995
179,5,0,0,9998
179,5,1,3,9998
180,4,0,3,9998
123,62,0,[NULL],9000
126,59,0,0,6
127,58,0,[NULL],9000
130,55,0,0,4
131,54,0,0,9998
132,53,0,0,9997
133,52,"0,1",0,2
133,52,1,1,4
134,51,1,0,4
134,51,0,0,9998
135,50,0,"0,1",9996
136,49,1,0,9996
136,49,0,0,9998
137,48,1,2,4
137,48,0,0,9998
138,47,0,0,3
139,46,0,0,9996
140,45,1,0,2
140,45,0,0,9996
141,44,2,0,2
141,44,1,"0,1",2
141,44,0,0,9998
142,43,1,0,2
142,43,"0,2",0,4
142,43,2,1,9998
143,42,1,0,2
143,42,0,1,9998
144,41,1,0,2
144,41,0,0,9996
145,40,1,0,2
145,40,0,0,4
146,39,0,0,2
146,39,1,1,2
147,38,1,0,2
147,38,"0,2",0,3
147,38,2,0,9996
148,37,2,0,2
148,37,1,1,3
148,37,0,0,9998
149,36,2,1,2
149,36,1,3,4
149,36,0,[NULL],9984
150,35,1,1,2
150,35,2,2,2
150,35,0,1,4
151,34,"1,3",2,2
151,34,2,3,2
151,34,3,3,9996
151,34,0,2,9997
152,33,"0,4",0,2
152,33,3,1,2
152,33,2,3,2
152,33,1,"0,3",9996
152,33,4,0,9998
153,32,3,1,2
153,32,2,2,2
153,32,4,0,3
153,32,1,2,4
153,32,0,0,9998
154,31,0,2,2
154,31,3,5,2
154,31,1,3,2
154,31,2,3,3
155,30,0,1,2
155,30,3,3,2
155,30,2,2,3
155,30,4,"0,1,3",9996
155,30,1,0,9998
156,29,"0,5",0,2
156,29,2,2,2
156,29,"3,5",1,2
156,29,1,2,3
156,29,5,"1,3",9996
156,29,4,"1,2",9998
157,28,"2,3",0,2
157,28,1,1,2
157,28,3,5,4
157,28,4,5,9997
157,28,0,1,9998
158,27,4,1,2
158,27,1,5,3
158,27,3,"3,5",3
158,27,0,4,4
158,27,2,2,9998
159,26,1,[NULL],9984
159,26,3,0,9995
159,26,2,1,9996
159,26,0,3,9998
160,25,"5,7",6,2
160,25,6,2,2
160,25,4,4,2
160,25,7,[NULL],9000
160,25,3,0,9996
160,25,2,0,9997
160,25,0,[NULL],9998
160,25,1,[NULL],9998
161,24,6,2,3
161,24,0,3,3
161,24,"4,5",[NULL],9000
161,24,1,[NULL],9000
161,24,7,[NULL],9967
161,24,5,[NULL],9983
161,24,"2,3",[NULL],9984
161,24,3,1,9996
162,23,4,5,3
162,23,0,3,3
162,23,1,[NULL],9000
162,23,2,[NULL],9952
162,23,3,2,9998
163,22,4,[NULL],9000
163,22,5,[NULL],9996
163,22,3,[NULL],9997
163,22,2,[NULL],9997
163,22,1,[NULL],9997
163,22,0,[NULL],9997
164,21,4,2,2
164,21,3,[NULL],9000
164,21,5,[NULL],9983
164,21,6,6,9997
164,21,"0,1",[NULL],9997
164,21,1,[NULL],9997
164,21,2,0,9998
165,20,3,0,2
165,20,4,4,9997
165,20,2,[NULL],9997
165,20,0,[NULL],9998
165,20,1,[NULL],9998
166,19,"2,4",[NULL],9994
166,19,4,[NULL],9995
166,19,5,6,9997
166,19,1,[NULL],9997
166,19,0,[NULL],9997
166,19,3,3,9998
167,18,2,2,2
167,18,8,3,2
167,18,5,[NULL],2
167,18,6,[NULL],9000
167,18,7,[NULL],9000
167,18,"3,4",[NULL],9996
167,18,4,[NULL],9997
167,18,0,[NULL],9998
167,18,1,[NULL],9998
168,17,1,2,2
168,17,3,3,2
168,17,5,[NULL],9000
168,17,4,[NULL],9997
168,17,2,[NULL],9997
168,17,0,[NULL],9998
169,16,5,11,4
169,16,3,8,4
169,16,2,6,9997
169,16,0,[NULL],9997
169,16,1,3,9998
169,16,4,5,9998
170,15,3,[NULL],9995
170,15,2,6,9996
170,15,1,[NULL],9996
170,15,0,[NULL],9997
171,14,2,[NULL],9000
171,14,1,[NULL],9994
171,14,3,[NULL],9995
171,14,4,[NULL],9996
171,14,0,3,9998
172,13,4,2,2
172,13,6,7,2
172,13,"7,8",[NULL],9993
172,13,8,[NULL],9996
172,13,1,[NULL],9997
172,13,5,[NULL],9997
172,13,2,[NULL],9997
172,13,3,3,9998
172,13,0,[NULL],9998
173,12,0,4,2
173,12,5,4,3
173,12,4,[NULL],9989
173,12,7,[NULL],9990
173,12,1,[NULL],9993
173,12,8,[NULL],9995
173,12,3,[NULL],9996
173,12,9,[NULL],9996
173,12,2,[NULL],9997
173,12,6,[NULL],9997
174,11,5,[NULL],9988
174,11,"6,7",[NULL],9992
174,11,10,[NULL],9995
174,11,"1,2,7,8,9",[NULL],9996
174,11,9,10,9997
174,11,7,[NULL],9997
174,11,8,[NULL],9997
174,11,"0,4",[NULL],9997
174,11,2,[NULL],9997
174,11,4,[NULL],9997
174,11,3,4,9998
175,10,7,[NULL],9000
175,10,6,[NULL],9991
175,10,4,[NULL],9993
175,10,3,9,9997
175,10,5,[NULL],9997
175,10,2,[NULL],9997
175,10,1,[NULL],9997
175,10,0,[NULL],9997
176,9,3,[NULL],9991
176,9,2,[NULL],9992
176,9,1,[NULL],9993
176,9,4,[NULL],9994
176,9,0,[NULL],9997
177,8,3,[NULL],9993
177,8,5,[NULL],9993
177,8,4,[NULL],9994
177,8,1,[NULL],9996
177,8,2,[NULL],9996
177,8,0,[NULL],9997
178,7,0,0,2
178,7,3,1,2
178,7,2,1,3
178,7,5,[NULL],9990
178,7,6,[NULL],9992
178,7,4,[NULL],9997
178,7,1,[NULL],9997
179,6,3,0,2
179,6,2,[NULL],9000
179,6,5,[NULL],9990
179,6,6,[NULL],9990
179,6,7,[NULL],9991
179,6,0,[NULL],9992
179,6,4,[NULL],9994
179,6,1,[NULL],9997
180,5,4,[NULL],9990
180,5,5,[NULL],9995
180,5,1,[NULL],9996
180,5,2,[NULL],9996
180,5,0,[NULL],9996
180,5,3,1,9998
181,4,0,[NULL],9995
126,60,0,0,6
127,59,0,[NULL],9000
130,56,0,0,2
131,55,0,0,9998
133,53,0,0,2
134,52,0,0,9998
135,51,0,0,2
136,50,0,0,2
137,49,0,0,9998
140,46,0,0,2
141,45,1,2,2
141,45,0,"0,1,2",9997
142,44,1,0,2
142,44,0,1,9997
147,39,0,0,2
148,38,0,0,9997
151,35,0,4,2
151,35,1,1,3
152,34,0,0,2
152,34,1,2,9997
153,33,0,2,9998
154,32,0,1,2
155,31,"1,2",4,2
155,31,2,3,9998
155,31,0,4,9998
156,30,1,0,2
156,30,0,[NULL],9985
156,30,2,4,9998
157,29,2,2,2
157,29,1,4,4
157,29,0,0,9998
158,28,3,0,2
158,28,1,0,9996
158,28,2,5,9998
158,28,0,4,9998
159,27,0,3,3
161,25,2,3,2
161,25,1,4,3
161,25,0,3,9998
162,24,1,4,3
162,24,2,5,9997
162,24,0,[NULL],9997
163,23,0,2,2
163,23,1,[NULL],9966
163,23,3,9,9997
163,23,2,5,9998
164,22,4,[NULL],9000
164,22,2,[NULL],9996
164,22,3,[NULL],9997
164,22,1,5,9998
164,22,0,[NULL],9998
165,21,3,3,2
165,21,5,3,9995
165,21,2,[NULL],9997
165,21,4,6,9998
165,21,0,[NULL],9998
165,21,1,[NULL],9998
166,20,8,[NULL],9000
166,20,"3,7",[NULL],9994
166,20,7,[NULL],9995
166,20,6,[NULL],9996
166,20,5,2,9997
166,20,4,4,9998
166,20,0,[NULL],9998
166,20,1,[NULL],9998
166,20,2,[NULL],9998
167,19,7,[NULL],9994
167,19,6,[NULL],9997
167,19,8,[NULL],9997
167,19,3,[NULL],9997
167,19,2,[NULL],9997
167,19,1,[NULL],9997
167,19,"4,5",[NULL],9997
167,19,5,3,9998
167,19,0,[NULL],9998
168,18,3,1,2
168,18,5,4,2
168,18,4,[NULL],9000
168,18,6,[NULL],9997
168,18,0,[NULL],9998
168,18,1,[NULL],9998
168,18,2,[NULL],9998
169,17,3,5,9997
169,17,"2,4","5,7",9998
169,17,4,7,9998
169,17,0,[NULL],9998
169,17,1,[NULL],9998
170,16,3,0,2
170,16,2,[NULL],9996
170,16,1,3,9997
170,16,0,[NULL],9998
171,15,3,3,2
171,15,2,[NULL],9997
171,15,0,[NULL],9997
171,15,1,[NULL],9997
172,14,3,[NULL],9994
172,14,5,[NULL],9995
172,14,4,8,9997
172,14,2,[NULL],9997
172,14,1,[NULL],9997
172,14,0,[NULL],9997
173,13,4,3,2
173,13,3,[NULL],9997
173,13,0,[NULL],9998
173,13,1,[NULL],9998
173,13,2,[NULL],9998
174,12,1,[NULL],9993
174,12,0,[NULL],9998
175,11,0,[NULL],9996
175,11,1,[NULL],9997
176,10,3,1,3
176,10,2,[NULL],9996
176,10,1,[NULL],9997
176,10,0,[NULL],9998
177,9,4,[NULL],9000
177,9,5,[NULL],9988
177,9,3,[NULL],9996
177,9,2,12,9998
177,9,0,[NULL],9998
177,9,1,[NULL],9998
178,8,3,[NULL],9992
178,8,2,[NULL],9995
178,8,1,[NULL],9997
178,8,0,[NULL],9997
179,7,1,3,2
179,7,0,[NULL],9997
180,6,2,[NULL],9996
180,6,4,[NULL],9997
180,6,3,[NULL],9997
180,6,1,[NULL],9997
180,6,0,[NULL],9998
181,5,2,[NULL],9997
181,5,1,[NULL],9997
181,5,0,[NULL],9997
126,61,0,0,6
127,60,1,0,4
127,60,0,[NULL],9000
130,57,0,0,2
131,56,0,0,3
133,54,0,0,2
134,53,0,1,9998
136,51,0,0,2
137,50,0,1,9998
140,47,0,1,9998
141,46,0,1,9996
143,44,0,0,9998
144,43,0,1,9998
145,42,0,1,9998
146,41,0,1,9998
147,40,1,1,4
147,40,0,1,9998
148,39,0,1,9998
149,38,0,1,9998
150,37,2,0,3
150,37,0,1,9998
150,37,1,2,9998
151,36,0,"1,3",9998
151,36,1,2,9998
152,35,2,0,2
152,35,0,2,4
152,35,1,1,9998
153,34,0,4,9998
153,34,2,3,9998
153,34,1,1,9998
154,33,3,2,2
154,33,4,0,2
154,33,"0,1",0,9997
154,33,1,2,9998
154,33,2,1,9998
155,32,4,2,2
155,32,"0,1",2,4
155,32,3,3,9998
155,32,1,"2,3",9998
155,32,2,1,9998
156,31,0,0,2
156,31,5,4,3
156,31,2,4,4
156,31,4,4,9998
156,31,1,2,9998
156,31,3,0,9998
157,30,5,2,2
157,30,4,0,2
157,30,3,1,9996
157,30,0,0,9998
157,30,1,3,9998
157,30,2,1,9998
158,29,2,"0,2",9996
158,29,1,1,9998
158,29,0,0,9998
159,28,0,2,3
159,28,2,4,4
159,28,1,0,9998
160,27,3,0,2
160,27,"0,1,2",[NULL],9997
160,27,1,2,9998
160,27,2,1,9998
161,26,5,[NULL],9969
161,26,2,[NULL],9978
161,26,4,4,9996
161,26,6,3,9997
161,26,1,[NULL],9997
161,26,0,[NULL],9997
161,26,3,"2,3",9998
162,25,5,2,2
162,25,4,3,4
162,25,3,5,4
162,25,0,[NULL],9998
162,25,1,[NULL],9998
162,25,2,[NULL],9998
163,24,5,1,2
163,24,6,"5,6",3
163,24,"0,4",4,4
163,24,4,6,4
163,24,3,[NULL],21
163,24,1,[NULL],9998
163,24,2,[NULL],9998
164,23,6,4,2
164,23,4,4,3
164,23,5,[NULL],9000
164,23,7,[NULL],9995
164,23,1,[NULL],9995
164,23,2,5,9998
164,23,3,3,9998
164,23,0,[NULL],9998
165,22,4,4,2
165,22,6,5,3
165,22,5,[NULL],9000
165,22,3,[NULL],9982
165,22,2,5,9997
165,22,1,[NULL],9997
165,22,0,[NULL],9998
166,21,3,5,2
166,21,"5,6",[NULL],9986
166,21,6,[NULL],9995
166,21,4,[NULL],9996
166,21,2,[NULL],9997
166,21,0,[NULL],9998
166,21,1,[NULL],9998
167,20,4,[NULL],9995
167,20,7,[NULL],9996
167,20,5,[NULL],9996
167,20,3,[NULL],9996
167,20,6,4,9997
167,20,1,[NULL],9997
167,20,0,[NULL],9998
167,20,2,[NULL],9998
168,19,"5,7","2,4",2
168,19,7,4,2
168,19,6,2,3
168,19,0,[NULL],9998
168,19,1,[NULL],9998
168,19,2,[NULL],9998
168,19,3,[NULL],9998
168,19,4,[NULL],9998
169,18,1,[NULL],9000
169,18,0,[NULL],9998
170,17,0,[NULL],9998
170,17,1,[NULL],9998
170,17,2,[NULL],9998
171,16,6,4,4
171,16,4,[NULL],9996
171,16,5,[NULL],9997
171,16,2,[NULL],9997
171,16,3,[NULL],9997
171,16,0,[NULL],9998
171,16,1,[NULL],9998
172,15,6,[NULL],9000
172,15,3,[NULL],9997
172,15,4,3,9998
172,15,5,6,9998
172,15,0,[NULL],9998
172,15,1,[NULL],9998
172,15,2,[NULL],9998
173,14,10,"1,2,7,8",3
173,14,9,[NULL],9995
173,14,"2,3",[NULL],9995
173,14,7,[NULL],9996
173,14,6,"7,8",9997
173,14,8,[NULL],9997
173,14,5,[NULL],9997
173,14,3,[NULL],9997
173,14,4,[NULL],9997
173,14,0,[NULL],9997
173,14,1,[NULL],9997
174,13,9,3,3
174,13,"4,12",[NULL],9000
174,13,12,[NULL],9984
174,13,8,[NULL],9986
174,13,13,[NULL],9994
174,13,"10,11",[NULL],9994
174,13,7,[NULL],9996
174,13,11,[NULL],9996
174,13,"5,6",[NULL],9997
174,13,"2,3",[NULL],9997
174,13,3,3,9998
174,13,6,6,9998
174,13,0,[NULL],9998
174,13,1,[NULL],9998
175,12,11,[NULL],9987
175,12,6,[NULL],9993
175,12,"7,12",[NULL],9994
175,12,10,[NULL],9995
175,12,12,[NULL],9995
175,12,4,[NULL],9996
175,12,8,[NULL],9996
175,12,2,[NULL],9996
175,12,9,[NULL],9997
175,12,5,[NULL],9997
175,12,3,[NULL],9997
175,12,0,[NULL],9998
175,12,1,[NULL],9998
176,11,12,2,2
176,11,11,[NULL],9000
176,11,7,[NULL],9989
176,11,9,[NULL],9995
176,11,8,[NULL],9996
176,11,5,[NULL],9996
176,11,6,[NULL],9997
176,11,10,[NULL],9997
176,11,3,[NULL],9997
176,11,0,[NULL],9997
176,11,2,[NULL],9997
176,11,4,[NULL],9997
176,11,1,[NULL],9998
177,10,7,[NULL],9989
177,10,"4,5",[NULL],9993
177,10,5,[NULL],9995
177,10,3,[NULL],9996
177,10,6,[NULL],9996
177,10,2,[NULL],9997
177,10,0,[NULL],9998
177,10,1,[NULL],9998
178,9,4,[NULL],9992
178,9,0,[NULL],9994
178,9,3,[NULL],9995
178,9,2,[NULL],9996
178,9,1,[NULL],9997
179,8,3,[NULL],9991
179,8,2,[NULL],9993
179,8,1,[NULL],9997
179,8,0,[NULL],9998
180,7,5,[NULL],9000
180,7,4,[NULL],9992
180,7,3,[NULL],9996
180,7,1,[NULL],9997
180,7,2,[NULL],9997
180,7,0,[NULL],9998
181,6,5,[NULL],9986
181,6,4,[NULL],9991
181,6,3,[NULL],9994
181,6,2,[NULL],9997
181,6,1,[NULL],9997
181,6,0,[NULL],9998
182,5,0,[NULL],9993
127,61,0,[NULL],9000
129,59,0,0,9998
130,58,0,0,9998
133,55,1,0,2
133,55,0,0,9996
134,54,"0,1",0,4
134,54,1,0,9998
135,53,0,1,4
136,52,1,0,2
136,52,0,0,9996
137,51,0,0,9996
138,50,0,0,4
139,49,1,0,2
139,49,0,0,4
140,48,"0,1,2",0,3
140,48,2,0,9996
140,48,1,0,9998
141,47,1,0,3
141,47,0,"0,1",9998
142,46,0,0,2
143,45,1,0,2
143,45,0,0,4
144,44,1,0,2
144,44,0,0,9998
145,43,1,0,2
145,43,0,0,9997
146,42,1,0,2
146,42,0,2,4
147,41,1,0,2
147,41,0,0,3
148,40,1,0,2
148,40,0,0,9996
149,39,1,0,2
149,39,2,1,2
149,39,0,0,9998
150,38,"1,3",0,2
150,38,2,1,2
150,38,3,3,4
150,38,0,0,9998
151,37,1,1,2
151,37,2,1,3
151,37,"0,3",1,4
151,37,3,1,9998
152,36,4,0,2
152,36,3,2,2
152,36,1,1,2
152,36,2,0,9996
152,36,0,1,9998
153,35,2,1,2
153,35,1,2,2
153,35,0,0,9996
153,35,3,0,9998
154,34,3,3,2
154,34,2,"1,3",2
154,34,1,2,2
154,34,0,4,4
155,33,4,4,2
155,33,2,1,2
155,33,0,3,2
155,33,"1,3",5,4
155,33,3,0,9998
156,32,0,0,2
156,32,3,1,2
156,32,1,2,2
156,32,2,0,9996
156,32,4,1,9998
157,31,1,1,2
157,31,0,0,2
157,31,2,0,9996
157,31,3,0,9998
158,30,0,1,2
158,30,1,2,4
159,29,2,1,2
159,29,1,2,2
159,29,0,3,4
160,28,"2,3",3,2
160,28,1,3,4
160,28,3,1,9996
160,28,0,0,9998
161,27,5,2,3
161,27,"1,3",[NULL],9962
161,27,"4,6",[NULL],9987
161,27,3,0,9997
161,27,"2,6",[NULL],9997
161,27,6,2,9998
161,27,0,[NULL],9998
162,26,2,[NULL],2
162,26,9,3,3
162,26,7,[NULL],5
162,26,"4,5",[NULL],9000
162,26,5,3,9997
162,26,6,1,9997
162,26,0,[NULL],9997
162,26,8,[NULL],9997
162,26,1,[NULL],9997
162,26,3,1,9998
163,25,5,2,2
163,25,3,3,2
163,25,0,[NULL],3
163,25,4,[NULL],6
163,25,2,[NULL],9000
163,25,1,1,9998
164,24,5,[NULL],9000
164,24,1,[NULL],9986
164,24,4,2,9996
164,24,3,2,9997
164,24,0,1,9998
164,24,2,3,9998
165,23,2,"5,6",3
165,23,6,[NULL],9000
165,23,3,0,9996
165,23,1,[NULL],9996
165,23,"0,4",[NULL],9997
165,23,4,3,9998
165,23,5,2,9998
166,22,5,[NULL],9000
166,22,4,[NULL],9951
166,22,"2,3",[NULL],9996
166,22,3,6,9997
166,22,1,7,9997
166,22,6,[NULL],9997
166,22,0,[NULL],9997
167,21,6,[NULL],3
167,21,5,6,9997
167,21,4,[NULL],9997
167,21,2,[NULL],9997
167,21,0,[NULL],9998
167,21,1,[NULL],9998
167,21,3,[NULL],9998
168,20,5,3,3
168,20,7,[NULL],9000
168,20,6,[NULL],9945
168,20,3,[NULL],9992
168,20,4,4,9997
168,20,0,[NULL],9998
168,20,1,[NULL],9998
168,20,2,[NULL],9998
169,19,4,[NULL],2
169,19,3,1,3
169,19,6,2,4
169,19,5,[NULL],9997
169,19,2,1,9998
169,19,0,[NULL],9998
169,19,1,[NULL],9998
170,18,5,5,9997
170,18,2,2,9997
170,18,3,[NULL],9997
170,18,1,[NULL],9997
170,18,0,[NULL],9997
170,18,4,1,9998
171,17,3,4,2
171,17,6,5,2
171,17,8,4,3
171,17,5,[NULL],9994
171,17,7,3,9997
171,17,4,[NULL],9997
171,17,0,[NULL],9998
171,17,1,[NULL],9998
171,17,2,[NULL],9998
172,16,7,[NULL],9996
172,16,4,4,9998
172,16,5,8,9998
172,16,6,9,9998
172,16,0,[NULL],9998
172,16,1,[NULL],9998
172,16,2,[NULL],9998
172,16,3,[NULL],9998
173,15,3,3,2
173,15,6,6,2
173,15,5,[NULL],9993
173,15,7,[NULL],9996
173,15,4,[NULL],9997
173,15,2,[NULL],9997
173,15,0,[NULL],9998
173,15,1,[NULL],9998
174,14,"5,7",[NULL],9000
174,14,7,[NULL],9000
174,14,6,[NULL],9992
174,14,3,[NULL],9997
174,14,2,6,9998
174,14,4,9,9998
174,14,0,[NULL],9998
174,14,1,[NULL],9998
175,13,5,[NULL],9994
175,13,4,[NULL],9997
175,13,0,[NULL],9998
175,13,1,[NULL],9998
175,13,2,[NULL],9998
175,13,3,[NULL],9998
176,12,6,[NULL],9993
176,12,5,6,9996
176,12,7,[NULL],9996
176,12,"2,4",[NULL],9996
176,12,3,[NULL],9997
176,12,4,[NULL],9997
176,12,0,[NULL],9998
176,12,1,[NULL],9998
177,11,4,[NULL],9993
177,11,2,[NULL],9997
177,11,5,[NULL],9997
177,11,3,[NULL],9997
177,11,0,[NULL],9998
177,11,1,[NULL],9998
178,10,2,[NULL],9000
178,10,1,[NULL],9994
178,10,0,[NULL],9995
179,9,1,[NULL],9986
179,9,0,[NULL],9993
180,8,1,[NULL],9993
180,8,0,[NULL],9996
181,7,3,[NULL],9991
181,7,4,[NULL],9993
181,7,1,[NULL],9994
181,7,2,[NULL],9994
181,7,0,[NULL],9996
182,6,1,[NULL],9989
182,6,2,[NULL],9993
182,6,0,[NULL],9995
127,62,0,[NULL],9000
128,61,0,0,2
129,60,0,0,2
130,59,0,0,9998
133,56,0,1,2
134,55,0,0,9998
139,50,0,1,2
140,49,"0,1",0,2
140,49,1,0,9998
141,48,1,0,9997
141,48,0,0,9998
143,46,0,0,2
144,45,1,1,9997
144,45,0,"1,2",9997
148,41,0,0,2
149,40,0,0,2
150,39,1,3,2
150,39,0,"0,1",9997
151,38,1,0,2
151,38,0,0,9997
152,37,0,3,2
153,36,0,"0,1",3
154,35,0,3,2
155,34,1,4,2
155,34,0,2,9997
156,33,0,3,2
157,32,0,1,4
157,32,1,3,9998
158,31,0,3,5
159,30,0,0,2
159,30,2,[NULL],9000
159,30,1,3,9997
160,29,2,6,2
160,29,3,6,3
160,29,1,0,9996
160,29,0,0,9998
161,28,1,3,2
161,28,0,0,9997
161,28,2,2,9997
162,27,1,1,2
162,27,"2,3",[NULL],9000
162,27,5,[NULL],9000
162,27,0,[NULL],9988
162,27,3,0,9997
162,27,4,2,9998
163,26,1,0,2
163,26,3,2,2
163,26,4,[NULL],9000
163,26,0,[NULL],9987
163,26,2,0,9998
164,25,3,4,2
164,25,2,5,2
164,25,5,2,3
164,25,4,"5,6",9997
164,25,0,[NULL],9997
164,25,1,3,9998
165,24,4,[NULL],9000
165,24,"3,6",[NULL],9000
165,24,2,[NULL],9983
165,24,5,[NULL],9993
165,24,6,1,9997
165,24,0,[NULL],9998
165,24,1,[NULL],9998
166,23,1,[NULL],2
166,23,4,6,3
166,23,2,[NULL],9980
166,23,3,[NULL],9988
166,23,0,[NULL],9998
167,22,5,[NULL],9000
167,22,3,[NULL],9995
167,22,4,2,9997
167,22,"1,2",[NULL],9997
167,22,2,2,9998
167,22,0,[NULL],9998
168,21,1,2,2
168,21,5,[NULL],9000
168,21,6,[NULL],9000
168,21,7,[NULL],9995
168,21,8,[NULL],9995
168,21,3,[NULL],9996
168,21,0,[NULL],9996
168,21,4,0,9997
168,21,2,2,9998
169,20,1,4,2
169,20,3,[NULL],9993
169,20,"4,5",[NULL],9996
169,20,5,[NULL],9996
169,20,2,1,9998
169,20,0,[NULL],9998
170,19,"3,4",[NULL],9997
170,19,2,[NULL],9997
170,19,1,[NULL],9997
170,19,4,4,9998
170,19,0,[NULL],9998
171,18,4,4,2
171,18,8,5,2
171,18,9,6,2
171,18,10,[NULL],9996
171,18,7,6,9997
171,18,5,[NULL],9997
171,18,6,[NULL],9997
171,18,0,[NULL],9998
171,18,1,[NULL],9998
171,18,2,[NULL],9998
171,18,3,[NULL],9998
172,17,"7,8",6,3
172,17,9,[NULL],3
172,17,5,[NULL],3
172,17,0,[NULL],9997
172,17,4,[NULL],9997
172,17,6,[NULL],9997
172,17,2,[NULL],9997
172,17,8,4,9998
172,17,3,"1,3,4",9998
172,17,1,[NULL],9998
173,16,6,2,2
173,16,9,4,2
173,16,8,[NULL],9000
173,16,7,[NULL],9997
173,16,10,[NULL],9997
173,16,5,[NULL],9997
173,16,0,[NULL],9997
173,16,2,[NULL],9997
173,16,4,[NULL],9997
173,16,1,[NULL],9998
173,16,3,[NULL],9998
174,15,12,[NULL],9000
174,15,13,[NULL],9992
174,15,9,[NULL],9994
174,15,14,[NULL],9994
174,15,15,[NULL],9997
174,15,11,[NULL],9997
174,15,7,[NULL],9997
174,15,"3,8,10",[NULL],9997
174,15,8,9,9998
174,15,10,11,9998
174,15,0,[NULL],9998
174,15,1,[NULL],9998
174,15,2,[NULL],9998
174,15,4,[NULL],9998
174,15,5,[NULL],9998
174,15,6,[NULL],9998
175,14,12,[NULL],9990
175,14,5,[NULL],9992
175,14,6,[NULL],9995
175,14,9,[NULL],9996
175,14,7,[NULL],9996
175,14,10,[NULL],9997
175,14,11,[NULL],9997
175,14,8,[NULL],9997
175,14,1,[NULL],9997
175,14,4,[NULL],9997
175,14,0,[NULL],9998
175,14,2,[NULL],9998
175,14,3,[NULL],9998
176,13,5,[NULL],9990
176,13,"4,8",[NULL],9992
176,13,8,[NULL],9992
176,13,6,[NULL],9994
176,13,7,[NULL],9997
176,13,3,[NULL],9997
176,13,0,[NULL],9998
176,13,1,[NULL],9998
176,13,2,[NULL],9998
177,12,"3,4",[NULL],9988
177,12,4,[NULL],9991
177,12,5,[NULL],9994
177,12,1,[NULL],9996
177,12,2,[NULL],9997
177,12,0,[NULL],9998
178,11,3,[NULL],9993
178,11,2,[NULL],9995
178,11,1,[NULL],9996
178,11,0,[NULL],9998
179,10,4,[NULL],9990
179,10,3,[NULL],9993
179,10,2,[NULL],9997
179,10,0,[NULL],9998
179,10,1,[NULL],9998
180,9,4,[NULL],9990
180,9,3,[NULL],9997
180,9,2,[NULL],9997
180,9,0,[NULL],9998
180,9,1,[NULL],9998
181,8,4,[NULL],9991
181,8,3,[NULL],9994
181,8,2,[NULL],9996
181,8,"0,1",[NULL],9997
181,8,1,[NULL],9997
182,7,1,[NULL],9995
182,7,2,4,9997
182,7,0,2,9997
127,63,0,[NULL],9000
128,62,0,[NULL],9000
129,61,0,0,2
130,60,0,0,9998
133,57,0,0,2
134,56,0,0,9996
139,51,0,1,2
140,50,0,0,2
140,50,1,0,4
141,49,0,1,9998
143,47,0,"1,2",9998
144,46,0,0,3
145,45,0,1,9998
146,44,0,"0,1",9998
147,43,0,1,9998
148,42,0,1,9998
149,41,0,0,9998
149,41,1,1,9998
150,40,1,0,9997
150,40,0,2,9998
151,39,0,1,9998
152,38,0,1,9998
153,37,0,1,9998
153,37,1,2,9998
154,36,0,"1,3",9998
154,36,1,2,9998
155,35,0,"0,1",9997
155,35,1,1,9998
156,34,3,1,2
156,34,1,3,4
156,34,0,2,9998
156,34,2,1,9998
157,33,"0,2",2,4
157,33,3,3,9998
157,33,2,2,9998
157,33,1,1,9998
158,32,0,"0,1,3",9996
158,32,1,2,9998
158,32,2,1,9998
159,31,0,0,2
159,31,2,1,9996
159,31,3,2,9998
159,31,1,0,9998
160,30,0,3,3
160,30,5,[NULL],3
160,30,4,4,4
160,30,1,3,9998
160,30,3,2,9998
160,30,2,0,9998
161,29,2,4,2
161,29,3,5,3
161,29,1,6,3
161,29,0,1,9998
162,28,0,2,2
162,28,2,0,9996
162,28,3,3,9998
162,28,1,1,9998
163,27,3,1,2
163,27,2,3,3
163,27,5,[NULL],9000
163,27,4,"3,4",9998
163,27,1,2,9998
163,27,0,1,9998
164,26,3,5,5
164,26,0,[NULL],9988
164,26,5,[NULL],9988
164,26,4,1,9997
164,26,2,"2,4",9998
164,26,1,6,9998
165,25,6,3,3
165,25,7,"1,2,3",3
165,25,2,[NULL],9981
165,25,3,[NULL],9981
165,25,4,[NULL],9994
165,25,5,1,9997
165,25,1,[NULL],9997
165,25,0,"1,4",9998
166,24,2,2,2
166,24,6,5,3
166,24,3,[NULL],9000
166,24,"4,5",[NULL],9989
166,24,5,3,9996
166,24,7,6,9998
166,24,1,7,9998
166,24,0,[NULL],9998
167,23,2,2,2
167,23,4,4,3
167,23,3,[NULL],9000
167,23,5,[NULL],9000
167,23,1,[NULL],9996
167,23,0,1,9997
168,22,1,2,2
168,22,3,[NULL],9000
168,22,0,5,9996
168,22,2,0,9997
168,22,4,[NULL],9997
169,21,4,4,2
169,21,5,5,3
169,21,2,2,3
169,21,3,4,9996
169,21,1,[NULL],9997
169,21,0,[NULL],9997
170,20,3,7,3
170,20,4,4,9995
170,20,0,[NULL],9998
170,20,1,[NULL],9998
170,20,2,[NULL],9998
171,19,4,8,2
171,19,"1,3","3,4,6,8",2
171,19,0,[NULL],9998
171,19,3,[NULL],9998
171,19,2,[NULL],9998
172,18,7,[NULL],9995
172,18,8,[NULL],9997
172,18,6,"5,6",9998
172,18,0,[NULL],9998
172,18,1,[NULL],9998
172,18,2,[NULL],9998
172,18,3,[NULL],9998
172,18,4,[NULL],9998
172,18,5,[NULL],9998
173,17,9,8,2
173,17,11,10,2
173,17,10,[NULL],9000
173,17,12,[NULL],9997
173,17,8,[NULL],9997
173,17,0,[NULL],9998
173,17,1,[NULL],9998
173,17,2,[NULL],9998
173,17,3,[NULL],9998
173,17,4,[NULL],9998
173,17,5,[NULL],9998
173,17,6,[NULL],9998
173,17,7,[NULL],9998
174,16,11,[NULL],9993
174,16,14,[NULL],9996
174,16,8,[NULL],9996
174,16,13,11,9997
174,16,10,[NULL],9997
174,16,12,[NULL],9997
174,16,6,[NULL],9997
174,16,5,[NULL],9997
174,16,3,[NULL],9997
174,16,7,3,9998
174,16,9,9,9998
174,16,0,[NULL],9998
174,16,1,[NULL],9998
174,16,2,[NULL],9998
174,16,4,[NULL],9998
175,15,8,[NULL],9995
175,15,10,[NULL],9996
175,15,6,[NULL],9997
175,15,7,[NULL],9997
175,15,5,1,9998
175,15,9,9,9998
175,15,0,[NULL],9998
175,15,1,[NULL],9998
175,15,2,[NULL],9998
175,15,3,[NULL],9998
175,15,4,[NULL],9998
176,14,"6,7",[NULL],9993
176,14,5,8,9997
176,14,4,[NULL],9997
176,14,7,[NULL],9997
176,14,2,[NULL],9997
176,14,3,5,9998
176,14,0,[NULL],9998
176,14,1,[NULL],9998
177,13,4,[NULL],9992
177,13,3,[NULL],9997
177,13,1,2,9998
177,13,2,8,9998
177,13,0,[NULL],9998
178,12,1,6,9996
178,12,2,[NULL],9996
178,12,0,[NULL],9996
179,11,3,[NULL],9992
179,11,4,[NULL],9997
179,11,2,[NULL],9997
179,11,0,[NULL],9997
179,11,1,[NULL],9997
180,10,3,[NULL],9997
180,10,2,[NULL],9997
180,10,4,3,9998
180,10,0,[NULL],9998
180,10,1,[NULL],9998
181,9,1,[NULL],9997
181,9,0,[NULL],9997
129,62,0,0,2
132,59,0,0,4
133,58,0,0,9998
135,56,0,0,4
136,55,0,0,4
137,54,0,0,9997
138,53,0,0,9996
139,52,0,2,4
140,51,1,0,2
140,51,0,1,3
141,50,0,0,9996
141,50,1,0,9998
142,49,"1,2",0,2
142,49,2,0,9996
142,49,0,0,9997
143,48,1,1,3
143,48,2,"0,1",3
143,48,0,0,9998
144,47,1,0,2
144,47,0,1,9998
145,46,"0,1",0,2
145,46,1,0,9996
146,45,1,0,2
146,45,0,0,9996
147,44,1,0,2
147,44,0,0,4
148,43,0,0,2
148,43,1,1,2
149,42,2,0,2
149,42,"0,1",0,3
149,42,1,"0,1",9996
150,41,1,0,2
150,41,0,0,3
151,40,1,0,2
151,40,0,2,4
152,39,1,0,2
152,39,2,1,2
152,39,0,0,4
153,38,"1,3",0,2
153,38,2,1,2
153,38,3,0,9996
153,38,0,0,9998
154,37,1,1,2
154,37,2,0,3
154,37,0,1,9997
154,37,3,1,9998
155,36,2,0,2
155,36,1,2,2
155,36,0,2,4
156,35,3,3,2
156,35,2,2,2
156,35,1,1,2
156,35,0,2,4
157,34,2,1,2
157,34,1,2,2
157,34,0,0,9996
157,34,3,0,9998
158,33,2,3,2
158,33,0,1,2
158,33,3,1,3
158,33,1,"0,4",9996
159,32,3,1,2
159,32,2,3,2
159,32,0,2,2
159,32,1,3,4
160,31,1,0,2
160,31,0,0,3
160,31,2,2,3
160,31,3,1,9998
161,30,3,3,2
161,30,1,1,2
161,30,0,3,3
161,30,2,1,9996
162,29,"3,4",4,2
162,29,2,1,2
162,29,1,0,2
162,29,5,3,9997
162,29,4,1,9998
162,29,0,2,9998
163,28,"2,4",2,2
163,28,6,1,2
163,28,5,4,3
163,28,4,4,4
163,28,0,[NULL],9989
163,28,"1,3",2,9997
163,28,3,2,9998
164,27,"1,4",0,2
164,27,4,6,3
164,27,0,3,4
164,27,5,[NULL],9000
164,27,2,0,9995
164,27,3,3,9998
165,26,6,7,2
165,26,7,1,2
165,26,5,[NULL],9000
165,26,0,[NULL],9995
165,26,3,2,9996
165,26,2,2,9997
165,26,1,0,9997
165,26,4,3,9998
166,25,2,4,3
166,25,"6,7",[NULL],9000
166,25,7,[NULL],9000
166,25,"3,4",[NULL],9000
166,25,0,[NULL],9990
166,25,1,[NULL],9990
166,25,4,1,9996
166,25,5,0,9996
167,24,0,4,3
167,24,2,[NULL],9967
167,24,1,3,9997
167,24,3,[NULL],9997
168,23,1,[NULL],9995
168,23,0,[NULL],9997
168,23,"2,3",[NULL],9997
168,23,3,1,9998
169,22,3,[NULL],9000
169,22,4,[NULL],9000
169,22,6,[NULL],9961
169,22,5,[NULL],9977
169,22,2,[NULL],9990
169,22,7,[NULL],9994
169,22,0,[NULL],9997
169,22,1,[NULL],9997
170,21,6,7,3
170,21,7,[NULL],9990
170,21,5,[NULL],9997
170,21,4,[NULL],9997
170,21,2,[NULL],9997
170,21,1,[NULL],9997
170,21,3,4,9998
170,21,0,[NULL],9998
171,20,"5,6","6,7",2
171,20,7,[NULL],9990
171,20,6,[NULL],9996
171,20,4,[NULL],9996
171,20,3,[NULL],9997
171,20,1,[NULL],9997
171,20,2,3,9998
171,20,0,[NULL],9998
172,19,10,[NULL],9000
172,19,11,[NULL],9000
172,19,5,[NULL],9994
172,19,2,[NULL],9994
172,19,6,[NULL],9996
172,19,4,[NULL],9996
172,19,"3,7",[NULL],9996
172,19,"8,9",[NULL],9996
172,19,9,[NULL],9996
172,19,1,[NULL],9996
172,19,7,4,9998
172,19,0,[NULL],9998
173,18,3,7,2
173,18,9,9,2
173,18,7,[NULL],9994
173,18,11,[NULL],9995
173,18,8,[NULL],9996
173,18,"5,6",[NULL],9997
173,18,6,[NULL],9997
173,18,2,[NULL],9997
173,18,10,[NULL],9997
173,18,4,2,9998
173,18,0,[NULL],9998
173,18,1,[NULL],9998
174,17,1,5,2
174,17,9,9,2
174,17,12,[NULL],9000
174,17,7,[NULL],9995
174,17,"4,8",[NULL],9996
174,17,"5,10,11",[NULL],9996
174,17,11,[NULL],9996
174,17,8,8,9997
174,17,10,11,9997
174,17,2,3,9998
174,17,6,9,9998
174,17,3,"4,10",9998
174,17,0,[NULL],9998
175,16,5,3,2
175,16,6,5,4
175,16,11,[NULL],9993
175,16,4,[NULL],9996
175,16,9,8,9997
175,16,3,0,9997
175,16,12,[NULL],9997
175,16,7,[NULL],9997
175,16,10,[NULL],9997
175,16,"2,8","5,12",9998
175,16,8,12,9998
175,16,0,[NULL],9998
175,16,1,[NULL],9998
176,15,2,1,2
176,15,8,2,2
176,15,4,[NULL],9990
176,15,7,[NULL],9993
176,15,6,[NULL],9993
176,15,5,[NULL],9997
176,15,3,[NULL],9997
176,15,0,[NULL],9998
176,15,1,[NULL],9998
177,14,2,[NULL],9997
177,14,3,[NULL],9997
177,14,4,[NULL],9997
177,14,1,[NULL],9997
177,14,0,[NULL],9998
178,13,3,[NULL],9996
178,13,2,[NULL],9997
178,13,0,[NULL],9998
178,13,1,[NULL],9998
179,12,3,4,2
179,12,4,[NULL],9994
179,12,5,[NULL],9996
179,12,2,[NULL],9997
179,12,0,[NULL],9998
179,12,1,[NULL],9998
180,11,4,[NULL],9992
180,11,7,[NULL],9996
180,11,3,[NULL],9997
180,11,6,[NULL],9997
180,11,"1,5",[NULL],9997
180,11,5,[NULL],9997
180,11,2,[NULL],9997
180,11,0,3,9998
181,10,4,2,3
181,10,2,0,3
181,10,1,2,9998
181,10,3,3,9998
181,10,0,[NULL],9998
183,8,"1,2",[NULL],9994
183,8,2,[NULL],9994
183,8,0,[NULL],9997
184,7,2,[NULL],9996
184,7,4,[NULL],9997
184,7,3,[NULL],9997
184,7,1,[NULL],9997
184,7,0,0,9998
185,6,0,2,9998
185,6,1,3,9998
187,4,0,[NULL],9996
188,3,1,2,9998
188,3,0,[NULL],9998
189,2,0,[NULL],9997
189,2,1,[NULL],9997
190,1,0,"0,1",9998
129,63,0,[NULL],9000
132,60,0,0,2
133,59,0,0,9998
140,52,0,1,2
141,51,0,0,9998
142,50,0,0,2
143,49,1,0,2
143,49,0,0,9998
144,48,0,1,9998
149,43,0,1,3
150,42,1,1,9997
150,42,0,"0,1",9998
152,40,0,0,2
153,39,1,3,2
153,39,0,"0,2",9997
154,38,"0,1",0,3
154,38,1,1,9997
156,36,0,3,2
157,35,1,1,9997
157,35,0,3,9998
159,33,1,3,2
159,33,0,1,4
160,32,0,4,9998
160,32,1,3,9998
161,31,1,4,2
161,31,2,0,2
161,31,0,3,9997
162,30,2,3,2
162,30,0,[NULL],9000
162,30,1,1,9997
163,29,3,3,2
163,29,1,4,3
163,29,2,3,9998
163,29,0,4,9998
164,28,3,4,2
164,28,1,5,3
164,28,0,[NULL],9000
164,28,2,1,9997
165,27,0,[NULL],9996
166,26,1,0,3
166,26,0,[NULL],9990
167,25,1,3,2
167,25,0,2,3
167,25,2,[NULL],9996
168,24,2,[NULL],9996
168,24,3,9,9997
168,24,0,[NULL],9998
168,24,1,[NULL],9998
169,23,4,3,2
169,23,1,[NULL],9995
169,23,3,[NULL],9995
169,23,2,5,9998
169,23,0,[NULL],9998
170,22,3,2,2
170,22,5,[NULL],9000
170,22,"2,4",[NULL],9991
170,22,4,[NULL],9991
170,22,0,3,9998
170,22,1,[NULL],9998
171,21,4,7,2
171,21,3,[NULL],9000
171,21,2,4,9997
171,21,5,[NULL],9997
171,21,0,[NULL],9998
171,21,1,[NULL],9998
172,20,2,4,2
172,20,6,[NULL],9000
172,20,8,[NULL],9992
172,20,5,[NULL],9995
172,20,4,[NULL],9996
172,20,9,[NULL],9997
172,20,0,[NULL],9997
172,20,1,[NULL],9997
172,20,7,[NULL],9997
172,20,3,[NULL],9997
173,19,3,2,2
173,19,9,6,2
173,19,"4,10",3,2
173,19,11,13,3
173,19,7,[NULL],4
173,19,10,[NULL],9993
173,19,5,[NULL],9996
173,19,12,[NULL],9996
173,19,6,[NULL],9996
173,19,8,[NULL],9996
173,19,0,[NULL],9997
173,19,2,"4,8",9998
173,19,1,8,9998
174,18,"5,12","2,8",2
174,18,12,8,2
174,18,11,[NULL],9996
174,18,10,5,9997
174,18,9,[NULL],9997
174,18,13,[NULL],9997
174,18,14,[NULL],9997
174,18,7,[NULL],9997
174,18,8,[NULL],9997
174,18,6,[NULL],9997
174,18,4,[NULL],9997
174,18,0,[NULL],9998
174,18,1,[NULL],9998
174,18,2,[NULL],9998
174,18,3,[NULL],9998
175,17,8,5,3
175,17,11,[NULL],9000
175,17,13,8,9996
175,17,7,1,9996
175,17,14,[NULL],9996
175,17,6,[NULL],9996
175,17,9,5,9997
175,17,12,10,9997
175,17,10,[NULL],9997
175,17,0,[NULL],9998
175,17,1,[NULL],9998
175,17,2,[NULL],9998
175,17,3,[NULL],9998
175,17,4,[NULL],9998
175,17,5,[NULL],9998
176,16,5,[NULL],9993
176,16,8,[NULL],9995
176,16,6,[NULL],9996
176,16,7,6,9997
176,16,4,[NULL],9997
176,16,0,[NULL],9998
176,16,1,[NULL],9998
176,16,2,[NULL],9998
176,16,3,[NULL],9998
177,15,7,[NULL],9994
177,15,8,6,9997
177,15,6,[NULL],9997
177,15,5,"7,8",9998
177,15,0,[NULL],9998
177,15,1,[NULL],9998
177,15,2,[NULL],9998
177,15,3,[NULL],9998
177,15,4,[NULL],9998
178,14,10,[NULL],9996
178,14,"6,8",[NULL],9997
178,14,9,5,9998
178,14,7,"2,4,5,7",9998
178,14,8,"7,8",9998
178,14,0,[NULL],9998
178,14,1,[NULL],9998
178,14,2,[NULL],9998
178,14,3,[NULL],9998
178,14,4,[NULL],9998
178,14,5,[NULL],9998
179,13,3,"0,5",2
179,13,5,[NULL],9997
179,13,4,"8,10,11",9998
179,13,0,[NULL],9998
179,13,1,[NULL],9998
179,13,2,[NULL],9998
180,12,2,1,2
180,12,3,3,2
180,12,4,[NULL],9997
180,12,0,[NULL],9997
180,12,1,[NULL],9997
181,11,5,[NULL],9990
181,11,2,[NULL],9992
181,11,3,8,9998
181,11,4,"10,11",9998
181,11,0,[NULL],9998
181,11,1,[NULL],9998
182,10,2,[NULL],9996
182,10,3,[NULL],9997
182,10,4,[NULL],9997
182,10,0,[NULL],9997
182,10,1,8,9998
183,9,0,0,2
183,9,5,[NULL],9997
183,9,2,[NULL],9997
183,9,"3,4",[NULL],9997
183,9,4,3,9998
183,9,1,"3,6",9998
184,8,2,0,2
184,8,3,1,2
184,8,4,[NULL],9997
184,8,1,[NULL],9997
184,8,0,[NULL],9997
185,7,0,1,9998
185,7,1,3,9998
187,5,2,1,2
187,5,"0,1",[NULL],9997
187,5,1,[NULL],9997
188,4,2,[NULL],9997
188,4,1,[NULL],9997
188,4,3,1,9998
188,4,0,[NULL],9998
189,3,"0,1",0,2
189,3,1,[NULL],9997
190,2,0,"1,2",9998
129,64,0,[NULL],9000
132,61,0,0,2
133,60,0,0,4
136,57,0,0,3
140,53,0,0,2
141,52,0,0,3
142,51,0,0,2
143,50,1,0,2
143,50,0,0,9996
146,47,0,1,9998
147,46,0,"1,2",9998
148,45,0,2,9998
149,44,"0,1",0,2
149,44,1,2,9998
150,43,0,0,9998
150,43,1,2,9998
151,42,0,2,9998
152,41,0,"0,2",9998
152,41,1,1,9998
153,40,1,0,3
153,40,0,1,9998
154,39,0,2,9998
155,38,0,1,9998
156,37,3,0,2
156,37,1,1,9998
156,37,0,"1,3",9998
156,37,2,2,9998
157,36,"0,1,3",0,4
157,36,3,"3,4",9998
157,36,1,"1,4",9998
157,36,2,2,9998
158,35,1,2,4
158,35,0,2,9998
158,35,2,1,9998
159,34,4,0,2
159,34,3,1,2
159,34,1,0,9996
159,34,0,"2,3",9998
159,34,2,1,9998
160,33,"0,2","0,1",9996
160,33,3,3,9998
160,33,2,2,9998
160,33,1,1,9998
161,32,3,5,3
161,32,0,2,4
161,32,2,2,9998
161,32,1,0,9998
162,31,3,2,2
162,31,4,0,2
162,31,2,"1,3",3
162,31,1,2,9998
162,31,0,0,9998
163,30,2,1,9996
163,30,3,3,9998
163,30,1,2,9998
163,30,0,0,9998
164,29,2,2,3
164,29,0,1,3
164,29,1,0,9998
165,28,3,5,4
165,28,"1,2",[NULL],9997
165,28,0,[NULL],9997
165,28,2,1,9998
166,27,3,1,3
166,27,6,[NULL],9000
166,27,4,[NULL],9000
166,27,1,[NULL],9000
166,27,0,[NULL],9990
166,27,5,1,9997
166,27,2,2,9998
167,26,5,0,4
167,26,6,[NULL],9000
167,26,4,[NULL],9969
167,26,3,2,9996
167,26,"1,2",[NULL],9997
167,26,2,"5,6",9998
167,26,0,"3,4",9998
168,25,5,2,2
168,25,4,3,4
168,25,6,[NULL],9000
168,25,2,4,9997
168,25,1,[NULL],9997
168,25,0,8,9998
168,25,3,6,9998
169,24,3,0,2
169,24,5,[NULL],9000
169,24,6,[NULL],9000
169,24,"7,8",[NULL],9992
169,24,8,[NULL],9992
169,24,2,"0,4",9998
169,24,4,5,9998
169,24,0,[NULL],9998
169,24,1,[NULL],9998
170,23,7,[NULL],9000
170,23,6,[NULL],9000
170,23,5,[NULL],9000
170,23,2,[NULL],9990
170,23,3,[NULL],9992
170,23,1,[NULL],9992
170,23,"0,4",[NULL],9992
170,23,4,2,9998
171,22,4,[NULL],9000
171,22,5,0,9996
171,22,3,1,9998
171,22,0,[NULL],9998
171,22,1,[NULL],9998
171,22,2,[NULL],9998
172,21,"4,8",2,2
172,21,8,1,2
172,21,7,[NULL],9996
172,21,5,[NULL],9996
172,21,9,5,9997
172,21,6,"3,4",9997
172,21,3,[NULL],9997
172,21,2,[NULL],9997
172,21,0,[NULL],9998
172,21,1,[NULL],9998
173,20,8,8,3
173,20,11,"10,11",3
173,20,9,[NULL],9995
173,20,7,[NULL],9996
173,20,10,5,9997
173,20,5,[NULL],9997
173,20,6,[NULL],9997
173,20,3,[NULL],9997
173,20,1,[NULL],9997
173,20,4,6,9998
173,20,0,[NULL],9998
173,20,2,[NULL],9998
174,19,8,9,3
174,19,0,3,3
174,19,7,[NULL],9994
174,19,4,[NULL],9996
174,19,6,[NULL],9996
174,19,2,[NULL],9997
174,19,3,[NULL],9997
174,19,1,[NULL],9997
174,19,5,7,9998
175,18,9,[NULL],9995
175,18,7,[NULL],9995
175,18,6,[NULL],9996
175,18,5,"3,7",9998
175,18,3,"3,4,10",9998
175,18,"2,4,8","3,4,7,10",9998
175,18,0,[NULL],9998
175,18,1,[NULL],9998
175,18,"4,8",[NULL],9998
175,18,8,[NULL],9998
176,17,"7,8",5,2
176,17,9,[NULL],3
176,17,6,[NULL],9992
176,17,4,[NULL],9997
176,17,5,"2,6",9998
176,17,3,"2,4,6,8",9998
176,17,0,[NULL],9998
176,17,1,[NULL],9998
176,17,2,[NULL],9998
176,17,8,[NULL],9998
177,16,5,9,2
177,16,"2,4,7","7,9",2
177,16,"7,8",6,2
177,16,6,1,4
177,16,10,[NULL],9989
177,16,3,[NULL],9995
177,16,9,[NULL],9996
177,16,"1,4,8",[NULL],9996
177,16,"4,8",[NULL],9996
177,16,8,[NULL],9997
177,16,0,[NULL],9998
178,15,"8,10,11",4,2
178,15,12,[NULL],9992
178,15,"6,10,11",[NULL],9994
178,15,"10,11",[NULL],9995
178,15,13,[NULL],9995
178,15,11,[NULL],9997
178,15,7,[NULL],9997
178,15,"0,4",[NULL],9997
178,15,"2,3,9",[NULL],9997
178,15,4,[NULL],9997
178,15,1,5,9998
178,15,5,1,9998
178,15,9,3,9998
178,15,3,[NULL],9998
179,14,"7,10","8,12",9997
179,14,10,12,9997
179,14,8,[NULL],9997
179,14,11,[NULL],9997
179,14,12,[NULL],9997
179,14,9,[NULL],9997
179,14,0,[NULL],9998
179,14,1,[NULL],9998
179,14,2,[NULL],9998
179,14,3,[NULL],9998
179,14,4,[NULL],9998
179,14,5,[NULL],9998
179,14,6,[NULL],9998
180,13,8,3,2
180,13,"10,11",4,2
180,13,11,[NULL],9994
180,13,7,[NULL],9996
180,13,12,[NULL],9997
180,13,9,[NULL],9997
180,13,6,[NULL],9997
180,13,0,[NULL],9998
180,13,1,[NULL],9998
180,13,2,[NULL],9998
180,13,3,[NULL],9998
180,13,4,[NULL],9998
180,13,5,[NULL],9998
181,12,8,1,2
181,12,7,[NULL],9994
181,12,4,[NULL],9996
181,12,5,4,9998
181,12,6,7,9998
181,12,0,[NULL],9998
181,12,1,[NULL],9998
181,12,2,[NULL],9998
181,12,3,[NULL],9998
182,11,3,4,2
182,11,6,"1,4",2
182,11,7,[NULL],9996
182,11,4,[NULL],9997
182,11,5,[NULL],9997
182,11,2,[NULL],9997
182,11,0,[NULL],9998
182,11,1,[NULL],9998
183,10,7,[NULL],9995
183,10,5,[NULL],9997
183,10,6,[NULL],9997
183,10,3,[NULL],9997
183,10,2,6,9998
183,10,8,7,9998
183,10,4,9,9998
183,10,0,[NULL],9998
183,10,1,[NULL],9998
184,9,1,0,2
184,9,3,1,2
184,9,4,5,9997
184,9,2,[NULL],9997
184,9,0,[NULL],9997
185,8,0,[NULL],9996
185,8,1,[NULL],9996
185,8,2,5,9997
187,6,1,3,2
187,6,0,[NULL],9996
188,5,3,[NULL],9995
188,5,2,[NULL],9996
188,5,4,6,9998
188,5,1,4,9998
188,5,0,[NULL],9998
189,4,"1,2",0,2
189,4,4,[NULL],9996
189,4,3,[NULL],9997
189,4,2,[NULL],9997
189,4,0,[NULL],9998
190,3,2,[NULL],9991
190,3,3,[NULL],9992
190,3,0,[NULL],9992
190,3,1,"3,5",9998
191,2,0,[NULL],9996
135,59,0,0,9996
136,58,0,0,9998
137,57,0,0,4
138,56,0,0,9998
139,55,0,0,9996
140,54,0,0,4
141,53,0,2,4
142,52,0,0,9996
143,51,0,0,9996
144,50,0,0,4
145,49,1,0,2
145,49,0,0,4
146,48,"1,2",0,2
146,48,2,1,9996
146,48,0,0,9998
147,47,2,0,2
147,47,"0,1",0,9997
147,47,1,1,9998
148,46,2,1,2
148,46,"0,1",1,4
148,46,1,0,9998
149,45,0,0,2
149,45,2,1,2
149,45,1,1,3
150,44,2,0,2
150,44,1,2,9997
150,44,0,0,9998
151,43,"0,2",0,2
151,43,1,1,2
151,43,2,"0,2",9996
152,42,1,0,2
152,42,"0,2",0,3
152,42,2,3,4
153,41,2,0,2
153,41,1,1,3
153,41,0,0,9998
154,40,1,0,2
154,40,0,0,9996
155,39,1,1,2
155,39,3,"0,1",2
155,39,2,2,2
155,39,0,0,9996
156,38,"3,4",3,2
156,38,"1,4",1,2
156,38,2,2,2
156,38,4,1,3
156,38,0,0,4
157,37,2,0,2
157,37,1,2,2
157,37,"0,4",1,4
157,37,"3,4",0,9998
157,37,4,1,9998
158,36,"2,3",0,2
158,36,1,2,2
158,36,3,2,9996
158,36,0,[NULL],9996
159,35,3,3,2
159,35,2,2,2
159,35,1,1,2
159,35,0,0,9996
160,34,2,2,2
160,34,0,1,2
160,34,3,0,3
160,34,1,2,4
161,33,2,1,2
161,33,0,0,2
161,33,1,1,3
162,32,3,3,2
162,32,2,1,2
162,32,0,0,2
162,32,1,"0,3",9996
163,31,0,1,2
163,31,1,2,3
164,30,1,2,2
164,30,2,3,4
164,30,0,0,9997
165,29,2,2,2
165,29,1,4,4
165,29,0,5,4
166,28,"5,6",2,2
166,28,"3,4",0,2
166,28,"1,2",[NULL],9000
166,28,0,[NULL],9990
166,28,6,1,9996
166,28,2,1,9997
166,28,4,[NULL],9997
167,27,8,0,2
167,27,6,3,2
167,27,9,3,3
167,27,"2,3",[NULL],9000
167,27,5,"0,4",9996
167,27,3,4,9997
167,27,7,3,9998
167,27,4,0,9998
167,27,0,[NULL],9998
167,27,1,[NULL],9998
168,26,"0,4",2,2
168,26,5,4,2
168,26,"1,3",[NULL],2
168,26,3,[NULL],2
168,26,"2,4",[NULL],9996
168,26,4,2,9997
169,25,2,0,2
169,25,4,4,5
169,25,0,2,9998
169,25,1,1,9998
169,25,3,0,9998
170,24,1,3,2
170,24,4,2,3
170,24,2,[NULL],9000
170,24,"0,3",[NULL],9992
170,24,5,3,9997
170,24,3,0,9998
171,23,3,[NULL],9000
171,23,6,[NULL],9000
171,23,5,[NULL],9992
171,23,4,2,9996
171,23,"7,8",6,9997
171,23,8,[NULL],9997
171,23,2,2,9998
171,23,0,[NULL],9998
171,23,1,[NULL],9998
172,22,6,4,2
172,22,5,3,9997
172,22,8,7,9997
172,22,4,[NULL],9997
172,22,3,[NULL],9997
172,22,7,3,9998
172,22,0,[NULL],9998
172,22,1,[NULL],9998
172,22,2,[NULL],9998
173,21,7,5,2
173,21,5,10,3
173,21,9,[NULL],9000
173,21,10,[NULL],9000
173,21,6,[NULL],9993
173,21,8,[NULL],9996
173,21,4,6,9997
173,21,11,7,9997
173,21,3,[NULL],9997
173,21,2,[NULL],9997
173,21,0,[NULL],9997
173,21,1,[NULL],9997
174,20,"3,7",5,2
174,20,"4,7,10","3,5",2
174,20,7,"2,3,4,8",2
174,20,5,9,3
174,20,10,12,3
174,20,"0,2",[NULL],9996
174,20,8,[NULL],9997
174,20,2,[NULL],9997
174,20,6,"8,12",9998
174,20,1,7,9998
174,20,9,12,9998
175,19,"2,6",5,2
175,19,"4,8","3,5",2
175,19,6,7,3
175,19,5,[NULL],9992
175,19,"8,9",[NULL],9993
175,19,"3,9",[NULL],9996
175,19,9,[NULL],9996
175,19,"0,7","4,7",9997
175,19,7,7,9997
175,19,1,[NULL],9997
176,18,6,8,3
176,18,8,[NULL],9996
176,18,1,[NULL],9996
176,18,7,4,9997
176,18,2,[NULL],9997
176,18,5,[NULL],9997
176,18,"3,4",[NULL],9997
176,18,"0,4",[NULL],9997
176,18,4,4,9998
177,17,5,1,2
177,17,1,5,2
177,17,3,9,2
177,17,4,[NULL],9996
177,17,2,[NULL],9997
177,17,0,[NULL],9998
178,16,4,[NULL],9994
178,16,5,[NULL],9995
178,16,6,[NULL],9996
178,16,8,[NULL],9997
178,16,"1,2",[NULL],9997
178,16,7,8,9998
178,16,3,4,9998
178,16,0,[NULL],9998
178,16,2,[NULL],9998
179,15,7,[NULL],9993
179,15,8,[NULL],9993
179,15,"5,6","1,4,5",9997
179,15,6,[NULL],9997
179,15,4,[NULL],9997
179,15,0,[NULL],9998
179,15,1,[NULL],9998
179,15,2,[NULL],9998
179,15,3,[NULL],9998
180,14,4,5,2
180,14,7,6,2
180,14,8,[NULL],9994
180,14,9,[NULL],9994
180,14,6,[NULL],9996
180,14,3,[NULL],9996
180,14,5,[NULL],9997
180,14,0,[NULL],9998
180,14,1,[NULL],9998
180,14,2,[NULL],9998
181,13,5,[NULL],9995
181,13,"6,11",[NULL],9997
181,13,11,[NULL],9997
181,13,9,11,9998
181,13,7,8,9998
181,13,10,13,9998
181,13,8,9,9998
181,13,0,[NULL],9998
181,13,1,[NULL],9998
181,13,2,[NULL],9998
181,13,3,[NULL],9998
181,13,4,[NULL],9998
182,12,6,2,2
182,12,7,"6,8",2
182,12,9,4,2
182,12,8,[NULL],9996
182,12,5,[NULL],9997
182,12,0,[NULL],9998
182,12,1,[NULL],9998
182,12,2,[NULL],9998
182,12,3,[NULL],9998
182,12,4,[NULL],9998
183,11,3,[NULL],9995
183,11,4,[NULL],9996
183,11,5,[NULL],9996
183,11,2,[NULL],9997
183,11,1,[NULL],9997
183,11,0,[NULL],9998
184,10,1,[NULL],9994
184,10,0,[NULL],9994
186,8,"0,1",[NULL],9997
186,8,1,[NULL],9997
187,7,6,4,2
187,7,4,1,2
187,7,5,[NULL],9995
187,7,1,[NULL],9996
187,7,3,[NULL],9997
187,7,2,[NULL],9997
187,7,0,[NULL],9997
188,6,10,8,9997
188,6,7,[NULL],9997
188,6,8,[NULL],9997
188,6,9,[NULL],9997
188,6,"4,5",[NULL],9997
188,6,"2,3",[NULL],9997
188,6,0,[NULL],9997
188,6,3,2,9998
188,6,5,3,9998
188,6,6,"3,4",9998
188,6,1,[NULL],9998
189,5,"3,5",1,2
189,5,4,[NULL],9996
189,5,6,5,9997
189,5,1,3,9997
189,5,5,[NULL],9997
189,5,0,"3,4",9998
189,5,2,"5,6",9998
190,4,0,"3,5",9998
130,65,0,[NULL],9000
131,64,0,[NULL],9000
135,60,0,0,2
136,59,0,0,9998
137,58,0,0,2
145,50,0,0,2
146,49,1,1,2
146,49,0,0,9998
147,48,0,1,2
147,48,1,0,9997
148,47,0,0,9998
149,46,0,0,2
150,45,0,0,9998
152,43,0,0,2
153,42,0,1,9998
156,39,0,"3,4",2
156,39,1,4,2
157,38,1,2,9997
157,38,0,2,9998
162,33,0,3,9997
163,32,0,2,5
163,32,1,1,9997
164,31,1,[NULL],9000
164,31,0,[NULL],9970
165,30,1,5,3
165,30,0,0,9996
166,29,3,7,2
166,29,0,4,2
166,29,"2,4",[NULL],9989
166,29,4,0,9996
166,29,1,0,9997
167,28,4,2,3
167,28,"2,3",[NULL],5
167,28,6,[NULL],9000
167,28,3,1,9997
167,28,5,3,9997
167,28,1,3,9998
167,28,0,[NULL],9998
168,27,2,0,2
168,27,1,1,2
168,27,0,3,2
168,27,3,[NULL],9000
169,26,0,3,2
169,26,1,"4,5",9997
169,26,2,3,9998
170,25,2,2,2
170,25,0,[NULL],3
170,25,4,[NULL],9994
170,25,3,1,9997
170,25,1,4,9998
171,24,3,7,2
171,24,5,9,3
171,24,4,6,3
171,24,1,[NULL],9994
171,24,2,4,9998
171,24,0,[NULL],9998
172,23,5,10,3
172,23,7,[NULL],9000
172,23,6,[NULL],9994
172,23,4,[NULL],9995
172,23,3,1,9997
172,23,0,[NULL],9998
172,23,1,[NULL],9998
172,23,2,[NULL],9998
173,22,"8,12",6,2
173,22,7,1,2
173,22,12,9,2
173,22,11,[NULL],9000
173,22,10,[NULL],9970
173,22,6,[NULL],9989
173,22,2,[NULL],9996
173,22,5,0,9997
173,22,9,[NULL],9997
173,22,3,[NULL],9997
173,22,4,[NULL],9997
173,22,0,[NULL],9998
173,22,1,[NULL],9998
174,21,8,13,4
174,21,1,7,4
174,21,6,[NULL],9000
174,21,9,[NULL],9992
174,21,5,[NULL],9994
174,21,7,[NULL],9994
174,21,"2,4",[NULL],9996
174,21,10,5,9997
174,21,4,[NULL],9997
174,21,3,5,9998
174,21,0,[NULL],9998
175,20,4,4,2
175,20,2,[NULL],9997
175,20,3,[NULL],9997
175,20,0,[NULL],9998
175,20,1,[NULL],9998
176,19,7,[NULL],9995
176,19,5,5,9997
176,19,6,3,9998
176,19,0,[NULL],9998
176,19,1,[NULL],9998
176,19,2,[NULL],9998
176,19,3,[NULL],9998
176,19,4,[NULL],9998
177,18,8,7,2
177,18,4,3,2
177,18,5,[NULL],9996
177,18,7,[NULL],9996
177,18,6,[NULL],9996
177,18,9,[NULL],9997
177,18,0,[NULL],9997
177,18,3,[NULL],9997
177,18,1,[NULL],9997
177,18,2,"7,8",9998
178,17,"8,12","7,10",3
178,17,12,10,3
178,17,10,[NULL],3
178,17,11,[NULL],9996
178,17,7,[NULL],9997
178,17,9,7,9998
178,17,0,[NULL],9998
178,17,1,[NULL],9998
178,17,2,[NULL],9998
178,17,3,[NULL],9998
178,17,4,[NULL],9998
178,17,5,[NULL],9998
178,17,6,[NULL],9998
179,16,11,[NULL],9994
179,16,13,[NULL],9996
179,16,8,[NULL],9996
179,16,14,[NULL],9997
179,16,10,[NULL],9997
179,16,5,[NULL],9997
179,16,"4,12",[NULL],9997
179,16,12,3,9998
179,16,9,4,9998
179,16,0,[NULL],9998
179,16,1,[NULL],9998
179,16,2,[NULL],9998
179,16,3,[NULL],9998
179,16,6,[NULL],9998
179,16,7,[NULL],9998
180,15,11,9,2
180,15,8,7,2
180,15,13,10,2
180,15,9,8,2
180,15,"6,7,10,15",[NULL],2
180,15,14,[NULL],9993
180,15,15,[NULL],9994
180,15,17,[NULL],9995
180,15,12,6,9997
180,15,10,[NULL],9997
180,15,7,"5,8",9998
180,15,16,12,9998
180,15,0,[NULL],9998
180,15,1,[NULL],9998
180,15,2,[NULL],9998
180,15,3,[NULL],9998
180,15,4,[NULL],9998
180,15,5,[NULL],9998
181,14,13,[NULL],9995
181,14,17,[NULL],9996
181,14,20,[NULL],9997
181,14,19,[NULL],9997
181,14,"14,15",[NULL],9997
181,14,18,[NULL],9997
181,14,"11,12",[NULL],9997
181,14,"8,9,16",[NULL],9997
181,14,"5,16",[NULL],9997
181,14,6,[NULL],9997
181,14,12,[NULL],9997
181,14,2,[NULL],9997
181,14,3,[NULL],9997
181,14,7,"9,10,14",9998
181,14,10,6,9998
181,14,15,13,9998
181,14,16,15,9998
181,14,9,"9,14,15",9998
181,14,0,[NULL],9998
181,14,1,[NULL],9998
181,14,4,[NULL],9998
182,13,7,[NULL],9997
182,13,"5,6,8,9,12",[NULL],9997
182,13,"6,8,9,12","6,11,12,14",9998
182,13,9,6,9998
182,13,"8,12","6,12,14",9998
182,13,12,14,9998
182,13,11,13,9998
182,13,10,"9,10",9998
182,13,0,[NULL],9998
182,13,1,[NULL],9998
182,13,2,[NULL],9998
182,13,3,[NULL],9998
182,13,4,[NULL],9998
183,12,5,4,3
183,12,6,[NULL],9995
183,12,4,[NULL],9997
183,12,2,[NULL],9997
183,12,3,"6,7,12,13",9998
183,12,0,[NULL],9998
183,12,1,[NULL],9998
184,11,5,2,3
184,11,"3,4",[NULL],9991
184,11,2,6,9998
184,11,4,9,9998
184,11,0,[NULL],9998
184,11,1,[NULL],9998
185,10,2,[NULL],9995
185,10,1,[NULL],9997
185,10,0,[NULL],9998
186,9,1,[NULL],9997
186,9,0,[NULL],9998
187,8,2,3,2
187,8,3,5,2
187,8,4,"4,6",2
187,8,1,[NULL],9997
187,8,0,[NULL],9997
188,7,"3,4",0,2
188,7,"5,6",2,2
188,7,2,[NULL],9994
188,7,"6,7",[NULL],9997
188,7,1,[NULL],9997
188,7,4,5,9998
188,7,7,7,9998
188,7,0,[NULL],9998
189,6,"3,5",0,2
189,6,6,[NULL],9993
189,6,"0,2,4,5",[NULL],9994
189,6,5,[NULL],9997
189,6,1,[NULL],9997
189,6,"2,4",[NULL],9997
189,6,4,[NULL],9997
190,5,4,[NULL],9995
190,5,2,[NULL],9997
190,5,3,"3,4",9998
190,5,0,[NULL],9998
190,5,1,[NULL],9998
191,4,4,[NULL],9000
191,4,2,[NULL],9000
191,4,1,[NULL],9992
191,4,3,[NULL],9997
191,4,0,[NULL],9998
192,3,1,[NULL],9992
192,3,3,[NULL],9996
192,3,"0,2",[NULL],9996
192,3,2,[NULL],9997
193,2,0,"0,1",9998
131,65,0,[NULL],9000
135,61,0,0,2
136,60,0,1,9996
142,54,0,0,4
145,51,0,0,2
146,50,0,"0,1",3
147,49,0,0,2
148,48,0,1,9998
149,47,0,0,2
149,47,2,1,3
149,47,1,1,9998
150,46,0,2,9998
150,46,1,"1,2",9998
151,45,0,1,9998
152,44,1,0,2
152,44,0,1,9998
153,43,0,1,9998
154,42,0,1,9998
155,41,0,1,9998
155,41,1,2,9998
156,40,2,0,2
156,40,0,"1,3",9998
156,40,1,2,9998
157,39,0,3,9998
158,38,0,1,4
158,38,1,3,9998
159,37,"0,1","0,2",4
159,37,1,1,9998
159,37,2,2,9998
160,36,"0,1",1,9997
160,36,1,"1,3",9998
160,36,2,2,9998
161,35,"0,1",0,9996
161,35,1,2,9998
161,35,2,1,9998
162,34,1,2,4
162,34,0,2,9998
162,34,2,1,9998
163,33,0,0,3
163,33,2,2,9998
163,33,1,0,9998
164,32,1,"0,1",9996
164,32,2,2,9998
164,32,0,0,9998
165,31,1,2,3
165,31,"4,5",[NULL],3
165,31,5,1,9996
165,31,3,2,9998
165,31,0,"1,3",9998
165,31,2,0,9998
166,30,3,1,2
166,30,4,3,3
166,30,2,3,4
166,30,1,2,9998
166,30,0,"1,3",9998
167,29,2,4,3
167,29,0,[NULL],9994
167,29,3,5,9998
167,29,1,2,9998
168,28,3,2,2
168,28,4,[NULL],9000
168,28,0,[NULL],9994
168,28,2,1,9996
168,28,1,1,9998
169,27,4,1,2
169,27,3,5,3
169,27,5,2,9998
169,27,2,1,9998
169,27,1,"2,6",9998
169,27,0,5,9998
170,26,4,2,2
170,26,6,"7,8",3
170,26,3,[NULL],3
170,26,0,5,4
170,26,1,2,9997
170,26,5,3,9998
170,26,2,"1,4",9998
171,25,3,5,3
171,25,7,8,3
171,25,4,[NULL],5
171,25,5,[NULL],9000
171,25,1,[NULL],9994
171,25,0,[NULL],9995
171,25,6,"4,5",9998
171,25,2,1,9998
172,24,6,4,3
172,24,7,11,3
172,24,3,[NULL],9000
172,24,8,1,9996
172,24,5,[NULL],9996
172,24,4,0,9997
172,24,2,"5,6",9998
172,24,0,[NULL],9998
172,24,1,[NULL],9998
173,23,5,3,2
173,23,8,[NULL],9000
173,23,4,4,9996
173,23,7,[NULL],9996
173,23,6,1,9997
173,23,0,[NULL],9998
173,23,1,[NULL],9998
173,23,2,[NULL],9998
173,23,3,[NULL],9998
174,22,"4,7","0,7",3
174,22,7,7,3
174,22,5,[NULL],9000
174,22,"1,3",[NULL],9995
174,22,3,[NULL],9997
174,22,6,4,9998
174,22,2,"3,5",9998
174,22,0,[NULL],9998
175,21,3,6,2
175,21,4,7,3
175,21,5,[NULL],9000
175,21,0,[NULL],9998
175,21,1,[NULL],9998
175,21,2,[NULL],9998
176,20,"7,8",2,2
176,20,8,[NULL],9997
176,20,5,2,9998
176,20,6,8,9998
176,20,0,[NULL],9998
176,20,1,[NULL],9998
176,20,2,[NULL],9998
176,20,3,[NULL],9998
176,20,4,[NULL],9998
177,19,7,9,2
177,19,6,[NULL],9993
177,19,5,6,9998
177,19,3,1,9998
177,19,4,5,9998
177,19,0,[NULL],9998
177,19,1,[NULL],9998
177,19,2,[NULL],9998
178,18,3,12,2
178,18,4,9,2
178,18,2,[NULL],2
178,18,"1,5","5,6",3
178,18,5,[NULL],9993
178,18,6,[NULL],9995
178,18,7,[NULL],9997
178,18,0,[NULL],9998
179,17,"5,8",7,2
179,17,12,16,2
179,17,10,[NULL],9995
179,17,13,[NULL],9996
179,17,9,8,9997
179,17,7,7,9997
179,17,6,[NULL],9997
179,17,4,[NULL],9997
179,17,"3,8,11",[NULL],9997
179,17,2,[NULL],9997
179,17,8,4,9998
179,17,11,5,9998
179,17,0,[NULL],9998
179,17,1,[NULL],9998
180,16,"9,10,14",7,2
180,16,6,10,2
180,16,13,15,2
180,16,15,16,2
180,16,10,"7,9,12,16",2
180,16,11,4,9996
180,16,14,[NULL],9996
180,16,5,[NULL],9996
180,16,12,10,9997
180,16,7,[NULL],9997
180,16,8,[NULL],9997
180,16,3,[NULL],9997
180,16,0,[NULL],9998
180,16,1,[NULL],9998
180,16,2,[NULL],9998
180,16,4,[NULL],9998
181,15,"6,11,12,14","6,8,9,12",2
181,15,"11,12,14","6,8,12",2
181,15,"12,14","5,6",2
181,15,14,"5,6,8,9",2
181,15,13,11,2
181,15,"9,10",10,2
181,15,7,12,9997
181,15,"8,10",[NULL],9997
181,15,5,[NULL],9997
181,15,2,[NULL],9997
181,15,"3,4",[NULL],9997
181,15,4,2,9998
181,15,10,9,9998
181,15,0,[NULL],9998
181,15,1,[NULL],9998
182,14,"6,7,12,13",3,2
182,14,9,[NULL],9994
182,14,13,[NULL],9994
182,14,10,[NULL],9994
182,14,8,"7,16",9997
182,14,12,[NULL],9997
182,14,7,[NULL],9997
182,14,5,[NULL],9997
182,14,11,11,9998
182,14,0,[NULL],9998
182,14,1,[NULL],9998
182,14,2,[NULL],9998
182,14,3,[NULL],9998
182,14,4,[NULL],9998
183,13,6,2,2
183,13,9,4,2
183,13,8,[NULL],9996
183,13,7,[NULL],9997
183,13,5,[NULL],9997
183,13,3,[NULL],9997
183,13,0,[NULL],9998
183,13,1,[NULL],9998
183,13,2,[NULL],9998
183,13,4,[NULL],9998
184,12,5,5,9996
184,12,3,[NULL],9996
184,12,4,3,9998
184,12,0,[NULL],9998
184,12,1,[NULL],9998
184,12,2,[NULL],9998
185,11,3,[NULL],9997
185,11,0,[NULL],9998
185,11,1,[NULL],9998
185,11,2,[NULL],9998
186,10,5,[NULL],9997
186,10,4,[NULL],9997
186,10,3,[NULL],9997
186,10,0,[NULL],9998
186,10,1,[NULL],9998
186,10,2,[NULL],9998
187,9,5,4,2
187,9,7,7,2
187,9,8,10,3
187,9,6,[NULL],9996
187,9,2,[NULL],9997
187,9,3,3,9998
187,9,4,5,9998
187,9,0,[NULL],9998
187,9,1,[NULL],9998
188,8,5,"4,6",3
188,8,3,"1,4",3
188,8,4,[NULL],9997
188,8,2,[NULL],9997
188,8,0,[NULL],9998
188,8,1,[NULL],9998
189,7,"3,4",3,2
189,7,5,[NULL],9994
189,7,6,[NULL],9995
189,7,1,[NULL],9995
189,7,4,[NULL],9997
189,7,2,[NULL],9997
189,7,0,[NULL],9998
190,6,0,[NULL],9995
190,6,6,[NULL],9996
190,6,5,[NULL],9996
190,6,7,[NULL],9997
190,6,2,[NULL],9997
190,6,3,[NULL],9997
190,6,1,[NULL],9997
190,6,4,"10,11",9998
191,5,3,[NULL],9997
191,5,4,[NULL],9997
191,5,2,[NULL],9997
191,5,0,[NULL],9998
191,5,1,[NULL],9998
192,4,"0,1",0,2
192,4,2,[NULL],9995
192,4,1,[NULL],9997
193,3,0,"2,3",9998
131,66,0,[NULL],9000
134,63,0,0,4
135,62,0,0,9998
138,59,0,0,4
139,58,0,0,9998
140,57,0,0,9997
141,56,0,0,4
142,55,0,0,4
143,54,0,0,9996
144,53,1,0,9996
144,53,0,0,9998
145,52,1,2,4
145,52,0,0,9998
146,51,0,1,3
147,50,1,0,2
147,50,0,0,9996
148,49,1,1,2
148,49,0,0,9996
148,49,2,0,9998
149,48,2,0,2
149,48,1,"0,1",2
149,48,0,1,9998
150,47,1,0,2
150,47,"0,2",0,4
150,47,2,1,9998
151,46,1,0,2
151,46,0,1,9998
152,45,1,0,2
152,45,0,0,9996
153,44,1,0,2
153,44,0,0,4
154,43,1,0,2
154,43,2,1,2
154,43,0,0,4
155,42,"1,3",0,2
155,42,2,1,2
155,42,3,1,9996
155,42,0,0,9998
156,41,3,0,2
156,41,2,1,3
156,41,0,2,9997
156,41,1,1,9998
157,40,3,1,2
157,40,2,3,4
157,40,"0,1",[NULL],9996
157,40,1,0,9998
158,39,1,1,2
158,39,2,2,2
158,39,0,0,4
159,38,"1,3",1,2
159,38,2,2,2
159,38,3,3,9996
159,38,0,2,9997
160,37,2,1,2
160,37,1,2,2
160,37,"0,3",[NULL],9996
160,37,3,0,9998
161,36,2,0,2
161,36,1,2,2
161,36,3,0,3
161,36,0,1,4
162,35,2,2,2
162,35,0,1,2
162,35,1,1,3
163,34,2,2,2
163,34,0,0,2
163,34,1,0,9996
164,33,2,3,2
164,33,"1,3",0,2
164,33,0,2,2
164,33,3,0,9996
165,32,2,1,2
165,32,"1,3",0,2
165,32,0,1,3
165,32,3,6,4
166,31,5,3,2
166,31,2,1,2
166,31,1,3,3
166,31,3,5,3
166,31,"0,4",5,4
166,31,4,1,9998
167,30,1,1,2
167,30,5,[NULL],9994
167,30,2,1,9996
167,30,4,4,9997
167,30,3,1,9998
167,30,0,3,9998
168,29,2,5,2
168,29,1,2,2
168,29,6,"1,5",2
168,29,5,0,2
168,29,4,1,3
168,29,3,[NULL],9000
168,29,0,3,9997
169,28,3,5,2
169,28,"1,4",2,2
169,28,4,3,3
169,28,"0,2",[NULL],9995
169,28,2,3,9997
170,27,"4,5",6,2
170,27,1,2,2
170,27,2,4,4
170,27,0,0,9997
170,27,3,0,9998
170,27,5,1,9998
171,26,"5,6",2,2
171,26,0,[NULL],2
171,26,1,3,3
171,26,"2,7",[NULL],9995
171,26,3,0,9996
171,26,7,2,9996
171,26,"4,6",[NULL],9996
171,26,6,1,9997
172,25,0,5,3
172,25,"3,4",[NULL],9000
172,25,4,[NULL],9000
172,25,1,2,9996
172,25,2,1,9998
173,24,4,6,2
173,24,"3,5",2,2
173,24,5,10,3
173,24,2,[NULL],9996
173,24,1,[NULL],9997
173,24,0,[NULL],9997
174,23,3,[NULL],9000
174,23,5,[NULL],9000
174,23,6,[NULL],9000
174,23,9,[NULL],9000
174,23,8,[NULL],9000
174,23,10,[NULL],9994
174,23,"0,1",[NULL],9995
174,23,4,[NULL],9996
174,23,1,[NULL],9996
174,23,2,4,9998
174,23,7,[NULL],9998
175,22,2,5,2
175,22,8,6,2
175,22,5,5,3
175,22,9,[NULL],9973
175,22,"6,7",[NULL],9997
175,22,4,[NULL],9997
175,22,3,9,9998
175,22,7,7,9998
175,22,0,[NULL],9998
175,22,1,[NULL],9998
176,21,6,5,2
176,21,1,3,2
176,21,5,4,2
176,21,8,[NULL],9995
176,21,3,[NULL],9996
176,21,"4,7",[NULL],9996
176,21,7,[NULL],9997
176,21,2,"6,7",9998
176,21,0,[NULL],9998
177,20,9,[NULL],9991
177,20,5,[NULL],9994
177,20,7,[NULL],9996
177,20,4,[NULL],9996
177,20,8,[NULL],9996
177,20,2,4,9998
177,20,6,9,9998
177,20,3,6,9998
177,20,0,[NULL],9998
177,20,1,[NULL],9998
178,19,4,"7,8",2
178,19,5,"7,11",2
178,19,6,[NULL],9000
178,19,3,6,9997
178,19,2,[NULL],9997
178,19,0,[NULL],9998
178,19,1,[NULL],9998
179,18,6,12,3
179,18,"4,5",[NULL],9995
179,18,7,[NULL],9996
179,18,5,4,9997
179,18,3,"2,8",9998
179,18,0,[NULL],9998
179,18,1,[NULL],9998
179,18,2,[NULL],9998
180,17,2,4,2
180,17,9,10,2
180,17,10,[NULL],9993
180,17,6,[NULL],9995
180,17,"7,8",[NULL],9996
180,17,5,"3,6,8,10,11,12",9997
180,17,4,"6,9,10,11",9997
180,17,3,[NULL],9997
180,17,0,[NULL],9998
180,17,1,[NULL],9998
180,17,8,[NULL],9998
181,16,11,11,2
181,16,9,[NULL],9995
181,16,"5,6,7",[NULL],9996
181,16,"7,8",10,9997
181,16,10,13,9997
181,16,"2,4",[NULL],9997
181,16,8,18,9998
181,16,3,7,9998
181,16,6,"15,16",9998
181,16,4,10,9998
181,16,0,[NULL],9998
181,16,1,[NULL],9998
182,15,8,[NULL],9991
182,15,10,[NULL],9993
182,15,4,[NULL],9994
182,15,"5,6",[NULL],9996
182,15,3,[NULL],9996
182,15,11,[NULL],9996
182,15,9,[NULL],9996
182,15,6,"10,11,16",9998
182,15,7,13,9998
182,15,0,[NULL],9998
182,15,1,[NULL],9998
182,15,2,[NULL],9998
183,14,3,4,2
183,14,7,[NULL],9991
183,14,5,[NULL],9996
183,14,8,[NULL],9997
183,14,4,6,9998
183,14,6,"7,8",9998
183,14,0,[NULL],9998
183,14,1,[NULL],9998
183,14,2,[NULL],9998
184,13,"5,6",[NULL],9996
184,13,8,[NULL],9996
184,13,4,[NULL],9997
184,13,3,[NULL],9997
184,13,6,5,9998
184,13,7,7,9998
184,13,0,[NULL],9998
184,13,1,[NULL],9998
184,13,2,[NULL],9998
185,12,9,[NULL],9000
185,12,6,[NULL],9997
185,12,"0,5",[NULL],9997
185,12,"3,7",[NULL],9997
185,12,8,[NULL],9997
185,12,4,[NULL],9997
185,12,7,5,9998
185,12,2,"2,3,5,6,8",9998
185,12,5,"4,6",9998
185,12,1,[NULL],9998
186,11,3,3,2
186,11,5,4,2
186,11,6,[NULL],9997
186,11,4,[NULL],9997
186,11,0,[NULL],9998
186,11,1,[NULL],9998
186,11,2,[NULL],9998
187,10,6,[NULL],9997
187,10,4,3,9998
187,10,5,5,9998
187,10,0,[NULL],9998
187,10,1,[NULL],9998
187,10,2,[NULL],9998
187,10,3,[NULL],9998
188,9,5,[NULL],9996
188,9,8,[NULL],9997
188,9,6,"3,4",9998
188,9,7,6,9998
188,9,0,[NULL],9998
188,9,1,[NULL],9998
188,9,2,[NULL],9998
188,9,3,[NULL],9998
188,9,4,[NULL],9998
189,8,"10,11",4,2
189,8,11,[NULL],9996
189,8,4,[NULL],9997
189,8,7,[NULL],9997
189,8,8,[NULL],9997
189,8,6,[NULL],9997
189,8,5,[NULL],9997
189,8,2,[NULL],9997
189,8,9,8,9998
189,8,0,[NULL],9998
189,8,1,[NULL],9998
189,8,3,[NULL],9998
190,7,12,[NULL],9992
190,7,11,[NULL],9993
190,7,3,[NULL],9994
190,7,9,[NULL],9996
190,7,6,[NULL],9997
190,7,"7,8",[NULL],9997
190,7,8,[NULL],9997
190,7,4,[NULL],9997
190,7,5,[NULL],9997
190,7,2,[NULL],9997
190,7,10,"6,8",9998
190,7,0,[NULL],9998
190,7,1,[NULL],9998
191,6,7,[NULL],9993
191,6,8,[NULL],9994
191,6,"4,5",[NULL],9997
191,6,2,5,9998
191,6,"3,6","7,8,9",9998
191,6,5,"4,8",9998
191,6,6,7,9998
191,6,0,[NULL],9998
191,6,1,[NULL],9998
192,5,"2,3",0,2
192,5,5,[NULL],9000
192,5,3,[NULL],9000
192,5,4,[NULL],9996
192,5,0,[NULL],9997
192,5,1,"3,7",9998
193,4,2,[NULL],9000
193,4,1,[NULL],9991
193,4,0,[NULL],9997
134,64,0,0,2
135,63,0,0,9998
138,60,0,0,2
139,59,0,0,9998
143,55,0,0,2
144,54,0,0,2
145,53,0,0,9998
147,51,0,2,2
148,50,1,0,2
148,50,0,1,9997
149,49,1,2,2
149,49,0,0,9998
150,48,1,0,2
150,48,0,0,9997
154,44,0,0,2
155,43,1,1,2
155,43,0,"0,1",9998
156,42,0,1,2
156,42,1,1,9997
157,41,0,1,9998
159,39,0,3,2
159,39,1,"0,1",3
160,38,0,1,9997
163,35,0,3,9998
164,34,0,0,4
165,33,1,4,2
165,33,0,4,4
166,32,1,3,2
166,32,3,0,2
166,32,0,[NULL],9997
166,32,2,3,9998
167,31,0,[NULL],9996
167,31,1,3,9998
168,30,1,[NULL],9000
168,30,0,4,9998
169,29,0,3,2
169,29,1,5,2
169,29,2,1,3
170,28,1,2,9997
170,28,0,4,9998
171,27,1,2,2
171,27,0,4,3
172,26,1,6,3
172,26,2,2,9998
172,26,0,[NULL],9998
173,25,4,2,2
173,25,5,[NULL],9996
173,25,2,[NULL],9996
173,25,1,[NULL],9996
173,25,6,6,9997
173,25,3,2,9998
173,25,0,[NULL],9998
174,24,9,3,2
174,24,7,7,2
174,24,"4,5",[NULL],9995
174,24,5,[NULL],9996
174,24,8,[NULL],9997
174,24,2,[NULL],9997
174,24,6,6,9998
174,24,0,[NULL],9998
174,24,1,[NULL],9998
174,24,3,[NULL],9998
175,23,"6,7",2,2
175,23,5,[NULL],9000
175,23,7,[NULL],9994
175,23,4,[NULL],9997
175,23,3,[NULL],9997
175,23,2,[NULL],9997
175,23,1,5,9998
175,23,0,[NULL],9998
176,22,4,2,2
176,22,9,6,2
176,22,6,3,2
176,22,7,[NULL],9996
176,22,8,1,9997
176,22,5,"5,7",9998
176,22,0,[NULL],9998
176,22,1,[NULL],9998
176,22,2,[NULL],9998
176,22,3,[NULL],9998
177,21,10,[NULL],9994
177,21,7,[NULL],9994
177,21,"8,11",[NULL],9994
177,21,6,[NULL],9996
177,21,9,[NULL],9997
177,21,4,[NULL],9997
177,21,"3,11","0,8",9998
177,21,11,8,9998
177,21,5,6,9998
177,21,0,[NULL],9998
177,21,1,[NULL],9998
177,21,2,[NULL],9998
178,20,"2,8",3,2
178,20,8,9,3
178,20,7,7,3
178,20,6,[NULL],9996
178,20,9,[NULL],9996
178,20,5,[NULL],9996
178,20,4,"1,6",9998
178,20,0,[NULL],9998
178,20,1,[NULL],9998
178,20,3,[NULL],9998
179,19,12,[NULL],2
179,19,10,12,3
179,19,14,[NULL],9993
179,19,13,[NULL],9995
179,19,11,[NULL],9996
179,19,9,3,9997
179,19,8,6,9997
179,19,7,[NULL],9997
179,19,3,[NULL],9997
179,19,6,9,9998
179,19,0,[NULL],9998
179,19,1,[NULL],9998
179,19,2,[NULL],9998
179,19,4,[NULL],9998
179,19,5,[NULL],9998
180,18,18,8,2
180,18,7,3,2
180,18,"15,16",6,2
180,18,10,2,2
180,18,12,7,3
180,18,21,[NULL],9994
180,18,9,[NULL],9996
180,18,17,[NULL],9996
180,18,13,4,9997
180,18,20,8,9997
180,18,19,[NULL],9997
180,18,8,[NULL],9997
180,18,11,[NULL],9997
180,18,6,[NULL],9997
180,18,16,9,9998
180,18,14,"6,9",9998
180,18,0,[NULL],9998
180,18,1,[NULL],9998
180,18,2,[NULL],9998
180,18,3,[NULL],9998
180,18,4,[NULL],9998
180,18,5,[NULL],9998
181,17,"10,11,16",6,2
181,17,13,7,2
181,17,"7,16",8,3
181,17,"6,9,11,16",[NULL],9995
181,17,16,[NULL],9996
181,17,11,[NULL],9996
181,17,"15,17",[NULL],9996
181,17,9,[NULL],9996
181,17,4,[NULL],9996
181,17,3,[NULL],9996
181,17,"8,14",[NULL],9996
181,17,17,11,9997
181,17,14,9,9997
181,17,12,[NULL],9997
181,17,5,[NULL],9997
181,17,0,[NULL],9998
181,17,1,[NULL],9998
181,17,2,[NULL],9998
182,16,6,4,2
182,16,"7,8",6,2
182,16,8,[NULL],9996
182,16,11,8,9997
182,16,9,[NULL],9997
182,16,"4,10",[NULL],9997
182,16,3,[NULL],9997
182,16,5,5,9998
182,16,10,9,9998
182,16,0,[NULL],9998
182,16,1,[NULL],9998
182,16,2,[NULL],9998
183,15,5,6,2
183,15,7,7,2
183,15,3,[NULL],9996
183,15,9,[NULL],9997
183,15,6,[NULL],9997
183,15,4,[NULL],9997
183,15,8,7,9998
183,15,0,[NULL],9998
183,15,1,[NULL],9998
183,15,2,[NULL],9998
184,14,5,3,2
184,14,"2,3,6,8","2,3",2
184,14,"4,6",0,2
184,14,6,[NULL],9994
184,14,7,[NULL],9996
184,14,"3,8","6,7",9998
184,14,8,7,9998
184,14,0,[NULL],9998
184,14,1,[NULL],9998
185,13,4,10,9997
185,13,"2,3,5",[NULL],9997
185,13,"1,3,5",[NULL],9997
185,13,6,11,9998
185,13,"3,5","6,9",9998
185,13,5,9,9998
185,13,0,[NULL],9998
186,12,3,4,2
186,12,5,5,2
186,12,4,[NULL],9997
186,12,2,[NULL],9997
186,12,0,[NULL],9998
186,12,1,[NULL],9998
187,11,"3,4",6,2
187,11,6,7,2
187,11,9,[NULL],9991
187,11,4,[NULL],9993
187,11,5,[NULL],9996
187,11,8,[NULL],9996
187,11,7,[NULL],9996
187,11,0,[NULL],9998
187,11,1,[NULL],9998
187,11,2,[NULL],9998
188,10,8,9,2
188,10,9,[NULL],9996
188,10,5,[NULL],9996
188,10,6,9,9998
188,10,7,15,9998
188,10,0,[NULL],9998
188,10,1,[NULL],9998
188,10,2,[NULL],9998
188,10,3,[NULL],9998
188,10,4,[NULL],9998
189,9,"6,8",10,2
189,9,8,[NULL],9996
189,9,7,[NULL],9997
189,9,5,[NULL],9997
189,9,4,[NULL],9997
189,9,0,[NULL],9998
189,9,1,[NULL],9998
189,9,2,[NULL],9998
189,9,3,[NULL],9998
190,8,5,2,2
190,8,"7,8,9","3,6",2
190,8,"4,8",5,2
190,8,"8,9",3,2
190,8,9,[NULL],9991
190,8,6,[NULL],9997
190,8,2,[NULL],9997
190,8,3,14,9998
190,8,0,[NULL],9998
190,8,1,[NULL],9998
191,7,"3,7",1,2
191,7,8,[NULL],9991
191,7,"6,7",[NULL],9995
191,7,5,[NULL],9996
191,7,4,[NULL],9997
191,7,"1,2",[NULL],9997
191,7,2,8,9998
191,7,7,10,9998
191,7,0,[NULL],9998
192,6,3,[NULL],9992
192,6,0,"5,6",9998
192,6,2,"10,11",9998
192,6,1,"7,8",9998
134,65,0,0,2
135,64,1,0,4
135,64,0,[NULL],9997
138,61,0,0,2
139,60,0,0,3
144,55,0,0,2
145,54,0,1,9998
148,51,0,0,2
149,50,0,[NULL],9996
151,48,0,0,9998
152,47,0,1,9998
153,46,0,1,9998
154,45,"0,1",0,2
154,45,1,1,9998
155,44,2,0,3
155,44,1,2,9998
155,44,0,0,9998
156,43,1,0,2
156,43,0,2,9998
157,42,0,2,9998
157,42,1,1,9998
158,41,2,0,3
158,41,0,1,9998
158,41,1,2,9998
159,40,0,"1,3",9998
159,40,1,2,9998
160,39,0,"0,1",4
160,39,1,2,9998
161,38,1,2,9998
161,38,0,[NULL],9998
162,37,3,0,2
162,37,"0,1",[NULL],9997
162,37,1,1,9998
162,37,2,2,9998
163,36,"0,1",1,4
163,36,1,1,9998
163,36,2,2,9998
164,35,1,5,4
164,35,0,2,9998
164,35,2,1,9998
165,34,3,2,2
165,34,1,[NULL],9996
165,34,0,2,9998
165,34,2,1,9998
166,33,3,1,2
166,33,4,4,3
166,33,1,[NULL],9996
166,33,2,2,9998
166,33,0,0,9998
167,32,4,0,2
167,32,3,0,3
167,32,1,2,4
167,32,2,2,9998
167,32,0,0,9998
168,31,3,2,3
168,31,1,1,9998
168,31,2,2,9998
168,31,0,0,9998
169,30,4,0,2
169,30,0,0,3
169,30,3,[NULL],9996
169,30,1,"1,2",9998
169,30,2,0,9998
170,29,1,6,3
170,29,2,[NULL],9000
170,29,0,1,9998
171,28,2,2,2
171,28,1,8,4
171,28,0,[NULL],25
171,28,3,[NULL],9997
172,27,2,3,2
172,27,4,4,4
172,27,0,[NULL],5
172,27,3,4,9998
172,27,1,3,9998
173,26,6,6,2
173,26,"1,2,5",[NULL],2
173,26,5,[NULL],9952
173,26,0,[NULL],9996
173,26,2,[NULL],9997
173,26,"3,4",[NULL],9997
173,26,4,"2,5",9998
174,25,5,1,2
174,25,7,[NULL],9000
174,25,6,[NULL],9996
174,25,4,[NULL],9997
174,25,3,2,9998
174,25,1,3,9998
174,25,2,6,9998
174,25,0,[NULL],9998
175,24,"5,7",5,2
175,24,6,[NULL],9000
175,24,4,[NULL],9000
175,24,3,[NULL],9000
175,24,2,[NULL],9000
175,24,7,[NULL],9000
175,24,0,[NULL],9998
175,24,1,[NULL],9998
176,23,"0,8","3,11",2
176,23,8,11,2
176,23,6,5,2
176,23,3,[NULL],2
176,23,"5,7",[NULL],9000
176,23,4,[NULL],9000
176,23,7,[NULL],9994
176,23,1,0,9998
176,23,2,"2,4",9998
177,22,"1,6",4,2
177,22,6,3,3
177,22,8,[NULL],9000
177,22,2,[NULL],9000
177,22,5,[NULL],9996
177,22,3,[NULL],9996
177,22,7,[NULL],9997
177,22,4,2,9998
177,22,0,[NULL],9998
178,21,9,6,2
178,21,4,5,3
178,21,5,[NULL],9996
178,21,8,[NULL],9996
178,21,10,[NULL],9997
178,21,3,[NULL],9997
178,21,7,[NULL],9997
178,21,11,[NULL],9997
178,21,6,[NULL],9997
178,21,2,1,9998
178,21,0,[NULL],9998
178,21,1,[NULL],9998
179,20,9,16,2
179,20,6,"14,16",2
179,20,"3,8,10,11,12",5,3
179,20,"10,11",4,3
179,20,4,11,4
179,20,12,[NULL],9000
179,20,8,[NULL],9996
179,20,2,[NULL],9996
179,20,11,[NULL],9996
179,20,7,[NULL],9997
179,20,5,[NULL],9997
179,20,0,[NULL],9998
179,20,1,[NULL],9998
180,19,10,"7,8",3
180,19,13,10,3
180,19,6,[NULL],9994
180,19,9,[NULL],9995
180,19,4,[NULL],9997
180,19,5,[NULL],9997
180,19,11,[NULL],9997
180,19,8,[NULL],9997
180,19,12,[NULL],9997
180,19,3,2,9998
180,19,7,5,9998
180,19,0,[NULL],9998
180,19,1,[NULL],9998
180,19,2,[NULL],9998
181,18,5,5,2
181,18,9,10,2
181,18,6,[NULL],9994
181,18,4,[NULL],9997
181,18,0,[NULL],9998
181,18,1,[NULL],9998
181,18,2,[NULL],9998
181,18,3,[NULL],9998
181,18,7,[NULL],9998
181,18,8,[NULL],9998
182,17,7,8,2
182,17,5,[NULL],9993
182,17,4,[NULL],9997
182,17,3,[NULL],9997
182,17,2,[NULL],9997
182,17,1,[NULL],9997
182,17,0,[NULL],9998
182,17,6,[NULL],9998
183,16,"6,7","3,8",2
183,16,7,8,2
183,16,5,5,4
183,16,3,[NULL],9996
183,16,4,[NULL],9997
183,16,0,[NULL],9998
183,16,1,[NULL],9998
183,16,2,[NULL],9998
184,15,11,6,2
184,15,"6,9","3,5",2
184,15,9,5,2
184,15,8,[NULL],9985
184,15,7,[NULL],9997
184,15,10,[NULL],9997
184,15,4,[NULL],9997
184,15,3,[NULL],9997
184,15,2,[NULL],9997
184,15,5,9,9998
184,15,0,[NULL],9998
184,15,1,[NULL],9998
185,14,10,[NULL],9994
185,14,11,[NULL],9996
185,14,15,[NULL],9996
185,14,9,[NULL],9997
185,14,14,[NULL],9997
185,14,13,[NULL],9997
185,14,6,[NULL],9997
185,14,7,[NULL],9997
185,14,8,7,9998
185,14,12,8,9998
185,14,0,[NULL],9998
185,14,1,[NULL],9998
185,14,2,[NULL],9998
185,14,3,[NULL],9998
185,14,4,[NULL],9998
185,14,5,[NULL],9998
186,13,11,[NULL],9995
186,13,6,[NULL],9996
186,13,14,[NULL],9997
186,13,7,[NULL],9997
186,13,13,[NULL],9997
186,13,12,[NULL],9997
186,13,5,[NULL],9997
186,13,8,[NULL],9997
186,13,9,"3,10",9998
186,13,10,4,9998
186,13,0,[NULL],9998
186,13,1,[NULL],9998
186,13,2,[NULL],9998
186,13,3,[NULL],9998
186,13,4,[NULL],9998
187,12,9,6,2
187,12,15,7,2
187,12,14,[NULL],9996
187,12,17,[NULL],9997
187,12,12,[NULL],9997
187,12,8,[NULL],9997
187,12,11,[NULL],9997
187,12,16,[NULL],9997
187,12,10,5,9998
187,12,13,8,9998
187,12,0,[NULL],9998
187,12,1,[NULL],9998
187,12,2,[NULL],9998
187,12,3,[NULL],9998
187,12,4,[NULL],9998
187,12,5,[NULL],9998
187,12,6,[NULL],9998
187,12,7,[NULL],9998
188,11,14,[NULL],9996
188,11,15,[NULL],9996
188,11,16,[NULL],9997
188,11,18,[NULL],9997
188,11,19,[NULL],9997
188,11,20,[NULL],9997
188,11,13,[NULL],9997
188,11,10,[NULL],9997
188,11,11,6,9998
188,11,17,16,9998
188,11,12,"12,17",9998
188,11,0,[NULL],9998
188,11,1,[NULL],9998
188,11,2,[NULL],9998
188,11,3,[NULL],9998
188,11,4,[NULL],9998
188,11,5,[NULL],9998
188,11,6,[NULL],9998
188,11,7,[NULL],9998
188,11,8,[NULL],9998
188,11,9,[NULL],9998
189,10,14,3,2
189,10,16,[NULL],9996
189,10,17,[NULL],9997
189,10,13,[NULL],9997
189,10,11,[NULL],9997
189,10,12,[NULL],9997
189,10,"9,10",[NULL],9997
189,10,10,[NULL],9997
189,10,15,13,9998
189,10,0,[NULL],9998
189,10,1,[NULL],9998
189,10,2,[NULL],9998
189,10,3,[NULL],9998
189,10,4,[NULL],9998
189,10,5,[NULL],9998
189,10,6,[NULL],9998
189,10,7,[NULL],9998
189,10,8,[NULL],9998
190,9,8,2,2
190,9,10,7,2
190,9,7,[NULL],9991
190,9,13,[NULL],9992
190,9,6,[NULL],9993
190,9,12,[NULL],9997
190,9,11,[NULL],9997
190,9,9,[NULL],9997
190,9,0,[NULL],9998
190,9,1,[NULL],9998
190,9,2,[NULL],9998
190,9,3,[NULL],9998
190,9,4,[NULL],9998
190,9,5,[NULL],9998
191,8,"5,6",0,2
191,8,"10,11",2,2
191,8,"7,8",1,2
191,8,11,[NULL],9991
191,8,6,[NULL],9993
191,8,8,[NULL],9996
191,8,3,[NULL],9997
191,8,9,[NULL],9997
191,8,4,[NULL],9997
191,8,0,[NULL],9998
191,8,1,[NULL],9998
191,8,2,[NULL],9998
192,7,5,[NULL],9000
192,7,4,[NULL],9995
192,7,2,[NULL],9997
192,7,1,4,9998
192,7,3,8,9998
192,7,0,[NULL],9998
193,6,3,[NULL],9997
193,6,4,[NULL],9997
193,6,2,[NULL],9997
193,6,1,[NULL],9997
193,6,0,[NULL],9998
194,5,7,[NULL],9997
194,5,6,[NULL],9997
194,5,"3,4",[NULL],9997
194,5,"1,2",[NULL],9997
194,5,2,3,9998
194,5,5,"6,7",9998
194,5,4,5,9998
194,5,0,[NULL],9998
195,4,5,[NULL],9993
195,4,4,[NULL],9997
195,4,3,[NULL],9997
195,4,2,[NULL],9997
195,4,1,[NULL],9997
195,4,0,[NULL],9998
196,3,2,[NULL],9996
196,3,1,[NULL],9997
196,3,0,[NULL],9998
197,2,0,[NULL],9997
135,65,0,[NULL],9997
137,63,0,[NULL],9998
138,62,0,[NULL],9998
141,59,0,[NULL],9996
142,58,0,0,4
143,57,0,1,4
144,56,1,0,2
144,56,0,[NULL],9997
145,55,0,[NULL],9996
146,54,0,0,4
147,53,1,0,3
147,53,0,0,4
148,52,1,[NULL],9996
148,52,0,[NULL],9998
149,51,0,0,3
150,50,0,0,2
151,49,1,0,2
151,49,0,0,4
152,48,1,0,2
152,48,0,[NULL],9998
153,47,1,1,2
153,47,0,[NULL],9997
154,46,2,1,2
154,46,0,0,2
154,46,1,3,4
155,45,2,0,2
155,45,1,1,3
155,45,0,[NULL],9998
156,44,2,0,2
156,44,1,1,2
156,44,0,[NULL],9996
157,43,1,0,2
157,43,2,1,2
157,43,0,[NULL],9998
157,43,3,[NULL],9998
158,42,"1,3",0,2
158,42,2,1,2
158,42,3,3,4
158,42,0,[NULL],9998
159,41,2,1,2
159,41,1,0,3
159,41,"0,3",[NULL],9997
159,41,3,[NULL],9998
160,40,2,1,2
160,40,3,[NULL],2
160,40,1,[NULL],9996
160,40,0,[NULL],9998
161,39,1,1,2
161,39,2,2,2
161,39,0,[NULL],9996
162,38,1,1,2
162,38,2,2,2
162,38,0,1,4
163,37,2,0,2
163,37,1,2,2
163,37,0,3,4
164,36,2,0,2
164,36,1,2,2
164,36,0,[NULL],9996
165,35,2,2,2
165,35,0,0,2
165,35,1,[NULL],9996
166,34,2,2,2
166,34,0,0,2
166,34,1,2,4
167,33,1,1,2
167,33,2,2,2
167,33,0,0,2
168,32,"1,2",1,2
168,32,0,2,2
168,32,2,[NULL],9996
169,31,1,0,2
169,31,2,1,3
169,31,0,[NULL],9998
169,31,3,[NULL],9998
170,30,0,3,4
170,30,2,7,4
170,30,"1,3",[NULL],9000
170,30,3,[NULL],9997
171,29,4,3,2
171,29,3,1,2
171,29,2,1,4
171,29,"0,1",[NULL],9000
171,29,1,[NULL],9997
172,28,"2,5",4,2
172,28,6,6,3
172,28,"0,1",[NULL],9000
172,28,5,[NULL],9996
172,28,3,[NULL],9997
172,28,1,[NULL],9997
172,28,4,[NULL],9998
173,27,2,3,2
173,27,3,1,2
173,27,6,2,2
173,27,4,[NULL],9996
173,27,1,[NULL],9996
173,27,5,[NULL],9997
173,27,0,[NULL],9998
174,26,4,[NULL],4
174,26,"3,5",[NULL],9000
174,26,5,[NULL],9997
174,26,0,[NULL],9998
174,26,1,[NULL],9998
174,26,2,[NULL],9998
175,25,0,1,2
175,25,"2,4",2,2
175,25,1,8,3
175,25,3,[NULL],9000
175,25,5,[NULL],9993
175,25,4,[NULL],9996
176,24,2,4,2
176,24,6,[NULL],9945
176,24,0,[NULL],9993
176,24,4,[NULL],9994
176,24,5,[NULL],9997
176,24,3,[NULL],9997
176,24,1,[NULL],9998
177,23,1,2,2
177,23,5,[NULL],9997
177,23,4,[NULL],9997
177,23,2,[NULL],9997
177,23,0,[NULL],9997
177,23,3,[NULL],9998
178,22,3,9,3
178,22,6,8,3
178,22,1,[NULL],9000
178,22,7,[NULL],9000
178,22,2,[NULL],9997
178,22,5,[NULL],9997
178,22,0,[NULL],9997
178,22,4,[NULL],9997
179,21,2,3,2
179,21,5,7,2
179,21,4,13,3
179,21,8,20,3
179,21,6,[NULL],9994
179,21,7,[NULL],9997
179,21,0,[NULL],9998
179,21,1,[NULL],9998
179,21,3,[NULL],9998
180,20,11,17,3
180,20,9,14,3
180,20,10,[NULL],9997
180,20,5,[NULL],9997
180,20,4,[NULL],9997
180,20,0,[NULL],9998
180,20,1,[NULL],9998
180,20,2,[NULL],9998
180,20,3,[NULL],9998
180,20,6,[NULL],9998
180,20,7,[NULL],9998
180,20,8,[NULL],9998
181,19,8,11,3
181,19,6,[NULL],9994
181,19,7,[NULL],9996
181,19,11,[NULL],9996
181,19,9,[NULL],9997
181,19,10,[NULL],9997
181,19,0,[NULL],9998
181,19,1,[NULL],9998
181,19,2,[NULL],9998
181,19,3,[NULL],9998
181,19,4,[NULL],9998
181,19,5,[NULL],9998
182,18,7,[NULL],9993
182,18,8,[NULL],9994
182,18,6,[NULL],9997
182,18,0,[NULL],9998
182,18,1,[NULL],9998
182,18,2,[NULL],9998
182,18,3,[NULL],9998
182,18,4,[NULL],9998
182,18,5,[NULL],9998
183,17,9,5,2
183,17,10,[NULL],9997
183,17,0,[NULL],9998
183,17,1,[NULL],9998
183,17,2,[NULL],9998
183,17,3,[NULL],9998
183,17,4,[NULL],9998
183,17,5,[NULL],9998
183,17,6,[NULL],9998
183,17,7,[NULL],9998
183,17,8,[NULL],9998
184,16,7,8,2
184,16,8,12,2
184,16,6,[NULL],2
184,16,10,4,3
184,16,0,[NULL],9998
184,16,1,[NULL],9998
184,16,2,[NULL],9998
184,16,3,[NULL],9998
184,16,4,[NULL],9998
184,16,5,[NULL],9998
184,16,9,[NULL],9998
185,15,"3,10",9,2
185,15,4,10,2
185,15,8,[NULL],3
185,15,0,[NULL],9998
185,15,1,[NULL],9998
185,15,2,[NULL],9998
185,15,10,[NULL],9998
185,15,5,[NULL],9998
185,15,6,[NULL],9998
185,15,7,[NULL],9998
185,15,9,[NULL],9998
186,14,5,10,2
186,14,8,13,2
186,14,7,[NULL],9996
186,14,12,[NULL],9997
186,14,6,[NULL],9997
186,14,0,[NULL],9998
186,14,1,[NULL],9998
186,14,2,[NULL],9998
186,14,3,[NULL],9998
186,14,4,[NULL],9998
186,14,9,[NULL],9998
186,14,10,[NULL],9998
186,14,11,[NULL],9998
186,14,13,[NULL],9998
186,14,14,[NULL],9998
187,13,6,11,2
187,13,16,17,2
187,13,"12,17","12,13",2
187,13,11,[NULL],9994
187,13,18,[NULL],9997
187,13,14,[NULL],9997
187,13,15,[NULL],9997
187,13,"13,17",[NULL],9997
187,13,8,[NULL],9997
187,13,0,[NULL],9998
187,13,1,[NULL],9998
187,13,2,[NULL],9998
187,13,3,[NULL],9998
187,13,4,[NULL],9998
187,13,5,[NULL],9998
187,13,7,[NULL],9998
187,13,9,[NULL],9998
187,13,10,[NULL],9998
187,13,17,[NULL],9998
188,12,13,15,2
188,12,14,[NULL],9996
188,12,17,[NULL],9997
188,12,0,[NULL],9998
188,12,1,[NULL],9998
188,12,2,[NULL],9998
188,12,3,[NULL],9998
188,12,4,[NULL],9998
188,12,5,[NULL],9998
188,12,6,[NULL],9998
188,12,7,[NULL],9998
188,12,8,[NULL],9998
188,12,9,[NULL],9998
188,12,10,[NULL],9998
188,12,11,[NULL],9998
188,12,12,[NULL],9998
188,12,15,[NULL],9998
188,12,16,[NULL],9998
189,11,9,[NULL],9995
189,11,7,[NULL],9997
189,11,10,[NULL],9997
189,11,6,[NULL],9997
189,11,5,[NULL],9997
189,11,0,[NULL],9998
189,11,1,[NULL],9998
189,11,2,[NULL],9998
189,11,3,[NULL],9998
189,11,4,[NULL],9998
189,11,8,[NULL],9998
190,10,6,[NULL],9991
190,10,5,[NULL],9997
190,10,0,[NULL],9998
190,10,1,[NULL],9998
190,10,2,[NULL],9998
190,10,3,[NULL],9998
190,10,4,[NULL],9998
190,10,7,[NULL],9998
191,9,4,1,2
191,9,8,3,2
191,9,7,[NULL],9997
191,9,5,[NULL],9997
191,9,6,[NULL],9997
191,9,0,[NULL],9998
191,9,1,[NULL],9998
191,9,2,[NULL],9998
191,9,3,[NULL],9998
192,8,8,[NULL],9992
192,8,6,[NULL],9997
192,8,0,[NULL],9998
192,8,1,[NULL],9998
192,8,2,[NULL],9998
192,8,3,[NULL],9998
192,8,4,[NULL],9998
192,8,5,[NULL],9998
192,8,7,[NULL],9998
193,7,3,2,2
193,7,"6,7",5,2
193,7,5,4,2
193,7,7,[NULL],9995
193,7,8,[NULL],9997
193,7,0,[NULL],9998
193,7,1,[NULL],9998
193,7,2,[NULL],9998
193,7,4,[NULL],9998
194,6,5,[NULL],9996
194,6,4,[NULL],9996
194,6,0,[NULL],9997
194,6,1,[NULL],9997
194,6,2,[NULL],9998
194,6,3,[NULL],9998
195,5,3,[NULL],9997
195,5,4,[NULL],9997
195,5,1,[NULL],9997
195,5,"0,2",[NULL],9997
195,5,2,[NULL],9997
196,4,3,[NULL],9996
196,4,2,[NULL],9997
196,4,1,[NULL],9997
196,4,0,[NULL],9998
197,3,0,[NULL],9997
