index,mon,stem,s,d2
0,0,1,0,""
0,"1,1,0",2,1,""
0,1,3,0,""
0,"0,1,1",3,1,""
0,"1,2,0",3,2,""
0,"2,1,0",4,1,""
0,"2,1,1",6,1,""
0,2,7,0,""
0,"0,1,2",7,1,""
0,"0,2,2",7,2,""
1,"2,2,0",7,2,""
0,3,8,1,""
1,"1,1,2",8,1,""
2,"3,1,0",8,1,""
0,"0,3,2",7,3,""
0,4,8,2,""
0,"1,2,2",9,2,""
1,"2,2,1",9,2,""
2,"1,1,3,1,0",9,2,""
0,"2,1,2",10,1,""
1,"3,1,1",10,1,""
0,"4,1,0",9,3,""
0,"0,1,2,1,2",10,2,""
1,"0,1,3,1,1",10,2,""
0,5,9,4,""
0,"0,2,2,1,2",10,3,""
1,"1,2,3,1,0",10,3,""
0,"2,1,3",11,2,""
0,"5,1,0",10,5,""
0,6,11,4,""
0,"2,2,2",13,2,""
0,"3,1,2",14,1,""
0,"0,1,6",11,5,""
0,"0,1,3,1,2",14,2,""
0,"1,1,5,1,0",11,6,""
0,7,14,3,""
1,"0,2,3,1,2",14,3,""
0,"1,1,3,1,2",15,2,""
1,"3,2,0",15,2,""
0,"7,1,0",16,1,""
0,"0,1,7",14,4,""
0,"4,1,2",15,3,""
0,"6,1,1",14,5,""
0,8,15,4,""
1,"8,1,0",15,4,""
0,9,16,3,""
1,"1,2,3,1,2",16,3,""
0,"3,2,1",17,2,""
1,"1,1,7,1,0",17,2,""
0,"7,1,1",18,1,""
0,"0,1,8",15,5,""
0,"1,1,4,1,2",16,4,""
0,10,17,3,1
0,"0,1,7,1,1",18,2,""
0,"0,2,8",15,6,""
0,"5,1,2",16,5,""
1,"1,1,8,1,0",16,5,""
0,"8,1,1",17,4,""
0,11,18,3,0
1,"1,2,7,1,0",18,3,""
0,12,19,2,""
1,"2,1,7,1,0",19,2,""
0,"0,3,8",15,7,""
0,13,16,6,""
0,"0,1,8,1,1",17,5,""
0,"9,1,0",18,4,1
0,"1,1,5,1,2",17,6,""
1,"1,2,8,1,0",17,6,""
0,"6,1,2",18,5,""
0,"10,1,0",19,4,""
0,14,20,3,""
1,"11,1,0",20,3,""
0,"3,2,2",21,2,""
1,"2,1,7,1,1",21,2,""
0,"7,1,2",22,1,""
0,"12,1,0",17,7,""
0,"0,1,6,1,2",18,6,""
0,"9,1,1",20,4,""
0,15,21,3,""
0,"0,1,7,1,2",22,2,""
0,16,17,8,""
0,"0,2,6,1,2",18,7,""
0,"0,1,9,1,1",20,5,""
0,"8,1,2",21,4,""
1,"10,1,1",21,4,""
2,"13,1,0",21,4,""
0,17,22,3,0
1,"0,2,7,1,2",22,3,""
2,"11,1,1",22,3,""
3,"2,2,7,1,0",22,3,""
0,"7,1,3",23,2,""
1,"1,1,7,1,2",23,2,""
0,"0,1,8,1,2",21,5,""
0,"0,1,17",22,4,0
1,"0,3,7,1,2",22,4,""
0,18,23,3,""
1,"7,1,4",23,3,""
0,"14,1,0",18,9,""
0,19,19,8,""
0,"0,2,8,1,2",21,6,""
0,"3,1,8",22,5,""
1,"1,1,8,1,2",22,5,""
2,"1,1,13,1,0",22,5,""
0,"2,1,14",23,4,""
1,"13,1,1",23,4,""
2,"2,1,11,1,0",23,4,""
0,20,24,3,""
1,"1,2,7,1,2",24,3,""
2,"2,2,7,1,1",24,3,""
0,"2,1,7,1,2",25,2,""
0,"0,1,19",19,9,""
0,"8,1,4",22,6,""
0,"0,1,13,1,1",23,5,""
0,"3,1,10",24,4,""
1,"9,1,2",24,4,0
2,"4,1,7,1,0",24,4,""
0,21,25,3,""
1,"0,1,2,1,7,1,2",25,3,""
0,"1,1,14,1,0",19,10,""
0,22,22,7,""
0,"1,2,8,1,2",23,6,""
0,"0,1,9,1,2",24,5,""
1,"2,1,13,1,0",24,5,""
0,"10,1,2",25,4,0
1,"0,2,2,1,7,1,2",25,4,""
2,"2,1,11,1,1",25,4,""
0,"2,1,7,1,3",26,3,""
1,"11,1,2",26,3,""
0,"0,1,22",22,8,""
0,"12,1,2",23,7,""
0,"0,2,9,1,2",24,6,""
0,"0,1,10,1,2",25,5,0
0,"15,1,1",22,9,""
0,23,23,8,""
1,"16,1,0",23,8,""
0,"17,1,0",24,7,""
0,"10,1,3",26,5,""
1,"2,1,13,1,1",26,5,""
0,"11,1,3",27,4,""
1,"13,1,2",27,4,""
0,"2,2,7,1,2",28,3,""
0,"0,1,23",23,9,""
0,"1,1,12,1,2",24,8,""
0,24,25,7,1
0,25,26,6,0
0,"0,1,13,1,2",27,5,""
0,"2,1,21",28,4,""
0,26,29,3,""
0,"0,2,23",23,10,""
0,"14,1,2",24,9,""
1,"1,1,16,1,0",24,9,""
0,"16,1,1",25,8,""
0,"17,1,1",26,7,0
0,"0,2,13,1,2",27,6,""
0,"13,1,3",28,5,""
1,"1,1,13,1,2",28,5,""
0,"7,1,7",29,4,""
1,"2,1,11,1,2",29,4,""
0,"7,2,0",31,2,""
0,"18,1,0",32,1,""
0,"0,3,23",23,11,""
0,27,24,10,""
0,"0,1,16,1,1",25,9,""
0,"19,1,0",26,8,1
0,"0,1,7,1,7",29,5,""
0,28,30,4,1
1,"4,1,7,1,2",30,4,""
0,"1,1,14,1,2",25,10,""
1,"1,2,16,1,0",25,10,""
0,"15,1,2",26,9,""
0,"8,1,7",28,7,""
0,29,29,6,0
1,"2,2,13,1,1",29,6,""
0,"2,1,13,1,2",30,5,""
0,"1,1,7,2,0",32,3,""
0,"7,2,1",33,2,""
1,"1,1,18,1,0",33,2,""
0,"18,1,1",34,1,0
0,"21,1,0",25,11,""
0,"0,1,15,1,2",26,10,""
0,"19,1,1",28,8,""
0,"20,1,1",29,7,0
0,"0,1,2,1,13,1,2",30,6,""
0,"1,1,4,1,7,1,2",31,5,""
0,"0,1,7,2,1",33,3,""
0,"0,1,18,1,1",34,2,""
0,30,25,12,""
0,"0,2,15,1,2",26,11,""
0,"0,1,19,1,1",28,9,""
0,"16,1,2",29,8,""
1,"8,2,0",29,8,""
0,"17,1,2",30,7,0
0,"23,1,0",31,6,""
0,31,32,5,""
1,"24,1,0",32,5,""
0,"25,1,0",33,4,""
0,"1,2,18,1,0",34,3,""
0,"2,1,18,1,0",35,2,""
0,"0,1,16,1,2",29,9,""
0,"0,1,17,1,2",30,8,0
0,"9,1,7",31,7,""
0,32,32,6,0
0,"2,1,28",33,5,""
0,33,34,4,""
0,"27,1,0",26,13,""
0,34,27,12,""
0,"0,2,16,1,2",29,10,""
0,"1,1,16,1,2",30,9,""
1,"0,2,17,1,2",30,9,""
0,"8,2,1",31,8,""
0,"22,1,1",32,7,0
0,"2,2,13,1,2",33,6,""
1,"23,1,1",33,6,""
2,"28,1,0",33,6,""
0,35,34,5,""
1,"24,1,1",34,5,""
0,"25,1,1",35,4,""
0,36,36,3,""
0,"7,2,2",37,2,""
1,"2,1,18,1,1",37,2,""
0,"18,1,2",38,1,0
0,"0,1,34",27,13,""
0,"0,3,17,1,2",30,10,""
0,"0,1,8,2,1",31,9,""
0,"19,1,2",32,8,0
1,"8,1,9,1,0",32,8,""
0,"20,1,2",33,7,0
0,"0,1,35",34,6,""
0,37,35,5,""
0,"26,1,1",36,4,""
0,"0,1,7,2,2",37,3,""
0,"0,1,18,1,2",38,2,""
0,"1,1,27,1,0",27,14,""
0,38,30,11,""
0,"1,2,16,1,2",31,10,""
0,"0,1,19,1,2",32,9,""
0,"0,1,20,1,2",33,8,0
0,"13,1,7",34,7,""
1,"1,1,28,1,0",34,7,""
0,39,35,6,0
1,"2,1,24,1,0",35,6,""
0,40,36,5,""
1,"2,1,25,1,0",36,5,""
0,41,37,4,""
0,"1,1,7,2,2",38,3,""
1,"0,2,18,1,2",38,3,""
2,"2,2,18,1,0",38,3,""
0,"18,1,3",39,2,""
1,"1,1,18,1,2",39,2,""
2,"3,1,18,1,0",39,2,""
0,"0,1,38",30,12,""
0,"21,1,2",31,11,""
0,"0,2,19,1,2",32,10,""
0,"0,2,20,1,2",33,9,0
0,"8,1,9,1,1",34,8,""
0,"29,1,1",35,7,0
0,"2,2,28",36,6,""
0,42,37,5,""
1,"2,1,33",37,5,""
2,"3,1,28",37,5,""
0,43,38,4,""
1,"0,3,18,1,2",38,4,""
0,"18,1,4",39,3,""
0,"30,1,1",30,13,""
0,44,31,12,""
1,"31,1,0",31,12,""
0,"0,3,19,1,2",32,11,""
0,"0,1,8,1,9,1,1",34,9,""
0,"8,2,2",35,8,""
1,"8,1,13,1,0",35,8,""
0,"22,1,2",36,7,0
1,"32,1,0",36,7,""
0,"23,1,2",37,6,""
1,"2,1,24,1,1",37,6,""
2,"33,1,0",37,6,""
0,45,38,5,1
1,"24,1,2",38,5,""
2,"2,1,25,1,1",38,5,""
3,"34,1,0",38,5,""
0,"25,1,2",39,4,""
1,"35,1,0",39,4,""
0,"1,2,18,1,2",40,3,""
1,"2,2,18,1,1",40,3,""
2,"1,1,3,1,18,1,0",40,3,""
0,"2,1,18,1,2",41,2,""
1,"3,1,18,1,1",41,2,""
0,"0,1,44",31,13,""
0,"1,1,21,1,2",32,12,""
0,46,33,11,1
0,47,34,10,0
0,"0,1,8,2,2",35,9,""
0,"0,1,22,1,2",36,8,0
0,"13,1,10",37,7,""
1,"0,1,23,1,2",37,7,""
0,"0,1,45",38,6,0
1,"2,1,37",38,6,""
0,"1,1,43",39,5,""
0,48,40,4,4
1,"26,1,2",40,4,""
2,"4,1,18,1,0",40,4,""
0,"0,1,2,1,18,1,2",41,3,""
1,"0,1,3,1,18,1,1",41,3,""
0,"0,2,44",31,14,""
0,"27,1,2",32,13,""
1,"1,1,31,1,0",32,13,""
0,"31,1,1",33,12,""
0,"17,1,6",34,11,0
0,"0,2,8,2,2",35,10,""
0,"0,2,22,1,2",36,9,""
0,"8,1,13,1,1",37,8,""
0,"23,1,3",38,7,""
1,"32,1,1",38,7,0
2,"1,1,33,1,0",38,7,""
0,"24,1,3",39,6,""
1,"28,1,2",39,6,""
2,"33,1,1",39,6,""
3,"36,1,0",39,6,""
4,"1,1,34,1,0",39,6,""
0,"18,1,5",40,5,""
1,"25,1,3",40,5,""
2,"34,1,1",40,5,""
3,"1,1,35,1,0",40,5,""
0,"0,2,2,1,18,1,2",41,4,""
1,"35,1,1",41,4,""
2,"37,1,0",41,4,""
3,"1,2,3,1,18,1,0",41,4,""
0,"2,1,18,1,3",42,3,""
1,"38,1,0",42,3,""
0,"0,3,44",31,15,""
0,49,32,14,""
0,"0,1,31,1,1",33,13,""
0,"39,1,0",34,12,1
0,"0,1,8,1,13,1,1",37,9,""
0,"8,1,9,1,2",38,8,""
1,"9,1,13,1,0",38,8,""
0,"29,1,2",39,7,0
0,"2,1,42",40,6,""
0,"2,1,43",41,5,""
0,"1,1,27,1,2",33,14,""
1,"1,2,31,1,0",33,14,""
0,"30,1,2",34,13,""
0,"16,1,7",36,11,""
0,"17,1,7",37,10,0
0,"0,1,8,1,9,1,2",38,9,""
0,50,39,8,0
1,"0,1,29,1,2",39,8,0
0,"13,1,14",40,7,""
1,"1,1,28,1,2",40,7,""
2,"1,1,36,1,0",40,7,""
0,"2,1,24,1,2",41,6,""
1,"36,1,1",41,6,""
2,"5,1,18,1,0",41,6,""
0,"18,1,6",42,5,""
1,"2,1,25,1,2",42,5,""
0,"37,1,1",43,4,""
0,"2,2,18,1,2",44,3,""
1,"38,1,1",44,3,""
0,"3,1,18,1,2",45,2,""
0,"41,1,0",33,15,""
0,"0,1,30,1,2",34,14,""
0,"39,1,1",36,12,""
0,"40,1,1",37,11,0
0,"0,2,8,1,9,1,2",38,10,""
0,"0,2,29,1,2",39,9,""
0,"0,1,36,1,1",41,7,""
0,51,42,6,""
1,"0,1,18,1,6",42,6,""
0,"0,1,3,1,18,1,2",45,3,""
0,52,33,16,""
0,"0,2,30,1,2",34,15,""
0,"0,1,39,1,1",36,13,""
0,"31,1,2",37,12,""
1,"8,1,16,1,0",37,12,""
0,"17,1,8",38,11,0
0,"42,1,0",40,9,""
0,"8,1,13,1,2",41,8,""
1,"13,2,0",41,8,""
0,"2,1,24,1,3",42,7,""
1,"32,1,2",42,7,1
2,"1,1,5,1,18,1,0",42,7,""
0,"2,1,25,1,3",43,6,""
1,"33,1,2",43,6,""
0,"3,1,41",44,5,""
1,"34,1,2",44,5,""
0,53,45,4,0
1,"18,1,7",45,4,""
2,"35,1,2",45,4,""
3,"0,2,3,1,18,1,2",45,4,""
4,"43,1,0",45,4,""
0,54,46,3,""
1,"1,1,3,1,18,1,2",46,3,""
2,"3,2,18,1,0",46,3,""
0,"0,1,31,1,2",37,13,""
0,"0,1,17,1,8",38,12,0
0,"19,1,7",39,11,""
0,"20,1,7",40,10,0
0,55,41,9,""
1,"0,1,8,1,13,1,2",41,9,""
0,56,42,8,1
1,"0,1,32,1,2",42,8,0
0,"13,1,18",43,7,""
0,"3,2,28",44,6,""
1,"0,1,34,1,2",44,6,""
0,"3,1,43",45,5,""
1,"0,1,18,1,7",45,5,""
0,"4,1,18,1,2",46,4,""
0,"44,1,0",34,17,""
0,57,35,16,""
0,"0,2,31,1,2",37,14,""
0,"0,2,17,1,8",38,13,""
1,"1,1,31,1,2",38,13,""
0,"8,1,16,1,1",39,12,""
0,"8,1,17,1,1",40,11,0
0,"0,2,8,1,13,1,2",41,10,""
1,"1,1,42,1,0",41,10,""
0,"0,2,32,1,2",42,9,""
0,"13,2,1",43,8,""
0,"33,1,3",44,7,""
1,"1,1,33,1,2",44,7,""
0,"36,1,2",45,6,""
1,"1,1,34,1,2",45,6,""
2,"6,1,18,1,1",45,6,""
0,"18,1,8",46,5,""
1,"1,1,35,1,2",46,5,""
2,"8,1,18,1,0",46,5,""
3,"1,1,43,1,0",46,5,""
0,"18,1,9",47,4,""
1,"37,1,2",47,4,""
2,"1,2,3,1,18,1,2",47,4,""
3,"43,1,1",47,4,""
0,"38,1,2",48,3,1
1,"3,2,18,1,1",48,3,""
0,"0,1,57",35,17,""
0,"31,1,4",38,14,""
0,"0,1,8,1,16,1,1",39,13,""
0,"39,1,2",40,12,0
1,"8,1,19,1,0",40,12,""
0,"40,1,2",41,11,0
0,"9,1,13,1,2",44,8,""
0,58,45,7,""
1,"0,1,36,1,2",45,7,""
0,60,46,6,""
1,59,46,6,""
2,"0,1,18,1,8",46,6,""
0,"1,1,4,1,18,1,2",47,5,""
1,"0,1,37,1,2",47,5,""
2,"0,1,43,1,1",47,5,""
0,"18,1,10",48,4,1
0,"1,1,44,1,0",35,18,""
0,61,38,15,""
0,"1,2,31,1,2",39,14,""
0,"0,1,39,1,2",40,13,""
0,"0,1,40,1,2",41,12,0
0,"8,2,7",42,11,""
0,"22,1,7",43,10,0
0,"23,1,7",44,9,""
0,62,45,8,""
0,"0,2,18,1,8",46,7,""
1,"1,1,36,1,2",46,7,""
0,"5,1,18,1,2",47,6,""
1,"1,1,8,1,18,1,0",47,6,""
0,"8,1,18,1,1",48,5,""
1,"2,1,43,1,0",48,5,""
0,"18,1,11",49,4,2
1,"3,1,38,1,0",49,4,""
0,"18,1,12",50,3,""
0,"0,1,61",38,16,""
0,"41,1,2",39,15,""
0,"0,2,39,1,2",40,14,""
0,"0,2,40,1,2",41,13,0
0,"8,1,19,1,1",42,12,""
0,"8,1,20,1,1",43,11,0
0,"0,3,18,1,8",46,8,""
0,63,47,7,""
1,"18,1,13",47,7,""
2,"48,1,0",47,7,""
0,65,48,6,""
1,64,48,6,""
2,"0,1,8,1,18,1,1",48,6,""
0,67,49,5,""
1,66,49,5,2
2,"9,1,18,1,0",49,5,2
0,68,50,4,0
0,"47,1,1",38,17,""
0,69,39,16,""
1,"49,1,0",39,16,""
0,"50,1,0",40,15,""
0,"0,1,8,1,19,1,1",42,13,""
0,"8,1,16,1,2",43,12,""
1,"8,3,0",43,12,""
0,"8,1,17,1,2",44,11,0
0,"23,1,8",45,10,""
0,70,46,9,0
1,"42,1,2",46,9,""
2,"51,1,0",46,9,""
0,"13,2,2",47,8,""
1,"52,1,0",47,8,""
0,"0,1,64",48,7,""
1,"1,1,5,1,18,1,2",48,7,""
2,"1,2,8,1,18,1,0",48,7,""
0,"0,1,66",49,6,""
1,"6,1,18,1,2",49,6,""
0,71,50,5,""
1,"2,1,43,1,1",50,5,""
2,"10,1,18,1,0",50,5,""
0,"18,1,14",51,4,""
1,"43,1,2",51,4,""
2,"3,1,38,1,1",51,4,""
3,"11,1,18,1,0",51,4,""
0,"3,2,18,1,2",52,3,""
0,"0,1,69",39,17,""
0,"1,1,41,1,2",40,16,""
0,72,41,15,1
0,73,42,14,0
0,"0,1,8,1,16,1,2",43,13,""
0,"0,1,8,1,17,1,2",44,12,0
0,"0,1,23,1,8",45,11,""
1,"8,1,9,1,7",45,11,""
0,"0,1,70",46,10,0
1,"29,1,7",46,10,0
0,"23,1,10",47,9,""
0,"10,1,28",48,8,""
1,"12,1,18,1,0",48,8,""
2,"1,1,48,1,0",48,8,""
0,"0,1,6,1,18,1,2",49,7,""
1,"53,1,0",49,7,""
0,"0,1,43,1,2",51,5,""
1,"9,1,18,1,1",51,5,""
0,74,52,4,0
1,"18,1,15",52,4,""
0,"0,2,69",39,18,""
0,"44,1,2",40,17,""
1,"1,1,49,1,0",40,17,""
0,"49,1,1",41,16,""
0,"50,1,1",42,15,0
0,"0,2,8,1,16,1,2",43,14,""
0,"0,2,8,1,17,1,2",44,13,""
0,"8,3,1",45,12,""
0,"8,1,22,1,1",46,11,0
0,"1,1,42,1,2",47,10,""
0,"51,1,1",48,9,""
0,"0,2,6,1,18,1,2",49,8,""
1,"52,1,1",49,8,""
0,75,50,7,""
0,"0,2,43,1,2",51,6,""
1,"0,1,9,1,18,1,1",51,6,""
2,"54,1,0",51,6,""
0,"43,1,3",52,5,""
1,"8,1,18,1,2",52,5,""
2,"1,1,43,1,2",52,5,""
3,"10,1,18,1,1",52,5,""
4,"3,1,43,1,0",52,5,""
0,"3,1,54",53,4,""
1,"18,1,17",53,4,2
2,"11,1,18,1,1",53,4,""
0,"0,3,69",39,19,""
0,76,40,18,""
0,"0,1,49,1,1",41,17,""
0,"55,1,0",42,16,1
0,"0,1,8,3,1",45,13,""
0,"8,1,19,1,2",46,12,""
1,"8,2,9,1,0",46,12,""
0,"8,1,20,1,2",47,11,0
0,"45,1,2",48,10,""
0,"46,1,2",49,9,1
0,"13,1,28",50,8,""
0,77,51,7,""
1,"53,1,1",51,7,""
0,78,52,6,""
1,"2,1,66",52,6,""
2,"0,1,8,1,18,1,2",52,6,""
0,79,53,5,""
1,"0,1,18,1,17",53,5,2
2,"57,1,0",53,5,""
0,80,54,4,0
1,"18,1,18",54,4,""
0,"1,1,44,1,2",41,18,""
1,"1,2,49,1,0",41,18,""
0,"47,1,2",42,17,""
0,"31,1,7",44,15,""
0,"17,1,22",45,14,0
0,"0,1,8,1,19,1,2",46,13,""
0,81,47,12,0
1,"0,1,8,1,20,1,2",47,12,0
0,"8,1,13,1,7",48,11,""
1,"0,1,45,1,2",48,11,""
0,"32,1,7",49,10,""
0,"23,1,14",50,9,""
0,"24,1,14",51,8,""
0,"0,1,78",52,7,""
1,"25,1,14",52,7,""
2,"0,2,8,1,18,1,2",52,7,""
0,"0,1,79",53,6,""
1,"3,1,18,1,8",53,6,""
2,"1,1,8,1,18,1,2",53,6,""
3,"54,1,1",53,6,""
4,"1,1,3,1,43,1,0",53,6,""
0,82,54,5,2
1,"2,1,18,1,14",54,5,""
2,"2,1,43,1,2",54,5,""
3,"3,1,43,1,1",54,5,""
4,"2,1,11,1,18,1,0",54,5,""
0,"18,1,20",55,4,""
1,"3,1,38,1,2",55,4,""
0,"58,1,0",41,19,""
0,"0,1,47,1,2",42,18,""
0,"55,1,1",44,16,""
0,"56,1,1",45,15,0
0,"0,2,8,1,19,1,2",46,14,""
0,"0,2,8,1,20,1,2",47,13,""
0,83,52,8,""
1,"0,2,78",52,8,""
2,"2,1,53,1,0",52,8,""
0,85,53,7,""
1,84,53,7,1
2,"8,1,18,1,4",53,7,""
3,"48,1,2",53,7,""
0,"1,1,79",54,6,""
1,"0,1,3,1,43,1,1",54,6,""
0,"3,1,18,1,10",55,5,""
1,"9,1,18,1,2",55,5,1
2,"57,1,1",55,5,""
0,86,56,4,0
1,"18,1,21",56,4,""
0,87,41,20,""
0,"0,2,47,1,2",42,19,""
0,"0,1,55,1,1",44,17,""
0,"49,1,2",45,16,""
1,"8,1,31,1,0",45,16,""
0,"50,1,2",46,15,0
0,"59,1,0",48,13,""
0,"8,3,2",49,12,""
0,"8,1,22,1,2",50,11,1
0,"8,1,23,1,2",51,10,""
1,"13,1,23,1,0",51,10,""
0,88,52,9,""
1,"34,1,8",52,9,""
2,"51,1,2",52,9,""
3,"13,1,24,1,0",52,9,""
0,"0,1,84",53,8,""
1,"18,1,22",53,8,""
2,"52,1,2",53,8,""
3,"13,1,25,1,0",53,8,""
0,89,54,7,""
1,"1,2,8,1,18,1,2",54,7,""
2,"2,1,54,1,0",54,7,""
0,91,55,6,""
1,90,55,6,""
2,"0,1,9,1,18,1,2",55,6,""
3,"61,1,0",55,6,""
0,"0,1,86",56,5,"0,2"
1,"10,1,18,1,2",56,5,2
2,"2,1,11,1,18,1,1",56,5,""
0,"11,1,18,1,2",57,4,""
0,"0,1,49,1,2",45,17,""
0,"0,1,50,1,2",46,16,0
0,"39,1,7",47,15,""
0,"40,1,7",48,14,0
0,"17,1,25",49,13,""
1,"0,1,8,3,2",49,13,""
0,92,50,12,1
1,"0,1,8,1,22,1,2",50,12,"0,1"
0,"9,1,13,1,7",51,11,""
0,"32,1,10",52,10,""
0,"0,1,18,1,22",53,9,""
0,"13,1,33",54,8,""
1,"12,1,18,1,2",54,8,""
2,"1,1,48,1,2",54,8,""
0,"35,1,10",55,7,""
1,"53,1,2",55,7,""
2,"0,2,9,1,18,1,2",55,7,""
0,"2,1,79",56,6,""
1,"3,1,67",56,6,""
2,"0,1,10,1,18,1,2",56,6,""
0,"2,1,80",57,5,0
0,"62,1,0",42,21,""
0,93,43,20,""
0,"0,2,49,1,2",45,18,""
0,"1,1,49,1,2",46,17,""
1,"0,2,50,1,2",46,17,""
0,"8,1,31,1,1",47,16,""
0,"16,1,17,1,1",48,15,0
0,"17,2,1",49,14,""
1,"1,1,59,1,0",49,14,""
0,"59,1,1",50,13,""
0,"13,1,23,1,1",53,10,""
0,"13,1,24,1,1",54,9,""
1,"16,1,18,1,0",54,9,""
0,"0,1,53,1,2",55,8,""
1,"13,1,25,1,1",55,8,""
0,"2,1,54,1,1",56,7,""
0,"10,1,18,1,3",57,6,""
1,"54,1,2",57,6,""
0,"11,1,18,1,3",58,5,""
1,"3,1,43,1,2",58,5,""
0,"0,1,93",43,21,""
0,"0,3,50,1,2",46,18,""
0,"0,1,8,1,31,1,1",47,17,""
0,"55,1,2",48,16,0
1,"8,1,39,1,0",48,16,""
0,"56,1,2",49,15,0
0,"8,2,9,1,2",52,12,""
0,"8,1,29,1,2",53,11,""
0,"9,1,23,1,2",54,10,""
1,"64,1,0",54,10,""
0,"13,1,37",55,9,""
1,"1,1,12,1,18,1,2",55,9,""
2,"0,2,53,1,2",55,9,""
0,"18,1,24",56,8,""
1,"53,1,3",56,8,""
0,"18,1,25",57,7,""
0,"0,1,3,1,43,1,2",58,6,""
0,"2,1,18,1,21",59,5,""
1,"57,1,2",59,5,""
0,"1,1,62,1,0",43,22,""
0,94,46,19,""
0,"1,2,49,1,2",47,18,""
0,"0,1,55,1,2",48,17,""
0,"0,1,56,1,2",49,16,0
0,"8,1,16,1,7",50,15,""
0,"8,1,17,1,7",51,14,0
0,"23,1,22",52,13,""
0,"42,1,7",53,12,""
0,"13,2,7",54,11,""
0,"32,1,14",55,10,""
1,"66,1,0",55,10,""
0,96,56,9,0
1,95,56,9,0
2,"33,1,14",56,9,""
0,"13,1,41",57,8,""
1,"17,1,18,1,1",57,8,""
0,"54,1,3",58,7,""
1,"67,1,0",58,7,""
0,"1,1,3,1,43,1,2",59,6,""
0,"2,1,11,1,18,1,2",60,5,""
0,"18,2,0",63,2,""
0,"69,1,0",64,1,""
0,"0,1,94",46,20,""
0,"58,1,2",47,19,""
0,"0,2,55,1,2",48,18,""
0,"0,2,56,1,2",49,17,0
0,"8,1,39,1,1",50,16,""
0,"8,1,40,1,1",51,15,0
0,"1,1,64,1,0",55,11,""
0,"64,1,1",56,10,""
0,"13,1,42",57,9,""
1,"18,1,19,1,0",57,9,""
0,"13,1,43",58,8,""
1,"2,1,53,1,2",58,8,""
0,"2,2,79",59,7,""
1,"3,1,78",59,7,""
0,97,60,6,0
1,"3,1,79",60,6,""
0,"18,1,28",61,5,""
0,"70,1,0",62,4,""
0,"65,1,1",46,21,""
0,98,47,20,""
1,"71,1,0",47,20,""
0,"0,3,55,1,2",48,19,""
0,"0,1,8,1,39,1,1",50,17,""
0,"8,1,31,1,2",51,16,""
1,"8,2,16,1,0",51,16,""
0,"16,1,17,1,2",52,15,0
0,"17,2,2",53,14,""
0,"60,1,2",54,13,1
1,"59,1,2",54,13,1
0,"8,2,13,1,2",55,12,""
0,"8,1,32,1,2",56,11,""
1,"0,1,64,1,1",56,11,""
2,"13,1,32,1,0",56,11,""
0,"13,1,23,1,2",57,10,""
1,"66,1,1",57,10,1
2,"72,1,0",57,10,1
3,"13,1,33,1,0",57,10,""
0,99,58,9,""
1,"13,1,24,1,2",58,9,""
0,"8,1,18,1,7",59,8,""
1,"13,1,25,1,2",59,8,""
0,"18,1,29",60,7,1
1,"2,1,54,1,2",60,7,""
2,"67,1,1",60,7,""
0,"61,1,2",61,6,""
1,"68,1,1",61,6,1
0,100,63,4,1
0,"1,1,18,2,0",64,3,""
0,"18,2,1",65,2,""
1,"1,1,69,1,0",65,2,""
0,"69,1,1",66,1,0
0,"0,1,98",47,21,""
0,"1,1,58,1,2",48,20,""
0,101,49,19,1
0,102,50,18,0
0,"0,1,8,1,31,1,2",51,17,""
0,"0,1,16,1,17,1,2",52,16,0
0,"8,1,19,1,7",53,15,""
1,"0,1,17,2,2",53,15,""
0,"8,1,20,1,7",54,14,0
1,"0,1,59,1,2",54,14,0
0,"45,1,7",55,13,""
0,"46,1,7",56,12,""
1,"1,2,64,1,0",56,12,""
0,"13,2,10",57,11,""
0,"0,1,99",58,10,""
0,103,59,9,""
1,"18,1,19,1,1",59,9,""
0,"18,1,20,1,1",60,8,""
1,"0,1,67,1,1",60,8,""
0,104,61,7,""
1,"73,1,0",61,7,""
0,"75,1,0",62,6,""
1,"74,1,0",62,6,""
0,"76,1,0",63,5,""
1,"1,1,70,1,0",63,5,""
0,"70,1,1",64,4,""
0,"0,1,18,2,1",65,3,""
0,"0,1,69,1,1",66,2,0
0,"0,2,98",47,22,""
0,"62,1,2",48,21,""
1,"1,1,71,1,0",48,21,""
0,"71,1,1",49,20,""
0,"50,1,6",50,19,0
0,"0,2,8,1,31,1,2",51,18,""
0,"0,2,16,1,17,1,2",52,17,""
0,"8,2,16,1,1",53,16,""
0,"8,2,17,1,1",54,15,0
0,"1,1,59,1,2",55,14,""
0,"13,1,32,1,1",58,11,""
1,"1,1,72,1,0",58,11,""
0,"2,1,95",59,10,""
1,"72,1,1",59,10,""
2,"13,1,33,1,1",59,10,""
0,"16,1,18,1,2",60,9,""
0,"17,1,18,1,2",61,8,""
0,105,62,7,"0,1"
1,"1,1,61,1,2",62,7,""
0,106,63,6,""
1,"18,1,24,1,0",63,6,""
0,107,64,5,0
0,"1,2,18,2,0",65,4,""
0,"2,1,18,2,0",66,3,""
1,"1,2,69,1,0",66,3,""
0,"2,1,69,1,0",67,2,""
0,"0,3,98",47,23,""
0,108,48,22,""
0,"0,1,71,1,1",49,21,""
0,"77,1,0",50,20,1
0,"0,1,8,2,16,1,1",53,17,""
0,"8,1,39,1,2",54,16,""
1,"8,2,19,1,0",54,16,""
0,"8,1,40,1,2",55,15,0
0,"17,1,20,1,2",56,14,""
0,"63,1,2",57,13,1
0,"8,1,9,1,13,1,2",58,12,""
0,"9,1,32,1,2",59,11,""
1,"0,1,72,1,1",59,11,""
0,"23,1,28",60,10,""
1,"64,1,2",60,10,""
2,"79,1,0",60,10,""
0,109,61,9,""
1,"0,1,17,1,18,1,2",61,9,""
2,"80,1,0",61,9,""
0,"0,1,105",62,8,""
0,110,63,7,""
1,"73,1,1",63,7,""
0,"2,1,18,1,28",64,6,""
1,"75,1,1",64,6,0
2,"74,1,1",64,6,0
3,"1,1,76,1,0",64,6,""
0,"76,1,1",65,5,"1,2"
1,"2,1,70,1,0",65,5,""
0,"1,1,62,1,2",49,22,""
1,"1,2,71,1,0",49,22,""
0,"65,1,2",50,21,""
0,"49,1,7",52,19,""
0,"50,1,7",53,18,0
0,"0,1,8,1,39,1,2",54,17,""
0,111,55,16,0
1,"0,1,8,1,40,1,2",55,16,0
0,"8,3,7",56,15,""
1,"0,1,17,1,20,1,2",56,15,""
0,"8,1,22,1,7",57,14,""
0,"8,1,23,1,7",58,13,""
0,"51,1,7",59,12,""
0,"13,2,14",60,11,""
1,"0,1,64,1,2",60,11,""
0,112,61,10,""
1,"66,1,2",61,10,0
2,"0,2,17,1,18,1,2",61,10,""
0,113,62,9,""
1,"0,2,105",62,9,""
2,"81,1,0",62,9,""
0,"0,1,73,1,1",63,8,""
1,"83,1,0",63,8,""
2,"82,1,0",63,8,""
0,"67,1,2",64,7,""
1,"85,1,0",64,7,""
2,"84,1,0",64,7,""
0,"68,1,2",65,6,3
1,"18,1,24,1,1",65,6,""
0,"2,1,100",66,5,""
0,114,67,4,1
0,"2,1,18,2,1",68,3,""
0,"18,2,2",69,2,""
1,"2,1,69,1,1",69,2,""
0,"69,1,2",70,1,0
0,"87,1,0",49,23,""
0,"0,1,65,1,2",50,22,""
0,"77,1,1",52,20,""
0,"78,1,1",53,19,0
0,"0,2,8,1,39,1,2",54,18,""
0,"0,2,8,1,40,1,2",55,17,""
0,"0,2,64,1,2",60,12,""
0,"1,1,64,1,2",61,11,""
1,"0,1,66,1,2",61,11,1
0,"13,1,51",62,10,""
1,"79,1,1",62,10,""
0,115,63,9,""
1,"18,1,19,1,2",63,9,""
2,"80,1,1",63,9,2
0,116,64,8,""
1,"2,1,104",64,8,""
2,"18,1,20,1,2",64,8,""
3,"0,1,67,1,2",64,8,""
0,118,65,7,3
1,117,65,7,""
2,"0,1,68,1,2",65,7,1
3,"2,1,75,1,0",65,7,""
0,120,66,6,2
1,119,66,6,""
2,"18,1,37",66,6,""
3,"2,1,76,1,0",66,6,""
0,"0,1,114",67,5,1
1,"2,1,70,1,1",67,5,""
0,"70,1,2",68,4,""
0,"0,1,18,2,2",69,3,""
0,"0,1,69,1,2",70,2,0
0,121,49,24,""
0,"0,2,65,1,2",50,23,""
0,"0,1,77,1,1",52,21,""
0,"71,1,2",53,20,""
1,"8,1,49,1,0",53,20,""
0,"50,1,8",54,19,0
0,"88,1,0",56,17,""
0,"8,2,16,1,2",57,16,""
0,"8,2,17,1,2",58,15,1
0,"16,1,23,1,2",59,14,""
0,"8,1,42,1,2",60,13,""
1,"0,3,64,1,2",60,13,""
0,"8,1,13,2,2",61,12,""
1,"0,2,66,1,2",61,12,""
2,"13,3,0",61,12,""
0,"66,1,3",62,11,""
1,"13,1,32,1,2",62,11,""
2,"0,1,79,1,1",62,11,""
3,"23,1,24,1,0",62,11,""
0,"72,1,2",63,10,1
1,"13,1,33,1,2",63,10,""
2,"90,1,0",63,10,""
3,"89,1,0",63,10,""
4,"1,1,81,1,0",63,10,""
0,122,64,9,""
1,"0,2,67,1,2",64,9,""
2,"81,1,1",64,9,""
3,"1,1,82,1,0",64,9,""
0,"0,2,68,1,2",65,8,""
1,"83,1,1",65,8,""
2,"82,1,1",65,8,""
3,"3,1,67,1,0",65,8,""
0,"85,1,1",66,7,""
1,"84,1,1",66,7,""
2,"2,1,18,1,24,1,0",66,7,""
0,"2,1,107",67,6,""
1,"18,1,40",67,6,""
2,"86,1,1",67,6,1
3,"91,1,0",67,6,""
0,123,68,5,"0,3"
1,"1,1,114",68,5,""
2,"93,1,0",68,5,""
3,"92,1,0",68,5,""
0,"0,2,18,2,2",69,4,""
1,"94,1,0",69,4,""
0,"18,2,3",70,3,""
1,"1,1,18,2,2",70,3,""
2,"0,2,69,1,2",70,3,3
3,"2,2,69,1,0",70,3,""
0,"69,1,3",71,2,""
1,"1,1,69,1,2",71,2,""
2,"3,1,69,1,0",71,2,""
0,"0,1,71,1,2",53,21,""
0,"0,1,50,1,8",54,20,0
0,"55,1,7",55,19,""
0,"56,1,7",56,18,0
0,"17,1,47",57,17,""
1,"0,1,8,2,16,1,2",57,17,""
0,124,58,16,1
1,"0,1,8,2,17,1,2",58,16,0
0,"8,2,9,1,7",59,15,""
0,"8,1,29,1,7",60,14,""
0,"9,1,23,1,7",61,13,""
0,"51,1,10",62,12,""
1,"1,2,64,1,2",62,12,""
0,"0,1,72,1,2",63,11,""
0,"0,1,81,1,1",64,10,""
0,125,65,9,""
0,126,66,8,""
1,"0,1,84,1,1",66,8,""
0,127,67,7,""
1,"43,1,18",67,7,""
2,"73,1,2",67,7,""
3,"2,1,75,1,1",67,7,""
4,"95,1,0",67,7,2
0,"0,1,123",68,6,2
1,"18,1,42",68,6,""
2,"75,1,2",68,6,1
3,"74,1,2",68,6,1
4,"2,1,76,1,1",68,6,""
0,"70,1,3",69,5,""
1,"76,1,2",69,5,"1,2"
2,"1,1,70,1,2",69,5,""
3,"0,3,18,2,2",69,5,""
0,"0,3,69,1,2",70,4,""
1,"96,1,0",70,4,""
0,"69,1,4",71,3,""
0,"97,1,0",50,25,""
0,128,51,24,""
0,"0,2,71,1,2",53,22,""
0,"0,2,50,1,8",54,21,""
1,"1,1,71,1,2",54,21,""
0,"8,1,49,1,1",55,20,""
0,"8,1,50,1,1",56,19,0
0,"0,2,8,2,16,1,2",57,18,""
1,"1,1,88,1,0",57,18,""
0,"0,2,8,2,17,1,2",58,17,""
0,"0,2,72,1,2",63,12,""
1,"13,3,1",63,12,""
0,129,64,11,1
1,"1,1,72,1,2",64,11,1
2,"23,1,24,1,1",64,11,""
0,"90,1,1",65,10,""
1,"89,1,1",65,10,""
2,"98,1,0",65,10,""
0,131,66,9,2
1,130,66,9,""
2,"2,1,82,1,0",66,9,""
0,132,67,8,""
1,"0,1,73,1,2",67,8,""
2,"3,1,67,1,1",67,8,""
0,133,68,7,2
1,"0,1,75,1,2",68,7,2
2,"0,1,74,1,2",68,7,2
3,"3,1,68,1,1",68,7,""
4,"2,1,18,1,24,1,1",68,7,""
0,"1,1,123",69,6,""
1,"70,1,4",69,6,""
2,"18,1,24,1,2",69,6,""
3,"91,1,1",69,6,""
4,"1,1,92,1,0",69,6,""
0,"2,1,114",70,5,""
1,"3,1,100",70,5,4
2,"93,1,1",70,5,4
3,"92,1,1",70,5,4
0,"1,2,18,2,2",71,4,""
1,"94,1,1",71,4,""
2,"99,1,0",71,4,""
0,"2,1,18,2,2",72,3,""
1,"1,2,69,1,2",72,3,""
2,"2,2,69,1,1",72,3,""
3,"1,1,3,1,69,1,0",72,3,""
0,"2,1,69,1,2",73,2,0
1,"3,1,69,1,1",73,2,""
0,"0,1,128",51,25,""
0,"71,1,4",54,22,""
0,"0,1,8,1,49,1,1",55,21,""
0,"77,1,2",56,20,0
1,"8,1,55,1,0",56,20,""
0,"78,1,2",57,19,0
0,"8,2,19,1,2",60,16,""
0,"8,2,20,1,2",61,15,""
0,"64,1,5",62,14,""
1,"8,1,45,1,2",62,14,""
0,"8,1,46,1,2",63,13,""
1,"0,3,72,1,2",63,13,""
0,"9,1,13,2,2",64,12,""
0,"18,1,47",65,11,""
1,"32,1,28",65,11,""
2,"0,1,89,1,1",65,11,""
0,"0,1,130",66,10,""
1,"79,1,2",66,10,""
2,"2,1,80,1,1",66,10,""
3,"101,1,0",66,10,""
0,"25,1,37",67,9,""
1,"80,1,2",67,9,1
2,"0,2,73,1,2",67,9,""
0,134,68,8,""
1,"35,1,28",68,8,""
2,"0,2,74,1,2",68,8,""
3,"1,1,95,1,0",68,8,""
0,136,69,7,""
1,135,69,7,2
2,"75,1,3",69,7,""
3,"95,1,1",69,7,2
4,"3,1,74,1,0",69,7,""
5,"2,2,76,1,0",69,7,""
0,"76,1,3",70,6,""
1,"1,1,76,1,2",70,6,""
2,"0,1,92,1,1",70,6,""
3,"3,1,76,1,0",70,6,""
0,"2,1,70,1,2",71,5,""
1,"1,1,96,1,0",71,5,""
0,"0,1,2,1,18,2,2",72,4,""
1,"96,1,1",72,4,""
2,"4,1,69,1,0",72,4,""
0,"0,1,2,1,69,1,2",73,3,"3,4"
1,"0,1,3,1,69,1,1",73,3,""
0,"1,1,97,1,0",51,26,""
0,137,54,23,""
0,"1,2,71,1,2",55,22,""
0,"0,1,77,1,2",56,21,""
0,"0,1,78,1,2",57,20,0
0,"8,1,31,1,7",58,19,""
0,"16,1,17,1,7",59,18,0
0,"17,2,7",60,17,""
0,"60,1,7",61,16,""
0,"8,2,13,1,7",62,15,""
0,"8,1,32,1,7",63,14,""
0,138,64,13,0
1,"13,1,23,1,7",64,13,""
0,139,65,12,0
1,"51,1,14",65,12,""
0,"52,1,14",66,11,""
1,"0,1,79,1,2",66,11,""
2,"1,1,98,1,0",66,11,""
0,140,67,10,0
1,"0,1,80,1,2",67,10,0
2,"103,1,0",67,10,""
0,141,68,9,""
1,"81,1,2",68,9,"1,2"
2,"2,1,82,1,1",68,9,""
3,"105,1,0",68,9,""
0,"3,1,105",69,8,0
1,"83,1,2",69,8,""
2,"82,1,2",69,8,""
3,"0,1,95,1,1",69,8,""
4,"107,1,0",69,8,""
0,142,70,7,""
1,"76,1,4",70,7,""
2,"18,1,24,1,3",70,7,""
3,"85,1,2",70,7,""
4,"84,1,2",70,7,""
0,143,71,6,"1,2"
1,"2,1,123",71,6,0
2,"3,1,107",71,6,1
3,"86,1,2",71,6,2
4,"2,1,92,1,0",71,6,""
0,145,72,5,""
1,144,72,5,3
2,"69,1,5",72,5,""
3,"0,1,96,1,1",72,5,""
4,"1,1,99,1,0",72,5,""
0,146,73,4,""
1,"0,2,2,1,69,1,2",73,4,""
2,"99,1,1",73,4,""
3,"1,2,3,1,69,1,0",73,4,""
0,"2,1,69,1,3",74,3,""
0,"0,1,137",54,24,""
0,"87,1,2",55,23,""
0,"0,2,77,1,2",56,22,""
0,"0,2,78,1,2",57,21,0
0,"8,1,55,1,1",58,20,""
0,"8,1,56,1,1",59,19,0
0,"5,1,64,1,0",63,15,""
0,"64,1,6",64,14,""
0,"0,1,139",65,13,0
0,"0,2,79,1,2",66,12,""
0,"23,1,42",67,11,""
1,"1,1,79,1,2",67,11,""
2,"0,2,80,1,2",67,11,""
0,"36,1,28",68,10,""
1,"80,1,3",68,10,""
2,"0,1,81,1,2",68,10,""
3,"101,1,1",68,10,""
0,147,69,9,2
1,"0,1,3,1,105",69,9,""
2,"13,1,66",69,9,""
0,"25,1,43",70,8,""
1,"37,1,28",70,8,""
2,"0,1,84,1,2",70,8,""
3,"108,1,0",70,8,""
4,"2,1,95,1,0",70,8,5
0,"2,1,18,1,42",71,7,""
1,"2,1,75,1,2",71,7,3
2,"0,1,86,1,2",71,7,3
3,"3,1,74,1,1",71,7,""
4,"2,2,76,1,1",71,7,""
5,"1,1,3,1,76,1,0",71,7,""
0,"2,1,76,1,2",72,6,"1,2"
1,"3,1,76,1,1",72,6,""
2,"109,1,0",72,6,""
0,"102,1,1",54,25,""
0,148,55,24,""
1,"110,1,0",55,24,""
0,"111,1,0",56,23,""
0,"0,1,8,1,55,1,1",58,21,""
0,"8,1,49,1,2",59,20,""
1,"8,2,31,1,0",59,20,""
0,"8,1,50,1,2",60,19,0
0,"17,2,8",61,18,""
0,"59,1,8",62,17,0
1,"88,1,2",62,17,""
0,"8,4,2",63,16,""
0,"0,1,64,1,6",64,15,""
1,"8,2,22,1,2",64,15,""
0,"8,2,23,1,2",65,14,""
1,"112,1,0",65,14,1
0,"8,1,51,1,2",66,13,""
1,"13,1,51,1,0",66,13,""
0,"2,1,129",67,12,""
1,"13,3,2",67,12,""
2,"13,1,52,1,0",67,12,""
0,"23,1,24,1,2",68,11,""
1,"0,2,81,1,2",68,11,""
2,"0,1,101,1,1",68,11,""
3,"114,1,0",68,11,""
0,"90,1,2",69,10,""
1,"89,1,2",69,10,""
2,"1,1,81,1,2",69,10,""
3,"104,1,1",69,10,""
4,"103,1,1",69,10,""
5,"1,1,105,1,0",69,10,""
0,149,70,9,""
1,"82,1,3",70,9,""
2,"1,1,82,1,2",70,9,""
3,"106,1,1",70,9,""
4,"105,1,1",70,9,""
5,"1,1,107,1,0",70,9,""
0,"3,1,67,1,2",71,8,""
1,"0,1,2,1,75,1,2",71,8,""
2,"0,2,86,1,2",71,8,""
3,"107,1,1",71,8,""
0,150,72,7,""
1,"3,1,68,1,2",72,7,1
2,"2,1,18,1,24,1,2",72,7,""
0,151,73,6,""
1,"2,2,114",73,6,""
2,"91,1,2",73,6,""
3,"2,1,92,1,1",73,6,""
4,"5,1,69,1,0",73,6,""
0,"3,1,114",74,5,"1,4"
1,"69,1,6",74,5,""
2,"93,1,2",74,5,4
3,"92,1,2",74,5,4
0,"94,1,2",75,4,""
0,"2,2,69,1,2",76,3,""
0,"3,1,69,1,2",77,2,""
0,"0,1,148",55,25,""
0,"1,1,87,1,2",56,24,""
0,152,57,23,1
0,153,58,22,0
0,"0,1,8,1,49,1,2",59,21,""
0,"0,1,8,1,50,1,2",60,20,0
0,"0,1,17,2,8",61,19,""
1,"8,1,39,1,7",61,19,""
0,"0,1,59,1,8",62,18,0
1,"8,1,40,1,7",62,18,0
0,"17,1,20,1,7",63,17,""
0,"63,1,7",64,16,""
1,"1,1,5,1,64,1,0",64,16,""
0,"8,1,9,1,13,1,7",65,15,""
0,"9,1,32,1,7",66,14,""
0,"13,1,23,1,10",67,13,""
1,"64,1,7",67,13,""
0,154,68,12,0
1,"18,1,40,1,1",68,12,""
0,155,69,11,""
1,"0,1,89,1,2",69,11,""
0,"0,1,149",70,10,""
1,"2,1,80,1,2",70,10,2
0,"10,1,79",71,9,""
1,"0,1,3,1,67,1,2",71,9,""
2,"0,1,107,1,1",71,9,""
0,"3,1,118",72,8,3
1,"11,1,79",72,8,""
2,"2,1,75,1,3",72,8,""
3,"2,1,95,1,1",72,8,""
0,"0,1,151",73,7,""
1,"43,1,26",73,7,""
2,"2,1,76,1,3",73,7,""
3,"95,1,2",73,7,1
4,"0,1,91,1,2",73,7,""
0,"0,1,69,1,6",74,6,""
1,"0,1,92,1,2",74,6,""
2,"109,1,1",74,6,""
0,"0,1,94,1,2",75,5,""
0,156,76,4,""
1,"96,1,2",76,4,""
0,"0,1,3,1,69,1,2",77,3,""
0,"0,2,148",55,26,""
0,"97,1,2",56,25,""
1,"1,1,110,1,0",56,25,""
0,"110,1,1",57,24,""
0,"111,1,1",58,23,0
0,"0,2,8,1,49,1,2",59,22,""
0,"0,2,8,1,50,1,2",60,21,""
0,"8,2,31,1,1",61,20,""
0,"8,1,16,1,17,1,1",62,19,0
0,"1,1,88,1,2",63,18,""
0,"112,1,1",67,14,""
0,"113,1,1",68,13,1
1,"13,1,51,1,1",68,13,""
0,158,69,12,""
1,157,69,12,""
2,"0,2,89,1,2",69,12,""
3,"13,1,52,1,1",69,12,""
0,"0,2,149",70,11,""
1,"1,2,81,1,2",70,11,""
2,"0,1,2,1,80,1,2",70,11,""
3,"114,1,1",70,11,""
4,"2,1,103,1,0",70,11,""
0,"7,1,95",71,10,""
1,"67,1,7",71,10,""
2,"98,1,2",71,10,""
3,"1,2,107,1,0",71,10,""
0,"68,1,7",72,9,3
1,"2,1,82,1,2",72,9,""
2,"2,1,107,1,0",72,9,""
0,"0,1,95,1,2",73,8,""
1,"7,1,67,1,0",73,8,""
0,"2,2,123",74,7,""
1,"0,2,92,1,2",74,7,""
2,"1,1,5,1,69,1,0",74,7,""
0,"3,1,123",75,6,0
1,"92,1,3",75,6,""
2,"1,1,92,1,2",75,6,""
3,"3,1,93,1,0",75,6,""
0,159,76,5,3
1,"94,1,3",76,5,""
2,"0,1,96,1,2",76,5,""
3,"3,1,94,1,0",76,5,""
0,"69,1,7",77,4,3
1,"99,1,2",77,4,""
2,"0,2,3,1,69,1,2",77,4,""
0,"1,1,3,1,69,1,2",78,3,""
1,"3,2,69,1,0",78,3,""
0,"7,1,69,1,0",79,2,""
0,"0,3,148",55,27,""
0,160,56,26,""
0,"0,1,110,1,1",57,25,""
0,"116,1,0",58,24,1
0,"0,1,8,2,31,1,1",61,21,""
0,"8,1,55,1,2",62,20,""
1,"8,2,39,1,0",62,20,""
0,"8,1,56,1,2",63,19,0
0,"17,1,40,1,2",64,18,""
0,"100,1,2",65,17,1
0,"8,3,9,1,2",66,16,""
0,"8,2,29,1,2",67,15,""
1,"0,1,112,1,1",67,15,""
0,"64,1,8",68,14,""
1,"8,1,9,1,23,1,2",68,14,""
2,"8,1,64,1,0",68,14,""
0,161,69,13,0
1,"9,1,51,1,2",69,13,""
0,"0,3,149",70,12,""
1,"13,2,28",70,12,""
0,163,71,11,""
1,162,71,11,""
2,"33,1,37",71,11,""
3,"2,1,101,1,1",71,11,""
0,164,72,10,""
1,"101,1,2",72,10,""
2,"115,1,1",72,10,""
0,165,73,9,3
1,"13,1,79",73,9,""
0,"3,1,127",74,8,""
1,"43,1,28",74,8,""
2,"95,1,3",74,8,1
3,"1,1,95,1,2",74,8,""
0,166,75,7,2
1,"0,1,3,1,123",75,7,2
2,"92,1,4",75,7,""
3,"3,1,74,1,2",75,7,""
4,"2,2,76,1,2",75,7,""
0,167,76,6,3
1,"0,1,159",76,6,2
2,"3,1,76,1,2",76,6,2
3,"0,2,96,1,2",76,6,""
0,"0,1,69,1,7",77,5,1
1,"1,1,96,1,2",77,5,""
2,"7,1,70,1,0",77,5,""
0,"4,1,69,1,2",78,4,""
0,"1,1,97,1,2",57,26,""
1,"1,2,110,1,0",57,26,""
0,"102,1,2",58,25,""
0,"71,1,7",60,23,""
0,"50,1,22",61,22,0
0,"0,1,8,1,55,1,2",62,21,""
0,168,63,20,0
1,"0,1,8,1,56,1,2",63,20,0
0,"8,2,16,1,7",64,19,""
1,"0,1,17,1,40,1,2",64,19,""
0,"8,2,17,1,7",65,18,""
0,"16,1,23,1,7",66,17,""
0,"8,1,42,1,7",67,16,""
0,"0,1,64,1,8",68,15,""
1,"8,1,13,2,7",68,15,""
0,"66,1,8",69,14,0
1,"13,1,32,1,7",69,14,""
0,"13,1,23,1,14",70,13,""
1,"72,1,7",70,13,""
2,"81,1,5",70,13,""
3,"119,1,0",70,13,""
0,171,71,12,0
1,170,71,12,""
2,169,71,12,""
3,"13,1,24,1,14",71,12,""
4,"2,1,114,1,0",71,12,""
0,172,72,11,""
1,"1,1,98,1,2",72,11,""
2,"0,1,101,1,2",72,11,""
3,"2,1,103,1,1",72,11,""
4,"7,1,72,1,0",72,11,""
0,"67,1,9",73,10,""
1,"2,1,82,1,3",73,10,""
2,"104,1,2",73,10,3
3,"103,1,2",73,10,""
0,"106,1,2",74,9,""
1,"105,1,2",74,9,""
2,"2,1,107,1,1",74,9,""
0,173,75,8,1
1,"107,1,2",75,8,1
2,"0,1,3,1,74,1,2",75,8,""
3,"120,1,0",75,8,""
0,"7,1,68,1,1",76,7,""
1,"2,2,92,1,1",76,7,""
2,"121,1,0",76,7,""
0,"3,2,100",77,6,""
1,"2,1,92,1,2",77,6,""
2,"6,1,69,1,1",77,6,""
3,"3,1,93,1,1",77,6,""
4,"122,1,0",77,6,""
0,"7,1,100",78,5,""
1,"69,1,8",78,5,3
2,"1,1,99,1,2",78,5,""
3,"3,1,94,1,1",78,5,""
4,"8,1,69,1,0",78,5,""
0,"69,1,9",79,4,""
1,"1,2,3,1,69,1,2",79,4,""
0,"3,2,69,1,1",80,3,""
1,"1,1,7,1,69,1,0",80,3,""
0,"7,1,69,1,1",81,2,""
0,"123,1,0",57,27,""
0,"0,1,102,1,2",58,26,""
0,"116,1,1",60,24,""
0,"117,1,1",61,23,0
0,"0,2,8,1,55,1,2",62,22,""
0,"0,2,8,1,56,1,2",63,21,""
0,"0,2,64,1,8",68,16,""
0,"0,1,66,1,8",69,15,0
1,"5,1,64,1,2",69,15,""
0,"8,1,64,1,1",70,14,""
0,"80,1,6",71,13,1
1,"118,1,1",71,13,1
0,"2,1,155",72,12,""
1,"32,1,42",72,12,""
2,"18,1,40,1,2",72,12,""
3,"0,2,101,1,2",72,12,""
4,"124,1,0",72,12,""
0,174,73,11,""
1,"101,1,3",73,11,""
2,"0,1,104,1,2",73,11,""
3,"0,1,103,1,2",73,11,""
0,"67,1,10",74,10,""
1,"0,1,106,1,2",74,10,""
0,"75,1,7",75,9,2
1,"74,1,7",75,9,2
2,"0,1,107,1,2",75,9,2
0,175,76,8,"2,3"
1,"35,1,43",76,8,""
2,"108,1,2",76,8,""
3,"2,1,95,1,2",76,8,1
4,"4,1,92,1,0",76,8,""
0,177,77,7,""
1,176,77,7,""
2,"1,1,3,1,76,1,2",77,7,""
3,"0,1,2,1,92,1,2",77,7,""
4,"3,2,76,1,0",77,7,""
0,178,78,6,"2,3"
1,"0,1,69,1,8",78,6,""
2,"109,1,2",78,6,1
3,"1,2,96,1,2",78,6,""
0,"1,1,4,1,69,1,2",79,5,""
1,"7,1,70,1,1",79,5,""
0,"69,1,10",80,4,5
0,"0,1,7,1,69,1,1",81,3,""
0,179,57,28,""
0,"0,2,102,1,2",58,27,""
0,"0,1,116,1,1",60,25,""
0,"110,1,2",61,24,""
1,"8,1,71,1,0",61,24,""
0,"111,1,2",62,23,0
0,"125,1,0",64,21,""
0,"8,2,31,1,2",65,20,""
0,"8,1,16,1,17,1,2",66,19,1
0,"8,1,17,2,2",67,18,""
0,"0,3,64,1,8",68,17,""
1,"8,1,60,1,2",68,17,""
0,"0,2,66,1,8",69,16,""
1,"8,3,13,1,2",69,16,""
0,"8,2,32,1,2",70,15,""
1,"0,1,8,1,64,1,1",70,15,""
0,"112,1,2",71,14,1
1,"8,1,13,1,23,1,2",71,14,""
2,"13,2,23,1,0",71,14,""
3,"8,1,72,1,0",71,14,""
4,"1,1,119,1,0",71,14,""
0,"113,1,2",72,13,1
1,"13,1,51,1,2",72,13,""
2,"126,1,0",72,13,""
3,"13,2,24,1,0",72,13,""
0,"13,1,52,1,2",73,12,""
1,"0,2,103,1,2",73,12,""
2,"2,1,114,1,1",73,12,""
0,"103,1,3",74,11,""
1,"114,1,2",74,11,""
2,"7,1,72,1,1",74,11,""
0,"105,1,3",75,10,""
1,"1,1,105,1,2",75,10,""
2,"0,2,107,1,2",75,10,""
3,"8,1,68,1,1",75,10,""
0,"107,1,3",76,9,""
1,"1,1,107,1,2",76,9,""
2,"0,1,2,1,95,1,2",76,9,""
3,"3,1,107,1,0",76,9,""
0,"7,1,105",77,8,""
1,"3,1,84,1,2",77,8,""
2,"120,1,1",77,8,""
3,"1,1,121,1,0",77,8,""
0,"38,1,41",78,7,3
1,"0,2,69,1,8",78,7,""
2,"0,1,109,1,2",78,7,""
3,"121,1,1",78,7,""
4,"129,1,0",78,7,""
5,"128,1,0",78,7,""
6,"1,1,122,1,0",78,7,""
0,"3,1,145",79,6,""
1,"3,1,144",79,6,3
2,"5,1,69,1,2",79,6,""
3,"122,1,1",79,6,3
4,"130,1,0",79,6,""
5,"1,1,8,1,69,1,0",79,6,""
0,"3,1,146",80,5,""
1,"8,1,69,1,1",80,5,""
2,"131,1,0",80,5,""
0,"69,1,11",81,4,0
1,"132,1,0",81,4,""
2,"1,2,7,1,69,1,0",81,4,""
0,"69,1,12",82,3,""
1,"2,1,7,1,69,1,0",82,3,""
0,"0,1,110,1,2",61,25,""
0,"0,1,111,1,2",62,24,0
0,"77,1,7",63,23,""
0,"78,1,7",64,22,0
0,"50,1,25",65,21,""
1,"0,1,8,2,31,1,2",65,21,""
0,180,66,20,1
1,"0,1,8,1,16,1,17,1,2",66,20,"0,1"
0,"8,2,19,1,7",67,19,""
0,"8,2,20,1,7",68,18,""
0,"8,1,45,1,7",69,17,""
0,"8,1,46,1,7",70,16,""
1,"1,1,5,1,64,1,2",70,16,""
0,"9,1,13,2,7",71,15,""
1,"0,1,112,1,2",71,15,""
0,"13,1,32,1,10",72,14,""
1,"0,1,113,1,2",72,14,0
0,"79,1,7",73,13,""
0,"80,1,7",74,12,1
0,"2,1,101,1,2",75,11,""
0,181,76,10,""
1,"115,1,2",76,10,2
0,182,77,9,""
1,"0,1,7,1,105",77,9,""
2,"1,1,108,1,2",77,9,""
3,"0,1,120,1,1",77,9,""
4,"133,1,0",77,9,""
0,184,78,8,""
1,183,78,8,""
2,"0,3,69,1,8",78,8,""
3,"0,1,121,1,1",78,8,""
4,"134,1,0",78,8,""
0,185,79,7,2
1,"69,1,13",79,7,""
2,"0,1,122,1,1",79,7,""
0,"0,1,8,1,69,1,1",80,6,""
0,"9,1,69,1,0",81,5,6
0,"135,1,0",58,29,""
0,186,59,28,""
0,"0,2,110,1,2",61,26,""
0,"1,1,110,1,2",62,25,""
1,"0,2,111,1,2",62,25,""
0,"8,1,71,1,1",63,24,""
0,"16,1,50,1,1",64,23,0
0,"17,1,50,1,1",65,22,""
1,"1,1,125,1,0",65,22,""
0,"0,2,8,1,16,1,17,1,2",66,21,""
0,"0,2,112,1,2",71,16,""
0,"0,2,113,1,2",72,15,1
0,"13,2,23,1,1",73,14,""
1,"8,1,72,1,1",73,14,""
0,"66,1,14",74,13,1
1,"127,1,1",74,13,1
2,"126,1,1",74,13,""
3,"13,2,24,1,1",74,13,""
0,187,75,12,0
1,"114,1,3",75,12,""
2,"0,1,2,1,101,1,2",75,12,""
0,"2,1,103,1,2",76,11,""
1,"0,1,115,1,2",76,11,""
0,"67,1,14",77,10,""
1,"1,2,107,1,2",77,10,""
0,"75,1,10",78,9,""
1,"2,1,107,1,2",78,9,""
2,"3,1,107,1,1",78,9,""
0,188,79,8,1
1,"0,1,185",79,8,1
2,"7,1,67,1,2",79,8,""
3,"3,2,68,1,2",79,8,""
4,"1,2,122,1,0",79,8,""
0,189,80,7,0
1,"7,1,68,1,2",80,7,""
2,"2,2,92,1,2",80,7,""
3,"1,1,5,1,69,1,2",80,7,""
4,"129,1,1",80,7,""
5,"128,1,1",80,7,""
6,"1,2,8,1,69,1,0",80,7,""
0,"3,2,114",81,6,""
1,"2,1,7,1,100",81,6,""
2,"6,1,69,1,2",81,6,""
3,"3,1,93,1,2",81,6,""
4,"130,1,1",81,6,""
0,"7,1,114",82,5,""
1,"3,1,94,1,2",82,5,""
2,"131,1,1",82,5,""
3,"10,1,69,1,0",82,5,""
0,"69,1,14",83,4,2
1,"132,1,1",83,4,2
2,"11,1,69,1,0",83,4,""
0,"3,2,69,1,2",84,3,""
1,"2,1,7,1,69,1,1",84,3,""
0,"7,1,69,1,2",85,2,""
0,"0,1,186",59,29,""
0,"0,3,111,1,2",62,26,""
0,"0,1,8,1,71,1,1",63,25,""
0,"116,1,2",64,24,0
1,"8,1,77,1,0",64,24,""
0,"117,1,2",65,23,0
0,"8,2,39,1,2",68,20,""
0,"8,2,40,1,2",69,19,""
0,"8,1,17,1,20,1,2",70,18,""
1,"137,1,0",70,18,""
0,"8,1,63,1,2",71,17,""
1,"138,1,0",71,17,""
0,"8,2,9,1,13,1,2",72,16,""
0,"8,1,9,1,32,1,2",73,15,""
1,"0,1,8,1,72,1,1",73,15,""
0,"9,1,13,1,23,1,2",74,14,""
1,"8,1,64,1,2",74,14,""
2,"8,1,79,1,0",74,14,""
0,"51,1,28",75,13,""
1,"80,1,8",75,13,1
2,"118,1,2",75,13,1
0,"2,1,174",76,12,""
1,"80,1,9",76,12,""
0,191,77,11,""
1,190,77,11,""
0,192,78,10,""
1,"0,1,3,1,107,1,1",78,10,""
0,"74,1,11",79,9,""
1,"133,1,1",79,9,""
2,"139,1,0",79,9,""
0,"0,1,7,1,68,1,2",80,8,""
1,"134,1,1",80,8,""
2,"12,1,69,1,0",80,8,""
0,"76,1,12",81,7,""
1,"0,1,6,1,69,1,2",81,7,""
0,193,82,6,"1,2,3"
1,"0,1,7,1,114",82,6,""
2,"0,1,131,1,1",82,6,""
0,"7,1,70,1,2",83,5,""
1,"9,1,69,1,1",83,5,""
0,"69,1,15",84,4,""
0,"0,1,7,1,69,1,2",85,3,""
0,"1,1,135,1,0",59,30,""
0,194,62,27,""
0,"1,2,110,1,2",63,26,""
0,"0,1,116,1,2",64,25,""
0,"0,1,117,1,2",65,24,0
0,"8,1,49,1,7",66,23,""
0,"8,1,50,1,7",67,22,0
0,"17,2,22",68,21,""
0,"88,1,7",69,20,""
0,"8,4,7",70,19,""
0,"8,2,22,1,7",71,18,""
0,195,72,17,0
1,"8,2,23,1,7",72,17,""
0,196,73,16,0
1,"8,1,51,1,7",73,16,""
0,"13,3,7",74,15,""
1,"0,1,8,1,64,1,2",74,15,""
0,"13,1,32,1,14",75,14,""
1,"0,1,80,1,8",75,14,0
2,"0,1,118,1,2",75,14,0
0,"13,1,95",76,13,""
1,"13,1,33,1,14",76,13,""
2,"81,1,8",76,13,"0,1"
3,"89,1,7",76,13,""
4,"119,1,2",76,13,""
0,"0,1,190",77,12,""
1,"80,1,10",77,12,1
2,"2,1,114,1,2",77,12,""
0,"7,1,72,1,2",78,11,""
1,"13,1,67,1,0",78,11,""
0,"67,1,17",79,10,3
1,"8,1,68,1,2",79,10,3
2,"141,1,0",79,10,""
0,197,80,9,""
1,"68,1,17",80,9,0
2,"69,1,16",80,9,""
3,"0,2,7,1,68,1,2",80,9,""
0,198,81,8,"0,1"
1,"43,1,41",81,8,""
2,"92,1,7",81,8,""
3,"120,1,2",81,8,""
4,"0,2,6,1,69,1,2",81,8,""
0,200,82,7,"2,3"
1,199,82,7,"1,3"
2,"3,2,123",82,7,"1,3"
3,"121,1,2",82,7,""
4,"2,1,122,1,1",82,7,""
5,"2,1,130,1,0",82,7,""
0,201,83,6,""
1,"3,1,159",83,6,3
2,"1,1,7,1,114",83,6,""
3,"122,1,2",83,6,3
4,"0,1,9,1,69,1,1",83,6,""
5,"7,1,92,1,0",83,6,""
6,"2,1,131,1,0",83,6,""
0,202,84,5,""
1,"8,1,69,1,2",84,5,""
2,"10,1,69,1,1",84,5,""
3,"13,1,69,1,0",84,5,""
4,"2,1,132,1,0",84,5,""
0,203,85,4,""
1,"69,1,17",85,4,2
2,"0,2,7,1,69,1,2",85,4,""
3,"11,1,69,1,1",85,4,""
4,"142,1,0",85,4,""
5,"2,2,7,1,69,1,0",85,4,""
0,"7,1,69,1,3",86,3,""
1,"1,1,7,1,69,1,2",86,3,""
2,"143,1,0",86,3,""
0,"0,1,194",62,28,""
0,"123,1,2",63,27,""
0,"0,2,116,1,2",64,26,""
0,"0,2,117,1,2",65,25,0
0,"8,1,77,1,1",66,24,""
0,"8,1,78,1,1",67,23,0
0,"1,1,137,1,0",71,19,""
0,"137,1,1",72,18,""
0,"138,1,1",73,17,1
0,"0,2,8,1,64,1,2",74,16,""
0,"0,2,80,1,8",75,15,""
1,"0,2,118,1,2",75,15,""
0,"0,1,81,1,8",76,14,""
1,"8,1,79,1,1",76,14,""
0,"0,2,190",77,13,""
1,"13,2,42",77,13,""
2,"8,1,80,1,1",77,13,1
0,204,78,12,"3,4"
1,"80,1,11",78,12,""
2,"124,1,2",78,12,""
3,"0,1,7,1,72,1,2",78,12,""
4,"144,1,0",78,12,""
0,"82,1,10",79,11,""
1,"0,1,8,1,68,1,2",79,11,""
0,"54,1,28",80,10,""
1,"0,1,68,1,17",80,10,""
0,"75,1,14",81,9,""
1,"74,1,14",81,9,""
2,"0,1,120,1,2",81,9,""
3,"139,1,1",81,9,""
4,"2,1,134,1,0",81,9,""
0,"3,1,166",82,8,""
1,"76,1,14",82,8,1
2,"4,1,92,1,2",82,8,""
3,"0,1,121,1,2",82,8,""
4,"7,1,95,1,0",82,8,""
0,"3,1,167",83,7,3
1,"3,2,76,1,2",83,7,""
2,"0,1,122,1,2",83,7,""
0,"0,1,202",84,6,""
1,"1,1,7,1,70,1,2",84,6,""
2,"0,1,8,1,69,1,2",84,6,""
0,205,85,5,1
1,"0,1,69,1,17",85,5,5
2,"0,3,7,1,69,1,2",85,5,""
0,"69,1,18",86,4,""
1,"7,1,69,1,4",86,4,""
0,"140,1,1",62,29,""
0,206,63,28,""
1,"145,1,0",63,28,""
0,"0,3,116,1,2",64,27,""
0,"0,1,8,1,77,1,1",66,25,""
0,"8,1,71,1,2",67,24,""
1,"8,2,49,1,0",67,24,""
0,"16,1,50,1,2",68,23,0
0,"17,1,50,1,2",69,22,""
0,"59,1,23",70,21,1
1,"125,1,2",70,21,""
0,"8,3,16,1,2",71,20,""
0,"8,3,17,1,2",72,19,""
1,"0,1,137,1,1",72,19,""
0,"8,1,16,1,23,1,2",73,18,""
1,"146,1,0",73,18,1
0,"8,2,42,1,2",74,17,""
0,"8,2,13,2,2",75,16,""
0,"8,1,13,1,32,1,2",76,15,""
1,"0,1,8,1,79,1,1",76,15,""
2,"13,2,32,1,0",76,15,""
0,"13,2,23,1,2",77,14,""
1,"8,1,72,1,2",77,14,""
2,"1,1,119,1,2",77,14,""
3,"2,1,126,1,1",77,14,""
4,"13,2,33,1,0",77,14,""
5,"8,1,89,1,0",77,14,""
0,"127,1,2",78,13,1
1,"126,1,2",78,13,""
2,"13,2,24,1,2",78,13,""
0,"0,2,8,1,68,1,2",79,12,""
0,"13,1,67,1,1",80,11,""
1,"1,1,141,1,0",80,11,""
0,"141,1,1",81,10,""
1,"9,1,75,1,1",81,10,""
2,"14,1,69,1,0",81,10,""
0,"69,1,19",82,9,""
1,"75,1,15",82,9,""
2,"3,1,107,1,2",82,9,""
3,"3,1,120,1,0",82,9,""
0,207,83,8,2
1,"76,1,15",83,8,""
2,"1,1,121,1,2",83,8,""
3,"0,2,122,1,2",83,8,""
4,"3,1,121,1,0",83,8,""
0,208,84,7,"0,2"
1,"122,1,3",84,7,""
2,"129,1,2",84,7,2
3,"128,1,2",84,7,2
4,"1,1,122,1,2",84,7,""
5,"0,2,8,1,69,1,2",84,7,""
6,"2,1,130,1,1",84,7,""
7,"1,1,7,1,92,1,0",84,7,""
0,"2,1,7,1,114",85,6,""
1,"3,1,69,1,8",85,6,""
2,"130,1,2",85,6,"2,3"
3,"1,1,8,1,69,1,2",85,6,""
4,"7,1,92,1,1",85,6,""
5,"2,1,131,1,1",85,6,""
6,"1,1,13,1,69,1,0",85,6,""
0,"2,1,69,1,14",86,5,""
1,"131,1,2",86,5,""
2,"13,1,69,1,1",86,5,""
3,"2,1,132,1,1",86,5,""
4,"2,1,11,1,69,1,0",86,5,""
5,"1,1,142,1,0",86,5,""
0,"69,1,20",87,4,""
1,"132,1,2",87,4,0
2,"1,2,7,1,69,1,2",87,4,""
3,"142,1,1",87,4,""
4,"2,2,7,1,69,1,1",87,4,""
5,"1,1,143,1,0",87,4,""
0,"2,1,7,1,69,1,2",88,3,""
1,"143,1,1",88,3,3
0,"0,1,206",63,29,""
0,"1,1,123,1,2",64,28,""
0,209,65,27,1
0,210,66,26,0
0,"0,1,8,1,71,1,2",67,25,""
0,"0,1,16,1,50,1,2",68,24,0
0,"8,1,55,1,7",69,23,""
1,"0,1,17,1,50,1,2",69,23,""
0,"0,1,59,1,23",70,22,0
1,"8,1,56,1,7",70,22,0
0,"17,1,40,1,7",71,21,""
0,"100,1,7",72,20,""
1,"1,2,137,1,0",72,20,""
0,"8,3,9,1,7",73,19,""
0,"8,2,29,1,7",74,18,""
0,"64,1,22",75,17,""
1,"8,1,9,1,23,1,7",75,17,""
0,211,76,16,0
1,"9,1,51,1,7",76,16,""
0,"13,3,10",77,15,""
1,"0,1,8,1,72,1,2",77,15,""
0,"0,1,127,1,2",78,14,0
1,"0,1,126,1,2",78,14,""
0,"101,1,7",79,13,""
1,"1,1,124,1,2",79,13,""
0,"80,1,14",80,12,2
0,"13,1,104",81,11,""
1,"0,1,141,1,1",81,11,""
0,212,82,10,""
1,"0,1,69,1,19",82,10,""
2,"0,1,3,1,107,1,2",82,10,""
3,"13,1,75,1,0",82,10,""
0,"74,1,17",83,9,""
1,"133,1,2",83,9,""
2,"0,3,122,1,2",83,9,""
3,"2,1,134,1,1",83,9,""
4,"13,1,76,1,0",83,9,""
0,"92,1,10",84,8,""
1,"134,1,2",84,8,2
2,"0,1,129,1,2",84,8,""
3,"0,1,128,1,2",84,8,""
4,"7,1,95,1,1",84,8,""
0,"8,1,69,1,4",85,7,""
1,"0,1,130,1,2",85,7,3
2,"0,1,7,1,92,1,1",85,7,""
0,"0,1,131,1,2",86,6,""
1,"0,1,13,1,69,1,1",86,6,""
2,"148,1,0",86,6,""
0,"3,1,69,1,10",87,5,""
1,"9,1,69,1,2",87,5,2
2,"0,1,132,1,2",87,5,""
3,"0,1,142,1,1",87,5,""
4,"4,1,7,1,69,1,0",87,5,""
0,"69,1,21",88,4,""
1,"0,1,2,1,7,1,69,1,2",88,4,""
2,"0,1,143,1,1",88,4,4
0,"0,2,206",63,30,""
0,"135,1,2",64,29,""
1,"1,1,145,1,0",64,29,""
0,"145,1,1",65,28,""
0,"111,1,6",66,27,0
0,"0,2,8,1,71,1,2",67,26,""
0,"0,2,16,1,50,1,2",68,25,""
0,"8,2,49,1,1",69,24,""
0,"8,2,50,1,1",70,23,0
0,"1,1,125,1,2",71,22,""
0,"146,1,1",75,18,""
0,"147,1,1",76,17,1
0,"0,2,8,1,72,1,2",77,16,""
1,"149,1,0",77,16,""
0,"0,2,127,1,2",78,15,""
1,"0,2,126,1,2",78,15,""
2,"13,2,32,1,1",78,15,""
0,213,79,14,""
1,"13,2,33,1,1",79,14,""
2,"8,1,89,1,1",79,14,""
0,214,80,13,""
1,"9,1,80,1,1",80,13,""
2,"150,1,0",80,13,""
0,"151,1,0",81,12,""
0,"83,1,14",82,11,""
1,"1,1,14,1,69,1,0",82,11,""
0,"18,1,88",83,10,""
1,"95,1,10",83,10,""
2,"0,1,133,1,2",83,10,""
0,216,84,9,""
1,215,84,9,2
2,"13,1,107",84,9,2
3,"3,1,120,1,1",84,9,""
0,"69,1,22",85,8,""
1,"76,1,18",85,8,""
2,"1,2,122,1,2",85,8,""
3,"3,1,121,1,1",85,8,""
0,"130,1,3",86,7,""
1,"2,1,122,1,2",86,7,""
2,"1,2,8,1,69,1,2",86,7,""
0,"131,1,3",87,6,""
1,"0,1,9,1,69,1,2",87,6,""
2,"0,2,132,1,2",87,6,""
3,"2,1,13,1,69,1,0",87,6,""
4,"1,2,142,1,0",87,6,""
0,"132,1,3",88,5,""
1,"10,1,69,1,2",88,5,1
2,"0,2,2,1,7,1,69,1,2",88,5,""
3,"2,1,11,1,69,1,1",88,5,""
4,"1,2,143,1,0",88,5,""
0,"2,1,7,1,69,1,3",89,4,""
1,"11,1,69,1,2",89,4,""
0,"0,3,206",63,31,""
0,217,64,30,""
0,"0,1,145,1,1",65,29,""
0,"152,1,0",66,28,1
0,"0,1,8,2,49,1,1",69,25,""
0,"8,1,77,1,2",70,24,""
1,"8,2,55,1,0",70,24,""
0,"8,1,78,1,2",71,23,0
0,"17,1,56,1,2",72,22,""
0,"136,1,2",73,21,1
0,"8,3,19,1,2",74,20,""
0,"8,3,20,1,2",75,19,""
1,"0,1,146,1,1",75,19,""
0,"137,1,2",76,18,""
1,"8,2,45,1,2",76,18,""
2,"16,1,64,1,0",76,18,""
0,"138,1,2",77,17,1
1,"8,2,46,1,2",77,17,""
0,"8,1,9,1,13,2,2",78,16,""
0,218,79,15,"1,2"
1,"9,1,13,1,32,1,2",79,15,""
0,"13,1,23,1,28",80,14,""
1,"8,1,79,1,2",80,14,""
2,"8,1,101,1,0",80,14,""
0,"2,1,204",81,13,""
1,"8,1,80,1,2",81,13,2
2,"13,1,80,1,0",81,13,""
0,219,82,12,""
1,"80,1,17",82,12,""
0,220,83,11,2
1,"23,1,79",83,11,""
2,"82,1,15",83,11,""
0,221,84,10,""
1,"24,1,79",84,10,""
2,"133,1,3",84,10,""
3,"13,1,75,1,1",84,10,""
4,"1,1,13,1,76,1,0",84,10,""
0,"25,1,79",85,9,""
1,"0,1,69,1,22",85,9,""
2,"134,1,3",85,9,""
3,"139,1,2",85,9,""
4,"13,1,76,1,1",85,9,2
0,"3,1,185",86,8,""
1,"76,1,20",86,8,""
2,"12,1,69,1,2",86,8,""
3,"0,1,2,1,122,1,2",86,8,""
0,222,87,7,2
1,"0,2,9,1,69,1,2",87,7,""
0,"0,1,10,1,69,1,2",88,6,3
0,"1,1,135,1,2",65,30,""
1,"1,2,145,1,0",65,30,""
0,"140,1,2",66,29,""
0,"110,1,7",68,27,""
0,"111,1,7",69,26,0
0,"0,1,8,1,77,1,2",70,25,""
0,223,71,24,0
1,"0,1,8,1,78,1,2",71,24,0
0,"8,2,31,1,7",72,23,""
1,"0,1,17,1,56,1,2",72,23,""
0,"8,1,16,1,17,1,7",73,22,""
0,"8,1,17,2,7",74,21,""
0,"8,1,60,1,7",75,20,""
0,"8,3,13,1,7",76,19,""
1,"0,1,137,1,2",76,19,""
0,"8,2,32,1,7",77,18,""
1,"0,1,138,1,2",77,18,0
0,"112,1,7",78,17,""
1,"8,1,13,1,23,1,7",78,17,""
2,"1,1,149,1,0",78,17,""
0,"113,1,7",79,16,0
1,"13,1,51,1,7",79,16,""
2,"149,1,1",79,16,""
0,224,80,15,1
1,"13,3,14",80,15,""
2,"0,1,8,1,79,1,2",80,15,""
0,225,81,14,""
1,"23,1,24,1,14",81,14,""
2,"2,1,126,1,2",81,14,""
3,"0,1,8,1,80,1,2",81,14,"0,1"
4,"156,1,0",81,14,""
0,226,82,13,""
1,"101,1,10",82,13,""
2,"106,1,8",82,13,""
3,"150,1,1",82,13,""
0,"107,1,8",83,12,2
1,"151,1,1",83,12,""
2,"13,1,83,1,0",83,12,""
0,227,84,11,""
1,"13,1,67,1,2",84,11,""
2,"9,1,95,1,0",84,11,""
0,"1,1,215",85,10,""
1,"141,1,2",85,10,""
2,"9,1,75,1,2",85,10,""
3,"15,1,69,1,1",85,10,""
4,"157,1,0",85,10,""
0,"69,1,23",86,9,""
1,"75,1,21",86,9,""
2,"91,1,14",86,9,""
3,"0,2,2,1,122,1,2",86,9,""
4,"16,1,69,1,0",86,9,""
0,"7,1,150",87,8,""
1,"76,1,21",87,8,""
2,"92,1,14",87,8,""
3,"17,1,69,1,0",87,8,""
0,"7,1,151",88,7,""
1,"94,1,14",88,7,""
2,"2,1,130,1,2",88,7,""
3,"158,1,0",88,7,""
0,"10,1,69,1,3",89,6,""
1,"7,1,92,1,2",89,6,""
2,"2,1,131,1,2",89,6,""
3,"2,1,13,1,69,1,1",89,6,""
0,"11,1,69,1,3",90,5,""
1,"13,1,69,1,2",90,5,""
2,"2,1,132,1,2",90,5,""
0,"142,1,2",91,4,""
1,"2,2,7,1,69,1,2",91,4,""
0,"143,1,2",92,3,2
0,"159,1,0",65,31,""
0,"0,1,140,1,2",66,30,""
0,"152,1,1",68,28,""
0,"153,1,1",69,27,0
0,"0,2,8,1,77,1,2",70,26,""
0,"0,2,8,1,78,1,2",71,25,""
0,"0,2,137,1,2",76,20,""
0,"1,1,137,1,2",77,19,""
1,"0,2,138,1,2",77,19,1
0,"16,1,64,1,1",78,18,""
0,"17,1,64,1,1",79,17,1
1,"0,1,149,1,1",79,17,""
0,"154,1,1",80,16,3
1,"160,1,0",80,16,3
0,"0,2,8,1,80,1,2",81,15,""
0,"0,1,226",82,14,""
1,"51,1,42",82,14,""
2,"8,1,101,1,1",82,14,""
0,228,83,13,2
1,"115,1,7",83,13,""
2,"13,1,80,1,1",83,13,""
0,"144,1,2",84,12,""
1,"155,1,1",84,12,""
0,"107,1,10",85,11,""
1,"0,1,141,1,2",85,11,""
0,"67,1,26",86,10,""
1,"0,1,69,1,23",86,10,""
2,"95,1,14",86,10,""
3,"1,1,139,1,2",86,10,""
0,"68,1,26",87,9,2
1,"2,1,134,1,2",87,9,""
2,"1,1,12,1,69,1,2",87,9,""
0,229,88,8,""
1,"0,1,7,1,151",88,8,""
2,"69,1,24",88,8,3
3,"7,1,95,1,2",88,8,""
0,230,89,7,3
1,"3,1,193",89,7,1
2,"69,1,25",89,7,2
3,"0,1,7,1,92,1,2",89,7,""
0,"0,1,13,1,69,1,2",90,6,""
0,"7,1,156",91,5,""
1,"2,1,69,1,21",91,5,""
2,"0,1,142,1,2",91,5,""
0,"69,1,26",92,4,""
1,"0,1,143,1,2",92,4,3
0,231,65,32,""
0,"0,2,140,1,2",66,31,""
0,"0,1,152,1,1",68,29,""
0,"145,1,2",69,28,""
1,"8,1,110,1,0",69,28,""
0,"111,1,8",70,27,0
0,"161,1,0",72,25,""
0,"8,2,49,1,2",73,24,""
0,"8,2,50,1,2",74,23,1
0,"16,1,17,2,2",75,22,""
0,"8,1,88,1,2",76,21,""
1,"0,3,137,1,2",76,21,""
0,"8,5,2",77,20,""
1,"0,3,138,1,2",77,20,""
0,"8,3,22,1,2",78,19,""
1,"0,1,16,1,64,1,1",78,19,""
0,"146,1,2",79,18,1
1,"8,3,23,1,2",79,18,""
2,"8,1,112,1,0",79,18,""
3,"1,2,149,1,0",79,18,""
0,"147,1,2",80,17,1
1,"8,2,51,1,2",80,17,""
0,"8,1,13,3,2",81,16,""
1,"13,4,0",81,16,""
0,232,82,15,0
1,"13,2,32,1,2",82,15,""
2,"13,1,23,1,24,1,0",82,15,""
3,"1,1,156,1,0",82,15,""
0,"13,2,33,1,2",83,14,""
1,"8,1,89,1,2",83,14,""
2,"9,1,101,1,0",83,14,""
3,"2,1,150,1,0",83,14,""
0,233,84,13,1
1,"9,1,80,1,2",84,13,1
2,"2,1,151,1,0",84,13,""
0,234,85,12,""
1,"13,1,83,1,1",85,12,""
0,"0,2,69,1,23",86,11,""
1,"1,1,141,1,2",86,11,""
2,"1,1,157,1,0",86,11,""
0,"18,1,95",87,10,""
1,"14,1,69,1,2",87,10,""
2,"157,1,1",87,10,""
3,"1,1,16,1,69,1,0",87,10,""
0,"13,1,123",88,9,2
1,"3,1,120,1,2",88,9,""
2,"16,1,69,1,1",88,9,""
3,"7,2,67,1,0",88,9,""
0,"3,1,121,1,2",89,8,""
1,"0,2,7,1,92,1,2",89,8,""
2,"17,1,69,1,1",89,8,2
3,"1,1,158,1,0",89,8,""
0,"94,1,17",90,7,""
1,"1,1,7,1,92,1,2",90,7,""
2,"0,2,13,1,69,1,2",90,7,""
3,"158,1,1",90,7,""
0,"7,1,159",91,6,""
1,"13,1,69,1,3",91,6,""
2,"1,1,13,1,69,1,2",91,6,""
3,"0,2,142,1,2",91,6,""
0,"7,1,69,1,7",92,5,""
1,"2,1,11,1,69,1,2",92,5,""
2,"1,1,142,1,2",92,5,""
3,"0,2,143,1,2",92,5,""
0,"1,1,143,1,2",93,4,""
1,"163,1,0",93,4,""
0,"7,2,69,1,0",94,3,""
0,"0,1,145,1,2",69,29,""
0,"0,1,111,1,8",70,28,0
0,"116,1,7",71,27,""
0,"117,1,7",72,26,0
0,"50,1,47",73,25,""
1,"0,1,8,2,49,1,2",73,25,""
0,235,74,24,1
1,"0,1,8,2,50,1,2",74,24,0
0,"8,2,39,1,7",75,23,""
0,"8,2,40,1,7",76,22,""
0,"8,1,17,1,20,1,7",77,21,""
0,"8,1,63,1,7",78,20,""
1,"1,2,137,1,2",78,20,""
0,"8,2,9,1,13,1,7",79,19,""
1,"0,1,146,1,2",79,19,""
0,"8,1,9,1,32,1,7",80,18,""
1,"0,1,147,1,2",80,18,0
0,"9,1,13,1,23,1,7",81,17,""
1,"8,1,64,1,7",81,17,""
0,"13,1,51,1,10",82,16,""
1,"118,1,7",82,16,0
2,"160,1,1",82,16,""
0,236,83,15,1
1,"0,1,8,1,89,1,2",83,15,""
0,237,84,14,""
1,"66,1,28",84,14,""
2,"0,1,9,1,80,1,2",84,14,""
0,238,85,13,1
1,"2,1,219",85,13,""
2,"3,1,204",85,13,""
3,"101,1,14",85,13,""
4,"1,1,144,1,2",85,13,""
0,239,86,12,""
1,"13,1,126",86,12,""
2,"0,3,69,1,23",86,12,""
0,"67,1,28",87,11,""
1,"69,1,27",87,11,""
2,"82,1,21",87,11,""
3,"13,1,95,1,0",87,11,""
0,"2,1,134,1,3",88,10,""
1,"13,1,75,1,2",88,10,""
2,"0,1,16,1,69,1,1",88,10,""
3,"164,1,0",88,10,""
0,"13,1,76,1,2",89,9,2
1,"19,1,69,1,0",89,9,3
0,"0,1,7,1,159",91,7,""
0,"0,1,7,1,69,1,7",92,6,""
1,"148,1,2",92,6,""
2,"7,2,70,1,0",92,6,""
0,"69,1,28",93,5,1
1,"4,1,7,1,69,1,2",93,5,""
0,"165,1,0",66,33,""
0,240,67,32,""
0,"0,2,145,1,2",69,30,""
0,"0,2,111,1,8",70,29,""
1,"1,1,145,1,2",70,29,""
0,"8,1,110,1,1",71,28,""
0,"8,1,111,1,1",72,27,0
0,"0,2,8,2,49,1,2",73,26,""
1,"1,1,161,1,0",73,26,""
0,"0,2,8,2,50,1,2",74,25,""
0,"0,2,146,1,2",79,20,""
0,"0,2,147,1,2",80,19,1
0,"8,1,112,1,1",81,18,""
0,"8,1,113,1,1",82,17,1
1,"0,1,160,1,1",82,17,""
0,"149,1,2",83,16,1
1,"13,4,1",83,16,""
2,"166,1,0",83,16,""
0,"0,2,9,1,80,1,2",84,15,""
1,"13,1,23,1,24,1,1",84,15,""
2,"167,1,0",84,15,""
0,241,85,14,1
1,"2,1,150,1,1",85,14,""
2,"168,1,0",85,14,""
0,242,86,13,1
1,"150,1,2",86,13,""
2,"2,1,151,1,1",86,13,""
3,"169,1,0",86,13,""
0,"105,1,14",87,12,""
1,"151,1,2",87,12,""
2,"170,1,0",87,12,""
0,"107,1,14",88,11,""
1,"1,1,14,1,69,1,2",88,11,""
2,"0,1,13,1,75,1,2",88,11,""
3,"1,2,16,1,69,1,0",88,11,""
0,243,89,10,""
1,"95,1,18",89,10,""
2,"15,1,69,1,2",89,10,""
0,"74,1,26",90,9,""
1,"122,1,7",90,9,""
0,"8,1,69,1,7",91,8,""
1,"7,2,68,1,1",91,8,""
0,"69,1,29",92,7,2
1,"2,2,13,1,69,1,1",92,7,""
0,"7,2,100",93,6,""
1,"2,1,13,1,69,1,2",93,6,""
2,"1,2,142,1,2",93,6,""
0,"1,2,143,1,2",94,5,""
1,"1,1,163,1,0",94,5,""
0,"163,1,1",95,4,""
1,"1,1,7,2,69,1,0",95,4,""
0,"7,2,69,1,1",96,3,""
0,"0,1,240",67,33,""
0,"145,1,4",70,30,""
0,"0,1,8,1,110,1,1",71,29,""
0,"152,1,2",72,28,0
1,"8,1,116,1,0",72,28,""
0,"153,1,2",73,27,0
0,"8,2,55,1,2",76,24,""
0,"8,2,56,1,2",77,23,""
0,"137,1,5",78,22,""
1,"8,1,17,1,40,1,2",78,22,""
0,"8,1,100,1,2",79,21,""
1,"0,3,146,1,2",79,21,""
0,"8,4,9,1,2",80,20,""
0,"8,3,29,1,2",81,19,""
1,"0,1,8,1,112,1,1",81,19,""
0,"16,1,64,1,2",82,18,""
1,"8,2,9,1,23,1,2",82,18,""
2,"8,2,64,1,0",82,18,""
0,"17,1,64,1,2",83,17,1
1,"8,1,9,1,51,1,2",83,17,""
2,"0,1,149,1,2",83,17,""
0,"154,1,2",84,16,2
1,"9,1,13,3,2",84,16,""
0,244,85,15,0
1,"0,1,241",85,15,""
2,"13,1,32,1,28",85,15,""
3,"172,1,0",85,15,""
0,"0,1,242",86,14,2
1,"2,1,228",86,14,""
2,"8,1,101,1,2",86,14,""
3,"13,1,101,1,0",86,14,""
0,"1,1,239",87,13,""
1,"13,1,80,1,2",87,13,3
0,245,88,12,6
1,"32,1,79",88,12,""
2,"155,1,2",88,12,""
3,"21,1,69,1,0",88,12,""
0,246,89,11,4
1,"33,1,79",89,11,""
2,"34,1,78",89,11,""
3,"0,1,15,1,69,1,2",89,11,""
4,"13,1,95,1,1",89,11,""
0,247,90,10,""
1,"1,1,13,1,76,1,2",90,10,""
2,"164,1,1",90,10,""
0,"35,1,79",91,9,""
1,"2,1,7,1,95,1,2",91,9,""
2,"19,1,69,1,1",91,9,""
0,248,92,8,""
1,"7,1,176",92,8,""
2,"20,1,69,1,1",92,8,2
3,"174,1,0",92,8,3
0,249,93,7,"0,1"
1,"1,1,148,1,2",93,7,""
2,"0,1,2,1,13,1,69,1,2",93,7,""
0,"1,1,4,1,7,1,69,1,2",94,6,""
0,"0,1,163,1,1",95,5,""
0,"0,1,7,2,69,1,1",96,4,""
0,"1,1,165,1,0",67,34,""
0,250,70,31,""
0,"1,2,145,1,2",71,30,""
0,"0,1,152,1,2",72,29,""
0,"0,1,153,1,2",73,28,0
0,"8,1,71,1,7",74,27,""
0,"16,1,50,1,7",75,26,0
0,"17,1,50,1,7",76,25,""
0,"125,1,7",77,24,""
0,"8,3,16,1,7",78,23,""
0,"8,3,17,1,7",79,22,""
0,251,80,21,0
1,"8,1,16,1,23,1,7",80,21,""
0,252,81,20,0
1,"8,2,42,1,7",81,20,""
0,"8,2,13,2,7",82,19,""
1,"0,1,16,1,64,1,2",82,19,""
0,"8,1,13,1,32,1,7",83,18,""
1,"0,1,17,1,64,1,2",83,18,0
2,"0,2,149,1,2",83,18,""
0,"13,2,23,1,7",84,17,""
1,"8,1,72,1,7",84,17,""
2,"1,1,149,1,2",84,17,""
3,"0,1,154,1,2",84,17,1
0,"13,1,51,1,14",85,16,""
1,"127,1,7",85,16,1
2,"166,1,1",85,16,""
0,"23,1,95",86,15,""
1,"80,1,25",86,15,""
2,"13,1,52,1,14",86,15,""
3,"0,1,8,1,101,1,2",86,15,""
4,"167,1,1",86,15,1
5,"1,1,168,1,0",86,15,""
0,253,87,14,2
1,"150,1,3",87,14,""
2,"156,1,2",87,14,""
3,"0,1,13,1,80,1,2",87,14,""
4,"168,1,1",87,14,""
5,"176,1,0",87,14,""
6,"1,1,169,1,0",87,14,""
0,"69,1,30",88,13,""
1,"151,1,3",88,13,""
2,"169,1,1",88,13,""
3,"13,1,105,1,0",88,13,""
4,"1,1,170,1,0",88,13,""
0,"13,1,83,1,2",89,12,""
1,"0,2,15,1,69,1,2",89,12,""
2,"170,1,1",89,12,""
3,"177,1,0",89,12,""
0,"107,1,17",90,11,""
1,"9,1,95,1,2",90,11,""
0,"75,1,28",91,10,""
1,"157,1,2",91,10,""
2,"0,1,19,1,69,1,1",91,10,""
3,"179,1,0",91,10,""
0,254,92,9,""
1,"7,2,105",92,9,""
2,"76,1,28",92,9,""
3,"16,1,69,1,2",92,9,""
4,"8,2,69,1,0",92,9,""
0,255,93,8,""
1,"0,1,249",93,8,""
2,"17,1,69,1,2",93,8,1
0,"158,1,2",94,7,""
1,"23,1,69,1,0",94,7,""
0,"69,1,31",95,6,""
1,"24,1,69,1,0",95,6,""
2,"1,2,163,1,0",95,6,""
0,"25,1,69,1,0",96,5,""
1,"2,1,163,1,0",96,5,""
0,"0,1,250",70,32,""
0,"159,1,2",71,31,""
0,"0,2,152,1,2",72,30,""
0,"0,2,153,1,2",73,29,0
0,"8,1,116,1,1",74,28,""
0,"8,1,117,1,1",75,27,0
0,"5,1,137,1,0",79,23,""
0,"137,1,6",80,22,""
0,"138,1,6",81,21,0
0,"0,2,16,1,64,1,2",82,20,""
0,"0,2,17,1,64,1,2",83,19,""
1,"0,3,149,1,2",83,19,""
0,"0,2,154,1,2",84,18,""
1,"8,2,64,1,1",84,18,""
0,"8,1,118,1,1",85,17,1
1,"0,1,166,1,1",85,17,""
0,"160,1,2",86,16,"1,2"
1,"180,1,0",86,16,""
2,"1,1,172,1,0",86,16,""
0,"13,1,23,1,42",87,15,""
1,"172,1,1",87,15,""
0,"2,1,238",88,14,""
1,"13,1,101,1,1",88,14,""
0,"2,1,239",89,13,""
0,256,91,11,""
0,257,92,10,0
1,"0,1,16,1,69,1,2",92,10,""
0,258,93,9,"0,1,2"
1,"122,1,10",93,9,""
2,"0,1,17,1,69,1,2",93,9,2
3,"1,1,174,1,0",93,9,""
0,"9,1,69,1,7",94,8,""
1,"174,1,1",94,8,3
2,"181,1,0",94,8,""
0,"69,1,32",95,7,3
0,"2,1,69,1,28",96,6,""
0,"69,1,33",97,5,""
0,"175,1,1",70,33,""
0,259,71,32,""
1,"182,1,0",71,32,""
0,"183,1,0",72,31,""
0,"0,1,8,1,116,1,1",74,29,""
0,"8,1,110,1,2",75,28,""
1,"8,2,71,1,0",75,28,""
0,"8,1,111,1,2",76,27,0
0,"17,1,50,1,8",77,26,""
0,"59,1,44",78,25,0
1,"161,1,2",78,25,""
0,"8,3,31,1,2",79,24,""
0,"0,1,137,1,6",80,23,""
1,"8,2,16,1,17,1,2",80,23,""
0,"8,2,17,2,2",81,22,""
1,"184,1,0",81,22,1
0,"8,2,60,1,2",82,21,""
0,"8,4,13,1,2",83,20,""
0,"8,3,32,1,2",84,19,""
1,"0,1,8,2,64,1,1",84,19,""
0,"8,1,112,1,2",85,18,""
1,"8,2,13,1,23,1,2",85,18,""
2,"1,2,149,1,2",85,18,""
3,"8,2,72,1,0",85,18,""
0,"8,1,113,1,2",86,17,1
1,"8,1,13,1,51,1,2",86,17,""
2,"0,1,160,1,2",86,17,""
3,"13,2,51,1,0",86,17,""
0,260,87,16,0
1,"162,1,2",87,16,2
2,"13,4,2",87,16,""
3,"13,2,52,1,0",87,16,""
0,261,88,15,0
1,"13,1,23,1,24,1,2",88,15,""
2,"1,1,156,1,2",88,15,""
3,"1,1,176,1,0",88,15,""
0,"9,1,101,1,2",89,14,""
1,"2,1,150,1,2",89,14,""
2,"176,1,1",89,14,""
3,"27,1,69,1,0",89,14,""
0,"69,1,34",90,13,""
1,"2,1,151,1,2",90,13,""
2,"13,1,105,1,1",90,13,""
0,"177,1,1",91,12,""
1,"187,1,0",91,12,""
0,262,92,11,""
1,"1,1,157,1,2",92,11,""
2,"0,2,16,1,69,1,2",92,11,""
3,"178,1,1",92,11,""
4,"188,1,0",92,11,""
0,263,93,10,""
1,"1,1,16,1,69,1,2",93,10,""
2,"0,2,17,1,69,1,2",93,10,""
3,"179,1,1",93,10,""
4,"189,1,0",93,10,""
0,265,94,9,""
1,264,94,9,""
2,"7,2,67,1,2",94,9,""
3,"8,2,69,1,1",94,9,""
4,"0,1,174,1,1",94,9,""
0,266,95,8,1
1,"7,2,68,1,2",95,8,""
2,"1,1,158,1,2",95,8,""
3,"22,1,69,1,1",95,8,1
4,"190,1,0",95,8,""
0,267,96,7,""
1,"2,2,13,1,69,1,2",96,7,""
2,"23,1,69,1,1",96,7,""
3,"191,1,0",96,7,""
4,"28,1,69,1,0",96,7,""
0,268,97,6,""
1,"7,2,114",97,6,""
2,"69,1,35",97,6,""
3,"24,1,69,1,1",97,6,""
0,"25,1,69,1,1",98,5,""
1,"2,1,163,1,1",98,5,""
0,"69,1,36",99,4,""
1,"163,1,2",99,4,""
0,"7,2,69,1,2",100,3,""
0,"0,1,259",71,33,""
0,"1,1,159,1,2",72,32,""
0,269,73,31,1
0,270,74,30,0
0,"0,1,8,1,110,1,2",75,29,""
0,"0,1,8,1,111,1,2",76,28,0
0,"0,1,17,1,50,1,8",77,27,""
1,"8,1,77,1,7",77,27,""
0,"0,1,59,1,44",78,26,0
1,"8,1,78,1,7",78,26,0
0,"17,1,56,1,7",79,25,""
0,"136,1,7",80,24,""
1,"1,1,5,1,137,1,0",80,24,""
0,"8,3,19,1,7",81,23,""
0,"8,3,20,1,7",82,22,""
0,"137,1,7",83,21,""
1,"8,2,45,1,7",83,21,""
0,"138,1,7",84,20,0
1,"8,2,46,1,7",84,20,""
0,"8,1,9,1,13,2,7",85,19,""
1,"0,1,8,1,112,1,2",85,19,""
0,"9,1,13,1,32,1,7",86,18,""
1,"0,1,8,1,113,1,2",86,18,1
2,"0,2,160,1,2",86,18,""
0,"13,2,23,1,10",87,17,""
1,"8,1,79,1,7",87,17,""
2,"0,1,162,1,2",87,17,1
0,"8,1,80,1,7",88,16,0
0,"80,1,29",89,15,""
1,"0,1,176,1,1",89,15,""
0,272,90,14,""
1,271,90,14,1
2,"0,1,69,1,34",90,14,""
0,"23,1,104",91,13,""
0,"83,1,28",92,12,""
1,"23,1,75,1,0",92,12,""
0,273,93,11,3
1,"13,1,95,1,2",93,11,""
2,"0,3,17,1,69,1,2",93,11,""
3,"23,1,76,1,0",93,11,""
0,"164,1,2",94,10,""
1,"0,1,8,2,69,1,1",94,10,""
2,"192,1,0",94,10,""
0,274,95,9,0
1,"19,1,69,1,2",95,9,2
2,"8,1,9,1,69,1,0",95,9,""
3,"1,1,181,1,0",95,9,""
0,275,96,8,"0,2"
1,"20,1,69,1,2",96,8,2
2,"181,1,1",96,8,""
0,"0,1,69,1,35",97,7,""
1,"132,1,10",97,7,""
0,276,98,6,""
1,"69,1,37",98,6,""
2,"7,2,70,1,2",98,6,""
0,"0,1,163,1,2",99,5,""
1,"26,1,69,1,1",99,5,""
0,"0,1,7,2,69,1,2",100,4,""
0,"0,2,259",71,34,""
0,"165,1,2",72,33,""
1,"1,1,182,1,0",72,33,""
0,"182,1,1",73,32,""
0,"183,1,1",74,31,0
0,"0,2,8,1,110,1,2",75,30,""
0,"0,2,8,1,111,1,2",76,29,""
0,"8,2,71,1,1",77,28,""
0,"8,1,16,1,50,1,1",78,27,0
0,"1,1,161,1,2",79,26,""
0,"184,1,1",83,22,""
0,"185,1,1",84,21,1
0,"149,1,5",85,20,""
1,"0,2,8,1,112,1,2",85,20,""
0,"0,2,8,1,113,1,2",86,19,""
1,"0,3,160,1,2",86,19,""
0,"8,2,72,1,1",87,18,""
0,"13,2,51,1,1",88,17,""
1,"8,1,127,1,1",88,17,""
2,"193,1,0",88,17,""
0,"166,1,2",89,16,0
1,"13,2,52,1,1",89,16,""
2,"194,1,0",89,16,""
0,"2,1,150,1,3",90,15,""
1,"167,1,2",90,15,"1,3"
2,"1,1,27,1,69,1,0",90,15,""
0,"2,1,151,1,3",91,14,""
1,"168,1,2",91,14,""
0,"3,1,234",92,13,""
1,"67,1,39",92,13,""
2,"169,1,2",92,13,""
3,"1,1,187,1,0",92,13,""
0,277,93,12,0
1,"69,1,38",93,12,""
2,"133,1,10",93,12,""
3,"170,1,2",93,12,""
4,"187,1,1",93,12,""
5,"195,1,0",93,12,""
0,"67,1,41",94,11,""
1,"2,1,75,1,28",94,11,""
2,"1,2,16,1,69,1,2",94,11,""
3,"188,1,1",94,11,3
4,"1,1,189,1,0",94,11,""
0,278,95,10,""
1,"68,1,41",95,10,"3,4"
2,"0,1,19,1,69,1,2",95,10,""
3,"189,1,1",95,10,""
4,"196,1,0",95,10,""
0,279,96,9,2
1,"0,1,275",96,9,2
2,"0,1,20,1,69,1,2",96,9,0
3,"1,1,190,1,0",96,9,""
0,280,97,8,1
1,"13,1,69,1,7",97,8,""
2,"190,1,1",97,8,""
3,"197,1,0",97,8,""
4,"1,1,28,1,69,1,0",97,8,""
0,"69,1,39",98,7,0
1,"191,1,1",98,7,1
2,"198,1,0",98,7,""
3,"2,1,24,1,69,1,0",98,7,""
0,281,99,6,""
1,"69,1,40",99,6,""
2,"0,2,163,1,2",99,6,""
3,"2,1,25,1,69,1,0",99,6,""
0,"69,1,41",100,5,""
1,"163,1,3",100,5,""
2,"1,1,163,1,2",100,5,""
3,"3,1,163,1,0",100,5,""
0,"1,1,7,2,69,1,2",101,4,""
1,"7,1,143,1,0",101,4,""
0,"0,3,259",71,35,""
0,282,72,34,""
0,"0,1,182,1,1",73,33,""
0,"199,1,0",74,32,1
0,"0,1,8,2,71,1,1",77,29,""
0,"8,1,116,1,2",78,28,""
1,"8,2,77,1,0",78,28,""
0,"8,1,117,1,2",79,27,0
0,"17,1,78,1,2",80,26,""
0,"171,1,2",81,25,1
0,"8,3,39,1,2",82,24,""
0,"8,3,40,1,2",83,23,""
1,"0,1,184,1,1",83,23,""
0,"137,1,8",84,22,""
1,"8,2,17,1,20,1,2",84,22,""
2,"8,1,137,1,0",84,22,""
0,"138,1,8",85,21,0
1,"8,2,63,1,2",85,21,""
0,"8,3,9,1,13,1,2",86,20,""
0,283,87,19,"1,2"
1,"8,2,9,1,32,1,2",87,19,""
0,"8,1,9,1,13,1,23,1,2",88,18,""
1,"8,2,64,1,2",88,18,""
2,"8,2,79,1,0",88,18,""
0,284,89,17,1
1,"9,1,13,1,51,1,2",89,17,""
2,"8,1,118,1,2",89,17,2
3,"0,1,166,1,2",89,17,""
0,285,90,16,"0,3"
1,"13,3,28",90,16,""
2,"17,1,80,1,2",90,16,""
3,"0,1,167,1,2",90,16,2
0,"66,1,42",91,15,""
1,"173,1,2",91,15,2
2,"172,1,2",91,15,2
3,"23,1,80,1,0",91,15,""
0,"90,1,28",92,14,""
1,"13,1,101,1,2",92,14,""
2,"0,1,169,1,2",92,14,""
0,"3,1,239",93,13,""
1,"13,2,79",93,13,""
2,"0,1,69,1,38",93,13,""
3,"0,1,187,1,1",93,13,""
0,"67,1,42",94,12,""
1,"21,1,69,1,2",94,12,""
2,"23,1,75,1,1",94,12,""
3,"0,1,188,1,1",94,12,4
4,"201,1,0",94,12,4
0,"0,2,19,1,69,1,2",95,11,""
1,"23,1,76,1,1",95,11,""
2,"0,1,189,1,1",95,11,""
3,"1,1,192,1,0",95,11,""
0,"1,1,274",96,10,""
1,"91,1,28",96,10,""
2,"0,2,20,1,69,1,2",96,10,2
3,"202,1,0",96,10,""
0,"8,1,9,1,69,1,1",97,9,""
1,"0,1,190,1,1",97,9,""
2,"2,1,181,1,0",97,9,""
0,"174,1,2",98,8,1
1,"29,1,69,1,1",98,8,2
0,"2,2,69,1,28",99,7,""
1,"1,1,7,2,70,1,2",99,7,""
0,"69,1,42",100,6,""
1,"2,1,69,1,33",100,6,""
2,"3,1,69,1,28",100,6,""
0,"69,1,43",101,5,""
0,"1,1,165,1,2",73,34,""
1,"1,2,182,1,0",73,34,""
0,"175,1,2",74,33,""
0,"145,1,7",76,31,""
0,"111,1,22",77,30,0
0,"0,1,8,1,116,1,2",78,29,""
0,286,79,28,0
1,"0,1,8,1,117,1,2",79,28,0
0,"8,2,49,1,7",80,27,""
1,"0,1,17,1,78,1,2",80,27,""
0,"8,2,50,1,7",81,26,""
0,"16,1,17,2,7",82,25,""
0,"8,1,88,1,7",83,24,""
0,"0,1,137,1,8",84,23,""
1,"8,5,7",84,23,""
0,"0,1,138,1,8",85,22,0
1,"8,3,22,1,7",85,22,""
0,"146,1,7",86,21,""
1,"8,3,23,1,7",86,21,""
2,"5,1,149,1,0",86,21,""
0,"147,1,7",87,20,0
1,"8,2,51,1,7",87,20,""
2,"149,1,6",87,20,""
0,"17,1,139",88,19,0
1,"8,1,13,3,7",88,19,""
2,"0,1,8,2,64,1,2",88,19,""
0,"13,2,32,1,7",89,18,""
1,"0,1,8,1,118,1,2",89,18,0
2,"0,2,166,1,2",89,18,""
3,"1,1,193,1,0",89,18,""
0,"13,2,23,1,14",90,17,""
1,"8,1,89,1,7",90,17,""
2,"0,1,17,1,80,1,2",90,17,""
3,"0,2,167,1,2",90,17,""
0,"13,2,24,1,14",91,16,""
1,"9,1,80,1,7",91,16,0
2,"0,1,172,1,2",91,16,0
3,"194,1,1",91,16,""
0,"80,1,32",92,15,""
1,"168,1,3",92,15,""
2,"1,1,168,1,2",92,15,""
0,"176,1,2",93,14,""
1,"1,1,169,1,2",93,14,""
2,"30,1,69,1,1",93,14,""
3,"23,1,83,1,0",93,14,""
4,"1,2,187,1,0",93,14,""
0,"69,1,44",94,13,""
1,"13,1,105,1,2",94,13,""
2,"1,1,170,1,2",94,13,""
3,"31,1,69,1,0",94,13,""
4,"1,1,195,1,0",94,13,""
0,"177,1,2",95,12,""
1,"13,1,107,1,2",95,12,""
2,"0,3,19,1,69,1,2",95,12,""
3,"195,1,1",95,12,""
4,"2,1,188,1,0",95,12,""
0,287,96,11,""
1,"95,1,28",96,11,""
2,"178,1,2",96,11,1
3,"2,1,189,1,0",96,11,""
0,"76,1,37",97,10,""
1,"179,1,2",97,10,""
2,"0,1,8,1,9,1,69,1,1",97,10,""
0,288,98,9,""
1,"2,1,266",98,9,""
2,"8,2,69,1,2",98,9,""
3,"0,1,174,1,2",98,9,3
4,"8,1,13,1,69,1,0",98,9,""
0,290,99,8,1
1,289,99,8,""
2,"22,1,69,1,2",99,8,2
3,"197,1,1",99,8,""
4,"32,1,69,1,0",99,8,""
5,"2,1,191,1,0",99,8,""
0,292,100,7,""
1,291,100,7,4
2,"23,1,69,1,2",100,7,""
3,"198,1,1",100,7,4
4,"2,1,24,1,69,1,1",100,7,""
5,"204,1,0",100,7,""
6,"203,1,0",100,7,""
7,"33,1,69,1,0",100,7,""
0,294,101,6,""
1,293,101,6,""
2,"69,1,45",101,6,3
3,"24,1,69,1,2",101,6,""
4,"1,2,163,1,2",101,6,""
5,"2,1,25,1,69,1,1",101,6,""
6,"34,1,69,1,0",101,6,""
0,"25,1,69,1,2",102,5,""
1,"2,1,163,1,2",102,5,""
2,"3,1,163,1,1",102,5,""
3,"35,1,69,1,0",102,5,""
0,"7,1,143,1,1",103,4,2
0,"205,1,0",73,35,""
0,"0,1,175,1,2",74,34,""
0,"199,1,1",76,32,""
0,"200,1,1",77,31,0
0,"0,2,8,1,116,1,2",78,30,""
0,"0,2,8,1,117,1,2",79,29,""
0,"0,2,137,1,8",84,24,""
0,"0,2,138,1,8",85,23,0
1,"5,1,137,1,2",85,23,""
0,"8,1,137,1,1",86,22,""
0,"0,1,149,1,6",87,21,""
1,"8,1,138,1,1",87,21,1
0,"0,2,8,2,64,1,2",88,20,""
1,"206,1,0",88,20,3
0,"0,2,8,1,118,1,2",89,19,""
0,"207,1,0",90,18,""
0,"8,2,80,1,1",91,17,""
0,"13,1,32,1,42",92,16,""
1,"180,1,2",92,16,0
2,"1,1,172,1,2",92,16,""
0,295,93,15,3
1,"0,1,176,1,2",93,15,""
2,"23,1,80,1,1",93,15,""
0,297,94,14,""
1,296,94,14,""
2,"0,1,69,1,44",94,14,""
0,"1,1,21,1,69,1,2",95,13,""
1,"0,1,177,1,2",95,13,""
2,"0,1,195,1,1",95,13,""
0,"3,1,246",96,12,""
1,"69,1,46",96,12,2
2,"133,1,14",96,12,""
3,"201,1,1",96,12,""
0,298,97,11,""
1,"69,1,47",97,11,0
2,"134,1,14",97,11,""
3,"0,1,179,1,2",97,11,""
0,299,98,10,""
1,"74,1,41",98,10,""
2,"0,1,8,2,69,1,2",98,10,""
3,"202,1,1",98,10,""
4,"209,1,0",98,10,""
0,"174,1,3",99,9,""
1,"1,1,174,1,2",99,9,""
2,"0,1,22,1,69,1,2",99,9,3
3,"2,1,181,1,1",99,9,""
4,"0,1,197,1,1",99,9,""
5,"3,1,174,1,0",99,9,""
0,300,100,8,""
1,"13,1,69,1,10",100,8,""
2,"181,1,2",100,8,""
3,"0,1,23,1,69,1,2",100,8,""
0,"2,1,276",101,7,""
1,"0,1,69,1,45",101,7,3
2,"2,1,69,1,37",101,7,""
0,301,102,6,"5,7"
1,"1,1,69,1,43",102,6,""
2,"0,1,3,1,163,1,1",102,6,""
0,"69,1,48",103,5,9
1,"26,1,69,1,2",103,5,""
0,302,73,36,""
0,"0,2,175,1,2",74,35,""
0,"0,1,199,1,1",76,33,""
0,"182,1,2",77,32,""
1,"8,1,145,1,0",77,32,""
0,"183,1,2",78,31,0
0,"210,1,0",80,29,""
0,"8,2,71,1,2",81,28,""
0,"8,1,16,1,50,1,2",82,27,1
0,"8,1,17,1,50,1,2",83,26,""
0,"0,3,137,1,8",84,25,""
1,"8,1,125,1,2",84,25,""
0,"0,3,138,1,8",85,24,""
1,"8,4,16,1,2",85,24,""
0,"8,4,17,1,2",86,23,""
1,"0,1,8,1,137,1,1",86,23,""
0,"184,1,2",87,22,1
1,"8,2,16,1,23,1,2",87,22,""
2,"8,1,146,1,0",87,22,""
3,"1,1,5,1,149,1,0",87,22,""
0,"185,1,2",88,21,1
1,"8,3,42,1,2",88,21,""
0,"8,3,13,2,2",89,20,""
0,"149,1,7",90,19,1
1,"8,2,13,1,32,1,2",90,19,""
0,"8,1,13,2,23,1,2",91,18,""
1,"8,2,72,1,2",91,18,""
2,"13,3,23,1,0",91,18,""
3,"8,2,89,1,0",91,18,""
0,303,92,17,1
1,"13,2,51,1,2",92,17,""
2,"8,1,127,1,2",92,17,2
3,"13,3,24,1,0",92,17,""
0,304,93,16,1
1,"20,1,80,1,2",93,16,""
2,"13,2,52,1,2",93,16,""
0,"0,2,69,1,44",94,15,""
1,"186,1,2",94,15,1
2,"1,1,176,1,2",94,15,""
0,"27,1,69,1,2",95,14,""
1,"23,1,83,1,1",95,14,""
2,"1,1,31,1,69,1,0",95,14,""
0,"31,1,69,1,1",96,13,""
1,"0,1,201,1,1",96,13,""
2,"2,1,195,1,0",96,13,""
0,"17,1,69,1,6",97,12,3
1,"187,1,2",97,12,""
2,"2,1,188,1,1",97,12,""
3,"212,1,0",97,12,""
0,305,98,11,""
1,"75,1,42",98,11,""
2,"188,1,2",98,11,3
3,"0,2,8,2,69,1,2",98,11,""
4,"2,1,189,1,1",98,11,""
0,306,99,10,"1,2,5"
1,"76,1,42",99,10,""
2,"189,1,2",99,10,""
3,"0,2,22,1,69,1,2",99,10,""
0,308,100,9,4
1,307,100,9,""
2,"76,1,43",100,9,""
3,"8,1,13,1,69,1,1",100,9,""
4,"213,1,0",100,9,""
0,310,101,8,"0,5"
1,309,101,8,"0,3,5,8"
2,"23,1,69,1,3",101,8,""
3,"190,1,2",101,8,""
4,"32,1,69,1,1",101,8,8
5,"2,1,191,1,1",101,8,""
6,"2,1,198,1,0",101,8,""
7,"1,1,203,1,0",101,8,""
8,"1,1,33,1,69,1,0",101,8,""
0,311,102,7,""
1,"24,1,69,1,3",102,7,""
2,"191,1,2",102,7,5
3,"28,1,69,1,2",102,7,""
4,"204,1,1",102,7,""
5,"203,1,1",102,7,""
6,"33,1,69,1,1",102,7,""
7,"214,1,0",102,7,""
8,"36,1,69,1,0",102,7,""
9,"1,1,34,1,69,1,0",102,7,""
0,313,103,6,3
1,312,103,6,""
2,"25,1,69,1,3",103,6,""
3,"34,1,69,1,1",103,6,""
4,"1,1,35,1,69,1,0",103,6,""
0,314,104,5,0
1,"35,1,69,1,1",104,5,""
2,"37,1,69,1,0",104,5,""
0,315,105,4,""
1,"38,1,69,1,0",105,4,""
0,"0,1,182,1,2",77,33,""
0,"0,1,183,1,2",78,32,0
0,"152,1,7",79,31,""
0,"153,1,7",80,30,0
0,"111,1,25",81,29,""
1,"0,1,8,2,71,1,2",81,29,""
0,316,82,28,1
1,"0,1,8,1,16,1,50,1,2",82,28,"0,1"
0,"8,2,55,1,7",83,27,""
0,"8,2,56,1,7",84,26,""
0,"8,1,17,1,40,1,7",85,25,""
0,"8,1,100,1,7",86,24,""
1,"1,1,5,1,137,1,2",86,24,""
0,"8,4,9,1,7",87,23,""
1,"0,1,184,1,2",87,23,""
0,"8,3,29,1,7",88,22,""
1,"0,1,185,1,2",88,22,0
0,"16,1,64,1,7",89,21,""
1,"8,2,9,1,23,1,7",89,21,""
0,"17,1,64,1,7",90,20,0
1,"8,1,9,1,51,1,7",90,20,""
2,"206,1,1",90,20,""
0,"154,1,7",91,19,1
1,"9,1,13,3,7",91,19,""
2,"0,1,8,2,72,1,2",91,19,""
0,"64,1,50",92,18,""
1,"13,2,32,1,10",92,18,""
2,"0,1,8,1,127,1,2",92,18,""
0,"8,1,101,1,7",93,17,""
1,"0,1,20,1,80,1,2",93,17,""
0,"0,3,69,1,44",94,16,""
1,"13,1,80,1,7",94,16,""
0,317,95,15,2
1,"69,1,49",95,15,""
2,"80,1,39",95,15,""
3,"215,1,0",95,15,""
0,319,96,14,""
1,318,96,14,""
2,"32,1,104",96,14,""
3,"0,1,31,1,69,1,1",96,14,""
0,321,97,13,2
1,320,97,13,2
2,"105,1,28",97,13,""
3,"0,1,187,1,2",97,13,""
4,"39,1,69,1,0",97,13,2
5,"13,1,133,1,0",97,13,""
0,322,98,12,"0,3"
1,"0,1,305",98,12,""
2,"107,1,28",98,12,""
3,"23,1,75,1,2",98,12,""
4,"0,1,188,1,2",98,12,3
5,"13,1,134,1,0",98,12,""
0,324,99,11,4
1,323,99,11,4
2,"3,1,257",99,11,4
3,"23,1,76,1,2",99,11,""
4,"0,1,189,1,2",99,11,""
5,"2,1,202,1,0",99,11,""
6,"1,1,209,1,0",99,11,""
0,326,100,10,3
1,325,100,10,""
2,"0,1,308",100,10,3
3,"0,1,307",100,10,""
4,"3,1,258",100,10,"6,7"
5,"192,1,2",100,10,3
6,"1,2,174,1,2",100,10,""
7,"209,1,1",100,10,""
8,"0,1,8,1,13,1,69,1,1",100,10,""
9,"2,2,181,1,0",100,10,""
0,327,101,9,""
1,"0,1,309",101,9,""
2,"181,1,3",101,9,""
3,"8,1,9,1,69,1,2",101,9,""
4,"1,1,181,1,2",101,9,""
5,"0,1,190,1,2",101,9,""
6,"3,1,174,1,1",101,9,""
7,"9,1,13,1,69,1,0",101,9,""
8,"3,1,181,1,0",101,9,""
0,328,102,8,3
1,"29,1,69,1,2",102,8,2
2,"0,1,191,1,2",102,8,"4,5"
3,"0,1,203,1,1",102,8,""
4,"216,1,0",102,8,5
0,"0,1,312",103,7,""
1,"1,1,301",103,7,6
2,"2,1,69,1,42",103,7,""
0,"0,1,314",104,6,6
1,"2,1,69,1,43",104,6,""
0,"217,1,0",74,37,""
0,329,75,36,""
0,"0,2,182,1,2",77,34,""
0,"1,1,182,1,2",78,33,""
1,"0,2,183,1,2",78,33,""
0,"8,1,145,1,1",79,32,""
0,"16,1,111,1,1",80,31,0
0,"17,1,111,1,1",81,30,""
1,"1,1,210,1,0",81,30,""
0,"210,1,1",82,29,""
0,"0,2,184,1,2",87,24,""
0,"0,2,185,1,2",88,23,1
0,"8,1,146,1,1",89,22,""
0,"8,1,147,1,1",90,21,1
1,"0,1,206,1,1",90,21,""
0,"149,1,8",91,20,1
1,"8,1,149,1,0",91,20,""
0,"0,2,8,1,127,1,2",92,19,""
0,330,93,18,1
1,"13,3,23,1,1",93,18,""
0,331,94,17,"0,2"
1,"193,1,2",94,17,2
2,"13,3,24,1,1",94,17,""
3,"219,1,0",94,17,""
0,"194,1,2",95,16,2
1,"220,1,0",95,16,""
0,"0,1,318",96,15,""
1,"1,1,27,1,69,1,2",96,15,""
2,"1,2,31,1,69,1,0",96,15,""
0,"0,1,320",97,14,""
1,"13,1,67,1,14",97,14,""
2,"30,1,69,1,2",97,14,""
3,"0,2,187,1,2",97,14,""
0,332,98,13,""
1,"13,1,75,1,10",98,13,""
2,"1,1,187,1,2",98,13,""
3,"0,2,188,1,2",98,13,2
4,"2,1,195,1,1",98,13,""
5,"1,1,212,1,0",98,13,""
0,"16,1,69,1,7",99,12,""
1,"188,1,3",99,12,""
2,"195,1,2",99,12,""
3,"0,2,189,1,2",99,12,""
4,"212,1,1",99,12,""
5,"3,1,178,1,1",99,12,""
6,"3,1,188,1,0",99,12,""
7,"2,2,189,1,0",99,12,""
0,"95,1,33",100,11,""
1,"17,1,69,1,7",100,11,2
2,"189,1,3",100,11,""
3,"1,1,189,1,2",100,11,""
4,"0,1,209,1,1",100,11,""
5,"3,1,189,1,0",100,11,""
0,333,101,10,6
1,"196,1,2",101,10,""
2,"0,1,8,1,9,1,69,1,2",101,10,""
3,"0,1,3,1,174,1,1",101,10,""
4,"221,1,0",101,10,""
5,"1,1,213,1,0",101,10,""
0,"2,1,289",102,9,""
1,"69,1,50",102,9,3
2,"1,1,190,1,2",102,9,""
3,"0,1,29,1,69,1,2",102,9,3
4,"213,1,1",102,9,""
5,"3,1,190,1,0",102,9,""
6,"1,2,203,1,0",102,9,""
0,"13,1,69,1,14",103,8,""
1,"191,1,3",103,8,""
2,"197,1,2",103,8,""
3,"1,1,28,1,69,1,2",103,8,""
4,"2,1,198,1,1",103,8,""
5,"3,1,191,1,0",103,8,""
6,"1,1,214,1,0",103,8,""
7,"1,1,36,1,69,1,0",103,8,""
0,"2,1,294",104,7,""
1,"198,1,2",104,7,3
2,"2,1,24,1,69,1,2",104,7,""
3,"36,1,69,1,1",104,7,""
4,"222,1,0",104,7,""
0,"2,1,25,1,69,1,2",105,6,""
0,"3,1,163,1,2",106,5,""
1,"37,1,69,1,1",106,5,""
0,"7,1,143,1,2",107,4,0
1,"38,1,69,1,1",107,4,""
0,"0,1,329",75,37,""
0,"0,3,183,1,2",78,34,""
0,"0,1,8,1,145,1,1",79,33,""
0,"199,1,2",80,32,0
1,"8,1,152,1,0",80,32,""
0,"200,1,2",81,31,0
0,"8,2,77,1,2",84,28,""
0,"8,2,78,1,2",85,27,""
0,"8,1,17,1,56,1,2",86,26,""
1,"224,1,0",86,26,""
0,"8,1,136,1,2",87,25,""
1,"225,1,0",87,25,""
0,"8,4,19,1,2",88,24,""
0,"8,4,20,1,2",89,23,""
1,"0,1,8,1,146,1,1",89,23,""
0,"8,1,137,1,2",90,22,""
1,"8,3,45,1,2",90,22,""
2,"8,1,16,1,64,1,0",90,22,""
0,"0,1,149,1,8",91,21,""
1,"8,1,138,1,2",91,21,1
2,"8,3,46,1,2",91,21,""
0,"154,1,8",92,20,0
1,"8,2,9,1,13,2,2",92,20,""
0,"0,1,330",93,19,""
1,"160,1,7",93,19,2
2,"8,1,9,1,13,1,32,1,2",93,19,""
3,"42,1,64,1,0",93,19,""
0,334,94,18,1
1,"0,1,331",94,18,2
2,"9,1,13,2,23,1,2",94,18,""
3,"8,2,79,1,2",94,18,""
0,335,95,17,1
1,"13,1,51,1,28",95,17,""
2,"8,2,80,1,2",95,17,3
0,"10,1,204",96,16,""
1,"22,1,80,1,2",96,16,""
2,"41,1,69,1,0",96,16,""
3,"23,1,101,1,0",96,16,""
4,"1,1,215,1,0",96,16,""
0,"23,1,80,1,2",97,15,""
1,"0,1,30,1,69,1,2",97,15,""
2,"0,3,187,1,2",97,15,""
3,"226,1,0",97,15,""
0,"51,1,79",98,14,""
1,"0,3,188,1,2",98,14,""
0,"83,1,42",99,13,""
1,"0,1,195,1,2",99,13,""
2,"39,1,69,1,1",99,13,""
3,"13,1,133,1,1",99,13,""
4,"0,1,212,1,1",99,13,""
0,337,100,12,"1,2"
1,336,100,12,2
2,"189,1,4",100,12,""
3,"201,1,2",100,12,1
4,"40,1,69,1,1",100,12,3
5,"13,1,134,1,1",100,12,""
6,"1,2,209,1,0",100,12,""
0,339,101,11,""
1,338,101,11,""
2,"1,1,192,1,2",101,11,""
3,"0,2,8,1,9,1,69,1,2",101,11,""
4,"2,1,209,1,0",101,11,""
0,340,102,10,6
1,"3,1,274",102,10,"4,5,6"
2,"202,1,2",102,10,3
3,"0,2,29,1,69,1,2",102,10,""
4,"2,2,181,1,1",102,10,""
0,341,103,9,3
1,"3,1,275",103,9,3
2,"2,1,181,1,2",103,9,""
3,"0,1,197,1,2",103,9,""
0,"0,1,198,1,2",104,8,0
1,"216,1,1",104,8,""
2,"0,1,36,1,69,1,1",104,8,""
0,"2,1,301",105,7,""
1,"3,1,276",105,7,""
2,"69,1,51",105,7,""
0,"0,1,3,1,163,1,2",106,6,""
0,"1,1,217,1,0",75,38,""
0,342,78,35,""
0,"1,2,182,1,2",79,34,""
0,"0,1,199,1,2",80,33,""
0,"0,1,200,1,2",81,32,0
0,"8,1,110,1,7",82,31,""
0,"8,1,111,1,7",83,30,0
0,"17,1,50,1,22",84,29,""
0,"161,1,7",85,28,""
0,"8,3,31,1,7",86,27,""
0,"8,2,16,1,17,1,7",87,26,""
0,343,88,25,0
1,"8,2,17,2,7",88,25,""
0,344,89,24,0
1,"8,2,60,1,7",89,24,""
0,"8,4,13,1,7",90,23,""
1,"0,1,8,1,137,1,2",90,23,""
0,"0,2,149,1,8",91,22,""
1,"8,3,32,1,7",91,22,""
2,"0,1,8,1,138,1,2",91,22,0
0,"0,1,154,1,8",92,21,0
1,"8,1,112,1,7",92,21,""
2,"8,2,13,1,23,1,7",92,21,""
3,"5,1,149,1,2",92,21,""
0,"8,1,113,1,7",93,20,1
1,"8,1,13,1,51,1,7",93,20,""
2,"8,1,149,1,1",93,20,""
0,"162,1,7",94,19,1
1,"13,4,7",94,19,""
2,"167,1,6",94,19,1
3,"0,1,8,2,79,1,2",94,19,""
0,"72,1,50",95,18,2
1,"13,2,32,1,14",95,18,""
2,"1,1,193,1,2",95,18,""
3,"0,1,8,2,80,1,2",95,18,""
0,"13,2,33,1,14",96,17,""
1,"9,1,101,1,7",96,17,""
2,"219,1,1",96,17,""
0,"13,1,80,1,10",97,16,""
1,"0,2,30,1,69,1,2",97,16,""
2,"220,1,1",97,16,""
0,345,98,15,""
1,"13,2,67,1,0",98,15,""
0,"23,1,83,1,2",99,14,""
1,"1,2,187,1,2",99,14,""
2,"0,2,195,1,2",99,14,""
3,"0,1,39,1,69,1,1",99,14,""
4,"228,1,0",99,14,""
0,"195,1,3",100,13,""
1,"31,1,69,1,2",100,13,""
2,"9,1,133,1,2",100,13,""
3,"1,1,195,1,2",100,13,""
4,"0,1,201,1,2",100,13,""
5,"3,1,195,1,0",100,13,""
6,"2,1,212,1,0",100,13,""
0,"95,1,37",101,12,""
1,"17,1,69,1,8",101,12,2
2,"2,1,188,1,2",101,12,3
3,"1,2,189,1,2",101,12,""
4,"3,1,188,1,1",101,12,""
5,"2,2,189,1,1",101,12,""
6,"1,1,3,1,189,1,0",101,12,""
0,"3,1,68,1,41",102,11,4
1,"2,1,189,1,2",102,11,""
2,"0,1,202,1,2",102,11,""
3,"3,1,189,1,1",102,11,""
4,"229,1,0",102,11,""
5,"43,1,67,1,0",102,11,""
0,"0,2,197,1,2",103,10,""
1,"221,1,1",103,10,4
2,"42,1,69,1,0",103,10,""
3,"1,1,3,1,190,1,0",103,10,""
0,"8,1,13,1,69,1,2",104,9,""
1,"3,1,190,1,1",104,9,""
2,"0,1,216,1,1",104,9,""
3,"3,1,197,1,0",104,9,""
0,"198,1,3",105,8,""
1,"2,1,24,1,69,1,3",105,8,""
2,"32,1,69,1,2",105,8,4
3,"2,1,191,1,2",105,8,""
4,"3,1,191,1,1",105,8,""
5,"3,1,198,1,0",105,8,""
0,"2,1,25,1,69,1,3",106,7,""
1,"204,1,2",106,7,""
2,"203,1,2",106,7,""
3,"33,1,69,1,2",106,7,""
4,"222,1,1",106,7,""
5,"230,1,0",106,7,""
0,346,107,6,""
1,"3,1,69,1,41",107,6,""
2,"34,1,69,1,2",107,6,""
3,"231,1,0",107,6,""
0,"69,1,53",108,5,2
1,"35,1,69,1,2",108,5,""
2,"7,1,163,1,0",108,5,""
0,"69,1,54",109,4,""
0,"0,1,342",78,36,""
0,"205,1,2",79,35,""
0,"0,2,199,1,2",80,34,""
0,"0,2,200,1,2",81,33,0
0,"8,1,152,1,1",82,32,""
0,"8,1,153,1,1",83,31,0
0,"1,1,224,1,0",87,27,""
0,"224,1,1",88,26,""
0,"225,1,1",89,25,1
0,"0,2,8,1,137,1,2",90,24,""
0,"0,3,149,1,8",91,23,""
1,"0,2,8,1,138,1,2",91,23,""
0,"0,2,154,1,8",92,22,""
1,"8,1,16,1,64,1,1",92,22,""
0,"8,1,17,1,64,1,1",93,21,1
1,"0,1,8,1,149,1,1",93,21,""
0,"206,1,2",94,20,"1,2"
1,"8,1,160,1,0",94,20,""
2,"1,1,42,1,64,1,0",94,20,""
0,"0,2,8,2,80,1,2",95,19,""
0,"207,1,2",96,18,2
0,"13,3,42",97,17,""
1,"208,1,2",97,17,"1,2"
0,"13,1,204",98,16,3
1,"23,1,101,1,1",98,16,""
0,347,99,15,""
1,"226,1,1",99,15,""
0,348,100,14,2
1,"2,1,320",100,14,""
2,"0,1,31,1,69,1,2",100,14,""
3,"0,2,201,1,2",100,14,""
0,349,101,13,"3,4"
1,"13,1,75,1,14",101,13,""
2,"0,1,17,1,69,1,8",101,13,2
3,"0,1,2,1,188,1,2",101,13,3
4,"0,1,3,1,188,1,1",101,13,""
5,"234,1,0",101,13,""
0,351,102,12,""
1,350,102,12,0
2,"13,1,76,1,14",102,12,""
3,"19,1,69,1,7",102,12,""
4,"0,1,3,1,189,1,1",102,12,""
0,353,103,11,""
1,352,103,11,4
2,"20,1,69,1,7",103,11,"3,4"
3,"202,1,3",103,11,""
0,354,104,10,""
1,"69,1,55",104,10,""
2,"2,1,181,1,3",104,10,""
3,"209,1,2",104,10,""
4,"0,1,8,1,13,1,69,1,2",104,10,""
0,357,105,9,"3,5"
1,356,105,9,"3,4"
2,355,105,9,"4,6"
3,"3,1,174,1,2",105,9,3
4,"0,1,32,1,69,1,2",105,9,3
5,"235,1,0",105,9,6
0,359,106,8,"2,6"
1,358,106,8,"1,5,6"
2,"13,1,69,1,18",106,8,""
3,"0,1,203,1,2",106,8,""
0,360,107,7,""
1,"0,1,346",107,7,""
2,"3,2,69,1,28",107,7,""
3,"0,1,34,1,69,1,2",107,7,""
0,362,108,6,2
1,361,108,6,"2,8"
2,"3,1,69,1,43",108,6,""
0,"227,1,1",78,37,""
0,363,79,36,""
1,"236,1,0",79,36,""
0,"0,3,199,1,2",80,35,""
0,"0,1,8,1,152,1,1",82,33,""
0,"8,1,145,1,2",83,32,""
1,"8,2,110,1,0",83,32,""
0,"16,1,111,1,2",84,31,0
0,"17,1,111,1,2",85,30,""
0,"211,1,2",86,29,1
1,"210,1,2",86,29,1
0,"8,3,49,1,2",87,28,""
0,"8,3,50,1,2",88,27,""
1,"0,1,224,1,1",88,27,""
0,"8,1,16,1,17,2,2",89,26,""
1,"237,1,0",89,26,1
0,"8,2,88,1,2",90,25,""
0,"8,6,2",91,24,""
0,"8,4,22,1,2",92,23,""
1,"0,1,8,1,16,1,64,1,1",92,23,""
0,"8,1,146,1,2",93,22,""
1,"8,4,23,1,2",93,22,""
2,"1,1,5,1,149,1,2",93,22,""
3,"8,2,112,1,0",93,22,""
0,"8,1,147,1,2",94,21,1
1,"8,3,51,1,2",94,21,""
2,"0,1,206,1,2",94,21,""
0,364,95,20,0
1,"17,1,113,1,2",95,20,2
2,"8,2,13,3,2",95,20,""
0,"166,1,7",96,19,0
1,"8,1,13,2,32,1,2",96,19,""
2,"0,1,207,1,2",96,19,""
3,"13,3,32,1,0",96,19,""
0,"167,1,7",97,18,0
1,"13,3,23,1,2",97,18,""
2,"8,2,89,1,2",97,18,""
3,"13,3,33,1,0",97,18,""
0,365,98,17,0
1,"13,3,24,1,2",98,17,""
2,"8,1,9,1,80,1,2",98,17,""
0,"150,1,14",99,16,""
1,"187,1,5",99,16,""
2,"23,1,89,1,2",99,16,""
0,"0,1,348",100,15,""
1,"151,1,14",100,15,""
2,"0,2,31,1,69,1,2",100,15,""
3,"0,3,201,1,2",100,15,""
4,"13,2,67,1,1",100,15,""
0,"0,1,349",101,14,""
1,"0,2,17,1,69,1,8",101,14,""
2,"1,1,31,1,69,1,2",101,14,""
3,"228,1,1",101,14,""
0,366,102,13,4
1,"2,1,188,1,3",102,13,""
2,"2,1,195,1,2",102,13,""
3,"3,1,195,1,1",102,13,""
4,"2,1,212,1,1",102,13,""
0,"0,1,352",103,12,""
1,"95,1,42",103,12,""
2,"2,1,189,1,3",103,12,""
3,"212,1,2",103,12,""
4,"3,1,178,1,2",103,12,""
5,"8,1,17,1,69,1,1",103,12,3
0,367,104,11,"0,5,6"
1,"95,1,43",104,11,""
2,"0,1,209,1,2",104,11,""
3,"0,2,8,1,13,1,69,1,2",104,11,""
4,"229,1,1",104,11,""
5,"43,1,67,1,1",104,11,""
6,"1,1,42,1,69,1,0",104,11,""
0,368,105,10,""
1,"0,1,356",105,10,""
2,"0,1,355",105,10,""
3,"57,1,79",105,10,""
4,"0,1,3,1,174,1,2",105,10,""
5,"0,2,32,1,69,1,2",105,10,""
6,"43,1,68,1,1",105,10,""
0,369,106,9,""
1,"3,1,290",106,9,0
2,"35,1,123",106,9,""
3,"213,1,2",106,9,""
4,"0,2,203,1,2",106,9,""
5,"3,1,197,1,1",106,9,""
6,"239,1,0",106,9,""
0,"37,1,114",107,8,""
1,"43,1,100",107,8,""
2,"203,1,3",107,8,""
3,"33,1,69,1,3",107,8,""
4,"2,1,198,1,2",107,8,""
5,"1,1,203,1,2",107,8,""
6,"1,1,33,1,69,1,2",107,8,""
7,"3,1,198,1,1",107,8,""
8,"3,1,203,1,0",107,8,""
0,"38,1,114",108,7,""
1,"214,1,2",108,7,""
2,"36,1,69,1,2",108,7,""
3,"1,1,34,1,69,1,2",108,7,""
4,"230,1,1",108,7,""
5,"240,1,0",108,7,""
0,"1,1,35,1,69,1,2",109,6,""
1,"231,1,1",109,6,""
2,"241,1,0",109,6,""
3,"1,1,7,1,163,1,0",109,6,""
0,"37,1,69,1,2",110,5,""
1,"7,1,163,1,1",110,5,""
2,"242,1,0",110,5,""
0,"38,1,69,1,2",111,4,1
0,"0,1,363",79,37,""
0,"1,1,205,1,2",80,36,""
0,370,81,35,1
0,371,82,34,0
0,"0,1,8,1,145,1,2",83,33,""
0,"0,1,16,1,111,1,2",84,32,0
0,"8,1,116,1,7",85,31,""
1,"0,1,17,1,111,1,2",85,31,""
0,"8,1,117,1,7",86,30,0
1,"0,1,210,1,2",86,30,0
0,"17,1,78,1,7",87,29,""
0,"171,1,7",88,28,""
1,"1,2,224,1,0",88,28,""
0,"8,3,39,1,7",89,27,""
0,"8,3,40,1,7",90,26,""
0,"137,1,22",91,25,""
1,"8,2,17,1,20,1,7",91,25,""
0,"138,1,22",92,24,0
1,"8,2,63,1,7",92,24,""
0,"8,3,9,1,13,1,7",93,23,""
1,"0,1,8,1,146,1,2",93,23,""
0,"8,2,9,1,32,1,7",94,22,""
1,"0,1,8,1,147,1,2",94,22,0
2,"0,2,206,1,2",94,22,""
0,"8,1,9,1,13,1,23,1,7",95,21,""
1,"8,2,64,1,7",95,21,""
2,"0,1,17,1,113,1,2",95,21,1
0,"9,1,13,1,51,1,7",96,20,""
1,"8,1,118,1,7",96,20,0
0,"13,4,10",97,19,""
1,"17,1,80,1,7",97,19,""
0,"173,1,7",98,18,""
0,"13,1,101,1,7",99,17,""
0,372,100,16,1
1,"0,2,348",100,16,""
2,"13,1,80,1,14",100,16,""
3,"2,1,226,1,0",100,16,""
0,375,101,15,4
1,374,101,15,""
2,373,101,15,1
3,"13,2,104",101,15,""
4,"31,1,69,1,4",101,15,""
5,"215,1,2",101,15,""
0,376,102,14,2
1,"1,1,349",102,14,""
2,"105,1,37",102,14,""
3,"0,1,3,1,195,1,1",102,14,""
4,"13,2,75,1,0",102,14,""
0,"107,1,37",103,13,""
1,"39,1,69,1,2",103,13,3
2,"13,1,133,1,2",103,13,""
3,"0,1,212,1,2",103,13,""
4,"234,1,1",103,13,""
5,"13,2,76,1,0",103,13,""
6,"8,1,19,1,69,1,0",103,13,""
0,377,104,12,0
1,"18,1,174",104,12,""
2,"40,1,69,1,2",104,12,3
3,"13,1,134,1,2",104,12,""
4,"0,2,209,1,2",104,12,""
5,"243,1,0",104,12,""
0,"121,1,28",105,11,""
1,"209,1,3",105,11,""
2,"2,1,202,1,2",105,11,""
3,"1,1,209,1,2",105,11,""
0,378,106,10,"0,1,2,3,4"
1,"1,1,355",106,10,""
2,"2,2,181,1,2",106,10,""
3,"3,2,174,1,0",106,10,""
0,"9,1,13,1,69,1,2",107,9,""
1,"3,1,181,1,2",107,9,""
2,"235,1,1",107,9,""
3,"43,1,76,1,0",107,9,""
0,379,108,8,"0,2,5,6,8"
1,"69,1,58",108,8,""
2,"216,1,2",108,8,5
3,"0,1,36,1,69,1,2",108,8,""
0,"3,1,301",109,7,""
1,"69,1,60",109,7,""
2,"69,1,59",109,7,""
0,380,110,6,6
1,"0,1,37,1,69,1,2",110,6,""
2,"0,1,7,1,163,1,1",110,6,""
0,381,111,5,""
0,"0,2,363",79,38,""
0,"217,1,2",80,37,""
1,"1,1,236,1,0",80,37,""
0,"236,1,1",81,36,""
0,"183,1,6",82,35,0
0,"0,2,8,1,145,1,2",83,34,""
0,"0,2,16,1,111,1,2",84,33,""
0,"8,2,110,1,1",85,32,""
0,"8,2,111,1,1",86,31,0
0,"1,1,210,1,2",87,30,""
0,"237,1,1",91,26,""
0,"238,1,1",92,25,1
0,"0,2,8,1,146,1,2",93,24,""
1,"244,1,0",93,24,""
0,"0,2,8,1,147,1,2",94,23,""
1,"0,3,206,1,2",94,23,""
0,"245,1,0",95,22,""
0,"8,2,113,1,1",96,21,""
1,"246,1,0",96,21,""
0,"8,1,149,1,2",97,20,1
0,"167,1,8",98,19,"2,3"
1,"13,3,32,1,1",98,19,""
0,"218,1,2",99,18,3
1,"13,3,33,1,1",99,18,""
2,"248,1,0",99,18,""
0,382,100,17,""
1,"169,1,8",100,17,""
2,"219,1,2",100,17,3
3,"13,1,150,1,0",100,17,""
4,"5,1,187,1,0",100,17,""
0,"0,1,373",101,16,""
1,"69,1,61",101,16,""
2,"187,1,6",101,16,""
3,"220,1,2",101,16,""
4,"13,1,151,1,0",101,16,""
0,383,102,15,1
1,"13,1,83,1,14",102,15,""
2,"188,1,6",102,15,1
3,"1,2,31,1,69,1,2",102,15,""
4,"2,1,228,1,0",102,15,""
0,385,103,14,""
1,384,103,14,""
2,"13,1,95,1,10",103,14,""
3,"0,1,39,1,69,1,2",103,14,""
4,"0,2,212,1,2",103,14,""
5,"249,1,0",103,14,""
0,"0,1,377",104,13,"1,3"
1,"212,1,3",104,13,""
2,"1,1,212,1,2",104,13,""
3,"0,1,40,1,69,1,2",104,13,3
4,"0,3,209,1,2",104,13,""
0,"107,1,41",105,12,""
1,"8,2,69,1,7",105,12,""
2,"3,1,188,1,2",105,12,""
3,"2,2,189,1,2",105,12,""
4,"250,1,0",105,12,""
0,386,106,11,3
1,"36,1,123",106,11,"1,3"
2,"43,1,105",106,11,""
3,"22,1,69,1,7",106,11,3
4,"3,1,189,1,2",106,11,""
0,388,107,10,""
1,387,107,10,"0,2,3"
2,"3,1,307",107,10,""
3,"213,1,3",107,10,""
4,"221,1,2",107,10,2
5,"1,1,213,1,2",107,10,""
6,"0,1,235,1,1",107,10,""
7,"3,1,213,1,0",107,10,""
8,"1,1,239,1,0",107,10,""
0,389,108,9,""
1,"3,1,309",108,9,0
2,"37,1,123",108,9,""
3,"43,1,107",108,9,0
4,"3,1,190,1,2",108,9,""
5,"1,2,203,1,2",108,9,""
6,"0,1,216,1,2",108,9,""
7,"239,1,1",108,9,""
8,"251,1,0",108,9,""
0,391,109,8,""
1,390,109,8,"0,1"
2,"3,1,311",109,8,""
3,"3,1,191,1,2",109,8,0
4,"1,1,214,1,2",109,8,""
5,"1,1,36,1,69,1,2",109,8,""
6,"3,1,203,1,1",109,8,""
0,392,110,7,""
1,"3,1,313",110,7,""
2,"222,1,2",110,7,""
3,"240,1,1",110,7,""
0,393,111,6,""
1,"241,1,1",111,6,""
2,"2,1,7,1,163,1,0",111,6,""
0,"242,1,1",112,5,""
1,"3,1,38,1,69,1,0",112,5,""
0,"0,3,363",79,39,""
0,394,80,38,""
0,"0,1,236,1,1",81,37,""
0,"252,1,0",82,36,1
0,"0,1,8,2,110,1,1",85,33,""
0,"8,1,152,1,2",86,32,""
1,"8,2,116,1,0",86,32,""
0,"8,1,153,1,2",87,31,0
0,"17,1,117,1,2",88,30,""
0,"223,1,2",89,29,1
0,"8,3,55,1,2",90,28,""
0,"8,3,56,1,2",91,27,""
1,"0,1,237,1,1",91,27,""
0,"224,1,2",92,26,""
1,"8,2,17,1,40,1,2",92,26,""
2,"16,1,137,1,0",92,26,""
0,"225,1,2",93,25,1
1,"8,2,100,1,2",93,25,""
0,"8,5,9,1,2",94,24,""
0,395,95,23,"1,2"
1,"8,4,29,1,2",95,23,""
0,"8,1,16,1,64,1,2",96,22,""
1,"8,3,9,1,23,1,2",96,22,""
2,"8,3,64,1,0",96,22,""
0,396,97,21,1
1,"8,1,17,1,64,1,2",97,21,2
2,"8,2,9,1,51,1,2",97,21,""
3,"0,1,8,1,149,1,2",97,21,""
0,397,98,20,"0,3"
1,"0,1,167,1,8",98,20,"2,3"
2,"8,1,154,1,2",98,20,"2,3"
3,"8,1,9,1,13,3,2",98,20,""
0,"172,1,8",99,19,"2,3"
1,"180,1,7",99,19,0
2,"42,1,64,1,2",99,19,""
3,"9,1,13,2,32,1,2",99,19,""
0,"13,2,23,1,28",100,18,""
1,"167,1,10",100,18,1
2,"8,2,101,1,2",100,18,""
0,"0,1,69,1,61",101,17,""
1,"0,1,187,1,6",101,17,""
2,"8,1,13,1,80,1,2",101,17,""
3,"13,2,80,1,0",101,17,""
0,"114,1,37",102,16,""
1,"41,1,69,1,2",102,16,""
2,"23,1,101,1,2",102,16,""
3,"1,1,215,1,2",102,16,""
4,"254,1,0",102,16,3
0,"13,1,23,1,79",103,15,""
1,"170,1,10",103,15,""
2,"226,1,2",103,15,""
3,"0,2,39,1,69,1,2",103,15,""
0,"2,1,349",104,14,""
1,"67,1,63",104,14,""
2,"105,1,42",104,14,""
3,"0,2,40,1,69,1,2",104,14,""
4,"13,2,75,1,1",104,14,""
0,"2,1,350",105,13,2
1,"0,1,3,1,188,1,2",105,13,""
2,"13,2,76,1,1",105,13,""
3,"8,1,19,1,69,1,1",105,13,""
0,"68,1,64",106,12,3
1,"1,2,209,1,2",106,12,""
2,"0,1,3,1,189,1,2",106,12,""
3,"8,1,20,1,69,1,1",106,12,3
0,"128,1,28",107,11,""
1,"174,1,9",107,11,3
2,"2,1,209,1,2",107,11,""
0,"0,2,216,1,2",108,10,""
1,"43,1,74,1,1",108,10,""
2,"3,2,174,1,1",108,10,""
0,398,109,9,""
1,"43,1,76,1,1",109,9,""
2,"3,1,216,1,0",109,9,""
0,399,110,8,""
1,"69,1,63",110,8,""
2,"48,1,69,1,0",110,8,""
0,400,111,7,""
1,"69,1,65",111,7,""
2,"69,1,64",111,7,""
0,401,112,6,"1,3"
1,"69,1,67",112,6,""
2,"69,1,66",112,6,""
0,402,113,5,""
1,"69,1,68",113,5,2
0,"1,1,217,1,2",81,38,""
1,"1,2,236,1,0",81,38,""
0,"227,1,2",82,37,""
0,"182,1,7",84,35,""
0,"183,1,7",85,34,0
0,"0,1,8,1,152,1,2",86,33,""
0,403,87,32,0
1,"0,1,8,1,153,1,2",87,32,0
0,"8,2,71,1,7",88,31,""
1,"0,1,17,1,117,1,2",88,31,""
0,"8,1,16,1,50,1,7",89,30,""
0,"8,1,17,1,50,1,7",90,29,""
0,"8,1,125,1,7",91,28,""
0,"8,4,16,1,7",92,27,""
1,"0,1,224,1,2",92,27,""
0,"8,4,17,1,7",93,26,""
1,"0,1,225,1,2",93,26,0
0,"184,1,7",94,25,""
1,"8,2,16,1,23,1,7",94,25,""
2,"1,1,244,1,0",94,25,""
0,"185,1,7",95,24,0
1,"8,3,42,1,7",95,24,""
2,"244,1,1",95,24,""
0,"138,1,25",96,23,1
1,"8,3,13,2,7",96,23,""
2,"0,1,8,1,16,1,64,1,2",96,23,""
0,"8,2,13,1,32,1,7",97,22,""
1,"0,1,8,1,17,1,64,1,2",97,22,"0,1"
2,"245,1,1",97,22,""
3,"1,1,246,1,0",97,22,""
0,"8,1,13,2,23,1,7",98,21,""
1,"8,2,72,1,7",98,21,""
2,"0,1,8,1,154,1,2",98,21,""
3,"246,1,1",98,21,""
0,"0,1,172,1,8",99,20,0
1,"13,2,51,1,7",99,20,""
2,"8,1,127,1,7",99,20,0
0,"13,4,14",100,19,""
1,"20,1,80,1,7",100,19,""
0,"13,1,23,1,24,1,14",101,18,""
1,"186,1,7",101,18,""
2,"248,1,1",101,18,""
3,"1,1,5,1,187,1,0",101,18,""
0,"13,1,101,1,10",102,17,""
1,"13,1,150,1,1",102,17,""
2,"49,1,69,1,0",102,17,""
0,"0,1,226,1,2",103,16,""
1,"13,1,151,1,1",103,16,""
2,"13,2,83,1,0",103,16,""
0,"187,1,7",104,15,""
1,"13,2,67,1,2",104,15,""
2,"2,1,228,1,1",104,15,""
0,"188,1,7",105,14,2
1,"228,1,2",105,14,""
2,"9,1,13,1,75,1,2",105,14,""
3,"0,1,8,1,19,1,69,1,1",105,14,""
0,"133,1,28",106,13,""
1,"3,1,195,1,2",106,13,""
2,"2,1,212,1,2",106,13,""
3,"3,2,188,1,0",106,13,""
4,"1,1,250,1,0",106,13,""
0,"8,1,17,1,69,1,2",107,12,"2,3"
1,"1,1,3,1,189,1,2",107,12,""
2,"3,2,189,1,0",107,12,""
0,"23,1,69,1,8",108,11,""
1,"229,1,2",108,11,""
2,"43,1,67,1,2",108,11,""
0,"69,1,70",109,10,2
1,"43,1,68,1,2",109,10,2
2,"42,1,69,1,2",109,10,""
3,"1,1,3,1,190,1,2",109,10,""
4,"1,1,251,1,0",109,10,""
0,406,110,9,""
1,405,110,9,"0,1"
2,404,110,9,"1,2,3"
3,"3,1,197,1,2",110,9,""
4,"251,1,1",110,9,""
5,"7,1,190,1,0",110,9,""
6,"3,2,191,1,0",110,9,""
0,407,111,8,""
1,"0,1,400",111,8,""
2,"43,1,114",111,8,2
3,"0,1,69,1,64",111,8,""
4,"3,1,198,1,2",111,8,2
5,"3,1,222,1,0",111,8,""
0,408,112,7,""
1,"0,1,401",112,7,4
2,"0,1,69,1,66",112,7,""
3,"230,1,2",112,7,""
0,409,113,6,""
1,"69,1,71",113,6,""
2,"231,1,2",113,6,""
3,"2,1,7,1,163,1,1",113,6,""
0,410,114,5,""
1,"7,1,163,1,2",114,5,""
2,"3,1,38,1,69,1,1",114,5,""
0,"256,1,0",81,39,""
0,"0,1,227,1,2",82,38,""
0,"252,1,1",84,36,""
0,"253,1,1",85,35,0
0,"0,2,8,1,152,1,2",86,34,""
0,"0,2,8,1,153,1,2",87,33,""
0,"0,2,224,1,2",92,28,""
0,"1,1,224,1,2",93,27,""
1,"0,2,225,1,2",93,27,1
0,"16,1,137,1,1",94,26,""
0,"16,1,138,1,1",95,25,1
1,"0,1,244,1,1",95,25,""
0,"17,1,138,1,1",96,24,3
1,"257,1,0",96,24,3
0,"0,2,8,1,17,1,64,1,2",97,23,""
0,"258,1,0",98,22,""
0,"8,2,118,1,1",99,21,""
0,"8,1,160,1,2",100,20,1
1,"1,1,42,1,64,1,2",100,20,""
0,"232,1,2",101,19,2
0,"13,1,51,1,42",102,18,""
1,"233,1,2",102,18,2
2,"260,1,0",102,18,""
0,"13,1,228",103,17,3
1,"1,1,41,1,69,1,2",103,17,""
2,"0,2,226,1,2",103,17,""
3,"13,2,80,1,1",103,17,""
0,"69,1,72",104,16,""
1,"226,1,3",104,16,""
2,"254,1,1",104,16,""
0,"69,1,73",105,15,4
1,"255,1,1",105,15,4
0,"13,1,95,1,14",106,14,""
1,"209,1,5",106,14,""
2,"0,1,3,1,195,1,2",106,14,""
3,"0,1,2,1,212,1,2",106,14,""
0,"3,1,337",107,13,""
1,"164,1,14",107,13,""
2,"234,1,2",107,13,""
3,"0,1,8,1,17,1,69,1,2",107,13,""
0,"107,1,48",108,12,""
1,"8,1,9,1,69,1,7",108,12,""
2,"0,1,43,1,67,1,2",108,12,""
3,"261,1,0",108,12,""
0,"3,1,340",109,11,""
1,"43,1,118",109,11,""
2,"0,1,69,1,70",109,11,3
3,"29,1,69,1,7",109,11,3
4,"0,1,43,1,68,1,2",109,11,3
5,"262,1,0",109,11,""
0,411,110,10,""
1,"174,1,12",110,10,3
2,"0,1,3,1,197,1,2",110,10,""
3,"0,1,251,1,1",110,10,""
4,"263,1,0",110,10,""
0,412,111,9,""
1,"10,1,69,1,28",111,9,""
2,"235,1,2",111,9,2
3,"3,1,216,1,1",111,9,""
4,"1,1,48,1,69,1,0",111,9,""
0,"3,2,276",112,8,""
1,"53,1,69,1,0",112,8,""
0,"264,1,0",113,7,""
0,413,114,6,2
1,"0,1,7,1,163,1,2",114,6,""
0,414,115,5,2
1,"69,1,74",115,5,2
0,415,81,40,""
0,"0,2,227,1,2",82,39,""
0,"0,1,252,1,1",84,37,""
0,"236,1,2",85,36,""
1,"8,1,182,1,0",85,36,""
0,"183,1,8",86,35,0
0,"265,1,0",88,33,""
0,"8,2,110,1,2",89,32,""
0,"8,2,111,1,2",90,31,1
0,"16,1,17,1,50,1,2",91,30,""
0,"8,1,161,1,2",92,29,""
1,"0,3,224,1,2",92,29,""
0,"8,4,31,1,2",93,28,""
1,"0,3,225,1,2",93,28,""
0,"8,3,16,1,17,1,2",94,27,""
1,"0,1,16,1,137,1,1",94,27,""
0,"237,1,2",95,26,1
1,"8,3,17,2,2",95,26,""
2,"8,1,184,1,0",95,26,""
3,"1,2,244,1,0",95,26,""
0,"238,1,2",96,25,1
1,"8,3,60,1,2",96,25,""
0,"8,5,13,1,2",97,24,""
0,"149,1,22",98,23,1
1,"8,4,32,1,2",98,23,""
0,"8,2,112,1,2",99,22,""
1,"8,3,13,1,23,1,2",99,22,""
2,"8,3,72,1,0",99,22,""
0,416,100,21,1
1,"8,2,113,1,2",100,21,2
2,"8,2,13,1,51,1,2",100,21,""
0,"193,1,7",101,20,1
1,"8,1,162,1,2",101,20,""
2,"8,1,13,4,2",101,20,""
3,"13,5,0",101,20,""
0,"194,1,7",102,19,0
1,"23,1,113,1,2",102,19,2
2,"13,3,32,1,2",102,19,""
3,"13,2,23,1,24,1,0",102,19,""
0,"2,1,382",103,18,""
1,"167,1,14",103,18,0
2,"13,3,33,1,2",103,18,""
3,"8,1,9,1,101,1,2",103,18,""
0,418,104,17,"0,1"
1,417,104,17,"0,1"
2,"168,1,14",104,17,""
3,"9,1,13,1,80,1,2",104,17,""
4,"0,1,254,1,1",104,17,""
0,"13,1,234",105,16,""
1,"187,1,8",105,16,""
2,"50,1,69,1,1",105,16,""
3,"13,2,83,1,1",105,16,""
4,"8,1,187,1,0",105,16,""
0,"188,1,8",106,15,2
1,"228,1,3",106,15,""
2,"266,1,0",106,15,""
0,"0,2,8,1,17,1,69,1,2",107,14,""
1,"267,1,0",107,14,""
0,420,108,13,""
1,419,108,13,5
2,"95,1,51",108,13,""
3,"3,2,188,1,1",108,13,""
4,"268,1,0",108,13,""
0,421,109,12,""
1,"76,1,63",109,12,""
2,"7,1,188,1,1",109,12,""
3,"3,2,189,1,1",109,12,""
0,"75,1,66",110,11,""
1,"190,1,9",110,11,""
2,"1,1,42,1,69,1,2",110,11,""
0,422,111,10,""
1,"76,1,66",111,10,""
2,"0,1,235,1,2",111,10,""
3,"0,1,3,1,216,1,1",111,10,""
4,"269,1,0",111,10,""
5,"3,2,197,1,0",111,10,""
6,"2,1,251,1,0",111,10,""
0,424,112,9,"0,2,3,4"
1,423,112,9,""
2,"43,1,123",112,9,0
3,"239,1,2",112,9,"3,4"
4,"7,1,190,1,1",112,9,""
5,"3,2,191,1,1",112,9,""
6,"271,1,0",112,9,""
7,"270,1,0",112,9,""
8,"3,2,198,1,0",112,9,""
0,426,113,8,""
1,425,113,8,3
2,"3,1,203,1,2",113,8,""
3,"3,1,222,1,1",113,8,""
4,"272,1,0",113,8,""
5,"3,1,230,1,0",113,8,""
0,"0,1,413",114,7,""
1,"240,1,2",114,7,""
2,"0,2,7,1,163,1,2",114,7,""
3,"54,1,69,1,0",114,7,""
4,"3,1,231,1,0",114,7,""
0,"7,1,163,1,3",115,6,""
1,"241,1,2",115,6,""
2,"1,1,7,1,163,1,2",115,6,""
3,"273,1,0",115,6,""
0,"3,1,69,1,54",116,5,""
1,"242,1,2",116,5,""
0,"0,1,236,1,2",85,37,""
0,"0,1,183,1,8",86,36,0
0,"199,1,7",87,35,""
0,"200,1,7",88,34,0
0,"111,1,47",89,33,""
1,"0,1,8,2,110,1,2",89,33,""
0,427,90,32,1
1,"0,1,8,2,111,1,2",90,32,0
0,"8,2,77,1,7",91,31,""
0,"8,2,78,1,7",92,30,""
0,"8,1,17,1,56,1,7",93,29,""
0,"8,1,136,1,7",94,28,""
1,"1,2,224,1,2",94,28,""
0,"8,4,19,1,7",95,27,""
1,"0,1,237,1,2",95,27,""
0,"8,4,20,1,7",96,26,""
1,"0,1,238,1,2",96,26,0
0,"8,1,137,1,7",97,25,""
1,"8,3,45,1,7",97,25,""
0,"8,1,138,1,7",98,24,0
1,"8,3,46,1,7",98,24,""
2,"257,1,1",98,24,""
0,"154,1,22",99,23,1
1,"8,2,9,1,13,2,7",99,23,""
2,"0,1,8,2,112,1,2",99,23,""
0,"64,1,81",100,22,""
1,"8,1,9,1,13,1,32,1,7",100,22,""
2,"0,1,8,2,113,1,2",100,22,""
0,"9,1,13,2,23,1,7",101,21,""
1,"8,2,79,1,7",101,21,""
2,"0,1,8,1,162,1,2",101,21,""
0,"13,2,51,1,10",102,20,""
1,"8,2,80,1,7",102,20,""
0,"22,1,80,1,7",103,19,""
1,"1,1,260,1,0",103,19,""
0,"23,1,80,1,7",104,18,""
1,"260,1,1",104,18,""
0,"13,1,238",105,17,1
1,"13,1,101,1,14",105,17,""
2,"0,1,187,1,8",105,17,""
3,"55,1,69,1,0",105,17,""
0,"13,1,239",106,16,""
1,"51,1,104",106,16,""
2,"0,1,188,1,8",106,16,1
3,"2,1,226,1,2",106,16,""
0,"3,1,348",107,15,""
1,"66,1,79",107,15,""
2,"13,1,67,1,28",107,15,""
3,"201,1,7",107,15,""
4,"13,2,95,1,0",107,15,""
5,"5,1,209,1,0",107,15,""
0,428,108,14,"1,3"
1,"3,1,349",108,14,""
2,"188,1,10",108,14,3
3,"209,1,6",108,14,""
4,"13,2,75,1,2",108,14,""
5,"13,1,164,1,0",108,14,""
0,"18,1,204",109,13,""
1,"189,1,10",109,13,""
2,"13,2,76,1,2",109,13,""
3,"8,1,19,1,69,1,2",109,13,""
4,"1,1,261,1,0",109,13,""
0,429,110,12,""
1,"68,1,78",110,12,2
2,"243,1,2",110,12,""
3,"8,1,20,1,69,1,2",110,12,2
4,"261,1,1",110,12,""
5,"275,1,0",110,12,""
0,"43,1,127",111,11,""
1,"174,1,14",111,11,"0,2"
2,"190,1,10",111,11,""
3,"3,1,209,1,2",111,11,""
4,"0,2,235,1,2",111,11,""
5,"262,1,1",111,11,""
0,430,112,10,4
1,"3,1,356",112,10,""
2,"3,1,355",112,10,""
3,"43,1,74,1,2",112,10,""
4,"3,2,174,1,2",112,10,""
5,"0,1,239,1,2",112,10,"3,4"
6,"263,1,1",112,10,""
0,431,113,9,""
1,"0,1,425",113,9,3
2,"3,1,359",113,9,"2,3,4"
3,"13,1,69,1,28",113,9,""
4,"43,1,76,1,2",113,9,3
0,433,114,8,""
1,432,114,8,""
2,"3,1,360",114,8,""
3,"69,1,77",114,8,""
4,"53,1,69,1,1",114,8,""
0,"3,1,361",115,7,""
1,"69,1,78",115,7,""
2,"2,1,69,1,66",115,7,""
3,"264,1,1",115,7,""
0,"2,1,402",116,6,""
1,"69,1,79",116,6,""
2,"57,1,69,1,0",116,6,""
0,434,117,5,""
1,"69,1,80",117,5,1
0,"276,1,0",82,41,""
0,435,83,40,""
0,"0,2,236,1,2",85,38,""
0,"0,2,183,1,8",86,37,""
1,"1,1,236,1,2",86,37,""
0,"8,1,182,1,1",87,36,""
0,"8,1,183,1,1",88,35,0
0,"0,2,8,2,110,1,2",89,34,""
1,"1,1,265,1,0",89,34,""
0,"0,2,8,2,111,1,2",90,33,""
0,"0,2,237,1,2",95,28,""
0,"0,2,238,1,2",96,27,1
0,"8,1,184,1,1",97,26,""
0,"8,1,185,1,1",98,25,1
1,"0,1,257,1,1",98,25,""
0,"244,1,2",99,24,1
1,"16,1,149,1,0",99,24,""
0,"0,2,8,2,113,1,2",100,23,""
0,"245,1,2",101,22,1
0,"247,1,2",102,21,"1,2"
1,"246,1,2",102,21,2
0,"8,1,166,1,2",103,20,1
1,"13,5,1",103,20,""
0,"8,1,167,1,2",104,19,1
1,"13,2,23,1,24,1,1",104,19,""
2,"0,1,260,1,1",104,19,""
3,"13,1,167,1,0",104,19,""
0,"1,1,417",105,18,3
1,"0,2,187,1,8",105,18,""
2,"248,1,2",105,18,1
3,"278,1,0",105,18,3
4,"13,1,168,1,0",105,18,""
0,436,106,17,""
1,"0,2,188,1,8",106,17,3
2,"13,1,150,1,2",106,17,""
3,"5,1,187,1,2",106,17,""
0,"13,1,105,1,14",107,16,""
1,"31,1,69,1,7",107,16,""
2,"13,1,151,1,2",107,16,""
3,"8,1,187,1,1",107,16,""
0,"17,1,69,1,22",108,15,2
1,"23,1,75,1,10",108,15,""
2,"0,1,209,1,6",108,15,""
3,"2,1,228,1,2",108,15,""
4,"266,1,1",108,15,""
5,"8,1,188,1,1",108,15,3
0,"188,1,11",109,14,5
1,"249,1,2",109,14,""
2,"0,1,8,1,19,1,69,1,2",109,14,""
3,"267,1,1",109,14,3
4,"279,1,0",109,14,5
0,"188,1,12",110,13,""
1,"0,1,8,1,20,1,69,1,2",110,13,""
2,"268,1,1",110,13,""
3,"280,1,0",110,13,""
0,437,111,12,"1,4"
1,"189,1,12",111,12,""
2,"250,1,2",111,12,1
3,"0,1,3,1,209,1,2",111,12,""
4,"0,3,235,1,2",111,12,""
0,438,112,11,""
1,"190,1,11",112,11,""
2,"235,1,4",112,11,""
3,"0,1,43,1,74,1,2",112,11,""
4,"1,1,269,1,0",112,11,""
0,"239,1,3",113,10,""
1,"3,1,213,1,2",113,10,""
2,"1,1,239,1,2",113,10,""
3,"269,1,1",113,10,""
4,"3,2,197,1,1",113,10,""
5,"2,1,251,1,1",113,10,""
6,"281,1,0",113,10,""
7,"1,1,270,1,0",113,10,""
0,439,114,9,""
1,"24,1,69,1,14",114,9,""
2,"191,1,12",114,9,""
3,"251,1,2",114,9,""
4,"271,1,1",114,9,""
5,"270,1,1",114,9,""
6,"3,2,198,1,1",114,9,""
7,"282,1,0",114,9,""
0,440,115,8,""
1,"3,1,38,1,114",115,8,""
2,"0,1,69,1,78",115,8,""
3,"272,1,1",115,8,""
4,"3,1,230,1,1",115,8,""
0,441,116,7,2
1,"0,1,69,1,79",116,7,""
2,"54,1,69,1,1",116,7,""
3,"3,1,231,1,1",116,7,""
0,"69,1,82",117,6,""
1,"2,1,7,1,163,1,2",117,6,""
2,"273,1,1",117,6,""
0,"3,1,38,1,69,1,2",118,5,""
0,"0,1,435",83,41,""
0,"236,1,4",86,38,""
0,"0,1,8,1,182,1,1",87,37,""
0,"252,1,2",88,36,0
1,"8,1,199,1,0",88,36,""
0,"253,1,2",89,35,0
0,"8,2,116,1,2",92,32,""
0,"8,2,117,1,2",93,31,""
0,"224,1,5",94,30,""
1,"8,1,17,1,78,1,2",94,30,""
0,"8,1,171,1,2",95,29,""
1,"0,3,237,1,2",95,29,""
0,"8,4,39,1,2",96,28,""
0,"8,4,40,1,2",97,27,""
1,"0,1,8,1,184,1,1",97,27,""
0,"16,1,137,1,2",98,26,""
1,"8,3,17,1,20,1,2",98,26,""
2,"8,2,137,1,0",98,26,""
0,"16,1,138,1,2",99,25,1
1,"8,3,63,1,2",99,25,""
2,"0,1,244,1,2",99,25,""
0,"17,1,138,1,2",100,24,2
1,"8,4,9,1,13,1,2",100,24,""
0,"206,1,7",101,23,1
1,"8,3,9,1,32,1,2",101,23,""
2,"0,1,245,1,2",101,23,""
3,"59,1,64,1,0",101,23,""
0,"149,1,25",102,22,"1,2"
1,"8,2,9,1,13,1,23,1,2",102,22,""
2,"8,3,64,1,2",102,22,""
3,"0,1,246,1,2",102,22,2
0,"207,1,7",103,21,1
1,"8,1,9,1,13,1,51,1,2",103,21,""
2,"8,2,118,1,2",103,21,2
0,"208,1,7",104,20,1
1,"9,1,13,4,2",104,20,""
2,"8,1,17,1,80,1,2",104,20,""
3,"1,2,260,1,0",104,20,""
0,"13,2,32,1,28",105,19,""
1,"194,1,10",105,19,0
2,"8,1,173,1,2",105,19,""
3,"274,1,1",105,19,""
0,"0,1,436",106,18,""
1,"0,3,188,1,8",106,18,""
2,"8,1,13,1,101,1,2",106,18,""
3,"13,2,101,1,0",106,18,""
0,442,107,17,1
1,"13,2,80,1,2",107,17,""
2,"55,1,69,1,1",107,17,""
3,"0,1,8,1,187,1,1",107,17,""
0,"13,1,32,1,79",108,16,""
1,"254,1,2",108,16,2
2,"56,1,69,1,1",108,16,""
3,"0,1,266,1,1",108,16,""
4,"8,1,201,1,0",108,16,""
5,"1,1,5,1,209,1,0",108,16,""
0,443,109,15,2
1,"105,1,51",109,15,""
2,"255,1,2",109,15,1
3,"13,2,95,1,1",109,15,""
4,"284,1,0",109,15,""
0,444,110,14,""
1,"0,2,8,1,20,1,69,1,2",110,14,""
2,"13,1,164,1,1",110,14,""
3,"286,1,0",110,14,""
4,"285,1,0",110,14,""
0,445,111,13,""
1,"209,1,7",111,13,""
2,"0,1,250,1,2",111,13,""
3,"287,1,0",111,13,""
4,"1,1,275,1,0",111,13,""
0,447,112,12,""
1,446,112,12,""
2,"275,1,1",112,12,""
3,"2,1,262,1,0",112,12,""
0,448,113,11,""
1,"174,1,17",113,11,2
2,"181,1,14",113,11,""
3,"7,1,209,1,0",113,11,""
0,"68,1,86",114,10,""
1,"0,1,251,1,2",114,10,""
2,"0,1,270,1,1",114,10,""
3,"288,1,0",114,10,""
0,450,115,9,7
1,449,115,9,"3,4,5,6"
2,"0,1,440",115,9,""
3,"69,1,83",115,9,""
4,"0,2,69,1,78",115,9,""
5,"3,1,216,1,2",115,9,4
6,"289,1,0",115,9,""
7,"2,1,53,1,69,1,0",115,9,""
0,451,116,8,""
1,"0,1,441",116,8,3
2,"3,2,301",116,8,""
3,"69,1,85",116,8,""
4,"69,1,84",116,8,3
5,"48,1,69,1,2",116,8,""
6,"2,1,264,1,0",116,8,""
0,452,117,7,""
1,"3,1,380",117,7,""
2,"1,1,69,1,79",117,7,""
0,"1,1,434",118,6,""
1,"57,1,69,1,1",118,6,""
0,"69,1,86",119,5,1
0,"1,1,276,1,0",83,42,""
0,453,86,39,""
0,"1,2,236,1,2",87,38,""
0,"0,1,252,1,2",88,37,""
0,"0,1,253,1,2",89,36,0
0,"8,1,145,1,7",90,35,""
0,"16,1,111,1,7",91,34,0
0,"17,1,111,1,7",92,33,""
0,"211,1,7",93,32,""
0,"8,3,49,1,7",94,31,""
0,"8,3,50,1,7",95,30,""
0,454,96,29,0
1,"8,1,16,1,17,2,7",96,29,""
0,455,97,28,0
1,"8,2,88,1,7",97,28,""
0,"8,6,7",98,27,""
1,"0,1,16,1,137,1,2",98,27,""
0,"8,4,22,1,7",99,26,""
1,"0,1,16,1,138,1,2",99,26,0
2,"0,2,244,1,2",99,26,""
0,"8,1,146,1,7",100,25,""
1,"8,4,23,1,7",100,25,""
2,"1,1,244,1,2",100,25,""
3,"0,1,17,1,138,1,2",100,25,1
0,"8,1,147,1,7",101,24,1
1,"8,3,51,1,7",101,24,""
2,"16,1,149,1,1",101,24,""
0,"17,1,113,1,7",102,23,1
1,"8,2,13,3,7",102,23,""
2,"0,1,8,3,64,1,2",102,23,""
3,"17,1,149,1,1",102,23,1
0,"154,1,25",103,22,2
1,"8,1,13,2,32,1,7",103,22,""
2,"1,1,246,1,2",103,22,""
3,"0,1,8,2,118,1,2",103,22,""
0,"13,3,23,1,7",104,21,""
1,"8,2,89,1,7",104,21,""
0,"13,2,51,1,14",105,20,""
1,"8,1,9,1,80,1,7",105,20,""
0,"13,2,52,1,14",106,19,""
1,"23,1,89,1,7",106,19,""
2,"13,1,167,1,1",106,19,""
3,"1,1,278,1,0",106,19,""
0,"2,1,417",107,18,""
1,"23,1,80,1,10",107,18,""
2,"1,1,5,1,187,1,2",107,18,""
3,"278,1,1",107,18,""
4,"13,1,168,1,1",107,18,""
0,"49,1,69,1,2",108,17,""
1,"0,1,254,1,2",108,17,""
2,"13,2,105,1,0",108,17,""
0,"50,1,69,1,2",109,16,2
1,"13,2,83,1,2",109,16,""
2,"0,1,255,1,2",109,16,2
0,456,110,15,"0,1,2"
1,"212,1,7",110,15,""
2,"9,1,13,1,95,1,2",110,15,""
3,"1,1,249,1,2",110,15,""
0,457,111,14,""
1,"13,1,75,1,28",111,14,""
2,"188,1,14",111,14,1
3,"2,1,268,1,0",111,14,""
4,"1,1,280,1,0",111,14,""
0,458,112,13,"0,2,3"
1,"189,1,14",112,13,""
2,"3,2,188,1,2",112,13,""
3,"1,1,250,1,2",112,13,""
0,459,113,12,5
1,"2,1,75,1,66",113,12,""
2,"7,1,188,1,2",113,12,""
3,"3,2,189,1,2",113,12,""
0,"75,1,79",114,11,""
1,"181,1,15",114,11,""
2,"190,1,14",114,11,""
3,"203,1,8",114,11,""
4,"1,1,3,1,213,1,2",114,11,""
5,"1,2,239,1,2",114,11,""
6,"0,2,251,1,2",114,11,""
7,"1,1,281,1,0",114,11,""
8,"1,2,270,1,0",114,11,""
0,460,115,10,""
1,"76,1,79",115,10,""
2,"197,1,12",115,10,""
3,"34,1,69,1,8",115,10,""
4,"251,1,3",115,10,""
5,"1,1,251,1,2",115,10,""
6,"0,1,3,1,216,1,2",115,10,""
7,"281,1,1",115,10,""
8,"2,1,270,1,0",115,10,""
9,"1,1,282,1,0",115,10,""
0,"43,1,144",116,9,""
1,"0,1,69,1,84",116,9,""
2,"76,1,80",116,9,""
3,"198,1,12",116,9,""
4,"7,1,190,1,2",116,9,""
5,"3,2,191,1,2",116,9,""
6,"282,1,1",116,9,""
7,"2,1,272,1,0",116,9,""
0,461,117,8,3
1,"43,1,146",117,8,""
2,"69,1,89",117,8,""
3,"3,1,222,1,2",117,8,""
4,"2,1,54,1,69,1,0",117,8,""
0,"3,1,393",118,7,""
1,"69,1,91",118,7,""
2,"69,1,90",118,7,""
3,"2,1,273,1,0",118,7,""
0,462,119,6,2
1,"0,1,69,1,86",119,6,2
0,"0,1,453",86,40,[NULL]
0,"256,1,2",87,39,[NULL]
0,"0,2,252,1,2",88,38,[NULL]
0,"0,2,253,1,2",89,37,[NULL]
0,"8,1,199,1,1",90,36,[NULL]
0,"8,1,200,1,1",91,35,[NULL]
0,"5,1,224,1,0",95,31,[NULL]
0,"224,1,6",96,30,[NULL]
0,"225,1,6",97,29,[NULL]
0,"0,2,16,1,137,1,2",98,28,[NULL]
0,"0,2,16,1,138,1,2",99,27,[NULL]
1,"0,3,244,1,2",99,27,[NULL]
0,"0,2,17,1,138,1,2",100,26,[NULL]
1,"8,2,137,1,1",100,26,[NULL]
0,"8,2,138,1,1",101,25,[NULL]
1,"0,1,16,1,149,1,1",101,25,[NULL]
0,"257,1,2",102,24,[NULL]
1,"8,1,206,1,0",102,24,[NULL]
2,"1,1,59,1,64,1,0",102,24,[NULL]
0,"17,1,154,1,1",103,23,[NULL]
0,"258,1,2",104,22,[NULL]
0,"259,1,2",105,21,[NULL]
0,"8,1,180,1,2",106,20,[NULL]
0,"13,2,23,1,42",107,19,[NULL]
1,"9,1,167,1,2",107,19,[NULL]
2,"0,1,278,1,1",107,19,[NULL]
0,"23,1,204",108,18,[NULL]
1,"260,1,2",108,18,[NULL]
2,"0,2,254,1,2",108,18,[NULL]
3,"13,2,101,1,1",108,18,[NULL]
4,"291,1,0",108,18,[NULL]
0,463,109,17,[NULL]
1,"0,1,50,1,69,1,2",109,17,[NULL]
2,"0,2,255,1,2",109,17,[NULL]
3,"292,1,0",109,17,[NULL]
0,"0,1,456",110,16,[NULL]
1,"8,1,201,1,1",110,16,[NULL]
0,464,111,15,[NULL]
1,"23,1,75,1,14",111,15,[NULL]
2,"284,1,1",111,15,[NULL]
3,"9,1,188,1,1",111,15,[NULL]
4,"293,1,0",111,15,[NULL]
0,"188,1,15",112,14,[NULL]
1,"23,1,76,1,14",112,14,[NULL]
2,"209,1,8",112,14,[NULL]
3,"286,1,1",112,14,[NULL]
4,"285,1,1",112,14,[NULL]
5,"8,1,209,1,0",112,14,[NULL]
6,"1,1,287,1,0",112,14,[NULL]
0,465,113,13,[NULL]
1,"235,1,5",113,13,[NULL]
2,"0,1,7,1,188,1,2",113,13,[NULL]
3,"287,1,1",113,13,[NULL]
4,"294,1,0",113,13,[NULL]
5,"2,1,275,1,0",113,13,[NULL]
0,466,114,12,[NULL]
1,"261,1,2",114,12,[NULL]
2,"2,1,262,1,1",114,12,[NULL]
3,"13,1,181,1,0",114,12,[NULL]
0,468,115,11,[NULL]
1,467,115,11,[NULL]
2,"262,1,2",115,11,[NULL]
3,"0,1,281,1,1",115,11,[NULL]
0,469,116,10,[NULL]
1,"263,1,2",116,10,[NULL]
2,"288,1,1",116,10,[NULL]
3,"1,1,289,1,0",116,10,[NULL]
0,471,117,9,[NULL]
1,470,117,9,[NULL]
2,"13,1,69,1,33",117,9,[NULL]
3,"1,1,48,1,69,1,2",117,9,[NULL]
0,472,118,8,[NULL]
1,"3,1,400",118,8,[NULL]
2,"35,1,69,1,10",118,8,[NULL]
3,"53,1,69,1,2",118,8,[NULL]
4,"2,1,264,1,1",118,8,[NULL]
0,"3,1,401",119,7,[NULL]
1,"2,1,69,1,79",119,7,[NULL]
2,"3,1,69,1,67",119,7,[NULL]
3,"264,1,2",119,7,[NULL]
0,"2,1,434",120,6,[NULL]
1,"2,1,69,1,80",120,6,[NULL]
0,"290,1,1",86,41,[NULL]
0,473,87,40,[NULL]
1,"295,1,0",87,40,[NULL]
0,"296,1,0",88,39,[NULL]
0,"0,1,8,1,199,1,1",90,37,[NULL]
0,"8,1,182,1,2",91,36,[NULL]
1,"8,2,145,1,0",91,36,[NULL]
0,"8,1,183,1,2",92,35,[NULL]
0,"17,1,111,1,8",93,34,[NULL]
0,"210,1,8",94,33,[NULL]
1,"265,1,2",94,33,[NULL]
0,"8,3,71,1,2",95,32,[NULL]
0,"0,1,224,1,6",96,31,[NULL]
1,"8,2,16,1,50,1,2",96,31,[NULL]
0,"8,2,17,1,50,1,2",97,30,[NULL]
1,"297,1,0",97,30,[NULL]
0,"8,2,125,1,2",98,29,[NULL]
0,"8,5,16,1,2",99,28,[NULL]
0,"8,5,17,1,2",100,27,[NULL]
1,"0,1,8,2,137,1,1",100,27,[NULL]
0,"8,1,184,1,2",101,26,[NULL]
1,"8,3,16,1,23,1,2",101,26,[NULL]
2,"1,2,244,1,2",101,26,[NULL]
3,"8,2,146,1,0",101,26,[NULL]
0,"8,1,185,1,2",102,25,[NULL]
1,"8,4,42,1,2",102,25,[NULL]
2,"0,1,257,1,2",102,25,[NULL]
0,474,103,24,[NULL]
1,"17,1,147,1,2",103,24,[NULL]
2,"8,4,13,2,2",103,24,[NULL]
0,"8,1,149,1,7",104,23,[NULL]
1,"8,3,13,1,32,1,2",104,23,[NULL]
2,"0,1,258,1,2",104,23,[NULL]
0,"167,1,22",105,22,[NULL]
1,"8,2,13,2,23,1,2",105,22,[NULL]
2,"8,3,72,1,2",105,22,[NULL]
0,"218,1,7",106,21,[NULL]
1,"8,1,13,2,51,1,2",106,21,[NULL]
2,"8,2,127,1,2",106,21,[NULL]
3,"13,3,51,1,0",106,21,[NULL]
0,"219,1,7",107,20,[NULL]
1,"13,5,2",107,20,[NULL]
2,"8,1,20,1,80,1,2",107,20,[NULL]
3,"64,2,0",107,20,[NULL]
4,"13,3,52,1,0",107,20,[NULL]
0,"194,1,14",108,19,[NULL]
1,"13,2,23,1,24,1,2",108,19,[NULL]
2,"8,1,186,1,2",108,19,[NULL]
3,"0,1,260,1,2",108,19,[NULL]
0,475,109,18,[NULL]
1,"9,1,13,1,101,1,2",109,18,[NULL]
2,"0,2,50,1,69,1,2",109,18,[NULL]
0,476,110,17,[NULL]
1,"0,2,456",110,17,[NULL]
2,"13,2,105,1,1",110,17,[NULL]
3,"0,1,8,1,201,1,1",110,17,[NULL]
4,"300,1,0",110,17,[NULL]
0,"8,1,187,1,2",111,16,[NULL]
1,"0,1,284,1,1",111,16,[NULL]
2,"303,1,0",111,16,[NULL]
3,"302,1,0",111,16,[NULL]
4,"8,1,212,1,0",111,16,[NULL]
0,477,112,15,[NULL]
1,"0,1,209,1,8",112,15,[NULL]
2,"266,1,2",112,15,[NULL]
3,"8,1,188,1,2",112,15,[NULL]
4,"305,1,0",112,15,[NULL]
5,"304,1,0",112,15,[NULL]
6,"13,1,188,1,0",112,15,[NULL]
0,"133,1,42",113,14,[NULL]
1,"188,1,17",113,14,[NULL]
2,"267,1,2",113,14,[NULL]
3,"59,1,69,1,1",113,14,[NULL]
4,"2,1,268,1,1",113,14,[NULL]
5,"13,1,189,1,0",113,14,[NULL]
0,"2,1,437",114,13,[NULL]
1,"209,1,10",114,13,[NULL]
2,"268,1,2",114,13,[NULL]
3,"308,1,0",114,13,[NULL]
4,"307,1,0",114,13,[NULL]
0,478,115,12,[NULL]
1,"0,1,467",115,12,[NULL]
2,"95,1,66",115,12,[NULL]
3,"13,1,190,1,0",115,12,[NULL]
0,"181,1,18",116,11,[NULL]
1,"190,1,17",116,11,[NULL]
2,"197,1,14",116,11,[NULL]
0,"191,1,17",117,10,[NULL]
1,"269,1,2",117,10,[NULL]
2,"3,2,197,1,2",117,10,[NULL]
3,"2,1,251,1,2",117,10,[NULL]
4,"2,1,270,1,1",117,10,[NULL]
0,"271,1,2",118,9,[NULL]
1,"270,1,2",118,9,[NULL]
2,"3,2,198,1,2",118,9,[NULL]
3,"0,1,53,1,69,1,2",118,9,[NULL]
4,"2,1,272,1,1",118,9,[NULL]
0,"272,1,2",119,8,[NULL]
1,"3,1,230,1,2",119,8,[NULL]
2,"0,1,264,1,2",119,8,[NULL]
3,"2,1,54,1,69,1,1",119,8,[NULL]
0,"54,1,69,1,2",120,7,[NULL]
1,"3,1,231,1,2",120,7,[NULL]
0,"273,1,2",121,6,[NULL]
0,"0,1,473",87,41,[NULL]
0,"1,1,256,1,2",88,40,[NULL]
0,479,89,39,[NULL]
0,480,90,38,[NULL]
0,"0,1,8,1,182,1,2",91,37,[NULL]
0,"0,1,8,1,183,1,2",92,36,[NULL]
0,"0,1,17,1,111,1,8",93,35,[NULL]
1,"8,1,152,1,7",93,35,[NULL]
0,"0,1,210,1,8",94,34,[NULL]
1,"8,1,153,1,7",94,34,[NULL]
0,"17,1,117,1,7",95,33,[NULL]
0,"223,1,7",96,32,[NULL]
1,"1,1,5,1,224,1,0",96,32,[NULL]
0,"8,3,55,1,7",97,31,[NULL]
0,"8,3,56,1,7",98,30,[NULL]
0,"224,1,7",99,29,[NULL]
1,"8,2,17,1,40,1,7",99,29,[NULL]
0,"225,1,7",100,28,[NULL]
1,"8,2,100,1,7",100,28,[NULL]
0,"8,5,9,1,7",101,27,[NULL]
1,"0,1,8,1,184,1,2",101,27,[NULL]
0,"8,4,29,1,7",102,26,[NULL]
1,"0,1,8,1,185,1,2",102,26,[NULL]
2,"0,2,257,1,2",102,26,[NULL]
0,"8,1,16,1,64,1,7",103,25,[NULL]
1,"8,3,9,1,23,1,7",103,25,[NULL]
2,"0,1,17,1,147,1,2",103,25,[NULL]
0,"8,1,17,1,64,1,7",104,24,[NULL]
1,"8,2,9,1,51,1,7",104,24,[NULL]
0,"8,1,154,1,7",105,23,[NULL]
1,"8,1,9,1,13,3,7",105,23,[NULL]
0,"42,1,64,1,7",106,22,[NULL]
1,"9,1,13,2,32,1,7",106,22,[NULL]
0,"13,3,23,1,10",107,21,[NULL]
1,"8,2,101,1,7",107,21,[NULL]
0,"8,1,13,1,80,1,7",108,20,[NULL]
1,"0,2,260,1,2",108,20,[NULL]
0,"64,1,95",109,19,[NULL]
1,"23,1,101,1,7",109,19,[NULL]
2,"274,1,2",109,19,[NULL]
3,"1,1,260,1,2",109,19,[NULL]
0,481,110,18,[NULL]
1,"13,1,271",110,18,[NULL]
2,"23,1,80,1,14",110,18,[NULL]
3,"291,1,1",110,18,[NULL]
0,482,111,17,[NULL]
1,"13,1,23,1,104",111,17,[NULL]
2,"55,1,69,1,2",111,17,[NULL]
3,"0,1,8,1,187,1,2",111,17,[NULL]
4,"292,1,1",111,17,[NULL]
0,483,112,16,[NULL]
1,"2,1,443",112,16,[NULL]
2,"13,1,83,1,28",112,16,[NULL]
3,"0,2,209,1,8",112,16,[NULL]
4,"56,1,69,1,2",112,16,[NULL]
5,"0,1,266,1,2",112,16,[NULL]
6,"0,1,8,1,188,1,2",112,16,[NULL]
7,"13,1,23,1,75,1,0",112,16,[NULL]
8,"1,1,293,1,0",112,16,[NULL]
0,485,113,15,[NULL]
1,484,113,15,[NULL]
2,"0,1,188,1,17",113,15,[NULL]
3,"212,1,10",113,15,[NULL]
4,"13,2,95,1,2",113,15,[NULL]
5,"5,1,209,1,2",113,15,[NULL]
6,"0,1,267,1,2",113,15,[NULL]
7,"13,1,23,1,76,1,0",113,15,[NULL]
8,"2,1,286,1,0",113,15,[NULL]
0,487,114,14,[NULL]
1,486,114,14,[NULL]
2,"18,1,228",114,14,[NULL]
3,"13,1,164,1,2",114,14,[NULL]
4,"2,1,287,1,0",114,14,[NULL]
0,"0,1,478",115,13,[NULL]
1,"189,1,18",115,13,[NULL]
2,"235,1,6",115,13,[NULL]
3,"1,1,261,1,2",115,13,[NULL]
4,"294,1,1",115,13,[NULL]
5,"2,1,275,1,1",115,13,[NULL]
0,489,116,12,[NULL]
1,488,116,12,[NULL]
2,"216,1,8",116,12,[NULL]
3,"262,1,3",116,12,[NULL]
4,"275,1,2",116,12,[NULL]
5,"8,1,29,1,69,1,2",116,12,[NULL]
6,"13,1,181,1,1",116,12,[NULL]
0,491,117,11,[NULL]
1,490,117,11,[NULL]
2,"190,1,18",117,11,[NULL]
3,"0,1,2,1,251,1,2",117,11,[NULL]
4,"64,1,69,1,0",117,11,[NULL]
0,492,118,10,[NULL]
1,"13,1,69,1,37",118,10,[NULL]
2,"0,1,270,1,2",118,10,[NULL]
3,"312,1,0",118,10,[NULL]
4,"311,1,0",118,10,[NULL]
0,494,119,9,[NULL]
1,493,119,9,[NULL]
2,"53,1,69,1,3",119,9,[NULL]
3,"313,1,0",119,9,[NULL]
0,495,120,8,[NULL]
1,"264,1,3",120,8,[NULL]
0,"3,1,413",121,7,[NULL]
0,"57,1,69,1,2",122,6,[NULL]
0,"0,2,473",87,42,[NULL]
0,"276,1,2",88,41,[NULL]
1,"1,1,295,1,0",88,41,[NULL]
0,"295,1,1",89,40,[NULL]
0,"296,1,1",90,39,[NULL]
0,"0,2,8,1,182,1,2",91,38,[NULL]
0,"0,2,8,1,183,1,2",92,37,[NULL]
0,"8,2,145,1,1",93,36,[NULL]
0,"8,1,16,1,111,1,1",94,35,[NULL]
0,"1,1,265,1,2",95,34,[NULL]
0,"297,1,1",99,30,[NULL]
0,"298,1,1",100,29,[NULL]
0,"244,1,5",101,28,[NULL]
1,"0,2,8,1,184,1,2",101,28,[NULL]
0,"0,2,8,1,185,1,2",102,27,[NULL]
1,"0,3,257,1,2",102,27,[NULL]
0,"8,2,146,1,1",103,26,[NULL]
0,"8,2,147,1,1",104,25,[NULL]
1,"315,1,0",104,25,[NULL]
0,"16,1,149,1,2",105,24,[NULL]
0,"17,1,149,1,2",106,23,[NULL]
0,"277,1,2",107,22,[NULL]
0,"8,1,193,1,2",108,21,[NULL]
1,"0,3,260,1,2",108,21,[NULL]
2,"13,3,51,1,1",108,21,[NULL]
3,"1,1,64,2,0",108,21,[NULL]
0,"8,1,194,1,2",109,20,[NULL]
1,"0,1,274,1,2",109,20,[NULL]
2,"64,2,1",109,20,[NULL]
3,"13,3,52,1,1",109,20,[NULL]
4,"13,1,194,1,0",109,20,[NULL]
0,"66,1,95",110,19,[NULL]
1,"13,1,167,1,2",110,19,[NULL]
2,"299,1,1",110,19,[NULL]
3,"0,1,291,1,1",110,19,[NULL]
4,"23,1,150,1,0",110,19,[NULL]
0,"278,1,2",111,18,[NULL]
1,"13,1,168,1,2",111,18,[NULL]
2,"0,2,8,1,187,1,2",111,18,[NULL]
3,"317,1,0",111,18,[NULL]
4,"316,1,0",111,18,[NULL]
5,"1,1,300,1,0",111,18,[NULL]
0,496,112,17,[NULL]
1,"23,1,83,1,14",112,17,[NULL]
2,"0,2,266,1,2",112,17,[NULL]
3,"0,2,8,1,188,1,2",112,17,[NULL]
4,"301,1,1",112,17,[NULL]
5,"300,1,1",112,17,[NULL]
6,"1,1,302,1,0",112,17,[NULL]
0,"13,1,133,1,10",113,16,[NULL]
1,"0,2,267,1,2",113,16,[NULL]
2,"303,1,1",113,16,[NULL]
3,"302,1,1",113,16,[NULL]
4,"8,1,212,1,1",113,16,[NULL]
5,"318,1,0",113,16,[NULL]
6,"3,1,266,1,0",113,16,[NULL]
0,"267,1,3",114,15,[NULL]
1,"305,1,1",114,15,[NULL]
2,"304,1,1",114,15,[NULL]
3,"13,1,188,1,1",114,15,[NULL]
4,"1,1,13,1,189,1,0",114,15,[NULL]
0,"2,1,458",115,14,[NULL]
1,"268,1,3",115,14,[NULL]
2,"279,1,2",115,14,[NULL]
3,"306,1,1",115,14,[NULL]
4,"13,1,189,1,1",115,14,[NULL]
5,"67,2,0",115,14,[NULL]
6,"9,1,209,1,0",115,14,[NULL]
7,"1,1,308,1,0",115,14,[NULL]
0,497,116,13,[NULL]
1,"1,1,478",116,13,[NULL]
2,"280,1,2",116,13,[NULL]
3,"307,1,1",116,13,[NULL]
4,"319,1,0",116,13,[NULL]
0,"2,1,75,1,79",117,12,[NULL]
1,"309,1,1",117,12,[NULL]
2,"13,1,190,1,1",117,12,[NULL]
0,"181,1,21",118,11,[NULL]
1,"197,1,17",118,11,[NULL]
2,"2,1,251,1,3",118,11,[NULL]
3,"1,1,269,1,2",118,11,[NULL]
4,"0,2,270,1,2",118,11,[NULL]
5,"320,1,0",118,11,[NULL]
0,"69,1,95",119,10,[NULL]
1,"198,1,17",119,10,[NULL]
2,"271,1,3",119,10,[NULL]
3,"270,1,3",119,10,[NULL]
4,"281,1,2",119,10,[NULL]
5,"1,1,270,1,2",119,10,[NULL]
6,"321,1,0",119,10,[NULL]
7,"3,1,270,1,0",119,10,[NULL]
0,499,120,9,[NULL]
1,498,120,9,[NULL]
2,"43,1,159",120,9,[NULL]
3,"272,1,3",120,9,[NULL]
4,"282,1,2",120,9,[NULL]
5,"322,1,0",120,9,[NULL]
0,500,121,8,[NULL]
1,"54,1,69,1,3",121,8,[NULL]
2,"67,1,69,1,0",121,8,[NULL]
0,"273,1,3",122,7,[NULL]
1,"323,1,0",122,7,[NULL]
0,"69,2,0",127,2,[NULL]
0,"324,1,0",128,1,[NULL]
0,"0,3,473",87,43,[NULL]
0,501,88,42,[NULL]
0,"0,1,295,1,1",89,41,[NULL]
0,"325,1,0",90,40,[NULL]
0,"0,1,8,2,145,1,1",93,37,[NULL]
0,"8,1,199,1,2",94,36,[NULL]
1,"8,2,152,1,0",94,36,[NULL]
0,"8,1,200,1,2",95,35,[NULL]
0,"17,1,153,1,2",96,34,[NULL]
0,"283,1,2",97,33,[NULL]
0,"8,3,77,1,2",98,32,[NULL]
0,"8,3,78,1,2",99,31,[NULL]
1,"0,1,297,1,1",99,31,[NULL]
0,"224,1,8",100,30,[NULL]
1,"8,2,17,1,56,1,2",100,30,[NULL]
2,"8,1,224,1,0",100,30,[NULL]
0,"225,1,8",101,29,[NULL]
1,"8,2,136,1,2",101,29,[NULL]
0,"8,5,19,1,2",102,28,[NULL]
0,502,103,27,[NULL]
1,"8,5,20,1,2",103,27,[NULL]
0,"8,2,137,1,2",104,26,[NULL]
1,"8,4,45,1,2",104,26,[NULL]
2,"8,2,16,1,64,1,0",104,26,[NULL]
0,503,105,25,[NULL]
1,"8,2,138,1,2",105,25,[NULL]
2,"8,4,46,1,2",105,25,[NULL]
3,"0,1,16,1,149,1,2",105,25,[NULL]
0,504,106,24,[NULL]
1,"16,1,154,1,2",106,24,[NULL]
2,"8,3,9,1,13,2,2",106,24,[NULL]
3,"0,1,17,1,149,1,2",106,24,[NULL]
0,"8,1,160,1,7",107,23,[NULL]
1,"59,1,64,1,2",107,23,[NULL]
2,"17,1,154,1,2",107,23,[NULL]
3,"8,2,9,1,13,1,32,1,2",107,23,[NULL]
0,"232,1,7",108,22,[NULL]
1,"8,1,9,1,13,2,23,1,2",108,22,[NULL]
2,"8,3,79,1,2",108,22,[NULL]
0,"233,1,7",109,21,[NULL]
1,"9,1,13,2,51,1,2",109,21,[NULL]
2,"8,3,80,1,2",109,21,[NULL]
3,"0,1,64,2,1",109,21,[NULL]
0,"13,4,28",110,20,[NULL]
1,"219,1,10",110,20,[NULL]
2,"8,1,22,1,80,1,2",110,20,[NULL]
3,"1,2,260,1,2",110,20,[NULL]
4,"64,1,72,1,0",110,20,[NULL]
0,"8,1,23,1,80,1,2",111,19,[NULL]
1,"0,1,278,1,2",111,19,[NULL]
2,"13,1,23,1,80,1,0",111,19,[NULL]
0,"13,2,101,1,2",112,18,[NULL]
1,"0,1,300,1,1",112,18,[NULL]
0,505,113,17,[NULL]
1,"13,3,79",113,17,[NULL]
2,"0,1,8,1,212,1,1",113,17,[NULL]
0,506,114,16,[NULL]
1,"13,1,67,1,42",114,16,[NULL]
2,"8,1,201,1,2",114,16,[NULL]
3,"1,1,5,1,209,1,2",114,16,[NULL]
4,"13,1,23,1,75,1,1",114,16,[NULL]
5,"0,1,304,1,1",114,16,[NULL]
6,"9,1,212,1,0",114,16,[NULL]
0,508,115,15,[NULL]
1,507,115,15,[NULL]
2,"284,1,2",115,15,[NULL]
3,"9,1,188,1,2",115,15,[NULL]
4,"13,1,23,1,76,1,1",115,15,[NULL]
5,"2,1,286,1,1",115,15,[NULL]
6,"328,1,0",115,15,[NULL]
0,509,116,14,[NULL]
1,"0,1,497",116,14,[NULL]
2,"188,1,21",116,14,[NULL]
3,"286,1,2",116,14,[NULL]
4,"285,1,2",116,14,[NULL]
5,"2,1,287,1,1",116,14,[NULL]
0,510,117,13,[NULL]
1,"209,1,14",117,13,[NULL]
2,"275,1,3",117,13,[NULL]
3,"287,1,2",117,13,[NULL]
4,"1,1,275,1,2",117,13,[NULL]
0,512,118,12,[NULL]
1,511,118,12,[NULL]
2,"2,1,262,1,2",118,12,[NULL]
3,"1,1,64,1,69,1,0",118,12,[NULL]
0,513,119,11,[NULL]
1,"7,1,209,1,2",119,11,[NULL]
2,"0,1,281,1,2",119,11,[NULL]
3,"64,1,69,1,1",119,11,[NULL]
4,"331,1,0",119,11,[NULL]
0,"13,1,69,1,42",120,10,[NULL]
1,"191,1,21",120,10,[NULL]
2,"216,1,12",120,10,[NULL]
3,"288,1,2",120,10,[NULL]
4,"312,1,1",120,10,[NULL]
5,"311,1,1",120,10,[NULL]
6,"332,1,0",120,10,[NULL]
0,"13,1,69,1,43",121,9,[NULL]
1,"289,1,2",121,9,[NULL]
2,"2,1,53,1,69,1,2",121,9,[NULL]
3,"314,1,1",121,9,[NULL]
4,"313,1,1",121,9,[NULL]
5,"333,1,0",121,9,[NULL]
0,514,122,8,[NULL]
1,"2,2,69,1,79",122,8,[NULL]
2,"2,1,264,1,2",122,8,[NULL]
0,515,123,7,[NULL]
1,"3,1,69,1,79",123,7,[NULL]
0,"1,1,276,1,2",89,42,[NULL]
1,"1,2,295,1,0",89,42,[NULL]
0,"290,1,2",90,41,[NULL]
0,"236,1,7",92,39,[NULL]
0,"183,1,22",93,38,[NULL]
0,"0,1,8,1,199,1,2",94,37,[NULL]
0,516,95,36,[NULL]
1,"0,1,8,1,200,1,2",95,36,[NULL]
0,"8,2,110,1,7",96,35,[NULL]
1,"0,1,17,1,153,1,2",96,35,[NULL]
0,"8,2,111,1,7",97,34,[NULL]
0,"16,1,17,1,50,1,7",98,33,[NULL]
0,"8,1,161,1,7",99,32,[NULL]
0,"0,1,224,1,8",100,31,[NULL]
1,"8,4,31,1,7",100,31,[NULL]
0,"0,1,225,1,8",101,30,[NULL]
1,"8,3,16,1,17,1,7",101,30,[NULL]
0,"237,1,7",102,29,[NULL]
1,"8,3,17,2,7",102,29,[NULL]
2,"5,1,244,1,0",102,29,[NULL]
0,"238,1,7",103,28,[NULL]
1,"8,3,60,1,7",103,28,[NULL]
2,"244,1,6",103,28,[NULL]
0,"138,1,47",104,27,[NULL]
1,"8,5,13,1,7",104,27,[NULL]
2,"0,1,8,2,137,1,2",104,27,[NULL]
0,"8,4,32,1,7",105,26,[NULL]
1,"0,1,8,2,138,1,2",105,26,[NULL]
2,"0,2,16,1,149,1,2",105,26,[NULL]
3,"1,1,315,1,0",105,26,[NULL]
0,"8,2,112,1,7",106,25,[NULL]
1,"8,3,13,1,23,1,7",106,25,[NULL]
2,"0,1,16,1,154,1,2",106,25,[NULL]
3,"0,2,17,1,149,1,2",106,25,[NULL]
0,"8,2,113,1,7",107,24,[NULL]
1,"8,2,13,1,51,1,7",107,24,[NULL]
2,"0,1,17,1,154,1,2",107,24,[NULL]
0,"8,1,162,1,7",108,23,[NULL]
1,"8,1,13,4,7",108,23,[NULL]
0,"23,1,113,1,7",109,22,[NULL]
1,"13,3,32,1,7",109,22,[NULL]
2,"1,2,64,2,0",109,22,[NULL]
0,"13,3,23,1,14",110,21,[NULL]
1,"8,1,9,1,101,1,7",110,21,[NULL]
0,"13,3,24,1,14",111,20,[NULL]
1,"9,1,13,1,80,1,7",111,20,[NULL]
2,"0,2,278,1,2",111,20,[NULL]
3,"13,1,194,1,1",111,20,[NULL]
0,517,112,19,[NULL]
1,"187,1,22",112,19,[NULL]
2,"23,1,101,1,10",112,19,[NULL]
3,"1,1,278,1,2",112,19,[NULL]
4,"23,1,150,1,1",112,19,[NULL]
0,"188,1,22",113,18,[NULL]
1,"317,1,1",113,18,[NULL]
2,"316,1,1",113,18,[NULL]
3,"334,1,0",113,18,[NULL]
4,"13,1,23,1,83,1,0",113,18,[NULL]
0,519,114,17,[NULL]
1,518,114,17,[NULL]
2,"13,2,105,1,2",114,17,[NULL]
3,"0,1,8,1,201,1,2",114,17,[NULL]
4,"2,1,302,1,0",114,17,[NULL]
0,520,115,16,[NULL]
1,"9,1,23,1,75,1,2",115,16,[NULL]
2,"0,1,284,1,2",115,16,[NULL]
3,"0,1,9,1,188,1,2",115,16,[NULL]
4,"3,1,266,1,1",115,16,[NULL]
0,521,116,15,[NULL]
1,"13,1,95,1,28",116,15,[NULL]
2,"212,1,14",116,15,[NULL]
3,"1,1,279,1,2",116,15,[NULL]
4,"0,1,286,1,2",116,15,[NULL]
5,"0,1,285,1,2",116,15,[NULL]
6,"3,1,267,1,1",116,15,[NULL]
0,"1,1,497",117,14,[NULL]
1,"275,1,4",117,14,[NULL]
2,"59,1,69,1,2",117,14,[NULL]
3,"2,1,268,1,2",117,14,[NULL]
4,"1,1,280,1,2",117,14,[NULL]
5,"67,2,1",117,14,[NULL]
6,"1,1,319,1,0",117,14,[NULL]
0,524,118,13,[NULL]
1,523,118,13,[NULL]
2,522,118,13,[NULL]
3,"2,1,478",118,13,[NULL]
4,"319,1,1",118,13,[NULL]
5,"67,1,68,1,1",118,13,[NULL]
0,"95,1,79",119,12,[NULL]
1,"213,1,14",119,12,[NULL]
2,"239,1,7",119,12,[NULL]
3,"0,1,7,1,209,1,2",119,12,[NULL]
4,"0,1,64,1,69,1,1",119,12,[NULL]
5,"335,1,0",119,12,[NULL]
6,"1,1,320,1,0",119,12,[NULL]
0,526,120,11,[NULL]
1,525,120,11,[NULL]
2,"1,1,281,1,2",120,11,[NULL]
3,"1,2,270,1,2",120,11,[NULL]
4,"320,1,1",120,11,[NULL]
5,"336,1,0",120,11,[NULL]
6,"69,1,72,1,0",120,11,[NULL]
7,"1,1,321,1,0",120,11,[NULL]
8,"1,1,3,1,270,1,0",120,11,[NULL]
0,527,121,10,[NULL]
1,"2,1,270,1,2",121,10,[NULL]
2,"1,1,282,1,2",121,10,[NULL]
3,"321,1,1",121,10,[NULL]
4,"3,1,270,1,1",121,10,[NULL]
5,"1,1,322,1,0",121,10,[NULL]
0,"2,1,272,1,2",122,9,[NULL]
1,"322,1,1",122,9,[NULL]
0,"2,1,54,1,69,1,2",123,8,[NULL]
1,"67,1,69,1,1",123,8,[NULL]
2,"1,1,323,1,0",123,8,[NULL]
0,"2,1,273,1,2",124,7,[NULL]
1,"323,1,1",124,7,[NULL]
2,"68,1,69,1,1",124,7,[NULL]
0,"339,1,0",125,6,[NULL]
0,"340,1,0",126,5,[NULL]
0,"341,1,0",127,4,[NULL]
0,"1,1,69,2,0",128,3,[NULL]
0,"69,2,1",129,2,[NULL]
1,"1,1,324,1,0",129,2,[NULL]
0,"324,1,1",130,1,[NULL]
0,"342,1,0",89,43,[NULL]
0,"0,1,290,1,2",90,42,[NULL]
0,"325,1,1",92,40,[NULL]
0,"326,1,1",93,39,[NULL]
0,"0,2,8,1,199,1,2",94,38,[NULL]
0,"0,2,8,1,200,1,2",95,37,[NULL]
0,"0,2,224,1,8",100,32,[NULL]
0,"0,2,225,1,8",101,31,[NULL]
1,"5,1,224,1,2",101,31,[NULL]
0,"8,1,224,1,1",102,30,[NULL]
0,"0,1,244,1,6",103,29,[NULL]
1,"8,1,225,1,1",103,29,[NULL]
0,"0,2,8,2,137,1,2",104,28,[NULL]
1,"343,1,0",104,28,[NULL]
0,"0,2,8,2,138,1,2",105,27,[NULL]
0,"344,1,0",106,26,[NULL]
0,"8,2,17,1,64,1,1",107,25,[NULL]
0,"8,1,206,1,2",108,24,[NULL]
1,"1,1,59,1,64,1,2",108,24,[NULL]
0,"17,1,160,1,2",109,23,[NULL]
0,"260,1,5",110,22,[NULL]
1,"8,1,207,1,2",110,22,[NULL]
0,"8,1,208,1,2",111,21,[NULL]
1,"0,3,278,1,2",111,21,[NULL]
0,"13,2,32,1,42",112,20,[NULL]
1,"9,1,194,1,2",112,20,[NULL]
2,"64,1,72,1,1",112,20,[NULL]
0,"69,1,102",113,19,[NULL]
1,"167,1,28",113,19,[NULL]
2,"327,1,1",113,19,[NULL]
3,"13,1,23,1,80,1,1",113,19,[NULL]
4,"0,1,316,1,1",113,19,[NULL]
0,"0,1,518",114,18,[NULL]
1,"291,1,2",114,18,[NULL]
2,"0,2,8,1,201,1,2",114,18,[NULL]
3,"2,1,292,1,1",114,18,[NULL]
4,"347,1,0",114,18,[NULL]
5,"346,1,0",114,18,[NULL]
0,"151,1,37",115,17,[NULL]
1,"292,1,2",115,17,[NULL]
2,"0,2,284,1,2",115,17,[NULL]
3,"0,2,9,1,188,1,2",115,17,[NULL]
0,528,116,16,[NULL]
1,"170,1,28",116,16,[NULL]
2,"13,1,133,1,14",116,16,[NULL]
3,"0,2,285,1,2",116,16,[NULL]
4,"348,1,0",116,16,[NULL]
5,"1,1,328,1,0",116,16,[NULL]
0,530,117,15,[NULL]
1,529,117,15,[NULL]
2,"13,1,134,1,14",117,15,[NULL]
3,"286,1,3",117,15,[NULL]
4,"293,1,2",117,15,[NULL]
5,"0,1,59,1,69,1,2",117,15,[NULL]
6,"328,1,1",117,15,[NULL]
7,"349,1,0",117,15,[NULL]
8,"3,1,285,1,0",117,15,[NULL]
9,"2,2,287,1,0",117,15,[NULL]
0,531,118,14,[NULL]
1,"287,1,3",118,14,[NULL]
2,"8,1,209,1,2",118,14,[NULL]
3,"1,1,287,1,2",118,14,[NULL]
4,"0,1,319,1,1",118,14,[NULL]
5,"13,1,209,1,0",118,14,[NULL]
6,"3,1,287,1,0",118,14,[NULL]
0,532,119,13,[NULL]
1,"235,1,8",119,13,[NULL]
2,"294,1,2",119,13,[NULL]
3,"2,1,275,1,2",119,13,[NULL]
4,"67,1,75,1,0",119,13,[NULL]
5,"1,2,64,1,69,1,0",119,13,[NULL]
0,534,120,12,[NULL]
1,533,120,12,[NULL]
2,"13,1,181,1,2",120,12,[NULL]
0,535,121,11,[NULL]
1,"331,1,1",121,11,[NULL]
2,"351,1,0",121,11,[NULL]
0,536,122,10,[NULL]
1,"13,1,301",122,10,[NULL]
2,"69,1,103",122,10,[NULL]
3,"1,1,289,1,2",122,10,[NULL]
4,"332,1,1",122,10,[NULL]
0,538,123,9,[NULL]
1,537,123,9,[NULL]
2,"333,1,1",123,9,[NULL]
0,"69,1,104",124,8,[NULL]
1,"352,1,0",124,8,[NULL]
0,539,125,7,[NULL]
1,"353,1,0",125,7,[NULL]
2,"69,1,75,1,0",125,7,[NULL]
0,"69,1,76,1,0",126,6,[NULL]
0,540,128,4,[NULL]
0,"0,1,69,2,1",129,3,[NULL]
0,"0,1,324,1,1",130,2,[NULL]
0,541,89,44,[NULL]
0,"0,2,290,1,2",90,43,[NULL]
0,"0,1,325,1,1",92,41,[NULL]
0,"295,1,2",93,40,[NULL]
1,"8,1,236,1,0",93,40,[NULL]
0,"296,1,2",94,39,[NULL]
0,"354,1,0",96,37,[NULL]
0,"8,2,145,1,2",97,36,[NULL]
0,"8,1,16,1,111,1,2",98,35,[NULL]
0,"8,1,17,1,111,1,2",99,34,[NULL]
0,"0,3,224,1,8",100,33,[NULL]
1,"8,1,211,1,2",100,33,[NULL]
0,"0,3,225,1,8",101,32,[NULL]
1,"8,4,49,1,2",101,32,[NULL]
0,"8,4,50,1,2",102,31,[NULL]
1,"0,1,8,1,224,1,1",102,31,[NULL]
0,"297,1,2",103,30,[NULL]
1,"8,2,16,1,17,2,2",103,30,[NULL]
2,"8,1,237,1,0",103,30,[NULL]
3,"1,1,5,1,244,1,0",103,30,[NULL]
0,"298,1,2",104,29,[NULL]
1,"8,3,88,1,2",104,29,[NULL]
0,"8,7,2",105,28,[NULL]
0,"244,1,7",106,27,[NULL]
1,"8,5,22,1,2",106,27,[NULL]
0,"8,2,146,1,2",107,26,[NULL]
1,"8,5,23,1,2",107,26,[NULL]
2,"8,3,112,1,0",107,26,[NULL]
0,"245,1,7",108,25,[NULL]
1,"8,2,147,1,2",108,25,[NULL]
2,"8,4,51,1,2",108,25,[NULL]
0,"247,1,7",109,24,[NULL]
1,"8,1,17,1,113,1,2",109,24,[NULL]
2,"8,3,13,3,2",109,24,[NULL]
0,"8,1,166,1,7",110,23,[NULL]
1,"17,1,162,1,2",110,23,[NULL]
2,"8,2,13,2,32,1,2",110,23,[NULL]
0,"8,1,167,1,7",111,22,[NULL]
1,"8,1,13,3,23,1,2",111,22,[NULL]
2,"8,3,89,1,2",111,22,[NULL]
3,"13,4,23,1,0",111,22,[NULL]
0,542,112,21,[NULL]
1,"248,1,7",112,21,[NULL]
2,"13,3,51,1,2",112,21,[NULL]
3,"8,2,9,1,80,1,2",112,21,[NULL]
4,"13,4,24,1,0",112,21,[NULL]
0,"219,1,14",113,20,[NULL]
1,"64,2,2",113,20,[NULL]
2,"13,3,52,1,2",113,20,[NULL]
3,"8,1,23,1,89,1,2",113,20,[NULL]
4,"16,1,187,1,0",113,20,[NULL]
0,"220,1,14",114,19,[NULL]
1,"299,1,2",114,19,[NULL]
2,"9,1,23,1,80,1,2",114,19,[NULL]
3,"0,1,291,1,2",114,19,[NULL]
4,"1,1,334,1,0",114,19,[NULL]
0,543,115,18,[NULL]
1,"0,1,292,1,2",115,18,[NULL]
2,"13,1,23,1,83,1,1",115,18,[NULL]
3,"355,1,0",115,18,[NULL]
0,545,116,17,[NULL]
1,544,116,17,[NULL]
2,"301,1,2",116,17,[NULL]
3,"300,1,2",116,17,[NULL]
4,"2,1,302,1,1",116,17,[NULL]
5,"357,1,0",116,17,[NULL]
0,546,117,16,[NULL]
1,"3,1,456",117,16,[NULL]
2,"303,1,2",117,16,[NULL]
3,"302,1,2",117,16,[NULL]
4,"8,1,212,1,2",117,16,[NULL]
5,"2,1,13,1,188,1,1",117,16,[NULL]
6,"0,1,328,1,1",117,16,[NULL]
7,"359,1,0",117,16,[NULL]
8,"13,1,212,1,0",117,16,[NULL]
0,547,118,15,[NULL]
1,"13,1,75,1,42",118,15,[NULL]
2,"250,1,7",118,15,[NULL]
3,"287,1,4",118,15,[NULL]
4,"2,1,268,1,3",118,15,[NULL]
5,"305,1,2",118,15,[NULL]
6,"304,1,2",118,15,[NULL]
7,"13,1,188,1,2",118,15,[NULL]
8,"0,1,8,1,209,1,2",118,15,[NULL]
9,"360,1,0",118,15,[NULL]
0,548,119,14,[NULL]
1,"2,1,497",119,14,[NULL]
2,"3,1,458",119,14,[NULL]
3,"67,1,105",119,14,[NULL]
4,"0,1,235,1,8",119,14,[NULL]
5,"306,1,2",119,14,[NULL]
6,"13,1,189,1,2",119,14,[NULL]
7,"361,1,0",119,14,[NULL]
0,"0,1,533",120,13,[NULL]
1,"68,1,105",120,13,[NULL]
2,"209,1,18",120,13,[NULL]
3,"308,1,2",120,13,[NULL]
4,"307,1,2",120,13,[NULL]
5,"13,1,213,1,0",120,13,[NULL]
6,"1,1,335,1,0",120,13,[NULL]
0,"174,1,28",121,12,[NULL]
1,"251,1,7",121,12,[NULL]
2,"309,1,2",121,12,[NULL]
3,"13,1,190,1,2",121,12,[NULL]
4,"335,1,1",121,12,[NULL]
5,"363,1,0",121,12,[NULL]
0,549,122,11,[NULL]
1,"310,1,2",122,11,[NULL]
2,"336,1,1",122,11,[NULL]
3,"69,1,72,1,1",122,11,[NULL]
0,551,123,10,[NULL]
1,550,123,10,[NULL]
2,"337,1,1",123,10,[NULL]
3,"0,1,333,1,1",123,10,[NULL]
0,552,124,9,[NULL]
1,"338,1,1",124,9,[NULL]
2,"366,1,0",124,9,[NULL]
0,"69,1,105",125,8,[NULL]
1,"367,1,0",125,8,[NULL]
0,555,126,7,[NULL]
1,554,126,7,[NULL]
2,553,126,7,[NULL]
3,"69,1,106",126,7,[NULL]
0,"69,1,107",127,6,[NULL]
1,"339,1,1",127,6,[NULL]
2,"368,1,0",127,6,[NULL]
0,"340,1,1",128,5,[NULL]
0,"341,1,1",129,4,[NULL]
1,"1,2,69,2,0",129,4,[NULL]
0,"2,1,69,2,0",130,3,[NULL]
1,"1,2,324,1,0",130,3,[NULL]
0,"2,1,324,1,0",131,2,[NULL]
0,"0,1,295,1,2",93,41,[NULL]
0,"0,1,296,1,2",94,40,[NULL]
0,"252,1,7",95,39,[NULL]
0,"253,1,7",96,38,[NULL]
0,"183,1,25",97,37,[NULL]
1,"0,1,8,2,145,1,2",97,37,[NULL]
0,556,98,36,[NULL]
1,"0,1,8,1,16,1,111,1,2",98,36,[NULL]
0,"8,2,116,1,7",99,35,[NULL]
0,"8,2,117,1,7",100,34,[NULL]
0,"8,1,17,1,78,1,7",101,33,[NULL]
0,"8,1,171,1,7",102,32,[NULL]
1,"1,1,5,1,224,1,2",102,32,[NULL]
0,"8,4,39,1,7",103,31,[NULL]
1,"0,1,297,1,2",103,31,[NULL]
0,"8,4,40,1,7",104,30,[NULL]
1,"0,1,298,1,2",104,30,[NULL]
0,"16,1,137,1,7",105,29,[NULL]
1,"8,3,17,1,20,1,7",105,29,[NULL]
0,"16,1,138,1,7",106,28,[NULL]
1,"8,3,63,1,7",106,28,[NULL]
2,"343,1,1",106,28,[NULL]
0,"17,1,138,1,7",107,27,[NULL]
1,"8,4,9,1,13,1,7",107,27,[NULL]
2,"0,1,8,2,146,1,2",107,27,[NULL]
0,"137,1,50",108,26,[NULL]
1,"8,3,9,1,32,1,7",108,26,[NULL]
2,"0,1,8,2,147,1,2",108,26,[NULL]
0,"8,2,9,1,13,1,23,1,7",109,25,[NULL]
1,"8,3,64,1,7",109,25,[NULL]
2,"0,1,8,1,17,1,113,1,2",109,25,[NULL]
0,"8,1,9,1,13,1,51,1,7",110,24,[NULL]
1,"8,2,118,1,7",110,24,[NULL]
0,"9,1,13,4,7",111,23,[NULL]
1,"8,1,17,1,80,1,7",111,23,[NULL]
2,"5,1,260,1,0",111,23,[NULL]
0,"13,3,32,1,10",112,22,[NULL]
1,"8,1,173,1,7",112,22,[NULL]
2,"260,1,6",112,22,[NULL]
0,557,113,21,[NULL]
1,"8,1,13,1,101,1,7",113,21,[NULL]
2,"0,1,64,2,2",113,21,[NULL]
0,"13,2,80,1,7",114,20,[NULL]
1,"0,1,299,1,2",114,20,[NULL]
2,"0,2,291,1,2",114,20,[NULL]
0,"23,1,238",115,19,[NULL]
1,"23,1,101,1,14",115,19,[NULL]
2,"254,1,7",115,19,[NULL]
3,"1,1,291,1,2",115,19,[NULL]
4,"0,2,292,1,2",115,19,[NULL]
5,"1,1,347,1,0",115,19,[NULL]
0,"13,1,32,1,104",116,18,[NULL]
1,"176,1,28",116,18,[NULL]
2,"255,1,7",116,18,[NULL]
3,"292,1,3",116,18,[NULL]
4,"0,1,300,1,2",116,18,[NULL]
5,"347,1,1",116,18,[NULL]
6,"346,1,1",116,18,[NULL]
0,558,117,17,[NULL]
1,"0,1,3,1,456",117,17,[NULL]
2,"13,1,320",117,17,[NULL]
3,"13,1,105,1,28",117,17,[NULL]
4,"188,1,25",117,17,[NULL]
5,"0,1,8,1,212,1,2",117,17,[NULL]
6,"13,2,133,1,0",117,17,[NULL]
0,"151,1,43",118,16,[NULL]
1,"177,1,28",118,16,[NULL]
2,"13,1,23,1,75,1,2",118,16,[NULL]
3,"1,1,293,1,2",118,16,[NULL]
4,"0,1,304,1,2",118,16,[NULL]
5,"0,1,13,1,188,1,2",118,16,[NULL]
6,"369,1,0",118,16,[NULL]
7,"13,2,134,1,0",118,16,[NULL]
8,"2,1,328,1,0",118,16,[NULL]
0,"212,1,18",119,15,[NULL]
1,"13,1,23,1,76,1,2",119,15,[NULL]
2,"2,1,286,1,2",119,15,[NULL]
3,"1,1,8,1,209,1,2",119,15,[NULL]
4,"0,1,306,1,2",119,15,[NULL]
5,"349,1,1",119,15,[NULL]
6,"3,1,285,1,1",119,15,[NULL]
7,"2,2,287,1,1",119,15,[NULL]
8,"1,1,3,1,287,1,0",119,15,[NULL]
0,"179,1,28",120,14,[NULL]
1,"188,1,26",120,14,[NULL]
2,"2,1,287,1,2",120,14,[NULL]
3,"0,1,308,1,2",120,14,[NULL]
4,"13,1,209,1,1",120,14,[NULL]
5,"3,1,287,1,1",120,14,[NULL]
6,"370,1,0",120,14,[NULL]
0,559,121,13,[NULL]
1,"67,1,75,1,1",121,13,[NULL]
2,"0,1,335,1,1",121,13,[NULL]
0,"213,1,18",122,12,[NULL]
1,"239,1,10",122,12,[NULL]
2,"0,1,69,1,72,1,1",122,12,[NULL]
3,"1,1,351,1,0",122,12,[NULL]
0,560,123,11,[NULL]
1,"190,1,26",123,11,[NULL]
2,"64,1,69,1,2",123,11,[NULL]
3,"351,1,1",123,11,[NULL]
4,"69,1,79,1,0",123,11,[NULL]
0,562,124,10,[NULL]
1,561,124,10,[NULL]
2,"312,1,2",124,10,[NULL]
3,"311,1,2",124,10,[NULL]
4,"69,1,80,1,0",124,10,[NULL]
0,563,125,9,[NULL]
1,"0,1,69,1,105",125,9,[NULL]
2,"314,1,2",125,9,[NULL]
3,"313,1,2",125,9,[NULL]
4,"373,1,0",125,9,[NULL]
0,564,126,8,[NULL]
1,"352,1,1",126,8,[NULL]
2,"376,1,0",126,8,[NULL]
3,"375,1,0",126,8,[NULL]
0,565,127,7,[NULL]
1,"353,1,1",127,7,[NULL]
2,"69,1,75,1,1",127,7,[NULL]
3,"0,1,339,1,1",127,7,[NULL]
4,"1,1,69,1,76,1,0",127,7,[NULL]
0,566,128,6,[NULL]
1,"69,1,76,1,1",128,6,[NULL]
2,"377,1,0",128,6,[NULL]
0,"379,1,0",90,45,[NULL]
0,567,91,44,[NULL]
0,"0,2,295,1,2",93,42,[NULL]
0,"1,1,295,1,2",94,41,[NULL]
1,"0,2,296,1,2",94,41,[NULL]
0,"8,1,236,1,1",95,40,[NULL]
0,"16,1,183,1,1",96,39,[NULL]
0,"17,1,183,1,1",97,38,[NULL]
1,"1,1,354,1,0",97,38,[NULL]
0,"0,2,8,1,16,1,111,1,2",98,37,[NULL]
0,"0,2,297,1,2",103,32,[NULL]
0,"0,2,298,1,2",104,31,[NULL]
0,"8,1,237,1,1",105,30,[NULL]
0,"8,1,238,1,1",106,29,[NULL]
1,"0,1,343,1,1",106,29,[NULL]
0,"244,1,8",107,28,[NULL]
1,"8,1,244,1,0",107,28,[NULL]
0,"0,2,8,2,147,1,2",108,27,[NULL]
0,"245,1,8",109,26,[NULL]
0,"246,1,8",110,25,[NULL]
1,"315,1,2",110,25,[NULL]
0,"8,2,149,1,2",111,24,[NULL]
0,"0,1,260,1,6",112,23,[NULL]
1,"16,1,167,1,2",112,23,[NULL]
0,"8,1,218,1,2",113,22,[NULL]
1,"0,2,64,2,2",113,22,[NULL]
2,"13,4,23,1,1",113,22,[NULL]
3,"380,1,0",113,22,[NULL]
0,"8,1,219,1,2",114,21,[NULL]
1,"1,1,64,2,2",114,21,[NULL]
2,"0,2,299,1,2",114,21,[NULL]
3,"13,4,24,1,1",114,21,[NULL]
4,"13,1,219,1,0",114,21,[NULL]
0,"2,1,517",115,20,[NULL]
1,"13,1,194,1,2",115,20,[NULL]
2,"16,1,187,1,1",115,20,[NULL]
3,"13,1,220,1,0",115,20,[NULL]
0,"23,1,150,1,2",116,19,[NULL]
1,"0,2,300,1,2",116,19,[NULL]
2,"16,1,188,1,1",116,19,[NULL]
3,"0,1,347,1,1",116,19,[NULL]
4,"0,1,346,1,1",116,19,[NULL]
5,"381,1,0",116,19,[NULL]
0,"13,2,67,1,14",117,18,[NULL]
1,"317,1,2",117,18,[NULL]
2,"316,1,2",117,18,[NULL]
3,"1,1,300,1,2",117,18,[NULL]
4,"356,1,1",117,18,[NULL]
5,"355,1,1",117,18,[NULL]
6,"382,1,0",117,18,[NULL]
7,"1,1,357,1,0",117,18,[NULL]
0,"13,2,75,1,10",118,17,[NULL]
1,"302,1,3",118,17,[NULL]
2,"1,1,302,1,2",118,17,[NULL]
3,"0,2,13,1,188,1,2",118,17,[NULL]
4,"358,1,1",118,17,[NULL]
5,"357,1,1",118,17,[NULL]
6,"383,1,0",118,17,[NULL]
7,"1,1,359,1,0",118,17,[NULL]
0,"318,1,2",119,16,[NULL]
1,"3,1,266,1,2",119,16,[NULL]
2,"0,1,2,1,286,1,2",119,16,[NULL]
3,"0,2,306,1,2",119,16,[NULL]
4,"359,1,1",119,16,[NULL]
5,"13,1,212,1,1",119,16,[NULL]
6,"8,1,250,1,0",119,16,[NULL]
0,568,120,15,[NULL]
1,"3,1,267,1,2",120,15,[NULL]
2,"1,1,13,1,189,1,2",120,15,[NULL]
3,"360,1,1",120,15,[NULL]
4,"1,1,361,1,0",120,15,[NULL]
0,569,121,14,[NULL]
1,"66,1,114",121,14,[NULL]
2,"67,2,2",121,14,[NULL]
3,"9,1,209,1,2",121,14,[NULL]
4,"1,1,308,1,2",121,14,[NULL]
5,"385,1,0",121,14,[NULL]
0,"3,1,478",122,13,[NULL]
1,"75,1,104",122,13,[NULL]
2,"319,1,2",122,13,[NULL]
3,"67,1,68,1,2",122,13,[NULL]
4,"13,1,213,1,1",122,13,[NULL]
0,570,123,12,[NULL]
1,"181,1,28",123,12,[NULL]
2,"68,2,2",123,12,[NULL]
3,"0,1,64,1,69,1,2",123,12,[NULL]
4,"363,1,1",123,12,[NULL]
5,"18,1,188,1,0",123,12,[NULL]
0,"67,1,114",124,11,[NULL]
1,"239,1,12",124,11,[NULL]
2,"320,1,2",124,11,[NULL]
3,"0,1,312,1,2",124,11,[NULL]
4,"0,1,311,1,2",124,11,[NULL]
5,"365,1,1",124,11,[NULL]
6,"387,1,0",124,11,[NULL]
7,"386,1,0",124,11,[NULL]
8,"18,1,189,1,0",124,11,[NULL]
0,571,125,10,[NULL]
1,"7,1,404",125,10,[NULL]
2,"68,1,114",125,10,[NULL]
3,"69,1,113",125,10,[NULL]
4,"321,1,2",125,10,[NULL]
5,"3,1,270,1,2",125,10,[NULL]
6,"0,1,314,1,2",125,10,[NULL]
7,"389,1,0",125,10,[NULL]
8,"388,1,0",125,10,[NULL]
9,"1,1,366,1,0",125,10,[NULL]
0,573,126,9,[NULL]
1,572,126,9,[NULL]
2,"322,1,2",126,9,[NULL]
3,"366,1,1",126,9,[NULL]
4,"391,1,0",126,9,[NULL]
5,"390,1,0",126,9,[NULL]
6,"69,1,82,1,0",126,9,[NULL]
7,"18,1,190,1,0",126,9,[NULL]
0,574,127,8,[NULL]
1,"0,1,565",127,8,[NULL]
2,"67,1,69,1,2",127,8,[NULL]
3,"367,1,1",127,8,[NULL]
4,"394,1,0",127,8,[NULL]
5,"393,1,0",127,8,[NULL]
6,"392,1,0",127,8,[NULL]
0,575,128,7,[NULL]
1,"323,1,2",128,7,[NULL]
2,"68,1,69,1,2",128,7,[NULL]
3,"397,1,0",128,7,[NULL]
4,"396,1,0",128,7,[NULL]
5,"1,1,368,1,0",128,7,[NULL]
0,576,129,6,[NULL]
1,"368,1,1",129,6,[NULL]
2,"399,1,0",129,6,[NULL]
3,"398,1,0",129,6,[NULL]
4,"2,1,340,1,0",129,6,[NULL]
0,"69,1,114",130,5,[NULL]
1,"400,1,0",130,5,[NULL]
2,"2,1,341,1,0",130,5,[NULL]
0,577,131,4,[NULL]
0,"2,1,69,2,1",132,3,[NULL]
0,"69,2,2",133,2,[NULL]
1,"2,1,324,1,1",133,2,[NULL]
0,"324,1,2",134,1,[NULL]
0,"0,1,567",91,45,[NULL]
0,"0,3,296,1,2",94,42,[NULL]
0,"0,1,8,1,236,1,1",95,41,[NULL]
0,"325,1,2",96,40,[NULL]
1,"8,1,252,1,0",96,40,[NULL]
0,"326,1,2",97,39,[NULL]
0,"8,2,152,1,2",100,36,[NULL]
0,"8,2,153,1,2",101,35,[NULL]
0,"8,1,17,1,117,1,2",102,34,[NULL]
1,"402,1,0",102,34,[NULL]
0,"8,1,223,1,2",103,33,[NULL]
1,"403,1,0",103,33,[NULL]
0,"8,4,55,1,2",104,32,[NULL]
0,"8,4,56,1,2",105,31,[NULL]
1,"0,1,8,1,237,1,1",105,31,[NULL]
0,"8,1,224,1,2",106,30,[NULL]
1,"8,3,17,1,40,1,2",106,30,[NULL]
2,"8,1,16,1,137,1,0",106,30,[NULL]
0,"0,1,244,1,8",107,29,[NULL]
1,"8,1,225,1,2",107,29,[NULL]
2,"8,3,100,1,2",107,29,[NULL]
0,"17,1,138,1,8",108,28,[NULL]
1,"8,6,9,1,2",108,28,[NULL]
0,"0,1,245,1,8",109,27,[NULL]
1,"257,1,7",109,27,[NULL]
2,"8,5,29,1,2",109,27,[NULL]
3,"42,1,137,1,0",109,27,[NULL]
0,"149,1,47",110,26,[NULL]
1,"0,1,246,1,8",110,26,[NULL]
2,"8,2,16,1,64,1,2",110,26,[NULL]
3,"8,4,9,1,23,1,2",110,26,[NULL]
0,"258,1,7",111,25,[NULL]
1,"8,2,17,1,64,1,2",111,25,[NULL]
2,"8,3,9,1,51,1,2",111,25,[NULL]
0,"259,1,7",112,24,[NULL]
1,"8,2,154,1,2",112,24,[NULL]
2,"8,2,9,1,13,3,2",112,24,[NULL]
3,"1,1,5,1,260,1,0",112,24,[NULL]
0,"8,1,180,1,7",113,23,[NULL]
1,"8,1,42,1,64,1,2",113,23,[NULL]
2,"8,1,9,1,13,2,32,1,2",113,23,[NULL]
3,"0,3,64,2,2",113,23,[NULL]
0,"9,1,167,1,7",114,22,[NULL]
1,"9,1,13,3,23,1,2",114,22,[NULL]
2,"8,3,101,1,2",114,22,[NULL]
3,"404,1,0",114,22,[NULL]
0,"13,2,51,1,28",115,21,[NULL]
1,"248,1,10",115,21,[NULL]
2,"260,1,7",115,21,[NULL]
3,"8,2,13,1,80,1,2",115,21,[NULL]
0,"64,1,72,1,2",116,20,[NULL]
1,"8,1,23,1,101,1,2",116,20,[NULL]
2,"69,1,78,1,1",116,20,[NULL]
3,"13,1,23,1,101,1,0",116,20,[NULL]
4,"8,1,254,1,0",116,20,[NULL]
5,"1,2,347,1,0",116,20,[NULL]
0,578,117,19,[NULL]
1,"327,1,2",117,19,[NULL]
2,"13,1,23,1,80,1,2",117,19,[NULL]
3,"0,1,316,1,2",117,19,[NULL]
0,580,118,18,[NULL]
1,579,118,18,[NULL]
2,"13,1,51,1,79",118,18,[NULL]
3,"2,1,292,1,2",118,18,[NULL]
0,"10,1,349",119,17,[NULL]
1,"13,1,83,1,42",119,17,[NULL]
2,"209,1,22",119,17,[NULL]
3,"0,1,318,1,2",119,17,[NULL]
4,"0,1,3,1,266,1,2",119,17,[NULL]
5,"13,2,133,1,1",119,17,[NULL]
6,"0,1,359,1,1",119,17,[NULL]
0,581,120,16,[NULL]
1,"3,1,485",120,16,[NULL]
2,"114,1,79",120,16,[NULL]
3,"2,1,286,1,3",120,16,[NULL]
4,"9,1,212,1,2",120,16,[NULL]
5,"13,2,134,1,1",120,16,[NULL]
6,"2,1,328,1,1",120,16,[NULL]
0,"0,1,569",121,15,[NULL]
1,"188,1,28",121,15,[NULL]
2,"212,1,21",121,15,[NULL]
3,"261,1,7",121,15,[NULL]
4,"2,1,287,1,3",121,15,[NULL]
5,"328,1,2",121,15,[NULL]
6,"0,1,67,2,2",121,15,[NULL]
0,583,122,14,[NULL]
1,582,122,14,[NULL]
2,"67,1,118",122,14,[NULL]
3,"189,1,28",122,14,[NULL]
4,"0,1,319,1,2",122,14,[NULL]
5,"370,1,1",122,14,[NULL]
0,584,123,13,[NULL]
1,"75,1,105",123,13,[NULL]
2,"329,1,2",123,13,[NULL]
3,"0,1,68,2,2",123,13,[NULL]
4,"0,2,64,1,69,1,2",123,13,[NULL]
5,"0,1,363,1,1",123,13,[NULL]
6,"407,1,0",123,13,[NULL]
0,586,124,12,[NULL]
1,585,124,12,[NULL]
2,"190,1,28",124,12,[NULL]
3,"251,1,10",124,12,[NULL]
4,"330,1,2",124,12,[NULL]
5,"1,1,64,1,69,1,2",124,12,[NULL]
6,"0,2,312,1,2",124,12,[NULL]
7,"0,2,311,1,2",124,12,[NULL]
8,"408,1,0",124,12,[NULL]
0,587,125,11,[NULL]
1,"191,1,28",125,11,[NULL]
2,"331,1,2",125,11,[NULL]
3,"0,1,3,1,270,1,2",125,11,[NULL]
4,"0,2,314,1,2",125,11,[NULL]
5,"371,1,1",125,11,[NULL]
6,"69,1,79,1,1",125,11,[NULL]
7,"411,1,0",125,11,[NULL]
8,"410,1,0",125,11,[NULL]
9,"409,1,0",125,11,[NULL]
0,588,126,10,[NULL]
1,"76,1,107",126,10,[NULL]
2,"332,1,2",126,10,[NULL]
3,"0,1,322,1,2",126,10,[NULL]
4,"372,1,1",126,10,[NULL]
5,"69,1,80,1,1",126,10,[NULL]
6,"0,1,366,1,1",126,10,[NULL]
7,"413,1,0",126,10,[NULL]
8,"412,1,0",126,10,[NULL]
0,589,127,9,[NULL]
1,"69,1,116",127,9,[NULL]
2,"2,1,69,1,104",127,9,[NULL]
3,"333,1,2",127,9,[NULL]
4,"374,1,1",127,9,[NULL]
5,"373,1,1",127,9,[NULL]
6,"414,1,0",127,9,[NULL]
7,"1,1,376,1,0",127,9,[NULL]
8,"1,1,375,1,0",127,9,[NULL]
0,590,128,8,[NULL]
1,"69,1,118",128,8,[NULL]
2,"69,1,117",128,8,[NULL]
3,"0,1,68,1,69,1,2",128,8,[NULL]
4,"376,1,1",128,8,[NULL]
5,"375,1,1",128,8,[NULL]
6,"415,1,0",128,8,[NULL]
7,"2,1,353,1,0",128,8,[NULL]
8,"2,1,69,1,75,1,0",128,8,[NULL]
0,591,129,7,[NULL]
1,"0,1,576",129,7,[NULL]
2,"69,1,120",129,7,[NULL]
3,"2,1,69,1,76,1,0",129,7,[NULL]
0,593,130,6,[NULL]
1,592,130,6,[NULL]
2,"377,1,1",130,6,[NULL]
0,594,131,5,[NULL]
1,"2,1,540",131,5,[NULL]
2,"378,1,1",131,5,[NULL]
0,595,132,4,[NULL]
0,"0,1,69,2,2",133,3,[NULL]
0,"0,1,324,1,2",134,2,[NULL]
0,"1,1,379,1,0",91,46,[NULL]
0,596,94,43,[NULL]
0,"1,2,295,1,2",95,42,[NULL]
0,"0,1,325,1,2",96,41,[NULL]
0,"0,1,326,1,2",97,40,[NULL]
0,"8,1,182,1,7",98,39,[NULL]
0,"8,1,183,1,7",99,38,[NULL]
0,"17,1,111,1,22",100,37,[NULL]
0,"265,1,7",101,36,[NULL]
0,"8,3,71,1,7",102,35,[NULL]
0,"8,2,16,1,50,1,7",103,34,[NULL]
0,597,104,33,[NULL]
1,"8,2,17,1,50,1,7",104,33,[NULL]
0,598,105,32,[NULL]
1,"8,2,125,1,7",105,32,[NULL]
0,"8,5,16,1,7",106,31,[NULL]
1,"0,1,8,1,224,1,2",106,31,[NULL]
0,"0,2,244,1,8",107,30,[NULL]
1,"8,5,17,1,7",107,30,[NULL]
2,"0,1,8,1,225,1,2",107,30,[NULL]
0,"0,1,17,1,138,1,8",108,29,[NULL]
1,"8,1,184,1,7",108,29,[NULL]
2,"8,3,16,1,23,1,7",108,29,[NULL]
3,"5,1,244,1,2",108,29,[NULL]
0,"8,1,185,1,7",109,28,[NULL]
1,"8,4,42,1,7",109,28,[NULL]
2,"8,1,244,1,1",109,28,[NULL]
0,"17,1,147,1,7",110,27,[NULL]
1,"8,4,13,2,7",110,27,[NULL]
2,"17,1,149,1,6",110,27,[NULL]
3,"0,1,8,2,16,1,64,1,2",110,27,[NULL]
0,"154,1,47",111,26,[NULL]
1,"8,3,13,1,32,1,7",111,26,[NULL]
2,"1,1,315,1,2",111,26,[NULL]
3,"0,1,8,2,17,1,64,1,2",111,26,[NULL]
0,"8,2,13,2,23,1,7",112,25,[NULL]
1,"8,3,72,1,7",112,25,[NULL]
0,"8,1,13,2,51,1,7",113,24,[NULL]
1,"8,2,127,1,7",113,24,[NULL]
0,"13,5,7",114,23,[NULL]
1,"8,1,20,1,80,1,7",114,23,[NULL]
0,"13,3,32,1,14",115,22,[NULL]
1,"8,1,186,1,7",115,22,[NULL]
2,"1,2,64,2,2",115,22,[NULL]
3,"380,1,1",115,22,[NULL]
0,599,116,21,[NULL]
1,"13,3,33,1,14",116,21,[NULL]
2,"9,1,13,1,101,1,7",116,21,[NULL]
3,"0,1,64,1,72,1,2",116,21,[NULL]
4,"13,1,219,1,1",116,21,[NULL]
0,601,117,20,[NULL]
1,600,117,20,[NULL]
2,"13,2,80,1,10",117,20,[NULL]
3,"0,1,327,1,2",117,20,[NULL]
4,"0,2,316,1,2",117,20,[NULL]
5,"13,1,220,1,1",117,20,[NULL]
0,"0,1,580",118,19,[NULL]
1,"8,1,187,1,7",118,19,[NULL]
2,"1,2,300,1,2",118,19,[NULL]
3,"0,1,2,1,292,1,2",118,19,[NULL]
4,"381,1,1",118,19,[NULL]
5,"13,3,67,1,0",118,19,[NULL]
6,"2,1,355,1,0",118,19,[NULL]
0,"7,1,417",119,18,[NULL]
1,"266,1,7",119,18,[NULL]
2,"8,1,188,1,7",119,18,[NULL]
3,"334,1,2",119,18,[NULL]
4,"13,1,23,1,83,1,2",119,18,[NULL]
5,"1,1,383,1,0",119,18,[NULL]
6,"1,2,359,1,0",119,18,[NULL]
0,"188,1,29",120,17,[NULL]
1,"267,1,7",120,17,[NULL]
2,"9,1,13,1,133,1,2",120,17,[NULL]
3,"2,1,302,1,2",120,17,[NULL]
4,"0,1,9,1,212,1,2",120,17,[NULL]
5,"2,1,359,1,0",120,17,[NULL]
0,603,121,16,[NULL]
1,602,121,16,[NULL]
2,"23,1,75,1,28",121,16,[NULL]
3,"2,1,13,1,188,1,2",121,16,[NULL]
4,"0,1,328,1,2",121,16,[NULL]
5,"7,1,266,1,0",121,16,[NULL]
0,604,122,15,[NULL]
1,"66,1,123",122,15,[NULL]
2,"1,2,308,1,2",122,15,[NULL]
3,"0,2,319,1,2",122,15,[NULL]
4,"1,1,385,1,0",122,15,[NULL]
0,"3,1,497",123,14,[NULL]
1,"92,1,95",123,14,[NULL]
2,"1,1,319,1,2",123,14,[NULL]
3,"385,1,1",123,14,[NULL]
0,608,124,13,[NULL]
1,607,124,13,[NULL]
2,606,124,13,[NULL]
3,605,124,13,[NULL]
4,"0,3,312,1,2",124,13,[NULL]
5,"418,1,0",124,13,[NULL]
6,"417,1,0",124,13,[NULL]
0,610,125,12,[NULL]
1,609,125,12,[NULL]
2,"67,1,123",125,12,[NULL]
3,"335,1,2",125,12,[NULL]
4,"1,1,320,1,2",125,12,[NULL]
5,"18,1,188,1,1",125,12,[NULL]
6,"0,1,69,1,79,1,1",125,12,[NULL]
7,"1,1,387,1,0",125,12,[NULL]
0,611,126,11,[NULL]
1,"1,1,571",126,11,[NULL]
2,"336,1,2",126,11,[NULL]
3,"69,1,72,1,2",126,11,[NULL]
4,"1,1,321,1,2",126,11,[NULL]
5,"1,1,3,1,270,1,2",126,11,[NULL]
6,"386,1,1",126,11,[NULL]
7,"18,1,189,1,1",126,11,[NULL]
8,"69,1,89,1,0",126,11,[NULL]
9,"1,1,388,1,0",126,11,[NULL]
0,613,127,10,[NULL]
1,612,127,10,[NULL]
2,"0,1,589",127,10,[NULL]
3,"337,1,2",127,10,[NULL]
4,"1,1,322,1,2",127,10,[NULL]
5,"0,1,333,1,2",127,10,[NULL]
6,"389,1,1",127,10,[NULL]
7,"388,1,1",127,10,[NULL]
8,"419,1,0",127,10,[NULL]
0,614,128,9,[NULL]
1,"338,1,2",128,9,[NULL]
2,"391,1,1",128,9,[NULL]
3,"390,1,1",128,9,[NULL]
4,"69,1,82,1,1",128,9,[NULL]
5,"18,1,190,1,1",128,9,[NULL]
6,"0,1,375,1,1",128,9,[NULL]
7,"1,1,393,1,0",128,9,[NULL]
8,"1,1,392,1,0",128,9,[NULL]
0,616,129,8,[NULL]
1,615,129,8,[NULL]
2,"2,1,555",129,8,[NULL]
3,"2,1,554",129,8,[NULL]
4,"2,1,553",129,8,[NULL]
5,"1,1,323,1,2",129,8,[NULL]
6,"394,1,1",129,8,[NULL]
7,"392,1,1",129,8,[NULL]
8,"69,1,85,1,1",129,8,[NULL]
0,618,130,7,[NULL]
1,617,130,7,[NULL]
2,"2,1,69,1,107",130,7,[NULL]
3,"397,1,1",130,7,[NULL]
4,"396,1,1",130,7,[NULL]
5,"0,1,377,1,1",130,7,[NULL]
6,"2,1,368,1,0",130,7,[NULL]
0,"69,1,123",131,6,[NULL]
1,"339,1,2",131,6,[NULL]
2,"399,1,1",131,6,[NULL]
3,"398,1,1",131,6,[NULL]
4,"2,1,340,1,1",131,6,[NULL]
5,"69,1,93,1,0",131,6,[NULL]
0,"340,1,2",132,5,[NULL]
1,"400,1,1",132,5,[NULL]
2,"2,1,341,1,1",132,5,[NULL]
0,"341,1,2",133,4,[NULL]
1,"0,2,69,2,2",133,4,[NULL]
2,"2,2,69,2,0",133,4,[NULL]
0,"69,2,3",134,3,[NULL]
1,"1,1,69,2,2",134,3,[NULL]
2,"0,2,324,1,2",134,3,[NULL]
3,"3,1,69,2,0",134,3,[NULL]
4,"2,2,324,1,0",134,3,[NULL]
0,"324,1,3",135,2,[NULL]
1,"1,1,324,1,2",135,2,[NULL]
2,"3,1,324,1,0",135,2,[NULL]
0,"0,1,596",94,44,[NULL]
0,"342,1,2",95,43,[NULL]
0,"0,2,325,1,2",96,42,[NULL]
0,"0,2,326,1,2",97,41,[NULL]
0,"8,1,252,1,1",98,40,[NULL]
0,"8,1,253,1,1",99,39,[NULL]
0,"1,1,402,1,0",103,35,[NULL]
0,"402,1,1",104,34,[NULL]
0,"403,1,1",105,33,[NULL]
0,"0,2,8,1,224,1,2",106,32,[NULL]
0,"0,3,244,1,8",107,31,[NULL]
1,"0,2,8,1,225,1,2",107,31,[NULL]
0,"0,2,17,1,138,1,8",108,30,[NULL]
1,"8,1,16,1,137,1,1",108,30,[NULL]
0,"8,1,16,1,138,1,1",109,29,[NULL]
1,"0,1,8,1,244,1,1",109,29,[NULL]
0,"343,1,2",110,28,[NULL]
1,"8,1,257,1,0",110,28,[NULL]
2,"1,1,42,1,137,1,0",110,28,[NULL]
0,"0,2,8,2,17,1,64,1,2",111,27,[NULL]
0,"344,1,2",112,26,[NULL]
0,"345,1,2",113,25,[NULL]
0,"8,2,160,1,2",114,24,[NULL]
0,"8,1,232,1,2",115,23,[NULL]
1,"0,1,380,1,1",115,23,[NULL]
0,"260,1,8",116,22,[NULL]
1,"8,1,233,1,2",116,22,[NULL]
2,"8,1,260,1,0",116,22,[NULL]
0,"13,4,42",117,21,[NULL]
1,"9,1,219,1,2",117,21,[NULL]
2,"0,2,327,1,2",117,21,[NULL]
0,"0,2,580",118,20,[NULL]
1,"194,1,28",118,20,[NULL]
2,"13,1,23,1,101,1,1",118,20,[NULL]
3,"8,1,254,1,1",118,20,[NULL]
0,620,119,19,[NULL]
1,619,119,19,[NULL]
2,"168,1,37",119,19,[NULL]
3,"8,1,255,1,1",119,19,[NULL]
4,"2,1,346,1,1",119,19,[NULL]
5,"420,1,0",119,19,[NULL]
0,621,120,18,[NULL]
1,"347,1,2",120,18,[NULL]
2,"346,1,2",120,18,[NULL]
3,"405,1,1",120,18,[NULL]
4,"16,1,209,1,0",120,18,[NULL]
0,622,121,17,[NULL]
1,"13,1,349",121,17,[NULL]
2,"13,2,75,1,14",121,17,[NULL]
3,"0,1,2,1,13,1,188,1,2",121,17,[NULL]
4,"421,1,0",121,17,[NULL]
0,"3,1,507",122,16,[NULL]
1,"195,1,28",122,16,[NULL]
2,"13,2,76,1,14",122,16,[NULL]
3,"328,1,3",122,16,[NULL]
4,"348,1,2",122,16,[NULL]
5,"1,1,328,1,2",122,16,[NULL]
0,624,123,15,[NULL]
1,623,123,15,[NULL]
2,"0,1,3,1,497",123,15,[NULL]
3,"350,1,2",123,15,[NULL]
4,"349,1,2",123,15,[NULL]
5,"3,1,285,1,2",123,15,[NULL]
6,"2,2,287,1,2",123,15,[NULL]
7,"424,1,0",123,15,[NULL]
8,"423,1,0",123,15,[NULL]
0,626,124,14,[NULL]
1,625,124,14,[NULL]
2,"0,1,606",124,14,[NULL]
3,"0,1,605",124,14,[NULL]
4,"3,1,510",124,14,[NULL]
5,"67,1,127",124,14,[NULL]
6,"13,1,209,1,2",124,14,[NULL]
7,"3,1,287,1,2",124,14,[NULL]
8,"23,1,181,1,0",124,14,[NULL]
0,627,125,13,[NULL]
1,"0,1,609",125,13,[NULL]
2,"13,1,355",125,13,[NULL]
3,"67,1,75,1,2",125,13,[NULL]
4,"1,2,64,1,69,1,2",125,13,[NULL]
5,"0,1,335,1,2",125,13,[NULL]
6,"407,1,1",125,13,[NULL]
7,"76,1,82,1,0",125,13,[NULL]
8,"7,1,275,1,0",125,13,[NULL]
0,629,126,12,[NULL]
1,628,126,12,[NULL]
2,"197,1,28",126,12,[NULL]
3,"235,1,17",126,12,[NULL]
4,"67,1,76,1,2",126,12,[NULL]
5,"0,1,336,1,2",126,12,[NULL]
6,"0,1,69,1,72,1,2",126,12,[NULL]
7,"408,1,1",126,12,[NULL]
8,"0,1,386,1,1",126,12,[NULL]
9,"426,1,0",126,12,[NULL]
10,"425,1,0",126,12,[NULL]
0,631,127,11,[NULL]
1,630,127,11,[NULL]
2,"351,1,2",127,11,[NULL]
3,"0,1,337,1,2",127,11,[NULL]
4,"0,2,333,1,2",127,11,[NULL]
5,"411,1,1",127,11,[NULL]
6,"410,1,1",127,11,[NULL]
7,"409,1,1",127,11,[NULL]
8,"0,1,389,1,1",127,11,[NULL]
9,"427,1,0",127,11,[NULL]
10,"1,1,413,1,0",127,11,[NULL]
11,"1,1,412,1,0",127,11,[NULL]
0,632,128,10,[NULL]
1,"69,1,125",128,10,[NULL]
2,"74,1,114",128,10,[NULL]
3,"0,1,338,1,2",128,10,[NULL]
4,"412,1,1",128,10,[NULL]
5,"0,1,390,1,1",128,10,[NULL]
6,"428,1,0",128,10,[NULL]
7,"3,1,333,1,0",128,10,[NULL]
8,"2,1,373,1,0",128,10,[NULL]
0,633,129,9,[NULL]
1,"69,1,126",129,9,[NULL]
2,"414,1,1",129,9,[NULL]
3,"0,1,392,1,1",129,9,[NULL]
4,"2,1,376,1,0",129,9,[NULL]
5,"1,1,415,1,0",129,9,[NULL]
0,634,130,8,[NULL]
1,"352,1,2",130,8,[NULL]
2,"415,1,1",130,8,[NULL]
3,"2,1,353,1,1",130,8,[NULL]
4,"2,1,69,1,75,1,1",130,8,[NULL]
5,"429,1,0",130,8,[NULL]
6,"69,1,95,1,0",130,8,[NULL]
0,635,131,7,[NULL]
1,"2,1,566",131,7,[NULL]
2,"0,1,69,1,123",131,7,[NULL]
3,"353,1,2",131,7,[NULL]
4,"69,1,75,1,2",131,7,[NULL]
5,"0,1,339,1,2",131,7,[NULL]
6,"2,1,69,1,76,1,1",131,7,[NULL]
7,"430,1,0",131,7,[NULL]
0,639,132,6,[NULL]
1,638,132,6,[NULL]
2,637,132,6,[NULL]
3,636,132,6,[NULL]
4,"69,1,76,1,2",132,6,[NULL]
5,"0,1,340,1,2",132,6,[NULL]
0,640,133,5,[NULL]
1,"1,1,595",133,5,[NULL]
2,"0,3,69,2,2",133,5,[NULL]
0,"69,2,4",134,4,[NULL]
1,"0,3,324,1,2",134,4,[NULL]
0,"324,1,4",135,3,[NULL]
0,"416,1,1",94,45,[NULL]
0,641,95,44,[NULL]
1,"431,1,0",95,44,[NULL]
0,"0,3,325,1,2",96,43,[NULL]
0,"0,1,8,1,252,1,1",98,41,[NULL]
0,"8,1,236,1,2",99,40,[NULL]
1,"8,2,182,1,0",99,40,[NULL]
0,"16,1,183,1,2",100,39,[NULL]
0,"17,1,183,1,2",101,38,[NULL]
0,"210,1,23",102,37,[NULL]
1,"354,1,2",102,37,[NULL]
0,"8,3,110,1,2",103,36,[NULL]
0,"8,3,111,1,2",104,35,[NULL]
1,"0,1,402,1,1",104,35,[NULL]
0,"8,1,16,1,17,1,50,1,2",105,34,[NULL]
1,"432,1,0",105,34,[NULL]
0,"8,2,161,1,2",106,33,[NULL]
0,"8,5,31,1,2",107,32,[NULL]
0,"8,4,16,1,17,1,2",108,31,[NULL]
1,"0,1,8,1,16,1,137,1,1",108,31,[NULL]
0,"8,1,237,1,2",109,30,[NULL]
1,"8,4,17,2,2",109,30,[NULL]
2,"1,1,5,1,244,1,2",109,30,[NULL]
3,"8,2,184,1,0",109,30,[NULL]
0,"8,1,238,1,2",110,29,[NULL]
1,"8,4,60,1,2",110,29,[NULL]
2,"0,1,343,1,2",110,29,[NULL]
0,642,111,28,[NULL]
1,"17,1,185,1,2",111,28,[NULL]
2,"8,6,13,1,2",111,28,[NULL]
0,"16,1,149,1,7",112,27,[NULL]
1,"8,5,32,1,2",112,27,[NULL]
2,"0,1,344,1,2",112,27,[NULL]
0,"17,1,149,1,7",113,26,[NULL]
1,"8,3,112,1,2",113,26,[NULL]
2,"8,4,13,1,23,1,2",113,26,[NULL]
0,"277,1,7",114,25,[NULL]
1,"8,3,113,1,2",114,25,[NULL]
2,"8,3,13,1,51,1,2",114,25,[NULL]
0,"8,1,193,1,7",115,24,[NULL]
1,"64,2,5",115,24,[NULL]
2,"8,2,162,1,2",115,24,[NULL]
3,"8,2,13,4,2",115,24,[NULL]
0,"0,1,260,1,8",116,23,[NULL]
1,"8,1,194,1,7",116,23,[NULL]
2,"8,1,23,1,113,1,2",116,23,[NULL]
3,"8,1,13,3,32,1,2",116,23,[NULL]
4,"13,4,32,1,0",116,23,[NULL]
0,"13,1,167,1,7",117,22,[NULL]
1,"13,4,23,1,2",117,22,[NULL]
2,"8,2,9,1,101,1,2",117,22,[NULL]
3,"13,4,33,1,0",117,22,[NULL]
0,"248,1,14",118,21,[NULL]
1,"278,1,7",118,21,[NULL]
2,"300,1,5",118,21,[NULL]
3,"13,4,24,1,2",118,21,[NULL]
4,"8,1,9,1,13,1,80,1,2",118,21,[NULL]
5,"435,1,0",118,21,[NULL]
0,644,119,20,[NULL]
1,643,119,20,[NULL]
2,"13,1,150,1,14",119,20,[NULL]
3,"16,1,187,1,2",119,20,[NULL]
4,"9,1,23,1,101,1,2",119,20,[NULL]
5,"8,2,187,1,0",119,20,[NULL]
6,"2,1,381,1,0",119,20,[NULL]
0,646,120,19,[NULL]
1,645,120,19,[NULL]
2,"16,1,188,1,2",120,19,[NULL]
3,"1,1,334,1,2",120,19,[NULL]
4,"0,1,347,1,2",120,19,[NULL]
5,"0,1,346,1,2",120,19,[NULL]
6,"13,3,67,1,1",120,19,[NULL]
7,"2,1,355,1,1",120,19,[NULL]
8,"7,1,278,1,0",120,19,[NULL]
0,"266,1,9",121,18,[NULL]
1,"2,1,302,1,3",121,18,[NULL]
2,"356,1,2",121,18,[NULL]
3,"355,1,2",121,18,[NULL]
4,"17,1,188,1,2",121,18,[NULL]
0,"279,1,7",122,17,[NULL]
1,"358,1,2",122,17,[NULL]
2,"357,1,2",122,17,[NULL]
3,"2,1,359,1,1",122,17,[NULL]
4,"436,1,0",122,17,[NULL]
5,"23,1,188,1,0",122,17,[NULL]
0,647,123,16,[NULL]
1,"13,1,95,1,42",123,16,[NULL]
2,"280,1,7",123,16,[NULL]
3,"359,1,2",123,16,[NULL]
4,"13,1,212,1,2",123,16,[NULL]
5,"0,1,349,1,2",123,16,[NULL]
6,"0,1,3,1,285,1,2",123,16,[NULL]
7,"437,1,0",123,16,[NULL]
8,"23,1,189,1,0",123,16,[NULL]
0,"0,1,626",124,15,[NULL]
1,"261,1,10",124,15,[NULL]
2,"360,1,2",124,15,[NULL]
3,"7,1,267,1,1",124,15,[NULL]
4,"438,1,0",124,15,[NULL]
0,"362,1,2",125,14,[NULL]
1,"361,1,2",125,14,[NULL]
2,"0,1,407,1,1",125,14,[NULL]
3,"440,1,0",125,14,[NULL]
4,"439,1,0",125,14,[NULL]
5,"23,1,190,1,0",125,14,[NULL]
6,"1,1,417,1,0",125,14,[NULL]
0,648,126,13,[NULL]
1,"2,1,181,1,28",126,13,[NULL]
2,"13,1,213,1,2",126,13,[NULL]
3,"7,1,250,1,2",126,13,[NULL]
4,"1,1,335,1,2",126,13,[NULL]
5,"0,2,336,1,2",126,13,[NULL]
6,"0,2,69,1,72,1,2",126,13,[NULL]
7,"418,1,1",126,13,[NULL]
8,"417,1,1",126,13,[NULL]
9,"3,1,335,1,0",126,13,[NULL]
0,649,127,12,[NULL]
1,"251,1,14",127,12,[NULL]
2,"364,1,2",127,12,[NULL]
3,"363,1,2",127,12,[NULL]
4,"0,1,351,1,2",127,12,[NULL]
5,"0,2,337,1,2",127,12,[NULL]
6,"0,3,333,1,2",127,12,[NULL]
7,"25,1,190,1,0",127,12,[NULL]
0,650,128,11,[NULL]
1,"76,1,120",128,11,[NULL]
2,"365,1,2",128,11,[NULL]
3,"69,1,89,1,1",128,11,[NULL]
0,652,129,10,[NULL]
1,651,129,10,[NULL]
2,"69,1,131",129,10,[NULL]
3,"419,1,1",129,10,[NULL]
4,"0,1,414,1,1",129,10,[NULL]
5,"442,1,0",129,10,[NULL]
6,"441,1,0",129,10,[NULL]
7,"2,1,69,1,82,1,0",129,10,[NULL]
0,656,130,9,[NULL]
1,655,130,9,[NULL]
2,654,130,9,[NULL]
3,653,130,9,[NULL]
4,"2,1,574",130,9,[NULL]
5,"69,1,132",130,9,[NULL]
6,"366,1,2",130,9,[NULL]
7,"0,1,352,1,2",130,9,[NULL]
8,"0,1,415,1,1",130,9,[NULL]
9,"444,1,0",130,9,[NULL]
10,"443,1,0",130,9,[NULL]
0,660,131,8,[NULL]
1,659,131,8,[NULL]
2,658,131,8,[NULL]
3,657,131,8,[NULL]
4,"1,1,618",131,8,[NULL]
5,"367,1,2",131,8,[NULL]
6,"3,1,68,1,69,1,1",131,8,[NULL]
7,"445,1,0",131,8,[NULL]
8,"2,1,396,1,0",131,8,[NULL]
0,663,132,7,[NULL]
1,662,132,7,[NULL]
2,661,132,7,[NULL]
3,"0,1,636",132,7,[NULL]
4,"1,1,69,1,123",132,7,[NULL]
5,"339,1,3",132,7,[NULL]
6,"0,2,340,1,2",132,7,[NULL]
7,"2,1,368,1,1",132,7,[NULL]
8,"3,1,339,1,0",132,7,[NULL]
9,"2,1,398,1,0",132,7,[NULL]
0,665,133,6,[NULL]
1,664,133,6,[NULL]
2,"340,1,3",133,6,[NULL]
3,"368,1,2",133,6,[NULL]
4,"69,1,93,1,1",133,6,[NULL]
5,"446,1,0",133,6,[NULL]
6,"3,1,340,1,0",133,6,[NULL]
7,"2,1,400,1,0",133,6,[NULL]
0,666,134,5,[NULL]
1,"341,1,3",134,5,[NULL]
2,"3,1,341,1,0",134,5,[NULL]
0,"1,2,69,2,2",135,4,[NULL]
1,"2,2,69,2,1",135,4,[NULL]
2,"1,1,3,1,69,2,0",135,4,[NULL]
0,"2,1,69,2,2",136,3,[NULL]
1,"1,2,324,1,2",136,3,[NULL]
2,"3,1,69,2,1",136,3,[NULL]
3,"2,2,324,1,1",136,3,[NULL]
4,"1,1,3,1,324,1,0",136,3,[NULL]
0,"2,1,324,1,2",137,2,[NULL]
1,"3,1,324,1,1",137,2,[NULL]
0,"0,1,641",95,45,[NULL]
0,"1,1,342,1,2",96,44,[NULL]
0,667,97,43,[NULL]
0,668,98,42,[NULL]
0,"0,1,8,1,236,1,2",99,41,[NULL]
0,"0,1,16,1,183,1,2",100,40,[NULL]
0,"8,1,199,1,7",101,39,[NULL]
1,"0,1,17,1,183,1,2",101,39,[NULL]
0,"0,1,210,1,23",102,38,[NULL]
1,"8,1,200,1,7",102,38,[NULL]
0,"17,1,153,1,7",103,37,[NULL]
0,"283,1,7",104,36,[NULL]
1,"1,2,402,1,0",104,36,[NULL]
0,"8,3,77,1,7",105,35,[NULL]
0,"8,3,78,1,7",106,34,[NULL]
0,"224,1,22",107,33,[NULL]
1,"8,2,17,1,56,1,7",107,33,[NULL]
0,"225,1,22",108,32,[NULL]
1,"8,2,136,1,7",108,32,[NULL]
0,"8,5,19,1,7",109,31,[NULL]
1,"0,1,8,1,237,1,2",109,31,[NULL]
0,"8,5,20,1,7",110,30,[NULL]
1,"0,1,8,1,238,1,2",110,30,[NULL]
2,"0,2,343,1,2",110,30,[NULL]
0,"8,2,137,1,7",111,29,[NULL]
1,"8,4,45,1,7",111,29,[NULL]
2,"0,1,17,1,185,1,2",111,29,[NULL]
0,"8,2,138,1,7",112,28,[NULL]
1,"8,4,46,1,7",112,28,[NULL]
0,"16,1,154,1,7",113,27,[NULL]
1,"8,3,9,1,13,2,7",113,27,[NULL]
0,"17,1,154,1,7",114,26,[NULL]
1,"8,2,9,1,13,1,32,1,7",114,26,[NULL]
0,"8,1,9,1,13,2,23,1,7",115,25,[NULL]
1,"8,3,79,1,7",115,25,[NULL]
0,"0,2,260,1,8",116,24,[NULL]
1,"9,1,13,2,51,1,7",116,24,[NULL]
2,"8,3,80,1,7",116,24,[NULL]
0,"64,1,138",117,23,[NULL]
1,"13,5,10",117,23,[NULL]
2,"274,1,8",117,23,[NULL]
3,"8,1,22,1,80,1,7",117,23,[NULL]
4,"5,1,260,1,2",117,23,[NULL]
0,"64,1,139",118,22,[NULL]
1,"8,1,23,1,80,1,7",118,22,[NULL]
2,"8,1,260,1,1",118,22,[NULL]
0,669,119,21,[NULL]
1,"13,2,101,1,7",119,21,[NULL]
2,"292,1,6",119,21,[NULL]
3,"0,1,16,1,187,1,2",119,21,[NULL]
0,"2,1,578",120,20,[NULL]
1,"167,1,42",120,20,[NULL]
2,"13,2,80,1,14",120,20,[NULL]
3,"69,1,78,1,2",120,20,[NULL]
4,"0,1,16,1,188,1,2",120,20,[NULL]
5,"0,2,347,1,2",120,20,[NULL]
6,"0,2,346,1,2",120,20,[NULL]
7,"447,1,0",120,20,[NULL]
8,"1,1,420,1,0",120,20,[NULL]
0,670,121,19,[NULL]
1,"13,3,104",121,19,[NULL]
2,"8,1,201,1,7",121,19,[NULL]
3,"346,1,3",121,19,[NULL]
4,"1,1,347,1,2",121,19,[NULL]
5,"0,1,356,1,2",121,19,[NULL]
6,"0,1,355,1,2",121,19,[NULL]
7,"0,1,17,1,188,1,2",121,19,[NULL]
0,"23,1,83,1,28",122,18,[NULL]
1,"266,1,10",122,18,[NULL]
2,"9,1,188,1,7",122,18,[NULL]
3,"0,1,358,1,2",122,18,[NULL]
4,"13,3,75,1,0",122,18,[NULL]
0,"267,1,10",123,17,[NULL]
1,"286,1,7",123,17,[NULL]
2,"285,1,7",123,17,[NULL]
3,"13,2,133,1,2",123,17,[NULL]
4,"0,1,359,1,2",123,17,[NULL]
5,"0,1,13,1,212,1,2",123,17,[NULL]
6,"17,1,209,1,1",123,17,[NULL]
7,"13,3,76,1,0",123,17,[NULL]
0,671,124,16,[NULL]
1,"2,1,188,1,28",124,16,[NULL]
2,"369,1,2",124,16,[NULL]
3,"13,2,134,1,2",124,16,[NULL]
4,"2,1,328,1,2",124,16,[NULL]
5,"1,1,349,1,2",124,16,[NULL]
6,"422,1,1",124,16,[NULL]
7,"1,1,424,1,0",124,16,[NULL]
0,673,125,15,[NULL]
1,672,125,15,[NULL]
2,"1,1,3,1,287,1,2",125,15,[NULL]
3,"423,1,1",125,15,[NULL]
4,"448,1,0",125,15,[NULL]
5,"3,2,287,1,0",125,15,[NULL]
0,674,126,14,[NULL]
1,"3,1,532",126,14,[NULL]
2,"370,1,2",126,14,[NULL]
3,"23,1,181,1,1",126,14,[NULL]
4,"0,1,418,1,1",126,14,[NULL]
5,"449,1,0",126,14,[NULL]
0,675,127,13,[NULL]
1,"3,1,533",127,13,[NULL]
2,"0,1,363,1,2",127,13,[NULL]
3,"7,1,275,1,1",127,13,[NULL]
4,"1,1,426,1,0",127,13,[NULL]
0,678,128,12,[NULL]
1,677,128,12,[NULL]
2,676,128,12,[NULL]
3,"0,1,650",128,12,[NULL]
4,"270,1,10",128,12,[NULL]
5,"1,1,351,1,2",128,12,[NULL]
6,"0,1,365,1,2",128,12,[NULL]
7,"425,1,1",128,12,[NULL]
0,680,129,11,[NULL]
1,679,129,11,[NULL]
2,"75,1,123",129,11,[NULL]
3,"74,1,123",129,11,[NULL]
4,"203,1,28",129,11,[NULL]
5,"371,1,2",129,11,[NULL]
6,"69,1,79,1,2",129,11,[NULL]
7,"0,1,419,1,1",129,11,[NULL]
8,"18,1,209,1,0",129,11,[NULL]
0,"3,1,537",130,10,[NULL]
1,"76,1,123",130,10,[NULL]
2,"25,1,69,1,37",130,10,[NULL]
3,"372,1,2",130,10,[NULL]
4,"69,1,80,1,2",130,10,[NULL]
5,"0,1,366,1,2",130,10,[NULL]
6,"428,1,1",130,10,[NULL]
7,"3,1,333,1,1",130,10,[NULL]
8,"2,1,373,1,1",130,10,[NULL]
9,"450,1,0",130,10,[NULL]
0,683,131,9,[NULL]
1,682,131,9,[NULL]
2,681,131,9,[NULL]
3,"0,1,657",131,9,[NULL]
4,"69,1,134",131,9,[NULL]
5,"35,1,69,1,28",131,9,[NULL]
6,"352,1,3",131,9,[NULL]
7,"374,1,2",131,9,[NULL]
8,"373,1,2",131,9,[NULL]
9,"0,1,367,1,2",131,9,[NULL]
10,"2,1,376,1,1",131,9,[NULL]
11,"3,1,352,1,0",131,9,[NULL]
12,"1,1,69,1,95,1,0",131,9,[NULL]
0,685,132,8,[NULL]
1,684,132,8,[NULL]
2,"0,1,661",132,8,[NULL]
3,"69,1,135",132,8,[NULL]
4,"353,1,3",132,8,[NULL]
5,"69,1,75,1,3",132,8,[NULL]
6,"376,1,2",132,8,[NULL]
7,"375,1,2",132,8,[NULL]
8,"429,1,1",132,8,[NULL]
9,"69,1,95,1,1",132,8,[NULL]
10,"2,2,69,1,76,1,0",132,8,[NULL]
0,"18,1,301",133,7,[NULL]
1,"69,1,76,1,3",133,7,[NULL]
2,"1,1,69,1,76,1,2",133,7,[NULL]
3,"3,1,69,1,76,1,0",133,7,[NULL]
0,687,134,6,[NULL]
1,686,134,6,[NULL]
2,"2,1,594",134,6,[NULL]
3,"377,1,2",134,6,[NULL]
0,688,135,5,[NULL]
1,"2,1,595",135,5,[NULL]
2,"3,1,540",135,5,[NULL]
3,"378,1,2",135,5,[NULL]
4,"4,1,69,2,0",135,5,[NULL]
0,"0,1,2,1,69,2,2",136,4,[NULL]
1,"0,1,3,1,69,2,1",136,4,[NULL]
2,"4,1,324,1,0",136,4,[NULL]
0,"0,1,2,1,324,1,2",137,3,[NULL]
1,"0,1,3,1,324,1,1",137,3,[NULL]
0,"0,2,641",95,46,[NULL]
0,"379,1,2",96,45,[NULL]
1,"1,1,431,1,0",96,45,[NULL]
0,"431,1,1",97,44,[NULL]
0,"296,1,6",98,43,[NULL]
0,"0,2,8,1,236,1,2",99,42,[NULL]
0,"0,2,16,1,183,1,2",100,41,[NULL]
0,"8,2,182,1,1",101,40,[NULL]
0,"8,2,183,1,1",102,39,[NULL]
0,"1,1,354,1,2",103,38,[NULL]
0,"432,1,1",107,34,[NULL]
0,"433,1,1",108,33,[NULL]
0,"0,2,8,1,237,1,2",109,32,[NULL]
1,"452,1,0",109,32,[NULL]
0,"0,2,8,1,238,1,2",110,31,[NULL]
1,"0,3,343,1,2",110,31,[NULL]
0,"8,2,184,1,1",111,30,[NULL]
0,"8,2,185,1,1",112,29,[NULL]
1,"453,1,0",112,29,[NULL]
0,"8,1,244,1,2",113,28,[NULL]
0,"17,1,149,1,8",114,27,[NULL]
0,"8,1,245,1,2",115,26,[NULL]
0,"0,3,260,1,8",116,25,[NULL]
1,"8,1,247,1,2",116,25,[NULL]
2,"5,1,64,2,0",116,25,[NULL]
0,"0,1,274,1,8",117,24,[NULL]
1,"64,2,6",117,24,[NULL]
2,"8,2,166,1,2",117,24,[NULL]
0,"299,1,6",118,23,[NULL]
1,"8,2,167,1,2",118,23,[NULL]
2,"13,4,32,1,1",118,23,[NULL]
3,"0,1,8,1,260,1,1",118,23,[NULL]
0,"380,1,2",119,22,[NULL]
1,"8,1,248,1,2",119,22,[NULL]
2,"13,4,33,1,1",119,22,[NULL]
3,"13,1,248,1,0",119,22,[NULL]
4,"8,1,278,1,0",119,22,[NULL]
5,"1,1,435,1,0",119,22,[NULL]
0,"13,1,382",120,21,[NULL]
1,"13,1,219,1,2",120,21,[NULL]
2,"0,2,16,1,188,1,2",120,21,[NULL]
3,"0,3,347,1,2",120,21,[NULL]
4,"13,2,150,1,0",120,21,[NULL]
0,"13,1,220,1,2",121,20,[NULL]
1,"0,2,355,1,2",121,20,[NULL]
2,"8,2,187,1,1",121,20,[NULL]
3,"2,1,381,1,1",121,20,[NULL]
4,"455,1,0",121,20,[NULL]
0,"13,2,83,1,14",122,19,[NULL]
1,"355,1,3",122,19,[NULL]
2,"381,1,2",122,19,[NULL]
3,"8,2,188,1,1",122,19,[NULL]
4,"7,1,278,1,1",122,19,[NULL]
0,"13,2,95,1,10",123,18,[NULL]
1,"357,1,3",123,18,[NULL]
2,"382,1,2",123,18,[NULL]
3,"1,1,357,1,2",123,18,[NULL]
4,"0,2,359,1,2",123,18,[NULL]
5,"8,1,267,1,1",123,18,[NULL]
6,"8,1,279,1,0",123,18,[NULL]
7,"1,1,436,1,0",123,18,[NULL]
0,"359,1,3",124,17,[NULL]
1,"383,1,2",124,17,[NULL]
2,"1,1,359,1,2",124,17,[NULL]
3,"0,1,2,1,328,1,2",124,17,[NULL]
4,"23,1,188,1,1",124,17,[NULL]
5,"3,1,359,1,0",124,17,[NULL]
0,"7,1,456",125,16,[NULL]
1,"8,1,250,1,2",125,16,[NULL]
2,"1,1,360,1,2",125,16,[NULL]
3,"437,1,1",125,16,[NULL]
4,"23,1,189,1,1",125,16,[NULL]
5,"1,1,438,1,0",125,16,[NULL]
0,689,126,15,[NULL]
1,"178,1,41",126,15,[NULL]
2,"384,1,2",126,15,[NULL]
3,"1,1,361,1,2",126,15,[NULL]
4,"0,1,370,1,2",126,15,[NULL]
5,"438,1,1",126,15,[NULL]
6,"456,1,0",126,15,[NULL]
7,"67,1,107,1,0",126,15,[NULL]
8,"1,1,439,1,0",126,15,[NULL]
0,"69,1,138",127,14,[NULL]
1,"209,1,28",127,14,[NULL]
2,"385,1,2",127,14,[NULL]
3,"0,2,363,1,2",127,14,[NULL]
4,"440,1,1",127,14,[NULL]
5,"439,1,1",127,14,[NULL]
6,"23,1,190,1,1",127,14,[NULL]
7,"457,1,0",127,14,[NULL]
8,"1,1,3,1,335,1,0",127,14,[NULL]
0,"0,1,678",128,13,[NULL]
1,"69,1,139",128,13,[NULL]
2,"181,1,37",128,13,[NULL]
3,"3,1,335,1,1",128,13,[NULL]
4,"0,1,425,1,1",128,13,[NULL]
5,"458,1,0",128,13,[NULL]
6,"13,1,251,1,0",128,13,[NULL]
7,"3,1,363,1,0",128,13,[NULL]
0,690,129,12,[NULL]
1,"18,1,188,1,2",129,12,[NULL]
2,"0,1,371,1,2",129,12,[NULL]
3,"0,1,69,1,79,1,2",129,12,[NULL]
4,"25,1,190,1,1",129,12,[NULL]
5,"3,1,336,1,1",129,12,[NULL]
6,"459,1,0",129,12,[NULL]
7,"76,1,95,1,0",129,12,[NULL]
0,691,130,11,[NULL]
1,"216,1,26",130,11,[NULL]
2,"387,1,2",130,11,[NULL]
3,"386,1,2",130,11,[NULL]
4,"18,1,189,1,2",130,11,[NULL]
5,"0,1,69,1,80,1,2",130,11,[NULL]
6,"0,2,366,1,2",130,11,[NULL]
7,"0,1,428,1,1",130,11,[NULL]
8,"461,1,0",130,11,[NULL]
9,"1,1,442,1,0",130,11,[NULL]
0,693,131,10,[NULL]
1,692,131,10,[NULL]
2,"389,1,2",131,10,[NULL]
3,"388,1,2",131,10,[NULL]
4,"1,1,366,1,2",131,10,[NULL]
5,"0,1,373,1,2",131,10,[NULL]
6,"0,2,367,1,2",131,10,[NULL]
7,"441,1,1",131,10,[NULL]
8,"2,1,69,1,82,1,1",131,10,[NULL]
9,"463,1,0",131,10,[NULL]
10,"18,1,213,1,0",131,10,[NULL]
11,"3,1,366,1,0",131,10,[NULL]
0,"1,1,658",132,9,[NULL]
1,"3,1,69,1,105",132,9,[NULL]
2,"367,1,3",132,9,[NULL]
3,"391,1,2",132,9,[NULL]
4,"390,1,2",132,9,[NULL]
5,"69,1,82,1,2",132,9,[NULL]
6,"18,1,190,1,2",132,9,[NULL]
7,"0,1,375,1,2",132,9,[NULL]
8,"444,1,1",132,9,[NULL]
9,"443,1,1",132,9,[NULL]
10,"0,1,69,1,95,1,1",132,9,[NULL]
11,"464,1,0",132,9,[NULL]
12,"69,1,107,1,0",132,9,[NULL]
13,"3,1,367,1,0",132,9,[NULL]
14,"1,1,445,1,0",132,9,[NULL]
0,696,133,8,[NULL]
1,695,133,8,[NULL]
2,694,133,8,[NULL]
3,"2,1,618",133,8,[NULL]
4,"3,1,553",133,8,[NULL]
5,"69,1,76,1,4",133,8,[NULL]
6,"395,1,2",133,8,[NULL]
7,"394,1,2",133,8,[NULL]
8,"393,1,2",133,8,[NULL]
9,"392,1,2",133,8,[NULL]
10,"69,1,85,1,2",133,8,[NULL]
11,"445,1,1",133,8,[NULL]
12,"466,1,0",133,8,[NULL]
13,"465,1,0",133,8,[NULL]
14,"2,2,368,1,0",133,8,[NULL]
0,"2,1,69,1,123",134,7,[NULL]
1,"3,1,69,1,107",134,7,[NULL]
2,"368,1,3",134,7,[NULL]
3,"397,1,2",134,7,[NULL]
4,"396,1,2",134,7,[NULL]
5,"1,1,368,1,2",134,7,[NULL]
6,"0,1,377,1,2",134,7,[NULL]
7,"3,1,339,1,1",134,7,[NULL]
8,"2,1,398,1,1",134,7,[NULL]
9,"467,1,0",134,7,[NULL]
10,"3,1,368,1,0",134,7,[NULL]
11,"1,1,446,1,0",134,7,[NULL]
0,"69,1,145",135,6,[NULL]
1,"69,2,5",135,6,[NULL]
2,"399,1,2",135,6,[NULL]
3,"398,1,2",135,6,[NULL]
4,"2,1,340,1,2",135,6,[NULL]
5,"446,1,1",135,6,[NULL]
6,"3,1,340,1,1",135,6,[NULL]
7,"2,1,400,1,1",135,6,[NULL]
8,"468,1,0",135,6,[NULL]
0,"324,1,5",136,5,[NULL]
1,"400,1,2",136,5,[NULL]
2,"2,1,341,1,2",136,5,[NULL]
3,"0,2,2,1,69,2,2",136,5,[NULL]
4,"3,1,341,1,1",136,5,[NULL]
5,"1,2,3,1,69,2,0",136,5,[NULL]
0,"2,1,69,2,3",137,4,[NULL]
1,"0,2,2,1,324,1,2",137,4,[NULL]
2,"1,2,3,1,324,1,0",137,4,[NULL]
0,"2,1,324,1,3",138,3,[NULL]
0,"0,3,641",95,47,[NULL]
0,697,96,46,[NULL]
0,"0,1,431,1,1",97,45,[NULL]
0,"469,1,0",98,44,[NULL]
0,"0,1,8,2,182,1,1",101,41,[NULL]
0,"8,1,252,1,2",102,40,[NULL]
1,"8,2,199,1,0",102,40,[NULL]
0,"8,1,253,1,2",103,39,[NULL]
0,"17,1,200,1,2",104,38,[NULL]
0,"401,1,2",105,37,[NULL]
0,"8,3,116,1,2",106,36,[NULL]
0,"8,3,117,1,2",107,35,[NULL]
1,"0,1,432,1,1",107,35,[NULL]
0,"402,1,2",108,34,[NULL]
1,"8,2,17,1,78,1,2",108,34,[NULL]
2,"16,1,224,1,0",108,34,[NULL]
0,"403,1,2",109,33,[NULL]
1,"8,2,171,1,2",109,33,[NULL]
0,"8,5,39,1,2",110,32,[NULL]
0,698,111,31,[NULL]
1,"8,5,40,1,2",111,31,[NULL]
0,"8,1,16,1,137,1,2",112,30,[NULL]
1,"8,4,17,1,20,1,2",112,30,[NULL]
2,"8,3,137,1,0",112,30,[NULL]
0,699,113,29,[NULL]
1,"8,1,16,1,138,1,2",113,29,[NULL]
2,"8,4,63,1,2",113,29,[NULL]
3,"0,1,8,1,244,1,2",113,29,[NULL]
0,700,114,28,[NULL]
1,"0,1,17,1,149,1,8",114,28,[NULL]
2,"8,1,17,1,138,1,2",114,28,[NULL]
3,"8,5,9,1,13,1,2",114,28,[NULL]
0,"17,1,154,1,8",115,27,[NULL]
1,"8,1,206,1,7",115,27,[NULL]
2,"42,1,137,1,2",115,27,[NULL]
3,"8,4,9,1,32,1,2",115,27,[NULL]
0,"17,1,160,1,7",116,26,[NULL]
1,"8,3,9,1,13,1,23,1,2",116,26,[NULL]
2,"8,4,64,1,2",116,26,[NULL]
0,"8,1,207,1,7",117,25,[NULL]
1,"0,1,64,2,6",117,25,[NULL]
2,"8,2,9,1,13,1,51,1,2",117,25,[NULL]
3,"8,3,118,1,2",117,25,[NULL]
0,"8,1,208,1,7",118,24,[NULL]
1,"8,1,9,1,13,4,2",118,24,[NULL]
2,"8,2,17,1,80,1,2",118,24,[NULL]
3,"1,1,5,1,260,1,2",118,24,[NULL]
4,"64,1,112,1,0",118,24,[NULL]
0,"9,1,194,1,7",119,23,[NULL]
1,"9,1,13,3,32,1,2",119,23,[NULL]
2,"8,2,173,1,2",119,23,[NULL]
3,"0,1,380,1,2",119,23,[NULL]
0,"13,3,23,1,28",120,22,[NULL]
1,"13,1,167,1,10",120,22,[NULL]
2,"404,1,2",120,22,[NULL]
3,"8,2,13,1,101,1,2",120,22,[NULL]
0,"291,1,7",121,21,[NULL]
1,"8,1,13,2,80,1,2",121,21,[NULL]
2,"13,3,80,1,0",121,21,[NULL]
3,"1,1,447,1,0",121,21,[NULL]
0,"292,1,7",122,20,[NULL]
1,"13,1,23,1,101,1,2",122,20,[NULL]
2,"8,1,254,1,2",122,20,[NULL]
3,"1,2,347,1,2",122,20,[NULL]
4,"8,2,201,1,0",122,20,[NULL]
0,701,123,19,[NULL]
1,"13,2,23,1,79",123,19,[NULL]
2,"8,1,255,1,2",123,19,[NULL]
3,"2,1,346,1,2",123,19,[NULL]
0,702,124,18,[NULL]
1,"13,1,105,1,42",124,18,[NULL]
2,"293,1,7",124,18,[NULL]
3,"405,1,2",124,18,[NULL]
4,"20,1,188,1,2",124,18,[NULL]
5,"13,3,75,1,1",124,18,[NULL]
0,704,125,17,[NULL]
1,703,125,17,[NULL]
2,"0,1,7,1,456",125,17,[NULL]
3,"8,1,209,1,7",125,17,[NULL]
4,"1,1,369,1,2",125,17,[NULL]
5,"13,3,76,1,1",125,17,[NULL]
6,"0,1,437,1,1",125,17,[NULL]
7,"472,1,0",125,17,[NULL]
0,706,126,16,[NULL]
1,705,126,16,[NULL]
2,"0,1,689",126,16,[NULL]
3,"212,1,28",126,16,[NULL]
4,"294,1,7",126,16,[NULL]
5,"0,1,438,1,1",126,16,[NULL]
6,"473,1,0",126,16,[NULL]
7,"1,1,448,1,0",126,16,[NULL]
0,708,127,15,[NULL]
1,707,127,15,[NULL]
2,"189,1,37",127,15,[NULL]
3,"261,1,14",127,15,[NULL]
4,"448,1,1",127,15,[NULL]
5,"0,1,439,1,1",127,15,[NULL]
0,711,128,14,[NULL]
1,710,128,14,[NULL]
2,709,128,14,[NULL]
3,"262,1,14",128,14,[NULL]
4,"311,1,6",128,14,[NULL]
5,"406,1,2",128,14,[NULL]
6,"449,1,1",128,14,[NULL]
0,714,129,13,[NULL]
1,713,129,13,[NULL]
2,712,129,13,[NULL]
3,"213,1,28",129,13,[NULL]
4,"281,1,10",129,13,[NULL]
5,"407,1,2",129,13,[NULL]
6,"1,2,351,1,2",129,13,[NULL]
7,"0,2,69,1,79,1,2",129,13,[NULL]
8,"475,1,0",129,13,[NULL]
9,"474,1,0",129,13,[NULL]
0,718,130,12,[NULL]
1,717,130,12,[NULL]
2,716,130,12,[NULL]
3,715,130,12,[NULL]
4,"191,1,37",130,12,[NULL]
5,"408,1,2",130,12,[NULL]
6,"0,1,386,1,2",130,12,[NULL]
7,"0,2,69,1,80,1,2",130,12,[NULL]
8,"476,1,0",130,12,[NULL]
0,719,131,11,[NULL]
1,"0,1,693",131,11,[NULL]
2,"2,1,632",131,11,[NULL]
3,"3,1,562",131,11,[NULL]
4,"3,1,561",131,11,[NULL]
5,"411,1,2",131,11,[NULL]
6,"410,1,2",131,11,[NULL]
7,"409,1,2",131,11,[NULL]
8,"0,1,389,1,2",131,11,[NULL]
9,"18,1,209,1,1",131,11,[NULL]
10,"477,1,0",131,11,[NULL]
11,"1,1,450,1,0",131,11,[NULL]
0,721,132,10,[NULL]
1,720,132,10,[NULL]
2,"3,1,563",132,10,[NULL]
3,"0,1,3,1,69,1,105",132,10,[NULL]
4,"13,1,69,1,66",132,10,[NULL]
5,"373,1,3",132,10,[NULL]
6,"413,1,2",132,10,[NULL]
7,"412,1,2",132,10,[NULL]
8,"0,1,391,1,2",132,10,[NULL]
9,"0,1,390,1,2",132,10,[NULL]
10,"0,2,375,1,2",132,10,[NULL]
11,"450,1,1",132,10,[NULL]
12,"0,1,443,1,1",132,10,[NULL]
13,"478,1,0",132,10,[NULL]
14,"2,2,376,1,0",132,10,[NULL]
0,722,133,9,[NULL]
1,"3,1,564",133,9,[NULL]
2,"13,1,402",133,9,[NULL]
3,"376,1,3",133,9,[NULL]
4,"414,1,2",133,9,[NULL]
5,"1,1,376,1,2",133,9,[NULL]
6,"1,1,375,1,2",133,9,[NULL]
7,"0,1,394,1,2",133,9,[NULL]
8,"0,1,392,1,2",133,9,[NULL]
9,"3,1,352,1,1",133,9,[NULL]
10,"0,1,445,1,1",133,9,[NULL]
11,"479,1,0",133,9,[NULL]
12,"3,1,376,1,0",133,9,[NULL]
13,"2,1,69,1,95,1,0",133,9,[NULL]
0,"3,1,565",134,8,[NULL]
1,"415,1,2",134,8,[NULL]
2,"2,1,353,1,2",134,8,[NULL]
3,"2,1,69,1,75,1,2",134,8,[NULL]
4,"0,1,397,1,2",134,8,[NULL]
5,"0,1,396,1,2",134,8,[NULL]
6,"451,1,1",134,8,[NULL]
7,"2,2,69,1,76,1,1",134,8,[NULL]
8,"0,1,3,1,339,1,1",134,8,[NULL]
9,"480,1,0",134,8,[NULL]
10,"1,1,3,1,69,1,76,1,0",134,8,[NULL]
0,"2,1,638",135,7,[NULL]
1,"2,1,69,1,76,1,2",135,7,[NULL]
2,"0,1,398,1,2",135,7,[NULL]
3,"0,1,446,1,1",135,7,[NULL]
4,"3,1,377,1,0",135,7,[NULL]
0,"1,1,379,1,2",97,46,[NULL]
1,"1,2,431,1,0",97,46,[NULL]
0,"416,1,2",98,45,[NULL]
0,"295,1,7",100,43,[NULL]
0,"296,1,7",101,42,[NULL]
0,"0,1,8,1,252,1,2",102,41,[NULL]
0,723,103,40,[NULL]
1,"0,1,8,1,253,1,2",103,40,[NULL]
0,"8,2,145,1,7",104,39,[NULL]
1,"0,1,17,1,200,1,2",104,39,[NULL]
0,"8,1,16,1,111,1,7",105,38,[NULL]
0,"8,1,17,1,111,1,7",106,37,[NULL]
0,"8,1,211,1,7",107,36,[NULL]
0,"8,4,49,1,7",108,35,[NULL]
1,"0,1,402,1,2",108,35,[NULL]
0,"8,4,50,1,7",109,34,[NULL]
1,"0,1,403,1,2",109,34,[NULL]
0,"297,1,7",110,33,[NULL]
1,"8,2,16,1,17,2,7",110,33,[NULL]
2,"1,1,452,1,0",110,33,[NULL]
0,"298,1,7",111,32,[NULL]
1,"8,3,88,1,7",111,32,[NULL]
2,"452,1,1",111,32,[NULL]
0,"225,1,25",112,31,[NULL]
1,"8,7,7",112,31,[NULL]
2,"0,1,8,1,16,1,137,1,2",112,31,[NULL]
0,"8,5,22,1,7",113,30,[NULL]
1,"0,1,8,1,16,1,138,1,2",113,30,[NULL]
2,"0,2,8,1,244,1,2",113,30,[NULL]
3,"1,1,453,1,0",113,30,[NULL]
0,"0,2,17,1,149,1,8",114,29,[NULL]
1,"8,2,146,1,7",114,29,[NULL]
2,"8,5,23,1,7",114,29,[NULL]
3,"0,1,8,1,17,1,138,1,2",114,29,[NULL]
0,"0,1,17,1,154,1,8",115,28,[NULL]
1,"8,2,147,1,7",115,28,[NULL]
2,"8,4,51,1,7",115,28,[NULL]
0,"8,1,17,1,113,1,7",116,27,[NULL]
1,"8,3,13,3,7",116,27,[NULL]
0,"17,1,162,1,7",117,26,[NULL]
1,"8,2,13,2,32,1,7",117,26,[NULL]
2,"1,1,5,1,64,2,0",117,26,[NULL]
0,"8,1,13,3,23,1,7",118,25,[NULL]
1,"8,3,89,1,7",118,25,[NULL]
0,"13,3,51,1,7",119,24,[NULL]
1,"8,2,9,1,80,1,7",119,24,[NULL]
2,"0,2,380,1,2",119,24,[NULL]
0,"13,5,14",120,23,[NULL]
1,"64,2,7",120,23,[NULL]
2,"8,1,23,1,89,1,7",120,23,[NULL]
3,"0,1,404,1,2",120,23,[NULL]
0,"13,2,23,1,24,1,14",121,22,[NULL]
1,"299,1,7",121,22,[NULL]
2,"9,1,23,1,80,1,7",121,22,[NULL]
3,"13,1,248,1,1",121,22,[NULL]
4,"8,1,278,1,1",121,22,[NULL]
0,724,122,21,[NULL]
1,"10,1,417",122,21,[NULL]
2,"13,2,101,1,10",122,21,[NULL]
3,"454,1,1",122,21,[NULL]
4,"13,2,150,1,1",122,21,[NULL]
0,"381,1,3",123,20,[NULL]
1,"0,1,8,1,255,1,2",123,20,[NULL]
2,"0,1,2,1,346,1,2",123,20,[NULL]
3,"13,3,83,1,0",123,20,[NULL]
0,"8,1,212,1,7",124,19,[NULL]
1,"13,3,67,1,2",124,19,[NULL]
2,"2,1,355,1,2",124,19,[NULL]
3,"0,1,405,1,2",124,19,[NULL]
4,"0,1,20,1,188,1,2",124,19,[NULL]
0,"266,1,14",125,18,[NULL]
1,"59,1,69,1,8",125,18,[NULL]
2,"13,1,188,1,7",125,18,[NULL]
3,"9,1,13,2,75,1,2",125,18,[NULL]
4,"1,1,383,1,2",125,18,[NULL]
5,"1,2,359,1,2",125,18,[NULL]
0,725,126,17,[NULL]
1,"13,1,133,1,28",126,17,[NULL]
2,"267,1,14",126,17,[NULL]
3,"286,1,10",126,17,[NULL]
4,"2,1,359,1,2",126,17,[NULL]
5,"3,1,359,1,1",126,17,[NULL]
0,726,127,16,[NULL]
1,"0,1,707",127,16,[NULL]
2,"268,1,14",127,16,[NULL]
3,"7,1,266,1,2",127,16,[NULL]
4,"3,2,267,1,2",127,16,[NULL]
5,"0,1,448,1,1",127,16,[NULL]
6,"1,2,439,1,0",127,16,[NULL]
0,727,128,15,[NULL]
1,"7,1,267,1,2",128,15,[NULL]
2,"1,1,385,1,2",128,15,[NULL]
3,"456,1,1",128,15,[NULL]
4,"67,1,107,1,1",128,15,[NULL]
5,"481,1,0",128,15,[NULL]
6,"69,1,112,1,0",128,15,[NULL]
7,"1,1,457,1,0",128,15,[NULL]
0,728,129,14,[NULL]
1,"0,1,712",129,14,[NULL]
2,"133,1,79",129,14,[NULL]
3,"189,1,41",129,14,[NULL]
4,"190,1,39",129,14,[NULL]
5,"0,1,407,1,2",129,14,[NULL]
6,"68,1,107,1,1",129,14,[NULL]
7,"482,1,0",129,14,[NULL]
0,729,130,13,[NULL]
1,"3,1,570",130,13,[NULL]
2,"7,1,478",130,13,[NULL]
3,"82,1,123",130,13,[NULL]
4,"181,1,42",130,13,[NULL]
5,"288,1,10",130,13,[NULL]
6,"418,1,2",130,13,[NULL]
7,"417,1,2",130,13,[NULL]
8,"458,1,1",130,13,[NULL]
9,"3,1,363,1,1",130,13,[NULL]
0,730,131,12,[NULL]
1,"216,1,28",131,12,[NULL]
2,"1,1,387,1,2",131,12,[NULL]
3,"0,1,410,1,2",131,12,[NULL]
4,"0,1,409,1,2",131,12,[NULL]
5,"460,1,1",131,12,[NULL]
6,"459,1,1",131,12,[NULL]
7,"76,1,95,1,1",131,12,[NULL]
8,"3,1,365,1,1",131,12,[NULL]
9,"484,1,0",131,12,[NULL]
10,"3,1,386,1,0",131,12,[NULL]
0,"3,1,571",132,11,[NULL]
1,"191,1,41",132,11,[NULL]
2,"69,1,89,1,2",132,11,[NULL]
3,"1,1,389,1,2",132,11,[NULL]
4,"1,1,388,1,2",132,11,[NULL]
5,"461,1,1",132,11,[NULL]
6,"69,1,104,1,1",132,11,[NULL]
7,"0,1,450,1,1",132,11,[NULL]
8,"486,1,0",132,11,[NULL]
9,"485,1,0",132,11,[NULL]
10,"3,1,389,1,0",132,11,[NULL]
0,731,133,10,[NULL]
1,"3,1,572",133,10,[NULL]
2,"91,1,114",133,10,[NULL]
3,"69,1,82,1,3",133,10,[NULL]
4,"419,1,2",133,10,[NULL]
5,"0,1,414,1,2",133,10,[NULL]
6,"0,2,394,1,2",133,10,[NULL]
7,"463,1,1",133,10,[NULL]
8,"18,1,213,1,1",133,10,[NULL]
9,"3,1,366,1,1",133,10,[NULL]
10,"3,1,391,1,0",133,10,[NULL]
11,"3,1,390,1,0",133,10,[NULL]
0,"2,1,658",134,9,[NULL]
1,"93,1,114",134,9,[NULL]
2,"92,1,114",134,9,[NULL]
3,"1,1,393,1,2",134,9,[NULL]
4,"1,1,392,1,2",134,9,[NULL]
5,"0,1,415,1,2",134,9,[NULL]
6,"0,2,396,1,2",134,9,[NULL]
7,"69,1,107,1,1",134,9,[NULL]
8,"3,1,367,1,1",134,9,[NULL]
9,"3,1,392,1,0",134,9,[NULL]
10,"2,1,445,1,0",134,9,[NULL]
0,"3,1,575",135,8,[NULL]
1,"396,1,3",135,8,[NULL]
2,"3,1,68,1,69,1,2",135,8,[NULL]
3,"466,1,1",135,8,[NULL]
4,"465,1,1",135,8,[NULL]
5,"2,2,368,1,1",135,8,[NULL]
6,"3,1,397,1,0",135,8,[NULL]
7,"3,1,396,1,0",135,8,[NULL]
0,732,136,7,[NULL]
1,"3,1,576",136,7,[NULL]
2,"398,1,3",136,7,[NULL]
3,"2,1,368,1,2",136,7,[NULL]
4,"467,1,1",136,7,[NULL]
5,"3,1,368,1,1",136,7,[NULL]
6,"5,1,69,2,0",136,7,[NULL]
7,"3,1,399,1,0",136,7,[NULL]
8,"3,1,398,1,0",136,7,[NULL]
0,"3,1,69,1,114",137,6,[NULL]
1,"69,2,6",137,6,[NULL]
2,"400,1,3",137,6,[NULL]
3,"69,1,93,1,2",137,6,[NULL]
4,"468,1,1",137,6,[NULL]
5,"5,1,324,1,0",137,6,[NULL]
6,"3,1,400,1,0",137,6,[NULL]
0,"3,1,577",138,5,[NULL]
1,"324,1,6",138,5,[NULL]
0,"2,2,69,2,2",139,4,[NULL]
0,"3,1,69,2,2",140,3,[NULL]
1,"2,2,324,1,2",140,3,[NULL]
0,"3,1,324,1,2",141,2,[NULL]
0,"487,1,0",97,47,[NULL]
0,"0,1,416,1,2",98,46,[NULL]
0,"469,1,1",100,44,[NULL]
0,"470,1,1",101,43,[NULL]
0,"0,2,8,1,252,1,2",102,42,[NULL]
0,"0,2,8,1,253,1,2",103,41,[NULL]
0,"0,2,402,1,2",108,36,[NULL]
0,"1,1,402,1,2",109,35,[NULL]
1,"0,2,403,1,2",109,35,[NULL]
0,"16,1,224,1,1",110,34,[NULL]
0,"16,1,225,1,1",111,33,[NULL]
1,"0,1,452,1,1",111,33,[NULL]
0,"17,1,225,1,1",112,32,[NULL]
1,"488,1,0",112,32,[NULL]
0,"0,2,8,1,16,1,138,1,2",113,31,[NULL]
0,"489,1,0",114,30,[NULL]
0,"8,3,138,1,1",115,29,[NULL]
0,"8,1,257,1,2",116,28,[NULL]
1,"1,1,42,1,137,1,2",116,28,[NULL]
0,"17,1,206,1,2",117,27,[NULL]
0,"8,1,258,1,2",118,26,[NULL]
1,"491,1,0",118,26,[NULL]
0,"8,1,259,1,2",119,25,[NULL]
1,"0,3,380,1,2",119,25,[NULL]
0,"8,2,180,1,2",120,24,[NULL]
1,"64,1,112,1,1",120,24,[NULL]
0,"8,1,9,1,167,1,2",121,23,[NULL]
1,"64,1,113,1,1",121,23,[NULL]
2,"0,1,8,1,278,1,1",121,23,[NULL]
0,"13,2,51,1,42",122,22,[NULL]
1,"347,1,5",122,22,[NULL]
2,"9,1,248,1,2",122,22,[NULL]
3,"8,1,260,1,2",122,22,[NULL]
4,"8,1,291,1,0",122,22,[NULL]
0,"219,1,28",123,21,[NULL]
1,"292,1,8",123,21,[NULL]
2,"0,2,8,1,255,1,2",123,21,[NULL]
3,"13,3,80,1,1",123,21,[NULL]
0,"2,1,670",124,20,[NULL]
1,"292,1,9",124,20,[NULL]
2,"492,1,0",124,20,[NULL]
0,734,125,19,[NULL]
1,733,125,19,[NULL]
2,"420,1,2",125,19,[NULL]
3,"8,1,9,1,188,1,1",125,19,[NULL]
4,"8,1,293,1,0",125,19,[NULL]
0,735,126,18,[NULL]
1,"13,2,95,1,14",126,18,[NULL]
2,"16,1,209,1,2",126,18,[NULL]
3,"0,1,3,1,359,1,1",126,18,[NULL]
0,"13,1,164,1,14",127,17,[NULL]
1,"285,1,11",127,17,[NULL]
2,"421,1,2",127,17,[NULL]
3,"17,1,209,1,2",127,17,[NULL]
4,"472,1,1",127,17,[NULL]
5,"493,1,0",127,17,[NULL]
6,"1,2,448,1,0",127,17,[NULL]
0,"188,1,42",128,16,[NULL]
1,"422,1,2",128,16,[NULL]
2,"8,1,261,1,2",128,16,[NULL]
3,"0,1,7,1,267,1,2",128,16,[NULL]
4,"473,1,1",128,16,[NULL]
5,"494,1,0",128,16,[NULL]
6,"13,1,261,1,0",128,16,[NULL]
0,"189,1,42",129,15,[NULL]
1,"3,1,189,1,28",129,15,[NULL]
2,"287,1,12",129,15,[NULL]
3,"424,1,2",129,15,[NULL]
4,"423,1,2",129,15,[NULL]
5,"495,1,0",129,15,[NULL]
6,"13,1,262,1,0",129,15,[NULL]
0,736,130,14,[NULL]
1,"0,1,7,1,478",130,14,[NULL]
2,"13,1,411",130,14,[NULL]
3,"189,1,43",130,14,[NULL]
4,"64,1,69,1,7",130,14,[NULL]
5,"23,1,181,1,2",130,14,[NULL]
6,"0,1,418,1,2",130,14,[NULL]
7,"3,1,407,1,0",130,14,[NULL]
0,"190,1,42",131,13,[NULL]
1,"312,1,7",131,13,[NULL]
2,"76,1,82,1,2",131,13,[NULL]
3,"9,1,251,1,2",131,13,[NULL]
4,"7,1,275,1,2",131,13,[NULL]
5,"475,1,1",131,13,[NULL]
6,"474,1,1",131,13,[NULL]
7,"496,1,0",131,13,[NULL]
8,"76,1,107,1,0",131,13,[NULL]
0,739,132,12,[NULL]
1,738,132,12,[NULL]
2,737,132,12,[NULL]
3,"190,1,43",132,12,[NULL]
4,"314,1,7",132,12,[NULL]
5,"426,1,2",132,12,[NULL]
6,"425,1,2",132,12,[NULL]
7,"0,1,69,1,89,1,2",132,12,[NULL]
8,"476,1,1",132,12,[NULL]
9,"497,1,0",132,12,[NULL]
10,"1,1,477,1,0",132,12,[NULL]
0,742,133,11,[NULL]
1,741,133,11,[NULL]
2,740,133,11,[NULL]
3,"191,1,43",133,11,[NULL]
4,"427,1,2",133,11,[NULL]
5,"1,1,413,1,2",133,11,[NULL]
6,"1,1,412,1,2",133,11,[NULL]
7,"0,1,419,1,2",133,11,[NULL]
8,"0,2,414,1,2",133,11,[NULL]
9,"477,1,1",133,11,[NULL]
10,"3,1,412,1,0",133,11,[NULL]
11,"2,1,450,1,0",133,11,[NULL]
0,745,134,10,[NULL]
1,744,134,10,[NULL]
2,743,134,10,[NULL]
3,"3,1,589",134,10,[NULL]
4,"10,1,69,1,79",134,10,[NULL]
5,"428,1,2",134,10,[NULL]
6,"3,1,333,1,2",134,10,[NULL]
7,"2,1,373,1,2",134,10,[NULL]
8,"1,2,375,1,2",134,10,[NULL]
9,"0,2,415,1,2",134,10,[NULL]
10,"2,2,376,1,1",134,10,[NULL]
11,"1,1,479,1,0",134,10,[NULL]
0,748,135,9,[NULL]
1,747,135,9,[NULL]
2,746,135,9,[NULL]
3,"3,1,590",135,9,[NULL]
4,"3,1,69,1,118",135,9,[NULL]
5,"11,1,69,1,79",135,9,[NULL]
6,"2,1,69,1,75,1,3",135,9,[NULL]
7,"2,1,376,1,2",135,9,[NULL]
8,"1,1,415,1,2",135,9,[NULL]
9,"479,1,1",135,9,[NULL]
10,"3,1,376,1,1",135,9,[NULL]
11,"2,1,69,1,95,1,1",135,9,[NULL]
0,751,136,8,[NULL]
1,750,136,8,[NULL]
2,749,136,8,[NULL]
3,"0,1,3,1,576",136,8,[NULL]
4,"2,1,69,1,76,1,3",136,8,[NULL]
5,"429,1,2",136,8,[NULL]
6,"69,1,95,1,2",136,8,[NULL]
7,"480,1,1",136,8,[NULL]
0,752,137,7,[NULL]
1,"3,1,593",137,7,[NULL]
2,"0,1,69,2,6",137,7,[NULL]
3,"430,1,2",137,7,[NULL]
0,"2,1,688",138,6,[NULL]
1,"3,1,594",138,6,[NULL]
2,"0,1,324,1,6",138,6,[NULL]
3,"3,1,378,1,1",138,6,[NULL]
0,"3,1,595",139,5,[NULL]
0,"0,1,3,1,69,2,2",140,4,[NULL]
0,"0,1,3,1,324,1,2",141,3,[NULL]
0,753,97,48,[NULL]
0,"0,2,416,1,2",98,47,[NULL]
0,"0,1,469,1,1",100,45,[NULL]
0,"431,1,2",101,44,[NULL]
1,"8,1,295,1,0",101,44,[NULL]
0,"296,1,8",102,43,[NULL]
0,"498,1,0",104,41,[NULL]
0,"8,2,182,1,2",105,40,[NULL]
0,"8,2,183,1,2",106,39,[NULL]
0,"16,1,17,1,111,1,2",107,38,[NULL]
0,"8,1,265,1,2",108,37,[NULL]
1,"0,3,402,1,2",108,37,[NULL]
0,"8,4,71,1,2",109,36,[NULL]
1,"0,3,403,1,2",109,36,[NULL]
0,"8,3,16,1,50,1,2",110,35,[NULL]
1,"0,1,16,1,224,1,1",110,35,[NULL]
0,"432,1,2",111,34,[NULL]
1,"8,3,17,1,50,1,2",111,34,[NULL]
2,"8,1,297,1,0",111,34,[NULL]
3,"1,2,452,1,0",111,34,[NULL]
0,"433,1,2",112,33,[NULL]
1,"8,3,125,1,2",112,33,[NULL]
0,"8,6,16,1,2",113,32,[NULL]
0,"244,1,22",114,31,[NULL]
1,"8,6,17,1,2",114,31,[NULL]
0,"8,2,184,1,2",115,30,[NULL]
1,"8,4,16,1,23,1,2",115,30,[NULL]
2,"8,3,146,1,0",115,30,[NULL]
0,"245,1,22",116,29,[NULL]
1,"8,2,185,1,2",116,29,[NULL]
2,"8,5,42,1,2",116,29,[NULL]
0,"315,1,7",117,28,[NULL]
1,"8,1,17,1,147,1,2",117,28,[NULL]
2,"8,5,13,2,2",117,28,[NULL]
0,"8,2,149,1,7",118,27,[NULL]
1,"17,2,113,1,2",118,27,[NULL]
2,"8,4,13,1,32,1,2",118,27,[NULL]
0,"16,1,167,1,7",119,26,[NULL]
1,"8,3,13,2,23,1,2",119,26,[NULL]
2,"8,4,72,1,2",119,26,[NULL]
0,754,120,25,[NULL]
1,"8,1,218,1,7",120,25,[NULL]
2,"8,2,13,2,51,1,2",120,25,[NULL]
3,"8,3,127,1,2",120,25,[NULL]
0,"64,2,8",121,24,[NULL]
1,"8,1,219,1,7",121,24,[NULL]
2,"8,1,13,5,2",121,24,[NULL]
3,"8,2,20,1,80,1,2",121,24,[NULL]
4,"13,6,0",121,24,[NULL]
5,"8,1,64,2,0",121,24,[NULL]
0,"299,1,8",122,23,[NULL]
1,"13,1,194,1,7",122,23,[NULL]
2,"13,4,32,1,2",122,23,[NULL]
3,"8,2,186,1,2",122,23,[NULL]
4,"0,1,8,1,260,1,2",122,23,[NULL]
5,"13,3,23,1,24,1,0",122,23,[NULL]
0,"13,1,167,1,14",123,22,[NULL]
1,"0,1,292,1,8",123,22,[NULL]
2,"434,1,2",123,22,[NULL]
3,"13,4,33,1,2",123,22,[NULL]
4,"8,1,9,1,13,1,101,1,2",123,22,[NULL]
0,755,124,21,[NULL]
1,"13,1,417",124,21,[NULL]
2,"13,1,168,1,14",124,21,[NULL]
3,"301,1,8",124,21,[NULL]
4,"300,1,8",124,21,[NULL]
5,"316,1,7",124,21,[NULL]
6,"435,1,2",124,21,[NULL]
7,"9,1,13,2,80,1,2",124,21,[NULL]
0,756,125,20,[NULL]
1,"0,1,733",125,20,[NULL]
2,"292,1,10",125,20,[NULL]
3,"8,2,187,1,2",125,20,[NULL]
4,"2,1,381,1,2",125,20,[NULL]
5,"13,3,83,1,1",125,20,[NULL]
6,"8,2,212,1,0",125,20,[NULL]
0,"318,1,7",126,19,[NULL]
1,"8,2,188,1,2",126,19,[NULL]
2,"7,1,278,1,2",126,19,[NULL]
3,"0,1,16,1,209,1,2",126,19,[NULL]
4,"13,1,266,1,0",126,19,[NULL]
0,"266,1,17",127,18,[NULL]
1,"293,1,10",127,18,[NULL]
2,"22,1,188,1,2",127,18,[NULL]
3,"8,1,267,1,2",127,18,[NULL]
4,"0,1,17,1,209,1,2",127,18,[NULL]
5,"501,1,0",127,18,[NULL]
6,"500,1,0",127,18,[NULL]
7,"13,1,267,1,0",127,18,[NULL]
0,758,128,17,[NULL]
1,757,128,17,[NULL]
2,"23,1,75,1,42",128,17,[NULL]
3,"267,1,17",128,17,[NULL]
4,"9,1,209,1,7",128,17,[NULL]
5,"436,1,2",128,17,[NULL]
6,"23,1,188,1,2",128,17,[NULL]
7,"0,1,422,1,2",128,17,[NULL]
8,"0,2,7,1,267,1,2",128,17,[NULL]
9,"13,1,268,1,0",128,17,[NULL]
0,759,129,16,[NULL]
1,"195,1,41",129,16,[NULL]
2,"294,1,10",129,16,[NULL]
3,"319,1,7",129,16,[NULL]
4,"437,1,2",129,16,[NULL]
5,"23,1,189,1,2",129,16,[NULL]
6,"0,1,424,1,2",129,16,[NULL]
0,760,130,15,[NULL]
1,"90,1,123",130,15,[NULL]
2,"107,1,105",130,15,[NULL]
3,"438,1,2",130,15,[NULL]
4,"7,1,279,1,2",130,15,[NULL]
5,"481,1,1",130,15,[NULL]
6,"69,1,112,1,1",130,15,[NULL]
7,"2,1,439,1,1",130,15,[NULL]
8,"23,1,213,1,0",130,15,[NULL]
0,"3,1,606",131,14,[NULL]
1,"3,1,605",131,14,[NULL]
2,"320,1,7",131,14,[NULL]
3,"417,1,3",131,14,[NULL]
4,"440,1,2",131,14,[NULL]
5,"439,1,2",131,14,[NULL]
6,"23,1,190,1,2",131,14,[NULL]
7,"1,1,418,1,2",131,14,[NULL]
8,"1,1,417,1,2",131,14,[NULL]
9,"482,1,1",131,14,[NULL]
10,"69,1,113,1,1",131,14,[NULL]
11,"0,1,475,1,1",131,14,[NULL]
12,"7,1,319,1,0",131,14,[NULL]
13,"3,1,417,1,0",131,14,[NULL]
0,763,132,13,[NULL]
1,762,132,13,[NULL]
2,761,132,13,[NULL]
3,"0,1,737",132,13,[NULL]
4,"3,1,609",132,13,[NULL]
5,"3,1,67,1,123",132,13,[NULL]
6,"107,1,107",132,13,[NULL]
7,"281,1,14",132,13,[NULL]
8,"24,1,190,1,2",132,13,[NULL]
9,"3,1,335,1,2",132,13,[NULL]
10,"0,1,425,1,2",132,13,[NULL]
11,"502,1,0",132,13,[NULL]
0,764,133,12,[NULL]
1,"197,1,41",133,12,[NULL]
2,"282,1,14",133,12,[NULL]
3,"322,1,7",133,12,[NULL]
4,"25,1,190,1,2",133,12,[NULL]
5,"3,1,336,1,2",133,12,[NULL]
6,"0,1,427,1,2",133,12,[NULL]
7,"0,2,419,1,2",133,12,[NULL]
8,"484,1,1",133,12,[NULL]
9,"3,1,386,1,1",133,12,[NULL]
10,"1,1,486,1,0",133,12,[NULL]
11,"1,1,485,1,0",133,12,[NULL]
0,765,134,11,[NULL]
1,"3,1,612",134,11,[NULL]
2,"0,1,3,1,589",134,11,[NULL]
3,"91,1,123",134,11,[NULL]
4,"198,1,41",134,11,[NULL]
5,"0,1,428,1,2",134,11,[NULL]
6,"0,1,3,1,333,1,2",134,11,[NULL]
7,"0,1,2,1,373,1,2",134,11,[NULL]
8,"486,1,1",134,11,[NULL]
9,"485,1,1",134,11,[NULL]
10,"3,1,389,1,1",134,11,[NULL]
11,"503,1,0",134,11,[NULL]
12,"7,1,321,1,0",134,11,[NULL]
0,767,135,10,[NULL]
1,766,135,10,[NULL]
2,"0,1,748",135,10,[NULL]
3,"0,1,746",135,10,[NULL]
4,"3,1,614",135,10,[NULL]
5,"415,1,4",135,10,[NULL]
6,"442,1,2",135,10,[NULL]
7,"441,1,2",135,10,[NULL]
8,"2,1,69,1,82,1,2",135,10,[NULL]
9,"3,1,391,1,1",135,10,[NULL]
10,"3,1,390,1,1",135,10,[NULL]
11,"0,1,479,1,1",135,10,[NULL]
12,"7,1,322,1,0",135,10,[NULL]
0,"2,1,694",136,9,[NULL]
1,"2,2,618",136,9,[NULL]
2,"3,1,616",136,9,[NULL]
3,"3,1,615",136,9,[NULL]
4,"7,1,500",136,9,[NULL]
5,"444,1,2",136,9,[NULL]
6,"443,1,2",136,9,[NULL]
7,"0,1,429,1,2",136,9,[NULL]
8,"0,1,69,1,95,1,2",136,9,[NULL]
9,"3,1,392,1,1",136,9,[NULL]
10,"2,1,445,1,1",136,9,[NULL]
11,"0,1,480,1,1",136,9,[NULL]
12,"504,1,0",136,9,[NULL]
0,768,137,8,[NULL]
1,"3,1,618",137,8,[NULL]
2,"3,1,617",137,8,[NULL]
3,"2,2,69,1,123",137,8,[NULL]
4,"2,1,368,1,3",137,8,[NULL]
5,"445,1,2",137,8,[NULL]
6,"2,1,396,1,2",137,8,[NULL]
7,"3,1,397,1,1",137,8,[NULL]
8,"3,1,396,1,1",137,8,[NULL]
9,"7,1,323,1,0",137,8,[NULL]
10,"1,1,5,1,69,2,0",137,8,[NULL]
0,770,138,7,[NULL]
1,769,138,7,[NULL]
2,"3,1,69,1,123",138,7,[NULL]
3,"3,1,339,1,2",138,7,[NULL]
4,"2,1,398,1,2",138,7,[NULL]
5,"3,1,399,1,1",138,7,[NULL]
6,"3,1,398,1,1",138,7,[NULL]
7,"3,1,69,1,93,1,0",138,7,[NULL]
8,"1,1,5,1,324,1,0",138,7,[NULL]
0,771,139,6,[NULL]
1,"446,1,2",139,6,[NULL]
2,"3,1,340,1,2",139,6,[NULL]
3,"2,1,400,1,2",139,6,[NULL]
4,"3,1,400,1,1",139,6,[NULL]
5,"505,1,0",139,6,[NULL]
0,"69,2,7",140,5,[NULL]
1,"3,1,341,1,2",140,5,[NULL]
2,"0,2,3,1,69,2,2",140,5,[NULL]
3,"507,1,0",140,5,[NULL]
4,"506,1,0",140,5,[NULL]
0,"324,1,7",141,4,[NULL]
1,"1,1,3,1,69,2,2",141,4,[NULL]
2,"0,2,3,1,324,1,2",141,4,[NULL]
3,"508,1,0",141,4,[NULL]
0,"1,1,3,1,324,1,2",142,3,[NULL]
1,"3,2,324,1,0",142,3,[NULL]
0,"7,1,324,1,0",143,2,[NULL]
0,"0,1,431,1,2",101,45,[NULL]
0,"0,1,296,1,8",102,44,[NULL]
0,"325,1,7",103,43,[NULL]
0,"326,1,7",104,42,[NULL]
0,"183,1,47",105,41,[NULL]
1,"0,1,8,2,182,1,2",105,41,[NULL]
0,772,106,40,[NULL]
1,"0,1,8,2,183,1,2",106,40,[NULL]
0,"8,2,152,1,7",107,39,[NULL]
0,"8,2,153,1,7",108,38,[NULL]
0,"8,1,17,1,117,1,7",109,37,[NULL]
0,"8,1,223,1,7",110,36,[NULL]
1,"1,2,402,1,2",110,36,[NULL]
0,"8,4,55,1,7",111,35,[NULL]
1,"0,1,432,1,2",111,35,[NULL]
0,"8,4,56,1,7",112,34,[NULL]
1,"0,1,433,1,2",112,34,[NULL]
0,"8,1,224,1,7",113,33,[NULL]
1,"8,3,17,1,40,1,7",113,33,[NULL]
0,"8,1,225,1,7",114,32,[NULL]
1,"8,3,100,1,7",114,32,[NULL]
2,"488,1,1",114,32,[NULL]
0,"17,1,138,1,22",115,31,[NULL]
1,"8,6,9,1,7",115,31,[NULL]
2,"0,1,8,2,184,1,2",115,31,[NULL]
0,"137,1,81",116,30,[NULL]
1,"8,5,29,1,7",116,30,[NULL]
2,"0,1,8,2,185,1,2",116,30,[NULL]
0,"8,2,16,1,64,1,7",117,29,[NULL]
1,"8,4,9,1,23,1,7",117,29,[NULL]
2,"0,1,8,1,17,1,147,1,2",117,29,[NULL]
0,"8,2,17,1,64,1,7",118,28,[NULL]
1,"8,3,9,1,51,1,7",118,28,[NULL]
0,"8,2,154,1,7",119,27,[NULL]
1,"8,2,9,1,13,3,7",119,27,[NULL]
2,"1,1,491,1,0",119,27,[NULL]
0,"8,1,42,1,64,1,7",120,26,[NULL]
1,"8,1,9,1,13,2,32,1,7",120,26,[NULL]
2,"491,1,1",120,26,[NULL]
0,773,121,25,[NULL]
1,"0,1,64,2,8",121,25,[NULL]
2,"9,1,13,3,23,1,7",121,25,[NULL]
3,"8,3,101,1,7",121,25,[NULL]
0,"13,3,51,1,10",122,24,[NULL]
1,"0,1,299,1,8",122,24,[NULL]
2,"8,2,13,1,80,1,7",122,24,[NULL]
3,"0,2,8,1,260,1,2",122,24,[NULL]
0,"0,2,292,1,8",123,23,[NULL]
1,"64,1,72,1,7",123,23,[NULL]
2,"8,1,23,1,101,1,7",123,23,[NULL]
3,"0,1,434,1,2",123,23,[NULL]
4,"5,1,347,1,0",123,23,[NULL]
0,"0,1,300,1,8",124,22,[NULL]
1,"327,1,7",124,22,[NULL]
2,"13,1,23,1,80,1,7",124,22,[NULL]
3,"347,1,6",124,22,[NULL]
4,"8,1,291,1,1",124,22,[NULL]
0,"0,2,733",125,21,[NULL]
1,"188,1,47",125,21,[NULL]
2,"194,1,42",125,21,[NULL]
3,"13,2,101,1,14",125,21,[NULL]
4,"0,1,8,2,187,1,2",125,21,[NULL]
5,"8,1,292,1,1",125,21,[NULL]
0,774,126,20,[NULL]
1,"13,1,51,1,104",126,20,[NULL]
2,"292,1,11",126,20,[NULL]
3,"447,1,2",126,20,[NULL]
4,"1,1,420,1,2",126,20,[NULL]
5,"0,1,8,2,188,1,2",126,20,[NULL]
6,"0,1,7,1,278,1,2",126,20,[NULL]
7,"510,1,0",126,20,[NULL]
0,"13,2,67,1,28",127,19,[NULL]
1,"302,1,10",127,19,[NULL]
2,"9,1,212,1,7",127,19,[NULL]
3,"0,1,22,1,188,1,2",127,19,[NULL]
4,"0,1,8,1,267,1,2",127,19,[NULL]
5,"0,2,17,1,209,1,2",127,19,[NULL]
6,"13,3,95,1,0",127,19,[NULL]
0,"228,1,28",128,18,[NULL]
1,"0,1,267,1,17",128,18,[NULL]
2,"13,1,188,1,10",128,18,[NULL]
3,"13,3,75,1,2",128,18,[NULL]
4,"0,1,23,1,188,1,2",128,18,[NULL]
5,"0,2,422,1,2",128,18,[NULL]
6,"13,2,164,1,0",128,18,[NULL]
0,"286,1,14",129,17,[NULL]
1,"285,1,14",129,17,[NULL]
2,"13,3,76,1,2",129,17,[NULL]
3,"0,1,437,1,2",129,17,[NULL]
4,"2,1,473,1,0",129,17,[NULL]
5,"1,1,494,1,0",129,17,[NULL]
0,"0,1,107,1,105",130,16,[NULL]
1,"287,1,14",130,16,[NULL]
2,"1,1,424,1,2",130,16,[NULL]
3,"0,1,438,1,2",130,16,[NULL]
4,"13,1,261,1,1",130,16,[NULL]
5,"0,1,69,1,112,1,1",130,16,[NULL]
6,"7,1,328,1,0",130,16,[NULL]
7,"1,1,495,1,0",130,16,[NULL]
0,"36,1,258",131,15,[NULL]
1,"43,1,67,1,28",131,15,[NULL]
2,"448,1,2",131,15,[NULL]
3,"3,2,287,1,2",131,15,[NULL]
4,"0,1,439,1,2",131,15,[NULL]
5,"13,1,262,1,1",131,15,[NULL]
6,"8,1,64,1,69,1,0",131,15,[NULL]
0,"312,1,8",132,14,[NULL]
1,"311,1,8",132,14,[NULL]
2,"449,1,2",132,14,[NULL]
3,"1,1,7,1,275,1,2",132,14,[NULL]
4,"0,2,425,1,2",132,14,[NULL]
5,"74,1,107,1,1",132,14,[NULL]
6,"3,1,407,1,1",132,14,[NULL]
0,776,133,13,[NULL]
1,775,133,13,[NULL]
2,"288,1,14",133,13,[NULL]
3,"314,1,8",133,13,[NULL]
4,"1,1,426,1,2",133,13,[NULL]
5,"76,1,107,1,1",133,13,[NULL]
6,"0,1,484,1,1",133,13,[NULL]
7,"0,1,3,1,386,1,1",133,13,[NULL]
8,"3,1,425,1,0",133,13,[NULL]
0,778,134,12,[NULL]
1,777,134,12,[NULL]
2,"95,1,123",134,12,[NULL]
3,"333,1,7",134,12,[NULL]
4,"1,1,427,1,2",134,12,[NULL]
5,"0,1,486,1,1",134,12,[NULL]
6,"0,1,485,1,1",134,12,[NULL]
7,"0,1,3,1,389,1,1",134,12,[NULL]
8,"511,1,0",134,12,[NULL]
9,"1,1,3,1,412,1,0",134,12,[NULL]
0,782,135,11,[NULL]
1,781,135,11,[NULL]
2,780,135,11,[NULL]
3,779,135,11,[NULL]
4,"2,1,373,1,3",135,11,[NULL]
5,"18,1,209,1,2",135,11,[NULL]
6,"0,1,442,1,2",135,11,[NULL]
7,"7,1,311,1,1",135,11,[NULL]
8,"3,1,428,1,0",135,11,[NULL]
0,"69,1,165",136,10,[NULL]
1,"13,1,69,1,79",136,10,[NULL]
2,"2,1,376,1,3",136,10,[NULL]
3,"450,1,2",136,10,[NULL]
4,"0,1,443,1,2",136,10,[NULL]
5,"7,1,314,1,1",136,10,[NULL]
6,"7,1,333,1,0",136,10,[NULL]
0,784,137,9,[NULL]
1,783,137,9,[NULL]
2,"13,1,434",137,9,[NULL]
3,"69,1,95,1,3",137,9,[NULL]
4,"3,1,352,1,2",137,9,[NULL]
5,"1,1,69,1,95,1,2",137,9,[NULL]
6,"0,1,445,1,2",137,9,[NULL]
7,"513,1,0",137,9,[NULL]
0,786,138,8,[NULL]
1,785,138,8,[NULL]
2,"2,2,638",138,8,[NULL]
3,"69,1,166",138,8,[NULL]
4,"0,1,3,1,69,1,123",138,8,[NULL]
5,"451,1,2",138,8,[NULL]
6,"2,2,69,1,76,1,2",138,8,[NULL]
7,"0,1,3,1,339,1,2",138,8,[NULL]
8,"0,1,2,1,398,1,2",138,8,[NULL]
0,787,139,7,[NULL]
1,"3,1,638",139,7,[NULL]
2,"3,1,637",139,7,[NULL]
3,"3,1,636",139,7,[NULL]
4,"69,1,167",139,7,[NULL]
5,"3,1,69,1,76,1,2",139,7,[NULL]
6,"0,1,446,1,2",139,7,[NULL]
7,"0,1,3,1,340,1,2",139,7,[NULL]
0,789,140,6,[NULL]
1,788,140,6,[NULL]
2,"3,1,640",140,6,[NULL]
3,"0,1,69,2,7",140,6,[NULL]
0,"0,1,324,1,7",141,5,[NULL]
1,"4,1,69,2,2",141,5,[NULL]
0,"4,1,324,1,2",142,4,[NULL]
0,"515,1,0",98,49,[NULL]
0,790,99,48,[NULL]
0,"0,2,431,1,2",101,46,[NULL]
0,"0,2,296,1,8",102,45,[NULL]
1,"1,1,431,1,2",102,45,[NULL]
0,"8,1,295,1,1",103,44,[NULL]
0,"8,1,296,1,1",104,43,[NULL]
0,"0,2,8,2,182,1,2",105,42,[NULL]
1,"1,1,498,1,0",105,42,[NULL]
0,"0,2,8,2,183,1,2",106,41,[NULL]
0,"0,2,432,1,2",111,36,[NULL]
0,"0,2,433,1,2",112,35,[NULL]
0,"8,1,297,1,1",113,34,[NULL]
0,"8,1,298,1,1",114,33,[NULL]
1,"0,1,488,1,1",114,33,[NULL]
0,"452,1,2",115,32,[NULL]
1,"16,1,244,1,0",115,32,[NULL]
0,"0,2,8,2,185,1,2",116,31,[NULL]
0,"245,1,23",117,30,[NULL]
0,"246,1,23",118,29,[NULL]
1,"453,1,2",118,29,[NULL]
0,"8,1,16,1,149,1,2",119,28,[NULL]
0,"8,1,17,1,149,1,2",120,27,[NULL]
1,"0,1,491,1,1",120,27,[NULL]
0,"0,2,64,2,8",121,26,[NULL]
1,"8,1,277,1,2",121,26,[NULL]
2,"516,1,0",121,26,[NULL]
0,"0,2,299,1,8",122,25,[NULL]
1,"8,2,193,1,2",122,25,[NULL]
2,"5,1,64,2,2",122,25,[NULL]
0,"8,2,194,1,2",123,24,[NULL]
1,"13,6,1",123,24,[NULL]
2,"8,1,64,2,1",123,24,[NULL]
0,"0,1,347,1,6",124,23,[NULL]
1,"8,1,13,1,167,1,2",124,23,[NULL]
2,"13,3,23,1,24,1,1",124,23,[NULL]
3,"8,1,299,1,1",124,23,[NULL]
4,"0,1,8,1,291,1,1",124,23,[NULL]
5,"13,2,167,1,0",124,23,[NULL]
0,"13,1,248,1,2",125,22,[NULL]
1,"8,1,278,1,2",125,22,[NULL]
2,"1,1,435,1,2",125,22,[NULL]
3,"499,1,1",125,22,[NULL]
4,"517,1,0",125,22,[NULL]
5,"13,2,168,1,0",125,22,[NULL]
6,"8,1,316,1,0",125,22,[NULL]
0,"454,1,2",126,21,[NULL]
1,"13,2,150,1,2",126,21,[NULL]
2,"0,2,8,2,188,1,2",126,21,[NULL]
3,"518,1,0",126,21,[NULL]
0,"13,2,105,1,14",127,20,[NULL]
1,"455,1,2",127,20,[NULL]
2,"0,2,8,1,267,1,2",127,20,[NULL]
3,"8,1,318,1,0",127,20,[NULL]
0,"13,1,23,1,75,1,10",128,19,[NULL]
1,"13,1,266,1,1",128,19,[NULL]
2,"1,1,501,1,0",128,19,[NULL]
3,"1,1,500,1,0",128,19,[NULL]
0,"8,1,279,1,2",129,18,[NULL]
1,"1,1,436,1,2",129,18,[NULL]
2,"500,1,1",129,18,[NULL]
3,"13,1,267,1,1",129,18,[NULL]
4,"9,1,286,1,1",129,18,[NULL]
5,"519,1,0",129,18,[NULL]
0,791,130,17,[NULL]
1,"286,1,15",130,17,[NULL]
2,"8,1,280,1,2",130,17,[NULL]
3,"3,1,359,1,2",130,17,[NULL]
4,"13,1,268,1,1",130,17,[NULL]
5,"3,1,437,1,0",130,17,[NULL]
0,792,131,16,[NULL]
1,"287,1,15",131,16,[NULL]
2,"9,1,261,1,2",131,16,[NULL]
3,"1,1,438,1,2",131,16,[NULL]
4,"0,1,448,1,2",131,16,[NULL]
5,"0,2,439,1,2",131,16,[NULL]
6,"3,1,438,1,0",131,16,[NULL]
0,793,132,15,[NULL]
1,"209,1,37",132,15,[NULL]
2,"0,1,311,1,8",132,15,[NULL]
3,"456,1,2",132,15,[NULL]
4,"67,1,107,1,2",132,15,[NULL]
5,"1,1,439,1,2",132,15,[NULL]
6,"0,1,449,1,2",132,15,[NULL]
7,"23,1,213,1,1",132,15,[NULL]
8,"1,1,7,1,319,1,0",132,15,[NULL]
0,"262,1,21",133,14,[NULL]
1,"0,1,314,1,8",133,14,[NULL]
2,"69,1,72,1,7",133,14,[NULL]
3,"457,1,2",133,14,[NULL]
4,"68,1,107,1,2",133,14,[NULL]
5,"1,1,3,1,335,1,2",133,14,[NULL]
6,"7,1,319,1,1",133,14,[NULL]
7,"3,2,335,1,0",133,14,[NULL]
0,795,134,13,[NULL]
1,794,134,13,[NULL]
2,"337,1,7",134,13,[NULL]
3,"458,1,2",134,13,[NULL]
4,"13,1,251,1,2",134,13,[NULL]
5,"3,1,363,1,2",134,13,[NULL]
6,"502,1,1",134,13,[NULL]
7,"7,1,335,1,0",134,13,[NULL]
8,"1,2,486,1,0",134,13,[NULL]
0,796,135,12,[NULL]
1,"3,1,650",135,12,[NULL]
2,"107,1,114",135,12,[NULL]
3,"338,1,7",135,12,[NULL]
4,"367,1,6",135,12,[NULL]
5,"460,1,2",135,12,[NULL]
6,"459,1,2",135,12,[NULL]
7,"76,1,95,1,2",135,12,[NULL]
8,"3,1,365,1,2",135,12,[NULL]
9,"0,1,18,1,209,1,2",135,12,[NULL]
10,"1,1,503,1,0",135,12,[NULL]
11,"1,1,7,1,321,1,0",135,12,[NULL]
0,800,136,11,[NULL]
1,799,136,11,[NULL]
2,798,136,11,[NULL]
3,797,136,11,[NULL]
4,"203,1,41",136,11,[NULL]
5,"462,1,2",136,11,[NULL]
6,"461,1,2",136,11,[NULL]
7,"69,1,104,1,2",136,11,[NULL]
8,"1,1,442,1,2",136,11,[NULL]
9,"0,1,450,1,2",136,11,[NULL]
10,"0,2,443,1,2",136,11,[NULL]
11,"7,1,321,1,1",136,11,[NULL]
12,"520,1,0",136,11,[NULL]
0,"3,1,656",137,10,[NULL]
1,"3,1,655",137,10,[NULL]
2,"3,1,654",137,10,[NULL]
3,"3,1,653",137,10,[NULL]
4,"264,1,21",137,10,[NULL]
5,"463,1,2",137,10,[NULL]
6,"18,1,213,1,2",137,10,[NULL]
7,"3,1,366,1,2",137,10,[NULL]
8,"0,1,3,1,352,1,2",137,10,[NULL]
9,"0,2,445,1,2",137,10,[NULL]
10,"7,1,322,1,1",137,10,[NULL]
11,"521,1,0",137,10,[NULL]
12,"1,1,504,1,0",137,10,[NULL]
0,801,138,9,[NULL]
1,"0,1,786",138,9,[NULL]
2,"3,1,659",138,9,[NULL]
3,"3,1,658",138,9,[NULL]
4,"3,1,657",138,9,[NULL]
5,"445,1,3",138,9,[NULL]
6,"464,1,2",138,9,[NULL]
7,"69,1,107,1,2",138,9,[NULL]
8,"3,1,367,1,2",138,9,[NULL]
9,"1,1,445,1,2",138,9,[NULL]
10,"0,1,451,1,2",138,9,[NULL]
11,"504,1,1",138,9,[NULL]
12,"523,1,0",138,9,[NULL]
0,803,139,8,[NULL]
1,802,139,8,[NULL]
2,"3,1,663",139,8,[NULL]
3,"3,1,662",139,8,[NULL]
4,"3,1,661",139,8,[NULL]
5,"466,1,2",139,8,[NULL]
6,"465,1,2",139,8,[NULL]
7,"2,2,368,1,2",139,8,[NULL]
8,"0,2,446,1,2",139,8,[NULL]
9,"7,1,323,1,1",139,8,[NULL]
10,"524,1,0",139,8,[NULL]
0,"3,1,665",140,7,[NULL]
1,"3,1,664",140,7,[NULL]
2,"467,1,2",140,7,[NULL]
3,"3,1,368,1,2",140,7,[NULL]
4,"1,1,446,1,2",140,7,[NULL]
5,"6,1,69,2,1",140,7,[NULL]
6,"3,1,69,1,93,1,1",140,7,[NULL]
7,"525,1,0",140,7,[NULL]
8,"1,1,505,1,0",140,7,[NULL]
0,"3,1,666",141,6,[NULL]
1,"69,2,8",141,6,[NULL]
2,"468,1,2",141,6,[NULL]
3,"505,1,1",141,6,[NULL]
4,"6,1,324,1,1",141,6,[NULL]
5,"8,1,69,2,0",141,6,[NULL]
6,"1,1,507,1,0",141,6,[NULL]
7,"1,1,506,1,0",141,6,[NULL]
0,"324,1,8",142,5,[NULL]
1,"1,2,3,1,69,2,2",142,5,[NULL]
2,"507,1,1",142,5,[NULL]
3,"506,1,1",142,5,[NULL]
4,"526,1,0",142,5,[NULL]
5,"8,1,324,1,0",142,5,[NULL]
6,"1,1,508,1,0",142,5,[NULL]
0,"324,1,9",143,4,[NULL]
1,"1,2,3,1,324,1,2",143,4,[NULL]
2,"508,1,1",143,4,[NULL]
3,"527,1,0",143,4,[NULL]
0,"3,2,324,1,1",144,3,[NULL]
1,"1,1,7,1,324,1,0",144,3,[NULL]
0,"7,1,324,1,1",145,2,[NULL]
0,"0,1,790",99,49,[NULL]
0,"431,1,4",102,46,[NULL]
0,"0,1,8,1,295,1,1",103,45,[NULL]
0,"469,1,2",104,44,[NULL]
1,"8,1,325,1,0",104,44,[NULL]
0,"470,1,2",105,43,[NULL]
0,"8,2,199,1,2",108,40,[NULL]
0,"8,2,200,1,2",109,39,[NULL]
0,"402,1,5",110,38,[NULL]
1,"8,1,17,1,153,1,2",110,38,[NULL]
0,"8,1,283,1,2",111,37,[NULL]
1,"0,3,432,1,2",111,37,[NULL]
0,"8,4,77,1,2",112,36,[NULL]
0,"8,4,78,1,2",113,35,[NULL]
1,"0,1,8,1,297,1,1",113,35,[NULL]
0,"16,1,224,1,2",114,34,[NULL]
1,"8,3,17,1,56,1,2",114,34,[NULL]
2,"8,2,224,1,0",114,34,[NULL]
0,"16,1,225,1,2",115,33,[NULL]
1,"8,3,136,1,2",115,33,[NULL]
2,"0,1,452,1,2",115,33,[NULL]
0,"17,1,225,1,2",116,32,[NULL]
1,"8,6,19,1,2",116,32,[NULL]
0,"0,1,245,1,23",117,31,[NULL]
1,"343,1,7",117,31,[NULL]
2,"8,6,20,1,2",117,31,[NULL]
3,"59,1,137,1,0",117,31,[NULL]
0,"244,1,25",118,30,[NULL]
1,"0,1,246,1,23",118,30,[NULL]
2,"8,3,137,1,2",118,30,[NULL]
3,"8,5,45,1,2",118,30,[NULL]
0,"344,1,7",119,29,[NULL]
1,"8,3,138,1,2",119,29,[NULL]
2,"8,5,46,1,2",119,29,[NULL]
0,"345,1,7",120,28,[NULL]
1,"8,1,16,1,154,1,2",120,28,[NULL]
2,"8,4,9,1,13,2,2",120,28,[NULL]
3,"1,2,491,1,0",120,28,[NULL]
0,"8,2,160,1,7",121,27,[NULL]
1,"8,1,17,1,154,1,2",121,27,[NULL]
2,"8,3,9,1,13,1,32,1,2",121,27,[NULL]
3,"509,1,1",121,27,[NULL]
0,"8,1,232,1,7",122,26,[NULL]
1,"8,2,9,1,13,2,23,1,2",122,26,[NULL]
2,"8,4,79,1,2",122,26,[NULL]
3,"529,1,0",122,26,[NULL]
0,"260,1,22",123,25,[NULL]
1,"8,1,233,1,7",123,25,[NULL]
2,"8,1,9,1,13,2,51,1,2",123,25,[NULL]
3,"8,4,80,1,2",123,25,[NULL]
0,"9,1,219,1,7",124,24,[NULL]
1,"64,1,112,1,2",124,24,[NULL]
2,"9,1,13,5,2",124,24,[NULL]
3,"8,2,22,1,80,1,2",124,24,[NULL]
4,"8,1,64,1,72,1,0",124,24,[NULL]
5,"1,1,5,1,347,1,0",124,24,[NULL]
0,"13,3,32,1,28",125,23,[NULL]
1,"13,1,194,1,10",125,23,[NULL]
2,"64,1,113,1,2",125,23,[NULL]
3,"8,2,23,1,80,1,2",125,23,[NULL]
4,"0,1,8,1,278,1,2",125,23,[NULL]
0,804,126,22,[NULL]
1,"471,1,2",126,22,[NULL]
2,"8,1,13,2,101,1,2",126,22,[NULL]
3,"0,1,454,1,2",126,22,[NULL]
4,"13,3,101,1,0",126,22,[NULL]
0,"347,1,7",127,21,[NULL]
1,"346,1,7",127,21,[NULL]
2,"13,3,80,1,2",127,21,[NULL]
3,"1,1,447,1,2",127,21,[NULL]
4,"0,1,455,1,2",127,21,[NULL]
0,805,128,20,[NULL]
1,"13,2,32,1,79",128,20,[NULL]
2,"292,1,14",128,20,[NULL]
3,"8,2,201,1,2",128,20,[NULL]
0,"13,1,443",129,19,[NULL]
1,"23,1,83,1,42",129,19,[NULL]
2,"348,1,7",129,19,[NULL]
3,"8,1,9,1,188,1,2",129,19,[NULL]
4,"13,3,95,1,1",129,19,[NULL]
5,"0,1,500,1,1",129,19,[NULL]
0,806,130,18,[NULL]
1,"0,1,791",130,18,[NULL]
2,"350,1,7",130,18,[NULL]
3,"9,1,267,1,2",130,18,[NULL]
4,"0,1,3,1,359,1,2",130,18,[NULL]
5,"13,2,164,1,1",130,18,[NULL]
6,"13,1,286,1,0",130,18,[NULL]
0,"212,1,37",131,17,[NULL]
1,"285,1,17",131,17,[NULL]
2,"13,1,209,1,7",131,17,[NULL]
3,"472,1,2",131,17,[NULL]
4,"0,2,448,1,2",131,17,[NULL]
5,"0,3,439,1,2",131,17,[NULL]
6,"2,1,473,1,1",131,17,[NULL]
7,"13,1,287,1,0",131,17,[NULL]
0,807,132,16,[NULL]
1,"294,1,14",132,16,[NULL]
2,"319,1,10",132,16,[NULL]
3,"439,1,4",132,16,[NULL]
4,"473,1,2",132,16,[NULL]
5,"1,1,448,1,2",132,16,[NULL]
6,"0,1,67,1,107,1,2",132,16,[NULL]
7,"0,2,449,1,2",132,16,[NULL]
8,"7,1,328,1,1",132,16,[NULL]
0,808,133,15,[NULL]
1,"13,1,448",133,15,[NULL]
2,"67,1,175",133,15,[NULL]
3,"107,1,118",133,15,[NULL]
4,"13,1,181,1,14",133,15,[NULL]
5,"0,2,314,1,8",133,15,[NULL]
6,"0,1,68,1,107,1,2",133,15,[NULL]
7,"8,1,64,1,69,1,1",133,15,[NULL]
8,"0,1,7,1,319,1,1",133,15,[NULL]
0,809,134,14,[NULL]
1,"107,1,120",134,14,[NULL]
2,"213,1,37",134,14,[NULL]
3,"320,1,10",134,14,[NULL]
4,"351,1,7",134,14,[NULL]
5,"0,1,13,1,251,1,2",134,14,[NULL]
6,"0,1,3,1,363,1,2",134,14,[NULL]
7,"8,1,312,1,1",134,14,[NULL]
8,"0,1,502,1,1",134,14,[NULL]
9,"531,1,0",134,14,[NULL]
10,"13,1,288,1,0",134,14,[NULL]
0,811,135,13,[NULL]
1,810,135,13,[NULL]
2,"3,1,676",135,13,[NULL]
3,"333,1,8",135,13,[NULL]
4,"475,1,2",135,13,[NULL]
5,"474,1,2",135,13,[NULL]
6,"0,1,460,1,2",135,13,[NULL]
7,"3,1,425,1,1",135,13,[NULL]
8,"533,1,0",135,13,[NULL]
9,"532,1,0",135,13,[NULL]
10,"8,1,333,1,0",135,13,[NULL]
11,"1,1,511,1,0",135,13,[NULL]
0,"174,1,53",136,12,[NULL]
1,"333,1,9",136,12,[NULL]
2,"476,1,2",136,12,[NULL]
3,"0,2,450,1,2",136,12,[NULL]
4,"511,1,1",136,12,[NULL]
5,"43,1,174,1,0",136,12,[NULL]
6,"7,1,351,1,0",136,12,[NULL]
0,812,137,11,[NULL]
1,"240,1,28",137,11,[NULL]
2,"352,1,7",137,11,[NULL]
3,"450,1,3",137,11,[NULL]
4,"477,1,2",137,11,[NULL]
5,"1,1,450,1,2",137,11,[NULL]
6,"3,2,333,1,1",137,11,[NULL]
0,813,138,10,[NULL]
1,"69,1,75,1,7",138,10,[NULL]
2,"478,1,2",138,10,[NULL]
3,"2,2,376,1,2",138,10,[NULL]
4,"0,1,464,1,2",138,10,[NULL]
5,"512,1,1",138,10,[NULL]
6,"7,1,333,1,1",138,10,[NULL]
7,"2,1,479,1,1",138,10,[NULL]
8,"0,1,504,1,1",138,10,[NULL]
9,"3,2,352,1,0",138,10,[NULL]
10,"1,1,513,1,0",138,10,[NULL]
0,814,139,9,[NULL]
1,"69,1,175",139,9,[NULL]
2,"479,1,2",139,9,[NULL]
3,"3,1,376,1,2",139,9,[NULL]
4,"2,1,69,1,95,1,2",139,9,[NULL]
5,"0,1,465,1,2",139,9,[NULL]
6,"514,1,1",139,9,[NULL]
7,"513,1,1",139,9,[NULL]
8,"535,1,0",139,9,[NULL]
0,817,140,8,[NULL]
1,816,140,8,[NULL]
2,815,140,8,[NULL]
3,"480,1,2",140,8,[NULL]
4,"1,1,3,1,69,1,76,1,2",140,8,[NULL]
0,818,141,7,[NULL]
1,"3,1,686",141,7,[NULL]
2,"69,1,178",141,7,[NULL]
3,"0,1,69,2,8",141,7,[NULL]
4,"3,1,377,1,2",141,7,[NULL]
5,"0,1,505,1,1",141,7,[NULL]
0,"3,1,688",142,6,[NULL]
1,"0,1,324,1,8",142,6,[NULL]
2,"3,1,378,1,2",142,6,[NULL]
3,"1,1,4,1,69,2,2",142,6,[NULL]
4,"0,1,507,1,1",142,6,[NULL]
5,"0,1,506,1,1",142,6,[NULL]
0,"69,2,10",143,5,[NULL]
1,"1,1,4,1,324,1,2",143,5,[NULL]
2,"0,1,508,1,1",143,5,[NULL]
0,819,144,4,[NULL]
1,"324,1,10",144,4,[NULL]
0,"0,1,7,1,324,1,1",145,3,[NULL]
0,"1,1,515,1,0",99,50,[NULL]
0,820,102,47,[NULL]
0,"1,2,431,1,2",103,46,[NULL]
0,"0,1,469,1,2",104,45,[NULL]
0,"0,1,470,1,2",105,44,[NULL]
0,"8,1,236,1,7",106,43,[NULL]
0,"16,1,183,1,7",107,42,[NULL]
0,"17,1,183,1,7",108,41,[NULL]
0,"354,1,7",109,40,[NULL]
0,"8,3,110,1,7",110,39,[NULL]
0,"8,3,111,1,7",111,38,[NULL]
0,821,112,37,[NULL]
1,"8,1,16,1,17,1,50,1,7",112,37,[NULL]
0,822,113,36,[NULL]
1,"8,2,161,1,7",113,36,[NULL]
0,"8,5,31,1,7",114,35,[NULL]
1,"0,1,16,1,224,1,2",114,35,[NULL]
0,"8,4,16,1,17,1,7",115,34,[NULL]
1,"0,1,16,1,225,1,2",115,34,[NULL]
2,"0,2,452,1,2",115,34,[NULL]
0,"8,1,237,1,7",116,33,[NULL]
1,"8,4,17,2,7",116,33,[NULL]
2,"1,1,452,1,2",116,33,[NULL]
3,"0,1,17,1,225,1,2",116,33,[NULL]
0,"8,1,238,1,7",117,32,[NULL]
1,"8,4,60,1,7",117,32,[NULL]
2,"16,1,244,1,1",117,32,[NULL]
0,"17,1,185,1,7",118,31,[NULL]
1,"8,6,13,1,7",118,31,[NULL]
2,"0,1,8,3,137,1,2",118,31,[NULL]
3,"17,1,244,1,1",118,31,[NULL]
0,"17,1,138,1,25",119,30,[NULL]
1,"8,5,32,1,7",119,30,[NULL]
2,"1,1,453,1,2",119,30,[NULL]
3,"0,1,8,3,138,1,2",119,30,[NULL]
0,"8,3,112,1,7",120,29,[NULL]
1,"8,4,13,1,23,1,7",120,29,[NULL]
0,"8,3,113,1,7",121,28,[NULL]
1,"8,3,13,1,51,1,7",121,28,[NULL]
0,"8,2,162,1,7",122,27,[NULL]
1,"8,2,13,4,7",122,27,[NULL]
0,"8,1,23,1,113,1,7",123,26,[NULL]
1,"8,1,13,3,32,1,7",123,26,[NULL]
2,"1,1,5,1,64,2,2",123,26,[NULL]
3,"516,1,1",123,26,[NULL]
0,823,124,25,[NULL]
1,"13,4,23,1,7",124,25,[NULL]
2,"8,2,9,1,101,1,7",124,25,[NULL]
3,"0,1,64,1,112,1,2",124,25,[NULL]
0,824,125,24,[NULL]
1,"13,3,51,1,14",125,24,[NULL]
2,"8,1,9,1,13,1,80,1,7",125,24,[NULL]
3,"0,1,64,1,113,1,2",125,24,[NULL]
4,"0,2,8,1,278,1,2",125,24,[NULL]
0,"13,3,52,1,14",126,23,[NULL]
1,"16,1,187,1,7",126,23,[NULL]
2,"9,1,23,1,101,1,7",126,23,[NULL]
3,"0,1,471,1,2",126,23,[NULL]
4,"0,2,454,1,2",126,23,[NULL]
5,"13,2,167,1,1",126,23,[NULL]
0,825,127,22,[NULL]
1,"13,1,23,1,80,1,10",127,22,[NULL]
2,"16,1,188,1,7",127,22,[NULL]
3,"13,2,168,1,1",127,22,[NULL]
4,"8,1,316,1,1",127,22,[NULL]
0,"17,1,188,1,7",128,21,[NULL]
1,"0,1,8,2,201,1,2",128,21,[NULL]
2,"9,1,292,1,1",128,21,[NULL]
3,"537,1,0",128,21,[NULL]
4,"13,3,105,1,0",128,21,[NULL]
0,826,129,20,[NULL]
1,"187,1,50",129,20,[NULL]
2,"13,3,83,1,2",129,20,[NULL]
3,"0,1,8,1,9,1,188,1,2",129,20,[NULL]
4,"538,1,0",129,20,[NULL]
0,"303,1,14",130,19,[NULL]
1,"13,1,212,1,7",130,19,[NULL]
2,"9,1,13,2,95,1,2",130,19,[NULL]
3,"0,1,9,1,267,1,2",130,19,[NULL]
4,"1,1,519,1,0",130,19,[NULL]
0,"13,2,75,1,28",131,18,[NULL]
1,"13,1,188,1,14",131,18,[NULL]
2,"328,1,10",131,18,[NULL]
3,"0,1,472,1,2",131,18,[NULL]
4,"539,1,0",131,18,[NULL]
0,828,132,17,[NULL]
1,827,132,17,[NULL]
2,"13,1,458",132,17,[NULL]
3,"13,1,189,1,14",132,17,[NULL]
4,"0,3,449,1,2",132,17,[NULL]
0,"287,1,18",133,16,[NULL]
1,"1,2,439,1,2",133,16,[NULL]
2,"3,1,438,1,1",133,16,[NULL]
3,"0,1,8,1,64,1,69,1,1",133,16,[NULL]
0,"209,1,42",134,15,[NULL]
1,"13,1,190,1,14",134,15,[NULL]
2,"335,1,9",134,15,[NULL]
3,"481,1,2",134,15,[NULL]
4,"69,1,112,1,2",134,15,[NULL]
5,"2,1,439,1,2",134,15,[NULL]
6,"1,1,457,1,2",134,15,[NULL]
7,"8,1,69,1,72,1,0",134,15,[NULL]
0,830,135,14,[NULL]
1,829,135,14,[NULL]
2,"209,1,43",135,14,[NULL]
3,"331,1,10",135,14,[NULL]
4,"482,1,2",135,14,[NULL]
5,"69,1,113,1,2",135,14,[NULL]
6,"0,1,475,1,2",135,14,[NULL]
7,"0,2,460,1,2",135,14,[NULL]
8,"0,1,3,1,425,1,1",135,14,[NULL]
9,"3,2,363,1,0",135,14,[NULL]
0,832,136,13,[NULL]
1,831,136,13,[NULL]
2,"107,1,123",136,13,[NULL]
3,"483,1,2",136,13,[NULL]
4,"1,1,459,1,2",136,13,[NULL]
5,"7,1,335,1,1",136,13,[NULL]
6,"2,1,484,1,1",136,13,[NULL]
7,"540,1,0",136,13,[NULL]
0,834,137,12,[NULL]
1,833,137,12,[NULL]
2,"35,1,289",137,12,[NULL]
3,"366,1,7",137,12,[NULL]
4,"484,1,2",137,12,[NULL]
5,"3,1,386,1,2",137,12,[NULL]
6,"1,2,442,1,2",137,12,[NULL]
7,"2,1,486,1,1",137,12,[NULL]
8,"541,1,0",137,12,[NULL]
0,835,138,11,[NULL]
1,"3,1,693",138,11,[NULL]
2,"3,1,692",138,11,[NULL]
3,"7,1,550",138,11,[NULL]
4,"367,1,7",138,11,[NULL]
5,"486,1,2",138,11,[NULL]
6,"485,1,2",138,11,[NULL]
7,"3,1,389,1,2",138,11,[NULL]
8,"520,1,1",138,11,[NULL]
9,"0,1,7,1,333,1,1",138,11,[NULL]
10,"543,1,0",138,11,[NULL]
11,"3,1,463,1,0",138,11,[NULL]
0,837,139,10,[NULL]
1,836,139,10,[NULL]
2,"0,1,814",139,10,[NULL]
3,"7,1,552",139,10,[NULL]
4,"3,1,391,1,2",139,10,[NULL]
5,"3,1,390,1,2",139,10,[NULL]
6,"0,1,479,1,2",139,10,[NULL]
7,"522,1,1",139,10,[NULL]
8,"521,1,1",139,10,[NULL]
9,"544,1,0",139,10,[NULL]
10,"7,1,366,1,0",139,10,[NULL]
11,"1,1,523,1,0",139,10,[NULL]
0,"0,1,815",140,9,[NULL]
1,"3,1,694",140,9,[NULL]
2,"339,1,9",140,9,[NULL]
3,"3,1,394,1,2",140,9,[NULL]
4,"3,1,392,1,2",140,9,[NULL]
5,"2,1,445,1,2",140,9,[NULL]
6,"0,1,480,1,2",140,9,[NULL]
7,"523,1,1",140,9,[NULL]
8,"545,1,0",140,9,[NULL]
9,"7,1,367,1,0",140,9,[NULL]
10,"1,1,524,1,0",140,9,[NULL]
0,839,141,8,[NULL]
1,838,141,8,[NULL]
2,"7,1,553",141,8,[NULL]
3,"340,1,9",141,8,[NULL]
4,"0,2,69,2,8",141,8,[NULL]
5,"3,1,397,1,2",141,8,[NULL]
6,"3,1,396,1,2",141,8,[NULL]
7,"1,2,446,1,2",141,8,[NULL]
8,"524,1,1",141,8,[NULL]
9,"547,1,0",141,8,[NULL]
10,"546,1,0",141,8,[NULL]
11,"1,1,525,1,0",141,8,[NULL]
0,840,142,7,[NULL]
1,"3,1,69,1,145",142,7,[NULL]
2,"0,2,324,1,8",142,7,[NULL]
3,"5,1,69,2,2",142,7,[NULL]
4,"3,1,399,1,2",142,7,[NULL]
5,"3,1,398,1,2",142,7,[NULL]
6,"525,1,1",142,7,[NULL]
7,"7,1,368,1,0",142,7,[NULL]
8,"1,1,8,1,69,2,0",142,7,[NULL]
9,"1,2,506,1,0",142,7,[NULL]
0,"5,1,324,1,2",143,6,[NULL]
1,"3,1,400,1,2",143,6,[NULL]
2,"8,1,69,2,1",143,6,[NULL]
3,"2,1,506,1,0",143,6,[NULL]
4,"1,1,8,1,324,1,0",143,6,[NULL]
0,"526,1,1",144,5,[NULL]
1,"8,1,324,1,1",144,5,[NULL]
2,"1,1,527,1,0",144,5,[NULL]
0,"324,1,11",145,4,[NULL]
1,"527,1,1",145,4,[NULL]
2,"548,1,0",145,4,[NULL]
3,"1,2,7,1,324,1,0",145,4,[NULL]
0,"324,1,12",146,3,[NULL]
1,"2,1,7,1,324,1,0",146,3,[NULL]
0,"0,1,820",102,48,[NULL]
0,"487,1,2",103,47,[NULL]
0,"0,2,469,1,2",104,46,[NULL]
0,"0,2,470,1,2",105,45,[NULL]
0,"8,1,325,1,1",106,44,[NULL]
0,"8,1,326,1,1",107,43,[NULL]
0,"5,1,402,1,0",111,39,[NULL]
0,"402,1,6",112,38,[NULL]
0,"403,1,6",113,37,[NULL]
0,"0,2,16,1,224,1,2",114,36,[NULL]
0,"0,2,16,1,225,1,2",115,35,[NULL]
1,"0,3,452,1,2",115,35,[NULL]
0,"0,2,17,1,225,1,2",116,34,[NULL]
1,"8,2,224,1,1",116,34,[NULL]
0,"8,2,225,1,1",117,33,[NULL]
1,"0,1,16,1,244,1,1",117,33,[NULL]
0,"488,1,2",118,32,[NULL]
1,"8,1,343,1,0",118,32,[NULL]
2,"1,1,59,1,137,1,0",118,32,[NULL]
0,"17,2,138,1,1",119,31,[NULL]
0,"489,1,2",120,30,[NULL]
0,"490,1,2",121,29,[NULL]
0,"8,2,206,1,2",122,28,[NULL]
0,"8,1,17,1,160,1,2",123,27,[NULL]
1,"0,1,516,1,1",123,27,[NULL]
0,"491,1,2",124,26,[NULL]
1,"8,2,207,1,2",124,26,[NULL]
2,"16,1,260,1,0",124,26,[NULL]
0,"8,2,208,1,2",125,25,[NULL]
1,"0,2,64,1,113,1,2",125,25,[NULL]
0,"8,1,9,1,194,1,2",126,24,[NULL]
0,"13,3,23,1,42",127,23,[NULL]
1,"9,1,13,1,167,1,2",127,23,[NULL]
2,"0,1,8,1,316,1,1",127,23,[NULL]
3,"549,1,0",127,23,[NULL]
0,"248,1,28",128,22,[NULL]
1,"347,1,8",128,22,[NULL]
2,"8,1,291,1,2",128,22,[NULL]
3,"13,3,101,1,1",128,22,[NULL]
4,"8,1,347,1,0",128,22,[NULL]
5,"8,1,346,1,0",128,22,[NULL]
0,"2,1,774",129,21,[NULL]
1,"8,1,292,1,2",129,21,[NULL]
2,"530,1,1",129,21,[NULL]
3,"550,1,0",129,21,[NULL]
4,"13,1,292,1,0",129,21,[NULL]
0,841,130,20,[NULL]
1,"292,1,17",130,20,[NULL]
2,"492,1,2",130,20,[NULL]
0,842,131,19,[NULL]
1,"23,1,349",131,19,[NULL]
2,"302,1,15",131,19,[NULL]
3,"13,1,23,1,75,1,14",131,19,[NULL]
4,"349,1,8",131,19,[NULL]
5,"8,1,293,1,2",131,19,[NULL]
0,844,132,18,[NULL]
1,843,132,18,[NULL]
2,"150,1,79",132,18,[NULL]
3,"13,1,23,1,76,1,14",132,18,[NULL]
4,"472,1,3",132,18,[NULL]
5,"8,2,209,1,2",132,18,[NULL]
6,"13,1,286,1,1",132,18,[NULL]
7,"1,1,13,1,287,1,0",132,18,[NULL]
0,845,133,17,[NULL]
1,"151,1,79",133,17,[NULL]
2,"212,1,42",133,17,[NULL]
3,"473,1,3",133,17,[NULL]
4,"493,1,2",133,17,[NULL]
5,"8,1,294,1,2",133,17,[NULL]
6,"1,2,448,1,2",133,17,[NULL]
7,"13,1,287,1,1",133,17,[NULL]
8,"13,1,294,1,0",133,17,[NULL]
0,"3,1,707",134,16,[NULL]
1,"212,1,43",134,16,[NULL]
2,"287,1,20",134,16,[NULL]
3,"494,1,2",134,16,[NULL]
4,"13,1,261,1,2",134,16,[NULL]
5,"0,1,481,1,2",134,16,[NULL]
6,"0,1,69,1,112,1,2",134,16,[NULL]
7,"0,1,2,1,439,1,2",134,16,[NULL]
8,"552,1,0",134,16,[NULL]
9,"13,2,181,1,0",134,16,[NULL]
0,846,135,15,[NULL]
1,"23,1,355",135,15,[NULL]
2,"107,1,127",135,15,[NULL]
3,"335,1,10",135,15,[NULL]
4,"495,1,2",135,15,[NULL]
5,"13,1,262,1,2",135,15,[NULL]
6,"0,1,482,1,2",135,15,[NULL]
7,"0,1,69,1,113,1,2",135,15,[NULL]
8,"0,2,475,1,2",135,15,[NULL]
0,"3,1,714",136,14,[NULL]
1,"3,1,712",136,14,[NULL]
2,"213,1,42",136,14,[NULL]
3,"69,1,79,1,7",136,14,[NULL]
4,"74,1,107,1,2",136,14,[NULL]
5,"9,1,281,1,2",136,14,[NULL]
6,"3,1,407,1,2",136,14,[NULL]
7,"0,1,483,1,2",136,14,[NULL]
8,"13,1,288,1,1",136,14,[NULL]
9,"1,1,533,1,0",136,14,[NULL]
0,"3,1,715",137,13,[NULL]
1,"43,1,258",137,13,[NULL]
2,"68,1,185",137,13,[NULL]
3,"251,1,28",137,13,[NULL]
4,"69,1,80,1,7",137,13,[NULL]
5,"496,1,2",137,13,[NULL]
6,"76,1,107,1,2",137,13,[NULL]
7,"0,1,484,1,2",137,13,[NULL]
8,"0,1,3,1,386,1,2",137,13,[NULL]
9,"533,1,1",137,13,[NULL]
10,"532,1,1",137,13,[NULL]
11,"8,1,333,1,1",137,13,[NULL]
0,849,138,12,[NULL]
1,848,138,12,[NULL]
2,847,138,12,[NULL]
3,"333,1,11",138,12,[NULL]
4,"373,1,7",138,12,[NULL]
5,"477,1,3",138,12,[NULL]
6,"497,1,2",138,12,[NULL]
7,"1,1,477,1,2",138,12,[NULL]
8,"0,1,486,1,2",138,12,[NULL]
9,"0,1,485,1,2",138,12,[NULL]
10,"0,1,3,1,389,1,2",138,12,[NULL]
11,"534,1,1",138,12,[NULL]
12,"43,1,174,1,1",138,12,[NULL]
13,"3,1,477,1,0",138,12,[NULL]
0,850,139,11,[NULL]
1,"0,1,836",139,11,[NULL]
2,"0,2,814",139,11,[NULL]
3,"3,1,720",139,11,[NULL]
4,"7,1,562",139,11,[NULL]
5,"69,1,181",139,11,[NULL]
6,"352,1,9",139,11,[NULL]
7,"7,1,311,1,2",139,11,[NULL]
8,"3,1,412,1,2",139,11,[NULL]
9,"2,1,450,1,2",139,11,[NULL]
10,"1,1,478,1,2",139,11,[NULL]
11,"0,1,3,1,390,1,2",139,11,[NULL]
12,"0,2,479,1,2",139,11,[NULL]
13,"0,1,521,1,1",139,11,[NULL]
0,851,140,10,[NULL]
1,"3,1,722",140,10,[NULL]
2,"7,1,563",140,10,[NULL]
3,"69,1,182",140,10,[NULL]
4,"7,1,314,1,2",140,10,[NULL]
5,"1,1,479,1,2",140,10,[NULL]
6,"0,1,3,1,392,1,2",140,10,[NULL]
7,"0,1,2,1,445,1,2",140,10,[NULL]
8,"3,2,352,1,1",140,10,[NULL]
9,"0,1,523,1,1",140,10,[NULL]
10,"69,1,133,1,0",140,10,[NULL]
11,"1,1,535,1,0",140,10,[NULL]
0,852,141,9,[NULL]
1,"7,1,564",141,9,[NULL]
2,"0,3,69,2,8",141,9,[NULL]
3,"535,1,1",141,9,[NULL]
4,"7,1,352,1,1",141,9,[NULL]
5,"0,1,524,1,1",141,9,[NULL]
6,"69,1,134,1,0",141,9,[NULL]
7,"3,1,480,1,0",141,9,[NULL]
0,853,142,8,[NULL]
1,"7,1,565",142,8,[NULL]
2,"69,1,185",142,8,[NULL]
3,"69,2,13",142,8,[NULL]
4,"0,3,324,1,8",142,8,[NULL]
5,"7,1,353,1,1",142,8,[NULL]
0,856,143,7,[NULL]
1,855,143,7,[NULL]
2,854,143,7,[NULL]
3,"7,1,566",143,7,[NULL]
4,"18,1,401",143,7,[NULL]
5,"324,1,13",143,7,[NULL]
6,"0,1,8,1,69,2,1",143,7,[NULL]
0,857,144,6,[NULL]
1,"18,1,402",144,6,[NULL]
2,"0,1,8,1,324,1,1",144,6,[NULL]
3,"9,1,69,2,0",144,6,[NULL]
0,"9,1,324,1,0",145,5,[NULL]
0,"536,1,1",102,49,[NULL]
0,858,103,48,[NULL]
1,"553,1,0",103,48,[NULL]
0,"554,1,0",104,47,[NULL]
0,"0,1,8,1,325,1,1",106,45,[NULL]
0,"8,1,295,1,2",107,44,[NULL]
1,"8,2,236,1,0",107,44,[NULL]
0,"8,1,296,1,2",108,43,[NULL]
0,"17,1,183,1,8",109,42,[NULL]
0,"210,1,44",110,41,[NULL]
1,"498,1,2",110,41,[NULL]
0,"8,3,145,1,2",111,40,[NULL]
0,"0,1,402,1,6",112,39,[NULL]
1,"8,2,16,1,111,1,2",112,39,[NULL]
0,"8,2,17,1,111,1,2",113,38,[NULL]
1,"555,1,0",113,38,[NULL]
0,"8,2,211,1,2",114,37,[NULL]
0,"8,5,49,1,2",115,36,[NULL]
0,"8,5,50,1,2",116,35,[NULL]
1,"0,1,8,2,224,1,1",116,35,[NULL]
0,"8,1,297,1,2",117,34,[NULL]
1,"8,3,16,1,17,2,2",117,34,[NULL]
2,"1,2,452,1,2",117,34,[NULL]
3,"8,2,237,1,0",117,34,[NULL]
0,"8,1,298,1,2",118,33,[NULL]
1,"8,4,88,1,2",118,33,[NULL]
2,"0,1,488,1,2",118,33,[NULL]
0,859,119,32,[NULL]
1,"17,1,238,1,2",119,32,[NULL]
2,"8,8,2",119,32,[NULL]
0,"8,1,244,1,7",120,31,[NULL]
1,"8,6,22,1,2",120,31,[NULL]
2,"0,1,489,1,2",120,31,[NULL]
0,"17,1,149,1,22",121,30,[NULL]
1,"8,3,146,1,2",121,30,[NULL]
2,"8,6,23,1,2",121,30,[NULL]
0,"8,1,245,1,7",122,29,[NULL]
1,"8,3,147,1,2",122,29,[NULL]
2,"8,5,51,1,2",122,29,[NULL]
0,"8,1,247,1,7",123,28,[NULL]
1,"8,2,17,1,113,1,2",123,28,[NULL]
2,"8,4,13,3,2",123,28,[NULL]
3,"64,1,137,1,0",123,28,[NULL]
0,"8,2,166,1,7",124,27,[NULL]
1,"8,1,17,1,162,1,2",124,27,[NULL]
2,"8,3,13,2,32,1,2",124,27,[NULL]
3,"0,1,491,1,2",124,27,[NULL]
0,"8,2,167,1,7",125,26,[NULL]
1,"8,2,13,3,23,1,2",125,26,[NULL]
2,"8,4,89,1,2",125,26,[NULL]
0,"380,1,7",126,25,[NULL]
1,"8,1,248,1,7",126,25,[NULL]
2,"8,1,13,3,51,1,2",126,25,[NULL]
3,"8,3,9,1,80,1,2",126,25,[NULL]
4,"558,1,0",126,25,[NULL]
5,"13,4,51,1,0",126,25,[NULL]
0,"260,1,25",127,24,[NULL]
1,"13,1,219,1,7",127,24,[NULL]
2,"13,6,2",127,24,[NULL]
3,"8,1,64,2,2",127,24,[NULL]
4,"8,2,23,1,89,1,2",127,24,[NULL]
5,"13,4,52,1,0",127,24,[NULL]
0,860,128,23,[NULL]
1,"13,1,194,1,14",128,23,[NULL]
2,"0,1,347,1,8",128,23,[NULL]
3,"13,3,23,1,24,1,2",128,23,[NULL]
4,"8,1,299,1,2",128,23,[NULL]
5,"8,1,9,1,23,1,80,1,2",128,23,[NULL]
6,"0,1,8,1,291,1,2",128,23,[NULL]
0,862,129,22,[NULL]
1,861,129,22,[NULL]
2,"23,1,150,1,14",129,22,[NULL]
3,"17,1,188,1,8",129,22,[NULL]
4,"499,1,2",129,22,[NULL]
5,"9,1,13,2,101,1,2",129,22,[NULL]
6,"0,1,8,1,292,1,2",129,22,[NULL]
0,863,130,21,[NULL]
1,"346,1,10",130,21,[NULL]
2,"358,1,8",130,21,[NULL]
3,"382,1,7",130,21,[NULL]
4,"537,1,1",130,21,[NULL]
5,"13,3,105,1,1",130,21,[NULL]
6,"42,1,187,1,0",130,21,[NULL]
0,"359,1,8",131,20,[NULL]
1,"0,1,349,1,8",131,20,[NULL]
2,"383,1,7",131,20,[NULL]
3,"8,2,212,1,2",131,20,[NULL]
4,"538,1,1",131,20,[NULL]
5,"13,1,303,1,0",131,20,[NULL]
0,864,132,19,[NULL]
1,"0,1,844",132,19,[NULL]
2,"8,1,250,1,7",132,19,[NULL]
3,"13,1,266,1,2",132,19,[NULL]
4,"8,1,13,1,188,1,2",132,19,[NULL]
5,"13,2,188,1,0",132,19,[NULL]
6,"9,1,328,1,0",132,19,[NULL]
0,"1,1,827",133,18,[NULL]
1,"13,1,133,1,42",133,18,[NULL]
2,"384,1,7",133,18,[NULL]
3,"501,1,2",133,18,[NULL]
4,"500,1,2",133,18,[NULL]
5,"13,1,267,1,2",133,18,[NULL]
6,"9,1,286,1,2",133,18,[NULL]
7,"539,1,1",133,18,[NULL]
8,"560,1,0",133,18,[NULL]
9,"13,2,189,1,0",133,18,[NULL]
0,865,134,17,[NULL]
1,"286,1,21",134,17,[NULL]
2,"67,2,14",134,17,[NULL]
3,"13,1,209,1,10",134,17,[NULL]
4,"13,1,268,1,2",134,17,[NULL]
5,"0,2,481,1,2",134,17,[NULL]
6,"0,2,69,1,112,1,2",134,17,[NULL]
7,"0,2,2,1,439,1,2",134,17,[NULL]
8,"561,1,0",134,17,[NULL]
0,"7,1,568",135,16,[NULL]
1,"287,1,21",135,16,[NULL]
2,"319,1,14",135,16,[NULL]
3,"0,1,495,1,2",135,16,[NULL]
4,"0,2,482,1,2",135,16,[NULL]
5,"0,2,69,1,113,1,2",135,16,[NULL]
6,"0,3,475,1,2",135,16,[NULL]
7,"13,2,190,1,0",135,16,[NULL]
0,"7,1,569",136,15,[NULL]
1,"335,1,11",136,15,[NULL]
2,"363,1,9",136,15,[NULL]
3,"23,1,213,1,2",136,15,[NULL]
4,"0,1,74,1,107,1,2",136,15,[NULL]
5,"0,1,3,1,407,1,2",136,15,[NULL]
6,"8,1,69,1,72,1,1",136,15,[NULL]
7,"7,1,385,1,0",136,15,[NULL]
0,"335,1,12",137,14,[NULL]
1,"9,1,288,1,2",137,14,[NULL]
2,"7,1,319,1,2",137,14,[NULL]
3,"3,1,417,1,2",137,14,[NULL]
4,"0,2,484,1,2",137,14,[NULL]
5,"8,1,337,1,1",137,14,[NULL]
6,"3,2,363,1,1",137,14,[NULL]
7,"0,1,533,1,1",137,14,[NULL]
8,"0,1,8,1,333,1,1",137,14,[NULL]
9,"43,1,189,1,0",137,14,[NULL]
10,"1,1,540,1,0",137,14,[NULL]
0,867,138,13,[NULL]
1,866,138,13,[NULL]
2,"321,1,14",138,13,[NULL]
3,"502,1,2",138,13,[NULL]
4,"0,2,486,1,2",138,13,[NULL]
5,"0,2,485,1,2",138,13,[NULL]
6,"540,1,1",138,13,[NULL]
7,"8,1,366,1,0",138,13,[NULL]
8,"3,1,484,1,0",138,13,[NULL]
0,"3,1,191,1,41",139,12,[NULL]
1,"367,1,8",139,12,[NULL]
2,"1,1,486,1,2",139,12,[NULL]
3,"1,1,485,1,2",139,12,[NULL]
4,"0,1,7,1,311,1,2",139,12,[NULL]
5,"541,1,1",139,12,[NULL]
6,"3,1,485,1,0",139,12,[NULL]
7,"1,1,543,1,0",139,12,[NULL]
0,868,140,11,[NULL]
1,"67,1,69,1,14",140,11,[NULL]
2,"394,1,7",140,11,[NULL]
3,"503,1,2",140,11,[NULL]
4,"7,1,321,1,2",140,11,[NULL]
5,"0,1,7,1,314,1,2",140,11,[NULL]
6,"543,1,1",140,11,[NULL]
7,"3,1,463,1,1",140,11,[NULL]
8,"562,1,0",140,11,[NULL]
9,"43,1,191,1,0",140,11,[NULL]
10,"2,1,521,1,0",140,11,[NULL]
11,"1,1,544,1,0",140,11,[NULL]
0,871,141,10,[NULL]
1,870,141,10,[NULL]
2,869,141,10,[NULL]
3,"18,1,404",141,10,[NULL]
4,"191,1,54",141,10,[NULL]
5,"69,1,75,1,10",141,10,[NULL]
6,"446,1,5",141,10,[NULL]
7,"7,1,322,1,2",141,10,[NULL]
8,"544,1,1",141,10,[NULL]
9,"7,1,366,1,1",141,10,[NULL]
10,"564,1,0",141,10,[NULL]
11,"563,1,0",141,10,[NULL]
12,"2,1,523,1,0",141,10,[NULL]
13,"1,1,545,1,0",141,10,[NULL]
0,873,142,9,[NULL]
1,872,142,9,[NULL]
2,"69,1,188",142,9,[NULL]
3,"339,1,11",142,9,[NULL]
4,"504,1,2",142,9,[NULL]
5,"2,1,465,1,2",142,9,[NULL]
6,"545,1,1",142,9,[NULL]
7,"7,1,367,1,1",142,9,[NULL]
8,"565,1,0",142,9,[NULL]
9,"3,2,396,1,0",142,9,[NULL]
10,"2,1,524,1,0",142,9,[NULL]
11,"1,1,547,1,0",142,9,[NULL]
12,"1,1,546,1,0",142,9,[NULL]
0,874,143,8,[NULL]
1,"340,1,11",143,8,[NULL]
2,"7,1,323,1,2",143,8,[NULL]
3,"1,1,5,1,69,2,2",143,8,[NULL]
4,"547,1,1",143,8,[NULL]
5,"546,1,1",143,8,[NULL]
6,"567,1,0",143,8,[NULL]
7,"566,1,0",143,8,[NULL]
8,"7,1,396,1,0",143,8,[NULL]
9,"3,2,398,1,0",143,8,[NULL]
10,"2,1,525,1,0",143,8,[NULL]
11,"1,2,8,1,69,2,0",143,8,[NULL]
0,875,144,7,[NULL]
1,"7,1,576",144,7,[NULL]
2,"340,1,12",144,7,[NULL]
3,"6,1,69,2,2",144,7,[NULL]
4,"3,1,69,1,93,1,2",144,7,[NULL]
5,"1,1,5,1,324,1,2",144,7,[NULL]
6,"7,1,368,1,1",144,7,[NULL]
7,"7,1,398,1,0",144,7,[NULL]
8,"3,2,400,1,0",144,7,[NULL]
9,"1,2,8,1,324,1,0",144,7,[NULL]
0,"341,1,12",145,6,[NULL]
1,"505,1,2",145,6,[NULL]
2,"6,1,324,1,2",145,6,[NULL]
3,"2,1,506,1,1",145,6,[NULL]
4,"7,1,400,1,0",145,6,[NULL]
5,"2,1,526,1,0",145,6,[NULL]
0,"7,1,577",146,5,[NULL]
1,"69,2,14",146,5,[NULL]
2,"507,1,2",146,5,[NULL]
3,"506,1,2",146,5,[NULL]
4,"10,1,324,1,0",146,5,[NULL]
5,"2,1,527,1,0",146,5,[NULL]
0,"324,1,14",147,4,[NULL]
1,"508,1,2",147,4,[NULL]
2,"548,1,1",147,4,[NULL]
3,"11,1,324,1,0",147,4,[NULL]
0,"3,2,324,1,2",148,3,[NULL]
1,"2,1,7,1,324,1,1",148,3,[NULL]
0,"7,1,324,1,2",149,2,[NULL]
0,"0,1,858",103,49,[NULL]
0,"1,1,487,1,2",104,48,[NULL]
0,876,105,47,[NULL]
0,877,106,46,[NULL]
0,"0,1,8,1,295,1,2",107,45,[NULL]
0,"0,1,8,1,296,1,2",108,44,[NULL]
0,"0,1,17,1,183,1,8",109,43,[NULL]
1,"8,1,252,1,7",109,43,[NULL]
0,"0,1,210,1,44",110,42,[NULL]
1,"8,1,253,1,7",110,42,[NULL]
0,"17,1,200,1,7",111,41,[NULL]
0,"401,1,7",112,40,[NULL]
1,"1,1,5,1,402,1,0",112,40,[NULL]
0,"8,3,116,1,7",113,39,[NULL]
0,"8,3,117,1,7",114,38,[NULL]
0,"402,1,7",115,37,[NULL]
1,"8,2,17,1,78,1,7",115,37,[NULL]
0,"403,1,7",116,36,[NULL]
1,"8,2,171,1,7",116,36,[NULL]
0,"8,5,39,1,7",117,35,[NULL]
1,"0,1,8,1,297,1,2",117,35,[NULL]
0,"8,5,40,1,7",118,34,[NULL]
1,"0,1,8,1,298,1,2",118,34,[NULL]
2,"0,2,488,1,2",118,34,[NULL]
0,"8,1,16,1,137,1,7",119,33,[NULL]
1,"8,4,17,1,20,1,7",119,33,[NULL]
2,"0,1,17,1,238,1,2",119,33,[NULL]
0,"8,1,16,1,138,1,7",120,32,[NULL]
1,"8,4,63,1,7",120,32,[NULL]
0,"8,1,17,1,138,1,7",121,31,[NULL]
1,"8,5,9,1,13,1,7",121,31,[NULL]
0,"42,1,137,1,7",122,30,[NULL]
1,"8,4,9,1,32,1,7",122,30,[NULL]
0,"8,3,9,1,13,1,23,1,7",123,29,[NULL]
1,"8,4,64,1,7",123,29,[NULL]
0,"8,2,9,1,13,1,51,1,7",124,28,[NULL]
1,"8,3,118,1,7",124,28,[NULL]
2,"0,2,491,1,2",124,28,[NULL]
0,"137,1,95",125,27,[NULL]
1,"8,1,9,1,13,4,7",125,27,[NULL]
2,"8,2,17,1,80,1,7",125,27,[NULL]
3,"509,1,2",125,27,[NULL]
4,"1,1,491,1,2",125,27,[NULL]
0,"138,1,95",126,26,[NULL]
1,"9,1,13,3,32,1,7",126,26,[NULL]
2,"8,2,173,1,7",126,26,[NULL]
3,"16,1,260,1,1",126,26,[NULL]
0,"13,4,23,1,10",127,25,[NULL]
1,"404,1,7",127,25,[NULL]
2,"8,2,13,1,101,1,7",127,25,[NULL]
3,"0,1,8,1,64,2,2",127,25,[NULL]
4,"17,1,260,1,1",127,25,[NULL]
0,878,128,24,[NULL]
1,"0,2,347,1,8",128,24,[NULL]
2,"8,1,13,2,80,1,7",128,24,[NULL]
3,"0,1,8,1,299,1,2",128,24,[NULL]
4,"0,2,8,1,291,1,2",128,24,[NULL]
5,"1,1,549,1,0",128,24,[NULL]
0,"0,1,17,1,188,1,8",129,23,[NULL]
1,"13,1,23,1,101,1,7",129,23,[NULL]
2,"8,1,254,1,7",129,23,[NULL]
3,"5,1,347,1,2",129,23,[NULL]
4,"0,2,8,1,292,1,2",129,23,[NULL]
0,"0,1,863",130,22,[NULL]
1,"219,1,42",130,22,[NULL]
2,"13,1,23,1,80,1,14",130,22,[NULL]
3,"8,1,255,1,7",130,22,[NULL]
4,"8,1,346,1,1",130,22,[NULL]
0,879,131,21,[NULL]
1,"13,2,23,1,104",131,21,[NULL]
2,"405,1,7",131,21,[NULL]
3,"20,1,188,1,7",131,21,[NULL]
4,"17,1,209,1,6",131,21,[NULL]
5,"0,1,8,2,212,1,2",131,21,[NULL]
6,"13,1,292,1,1",131,21,[NULL]
0,"13,2,83,1,28",132,20,[NULL]
1,"267,1,25",132,20,[NULL]
2,"422,1,6",132,20,[NULL]
3,"510,1,2",132,20,[NULL]
4,"0,1,8,1,13,1,188,1,2",132,20,[NULL]
5,"551,1,1",132,20,[NULL]
6,"13,2,23,1,75,1,0",132,20,[NULL]
0,"359,1,10",133,19,[NULL]
1,"13,1,212,1,10",133,19,[NULL]
2,"13,3,95,1,2",133,19,[NULL]
3,"0,1,500,1,2",133,19,[NULL]
4,"18,1,260,1,0",133,19,[NULL]
5,"13,2,23,1,76,1,0",133,19,[NULL]
0,"0,1,865",134,18,[NULL]
1,"266,1,26",134,18,[NULL]
2,"328,1,14",134,18,[NULL]
3,"13,2,164,1,2",134,18,[NULL]
4,"1,1,493,1,2",134,18,[NULL]
5,"69,1,138,1,0",134,18,[NULL]
0,"267,1,26",135,17,[NULL]
1,"2,1,473,1,2",135,17,[NULL]
2,"1,1,494,1,2",135,17,[NULL]
3,"13,1,294,1,1",135,17,[NULL]
0,881,136,16,[NULL]
1,880,136,16,[NULL]
2,"0,1,7,1,569",136,16,[NULL]
3,"7,1,328,1,2",136,16,[NULL]
4,"1,1,495,1,2",136,16,[NULL]
5,"13,2,181,1,1",136,16,[NULL]
0,882,137,15,[NULL]
1,"3,1,736",137,15,[NULL]
2,"7,1,582",137,15,[NULL]
3,"8,1,64,1,69,1,2",137,15,[NULL]
4,"0,1,7,1,319,1,2",137,15,[NULL]
5,"8,1,69,1,79,1,0",137,15,[NULL]
0,883,138,14,[NULL]
1,"0,1,866",138,14,[NULL]
2,"331,1,14",138,14,[NULL]
3,"8,1,312,1,2",138,14,[NULL]
4,"1,1,76,1,107,1,2",138,14,[NULL]
5,"0,1,502,1,2",138,14,[NULL]
6,"0,1,540,1,1",138,14,[NULL]
0,884,139,13,[NULL]
1,"13,1,494",139,13,[NULL]
2,"43,1,274",139,13,[NULL]
3,"67,1,193",139,13,[NULL]
4,"311,1,17",139,13,[NULL]
5,"332,1,14",139,13,[NULL]
6,"0,1,367,1,8",139,13,[NULL]
7,"486,1,4",139,13,[NULL]
8,"8,1,314,1,2",139,13,[NULL]
9,"3,1,425,1,2",139,13,[NULL]
10,"1,1,497,1,2",139,13,[NULL]
11,"0,2,7,1,311,1,2",139,13,[NULL]
12,"1,1,3,1,477,1,0",139,13,[NULL]
0,886,140,12,[NULL]
1,885,140,12,[NULL]
2,"7,1,587",140,12,[NULL]
3,"43,1,275",140,12,[NULL]
4,"314,1,17",140,12,[NULL]
5,"333,1,14",140,12,[NULL]
6,"375,1,8",140,12,[NULL]
7,"414,1,7",140,12,[NULL]
8,"511,1,2",140,12,[NULL]
9,"1,1,3,1,412,1,2",140,12,[NULL]
10,"0,2,7,1,314,1,2",140,12,[NULL]
11,"7,1,371,1,1",140,12,[NULL]
12,"0,1,543,1,1",140,12,[NULL]
13,"569,1,0",140,12,[NULL]
0,"3,1,745",141,11,[NULL]
1,"3,1,744",141,11,[NULL]
2,"3,1,743",141,11,[NULL]
3,"69,1,192",141,11,[NULL]
4,"352,1,11",141,11,[NULL]
5,"415,1,7",141,11,[NULL]
6,"3,1,428,1,2",141,11,[NULL]
7,"3,2,333,1,2",141,11,[NULL]
8,"0,1,7,1,322,1,2",141,11,[NULL]
9,"0,1,544,1,1",141,11,[NULL]
10,"0,1,7,1,366,1,1",141,11,[NULL]
11,"570,1,0",141,11,[NULL]
12,"7,1,412,1,0",141,11,[NULL]
0,889,142,10,[NULL]
1,888,142,10,[NULL]
2,887,142,10,[NULL]
3,"3,1,746",142,10,[NULL]
4,"7,1,589",142,10,[NULL]
5,"37,1,301",142,10,[NULL]
6,"43,1,276",142,10,[NULL]
7,"352,1,12",142,10,[NULL]
8,"512,1,2",142,10,[NULL]
9,"7,1,333,1,2",142,10,[NULL]
10,"2,1,479,1,2",142,10,[NULL]
11,"0,1,504,1,2",142,10,[NULL]
12,"69,1,133,1,1",142,10,[NULL]
13,"571,1,0",142,10,[NULL]
14,"7,1,414,1,0",142,10,[NULL]
0,891,143,9,[NULL]
1,890,143,9,[NULL]
2,"2,1,815",143,9,[NULL]
3,"3,1,749",143,9,[NULL]
4,"514,1,2",143,9,[NULL]
5,"513,1,2",143,9,[NULL]
6,"69,1,134,1,1",143,9,[NULL]
7,"3,1,480,1,1",143,9,[NULL]
8,"0,1,546,1,1",143,9,[NULL]
9,"12,1,69,2,0",143,9,[NULL]
10,"7,1,415,1,0",143,9,[NULL]
0,892,144,8,[NULL]
1,"3,1,752",144,8,[NULL]
2,"3,2,593",144,8,[NULL]
3,"7,1,591",144,8,[NULL]
4,"0,1,7,1,576",144,8,[NULL]
5,"0,1,6,1,69,2,2",144,8,[NULL]
6,"18,1,264,1,0",144,8,[NULL]
7,"12,1,324,1,0",144,8,[NULL]
0,895,145,7,[NULL]
1,894,145,7,[NULL]
2,893,145,7,[NULL]
3,"7,1,593",145,7,[NULL]
4,"7,1,592",145,7,[NULL]
5,"69,1,193",145,7,[NULL]
6,"0,1,505,1,2",145,7,[NULL]
7,"0,1,6,1,324,1,2",145,7,[NULL]
0,"7,1,594",146,6,[NULL]
1,"0,1,507,1,2",146,6,[NULL]
2,"0,1,506,1,2",146,6,[NULL]
3,"9,1,69,2,1",146,6,[NULL]
4,"7,1,378,1,1",146,6,[NULL]
0,"69,2,15",147,5,[NULL]
1,"0,1,508,1,2",147,5,[NULL]
2,"9,1,324,1,1",147,5,[NULL]
0,896,148,4,[NULL]
1,"324,1,15",148,4,[NULL]
0,"0,1,7,1,324,1,2",149,3,[NULL]
0,"0,2,858",103,50,[NULL]
0,"515,1,2",104,49,[NULL]
1,"1,1,553,1,0",104,49,[NULL]
0,"553,1,1",105,48,[NULL]
0,"554,1,1",106,47,[NULL]
0,"0,2,8,1,295,1,2",107,46,[NULL]
0,"0,2,8,1,296,1,2",108,45,[NULL]
0,"8,2,236,1,1",109,44,[NULL]
0,"8,1,16,1,183,1,1",110,43,[NULL]
0,"1,1,498,1,2",111,42,[NULL]
0,"555,1,1",115,38,[NULL]
0,"556,1,1",116,37,[NULL]
0,"452,1,5",117,36,[NULL]
1,"0,2,8,1,297,1,2",117,36,[NULL]
0,"0,2,8,1,298,1,2",118,35,[NULL]
1,"0,3,488,1,2",118,35,[NULL]
0,"8,2,237,1,1",119,34,[NULL]
0,"8,2,238,1,1",120,33,[NULL]
1,"572,1,0",120,33,[NULL]
0,"16,1,244,1,2",121,32,[NULL]
0,"17,1,244,1,2",122,31,[NULL]
0,"16,1,245,1,2",123,30,[NULL]
0,"8,1,315,1,2",124,29,[NULL]
1,"0,3,491,1,2",124,29,[NULL]
2,"1,1,64,1,137,1,0",124,29,[NULL]
0,"8,3,149,1,2",125,28,[NULL]
1,"0,1,509,1,2",125,28,[NULL]
2,"64,1,137,1,1",125,28,[NULL]
0,"8,1,16,1,167,1,2",126,27,[NULL]
1,"64,1,138,1,1",126,27,[NULL]
2,"0,1,16,1,260,1,1",126,27,[NULL]
0,"516,1,2",127,26,[NULL]
1,"8,2,218,1,2",127,26,[NULL]
2,"8,1,380,1,0",127,26,[NULL]
3,"1,1,558,1,0",127,26,[NULL]
0,"8,2,219,1,2",128,25,[NULL]
1,"0,2,8,1,299,1,2",128,25,[NULL]
2,"558,1,1",128,25,[NULL]
3,"13,4,51,1,1",128,25,[NULL]
0,"8,1,13,1,194,1,2",129,24,[NULL]
1,"13,4,52,1,1",129,24,[NULL]
2,"573,1,0",129,24,[NULL]
3,"13,2,194,1,0",129,24,[NULL]
0,"13,2,167,1,2",130,23,[NULL]
1,"0,1,8,1,346,1,1",130,23,[NULL]
2,"574,1,0",130,23,[NULL]
3,"13,1,23,1,150,1,0",130,23,[NULL]
0,"517,1,2",131,22,[NULL]
1,"13,2,168,1,2",131,22,[NULL]
2,"8,1,316,1,2",131,22,[NULL]
3,"9,1,346,1,0",131,22,[NULL]
4,"8,1,382,1,0",131,22,[NULL]
5,"2,1,537,1,0",131,22,[NULL]
6,"1,1,42,1,187,1,0",131,22,[NULL]
0,897,132,21,[NULL]
1,"13,1,23,1,83,1,14",132,21,[NULL]
2,"518,1,2",132,21,[NULL]
3,"9,1,292,1,2",132,21,[NULL]
4,"2,1,538,1,0",132,21,[NULL]
0,898,133,20,[NULL]
1,"13,2,133,1,10",133,20,[NULL]
2,"8,1,318,1,2",133,20,[NULL]
3,"13,1,303,1,1",133,20,[NULL]
0,"0,2,865",134,19,[NULL]
1,"9,1,293,1,2",134,19,[NULL]
2,"1,1,501,1,2",134,19,[NULL]
3,"1,1,500,1,2",134,19,[NULL]
4,"13,2,188,1,1",134,19,[NULL]
5,"1,1,560,1,0",134,19,[NULL]
0,"18,1,417",135,18,[NULL]
1,"69,1,195",135,18,[NULL]
2,"519,1,2",135,18,[NULL]
3,"8,1,9,1,209,1,2",135,18,[NULL]
4,"560,1,1",135,18,[NULL]
5,"13,2,189,1,1",135,18,[NULL]
6,"1,1,561,1,0",135,18,[NULL]
0,"13,1,497",136,17,[NULL]
1,"69,1,196",136,17,[NULL]
2,"9,1,294,1,2",136,17,[NULL]
3,"3,1,437,1,2",136,17,[NULL]
4,"561,1,1",136,17,[NULL]
5,"7,2,266,1,0",136,17,[NULL]
0,899,137,16,[NULL]
1,"261,1,28",137,16,[NULL]
2,"3,1,438,1,2",137,16,[NULL]
3,"0,1,8,1,64,1,69,1,2",137,16,[NULL]
4,"0,2,7,1,319,1,2",137,16,[NULL]
5,"13,2,190,1,1",137,16,[NULL]
6,"1,1,7,1,385,1,0",137,16,[NULL]
0,"262,1,28",138,15,[NULL]
1,"335,1,14",138,15,[NULL]
2,"386,1,8",138,15,[NULL]
3,"2,1,482,1,2",138,15,[NULL]
4,"1,1,7,1,319,1,2",138,15,[NULL]
5,"1,1,3,1,417,1,2",138,15,[NULL]
6,"0,1,8,1,312,1,2",138,15,[NULL]
7,"0,2,502,1,2",138,15,[NULL]
8,"1,2,540,1,0",138,15,[NULL]
0,"7,1,606",139,14,[NULL]
1,"363,1,12",139,14,[NULL]
2,"0,2,367,1,8",139,14,[NULL]
3,"69,1,89,1,7",139,14,[NULL]
4,"13,1,281,1,2",139,14,[NULL]
5,"3,2,335,1,2",139,14,[NULL]
6,"0,1,8,1,314,1,2",139,14,[NULL]
7,"0,1,3,1,425,1,2",139,14,[NULL]
8,"2,1,540,1,0",139,14,[NULL]
0,900,140,13,[NULL]
1,"391,1,8",140,13,[NULL]
2,"0,1,375,1,8",140,13,[NULL]
3,"419,1,7",140,13,[NULL]
4,"7,1,335,1,2",140,13,[NULL]
5,"2,1,484,1,2",140,13,[NULL]
6,"1,2,486,1,2",140,13,[NULL]
7,"1,2,485,1,2",140,13,[NULL]
8,"8,1,366,1,1",140,13,[NULL]
9,"3,1,484,1,1",140,13,[NULL]
10,"1,1,3,1,485,1,0",140,13,[NULL]
0,902,141,12,[NULL]
1,901,141,12,[NULL]
2,"3,1,198,1,41",141,12,[NULL]
3,"373,1,10",141,12,[NULL]
4,"390,1,9",141,12,[NULL]
5,"2,1,486,1,2",141,12,[NULL]
6,"1,1,503,1,2",141,12,[NULL]
7,"1,1,7,1,321,1,2",141,12,[NULL]
8,"8,1,367,1,1",141,12,[NULL]
9,"3,1,485,1,1",141,12,[NULL]
10,"575,1,0",141,12,[NULL]
11,"2,1,543,1,0",141,12,[NULL]
0,903,142,11,[NULL]
1,"198,1,53",142,11,[NULL]
2,"264,1,28",142,11,[NULL]
3,"392,1,9",142,11,[NULL]
4,"520,1,2",142,11,[NULL]
5,"1,1,7,1,322,1,2",142,11,[NULL]
6,"0,1,512,1,2",142,11,[NULL]
7,"0,1,7,1,333,1,2",142,11,[NULL]
8,"0,2,504,1,2",142,11,[NULL]
9,"562,1,1",142,11,[NULL]
10,"43,1,191,1,1",142,11,[NULL]
11,"2,1,521,1,1",142,11,[NULL]
12,"2,1,544,1,0",142,11,[NULL]
13,"1,1,563,1,0",142,11,[NULL]
0,905,143,10,[NULL]
1,904,143,10,[NULL]
2,"122,1,114",143,10,[NULL]
3,"68,1,69,1,17",143,10,[NULL]
4,"397,1,9",143,10,[NULL]
5,"504,1,3",143,10,[NULL]
6,"522,1,2",143,10,[NULL]
7,"521,1,2",143,10,[NULL]
8,"1,1,504,1,2",143,10,[NULL]
9,"0,1,514,1,2",143,10,[NULL]
10,"0,1,513,1,2",143,10,[NULL]
11,"564,1,1",143,10,[NULL]
12,"563,1,1",143,10,[NULL]
13,"2,1,523,1,1",143,10,[NULL]
14,"3,1,504,1,0",143,10,[NULL]
15,"1,2,546,1,0",143,10,[NULL]
0,906,144,9,[NULL]
1,"3,2,618",144,9,[NULL]
2,"7,1,615",144,9,[NULL]
3,"69,1,198",144,9,[NULL]
4,"324,1,16",144,9,[NULL]
5,"339,1,14",144,9,[NULL]
6,"398,1,9",144,9,[NULL]
7,"523,1,2",144,9,[NULL]
8,"0,2,6,1,69,2,2",144,9,[NULL]
9,"565,1,1",144,9,[NULL]
10,"7,1,394,1,1",144,9,[NULL]
11,"3,2,396,1,1",144,9,[NULL]
12,"2,1,524,1,1",144,9,[NULL]
13,"576,1,0",144,9,[NULL]
14,"1,1,566,1,0",144,9,[NULL]
0,"7,1,618",145,8,[NULL]
1,"7,1,617",145,8,[NULL]
2,"340,1,14",145,8,[NULL]
3,"368,1,12",145,8,[NULL]
4,"524,1,2",145,8,[NULL]
5,"0,2,6,1,324,1,2",145,8,[NULL]
6,"566,1,1",145,8,[NULL]
7,"7,1,396,1,1",145,8,[NULL]
8,"3,2,398,1,1",145,8,[NULL]
9,"2,1,525,1,1",145,8,[NULL]
10,"577,1,0",145,8,[NULL]
11,"2,1,7,1,368,1,0",145,8,[NULL]
0,907,146,7,[NULL]
1,"341,1,14",146,7,[NULL]
2,"525,1,2",146,7,[NULL]
3,"1,1,505,1,2",146,7,[NULL]
4,"0,2,506,1,2",146,7,[NULL]
5,"7,1,398,1,1",146,7,[NULL]
6,"3,2,400,1,1",146,7,[NULL]
7,"0,1,9,1,69,2,1",146,7,[NULL]
0,"506,1,3",147,6,[NULL]
1,"8,1,69,2,2",147,6,[NULL]
2,"1,1,507,1,2",147,6,[NULL]
3,"1,1,506,1,2",147,6,[NULL]
4,"7,1,400,1,1",147,6,[NULL]
5,"2,1,526,1,1",147,6,[NULL]
6,"0,1,9,1,324,1,1",147,6,[NULL]
7,"3,1,506,1,0",147,6,[NULL]
0,"69,2,17",148,5,[NULL]
1,"526,1,2",148,5,[NULL]
2,"8,1,324,1,2",148,5,[NULL]
3,"1,1,508,1,2",148,5,[NULL]
4,"10,1,324,1,1",148,5,[NULL]
5,"2,1,527,1,1",148,5,[NULL]
6,"13,1,324,1,0",148,5,[NULL]
7,"2,1,548,1,0",148,5,[NULL]
0,908,149,4,[NULL]
1,"324,1,17",149,4,[NULL]
2,"527,1,2",149,4,[NULL]
3,"0,2,7,1,324,1,2",149,4,[NULL]
4,"11,1,324,1,1",149,4,[NULL]
5,"2,2,7,1,324,1,0",149,4,[NULL]
0,"7,1,324,1,3",150,3,[NULL]
1,"1,1,7,1,324,1,2",150,3,[NULL]
0,"0,3,858",103,51,[NULL]
0,909,104,50,[NULL]
0,"0,1,553,1,1",105,49,[NULL]
0,"578,1,0",106,48,[NULL]
0,"0,1,8,2,236,1,1",109,45,[NULL]
0,"8,1,325,1,2",110,44,[NULL]
1,"8,2,252,1,0",110,44,[NULL]
0,"8,1,326,1,2",111,43,[NULL]
0,"17,1,253,1,2",112,42,[NULL]
0,"528,1,2",113,41,[NULL]
0,"8,3,152,1,2",114,40,[NULL]
0,"8,3,153,1,2",115,39,[NULL]
1,"0,1,555,1,1",115,39,[NULL]
0,"402,1,8",116,38,[NULL]
1,"8,2,17,1,117,1,2",116,38,[NULL]
2,"8,1,402,1,0",116,38,[NULL]
0,"403,1,8",117,37,[NULL]
1,"8,2,223,1,2",117,37,[NULL]
0,"8,5,55,1,2",118,36,[NULL]
0,910,119,35,[NULL]
1,"8,5,56,1,2",119,35,[NULL]
0,"8,2,224,1,2",120,34,[NULL]
1,"8,4,17,1,40,1,2",120,34,[NULL]
2,"8,2,16,1,137,1,0",120,34,[NULL]
0,911,121,33,[NULL]
1,"8,2,225,1,2",121,33,[NULL]
2,"8,4,100,1,2",121,33,[NULL]
3,"0,1,16,1,244,1,2",121,33,[NULL]
0,912,122,32,[NULL]
1,"16,1,17,1,138,1,2",122,32,[NULL]
2,"8,7,9,1,2",122,32,[NULL]
3,"0,1,17,1,244,1,2",122,32,[NULL]
0,"8,1,257,1,7",123,31,[NULL]
1,"59,1,137,1,2",123,31,[NULL]
2,"17,2,138,1,2",123,31,[NULL]
3,"8,6,29,1,2",123,31,[NULL]
0,"17,1,206,1,7",124,30,[NULL]
1,"8,3,16,1,64,1,2",124,30,[NULL]
2,"8,5,9,1,23,1,2",124,30,[NULL]
0,"8,1,258,1,7",125,29,[NULL]
1,"8,3,17,1,64,1,2",125,29,[NULL]
2,"8,4,9,1,51,1,2",125,29,[NULL]
3,"0,1,64,1,137,1,1",125,29,[NULL]
0,"8,1,259,1,7",126,28,[NULL]
1,"8,3,154,1,2",126,28,[NULL]
2,"8,3,9,1,13,3,2",126,28,[NULL]
3,"1,2,491,1,2",126,28,[NULL]
4,"64,1,146,1,0",126,28,[NULL]
0,"8,2,180,1,7",127,27,[NULL]
1,"8,2,42,1,64,1,2",127,27,[NULL]
2,"8,2,9,1,13,2,32,1,2",127,27,[NULL]
3,"0,1,516,1,2",127,27,[NULL]
0,"8,1,9,1,167,1,7",128,26,[NULL]
1,"529,1,2",128,26,[NULL]
2,"8,1,9,1,13,3,23,1,2",128,26,[NULL]
3,"8,4,101,1,2",128,26,[NULL]
0,"9,1,248,1,7",129,25,[NULL]
1,"8,1,260,1,7",129,25,[NULL]
2,"9,1,13,3,51,1,2",129,25,[NULL]
3,"8,3,13,1,80,1,2",129,25,[NULL]
0,"13,5,28",130,24,[NULL]
1,"292,1,22",130,24,[NULL]
2,"13,1,219,1,10",130,24,[NULL]
3,"8,1,64,1,72,1,2",130,24,[NULL]
4,"8,2,23,1,101,1,2",130,24,[NULL]
5,"1,1,5,1,347,1,2",130,24,[NULL]
0,913,131,23,[NULL]
1,"8,1,327,1,2",131,23,[NULL]
2,"8,1,13,1,23,1,80,1,2",131,23,[NULL]
3,"0,1,8,1,316,1,2",131,23,[NULL]
4,"13,2,23,1,80,1,0",131,23,[NULL]
0,914,132,22,[NULL]
1,"66,1,204",132,22,[NULL]
2,"420,1,7",132,22,[NULL]
3,"17,1,255,1,2",132,22,[NULL]
4,"13,3,101,1,2",132,22,[NULL]
5,"0,1,9,1,292,1,2",132,22,[NULL]
0,915,133,21,[NULL]
1,"2,1,841",133,21,[NULL]
2,"3,1,774",133,21,[NULL]
3,"13,4,79",133,21,[NULL]
4,"346,1,14",133,21,[NULL]
5,"16,1,209,1,7",133,21,[NULL]
6,"530,1,2",133,21,[NULL]
7,"1,1,510,1,2",133,21,[NULL]
0,916,134,20,[NULL]
1,"0,3,865",134,20,[NULL]
2,"13,1,506",134,20,[NULL]
3,"13,2,67,1,42",134,20,[NULL]
4,"17,1,209,1,7",134,20,[NULL]
5,"8,1,9,1,212,1,2",134,20,[NULL]
6,"13,2,23,1,75,1,1",134,20,[NULL]
7,"1,1,18,1,260,1,0",134,20,[NULL]
0,917,135,19,[NULL]
1,"266,1,28",135,19,[NULL]
2,"302,1,21",135,19,[NULL]
3,"8,1,261,1,7",135,19,[NULL]
4,"9,1,13,1,188,1,2",135,19,[NULL]
5,"18,1,260,1,1",135,19,[NULL]
6,"13,2,23,1,76,1,1",135,19,[NULL]
7,"13,1,328,1,0",135,19,[NULL]
0,"209,1,50",136,18,[NULL]
1,"267,1,28",136,18,[NULL]
2,"423,1,7",136,18,[NULL]
3,"2,1,473,1,3",136,18,[NULL]
4,"13,1,286,1,2",136,18,[NULL]
5,"69,1,138,1,1",136,18,[NULL]
6,"0,1,561,1,1",136,18,[NULL]
7,"581,1,0",136,18,[NULL]
0,"268,1,28",137,17,[NULL]
1,"13,1,209,1,14",137,17,[NULL]
2,"13,1,287,1,2",137,17,[NULL]
3,"568,1,1",137,17,[NULL]
4,"582,1,0",137,17,[NULL]
0,"13,1,512",138,16,[NULL]
1,"67,1,75,1,14",138,16,[NULL]
2,"0,2,8,1,312,1,2",138,16,[NULL]
0,919,139,15,[NULL]
1,918,139,15,[NULL]
2,"0,1,7,1,606",139,15,[NULL]
3,"190,1,58",139,15,[NULL]
4,"425,1,7",139,15,[NULL]
5,"8,1,69,1,79,1,1",139,15,[NULL]
6,"13,1,331,1,0",139,15,[NULL]
0,921,140,14,[NULL]
1,920,140,14,[NULL]
2,"531,1,2",140,14,[NULL]
3,"13,1,288,1,2",140,14,[NULL]
4,"8,1,69,1,80,1,1",140,14,[NULL]
5,"0,1,8,1,366,1,1",140,14,[NULL]
6,"0,1,3,1,484,1,1",140,14,[NULL]
7,"13,1,332,1,0",140,14,[NULL]
8,"4,1,486,1,0",140,14,[NULL]
9,"3,2,425,1,0",140,14,[NULL]
0,923,141,13,[NULL]
1,922,141,13,[NULL]
2,"270,1,28",141,13,[NULL]
3,"533,1,2",141,13,[NULL]
4,"532,1,2",141,13,[NULL]
5,"8,1,333,1,2",141,13,[NULL]
6,"1,1,511,1,2",141,13,[NULL]
7,"0,1,2,1,486,1,2",141,13,[NULL]
8,"0,1,3,1,485,1,1",141,13,[NULL]
9,"8,1,414,1,0",141,13,[NULL]
10,"7,1,425,1,0",141,13,[NULL]
0,925,142,12,[NULL]
1,924,142,12,[NULL]
2,"0,1,903",142,12,[NULL]
3,"333,1,17",142,12,[NULL]
4,"534,1,2",142,12,[NULL]
5,"43,1,174,1,2",142,12,[NULL]
6,"7,1,351,1,2",142,12,[NULL]
7,"0,2,7,1,333,1,2",142,12,[NULL]
8,"569,1,1",142,12,[NULL]
0,927,143,11,[NULL]
1,926,143,11,[NULL]
2,"352,1,14",143,11,[NULL]
3,"429,1,7",143,11,[NULL]
4,"0,1,521,1,2",143,11,[NULL]
5,"0,2,513,1,2",143,11,[NULL]
6,"570,1,1",143,11,[NULL]
7,"1,1,571,1,0",143,11,[NULL]
0,928,144,10,[NULL]
1,"3,1,784",144,10,[NULL]
2,"3,1,783",144,10,[NULL]
3,"69,1,75,1,14",144,10,[NULL]
4,"376,1,12",144,10,[NULL]
5,"3,2,352,1,2",144,10,[NULL]
6,"1,1,513,1,2",144,10,[NULL]
7,"0,1,523,1,2",144,10,[NULL]
8,"7,1,414,1,1",144,10,[NULL]
9,"2,1,69,1,134,1,0",144,10,[NULL]
10,"1,1,7,1,415,1,0",144,10,[NULL]
0,930,145,9,[NULL]
1,929,145,9,[NULL]
2,"3,1,786",145,9,[NULL]
3,"3,1,785",145,9,[NULL]
4,"69,1,76,1,14",145,9,[NULL]
5,"535,1,2",145,9,[NULL]
6,"7,1,352,1,2",145,9,[NULL]
7,"0,1,524,1,2",145,9,[NULL]
8,"7,1,415,1,1",145,9,[NULL]
0,931,146,8,[NULL]
1,"3,2,637",146,8,[NULL]
2,"2,1,7,1,566",146,8,[NULL]
3,"7,1,353,1,2",146,8,[NULL]
4,"18,1,264,1,1",146,8,[NULL]
5,"7,1,430,1,0",146,8,[NULL]
0,932,147,7,[NULL]
1,"7,1,638",147,7,[NULL]
2,"7,1,637",147,7,[NULL]
3,"7,1,636",147,7,[NULL]
4,"0,1,8,1,69,2,2",147,7,[NULL]
5,"584,1,0",147,7,[NULL]
0,"7,1,640",148,6,[NULL]
1,"18,1,434",148,6,[NULL]
2,"0,1,69,2,17",148,6,[NULL]
3,"0,1,526,1,2",148,6,[NULL]
4,"0,1,8,1,324,1,2",148,6,[NULL]
0,933,149,5,[NULL]
1,"69,2,18",149,5,[NULL]
2,"0,1,324,1,17",149,5,[NULL]
3,"0,3,7,1,324,1,2",149,5,[NULL]
0,"324,1,18",150,4,[NULL]
1,"7,1,324,1,4",150,4,[NULL]
0,"1,1,515,1,2",105,50,[NULL]
1,"1,2,553,1,0",105,50,[NULL]
0,"536,1,2",106,49,[NULL]
0,"431,1,7",108,47,[NULL]
0,"296,1,22",109,46,[NULL]
0,"0,1,8,1,325,1,2",110,45,[NULL]
0,934,111,44,[NULL]
1,"0,1,8,1,326,1,2",111,44,[NULL]
0,"8,2,182,1,7",112,43,[NULL]
1,"0,1,17,1,253,1,2",112,43,[NULL]
0,"8,2,183,1,7",113,42,[NULL]
0,"16,1,17,1,111,1,7",114,41,[NULL]
0,"8,1,265,1,7",115,40,[NULL]
0,"0,1,402,1,8",116,39,[NULL]
1,"8,4,71,1,7",116,39,[NULL]
0,"0,1,403,1,8",117,38,[NULL]
1,"8,3,16,1,50,1,7",117,38,[NULL]
0,"432,1,7",118,37,[NULL]
1,"8,3,17,1,50,1,7",118,37,[NULL]
2,"5,1,452,1,0",118,37,[NULL]
0,"433,1,7",119,36,[NULL]
1,"8,3,125,1,7",119,36,[NULL]
2,"452,1,6",119,36,[NULL]
0,"225,1,47",120,35,[NULL]
1,"8,6,16,1,7",120,35,[NULL]
2,"0,1,8,2,224,1,2",120,35,[NULL]
0,"8,6,17,1,7",121,34,[NULL]
1,"0,1,8,2,225,1,2",121,34,[NULL]
2,"0,2,16,1,244,1,2",121,34,[NULL]
3,"1,1,572,1,0",121,34,[NULL]
0,"8,2,184,1,7",122,33,[NULL]
1,"8,4,16,1,23,1,7",122,33,[NULL]
2,"0,1,16,1,17,1,138,1,2",122,33,[NULL]
3,"0,2,17,1,244,1,2",122,33,[NULL]
0,"8,2,185,1,7",123,32,[NULL]
1,"8,5,42,1,7",123,32,[NULL]
2,"0,1,17,2,138,1,2",123,32,[NULL]
0,"8,1,17,1,147,1,7",124,31,[NULL]
1,"8,5,13,2,7",124,31,[NULL]
0,"17,2,113,1,7",125,30,[NULL]
1,"8,4,13,1,32,1,7",125,30,[NULL]
2,"1,2,64,1,137,1,0",125,30,[NULL]
0,"8,3,13,2,23,1,7",126,29,[NULL]
1,"8,4,72,1,7",126,29,[NULL]
0,"8,2,13,2,51,1,7",127,28,[NULL]
1,"8,3,127,1,7",127,28,[NULL]
2,"0,2,516,1,2",127,28,[NULL]
0,"64,2,22",128,27,[NULL]
1,"8,1,13,5,7",128,27,[NULL]
2,"8,2,20,1,80,1,7",128,27,[NULL]
3,"0,1,529,1,2",128,27,[NULL]
0,"299,1,22",129,26,[NULL]
1,"13,4,32,1,7",129,26,[NULL]
2,"8,2,186,1,7",129,26,[NULL]
3,"8,1,380,1,1",129,26,[NULL]
0,"13,4,23,1,14",130,25,[NULL]
1,"434,1,7",130,25,[NULL]
2,"8,1,9,1,13,1,101,1,7",130,25,[NULL]
3,"17,1,278,1,1",130,25,[NULL]
0,"13,4,24,1,14",131,24,[NULL]
1,"435,1,7",131,24,[NULL]
2,"9,1,13,2,80,1,7",131,24,[NULL]
3,"0,2,8,1,316,1,2",131,24,[NULL]
4,"13,2,194,1,1",131,24,[NULL]
0,"13,1,517",132,23,[NULL]
1,"13,1,23,1,101,1,10",132,23,[NULL]
2,"8,2,187,1,7",132,23,[NULL]
3,"0,2,9,1,292,1,2",132,23,[NULL]
4,"13,1,23,1,150,1,1",132,23,[NULL]
0,"8,2,188,1,7",133,22,[NULL]
1,"0,1,530,1,2",133,22,[NULL]
2,"2,1,537,1,1",133,22,[NULL]
3,"585,1,0",133,22,[NULL]
4,"13,2,23,1,83,1,0",133,22,[NULL]
0,"1,1,898",134,21,[NULL]
1,"8,1,267,1,7",134,21,[NULL]
2,"537,1,2",134,21,[NULL]
3,"13,3,105,1,2",134,21,[NULL]
4,"2,1,538,1,1",134,21,[NULL]
5,"586,1,0",134,21,[NULL]
0,"357,1,14",135,20,[NULL]
1,"23,1,188,1,7",135,20,[NULL]
2,"538,1,2",135,20,[NULL]
3,"9,1,13,1,23,1,75,1,2",135,20,[NULL]
4,"0,1,18,1,260,1,1",135,20,[NULL]
5,"587,1,0",135,20,[NULL]
0,"13,2,95,1,28",136,19,[NULL]
1,"359,1,14",136,19,[NULL]
2,"13,1,212,1,14",136,19,[NULL]
3,"1,1,519,1,2",136,19,[NULL]
4,"0,1,13,1,286,1,2",136,19,[NULL]
5,"18,1,278,1,0",136,19,[NULL]
6,"1,2,561,1,0",136,19,[NULL]
0,935,137,18,[NULL]
1,"328,1,18",137,18,[NULL]
2,"360,1,14",137,18,[NULL]
3,"539,1,2",137,18,[NULL]
0,936,138,17,[NULL]
1,"285,1,26",138,17,[NULL]
2,"418,1,8",138,17,[NULL]
3,"439,1,7",138,17,[NULL]
0,937,139,16,[NULL]
1,"0,1,919",139,16,[NULL]
2,"209,1,51",139,16,[NULL]
3,"13,1,213,1,14",139,16,[NULL]
4,"7,2,267,1,1",139,16,[NULL]
5,"13,1,335,1,0",139,16,[NULL]
0,"181,1,63",140,15,[NULL]
1,"335,1,17",140,15,[NULL]
2,"363,1,14",140,15,[NULL]
3,"408,1,10",140,15,[NULL]
4,"8,1,69,1,72,1,2",140,15,[NULL]
5,"8,1,69,1,89,1,0",140,15,[NULL]
0,938,141,14,[NULL]
1,"336,1,17",141,14,[NULL]
2,"8,1,337,1,2",141,14,[NULL]
3,"3,2,363,1,2",141,14,[NULL]
4,"0,1,533,1,2",141,14,[NULL]
5,"0,1,8,1,333,1,2",141,14,[NULL]
6,"0,2,2,1,486,1,2",141,14,[NULL]
7,"2,1,540,1,1",141,14,[NULL]
0,"0,1,925",142,13,[NULL]
1,"442,1,7",142,13,[NULL]
2,"540,1,2",142,13,[NULL]
3,"8,1,338,1,2",142,13,[NULL]
4,"0,1,534,1,2",142,13,[NULL]
5,"0,1,43,1,174,1,2",142,13,[NULL]
6,"0,1,7,1,351,1,2",142,13,[NULL]
7,"0,3,7,1,333,1,2",142,13,[NULL]
8,"589,1,0",142,13,[NULL]
9,"1,1,575,1,0",142,13,[NULL]
0,"7,1,650",143,12,[NULL]
1,"74,1,193",143,12,[NULL]
2,"121,1,123",143,12,[NULL]
3,"443,1,7",143,12,[NULL]
4,"542,1,2",143,12,[NULL]
5,"541,1,2",143,12,[NULL]
6,"0,2,521,1,2",143,12,[NULL]
7,"575,1,1",143,12,[NULL]
8,"2,1,543,1,1",143,12,[NULL]
9,"590,1,0",143,12,[NULL]
0,939,144,11,[NULL]
1,"128,1,114",144,11,[NULL]
2,"367,1,14",144,11,[NULL]
3,"445,1,7",144,11,[NULL]
4,"521,1,3",144,11,[NULL]
5,"543,1,2",144,11,[NULL]
6,"3,1,463,1,2",144,11,[NULL]
7,"0,2,523,1,2",144,11,[NULL]
8,"2,1,544,1,1",144,11,[NULL]
9,"0,1,7,1,414,1,1",144,11,[NULL]
10,"591,1,0",144,11,[NULL]
11,"3,1,521,1,0",144,11,[NULL]
12,"1,1,3,1,504,1,0",144,11,[NULL]
0,941,145,10,[NULL]
1,940,145,10,[NULL]
2,"130,1,114",145,10,[NULL]
3,"69,1,75,1,15",145,10,[NULL]
4,"523,1,3",145,10,[NULL]
5,"544,1,2",145,10,[NULL]
6,"7,1,366,1,2",145,10,[NULL]
7,"1,1,523,1,2",145,10,[NULL]
8,"0,1,7,1,352,1,2",145,10,[NULL]
9,"0,2,524,1,2",145,10,[NULL]
10,"3,1,504,1,1",145,10,[NULL]
11,"0,1,7,1,415,1,1",145,10,[NULL]
12,"14,1,324,1,0",145,10,[NULL]
13,"3,1,523,1,0",145,10,[NULL]
14,"2,1,565,1,0",145,10,[NULL]
0,"7,1,657",146,9,[NULL]
1,"69,1,207",146,9,[NULL]
2,"324,1,19",146,9,[NULL]
3,"339,1,17",146,9,[NULL]
4,"368,1,14",146,9,[NULL]
5,"396,1,12",146,9,[NULL]
6,"398,1,11",146,9,[NULL]
7,"524,1,3",146,9,[NULL]
8,"545,1,2",146,9,[NULL]
9,"7,1,367,1,2",146,9,[NULL]
10,"1,1,524,1,2",146,9,[NULL]
11,"576,1,1",146,9,[NULL]
12,"3,1,524,1,0",146,9,[NULL]
13,"2,1,566,1,0",146,9,[NULL]
14,"2,1,7,1,396,1,0",146,9,[NULL]
15,"1,1,577,1,0",146,9,[NULL]
0,"7,1,661",147,8,[NULL]
1,"69,1,208",147,8,[NULL]
2,"132,1,114",147,8,[NULL]
3,"142,1,100",147,8,[NULL]
4,"340,1,17",147,8,[NULL]
5,"398,1,12",147,8,[NULL]
6,"525,1,3",147,8,[NULL]
7,"547,1,2",147,8,[NULL]
8,"546,1,2",147,8,[NULL]
9,"1,1,525,1,2",147,8,[NULL]
10,"0,2,8,1,69,2,2",147,8,[NULL]
11,"577,1,1",147,8,[NULL]
12,"2,1,7,1,368,1,1",147,8,[NULL]
13,"13,1,341,1,0",147,8,[NULL]
14,"3,1,525,1,0",147,8,[NULL]
15,"2,1,7,1,398,1,0",147,8,[NULL]
0,943,148,7,[NULL]
1,942,148,7,[NULL]
2,"7,1,664",148,7,[NULL]
3,"400,1,12",148,7,[NULL]
4,"7,1,368,1,2",148,7,[NULL]
5,"1,1,8,1,69,2,2",148,7,[NULL]
6,"1,2,506,1,2",148,7,[NULL]
7,"0,2,526,1,2",148,7,[NULL]
8,"0,2,8,1,324,1,2",148,7,[NULL]
9,"592,1,0",148,7,[NULL]
10,"7,1,446,1,0",148,7,[NULL]
11,"2,1,7,1,400,1,0",148,7,[NULL]
12,"1,1,3,1,506,1,0",148,7,[NULL]
0,"7,1,666",149,6,[NULL]
1,"3,1,324,1,8",149,6,[NULL]
2,"526,1,3",149,6,[NULL]
3,"2,1,506,1,2",149,6,[NULL]
4,"1,1,8,1,324,1,2",149,6,[NULL]
5,"3,1,506,1,1",149,6,[NULL]
6,"593,1,0",149,6,[NULL]
7,"2,2,527,1,0",149,6,[NULL]
8,"1,1,13,1,324,1,0",149,6,[NULL]
0,"2,1,324,1,14",150,5,[NULL]
1,"527,1,3",150,5,[NULL]
2,"1,1,527,1,2",150,5,[NULL]
3,"13,1,324,1,1",150,5,[NULL]
4,"2,1,548,1,1",150,5,[NULL]
5,"2,1,11,1,324,1,0",150,5,[NULL]
0,"324,1,20",151,4,[NULL]
1,"548,1,2",151,4,[NULL]
2,"1,2,7,1,324,1,2",151,4,[NULL]
3,"2,2,7,1,324,1,1",151,4,[NULL]
0,"2,1,7,1,324,1,2",152,3,[NULL]
0,"594,1,0",105,51,[NULL]
0,"0,1,536,1,2",106,50,[NULL]
0,"578,1,1",108,48,[NULL]
0,"579,1,1",109,47,[NULL]
0,"0,2,8,1,325,1,2",110,46,[NULL]
0,"0,2,8,1,326,1,2",111,45,[NULL]
0,"0,2,402,1,8",116,40,[NULL]
0,"0,2,403,1,8",117,39,[NULL]
1,"5,1,402,1,2",117,39,[NULL]
0,"8,1,402,1,1",118,38,[NULL]
0,"0,1,452,1,6",119,37,[NULL]
1,"8,1,403,1,1",119,37,[NULL]
0,"0,2,8,2,224,1,2",120,36,[NULL]
1,"595,1,0",120,36,[NULL]
0,"0,2,8,2,225,1,2",121,35,[NULL]
0,"596,1,0",122,34,[NULL]
0,"8,2,16,1,138,1,1",123,33,[NULL]
0,"8,1,343,1,2",124,32,[NULL]
1,"1,1,59,1,137,1,2",124,32,[NULL]
0,"17,1,257,1,2",125,31,[NULL]
0,"491,1,5",126,30,[NULL]
1,"8,1,344,1,2",126,30,[NULL]
0,"8,1,345,1,2",127,29,[NULL]
1,"0,3,516,1,2",127,29,[NULL]
0,"8,3,160,1,2",128,28,[NULL]
1,"64,1,146,1,1",128,28,[NULL]
0,"8,2,232,1,2",129,27,[NULL]
1,"64,1,147,1,1",129,27,[NULL]
2,"0,1,8,1,380,1,1",129,27,[NULL]
0,"16,1,260,1,2",130,26,[NULL]
1,"8,2,233,1,2",130,26,[NULL]
2,"64,1,149,1,0",130,26,[NULL]
3,"8,2,260,1,0",130,26,[NULL]
0,"17,1,260,1,2",131,25,[NULL]
1,"8,1,9,1,219,1,2",131,25,[NULL]
0,"13,3,32,1,42",132,24,[NULL]
1,"9,1,13,1,194,1,2",132,24,[NULL]
0,944,133,23,[NULL]
1,"13,1,167,1,28",133,23,[NULL]
2,"549,1,2",133,23,[NULL]
3,"13,2,23,1,80,1,1",133,23,[NULL]
4,"600,1,0",133,23,[NULL]
5,"8,1,420,1,0",133,23,[NULL]
0,"2,1,879",134,22,[NULL]
1,"8,1,347,1,2",134,22,[NULL]
2,"8,1,346,1,2",134,22,[NULL]
3,"13,1,346,1,0",134,22,[NULL]
0,"1,1,916",135,21,[NULL]
1,"17,1,209,1,8",135,21,[NULL]
2,"550,1,2",135,21,[NULL]
3,"13,1,292,1,2",135,21,[NULL]
4,"1,2,18,1,260,1,0",135,21,[NULL]
0,945,136,20,[NULL]
1,"167,1,79",136,20,[NULL]
2,"13,2,133,1,14",136,20,[NULL]
3,"422,1,8",136,20,[NULL]
4,"551,1,2",136,20,[NULL]
5,"8,1,348,1,2",136,20,[NULL]
6,"603,1,0",136,20,[NULL]
0,946,137,19,[NULL]
1,"168,1,79",137,19,[NULL]
2,"169,1,78",137,19,[NULL]
3,"13,2,134,1,14",137,19,[NULL]
4,"8,1,350,1,2",137,19,[NULL]
5,"0,1,539,1,2",137,19,[NULL]
6,"13,1,328,1,1",137,19,[NULL]
7,"42,1,209,1,0",137,19,[NULL]
0,947,138,18,[NULL]
1,"212,1,51",138,18,[NULL]
2,"0,1,418,1,8",138,18,[NULL]
3,"448,1,7",138,18,[NULL]
4,"8,1,13,1,209,1,2",138,18,[NULL]
5,"1,1,13,1,287,1,2",138,18,[NULL]
6,"581,1,1",138,18,[NULL]
7,"13,2,209,1,0",138,18,[NULL]
0,"170,1,79",139,17,[NULL]
1,"188,1,64",139,17,[NULL]
2,"189,1,63",139,17,[NULL]
3,"449,1,7",139,17,[NULL]
4,"13,1,294,1,2",139,17,[NULL]
5,"2,1,7,1,328,1,2",139,17,[NULL]
6,"582,1,1",139,17,[NULL]
7,"13,1,67,1,75,1,0",139,17,[NULL]
0,948,140,16,[NULL]
1,"7,1,672",140,16,[NULL]
2,"32,1,355",140,16,[NULL]
3,"314,1,22",140,16,[NULL]
4,"425,1,8",140,16,[NULL]
5,"552,1,2",140,16,[NULL]
6,"13,2,181,1,2",140,16,[NULL]
7,"0,1,8,1,69,1,72,1,2",140,16,[NULL]
8,"604,1,0",140,16,[NULL]
0,949,141,15,[NULL]
1,"18,1,444",141,15,[NULL]
2,"213,1,51",141,15,[NULL]
3,"335,1,18",141,15,[NULL]
4,"8,1,351,1,2",141,15,[NULL]
5,"1,1,531,1,2",141,15,[NULL]
6,"0,1,8,1,337,1,2",141,15,[NULL]
7,"0,2,533,1,2",141,15,[NULL]
8,"0,2,8,1,333,1,2",141,15,[NULL]
9,"13,1,331,1,1",141,15,[NULL]
0,950,142,14,[NULL]
1,"281,1,28",142,14,[NULL]
2,"428,1,8",142,14,[NULL]
3,"18,1,209,1,7",142,14,[NULL]
4,"1,1,533,1,2",142,14,[NULL]
5,"0,1,540,1,2",142,14,[NULL]
6,"0,1,8,1,338,1,2",142,14,[NULL]
7,"0,2,534,1,2",142,14,[NULL]
8,"13,1,332,1,1",142,14,[NULL]
0,951,143,13,[NULL]
1,"7,1,678",143,13,[NULL]
2,"239,1,43",143,13,[NULL]
3,"282,1,28",143,13,[NULL]
4,"450,1,7",143,13,[NULL]
5,"43,1,174,1,3",143,13,[NULL]
6,"8,1,414,1,1",143,13,[NULL]
7,"0,1,575,1,1",143,13,[NULL]
0,954,144,12,[NULL]
1,953,144,12,[NULL]
2,952,144,12,[NULL]
3,"13,1,69,1,104",144,12,[NULL]
4,"190,1,68",144,12,[NULL]
5,"373,1,14",144,12,[NULL]
6,"7,1,371,1,2",144,12,[NULL]
7,"3,1,477,1,2",144,12,[NULL]
8,"0,1,543,1,2",144,12,[NULL]
9,"8,1,415,1,1",144,12,[NULL]
10,"2,1,570,1,0",144,12,[NULL]
0,956,145,11,[NULL]
1,955,145,11,[NULL]
2,"0,1,940",145,11,[NULL]
3,"69,1,212",145,11,[NULL]
4,"352,1,17",145,11,[NULL]
5,"376,1,14",145,11,[NULL]
6,"1,2,513,1,2",145,11,[NULL]
7,"0,1,544,1,2",145,11,[NULL]
8,"0,1,7,1,366,1,2",145,11,[NULL]
9,"0,1,3,1,504,1,1",145,11,[NULL]
10,"13,1,69,1,75,1,0",145,11,[NULL]
11,"7,1,450,1,0",145,11,[NULL]
0,957,146,10,[NULL]
1,"3,1,814",146,10,[NULL]
2,"7,1,681",146,10,[NULL]
3,"0,1,7,1,657",146,10,[NULL]
4,"18,1,450",146,10,[NULL]
5,"43,1,301",146,10,[NULL]
6,"0,1,324,1,19",146,10,[NULL]
7,"69,1,133,1,2",146,10,[NULL]
8,"1,1,535,1,2",146,10,[NULL]
9,"0,1,7,1,367,1,2",146,10,[NULL]
10,"2,1,69,1,134,1,1",146,10,[NULL]
11,"13,1,69,1,76,1,0",146,10,[NULL]
12,"3,1,535,1,0",146,10,[NULL]
0,960,147,9,[NULL]
1,959,147,9,[NULL]
2,958,147,9,[NULL]
3,"3,1,815",147,9,[NULL]
4,"7,1,684",147,9,[NULL]
5,"0,1,7,1,661",147,9,[NULL]
6,"0,1,340,1,17",147,9,[NULL]
7,"368,1,15",147,9,[NULL]
8,"69,1,134,1,2",147,9,[NULL]
9,"3,1,480,1,2",147,9,[NULL]
10,"0,1,546,1,2",147,9,[NULL]
11,"0,1,577,1,1",147,9,[NULL]
12,"2,1,18,1,264,1,0",147,9,[NULL]
0,963,148,8,[NULL]
1,962,148,8,[NULL]
2,961,148,8,[NULL]
3,"0,1,943",148,8,[NULL]
4,"3,1,818",148,8,[NULL]
5,"3,2,686",148,8,[NULL]
6,"13,1,540",148,8,[NULL]
7,"18,1,452",148,8,[NULL]
8,"0,3,526,1,2",148,8,[NULL]
0,964,149,7,[NULL]
1,"7,1,686",149,7,[NULL]
2,"2,1,7,1,594",149,7,[NULL]
3,"8,1,324,1,4",149,7,[NULL]
4,"0,1,2,1,506,1,2",149,7,[NULL]
5,"584,1,1",149,7,[NULL]
6,"0,1,3,1,506,1,1",149,7,[NULL]
0,965,150,6,[NULL]
1,"7,1,688",150,6,[NULL]
2,"527,1,4",150,6,[NULL]
3,"9,1,69,2,2",150,6,[NULL]
4,"7,1,378,1,2",150,6,[NULL]
5,"0,1,13,1,324,1,1",150,6,[NULL]
6,"605,1,0",150,6,[NULL]
0,"69,2,21",151,5,[NULL]
1,"3,1,324,1,10",151,5,[NULL]
2,"9,1,324,1,2",151,5,[NULL]
3,"0,1,548,1,2",151,5,[NULL]
4,"4,1,7,1,324,1,0",151,5,[NULL]
0,"324,1,21",152,4,[NULL]
1,"0,1,2,1,7,1,324,1,2",152,4,[NULL]
0,966,105,52,[NULL]
0,"0,2,536,1,2",106,51,[NULL]
0,"0,1,578,1,1",108,49,[NULL]
0,"553,1,2",109,48,[NULL]
1,"8,1,431,1,0",109,48,[NULL]
0,"554,1,2",110,47,[NULL]
0,"606,1,0",112,45,[NULL]
0,"8,2,236,1,2",113,44,[NULL]
0,"8,1,16,1,183,1,2",114,43,[NULL]
0,"8,1,17,1,183,1,2",115,42,[NULL]
0,"0,3,402,1,8",116,41,[NULL]
1,"8,1,354,1,2",116,41,[NULL]
0,"0,3,403,1,8",117,40,[NULL]
1,"8,4,110,1,2",117,40,[NULL]
0,"8,4,111,1,2",118,39,[NULL]
1,"0,1,8,1,402,1,1",118,39,[NULL]
0,"555,1,2",119,38,[NULL]
1,"8,2,16,1,17,1,50,1,2",119,38,[NULL]
2,"8,1,432,1,0",119,38,[NULL]
3,"1,1,5,1,452,1,0",119,38,[NULL]
0,"556,1,2",120,37,[NULL]
1,"8,3,161,1,2",120,37,[NULL]
0,"8,6,31,1,2",121,36,[NULL]
0,"452,1,7",122,35,[NULL]
1,"8,5,16,1,17,1,2",122,35,[NULL]
0,"8,2,237,1,2",123,34,[NULL]
1,"8,5,17,2,2",123,34,[NULL]
2,"8,3,184,1,0",123,34,[NULL]
0,"245,1,38",124,33,[NULL]
1,"8,2,238,1,2",124,33,[NULL]
2,"8,5,60,1,2",124,33,[NULL]
0,"453,1,7",125,32,[NULL]
1,"8,1,17,1,185,1,2",125,32,[NULL]
2,"8,7,13,1,2",125,32,[NULL]
0,"8,1,16,1,149,1,7",126,31,[NULL]
1,"17,2,147,1,2",126,31,[NULL]
2,"8,6,32,1,2",126,31,[NULL]
0,"8,1,17,1,149,1,7",127,30,[NULL]
1,"8,4,112,1,2",127,30,[NULL]
2,"8,5,13,1,23,1,2",127,30,[NULL]
0,967,128,29,[NULL]
1,"8,1,277,1,7",128,29,[NULL]
2,"8,4,113,1,2",128,29,[NULL]
3,"8,4,13,1,51,1,2",128,29,[NULL]
0,"8,2,193,1,7",129,28,[NULL]
1,"64,1,137,1,2",129,28,[NULL]
2,"8,3,162,1,2",129,28,[NULL]
3,"8,3,13,4,2",129,28,[NULL]
4,"16,1,64,2,0",129,28,[NULL]
0,"8,2,194,1,7",130,27,[NULL]
1,"64,1,138,1,2",130,27,[NULL]
2,"8,2,23,1,113,1,2",130,27,[NULL]
3,"8,2,13,3,32,1,2",130,27,[NULL]
4,"0,1,16,1,260,1,2",130,27,[NULL]
0,"8,1,13,1,167,1,7",131,26,[NULL]
1,"557,1,2",131,26,[NULL]
2,"8,1,13,4,23,1,2",131,26,[NULL]
3,"8,3,9,1,101,1,2",131,26,[NULL]
4,"0,1,17,1,260,1,2",131,26,[NULL]
5,"13,5,23,1,0",131,26,[NULL]
0,"149,1,95",132,25,[NULL]
1,"300,1,23",132,25,[NULL]
2,"13,1,248,1,7",132,25,[NULL]
3,"8,1,278,1,7",132,25,[NULL]
4,"559,1,2",132,25,[NULL]
5,"558,1,2",132,25,[NULL]
6,"13,4,51,1,2",132,25,[NULL]
7,"8,2,9,1,13,1,80,1,2",132,25,[NULL]
8,"13,5,24,1,0",132,25,[NULL]
0,968,133,24,[NULL]
1,"0,1,944",133,24,[NULL]
2,"13,1,219,1,14",133,24,[NULL]
3,"454,1,7",133,24,[NULL]
4,"13,4,52,1,2",133,24,[NULL]
5,"8,1,16,1,187,1,2",133,24,[NULL]
6,"8,1,9,1,23,1,101,1,2",133,24,[NULL]
0,"23,1,417",134,23,[NULL]
1,"292,1,25",134,23,[NULL]
2,"13,1,220,1,14",134,23,[NULL]
3,"455,1,7",134,23,[NULL]
4,"9,1,13,1,23,1,80,1,2",134,23,[NULL]
5,"8,1,16,1,188,1,2",134,23,[NULL]
6,"0,1,8,1,346,1,2",134,23,[NULL]
7,"1,1,585,1,0",134,23,[NULL]
0,970,135,22,[NULL]
1,969,135,22,[NULL]
2,"420,1,10",135,22,[NULL]
3,"0,1,17,1,209,1,8",135,22,[NULL]
4,"537,1,3",135,22,[NULL]
5,"8,1,17,1,188,1,2",135,22,[NULL]
6,"0,1,13,1,292,1,2",135,22,[NULL]
7,"585,1,1",135,22,[NULL]
8,"13,2,23,1,83,1,1",135,22,[NULL]
9,"2,2,538,1,0",135,22,[NULL]
10,"1,1,586,1,0",135,22,[NULL]
0,971,136,21,[NULL]
1,"8,1,279,1,7",136,21,[NULL]
2,"538,1,3",136,21,[NULL]
3,"42,1,187,1,2",136,21,[NULL]
4,"17,1,267,1,2",136,21,[NULL]
5,"0,1,551,1,2",136,21,[NULL]
6,"586,1,1",136,21,[NULL]
7,"13,1,357,1,0",136,21,[NULL]
8,"1,1,587,1,0",136,21,[NULL]
0,"8,1,280,1,7",137,20,[NULL]
1,"13,1,303,1,2",137,20,[NULL]
2,"8,1,13,1,212,1,2",137,20,[NULL]
3,"0,2,539,1,2",137,20,[NULL]
4,"587,1,1",137,20,[NULL]
5,"608,1,0",137,20,[NULL]
6,"13,2,212,1,0",137,20,[NULL]
0,"13,2,75,1,42",138,19,[NULL]
1,"9,1,261,1,7",138,19,[NULL]
2,"481,1,6",138,19,[NULL]
3,"539,1,3",138,19,[NULL]
4,"13,2,188,1,2",138,19,[NULL]
5,"9,1,328,1,2",138,19,[NULL]
6,"18,1,278,1,1",138,19,[NULL]
7,"13,1,360,1,0",138,19,[NULL]
0,"286,1,28",139,18,[NULL]
1,"423,1,10",139,18,[NULL]
2,"560,1,2",139,18,[NULL]
3,"13,2,189,1,2",139,18,[NULL]
4,"69,1,147,1,1",139,18,[NULL]
5,"0,1,582,1,1",139,18,[NULL]
6,"611,1,0",139,18,[NULL]
7,"610,1,0",139,18,[NULL]
0,"141,1,105",140,17,[NULL]
1,"287,1,28",140,17,[NULL]
2,"385,1,14",140,17,[NULL]
3,"561,1,2",140,17,[NULL]
4,"612,1,0",140,17,[NULL]
5,"13,2,213,1,0",140,17,[NULL]
0,"7,1,689",141,16,[NULL]
1,"67,1,215",141,16,[NULL]
2,"13,2,190,1,2",141,16,[NULL]
3,"0,2,8,1,337,1,2",141,16,[NULL]
4,"13,1,335,1,1",141,16,[NULL]
0,"363,1,17",142,15,[NULL]
1,"9,1,331,1,2",142,15,[NULL]
2,"7,1,385,1,2",142,15,[NULL]
3,"0,2,540,1,2",142,15,[NULL]
4,"614,1,0",142,15,[NULL]
0,"288,1,28",143,14,[NULL]
1,"365,1,17",143,14,[NULL]
2,"540,1,3",143,14,[NULL]
3,"43,1,189,1,2",143,14,[NULL]
4,"1,1,540,1,2",143,14,[NULL]
5,"0,1,8,1,414,1,1",143,14,[NULL]
6,"3,1,540,1,0",143,14,[NULL]
7,"1,2,575,1,0",143,14,[NULL]
0,972,144,13,[NULL]
1,"174,1,79",144,13,[NULL]
2,"541,1,3",144,13,[NULL]
3,"8,1,366,1,2",144,13,[NULL]
4,"3,1,484,1,2",144,13,[NULL]
5,"0,2,543,1,2",144,13,[NULL]
6,"589,1,1",144,13,[NULL]
7,"9,1,373,1,1",144,13,[NULL]
8,"8,1,443,1,0",144,13,[NULL]
9,"7,1,459,1,0",144,13,[NULL]
10,"1,1,590,1,0",144,13,[NULL]
0,"128,1,123",145,12,[NULL]
1,"373,1,15",145,12,[NULL]
2,"390,1,14",145,12,[NULL]
3,"543,1,3",145,12,[NULL]
4,"8,1,367,1,2",145,12,[NULL]
5,"3,1,485,1,2",145,12,[NULL]
6,"1,1,543,1,2",145,12,[NULL]
7,"0,2,544,1,2",145,12,[NULL]
8,"0,2,7,1,366,1,2",145,12,[NULL]
9,"590,1,1",145,12,[NULL]
10,"3,1,543,1,0",145,12,[NULL]
11,"2,2,544,1,0",145,12,[NULL]
12,"1,1,591,1,0",145,12,[NULL]
0,973,146,11,[NULL]
1,"3,1,836",146,11,[NULL]
2,"7,1,693",146,11,[NULL]
3,"376,1,15",146,11,[NULL]
4,"392,1,14",146,11,[NULL]
5,"69,1,95,1,10",146,11,[NULL]
6,"544,1,3",146,11,[NULL]
7,"562,1,2",146,11,[NULL]
8,"43,1,191,1,2",146,11,[NULL]
9,"2,1,521,1,2",146,11,[NULL]
10,"1,1,544,1,2",146,11,[NULL]
11,"0,2,7,1,367,1,2",146,11,[NULL]
12,"616,1,0",146,11,[NULL]
13,"615,1,0",146,11,[NULL]
14,"3,1,544,1,0",146,11,[NULL]
15,"1,1,14,1,324,1,0",146,11,[NULL]
0,975,147,10,[NULL]
1,974,147,10,[NULL]
2,"43,1,313",147,10,[NULL]
3,"13,1,69,1,107",147,10,[NULL]
4,"397,1,14",147,10,[NULL]
5,"446,1,8",147,10,[NULL]
6,"564,1,2",147,10,[NULL]
7,"563,1,2",147,10,[NULL]
8,"2,1,523,1,2",147,10,[NULL]
9,"1,1,545,1,2",147,10,[NULL]
10,"0,2,546,1,2",147,10,[NULL]
11,"3,1,523,1,1",147,10,[NULL]
12,"2,1,565,1,1",147,10,[NULL]
13,"13,1,368,1,0",147,10,[NULL]
14,"1,1,3,1,524,1,0",147,10,[NULL]
15,"1,2,577,1,0",147,10,[NULL]
0,976,148,9,[NULL]
1,"3,1,838",148,9,[NULL]
2,"69,2,22",148,9,[NULL]
3,"69,1,76,1,18",148,9,[NULL]
4,"398,1,14",148,9,[NULL]
5,"546,1,3",148,9,[NULL]
6,"565,1,2",148,9,[NULL]
7,"7,1,394,1,2",148,9,[NULL]
8,"3,2,396,1,2",148,9,[NULL]
9,"2,1,524,1,2",148,9,[NULL]
10,"1,1,547,1,2",148,9,[NULL]
11,"1,1,546,1,2",148,9,[NULL]
12,"3,1,524,1,1",148,9,[NULL]
13,"2,1,566,1,1",148,9,[NULL]
14,"1,1,3,1,525,1,0",148,9,[NULL]
0,977,149,8,[NULL]
1,"324,1,22",149,8,[NULL]
2,"7,1,368,1,3",149,8,[NULL]
3,"567,1,2",149,8,[NULL]
4,"566,1,2",149,8,[NULL]
5,"7,1,396,1,2",149,8,[NULL]
6,"3,2,398,1,2",149,8,[NULL]
7,"2,1,525,1,2",149,8,[NULL]
8,"1,2,8,1,69,2,2",149,8,[NULL]
9,"13,1,341,1,1",149,8,[NULL]
10,"3,1,525,1,1",149,8,[NULL]
11,"2,1,7,1,398,1,1",149,8,[NULL]
12,"1,1,592,1,0",149,8,[NULL]
13,"1,1,7,1,446,1,0",149,8,[NULL]
0,978,150,7,[NULL]
1,"7,1,398,1,2",150,7,[NULL]
2,"3,2,400,1,2",150,7,[NULL]
3,"1,2,8,1,324,1,2",150,7,[NULL]
4,"0,1,9,1,69,2,2",150,7,[NULL]
5,"592,1,1",150,7,[NULL]
6,"7,1,446,1,1",150,7,[NULL]
7,"2,1,7,1,400,1,1",150,7,[NULL]
8,"617,1,0",150,7,[NULL]
9,"1,1,593,1,0",150,7,[NULL]
0,"7,1,400,1,2",151,6,[NULL]
1,"2,1,526,1,2",151,6,[NULL]
2,"0,1,9,1,324,1,2",151,6,[NULL]
3,"0,2,548,1,2",151,6,[NULL]
4,"593,1,1",151,6,[NULL]
5,"2,2,527,1,1",151,6,[NULL]
6,"2,1,13,1,324,1,0",151,6,[NULL]
0,"548,1,3",152,5,[NULL]
1,"10,1,324,1,2",152,5,[NULL]
2,"2,1,527,1,2",152,5,[NULL]
3,"0,2,2,1,7,1,324,1,2",152,5,[NULL]
4,"2,1,11,1,324,1,1",152,5,[NULL]
0,"2,1,7,1,324,1,3",153,4,[NULL]
1,"11,1,324,1,2",153,4,[NULL]
0,"0,1,553,1,2",109,49,[NULL]
0,"0,1,554,1,2",110,48,[NULL]
0,"469,1,7",111,47,[NULL]
0,"470,1,7",112,46,[NULL]
0,"296,1,25",113,45,[NULL]
1,"0,1,8,2,236,1,2",113,45,[NULL]
0,979,114,44,[NULL]
1,"0,1,8,1,16,1,183,1,2",114,44,[NULL]
0,"8,2,199,1,7",115,43,[NULL]
0,"8,2,200,1,7",116,42,[NULL]
0,"8,1,17,1,153,1,7",117,41,[NULL]
0,"8,1,283,1,7",118,40,[NULL]
1,"1,1,5,1,402,1,2",118,40,[NULL]
0,"8,4,77,1,7",119,39,[NULL]
1,"0,1,555,1,2",119,39,[NULL]
0,"8,4,78,1,7",120,38,[NULL]
1,"0,1,556,1,2",120,38,[NULL]
0,"16,1,224,1,7",121,37,[NULL]
1,"8,3,17,1,56,1,7",121,37,[NULL]
0,"16,1,225,1,7",122,36,[NULL]
1,"8,3,136,1,7",122,36,[NULL]
2,"595,1,1",122,36,[NULL]
0,"17,1,225,1,7",123,35,[NULL]
1,"8,6,19,1,7",123,35,[NULL]
2,"0,1,8,2,237,1,2",123,35,[NULL]
0,"224,1,50",124,34,[NULL]
1,"8,6,20,1,7",124,34,[NULL]
2,"0,1,8,2,238,1,2",124,34,[NULL]
0,"8,3,137,1,7",125,33,[NULL]
1,"8,5,45,1,7",125,33,[NULL]
2,"0,1,8,1,17,1,185,1,2",125,33,[NULL]
0,"8,3,138,1,7",126,32,[NULL]
1,"8,5,46,1,7",126,32,[NULL]
0,"8,1,16,1,154,1,7",127,31,[NULL]
1,"8,4,9,1,13,2,7",127,31,[NULL]
2,"5,1,491,1,0",127,31,[NULL]
0,"8,1,17,1,154,1,7",128,30,[NULL]
1,"8,3,9,1,13,1,32,1,7",128,30,[NULL]
2,"491,1,6",128,30,[NULL]
0,980,129,29,[NULL]
1,"8,2,9,1,13,2,23,1,7",129,29,[NULL]
2,"8,4,79,1,7",129,29,[NULL]
3,"0,1,64,1,137,1,2",129,29,[NULL]
0,"8,1,9,1,13,2,51,1,7",130,28,[NULL]
1,"8,4,80,1,7",130,28,[NULL]
2,"0,1,64,1,138,1,2",130,28,[NULL]
3,"0,2,16,1,260,1,2",130,28,[NULL]
0,"64,1,112,1,7",131,27,[NULL]
1,"9,1,13,5,7",131,27,[NULL]
2,"8,2,22,1,80,1,7",131,27,[NULL]
3,"0,1,557,1,2",131,27,[NULL]
4,"0,2,17,1,260,1,2",131,27,[NULL]
5,"1,1,64,1,149,1,0",131,27,[NULL]
0,"13,4,32,1,10",132,26,[NULL]
1,"64,1,113,1,7",132,26,[NULL]
2,"8,2,23,1,80,1,7",132,26,[NULL]
3,"0,1,558,1,2",132,26,[NULL]
4,"64,1,149,1,1",132,26,[NULL]
5,"8,2,260,1,1",132,26,[NULL]
0,"471,1,7",133,25,[NULL]
1,"8,1,13,2,101,1,7",133,25,[NULL]
2,"598,1,1",133,25,[NULL]
3,"16,1,292,1,1",133,25,[NULL]
0,"435,1,10",134,24,[NULL]
1,"13,3,80,1,7",134,24,[NULL]
2,"1,1,549,1,2",134,24,[NULL]
3,"17,1,292,1,1",134,24,[NULL]
4,"1,1,600,1,0",134,24,[NULL]
0,"248,1,42",135,23,[NULL]
1,"13,1,23,1,101,1,14",135,23,[NULL]
2,"8,2,201,1,7",135,23,[NULL]
3,"0,1,8,1,17,1,188,1,2",135,23,[NULL]
4,"601,1,1",135,23,[NULL]
5,"600,1,1",135,23,[NULL]
0,"2,1,915",136,22,[NULL]
1,"13,2,32,1,104",136,22,[NULL]
2,"8,1,9,1,188,1,7",136,22,[NULL]
3,"0,1,17,1,267,1,2",136,22,[NULL]
4,"13,1,346,1,1",136,22,[NULL]
5,"0,1,586,1,1",136,22,[NULL]
0,"2,1,916",137,21,[NULL]
1,"13,2,105,1,28",137,21,[NULL]
2,"9,1,267,1,7",137,21,[NULL]
3,"13,3,133,1,0",137,21,[NULL]
0,"23,1,188,1,10",138,20,[NULL]
1,"13,2,23,1,75,1,2",138,20,[NULL]
2,"0,1,18,1,278,1,1",138,20,[NULL]
3,"13,3,134,1,0",138,20,[NULL]
4,"1,1,42,1,209,1,0",138,20,[NULL]
0,981,139,19,[NULL]
1,"18,1,260,1,2",139,19,[NULL]
2,"13,2,23,1,76,1,2",139,19,[NULL]
3,"8,1,448,1,0",139,19,[NULL]
0,983,140,18,[NULL]
1,982,140,18,[NULL]
2,"69,1,138,1,2",140,18,[NULL]
3,"0,1,561,1,2",140,18,[NULL]
4,"13,2,209,1,1",140,18,[NULL]
0,985,141,17,[NULL]
1,984,141,17,[NULL]
2,"439,1,10",141,17,[NULL]
3,"568,1,2",141,17,[NULL]
4,"1,1,552,1,2",141,17,[NULL]
5,"13,1,67,1,75,1,1",141,17,[NULL]
6,"1,1,604,1,0",141,17,[NULL]
0,986,142,16,[NULL]
1,"475,1,7",142,16,[NULL]
2,"604,1,1",142,16,[NULL]
3,"618,1,0",142,16,[NULL]
4,"18,1,293,1,0",142,16,[NULL]
0,987,143,15,[NULL]
1,"408,1,14",143,15,[NULL]
2,"425,1,11",143,15,[NULL]
3,"8,1,69,1,79,1,2",143,15,[NULL]
4,"619,1,0",143,15,[NULL]
0,"251,1,42",144,14,[NULL]
1,"411,1,14",144,14,[NULL]
2,"425,1,12",144,14,[NULL]
3,"8,1,69,1,80,1,2",144,14,[NULL]
4,"0,1,8,1,366,1,2",144,14,[NULL]
5,"0,1,3,1,484,1,2",144,14,[NULL]
6,"620,1,0",144,14,[NULL]
0,989,145,13,[NULL]
1,988,145,13,[NULL]
2,"412,1,14",145,13,[NULL]
3,"8,1,373,1,2",145,13,[NULL]
4,"1,1,3,1,477,1,2",145,13,[NULL]
5,"0,1,8,1,367,1,2",145,13,[NULL]
6,"0,1,3,1,485,1,2",145,13,[NULL]
7,"621,1,0",145,13,[NULL]
8,"13,1,373,1,0",145,13,[NULL]
0,990,146,12,[NULL]
1,"0,1,7,1,693",146,12,[NULL]
2,"23,1,69,1,79",146,12,[NULL]
3,"479,1,7",146,12,[NULL]
4,"544,1,4",146,12,[NULL]
5,"569,1,2",146,12,[NULL]
6,"0,1,562,1,2",146,12,[NULL]
7,"0,1,43,1,191,1,2",146,12,[NULL]
8,"2,1,570,1,1",146,12,[NULL]
9,"13,1,376,1,0",146,12,[NULL]
0,991,147,11,[NULL]
1,"24,1,69,1,79",147,11,[NULL]
2,"445,1,10",147,11,[NULL]
3,"0,1,446,1,8",147,11,[NULL]
4,"570,1,2",147,11,[NULL]
5,"7,1,412,1,2",147,11,[NULL]
6,"13,1,69,1,75,1,1",147,11,[NULL]
7,"7,1,450,1,1",147,11,[NULL]
8,"0,1,3,1,523,1,1",147,11,[NULL]
9,"7,1,478,1,0",147,11,[NULL]
10,"1,1,13,1,69,1,76,1,0",147,11,[NULL]
0,992,148,10,[NULL]
1,"13,1,566",148,10,[NULL]
2,"0,1,69,2,22",148,10,[NULL]
3,"69,1,134,1,3",148,10,[NULL]
4,"571,1,2",148,10,[NULL]
5,"7,1,414,1,2",148,10,[NULL]
6,"0,1,7,1,394,1,2",148,10,[NULL]
7,"13,1,69,1,76,1,1",148,10,[NULL]
8,"0,1,3,1,524,1,1",148,10,[NULL]
9,"7,1,479,1,0",148,10,[NULL]
0,993,149,9,[NULL]
1,"0,1,324,1,22",149,9,[NULL]
2,"368,1,18",149,9,[NULL]
3,"12,1,69,2,2",149,9,[NULL]
4,"7,1,415,1,2",149,9,[NULL]
5,"0,1,7,1,396,1,2",149,9,[NULL]
6,"2,1,18,1,264,1,1",149,9,[NULL]
7,"7,1,480,1,0",149,9,[NULL]
0,"3,1,855",150,8,[NULL]
1,"2,1,7,1,638",150,8,[NULL]
2,"340,1,21",150,8,[NULL]
3,"378,1,17",150,8,[NULL]
4,"18,1,264,1,2",150,8,[NULL]
5,"12,1,324,1,2",150,8,[NULL]
6,"0,1,7,1,398,1,2",150,8,[NULL]
7,"0,2,9,1,69,2,2",150,8,[NULL]
0,"3,1,857",151,7,[NULL]
1,"341,1,21",151,7,[NULL]
2,"0,1,2,1,526,1,2",151,7,[NULL]
3,"0,2,9,1,324,1,2",151,7,[NULL]
0,"0,1,10,1,324,1,2",152,6,[NULL]
0,"622,1,0",106,53,[NULL]
0,994,107,52,[NULL]
0,"0,2,553,1,2",109,50,[NULL]
0,"1,1,553,1,2",110,49,[NULL]
1,"0,2,554,1,2",110,49,[NULL]
0,"8,1,431,1,1",111,48,[NULL]
0,"16,1,296,1,1",112,47,[NULL]
0,"17,1,296,1,1",113,46,[NULL]
1,"1,1,606,1,0",113,46,[NULL]
0,"606,1,1",114,45,[NULL]
0,"0,2,555,1,2",119,40,[NULL]
0,"0,2,556,1,2",120,39,[NULL]
0,"8,1,432,1,1",121,38,[NULL]
0,"8,1,433,1,1",122,37,[NULL]
1,"0,1,595,1,1",122,37,[NULL]
0,"452,1,8",123,36,[NULL]
1,"8,1,452,1,0",123,36,[NULL]
0,"0,2,8,2,238,1,2",124,35,[NULL]
0,"245,1,44",125,34,[NULL]
0,"246,1,44",126,33,[NULL]
1,"572,1,2",126,33,[NULL]
0,"8,2,244,1,2",127,32,[NULL]
0,"0,1,491,1,6",128,31,[NULL]
1,"16,1,17,1,149,1,2",128,31,[NULL]
0,"8,2,245,1,2",129,30,[NULL]
1,"0,2,64,1,137,1,2",129,30,[NULL]
2,"623,1,0",129,30,[NULL]
0,"8,2,247,1,2",130,29,[NULL]
1,"1,1,64,1,137,1,2",130,29,[NULL]
2,"0,2,64,1,138,1,2",130,29,[NULL]
0,"8,3,166,1,2",131,28,[NULL]
1,"16,1,64,2,1",131,28,[NULL]
0,"8,3,167,1,2",132,27,[NULL]
1,"16,1,299,1,1",132,27,[NULL]
2,"0,1,64,1,149,1,1",132,27,[NULL]
3,"0,1,8,2,260,1,1",132,27,[NULL]
0,"8,1,380,1,2",133,26,[NULL]
1,"8,2,248,1,2",133,26,[NULL]
2,"1,1,558,1,2",133,26,[NULL]
3,"13,5,23,1,1",133,26,[NULL]
4,"64,1,160,1,0",133,26,[NULL]
5,"8,2,278,1,0",133,26,[NULL]
0,"17,1,278,1,2",134,25,[NULL]
1,"8,1,13,1,219,1,2",134,25,[NULL]
2,"13,5,24,1,1",134,25,[NULL]
3,"13,2,219,1,0",134,25,[NULL]
0,"573,1,2",135,24,[NULL]
1,"13,2,194,1,2",135,24,[NULL]
2,"13,2,220,1,0",135,24,[NULL]
0,"574,1,2",136,23,[NULL]
1,"13,1,23,1,150,1,2",136,23,[NULL]
2,"2,1,585,1,0",136,23,[NULL]
3,"1,2,586,1,0",136,23,[NULL]
0,"3,1,863",137,22,[NULL]
1,"13,3,67,1,14",137,22,[NULL]
2,"9,1,346,1,2",137,22,[NULL]
3,"8,1,382,1,2",137,22,[NULL]
4,"2,1,537,1,2",137,22,[NULL]
5,"1,1,42,1,187,1,2",137,22,[NULL]
6,"626,1,0",137,22,[NULL]
0,995,138,21,[NULL]
1,"13,3,75,1,10",138,21,[NULL]
2,"8,1,383,1,2",138,21,[NULL]
3,"2,1,538,1,2",138,21,[NULL]
4,"13,1,357,1,1",138,21,[NULL]
0,"8,2,250,1,2",139,20,[NULL]
1,"0,1,18,1,260,1,2",139,20,[NULL]
2,"608,1,1",139,20,[NULL]
3,"13,2,212,1,1",139,20,[NULL]
4,"627,1,0",139,20,[NULL]
0,997,140,19,[NULL]
1,996,140,19,[NULL]
2,"8,1,384,1,2",140,19,[NULL]
3,"1,1,560,1,2",140,19,[NULL]
4,"0,1,69,1,138,1,2",140,19,[NULL]
5,"0,2,561,1,2",140,19,[NULL]
6,"609,1,1",140,19,[NULL]
7,"13,1,360,1,1",140,19,[NULL]
0,998,141,18,[NULL]
1,"69,1,112,1,7",141,18,[NULL]
2,"9,1,13,1,209,1,2",141,18,[NULL]
3,"1,1,561,1,2",141,18,[NULL]
4,"0,1,568,1,2",141,18,[NULL]
5,"610,1,1",141,18,[NULL]
6,"628,1,0",141,18,[NULL]
0,1000,142,17,[NULL]
1,999,142,17,[NULL]
2,"294,1,28",142,17,[NULL]
3,"69,1,113,1,7",142,17,[NULL]
4,"7,2,266,1,2",142,17,[NULL]
5,"612,1,1",142,17,[NULL]
6,"13,2,213,1,1",142,17,[NULL]
7,"0,1,604,1,1",142,17,[NULL]
0,1001,143,16,[NULL]
1,"209,1,60",143,16,[NULL]
2,"13,1,181,1,28",143,16,[NULL]
3,"417,1,14",143,16,[NULL]
4,"483,1,7",143,16,[NULL]
5,"7,2,267,1,2",143,16,[NULL]
6,"1,1,7,1,385,1,2",143,16,[NULL]
7,"0,1,8,1,69,1,79,1,2",143,16,[NULL]
8,"613,1,1",143,16,[NULL]
9,"629,1,0",143,16,[NULL]
0,1002,144,15,[NULL]
1,"174,1,84",144,15,[NULL]
2,"314,1,25",144,15,[NULL]
3,"1,1,43,1,189,1,2",144,15,[NULL]
4,"1,2,540,1,2",144,15,[NULL]
5,"0,1,8,1,69,1,80,1,2",144,15,[NULL]
6,"0,2,8,1,366,1,2",144,15,[NULL]
7,"630,1,0",144,15,[NULL]
8,"1,1,3,1,540,1,0",144,15,[NULL]
0,1004,145,14,[NULL]
1,1003,145,14,[NULL]
2,"13,1,571",145,14,[NULL]
3,"18,1,209,1,10",145,14,[NULL]
4,"486,1,7",145,14,[NULL]
5,"2,1,540,1,2",145,14,[NULL]
6,"0,2,8,1,367,1,2",145,14,[NULL]
7,"3,1,540,1,1",145,14,[NULL]
0,1006,146,13,[NULL]
1,1005,146,13,[NULL]
2,"181,1,79",146,13,[NULL]
3,"389,1,17",146,13,[NULL]
4,"450,1,10",146,13,[NULL]
5,"1,1,3,1,485,1,2",146,13,[NULL]
6,"0,1,569,1,2",146,13,[NULL]
7,"8,1,443,1,1",146,13,[NULL]
8,"2,1,575,1,1",146,13,[NULL]
9,"2,1,590,1,0",146,13,[NULL]
0,1008,147,12,[NULL]
1,1007,147,12,[NULL]
2,"264,1,37",147,12,[NULL]
3,"391,1,17",147,12,[NULL]
4,"390,1,17",147,12,[NULL]
5,"575,1,2",147,12,[NULL]
6,"2,1,543,1,2",147,12,[NULL]
7,"1,2,544,1,2",147,12,[NULL]
8,"8,1,445,1,1",147,12,[NULL]
9,"3,1,543,1,1",147,12,[NULL]
10,"2,2,544,1,1",147,12,[NULL]
11,"7,1,486,1,0",147,12,[NULL]
0,"7,1,731",148,11,[NULL]
1,"376,1,18",148,11,[NULL]
2,"394,1,17",148,11,[NULL]
3,"392,1,17",148,11,[NULL]
4,"563,1,3",148,11,[NULL]
5,"9,1,69,1,75,1,2",148,11,[NULL]
6,"2,1,544,1,2",148,11,[NULL]
7,"1,1,563,1,2",148,11,[NULL]
8,"0,1,7,1,414,1,2",148,11,[NULL]
9,"0,2,7,1,394,1,2",148,11,[NULL]
10,"616,1,1",148,11,[NULL]
11,"615,1,1",148,11,[NULL]
12,"3,1,544,1,1",148,11,[NULL]
13,"631,1,0",148,11,[NULL]
0,1010,149,10,[NULL]
1,1009,149,10,[NULL]
2,"7,1,92,1,114",149,10,[NULL]
3,"69,1,75,1,21",149,10,[NULL]
4,"397,1,17",149,10,[NULL]
5,"396,1,17",149,10,[NULL]
6,"565,1,3",149,10,[NULL]
7,"3,1,504,1,2",149,10,[NULL]
8,"1,2,546,1,2",149,10,[NULL]
9,"0,1,7,1,415,1,2",149,10,[NULL]
10,"0,2,7,1,396,1,2",149,10,[NULL]
11,"15,1,324,1,1",149,10,[NULL]
12,"13,1,368,1,1",149,10,[NULL]
13,"632,1,0",149,10,[NULL]
14,"16,1,69,2,0",149,10,[NULL]
0,1011,150,9,[NULL]
1,"324,1,23",150,9,[NULL]
2,"398,1,17",150,9,[NULL]
3,"566,1,3",150,9,[NULL]
4,"7,1,396,1,3",150,9,[NULL]
5,"576,1,2",150,9,[NULL]
6,"1,1,566,1,2",150,9,[NULL]
7,"0,1,18,1,264,1,2",150,9,[NULL]
8,"633,1,0",150,9,[NULL]
9,"17,1,69,2,0",150,9,[NULL]
10,"16,1,324,1,0",150,9,[NULL]
0,"13,1,577",151,8,[NULL]
1,"142,1,114",151,8,[NULL]
2,"7,1,398,1,3",151,8,[NULL]
3,"577,1,2",151,8,[NULL]
4,"2,1,7,1,368,1,2",151,8,[NULL]
5,"17,1,324,1,0",151,8,[NULL]
0,"7,1,400,1,3",152,7,[NULL]
1,"2,1,526,1,3",152,7,[NULL]
2,"617,1,1",152,7,[NULL]
0,"10,1,324,1,3",153,6,[NULL]
1,"2,1,527,1,3",153,6,[NULL]
2,"3,1,506,1,2",153,6,[NULL]
3,"2,1,13,1,324,1,1",153,6,[NULL]
0,"11,1,324,1,3",154,5,[NULL]
1,"13,1,324,1,2",154,5,[NULL]
2,"2,1,548,1,2",154,5,[NULL]
0,"2,2,7,1,324,1,2",155,4,[NULL]
0,"0,1,994",107,53,[NULL]
0,"0,3,554,1,2",110,50,[NULL]
0,"0,1,8,1,431,1,1",111,49,[NULL]
0,"578,1,2",112,48,[NULL]
1,"8,1,469,1,0",112,48,[NULL]
0,"579,1,2",113,47,[NULL]
0,"8,2,252,1,2",116,44,[NULL]
0,"8,2,253,1,2",117,43,[NULL]
0,"8,1,17,1,200,1,2",118,42,[NULL]
1,"635,1,0",118,42,[NULL]
0,"8,1,401,1,2",119,41,[NULL]
1,"636,1,0",119,41,[NULL]
0,"8,4,116,1,2",120,40,[NULL]
0,"8,4,117,1,2",121,39,[NULL]
1,"0,1,8,1,432,1,1",121,39,[NULL]
0,"8,1,402,1,2",122,38,[NULL]
1,"8,3,17,1,78,1,2",122,38,[NULL]
2,"8,1,16,1,224,1,0",122,38,[NULL]
0,"0,1,452,1,8",123,37,[NULL]
1,"8,1,403,1,2",123,37,[NULL]
2,"8,3,171,1,2",123,37,[NULL]
0,"17,1,225,1,8",124,36,[NULL]
1,"8,6,39,1,2",124,36,[NULL]
0,"0,1,245,1,44",125,35,[NULL]
1,"488,1,7",125,35,[NULL]
2,"8,6,40,1,2",125,35,[NULL]
3,"42,1,224,1,0",125,35,[NULL]
0,"244,1,47",126,34,[NULL]
1,"0,1,246,1,44",126,34,[NULL]
2,"8,2,16,1,137,1,2",126,34,[NULL]
3,"8,5,17,1,20,1,2",126,34,[NULL]
0,"489,1,7",127,33,[NULL]
1,"8,2,16,1,138,1,2",127,33,[NULL]
2,"8,5,63,1,2",127,33,[NULL]
0,"490,1,7",128,32,[NULL]
1,"8,2,17,1,138,1,2",128,32,[NULL]
2,"8,6,9,1,13,1,2",128,32,[NULL]
3,"1,1,5,1,491,1,0",128,32,[NULL]
0,"8,2,206,1,7",129,31,[NULL]
1,"8,1,42,1,137,1,2",129,31,[NULL]
2,"8,5,9,1,32,1,2",129,31,[NULL]
3,"0,3,64,1,137,1,2",129,31,[NULL]
0,"8,1,17,1,160,1,7",130,30,[NULL]
1,"8,4,9,1,13,1,23,1,2",130,30,[NULL]
2,"8,5,64,1,2",130,30,[NULL]
3,"637,1,0",130,30,[NULL]
0,"491,1,7",131,29,[NULL]
1,"8,2,207,1,7",131,29,[NULL]
2,"8,3,9,1,13,1,51,1,2",131,29,[NULL]
3,"8,4,118,1,2",131,29,[NULL]
0,"8,2,208,1,7",132,28,[NULL]
1,"64,1,146,1,2",132,28,[NULL]
2,"8,2,9,1,13,4,2",132,28,[NULL]
3,"8,3,17,1,80,1,2",132,28,[NULL]
4,"8,1,64,1,112,1,0",132,28,[NULL]
5,"1,2,64,1,149,1,0",132,28,[NULL]
0,"8,1,9,1,194,1,7",133,27,[NULL]
1,"64,1,147,1,2",133,27,[NULL]
2,"8,1,9,1,13,3,32,1,2",133,27,[NULL]
3,"8,3,173,1,2",133,27,[NULL]
4,"0,1,8,1,380,1,2",133,27,[NULL]
0,1012,134,26,[NULL]
1,"9,1,13,1,167,1,7",134,26,[NULL]
2,"9,1,13,4,23,1,2",134,26,[NULL]
3,"8,1,404,1,2",134,26,[NULL]
4,"8,3,13,1,101,1,2",134,26,[NULL]
5,"0,1,17,1,278,1,2",134,26,[NULL]
0,"13,3,51,1,28",135,25,[NULL]
1,"347,1,22",135,25,[NULL]
2,"13,1,248,1,10",135,25,[NULL]
3,"8,1,291,1,7",135,25,[NULL]
4,"580,1,2",135,25,[NULL]
5,"8,2,13,2,80,1,2",135,25,[NULL]
6,"0,1,573,1,2",135,25,[NULL]
0,1013,136,24,[NULL]
1,"8,1,292,1,7",136,24,[NULL]
2,"8,1,13,1,23,1,101,1,2",136,24,[NULL]
3,"8,2,254,1,2",136,24,[NULL]
4,"13,2,23,1,101,1,0",136,24,[NULL]
0,"66,1,228",137,23,[NULL]
1,"292,1,29",137,23,[NULL]
2,"492,1,7",137,23,[NULL]
3,"13,2,23,1,80,1,2",137,23,[NULL]
4,"8,2,255,1,2",137,23,[NULL]
0,1015,138,22,[NULL]
1,1014,138,22,[NULL]
2,"0,1,995",138,22,[NULL]
3,"13,2,51,1,79",138,22,[NULL]
4,"8,1,293,1,7",138,22,[NULL]
5,"8,1,20,1,188,1,2",138,22,[NULL]
0,"23,1,443",139,21,[NULL]
1,"13,2,83,1,42",139,21,[NULL]
2,"8,2,209,1,7",139,21,[NULL]
3,"20,1,267,1,2",139,21,[NULL]
4,"0,2,18,1,260,1,2",139,21,[NULL]
5,"13,3,133,1,1",139,21,[NULL]
0,"303,1,28",140,20,[NULL]
1,"8,1,294,1,7",140,20,[NULL]
2,"9,1,13,1,212,1,2",140,20,[NULL]
3,"1,1,18,1,260,1,2",140,20,[NULL]
4,"0,2,69,1,138,1,2",140,20,[NULL]
5,"13,3,134,1,1",140,20,[NULL]
6,"23,1,286,1,0",140,20,[NULL]
0,1016,141,19,[NULL]
1,"13,1,188,1,28",141,19,[NULL]
2,"13,1,261,1,7",141,19,[NULL]
3,"13,1,328,1,2",141,19,[NULL]
4,"0,2,568,1,2",141,19,[NULL]
5,"8,1,448,1,1",141,19,[NULL]
6,"638,1,0",141,19,[NULL]
7,"23,1,287,1,0",141,19,[NULL]
0,"187,1,78",142,18,[NULL]
1,"423,1,14",142,18,[NULL]
2,"581,1,2",142,18,[NULL]
3,"8,1,449,1,1",142,18,[NULL]
4,"0,1,612,1,1",142,18,[NULL]
5,"640,1,0",142,18,[NULL]
6,"639,1,0",142,18,[NULL]
0,1017,143,17,[NULL]
1,"23,1,448",143,17,[NULL]
2,"188,1,78",143,17,[NULL]
3,"23,1,181,1,14",143,17,[NULL]
4,"582,1,2",143,17,[NULL]
5,"8,1,475,1,0",143,17,[NULL]
6,"1,1,618,1,0",143,17,[NULL]
7,"1,1,18,1,293,1,0",143,17,[NULL]
0,1018,144,16,[NULL]
1,"188,1,79",144,16,[NULL]
2,"13,1,190,1,28",144,16,[NULL]
3,"618,1,1",144,16,[NULL]
4,"17,1,314,1,1",144,16,[NULL]
5,"13,1,408,1,0",144,16,[NULL]
0,1019,145,15,[NULL]
1,"189,1,79",145,15,[NULL]
2,"0,1,486,1,7",145,15,[NULL]
3,"13,1,331,1,2",145,15,[NULL]
4,"619,1,1",145,15,[NULL]
5,"13,1,411,1,0",145,15,[NULL]
0,1020,146,14,[NULL]
1,"409,1,17",146,14,[NULL]
2,"13,1,332,1,2",146,14,[NULL]
3,"4,1,486,1,2",146,14,[NULL]
4,"3,2,425,1,2",146,14,[NULL]
5,"620,1,1",146,14,[NULL]
6,"0,1,8,1,443,1,1",146,14,[NULL]
0,"190,1,79",147,13,[NULL]
1,"8,1,414,1,2",147,13,[NULL]
2,"7,1,425,1,2",147,13,[NULL]
3,"0,1,575,1,2",147,13,[NULL]
4,"13,1,373,1,1",147,13,[NULL]
5,"8,1,479,1,0",147,13,[NULL]
0,"190,1,80",148,12,[NULL]
1,"570,1,3",148,12,[NULL]
2,"8,1,415,1,2",148,12,[NULL]
3,"1,1,7,1,412,1,2",148,12,[NULL]
4,"0,1,2,1,544,1,2",148,12,[NULL]
5,"0,2,7,1,414,1,2",148,12,[NULL]
6,"13,1,376,1,1",148,12,[NULL]
0,"0,1,1009",149,11,[NULL]
1,"376,1,20",149,11,[NULL]
2,"69,1,95,1,14",149,11,[NULL]
3,"583,1,2",149,11,[NULL]
4,"1,1,571,1,2",149,11,[NULL]
5,"0,1,3,1,504,1,2",149,11,[NULL]
6,"0,2,7,1,415,1,2",149,11,[NULL]
7,"1,1,7,1,479,1,0",149,11,[NULL]
0,"7,1,748",150,10,[NULL]
1,"7,1,746",150,10,[NULL]
2,"18,1,494",150,10,[NULL]
3,"35,1,401",150,10,[NULL]
4,"0,1,324,1,23",150,10,[NULL]
5,"2,1,69,1,134,1,2",150,10,[NULL]
6,"1,1,12,1,69,2,2",150,10,[NULL]
7,"1,1,7,1,415,1,2",150,10,[NULL]
0,1021,151,9,[NULL]
1,"7,1,750",151,9,[NULL]
2,"69,2,24",151,9,[NULL]
3,"368,1,21",151,9,[NULL]
4,"18,1,264,1,3",151,9,[NULL]
5,"1,1,12,1,324,1,2",151,9,[NULL]
6,"0,1,577,1,2",151,9,[NULL]
0,"3,1,893",152,8,[NULL]
1,"13,1,595",152,8,[NULL]
2,"3,1,69,1,193",152,8,[NULL]
3,"69,2,25",152,8,[NULL]
4,"324,1,24",152,8,[NULL]
5,"7,1,430,1,2",152,8,[NULL]
0,1022,153,7,[NULL]
1,"2,1,7,1,688",153,7,[NULL]
2,"324,1,25",153,7,[NULL]
3,"584,1,2",153,7,[NULL]
4,"0,1,3,1,506,1,2",153,7,[NULL]
0,1023,154,6,[NULL]
1,"2,1,69,2,21",154,6,[NULL]
2,"0,1,13,1,324,1,2",154,6,[NULL]
0,1024,155,5,[NULL]
1,"2,1,324,1,21",155,5,[NULL]
0,"324,1,26",156,4,[NULL]
0,"1,1,622,1,0",107,54,[NULL]
0,1025,110,51,[NULL]
0,"1,2,553,1,2",111,50,[NULL]
0,"0,1,578,1,2",112,49,[NULL]
0,"0,1,579,1,2",113,48,[NULL]
0,"8,1,295,1,7",114,47,[NULL]
0,"8,1,296,1,7",115,46,[NULL]
0,"17,1,183,1,22",116,45,[NULL]
0,"498,1,7",117,44,[NULL]
0,"8,3,145,1,7",118,43,[NULL]
0,"8,2,16,1,111,1,7",119,42,[NULL]
0,1026,120,41,[NULL]
1,"8,2,17,1,111,1,7",120,41,[NULL]
0,1027,121,40,[NULL]
1,"8,2,211,1,7",121,40,[NULL]
0,"8,5,49,1,7",122,39,[NULL]
1,"0,1,8,1,402,1,2",122,39,[NULL]
0,"0,2,452,1,8",123,38,[NULL]
1,"8,5,50,1,7",123,38,[NULL]
2,"0,1,8,1,403,1,2",123,38,[NULL]
0,"0,1,17,1,225,1,8",124,37,[NULL]
1,"8,1,297,1,7",124,37,[NULL]
2,"8,3,16,1,17,2,7",124,37,[NULL]
3,"5,1,452,1,2",124,37,[NULL]
0,"8,1,298,1,7",125,36,[NULL]
1,"8,4,88,1,7",125,36,[NULL]
2,"8,1,452,1,1",125,36,[NULL]
0,"17,1,238,1,7",126,35,[NULL]
1,"8,8,7",126,35,[NULL]
2,"17,1,244,1,6",126,35,[NULL]
3,"0,1,8,2,16,1,137,1,2",126,35,[NULL]
0,"17,1,138,1,47",127,34,[NULL]
1,"8,6,22,1,7",127,34,[NULL]
2,"1,1,572,1,2",127,34,[NULL]
3,"0,1,8,2,16,1,138,1,2",127,34,[NULL]
0,"8,3,146,1,7",128,33,[NULL]
1,"8,6,23,1,7",128,33,[NULL]
0,"8,3,147,1,7",129,32,[NULL]
1,"8,5,51,1,7",129,32,[NULL]
0,"8,2,17,1,113,1,7",130,31,[NULL]
1,"8,4,13,3,7",130,31,[NULL]
0,"8,1,17,1,162,1,7",131,30,[NULL]
1,"8,3,13,2,32,1,7",131,30,[NULL]
2,"1,2,64,1,137,1,2",131,30,[NULL]
3,"623,1,1",131,30,[NULL]
0,1028,132,29,[NULL]
1,"8,2,13,3,23,1,7",132,29,[NULL]
2,"8,4,89,1,7",132,29,[NULL]
3,"0,1,64,1,146,1,2",132,29,[NULL]
0,1029,133,28,[NULL]
1,"8,1,13,3,51,1,7",133,28,[NULL]
2,"8,3,9,1,80,1,7",133,28,[NULL]
3,"0,1,64,1,147,1,2",133,28,[NULL]
4,"0,2,8,1,380,1,2",133,28,[NULL]
0,"13,6,7",134,27,[NULL]
1,"8,1,64,2,7",134,27,[NULL]
2,"8,2,23,1,89,1,7",134,27,[NULL]
3,"0,1,8,1,404,1,2",134,27,[NULL]
4,"0,2,17,1,278,1,2",134,27,[NULL]
0,"13,4,32,1,14",135,26,[NULL]
1,"8,1,299,1,7",135,26,[NULL]
2,"8,1,9,1,23,1,80,1,7",135,26,[NULL]
3,"8,2,278,1,1",135,26,[NULL]
0,"13,4,33,1,14",136,25,[NULL]
1,"499,1,7",136,25,[NULL]
2,"9,1,13,2,101,1,7",136,25,[NULL]
3,"13,2,219,1,1",136,25,[NULL]
4,"8,1,454,1,1",136,25,[NULL]
0,"187,1,81",137,24,[NULL]
1,"435,1,14",137,24,[NULL]
2,"13,3,80,1,10",137,24,[NULL]
3,"13,2,220,1,1",137,24,[NULL]
4,"642,1,0",137,24,[NULL]
0,"8,2,212,1,7",138,23,[NULL]
1,"2,1,537,1,3",138,23,[NULL]
2,"0,1,8,1,20,1,188,1,2",138,23,[NULL]
3,"13,4,67,1,0",138,23,[NULL]
4,"1,1,626,1,0",138,23,[NULL]
0,"8,1,13,1,188,1,7",139,22,[NULL]
1,"2,1,538,1,3",139,22,[NULL]
2,"585,1,2",139,22,[NULL]
3,"13,2,23,1,83,1,2",139,22,[NULL]
0,"3,1,898",140,21,[NULL]
1,"266,1,39",140,21,[NULL]
2,"13,1,267,1,7",140,21,[NULL]
3,"586,1,2",140,21,[NULL]
4,"9,1,13,2,133,1,2",140,21,[NULL]
5,"644,1,0",140,21,[NULL]
6,"1,1,627,1,0",140,21,[NULL]
0,1031,141,20,[NULL]
1,1030,141,20,[NULL]
2,"13,1,23,1,75,1,28",141,20,[NULL]
3,"23,1,188,1,14",141,20,[NULL]
4,"472,1,10",141,20,[NULL]
5,"587,1,2",141,20,[NULL]
6,"627,1,1",141,20,[NULL]
7,"646,1,0",141,20,[NULL]
0,1032,142,19,[NULL]
1,"266,1,41",142,19,[NULL]
2,"2,1,286,1,28",142,19,[NULL]
3,"23,1,189,1,14",142,19,[NULL]
4,"481,1,8",142,19,[NULL]
5,"18,1,278,1,2",142,19,[NULL]
6,"1,2,561,1,2",142,19,[NULL]
7,"8,1,69,1,112,1,0",142,19,[NULL]
8,"1,1,628,1,0",142,19,[NULL]
0,1034,143,18,[NULL]
1,1033,143,18,[NULL]
2,"267,1,41",143,18,[NULL]
3,"482,1,8",143,18,[NULL]
4,"69,1,147,1,2",143,18,[NULL]
5,"0,1,582,1,2",143,18,[NULL]
6,"628,1,1",143,18,[NULL]
7,"647,1,0",143,18,[NULL]
0,1035,144,17,[NULL]
1,"0,1,1018",144,17,[NULL]
2,"261,1,42",144,17,[NULL]
3,"23,1,190,1,14",144,17,[NULL]
4,"588,1,2",144,17,[NULL]
5,"48,1,209,1,0",144,17,[NULL]
6,"13,1,417,1,0",144,17,[NULL]
7,"1,1,629,1,0",144,17,[NULL]
0,1036,145,16,[NULL]
1,"262,1,42",145,16,[NULL]
2,"474,1,10",145,16,[NULL]
3,"484,1,8",145,16,[NULL]
4,"502,1,7",145,16,[NULL]
5,"13,1,335,1,2",145,16,[NULL]
6,"629,1,1",145,16,[NULL]
7,"648,1,0",145,16,[NULL]
0,1037,146,15,[NULL]
1,"367,1,22",146,15,[NULL]
2,"8,1,69,1,89,1,2",146,15,[NULL]
3,"630,1,1",146,15,[NULL]
0,1039,147,14,[NULL]
1,1038,147,14,[NULL]
2,"8,1,419,1,2",147,14,[NULL]
3,"0,1,8,1,414,1,2",147,14,[NULL]
4,"0,2,575,1,2",147,14,[NULL]
0,1041,148,13,[NULL]
1,1040,148,13,[NULL]
2,"270,1,41",148,13,[NULL]
3,"589,1,2",148,13,[NULL]
4,"9,1,373,1,2",148,13,[NULL]
5,"1,1,575,1,2",148,13,[NULL]
6,"0,1,8,1,415,1,2",148,13,[NULL]
7,"2,1,590,1,1",148,13,[NULL]
8,"1,1,7,1,486,1,0",148,13,[NULL]
0,1042,149,12,[NULL]
1,"0,2,1009",149,12,[NULL]
2,"3,1,903",149,12,[NULL]
3,"333,1,26",149,12,[NULL]
4,"373,1,21",149,12,[NULL]
5,"504,1,7",149,12,[NULL]
6,"2,1,544,1,3",149,12,[NULL]
7,"590,1,2",149,12,[NULL]
8,"0,1,583,1,2",149,12,[NULL]
9,"7,1,486,1,1",149,12,[NULL]
10,"652,1,0",149,12,[NULL]
11,"1,1,631,1,0",149,12,[NULL]
0,1045,150,11,[NULL]
1,1044,150,11,[NULL]
2,1043,150,11,[NULL]
3,"2,1,974",150,11,[NULL]
4,"0,2,324,1,23",150,11,[NULL]
5,"376,1,21",150,11,[NULL]
6,"445,1,14",150,11,[NULL]
7,"591,1,2",150,11,[NULL]
8,"3,1,521,1,2",150,11,[NULL]
9,"1,1,3,1,504,1,2",150,11,[NULL]
10,"631,1,1",150,11,[NULL]
11,"18,1,321,1,0",150,11,[NULL]
12,"1,1,632,1,0",150,11,[NULL]
0,1046,151,10,[NULL]
1,"3,1,906",151,10,[NULL]
2,"7,2,500",151,10,[NULL]
3,"13,1,69,1,123",151,10,[NULL]
4,"576,1,3",151,10,[NULL]
5,"14,1,324,1,2",151,10,[NULL]
6,"3,1,523,1,2",151,10,[NULL]
7,"2,1,565,1,2",151,10,[NULL]
8,"0,2,577,1,2",151,10,[NULL]
9,"16,1,69,2,1",151,10,[NULL]
10,"1,1,633,1,0",151,10,[NULL]
11,"1,1,16,1,324,1,0",151,10,[NULL]
0,"18,1,500",152,9,[NULL]
1,"2,1,7,1,368,1,3",152,9,[NULL]
2,"3,1,524,1,2",152,9,[NULL]
3,"2,1,566,1,2",152,9,[NULL]
4,"2,1,7,1,396,1,2",152,9,[NULL]
5,"1,1,577,1,2",152,9,[NULL]
6,"633,1,1",152,9,[NULL]
7,"17,1,69,2,1",152,9,[NULL]
8,"16,1,324,1,1",152,9,[NULL]
0,"132,1,146",153,8,[NULL]
1,"13,1,341,1,2",153,8,[NULL]
2,"3,1,525,1,2",153,8,[NULL]
3,"2,1,7,1,398,1,2",153,8,[NULL]
4,"0,1,584,1,2",153,8,[NULL]
5,"17,1,324,1,1",153,8,[NULL]
0,"7,1,771",154,7,[NULL]
1,"592,1,2",154,7,[NULL]
2,"7,1,446,1,2",154,7,[NULL]
3,"2,1,7,1,400,1,2",154,7,[NULL]
4,"1,1,3,1,506,1,2",154,7,[NULL]
5,"0,2,13,1,324,1,2",154,7,[NULL]
0,"0,1,1024",155,6,[NULL]
1,"13,1,324,1,3",155,6,[NULL]
2,"593,1,2",155,6,[NULL]
3,"2,2,527,1,2",155,6,[NULL]
4,"1,1,13,1,324,1,2",155,6,[NULL]
5,"7,1,507,1,0",155,6,[NULL]
0,"7,1,324,1,7",156,5,[NULL]
1,"2,1,11,1,324,1,2",156,5,[NULL]
2,"7,1,508,1,0",156,5,[NULL]
0,"7,2,324,1,0",158,3,[NULL]
0,"18,1,324,1,0",159,2,[NULL]
0,"0,1,1025",110,52,[NULL]
0,"594,1,2",111,51,[NULL]
0,"0,2,578,1,2",112,50,[NULL]
0,"0,2,579,1,2",113,49,[NULL]
0,"8,1,469,1,1",114,48,[NULL]
0,"8,1,470,1,1",115,47,[NULL]
0,"1,1,635,1,0",119,43,[NULL]
0,"635,1,1",120,42,[NULL]
0,"636,1,1",121,41,[NULL]
0,"0,2,8,1,402,1,2",122,40,[NULL]
0,"0,3,452,1,8",123,39,[NULL]
1,"0,2,8,1,403,1,2",123,39,[NULL]
0,"0,2,17,1,225,1,8",124,38,[NULL]
1,"8,1,16,1,224,1,1",124,38,[NULL]
0,"8,1,16,1,225,1,1",125,37,[NULL]
1,"0,1,8,1,452,1,1",125,37,[NULL]
0,"595,1,2",126,36,[NULL]
1,"8,1,488,1,0",126,36,[NULL]
2,"1,1,42,1,224,1,0",126,36,[NULL]
0,"0,2,8,2,16,1,138,1,2",127,35,[NULL]
0,"596,1,2",128,34,[NULL]
0,"597,1,2",129,33,[NULL]
0,"8,2,257,1,2",130,32,[NULL]
0,"8,1,17,1,206,1,2",131,31,[NULL]
1,"0,1,623,1,1",131,31,[NULL]
0,"491,1,8",132,30,[NULL]
1,"8,2,258,1,2",132,30,[NULL]
2,"8,1,491,1,0",132,30,[NULL]
0,"8,2,259,1,2",133,29,[NULL]
1,"0,2,64,1,147,1,2",133,29,[NULL]
0,"8,3,180,1,2",134,28,[NULL]
0,"8,2,9,1,167,1,2",135,27,[NULL]
1,"0,1,8,2,278,1,1",135,27,[NULL]
2,"653,1,0",135,27,[NULL]
0,"64,1,149,1,2",136,26,[NULL]
1,"8,1,9,1,248,1,2",136,26,[NULL]
2,"8,2,260,1,2",136,26,[NULL]
3,"8,2,291,1,0",136,26,[NULL]
0,"13,5,42",137,25,[NULL]
1,"598,1,2",137,25,[NULL]
2,"16,1,292,1,2",137,25,[NULL]
3,"9,1,13,1,219,1,2",137,25,[NULL]
0,"13,1,194,1,28",138,24,[NULL]
1,"599,1,2",138,24,[NULL]
2,"17,1,292,1,2",138,24,[NULL]
3,"13,2,23,1,101,1,1",138,24,[NULL]
0,"66,1,238",139,23,[NULL]
1,"602,1,2",139,23,[NULL]
2,"601,1,2",139,23,[NULL]
3,"600,1,2",139,23,[NULL]
4,"8,1,420,1,2",139,23,[NULL]
5,"23,1,292,1,0",139,23,[NULL]
0,"317,1,28",140,22,[NULL]
1,"381,1,21",140,22,[NULL]
2,"13,1,346,1,2",140,22,[NULL]
3,"8,1,16,1,209,1,2",140,22,[NULL]
4,"0,1,586,1,2",140,22,[NULL]
0,"0,1,1031",141,21,[NULL]
1,"3,1,916",141,21,[NULL]
2,"194,1,79",141,21,[NULL]
3,"13,3,75,1,14",141,21,[NULL]
4,"8,1,17,1,209,1,2",141,21,[NULL]
5,"1,2,18,1,260,1,2",141,21,[NULL]
6,"0,1,627,1,1",141,21,[NULL]
0,"266,1,42",142,20,[NULL]
1,"3,1,266,1,28",142,20,[NULL]
2,"13,3,76,1,14",142,20,[NULL]
3,"0,1,481,1,8",142,20,[NULL]
4,"603,1,2",142,20,[NULL]
5,"8,2,261,1,2",142,20,[NULL]
6,"0,1,18,1,278,1,2",142,20,[NULL]
7,"23,1,286,1,1",142,20,[NULL]
8,"655,1,0",142,20,[NULL]
9,"1,1,638,1,0",142,20,[NULL]
0,"267,1,42",143,19,[NULL]
1,"0,1,482,1,8",143,19,[NULL]
2,"42,1,209,1,2",143,19,[NULL]
3,"8,1,423,1,2",143,19,[NULL]
4,"0,1,69,1,147,1,2",143,19,[NULL]
5,"0,2,582,1,2",143,19,[NULL]
6,"23,1,287,1,1",143,19,[NULL]
7,"0,1,628,1,1",143,19,[NULL]
8,"13,1,423,1,0",143,19,[NULL]
9,"1,1,639,1,0",143,19,[NULL]
0,"1,1,1017",144,18,[NULL]
1,"67,2,28",144,18,[NULL]
2,"8,1,64,1,69,1,7",144,18,[NULL]
3,"13,2,209,1,2",144,18,[NULL]
4,"0,1,588,1,2",144,18,[NULL]
5,"640,1,1",144,18,[NULL]
6,"656,1,0",144,18,[NULL]
7,"13,1,23,1,181,1,0",144,18,[NULL]
0,"13,2,355",145,17,[NULL]
1,"8,1,312,1,7",145,17,[NULL]
2,"533,1,6",145,17,[NULL]
3,"13,1,67,1,75,1,2",145,17,[NULL]
4,"8,1,475,1,1",145,17,[NULL]
5,"0,1,629,1,1",145,17,[NULL]
6,"2,1,618,1,0",145,17,[NULL]
0,"3,1,919",146,16,[NULL]
1,"213,1,63",146,16,[NULL]
2,"417,1,18",146,16,[NULL]
3,"8,1,314,1,7",146,16,[NULL]
4,"604,1,2",146,16,[NULL]
5,"8,1,425,1,2",146,16,[NULL]
6,"17,1,333,1,1",146,16,[NULL]
7,"13,1,408,1,1",146,16,[NULL]
0,1047,147,15,[NULL]
1,"335,1,26",147,15,[NULL]
2,"425,1,17",147,15,[NULL]
3,"511,1,7",147,15,[NULL]
4,"1,1,4,1,486,1,2",147,15,[NULL]
5,"0,2,8,1,414,1,2",147,15,[NULL]
6,"13,1,411,1,1",147,15,[NULL]
0,1048,148,14,[NULL]
1,"3,1,270,1,28",148,14,[NULL]
2,"336,1,26",148,14,[NULL]
3,"485,1,10",148,14,[NULL]
4,"0,1,589,1,2",148,14,[NULL]
5,"0,2,8,1,415,1,2",148,14,[NULL]
0,"0,3,1009",149,13,[NULL]
1,"270,1,43",149,13,[NULL]
2,"322,1,28",149,13,[NULL]
3,"428,1,17",149,13,[NULL]
4,"450,1,14",149,13,[NULL]
5,"657,1,0",149,13,[NULL]
0,1049,150,12,[NULL]
1,"190,1,86",150,12,[NULL]
2,"198,1,79",150,12,[NULL]
3,"67,1,69,1,28",150,12,[NULL]
4,"0,3,324,1,23",150,12,[NULL]
5,"2,1,570,1,2",150,12,[NULL]
6,"0,1,3,1,521,1,2",150,12,[NULL]
7,"0,1,631,1,1",150,12,[NULL]
8,"13,1,69,1,95,1,0",150,12,[NULL]
0,"191,1,86",151,11,[NULL]
1,"324,1,27",151,11,[NULL]
2,"2,1,69,1,134,1,3",151,11,[NULL]
3,"13,1,69,1,75,1,2",151,11,[NULL]
4,"7,1,450,1,2",151,11,[NULL]
5,"0,1,3,1,523,1,2",151,11,[NULL]
6,"18,1,311,1,1",151,11,[NULL]
7,"7,2,314,1,1",151,11,[NULL]
8,"0,1,16,1,69,2,1",151,11,[NULL]
9,"18,1,332,1,0",151,11,[NULL]
0,"13,1,638",152,10,[NULL]
1,"13,1,69,1,76,1,2",152,10,[NULL]
2,"3,1,535,1,2",152,10,[NULL]
3,"0,1,3,1,524,1,2",152,10,[NULL]
4,"0,1,16,1,324,1,1",152,10,[NULL]
5,"19,1,69,2,0",152,10,[NULL]
6,"18,1,333,1,0",152,10,[NULL]
0,"7,1,786",153,9,[NULL]
1,"2,1,18,1,264,1,2",153,9,[NULL]
2,"659,1,0",153,9,[NULL]
3,"19,1,324,1,0",153,9,[NULL]
0,1050,154,8,[NULL]
1,"340,1,26",154,8,[NULL]
2,"0,1,7,1,446,1,2",154,8,[NULL]
3,"70,1,163,1,0",154,8,[NULL]
0,1051,155,7,[NULL]
1,"0,2,1024",155,7,[NULL]
2,"7,1,788",155,7,[NULL]
0,"69,2,28",156,6,[NULL]
1,"0,1,7,1,324,1,7",156,6,[NULL]
2,"605,1,2",156,6,[NULL]
0,"324,1,28",157,5,[NULL]
1,"4,1,7,1,324,1,2",157,5,[NULL]
2,"660,1,0",157,5,[NULL]
0,"641,1,1",110,53,[NULL]
0,1052,111,52,[NULL]
1,"661,1,0",111,52,[NULL]
0,"0,3,578,1,2",112,51,[NULL]
0,"0,1,8,1,469,1,1",114,49,[NULL]
0,"8,1,431,1,2",115,48,[NULL]
1,"8,2,295,1,0",115,48,[NULL]
0,"16,1,296,1,2",116,47,[NULL]
0,"17,1,296,1,2",117,46,[NULL]
0,"607,1,2",118,45,[NULL]
1,"606,1,2",118,45,[NULL]
0,"8,3,182,1,2",119,44,[NULL]
0,"8,3,183,1,2",120,43,[NULL]
1,"0,1,635,1,1",120,43,[NULL]
0,"8,1,16,1,17,1,111,1,2",121,42,[NULL]
1,"662,1,0",121,42,[NULL]
0,"8,2,265,1,2",122,41,[NULL]
0,"8,5,71,1,2",123,40,[NULL]
0,"8,4,16,1,50,1,2",124,39,[NULL]
1,"0,1,8,1,16,1,224,1,1",124,39,[NULL]
0,"8,1,432,1,2",125,38,[NULL]
1,"8,4,17,1,50,1,2",125,38,[NULL]
2,"1,1,5,1,452,1,2",125,38,[NULL]
3,"8,2,297,1,0",125,38,[NULL]
0,"8,1,433,1,2",126,37,[NULL]
1,"8,4,125,1,2",126,37,[NULL]
2,"0,1,595,1,2",126,37,[NULL]
0,1053,127,36,[NULL]
1,"17,1,298,1,2",127,36,[NULL]
2,"8,7,16,1,2",127,36,[NULL]
0,"16,1,244,1,7",128,35,[NULL]
1,"8,7,17,1,2",128,35,[NULL]
2,"0,1,596,1,2",128,35,[NULL]
0,"17,1,244,1,7",129,34,[NULL]
1,"8,3,184,1,2",129,34,[NULL]
2,"8,5,16,1,23,1,2",129,34,[NULL]
0,"16,1,245,1,7",130,33,[NULL]
1,"8,3,185,1,2",130,33,[NULL]
2,"8,6,42,1,2",130,33,[NULL]
0,"8,1,315,1,7",131,32,[NULL]
1,"64,1,137,1,5",131,32,[NULL]
2,"8,2,17,1,147,1,2",131,32,[NULL]
3,"8,6,13,2,2",131,32,[NULL]
0,"0,1,491,1,8",132,31,[NULL]
1,"8,3,149,1,7",132,31,[NULL]
2,"8,1,17,2,113,1,2",132,31,[NULL]
3,"8,5,13,1,32,1,2",132,31,[NULL]
0,"8,1,16,1,167,1,7",133,30,[NULL]
1,"8,4,13,2,23,1,2",133,30,[NULL]
2,"8,5,72,1,2",133,30,[NULL]
0,"516,1,7",134,29,[NULL]
1,"8,2,218,1,7",134,29,[NULL]
2,"8,3,13,2,51,1,2",134,29,[NULL]
3,"8,4,127,1,2",134,29,[NULL]
4,"665,1,0",134,29,[NULL]
0,"260,1,47",135,28,[NULL]
1,"8,2,219,1,7",135,28,[NULL]
2,"16,1,64,2,2",135,28,[NULL]
3,"8,2,13,5,2",135,28,[NULL]
4,"8,3,20,1,80,1,2",135,28,[NULL]
0,1054,136,27,[NULL]
1,"8,1,13,1,194,1,7",136,27,[NULL]
2,"16,1,299,1,2",136,27,[NULL]
3,"8,1,13,4,32,1,2",136,27,[NULL]
4,"8,3,186,1,2",136,27,[NULL]
5,"0,1,64,1,149,1,2",136,27,[NULL]
6,"0,1,8,2,260,1,2",136,27,[NULL]
7,"13,5,32,1,0",136,27,[NULL]
0,1055,137,26,[NULL]
1,"13,2,167,1,7",137,26,[NULL]
2,"13,5,23,1,2",137,26,[NULL]
3,"8,1,434,1,2",137,26,[NULL]
4,"8,2,9,1,13,1,101,1,2",137,26,[NULL]
5,"0,1,598,1,2",137,26,[NULL]
6,"0,1,16,1,292,1,2",137,26,[NULL]
7,"13,5,33,1,0",137,26,[NULL]
0,"13,1,248,1,14",138,25,[NULL]
1,"517,1,7",138,25,[NULL]
2,"8,1,316,1,7",138,25,[NULL]
3,"13,5,24,1,2",138,25,[NULL]
4,"8,1,435,1,2",138,25,[NULL]
5,"8,1,9,1,13,2,80,1,2",138,25,[NULL]
6,"0,1,17,1,292,1,2",138,25,[NULL]
7,"1,1,642,1,0",138,25,[NULL]
0,"13,2,150,1,14",139,24,[NULL]
1,"518,1,7",139,24,[NULL]
2,"9,1,292,1,7",139,24,[NULL]
3,"9,1,13,1,23,1,101,1,2",139,24,[NULL]
4,"8,3,187,1,2",139,24,[NULL]
5,"0,1,601,1,2",139,24,[NULL]
6,"0,1,600,1,2",139,24,[NULL]
7,"642,1,1",139,24,[NULL]
0,"292,1,32",140,23,[NULL]
1,"8,1,318,1,7",140,23,[NULL]
2,"585,1,3",140,23,[NULL]
3,"8,3,188,1,2",140,23,[NULL]
4,"1,1,585,1,2",140,23,[NULL]
5,"0,2,586,1,2",140,23,[NULL]
6,"13,4,67,1,1",140,23,[NULL]
0,1056,141,22,[NULL]
1,"9,1,293,1,7",141,22,[NULL]
2,"8,2,267,1,2",141,22,[NULL]
3,"2,2,538,1,2",141,22,[NULL]
4,"1,1,586,1,2",141,22,[NULL]
5,"643,1,1",141,22,[NULL]
6,"23,1,303,1,0",141,22,[NULL]
7,"1,2,627,1,0",141,22,[NULL]
0,1057,142,21,[NULL]
1,"8,1,9,1,209,1,7",142,21,[NULL]
2,"13,1,357,1,2",142,21,[NULL]
3,"8,1,23,1,188,1,2",142,21,[NULL]
4,"1,1,587,1,2",142,21,[NULL]
5,"645,1,1",142,21,[NULL]
6,"644,1,1",142,21,[NULL]
7,"666,1,0",142,21,[NULL]
8,"13,1,23,1,188,1,0",142,21,[NULL]
9,"1,1,646,1,0",142,21,[NULL]
0,"188,1,88",143,20,[NULL]
1,"13,2,95,1,42",143,20,[NULL]
2,"9,1,294,1,7",143,20,[NULL]
3,"608,1,2",143,20,[NULL]
4,"13,1,359,1,2",143,20,[NULL]
5,"13,2,212,1,2",143,20,[NULL]
6,"0,2,69,1,147,1,2",143,20,[NULL]
7,"0,3,582,1,2",143,20,[NULL]
8,"646,1,1",143,20,[NULL]
9,"667,1,0",143,20,[NULL]
10,"13,1,23,1,189,1,0",143,20,[NULL]
0,1058,144,19,[NULL]
1,"328,1,28",144,19,[NULL]
2,"13,1,261,1,10",144,19,[NULL]
3,"609,1,2",144,19,[NULL]
4,"13,1,360,1,2",144,19,[NULL]
5,"8,1,69,1,112,1,1",144,19,[NULL]
6,"2,1,628,1,0",144,19,[NULL]
0,"287,1,37",145,18,[NULL]
1,"611,1,2",145,18,[NULL]
2,"610,1,2",145,18,[NULL]
3,"8,1,69,1,113,1,1",145,18,[NULL]
4,"0,1,8,1,475,1,1",145,18,[NULL]
5,"13,1,23,1,190,1,0",145,18,[NULL]
6,"1,1,48,1,209,1,0",145,18,[NULL]
0,1059,146,17,[NULL]
1,"2,1,1001",146,17,[NULL]
2,"612,1,2",146,17,[NULL]
3,"13,2,213,1,2",146,17,[NULL]
4,"0,1,604,1,2",146,17,[NULL]
5,"13,1,417,1,1",146,17,[NULL]
6,"8,1,502,1,0",146,17,[NULL]
0,1062,147,16,[NULL]
1,1061,147,16,[NULL]
2,1060,147,16,[NULL]
3,"613,1,2",147,16,[NULL]
4,"9,1,408,1,2",147,16,[NULL]
5,"648,1,1",147,16,[NULL]
6,"2,1,630,1,0",147,16,[NULL]
0,1064,148,15,[NULL]
1,1063,148,15,[NULL]
2,"331,1,28",148,15,[NULL]
3,"76,1,95,1,14",148,15,[NULL]
4,"614,1,2",148,15,[NULL]
5,"650,1,1",148,15,[NULL]
6,"670,1,0",148,15,[NULL]
7,"669,1,0",148,15,[NULL]
0,1067,149,14,[NULL]
1,1066,149,14,[NULL]
2,1065,149,14,[NULL]
3,"332,1,28",149,14,[NULL]
4,"3,1,540,1,2",149,14,[NULL]
5,"1,2,575,1,2",149,14,[NULL]
6,"651,1,1",149,14,[NULL]
7,"671,1,0",149,14,[NULL]
0,1068,150,13,[NULL]
1,"333,1,28",150,13,[NULL]
2,"590,1,3",150,13,[NULL]
3,"8,1,443,1,2",150,13,[NULL]
4,"7,1,459,1,2",150,13,[NULL]
5,"2,1,575,1,2",150,13,[NULL]
6,"1,1,590,1,2",150,13,[NULL]
7,"1,1,652,1,0",150,13,[NULL]
0,1069,151,12,[NULL]
1,"13,1,658",151,12,[NULL]
2,"69,1,107,1,14",151,12,[NULL]
3,"8,1,445,1,2",151,12,[NULL]
4,"3,1,543,1,2",151,12,[NULL]
5,"2,2,544,1,2",151,12,[NULL]
6,"1,1,591,1,2",151,12,[NULL]
7,"652,1,1",151,12,[NULL]
8,"673,1,0",151,12,[NULL]
9,"13,1,445,1,0",151,12,[NULL]
10,"1,1,18,1,321,1,0",151,12,[NULL]
0,1071,152,11,[NULL]
1,1070,152,11,[NULL]
2,"352,1,26",152,11,[NULL]
3,"69,1,95,1,18",152,11,[NULL]
4,"616,1,2",152,11,[NULL]
5,"615,1,2",152,11,[NULL]
6,"3,1,544,1,2",152,11,[NULL]
7,"1,1,14,1,324,1,2",152,11,[NULL]
8,"675,1,0",152,11,[NULL]
9,"674,1,0",152,11,[NULL]
10,"1,2,16,1,324,1,0",152,11,[NULL]
0,1072,153,10,[NULL]
1,"7,1,801",153,10,[NULL]
2,"15,1,324,1,2",153,10,[NULL]
3,"13,1,368,1,2",153,10,[NULL]
4,"1,1,3,1,524,1,2",153,10,[NULL]
5,"1,2,577,1,2",153,10,[NULL]
6,"68,1,163,1,1",153,10,[NULL]
0,1073,154,9,[NULL]
1,"7,1,802",154,9,[NULL]
2,"8,1,69,2,7",154,9,[NULL]
3,"1,1,3,1,525,1,2",154,9,[NULL]
4,"3,1,577,1,1",154,9,[NULL]
0,"163,1,100",155,8,[NULL]
1,"526,1,7",155,8,[NULL]
2,"8,1,324,1,7",155,8,[NULL]
3,"1,1,592,1,2",155,8,[NULL]
4,"1,1,7,1,446,1,2",155,8,[NULL]
5,"2,1,617,1,1",155,8,[NULL]
6,"676,1,0",155,8,[NULL]
0,1074,156,7,[NULL]
1,"324,1,29",156,7,[NULL]
2,"617,1,2",156,7,[NULL]
3,"1,1,593,1,2",156,7,[NULL]
4,"2,2,13,1,324,1,1",156,7,[NULL]
5,"18,1,339,1,0",156,7,[NULL]
0,"2,1,13,1,324,1,2",157,6,[NULL]
1,"7,1,507,1,1",157,6,[NULL]
2,"1,1,7,1,508,1,0",157,6,[NULL]
0,"7,1,508,1,1",158,5,[NULL]
1,"18,1,341,1,0",158,5,[NULL]
0,"1,1,7,2,324,1,0",159,4,[NULL]
0,"7,2,324,1,1",160,3,[NULL]
1,"1,1,18,1,324,1,0",160,3,[NULL]
0,"18,1,324,1,1",161,2,[NULL]
0,"0,1,1052",111,53,[NULL]
0,"1,1,594,1,2",112,52,[NULL]
0,1075,113,51,[NULL]
0,1076,114,50,[NULL]
0,"0,1,8,1,431,1,2",115,49,[NULL]
0,"0,1,16,1,296,1,2",116,48,[NULL]
0,"8,1,325,1,7",117,47,[NULL]
1,"0,1,17,1,296,1,2",117,47,[NULL]
0,"8,1,326,1,7",118,46,[NULL]
1,"0,1,606,1,2",118,46,[NULL]
0,"17,1,253,1,7",119,45,[NULL]
0,"528,1,7",120,44,[NULL]
1,"1,2,635,1,0",120,44,[NULL]
0,"8,3,152,1,7",121,43,[NULL]
0,"8,3,153,1,7",122,42,[NULL]
0,"402,1,22",123,41,[NULL]
1,"8,2,17,1,117,1,7",123,41,[NULL]
0,"403,1,22",124,40,[NULL]
1,"8,2,223,1,7",124,40,[NULL]
0,"8,5,55,1,7",125,39,[NULL]
1,"0,1,8,1,432,1,2",125,39,[NULL]
0,"8,5,56,1,7",126,38,[NULL]
1,"0,1,8,1,433,1,2",126,38,[NULL]
2,"0,2,595,1,2",126,38,[NULL]
0,"8,2,224,1,7",127,37,[NULL]
1,"8,4,17,1,40,1,7",127,37,[NULL]
2,"0,1,17,1,298,1,2",127,37,[NULL]
0,"8,2,225,1,7",128,36,[NULL]
1,"8,4,100,1,7",128,36,[NULL]
0,"16,1,17,1,138,1,7",129,35,[NULL]
1,"8,7,9,1,7",129,35,[NULL]
0,"17,2,138,1,7",130,34,[NULL]
1,"8,6,29,1,7",130,34,[NULL]
0,"8,3,16,1,64,1,7",131,33,[NULL]
1,"8,5,9,1,23,1,7",131,33,[NULL]
0,"0,2,491,1,8",132,32,[NULL]
1,"8,3,17,1,64,1,7",132,32,[NULL]
2,"8,4,9,1,51,1,7",132,32,[NULL]
0,"137,1,138",133,31,[NULL]
1,"509,1,8",133,31,[NULL]
2,"8,3,154,1,7",133,31,[NULL]
3,"8,3,9,1,13,3,7",133,31,[NULL]
4,"5,1,491,1,2",133,31,[NULL]
0,"138,1,138",134,30,[NULL]
1,"8,2,42,1,64,1,7",134,30,[NULL]
2,"8,2,9,1,13,2,32,1,7",134,30,[NULL]
3,"8,1,491,1,1",134,30,[NULL]
0,"529,1,7",135,29,[NULL]
1,"8,1,9,1,13,3,23,1,7",135,29,[NULL]
2,"8,4,101,1,7",135,29,[NULL]
3,"17,1,260,1,6",135,29,[NULL]
4,"0,1,16,1,64,2,2",135,29,[NULL]
0,"17,1,557",136,28,[NULL]
1,"9,1,13,3,51,1,7",136,28,[NULL]
2,"8,3,13,1,80,1,7",136,28,[NULL]
3,"0,1,16,1,299,1,2",136,28,[NULL]
4,"0,2,64,1,149,1,2",136,28,[NULL]
5,"0,2,8,2,260,1,2",136,28,[NULL]
6,"1,1,653,1,0",136,28,[NULL]
0,"13,6,10",137,27,[NULL]
1,"8,1,64,1,72,1,7",137,27,[NULL]
2,"8,2,23,1,101,1,7",137,27,[NULL]
3,"1,1,64,1,149,1,2",137,27,[NULL]
4,"0,2,598,1,2",137,27,[NULL]
5,"0,2,16,1,292,1,2",137,27,[NULL]
0,"8,1,327,1,7",138,26,[NULL]
1,"8,1,13,1,23,1,80,1,7",138,26,[NULL]
2,"8,2,291,1,1",138,26,[NULL]
0,"17,1,255,1,7",139,25,[NULL]
1,"13,3,101,1,7",139,25,[NULL]
2,"8,2,292,1,1",139,25,[NULL]
3,"0,1,642,1,1",139,25,[NULL]
0,"13,1,167,1,42",140,24,[NULL]
1,"13,3,80,1,14",140,24,[NULL]
2,"530,1,7",140,24,[NULL]
3,"1,1,600,1,2",140,24,[NULL]
4,"0,1,8,3,188,1,2",140,24,[NULL]
5,"654,1,1",140,24,[NULL]
0,1077,141,23,[NULL]
1,"13,1,670",141,23,[NULL]
2,"13,4,104",141,23,[NULL]
3,"8,1,9,1,212,1,7",141,23,[NULL]
4,"23,1,292,1,1",141,23,[NULL]
0,1078,142,22,[NULL]
1,"0,1,1057",142,22,[NULL]
2,"13,1,23,1,83,1,28",142,22,[NULL]
3,"9,1,13,1,188,1,7",142,22,[NULL]
4,"0,1,644,1,1",142,22,[NULL]
5,"13,4,75,1,0",142,22,[NULL]
0,"13,1,267,1,10",143,21,[NULL]
1,"13,3,133,1,2",143,21,[NULL]
2,"1,1,603,1,2",143,21,[NULL]
3,"0,1,608,1,2",143,21,[NULL]
4,"0,1,646,1,1",143,21,[NULL]
5,"13,4,76,1,0",143,21,[NULL]
0,1079,144,20,[NULL]
1,"3,1,946",144,20,[NULL]
2,"472,1,14",144,20,[NULL]
3,"13,3,134,1,2",144,20,[NULL]
4,"1,1,42,1,209,1,2",144,20,[NULL]
5,"655,1,1",144,20,[NULL]
0,1081,145,19,[NULL]
1,1080,145,19,[NULL]
2,"473,1,14",145,19,[NULL]
3,"8,1,448,1,2",145,19,[NULL]
4,"0,1,610,1,2",145,19,[NULL]
5,"13,1,423,1,1",145,19,[NULL]
0,1083,146,18,[NULL]
1,1082,146,18,[NULL]
2,"285,1,41",146,18,[NULL]
3,"8,1,449,1,2",146,18,[NULL]
4,"0,1,612,1,2",146,18,[NULL]
5,"656,1,1",146,18,[NULL]
6,"13,1,23,1,181,1,1",146,18,[NULL]
0,1084,147,17,[NULL]
1,"604,1,3",147,17,[NULL]
2,"16,1,314,1,2",147,17,[NULL]
3,"1,1,604,1,2",147,17,[NULL]
4,"0,1,613,1,2",147,17,[NULL]
5,"2,1,618,1,1",147,17,[NULL]
6,"0,1,648,1,1",147,17,[NULL]
7,"3,1,604,1,0",147,17,[NULL]
0,1085,148,16,[NULL]
1,"335,1,28",148,16,[NULL]
2,"474,1,14",148,16,[NULL]
3,"8,1,333,1,7",148,16,[NULL]
4,"618,1,2",148,16,[NULL]
5,"18,1,293,1,2",148,16,[NULL]
6,"17,1,314,1,2",148,16,[NULL]
7,"677,1,0",148,16,[NULL]
0,"2,1,1020",149,15,[NULL]
1,"476,1,14",149,15,[NULL]
2,"534,1,7",149,15,[NULL]
3,"619,1,2",149,15,[NULL]
4,"8,1,18,1,209,1,2",149,15,[NULL]
5,"0,1,3,1,540,1,2",149,15,[NULL]
6,"679,1,0",149,15,[NULL]
7,"678,1,0",149,15,[NULL]
8,"67,1,174,1,0",149,15,[NULL]
0,1088,150,14,[NULL]
1,1087,150,14,[NULL]
2,1086,150,14,[NULL]
3,"367,1,25",150,14,[NULL]
4,"477,1,14",150,14,[NULL]
5,"620,1,2",150,14,[NULL]
6,"8,1,450,1,2",150,14,[NULL]
7,"0,1,8,1,443,1,2",150,14,[NULL]
8,"680,1,0",150,14,[NULL]
9,"13,1,450,1,0",150,14,[NULL]
10,"1,1,657,1,0",150,14,[NULL]
0,1089,151,13,[NULL]
1,"32,1,69,1,79",151,13,[NULL]
2,"621,1,2",151,13,[NULL]
3,"13,1,373,1,2",151,13,[NULL]
4,"0,1,8,1,445,1,2",151,13,[NULL]
5,"0,1,3,1,543,1,2",151,13,[NULL]
6,"657,1,1",151,13,[NULL]
7,"0,1,652,1,1",151,13,[NULL]
8,"683,1,0",151,13,[NULL]
9,"682,1,0",151,13,[NULL]
10,"681,1,0",151,13,[NULL]
0,"69,1,246",152,12,[NULL]
1,"197,1,86",152,12,[NULL]
2,"33,1,69,1,79",152,12,[NULL]
3,"366,1,26",152,12,[NULL]
4,"504,1,10",152,12,[NULL]
5,"7,1,450,1,3",152,12,[NULL]
6,"13,1,376,1,2",152,12,[NULL]
7,"0,1,615,1,2",152,12,[NULL]
8,"13,1,69,1,95,1,1",152,12,[NULL]
9,"21,1,324,1,0",152,12,[NULL]
0,1090,153,11,[NULL]
1,"198,1,86",153,11,[NULL]
2,"367,1,26",153,11,[NULL]
3,"445,1,18",153,11,[NULL]
4,"7,1,478,1,2",153,11,[NULL]
5,"1,1,13,1,69,1,76,1,2",153,11,[NULL]
6,"0,1,15,1,324,1,2",153,11,[NULL]
7,"18,1,332,1,1",153,11,[NULL]
0,"7,1,814",154,10,[NULL]
1,"37,1,413",154,10,[NULL]
2,"339,1,28",154,10,[NULL]
3,"2,1,368,1,21",154,10,[NULL]
4,"7,1,479,1,2",154,10,[NULL]
5,"19,1,69,2,1",154,10,[NULL]
6,"18,1,333,1,1",154,10,[NULL]
0,"368,1,26",155,9,[NULL]
1,"7,1,480,1,2",155,9,[NULL]
2,"659,1,1",155,9,[NULL]
3,"20,1,69,2,1",155,9,[NULL]
4,"19,1,324,1,1",155,9,[NULL]
5,"18,1,352,1,0",155,9,[NULL]
0,"506,1,10",156,8,[NULL]
1,"0,1,617,1,2",156,8,[NULL]
2,"20,1,324,1,1",156,8,[NULL]
3,"684,1,0",156,8,[NULL]
0,1091,157,7,[NULL]
1,"1,1,605,1,2",157,7,[NULL]
2,"0,1,2,1,13,1,324,1,2",157,7,[NULL]
0,"1,1,4,1,7,1,324,1,2",158,6,[NULL]
1,"0,1,7,1,508,1,1",158,6,[NULL]
2,"1,1,660,1,0",158,6,[NULL]
0,"18,1,540",159,5,[NULL]
1,"660,1,1",159,5,[NULL]
0,"0,1,7,2,324,1,1",160,4,[NULL]
0,"0,1,18,1,324,1,1",161,3,[NULL]
0,"0,2,1052",111,54,[NULL]
0,"622,1,2",112,53,[NULL]
1,"1,1,661,1,0",112,53,[NULL]
0,"661,1,1",113,52,[NULL]
0,"554,1,6",114,51,[NULL]
0,"0,2,8,1,431,1,2",115,50,[NULL]
0,"0,2,16,1,296,1,2",116,49,[NULL]
0,"8,2,295,1,1",117,48,[NULL]
0,"8,2,296,1,1",118,47,[NULL]
0,"1,1,606,1,2",119,46,[NULL]
0,"662,1,1",123,42,[NULL]
0,"663,1,1",124,41,[NULL]
0,"0,2,8,1,432,1,2",125,40,[NULL]
1,"685,1,0",125,40,[NULL]
0,"0,2,8,1,433,1,2",126,39,[NULL]
1,"0,3,595,1,2",126,39,[NULL]
0,"686,1,0",127,38,[NULL]
0,"8,2,298,1,1",128,37,[NULL]
1,"687,1,0",128,37,[NULL]
0,"8,1,452,1,2",129,36,[NULL]
0,"17,1,244,1,8",130,35,[NULL]
0,"31,1,245,1,2",131,34,[NULL]
0,"0,3,491,1,8",132,33,[NULL]
1,"8,1,453,1,2",132,33,[NULL]
2,"5,1,64,1,137,1,0",132,33,[NULL]
0,"0,1,509,1,8",133,32,[NULL]
1,"64,1,137,1,6",133,32,[NULL]
2,"8,2,16,1,149,1,2",133,32,[NULL]
0,"64,1,138,1,6",134,31,[NULL]
1,"8,2,17,1,149,1,2",134,31,[NULL]
2,"0,1,8,1,491,1,1",134,31,[NULL]
0,"623,1,2",135,30,[NULL]
1,"8,2,277,1,2",135,30,[NULL]
2,"8,1,516,1,0",135,30,[NULL]
3,"1,1,665,1,0",135,30,[NULL]
0,"8,3,193,1,2",136,29,[NULL]
1,"0,2,16,1,299,1,2",136,29,[NULL]
2,"0,3,64,1,149,1,2",136,29,[NULL]
0,"8,3,194,1,2",137,28,[NULL]
1,"688,1,0",137,28,[NULL]
0,"8,2,13,1,167,1,2",138,27,[NULL]
1,"13,5,32,1,1",138,27,[NULL]
2,"0,1,8,2,291,1,1",138,27,[NULL]
0,"64,1,160,1,2",139,26,[NULL]
1,"8,1,13,1,248,1,2",139,26,[NULL]
2,"8,2,278,1,2",139,26,[NULL]
3,"13,5,33,1,1",139,26,[NULL]
4,"13,2,248,1,0",139,26,[NULL]
5,"8,2,316,1,0",139,26,[NULL]
6,"1,2,642,1,0",139,26,[NULL]
0,"624,1,2",140,25,[NULL]
1,"13,2,219,1,2",140,25,[NULL]
2,"8,1,454,1,2",140,25,[NULL]
3,"13,3,150,1,0",140,25,[NULL]
0,1092,141,24,[NULL]
1,"20,1,292,1,2",141,24,[NULL]
2,"13,2,220,1,2",141,24,[NULL]
3,"8,1,455,1,2",141,24,[NULL]
0,"0,2,1057",142,23,[NULL]
1,"13,3,83,1,14",142,23,[NULL]
2,"625,1,2",142,23,[NULL]
3,"9,1,420,1,2",142,23,[NULL]
4,"2,1,585,1,2",142,23,[NULL]
5,"1,2,586,1,2",142,23,[NULL]
0,"69,1,251",143,22,[NULL]
1,"13,3,95,1,10",143,22,[NULL]
2,"626,1,2",143,22,[NULL]
3,"8,2,279,1,2",143,22,[NULL]
4,"23,1,303,1,1",143,22,[NULL]
5,"1,1,666,1,0",143,22,[NULL]
0,"69,1,252",144,21,[NULL]
1,"8,2,280,1,2",144,21,[NULL]
2,"666,1,1",144,21,[NULL]
3,"13,1,23,1,188,1,1",144,21,[NULL]
4,"0,1,655,1,1",144,21,[NULL]
5,"2,1,646,1,0",144,21,[NULL]
0,1093,145,20,[NULL]
1,"1,1,1058",145,20,[NULL]
2,"627,1,2",145,20,[NULL]
3,"8,1,9,1,261,1,2",145,20,[NULL]
4,"13,1,23,1,189,1,1",145,20,[NULL]
5,"690,1,0",145,20,[NULL]
0,1094,146,19,[NULL]
1,"286,1,42",146,19,[NULL]
2,"9,1,423,1,2",146,19,[NULL]
3,"0,1,8,1,449,1,2",146,19,[NULL]
4,"0,2,612,1,2",146,19,[NULL]
5,"2,1,628,1,1",146,19,[NULL]
0,1095,147,18,[NULL]
1,"287,1,42",147,18,[NULL]
2,"13,1,209,1,28",147,18,[NULL]
3,"8,1,69,1,72,1,7",147,18,[NULL]
4,"628,1,2",147,18,[NULL]
5,"0,2,613,1,2",147,18,[NULL]
6,"13,1,23,1,190,1,1",147,18,[NULL]
0,1097,148,17,[NULL]
1,1096,148,17,[NULL]
2,"287,1,43",148,17,[NULL]
3,"8,1,337,1,7",148,17,[NULL]
4,"0,1,17,1,314,1,2",148,17,[NULL]
5,"8,1,502,1,1",148,17,[NULL]
6,"693,1,0",148,17,[NULL]
7,"692,1,0",148,17,[NULL]
8,"691,1,0",148,17,[NULL]
0,1100,149,16,[NULL]
1,1099,149,16,[NULL]
2,1098,149,16,[NULL]
3,"209,1,78",149,16,[NULL]
4,"8,1,338,1,7",149,16,[NULL]
5,"629,1,2",149,16,[NULL]
6,"16,1,367,1,1",149,16,[NULL]
7,"2,1,630,1,1",149,16,[NULL]
8,"1,1,669,1,0",149,16,[NULL]
0,"1,1,1066",150,15,[NULL]
1,"288,1,42",150,15,[NULL]
2,"542,1,7",150,15,[NULL]
3,"630,1,2",150,15,[NULL]
4,"1,1,3,1,540,1,2",150,15,[NULL]
5,"670,1,1",150,15,[NULL]
6,"669,1,1",150,15,[NULL]
7,"17,1,367,1,1",150,15,[NULL]
8,"694,1,0",150,15,[NULL]
9,"1,1,671,1,0",150,15,[NULL]
0,1105,151,14,[NULL]
1,1104,151,14,[NULL]
2,1103,151,14,[NULL]
3,1102,151,14,[NULL]
4,1101,151,14,[NULL]
5,"486,1,14",151,14,[NULL]
6,"485,1,14",151,14,[NULL]
7,"0,1,13,1,373,1,2",151,14,[NULL]
8,"671,1,1",151,14,[NULL]
0,1108,152,13,[NULL]
1,1107,152,13,[NULL]
2,1106,152,13,[NULL]
3,"324,1,30",152,13,[NULL]
4,"450,1,18",152,13,[NULL]
5,"2,1,590,1,2",152,13,[NULL]
6,"0,2,615,1,2",152,13,[NULL]
7,"1,1,673,1,0",152,13,[NULL]
0,"2,2,974",153,12,[NULL]
1,"352,1,28",153,12,[NULL]
2,"545,1,7",153,12,[NULL]
3,"615,1,3",153,12,[NULL]
4,"7,1,486,1,2",153,12,[NULL]
5,"7,1,485,1,2",153,12,[NULL]
6,"0,2,15,1,324,1,2",153,12,[NULL]
7,"673,1,1",153,12,[NULL]
8,"13,1,445,1,1",153,12,[NULL]
9,"1,1,674,1,0",153,12,[NULL]
0,1109,154,11,[NULL]
1,"163,1,105",154,11,[NULL]
2,"69,1,75,1,28",154,11,[NULL]
3,"504,1,12",154,11,[NULL]
4,"631,1,2",154,11,[NULL]
5,"675,1,1",154,11,[NULL]
6,"674,1,1",154,11,[NULL]
7,"0,1,19,1,69,2,1",154,11,[NULL]
8,"0,1,18,1,333,1,1",154,11,[NULL]
0,1111,155,10,[NULL]
1,1110,155,10,[NULL]
2,"632,1,2",155,10,[NULL]
3,"16,1,69,2,2",155,10,[NULL]
4,"18,1,338,1,1",155,10,[NULL]
5,"0,1,19,1,324,1,1",155,10,[NULL]
6,"18,1,366,1,0",155,10,[NULL]
0,"132,1,159",156,9,[NULL]
1,"633,1,2",156,9,[NULL]
2,"17,1,69,2,2",156,9,[NULL]
3,"16,1,324,1,2",156,9,[NULL]
4,"18,1,367,1,0",156,9,[NULL]
5,"8,2,324,1,0",156,9,[NULL]
6,"7,1,546,1,0",156,9,[NULL]
7,"1,1,676,1,0",156,9,[NULL]
0,"18,1,553",157,8,[NULL]
1,"17,1,324,1,2",157,8,[NULL]
2,"1,1,617,1,2",157,8,[NULL]
3,"676,1,1",157,8,[NULL]
4,"697,1,0",157,8,[NULL]
5,"696,1,0",157,8,[NULL]
6,"695,1,0",157,8,[NULL]
0,1112,158,7,[NULL]
1,"18,1,339,1,1",158,7,[NULL]
2,"698,1,0",158,7,[NULL]
3,"24,1,69,2,0",158,7,[NULL]
4,"23,1,324,1,0",158,7,[NULL]
5,"18,1,368,1,0",158,7,[NULL]
0,1113,159,6,[NULL]
1,"324,1,31",159,6,[NULL]
2,"0,1,660,1,1",159,6,[NULL]
3,"699,1,0",159,6,[NULL]
4,"24,1,324,1,0",159,6,[NULL]
0,"18,1,341,1,1",160,5,[NULL]
1,"25,1,324,1,0",160,5,[NULL]
0,"1,2,18,1,324,1,0",161,4,[NULL]
0,"2,1,18,1,324,1,0",162,3,[NULL]
0,"0,3,1052",111,55,[NULL]
0,1114,112,54,[NULL]
0,"0,1,661,1,1",113,53,[NULL]
0,"700,1,0",114,52,[NULL]
0,"0,1,8,2,295,1,1",117,49,[NULL]
0,"8,1,469,1,2",118,48,[NULL]
1,"8,2,325,1,0",118,48,[NULL]
0,"8,1,470,1,2",119,47,[NULL]
0,"17,1,326,1,2",120,46,[NULL]
0,"634,1,2",121,45,[NULL]
0,"8,3,199,1,2",122,44,[NULL]
0,"8,3,200,1,2",123,43,[NULL]
1,"0,1,662,1,1",123,43,[NULL]
0,"635,1,2",124,42,[NULL]
1,"8,2,17,1,153,1,2",124,42,[NULL]
2,"16,1,402,1,0",124,42,[NULL]
0,"636,1,2",125,41,[NULL]
1,"8,2,283,1,2",125,41,[NULL]
0,"8,5,77,1,2",126,40,[NULL]
0,1115,127,39,[NULL]
1,"8,5,78,1,2",127,39,[NULL]
0,"8,1,16,1,224,1,2",128,38,[NULL]
1,"8,4,17,1,56,1,2",128,38,[NULL]
2,"8,3,224,1,0",128,38,[NULL]
0,1116,129,37,[NULL]
1,"8,1,16,1,225,1,2",129,37,[NULL]
2,"8,4,136,1,2",129,37,[NULL]
3,"0,1,8,1,452,1,2",129,37,[NULL]
0,1117,130,36,[NULL]
1,"0,1,17,1,244,1,8",130,36,[NULL]
2,"8,1,17,1,225,1,2",130,36,[NULL]
3,"8,7,19,1,2",130,36,[NULL]
0,"17,2,138,1,8",131,35,[NULL]
1,"8,1,343,1,7",131,35,[NULL]
2,"42,1,224,1,2",131,35,[NULL]
3,"8,7,20,1,2",131,35,[NULL]
0,"17,1,257,1,7",132,34,[NULL]
1,"8,4,137,1,2",132,34,[NULL]
2,"8,6,45,1,2",132,34,[NULL]
0,"8,1,344,1,7",133,33,[NULL]
1,"0,1,64,1,137,1,6",133,33,[NULL]
2,"8,4,138,1,2",133,33,[NULL]
3,"8,6,46,1,2",133,33,[NULL]
0,"8,1,345,1,7",134,32,[NULL]
1,"8,2,16,1,154,1,2",134,32,[NULL]
2,"8,5,9,1,13,2,2",134,32,[NULL]
3,"1,1,5,1,491,1,2",134,32,[NULL]
4,"64,1,184,1,0",134,32,[NULL]
0,"8,3,160,1,7",135,31,[NULL]
1,"8,2,17,1,154,1,2",135,31,[NULL]
2,"8,4,9,1,13,1,32,1,2",135,31,[NULL]
3,"0,1,623,1,2",135,31,[NULL]
0,"8,2,232,1,7",136,30,[NULL]
1,"637,1,2",136,30,[NULL]
2,"8,3,9,1,13,2,23,1,2",136,30,[NULL]
3,"8,5,79,1,2",136,30,[NULL]
0,"16,1,260,1,7",137,29,[NULL]
1,"8,2,233,1,7",137,29,[NULL]
2,"8,2,9,1,13,2,51,1,2",137,29,[NULL]
3,"8,5,80,1,2",137,29,[NULL]
0,"17,1,260,1,7",138,28,[NULL]
1,"8,1,9,1,219,1,7",138,28,[NULL]
2,"8,1,64,1,112,1,2",138,28,[NULL]
3,"8,1,9,1,13,5,2",138,28,[NULL]
4,"8,3,22,1,80,1,2",138,28,[NULL]
5,"1,2,64,1,149,1,2",138,28,[NULL]
0,1118,139,27,[NULL]
1,"9,1,13,1,194,1,7",139,27,[NULL]
2,"9,1,13,4,32,1,2",139,27,[NULL]
3,"8,1,64,1,113,1,2",139,27,[NULL]
4,"8,3,23,1,80,1,2",139,27,[NULL]
5,"0,1,8,2,278,1,2",139,27,[NULL]
0,"260,1,50",140,26,[NULL]
1,"13,4,23,1,28",140,26,[NULL]
2,"13,2,167,1,10",140,26,[NULL]
3,"549,1,7",140,26,[NULL]
4,"8,1,471,1,2",140,26,[NULL]
5,"8,2,13,2,101,1,2",140,26,[NULL]
6,"0,1,8,1,454,1,2",140,26,[NULL]
0,"8,1,347,1,7",141,25,[NULL]
1,"8,1,346,1,7",141,25,[NULL]
2,"9,1,435,1,2",141,25,[NULL]
3,"8,1,13,3,80,1,2",141,25,[NULL]
4,"0,1,20,1,292,1,2",141,25,[NULL]
5,"13,4,80,1,0",141,25,[NULL]
0,"0,3,1057",142,24,[NULL]
1,"550,1,7",142,24,[NULL]
2,"13,1,292,1,7",142,24,[NULL]
3,"13,2,23,1,101,1,2",142,24,[NULL]
4,"8,3,201,1,2",142,24,[NULL]
0,1120,143,23,[NULL]
1,1119,143,23,[NULL]
2,"13,3,23,1,79",143,23,[NULL]
3,"292,1,39",143,23,[NULL]
4,"8,1,348,1,7",143,23,[NULL]
5,"8,2,9,1,188,1,2",143,23,[NULL]
0,1121,144,22,[NULL]
1,"167,1,104",144,22,[NULL]
2,"13,2,105,1,42",144,22,[NULL]
3,"8,1,350,1,7",144,22,[NULL]
4,"69,1,138,1,6",144,22,[NULL]
5,"8,1,9,1,267,1,2",144,22,[NULL]
6,"13,4,75,1,1",144,22,[NULL]
7,"0,1,666,1,1",144,22,[NULL]
8,"64,1,187,1,0",144,22,[NULL]
0,1123,145,21,[NULL]
1,1122,145,21,[NULL]
2,"357,1,28",145,21,[NULL]
3,"8,1,13,1,209,1,7",145,21,[NULL]
4,"9,1,23,1,188,1,2",145,21,[NULL]
5,"0,1,627,1,2",145,21,[NULL]
6,"13,4,76,1,1",145,21,[NULL]
7,"702,1,0",145,21,[NULL]
8,"13,1,472,1,0",145,21,[NULL]
0,1124,146,20,[NULL]
1,"0,1,1094",146,20,[NULL]
2,"359,1,28",146,20,[NULL]
3,"13,1,212,1,28",146,20,[NULL]
4,"13,1,294,1,7",146,20,[NULL]
5,"23,1,286,1,2",146,20,[NULL]
6,"0,2,8,1,449,1,2",146,20,[NULL]
7,"13,1,473,1,0",146,20,[NULL]
0,1128,147,19,[NULL]
1,1127,147,19,[NULL]
2,1126,147,19,[NULL]
3,1125,147,19,[NULL]
4,"3,1,982",147,19,[NULL]
5,"13,1,261,1,14",147,19,[NULL]
6,"638,1,2",147,19,[NULL]
7,"23,1,287,1,2",147,19,[NULL]
8,"0,1,628,1,2",147,19,[NULL]
9,"705,1,0",147,19,[NULL]
10,"2,1,656,1,0",147,19,[NULL]
0,1131,148,18,[NULL]
1,1130,148,18,[NULL]
2,1129,148,18,[NULL]
3,"0,1,1096",148,18,[NULL]
4,"3,1,984",148,18,[NULL]
5,"32,1,448",148,18,[NULL]
6,"13,1,262,1,14",148,18,[NULL]
7,"640,1,2",148,18,[NULL]
8,"639,1,2",148,18,[NULL]
9,"1,2,604,1,2",148,18,[NULL]
10,"8,2,312,1,1",148,18,[NULL]
11,"0,1,8,1,502,1,1",148,18,[NULL]
12,"2,2,618,1,0",148,18,[NULL]
0,1133,149,17,[NULL]
1,1132,149,17,[NULL]
2,"0,1,1099",149,17,[NULL]
3,"212,1,79",149,17,[NULL]
4,"13,1,213,1,28",149,17,[NULL]
5,"533,1,8",149,17,[NULL]
6,"618,1,3",149,17,[NULL]
7,"8,1,475,1,2",149,17,[NULL]
8,"1,1,618,1,2",149,17,[NULL]
9,"1,1,18,1,293,1,2",149,17,[NULL]
10,"0,1,629,1,2",149,17,[NULL]
11,"3,1,604,1,1",149,17,[NULL]
12,"13,1,474,1,0",149,17,[NULL]
13,"8,2,333,1,0",149,17,[NULL]
14,"3,1,618,1,0",149,17,[NULL]
0,1135,150,16,[NULL]
1,1134,150,16,[NULL]
2,"67,1,258",150,16,[NULL]
3,"363,1,28",150,16,[NULL]
4,"17,1,333,1,2",150,16,[NULL]
5,"13,1,408,1,2",150,16,[NULL]
6,"0,1,630,1,2",150,16,[NULL]
7,"677,1,1",150,16,[NULL]
8,"0,1,669,1,1",150,16,[NULL]
9,"707,1,0",150,16,[NULL]
10,"13,1,476,1,0",150,16,[NULL]
0,1136,151,15,[NULL]
1,"1,1,1086",151,15,[NULL]
2,"311,1,35",151,15,[NULL]
3,"13,1,411,1,2",151,15,[NULL]
4,"679,1,1",151,15,[NULL]
5,"678,1,1",151,15,[NULL]
6,"67,1,174,1,1",151,15,[NULL]
7,"708,1,0",151,15,[NULL]
8,"1,1,680,1,0",151,15,[NULL]
0,1138,152,14,[NULL]
1,1137,152,14,[NULL]
2,"3,1,988",152,14,[NULL]
3,"213,1,79",152,14,[NULL]
4,"1,1,621,1,2",152,14,[NULL]
5,"680,1,1",152,14,[NULL]
6,"68,1,174,1,1",152,14,[NULL]
7,"13,1,450,1,1",152,14,[NULL]
8,"709,1,0",152,14,[NULL]
0,1140,153,13,[NULL]
1,1139,153,13,[NULL]
2,"8,1,479,1,2",153,13,[NULL]
3,"0,1,7,1,486,1,2",153,13,[NULL]
4,"682,1,1",153,13,[NULL]
5,"681,1,1",153,13,[NULL]
6,"0,1,673,1,1",153,13,[NULL]
0,1141,154,12,[NULL]
1,"69,1,256",154,12,[NULL]
2,"0,1,163,1,105",154,12,[NULL]
3,"9,1,445,1,2",154,12,[NULL]
4,"1,1,7,1,478,1,2",154,12,[NULL]
5,"0,1,631,1,2",154,12,[NULL]
6,"0,1,674,1,1",154,12,[NULL]
7,"711,1,0",154,12,[NULL]
0,1142,155,11,[NULL]
1,"18,1,562",155,11,[NULL]
2,"43,1,400",155,11,[NULL]
3,"69,1,257",155,11,[NULL]
4,"392,1,26",155,11,[NULL]
5,"18,1,311,1,2",155,11,[NULL]
6,"7,2,314,1,2",155,11,[NULL]
7,"1,1,7,1,479,1,2",155,11,[NULL]
8,"0,1,16,1,69,2,2",155,11,[NULL]
9,"713,1,0",155,11,[NULL]
10,"712,1,0",155,11,[NULL]
0,1143,156,10,[NULL]
1,"69,1,258",156,10,[NULL]
2,"368,1,28",156,10,[NULL]
3,"396,1,26",156,10,[NULL]
4,"18,1,314,1,2",156,10,[NULL]
5,"0,1,17,1,69,2,2",156,10,[NULL]
6,"0,1,16,1,324,1,2",156,10,[NULL]
7,"7,2,352,1,1",156,10,[NULL]
8,"714,1,0",156,10,[NULL]
9,"18,1,373,1,0",156,10,[NULL]
0,1144,157,9,[NULL]
1,"18,1,564",157,9,[NULL]
2,"398,1,26",157,9,[NULL]
3,"0,1,17,1,324,1,2",157,9,[NULL]
4,"18,1,352,1,1",157,9,[NULL]
5,"0,1,676,1,1",157,9,[NULL]
6,"18,1,376,1,0",157,9,[NULL]
7,"1,1,684,1,0",157,9,[NULL]
0,1145,158,8,[NULL]
1,"7,1,854",158,8,[NULL]
2,"18,1,565",158,8,[NULL]
3,"9,1,324,1,7",158,8,[NULL]
4,"684,1,1",158,8,[NULL]
0,"18,1,566",159,7,[NULL]
1,"324,1,32",159,7,[NULL]
2,"2,1,69,2,28",159,7,[NULL]
3,"1,2,660,1,0",159,7,[NULL]
0,1146,160,6,[NULL]
1,"2,1,324,1,28",160,6,[NULL]
2,"2,1,660,1,0",160,6,[NULL]
0,"324,1,33",161,5,[NULL]
0,"1,1,622,1,2",113,54,[NULL]
1,"1,2,661,1,0",113,54,[NULL]
0,"641,1,2",114,53,[NULL]
0,"553,1,7",116,51,[NULL]
0,"554,1,7",117,50,[NULL]
0,"0,1,8,1,469,1,2",118,49,[NULL]
0,1147,119,48,[NULL]
1,"0,1,8,1,470,1,2",119,48,[NULL]
0,"8,2,236,1,7",120,47,[NULL]
1,"0,1,17,1,326,1,2",120,47,[NULL]
0,"8,1,16,1,183,1,7",121,46,[NULL]
0,"8,1,17,1,183,1,7",122,45,[NULL]
0,"8,1,354,1,7",123,44,[NULL]
0,"8,4,110,1,7",124,43,[NULL]
1,"0,1,635,1,2",124,43,[NULL]
0,"8,4,111,1,7",125,42,[NULL]
1,"0,1,636,1,2",125,42,[NULL]
0,"555,1,7",126,41,[NULL]
1,"8,2,16,1,17,1,50,1,7",126,41,[NULL]
2,"1,1,685,1,0",126,41,[NULL]
0,"556,1,7",127,40,[NULL]
1,"8,3,161,1,7",127,40,[NULL]
2,"685,1,1",127,40,[NULL]
0,"403,1,25",128,39,[NULL]
1,"8,6,31,1,7",128,39,[NULL]
2,"0,1,8,1,16,1,224,1,2",128,39,[NULL]
0,"8,5,16,1,17,1,7",129,38,[NULL]
1,"0,1,8,1,16,1,225,1,2",129,38,[NULL]
2,"686,1,1",129,38,[NULL]
3,"1,1,687,1,0",129,38,[NULL]
0,"0,2,17,1,244,1,8",130,37,[NULL]
1,"8,2,237,1,7",130,37,[NULL]
2,"8,5,17,2,7",130,37,[NULL]
3,"0,1,8,1,17,1,225,1,2",130,37,[NULL]
0,"0,1,17,2,138,1,8",131,36,[NULL]
1,"8,2,238,1,7",131,36,[NULL]
2,"8,5,60,1,7",131,36,[NULL]
0,"8,1,17,1,185,1,7",132,35,[NULL]
1,"8,7,13,1,7",132,35,[NULL]
0,"17,2,147,1,7",133,34,[NULL]
1,"8,6,32,1,7",133,34,[NULL]
2,"1,1,5,1,64,1,137,1,0",133,34,[NULL]
0,"8,4,112,1,7",134,33,[NULL]
1,"8,5,13,1,23,1,7",134,33,[NULL]
0,"8,4,113,1,7",135,32,[NULL]
1,"8,4,13,1,51,1,7",135,32,[NULL]
2,"0,2,623,1,2",135,32,[NULL]
0,"64,1,137,1,7",136,31,[NULL]
1,"8,3,162,1,7",136,31,[NULL]
2,"8,3,13,4,7",136,31,[NULL]
3,"0,1,637,1,2",136,31,[NULL]
0,"64,1,138,1,7",137,30,[NULL]
1,"8,2,23,1,113,1,7",137,30,[NULL]
2,"8,2,13,3,32,1,7",137,30,[NULL]
3,"8,1,516,1,1",137,30,[NULL]
0,"557,1,7",138,29,[NULL]
1,"8,1,13,4,23,1,7",138,29,[NULL]
2,"8,3,9,1,101,1,7",138,29,[NULL]
3,"17,1,380,1,1",138,29,[NULL]
0,"559,1,7",139,28,[NULL]
1,"13,4,51,1,7",139,28,[NULL]
2,"8,2,9,1,13,1,80,1,7",139,28,[NULL]
3,"0,2,8,2,278,1,2",139,28,[NULL]
0,"13,6,14",140,27,[NULL]
1,"8,1,16,1,187,1,7",140,27,[NULL]
2,"8,1,9,1,23,1,101,1,7",140,27,[NULL]
3,"0,2,8,1,454,1,2",140,27,[NULL]
0,"13,3,23,1,24,1,14",141,26,[NULL]
1,"9,1,13,1,23,1,80,1,7",141,26,[NULL]
2,"8,1,16,1,188,1,7",141,26,[NULL]
3,"13,2,248,1,1",141,26,[NULL]
0,"13,3,101,1,10",142,25,[NULL]
1,"8,1,17,1,188,1,7",142,25,[NULL]
2,"586,1,5",142,25,[NULL]
3,"13,3,150,1,1",142,25,[NULL]
4,"715,1,0",142,25,[NULL]
0,"17,1,267,1,7",143,24,[NULL]
1,"642,1,2",143,24,[NULL]
2,"716,1,0",143,24,[NULL]
3,"13,4,83,1,0",143,24,[NULL]
0,"8,1,13,1,212,1,7",144,23,[NULL]
1,"13,4,67,1,2",144,23,[NULL]
2,"1,1,626,1,2",144,23,[NULL]
3,"18,1,380,1,0",144,23,[NULL]
4,"1,2,666,1,0",144,23,[NULL]
0,"0,1,1122",145,22,[NULL]
1,"13,1,266,1,14",145,22,[NULL]
2,"13,2,188,1,7",145,22,[NULL]
3,"643,1,2",145,22,[NULL]
4,"9,1,13,3,75,1,2",145,22,[NULL]
5,"0,2,627,1,2",145,22,[NULL]
0,1148,146,21,[NULL]
1,"187,1,95",146,21,[NULL]
2,"13,2,133,1,28",146,21,[NULL]
3,"13,1,267,1,14",146,21,[NULL]
4,"13,1,286,1,10",146,21,[NULL]
5,"645,1,2",146,21,[NULL]
6,"644,1,2",146,21,[NULL]
7,"1,1,627,1,2",146,21,[NULL]
8,"2,1,646,1,1",146,21,[NULL]
9,"1,1,690,1,0",146,21,[NULL]
0,"0,1,1128",147,20,[NULL]
1,"188,1,96",147,20,[NULL]
2,"188,1,95",147,20,[NULL]
3,"13,1,268,1,14",147,20,[NULL]
4,"561,1,7",147,20,[NULL]
5,"646,1,2",147,20,[NULL]
6,"0,2,628,1,2",147,20,[NULL]
7,"690,1,1",147,20,[NULL]
8,"3,1,609,1,1",147,20,[NULL]
9,"717,1,0",147,20,[NULL]
10,"2,2,628,1,0",147,20,[NULL]
0,1150,148,19,[NULL]
1,1149,148,19,[NULL]
2,"328,1,33",148,19,[NULL]
3,"628,1,3",148,19,[NULL]
4,"8,1,69,1,112,1,2",148,19,[NULL]
5,"1,1,628,1,2",148,19,[NULL]
6,"3,1,628,1,0",148,19,[NULL]
0,"294,1,42",149,18,[NULL]
1,"23,1,213,1,14",149,18,[NULL]
2,"0,1,533,1,8",149,18,[NULL]
3,"647,1,2",149,18,[NULL]
4,"8,1,69,1,113,1,2",149,18,[NULL]
5,"0,1,8,1,475,1,2",149,18,[NULL]
6,"0,2,629,1,2",149,18,[NULL]
7,"0,1,3,1,604,1,1",149,18,[NULL]
8,"23,1,335,1,0",149,18,[NULL]
9,"1,1,692,1,0",149,18,[NULL]
10,"1,1,691,1,0",149,18,[NULL]
0,"2,1,1060",150,17,[NULL]
1,"13,1,288,1,10",150,17,[NULL]
2,"48,1,209,1,2",150,17,[NULL]
3,"13,1,417,1,2",150,17,[NULL]
4,"8,1,483,1,2",150,17,[NULL]
5,"1,1,629,1,2",150,17,[NULL]
6,"0,1,17,1,333,1,2",150,17,[NULL]
7,"693,1,1",150,17,[NULL]
8,"692,1,1",150,17,[NULL]
9,"691,1,1",150,17,[NULL]
10,"3,1,629,1,0",150,17,[NULL]
11,"1,2,669,1,0",150,17,[NULL]
0,"8,1,366,1,7",151,16,[NULL]
1,"630,1,3",151,16,[NULL]
2,"649,1,2",151,16,[NULL]
3,"648,1,2",151,16,[NULL]
4,"17,1,338,1,2",151,16,[NULL]
5,"25,1,335,1,0",151,16,[NULL]
6,"1,1,694,1,0",151,16,[NULL]
0,"2,1,1065",152,15,[NULL]
1,"484,1,17",152,15,[NULL]
2,"8,1,367,1,7",152,15,[NULL]
3,"650,1,2",152,15,[NULL]
4,"8,1,486,1,2",152,15,[NULL]
5,"18,1,385,1,0",152,15,[NULL]
0,1153,153,14,[NULL]
1,1152,153,14,[NULL]
2,1151,153,14,[NULL]
3,"562,1,7",153,14,[NULL]
4,"651,1,2",153,14,[NULL]
5,"9,1,450,1,2",153,14,[NULL]
6,"718,1,0",153,14,[NULL]
7,"27,1,324,1,0",153,14,[NULL]
0,1157,154,13,[NULL]
1,1156,154,13,[NULL]
2,1155,154,13,[NULL]
3,1154,154,13,[NULL]
4,"324,1,34",154,13,[NULL]
5,"373,1,28",154,13,[NULL]
6,"563,1,7",154,13,[NULL]
7,"1,1,7,1,486,1,2",154,13,[NULL]
0,1158,155,12,[NULL]
1,"376,1,28",155,12,[NULL]
2,"504,1,14",155,12,[NULL]
3,"652,1,2",155,12,[NULL]
4,"1,1,631,1,2",155,12,[NULL]
5,"0,1,18,1,311,1,2",155,12,[NULL]
6,"3,2,544,1,1",155,12,[NULL]
0,1160,156,11,[NULL]
1,1159,156,11,[NULL]
2,"69,1,263",156,11,[NULL]
3,"18,1,321,1,2",156,11,[NULL]
4,"1,1,632,1,2",156,11,[NULL]
5,"1,1,16,1,69,2,2",156,11,[NULL]
6,"0,1,18,1,314,1,2",156,11,[NULL]
7,"0,2,17,1,69,2,2",156,11,[NULL]
8,"0,2,16,1,324,1,2",156,11,[NULL]
9,"719,1,0",156,11,[NULL]
0,1163,157,10,[NULL]
1,1162,157,10,[NULL]
2,1161,157,10,[NULL]
3,"18,1,573",157,10,[NULL]
4,"68,1,163,1,2",157,10,[NULL]
5,"1,1,633,1,2",157,10,[NULL]
6,"1,1,16,1,324,1,2",157,10,[NULL]
7,"0,2,17,1,324,1,2",157,10,[NULL]
8,"18,1,366,1,1",157,10,[NULL]
9,"1,1,7,1,546,1,0",157,10,[NULL]
0,1164,158,9,[NULL]
1,"69,1,266",158,9,[NULL]
2,"3,1,577,1,2",158,9,[NULL]
3,"18,1,367,1,1",158,9,[NULL]
4,"8,2,324,1,1",158,9,[NULL]
5,"7,1,546,1,1",158,9,[NULL]
6,"0,1,684,1,1",158,9,[NULL]
7,"2,1,676,1,0",158,9,[NULL]
8,"1,1,697,1,0",158,9,[NULL]
0,"7,2,576",159,8,[NULL]
1,"163,1,114",159,8,[NULL]
2,"2,1,617,1,2",159,8,[NULL]
3,"697,1,1",159,8,[NULL]
4,"696,1,1",159,8,[NULL]
5,"22,1,324,1,1",159,8,[NULL]
6,"720,1,0",159,8,[NULL]
7,"7,2,398,1,0",159,8,[NULL]
8,"1,1,18,1,368,1,0",159,8,[NULL]
0,"18,1,576",160,7,[NULL]
1,"2,2,13,1,324,1,2",160,7,[NULL]
2,"698,1,1",160,7,[NULL]
3,"24,1,69,2,1",160,7,[NULL]
4,"23,1,324,1,1",160,7,[NULL]
5,"18,1,368,1,1",160,7,[NULL]
6,"28,1,324,1,0",160,7,[NULL]
7,"7,2,400,1,0",160,7,[NULL]
0,"7,2,577",161,6,[NULL]
1,"324,1,35",161,6,[NULL]
2,"7,1,507,1,2",161,6,[NULL]
3,"699,1,1",161,6,[NULL]
4,"24,1,324,1,1",161,6,[NULL]
5,"2,1,18,1,341,1,0",161,6,[NULL]
0,"18,1,577",162,5,[NULL]
1,"7,1,508,1,2",162,5,[NULL]
2,"25,1,324,1,1",162,5,[NULL]
0,"324,1,36",163,4,[NULL]
0,"7,2,324,1,2",164,3,[NULL]
1,"2,1,18,1,324,1,1",164,3,[NULL]
0,"18,1,324,1,2",165,2,[NULL]
0,"721,1,0",113,55,[NULL]
0,"0,1,641,1,2",114,54,[NULL]
0,"700,1,1",116,52,[NULL]
0,"701,1,1",117,51,[NULL]
0,"0,2,8,1,469,1,2",118,50,[NULL]
0,"0,2,8,1,470,1,2",119,49,[NULL]
0,"0,2,635,1,2",124,44,[NULL]
0,"1,1,635,1,2",125,43,[NULL]
1,"0,2,636,1,2",125,43,[NULL]
0,"16,1,402,1,1",126,42,[NULL]
0,"16,1,403,1,1",127,41,[NULL]
1,"0,1,685,1,1",127,41,[NULL]
0,"17,1,403,1,1",128,40,[NULL]
1,"722,1,0",128,40,[NULL]
0,"0,2,8,1,16,1,225,1,2",129,39,[NULL]
0,"723,1,0",130,38,[NULL]
0,"8,3,225,1,1",131,37,[NULL]
0,"8,1,488,1,2",132,36,[NULL]
1,"1,1,42,1,224,1,2",132,36,[NULL]
0,"17,1,343,1,2",133,35,[NULL]
0,"8,1,489,1,2",134,34,[NULL]
1,"725,1,0",134,34,[NULL]
0,"8,1,490,1,2",135,33,[NULL]
1,"0,3,623,1,2",135,33,[NULL]
0,"8,3,206,1,2",136,32,[NULL]
1,"64,1,184,1,1",136,32,[NULL]
0,"8,2,17,1,160,1,2",137,31,[NULL]
1,"64,1,185,1,1",137,31,[NULL]
2,"0,1,8,1,516,1,1",137,31,[NULL]
0,"64,1,149,1,5",138,30,[NULL]
1,"8,1,491,1,2",138,30,[NULL]
2,"8,3,207,1,2",138,30,[NULL]
3,"8,1,16,1,260,1,0",138,30,[NULL]
0,"17,1,260,1,8",139,29,[NULL]
1,"8,3,208,1,2",139,29,[NULL]
0,"8,2,9,1,194,1,2",140,28,[NULL]
0,1165,141,27,[NULL]
1,"653,1,2",141,27,[NULL]
2,"8,1,9,1,13,1,167,1,2",141,27,[NULL]
3,"42,1,260,1,0",141,27,[NULL]
0,"13,3,51,1,42",142,26,[NULL]
1,"16,1,347,1,2",142,26,[NULL]
2,"9,1,13,1,248,1,2",142,26,[NULL]
3,"8,2,291,1,2",142,26,[NULL]
0,1166,143,25,[NULL]
1,"13,1,219,1,28",143,25,[NULL]
2,"17,1,347,1,2",143,25,[NULL]
3,"8,2,292,1,2",143,25,[NULL]
4,"0,1,642,1,2",143,25,[NULL]
5,"13,4,80,1,1",143,25,[NULL]
0,"10,1,774",144,24,[NULL]
1,"654,1,2",144,24,[NULL]
2,"22,1,292,1,2",144,24,[NULL]
3,"8,1,492,1,2",144,24,[NULL]
4,"727,1,0",144,24,[NULL]
5,"23,1,346,1,0",144,24,[NULL]
0,"381,1,28",145,23,[NULL]
1,"23,1,292,1,2",145,23,[NULL]
2,"8,2,293,1,2",145,23,[NULL]
3,"0,1,643,1,2",145,23,[NULL]
4,"0,3,627,1,2",145,23,[NULL]
5,"1,1,64,1,187,1,0",145,23,[NULL]
0,"219,1,79",146,22,[NULL]
1,"13,3,95,1,14",146,22,[NULL]
2,"627,1,4",146,22,[NULL]
3,"8,3,209,1,2",146,22,[NULL]
4,"0,1,644,1,2",146,22,[NULL]
5,"64,1,187,1,1",146,22,[NULL]
0,"303,1,42",147,21,[NULL]
1,"13,2,164,1,14",147,21,[NULL]
2,"69,1,138,1,7",147,21,[NULL]
3,"8,2,294,1,2",147,21,[NULL]
4,"0,1,646,1,2",147,21,[NULL]
5,"702,1,1",147,21,[NULL]
6,"64,1,188,1,1",147,21,[NULL]
7,"13,1,472,1,1",147,21,[NULL]
8,"0,1,690,1,1",147,21,[NULL]
0,1168,148,20,[NULL]
1,1167,148,20,[NULL]
2,"13,1,188,1,42",148,20,[NULL]
3,"628,1,4",148,20,[NULL]
4,"655,1,2",148,20,[NULL]
5,"8,1,13,1,261,1,2",148,20,[NULL]
6,"1,1,638,1,2",148,20,[NULL]
7,"0,1,8,1,69,1,112,1,2",148,20,[NULL]
8,"703,1,1",148,20,[NULL]
9,"13,1,473,1,1",148,20,[NULL]
10,"728,1,0",148,20,[NULL]
11,"13,2,261,1,0",148,20,[NULL]
0,1170,149,19,[NULL]
1,1169,149,19,[NULL]
2,"13,1,423,1,2",149,19,[NULL]
3,"1,1,639,1,2",149,19,[NULL]
4,"0,1,8,1,69,1,113,1,2",149,19,[NULL]
5,"0,2,8,1,475,1,2",149,19,[NULL]
6,"706,1,1",149,19,[NULL]
7,"705,1,1",149,19,[NULL]
8,"2,1,656,1,1",149,19,[NULL]
9,"13,2,262,1,0",149,19,[NULL]
10,"3,1,639,1,0",149,19,[NULL]
0,1171,150,18,[NULL]
1,"3,1,1017",150,18,[NULL]
2,"51,1,355",150,18,[NULL]
3,"656,1,2",150,18,[NULL]
4,"13,1,23,1,181,1,2",150,18,[NULL]
5,"0,1,8,1,483,1,2",150,18,[NULL]
6,"0,2,17,1,333,1,2",150,18,[NULL]
7,"2,2,618,1,1",150,18,[NULL]
8,"0,1,693,1,1",150,18,[NULL]
9,"729,1,0",150,18,[NULL]
0,1172,151,17,[NULL]
1,"3,1,1018",151,17,[NULL]
2,"13,1,190,1,42",151,17,[NULL]
3,"8,1,69,1,80,1,7",151,17,[NULL]
4,"2,1,618,1,2",151,17,[NULL]
5,"0,1,648,1,2",151,17,[NULL]
6,"13,1,474,1,1",151,17,[NULL]
7,"8,2,333,1,1",151,17,[NULL]
0,1174,152,16,[NULL]
1,1173,152,16,[NULL]
2,"540,1,10",152,16,[NULL]
3,"8,1,373,1,7",152,16,[NULL]
4,"0,1,650,1,2",152,16,[NULL]
5,"707,1,1",152,16,[NULL]
6,"13,1,476,1,1",152,16,[NULL]
7,"8,1,534,1,1",152,16,[NULL]
8,"1,1,708,1,0",152,16,[NULL]
0,1175,153,15,[NULL]
1,"2,1,1086",153,15,[NULL]
2,"18,1,582",153,15,[NULL]
3,"67,1,275",153,15,[NULL]
4,"174,1,105",153,15,[NULL]
5,"386,1,28",153,15,[NULL]
0,1176,154,14,[NULL]
1,"68,1,275",154,14,[NULL]
2,"0,1,324,1,34",154,14,[NULL]
3,"389,1,28",154,14,[NULL]
4,"485,1,18",154,14,[NULL]
5,"709,1,1",154,14,[NULL]
0,1179,155,13,[NULL]
1,1178,155,13,[NULL]
2,1177,155,13,[NULL]
3,"390,1,28",155,13,[NULL]
4,"18,1,190,1,28",155,13,[NULL]
5,"657,1,2",155,13,[NULL]
6,"0,1,652,1,2",155,13,[NULL]
7,"731,1,0",155,13,[NULL]
8,"730,1,0",155,13,[NULL]
0,1181,156,12,[NULL]
1,1180,156,12,[NULL]
2,"392,1,28",156,12,[NULL]
3,"13,1,69,1,95,1,2",156,12,[NULL]
4,"0,2,18,1,314,1,2",156,12,[NULL]
5,"711,1,1",156,12,[NULL]
6,"732,1,0",156,12,[NULL]
7,"18,1,411,1,0",156,12,[NULL]
8,"1,1,712,1,0",156,12,[NULL]
0,1182,157,11,[NULL]
1,"18,1,332,1,2",157,11,[NULL]
2,"0,1,68,1,163,1,2",157,11,[NULL]
3,"0,3,17,1,324,1,2",157,11,[NULL]
4,"713,1,1",157,11,[NULL]
5,"712,1,1",157,11,[NULL]
6,"0,1,18,1,366,1,1",157,11,[NULL]
7,"735,1,0",157,11,[NULL]
8,"734,1,0",157,11,[NULL]
9,"7,1,571,1,0",157,11,[NULL]
0,1183,158,10,[NULL]
1,"69,1,274",158,10,[NULL]
2,"658,1,2",158,10,[NULL]
3,"19,1,69,2,2",158,10,[NULL]
4,"18,1,333,1,2",158,10,[NULL]
5,"714,1,1",158,10,[NULL]
6,"18,1,373,1,1",158,10,[NULL]
7,"0,1,8,2,324,1,1",158,10,[NULL]
8,"0,1,7,1,546,1,1",158,10,[NULL]
9,"18,1,414,1,0",158,10,[NULL]
10,"1,1,18,1,376,1,0",158,10,[NULL]
11,"1,2,684,1,0",158,10,[NULL]
0,1184,159,9,[NULL]
1,"69,1,275",159,9,[NULL]
2,"0,1,163,1,114",159,9,[NULL]
3,"659,1,2",159,9,[NULL]
4,"20,1,69,2,2",159,9,[NULL]
5,"19,1,324,1,2",159,9,[NULL]
6,"18,1,376,1,1",159,9,[NULL]
7,"8,1,9,1,324,1,0",159,9,[NULL]
0,"0,1,18,1,576",160,8,[NULL]
1,"70,1,163,1,2",160,8,[NULL]
2,"20,1,324,1,2",160,8,[NULL]
3,"0,1,698,1,1",160,8,[NULL]
0,1185,161,7,[NULL]
1,"69,1,276",161,7,[NULL]
2,"69,2,37",161,7,[NULL]
3,"0,1,324,1,35",161,7,[NULL]
4,"0,1,699,1,1",161,7,[NULL]
0,"2,1,18,1,540",162,6,[NULL]
1,"324,1,37",162,6,[NULL]
2,"0,1,7,1,508,1,2",162,6,[NULL]
3,"18,1,378,1,1",162,6,[NULL]
4,"2,1,660,1,1",162,6,[NULL]
0,"18,1,595",163,5,[NULL]
1,"660,1,2",163,5,[NULL]
2,"26,1,324,1,1",163,5,[NULL]
0,"0,1,7,2,324,1,2",164,4,[NULL]
0,"0,1,18,1,324,1,2",165,3,[NULL]
0,1186,113,56,[NULL]
0,"0,2,641,1,2",114,55,[NULL]
0,"0,1,700,1,1",116,53,[NULL]
0,"661,1,2",117,52,[NULL]
1,"8,1,553,1,0",117,52,[NULL]
0,"554,1,8",118,51,[NULL]
0,"736,1,0",120,49,[NULL]
0,"8,2,295,1,2",121,48,[NULL]
0,"8,2,296,1,2",122,47,[NULL]
0,"16,1,17,1,183,1,2",123,46,[NULL]
0,"8,1,498,1,2",124,45,[NULL]
1,"0,3,635,1,2",124,45,[NULL]
0,"8,4,145,1,2",125,44,[NULL]
1,"0,3,636,1,2",125,44,[NULL]
0,"8,3,16,1,111,1,2",126,43,[NULL]
1,"0,1,16,1,402,1,1",126,43,[NULL]
0,"662,1,2",127,42,[NULL]
1,"8,3,17,1,111,1,2",127,42,[NULL]
2,"8,1,555,1,0",127,42,[NULL]
3,"1,2,685,1,0",127,42,[NULL]
0,"663,1,2",128,41,[NULL]
1,"8,3,211,1,2",128,41,[NULL]
0,"8,6,49,1,2",129,40,[NULL]
0,"452,1,22",130,39,[NULL]
1,"8,6,50,1,2",130,39,[NULL]
0,"8,2,297,1,2",131,38,[NULL]
1,"8,4,16,1,17,2,2",131,38,[NULL]
2,"8,3,237,1,0",131,38,[NULL]
0,"245,1,61",132,37,[NULL]
1,"8,2,298,1,2",132,37,[NULL]
2,"8,5,88,1,2",132,37,[NULL]
0,"572,1,7",133,36,[NULL]
1,"8,1,17,1,238,1,2",133,36,[NULL]
2,"8,9,2",133,36,[NULL]
0,"8,2,244,1,7",134,35,[NULL]
1,"17,2,185,1,2",134,35,[NULL]
2,"8,7,22,1,2",134,35,[NULL]
0,"16,1,17,1,149,1,7",135,34,[NULL]
1,"8,4,146,1,2",135,34,[NULL]
2,"8,7,23,1,2",135,34,[NULL]
0,1187,136,33,[NULL]
1,"8,2,245,1,7",136,33,[NULL]
2,"8,4,147,1,2",136,33,[NULL]
3,"8,6,51,1,2",136,33,[NULL]
0,"64,1,137,1,8",137,32,[NULL]
1,"8,2,247,1,7",137,32,[NULL]
2,"8,3,17,1,113,1,2",137,32,[NULL]
3,"8,5,13,3,2",137,32,[NULL]
4,"8,1,64,1,137,1,0",137,32,[NULL]
0,"64,1,138,1,8",138,31,[NULL]
1,"8,3,166,1,7",138,31,[NULL]
2,"8,2,17,1,162,1,2",138,31,[NULL]
3,"8,4,13,2,32,1,2",138,31,[NULL]
4,"0,1,8,1,491,1,2",138,31,[NULL]
0,"0,1,17,1,260,1,8",139,30,[NULL]
1,"8,3,167,1,7",139,30,[NULL]
2,"664,1,2",139,30,[NULL]
3,"8,3,13,3,23,1,2",139,30,[NULL]
4,"8,5,89,1,2",139,30,[NULL]
0,"149,1,138",140,29,[NULL]
1,"300,1,44",140,29,[NULL]
2,"558,1,8",140,29,[NULL]
3,"8,1,380,1,7",140,29,[NULL]
4,"8,2,248,1,7",140,29,[NULL]
5,"665,1,2",140,29,[NULL]
6,"8,2,13,3,51,1,2",140,29,[NULL]
7,"8,4,9,1,80,1,2",140,29,[NULL]
0,"0,1,1165",141,28,[NULL]
1,"149,1,139",141,28,[NULL]
2,"17,1,278,1,7",141,28,[NULL]
3,"8,1,13,1,219,1,7",141,28,[NULL]
4,"8,1,13,6,2",141,28,[NULL]
5,"8,2,64,2,2",141,28,[NULL]
6,"8,3,23,1,89,1,2",141,28,[NULL]
7,"13,7,0",141,28,[NULL]
0,"292,1,47",142,27,[NULL]
1,"573,1,7",142,27,[NULL]
2,"13,2,194,1,7",142,27,[NULL]
3,"13,5,32,1,2",142,27,[NULL]
4,"8,2,299,1,2",142,27,[NULL]
5,"8,2,9,1,23,1,80,1,2",142,27,[NULL]
6,"0,1,8,2,291,1,2",142,27,[NULL]
7,"13,4,23,1,24,1,0",142,27,[NULL]
0,"278,1,50",143,26,[NULL]
1,"13,2,167,1,14",143,26,[NULL]
2,"574,1,7",143,26,[NULL]
3,"13,5,33,1,2",143,26,[NULL]
4,"8,1,499,1,2",143,26,[NULL]
5,"8,1,9,1,13,2,101,1,2",143,26,[NULL]
6,"0,1,8,2,292,1,2",143,26,[NULL]
7,"0,2,642,1,2",143,26,[NULL]
8,"1,1,715,1,0",143,26,[NULL]
0,"13,2,168,1,14",144,25,[NULL]
1,"9,1,346,1,7",144,25,[NULL]
2,"8,1,382,1,7",144,25,[NULL]
3,"13,1,435,1,2",144,25,[NULL]
4,"9,1,13,3,80,1,2",144,25,[NULL]
5,"1,1,642,1,2",144,25,[NULL]
6,"0,1,654,1,2",144,25,[NULL]
7,"715,1,1",144,25,[NULL]
0,"13,1,292,1,10",145,24,[NULL]
1,"8,1,383,1,7",145,24,[NULL]
2,"8,3,212,1,2",145,24,[NULL]
3,"0,2,643,1,2",145,24,[NULL]
4,"716,1,1",145,24,[NULL]
5,"13,4,83,1,1",145,24,[NULL]
0,1188,146,23,[NULL]
1,"8,2,250,1,7",146,23,[NULL]
2,"8,2,13,1,188,1,2",146,23,[NULL]
3,"18,1,380,1,1",146,23,[NULL]
4,"0,1,64,1,187,1,1",146,23,[NULL]
5,"13,2,266,1,0",146,23,[NULL]
0,"8,1,384,1,7",147,22,[NULL]
1,"23,1,303,1,2",147,22,[NULL]
2,"8,1,13,1,267,1,2",147,22,[NULL]
3,"1,2,627,1,2",147,22,[NULL]
4,"0,2,646,1,2",147,22,[NULL]
5,"69,1,185,1,1",147,22,[NULL]
6,"0,1,702,1,1",147,22,[NULL]
7,"737,1,0",147,22,[NULL]
8,"64,1,201,1,0",147,22,[NULL]
9,"13,2,267,1,0",147,22,[NULL]
0,"13,1,23,1,75,1,42",148,21,[NULL]
1,"9,1,13,1,209,1,7",148,21,[NULL]
2,"646,1,3",148,21,[NULL]
3,"666,1,2",148,21,[NULL]
4,"13,1,23,1,188,1,2",148,21,[NULL]
5,"9,1,472,1,2",148,21,[NULL]
6,"1,1,646,1,2",148,21,[NULL]
7,"0,1,655,1,2",148,21,[NULL]
8,"13,2,268,1,0",148,21,[NULL]
9,"3,1,646,1,0",148,21,[NULL]
10,"2,1,690,1,0",148,21,[NULL]
0,1189,149,20,[NULL]
1,"328,1,37",149,20,[NULL]
2,"13,1,294,1,10",149,20,[NULL]
3,"667,1,2",149,20,[NULL]
4,"13,1,23,1,189,1,2",149,20,[NULL]
5,"1,2,628,1,2",149,20,[NULL]
6,"0,2,8,1,69,1,113,1,2",149,20,[NULL]
7,"717,1,1",149,20,[NULL]
8,"2,2,628,1,1",149,20,[NULL]
9,"1,1,3,1,628,1,0",149,20,[NULL]
0,1190,150,19,[NULL]
1,"3,1,267,1,41",150,19,[NULL]
2,"668,1,2",150,19,[NULL]
3,"2,1,628,1,2",150,19,[NULL]
4,"0,1,656,1,2",150,19,[NULL]
5,"3,1,628,1,1",150,19,[NULL]
6,"43,1,266,1,0",150,19,[NULL]
7,"13,1,23,1,213,1,0",150,19,[NULL]
0,"267,1,53",151,18,[NULL]
1,"13,1,23,1,190,1,2",151,18,[NULL]
2,"1,1,48,1,209,1,2",151,18,[NULL]
3,"0,2,648,1,2",151,18,[NULL]
4,"23,1,335,1,1",151,18,[NULL]
5,"0,1,8,2,333,1,1",151,18,[NULL]
6,"1,1,3,1,629,1,0",151,18,[NULL]
0,1191,152,17,[NULL]
1,"9,1,474,1,2",152,17,[NULL]
2,"8,1,502,1,2",152,17,[NULL]
3,"3,1,629,1,1",152,17,[NULL]
4,"0,1,707,1,1",152,17,[NULL]
5,"3,1,648,1,0",152,17,[NULL]
0,"408,1,28",153,16,[NULL]
1,"16,1,367,1,2",153,16,[NULL]
2,"2,1,630,1,2",153,16,[NULL]
3,"25,1,335,1,1",153,16,[NULL]
4,"3,1,630,1,1",153,16,[NULL]
5,"1,1,18,1,385,1,0",153,16,[NULL]
0,1192,154,15,[NULL]
1,"425,1,26",154,15,[NULL]
2,"670,1,2",154,15,[NULL]
3,"669,1,2",154,15,[NULL]
4,"17,1,367,1,2",154,15,[NULL]
5,"67,1,190,1,1",154,15,[NULL]
6,"67,1,197,1,0",154,15,[NULL]
7,"1,1,27,1,324,1,0",154,15,[NULL]
0,1194,155,14,[NULL]
1,1193,155,14,[NULL]
2,"672,1,2",155,14,[NULL]
3,"671,1,2",155,14,[NULL]
4,"718,1,1",155,14,[NULL]
5,"67,1,191,1,1",155,14,[NULL]
6,"742,1,0",155,14,[NULL]
0,1198,156,13,[NULL]
1,1197,156,13,[NULL]
2,1196,156,13,[NULL]
3,1195,156,13,[NULL]
4,"69,1,133,1,10",156,13,[NULL]
5,"652,1,3",156,13,[NULL]
6,"8,1,504,1,2",156,13,[NULL]
7,"1,1,652,1,2",156,13,[NULL]
8,"3,1,652,1,0",156,13,[NULL]
0,1201,157,12,[NULL]
1,1200,157,12,[NULL]
2,1199,157,12,[NULL]
3,"2,1,1109",157,12,[NULL]
4,"324,1,38",157,12,[NULL]
5,"504,1,17",157,12,[NULL]
6,"544,1,12",157,12,[NULL]
7,"673,1,2",157,12,[NULL]
8,"13,1,445,1,2",157,12,[NULL]
9,"1,1,18,1,321,1,2",157,12,[NULL]
10,"23,1,368,1,0",157,12,[NULL]
11,"1,1,719,1,0",157,12,[NULL]
0,1202,158,11,[NULL]
1,"675,1,2",158,11,[NULL]
2,"674,1,2",158,11,[NULL]
3,"1,2,16,1,324,1,2",158,11,[NULL]
4,"0,1,658,1,2",158,11,[NULL]
5,"0,1,19,1,69,2,2",158,11,[NULL]
6,"0,1,18,1,333,1,2",158,11,[NULL]
7,"719,1,1",158,11,[NULL]
8,"745,1,0",158,11,[NULL]
9,"744,1,0",158,11,[NULL]
10,"743,1,0",158,11,[NULL]
0,1203,159,10,[NULL]
1,"0,1,1184",159,10,[NULL]
2,"18,1,338,1,2",159,10,[NULL]
3,"0,1,659,1,2",159,10,[NULL]
4,"0,1,20,1,69,2,2",159,10,[NULL]
5,"0,1,19,1,324,1,2",159,10,[NULL]
6,"746,1,0",159,10,[NULL]
0,1204,160,9,[NULL]
1,"18,1,615",160,9,[NULL]
2,"1,1,163,1,114",160,9,[NULL]
3,"0,1,20,1,324,1,2",160,9,[NULL]
4,"2,1,676,1,1",160,9,[NULL]
5,"2,1,697,1,0",160,9,[NULL]
6,"1,1,720,1,0",160,9,[NULL]
0,1206,161,8,[NULL]
1,1205,161,8,[NULL]
2,"18,1,618",161,8,[NULL]
3,"13,1,324,1,7",161,8,[NULL]
4,"676,1,2",161,8,[NULL]
5,"720,1,1",161,8,[NULL]
6,"7,2,398,1,1",161,8,[NULL]
7,"2,1,698,1,0",161,8,[NULL]
8,"2,1,24,1,69,2,0",161,8,[NULL]
9,"2,1,18,1,368,1,0",161,8,[NULL]
10,"1,1,28,1,324,1,0",161,8,[NULL]
0,1208,162,7,[NULL]
1,1207,162,7,[NULL]
2,"324,1,39",162,7,[NULL]
3,"527,1,14",162,7,[NULL]
4,"18,1,339,1,2",162,7,[NULL]
5,"7,2,400,1,1",162,7,[NULL]
6,"748,1,0",162,7,[NULL]
7,"747,1,0",162,7,[NULL]
8,"2,1,699,1,0",162,7,[NULL]
9,"2,1,24,1,324,1,0",162,7,[NULL]
0,1209,163,6,[NULL]
1,"324,1,40",163,6,[NULL]
2,"1,1,7,1,508,1,2",163,6,[NULL]
3,"0,1,660,1,2",163,6,[NULL]
4,"2,1,18,1,341,1,1",163,6,[NULL]
5,"749,1,0",163,6,[NULL]
6,"2,1,25,1,324,1,0",163,6,[NULL]
0,"324,1,41",164,5,[NULL]
1,"18,1,341,1,2",164,5,[NULL]
2,"750,1,0",164,5,[NULL]
0,"1,1,7,2,324,1,2",165,4,[NULL]
1,"0,2,18,1,324,1,2",165,4,[NULL]
2,"751,1,0",165,4,[NULL]
3,"2,2,18,1,324,1,0",165,4,[NULL]
0,"18,1,324,1,3",166,3,[NULL]
1,"1,1,18,1,324,1,2",166,3,[NULL]
2,"3,1,18,1,324,1,0",166,3,[NULL]
0,"0,1,661,1,2",117,53,[NULL]
0,"0,1,554,1,8",118,52,[NULL]
0,"578,1,7",119,51,[NULL]
0,"579,1,7",120,50,[NULL]
0,"296,1,47",121,49,[NULL]
1,"0,1,8,2,295,1,2",121,49,[NULL]
0,1210,122,48,[NULL]
1,"0,1,8,2,296,1,2",122,48,[NULL]
0,"8,2,252,1,7",123,47,[NULL]
0,"8,2,253,1,7",124,46,[NULL]
0,"8,1,17,1,200,1,7",125,45,[NULL]
0,"8,1,401,1,7",126,44,[NULL]
1,"1,2,635,1,2",126,44,[NULL]
0,"8,4,116,1,7",127,43,[NULL]
1,"0,1,662,1,2",127,43,[NULL]
0,"8,4,117,1,7",128,42,[NULL]
1,"0,1,663,1,2",128,42,[NULL]
0,"8,1,402,1,7",129,41,[NULL]
1,"8,3,17,1,78,1,7",129,41,[NULL]
0,"8,1,403,1,7",130,40,[NULL]
1,"8,3,171,1,7",130,40,[NULL]
2,"722,1,1",130,40,[NULL]
0,"17,1,225,1,22",131,39,[NULL]
1,"8,6,39,1,7",131,39,[NULL]
2,"0,1,8,2,297,1,2",131,39,[NULL]
0,"224,1,81",132,38,[NULL]
1,"8,6,40,1,7",132,38,[NULL]
2,"0,1,8,2,298,1,2",132,38,[NULL]
0,"8,2,16,1,137,1,7",133,37,[NULL]
1,"8,5,17,1,20,1,7",133,37,[NULL]
2,"0,1,8,1,17,1,238,1,2",133,37,[NULL]
0,"8,2,16,1,138,1,7",134,36,[NULL]
1,"8,5,63,1,7",134,36,[NULL]
0,"8,2,17,1,138,1,7",135,35,[NULL]
1,"8,6,9,1,13,1,7",135,35,[NULL]
2,"1,1,725,1,0",135,35,[NULL]
0,"8,1,42,1,137,1,7",136,34,[NULL]
1,"8,5,9,1,32,1,7",136,34,[NULL]
2,"725,1,1",136,34,[NULL]
0,1211,137,33,[NULL]
1,"0,1,64,1,137,1,8",137,33,[NULL]
2,"8,4,9,1,13,1,23,1,7",137,33,[NULL]
3,"8,5,64,1,7",137,33,[NULL]
0,"0,1,64,1,138,1,8",138,32,[NULL]
1,"8,3,9,1,13,1,51,1,7",138,32,[NULL]
2,"8,4,118,1,7",138,32,[NULL]
3,"0,2,8,1,491,1,2",138,32,[NULL]
0,"0,2,17,1,260,1,8",139,31,[NULL]
1,"64,1,146,1,7",139,31,[NULL]
2,"8,2,9,1,13,4,7",139,31,[NULL]
3,"8,3,17,1,80,1,7",139,31,[NULL]
4,"0,1,664,1,2",139,31,[NULL]
5,"5,1,64,1,149,1,0",139,31,[NULL]
0,"0,1,558,1,8",140,30,[NULL]
1,"64,1,147,1,7",140,30,[NULL]
2,"8,1,9,1,13,3,32,1,7",140,30,[NULL]
3,"8,3,173,1,7",140,30,[NULL]
4,"64,1,149,1,6",140,30,[NULL]
5,"8,1,16,1,260,1,1",140,30,[NULL]
0,"9,1,13,4,23,1,7",141,29,[NULL]
1,"8,1,404,1,7",141,29,[NULL]
2,"8,3,13,1,101,1,7",141,29,[NULL]
3,"598,1,6",141,29,[NULL]
4,"8,1,17,1,260,1,1",141,29,[NULL]
0,"13,4,51,1,10",142,28,[NULL]
1,"580,1,7",142,28,[NULL]
2,"8,2,13,2,80,1,7",142,28,[NULL]
3,"1,1,653,1,2",142,28,[NULL]
4,"0,2,8,2,291,1,2",142,28,[NULL]
5,"1,1,42,1,260,1,0",142,28,[NULL]
0,"8,1,13,1,23,1,101,1,7",143,27,[NULL]
1,"8,2,254,1,7",143,27,[NULL]
2,"0,2,8,2,292,1,2",143,27,[NULL]
3,"0,3,642,1,2",143,27,[NULL]
0,"13,2,23,1,80,1,7",144,26,[NULL]
1,"8,2,255,1,7",144,26,[NULL]
2,"753,1,0",144,26,[NULL]
0,"13,1,194,1,42",145,25,[NULL]
1,"13,3,101,1,14",145,25,[NULL]
2,"8,1,20,1,188,1,7",145,25,[NULL]
0,"13,1,774",146,24,[NULL]
1,"13,2,51,1,104",146,24,[NULL]
2,"20,1,267,1,7",146,24,[NULL]
3,"23,1,346,1,1",146,24,[NULL]
4,"1,2,64,1,187,1,0",146,24,[NULL]
0,1212,147,23,[NULL]
1,"13,3,67,1,28",147,23,[NULL]
2,"9,1,13,1,212,1,7",147,23,[NULL]
3,"13,4,95,1,0",147,23,[NULL]
4,"4,1,627,1,0",147,23,[NULL]
0,1213,148,22,[NULL]
1,"2,1,1122",148,22,[NULL]
2,"13,2,188,1,10",148,22,[NULL]
3,"69,1,138,1,8",148,22,[NULL]
4,"13,4,75,1,2",148,22,[NULL]
5,"0,1,666,1,2",148,22,[NULL]
6,"0,2,655,1,2",148,22,[NULL]
7,"13,3,164,1,0",148,22,[NULL]
0,1214,149,21,[NULL]
1,"201,1,95",149,21,[NULL]
2,"13,1,286,1,14",149,21,[NULL]
3,"568,1,8",149,21,[NULL]
4,"13,4,76,1,2",149,21,[NULL]
5,"1,1,655,1,2",149,21,[NULL]
6,"0,1,667,1,2",149,21,[NULL]
7,"0,1,717,1,1",149,21,[NULL]
8,"754,1,0",149,21,[NULL]
0,1216,150,20,[NULL]
1,1215,150,20,[NULL]
2,"188,1,103",150,20,[NULL]
3,"13,1,287,1,14",150,20,[NULL]
4,"582,1,7",150,20,[NULL]
5,"13,2,261,1,1",150,20,[NULL]
6,"0,1,3,1,628,1,1",150,20,[NULL]
0,1218,151,19,[NULL]
1,1217,151,19,[NULL]
2,"17,1,678",151,19,[NULL]
3,"656,1,3",151,19,[NULL]
4,"13,2,262,1,1",151,19,[NULL]
0,1219,152,18,[NULL]
1,"188,1,104",152,18,[NULL]
2,"2,1,618,1,3",152,18,[NULL]
3,"8,2,312,1,2",152,18,[NULL]
4,"0,1,8,1,502,1,2",152,18,[NULL]
0,1222,153,17,[NULL]
1,1221,153,17,[NULL]
2,1220,153,17,[NULL]
3,"417,1,28",153,17,[NULL]
4,"13,1,288,1,14",153,17,[NULL]
5,"8,2,314,1,2",153,17,[NULL]
6,"3,1,604,1,2",153,17,[NULL]
7,"0,1,16,1,367,1,2",153,17,[NULL]
8,"75,1,188,1,0",153,17,[NULL]
0,1225,154,16,[NULL]
1,1224,154,16,[NULL]
2,1223,154,16,[NULL]
3,"532,1,14",154,16,[NULL]
4,"8,1,414,1,7",154,16,[NULL]
5,"677,1,2",154,16,[NULL]
6,"8,1,511,1,2",154,16,[NULL]
7,"0,1,669,1,2",154,16,[NULL]
8,"0,1,17,1,367,1,2",154,16,[NULL]
9,"75,1,189,1,0",154,16,[NULL]
0,1227,155,15,[NULL]
1,1226,155,15,[NULL]
2,"3,1,1048",155,15,[NULL]
3,"190,1,104",155,15,[NULL]
4,"311,1,45",155,15,[NULL]
5,"8,1,415,1,7",155,15,[NULL]
6,"679,1,2",155,15,[NULL]
7,"678,1,2",155,15,[NULL]
8,"67,1,174,1,2",155,15,[NULL]
9,"0,1,671,1,2",155,15,[NULL]
10,"76,1,189,1,0",155,15,[NULL]
11,"23,1,373,1,0",155,15,[NULL]
0,1231,156,14,[NULL]
1,1230,156,14,[NULL]
2,1229,156,14,[NULL]
3,1228,156,14,[NULL]
4,"0,1,1198",156,14,[NULL]
5,"314,1,45",156,14,[NULL]
6,"583,1,7",156,14,[NULL]
7,"680,1,2",156,14,[NULL]
8,"68,1,174,1,2",156,14,[NULL]
9,"13,1,450,1,2",156,14,[NULL]
10,"1,1,657,1,2",156,14,[NULL]
11,"75,1,190,1,0",156,14,[NULL]
12,"23,1,376,1,0",156,14,[NULL]
0,1232,157,13,[NULL]
1,"67,1,69,1,42",157,13,[NULL]
2,"333,1,41",157,13,[NULL]
3,"0,1,324,1,38",157,13,[NULL]
4,"563,1,10",157,13,[NULL]
5,"683,1,2",157,13,[NULL]
6,"682,1,2",157,13,[NULL]
7,"681,1,2",157,13,[NULL]
8,"0,1,673,1,2",157,13,[NULL]
9,"731,1,1",157,13,[NULL]
10,"730,1,1",157,13,[NULL]
11,"76,1,190,1,0",157,13,[NULL]
12,"1,1,732,1,0",157,13,[NULL]
0,1235,158,12,[NULL]
1,1234,158,12,[NULL]
2,1233,158,12,[NULL]
3,"174,1,114",158,12,[NULL]
4,"21,1,324,1,2",158,12,[NULL]
5,"0,1,674,1,2",158,12,[NULL]
6,"0,2,18,1,333,1,2",158,12,[NULL]
7,"733,1,1",158,12,[NULL]
8,"732,1,1",158,12,[NULL]
9,"18,1,411,1,1",158,12,[NULL]
10,"0,1,719,1,1",158,12,[NULL]
11,"1,1,734,1,0",158,12,[NULL]
0,1237,159,11,[NULL]
1,1236,159,11,[NULL]
2,"2,1,368,1,28",159,11,[NULL]
3,"0,2,659,1,2",159,11,[NULL]
4,"0,2,20,1,69,2,2",159,11,[NULL]
5,"0,2,19,1,324,1,2",159,11,[NULL]
6,"735,1,1",159,11,[NULL]
7,"734,1,1",159,11,[NULL]
8,"755,1,0",159,11,[NULL]
9,"2,1,18,1,373,1,0",159,11,[NULL]
0,1238,160,10,[NULL]
1,"18,1,633",160,10,[NULL]
2,"7,2,352,1,2",160,10,[NULL]
3,"0,2,20,1,324,1,2",160,10,[NULL]
4,"18,1,414,1,1",160,10,[NULL]
5,"757,1,0",160,10,[NULL]
6,"756,1,0",160,10,[NULL]
7,"2,1,18,1,376,1,0",160,10,[NULL]
0,"7,1,931",161,9,[NULL]
1,"341,1,37",161,9,[NULL]
2,"18,1,352,1,2",161,9,[NULL]
3,"1,1,70,1,163,1,2",161,9,[NULL]
4,"0,1,676,1,2",161,9,[NULL]
5,"18,1,415,1,1",161,9,[NULL]
6,"8,1,9,1,324,1,1",161,9,[NULL]
7,"0,1,720,1,1",161,9,[NULL]
0,1239,162,8,[NULL]
1,"7,1,932",162,8,[NULL]
2,"7,2,636",162,8,[NULL]
3,"2,1,18,1,566",162,8,[NULL]
4,"506,1,18",162,8,[NULL]
5,"526,1,15",162,8,[NULL]
6,"684,1,2",162,8,[NULL]
7,"29,1,324,1,1",162,8,[NULL]
0,"2,1,1146",163,7,[NULL]
1,"18,1,638",163,7,[NULL]
2,"18,1,637",163,7,[NULL]
3,"18,1,636",163,7,[NULL]
4,"69,2,42",163,7,[NULL]
5,"2,2,324,1,28",163,7,[NULL]
6,"0,2,660,1,2",163,7,[NULL]
7,"2,2,660,1,0",163,7,[NULL]
0,1240,164,6,[NULL]
1,"69,2,43",164,6,[NULL]
2,"324,1,42",164,6,[NULL]
3,"2,1,324,1,33",164,6,[NULL]
4,"3,1,324,1,28",164,6,[NULL]
5,"660,1,3",164,6,[NULL]
6,"1,1,660,1,2",164,6,[NULL]
0,"324,1,43",165,5,[NULL]
1,"0,3,18,1,324,1,2",165,5,[NULL]
0,"18,1,324,1,4",166,4,[NULL]
0,"758,1,0",114,57,[NULL]
0,1241,115,56,[NULL]
0,"0,2,661,1,2",117,54,[NULL]
0,"0,2,554,1,8",118,53,[NULL]
1,"1,1,661,1,2",118,53,[NULL]
0,"8,1,553,1,1",119,52,[NULL]
0,"8,1,554,1,1",120,51,[NULL]
0,"0,2,8,2,295,1,2",121,50,[NULL]
1,"1,1,736,1,0",121,50,[NULL]
0,"0,2,8,2,296,1,2",122,49,[NULL]
0,"0,2,662,1,2",127,44,[NULL]
0,"0,2,663,1,2",128,43,[NULL]
0,"8,1,555,1,1",129,42,[NULL]
0,"8,1,556,1,1",130,41,[NULL]
1,"0,1,722,1,1",130,41,[NULL]
0,"685,1,2",131,40,[NULL]
1,"16,1,452,1,0",131,40,[NULL]
0,"0,2,8,2,298,1,2",132,39,[NULL]
0,"686,1,2",133,38,[NULL]
0,"246,1,69",134,37,[NULL]
1,"687,1,2",134,37,[NULL]
0,"8,1,16,1,244,1,2",135,36,[NULL]
0,"8,1,17,1,244,1,2",136,35,[NULL]
1,"0,1,725,1,1",136,35,[NULL]
0,"0,2,64,1,137,1,8",137,34,[NULL]
1,"8,1,16,1,245,1,2",137,34,[NULL]
2,"759,1,0",137,34,[NULL]
0,"0,2,64,1,138,1,8",138,33,[NULL]
1,"8,2,315,1,2",138,33,[NULL]
2,"5,1,64,1,137,1,2",138,33,[NULL]
0,"8,4,149,1,2",139,32,[NULL]
1,"8,1,64,1,137,1,1",139,32,[NULL]
0,"0,1,64,1,149,1,6",140,31,[NULL]
1,"8,2,16,1,167,1,2",140,31,[NULL]
2,"8,1,64,1,138,1,1",140,31,[NULL]
3,"0,1,8,1,16,1,260,1,1",140,31,[NULL]
0,"8,1,516,1,2",141,30,[NULL]
1,"8,3,218,1,2",141,30,[NULL]
2,"1,1,665,1,2",141,30,[NULL]
3,"64,1,206,1,0",141,30,[NULL]
4,"8,2,380,1,0",141,30,[NULL]
0,"17,1,380,1,2",142,29,[NULL]
1,"8,3,219,1,2",142,29,[NULL]
0,"688,1,2",143,28,[NULL]
1,"8,2,13,1,194,1,2",143,28,[NULL]
2,"13,7,1",143,28,[NULL]
0,"689,1,2",144,27,[NULL]
1,"8,1,13,2,167,1,2",144,27,[NULL]
2,"13,4,23,1,24,1,1",144,27,[NULL]
3,"13,3,167,1,0",144,27,[NULL]
0,"13,2,248,1,2",145,26,[NULL]
1,"8,1,517,1,2",145,26,[NULL]
2,"8,2,316,1,2",145,26,[NULL]
3,"1,2,642,1,2",145,26,[NULL]
4,"13,3,168,1,0",145,26,[NULL]
0,1242,146,25,[NULL]
1,"13,3,150,1,2",146,25,[NULL]
2,"8,1,518,1,2",146,25,[NULL]
3,"8,1,9,1,292,1,2",146,25,[NULL]
0,"537,1,14",147,24,[NULL]
1,"13,3,105,1,14",147,24,[NULL]
2,"627,1,5",147,24,[NULL]
3,"23,1,316,1,2",147,24,[NULL]
4,"8,2,318,1,2",147,24,[NULL]
0,"538,1,14",148,23,[NULL]
1,"13,2,23,1,75,1,10",148,23,[NULL]
2,"0,1,69,1,138,1,8",148,23,[NULL]
3,"8,1,9,1,293,1,2",148,23,[NULL]
4,"0,2,666,1,2",148,23,[NULL]
5,"0,3,655,1,2",148,23,[NULL]
6,"13,2,266,1,1",148,23,[NULL]
0,"0,1,1214",149,22,[NULL]
1,"0,1,568,1,8",149,22,[NULL]
2,"655,1,4",149,22,[NULL]
3,"8,2,9,1,209,1,2",149,22,[NULL]
4,"1,1,666,1,2",149,22,[NULL]
5,"737,1,1",149,22,[NULL]
6,"13,2,267,1,1",149,22,[NULL]
0,1243,150,21,[NULL]
1,"539,1,14",150,21,[NULL]
2,"69,1,147,1,7",150,21,[NULL]
3,"8,1,9,1,294,1,2",150,21,[NULL]
4,"2,1,646,1,2",150,21,[NULL]
5,"13,2,268,1,1",150,21,[NULL]
6,"3,1,646,1,1",150,21,[NULL]
7,"2,1,690,1,1",150,21,[NULL]
0,"0,1,1217",151,20,[NULL]
1,"328,1,42",151,20,[NULL]
2,"2,1,628,1,3",151,20,[NULL]
3,"690,1,2",151,20,[NULL]
4,"9,1,13,1,261,1,2",151,20,[NULL]
5,"3,1,609,1,2",151,20,[NULL]
6,"739,1,1",151,20,[NULL]
7,"64,1,209,1,0",151,20,[NULL]
0,"0,1,1219",152,19,[NULL]
1,"328,1,43",152,19,[NULL]
2,"423,1,28",152,19,[NULL]
3,"0,1,8,2,312,1,2",152,19,[NULL]
4,"0,2,8,1,502,1,2",152,19,[NULL]
5,"43,1,266,1,1",152,19,[NULL]
6,"13,1,23,1,213,1,1",152,19,[NULL]
7,"760,1,0",152,19,[NULL]
0,1244,153,18,[NULL]
1,"67,1,287",153,18,[NULL]
2,"188,1,105",153,18,[NULL]
3,"234,1,79",153,18,[NULL]
4,"335,1,39",153,18,[NULL]
5,"8,1,69,1,89,1,7",153,18,[NULL]
6,"0,1,3,1,604,1,2",153,18,[NULL]
7,"0,2,16,1,367,1,2",153,18,[NULL]
8,"43,1,267,1,1",153,18,[NULL]
9,"761,1,0",153,18,[NULL]
0,1246,154,17,[NULL]
1,1245,154,17,[NULL]
2,"170,1,123",154,17,[NULL]
3,"189,1,105",154,17,[NULL]
4,"335,1,40",154,17,[NULL]
5,"693,1,2",154,17,[NULL]
6,"692,1,2",154,17,[NULL]
7,"691,1,2",154,17,[NULL]
8,"0,2,669,1,2",154,17,[NULL]
9,"3,1,648,1,1",154,17,[NULL]
10,"762,1,0",154,17,[NULL]
0,"331,1,42",155,16,[NULL]
1,"425,1,28",155,16,[NULL]
2,"669,1,3",155,16,[NULL]
3,"1,1,669,1,2",155,16,[NULL]
4,"0,1,678,1,2",155,16,[NULL]
5,"0,1,67,1,174,1,2",155,16,[NULL]
6,"8,2,367,1,1",155,16,[NULL]
7,"3,1,650,1,1",155,16,[NULL]
8,"763,1,0",155,16,[NULL]
9,"3,1,669,1,0",155,16,[NULL]
0,"189,1,107",156,15,[NULL]
1,"235,1,78",156,15,[NULL]
2,"336,1,41",156,15,[NULL]
3,"569,1,10",156,15,[NULL]
4,"694,1,2",156,15,[NULL]
5,"1,1,671,1,2",156,15,[NULL]
6,"741,1,1",156,15,[NULL]
7,"67,1,197,1,1",156,15,[NULL]
8,"765,1,0",156,15,[NULL]
9,"764,1,0",156,15,[NULL]
0,1247,157,14,[NULL]
1,"332,1,43",157,14,[NULL]
2,"543,1,14",157,14,[NULL]
3,"742,1,1",157,14,[NULL]
4,"30,1,324,1,1",157,14,[NULL]
5,"0,1,730,1,1",157,14,[NULL]
6,"767,1,0",157,14,[NULL]
7,"766,1,0",157,14,[NULL]
8,"67,1,203,1,0",157,14,[NULL]
0,1248,158,13,[NULL]
1,"190,1,107",158,13,[NULL]
2,"324,1,44",158,13,[NULL]
3,"2,1,652,1,2",158,13,[NULL]
4,"1,1,673,1,2",158,13,[NULL]
5,"0,3,18,1,333,1,2",158,13,[NULL]
6,"3,1,652,1,1",158,13,[NULL]
7,"768,1,0",158,13,[NULL]
8,"31,1,324,1,0",158,13,[NULL]
9,"3,1,673,1,0",158,13,[NULL]
10,"1,2,719,1,0",158,13,[NULL]
0,1249,159,12,[NULL]
1,"18,1,650",159,12,[NULL]
2,"69,1,95,1,28",159,12,[NULL]
3,"3,2,544,1,2",159,12,[NULL]
4,"1,1,674,1,2",159,12,[NULL]
5,"0,3,19,1,324,1,2",159,12,[NULL]
6,"23,1,368,1,1",159,12,[NULL]
7,"769,1,0",159,12,[NULL]
8,"3,1,674,1,0",159,12,[NULL]
9,"2,1,719,1,0",159,12,[NULL]
0,1250,160,11,[NULL]
1,"76,1,276",160,11,[NULL]
2,"198,1,100",160,11,[NULL]
3,"69,1,76,1,37",160,11,[NULL]
4,"743,1,1",160,11,[NULL]
5,"18,1,419,1,1",160,11,[NULL]
6,"0,1,18,1,414,1,1",160,11,[NULL]
7,"770,1,0",160,11,[NULL]
0,1251,161,10,[NULL]
1,"69,1,288",161,10,[NULL]
2,"2,1,69,1,266",161,10,[NULL]
3,"18,1,366,1,2",161,10,[NULL]
4,"0,1,18,1,352,1,2",161,10,[NULL]
5,"0,2,676,1,2",161,10,[NULL]
6,"746,1,1",161,10,[NULL]
7,"0,1,8,1,9,1,324,1,1",161,10,[NULL]
8,"773,1,0",161,10,[NULL]
9,"772,1,0",161,10,[NULL]
10,"771,1,0",161,10,[NULL]
11,"18,1,443,1,0",161,10,[NULL]
0,1252,162,9,[NULL]
1,"0,1,1239",162,9,[NULL]
2,"69,1,289",162,9,[NULL]
3,"3,1,163,1,100",162,9,[NULL]
4,"340,1,41",162,9,[NULL]
5,"676,1,3",162,9,[NULL]
6,"18,1,367,1,2",162,9,[NULL]
7,"8,2,324,1,2",162,9,[NULL]
8,"7,1,546,1,2",162,9,[NULL]
9,"1,1,676,1,2",162,9,[NULL]
10,"0,1,684,1,2",162,9,[NULL]
11,"2,1,697,1,1",162,9,[NULL]
12,"775,1,0",162,9,[NULL]
13,"774,1,0",162,9,[NULL]
14,"18,1,445,1,0",162,9,[NULL]
15,"8,1,13,1,324,1,0",162,9,[NULL]
0,1253,163,8,[NULL]
1,"7,1,943",163,8,[NULL]
2,"69,1,291",163,8,[NULL]
3,"18,1,339,1,3",163,8,[NULL]
4,"697,1,2",163,8,[NULL]
5,"696,1,2",163,8,[NULL]
6,"695,1,2",163,8,[NULL]
7,"22,1,324,1,2",163,8,[NULL]
8,"0,3,660,1,2",163,8,[NULL]
9,"2,1,698,1,1",163,8,[NULL]
10,"2,1,24,1,69,2,1",163,8,[NULL]
11,"2,1,18,1,368,1,1",163,8,[NULL]
12,"776,1,0",163,8,[NULL]
13,"32,1,324,1,0",163,8,[NULL]
14,"1,1,748,1,0",163,8,[NULL]
15,"1,1,747,1,0",163,8,[NULL]
0,"69,1,294",164,7,[NULL]
1,"660,1,4",164,7,[NULL]
2,"698,1,2",164,7,[NULL]
3,"24,1,69,2,2",164,7,[NULL]
4,"23,1,324,1,2",164,7,[NULL]
5,"18,1,368,1,2",164,7,[NULL]
6,"748,1,1",164,7,[NULL]
7,"747,1,1",164,7,[NULL]
8,"2,1,699,1,1",164,7,[NULL]
9,"2,1,24,1,324,1,1",164,7,[NULL]
10,"33,1,324,1,0",164,7,[NULL]
11,"18,1,446,1,0",164,7,[NULL]
12,"1,1,749,1,0",164,7,[NULL]
0,"324,1,45",165,6,[NULL]
1,"18,1,341,1,3",165,6,[NULL]
2,"699,1,2",165,6,[NULL]
3,"24,1,324,1,2",165,6,[NULL]
4,"749,1,1",165,6,[NULL]
5,"2,1,25,1,324,1,1",165,6,[NULL]
6,"34,1,324,1,0",165,6,[NULL]
7,"1,1,750,1,0",165,6,[NULL]
0,"25,1,324,1,2",166,5,[NULL]
1,"750,1,1",166,5,[NULL]
2,"35,1,324,1,0",166,5,[NULL]
3,"1,1,751,1,0",166,5,[NULL]
0,"1,2,18,1,324,1,2",167,4,[NULL]
1,"751,1,1",167,4,[NULL]
2,"2,2,18,1,324,1,1",167,4,[NULL]
3,"1,1,3,1,18,1,324,1,0",167,4,[NULL]
0,"2,1,18,1,324,1,2",168,3,[NULL]
1,"3,1,18,1,324,1,1",168,3,[NULL]
0,"0,1,1241",115,57,[NULL]
0,"661,1,4",118,54,[NULL]
0,"0,1,8,1,553,1,1",119,53,[NULL]
0,"700,1,2",120,52,[NULL]
1,"8,1,578,1,0",120,52,[NULL]
0,"701,1,2",121,51,[NULL]
0,"8,2,325,1,2",124,48,[NULL]
0,"8,2,326,1,2",125,47,[NULL]
0,"635,1,5",126,46,[NULL]
1,"8,1,17,1,253,1,2",126,46,[NULL]
0,"8,1,528,1,2",127,45,[NULL]
1,"0,3,662,1,2",127,45,[NULL]
0,"8,4,152,1,2",128,44,[NULL]
0,"8,4,153,1,2",129,43,[NULL]
1,"0,1,8,1,555,1,1",129,43,[NULL]
0,"16,1,402,1,2",130,42,[NULL]
1,"8,3,17,1,117,1,2",130,42,[NULL]
2,"8,2,402,1,0",130,42,[NULL]
0,"16,1,403,1,2",131,41,[NULL]
1,"8,3,223,1,2",131,41,[NULL]
2,"0,1,685,1,2",131,41,[NULL]
0,"17,1,403,1,2",132,40,[NULL]
1,"8,6,55,1,2",132,40,[NULL]
0,"595,1,7",133,39,[NULL]
1,"8,6,56,1,2",133,39,[NULL]
2,"0,1,686,1,2",133,39,[NULL]
3,"59,1,224,1,0",133,39,[NULL]
0,"0,1,246,1,69",134,38,[NULL]
1,"452,1,25",134,38,[NULL]
2,"8,3,224,1,2",134,38,[NULL]
3,"8,5,17,1,40,1,2",134,38,[NULL]
0,"596,1,7",135,37,[NULL]
1,"8,3,225,1,2",135,37,[NULL]
2,"8,5,100,1,2",135,37,[NULL]
0,"597,1,7",136,36,[NULL]
1,"8,1,16,1,17,1,138,1,2",136,36,[NULL]
2,"8,8,9,1,2",136,36,[NULL]
3,"1,2,725,1,0",136,36,[NULL]
0,"8,2,257,1,7",137,35,[NULL]
1,"8,1,17,2,138,1,2",137,35,[NULL]
2,"8,7,29,1,2",137,35,[NULL]
3,"752,1,1",137,35,[NULL]
0,"8,1,17,1,206,1,7",138,34,[NULL]
1,"8,4,16,1,64,1,2",138,34,[NULL]
2,"8,6,9,1,23,1,2",138,34,[NULL]
3,"778,1,0",138,34,[NULL]
0,"491,1,22",139,33,[NULL]
1,"8,2,258,1,7",139,33,[NULL]
2,"8,4,17,1,64,1,2",139,33,[NULL]
3,"8,5,9,1,51,1,2",139,33,[NULL]
0,"8,2,259,1,7",140,32,[NULL]
1,"64,1,184,1,2",140,32,[NULL]
2,"8,4,154,1,2",140,32,[NULL]
3,"8,4,9,1,13,3,2",140,32,[NULL]
4,"8,1,64,1,146,1,0",140,32,[NULL]
5,"1,1,5,1,64,1,149,1,0",140,32,[NULL]
0,"8,3,180,1,7",141,31,[NULL]
1,"64,1,185,1,2",141,31,[NULL]
2,"8,3,42,1,64,1,2",141,31,[NULL]
3,"8,3,9,1,13,2,32,1,2",141,31,[NULL]
4,"0,1,8,1,516,1,2",141,31,[NULL]
0,1254,142,30,[NULL]
1,"8,2,9,1,167,1,7",142,30,[NULL]
2,"8,1,529,1,2",142,30,[NULL]
3,"8,2,9,1,13,3,23,1,2",142,30,[NULL]
4,"8,5,101,1,2",142,30,[NULL]
5,"0,1,17,1,380,1,2",142,30,[NULL]
0,"64,1,149,1,7",143,29,[NULL]
1,"8,1,9,1,248,1,7",143,29,[NULL]
2,"8,2,260,1,7",143,29,[NULL]
3,"17,1,404,1,2",143,29,[NULL]
4,"8,1,9,1,13,3,51,1,2",143,29,[NULL]
5,"8,4,13,1,80,1,2",143,29,[NULL]
6,"0,1,688,1,2",143,29,[NULL]
0,"598,1,7",144,28,[NULL]
1,"16,1,292,1,7",144,28,[NULL]
2,"9,1,13,1,219,1,7",144,28,[NULL]
3,"9,1,13,6,2",144,28,[NULL]
4,"8,2,64,1,72,1,2",144,28,[NULL]
5,"8,3,23,1,101,1,2",144,28,[NULL]
0,"13,4,32,1,28",145,27,[NULL]
1,"13,2,194,1,10",145,27,[NULL]
2,"599,1,7",145,27,[NULL]
3,"17,1,292,1,7",145,27,[NULL]
4,"8,2,327,1,2",145,27,[NULL]
5,"8,2,13,1,23,1,80,1,2",145,27,[NULL]
0,"602,1,7",146,26,[NULL]
1,"8,1,420,1,7",146,26,[NULL]
2,"8,1,17,1,255,1,2",146,26,[NULL]
3,"8,1,13,3,101,1,2",146,26,[NULL]
4,"13,4,101,1,0",146,26,[NULL]
0,"13,1,346,1,7",147,25,[NULL]
1,"8,1,16,1,209,1,7",147,25,[NULL]
2,"13,4,80,1,2",147,25,[NULL]
3,"8,1,530,1,2",147,25,[NULL]
0,1255,148,24,[NULL]
1,"13,3,32,1,79",148,24,[NULL]
2,"537,1,15",148,24,[NULL]
3,"13,1,292,1,14",148,24,[NULL]
4,"8,1,17,1,209,1,7",148,24,[NULL]
5,"8,2,9,1,212,1,2",148,24,[NULL]
0,1257,149,23,[NULL]
1,1256,149,23,[NULL]
2,"194,1,104",149,23,[NULL]
3,"13,1,23,1,83,1,42",149,23,[NULL]
4,"8,2,261,1,7",149,23,[NULL]
5,"666,1,4",149,23,[NULL]
6,"8,1,9,1,13,1,188,1,2",149,23,[NULL]
7,"13,4,95,1,1",149,23,[NULL]
8,"779,1,0",149,23,[NULL]
0,"1,1,1214",150,22,[NULL]
1,"357,1,37",150,22,[NULL]
2,"8,1,423,1,7",150,22,[NULL]
3,"64,1,187,1,2",150,22,[NULL]
4,"9,1,13,1,267,1,2",150,22,[NULL]
5,"13,3,164,1,1",150,22,[NULL]
6,"8,1,69,1,138,1,1",150,22,[NULL]
7,"0,1,3,1,646,1,1",150,22,[NULL]
8,"13,2,286,1,0",150,22,[NULL]
0,"359,1,37",151,21,[NULL]
1,"23,1,188,1,28",151,21,[NULL]
2,"13,2,209,1,7",151,21,[NULL]
3,"702,1,2",151,21,[NULL]
4,"64,1,188,1,2",151,21,[NULL]
5,"13,1,472,1,2",151,21,[NULL]
6,"0,1,690,1,2",151,21,[NULL]
7,"754,1,1",151,21,[NULL]
8,"13,2,287,1,0",151,21,[NULL]
9,"8,1,582,1,0",151,21,[NULL]
0,1258,152,20,[NULL]
1,"18,1,670",152,20,[NULL]
2,"13,1,294,1,14",152,20,[NULL]
3,"704,1,2",152,20,[NULL]
4,"703,1,2",152,20,[NULL]
5,"13,1,473,1,2",152,20,[NULL]
6,"80,1,188,1,0",152,20,[NULL]
0,"13,2,448",153,19,[NULL]
1,"209,1,96",153,19,[NULL]
2,"209,1,95",153,19,[NULL]
3,"438,1,28",153,19,[NULL]
4,"13,2,181,1,14",153,19,[NULL]
5,"706,1,2",153,19,[NULL]
6,"705,1,2",153,19,[NULL]
7,"2,1,656,1,2",153,19,[NULL]
0,1260,154,18,[NULL]
1,1259,154,18,[NULL]
2,"1,1,1220",154,18,[NULL]
3,"13,1,809",154,18,[NULL]
4,"23,1,190,1,28",154,18,[NULL]
5,"2,2,618,1,2",154,18,[NULL]
6,"0,1,693,1,2",154,18,[NULL]
7,"13,2,288,1,0",154,18,[NULL]
8,"3,2,604,1,0",154,18,[NULL]
0,"335,1,42",155,17,[NULL]
1,"13,1,474,1,2",155,17,[NULL]
2,"8,2,333,1,2",155,17,[NULL]
3,"3,1,618,1,2",155,17,[NULL]
4,"75,1,188,1,1",155,17,[NULL]
5,"43,1,287,1,0",155,17,[NULL]
6,"13,1,532,1,0",155,17,[NULL]
7,"8,2,414,1,0",155,17,[NULL]
0,1261,156,16,[NULL]
1,"335,1,43",156,16,[NULL]
2,"533,1,17",156,16,[NULL]
3,"707,1,2",156,16,[NULL]
4,"13,1,476,1,2",156,16,[NULL]
5,"8,1,534,1,2",156,16,[NULL]
6,"75,1,189,1,1",156,16,[NULL]
7,"781,1,0",156,16,[NULL]
8,"1,1,76,1,189,1,0",156,16,[NULL]
0,1263,157,15,[NULL]
1,1262,157,15,[NULL]
2,"0,1,1247",157,15,[NULL]
3,"3,1,1086",157,15,[NULL]
4,"708,1,2",157,15,[NULL]
5,"17,1,415,1,2",157,15,[NULL]
6,"1,1,680,1,2",157,15,[NULL]
7,"76,1,189,1,1",157,15,[NULL]
8,"23,1,373,1,1",157,15,[NULL]
9,"3,1,680,1,0",157,15,[NULL]
0,1267,158,14,[NULL]
1,1266,158,14,[NULL]
2,1265,158,14,[NULL]
3,1264,158,14,[NULL]
4,"239,1,79",158,14,[NULL]
5,"0,1,324,1,44",158,14,[NULL]
6,"710,1,2",158,14,[NULL]
7,"709,1,2",158,14,[NULL]
8,"1,1,683,1,2",158,14,[NULL]
9,"75,1,190,1,1",158,14,[NULL]
10,"23,1,376,1,1",158,14,[NULL]
11,"1,1,76,1,190,1,0",158,14,[NULL]
0,1271,159,13,[NULL]
1,1270,159,13,[NULL]
2,1269,159,13,[NULL]
3,1268,159,13,[NULL]
4,"18,1,678",159,13,[NULL]
5,"174,1,123",159,13,[NULL]
6,"375,1,35",159,13,[NULL]
7,"9,1,504,1,2",159,13,[NULL]
8,"1,1,21,1,324,1,2",159,13,[NULL]
9,"76,1,190,1,1",159,13,[NULL]
10,"2,1,732,1,0",159,13,[NULL]
0,1274,160,12,[NULL]
1,1273,160,12,[NULL]
2,1272,160,12,[NULL]
3,"68,1,301",160,12,[NULL]
4,"69,2,47",160,12,[NULL]
5,"324,1,46",160,12,[NULL]
6,"352,1,41",160,12,[NULL]
7,"445,1,28",160,12,[NULL]
8,"69,1,134,1,14",160,12,[NULL]
9,"711,1,2",160,12,[NULL]
10,"2,1,734,1,0",160,12,[NULL]
0,1278,161,11,[NULL]
1,1277,161,11,[NULL]
2,1276,161,11,[NULL]
3,1275,161,11,[NULL]
4,"324,1,47",161,11,[NULL]
5,"368,1,37",161,11,[NULL]
6,"713,1,2",161,11,[NULL]
7,"712,1,2",161,11,[NULL]
8,"0,1,18,1,366,1,2",161,11,[NULL]
9,"0,3,676,1,2",161,11,[NULL]
10,"755,1,1",161,11,[NULL]
11,"2,1,18,1,373,1,1",161,11,[NULL]
12,"1,1,756,1,0",161,11,[NULL]
0,1279,162,10,[NULL]
1,"2,1,1184",162,10,[NULL]
2,"18,1,352,1,3",162,10,[NULL]
3,"714,1,2",162,10,[NULL]
4,"18,1,373,1,2",162,10,[NULL]
5,"0,1,18,1,367,1,2",162,10,[NULL]
6,"0,1,8,2,324,1,2",162,10,[NULL]
7,"0,1,7,1,546,1,2",162,10,[NULL]
8,"0,2,684,1,2",162,10,[NULL]
9,"757,1,1",162,10,[NULL]
10,"756,1,1",162,10,[NULL]
11,"2,1,18,1,376,1,1",162,10,[NULL]
12,"3,1,18,1,352,1,0",162,10,[NULL]
0,1281,163,9,[NULL]
1,1280,163,9,[NULL]
2,"18,1,685",163,9,[NULL]
3,"18,1,684",163,9,[NULL]
4,"18,1,376,1,2",163,9,[NULL]
5,"1,1,684,1,2",163,9,[NULL]
6,"0,1,696,1,2",163,9,[NULL]
7,"0,1,22,1,324,1,2",163,9,[NULL]
8,"782,1,0",163,9,[NULL]
0,1283,164,8,[NULL]
1,1282,164,8,[NULL]
2,"506,1,21",164,8,[NULL]
3,"13,1,324,1,10",164,8,[NULL]
4,"0,1,698,1,2",164,8,[NULL]
5,"0,1,23,1,324,1,2",164,8,[NULL]
6,"0,1,748,1,1",164,8,[NULL]
7,"0,1,747,1,1",164,8,[NULL]
0,"18,1,686",165,7,[NULL]
1,"69,1,301",165,7,[NULL]
2,"0,1,324,1,45",165,7,[NULL]
3,"2,1,324,1,37",165,7,[NULL]
4,"1,2,660,1,2",165,7,[NULL]
5,"0,1,699,1,2",165,7,[NULL]
6,"2,2,660,1,1",165,7,[NULL]
7,"0,1,749,1,1",165,7,[NULL]
0,"2,1,18,1,595",166,6,[NULL]
1,"1,1,324,1,43",166,6,[NULL]
2,"18,1,378,1,2",166,6,[NULL]
3,"2,1,660,1,2",166,6,[NULL]
4,"0,1,750,1,1",166,6,[NULL]
0,"324,1,48",167,5,[NULL]
1,"26,1,324,1,2",167,5,[NULL]
2,"0,1,751,1,1",167,5,[NULL]
3,"4,1,18,1,324,1,0",167,5,[NULL]
0,"0,1,2,1,18,1,324,1,2",168,4,[NULL]
1,"0,1,3,1,18,1,324,1,1",168,4,[NULL]
0,"1,1,758,1,0",115,58,[NULL]
0,1284,118,55,[NULL]
0,"1,2,661,1,2",119,54,[NULL]
0,"0,1,700,1,2",120,53,[NULL]
0,"0,1,701,1,2",121,52,[NULL]
0,"8,1,431,1,7",122,51,[NULL]
0,"16,1,296,1,7",123,50,[NULL]
0,"17,1,296,1,7",124,49,[NULL]
0,"607,1,7",125,48,[NULL]
0,"8,3,182,1,7",126,47,[NULL]
0,"8,3,183,1,7",127,46,[NULL]
0,1285,128,45,[NULL]
1,"8,1,16,1,17,1,111,1,7",128,45,[NULL]
0,1286,129,44,[NULL]
1,"8,2,265,1,7",129,44,[NULL]
0,"8,5,71,1,7",130,43,[NULL]
1,"0,1,16,1,402,1,2",130,43,[NULL]
0,"8,4,16,1,50,1,7",131,42,[NULL]
1,"0,1,16,1,403,1,2",131,42,[NULL]
2,"0,2,685,1,2",131,42,[NULL]
0,"8,1,432,1,7",132,41,[NULL]
1,"8,4,17,1,50,1,7",132,41,[NULL]
2,"1,1,685,1,2",132,41,[NULL]
3,"0,1,17,1,403,1,2",132,41,[NULL]
0,"8,1,433,1,7",133,40,[NULL]
1,"8,4,125,1,7",133,40,[NULL]
2,"16,1,452,1,1",133,40,[NULL]
0,"17,1,298,1,7",134,39,[NULL]
1,"8,7,16,1,7",134,39,[NULL]
2,"0,1,8,3,224,1,2",134,39,[NULL]
3,"17,1,452,1,1",134,39,[NULL]
0,"17,1,225,1,25",135,38,[NULL]
1,"8,7,17,1,7",135,38,[NULL]
2,"1,1,687,1,2",135,38,[NULL]
3,"0,1,8,3,225,1,2",135,38,[NULL]
0,"8,3,184,1,7",136,37,[NULL]
1,"8,5,16,1,23,1,7",136,37,[NULL]
0,"8,3,185,1,7",137,36,[NULL]
1,"8,6,42,1,7",137,36,[NULL]
0,"8,2,17,1,147,1,7",138,35,[NULL]
1,"8,6,13,2,7",138,35,[NULL]
0,"8,1,17,2,113,1,7",139,34,[NULL]
1,"8,5,13,1,32,1,7",139,34,[NULL]
2,"1,1,5,1,64,1,137,1,2",139,34,[NULL]
3,"759,1,1",139,34,[NULL]
0,1287,140,33,[NULL]
1,"8,4,13,2,23,1,7",140,33,[NULL]
2,"8,5,72,1,7",140,33,[NULL]
3,"0,1,64,1,184,1,2",140,33,[NULL]
0,1288,141,32,[NULL]
1,"8,3,13,2,51,1,7",141,32,[NULL]
2,"8,4,127,1,7",141,32,[NULL]
3,"0,1,64,1,185,1,2",141,32,[NULL]
4,"0,2,8,1,516,1,2",141,32,[NULL]
0,"16,1,64,2,7",142,31,[NULL]
1,"8,2,13,5,7",142,31,[NULL]
2,"8,3,20,1,80,1,7",142,31,[NULL]
3,"0,1,8,1,529,1,2",142,31,[NULL]
4,"0,2,17,1,380,1,2",142,31,[NULL]
0,"16,1,299,1,7",143,30,[NULL]
1,"8,1,13,4,32,1,7",143,30,[NULL]
2,"8,3,186,1,7",143,30,[NULL]
3,"8,2,380,1,1",143,30,[NULL]
0,"13,5,23,1,7",144,29,[NULL]
1,"8,1,434,1,7",144,29,[NULL]
2,"8,2,9,1,13,1,101,1,7",144,29,[NULL]
3,"8,1,17,1,278,1,1",144,29,[NULL]
0,"13,4,51,1,14",145,28,[NULL]
1,"8,1,435,1,7",145,28,[NULL]
2,"8,1,9,1,13,2,80,1,7",145,28,[NULL]
3,"642,1,5",145,28,[NULL]
0,"13,4,52,1,14",146,27,[NULL]
1,"9,1,13,1,23,1,101,1,7",146,27,[NULL]
2,"8,3,187,1,7",146,27,[NULL]
3,"13,3,167,1,1",146,27,[NULL]
0,"13,2,23,1,80,1,10",147,26,[NULL]
1,"8,3,188,1,7",147,26,[NULL]
2,"13,3,168,1,1",147,26,[NULL]
3,"784,1,0",147,26,[NULL]
0,1289,148,25,[NULL]
1,"586,1,8",148,25,[NULL]
2,"8,2,267,1,7",148,25,[NULL]
3,"715,1,2",148,25,[NULL]
4,"13,1,537,1,0",148,25,[NULL]
5,"13,4,105,1,0",148,25,[NULL]
6,"5,1,627,1,0",148,25,[NULL]
0,1290,149,24,[NULL]
1,"8,1,23,1,188,1,7",149,24,[NULL]
2,"627,1,6",149,24,[NULL]
3,"716,1,2",149,24,[NULL]
4,"13,4,83,1,2",149,24,[NULL]
5,"13,1,538,1,0",149,24,[NULL]
0,1292,150,23,[NULL]
1,1291,150,23,[NULL]
2,"13,1,303,1,14",150,23,[NULL]
3,"13,2,212,1,7",150,23,[NULL]
4,"18,1,380,1,2",150,23,[NULL]
5,"9,1,13,3,95,1,2",150,23,[NULL]
6,"1,2,666,1,2",150,23,[NULL]
7,"0,1,64,1,187,1,2",150,23,[NULL]
8,"4,1,655,1,0",150,23,[NULL]
9,"2,1,737,1,0",150,23,[NULL]
0,1295,151,22,[NULL]
1,1294,151,22,[NULL]
2,1293,151,22,[NULL]
3,"13,3,75,1,28",151,22,[NULL]
4,"13,2,188,1,14",151,22,[NULL]
5,"13,1,328,1,10",151,22,[NULL]
6,"69,1,185,1,2",151,22,[NULL]
7,"0,1,702,1,2",151,22,[NULL]
8,"0,1,64,1,188,1,2",151,22,[NULL]
9,"0,2,690,1,2",151,22,[NULL]
10,"785,1,0",151,22,[NULL]
0,"0,1,1258",152,21,[NULL]
1,"13,2,189,1,14",152,21,[NULL]
2,"610,1,7",152,21,[NULL]
3,"690,1,3",152,21,[NULL]
4,"3,1,627,1,2",152,21,[NULL]
5,"1,1,690,1,2",152,21,[NULL]
6,"0,1,703,1,2",152,21,[NULL]
7,"1,1,64,1,209,1,0",152,21,[NULL]
0,"3,1,1094",153,20,[NULL]
1,"188,1,113",153,20,[NULL]
2,"359,1,41",153,20,[NULL]
3,"612,1,7",153,20,[NULL]
4,"717,1,2",153,20,[NULL]
5,"2,2,628,1,2",153,20,[NULL]
6,"64,1,209,1,1",153,20,[NULL]
0,1296,154,19,[NULL]
1,"176,1,123",154,19,[NULL]
2,"195,1,105",154,19,[NULL]
3,"13,1,209,1,42",154,19,[NULL]
4,"13,2,190,1,14",154,19,[NULL]
5,"613,1,7",154,19,[NULL]
6,"8,2,69,1,72,1,2",154,19,[NULL]
7,"3,1,628,1,2",154,19,[NULL]
8,"760,1,1",154,19,[NULL]
9,"23,1,417,1,0",154,19,[NULL]
0,1298,155,18,[NULL]
1,1297,155,18,[NULL]
2,"3,1,1096",155,18,[NULL]
3,"67,1,305",155,18,[NULL]
4,"13,1,331,1,10",155,18,[NULL]
5,"691,1,3",155,18,[NULL]
6,"23,1,335,1,2",155,18,[NULL]
7,"1,1,693,1,2",155,18,[NULL]
8,"1,1,692,1,2",155,18,[NULL]
9,"1,1,691,1,2",155,18,[NULL]
10,"0,1,8,2,333,1,2",155,18,[NULL]
11,"761,1,1",155,18,[NULL]
12,"786,1,0",155,18,[NULL]
13,"3,1,691,1,0",155,18,[NULL]
0,1301,156,17,[NULL]
1,1300,156,17,[NULL]
2,1299,156,17,[NULL]
3,"3,1,1099",156,17,[NULL]
4,"177,1,123",156,17,[NULL]
5,"195,1,107",156,17,[NULL]
6,"24,1,335,1,2",156,17,[NULL]
7,"8,2,338,1,2",156,17,[NULL]
8,"3,1,629,1,2",156,17,[NULL]
9,"1,2,669,1,2",156,17,[NULL]
10,"0,1,707,1,2",156,17,[NULL]
11,"0,1,8,1,534,1,2",156,17,[NULL]
12,"762,1,1",156,17,[NULL]
0,1303,157,16,[NULL]
1,1302,157,16,[NULL]
2,"18,1,689",157,16,[NULL]
3,"363,1,41",157,16,[NULL]
4,"540,1,17",157,16,[NULL]
5,"8,1,443,1,7",157,16,[NULL]
6,"25,1,335,1,2",157,16,[NULL]
7,"3,1,630,1,2",157,16,[NULL]
8,"1,1,694,1,2",157,16,[NULL]
9,"0,1,708,1,2",157,16,[NULL]
10,"0,1,17,1,415,1,2",157,16,[NULL]
11,"763,1,1",157,16,[NULL]
12,"3,1,669,1,1",157,16,[NULL]
13,"1,1,764,1,0",157,16,[NULL]
0,"3,1,1101",158,15,[NULL]
1,"179,1,123",158,15,[NULL]
2,"188,1,114",158,15,[NULL]
3,"197,1,105",158,15,[NULL]
4,"0,2,324,1,44",158,15,[NULL]
5,"365,1,41",158,15,[NULL]
6,"8,1,445,1,7",158,15,[NULL]
7,"67,1,190,1,2",158,15,[NULL]
8,"18,1,385,1,2",158,15,[NULL]
9,"13,1,485,1,2",158,15,[NULL]
10,"0,1,709,1,2",158,15,[NULL]
11,"765,1,1",158,15,[NULL]
12,"764,1,1",158,15,[NULL]
13,"1,1,766,1,0",158,15,[NULL]
0,1304,159,14,[NULL]
1,"0,1,1268",159,14,[NULL]
2,"198,1,105",159,14,[NULL]
3,"450,1,28",159,14,[NULL]
4,"543,1,17",159,14,[NULL]
5,"616,1,7",159,14,[NULL]
6,"718,1,2",159,14,[NULL]
7,"67,1,191,1,2",159,14,[NULL]
8,"27,1,324,1,2",159,14,[NULL]
9,"767,1,1",159,14,[NULL]
10,"766,1,1",159,14,[NULL]
11,"67,1,203,1,1",159,14,[NULL]
12,"70,1,209,1,0",159,14,[NULL]
13,"1,1,31,1,324,1,0",159,14,[NULL]
0,1305,160,13,[NULL]
1,"18,1,690",160,13,[NULL]
2,"197,1,107",160,13,[NULL]
3,"376,1,37",160,13,[NULL]
4,"3,1,352,1,28",160,13,[NULL]
5,"544,1,17",160,13,[NULL]
6,"563,1,14",160,13,[NULL]
7,"0,1,711,1,2",160,13,[NULL]
8,"68,1,203,1,1",160,13,[NULL]
9,"31,1,324,1,1",160,13,[NULL]
10,"3,1,673,1,1",160,13,[NULL]
11,"787,1,0",160,13,[NULL]
0,1306,161,12,[NULL]
1,"190,1,114",161,12,[NULL]
2,"264,1,66",161,12,[NULL]
3,"69,1,75,1,42",161,12,[NULL]
4,"565,1,14",161,12,[NULL]
5,"17,1,324,1,6",161,12,[NULL]
6,"0,1,712,1,2",161,12,[NULL]
7,"0,2,18,1,366,1,2",161,12,[NULL]
8,"769,1,1",161,12,[NULL]
9,"3,1,674,1,1",161,12,[NULL]
10,"2,1,719,1,1",161,12,[NULL]
11,"0,1,755,1,1",161,12,[NULL]
12,"788,1,0",161,12,[NULL]
0,1309,162,11,[NULL]
1,1308,162,11,[NULL]
2,1307,162,11,[NULL]
3,"2,1,1203",162,11,[NULL]
4,"69,1,306",162,11,[NULL]
5,"191,1,114",162,11,[NULL]
6,"566,1,14",162,11,[NULL]
7,"719,1,2",162,11,[NULL]
8,"0,2,18,1,367,1,2",162,11,[NULL]
9,"0,2,8,2,324,1,2",162,11,[NULL]
10,"770,1,1",162,11,[NULL]
11,"0,1,756,1,1",162,11,[NULL]
12,"790,1,0",162,11,[NULL]
13,"789,1,0",162,11,[NULL]
14,"2,1,746,1,0",162,11,[NULL]
0,1312,163,10,[NULL]
1,1311,163,10,[NULL]
2,1310,163,10,[NULL]
3,"7,1,976",163,10,[NULL]
4,"69,1,76,1,43",163,10,[NULL]
5,"1,1,7,1,546,1,2",163,10,[NULL]
6,"0,2,22,1,324,1,2",163,10,[NULL]
7,"773,1,1",163,10,[NULL]
8,"772,1,1",163,10,[NULL]
9,"771,1,1",163,10,[NULL]
10,"18,1,443,1,1",163,10,[NULL]
11,"793,1,0",163,10,[NULL]
12,"792,1,0",163,10,[NULL]
13,"791,1,0",163,10,[NULL]
0,1314,164,9,[NULL]
1,1313,164,9,[NULL]
2,"69,1,309",164,9,[NULL]
3,"697,1,3",164,9,[NULL]
4,"696,1,3",164,9,[NULL]
5,"2,1,676,1,2",164,9,[NULL]
6,"1,1,697,1,2",164,9,[NULL]
7,"0,2,698,1,2",164,9,[NULL]
8,"775,1,1",164,9,[NULL]
9,"774,1,1",164,9,[NULL]
10,"18,1,445,1,1",164,9,[NULL]
11,"8,1,13,1,324,1,1",164,9,[NULL]
12,"3,1,696,1,0",164,9,[NULL]
13,"2,2,18,1,368,1,0",164,9,[NULL]
14,"1,2,747,1,0",164,9,[NULL]
0,1315,165,8,[NULL]
1,"698,1,3",165,8,[NULL]
2,"24,1,69,2,3",165,8,[NULL]
3,"23,1,324,1,3",165,8,[NULL]
4,"18,1,368,1,3",165,8,[NULL]
5,"720,1,2",165,8,[NULL]
6,"7,2,398,1,2",165,8,[NULL]
7,"1,1,18,1,368,1,2",165,8,[NULL]
8,"776,1,1",165,8,[NULL]
9,"32,1,324,1,1",165,8,[NULL]
10,"794,1,0",165,8,[NULL]
11,"1,1,33,1,324,1,0",165,8,[NULL]
12,"1,1,18,1,446,1,0",165,8,[NULL]
13,"1,2,749,1,0",165,8,[NULL]
0,"699,1,3",166,7,[NULL]
1,"24,1,324,1,3",166,7,[NULL]
2,"28,1,324,1,2",166,7,[NULL]
3,"7,2,400,1,2",166,7,[NULL]
4,"0,1,2,1,660,1,2",166,7,[NULL]
5,"33,1,324,1,1",166,7,[NULL]
6,"18,1,446,1,1",166,7,[NULL]
7,"36,1,324,1,0",166,7,[NULL]
8,"3,1,699,1,0",166,7,[NULL]
9,"1,1,34,1,324,1,0",166,7,[NULL]
0,"18,1,324,1,5",167,6,[NULL]
1,"25,1,324,1,3",167,6,[NULL]
2,"2,1,18,1,341,1,2",167,6,[NULL]
3,"34,1,324,1,1",167,6,[NULL]
4,"1,1,35,1,324,1,0",167,6,[NULL]
5,"1,2,751,1,0",167,6,[NULL]
0,"0,2,2,1,18,1,324,1,2",168,5,[NULL]
1,"35,1,324,1,1",168,5,[NULL]
2,"37,1,324,1,0",168,5,[NULL]
3,"1,2,3,1,18,1,324,1,0",168,5,[NULL]
0,"2,1,18,1,324,1,3",169,4,[NULL]
1,"38,1,324,1,0",169,4,[NULL]
0,"0,1,1284",118,56,[NULL]
0,"721,1,2",119,55,[NULL]
0,"0,2,700,1,2",120,54,[NULL]
0,"0,2,701,1,2",121,53,[NULL]
0,"8,1,578,1,1",122,52,[NULL]
0,"8,1,579,1,1",123,51,[NULL]
0,"5,1,635,1,0",127,47,[NULL]
0,"635,1,6",128,46,[NULL]
0,"636,1,6",129,45,[NULL]
0,"0,2,16,1,402,1,2",130,44,[NULL]
0,"0,2,16,1,403,1,2",131,43,[NULL]
1,"0,3,685,1,2",131,43,[NULL]
0,"0,2,17,1,403,1,2",132,42,[NULL]
1,"8,2,402,1,1",132,42,[NULL]
0,"8,2,403,1,1",133,41,[NULL]
1,"0,1,16,1,452,1,1",133,41,[NULL]
0,"722,1,2",134,40,[NULL]
1,"8,1,595,1,0",134,40,[NULL]
2,"1,1,59,1,224,1,0",134,40,[NULL]
0,"17,2,225,1,1",135,39,[NULL]
0,"723,1,2",136,38,[NULL]
0,"724,1,2",137,37,[NULL]
0,"8,2,343,1,2",138,36,[NULL]
0,"8,1,17,1,257,1,2",139,35,[NULL]
1,"0,1,759,1,1",139,35,[NULL]
0,"725,1,2",140,34,[NULL]
1,"8,2,344,1,2",140,34,[NULL]
2,"16,1,491,1,0",140,34,[NULL]
0,"8,2,345,1,2",141,33,[NULL]
1,"0,2,64,1,185,1,2",141,33,[NULL]
0,"8,4,160,1,2",142,32,[NULL]
0,"8,3,232,1,2",143,31,[NULL]
1,"0,1,8,2,380,1,1",143,31,[NULL]
2,"795,1,0",143,31,[NULL]
0,"64,1,149,1,8",144,30,[NULL]
1,"8,1,16,1,260,1,2",144,30,[NULL]
2,"8,3,233,1,2",144,30,[NULL]
3,"8,3,260,1,0",144,30,[NULL]
0,"598,1,8",145,29,[NULL]
1,"8,1,17,1,260,1,2",145,29,[NULL]
2,"8,2,9,1,219,1,2",145,29,[NULL]
0,"17,1,292,1,8",146,28,[NULL]
1,"726,1,2",146,28,[NULL]
2,"8,1,9,1,13,1,194,1,2",146,28,[NULL]
0,1316,147,27,[NULL]
1,"13,4,23,1,42",147,27,[NULL]
2,"601,1,8",147,27,[NULL]
3,"600,1,8",147,27,[NULL]
4,"42,1,260,1,2",147,27,[NULL]
5,"9,1,13,2,167,1,2",147,27,[NULL]
6,"8,1,549,1,2",147,27,[NULL]
0,1317,148,26,[NULL]
1,"13,1,248,1,28",148,26,[NULL]
2,"0,1,586,1,8",148,26,[NULL]
3,"8,2,347,1,2",148,26,[NULL]
4,"8,2,346,1,2",148,26,[NULL]
5,"13,4,101,1,1",148,26,[NULL]
0,"0,1,1290",149,25,[NULL]
1,"0,1,627,1,6",149,25,[NULL]
2,"8,1,550,1,2",149,25,[NULL]
3,"8,1,13,1,292,1,2",149,25,[NULL]
4,"13,2,292,1,0",149,25,[NULL]
0,"381,1,37",150,24,[NULL]
1,"727,1,2",150,24,[NULL]
2,"23,1,346,1,2",150,24,[NULL]
3,"8,2,348,1,2",150,24,[NULL]
4,"0,2,64,1,187,1,2",150,24,[NULL]
5,"797,1,0",150,24,[NULL]
6,"1,1,779,1,0",150,24,[NULL]
0,"248,1,79",151,23,[NULL]
1,"13,2,23,1,75,1,14",151,23,[NULL]
2,"587,1,10",151,23,[NULL]
3,"8,2,350,1,2",151,23,[NULL]
4,"1,1,64,1,187,1,2",151,23,[NULL]
5,"0,1,69,1,185,1,2",151,23,[NULL]
6,"0,2,702,1,2",151,23,[NULL]
7,"0,2,64,1,188,1,2",151,23,[NULL]
0,"2,1,1214",152,22,[NULL]
1,"266,1,63",152,22,[NULL]
2,"357,1,42",152,22,[NULL]
3,"13,2,23,1,76,1,14",152,22,[NULL]
4,"8,2,13,1,209,1,2",152,22,[NULL]
5,"0,1,3,1,627,1,2",152,22,[NULL]
6,"0,2,703,1,2",152,22,[NULL]
7,"13,2,286,1,1",152,22,[NULL]
0,"2,1,1215",153,21,[NULL]
1,"13,1,212,1,42",153,21,[NULL]
2,"8,1,449,1,7",153,21,[NULL]
3,"8,1,13,1,294,1,2",153,21,[NULL]
4,"0,1,717,1,2",153,21,[NULL]
5,"13,2,287,1,1",153,21,[NULL]
6,"8,1,582,1,1",153,21,[NULL]
7,"0,1,64,1,209,1,1",153,21,[NULL]
8,"13,2,294,1,0",153,21,[NULL]
0,"267,1,64",154,20,[NULL]
1,"728,1,2",154,20,[NULL]
2,"13,2,261,1,2",154,20,[NULL]
3,"0,1,3,1,628,1,2",154,20,[NULL]
4,"80,1,188,1,1",154,20,[NULL]
5,"17,1,475,1,1",154,20,[NULL]
6,"0,1,760,1,1",154,20,[NULL]
7,"72,1,209,1,0",154,20,[NULL]
8,"13,3,181,1,0",154,20,[NULL]
0,"13,1,23,1,355",155,19,[NULL]
1,"67,1,107,1,28",155,19,[NULL]
2,"604,1,9",155,19,[NULL]
3,"13,2,262,1,2",155,19,[NULL]
4,"3,1,639,1,2",155,19,[NULL]
5,"780,1,1",155,19,[NULL]
6,"798,1,0",155,19,[NULL]
0,"13,1,213,1,42",156,18,[NULL]
1,"729,1,2",156,18,[NULL]
2,"0,2,707,1,2",156,18,[NULL]
3,"0,2,8,1,534,1,2",156,18,[NULL]
4,"43,1,285,1,1",156,18,[NULL]
5,"13,2,288,1,1",156,18,[NULL]
6,"3,2,604,1,1",156,18,[NULL]
7,"0,1,762,1,1",156,18,[NULL]
0,1318,157,17,[NULL]
1,"0,1,18,1,689",157,17,[NULL]
2,"188,1,120",157,17,[NULL]
3,"43,1,287,1,1",157,17,[NULL]
4,"13,1,532,1,1",157,17,[NULL]
5,"0,1,763,1,1",157,17,[NULL]
6,"3,1,707,1,0",157,17,[NULL]
7,"1,1,781,1,0",157,17,[NULL]
0,1319,158,16,[NULL]
1,"18,1,708",158,16,[NULL]
2,"189,1,120",158,16,[NULL]
3,"0,3,324,1,44",158,16,[NULL]
4,"1,1,708,1,2",158,16,[NULL]
5,"0,1,764,1,1",158,16,[NULL]
6,"1,1,3,1,680,1,0",158,16,[NULL]
0,1320,159,15,[NULL]
1,"324,1,49",159,15,[NULL]
2,"569,1,14",159,15,[NULL]
3,"0,1,766,1,1",159,15,[NULL]
4,"799,1,0",159,15,[NULL]
0,1321,160,14,[NULL]
1,"190,1,120",160,14,[NULL]
2,"485,1,26",160,14,[NULL]
3,"570,1,14",160,14,[NULL]
4,"74,1,197,1,1",160,14,[NULL]
5,"0,1,31,1,324,1,1",160,14,[NULL]
6,"18,1,475,1,0",160,14,[NULL]
0,1325,161,13,[NULL]
1,1324,161,13,[NULL]
2,1323,161,13,[NULL]
3,1322,161,13,[NULL]
4,"731,1,2",161,13,[NULL]
5,"730,1,2",161,13,[NULL]
6,"18,1,408,1,2",161,13,[NULL]
7,"2,1,732,1,1",161,13,[NULL]
8,"39,1,324,1,0",161,13,[NULL]
9,"13,1,69,1,134,1,0",161,13,[NULL]
0,1327,162,12,[NULL]
1,1326,162,12,[NULL]
2,"23,1,638",162,12,[NULL]
3,"375,1,41",162,12,[NULL]
4,"713,1,3",162,12,[NULL]
5,"733,1,2",162,12,[NULL]
6,"732,1,2",162,12,[NULL]
7,"18,1,411,1,2",162,12,[NULL]
8,"1,1,712,1,2",162,12,[NULL]
9,"0,1,719,1,2",162,12,[NULL]
10,"2,1,734,1,1",162,12,[NULL]
11,"3,1,712,1,0",162,12,[NULL]
0,1331,163,11,[NULL]
1,1330,163,11,[NULL]
2,1329,163,11,[NULL]
3,1328,163,11,[NULL]
4,"3,1,1143",163,11,[NULL]
5,"368,1,42",163,11,[NULL]
6,"18,1,373,1,3",163,11,[NULL]
7,"735,1,2",163,11,[NULL]
8,"734,1,2",163,11,[NULL]
9,"7,1,571,1,2",163,11,[NULL]
10,"0,1,18,1,443,1,1",163,11,[NULL]
11,"2,2,18,1,376,1,0",163,11,[NULL]
0,1335,164,10,[NULL]
1,1334,164,10,[NULL]
2,1333,164,10,[NULL]
3,1332,164,10,[NULL]
4,"18,1,376,1,3",164,10,[NULL]
5,"18,1,414,1,2",164,10,[NULL]
6,"1,1,18,1,376,1,2",164,10,[NULL]
7,"1,2,684,1,2",164,10,[NULL]
8,"3,1,18,1,352,1,1",164,10,[NULL]
9,"0,1,8,1,13,1,324,1,1",164,10,[NULL]
10,"18,1,479,1,0",164,10,[NULL]
0,1337,165,9,[NULL]
1,1336,165,9,[NULL]
2,"2,1,1239",165,9,[NULL]
3,"378,1,41",165,9,[NULL]
4,"18,1,415,1,2",165,9,[NULL]
5,"8,1,9,1,324,1,2",165,9,[NULL]
6,"0,1,720,1,2",165,9,[NULL]
7,"782,1,1",165,9,[NULL]
8,"802,1,0",165,9,[NULL]
9,"9,1,13,1,324,1,0",165,9,[NULL]
0,1340,166,8,[NULL]
1,1339,166,8,[NULL]
2,1338,166,8,[NULL]
3,"2,1,18,1,638",166,8,[NULL]
4,"526,1,21",166,8,[NULL]
5,"29,1,324,1,2",166,8,[NULL]
6,"0,1,18,1,446,1,1",166,8,[NULL]
0,1341,167,7,[NULL]
1,"2,1,1240",167,7,[NULL]
2,"2,1,324,1,42",167,7,[NULL]
3,"2,1,660,1,3",167,7,[NULL]
0,"2,1,324,1,43",168,6,[NULL]
0,"783,1,1",118,57,[NULL]
0,1342,119,56,[NULL]
1,"803,1,0",119,56,[NULL]
0,"804,1,0",120,55,[NULL]
0,"0,1,8,1,578,1,1",122,53,[NULL]
0,"8,1,553,1,2",123,52,[NULL]
1,"8,2,431,1,0",123,52,[NULL]
0,"8,1,554,1,2",124,51,[NULL]
0,"17,1,296,1,8",125,50,[NULL]
0,"606,1,8",126,49,[NULL]
1,"736,1,2",126,49,[NULL]
0,"8,3,236,1,2",127,48,[NULL]
0,"0,1,635,1,6",128,47,[NULL]
1,"8,2,16,1,183,1,2",128,47,[NULL]
0,"8,2,17,1,183,1,2",129,46,[NULL]
1,"805,1,0",129,46,[NULL]
0,"8,2,354,1,2",130,45,[NULL]
0,"8,5,110,1,2",131,44,[NULL]
0,"8,5,111,1,2",132,43,[NULL]
1,"0,1,8,2,402,1,1",132,43,[NULL]
0,"8,1,555,1,2",133,42,[NULL]
1,"8,3,16,1,17,1,50,1,2",133,42,[NULL]
2,"1,2,685,1,2",133,42,[NULL]
3,"8,2,432,1,0",133,42,[NULL]
0,"8,1,556,1,2",134,41,[NULL]
1,"8,4,161,1,2",134,41,[NULL]
2,"0,1,722,1,2",134,41,[NULL]
0,1343,135,40,[NULL]
1,"17,1,433,1,2",135,40,[NULL]
2,"8,7,31,1,2",135,40,[NULL]
0,"8,1,452,1,7",136,39,[NULL]
1,"8,6,16,1,17,1,2",136,39,[NULL]
2,"0,1,723,1,2",136,39,[NULL]
0,"17,1,244,1,22",137,38,[NULL]
1,"8,3,237,1,2",137,38,[NULL]
2,"8,6,17,2,2",137,38,[NULL]
0,"31,1,245,1,7",138,37,[NULL]
1,"8,3,238,1,2",138,37,[NULL]
2,"8,6,60,1,2",138,37,[NULL]
0,"8,1,453,1,7",139,36,[NULL]
1,"8,2,17,1,185,1,2",139,36,[NULL]
2,"8,8,13,1,2",139,36,[NULL]
3,"64,1,224,1,0",139,36,[NULL]
0,"8,2,16,1,149,1,7",140,35,[NULL]
1,"8,1,17,2,147,1,2",140,35,[NULL]
2,"8,7,32,1,2",140,35,[NULL]
3,"0,1,725,1,2",140,35,[NULL]
0,"8,2,17,1,149,1,7",141,34,[NULL]
1,"8,5,112,1,2",141,34,[NULL]
2,"8,6,13,1,23,1,2",141,34,[NULL]
0,"623,1,7",142,33,[NULL]
1,"8,2,277,1,7",142,33,[NULL]
2,"8,5,113,1,2",142,33,[NULL]
3,"8,5,13,1,51,1,2",142,33,[NULL]
4,"807,1,0",142,33,[NULL]
0,"491,1,25",143,32,[NULL]
1,"8,3,193,1,7",143,32,[NULL]
2,"8,1,64,1,137,1,2",143,32,[NULL]
3,"8,4,162,1,2",143,32,[NULL]
4,"8,4,13,4,2",143,32,[NULL]
0,1344,144,31,[NULL]
1,"0,1,64,1,149,1,8",144,31,[NULL]
2,"8,3,194,1,7",144,31,[NULL]
3,"8,1,64,1,138,1,2",144,31,[NULL]
4,"8,3,23,1,113,1,2",144,31,[NULL]
5,"8,3,13,3,32,1,2",144,31,[NULL]
6,"0,1,8,1,16,1,260,1,2",144,31,[NULL]
0,1345,145,30,[NULL]
1,"0,1,598,1,8",145,30,[NULL]
2,"8,2,13,1,167,1,7",145,30,[NULL]
3,"8,1,557,1,2",145,30,[NULL]
4,"8,2,13,4,23,1,2",145,30,[NULL]
5,"8,4,9,1,101,1,2",145,30,[NULL]
6,"0,1,8,1,17,1,260,1,2",145,30,[NULL]
0,"0,1,17,1,292,1,8",146,29,[NULL]
1,"64,1,160,1,7",146,29,[NULL]
2,"8,1,13,1,248,1,7",146,29,[NULL]
3,"8,2,278,1,7",146,29,[NULL]
4,"8,1,559,1,2",146,29,[NULL]
5,"8,1,13,4,51,1,2",146,29,[NULL]
6,"8,3,9,1,13,1,80,1,2",146,29,[NULL]
7,"13,5,51,1,0",146,29,[NULL]
8,"5,1,642,1,0",146,29,[NULL]
0,"0,1,600,1,8",147,28,[NULL]
1,"624,1,7",147,28,[NULL]
2,"13,2,219,1,7",147,28,[NULL]
3,"8,1,454,1,7",147,28,[NULL]
4,"642,1,6",147,28,[NULL]
5,"13,7,2",147,28,[NULL]
6,"8,2,16,1,187,1,2",147,28,[NULL]
7,"8,2,9,1,23,1,101,1,2",147,28,[NULL]
8,"13,5,52,1,0",147,28,[NULL]
0,"13,2,194,1,14",148,27,[NULL]
1,"0,2,586,1,8",148,27,[NULL]
2,"20,1,292,1,7",148,27,[NULL]
3,"8,1,455,1,7",148,27,[NULL]
4,"13,4,23,1,24,1,2",148,27,[NULL]
5,"8,1,9,1,13,1,23,1,80,1,2",148,27,[NULL]
6,"8,2,16,1,188,1,2",148,27,[NULL]
0,"13,1,23,1,150,1,14",149,26,[NULL]
1,"625,1,7",149,26,[NULL]
2,"9,1,420,1,7",149,26,[NULL]
3,"9,1,13,3,101,1,2",149,26,[NULL]
4,"8,2,17,1,188,1,2",149,26,[NULL]
5,"1,1,715,1,2",149,26,[NULL]
6,"784,1,1",149,26,[NULL]
7,"1,1,5,1,627,1,0",149,26,[NULL]
0,"13,1,346,1,10",150,25,[NULL]
1,"8,2,279,1,7",150,25,[NULL]
2,"8,1,17,1,267,1,2",150,25,[NULL]
3,"0,3,64,1,187,1,2",150,25,[NULL]
4,"13,1,537,1,1",150,25,[NULL]
5,"13,4,105,1,1",150,25,[NULL]
6,"810,1,0",150,25,[NULL]
0,"8,2,280,1,7",151,24,[NULL]
1,"8,2,13,1,212,1,2",151,24,[NULL]
2,"13,1,538,1,1",151,24,[NULL]
3,"812,1,0",151,24,[NULL]
4,"811,1,0",151,24,[NULL]
5,"13,2,303,1,0",151,24,[NULL]
0,"627,1,7",152,23,[NULL]
1,"8,1,9,1,261,1,7",152,23,[NULL]
2,"13,2,266,1,2",152,23,[NULL]
3,"8,1,13,2,188,1,2",152,23,[NULL]
4,"2,1,737,1,1",152,23,[NULL]
5,"13,3,188,1,0",152,23,[NULL]
0,"13,2,133,1,42",153,22,[NULL]
1,"9,1,423,1,7",153,22,[NULL]
2,"737,1,2",153,22,[NULL]
3,"64,1,201,1,2",153,22,[NULL]
4,"13,2,267,1,2",153,22,[NULL]
5,"9,1,13,1,286,1,2",153,22,[NULL]
6,"8,1,69,1,147,1,1",153,22,[NULL]
7,"0,1,8,1,582,1,1",153,22,[NULL]
8,"13,3,189,1,0",153,22,[NULL]
9,"1,2,64,1,209,1,0",153,22,[NULL]
0,"472,1,28",154,21,[NULL]
1,"13,2,209,1,10",154,21,[NULL]
2,"72,1,188,1,2",154,21,[NULL]
3,"13,2,268,1,2",154,21,[NULL]
4,"3,1,646,1,2",154,21,[NULL]
5,"2,1,690,1,2",154,21,[NULL]
6,"7,1,627,1,0",154,21,[NULL]
7,"3,1,717,1,0",154,21,[NULL]
0,1346,155,20,[NULL]
1,"739,1,2",155,20,[NULL]
2,"738,1,2",155,20,[NULL]
3,"1,1,3,1,628,1,2",155,20,[NULL]
4,"13,3,190,1,0",155,20,[NULL]
5,"3,2,628,1,0",155,20,[NULL]
0,1347,156,19,[NULL]
1,"209,1,103",156,19,[NULL]
2,"43,1,266,1,2",156,19,[NULL]
3,"13,1,23,1,213,1,2",156,19,[NULL]
4,"0,1,729,1,2",156,19,[NULL]
5,"23,1,417,1,1",156,19,[NULL]
0,1348,157,18,[NULL]
1,"43,1,267,1,2",157,18,[NULL]
2,"9,1,13,1,288,1,2",157,18,[NULL]
3,"1,1,3,1,629,1,2",157,18,[NULL]
0,1351,158,17,[NULL]
1,1350,158,17,[NULL]
2,1349,158,17,[NULL]
3,"474,1,28",158,17,[NULL]
4,"3,1,648,1,2",158,17,[NULL]
0,1352,159,16,[NULL]
1,"0,1,1320",159,16,[NULL]
2,"188,1,123",159,16,[NULL]
3,"195,1,114",159,16,[NULL]
4,"8,2,367,1,2",159,16,[NULL]
5,"3,1,650,1,2",159,16,[NULL]
6,"1,1,18,1,385,1,2",159,16,[NULL]
7,"1,2,766,1,0",159,16,[NULL]
0,1354,160,15,[NULL]
1,1353,160,15,[NULL]
2,"0,1,1321",160,15,[NULL]
3,"189,1,123",160,15,[NULL]
4,"386,1,41",160,15,[NULL]
5,"741,1,2",160,15,[NULL]
6,"740,1,2",160,15,[NULL]
7,"67,1,197,1,2",160,15,[NULL]
8,"8,1,562,1,2",160,15,[NULL]
9,"1,1,27,1,324,1,2",160,15,[NULL]
10,"1,2,31,1,324,1,0",160,15,[NULL]
0,1355,161,14,[NULL]
1,"3,1,1157",161,14,[NULL]
2,"3,1,1154",161,14,[NULL]
3,"203,1,105",161,14,[NULL]
4,"373,1,42",161,14,[NULL]
5,"389,1,41",161,14,[NULL]
6,"742,1,2",161,14,[NULL]
7,"30,1,324,1,2",161,14,[NULL]
8,"8,1,563,1,2",161,14,[NULL]
9,"0,1,731,1,2",161,14,[NULL]
10,"0,1,730,1,2",161,14,[NULL]
11,"814,1,0",161,14,[NULL]
0,1359,162,13,[NULL]
1,1358,162,13,[NULL]
2,1357,162,13,[NULL]
3,1356,162,13,[NULL]
4,"0,1,1326",162,13,[NULL]
5,"2,1,1249",162,13,[NULL]
6,"18,1,730",162,13,[NULL]
7,"190,1,123",162,13,[NULL]
8,"391,1,41",162,13,[NULL]
9,"390,1,41",162,13,[NULL]
10,"3,1,652,1,2",162,13,[NULL]
11,"0,1,732,1,2",162,13,[NULL]
12,"0,2,719,1,2",162,13,[NULL]
13,"787,1,1",162,13,[NULL]
14,"815,1,0",162,13,[NULL]
15,"13,1,565,1,0",162,13,[NULL]
0,1361,163,12,[NULL]
1,1360,163,12,[NULL]
2,"0,1,1329",163,12,[NULL]
3,"197,1,114",163,12,[NULL]
4,"376,1,43",163,12,[NULL]
5,"392,1,41",163,12,[NULL]
6,"480,1,28",163,12,[NULL]
7,"17,1,69,2,7",163,12,[NULL]
8,"16,1,324,1,7",163,12,[NULL]
9,"719,1,3",163,12,[NULL]
10,"23,1,368,1,2",163,12,[NULL]
11,"1,1,719,1,2",163,12,[NULL]
12,"0,1,734,1,2",163,12,[NULL]
13,"788,1,1",163,12,[NULL]
14,"817,1,0",163,12,[NULL]
15,"816,1,0",163,12,[NULL]
16,"13,1,566,1,0",163,12,[NULL]
17,"3,1,719,1,0",163,12,[NULL]
18,"1,1,789,1,0",163,12,[NULL]
0,1362,164,11,[NULL]
1,"69,1,333",164,11,[NULL]
2,"76,1,301",164,11,[NULL]
3,"198,1,114",164,11,[NULL]
4,"397,1,41",164,11,[NULL]
5,"396,1,41",164,11,[NULL]
6,"17,1,324,1,7",164,11,[NULL]
7,"745,1,2",164,11,[NULL]
8,"744,1,2",164,11,[NULL]
9,"743,1,2",164,11,[NULL]
10,"18,1,419,1,2",164,11,[NULL]
11,"0,1,18,1,414,1,2",164,11,[NULL]
12,"790,1,1",164,11,[NULL]
13,"789,1,1",164,11,[NULL]
14,"2,1,746,1,1",164,11,[NULL]
15,"7,1,632,1,0",164,11,[NULL]
16,"2,1,773,1,0",164,11,[NULL]
17,"1,1,792,1,0",164,11,[NULL]
0,1367,165,10,[NULL]
1,1366,165,10,[NULL]
2,1365,165,10,[NULL]
3,1364,165,10,[NULL]
4,1363,165,10,[NULL]
5,"2,1,69,1,289",165,10,[NULL]
6,"163,1,151",165,10,[NULL]
7,"746,1,2",165,10,[NULL]
8,"0,1,18,1,415,1,2",165,10,[NULL]
9,"0,1,8,1,9,1,324,1,2",165,10,[NULL]
10,"793,1,1",165,10,[NULL]
11,"792,1,1",165,10,[NULL]
12,"791,1,1",165,10,[NULL]
13,"818,1,0",165,10,[NULL]
14,"7,1,633,1,0",165,10,[NULL]
0,1372,166,9,[NULL]
1,1371,166,9,[NULL]
2,1370,166,9,[NULL]
3,1369,166,9,[NULL]
4,1368,166,9,[NULL]
5,"3,1,163,1,114",166,9,[NULL]
6,"324,1,50",166,9,[NULL]
7,"2,1,697,1,2",166,9,[NULL]
8,"1,1,720,1,2",166,9,[NULL]
9,"0,1,29,1,324,1,2",166,9,[NULL]
10,"2,2,18,1,368,1,1",166,9,[NULL]
11,"3,1,720,1,0",166,9,[NULL]
0,1373,167,8,[NULL]
1,"3,1,18,1,576",167,8,[NULL]
2,"13,1,324,1,14",167,8,[NULL]
3,"2,1,698,1,2",167,8,[NULL]
4,"2,1,24,1,69,2,2",167,8,[NULL]
5,"2,1,18,1,368,1,2",167,8,[NULL]
6,"1,1,28,1,324,1,2",167,8,[NULL]
7,"794,1,1",167,8,[NULL]
8,"819,1,0",167,8,[NULL]
9,"1,1,36,1,324,1,0",167,8,[NULL]
0,1374,168,7,[NULL]
1,"748,1,2",168,7,[NULL]
2,"747,1,2",168,7,[NULL]
3,"2,1,699,1,2",168,7,[NULL]
4,"2,1,24,1,324,1,2",168,7,[NULL]
5,"36,1,324,1,1",168,7,[NULL]
6,"3,1,699,1,1",168,7,[NULL]
7,"5,1,18,1,324,1,0",168,7,[NULL]
0,"3,1,18,1,577",169,6,[NULL]
1,"18,1,324,1,6",169,6,[NULL]
2,"749,1,2",169,6,[NULL]
3,"2,1,25,1,324,1,2",169,6,[NULL]
0,"750,1,2",170,5,[NULL]
1,"37,1,324,1,1",170,5,[NULL]
0,"751,1,2",171,4,[NULL]
1,"2,2,18,1,324,1,2",171,4,[NULL]
2,"38,1,324,1,1",171,4,[NULL]
0,"3,1,18,1,324,1,2",172,3,[NULL]
0,"0,1,1342",119,57,[NULL]
0,"1,1,721,1,2",120,56,[NULL]
0,1375,121,55,[NULL]
0,1376,122,54,[NULL]
0,"0,1,8,1,553,1,2",123,53,[NULL]
0,"0,1,8,1,554,1,2",124,52,[NULL]
0,"0,1,17,1,296,1,8",125,51,[NULL]
1,"8,1,469,1,7",125,51,[NULL]
0,"0,1,606,1,8",126,50,[NULL]
1,"8,1,470,1,7",126,50,[NULL]
0,"17,1,326,1,7",127,49,[NULL]
0,"634,1,7",128,48,[NULL]
1,"1,1,5,1,635,1,0",128,48,[NULL]
0,"8,3,199,1,7",129,47,[NULL]
0,"8,3,200,1,7",130,46,[NULL]
0,"635,1,7",131,45,[NULL]
1,"8,2,17,1,153,1,7",131,45,[NULL]
0,"636,1,7",132,44,[NULL]
1,"8,2,283,1,7",132,44,[NULL]
0,"8,5,77,1,7",133,43,[NULL]
1,"0,1,8,1,555,1,2",133,43,[NULL]
0,"8,5,78,1,7",134,42,[NULL]
1,"0,1,8,1,556,1,2",134,42,[NULL]
2,"0,2,722,1,2",134,42,[NULL]
0,"8,1,16,1,224,1,7",135,41,[NULL]
1,"8,4,17,1,56,1,7",135,41,[NULL]
2,"0,1,17,1,433,1,2",135,41,[NULL]
0,"8,1,16,1,225,1,7",136,40,[NULL]
1,"8,4,136,1,7",136,40,[NULL]
0,"8,1,17,1,225,1,7",137,39,[NULL]
1,"8,7,19,1,7",137,39,[NULL]
0,"42,1,224,1,7",138,38,[NULL]
1,"8,7,20,1,7",138,38,[NULL]
0,"8,4,137,1,7",139,37,[NULL]
1,"8,6,45,1,7",139,37,[NULL]
0,"8,4,138,1,7",140,36,[NULL]
1,"8,6,46,1,7",140,36,[NULL]
2,"0,2,725,1,2",140,36,[NULL]
0,"224,1,95",141,35,[NULL]
1,"8,2,16,1,154,1,7",141,35,[NULL]
2,"8,5,9,1,13,2,7",141,35,[NULL]
3,"752,1,2",141,35,[NULL]
4,"1,1,725,1,2",141,35,[NULL]
0,"225,1,95",142,34,[NULL]
1,"8,2,17,1,154,1,7",142,34,[NULL]
2,"8,4,9,1,13,1,32,1,7",142,34,[NULL]
3,"16,1,491,1,1",142,34,[NULL]
0,"637,1,7",143,33,[NULL]
1,"8,3,9,1,13,2,23,1,7",143,33,[NULL]
2,"8,5,79,1,7",143,33,[NULL]
3,"0,1,8,1,64,1,137,1,2",143,33,[NULL]
4,"17,1,491,1,1",143,33,[NULL]
0,"17,1,773",144,32,[NULL]
1,"0,2,64,1,149,1,8",144,32,[NULL]
2,"8,2,9,1,13,2,51,1,7",144,32,[NULL]
3,"8,5,80,1,7",144,32,[NULL]
4,"0,1,8,1,64,1,138,1,2",144,32,[NULL]
5,"0,2,8,1,16,1,260,1,2",144,32,[NULL]
6,"1,1,795,1,0",144,32,[NULL]
0,"8,1,64,1,112,1,7",145,31,[NULL]
1,"8,1,9,1,13,5,7",145,31,[NULL]
2,"8,3,22,1,80,1,7",145,31,[NULL]
3,"5,1,64,1,149,1,2",145,31,[NULL]
4,"0,2,8,1,17,1,260,1,2",145,31,[NULL]
5,"795,1,1",145,31,[NULL]
0,"9,1,13,4,32,1,7",146,30,[NULL]
1,"8,1,64,1,113,1,7",146,30,[NULL]
2,"8,3,23,1,80,1,7",146,30,[NULL]
3,"8,3,260,1,1",146,30,[NULL]
0,"13,5,23,1,10",147,29,[NULL]
1,"8,1,471,1,7",147,29,[NULL]
2,"8,2,13,2,101,1,7",147,29,[NULL]
3,"0,1,642,1,6",147,29,[NULL]
4,"8,1,16,1,292,1,1",147,29,[NULL]
0,"9,1,435,1,7",148,28,[NULL]
1,"8,1,13,3,80,1,7",148,28,[NULL]
2,"1,1,42,1,260,1,2",148,28,[NULL]
3,"820,1,0",148,28,[NULL]
0,"13,2,23,1,101,1,7",149,27,[NULL]
1,"8,3,201,1,7",149,27,[NULL]
0,"13,1,219,1,42",150,26,[NULL]
1,"13,2,23,1,80,1,14",150,26,[NULL]
2,"8,2,9,1,188,1,7",150,26,[NULL]
3,"753,1,2",150,26,[NULL]
0,"13,1,879",151,25,[NULL]
1,"13,3,23,1,104",151,25,[NULL]
2,"8,1,9,1,267,1,7",151,25,[NULL]
3,"1,1,727,1,2",151,25,[NULL]
4,"13,2,292,1,1",151,25,[NULL]
0,1377,152,24,[NULL]
1,"13,3,83,1,28",152,24,[NULL]
2,"537,1,21",152,24,[NULL]
3,"9,1,23,1,188,1,7",152,24,[NULL]
4,"1,2,64,1,187,1,2",152,24,[NULL]
5,"797,1,1",152,24,[NULL]
6,"13,3,23,1,75,1,0",152,24,[NULL]
0,1379,153,23,[NULL]
1,1378,153,23,[NULL]
2,"13,2,212,1,10",153,23,[NULL]
3,"13,4,95,1,2",153,23,[NULL]
4,"4,1,627,1,2",153,23,[NULL]
5,"13,3,23,1,76,1,0",153,23,[NULL]
0,"13,1,328,1,14",154,22,[NULL]
1,"638,1,7",154,22,[NULL]
2,"13,3,164,1,2",154,22,[NULL]
3,"8,1,69,1,138,1,2",154,22,[NULL]
4,"0,1,3,1,646,1,2",154,22,[NULL]
5,"0,1,2,1,690,1,2",154,22,[NULL]
0,"3,1,1168",155,21,[NULL]
1,"581,1,14",155,21,[NULL]
2,"640,1,7",155,21,[NULL]
3,"754,1,2",155,21,[NULL]
4,"1,1,728,1,2",155,21,[NULL]
5,"0,1,739,1,2",155,21,[NULL]
6,"13,2,294,1,1",155,21,[NULL]
0,1380,156,20,[NULL]
1,"188,1,125",156,20,[NULL]
2,"359,1,48",156,20,[NULL]
3,"8,1,475,1,7",156,20,[NULL]
4,"1,1,3,1,639,1,2",156,20,[NULL]
5,"0,1,43,1,266,1,2",156,20,[NULL]
6,"13,3,181,1,1",156,20,[NULL]
0,"67,1,337",157,19,[NULL]
1,"195,1,118",157,19,[NULL]
2,"212,1,104",157,19,[NULL]
3,"17,1,333,1,7",157,19,[NULL]
4,"1,1,729,1,2",157,19,[NULL]
5,"0,1,43,1,267,1,2",157,19,[NULL]
6,"822,1,0",157,19,[NULL]
0,1382,158,18,[NULL]
1,1381,158,18,[NULL]
2,"367,1,47",158,18,[NULL]
3,"417,1,37",158,18,[NULL]
4,"13,1,331,1,14",158,18,[NULL]
5,"604,1,12",158,18,[NULL]
6,"8,2,69,1,80,1,2",158,18,[NULL]
7,"0,1,3,1,648,1,2",158,18,[NULL]
8,"823,1,0",158,18,[NULL]
9,"75,1,212,1,0",158,18,[NULL]
0,1383,159,17,[NULL]
1,"3,1,1173",159,17,[NULL]
2,"74,1,305",159,17,[NULL]
3,"333,1,50",159,17,[NULL]
4,"13,1,332,1,14",159,17,[NULL]
5,"75,1,188,1,2",159,17,[NULL]
6,"1,2,708,1,2",159,17,[NULL]
7,"0,1,8,2,367,1,2",159,17,[NULL]
8,"3,1,707,1,1",159,17,[NULL]
9,"76,1,212,1,0",159,17,[NULL]
10,"18,1,494,1,0",159,17,[NULL]
0,"3,1,174,1,105",160,16,[NULL]
1,"213,1,104",160,16,[NULL]
2,"3,1,386,1,28",160,16,[NULL]
3,"8,1,479,1,7",160,16,[NULL]
4,"75,1,189,1,2",160,16,[NULL]
5,"0,1,741,1,2",160,16,[NULL]
6,"107,1,174,1,0",160,16,[NULL]
7,"41,1,324,1,0",160,16,[NULL]
8,"13,1,569,1,0",160,16,[NULL]
0,"485,1,28",161,15,[NULL]
1,"3,1,389,1,28",161,15,[NULL]
2,"9,1,445,1,7",161,15,[NULL]
3,"76,1,189,1,2",161,15,[NULL]
4,"23,1,373,1,2",161,15,[NULL]
5,"0,1,30,1,324,1,2",161,15,[NULL]
6,"3,1,709,1,1",161,15,[NULL]
7,"825,1,0",161,15,[NULL]
8,"824,1,0",161,15,[NULL]
9,"75,1,213,1,0",161,15,[NULL]
10,"13,1,570,1,0",161,15,[NULL]
0,1385,162,14,[NULL]
1,1384,162,14,[NULL]
2,"543,1,21",162,14,[NULL]
3,"730,1,3",162,14,[NULL]
4,"75,1,190,1,2",162,14,[NULL]
5,"23,1,376,1,2",162,14,[NULL]
6,"800,1,1",162,14,[NULL]
7,"18,1,475,1,1",162,14,[NULL]
8,"0,1,787,1,1",162,14,[NULL]
9,"76,1,213,1,0",162,14,[NULL]
10,"3,1,731,1,0",162,14,[NULL]
11,"3,1,730,1,0",162,14,[NULL]
12,"2,2,732,1,0",162,14,[NULL]
0,1387,163,13,[NULL]
1,1386,163,13,[NULL]
2,"375,1,45",163,13,[NULL]
3,"732,1,3",163,13,[NULL]
4,"76,1,190,1,2",163,13,[NULL]
5,"1,1,732,1,2",163,13,[NULL]
6,"801,1,1",163,13,[NULL]
7,"40,1,69,2,1",163,13,[NULL]
8,"39,1,324,1,1",163,13,[NULL]
9,"13,1,69,1,134,1,1",163,13,[NULL]
10,"0,1,788,1,1",163,13,[NULL]
11,"3,1,732,1,0",163,13,[NULL]
12,"2,2,734,1,0",163,13,[NULL]
0,1389,164,12,[NULL]
1,1388,164,12,[NULL]
2,"734,1,3",164,12,[NULL]
3,"1,1,734,1,2",164,12,[NULL]
4,"1,1,7,1,571,1,2",164,12,[NULL]
5,"0,2,18,1,414,1,2",164,12,[NULL]
6,"40,1,324,1,1",164,12,[NULL]
7,"0,1,789,1,1",164,12,[NULL]
8,"826,1,0",164,12,[NULL]
9,"3,1,735,1,0",164,12,[NULL]
0,"69,1,340",165,11,[NULL]
1,"92,1,276",165,11,[NULL]
2,"0,1,163,1,151",165,11,[NULL]
3,"755,1,2",165,11,[NULL]
4,"3,1,18,1,333,1,2",165,11,[NULL]
5,"2,1,18,1,373,1,2",165,11,[NULL]
6,"0,1,746,1,2",165,11,[NULL]
7,"0,2,18,1,415,1,2",165,11,[NULL]
8,"0,2,8,1,9,1,324,1,2",165,11,[NULL]
9,"0,1,793,1,1",165,11,[NULL]
10,"827,1,0",165,11,[NULL]
0,1390,166,10,[NULL]
1,"7,1,1021",166,10,[NULL]
2,"3,1,69,1,275",166,10,[NULL]
3,"757,1,2",166,10,[NULL]
4,"756,1,2",166,10,[NULL]
5,"3,1,659,1,2",166,10,[NULL]
6,"2,1,18,1,376,1,2",166,10,[NULL]
7,"0,2,29,1,324,1,2",166,10,[NULL]
8,"1,1,802,1,0",166,10,[NULL]
0,1393,167,9,[NULL]
1,1392,167,9,[NULL]
2,1391,167,9,[NULL]
3,"660,1,6",167,9,[NULL]
4,"0,1,2,1,698,1,2",167,9,[NULL]
5,"802,1,1",167,9,[NULL]
0,1395,168,8,[NULL]
1,1394,168,8,[NULL]
2,"0,1,1374",168,8,[NULL]
3,"506,1,26",168,8,[NULL]
4,"0,1,748,1,2",168,8,[NULL]
5,"0,1,747,1,2",168,8,[NULL]
6,"0,1,36,1,324,1,1",168,8,[NULL]
0,"324,1,51",169,7,[NULL]
1,"0,1,18,1,324,1,6",169,7,[NULL]
2,"2,2,660,1,2",169,7,[NULL]
3,"0,1,749,1,2",169,7,[NULL]
4,"3,1,18,1,378,1,1",169,7,[NULL]
0,"3,1,18,1,595",170,6,[NULL]
1,"0,1,750,1,2",170,6,[NULL]
0,"0,1,751,1,2",171,5,[NULL]
0,"0,1,3,1,18,1,324,1,2",172,4,[NULL]
0,"0,2,1342",119,58,[NULL]
0,"758,1,2",120,57,[NULL]
1,"1,1,803,1,0",120,57,[NULL]
0,"803,1,1",121,56,[NULL]
0,"804,1,1",122,55,[NULL]
0,"0,2,8,1,553,1,2",123,54,[NULL]
0,"0,2,8,1,554,1,2",124,53,[NULL]
0,"8,2,431,1,1",125,52,[NULL]
0,"8,1,16,1,296,1,1",126,51,[NULL]
0,"1,1,736,1,2",127,50,[NULL]
0,"805,1,1",131,46,[NULL]
0,"806,1,1",132,45,[NULL]
0,"685,1,5",133,44,[NULL]
1,"0,2,8,1,555,1,2",133,44,[NULL]
0,"0,2,8,1,556,1,2",134,43,[NULL]
1,"0,3,722,1,2",134,43,[NULL]
0,"8,2,432,1,1",135,42,[NULL]
0,"8,2,433,1,1",136,41,[NULL]
1,"829,1,0",136,41,[NULL]
0,"16,1,452,1,2",137,40,[NULL]
0,"17,1,452,1,2",138,39,[NULL]
0,"49,1,245,1,2",139,38,[NULL]
0,"8,1,572,1,2",140,37,[NULL]
1,"0,3,725,1,2",140,37,[NULL]
2,"1,1,64,1,224,1,0",140,37,[NULL]
0,"8,3,244,1,2",141,36,[NULL]
1,"0,1,752,1,2",141,36,[NULL]
2,"64,1,224,1,1",141,36,[NULL]
0,"8,1,16,1,17,1,149,1,2",142,35,[NULL]
1,"64,1,225,1,1",142,35,[NULL]
2,"0,1,16,1,491,1,1",142,35,[NULL]
0,"759,1,2",143,34,[NULL]
1,"8,3,245,1,2",143,34,[NULL]
2,"8,1,623,1,0",143,34,[NULL]
3,"1,1,807,1,0",143,34,[NULL]
0,"8,3,247,1,2",144,33,[NULL]
1,"809,1,1",144,33,[NULL]
2,"807,1,1",144,33,[NULL]
0,"8,4,166,1,2",145,32,[NULL]
1,"830,1,0",145,32,[NULL]
0,"8,4,167,1,2",146,31,[NULL]
1,"0,1,8,3,260,1,1",146,31,[NULL]
0,"64,1,206,1,2",147,30,[NULL]
1,"8,2,380,1,2",147,30,[NULL]
2,"8,3,248,1,2",147,30,[NULL]
3,"8,3,278,1,0",147,30,[NULL]
4,"1,1,5,1,642,1,0",147,30,[NULL]
0,"113,1,149,1,2",148,29,[NULL]
1,"8,1,17,1,278,1,2",148,29,[NULL]
2,"8,2,13,1,219,1,2",148,29,[NULL]
3,"13,5,51,1,1",148,29,[NULL]
0,1396,149,28,[NULL]
1,"17,1,454,1,2",149,28,[NULL]
2,"8,1,573,1,2",149,28,[NULL]
3,"8,1,13,2,194,1,2",149,28,[NULL]
4,"13,5,52,1,1",149,28,[NULL]
5,"13,3,194,1,0",149,28,[NULL]
0,"642,1,7",150,27,[NULL]
1,"42,1,278,1,2",150,27,[NULL]
2,"13,3,167,1,2",150,27,[NULL]
3,"8,1,574,1,2",150,27,[NULL]
4,"0,1,753,1,2",150,27,[NULL]
5,"13,2,23,1,150,1,0",150,27,[NULL]
0,1397,151,26,[NULL]
1,"2,1,1289",151,26,[NULL]
2,"13,3,168,1,2",151,26,[NULL]
3,"8,1,9,1,346,1,2",151,26,[NULL]
4,"8,2,382,1,2",151,26,[NULL]
0,1398,152,25,[NULL]
1,"585,1,14",152,25,[NULL]
2,"13,2,23,1,83,1,14",152,25,[NULL]
3,"9,1,13,1,292,1,2",152,25,[NULL]
4,"8,2,383,1,2",152,25,[NULL]
5,"810,1,1",152,25,[NULL]
6,"0,1,797,1,1",152,25,[NULL]
0,"13,1,898",153,24,[NULL]
1,"13,3,133,1,10",153,24,[NULL]
2,"627,1,8",153,24,[NULL]
3,"8,3,250,1,2",153,24,[NULL]
4,"811,1,1",153,24,[NULL]
5,"13,2,303,1,1",153,24,[NULL]
6,"8,1,627,1,0",153,24,[NULL]
0,"737,1,3",154,23,[NULL]
1,"8,2,384,1,2",154,23,[NULL]
2,"0,1,8,1,69,1,138,1,2",154,23,[NULL]
3,"13,3,188,1,1",154,23,[NULL]
4,"832,1,0",154,23,[NULL]
0,"188,1,129",155,22,[NULL]
1,"8,1,9,1,13,1,209,1,2",155,22,[NULL]
2,"0,2,739,1,2",155,22,[NULL]
3,"13,3,189,1,1",155,22,[NULL]
0,"328,1,51",156,21,[NULL]
1,"9,1,13,1,294,1,2",156,21,[NULL]
2,"7,1,627,1,1",156,21,[NULL]
3,"3,1,717,1,1",156,21,[NULL]
4,"834,1,0",156,21,[NULL]
5,"833,1,0",156,21,[NULL]
0,"287,1,63",157,20,[NULL]
1,"13,1,261,1,28",157,20,[NULL]
2,"64,1,209,1,2",157,20,[NULL]
3,"13,3,190,1,1",157,20,[NULL]
4,"8,1,613,1,1",157,20,[NULL]
5,"3,2,628,1,1",157,20,[NULL]
6,"79,1,209,1,0",157,20,[NULL]
0,"286,1,66",158,19,[NULL]
1,"13,1,335,1,14",158,19,[NULL]
2,"629,1,9",158,19,[NULL]
3,"760,1,2",158,19,[NULL]
4,"80,1,209,1,0",158,19,[NULL]
5,"64,1,235,1,0",158,19,[NULL]
0,1399,159,18,[NULL]
1,"287,1,66",159,18,[NULL]
2,"619,1,10",159,18,[NULL]
3,"761,1,2",159,18,[NULL]
4,"0,1,3,1,707,1,1",159,18,[NULL]
5,"836,1,0",159,18,[NULL]
6,"835,1,0",159,18,[NULL]
7,"3,2,648,1,0",159,18,[NULL]
0,1402,160,17,[NULL]
1,1401,160,17,[NULL]
2,1400,160,17,[NULL]
3,"195,1,123",160,17,[NULL]
4,"324,1,52",160,17,[NULL]
5,"408,1,42",160,17,[NULL]
6,"762,1,2",160,17,[NULL]
7,"0,2,741,1,2",160,17,[NULL]
8,"2,1,763,1,1",160,17,[NULL]
9,"839,1,0",160,17,[NULL]
10,"838,1,0",160,17,[NULL]
0,1405,161,16,[NULL]
1,1404,161,16,[NULL]
2,1403,161,16,[NULL]
3,"1,1,189,1,123",161,16,[NULL]
4,"13,1,373,1,10",161,16,[NULL]
5,"763,1,2",161,16,[NULL]
6,"3,1,669,1,2",161,16,[NULL]
7,"0,2,30,1,324,1,2",161,16,[NULL]
8,"840,1,0",161,16,[NULL]
0,"0,1,1385",162,15,[NULL]
1,"0,1,1384",162,15,[NULL]
2,"3,1,1194",162,15,[NULL]
3,"765,1,2",162,15,[NULL]
4,"764,1,2",162,15,[NULL]
5,"0,1,18,1,475,1,1",162,15,[NULL]
6,"841,1,0",162,15,[NULL]
0,1407,163,14,[NULL]
1,1406,163,14,[NULL]
2,"0,1,1386",163,14,[NULL]
3,"412,1,43",163,14,[NULL]
4,"732,1,4",163,14,[NULL]
5,"767,1,2",163,14,[NULL]
6,"766,1,2",163,14,[NULL]
7,"67,1,203,1,2",163,14,[NULL]
8,"814,1,1",163,14,[NULL]
9,"0,1,39,1,324,1,1",163,14,[NULL]
10,"844,1,0",163,14,[NULL]
11,"843,1,0",163,14,[NULL]
12,"842,1,0",163,14,[NULL]
13,"18,1,502,1,0",163,14,[NULL]
0,1414,164,13,[NULL]
1,1413,164,13,[NULL]
2,1412,164,13,[NULL]
3,1411,164,13,[NULL]
4,1410,164,13,[NULL]
5,1409,164,13,[NULL]
6,1408,164,13,[NULL]
7,"0,1,1389",164,13,[NULL]
8,"3,1,1199",164,13,[NULL]
9,"197,1,123",164,13,[NULL]
10,"69,1,95,1,37",164,13,[NULL]
11,"768,1,2",164,13,[NULL]
12,"68,1,203,1,2",164,13,[NULL]
13,"31,1,324,1,2",164,13,[NULL]
14,"3,1,673,1,2",164,13,[NULL]
15,"1,2,719,1,2",164,13,[NULL]
16,"815,1,1",164,13,[NULL]
17,"13,1,565,1,1",164,13,[NULL]
18,"8,1,16,1,324,1,0",164,13,[NULL]
19,"1,1,3,1,719,1,0",164,13,[NULL]
0,1418,165,12,[NULL]
1,1417,165,12,[NULL]
2,1416,165,12,[NULL]
3,1415,165,12,[NULL]
4,"264,1,79",165,12,[NULL]
5,"17,1,324,1,8",165,12,[NULL]
6,"769,1,2",165,12,[NULL]
7,"3,1,674,1,2",165,12,[NULL]
8,"2,1,719,1,2",165,12,[NULL]
9,"1,1,744,1,2",165,12,[NULL]
10,"0,1,755,1,2",165,12,[NULL]
11,"817,1,1",165,12,[NULL]
12,"816,1,1",165,12,[NULL]
13,"3,1,719,1,1",165,12,[NULL]
14,"1,1,7,1,632,1,0",165,12,[NULL]
0,1420,166,11,[NULL]
1,1419,166,11,[NULL]
2,"3,1,1203",166,11,[NULL]
3,"203,1,114",166,11,[NULL]
4,"746,1,3",166,11,[NULL]
5,"770,1,2",166,11,[NULL]
6,"0,1,757,1,2",166,11,[NULL]
7,"0,1,756,1,2",166,11,[NULL]
8,"2,1,773,1,1",166,11,[NULL]
9,"1,1,7,1,633,1,0",166,11,[NULL]
0,1422,167,10,[NULL]
1,1421,167,10,[NULL]
2,"773,1,2",167,10,[NULL]
3,"772,1,2",167,10,[NULL]
4,"771,1,2",167,10,[NULL]
5,"18,1,443,1,2",167,10,[NULL]
6,"818,1,1",167,10,[NULL]
7,"0,1,802,1,1",167,10,[NULL]
8,"846,1,0",167,10,[NULL]
9,"42,1,324,1,0",167,10,[NULL]
10,"18,1,504,1,0",167,10,[NULL]
0,1423,168,9,[NULL]
1,"3,1,1205",168,9,[NULL]
2,"163,1,159",168,9,[NULL]
3,"2,1,18,1,368,1,3",168,9,[NULL]
4,"775,1,2",168,9,[NULL]
5,"774,1,2",168,9,[NULL]
6,"18,1,445,1,2",168,9,[NULL]
7,"8,1,13,1,324,1,2",168,9,[NULL]
8,"0,2,747,1,2",168,9,[NULL]
9,"847,1,0",168,9,[NULL]
10,"13,2,324,1,0",168,9,[NULL]
11,"1,1,819,1,0",168,9,[NULL]
0,1424,169,8,[NULL]
1,"2,1,24,1,324,1,3",169,8,[NULL]
2,"776,1,2",169,8,[NULL]
3,"32,1,324,1,2",169,8,[NULL]
4,"1,1,748,1,2",169,8,[NULL]
5,"1,1,747,1,2",169,8,[NULL]
6,"0,2,749,1,2",169,8,[NULL]
7,"819,1,1",169,8,[NULL]
8,"1,1,5,1,18,1,324,1,0",169,8,[NULL]
0,"18,1,771",170,7,[NULL]
1,"2,1,25,1,324,1,3",170,7,[NULL]
2,"33,1,324,1,2",170,7,[NULL]
3,"18,1,446,1,2",170,7,[NULL]
4,"1,1,749,1,2",170,7,[NULL]
5,"3,1,749,1,0",170,7,[NULL]
0,"3,1,324,1,41",171,6,[NULL]
1,"34,1,324,1,2",171,6,[NULL]
2,"1,1,750,1,2",171,6,[NULL]
3,"0,2,751,1,2",171,6,[NULL]
4,"18,1,506,1,0",171,6,[NULL]
5,"3,1,750,1,0",171,6,[NULL]
0,"324,1,53",172,5,[NULL]
1,"18,1,324,1,7",172,5,[NULL]
2,"35,1,324,1,2",172,5,[NULL]
3,"1,1,751,1,2",172,5,[NULL]
4,"0,2,3,1,18,1,324,1,2",172,5,[NULL]
5,"43,1,324,1,0",172,5,[NULL]
6,"3,1,751,1,0",172,5,[NULL]
0,"324,1,54",173,4,[NULL]
1,"1,1,3,1,18,1,324,1,2",173,4,[NULL]
2,"849,1,0",173,4,[NULL]
3,"3,2,18,1,324,1,0",173,4,[NULL]
0,"850,1,0",174,3,[NULL]
0,"0,3,1342",119,59,[NULL]
0,1425,120,58,[NULL]
0,"0,1,803,1,1",121,57,[NULL]
0,"851,1,0",122,56,[NULL]
0,"0,1,8,2,431,1,1",125,53,[NULL]
0,"8,1,578,1,2",126,52,[NULL]
1,"8,2,469,1,0",126,52,[NULL]
0,"8,1,579,1,2",127,51,[NULL]
0,"17,1,470,1,2",128,50,[NULL]
0,"777,1,2",129,49,[NULL]
0,"8,3,252,1,2",130,48,[NULL]
0,"8,3,253,1,2",131,47,[NULL]
1,"0,1,805,1,1",131,47,[NULL]
0,"635,1,8",132,46,[NULL]
1,"8,2,17,1,200,1,2",132,46,[NULL]
2,"8,1,635,1,0",132,46,[NULL]
0,"636,1,8",133,45,[NULL]
1,"8,2,401,1,2",133,45,[NULL]
0,"8,5,116,1,2",134,44,[NULL]
0,1426,135,43,[NULL]
1,"8,5,117,1,2",135,43,[NULL]
0,"8,2,402,1,2",136,42,[NULL]
1,"8,4,17,1,78,1,2",136,42,[NULL]
2,"8,2,16,1,224,1,0",136,42,[NULL]
0,1427,137,41,[NULL]
1,"8,2,403,1,2",137,41,[NULL]
2,"8,4,171,1,2",137,41,[NULL]
3,"0,1,16,1,452,1,2",137,41,[NULL]
0,1428,138,40,[NULL]
1,"16,1,17,1,225,1,2",138,40,[NULL]
2,"8,7,39,1,2",138,40,[NULL]
3,"0,1,17,1,452,1,2",138,40,[NULL]
0,"8,1,488,1,7",139,39,[NULL]
1,"59,1,224,1,2",139,39,[NULL]
2,"17,2,225,1,2",139,39,[NULL]
3,"8,7,40,1,2",139,39,[NULL]
0,"17,1,343,1,7",140,38,[NULL]
1,"8,3,16,1,137,1,2",140,38,[NULL]
2,"8,6,17,1,20,1,2",140,38,[NULL]
0,"8,1,489,1,7",141,37,[NULL]
1,"8,3,16,1,138,1,2",141,37,[NULL]
2,"8,6,63,1,2",141,37,[NULL]
3,"0,1,64,1,224,1,1",141,37,[NULL]
0,"8,1,490,1,7",142,36,[NULL]
1,"8,3,17,1,138,1,2",142,36,[NULL]
2,"8,7,9,1,13,1,2",142,36,[NULL]
3,"1,2,725,1,2",142,36,[NULL]
4,"64,1,237,1,0",142,36,[NULL]
0,"8,3,206,1,7",143,35,[NULL]
1,"8,2,42,1,137,1,2",143,35,[NULL]
2,"8,6,9,1,32,1,2",143,35,[NULL]
3,"0,1,759,1,2",143,35,[NULL]
0,"8,2,17,1,160,1,7",144,34,[NULL]
1,"778,1,2",144,34,[NULL]
2,"8,5,9,1,13,1,23,1,2",144,34,[NULL]
3,"8,6,64,1,2",144,34,[NULL]
0,"8,1,491,1,7",145,33,[NULL]
1,"8,3,207,1,7",145,33,[NULL]
2,"8,4,9,1,13,1,51,1,2",145,33,[NULL]
3,"8,5,118,1,2",145,33,[NULL]
0,"17,1,260,1,22",146,32,[NULL]
1,"8,3,208,1,7",146,32,[NULL]
2,"8,1,64,1,146,1,2",146,32,[NULL]
3,"8,3,9,1,13,4,2",146,32,[NULL]
4,"8,4,17,1,80,1,2",146,32,[NULL]
5,"1,1,5,1,64,1,149,1,2",146,32,[NULL]
0,1429,147,31,[NULL]
1,"8,2,9,1,194,1,7",147,31,[NULL]
2,"8,1,64,1,147,1,2",147,31,[NULL]
3,"8,2,9,1,13,3,32,1,2",147,31,[NULL]
4,"8,4,173,1,2",147,31,[NULL]
5,"0,1,8,2,380,1,2",147,31,[NULL]
0,"260,1,81",148,30,[NULL]
1,"653,1,7",148,30,[NULL]
2,"8,1,9,1,13,1,167,1,7",148,30,[NULL]
3,"8,1,9,1,13,4,23,1,2",148,30,[NULL]
4,"8,2,404,1,2",148,30,[NULL]
5,"8,4,13,1,101,1,2",148,30,[NULL]
6,"0,1,8,1,17,1,278,1,2",148,30,[NULL]
0,"16,1,347,1,7",149,29,[NULL]
1,"9,1,13,1,248,1,7",149,29,[NULL]
2,"8,2,291,1,7",149,29,[NULL]
3,"9,1,13,4,51,1,2",149,29,[NULL]
4,"8,1,580,1,2",149,29,[NULL]
5,"8,3,13,2,80,1,2",149,29,[NULL]
6,"0,1,17,1,454,1,2",149,29,[NULL]
0,"13,6,28",150,28,[NULL]
1,"13,2,219,1,10",150,28,[NULL]
2,"17,1,347,1,7",150,28,[NULL]
3,"8,2,292,1,7",150,28,[NULL]
4,"8,2,13,1,23,1,101,1,2",150,28,[NULL]
5,"8,3,254,1,2",150,28,[NULL]
0,"22,1,292,1,7",151,27,[NULL]
1,"8,1,492,1,7",151,27,[NULL]
2,"8,1,13,2,23,1,80,1,2",151,27,[NULL]
3,"8,3,255,1,2",151,27,[NULL]
4,"13,3,23,1,80,1,0",151,27,[NULL]
0,"23,1,292,1,7",152,26,[NULL]
1,"8,2,293,1,7",152,26,[NULL]
2,"64,1,187,1,5",152,26,[NULL]
3,"13,4,101,1,2",152,26,[NULL]
4,"8,2,20,1,188,1,2",152,26,[NULL]
5,"0,1,810,1,1",152,26,[NULL]
0,"13,1,915",153,25,[NULL]
1,"13,5,79",153,25,[NULL]
2,"13,1,346,1,14",153,25,[NULL]
3,"0,1,627,1,8",153,25,[NULL]
4,"8,3,209,1,7",153,25,[NULL]
5,"8,1,20,1,267,1,2",153,25,[NULL]
6,"853,1,0",153,25,[NULL]
0,"13,1,916",154,24,[NULL]
1,"66,1,348",154,24,[NULL]
2,"219,1,104",154,24,[NULL]
3,"13,3,67,1,42",154,24,[NULL]
4,"8,2,294,1,7",154,24,[NULL]
5,"8,1,9,1,13,1,212,1,2",154,24,[NULL]
6,"0,2,8,1,69,1,138,1,2",154,24,[NULL]
7,"13,3,23,1,75,1,1",154,24,[NULL]
0,1431,155,23,[NULL]
1,1430,155,23,[NULL]
2,"66,1,349",155,23,[NULL]
3,"13,1,266,1,28",155,23,[NULL]
4,"655,1,7",155,23,[NULL]
5,"8,1,13,1,261,1,7",155,23,[NULL]
6,"779,1,2",155,23,[NULL]
7,"9,1,13,2,188,1,2",155,23,[NULL]
8,"13,3,23,1,76,1,1",155,23,[NULL]
9,"856,1,0",155,23,[NULL]
10,"13,2,328,1,0",155,23,[NULL]
0,1433,156,22,[NULL]
1,1432,156,22,[NULL]
2,"3,1,1214",156,22,[NULL]
3,"13,1,267,1,28",156,22,[NULL]
4,"13,1,423,1,7",156,22,[NULL]
5,"64,1,212,1,2",156,22,[NULL]
6,"13,2,286,1,2",156,22,[NULL]
7,"0,1,7,1,627,1,1",156,22,[NULL]
8,"13,1,581,1,0",156,22,[NULL]
0,"18,1,774",157,21,[NULL]
1,"64,1,367",157,21,[NULL]
2,"13,2,209,1,14",157,21,[NULL]
3,"628,1,10",157,21,[NULL]
4,"79,1,188,1,2",157,21,[NULL]
5,"13,2,287,1,2",157,21,[NULL]
6,"8,1,582,1,2",157,21,[NULL]
7,"0,1,64,1,209,1,2",157,21,[NULL]
8,"80,1,212,1,0",157,21,[NULL]
9,"7,1,655,1,0",157,21,[NULL]
0,1435,158,20,[NULL]
1,1434,158,20,[NULL]
2,"51,1,448",158,20,[NULL]
3,"266,1,79",158,20,[NULL]
4,"267,1,78",158,20,[NULL]
5,"13,1,67,1,75,1,14",158,20,[NULL]
6,"80,1,188,1,2",158,20,[NULL]
7,"17,1,475,1,2",158,20,[NULL]
8,"0,1,760,1,2",158,20,[NULL]
9,"857,1,0",158,20,[NULL]
0,"195,1,127",159,19,[NULL]
1,"209,1,113",159,19,[NULL]
2,"267,1,79",159,19,[NULL]
3,"23,1,213,1,28",159,19,[NULL]
4,"604,1,14",159,19,[NULL]
5,"629,1,10",159,19,[NULL]
6,"780,1,2",159,19,[NULL]
7,"822,1,1",159,19,[NULL]
8,"64,1,239,1,0",159,19,[NULL]
9,"13,2,331,1,0",159,19,[NULL]
0,1436,160,18,[NULL]
1,"3,1,1222",160,18,[NULL]
2,"3,1,1220",160,18,[NULL]
3,"417,1,42",160,18,[NULL]
4,"43,1,285,1,2",160,18,[NULL]
5,"13,2,288,1,2",160,18,[NULL]
6,"3,2,604,1,2",160,18,[NULL]
7,"0,1,762,1,2",160,18,[NULL]
8,"823,1,1",160,18,[NULL]
9,"75,1,212,1,1",160,18,[NULL]
10,"13,2,332,1,0",160,18,[NULL]
0,1437,161,17,[NULL]
1,"43,1,510",161,17,[NULL]
2,"67,1,354",161,17,[NULL]
3,"68,1,352",161,17,[NULL]
4,"107,1,258",161,17,[NULL]
5,"43,1,287,1,2",161,17,[NULL]
6,"13,1,532,1,2",161,17,[NULL]
7,"8,2,414,1,2",161,17,[NULL]
8,"0,1,763,1,2",161,17,[NULL]
9,"76,1,212,1,1",161,17,[NULL]
0,1441,162,16,[NULL]
1,1440,162,16,[NULL]
2,1439,162,16,[NULL]
3,1438,162,16,[NULL]
4,"36,1,562",162,16,[NULL]
5,"190,1,134",162,16,[NULL]
6,"76,1,189,1,3",162,16,[NULL]
7,"781,1,2",162,16,[NULL]
8,"8,2,415,1,2",162,16,[NULL]
9,"1,1,76,1,189,1,2",162,16,[NULL]
10,"0,1,764,1,2",162,16,[NULL]
11,"107,1,174,1,1",162,16,[NULL]
12,"13,1,569,1,1",162,16,[NULL]
13,"1,1,825,1,0",162,16,[NULL]
0,"3,1,1229",163,15,[NULL]
1,"3,1,1228",163,15,[NULL]
2,"36,1,563",163,15,[NULL]
3,"68,1,355",163,15,[NULL]
4,"197,1,127",163,15,[NULL]
5,"270,1,78",163,15,[NULL]
6,"8,1,583,1,2",163,15,[NULL]
7,"3,1,680,1,2",163,15,[NULL]
8,"0,1,766,1,2",163,15,[NULL]
9,"0,1,67,1,203,1,2",163,15,[NULL]
10,"825,1,1",163,15,[NULL]
11,"824,1,1",163,15,[NULL]
12,"75,1,213,1,1",163,15,[NULL]
13,"13,1,570,1,1",163,15,[NULL]
14,"0,1,814,1,1",163,15,[NULL]
0,"2,1,1322",164,14,[NULL]
1,"209,1,114",164,14,[NULL]
2,"270,1,79",164,14,[NULL]
3,"3,1,333,1,41",164,14,[NULL]
4,"18,1,314,1,8",164,14,[NULL]
5,"74,1,197,1,2",164,14,[NULL]
6,"9,1,563,1,2",164,14,[NULL]
7,"1,1,76,1,190,1,2",164,14,[NULL]
8,"0,1,31,1,324,1,2",164,14,[NULL]
9,"0,1,3,1,673,1,2",164,14,[NULL]
10,"3,1,731,1,1",164,14,[NULL]
11,"3,1,730,1,1",164,14,[NULL]
12,"2,2,732,1,1",164,14,[NULL]
13,"0,1,815,1,1",164,14,[NULL]
14,"3,1,76,1,190,1,0",164,14,[NULL]
15,"1,1,3,1,732,1,0",164,14,[NULL]
0,1442,165,13,[NULL]
1,"3,1,1233",165,13,[NULL]
2,"504,1,28",165,13,[NULL]
3,"13,1,69,1,76,1,14",165,13,[NULL]
4,"0,1,17,1,324,1,8",165,13,[NULL]
5,"18,1,333,1,7",165,13,[NULL]
6,"2,1,732,1,2",165,13,[NULL]
7,"0,1,769,1,2",165,13,[NULL]
8,"3,1,732,1,1",165,13,[NULL]
9,"2,2,734,1,1",165,13,[NULL]
10,"0,1,817,1,1",165,13,[NULL]
11,"0,1,3,1,719,1,1",165,13,[NULL]
12,"859,1,0",165,13,[NULL]
13,"858,1,0",165,13,[NULL]
14,"43,1,333,1,0",165,13,[NULL]
15,"1,1,826,1,0",165,13,[NULL]
0,1444,166,12,[NULL]
1,1443,166,12,[NULL]
2,"69,1,352",166,12,[NULL]
3,"659,1,7",166,12,[NULL]
4,"19,1,324,1,7",166,12,[NULL]
5,"2,1,734,1,2",166,12,[NULL]
6,"0,1,770,1,2",166,12,[NULL]
7,"826,1,1",166,12,[NULL]
8,"3,1,735,1,1",166,12,[NULL]
9,"861,1,0",166,12,[NULL]
10,"860,1,0",166,12,[NULL]
11,"3,1,755,1,0",166,12,[NULL]
0,1446,167,11,[NULL]
1,1445,167,11,[NULL]
2,"20,1,324,1,7",167,11,[NULL]
3,"2,1,18,1,376,1,3",167,11,[NULL]
4,"1,1,756,1,2",167,11,[NULL]
5,"0,1,772,1,2",167,11,[NULL]
6,"0,1,18,1,443,1,2",167,11,[NULL]
7,"3,1,756,1,0",167,11,[NULL]
0,"0,1,163,1,159",168,10,[NULL]
1,"324,1,55",168,10,[NULL]
2,"3,1,18,1,352,1,2",168,10,[NULL]
3,"0,1,18,1,445,1,2",168,10,[NULL]
4,"0,1,8,1,13,1,324,1,2",168,10,[NULL]
0,1447,169,9,[NULL]
1,"3,1,1239",169,9,[NULL]
2,"2,2,18,1,638",169,9,[NULL]
3,"324,1,56",169,9,[NULL]
4,"506,1,28",169,9,[NULL]
5,"782,1,2",169,9,[NULL]
6,"0,1,32,1,324,1,2",169,9,[NULL]
0,1449,170,8,[NULL]
1,1448,170,8,[NULL]
2,"508,1,28",170,8,[NULL]
3,"13,1,324,1,18",170,8,[NULL]
4,"660,1,7",170,8,[NULL]
5,"0,1,18,1,446,1,2",170,8,[NULL]
0,"18,1,788",171,7,[NULL]
1,"3,2,324,1,28",171,7,[NULL]
2,"0,1,34,1,324,1,2",171,7,[NULL]
0,"3,1,324,1,43",172,6,[NULL]
1,"0,1,18,1,324,1,7",172,6,[NULL]
0,"4,1,18,1,324,1,2",173,5,[NULL]
0,"1,1,758,1,2",121,58,[NULL]
1,"1,2,803,1,0",121,58,[NULL]
0,"783,1,2",122,57,[NULL]
0,"661,1,7",124,55,[NULL]
0,"554,1,22",125,54,[NULL]
0,"0,1,8,1,578,1,2",126,53,[NULL]
0,1450,127,52,[NULL]
1,"0,1,8,1,579,1,2",127,52,[NULL]
0,"8,2,295,1,7",128,51,[NULL]
1,"0,1,17,1,470,1,2",128,51,[NULL]
0,"8,2,296,1,7",129,50,[NULL]
0,"16,1,17,1,183,1,7",130,49,[NULL]
0,"8,1,498,1,7",131,48,[NULL]
0,"0,1,635,1,8",132,47,[NULL]
1,"8,4,145,1,7",132,47,[NULL]
0,"0,1,636,1,8",133,46,[NULL]
1,"8,3,16,1,111,1,7",133,46,[NULL]
0,"662,1,7",134,45,[NULL]
1,"8,3,17,1,111,1,7",134,45,[NULL]
2,"5,1,685,1,0",134,45,[NULL]
0,"663,1,7",135,44,[NULL]
1,"8,3,211,1,7",135,44,[NULL]
2,"685,1,6",135,44,[NULL]
0,"403,1,47",136,43,[NULL]
1,"8,6,49,1,7",136,43,[NULL]
2,"0,1,8,2,402,1,2",136,43,[NULL]
0,"8,6,50,1,7",137,42,[NULL]
1,"0,1,8,2,403,1,2",137,42,[NULL]
2,"0,2,16,1,452,1,2",137,42,[NULL]
3,"1,1,829,1,0",137,42,[NULL]
0,"8,2,297,1,7",138,41,[NULL]
1,"8,4,16,1,17,2,7",138,41,[NULL]
2,"0,1,16,1,17,1,225,1,2",138,41,[NULL]
3,"0,2,17,1,452,1,2",138,41,[NULL]
0,"8,2,298,1,7",139,40,[NULL]
1,"8,5,88,1,7",139,40,[NULL]
2,"0,1,17,2,225,1,2",139,40,[NULL]
0,"8,1,17,1,238,1,7",140,39,[NULL]
1,"8,9,7",140,39,[NULL]
0,"17,2,185,1,7",141,38,[NULL]
1,"8,7,22,1,7",141,38,[NULL]
2,"1,2,64,1,224,1,0",141,38,[NULL]
0,"8,4,146,1,7",142,37,[NULL]
1,"8,7,23,1,7",142,37,[NULL]
0,"8,4,147,1,7",143,36,[NULL]
1,"8,6,51,1,7",143,36,[NULL]
2,"0,2,759,1,2",143,36,[NULL]
0,"64,1,137,1,22",144,35,[NULL]
1,"8,3,17,1,113,1,7",144,35,[NULL]
2,"8,5,13,3,7",144,35,[NULL]
3,"0,1,778,1,2",144,35,[NULL]
0,"64,1,138,1,22",145,34,[NULL]
1,"8,2,17,1,162,1,7",145,34,[NULL]
2,"8,4,13,2,32,1,7",145,34,[NULL]
3,"8,1,623,1,1",145,34,[NULL]
0,"664,1,7",146,33,[NULL]
1,"8,3,13,3,23,1,7",146,33,[NULL]
2,"8,5,89,1,7",146,33,[NULL]
3,"17,1,516,1,1",146,33,[NULL]
0,"665,1,7",147,32,[NULL]
1,"8,2,13,3,51,1,7",147,32,[NULL]
2,"8,4,9,1,80,1,7",147,32,[NULL]
3,"0,2,8,2,380,1,2",147,32,[NULL]
0,"8,1,13,6,7",148,31,[NULL]
1,"8,2,64,2,7",148,31,[NULL]
2,"8,3,23,1,89,1,7",148,31,[NULL]
3,"0,2,8,1,17,1,278,1,2",148,31,[NULL]
0,"13,5,32,1,7",149,30,[NULL]
1,"8,2,299,1,7",149,30,[NULL]
2,"8,2,9,1,23,1,80,1,7",149,30,[NULL]
0,"13,5,23,1,14",150,29,[NULL]
1,"8,1,499,1,7",150,29,[NULL]
2,"8,1,9,1,13,2,101,1,7",150,29,[NULL]
3,"862,1,0",150,29,[NULL]
0,"13,5,24,1,14",151,28,[NULL]
1,"642,1,8",151,28,[NULL]
2,"13,1,435,1,7",151,28,[NULL]
3,"9,1,13,3,80,1,7",151,28,[NULL]
4,"13,3,194,1,1",151,28,[NULL]
0,1451,152,27,[NULL]
1,"13,2,23,1,101,1,10",152,27,[NULL]
2,"8,3,212,1,7",152,27,[NULL]
3,"13,2,23,1,150,1,1",152,27,[NULL]
4,"864,1,0",152,27,[NULL]
0,"1,1,1398",153,26,[NULL]
1,"0,2,627,1,8",153,26,[NULL]
2,"8,2,13,1,188,1,7",153,26,[NULL]
3,"784,1,2",153,26,[NULL]
4,"13,1,585,1,0",153,26,[NULL]
5,"13,3,23,1,83,1,0",153,26,[NULL]
0,1452,154,25,[NULL]
1,"187,1,138",154,25,[NULL]
2,"645,1,8",154,25,[NULL]
3,"644,1,8",154,25,[NULL]
4,"8,1,13,1,267,1,7",154,25,[NULL]
5,"13,1,537,1,2",154,25,[NULL]
6,"13,4,105,1,2",154,25,[NULL]
7,"5,1,627,1,2",154,25,[NULL]
0,"188,1,138",155,24,[NULL]
1,"13,1,357,1,14",155,24,[NULL]
2,"646,1,8",155,24,[NULL]
3,"666,1,7",155,24,[NULL]
4,"13,1,23,1,188,1,7",155,24,[NULL]
5,"13,1,538,1,2",155,24,[NULL]
6,"9,1,13,2,23,1,75,1,2",155,24,[NULL]
7,"8,1,627,1,1",155,24,[NULL]
0,"0,1,1432",156,23,[NULL]
1,"13,3,95,1,28",156,23,[NULL]
2,"13,2,212,1,14",156,23,[NULL]
3,"627,1,11",156,23,[NULL]
4,"23,1,286,1,10",156,23,[NULL]
5,"667,1,7",156,23,[NULL]
6,"4,1,655,1,2",156,23,[NULL]
7,"2,1,737,1,2",156,23,[NULL]
8,"832,1,1",156,23,[NULL]
0,1454,157,22,[NULL]
1,1453,157,22,[NULL]
2,"13,1,360,1,14",157,22,[NULL]
3,"668,1,7",157,22,[NULL]
4,"785,1,2",157,22,[NULL]
5,"8,1,69,1,147,1,2",157,22,[NULL]
6,"0,1,8,1,582,1,2",157,22,[NULL]
7,"0,2,64,1,209,1,2",157,22,[NULL]
8,"1,1,834,1,0",157,22,[NULL]
0,"610,1,14",158,21,[NULL]
1,"640,1,10",158,21,[NULL]
2,"1,1,64,1,209,1,2",158,21,[NULL]
3,"0,1,17,1,475,1,2",158,21,[NULL]
4,"0,2,760,1,2",158,21,[NULL]
5,"833,1,1",158,21,[NULL]
0,1455,159,20,[NULL]
1,"423,1,42",159,20,[NULL]
2,"13,2,213,1,14",159,20,[NULL]
3,"628,1,12",159,20,[NULL]
4,"1,1,760,1,2",159,20,[NULL]
5,"0,1,780,1,2",159,20,[NULL]
6,"13,2,335,1,0",159,20,[NULL]
0,1456,160,19,[NULL]
1,"629,1,11",160,19,[NULL]
2,"13,1,408,1,10",160,19,[NULL]
3,"648,1,9",160,19,[NULL]
4,"16,1,367,1,7",160,19,[NULL]
5,"23,1,417,1,2",160,19,[NULL]
6,"1,1,761,1,2",160,19,[NULL]
7,"0,1,43,1,285,1,2",160,19,[NULL]
8,"80,1,209,1,1",160,19,[NULL]
9,"64,1,235,1,1",160,19,[NULL]
10,"1,1,836,1,0",160,19,[NULL]
0,"17,1,367,1,7",161,18,[NULL]
1,"786,1,2",161,18,[NULL]
2,"24,1,417,1,2",161,18,[NULL]
3,"3,1,691,1,2",161,18,[NULL]
4,"1,1,762,1,2",161,18,[NULL]
5,"0,2,763,1,2",161,18,[NULL]
6,"837,1,1",161,18,[NULL]
7,"836,1,1",161,18,[NULL]
8,"835,1,1",161,18,[NULL]
9,"3,2,648,1,1",161,18,[NULL]
10,"865,1,0",161,18,[NULL]
11,"44,1,324,1,0",161,18,[NULL]
12,"1,1,838,1,0",161,18,[NULL]
0,1459,162,17,[NULL]
1,1458,162,17,[NULL]
2,1457,162,17,[NULL]
3,"324,1,57",162,17,[NULL]
4,"672,1,7",162,17,[NULL]
5,"0,2,764,1,2",162,17,[NULL]
6,"839,1,1",162,17,[NULL]
7,"838,1,1",162,17,[NULL]
8,"866,1,0",162,17,[NULL]
9,"3,1,763,1,0",162,17,[NULL]
0,1460,163,16,[NULL]
1,"8,1,504,1,7",163,16,[NULL]
2,"9,1,569,1,2",163,16,[NULL]
3,"1,1,764,1,2",163,16,[NULL]
4,"0,2,766,1,2",163,16,[NULL]
5,"840,1,1",163,16,[NULL]
6,"0,1,825,1,1",163,16,[NULL]
7,"3,1,764,1,0",163,16,[NULL]
0,1463,164,15,[NULL]
1,1462,164,15,[NULL]
2,1461,164,15,[NULL]
3,"450,1,37",164,15,[NULL]
4,"0,1,18,1,314,1,8",164,15,[NULL]
5,"1,1,766,1,2",164,15,[NULL]
6,"0,2,31,1,324,1,2",164,15,[NULL]
7,"841,1,1",164,15,[NULL]
8,"2,1,814,1,0",164,15,[NULL]
9,"1,1,843,1,0",164,15,[NULL]
10,"1,1,842,1,0",164,15,[NULL]
0,1466,165,14,[NULL]
1,1465,165,14,[NULL]
2,1464,165,14,[NULL]
3,"10,1,974",165,14,[NULL]
4,"0,2,17,1,324,1,8",165,14,[NULL]
5,"70,1,209,1,2",165,14,[NULL]
6,"1,1,31,1,324,1,2",165,14,[NULL]
7,"844,1,1",165,14,[NULL]
8,"843,1,1",165,14,[NULL]
9,"842,1,1",165,14,[NULL]
10,"18,1,502,1,1",165,14,[NULL]
11,"868,1,0",165,14,[NULL]
12,"867,1,0",165,14,[NULL]
13,"2,1,815,1,0",165,14,[NULL]
0,1472,166,13,[NULL]
1,1471,166,13,[NULL]
2,1470,166,13,[NULL]
3,1469,166,13,[NULL]
4,1468,166,13,[NULL]
5,1467,166,13,[NULL]
6,"69,1,95,1,42",166,13,[NULL]
7,"13,1,368,1,14",166,13,[NULL]
8,"787,1,2",166,13,[NULL]
9,"845,1,1",166,13,[NULL]
10,"8,1,16,1,324,1,1",166,13,[NULL]
11,"0,1,826,1,1",166,13,[NULL]
12,"3,1,769,1,0",166,13,[NULL]
13,"2,1,816,1,0",166,13,[NULL]
0,1477,167,12,[NULL]
1,1476,167,12,[NULL]
2,1475,167,12,[NULL]
3,1474,167,12,[NULL]
4,1473,167,12,[NULL]
5,"203,1,123",167,12,[NULL]
6,"2,1,198,1,114",167,12,[NULL]
7,"3,1,198,1,100",167,12,[NULL]
8,"445,1,41",167,12,[NULL]
9,"788,1,2",167,12,[NULL]
10,"0,2,18,1,443,1,2",167,12,[NULL]
11,"8,1,17,1,324,1,1",167,12,[NULL]
12,"869,1,0",167,12,[NULL]
0,1480,168,11,[NULL]
1,1479,168,11,[NULL]
2,1478,168,11,[NULL]
3,"3,1,1251",168,11,[NULL]
4,"18,1,264,1,21",168,11,[NULL]
5,"773,1,3",168,11,[NULL]
6,"790,1,2",168,11,[NULL]
7,"789,1,2",168,11,[NULL]
8,"2,1,746,1,2",168,11,[NULL]
9,"0,2,18,1,445,1,2",168,11,[NULL]
10,"0,2,8,1,13,1,324,1,2",168,11,[NULL]
11,"7,1,68,1,163,1,1",168,11,[NULL]
12,"3,1,771,1,0",168,11,[NULL]
13,"1,1,42,1,324,1,0",168,11,[NULL]
0,1482,169,10,[NULL]
1,1481,169,10,[NULL]
2,"3,1,1252",169,10,[NULL]
3,"7,1,1073",169,10,[NULL]
4,"793,1,2",169,10,[NULL]
5,"792,1,2",169,10,[NULL]
6,"791,1,2",169,10,[NULL]
7,"0,2,32,1,324,1,2",169,10,[NULL]
8,"846,1,1",169,10,[NULL]
9,"18,1,504,1,1",169,10,[NULL]
10,"18,1,523,1,0",169,10,[NULL]
11,"3,1,774,1,0",169,10,[NULL]
12,"1,1,847,1,0",169,10,[NULL]
0,1483,170,9,[NULL]
1,"18,1,803",170,9,[NULL]
2,"3,1,696,1,2",170,9,[NULL]
3,"2,2,18,1,368,1,2",170,9,[NULL]
4,"1,2,747,1,2",170,9,[NULL]
5,"0,2,18,1,446,1,2",170,9,[NULL]
6,"847,1,1",170,9,[NULL]
7,"13,2,324,1,1",170,9,[NULL]
8,"18,1,524,1,0",170,9,[NULL]
9,"7,1,676,1,0",170,9,[NULL]
10,"3,1,776,1,0",170,9,[NULL]
0,"7,1,1074",171,8,[NULL]
1,"33,1,324,1,3",171,8,[NULL]
2,"794,1,2",171,8,[NULL]
3,"1,1,33,1,324,1,2",171,8,[NULL]
4,"1,1,18,1,446,1,2",171,8,[NULL]
5,"1,2,749,1,2",171,8,[NULL]
6,"848,1,1",171,8,[NULL]
7,"18,1,525,1,0",171,8,[NULL]
0,1484,172,7,[NULL]
1,"36,1,324,1,2",172,7,[NULL]
2,"3,1,699,1,2",172,7,[NULL]
3,"1,1,34,1,324,1,2",172,7,[NULL]
4,"6,1,18,1,324,1,1",172,7,[NULL]
5,"3,1,749,1,1",172,7,[NULL]
6,"1,1,18,1,506,1,0",172,7,[NULL]
0,"18,1,324,1,8",173,6,[NULL]
1,"1,1,35,1,324,1,2",173,6,[NULL]
2,"1,2,751,1,2",173,6,[NULL]
3,"18,1,506,1,1",173,6,[NULL]
4,"3,1,750,1,1",173,6,[NULL]
5,"8,1,18,1,324,1,0",173,6,[NULL]
6,"1,1,43,1,324,1,0",173,6,[NULL]
0,"18,1,324,1,9",174,5,[NULL]
1,"37,1,324,1,2",174,5,[NULL]
2,"1,2,3,1,18,1,324,1,2",174,5,[NULL]
3,"43,1,324,1,1",174,5,[NULL]
4,"3,1,751,1,1",174,5,[NULL]
5,"1,1,849,1,0",174,5,[NULL]
0,"38,1,324,1,2",175,4,[NULL]
1,"849,1,1",175,4,[NULL]
2,"3,2,18,1,324,1,1",175,4,[NULL]
3,"1,1,850,1,0",175,4,[NULL]
0,"850,1,1",176,3,[NULL]
0,"870,1,0",121,59,[NULL]
0,"0,1,783,1,2",122,58,[NULL]
0,"851,1,1",124,56,[NULL]
0,"852,1,1",125,55,[NULL]
0,"0,2,8,1,578,1,2",126,54,[NULL]
0,"0,2,8,1,579,1,2",127,53,[NULL]
0,"0,2,635,1,8",132,48,[NULL]
0,"0,2,636,1,8",133,47,[NULL]
1,"5,1,635,1,2",133,47,[NULL]
0,"8,1,635,1,1",134,46,[NULL]
0,"0,1,685,1,6",135,45,[NULL]
1,"8,1,636,1,1",135,45,[NULL]
0,"0,2,8,2,402,1,2",136,44,[NULL]
1,"871,1,0",136,44,[NULL]
0,"0,2,8,2,403,1,2",137,43,[NULL]
0,"872,1,0",138,42,[NULL]
0,"8,2,16,1,225,1,1",139,41,[NULL]
0,"8,1,595,1,2",140,40,[NULL]
1,"1,1,59,1,224,1,2",140,40,[NULL]
0,"17,1,488,1,2",141,39,[NULL]
0,"725,1,5",142,38,[NULL]
1,"8,1,596,1,2",142,38,[NULL]
0,"8,1,597,1,2",143,37,[NULL]
1,"0,3,759,1,2",143,37,[NULL]
0,"8,3,257,1,2",144,36,[NULL]
1,"64,1,237,1,1",144,36,[NULL]
0,"8,2,17,1,206,1,2",145,35,[NULL]
1,"64,1,238,1,1",145,35,[NULL]
2,"0,1,8,1,623,1,1",145,35,[NULL]
0,"16,1,491,1,2",146,34,[NULL]
1,"8,3,258,1,2",146,34,[NULL]
2,"64,1,244,1,0",146,34,[NULL]
3,"8,2,491,1,0",146,34,[NULL]
0,"17,1,491,1,2",147,33,[NULL]
1,"8,3,259,1,2",147,33,[NULL]
0,"8,4,180,1,2",148,32,[NULL]
0,"796,1,2",149,31,[NULL]
1,"795,1,2",149,31,[NULL]
2,"8,3,9,1,167,1,2",149,31,[NULL]
3,"59,1,260,1,0",149,31,[NULL]
0,"8,1,64,1,149,1,2",150,30,[NULL]
1,"8,2,9,1,248,1,2",150,30,[NULL]
2,"8,3,260,1,2",150,30,[NULL]
0,1485,151,29,[NULL]
1,"0,1,642,1,8",151,29,[NULL]
2,"8,1,598,1,2",151,29,[NULL]
3,"8,1,16,1,292,1,2",151,29,[NULL]
4,"8,1,9,1,13,1,219,1,2",151,29,[NULL]
0,1486,152,28,[NULL]
1,"13,4,32,1,42",152,28,[NULL]
2,"654,1,8",152,28,[NULL]
3,"9,1,13,2,194,1,2",152,28,[NULL]
4,"8,1,599,1,2",152,28,[NULL]
5,"8,1,17,1,292,1,2",152,28,[NULL]
0,"13,2,167,1,28",153,27,[NULL]
1,"642,1,10",153,27,[NULL]
2,"0,3,627,1,8",153,27,[NULL]
3,"8,1,602,1,2",153,27,[NULL]
4,"8,2,420,1,2",153,27,[NULL]
5,"13,3,23,1,80,1,1",153,27,[NULL]
6,"5,1,64,1,187,1,0",153,27,[NULL]
0,"0,1,1452",154,26,[NULL]
1,"0,1,644,1,8",154,26,[NULL]
2,"64,1,187,1,6",154,26,[NULL]
3,"8,1,13,1,346,1,2",154,26,[NULL]
4,"8,2,16,1,209,1,2",154,26,[NULL]
5,"13,2,346,1,0",154,26,[NULL]
0,"585,1,18",155,25,[NULL]
1,"64,1,188,1,6",155,25,[NULL]
2,"13,2,292,1,2",155,25,[NULL]
3,"8,2,17,1,209,1,2",155,25,[NULL]
4,"853,1,1",155,25,[NULL]
5,"0,1,8,1,627,1,1",155,25,[NULL]
0,"13,1,167,1,79",156,24,[NULL]
1,"13,3,133,1,14",156,24,[NULL]
2,"797,1,2",156,24,[NULL]
3,"8,3,261,1,2",156,24,[NULL]
4,"1,1,779,1,2",156,24,[NULL]
5,"855,1,1",156,24,[NULL]
6,"0,1,832,1,1",156,24,[NULL]
7,"8,1,655,1,0",156,24,[NULL]
8,"1,1,856,1,0",156,24,[NULL]
0,1487,157,23,[NULL]
1,"357,1,51",157,23,[NULL]
2,"13,3,134,1,14",157,23,[NULL]
3,"8,2,423,1,2",157,23,[NULL]
4,"0,3,64,1,209,1,2",157,23,[NULL]
5,"856,1,1",157,23,[NULL]
6,"13,2,328,1,1",157,23,[NULL]
7,"875,1,0",157,23,[NULL]
0,"266,1,84",158,22,[NULL]
1,"23,1,188,1,42",158,22,[NULL]
2,"8,1,13,2,209,1,2",158,22,[NULL]
3,"0,2,17,1,475,1,2",158,22,[NULL]
4,"13,1,581,1,1",158,22,[NULL]
5,"876,1,0",158,22,[NULL]
6,"64,1,250,1,0",158,22,[NULL]
7,"13,3,209,1,0",158,22,[NULL]
0,1488,159,21,[NULL]
1,"13,2,294,1,2",159,21,[NULL]
2,"80,1,212,1,1",159,21,[NULL]
3,"7,1,655,1,1",159,21,[NULL]
4,"877,1,0",159,21,[NULL]
5,"13,2,67,1,75,1,0",159,21,[NULL]
6,"1,1,857,1,0",159,21,[NULL]
0,1489,160,20,[NULL]
1,"13,1,32,1,355",160,20,[NULL]
2,"72,1,209,1,2",160,20,[NULL]
3,"13,3,181,1,2",160,20,[NULL]
4,"857,1,1",160,20,[NULL]
5,"8,1,17,1,333,1,1",160,20,[NULL]
6,"89,1,209,1,0",160,20,[NULL]
7,"2,1,822,1,0",160,20,[NULL]
8,"1,1,64,1,239,1,0",160,20,[NULL]
0,1490,161,19,[NULL]
1,"23,1,190,1,42",161,19,[NULL]
2,"604,1,17",161,19,[NULL]
3,"618,1,14",161,19,[NULL]
4,"798,1,2",161,19,[NULL]
5,"13,2,331,1,1",161,19,[NULL]
6,"0,1,836,1,1",161,19,[NULL]
7,"879,1,0",161,19,[NULL]
0,"0,1,1457",162,18,[NULL]
1,"267,1,86",162,18,[NULL]
2,"0,1,324,1,57",162,18,[NULL]
3,"619,1,14",162,18,[NULL]
4,"13,2,332,1,1",162,18,[NULL]
5,"0,1,838,1,1",162,18,[NULL]
6,"880,1,0",162,18,[NULL]
0,1492,163,17,[NULL]
1,1491,163,17,[NULL]
2,"0,1,1460",163,17,[NULL]
3,"107,1,274",163,17,[NULL]
4,"620,1,14",163,17,[NULL]
5,"3,1,707,1,2",163,17,[NULL]
6,"1,1,781,1,2",163,17,[NULL]
7,"881,1,0",163,17,[NULL]
8,"1,2,825,1,0",163,17,[NULL]
0,1493,164,16,[NULL]
1,"0,1,1461",164,16,[NULL]
2,"43,1,533",164,16,[NULL]
3,"90,1,301",164,16,[NULL]
4,"107,1,275",164,16,[NULL]
5,"13,1,373,1,14",164,16,[NULL]
6,"766,1,4",164,16,[NULL]
7,"1,1,3,1,680,1,2",164,16,[NULL]
8,"0,1,841,1,1",164,16,[NULL]
9,"2,1,824,1,0",164,16,[NULL]
0,1495,165,15,[NULL]
1,1494,165,15,[NULL]
2,"3,1,1266",165,15,[NULL]
3,"3,1,1265",165,15,[NULL]
4,"36,1,589",165,15,[NULL]
5,"67,1,379",165,15,[NULL]
6,"213,1,120",165,15,[NULL]
7,"13,1,376,1,14",165,15,[NULL]
8,"31,1,324,1,4",165,15,[NULL]
9,"799,1,2",165,15,[NULL]
10,"3,1,709,1,2",165,15,[NULL]
11,"0,1,843,1,1",165,15,[NULL]
12,"0,1,18,1,502,1,1",165,15,[NULL]
13,"92,1,209,1,0",165,15,[NULL]
0,1496,166,14,[NULL]
1,"0,1,1467",166,14,[NULL]
2,"1,1,1442",166,14,[NULL]
3,"3,1,1270",166,14,[NULL]
4,"3,1,1268",166,14,[NULL]
5,"36,1,590",166,14,[NULL]
6,"3,1,174,1,123",166,14,[NULL]
7,"521,1,28",166,14,[NULL]
8,"2,1,732,1,3",166,14,[NULL]
9,"800,1,2",166,14,[NULL]
10,"18,1,475,1,2",166,14,[NULL]
11,"0,1,787,1,2",166,14,[NULL]
12,"0,1,8,1,16,1,324,1,1",166,14,[NULL]
13,"882,1,0",166,14,[NULL]
14,"8,1,18,1,333,1,0",166,14,[NULL]
15,"1,2,826,1,0",166,14,[NULL]
0,1497,167,13,[NULL]
1,"2,1,1388",167,13,[NULL]
2,"3,1,1273",167,13,[NULL]
3,"445,1,42",167,13,[NULL]
4,"3,1,352,1,41",167,13,[NULL]
5,"523,1,28",167,13,[NULL]
6,"2,1,734,1,3",167,13,[NULL]
7,"801,1,2",167,13,[NULL]
8,"40,1,69,2,2",167,13,[NULL]
9,"39,1,324,1,2",167,13,[NULL]
10,"13,1,69,1,134,1,2",167,13,[NULL]
11,"0,1,788,1,2",167,13,[NULL]
12,"859,1,1",167,13,[NULL]
13,"858,1,1",167,13,[NULL]
14,"43,1,333,1,1",167,13,[NULL]
15,"8,1,19,1,324,1,0",167,13,[NULL]
16,"1,1,860,1,0",167,13,[NULL]
0,1498,168,12,[NULL]
1,"3,1,1276",168,12,[NULL]
2,"3,1,1275",168,12,[NULL]
3,"68,1,380",168,12,[NULL]
4,"352,1,53",168,12,[NULL]
5,"445,1,43",168,12,[NULL]
6,"40,1,324,1,2",168,12,[NULL]
7,"3,1,712,1,2",168,12,[NULL]
8,"0,1,790,1,2",168,12,[NULL]
9,"0,1,789,1,2",168,12,[NULL]
10,"0,1,2,1,746,1,2",168,12,[NULL]
11,"861,1,1",168,12,[NULL]
12,"860,1,1",168,12,[NULL]
13,"3,1,755,1,1",168,12,[NULL]
14,"43,1,352,1,0",168,12,[NULL]
0,"3,1,1279",169,11,[NULL]
1,"69,1,378",169,11,[NULL]
2,"92,1,301",169,11,[NULL]
3,"163,1,176",169,11,[NULL]
4,"2,2,18,1,376,1,2",169,11,[NULL]
5,"0,1,793,1,2",169,11,[NULL]
6,"0,1,791,1,2",169,11,[NULL]
7,"3,1,757,1,1",169,11,[NULL]
8,"3,1,756,1,1",169,11,[NULL]
9,"884,1,0",169,11,[NULL]
0,"0,1,1483",170,10,[NULL]
1,"3,1,1280",170,10,[NULL]
2,"35,1,638",170,10,[NULL]
3,"18,1,479,1,2",170,10,[NULL]
4,"1,1,782,1,2",170,10,[NULL]
5,"2,1,802,1,1",170,10,[NULL]
6,"0,1,847,1,1",170,10,[NULL]
0,1499,171,9,[NULL]
1,"18,1,815",171,9,[NULL]
2,"38,1,593",171,9,[NULL]
3,"69,1,379",171,9,[NULL]
4,"526,1,28",171,9,[NULL]
5,"660,1,8",171,9,[NULL]
6,"802,1,2",171,9,[NULL]
7,"9,1,13,1,324,1,2",171,9,[NULL]
0,1503,172,8,[NULL]
1,1502,172,8,[NULL]
2,1501,172,8,[NULL]
3,1500,172,8,[NULL]
4,"43,1,540",172,8,[NULL]
5,"324,1,58",172,8,[NULL]
6,"0,1,36,1,324,1,2",172,8,[NULL]
7,"885,1,0",172,8,[NULL]
0,"324,1,60",173,7,[NULL]
1,"324,1,59",173,7,[NULL]
2,"0,1,18,1,324,1,8",173,7,[NULL]
3,"3,1,18,1,378,1,2",173,7,[NULL]
4,"0,1,18,1,506,1,1",173,7,[NULL]
0,"1,1,4,1,18,1,324,1,2",174,6,[NULL]
1,"0,1,37,1,324,1,2",174,6,[NULL]
2,"0,1,43,1,324,1,1",174,6,[NULL]
0,"18,1,324,1,10",175,5,[NULL]
1,"0,1,849,1,1",175,5,[NULL]
0,"0,1,850,1,1",176,4,[NULL]
